Time_Seconds,Lane_ID,Phase_ID,Density_Phi,Pressure_W
25,32Nvl_L3_NS,NONE,0.008,0.0
25,32Nvl_L2_NS,32NVL_NS,0.008,0.008
25,32Nvl_L1_NS,32NVL_NS,0.007,0.007
35,304Nvl_L1_NS,304NVL_NS,0.009,0.004
35,304Nvl_L3_NS,NONE,0.007,0.0
35,32Nvl_L1_NS,32NVL_NS,0.007,0.001
35,304Nvl_L2_NS,304NVL_NS,0.008,0.008
40,32Nvl_L3_NS,NONE,0.008,0.0
40,32Nvl_L2_NS,32NVL_NS,0.008,0.008
40,32Nvl_L1_NS,32NVL_NS,0.007,0.007
45,304Nvl_L1_NS,304NVL_NS,0.009,0.009
45,304Nvl_L3_NS,NONE,0.007,0.0
45,304Nvl_L1_EW,304NVL_EW,0.008,0.008
45,32Mt_L1_NS,NONE,0.01,0.0
45,304Nvl_L2_NS,304NVL_NS,0.008,0.008
45,32Mt_L2_NS,NONE,0.009,0.0
50,304Nvl_L1_EW,304NVL_EW,0.008,0.008
55,304Nvl_L1_NS,NONE,0.007,0.0
55,32Mt_L1_NS,NONE,0.01,0.0
60,304Nvl_L1_EW,304NVL_EW,0.008,0.008
60,304Nvl_L2_EW,304NVL_EW,0.007,0.007
60,304Nvl_L1_NS,NONE,0.007,0.0
60,304Nvl_L3_NS,NONE,0.008,0.0
60,32Nvl_L3_NS,NONE,0.008,0.0
60,32Nvl_L2_NS,32NVL_NS,0.008,0.008
60,NvcNvl_L3_NS,NONE,0.007,0.0
60,NvcNvl_L2_NS,NONE,0.007,0.0
60,NvcNvl_L1_EW,NVCNVL_EW,0.007,0.007
60,NvcNvl_L2_EW,NVCNVL_EW,0.008,0.008
60,304Nvl_L3_EW,NONE,0.006,0.0
60,304Nvl_L2_NS,NONE,0.007,0.0
60,32Nvl_L1_NS,32NVL_NS,0.007,0.007
60,NvcNvl_L1_NS,NONE,0.009,0.0
60,NvcNvl_L3_EW,NONE,0.009,0.0
65,32Nvl_L3_NS,NONE,0.008,0.0
65,32Nvl_L2_NS,32NVL_NS,0.008,0.008
65,32Nvl_L1_NS,32NVL_NS,0.007,0.007
70,304Nvl_L1_NS,NONE,0.007,0.0
70,32Nvl_L3_NS,NONE,0.008,0.0
70,32Nvl_L2_NS,32NVL_NS,0.008,0.008
70,NvcNvl_L1_EW,NVCNVL_EW,0.007,0.007
70,NvcCmt8_L2_EW,NVCCMT8_EW,0.005,0.005
70,32Nvl_L1_NS,32NVL_NS,0.007,0.007
70,NvcCmt8_L1_EW,NVCCMT8_EW,0.008,0.008
75,32Nvl_L3_NS,NONE,0.008,0.0
75,32Nvl_L2_NS,32NVL_NS,0.008,0.008
75,32Mt_L1_NS,NONE,0.049,0.0
75,32Nvl_L1_NS,32NVL_NS,0.007,0.007
75,32Mt_L2_NS,NONE,0.043,0.0
80,32Nvl_L3_NS,NONE,0.007,0.0
80,32Nvl_L1_NS,32NVL_NS,0.007,0.007
80,32Nvl_L3_NS,NONE,0.008,0.0
80,32Nvl_L2_NS,32NVL_NS,0.008,0.008
80,32Mt_L1_EW,NONE,0.036,0.0
80,32Nvl_L2_NS,32NVL_NS,0.007,0.007
80,32Nvl_L1_NS,32NVL_NS,0.007,0.007
85,32Nvl_L1_NS,32NVL_NS,0.007,0.007
85,32Nvl_L3_NS,NONE,0.008,0.0
85,32Nvl_L2_NS,32NVL_NS,0.008,0.008
85,32Mt_L1_EW,32MT_EW,0.007,0.007
85,32Nvl_L2_NS,32NVL_NS,0.007,0.007
85,32Nvl_L1_NS,32NVL_NS,0.007,0.007
85,32Mt_L2_EW,32MT_EW,0.005,0.005
90,32Nvl_L1_NS,32NVL_NS,0.007,0.007
90,32Nvl_L3_NS,NONE,0.008,0.0
90,32Nvl_L2_NS,32NVL_NS,0.008,0.008
90,NvcCmt8_L2_EW,NONE,0.007,0.0
90,32Nvl_L2_NS,32NVL_NS,0.007,0.007
90,32Nvl_L1_NS,32NVL_NS,0.007,0.007
90,NvcCmt8_L1_EW,NONE,0.006,0.0
95,32Nvl_L3_NS,NONE,0.007,0.0
95,32Nvl_L1_NS,32NVL_NS,0.014,0.014
95,32Nvl_L3_NS,NONE,0.008,0.0
95,32Nvl_L2_NS,32NVL_NS,0.008,0.008
95,32Mt_L1_NS,NONE,0.01,0.0
95,32Nvl_L2_NS,32NVL_NS,0.013,0.013
95,32Nvl_L1_NS,32NVL_NS,0.007,0.007
95,32Mt_L2_NS,NONE,0.009,0.0
100,32Nvl_L3_NS,NONE,0.007,0.0
100,32Nvl_L1_NS,32NVL_NS,0.014,0.014
100,32Nvl_L3_NS,NONE,0.017,0.0
100,32Nvl_L2_NS,32NVL_NS,0.016,0.016
100,32Nvl_L2_NS,32NVL_NS,0.013,0.013
100,32Nvl_L1_NS,32NVL_NS,0.013,0.013
105,304Nvl_L1_NS,304NVL_NS,0.009,-0.001
105,304Nvl_L3_NS,NONE,0.007,0.0
105,32Nvl_L3_NS,NONE,0.007,0.0
105,32Nvl_L1_NS,32NVL_NS,0.014,0.008
105,32Nvl_L3_NS,NONE,0.017,0.0
105,32Nvl_L2_NS,32NVL_NS,0.016,0.01
105,NvcNvl_L3_NS,NONE,0.007,0.0
105,NvcNvl_L2_NS,NONE,0.007,0.0
105,32Mt_L1_EW,NONE,0.007,0.0
105,304Nvl_L2_NS,304NVL_NS,0.008,-0.003
105,32Nvl_L2_NS,32NVL_NS,0.013,0.008
105,32Nvl_L1_NS,32NVL_NS,0.013,0.007
105,NvcNvl_L1_NS,NONE,0.009,0.0
110,304Nvl_L1_NS,304NVL_NS,0.009,-0.001
110,304Nvl_L3_NS,NONE,0.007,0.0
110,32Nvl_L3_NS,NONE,0.007,0.0
110,32Nvl_L1_NS,32NVL_NS,0.014,0.008
110,32Nvl_L3_NS,NONE,0.025,0.0
110,32Nvl_L2_NS,32NVL_NS,0.024,0.018
110,304Nvl_L2_NS,304NVL_NS,0.008,-0.009
110,32Nvl_L2_NS,32NVL_NS,0.013,0.008
110,32Nvl_L1_NS,32NVL_NS,0.02,0.014
115,304Nvl_L1_NS,304NVL_NS,0.009,0.009
115,304Nvl_L3_NS,NONE,0.007,0.0
115,32Nvl_L3_NS,NONE,0.017,0.0
115,32Nvl_L2_NS,32NVL_NS,0.016,0.01
115,NvcCmt8_L2_EW,NVCCMT8_EW,0.005,0.005
115,304Nvl_L2_NS,304NVL_NS,0.008,-0.003
115,32Nvl_L1_NS,32NVL_NS,0.013,0.007
115,NvcCmt8_L1_EW,NVCCMT8_EW,0.008,0.008
120,304Nvl_L1_NS,304NVL_NS,0.009,0.009
120,32Nvl_L3_NS,NONE,0.008,0.0
120,32Nvl_L2_NS,32NVL_NS,0.008,0.003
120,32Mt_L1_NS,NONE,0.02,0.0
120,NvcCmt8_L2_EW,NVCCMT8_EW,0.005,0.005
120,304Nvl_L2_NS,304NVL_NS,0.008,0.002
120,32Nvl_L1_NS,32NVL_NS,0.013,0.007
120,32Mt_L2_NS,NONE,0.017,0.0
120,NvcCmt8_L1_EW,NVCCMT8_EW,0.008,0.008
125,NvcNvl_L3_NS,NONE,0.007,0.0
125,NvcNvl_L2_NS,NONE,0.007,0.0
125,32Mt_L1_NS,NONE,0.01,0.0
125,NvcCmt8_L2_EW,NVCCMT8_EW,0.005,0.005
125,32Nvl_L1_NS,32NVL_NS,0.013,0.013
125,NvcNvl_L1_NS,NONE,0.009,0.0
125,NvcCmt8_L1_EW,NVCCMT8_EW,0.008,0.008
130,304Nvl_L1_EW,304NVL_EW,0.008,0.008
130,304Nvl_L2_EW,304NVL_EW,0.007,0.007
130,32Nvl_L1_NS,32NVL_NS,0.007,0.007
130,32Mt_L1_EW,32MT_EW,0.035,0.035
130,32Mt_L1_NS,NONE,0.01,0.0
130,304Nvl_L3_EW,NONE,0.006,0.0
130,32Nvl_L1_NS,32NVL_NS,0.007,0.007
130,32Mt_L2_EW,32MT_EW,0.027,0.027
135,304Nvl_L1_EW,304NVL_EW,0.008,0.008
135,304Nvl_L2_EW,304NVL_EW,0.007,0.007
135,304Nvl_L1_NS,NONE,0.007,0.0
135,32Nvl_L1_NS,32NVL_NS,0.014,0.014
135,32Nvl_L3_NS,NONE,0.008,0.0
135,32Nvl_L2_NS,32NVL_NS,0.008,0.008
135,NvcNvl_L3_NS,NONE,0.007,0.0
135,NvcNvl_L2_NS,NONE,0.007,0.0
135,32Mt_L1_EW,32MT_EW,0.035,0.035
135,304Nvl_L3_EW,NONE,0.006,0.0
135,32Nvl_L1_NS,32NVL_NS,0.007,0.007
135,NvcNvl_L1_NS,NONE,0.009,0.0
135,32Mt_L2_EW,32MT_EW,0.027,0.027
135,NvcCmt8_L1_EW,NONE,0.006,0.0
140,304Nvl_L1_EW,304NVL_EW,0.008,0.008
140,304Nvl_L2_EW,304NVL_EW,0.007,0.007
140,304Nvl_L1_NS,NONE,0.007,0.0
140,32Nvl_L1_NS,32NVL_NS,0.007,0.007
140,32Nvl_L3_NS,NONE,0.008,0.0
140,32Nvl_L2_NS,32NVL_NS,0.008,0.008
140,32Mt_L1_EW,32MT_EW,0.035,0.035
140,304Nvl_L3_EW,NONE,0.006,0.0
140,32Nvl_L1_NS,32NVL_NS,0.007,0.007
140,32Mt_L2_EW,32MT_EW,0.027,0.027
145,304Nvl_L1_EW,304NVL_EW,0.025,0.025
145,304Nvl_L2_EW,304NVL_EW,0.022,0.022
145,32Nvl_L1_EW,32NVL_EW,0.007,-0.018
145,32Mt_L1_EW,32MT_EW,0.035,0.035
145,304Nvl_L3_EW,NONE,0.019,0.0
145,32Mt_L2_EW,32MT_EW,0.027,0.027
150,304Nvl_L1_EW,304NVL_EW,0.025,0.025
150,304Nvl_L2_EW,304NVL_EW,0.022,0.022
150,NvcNvl_L3_NS,NONE,0.007,0.0
150,NvcNvl_L2_NS,NONE,0.007,0.0
150,32Mt_L1_EW,32MT_EW,0.035,0.035
150,32Thn_L1_EW,32THN_EW,0.096,0.096
150,32Thn_L2_EW,32THN_EW,0.1,0.1
150,32Thn_L3_EW,NONE,0.098,0.0
150,304Nvl_L3_EW,NONE,0.019,0.0
150,NvcNvl_L1_NS,NONE,0.009,0.0
150,32Mt_L2_EW,32MT_EW,0.027,0.027
155,304Nvl_L1_EW,304NVL_EW,0.017,0.017
155,304Nvl_L2_EW,304NVL_EW,0.015,0.015
155,32Mt_L1_EW,32MT_EW,0.035,0.035
155,32Mt_L1_NS,NONE,0.049,0.0
155,32Thn_L1_EW,32THN_EW,0.096,0.096
155,32Thn_L2_EW,32THN_EW,0.1,0.1
155,32Thn_L3_EW,NONE,0.098,0.0
155,304Nvl_L3_EW,NONE,0.013,0.0
155,32Mt_L2_EW,32MT_EW,0.027,0.027
155,32Mt_L2_NS,NONE,0.043,0.0
160,304Nvl_L1_NS,304NVL_NS,0.009,0.009
160,304Nvl_L1_EW,304NVL_EW,0.017,0.017
160,304Nvl_L2_EW,304NVL_EW,0.015,0.015
160,304Nvl_L1_NS,NONE,0.007,0.0
160,304Nvl_L3_NS,NONE,0.008,0.0
160,32Mt_L1_EW,32MT_EW,0.035,0.035
160,32Mt_L1_NS,NONE,0.049,0.0
160,NvcMt_L1_EW,NVCMT_EW,0.032,0.032
160,32Thn_L1_EW,32THN_EW,0.096,0.096
160,32Thn_L2_EW,32THN_EW,0.1,0.1
160,32Thn_L3_EW,NONE,0.098,0.0
160,304Nvl_L3_EW,NONE,0.013,0.0
160,304Nvl_L2_NS,NONE,0.007,0.0
160,32Mt_L2_EW,32MT_EW,0.027,0.027
160,32Mt_L2_NS,NONE,0.043,0.0
160,NvcMt_L2_EW,NVCMT_EW,0.04,0.04
165,304Nvl_L1_NS,304NVL_NS,0.009,0.009
165,304Nvl_L1_EW,304NVL_EW,0.017,0.017
165,304Nvl_L2_EW,304NVL_EW,0.015,0.015
165,304Nvl_L1_NS,NONE,0.007,0.0
165,32Mt_L1_EW,32MT_EW,0.035,0.035
165,NvcMt_L1_EW,NVCMT_EW,0.032,0.032
165,32Thn_L1_EW,32THN_EW,0.096,0.096
165,32Thn_L2_EW,32THN_EW,0.1,0.1
165,32Thn_L3_EW,NONE,0.098,0.0
165,304Nvl_L2_NS,304NVL_NS,0.008,0.008
165,304Nvl_L3_EW,NONE,0.013,0.0
165,304Nvl_L2_NS,NONE,0.007,0.0
165,32Mt_L2_EW,32MT_EW,0.027,0.027
165,NvcMt_L2_EW,NVCMT_EW,0.04,0.04
170,304Nvl_L1_EW,304NVL_EW,0.017,0.017
170,304Nvl_L2_EW,304NVL_EW,0.015,0.015
170,304Nvl_L1_NS,NONE,0.007,0.0
170,304Nvl_L3_NS,NONE,0.008,0.0
170,32Nvl_L1_NS,32NVL_NS,0.007,0.007
170,32Mt_L1_EW,NONE,0.043,0.0
170,32Mt_L3_EW,NONE,0.009,0.0
170,32Mt_L1_EW,32MT_EW,0.035,0.035
170,NvcMt_L1_EW,NVCMT_EW,0.032,0.032
170,NvcMt_L2_EW,NVCMT_EW,0.003,0.003
170,32Thn_L1_EW,32THN_EW,0.096,0.096
170,32Thn_L2_EW,32THN_EW,0.1,0.1
170,304Nvl_L3_EW,NONE,0.013,0.0
170,304Nvl_L2_NS,NONE,0.007,0.0
170,32Nvl_L2_NS,32NVL_NS,0.007,0.007
170,32Mt_L2_EW,NONE,0.008,0.0
170,32Mt_L2_EW,32MT_EW,0.027,0.027
170,NvcMt_L2_EW,NVCMT_EW,0.04,0.04
170,NvcMt_L1_EW,NVCMT_EW,0.006,0.006
175,304Nvl_L1_EW,304NVL_EW,0.008,0.008
175,32Nvl_L1_NS,32NVL_NS,0.007,0.007
175,32Nvl_L3_NS,NONE,0.008,0.0
175,32Nvl_L2_NS,32NVL_NS,0.008,0.008
175,NvcNvl_L1_EW,NONE,0.011,0.0
175,NvcNvl_L2_EW,NONE,0.008,0.0
175,NvcNvl_L1_EW,NVCNVL_EW,0.007,-0.015
175,NvcNvl_L2_EW,NVCNVL_EW,0.008,0.008
175,32Mt_L1_NS,NONE,0.049,0.0
175,NvcMt_L1_EW,NVCMT_EW,0.032,0.027
175,32Thn_L1_EW,NONE,0.116,0.0
175,32Nvl_L2_NS,32NVL_NS,0.007,0.007
175,32Nvl_L1_NS,32NVL_NS,0.007,0.007
175,NvcNvl_L3_EW,NONE,0.006,0.0
175,NvcNvl_L3_EW,NONE,0.009,0.0
175,NvcMt_L2_EW,NVCMT_EW,0.04,0.034
180,304Nvl_L1_EW,304NVL_EW,0.008,0.008
180,304Nvl_L1_NS,NONE,0.007,0.0
180,32Nvl_L1_NS,32NVL_NS,0.007,0.007
180,32Nvl_L3_NS,NONE,0.008,0.0
180,32Nvl_L2_NS,32NVL_NS,0.008,0.008
180,32Mt_L1_EW,32MT_EW,0.035,0.035
180,32Thn_L1_EW,NONE,0.116,0.0
180,32Nvl_L2_NS,32NVL_NS,0.007,0.007
180,32Nvl_L1_NS,32NVL_NS,0.007,0.007
180,32Mt_L2_EW,32MT_EW,0.027,0.027
185,304Nvl_L1_EW,304NVL_EW,0.008,0.008
185,32Nvl_L1_NS,32NVL_NS,0.007,0.007
185,32Nvl_L3_NS,NONE,0.008,0.0
185,32Nvl_L2_NS,32NVL_NS,0.008,0.008
185,NvcNvl_L3_NS,NONE,0.007,0.0
185,NvcNvl_L2_NS,NONE,0.007,0.0
185,32Mt_L1_EW,32MT_EW,0.042,0.042
185,32Nvl_L2_NS,32NVL_NS,0.007,0.007
185,32Nvl_L1_NS,32NVL_NS,0.007,0.007
185,NvcNvl_L1_NS,NONE,0.009,0.0
185,32Mt_L2_EW,32MT_EW,0.033,0.033
190,32Nvl_L1_NS,32NVL_NS,0.007,0.007
190,32Nvl_L3_NS,NONE,0.008,0.0
190,32Nvl_L2_NS,32NVL_NS,0.008,0.008
190,NvcNvl_L3_NS,NONE,0.007,0.0
190,NvcNvl_L2_NS,NONE,0.007,0.0
190,NvcNvl_L1_EW,NVCNVL_EW,0.007,0.007
190,32Nvl_L2_NS,32NVL_NS,0.007,0.007
190,32Nvl_L1_NS,32NVL_NS,0.007,0.007
190,NvcNvl_L1_NS,NONE,0.009,0.0
195,304Nvl_L1_EW,304NVL_EW,0.008,0.008
195,304Nvl_L2_EW,304NVL_EW,0.007,0.007
195,32Nvl_L1_NS,32NVL_NS,0.007,0.007
195,32Nvl_L1_EW,32NVL_EW,0.035,0.035
195,32Nvl_L2_EW,32NVL_EW,0.039,0.039
195,32Nvl_L3_NS,NONE,0.008,0.0
195,32Nvl_L2_NS,32NVL_NS,0.008,0.008
195,32Mt_L1_NS,32MT_NS,0.006,0.006
195,32Mt_L1_EW,NONE,0.036,0.0
195,32Thn_L1_EW,NONE,0.01,0.0
195,32Thn_L2_EW,NONE,0.01,0.0
195,32Thn_L3_EW,NONE,0.007,0.0
195,304Nvl_L3_EW,NONE,0.006,0.0
195,32Nvl_L2_NS,32NVL_NS,0.007,0.007
195,32Nvl_L3_EW,NONE,0.031,0.0
195,32Nvl_L1_NS,32NVL_NS,0.007,0.007
200,304Nvl_L1_NS,NONE,0.007,0.0
200,32Nvl_L1_NS,32NVL_NS,0.007,0.007
200,32Nvl_L3_NS,NONE,0.025,0.0
200,32Nvl_L2_NS,32NVL_NS,0.024,0.024
200,32Thn_L1_EW,32THN_EW,0.008,0.008
200,32Nvl_L2_NS,32NVL_NS,0.007,0.007
200,32Nvl_L1_NS,32NVL_NS,0.02,0.02
205,32Nvl_L3_NS,NONE,0.007,0.0
205,32Nvl_L1_NS,32NVL_NS,0.014,0.014
205,32Nvl_L1_EW,32NVL_EW,0.007,0.007
205,32Nvl_L2_EW,32NVL_EW,0.008,0.008
205,32Nvl_L3_NS,NONE,0.025,0.0
205,32Nvl_L2_NS,32NVL_NS,0.024,0.024
205,32Nvl_L2_NS,32NVL_NS,0.013,0.013
205,32Nvl_L3_EW,NONE,0.006,0.0
205,32Nvl_L1_NS,32NVL_NS,0.054,0.054
210,32Nvl_L3_NS,NONE,0.007,0.0
210,32Nvl_L1_NS,32NVL_NS,0.014,0.014
210,32Nvl_L3_NS,NONE,0.025,0.0
210,32Nvl_L2_NS,32NVL_NS,0.024,0.024
210,32Nvl_L2_NS,32NVL_NS,0.013,0.013
210,32Nvl_L1_NS,32NVL_NS,0.06,0.06
215,32Nvl_L3_NS,NONE,0.007,0.0
215,32Nvl_L1_NS,32NVL_NS,0.014,0.014
215,32Nvl_L1_EW,32NVL_EW,0.007,0.007
215,32Nvl_L2_EW,32NVL_EW,0.008,0.008
215,32Nvl_L3_NS,NONE,0.025,0.0
215,32Nvl_L2_NS,32NVL_NS,0.024,0.024
215,32Mt_L1_NS,NONE,0.01,0.0
215,NvcMt_L1_EW,NVCMT_EW,0.006,0.006
215,32Nvl_L2_NS,32NVL_NS,0.013,0.013
215,32Nvl_L3_EW,NONE,0.006,0.0
215,32Nvl_L1_NS,32NVL_NS,0.027,0.027
215,32Mt_L2_NS,NONE,0.009,0.0
215,NvcMt_L2_EW,NVCMT_EW,0.008,0.008
220,32Nvl_L3_NS,NONE,0.007,0.0
220,32Nvl_L1_NS,32NVL_NS,0.014,0.014
220,32Nvl_L3_NS,NONE,0.025,0.0
220,32Nvl_L2_NS,32NVL_NS,0.024,0.024
220,32Mt_L1_NS,NONE,0.01,0.0
220,32Nvl_L2_NS,32NVL_NS,0.013,0.013
220,32Nvl_L1_NS,32NVL_NS,0.027,0.027
225,304Nvl_L1_EW,304NVL_EW,0.008,0.008
225,304Nvl_L2_EW,304NVL_EW,0.007,0.007
225,32Nvl_L3_NS,NONE,0.014,0.0
225,32Nvl_L1_NS,32NVL_NS,0.021,0.021
225,32Nvl_L3_NS,NONE,0.025,0.0
225,32Nvl_L2_NS,32NVL_NS,0.024,0.024
225,32Mt_L1_EW,32MT_EW,0.007,0.007
225,32Mt_L1_NS,NONE,0.01,0.0
225,NvcMt_L2_EW,NVCMT_EW,0.003,0.003
225,304Nvl_L3_EW,NONE,0.006,0.0
225,32Nvl_L2_NS,32NVL_NS,0.02,0.02
225,32Nvl_L1_NS,32NVL_NS,0.027,0.027
225,32Mt_L2_EW,32MT_EW,0.005,0.005
225,32Mt_L2_NS,NONE,0.009,0.0
225,NvcMt_L1_EW,NVCMT_EW,0.006,0.006
230,304Nvl_L1_EW,304NVL_EW,0.017,0.017
230,304Nvl_L2_EW,304NVL_EW,0.015,0.015
230,32Nvl_L3_NS,NONE,0.008,0.0
230,32Nvl_L2_NS,32NVL_NS,0.008,0.008
230,NvcNvl_L1_EW,NVCNVL_EW,0.007,0.007
230,NvcNvl_L2_EW,NVCNVL_EW,0.008,0.006
230,32Mt_L1_EW,NONE,0.007,0.0
230,32Mt_L1_EW,32MT_EW,0.007,0.007
230,NvcMt_L2_NS,NONE,0.005,0.0
230,NvcMt_L2_EW,NVCMT_EW,0.003,-0.003
230,304Nvl_L3_EW,NONE,0.013,0.0
230,32Nvl_L1_NS,32NVL_NS,0.013,0.013
230,NvcNvl_L3_EW,NONE,0.009,0.0
230,32Mt_L2_EW,32MT_EW,0.005,0.005
230,NvcMt_L1_NS,NONE,0.005,0.0
230,NvcMt_L1_EW,NVCMT_EW,0.006,0.001
235,304Nvl_L1_EW,304NVL_EW,0.017,0.017
235,304Nvl_L2_EW,304NVL_EW,0.015,0.015
235,32Nvl_L3_NS,NONE,0.008,0.0
235,32Nvl_L2_NS,32NVL_NS,0.008,0.008
235,NvcNvl_L1_EW,NVCNVL_EW,0.007,0.007
235,NvcNvl_L2_EW,NVCNVL_EW,0.008,0.006
235,32Mt_L1_EW,32MT_EW,0.007,0.007
235,NvcMt_L2_EW,NVCMT_EW,0.003,-0.003
235,304Nvl_L3_EW,NONE,0.013,0.0
235,32Nvl_L1_NS,32NVL_NS,0.02,0.02
235,NvcNvl_L3_EW,NONE,0.009,0.0
235,32Mt_L2_EW,32MT_EW,0.005,0.005
235,NvcMt_L1_EW,NVCMT_EW,0.006,0.001
240,304Nvl_L1_EW,304NVL_EW,0.017,0.017
240,304Nvl_L2_EW,304NVL_EW,0.015,0.015
240,NvcNvl_L1_EW,NVCNVL_EW,0.007,0.007
240,NvcNvl_L2_EW,NVCNVL_EW,0.008,0.006
240,32Mt_L1_NS,32MT_NS,0.006,0.006
240,32Mt_L1_EW,32MT_EW,0.007,0.007
240,NvcMt_L2_EW,NVCMT_EW,0.003,-0.003
240,304Nvl_L3_EW,NONE,0.013,0.0
240,32Nvl_L1_NS,32NVL_NS,0.007,0.007
240,NvcNvl_L3_EW,NONE,0.009,0.0
240,32Mt_L2_NS,32MT_NS,0.006,0.006
240,32Mt_L2_EW,32MT_EW,0.005,0.005
240,NvcMt_L1_EW,NVCMT_EW,0.006,0.001
245,304Nvl_L1_EW,304NVL_EW,0.017,0.017
245,304Nvl_L2_EW,304NVL_EW,0.015,0.015
245,NvcNvl_L3_NS,NONE,0.041,0.0
245,NvcNvl_L2_NS,NONE,0.04,0.0
245,NvcNvl_L1_EW,NVCNVL_EW,0.007,0.007
245,NvcNvl_L2_EW,NVCNVL_EW,0.008,0.008
245,32Mt_L1_NS,32MT_NS,0.006,0.006
245,NvcMt_L2_NS,NONE,0.005,0.0
245,304Nvl_L3_EW,NONE,0.013,0.0
245,32Nvl_L1_NS,32NVL_NS,0.007,0.007
245,NvcNvl_L1_NS,NONE,0.052,0.0
245,NvcNvl_L3_EW,NONE,0.009,0.0
245,32Mt_L2_NS,32MT_NS,0.006,0.006
245,NvcMt_L1_NS,NONE,0.005,0.0
250,304Nvl_L1_EW,304NVL_EW,0.017,0.017
250,304Nvl_L2_EW,304NVL_EW,0.015,0.015
250,32Nvl_L1_EW,32NVL_EW,0.081,0.075
250,32Nvl_L2_EW,32NVL_EW,0.09,0.084
250,32Nvl_L3_NS,NONE,0.008,0.0
250,32Nvl_L2_NS,32NVL_NS,0.008,0.008
250,NvcNvl_L3_NS,NONE,0.034,0.0
250,NvcNvl_L2_NS,NONE,0.033,0.0
250,NvcNvl_L1_EW,NVCNVL_EW,0.007,0.007
250,NvcNvl_L2_EW,NVCNVL_EW,0.008,0.008
250,32Mt_L1_NS,32MT_NS,0.006,0.006
250,32Thn_L1_EW,32THN_EW,0.008,0.008
250,32Thn_L2_EW,32THN_EW,0.008,0.008
250,32Thn_L3_EW,NONE,0.008,0.0
250,304Nvl_L3_EW,NONE,0.013,0.0
250,32Nvl_L3_EW,NONE,0.074,0.0
250,32Nvl_L1_NS,32NVL_NS,0.007,0.007
250,NvcNvl_L1_NS,NONE,0.044,0.0
250,NvcNvl_L3_EW,NONE,0.009,0.0
250,32Mt_L2_NS,32MT_NS,0.006,0.006
255,304Nvl_L1_EW,304NVL_EW,0.017,0.017
255,304Nvl_L2_EW,304NVL_EW,0.015,0.015
255,32Nvl_L1_EW,32NVL_EW,0.081,0.081
255,32Nvl_L2_EW,32NVL_EW,0.09,0.09
255,NvcNvl_L1_EW,NONE,0.021,0.0
255,NvcNvl_L2_EW,NONE,0.015,0.0
255,NvcNvl_L1_EW,NVCNVL_EW,0.007,0.007
255,NvcNvl_L2_EW,NVCNVL_EW,0.008,0.008
255,32Mt_L1_EW,NONE,0.007,0.0
255,32Mt_L3_EW,NONE,0.009,0.0
255,32Thn_L1_EW,NONE,0.01,0.0
255,304Nvl_L3_EW,NONE,0.013,0.0
255,32Nvl_L3_EW,NONE,0.074,0.0
255,NvcNvl_L3_EW,NONE,0.006,0.0
255,NvcNvl_L3_EW,NONE,0.009,0.0
255,32Mt_L2_EW,NONE,0.008,0.0
260,304Nvl_L1_EW,304NVL_EW,0.025,0.025
260,304Nvl_L2_EW,304NVL_EW,0.022,0.022
260,32Nvl_L1_NS,32NVL_NS,0.007,0.007
260,32Nvl_L1_EW,32NVL_EW,0.081,0.076
260,32Nvl_L2_EW,32NVL_EW,0.09,0.09
260,NvcNvl_L1_EW,NVCNVL_EW,0.007,0.007
260,NvcNvl_L2_EW,NVCNVL_EW,0.008,0.008
260,32Mt_L1_EW,NONE,0.007,0.0
260,32Mt_L1_EW,32MT_EW,0.007,0.007
260,304Nvl_L3_EW,NONE,0.019,0.0
260,32Nvl_L3_EW,NONE,0.074,0.0
260,NvcNvl_L3_EW,NONE,0.009,0.0
265,304Nvl_L1_EW,304NVL_EW,0.025,0.025
265,304Nvl_L2_EW,304NVL_EW,0.022,0.022
265,32Nvl_L1_NS,32NVL_NS,0.007,0.007
265,32Nvl_L1_EW,32NVL_EW,0.081,0.076
265,32Nvl_L2_EW,32NVL_EW,0.09,0.086
265,NvcNvl_L3_NS,NONE,0.007,0.0
265,NvcNvl_L2_NS,NONE,0.007,0.0
265,NvcNvl_L1_EW,NVCNVL_EW,0.007,0.007
265,NvcNvl_L2_EW,NVCNVL_EW,0.008,0.008
265,32Mt_L1_NS,32MT_NS,0.006,0.006
265,32Mt_L1_EW,NONE,0.007,0.0
265,32Mt_L3_EW,NONE,0.009,0.0
265,32Mt_L1_EW,32MT_EW,0.007,0.007
265,304Nvl_L3_EW,NONE,0.019,0.0
265,32Nvl_L3_EW,NONE,0.074,0.0
265,NvcNvl_L1_NS,NONE,0.009,0.0
265,NvcNvl_L3_EW,NONE,0.009,0.0
265,32Mt_L2_EW,NONE,0.008,0.0
265,32Mt_L2_EW,32MT_EW,0.005,0.005
270,304Nvl_L1_EW,304NVL_EW,0.025,0.025
270,304Nvl_L2_EW,304NVL_EW,0.022,0.022
270,32Nvl_L1_EW,32NVL_EW,0.081,0.081
270,32Nvl_L2_EW,32NVL_EW,0.09,0.09
270,32Nvl_L3_NS,NONE,0.008,0.0
270,32Nvl_L2_NS,32NVL_NS,0.008,0.008
270,NvcNvl_L1_EW,NONE,0.128,0.0
270,NvcNvl_L2_EW,NONE,0.092,0.0
270,NvcNvl_L1_EW,NVCNVL_EW,0.007,0.007
270,NvcNvl_L2_EW,NVCNVL_EW,0.008,0.008
270,32Mt_L1_NS,32MT_NS,0.006,0.006
270,304Nvl_L3_EW,NONE,0.019,0.0
270,32Nvl_L3_EW,NONE,0.074,0.0
270,32Nvl_L1_NS,32NVL_NS,0.007,0.007
270,NvcNvl_L3_EW,NONE,0.076,0.0
270,NvcNvl_L3_EW,NONE,0.009,0.0
275,304Nvl_L1_EW,304NVL_EW,0.025,0.025
275,304Nvl_L2_EW,304NVL_EW,0.022,0.022
275,32Nvl_L1_EW,32NVL_EW,0.081,0.071
275,32Nvl_L2_EW,32NVL_EW,0.09,0.082
275,NvcNvl_L3_NS,NONE,0.007,0.0
275,NvcNvl_L2_NS,NONE,0.007,0.0
275,NvcNvl_L1_EW,NONE,0.128,0.0
275,NvcNvl_L2_EW,NONE,0.092,0.0
275,NvcNvl_L1_EW,NVCNVL_EW,0.014,0.014
275,NvcNvl_L2_EW,NVCNVL_EW,0.008,0.008
275,32Mt_L1_NS,32MT_NS,0.006,0.006
275,32Mt_L1_EW,32MT_EW,0.014,0.014
275,32Mt_L1_NS,NONE,0.01,0.0
275,304Nvl_L3_EW,NONE,0.019,0.0
275,32Nvl_L3_EW,NONE,0.074,0.0
275,NvcNvl_L1_NS,NONE,0.009,0.0
275,NvcNvl_L3_EW,NONE,0.076,0.0
275,NvcNvl_L3_EW,NONE,0.009,0.0
275,32Mt_L2_EW,32MT_EW,0.011,0.011
275,32Mt_L2_NS,NONE,0.009,0.0
280,304Nvl_L1_EW,304NVL_EW,0.025,0.025
280,304Nvl_L2_EW,304NVL_EW,0.022,0.022
280,32Nvl_L1_EW,32NVL_EW,0.081,0.081
280,32Nvl_L2_EW,32NVL_EW,0.09,0.09
280,32Nvl_L3_NS,NONE,0.008,0.0
280,32Nvl_L2_NS,32NVL_NS,0.008,0.008
280,NvcNvl_L1_EW,NVCNVL_EW,0.014,0.014
280,NvcNvl_L2_EW,NVCNVL_EW,0.008,0.008
280,32Mt_L1_EW,NONE,0.007,0.0
280,304Nvl_L3_EW,NONE,0.019,0.0
280,32Nvl_L3_EW,NONE,0.074,0.0
280,32Nvl_L1_NS,32NVL_NS,0.007,0.007
280,NvcNvl_L3_EW,NONE,0.009,0.0
285,304Nvl_L1_EW,304NVL_EW,0.008,0.008
285,304Nvl_L2_EW,304NVL_EW,0.007,0.007
285,32Nvl_L1_EW,32NVL_EW,0.081,0.076
285,32Nvl_L2_EW,32NVL_EW,0.09,0.086
285,32Nvl_L2_NS,32NVL_NS,0.008,0.008
285,NvcNvl_L3_NS,NONE,0.007,0.0
285,NvcNvl_L2_NS,NONE,0.007,0.0
285,NvcNvl_L1_EW,NVCNVL_EW,0.007,0.007
285,32Mt_L1_NS,32MT_NS,0.006,0.006
285,32Mt_L1_EW,32MT_EW,0.007,0.007
285,32Mt_L1_NS,NONE,0.01,0.0
285,304Nvl_L3_EW,NONE,0.006,0.0
285,32Nvl_L3_EW,NONE,0.074,0.0
285,32Nvl_L1_NS,32NVL_NS,0.007,0.007
285,NvcNvl_L1_NS,NONE,0.009,0.0
285,32Mt_L2_EW,32MT_EW,0.005,0.005
290,304Nvl_L1_NS,NONE,0.015,0.0
290,304Nvl_L3_NS,NONE,0.008,0.0
290,32Nvl_L1_EW,32NVL_EW,0.081,0.081
290,32Nvl_L2_EW,32NVL_EW,0.09,0.09
290,32Mt_L1_NS,32MT_NS,0.006,0.006
290,NvcMt_L2_NS,NONE,0.005,0.0
290,304Nvl_L2_NS,NONE,0.007,0.0
290,32Nvl_L3_EW,NONE,0.074,0.0
290,NvcMt_L1_NS,NONE,0.005,0.0
295,304Nvl_L1_NS,304NVL_NS,0.009,0.009
295,304Nvl_L1_EW,304NVL_EW,0.008,0.008
295,304Nvl_L2_EW,304NVL_EW,0.007,0.007
295,304Nvl_L1_NS,NONE,0.015,0.0
295,32Nvl_L1_EW,32NVL_EW,0.081,0.022
295,32Nvl_L2_EW,32NVL_EW,0.09,0.044
295,NvcNvl_L3_NS,NONE,0.041,0.0
295,NvcNvl_L2_NS,NONE,0.04,0.0
295,NvcNvl_L1_EW,NONE,0.021,0.0
295,NvcNvl_L2_EW,NONE,0.015,0.0
295,32Mt_L1_EW,32MT_EW,0.084,0.084
295,304Nvl_L3_EW,NONE,0.006,0.0
295,32Nvl_L3_EW,NONE,0.074,0.0
295,NvcNvl_L1_NS,NONE,0.052,0.0
295,NvcNvl_L3_EW,NONE,0.006,0.0
295,32Mt_L2_EW,32MT_EW,0.065,0.065
300,304Nvl_L1_NS,304NVL_NS,0.009,0.009
300,304Nvl_L1_EW,304NVL_EW,0.008,0.008
300,32Nvl_L1_EW,32NVL_EW,0.081,0.076
300,32Nvl_L2_EW,32NVL_EW,0.09,0.086
300,32Mt_L1_EW,32MT_EW,0.007,0.007
300,32Nvl_L3_EW,NONE,0.074,0.0
300,32Mt_L2_EW,32MT_EW,0.005,0.005
305,304Nvl_L1_EW,304NVL_EW,0.017,0.017
305,304Nvl_L2_EW,304NVL_EW,0.007,0.007
305,32Nvl_L1_EW,32NVL_EW,0.087,0.087
305,32Nvl_L2_EW,32NVL_EW,0.097,0.097
305,32Mt_L1_NS,NONE,0.166,0.0
305,NvcMt_L2_NS,NONE,0.026,0.0
305,304Nvl_L3_EW,NONE,0.006,0.0
305,32Nvl_L3_EW,NONE,0.08,0.0
305,32Mt_L2_NS,NONE,0.043,0.0
305,NvcMt_L1_NS,NONE,0.027,0.0
310,32Nvl_L1_EW,32NVL_EW,0.087,0.087
310,32Nvl_L2_EW,32NVL_EW,0.097,0.097
310,32Mt_L1_EW,NONE,0.007,0.0
310,32Mt_L1_NS,NONE,0.049,0.0
310,32Nvl_L3_EW,NONE,0.08,0.0
310,32Mt_L2_NS,NONE,0.043,0.0
315,304Nvl_L1_EW,304NVL_EW,0.008,0.008
315,304Nvl_L2_EW,304NVL_EW,0.007,0.007
315,32Nvl_L1_EW,32NVL_EW,0.087,0.087
315,32Nvl_L2_EW,32NVL_EW,0.097,0.097
315,32Mt_L1_EW,NONE,0.036,0.0
315,NvcCmt8_L2_EW,NONE,0.037,0.0
315,304Nvl_L3_EW,NONE,0.006,0.0
315,32Nvl_L3_EW,NONE,0.08,0.0
315,NvcCmt8_L1_EW,NONE,0.029,0.0
320,304Nvl_L1_EW,304NVL_EW,0.008,0.008
320,32Nvl_L3_NS,NONE,0.014,0.0
320,32Nvl_L1_NS,32NVL_NS,0.021,0.021
320,32Nvl_L1_EW,32NVL_EW,0.087,0.087
320,32Nvl_L2_EW,32NVL_EW,0.097,0.097
320,NvcNvl_L1_EW,NONE,0.011,0.0
320,NvcNvl_L2_EW,NONE,0.008,0.0
320,NvcMt_L1_EW,NVCMT_EW,0.006,0.006
320,NvcCmt8_L2_EW,NONE,0.037,0.0
320,32Nvl_L2_NS,32NVL_NS,0.02,0.02
320,32Nvl_L3_EW,NONE,0.08,0.0
320,NvcNvl_L3_EW,NONE,0.006,0.0
320,NvcMt_L2_EW,NVCMT_EW,0.008,0.008
320,NvcCmt8_L1_EW,NONE,0.029,0.0
325,32Nvl_L1_EW,32NVL_EW,0.087,0.087
325,32Nvl_L2_EW,32NVL_EW,0.097,0.097
325,32Nvl_L3_NS,NONE,0.008,0.0
325,32Nvl_L2_NS,32NVL_NS,0.008,0.008
325,32Mt_L1_NS,32MT_NS,0.006,0.006
325,32Nvl_L3_EW,NONE,0.08,0.0
325,32Nvl_L1_NS,32NVL_NS,0.007,0.007
330,32Nvl_L3_NS,NONE,0.025,0.0
330,32Nvl_L2_NS,32NVL_NS,0.024,0.024
330,32Mt_L1_NS,32MT_NS,0.006,0.006
330,NvcMt_L2_NS,NONE,0.005,0.0
330,32Nvl_L1_NS,32NVL_NS,0.02,0.02
330,NvcMt_L1_NS,NONE,0.005,0.0
330,NvcCmt8_L1_EW,NVCCMT8_EW,0.038,0.038
335,304Nvl_L1_NS,304NVL_NS,0.009,0.009
335,304Nvl_L3_NS,NONE,0.007,0.0
335,304Nvl_L1_EW,304NVL_EW,0.008,0.008
335,304Nvl_L2_EW,304NVL_EW,0.007,0.007
335,32Nvl_L3_NS,NONE,0.025,0.0
335,32Nvl_L2_NS,32NVL_NS,0.024,0.018
335,32Mt_L1_NS,32MT_NS,0.006,0.006
335,304Nvl_L2_NS,304NVL_NS,0.008,-0.009
335,304Nvl_L3_EW,NONE,0.006,0.0
335,32Nvl_L1_NS,32NVL_NS,0.02,0.014
340,304Nvl_L1_NS,NONE,0.007,0.0
340,32Nvl_L1_EW,32NVL_EW,0.035,0.035
340,32Nvl_L2_EW,32NVL_EW,0.039,0.039
340,32Nvl_L3_NS,NONE,0.025,0.0
340,32Nvl_L2_NS,32NVL_NS,0.024,0.024
340,NvcNvl_L3_NS,NONE,0.041,0.0
340,NvcNvl_L2_NS,NONE,0.04,0.0
340,NvcMt_L2_NS,NONE,0.005,0.0
340,32Nvl_L3_EW,NONE,0.031,0.0
340,32Nvl_L1_NS,32NVL_NS,0.101,0.101
340,NvcNvl_L1_NS,NONE,0.052,0.0
340,NvcMt_L1_NS,NONE,0.005,0.0
345,304Nvl_L1_NS,NONE,0.007,0.0
345,32Nvl_L1_EW,32NVL_EW,0.071,0.071
345,32Nvl_L2_EW,32NVL_EW,0.077,0.077
345,32Nvl_L3_NS,NONE,0.008,0.0
345,32Nvl_L2_NS,32NVL_NS,0.008,0.008
345,NvcNvl_L3_NS,NONE,0.007,0.0
345,NvcNvl_L2_NS,NONE,0.04,0.0
345,32Nvl_L3_EW,NONE,0.063,0.0
345,32Nvl_L1_NS,32NVL_NS,0.087,0.087
345,NvcNvl_L1_NS,NONE,0.052,0.0
350,304Nvl_L1_EW,304NVL_EW,0.042,0.042
350,304Nvl_L2_EW,304NVL_EW,0.036,0.036
350,32Nvl_L1_EW,32NVL_EW,0.035,0.035
350,32Nvl_L2_EW,32NVL_EW,0.039,0.039
350,NvcNvl_L1_EW,NVCNVL_EW,0.014,0.014
350,NvcNvl_L2_EW,NVCNVL_EW,0.008,0.008
350,32Nvl_L3_EW,NONE,0.031,0.0
350,NvcNvl_L3_EW,NONE,0.009,0.0
355,304Nvl_L1_NS,304NVL_NS,0.009,0.009
355,304Nvl_L1_EW,304NVL_EW,0.051,0.051
355,304Nvl_L2_EW,304NVL_EW,0.044,0.044
355,32Nvl_L1_EW,32NVL_EW,0.035,0.035
355,32Nvl_L2_EW,32NVL_EW,0.039,0.039
355,NvcNvl_L3_NS,NONE,0.014,0.0
355,NvcNvl_L2_NS,NONE,0.013,0.0
355,NvcNvl_L1_EW,NVCNVL_EW,0.014,0.014
355,NvcNvl_L2_EW,NVCNVL_EW,0.008,0.008
355,32Mt_L1_EW,NONE,0.007,0.0
355,32Mt_L3_EW,NONE,0.009,0.0
355,NvcCmt8_L2_EW,NVCCMT8_EW,0.026,0.026
355,NvcCmt8_L2_EW,NONE,0.007,0.0
355,304Nvl_L2_NS,304NVL_NS,0.008,0.008
355,304Nvl_L3_EW,NONE,0.038,0.0
355,32Nvl_L3_EW,NONE,0.031,0.0
355,32Nvl_L1_NS,32NVL_NS,0.034,0.027
355,NvcNvl_L1_NS,NONE,0.017,0.0
355,NvcNvl_L3_EW,NONE,0.009,0.0
355,32Mt_L2_EW,NONE,0.008,0.0
355,NvcCmt8_L1_EW,NVCCMT8_EW,0.038,0.038
355,NvcCmt8_L1_EW,NONE,0.006,0.0
360,304Nvl_L1_NS,304NVL_NS,0.009,0.004
360,304Nvl_L3_NS,NONE,0.007,0.0
360,304Nvl_L1_NS,NONE,0.036,0.0
360,32Nvl_L1_NS,32NVL_NS,0.007,0.001
360,32Nvl_L1_EW,32NVL_EW,0.035,0.026
360,32Nvl_L2_EW,32NVL_EW,0.039,0.031
360,NvcNvl_L1_EW,NONE,0.053,0.0
360,NvcNvl_L2_EW,NONE,0.038,0.0
360,NvcNvl_L1_EW,NVCNVL_EW,0.021,0.021
360,NvcNvl_L2_EW,NVCNVL_EW,0.008,0.008
360,32Mt_L1_EW,32MT_EW,0.014,-0.011
360,NvcCmt8_L2_EW,NVCCMT8_EW,0.026,0.026
360,304Nvl_L2_NS,304NVL_NS,0.008,0.008
360,32Nvl_L3_EW,NONE,0.031,0.0
360,NvcNvl_L3_EW,NONE,0.032,0.0
360,NvcNvl_L3_EW,NONE,0.009,0.0
360,32Mt_L2_EW,32MT_EW,0.011,-0.016
360,NvcCmt8_L1_EW,NVCCMT8_EW,0.038,0.038
365,304Nvl_L1_NS,304NVL_NS,0.009,-0.001
365,304Nvl_L3_NS,NONE,0.007,0.0
365,304Nvl_L1_NS,NONE,0.007,0.0
365,32Nvl_L1_NS,32NVL_NS,0.014,0.008
365,NvcNvl_L3_NS,NONE,0.007,0.0
365,NvcNvl_L2_NS,NONE,0.007,0.0
365,NvcNvl_L1_EW,NVCNVL_EW,0.014,0.014
365,NvcNvl_L2_EW,NVCNVL_EW,0.008,0.008
365,32Mt_L1_EW,NONE,0.007,0.0
365,32Mt_L3_EW,NONE,0.009,0.0
365,32Mt_L1_EW,32MT_EW,0.028,0.028
365,NvcMt_L2_NS,NONE,0.005,0.0
365,NvcMt_L1_NS,NVCMT_NS,0.034,0.034
365,NvcCmt8_L2_EW,NVCCMT8_EW,0.026,0.026
365,304Nvl_L2_NS,304NVL_NS,0.008,0.008
365,NvcNvl_L1_NS,NONE,0.009,0.0
365,NvcNvl_L3_EW,NONE,0.009,0.0
365,32Mt_L2_EW,NONE,0.008,0.0
365,32Mt_L2_EW,32MT_EW,0.016,0.016
365,NvcMt_L1_NS,NONE,0.005,0.0
365,NvcMt_L2_NS,NVCMT_NS,0.027,0.027
365,NvcCmt8_L1_EW,NVCCMT8_EW,0.046,0.046
370,304Nvl_L1_NS,304NVL_NS,0.009,-0.001
370,304Nvl_L3_NS,NONE,0.007,0.0
370,32Nvl_L1_NS,32NVL_NS,0.014,0.008
370,NvcNvl_L3_NS,NONE,0.007,0.0
370,NvcNvl_L2_NS,NONE,0.007,0.0
370,NvcNvl_L1_EW,NVCNVL_EW,0.007,0.007
370,NvcNvl_L2_EW,NVCNVL_EW,0.008,0.008
370,32Mt_L1_EW,NONE,0.007,0.0
370,32Mt_L3_EW,NONE,0.009,0.0
370,32Mt_L1_EW,32MT_EW,0.028,0.028
370,32Mt_L1_NS,NONE,0.01,0.0
370,304Nvl_L2_NS,304NVL_NS,0.008,0.008
370,32Nvl_L2_NS,32NVL_NS,0.007,0.001
370,NvcNvl_L1_NS,NONE,0.009,0.0
370,NvcNvl_L3_EW,NONE,0.009,0.0
370,32Mt_L2_EW,NONE,0.008,0.0
370,32Mt_L2_EW,32MT_EW,0.022,0.022
370,32Mt_L2_NS,NONE,0.009,0.0
375,304Nvl_L1_NS,304NVL_NS,0.009,-0.001
375,304Nvl_L3_NS,NONE,0.007,0.0
375,32Nvl_L3_NS,NONE,0.007,0.0
375,32Nvl_L1_NS,32NVL_NS,0.014,0.008
375,NvcNvl_L3_NS,NONE,0.014,0.0
375,NvcNvl_L2_NS,NONE,0.013,0.0
375,NvcNvl_L1_EW,NVCNVL_EW,0.007,0.003
375,NvcNvl_L2_EW,NVCNVL_EW,0.008,0.008
375,32Mt_L1_EW,NONE,0.014,0.0
375,32Mt_L1_EW,32MT_EW,0.028,0.028
375,NvcMt_L1_EW,NVCMT_EW,0.006,0.001
375,NvcCmt8_L2_EW,NONE,0.007,0.0
375,304Nvl_L2_NS,304NVL_NS,0.008,0.008
375,32Nvl_L2_NS,32NVL_NS,0.013,0.008
375,32Nvl_L1_NS,32NVL_NS,0.034,0.027
375,NvcNvl_L1_NS,NONE,0.017,0.0
375,NvcNvl_L3_EW,NONE,0.009,0.0
375,32Mt_L2_EW,NONE,0.008,0.0
375,32Mt_L2_EW,32MT_EW,0.022,0.022
375,NvcMt_L2_EW,NVCMT_EW,0.008,0.002
375,NvcCmt8_L1_EW,NONE,0.034,0.0
380,304Nvl_L1_NS,304NVL_NS,0.009,-0.001
380,304Nvl_L3_NS,NONE,0.007,0.0
380,32Nvl_L3_NS,NONE,0.007,0.0
380,32Nvl_L1_NS,32NVL_NS,0.014,0.008
380,32Nvl_L1_EW,32NVL_EW,0.007,-0.008
380,32Nvl_L2_EW,32NVL_EW,0.008,-0.004
380,NvcNvl_L1_EW,NONE,0.021,0.0
380,NvcNvl_L2_EW,NONE,0.015,0.0
380,NvcNvl_L1_EW,NVCNVL_EW,0.007,0.003
380,NvcNvl_L2_EW,NVCNVL_EW,0.008,0.008
380,32Mt_L1_EW,NONE,0.007,0.0
380,32Mt_L3_EW,NONE,0.009,0.0
380,32Mt_L1_EW,32MT_EW,0.021,0.016
380,32Mt_L1_NS,NONE,0.01,0.0
380,NvcMt_L1_EW,NVCMT_EW,0.006,0.001
380,304Nvl_L2_NS,304NVL_NS,0.008,0.008
380,32Nvl_L2_NS,32NVL_NS,0.013,0.008
380,32Nvl_L3_EW,NONE,0.006,0.0
380,32Nvl_L1_NS,32NVL_NS,0.034,0.027
380,NvcNvl_L3_EW,NONE,0.009,0.0
380,32Mt_L2_EW,NONE,0.008,0.0
380,32Mt_L2_EW,32MT_EW,0.016,0.011
380,NvcMt_L2_EW,NVCMT_EW,0.008,0.002
385,304Nvl_L1_NS,304NVL_NS,0.009,-0.001
385,304Nvl_L3_NS,NONE,0.007,0.0
385,32Nvl_L3_NS,NONE,0.007,0.0
385,32Nvl_L1_NS,32NVL_NS,0.014,0.008
385,32Nvl_L3_NS,NONE,0.008,0.0
385,32Nvl_L2_NS,32NVL_NS,0.008,0.003
385,NvcNvl_L1_EW,NVCNVL_EW,0.007,0.003
385,NvcNvl_L2_EW,NVCNVL_EW,0.008,0.008
385,32Mt_L1_EW,32MT_EW,0.021,0.021
385,32Mt_L1_NS,NONE,0.01,0.0
385,NvcMt_L1_EW,NVCMT_EW,0.006,-0.004
385,304Nvl_L2_NS,304NVL_NS,0.008,0.002
385,32Nvl_L2_NS,32NVL_NS,0.013,0.008
385,32Nvl_L1_NS,32NVL_NS,0.04,0.034
385,NvcNvl_L3_EW,NONE,0.009,0.0
385,32Mt_L2_EW,32MT_EW,0.016,0.016
385,NvcMt_L2_EW,NVCMT_EW,0.008,0.002
385,NvcCmt8_L1_EW,NVCCMT8_EW,0.008,0.003
390,304Nvl_L1_NS,304NVL_NS,0.009,-0.03
390,304Nvl_L3_NS,NONE,0.007,0.0
390,32Nvl_L3_NS,NONE,0.048,0.0
390,32Nvl_L1_NS,32NVL_NS,0.055,0.049
390,32Nvl_L3_NS,NONE,0.008,0.0
390,32Nvl_L2_NS,32NVL_NS,0.008,0.003
390,NvcNvl_L1_EW,NVCNVL_EW,0.007,0.007
390,NvcNvl_L2_EW,NVCNVL_EW,0.008,0.008
390,32Mt_L1_EW,NONE,0.007,0.0
390,32Mt_L1_EW,32MT_EW,0.028,0.028
390,NvcMt_L2_NS,NONE,0.005,0.0
390,NvcCmt8_L2_EW,NVCCMT8_EW,0.005,0.005
390,304Nvl_L2_NS,304NVL_NS,0.008,0.002
390,32Nvl_L2_NS,32NVL_NS,0.053,0.048
390,32Nvl_L1_NS,32NVL_NS,0.013,0.007
390,NvcNvl_L3_EW,NONE,0.009,0.0
390,32Mt_L2_EW,32MT_EW,0.022,0.022
390,NvcMt_L1_NS,NONE,0.005,0.0
390,NvcCmt8_L1_EW,NVCCMT8_EW,0.008,0.008
395,304Nvl_L1_NS,304NVL_NS,0.009,-0.03
395,304Nvl_L3_NS,NONE,0.007,0.0
395,304Nvl_L1_NS,NONE,0.015,0.0
395,304Nvl_L3_NS,NONE,0.008,0.0
395,32Nvl_L3_NS,NONE,0.014,0.0
395,32Nvl_L1_NS,32NVL_NS,0.055,0.049
395,32Nvl_L3_NS,NONE,0.017,0.0
395,32Nvl_L2_NS,32NVL_NS,0.016,0.01
395,NvcNvl_L3_NS,NONE,0.007,0.0
395,NvcNvl_L2_NS,NONE,0.007,0.0
395,NvcNvl_L1_EW,NONE,0.021,0.0
395,NvcNvl_L2_EW,NONE,0.015,0.0
395,32Mt_L1_EW,NONE,0.007,0.0
395,32Mt_L1_EW,32MT_EW,0.014,0.014
395,NvcMt_L2_NS,NONE,0.005,0.0
395,NvcCmt8_L2_EW,NVCCMT8_EW,0.005,0.005
395,304Nvl_L2_NS,304NVL_NS,0.008,-0.003
395,304Nvl_L2_NS,NONE,0.015,0.0
395,32Nvl_L2_NS,32NVL_NS,0.053,0.048
395,32Nvl_L1_NS,32NVL_NS,0.02,0.014
395,NvcNvl_L1_NS,NONE,0.009,0.0
395,NvcNvl_L3_EW,NONE,0.013,0.0
395,32Mt_L2_EW,NONE,0.008,0.0
395,32Mt_L2_EW,32MT_EW,0.011,0.011
395,NvcMt_L1_NS,NONE,0.005,0.0
395,NvcCmt8_L1_EW,NVCCMT8_EW,0.008,0.008
400,304Nvl_L1_NS,304NVL_NS,0.009,-0.03
400,304Nvl_L3_NS,NONE,0.007,0.0
400,304Nvl_L1_NS,NONE,0.015,0.0
400,304Nvl_L3_NS,NONE,0.016,0.0
400,32Nvl_L3_NS,NONE,0.048,0.0
400,32Nvl_L1_NS,32NVL_NS,0.055,0.049
400,32Nvl_L3_NS,NONE,0.017,0.0
400,32Nvl_L2_NS,32NVL_NS,0.016,0.01
400,NvcNvl_L1_EW,NONE,0.011,0.0
400,32Mt_L1_EW,NONE,0.007,0.0
400,32Mt_L1_NS,NONE,0.01,0.0
400,304Nvl_L2_NS,304NVL_NS,0.008,-0.003
400,304Nvl_L2_NS,NONE,0.015,0.0
400,32Nvl_L2_NS,32NVL_NS,0.053,0.048
400,32Nvl_L1_NS,32NVL_NS,0.013,0.007
400,32Mt_L2_EW,NONE,0.008,0.0
400,NvcCmt8_L1_EW,NONE,0.006,0.0
405,304Nvl_L1_NS,304NVL_NS,0.009,-0.025
405,304Nvl_L3_NS,NONE,0.007,0.0
405,304Nvl_L1_EW,304NVL_EW,0.008,0.008
405,32Nvl_L3_NS,NONE,0.041,0.0
405,32Nvl_L1_NS,32NVL_NS,0.048,0.042
405,32Nvl_L3_NS,NONE,0.017,0.0
405,32Nvl_L2_NS,32NVL_NS,0.016,0.01
405,NvcNvl_L1_EW,NONE,0.011,0.0
405,NvcNvl_L2_EW,NONE,0.008,0.0
405,NvcNvl_L1_EW,NVCNVL_EW,0.014,0.014
405,NvcNvl_L2_EW,NVCNVL_EW,0.008,0.008
405,32Mt_L1_NS,32MT_NS,0.006,0.006
405,32Mt_L1_EW,NONE,0.022,0.0
405,32Mt_L3_EW,NONE,0.009,0.0
405,304Nvl_L2_NS,304NVL_NS,0.008,-0.003
405,32Nvl_L2_NS,32NVL_NS,0.047,0.041
405,32Nvl_L1_NS,32NVL_NS,0.013,0.007
405,NvcNvl_L3_EW,NONE,0.009,0.0
405,32Mt_L2_EW,NONE,0.008,0.0
410,304Nvl_L1_NS,304NVL_NS,0.009,-0.001
410,304Nvl_L3_NS,NONE,0.007,0.0
410,304Nvl_L1_EW,304NVL_EW,0.017,0.017
410,32Nvl_L3_NS,NONE,0.007,0.0
410,32Nvl_L1_NS,32NVL_NS,0.014,0.008
410,32Nvl_L3_NS,NONE,0.025,0.0
410,32Nvl_L2_NS,32NVL_NS,0.024,0.018
410,32Mt_L1_NS,32MT_NS,0.006,0.006
410,NvcCmt8_L2_EW,NVCCMT8_EW,0.005,0.005
410,304Nvl_L2_NS,304NVL_NS,0.008,-0.009
410,32Nvl_L2_NS,32NVL_NS,0.013,0.008
410,32Nvl_L1_NS,32NVL_NS,0.02,0.014
410,NvcCmt8_L1_EW,NVCCMT8_EW,0.008,0.008
415,304Nvl_L1_NS,304NVL_NS,0.054,0.045
415,304Nvl_L3_NS,NONE,0.044,0.0
415,32Nvl_L3_NS,NONE,0.007,0.0
415,32Nvl_L1_NS,32NVL_NS,0.014,-0.024
415,32Nvl_L3_NS,NONE,0.033,0.0
415,32Nvl_L2_NS,32NVL_NS,0.032,0.0
415,NvcNvl_L3_NS,NONE,0.007,0.0
415,NvcNvl_L2_NS,NONE,0.007,0.0
415,NvcNvl_L1_EW,NONE,0.011,0.0
415,NvcNvl_L2_EW,NONE,0.008,0.0
415,32Mt_L1_NS,32MT_NS,0.013,0.013
415,32Mt_L1_NS,NONE,0.049,0.0
415,304Nvl_L2_NS,304NVL_NS,0.046,0.023
415,32Nvl_L2_NS,32NVL_NS,0.013,-0.019
415,32Nvl_L1_NS,32NVL_NS,0.027,-0.011
415,NvcNvl_L1_NS,NONE,0.009,0.0
415,32Mt_L2_NS,NONE,0.043,0.0
420,304Nvl_L1_NS,304NVL_NS,0.054,0.045
420,304Nvl_L3_NS,NONE,0.044,0.0
420,32Nvl_L3_NS,NONE,0.007,0.0
420,32Nvl_L1_NS,32NVL_NS,0.014,-0.024
420,32Nvl_L1_EW,32NVL_EW,0.007,0.007
420,32Nvl_L2_EW,32NVL_EW,0.008,0.008
420,32Nvl_L3_NS,NONE,0.033,0.0
420,32Nvl_L2_NS,32NVL_NS,0.032,0.0
420,304Nvl_L2_NS,304NVL_NS,0.046,0.023
420,32Nvl_L2_NS,32NVL_NS,0.013,-0.019
420,32Nvl_L3_EW,NONE,0.006,0.0
420,32Nvl_L1_NS,32NVL_NS,0.027,-0.011
425,304Nvl_L1_NS,304NVL_NS,0.054,0.045
425,304Nvl_L3_NS,NONE,0.044,0.0
425,304Nvl_L1_EW,304NVL_EW,0.051,0.051
425,304Nvl_L2_EW,304NVL_EW,0.044,0.044
425,32Nvl_L3_NS,NONE,0.007,0.0
425,32Nvl_L1_NS,32NVL_NS,0.014,-0.024
425,32Nvl_L3_NS,NONE,0.042,0.0
425,32Nvl_L2_NS,32NVL_NS,0.039,0.008
425,NvcNvl_L1_EW,NVCNVL_EW,0.007,0.007
425,NvcNvl_L2_EW,NVCNVL_EW,0.008,0.008
425,32Mt_L1_NS,32MT_NS,0.031,0.031
425,304Nvl_L2_NS,304NVL_NS,0.046,0.018
425,304Nvl_L3_EW,NONE,0.038,0.0
425,32Nvl_L2_NS,32NVL_NS,0.013,-0.019
425,32Nvl_L1_NS,32NVL_NS,0.034,-0.004
425,NvcNvl_L3_EW,NONE,0.009,0.0
430,304Thn_L1_EW,304THN_EW,0.008,-0.004
430,304Thn_L3_EW,NONE,0.008,0.0
430,304Nvl_L1_NS,304NVL_NS,0.054,0.045
430,304Nvl_L3_NS,NONE,0.044,0.0
430,304Nvl_L1_EW,304NVL_EW,0.017,0.011
430,304Nvl_L2_EW,304NVL_EW,0.015,0.009
430,32Nvl_L3_NS,NONE,0.007,0.0
430,32Nvl_L1_NS,32NVL_NS,0.014,-0.024
430,32Nvl_L3_NS,NONE,0.05,0.0
430,32Nvl_L2_NS,32NVL_NS,0.047,0.016
430,NvcNvl_L3_NS,NONE,0.007,0.0
430,NvcNvl_L2_NS,NONE,0.007,0.0
430,NvcNvl_L1_EW,NVCNVL_EW,0.007,0.007
430,NvcNvl_L2_EW,NVCNVL_EW,0.008,0.008
430,32Mt_L1_NS,32MT_NS,0.031,0.031
430,32Mt_L1_NS,NONE,0.01,0.0
430,304Nvl_L2_NS,304NVL_NS,0.046,0.012
430,304Nvl_L3_EW,NONE,0.013,0.0
430,32Nvl_L2_NS,32NVL_NS,0.013,-0.019
430,32Nvl_L1_NS,32NVL_NS,0.047,0.009
430,NvcNvl_L1_NS,NONE,0.009,0.0
430,NvcNvl_L3_EW,NONE,0.009,0.0
430,32Mt_L2_NS,NONE,0.009,0.0
430,304Thn_L2_EW,304THN_EW,0.007,-0.003
435,304Thn_L1_EW,304THN_EW,0.008,0.008
435,304Thn_L3_EW,NONE,0.008,0.0
435,304Nvl_L1_NS,304NVL_NS,0.054,0.045
435,304Nvl_L3_NS,NONE,0.044,0.0
435,304Nvl_L1_NS,NONE,0.044,0.0
435,32Nvl_L3_NS,NONE,0.007,0.0
435,32Nvl_L1_NS,32NVL_NS,0.014,-0.024
435,32Nvl_L3_NS,NONE,0.058,0.0
435,32Nvl_L2_NS,32NVL_NS,0.055,0.023
435,32Mt_L1_NS,32MT_NS,0.031,0.031
435,32Mt_L1_EW,NONE,0.007,0.0
435,32Mt_L3_EW,NONE,0.009,0.0
435,NvcMt_L1_EW,NVCMT_EW,0.006,0.006
435,304Nvl_L2_NS,304NVL_NS,0.046,0.007
435,32Nvl_L2_NS,32NVL_NS,0.013,-0.019
435,32Nvl_L1_NS,32NVL_NS,0.054,0.016
435,32Mt_L2_EW,NONE,0.008,0.0
435,NvcMt_L2_EW,NVCMT_EW,0.008,0.008
435,304Thn_L2_EW,304THN_EW,0.007,0.007
440,304Nvl_L1_NS,304NVL_NS,0.054,0.045
440,304Nvl_L3_NS,NONE,0.044,0.0
440,304Nvl_L1_EW,304NVL_EW,0.008,0.008
440,304Nvl_L1_NS,NONE,0.015,0.0
440,32Nvl_L3_NS,NONE,0.007,0.0
440,32Nvl_L1_NS,32NVL_NS,0.014,-0.024
440,32Nvl_L3_NS,NONE,0.067,0.0
440,32Nvl_L2_NS,32NVL_NS,0.063,0.031
440,NvcNvl_L1_EW,NONE,0.011,0.0
440,NvcNvl_L2_EW,NONE,0.008,0.0
440,NvcNvl_L1_EW,NVCNVL_EW,0.007,0.007
440,32Mt_L1_EW,NONE,0.007,0.0
440,32Mt_L3_EW,NONE,0.009,0.0
440,NvcMt_L1_NS,NVCMT_NS,0.034,0.034
440,304Nvl_L2_NS,304NVL_NS,0.046,0.001
440,32Nvl_L2_NS,32NVL_NS,0.013,-0.019
440,32Nvl_L1_NS,32NVL_NS,0.054,0.016
440,NvcNvl_L3_EW,NONE,0.006,0.0
440,32Mt_L2_EW,NONE,0.008,0.0
440,NvcMt_L2_NS,NVCMT_NS,0.027,0.027
445,304Nvl_L1_NS,304NVL_NS,0.054,0.045
445,304Nvl_L3_NS,NONE,0.044,0.0
445,32Nvl_L3_NS,NONE,0.007,0.0
445,32Nvl_L1_NS,32NVL_NS,0.014,-0.024
445,32Nvl_L3_NS,NONE,0.067,0.0
445,32Nvl_L2_NS,32NVL_NS,0.063,0.031
445,32Mt_L1_EW,32MT_EW,0.007,0.007
445,NvcMt_L1_NS,NVCMT_NS,0.034,0.034
445,304Nvl_L2_NS,304NVL_NS,0.046,0.001
445,32Nvl_L2_NS,32NVL_NS,0.013,-0.019
445,32Nvl_L1_NS,32NVL_NS,0.054,0.016
445,32Mt_L2_EW,32MT_EW,0.005,0.005
445,NvcMt_L2_NS,NVCMT_NS,0.027,0.027
450,304Nvl_L1_NS,304NVL_NS,0.054,0.045
450,304Nvl_L3_NS,NONE,0.037,0.0
450,304Nvl_L1_EW,304NVL_EW,0.017,0.017
450,304Nvl_L2_EW,304NVL_EW,0.015,0.015
450,32Nvl_L3_NS,NONE,0.007,0.0
450,32Nvl_L1_NS,32NVL_NS,0.014,-0.024
450,32Nvl_L3_NS,NONE,0.067,0.0
450,32Nvl_L2_NS,32NVL_NS,0.063,0.031
450,NvcNvl_L3_NS,NONE,0.007,0.0
450,NvcNvl_L2_NS,NONE,0.007,0.0
450,32Mt_L1_EW,32MT_EW,0.042,0.042
450,NvcMt_L1_NS,NVCMT_NS,0.034,0.034
450,304Nvl_L2_NS,304NVL_NS,0.046,0.001
450,304Nvl_L3_EW,NONE,0.013,0.0
450,32Nvl_L2_NS,32NVL_NS,0.013,-0.019
450,32Nvl_L1_NS,32NVL_NS,0.054,0.016
450,NvcNvl_L1_NS,NONE,0.009,0.0
450,32Mt_L2_EW,32MT_EW,0.033,0.033
450,NvcMt_L2_NS,NVCMT_NS,0.027,0.027
455,304Nvl_L1_EW,304NVL_EW,0.017,0.017
455,304Nvl_L2_EW,304NVL_EW,0.015,0.015
455,32Nvl_L1_EW,32NVL_EW,0.035,0.011
455,32Nvl_L2_EW,32NVL_EW,0.039,0.02
455,32Nvl_L3_NS,NONE,0.05,0.0
455,32Nvl_L2_NS,32NVL_NS,0.047,0.047
455,NvcNvl_L3_NS,NONE,0.007,0.0
455,NvcNvl_L2_NS,NONE,0.007,0.0
455,32Mt_L1_EW,NONE,0.007,0.0
455,32Mt_L3_EW,NONE,0.009,0.0
455,32Mt_L1_EW,32MT_EW,0.035,0.01
455,32Mt_L1_NS,NONE,0.01,0.0
455,NvcMt_L1_NS,NVCMT_NS,0.034,0.034
455,304Nvl_L3_EW,NONE,0.013,0.0
455,32Nvl_L3_EW,NONE,0.031,0.0
455,32Nvl_L1_NS,32NVL_NS,0.04,0.04
455,NvcNvl_L1_NS,NONE,0.009,0.0
455,32Mt_L2_EW,NONE,0.008,0.0
455,32Mt_L2_EW,32MT_EW,0.027,0.0
455,32Mt_L2_NS,NONE,0.009,0.0
455,NvcMt_L2_NS,NVCMT_NS,0.027,0.027
460,304Nvl_L1_EW,304NVL_EW,0.017,0.017
460,304Nvl_L2_EW,304NVL_EW,0.015,0.015
460,304Nvl_L1_NS,NONE,0.007,0.0
460,32Nvl_L1_NS,32NVL_NS,0.007,0.007
460,32Nvl_L1_EW,32NVL_EW,0.035,0.011
460,32Nvl_L2_EW,32NVL_EW,0.039,0.02
460,32Nvl_L3_NS,NONE,0.042,0.0
460,32Nvl_L2_NS,32NVL_NS,0.047,0.047
460,32Mt_L1_EW,NONE,0.007,0.0
460,32Mt_L3_EW,NONE,0.009,0.0
460,32Mt_L1_EW,32MT_EW,0.035,0.01
460,304Nvl_L3_EW,NONE,0.013,0.0
460,32Nvl_L3_EW,NONE,0.031,0.0
460,32Nvl_L1_NS,32NVL_NS,0.047,0.047
460,32Mt_L2_EW,NONE,0.008,0.0
460,32Mt_L2_EW,32MT_EW,0.027,0.0
465,304Nvl_L1_EW,304NVL_EW,0.017,0.017
465,304Nvl_L2_EW,304NVL_EW,0.015,0.015
465,304Nvl_L1_NS,NONE,0.036,0.0
465,32Nvl_L3_NS,NONE,0.041,0.0
465,32Nvl_L1_NS,32NVL_NS,0.055,0.055
465,32Nvl_L1_EW,32NVL_EW,0.035,0.011
465,32Nvl_L2_EW,32NVL_EW,0.039,0.02
465,32Mt_L1_NS,32MT_NS,0.006,0.006
465,32Mt_L1_EW,32MT_EW,0.035,0.01
465,NvcMt_L1_EW,NVCMT_EW,0.006,0.006
465,304Nvl_L3_EW,NONE,0.013,0.0
465,32Nvl_L2_NS,32NVL_NS,0.04,0.04
465,32Nvl_L3_EW,NONE,0.031,0.0
465,32Nvl_L1_NS,32NVL_NS,0.007,0.007
465,32Mt_L2_EW,32MT_EW,0.027,0.0
465,NvcMt_L2_EW,NVCMT_EW,0.008,0.008
470,304Nvl_L1_EW,304NVL_EW,0.017,0.017
470,304Nvl_L2_EW,304NVL_EW,0.015,0.015
470,32Nvl_L1_NS,32NVL_NS,0.021,0.021
470,32Nvl_L1_EW,32NVL_EW,0.035,0.011
470,32Nvl_L2_EW,32NVL_EW,0.039,0.02
470,32Nvl_L1_EW,32NVL_EW,0.034,0.009
470,32Mt_L1_EW,NONE,0.007,0.0
470,32Mt_L1_EW,32MT_EW,0.035,0.01
470,NvcMt_L1_EW,NVCMT_EW,0.006,0.006
470,304Nvl_L3_EW,NONE,0.013,0.0
470,32Nvl_L2_NS,32NVL_NS,0.013,0.013
470,32Nvl_L3_EW,NONE,0.031,0.0
470,32Mt_L2_EW,32MT_EW,0.027,0.0
470,NvcMt_L2_EW,NVCMT_EW,0.008,0.008
475,304Nvl_L1_EW,304NVL_EW,0.017,0.017
475,304Nvl_L2_EW,304NVL_EW,0.015,0.015
475,32Nvl_L1_EW,32NVL_EW,0.035,0.006
475,32Nvl_L2_EW,32NVL_EW,0.039,0.016
475,32Nvl_L1_EW,32NVL_EW,0.034,0.004
475,NvcNvl_L1_EW,NONE,0.011,0.0
475,NvcNvl_L2_EW,NONE,0.008,0.0
475,32Mt_L1_EW,32MT_EW,0.042,0.017
475,32Mt_L1_NS,NONE,0.01,0.0
475,NvcMt_L1_EW,NVCMT_EW,0.006,0.006
475,304Nvl_L3_EW,NONE,0.013,0.0
475,32Nvl_L3_EW,NONE,0.031,0.0
475,NvcNvl_L3_EW,NONE,0.006,0.0
475,32Mt_L2_EW,32MT_EW,0.033,0.006
475,NvcMt_L2_EW,NVCMT_EW,0.008,0.008
480,304Nvl_L1_EW,304NVL_EW,0.025,0.025
480,304Nvl_L2_EW,304NVL_EW,0.022,0.022
480,32Nvl_L1_EW,32NVL_EW,0.035,0.006
480,32Nvl_L2_EW,32NVL_EW,0.039,0.016
480,32Nvl_L1_EW,32NVL_EW,0.034,0.004
480,32Nvl_L3_NS,NONE,0.042,0.0
480,32Nvl_L2_NS,32NVL_NS,0.039,0.039
480,32Mt_L1_EW,32MT_EW,0.042,0.017
480,NvcMt_L1_EW,NVCMT_EW,0.006,0.006
480,304Nvl_L3_EW,NONE,0.019,0.0
480,32Nvl_L3_EW,NONE,0.031,0.0
480,32Nvl_L1_NS,32NVL_NS,0.034,0.034
480,32Mt_L2_EW,32MT_EW,0.033,0.006
480,NvcMt_L2_EW,NVCMT_EW,0.008,0.008
485,304Nvl_L1_EW,304NVL_EW,0.025,0.025
485,304Nvl_L2_EW,304NVL_EW,0.022,0.022
485,32Nvl_L3_NS,NONE,0.007,0.0
485,32Nvl_L1_NS,32NVL_NS,0.007,0.007
485,32Nvl_L1_EW,32NVL_EW,0.042,0.013
485,32Nvl_L2_EW,32NVL_EW,0.046,0.023
485,32Nvl_L3_NS,NONE,0.008,0.0
485,32Nvl_L2_NS,32NVL_NS,0.008,0.008
485,32Mt_L1_EW,32MT_EW,0.042,0.012
485,NvcMt_L2_NS,NONE,0.063,0.0
485,NvcMt_L1_EW,NVCMT_EW,0.006,0.006
485,304Nvl_L3_EW,NONE,0.019,0.0
485,32Nvl_L2_NS,32NVL_NS,0.007,0.007
485,32Nvl_L3_EW,NONE,0.038,0.0
485,32Nvl_L1_NS,32NVL_NS,0.007,0.007
485,32Mt_L2_EW,32MT_EW,0.033,0.0
485,NvcMt_L1_NS,NONE,0.066,0.0
485,NvcMt_L2_EW,NVCMT_EW,0.008,0.008
490,304Nvl_L1_EW,304NVL_EW,0.025,0.025
490,304Nvl_L2_EW,304NVL_EW,0.022,0.022
490,304Nvl_L1_NS,NONE,0.007,0.0
490,304Nvl_L3_NS,NONE,0.008,0.0
490,32Nvl_L1_NS,32NVL_NS,0.035,0.035
490,32Nvl_L1_EW,32NVL_EW,0.035,0.006
490,32Nvl_L2_EW,32NVL_EW,0.039,0.016
490,32Mt_L1_EW,32MT_EW,0.042,0.017
490,32Mt_L1_NS,NONE,0.01,0.0
490,NvcMt_L2_NS,NONE,0.069,0.0
490,304Nvl_L3_EW,NONE,0.019,0.0
490,304Nvl_L2_NS,NONE,0.007,0.0
490,32Nvl_L3_EW,NONE,0.031,0.0
490,32Mt_L2_EW,32MT_EW,0.033,0.006
490,32Mt_L2_NS,NONE,0.009,0.0
490,NvcMt_L1_NS,NONE,0.071,0.0
495,304Nvl_L1_EW,304NVL_EW,0.034,0.034
495,304Nvl_L2_EW,304NVL_EW,0.029,0.029
495,304Nvl_L1_NS,NONE,0.007,0.0
495,304Nvl_L3_NS,NONE,0.008,0.0
495,32Nvl_L1_EW,32NVL_EW,0.035,-0.004
495,32Nvl_L2_EW,32NVL_EW,0.039,0.006
495,32Nvl_L3_NS,NONE,0.109,0.0
495,32Nvl_L2_NS,32NVL_NS,0.103,0.103
495,32Mt_L1_EW,32MT_EW,0.049,0.024
495,32Thn_L1_EW,32THN_EW,0.008,-0.017
495,32Thn_L2_EW,32THN_EW,0.008,-0.019
495,32Thn_L3_EW,NONE,0.008,0.0
495,304Nvl_L3_EW,NONE,0.025,0.0
495,304Nvl_L2_NS,NONE,0.007,0.0
495,32Nvl_L3_EW,NONE,0.031,0.0
495,32Nvl_L1_NS,32NVL_NS,0.094,0.094
495,32Mt_L2_EW,32MT_EW,0.038,0.011
500,304Nvl_L1_NS,304NVL_NS,0.009,-0.015
500,304Nvl_L1_EW,304NVL_EW,0.034,0.034
500,304Nvl_L2_EW,304NVL_EW,0.029,0.029
500,32Nvl_L3_NS,NONE,0.034,0.0
500,32Nvl_L1_NS,32NVL_NS,0.035,0.028
500,32Nvl_L1_EW,32NVL_EW,0.035,-0.004
500,32Nvl_L2_EW,32NVL_EW,0.039,0.006
500,NvcNvl_L1_EW,NVCNVL_EW,0.014,0.014
500,NvcNvl_L2_EW,NVCNVL_EW,0.016,0.016
500,32Mt_L1_NS,32MT_NS,0.006,0.006
500,32Mt_L1_EW,32MT_EW,0.049,0.024
500,32Thn_L1_EW,32THN_EW,0.008,-0.017
500,32Thn_L2_EW,32THN_EW,0.008,-0.019
500,32Thn_L3_EW,NONE,0.008,0.0
500,304Nvl_L3_EW,NONE,0.025,0.0
500,32Nvl_L2_NS,32NVL_NS,0.033,0.033
500,32Nvl_L3_EW,NONE,0.031,0.0
500,NvcNvl_L3_EW,NONE,0.019,0.0
500,32Mt_L2_EW,32MT_EW,0.038,0.011
505,304Nvl_L1_EW,304NVL_EW,0.042,0.042
505,304Nvl_L2_EW,304NVL_EW,0.029,0.029
505,32Nvl_L1_NS,32NVL_NS,0.035,0.035
505,32Nvl_L1_EW,32NVL_EW,0.035,0.001
505,32Nvl_L2_EW,32NVL_EW,0.039,0.012
505,NvcNvl_L1_EW,NVCNVL_EW,0.014,0.014
505,NvcNvl_L2_EW,NVCNVL_EW,0.016,0.016
505,32Mt_L1_EW,32MT_EW,0.049,0.024
505,NvcMt_L2_NS,NONE,0.005,0.0
505,32Thn_L1_EW,NONE,0.01,0.0
505,304Nvl_L3_EW,NONE,0.025,0.0
505,32Nvl_L2_NS,32NVL_NS,0.033,0.033
505,32Nvl_L3_EW,NONE,0.031,0.0
505,NvcNvl_L3_EW,NONE,0.019,0.0
505,32Mt_L2_EW,32MT_EW,0.038,0.011
505,NvcMt_L1_NS,NONE,0.005,0.0
510,304Nvl_L1_EW,304NVL_EW,0.008,0.008
510,304Nvl_L1_EW,NONE,0.008,0.0
510,304Nvl_L2_EW,NONE,0.009,0.0
510,32Nvl_L1_NS,32NVL_NS,0.083,0.083
510,32Nvl_L1_EW,32NVL_EW,0.035,0.03
510,32Nvl_L2_EW,32NVL_EW,0.039,0.035
510,NvcNvl_L1_EW,NVCNVL_EW,0.014,0.014
510,NvcNvl_L2_EW,NVCNVL_EW,0.016,0.006
510,32Mt_L1_EW,32MT_EW,0.007,-0.018
510,32Mt_L1_NS,NONE,0.049,0.0
510,NvcMt_L2_EW,NVCMT_EW,0.013,0.002
510,32Thn_L1_EW,NONE,0.01,0.0
510,304Nvl_L3_EW,NONE,0.008,0.0
510,32Nvl_L3_EW,NONE,0.031,0.0
510,NvcNvl_L3_EW,NONE,0.019,0.0
510,32Mt_L2_EW,32MT_EW,0.005,-0.022
510,32Mt_L2_NS,NONE,0.043,0.0
510,NvcMt_L1_EW,NVCMT_EW,0.028,0.018
515,304Nvl_L1_NS,NONE,0.044,0.0
515,304Nvl_L3_NS,NONE,0.04,0.0
515,32Nvl_L1_EW,32NVL_EW,0.035,0.035
515,32Nvl_L2_EW,32NVL_EW,0.039,0.039
515,32Nvl_L3_NS,NONE,0.008,0.0
515,32Nvl_L2_NS,32NVL_NS,0.008,0.008
515,NvcNvl_L3_NS,NONE,0.081,0.0
515,NvcNvl_L2_NS,NONE,0.079,0.0
515,NvcNvl_L1_EW,NVCNVL_EW,0.014,0.014
515,NvcNvl_L2_EW,NVCNVL_EW,0.016,0.003
515,32Mt_L1_NS,32MT_NS,0.031,0.031
515,32Mt_L1_NS,NONE,0.049,0.0
515,NvcMt_L2_EW,NVCMT_EW,0.019,0.008
515,304Nvl_L2_NS,NONE,0.037,0.0
515,32Nvl_L3_EW,NONE,0.031,0.0
515,32Nvl_L1_NS,32NVL_NS,0.04,0.04
515,NvcNvl_L1_NS,NONE,0.105,0.0
515,NvcNvl_L3_EW,NONE,0.019,0.0
515,32Mt_L2_NS,NONE,0.043,0.0
515,NvcMt_L1_EW,NVCMT_EW,0.039,0.029
520,304Nvl_L1_EW,304NVL_EW,0.017,0.017
520,32Nvl_L1_EW,32NVL_EW,0.035,0.035
520,32Nvl_L2_EW,32NVL_EW,0.039,0.039
520,32Nvl_L3_NS,NONE,0.008,0.0
520,32Nvl_L2_NS,32NVL_NS,0.008,0.008
520,NvcNvl_L3_NS,NONE,0.081,0.0
520,NvcNvl_L2_NS,NONE,0.079,0.0
520,NvcNvl_L1_EW,NONE,0.011,0.0
520,NvcNvl_L2_EW,NONE,0.008,0.0
520,32Mt_L1_NS,32MT_NS,0.038,0.038
520,32Mt_L1_NS,NONE,0.01,0.0
520,NvcMt_L2_EW,NVCMT_EW,0.003,0.003
520,32Nvl_L3_EW,NONE,0.031,0.0
520,32Nvl_L1_NS,32NVL_NS,0.007,0.007
520,NvcNvl_L1_NS,NONE,0.105,0.0
520,NvcNvl_L3_EW,NONE,0.006,0.0
520,32Mt_L2_NS,NONE,0.009,0.0
520,NvcMt_L1_EW,NVCMT_EW,0.006,0.006
525,304Nvl_L1_EW,304NVL_EW,0.051,0.051
525,32Nvl_L1_NS,32NVL_NS,0.007,0.007
525,32Nvl_L1_EW,32NVL_EW,0.035,0.035
525,32Nvl_L2_EW,32NVL_EW,0.039,0.039
525,NvcNvl_L1_EW,NVCNVL_EW,0.035,0.031
525,NvcNvl_L2_EW,NVCNVL_EW,0.039,0.039
525,32Mt_L1_NS,32MT_NS,0.063,0.063
525,32Mt_L1_EW,NONE,0.007,0.0
525,NvcMt_L1_EW,NVCMT_EW,0.006,-0.018
525,32Nvl_L3_EW,NONE,0.031,0.0
525,NvcNvl_L3_EW,NONE,0.047,0.0
525,NvcMt_L2_EW,NVCMT_EW,0.008,-0.019
530,304Nvl_L1_EW,304NVL_EW,0.102,0.102
530,304Nvl_L2_EW,304NVL_EW,0.087,0.087
530,32Nvl_L1_EW,32NVL_EW,0.05,0.05
530,32Nvl_L2_EW,32NVL_EW,0.054,0.054
530,NvcNvl_L1_EW,NONE,0.011,0.0
530,NvcNvl_L2_EW,NONE,0.008,0.0
530,NvcNvl_L1_EW,NVCNVL_EW,0.007,0.007
530,NvcNvl_L1_NS,NVCNVL_NS,0.007,0.007
530,32Mt_L1_NS,32MT_NS,0.031,0.031
530,32Mt_L1_EW,NONE,0.014,0.0
530,32Mt_L3_EW,NONE,0.009,0.0
530,32Mt_L1_NS,NONE,0.01,0.0
530,NvcMt_L2_NS,NONE,0.011,0.0
530,304Nvl_L3_EW,NONE,0.076,0.0
530,32Nvl_L3_EW,NONE,0.044,0.0
530,NvcNvl_L3_EW,NONE,0.006,0.0
530,32Mt_L2_EW,NONE,0.008,0.0
530,32Mt_L2_NS,NONE,0.009,0.0
530,NvcMt_L1_NS,NONE,0.011,0.0
535,304Nvl_L1_EW,304NVL_EW,0.119,0.119
535,304Nvl_L2_EW,304NVL_EW,0.102,0.102
535,32Nvl_L1_EW,32NVL_EW,0.05,0.05
535,32Nvl_L2_EW,32NVL_EW,0.054,0.054
535,NvcNvl_L3_NS,NONE,0.007,0.0
535,NvcNvl_L2_NS,NONE,0.007,0.0
535,NvcNvl_L1_NS,NVCNVL_NS,0.007,0.007
535,32Mt_L1_NS,NONE,0.01,0.0
535,NvcMt_L1_EW,NVCMT_EW,0.006,0.006
535,NvcCmt8_L2_NS,NONE,0.011,0.0
535,NvcCmt8_L1_NS,NONE,0.008,0.0
535,304Nvl_L3_EW,NONE,0.013,0.0
535,32Nvl_L3_EW,NONE,0.044,0.0
535,NvcNvl_L1_NS,NONE,0.009,0.0
535,32Mt_L2_NS,NONE,0.009,0.0
535,NvcMt_L2_EW,NVCMT_EW,0.008,0.008
540,304Nvl_L1_EW,304NVL_EW,0.042,0.042
540,304Nvl_L2_EW,304NVL_EW,0.036,0.036
540,32Nvl_L1_NS,32NVL_NS,0.007,-0.016
540,32Nvl_L1_EW,32NVL_EW,0.05,0.045
540,32Nvl_L2_EW,32NVL_EW,0.054,0.05
540,32Nvl_L3_NS,NONE,0.008,0.0
540,32Nvl_L2_NS,32NVL_NS,0.008,0.008
540,NvcNvl_L1_EW,NVCNVL_EW,0.007,0.007
540,NvcNvl_L1_NS,NVCNVL_NS,0.033,0.028
540,32Mt_L1_NS,32MT_NS,0.006,0.006
540,32Mt_L1_EW,32MT_EW,0.007,-0.028
540,NvcCmt8_L2_NS,NONE,0.011,0.0
540,NvcCmt8_L1_NS,NONE,0.008,0.0
540,304Nvl_L3_EW,NONE,0.032,0.0
540,32Nvl_L2_NS,32NVL_NS,0.007,0.007
540,32Nvl_L3_EW,NONE,0.044,0.0
540,32Nvl_L1_NS,32NVL_NS,0.013,-0.01
540,32Mt_L2_EW,32MT_EW,0.005,-0.032
545,304Nvl_L1_NS,NONE,0.19,0.0
545,32Nvl_L3_NS,NONE,0.007,0.0
545,32Nvl_L1_NS,32NVL_NS,0.014,-0.009
545,32Nvl_L1_EW,32NVL_EW,0.05,0.045
545,32Nvl_L2_EW,32NVL_EW,0.054,0.05
545,32Nvl_L3_NS,NONE,0.008,0.0
545,32Nvl_L2_NS,32NVL_NS,0.008,0.008
545,NvcNvl_L3_NS,NONE,0.007,0.0
545,NvcNvl_L2_NS,NONE,0.007,0.0
545,NvcNvl_L1_EW,NVCNVL_EW,0.007,0.003
545,NvcNvl_L1_NS,NVCNVL_NS,0.033,0.023
545,32Mt_L1_NS,32MT_NS,0.006,0.006
545,32Mt_L1_EW,32MT_EW,0.007,-0.028
545,NvcMt_L1_EW,NVCMT_EW,0.006,0.001
545,304Nvl_L2_NS,NONE,0.089,0.0
545,32Nvl_L2_NS,32NVL_NS,0.013,0.013
545,32Nvl_L3_EW,NONE,0.044,0.0
545,32Nvl_L1_NS,32NVL_NS,0.007,-0.016
545,NvcNvl_L1_NS,NONE,0.009,0.0
545,32Mt_L2_EW,32MT_EW,0.005,-0.032
545,NvcMt_L2_EW,NVCMT_EW,0.008,0.008
550,304Nvl_L1_NS,NONE,0.146,0.0
550,304Nvl_L3_NS,NONE,0.104,0.0
550,32Nvl_L1_EW,32NVL_EW,0.042,0.038
550,32Nvl_L2_EW,32NVL_EW,0.046,0.043
550,32Nvl_L3_NS,NONE,0.008,0.0
550,32Nvl_L2_NS,32NVL_NS,0.008,0.008
550,NvcNvl_L1_NS,NVCNVL_NS,0.033,0.033
550,32Mt_L1_EW,NONE,0.036,0.0
550,32Mt_L1_EW,32MT_EW,0.007,-0.023
550,304Nvl_L2_NS,NONE,0.096,0.0
550,32Nvl_L3_EW,NONE,0.038,0.0
550,32Nvl_L1_NS,32NVL_NS,0.013,-0.01
550,32Mt_L2_EW,NONE,0.038,0.0
550,32Mt_L2_EW,32MT_EW,0.005,-0.027
555,304Nvl_L1_EW,304NVL_EW,0.008,0.008
555,304Nvl_L2_EW,304NVL_EW,0.007,0.007
555,304Nvl_L1_NS,NONE,0.007,0.0
555,304Nvl_L3_NS,NONE,0.008,0.0
555,32Nvl_L3_NS,NONE,0.008,0.0
555,32Nvl_L2_NS,32NVL_NS,0.008,0.008
555,NvcNvl_L3_NS,NONE,0.007,0.0
555,NvcNvl_L2_NS,NONE,0.007,0.0
555,NvcNvl_L1_EW,NONE,0.011,0.0
555,NvcNvl_L2_EW,NONE,0.008,0.0
555,32Mt_L1_EW,NONE,0.036,0.0
555,32Mt_L3_EW,NONE,0.044,0.0
555,32Thn_L1_EW,NONE,0.049,0.0
555,304Nvl_L3_EW,NONE,0.006,0.0
555,304Nvl_L2_NS,NONE,0.007,0.0
555,32Nvl_L1_NS,32NVL_NS,0.02,0.02
555,NvcNvl_L1_NS,NONE,0.009,0.0
555,32Mt_L2_EW,NONE,0.038,0.0
560,304Nvl_L1_EW,304NVL_EW,0.008,0.008
560,304Nvl_L2_EW,304NVL_EW,0.007,0.007
560,32Nvl_L3_NS,NONE,0.008,0.0
560,32Nvl_L2_NS,32NVL_NS,0.008,0.008
560,32Mt_L1_EW,NONE,0.007,0.0
560,32Mt_L1_EW,32MT_EW,0.007,0.007
560,32Mt_L1_NS,NONE,0.049,0.0
560,NvcMt_L1_EW,NVCMT_EW,0.006,0.006
560,32Thn_L1_EW,NONE,0.049,0.0
560,32Thn_L2_EW,NONE,0.051,0.0
560,32Thn_L3_EW,NONE,0.035,0.0
560,304Nvl_L3_EW,NONE,0.006,0.0
560,32Nvl_L1_NS,32NVL_NS,0.027,0.027
560,32Mt_L2_EW,32MT_EW,0.005,0.005
560,NvcMt_L2_EW,NVCMT_EW,0.008,0.008
565,304Nvl_L1_NS,304NVL_NS,0.009,0.009
565,304Nvl_L3_NS,NONE,0.007,0.0
565,304Nvl_L1_EW,304NVL_EW,0.11,0.11
565,304Nvl_L2_EW,304NVL_EW,0.007,0.007
565,304Nvl_L1_NS,NONE,0.007,0.0
565,32Nvl_L1_EW,32NVL_EW,0.007,-0.026
565,32Nvl_L2_EW,32NVL_EW,0.007,0.004
565,NvcNvl_L3_NS,NONE,0.007,0.0
565,NvcNvl_L2_NS,NONE,0.007,0.0
565,32Mt_L1_EW,32MT_EW,0.007,0.007
565,NvcMt_L1_EW,NVCMT_EW,0.006,0.006
565,32Thn_L1_EW,32THN_EW,0.04,0.04
565,304Nvl_L2_NS,304NVL_NS,0.008,0.008
565,304Nvl_L3_EW,NONE,0.006,0.0
565,32Nvl_L3_EW,NONE,0.006,0.0
565,32Nvl_L1_NS,32NVL_NS,0.013,0.007
565,NvcNvl_L1_NS,NONE,0.009,0.0
565,32Mt_L2_EW,32MT_EW,0.005,0.005
565,NvcMt_L2_EW,NVCMT_EW,0.008,0.008
570,304Nvl_L1_EW,304NVL_EW,0.119,0.119
570,304Nvl_L2_EW,304NVL_EW,0.007,0.007
570,32Nvl_L1_EW,32NVL_EW,0.007,-0.026
570,32Nvl_L2_EW,32NVL_EW,0.007,0.004
570,NvcNvl_L3_NS,NONE,0.034,0.0
570,NvcNvl_L2_NS,NONE,0.033,0.0
570,32Mt_L1_EW,32MT_EW,0.007,0.007
570,32Mt_L1_NS,NONE,0.01,0.0
570,NvcMt_L1_EW,NVCMT_EW,0.006,0.006
570,32Thn_L1_EW,32THN_EW,0.04,0.04
570,304Nvl_L3_EW,NONE,0.006,0.0
570,32Nvl_L3_EW,NONE,0.006,0.0
570,NvcNvl_L1_NS,NONE,0.044,0.0
570,32Mt_L2_EW,32MT_EW,0.005,0.005
570,32Mt_L2_NS,NONE,0.009,0.0
570,NvcMt_L2_EW,NVCMT_EW,0.008,0.008
575,304Nvl_L1_EW,304NVL_EW,0.102,0.102
575,304Nvl_L1_NS,NONE,0.007,0.0
575,32Nvl_L3_NS,NONE,0.082,0.0
575,32Nvl_L1_NS,32NVL_NS,0.083,0.083
575,32Nvl_L1_EW,32NVL_EW,0.007,-0.026
575,32Nvl_L2_EW,32NVL_EW,0.007,0.004
575,NvcNvl_L3_NS,NONE,0.034,0.0
575,NvcNvl_L2_NS,NONE,0.033,0.0
575,32Mt_L1_EW,32MT_EW,0.007,0.007
575,NvcMt_L1_EW,NVCMT_EW,0.006,0.006
575,32Thn_L1_EW,32THN_EW,0.04,0.04
575,32Nvl_L2_NS,32NVL_NS,0.08,0.08
575,32Nvl_L3_EW,NONE,0.006,0.0
575,32Nvl_L1_NS,32NVL_NS,0.007,0.007
575,NvcNvl_L1_NS,NONE,0.044,0.0
575,32Mt_L2_EW,32MT_EW,0.005,0.005
575,NvcMt_L2_EW,NVCMT_EW,0.008,0.008
580,32Nvl_L3_NS,NONE,0.014,0.0
580,32Nvl_L1_NS,32NVL_NS,0.097,0.097
580,32Nvl_L1_EW,32NVL_EW,0.007,0.002
580,32Nvl_L2_EW,32NVL_EW,0.007,0.004
580,32Mt_L1_EW,32MT_EW,0.007,0.007
580,NvcMt_L2_NS,NONE,0.026,0.0
580,32Nvl_L2_NS,32NVL_NS,0.093,0.093
580,32Nvl_L3_EW,NONE,0.006,0.0
580,32Mt_L2_EW,32MT_EW,0.005,0.005
580,NvcMt_L1_NS,NONE,0.027,0.0
585,304Nvl_L1_EW,304NVL_EW,0.025,0.025
585,304Nvl_L2_EW,304NVL_EW,0.015,0.015
585,32Nvl_L3_NS,NONE,0.034,0.0
585,32Nvl_L1_NS,32NVL_NS,0.042,0.042
585,32Nvl_L1_EW,32NVL_EW,0.007,0.002
585,32Nvl_L2_EW,32NVL_EW,0.007,0.004
585,32Mt_L1_EW,NONE,0.007,0.0
585,32Mt_L3_EW,NONE,0.009,0.0
585,32Mt_L1_EW,32MT_EW,0.007,0.007
585,304Nvl_L3_EW,NONE,0.013,0.0
585,32Nvl_L2_NS,32NVL_NS,0.04,0.04
585,32Nvl_L3_EW,NONE,0.006,0.0
585,32Mt_L2_EW,NONE,0.008,0.0
585,32Mt_L2_EW,32MT_EW,0.005,0.005
590,304Nvl_L1_NS,304NVL_NS,0.009,0.004
590,304Nvl_L3_NS,NONE,0.007,0.0
590,304Nvl_L1_EW,304NVL_EW,0.025,0.025
590,304Nvl_L2_EW,304NVL_EW,0.022,0.022
590,32Nvl_L3_NS,NONE,0.007,0.0
590,32Nvl_L1_NS,32NVL_NS,0.007,0.001
590,32Nvl_L1_EW,32NVL_EW,0.007,0.002
590,32Nvl_L2_EW,32NVL_EW,0.007,0.004
590,32Nvl_L3_NS,NONE,0.025,0.0
590,32Nvl_L2_NS,32NVL_NS,0.024,0.018
590,NvcNvl_L1_EW,NONE,0.011,0.0
590,NvcNvl_L2_EW,NONE,0.008,0.0
590,NvcNvl_L1_EW,NVCNVL_EW,0.035,0.035
590,32Mt_L1_EW,NONE,0.014,0.0
590,32Mt_L3_EW,NONE,0.018,0.0
590,32Mt_L1_EW,32MT_EW,0.007,0.007
590,304Nvl_L2_NS,304NVL_NS,0.008,-0.009
590,304Nvl_L3_EW,NONE,0.013,0.0
590,32Nvl_L2_NS,32NVL_NS,0.007,0.001
590,32Nvl_L3_EW,NONE,0.006,0.0
590,32Nvl_L1_NS,32NVL_NS,0.101,0.094
590,32Mt_L2_EW,NONE,0.015,0.0
590,32Mt_L2_EW,32MT_EW,0.005,0.005
595,304Nvl_L1_NS,304NVL_NS,0.009,0.004
595,304Nvl_L3_NS,NONE,0.007,0.0
595,304Nvl_L1_EW,304NVL_EW,0.051,0.051
595,304Nvl_L2_EW,304NVL_EW,0.044,0.044
595,304Nvl_L1_NS,NONE,0.007,0.0
595,32Nvl_L1_NS,32NVL_NS,0.007,0.001
595,32Nvl_L1_EW,32NVL_EW,0.007,-0.003
595,32Nvl_L2_EW,32NVL_EW,0.007,0.004
595,32Nvl_L3_NS,NONE,0.017,0.0
595,32Nvl_L2_NS,32NVL_NS,0.016,0.01
595,NvcNvl_L1_EW,NVCNVL_EW,0.035,0.035
595,32Mt_L1_EW,NONE,0.007,0.0
595,32Mt_L3_EW,NONE,0.009,0.0
595,32Mt_L1_EW,32MT_EW,0.014,0.014
595,304Nvl_L2_NS,304NVL_NS,0.008,-0.003
595,304Nvl_L3_EW,NONE,0.006,0.0
595,32Nvl_L2_NS,32NVL_NS,0.007,0.001
595,32Nvl_L3_EW,NONE,0.006,0.0
595,32Nvl_L1_NS,32NVL_NS,0.02,0.014
595,32Mt_L2_EW,NONE,0.008,0.0
595,32Mt_L2_EW,32MT_EW,0.005,0.005
600,304Nvl_L1_NS,304NVL_NS,0.009,0.004
600,304Nvl_L3_NS,NONE,0.007,0.0
600,304Nvl_L1_EW,304NVL_EW,0.051,0.051
600,304Nvl_L2_EW,304NVL_EW,0.036,0.036
600,304Nvl_L1_EW,NONE,0.008,0.0
600,304Nvl_L1_NS,NONE,0.007,0.0
600,32Nvl_L1_NS,32NVL_NS,0.007,0.001
600,32Nvl_L1_EW,32NVL_EW,0.007,-0.013
600,32Nvl_L2_EW,32NVL_EW,0.007,0.004
600,NvcNvl_L1_EW,NVCNVL_EW,0.035,0.035
600,32Mt_L1_NS,32MT_NS,0.006,0.006
600,32Mt_L1_EW,NONE,0.014,0.0
600,32Mt_L3_EW,NONE,0.018,0.0
600,32Mt_L1_EW,32MT_EW,0.028,0.028
600,304Nvl_L2_NS,304NVL_NS,0.008,0.008
600,304Nvl_L3_EW,NONE,0.032,0.0
600,32Nvl_L2_NS,32NVL_NS,0.007,0.001
600,32Nvl_L3_EW,NONE,0.006,0.0
600,32Mt_L2_EW,NONE,0.015,0.0
600,32Mt_L2_EW,32MT_EW,0.005,0.005
605,304Nvl_L1_NS,304NVL_NS,0.009,0.004
605,304Nvl_L3_NS,NONE,0.007,0.0
605,304Nvl_L1_NS,NONE,0.036,0.0
605,32Nvl_L1_NS,32NVL_NS,0.007,0.001
605,32Nvl_L1_EW,32NVL_EW,0.007,-0.013
605,32Nvl_L2_EW,32NVL_EW,0.007,-0.004
605,32Nvl_L2_NS,32NVL_NS,0.008,0.003
605,NvcNvl_L1_EW,NVCNVL_EW,0.007,0.007
605,32Mt_L1_EW,NONE,0.014,0.0
605,32Mt_L3_EW,NONE,0.018,0.0
605,32Mt_L1_EW,32MT_EW,0.028,0.028
605,304Nvl_L2_NS,304NVL_NS,0.008,0.002
605,32Nvl_L3_EW,NONE,0.006,0.0
605,32Nvl_L1_NS,32NVL_NS,0.007,0.0
605,32Mt_L2_EW,NONE,0.015,0.0
605,32Mt_L2_EW,32MT_EW,0.016,0.016
610,304Nvl_L1_NS,304NVL_NS,0.009,0.009
610,304Nvl_L3_NS,NONE,0.007,0.0
610,304Nvl_L1_NS,NONE,0.036,0.0
610,32Nvl_L1_EW,32NVL_EW,0.007,-0.018
610,32Nvl_L2_EW,32NVL_EW,0.007,0.0
610,32Nvl_L3_NS,NONE,0.008,0.0
610,32Nvl_L2_NS,32NVL_NS,0.008,0.003
610,NvcNvl_L3_NS,NONE,0.007,0.0
610,NvcNvl_L2_NS,NONE,0.007,0.0
610,NvcNvl_L1_EW,NVCNVL_EW,0.007,0.007
610,32Mt_L1_EW,NONE,0.007,0.0
610,32Mt_L1_EW,32MT_EW,0.035,0.035
610,32Mt_L1_NS,NONE,0.059,0.0
610,NvcMt_L1_NS,NVCMT_NS,0.007,0.007
610,304Nvl_L2_NS,304NVL_NS,0.008,0.002
610,32Nvl_L3_EW,NONE,0.006,0.0
610,32Nvl_L1_NS,32NVL_NS,0.007,0.0
610,NvcNvl_L1_NS,NONE,0.009,0.0
610,32Mt_L2_EW,NONE,0.008,0.0
610,32Mt_L2_EW,32MT_EW,0.011,0.011
610,32Mt_L2_NS,NONE,0.052,0.0
610,NvcMt_L2_NS,NVCMT_NS,0.005,0.005
615,304Nvl_L1_NS,304NVL_NS,0.009,0.004
615,304Nvl_L3_NS,NONE,0.007,0.0
615,32Nvl_L1_NS,32NVL_NS,0.007,0.001
615,32Nvl_L1_EW,32NVL_EW,0.007,-0.003
615,32Nvl_L2_EW,32NVL_EW,0.007,0.0
615,32Nvl_L3_NS,NONE,0.042,0.0
615,32Nvl_L2_NS,32NVL_NS,0.039,0.034
615,NvcNvl_L3_NS,NONE,0.007,0.0
615,NvcNvl_L2_NS,NONE,0.007,0.0
615,32Mt_L1_EW,NONE,0.036,0.0
615,32Mt_L1_EW,32MT_EW,0.014,0.014
615,32Mt_L1_NS,NONE,0.01,0.0
615,304Nvl_L2_NS,304NVL_NS,0.008,-0.02
615,32Nvl_L3_EW,NONE,0.006,0.0
615,32Nvl_L1_NS,32NVL_NS,0.034,0.027
615,NvcNvl_L1_NS,NONE,0.009,0.0
615,32Mt_L2_EW,32MT_EW,0.011,0.011
620,304Nvl_L1_NS,304NVL_NS,0.009,0.004
620,304Nvl_L3_NS,NONE,0.007,0.0
620,32Nvl_L3_NS,NONE,0.007,0.0
620,32Nvl_L1_NS,32NVL_NS,0.007,0.001
620,32Nvl_L1_EW,32NVL_EW,0.007,-0.003
620,32Nvl_L2_EW,32NVL_EW,0.007,0.004
620,NvcNvl_L1_EW,NONE,0.011,0.0
620,NvcNvl_L2_EW,NONE,0.008,0.0
620,32Mt_L1_EW,NONE,0.007,0.0
620,32Mt_L1_EW,32MT_EW,0.014,0.014
620,NvcMt_L2_NS,NONE,0.005,0.0
620,NvcMt_L1_NS,NVCMT_NS,0.007,0.007
620,304Nvl_L2_NS,304NVL_NS,0.008,0.008
620,32Nvl_L2_NS,32NVL_NS,0.007,0.001
620,32Nvl_L3_EW,NONE,0.006,0.0
620,32Mt_L2_EW,32MT_EW,0.005,0.005
620,NvcMt_L1_NS,NONE,0.005,0.0
620,NvcMt_L2_NS,NVCMT_NS,0.005,0.005
625,304Nvl_L1_NS,304NVL_NS,0.009,0.004
625,304Nvl_L3_NS,NONE,0.007,0.0
625,32Nvl_L3_NS,NONE,0.007,0.0
625,32Nvl_L1_NS,32NVL_NS,0.007,0.001
625,32Nvl_L1_EW,32NVL_EW,0.007,0.002
625,32Nvl_L2_EW,32NVL_EW,0.007,0.004
625,NvcNvl_L1_EW,NVCNVL_EW,0.007,0.007
625,32Mt_L1_NS,32MT_NS,0.006,0.001
625,32Mt_L1_EW,NONE,0.036,0.0
625,32Mt_L3_EW,NONE,0.044,0.0
625,32Mt_L1_EW,32MT_EW,0.007,0.007
625,NvcMt_L1_NS,NVCMT_NS,0.007,0.002
625,304Nvl_L2_NS,304NVL_NS,0.008,0.008
625,32Nvl_L2_NS,32NVL_NS,0.007,0.001
625,32Nvl_L3_EW,NONE,0.006,0.0
625,32Mt_L2_EW,NONE,0.038,0.0
625,32Mt_L2_EW,32MT_EW,0.005,0.005
625,NvcMt_L2_NS,NVCMT_NS,0.005,0.005
630,304Nvl_L1_NS,304NVL_NS,0.009,0.004
630,304Nvl_L3_NS,NONE,0.007,0.0
630,304Nvl_L1_NS,NONE,0.007,0.0
630,304Nvl_L3_NS,NONE,0.008,0.0
630,32Nvl_L3_NS,NONE,0.007,0.0
630,32Nvl_L1_NS,32NVL_NS,0.007,0.001
630,32Nvl_L1_EW,32NVL_EW,0.007,0.007
630,32Nvl_L2_EW,32NVL_EW,0.007,0.007
630,32Nvl_L3_NS,NONE,0.008,0.0
630,32Nvl_L2_NS,32NVL_NS,0.008,0.003
630,NvcNvl_L3_NS,NONE,0.007,0.0
630,NvcNvl_L2_NS,NONE,0.007,0.0
630,32Mt_L1_NS,32MT_NS,0.006,0.001
630,32Mt_L1_EW,NONE,0.058,0.0
630,32Mt_L3_EW,NONE,0.018,0.0
630,NvcMt_L1_EW,NVCMT_EW,0.032,0.032
630,NvcMt_L1_NS,NVCMT_NS,0.007,0.002
630,304Nvl_L2_NS,304NVL_NS,0.008,0.002
630,304Nvl_L2_NS,NONE,0.007,0.0
630,32Nvl_L2_NS,32NVL_NS,0.007,0.001
630,32Nvl_L3_EW,NONE,0.006,0.0
630,32Nvl_L1_NS,32NVL_NS,0.04,0.034
630,NvcNvl_L1_NS,NONE,0.009,0.0
630,32Mt_L2_EW,NONE,0.06,0.0
630,NvcMt_L2_EW,NVCMT_EW,0.04,0.04
630,NvcMt_L2_NS,NVCMT_NS,0.005,0.005
635,304Nvl_L1_NS,304NVL_NS,0.009,-0.015
635,304Nvl_L3_NS,NONE,0.007,0.0
635,304Nvl_L1_EW,304NVL_EW,0.008,0.008
635,304Nvl_L2_EW,304NVL_EW,0.007,0.007
635,32Nvl_L1_NS,32NVL_NS,0.035,0.028
635,32Nvl_L1_EW,32NVL_EW,0.007,0.007
635,32Nvl_L2_EW,32NVL_EW,0.007,0.007
635,32Mt_L1_NS,32MT_NS,0.006,0.001
635,32Mt_L1_EW,NONE,0.007,0.0
635,32Mt_L3_EW,NONE,0.009,0.0
635,NvcMt_L1_NS,NVCMT_NS,0.007,0.002
635,304Nvl_L2_NS,304NVL_NS,0.008,0.008
635,304Nvl_L3_EW,NONE,0.006,0.0
635,32Nvl_L2_NS,32NVL_NS,0.033,0.028
635,32Nvl_L3_EW,NONE,0.006,0.0
635,32Nvl_L1_NS,32NVL_NS,0.007,0.0
635,32Mt_L2_EW,NONE,0.008,0.0
635,NvcMt_L2_NS,NVCMT_NS,0.005,0.005
640,304Nvl_L1_NS,304NVL_NS,0.009,0.009
640,304Nvl_L3_NS,NONE,0.007,0.0
640,304Nvl_L1_EW,304NVL_EW,0.008,0.008
640,304Nvl_L1_NS,NONE,0.007,0.0
640,304Nvl_L3_NS,NONE,0.008,0.0
640,32Nvl_L1_EW,32NVL_EW,0.007,-0.017
640,32Nvl_L2_EW,32NVL_EW,0.008,-0.011
640,32Nvl_L1_EW,32NVL_EW,0.007,-0.018
640,32Nvl_L2_EW,32NVL_EW,0.007,-0.012
640,32Mt_L1_NS,32MT_NS,0.006,0.001
640,32Mt_L1_EW,NONE,0.007,0.0
640,32Mt_L3_EW,NONE,0.009,0.0
640,32Mt_L1_EW,32MT_EW,0.035,0.03
640,32Mt_L1_NS,NONE,0.02,0.0
640,NvcMt_L1_NS,NVCMT_NS,0.007,0.002
640,304Nvl_L2_NS,304NVL_NS,0.008,0.008
640,304Nvl_L2_NS,NONE,0.007,0.0
640,32Nvl_L3_EW,NONE,0.006,0.0
640,32Nvl_L3_EW,NONE,0.006,0.0
640,32Nvl_L1_NS,32NVL_NS,0.007,0.0
640,32Mt_L2_EW,NONE,0.008,0.0
640,32Mt_L2_EW,32MT_EW,0.027,0.022
640,NvcMt_L2_NS,NVCMT_NS,0.005,0.005
645,304Nvl_L1_NS,304NVL_NS,0.018,0.018
645,304Nvl_L3_NS,NONE,0.015,0.0
645,304Nvl_L1_EW,304NVL_EW,0.008,0.008
645,32Nvl_L1_EW,32NVL_EW,0.007,0.007
645,32Nvl_L2_EW,32NVL_EW,0.008,0.008
645,32Mt_L1_NS,32MT_NS,0.006,0.001
645,NvcMt_L1_NS,NVCMT_NS,0.007,0.002
645,304Nvl_L2_NS,304NVL_NS,0.015,0.015
645,32Nvl_L3_EW,NONE,0.006,0.0
645,32Nvl_L1_NS,32NVL_NS,0.007,-0.006
645,NvcMt_L2_NS,NVCMT_NS,0.005,0.005
650,304Nvl_L1_NS,304NVL_NS,0.027,0.027
650,304Nvl_L3_NS,NONE,0.022,0.0
650,304Nvl_L1_EW,304NVL_EW,0.051,0.051
650,304Nvl_L2_EW,304NVL_EW,0.044,0.044
650,32Nvl_L1_EW,32NVL_EW,0.007,0.002
650,32Nvl_L2_EW,32NVL_EW,0.008,0.004
650,32Nvl_L3_NS,NONE,0.008,0.0
650,32Nvl_L2_NS,32NVL_NS,0.008,-0.008
650,NvcNvl_L1_EW,NONE,0.011,0.0
650,NvcNvl_L2_EW,NONE,0.008,0.0
650,32Mt_L1_NS,32MT_NS,0.006,0.001
650,32Mt_L1_EW,32MT_EW,0.007,0.002
650,32Mt_L1_NS,NONE,0.01,0.0
650,NvcMt_L1_NS,NVCMT_NS,0.007,0.002
650,NvcCmt8_L2_EW,NVCCMT8_EW,0.005,0.005
650,304Nvl_L2_NS,304NVL_NS,0.023,0.017
650,304Nvl_L3_EW,NONE,0.038,0.0
650,32Nvl_L3_EW,NONE,0.006,0.0
650,32Nvl_L1_NS,32NVL_NS,0.013,-0.006
650,NvcNvl_L3_EW,NONE,0.006,0.0
650,32Mt_L2_EW,32MT_EW,0.005,0.0
650,32Mt_L2_NS,NONE,0.009,0.0
650,NvcMt_L2_NS,NVCMT_NS,0.005,0.005
650,NvcCmt8_L1_EW,NVCCMT8_EW,0.008,0.008
655,304Nvl_L1_NS,304NVL_NS,0.027,0.027
655,304Nvl_L3_NS,NONE,0.022,0.0
655,304Nvl_L1_EW,304NVL_EW,0.068,0.068
655,304Nvl_L2_EW,304NVL_EW,0.051,0.051
655,32Nvl_L1_EW,32NVL_EW,0.007,-0.003
655,32Nvl_L2_EW,32NVL_EW,0.008,0.004
655,32Nvl_L3_NS,NONE,0.008,0.0
655,32Nvl_L2_NS,32NVL_NS,0.008,-0.008
655,32Mt_L1_EW,32MT_EW,0.014,0.009
655,NvcMt_L1_NS,NVCMT_NS,0.007,0.007
655,304Nvl_L2_NS,304NVL_NS,0.023,0.017
655,304Nvl_L3_EW,NONE,0.044,0.0
655,32Nvl_L3_EW,NONE,0.006,0.0
655,32Nvl_L1_NS,32NVL_NS,0.013,-0.006
655,32Mt_L2_EW,32MT_EW,0.005,0.0
655,NvcMt_L2_NS,NVCMT_NS,0.005,0.005
660,304Thn_L1_EW,NONE,0.007,0.0
660,304Thn_L2_EW,NONE,0.008,0.0
660,304Nvl_L1_NS,304NVL_NS,0.027,0.027
660,304Nvl_L3_NS,NONE,0.022,0.0
660,304Nvl_L1_EW,304NVL_EW,0.008,0.008
660,304Nvl_L2_EW,304NVL_EW,0.007,0.007
660,304Nvl_L1_NS,NONE,0.007,0.0
660,32Nvl_L3_NS,NONE,0.008,0.0
660,32Nvl_L2_NS,32NVL_NS,0.008,-0.008
660,NvcNvl_L2_NS,NONE,0.007,0.0
660,NvcNvl_L1_EW,NONE,0.021,0.0
660,NvcNvl_L2_EW,NONE,0.015,0.0
660,NvcNvl_L1_EW,NVCNVL_EW,0.007,0.007
660,NvcNvl_L2_EW,NVCNVL_EW,0.008,0.008
660,32Mt_L1_EW,NONE,0.007,0.0
660,32Mt_L3_EW,NONE,0.009,0.0
660,NvcMt_L1_NS,NVCMT_NS,0.007,0.007
660,304Nvl_L2_NS,304NVL_NS,0.023,0.017
660,304Nvl_L3_EW,NONE,0.006,0.0
660,32Nvl_L1_NS,32NVL_NS,0.02,0.001
660,NvcNvl_L1_NS,NONE,0.009,0.0
660,NvcNvl_L3_EW,NONE,0.006,0.0
660,NvcNvl_L3_EW,NONE,0.009,0.0
660,32Mt_L2_EW,NONE,0.008,0.0
660,NvcMt_L2_NS,NVCMT_NS,0.005,0.005
660,304Thn_L3_EW,NONE,0.008,0.0
665,304Nvl_L1_NS,304NVL_NS,0.027,0.027
665,304Nvl_L3_NS,NONE,0.022,0.0
665,304Nvl_L1_EW,304NVL_EW,0.008,0.008
665,304Nvl_L2_EW,304NVL_EW,0.007,0.007
665,304Nvl_L1_NS,NONE,0.051,0.0
665,32Nvl_L3_NS,NONE,0.017,0.0
665,32Nvl_L2_NS,32NVL_NS,0.016,0.0
665,NvcNvl_L3_NS,NONE,0.007,0.0
665,NvcNvl_L2_NS,NONE,0.007,0.0
665,NvcNvl_L1_EW,NONE,0.032,0.0
665,NvcNvl_L2_EW,NONE,0.015,0.0
665,NvcNvl_L1_EW,NVCNVL_EW,0.007,0.007
665,32Mt_L1_EW,NONE,0.007,0.0
665,NvcMt_L1_NS,NVCMT_NS,0.007,0.007
665,304Nvl_L2_NS,304NVL_NS,0.023,0.012
665,304Nvl_L3_EW,NONE,0.006,0.0
665,32Nvl_L1_NS,32NVL_NS,0.027,0.008
665,NvcNvl_L1_NS,NONE,0.009,0.0
665,NvcNvl_L3_EW,NONE,0.013,0.0
665,NvcMt_L2_NS,NVCMT_NS,0.005,0.005
670,304Thn_L1_EW,304THN_EW,0.008,-0.004
670,304Nvl_L1_NS,304NVL_NS,0.072,0.072
670,304Nvl_L3_NS,NONE,0.059,0.0
670,304Nvl_L1_EW,304NVL_EW,0.017,0.011
670,304Nvl_L2_EW,304NVL_EW,0.007,0.007
670,304Nvl_L1_NS,NONE,0.007,0.0
670,32Nvl_L1_EW,32NVL_EW,0.007,0.002
670,32Nvl_L2_EW,32NVL_EW,0.008,0.004
670,32Nvl_L3_NS,NONE,0.025,0.0
670,32Nvl_L2_NS,32NVL_NS,0.024,-0.019
670,32Mt_L1_EW,NONE,0.007,0.0
670,32Mt_L3_EW,NONE,0.009,0.0
670,32Mt_L1_EW,32MT_EW,0.007,0.002
670,32Mt_L1_NS,NONE,0.01,0.0
670,NvcMt_L1_NS,NVCMT_NS,0.007,0.007
670,NvcCmt8_L2_NS,NONE,0.011,0.0
670,NvcCmt8_L1_NS,NONE,0.008,0.0
670,304Nvl_L2_NS,304NVL_NS,0.061,0.044
670,32Nvl_L3_EW,NONE,0.006,0.0
670,32Nvl_L1_NS,32NVL_NS,0.027,-0.024
670,32Mt_L2_EW,NONE,0.008,0.0
670,32Mt_L2_EW,32MT_EW,0.005,0.0
670,NvcMt_L2_NS,NVCMT_NS,0.005,0.005
675,304Nvl_L1_NS,304NVL_NS,0.063,0.063
675,304Nvl_L3_NS,NONE,0.044,0.0
675,304Nvl_L1_EW,304NVL_EW,0.008,0.008
675,304Nvl_L2_EW,304NVL_EW,0.007,0.007
675,32Nvl_L3_NS,NONE,0.025,0.0
675,32Nvl_L2_NS,32NVL_NS,0.024,-0.008
675,NvcNvl_L3_NS,NONE,0.007,0.0
675,NvcNvl_L2_NS,NONE,0.007,0.0
675,32Mt_L1_EW,32MT_EW,0.007,0.007
675,304Nvl_L2_NS,304NVL_NS,0.046,0.029
675,304Nvl_L3_EW,NONE,0.006,0.0
675,32Nvl_L1_NS,32NVL_NS,0.02,-0.024
675,NvcNvl_L1_NS,NONE,0.009,0.0
675,32Mt_L2_EW,32MT_EW,0.005,0.005
680,304Nvl_L1_EW,304NVL_EW,0.008,0.008
680,304Nvl_L2_EW,304NVL_EW,0.007,0.007
680,32Nvl_L3_NS,NONE,0.017,0.0
680,32Nvl_L2_NS,32NVL_NS,0.016,0.016
680,NvcNvl_L1_EW,NONE,0.011,0.0
680,NvcNvl_L2_EW,NONE,0.008,0.0
680,32Mt_L1_EW,32MT_EW,0.021,0.021
680,32Mt_L1_NS,NONE,0.01,0.0
680,NvcMt_L1_NS,NVCMT_NS,0.007,0.007
680,NvcCmt8_L2_NS,NONE,0.012,0.0
680,32Thn_L1_EW,32THN_EW,0.008,0.008
680,32Thn_L2_EW,32THN_EW,0.008,0.008
680,32Thn_L3_EW,NONE,0.008,0.0
680,304Nvl_L3_EW,NONE,0.006,0.0
680,32Nvl_L1_NS,32NVL_NS,0.02,0.02
680,32Mt_L2_EW,32MT_EW,0.011,0.011
680,32Mt_L2_NS,NONE,0.009,0.0
680,NvcMt_L2_NS,NVCMT_NS,0.005,0.005
680,NvcCmt8_L1_NS,NONE,0.011,0.0
685,304Nvl_L1_EW,304NVL_EW,0.025,0.025
685,304Nvl_L2_EW,304NVL_EW,0.015,0.015
685,304Nvl_L1_NS,NONE,0.007,0.0
685,32Nvl_L1_NS,32NVL_NS,0.014,0.014
685,32Mt_L1_EW,32MT_EW,0.021,0.021
685,NvcMt_L2_NS,NONE,0.026,0.0
685,NvcMt_L1_NS,NVCMT_NS,0.007,0.007
685,32Thn_L1_EW,32THN_EW,0.008,0.008
685,32Thn_L2_EW,32THN_EW,0.008,0.008
685,32Thn_L3_EW,NONE,0.008,0.0
685,304Nvl_L3_EW,NONE,0.013,0.0
685,32Nvl_L2_NS,32NVL_NS,0.007,0.007
685,32Mt_L2_EW,32MT_EW,0.016,0.016
685,NvcMt_L1_NS,NONE,0.027,0.0
685,NvcMt_L2_NS,NVCMT_NS,0.005,0.005
690,304Nvl_L1_EW,304NVL_EW,0.042,0.042
690,304Nvl_L2_EW,304NVL_EW,0.029,0.029
690,304Nvl_L1_NS,NONE,0.007,0.0
690,32Nvl_L3_NS,NONE,0.008,0.0
690,32Nvl_L2_NS,32NVL_NS,0.008,0.008
690,NvcNvl_L3_NS,NONE,0.007,0.0
690,NvcNvl_L2_NS,NONE,0.007,0.0
690,32Mt_L1_EW,32MT_EW,0.028,0.028
690,32Thn_L1_EW,NONE,0.01,0.0
690,304Nvl_L3_EW,NONE,0.025,0.0
690,32Nvl_L1_NS,32NVL_NS,0.007,0.007
690,NvcNvl_L1_NS,NONE,0.009,0.0
690,32Mt_L2_EW,32MT_EW,0.011,0.011
695,304Nvl_L1_EW,304NVL_EW,0.127,0.127
695,304Nvl_L2_EW,304NVL_EW,0.109,0.109
695,304Nvl_L1_NS,NONE,0.036,0.0
695,32Nvl_L3_NS,NONE,0.034,0.0
695,32Nvl_L1_NS,32NVL_NS,0.042,0.042
695,32Nvl_L1_EW,32NVL_EW,0.007,-0.008
695,32Nvl_L2_EW,32NVL_EW,0.008,-0.004
695,NvcNvl_L3_NS,NONE,0.041,0.0
695,NvcNvl_L2_NS,NONE,0.04,0.0
695,32Mt_L1_EW,32MT_EW,0.021,0.016
695,32Mt_L1_NS,NONE,0.068,0.0
695,32Thn_L1_EW,NONE,0.01,0.0
695,304Nvl_L3_EW,NONE,0.095,0.0
695,32Nvl_L2_NS,32NVL_NS,0.033,0.033
695,32Nvl_L3_EW,NONE,0.006,0.0
695,NvcNvl_L1_NS,NONE,0.052,0.0
695,32Mt_L2_EW,32MT_EW,0.016,0.011
695,32Mt_L2_NS,NONE,0.061,0.0
700,304Nvl_L1_EW,304NVL_EW,0.11,0.11
700,304Nvl_L2_EW,304NVL_EW,0.094,0.094
700,32Nvl_L3_NS,NONE,0.007,0.0
700,32Nvl_L1_NS,32NVL_NS,0.055,0.055
700,32Nvl_L1_EW,32NVL_EW,0.007,-0.008
700,32Nvl_L2_EW,32NVL_EW,0.008,-0.004
700,NvcNvl_L3_NS,NONE,0.02,0.0
700,NvcNvl_L2_NS,NONE,0.02,0.0
700,NvcNvl_L1_EW,NVCNVL_EW,0.007,0.007
700,32Mt_L1_EW,32MT_EW,0.021,0.016
700,32Mt_L1_NS,NONE,0.01,0.0
700,NvcMt_L2_NS,NONE,0.005,0.0
700,304Nvl_L3_EW,NONE,0.082,0.0
700,32Nvl_L2_NS,32NVL_NS,0.047,0.047
700,32Nvl_L3_EW,NONE,0.006,0.0
700,32Nvl_L1_NS,32NVL_NS,0.007,0.007
700,NvcNvl_L1_NS,NONE,0.026,0.0
700,32Mt_L2_EW,32MT_EW,0.016,0.011
700,32Mt_L2_NS,NONE,0.009,0.0
700,NvcMt_L1_NS,NONE,0.005,0.0
705,304Nvl_L1_EW,304NVL_EW,0.11,0.11
705,304Nvl_L2_EW,304NVL_EW,0.094,0.094
705,304Nvl_L1_NS,NONE,0.007,0.0
705,32Nvl_L1_EW,32NVL_EW,0.007,-0.032
705,32Nvl_L2_EW,32NVL_EW,0.008,-0.004
705,NvcNvl_L1_EW,NVCNVL_EW,0.007,0.007
705,32Mt_L1_EW,32MT_EW,0.056,0.051
705,32Mt_L1_NS,NONE,0.01,0.0
705,304Nvl_L3_EW,NONE,0.082,0.0
705,32Nvl_L3_EW,NONE,0.006,0.0
705,32Mt_L2_EW,32MT_EW,0.016,0.011
710,304Nvl_L1_NS,304NVL_NS,0.009,0.004
710,304Nvl_L3_NS,NONE,0.007,0.0
710,304Nvl_L1_EW,304NVL_EW,0.017,0.017
710,304Nvl_L2_EW,304NVL_EW,0.015,0.015
710,304Nvl_L1_NS,NONE,0.007,0.0
710,32Nvl_L3_NS,NONE,0.007,0.0
710,32Nvl_L1_NS,32NVL_NS,0.007,0.001
710,32Nvl_L1_EW,32NVL_EW,0.007,-0.042
710,32Nvl_L2_EW,32NVL_EW,0.008,-0.004
710,NvcNvl_L3_NS,NONE,0.007,0.0
710,NvcNvl_L2_NS,NONE,0.007,0.0
710,NvcNvl_L1_EW,NVCNVL_EW,0.007,0.007
710,32Mt_L1_EW,NONE,0.007,0.0
710,32Mt_L3_EW,NONE,0.009,0.0
710,32Mt_L1_EW,32MT_EW,0.07,0.065
710,304Nvl_L2_NS,304NVL_NS,0.008,0.008
710,304Nvl_L3_EW,NONE,0.013,0.0
710,32Nvl_L2_NS,32NVL_NS,0.007,0.001
710,32Nvl_L3_EW,NONE,0.006,0.0
710,NvcNvl_L1_NS,NONE,0.009,0.0
710,32Mt_L2_EW,NONE,0.008,0.0
710,32Mt_L2_EW,32MT_EW,0.016,0.011
715,304Nvl_L1_NS,304NVL_NS,0.009,-0.001
715,304Nvl_L3_NS,NONE,0.007,0.0
715,304Nvl_L1_EW,304NVL_EW,0.008,0.008
715,304Nvl_L2_EW,304NVL_EW,0.007,0.007
715,304Nvl_L1_NS,NONE,0.022,0.0
715,304Nvl_L3_NS,NONE,0.008,0.0
715,32Nvl_L3_NS,NONE,0.007,0.0
715,32Nvl_L1_NS,32NVL_NS,0.014,0.008
715,32Nvl_L1_EW,32NVL_EW,0.007,-0.042
715,32Nvl_L2_EW,32NVL_EW,0.008,-0.027
715,NvcNvl_L1_EW,NVCNVL_EW,0.007,0.007
715,32Mt_L1_EW,32MT_EW,0.07,0.065
715,304Nvl_L2_NS,304NVL_NS,0.008,0.008
715,304Nvl_L2_NS,NONE,0.007,0.0
715,32Nvl_L2_NS,32NVL_NS,0.007,0.001
715,32Nvl_L3_EW,NONE,0.006,0.0
715,32Mt_L2_EW,32MT_EW,0.049,0.044
720,304Nvl_L1_NS,304NVL_NS,0.009,0.009
720,304Nvl_L3_NS,NONE,0.007,0.0
720,304Nvl_L1_EW,304NVL_EW,0.042,0.042
720,304Nvl_L2_EW,304NVL_EW,0.036,0.036
720,304Nvl_L1_NS,NONE,0.015,0.0
720,32Nvl_L1_EW,32NVL_EW,0.007,-0.037
720,32Nvl_L2_EW,32NVL_EW,0.008,-0.023
720,NvcNvl_L2_NS,NONE,0.033,0.0
720,NvcNvl_L1_EW,NVCNVL_EW,0.007,0.007
720,32Mt_L1_EW,NONE,0.014,0.0
720,32Mt_L3_EW,NONE,0.018,0.0
720,32Mt_L1_EW,32MT_EW,0.063,0.058
720,32Mt_L1_NS,NONE,0.01,0.0
720,304Nvl_L2_NS,304NVL_NS,0.008,0.008
720,304Nvl_L3_EW,NONE,0.032,0.0
720,32Nvl_L3_EW,NONE,0.006,0.0
720,NvcNvl_L1_NS,NONE,0.044,0.0
720,32Mt_L2_EW,NONE,0.015,0.0
720,32Mt_L2_EW,32MT_EW,0.044,0.038
725,304Nvl_L1_NS,304NVL_NS,0.054,0.03
725,304Nvl_L3_NS,NONE,0.007,0.0
725,304Nvl_L1_EW,304NVL_EW,0.042,0.042
725,304Nvl_L1_NS,NONE,0.007,0.0
725,32Nvl_L3_NS,NONE,0.034,0.0
725,32Nvl_L1_NS,32NVL_NS,0.035,-0.003
725,32Nvl_L1_EW,32NVL_EW,0.007,-0.013
725,32Nvl_L2_EW,32NVL_EW,0.008,-0.01
725,NvcNvl_L3_NS,NONE,0.041,0.0
725,NvcNvl_L2_NS,NONE,0.04,0.0
725,NvcNvl_L1_EW,NVCNVL_EW,0.007,0.007
725,32Mt_L1_EW,32MT_EW,0.021,0.016
725,32Thn_L1_EW,32THN_EW,0.008,0.003
725,32Thn_L2_EW,32THN_EW,0.008,0.003
725,32Thn_L3_EW,NONE,0.008,0.0
725,304Nvl_L2_NS,304NVL_NS,0.008,0.008
725,32Nvl_L2_NS,32NVL_NS,0.033,0.028
725,32Nvl_L3_EW,NONE,0.006,0.0
725,NvcNvl_L1_NS,NONE,0.052,0.0
725,32Mt_L2_EW,32MT_EW,0.016,0.011
730,304Nvl_L1_NS,304NVL_NS,0.054,0.025
730,304Nvl_L3_NS,NONE,0.007,0.0
730,304Nvl_L1_EW,304NVL_EW,0.008,0.008
730,304Nvl_L1_NS,NONE,0.044,0.0
730,304Nvl_L3_NS,NONE,0.008,0.0
730,32Nvl_L3_NS,NONE,0.007,0.0
730,32Nvl_L1_NS,32NVL_NS,0.042,0.003
730,32Nvl_L1_EW,32NVL_EW,0.007,-0.018
730,32Nvl_L2_EW,32NVL_EW,0.008,-0.01
730,NvcNvl_L3_NS,NONE,0.007,0.0
730,NvcNvl_L2_NS,NONE,0.007,0.0
730,NvcNvl_L1_EW,NONE,0.053,0.0
730,32Mt_L1_EW,NONE,0.007,0.0
730,32Mt_L1_EW,32MT_EW,0.028,0.023
730,NvcCmt8_L2_NS,NONE,0.011,0.0
730,32Thn_L1_EW,32THN_EW,0.008,0.003
730,32Thn_L2_EW,32THN_EW,0.008,0.003
730,NvcCmt8_L1_NS,NONE,0.008,0.0
730,32Thn_L3_EW,NONE,0.008,0.0
730,304Nvl_L2_NS,304NVL_NS,0.008,0.008
730,304Nvl_L2_NS,NONE,0.007,0.0
730,32Nvl_L2_NS,32NVL_NS,0.04,0.035
730,32Nvl_L3_EW,NONE,0.006,0.0
730,NvcNvl_L1_NS,NONE,0.009,0.0
730,32Mt_L2_EW,32MT_EW,0.016,0.011
735,304Nvl_L1_NS,304NVL_NS,0.009,-0.001
735,304Nvl_L3_NS,NONE,0.007,0.0
735,304Nvl_L1_EW,304NVL_EW,0.008,0.008
735,32Nvl_L3_NS,NONE,0.014,0.0
735,32Nvl_L1_NS,32NVL_NS,0.014,0.008
735,NvcNvl_L3_NS,NONE,0.007,0.0
735,NvcNvl_L2_NS,NONE,0.007,0.0
735,NvcNvl_L1_EW,NONE,0.053,0.0
735,NvcNvl_L2_EW,NONE,0.038,0.0
735,32Mt_L1_EW,NONE,0.007,0.0
735,32Mt_L3_EW,NONE,0.009,0.0
735,32Mt_L1_EW,32MT_EW,0.014,0.014
735,32Mt_L1_NS,NONE,0.02,0.0
735,NvcMt_L2_NS,NONE,0.005,0.0
735,NvcCmt8_L2_EW,NONE,0.007,0.0
735,32Thn_L1_EW,32THN_EW,0.008,0.008
735,32Thn_L2_EW,32THN_EW,0.008,0.008
735,32Thn_L3_EW,NONE,0.008,0.0
735,304Nvl_L2_NS,304NVL_NS,0.008,0.008
735,32Nvl_L2_NS,32NVL_NS,0.013,0.008
735,NvcNvl_L1_NS,NONE,0.009,0.0
735,32Mt_L2_EW,NONE,0.008,0.0
735,32Mt_L2_EW,32MT_EW,0.011,0.011
735,32Mt_L2_NS,NONE,0.009,0.0
735,NvcMt_L1_NS,NONE,0.005,0.0
735,NvcCmt8_L1_EW,NONE,0.006,0.0
740,304Nvl_L1_NS,304NVL_NS,0.009,-0.005
740,304Nvl_L3_NS,NONE,0.007,0.0
740,304Nvl_L1_EW,304NVL_EW,0.008,0.008
740,32Nvl_L3_NS,NONE,0.014,0.0
740,32Nvl_L1_NS,32NVL_NS,0.021,0.014
740,NvcNvl_L1_EW,NVCNVL_EW,0.007,0.003
740,32Mt_L1_EW,NONE,0.05,0.0
740,32Mt_L1_EW,32MT_EW,0.007,0.007
740,NvcMt_L1_EW,NVCMT_EW,0.006,0.001
740,32Thn_L1_EW,NONE,0.01,0.0
740,304Nvl_L2_NS,304NVL_NS,0.008,0.008
740,32Nvl_L2_NS,32NVL_NS,0.02,0.015
740,32Nvl_L1_NS,32NVL_NS,0.007,0.0
740,32Mt_L2_EW,NONE,0.038,0.0
740,32Mt_L2_EW,32MT_EW,0.005,0.005
740,NvcMt_L2_EW,NVCMT_EW,0.008,0.008
745,304Nvl_L1_NS,304NVL_NS,0.009,-0.015
745,304Nvl_L3_NS,NONE,0.007,0.0
745,32Nvl_L3_NS,NONE,0.02,0.0
745,32Nvl_L1_NS,32NVL_NS,0.035,0.028
745,32Nvl_L1_EW,32NVL_EW,0.007,0.007
745,32Nvl_L2_EW,32NVL_EW,0.007,0.007
745,32Nvl_L3_NS,NONE,0.008,0.0
745,32Nvl_L2_NS,32NVL_NS,0.008,0.003
745,32Mt_L1_EW,NONE,0.043,0.0
745,32Mt_L3_EW,NONE,0.044,0.0
745,32Mt_L1_NS,NONE,0.01,0.0
745,NvcMt_L2_NS,NONE,0.005,0.0
745,NvcMt_L1_EW,NVCMT_EW,0.006,0.006
745,NvcMt_L2_EW,NVCMT_EW,0.003,0.003
745,32Thn_L1_EW,NONE,0.01,0.0
745,304Nvl_L2_NS,304NVL_NS,0.008,0.002
745,32Nvl_L2_NS,32NVL_NS,0.033,0.028
745,32Nvl_L3_EW,NONE,0.006,0.0
745,32Nvl_L1_NS,32NVL_NS,0.013,0.007
745,32Mt_L2_EW,NONE,0.038,0.0
745,NvcMt_L1_NS,NONE,0.005,0.0
745,NvcMt_L2_EW,NVCMT_EW,0.008,0.008
745,NvcMt_L1_EW,NVCMT_EW,0.006,0.006
750,304Nvl_L1_NS,304NVL_NS,0.009,-0.02
750,304Nvl_L3_NS,NONE,0.007,0.0
750,32Nvl_L3_NS,NONE,0.027,0.0
750,32Nvl_L1_NS,32NVL_NS,0.042,0.035
750,32Nvl_L3_NS,NONE,0.008,0.0
750,32Nvl_L2_NS,32NVL_NS,0.008,0.003
750,NvcNvl_L1_EW,NVCNVL_EW,0.007,0.007
750,NvcNvl_L2_EW,NVCNVL_EW,0.008,0.008
750,32Mt_L1_EW,NONE,0.014,0.0
750,32Mt_L3_EW,NONE,0.018,0.0
750,NvcMt_L2_NS,NONE,0.005,0.0
750,32Thn_L1_EW,NONE,0.01,0.0
750,304Nvl_L2_NS,304NVL_NS,0.008,0.002
750,32Nvl_L2_NS,32NVL_NS,0.04,0.035
750,32Nvl_L1_NS,32NVL_NS,0.013,0.007
750,NvcNvl_L3_EW,NONE,0.009,0.0
750,32Mt_L2_EW,NONE,0.015,0.0
750,NvcMt_L1_NS,NONE,0.005,0.0
755,304Nvl_L1_NS,304NVL_NS,0.009,-0.039
755,304Nvl_L3_NS,NONE,0.007,0.0
755,304Nvl_L1_EW,304NVL_EW,0.008,0.008
755,304Nvl_L2_EW,304NVL_EW,0.007,0.007
755,32Nvl_L3_NS,NONE,0.055,0.0
755,32Nvl_L1_NS,32NVL_NS,0.069,0.063
755,32Nvl_L3_NS,NONE,0.008,0.0
755,32Nvl_L2_NS,32NVL_NS,0.008,0.003
755,NvcNvl_L3_NS,NONE,0.007,0.0
755,NvcNvl_L2_NS,NONE,0.007,0.0
755,32Mt_L1_EW,NONE,0.036,0.0
755,32Mt_L1_EW,32MT_EW,0.035,0.035
755,304Nvl_L2_NS,304NVL_NS,0.008,0.002
755,304Nvl_L3_EW,NONE,0.006,0.0
755,32Nvl_L2_NS,32NVL_NS,0.067,0.061
755,32Nvl_L1_NS,32NVL_NS,0.007,0.0
755,NvcNvl_L1_NS,NONE,0.009,0.0
755,32Mt_L2_EW,32MT_EW,0.027,0.027
760,304Nvl_L1_NS,304NVL_NS,0.009,-0.035
760,304Nvl_L3_NS,NONE,0.007,0.0
760,32Nvl_L3_NS,NONE,0.048,0.0
760,32Nvl_L1_NS,32NVL_NS,0.062,0.056
760,32Nvl_L3_NS,NONE,0.017,0.0
760,32Nvl_L2_NS,32NVL_NS,0.016,0.01
760,NvcNvl_L1_EW,NONE,0.011,0.0
760,NvcNvl_L2_EW,NONE,0.008,0.0
760,32Mt_L1_NS,32MT_NS,0.006,0.006
760,32Mt_L1_EW,32MT_EW,0.007,0.007
760,NvcCmt8_L2_EW,NVCCMT8_EW,0.005,0.005
760,304Nvl_L2_NS,304NVL_NS,0.008,-0.003
760,32Nvl_L2_NS,32NVL_NS,0.06,0.055
760,32Nvl_L1_NS,32NVL_NS,0.02,0.014
760,NvcCmt8_L1_EW,NVCCMT8_EW,0.008,0.008
765,304Nvl_L1_NS,304NVL_NS,0.009,-0.03
765,304Nvl_L3_NS,NONE,0.007,0.0
765,304Nvl_L1_NS,NONE,0.007,0.0
765,32Nvl_L3_NS,NONE,0.048,0.0
765,32Nvl_L1_NS,32NVL_NS,0.055,0.049
765,32Nvl_L3_NS,NONE,0.017,0.0
765,32Nvl_L2_NS,32NVL_NS,0.016,0.01
765,NvcNvl_L3_NS,NONE,0.081,0.0
765,NvcNvl_L2_NS,NONE,0.079,0.0
765,32Mt_L1_NS,32MT_NS,0.006,0.006
765,32Mt_L1_EW,32MT_EW,0.007,0.007
765,304Nvl_L2_NS,304NVL_NS,0.008,-0.003
765,32Nvl_L2_NS,32NVL_NS,0.053,0.048
765,32Nvl_L1_NS,32NVL_NS,0.02,0.014
765,NvcNvl_L1_NS,NONE,0.105,0.0
765,32Mt_L2_EW,32MT_EW,0.005,0.005
765,NvcCmt8_L1_EW,NONE,0.006,0.0
770,304Nvl_L1_NS,304NVL_NS,0.009,-0.005
770,304Nvl_L3_NS,NONE,0.007,0.0
770,32Nvl_L3_NS,NONE,0.014,0.0
770,32Nvl_L1_NS,32NVL_NS,0.021,0.014
770,32Nvl_L3_NS,NONE,0.017,0.0
770,32Nvl_L2_NS,32NVL_NS,0.016,0.01
770,NvcNvl_L3_NS,NONE,0.095,0.0
770,NvcNvl_L2_NS,NONE,0.092,0.0
770,NvcNvl_L1_EW,NONE,0.053,0.0
770,NvcNvl_L2_EW,NONE,0.038,0.0
770,32Mt_L1_NS,NONE,0.01,0.0
770,304Nvl_L2_NS,304NVL_NS,0.008,-0.003
770,32Nvl_L2_NS,32NVL_NS,0.02,0.015
770,32Nvl_L1_NS,32NVL_NS,0.02,0.014
770,NvcNvl_L1_NS,NONE,0.122,0.0
770,NvcNvl_L3_EW,NONE,0.032,0.0
770,32Mt_L2_NS,NONE,0.009,0.0
775,304Nvl_L1_NS,304NVL_NS,0.009,-0.005
775,304Nvl_L3_NS,NONE,0.007,0.0
775,304Nvl_L1_EW,304NVL_EW,0.008,0.008
775,304Nvl_L2_EW,304NVL_EW,0.007,0.007
775,32Nvl_L3_NS,NONE,0.014,0.0
775,32Nvl_L1_NS,32NVL_NS,0.021,0.014
775,32Nvl_L3_NS,NONE,0.017,0.0
775,32Nvl_L2_NS,32NVL_NS,0.016,0.01
775,NvcNvl_L1_EW,NONE,0.011,0.0
775,NvcNvl_L2_EW,NONE,0.008,0.0
775,32Mt_L1_NS,32MT_NS,0.006,0.006
775,32Mt_L1_NS,NONE,0.01,0.0
775,304Nvl_L2_NS,304NVL_NS,0.008,-0.003
775,304Nvl_L3_EW,NONE,0.006,0.0
775,32Nvl_L2_NS,32NVL_NS,0.02,0.015
775,32Nvl_L1_NS,32NVL_NS,0.02,0.014
775,NvcNvl_L3_EW,NONE,0.006,0.0
780,304Nvl_L1_NS,304NVL_NS,0.009,-0.005
780,304Nvl_L3_NS,NONE,0.007,0.0
780,304Nvl_L1_EW,304NVL_EW,0.102,0.102
780,304Nvl_L2_EW,304NVL_EW,0.087,0.087
780,32Nvl_L3_NS,NONE,0.014,0.0
780,32Nvl_L1_NS,32NVL_NS,0.021,-0.009
780,32Nvl_L1_EW,32NVL_EW,0.007,0.007
780,32Nvl_L2_EW,32NVL_EW,0.008,0.008
780,32Nvl_L3_NS,NONE,0.017,0.0
780,32Nvl_L2_NS,32NVL_NS,0.016,0.01
780,NvcNvl_L3_NS,NONE,0.041,0.0
780,NvcNvl_L2_NS,NONE,0.04,0.0
780,NvcNvl_L1_EW,NVCNVL_EW,0.092,0.092
780,NvcNvl_L2_EW,NVCNVL_EW,0.008,0.008
780,NvcNvl_L1_NS,NVCNVL_NS,0.033,0.018
780,32Mt_L1_NS,32MT_NS,0.006,0.006
780,32Mt_L1_EW,NONE,0.043,0.0
780,32Mt_L3_EW,NONE,0.053,0.0
780,NvcMt_L2_NS,NONE,0.005,0.0
780,NvcCmt8_L2_EW,NONE,0.007,0.0
780,304Nvl_L2_NS,304NVL_NS,0.008,-0.003
780,304Nvl_L3_EW,NONE,0.076,0.0
780,32Nvl_L2_NS,32NVL_NS,0.02,0.015
780,32Nvl_L3_EW,NONE,0.006,0.0
780,32Nvl_L1_NS,32NVL_NS,0.054,0.024
780,NvcNvl_L1_NS,NONE,0.052,0.0
780,NvcNvl_L3_EW,NONE,0.009,0.0
780,32Mt_L2_EW,NONE,0.045,0.0
780,NvcMt_L1_NS,NONE,0.005,0.0
780,NvcCmt8_L1_EW,NONE,0.006,0.0
785,304Nvl_L1_NS,304NVL_NS,0.009,-0.005
785,304Nvl_L3_NS,NONE,0.007,0.0
785,304Nvl_L1_EW,304NVL_EW,0.127,0.127
785,304Nvl_L2_EW,304NVL_EW,0.102,0.102
785,32Nvl_L3_NS,NONE,0.014,0.0
785,32Nvl_L1_NS,32NVL_NS,0.021,-0.013
785,32Nvl_L3_NS,NONE,0.025,0.0
785,32Nvl_L2_NS,32NVL_NS,0.024,0.018
785,NvcNvl_L3_NS,NONE,0.02,0.0
785,NvcNvl_L2_NS,NONE,0.02,0.0
785,NvcNvl_L1_EW,NONE,0.011,0.0
785,NvcNvl_L2_EW,NONE,0.008,0.0
785,NvcNvl_L1_EW,NVCNVL_EW,0.084,0.084
785,NvcNvl_L1_NS,NVCNVL_NS,0.04,0.025
785,32Mt_L1_NS,32MT_NS,0.006,0.006
785,32Mt_L1_EW,NONE,0.007,0.0
785,32Mt_L3_EW,NONE,0.009,0.0
785,304Nvl_L2_NS,304NVL_NS,0.008,-0.009
785,304Nvl_L3_EW,NONE,0.089,0.0
785,32Nvl_L2_NS,32NVL_NS,0.02,0.015
785,32Nvl_L1_NS,32NVL_NS,0.06,0.026
785,NvcNvl_L1_NS,NONE,0.026,0.0
785,NvcNvl_L3_EW,NONE,0.006,0.0
785,32Mt_L2_EW,NONE,0.008,0.0
790,304Nvl_L1_EW,304NVL_EW,0.119,0.119
790,304Nvl_L2_EW,304NVL_EW,0.102,0.102
790,32Nvl_L3_NS,NONE,0.007,0.0
790,32Nvl_L1_NS,32NVL_NS,0.007,0.002
790,32Nvl_L3_NS,NONE,0.008,0.0
790,32Nvl_L2_NS,32NVL_NS,0.008,0.008
790,NvcNvl_L1_EW,NONE,0.064,0.0
790,NvcNvl_L2_EW,NONE,0.046,0.0
790,NvcNvl_L1_NS,NVCNVL_NS,0.007,0.002
790,32Mt_L1_NS,32MT_NS,0.006,0.006
790,304Nvl_L3_EW,NONE,0.089,0.0
790,32Nvl_L2_NS,32NVL_NS,0.007,0.007
790,32Nvl_L1_NS,32NVL_NS,0.047,0.042
795,304Nvl_L1_EW,304NVL_EW,0.11,0.11
795,304Nvl_L2_EW,304NVL_EW,0.094,0.094
795,NvcNvl_L1_EW,NONE,0.021,0.0
795,NvcNvl_L2_EW,NONE,0.015,0.0
795,NvcNvl_L1_EW,NVCNVL_EW,0.007,0.007
795,304Nvl_L3_EW,NONE,0.082,0.0
795,32Nvl_L1_NS,32NVL_NS,0.013,0.013
800,304Nvl_L1_EW,304NVL_EW,0.119,0.119
800,304Nvl_L2_EW,304NVL_EW,0.102,0.102
800,304Nvl_L1_NS,NONE,0.015,0.0
800,32Nvl_L1_EW,32NVL_EW,0.007,0.002
800,32Nvl_L2_EW,32NVL_EW,0.008,0.004
800,NvcNvl_L1_EW,NONE,0.053,0.0
800,NvcNvl_L2_EW,NONE,0.038,0.0
800,NvcNvl_L1_EW,NVCNVL_EW,0.007,0.007
800,32Mt_L1_EW,NONE,0.007,0.0
800,32Mt_L3_EW,NONE,0.009,0.0
800,32Mt_L1_EW,32MT_EW,0.007,0.002
800,304Nvl_L3_EW,NONE,0.089,0.0
800,32Nvl_L3_EW,NONE,0.006,0.0
800,32Nvl_L1_NS,32NVL_NS,0.013,0.013
800,NvcNvl_L3_EW,NONE,0.032,0.0
800,32Mt_L2_EW,NONE,0.008,0.0
800,32Mt_L2_EW,32MT_EW,0.005,0.0
805,304Nvl_L1_EW,304NVL_EW,0.025,0.025
805,304Nvl_L2_EW,304NVL_EW,0.022,0.022
805,304Nvl_L1_NS,NONE,0.007,0.0
805,32Nvl_L1_EW,32NVL_EW,0.007,0.007
805,32Nvl_L2_EW,32NVL_EW,0.008,0.008
805,32Nvl_L3_NS,NONE,0.008,0.0
805,32Nvl_L2_NS,32NVL_NS,0.008,0.008
805,NvcNvl_L3_NS,NONE,0.007,0.0
805,NvcNvl_L2_NS,NONE,0.007,0.0
805,NvcNvl_L1_EW,NVCNVL_EW,0.007,0.003
805,32Mt_L1_NS,NONE,0.01,0.0
805,NvcMt_L1_EW,NVCMT_EW,0.006,-0.004
805,NvcCmt8_L2_EW,NVCCMT8_EW,0.005,0.005
805,304Nvl_L3_EW,NONE,0.019,0.0
805,32Nvl_L3_EW,NONE,0.006,0.0
805,32Nvl_L1_NS,32NVL_NS,0.007,0.007
805,NvcNvl_L1_NS,NONE,0.009,0.0
805,NvcMt_L2_EW,NVCMT_EW,0.008,0.004
805,NvcCmt8_L1_EW,NVCCMT8_EW,0.008,0.003
810,32Nvl_L1_EW,32NVL_EW,0.007,0.002
810,32Nvl_L2_EW,32NVL_EW,0.008,0.004
810,32Nvl_L1_EW,32NVL_EW,0.007,0.002
810,32Nvl_L2_EW,32NVL_EW,0.007,0.004
810,32Nvl_L2_NS,32NVL_NS,0.008,0.008
810,32Mt_L1_EW,32MT_EW,0.007,0.002
810,NvcMt_L2_NS,NONE,0.005,0.0
810,NvcMt_L1_EW,NVCMT_EW,0.006,0.001
810,NvcCmt8_L2_EW,NVCCMT8_EW,0.005,0.005
810,32Nvl_L3_EW,NONE,0.006,0.0
810,32Nvl_L3_EW,NONE,0.006,0.0
810,32Nvl_L1_NS,32NVL_NS,0.007,0.007
810,32Mt_L2_EW,32MT_EW,0.005,0.0
810,NvcMt_L1_NS,NONE,0.005,0.0
810,NvcMt_L2_EW,NVCMT_EW,0.008,0.004
810,NvcCmt8_L1_EW,NVCCMT8_EW,0.008,0.003
815,304Nvl_L1_NS,NONE,0.088,0.0
815,32Nvl_L1_EW,32NVL_EW,0.007,0.007
815,32Nvl_L2_EW,32NVL_EW,0.008,0.008
815,32Nvl_L1_EW,32NVL_EW,0.013,0.013
815,32Nvl_L2_EW,32NVL_EW,0.007,0.007
815,NvcNvl_L1_EW,NVCNVL_EW,0.014,0.014
815,NvcNvl_L2_EW,NVCNVL_EW,0.008,0.008
815,32Mt_L1_NS,NONE,0.01,0.0
815,NvcCmt8_L2_EW,NVCCMT8_EW,0.005,0.005
815,32Nvl_L3_EW,NONE,0.006,0.0
815,32Nvl_L3_EW,NONE,0.006,0.0
815,NvcNvl_L3_EW,NONE,0.009,0.0
815,32Mt_L2_NS,NONE,0.009,0.0
815,NvcCmt8_L1_EW,NVCCMT8_EW,0.008,0.008
820,304Nvl_L1_NS,NONE,0.102,0.0
820,32Nvl_L1_EW,32NVL_EW,0.007,0.007
820,32Nvl_L2_EW,32NVL_EW,0.008,0.008
820,32Nvl_L1_EW,32NVL_EW,0.013,0.013
820,32Nvl_L2_EW,32NVL_EW,0.007,0.007
820,32Nvl_L3_NS,NONE,0.008,0.0
820,32Nvl_L2_NS,32NVL_NS,0.008,0.008
820,NvcNvl_L3_NS,NONE,0.007,0.0
820,NvcNvl_L2_NS,NONE,0.007,0.0
820,NvcNvl_L1_EW,NONE,0.139,0.0
820,NvcNvl_L2_EW,NONE,0.099,0.0
820,NvcNvl_L1_EW,NVCNVL_EW,0.014,0.014
820,NvcNvl_L2_EW,NVCNVL_EW,0.008,0.008
820,32Mt_L1_NS,NONE,0.01,0.0
820,NvcCmt8_L2_EW,NVCCMT8_EW,0.005,0.005
820,32Nvl_L3_EW,NONE,0.006,0.0
820,32Nvl_L3_EW,NONE,0.006,0.0
820,32Nvl_L1_NS,32NVL_NS,0.007,0.007
820,NvcNvl_L1_NS,NONE,0.009,0.0
820,NvcNvl_L3_EW,NONE,0.082,0.0
820,NvcNvl_L3_EW,NONE,0.009,0.0
820,32Mt_L2_NS,NONE,0.009,0.0
820,NvcCmt8_L1_EW,NVCCMT8_EW,0.008,0.008
825,304Nvl_L1_NS,NONE,0.007,0.0
825,32Nvl_L3_NS,NONE,0.007,0.0
825,32Nvl_L1_NS,32NVL_NS,0.007,0.007
825,32Nvl_L1_EW,32NVL_EW,0.007,0.002
825,32Nvl_L2_EW,32NVL_EW,0.008,0.008
825,32Nvl_L1_EW,32NVL_EW,0.007,0.002
825,32Nvl_L2_EW,32NVL_EW,0.007,0.007
825,32Nvl_L3_NS,NONE,0.008,0.0
825,32Nvl_L2_NS,32NVL_NS,0.008,0.008
825,NvcNvl_L1_EW,NONE,0.128,0.0
825,NvcNvl_L2_EW,NONE,0.092,0.0
825,NvcNvl_L1_EW,NVCNVL_EW,0.049,0.049
825,NvcNvl_L2_EW,NVCNVL_EW,0.047,0.047
825,32Mt_L1_EW,NONE,0.007,0.0
825,32Mt_L1_EW,32MT_EW,0.007,0.002
825,32Nvl_L2_NS,32NVL_NS,0.007,0.007
825,32Nvl_L3_EW,NONE,0.006,0.0
825,32Nvl_L3_EW,NONE,0.006,0.0
825,32Nvl_L1_NS,32NVL_NS,0.007,0.007
825,NvcNvl_L3_EW,NONE,0.076,0.0
825,NvcNvl_L3_EW,NONE,0.056,0.0
825,NvcCmt8_L1_EW,NONE,0.006,0.0
830,32Nvl_L3_NS,NONE,0.007,0.0
830,32Nvl_L1_NS,32NVL_NS,0.014,0.014
830,32Nvl_L1_EW,32NVL_EW,0.007,0.007
830,32Nvl_L2_EW,32NVL_EW,0.008,0.008
830,32Nvl_L1_EW,32NVL_EW,0.007,0.007
830,32Nvl_L2_EW,32NVL_EW,0.007,0.007
830,32Nvl_L3_NS,NONE,0.008,0.0
830,32Nvl_L2_NS,32NVL_NS,0.008,0.008
830,NvcNvl_L1_EW,NONE,0.011,0.0
830,NvcNvl_L2_EW,NONE,0.008,0.0
830,NvcNvl_L1_EW,NVCNVL_EW,0.042,0.042
830,NvcNvl_L2_EW,NVCNVL_EW,0.047,0.047
830,32Mt_L1_EW,NONE,0.007,0.0
830,32Mt_L3_EW,NONE,0.009,0.0
830,32Nvl_L2_NS,32NVL_NS,0.007,0.007
830,32Nvl_L3_EW,NONE,0.006,0.0
830,32Nvl_L3_EW,NONE,0.006,0.0
830,32Nvl_L1_NS,32NVL_NS,0.007,0.007
830,NvcNvl_L3_EW,NONE,0.056,0.0
830,32Mt_L2_EW,NONE,0.008,0.0
835,304Nvl_L1_EW,304NVL_EW,0.042,0.042
835,304Nvl_L2_EW,304NVL_EW,0.036,0.036
835,32Nvl_L1_NS,32NVL_NS,0.007,0.007
835,32Nvl_L1_EW,32NVL_EW,0.007,0.007
835,32Nvl_L2_EW,32NVL_EW,0.008,0.008
835,32Nvl_L1_EW,32NVL_EW,0.007,0.007
835,32Nvl_L2_EW,32NVL_EW,0.007,0.007
835,32Nvl_L3_NS,NONE,0.008,0.0
835,32Nvl_L2_NS,32NVL_NS,0.008,0.008
835,NvcNvl_L1_EW,NONE,0.011,0.0
835,NvcNvl_L2_EW,NONE,0.008,0.0
835,NvcNvl_L1_EW,NVCNVL_EW,0.042,0.038
835,NvcNvl_L2_EW,NVCNVL_EW,0.047,0.047
835,NvcMt_L2_NS,NONE,0.005,0.0
835,NvcMt_L1_EW,NVCMT_EW,0.006,-0.023
835,304Nvl_L3_EW,NONE,0.032,0.0
835,32Nvl_L3_EW,NONE,0.006,0.0
835,32Nvl_L3_EW,NONE,0.006,0.0
835,32Nvl_L1_NS,32NVL_NS,0.007,0.007
835,NvcNvl_L3_EW,NONE,0.056,0.0
835,NvcMt_L1_NS,NONE,0.005,0.0
835,NvcMt_L2_EW,NVCMT_EW,0.008,-0.025
840,32Nvl_L1_EW,32NVL_EW,0.007,0.002
840,32Nvl_L2_EW,32NVL_EW,0.008,0.004
840,32Nvl_L1_EW,32NVL_EW,0.007,0.002
840,32Nvl_L2_EW,32NVL_EW,0.007,0.004
840,NvcNvl_L1_EW,NVCNVL_EW,0.056,0.056
840,NvcNvl_L2_EW,NVCNVL_EW,0.062,0.062
840,32Mt_L1_EW,32MT_EW,0.007,0.002
840,32Mt_L1_NS,NONE,0.01,0.0
840,32Nvl_L3_EW,NONE,0.006,0.0
840,32Nvl_L3_EW,NONE,0.006,0.0
840,NvcNvl_L3_EW,NONE,0.065,0.0
840,32Mt_L2_EW,32MT_EW,0.005,0.0
840,32Mt_L2_NS,NONE,0.009,0.0
845,304Nvl_L1_EW,NONE,0.041,0.0
845,32Nvl_L3_NS,NONE,0.014,0.0
845,32Nvl_L1_NS,32NVL_NS,0.014,0.014
845,32Nvl_L1_EW,32NVL_EW,0.007,0.007
845,32Nvl_L2_EW,32NVL_EW,0.008,0.008
845,32Nvl_L1_EW,32NVL_EW,0.007,0.007
845,32Nvl_L2_EW,32NVL_EW,0.007,0.007
845,32Nvl_L3_NS,NONE,0.017,0.0
845,32Nvl_L2_NS,32NVL_NS,0.016,0.016
845,NvcNvl_L1_EW,NVCNVL_EW,0.056,0.052
845,NvcNvl_L2_EW,NVCNVL_EW,0.062,0.062
845,32Mt_L1_NS,32MT_NS,0.006,0.006
845,32Mt_L1_EW,NONE,0.007,0.0
845,32Mt_L3_EW,NONE,0.009,0.0
845,NvcMt_L1_EW,NVCMT_EW,0.006,-0.033
845,32Nvl_L2_NS,32NVL_NS,0.013,0.013
845,32Nvl_L3_EW,NONE,0.006,0.0
845,32Nvl_L3_EW,NONE,0.006,0.0
845,32Nvl_L1_NS,32NVL_NS,0.013,0.013
845,NvcNvl_L3_EW,NONE,0.074,0.0
845,32Mt_L2_EW,NONE,0.008,0.0
845,NvcMt_L2_EW,NVCMT_EW,0.008,-0.036
850,32Nvl_L1_NS,32NVL_NS,0.007,0.007
850,32Nvl_L1_EW,32NVL_EW,0.007,0.007
850,32Nvl_L2_EW,32NVL_EW,0.008,0.008
850,32Nvl_L1_EW,32NVL_EW,0.007,0.007
850,32Nvl_L2_EW,32NVL_EW,0.007,0.007
850,32Nvl_L3_NS,NONE,0.008,0.0
850,32Nvl_L2_NS,32NVL_NS,0.016,0.016
850,NvcNvl_L1_EW,NVCNVL_EW,0.007,0.007
850,NvcNvl_L2_EW,NVCNVL_EW,0.008,0.008
850,32Mt_L1_NS,32MT_NS,0.006,0.006
850,32Mt_L1_NS,NONE,0.01,0.0
850,NvcMt_L2_NS,NONE,0.011,0.0
850,32Nvl_L2_NS,32NVL_NS,0.007,0.007
850,32Nvl_L3_EW,NONE,0.006,0.0
850,32Nvl_L3_EW,NONE,0.006,0.0
850,32Nvl_L1_NS,32NVL_NS,0.013,0.013
850,NvcNvl_L3_EW,NONE,0.009,0.0
850,32Mt_L2_NS,NONE,0.009,0.0
850,NvcMt_L1_NS,NONE,0.011,0.0
855,304Nvl_L1_EW,304NVL_EW,0.008,0.008
855,304Nvl_L2_EW,304NVL_EW,0.007,0.007
855,32Nvl_L1_EW,32NVL_EW,0.021,0.016
855,32Nvl_L2_EW,32NVL_EW,0.023,0.019
855,32Nvl_L1_EW,32NVL_EW,0.007,0.002
855,32Nvl_L2_EW,32NVL_EW,0.007,0.004
855,NvcNvl_L3_NS,NONE,0.034,0.0
855,NvcNvl_L2_NS,NONE,0.033,0.0
855,NvcNvl_L1_EW,NVCNVL_EW,0.007,0.007
855,NvcNvl_L2_EW,NVCNVL_EW,0.008,0.006
855,32Mt_L1_NS,32MT_NS,0.006,0.006
855,32Mt_L1_EW,32MT_EW,0.007,-0.008
855,NvcMt_L2_NS,NONE,0.005,0.0
855,NvcMt_L2_EW,NVCMT_EW,0.003,-0.003
855,304Nvl_L3_EW,NONE,0.006,0.0
855,32Nvl_L3_EW,NONE,0.006,0.0
855,32Nvl_L3_EW,NONE,0.019,0.0
855,32Nvl_L1_NS,32NVL_NS,0.007,0.007
855,NvcNvl_L1_NS,NONE,0.044,0.0
855,NvcNvl_L3_EW,NONE,0.009,0.0
855,32Mt_L2_EW,32MT_EW,0.005,-0.011
855,NvcMt_L1_NS,NONE,0.005,0.0
855,NvcMt_L1_EW,NVCMT_EW,0.006,0.001
860,304Nvl_L1_EW,304NVL_EW,0.017,0.017
860,304Nvl_L2_EW,304NVL_EW,0.015,0.015
860,304Nvl_L1_NS,NONE,0.007,0.0
860,304Nvl_L3_NS,NONE,0.008,0.0
860,32Nvl_L1_EW,32NVL_EW,0.021,0.011
860,32Nvl_L2_EW,32NVL_EW,0.023,0.016
860,32Nvl_L1_EW,32NVL_EW,0.007,-0.003
860,32Nvl_L2_EW,32NVL_EW,0.007,0.0
860,32Mt_L1_EW,32MT_EW,0.014,-0.001
860,32Mt_L1_NS,NONE,0.01,0.0
860,304Nvl_L3_EW,NONE,0.013,0.0
860,304Nvl_L2_NS,NONE,0.007,0.0
860,32Nvl_L3_EW,NONE,0.006,0.0
860,32Nvl_L3_EW,NONE,0.019,0.0
860,32Nvl_L1_NS,32NVL_NS,0.007,0.007
860,32Mt_L2_EW,32MT_EW,0.011,-0.005
860,32Mt_L2_NS,NONE,0.009,0.0
860,NvcMt_L1_EW,NVCMT_EW,0.006,0.006
865,304Nvl_L1_EW,304NVL_EW,0.017,0.017
865,304Nvl_L2_EW,304NVL_EW,0.015,0.015
865,304Nvl_L1_NS,NONE,0.015,0.0
865,304Nvl_L3_NS,NONE,0.008,0.0
865,32Nvl_L3_NS,NONE,0.082,0.0
865,32Nvl_L1_NS,32NVL_NS,0.083,0.083
865,32Nvl_L1_EW,32NVL_EW,0.021,0.021
865,32Nvl_L2_EW,32NVL_EW,0.023,0.023
865,32Nvl_L1_EW,32NVL_EW,0.007,0.007
865,32Nvl_L2_EW,32NVL_EW,0.007,0.007
865,NvcNvl_L1_EW,NONE,0.053,0.0
865,NvcNvl_L2_EW,NONE,0.038,0.0
865,32Mt_L1_NS,32MT_NS,0.006,0.006
865,32Mt_L1_EW,NONE,0.007,0.0
865,32Mt_L1_NS,NONE,0.049,0.0
865,NvcMt_L2_NS,NONE,0.005,0.0
865,304Nvl_L3_EW,NONE,0.006,0.0
865,304Nvl_L2_NS,NONE,0.007,0.0
865,32Nvl_L2_NS,32NVL_NS,0.08,0.08
865,32Nvl_L3_EW,NONE,0.006,0.0
865,32Nvl_L3_EW,NONE,0.019,0.0
865,32Nvl_L1_NS,32NVL_NS,0.007,0.007
865,32Mt_L2_NS,NONE,0.043,0.0
865,NvcMt_L1_NS,NONE,0.005,0.0
870,304Nvl_L1_EW,304NVL_EW,0.008,0.008
870,304Nvl_L2_EW,304NVL_EW,0.007,0.007
870,304Nvl_L1_NS,NONE,0.007,0.0
870,32Nvl_L3_NS,NONE,0.089,0.0
870,32Nvl_L1_NS,32NVL_NS,0.09,0.09
870,32Nvl_L1_EW,32NVL_EW,0.007,0.007
870,32Nvl_L2_EW,32NVL_EW,0.008,0.008
870,32Nvl_L1_EW,32NVL_EW,0.007,0.007
870,32Nvl_L2_EW,32NVL_EW,0.007,0.007
870,32Mt_L1_NS,32MT_NS,0.006,0.006
870,32Mt_L1_NS,NONE,0.01,0.0
870,304Nvl_L3_EW,NONE,0.006,0.0
870,32Nvl_L2_NS,32NVL_NS,0.087,0.087
870,32Nvl_L3_EW,NONE,0.006,0.0
870,32Nvl_L3_EW,NONE,0.006,0.0
870,32Nvl_L1_NS,32NVL_NS,0.007,0.007
870,32Mt_L2_NS,NONE,0.009,0.0
875,304Nvl_L1_NS,304NVL_NS,0.009,-0.054
875,304Nvl_L3_NS,NONE,0.007,0.0
875,304Nvl_L1_EW,304NVL_EW,0.017,0.017
875,304Nvl_L2_EW,304NVL_EW,0.007,0.007
875,304Nvl_L1_NS,NONE,0.015,0.0
875,32Nvl_L1_NS,32NVL_NS,0.09,0.084
875,32Nvl_L1_EW,32NVL_EW,0.007,0.007
875,32Nvl_L2_EW,32NVL_EW,0.008,0.008
875,32Nvl_L1_EW,32NVL_EW,0.007,0.007
875,32Nvl_L2_EW,32NVL_EW,0.007,0.007
875,32Mt_L1_NS,32MT_NS,0.038,0.038
875,32Mt_L1_EW,NONE,0.043,0.0
875,32Mt_L3_EW,NONE,0.053,0.0
875,304Nvl_L2_NS,304NVL_NS,0.008,0.008
875,304Nvl_L3_EW,NONE,0.006,0.0
875,32Nvl_L2_NS,32NVL_NS,0.087,0.081
875,32Nvl_L3_EW,NONE,0.006,0.0
875,32Nvl_L3_EW,NONE,0.006,0.0
875,32Nvl_L1_NS,32NVL_NS,0.007,0.0
875,32Mt_L2_EW,NONE,0.045,0.0
880,304Nvl_L1_NS,304NVL_NS,0.009,0.009
880,304Nvl_L3_NS,NONE,0.007,0.0
880,32Nvl_L1_EW,32NVL_EW,0.007,-0.021
880,32Nvl_L2_EW,32NVL_EW,0.008,-0.021
880,32Nvl_L1_EW,32NVL_EW,0.007,-0.021
880,32Nvl_L2_EW,32NVL_EW,0.007,-0.022
880,32Mt_L1_NS,32MT_NS,0.006,0.006
880,32Mt_L1_EW,NONE,0.014,0.0
880,32Mt_L3_EW,NONE,0.018,0.0
880,32Mt_L1_NS,NONE,0.01,0.0
880,32Thn_L1_EW,NONE,0.01,0.0
880,32Thn_L2_EW,NONE,0.01,0.0
880,32Thn_L1_EW,32THN_EW,0.04,0.035
880,32Thn_L2_EW,32THN_EW,0.042,0.036
880,32Thn_L3_EW,NONE,0.007,0.0
880,32Thn_L3_EW,NONE,0.041,0.0
880,304Nvl_L2_NS,304NVL_NS,0.008,0.008
880,32Nvl_L3_EW,NONE,0.006,0.0
880,32Nvl_L3_EW,NONE,0.006,0.0
880,32Mt_L2_EW,NONE,0.015,0.0
880,32Mt_L2_NS,NONE,0.009,0.0
885,304Nvl_L1_NS,304NVL_NS,0.009,0.009
885,304Nvl_L3_NS,NONE,0.007,0.0
885,304Nvl_L1_EW,304NVL_EW,0.042,0.042
885,304Nvl_L2_EW,304NVL_EW,0.036,0.036
885,32Nvl_L1_EW,32NVL_EW,0.007,-0.023
885,32Nvl_L2_EW,32NVL_EW,0.008,0.008
885,32Nvl_L1_EW,32NVL_EW,0.007,-0.023
885,32Nvl_L2_EW,32NVL_EW,0.007,0.007
885,32Nvl_L3_NS,NONE,0.017,0.0
885,32Nvl_L2_NS,32NVL_NS,0.016,0.01
885,NvcNvl_L1_EW,NVCNVL_EW,0.035,0.035
885,NvcNvl_L2_EW,NVCNVL_EW,0.039,0.039
885,32Mt_L1_EW,NONE,0.043,0.0
885,32Mt_L3_EW,NONE,0.053,0.0
885,32Mt_L1_EW,32MT_EW,0.035,0.03
885,32Mt_L1_NS,NONE,0.01,0.0
885,32Thn_L1_EW,NONE,0.049,0.0
885,32Thn_L1_EW,32THN_EW,0.008,0.003
885,304Nvl_L2_NS,304NVL_NS,0.008,-0.003
885,304Nvl_L3_EW,NONE,0.032,0.0
885,32Nvl_L3_EW,NONE,0.006,0.0
885,32Nvl_L3_EW,NONE,0.006,0.0
885,32Nvl_L1_NS,32NVL_NS,0.094,0.088
885,NvcNvl_L3_EW,NONE,0.047,0.0
885,32Mt_L2_EW,NONE,0.045,0.0
885,32Mt_L2_NS,NONE,0.009,0.0
890,304Nvl_L1_NS,304NVL_NS,0.009,-0.005
890,304Nvl_L3_NS,NONE,0.007,0.0
890,304Nvl_L1_EW,304NVL_EW,0.008,0.008
890,32Nvl_L3_NS,NONE,0.014,0.0
890,32Nvl_L1_NS,32NVL_NS,0.021,0.014
890,32Nvl_L3_NS,NONE,0.008,0.0
890,32Nvl_L2_NS,32NVL_NS,0.008,0.003
890,NvcNvl_L1_EW,NONE,0.064,0.0
890,NvcNvl_L2_EW,NONE,0.046,0.0
890,32Mt_L1_EW,NONE,0.007,0.0
890,32Mt_L3_EW,NONE,0.009,0.0
890,32Mt_L1_EW,32MT_EW,0.049,0.049
890,32Mt_L1_NS,NONE,0.01,0.0
890,NvcCmt8_L2_EW,NVCCMT8_EW,0.005,0.005
890,304Nvl_L2_NS,304NVL_NS,0.008,0.002
890,32Nvl_L2_NS,32NVL_NS,0.02,0.015
890,32Nvl_L1_NS,32NVL_NS,0.094,0.088
890,NvcNvl_L3_EW,NONE,0.038,0.0
890,32Mt_L2_EW,NONE,0.008,0.0
890,32Mt_L2_EW,32MT_EW,0.033,0.033
890,NvcCmt8_L1_EW,NVCCMT8_EW,0.008,0.008
895,304Nvl_L1_NS,304NVL_NS,0.009,-0.015
895,304Nvl_L3_NS,NONE,0.007,0.0
895,32Nvl_L3_NS,NONE,0.02,0.0
895,32Nvl_L1_NS,32NVL_NS,0.035,0.028
895,32Nvl_L3_NS,NONE,0.008,0.0
895,32Nvl_L2_NS,32NVL_NS,0.008,0.003
895,NvcNvl_L1_EW,NONE,0.011,0.0
895,NvcNvl_L2_EW,NONE,0.008,0.0
895,32Mt_L1_NS,32MT_NS,0.006,0.006
895,32Mt_L1_EW,NONE,0.007,0.0
895,32Mt_L3_EW,NONE,0.009,0.0
895,32Mt_L1_EW,32MT_EW,0.035,0.035
895,304Nvl_L2_NS,304NVL_NS,0.008,0.002
895,32Nvl_L2_NS,32NVL_NS,0.027,0.021
895,32Nvl_L1_NS,32NVL_NS,0.02,0.014
895,NvcNvl_L3_EW,NONE,0.006,0.0
895,32Mt_L2_EW,NONE,0.008,0.0
895,NvcCmt8_L1_EW,NONE,0.006,0.0
900,304Nvl_L1_NS,304NVL_NS,0.009,-0.02
900,304Nvl_L1_EW,304NVL_EW,0.051,0.051
900,304Nvl_L2_EW,304NVL_EW,0.007,0.007
900,32Nvl_L3_NS,NONE,0.02,0.0
900,32Nvl_L1_NS,32NVL_NS,0.042,0.035
900,NvcNvl_L3_NS,NONE,0.007,0.0
900,NvcNvl_L2_NS,NONE,0.007,0.0
900,32Mt_L1_NS,32MT_NS,0.006,0.006
900,32Mt_L1_EW,32MT_EW,0.035,0.035
900,NvcCmt8_L2_NS,NONE,0.054,0.0
900,NvcCmt8_L1_NS,NONE,0.039,0.0
900,304Nvl_L3_EW,NONE,0.006,0.0
900,32Nvl_L2_NS,32NVL_NS,0.033,0.033
900,32Nvl_L1_NS,32NVL_NS,0.007,0.0
900,NvcNvl_L1_NS,NONE,0.009,0.0
900,32Mt_L2_EW,32MT_EW,0.027,0.027
905,304Thn_L1_EW,NONE,0.034,0.0
905,304Thn_L2_EW,NONE,0.041,0.0
905,304Nvl_L1_EW,304NVL_EW,0.119,0.119
905,304Nvl_L2_EW,304NVL_EW,0.102,0.102
905,32Nvl_L3_NS,NONE,0.007,0.0
905,32Nvl_L1_NS,32NVL_NS,0.028,0.028
905,32Nvl_L3_NS,NONE,0.008,0.0
905,32Nvl_L2_NS,32NVL_NS,0.008,0.008
905,304Nvl_L3_EW,NONE,0.089,0.0
905,32Nvl_L2_NS,32NVL_NS,0.02,0.02
905,32Nvl_L1_NS,32NVL_NS,0.013,0.013
905,304Thn_L3_EW,NONE,0.041,0.0
910,304Thn_L1_EW,304THN_EW,0.041,-0.077
910,304Nvl_L1_EW,304NVL_EW,0.169,0.14
910,304Nvl_L2_EW,304NVL_EW,0.145,0.145
910,304Nvl_L1_NS,NONE,0.007,0.0
910,NvcNvl_L1_EW,NVCNVL_EW,0.007,0.007
910,NvcNvl_L2_EW,NVCNVL_EW,0.008,0.008
910,304Nvl_L3_EW,NONE,0.127,0.0
910,32Nvl_L1_NS,32NVL_NS,0.007,0.007
910,NvcNvl_L3_EW,NONE,0.009,0.0
915,304Nvl_L1_EW,304NVL_EW,0.161,0.161
915,304Nvl_L2_EW,304NVL_EW,0.138,0.138
915,304Nvl_L1_NS,NONE,0.007,0.0
915,32Mt_L1_EW,NONE,0.007,0.0
915,NvcMt_L2_NS,NONE,0.09,0.0
915,NvcMt_L1_EW,NVCMT_EW,0.108,0.108
915,304Nvl_L3_EW,NONE,0.12,0.0
915,32Nvl_L1_NS,32NVL_NS,0.007,0.007
915,32Mt_L2_EW,NONE,0.008,0.0
915,NvcMt_L1_NS,NONE,0.093,0.0
915,NvcMt_L2_EW,NVCMT_EW,0.135,0.135
920,304Nvl_L1_EW,304NVL_EW,0.008,0.008
920,304Nvl_L2_EW,304NVL_EW,0.007,0.007
920,32Nvl_L3_NS,NONE,0.008,0.0
920,32Nvl_L2_NS,32NVL_NS,0.008,0.008
920,NvcNvl_L3_NS,NONE,0.041,0.0
920,NvcNvl_L2_NS,NONE,0.04,0.0
920,NvcNvl_L1_EW,NONE,0.011,0.0
920,NvcNvl_L2_EW,NONE,0.008,0.0
920,32Mt_L1_EW,NONE,0.007,0.0
920,32Mt_L3_EW,NONE,0.009,0.0
920,32Mt_L1_EW,32MT_EW,0.007,0.007
920,NvcMt_L2_NS,NONE,0.069,0.0
920,NvcMt_L1_EW,NVCMT_EW,0.076,0.076
920,NvcMt_L2_EW,NVCMT_EW,0.003,0.003
920,NvcMt_L1_NS,NVCMT_NS,0.007,0.007
920,304Nvl_L3_EW,NONE,0.006,0.0
920,32Nvl_L1_NS,32NVL_NS,0.013,0.013
920,NvcNvl_L1_NS,NONE,0.052,0.0
920,32Mt_L2_EW,NONE,0.008,0.0
920,32Mt_L2_EW,32MT_EW,0.005,0.005
920,NvcMt_L1_NS,NONE,0.071,0.0
920,NvcMt_L2_EW,NVCMT_EW,0.095,0.095
920,NvcMt_L1_EW,NVCMT_EW,0.006,0.006
920,NvcMt_L2_NS,NVCMT_NS,0.005,0.005
925,NvcNvl_L3_NS,NONE,0.088,0.0
925,NvcNvl_L2_NS,NONE,0.086,0.0
925,32Mt_L1_NS,32MT_NS,0.006,0.006
925,32Mt_L1_EW,NONE,0.007,0.0
925,32Mt_L3_EW,NONE,0.009,0.0
925,32Mt_L1_EW,32MT_EW,0.014,0.014
925,NvcMt_L1_EW,NVCMT_EW,0.076,0.076
925,NvcMt_L2_EW,NVCMT_EW,0.003,0.003
925,32Thn_L1_EW,32THN_EW,0.008,0.008
925,32Thn_L2_EW,32THN_EW,0.008,0.008
925,32Nvl_L1_NS,32NVL_NS,0.007,0.007
925,NvcNvl_L1_NS,NONE,0.114,0.0
925,32Mt_L2_EW,NONE,0.008,0.0
925,32Mt_L2_EW,32MT_EW,0.005,0.005
925,NvcMt_L2_EW,NVCMT_EW,0.095,0.095
925,NvcMt_L1_EW,NVCMT_EW,0.006,0.006
930,304Nvl_L1_EW,304NVL_EW,0.017,0.017
930,304Nvl_L2_EW,304NVL_EW,0.007,0.007
930,304Nvl_L1_NS,NONE,0.007,0.0
930,NvcNvl_L3_NS,NONE,0.054,0.0
930,NvcNvl_L2_NS,NONE,0.053,0.0
930,32Mt_L1_EW,32MT_EW,0.014,0.014
930,NvcMt_L1_EW,NVCMT_EW,0.076,0.076
930,NvcMt_L2_EW,NVCMT_EW,0.003,0.003
930,32Thn_L1_EW,32THN_EW,0.008,0.008
930,32Thn_L2_EW,32THN_EW,0.008,0.008
930,32Thn_L3_EW,NONE,0.008,0.0
930,304Nvl_L3_EW,NONE,0.006,0.0
930,NvcNvl_L1_NS,NONE,0.07,0.0
930,32Mt_L2_EW,32MT_EW,0.005,0.005
930,NvcMt_L2_EW,NVCMT_EW,0.095,0.095
930,NvcMt_L1_EW,NVCMT_EW,0.006,0.006
935,304Nvl_L1_EW,304NVL_EW,0.017,0.017
935,304Nvl_L1_NS,NONE,0.102,0.0
935,304Nvl_L3_NS,NONE,0.008,0.0
935,32Mt_L1_EW,32MT_EW,0.021,0.021
935,NvcMt_L1_EW,NVCMT_EW,0.083,0.083
935,NvcMt_L2_EW,NVCMT_EW,0.003,0.003
935,32Thn_L1_EW,NONE,0.01,0.0
935,304Nvl_L2_NS,NONE,0.007,0.0
935,32Mt_L2_EW,32MT_EW,0.011,0.011
935,NvcMt_L2_EW,NVCMT_EW,0.103,0.103
935,NvcMt_L1_EW,NVCMT_EW,0.006,0.006
940,304Nvl_L1_NS,NONE,0.088,0.0
940,32Nvl_L3_NS,NONE,0.007,0.0
940,32Nvl_L1_NS,32NVL_NS,0.007,0.007
940,32Nvl_L1_EW,32NVL_EW,0.007,-0.008
940,32Nvl_L2_EW,32NVL_EW,0.008,0.0
940,NvcNvl_L1_EW,NONE,0.053,0.0
940,NvcNvl_L2_EW,NONE,0.038,0.0
940,NvcNvl_L1_EW,NVCNVL_EW,0.007,-0.051
940,32Mt_L1_EW,32MT_EW,0.021,0.016
940,NvcMt_L1_EW,NVCMT_EW,0.083,0.078
940,32Nvl_L2_NS,32NVL_NS,0.007,0.007
940,32Nvl_L3_EW,NONE,0.006,0.0
940,32Mt_L2_EW,32MT_EW,0.011,0.005
940,NvcMt_L2_EW,NVCMT_EW,0.103,0.103
945,304Nvl_L1_EW,304NVL_EW,0.008,0.008
945,32Nvl_L1_EW,32NVL_EW,0.007,0.002
945,32Nvl_L2_EW,32NVL_EW,0.008,0.004
945,NvcNvl_L3_NS,NONE,0.007,0.0
945,NvcNvl_L2_NS,NONE,0.007,0.0
945,NvcNvl_L1_EW,NVCNVL_EW,0.007,0.003
945,32Mt_L1_EW,NONE,0.007,0.0
945,32Mt_L3_EW,NONE,0.009,0.0
945,32Mt_L1_EW,32MT_EW,0.007,0.002
945,NvcMt_L1_EW,NVCMT_EW,0.006,0.001
945,32Nvl_L3_EW,NONE,0.006,0.0
945,NvcNvl_L1_NS,NONE,0.009,0.0
945,32Mt_L2_EW,NONE,0.008,0.0
945,32Mt_L2_EW,32MT_EW,0.005,0.0
945,NvcMt_L2_EW,NVCMT_EW,0.008,0.008
950,304Nvl_L1_EW,304NVL_EW,0.008,0.008
950,304Nvl_L2_EW,304NVL_EW,0.007,0.007
950,32Nvl_L1_EW,32NVL_EW,0.007,0.002
950,32Nvl_L2_EW,32NVL_EW,0.008,0.004
950,32Mt_L1_EW,NONE,0.007,0.0
950,32Mt_L3_EW,NONE,0.009,0.0
950,32Mt_L1_EW,32MT_EW,0.007,0.002
950,NvcMt_L1_EW,NVCMT_EW,0.006,0.006
950,304Nvl_L3_EW,NONE,0.006,0.0
950,32Nvl_L3_EW,NONE,0.006,0.0
950,32Mt_L2_EW,NONE,0.008,0.0
950,32Mt_L2_EW,32MT_EW,0.005,0.0
950,NvcMt_L2_EW,NVCMT_EW,0.008,0.008
955,32Nvl_L1_EW,32NVL_EW,0.007,-0.003
955,32Nvl_L2_EW,32NVL_EW,0.008,0.002
955,32Nvl_L1_EW,32NVL_EW,0.034,0.023
955,32Nvl_L2_EW,32NVL_EW,0.037,0.032
955,NvcNvl_L1_EW,NVCNVL_EW,0.049,0.049
955,NvcNvl_L2_EW,NVCNVL_EW,0.055,0.055
955,32Mt_L1_EW,NONE,0.007,0.0
955,32Mt_L3_EW,NONE,0.009,0.0
955,32Mt_L1_EW,32MT_EW,0.007,0.002
955,32Thn_L1_EW,32THN_EW,0.008,0.003
955,32Thn_L2_EW,32THN_EW,0.008,0.003
955,32Thn_L3_EW,NONE,0.008,0.0
955,32Nvl_L3_EW,NONE,0.031,0.0
955,32Nvl_L3_EW,NONE,0.006,0.0
955,NvcNvl_L3_EW,NONE,0.019,0.0
955,32Mt_L2_EW,NONE,0.008,0.0
960,304Nvl_L1_EW,304NVL_EW,0.025,0.025
960,304Nvl_L2_EW,304NVL_EW,0.015,0.015
960,32Nvl_L1_NS,32NVL_NS,0.007,0.007
960,32Nvl_L1_EW,32NVL_EW,0.007,-0.003
960,32Nvl_L2_EW,32NVL_EW,0.008,0.0
960,32Nvl_L1_EW,32NVL_EW,0.034,0.024
960,32Nvl_L2_EW,32NVL_EW,0.037,0.03
960,NvcNvl_L1_EW,NVCNVL_EW,0.042,0.033
960,NvcNvl_L2_EW,NVCNVL_EW,0.047,0.047
960,32Mt_L1_EW,32MT_EW,0.014,0.009
960,NvcMt_L1_EW,NVCMT_EW,0.013,-0.017
960,32Thn_L1_EW,NONE,0.01,0.0
960,304Nvl_L3_EW,NONE,0.013,0.0
960,32Nvl_L2_NS,32NVL_NS,0.007,0.007
960,32Nvl_L3_EW,NONE,0.031,0.0
960,32Nvl_L3_EW,NONE,0.006,0.0
960,NvcNvl_L3_EW,NONE,0.056,0.0
960,32Mt_L2_EW,32MT_EW,0.011,0.005
960,NvcMt_L2_EW,NVCMT_EW,0.016,-0.017
965,304Nvl_L1_EW,304NVL_EW,0.017,0.017
965,304Nvl_L2_EW,304NVL_EW,0.015,0.015
965,32Nvl_L3_NS,NONE,0.041,0.0
965,32Nvl_L1_NS,32NVL_NS,0.048,0.048
965,32Nvl_L1_EW,32NVL_EW,0.007,-0.003
965,32Nvl_L2_EW,32NVL_EW,0.008,0.004
965,32Nvl_L1_EW,32NVL_EW,0.034,0.024
965,32Nvl_L2_EW,32NVL_EW,0.037,0.034
965,NvcNvl_L1_EW,NVCNVL_EW,0.035,0.031
965,NvcNvl_L2_EW,NVCNVL_EW,0.039,0.039
965,32Mt_L1_EW,NONE,0.022,0.0
965,32Mt_L3_EW,NONE,0.018,0.0
965,32Mt_L1_EW,32MT_EW,0.014,0.009
965,NvcMt_L1_EW,NVCMT_EW,0.006,-0.018
965,304Nvl_L3_EW,NONE,0.013,0.0
965,32Nvl_L2_NS,32NVL_NS,0.047,0.047
965,32Nvl_L3_EW,NONE,0.031,0.0
965,32Nvl_L3_EW,NONE,0.006,0.0
965,NvcNvl_L3_EW,NONE,0.047,0.0
965,32Mt_L2_EW,NONE,0.015,0.0
965,32Mt_L2_EW,32MT_EW,0.005,0.0
965,NvcMt_L2_EW,NVCMT_EW,0.008,-0.019
970,304Nvl_L1_NS,NONE,0.015,0.0
970,32Nvl_L1_NS,32NVL_NS,0.035,0.035
970,32Nvl_L1_EW,32NVL_EW,0.007,0.002
970,32Nvl_L2_EW,32NVL_EW,0.008,0.008
970,32Nvl_L1_EW,32NVL_EW,0.034,0.029
970,32Nvl_L2_EW,32NVL_EW,0.037,0.037
970,NvcNvl_L1_EW,NVCNVL_EW,0.035,0.035
970,NvcNvl_L2_EW,NVCNVL_EW,0.039,0.039
970,32Mt_L1_NS,32MT_NS,0.006,0.006
970,32Mt_L1_EW,32MT_EW,0.007,0.002
970,32Nvl_L2_NS,32NVL_NS,0.033,0.033
970,32Nvl_L3_EW,NONE,0.031,0.0
970,32Nvl_L3_EW,NONE,0.006,0.0
970,32Nvl_L1_NS,32NVL_NS,0.007,0.007
970,NvcNvl_L3_EW,NONE,0.047,0.0
975,304Nvl_L1_EW,304NVL_EW,0.008,0.008
975,304Nvl_L2_EW,304NVL_EW,0.007,0.007
975,304Nvl_L1_NS,NONE,0.015,0.0
975,32Nvl_L1_EW,32NVL_EW,0.007,0.002
975,32Nvl_L2_EW,32NVL_EW,0.008,0.008
975,32Nvl_L1_EW,32NVL_EW,0.034,0.029
975,32Nvl_L2_EW,32NVL_EW,0.037,0.037
975,NvcNvl_L3_NS,NONE,0.007,0.0
975,NvcNvl_L2_NS,NONE,0.007,0.0
975,32Mt_L1_NS,32MT_NS,0.006,0.006
975,32Mt_L1_EW,32MT_EW,0.007,0.002
975,32Mt_L1_NS,NONE,0.01,0.0
975,NvcMt_L1_EW,NVCMT_EW,0.006,0.006
975,304Nvl_L3_EW,NONE,0.006,0.0
975,32Nvl_L3_EW,NONE,0.031,0.0
975,32Nvl_L3_EW,NONE,0.006,0.0
975,32Nvl_L1_NS,32NVL_NS,0.013,0.013
975,NvcNvl_L1_NS,NONE,0.009,0.0
975,32Mt_L2_NS,NONE,0.009,0.0
975,NvcMt_L2_EW,NVCMT_EW,0.008,0.008
980,304Nvl_L1_NS,NONE,0.007,0.0
980,32Nvl_L1_EW,32NVL_EW,0.007,0.007
980,32Nvl_L2_EW,32NVL_EW,0.008,0.008
980,32Nvl_L1_EW,32NVL_EW,0.034,0.034
980,32Nvl_L2_EW,32NVL_EW,0.037,0.037
980,32Mt_L1_NS,32MT_NS,0.006,0.006
980,32Mt_L1_NS,NONE,0.01,0.0
980,NvcMt_L2_EW,NVCMT_EW,0.003,0.003
980,32Nvl_L3_EW,NONE,0.031,0.0
980,32Nvl_L3_EW,NONE,0.006,0.0
980,32Nvl_L1_NS,32NVL_NS,0.034,0.034
980,32Mt_L2_NS,NONE,0.009,0.0
980,NvcMt_L1_EW,NVCMT_EW,0.006,0.006
985,304Nvl_L1_EW,304NVL_EW,0.008,0.008
985,304Nvl_L2_EW,304NVL_EW,0.007,0.007
985,32Nvl_L3_NS,NONE,0.082,0.0
985,32Nvl_L1_NS,32NVL_NS,0.083,0.083
985,32Nvl_L1_EW,32NVL_EW,0.007,-0.003
985,32Nvl_L2_EW,32NVL_EW,0.008,0.004
985,32Nvl_L1_EW,32NVL_EW,0.034,0.024
985,32Nvl_L2_EW,32NVL_EW,0.037,0.034
985,NvcNvl_L1_EW,NONE,0.011,0.0
985,NvcNvl_L2_EW,NONE,0.008,0.0
985,NvcNvl_L1_EW,NVCNVL_EW,0.007,0.007
985,32Mt_L1_EW,NONE,0.022,0.0
985,32Mt_L3_EW,NONE,0.027,0.0
985,32Mt_L1_EW,32MT_EW,0.014,0.009
985,32Nvl_L2_NS,32NVL_NS,0.08,0.08
985,32Nvl_L3_EW,NONE,0.031,0.0
985,32Nvl_L3_EW,NONE,0.006,0.0
985,32Nvl_L1_NS,32NVL_NS,0.034,0.034
985,NvcNvl_L3_EW,NONE,0.006,0.0
985,32Mt_L2_EW,NONE,0.023,0.0
985,32Mt_L2_EW,32MT_EW,0.005,0.0
990,304Nvl_L1_EW,304NVL_EW,0.008,0.008
990,304Nvl_L2_EW,304NVL_EW,0.007,0.007
990,32Nvl_L1_NS,32NVL_NS,0.083,0.083
990,32Nvl_L1_EW,32NVL_EW,0.034,0.034
990,32Nvl_L2_EW,32NVL_EW,0.037,0.037
990,32Nvl_L3_NS,NONE,0.042,0.0
990,32Nvl_L2_NS,32NVL_NS,0.039,0.039
990,NvcNvl_L3_NS,NONE,0.041,0.0
990,NvcNvl_L2_NS,NONE,0.04,0.0
990,NvcNvl_L1_EW,NONE,0.011,0.0
990,NvcNvl_L2_EW,NONE,0.008,0.0
990,32Mt_L1_EW,NONE,0.007,0.0
990,32Mt_L3_EW,NONE,0.009,0.0
990,NvcMt_L2_NS,NONE,0.005,0.0
990,32Nvl_L2_NS,32NVL_NS,0.08,0.08
990,32Nvl_L3_EW,NONE,0.031,0.0
990,32Nvl_L1_NS,32NVL_NS,0.034,0.034
990,NvcNvl_L1_NS,NONE,0.052,0.0
990,NvcNvl_L3_EW,NONE,0.006,0.0
990,32Mt_L2_EW,NONE,0.008,0.0
990,NvcMt_L1_NS,NONE,0.011,0.0
995,304Nvl_L1_NS,NONE,0.007,0.0
995,32Nvl_L3_NS,NONE,0.007,0.0
995,32Nvl_L1_NS,32NVL_NS,0.09,0.09
995,32Nvl_L1_EW,32NVL_EW,0.007,0.002
995,32Nvl_L2_EW,32NVL_EW,0.007,0.007
995,32Nvl_L3_NS,NONE,0.067,0.0
995,32Nvl_L2_NS,32NVL_NS,0.063,0.063
995,NvcNvl_L3_NS,NONE,0.014,0.0
995,NvcNvl_L2_NS,NONE,0.013,0.0
995,NvcNvl_L1_EW,NVCNVL_EW,0.007,0.007
995,NvcNvl_L2_EW,NVCNVL_EW,0.008,0.008
995,32Mt_L1_EW,32MT_EW,0.007,0.007
995,32Mt_L1_NS,NONE,0.01,0.0
995,NvcMt_L2_NS,NONE,0.005,0.0
995,32Nvl_L2_NS,32NVL_NS,0.087,0.087
995,32Nvl_L3_EW,NONE,0.006,0.0
995,32Nvl_L1_NS,32NVL_NS,0.06,0.06
995,NvcNvl_L1_NS,NONE,0.017,0.0
995,NvcNvl_L3_EW,NONE,0.009,0.0
995,NvcMt_L1_NS,NONE,0.005,0.0
1000,304Nvl_L1_EW,304NVL_EW,0.008,0.008
1000,304Nvl_L2_EW,304NVL_EW,0.007,0.007
1000,32Nvl_L3_NS,NONE,0.02,0.0
1000,32Nvl_L1_NS,32NVL_NS,0.104,0.104
1000,32Nvl_L3_NS,NONE,0.083,0.0
1000,32Nvl_L2_NS,32NVL_NS,0.079,0.079
1000,NvcNvl_L3_NS,NONE,0.014,0.0
1000,NvcNvl_L2_NS,NONE,0.013,0.0
1000,32Mt_L1_EW,NONE,0.007,0.0
1000,32Mt_L3_EW,NONE,0.009,0.0
1000,32Mt_L1_EW,32MT_EW,0.007,0.007
1000,304Nvl_L3_EW,NONE,0.006,0.0
1000,32Nvl_L2_NS,32NVL_NS,0.1,0.1
1000,32Nvl_L1_NS,32NVL_NS,0.074,0.074
1000,NvcNvl_L1_NS,NONE,0.017,0.0
1000,32Mt_L2_EW,NONE,0.008,0.0
1000,32Mt_L2_EW,32MT_EW,0.005,0.005
1000,NvcMt_L1_EW,NVCMT_EW,0.006,0.006
1005,32Nvl_L3_NS,NONE,0.034,0.0
1005,32Nvl_L1_NS,32NVL_NS,0.111,0.111
1005,32Nvl_L3_NS,NONE,0.1,0.0
1005,32Nvl_L2_NS,32NVL_NS,0.095,0.095
1005,NvcNvl_L3_NS,NONE,0.007,0.0
1005,NvcNvl_L2_NS,NONE,0.007,0.0
1005,NvcNvl_L1_EW,NONE,0.011,0.0
1005,NvcNvl_L2_EW,NONE,0.008,0.0
1005,NvcNvl_L1_EW,NVCNVL_EW,0.014,0.014
1005,NvcNvl_L2_EW,NVCNVL_EW,0.008,0.008
1005,32Mt_L1_EW,32MT_EW,0.091,0.091
1005,32Mt_L1_NS,NONE,0.01,0.0
1005,NvcMt_L2_NS,NONE,0.005,0.0
1005,32Nvl_L2_NS,32NVL_NS,0.113,0.113
1005,32Nvl_L1_NS,32NVL_NS,0.087,0.087
1005,NvcNvl_L1_NS,NONE,0.009,0.0
1005,NvcNvl_L3_EW,NONE,0.006,0.0
1005,NvcNvl_L3_EW,NONE,0.009,0.0
1005,32Mt_L2_EW,32MT_EW,0.065,0.065
1005,NvcMt_L1_NS,NONE,0.005,0.0
1010,304Nvl_L1_EW,304NVL_EW,0.008,0.008
1010,32Nvl_L3_NS,NONE,0.02,0.0
1010,32Nvl_L1_NS,32NVL_NS,0.104,0.104
1010,32Nvl_L1_EW,32NVL_EW,0.007,-0.052
1010,32Nvl_L2_EW,32NVL_EW,0.007,-0.038
1010,32Nvl_L3_NS,NONE,0.109,0.0
1010,32Nvl_L2_NS,32NVL_NS,0.103,0.103
1010,NvcNvl_L1_EW,NONE,0.011,0.0
1010,NvcNvl_L2_EW,NONE,0.008,0.0
1010,NvcNvl_L1_EW,NVCNVL_EW,0.007,0.007
1010,32Mt_L1_EW,32MT_EW,0.084,0.084
1010,32Nvl_L2_NS,32NVL_NS,0.1,0.1
1010,32Nvl_L3_EW,NONE,0.006,0.0
1010,32Nvl_L1_NS,32NVL_NS,0.087,0.087
1010,NvcNvl_L3_EW,NONE,0.006,0.0
1010,32Mt_L2_EW,32MT_EW,0.065,0.065
1010,NvcMt_L1_EW,NVCMT_EW,0.006,0.001
1015,304Nvl_L1_EW,304NVL_EW,0.017,0.017
1015,304Nvl_L2_EW,304NVL_EW,0.015,0.015
1015,32Nvl_L3_NS,NONE,0.007,0.0
1015,32Nvl_L1_NS,32NVL_NS,0.09,0.085
1015,32Nvl_L1_EW,32NVL_EW,0.007,-0.052
1015,32Nvl_L2_EW,32NVL_EW,0.007,-0.038
1015,32Nvl_L3_NS,NONE,0.075,0.0
1015,32Nvl_L2_NS,32NVL_NS,0.071,0.071
1015,NvcNvl_L3_NS,NONE,0.014,0.0
1015,NvcNvl_L2_NS,NONE,0.013,0.0
1015,NvcNvl_L1_EW,NONE,0.011,0.0
1015,NvcNvl_L2_EW,NONE,0.008,0.0
1015,NvcNvl_L1_EW,NVCNVL_EW,0.007,0.003
1015,NvcNvl_L1_NS,NVCNVL_NS,0.007,-0.056
1015,32Mt_L1_EW,32MT_EW,0.084,0.084
1015,NvcMt_L1_EW,NVCMT_EW,0.006,0.001
1015,304Nvl_L3_EW,NONE,0.013,0.0
1015,32Nvl_L2_NS,32NVL_NS,0.087,0.087
1015,32Nvl_L3_EW,NONE,0.006,0.0
1015,32Nvl_L1_NS,32NVL_NS,0.06,0.056
1015,NvcNvl_L1_NS,NONE,0.017,0.0
1015,NvcNvl_L3_EW,NONE,0.006,0.0
1015,32Mt_L2_EW,32MT_EW,0.065,0.065
1015,NvcMt_L1_NS,NONE,0.005,0.0
1015,NvcMt_L2_EW,NVCMT_EW,0.008,0.008
1020,304Nvl_L1_EW,304NVL_EW,0.017,0.017
1020,304Nvl_L2_EW,304NVL_EW,0.015,0.015
1020,32Nvl_L3_NS,NONE,0.007,0.0
1020,32Nvl_L1_NS,32NVL_NS,0.007,0.007
1020,32Nvl_L1_EW,32NVL_EW,0.013,-0.045
1020,32Nvl_L2_EW,32NVL_EW,0.007,-0.038
1020,32Nvl_L3_NS,NONE,0.033,0.0
1020,32Nvl_L2_NS,32NVL_NS,0.032,0.032
1020,NvcNvl_L3_NS,NONE,0.041,0.0
1020,NvcNvl_L2_NS,NONE,0.04,0.0
1020,NvcNvl_L1_EW,NVCNVL_EW,0.014,0.01
1020,32Mt_L1_EW,NONE,0.007,0.0
1020,32Mt_L3_EW,NONE,0.009,0.0
1020,32Mt_L1_EW,32MT_EW,0.084,0.084
1020,NvcMt_L2_NS,NONE,0.005,0.0
1020,NvcMt_L1_EW,NVCMT_EW,0.006,-0.004
1020,304Nvl_L3_EW,NONE,0.013,0.0
1020,32Nvl_L2_NS,32NVL_NS,0.007,0.007
1020,32Nvl_L3_EW,NONE,0.006,0.0
1020,32Nvl_L1_NS,32NVL_NS,0.027,0.027
1020,NvcNvl_L1_NS,NONE,0.052,0.0
1020,32Mt_L2_EW,NONE,0.008,0.0
1020,32Mt_L2_EW,32MT_EW,0.065,0.065
1020,NvcMt_L1_NS,NONE,0.005,0.0
1020,NvcMt_L2_EW,NVCMT_EW,0.008,0.008
1025,304Nvl_L1_EW,304NVL_EW,0.025,0.025
1025,304Nvl_L2_EW,304NVL_EW,0.022,0.022
1025,32Nvl_L1_EW,32NVL_EW,0.007,-0.052
1025,32Nvl_L2_EW,32NVL_EW,0.007,-0.038
1025,32Nvl_L3_NS,NONE,0.042,0.0
1025,32Nvl_L2_NS,32NVL_NS,0.039,0.039
1025,NvcNvl_L1_EW,NVCNVL_EW,0.014,0.01
1025,32Mt_L1_EW,NONE,0.007,0.0
1025,32Mt_L1_EW,32MT_EW,0.084,0.084
1025,NvcMt_L1_EW,NVCMT_EW,0.006,-0.004
1025,304Nvl_L3_EW,NONE,0.013,0.0
1025,32Nvl_L3_EW,NONE,0.006,0.0
1025,32Nvl_L1_NS,32NVL_NS,0.04,0.04
1025,32Mt_L2_EW,NONE,0.008,0.0
1025,32Mt_L2_EW,32MT_EW,0.065,0.065
1025,NvcMt_L2_EW,NVCMT_EW,0.008,0.008
1030,304Nvl_L1_EW,304NVL_EW,0.025,0.025
1030,304Nvl_L2_EW,304NVL_EW,0.022,0.022
1030,32Nvl_L1_NS,32NVL_NS,0.021,0.021
1030,32Nvl_L1_EW,32NVL_EW,0.007,-0.052
1030,32Nvl_L2_EW,32NVL_EW,0.007,-0.038
1030,32Nvl_L3_NS,NONE,0.05,0.0
1030,32Nvl_L2_NS,32NVL_NS,0.047,0.047
1030,NvcNvl_L1_EW,NVCNVL_EW,0.007,-0.015
1030,32Mt_L1_EW,NONE,0.014,0.0
1030,32Mt_L3_EW,NONE,0.009,0.0
1030,32Mt_L1_EW,32MT_EW,0.084,0.084
1030,NvcMt_L1_EW,NVCMT_EW,0.032,0.027
1030,304Nvl_L3_EW,NONE,0.019,0.0
1030,32Nvl_L3_EW,NONE,0.006,0.0
1030,32Nvl_L1_NS,32NVL_NS,0.047,0.047
1030,32Mt_L2_EW,NONE,0.015,0.0
1030,32Mt_L2_EW,32MT_EW,0.065,0.065
1030,NvcMt_L2_EW,NVCMT_EW,0.04,0.04
1035,304Nvl_L1_EW,304NVL_EW,0.008,0.008
1035,304Nvl_L2_EW,304NVL_EW,0.007,0.007
1035,32Nvl_L1_NS,32NVL_NS,0.007,0.007
1035,32Nvl_L1_EW,32NVL_EW,0.007,-0.052
1035,32Nvl_L2_EW,32NVL_EW,0.007,-0.038
1035,32Nvl_L3_NS,NONE,0.008,0.0
1035,32Nvl_L2_NS,32NVL_NS,0.008,0.008
1035,32Mt_L1_EW,NONE,0.007,0.0
1035,32Mt_L3_EW,NONE,0.009,0.0
1035,32Mt_L1_EW,32MT_EW,0.084,0.084
1035,304Nvl_L3_EW,NONE,0.006,0.0
1035,32Nvl_L3_EW,NONE,0.006,0.0
1035,32Nvl_L1_NS,32NVL_NS,0.107,0.107
1035,32Mt_L2_EW,NONE,0.008,0.0
1035,32Mt_L2_EW,32MT_EW,0.065,0.065
1040,304Nvl_L1_NS,NONE,0.007,0.0
1040,32Nvl_L1_NS,32NVL_NS,0.007,0.007
1040,32Nvl_L1_EW,32NVL_EW,0.007,-0.086
1040,32Nvl_L2_EW,32NVL_EW,0.007,-0.061
1040,32Nvl_L3_NS,NONE,0.008,0.0
1040,32Nvl_L2_NS,32NVL_NS,0.008,0.008
1040,32Mt_L1_EW,NONE,0.014,0.0
1040,32Mt_L3_EW,NONE,0.018,0.0
1040,32Mt_L1_EW,32MT_EW,0.133,0.133
1040,32Mt_L1_NS,NONE,0.01,0.0
1040,NvcMt_L2_NS,NONE,0.005,0.0
1040,32Nvl_L3_EW,NONE,0.006,0.0
1040,32Nvl_L1_NS,32NVL_NS,0.094,0.094
1040,32Mt_L2_EW,NONE,0.015,0.0
1040,32Mt_L2_EW,32MT_EW,0.098,0.098
1040,NvcMt_L1_NS,NONE,0.005,0.0
1045,304Nvl_L1_EW,304NVL_EW,0.025,0.025
1045,304Nvl_L1_EW,NONE,0.008,0.0
1045,32Nvl_L1_NS,32NVL_NS,0.014,0.014
1045,32Nvl_L1_EW,32NVL_EW,0.007,-0.091
1045,32Nvl_L2_EW,32NVL_EW,0.007,-0.065
1045,32Mt_L1_NS,32MT_NS,0.006,0.006
1045,32Mt_L1_EW,32MT_EW,0.139,0.139
1045,32Mt_L1_NS,NONE,0.02,0.0
1045,NvcMt_L2_NS,NONE,0.005,0.0
1045,32Nvl_L3_EW,NONE,0.006,0.0
1045,32Mt_L2_EW,32MT_EW,0.103,0.103
1045,NvcMt_L1_NS,NONE,0.005,0.0
1050,304Nvl_L1_NS,304NVL_NS,0.009,0.004
1050,304Nvl_L3_NS,NONE,0.007,0.0
1050,304Nvl_L1_EW,304NVL_EW,0.008,0.008
1050,32Nvl_L1_NS,32NVL_NS,0.007,0.001
1050,32Nvl_L1_EW,32NVL_EW,0.007,-0.106
1050,32Nvl_L2_EW,32NVL_EW,0.007,-0.078
1050,NvcNvl_L3_NS,NONE,0.007,0.0
1050,NvcNvl_L2_NS,NONE,0.007,0.0
1050,32Mt_L1_EW,32MT_EW,0.153,0.153
1050,32Thn_L1_EW,32THN_EW,0.008,0.008
1050,32Thn_L2_EW,32THN_EW,0.008,0.008
1050,32Thn_L3_EW,NONE,0.008,0.0
1050,304Nvl_L2_NS,304NVL_NS,0.008,0.008
1050,32Nvl_L3_EW,NONE,0.006,0.0
1050,NvcNvl_L1_NS,NONE,0.009,0.0
1050,32Mt_L2_EW,32MT_EW,0.114,0.114
1055,304Nvl_L1_NS,304NVL_NS,0.009,0.009
1055,304Nvl_L3_NS,NONE,0.007,0.0
1055,32Nvl_L1_EW,32NVL_EW,0.007,-0.096
1055,32Nvl_L2_EW,32NVL_EW,0.007,-0.072
1055,32Mt_L1_EW,NONE,0.007,0.0
1055,32Mt_L3_EW,NONE,0.009,0.0
1055,32Mt_L1_EW,32MT_EW,0.146,0.146
1055,32Thn_L1_EW,NONE,0.01,0.0
1055,304Nvl_L2_NS,304NVL_NS,0.008,0.008
1055,32Nvl_L3_EW,NONE,0.006,0.0
1055,32Mt_L2_EW,NONE,0.008,0.0
1055,32Mt_L2_EW,32MT_EW,0.114,0.114
1060,304Nvl_L1_NS,304NVL_NS,0.009,0.009
1060,304Nvl_L3_NS,NONE,0.007,0.0
1060,304Nvl_L1_EW,304NVL_EW,0.008,0.008
1060,304Nvl_L2_EW,304NVL_EW,0.007,0.007
1060,304Nvl_L1_NS,NONE,0.022,0.0
1060,304Nvl_L3_NS,NONE,0.024,0.0
1060,32Nvl_L1_EW,32NVL_EW,0.007,-0.096
1060,32Nvl_L2_EW,32NVL_EW,0.007,-0.072
1060,NvcNvl_L1_EW,NONE,0.011,0.0
1060,NvcNvl_L2_EW,NONE,0.008,0.0
1060,32Mt_L1_EW,32MT_EW,0.146,0.146
1060,32Mt_L1_NS,NONE,0.01,0.0
1060,NvcMt_L1_EW,NVCMT_EW,0.006,0.006
1060,304Nvl_L2_NS,304NVL_NS,0.008,0.008
1060,304Nvl_L3_EW,NONE,0.006,0.0
1060,304Nvl_L2_NS,NONE,0.022,0.0
1060,32Nvl_L3_EW,NONE,0.006,0.0
1060,32Mt_L2_EW,32MT_EW,0.114,0.114
1060,32Mt_L2_NS,NONE,0.009,0.0
1060,NvcMt_L2_EW,NVCMT_EW,0.008,0.008
1065,304Nvl_L1_NS,304NVL_NS,0.009,0.009
1065,304Nvl_L3_NS,NONE,0.007,0.0
1065,304Nvl_L1_EW,304NVL_EW,0.008,0.008
1065,304Nvl_L2_EW,304NVL_EW,0.007,0.007
1065,304Nvl_L1_NS,NONE,0.007,0.0
1065,304Nvl_L3_NS,NONE,0.008,0.0
1065,32Nvl_L1_EW,32NVL_EW,0.007,-0.091
1065,32Nvl_L2_EW,32NVL_EW,0.007,-0.069
1065,NvcNvl_L1_EW,NONE,0.011,0.0
1065,NvcNvl_L2_EW,NONE,0.008,0.0
1065,32Mt_L1_EW,32MT_EW,0.139,0.139
1065,304Nvl_L2_NS,304NVL_NS,0.008,0.008
1065,304Nvl_L3_EW,NONE,0.006,0.0
1065,304Nvl_L2_NS,NONE,0.007,0.0
1065,32Nvl_L3_EW,NONE,0.006,0.0
1065,NvcNvl_L3_EW,NONE,0.006,0.0
1065,32Mt_L2_EW,32MT_EW,0.109,0.109
1070,304Nvl_L1_NS,304NVL_NS,0.009,0.004
1070,304Nvl_L3_NS,NONE,0.007,0.0
1070,304Nvl_L1_EW,304NVL_EW,0.11,0.11
1070,304Nvl_L2_EW,304NVL_EW,0.087,0.087
1070,304Nvl_L1_NS,NONE,0.007,0.0
1070,32Nvl_L3_NS,NONE,0.007,0.0
1070,32Nvl_L1_NS,32NVL_NS,0.007,0.001
1070,32Nvl_L1_EW,32NVL_EW,0.007,-0.003
1070,32Nvl_L2_EW,32NVL_EW,0.007,0.0
1070,32Nvl_L3_NS,NONE,0.008,0.0
1070,32Nvl_L2_NS,32NVL_NS,0.008,0.003
1070,32Mt_L1_EW,NONE,0.007,0.0
1070,32Mt_L1_EW,32MT_EW,0.014,0.014
1070,304Nvl_L2_NS,304NVL_NS,0.008,0.002
1070,304Nvl_L3_EW,NONE,0.076,0.0
1070,32Nvl_L2_NS,32NVL_NS,0.007,0.001
1070,32Nvl_L3_EW,NONE,0.006,0.0
1070,32Nvl_L1_NS,32NVL_NS,0.007,0.0
1070,32Mt_L2_EW,32MT_EW,0.011,0.011
1075,304Nvl_L1_NS,304NVL_NS,0.009,0.009
1075,304Nvl_L3_NS,NONE,0.007,0.0
1075,304Nvl_L1_NS,NONE,0.022,0.0
1075,304Nvl_L3_NS,NONE,0.024,0.0
1075,32Nvl_L1_EW,32NVL_EW,0.007,0.007
1075,32Nvl_L2_EW,32NVL_EW,0.007,0.007
1075,32Nvl_L3_NS,NONE,0.042,0.0
1075,32Nvl_L2_NS,32NVL_NS,0.039,0.034
1075,NvcNvl_L1_EW,NVCNVL_EW,0.007,0.007
1075,NvcNvl_L2_EW,NVCNVL_EW,0.008,0.008
1075,32Mt_L1_EW,NONE,0.007,0.0
1075,32Mt_L1_NS,NONE,0.117,0.0
1075,32Thn_L1_EW,NONE,0.01,0.0
1075,32Thn_L2_EW,NONE,0.01,0.0
1075,32Thn_L3_EW,NONE,0.007,0.0
1075,304Nvl_L2_NS,304NVL_NS,0.008,-0.02
1075,304Nvl_L2_NS,NONE,0.022,0.0
1075,32Nvl_L3_EW,NONE,0.006,0.0
1075,32Nvl_L1_NS,32NVL_NS,0.034,0.027
1075,NvcNvl_L3_EW,NONE,0.009,0.0
1080,304Nvl_L1_NS,304NVL_NS,0.009,0.009
1080,304Nvl_L3_NS,NONE,0.007,0.0
1080,32Nvl_L1_EW,32NVL_EW,0.007,0.001
1080,32Nvl_L2_EW,32NVL_EW,0.008,0.008
1080,32Nvl_L1_EW,32NVL_EW,0.007,0.001
1080,32Nvl_L2_EW,32NVL_EW,0.007,0.007
1080,32Nvl_L2_NS,32NVL_NS,0.039,0.034
1080,NvcNvl_L3_NS,NONE,0.007,0.0
1080,NvcNvl_L2_NS,NONE,0.007,0.0
1080,32Mt_L1_EW,NONE,0.043,0.0
1080,32Mt_L1_NS,NONE,0.127,0.0
1080,32Thn_L1_EW,32THN_EW,0.008,0.003
1080,304Nvl_L2_NS,304NVL_NS,0.008,-0.02
1080,32Nvl_L3_EW,NONE,0.006,0.0
1080,32Nvl_L3_EW,NONE,0.006,0.0
1080,32Nvl_L1_NS,32NVL_NS,0.034,0.027
1080,NvcNvl_L1_NS,NONE,0.009,0.0
1080,32Mt_L2_NS,NONE,0.009,0.0
1085,304Nvl_L1_NS,304NVL_NS,0.009,0.009
1085,304Nvl_L3_NS,NONE,0.007,0.0
1085,304Nvl_L1_EW,304NVL_EW,0.017,0.017
1085,304Nvl_L1_NS,NONE,0.088,0.0
1085,32Nvl_L1_EW,32NVL_EW,0.007,0.007
1085,32Nvl_L2_EW,32NVL_EW,0.008,0.008
1085,32Nvl_L1_EW,32NVL_EW,0.007,0.007
1085,32Nvl_L2_EW,32NVL_EW,0.007,0.007
1085,32Nvl_L3_NS,NONE,0.05,0.0
1085,32Nvl_L2_NS,32NVL_NS,0.047,0.042
1085,32Mt_L1_NS,32MT_NS,0.006,0.006
1085,32Mt_L1_EW,NONE,0.007,0.0
1085,32Mt_L1_NS,NONE,0.02,0.0
1085,NvcMt_L1_EW,NVCMT_EW,0.006,0.006
1085,304Nvl_L2_NS,304NVL_NS,0.008,-0.026
1085,32Nvl_L3_EW,NONE,0.006,0.0
1085,32Nvl_L3_EW,NONE,0.006,0.0
1085,32Nvl_L1_NS,32NVL_NS,0.04,0.034
1085,32Mt_L2_NS,NONE,0.009,0.0
1085,NvcMt_L2_EW,NVCMT_EW,0.008,0.008
1090,304Nvl_L1_NS,304NVL_NS,0.009,0.009
1090,304Nvl_L3_NS,NONE,0.007,0.0
1090,304Nvl_L1_EW,304NVL_EW,0.008,0.008
1090,304Nvl_L2_EW,304NVL_EW,0.007,0.007
1090,32Nvl_L1_EW,32NVL_EW,0.007,-0.022
1090,32Nvl_L2_EW,32NVL_EW,0.008,-0.015
1090,32Nvl_L1_EW,32NVL_EW,0.007,-0.023
1090,32Nvl_L2_EW,32NVL_EW,0.007,-0.015
1090,32Nvl_L3_NS,NONE,0.042,0.0
1090,32Nvl_L2_NS,32NVL_NS,0.039,0.034
1090,32Mt_L1_NS,32MT_NS,0.006,0.006
1090,32Mt_L1_EW,NONE,0.014,0.0
1090,32Mt_L3_EW,NONE,0.009,0.0
1090,32Mt_L1_EW,32MT_EW,0.042,0.037
1090,32Mt_L1_NS,NONE,0.01,0.0
1090,304Nvl_L2_NS,304NVL_NS,0.008,-0.02
1090,304Nvl_L3_EW,NONE,0.006,0.0
1090,32Nvl_L3_EW,NONE,0.006,0.0
1090,32Nvl_L3_EW,NONE,0.006,0.0
1090,32Nvl_L1_NS,32NVL_NS,0.067,0.061
1090,32Mt_L2_EW,NONE,0.008,0.0
1090,32Mt_L2_EW,32MT_EW,0.033,0.027
1090,32Mt_L2_NS,NONE,0.009,0.0
1095,304Nvl_L1_NS,304NVL_NS,0.009,-0.001
1095,304Nvl_L3_NS,NONE,0.007,0.0
1095,304Nvl_L1_EW,304NVL_EW,0.017,0.017
1095,304Nvl_L2_EW,304NVL_EW,0.015,0.015
1095,304Nvl_L1_NS,NONE,0.007,0.0
1095,32Nvl_L3_NS,NONE,0.007,0.0
1095,32Nvl_L1_NS,32NVL_NS,0.014,0.008
1095,32Nvl_L1_EW,32NVL_EW,0.007,0.002
1095,32Nvl_L2_EW,32NVL_EW,0.008,0.008
1095,32Nvl_L1_EW,32NVL_EW,0.007,0.002
1095,32Nvl_L2_EW,32NVL_EW,0.007,0.007
1095,32Nvl_L3_NS,NONE,0.008,0.0
1095,32Nvl_L2_NS,32NVL_NS,0.008,0.003
1095,32Mt_L1_NS,32MT_NS,0.013,0.013
1095,32Mt_L1_EW,32MT_EW,0.007,0.002
1095,NvcMt_L2_NS,NONE,0.005,0.0
1095,304Nvl_L2_NS,304NVL_NS,0.008,0.002
1095,304Nvl_L3_EW,NONE,0.013,0.0
1095,32Nvl_L2_NS,32NVL_NS,0.007,0.001
1095,32Nvl_L3_EW,NONE,0.006,0.0
1095,32Nvl_L3_EW,NONE,0.006,0.0
1095,32Nvl_L1_NS,32NVL_NS,0.04,0.034
1095,NvcMt_L1_NS,NONE,0.005,0.0
1100,304Thn_L1_EW,NONE,0.007,0.0
1100,304Thn_L2_EW,NONE,0.008,0.0
1100,304Nvl_L1_NS,304NVL_NS,0.009,0.009
1100,304Nvl_L3_NS,NONE,0.007,0.0
1100,304Nvl_L1_EW,304NVL_EW,0.008,0.008
1100,304Nvl_L2_EW,304NVL_EW,0.007,0.007
1100,32Nvl_L1_EW,32NVL_EW,0.007,0.002
1100,32Nvl_L2_EW,32NVL_EW,0.008,0.004
1100,32Nvl_L1_EW,32NVL_EW,0.007,0.002
1100,32Nvl_L2_EW,32NVL_EW,0.007,0.004
1100,NvcNvl_L3_NS,NONE,0.007,0.0
1100,NvcNvl_L2_NS,NONE,0.007,0.0
1100,32Mt_L1_NS,32MT_NS,0.038,0.038
1100,32Mt_L1_EW,32MT_EW,0.007,0.002
1100,32Mt_L1_NS,NONE,0.01,0.0
1100,304Nvl_L2_NS,304NVL_NS,0.008,0.008
1100,304Nvl_L3_EW,NONE,0.006,0.0
1100,32Nvl_L3_EW,NONE,0.006,0.0
1100,32Nvl_L3_EW,NONE,0.006,0.0
1100,NvcNvl_L1_NS,NONE,0.009,0.0
1100,32Mt_L2_EW,32MT_EW,0.005,0.0
1100,32Mt_L2_NS,NONE,0.009,0.0
1100,304Thn_L3_EW,NONE,0.008,0.0
1105,304Thn_L1_EW,304THN_EW,0.008,0.008
1105,304Nvl_L1_NS,304NVL_NS,0.009,0.009
1105,304Nvl_L3_NS,NONE,0.007,0.0
1105,304Nvl_L1_NS,NONE,0.015,0.0
1105,32Nvl_L1_EW,32NVL_EW,0.007,0.007
1105,32Nvl_L2_EW,32NVL_EW,0.008,0.008
1105,32Nvl_L1_EW,32NVL_EW,0.007,0.007
1105,32Nvl_L2_EW,32NVL_EW,0.007,0.007
1105,32Nvl_L3_NS,NONE,0.017,0.0
1105,32Nvl_L2_NS,32NVL_NS,0.016,0.01
1105,32Mt_L1_NS,32MT_NS,0.031,0.031
1105,304Nvl_L2_NS,304NVL_NS,0.008,-0.003
1105,32Nvl_L3_EW,NONE,0.006,0.0
1105,32Nvl_L3_EW,NONE,0.006,0.0
1105,32Nvl_L1_NS,32NVL_NS,0.027,0.021
1110,304Nvl_L1_NS,304NVL_NS,0.009,0.009
1110,304Nvl_L3_NS,NONE,0.007,0.0
1110,304Nvl_L1_NS,NONE,0.007,0.0
1110,32Nvl_L1_EW,32NVL_EW,0.007,0.007
1110,32Nvl_L2_EW,32NVL_EW,0.008,0.008
1110,32Nvl_L1_EW,32NVL_EW,0.013,0.013
1110,32Nvl_L2_EW,32NVL_EW,0.015,0.015
1110,32Nvl_L3_NS,NONE,0.017,0.0
1110,32Nvl_L2_NS,32NVL_NS,0.016,0.01
1110,304Nvl_L2_NS,304NVL_NS,0.008,-0.003
1110,32Nvl_L3_EW,NONE,0.012,0.0
1110,32Nvl_L3_EW,NONE,0.006,0.0
1110,32Nvl_L1_NS,32NVL_NS,0.02,0.014
1115,304Nvl_L1_NS,304NVL_NS,0.009,0.009
1115,304Nvl_L3_NS,NONE,0.007,0.0
1115,304Nvl_L1_EW,304NVL_EW,0.042,0.042
1115,304Nvl_L2_EW,304NVL_EW,0.036,0.036
1115,32Nvl_L1_EW,32NVL_EW,0.007,0.007
1115,32Nvl_L2_EW,32NVL_EW,0.007,0.007
1115,NvcMt_L2_NS,NONE,0.005,0.0
1115,304Nvl_L2_NS,304NVL_NS,0.008,0.008
1115,304Nvl_L3_EW,NONE,0.032,0.0
1115,32Nvl_L3_EW,NONE,0.006,0.0
1115,NvcMt_L1_NS,NONE,0.005,0.0
1120,304Nvl_L1_NS,304NVL_NS,0.009,-0.049
1120,304Nvl_L3_NS,NONE,0.007,0.0
1120,304Nvl_L1_EW,304NVL_EW,0.008,0.008
1120,304Nvl_L2_EW,304NVL_EW,0.007,0.007
1120,304Nvl_L1_NS,NONE,0.007,0.0
1120,304Nvl_L3_NS,NONE,0.008,0.0
1120,32Nvl_L3_NS,NONE,0.082,0.0
1120,32Nvl_L1_NS,32NVL_NS,0.083,0.077
1120,32Nvl_L1_EW,32NVL_EW,0.007,0.007
1120,NvcMt_L2_NS,NONE,0.005,0.0
1120,304Nvl_L2_NS,304NVL_NS,0.008,0.008
1120,304Nvl_L3_EW,NONE,0.006,0.0
1120,304Nvl_L2_NS,NONE,0.007,0.0
1120,32Nvl_L2_NS,32NVL_NS,0.08,0.075
1120,NvcMt_L1_NS,NONE,0.005,0.0
1125,304Nvl_L1_NS,304NVL_NS,0.009,-0.054
1125,304Nvl_L3_NS,NONE,0.007,0.0
1125,304Nvl_L1_NS,NONE,0.036,0.0
1125,32Nvl_L3_NS,NONE,0.007,0.0
1125,32Nvl_L1_NS,32NVL_NS,0.09,0.084
1125,32Nvl_L1_EW,32NVL_EW,0.007,0.007
1125,NvcNvl_L3_NS,NONE,0.007,0.0
1125,NvcNvl_L2_NS,NONE,0.007,0.0
1125,304Nvl_L2_NS,304NVL_NS,0.008,0.008
1125,32Nvl_L2_NS,32NVL_NS,0.087,0.081
1125,NvcNvl_L1_NS,NONE,0.009,0.0
1130,304Nvl_L1_EW,304NVL_EW,0.008,0.008
1130,304Nvl_L1_NS,NONE,0.007,0.0
1130,32Nvl_L3_NS,NONE,0.007,0.0
1130,32Nvl_L1_NS,32NVL_NS,0.007,0.007
1130,32Nvl_L3_NS,NONE,0.05,0.0
1130,32Nvl_L2_NS,32NVL_NS,0.047,0.047
1130,32Nvl_L2_NS,32NVL_NS,0.007,0.007
1130,32Nvl_L1_NS,32NVL_NS,0.04,0.04
1135,304Nvl_L1_EW,304NVL_EW,0.017,0.017
1135,304Nvl_L2_EW,304NVL_EW,0.007,0.007
1135,304Nvl_L1_NS,NONE,0.007,0.0
1135,32Nvl_L3_NS,NONE,0.007,0.0
1135,32Nvl_L1_NS,32NVL_NS,0.021,0.021
1135,32Nvl_L3_NS,NONE,0.042,0.0
1135,32Nvl_L2_NS,32NVL_NS,0.039,0.039
1135,304Nvl_L3_EW,NONE,0.006,0.0
1135,32Nvl_L2_NS,32NVL_NS,0.013,0.013
1135,32Nvl_L1_NS,32NVL_NS,0.034,0.034
1140,304Nvl_L1_NS,304NVL_NS,0.009,0.009
1140,304Nvl_L1_EW,304NVL_EW,0.008,0.008
1140,304Nvl_L2_EW,304NVL_EW,0.007,0.007
1140,NvcNvl_L1_EW,NONE,0.011,0.0
1140,NvcNvl_L2_EW,NONE,0.008,0.0
1140,32Mt_L1_EW,32MT_EW,0.007,0.007
1140,32Mt_L1_NS,NONE,0.01,0.0
1140,NvcMt_L1_NS,NVCMT_NS,0.007,0.007
1140,304Nvl_L3_EW,NONE,0.006,0.0
1140,32Nvl_L1_NS,32NVL_NS,0.007,0.0
1140,NvcNvl_L3_EW,NONE,0.006,0.0
1140,32Mt_L2_EW,32MT_EW,0.005,0.005
1140,32Mt_L2_NS,NONE,0.009,0.0
1140,NvcMt_L2_NS,NVCMT_NS,0.005,0.005
1145,304Nvl_L1_NS,304NVL_NS,0.009,0.009
1145,304Nvl_L1_NS,NONE,0.007,0.0
1145,NvcNvl_L3_NS,NONE,0.007,0.0
1145,NvcNvl_L2_NS,NONE,0.007,0.0
1145,32Mt_L1_NS,32MT_NS,0.006,0.006
1145,32Nvl_L1_NS,32NVL_NS,0.013,0.007
1145,NvcNvl_L1_NS,NONE,0.009,0.0
1150,304Nvl_L1_NS,304NVL_NS,0.009,-0.015
1150,304Nvl_L1_NS,NONE,0.007,0.0
1150,32Nvl_L3_NS,NONE,0.034,0.0
1150,32Nvl_L1_NS,32NVL_NS,0.035,0.028
1150,NvcNvl_L3_NS,NONE,0.007,0.0
1150,NvcNvl_L2_NS,NONE,0.007,0.0
1150,NvcNvl_L1_EW,NVCNVL_EW,0.007,0.007
1150,NvcNvl_L2_EW,NVCNVL_EW,0.008,0.008
1150,32Mt_L1_NS,32MT_NS,0.006,0.006
1150,32Mt_L1_EW,NONE,0.007,0.0
1150,32Mt_L1_NS,NONE,0.01,0.0
1150,NvcMt_L2_NS,NONE,0.005,0.0
1150,32Nvl_L2_NS,32NVL_NS,0.033,0.033
1150,NvcNvl_L1_NS,NONE,0.009,0.0
1150,NvcNvl_L3_EW,NONE,0.009,0.0
1150,32Mt_L2_NS,NONE,0.009,0.0
1150,NvcMt_L1_NS,NONE,0.005,0.0
1155,304Nvl_L1_NS,304NVL_NS,0.009,0.004
1155,304Nvl_L3_NS,NONE,0.007,0.0
1155,304Nvl_L1_EW,304NVL_EW,0.008,0.008
1155,304Nvl_L2_EW,304NVL_EW,0.007,0.007
1155,32Nvl_L1_NS,32NVL_NS,0.007,0.001
1155,NvcNvl_L3_NS,NONE,0.014,0.0
1155,NvcNvl_L2_NS,NONE,0.013,0.0
1155,NvcNvl_L1_EW,NVCNVL_EW,0.007,0.007
1155,NvcNvl_L2_EW,NVCNVL_EW,0.008,0.008
1155,32Mt_L1_NS,32MT_NS,0.006,0.006
1155,NvcMt_L2_NS,NONE,0.005,0.0
1155,NvcCmt8_L2_EW,NONE,0.007,0.0
1155,304Nvl_L2_NS,304NVL_NS,0.008,0.008
1155,304Nvl_L3_EW,NONE,0.006,0.0
1155,32Nvl_L2_NS,32NVL_NS,0.007,0.001
1155,NvcNvl_L1_NS,NONE,0.017,0.0
1155,NvcNvl_L3_EW,NONE,0.009,0.0
1155,NvcMt_L1_NS,NONE,0.005,0.0
1155,NvcCmt8_L1_EW,NONE,0.006,0.0
1160,304Nvl_L1_NS,304NVL_NS,0.009,0.004
1160,304Nvl_L3_NS,NONE,0.007,0.0
1160,32Nvl_L1_NS,32NVL_NS,0.007,0.001
1160,32Nvl_L3_NS,NONE,0.083,0.0
1160,32Nvl_L2_NS,32NVL_NS,0.087,0.082
1160,NvcNvl_L3_NS,NONE,0.007,0.0
1160,NvcNvl_L2_NS,NONE,0.007,0.0
1160,NvcNvl_L1_EW,NVCNVL_EW,0.014,0.01
1160,NvcNvl_L2_EW,NVCNVL_EW,0.016,0.016
1160,32Mt_L1_EW,NONE,0.05,0.0
1160,32Mt_L3_EW,NONE,0.062,0.0
1160,32Mt_L1_EW,32MT_EW,0.007,0.007
1160,NvcMt_L2_NS,NONE,0.005,0.0
1160,NvcMt_L1_EW,NVCMT_EW,0.006,-0.004
1160,304Nvl_L2_NS,304NVL_NS,0.008,-0.053
1160,32Nvl_L2_NS,32NVL_NS,0.007,0.001
1160,32Nvl_L1_NS,32NVL_NS,0.067,0.061
1160,NvcNvl_L1_NS,NONE,0.009,0.0
1160,NvcNvl_L3_EW,NONE,0.019,0.0
1160,32Mt_L2_EW,NONE,0.053,0.0
1160,32Mt_L2_EW,32MT_EW,0.005,0.005
1160,NvcMt_L1_NS,NONE,0.005,0.0
1160,NvcMt_L2_EW,NVCMT_EW,0.008,-0.003
1165,304Nvl_L1_NS,304NVL_NS,0.009,0.009
1165,304Nvl_L3_NS,NONE,0.007,0.0
1165,304Nvl_L1_NS,NONE,0.007,0.0
1165,32Nvl_L3_NS,NONE,0.109,0.0
1165,32Nvl_L2_NS,32NVL_NS,0.103,0.097
1165,NvcNvl_L1_EW,NVCNVL_EW,0.021,0.017
1165,NvcNvl_L2_EW,NVCNVL_EW,0.016,0.016
1165,32Mt_L1_EW,NONE,0.029,0.0
1165,32Mt_L3_EW,NONE,0.035,0.0
1165,32Mt_L1_EW,32MT_EW,0.007,0.007
1165,NvcMt_L1_EW,NVCMT_EW,0.006,-0.008
1165,304Nvl_L2_NS,304NVL_NS,0.008,-0.064
1165,32Nvl_L1_NS,32NVL_NS,0.087,0.081
1165,NvcNvl_L3_EW,NONE,0.019,0.0
1165,32Mt_L2_EW,NONE,0.03,0.0
1165,32Mt_L2_EW,32MT_EW,0.005,0.005
1165,NvcMt_L2_EW,NVCMT_EW,0.008,-0.003
1170,304Nvl_L1_NS,304NVL_NS,0.009,0.004
1170,304Nvl_L3_NS,NONE,0.007,0.0
1170,32Nvl_L3_NS,NONE,0.007,0.0
1170,32Nvl_L1_NS,32NVL_NS,0.007,-0.004
1170,32Nvl_L3_NS,NONE,0.075,0.0
1170,32Nvl_L2_NS,32NVL_NS,0.071,0.066
1170,NvcNvl_L1_EW,NVCNVL_EW,0.021,0.017
1170,NvcNvl_L2_EW,NVCNVL_EW,0.016,0.016
1170,NvcNvl_L1_NS,NVCNVL_NS,0.007,0.002
1170,32Mt_L1_EW,NONE,0.007,0.0
1170,32Mt_L3_EW,NONE,0.009,0.0
1170,32Mt_L1_EW,32MT_EW,0.035,0.035
1170,32Mt_L1_NS,NONE,0.02,0.0
1170,NvcMt_L2_NS,NONE,0.005,0.0
1170,NvcMt_L1_EW,NVCMT_EW,0.006,-0.014
1170,304Nvl_L2_NS,304NVL_NS,0.008,-0.042
1170,32Nvl_L2_NS,32NVL_NS,0.007,0.001
1170,32Nvl_L1_NS,32NVL_NS,0.067,0.056
1170,NvcNvl_L3_EW,NONE,0.019,0.0
1170,32Mt_L2_EW,NONE,0.008,0.0
1170,32Mt_L2_EW,32MT_EW,0.027,0.027
1170,32Mt_L2_NS,NONE,0.009,0.0
1170,NvcMt_L1_NS,NONE,0.005,0.0
1170,NvcMt_L2_EW,NVCMT_EW,0.008,-0.003
1170,NvcCmt8_L1_EW,NVCCMT8_EW,0.008,0.003
1175,304Nvl_L1_NS,304NVL_NS,0.009,-0.03
1175,304Nvl_L3_NS,NONE,0.007,0.0
1175,304Nvl_L1_EW,304NVL_EW,0.008,0.008
1175,304Nvl_L2_EW,304NVL_EW,0.007,0.007
1175,32Nvl_L3_NS,NONE,0.007,0.0
1175,32Nvl_L1_NS,32NVL_NS,0.055,0.049
1175,32Nvl_L3_NS,NONE,0.042,0.0
1175,32Nvl_L2_NS,32NVL_NS,0.039,0.034
1175,NvcNvl_L3_NS,NONE,0.034,0.0
1175,NvcNvl_L2_NS,NONE,0.033,0.0
1175,NvcNvl_L1_EW,NVCNVL_EW,0.021,0.021
1175,NvcNvl_L2_EW,NVCNVL_EW,0.016,0.016
1175,32Mt_L1_NS,32MT_NS,0.006,0.006
1175,32Mt_L1_EW,NONE,0.036,0.0
1175,32Mt_L3_EW,NONE,0.044,0.0
1175,32Mt_L1_EW,32MT_EW,0.007,0.007
1175,32Mt_L1_NS,NONE,0.02,0.0
1175,NvcMt_L2_NS,NONE,0.005,0.0
1175,32Thn_L1_EW,NONE,0.01,0.0
1175,32Thn_L2_EW,NONE,0.01,0.0
1175,32Thn_L3_EW,NONE,0.007,0.0
1175,304Nvl_L2_NS,304NVL_NS,0.008,-0.02
1175,304Nvl_L3_EW,NONE,0.006,0.0
1175,32Nvl_L2_NS,32NVL_NS,0.013,0.008
1175,32Nvl_L1_NS,32NVL_NS,0.034,0.027
1175,NvcNvl_L1_NS,NONE,0.044,0.0
1175,NvcNvl_L3_EW,NONE,0.019,0.0
1175,32Mt_L2_EW,NONE,0.038,0.0
1175,32Mt_L2_EW,32MT_EW,0.005,0.005
1175,32Mt_L2_NS,NONE,0.009,0.0
1175,NvcMt_L1_NS,NONE,0.005,0.0
1180,304Nvl_L1_NS,304NVL_NS,0.009,-0.001
1180,304Nvl_L3_NS,NONE,0.007,0.0
1180,304Nvl_L1_EW,304NVL_EW,0.025,0.025
1180,304Nvl_L2_EW,304NVL_EW,0.022,0.022
1180,32Nvl_L1_NS,32NVL_NS,0.014,0.008
1180,32Nvl_L1_EW,32NVL_EW,0.007,-0.003
1180,32Nvl_L2_EW,32NVL_EW,0.008,0.008
1180,32Nvl_L1_EW,32NVL_EW,0.007,-0.004
1180,NvcNvl_L1_EW,NONE,0.011,0.0
1180,NvcNvl_L2_EW,NONE,0.008,0.0
1180,NvcNvl_L1_EW,NVCNVL_EW,0.007,0.007
1180,NvcNvl_L2_EW,NVCNVL_EW,0.008,0.008
1180,32Mt_L1_NS,32MT_NS,0.006,0.006
1180,32Mt_L1_EW,32MT_EW,0.007,0.002
1180,32Thn_L1_EW,32THN_EW,0.008,0.003
1180,304Nvl_L2_NS,304NVL_NS,0.008,0.008
1180,304Nvl_L3_EW,NONE,0.019,0.0
1180,32Nvl_L3_EW,NONE,0.006,0.0
1180,32Nvl_L1_NS,32NVL_NS,0.007,0.0
1180,NvcNvl_L3_EW,NONE,0.006,0.0
1180,NvcNvl_L3_EW,NONE,0.009,0.0
1185,304Nvl_L1_NS,304NVL_NS,0.009,-0.001
1185,304Nvl_L3_NS,NONE,0.007,0.0
1185,304Nvl_L1_EW,304NVL_EW,0.017,0.017
1185,304Nvl_L2_EW,304NVL_EW,0.015,0.015
1185,32Nvl_L3_NS,NONE,0.007,0.0
1185,32Nvl_L1_NS,32NVL_NS,0.014,0.008
1185,32Nvl_L1_EW,32NVL_EW,0.007,-0.003
1185,32Nvl_L2_EW,32NVL_EW,0.008,0.0
1185,NvcNvl_L3_NS,NONE,0.014,0.0
1185,NvcNvl_L2_NS,NONE,0.013,0.0
1185,NvcNvl_L1_EW,NONE,0.011,0.0
1185,NvcNvl_L2_EW,NONE,0.008,0.0
1185,32Mt_L1_NS,32MT_NS,0.038,0.038
1185,32Mt_L1_EW,NONE,0.043,0.0
1185,32Mt_L3_EW,NONE,0.053,0.0
1185,32Mt_L1_EW,32MT_EW,0.014,0.009
1185,304Nvl_L2_NS,304NVL_NS,0.008,0.008
1185,304Nvl_L3_EW,NONE,0.013,0.0
1185,32Nvl_L2_NS,32NVL_NS,0.007,0.001
1185,32Nvl_L3_EW,NONE,0.006,0.0
1185,NvcNvl_L1_NS,NONE,0.017,0.0
1185,NvcNvl_L3_EW,NONE,0.006,0.0
1185,32Mt_L2_EW,NONE,0.045,0.0
1185,32Mt_L2_EW,32MT_EW,0.011,0.005
1190,304Nvl_L1_NS,304NVL_NS,0.018,0.018
1190,304Nvl_L3_NS,NONE,0.015,0.0
1190,304Nvl_L1_EW,304NVL_EW,0.017,0.017
1190,304Nvl_L2_EW,304NVL_EW,0.015,0.015
1190,304Nvl_L1_EW,NONE,0.016,0.0
1190,304Nvl_L1_NS,NONE,0.007,0.0
1190,32Nvl_L1_EW,32NVL_EW,0.007,0.007
1190,32Nvl_L2_EW,32NVL_EW,0.008,0.008
1190,NvcNvl_L1_EW,NVCNVL_EW,0.042,0.038
1190,32Mt_L1_NS,32MT_NS,0.031,0.031
1190,32Mt_L1_EW,NONE,0.014,0.0
1190,32Mt_L3_EW,NONE,0.009,0.0
1190,32Mt_L1_NS,NONE,0.01,0.0
1190,NvcMt_L1_EW,NVCMT_EW,0.006,-0.023
1190,304Nvl_L2_NS,304NVL_NS,0.015,0.015
1190,304Nvl_L3_EW,NONE,0.013,0.0
1190,32Nvl_L3_EW,NONE,0.006,0.0
1190,32Nvl_L1_NS,32NVL_NS,0.034,0.021
1190,32Mt_L2_EW,NONE,0.015,0.0
1190,32Mt_L2_NS,NONE,0.009,0.0
1190,NvcMt_L2_EW,NVCMT_EW,0.008,0.008
1195,304Nvl_L1_NS,304NVL_NS,0.018,0.018
1195,304Nvl_L3_NS,NONE,0.015,0.0
1195,304Nvl_L1_EW,NONE,0.008,0.0
1195,304Nvl_L1_NS,NONE,0.007,0.0
1195,32Nvl_L1_EW,32NVL_EW,0.007,0.002
1195,32Nvl_L2_EW,32NVL_EW,0.008,0.004
1195,32Nvl_L3_NS,NONE,0.008,0.0
1195,32Nvl_L2_NS,32NVL_NS,0.008,-0.003
1195,NvcNvl_L1_EW,NONE,0.011,0.0
1195,NvcNvl_L2_EW,NONE,0.008,0.0
1195,NvcNvl_L1_EW,NVCNVL_EW,0.042,0.038
1195,NvcNvl_L2_EW,NVCNVL_EW,0.008,0.008
1195,NvcNvl_L1_NS,NVCNVL_NS,0.007,0.007
1195,32Mt_L1_EW,32MT_EW,0.007,0.002
1195,32Mt_L1_NS,NONE,0.059,0.0
1195,NvcMt_L2_NS,NONE,0.005,0.0
1195,NvcMt_L1_EW,NVCMT_EW,0.006,-0.029
1195,NvcCmt8_L2_EW,NVCCMT8_EW,0.005,0.005
1195,304Nvl_L2_NS,304NVL_NS,0.015,0.01
1195,32Nvl_L3_EW,NONE,0.006,0.0
1195,32Nvl_L1_NS,32NVL_NS,0.013,-0.004
1195,NvcNvl_L3_EW,NONE,0.009,0.0
1195,32Mt_L2_EW,32MT_EW,0.005,0.0
1195,NvcMt_L1_NS,NONE,0.005,0.0
1195,NvcMt_L2_EW,NVCMT_EW,0.008,-0.001
1195,NvcCmt8_L1_EW,NVCCMT8_EW,0.008,0.003
1200,304Nvl_L1_NS,304NVL_NS,0.018,0.013
1200,304Nvl_L3_NS,NONE,0.015,0.0
1200,304Nvl_L1_NS,NONE,0.015,0.0
1200,32Nvl_L1_NS,32NVL_NS,0.007,-0.01
1200,32Nvl_L1_EW,32NVL_EW,0.007,0.007
1200,32Nvl_L2_EW,32NVL_EW,0.008,0.008
1200,NvcNvl_L3_NS,NONE,0.007,0.0
1200,NvcNvl_L2_NS,NONE,0.007,0.0
1200,NvcNvl_L1_NS,NVCNVL_NS,0.007,0.002
1200,32Mt_L1_NS,32MT_NS,0.006,0.006
1200,32Mt_L1_EW,NONE,0.014,0.0
1200,32Mt_L3_EW,NONE,0.009,0.0
1200,NvcCmt8_L2_EW,NVCCMT8_EW,0.005,0.005
1200,304Nvl_L2_NS,304NVL_NS,0.015,0.015
1200,32Nvl_L3_EW,NONE,0.006,0.0
1200,NvcNvl_L1_NS,NONE,0.009,0.0
1200,32Mt_L2_EW,NONE,0.008,0.0
1200,NvcCmt8_L1_EW,NVCCMT8_EW,0.008,0.008
1205,304Nvl_L1_NS,304NVL_NS,0.018,0.018
1205,304Nvl_L3_NS,NONE,0.015,0.0
1205,32Nvl_L1_EW,32NVL_EW,0.05,0.05
1205,32Nvl_L2_EW,32NVL_EW,0.054,0.054
1205,NvcNvl_L1_EW,NONE,0.128,0.0
1205,NvcNvl_L2_EW,NONE,0.092,0.0
1205,32Mt_L1_NS,32MT_NS,0.006,0.006
1205,32Mt_L1_EW,NONE,0.007,0.0
1205,32Mt_L3_EW,NONE,0.009,0.0
1205,304Nvl_L2_NS,304NVL_NS,0.015,0.015
1205,32Nvl_L3_EW,NONE,0.044,0.0
1205,NvcNvl_L3_EW,NONE,0.076,0.0
1205,32Mt_L2_EW,NONE,0.008,0.0
1205,NvcCmt8_L1_EW,NONE,0.006,0.0
1210,304Nvl_L1_NS,304NVL_NS,0.018,0.018
1210,304Nvl_L3_NS,NONE,0.015,0.0
1210,304Nvl_L1_EW,304NVL_EW,0.042,0.042
1210,304Nvl_L2_EW,304NVL_EW,0.036,0.036
1210,304Nvl_L1_NS,NONE,0.036,0.0
1210,304Nvl_L3_NS,NONE,0.04,0.0
1210,32Nvl_L1_EW,32NVL_EW,0.014,0.009
1210,32Nvl_L2_EW,32NVL_EW,0.015,0.012
1210,32Nvl_L1_EW,32NVL_EW,0.007,0.002
1210,NvcNvl_L1_EW,NVCNVL_EW,0.007,0.007
1210,32Mt_L1_NS,32MT_NS,0.006,0.006
1210,32Mt_L1_EW,32MT_EW,0.007,-0.003
1210,304Nvl_L2_NS,304NVL_NS,0.015,0.015
1210,304Nvl_L3_EW,NONE,0.032,0.0
1210,304Nvl_L2_NS,NONE,0.037,0.0
1210,32Nvl_L3_EW,NONE,0.013,0.0
1210,32Mt_L2_EW,32MT_EW,0.005,-0.005
1215,304Nvl_L1_NS,304NVL_NS,0.018,0.013
1215,304Nvl_L3_NS,NONE,0.015,0.0
1215,304Nvl_L1_NS,NONE,0.051,0.0
1215,304Nvl_L3_NS,NONE,0.056,0.0
1215,32Nvl_L3_NS,NONE,0.007,0.0
1215,32Nvl_L1_NS,32NVL_NS,0.007,-0.006
1215,32Nvl_L1_EW,32NVL_EW,0.007,0.007
1215,32Nvl_L2_EW,32NVL_EW,0.008,0.008
1215,32Mt_L1_NS,NONE,0.01,0.0
1215,NvcMt_L1_EW,NVCMT_EW,0.006,0.006
1215,304Nvl_L2_NS,304NVL_NS,0.015,0.015
1215,304Nvl_L2_NS,NONE,0.052,0.0
1215,32Nvl_L2_NS,32NVL_NS,0.007,-0.004
1215,32Nvl_L3_EW,NONE,0.006,0.0
1215,32Nvl_L1_NS,32NVL_NS,0.034,0.021
1215,NvcMt_L2_EW,NVCMT_EW,0.008,0.008
1220,304Nvl_L1_NS,304NVL_NS,0.018,0.018
1220,304Nvl_L3_NS,NONE,0.015,0.0
1220,304Nvl_L1_NS,NONE,0.007,0.0
1220,304Nvl_L3_NS,NONE,0.008,0.0
1220,32Nvl_L1_EW,32NVL_EW,0.007,0.002
1220,32Nvl_L2_EW,32NVL_EW,0.008,0.004
1220,32Nvl_L3_NS,NONE,0.008,0.0
1220,32Nvl_L2_NS,32NVL_NS,0.008,-0.003
1220,NvcNvl_L3_NS,NONE,0.014,0.0
1220,NvcNvl_L2_NS,NONE,0.013,0.0
1220,NvcNvl_L1_EW,NONE,0.011,0.0
1220,NvcNvl_L2_EW,NONE,0.008,0.0
1220,NvcNvl_L1_NS,NVCNVL_NS,0.079,0.079
1220,32Mt_L1_EW,32MT_EW,0.007,0.002
1220,304Nvl_L2_NS,304NVL_NS,0.015,0.01
1220,304Nvl_L2_NS,NONE,0.007,0.0
1220,32Nvl_L3_EW,NONE,0.006,0.0
1220,32Nvl_L1_NS,32NVL_NS,0.007,-0.061
1220,NvcNvl_L1_NS,NONE,0.017,0.0
1220,NvcNvl_L3_EW,NONE,0.006,0.0
1220,32Mt_L2_EW,32MT_EW,0.005,0.0
1225,304Nvl_L1_NS,304NVL_NS,0.018,0.004
1225,304Nvl_L3_NS,NONE,0.015,0.0
1225,304Nvl_L1_NS,NONE,0.007,0.0
1225,304Nvl_L3_NS,NONE,0.008,0.0
1225,32Nvl_L3_NS,NONE,0.007,0.0
1225,32Nvl_L1_NS,32NVL_NS,0.021,-0.047
1225,32Nvl_L1_EW,32NVL_EW,0.007,0.007
1225,32Nvl_L2_EW,32NVL_EW,0.008,0.008
1225,NvcNvl_L3_NS,NONE,0.007,0.0
1225,NvcNvl_L2_NS,NONE,0.007,0.0
1225,NvcNvl_L1_NS,NVCNVL_NS,0.079,0.065
1225,32Mt_L1_NS,NONE,0.01,0.0
1225,NvcMt_L2_NS,NONE,0.005,0.0
1225,NvcMt_L1_EW,NVCMT_EW,0.006,0.006
1225,NvcCmt8_L2_EW,NONE,0.007,0.0
1225,304Nvl_L2_NS,304NVL_NS,0.015,0.015
1225,304Nvl_L2_NS,NONE,0.007,0.0
1225,32Nvl_L2_NS,32NVL_NS,0.02,0.009
1225,32Nvl_L3_EW,NONE,0.006,0.0
1225,32Nvl_L1_NS,32NVL_NS,0.007,-0.061
1225,NvcNvl_L1_NS,NONE,0.009,0.0
1225,32Mt_L2_NS,NONE,0.009,0.0
1225,NvcMt_L1_NS,NONE,0.005,0.0
1225,NvcMt_L2_EW,NVCMT_EW,0.008,0.008
1225,NvcCmt8_L1_EW,NONE,0.006,0.0
1230,304Nvl_L1_NS,304NVL_NS,0.018,0.004
1230,304Nvl_L3_NS,NONE,0.015,0.0
1230,304Nvl_L1_EW,304NVL_EW,0.051,0.051
1230,32Nvl_L3_NS,NONE,0.014,0.0
1230,32Nvl_L1_NS,32NVL_NS,0.021,-0.047
1230,NvcNvl_L1_EW,NONE,0.011,0.0
1230,NvcNvl_L2_EW,NONE,0.008,0.0
1230,NvcNvl_L1_NS,NVCNVL_NS,0.079,0.065
1230,32Mt_L1_NS,32MT_NS,0.006,0.006
1230,32Mt_L1_NS,NONE,0.01,0.0
1230,NvcCmt8_L2_EW,NVCCMT8_EW,0.005,0.005
1230,304Nvl_L2_NS,304NVL_NS,0.015,0.015
1230,32Nvl_L2_NS,32NVL_NS,0.02,0.009
1230,32Nvl_L1_NS,32NVL_NS,0.007,-0.061
1230,NvcNvl_L3_EW,NONE,0.006,0.0
1230,32Mt_L2_NS,NONE,0.009,0.0
1230,NvcCmt8_L1_EW,NVCCMT8_EW,0.008,0.008
1235,304Nvl_L1_NS,304NVL_NS,0.018,0.008
1235,304Nvl_L3_NS,NONE,0.015,0.0
1235,304Nvl_L1_EW,304NVL_EW,0.017,0.017
1235,32Nvl_L3_NS,NONE,0.007,0.0
1235,32Nvl_L1_NS,32NVL_NS,0.014,0.001
1235,32Nvl_L1_EW,32NVL_EW,0.007,0.007
1235,NvcNvl_L3_NS,NONE,0.007,0.0
1235,NvcNvl_L2_NS,NONE,0.007,0.0
1235,NvcNvl_L1_EW,NONE,0.011,0.0
1235,NvcNvl_L2_EW,NONE,0.008,0.0
1235,32Mt_L1_NS,32MT_NS,0.013,0.013
1235,304Nvl_L2_NS,304NVL_NS,0.015,0.015
1235,32Nvl_L2_NS,32NVL_NS,0.013,0.003
1235,32Nvl_L1_NS,32NVL_NS,0.007,-0.006
1235,NvcNvl_L1_NS,NONE,0.009,0.0
1235,NvcNvl_L3_EW,NONE,0.006,0.0
1235,NvcCmt8_L1_EW,NONE,0.006,0.0
1240,32Nvl_L3_NS,NONE,0.007,0.0
1240,32Nvl_L1_NS,32NVL_NS,0.048,0.048
1240,32Mt_L1_NS,32MT_NS,0.006,0.006
1240,32Mt_L1_EW,NONE,0.007,0.0
1240,32Thn_L1_EW,NONE,0.01,0.0
1240,32Thn_L2_EW,NONE,0.01,0.0
1240,32Thn_L1_EW,32THN_EW,0.096,0.096
1240,32Thn_L2_EW,32THN_EW,0.1,0.1
1240,32Thn_L3_EW,NONE,0.007,0.0
1240,32Thn_L3_EW,NONE,0.098,0.0
1240,32Nvl_L2_NS,32NVL_NS,0.047,0.047
1240,32Nvl_L1_NS,32NVL_NS,0.007,0.007
1245,304Nvl_L1_EW,304NVL_EW,0.008,0.008
1245,304Nvl_L2_EW,304NVL_EW,0.007,0.007
1245,304Nvl_L1_NS,NONE,0.007,0.0
1245,32Nvl_L1_NS,32NVL_NS,0.035,0.035
1245,NvcNvl_L3_NS,NONE,0.014,0.0
1245,NvcNvl_L2_NS,NONE,0.013,0.0
1245,NvcNvl_L1_EW,NONE,0.021,0.0
1245,NvcNvl_L2_EW,NONE,0.008,0.0
1245,32Mt_L1_EW,NONE,0.007,0.0
1245,32Mt_L3_EW,NONE,0.009,0.0
1245,32Thn_L1_EW,32THN_EW,0.104,0.104
1245,32Thn_L2_EW,32THN_EW,0.1,0.1
1245,32Thn_L3_EW,NONE,0.098,0.0
1245,304Nvl_L3_EW,NONE,0.006,0.0
1245,32Nvl_L2_NS,32NVL_NS,0.033,0.033
1245,32Nvl_L1_NS,32NVL_NS,0.007,0.007
1245,NvcNvl_L1_NS,NONE,0.017,0.0
1245,32Mt_L2_EW,NONE,0.008,0.0
1250,304Nvl_L1_EW,304NVL_EW,0.017,0.017
1250,304Nvl_L2_EW,304NVL_EW,0.015,0.015
1250,304Nvl_L1_NS,NONE,0.007,0.0
1250,32Nvl_L3_NS,NONE,0.008,0.0
1250,32Nvl_L2_NS,32NVL_NS,0.008,0.008
1250,NvcNvl_L3_NS,NONE,0.007,0.0
1250,NvcNvl_L2_NS,NONE,0.007,0.0
1250,NvcNvl_L1_EW,NONE,0.011,0.0
1250,NvcNvl_L2_EW,NONE,0.008,0.0
1250,NvcMt_L2_NS,NONE,0.005,0.0
1250,NvcCmt8_L2_EW,NVCCMT8_EW,0.005,0.005
1250,32Thn_L1_NS,32THN_NS,0.01,0.01
1250,32Thn_L1_EW,32THN_EW,0.104,0.104
1250,32Thn_L2_EW,32THN_EW,0.1,0.1
1250,32Thn_L3_EW,NONE,0.098,0.0
1250,32Thn_L2_NS,32THN_NS,0.013,0.013
1250,304Nvl_L3_EW,NONE,0.013,0.0
1250,32Nvl_L1_NS,32NVL_NS,0.007,0.007
1250,NvcNvl_L1_NS,NONE,0.009,0.0
1250,NvcMt_L1_NS,NONE,0.005,0.0
1250,NvcCmt8_L1_EW,NVCCMT8_EW,0.008,0.008
1255,304Thn_L1_EW,NONE,0.007,0.0
1255,304Thn_L2_EW,NONE,0.008,0.0
1255,304Nvl_L1_EW,304NVL_EW,0.017,0.017
1255,304Nvl_L2_EW,304NVL_EW,0.015,0.015
1255,NvcNvl_L1_EW,NONE,0.011,0.0
1255,NvcNvl_L2_EW,NONE,0.008,0.0
1255,NvcNvl_L1_NS,NVCNVL_NS,0.007,0.007
1255,32Mt_L1_EW,32MT_EW,0.007,0.007
1255,32Mt_L1_NS,NONE,0.01,0.0
1255,NvcCmt8_L2_EW,NVCCMT8_EW,0.005,0.005
1255,32Thn_L1_EW,32THN_EW,0.096,0.096
1255,32Thn_L2_EW,32THN_EW,0.1,0.1
1255,32Thn_L3_EW,NONE,0.098,0.0
1255,304Nvl_L3_EW,NONE,0.013,0.0
1255,32Nvl_L1_NS,32NVL_NS,0.007,0.002
1255,32Mt_L2_NS,NONE,0.009,0.0
1255,NvcCmt8_L1_EW,NVCCMT8_EW,0.008,0.008
1255,304Thn_L3_EW,NONE,0.008,0.0
1260,304Thn_L1_EW,NONE,0.014,0.0
1260,304Thn_L2_EW,NONE,0.016,0.0
1260,304Nvl_L1_EW,304NVL_EW,0.017,0.017
1260,304Nvl_L2_EW,304NVL_EW,0.015,0.015
1260,32Nvl_L1_EW,32NVL_EW,0.007,-0.07
1260,32Nvl_L2_EW,32NVL_EW,0.008,-0.07
1260,32Nvl_L3_NS,NONE,0.008,0.0
1260,32Nvl_L2_NS,32NVL_NS,0.008,0.008
1260,NvcNvl_L1_EW,NVCNVL_EW,0.007,0.007
1260,NvcNvl_L2_EW,NVCNVL_EW,0.008,0.008
1260,NvcNvl_L1_NS,NVCNVL_NS,0.007,0.007
1260,32Mt_L1_EW,NONE,0.043,0.0
1260,32Mt_L3_EW,NONE,0.053,0.0
1260,32Mt_L1_EW,32MT_EW,0.014,0.009
1260,32Mt_L1_NS,NONE,0.01,0.0
1260,NvcCmt8_L2_EW,NVCCMT8_EW,0.005,0.005
1260,32Thn_L1_NS,32THN_NS,0.01,0.01
1260,32Thn_L1_EW,32THN_EW,0.096,0.091
1260,32Thn_L2_EW,32THN_EW,0.1,0.095
1260,32Thn_L3_EW,NONE,0.098,0.0
1260,32Thn_L2_NS,32THN_NS,0.013,0.013
1260,304Nvl_L3_EW,NONE,0.013,0.0
1260,32Nvl_L3_EW,NONE,0.006,0.0
1260,32Nvl_L1_NS,32NVL_NS,0.013,0.009
1260,NvcNvl_L3_EW,NONE,0.009,0.0
1260,32Mt_L2_EW,NONE,0.045,0.0
1260,32Mt_L2_EW,32MT_EW,0.011,0.005
1260,32Mt_L2_NS,NONE,0.009,0.0
1260,NvcCmt8_L1_EW,NVCCMT8_EW,0.008,0.008
1260,304Thn_L3_EW,NONE,0.016,0.0
1265,304Thn_L1_EW,304THN_EW,0.008,-0.01
1265,304Nvl_L1_EW,304NVL_EW,0.025,0.02
1265,304Nvl_L2_EW,304NVL_EW,0.022,0.022
1265,32Nvl_L1_EW,32NVL_EW,0.014,0.004
1265,32Nvl_L2_EW,32NVL_EW,0.015,0.008
1265,NvcNvl_L1_EW,NVCNVL_EW,0.007,0.007
1265,NvcNvl_L2_EW,NVCNVL_EW,0.008,0.008
1265,32Mt_L1_NS,32MT_NS,0.006,0.006
1265,32Mt_L1_EW,NONE,0.029,0.0
1265,32Mt_L3_EW,NONE,0.027,0.0
1265,32Mt_L1_EW,32MT_EW,0.014,0.004
1265,32Thn_L1_EW,NONE,0.126,0.0
1265,32Thn_L2_EW,NONE,0.01,0.0
1265,32Thn_L3_EW,NONE,0.007,0.0
1265,304Nvl_L3_EW,NONE,0.019,0.0
1265,32Nvl_L3_EW,NONE,0.013,0.0
1265,NvcNvl_L3_EW,NONE,0.009,0.0
1265,32Mt_L2_EW,NONE,0.023,0.0
1265,32Mt_L2_EW,32MT_EW,0.011,0.0
1270,304Thn_L1_EW,304THN_EW,0.017,-0.001
1270,304Nvl_L1_EW,304NVL_EW,0.025,0.014
1270,304Nvl_L2_EW,304NVL_EW,0.022,0.022
1270,32Nvl_L1_NS,32NVL_NS,0.007,0.007
1270,32Nvl_L1_EW,32NVL_EW,0.007,-0.003
1270,32Nvl_L2_EW,32NVL_EW,0.008,0.004
1270,NvcNvl_L3_NS,NONE,0.007,0.0
1270,NvcNvl_L2_NS,NONE,0.007,0.0
1270,NvcNvl_L1_EW,NVCNVL_EW,0.007,0.007
1270,NvcNvl_L2_EW,NVCNVL_EW,0.008,0.008
1270,32Mt_L1_EW,NONE,0.022,0.0
1270,32Mt_L3_EW,NONE,0.027,0.0
1270,32Mt_L1_EW,32MT_EW,0.007,0.002
1270,32Mt_L1_NS,NONE,0.01,0.0
1270,32Thn_L1_EW,NONE,0.116,0.0
1270,32Thn_L1_EW,32THN_EW,0.008,0.003
1270,304Nvl_L3_EW,NONE,0.019,0.0
1270,32Nvl_L3_EW,NONE,0.006,0.0
1270,32Nvl_L1_NS,32NVL_NS,0.007,0.007
1270,NvcNvl_L1_NS,NONE,0.009,0.0
1270,NvcNvl_L3_EW,NONE,0.009,0.0
1270,32Mt_L2_EW,NONE,0.023,0.0
1270,32Mt_L2_EW,32MT_EW,0.005,0.0
1270,32Mt_L2_NS,NONE,0.009,0.0
1270,NvcCmt8_L1_EW,NONE,0.006,0.0
1275,304Nvl_L1_EW,304NVL_EW,0.025,0.025
1275,304Nvl_L2_EW,304NVL_EW,0.022,0.022
1275,32Nvl_L1_NS,32NVL_NS,0.014,0.014
1275,32Nvl_L1_EW,32NVL_EW,0.007,-0.003
1275,32Nvl_L2_EW,32NVL_EW,0.008,0.004
1275,NvcNvl_L3_NS,NONE,0.007,0.0
1275,NvcNvl_L2_NS,NONE,0.007,0.0
1275,NvcNvl_L1_EW,NONE,0.011,0.0
1275,NvcNvl_L2_EW,NONE,0.008,0.0
1275,NvcNvl_L1_EW,NVCNVL_EW,0.007,0.007
1275,NvcNvl_L2_EW,NVCNVL_EW,0.008,0.008
1275,32Mt_L1_EW,32MT_EW,0.014,0.009
1275,32Mt_L1_NS,NONE,0.049,0.0
1275,32Thn_L1_EW,NONE,0.116,0.0
1275,304Nvl_L3_EW,NONE,0.019,0.0
1275,32Nvl_L2_NS,32NVL_NS,0.013,0.013
1275,32Nvl_L3_EW,NONE,0.006,0.0
1275,NvcNvl_L1_NS,NONE,0.009,0.0
1275,NvcNvl_L3_EW,NONE,0.006,0.0
1275,NvcNvl_L3_EW,NONE,0.009,0.0
1275,32Mt_L2_EW,32MT_EW,0.005,0.0
1280,304Nvl_L1_EW,304NVL_EW,0.11,0.11
1280,304Nvl_L2_EW,304NVL_EW,0.094,0.094
1280,32Nvl_L1_NS,32NVL_NS,0.007,0.007
1280,32Nvl_L1_EW,32NVL_EW,0.007,-0.012
1280,32Nvl_L2_EW,32NVL_EW,0.008,0.0
1280,NvcNvl_L3_NS,NONE,0.007,0.0
1280,NvcNvl_L2_NS,NONE,0.007,0.0
1280,NvcNvl_L1_EW,NONE,0.021,0.0
1280,NvcNvl_L2_EW,NONE,0.008,0.0
1280,NvcNvl_L1_EW,NVCNVL_EW,0.007,0.007
1280,NvcNvl_L2_EW,NVCNVL_EW,0.008,0.008
1280,32Mt_L1_EW,NONE,0.007,0.0
1280,32Mt_L3_EW,NONE,0.009,0.0
1280,32Mt_L1_EW,32MT_EW,0.028,0.023
1280,304Nvl_L3_EW,NONE,0.082,0.0
1280,32Nvl_L2_NS,32NVL_NS,0.007,0.007
1280,32Nvl_L3_EW,NONE,0.006,0.0
1280,NvcNvl_L1_NS,NONE,0.009,0.0
1280,NvcNvl_L3_EW,NONE,0.009,0.0
1280,32Mt_L2_EW,NONE,0.008,0.0
1280,32Mt_L2_EW,32MT_EW,0.011,0.005
1285,304Nvl_L1_EW,304NVL_EW,0.135,0.135
1285,304Nvl_L2_EW,304NVL_EW,0.116,0.116
1285,32Nvl_L1_EW,32NVL_EW,0.007,-0.022
1285,32Nvl_L2_EW,32NVL_EW,0.008,0.0
1285,32Nvl_L3_NS,NONE,0.008,0.0
1285,32Nvl_L2_NS,32NVL_NS,0.008,0.008
1285,NvcNvl_L2_NS,NONE,0.007,0.0
1285,NvcNvl_L1_EW,NVCNVL_EW,0.014,0.014
1285,NvcNvl_L2_EW,NVCNVL_EW,0.016,0.016
1285,32Mt_L1_EW,NONE,0.007,0.0
1285,32Mt_L3_EW,NONE,0.009,0.0
1285,32Mt_L1_EW,32MT_EW,0.042,0.037
1285,NvcCmt8_L2_NS,NONE,0.011,0.0
1285,32Thn_L1_EW,NONE,0.01,0.0
1285,32Thn_L2_EW,NONE,0.01,0.0
1285,NvcCmt8_L1_NS,NONE,0.008,0.0
1285,32Thn_L3_EW,NONE,0.007,0.0
1285,304Nvl_L3_EW,NONE,0.101,0.0
1285,32Nvl_L3_EW,NONE,0.006,0.0
1285,32Nvl_L1_NS,32NVL_NS,0.007,0.007
1285,NvcNvl_L1_NS,NONE,0.009,0.0
1285,NvcNvl_L3_EW,NONE,0.019,0.0
1285,32Mt_L2_EW,NONE,0.008,0.0
1285,32Mt_L2_EW,32MT_EW,0.011,0.005
1290,304Nvl_L1_EW,304NVL_EW,0.135,0.135
1290,304Nvl_L2_EW,304NVL_EW,0.116,0.116
1290,304Nvl_L1_NS,NONE,0.007,0.0
1290,304Nvl_L3_NS,NONE,0.008,0.0
1290,32Nvl_L1_EW,32NVL_EW,0.007,-0.023
1290,32Nvl_L2_EW,32NVL_EW,0.008,-0.004
1290,NvcNvl_L2_NS,NONE,0.086,0.0
1290,NvcNvl_L1_EW,NONE,0.011,0.0
1290,NvcNvl_L2_EW,NONE,0.008,0.0
1290,NvcNvl_L1_EW,NVCNVL_EW,0.021,0.017
1290,NvcNvl_L2_EW,NVCNVL_EW,0.016,0.016
1290,32Mt_L1_EW,32MT_EW,0.035,0.03
1290,NvcMt_L1_EW,NVCMT_EW,0.006,-0.008
1290,32Thn_L1_EW,32THN_EW,0.008,0.003
1290,304Nvl_L3_EW,NONE,0.101,0.0
1290,304Nvl_L2_NS,NONE,0.007,0.0
1290,32Nvl_L3_EW,NONE,0.006,0.0
1290,NvcNvl_L1_NS,NONE,0.114,0.0
1290,NvcNvl_L3_EW,NONE,0.009,0.0
1290,32Mt_L2_EW,32MT_EW,0.016,0.011
1290,NvcMt_L2_EW,NVCMT_EW,0.008,-0.003
1295,304Nvl_L1_EW,304NVL_EW,0.068,0.068
1295,304Nvl_L2_EW,304NVL_EW,0.058,0.058
1295,32Nvl_L1_NS,32NVL_NS,0.007,0.007
1295,NvcNvl_L3_NS,NONE,0.115,0.0
1295,NvcNvl_L2_NS,NONE,0.112,0.0
1295,NvcNvl_L1_EW,NONE,0.128,0.0
1295,NvcNvl_L2_EW,NONE,0.092,0.0
1295,NvcNvl_L1_EW,NVCNVL_EW,0.007,0.007
1295,32Mt_L1_EW,NONE,0.007,0.0
1295,32Mt_L1_EW,32MT_EW,0.028,0.028
1295,NvcMt_L2_EW,NVCMT_EW,0.003,0.003
1295,304Nvl_L3_EW,NONE,0.051,0.0
1295,NvcNvl_L1_NS,NONE,0.149,0.0
1295,NvcNvl_L3_EW,NONE,0.076,0.0
1295,32Mt_L2_EW,32MT_EW,0.005,0.005
1295,NvcMt_L1_EW,NVCMT_EW,0.006,0.001
1295,NvcCmt8_L1_NS,NONE,0.011,0.0
1300,304Nvl_L1_EW,304NVL_EW,0.017,0.017
1300,304Nvl_L2_EW,304NVL_EW,0.007,0.007
1300,304Nvl_L1_NS,NONE,0.007,0.0
1300,32Nvl_L1_NS,32NVL_NS,0.007,0.007
1300,NvcNvl_L3_NS,NONE,0.115,0.0
1300,NvcNvl_L2_NS,NONE,0.112,0.0
1300,NvcNvl_L1_EW,NONE,0.128,0.0
1300,NvcNvl_L2_EW,NONE,0.092,0.0
1300,NvcNvl_L1_EW,NVCNVL_EW,0.007,0.007
1300,32Mt_L1_EW,NONE,0.007,0.0
1300,32Mt_L1_EW,32MT_EW,0.007,0.007
1300,304Nvl_L3_EW,NONE,0.006,0.0
1300,32Nvl_L1_NS,32NVL_NS,0.007,0.007
1300,NvcNvl_L1_NS,NONE,0.149,0.0
1300,NvcNvl_L3_EW,NONE,0.076,0.0
1300,32Mt_L2_EW,32MT_EW,0.005,0.005
1305,304Nvl_L1_NS,304NVL_NS,0.009,0.009
1305,304Nvl_L1_EW,304NVL_EW,0.135,0.135
1305,304Nvl_L2_EW,304NVL_EW,0.073,0.073
1305,304Nvl_L1_NS,NONE,0.007,0.0
1305,32Nvl_L3_NS,NONE,0.008,0.0
1305,32Nvl_L2_NS,32NVL_NS,0.008,0.008
1305,NvcNvl_L1_EW,NONE,0.128,0.0
1305,NvcNvl_L2_EW,NONE,0.092,0.0
1305,NvcMt_L2_NS,NONE,0.005,0.0
1305,NvcCmt8_L2_NS,NONE,0.011,0.0
1305,32Thn_L1_EW,32THN_EW,0.04,0.04
1305,32Thn_L2_EW,32THN_EW,0.042,0.042
1305,NvcCmt8_L1_NS,NONE,0.008,0.0
1305,32Thn_L3_EW,NONE,0.041,0.0
1305,304Nvl_L3_EW,NONE,0.032,0.0
1305,32Nvl_L1_NS,32NVL_NS,0.013,0.007
1305,NvcNvl_L3_EW,NONE,0.076,0.0
1305,NvcMt_L1_NS,NONE,0.005,0.0
1310,304Nvl_L1_NS,304NVL_NS,0.009,0.009
1310,304Nvl_L1_EW,304NVL_EW,0.152,0.152
1310,304Nvl_L2_EW,304NVL_EW,0.094,0.094
1310,304Nvl_L1_NS,NONE,0.015,0.0
1310,32Nvl_L1_EW,32NVL_EW,0.007,-0.031
1310,32Nvl_L2_EW,32NVL_EW,0.008,-0.031
1310,32Nvl_L3_NS,NONE,0.008,0.0
1310,32Nvl_L2_NS,32NVL_NS,0.008,0.008
1310,NvcNvl_L1_EW,NONE,0.053,0.0
1310,NvcNvl_L2_EW,NONE,0.038,0.0
1310,32Mt_L1_EW,32MT_EW,0.007,0.002
1310,32Mt_L1_NS,NONE,0.02,0.0
1310,NvcMt_L2_NS,NONE,0.016,0.0
1310,32Thn_L1_EW,32THN_EW,0.048,0.043
1310,32Thn_L2_EW,32THN_EW,0.05,0.045
1310,32Thn_L3_EW,NONE,0.049,0.0
1310,304Nvl_L3_EW,NONE,0.082,0.0
1310,32Nvl_L3_EW,NONE,0.006,0.0
1310,32Nvl_L1_NS,32NVL_NS,0.013,0.007
1310,32Mt_L2_EW,32MT_EW,0.005,0.0
1310,32Mt_L2_NS,NONE,0.009,0.0
1310,NvcMt_L1_NS,NONE,0.016,0.0
1315,304Nvl_L1_NS,304NVL_NS,0.009,0.009
1315,304Nvl_L1_EW,304NVL_EW,0.025,0.025
1315,304Nvl_L2_EW,304NVL_EW,0.022,0.022
1315,304Nvl_L1_NS,NONE,0.007,0.0
1315,32Nvl_L3_NS,NONE,0.017,0.0
1315,32Nvl_L2_NS,32NVL_NS,0.016,0.016
1315,NvcNvl_L3_NS,NONE,0.007,0.0
1315,NvcNvl_L2_NS,NONE,0.007,0.0
1315,NvcNvl_L1_EW,NONE,0.053,0.0
1315,NvcNvl_L2_EW,NONE,0.038,0.0
1315,NvcNvl_L1_EW,NVCNVL_EW,0.007,0.007
1315,NvcNvl_L2_EW,NVCNVL_EW,0.008,0.008
1315,32Mt_L1_NS,32MT_NS,0.006,0.006
1315,32Mt_L1_EW,NONE,0.007,0.0
1315,32Mt_L3_EW,NONE,0.009,0.0
1315,32Mt_L1_EW,32MT_EW,0.007,0.007
1315,NvcMt_L2_NS,NONE,0.005,0.0
1315,32Thn_L1_EW,NONE,0.058,0.0
1315,304Nvl_L3_EW,NONE,0.019,0.0
1315,32Nvl_L1_NS,32NVL_NS,0.013,0.007
1315,NvcNvl_L1_NS,NONE,0.009,0.0
1315,NvcNvl_L3_EW,NONE,0.009,0.0
1315,32Mt_L2_EW,NONE,0.008,0.0
1315,32Mt_L2_EW,32MT_EW,0.005,0.005
1315,NvcMt_L1_NS,NONE,0.005,0.0
1320,304Nvl_L1_EW,304NVL_EW,0.008,0.008
1320,304Nvl_L1_NS,NONE,0.036,0.0
1320,32Nvl_L1_EW,32NVL_EW,0.007,0.002
1320,32Nvl_L3_NS,NONE,0.058,0.0
1320,32Nvl_L2_NS,32NVL_NS,0.055,0.055
1320,NvcNvl_L3_NS,NONE,0.007,0.0
1320,NvcNvl_L2_NS,NONE,0.007,0.0
1320,NvcNvl_L1_EW,NVCNVL_EW,0.092,0.092
1320,NvcNvl_L2_EW,NVCNVL_EW,0.008,0.008
1320,32Mt_L1_EW,NONE,0.014,0.0
1320,32Mt_L1_EW,32MT_EW,0.007,0.007
1320,32Nvl_L1_NS,32NVL_NS,0.047,0.047
1320,NvcNvl_L1_NS,NONE,0.009,0.0
1320,32Mt_L2_EW,32MT_EW,0.005,0.005
1325,304Nvl_L1_NS,304NVL_NS,0.045,0.045
1325,304Nvl_L1_NS,NONE,0.044,0.0
1325,32Nvl_L3_NS,NONE,0.083,0.0
1325,32Nvl_L2_NS,32NVL_NS,0.079,0.079
1325,NvcNvl_L1_EW,NVCNVL_EW,0.084,0.084
1325,32Mt_L1_EW,32MT_EW,0.007,0.007
1325,32Mt_L1_NS,NONE,0.02,0.0
1325,NvcMt_L2_EW,NVCMT_EW,0.003,0.003
1325,32Thn_L1_EW,32THN_EW,0.04,0.04
1325,32Thn_L2_EW,32THN_EW,0.042,0.042
1325,32Thn_L3_EW,NONE,0.041,0.0
1325,32Nvl_L1_NS,32NVL_NS,0.067,0.035
1325,32Mt_L2_EW,32MT_EW,0.005,0.005
1325,32Mt_L2_NS,NONE,0.017,0.0
1325,NvcMt_L1_EW,NVCMT_EW,0.006,-0.054
1330,304Nvl_L1_NS,304NVL_NS,0.045,0.04
1330,304Nvl_L1_EW,304NVL_EW,0.008,0.008
1330,304Nvl_L1_NS,NONE,0.007,0.0
1330,304Nvl_L3_NS,NONE,0.008,0.0
1330,32Nvl_L3_NS,NONE,0.007,0.0
1330,32Nvl_L1_NS,32NVL_NS,0.007,-0.025
1330,32Nvl_L3_NS,NONE,0.1,0.0
1330,32Nvl_L2_NS,32NVL_NS,0.095,0.095
1330,NvcNvl_L1_EW,NVCNVL_EW,0.007,0.007
1330,32Mt_L1_NS,32MT_NS,0.006,0.006
1330,32Mt_L1_EW,NONE,0.086,0.0
1330,32Mt_L3_EW,NONE,0.106,0.0
1330,32Thn_L1_EW,NONE,0.049,0.0
1330,304Nvl_L2_NS,NONE,0.007,0.0
1330,32Nvl_L2_NS,32NVL_NS,0.007,0.007
1330,32Nvl_L1_NS,32NVL_NS,0.081,0.049
1330,32Mt_L2_EW,NONE,0.09,0.0
1335,304Nvl_L1_NS,304NVL_NS,0.045,0.04
1335,304Nvl_L1_EW,304NVL_EW,0.008,0.008
1335,304Nvl_L2_EW,304NVL_EW,0.007,0.007
1335,32Nvl_L1_NS,32NVL_NS,0.007,-0.025
1335,32Nvl_L3_NS,NONE,0.109,0.0
1335,32Nvl_L2_NS,32NVL_NS,0.103,0.103
1335,NvcNvl_L1_EW,NVCNVL_EW,0.014,0.01
1335,NvcNvl_L2_EW,NVCNVL_EW,0.008,0.008
1335,32Mt_L1_NS,32MT_NS,0.006,0.006
1335,32Mt_L1_EW,NONE,0.007,0.0
1335,NvcMt_L2_NS,NONE,0.032,0.0
1335,NvcMt_L1_EW,NVCMT_EW,0.006,-0.004
1335,304Nvl_L3_EW,NONE,0.006,0.0
1335,32Nvl_L2_NS,32NVL_NS,0.007,0.007
1335,32Nvl_L1_NS,32NVL_NS,0.087,0.056
1335,NvcNvl_L3_EW,NONE,0.009,0.0
1335,NvcMt_L1_NS,NONE,0.033,0.0
1335,NvcMt_L2_EW,NVCMT_EW,0.008,0.002
1340,304Nvl_L1_NS,304NVL_NS,0.045,0.036
1340,304Nvl_L1_EW,304NVL_EW,0.025,0.025
1340,304Nvl_L2_EW,304NVL_EW,0.015,0.015
1340,32Nvl_L3_NS,NONE,0.007,0.0
1340,32Nvl_L1_NS,32NVL_NS,0.014,-0.018
1340,32Nvl_L1_EW,32NVL_EW,0.035,0.03
1340,32Nvl_L2_EW,32NVL_EW,0.039,0.033
1340,32Nvl_L3_NS,NONE,0.109,0.0
1340,32Nvl_L2_NS,32NVL_NS,0.103,0.103
1340,NvcNvl_L3_NS,NONE,0.041,0.0
1340,NvcNvl_L2_NS,NONE,0.04,0.0
1340,32Mt_L1_NS,32MT_NS,0.006,0.006
1340,32Mt_L1_EW,NONE,0.072,0.0
1340,32Mt_L3_EW,NONE,0.088,0.0
1340,NvcMt_L2_NS,NONE,0.005,0.0
1340,32Thn_L1_EW,32THN_EW,0.008,-0.017
1340,32Thn_L2_EW,32THN_EW,0.008,-0.019
1340,32Thn_L3_EW,NONE,0.008,0.0
1340,304Nvl_L3_EW,NONE,0.006,0.0
1340,32Nvl_L2_NS,32NVL_NS,0.013,0.013
1340,32Nvl_L1_NS,32NVL_NS,0.087,0.056
1340,NvcNvl_L1_NS,NONE,0.052,0.0
1340,32Mt_L2_EW,NONE,0.075,0.0
1340,NvcMt_L1_NS,NONE,0.005,0.0
1345,304Nvl_L1_EW,304NVL_EW,0.042,0.042
1345,304Nvl_L2_EW,304NVL_EW,0.036,0.036
1345,32Nvl_L3_NS,NONE,0.02,0.0
1345,32Nvl_L1_NS,32NVL_NS,0.062,0.062
1345,32Nvl_L1_EW,32NVL_EW,0.035,-0.023
1345,32Nvl_L2_EW,32NVL_EW,0.039,-0.007
1345,32Nvl_L3_NS,NONE,0.117,0.0
1345,32Nvl_L2_NS,32NVL_NS,0.111,0.111
1345,NvcNvl_L1_EW,NONE,0.053,0.0
1345,NvcNvl_L2_EW,NONE,0.038,0.0
1345,32Mt_L1_EW,NONE,0.086,0.0
1345,32Mt_L3_EW,NONE,0.106,0.0
1345,32Mt_L1_EW,32MT_EW,0.084,0.059
1345,32Thn_L1_EW,NONE,0.01,0.0
1345,304Nvl_L3_EW,NONE,0.032,0.0
1345,32Nvl_L2_NS,32NVL_NS,0.06,0.06
1345,32Nvl_L3_EW,NONE,0.031,0.0
1345,32Nvl_L1_NS,32NVL_NS,0.094,0.094
1345,32Mt_L2_EW,NONE,0.09,0.0
1345,32Mt_L2_EW,32MT_EW,0.065,0.038
1345,NvcMt_L1_EW,NVCMT_EW,0.006,0.006
1350,304Nvl_L1_EW,304NVL_EW,0.059,0.059
1350,304Nvl_L2_EW,304NVL_EW,0.044,0.044
1350,32Nvl_L3_NS,NONE,0.089,0.0
1350,32Nvl_L1_NS,32NVL_NS,0.097,0.097
1350,32Nvl_L1_EW,32NVL_EW,0.007,0.007
1350,32Nvl_L2_EW,32NVL_EW,0.008,0.008
1350,32Nvl_L3_NS,NONE,0.05,0.0
1350,32Nvl_L2_NS,32NVL_NS,0.047,0.047
1350,NvcNvl_L3_NS,NONE,0.007,0.0
1350,NvcNvl_L2_NS,NONE,0.007,0.0
1350,NvcNvl_L1_EW,NONE,0.011,0.0
1350,NvcNvl_L2_EW,NONE,0.008,0.0
1350,32Mt_L1_NS,32MT_NS,0.038,0.038
1350,32Mt_L1_EW,NONE,0.014,0.0
1350,32Mt_L3_EW,NONE,0.018,0.0
1350,32Mt_L1_NS,NONE,0.02,0.0
1350,304Nvl_L3_EW,NONE,0.038,0.0
1350,32Nvl_L2_NS,32NVL_NS,0.093,0.093
1350,32Nvl_L3_EW,NONE,0.006,0.0
1350,32Nvl_L1_NS,32NVL_NS,0.04,0.04
1350,NvcNvl_L1_NS,NONE,0.009,0.0
1350,32Mt_L2_NS,32MT_NS,0.006,0.006
1350,32Mt_L2_EW,NONE,0.015,0.0
1350,32Mt_L2_NS,NONE,0.017,0.0
1355,304Nvl_L1_EW,304NVL_EW,0.059,0.059
1355,304Nvl_L2_EW,304NVL_EW,0.044,0.044
1355,32Nvl_L3_NS,NONE,0.041,0.0
1355,32Nvl_L1_NS,32NVL_NS,0.083,0.083
1355,32Nvl_L1_EW,32NVL_EW,0.007,-0.026
1355,32Nvl_L2_EW,32NVL_EW,0.008,-0.025
1355,32Nvl_L3_NS,NONE,0.025,0.0
1355,32Nvl_L2_NS,32NVL_NS,0.024,0.024
1355,NvcNvl_L3_NS,NONE,0.034,0.0
1355,NvcNvl_L2_NS,NONE,0.033,0.0
1355,32Mt_L1_NS,32MT_NS,0.063,0.063
1355,32Mt_L1_EW,32MT_EW,0.007,0.002
1355,32Mt_L1_NS,NONE,0.078,0.0
1355,NvcCmt8_L2_EW,NONE,0.007,0.0
1355,32Thn_L1_EW,32THN_EW,0.04,0.035
1355,32Thn_L2_EW,32THN_EW,0.042,0.036
1355,32Thn_L3_EW,NONE,0.041,0.0
1355,304Nvl_L3_EW,NONE,0.038,0.0
1355,32Nvl_L2_NS,32NVL_NS,0.073,0.073
1355,32Nvl_L3_EW,NONE,0.006,0.0
1355,32Nvl_L1_NS,32NVL_NS,0.02,0.02
1355,NvcNvl_L1_NS,NONE,0.044,0.0
1355,32Mt_L2_EW,32MT_EW,0.005,0.0
1355,32Mt_L2_NS,NONE,0.026,0.0
1355,NvcCmt8_L1_EW,NONE,0.006,0.0
1360,304Thn_L1_EW,304THN_EW,0.008,-0.033
1360,304Thn_L3_EW,NONE,0.008,0.0
1360,304Nvl_L1_EW,304NVL_EW,0.059,0.053
1360,304Nvl_L2_EW,304NVL_EW,0.051,0.046
1360,32Nvl_L1_NS,32NVL_NS,0.042,0.042
1360,32Nvl_L1_EW,32NVL_EW,0.007,-0.003
1360,32Nvl_L2_EW,32NVL_EW,0.008,0.004
1360,32Nvl_L1_EW,32NVL_EW,0.007,-0.003
1360,32Nvl_L3_NS,NONE,0.008,0.0
1360,32Nvl_L2_NS,32NVL_NS,0.016,0.016
1360,NvcNvl_L3_NS,NONE,0.007,0.0
1360,NvcNvl_L2_NS,NONE,0.007,0.0
1360,NvcNvl_L1_EW,NVCNVL_EW,0.007,0.007
1360,32Mt_L1_NS,32MT_NS,0.038,0.038
1360,32Mt_L1_EW,NONE,0.007,0.0
1360,32Mt_L1_EW,32MT_EW,0.014,0.009
1360,32Mt_L1_NS,NONE,0.029,0.0
1360,NvcCmt8_L2_NS,NONE,0.011,0.0
1360,32Thn_L1_EW,NONE,0.049,0.0
1360,NvcCmt8_L1_NS,NONE,0.008,0.0
1360,304Nvl_L3_EW,NONE,0.044,0.0
1360,32Nvl_L2_NS,32NVL_NS,0.007,0.007
1360,32Nvl_L3_EW,NONE,0.006,0.0
1360,32Nvl_L1_NS,32NVL_NS,0.02,0.02
1360,NvcNvl_L1_NS,NONE,0.009,0.0
1360,32Mt_L2_EW,32MT_EW,0.005,0.0
1360,304Thn_L2_EW,304THN_EW,0.007,-0.028
1365,304Nvl_L1_EW,304NVL_EW,0.008,0.008
1365,304Nvl_L2_EW,304NVL_EW,0.007,0.007
1365,32Nvl_L1_EW,32NVL_EW,0.007,-0.003
1365,32Nvl_L2_EW,32NVL_EW,0.008,0.004
1365,32Nvl_L1_EW,32NVL_EW,0.007,-0.003
1365,32Nvl_L3_NS,NONE,0.025,0.0
1365,32Nvl_L2_NS,32NVL_NS,0.024,0.024
1365,NvcNvl_L3_NS,NONE,0.007,0.0
1365,NvcNvl_L2_NS,NONE,0.007,0.0
1365,NvcNvl_L1_EW,NVCNVL_EW,0.007,0.007
1365,32Mt_L1_NS,32MT_NS,0.013,0.013
1365,32Mt_L1_EW,32MT_EW,0.014,0.009
1365,NvcCmt8_L2_NS,NONE,0.011,0.0
1365,NvcCmt8_L1_NS,NONE,0.008,0.0
1365,304Nvl_L3_EW,NONE,0.006,0.0
1365,32Nvl_L3_EW,NONE,0.006,0.0
1365,32Nvl_L1_NS,32NVL_NS,0.034,0.034
1365,NvcNvl_L1_NS,NONE,0.009,0.0
1365,32Mt_L2_EW,32MT_EW,0.005,0.0
1370,32Nvl_L1_EW,32NVL_EW,0.007,-0.003
1370,32Nvl_L2_EW,32NVL_EW,0.008,0.0
1370,32Nvl_L1_EW,32NVL_EW,0.081,0.071
1370,32Nvl_L2_EW,32NVL_EW,0.09,0.082
1370,32Nvl_L3_NS,NONE,0.008,0.0
1370,32Nvl_L2_NS,32NVL_NS,0.008,0.008
1370,NvcNvl_L1_EW,NVCNVL_EW,0.007,0.003
1370,32Mt_L1_EW,NONE,0.007,0.0
1370,32Mt_L3_EW,NONE,0.009,0.0
1370,32Mt_L1_EW,32MT_EW,0.014,0.009
1370,NvcMt_L1_EW,NVCMT_EW,0.006,0.001
1370,NvcMt_L2_EW,NVCMT_EW,0.003,0.003
1370,32Nvl_L3_EW,NONE,0.074,0.0
1370,32Nvl_L3_EW,NONE,0.006,0.0
1370,32Nvl_L1_NS,32NVL_NS,0.047,0.047
1370,32Mt_L2_EW,NONE,0.008,0.0
1370,32Mt_L2_EW,32MT_EW,0.011,0.005
1370,NvcMt_L2_EW,NVCMT_EW,0.008,0.008
1370,NvcMt_L1_EW,NVCMT_EW,0.006,0.001
1375,304Nvl_L1_EW,304NVL_EW,0.008,0.008
1375,304Nvl_L2_EW,304NVL_EW,0.007,0.007
1375,304Nvl_L1_NS,NONE,0.007,0.0
1375,32Nvl_L1_EW,32NVL_EW,0.007,0.002
1375,32Nvl_L2_EW,32NVL_EW,0.008,0.004
1375,32Nvl_L1_EW,32NVL_EW,0.087,0.082
1375,32Nvl_L2_EW,32NVL_EW,0.09,0.086
1375,32Nvl_L3_NS,NONE,0.008,0.0
1375,32Nvl_L2_NS,32NVL_NS,0.008,0.008
1375,NvcNvl_L1_EW,NVCNVL_EW,0.007,0.003
1375,32Mt_L1_EW,NONE,0.007,0.0
1375,32Mt_L3_EW,NONE,0.009,0.0
1375,32Mt_L1_EW,32MT_EW,0.007,0.002
1375,NvcMt_L1_EW,NVCMT_EW,0.006,0.001
1375,NvcMt_L2_EW,NVCMT_EW,0.003,0.003
1375,NvcCmt8_L2_NS,NONE,0.012,0.0
1375,32Thn_L1_EW,NONE,0.01,0.0
1375,32Thn_L2_EW,NONE,0.01,0.0
1375,32Thn_L3_EW,NONE,0.007,0.0
1375,304Nvl_L3_EW,NONE,0.006,0.0
1375,32Nvl_L3_EW,NONE,0.074,0.0
1375,32Nvl_L3_EW,NONE,0.006,0.0
1375,32Nvl_L1_NS,32NVL_NS,0.047,0.047
1375,32Mt_L2_EW,NONE,0.008,0.0
1375,32Mt_L2_EW,32MT_EW,0.005,0.0
1375,NvcMt_L2_EW,NVCMT_EW,0.008,0.008
1375,NvcMt_L1_EW,NVCMT_EW,0.006,0.001
1375,NvcCmt8_L1_NS,NONE,0.011,0.0
1380,304Nvl_L1_EW,304NVL_EW,0.017,0.017
1380,304Nvl_L2_EW,304NVL_EW,0.007,0.007
1380,304Nvl_L1_NS,NONE,0.036,0.0
1380,32Nvl_L1_EW,32NVL_EW,0.007,-0.008
1380,32Nvl_L2_EW,32NVL_EW,0.008,0.004
1380,32Nvl_L1_EW,32NVL_EW,0.121,0.105
1380,32Nvl_L2_EW,32NVL_EW,0.134,0.131
1380,NvcNvl_L1_EW,NVCNVL_EW,0.007,0.003
1380,32Mt_L1_EW,32MT_EW,0.014,0.009
1380,NvcMt_L1_EW,NVCMT_EW,0.006,-0.004
1380,NvcMt_L2_EW,NVCMT_EW,0.003,-0.001
1380,NvcCmt8_L2_EW,NVCCMT8_EW,0.005,0.003
1380,32Thn_L1_EW,32THN_EW,0.008,0.003
1380,32Nvl_L3_EW,NONE,0.111,0.0
1380,32Nvl_L3_EW,NONE,0.006,0.0
1380,32Nvl_L1_NS,32NVL_NS,0.013,0.013
1380,32Mt_L2_EW,32MT_EW,0.005,0.0
1380,NvcMt_L2_EW,NVCMT_EW,0.008,0.004
1380,NvcMt_L1_EW,NVCMT_EW,0.006,-0.005
1380,NvcCmt8_L1_EW,NVCCMT8_EW,0.008,0.003
1385,304Nvl_L1_EW,304NVL_EW,0.008,0.008
1385,304Nvl_L2_EW,304NVL_EW,0.007,0.007
1385,32Nvl_L1_EW,32NVL_EW,0.014,0.004
1385,32Nvl_L2_EW,32NVL_EW,0.015,0.008
1385,32Nvl_L1_EW,32NVL_EW,0.154,0.145
1385,32Nvl_L2_EW,32NVL_EW,0.172,0.164
1385,NvcNvl_L1_EW,NVCNVL_EW,0.007,0.003
1385,32Mt_L1_EW,NONE,0.036,0.0
1385,32Mt_L3_EW,NONE,0.044,0.0
1385,32Mt_L1_EW,32MT_EW,0.014,0.004
1385,32Mt_L1_NS,NONE,0.01,0.0
1385,NvcMt_L1_EW,NVCMT_EW,0.006,-0.004
1385,NvcMt_L2_EW,NVCMT_EW,0.003,-0.001
1385,NvcCmt8_L2_EW,NVCCMT8_EW,0.005,0.003
1385,304Nvl_L3_EW,NONE,0.006,0.0
1385,32Nvl_L3_EW,NONE,0.141,0.0
1385,32Nvl_L3_EW,NONE,0.013,0.0
1385,32Mt_L2_EW,NONE,0.038,0.0
1385,32Mt_L2_EW,32MT_EW,0.011,0.0
1385,32Mt_L2_NS,NONE,0.009,0.0
1385,NvcMt_L2_EW,NVCMT_EW,0.008,0.004
1385,NvcMt_L1_EW,NVCMT_EW,0.006,-0.005
1385,NvcCmt8_L1_EW,NVCCMT8_EW,0.008,0.003
1390,304Nvl_L1_EW,304NVL_EW,0.008,0.008
1390,304Nvl_L2_EW,304NVL_EW,0.007,0.007
1390,304Nvl_L1_NS,NONE,0.007,0.0
1390,32Nvl_L1_EW,32NVL_EW,0.007,-0.003
1390,32Nvl_L2_EW,32NVL_EW,0.008,0.004
1390,32Nvl_L1_EW,32NVL_EW,0.148,0.138
1390,32Nvl_L2_EW,32NVL_EW,0.172,0.168
1390,32Mt_L1_EW,NONE,0.007,0.0
1390,32Mt_L1_EW,32MT_EW,0.014,0.009
1390,NvcCmt8_L2_EW,NVCCMT8_EW,0.005,0.005
1390,304Nvl_L3_EW,NONE,0.006,0.0
1390,32Nvl_L3_EW,NONE,0.141,0.0
1390,32Nvl_L3_EW,NONE,0.006,0.0
1390,32Mt_L2_EW,32MT_EW,0.005,0.0
1390,NvcCmt8_L1_EW,NVCCMT8_EW,0.008,0.008
1395,304Nvl_L1_NS,NONE,0.044,0.0
1395,304Nvl_L3_NS,NONE,0.04,0.0
1395,32Nvl_L1_EW,32NVL_EW,0.007,0.002
1395,32Nvl_L2_EW,32NVL_EW,0.008,0.004
1395,32Nvl_L1_EW,32NVL_EW,0.161,0.156
1395,32Nvl_L2_EW,32NVL_EW,0.172,0.168
1395,32Mt_L1_NS,32MT_NS,0.107,0.107
1395,32Mt_L1_EW,32MT_EW,0.007,0.002
1395,304Nvl_L2_NS,NONE,0.037,0.0
1395,32Nvl_L3_EW,NONE,0.141,0.0
1395,32Nvl_L3_EW,NONE,0.006,0.0
1395,32Mt_L2_NS,32MT_NS,0.078,0.078
1395,32Mt_L2_EW,32MT_EW,0.005,0.0
1400,32Nvl_L1_EW,32NVL_EW,0.007,-0.003
1400,32Nvl_L2_EW,32NVL_EW,0.008,0.0
1400,32Nvl_L1_EW,32NVL_EW,0.121,0.111
1400,32Nvl_L2_EW,32NVL_EW,0.134,0.127
1400,NvcNvl_L3_NS,NONE,0.014,0.0
1400,NvcNvl_L2_NS,NONE,0.013,0.0
1400,32Mt_L1_NS,32MT_NS,0.075,0.075
1400,32Mt_L1_EW,32MT_EW,0.014,0.009
1400,32Mt_L1_NS,NONE,0.01,0.0
1400,32Nvl_L3_EW,NONE,0.111,0.0
1400,32Nvl_L3_EW,NONE,0.006,0.0
1400,32Nvl_L1_NS,32NVL_NS,0.007,0.007
1400,NvcNvl_L1_NS,NONE,0.017,0.0
1400,32Mt_L2_NS,32MT_NS,0.078,0.078
1400,32Mt_L2_EW,32MT_EW,0.011,0.005
1400,32Mt_L2_NS,NONE,0.009,0.0
1405,304Nvl_L1_EW,304NVL_EW,0.051,0.051
1405,304Nvl_L2_EW,304NVL_EW,0.007,0.007
1405,32Nvl_L1_NS,32NVL_NS,0.007,0.007
1405,32Nvl_L1_EW,32NVL_EW,0.007,0.007
1405,32Nvl_L2_EW,32NVL_EW,0.008,0.008
1405,32Nvl_L1_EW,32NVL_EW,0.121,0.121
1405,32Nvl_L2_EW,32NVL_EW,0.134,0.134
1405,32Mt_L1_NS,32MT_NS,0.075,0.075
1405,32Mt_L1_EW,NONE,0.007,0.0
1405,32Mt_L3_EW,NONE,0.009,0.0
1405,304Nvl_L3_EW,NONE,0.006,0.0
1405,32Nvl_L2_NS,32NVL_NS,0.007,0.007
1405,32Nvl_L3_EW,NONE,0.111,0.0
1405,32Nvl_L3_EW,NONE,0.006,0.0
1405,32Nvl_L1_NS,32NVL_NS,0.007,0.007
1405,32Mt_L2_NS,32MT_NS,0.078,0.078
1405,32Mt_L2_EW,NONE,0.008,0.0
1410,304Nvl_L1_EW,304NVL_EW,0.042,0.042
1410,32Nvl_L3_NS,NONE,0.034,0.0
1410,32Nvl_L1_NS,32NVL_NS,0.035,0.03
1410,32Nvl_L1_EW,32NVL_EW,0.007,0.007
1410,32Nvl_L2_EW,32NVL_EW,0.008,0.008
1410,32Nvl_L1_EW,32NVL_EW,0.114,0.114
1410,32Nvl_L2_EW,32NVL_EW,0.127,0.127
1410,NvcNvl_L1_EW,NONE,0.011,0.0
1410,NvcNvl_L2_EW,NONE,0.008,0.0
1410,NvcNvl_L1_NS,NVCNVL_NS,0.007,-0.018
1410,32Mt_L1_NS,32MT_NS,0.088,0.088
1410,NvcCmt8_L2_NS,NONE,0.129,0.0
1410,NvcCmt8_L1_NS,NONE,0.093,0.0
1410,32Nvl_L2_NS,32NVL_NS,0.033,0.033
1410,32Nvl_L3_EW,NONE,0.105,0.0
1410,32Nvl_L3_EW,NONE,0.006,0.0
1410,32Mt_L2_NS,32MT_NS,0.084,0.084
1415,304Nvl_L1_EW,304NVL_EW,0.008,0.008
1415,32Nvl_L3_NS,NONE,0.007,0.0
1415,32Nvl_L1_NS,32NVL_NS,0.007,0.002
1415,32Nvl_L1_EW,32NVL_EW,0.007,0.002
1415,32Nvl_L2_EW,32NVL_EW,0.008,0.004
1415,32Nvl_L1_EW,32NVL_EW,0.148,0.143
1415,32Nvl_L2_EW,32NVL_EW,0.164,0.16
1415,NvcNvl_L1_NS,NVCNVL_NS,0.007,0.002
1415,32Mt_L1_NS,32MT_NS,0.094,0.094
1415,32Mt_L1_EW,32MT_EW,0.007,0.002
1415,NvcMt_L1_EW,NVCMT_EW,0.006,0.006
1415,NvcCmt8_L2_NS,NONE,0.129,0.0
1415,NvcCmt8_L1_NS,NONE,0.093,0.0
1415,32Nvl_L2_NS,32NVL_NS,0.007,0.007
1415,32Nvl_L3_EW,NONE,0.135,0.0
1415,32Nvl_L3_EW,NONE,0.006,0.0
1415,32Nvl_L1_NS,32NVL_NS,0.034,0.029
1415,32Mt_L2_NS,32MT_NS,0.084,0.084
1415,32Mt_L2_EW,32MT_EW,0.005,0.0
1415,NvcMt_L2_EW,NVCMT_EW,0.008,0.008
1420,304Nvl_L1_EW,304NVL_EW,0.008,0.008
1420,304Nvl_L2_EW,304NVL_EW,0.007,0.007
1420,304Nvl_L1_EW,NONE,0.008,0.0
1420,304Nvl_L2_EW,NONE,0.009,0.0
1420,32Nvl_L3_NS,NONE,0.007,0.0
1420,32Nvl_L1_NS,32NVL_NS,0.007,0.002
1420,32Nvl_L1_EW,32NVL_EW,0.007,-0.003
1420,32Nvl_L2_EW,32NVL_EW,0.008,0.004
1420,32Nvl_L1_EW,32NVL_EW,0.148,0.138
1420,32Nvl_L2_EW,32NVL_EW,0.164,0.16
1420,32Nvl_L3_NS,NONE,0.008,0.0
1420,32Nvl_L2_NS,32NVL_NS,0.008,0.008
1420,NvcNvl_L3_NS,NONE,0.007,0.0
1420,NvcNvl_L2_NS,NONE,0.007,0.0
1420,NvcNvl_L1_NS,NVCNVL_NS,0.007,0.002
1420,32Mt_L1_NS,32MT_NS,0.013,0.013
1420,32Mt_L1_EW,32MT_EW,0.014,0.009
1420,32Thn_L1_EW,NONE,0.01,0.0
1420,32Thn_L2_EW,NONE,0.01,0.0
1420,304Nvl_L3_EW,NONE,0.006,0.0
1420,304Nvl_L3_EW,NONE,0.008,0.0
1420,32Nvl_L2_NS,32NVL_NS,0.007,0.007
1420,32Nvl_L3_EW,NONE,0.135,0.0
1420,32Nvl_L3_EW,NONE,0.006,0.0
1420,32Nvl_L1_NS,32NVL_NS,0.007,0.002
1420,NvcNvl_L1_NS,NONE,0.009,0.0
1420,32Mt_L2_NS,32MT_NS,0.006,0.006
1420,32Mt_L2_EW,32MT_EW,0.005,0.0
1425,32Nvl_L1_EW,32NVL_EW,0.007,0.007
1425,32Nvl_L2_EW,32NVL_EW,0.008,0.008
1425,32Nvl_L1_EW,32NVL_EW,0.148,0.148
1425,32Nvl_L2_EW,32NVL_EW,0.164,0.164
1425,32Nvl_L3_NS,NONE,0.008,0.0
1425,32Nvl_L2_NS,32NVL_NS,0.008,0.008
1425,32Mt_L1_NS,32MT_NS,0.013,0.013
1425,32Mt_L1_NS,NONE,0.01,0.0
1425,NvcMt_L2_NS,NONE,0.005,0.0
1425,32Nvl_L3_EW,NONE,0.135,0.0
1425,32Nvl_L3_EW,NONE,0.006,0.0
1425,32Nvl_L1_NS,32NVL_NS,0.013,0.013
1425,32Mt_L2_NS,32MT_NS,0.006,0.006
1425,32Mt_L2_NS,NONE,0.009,0.0
1425,NvcMt_L1_NS,NONE,0.005,0.0
1430,304Nvl_L1_EW,304NVL_EW,0.017,0.017
1430,304Nvl_L2_EW,304NVL_EW,0.007,0.007
1430,32Nvl_L1_EW,32NVL_EW,0.014,0.014
1430,32Nvl_L2_EW,32NVL_EW,0.015,0.015
1430,32Nvl_L1_EW,32NVL_EW,0.121,0.121
1430,32Nvl_L2_EW,32NVL_EW,0.164,0.164
1430,32Mt_L1_NS,32MT_NS,0.006,0.006
1430,32Mt_L1_EW,NONE,0.007,0.0
1430,32Mt_L3_EW,NONE,0.009,0.0
1430,32Mt_L1_NS,NONE,0.01,0.0
1430,304Nvl_L3_EW,NONE,0.006,0.0
1430,32Nvl_L3_EW,NONE,0.135,0.0
1430,32Nvl_L3_EW,NONE,0.013,0.0
1430,32Nvl_L1_NS,32NVL_NS,0.007,0.007
1430,32Mt_L2_NS,32MT_NS,0.006,0.006
1430,32Mt_L2_EW,NONE,0.008,0.0
1435,32Nvl_L1_EW,32NVL_EW,0.007,0.002
1435,32Nvl_L2_EW,32NVL_EW,0.008,0.004
1435,32Nvl_L1_EW,32NVL_EW,0.121,0.116
1435,32Nvl_L2_EW,32NVL_EW,0.127,0.123
1435,32Mt_L1_NS,32MT_NS,0.013,0.013
1435,32Mt_L1_EW,NONE,0.086,0.0
1435,32Mt_L1_EW,32MT_EW,0.007,0.002
1435,32Thn_L1_EW,NONE,0.01,0.0
1435,32Thn_L2_EW,NONE,0.01,0.0
1435,32Thn_L3_EW,NONE,0.007,0.0
1435,32Nvl_L3_EW,NONE,0.105,0.0
1435,32Nvl_L3_EW,NONE,0.006,0.0
1435,32Mt_L2_NS,32MT_NS,0.006,0.006
1435,32Mt_L2_EW,32MT_EW,0.005,0.0
1440,304Nvl_L1_NS,NONE,0.007,0.0
1440,32Nvl_L1_EW,32NVL_EW,0.014,-0.001
1440,32Nvl_L2_EW,32NVL_EW,0.015,0.012
1440,32Nvl_L1_EW,32NVL_EW,0.114,0.099
1440,32Nvl_L2_EW,32NVL_EW,0.127,0.123
1440,32Nvl_L2_NS,32NVL_NS,0.008,0.008
1440,32Mt_L1_NS,32MT_NS,0.013,0.013
1440,32Mt_L1_EW,NONE,0.086,0.0
1440,32Mt_L1_EW,32MT_EW,0.014,0.004
1440,NvcMt_L1_EW,NVCMT_EW,0.006,0.006
1440,32Thn_L1_EW,32THN_EW,0.008,-0.002
1440,32Nvl_L3_EW,NONE,0.105,0.0
1440,32Nvl_L3_EW,NONE,0.013,0.0
1440,32Nvl_L1_NS,32NVL_NS,0.007,0.007
1440,32Mt_L2_NS,32MT_NS,0.006,0.006
1440,32Mt_L2_EW,32MT_EW,0.005,-0.005
1440,NvcMt_L2_EW,NVCMT_EW,0.008,0.008
1445,32Nvl_L1_EW,32NVL_EW,0.007,0.002
1445,32Nvl_L2_EW,32NVL_EW,0.008,0.004
1445,32Nvl_L1_EW,32NVL_EW,0.114,0.109
1445,32Nvl_L2_EW,32NVL_EW,0.127,0.123
1445,32Nvl_L3_NS,NONE,0.008,0.0
1445,32Nvl_L2_NS,32NVL_NS,0.008,0.008
1445,NvcNvl_L3_NS,NONE,0.007,0.0
1445,NvcNvl_L2_NS,NONE,0.007,0.0
1445,NvcNvl_L1_EW,NVCNVL_EW,0.007,0.007
1445,NvcNvl_L2_EW,NVCNVL_EW,0.008,0.008
1445,32Mt_L1_NS,32MT_NS,0.013,0.013
1445,32Mt_L1_EW,32MT_EW,0.007,0.002
1445,32Mt_L1_NS,NONE,0.01,0.0
1445,NvcCmt8_L2_NS,NONE,0.011,0.0
1445,NvcCmt8_L1_NS,NONE,0.008,0.0
1445,32Nvl_L3_EW,NONE,0.105,0.0
1445,32Nvl_L3_EW,NONE,0.006,0.0
1445,32Nvl_L1_NS,32NVL_NS,0.013,0.013
1445,NvcNvl_L1_NS,NONE,0.009,0.0
1445,NvcNvl_L3_EW,NONE,0.009,0.0
1445,32Mt_L2_EW,32MT_EW,0.005,0.0
1445,32Mt_L2_NS,NONE,0.009,0.0
1450,304Nvl_L1_NS,NONE,0.007,0.0
1450,304Nvl_L3_NS,NONE,0.008,0.0
1450,32Nvl_L3_NS,NONE,0.007,0.0
1450,32Nvl_L1_NS,32NVL_NS,0.007,0.007
1450,32Nvl_L1_EW,32NVL_EW,0.007,0.007
1450,32Nvl_L2_EW,32NVL_EW,0.008,0.008
1450,32Nvl_L1_EW,32NVL_EW,0.114,0.114
1450,32Nvl_L2_EW,32NVL_EW,0.127,0.127
1450,NvcNvl_L3_NS,NONE,0.007,0.0
1450,NvcNvl_L2_NS,NONE,0.007,0.0
1450,NvcNvl_L1_EW,NONE,0.011,0.0
1450,NvcNvl_L2_EW,NONE,0.008,0.0
1450,32Mt_L1_NS,32MT_NS,0.006,0.006
1450,32Mt_L1_NS,NONE,0.01,0.0
1450,32Thn_L1_EW,NONE,0.01,0.0
1450,32Thn_L2_EW,NONE,0.01,0.0
1450,32Thn_L3_EW,NONE,0.007,0.0
1450,304Nvl_L2_NS,NONE,0.007,0.0
1450,32Nvl_L2_NS,32NVL_NS,0.007,0.007
1450,32Nvl_L3_EW,NONE,0.105,0.0
1450,32Nvl_L3_EW,NONE,0.006,0.0
1450,NvcNvl_L1_NS,NONE,0.009,0.0
1450,NvcNvl_L3_EW,NONE,0.006,0.0
1455,304Nvl_L1_EW,304NVL_EW,0.042,0.042
1455,304Nvl_L2_EW,304NVL_EW,0.036,0.036
1455,32Nvl_L1_NS,32NVL_NS,0.007,0.007
1455,32Nvl_L1_EW,32NVL_EW,0.014,0.009
1455,32Nvl_L2_EW,32NVL_EW,0.015,0.015
1455,32Nvl_L3_NS,NONE,0.042,0.0
1455,32Nvl_L2_NS,32NVL_NS,0.039,0.039
1455,NvcNvl_L1_EW,NONE,0.011,0.0
1455,NvcNvl_L2_EW,NONE,0.008,0.0
1455,32Mt_L1_NS,32MT_NS,0.013,0.013
1455,32Thn_L1_EW,32THN_EW,0.008,-0.002
1455,304Nvl_L3_EW,NONE,0.032,0.0
1455,32Nvl_L2_NS,32NVL_NS,0.007,0.007
1455,32Nvl_L3_EW,NONE,0.013,0.0
1455,32Nvl_L1_NS,32NVL_NS,0.04,0.04
1460,304Nvl_L1_EW,304NVL_EW,0.017,0.017
1460,304Nvl_L2_EW,304NVL_EW,0.007,0.007
1460,32Nvl_L1_NS,32NVL_NS,0.007,0.007
1460,32Nvl_L1_EW,32NVL_EW,0.007,-0.06
1460,32Nvl_L2_EW,32NVL_EW,0.008,-0.062
1460,32Nvl_L3_NS,NONE,0.042,0.0
1460,32Nvl_L2_NS,32NVL_NS,0.039,0.039
1460,NvcNvl_L1_EW,NONE,0.011,0.0
1460,NvcNvl_L2_EW,NONE,0.008,0.0
1460,NvcNvl_L1_EW,NVCNVL_EW,0.014,0.014
1460,NvcNvl_L2_EW,NVCNVL_EW,0.008,0.008
1460,32Mt_L1_NS,32MT_NS,0.006,0.006
1460,32Thn_L1_EW,32THN_EW,0.096,0.091
1460,32Thn_L2_EW,32THN_EW,0.1,0.095
1460,32Thn_L3_EW,NONE,0.098,0.0
1460,32Nvl_L2_NS,32NVL_NS,0.007,0.007
1460,32Nvl_L3_EW,NONE,0.006,0.0
1460,32Nvl_L1_NS,32NVL_NS,0.04,0.04
1460,NvcNvl_L3_EW,NONE,0.009,0.0
1465,304Nvl_L1_NS,304NVL_NS,0.009,-0.001
1465,304Nvl_L3_NS,NONE,0.007,0.0
1465,304Nvl_L1_EW,304NVL_EW,0.025,0.025
1465,304Nvl_L2_EW,304NVL_EW,0.015,0.015
1465,304Nvl_L1_NS,NONE,0.036,0.0
1465,32Nvl_L1_NS,32NVL_NS,0.014,0.008
1465,32Nvl_L1_EW,32NVL_EW,0.007,-0.065
1465,32Nvl_L2_EW,32NVL_EW,0.008,-0.066
1465,32Nvl_L3_NS,NONE,0.008,0.0
1465,32Nvl_L2_NS,32NVL_NS,0.008,0.003
1465,NvcNvl_L1_EW,NVCNVL_EW,0.021,0.021
1465,NvcNvl_L2_EW,NVCNVL_EW,0.016,0.016
1465,32Mt_L1_EW,32MT_EW,0.007,0.002
1465,32Mt_L1_NS,NONE,0.01,0.0
1465,32Thn_L1_EW,32THN_EW,0.096,0.091
1465,32Thn_L2_EW,32THN_EW,0.1,0.095
1465,32Thn_L3_EW,NONE,0.098,0.0
1465,304Nvl_L2_NS,304NVL_NS,0.008,0.002
1465,304Nvl_L3_EW,NONE,0.013,0.0
1465,32Nvl_L2_NS,32NVL_NS,0.013,0.008
1465,32Nvl_L3_EW,NONE,0.006,0.0
1465,32Nvl_L1_NS,32NVL_NS,0.094,0.088
1465,NvcNvl_L3_EW,NONE,0.019,0.0
1465,32Mt_L2_EW,32MT_EW,0.005,0.0
1465,32Mt_L2_NS,NONE,0.009,0.0
1470,304Nvl_L1_NS,304NVL_NS,0.009,0.004
1470,304Nvl_L3_NS,NONE,0.007,0.0
1470,304Nvl_L1_EW,304NVL_EW,0.068,0.068
1470,304Nvl_L2_EW,304NVL_EW,0.058,0.058
1470,32Nvl_L3_NS,NONE,0.007,0.0
1470,32Nvl_L1_NS,32NVL_NS,0.007,0.001
1470,32Nvl_L1_EW,32NVL_EW,0.007,-0.065
1470,32Nvl_L2_EW,32NVL_EW,0.008,-0.066
1470,NvcNvl_L1_EW,NVCNVL_EW,0.021,0.021
1470,NvcNvl_L2_EW,NVCNVL_EW,0.016,0.016
1470,32Mt_L1_EW,32MT_EW,0.007,0.002
1470,32Thn_L1_EW,32THN_EW,0.096,0.091
1470,32Thn_L2_EW,32THN_EW,0.1,0.095
1470,32Thn_L3_EW,NONE,0.098,0.0
1470,304Nvl_L2_NS,304NVL_NS,0.008,0.008
1470,304Nvl_L3_EW,NONE,0.051,0.0
1470,32Nvl_L2_NS,32NVL_NS,0.007,0.001
1470,32Nvl_L3_EW,NONE,0.006,0.0
1470,32Nvl_L1_NS,32NVL_NS,0.081,0.074
1470,NvcNvl_L3_EW,NONE,0.019,0.0
1470,32Mt_L2_EW,32MT_EW,0.005,0.0
1475,304Nvl_L1_NS,304NVL_NS,0.009,0.009
1475,304Nvl_L3_NS,NONE,0.007,0.0
1475,304Nvl_L1_EW,304NVL_EW,0.059,0.059
1475,304Nvl_L2_EW,304NVL_EW,0.044,0.044
1475,32Nvl_L1_EW,32NVL_EW,0.007,-0.065
1475,32Nvl_L2_EW,32NVL_EW,0.008,-0.066
1475,NvcNvl_L1_EW,NONE,0.011,0.0
1475,NvcNvl_L2_EW,NONE,0.008,0.0
1475,NvcNvl_L1_EW,NVCNVL_EW,0.014,0.014
1475,NvcNvl_L2_EW,NVCNVL_EW,0.016,0.016
1475,32Mt_L1_NS,32MT_NS,0.006,0.006
1475,32Mt_L1_EW,32MT_EW,0.007,0.002
1475,32Thn_L1_EW,32THN_EW,0.096,0.091
1475,32Thn_L2_EW,32THN_EW,0.1,0.095
1475,32Thn_L3_EW,NONE,0.098,0.0
1475,304Nvl_L2_NS,304NVL_NS,0.008,0.008
1475,304Nvl_L3_EW,NONE,0.038,0.0
1475,32Nvl_L3_EW,NONE,0.006,0.0
1475,32Nvl_L1_NS,32NVL_NS,0.081,0.074
1475,NvcNvl_L3_EW,NONE,0.006,0.0
1475,NvcNvl_L3_EW,NONE,0.019,0.0
1475,32Mt_L2_EW,32MT_EW,0.005,0.0
1480,304Nvl_L1_NS,304NVL_NS,0.009,0.009
1480,304Nvl_L3_NS,NONE,0.007,0.0
1480,304Nvl_L1_EW,304NVL_EW,0.008,0.008
1480,32Nvl_L1_EW,32NVL_EW,0.014,-0.058
1480,32Nvl_L2_EW,32NVL_EW,0.015,-0.058
1480,NvcNvl_L1_EW,NONE,0.011,0.0
1480,NvcNvl_L2_EW,NONE,0.008,0.0
1480,NvcNvl_L1_EW,NVCNVL_EW,0.014,0.014
1480,NvcNvl_L2_EW,NVCNVL_EW,0.016,0.016
1480,32Mt_L1_EW,32MT_EW,0.007,-0.003
1480,32Thn_L1_EW,32THN_EW,0.096,0.086
1480,32Thn_L2_EW,32THN_EW,0.1,0.089
1480,32Thn_L3_EW,NONE,0.098,0.0
1480,304Nvl_L2_NS,304NVL_NS,0.008,0.008
1480,32Nvl_L3_EW,NONE,0.013,0.0
1480,32Nvl_L1_NS,32NVL_NS,0.007,0.0
1480,NvcNvl_L3_EW,NONE,0.006,0.0
1480,NvcNvl_L3_EW,NONE,0.019,0.0
1480,32Mt_L2_EW,32MT_EW,0.005,-0.005
1485,304Nvl_L1_NS,304NVL_NS,0.009,0.009
1485,304Nvl_L3_NS,NONE,0.007,0.0
1485,304Nvl_L1_EW,304NVL_EW,0.008,0.008
1485,304Nvl_L2_EW,304NVL_EW,0.007,0.007
1485,304Nvl_L1_NS,NONE,0.036,0.0
1485,32Nvl_L1_EW,32NVL_EW,0.014,0.009
1485,32Nvl_L2_EW,32NVL_EW,0.015,0.012
1485,NvcNvl_L1_EW,NVCNVL_EW,0.014,0.014
1485,NvcNvl_L2_EW,NVCNVL_EW,0.016,0.016
1485,32Mt_L1_EW,NONE,0.007,0.0
1485,32Mt_L3_EW,NONE,0.009,0.0
1485,32Mt_L1_EW,32MT_EW,0.007,-0.003
1485,32Thn_L1_EW,NONE,0.116,0.0
1485,304Nvl_L2_NS,304NVL_NS,0.008,0.008
1485,304Nvl_L3_EW,NONE,0.006,0.0
1485,32Nvl_L3_EW,NONE,0.013,0.0
1485,NvcNvl_L3_EW,NONE,0.019,0.0
1485,32Mt_L2_EW,NONE,0.008,0.0
1485,32Mt_L2_EW,32MT_EW,0.005,-0.005
1490,304Nvl_L1_NS,304NVL_NS,0.009,-0.015
1490,304Nvl_L3_NS,NONE,0.007,0.0
1490,304Nvl_L1_EW,304NVL_EW,0.008,0.008
1490,304Nvl_L1_NS,NONE,0.007,0.0
1490,32Nvl_L3_NS,NONE,0.034,0.0
1490,32Nvl_L1_NS,32NVL_NS,0.035,0.028
1490,32Nvl_L1_EW,32NVL_EW,0.014,0.004
1490,32Nvl_L2_EW,32NVL_EW,0.015,0.008
1490,32Nvl_L1_EW,32NVL_EW,0.007,-0.003
1490,NvcNvl_L1_EW,NVCNVL_EW,0.014,0.014
1490,NvcNvl_L2_EW,NVCNVL_EW,0.016,0.014
1490,32Mt_L1_EW,NONE,0.007,0.0
1490,32Mt_L3_EW,NONE,0.009,0.0
1490,32Mt_L1_EW,32MT_EW,0.014,0.004
1490,NvcMt_L2_NS,NONE,0.005,0.0
1490,NvcMt_L2_EW,NVCMT_EW,0.003,-0.008
1490,32Thn_L1_EW,NONE,0.126,0.0
1490,32Thn_L2_EW,NONE,0.01,0.0
1490,32Thn_L3_EW,NONE,0.007,0.0
1490,304Nvl_L2_NS,304NVL_NS,0.008,0.008
1490,32Nvl_L2_NS,32NVL_NS,0.033,0.028
1490,32Nvl_L3_EW,NONE,0.013,0.0
1490,NvcNvl_L3_EW,NONE,0.019,0.0
1490,32Mt_L2_EW,NONE,0.008,0.0
1490,32Mt_L2_EW,32MT_EW,0.011,0.0
1490,NvcMt_L1_NS,NONE,0.005,0.0
1490,NvcMt_L1_EW,NVCMT_EW,0.006,-0.004
1495,304Nvl_L1_NS,304NVL_NS,0.009,-0.015
1495,304Nvl_L3_NS,NONE,0.007,0.0
1495,304Nvl_L1_NS,NONE,0.007,0.0
1495,32Nvl_L1_NS,32NVL_NS,0.035,0.028
1495,NvcNvl_L3_NS,NONE,0.007,0.0
1495,NvcNvl_L2_NS,NONE,0.007,0.0
1495,NvcNvl_L1_EW,NVCNVL_EW,0.014,0.01
1495,NvcNvl_L2_EW,NVCNVL_EW,0.016,0.014
1495,32Mt_L1_EW,32MT_EW,0.021,0.021
1495,NvcMt_L2_NS,NONE,0.005,0.0
1495,NvcMt_L1_EW,NVCMT_EW,0.006,-0.004
1495,NvcMt_L2_EW,NVCMT_EW,0.003,-0.008
1495,32Thn_L1_EW,NONE,0.116,0.0
1495,32Thn_L1_EW,32THN_EW,0.048,0.048
1495,32Thn_L2_EW,32THN_EW,0.042,0.042
1495,32Thn_L3_EW,NONE,0.041,0.0
1495,304Nvl_L2_NS,304NVL_NS,0.008,0.008
1495,32Nvl_L2_NS,32NVL_NS,0.033,0.028
1495,NvcNvl_L1_NS,NONE,0.009,0.0
1495,NvcNvl_L3_EW,NONE,0.019,0.0
1495,32Mt_L2_EW,32MT_EW,0.011,0.011
1495,NvcMt_L1_NS,NONE,0.005,0.0
1495,NvcMt_L2_EW,NVCMT_EW,0.008,-0.003
1495,NvcMt_L1_EW,NVCMT_EW,0.006,-0.004
1500,304Nvl_L1_NS,304NVL_NS,0.009,-0.015
1500,304Nvl_L3_NS,NONE,0.007,0.0
1500,304Nvl_L1_EW,304NVL_EW,0.042,0.042
1500,304Nvl_L2_EW,304NVL_EW,0.036,0.036
1500,32Nvl_L1_NS,32NVL_NS,0.035,0.028
1500,32Nvl_L1_EW,32NVL_EW,0.007,-0.036
1500,32Nvl_L2_EW,32NVL_EW,0.008,-0.029
1500,NvcNvl_L3_NS,NONE,0.007,0.0
1500,NvcNvl_L2_NS,NONE,0.007,0.0
1500,NvcNvl_L1_EW,NONE,0.011,0.0
1500,NvcNvl_L2_EW,NONE,0.008,0.0
1500,NvcNvl_L1_EW,NVCNVL_EW,0.014,0.01
1500,NvcNvl_L2_EW,NVCNVL_EW,0.016,0.016
1500,32Mt_L1_NS,32MT_NS,0.006,0.006
1500,32Mt_L1_EW,32MT_EW,0.021,0.016
1500,32Mt_L1_NS,NONE,0.01,0.0
1500,NvcMt_L1_EW,NVCMT_EW,0.006,-0.004
1500,32Thn_L1_EW,32THN_EW,0.04,0.035
1500,32Thn_L2_EW,32THN_EW,0.042,0.036
1500,32Thn_L3_EW,NONE,0.041,0.0
1500,304Nvl_L2_NS,304NVL_NS,0.008,0.008
1500,304Nvl_L3_EW,NONE,0.032,0.0
1500,32Nvl_L2_NS,32NVL_NS,0.033,0.028
1500,32Nvl_L3_EW,NONE,0.006,0.0
1500,32Nvl_L1_NS,32NVL_NS,0.007,0.0
1500,NvcNvl_L1_NS,NONE,0.009,0.0
1500,NvcNvl_L3_EW,NONE,0.019,0.0
1500,32Mt_L2_EW,32MT_EW,0.011,0.005
1500,32Mt_L2_NS,NONE,0.009,0.0
1500,NvcMt_L2_EW,NVCMT_EW,0.008,-0.003
1505,304Nvl_L1_NS,304NVL_NS,0.009,-0.015
1505,304Nvl_L3_NS,NONE,0.007,0.0
1505,304Nvl_L1_EW,304NVL_EW,0.119,0.119
1505,304Nvl_L2_EW,304NVL_EW,0.102,0.102
1505,32Nvl_L1_NS,32NVL_NS,0.035,0.028
1505,32Nvl_L3_NS,NONE,0.008,0.0
1505,32Nvl_L2_NS,32NVL_NS,0.008,0.003
1505,NvcNvl_L3_NS,NONE,0.007,0.0
1505,NvcNvl_L2_NS,NONE,0.007,0.0
1505,NvcNvl_L1_EW,NVCNVL_EW,0.014,0.01
1505,NvcNvl_L2_EW,NVCNVL_EW,0.016,0.016
1505,32Mt_L1_EW,NONE,0.007,0.0
1505,32Mt_L3_EW,NONE,0.009,0.0
1505,32Mt_L1_EW,32MT_EW,0.021,0.021
1505,NvcMt_L1_EW,NVCMT_EW,0.006,-0.004
1505,NvcCmt8_L2_NS,NONE,0.011,0.0
1505,32Thn_L1_EW,32THN_EW,0.04,0.04
1505,32Thn_L2_EW,32THN_EW,0.042,0.042
1505,NvcCmt8_L1_NS,NONE,0.008,0.0
1505,32Thn_L3_EW,NONE,0.041,0.0
1505,304Nvl_L2_NS,304NVL_NS,0.008,0.002
1505,304Nvl_L3_EW,NONE,0.089,0.0
1505,32Nvl_L2_NS,32NVL_NS,0.033,0.028
1505,32Nvl_L1_NS,32NVL_NS,0.013,0.007
1505,NvcNvl_L1_NS,NONE,0.009,0.0
1505,NvcNvl_L3_EW,NONE,0.019,0.0
1505,32Mt_L2_EW,NONE,0.008,0.0
1505,32Mt_L2_EW,32MT_EW,0.016,0.016
1505,NvcMt_L2_EW,NVCMT_EW,0.008,-0.003
1510,304Nvl_L1_NS,304NVL_NS,0.009,-0.044
1510,304Nvl_L3_NS,NONE,0.007,0.0
1510,304Nvl_L1_EW,304NVL_EW,0.127,0.127
1510,304Nvl_L2_EW,304NVL_EW,0.109,0.109
1510,304Nvl_L1_NS,NONE,0.036,0.0
1510,32Nvl_L3_NS,NONE,0.041,0.0
1510,32Nvl_L1_NS,32NVL_NS,0.076,0.07
1510,32Nvl_L3_NS,NONE,0.017,0.0
1510,32Nvl_L2_NS,32NVL_NS,0.016,0.01
1510,NvcNvl_L1_EW,NVCNVL_EW,0.014,0.014
1510,NvcNvl_L2_EW,NVCNVL_EW,0.016,0.016
1510,32Mt_L1_EW,NONE,0.043,0.0
1510,32Mt_L3_EW,NONE,0.044,0.0
1510,32Mt_L1_EW,32MT_EW,0.021,0.021
1510,32Mt_L1_NS,NONE,0.01,0.0
1510,NvcMt_L2_NS,NONE,0.005,0.0
1510,32Thn_L1_EW,32THN_EW,0.04,0.04
1510,32Thn_L2_EW,32THN_EW,0.042,0.042
1510,32Thn_L3_EW,NONE,0.041,0.0
1510,304Nvl_L2_NS,304NVL_NS,0.008,-0.003
1510,304Nvl_L3_EW,NONE,0.095,0.0
1510,32Nvl_L2_NS,32NVL_NS,0.073,0.068
1510,32Nvl_L1_NS,32NVL_NS,0.02,0.014
1510,NvcNvl_L3_EW,NONE,0.019,0.0
1510,32Mt_L2_EW,NONE,0.038,0.0
1510,32Mt_L2_EW,32MT_EW,0.016,0.016
1510,32Mt_L2_NS,NONE,0.009,0.0
1510,NvcMt_L1_NS,NONE,0.005,0.0
1510,NvcMt_L2_EW,NVCMT_EW,0.008,-0.003
1515,304Nvl_L1_NS,304NVL_NS,0.009,-0.044
1515,304Nvl_L3_NS,NONE,0.007,0.0
1515,304Nvl_L1_EW,304NVL_EW,0.178,0.178
1515,304Nvl_L2_EW,304NVL_EW,0.145,0.145
1515,304Nvl_L1_EW,NONE,0.008,0.0
1515,304Nvl_L1_NS,NONE,0.036,0.0
1515,32Nvl_L3_NS,NONE,0.041,0.0
1515,32Nvl_L1_NS,32NVL_NS,0.076,0.07
1515,32Nvl_L3_NS,NONE,0.017,0.0
1515,32Nvl_L2_NS,32NVL_NS,0.016,0.01
1515,32Mt_L1_EW,NONE,0.029,0.0
1515,32Mt_L3_EW,NONE,0.027,0.0
1515,32Mt_L1_EW,32MT_EW,0.021,0.021
1515,32Thn_L1_EW,NONE,0.049,0.0
1515,304Nvl_L2_NS,304NVL_NS,0.008,-0.003
1515,304Nvl_L3_EW,NONE,0.127,0.0
1515,32Nvl_L2_NS,32NVL_NS,0.073,0.068
1515,32Nvl_L1_NS,32NVL_NS,0.02,0.014
1515,32Mt_L2_EW,NONE,0.023,0.0
1515,32Mt_L2_EW,32MT_EW,0.011,0.011
1520,304Nvl_L1_NS,304NVL_NS,0.009,-0.025
1520,304Nvl_L3_NS,NONE,0.007,0.0
1520,304Nvl_L1_EW,304NVL_EW,0.008,0.008
1520,32Nvl_L3_NS,NONE,0.014,0.0
1520,32Nvl_L1_NS,32NVL_NS,0.048,0.042
1520,32Nvl_L1_EW,32NVL_EW,0.007,-0.008
1520,32Nvl_L2_EW,32NVL_EW,0.008,-0.004
1520,32Nvl_L3_NS,NONE,0.117,0.0
1520,32Nvl_L2_NS,32NVL_NS,0.111,0.105
1520,NvcNvl_L1_EW,NVCNVL_EW,0.007,0.007
1520,NvcNvl_L2_EW,NVCNVL_EW,0.008,0.008
1520,32Mt_L1_EW,NONE,0.007,0.0
1520,32Mt_L3_EW,NONE,0.009,0.0
1520,32Mt_L1_EW,32MT_EW,0.021,0.016
1520,NvcMt_L2_NS,NONE,0.005,0.0
1520,32Thn_L1_EW,NONE,0.049,0.0
1520,304Nvl_L2_NS,304NVL_NS,0.008,-0.07
1520,32Nvl_L2_NS,32NVL_NS,0.047,0.041
1520,32Nvl_L3_EW,NONE,0.006,0.0
1520,32Nvl_L1_NS,32NVL_NS,0.094,0.088
1520,NvcNvl_L3_EW,NONE,0.009,0.0
1520,32Mt_L2_EW,NONE,0.008,0.0
1520,32Mt_L2_EW,32MT_EW,0.016,0.011
1520,NvcMt_L1_NS,NONE,0.005,0.0
1525,304Nvl_L1_NS,304NVL_NS,0.009,-0.03
1525,304Nvl_L3_NS,NONE,0.007,0.0
1525,304Nvl_L1_EW,304NVL_EW,0.008,0.008
1525,304Nvl_L1_NS,NONE,0.124,0.0
1525,32Nvl_L3_NS,NONE,0.014,0.0
1525,32Nvl_L1_NS,32NVL_NS,0.055,0.049
1525,32Nvl_L3_NS,NONE,0.117,0.0
1525,32Nvl_L2_NS,32NVL_NS,0.111,0.105
1525,NvcNvl_L3_NS,NONE,0.041,0.0
1525,NvcNvl_L2_NS,NONE,0.04,0.0
1525,32Mt_L1_EW,32MT_EW,0.07,0.07
1525,32Thn_L1_EW,NONE,0.049,0.0
1525,304Nvl_L2_NS,304NVL_NS,0.008,-0.07
1525,32Nvl_L2_NS,32NVL_NS,0.053,0.048
1525,32Nvl_L1_NS,32NVL_NS,0.128,0.121
1525,NvcNvl_L1_NS,NONE,0.052,0.0
1525,32Mt_L2_EW,32MT_EW,0.022,0.022
1530,304Nvl_L1_NS,304NVL_NS,0.009,-0.03
1530,304Nvl_L3_NS,NONE,0.007,0.0
1530,304Nvl_L1_NS,NONE,0.088,0.0
1530,32Nvl_L3_NS,NONE,0.014,0.0
1530,32Nvl_L1_NS,32NVL_NS,0.055,0.049
1530,32Nvl_L3_NS,NONE,0.117,0.0
1530,32Nvl_L2_NS,32NVL_NS,0.111,0.105
1530,NvcNvl_L3_NS,NONE,0.02,0.0
1530,NvcNvl_L2_NS,NONE,0.026,0.0
1530,NvcNvl_L1_EW,NONE,0.064,0.0
1530,NvcNvl_L2_EW,NONE,0.008,0.0
1530,32Mt_L1_EW,32MT_EW,0.077,0.077
1530,304Nvl_L2_NS,304NVL_NS,0.008,-0.07
1530,32Nvl_L2_NS,32NVL_NS,0.053,0.048
1530,32Nvl_L1_NS,32NVL_NS,0.128,0.121
1530,NvcNvl_L1_NS,NONE,0.035,0.0
1530,NvcNvl_L3_EW,NONE,0.006,0.0
1530,32Mt_L2_EW,32MT_EW,0.044,0.044
1535,304Nvl_L1_NS,304NVL_NS,0.009,-0.03
1535,304Nvl_L3_NS,NONE,0.007,0.0
1535,304Nvl_L1_EW,304NVL_EW,0.008,0.008
1535,304Nvl_L1_NS,NONE,0.088,0.0
1535,32Nvl_L3_NS,NONE,0.02,0.0
1535,32Nvl_L1_NS,32NVL_NS,0.055,0.049
1535,32Nvl_L3_NS,NONE,0.117,0.0
1535,32Nvl_L2_NS,32NVL_NS,0.111,0.105
1535,NvcNvl_L3_NS,NONE,0.007,0.0
1535,NvcNvl_L2_NS,NONE,0.007,0.0
1535,NvcNvl_L1_EW,NONE,0.053,0.0
1535,NvcNvl_L2_EW,NONE,0.038,0.0
1535,NvcNvl_L1_EW,NVCNVL_EW,0.007,-0.015
1535,NvcNvl_L2_EW,NVCNVL_EW,0.008,0.008
1535,32Mt_L1_EW,32MT_EW,0.077,0.077
1535,NvcMt_L1_EW,NVCMT_EW,0.032,0.027
1535,NvcCmt8_L2_EW,NONE,0.007,0.0
1535,304Nvl_L2_NS,304NVL_NS,0.008,-0.07
1535,32Nvl_L2_NS,32NVL_NS,0.053,0.048
1535,32Nvl_L1_NS,32NVL_NS,0.128,0.121
1535,NvcNvl_L1_NS,NONE,0.009,0.0
1535,NvcNvl_L3_EW,NONE,0.009,0.0
1535,32Mt_L2_EW,32MT_EW,0.049,0.049
1535,NvcMt_L2_EW,NVCMT_EW,0.04,0.034
1535,NvcCmt8_L1_EW,NONE,0.006,0.0
1540,304Nvl_L1_NS,304NVL_NS,0.009,-0.025
1540,304Nvl_L3_NS,NONE,0.007,0.0
1540,32Nvl_L3_NS,NONE,0.014,0.0
1540,32Nvl_L1_NS,32NVL_NS,0.048,0.042
1540,32Nvl_L3_NS,NONE,0.117,0.0
1540,32Nvl_L2_NS,32NVL_NS,0.111,0.105
1540,NvcNvl_L1_EW,NVCNVL_EW,0.007,0.007
1540,32Mt_L1_EW,32MT_EW,0.035,0.035
1540,32Mt_L1_NS,NONE,0.01,0.0
1540,32Thn_L1_EW,NONE,0.01,0.0
1540,32Thn_L2_EW,NONE,0.01,0.0
1540,32Thn_L3_EW,NONE,0.007,0.0
1540,304Nvl_L2_NS,304NVL_NS,0.008,-0.07
1540,32Nvl_L2_NS,32NVL_NS,0.047,0.041
1540,32Nvl_L1_NS,32NVL_NS,0.094,0.088
1540,32Mt_L2_EW,32MT_EW,0.022,0.022
1540,32Mt_L2_NS,NONE,0.009,0.0
1545,304Nvl_L1_NS,304NVL_NS,0.009,-0.025
1545,304Nvl_L3_NS,NONE,0.007,0.0
1545,32Nvl_L3_NS,NONE,0.014,0.0
1545,32Nvl_L1_NS,32NVL_NS,0.048,0.042
1545,32Nvl_L3_NS,NONE,0.117,0.0
1545,32Nvl_L2_NS,32NVL_NS,0.111,0.105
1545,NvcNvl_L1_EW,NONE,0.011,0.0
1545,NvcNvl_L2_EW,NONE,0.008,0.0
1545,32Mt_L1_EW,32MT_EW,0.021,0.021
1545,NvcMt_L2_NS,NONE,0.005,0.0
1545,32Thn_L1_EW,32THN_EW,0.016,0.016
1545,32Thn_L2_EW,32THN_EW,0.008,0.008
1545,32Thn_L3_EW,NONE,0.008,0.0
1545,304Nvl_L2_NS,304NVL_NS,0.008,-0.07
1545,32Nvl_L2_NS,32NVL_NS,0.047,0.041
1545,32Nvl_L1_NS,32NVL_NS,0.094,0.088
1545,32Mt_L2_EW,32MT_EW,0.016,0.016
1545,NvcMt_L1_NS,NONE,0.005,0.0
1550,304Nvl_L1_NS,304NVL_NS,0.009,-0.078
1550,304Nvl_L3_NS,NONE,0.007,0.0
1550,32Nvl_L3_NS,NONE,0.089,0.0
1550,32Nvl_L1_NS,32NVL_NS,0.125,0.118
1550,32Nvl_L3_NS,NONE,0.117,0.0
1550,32Nvl_L2_NS,32NVL_NS,0.111,0.105
1550,32Mt_L1_EW,NONE,0.036,0.0
1550,32Mt_L3_EW,NONE,0.044,0.0
1550,32Mt_L1_EW,32MT_EW,0.028,0.028
1550,32Thn_L1_EW,NONE,0.01,0.0
1550,304Nvl_L2_NS,304NVL_NS,0.008,-0.07
1550,32Nvl_L2_NS,32NVL_NS,0.12,0.115
1550,32Nvl_L1_NS,32NVL_NS,0.101,0.094
1550,32Mt_L2_EW,NONE,0.038,0.0
1550,32Mt_L2_EW,32MT_EW,0.016,0.016
1555,304Nvl_L1_NS,304NVL_NS,0.009,-0.078
1555,304Nvl_L3_NS,NONE,0.007,0.0
1555,32Nvl_L3_NS,NONE,0.055,0.0
1555,32Nvl_L1_NS,32NVL_NS,0.125,0.118
1555,32Nvl_L3_NS,NONE,0.117,0.0
1555,32Nvl_L2_NS,32NVL_NS,0.111,0.105
1555,NvcNvl_L3_NS,NONE,0.034,0.0
1555,NvcNvl_L2_NS,NONE,0.033,0.0
1555,32Mt_L1_EW,NONE,0.058,0.0
1555,32Mt_L3_EW,NONE,0.071,0.0
1555,32Mt_L1_EW,32MT_EW,0.007,0.007
1555,304Nvl_L2_NS,304NVL_NS,0.008,-0.07
1555,32Nvl_L2_NS,32NVL_NS,0.12,0.115
1555,32Nvl_L1_NS,32NVL_NS,0.101,0.094
1555,NvcNvl_L1_NS,NONE,0.044,0.0
1555,32Mt_L2_EW,NONE,0.06,0.0
1555,32Mt_L2_EW,32MT_EW,0.005,0.005
1560,304Nvl_L1_NS,304NVL_NS,0.009,-0.073
1560,304Nvl_L3_NS,NONE,0.007,0.0
1560,304Nvl_L1_EW,304NVL_EW,0.051,0.051
1560,304Nvl_L2_EW,304NVL_EW,0.044,0.044
1560,32Nvl_L3_NS,NONE,0.082,0.0
1560,32Nvl_L1_NS,32NVL_NS,0.118,0.111
1560,32Nvl_L3_NS,NONE,0.117,0.0
1560,32Nvl_L2_NS,32NVL_NS,0.111,0.105
1560,NvcNvl_L3_NS,NONE,0.02,0.0
1560,NvcNvl_L2_NS,NONE,0.02,0.0
1560,NvcNvl_L1_EW,NONE,0.011,0.0
1560,NvcNvl_L2_EW,NONE,0.008,0.0
1560,32Mt_L1_EW,NONE,0.022,0.0
1560,32Mt_L3_EW,NONE,0.027,0.0
1560,32Mt_L1_EW,32MT_EW,0.014,0.014
1560,304Nvl_L2_NS,304NVL_NS,0.008,-0.07
1560,304Nvl_L3_EW,NONE,0.038,0.0
1560,32Nvl_L2_NS,32NVL_NS,0.113,0.108
1560,32Nvl_L1_NS,32NVL_NS,0.101,0.094
1560,NvcNvl_L1_NS,NONE,0.026,0.0
1560,32Mt_L2_EW,NONE,0.023,0.0
1560,32Mt_L2_EW,32MT_EW,0.011,0.011
1565,304Nvl_L1_NS,304NVL_NS,0.009,-0.049
1565,304Nvl_L3_NS,NONE,0.007,0.0
1565,304Nvl_L1_EW,304NVL_EW,0.008,0.008
1565,304Nvl_L2_EW,304NVL_EW,0.007,0.007
1565,32Nvl_L3_NS,NONE,0.048,0.0
1565,32Nvl_L1_NS,32NVL_NS,0.083,0.077
1565,32Nvl_L3_NS,NONE,0.117,0.0
1565,32Nvl_L2_NS,32NVL_NS,0.111,0.105
1565,NvcNvl_L3_NS,NONE,0.014,0.0
1565,NvcNvl_L2_NS,NONE,0.013,0.0
1565,NvcNvl_L1_EW,NONE,0.032,0.0
1565,NvcNvl_L2_EW,NONE,0.023,0.0
1565,NvcNvl_L1_EW,NVCNVL_EW,0.035,0.035
1565,32Mt_L1_NS,32MT_NS,0.006,0.006
1565,32Mt_L1_EW,NONE,0.014,0.0
1565,32Mt_L1_EW,32MT_EW,0.021,0.021
1565,32Mt_L1_NS,NONE,0.049,0.0
1565,NvcMt_L2_NS,NONE,0.005,0.0
1565,NvcCmt8_L2_EW,NVCCMT8_EW,0.005,0.005
1565,304Nvl_L2_NS,304NVL_NS,0.008,-0.07
1565,304Nvl_L3_EW,NONE,0.006,0.0
1565,32Nvl_L2_NS,32NVL_NS,0.08,0.075
1565,32Nvl_L1_NS,32NVL_NS,0.094,0.088
1565,NvcNvl_L1_NS,NONE,0.017,0.0
1565,NvcNvl_L3_EW,NONE,0.013,0.0
1565,32Mt_L2_EW,32MT_EW,0.016,0.016
1565,NvcMt_L1_NS,NONE,0.005,0.0
1565,NvcCmt8_L1_EW,NVCCMT8_EW,0.008,0.008
1570,304Nvl_L1_NS,304NVL_NS,0.009,-0.025
1570,304Nvl_L3_NS,NONE,0.007,0.0
1570,304Nvl_L1_NS,NONE,0.036,0.0
1570,32Nvl_L3_NS,NONE,0.014,0.0
1570,32Nvl_L1_NS,32NVL_NS,0.048,0.042
1570,32Nvl_L3_NS,NONE,0.117,0.0
1570,32Nvl_L2_NS,32NVL_NS,0.111,0.105
1570,NvcNvl_L3_NS,NONE,0.007,0.0
1570,NvcNvl_L2_NS,NONE,0.007,0.0
1570,NvcNvl_L1_EW,NONE,0.011,0.0
1570,NvcNvl_L2_EW,NONE,0.008,0.0
1570,32Mt_L1_NS,32MT_NS,0.013,0.013
1570,32Mt_L1_EW,32MT_EW,0.014,0.014
1570,32Mt_L1_NS,NONE,0.01,0.0
1570,304Nvl_L2_NS,304NVL_NS,0.008,-0.07
1570,32Nvl_L2_NS,32NVL_NS,0.047,0.041
1570,32Nvl_L1_NS,32NVL_NS,0.094,0.088
1570,NvcNvl_L1_NS,NONE,0.009,0.0
1570,32Mt_L2_EW,32MT_EW,0.011,0.011
1570,NvcMt_L1_EW,NVCMT_EW,0.006,0.006
1570,NvcCmt8_L1_EW,NONE,0.006,0.0
1575,304Thn_L1_EW,NONE,0.007,0.0
1575,304Thn_L2_EW,NONE,0.008,0.0
1575,304Nvl_L1_EW,304NVL_EW,0.017,0.017
1575,304Nvl_L2_EW,304NVL_EW,0.007,0.007
1575,304Nvl_L1_NS,NONE,0.007,0.0
1575,32Nvl_L1_EW,32NVL_EW,0.081,0.076
1575,32Nvl_L2_EW,32NVL_EW,0.09,0.086
1575,NvcNvl_L1_EW,NONE,0.011,0.0
1575,NvcNvl_L2_EW,NONE,0.008,0.0
1575,NvcNvl_L1_EW,NVCNVL_EW,0.007,0.007
1575,32Mt_L1_NS,32MT_NS,0.006,0.006
1575,32Mt_L1_EW,NONE,0.036,0.0
1575,32Mt_L3_EW,NONE,0.044,0.0
1575,32Mt_L1_EW,32MT_EW,0.007,0.007
1575,32Mt_L1_NS,NONE,0.01,0.0
1575,304Nvl_L3_EW,NONE,0.006,0.0
1575,32Nvl_L3_EW,NONE,0.074,0.0
1575,32Nvl_L1_NS,32NVL_NS,0.034,0.034
1575,NvcNvl_L3_EW,NONE,0.006,0.0
1575,32Mt_L2_EW,NONE,0.038,0.0
1575,32Mt_L2_EW,32MT_EW,0.005,0.005
1575,304Thn_L3_EW,NONE,0.008,0.0
1580,304Thn_L1_EW,304THN_EW,0.008,-0.01
1580,304Nvl_L1_NS,304NVL_NS,0.009,-0.054
1580,304Nvl_L3_NS,NONE,0.007,0.0
1580,304Nvl_L1_EW,304NVL_EW,0.025,0.02
1580,304Nvl_L2_EW,304NVL_EW,0.015,0.015
1580,32Nvl_L3_NS,NONE,0.082,0.0
1580,32Nvl_L1_NS,32NVL_NS,0.09,0.084
1580,32Nvl_L1_EW,32NVL_EW,0.081,0.076
1580,32Nvl_L2_EW,32NVL_EW,0.09,0.086
1580,32Nvl_L3_NS,NONE,0.017,0.0
1580,32Nvl_L2_NS,32NVL_NS,0.016,0.01
1580,NvcNvl_L1_EW,NONE,0.011,0.0
1580,NvcNvl_L2_EW,NONE,0.008,0.0
1580,NvcNvl_L1_EW,NVCNVL_EW,0.014,0.014
1580,NvcNvl_L2_EW,NVCNVL_EW,0.008,0.008
1580,32Mt_L1_EW,32MT_EW,0.007,0.007
1580,NvcCmt8_L2_EW,NONE,0.089,0.0
1580,NvcCmt8_L2_NS,NONE,0.011,0.0
1580,NvcCmt8_L1_NS,NONE,0.008,0.0
1580,304Nvl_L2_NS,304NVL_NS,0.008,-0.003
1580,304Nvl_L3_EW,NONE,0.013,0.0
1580,32Nvl_L2_NS,32NVL_NS,0.08,0.075
1580,32Nvl_L3_EW,NONE,0.074,0.0
1580,32Nvl_L1_NS,32NVL_NS,0.047,0.041
1580,NvcNvl_L3_EW,NONE,0.009,0.0
1580,32Mt_L2_EW,32MT_EW,0.005,0.005
1580,NvcCmt8_L1_EW,NONE,0.069,0.0
1585,304Thn_L1_EW,304THN_EW,0.008,-0.004
1585,304Nvl_L1_NS,304NVL_NS,0.054,-0.009
1585,304Nvl_L3_NS,NONE,0.044,0.0
1585,304Nvl_L1_EW,304NVL_EW,0.017,0.011
1585,304Nvl_L2_EW,304NVL_EW,0.015,0.015
1585,304Nvl_L1_NS,NONE,0.007,0.0
1585,32Nvl_L3_NS,NONE,0.082,0.0
1585,32Nvl_L1_NS,32NVL_NS,0.09,0.052
1585,32Nvl_L1_EW,32NVL_EW,0.081,0.071
1585,32Nvl_L2_EW,32NVL_EW,0.09,0.082
1585,NvcNvl_L1_EW,NONE,0.011,0.0
1585,NvcNvl_L2_EW,NONE,0.008,0.0
1585,NvcNvl_L1_EW,NVCNVL_EW,0.014,0.014
1585,NvcNvl_L2_EW,NVCNVL_EW,0.008,0.008
1585,32Mt_L1_EW,NONE,0.007,0.0
1585,32Mt_L3_EW,NONE,0.009,0.0
1585,32Mt_L1_EW,32MT_EW,0.014,0.014
1585,32Mt_L1_NS,NONE,0.049,0.0
1585,304Nvl_L2_NS,304NVL_NS,0.046,0.046
1585,304Nvl_L3_EW,NONE,0.013,0.0
1585,32Nvl_L2_NS,32NVL_NS,0.08,0.048
1585,32Nvl_L3_EW,NONE,0.074,0.0
1585,32Nvl_L1_NS,32NVL_NS,0.013,-0.025
1585,NvcNvl_L3_EW,NONE,0.009,0.0
1585,32Mt_L2_EW,NONE,0.008,0.0
1585,32Mt_L2_EW,32MT_EW,0.011,0.011
1590,304Nvl_L1_NS,304NVL_NS,0.054,-0.009
1590,304Nvl_L3_NS,NONE,0.044,0.0
1590,304Nvl_L1_EW,304NVL_EW,0.008,0.008
1590,304Nvl_L2_EW,304NVL_EW,0.007,0.007
1590,32Nvl_L1_NS,32NVL_NS,0.09,0.052
1590,32Nvl_L1_EW,32NVL_EW,0.081,0.076
1590,32Nvl_L2_EW,32NVL_EW,0.09,0.086
1590,NvcNvl_L1_EW,NVCNVL_EW,0.007,0.007
1590,NvcNvl_L2_EW,NVCNVL_EW,0.008,0.008
1590,32Mt_L1_EW,32MT_EW,0.007,0.007
1590,32Mt_L1_NS,NONE,0.049,0.0
1590,304Nvl_L2_NS,304NVL_NS,0.046,0.046
1590,304Nvl_L3_EW,NONE,0.006,0.0
1590,32Nvl_L2_NS,32NVL_NS,0.08,0.048
1590,32Nvl_L3_EW,NONE,0.074,0.0
1590,32Nvl_L1_NS,32NVL_NS,0.013,-0.025
1590,NvcNvl_L3_EW,NONE,0.009,0.0
1590,32Mt_L2_EW,32MT_EW,0.005,0.005
1595,304Nvl_L1_NS,304NVL_NS,0.054,0.049
1595,304Nvl_L3_NS,NONE,0.044,0.0
1595,304Nvl_L1_EW,304NVL_EW,0.017,0.017
1595,32Nvl_L1_NS,32NVL_NS,0.007,-0.031
1595,32Nvl_L1_EW,32NVL_EW,0.114,0.109
1595,32Nvl_L2_EW,32NVL_EW,0.127,0.123
1595,NvcNvl_L1_EW,NVCNVL_EW,0.007,0.007
1595,NvcNvl_L2_EW,NVCNVL_EW,0.008,0.008
1595,32Mt_L1_NS,32MT_NS,0.006,0.006
1595,32Mt_L1_EW,32MT_EW,0.007,0.007
1595,304Nvl_L2_NS,304NVL_NS,0.046,0.046
1595,32Nvl_L3_EW,NONE,0.105,0.0
1595,NvcNvl_L3_EW,NONE,0.009,0.0
1595,32Mt_L2_EW,32MT_EW,0.005,0.005
1595,NvcCmt8_L1_EW,NVCCMT8_EW,0.092,0.092
1600,304Nvl_L1_NS,304NVL_NS,0.054,0.025
1600,304Nvl_L3_NS,NONE,0.044,0.0
1600,304Nvl_L1_NS,NONE,0.015,0.0
1600,32Nvl_L3_NS,NONE,0.041,0.0
1600,32Nvl_L1_NS,32NVL_NS,0.042,0.003
1600,32Nvl_L1_EW,32NVL_EW,0.114,0.109
1600,32Nvl_L2_EW,32NVL_EW,0.127,0.123
1600,NvcNvl_L3_NS,NONE,0.088,0.0
1600,NvcNvl_L2_NS,NONE,0.086,0.0
1600,NvcNvl_L1_EW,NVCNVL_EW,0.007,0.007
1600,NvcNvl_L2_EW,NVCNVL_EW,0.008,0.008
1600,32Mt_L1_NS,32MT_NS,0.006,0.006
1600,32Mt_L1_EW,NONE,0.007,0.0
1600,32Mt_L3_EW,NONE,0.009,0.0
1600,32Mt_L1_EW,32MT_EW,0.007,0.007
1600,32Mt_L1_NS,NONE,0.01,0.0
1600,304Nvl_L2_NS,304NVL_NS,0.046,0.046
1600,32Nvl_L2_NS,32NVL_NS,0.04,0.008
1600,32Nvl_L3_EW,NONE,0.105,0.0
1600,NvcNvl_L1_NS,NONE,0.114,0.0
1600,NvcNvl_L3_EW,NONE,0.009,0.0
1600,32Mt_L2_EW,NONE,0.008,0.0
1600,32Mt_L2_EW,32MT_EW,0.005,0.005
1605,304Nvl_L1_NS,304NVL_NS,0.054,0.049
1605,304Nvl_L3_NS,NONE,0.044,0.0
1605,304Nvl_L1_EW,304NVL_EW,0.017,0.017
1605,304Nvl_L2_EW,304NVL_EW,0.015,0.015
1605,32Nvl_L1_NS,32NVL_NS,0.007,-0.031
1605,32Nvl_L1_EW,32NVL_EW,0.121,0.116
1605,32Nvl_L2_EW,32NVL_EW,0.134,0.131
1605,NvcNvl_L3_NS,NONE,0.122,0.0
1605,NvcNvl_L2_NS,NONE,0.119,0.0
1605,NvcNvl_L1_EW,NVCNVL_EW,0.007,0.007
1605,NvcNvl_L2_EW,NVCNVL_EW,0.008,0.008
1605,32Mt_L1_NS,32MT_NS,0.006,0.006
1605,32Mt_L1_EW,32MT_EW,0.007,0.007
1605,32Mt_L1_NS,NONE,0.01,0.0
1605,304Nvl_L2_NS,304NVL_NS,0.046,0.046
1605,304Nvl_L3_EW,NONE,0.013,0.0
1605,32Nvl_L2_NS,32NVL_NS,0.007,-0.025
1605,32Nvl_L3_EW,NONE,0.111,0.0
1605,32Nvl_L1_NS,32NVL_NS,0.081,0.043
1605,NvcNvl_L1_NS,NONE,0.157,0.0
1605,NvcNvl_L3_EW,NONE,0.009,0.0
1605,32Mt_L2_EW,32MT_EW,0.005,0.005
1610,304Nvl_L1_NS,304NVL_NS,0.054,0.049
1610,304Nvl_L3_NS,NONE,0.044,0.0
1610,304Nvl_L1_EW,304NVL_EW,0.017,0.017
1610,304Nvl_L2_EW,304NVL_EW,0.015,0.015
1610,304Nvl_L1_NS,NONE,0.007,0.0
1610,304Nvl_L3_NS,NONE,0.008,0.0
1610,32Nvl_L3_NS,NONE,0.007,0.0
1610,32Nvl_L1_NS,32NVL_NS,0.007,-0.031
1610,32Nvl_L1_EW,32NVL_EW,0.121,0.087
1610,32Nvl_L2_EW,32NVL_EW,0.134,0.108
1610,NvcNvl_L2_NS,NONE,0.007,0.0
1610,NvcNvl_L1_EW,NVCNVL_EW,0.014,0.014
1610,NvcNvl_L2_EW,NVCNVL_EW,0.016,0.016
1610,32Mt_L1_EW,NONE,0.036,0.0
1610,32Mt_L3_EW,NONE,0.044,0.0
1610,32Mt_L1_EW,32MT_EW,0.049,0.049
1610,304Nvl_L2_NS,304NVL_NS,0.046,0.046
1610,304Nvl_L3_EW,NONE,0.013,0.0
1610,304Nvl_L2_NS,NONE,0.007,0.0
1610,32Nvl_L2_NS,32NVL_NS,0.007,-0.025
1610,32Nvl_L3_EW,NONE,0.111,0.0
1610,32Nvl_L1_NS,32NVL_NS,0.081,0.043
1610,NvcNvl_L1_NS,NONE,0.009,0.0
1610,NvcNvl_L3_EW,NONE,0.019,0.0
1610,32Mt_L2_EW,NONE,0.038,0.0
1610,32Mt_L2_EW,32MT_EW,0.038,0.038
1615,304Nvl_L1_NS,304NVL_NS,0.054,0.054
1615,304Nvl_L3_NS,NONE,0.044,0.0
1615,304Nvl_L1_EW,304NVL_EW,0.025,0.025
1615,304Nvl_L2_EW,304NVL_EW,0.015,0.015
1615,32Nvl_L1_EW,32NVL_EW,0.121,0.116
1615,32Nvl_L2_EW,32NVL_EW,0.134,0.131
1615,32Nvl_L3_NS,NONE,0.008,0.0
1615,32Nvl_L2_NS,32NVL_NS,0.008,-0.024
1615,NvcNvl_L3_NS,NONE,0.007,0.0
1615,NvcNvl_L2_NS,NONE,0.007,0.0
1615,NvcNvl_L1_EW,NVCNVL_EW,0.014,0.014
1615,NvcNvl_L2_EW,NVCNVL_EW,0.016,0.016
1615,32Mt_L1_EW,NONE,0.05,0.0
1615,32Mt_L3_EW,NONE,0.009,0.0
1615,32Mt_L1_EW,32MT_EW,0.007,0.007
1615,NvcMt_L1_NS,NVCMT_NS,0.007,0.007
1615,304Nvl_L2_NS,304NVL_NS,0.046,0.04
1615,304Nvl_L3_EW,NONE,0.013,0.0
1615,32Nvl_L3_EW,NONE,0.111,0.0
1615,32Nvl_L1_NS,32NVL_NS,0.007,-0.031
1615,NvcNvl_L1_NS,NONE,0.009,0.0
1615,NvcNvl_L3_EW,NONE,0.019,0.0
1615,32Mt_L2_EW,NONE,0.045,0.0
1615,32Mt_L2_EW,32MT_EW,0.005,0.005
1615,NvcMt_L2_NS,NVCMT_NS,0.005,0.005
1620,304Nvl_L1_NS,304NVL_NS,0.054,0.054
1620,304Nvl_L3_NS,NONE,0.044,0.0
1620,304Nvl_L1_EW,304NVL_EW,0.051,0.051
1620,304Nvl_L2_EW,304NVL_EW,0.036,0.036
1620,32Nvl_L1_EW,32NVL_EW,0.007,0.002
1620,32Nvl_L2_EW,32NVL_EW,0.008,0.004
1620,32Nvl_L1_EW,32NVL_EW,0.121,0.116
1620,32Nvl_L2_EW,32NVL_EW,0.134,0.131
1620,32Nvl_L3_NS,NONE,0.008,0.0
1620,32Nvl_L2_NS,32NVL_NS,0.008,-0.024
1620,NvcNvl_L1_EW,NVCNVL_EW,0.014,0.01
1620,NvcNvl_L2_EW,NVCNVL_EW,0.016,0.016
1620,32Mt_L1_EW,NONE,0.043,0.0
1620,32Mt_L1_EW,32MT_EW,0.007,0.002
1620,NvcMt_L1_EW,NVCMT_EW,0.006,-0.004
1620,304Nvl_L2_NS,304NVL_NS,0.046,0.04
1620,304Nvl_L3_EW,NONE,0.032,0.0
1620,32Nvl_L3_EW,NONE,0.111,0.0
1620,32Nvl_L3_EW,NONE,0.006,0.0
1620,32Nvl_L1_NS,32NVL_NS,0.007,-0.031
1620,NvcNvl_L3_EW,NONE,0.019,0.0
1620,32Mt_L2_EW,32MT_EW,0.005,0.0
1620,NvcMt_L2_EW,NVCMT_EW,0.008,-0.003
1625,304Nvl_L1_NS,304NVL_NS,0.054,0.049
1625,304Nvl_L3_NS,NONE,0.044,0.0
1625,304Nvl_L1_EW,304NVL_EW,0.025,0.025
1625,304Nvl_L1_NS,NONE,0.007,0.0
1625,304Nvl_L3_NS,NONE,0.008,0.0
1625,32Nvl_L1_NS,32NVL_NS,0.007,-0.031
1625,32Nvl_L1_EW,32NVL_EW,0.042,0.038
1625,32Nvl_L2_EW,32NVL_EW,0.046,0.043
1625,32Nvl_L1_EW,32NVL_EW,0.114,0.109
1625,32Nvl_L2_EW,32NVL_EW,0.127,0.123
1625,32Nvl_L3_NS,NONE,0.008,0.0
1625,32Nvl_L2_NS,32NVL_NS,0.008,-0.024
1625,NvcNvl_L1_EW,NVCNVL_EW,0.014,0.01
1625,NvcNvl_L2_EW,NVCNVL_EW,0.016,0.016
1625,32Mt_L1_NS,32MT_NS,0.006,0.006
1625,32Mt_L1_EW,NONE,0.007,0.0
1625,32Mt_L1_EW,32MT_EW,0.007,-0.023
1625,32Mt_L1_NS,NONE,0.049,0.0
1625,NvcMt_L1_EW,NVCMT_EW,0.006,-0.068
1625,NvcCmt8_L2_EW,NVCCMT8_EW,0.063,0.063
1625,304Nvl_L2_NS,304NVL_NS,0.046,0.04
1625,304Nvl_L2_NS,NONE,0.007,0.0
1625,32Nvl_L2_NS,32NVL_NS,0.007,-0.025
1625,32Nvl_L3_EW,NONE,0.105,0.0
1625,32Nvl_L3_EW,NONE,0.038,0.0
1625,32Nvl_L1_NS,32NVL_NS,0.007,-0.031
1625,NvcNvl_L3_EW,NONE,0.019,0.0
1625,32Mt_L2_EW,32MT_EW,0.005,-0.027
1625,NvcMt_L2_EW,NVCMT_EW,0.008,-0.047
1625,NvcCmt8_L1_EW,NVCCMT8_EW,0.092,0.088
1630,304Nvl_L1_NS,304NVL_NS,0.054,0.049
1630,304Nvl_L3_NS,NONE,0.044,0.0
1630,304Nvl_L1_NS,NONE,0.036,0.0
1630,32Nvl_L3_NS,NONE,0.007,0.0
1630,32Nvl_L1_NS,32NVL_NS,0.007,-0.031
1630,32Nvl_L1_EW,32NVL_EW,0.014,0.014
1630,32Nvl_L2_EW,32NVL_EW,0.015,0.015
1630,32Nvl_L1_EW,32NVL_EW,0.114,0.114
1630,32Nvl_L2_EW,32NVL_EW,0.127,0.127
1630,32Mt_L1_NS,32MT_NS,0.006,0.006
1630,32Mt_L1_EW,NONE,0.007,0.0
1630,NvcMt_L1_EW,NVCMT_EW,0.006,-0.058
1630,NvcCmt8_L2_EW,NVCCMT8_EW,0.063,0.063
1630,304Nvl_L2_NS,304NVL_NS,0.046,0.046
1630,32Nvl_L2_NS,32NVL_NS,0.007,-0.025
1630,32Nvl_L3_EW,NONE,0.105,0.0
1630,32Nvl_L3_EW,NONE,0.013,0.0
1630,NvcMt_L2_EW,NVCMT_EW,0.008,-0.036
1630,NvcCmt8_L1_EW,NVCCMT8_EW,0.092,0.088
1635,304Nvl_L1_NS,304NVL_NS,0.054,0.054
1635,304Nvl_L3_NS,NONE,0.044,0.0
1635,304Nvl_L1_EW,304NVL_EW,0.017,0.017
1635,304Nvl_L2_EW,304NVL_EW,0.007,0.007
1635,32Nvl_L1_EW,32NVL_EW,0.007,0.007
1635,32Nvl_L2_EW,32NVL_EW,0.008,0.008
1635,32Nvl_L1_EW,32NVL_EW,0.114,0.114
1635,32Nvl_L2_EW,32NVL_EW,0.127,0.127
1635,NvcNvl_L1_EW,NONE,0.011,0.0
1635,NvcNvl_L2_EW,NONE,0.008,0.0
1635,32Mt_L1_EW,NONE,0.036,0.0
1635,32Mt_L3_EW,NONE,0.044,0.0
1635,304Nvl_L2_NS,304NVL_NS,0.046,0.046
1635,304Nvl_L3_EW,NONE,0.006,0.0
1635,32Nvl_L3_EW,NONE,0.105,0.0
1635,32Nvl_L3_EW,NONE,0.006,0.0
1635,32Nvl_L1_NS,32NVL_NS,0.007,-0.031
1635,32Mt_L2_EW,NONE,0.038,0.0
1635,NvcCmt8_L1_EW,NONE,0.069,0.0
1640,304Nvl_L1_NS,304NVL_NS,0.054,0.03
1640,304Nvl_L3_NS,NONE,0.044,0.0
1640,32Nvl_L1_NS,32NVL_NS,0.035,-0.003
1640,32Nvl_L1_EW,32NVL_EW,0.007,0.007
1640,32Nvl_L2_EW,32NVL_EW,0.008,0.008
1640,32Nvl_L1_EW,32NVL_EW,0.114,0.114
1640,32Nvl_L2_EW,32NVL_EW,0.127,0.127
1640,304Nvl_L2_NS,304NVL_NS,0.046,0.046
1640,32Nvl_L3_EW,NONE,0.105,0.0
1640,32Nvl_L3_EW,NONE,0.006,0.0
1640,32Nvl_L1_NS,32NVL_NS,0.013,-0.025
1645,304Nvl_L1_NS,304NVL_NS,0.054,0.054
1645,304Nvl_L3_NS,NONE,0.044,0.0
1645,304Nvl_L1_EW,304NVL_EW,0.008,0.008
1645,32Nvl_L1_EW,32NVL_EW,0.007,0.007
1645,32Nvl_L2_EW,32NVL_EW,0.008,0.008
1645,32Nvl_L1_EW,32NVL_EW,0.114,0.114
1645,32Nvl_L2_EW,32NVL_EW,0.127,0.127
1645,NvcNvl_L3_NS,NONE,0.007,0.0
1645,NvcNvl_L2_NS,NONE,0.007,0.0
1645,NvcNvl_L1_EW,NONE,0.011,0.0
1645,NvcNvl_L2_EW,NONE,0.008,0.0
1645,32Mt_L1_NS,NONE,0.068,0.0
1645,304Nvl_L2_NS,304NVL_NS,0.046,0.046
1645,32Nvl_L3_EW,NONE,0.105,0.0
1645,32Nvl_L3_EW,NONE,0.006,0.0
1645,NvcNvl_L1_NS,NONE,0.009,0.0
1645,NvcNvl_L3_EW,NONE,0.006,0.0
1645,32Mt_L2_NS,NONE,0.017,0.0
1650,304Nvl_L1_NS,304NVL_NS,0.054,0.054
1650,304Nvl_L3_NS,NONE,0.044,0.0
1650,32Nvl_L1_EW,32NVL_EW,0.007,0.007
1650,32Nvl_L2_EW,32NVL_EW,0.008,0.008
1650,32Nvl_L1_EW,32NVL_EW,0.114,0.114
1650,32Nvl_L2_EW,32NVL_EW,0.127,0.127
1650,32Nvl_L3_NS,NONE,0.017,0.0
1650,32Nvl_L2_NS,32NVL_NS,0.016,-0.016
1650,NvcNvl_L3_NS,NONE,0.007,0.0
1650,NvcNvl_L2_NS,NONE,0.007,0.0
1650,32Mt_L1_NS,32MT_NS,0.006,0.006
1650,32Mt_L1_NS,NONE,0.01,0.0
1650,304Nvl_L2_NS,304NVL_NS,0.046,0.034
1650,32Nvl_L3_EW,NONE,0.105,0.0
1650,32Nvl_L3_EW,NONE,0.006,0.0
1650,32Nvl_L1_NS,32NVL_NS,0.013,-0.025
1650,NvcNvl_L1_NS,NONE,0.009,0.0
1650,32Mt_L2_NS,NONE,0.009,0.0
1655,304Nvl_L1_NS,304NVL_NS,0.054,0.03
1655,304Nvl_L3_NS,NONE,0.044,0.0
1655,32Nvl_L3_NS,NONE,0.034,0.0
1655,32Nvl_L1_NS,32NVL_NS,0.035,-0.008
1655,32Nvl_L1_EW,32NVL_EW,0.007,-0.003
1655,32Nvl_L2_EW,32NVL_EW,0.008,0.004
1655,32Nvl_L1_EW,32NVL_EW,0.114,0.104
1655,32Nvl_L2_EW,32NVL_EW,0.127,0.123
1655,32Nvl_L3_NS,NONE,0.008,0.0
1655,32Nvl_L2_NS,32NVL_NS,0.008,-0.024
1655,NvcNvl_L1_NS,NVCNVL_NS,0.007,-0.018
1655,32Mt_L1_NS,32MT_NS,0.006,0.006
1655,32Mt_L1_EW,NONE,0.007,0.0
1655,32Mt_L1_EW,32MT_EW,0.014,0.009
1655,32Mt_L1_NS,NONE,0.01,0.0
1655,304Nvl_L2_NS,304NVL_NS,0.046,0.04
1655,32Nvl_L2_NS,32NVL_NS,0.033,0.001
1655,32Nvl_L3_EW,NONE,0.105,0.0
1655,32Nvl_L3_EW,NONE,0.006,0.0
1655,32Nvl_L1_NS,32NVL_NS,0.007,-0.036
1655,32Mt_L2_EW,32MT_EW,0.005,0.0
1655,32Mt_L2_NS,NONE,0.009,0.0
1660,304Nvl_L1_NS,304NVL_NS,0.054,0.049
1660,304Nvl_L3_NS,NONE,0.044,0.0
1660,304Nvl_L1_EW,304NVL_EW,0.008,0.008
1660,304Nvl_L2_EW,304NVL_EW,0.007,0.007
1660,32Nvl_L1_NS,32NVL_NS,0.007,-0.036
1660,32Nvl_L1_EW,32NVL_EW,0.007,-0.052
1660,32Nvl_L2_EW,32NVL_EW,0.008,-0.038
1660,32Nvl_L1_EW,32NVL_EW,0.114,0.056
1660,32Nvl_L2_EW,32NVL_EW,0.127,0.081
1660,32Nvl_L3_NS,NONE,0.008,0.0
1660,32Nvl_L2_NS,32NVL_NS,0.008,-0.024
1660,NvcNvl_L1_EW,NVCNVL_EW,0.007,0.007
1660,NvcNvl_L1_NS,NVCNVL_NS,0.007,0.002
1660,32Mt_L1_NS,32MT_NS,0.006,0.006
1660,32Mt_L1_EW,NONE,0.007,0.0
1660,32Mt_L1_EW,32MT_EW,0.084,0.079
1660,304Nvl_L2_NS,304NVL_NS,0.046,0.04
1660,304Nvl_L3_EW,NONE,0.006,0.0
1660,32Nvl_L3_EW,NONE,0.105,0.0
1660,32Nvl_L3_EW,NONE,0.006,0.0
1660,32Nvl_L1_NS,32NVL_NS,0.013,-0.029
1660,32Mt_L2_EW,32MT_EW,0.065,0.06
1665,304Nvl_L1_NS,304NVL_NS,0.054,0.054
1665,304Nvl_L3_NS,NONE,0.044,0.0
1665,304Nvl_L1_EW,304NVL_EW,0.042,0.042
1665,304Nvl_L2_EW,304NVL_EW,0.036,0.036
1665,304Nvl_L1_NS,NONE,0.036,0.0
1665,304Nvl_L3_NS,NONE,0.04,0.0
1665,32Nvl_L1_EW,32NVL_EW,0.007,-0.052
1665,32Nvl_L2_EW,32NVL_EW,0.008,0.008
1665,32Nvl_L1_EW,32NVL_EW,0.114,0.056
1665,32Nvl_L2_EW,32NVL_EW,0.127,0.127
1665,32Nvl_L3_NS,NONE,0.008,0.0
1665,32Nvl_L2_NS,32NVL_NS,0.008,-0.024
1665,NvcNvl_L3_NS,NONE,0.041,0.0
1665,NvcNvl_L2_NS,NONE,0.04,0.0
1665,NvcNvl_L1_NS,NVCNVL_NS,0.007,0.007
1665,32Mt_L1_NS,32MT_NS,0.006,0.006
1665,32Mt_L1_EW,NONE,0.014,0.0
1665,32Mt_L3_EW,NONE,0.009,0.0
1665,32Mt_L1_EW,32MT_EW,0.084,0.079
1665,304Nvl_L2_NS,304NVL_NS,0.046,0.04
1665,304Nvl_L3_EW,NONE,0.032,0.0
1665,304Nvl_L2_NS,NONE,0.037,0.0
1665,32Nvl_L3_EW,NONE,0.105,0.0
1665,32Nvl_L3_EW,NONE,0.006,0.0
1665,32Nvl_L1_NS,32NVL_NS,0.007,-0.036
1665,NvcNvl_L1_NS,NONE,0.052,0.0
1665,32Mt_L2_EW,NONE,0.008,0.0
1670,304Nvl_L1_NS,304NVL_NS,0.054,0.054
1670,304Nvl_L3_NS,NONE,0.044,0.0
1670,304Nvl_L1_EW,304NVL_EW,0.008,0.008
1670,32Nvl_L1_EW,32NVL_EW,0.007,-0.052
1670,32Nvl_L2_EW,32NVL_EW,0.008,-0.038
1670,32Nvl_L1_EW,32NVL_EW,0.114,0.056
1670,32Nvl_L2_EW,32NVL_EW,0.127,0.081
1670,NvcNvl_L3_NS,NONE,0.007,0.0
1670,NvcNvl_L2_NS,NONE,0.007,0.0
1670,NvcNvl_L1_EW,NVCNVL_EW,0.035,0.035
1670,NvcNvl_L2_EW,NVCNVL_EW,0.039,0.039
1670,32Mt_L1_NS,32MT_NS,0.082,0.082
1670,32Mt_L1_EW,NONE,0.007,0.0
1670,32Mt_L3_EW,NONE,0.009,0.0
1670,32Mt_L1_EW,32MT_EW,0.084,0.079
1670,304Nvl_L2_NS,304NVL_NS,0.046,0.046
1670,32Nvl_L3_EW,NONE,0.105,0.0
1670,32Nvl_L3_EW,NONE,0.006,0.0
1670,32Nvl_L1_NS,32NVL_NS,0.007,-0.031
1670,NvcNvl_L1_NS,NONE,0.009,0.0
1670,NvcNvl_L3_EW,NONE,0.047,0.0
1670,32Mt_L2_EW,NONE,0.008,0.0
1670,32Mt_L2_EW,32MT_EW,0.065,0.06
1675,304Nvl_L1_NS,304NVL_NS,0.054,0.054
1675,304Nvl_L3_NS,NONE,0.044,0.0
1675,304Nvl_L1_EW,304NVL_EW,0.042,0.042
1675,304Nvl_L1_NS,NONE,0.036,0.0
1675,32Nvl_L1_EW,32NVL_EW,0.081,0.017
1675,32Nvl_L2_EW,32NVL_EW,0.127,0.077
1675,NvcNvl_L1_EW,NONE,0.011,0.0
1675,NvcNvl_L2_EW,NONE,0.008,0.0
1675,32Mt_L1_NS,32MT_NS,0.075,0.075
1675,32Mt_L1_EW,32MT_EW,0.091,0.091
1675,NvcMt_L2_EW,NVCMT_EW,0.003,0.003
1675,304Nvl_L2_NS,304NVL_NS,0.046,0.046
1675,32Nvl_L3_EW,NONE,0.105,0.0
1675,32Mt_L2_EW,32MT_EW,0.071,0.071
1675,NvcMt_L1_EW,NVCMT_EW,0.006,0.006
1680,304Nvl_L1_NS,304NVL_NS,0.054,0.054
1680,304Nvl_L3_NS,NONE,0.044,0.0
1680,32Nvl_L1_EW,32NVL_EW,0.007,-0.056
1680,32Nvl_L2_EW,32NVL_EW,0.008,-0.042
1680,NvcNvl_L3_NS,NONE,0.041,0.0
1680,NvcNvl_L2_NS,NONE,0.04,0.0
1680,NvcNvl_L1_EW,NONE,0.011,0.0
1680,32Mt_L1_EW,32MT_EW,0.091,0.086
1680,304Nvl_L2_NS,304NVL_NS,0.046,0.046
1680,32Nvl_L3_EW,NONE,0.006,0.0
1680,32Nvl_L1_NS,32NVL_NS,0.007,-0.031
1680,NvcNvl_L1_NS,NONE,0.052,0.0
1680,32Mt_L2_EW,32MT_EW,0.071,0.065
1685,304Nvl_L1_NS,NONE,0.007,0.0
1685,304Nvl_L3_NS,NONE,0.008,0.0
1685,32Nvl_L1_EW,32NVL_EW,0.007,0.007
1685,32Nvl_L2_EW,32NVL_EW,0.008,0.008
1685,32Nvl_L3_NS,NONE,0.008,0.0
1685,32Nvl_L2_NS,32NVL_NS,0.008,0.008
1685,304Nvl_L2_NS,NONE,0.007,0.0
1685,32Nvl_L3_EW,NONE,0.006,0.0
1685,32Nvl_L1_NS,32NVL_NS,0.013,0.013
1690,304Nvl_L1_EW,304NVL_EW,0.008,0.008
1690,32Nvl_L1_NS,32NVL_NS,0.007,-0.016
1690,32Nvl_L1_EW,32NVL_EW,0.007,0.007
1690,32Nvl_L2_EW,32NVL_EW,0.008,0.008
1690,32Nvl_L3_NS,NONE,0.008,0.0
1690,32Nvl_L2_NS,32NVL_NS,0.008,0.008
1690,NvcNvl_L1_NS,NVCNVL_NS,0.033,0.028
1690,32Nvl_L3_EW,NONE,0.006,0.0
1690,32Nvl_L1_NS,32NVL_NS,0.013,-0.01
1695,304Nvl_L1_NS,304NVL_NS,0.009,0.009
1695,304Nvl_L1_EW,304NVL_EW,0.017,0.017
1695,304Nvl_L2_EW,304NVL_EW,0.007,0.007
1695,304Nvl_L1_NS,NONE,0.036,0.0
1695,32Nvl_L3_NS,NONE,0.008,0.0
1695,32Nvl_L2_NS,32NVL_NS,0.008,0.008
1695,NvcNvl_L3_NS,NONE,0.007,0.0
1695,NvcNvl_L2_NS,NONE,0.007,0.0
1695,32Mt_L1_EW,NONE,0.086,0.0
1695,32Mt_L1_EW,32MT_EW,0.007,0.007
1695,NvcCmt8_L2_EW,NONE,0.007,0.0
1695,NvcCmt8_L2_NS,NONE,0.011,0.0
1695,NvcCmt8_L1_NS,NONE,0.008,0.0
1695,304Nvl_L3_EW,NONE,0.006,0.0
1695,32Nvl_L1_NS,32NVL_NS,0.007,0.0
1695,NvcNvl_L1_NS,NONE,0.009,0.0
1695,32Mt_L2_EW,32MT_EW,0.005,0.005
1695,NvcCmt8_L1_EW,NONE,0.006,0.0
1700,304Nvl_L1_EW,304NVL_EW,0.008,0.008
1700,304Nvl_L2_EW,304NVL_EW,0.007,0.007
1700,304Nvl_L1_NS,NONE,0.036,0.0
1700,32Nvl_L1_NS,32NVL_NS,0.035,0.035
1700,32Nvl_L1_EW,32NVL_EW,0.007,0.002
1700,32Nvl_L2_EW,32NVL_EW,0.008,0.004
1700,32Nvl_L3_NS,NONE,0.008,0.0
1700,32Nvl_L2_NS,32NVL_NS,0.008,0.008
1700,NvcNvl_L3_NS,NONE,0.014,0.0
1700,NvcNvl_L2_NS,NONE,0.013,0.0
1700,32Mt_L1_EW,NONE,0.086,0.0
1700,32Mt_L1_EW,32MT_EW,0.007,0.002
1700,304Nvl_L3_EW,NONE,0.006,0.0
1700,32Nvl_L2_NS,32NVL_NS,0.033,0.033
1700,32Nvl_L3_EW,NONE,0.006,0.0
1700,32Nvl_L1_NS,32NVL_NS,0.013,0.013
1700,NvcNvl_L1_NS,NONE,0.017,0.0
1700,32Mt_L2_EW,32MT_EW,0.005,0.0
1705,304Nvl_L1_EW,304NVL_EW,0.008,0.008
1705,304Nvl_L2_EW,304NVL_EW,0.007,0.007
1705,32Nvl_L1_NS,32NVL_NS,0.035,0.035
1705,32Nvl_L1_EW,32NVL_EW,0.092,0.087
1705,32Nvl_L2_EW,32NVL_EW,0.1,0.097
1705,32Nvl_L3_NS,NONE,0.008,0.0
1705,32Nvl_L2_NS,32NVL_NS,0.008,0.008
1705,NvcNvl_L3_NS,NONE,0.088,0.0
1705,NvcNvl_L2_NS,NONE,0.086,0.0
1705,NvcNvl_L1_EW,NONE,0.011,0.0
1705,NvcNvl_L2_EW,NONE,0.008,0.0
1705,32Mt_L1_NS,32MT_NS,0.006,0.006
1705,32Mt_L1_EW,32MT_EW,0.007,-0.057
1705,304Nvl_L3_EW,NONE,0.006,0.0
1705,32Nvl_L2_NS,32NVL_NS,0.033,0.033
1705,32Nvl_L3_EW,NONE,0.081,0.0
1705,32Nvl_L1_NS,32NVL_NS,0.013,0.013
1705,NvcNvl_L1_NS,NONE,0.114,0.0
1705,32Mt_L2_NS,32MT_NS,0.006,0.006
1705,32Mt_L2_EW,32MT_EW,0.005,-0.065
1705,NvcCmt8_L1_EW,NVCCMT8_EW,0.008,0.008
1710,304Nvl_L1_EW,304NVL_EW,0.008,0.008
1710,304Nvl_L2_EW,304NVL_EW,0.007,0.007
1710,32Nvl_L1_NS,32NVL_NS,0.035,0.035
1710,32Nvl_L1_EW,32NVL_EW,0.085,0.042
1710,32Nvl_L2_EW,32NVL_EW,0.093,0.056
1710,32Nvl_L3_NS,NONE,0.008,0.0
1710,32Nvl_L2_NS,32NVL_NS,0.008,0.008
1710,NvcNvl_L3_NS,NONE,0.115,0.0
1710,NvcNvl_L2_NS,NONE,0.112,0.0
1710,NvcNvl_L1_EW,NVCNVL_EW,0.007,0.007
1710,32Mt_L1_EW,32MT_EW,0.021,-0.039
1710,32Thn_L1_EW,32THN_EW,0.04,-0.019
1710,32Thn_L2_EW,32THN_EW,0.042,-0.023
1710,32Thn_L3_EW,NONE,0.041,0.0
1710,304Nvl_L3_EW,NONE,0.006,0.0
1710,32Nvl_L2_NS,32NVL_NS,0.033,0.033
1710,32Nvl_L3_EW,NONE,0.075,0.0
1710,32Nvl_L1_NS,32NVL_NS,0.02,0.02
1710,NvcNvl_L1_NS,NONE,0.149,0.0
1710,32Mt_L2_EW,32MT_EW,0.011,-0.054
1710,NvcMt_L1_NS,NONE,0.005,0.0
1715,304Nvl_L1_EW,304NVL_EW,0.008,0.008
1715,304Nvl_L2_EW,304NVL_EW,0.007,0.007
1715,304Nvl_L1_NS,NONE,0.007,0.0
1715,304Nvl_L3_NS,NONE,0.008,0.0
1715,32Nvl_L1_NS,32NVL_NS,0.035,0.035
1715,32Nvl_L1_EW,32NVL_EW,0.085,0.042
1715,32Nvl_L2_EW,32NVL_EW,0.093,0.056
1715,32Nvl_L3_NS,NONE,0.008,0.0
1715,32Nvl_L2_NS,32NVL_NS,0.008,0.008
1715,NvcNvl_L2_NS,NONE,0.007,0.0
1715,NvcNvl_L1_EW,NVCNVL_EW,0.007,0.003
1715,32Mt_L1_EW,32MT_EW,0.021,-0.039
1715,NvcMt_L2_NS,NONE,0.032,0.0
1715,NvcMt_L1_EW,NVCMT_EW,0.006,0.001
1715,32Thn_L1_EW,32THN_EW,0.04,-0.019
1715,32Thn_L2_EW,32THN_EW,0.042,-0.023
1715,32Thn_L3_EW,NONE,0.041,0.0
1715,304Nvl_L3_EW,NONE,0.006,0.0
1715,304Nvl_L2_NS,NONE,0.007,0.0
1715,32Nvl_L2_NS,32NVL_NS,0.033,0.033
1715,32Nvl_L3_EW,NONE,0.075,0.0
1715,32Nvl_L1_NS,32NVL_NS,0.013,0.013
1715,NvcNvl_L1_NS,NONE,0.009,0.0
1715,32Mt_L2_EW,32MT_EW,0.011,-0.054
1715,NvcMt_L1_NS,NONE,0.033,0.0
1715,NvcMt_L2_EW,NVCMT_EW,0.008,0.008
1720,304Nvl_L1_EW,304NVL_EW,0.025,0.025
1720,304Nvl_L2_EW,304NVL_EW,0.022,0.022
1720,32Nvl_L1_NS,32NVL_NS,0.035,0.035
1720,32Nvl_L3_NS,NONE,0.017,0.0
1720,32Nvl_L2_NS,32NVL_NS,0.016,0.016
1720,NvcNvl_L3_NS,NONE,0.007,0.0
1720,NvcNvl_L2_NS,NONE,0.007,0.0
1720,NvcNvl_L1_EW,NVCNVL_EW,0.007,0.007
1720,32Mt_L1_EW,NONE,0.036,0.0
1720,32Mt_L3_EW,NONE,0.044,0.0
1720,32Mt_L1_EW,32MT_EW,0.014,0.014
1720,NvcMt_L2_NS,NONE,0.032,0.0
1720,32Thn_L1_EW,32THN_EW,0.04,0.04
1720,32Thn_L2_EW,32THN_EW,0.042,0.042
1720,32Thn_L3_EW,NONE,0.041,0.0
1720,304Nvl_L3_EW,NONE,0.019,0.0
1720,32Nvl_L2_NS,32NVL_NS,0.033,0.033
1720,32Nvl_L1_NS,32NVL_NS,0.02,0.02
1720,NvcNvl_L1_NS,NONE,0.009,0.0
1720,32Mt_L2_EW,NONE,0.038,0.0
1720,32Mt_L2_EW,32MT_EW,0.005,0.005
1720,NvcMt_L1_NS,NONE,0.033,0.0
1725,304Nvl_L1_EW,304NVL_EW,0.034,0.034
1725,304Nvl_L2_EW,304NVL_EW,0.022,0.022
1725,32Nvl_L1_NS,32NVL_NS,0.069,0.069
1725,32Nvl_L3_NS,NONE,0.017,0.0
1725,32Nvl_L2_NS,32NVL_NS,0.016,0.016
1725,NvcNvl_L3_NS,NONE,0.007,0.0
1725,NvcNvl_L2_NS,NONE,0.007,0.0
1725,NvcNvl_L1_EW,NVCNVL_EW,0.035,0.035
1725,32Mt_L1_EW,32MT_EW,0.014,0.014
1725,32Thn_L1_EW,NONE,0.049,0.0
1725,32Thn_L1_EW,32THN_EW,0.008,0.008
1725,32Thn_L2_EW,32THN_EW,0.008,0.008
1725,32Thn_L3_EW,NONE,0.008,0.0
1725,304Nvl_L3_EW,NONE,0.019,0.0
1725,32Nvl_L2_NS,32NVL_NS,0.067,0.067
1725,32Nvl_L1_NS,32NVL_NS,0.013,0.013
1725,NvcNvl_L1_NS,NONE,0.009,0.0
1725,32Mt_L2_EW,32MT_EW,0.005,0.005
1725,NvcMt_L1_EW,NVCMT_EW,0.028,0.003
1730,304Nvl_L1_EW,304NVL_EW,0.025,0.025
1730,304Nvl_L2_EW,304NVL_EW,0.015,0.015
1730,32Nvl_L3_NS,NONE,0.034,0.0
1730,32Nvl_L1_NS,32NVL_NS,0.069,0.069
1730,32Nvl_L1_EW,32NVL_EW,0.007,-0.023
1730,32Nvl_L2_EW,32NVL_EW,0.008,-0.017
1730,32Nvl_L3_NS,NONE,0.017,0.0
1730,32Nvl_L2_NS,32NVL_NS,0.016,0.016
1730,NvcNvl_L1_EW,NVCNVL_EW,0.12,0.115
1730,32Mt_L1_EW,NONE,0.007,0.0
1730,32Mt_L1_EW,32MT_EW,0.035,0.03
1730,NvcMt_L1_EW,NVCMT_EW,0.006,-0.083
1730,NvcCmt8_L2_EW,NVCCMT8_EW,0.005,0.005
1730,32Thn_L1_EW,NONE,0.049,0.0
1730,32Thn_L1_EW,32THN_EW,0.008,0.003
1730,32Thn_L2_EW,32THN_EW,0.008,0.003
1730,32Thn_L3_EW,NONE,0.008,0.0
1730,304Nvl_L3_EW,NONE,0.013,0.0
1730,32Nvl_L2_NS,32NVL_NS,0.067,0.067
1730,32Nvl_L3_EW,NONE,0.006,0.0
1730,32Nvl_L1_NS,32NVL_NS,0.094,0.094
1730,32Mt_L2_EW,32MT_EW,0.027,0.022
1730,NvcMt_L2_EW,NVCMT_EW,0.008,0.004
1730,NvcCmt8_L1_EW,NVCCMT8_EW,0.008,0.003
1735,304Nvl_L1_EW,304NVL_EW,0.017,0.017
1735,304Nvl_L2_EW,304NVL_EW,0.015,0.015
1735,32Nvl_L3_NS,NONE,0.034,0.0
1735,32Nvl_L1_NS,32NVL_NS,0.069,0.069
1735,32Nvl_L1_EW,32NVL_EW,0.007,0.001
1735,32Nvl_L2_EW,32NVL_EW,0.008,0.002
1735,32Nvl_L3_NS,NONE,0.017,0.0
1735,32Nvl_L2_NS,32NVL_NS,0.016,0.016
1735,NvcNvl_L1_EW,NONE,0.011,0.0
1735,NvcNvl_L2_EW,NONE,0.008,0.0
1735,NvcNvl_L1_EW,NVCNVL_EW,0.084,0.084
1735,32Mt_L1_NS,32MT_NS,0.006,0.001
1735,32Mt_L1_EW,NONE,0.007,0.0
1735,32Mt_L1_NS,NONE,0.01,0.0
1735,NvcMt_L2_NS,NONE,0.011,0.0
1735,NvcMt_L1_NS,NVCMT_NS,0.007,0.002
1735,NvcCmt8_L2_EW,NVCCMT8_EW,0.005,0.005
1735,32Thn_L1_EW,32THN_EW,0.008,0.003
1735,32Thn_L2_EW,32THN_EW,0.008,0.003
1735,32Thn_L3_EW,NONE,0.008,0.0
1735,304Nvl_L3_EW,NONE,0.013,0.0
1735,32Nvl_L2_NS,32NVL_NS,0.067,0.067
1735,32Nvl_L3_EW,NONE,0.006,0.0
1735,32Nvl_L1_NS,32NVL_NS,0.094,0.094
1735,NvcNvl_L3_EW,NONE,0.006,0.0
1735,32Mt_L2_NS,NONE,0.009,0.0
1735,NvcMt_L1_NS,NONE,0.011,0.0
1735,NvcMt_L2_NS,NVCMT_NS,0.005,0.005
1735,NvcCmt8_L1_EW,NVCCMT8_EW,0.008,0.008
1740,304Nvl_L1_EW,304NVL_EW,0.025,0.025
1740,304Nvl_L2_EW,304NVL_EW,0.015,0.015
1740,32Nvl_L3_NS,NONE,0.034,0.0
1740,32Nvl_L1_NS,32NVL_NS,0.069,0.069
1740,32Nvl_L1_EW,32NVL_EW,0.007,-0.023
1740,32Nvl_L2_EW,32NVL_EW,0.008,-0.017
1740,32Nvl_L3_NS,NONE,0.025,0.0
1740,32Nvl_L2_NS,32NVL_NS,0.024,0.024
1740,NvcNvl_L1_EW,NVCNVL_EW,0.084,0.08
1740,32Mt_L1_NS,32MT_NS,0.006,0.001
1740,32Mt_L1_EW,32MT_EW,0.035,0.03
1740,NvcMt_L2_NS,NONE,0.005,0.0
1740,NvcMt_L1_EW,NVCMT_EW,0.006,-0.058
1740,NvcMt_L1_NS,NVCMT_NS,0.007,0.002
1740,NvcCmt8_L2_EW,NVCCMT8_EW,0.005,0.005
1740,32Thn_L1_EW,32THN_EW,0.008,0.003
1740,32Thn_L2_EW,32THN_EW,0.008,0.003
1740,32Thn_L3_EW,NONE,0.008,0.0
1740,304Nvl_L3_EW,NONE,0.013,0.0
1740,32Nvl_L2_NS,32NVL_NS,0.067,0.067
1740,32Nvl_L3_EW,NONE,0.006,0.0
1740,32Nvl_L1_NS,32NVL_NS,0.101,0.101
1740,32Mt_L2_EW,32MT_EW,0.027,0.022
1740,NvcMt_L1_NS,NONE,0.005,0.0
1740,NvcMt_L2_EW,NVCMT_EW,0.008,0.004
1740,NvcMt_L2_NS,NVCMT_NS,0.005,0.005
1740,NvcCmt8_L1_EW,NVCCMT8_EW,0.008,0.003
1745,304Nvl_L1_EW,304NVL_EW,0.025,0.025
1745,304Nvl_L2_EW,304NVL_EW,0.015,0.015
1745,32Nvl_L3_NS,NONE,0.034,0.0
1745,32Nvl_L1_NS,32NVL_NS,0.069,0.069
1745,32Nvl_L3_NS,NONE,0.025,0.0
1745,32Nvl_L2_NS,32NVL_NS,0.024,0.024
1745,NvcNvl_L3_NS,NONE,0.007,0.0
1745,NvcNvl_L2_NS,NONE,0.007,0.0
1745,NvcNvl_L1_EW,NVCNVL_EW,0.092,0.092
1745,NvcNvl_L2_EW,NVCNVL_EW,0.008,0.008
1745,32Mt_L1_EW,NONE,0.014,0.0
1745,NvcMt_L1_NS,NVCMT_NS,0.007,0.007
1745,32Thn_L1_EW,NONE,0.01,0.0
1745,304Nvl_L3_EW,NONE,0.013,0.0
1745,32Nvl_L2_NS,32NVL_NS,0.067,0.067
1745,32Nvl_L1_NS,32NVL_NS,0.02,0.02
1745,NvcNvl_L1_NS,NONE,0.009,0.0
1745,NvcNvl_L3_EW,NONE,0.009,0.0
1745,32Mt_L2_EW,NONE,0.008,0.0
1745,NvcMt_L2_NS,NVCMT_NS,0.005,0.005
1750,304Nvl_L1_EW,304NVL_EW,0.017,0.017
1750,304Nvl_L2_EW,304NVL_EW,0.015,0.015
1750,32Nvl_L3_NS,NONE,0.034,0.0
1750,32Nvl_L1_NS,32NVL_NS,0.069,0.069
1750,32Nvl_L3_NS,NONE,0.025,0.0
1750,32Nvl_L2_NS,32NVL_NS,0.024,0.024
1750,32Mt_L1_NS,32MT_NS,0.038,0.033
1750,NvcMt_L1_NS,NVCMT_NS,0.007,-0.02
1750,32Thn_L1_EW,NONE,0.01,0.0
1750,304Nvl_L3_EW,NONE,0.013,0.0
1750,32Nvl_L2_NS,32NVL_NS,0.067,0.067
1750,32Nvl_L1_NS,32NVL_NS,0.027,0.027
1750,32Mt_L2_NS,32MT_NS,0.006,0.003
1750,NvcMt_L2_NS,NVCMT_NS,0.005,0.001
1750,NvcCmt8_L1_EW,NONE,0.006,0.0
1755,304Nvl_L1_EW,304NVL_EW,0.017,0.017
1755,304Nvl_L2_EW,304NVL_EW,0.015,0.015
1755,32Nvl_L3_NS,NONE,0.034,0.0
1755,32Nvl_L1_NS,32NVL_NS,0.069,0.065
1755,32Nvl_L3_NS,NONE,0.025,0.0
1755,32Nvl_L2_NS,32NVL_NS,0.024,0.024
1755,NvcNvl_L1_EW,NVCNVL_EW,0.084,0.084
1755,NvcNvl_L2_EW,NVCNVL_EW,0.094,0.094
1755,NvcNvl_L1_NS,NVCNVL_NS,0.007,-0.042
1755,32Mt_L1_NS,32MT_NS,0.038,0.033
1755,32Mt_L1_EW,NONE,0.094,0.0
1755,32Mt_L3_EW,NONE,0.115,0.0
1755,32Mt_L1_EW,32MT_EW,0.007,0.007
1755,32Mt_L1_NS,NONE,0.01,0.0
1755,NvcMt_L2_NS,NONE,0.005,0.0
1755,NvcMt_L1_NS,NVCMT_NS,0.007,-0.02
1755,32Thn_L1_EW,NONE,0.01,0.0
1755,304Nvl_L3_EW,NONE,0.013,0.0
1755,32Nvl_L2_NS,32NVL_NS,0.067,0.067
1755,32Nvl_L1_NS,32NVL_NS,0.027,0.022
1755,32Mt_L2_NS,32MT_NS,0.006,0.003
1755,32Mt_L2_EW,NONE,0.098,0.0
1755,32Mt_L2_NS,NONE,0.009,0.0
1755,NvcMt_L1_NS,NONE,0.005,0.0
1755,NvcMt_L2_NS,NVCMT_NS,0.005,0.001
1755,NvcCmt8_L1_EW,NONE,0.006,0.0
1760,304Nvl_L1_EW,304NVL_EW,0.017,0.017
1760,304Nvl_L2_EW,304NVL_EW,0.015,0.015
1760,32Nvl_L3_NS,NONE,0.034,0.0
1760,32Nvl_L1_NS,32NVL_NS,0.069,0.065
1760,32Nvl_L3_NS,NONE,0.025,0.0
1760,32Nvl_L2_NS,32NVL_NS,0.024,0.024
1760,NvcNvl_L3_NS,NONE,0.007,0.0
1760,NvcNvl_L2_NS,NONE,0.007,0.0
1760,NvcNvl_L1_EW,NVCNVL_EW,0.092,0.092
1760,NvcNvl_L2_EW,NVCNVL_EW,0.102,0.102
1760,NvcNvl_L1_NS,NVCNVL_NS,0.007,-0.042
1760,32Mt_L1_NS,32MT_NS,0.038,0.033
1760,32Mt_L1_EW,NONE,0.022,0.0
1760,32Mt_L3_EW,NONE,0.027,0.0
1760,32Mt_L1_EW,32MT_EW,0.007,0.007
1760,NvcMt_L1_NS,NVCMT_NS,0.007,-0.02
1760,304Nvl_L3_EW,NONE,0.013,0.0
1760,32Nvl_L2_NS,32NVL_NS,0.067,0.067
1760,32Nvl_L1_NS,32NVL_NS,0.027,0.022
1760,NvcNvl_L1_NS,NONE,0.009,0.0
1760,NvcNvl_L3_EW,NONE,0.121,0.0
1760,32Mt_L2_NS,32MT_NS,0.006,0.003
1760,32Mt_L2_EW,NONE,0.023,0.0
1760,32Mt_L2_EW,32MT_EW,0.005,0.005
1760,NvcMt_L2_NS,NVCMT_NS,0.005,0.001
1765,304Nvl_L1_EW,304NVL_EW,0.008,0.008
1765,304Nvl_L2_EW,304NVL_EW,0.007,0.007
1765,32Nvl_L3_NS,NONE,0.034,0.0
1765,32Nvl_L1_NS,32NVL_NS,0.069,0.069
1765,32Nvl_L1_EW,32NVL_EW,0.042,0.032
1765,32Nvl_L2_EW,32NVL_EW,0.046,0.037
1765,32Nvl_L3_NS,NONE,0.025,0.0
1765,32Nvl_L2_NS,32NVL_NS,0.024,0.024
1765,NvcNvl_L3_NS,NONE,0.007,0.0
1765,NvcNvl_L2_NS,NONE,0.007,0.0
1765,32Mt_L1_NS,32MT_NS,0.006,0.001
1765,32Mt_L1_EW,NONE,0.043,0.0
1765,32Mt_L3_EW,NONE,0.053,0.0
1765,32Mt_L1_EW,32MT_EW,0.007,-0.023
1765,NvcMt_L2_EW,NVCMT_EW,0.032,0.032
1765,NvcMt_L1_NS,NVCMT_NS,0.007,0.002
1765,32Thn_L1_EW,32THN_EW,0.008,-0.022
1765,32Thn_L2_EW,32THN_EW,0.008,-0.024
1765,32Thn_L3_EW,NONE,0.008,0.0
1765,32Nvl_L2_NS,32NVL_NS,0.067,0.067
1765,32Nvl_L3_EW,NONE,0.038,0.0
1765,32Nvl_L1_NS,32NVL_NS,0.02,0.02
1765,NvcNvl_L1_NS,NONE,0.009,0.0
1765,32Mt_L2_EW,NONE,0.045,0.0
1765,32Mt_L2_EW,32MT_EW,0.005,-0.027
1765,NvcMt_L1_EW,NVCMT_EW,0.067,0.067
1765,NvcMt_L2_NS,NVCMT_NS,0.005,0.005
1770,304Nvl_L1_EW,304NVL_EW,0.025,0.025
1770,304Nvl_L2_EW,304NVL_EW,0.022,0.022
1770,304Nvl_L1_NS,NONE,0.007,0.0
1770,32Nvl_L3_NS,NONE,0.034,0.0
1770,32Nvl_L1_NS,32NVL_NS,0.069,0.069
1770,32Nvl_L1_EW,32NVL_EW,0.014,-0.054
1770,32Nvl_L2_EW,32NVL_EW,0.015,-0.034
1770,32Nvl_L3_NS,NONE,0.033,0.0
1770,32Nvl_L2_NS,32NVL_NS,0.032,0.032
1770,NvcNvl_L1_EW,NVCNVL_EW,0.007,0.007
1770,32Mt_L1_NS,32MT_NS,0.013,0.008
1770,32Mt_L1_EW,NONE,0.029,0.0
1770,32Mt_L3_EW,NONE,0.027,0.0
1770,32Mt_L1_EW,32MT_EW,0.098,0.088
1770,32Mt_L1_NS,NONE,0.02,0.0
1770,NvcMt_L1_NS,NVCMT_NS,0.007,-0.002
1770,32Thn_L1_EW,NONE,0.01,0.0
1770,304Nvl_L3_EW,NONE,0.019,0.0
1770,32Nvl_L2_NS,32NVL_NS,0.067,0.067
1770,32Nvl_L3_EW,NONE,0.013,0.0
1770,32Nvl_L1_NS,32NVL_NS,0.027,0.027
1770,32Mt_L2_EW,NONE,0.023,0.0
1770,32Mt_L2_EW,32MT_EW,0.071,0.06
1770,32Mt_L2_NS,NONE,0.009,0.0
1770,NvcMt_L2_NS,NVCMT_NS,0.005,0.005
1775,304Nvl_L1_EW,304NVL_EW,0.017,0.017
1775,304Nvl_L2_EW,304NVL_EW,0.007,0.007
1775,32Nvl_L3_NS,NONE,0.034,0.0
1775,32Nvl_L1_NS,32NVL_NS,0.069,0.069
1775,32Nvl_L1_EW,32NVL_EW,0.007,-0.052
1775,32Nvl_L2_EW,32NVL_EW,0.008,-0.038
1775,32Nvl_L3_NS,NONE,0.033,0.0
1775,32Nvl_L2_NS,32NVL_NS,0.032,0.032
1775,NvcNvl_L3_NS,NONE,0.034,0.0
1775,NvcNvl_L2_NS,NONE,0.033,0.0
1775,NvcNvl_L1_EW,NVCNVL_EW,0.007,-0.046
1775,32Mt_L1_NS,32MT_NS,0.031,0.027
1775,32Mt_L1_EW,NONE,0.007,0.0
1775,32Mt_L1_EW,32MT_EW,0.084,0.079
1775,NvcMt_L1_EW,NVCMT_EW,0.076,0.071
1775,NvcMt_L1_NS,NVCMT_NS,0.007,-0.015
1775,32Thn_L1_EW,NONE,0.01,0.0
1775,304Nvl_L3_EW,NONE,0.006,0.0
1775,32Nvl_L2_NS,32NVL_NS,0.067,0.067
1775,32Nvl_L3_EW,NONE,0.006,0.0
1775,32Nvl_L1_NS,32NVL_NS,0.06,0.06
1775,NvcNvl_L1_NS,NONE,0.044,0.0
1775,32Mt_L2_EW,32MT_EW,0.065,0.06
1775,NvcMt_L2_EW,NVCMT_EW,0.095,0.095
1775,NvcMt_L2_NS,NVCMT_NS,0.005,0.005
1780,304Nvl_L1_NS,304NVL_NS,0.009,-0.039
1780,32Nvl_L3_NS,NONE,0.034,0.0
1780,32Nvl_L1_NS,32NVL_NS,0.069,0.063
1780,32Nvl_L3_NS,NONE,0.033,0.0
1780,32Nvl_L2_NS,32NVL_NS,0.032,0.032
1780,32Mt_L1_NS,32MT_NS,0.031,0.027
1780,32Mt_L1_EW,NONE,0.043,0.0
1780,32Mt_L3_EW,NONE,0.053,0.0
1780,32Mt_L1_EW,32MT_EW,0.014,0.014
1780,32Mt_L1_NS,NONE,0.029,0.0
1780,NvcMt_L1_EW,NVCMT_EW,0.076,0.076
1780,NvcMt_L1_NS,NVCMT_NS,0.007,-0.015
1780,32Nvl_L2_NS,32NVL_NS,0.067,0.067
1780,32Nvl_L1_NS,32NVL_NS,0.06,0.054
1780,32Mt_L2_EW,NONE,0.045,0.0
1780,32Mt_L2_EW,32MT_EW,0.005,0.005
1780,32Mt_L2_NS,NONE,0.009,0.0
1780,NvcMt_L2_EW,NVCMT_EW,0.095,0.095
1780,NvcMt_L2_NS,NVCMT_NS,0.005,0.005
1785,304Nvl_L1_NS,304NVL_NS,0.009,-0.039
1785,304Nvl_L1_EW,304NVL_EW,0.017,0.017
1785,32Nvl_L3_NS,NONE,0.034,0.0
1785,32Nvl_L1_NS,32NVL_NS,0.069,0.063
1785,32Nvl_L1_EW,32NVL_EW,0.007,-0.008
1785,32Nvl_L2_EW,32NVL_EW,0.008,-0.006
1785,32Nvl_L1_EW,32NVL_EW,0.034,0.018
1785,32Nvl_L2_EW,32NVL_EW,0.037,0.024
1785,32Nvl_L3_NS,NONE,0.042,0.0
1785,32Nvl_L2_NS,32NVL_NS,0.039,0.039
1785,NvcNvl_L3_NS,NONE,0.034,0.0
1785,NvcNvl_L2_NS,NONE,0.033,0.0
1785,32Mt_L1_NS,32MT_NS,0.031,0.027
1785,32Mt_L1_EW,NONE,0.007,0.0
1785,32Mt_L3_EW,NONE,0.009,0.0
1785,32Mt_L1_EW,32MT_EW,0.014,0.009
1785,NvcMt_L1_NS,NVCMT_NS,0.007,-0.015
1785,32Thn_L1_EW,32THN_EW,0.008,0.003
1785,32Thn_L2_EW,32THN_EW,0.008,0.003
1785,32Thn_L3_EW,NONE,0.008,0.0
1785,32Nvl_L2_NS,32NVL_NS,0.067,0.067
1785,32Nvl_L3_EW,NONE,0.031,0.0
1785,32Nvl_L3_EW,NONE,0.006,0.0
1785,32Nvl_L1_NS,32NVL_NS,0.074,0.067
1785,NvcNvl_L1_NS,NONE,0.044,0.0
1785,32Mt_L2_EW,NONE,0.008,0.0
1785,32Mt_L2_EW,32MT_EW,0.011,0.005
1785,NvcMt_L2_NS,NVCMT_NS,0.005,0.005
1790,304Nvl_L1_NS,304NVL_NS,0.009,-0.039
1790,32Nvl_L3_NS,NONE,0.034,0.0
1790,32Nvl_L1_NS,32NVL_NS,0.069,0.063
1790,32Nvl_L3_NS,NONE,0.083,0.0
1790,32Nvl_L2_NS,32NVL_NS,0.079,0.079
1790,32Mt_L1_NS,32MT_NS,0.013,0.008
1790,32Mt_L1_EW,32MT_EW,0.042,0.042
1790,NvcMt_L1_NS,NVCMT_NS,0.007,-0.002
1790,32Thn_L1_EW,NONE,0.01,0.0
1790,32Nvl_L2_NS,32NVL_NS,0.067,0.067
1790,32Nvl_L1_NS,32NVL_NS,0.074,0.067
1790,32Mt_L2_EW,32MT_EW,0.005,0.005
1790,NvcMt_L2_NS,NVCMT_NS,0.005,0.005
1795,304Nvl_L1_NS,304NVL_NS,0.009,-0.039
1795,304Nvl_L1_EW,304NVL_EW,0.008,0.008
1795,304Nvl_L2_EW,304NVL_EW,0.007,0.007
1795,32Nvl_L3_NS,NONE,0.034,0.0
1795,32Nvl_L1_NS,32NVL_NS,0.069,0.063
1795,32Nvl_L3_NS,NONE,0.083,0.0
1795,32Nvl_L2_NS,32NVL_NS,0.079,0.079
1795,32Mt_L1_NS,32MT_NS,0.013,0.013
1795,32Mt_L1_EW,NONE,0.014,0.0
1795,32Mt_L3_EW,NONE,0.009,0.0
1795,32Mt_L1_EW,32MT_EW,0.042,0.042
1795,304Nvl_L3_EW,NONE,0.006,0.0
1795,32Nvl_L2_NS,32NVL_NS,0.067,0.067
1795,32Nvl_L1_NS,32NVL_NS,0.107,0.101
1795,32Mt_L2_EW,NONE,0.008,0.0
1795,32Mt_L2_EW,32MT_EW,0.033,0.033
1800,304Nvl_L1_EW,304NVL_EW,0.008,0.008
1800,304Nvl_L2_EW,304NVL_EW,0.007,0.007
1800,32Nvl_L3_NS,NONE,0.007,0.0
1800,32Nvl_L1_NS,32NVL_NS,0.007,0.007
1800,32Nvl_L3_NS,NONE,0.15,0.0
1800,32Nvl_L2_NS,32NVL_NS,0.142,0.142
1800,32Mt_L1_NS,32MT_NS,0.006,0.006
1800,304Nvl_L3_EW,NONE,0.006,0.0
1800,32Nvl_L2_NS,32NVL_NS,0.007,0.007
1800,32Nvl_L1_NS,32NVL_NS,0.154,0.154
1805,304Nvl_L1_EW,304NVL_EW,0.008,0.008
1805,304Nvl_L2_EW,304NVL_EW,0.007,0.007
1805,32Nvl_L1_NS,32NVL_NS,0.007,0.007
1805,32Nvl_L3_NS,NONE,0.15,0.0
1805,32Nvl_L2_NS,32NVL_NS,0.142,0.142
1805,32Mt_L1_NS,32MT_NS,0.006,0.006
1805,NvcMt_L1_EW,NVCMT_EW,0.038,0.038
1805,304Nvl_L3_EW,NONE,0.006,0.0
1805,32Nvl_L1_NS,32NVL_NS,0.188,0.188
1805,NvcMt_L2_EW,NVCMT_EW,0.048,0.048
1810,304Nvl_L1_EW,304NVL_EW,0.008,0.008
1810,304Nvl_L2_EW,304NVL_EW,0.007,0.007
1810,32Nvl_L2_NS,32NVL_NS,0.008,0.008
1810,NvcNvl_L1_EW,NVCNVL_EW,0.007,-0.02
1810,NvcNvl_L2_EW,NVCNVL_EW,0.008,0.008
1810,32Mt_L1_EW,NONE,0.007,0.0
1810,32Mt_L3_EW,NONE,0.009,0.0
1810,32Mt_L1_NS,NONE,0.01,0.0
1810,NvcMt_L1_EW,NVCMT_EW,0.038,0.033
1810,304Nvl_L3_EW,NONE,0.006,0.0
1810,32Nvl_L1_NS,32NVL_NS,0.047,0.047
1810,NvcNvl_L3_EW,NONE,0.009,0.0
1810,32Mt_L2_EW,NONE,0.008,0.0
1810,32Mt_L2_NS,NONE,0.009,0.0
1810,NvcMt_L2_EW,NVCMT_EW,0.048,0.042
1815,304Nvl_L1_EW,304NVL_EW,0.008,0.008
1815,304Nvl_L2_EW,304NVL_EW,0.007,0.007
1815,32Nvl_L1_EW,32NVL_EW,0.007,0.007
1815,NvcNvl_L3_NS,NONE,0.007,0.0
1815,NvcNvl_L2_NS,NONE,0.007,0.0
1815,NvcMt_L1_EW,NVCMT_EW,0.032,0.032
1815,304Nvl_L3_EW,NONE,0.006,0.0
1815,32Nvl_L1_NS,32NVL_NS,0.013,0.013
1815,NvcNvl_L1_NS,NONE,0.009,0.0
1815,NvcMt_L2_EW,NVCMT_EW,0.04,0.04
1820,304Nvl_L1_EW,304NVL_EW,0.008,0.008
1820,304Nvl_L2_EW,304NVL_EW,0.007,0.007
1820,32Nvl_L1_EW,32NVL_EW,0.013,-0.001
1820,32Nvl_L2_EW,32NVL_EW,0.007,0.004
1820,32Nvl_L3_NS,NONE,0.008,0.0
1820,32Nvl_L2_NS,32NVL_NS,0.008,0.008
1820,32Mt_L1_EW,32MT_EW,0.021,0.021
1820,NvcMt_L1_EW,NVCMT_EW,0.038,0.038
1820,304Nvl_L3_EW,NONE,0.006,0.0
1820,32Nvl_L3_EW,NONE,0.006,0.0
1820,32Nvl_L1_NS,32NVL_NS,0.013,0.013
1820,32Mt_L2_EW,32MT_EW,0.005,0.005
1820,NvcMt_L2_EW,NVCMT_EW,0.048,0.048
1825,304Nvl_L1_EW,304NVL_EW,0.051,0.051
1825,304Nvl_L2_EW,304NVL_EW,0.036,0.036
1825,32Nvl_L1_EW,32NVL_EW,0.007,-0.014
1825,32Nvl_L2_EW,32NVL_EW,0.007,-0.006
1825,NvcNvl_L1_EW,NVCNVL_EW,0.007,0.007
1825,32Mt_L1_EW,32MT_EW,0.021,0.021
1825,32Thn_L1_EW,32THN_EW,0.008,0.008
1825,32Thn_L2_EW,32THN_EW,0.008,0.008
1825,32Thn_L3_EW,NONE,0.008,0.0
1825,304Nvl_L3_EW,NONE,0.032,0.0
1825,32Nvl_L3_EW,NONE,0.006,0.0
1825,32Mt_L2_EW,32MT_EW,0.011,0.011
1830,304Nvl_L1_NS,304NVL_NS,0.009,0.009
1830,304Nvl_L3_NS,NONE,0.007,0.0
1830,304Nvl_L1_EW,304NVL_EW,0.017,0.017
1830,304Nvl_L2_EW,304NVL_EW,0.007,0.007
1830,304Nvl_L1_NS,NONE,0.007,0.0
1830,304Nvl_L3_NS,NONE,0.008,0.0
1830,32Nvl_L1_EW,32NVL_EW,0.007,-0.008
1830,32Nvl_L2_EW,32NVL_EW,0.007,0.0
1830,32Nvl_L3_NS,NONE,0.008,0.0
1830,32Nvl_L2_NS,32NVL_NS,0.008,0.003
1830,NvcNvl_L3_NS,NONE,0.007,0.0
1830,NvcNvl_L2_NS,NONE,0.007,0.0
1830,NvcNvl_L1_EW,NVCNVL_EW,0.007,0.007
1830,NvcNvl_L2_EW,NVCNVL_EW,0.008,0.008
1830,32Mt_L1_EW,32MT_EW,0.021,0.021
1830,32Thn_L1_EW,NONE,0.01,0.0
1830,304Nvl_L2_NS,304NVL_NS,0.008,0.002
1830,304Nvl_L3_EW,NONE,0.006,0.0
1830,304Nvl_L2_NS,NONE,0.007,0.0
1830,32Nvl_L3_EW,NONE,0.006,0.0
1830,32Nvl_L1_NS,32NVL_NS,0.007,0.0
1830,NvcNvl_L1_NS,NONE,0.009,0.0
1830,NvcNvl_L3_EW,NONE,0.009,0.0
1830,32Mt_L2_EW,32MT_EW,0.011,0.011
1835,304Nvl_L1_NS,304NVL_NS,0.009,0.009
1835,304Nvl_L3_NS,NONE,0.007,0.0
1835,304Nvl_L1_EW,304NVL_EW,0.017,0.017
1835,304Nvl_L1_NS,NONE,0.007,0.0
1835,32Nvl_L1_EW,32NVL_EW,0.013,0.009
1835,32Nvl_L2_EW,32NVL_EW,0.015,0.011
1835,NvcNvl_L3_NS,NONE,0.007,0.0
1835,NvcNvl_L2_NS,NONE,0.007,0.0
1835,32Mt_L1_EW,32MT_EW,0.007,0.007
1835,32Thn_L1_EW,NONE,0.01,0.0
1835,304Nvl_L2_NS,304NVL_NS,0.008,0.008
1835,32Nvl_L3_EW,NONE,0.012,0.0
1835,NvcNvl_L1_NS,NONE,0.009,0.0
1835,32Mt_L2_EW,32MT_EW,0.005,0.005
1840,304Nvl_L1_NS,304NVL_NS,0.009,0.009
1840,304Nvl_L3_NS,NONE,0.007,0.0
1840,304Nvl_L1_EW,304NVL_EW,0.017,0.017
1840,304Nvl_L2_EW,304NVL_EW,0.007,0.007
1840,304Nvl_L1_NS,NONE,0.007,0.0
1840,32Nvl_L1_EW,32NVL_EW,0.013,0.004
1840,32Nvl_L2_EW,32NVL_EW,0.015,0.007
1840,32Nvl_L3_NS,NONE,0.008,0.0
1840,32Nvl_L2_NS,32NVL_NS,0.008,0.003
1840,32Mt_L1_EW,32MT_EW,0.014,0.014
1840,304Nvl_L2_NS,304NVL_NS,0.008,0.002
1840,304Nvl_L3_EW,NONE,0.006,0.0
1840,32Nvl_L3_EW,NONE,0.012,0.0
1840,32Nvl_L1_NS,32NVL_NS,0.007,0.0
1840,32Mt_L2_EW,32MT_EW,0.011,0.011
1845,304Nvl_L1_NS,304NVL_NS,0.009,0.009
1845,304Nvl_L3_NS,NONE,0.007,0.0
1845,304Nvl_L1_EW,304NVL_EW,0.11,0.11
1845,304Nvl_L2_EW,304NVL_EW,0.087,0.087
1845,32Nvl_L1_EW,32NVL_EW,0.013,-0.007
1845,32Nvl_L2_EW,32NVL_EW,0.015,-0.002
1845,32Mt_L1_EW,32MT_EW,0.021,0.021
1845,32Thn_L1_EW,32THN_EW,0.008,0.008
1845,32Thn_L2_EW,32THN_EW,0.008,0.008
1845,32Thn_L3_EW,NONE,0.008,0.0
1845,304Nvl_L2_NS,304NVL_NS,0.008,0.008
1845,304Nvl_L3_EW,NONE,0.076,0.0
1845,32Nvl_L3_EW,NONE,0.012,0.0
1845,32Mt_L2_EW,32MT_EW,0.016,0.016
1850,304Nvl_L1_NS,304NVL_NS,0.009,0.009
1850,304Nvl_L3_NS,NONE,0.007,0.0
1850,304Nvl_L1_EW,304NVL_EW,0.059,0.059
1850,304Nvl_L2_EW,304NVL_EW,0.051,0.051
1850,304Nvl_L1_NS,NONE,0.007,0.0
1850,32Nvl_L1_EW,32NVL_EW,0.02,-0.005
1850,32Nvl_L2_EW,32NVL_EW,0.022,0.001
1850,32Nvl_L3_NS,NONE,0.05,0.0
1850,32Nvl_L2_NS,32NVL_NS,0.047,0.042
1850,32Mt_L1_EW,32MT_EW,0.028,0.028
1850,NvcMt_L2_EW,NVCMT_EW,0.003,0.003
1850,32Thn_L1_EW,32THN_EW,0.008,0.008
1850,32Thn_L2_EW,32THN_EW,0.008,0.008
1850,32Thn_L3_EW,NONE,0.008,0.0
1850,304Nvl_L2_NS,304NVL_NS,0.008,-0.026
1850,304Nvl_L3_EW,NONE,0.044,0.0
1850,32Nvl_L3_EW,NONE,0.018,0.0
1850,32Nvl_L1_NS,32NVL_NS,0.04,0.034
1850,32Mt_L2_EW,32MT_EW,0.022,0.022
1850,NvcMt_L1_EW,NVCMT_EW,0.006,0.006
1855,304Nvl_L1_NS,304NVL_NS,0.009,0.009
1855,304Nvl_L3_NS,NONE,0.007,0.0
1855,304Nvl_L1_EW,304NVL_EW,0.059,0.059
1855,304Nvl_L2_EW,304NVL_EW,0.051,0.051
1855,32Nvl_L1_EW,32NVL_EW,0.02,0.0
1855,32Nvl_L2_EW,32NVL_EW,0.022,0.005
1855,32Nvl_L3_NS,NONE,0.017,0.0
1855,32Nvl_L2_NS,32NVL_NS,0.016,0.01
1855,NvcNvl_L1_EW,NONE,0.011,0.0
1855,NvcNvl_L2_EW,NONE,0.008,0.0
1855,32Mt_L1_EW,32MT_EW,0.021,0.021
1855,32Mt_L1_NS,NONE,0.02,0.0
1855,NvcMt_L1_NS,NVCMT_NS,0.007,0.007
1855,32Thn_L1_EW,32THN_EW,0.008,0.008
1855,32Thn_L2_EW,32THN_EW,0.008,0.008
1855,32Thn_L3_EW,NONE,0.008,0.0
1855,304Nvl_L2_NS,304NVL_NS,0.008,-0.003
1855,304Nvl_L3_EW,NONE,0.044,0.0
1855,32Nvl_L3_EW,NONE,0.018,0.0
1855,32Nvl_L1_NS,32NVL_NS,0.013,0.007
1855,NvcNvl_L3_EW,NONE,0.006,0.0
1855,32Mt_L2_EW,32MT_EW,0.016,0.016
1855,32Mt_L2_NS,NONE,0.017,0.0
1855,NvcMt_L2_NS,NVCMT_NS,0.005,0.005
1860,304Nvl_L1_NS,304NVL_NS,0.009,-0.001
1860,304Nvl_L3_NS,NONE,0.007,0.0
1860,304Nvl_L1_EW,304NVL_EW,0.152,0.152
1860,304Nvl_L2_EW,304NVL_EW,0.044,0.044
1860,304Nvl_L1_NS,NONE,0.015,0.0
1860,32Nvl_L3_NS,NONE,0.007,0.0
1860,32Nvl_L1_NS,32NVL_NS,0.014,0.008
1860,32Nvl_L1_EW,32NVL_EW,0.007,0.002
1860,32Nvl_L2_EW,32NVL_EW,0.008,0.004
1860,32Nvl_L1_EW,32NVL_EW,0.02,0.015
1860,32Nvl_L2_EW,32NVL_EW,0.022,0.019
1860,NvcNvl_L1_EW,NVCNVL_EW,0.007,0.007
1860,NvcNvl_L2_EW,NVCNVL_EW,0.008,0.008
1860,32Mt_L1_EW,32MT_EW,0.007,0.002
1860,32Mt_L1_NS,NONE,0.01,0.0
1860,NvcMt_L1_NS,NVCMT_NS,0.007,0.007
1860,32Thn_L1_EW,NONE,0.01,0.0
1860,304Nvl_L2_NS,304NVL_NS,0.008,0.008
1860,304Nvl_L3_EW,NONE,0.038,0.0
1860,32Nvl_L2_NS,32NVL_NS,0.007,0.001
1860,32Nvl_L3_EW,NONE,0.018,0.0
1860,32Nvl_L3_EW,NONE,0.006,0.0
1860,NvcNvl_L3_EW,NONE,0.009,0.0
1860,32Mt_L2_EW,32MT_EW,0.005,0.0
1860,NvcMt_L2_NS,NVCMT_NS,0.005,0.005
1865,304Nvl_L1_NS,304NVL_NS,0.009,-0.001
1865,304Nvl_L3_NS,NONE,0.007,0.0
1865,304Nvl_L1_EW,304NVL_EW,0.042,0.042
1865,304Nvl_L1_NS,NONE,0.015,0.0
1865,32Nvl_L3_NS,NONE,0.007,0.0
1865,32Nvl_L1_NS,32NVL_NS,0.014,0.008
1865,32Nvl_L1_EW,32NVL_EW,0.007,0.002
1865,32Nvl_L2_EW,32NVL_EW,0.008,0.004
1865,32Nvl_L1_EW,32NVL_EW,0.02,0.015
1865,32Nvl_L2_EW,32NVL_EW,0.022,0.019
1865,NvcNvl_L3_NS,NONE,0.007,0.0
1865,NvcNvl_L2_NS,NONE,0.007,0.0
1865,32Mt_L1_NS,32MT_NS,0.006,0.001
1865,32Mt_L1_EW,32MT_EW,0.007,0.002
1865,NvcMt_L1_NS,NVCMT_NS,0.007,0.002
1865,NvcCmt8_L2_NS,NONE,0.011,0.0
1865,32Thn_L1_EW,NONE,0.01,0.0
1865,NvcCmt8_L1_NS,NONE,0.008,0.0
1865,304Nvl_L2_NS,304NVL_NS,0.008,0.008
1865,32Nvl_L2_NS,32NVL_NS,0.013,0.008
1865,32Nvl_L3_EW,NONE,0.018,0.0
1865,32Nvl_L3_EW,NONE,0.006,0.0
1865,32Nvl_L1_NS,32NVL_NS,0.034,0.027
1865,NvcNvl_L1_NS,NONE,0.009,0.0
1865,32Mt_L2_EW,32MT_EW,0.005,0.0
1865,NvcMt_L2_NS,NVCMT_NS,0.005,0.005
1870,304Nvl_L1_NS,304NVL_NS,0.054,0.054
1870,304Nvl_L3_NS,NONE,0.007,0.0
1870,304Nvl_L1_EW,304NVL_EW,0.008,0.008
1870,32Nvl_L1_EW,32NVL_EW,0.014,0.014
1870,32Nvl_L2_EW,32NVL_EW,0.015,0.015
1870,32Nvl_L1_EW,32NVL_EW,0.02,0.02
1870,32Nvl_L2_EW,32NVL_EW,0.022,0.022
1870,NvcNvl_L3_NS,NONE,0.007,0.0
1870,NvcNvl_L2_NS,NONE,0.007,0.0
1870,32Mt_L1_NS,32MT_NS,0.013,0.008
1870,NvcMt_L2_NS,NONE,0.005,0.0
1870,NvcMt_L1_NS,NVCMT_NS,0.007,-0.002
1870,32Thn_L1_EW,NONE,0.01,0.0
1870,304Nvl_L2_NS,304NVL_NS,0.008,0.008
1870,32Nvl_L3_EW,NONE,0.018,0.0
1870,32Nvl_L3_EW,NONE,0.013,0.0
1870,32Nvl_L1_NS,32NVL_NS,0.007,-0.031
1870,NvcNvl_L1_NS,NONE,0.009,0.0
1870,NvcMt_L1_NS,NONE,0.005,0.0
1870,NvcMt_L2_NS,NVCMT_NS,0.005,0.005
1875,304Nvl_L1_NS,304NVL_NS,0.054,0.049
1875,304Nvl_L3_NS,NONE,0.007,0.0
1875,304Nvl_L1_EW,304NVL_EW,0.008,0.008
1875,304Nvl_L2_EW,304NVL_EW,0.007,0.007
1875,32Nvl_L3_NS,NONE,0.007,0.0
1875,32Nvl_L1_NS,32NVL_NS,0.007,-0.031
1875,32Nvl_L1_EW,32NVL_EW,0.014,0.014
1875,32Nvl_L2_EW,32NVL_EW,0.015,0.015
1875,32Nvl_L1_EW,32NVL_EW,0.02,0.02
1875,32Nvl_L2_EW,32NVL_EW,0.022,0.022
1875,32Nvl_L3_NS,NONE,0.017,0.0
1875,32Nvl_L2_NS,32NVL_NS,0.016,0.01
1875,NvcNvl_L2_NS,NONE,0.007,0.0
1875,32Mt_L1_NS,32MT_NS,0.013,0.008
1875,32Mt_L1_EW,NONE,0.094,0.0
1875,32Mt_L3_EW,NONE,0.106,0.0
1875,NvcMt_L1_EW,NVCMT_EW,0.006,0.006
1875,NvcMt_L1_NS,NVCMT_NS,0.007,-0.002
1875,32Thn_L1_EW,NONE,0.01,0.0
1875,32Thn_L2_EW,NONE,0.01,0.0
1875,32Thn_L3_EW,NONE,0.007,0.0
1875,304Nvl_L2_NS,304NVL_NS,0.008,-0.003
1875,304Nvl_L3_EW,NONE,0.006,0.0
1875,32Nvl_L2_NS,32NVL_NS,0.007,0.001
1875,32Nvl_L3_EW,NONE,0.018,0.0
1875,32Nvl_L3_EW,NONE,0.013,0.0
1875,32Nvl_L1_NS,32NVL_NS,0.027,-0.011
1875,NvcNvl_L1_NS,NONE,0.009,0.0
1875,32Mt_L2_EW,NONE,0.09,0.0
1875,NvcMt_L2_EW,NVCMT_EW,0.008,0.008
1875,NvcMt_L2_NS,NVCMT_NS,0.005,0.005
1880,304Nvl_L1_NS,304NVL_NS,0.054,0.054
1880,304Nvl_L3_NS,NONE,0.007,0.0
1880,304Nvl_L1_EW,304NVL_EW,0.025,0.025
1880,304Nvl_L2_EW,304NVL_EW,0.022,0.022
1880,32Nvl_L1_EW,32NVL_EW,0.007,-0.009
1880,32Nvl_L2_EW,32NVL_EW,0.008,-0.002
1880,32Nvl_L1_EW,32NVL_EW,0.027,0.011
1880,32Nvl_L2_EW,32NVL_EW,0.022,0.013
1880,32Nvl_L3_NS,NONE,0.017,0.0
1880,32Nvl_L2_NS,32NVL_NS,0.016,0.01
1880,NvcNvl_L2_NS,NONE,0.007,0.0
1880,NvcNvl_L1_EW,NVCNVL_EW,0.007,0.003
1880,32Mt_L1_NS,32MT_NS,0.013,0.008
1880,32Mt_L1_EW,NONE,0.094,0.0
1880,32Mt_L3_EW,NONE,0.106,0.0
1880,32Mt_L1_EW,32MT_EW,0.007,0.002
1880,32Mt_L1_NS,NONE,0.01,0.0
1880,NvcMt_L1_EW,NVCMT_EW,0.006,0.001
1880,NvcMt_L1_NS,NVCMT_NS,0.007,-0.002
1880,32Thn_L1_EW,32THN_EW,0.016,0.011
1880,32Thn_L2_EW,32THN_EW,0.008,0.003
1880,32Thn_L3_EW,NONE,0.008,0.0
1880,304Nvl_L2_NS,304NVL_NS,0.008,-0.003
1880,304Nvl_L3_EW,NONE,0.019,0.0
1880,32Nvl_L3_EW,NONE,0.018,0.0
1880,32Nvl_L3_EW,NONE,0.006,0.0
1880,32Nvl_L1_NS,32NVL_NS,0.02,-0.018
1880,NvcNvl_L1_NS,NONE,0.009,0.0
1880,32Mt_L2_EW,NONE,0.098,0.0
1880,32Mt_L2_EW,32MT_EW,0.005,0.0
1880,32Mt_L2_NS,NONE,0.009,0.0
1880,NvcMt_L2_EW,NVCMT_EW,0.008,0.008
1880,NvcMt_L2_NS,NVCMT_NS,0.005,0.005
1885,304Nvl_L1_NS,304NVL_NS,0.009,0.004
1885,304Nvl_L3_NS,NONE,0.007,0.0
1885,304Nvl_L1_EW,304NVL_EW,0.025,0.025
1885,304Nvl_L2_EW,304NVL_EW,0.022,0.022
1885,304Nvl_L1_NS,NONE,0.007,0.0
1885,304Nvl_L3_NS,NONE,0.008,0.0
1885,32Nvl_L3_NS,NONE,0.007,0.0
1885,32Nvl_L1_NS,32NVL_NS,0.007,0.001
1885,32Nvl_L1_EW,32NVL_EW,0.007,0.007
1885,32Nvl_L2_EW,32NVL_EW,0.008,0.008
1885,32Nvl_L1_EW,32NVL_EW,0.027,0.027
1885,32Nvl_L2_EW,32NVL_EW,0.022,0.022
1885,NvcNvl_L3_NS,NONE,0.007,0.0
1885,NvcNvl_L2_NS,NONE,0.007,0.0
1885,32Mt_L1_EW,NONE,0.007,0.0
1885,32Mt_L3_EW,NONE,0.009,0.0
1885,NvcMt_L2_NS,NONE,0.005,0.0
1885,NvcMt_L1_NS,NVCMT_NS,0.007,0.007
1885,32Thn_L1_EW,NONE,0.01,0.0
1885,304Nvl_L2_NS,304NVL_NS,0.008,0.008
1885,304Nvl_L3_EW,NONE,0.019,0.0
1885,304Nvl_L2_NS,NONE,0.007,0.0
1885,32Nvl_L2_NS,32NVL_NS,0.007,0.001
1885,32Nvl_L3_EW,NONE,0.018,0.0
1885,32Nvl_L3_EW,NONE,0.006,0.0
1885,32Nvl_L1_NS,32NVL_NS,0.007,0.0
1885,NvcNvl_L1_NS,NONE,0.009,0.0
1885,32Mt_L2_EW,NONE,0.008,0.0
1885,NvcMt_L1_NS,NONE,0.005,0.0
1885,NvcMt_L2_NS,NVCMT_NS,0.005,0.005
1890,304Nvl_L1_NS,304NVL_NS,0.018,-0.001
1890,304Nvl_L3_NS,NONE,0.007,0.0
1890,304Nvl_L1_EW,304NVL_EW,0.051,0.051
1890,304Nvl_L2_EW,304NVL_EW,0.044,0.044
1890,304Nvl_L1_NS,NONE,0.015,0.0
1890,32Nvl_L3_NS,NONE,0.014,0.0
1890,32Nvl_L1_NS,32NVL_NS,0.028,0.015
1890,32Nvl_L1_EW,32NVL_EW,0.021,0.016
1890,32Nvl_L2_EW,32NVL_EW,0.023,0.019
1890,32Nvl_L1_EW,32NVL_EW,0.027,0.022
1890,32Nvl_L2_EW,32NVL_EW,0.022,0.019
1890,32Mt_L1_NS,32MT_NS,0.075,0.07
1890,32Mt_L1_EW,NONE,0.007,0.0
1890,32Mt_L1_EW,32MT_EW,0.007,-0.008
1890,NvcMt_L1_EW,NVCMT_EW,0.006,0.006
1890,NvcMt_L1_NS,NVCMT_NS,0.007,-0.046
1890,304Nvl_L2_NS,304NVL_NS,0.008,0.008
1890,304Nvl_L3_EW,NONE,0.038,0.0
1890,32Nvl_L2_NS,32NVL_NS,0.02,0.015
1890,32Nvl_L3_EW,NONE,0.018,0.0
1890,32Nvl_L3_EW,NONE,0.019,0.0
1890,32Mt_L2_EW,32MT_EW,0.005,-0.011
1890,NvcMt_L2_EW,NVCMT_EW,0.008,0.008
1890,NvcMt_L2_NS,NVCMT_NS,0.005,0.005
1895,304Nvl_L1_NS,304NVL_NS,0.018,0.013
1895,304Nvl_L3_NS,NONE,0.007,0.0
1895,304Nvl_L1_EW,304NVL_EW,0.017,0.017
1895,304Nvl_L2_EW,304NVL_EW,0.007,0.007
1895,304Nvl_L1_NS,NONE,0.015,0.0
1895,32Nvl_L1_NS,32NVL_NS,0.007,-0.006
1895,32Nvl_L1_EW,32NVL_EW,0.014,0.014
1895,32Nvl_L2_EW,32NVL_EW,0.015,0.015
1895,32Nvl_L1_EW,32NVL_EW,0.027,0.027
1895,32Nvl_L2_EW,32NVL_EW,0.03,0.03
1895,32Nvl_L3_NS,NONE,0.008,0.0
1895,32Nvl_L2_NS,32NVL_NS,0.008,0.003
1895,32Mt_L1_NS,32MT_NS,0.075,0.07
1895,32Mt_L1_NS,NONE,0.02,0.0
1895,NvcMt_L1_NS,NVCMT_NS,0.007,-0.046
1895,304Nvl_L2_NS,304NVL_NS,0.008,0.002
1895,304Nvl_L3_EW,NONE,0.006,0.0
1895,32Nvl_L2_NS,32NVL_NS,0.007,0.001
1895,32Nvl_L3_EW,NONE,0.025,0.0
1895,32Nvl_L3_EW,NONE,0.013,0.0
1895,32Nvl_L1_NS,32NVL_NS,0.013,0.001
1895,NvcMt_L2_NS,NVCMT_NS,0.005,0.005
1900,304Nvl_L1_NS,304NVL_NS,0.027,0.027
1900,304Nvl_L3_NS,NONE,0.015,0.0
1900,304Nvl_L1_NS,NONE,0.044,0.0
1900,32Nvl_L1_EW,32NVL_EW,0.007,0.001
1900,32Nvl_L2_EW,32NVL_EW,0.007,0.002
1900,32Nvl_L3_NS,NONE,0.008,0.0
1900,32Nvl_L2_NS,32NVL_NS,0.008,-0.003
1900,NvcNvl_L1_EW,NONE,0.011,0.0
1900,NvcNvl_L2_EW,NONE,0.008,0.0
1900,32Mt_L1_NS,32MT_NS,0.075,0.07
1900,NvcMt_L2_NS,NONE,0.005,0.0
1900,NvcMt_L1_NS,NVCMT_NS,0.007,-0.046
1900,32Thn_L1_EW,32THN_EW,0.008,0.008
1900,32Thn_L2_EW,32THN_EW,0.008,0.008
1900,32Thn_L3_EW,NONE,0.008,0.0
1900,304Nvl_L2_NS,304NVL_NS,0.015,0.01
1900,32Nvl_L3_EW,NONE,0.006,0.0
1900,32Nvl_L1_NS,32NVL_NS,0.013,-0.006
1900,NvcNvl_L3_EW,NONE,0.006,0.0
1900,NvcMt_L1_NS,NONE,0.005,0.0
1900,NvcMt_L2_NS,NVCMT_NS,0.005,0.005
1905,304Nvl_L1_NS,304NVL_NS,0.018,0.018
1905,304Nvl_L3_NS,NONE,0.015,0.0
1905,304Nvl_L1_EW,304NVL_EW,0.025,0.025
1905,304Nvl_L2_EW,304NVL_EW,0.015,0.015
1905,32Nvl_L3_NS,NONE,0.008,0.0
1905,32Nvl_L2_NS,32NVL_NS,0.008,-0.003
1905,NvcMt_L1_NS,NVCMT_NS,0.007,0.007
1905,32Thn_L1_EW,NONE,0.01,0.0
1905,32Thn_L1_EW,32THN_EW,0.008,0.008
1905,32Thn_L2_EW,32THN_EW,0.008,0.008
1905,32Thn_L3_EW,NONE,0.008,0.0
1905,304Nvl_L2_NS,304NVL_NS,0.015,0.01
1905,304Nvl_L3_EW,NONE,0.013,0.0
1905,32Nvl_L1_NS,32NVL_NS,0.02,0.007
1905,NvcMt_L2_NS,NVCMT_NS,0.005,0.005
1910,304Thn_L1_EW,304THN_EW,0.008,-0.015
1910,304Thn_L3_EW,NONE,0.008,0.0
1910,304Nvl_L1_NS,304NVL_NS,0.009,0.009
1910,304Nvl_L3_NS,NONE,0.007,0.0
1910,304Nvl_L1_EW,304NVL_EW,0.034,0.028
1910,304Nvl_L2_EW,304NVL_EW,0.029,0.024
1910,32Nvl_L1_EW,32NVL_EW,0.007,0.001
1910,32Nvl_L2_EW,32NVL_EW,0.008,0.002
1910,NvcNvl_L1_NS,NVCNVL_NS,0.007,0.007
1910,32Thn_L1_EW,32THN_EW,0.008,0.003
1910,32Thn_L2_EW,32THN_EW,0.008,0.003
1910,32Thn_L3_EW,NONE,0.008,0.0
1910,304Nvl_L2_NS,304NVL_NS,0.008,0.008
1910,304Nvl_L3_EW,NONE,0.025,0.0
1910,32Nvl_L3_EW,NONE,0.006,0.0
1910,32Nvl_L1_NS,32NVL_NS,0.013,0.002
1910,304Thn_L2_EW,304THN_EW,0.007,-0.013
1915,304Thn_L1_EW,304THN_EW,0.008,-0.021
1915,304Thn_L3_EW,NONE,0.008,0.0
1915,304Nvl_L1_EW,304NVL_EW,0.042,0.037
1915,304Nvl_L2_EW,304NVL_EW,0.036,0.031
1915,304Nvl_L1_NS,NONE,0.007,0.0
1915,304Nvl_L3_NS,NONE,0.008,0.0
1915,32Nvl_L3_NS,NONE,0.007,0.0
1915,32Nvl_L1_NS,32NVL_NS,0.014,0.014
1915,32Nvl_L1_EW,32NVL_EW,0.007,0.007
1915,32Nvl_L2_EW,32NVL_EW,0.008,0.008
1915,NvcNvl_L3_NS,NONE,0.034,0.0
1915,NvcNvl_L2_NS,NONE,0.033,0.0
1915,32Mt_L1_NS,NONE,0.01,0.0
1915,32Thn_L1_EW,NONE,0.01,0.0
1915,304Nvl_L3_EW,NONE,0.032,0.0
1915,304Nvl_L2_NS,NONE,0.007,0.0
1915,32Nvl_L2_NS,32NVL_NS,0.013,0.013
1915,32Nvl_L3_EW,NONE,0.006,0.0
1915,32Nvl_L1_NS,32NVL_NS,0.013,0.013
1915,NvcNvl_L1_NS,NONE,0.044,0.0
1915,32Mt_L2_NS,NONE,0.009,0.0
1915,304Thn_L2_EW,304THN_EW,0.007,-0.018
1920,304Thn_L1_EW,304THN_EW,0.008,-0.01
1920,304Nvl_L1_EW,304NVL_EW,0.025,0.02
1920,304Nvl_L2_EW,304NVL_EW,0.022,0.017
1920,304Nvl_L1_NS,NONE,0.007,0.0
1920,32Nvl_L3_NS,NONE,0.007,0.0
1920,32Nvl_L1_NS,32NVL_NS,0.007,0.007
1920,32Nvl_L1_EW,32NVL_EW,0.007,0.007
1920,32Nvl_L2_EW,32NVL_EW,0.008,0.008
1920,NvcNvl_L3_NS,NONE,0.041,0.0
1920,NvcNvl_L2_NS,NONE,0.04,0.0
1920,32Mt_L1_NS,32MT_NS,0.006,0.006
1920,32Mt_L1_EW,NONE,0.007,0.0
1920,32Mt_L3_EW,NONE,0.009,0.0
1920,32Thn_L1_EW,NONE,0.01,0.0
1920,304Nvl_L3_EW,NONE,0.019,0.0
1920,32Nvl_L2_NS,32NVL_NS,0.007,0.007
1920,32Nvl_L3_EW,NONE,0.006,0.0
1920,32Nvl_L1_NS,32NVL_NS,0.007,0.007
1920,NvcNvl_L1_NS,NONE,0.052,0.0
1920,32Mt_L2_EW,NONE,0.008,0.0
1920,304Thn_L2_EW,304THN_EW,0.007,-0.008
1925,304Nvl_L1_EW,304NVL_EW,0.025,0.025
1925,304Nvl_L2_EW,304NVL_EW,0.015,0.015
1925,32Nvl_L1_NS,32NVL_NS,0.007,0.007
1925,32Nvl_L1_EW,32NVL_EW,0.007,0.007
1925,32Nvl_L2_EW,32NVL_EW,0.008,0.008
1925,32Nvl_L1_EW,32NVL_EW,0.007,0.007
1925,32Nvl_L2_EW,32NVL_EW,0.007,0.007
1925,NvcNvl_L1_EW,NVCNVL_EW,0.007,0.007
1925,NvcNvl_L2_EW,NVCNVL_EW,0.008,0.008
1925,304Nvl_L3_EW,NONE,0.013,0.0
1925,32Nvl_L2_NS,32NVL_NS,0.007,0.007
1925,32Nvl_L3_EW,NONE,0.006,0.0
1925,32Nvl_L3_EW,NONE,0.006,0.0
1925,32Nvl_L1_NS,32NVL_NS,0.007,0.007
1925,NvcNvl_L3_EW,NONE,0.009,0.0
1930,304Thn_L1_EW,NONE,0.007,0.0
1930,304Nvl_L1_NS,NONE,0.015,0.0
1930,32Nvl_L1_NS,32NVL_NS,0.035,0.035
1930,32Nvl_L1_EW,32NVL_EW,0.007,0.002
1930,32Nvl_L2_EW,32NVL_EW,0.008,0.008
1930,32Nvl_L1_EW,32NVL_EW,0.007,0.002
1930,32Nvl_L2_EW,32NVL_EW,0.007,0.007
1930,NvcNvl_L3_NS,NONE,0.007,0.0
1930,NvcNvl_L2_NS,NONE,0.007,0.0
1930,NvcNvl_L1_EW,NVCNVL_EW,0.007,0.007
1930,NvcNvl_L2_EW,NVCNVL_EW,0.008,0.008
1930,32Mt_L1_EW,32MT_EW,0.007,0.002
1930,32Mt_L1_NS,NONE,0.049,0.0
1930,NvcMt_L2_NS,NONE,0.005,0.0
1930,32Nvl_L2_NS,32NVL_NS,0.033,0.033
1930,32Nvl_L3_EW,NONE,0.006,0.0
1930,32Nvl_L3_EW,NONE,0.006,0.0
1930,32Nvl_L1_NS,32NVL_NS,0.007,0.007
1930,NvcNvl_L1_NS,NONE,0.009,0.0
1930,NvcNvl_L3_EW,NONE,0.009,0.0
1930,32Mt_L2_NS,NONE,0.043,0.0
1930,NvcMt_L1_NS,NONE,0.005,0.0
1935,304Nvl_L1_EW,304NVL_EW,0.051,0.051
1935,304Nvl_L2_EW,304NVL_EW,0.036,0.036
1935,304Nvl_L1_NS,NONE,0.007,0.0
1935,32Nvl_L1_EW,32NVL_EW,0.007,0.002
1935,32Nvl_L2_EW,32NVL_EW,0.008,0.004
1935,32Nvl_L1_EW,32NVL_EW,0.007,0.002
1935,32Nvl_L2_EW,32NVL_EW,0.007,0.004
1935,32Nvl_L3_NS,NONE,0.1,0.0
1935,32Nvl_L2_NS,32NVL_NS,0.095,0.095
1935,NvcNvl_L1_EW,NVCNVL_EW,0.007,0.007
1935,NvcNvl_L2_EW,NVCNVL_EW,0.008,0.008
1935,32Mt_L1_EW,32MT_EW,0.007,0.002
1935,32Mt_L1_NS,NONE,0.049,0.0
1935,304Nvl_L3_EW,NONE,0.032,0.0
1935,32Nvl_L3_EW,NONE,0.006,0.0
1935,32Nvl_L3_EW,NONE,0.006,0.0
1935,32Nvl_L1_NS,32NVL_NS,0.087,0.087
1935,NvcNvl_L3_EW,NONE,0.009,0.0
1935,32Mt_L2_EW,32MT_EW,0.005,0.0
1940,304Nvl_L1_EW,304NVL_EW,0.051,0.051
1940,304Nvl_L2_EW,304NVL_EW,0.044,0.044
1940,32Nvl_L1_EW,32NVL_EW,0.007,0.007
1940,32Nvl_L2_EW,32NVL_EW,0.008,0.008
1940,32Nvl_L1_EW,32NVL_EW,0.013,0.013
1940,32Nvl_L2_EW,32NVL_EW,0.015,0.015
1940,32Nvl_L3_NS,NONE,0.008,0.0
1940,32Nvl_L2_NS,32NVL_NS,0.008,0.008
1940,NvcNvl_L1_EW,NVCNVL_EW,0.007,0.007
1940,NvcNvl_L2_EW,NVCNVL_EW,0.008,0.008
1940,304Nvl_L3_EW,NONE,0.038,0.0
1940,32Nvl_L3_EW,NONE,0.012,0.0
1940,32Nvl_L3_EW,NONE,0.006,0.0
1940,32Nvl_L1_NS,32NVL_NS,0.04,0.04
1940,NvcNvl_L3_EW,NONE,0.009,0.0
1945,304Nvl_L1_NS,304NVL_NS,0.009,-0.049
1945,32Nvl_L1_NS,32NVL_NS,0.083,0.077
1945,32Nvl_L1_EW,32NVL_EW,0.007,0.007
1945,32Nvl_L2_EW,32NVL_EW,0.008,0.008
1945,32Nvl_L1_EW,32NVL_EW,0.013,0.013
1945,32Nvl_L2_EW,32NVL_EW,0.015,0.015
1945,32Nvl_L2_NS,32NVL_NS,0.008,0.008
1945,NvcNvl_L3_NS,NONE,0.041,0.0
1945,NvcNvl_L2_NS,NONE,0.04,0.0
1945,NvcNvl_L1_EW,NVCNVL_EW,0.007,0.007
1945,NvcNvl_L2_EW,NVCNVL_EW,0.008,0.008
1945,32Mt_L1_EW,NONE,0.043,0.0
1945,32Mt_L3_EW,NONE,0.053,0.0
1945,32Nvl_L3_EW,NONE,0.012,0.0
1945,32Nvl_L3_EW,NONE,0.006,0.0
1945,32Nvl_L1_NS,32NVL_NS,0.007,0.0
1945,NvcNvl_L1_NS,NONE,0.052,0.0
1945,NvcNvl_L3_EW,NONE,0.009,0.0
1945,32Mt_L2_EW,NONE,0.045,0.0
1950,304Nvl_L1_NS,304NVL_NS,0.018,-0.045
1950,304Nvl_L1_EW,304NVL_EW,0.102,0.102
1950,304Nvl_L2_EW,304NVL_EW,0.051,0.051
1950,32Nvl_L1_NS,32NVL_NS,0.09,0.077
1950,32Nvl_L1_EW,32NVL_EW,0.007,0.007
1950,32Nvl_L2_EW,32NVL_EW,0.008,0.008
1950,32Nvl_L1_EW,32NVL_EW,0.013,0.013
1950,32Nvl_L2_EW,32NVL_EW,0.015,0.015
1950,NvcNvl_L1_EW,NVCNVL_EW,0.007,0.007
1950,NvcNvl_L2_EW,NVCNVL_EW,0.008,0.008
1950,32Mt_L1_EW,NONE,0.036,0.0
1950,32Mt_L3_EW,NONE,0.044,0.0
1950,32Mt_L1_NS,NONE,0.01,0.0
1950,32Thn_L1_EW,NONE,0.01,0.0
1950,32Thn_L2_EW,NONE,0.01,0.0
1950,32Thn_L3_EW,NONE,0.007,0.0
1950,304Nvl_L3_EW,NONE,0.044,0.0
1950,32Nvl_L2_NS,32NVL_NS,0.007,0.007
1950,32Nvl_L3_EW,NONE,0.012,0.0
1950,32Nvl_L3_EW,NONE,0.006,0.0
1950,NvcNvl_L3_EW,NONE,0.009,0.0
1950,32Mt_L2_EW,NONE,0.038,0.0
1950,32Mt_L2_NS,NONE,0.009,0.0
1955,304Nvl_L1_NS,304NVL_NS,0.018,0.013
1955,304Nvl_L1_EW,304NVL_EW,0.034,0.034
1955,304Nvl_L2_EW,304NVL_EW,0.022,0.022
1955,32Nvl_L3_NS,NONE,0.007,0.0
1955,32Nvl_L1_NS,32NVL_NS,0.007,-0.029
1955,32Nvl_L1_EW,32NVL_EW,0.007,-0.023
1955,32Nvl_L2_EW,32NVL_EW,0.008,0.008
1955,32Nvl_L1_EW,32NVL_EW,0.013,-0.017
1955,32Nvl_L2_EW,32NVL_EW,0.015,0.015
1955,32Nvl_L3_NS,NONE,0.042,0.0
1955,32Nvl_L2_NS,32NVL_NS,0.039,0.039
1955,NvcNvl_L1_EW,NVCNVL_EW,0.007,0.007
1955,NvcNvl_L2_EW,NVCNVL_EW,0.008,0.008
1955,NvcNvl_L1_NS,NVCNVL_NS,0.033,0.028
1955,32Mt_L1_NS,32MT_NS,0.031,0.031
1955,32Mt_L1_EW,32MT_EW,0.035,0.03
1955,32Mt_L1_NS,NONE,0.068,0.0
1955,32Thn_L1_EW,32THN_EW,0.008,0.003
1955,304Nvl_L3_EW,NONE,0.013,0.0
1955,32Nvl_L2_NS,32NVL_NS,0.007,0.007
1955,32Nvl_L3_EW,NONE,0.012,0.0
1955,32Nvl_L3_EW,NONE,0.006,0.0
1955,32Nvl_L1_NS,32NVL_NS,0.034,-0.002
1955,NvcNvl_L3_EW,NONE,0.009,0.0
1955,32Mt_L2_NS,NONE,0.061,0.0
1960,304Thn_L1_EW,304THN_EW,0.008,-0.01
1960,304Thn_L3_EW,NONE,0.008,0.0
1960,304Nvl_L1_NS,304NVL_NS,0.009,-0.001
1960,304Nvl_L1_EW,304NVL_EW,0.025,0.02
1960,304Nvl_L2_EW,304NVL_EW,0.022,0.017
1960,304Nvl_L1_NS,NONE,0.044,0.0
1960,32Nvl_L3_NS,NONE,0.014,0.0
1960,32Nvl_L1_NS,32NVL_NS,0.014,0.008
1960,32Nvl_L1_EW,32NVL_EW,0.007,-0.022
1960,32Nvl_L2_EW,32NVL_EW,0.008,0.008
1960,32Nvl_L1_EW,32NVL_EW,0.02,-0.009
1960,32Nvl_L2_EW,32NVL_EW,0.022,0.022
1960,32Nvl_L3_NS,NONE,0.058,0.0
1960,32Nvl_L2_NS,32NVL_NS,0.055,0.05
1960,NvcNvl_L1_EW,NVCNVL_EW,0.007,0.007
1960,NvcNvl_L2_EW,NVCNVL_EW,0.008,0.008
1960,32Mt_L1_NS,32MT_NS,0.031,0.031
1960,32Mt_L1_EW,32MT_EW,0.042,0.037
1960,304Nvl_L2_NS,304NVL_NS,0.008,-0.031
1960,304Nvl_L3_EW,NONE,0.019,0.0
1960,32Nvl_L2_NS,32NVL_NS,0.013,0.008
1960,32Nvl_L3_EW,NONE,0.018,0.0
1960,32Nvl_L3_EW,NONE,0.006,0.0
1960,32Nvl_L1_NS,32NVL_NS,0.047,0.041
1960,NvcNvl_L3_EW,NONE,0.009,0.0
1960,304Thn_L2_EW,304THN_EW,0.007,-0.008
1965,304Nvl_L1_EW,304NVL_EW,0.017,0.017
1965,304Nvl_L2_EW,304NVL_EW,0.015,0.015
1965,304Nvl_L1_NS,NONE,0.015,0.0
1965,32Nvl_L1_EW,32NVL_EW,0.092,0.058
1965,32Nvl_L2_EW,32NVL_EW,0.1,0.081
1965,32Nvl_L1_EW,32NVL_EW,0.02,-0.014
1965,32Nvl_L2_EW,32NVL_EW,0.022,0.003
1965,32Nvl_L3_NS,NONE,0.008,0.0
1965,32Nvl_L2_NS,32NVL_NS,0.008,0.008
1965,32Mt_L1_EW,NONE,0.036,0.0
1965,32Mt_L1_EW,32MT_EW,0.049,-0.016
1965,304Nvl_L3_EW,NONE,0.013,0.0
1965,32Nvl_L3_EW,NONE,0.018,0.0
1965,32Nvl_L3_EW,NONE,0.081,0.0
1965,32Nvl_L1_NS,32NVL_NS,0.013,0.013
1965,32Mt_L2_EW,32MT_EW,0.027,-0.043
1970,304Nvl_L1_NS,NONE,0.015,0.0
1970,32Nvl_L1_EW,32NVL_EW,0.092,0.058
1970,32Nvl_L2_EW,32NVL_EW,0.1,0.078
1970,32Nvl_L1_EW,32NVL_EW,0.02,-0.014
1970,32Nvl_L2_EW,32NVL_EW,0.022,0.0
1970,32Nvl_L3_NS,NONE,0.017,0.0
1970,32Nvl_L2_NS,32NVL_NS,0.016,0.016
1970,NvcNvl_L1_EW,NVCNVL_EW,0.007,0.007
1970,NvcNvl_L2_EW,NVCNVL_EW,0.008,0.008
1970,32Mt_L1_EW,32MT_EW,0.049,-0.016
1970,32Nvl_L3_EW,NONE,0.018,0.0
1970,32Nvl_L3_EW,NONE,0.081,0.0
1970,32Nvl_L1_NS,32NVL_NS,0.02,0.02
1970,NvcNvl_L3_EW,NONE,0.009,0.0
1970,32Mt_L2_EW,32MT_EW,0.033,-0.038
1975,304Nvl_L1_NS,NONE,0.015,0.0
1975,32Nvl_L1_NS,32NVL_NS,0.007,0.007
1975,32Nvl_L1_EW,32NVL_EW,0.092,0.087
1975,32Nvl_L2_EW,32NVL_EW,0.1,0.097
1975,32Nvl_L1_EW,32NVL_EW,0.02,0.015
1975,32Nvl_L2_EW,32NVL_EW,0.022,0.019
1975,NvcNvl_L1_EW,NVCNVL_EW,0.007,0.007
1975,NvcNvl_L2_EW,NVCNVL_EW,0.008,0.008
1975,32Mt_L1_EW,32MT_EW,0.007,-0.057
1975,NvcMt_L2_NS,NONE,0.005,0.0
1975,32Nvl_L3_EW,NONE,0.018,0.0
1975,32Nvl_L3_EW,NONE,0.081,0.0
1975,NvcNvl_L3_EW,NONE,0.009,0.0
1975,32Mt_L2_EW,32MT_EW,0.005,-0.065
1975,NvcMt_L1_NS,NONE,0.005,0.0
1980,304Nvl_L1_EW,304NVL_EW,0.008,0.008
1980,304Nvl_L2_EW,304NVL_EW,0.007,0.007
1980,304Nvl_L1_NS,NONE,0.088,0.0
1980,304Nvl_L3_NS,NONE,0.096,0.0
1980,32Nvl_L1_EW,32NVL_EW,0.014,-0.015
1980,32Nvl_L2_EW,32NVL_EW,0.015,-0.007
1980,32Nvl_L1_EW,32NVL_EW,0.027,-0.002
1980,32Nvl_L2_EW,32NVL_EW,0.03,0.007
1980,NvcNvl_L1_EW,NONE,0.139,0.0
1980,NvcNvl_L2_EW,NONE,0.099,0.0
1980,NvcNvl_L1_EW,NVCNVL_EW,0.007,0.007
1980,NvcNvl_L2_EW,NVCNVL_EW,0.008,0.008
1980,32Mt_L1_EW,32MT_EW,0.042,0.032
1980,304Nvl_L3_EW,NONE,0.006,0.0
1980,304Nvl_L2_NS,NONE,0.089,0.0
1980,32Nvl_L3_EW,NONE,0.025,0.0
1980,32Nvl_L3_EW,NONE,0.013,0.0
1980,NvcNvl_L3_EW,NONE,0.082,0.0
1980,32Mt_L2_EW,32MT_EW,0.033,0.022
1985,304Nvl_L1_NS,NONE,0.088,0.0
1985,304Nvl_L3_NS,NONE,0.096,0.0
1985,32Nvl_L3_NS,NONE,0.007,0.0
1985,32Nvl_L1_NS,32NVL_NS,0.007,0.007
1985,32Nvl_L1_EW,32NVL_EW,0.007,0.007
1985,32Nvl_L2_EW,32NVL_EW,0.008,0.008
1985,32Nvl_L1_EW,32NVL_EW,0.107,0.107
1985,32Nvl_L2_EW,32NVL_EW,0.03,0.03
1985,32Nvl_L3_NS,NONE,0.008,0.0
1985,32Nvl_L2_NS,32NVL_NS,0.008,0.008
1985,NvcNvl_L3_NS,NONE,0.007,0.0
1985,NvcNvl_L2_NS,NONE,0.007,0.0
1985,NvcNvl_L1_EW,NONE,0.032,0.0
1985,NvcNvl_L2_EW,NONE,0.023,0.0
1985,304Nvl_L2_NS,NONE,0.089,0.0
1985,32Nvl_L2_NS,32NVL_NS,0.007,0.007
1985,32Nvl_L3_EW,NONE,0.025,0.0
1985,32Nvl_L3_EW,NONE,0.006,0.0
1985,32Nvl_L1_NS,32NVL_NS,0.013,0.013
1985,NvcNvl_L1_NS,NONE,0.009,0.0
1985,NvcNvl_L3_EW,NONE,0.013,0.0
1990,304Nvl_L1_EW,304NVL_EW,0.008,0.008
1990,32Nvl_L3_NS,NONE,0.007,0.0
1990,32Nvl_L1_NS,32NVL_NS,0.042,0.042
1990,32Nvl_L1_EW,32NVL_EW,0.007,0.007
1990,32Nvl_L2_EW,32NVL_EW,0.008,0.008
1990,32Nvl_L1_EW,32NVL_EW,0.107,0.107
1990,32Nvl_L2_EW,32NVL_EW,0.03,0.03
1990,32Nvl_L3_NS,NONE,0.008,0.0
1990,32Nvl_L2_NS,32NVL_NS,0.008,0.008
1990,NvcNvl_L1_EW,NVCNVL_EW,0.084,0.084
1990,32Mt_L1_NS,32MT_NS,0.038,0.038
1990,32Mt_L1_NS,NONE,0.068,0.0
1990,32Nvl_L2_NS,32NVL_NS,0.04,0.04
1990,32Nvl_L3_EW,NONE,0.025,0.0
1990,32Nvl_L3_EW,NONE,0.006,0.0
1990,32Nvl_L1_NS,32NVL_NS,0.013,0.013
1990,32Mt_L2_NS,NONE,0.061,0.0
1995,304Nvl_L1_EW,304NVL_EW,0.102,0.102
1995,304Nvl_L1_EW,NONE,0.008,0.0
1995,304Nvl_L2_EW,NONE,0.009,0.0
1995,32Nvl_L3_NS,NONE,0.027,0.0
1995,32Nvl_L1_NS,32NVL_NS,0.062,0.062
1995,32Nvl_L3_NS,NONE,0.008,0.0
1995,32Nvl_L2_NS,32NVL_NS,0.008,0.008
1995,NvcNvl_L1_EW,NONE,0.011,0.0
1995,NvcNvl_L2_EW,NONE,0.008,0.0
1995,NvcNvl_L1_EW,NVCNVL_EW,0.099,0.099
1995,NvcNvl_L2_EW,NVCNVL_EW,0.008,0.008
1995,32Mt_L1_NS,32MT_NS,0.006,0.006
1995,32Mt_L1_EW,NONE,0.094,0.0
1995,32Mt_L3_EW,NONE,0.115,0.0
1995,32Mt_L1_NS,NONE,0.01,0.0
1995,32Thn_L1_EW,32THN_EW,0.008,0.008
1995,32Thn_L2_EW,32THN_EW,0.008,0.008
1995,32Thn_L3_EW,NONE,0.008,0.0
1995,304Nvl_L3_EW,NONE,0.008,0.0
1995,32Nvl_L2_NS,32NVL_NS,0.06,0.06
1995,32Nvl_L1_NS,32NVL_NS,0.013,0.013
1995,NvcNvl_L3_EW,NONE,0.006,0.0
1995,NvcNvl_L3_EW,NONE,0.009,0.0
1995,32Mt_L2_EW,NONE,0.098,0.0
1995,32Mt_L2_NS,NONE,0.009,0.0
2000,304Nvl_L1_EW,304NVL_EW,0.017,0.017
2000,304Nvl_L2_EW,304NVL_EW,0.015,0.015
2000,304Nvl_L1_NS,NONE,0.007,0.0
2000,304Nvl_L3_NS,NONE,0.008,0.0
2000,32Nvl_L3_NS,NONE,0.034,0.0
2000,32Nvl_L1_NS,32NVL_NS,0.076,0.076
2000,32Nvl_L1_EW,32NVL_EW,0.007,0.002
2000,32Nvl_L2_EW,32NVL_EW,0.008,0.008
2000,32Nvl_L3_NS,NONE,0.017,0.0
2000,32Nvl_L2_NS,32NVL_NS,0.016,0.016
2000,NvcNvl_L1_EW,NVCNVL_EW,0.007,0.007
2000,32Mt_L1_NS,32MT_NS,0.013,0.013
2000,32Mt_L1_EW,NONE,0.137,0.0
2000,32Mt_L3_EW,NONE,0.124,0.0
2000,32Mt_L1_EW,32MT_EW,0.007,0.002
2000,32Thn_L1_EW,NONE,0.01,0.0
2000,304Nvl_L3_EW,NONE,0.006,0.0
2000,304Nvl_L2_NS,NONE,0.007,0.0
2000,32Nvl_L2_NS,32NVL_NS,0.073,0.073
2000,32Nvl_L3_EW,NONE,0.006,0.0
2000,32Nvl_L1_NS,32NVL_NS,0.02,0.02
2000,32Mt_L2_EW,NONE,0.106,0.0
2005,304Nvl_L1_EW,304NVL_EW,0.025,0.025
2005,304Nvl_L2_EW,304NVL_EW,0.022,0.022
2005,32Nvl_L3_NS,NONE,0.027,0.0
2005,32Nvl_L1_NS,32NVL_NS,0.076,0.076
2005,32Nvl_L1_EW,32NVL_EW,0.007,-0.003
2005,32Nvl_L2_EW,32NVL_EW,0.008,0.004
2005,32Nvl_L3_NS,NONE,0.017,0.0
2005,32Nvl_L2_NS,32NVL_NS,0.016,0.016
2005,NvcNvl_L2_NS,NONE,0.007,0.0
2005,NvcNvl_L1_EW,NVCNVL_EW,0.007,0.007
2005,32Mt_L1_NS,32MT_NS,0.006,0.006
2005,32Mt_L1_EW,NONE,0.036,0.0
2005,32Mt_L3_EW,NONE,0.044,0.0
2005,32Mt_L1_EW,32MT_EW,0.014,0.009
2005,304Nvl_L3_EW,NONE,0.019,0.0
2005,32Nvl_L2_NS,32NVL_NS,0.073,0.073
2005,32Nvl_L3_EW,NONE,0.006,0.0
2005,32Nvl_L1_NS,32NVL_NS,0.027,0.027
2005,NvcNvl_L1_NS,NONE,0.009,0.0
2005,32Mt_L2_EW,NONE,0.038,0.0
2005,32Mt_L2_EW,32MT_EW,0.005,0.0
2010,304Nvl_L1_EW,304NVL_EW,0.017,0.017
2010,304Nvl_L2_EW,304NVL_EW,0.007,0.007
2010,304Nvl_L1_NS,NONE,0.007,0.0
2010,32Nvl_L3_NS,NONE,0.027,0.0
2010,32Nvl_L1_NS,32NVL_NS,0.069,0.069
2010,32Nvl_L1_EW,32NVL_EW,0.007,-0.052
2010,32Nvl_L2_EW,32NVL_EW,0.015,0.015
2010,32Nvl_L3_NS,NONE,0.017,0.0
2010,32Nvl_L2_NS,32NVL_NS,0.016,0.016
2010,NvcNvl_L2_NS,NONE,0.007,0.0
2010,NvcNvl_L1_EW,NVCNVL_EW,0.007,0.007
2010,NvcNvl_L2_EW,NVCNVL_EW,0.008,0.008
2010,32Mt_L1_NS,32MT_NS,0.006,0.006
2010,32Mt_L1_EW,NONE,0.007,0.0
2010,32Mt_L3_EW,NONE,0.009,0.0
2010,32Mt_L1_EW,32MT_EW,0.084,0.079
2010,304Nvl_L3_EW,NONE,0.006,0.0
2010,32Nvl_L2_NS,32NVL_NS,0.067,0.067
2010,32Nvl_L3_EW,NONE,0.006,0.0
2010,32Nvl_L1_NS,32NVL_NS,0.02,0.02
2010,NvcNvl_L1_NS,NONE,0.009,0.0
2010,NvcNvl_L3_EW,NONE,0.009,0.0
2010,32Mt_L2_EW,NONE,0.008,0.0
2015,304Nvl_L1_EW,304NVL_EW,0.017,0.017
2015,304Nvl_L2_EW,304NVL_EW,0.015,0.015
2015,304Nvl_L1_NS,NONE,0.022,0.0
2015,32Nvl_L3_NS,NONE,0.027,0.0
2015,32Nvl_L1_NS,32NVL_NS,0.062,0.062
2015,32Nvl_L3_NS,NONE,0.017,0.0
2015,32Nvl_L2_NS,32NVL_NS,0.016,0.016
2015,32Mt_L1_EW,32MT_EW,0.098,0.098
2015,32Mt_L1_NS,NONE,0.02,0.0
2015,NvcMt_L2_NS,NONE,0.005,0.0
2015,304Nvl_L3_EW,NONE,0.013,0.0
2015,32Nvl_L2_NS,32NVL_NS,0.06,0.06
2015,32Nvl_L1_NS,32NVL_NS,0.027,0.027
2015,32Mt_L2_EW,32MT_EW,0.071,0.071
2015,32Mt_L2_NS,NONE,0.009,0.0
2015,NvcMt_L1_NS,NONE,0.005,0.0
2020,304Nvl_L1_EW,304NVL_EW,0.008,0.008
2020,304Nvl_L2_EW,304NVL_EW,0.007,0.007
2020,32Nvl_L3_NS,NONE,0.02,0.0
2020,32Nvl_L1_NS,32NVL_NS,0.055,0.055
2020,32Nvl_L3_NS,NONE,0.017,0.0
2020,32Nvl_L2_NS,32NVL_NS,0.016,0.016
2020,32Mt_L1_EW,32MT_EW,0.021,0.021
2020,304Nvl_L3_EW,NONE,0.006,0.0
2020,32Nvl_L2_NS,32NVL_NS,0.053,0.053
2020,32Nvl_L1_NS,32NVL_NS,0.027,0.027
2020,32Mt_L2_EW,32MT_EW,0.016,0.016
2025,304Nvl_L1_EW,304NVL_EW,0.025,0.025
2025,304Nvl_L2_EW,304NVL_EW,0.015,0.015
2025,304Nvl_L1_NS,NONE,0.007,0.0
2025,32Nvl_L3_NS,NONE,0.008,0.0
2025,32Nvl_L2_NS,32NVL_NS,0.008,0.008
2025,NvcNvl_L3_NS,NONE,0.081,0.0
2025,NvcNvl_L2_NS,NONE,0.079,0.0
2025,32Mt_L1_EW,NONE,0.007,0.0
2025,304Nvl_L3_EW,NONE,0.013,0.0
2025,32Nvl_L1_NS,32NVL_NS,0.02,0.02
2025,NvcNvl_L1_NS,NONE,0.105,0.0
2030,304Nvl_L1_EW,304NVL_EW,0.034,0.034
2030,304Nvl_L2_EW,304NVL_EW,0.022,0.022
2030,32Nvl_L1_NS,32NVL_NS,0.007,0.007
2030,32Nvl_L3_NS,NONE,0.008,0.0
2030,32Nvl_L2_NS,32NVL_NS,0.008,0.008
2030,NvcNvl_L3_NS,NONE,0.102,0.0
2030,NvcNvl_L2_NS,NONE,0.099,0.0
2030,304Nvl_L3_EW,NONE,0.019,0.0
2030,32Nvl_L1_NS,32NVL_NS,0.047,0.047
2030,NvcNvl_L1_NS,NONE,0.131,0.0
2035,304Nvl_L1_EW,304NVL_EW,0.008,0.008
2035,304Nvl_L2_EW,304NVL_EW,0.007,0.007
2035,304Nvl_L1_EW,NONE,0.008,0.0
2035,304Nvl_L2_EW,NONE,0.009,0.0
2035,32Nvl_L1_NS,32NVL_NS,0.007,0.007
2035,NvcNvl_L3_NS,NONE,0.014,0.0
2035,NvcNvl_L2_NS,NONE,0.013,0.0
2035,32Mt_L1_EW,NONE,0.014,0.0
2035,32Mt_L3_EW,NONE,0.018,0.0
2035,32Mt_L1_NS,NONE,0.117,0.0
2035,304Nvl_L3_EW,NONE,0.006,0.0
2035,32Nvl_L1_NS,32NVL_NS,0.034,0.034
2035,NvcNvl_L1_NS,NONE,0.017,0.0
2035,32Mt_L2_EW,NONE,0.015,0.0
2035,32Mt_L2_NS,NONE,0.104,0.0
2040,304Nvl_L1_EW,304NVL_EW,0.008,0.008
2040,32Nvl_L3_NS,NONE,0.014,0.0
2040,32Nvl_L1_NS,32NVL_NS,0.035,0.035
2040,NvcNvl_L3_NS,NONE,0.014,0.0
2040,NvcNvl_L2_NS,NONE,0.013,0.0
2040,32Mt_L1_EW,NONE,0.014,0.0
2040,32Mt_L3_EW,NONE,0.018,0.0
2040,32Mt_L1_NS,NONE,0.117,0.0
2040,32Thn_L1_EW,32THN_EW,0.008,0.008
2040,32Thn_L2_EW,32THN_EW,0.008,0.008
2040,32Thn_L3_EW,NONE,0.008,0.0
2040,32Nvl_L2_NS,32NVL_NS,0.02,0.02
2040,NvcNvl_L1_NS,NONE,0.017,0.0
2040,32Mt_L2_EW,NONE,0.015,0.0
2040,32Mt_L2_NS,NONE,0.104,0.0
2045,304Nvl_L1_EW,304NVL_EW,0.008,0.008
2045,32Nvl_L1_NS,32NVL_NS,0.007,0.007
2045,32Nvl_L1_EW,32NVL_EW,0.007,-0.004
2045,32Nvl_L2_EW,32NVL_EW,0.007,0.002
2045,32Nvl_L3_NS,NONE,0.017,0.0
2045,32Nvl_L2_NS,32NVL_NS,0.016,0.016
2045,NvcNvl_L1_EW,NONE,0.011,0.0
2045,NvcNvl_L2_EW,NONE,0.008,0.0
2045,32Mt_L1_EW,32MT_EW,0.007,0.007
2045,32Mt_L1_NS,NONE,0.01,0.0
2045,32Thn_L1_EW,32THN_EW,0.008,0.008
2045,32Thn_L2_EW,32THN_EW,0.008,0.008
2045,32Thn_L3_EW,NONE,0.008,0.0
2045,32Nvl_L2_NS,32NVL_NS,0.007,0.007
2045,32Nvl_L3_EW,NONE,0.006,0.0
2045,32Nvl_L1_NS,32NVL_NS,0.013,0.013
2045,32Mt_L2_NS,NONE,0.009,0.0
2050,304Nvl_L1_EW,304NVL_EW,0.008,0.008
2050,304Nvl_L1_NS,NONE,0.007,0.0
2050,32Nvl_L1_NS,32NVL_NS,0.007,0.007
2050,32Nvl_L1_EW,32NVL_EW,0.007,-0.067
2050,32Nvl_L2_EW,32NVL_EW,0.007,0.002
2050,32Nvl_L3_NS,NONE,0.008,0.0
2050,32Nvl_L2_NS,32NVL_NS,0.008,0.008
2050,32Mt_L1_EW,NONE,0.014,0.0
2050,32Mt_L3_EW,NONE,0.018,0.0
2050,32Mt_L1_EW,32MT_EW,0.098,0.098
2050,32Thn_L1_EW,32THN_EW,0.008,0.008
2050,32Thn_L2_EW,32THN_EW,0.008,0.008
2050,32Thn_L3_EW,NONE,0.008,0.0
2050,32Nvl_L2_NS,32NVL_NS,0.007,0.007
2050,32Nvl_L3_EW,NONE,0.006,0.0
2050,32Nvl_L1_NS,32NVL_NS,0.02,0.02
2050,32Mt_L2_EW,NONE,0.015,0.0
2055,304Nvl_L1_EW,304NVL_EW,0.008,0.008
2055,304Nvl_L2_EW,304NVL_EW,0.007,0.007
2055,304Nvl_L1_NS,NONE,0.007,0.0
2055,32Nvl_L1_EW,32NVL_EW,0.007,-0.071
2055,32Nvl_L2_EW,32NVL_EW,0.007,-0.004
2055,NvcNvl_L3_NS,NONE,0.007,0.0
2055,NvcNvl_L2_NS,NONE,0.007,0.0
2055,32Mt_L1_EW,NONE,0.007,0.0
2055,32Mt_L1_EW,32MT_EW,0.112,0.112
2055,NvcMt_L1_EW,NVCMT_EW,0.076,0.076
2055,32Thn_L1_EW,NONE,0.01,0.0
2055,304Nvl_L3_EW,NONE,0.006,0.0
2055,32Nvl_L3_EW,NONE,0.006,0.0
2055,32Nvl_L1_NS,32NVL_NS,0.007,0.007
2055,NvcNvl_L1_NS,NONE,0.009,0.0
2055,32Mt_L2_EW,32MT_EW,0.016,0.016
2055,NvcMt_L2_EW,NVCMT_EW,0.095,0.095
2060,304Nvl_L1_NS,NONE,0.007,0.0
2060,304Nvl_L3_NS,NONE,0.008,0.0
2060,32Nvl_L1_NS,32NVL_NS,0.007,0.007
2060,32Nvl_L1_EW,32NVL_EW,0.007,-0.071
2060,32Nvl_L2_EW,32NVL_EW,0.007,-0.046
2060,NvcNvl_L1_EW,NONE,0.011,0.0
2060,NvcNvl_L2_EW,NONE,0.008,0.0
2060,NvcNvl_L1_EW,NVCNVL_EW,0.035,-0.018
2060,NvcNvl_L2_EW,NVCNVL_EW,0.039,0.039
2060,32Mt_L1_EW,NONE,0.007,0.0
2060,32Mt_L3_EW,NONE,0.009,0.0
2060,32Mt_L1_EW,32MT_EW,0.112,0.112
2060,32Mt_L1_NS,NONE,0.01,0.0
2060,NvcMt_L1_EW,NVCMT_EW,0.076,0.052
2060,304Nvl_L2_NS,NONE,0.007,0.0
2060,32Nvl_L3_EW,NONE,0.006,0.0
2060,NvcNvl_L3_EW,NONE,0.047,0.0
2060,32Mt_L2_EW,NONE,0.008,0.0
2060,32Mt_L2_EW,32MT_EW,0.076,0.076
2060,NvcMt_L2_EW,NVCMT_EW,0.095,0.068
2065,304Nvl_L1_NS,304NVL_NS,0.009,0.009
2065,304Nvl_L3_NS,NONE,0.007,0.0
2065,304Nvl_L1_NS,NONE,0.022,0.0
2065,304Nvl_L3_NS,NONE,0.016,0.0
2065,32Nvl_L1_EW,32NVL_EW,0.007,-0.067
2065,32Nvl_L2_EW,32NVL_EW,0.007,-0.042
2065,NvcNvl_L3_NS,NONE,0.014,0.0
2065,NvcNvl_L2_NS,NONE,0.013,0.0
2065,NvcNvl_L1_EW,NONE,0.021,0.0
2065,NvcNvl_L2_EW,NONE,0.015,0.0
2065,NvcNvl_L1_EW,NVCNVL_EW,0.042,-0.011
2065,NvcNvl_L2_EW,NVCNVL_EW,0.047,0.047
2065,32Mt_L1_EW,32MT_EW,0.105,0.105
2065,32Mt_L1_NS,NONE,0.01,0.0
2065,NvcMt_L1_EW,NVCMT_EW,0.076,0.047
2065,304Nvl_L2_NS,304NVL_NS,0.008,0.008
2065,304Nvl_L2_NS,NONE,0.015,0.0
2065,32Nvl_L3_EW,NONE,0.006,0.0
2065,NvcNvl_L1_NS,NONE,0.017,0.0
2065,NvcNvl_L3_EW,NONE,0.013,0.0
2065,NvcNvl_L3_EW,NONE,0.056,0.0
2065,32Mt_L2_EW,32MT_EW,0.071,0.071
2065,NvcMt_L2_EW,NVCMT_EW,0.095,0.063
2070,304Nvl_L1_NS,304NVL_NS,0.009,0.009
2070,304Nvl_L3_NS,NONE,0.007,0.0
2070,304Nvl_L1_EW,304NVL_EW,0.008,0.008
2070,304Nvl_L1_NS,NONE,0.007,0.0
2070,304Nvl_L3_NS,NONE,0.008,0.0
2070,32Nvl_L1_EW,32NVL_EW,0.007,-0.008
2070,32Nvl_L2_EW,32NVL_EW,0.007,0.0
2070,NvcNvl_L3_NS,NONE,0.02,0.0
2070,NvcNvl_L2_NS,NONE,0.02,0.0
2070,NvcNvl_L1_EW,NVCNVL_EW,0.049,-0.004
2070,NvcNvl_L2_EW,NVCNVL_EW,0.055,0.055
2070,32Mt_L1_EW,32MT_EW,0.021,0.021
2070,NvcMt_L1_EW,NVCMT_EW,0.076,0.042
2070,304Nvl_L2_NS,304NVL_NS,0.008,0.008
2070,304Nvl_L2_NS,NONE,0.007,0.0
2070,32Nvl_L3_EW,NONE,0.006,0.0
2070,NvcNvl_L1_NS,NONE,0.026,0.0
2070,NvcNvl_L3_EW,NONE,0.065,0.0
2070,32Mt_L2_EW,32MT_EW,0.011,0.011
2070,NvcMt_L2_EW,NVCMT_EW,0.095,0.057
2075,304Nvl_L1_NS,304NVL_NS,0.009,0.009
2075,304Nvl_L3_NS,NONE,0.007,0.0
2075,32Nvl_L1_EW,32NVL_EW,0.007,-0.008
2075,32Nvl_L2_EW,32NVL_EW,0.008,-0.004
2075,32Nvl_L1_EW,32NVL_EW,0.007,-0.008
2075,32Nvl_L2_EW,32NVL_EW,0.007,-0.004
2075,32Nvl_L3_NS,NONE,0.042,0.0
2075,32Nvl_L2_NS,32NVL_NS,0.039,0.034
2075,NvcNvl_L3_NS,NONE,0.007,0.0
2075,NvcNvl_L2_NS,NONE,0.007,0.0
2075,NvcNvl_L1_EW,NONE,0.021,0.0
2075,NvcNvl_L2_EW,NONE,0.008,0.0
2075,NvcNvl_L1_EW,NVCNVL_EW,0.049,0.049
2075,NvcNvl_L2_EW,NVCNVL_EW,0.047,0.047
2075,32Mt_L1_EW,NONE,0.007,0.0
2075,32Mt_L3_EW,NONE,0.009,0.0
2075,32Mt_L1_EW,32MT_EW,0.021,0.016
2075,304Nvl_L2_NS,304NVL_NS,0.008,-0.02
2075,32Nvl_L3_EW,NONE,0.006,0.0
2075,32Nvl_L3_EW,NONE,0.006,0.0
2075,32Nvl_L1_NS,32NVL_NS,0.034,0.027
2075,NvcNvl_L1_NS,NONE,0.009,0.0
2075,NvcNvl_L3_EW,NONE,0.056,0.0
2075,32Mt_L2_EW,NONE,0.008,0.0
2075,32Mt_L2_EW,32MT_EW,0.016,0.011
2080,304Nvl_L1_NS,304NVL_NS,0.009,0.009
2080,304Nvl_L3_NS,NONE,0.007,0.0
2080,304Nvl_L1_EW,304NVL_EW,0.017,0.017
2080,304Nvl_L2_EW,304NVL_EW,0.007,0.007
2080,32Nvl_L1_EW,32NVL_EW,0.007,0.002
2080,32Nvl_L2_EW,32NVL_EW,0.008,0.004
2080,32Nvl_L1_EW,32NVL_EW,0.007,0.002
2080,32Nvl_L2_EW,32NVL_EW,0.007,0.004
2080,32Nvl_L3_NS,NONE,0.042,0.0
2080,32Nvl_L2_NS,32NVL_NS,0.039,0.034
2080,NvcNvl_L3_NS,NONE,0.034,0.0
2080,NvcNvl_L2_NS,NONE,0.033,0.0
2080,NvcNvl_L1_EW,NONE,0.032,0.0
2080,NvcNvl_L2_EW,NONE,0.023,0.0
2080,NvcNvl_L1_EW,NVCNVL_EW,0.049,0.049
2080,NvcNvl_L2_EW,NVCNVL_EW,0.047,0.047
2080,32Mt_L1_EW,32MT_EW,0.007,0.002
2080,304Nvl_L2_NS,304NVL_NS,0.008,-0.02
2080,304Nvl_L3_EW,NONE,0.006,0.0
2080,32Nvl_L3_EW,NONE,0.006,0.0
2080,32Nvl_L3_EW,NONE,0.006,0.0
2080,32Nvl_L1_NS,32NVL_NS,0.034,0.027
2080,NvcNvl_L1_NS,NONE,0.044,0.0
2080,NvcNvl_L3_EW,NONE,0.006,0.0
2080,NvcNvl_L3_EW,NONE,0.009,0.0
2080,32Mt_L2_EW,32MT_EW,0.005,0.0
2085,304Nvl_L1_NS,304NVL_NS,0.009,0.004
2085,304Nvl_L3_NS,NONE,0.007,0.0
2085,32Nvl_L1_NS,32NVL_NS,0.007,0.001
2085,32Nvl_L1_EW,32NVL_EW,0.042,0.042
2085,32Nvl_L2_EW,32NVL_EW,0.046,0.046
2085,32Nvl_L1_EW,32NVL_EW,0.007,0.007
2085,32Nvl_L2_EW,32NVL_EW,0.007,0.007
2085,NvcNvl_L3_NS,NONE,0.007,0.0
2085,NvcNvl_L2_NS,NONE,0.007,0.0
2085,32Mt_L1_EW,NONE,0.014,0.0
2085,32Mt_L3_EW,NONE,0.009,0.0
2085,32Mt_L1_NS,NONE,0.01,0.0
2085,304Nvl_L2_NS,304NVL_NS,0.008,0.008
2085,32Nvl_L2_NS,32NVL_NS,0.007,0.001
2085,32Nvl_L3_EW,NONE,0.006,0.0
2085,32Nvl_L3_EW,NONE,0.038,0.0
2085,NvcNvl_L1_NS,NONE,0.009,0.0
2085,32Mt_L2_EW,NONE,0.008,0.0
2090,304Nvl_L1_NS,304NVL_NS,0.009,0.004
2090,304Nvl_L3_NS,NONE,0.007,0.0
2090,304Nvl_L1_EW,304NVL_EW,0.017,0.017
2090,304Nvl_L2_EW,304NVL_EW,0.015,0.015
2090,304Nvl_L1_NS,NONE,0.015,0.0
2090,304Nvl_L3_NS,NONE,0.008,0.0
2090,32Nvl_L3_NS,NONE,0.007,0.0
2090,32Nvl_L1_NS,32NVL_NS,0.007,0.001
2090,32Nvl_L1_EW,32NVL_EW,0.007,0.002
2090,32Nvl_L2_EW,32NVL_EW,0.008,0.004
2090,32Nvl_L1_EW,32NVL_EW,0.007,0.002
2090,32Nvl_L2_EW,32NVL_EW,0.007,0.004
2090,NvcNvl_L3_NS,NONE,0.007,0.0
2090,NvcNvl_L2_NS,NONE,0.013,0.0
2090,NvcNvl_L1_EW,NONE,0.053,0.0
2090,NvcNvl_L2_EW,NONE,0.038,0.0
2090,NvcNvl_L1_EW,NVCNVL_EW,0.007,0.007
2090,NvcNvl_L2_EW,NVCNVL_EW,0.008,0.008
2090,32Mt_L1_EW,32MT_EW,0.007,0.002
2090,304Nvl_L2_NS,304NVL_NS,0.008,0.008
2090,304Nvl_L3_EW,NONE,0.013,0.0
2090,304Nvl_L2_NS,NONE,0.007,0.0
2090,32Nvl_L2_NS,32NVL_NS,0.007,0.001
2090,32Nvl_L3_EW,NONE,0.006,0.0
2090,32Nvl_L3_EW,NONE,0.006,0.0
2090,32Nvl_L1_NS,32NVL_NS,0.034,0.027
2090,NvcNvl_L1_NS,NONE,0.017,0.0
2090,NvcNvl_L3_EW,NONE,0.009,0.0
2090,32Mt_L2_EW,32MT_EW,0.005,0.0
2095,304Nvl_L1_NS,304NVL_NS,0.009,0.009
2095,304Nvl_L3_NS,NONE,0.007,0.0
2095,32Nvl_L1_EW,32NVL_EW,0.007,0.002
2095,32Nvl_L2_EW,32NVL_EW,0.008,0.004
2095,32Nvl_L1_EW,32NVL_EW,0.007,0.002
2095,32Nvl_L2_EW,32NVL_EW,0.007,0.004
2095,32Nvl_L3_NS,NONE,0.05,0.0
2095,32Nvl_L2_NS,32NVL_NS,0.047,0.042
2095,NvcNvl_L3_NS,NONE,0.007,0.0
2095,NvcNvl_L2_NS,NONE,0.007,0.0
2095,NvcNvl_L1_EW,NONE,0.011,0.0
2095,NvcNvl_L2_EW,NONE,0.008,0.0
2095,32Mt_L1_EW,32MT_EW,0.007,0.002
2095,NvcMt_L1_EW,NVCMT_EW,0.006,0.006
2095,304Nvl_L2_NS,304NVL_NS,0.008,-0.026
2095,32Nvl_L3_EW,NONE,0.006,0.0
2095,32Nvl_L3_EW,NONE,0.006,0.0
2095,32Nvl_L1_NS,32NVL_NS,0.04,0.034
2095,NvcNvl_L1_NS,NONE,0.009,0.0
2095,32Mt_L2_EW,32MT_EW,0.005,0.0
2095,NvcMt_L2_EW,NVCMT_EW,0.008,0.008
2100,304Nvl_L1_NS,304NVL_NS,0.009,0.009
2100,304Nvl_L3_NS,NONE,0.007,0.0
2100,304Nvl_L1_EW,304NVL_EW,0.017,0.017
2100,304Nvl_L1_NS,NONE,0.007,0.0
2100,32Nvl_L1_EW,32NVL_EW,0.007,0.002
2100,32Nvl_L2_EW,32NVL_EW,0.008,0.004
2100,32Nvl_L1_EW,32NVL_EW,0.007,0.002
2100,32Nvl_L2_EW,32NVL_EW,0.007,0.004
2100,32Nvl_L3_NS,NONE,0.025,0.0
2100,32Nvl_L2_NS,32NVL_NS,0.024,0.018
2100,32Mt_L1_EW,32MT_EW,0.007,0.002
2100,NvcMt_L2_NS,NONE,0.063,0.0
2100,304Nvl_L2_NS,304NVL_NS,0.008,-0.009
2100,32Nvl_L3_EW,NONE,0.006,0.0
2100,32Nvl_L3_EW,NONE,0.006,0.0
2100,32Nvl_L1_NS,32NVL_NS,0.02,0.014
2100,32Mt_L2_EW,32MT_EW,0.005,0.0
2100,NvcMt_L1_NS,NONE,0.066,0.0
2105,304Nvl_L1_NS,304NVL_NS,0.009,0.009
2105,304Nvl_L3_NS,NONE,0.007,0.0
2105,32Nvl_L3_NS,NONE,0.025,0.0
2105,32Nvl_L2_NS,32NVL_NS,0.024,0.018
2105,NvcNvl_L3_NS,NONE,0.007,0.0
2105,NvcNvl_L2_NS,NONE,0.007,0.0
2105,32Mt_L1_EW,NONE,0.043,0.0
2105,32Mt_L3_EW,NONE,0.053,0.0
2105,32Mt_L1_EW,32MT_EW,0.014,0.014
2105,NvcMt_L2_NS,NONE,0.063,0.0
2105,32Thn_L1_EW,NONE,0.116,0.0
2105,32Thn_L2_EW,NONE,0.121,0.0
2105,32Thn_L3_EW,NONE,0.083,0.0
2105,304Nvl_L2_NS,304NVL_NS,0.008,-0.009
2105,32Nvl_L1_NS,32NVL_NS,0.027,0.021
2105,NvcNvl_L1_NS,NONE,0.009,0.0
2105,32Mt_L2_EW,NONE,0.045,0.0
2105,32Mt_L2_EW,32MT_EW,0.011,0.011
2105,NvcMt_L1_NS,NONE,0.066,0.0
2110,304Nvl_L1_NS,304NVL_NS,0.009,0.009
2110,304Nvl_L3_NS,NONE,0.007,0.0
2110,32Nvl_L1_EW,32NVL_EW,0.007,0.002
2110,32Nvl_L2_EW,32NVL_EW,0.007,0.004
2110,32Nvl_L3_NS,NONE,0.025,0.0
2110,32Nvl_L2_NS,32NVL_NS,0.024,0.018
2110,NvcNvl_L1_EW,NONE,0.011,0.0
2110,NvcNvl_L2_EW,NONE,0.008,0.0
2110,NvcNvl_L1_EW,NVCNVL_EW,0.007,0.007
2110,NvcNvl_L2_EW,NVCNVL_EW,0.008,0.008
2110,32Mt_L1_NS,32MT_NS,0.006,0.006
2110,32Mt_L1_EW,NONE,0.007,0.0
2110,32Mt_L3_EW,NONE,0.009,0.0
2110,32Mt_L1_EW,32MT_EW,0.007,0.007
2110,32Thn_L1_EW,NONE,0.116,0.0
2110,32Thn_L2_EW,NONE,0.121,0.0
2110,32Thn_L3_EW,NONE,0.083,0.0
2110,304Nvl_L2_NS,304NVL_NS,0.008,-0.009
2110,32Nvl_L3_EW,NONE,0.006,0.0
2110,32Nvl_L1_NS,32NVL_NS,0.027,0.021
2110,NvcNvl_L3_EW,NONE,0.006,0.0
2110,NvcNvl_L3_EW,NONE,0.009,0.0
2110,32Mt_L2_EW,NONE,0.008,0.0
2110,32Mt_L2_EW,32MT_EW,0.005,0.005
2115,304Nvl_L1_NS,304NVL_NS,0.009,0.004
2115,304Nvl_L3_NS,NONE,0.007,0.0
2115,304Nvl_L1_EW,304NVL_EW,0.042,0.042
2115,304Nvl_L2_EW,304NVL_EW,0.036,0.036
2115,32Nvl_L3_NS,NONE,0.007,0.0
2115,32Nvl_L1_NS,32NVL_NS,0.007,0.001
2115,32Nvl_L3_NS,NONE,0.025,0.0
2115,32Nvl_L2_NS,32NVL_NS,0.024,0.018
2115,NvcNvl_L3_NS,NONE,0.007,0.0
2115,NvcNvl_L2_NS,NONE,0.007,0.0
2115,NvcNvl_L1_EW,NVCNVL_EW,0.007,0.003
2115,32Mt_L1_NS,32MT_NS,0.013,0.013
2115,32Mt_L1_EW,NONE,0.007,0.0
2115,32Mt_L3_EW,NONE,0.009,0.0
2115,32Mt_L1_EW,32MT_EW,0.042,0.042
2115,NvcMt_L1_EW,NVCMT_EW,0.006,0.001
2115,32Thn_L1_EW,32THN_EW,0.104,0.104
2115,32Thn_L2_EW,32THN_EW,0.008,0.008
2115,32Thn_L3_EW,NONE,0.008,0.0
2115,304Nvl_L2_NS,304NVL_NS,0.008,-0.009
2115,304Nvl_L3_EW,NONE,0.032,0.0
2115,32Nvl_L2_NS,32NVL_NS,0.007,0.001
2115,32Nvl_L1_NS,32NVL_NS,0.06,0.054
2115,NvcNvl_L1_NS,NONE,0.009,0.0
2115,32Mt_L2_EW,NONE,0.008,0.0
2115,32Mt_L2_EW,32MT_EW,0.027,0.027
2115,NvcMt_L2_EW,NVCMT_EW,0.008,0.008
2120,304Nvl_L1_NS,304NVL_NS,0.009,0.004
2120,304Nvl_L3_NS,NONE,0.007,0.0
2120,304Nvl_L1_EW,304NVL_EW,0.051,0.051
2120,304Nvl_L2_EW,304NVL_EW,0.044,0.044
2120,32Nvl_L1_NS,32NVL_NS,0.007,0.001
2120,32Nvl_L3_NS,NONE,0.05,0.0
2120,32Nvl_L2_NS,32NVL_NS,0.047,0.042
2120,32Mt_L1_NS,32MT_NS,0.006,0.006
2120,32Mt_L1_EW,32MT_EW,0.014,0.014
2120,32Thn_L1_EW,NONE,0.01,0.0
2120,32Thn_L1_EW,32THN_EW,0.096,0.096
2120,304Nvl_L2_NS,304NVL_NS,0.008,-0.026
2120,304Nvl_L3_EW,NONE,0.006,0.0
2120,32Nvl_L2_NS,32NVL_NS,0.007,0.001
2120,32Nvl_L1_NS,32NVL_NS,0.074,0.067
2120,32Mt_L2_EW,32MT_EW,0.011,0.011
2125,304Nvl_L1_NS,304NVL_NS,0.009,-0.001
2125,304Nvl_L3_NS,NONE,0.007,0.0
2125,32Nvl_L3_NS,NONE,0.007,0.0
2125,32Nvl_L1_NS,32NVL_NS,0.014,0.003
2125,32Nvl_L3_NS,NONE,0.067,0.0
2125,32Nvl_L2_NS,32NVL_NS,0.063,0.058
2125,NvcNvl_L1_NS,NVCNVL_NS,0.007,-0.003
2125,32Mt_L1_NS,32MT_NS,0.006,0.006
2125,32Mt_L1_EW,NONE,0.014,0.0
2125,32Mt_L3_EW,NONE,0.018,0.0
2125,32Mt_L1_EW,32MT_EW,0.014,0.014
2125,32Mt_L1_NS,NONE,0.01,0.0
2125,32Thn_L1_EW,32THN_EW,0.096,0.096
2125,304Nvl_L2_NS,304NVL_NS,0.008,-0.037
2125,32Nvl_L2_NS,32NVL_NS,0.013,0.008
2125,32Nvl_L1_NS,32NVL_NS,0.087,0.076
2125,32Mt_L2_EW,NONE,0.015,0.0
2125,32Mt_L2_EW,32MT_EW,0.011,0.011
2130,304Nvl_L1_NS,304NVL_NS,0.009,-0.001
2130,304Nvl_L3_NS,NONE,0.007,0.0
2130,304Nvl_L1_NS,NONE,0.036,0.0
2130,32Nvl_L3_NS,NONE,0.007,0.0
2130,32Nvl_L1_NS,32NVL_NS,0.014,0.003
2130,32Nvl_L3_NS,NONE,0.067,0.0
2130,32Nvl_L2_NS,32NVL_NS,0.063,0.058
2130,NvcNvl_L1_EW,NONE,0.011,0.0
2130,NvcNvl_L2_EW,NONE,0.008,0.0
2130,NvcNvl_L1_NS,NVCNVL_NS,0.007,-0.003
2130,32Mt_L1_EW,32MT_EW,0.014,0.014
2130,NvcMt_L1_NS,NVCMT_NS,0.007,0.007
2130,304Nvl_L2_NS,304NVL_NS,0.008,-0.037
2130,32Nvl_L2_NS,32NVL_NS,0.013,0.008
2130,32Nvl_L1_NS,32NVL_NS,0.054,0.043
2130,NvcNvl_L3_EW,NONE,0.006,0.0
2130,32Mt_L2_EW,32MT_EW,0.005,0.005
2130,NvcMt_L2_NS,NVCMT_NS,0.005,0.005
2135,32Nvl_L3_NS,NONE,0.007,0.0
2135,32Nvl_L1_NS,32NVL_NS,0.014,0.014
2135,32Nvl_L3_NS,NONE,0.05,0.0
2135,32Nvl_L2_NS,32NVL_NS,0.047,0.047
2135,NvcNvl_L3_NS,NONE,0.007,0.0
2135,NvcNvl_L2_NS,NONE,0.007,0.0
2135,NvcNvl_L1_EW,NVCNVL_EW,0.007,0.003
2135,NvcNvl_L2_EW,NVCNVL_EW,0.008,0.008
2135,32Mt_L1_NS,32MT_NS,0.013,0.013
2135,32Mt_L1_EW,NONE,0.007,0.0
2135,32Mt_L3_EW,NONE,0.009,0.0
2135,32Mt_L1_EW,32MT_EW,0.014,0.014
2135,NvcMt_L1_EW,NVCMT_EW,0.006,0.001
2135,32Nvl_L2_NS,32NVL_NS,0.013,0.013
2135,32Nvl_L1_NS,32NVL_NS,0.04,0.04
2135,NvcNvl_L1_NS,NONE,0.009,0.0
2135,NvcNvl_L3_EW,NONE,0.009,0.0
2135,32Mt_L2_EW,NONE,0.008,0.0
2135,32Mt_L2_EW,32MT_EW,0.005,0.005
2135,NvcMt_L2_EW,NVCMT_EW,0.008,0.002
2140,304Nvl_L1_EW,304NVL_EW,0.008,0.008
2140,32Nvl_L1_NS,32NVL_NS,0.007,0.007
2140,32Nvl_L3_NS,NONE,0.033,0.0
2140,32Nvl_L2_NS,32NVL_NS,0.032,0.032
2140,NvcNvl_L3_NS,NONE,0.007,0.0
2140,NvcNvl_L2_NS,NONE,0.007,0.0
2140,NvcNvl_L1_EW,NVCNVL_EW,0.007,0.003
2140,NvcNvl_L2_EW,NVCNVL_EW,0.008,0.008
2140,32Mt_L1_EW,32MT_EW,0.007,0.007
2140,NvcMt_L1_EW,NVCMT_EW,0.006,0.001
2140,32Nvl_L2_NS,32NVL_NS,0.007,0.007
2140,32Nvl_L1_NS,32NVL_NS,0.027,0.027
2140,NvcNvl_L1_NS,NONE,0.009,0.0
2140,NvcNvl_L3_EW,NONE,0.009,0.0
2140,32Mt_L2_EW,32MT_EW,0.005,0.005
2140,NvcMt_L2_EW,NVCMT_EW,0.008,0.002
2145,304Nvl_L1_EW,304NVL_EW,0.051,0.051
2145,304Nvl_L2_EW,304NVL_EW,0.036,0.036
2145,32Nvl_L1_NS,32NVL_NS,0.007,0.002
2145,32Nvl_L1_EW,32NVL_EW,0.007,-0.003
2145,NvcNvl_L1_EW,NVCNVL_EW,0.014,0.01
2145,NvcNvl_L2_EW,NVCNVL_EW,0.016,0.016
2145,NvcNvl_L1_NS,NVCNVL_NS,0.007,0.002
2145,32Mt_L1_EW,NONE,0.007,0.0
2145,32Mt_L3_EW,NONE,0.009,0.0
2145,32Mt_L1_EW,32MT_EW,0.014,0.014
2145,NvcMt_L1_EW,NVCMT_EW,0.006,-0.004
2145,304Nvl_L3_EW,NONE,0.032,0.0
2145,NvcNvl_L3_EW,NONE,0.019,0.0
2145,32Mt_L2_EW,NONE,0.008,0.0
2145,32Mt_L2_EW,32MT_EW,0.005,0.005
2145,NvcMt_L2_EW,NVCMT_EW,0.008,-0.003
2150,304Nvl_L1_EW,304NVL_EW,0.068,0.068
2150,304Nvl_L2_EW,304NVL_EW,0.058,0.058
2150,32Nvl_L1_NS,32NVL_NS,0.014,0.014
2150,32Nvl_L1_EW,32NVL_EW,0.007,-0.003
2150,NvcNvl_L3_NS,NONE,0.007,0.0
2150,NvcNvl_L2_NS,NONE,0.007,0.0
2150,NvcNvl_L1_EW,NVCNVL_EW,0.028,0.024
2150,NvcNvl_L2_EW,NVCNVL_EW,0.031,0.031
2150,32Mt_L1_EW,NONE,0.014,0.0
2150,32Mt_L3_EW,NONE,0.009,0.0
2150,32Mt_L1_EW,32MT_EW,0.014,0.014
2150,NvcMt_L2_NS,NONE,0.011,0.0
2150,NvcMt_L1_EW,NVCMT_EW,0.006,-0.013
2150,304Nvl_L3_EW,NONE,0.051,0.0
2150,NvcNvl_L1_NS,NONE,0.009,0.0
2150,NvcNvl_L3_EW,NONE,0.037,0.0
2150,32Mt_L2_EW,NONE,0.015,0.0
2150,32Mt_L2_EW,32MT_EW,0.011,0.011
2150,NvcMt_L1_NS,NONE,0.011,0.0
2150,NvcMt_L2_EW,NVCMT_EW,0.008,-0.014
2155,304Nvl_L1_EW,304NVL_EW,0.068,0.068
2155,304Nvl_L2_EW,304NVL_EW,0.058,0.058
2155,32Nvl_L1_NS,32NVL_NS,0.007,0.007
2155,NvcNvl_L3_NS,NONE,0.007,0.0
2155,NvcNvl_L2_NS,NONE,0.013,0.0
2155,NvcNvl_L1_EW,NVCNVL_EW,0.028,0.028
2155,NvcNvl_L2_EW,NVCNVL_EW,0.031,0.031
2155,32Mt_L1_EW,NONE,0.014,0.0
2155,32Mt_L3_EW,NONE,0.018,0.0
2155,32Mt_L1_EW,32MT_EW,0.007,0.007
2155,NvcMt_L2_NS,NONE,0.005,0.0
2155,304Nvl_L3_EW,NONE,0.051,0.0
2155,32Nvl_L1_NS,32NVL_NS,0.013,0.013
2155,NvcNvl_L1_NS,NONE,0.017,0.0
2155,NvcNvl_L3_EW,NONE,0.037,0.0
2155,32Mt_L2_EW,NONE,0.015,0.0
2155,32Mt_L2_EW,32MT_EW,0.005,0.005
2155,NvcMt_L1_NS,NONE,0.005,0.0
2160,304Nvl_L1_EW,304NVL_EW,0.085,0.085
2160,304Nvl_L2_EW,304NVL_EW,0.073,0.073
2160,32Nvl_L3_NS,NONE,0.034,0.0
2160,32Nvl_L1_NS,32NVL_NS,0.035,0.035
2160,32Nvl_L1_EW,32NVL_EW,0.042,0.042
2160,32Nvl_L2_EW,32NVL_EW,0.046,0.046
2160,NvcNvl_L1_EW,NVCNVL_EW,0.021,0.021
2160,NvcNvl_L2_EW,NVCNVL_EW,0.023,0.023
2160,32Mt_L1_NS,NONE,0.01,0.0
2160,NvcMt_L2_NS,NONE,0.005,0.0
2160,304Nvl_L3_EW,NONE,0.063,0.0
2160,32Nvl_L2_NS,32NVL_NS,0.033,0.033
2160,32Nvl_L3_EW,NONE,0.038,0.0
2160,NvcNvl_L3_EW,NONE,0.028,0.0
2160,NvcMt_L1_NS,NONE,0.005,0.0
2165,304Nvl_L1_EW,304NVL_EW,0.085,0.085
2165,304Nvl_L2_EW,304NVL_EW,0.073,0.073
2165,32Nvl_L1_EW,32NVL_EW,0.042,0.033
2165,32Nvl_L2_EW,32NVL_EW,0.046,0.039
2165,32Nvl_L3_NS,NONE,0.008,0.0
2165,32Nvl_L2_NS,32NVL_NS,0.008,0.008
2165,NvcNvl_L3_NS,NONE,0.007,0.0
2165,NvcNvl_L2_NS,NONE,0.007,0.0
2165,NvcNvl_L1_EW,NVCNVL_EW,0.021,0.021
2165,NvcNvl_L2_EW,NVCNVL_EW,0.023,0.023
2165,32Mt_L1_NS,32MT_NS,0.006,0.006
2165,32Mt_L1_EW,NONE,0.014,0.0
2165,32Mt_L3_EW,NONE,0.009,0.0
2165,32Mt_L1_EW,32MT_EW,0.014,-0.016
2165,304Nvl_L3_EW,NONE,0.063,0.0
2165,32Nvl_L3_EW,NONE,0.038,0.0
2165,32Nvl_L1_NS,32NVL_NS,0.007,0.007
2165,NvcNvl_L1_NS,NONE,0.009,0.0
2165,NvcNvl_L3_EW,NONE,0.028,0.0
2165,32Mt_L2_EW,NONE,0.008,0.0
2165,32Mt_L2_EW,32MT_EW,0.011,-0.022
2170,304Nvl_L1_EW,304NVL_EW,0.085,0.085
2170,304Nvl_L2_EW,304NVL_EW,0.073,0.073
2170,304Nvl_L1_NS,NONE,0.007,0.0
2170,32Nvl_L1_EW,32NVL_EW,0.042,0.042
2170,32Nvl_L2_EW,32NVL_EW,0.046,0.046
2170,32Nvl_L1_EW,32NVL_EW,0.007,0.007
2170,32Nvl_L2_EW,32NVL_EW,0.007,0.007
2170,32Nvl_L3_NS,NONE,0.008,0.0
2170,32Nvl_L2_NS,32NVL_NS,0.008,0.008
2170,NvcNvl_L3_NS,NONE,0.014,0.0
2170,NvcNvl_L2_NS,NONE,0.013,0.0
2170,NvcNvl_L1_EW,NVCNVL_EW,0.028,0.028
2170,NvcNvl_L2_EW,NVCNVL_EW,0.031,0.031
2170,32Mt_L1_NS,32MT_NS,0.006,0.006
2170,32Mt_L1_EW,NONE,0.029,0.0
2170,32Mt_L3_EW,NONE,0.018,0.0
2170,304Nvl_L3_EW,NONE,0.063,0.0
2170,32Nvl_L3_EW,NONE,0.006,0.0
2170,32Nvl_L3_EW,NONE,0.038,0.0
2170,32Nvl_L1_NS,32NVL_NS,0.013,0.013
2170,NvcNvl_L1_NS,NONE,0.017,0.0
2170,NvcNvl_L3_EW,NONE,0.037,0.0
2170,32Mt_L2_EW,NONE,0.023,0.0
2175,304Nvl_L1_EW,304NVL_EW,0.076,0.076
2175,304Nvl_L2_EW,304NVL_EW,0.065,0.065
2175,32Nvl_L1_EW,32NVL_EW,0.042,0.038
2175,32Nvl_L2_EW,32NVL_EW,0.046,0.046
2175,32Nvl_L1_EW,32NVL_EW,0.007,0.002
2175,32Nvl_L2_EW,32NVL_EW,0.007,0.007
2175,NvcNvl_L3_NS,NONE,0.007,0.0
2175,NvcNvl_L2_NS,NONE,0.007,0.0
2175,NvcNvl_L1_EW,NVCNVL_EW,0.028,0.028
2175,NvcNvl_L2_EW,NVCNVL_EW,0.031,0.031
2175,32Mt_L1_NS,32MT_NS,0.006,0.006
2175,32Mt_L1_EW,NONE,0.007,0.0
2175,32Mt_L3_EW,NONE,0.009,0.0
2175,32Mt_L1_EW,32MT_EW,0.007,-0.023
2175,NvcMt_L2_NS,NONE,0.005,0.0
2175,304Nvl_L3_EW,NONE,0.057,0.0
2175,32Nvl_L3_EW,NONE,0.006,0.0
2175,32Nvl_L3_EW,NONE,0.038,0.0
2175,32Nvl_L1_NS,32NVL_NS,0.007,0.007
2175,NvcNvl_L1_NS,NONE,0.009,0.0
2175,NvcNvl_L3_EW,NONE,0.037,0.0
2175,32Mt_L2_EW,NONE,0.008,0.0
2175,NvcMt_L1_NS,NONE,0.005,0.0
2180,304Nvl_L1_EW,304NVL_EW,0.068,0.068
2180,304Nvl_L2_EW,304NVL_EW,0.058,0.058
2180,304Nvl_L1_NS,NONE,0.015,0.0
2180,304Nvl_L3_NS,NONE,0.016,0.0
2180,32Nvl_L1_EW,32NVL_EW,0.035,0.011
2180,32Nvl_L2_EW,32NVL_EW,0.039,0.02
2180,32Nvl_L1_EW,32NVL_EW,0.007,-0.018
2180,32Nvl_L2_EW,32NVL_EW,0.007,-0.012
2180,NvcNvl_L1_EW,NONE,0.021,0.0
2180,NvcNvl_L2_EW,NONE,0.015,0.0
2180,NvcNvl_L1_EW,NVCNVL_EW,0.035,0.035
2180,NvcNvl_L2_EW,NVCNVL_EW,0.031,0.031
2180,32Mt_L1_EW,NONE,0.007,0.0
2180,32Mt_L3_EW,NONE,0.009,0.0
2180,32Mt_L1_EW,32MT_EW,0.035,0.01
2180,32Mt_L1_NS,NONE,0.01,0.0
2180,304Nvl_L3_EW,NONE,0.051,0.0
2180,304Nvl_L2_NS,NONE,0.015,0.0
2180,32Nvl_L3_EW,NONE,0.006,0.0
2180,32Nvl_L3_EW,NONE,0.031,0.0
2180,32Nvl_L1_NS,32NVL_NS,0.007,0.007
2180,NvcNvl_L3_EW,NONE,0.037,0.0
2180,32Mt_L2_EW,NONE,0.008,0.0
2180,32Mt_L2_EW,32MT_EW,0.027,0.0
2185,304Nvl_L1_EW,304NVL_EW,0.059,0.059
2185,304Nvl_L2_EW,304NVL_EW,0.051,0.051
2185,32Nvl_L1_EW,32NVL_EW,0.035,0.011
2185,32Nvl_L2_EW,32NVL_EW,0.039,0.02
2185,32Nvl_L1_EW,32NVL_EW,0.007,-0.018
2185,32Nvl_L2_EW,32NVL_EW,0.007,-0.012
2185,NvcNvl_L3_NS,NONE,0.007,0.0
2185,NvcNvl_L2_NS,NONE,0.007,0.0
2185,NvcNvl_L1_EW,NVCNVL_EW,0.042,0.042
2185,NvcNvl_L2_EW,NVCNVL_EW,0.039,0.039
2185,32Mt_L1_NS,32MT_NS,0.006,0.006
2185,32Mt_L1_EW,32MT_EW,0.035,0.01
2185,32Mt_L1_NS,NONE,0.01,0.0
2185,304Nvl_L3_EW,NONE,0.044,0.0
2185,32Nvl_L3_EW,NONE,0.006,0.0
2185,32Nvl_L3_EW,NONE,0.031,0.0
2185,NvcNvl_L1_NS,NONE,0.009,0.0
2185,NvcNvl_L3_EW,NONE,0.047,0.0
2185,32Mt_L2_EW,32MT_EW,0.027,0.0
2190,304Nvl_L1_EW,304NVL_EW,0.008,0.008
2190,304Nvl_L1_NS,NONE,0.007,0.0
2190,32Nvl_L1_EW,32NVL_EW,0.035,-0.023
2190,32Nvl_L2_EW,32NVL_EW,0.039,-0.007
2190,32Nvl_L1_EW,32NVL_EW,0.007,-0.052
2190,32Nvl_L2_EW,32NVL_EW,0.007,-0.038
2190,NvcNvl_L3_NS,NONE,0.007,0.0
2190,NvcNvl_L2_NS,NONE,0.007,0.0
2190,NvcNvl_L1_EW,NVCNVL_EW,0.014,0.014
2190,NvcNvl_L2_EW,NVCNVL_EW,0.008,0.008
2190,32Mt_L1_NS,32MT_NS,0.006,0.006
2190,32Mt_L1_EW,32MT_EW,0.084,0.059
2190,NvcMt_L2_NS,NONE,0.005,0.0
2190,32Nvl_L3_EW,NONE,0.006,0.0
2190,32Nvl_L3_EW,NONE,0.031,0.0
2190,NvcNvl_L1_NS,NONE,0.009,0.0
2190,NvcNvl_L3_EW,NONE,0.009,0.0
2190,32Mt_L2_EW,32MT_EW,0.065,0.038
2190,NvcMt_L1_NS,NONE,0.005,0.0
2195,304Nvl_L1_EW,304NVL_EW,0.008,0.008
2195,304Nvl_L1_NS,NONE,0.015,0.0
2195,32Nvl_L1_EW,32NVL_EW,0.035,-0.033
2195,32Nvl_L2_EW,32NVL_EW,0.039,-0.015
2195,32Nvl_L1_EW,32NVL_EW,0.007,-0.062
2195,32Nvl_L2_EW,32NVL_EW,0.007,-0.046
2195,32Mt_L1_NS,32MT_NS,0.006,0.006
2195,32Mt_L1_EW,NONE,0.036,0.0
2195,32Mt_L1_EW,32MT_EW,0.098,0.073
2195,32Nvl_L3_EW,NONE,0.006,0.0
2195,32Nvl_L3_EW,NONE,0.031,0.0
2195,32Mt_L2_EW,32MT_EW,0.076,0.049
2195,NvcMt_L1_EW,NVCMT_EW,0.006,0.006
2200,304Nvl_L1_EW,304NVL_EW,0.008,0.008
2200,304Nvl_L1_NS,NONE,0.015,0.0
2200,32Nvl_L1_NS,32NVL_NS,0.007,0.007
2200,32Nvl_L1_EW,32NVL_EW,0.035,0.021
2200,32Nvl_L2_EW,32NVL_EW,0.039,0.027
2200,32Nvl_L1_EW,32NVL_EW,0.007,-0.008
2200,32Nvl_L2_EW,32NVL_EW,0.007,-0.004
2200,NvcNvl_L1_EW,NONE,0.011,0.0
2200,NvcNvl_L2_EW,NONE,0.008,0.0
2200,NvcNvl_L1_EW,NVCNVL_EW,0.014,0.01
2200,NvcNvl_L2_EW,NVCNVL_EW,0.008,0.008
2200,32Mt_L1_EW,32MT_EW,0.021,-0.004
2200,NvcMt_L2_NS,NONE,0.005,0.0
2200,NvcMt_L1_EW,NVCMT_EW,0.006,-0.004
2200,32Nvl_L2_NS,32NVL_NS,0.007,0.007
2200,32Nvl_L3_EW,NONE,0.006,0.0
2200,32Nvl_L3_EW,NONE,0.031,0.0
2200,NvcNvl_L3_EW,NONE,0.009,0.0
2200,32Mt_L2_EW,32MT_EW,0.016,-0.011
2200,NvcMt_L1_NS,NONE,0.005,0.0
2200,NvcMt_L2_EW,NVCMT_EW,0.008,0.002
2205,304Nvl_L1_EW,304NVL_EW,0.042,0.042
2205,32Nvl_L1_EW,32NVL_EW,0.042,0.042
2205,32Nvl_L2_EW,32NVL_EW,0.046,0.046
2205,32Nvl_L1_EW,32NVL_EW,0.007,0.007
2205,32Nvl_L2_EW,32NVL_EW,0.007,0.007
2205,32Nvl_L3_NS,NONE,0.008,0.0
2205,32Nvl_L2_NS,32NVL_NS,0.008,0.008
2205,NvcMt_L2_NS,NONE,0.005,0.0
2205,NvcMt_L1_EW,NVCMT_EW,0.032,0.032
2205,32Thn_L1_EW,NONE,0.01,0.0
2205,32Thn_L2_EW,NONE,0.01,0.0
2205,32Thn_L3_EW,NONE,0.007,0.0
2205,32Nvl_L3_EW,NONE,0.006,0.0
2205,32Nvl_L3_EW,NONE,0.038,0.0
2205,32Nvl_L1_NS,32NVL_NS,0.013,0.013
2205,NvcMt_L1_NS,NONE,0.005,0.0
2205,NvcMt_L2_EW,NVCMT_EW,0.04,0.04
2210,32Nvl_L1_EW,32NVL_EW,0.042,-0.027
2210,32Nvl_L2_EW,32NVL_EW,0.046,-0.005
2210,32Nvl_L1_EW,32NVL_EW,0.007,-0.063
2210,32Nvl_L2_EW,32NVL_EW,0.007,-0.044
2210,NvcNvl_L1_EW,NONE,0.011,0.0
2210,NvcNvl_L2_EW,NONE,0.008,0.0
2210,32Mt_L1_EW,NONE,0.014,0.0
2210,32Mt_L1_EW,32MT_EW,0.084,0.054
2210,32Thn_L1_EW,32THN_EW,0.016,-0.014
2210,32Thn_L2_EW,32THN_EW,0.008,-0.024
2210,32Thn_L3_EW,NONE,0.008,0.0
2210,32Nvl_L3_EW,NONE,0.006,0.0
2210,32Nvl_L3_EW,NONE,0.038,0.0
2210,32Nvl_L1_NS,32NVL_NS,0.007,0.007
2210,32Mt_L2_EW,32MT_EW,0.065,0.033
2215,32Nvl_L1_EW,32NVL_EW,0.035,0.035
2215,32Nvl_L2_EW,32NVL_EW,0.039,0.039
2215,32Nvl_L1_EW,32NVL_EW,0.007,0.007
2215,32Nvl_L2_EW,32NVL_EW,0.007,0.007
2215,NvcNvl_L3_NS,NONE,0.034,0.0
2215,NvcNvl_L2_NS,NONE,0.033,0.0
2215,NvcNvl_L1_EW,NONE,0.011,0.0
2215,NvcNvl_L2_EW,NONE,0.008,0.0
2215,32Mt_L1_EW,NONE,0.007,0.0
2215,32Mt_L1_NS,NONE,0.01,0.0
2215,32Thn_L1_EW,NONE,0.01,0.0
2215,32Nvl_L3_EW,NONE,0.006,0.0
2215,32Nvl_L3_EW,NONE,0.031,0.0
2215,32Nvl_L1_NS,32NVL_NS,0.007,0.007
2215,NvcNvl_L1_NS,NONE,0.044,0.0
2215,NvcNvl_L3_EW,NONE,0.006,0.0
2215,32Mt_L2_NS,NONE,0.009,0.0
2215,NvcMt_L1_EW,NVCMT_EW,0.028,0.028
2220,32Nvl_L3_NS,NONE,0.007,0.0
2220,32Nvl_L1_NS,32NVL_NS,0.007,0.007
2220,32Nvl_L1_EW,32NVL_EW,0.035,0.03
2220,32Nvl_L2_EW,32NVL_EW,0.039,0.035
2220,32Nvl_L1_EW,32NVL_EW,0.007,0.002
2220,32Nvl_L2_EW,32NVL_EW,0.007,0.004
2220,32Nvl_L3_NS,NONE,0.008,0.0
2220,32Nvl_L2_NS,32NVL_NS,0.008,0.008
2220,32Mt_L1_EW,32MT_EW,0.007,-0.018
2220,32Nvl_L2_NS,32NVL_NS,0.007,0.007
2220,32Nvl_L3_EW,NONE,0.006,0.0
2220,32Nvl_L3_EW,NONE,0.031,0.0
2220,32Nvl_L1_NS,32NVL_NS,0.007,0.007
2220,32Mt_L2_EW,32MT_EW,0.005,-0.022
2225,304Nvl_L1_EW,304NVL_EW,0.017,0.017
2225,304Nvl_L2_EW,304NVL_EW,0.007,0.007
2225,32Nvl_L3_NS,NONE,0.007,0.0
2225,32Nvl_L1_NS,32NVL_NS,0.007,0.007
2225,32Nvl_L1_EW,32NVL_EW,0.035,0.03
2225,32Nvl_L2_EW,32NVL_EW,0.039,0.035
2225,32Nvl_L1_EW,32NVL_EW,0.007,0.002
2225,32Nvl_L2_EW,32NVL_EW,0.007,0.004
2225,32Nvl_L3_NS,NONE,0.008,0.0
2225,32Nvl_L2_NS,32NVL_NS,0.008,0.008
2225,32Mt_L1_EW,32MT_EW,0.007,-0.018
2225,32Thn_L1_EW,NONE,0.01,0.0
2225,32Thn_L2_EW,NONE,0.01,0.0
2225,32Thn_L3_EW,NONE,0.007,0.0
2225,304Nvl_L3_EW,NONE,0.006,0.0
2225,32Nvl_L2_NS,32NVL_NS,0.007,0.007
2225,32Nvl_L3_EW,NONE,0.006,0.0
2225,32Nvl_L3_EW,NONE,0.031,0.0
2225,32Nvl_L1_NS,32NVL_NS,0.007,0.007
2225,32Mt_L2_EW,32MT_EW,0.005,-0.022
2230,304Nvl_L1_EW,304NVL_EW,0.025,0.025
2230,304Nvl_L2_EW,304NVL_EW,0.022,0.022
2230,32Nvl_L3_NS,NONE,0.007,0.0
2230,32Nvl_L1_NS,32NVL_NS,0.014,0.014
2230,32Nvl_L1_EW,32NVL_EW,0.035,0.03
2230,32Nvl_L2_EW,32NVL_EW,0.039,0.039
2230,32Nvl_L1_EW,32NVL_EW,0.007,0.001
2230,32Nvl_L2_EW,32NVL_EW,0.007,0.007
2230,NvcNvl_L1_EW,NVCNVL_EW,0.035,0.035
2230,32Mt_L1_EW,NONE,0.007,0.0
2230,32Mt_L1_NS,NONE,0.01,0.0
2230,32Thn_L1_EW,32THN_EW,0.008,-0.017
2230,304Nvl_L3_EW,NONE,0.019,0.0
2230,32Nvl_L2_NS,32NVL_NS,0.007,0.007
2230,32Nvl_L3_EW,NONE,0.006,0.0
2230,32Nvl_L3_EW,NONE,0.031,0.0
2230,32Mt_L2_NS,NONE,0.009,0.0
2235,304Nvl_L1_EW,304NVL_EW,0.017,0.017
2235,304Nvl_L2_EW,304NVL_EW,0.015,0.015
2235,304Nvl_L1_NS,NONE,0.015,0.0
2235,32Nvl_L1_EW,32NVL_EW,0.035,0.03
2235,32Nvl_L2_EW,32NVL_EW,0.039,0.035
2235,32Nvl_L1_EW,32NVL_EW,0.007,0.002
2235,32Nvl_L2_EW,32NVL_EW,0.007,0.004
2235,32Nvl_L3_NS,NONE,0.008,0.0
2235,32Nvl_L2_NS,32NVL_NS,0.008,0.008
2235,32Mt_L1_EW,32MT_EW,0.007,-0.018
2235,32Mt_L1_NS,NONE,0.02,0.0
2235,NvcMt_L2_NS,NONE,0.005,0.0
2235,NvcCmt8_L2_NS,NONE,0.011,0.0
2235,NvcCmt8_L1_NS,NONE,0.008,0.0
2235,304Nvl_L3_EW,NONE,0.006,0.0
2235,32Nvl_L3_EW,NONE,0.006,0.0
2235,32Nvl_L3_EW,NONE,0.031,0.0
2235,32Nvl_L1_NS,32NVL_NS,0.013,0.013
2235,32Mt_L2_EW,32MT_EW,0.005,-0.022
2235,32Mt_L2_NS,NONE,0.017,0.0
2235,NvcMt_L1_NS,NONE,0.005,0.0
2240,304Nvl_L1_NS,NONE,0.022,0.0
2240,32Nvl_L3_NS,NONE,0.017,0.0
2240,32Nvl_L2_NS,32NVL_NS,0.016,0.016
2240,32Mt_L1_NS,32MT_NS,0.006,0.006
2240,32Mt_L1_EW,32MT_EW,0.014,0.014
2240,NvcMt_L1_EW,NVCMT_EW,0.006,0.006
2240,NvcCmt8_L2_NS,NONE,0.011,0.0
2240,NvcCmt8_L1_NS,NONE,0.008,0.0
2240,32Nvl_L1_NS,32NVL_NS,0.013,0.013
2240,32Mt_L2_NS,32MT_NS,0.006,0.006
2240,32Mt_L2_EW,32MT_EW,0.005,0.005
2240,NvcMt_L2_EW,NVCMT_EW,0.008,0.008
2240,NvcMt_L1_EW,NVCMT_EW,0.006,0.006
2245,304Nvl_L1_EW,304NVL_EW,0.008,0.008
2245,304Nvl_L2_EW,304NVL_EW,0.007,0.007
2245,304Nvl_L1_NS,NONE,0.007,0.0
2245,32Nvl_L1_EW,32NVL_EW,0.034,0.029
2245,32Nvl_L3_NS,NONE,0.017,0.0
2245,32Nvl_L2_NS,32NVL_NS,0.016,0.016
2245,32Mt_L1_NS,32MT_NS,0.013,0.013
2245,32Mt_L1_EW,NONE,0.007,0.0
2245,32Mt_L1_EW,32MT_EW,0.007,0.007
2245,32Mt_L1_NS,NONE,0.01,0.0
2245,NvcMt_L1_EW,NVCMT_EW,0.006,0.006
2245,304Nvl_L3_EW,NONE,0.006,0.0
2245,32Nvl_L1_NS,32NVL_NS,0.013,0.013
2245,32Mt_L2_NS,32MT_NS,0.006,0.006
2245,32Mt_L2_EW,32MT_EW,0.005,0.005
2245,32Mt_L2_NS,NONE,0.009,0.0
2245,NvcMt_L2_EW,NVCMT_EW,0.008,0.008
2250,304Nvl_L1_EW,304NVL_EW,0.008,0.008
2250,304Nvl_L2_EW,304NVL_EW,0.007,0.007
2250,304Nvl_L1_NS,NONE,0.007,0.0
2250,304Nvl_L3_NS,NONE,0.008,0.0
2250,32Nvl_L1_EW,32NVL_EW,0.034,0.034
2250,32Nvl_L3_NS,NONE,0.017,0.0
2250,32Nvl_L2_NS,32NVL_NS,0.016,0.016
2250,NvcNvl_L1_EW,NVCNVL_EW,0.007,0.003
2250,NvcNvl_L2_EW,NVCNVL_EW,0.008,0.008
2250,32Mt_L1_NS,32MT_NS,0.013,0.013
2250,32Mt_L1_NS,NONE,0.049,0.0
2250,NvcMt_L1_EW,NVCMT_EW,0.006,0.001
2250,304Nvl_L3_EW,NONE,0.006,0.0
2250,304Nvl_L2_NS,NONE,0.007,0.0
2250,32Nvl_L1_NS,32NVL_NS,0.013,0.013
2250,NvcNvl_L3_EW,NONE,0.009,0.0
2250,32Mt_L2_NS,NONE,0.043,0.0
2250,NvcMt_L2_EW,NVCMT_EW,0.008,0.002
2255,304Nvl_L1_EW,304NVL_EW,0.008,0.008
2255,304Nvl_L2_EW,304NVL_EW,0.007,0.007
2255,NvcNvl_L1_EW,NVCNVL_EW,0.007,-0.015
2255,NvcNvl_L2_EW,NVCNVL_EW,0.008,0.008
2255,NvcMt_L1_EW,NVCMT_EW,0.032,0.027
2255,304Nvl_L3_EW,NONE,0.006,0.0
2255,NvcNvl_L3_EW,NONE,0.009,0.0
2255,NvcMt_L2_EW,NVCMT_EW,0.04,0.034
2255,NvcCmt8_L1_NS,NONE,0.011,0.0
2260,304Nvl_L1_NS,304NVL_NS,0.018,0.013
2260,304Nvl_L1_EW,304NVL_EW,0.008,0.008
2260,304Nvl_L2_EW,304NVL_EW,0.007,0.007
2260,32Nvl_L3_NS,NONE,0.007,0.0
2260,32Nvl_L1_NS,32NVL_NS,0.007,-0.006
2260,32Nvl_L3_NS,NONE,0.008,0.0
2260,32Nvl_L2_NS,32NVL_NS,0.008,0.003
2260,32Mt_L1_EW,NONE,0.036,0.0
2260,32Mt_L1_EW,32MT_EW,0.014,0.014
2260,NvcMt_L1_EW,NVCMT_EW,0.006,0.006
2260,NvcCmt8_L2_NS,NONE,0.129,0.0
2260,NvcCmt8_L1_NS,NONE,0.093,0.0
2260,304Nvl_L2_NS,304NVL_NS,0.008,0.002
2260,304Nvl_L3_EW,NONE,0.006,0.0
2260,32Nvl_L2_NS,32NVL_NS,0.007,0.001
2260,32Nvl_L1_NS,32NVL_NS,0.007,-0.006
2260,32Mt_L2_EW,32MT_EW,0.005,0.005
2260,NvcMt_L2_EW,NVCMT_EW,0.008,0.008
2265,304Nvl_L1_NS,304NVL_NS,0.018,0.004
2265,304Nvl_L3_NS,NONE,0.007,0.0
2265,304Nvl_L1_EW,304NVL_EW,0.008,0.008
2265,304Nvl_L2_EW,304NVL_EW,0.007,0.007
2265,32Nvl_L3_NS,NONE,0.007,0.0
2265,32Nvl_L1_NS,32NVL_NS,0.021,0.008
2265,32Mt_L1_EW,32MT_EW,0.014,0.014
2265,NvcCmt8_L2_NS,NONE,0.129,0.0
2265,NvcCmt8_L1_NS,NONE,0.093,0.0
2265,304Nvl_L2_NS,304NVL_NS,0.008,0.008
2265,304Nvl_L3_EW,NONE,0.006,0.0
2265,32Nvl_L2_NS,32NVL_NS,0.013,0.008
2265,32Mt_L2_EW,32MT_EW,0.011,0.011
2270,304Nvl_L1_NS,304NVL_NS,0.018,0.004
2270,304Nvl_L3_NS,NONE,0.007,0.0
2270,304Nvl_L1_EW,304NVL_EW,0.008,0.008
2270,304Nvl_L2_EW,304NVL_EW,0.007,0.007
2270,32Nvl_L3_NS,NONE,0.007,0.0
2270,32Nvl_L1_NS,32NVL_NS,0.021,0.008
2270,32Nvl_L1_EW,32NVL_EW,0.007,-0.003
2270,32Nvl_L2_EW,32NVL_EW,0.007,0.0
2270,NvcNvl_L3_NS,NONE,0.007,0.0
2270,NvcNvl_L2_NS,NONE,0.007,0.0
2270,32Mt_L1_EW,NONE,0.007,0.0
2270,32Mt_L3_EW,NONE,0.009,0.0
2270,32Mt_L1_EW,32MT_EW,0.014,0.014
2270,304Nvl_L2_NS,304NVL_NS,0.008,0.008
2270,304Nvl_L3_EW,NONE,0.006,0.0
2270,32Nvl_L2_NS,32NVL_NS,0.013,0.008
2270,32Nvl_L3_EW,NONE,0.006,0.0
2270,32Nvl_L1_NS,32NVL_NS,0.007,-0.006
2270,NvcNvl_L1_NS,NONE,0.009,0.0
2270,32Mt_L2_EW,NONE,0.008,0.0
2270,32Mt_L2_EW,32MT_EW,0.011,0.011
2275,304Nvl_L1_NS,304NVL_NS,0.009,0.009
2275,304Nvl_L3_NS,NONE,0.007,0.0
2275,304Nvl_L1_EW,304NVL_EW,0.008,0.008
2275,304Nvl_L2_EW,304NVL_EW,0.007,0.007
2275,304Nvl_L1_NS,NONE,0.007,0.0
2275,32Nvl_L1_EW,32NVL_EW,0.007,0.002
2275,32Nvl_L2_EW,32NVL_EW,0.007,0.004
2275,NvcNvl_L3_NS,NONE,0.007,0.0
2275,NvcNvl_L2_NS,NONE,0.013,0.0
2275,32Mt_L1_EW,NONE,0.043,0.0
2275,32Mt_L3_EW,NONE,0.009,0.0
2275,32Mt_L1_EW,32MT_EW,0.007,0.007
2275,304Nvl_L2_NS,304NVL_NS,0.008,0.008
2275,304Nvl_L3_EW,NONE,0.006,0.0
2275,32Nvl_L3_EW,NONE,0.006,0.0
2275,NvcNvl_L1_NS,NONE,0.017,0.0
2275,32Mt_L2_EW,NONE,0.045,0.0
2275,32Mt_L2_EW,32MT_EW,0.005,0.005
2280,304Nvl_L1_NS,304NVL_NS,0.009,0.009
2280,304Nvl_L3_NS,NONE,0.007,0.0
2280,304Nvl_L1_EW,304NVL_EW,0.008,0.008
2280,32Nvl_L1_EW,32NVL_EW,0.007,-0.003
2280,32Nvl_L2_EW,32NVL_EW,0.007,0.004
2280,32Nvl_L3_NS,NONE,0.042,0.0
2280,32Nvl_L2_NS,32NVL_NS,0.039,0.034
2280,NvcNvl_L3_NS,NONE,0.007,0.0
2280,NvcNvl_L2_NS,NONE,0.007,0.0
2280,32Mt_L1_EW,NONE,0.065,0.0
2280,32Mt_L3_EW,NONE,0.071,0.0
2280,32Mt_L1_EW,32MT_EW,0.014,0.014
2280,304Nvl_L2_NS,304NVL_NS,0.008,-0.02
2280,32Nvl_L3_EW,NONE,0.006,0.0
2280,32Nvl_L1_NS,32NVL_NS,0.04,0.034
2280,NvcNvl_L1_NS,NONE,0.009,0.0
2280,32Mt_L2_EW,NONE,0.068,0.0
2280,32Mt_L2_EW,32MT_EW,0.005,0.005
2285,304Nvl_L1_NS,304NVL_NS,0.009,0.009
2285,304Nvl_L3_NS,NONE,0.007,0.0
2285,304Nvl_L1_EW,304NVL_EW,0.008,0.008
2285,32Nvl_L1_EW,32NVL_EW,0.007,-0.008
2285,32Nvl_L2_EW,32NVL_EW,0.007,0.0
2285,32Nvl_L3_NS,NONE,0.008,0.0
2285,32Nvl_L2_NS,32NVL_NS,0.008,0.003
2285,NvcNvl_L3_NS,NONE,0.007,0.0
2285,NvcNvl_L2_NS,NONE,0.007,0.0
2285,32Mt_L1_EW,NONE,0.022,0.0
2285,32Mt_L3_EW,NONE,0.027,0.0
2285,32Mt_L1_EW,32MT_EW,0.021,0.021
2285,32Mt_L1_NS,NONE,0.01,0.0
2285,304Nvl_L2_NS,304NVL_NS,0.008,0.002
2285,32Nvl_L3_EW,NONE,0.006,0.0
2285,32Nvl_L1_NS,32NVL_NS,0.007,0.0
2285,NvcNvl_L1_NS,NONE,0.009,0.0
2285,32Mt_L2_EW,NONE,0.023,0.0
2285,32Mt_L2_EW,32MT_EW,0.011,0.011
2285,32Mt_L2_NS,NONE,0.009,0.0
2290,304Nvl_L1_NS,304NVL_NS,0.009,0.009
2290,304Nvl_L3_NS,NONE,0.007,0.0
2290,304Nvl_L1_EW,304NVL_EW,0.017,0.017
2290,304Nvl_L2_EW,304NVL_EW,0.015,0.015
2290,32Nvl_L1_EW,32NVL_EW,0.007,-0.013
2290,32Nvl_L2_EW,32NVL_EW,0.007,-0.004
2290,32Mt_L1_EW,NONE,0.007,0.0
2290,32Mt_L3_EW,NONE,0.009,0.0
2290,32Mt_L1_EW,32MT_EW,0.028,0.028
2290,32Mt_L1_NS,NONE,0.049,0.0
2290,NvcCmt8_L2_NS,NONE,0.148,0.0
2290,304Nvl_L2_NS,304NVL_NS,0.008,0.008
2290,304Nvl_L3_EW,NONE,0.013,0.0
2290,32Nvl_L3_EW,NONE,0.006,0.0
2290,32Mt_L2_EW,NONE,0.008,0.0
2290,32Mt_L2_EW,32MT_EW,0.016,0.016
2290,NvcCmt8_L1_NS,NONE,0.129,0.0
2295,304Nvl_L1_NS,304NVL_NS,0.009,0.009
2295,304Nvl_L3_NS,NONE,0.007,0.0
2295,32Nvl_L1_EW,32NVL_EW,0.007,-0.018
2295,32Nvl_L2_EW,32NVL_EW,0.007,-0.004
2295,32Nvl_L3_NS,NONE,0.042,0.0
2295,32Nvl_L2_NS,32NVL_NS,0.039,0.034
2295,32Mt_L1_EW,NONE,0.007,0.0
2295,32Mt_L3_EW,NONE,0.009,0.0
2295,32Mt_L1_EW,32MT_EW,0.035,0.035
2295,32Mt_L1_NS,NONE,0.02,0.0
2295,304Nvl_L2_NS,304NVL_NS,0.008,-0.02
2295,32Nvl_L3_EW,NONE,0.006,0.0
2295,32Nvl_L1_NS,32NVL_NS,0.067,0.061
2295,32Mt_L2_EW,NONE,0.008,0.0
2295,32Mt_L2_EW,32MT_EW,0.016,0.016
2300,304Nvl_L1_NS,304NVL_NS,0.009,-0.001
2300,304Nvl_L3_NS,NONE,0.007,0.0
2300,304Nvl_L1_EW,304NVL_EW,0.008,0.008
2300,304Nvl_L1_NS,NONE,0.007,0.0
2300,304Nvl_L3_NS,NONE,0.008,0.0
2300,32Nvl_L1_NS,32NVL_NS,0.014,0.008
2300,32Nvl_L1_EW,32NVL_EW,0.007,-0.018
2300,32Nvl_L2_EW,32NVL_EW,0.007,-0.004
2300,32Nvl_L3_NS,NONE,0.008,0.0
2300,32Nvl_L2_NS,32NVL_NS,0.008,0.003
2300,32Mt_L1_NS,32MT_NS,0.006,0.006
2300,32Mt_L1_EW,NONE,0.014,0.0
2300,32Mt_L3_EW,NONE,0.018,0.0
2300,32Mt_L1_EW,32MT_EW,0.035,0.035
2300,304Nvl_L2_NS,304NVL_NS,0.008,0.002
2300,304Nvl_L2_NS,NONE,0.007,0.0
2300,32Nvl_L2_NS,32NVL_NS,0.007,0.001
2300,32Nvl_L3_EW,NONE,0.006,0.0
2300,32Nvl_L1_NS,32NVL_NS,0.04,0.034
2300,32Mt_L2_NS,32MT_NS,0.006,0.006
2300,32Mt_L2_EW,NONE,0.015,0.0
2300,32Mt_L2_EW,32MT_EW,0.016,0.016
2305,304Nvl_L1_NS,304NVL_NS,0.009,0.004
2305,304Nvl_L3_NS,NONE,0.007,0.0
2305,304Nvl_L1_EW,304NVL_EW,0.008,0.008
2305,32Nvl_L1_NS,32NVL_NS,0.007,0.001
2305,32Nvl_L1_EW,32NVL_EW,0.007,-0.013
2305,32Nvl_L2_EW,32NVL_EW,0.007,0.0
2305,32Mt_L1_NS,32MT_NS,0.006,0.006
2305,32Mt_L1_EW,NONE,0.007,0.0
2305,32Mt_L3_EW,NONE,0.009,0.0
2305,32Mt_L1_EW,32MT_EW,0.028,0.028
2305,32Mt_L1_NS,NONE,0.01,0.0
2305,NvcMt_L2_NS,NONE,0.005,0.0
2305,304Nvl_L2_NS,304NVL_NS,0.008,0.008
2305,32Nvl_L3_EW,NONE,0.006,0.0
2305,32Mt_L2_NS,32MT_NS,0.006,0.006
2305,32Mt_L2_EW,NONE,0.008,0.0
2305,32Mt_L2_EW,32MT_EW,0.011,0.011
2305,NvcMt_L1_NS,NONE,0.005,0.0
2310,304Nvl_L1_NS,304NVL_NS,0.009,0.009
2310,304Nvl_L3_NS,NONE,0.007,0.0
2310,304Nvl_L1_EW,304NVL_EW,0.008,0.008
2310,32Nvl_L1_EW,32NVL_EW,0.007,-0.027
2310,32Nvl_L2_EW,32NVL_EW,0.007,-0.015
2310,NvcNvl_L3_NS,NONE,0.034,0.0
2310,NvcNvl_L2_NS,NONE,0.033,0.0
2310,32Mt_L1_NS,32MT_NS,0.006,0.006
2310,32Mt_L1_EW,32MT_EW,0.049,0.049
2310,32Mt_L1_NS,NONE,0.01,0.0
2310,304Nvl_L2_NS,304NVL_NS,0.008,0.008
2310,32Nvl_L3_EW,NONE,0.006,0.0
2310,32Nvl_L1_NS,32NVL_NS,0.007,0.0
2310,NvcNvl_L1_NS,NONE,0.044,0.0
2310,32Mt_L2_NS,32MT_NS,0.006,0.006
2310,32Mt_L2_EW,32MT_EW,0.033,0.033
2315,304Nvl_L1_NS,304NVL_NS,0.009,0.009
2315,304Nvl_L3_NS,NONE,0.007,0.0
2315,32Nvl_L1_EW,32NVL_EW,0.007,-0.003
2315,32Nvl_L2_EW,32NVL_EW,0.007,0.004
2315,NvcNvl_L3_NS,NONE,0.034,0.0
2315,NvcNvl_L2_NS,NONE,0.033,0.0
2315,32Mt_L1_NS,32MT_NS,0.006,0.006
2315,32Mt_L1_EW,32MT_EW,0.014,0.014
2315,32Mt_L1_NS,NONE,0.02,0.0
2315,304Nvl_L2_NS,304NVL_NS,0.008,0.008
2315,32Nvl_L3_EW,NONE,0.006,0.0
2315,NvcNvl_L1_NS,NONE,0.044,0.0
2315,32Mt_L2_NS,32MT_NS,0.006,0.006
2315,32Mt_L2_EW,32MT_EW,0.005,0.005
2315,32Mt_L2_NS,NONE,0.009,0.0
2320,304Nvl_L1_NS,304NVL_NS,0.018,0.018
2320,304Nvl_L3_NS,NONE,0.015,0.0
2320,304Nvl_L1_EW,304NVL_EW,0.008,0.008
2320,304Nvl_L2_EW,304NVL_EW,0.007,0.007
2320,32Mt_L1_NS,32MT_NS,0.031,0.031
2320,32Mt_L1_NS,NONE,0.01,0.0
2320,NvcCmt8_L2_EW,NONE,0.007,0.0
2320,32Thn_L1_EW,NONE,0.058,0.0
2320,32Thn_L2_EW,NONE,0.061,0.0
2320,32Thn_L3_EW,NONE,0.042,0.0
2320,304Nvl_L2_NS,304NVL_NS,0.015,0.015
2320,304Nvl_L3_EW,NONE,0.006,0.0
2320,32Mt_L2_NS,NONE,0.009,0.0
2320,NvcCmt8_L1_EW,NONE,0.006,0.0
2325,304Nvl_L1_NS,304NVL_NS,0.018,0.018
2325,304Nvl_L3_NS,NONE,0.015,0.0
2325,304Nvl_L1_EW,304NVL_EW,0.008,0.008
2325,304Nvl_L2_EW,304NVL_EW,0.007,0.007
2325,NvcNvl_L3_NS,NONE,0.007,0.0
2325,NvcNvl_L2_NS,NONE,0.007,0.0
2325,NvcNvl_L1_EW,NONE,0.128,0.0
2325,NvcNvl_L2_EW,NONE,0.092,0.0
2325,32Mt_L1_NS,32MT_NS,0.031,0.027
2325,32Mt_L1_EW,NONE,0.007,0.0
2325,32Mt_L1_EW,32MT_EW,0.007,0.007
2325,32Mt_L1_NS,NONE,0.01,0.0
2325,NvcMt_L1_NS,NVCMT_NS,0.007,-0.015
2325,32Thn_L1_EW,NONE,0.01,0.0
2325,32Thn_L2_EW,NONE,0.01,0.0
2325,32Thn_L1_EW,32THN_EW,0.04,0.04
2325,32Thn_L3_EW,NONE,0.007,0.0
2325,304Nvl_L2_NS,304NVL_NS,0.015,0.015
2325,304Nvl_L3_EW,NONE,0.006,0.0
2325,NvcNvl_L1_NS,NONE,0.009,0.0
2325,NvcNvl_L3_EW,NONE,0.076,0.0
2325,32Mt_L2_EW,32MT_EW,0.005,0.005
2325,32Mt_L2_NS,NONE,0.009,0.0
2325,NvcMt_L2_NS,NVCMT_NS,0.005,0.005
2330,304Nvl_L1_NS,304NVL_NS,0.018,0.018
2330,304Nvl_L3_NS,NONE,0.015,0.0
2330,304Nvl_L1_EW,304NVL_EW,0.025,0.025
2330,304Nvl_L2_EW,304NVL_EW,0.015,0.015
2330,32Nvl_L3_NS,NONE,0.008,0.0
2330,32Nvl_L2_NS,32NVL_NS,0.008,-0.003
2330,NvcNvl_L3_NS,NONE,0.007,0.0
2330,NvcNvl_L2_NS,NONE,0.007,0.0
2330,NvcNvl_L1_EW,NONE,0.139,0.0
2330,NvcNvl_L2_EW,NONE,0.099,0.0
2330,32Mt_L1_NS,32MT_NS,0.031,0.027
2330,32Mt_L1_EW,NONE,0.007,0.0
2330,NvcMt_L1_NS,NVCMT_NS,0.007,-0.015
2330,32Thn_L1_EW,32THN_EW,0.048,0.048
2330,304Nvl_L2_NS,304NVL_NS,0.015,0.01
2330,304Nvl_L3_EW,NONE,0.013,0.0
2330,32Nvl_L1_NS,32NVL_NS,0.013,0.001
2330,NvcNvl_L1_NS,NONE,0.009,0.0
2330,NvcNvl_L3_EW,NONE,0.082,0.0
2330,NvcMt_L2_NS,NVCMT_NS,0.005,0.005
2330,NvcCmt8_L1_EW,NVCCMT8_EW,0.008,0.008
2335,304Nvl_L1_NS,304NVL_NS,0.018,0.018
2335,304Nvl_L3_NS,NONE,0.015,0.0
2335,304Nvl_L1_EW,304NVL_EW,0.025,0.025
2335,304Nvl_L2_EW,304NVL_EW,0.015,0.015
2335,304Nvl_L1_NS,NONE,0.015,0.0
2335,304Nvl_L3_NS,NONE,0.008,0.0
2335,32Nvl_L3_NS,NONE,0.008,0.0
2335,32Nvl_L2_NS,32NVL_NS,0.008,-0.003
2335,NvcNvl_L3_NS,NONE,0.007,0.0
2335,NvcNvl_L2_NS,NONE,0.007,0.0
2335,NvcNvl_L1_EW,NONE,0.011,0.0
2335,NvcNvl_L2_EW,NONE,0.008,0.0
2335,NvcNvl_L1_EW,NVCNVL_EW,0.007,0.003
2335,32Mt_L1_NS,32MT_NS,0.006,0.001
2335,32Mt_L1_EW,NONE,0.036,0.0
2335,32Mt_L3_EW,NONE,0.044,0.0
2335,32Mt_L1_EW,32MT_EW,0.007,0.007
2335,NvcMt_L1_EW,NVCMT_EW,0.006,0.001
2335,NvcMt_L1_NS,NVCMT_NS,0.007,0.002
2335,304Nvl_L2_NS,304NVL_NS,0.015,0.01
2335,304Nvl_L3_EW,NONE,0.013,0.0
2335,304Nvl_L2_NS,NONE,0.007,0.0
2335,32Nvl_L1_NS,32NVL_NS,0.013,0.001
2335,NvcNvl_L1_NS,NONE,0.009,0.0
2335,32Mt_L2_EW,NONE,0.038,0.0
2335,32Mt_L2_EW,32MT_EW,0.005,0.005
2335,NvcMt_L2_EW,NVCMT_EW,0.008,0.008
2335,NvcMt_L2_NS,NVCMT_NS,0.005,0.005
2340,304Thn_L1_EW,304THN_EW,0.008,0.008
2340,304Thn_L3_EW,NONE,0.008,0.0
2340,304Nvl_L1_NS,304NVL_NS,0.027,0.027
2340,304Nvl_L3_NS,NONE,0.015,0.0
2340,304Nvl_L1_NS,NONE,0.007,0.0
2340,32Nvl_L3_NS,NONE,0.017,0.0
2340,32Nvl_L2_NS,32NVL_NS,0.016,0.005
2340,NvcNvl_L3_NS,NONE,0.014,0.0
2340,NvcNvl_L2_NS,NONE,0.013,0.0
2340,NvcNvl_L1_EW,NVCNVL_EW,0.007,0.007
2340,32Mt_L1_NS,32MT_NS,0.006,0.001
2340,32Mt_L1_EW,NONE,0.036,0.0
2340,32Mt_L3_EW,NONE,0.044,0.0
2340,32Mt_L1_EW,32MT_EW,0.007,0.007
2340,32Mt_L1_NS,NONE,0.01,0.0
2340,NvcMt_L1_NS,NVCMT_NS,0.007,0.002
2340,304Nvl_L2_NS,304NVL_NS,0.015,0.004
2340,32Nvl_L1_NS,32NVL_NS,0.02,0.001
2340,NvcNvl_L1_NS,NONE,0.017,0.0
2340,32Mt_L2_EW,NONE,0.038,0.0
2340,32Mt_L2_EW,32MT_EW,0.005,0.005
2340,32Mt_L2_NS,NONE,0.009,0.0
2340,NvcMt_L2_NS,NVCMT_NS,0.005,0.005
2340,304Thn_L2_EW,304THN_EW,0.007,0.007
2345,304Nvl_L1_NS,304NVL_NS,0.027,0.027
2345,304Nvl_L3_NS,NONE,0.015,0.0
2345,304Nvl_L1_EW,304NVL_EW,0.017,0.017
2345,304Nvl_L2_EW,304NVL_EW,0.007,0.007
2345,304Nvl_L1_NS,NONE,0.015,0.0
2345,32Nvl_L3_NS,NONE,0.025,0.0
2345,32Nvl_L2_NS,32NVL_NS,0.024,0.013
2345,NvcNvl_L1_EW,NONE,0.128,0.0
2345,NvcNvl_L2_EW,NONE,0.092,0.0
2345,NvcNvl_L1_EW,NVCNVL_EW,0.007,0.007
2345,32Mt_L1_EW,NONE,0.014,0.0
2345,32Mt_L3_EW,NONE,0.009,0.0
2345,32Mt_L1_EW,32MT_EW,0.119,0.119
2345,NvcMt_L1_NS,NVCMT_NS,0.007,0.007
2345,304Nvl_L2_NS,304NVL_NS,0.015,-0.001
2345,304Nvl_L3_EW,NONE,0.006,0.0
2345,32Nvl_L1_NS,32NVL_NS,0.02,0.001
2345,32Mt_L2_EW,NONE,0.008,0.0
2345,32Mt_L2_EW,32MT_EW,0.092,0.092
2345,NvcMt_L2_NS,NVCMT_NS,0.005,0.005
2350,304Nvl_L1_NS,304NVL_NS,0.027,0.027
2350,304Nvl_L3_NS,NONE,0.015,0.0
2350,32Nvl_L3_NS,NONE,0.075,0.0
2350,32Nvl_L2_NS,32NVL_NS,0.071,0.06
2350,NvcNvl_L3_NS,NONE,0.034,0.0
2350,NvcNvl_L2_NS,NONE,0.04,0.0
2350,32Mt_L1_NS,32MT_NS,0.006,0.001
2350,32Mt_L1_EW,NONE,0.007,0.0
2350,32Mt_L3_EW,NONE,0.009,0.0
2350,32Mt_L1_EW,32MT_EW,0.202,0.202
2350,NvcMt_L1_NS,NVCMT_NS,0.007,0.002
2350,NvcCmt8_L2_EW,NVCCMT8_EW,0.005,0.005
2350,304Nvl_L2_NS,304NVL_NS,0.015,-0.035
2350,32Nvl_L1_NS,32NVL_NS,0.06,0.041
2350,NvcNvl_L1_NS,NONE,0.052,0.0
2350,32Mt_L2_EW,NONE,0.008,0.0
2350,32Mt_L2_EW,32MT_EW,0.152,0.152
2350,NvcMt_L2_NS,NVCMT_NS,0.005,0.005
2350,NvcCmt8_L1_EW,NVCCMT8_EW,0.008,0.008
2355,304Nvl_L1_NS,304NVL_NS,0.018,0.018
2355,304Nvl_L3_NS,NONE,0.015,0.0
2355,304Nvl_L1_NS,NONE,0.007,0.0
2355,32Nvl_L3_NS,NONE,0.075,0.0
2355,32Nvl_L2_NS,32NVL_NS,0.071,0.06
2355,NvcNvl_L3_NS,NONE,0.014,0.0
2355,NvcNvl_L2_NS,NONE,0.013,0.0
2355,32Mt_L1_NS,32MT_NS,0.006,0.006
2355,32Mt_L1_EW,NONE,0.007,0.0
2355,32Mt_L3_EW,NONE,0.009,0.0
2355,32Mt_L1_EW,32MT_EW,0.056,0.056
2355,304Nvl_L2_NS,304NVL_NS,0.015,-0.035
2355,32Nvl_L1_NS,32NVL_NS,0.06,0.048
2355,NvcNvl_L1_NS,NONE,0.017,0.0
2355,32Mt_L2_EW,NONE,0.008,0.0
2355,32Mt_L2_EW,32MT_EW,0.038,0.038
2355,NvcCmt8_L1_EW,NONE,0.006,0.0
2360,32Nvl_L3_NS,NONE,0.007,0.0
2360,32Nvl_L1_NS,32NVL_NS,0.007,0.007
2360,32Nvl_L1_EW,32NVL_EW,0.007,-0.027
2360,32Nvl_L2_EW,32NVL_EW,0.008,-0.011
2360,32Nvl_L3_NS,NONE,0.05,0.0
2360,32Nvl_L2_NS,32NVL_NS,0.055,0.055
2360,NvcNvl_L3_NS,NONE,0.007,0.0
2360,NvcNvl_L2_NS,NONE,0.007,0.0
2360,32Mt_L1_NS,32MT_NS,0.082,0.082
2360,32Mt_L1_EW,32MT_EW,0.049,0.044
2360,NvcMt_L2_NS,NONE,0.005,0.0
2360,NvcMt_L1_EW,NVCMT_EW,0.006,0.006
2360,NvcCmt8_L2_NS,NONE,0.011,0.0
2360,NvcCmt8_L1_NS,NONE,0.008,0.0
2360,32Nvl_L2_NS,32NVL_NS,0.007,0.007
2360,32Nvl_L3_EW,NONE,0.006,0.0
2360,32Nvl_L1_NS,32NVL_NS,0.047,0.047
2360,NvcNvl_L1_NS,NONE,0.009,0.0
2360,32Mt_L2_EW,32MT_EW,0.027,0.022
2360,NvcMt_L1_NS,NONE,0.005,0.0
2360,NvcMt_L2_EW,NVCMT_EW,0.008,0.008
2365,304Nvl_L1_EW,304NVL_EW,0.008,0.008
2365,304Nvl_L2_EW,304NVL_EW,0.007,0.007
2365,32Nvl_L3_NS,NONE,0.007,0.0
2365,32Nvl_L1_NS,32NVL_NS,0.007,0.007
2365,32Nvl_L1_EW,32NVL_EW,0.042,0.013
2365,32Nvl_L2_EW,32NVL_EW,0.046,0.027
2365,32Nvl_L2_NS,32NVL_NS,0.039,0.039
2365,NvcNvl_L3_NS,NONE,0.041,0.0
2365,NvcNvl_L2_NS,NONE,0.04,0.0
2365,NvcNvl_L1_EW,NONE,0.011,0.0
2365,NvcNvl_L2_EW,NONE,0.008,0.0
2365,32Mt_L1_NS,32MT_NS,0.082,0.082
2365,32Mt_L1_EW,32MT_EW,0.042,0.012
2365,NvcMt_L1_EW,NVCMT_EW,0.006,0.006
2365,NvcCmt8_L2_EW,NONE,0.007,0.0
2365,304Nvl_L3_EW,NONE,0.006,0.0
2365,32Nvl_L2_NS,32NVL_NS,0.007,0.007
2365,32Nvl_L3_EW,NONE,0.038,0.0
2365,32Nvl_L1_NS,32NVL_NS,0.034,0.034
2365,NvcNvl_L1_NS,NONE,0.052,0.0
2365,32Mt_L2_EW,32MT_EW,0.027,-0.005
2365,NvcMt_L2_EW,NVCMT_EW,0.008,0.008
2365,NvcCmt8_L1_EW,NONE,0.006,0.0
2370,304Nvl_L1_EW,304NVL_EW,0.025,0.025
2370,304Nvl_L2_EW,304NVL_EW,0.022,0.022
2370,304Nvl_L1_NS,NONE,0.007,0.0
2370,32Nvl_L3_NS,NONE,0.007,0.0
2370,32Nvl_L1_NS,32NVL_NS,0.014,0.014
2370,32Nvl_L1_EW,32NVL_EW,0.064,0.034
2370,32Nvl_L2_EW,32NVL_EW,0.07,0.047
2370,32Mt_L1_EW,32MT_EW,0.042,-0.003
2370,NvcMt_L1_EW,NVCMT_EW,0.006,0.006
2370,304Nvl_L3_EW,NONE,0.019,0.0
2370,32Nvl_L2_NS,32NVL_NS,0.007,0.007
2370,32Nvl_L3_EW,NONE,0.056,0.0
2370,32Mt_L2_EW,32MT_EW,0.033,-0.016
2370,NvcMt_L2_EW,NVCMT_EW,0.008,0.008
2375,304Nvl_L1_EW,304NVL_EW,0.076,0.076
2375,304Nvl_L2_EW,304NVL_EW,0.065,0.065
2375,32Nvl_L3_NS,NONE,0.007,0.0
2375,32Nvl_L1_NS,32NVL_NS,0.007,0.007
2375,32Nvl_L1_EW,32NVL_EW,0.028,0.004
2375,32Nvl_L2_EW,32NVL_EW,0.031,0.012
2375,NvcNvl_L3_NS,NONE,0.007,0.0
2375,NvcNvl_L2_NS,NONE,0.007,0.0
2375,32Mt_L1_EW,NONE,0.014,0.0
2375,32Mt_L3_EW,NONE,0.018,0.0
2375,32Mt_L1_EW,32MT_EW,0.035,0.015
2375,NvcMt_L1_EW,NVCMT_EW,0.006,0.001
2375,304Nvl_L3_EW,NONE,0.051,0.0
2375,32Nvl_L2_NS,32NVL_NS,0.007,0.007
2375,32Nvl_L3_EW,NONE,0.025,0.0
2375,32Nvl_L1_NS,32NVL_NS,0.007,0.007
2375,NvcNvl_L1_NS,NONE,0.009,0.0
2375,32Mt_L2_EW,NONE,0.015,0.0
2375,32Mt_L2_EW,32MT_EW,0.027,0.006
2375,NvcMt_L2_EW,NVCMT_EW,0.008,0.008
2375,NvcCmt8_L1_EW,NVCCMT8_EW,0.008,0.003
2380,304Nvl_L1_NS,304NVL_NS,0.009,0.009
2380,304Nvl_L3_NS,NONE,0.007,0.0
2380,304Nvl_L1_EW,304NVL_EW,0.076,0.076
2380,304Nvl_L2_EW,304NVL_EW,0.065,0.065
2380,32Nvl_L1_EW,32NVL_EW,0.007,0.007
2380,32Nvl_L2_EW,32NVL_EW,0.008,0.008
2380,NvcMt_L1_NS,NVCMT_NS,0.007,0.007
2380,304Nvl_L2_NS,304NVL_NS,0.008,0.008
2380,304Nvl_L3_EW,NONE,0.051,0.0
2380,32Nvl_L3_EW,NONE,0.006,0.0
2380,32Nvl_L1_NS,32NVL_NS,0.02,0.014
2380,NvcMt_L2_NS,NVCMT_NS,0.005,0.005
2385,304Nvl_L1_EW,304NVL_EW,0.076,0.076
2385,304Nvl_L2_EW,304NVL_EW,0.065,0.065
2385,304Nvl_L1_NS,NONE,0.007,0.0
2385,32Nvl_L1_EW,32NVL_EW,0.007,0.007
2385,32Nvl_L2_EW,32NVL_EW,0.008,0.008
2385,32Mt_L1_NS,NONE,0.029,0.0
2385,NvcMt_L1_NS,NVCMT_NS,0.007,0.007
2385,304Nvl_L3_EW,NONE,0.057,0.0
2385,32Nvl_L3_EW,NONE,0.006,0.0
2385,32Nvl_L1_NS,32NVL_NS,0.047,0.047
2385,32Mt_L2_NS,NONE,0.009,0.0
2385,NvcMt_L2_NS,NVCMT_NS,0.005,0.005
2390,304Nvl_L1_EW,304NVL_EW,0.076,0.076
2390,304Nvl_L2_EW,304NVL_EW,0.065,0.065
2390,304Nvl_L1_EW,NONE,0.008,0.0
2390,32Nvl_L1_EW,32NVL_EW,0.007,0.007
2390,32Nvl_L2_EW,32NVL_EW,0.008,0.008
2390,NvcNvl_L1_EW,NVCNVL_EW,0.007,0.007
2390,NvcNvl_L2_EW,NVCNVL_EW,0.008,0.008
2390,32Mt_L1_EW,NONE,0.043,0.0
2390,32Mt_L3_EW,NONE,0.009,0.0
2390,NvcMt_L2_NS,NONE,0.005,0.0
2390,304Nvl_L3_EW,NONE,0.057,0.0
2390,32Nvl_L3_EW,NONE,0.006,0.0
2390,32Nvl_L1_NS,32NVL_NS,0.007,0.007
2390,NvcNvl_L3_EW,NONE,0.009,0.0
2390,32Mt_L2_EW,NONE,0.008,0.0
2390,NvcMt_L1_NS,NONE,0.005,0.0
2395,304Nvl_L1_EW,304NVL_EW,0.068,0.068
2395,304Nvl_L2_EW,304NVL_EW,0.058,0.058
2395,32Nvl_L1_NS,32NVL_NS,0.007,0.007
2395,32Nvl_L1_EW,32NVL_EW,0.007,0.002
2395,32Nvl_L2_EW,32NVL_EW,0.008,0.008
2395,NvcNvl_L1_EW,NONE,0.011,0.0
2395,NvcNvl_L2_EW,NONE,0.008,0.0
2395,NvcNvl_L1_EW,NVCNVL_EW,0.007,0.007
2395,NvcNvl_L2_EW,NVCNVL_EW,0.008,0.008
2395,32Mt_L1_NS,32MT_NS,0.006,0.006
2395,32Mt_L1_EW,NONE,0.007,0.0
2395,32Mt_L3_EW,NONE,0.009,0.0
2395,32Mt_L1_EW,32MT_EW,0.007,0.002
2395,304Nvl_L3_EW,NONE,0.051,0.0
2395,32Nvl_L2_NS,32NVL_NS,0.007,0.007
2395,32Nvl_L3_EW,NONE,0.006,0.0
2395,NvcNvl_L3_EW,NONE,0.006,0.0
2395,NvcNvl_L3_EW,NONE,0.009,0.0
2395,32Mt_L2_EW,NONE,0.008,0.0
2400,304Nvl_L1_EW,304NVL_EW,0.068,0.068
2400,304Nvl_L2_EW,304NVL_EW,0.058,0.058
2400,304Nvl_L1_NS,NONE,0.015,0.0
2400,304Nvl_L3_NS,NONE,0.008,0.0
2400,32Nvl_L1_NS,32NVL_NS,0.007,0.007
2400,32Nvl_L1_EW,32NVL_EW,0.007,0.007
2400,32Nvl_L2_EW,32NVL_EW,0.008,0.008
2400,NvcNvl_L1_EW,NVCNVL_EW,0.007,0.003
2400,NvcNvl_L2_EW,NVCNVL_EW,0.008,0.008
2400,32Mt_L1_NS,32MT_NS,0.006,0.006
2400,32Mt_L1_EW,NONE,0.007,0.0
2400,32Mt_L3_EW,NONE,0.009,0.0
2400,NvcMt_L1_EW,NVCMT_EW,0.006,-0.004
2400,NvcCmt8_L2_EW,NVCCMT8_EW,0.005,0.005
2400,304Nvl_L3_EW,NONE,0.051,0.0
2400,304Nvl_L2_NS,NONE,0.007,0.0
2400,32Nvl_L2_NS,32NVL_NS,0.007,0.007
2400,32Nvl_L3_EW,NONE,0.006,0.0
2400,NvcNvl_L3_EW,NONE,0.009,0.0
2400,32Mt_L2_EW,NONE,0.015,0.0
2400,NvcMt_L2_EW,NVCMT_EW,0.008,-0.001
2400,NvcCmt8_L1_EW,NVCCMT8_EW,0.008,0.003
2405,304Nvl_L1_EW,304NVL_EW,0.059,0.059
2405,304Nvl_L2_EW,304NVL_EW,0.051,0.051
2405,304Nvl_L1_NS,NONE,0.015,0.0
2405,32Nvl_L1_EW,32NVL_EW,0.007,-0.003
2405,32Nvl_L2_EW,32NVL_EW,0.008,0.0
2405,32Nvl_L3_NS,NONE,0.008,0.0
2405,32Nvl_L2_NS,32NVL_NS,0.008,0.008
2405,NvcNvl_L3_NS,NONE,0.007,0.0
2405,NvcNvl_L2_NS,NONE,0.007,0.0
2405,NvcNvl_L1_EW,NVCNVL_EW,0.007,0.003
2405,NvcNvl_L2_EW,NVCNVL_EW,0.008,0.008
2405,32Mt_L1_EW,NONE,0.007,0.0
2405,32Mt_L1_EW,32MT_EW,0.014,0.009
2405,NvcMt_L1_EW,NVCMT_EW,0.006,-0.004
2405,NvcCmt8_L2_EW,NVCCMT8_EW,0.005,0.005
2405,304Nvl_L3_EW,NONE,0.044,0.0
2405,32Nvl_L3_EW,NONE,0.006,0.0
2405,32Nvl_L1_NS,32NVL_NS,0.007,0.007
2405,NvcNvl_L1_NS,NONE,0.009,0.0
2405,NvcNvl_L3_EW,NONE,0.009,0.0
2405,32Mt_L2_EW,NONE,0.008,0.0
2405,32Mt_L2_EW,32MT_EW,0.011,0.005
2405,NvcMt_L2_EW,NVCMT_EW,0.008,-0.001
2405,NvcCmt8_L1_EW,NVCCMT8_EW,0.008,0.003
2410,304Nvl_L1_EW,304NVL_EW,0.017,0.017
2410,304Nvl_L2_EW,304NVL_EW,0.007,0.007
2410,304Nvl_L1_NS,NONE,0.015,0.0
2410,32Nvl_L1_EW,32NVL_EW,0.007,-0.003
2410,32Nvl_L2_EW,32NVL_EW,0.008,0.004
2410,NvcNvl_L3_NS,NONE,0.007,0.0
2410,NvcNvl_L2_NS,NONE,0.007,0.0
2410,NvcNvl_L1_EW,NONE,0.011,0.0
2410,NvcNvl_L2_EW,NONE,0.008,0.0
2410,NvcNvl_L1_EW,NVCNVL_EW,0.007,0.003
2410,NvcNvl_L2_EW,NVCNVL_EW,0.008,0.008
2410,32Mt_L1_EW,32MT_EW,0.014,0.009
2410,NvcMt_L1_EW,NVCMT_EW,0.006,-0.004
2410,NvcCmt8_L2_EW,NVCCMT8_EW,0.005,0.005
2410,304Nvl_L3_EW,NONE,0.006,0.0
2410,32Nvl_L3_EW,NONE,0.006,0.0
2410,NvcNvl_L1_NS,NONE,0.009,0.0
2410,32Mt_L2_EW,32MT_EW,0.005,0.0
2410,NvcMt_L2_EW,NVCMT_EW,0.008,-0.001
2410,NvcCmt8_L1_EW,NVCCMT8_EW,0.008,0.003
2415,304Nvl_L1_EW,304NVL_EW,0.017,0.017
2415,304Nvl_L2_EW,304NVL_EW,0.007,0.007
2415,304Nvl_L1_NS,NONE,0.015,0.0
2415,32Nvl_L1_NS,32NVL_NS,0.007,0.007
2415,NvcNvl_L3_NS,NONE,0.034,0.0
2415,NvcNvl_L2_NS,NONE,0.033,0.0
2415,NvcNvl_L1_EW,NONE,0.021,0.0
2415,NvcNvl_L2_EW,NONE,0.015,0.0
2415,32Mt_L1_EW,NONE,0.007,0.0
2415,NvcMt_L1_EW,NVCMT_EW,0.006,0.001
2415,NvcCmt8_L2_EW,NVCCMT8_EW,0.005,0.005
2415,304Nvl_L3_EW,NONE,0.006,0.0
2415,32Nvl_L2_NS,32NVL_NS,0.007,0.007
2415,NvcNvl_L1_NS,NONE,0.044,0.0
2415,NvcNvl_L3_EW,NONE,0.006,0.0
2415,NvcMt_L2_EW,NVCMT_EW,0.008,0.004
2415,NvcCmt8_L1_EW,NVCCMT8_EW,0.008,0.003
2420,304Nvl_L1_EW,304NVL_EW,0.008,0.008
2420,304Nvl_L1_NS,NONE,0.007,0.0
2420,32Nvl_L1_NS,32NVL_NS,0.007,0.007
2420,32Nvl_L1_EW,32NVL_EW,0.007,0.002
2420,32Mt_L1_EW,32MT_EW,0.007,0.007
2420,32Nvl_L2_NS,32NVL_NS,0.007,0.007
2420,32Nvl_L1_NS,32NVL_NS,0.007,0.007
2420,32Mt_L2_EW,32MT_EW,0.005,0.005
2425,304Nvl_L1_EW,304NVL_EW,0.017,0.017
2425,304Nvl_L1_EW,NONE,0.008,0.0
2425,304Nvl_L2_EW,NONE,0.009,0.0
2425,32Nvl_L1_NS,32NVL_NS,0.007,0.002
2425,32Nvl_L3_NS,NONE,0.017,0.0
2425,32Nvl_L2_NS,32NVL_NS,0.016,0.016
2425,NvcNvl_L1_NS,NVCNVL_NS,0.007,0.002
2425,32Mt_L1_NS,32MT_NS,0.006,0.006
2425,NvcMt_L2_NS,NONE,0.005,0.0
2425,304Nvl_L3_EW,NONE,0.008,0.0
2425,32Nvl_L2_NS,32NVL_NS,0.007,0.007
2425,32Nvl_L1_NS,32NVL_NS,0.02,0.016
2425,NvcMt_L1_NS,NONE,0.005,0.0
2425,NvcCmt8_L1_EW,NONE,0.006,0.0
2430,32Nvl_L3_NS,NONE,0.007,0.0
2430,32Nvl_L1_NS,32NVL_NS,0.014,0.009
2430,32Nvl_L3_NS,NONE,0.017,0.0
2430,32Nvl_L2_NS,32NVL_NS,0.016,0.016
2430,NvcNvl_L3_NS,NONE,0.007,0.0
2430,NvcNvl_L2_NS,NONE,0.007,0.0
2430,NvcNvl_L1_NS,NVCNVL_NS,0.007,-0.003
2430,NvcMt_L1_EW,NVCMT_EW,0.006,0.006
2430,32Nvl_L2_NS,32NVL_NS,0.013,0.013
2430,32Nvl_L1_NS,32NVL_NS,0.013,0.009
2430,NvcNvl_L1_NS,NONE,0.009,0.0
2430,NvcMt_L2_EW,NVCMT_EW,0.008,0.008
2435,304Nvl_L1_NS,304NVL_NS,0.009,-0.005
2435,304Nvl_L3_NS,NONE,0.007,0.0
2435,304Nvl_L1_EW,304NVL_EW,0.008,0.008
2435,32Nvl_L3_NS,NONE,0.014,0.0
2435,32Nvl_L1_NS,32NVL_NS,0.021,0.014
2435,32Nvl_L3_NS,NONE,0.017,0.0
2435,32Nvl_L2_NS,32NVL_NS,0.016,0.01
2435,NvcMt_L2_NS,NONE,0.005,0.0
2435,304Nvl_L2_NS,304NVL_NS,0.008,-0.003
2435,32Nvl_L2_NS,32NVL_NS,0.02,0.015
2435,32Nvl_L1_NS,32NVL_NS,0.013,0.007
2435,NvcMt_L1_NS,NONE,0.005,0.0
2440,304Nvl_L1_NS,304NVL_NS,0.009,-0.005
2440,304Nvl_L3_NS,NONE,0.007,0.0
2440,32Nvl_L3_NS,NONE,0.014,0.0
2440,32Nvl_L1_NS,32NVL_NS,0.021,0.014
2440,32Nvl_L1_EW,32NVL_EW,0.007,0.007
2440,32Nvl_L2_EW,32NVL_EW,0.008,0.008
2440,32Nvl_L3_NS,NONE,0.017,0.0
2440,32Nvl_L2_NS,32NVL_NS,0.016,0.01
2440,304Nvl_L2_NS,304NVL_NS,0.008,-0.003
2440,32Nvl_L2_NS,32NVL_NS,0.02,0.015
2440,32Nvl_L3_EW,NONE,0.006,0.0
2440,32Nvl_L1_NS,32NVL_NS,0.013,0.007
2445,304Nvl_L1_NS,304NVL_NS,0.009,-0.035
2445,304Nvl_L3_NS,NONE,0.007,0.0
2445,32Nvl_L3_NS,NONE,0.055,0.0
2445,32Nvl_L1_NS,32NVL_NS,0.062,0.056
2445,32Nvl_L3_NS,NONE,0.017,0.0
2445,32Nvl_L2_NS,32NVL_NS,0.016,0.01
2445,32Mt_L1_EW,NONE,0.036,0.0
2445,32Mt_L3_EW,NONE,0.044,0.0
2445,304Nvl_L2_NS,304NVL_NS,0.008,-0.003
2445,32Nvl_L2_NS,32NVL_NS,0.06,0.055
2445,32Nvl_L1_NS,32NVL_NS,0.013,0.007
2445,32Mt_L2_EW,NONE,0.038,0.0
2450,304Nvl_L1_NS,304NVL_NS,0.018,-0.001
2450,304Nvl_L3_NS,NONE,0.015,0.0
2450,32Nvl_L3_NS,NONE,0.014,0.0
2450,32Nvl_L1_NS,32NVL_NS,0.028,0.015
2450,32Nvl_L1_EW,32NVL_EW,0.007,0.007
2450,32Nvl_L2_EW,32NVL_EW,0.008,0.008
2450,32Nvl_L1_EW,32NVL_EW,0.007,0.007
2450,32Nvl_L3_NS,NONE,0.017,0.0
2450,32Nvl_L2_NS,32NVL_NS,0.016,0.005
2450,32Mt_L1_EW,NONE,0.007,0.0
2450,32Mt_L3_EW,NONE,0.009,0.0
2450,NvcMt_L1_EW,NVCMT_EW,0.006,0.006
2450,304Nvl_L2_NS,304NVL_NS,0.015,0.004
2450,32Nvl_L2_NS,32NVL_NS,0.027,0.016
2450,32Nvl_L3_EW,NONE,0.006,0.0
2450,32Nvl_L1_NS,32NVL_NS,0.02,0.007
2450,32Mt_L2_EW,NONE,0.008,0.0
2450,NvcMt_L2_EW,NVCMT_EW,0.008,0.008
2455,304Thn_L1_EW,NONE,0.007,0.0
2455,304Thn_L2_EW,NONE,0.008,0.0
2455,304Nvl_L1_NS,304NVL_NS,0.018,-0.001
2455,304Nvl_L3_NS,NONE,0.015,0.0
2455,32Nvl_L3_NS,NONE,0.02,0.0
2455,32Nvl_L1_NS,32NVL_NS,0.028,0.015
2455,32Nvl_L3_NS,NONE,0.017,0.0
2455,32Nvl_L2_NS,32NVL_NS,0.016,0.005
2455,32Mt_L1_EW,32MT_EW,0.007,0.007
2455,32Mt_L1_NS,NONE,0.049,0.0
2455,NvcMt_L2_EW,NVCMT_EW,0.003,0.003
2455,304Nvl_L2_NS,304NVL_NS,0.015,0.004
2455,32Nvl_L2_NS,32NVL_NS,0.027,0.016
2455,32Nvl_L1_NS,32NVL_NS,0.02,0.007
2455,32Mt_L2_EW,32MT_EW,0.005,0.005
2455,NvcMt_L1_EW,NVCMT_EW,0.006,0.006
2460,304Nvl_L1_NS,304NVL_NS,0.018,-0.001
2460,304Nvl_L3_NS,NONE,0.015,0.0
2460,32Nvl_L3_NS,NONE,0.02,0.0
2460,32Nvl_L1_NS,32NVL_NS,0.028,0.015
2460,32Nvl_L3_NS,NONE,0.017,0.0
2460,32Nvl_L2_NS,32NVL_NS,0.016,0.005
2460,32Mt_L1_NS,NONE,0.01,0.0
2460,304Nvl_L2_NS,304NVL_NS,0.015,0.004
2460,32Nvl_L2_NS,32NVL_NS,0.027,0.016
2460,32Nvl_L1_NS,32NVL_NS,0.02,0.007
2465,304Thn_L1_EW,304THN_EW,0.008,0.008
2465,304Nvl_L1_NS,304NVL_NS,0.018,0.004
2465,304Nvl_L3_NS,NONE,0.015,0.0
2465,32Nvl_L3_NS,NONE,0.014,0.0
2465,32Nvl_L1_NS,32NVL_NS,0.021,0.008
2465,32Nvl_L3_NS,NONE,0.017,0.0
2465,32Nvl_L2_NS,32NVL_NS,0.016,0.005
2465,32Mt_L1_EW,NONE,0.007,0.0
2465,304Nvl_L2_NS,304NVL_NS,0.015,0.004
2465,32Nvl_L2_NS,32NVL_NS,0.02,0.009
2465,32Nvl_L1_NS,32NVL_NS,0.02,0.007
2470,304Nvl_L1_EW,304NVL_EW,0.017,0.017
2470,304Nvl_L2_EW,304NVL_EW,0.015,0.015
2470,32Nvl_L1_NS,32NVL_NS,0.014,0.014
2470,32Nvl_L3_NS,NONE,0.017,0.0
2470,32Nvl_L2_NS,32NVL_NS,0.016,0.016
2470,NvcNvl_L1_EW,NVCNVL_EW,0.007,0.007
2470,NvcNvl_L2_EW,NVCNVL_EW,0.008,0.008
2470,32Mt_L1_EW,32MT_EW,0.007,0.007
2470,NvcMt_L2_NS,NONE,0.032,0.0
2470,304Nvl_L3_EW,NONE,0.013,0.0
2470,32Nvl_L2_NS,32NVL_NS,0.013,0.013
2470,32Nvl_L1_NS,32NVL_NS,0.013,0.013
2470,NvcNvl_L3_EW,NONE,0.009,0.0
2470,32Mt_L2_EW,32MT_EW,0.005,0.005
2470,NvcMt_L1_NS,NONE,0.033,0.0
2475,304Nvl_L1_EW,304NVL_EW,0.034,0.034
2475,304Nvl_L2_EW,304NVL_EW,0.029,0.029
2475,NvcNvl_L1_EW,NVCNVL_EW,0.007,0.007
2475,NvcNvl_L2_EW,NVCNVL_EW,0.008,0.008
2475,32Mt_L1_EW,32MT_EW,0.014,0.014
2475,NvcMt_L2_NS,NONE,0.005,0.0
2475,32Thn_L1_EW,NONE,0.01,0.0
2475,32Thn_L2_EW,NONE,0.01,0.0
2475,32Thn_L3_EW,NONE,0.007,0.0
2475,304Nvl_L3_EW,NONE,0.025,0.0
2475,32Nvl_L1_NS,32NVL_NS,0.007,0.007
2475,NvcNvl_L3_EW,NONE,0.009,0.0
2475,32Mt_L2_EW,32MT_EW,0.011,0.011
2475,NvcMt_L1_NS,NONE,0.005,0.0
2480,304Nvl_L1_EW,304NVL_EW,0.034,0.034
2480,304Nvl_L2_EW,304NVL_EW,0.036,0.036
2480,304Nvl_L1_NS,NONE,0.007,0.0
2480,NvcNvl_L3_NS,NONE,0.007,0.0
2480,NvcNvl_L2_NS,NONE,0.007,0.0
2480,NvcNvl_L1_EW,NONE,0.011,0.0
2480,NvcNvl_L2_EW,NONE,0.008,0.0
2480,NvcNvl_L1_EW,NVCNVL_EW,0.007,0.003
2480,NvcNvl_L2_EW,NVCNVL_EW,0.008,0.008
2480,32Mt_L1_EW,32MT_EW,0.014,0.014
2480,NvcMt_L1_EW,NVCMT_EW,0.006,0.001
2480,32Thn_L1_EW,32THN_EW,0.008,0.008
2480,304Nvl_L3_EW,NONE,0.032,0.0
2480,32Nvl_L1_NS,32NVL_NS,0.007,0.007
2480,NvcNvl_L1_NS,NONE,0.009,0.0
2480,NvcNvl_L3_EW,NONE,0.006,0.0
2480,NvcNvl_L3_EW,NONE,0.009,0.0
2480,32Mt_L2_EW,32MT_EW,0.011,0.011
2480,NvcMt_L2_EW,NVCMT_EW,0.008,0.002
2485,304Nvl_L1_EW,304NVL_EW,0.025,0.025
2485,304Nvl_L2_EW,304NVL_EW,0.022,0.022
2485,NvcNvl_L1_EW,NVCNVL_EW,0.007,0.003
2485,NvcNvl_L2_EW,NVCNVL_EW,0.008,0.008
2485,32Mt_L1_EW,32MT_EW,0.021,0.021
2485,32Mt_L1_NS,NONE,0.049,0.0
2485,NvcMt_L1_EW,NVCMT_EW,0.006,0.001
2485,32Thn_L1_EW,32THN_EW,0.008,0.008
2485,304Nvl_L3_EW,NONE,0.013,0.0
2485,NvcNvl_L3_EW,NONE,0.009,0.0
2485,32Mt_L2_EW,32MT_EW,0.016,0.016
2485,32Mt_L2_NS,NONE,0.043,0.0
2485,NvcMt_L2_EW,NVCMT_EW,0.008,0.002
2485,NvcMt_L1_EW,NVCMT_EW,0.006,0.001
2490,304Nvl_L1_NS,NONE,0.007,0.0
2490,32Nvl_L3_NS,NONE,0.008,0.0
2490,32Nvl_L2_NS,32NVL_NS,0.008,0.008
2490,NvcNvl_L1_EW,NVCNVL_EW,0.007,0.003
2490,NvcNvl_L2_EW,NVCNVL_EW,0.008,0.008
2490,32Mt_L1_EW,NONE,0.007,0.0
2490,32Mt_L3_EW,NONE,0.009,0.0
2490,32Mt_L1_EW,32MT_EW,0.021,0.021
2490,NvcMt_L2_NS,NONE,0.005,0.0
2490,NvcMt_L1_EW,NVCMT_EW,0.006,0.001
2490,32Nvl_L1_NS,32NVL_NS,0.007,0.007
2490,NvcNvl_L3_EW,NONE,0.009,0.0
2490,32Mt_L2_EW,NONE,0.008,0.0
2490,32Mt_L2_EW,32MT_EW,0.016,0.016
2490,NvcMt_L1_NS,NONE,0.005,0.0
2490,NvcMt_L2_EW,NVCMT_EW,0.008,0.002
2495,NvcNvl_L1_EW,NVCNVL_EW,0.021,0.021
2495,NvcNvl_L2_EW,NVCNVL_EW,0.016,0.016
2495,32Mt_L1_EW,NONE,0.014,0.0
2495,32Mt_L3_EW,NONE,0.018,0.0
2495,32Mt_L1_EW,32MT_EW,0.021,0.021
2495,32Mt_L1_NS,NONE,0.01,0.0
2495,NvcNvl_L3_EW,NONE,0.019,0.0
2495,32Mt_L2_EW,NONE,0.015,0.0
2495,32Mt_L2_EW,32MT_EW,0.016,0.016
2495,32Mt_L2_NS,NONE,0.009,0.0
2500,304Nvl_L1_NS,NONE,0.007,0.0
2500,NvcNvl_L3_NS,NONE,0.007,0.0
2500,NvcNvl_L2_NS,NONE,0.007,0.0
2500,NvcNvl_L1_EW,NVCNVL_EW,0.021,0.021
2500,NvcNvl_L2_EW,NVCNVL_EW,0.016,0.016
2500,32Mt_L1_EW,NONE,0.022,0.0
2500,32Mt_L3_EW,NONE,0.009,0.0
2500,32Mt_L1_EW,32MT_EW,0.021,0.021
2500,32Mt_L1_NS,NONE,0.059,0.0
2500,32Thn_L1_EW,NONE,0.01,0.0
2500,32Thn_L2_EW,NONE,0.01,0.0
2500,32Thn_L3_EW,NONE,0.007,0.0
2500,NvcNvl_L1_NS,NONE,0.009,0.0
2500,NvcNvl_L3_EW,NONE,0.019,0.0
2500,32Mt_L2_EW,NONE,0.015,0.0
2500,32Mt_L2_EW,32MT_EW,0.016,0.016
2505,304Nvl_L1_EW,304NVL_EW,0.059,0.059
2505,304Nvl_L2_EW,304NVL_EW,0.044,0.044
2505,32Nvl_L3_NS,NONE,0.014,0.0
2505,32Nvl_L1_NS,32NVL_NS,0.014,0.014
2505,NvcNvl_L1_EW,NONE,0.011,0.0
2505,NvcNvl_L2_EW,NONE,0.008,0.0
2505,NvcNvl_L1_EW,NVCNVL_EW,0.021,0.021
2505,NvcNvl_L2_EW,NVCNVL_EW,0.016,0.016
2505,32Mt_L1_NS,32MT_NS,0.006,0.006
2505,32Mt_L1_EW,32MT_EW,0.028,0.028
2505,32Mt_L1_NS,NONE,0.049,0.0
2505,NvcMt_L2_NS,NONE,0.005,0.0
2505,32Thn_L1_EW,32THN_EW,0.008,0.008
2505,304Nvl_L3_EW,NONE,0.038,0.0
2505,32Nvl_L2_NS,32NVL_NS,0.013,0.013
2505,NvcNvl_L3_EW,NONE,0.019,0.0
2505,32Mt_L2_EW,32MT_EW,0.016,0.016
2505,NvcMt_L1_NS,NONE,0.005,0.0
2510,304Nvl_L1_EW,304NVL_EW,0.017,0.017
2510,304Nvl_L2_EW,304NVL_EW,0.015,0.015
2510,32Nvl_L1_EW,32NVL_EW,0.035,0.006
2510,32Nvl_L2_EW,32NVL_EW,0.039,0.023
2510,NvcNvl_L1_EW,NVCNVL_EW,0.014,0.014
2510,NvcNvl_L2_EW,NVCNVL_EW,0.016,0.016
2510,32Mt_L1_EW,NONE,0.007,0.0
2510,32Mt_L3_EW,NONE,0.009,0.0
2510,32Mt_L1_EW,32MT_EW,0.042,0.017
2510,32Mt_L1_NS,NONE,0.01,0.0
2510,304Nvl_L3_EW,NONE,0.013,0.0
2510,32Nvl_L3_EW,NONE,0.031,0.0
2510,NvcNvl_L3_EW,NONE,0.019,0.0
2510,32Mt_L2_EW,NONE,0.008,0.0
2510,32Mt_L2_EW,32MT_EW,0.022,-0.005
2510,32Mt_L2_NS,NONE,0.009,0.0
2515,304Nvl_L1_EW,304NVL_EW,0.008,0.008
2515,304Nvl_L2_EW,304NVL_EW,0.007,0.007
2515,32Nvl_L1_EW,32NVL_EW,0.035,0.006
2515,32Nvl_L2_EW,32NVL_EW,0.039,0.02
2515,32Nvl_L3_NS,NONE,0.042,0.0
2515,32Nvl_L2_NS,32NVL_NS,0.039,0.039
2515,NvcNvl_L1_EW,NVCNVL_EW,0.021,0.017
2515,NvcNvl_L2_EW,NVCNVL_EW,0.023,0.023
2515,32Mt_L1_NS,32MT_NS,0.006,0.006
2515,32Mt_L1_EW,32MT_EW,0.042,0.017
2515,32Mt_L1_NS,NONE,0.01,0.0
2515,NvcMt_L2_NS,NONE,0.005,0.0
2515,NvcMt_L1_EW,NVCMT_EW,0.006,-0.008
2515,304Nvl_L3_EW,NONE,0.006,0.0
2515,32Nvl_L3_EW,NONE,0.031,0.0
2515,32Nvl_L1_NS,32NVL_NS,0.04,0.04
2515,NvcNvl_L3_EW,NONE,0.028,0.0
2515,32Mt_L2_EW,32MT_EW,0.027,0.0
2515,32Mt_L2_NS,NONE,0.009,0.0
2515,NvcMt_L1_NS,NONE,0.005,0.0
2515,NvcMt_L2_EW,NVCMT_EW,0.008,-0.008
2520,304Nvl_L1_EW,304NVL_EW,0.059,0.059
2520,304Nvl_L2_EW,304NVL_EW,0.007,0.007
2520,304Nvl_L1_NS,NONE,0.007,0.0
2520,32Nvl_L1_NS,32NVL_NS,0.007,0.007
2520,32Nvl_L1_EW,32NVL_EW,0.035,0.011
2520,32Nvl_L2_EW,32NVL_EW,0.039,0.023
2520,32Nvl_L3_NS,NONE,0.058,0.0
2520,32Nvl_L2_NS,32NVL_NS,0.055,0.055
2520,NvcNvl_L1_EW,NVCNVL_EW,0.021,0.021
2520,NvcNvl_L2_EW,NVCNVL_EW,0.023,0.023
2520,32Mt_L1_NS,32MT_NS,0.006,0.001
2520,32Mt_L1_EW,32MT_EW,0.035,0.01
2520,32Mt_L1_NS,NONE,0.01,0.0
2520,NvcMt_L1_NS,NVCMT_NS,0.007,0.002
2520,32Nvl_L2_NS,32NVL_NS,0.007,0.007
2520,32Nvl_L3_EW,NONE,0.031,0.0
2520,32Nvl_L1_NS,32NVL_NS,0.04,0.04
2520,NvcNvl_L3_EW,NONE,0.028,0.0
2520,32Mt_L2_EW,32MT_EW,0.022,-0.005
2520,NvcMt_L2_NS,NVCMT_NS,0.005,0.005
2525,304Nvl_L1_NS,NONE,0.007,0.0
2525,32Nvl_L1_EW,32NVL_EW,0.035,0.021
2525,32Nvl_L2_EW,32NVL_EW,0.039,0.027
2525,32Nvl_L3_NS,NONE,0.017,0.0
2525,32Nvl_L2_NS,32NVL_NS,0.016,0.016
2525,NvcNvl_L3_NS,NONE,0.02,0.0
2525,NvcNvl_L2_NS,NONE,0.02,0.0
2525,NvcNvl_L1_EW,NONE,0.011,0.0
2525,NvcNvl_L2_EW,NONE,0.008,0.0
2525,NvcNvl_L1_EW,NVCNVL_EW,0.007,0.007
2525,NvcNvl_L2_EW,NVCNVL_EW,0.008,0.006
2525,32Mt_L1_EW,32MT_EW,0.021,-0.004
2525,NvcMt_L2_EW,NVCMT_EW,0.003,-0.003
2525,NvcMt_L1_NS,NVCMT_NS,0.007,0.007
2525,32Nvl_L3_EW,NONE,0.031,0.0
2525,32Nvl_L1_NS,32NVL_NS,0.013,0.013
2525,NvcNvl_L1_NS,NONE,0.026,0.0
2525,NvcNvl_L3_EW,NONE,0.006,0.0
2525,NvcNvl_L3_EW,NONE,0.009,0.0
2525,32Mt_L2_EW,32MT_EW,0.016,-0.011
2525,NvcMt_L1_EW,NVCMT_EW,0.006,0.001
2525,NvcMt_L2_NS,NVCMT_NS,0.005,0.005
2530,304Nvl_L1_EW,304NVL_EW,0.051,0.051
2530,304Nvl_L2_EW,304NVL_EW,0.044,0.044
2530,32Nvl_L3_NS,NONE,0.007,0.0
2530,32Nvl_L1_NS,32NVL_NS,0.014,0.014
2530,32Nvl_L1_EW,32NVL_EW,0.042,0.042
2530,32Nvl_L2_EW,32NVL_EW,0.046,0.046
2530,32Nvl_L3_NS,NONE,0.008,0.0
2530,32Nvl_L2_NS,32NVL_NS,0.008,0.008
2530,NvcNvl_L3_NS,NONE,0.034,0.0
2530,NvcNvl_L2_NS,NONE,0.033,0.0
2530,NvcNvl_L1_EW,NONE,0.011,0.0
2530,NvcNvl_L2_EW,NONE,0.008,0.0
2530,32Mt_L1_NS,NONE,0.01,0.0
2530,NvcMt_L1_NS,NVCMT_NS,0.007,0.007
2530,304Nvl_L3_EW,NONE,0.038,0.0
2530,32Nvl_L2_NS,32NVL_NS,0.013,0.013
2530,32Nvl_L3_EW,NONE,0.038,0.0
2530,32Nvl_L1_NS,32NVL_NS,0.013,0.013
2530,NvcNvl_L1_NS,NONE,0.044,0.0
2530,NvcNvl_L3_EW,NONE,0.006,0.0
2530,NvcMt_L2_NS,NVCMT_NS,0.005,0.005
2535,32Nvl_L3_NS,NONE,0.007,0.0
2535,32Nvl_L1_NS,32NVL_NS,0.014,0.014
2535,32Nvl_L1_EW,32NVL_EW,0.035,0.026
2535,32Nvl_L2_EW,32NVL_EW,0.039,0.031
2535,32Nvl_L3_NS,NONE,0.008,0.0
2535,32Nvl_L2_NS,32NVL_NS,0.008,0.008
2535,NvcNvl_L3_NS,NONE,0.014,0.0
2535,NvcNvl_L2_NS,NONE,0.013,0.0
2535,NvcNvl_L1_EW,NONE,0.053,0.0
2535,NvcNvl_L1_EW,NVCNVL_EW,0.007,0.007
2535,32Mt_L1_EW,NONE,0.007,0.0
2535,32Mt_L1_EW,32MT_EW,0.014,-0.011
2535,NvcMt_L1_NS,NVCMT_NS,0.007,0.007
2535,32Nvl_L2_NS,32NVL_NS,0.013,0.013
2535,32Nvl_L3_EW,NONE,0.031,0.0
2535,32Nvl_L1_NS,32NVL_NS,0.013,0.013
2535,NvcNvl_L1_NS,NONE,0.017,0.0
2535,32Mt_L2_EW,32MT_EW,0.011,-0.016
2535,NvcMt_L2_NS,NVCMT_NS,0.005,0.005
2540,304Nvl_L1_EW,304NVL_EW,0.042,0.042
2540,32Nvl_L1_EW,32NVL_EW,0.035,0.035
2540,32Nvl_L2_EW,32NVL_EW,0.039,0.039
2540,32Nvl_L1_EW,32NVL_EW,0.007,0.007
2540,32Nvl_L3_NS,NONE,0.008,0.0
2540,32Nvl_L2_NS,32NVL_NS,0.008,0.008
2540,NvcNvl_L1_EW,NONE,0.053,0.0
2540,NvcNvl_L2_EW,NONE,0.038,0.0
2540,32Mt_L1_EW,NONE,0.007,0.0
2540,32Mt_L1_NS,NONE,0.01,0.0
2540,NvcMt_L1_NS,NVCMT_NS,0.007,0.007
2540,32Nvl_L3_EW,NONE,0.031,0.0
2540,32Nvl_L1_NS,32NVL_NS,0.013,0.013
2540,32Mt_L2_NS,NONE,0.009,0.0
2540,NvcMt_L2_NS,NVCMT_NS,0.005,0.005
2545,304Nvl_L1_EW,304NVL_EW,0.017,0.017
2545,304Nvl_L2_EW,304NVL_EW,0.007,0.007
2545,32Nvl_L3_NS,NONE,0.007,0.0
2545,32Nvl_L1_NS,32NVL_NS,0.007,0.002
2545,32Nvl_L1_EW,32NVL_EW,0.035,0.03
2545,32Nvl_L2_EW,32NVL_EW,0.039,0.035
2545,32Nvl_L1_EW,32NVL_EW,0.007,0.002
2545,32Nvl_L3_NS,NONE,0.083,0.0
2545,32Nvl_L2_NS,32NVL_NS,0.079,0.079
2545,NvcNvl_L1_EW,NONE,0.011,0.0
2545,NvcNvl_L2_EW,NONE,0.008,0.0
2545,NvcNvl_L1_NS,NVCNVL_NS,0.007,0.002
2545,32Mt_L1_NS,32MT_NS,0.006,0.001
2545,32Mt_L1_EW,NONE,0.007,0.0
2545,32Mt_L3_EW,NONE,0.009,0.0
2545,32Mt_L1_EW,32MT_EW,0.007,-0.018
2545,NvcMt_L1_NS,NVCMT_NS,0.007,0.002
2545,304Nvl_L3_EW,NONE,0.006,0.0
2545,32Nvl_L2_NS,32NVL_NS,0.007,0.007
2545,32Nvl_L3_EW,NONE,0.031,0.0
2545,32Nvl_L1_NS,32NVL_NS,0.067,0.062
2545,NvcNvl_L3_EW,NONE,0.006,0.0
2545,32Mt_L2_EW,NONE,0.008,0.0
2545,32Mt_L2_EW,32MT_EW,0.005,-0.022
2545,NvcMt_L2_NS,NVCMT_NS,0.005,0.005
2550,304Nvl_L1_EW,304NVL_EW,0.008,0.008
2550,304Nvl_L2_EW,304NVL_EW,0.007,0.007
2550,304Nvl_L1_NS,NONE,0.007,0.0
2550,32Nvl_L3_NS,NONE,0.007,0.0
2550,32Nvl_L1_NS,32NVL_NS,0.014,0.009
2550,32Nvl_L1_EW,32NVL_EW,0.035,0.035
2550,32Nvl_L2_EW,32NVL_EW,0.039,0.039
2550,32Nvl_L3_NS,NONE,0.042,0.0
2550,32Nvl_L2_NS,32NVL_NS,0.039,0.039
2550,NvcNvl_L1_EW,NVCNVL_EW,0.014,0.014
2550,NvcNvl_L2_EW,NVCNVL_EW,0.008,0.008
2550,NvcNvl_L1_NS,NVCNVL_NS,0.007,-0.003
2550,32Mt_L1_NS,32MT_NS,0.013,0.008
2550,NvcMt_L1_NS,NVCMT_NS,0.007,-0.002
2550,304Nvl_L3_EW,NONE,0.006,0.0
2550,32Nvl_L2_NS,32NVL_NS,0.007,0.007
2550,32Nvl_L3_EW,NONE,0.031,0.0
2550,32Nvl_L1_NS,32NVL_NS,0.034,0.029
2550,NvcNvl_L3_EW,NONE,0.009,0.0
2550,NvcMt_L2_NS,NVCMT_NS,0.005,0.005
2555,304Nvl_L1_EW,304NVL_EW,0.008,0.008
2555,304Nvl_L2_EW,304NVL_EW,0.007,0.007
2555,32Nvl_L1_EW,32NVL_EW,0.035,0.03
2555,32Nvl_L2_EW,32NVL_EW,0.039,0.035
2555,32Nvl_L3_NS,NONE,0.083,0.0
2555,32Nvl_L2_NS,32NVL_NS,0.079,0.079
2555,NvcNvl_L1_NS,NVCNVL_NS,0.007,0.007
2555,32Mt_L1_NS,32MT_NS,0.006,0.001
2555,32Mt_L1_EW,NONE,0.007,0.0
2555,32Mt_L1_EW,32MT_EW,0.007,-0.018
2555,NvcMt_L1_EW,NVCMT_EW,0.076,0.076
2555,NvcMt_L1_NS,NVCMT_NS,0.007,0.002
2555,304Nvl_L3_EW,NONE,0.006,0.0
2555,32Nvl_L3_EW,NONE,0.031,0.0
2555,32Nvl_L1_NS,32NVL_NS,0.067,0.062
2555,32Mt_L2_EW,32MT_EW,0.005,-0.022
2555,NvcMt_L2_EW,NVCMT_EW,0.095,0.095
2555,NvcMt_L2_NS,NVCMT_NS,0.005,0.005
2560,304Nvl_L1_NS,NONE,0.007,0.0
2560,32Nvl_L1_NS,32NVL_NS,0.035,0.035
2560,32Nvl_L1_EW,32NVL_EW,0.035,0.035
2560,32Nvl_L2_EW,32NVL_EW,0.039,0.039
2560,32Nvl_L3_NS,NONE,0.083,0.0
2560,32Nvl_L2_NS,32NVL_NS,0.079,0.079
2560,NvcNvl_L1_EW,NONE,0.011,0.0
2560,NvcNvl_L2_EW,NONE,0.008,0.0
2560,32Mt_L1_NS,NONE,0.02,0.0
2560,NvcMt_L1_EW,NVCMT_EW,0.089,0.089
2560,NvcMt_L1_NS,NVCMT_NS,0.007,0.007
2560,32Nvl_L3_EW,NONE,0.031,0.0
2560,32Nvl_L1_NS,32NVL_NS,0.074,0.074
2560,32Mt_L2_NS,NONE,0.009,0.0
2560,NvcMt_L2_EW,NVCMT_EW,0.111,0.111
2560,NvcMt_L2_NS,NVCMT_NS,0.005,0.005
2565,304Nvl_L1_EW,304NVL_EW,0.008,0.008
2565,32Nvl_L1_EW,32NVL_EW,0.035,0.035
2565,32Nvl_L2_EW,32NVL_EW,0.039,0.039
2565,32Mt_L1_EW,NONE,0.036,0.0
2565,32Mt_L3_EW,NONE,0.044,0.0
2565,32Mt_L1_NS,NONE,0.01,0.0
2565,NvcMt_L1_EW,NVCMT_EW,0.006,0.006
2565,NvcMt_L1_NS,NVCMT_NS,0.007,0.007
2565,32Thn_L1_NS,32THN_NS,0.01,0.01
2565,32Thn_L2_NS,32THN_NS,0.013,0.013
2565,32Nvl_L3_EW,NONE,0.031,0.0
2565,32Mt_L2_EW,NONE,0.038,0.0
2565,32Mt_L2_NS,NONE,0.009,0.0
2565,NvcMt_L2_EW,NVCMT_EW,0.008,0.008
2565,NvcMt_L2_NS,NVCMT_NS,0.005,0.005
2570,32Nvl_L1_NS,32NVL_NS,0.035,0.035
2570,32Nvl_L1_EW,32NVL_EW,0.042,0.033
2570,32Nvl_L2_EW,32NVL_EW,0.046,0.039
2570,32Mt_L1_NS,32MT_NS,0.006,0.001
2570,32Mt_L1_EW,32MT_EW,0.014,-0.016
2570,32Mt_L1_NS,NONE,0.02,0.0
2570,NvcMt_L1_NS,NVCMT_NS,0.007,0.002
2570,32Thn_L1_NS,32THN_NS,0.01,0.01
2570,32Thn_L2_NS,32THN_NS,0.013,0.013
2570,32Nvl_L3_EW,NONE,0.038,0.0
2570,32Mt_L2_EW,32MT_EW,0.011,-0.022
2570,32Mt_L2_NS,NONE,0.017,0.0
2570,NvcMt_L2_NS,NVCMT_NS,0.005,0.005
2575,304Nvl_L1_NS,NONE,0.007,0.0
2575,304Nvl_L3_NS,NONE,0.008,0.0
2575,32Nvl_L1_NS,32NVL_NS,0.042,0.042
2575,NvcNvl_L1_EW,NONE,0.011,0.0
2575,NvcNvl_L2_EW,NONE,0.008,0.0
2575,32Mt_L1_NS,32MT_NS,0.006,0.001
2575,32Mt_L1_EW,NONE,0.007,0.0
2575,32Mt_L1_EW,32MT_EW,0.007,0.007
2575,32Mt_L1_NS,NONE,0.049,0.0
2575,NvcMt_L1_NS,NVCMT_NS,0.007,0.002
2575,32Thn_L1_NS,32THN_NS,0.01,0.01
2575,32Thn_L1_EW,32THN_EW,0.008,0.008
2575,32Thn_L2_EW,32THN_EW,0.008,0.008
2575,32Thn_L3_EW,NONE,0.008,0.0
2575,32Thn_L2_NS,32THN_NS,0.013,0.013
2575,304Nvl_L2_NS,NONE,0.007,0.0
2575,32Nvl_L2_NS,32NVL_NS,0.007,0.007
2575,NvcNvl_L3_EW,NONE,0.006,0.0
2575,32Mt_L2_EW,32MT_EW,0.005,0.005
2575,NvcMt_L2_NS,NVCMT_NS,0.005,0.005
2580,32Nvl_L1_NS,32NVL_NS,0.014,0.014
2580,32Mt_L1_NS,32MT_NS,0.013,0.013
2580,32Mt_L1_EW,NONE,0.014,0.0
2580,32Mt_L1_EW,32MT_EW,0.007,0.007
2580,32Thn_L1_EW,NONE,0.01,0.0
2580,32Nvl_L2_NS,32NVL_NS,0.007,0.007
2580,32Nvl_L1_NS,32NVL_NS,0.034,0.034
2580,32Mt_L2_EW,32MT_EW,0.005,0.005
2585,304Nvl_L1_EW,304NVL_EW,0.008,0.008
2585,304Nvl_L1_NS,NONE,0.036,0.0
2585,304Nvl_L3_NS,NONE,0.04,0.0
2585,32Nvl_L1_NS,32NVL_NS,0.021,0.016
2585,NvcNvl_L3_NS,NONE,0.007,0.0
2585,NvcNvl_L2_NS,NONE,0.007,0.0
2585,NvcNvl_L1_NS,NVCNVL_NS,0.007,-0.008
2585,32Mt_L1_NS,32MT_NS,0.006,0.006
2585,32Thn_L1_NS,32THN_NS,0.01,0.01
2585,32Thn_L1_EW,NONE,0.01,0.0
2585,32Thn_L2_NS,32THN_NS,0.013,0.013
2585,304Nvl_L2_NS,NONE,0.037,0.0
2585,32Nvl_L2_NS,32NVL_NS,0.013,0.013
2585,32Nvl_L1_NS,32NVL_NS,0.034,0.029
2585,NvcNvl_L1_NS,NONE,0.009,0.0
2590,304Nvl_L1_EW,304NVL_EW,0.008,0.008
2590,32Nvl_L3_NS,NONE,0.007,0.0
2590,32Nvl_L1_NS,32NVL_NS,0.007,0.007
2590,NvcNvl_L3_NS,NONE,0.034,0.0
2590,NvcNvl_L2_NS,NONE,0.033,0.0
2590,32Mt_L1_EW,NONE,0.007,0.0
2590,NvcCmt8_L2_NS,NONE,0.011,0.0
2590,NvcCmt8_L1_NS,NONE,0.008,0.0
2590,32Nvl_L2_NS,32NVL_NS,0.007,0.007
2590,32Nvl_L1_NS,32NVL_NS,0.034,0.034
2590,NvcNvl_L1_NS,NONE,0.044,0.0
2595,304Nvl_L1_EW,304NVL_EW,0.059,0.059
2595,304Nvl_L2_EW,304NVL_EW,0.015,0.015
2595,32Nvl_L1_EW,32NVL_EW,0.007,0.002
2595,32Nvl_L2_EW,32NVL_EW,0.008,0.004
2595,NvcNvl_L3_NS,NONE,0.034,0.0
2595,NvcNvl_L2_NS,NONE,0.033,0.0
2595,NvcNvl_L1_EW,NVCNVL_EW,0.007,0.007
2595,32Mt_L1_EW,32MT_EW,0.007,0.002
2595,NvcMt_L2_NS,NONE,0.026,0.0
2595,304Nvl_L3_EW,NONE,0.013,0.0
2595,32Nvl_L3_EW,NONE,0.006,0.0
2595,NvcNvl_L1_NS,NONE,0.044,0.0
2595,32Mt_L2_EW,32MT_EW,0.005,0.0
2595,NvcMt_L1_NS,NONE,0.027,0.0
2600,304Nvl_L1_NS,NONE,0.007,0.0
2600,32Nvl_L1_EW,32NVL_EW,0.007,0.002
2600,32Nvl_L2_EW,32NVL_EW,0.008,0.004
2600,NvcNvl_L3_NS,NONE,0.007,0.0
2600,NvcNvl_L2_NS,NONE,0.007,0.0
2600,NvcNvl_L1_EW,NVCNVL_EW,0.007,0.007
2600,32Mt_L1_EW,NONE,0.014,0.0
2600,32Mt_L3_EW,NONE,0.018,0.0
2600,32Mt_L1_EW,32MT_EW,0.007,0.002
2600,NvcMt_L2_NS,NONE,0.005,0.0
2600,NvcCmt8_L2_NS,NONE,0.012,0.0
2600,32Thn_L1_EW,NONE,0.01,0.0
2600,32Thn_L2_EW,NONE,0.01,0.0
2600,32Thn_L3_EW,NONE,0.007,0.0
2600,32Nvl_L3_EW,NONE,0.006,0.0
2600,32Nvl_L1_NS,32NVL_NS,0.007,0.007
2600,NvcNvl_L1_NS,NONE,0.009,0.0
2600,32Mt_L2_EW,NONE,0.015,0.0
2600,32Mt_L2_EW,32MT_EW,0.005,0.0
2600,NvcMt_L1_NS,NONE,0.005,0.0
2600,NvcCmt8_L1_NS,NONE,0.011,0.0
2605,304Nvl_L1_NS,NONE,0.044,0.0
2605,304Nvl_L3_NS,NONE,0.04,0.0
2605,32Nvl_L1_EW,32NVL_EW,0.007,-0.008
2605,32Nvl_L2_EW,32NVL_EW,0.008,0.004
2605,32Nvl_L3_NS,NONE,0.017,0.0
2605,32Nvl_L2_NS,32NVL_NS,0.016,0.016
2605,NvcNvl_L1_EW,NVCNVL_EW,0.007,0.007
2605,32Mt_L1_EW,NONE,0.007,0.0
2605,32Mt_L3_EW,NONE,0.009,0.0
2605,32Mt_L1_EW,32MT_EW,0.014,0.009
2605,NvcCmt8_L2_EW,NONE,0.007,0.0
2605,32Thn_L1_EW,32THN_EW,0.008,0.003
2605,304Nvl_L2_NS,NONE,0.037,0.0
2605,32Nvl_L3_EW,NONE,0.006,0.0
2605,32Nvl_L1_NS,32NVL_NS,0.013,0.013
2605,32Mt_L2_EW,NONE,0.008,0.0
2605,32Mt_L2_EW,32MT_EW,0.005,0.0
2605,NvcMt_L1_EW,NVCMT_EW,0.028,0.023
2605,NvcCmt8_L1_EW,NONE,0.006,0.0
2610,304Nvl_L1_NS,NONE,0.036,0.0
2610,304Nvl_L3_NS,NONE,0.04,0.0
2610,32Nvl_L1_EW,32NVL_EW,0.014,-0.006
2610,32Nvl_L2_EW,32NVL_EW,0.015,0.012
2610,NvcNvl_L3_NS,NONE,0.007,0.0
2610,NvcNvl_L2_NS,NONE,0.007,0.0
2610,32Mt_L1_NS,32MT_NS,0.006,0.006
2610,32Mt_L1_EW,32MT_EW,0.021,0.011
2610,32Thn_L1_EW,32THN_EW,0.008,-0.002
2610,304Nvl_L2_NS,NONE,0.037,0.0
2610,32Nvl_L3_EW,NONE,0.013,0.0
2610,NvcNvl_L1_NS,NONE,0.009,0.0
2610,32Mt_L2_NS,32MT_NS,0.006,0.006
2610,32Mt_L2_EW,32MT_EW,0.005,-0.005
2615,304Nvl_L1_NS,NONE,0.007,0.0
2615,304Nvl_L3_NS,NONE,0.008,0.0
2615,32Nvl_L1_EW,32NVL_EW,0.007,-0.018
2615,32Nvl_L2_EW,32NVL_EW,0.008,-0.004
2615,32Nvl_L3_NS,NONE,0.008,0.0
2615,32Nvl_L2_NS,32NVL_NS,0.008,0.008
2615,NvcNvl_L1_EW,NONE,0.011,0.0
2615,NvcNvl_L2_EW,NONE,0.008,0.0
2615,NvcNvl_L1_EW,NVCNVL_EW,0.007,0.007
2615,NvcNvl_L2_EW,NVCNVL_EW,0.008,0.008
2615,32Mt_L1_EW,NONE,0.007,0.0
2615,32Mt_L3_EW,NONE,0.009,0.0
2615,32Mt_L1_EW,32MT_EW,0.028,0.023
2615,32Thn_L1_EW,32THN_EW,0.008,0.003
2615,304Nvl_L2_NS,NONE,0.007,0.0
2615,32Nvl_L3_EW,NONE,0.006,0.0
2615,32Nvl_L1_NS,32NVL_NS,0.007,0.007
2615,NvcNvl_L3_EW,NONE,0.009,0.0
2615,32Mt_L2_EW,NONE,0.008,0.0
2615,32Mt_L2_EW,32MT_EW,0.016,0.011
2615,NvcCmt8_L1_EW,NVCCMT8_EW,0.008,0.008
2620,32Nvl_L1_EW,32NVL_EW,0.007,-0.017
2620,32Nvl_L2_EW,32NVL_EW,0.008,-0.011
2620,32Nvl_L1_EW,32NVL_EW,0.007,-0.018
2620,32Nvl_L3_NS,NONE,0.042,0.0
2620,32Nvl_L2_NS,32NVL_NS,0.039,0.039
2620,NvcNvl_L1_EW,NONE,0.011,0.0
2620,NvcNvl_L2_EW,NONE,0.008,0.0
2620,NvcNvl_L1_EW,NVCNVL_EW,0.007,0.007
2620,NvcNvl_L2_EW,NVCNVL_EW,0.008,0.008
2620,32Mt_L1_EW,32MT_EW,0.035,0.03
2620,32Mt_L1_NS,NONE,0.01,0.0
2620,32Nvl_L3_EW,NONE,0.006,0.0
2620,32Nvl_L1_NS,32NVL_NS,0.034,0.034
2620,NvcNvl_L3_EW,NONE,0.006,0.0
2620,NvcNvl_L3_EW,NONE,0.009,0.0
2620,32Mt_L2_EW,32MT_EW,0.027,0.022
2620,32Mt_L2_NS,NONE,0.009,0.0
2625,304Nvl_L1_NS,304NVL_NS,0.045,0.04
2625,304Nvl_L1_EW,304NVL_EW,0.008,0.008
2625,32Nvl_L3_NS,NONE,0.007,0.0
2625,32Nvl_L1_NS,32NVL_NS,0.007,-0.025
2625,32Nvl_L1_EW,32NVL_EW,0.007,-0.012
2625,32Nvl_L2_EW,32NVL_EW,0.008,-0.008
2625,NvcNvl_L1_EW,NVCNVL_EW,0.007,0.007
2625,NvcNvl_L2_EW,NVCNVL_EW,0.008,0.008
2625,32Mt_L1_NS,32MT_NS,0.006,0.006
2625,32Mt_L1_EW,NONE,0.022,0.0
2625,32Mt_L3_EW,NONE,0.018,0.0
2625,32Mt_L1_EW,32MT_EW,0.028,0.023
2625,NvcMt_L2_NS,NONE,0.005,0.0
2625,32Nvl_L2_NS,32NVL_NS,0.007,0.007
2625,32Nvl_L3_EW,NONE,0.006,0.0
2625,NvcNvl_L3_EW,NONE,0.009,0.0
2625,32Mt_L2_EW,NONE,0.015,0.0
2625,32Mt_L2_EW,32MT_EW,0.022,0.016
2625,NvcMt_L1_NS,NONE,0.005,0.0
2630,304Nvl_L1_NS,304NVL_NS,0.045,0.04
2630,32Nvl_L3_NS,NONE,0.007,0.0
2630,32Nvl_L1_NS,32NVL_NS,0.007,-0.025
2630,32Nvl_L1_EW,32NVL_EW,0.007,-0.017
2630,32Nvl_L2_EW,32NVL_EW,0.008,-0.008
2630,NvcNvl_L3_NS,NONE,0.007,0.0
2630,NvcNvl_L2_NS,NONE,0.007,0.0
2630,NvcNvl_L1_EW,NVCNVL_EW,0.007,0.007
2630,NvcNvl_L2_EW,NVCNVL_EW,0.008,0.008
2630,32Mt_L1_EW,NONE,0.007,0.0
2630,32Mt_L3_EW,NONE,0.009,0.0
2630,32Mt_L1_EW,32MT_EW,0.035,0.03
2630,32Mt_L1_NS,NONE,0.049,0.0
2630,32Nvl_L2_NS,32NVL_NS,0.007,0.007
2630,32Nvl_L3_EW,NONE,0.006,0.0
2630,NvcNvl_L1_NS,NONE,0.009,0.0
2630,NvcNvl_L3_EW,NONE,0.009,0.0
2630,32Mt_L2_EW,NONE,0.008,0.0
2630,32Mt_L2_EW,32MT_EW,0.022,0.016
2630,32Mt_L2_NS,NONE,0.043,0.0
2635,304Nvl_L1_NS,304NVL_NS,0.045,0.045
2635,32Nvl_L1_EW,32NVL_EW,0.007,-0.023
2635,32Nvl_L2_EW,32NVL_EW,0.008,-0.017
2635,NvcNvl_L3_NS,NONE,0.007,0.0
2635,NvcNvl_L2_NS,NONE,0.007,0.0
2635,32Mt_L1_NS,32MT_NS,0.013,0.008
2635,32Mt_L1_EW,32MT_EW,0.035,0.03
2635,32Mt_L1_NS,NONE,0.068,0.0
2635,NvcMt_L1_EW,NVCMT_EW,0.006,0.006
2635,NvcMt_L1_NS,NVCMT_NS,0.007,-0.002
2635,32Thn_L1_EW,32THN_EW,0.008,0.003
2635,32Thn_L2_EW,32THN_EW,0.008,0.003
2635,32Thn_L3_EW,NONE,0.008,0.0
2635,32Nvl_L3_EW,NONE,0.006,0.0
2635,NvcNvl_L1_NS,NONE,0.009,0.0
2635,32Mt_L2_EW,32MT_EW,0.027,0.022
2635,32Mt_L2_NS,NONE,0.061,0.0
2635,NvcMt_L2_EW,NVCMT_EW,0.008,0.008
2635,NvcMt_L2_NS,NVCMT_NS,0.005,0.005
2640,304Nvl_L1_EW,304NVL_EW,0.008,0.008
2640,304Nvl_L2_EW,304NVL_EW,0.007,0.007
2640,32Nvl_L1_EW,32NVL_EW,0.007,-0.012
2640,32Nvl_L2_EW,32NVL_EW,0.008,-0.004
2640,32Nvl_L1_EW,32NVL_EW,0.007,-0.013
2640,32Nvl_L2_EW,32NVL_EW,0.007,-0.004
2640,32Nvl_L3_NS,NONE,0.042,0.0
2640,32Nvl_L2_NS,32NVL_NS,0.039,0.039
2640,NvcNvl_L1_EW,NONE,0.064,0.0
2640,NvcNvl_L2_EW,NONE,0.046,0.0
2640,32Mt_L1_NS,32MT_NS,0.031,0.027
2640,32Mt_L1_EW,32MT_EW,0.028,0.023
2640,32Mt_L1_NS,NONE,0.01,0.0
2640,NvcMt_L2_NS,NONE,0.005,0.0
2640,NvcMt_L1_NS,NVCMT_NS,0.007,-0.015
2640,NvcCmt8_L2_EW,NVCCMT8_EW,0.005,0.005
2640,32Thn_L1_EW,NONE,0.01,0.0
2640,32Nvl_L3_EW,NONE,0.006,0.0
2640,32Nvl_L3_EW,NONE,0.006,0.0
2640,32Nvl_L1_NS,32NVL_NS,0.034,0.034
2640,32Mt_L2_EW,32MT_EW,0.016,0.011
2640,32Mt_L2_NS,NONE,0.009,0.0
2640,NvcMt_L1_NS,NONE,0.005,0.0
2640,NvcMt_L2_NS,NVCMT_NS,0.005,0.005
2640,NvcCmt8_L1_EW,NVCCMT8_EW,0.008,0.008
2645,32Nvl_L1_EW,32NVL_EW,0.007,-0.008
2645,32Nvl_L2_EW,32NVL_EW,0.008,0.0
2645,32Nvl_L1_EW,32NVL_EW,0.007,-0.008
2645,32Nvl_L2_EW,32NVL_EW,0.007,0.0
2645,NvcNvl_L3_NS,NONE,0.007,0.0
2645,NvcNvl_L2_NS,NONE,0.007,0.0
2645,NvcNvl_L1_EW,NONE,0.064,0.0
2645,NvcNvl_L2_EW,NONE,0.046,0.0
2645,32Mt_L1_NS,32MT_NS,0.031,0.027
2645,32Mt_L1_EW,32MT_EW,0.021,0.016
2645,NvcMt_L2_NS,NONE,0.005,0.0
2645,NvcMt_L1_NS,NVCMT_NS,0.007,-0.015
2645,NvcCmt8_L2_EW,NVCCMT8_EW,0.005,0.005
2645,32Nvl_L3_EW,NONE,0.006,0.0
2645,32Nvl_L3_EW,NONE,0.006,0.0
2645,NvcNvl_L1_NS,NONE,0.009,0.0
2645,NvcNvl_L3_EW,NONE,0.032,0.0
2645,32Mt_L2_EW,32MT_EW,0.011,0.005
2645,NvcMt_L1_NS,NONE,0.005,0.0
2645,NvcMt_L2_NS,NVCMT_NS,0.005,0.005
2645,NvcCmt8_L1_EW,NVCCMT8_EW,0.008,0.008
2650,304Nvl_L1_EW,304NVL_EW,0.008,0.008
2650,304Nvl_L2_EW,304NVL_EW,0.007,0.007
2650,32Nvl_L1_EW,32NVL_EW,0.007,0.007
2650,32Nvl_L2_EW,32NVL_EW,0.008,0.008
2650,32Nvl_L1_EW,32NVL_EW,0.007,0.007
2650,32Nvl_L2_EW,32NVL_EW,0.007,0.007
2650,32Nvl_L3_NS,NONE,0.008,0.0
2650,32Nvl_L2_NS,32NVL_NS,0.008,0.008
2650,32Mt_L1_NS,32MT_NS,0.031,0.027
2650,32Mt_L1_EW,NONE,0.014,0.0
2650,32Mt_L1_NS,NONE,0.02,0.0
2650,NvcMt_L2_NS,NONE,0.005,0.0
2650,NvcMt_L1_NS,NVCMT_NS,0.007,-0.015
2650,304Nvl_L3_EW,NONE,0.006,0.0
2650,32Nvl_L3_EW,NONE,0.006,0.0
2650,32Nvl_L3_EW,NONE,0.006,0.0
2650,32Nvl_L1_NS,32NVL_NS,0.007,0.007
2650,32Mt_L2_NS,NONE,0.009,0.0
2650,NvcMt_L1_NS,NONE,0.005,0.0
2650,NvcMt_L2_NS,NVCMT_NS,0.005,0.005
2655,304Nvl_L1_NS,304NVL_NS,0.009,0.009
2655,304Nvl_L1_EW,304NVL_EW,0.017,0.017
2655,304Nvl_L2_EW,304NVL_EW,0.015,0.015
2655,32Nvl_L1_EW,32NVL_EW,0.007,0.007
2655,32Nvl_L2_EW,32NVL_EW,0.008,0.008
2655,32Nvl_L1_EW,32NVL_EW,0.007,0.007
2655,32Nvl_L2_EW,32NVL_EW,0.007,0.007
2655,NvcNvl_L1_NS,NVCNVL_NS,0.007,0.007
2655,32Mt_L1_EW,NONE,0.007,0.0
2655,32Mt_L1_NS,NONE,0.029,0.0
2655,NvcMt_L1_NS,NVCMT_NS,0.007,0.007
2655,304Nvl_L3_EW,NONE,0.013,0.0
2655,32Nvl_L3_EW,NONE,0.006,0.0
2655,32Nvl_L3_EW,NONE,0.006,0.0
2655,32Mt_L2_NS,NONE,0.009,0.0
2655,NvcMt_L2_NS,NVCMT_NS,0.005,0.005
2660,304Nvl_L1_NS,304NVL_NS,0.009,0.009
2660,304Nvl_L1_EW,304NVL_EW,0.025,0.025
2660,304Nvl_L2_EW,304NVL_EW,0.015,0.015
2660,32Nvl_L1_EW,32NVL_EW,0.007,0.007
2660,32Nvl_L2_EW,32NVL_EW,0.008,0.008
2660,32Nvl_L1_EW,32NVL_EW,0.007,0.007
2660,32Nvl_L2_EW,32NVL_EW,0.007,0.007
2660,32Nvl_L3_NS,NONE,0.008,0.0
2660,32Nvl_L2_NS,32NVL_NS,0.008,0.008
2660,NvcNvl_L3_NS,NONE,0.007,0.0
2660,NvcNvl_L2_NS,NONE,0.007,0.0
2660,NvcNvl_L1_NS,NVCNVL_NS,0.007,0.007
2660,32Mt_L1_EW,NONE,0.007,0.0
2660,32Mt_L1_NS,NONE,0.01,0.0
2660,NvcMt_L1_NS,NVCMT_NS,0.007,0.007
2660,304Nvl_L3_EW,NONE,0.006,0.0
2660,32Nvl_L3_EW,NONE,0.006,0.0
2660,32Nvl_L3_EW,NONE,0.006,0.0
2660,32Nvl_L1_NS,32NVL_NS,0.007,-0.004
2660,NvcNvl_L1_NS,NONE,0.009,0.0
2660,32Mt_L2_NS,NONE,0.009,0.0
2660,NvcMt_L2_NS,NVCMT_NS,0.005,0.005
2665,304Nvl_L1_NS,304NVL_NS,0.009,0.009
2665,304Nvl_L3_NS,NONE,0.007,0.0
2665,304Nvl_L1_EW,304NVL_EW,0.017,0.017
2665,304Nvl_L2_EW,304NVL_EW,0.007,0.007
2665,304Nvl_L1_NS,NONE,0.007,0.0
2665,32Nvl_L1_EW,32NVL_EW,0.014,0.014
2665,32Nvl_L2_EW,32NVL_EW,0.015,0.015
2665,32Nvl_L1_EW,32NVL_EW,0.007,0.007
2665,32Nvl_L2_EW,32NVL_EW,0.007,0.007
2665,32Nvl_L3_NS,NONE,0.008,0.0
2665,32Nvl_L2_NS,32NVL_NS,0.008,0.003
2665,NvcNvl_L3_NS,NONE,0.014,0.0
2665,NvcNvl_L2_NS,NONE,0.013,0.0
2665,32Mt_L1_NS,32MT_NS,0.006,0.001
2665,32Mt_L1_EW,NONE,0.014,0.0
2665,32Mt_L3_EW,NONE,0.009,0.0
2665,NvcMt_L1_NS,NVCMT_NS,0.007,0.002
2665,304Nvl_L2_NS,304NVL_NS,0.008,0.002
2665,32Nvl_L3_EW,NONE,0.006,0.0
2665,32Nvl_L3_EW,NONE,0.013,0.0
2665,32Nvl_L1_NS,32NVL_NS,0.007,0.0
2665,NvcNvl_L1_NS,NONE,0.017,0.0
2665,32Mt_L2_EW,NONE,0.008,0.0
2665,NvcMt_L2_NS,NVCMT_NS,0.005,0.005
2670,304Nvl_L1_NS,304NVL_NS,0.009,0.009
2670,304Nvl_L3_NS,NONE,0.007,0.0
2670,304Nvl_L1_EW,304NVL_EW,0.008,0.008
2670,304Nvl_L2_EW,304NVL_EW,0.007,0.007
2670,304Nvl_L1_EW,NONE,0.008,0.0
2670,304Nvl_L1_NS,NONE,0.007,0.0
2670,32Nvl_L1_EW,32NVL_EW,0.014,0.009
2670,32Nvl_L2_EW,32NVL_EW,0.015,0.01
2670,32Nvl_L1_EW,32NVL_EW,0.013,0.008
2670,32Nvl_L2_EW,32NVL_EW,0.007,0.002
2670,32Nvl_L3_NS,NONE,0.008,0.0
2670,32Nvl_L2_NS,32NVL_NS,0.008,0.003
2670,NvcNvl_L1_EW,NONE,0.011,0.0
2670,NvcNvl_L2_EW,NONE,0.008,0.0
2670,NvcNvl_L1_EW,NVCNVL_EW,0.007,0.007
2670,32Mt_L1_NS,32MT_NS,0.006,0.001
2670,32Mt_L1_EW,NONE,0.007,0.0
2670,NvcMt_L1_NS,NVCMT_NS,0.007,0.002
2670,32Thn_L1_EW,NONE,0.01,0.0
2670,32Thn_L2_EW,NONE,0.01,0.0
2670,32Thn_L1_EW,32THN_EW,0.008,-0.002
2670,32Thn_L2_EW,32THN_EW,0.008,-0.002
2670,32Thn_L3_EW,NONE,0.007,0.0
2670,32Thn_L3_EW,NONE,0.008,0.0
2670,304Nvl_L2_NS,304NVL_NS,0.008,0.002
2670,304Nvl_L3_EW,NONE,0.006,0.0
2670,32Nvl_L3_EW,NONE,0.006,0.0
2670,32Nvl_L3_EW,NONE,0.013,0.0
2670,32Nvl_L1_NS,32NVL_NS,0.007,0.0
2670,NvcMt_L2_NS,NVCMT_NS,0.005,0.005
2675,304Nvl_L1_NS,304NVL_NS,0.009,0.009
2675,304Nvl_L3_NS,NONE,0.007,0.0
2675,32Nvl_L1_EW,32NVL_EW,0.007,0.001
2675,32Nvl_L2_EW,32NVL_EW,0.008,0.008
2675,32Nvl_L3_NS,NONE,0.008,0.0
2675,32Nvl_L2_NS,32NVL_NS,0.008,0.003
2675,NvcNvl_L1_EW,NVCNVL_EW,0.014,0.014
2675,NvcNvl_L2_EW,NVCNVL_EW,0.008,0.008
2675,32Mt_L1_NS,32MT_NS,0.006,0.001
2675,32Mt_L1_EW,NONE,0.007,0.0
2675,32Mt_L3_EW,NONE,0.009,0.0
2675,NvcMt_L2_NS,NONE,0.005,0.0
2675,NvcMt_L1_NS,NVCMT_NS,0.007,0.002
2675,32Thn_L1_EW,NONE,0.01,0.0
2675,32Thn_L1_EW,32THN_EW,0.008,0.003
2675,304Nvl_L2_NS,304NVL_NS,0.008,0.002
2675,32Nvl_L3_EW,NONE,0.006,0.0
2675,32Nvl_L1_NS,32NVL_NS,0.013,0.007
2675,NvcNvl_L3_EW,NONE,0.009,0.0
2675,32Mt_L2_EW,NONE,0.008,0.0
2675,NvcMt_L1_NS,NONE,0.005,0.0
2675,NvcMt_L2_NS,NVCMT_NS,0.005,0.005
2680,304Nvl_L1_NS,304NVL_NS,0.009,0.009
2680,304Nvl_L3_NS,NONE,0.007,0.0
2680,304Nvl_L1_EW,304NVL_EW,0.008,0.008
2680,32Nvl_L1_EW,32NVL_EW,0.014,-0.044
2680,32Nvl_L2_EW,32NVL_EW,0.015,-0.03
2680,32Nvl_L1_EW,32NVL_EW,0.007,-0.052
2680,32Nvl_L3_NS,NONE,0.008,0.0
2680,32Nvl_L2_NS,32NVL_NS,0.008,0.003
2680,NvcNvl_L1_EW,NONE,0.011,0.0
2680,NvcNvl_L2_EW,NONE,0.008,0.0
2680,32Mt_L1_NS,32MT_NS,0.006,0.001
2680,32Mt_L1_EW,32MT_EW,0.084,0.074
2680,NvcMt_L1_NS,NVCMT_NS,0.007,0.002
2680,304Nvl_L2_NS,304NVL_NS,0.008,0.002
2680,32Nvl_L3_EW,NONE,0.013,0.0
2680,32Nvl_L1_NS,32NVL_NS,0.013,0.007
2680,NvcNvl_L3_EW,NONE,0.006,0.0
2680,32Mt_L2_EW,32MT_EW,0.065,0.054
2680,NvcMt_L2_NS,NVCMT_NS,0.005,0.005
2685,304Nvl_L1_NS,304NVL_NS,0.009,0.004
2685,304Nvl_L3_NS,NONE,0.007,0.0
2685,32Nvl_L1_NS,32NVL_NS,0.007,0.001
2685,32Nvl_L1_EW,32NVL_EW,0.014,-0.074
2685,32Nvl_L2_EW,32NVL_EW,0.015,-0.053
2685,32Nvl_L3_NS,NONE,0.008,0.0
2685,32Nvl_L2_NS,32NVL_NS,0.008,0.003
2685,32Mt_L1_NS,32MT_NS,0.006,0.001
2685,32Mt_L1_EW,32MT_EW,0.126,0.116
2685,NvcMt_L1_EW,NVCMT_EW,0.032,0.032
2685,NvcMt_L1_NS,NVCMT_NS,0.007,0.002
2685,304Nvl_L2_NS,304NVL_NS,0.008,0.002
2685,32Nvl_L2_NS,32NVL_NS,0.007,0.001
2685,32Nvl_L3_EW,NONE,0.013,0.0
2685,32Nvl_L1_NS,32NVL_NS,0.013,0.007
2685,32Mt_L2_EW,32MT_EW,0.098,0.087
2685,NvcMt_L2_EW,NVCMT_EW,0.04,0.04
2685,NvcMt_L2_NS,NVCMT_NS,0.005,0.005
2690,304Nvl_L1_NS,304NVL_NS,0.009,0.004
2690,304Nvl_L3_NS,NONE,0.007,0.0
2690,304Nvl_L1_EW,304NVL_EW,0.008,0.008
2690,304Nvl_L2_EW,304NVL_EW,0.007,0.007
2690,32Nvl_L1_NS,32NVL_NS,0.007,0.001
2690,32Nvl_L1_EW,32NVL_EW,0.013,-0.017
2690,32Nvl_L2_EW,32NVL_EW,0.007,-0.017
2690,32Nvl_L3_NS,NONE,0.017,0.0
2690,32Nvl_L2_NS,32NVL_NS,0.016,0.01
2690,NvcNvl_L3_NS,NONE,0.007,0.0
2690,NvcNvl_L2_NS,NONE,0.007,0.0
2690,32Mt_L1_EW,32MT_EW,0.035,0.035
2690,NvcMt_L1_NS,NVCMT_NS,0.007,0.007
2690,32Thn_L1_EW,32THN_EW,0.008,0.008
2690,32Thn_L2_EW,32THN_EW,0.008,0.008
2690,32Thn_L3_EW,NONE,0.008,0.0
2690,304Nvl_L2_NS,304NVL_NS,0.008,-0.003
2690,304Nvl_L3_EW,NONE,0.006,0.0
2690,32Nvl_L2_NS,32NVL_NS,0.007,0.001
2690,32Nvl_L3_EW,NONE,0.006,0.0
2690,32Nvl_L1_NS,32NVL_NS,0.02,0.014
2690,NvcNvl_L1_NS,NONE,0.009,0.0
2690,32Mt_L2_EW,32MT_EW,0.027,0.027
2690,NvcMt_L2_NS,NVCMT_NS,0.005,0.005
2695,304Nvl_L1_EW,304NVL_EW,0.008,0.008
2695,304Nvl_L2_EW,304NVL_EW,0.007,0.007
2695,32Nvl_L3_NS,NONE,0.007,0.0
2695,32Nvl_L1_NS,32NVL_NS,0.014,0.014
2695,32Nvl_L1_EW,32NVL_EW,0.007,0.001
2695,32Nvl_L3_NS,NONE,0.008,0.0
2695,32Nvl_L2_NS,32NVL_NS,0.008,0.008
2695,32Mt_L1_NS,NONE,0.059,0.0
2695,NvcMt_L2_NS,NONE,0.005,0.0
2695,NvcCmt8_L2_EW,NONE,0.007,0.0
2695,32Thn_L1_EW,32THN_EW,0.008,0.008
2695,32Thn_L2_EW,32THN_EW,0.008,0.008
2695,32Thn_L3_EW,NONE,0.008,0.0
2695,304Nvl_L3_EW,NONE,0.006,0.0
2695,32Nvl_L2_NS,32NVL_NS,0.013,0.013
2695,32Nvl_L1_NS,32NVL_NS,0.02,0.02
2695,32Mt_L2_NS,NONE,0.009,0.0
2695,NvcMt_L1_NS,NONE,0.005,0.0
2695,NvcCmt8_L1_EW,NONE,0.006,0.0
2700,304Nvl_L1_EW,304NVL_EW,0.017,0.017
2700,304Nvl_L2_EW,304NVL_EW,0.015,0.015
2700,32Nvl_L1_NS,32NVL_NS,0.007,0.007
2700,32Nvl_L1_EW,32NVL_EW,0.007,0.001
2700,32Nvl_L2_EW,32NVL_EW,0.008,0.002
2700,32Mt_L1_NS,32MT_NS,0.075,0.075
2700,32Mt_L1_NS,NONE,0.049,0.0
2700,NvcMt_L2_NS,NONE,0.005,0.0
2700,32Thn_L1_EW,32THN_EW,0.008,0.003
2700,32Thn_L2_EW,32THN_EW,0.008,0.003
2700,32Thn_L3_EW,NONE,0.008,0.0
2700,304Nvl_L3_EW,NONE,0.006,0.0
2700,32Nvl_L3_EW,NONE,0.006,0.0
2700,32Nvl_L1_NS,32NVL_NS,0.013,0.013
2700,NvcMt_L1_NS,NONE,0.005,0.0
2705,304Nvl_L1_EW,304NVL_EW,0.017,0.017
2705,304Nvl_L2_EW,304NVL_EW,0.015,0.015
2705,304Nvl_L1_NS,NONE,0.007,0.0
2705,32Nvl_L1_NS,32NVL_NS,0.007,0.007
2705,32Nvl_L1_EW,32NVL_EW,0.014,0.014
2705,32Nvl_L2_EW,32NVL_EW,0.015,0.015
2705,32Mt_L1_NS,32MT_NS,0.075,0.075
2705,NvcMt_L2_NS,NONE,0.005,0.0
2705,NvcMt_L1_EW,NVCMT_EW,0.013,0.013
2705,32Thn_L1_EW,NONE,0.01,0.0
2705,304Nvl_L3_EW,NONE,0.013,0.0
2705,32Nvl_L3_EW,NONE,0.013,0.0
2705,32Nvl_L1_NS,32NVL_NS,0.007,0.007
2705,NvcMt_L1_NS,NONE,0.005,0.0
2705,NvcMt_L2_EW,NVCMT_EW,0.016,0.016
2710,304Nvl_L1_EW,304NVL_EW,0.017,0.017
2710,304Nvl_L2_EW,304NVL_EW,0.015,0.015
2710,32Nvl_L1_EW,32NVL_EW,0.007,0.007
2710,32Nvl_L2_EW,32NVL_EW,0.008,0.008
2710,32Nvl_L3_NS,NONE,0.008,0.0
2710,32Nvl_L2_NS,32NVL_NS,0.008,0.008
2710,32Mt_L1_NS,NONE,0.01,0.0
2710,NvcMt_L1_EW,NVCMT_EW,0.006,0.001
2710,304Nvl_L3_EW,NONE,0.013,0.0
2710,32Nvl_L3_EW,NONE,0.006,0.0
2710,32Nvl_L1_NS,32NVL_NS,0.013,0.013
2710,32Mt_L2_NS,NONE,0.009,0.0
2710,NvcMt_L2_EW,NVCMT_EW,0.008,0.008
2710,NvcCmt8_L1_EW,NVCCMT8_EW,0.008,0.003
2715,304Nvl_L1_EW,304NVL_EW,0.025,0.025
2715,304Nvl_L2_EW,304NVL_EW,0.022,0.022
2715,32Nvl_L1_EW,32NVL_EW,0.007,0.007
2715,32Nvl_L2_EW,32NVL_EW,0.008,0.008
2715,32Nvl_L3_NS,NONE,0.008,0.0
2715,32Nvl_L2_NS,32NVL_NS,0.008,0.008
2715,32Mt_L1_NS,32MT_NS,0.006,0.006
2715,32Mt_L1_EW,NONE,0.036,0.0
2715,32Mt_L3_EW,NONE,0.044,0.0
2715,32Mt_L1_NS,NONE,0.02,0.0
2715,NvcMt_L1_EW,NVCMT_EW,0.006,0.006
2715,304Nvl_L3_EW,NONE,0.019,0.0
2715,32Nvl_L3_EW,NONE,0.006,0.0
2715,32Nvl_L1_NS,32NVL_NS,0.013,0.013
2715,32Mt_L2_NS,32MT_NS,0.006,0.006
2715,32Mt_L2_EW,NONE,0.038,0.0
2715,32Mt_L2_NS,NONE,0.009,0.0
2715,NvcMt_L2_EW,NVCMT_EW,0.008,0.008
2720,304Nvl_L1_EW,304NVL_EW,0.034,0.034
2720,304Nvl_L2_EW,304NVL_EW,0.029,0.029
2720,32Nvl_L1_EW,32NVL_EW,0.014,0.014
2720,32Nvl_L2_EW,32NVL_EW,0.015,0.015
2720,32Nvl_L3_NS,NONE,0.008,0.0
2720,32Nvl_L2_NS,32NVL_NS,0.008,0.008
2720,NvcNvl_L3_NS,NONE,0.034,0.0
2720,NvcNvl_L2_NS,NONE,0.033,0.0
2720,32Mt_L1_NS,32MT_NS,0.013,0.013
2720,32Mt_L1_EW,NONE,0.058,0.0
2720,32Mt_L3_EW,NONE,0.071,0.0
2720,32Thn_L1_EW,NONE,0.01,0.0
2720,32Thn_L2_EW,NONE,0.01,0.0
2720,32Thn_L3_EW,NONE,0.007,0.0
2720,304Nvl_L3_EW,NONE,0.025,0.0
2720,32Nvl_L3_EW,NONE,0.013,0.0
2720,32Nvl_L1_NS,32NVL_NS,0.013,0.013
2720,NvcNvl_L1_NS,NONE,0.044,0.0
2720,32Mt_L2_NS,32MT_NS,0.013,0.013
2720,32Mt_L2_EW,NONE,0.06,0.0
2725,304Thn_L1_EW,NONE,0.007,0.0
2725,304Thn_L2_EW,NONE,0.008,0.0
2725,304Nvl_L1_EW,304NVL_EW,0.034,0.034
2725,304Nvl_L2_EW,304NVL_EW,0.029,0.029
2725,32Nvl_L1_EW,32NVL_EW,0.007,0.001
2725,32Nvl_L2_EW,32NVL_EW,0.008,0.008
2725,32Nvl_L1_EW,32NVL_EW,0.007,0.001
2725,32Nvl_L2_EW,32NVL_EW,0.007,0.007
2725,32Nvl_L3_NS,NONE,0.058,0.0
2725,32Nvl_L2_NS,32NVL_NS,0.055,0.055
2725,NvcNvl_L3_NS,NONE,0.034,0.0
2725,NvcNvl_L2_NS,NONE,0.033,0.0
2725,NvcNvl_L1_EW,NVCNVL_EW,0.007,0.007
2725,NvcNvl_L2_EW,NVCNVL_EW,0.008,0.008
2725,32Mt_L1_NS,32MT_NS,0.019,0.019
2725,32Mt_L1_EW,NONE,0.022,0.0
2725,32Mt_L3_EW,NONE,0.027,0.0
2725,32Thn_L1_EW,32THN_EW,0.008,0.003
2725,304Nvl_L3_EW,NONE,0.025,0.0
2725,32Nvl_L3_EW,NONE,0.006,0.0
2725,32Nvl_L3_EW,NONE,0.006,0.0
2725,32Nvl_L1_NS,32NVL_NS,0.047,0.047
2725,NvcNvl_L1_NS,NONE,0.044,0.0
2725,NvcNvl_L3_EW,NONE,0.009,0.0
2725,32Mt_L2_NS,32MT_NS,0.013,0.013
2725,32Mt_L2_EW,NONE,0.023,0.0
2725,304Thn_L3_EW,NONE,0.008,0.0
2730,304Thn_L1_EW,304THN_EW,0.008,-0.045
2730,304Nvl_L1_EW,304NVL_EW,0.076,0.07
2730,304Nvl_L2_EW,304NVL_EW,0.065,0.065
2730,304Nvl_L1_NS,NONE,0.007,0.0
2730,304Nvl_L3_NS,NONE,0.008,0.0
2730,32Nvl_L3_NS,NONE,0.007,0.0
2730,32Nvl_L1_NS,32NVL_NS,0.007,0.007
2730,32Nvl_L1_EW,32NVL_EW,0.007,0.007
2730,32Nvl_L2_EW,32NVL_EW,0.008,0.008
2730,32Nvl_L1_EW,32NVL_EW,0.007,0.007
2730,32Nvl_L2_EW,32NVL_EW,0.007,0.007
2730,32Nvl_L3_NS,NONE,0.042,0.0
2730,32Nvl_L2_NS,32NVL_NS,0.039,0.039
2730,NvcNvl_L1_EW,NVCNVL_EW,0.007,0.007
2730,NvcNvl_L2_EW,NVCNVL_EW,0.008,0.008
2730,32Mt_L1_NS,32MT_NS,0.044,0.044
2730,304Nvl_L3_EW,NONE,0.057,0.0
2730,304Nvl_L2_NS,NONE,0.007,0.0
2730,32Nvl_L2_NS,32NVL_NS,0.007,0.007
2730,32Nvl_L3_EW,NONE,0.006,0.0
2730,32Nvl_L3_EW,NONE,0.006,0.0
2730,32Nvl_L1_NS,32NVL_NS,0.04,0.04
2730,NvcNvl_L3_EW,NONE,0.009,0.0
2730,32Mt_L2_NS,32MT_NS,0.006,0.006
2735,304Thn_L1_EW,304THN_EW,0.008,-0.057
2735,304Nvl_L1_EW,304NVL_EW,0.093,0.087
2735,304Nvl_L2_EW,304NVL_EW,0.08,0.08
2735,32Nvl_L1_NS,32NVL_NS,0.007,0.007
2735,32Nvl_L1_EW,32NVL_EW,0.007,-0.008
2735,32Nvl_L2_EW,32NVL_EW,0.008,0.004
2735,32Nvl_L1_EW,32NVL_EW,0.007,-0.008
2735,32Nvl_L2_EW,32NVL_EW,0.007,0.004
2735,NvcNvl_L3_NS,NONE,0.007,0.0
2735,NvcNvl_L2_NS,NONE,0.007,0.0
2735,NvcNvl_L1_EW,NVCNVL_EW,0.049,0.049
2735,NvcNvl_L2_EW,NVCNVL_EW,0.016,0.014
2735,32Mt_L1_NS,32MT_NS,0.031,0.031
2735,32Mt_L1_EW,NONE,0.086,0.0
2735,32Mt_L3_EW,NONE,0.106,0.0
2735,32Mt_L1_EW,32MT_EW,0.021,0.016
2735,32Mt_L1_NS,NONE,0.02,0.0
2735,NvcMt_L2_EW,NVCMT_EW,0.003,-0.012
2735,NvcCmt8_L2_EW,NVCCMT8_EW,0.005,0.003
2735,304Nvl_L3_EW,NONE,0.07,0.0
2735,32Nvl_L3_EW,NONE,0.006,0.0
2735,32Nvl_L3_EW,NONE,0.006,0.0
2735,NvcNvl_L1_NS,NONE,0.009,0.0
2735,NvcNvl_L3_EW,NONE,0.019,0.0
2735,32Mt_L2_EW,NONE,0.09,0.0
2735,32Mt_L2_EW,32MT_EW,0.005,0.0
2735,NvcMt_L1_EW,NVCMT_EW,0.006,-0.034
2735,NvcCmt8_L1_EW,NVCCMT8_EW,0.008,0.008
2740,304Nvl_L1_EW,304NVL_EW,0.119,0.119
2740,304Nvl_L2_EW,304NVL_EW,0.094,0.094
2740,32Nvl_L1_NS,32NVL_NS,0.007,0.007
2740,32Nvl_L1_EW,32NVL_EW,0.007,-0.008
2740,32Nvl_L2_EW,32NVL_EW,0.008,0.004
2740,32Nvl_L1_EW,32NVL_EW,0.007,-0.008
2740,32Nvl_L2_EW,32NVL_EW,0.007,0.004
2740,NvcNvl_L1_EW,NVCNVL_EW,0.049,0.049
2740,NvcNvl_L2_EW,NVCNVL_EW,0.016,0.014
2740,32Mt_L1_NS,32MT_NS,0.031,0.031
2740,32Mt_L1_EW,NONE,0.014,0.0
2740,32Mt_L3_EW,NONE,0.018,0.0
2740,32Mt_L1_EW,32MT_EW,0.021,0.016
2740,NvcMt_L2_EW,NVCMT_EW,0.003,-0.012
2740,NvcCmt8_L2_EW,NVCCMT8_EW,0.005,0.003
2740,32Thn_L1_EW,NONE,0.01,0.0
2740,32Thn_L2_EW,NONE,0.01,0.0
2740,32Thn_L3_EW,NONE,0.007,0.0
2740,304Nvl_L3_EW,NONE,0.082,0.0
2740,32Nvl_L3_EW,NONE,0.006,0.0
2740,32Nvl_L3_EW,NONE,0.006,0.0
2740,32Nvl_L1_NS,32NVL_NS,0.007,0.007
2740,NvcNvl_L3_EW,NONE,0.019,0.0
2740,32Mt_L2_EW,NONE,0.015,0.0
2740,32Mt_L2_EW,32MT_EW,0.005,0.0
2740,NvcMt_L1_EW,NVCMT_EW,0.006,-0.034
2740,NvcCmt8_L1_EW,NVCCMT8_EW,0.008,0.008
2745,304Nvl_L1_EW,304NVL_EW,0.119,0.119
2745,304Nvl_L2_EW,304NVL_EW,0.094,0.094
2745,32Nvl_L1_EW,32NVL_EW,0.007,0.002
2745,32Nvl_L2_EW,32NVL_EW,0.008,0.004
2745,32Nvl_L1_EW,32NVL_EW,0.007,0.002
2745,32Nvl_L2_EW,32NVL_EW,0.007,0.004
2745,32Nvl_L3_NS,NONE,0.008,0.0
2745,32Nvl_L2_NS,32NVL_NS,0.008,0.008
2745,NvcNvl_L3_NS,NONE,0.007,0.0
2745,NvcNvl_L2_NS,NONE,0.007,0.0
2745,NvcNvl_L1_EW,NONE,0.011,0.0
2745,NvcNvl_L2_EW,NONE,0.008,0.0
2745,NvcNvl_L1_EW,NVCNVL_EW,0.056,0.056
2745,NvcNvl_L2_EW,NVCNVL_EW,0.016,0.014
2745,32Mt_L1_NS,32MT_NS,0.006,0.006
2745,32Mt_L1_EW,NONE,0.007,0.0
2745,32Mt_L3_EW,NONE,0.009,0.0
2745,32Mt_L1_EW,32MT_EW,0.007,0.002
2745,32Mt_L1_NS,NONE,0.049,0.0
2745,NvcMt_L2_EW,NVCMT_EW,0.003,-0.012
2745,NvcCmt8_L2_EW,NVCCMT8_EW,0.005,0.003
2745,32Thn_L1_EW,NONE,0.029,0.0
2745,32Thn_L2_EW,NONE,0.03,0.0
2745,32Thn_L3_EW,NONE,0.021,0.0
2745,304Nvl_L3_EW,NONE,0.082,0.0
2745,32Nvl_L3_EW,NONE,0.006,0.0
2745,32Nvl_L3_EW,NONE,0.006,0.0
2745,32Nvl_L1_NS,32NVL_NS,0.007,0.007
2745,NvcNvl_L1_NS,NONE,0.009,0.0
2745,NvcNvl_L3_EW,NONE,0.006,0.0
2745,NvcNvl_L3_EW,NONE,0.019,0.0
2745,32Mt_L2_EW,NONE,0.008,0.0
2745,32Mt_L2_EW,32MT_EW,0.005,0.0
2745,NvcMt_L1_EW,NVCMT_EW,0.006,-0.039
2745,NvcCmt8_L1_EW,NVCCMT8_EW,0.008,0.008
2750,304Nvl_L1_EW,304NVL_EW,0.076,0.076
2750,304Nvl_L2_EW,304NVL_EW,0.065,0.065
2750,32Nvl_L1_EW,32NVL_EW,0.007,-0.038
2750,32Nvl_L2_EW,32NVL_EW,0.008,-0.015
2750,32Nvl_L1_EW,32NVL_EW,0.007,-0.039
2750,32Nvl_L2_EW,32NVL_EW,0.007,-0.015
2750,32Nvl_L3_NS,NONE,0.008,0.0
2750,32Nvl_L2_NS,32NVL_NS,0.008,0.008
2750,NvcNvl_L1_EW,NVCNVL_EW,0.014,0.01
2750,NvcNvl_L2_EW,NVCNVL_EW,0.008,0.006
2750,32Mt_L1_NS,32MT_NS,0.006,0.006
2750,32Mt_L1_EW,32MT_EW,0.049,0.044
2750,32Mt_L1_NS,NONE,0.01,0.0
2750,NvcMt_L1_EW,NVCMT_EW,0.006,-0.009
2750,NvcMt_L2_EW,NVCMT_EW,0.003,-0.006
2750,NvcCmt8_L2_EW,NVCCMT8_EW,0.005,0.003
2750,32Thn_L1_EW,32THN_EW,0.016,0.011
2750,304Nvl_L3_EW,NONE,0.019,0.0
2750,32Nvl_L3_EW,NONE,0.006,0.0
2750,32Nvl_L3_EW,NONE,0.006,0.0
2750,32Nvl_L1_NS,32NVL_NS,0.007,0.007
2750,NvcNvl_L3_EW,NONE,0.009,0.0
2750,32Mt_L2_EW,32MT_EW,0.033,0.027
2750,32Mt_L2_NS,NONE,0.009,0.0
2750,NvcMt_L2_EW,NVCMT_EW,0.008,-0.001
2750,NvcMt_L1_EW,NVCMT_EW,0.006,-0.01
2750,NvcCmt8_L1_EW,NVCCMT8_EW,0.008,0.003
2755,304Nvl_L1_EW,304NVL_EW,0.008,0.008
2755,304Nvl_L2_EW,304NVL_EW,0.007,0.007
2755,32Nvl_L1_EW,32NVL_EW,0.007,-0.013
2755,32Nvl_L2_EW,32NVL_EW,0.008,-0.004
2755,32Nvl_L3_NS,NONE,0.008,0.0
2755,32Nvl_L2_NS,32NVL_NS,0.008,0.008
2755,NvcNvl_L1_EW,NVCNVL_EW,0.007,0.007
2755,32Mt_L1_EW,NONE,0.036,0.0
2755,32Mt_L3_EW,NONE,0.044,0.0
2755,32Mt_L1_EW,32MT_EW,0.021,0.016
2755,32Mt_L1_NS,NONE,0.01,0.0
2755,32Thn_L1_EW,32THN_EW,0.008,0.003
2755,304Nvl_L3_EW,NONE,0.006,0.0
2755,32Nvl_L3_EW,NONE,0.006,0.0
2755,32Nvl_L1_NS,32NVL_NS,0.007,0.007
2755,32Mt_L2_EW,NONE,0.038,0.0
2755,32Mt_L2_EW,32MT_EW,0.016,0.011
2755,32Mt_L2_NS,NONE,0.009,0.0
2760,304Nvl_L1_EW,304NVL_EW,0.008,0.008
2760,304Nvl_L1_NS,NONE,0.036,0.0
2760,32Nvl_L3_NS,NONE,0.008,0.0
2760,32Nvl_L2_NS,32NVL_NS,0.008,0.008
2760,32Mt_L1_EW,NONE,0.014,0.0
2760,32Mt_L3_EW,NONE,0.009,0.0
2760,32Mt_L1_EW,32MT_EW,0.007,0.007
2760,32Mt_L1_NS,NONE,0.049,0.0
2760,NvcCmt8_L2_EW,NONE,0.007,0.0
2760,32Nvl_L1_NS,32NVL_NS,0.013,0.013
2760,32Mt_L2_EW,NONE,0.008,0.0
2760,32Mt_L2_EW,32MT_EW,0.005,0.005
2760,NvcCmt8_L1_EW,NONE,0.011,0.0
2765,304Nvl_L1_EW,304NVL_EW,0.008,0.008
2765,304Nvl_L1_NS,NONE,0.051,0.0
2765,304Nvl_L3_NS,NONE,0.008,0.0
2765,32Nvl_L1_EW,32NVL_EW,0.007,-0.003
2765,32Nvl_L2_EW,32NVL_EW,0.008,-0.002
2765,32Nvl_L1_EW,32NVL_EW,0.007,-0.004
2765,32Nvl_L2_EW,32NVL_EW,0.007,-0.002
2765,32Nvl_L3_NS,NONE,0.008,0.0
2765,32Nvl_L2_NS,32NVL_NS,0.008,0.008
2765,32Mt_L1_EW,NONE,0.007,0.0
2765,32Mt_L3_EW,NONE,0.009,0.0
2765,32Mt_L1_EW,32MT_EW,0.007,0.002
2765,32Mt_L1_NS,NONE,0.02,0.0
2765,32Thn_L1_EW,32THN_EW,0.008,0.003
2765,32Thn_L2_EW,32THN_EW,0.008,0.003
2765,32Thn_L3_EW,NONE,0.008,0.0
2765,304Nvl_L2_NS,NONE,0.007,0.0
2765,32Nvl_L3_EW,NONE,0.006,0.0
2765,32Nvl_L3_EW,NONE,0.006,0.0
2765,32Nvl_L1_NS,32NVL_NS,0.027,0.027
2765,32Mt_L2_EW,NONE,0.008,0.0
2765,32Mt_L2_EW,32MT_EW,0.005,0.0
2765,32Mt_L2_NS,NONE,0.009,0.0
2770,304Nvl_L1_EW,304NVL_EW,0.008,0.008
2770,32Nvl_L3_NS,NONE,0.017,0.0
2770,32Nvl_L2_NS,32NVL_NS,0.016,0.016
2770,32Mt_L1_NS,32MT_NS,0.006,0.006
2770,32Mt_L1_EW,NONE,0.036,0.0
2770,32Mt_L3_EW,NONE,0.044,0.0
2770,NvcMt_L2_NS,NONE,0.005,0.0
2770,32Thn_L1_EW,NONE,0.01,0.0
2770,32Nvl_L1_NS,32NVL_NS,0.034,0.034
2770,32Mt_L2_EW,NONE,0.038,0.0
2770,NvcMt_L1_NS,NONE,0.005,0.0
2775,304Nvl_L1_EW,304NVL_EW,0.017,0.017
2775,304Nvl_L2_EW,304NVL_EW,0.007,0.007
2775,32Nvl_L1_EW,32NVL_EW,0.014,0.009
2775,32Nvl_L2_EW,32NVL_EW,0.015,0.015
2775,32Nvl_L3_NS,NONE,0.025,0.0
2775,32Nvl_L2_NS,32NVL_NS,0.024,0.024
2775,32Mt_L1_NS,32MT_NS,0.006,0.006
2775,32Mt_L1_EW,NONE,0.007,0.0
2775,32Mt_L3_EW,NONE,0.009,0.0
2775,32Mt_L1_EW,32MT_EW,0.007,-0.003
2775,32Mt_L1_NS,NONE,0.01,0.0
2775,NvcMt_L2_NS,NONE,0.005,0.0
2775,304Nvl_L3_EW,NONE,0.006,0.0
2775,32Nvl_L3_EW,NONE,0.013,0.0
2775,32Nvl_L1_NS,32NVL_NS,0.034,0.034
2775,32Mt_L2_EW,NONE,0.008,0.0
2775,NvcMt_L1_NS,NONE,0.005,0.0
2780,304Nvl_L1_EW,304NVL_EW,0.025,0.025
2780,304Nvl_L2_EW,304NVL_EW,0.022,0.022
2780,32Nvl_L1_EW,32NVL_EW,0.014,0.009
2780,32Nvl_L2_EW,32NVL_EW,0.015,0.012
2780,32Nvl_L3_NS,NONE,0.025,0.0
2780,32Nvl_L2_NS,32NVL_NS,0.024,0.024
2780,32Mt_L1_EW,NONE,0.007,0.0
2780,32Mt_L3_EW,NONE,0.009,0.0
2780,32Mt_L1_EW,32MT_EW,0.007,-0.003
2780,304Nvl_L3_EW,NONE,0.019,0.0
2780,32Nvl_L3_EW,NONE,0.013,0.0
2780,32Nvl_L1_NS,32NVL_NS,0.027,0.027
2780,32Mt_L2_EW,NONE,0.008,0.0
2780,32Mt_L2_EW,32MT_EW,0.005,-0.005
2785,304Nvl_L1_EW,304NVL_EW,0.008,0.008
2785,304Nvl_L2_EW,304NVL_EW,0.007,0.007
2785,304Nvl_L1_NS,NONE,0.007,0.0
2785,32Nvl_L1_EW,32NVL_EW,0.014,0.004
2785,32Nvl_L2_EW,32NVL_EW,0.015,0.008
2785,32Nvl_L1_EW,32NVL_EW,0.007,-0.003
2785,32Nvl_L3_NS,NONE,0.025,0.0
2785,32Nvl_L2_NS,32NVL_NS,0.024,0.024
2785,32Mt_L1_EW,32MT_EW,0.014,0.004
2785,NvcCmt8_L2_EW,NVCCMT8_EW,0.005,0.005
2785,NvcCmt8_L2_EW,NONE,0.037,0.0
2785,304Nvl_L3_EW,NONE,0.006,0.0
2785,32Nvl_L3_EW,NONE,0.013,0.0
2785,32Nvl_L1_NS,32NVL_NS,0.027,0.027
2785,32Mt_L2_EW,32MT_EW,0.011,0.0
2785,NvcCmt8_L1_EW,NVCCMT8_EW,0.008,0.008
2785,NvcCmt8_L1_EW,NONE,0.029,0.0
2790,304Nvl_L1_EW,304NVL_EW,0.008,0.008
2790,304Nvl_L1_NS,NONE,0.007,0.0
2790,32Nvl_L3_NS,NONE,0.007,0.0
2790,32Nvl_L1_NS,32NVL_NS,0.007,0.007
2790,32Nvl_L3_NS,NONE,0.067,0.0
2790,32Nvl_L2_NS,32NVL_NS,0.063,0.063
2790,NvcNvl_L1_EW,NVCNVL_EW,0.007,0.007
2790,NvcNvl_L2_EW,NVCNVL_EW,0.008,0.008
2790,32Mt_L1_EW,32MT_EW,0.014,0.014
2790,NvcCmt8_L2_EW,NVCCMT8_EW,0.005,0.005
2790,32Nvl_L2_NS,32NVL_NS,0.007,0.007
2790,32Nvl_L1_NS,32NVL_NS,0.067,0.067
2790,NvcNvl_L3_EW,NONE,0.009,0.0
2790,32Mt_L2_EW,32MT_EW,0.011,0.011
2790,NvcCmt8_L1_EW,NVCCMT8_EW,0.046,0.046
2795,304Nvl_L1_NS,304NVL_NS,0.009,-0.03
2795,304Nvl_L3_NS,NONE,0.007,0.0
2795,304Nvl_L1_EW,304NVL_EW,0.008,0.008
2795,304Nvl_L1_NS,NONE,0.007,0.0
2795,32Nvl_L3_NS,NONE,0.048,0.0
2795,32Nvl_L1_NS,32NVL_NS,0.055,0.049
2795,32Nvl_L1_EW,32NVL_EW,0.007,0.002
2795,32Nvl_L3_NS,NONE,0.067,0.0
2795,32Nvl_L2_NS,32NVL_NS,0.063,0.058
2795,NvcNvl_L3_NS,NONE,0.007,0.0
2795,NvcNvl_L2_NS,NONE,0.007,0.0
2795,32Mt_L1_EW,NONE,0.014,0.0
2795,32Mt_L3_EW,NONE,0.009,0.0
2795,32Mt_L1_EW,32MT_EW,0.007,0.007
2795,32Mt_L1_NS,NONE,0.01,0.0
2795,304Nvl_L2_NS,304NVL_NS,0.008,-0.037
2795,32Nvl_L2_NS,32NVL_NS,0.053,0.048
2795,32Nvl_L1_NS,32NVL_NS,0.06,0.054
2795,NvcNvl_L1_NS,NONE,0.009,0.0
2795,32Mt_L2_EW,NONE,0.008,0.0
2795,32Mt_L2_EW,32MT_EW,0.005,0.005
2800,304Nvl_L1_NS,304NVL_NS,0.009,-0.03
2800,304Nvl_L3_NS,NONE,0.007,0.0
2800,32Nvl_L3_NS,NONE,0.014,0.0
2800,32Nvl_L1_NS,32NVL_NS,0.055,0.049
2800,32Nvl_L3_NS,NONE,0.075,0.0
2800,32Nvl_L2_NS,32NVL_NS,0.071,0.066
2800,NvcNvl_L1_EW,NONE,0.011,0.0
2800,NvcNvl_L2_EW,NONE,0.008,0.0
2800,NvcNvl_L1_EW,NVCNVL_EW,0.007,0.007
2800,NvcNvl_L2_EW,NVCNVL_EW,0.008,0.008
2800,32Mt_L1_EW,NONE,0.007,0.0
2800,32Mt_L1_EW,32MT_EW,0.007,0.007
2800,32Mt_L1_NS,NONE,0.01,0.0
2800,NvcMt_L2_NS,NONE,0.005,0.0
2800,304Nvl_L2_NS,304NVL_NS,0.008,-0.042
2800,32Nvl_L2_NS,32NVL_NS,0.053,0.048
2800,32Nvl_L1_NS,32NVL_NS,0.067,0.061
2800,NvcNvl_L3_EW,NONE,0.006,0.0
2800,NvcNvl_L3_EW,NONE,0.009,0.0
2800,32Mt_L2_NS,NONE,0.009,0.0
2800,NvcMt_L1_NS,NONE,0.005,0.0
2805,304Nvl_L1_NS,304NVL_NS,0.009,-0.025
2805,304Nvl_L3_NS,NONE,0.007,0.0
2805,32Nvl_L3_NS,NONE,0.007,0.0
2805,32Nvl_L1_NS,32NVL_NS,0.048,0.042
2805,32Nvl_L3_NS,NONE,0.075,0.0
2805,32Nvl_L2_NS,32NVL_NS,0.071,0.066
2805,NvcNvl_L1_EW,NONE,0.011,0.0
2805,NvcNvl_L2_EW,NONE,0.008,0.0
2805,NvcNvl_L1_EW,NVCNVL_EW,0.007,0.007
2805,NvcNvl_L2_EW,NVCNVL_EW,0.008,0.008
2805,32Mt_L1_EW,32MT_EW,0.007,0.007
2805,304Nvl_L2_NS,304NVL_NS,0.008,-0.042
2805,32Nvl_L2_NS,32NVL_NS,0.047,0.041
2805,32Nvl_L1_NS,32NVL_NS,0.06,0.054
2805,NvcNvl_L3_EW,NONE,0.009,0.0
2805,32Mt_L2_EW,32MT_EW,0.005,0.005
2810,304Nvl_L1_NS,304NVL_NS,0.009,-0.025
2810,304Nvl_L3_NS,NONE,0.007,0.0
2810,32Nvl_L3_NS,NONE,0.041,0.0
2810,32Nvl_L1_NS,32NVL_NS,0.048,0.042
2810,32Nvl_L3_NS,NONE,0.008,0.0
2810,32Nvl_L2_NS,32NVL_NS,0.008,0.003
2810,NvcNvl_L1_EW,NONE,0.011,0.0
2810,NvcNvl_L2_EW,NONE,0.008,0.0
2810,NvcNvl_L1_EW,NVCNVL_EW,0.014,0.01
2810,NvcNvl_L2_EW,NVCNVL_EW,0.016,0.016
2810,32Mt_L1_EW,NONE,0.014,0.0
2810,32Mt_L3_EW,NONE,0.009,0.0
2810,NvcMt_L1_EW,NVCMT_EW,0.006,-0.03
2810,NvcCmt8_L2_EW,NVCCMT8_EW,0.026,0.026
2810,304Nvl_L2_NS,304NVL_NS,0.008,0.002
2810,32Nvl_L2_NS,32NVL_NS,0.047,0.041
2810,32Nvl_L1_NS,32NVL_NS,0.007,0.0
2810,NvcNvl_L3_EW,NONE,0.006,0.0
2810,NvcNvl_L3_EW,NONE,0.019,0.0
2810,32Mt_L2_EW,NONE,0.008,0.0
2810,NvcMt_L2_EW,NVCMT_EW,0.008,-0.021
2810,NvcCmt8_L1_EW,NVCCMT8_EW,0.038,0.034
2815,304Nvl_L1_NS,304NVL_NS,0.009,0.004
2815,32Nvl_L3_NS,NONE,0.007,0.0
2815,32Nvl_L1_NS,32NVL_NS,0.007,0.001
2815,32Nvl_L3_NS,NONE,0.017,0.0
2815,32Nvl_L2_NS,32NVL_NS,0.016,0.01
2815,NvcNvl_L1_EW,NONE,0.021,0.0
2815,NvcNvl_L2_EW,NONE,0.008,0.0
2815,NvcNvl_L1_EW,NVCNVL_EW,0.014,0.014
2815,NvcNvl_L2_EW,NVCNVL_EW,0.016,0.016
2815,32Mt_L1_EW,32MT_EW,0.007,0.007
2815,NvcCmt8_L2_EW,NVCCMT8_EW,0.026,0.026
2815,304Nvl_L2_NS,304NVL_NS,0.008,-0.003
2815,32Nvl_L2_NS,32NVL_NS,0.007,0.001
2815,32Nvl_L1_NS,32NVL_NS,0.02,0.014
2815,NvcNvl_L3_EW,NONE,0.006,0.0
2815,NvcNvl_L3_EW,NONE,0.019,0.0
2815,32Mt_L2_EW,32MT_EW,0.005,0.005
2815,NvcCmt8_L1_EW,NVCCMT8_EW,0.038,0.038
2820,304Nvl_L1_NS,304NVL_NS,0.009,-0.025
2820,304Nvl_L3_NS,NONE,0.007,0.0
2820,32Nvl_L3_NS,NONE,0.007,0.0
2820,32Nvl_L1_NS,32NVL_NS,0.048,0.042
2820,32Nvl_L1_EW,32NVL_EW,0.007,0.002
2820,32Nvl_L2_EW,32NVL_EW,0.007,0.004
2820,32Nvl_L3_NS,NONE,0.008,0.0
2820,32Nvl_L2_NS,32NVL_NS,0.008,0.003
2820,NvcNvl_L1_EW,NONE,0.021,0.0
2820,NvcNvl_L2_EW,NONE,0.015,0.0
2820,NvcNvl_L1_EW,NVCNVL_EW,0.014,0.014
2820,NvcNvl_L2_EW,NVCNVL_EW,0.016,0.016
2820,32Mt_L1_EW,32MT_EW,0.007,0.007
2820,32Mt_L1_NS,NONE,0.02,0.0
2820,NvcCmt8_L2_EW,NVCCMT8_EW,0.026,0.026
2820,304Nvl_L2_NS,304NVL_NS,0.008,0.002
2820,32Nvl_L2_NS,32NVL_NS,0.013,0.008
2820,32Nvl_L3_EW,NONE,0.006,0.0
2820,32Nvl_L1_NS,32NVL_NS,0.007,0.0
2820,NvcNvl_L3_EW,NONE,0.006,0.0
2820,NvcNvl_L3_EW,NONE,0.019,0.0
2820,32Mt_L2_EW,32MT_EW,0.005,0.005
2820,32Mt_L2_NS,NONE,0.009,0.0
2820,NvcCmt8_L1_EW,NVCCMT8_EW,0.038,0.038
2825,304Nvl_L1_NS,304NVL_NS,0.009,0.004
2825,304Nvl_L3_NS,NONE,0.007,0.0
2825,304Nvl_L1_EW,304NVL_EW,0.042,0.042
2825,304Nvl_L2_EW,304NVL_EW,0.036,0.036
2825,32Nvl_L1_NS,32NVL_NS,0.007,0.001
2825,32Nvl_L1_EW,32NVL_EW,0.007,0.002
2825,32Nvl_L2_EW,32NVL_EW,0.007,0.004
2825,32Nvl_L3_NS,NONE,0.008,0.0
2825,32Nvl_L2_NS,32NVL_NS,0.008,0.003
2825,NvcNvl_L1_EW,NONE,0.011,0.0
2825,NvcNvl_L2_EW,NONE,0.008,0.0
2825,NvcNvl_L1_EW,NVCNVL_EW,0.014,0.01
2825,NvcNvl_L2_EW,NVCNVL_EW,0.016,0.016
2825,32Mt_L1_NS,32MT_NS,0.006,0.006
2825,32Mt_L1_EW,32MT_EW,0.007,0.007
2825,NvcMt_L1_EW,NVCMT_EW,0.006,-0.03
2825,NvcCmt8_L2_EW,NVCCMT8_EW,0.026,0.026
2825,304Nvl_L2_NS,304NVL_NS,0.008,0.002
2825,304Nvl_L3_EW,NONE,0.032,0.0
2825,32Nvl_L3_EW,NONE,0.006,0.0
2825,32Nvl_L1_NS,32NVL_NS,0.007,0.0
2825,NvcNvl_L3_EW,NONE,0.019,0.0
2825,32Mt_L2_EW,32MT_EW,0.005,0.005
2825,NvcMt_L2_EW,NVCMT_EW,0.008,-0.021
2825,NvcCmt8_L1_EW,NVCCMT8_EW,0.038,0.034
2830,304Nvl_L1_NS,304NVL_NS,0.009,0.004
2830,304Nvl_L3_NS,NONE,0.007,0.0
2830,304Nvl_L1_EW,304NVL_EW,0.059,0.059
2830,304Nvl_L2_EW,304NVL_EW,0.051,0.051
2830,304Nvl_L1_NS,NONE,0.007,0.0
2830,32Nvl_L1_NS,32NVL_NS,0.007,0.001
2830,32Nvl_L1_EW,32NVL_EW,0.007,0.002
2830,32Nvl_L2_EW,32NVL_EW,0.007,0.004
2830,NvcNvl_L1_EW,NONE,0.011,0.0
2830,NvcNvl_L2_EW,NONE,0.008,0.0
2830,NvcNvl_L1_EW,NVCNVL_EW,0.014,0.01
2830,NvcNvl_L2_EW,NVCNVL_EW,0.016,0.016
2830,32Mt_L1_EW,NONE,0.007,0.0
2830,32Mt_L3_EW,NONE,0.009,0.0
2830,32Mt_L1_EW,32MT_EW,0.007,0.007
2830,NvcMt_L1_EW,NVCMT_EW,0.006,-0.004
2830,304Nvl_L2_NS,304NVL_NS,0.008,0.008
2830,304Nvl_L3_EW,NONE,0.044,0.0
2830,32Nvl_L3_EW,NONE,0.006,0.0
2830,32Nvl_L1_NS,32NVL_NS,0.013,0.007
2830,NvcNvl_L3_EW,NONE,0.019,0.0
2830,32Mt_L2_EW,NONE,0.008,0.0
2830,32Mt_L2_EW,32MT_EW,0.005,0.005
2830,NvcMt_L2_EW,NVCMT_EW,0.008,-0.003
2835,304Nvl_L1_NS,304NVL_NS,0.009,0.009
2835,304Nvl_L3_NS,NONE,0.007,0.0
2835,304Nvl_L1_EW,304NVL_EW,0.008,0.008
2835,304Nvl_L2_EW,304NVL_EW,0.007,0.007
2835,32Nvl_L1_EW,32NVL_EW,0.007,0.002
2835,32Nvl_L2_EW,32NVL_EW,0.007,0.004
2835,NvcNvl_L1_EW,NVCNVL_EW,0.014,0.01
2835,NvcNvl_L2_EW,NVCNVL_EW,0.016,0.016
2835,32Mt_L1_NS,32MT_NS,0.006,0.006
2835,32Mt_L1_EW,32MT_EW,0.007,0.007
2835,NvcMt_L1_EW,NVCMT_EW,0.006,-0.004
2835,304Nvl_L2_NS,304NVL_NS,0.008,0.008
2835,304Nvl_L3_EW,NONE,0.006,0.0
2835,32Nvl_L3_EW,NONE,0.006,0.0
2835,32Nvl_L1_NS,32NVL_NS,0.013,0.007
2835,NvcNvl_L3_EW,NONE,0.019,0.0
2835,32Mt_L2_NS,32MT_NS,0.006,0.006
2835,32Mt_L2_EW,32MT_EW,0.005,0.005
2835,NvcMt_L2_EW,NVCMT_EW,0.008,-0.003
2840,304Nvl_L1_NS,304NVL_NS,0.009,0.009
2840,304Nvl_L3_NS,NONE,0.007,0.0
2840,304Nvl_L1_EW,304NVL_EW,0.051,0.051
2840,304Nvl_L2_EW,304NVL_EW,0.007,0.007
2840,304Nvl_L1_NS,NONE,0.007,0.0
2840,32Nvl_L1_EW,32NVL_EW,0.007,-0.003
2840,32Nvl_L2_EW,32NVL_EW,0.008,0.004
2840,32Nvl_L1_EW,32NVL_EW,0.007,-0.003
2840,32Nvl_L2_EW,32NVL_EW,0.007,0.004
2840,NvcNvl_L3_NS,NONE,0.007,0.0
2840,NvcNvl_L2_NS,NONE,0.007,0.0
2840,NvcNvl_L1_EW,NVCNVL_EW,0.014,0.014
2840,NvcNvl_L2_EW,NVCNVL_EW,0.016,0.016
2840,32Mt_L1_EW,32MT_EW,0.014,0.009
2840,NvcMt_L2_NS,NONE,0.005,0.0
2840,32Thn_L1_EW,NONE,0.01,0.0
2840,32Thn_L2_EW,NONE,0.01,0.0
2840,32Thn_L3_EW,NONE,0.007,0.0
2840,304Nvl_L2_NS,304NVL_NS,0.008,0.008
2840,304Nvl_L3_EW,NONE,0.006,0.0
2840,32Nvl_L3_EW,NONE,0.006,0.0
2840,32Nvl_L3_EW,NONE,0.006,0.0
2840,32Nvl_L1_NS,32NVL_NS,0.013,0.007
2840,NvcNvl_L1_NS,NONE,0.009,0.0
2840,NvcNvl_L3_EW,NONE,0.019,0.0
2840,32Mt_L2_EW,32MT_EW,0.005,0.0
2840,NvcMt_L1_NS,NONE,0.005,0.0
2845,304Nvl_L1_NS,304NVL_NS,0.009,0.009
2845,304Nvl_L3_NS,NONE,0.007,0.0
2845,304Nvl_L1_NS,NONE,0.044,0.0
2845,32Nvl_L1_EW,32NVL_EW,0.007,-0.013
2845,32Nvl_L2_EW,32NVL_EW,0.008,-0.004
2845,32Nvl_L1_EW,32NVL_EW,0.007,-0.014
2845,32Nvl_L2_EW,32NVL_EW,0.007,-0.004
2845,NvcNvl_L3_NS,NONE,0.007,0.0
2845,NvcNvl_L2_NS,NONE,0.007,0.0
2845,NvcNvl_L1_EW,NVCNVL_EW,0.014,0.014
2845,NvcNvl_L2_EW,NVCNVL_EW,0.016,0.016
2845,32Mt_L1_EW,NONE,0.007,0.0
2845,32Mt_L1_EW,32MT_EW,0.021,0.016
2845,NvcMt_L2_NS,NONE,0.005,0.0
2845,32Thn_L1_EW,NONE,0.01,0.0
2845,32Thn_L2_EW,NONE,0.01,0.0
2845,32Thn_L1_EW,32THN_EW,0.008,0.003
2845,32Thn_L3_EW,NONE,0.007,0.0
2845,304Nvl_L2_NS,304NVL_NS,0.008,0.008
2845,32Nvl_L3_EW,NONE,0.006,0.0
2845,32Nvl_L3_EW,NONE,0.006,0.0
2845,32Nvl_L1_NS,32NVL_NS,0.007,0.0
2845,NvcNvl_L1_NS,NONE,0.009,0.0
2845,NvcNvl_L3_EW,NONE,0.019,0.0
2845,32Mt_L2_EW,32MT_EW,0.016,0.011
2845,NvcMt_L1_NS,NONE,0.005,0.0
2850,304Nvl_L1_NS,304NVL_NS,0.009,0.009
2850,304Nvl_L3_NS,NONE,0.007,0.0
2850,304Nvl_L1_NS,NONE,0.044,0.0
2850,304Nvl_L3_NS,NONE,0.04,0.0
2850,32Nvl_L1_EW,32NVL_EW,0.007,-0.018
2850,32Nvl_L2_EW,32NVL_EW,0.008,-0.008
2850,32Nvl_L1_EW,32NVL_EW,0.007,-0.018
2850,32Nvl_L2_EW,32NVL_EW,0.007,-0.008
2850,NvcNvl_L2_NS,NONE,0.007,0.0
2850,NvcNvl_L1_EW,NONE,0.011,0.0
2850,NvcNvl_L2_EW,NONE,0.008,0.0
2850,NvcNvl_L1_EW,NVCNVL_EW,0.014,0.014
2850,NvcNvl_L2_EW,NVCNVL_EW,0.016,0.016
2850,32Mt_L1_EW,32MT_EW,0.028,0.023
2850,32Mt_L1_NS,NONE,0.01,0.0
2850,32Thn_L1_EW,32THN_EW,0.008,0.003
2850,304Nvl_L2_NS,304NVL_NS,0.008,0.008
2850,304Nvl_L2_NS,NONE,0.037,0.0
2850,32Nvl_L3_EW,NONE,0.006,0.0
2850,32Nvl_L3_EW,NONE,0.006,0.0
2850,NvcNvl_L1_NS,NONE,0.009,0.0
2850,NvcNvl_L3_EW,NONE,0.006,0.0
2850,NvcNvl_L3_EW,NONE,0.019,0.0
2850,32Mt_L2_EW,32MT_EW,0.022,0.016
2855,304Nvl_L1_NS,304NVL_NS,0.009,0.009
2855,304Nvl_L3_NS,NONE,0.007,0.0
2855,304Nvl_L1_EW,304NVL_EW,0.008,0.008
2855,304Nvl_L2_EW,304NVL_EW,0.007,0.007
2855,304Nvl_L1_NS,NONE,0.007,0.0
2855,304Nvl_L3_NS,NONE,0.008,0.0
2855,32Nvl_L1_EW,32NVL_EW,0.007,-0.018
2855,32Nvl_L2_EW,32NVL_EW,0.008,-0.008
2855,32Nvl_L1_EW,32NVL_EW,0.007,-0.018
2855,32Nvl_L2_EW,32NVL_EW,0.007,-0.008
2855,32Nvl_L3_NS,NONE,0.008,0.0
2855,32Nvl_L2_NS,32NVL_NS,0.008,0.003
2855,NvcNvl_L1_EW,NVCNVL_EW,0.021,0.021
2855,NvcNvl_L2_EW,NVCNVL_EW,0.016,0.016
2855,32Mt_L1_EW,32MT_EW,0.028,0.023
2855,32Mt_L1_NS,NONE,0.01,0.0
2855,32Thn_L1_EW,32THN_EW,0.008,0.003
2855,304Nvl_L2_NS,304NVL_NS,0.008,0.002
2855,304Nvl_L3_EW,NONE,0.006,0.0
2855,304Nvl_L2_NS,NONE,0.007,0.0
2855,32Nvl_L3_EW,NONE,0.006,0.0
2855,32Nvl_L3_EW,NONE,0.006,0.0
2855,32Nvl_L1_NS,32NVL_NS,0.007,0.0
2855,NvcNvl_L3_EW,NONE,0.019,0.0
2855,32Mt_L2_EW,32MT_EW,0.022,0.016
2855,32Mt_L2_NS,NONE,0.009,0.0
2860,304Thn_L1_EW,304THN_EW,0.008,-0.021
2860,304Thn_L3_EW,NONE,0.008,0.0
2860,304Nvl_L1_NS,304NVL_NS,0.009,-0.001
2860,304Nvl_L3_NS,NONE,0.007,0.0
2860,304Nvl_L1_EW,304NVL_EW,0.042,0.037
2860,32Nvl_L3_NS,NONE,0.007,0.0
2860,32Nvl_L1_NS,32NVL_NS,0.014,0.003
2860,32Nvl_L1_EW,32NVL_EW,0.007,-0.012
2860,32Nvl_L2_EW,32NVL_EW,0.008,-0.008
2860,32Nvl_L1_EW,32NVL_EW,0.007,-0.013
2860,32Nvl_L2_EW,32NVL_EW,0.007,-0.008
2860,32Nvl_L3_NS,NONE,0.042,0.0
2860,32Nvl_L2_NS,32NVL_NS,0.039,0.034
2860,NvcNvl_L1_EW,NVCNVL_EW,0.007,0.007
2860,NvcNvl_L1_NS,NVCNVL_NS,0.007,-0.003
2860,32Mt_L1_EW,32MT_EW,0.028,0.023
2860,32Mt_L1_NS,NONE,0.01,0.0
2860,304Nvl_L2_NS,304NVL_NS,0.008,-0.02
2860,32Nvl_L2_NS,32NVL_NS,0.013,0.008
2860,32Nvl_L3_EW,NONE,0.006,0.0
2860,32Nvl_L3_EW,NONE,0.006,0.0
2860,32Nvl_L1_NS,32NVL_NS,0.034,0.023
2860,32Mt_L2_EW,32MT_EW,0.022,0.016
2860,32Mt_L2_NS,NONE,0.009,0.0
2860,304Thn_L2_EW,304THN_EW,0.007,0.007
2865,304Nvl_L1_NS,304NVL_NS,0.009,0.004
2865,304Nvl_L3_NS,NONE,0.007,0.0
2865,304Nvl_L1_EW,304NVL_EW,0.025,0.025
2865,304Nvl_L2_EW,304NVL_EW,0.007,0.007
2865,32Nvl_L3_NS,NONE,0.007,0.0
2865,32Nvl_L1_NS,32NVL_NS,0.007,0.001
2865,32Nvl_L1_EW,32NVL_EW,0.007,-0.017
2865,32Nvl_L2_EW,32NVL_EW,0.008,-0.011
2865,32Nvl_L1_EW,32NVL_EW,0.007,-0.018
2865,32Nvl_L2_EW,32NVL_EW,0.007,-0.012
2865,32Mt_L1_EW,NONE,0.007,0.0
2865,32Mt_L3_EW,NONE,0.009,0.0
2865,32Mt_L1_EW,32MT_EW,0.035,0.03
2865,32Mt_L1_NS,NONE,0.02,0.0
2865,NvcMt_L1_EW,NVCMT_EW,0.006,0.006
2865,304Nvl_L2_NS,304NVL_NS,0.008,0.008
2865,304Nvl_L3_EW,NONE,0.006,0.0
2865,32Nvl_L2_NS,32NVL_NS,0.007,0.001
2865,32Nvl_L3_EW,NONE,0.006,0.0
2865,32Nvl_L3_EW,NONE,0.006,0.0
2865,32Mt_L2_EW,NONE,0.008,0.0
2865,32Mt_L2_EW,32MT_EW,0.027,0.022
2865,32Mt_L2_NS,NONE,0.009,0.0
2865,NvcMt_L2_EW,NVCMT_EW,0.008,0.008
2870,304Thn_L1_EW,NONE,0.007,0.0
2870,304Nvl_L1_NS,304NVL_NS,0.009,-0.001
2870,304Nvl_L3_NS,NONE,0.007,0.0
2870,304Nvl_L1_EW,304NVL_EW,0.008,0.008
2870,304Nvl_L2_EW,304NVL_EW,0.007,0.007
2870,32Nvl_L3_NS,NONE,0.007,0.0
2870,32Nvl_L1_NS,32NVL_NS,0.014,0.008
2870,32Nvl_L1_EW,32NVL_EW,0.014,-0.01
2870,32Nvl_L2_EW,32NVL_EW,0.015,-0.004
2870,32Nvl_L1_EW,32NVL_EW,0.007,-0.018
2870,32Nvl_L2_EW,32NVL_EW,0.007,-0.012
2870,NvcNvl_L3_NS,NONE,0.014,0.0
2870,NvcNvl_L2_NS,NONE,0.013,0.0
2870,NvcNvl_L1_EW,NVCNVL_EW,0.007,0.007
2870,32Mt_L1_EW,NONE,0.007,0.0
2870,32Mt_L1_EW,32MT_EW,0.035,0.025
2870,NvcMt_L2_NS,NONE,0.005,0.0
2870,NvcMt_L2_EW,NVCMT_EW,0.003,0.003
2870,304Nvl_L2_NS,304NVL_NS,0.008,0.008
2870,304Nvl_L3_EW,NONE,0.006,0.0
2870,32Nvl_L2_NS,32NVL_NS,0.013,0.008
2870,32Nvl_L3_EW,NONE,0.006,0.0
2870,32Nvl_L3_EW,NONE,0.013,0.0
2870,32Nvl_L1_NS,32NVL_NS,0.007,0.0
2870,NvcNvl_L1_NS,NONE,0.017,0.0
2870,32Mt_L2_EW,32MT_EW,0.027,0.016
2870,NvcMt_L1_NS,NONE,0.005,0.0
2870,NvcMt_L1_EW,NVCMT_EW,0.006,0.001
2875,304Nvl_L1_NS,304NVL_NS,0.009,0.004
2875,304Nvl_L3_NS,NONE,0.007,0.0
2875,304Nvl_L1_EW,304NVL_EW,0.008,0.008
2875,304Nvl_L2_EW,304NVL_EW,0.007,0.007
2875,304Nvl_L1_NS,NONE,0.007,0.0
2875,32Nvl_L1_NS,32NVL_NS,0.007,0.001
2875,32Nvl_L1_EW,32NVL_EW,0.007,-0.022
2875,32Nvl_L2_EW,32NVL_EW,0.008,-0.011
2875,32Nvl_L1_EW,32NVL_EW,0.007,-0.023
2875,32Nvl_L2_EW,32NVL_EW,0.007,-0.012
2875,32Nvl_L3_NS,NONE,0.008,0.0
2875,32Nvl_L2_NS,32NVL_NS,0.008,0.003
2875,NvcNvl_L3_NS,NONE,0.014,0.0
2875,NvcNvl_L2_NS,NONE,0.013,0.0
2875,NvcNvl_L1_EW,NVCNVL_EW,0.007,0.007
2875,32Mt_L1_EW,32MT_EW,0.042,0.037
2875,32Mt_L1_NS,NONE,0.01,0.0
2875,NvcMt_L2_NS,NONE,0.011,0.0
2875,304Nvl_L2_NS,304NVL_NS,0.008,0.002
2875,304Nvl_L3_EW,NONE,0.006,0.0
2875,32Nvl_L2_NS,32NVL_NS,0.007,0.001
2875,32Nvl_L3_EW,NONE,0.006,0.0
2875,32Nvl_L3_EW,NONE,0.006,0.0
2875,32Nvl_L1_NS,32NVL_NS,0.02,0.014
2875,NvcNvl_L1_NS,NONE,0.017,0.0
2875,32Mt_L2_EW,32MT_EW,0.027,0.022
2875,NvcMt_L1_NS,NONE,0.011,0.0
2880,304Nvl_L1_NS,304NVL_NS,0.009,0.009
2880,304Nvl_L3_NS,NONE,0.007,0.0
2880,304Nvl_L1_EW,304NVL_EW,0.017,0.017
2880,304Nvl_L2_EW,304NVL_EW,0.015,0.015
2880,304Nvl_L1_NS,NONE,0.007,0.0
2880,32Nvl_L1_EW,32NVL_EW,0.007,-0.027
2880,32Nvl_L2_EW,32NVL_EW,0.008,-0.019
2880,32Nvl_L1_EW,32NVL_EW,0.007,-0.027
2880,32Nvl_L2_EW,32NVL_EW,0.007,-0.019
2880,32Mt_L1_EW,NONE,0.043,0.0
2880,32Mt_L3_EW,NONE,0.053,0.0
2880,32Mt_L1_EW,32MT_EW,0.049,0.044
2880,NvcMt_L2_NS,NONE,0.005,0.0
2880,304Nvl_L2_NS,304NVL_NS,0.008,0.008
2880,304Nvl_L3_EW,NONE,0.013,0.0
2880,32Nvl_L3_EW,NONE,0.006,0.0
2880,32Nvl_L3_EW,NONE,0.006,0.0
2880,32Nvl_L1_NS,32NVL_NS,0.007,0.0
2880,32Mt_L2_EW,NONE,0.045,0.0
2880,32Mt_L2_EW,32MT_EW,0.038,0.033
2880,NvcMt_L1_NS,NONE,0.005,0.0
2885,304Nvl_L1_NS,304NVL_NS,0.009,0.004
2885,304Nvl_L3_NS,NONE,0.007,0.0
2885,304Nvl_L1_EW,304NVL_EW,0.017,0.017
2885,304Nvl_L2_EW,304NVL_EW,0.007,0.007
2885,304Nvl_L1_NS,NONE,0.007,0.0
2885,32Nvl_L1_NS,32NVL_NS,0.007,0.001
2885,32Nvl_L1_EW,32NVL_EW,0.007,-0.032
2885,32Nvl_L2_EW,32NVL_EW,0.008,-0.023
2885,32Nvl_L1_EW,32NVL_EW,0.007,-0.032
2885,32Nvl_L2_EW,32NVL_EW,0.007,-0.023
2885,32Mt_L1_EW,NONE,0.043,0.0
2885,32Mt_L3_EW,NONE,0.053,0.0
2885,32Mt_L1_EW,32MT_EW,0.056,0.051
2885,32Mt_L1_NS,NONE,0.01,0.0
2885,NvcMt_L2_NS,NONE,0.005,0.0
2885,NvcMt_L2_EW,NVCMT_EW,0.003,0.003
2885,304Nvl_L2_NS,304NVL_NS,0.008,0.008
2885,304Nvl_L3_EW,NONE,0.006,0.0
2885,32Nvl_L3_EW,NONE,0.006,0.0
2885,32Nvl_L3_EW,NONE,0.006,0.0
2885,32Mt_L2_EW,NONE,0.045,0.0
2885,32Mt_L2_EW,32MT_EW,0.044,0.038
2885,32Mt_L2_NS,NONE,0.009,0.0
2885,NvcMt_L1_NS,NONE,0.005,0.0
2885,NvcMt_L1_EW,NVCMT_EW,0.006,0.006
2890,304Nvl_L1_NS,304NVL_NS,0.009,0.009
2890,304Nvl_L3_NS,NONE,0.007,0.0
2890,304Nvl_L1_NS,NONE,0.007,0.0
2890,32Nvl_L1_EW,32NVL_EW,0.007,-0.057
2890,32Nvl_L2_EW,32NVL_EW,0.008,-0.025
2890,32Nvl_L1_EW,32NVL_EW,0.007,-0.057
2890,32Nvl_L2_EW,32NVL_EW,0.007,-0.025
2890,32Mt_L1_NS,32MT_NS,0.006,0.006
2890,32Mt_L1_EW,32MT_EW,0.084,0.079
2890,32Mt_L1_NS,NONE,0.01,0.0
2890,NvcMt_L2_NS,NONE,0.026,0.0
2890,32Thn_L1_EW,32THN_EW,0.008,0.003
2890,32Thn_L2_EW,32THN_EW,0.008,0.003
2890,32Thn_L3_EW,NONE,0.008,0.0
2890,304Nvl_L2_NS,304NVL_NS,0.008,0.008
2890,32Nvl_L3_EW,NONE,0.006,0.0
2890,32Nvl_L3_EW,NONE,0.006,0.0
2890,32Mt_L2_EW,32MT_EW,0.038,0.033
2890,NvcMt_L1_NS,NONE,0.027,0.0
2895,304Nvl_L1_NS,304NVL_NS,0.009,0.004
2895,304Nvl_L3_NS,NONE,0.007,0.0
2895,304Nvl_L1_NS,NONE,0.007,0.0
2895,32Nvl_L3_NS,NONE,0.007,0.0
2895,32Nvl_L1_NS,32NVL_NS,0.007,0.001
2895,32Nvl_L1_EW,32NVL_EW,0.007,-0.061
2895,32Nvl_L2_EW,32NVL_EW,0.008,-0.004
2895,32Nvl_L1_EW,32NVL_EW,0.007,-0.062
2895,32Nvl_L2_EW,32NVL_EW,0.007,-0.004
2895,32Nvl_L3_NS,NONE,0.017,0.0
2895,32Nvl_L2_NS,32NVL_NS,0.016,0.01
2895,NvcNvl_L3_NS,NONE,0.007,0.0
2895,NvcNvl_L2_NS,NONE,0.007,0.0
2895,NvcNvl_L1_EW,NONE,0.011,0.0
2895,NvcNvl_L2_EW,NONE,0.008,0.0
2895,32Mt_L1_EW,32MT_EW,0.098,0.093
2895,32Thn_L1_EW,NONE,0.01,0.0
2895,304Nvl_L2_NS,304NVL_NS,0.008,-0.003
2895,32Nvl_L2_NS,32NVL_NS,0.007,0.001
2895,32Nvl_L3_EW,NONE,0.006,0.0
2895,32Nvl_L3_EW,NONE,0.006,0.0
2895,32Nvl_L1_NS,32NVL_NS,0.013,0.007
2895,NvcNvl_L1_NS,NONE,0.009,0.0
2895,NvcNvl_L3_EW,NONE,0.006,0.0
2895,32Mt_L2_EW,32MT_EW,0.016,0.011
2900,304Nvl_L1_NS,304NVL_NS,0.009,0.004
2900,304Nvl_L3_NS,NONE,0.007,0.0
2900,32Nvl_L3_NS,NONE,0.007,0.0
2900,32Nvl_L1_NS,32NVL_NS,0.007,0.001
2900,32Nvl_L1_EW,32NVL_EW,0.007,-0.052
2900,32Nvl_L2_EW,32NVL_EW,0.008,-0.019
2900,32Nvl_L1_EW,32NVL_EW,0.007,-0.052
2900,32Nvl_L2_EW,32NVL_EW,0.007,-0.019
2900,32Nvl_L3_NS,NONE,0.008,0.0
2900,32Nvl_L2_NS,32NVL_NS,0.008,0.003
2900,32Mt_L1_EW,NONE,0.007,0.0
2900,32Mt_L1_EW,32MT_EW,0.084,0.079
2900,32Mt_L1_NS,NONE,0.01,0.0
2900,304Nvl_L2_NS,304NVL_NS,0.008,0.002
2900,32Nvl_L2_NS,32NVL_NS,0.007,0.001
2900,32Nvl_L3_EW,NONE,0.006,0.0
2900,32Nvl_L3_EW,NONE,0.006,0.0
2900,32Nvl_L1_NS,32NVL_NS,0.007,0.0
2900,32Mt_L2_EW,32MT_EW,0.038,0.033
2900,32Mt_L2_NS,NONE,0.009,0.0
2905,304Nvl_L1_NS,304NVL_NS,0.009,0.009
2905,304Nvl_L3_NS,NONE,0.007,0.0
2905,304Nvl_L1_EW,304NVL_EW,0.008,0.008
2905,304Nvl_L2_EW,304NVL_EW,0.007,0.007
2905,304Nvl_L1_NS,NONE,0.007,0.0
2905,304Nvl_L3_NS,NONE,0.008,0.0
2905,32Nvl_L1_EW,32NVL_EW,0.007,0.002
2905,32Nvl_L2_EW,32NVL_EW,0.008,0.004
2905,32Nvl_L1_EW,32NVL_EW,0.007,0.002
2905,32Nvl_L2_EW,32NVL_EW,0.007,0.004
2905,NvcNvl_L1_EW,NVCNVL_EW,0.007,0.007
2905,NvcNvl_L1_NS,NVCNVL_NS,0.007,0.007
2905,32Mt_L1_EW,NONE,0.022,0.0
2905,32Mt_L1_EW,32MT_EW,0.007,0.002
2905,32Mt_L1_NS,NONE,0.02,0.0
2905,NvcMt_L2_NS,NONE,0.026,0.0
2905,304Nvl_L2_NS,304NVL_NS,0.008,0.008
2905,304Nvl_L3_EW,NONE,0.006,0.0
2905,304Nvl_L2_NS,NONE,0.007,0.0
2905,32Nvl_L3_EW,NONE,0.006,0.0
2905,32Nvl_L3_EW,NONE,0.006,0.0
2905,32Mt_L2_EW,32MT_EW,0.005,0.0
2905,32Mt_L2_NS,NONE,0.009,0.0
2905,NvcMt_L1_NS,NONE,0.027,0.0
2910,304Nvl_L1_NS,304NVL_NS,0.009,-0.001
2910,304Nvl_L3_NS,NONE,0.007,0.0
2910,304Nvl_L1_EW,304NVL_EW,0.008,0.008
2910,304Nvl_L2_EW,304NVL_EW,0.007,0.007
2910,32Nvl_L3_NS,NONE,0.007,0.0
2910,32Nvl_L1_NS,32NVL_NS,0.014,0.003
2910,NvcNvl_L3_NS,NONE,0.007,0.0
2910,NvcNvl_L2_NS,NONE,0.007,0.0
2910,NvcNvl_L1_NS,NVCNVL_NS,0.007,-0.003
2910,32Mt_L1_NS,32MT_NS,0.006,0.006
2910,32Mt_L1_EW,NONE,0.007,0.0
2910,32Mt_L1_EW,32MT_EW,0.007,0.007
2910,32Mt_L1_NS,NONE,0.01,0.0
2910,NvcMt_L2_NS,NONE,0.032,0.0
2910,304Nvl_L2_NS,304NVL_NS,0.008,0.008
2910,304Nvl_L3_EW,NONE,0.006,0.0
2910,32Nvl_L2_NS,32NVL_NS,0.007,0.001
2910,32Nvl_L1_NS,32NVL_NS,0.013,0.002
2910,NvcNvl_L1_NS,NONE,0.009,0.0
2910,32Mt_L2_EW,32MT_EW,0.005,0.005
2910,NvcMt_L1_NS,NONE,0.033,0.0
2915,304Nvl_L1_NS,304NVL_NS,0.018,-0.001
2915,304Nvl_L3_NS,NONE,0.007,0.0
2915,304Nvl_L1_EW,304NVL_EW,0.025,0.025
2915,304Nvl_L2_EW,304NVL_EW,0.022,0.022
2915,304Nvl_L1_NS,NONE,0.007,0.0
2915,32Nvl_L3_NS,NONE,0.014,0.0
2915,32Nvl_L1_NS,32NVL_NS,0.028,0.015
2915,32Nvl_L1_EW,32NVL_EW,0.007,0.007
2915,32Nvl_L2_EW,32NVL_EW,0.008,0.008
2915,32Nvl_L3_NS,NONE,0.017,0.0
2915,32Nvl_L2_NS,32NVL_NS,0.016,0.01
2915,32Mt_L1_NS,32MT_NS,0.006,0.006
2915,32Mt_L1_EW,NONE,0.007,0.0
2915,304Nvl_L2_NS,304NVL_NS,0.008,-0.003
2915,304Nvl_L3_EW,NONE,0.019,0.0
2915,32Nvl_L2_NS,32NVL_NS,0.02,0.015
2915,32Nvl_L3_EW,NONE,0.006,0.0
2915,32Nvl_L1_NS,32NVL_NS,0.02,0.007
2920,304Nvl_L1_NS,304NVL_NS,0.009,-0.01
2920,304Nvl_L1_EW,304NVL_EW,0.034,0.034
2920,304Nvl_L2_EW,304NVL_EW,0.029,0.029
2920,304Nvl_L1_NS,NONE,0.007,0.0
2920,32Nvl_L3_NS,NONE,0.014,0.0
2920,32Nvl_L1_NS,32NVL_NS,0.028,0.021
2920,32Nvl_L3_NS,NONE,0.017,0.0
2920,32Nvl_L2_NS,32NVL_NS,0.016,0.016
2920,NvcNvl_L3_NS,NONE,0.007,0.0
2920,NvcNvl_L2_NS,NONE,0.007,0.0
2920,NvcNvl_L1_EW,NVCNVL_EW,0.007,0.007
2920,32Mt_L1_NS,32MT_NS,0.006,0.006
2920,32Mt_L1_EW,NONE,0.007,0.0
2920,304Nvl_L3_EW,NONE,0.025,0.0
2920,32Nvl_L2_NS,32NVL_NS,0.02,0.02
2920,32Nvl_L1_NS,32NVL_NS,0.027,0.021
2920,NvcNvl_L1_NS,NONE,0.009,0.0
2925,304Nvl_L1_NS,304NVL_NS,0.009,0.009
2925,304Nvl_L1_EW,304NVL_EW,0.034,0.034
2925,304Nvl_L2_EW,304NVL_EW,0.029,0.029
2925,304Nvl_L1_EW,NONE,0.008,0.0
2925,304Nvl_L2_EW,NONE,0.009,0.0
2925,32Nvl_L3_NS,NONE,0.008,0.0
2925,32Nvl_L2_NS,32NVL_NS,0.008,0.008
2925,NvcNvl_L1_EW,NVCNVL_EW,0.007,0.007
2925,NvcMt_L2_NS,NONE,0.005,0.0
2925,304Nvl_L3_EW,NONE,0.025,0.0
2925,304Nvl_L3_EW,NONE,0.008,0.0
2925,32Nvl_L1_NS,32NVL_NS,0.013,0.007
2925,NvcMt_L1_NS,NONE,0.005,0.0
2930,304Nvl_L1_EW,304NVL_EW,0.025,0.025
2930,304Nvl_L2_EW,304NVL_EW,0.022,0.022
2930,304Nvl_L1_NS,NONE,0.007,0.0
2930,32Nvl_L1_NS,32NVL_NS,0.007,0.007
2930,NvcNvl_L3_NS,NONE,0.007,0.0
2930,NvcNvl_L2_NS,NONE,0.007,0.0
2930,NvcNvl_L1_EW,NVCNVL_EW,0.014,0.014
2930,NvcNvl_L2_EW,NVCNVL_EW,0.008,-0.002
2930,NvcMt_L2_NS,NONE,0.005,0.0
2930,NvcMt_L2_EW,NVCMT_EW,0.013,0.008
2930,304Nvl_L3_EW,NONE,0.019,0.0
2930,NvcNvl_L1_NS,NONE,0.009,0.0
2930,NvcNvl_L3_EW,NONE,0.009,0.0
2930,NvcMt_L1_NS,NONE,0.005,0.0
2930,NvcMt_L2_EW,NVCMT_EW,0.008,0.002
2930,NvcMt_L1_EW,NVCMT_EW,0.028,0.018
2935,304Nvl_L1_EW,304NVL_EW,0.017,0.017
2935,304Nvl_L2_EW,304NVL_EW,0.007,0.007
2935,304Nvl_L1_NS,NONE,0.007,0.0
2935,32Nvl_L1_NS,32NVL_NS,0.007,0.007
2935,NvcNvl_L3_NS,NONE,0.048,0.0
2935,NvcNvl_L2_NS,NONE,0.046,0.0
2935,NvcNvl_L1_EW,NVCNVL_EW,0.007,0.003
2935,NvcNvl_L2_EW,NVCNVL_EW,0.008,-0.002
2935,NvcMt_L2_NS,NONE,0.005,0.0
2935,NvcMt_L1_EW,NVCMT_EW,0.006,0.001
2935,NvcMt_L2_EW,NVCMT_EW,0.013,0.008
2935,304Nvl_L3_EW,NONE,0.006,0.0
2935,32Nvl_L1_NS,32NVL_NS,0.007,0.007
2935,NvcNvl_L1_NS,NONE,0.061,0.0
2935,NvcNvl_L3_EW,NONE,0.009,0.0
2935,NvcMt_L1_NS,NONE,0.005,0.0
2935,NvcMt_L2_EW,NVCMT_EW,0.008,0.002
2935,NvcMt_L1_EW,NVCMT_EW,0.028,0.023
2940,304Nvl_L1_EW,304NVL_EW,0.017,0.017
2940,304Nvl_L2_EW,304NVL_EW,0.007,0.007
2940,304Nvl_L1_NS,NONE,0.007,0.0
2940,32Nvl_L1_NS,32NVL_NS,0.007,0.007
2940,32Nvl_L1_EW,32NVL_EW,0.007,0.007
2940,32Nvl_L2_EW,32NVL_EW,0.008,0.008
2940,NvcNvl_L3_NS,NONE,0.02,0.0
2940,NvcNvl_L2_NS,NONE,0.026,0.0
2940,NvcNvl_L1_EW,NVCNVL_EW,0.007,-0.002
2940,NvcNvl_L2_EW,NVCNVL_EW,0.008,-0.002
2940,32Mt_L1_EW,NONE,0.007,0.0
2940,32Mt_L3_EW,NONE,0.009,0.0
2940,NvcMt_L1_EW,NVCMT_EW,0.013,0.008
2940,NvcMt_L2_EW,NVCMT_EW,0.013,0.008
2940,304Nvl_L3_EW,NONE,0.006,0.0
2940,32Nvl_L3_EW,NONE,0.006,0.0
2940,32Nvl_L1_NS,32NVL_NS,0.013,0.013
2940,NvcNvl_L1_NS,NONE,0.035,0.0
2940,NvcNvl_L3_EW,NONE,0.009,0.0
2940,32Mt_L2_EW,NONE,0.008,0.0
2940,NvcMt_L2_EW,NVCMT_EW,0.016,0.01
2940,NvcMt_L1_EW,NVCMT_EW,0.028,0.023
2945,304Nvl_L1_NS,NONE,0.007,0.0
2945,32Nvl_L1_NS,32NVL_NS,0.007,0.007
2945,32Nvl_L1_EW,32NVL_EW,0.007,0.007
2945,32Nvl_L2_EW,32NVL_EW,0.008,0.008
2945,NvcNvl_L3_NS,NONE,0.014,0.0
2945,NvcNvl_L2_NS,NONE,0.013,0.0
2945,NvcNvl_L1_EW,NVCNVL_EW,0.014,0.01
2945,NvcNvl_L2_EW,NVCNVL_EW,0.016,0.006
2945,NvcMt_L1_EW,NVCMT_EW,0.006,-0.004
2945,NvcMt_L2_EW,NVCMT_EW,0.013,0.002
2945,32Nvl_L2_NS,32NVL_NS,0.007,0.007
2945,32Nvl_L3_EW,NONE,0.006,0.0
2945,NvcNvl_L1_NS,NONE,0.017,0.0
2945,NvcNvl_L3_EW,NONE,0.019,0.0
2945,NvcMt_L2_EW,NVCMT_EW,0.008,-0.003
2950,304Nvl_L1_EW,304NVL_EW,0.008,0.008
2950,304Nvl_L1_NS,NONE,0.007,0.0
2950,304Nvl_L3_NS,NONE,0.008,0.0
2950,32Nvl_L1_NS,32NVL_NS,0.007,0.002
2950,32Nvl_L1_EW,32NVL_EW,0.007,0.007
2950,32Nvl_L2_EW,32NVL_EW,0.008,0.008
2950,32Nvl_L1_EW,32NVL_EW,0.007,0.007
2950,32Nvl_L2_EW,32NVL_EW,0.007,0.007
2950,32Nvl_L3_NS,NONE,0.008,0.0
2950,32Nvl_L2_NS,32NVL_NS,0.008,0.008
2950,NvcNvl_L3_NS,NONE,0.007,0.0
2950,NvcNvl_L2_NS,NONE,0.007,0.0
2950,NvcNvl_L1_EW,NONE,0.011,0.0
2950,NvcNvl_L2_EW,NONE,0.008,0.0
2950,NvcNvl_L1_EW,NVCNVL_EW,0.021,0.017
2950,NvcNvl_L2_EW,NVCNVL_EW,0.016,0.016
2950,NvcNvl_L1_NS,NVCNVL_NS,0.007,0.002
2950,32Mt_L1_EW,NONE,0.007,0.0
2950,32Mt_L3_EW,NONE,0.009,0.0
2950,NvcMt_L1_EW,NVCMT_EW,0.006,-0.008
2950,304Nvl_L2_NS,NONE,0.007,0.0
2950,32Nvl_L2_NS,32NVL_NS,0.007,0.007
2950,32Nvl_L3_EW,NONE,0.006,0.0
2950,32Nvl_L3_EW,NONE,0.006,0.0
2950,32Nvl_L1_NS,32NVL_NS,0.007,0.002
2950,NvcNvl_L1_NS,NONE,0.009,0.0
2950,NvcNvl_L3_EW,NONE,0.019,0.0
2950,32Mt_L2_EW,NONE,0.008,0.0
2950,NvcMt_L2_EW,NVCMT_EW,0.008,-0.003
2955,304Nvl_L1_NS,NONE,0.007,0.0
2955,304Nvl_L3_NS,NONE,0.008,0.0
2955,32Nvl_L1_EW,32NVL_EW,0.014,0.009
2955,32Nvl_L2_EW,32NVL_EW,0.015,0.012
2955,32Nvl_L1_EW,32NVL_EW,0.007,0.002
2955,32Nvl_L2_EW,32NVL_EW,0.007,0.004
2955,NvcNvl_L3_NS,NONE,0.007,0.0
2955,NvcNvl_L2_NS,NONE,0.007,0.0
2955,NvcNvl_L1_EW,NONE,0.011,0.0
2955,NvcNvl_L1_EW,NVCNVL_EW,0.021,0.021
2955,NvcNvl_L2_EW,NVCNVL_EW,0.016,0.016
2955,32Mt_L1_NS,32MT_NS,0.031,0.031
2955,32Mt_L1_EW,32MT_EW,0.007,-0.003
2955,NvcMt_L2_NS,NONE,0.005,0.0
2955,304Nvl_L2_NS,NONE,0.007,0.0
2955,32Nvl_L3_EW,NONE,0.006,0.0
2955,32Nvl_L3_EW,NONE,0.013,0.0
2955,NvcNvl_L1_NS,NONE,0.009,0.0
2955,NvcNvl_L3_EW,NONE,0.019,0.0
2955,32Mt_L2_NS,32MT_NS,0.032,0.032
2955,32Mt_L2_EW,32MT_EW,0.005,-0.005
2955,NvcMt_L1_NS,NONE,0.005,0.0
2960,304Nvl_L1_EW,304NVL_EW,0.008,0.008
2960,32Nvl_L1_NS,32NVL_NS,0.007,0.007
2960,32Nvl_L1_EW,32NVL_EW,0.007,0.002
2960,32Nvl_L2_EW,32NVL_EW,0.008,0.004
2960,32Nvl_L1_EW,32NVL_EW,0.007,0.002
2960,32Nvl_L2_EW,32NVL_EW,0.007,0.004
2960,NvcNvl_L1_EW,NVCNVL_EW,0.021,0.021
2960,NvcNvl_L2_EW,NVCNVL_EW,0.016,0.016
2960,32Mt_L1_NS,32MT_NS,0.031,0.031
2960,32Mt_L1_EW,32MT_EW,0.007,0.002
2960,32Nvl_L2_NS,32NVL_NS,0.007,0.007
2960,32Nvl_L3_EW,NONE,0.006,0.0
2960,32Nvl_L3_EW,NONE,0.006,0.0
2960,32Nvl_L1_NS,32NVL_NS,0.007,0.007
2960,NvcNvl_L3_EW,NONE,0.019,0.0
2960,32Mt_L2_NS,32MT_NS,0.032,0.032
2960,32Mt_L2_EW,32MT_EW,0.005,0.0
2965,304Nvl_L1_EW,304NVL_EW,0.008,0.008
2965,304Nvl_L1_NS,NONE,0.015,0.0
2965,304Nvl_L3_NS,NONE,0.016,0.0
2965,32Nvl_L1_EW,32NVL_EW,0.007,0.007
2965,32Nvl_L2_EW,32NVL_EW,0.008,0.008
2965,32Nvl_L1_EW,32NVL_EW,0.007,0.007
2965,32Nvl_L2_EW,32NVL_EW,0.007,0.007
2965,NvcNvl_L3_NS,NONE,0.007,0.0
2965,NvcNvl_L2_NS,NONE,0.007,0.0
2965,NvcNvl_L1_EW,NVCNVL_EW,0.021,0.021
2965,NvcNvl_L2_EW,NVCNVL_EW,0.023,0.023
2965,32Mt_L1_NS,32MT_NS,0.031,0.031
2965,32Mt_L1_EW,NONE,0.014,0.0
2965,32Mt_L3_EW,NONE,0.009,0.0
2965,304Nvl_L2_NS,NONE,0.015,0.0
2965,32Nvl_L3_EW,NONE,0.006,0.0
2965,32Nvl_L3_EW,NONE,0.006,0.0
2965,NvcNvl_L1_NS,NONE,0.009,0.0
2965,NvcNvl_L3_EW,NONE,0.028,0.0
2965,32Mt_L2_NS,32MT_NS,0.032,0.032
2965,32Mt_L2_EW,NONE,0.008,0.0
2970,304Nvl_L1_EW,304NVL_EW,0.008,0.008
2970,304Nvl_L2_EW,304NVL_EW,0.007,0.007
2970,304Nvl_L1_NS,NONE,0.007,0.0
2970,304Nvl_L3_NS,NONE,0.008,0.0
2970,32Nvl_L3_NS,NONE,0.014,0.0
2970,32Nvl_L1_NS,32NVL_NS,0.021,0.021
2970,32Nvl_L1_EW,32NVL_EW,0.007,0.007
2970,32Nvl_L2_EW,32NVL_EW,0.008,0.008
2970,32Nvl_L1_EW,32NVL_EW,0.007,0.007
2970,32Nvl_L2_EW,32NVL_EW,0.007,0.007
2970,32Nvl_L3_NS,NONE,0.008,0.0
2970,32Nvl_L2_NS,32NVL_NS,0.008,0.008
2970,NvcNvl_L1_EW,NVCNVL_EW,0.021,0.021
2970,NvcNvl_L2_EW,NVCNVL_EW,0.023,0.023
2970,304Nvl_L3_EW,NONE,0.006,0.0
2970,304Nvl_L2_NS,NONE,0.007,0.0
2970,32Nvl_L2_NS,32NVL_NS,0.02,0.02
2970,32Nvl_L3_EW,NONE,0.006,0.0
2970,32Nvl_L3_EW,NONE,0.006,0.0
2970,32Nvl_L1_NS,32NVL_NS,0.007,0.007
2970,NvcNvl_L3_EW,NONE,0.019,0.0
2975,304Nvl_L1_EW,304NVL_EW,0.008,0.008
2975,32Nvl_L1_NS,32NVL_NS,0.007,0.007
2975,32Nvl_L1_EW,32NVL_EW,0.007,-0.017
2975,32Nvl_L2_EW,32NVL_EW,0.008,-0.011
2975,32Nvl_L3_NS,NONE,0.008,0.0
2975,32Nvl_L2_NS,32NVL_NS,0.008,0.008
2975,NvcNvl_L3_NS,NONE,0.007,0.0
2975,NvcNvl_L2_NS,NONE,0.007,0.0
2975,NvcNvl_L1_EW,NONE,0.021,0.0
2975,NvcNvl_L2_EW,NONE,0.015,0.0
2975,32Mt_L1_NS,32MT_NS,0.006,0.006
2975,32Mt_L1_EW,32MT_EW,0.035,0.03
2975,32Nvl_L2_NS,32NVL_NS,0.007,0.007
2975,32Nvl_L1_NS,32NVL_NS,0.007,0.007
2975,NvcNvl_L1_NS,NONE,0.009,0.0
2975,NvcNvl_L3_EW,NONE,0.006,0.0
2975,32Mt_L2_NS,32MT_NS,0.006,0.006
2975,32Mt_L2_EW,32MT_EW,0.027,0.022
2980,304Nvl_L1_EW,304NVL_EW,0.008,0.008
2980,32Nvl_L1_NS,32NVL_NS,0.007,0.007
2980,32Nvl_L3_NS,NONE,0.008,0.0
2980,32Nvl_L2_NS,32NVL_NS,0.008,0.008
2980,NvcNvl_L3_NS,NONE,0.007,0.0
2980,NvcNvl_L2_NS,NONE,0.007,0.0
2980,32Mt_L1_NS,32MT_NS,0.006,0.006
2980,32Mt_L1_EW,NONE,0.043,0.0
2980,32Mt_L3_EW,NONE,0.053,0.0
2980,32Mt_L1_EW,32MT_EW,0.007,0.007
2980,32Mt_L1_NS,NONE,0.01,0.0
2980,32Nvl_L2_NS,32NVL_NS,0.007,0.007
2980,32Nvl_L1_NS,32NVL_NS,0.013,0.013
2980,NvcNvl_L1_NS,NONE,0.009,0.0
2980,32Mt_L2_NS,32MT_NS,0.006,0.006
2980,32Mt_L2_EW,NONE,0.045,0.0
2980,32Mt_L2_EW,32MT_EW,0.005,0.005
2980,32Mt_L2_NS,NONE,0.009,0.0
2985,304Nvl_L1_EW,304NVL_EW,0.008,0.008
2985,32Nvl_L1_NS,32NVL_NS,0.007,0.007
2985,32Nvl_L3_NS,NONE,0.017,0.0
2985,32Nvl_L2_NS,32NVL_NS,0.016,0.016
2985,NvcNvl_L3_NS,NONE,0.034,0.0
2985,NvcNvl_L2_NS,NONE,0.033,0.0
2985,NvcNvl_L1_EW,NONE,0.011,0.0
2985,NvcNvl_L2_EW,NONE,0.008,0.0
2985,NvcNvl_L1_EW,NVCNVL_EW,0.007,0.003
2985,32Mt_L1_NS,32MT_NS,0.006,0.006
2985,32Mt_L1_EW,NONE,0.014,0.0
2985,32Mt_L3_EW,NONE,0.009,0.0
2985,32Mt_L1_EW,32MT_EW,0.007,0.007
2985,NvcMt_L2_NS,NONE,0.005,0.0
2985,NvcMt_L1_EW,NVCMT_EW,0.006,0.001
2985,32Nvl_L2_NS,32NVL_NS,0.007,0.007
2985,32Nvl_L1_NS,32NVL_NS,0.027,0.027
2985,NvcNvl_L1_NS,NONE,0.044,0.0
2985,32Mt_L2_NS,32MT_NS,0.006,0.006
2985,32Mt_L2_EW,NONE,0.008,0.0
2985,NvcMt_L1_NS,NONE,0.005,0.0
2985,NvcMt_L2_EW,NVCMT_EW,0.008,0.008
2990,32Nvl_L1_NS,32NVL_NS,0.007,0.007
2990,32Nvl_L3_NS,NONE,0.017,0.0
2990,32Nvl_L2_NS,32NVL_NS,0.016,0.016
2990,NvcNvl_L3_NS,NONE,0.007,0.0
2990,NvcNvl_L2_NS,NONE,0.007,0.0
2990,32Mt_L1_NS,32MT_NS,0.013,0.013
2990,32Mt_L1_EW,NONE,0.007,0.0
2990,32Mt_L3_EW,NONE,0.009,0.0
2990,32Mt_L1_NS,NONE,0.02,0.0
2990,NvcMt_L1_EW,NVCMT_EW,0.006,0.006
2990,32Nvl_L2_NS,32NVL_NS,0.007,0.007
2990,32Nvl_L1_NS,32NVL_NS,0.027,0.027
2990,NvcNvl_L1_NS,NONE,0.009,0.0
2990,32Mt_L2_NS,32MT_NS,0.006,0.006
2990,32Mt_L2_EW,NONE,0.008,0.0
2990,32Mt_L2_NS,NONE,0.009,0.0
2990,NvcMt_L2_EW,NVCMT_EW,0.008,0.008
2995,32Nvl_L1_NS,32NVL_NS,0.007,0.007
2995,32Nvl_L1_EW,32NVL_EW,0.007,-0.022
2995,32Nvl_L2_EW,32NVL_EW,0.008,-0.011
2995,32Nvl_L3_NS,NONE,0.017,0.0
2995,32Nvl_L2_NS,32NVL_NS,0.016,0.016
2995,32Mt_L1_NS,32MT_NS,0.006,0.006
2995,32Mt_L1_EW,NONE,0.007,0.0
2995,32Mt_L1_EW,32MT_EW,0.042,0.037
2995,32Nvl_L2_NS,32NVL_NS,0.007,0.007
2995,32Nvl_L3_EW,NONE,0.006,0.0
2995,32Nvl_L1_NS,32NVL_NS,0.02,0.02
2995,32Mt_L2_EW,32MT_EW,0.027,0.022
3000,304Nvl_L1_EW,304NVL_EW,0.11,0.11
3000,304Nvl_L2_EW,304NVL_EW,0.094,0.094
3000,32Nvl_L1_NS,32NVL_NS,0.007,0.007
3000,32Nvl_L3_NS,NONE,0.033,0.0
3000,32Nvl_L2_NS,32NVL_NS,0.032,0.032
3000,NvcNvl_L3_NS,NONE,0.007,0.0
3000,NvcNvl_L2_NS,NONE,0.007,0.0
3000,NvcNvl_L1_EW,NONE,0.011,0.0
3000,NvcNvl_L2_EW,NONE,0.008,0.0
3000,NvcNvl_L1_EW,NVCNVL_EW,0.007,0.007
3000,32Mt_L1_EW,NONE,0.043,0.0
3000,32Mt_L3_EW,NONE,0.044,0.0
3000,32Mt_L1_NS,NONE,0.02,0.0
3000,NvcMt_L2_NS,NONE,0.005,0.0
3000,32Thn_L1_EW,32THN_EW,0.008,0.008
3000,32Thn_L2_EW,32THN_EW,0.008,0.008
3000,32Thn_L3_EW,NONE,0.008,0.0
3000,304Nvl_L3_EW,NONE,0.082,0.0
3000,32Nvl_L2_NS,32NVL_NS,0.007,0.007
3000,32Nvl_L1_NS,32NVL_NS,0.027,0.027
3000,NvcNvl_L1_NS,NONE,0.009,0.0
3000,NvcNvl_L3_EW,NONE,0.006,0.0
3000,32Mt_L2_EW,NONE,0.038,0.0
3000,32Mt_L2_NS,NONE,0.009,0.0
3000,NvcMt_L1_NS,NONE,0.005,0.0
3005,304Nvl_L1_EW,304NVL_EW,0.11,0.11
3005,304Nvl_L2_EW,304NVL_EW,0.094,0.094
3005,32Nvl_L1_NS,32NVL_NS,0.007,0.007
3005,32Nvl_L1_EW,32NVL_EW,0.007,0.007
3005,32Nvl_L3_NS,NONE,0.042,0.0
3005,32Nvl_L2_NS,32NVL_NS,0.039,0.039
3005,32Mt_L1_EW,NONE,0.007,0.0
3005,32Mt_L3_EW,NONE,0.009,0.0
3005,32Thn_L1_EW,NONE,0.01,0.0
3005,304Nvl_L3_EW,NONE,0.082,0.0
3005,32Nvl_L2_NS,32NVL_NS,0.007,0.007
3005,32Nvl_L1_NS,32NVL_NS,0.034,0.034
3005,32Mt_L2_EW,NONE,0.008,0.0
3010,304Nvl_L1_EW,304NVL_EW,0.017,0.017
3010,304Nvl_L2_EW,304NVL_EW,0.007,0.007
3010,32Nvl_L1_NS,32NVL_NS,0.007,0.007
3010,32Nvl_L3_NS,NONE,0.042,0.0
3010,32Nvl_L2_NS,32NVL_NS,0.039,0.039
3010,32Mt_L1_EW,NONE,0.007,0.0
3010,32Mt_L1_EW,32MT_EW,0.042,0.042
3010,NvcMt_L2_NS,NONE,0.005,0.0
3010,304Nvl_L3_EW,NONE,0.006,0.0
3010,32Nvl_L2_NS,32NVL_NS,0.007,0.007
3010,32Nvl_L1_NS,32NVL_NS,0.034,0.034
3010,32Mt_L2_EW,32MT_EW,0.033,0.033
3010,NvcMt_L1_NS,NONE,0.005,0.0
3015,304Nvl_L1_NS,NONE,0.007,0.0
3015,32Nvl_L1_NS,32NVL_NS,0.007,0.007
3015,32Nvl_L1_EW,32NVL_EW,0.007,0.007
3015,32Nvl_L2_EW,32NVL_EW,0.008,0.008
3015,32Nvl_L3_NS,NONE,0.042,0.0
3015,32Nvl_L2_NS,32NVL_NS,0.039,0.039
3015,NvcNvl_L3_NS,NONE,0.007,0.0
3015,NvcNvl_L2_NS,NONE,0.007,0.0
3015,NvcNvl_L1_EW,NVCNVL_EW,0.035,0.035
3015,NvcNvl_L2_EW,NVCNVL_EW,0.039,0.039
3015,32Nvl_L2_NS,32NVL_NS,0.007,0.007
3015,32Nvl_L3_EW,NONE,0.006,0.0
3015,32Nvl_L1_NS,32NVL_NS,0.034,0.034
3015,NvcNvl_L1_NS,NONE,0.009,0.0
3015,NvcNvl_L3_EW,NONE,0.047,0.0
3020,304Nvl_L1_NS,NONE,0.007,0.0
3020,32Nvl_L1_NS,32NVL_NS,0.007,0.007
3020,32Nvl_L1_EW,32NVL_EW,0.007,0.007
3020,32Nvl_L2_EW,32NVL_EW,0.008,0.008
3020,32Nvl_L3_NS,NONE,0.042,0.0
3020,32Nvl_L2_NS,32NVL_NS,0.039,0.039
3020,NvcNvl_L1_EW,NVCNVL_EW,0.035,0.035
3020,NvcNvl_L2_EW,NVCNVL_EW,0.039,0.039
3020,32Mt_L1_EW,NONE,0.007,0.0
3020,32Mt_L1_NS,NONE,0.02,0.0
3020,32Nvl_L2_NS,32NVL_NS,0.007,0.007
3020,32Nvl_L3_EW,NONE,0.006,0.0
3020,32Nvl_L1_NS,32NVL_NS,0.034,0.034
3020,NvcNvl_L3_EW,NONE,0.047,0.0
3020,32Mt_L2_NS,NONE,0.017,0.0
3025,304Nvl_L1_NS,304NVL_NS,0.109,0.104
3025,304Nvl_L1_EW,304NVL_EW,0.008,0.008
3025,304Nvl_L2_EW,304NVL_EW,0.007,0.007
3025,32Nvl_L1_NS,32NVL_NS,0.007,-0.069
3025,32Nvl_L1_EW,32NVL_EW,0.007,0.007
3025,32Nvl_L2_EW,32NVL_EW,0.008,0.008
3025,32Nvl_L3_NS,NONE,0.05,0.0
3025,32Nvl_L2_NS,32NVL_NS,0.047,0.047
3025,NvcNvl_L1_EW,NONE,0.011,0.0
3025,NvcNvl_L2_EW,NONE,0.008,0.0
3025,32Mt_L1_EW,NONE,0.014,0.0
3025,32Mt_L3_EW,NONE,0.009,0.0
3025,304Nvl_L3_EW,NONE,0.006,0.0
3025,32Nvl_L2_NS,32NVL_NS,0.007,0.007
3025,32Nvl_L3_EW,NONE,0.006,0.0
3025,32Nvl_L1_NS,32NVL_NS,0.047,-0.029
3025,32Mt_L2_EW,NONE,0.008,0.0
3030,304Nvl_L1_NS,304NVL_NS,0.109,0.104
3030,304Nvl_L1_NS,NONE,0.007,0.0
3030,32Nvl_L1_NS,32NVL_NS,0.007,-0.069
3030,32Nvl_L1_EW,32NVL_EW,0.007,0.007
3030,32Nvl_L2_EW,32NVL_EW,0.008,0.008
3030,32Nvl_L3_NS,NONE,0.05,0.0
3030,32Nvl_L2_NS,32NVL_NS,0.047,0.047
3030,32Mt_L1_NS,32MT_NS,0.006,0.006
3030,32Mt_L1_EW,NONE,0.007,0.0
3030,32Mt_L3_EW,NONE,0.009,0.0
3030,32Nvl_L2_NS,32NVL_NS,0.007,0.007
3030,32Nvl_L3_EW,NONE,0.006,0.0
3030,32Nvl_L1_NS,32NVL_NS,0.054,-0.022
3030,32Mt_L2_EW,NONE,0.008,0.0
3035,304Nvl_L1_NS,304NVL_NS,0.109,0.104
3035,32Nvl_L3_NS,NONE,0.007,0.0
3035,32Nvl_L1_NS,32NVL_NS,0.007,-0.069
3035,32Nvl_L1_EW,32NVL_EW,0.021,-0.003
3035,32Nvl_L2_EW,32NVL_EW,0.023,0.004
3035,32Mt_L1_EW,NONE,0.007,0.0
3035,32Mt_L3_EW,NONE,0.009,0.0
3035,32Mt_L1_EW,32MT_EW,0.035,0.02
3035,32Mt_L1_NS,NONE,0.01,0.0
3035,NvcMt_L2_NS,NONE,0.005,0.0
3035,32Nvl_L2_NS,32NVL_NS,0.007,0.007
3035,32Nvl_L3_EW,NONE,0.019,0.0
3035,32Nvl_L1_NS,32NVL_NS,0.007,-0.069
3035,32Mt_L2_EW,NONE,0.008,0.0
3035,32Mt_L2_EW,32MT_EW,0.027,0.011
3035,NvcMt_L1_NS,NONE,0.005,0.0
3040,304Nvl_L1_NS,304NVL_NS,0.109,0.104
3040,32Nvl_L3_NS,NONE,0.007,0.0
3040,32Nvl_L1_NS,32NVL_NS,0.007,-0.069
3040,32Nvl_L1_EW,32NVL_EW,0.014,-0.015
3040,32Nvl_L2_EW,32NVL_EW,0.015,-0.004
3040,NvcNvl_L3_NS,NONE,0.088,0.0
3040,NvcNvl_L2_NS,NONE,0.086,0.0
3040,32Mt_L1_EW,32MT_EW,0.042,0.032
3040,32Nvl_L2_NS,32NVL_NS,0.007,0.007
3040,32Nvl_L3_EW,NONE,0.013,0.0
3040,32Nvl_L1_NS,32NVL_NS,0.007,-0.069
3040,NvcNvl_L1_NS,NONE,0.114,0.0
3040,32Mt_L2_EW,32MT_EW,0.027,0.016
3045,32Nvl_L1_NS,32NVL_NS,0.014,0.014
3045,32Nvl_L1_EW,32NVL_EW,0.007,-0.027
3045,32Nvl_L2_EW,32NVL_EW,0.008,-0.019
3045,NvcNvl_L3_NS,NONE,0.014,0.0
3045,NvcNvl_L2_NS,NONE,0.013,0.0
3045,NvcNvl_L1_EW,NONE,0.011,0.0
3045,NvcNvl_L2_EW,NONE,0.008,0.0
3045,NvcNvl_L1_EW,NVCNVL_EW,0.007,0.007
3045,NvcNvl_L2_EW,NVCNVL_EW,0.008,0.008
3045,32Mt_L1_EW,NONE,0.014,0.0
3045,32Mt_L3_EW,NONE,0.018,0.0
3045,32Mt_L1_EW,32MT_EW,0.049,0.044
3045,32Mt_L1_NS,NONE,0.01,0.0
3045,32Nvl_L3_EW,NONE,0.006,0.0
3045,32Nvl_L1_NS,32NVL_NS,0.013,0.013
3045,NvcNvl_L1_NS,NONE,0.017,0.0
3045,NvcNvl_L3_EW,NONE,0.006,0.0
3045,NvcNvl_L3_EW,NONE,0.009,0.0
3045,32Mt_L2_EW,NONE,0.015,0.0
3045,32Mt_L2_EW,32MT_EW,0.038,0.033
3050,304Nvl_L1_EW,304NVL_EW,0.008,0.008
3050,304Nvl_L2_EW,304NVL_EW,0.007,0.007
3050,32Nvl_L1_NS,32NVL_NS,0.007,0.007
3050,32Nvl_L1_EW,32NVL_EW,0.007,-0.027
3050,32Nvl_L2_EW,32NVL_EW,0.008,-0.019
3050,32Nvl_L1_EW,32NVL_EW,0.007,-0.027
3050,32Nvl_L2_EW,32NVL_EW,0.007,-0.019
3050,NvcNvl_L3_NS,NONE,0.007,0.0
3050,NvcNvl_L2_NS,NONE,0.007,0.0
3050,NvcNvl_L1_EW,NONE,0.011,0.0
3050,NvcNvl_L2_EW,NONE,0.008,0.0
3050,NvcNvl_L1_EW,NVCNVL_EW,0.014,0.014
3050,NvcNvl_L2_EW,NVCNVL_EW,0.016,0.016
3050,32Mt_L1_EW,NONE,0.007,0.0
3050,32Mt_L3_EW,NONE,0.009,0.0
3050,32Mt_L1_EW,32MT_EW,0.049,0.044
3050,NvcCmt8_L2_NS,NONE,0.011,0.0
3050,NvcCmt8_L1_NS,NONE,0.008,0.0
3050,304Nvl_L3_EW,NONE,0.006,0.0
3050,32Nvl_L3_EW,NONE,0.006,0.0
3050,32Nvl_L1_NS,32NVL_NS,0.007,0.007
3050,NvcNvl_L1_NS,NONE,0.009,0.0
3050,NvcNvl_L3_EW,NONE,0.019,0.0
3050,32Mt_L2_EW,NONE,0.008,0.0
3050,32Mt_L2_EW,32MT_EW,0.038,0.033
3055,304Nvl_L1_EW,304NVL_EW,0.017,0.017
3055,304Nvl_L2_EW,304NVL_EW,0.015,0.015
3055,32Nvl_L3_NS,NONE,0.007,0.0
3055,32Nvl_L1_NS,32NVL_NS,0.007,0.007
3055,32Nvl_L1_EW,32NVL_EW,0.007,-0.027
3055,32Nvl_L2_EW,32NVL_EW,0.008,-0.015
3055,32Nvl_L1_EW,32NVL_EW,0.007,-0.027
3055,32Nvl_L2_EW,32NVL_EW,0.007,-0.015
3055,NvcNvl_L3_NS,NONE,0.007,0.0
3055,NvcNvl_L2_NS,NONE,0.007,0.0
3055,NvcNvl_L1_EW,NONE,0.011,0.0
3055,NvcNvl_L1_EW,NVCNVL_EW,0.014,0.014
3055,NvcNvl_L2_EW,NVCNVL_EW,0.016,0.016
3055,32Mt_L1_EW,32MT_EW,0.049,0.044
3055,304Nvl_L3_EW,NONE,0.013,0.0
3055,32Nvl_L2_NS,32NVL_NS,0.007,0.007
3055,32Nvl_L3_EW,NONE,0.006,0.0
3055,32Nvl_L3_EW,NONE,0.006,0.0
3055,32Nvl_L1_NS,32NVL_NS,0.007,0.007
3055,NvcNvl_L1_NS,NONE,0.009,0.0
3055,NvcNvl_L3_EW,NONE,0.019,0.0
3055,32Mt_L2_EW,32MT_EW,0.033,0.027
3060,304Nvl_L1_EW,304NVL_EW,0.008,0.008
3060,304Nvl_L2_EW,304NVL_EW,0.007,0.007
3060,304Nvl_L1_NS,NONE,0.007,0.0
3060,32Nvl_L1_EW,32NVL_EW,0.007,-0.032
3060,32Nvl_L2_EW,32NVL_EW,0.008,-0.015
3060,32Nvl_L1_EW,32NVL_EW,0.007,-0.032
3060,32Nvl_L2_EW,32NVL_EW,0.007,-0.015
3060,NvcNvl_L3_NS,NONE,0.007,0.0
3060,NvcNvl_L2_NS,NONE,0.007,0.0
3060,NvcNvl_L1_EW,NVCNVL_EW,0.021,0.021
3060,NvcNvl_L2_EW,NVCNVL_EW,0.016,0.016
3060,32Mt_L1_EW,32MT_EW,0.056,0.051
3060,304Nvl_L3_EW,NONE,0.006,0.0
3060,32Nvl_L3_EW,NONE,0.006,0.0
3060,32Nvl_L3_EW,NONE,0.006,0.0
3060,NvcNvl_L1_NS,NONE,0.009,0.0
3060,NvcNvl_L3_EW,NONE,0.019,0.0
3060,32Mt_L2_EW,32MT_EW,0.033,0.027
3065,304Nvl_L1_EW,304NVL_EW,0.008,0.008
3065,304Nvl_L2_EW,304NVL_EW,0.007,0.007
3065,304Nvl_L1_NS,NONE,0.015,0.0
3065,32Nvl_L1_EW,32NVL_EW,0.007,-0.032
3065,32Nvl_L2_EW,32NVL_EW,0.008,-0.019
3065,32Nvl_L1_EW,32NVL_EW,0.007,-0.032
3065,32Nvl_L2_EW,32NVL_EW,0.007,-0.019
3065,NvcNvl_L2_NS,NONE,0.007,0.0
3065,NvcNvl_L1_EW,NVCNVL_EW,0.028,0.028
3065,NvcNvl_L2_EW,NVCNVL_EW,0.023,0.023
3065,32Mt_L1_EW,32MT_EW,0.056,0.051
3065,32Thn_L1_EW,NONE,0.01,0.0
3065,32Thn_L2_EW,NONE,0.01,0.0
3065,32Thn_L3_EW,NONE,0.007,0.0
3065,304Nvl_L3_EW,NONE,0.006,0.0
3065,32Nvl_L3_EW,NONE,0.006,0.0
3065,32Nvl_L3_EW,NONE,0.006,0.0
3065,32Nvl_L1_NS,32NVL_NS,0.007,0.007
3065,NvcNvl_L1_NS,NONE,0.009,0.0
3065,NvcNvl_L3_EW,NONE,0.028,0.0
3065,32Mt_L2_EW,32MT_EW,0.038,0.033
3070,304Nvl_L1_NS,NONE,0.015,0.0
3070,304Nvl_L3_NS,NONE,0.008,0.0
3070,32Nvl_L1_EW,32NVL_EW,0.007,-0.033
3070,32Nvl_L2_EW,32NVL_EW,0.008,-0.015
3070,32Nvl_L1_EW,32NVL_EW,0.007,-0.033
3070,32Nvl_L2_EW,32NVL_EW,0.007,-0.015
3070,NvcNvl_L1_EW,NVCNVL_EW,0.028,0.028
3070,NvcNvl_L2_EW,NVCNVL_EW,0.023,0.023
3070,32Mt_L1_EW,32MT_EW,0.049,0.044
3070,32Mt_L1_NS,NONE,0.01,0.0
3070,32Thn_L1_EW,32THN_EW,0.008,0.003
3070,304Nvl_L2_NS,NONE,0.007,0.0
3070,32Nvl_L3_EW,NONE,0.006,0.0
3070,32Nvl_L3_EW,NONE,0.006,0.0
3070,NvcNvl_L3_EW,NONE,0.028,0.0
3070,32Mt_L2_EW,32MT_EW,0.033,0.027
3075,304Nvl_L1_NS,NONE,0.022,0.0
3075,304Nvl_L3_NS,NONE,0.008,0.0
3075,32Nvl_L1_EW,32NVL_EW,0.007,-0.022
3075,32Nvl_L2_EW,32NVL_EW,0.008,-0.015
3075,32Nvl_L1_EW,32NVL_EW,0.007,-0.023
3075,32Nvl_L2_EW,32NVL_EW,0.007,-0.015
3075,NvcNvl_L1_EW,NVCNVL_EW,0.028,0.019
3075,NvcNvl_L2_EW,NVCNVL_EW,0.023,0.023
3075,32Mt_L1_EW,32MT_EW,0.042,0.037
3075,NvcMt_L1_EW,NVCMT_EW,0.013,-0.007
3075,304Nvl_L2_NS,NONE,0.015,0.0
3075,32Nvl_L3_EW,NONE,0.006,0.0
3075,32Nvl_L3_EW,NONE,0.006,0.0
3075,NvcNvl_L3_EW,NONE,0.028,0.0
3075,32Mt_L2_EW,32MT_EW,0.033,0.027
3075,NvcMt_L2_EW,NVCMT_EW,0.016,-0.001
3080,304Nvl_L1_EW,304NVL_EW,0.017,0.017
3080,304Nvl_L2_EW,304NVL_EW,0.015,0.015
3080,304Nvl_L1_NS,NONE,0.007,0.0
3080,304Nvl_L3_NS,NONE,0.008,0.0
3080,32Nvl_L1_EW,32NVL_EW,0.007,-0.022
3080,32Nvl_L2_EW,32NVL_EW,0.008,-0.015
3080,32Nvl_L1_EW,32NVL_EW,0.007,-0.023
3080,32Nvl_L2_EW,32NVL_EW,0.007,-0.015
3080,NvcNvl_L3_NS,NONE,0.034,0.0
3080,NvcNvl_L2_NS,NONE,0.033,0.0
3080,NvcNvl_L1_EW,NVCNVL_EW,0.035,0.026
3080,NvcNvl_L2_EW,NVCNVL_EW,0.023,0.023
3080,32Mt_L1_EW,32MT_EW,0.042,0.037
3080,NvcMt_L1_EW,NVCMT_EW,0.013,-0.012
3080,304Nvl_L3_EW,NONE,0.013,0.0
3080,304Nvl_L2_NS,NONE,0.007,0.0
3080,32Nvl_L3_EW,NONE,0.006,0.0
3080,32Nvl_L3_EW,NONE,0.006,0.0
3080,NvcNvl_L1_NS,NONE,0.044,0.0
3080,NvcNvl_L3_EW,NONE,0.028,0.0
3080,32Mt_L2_EW,32MT_EW,0.033,0.027
3080,NvcMt_L2_EW,NVCMT_EW,0.016,-0.001
3085,304Nvl_L1_EW,304NVL_EW,0.042,0.042
3085,304Nvl_L2_EW,304NVL_EW,0.022,0.022
3085,32Nvl_L3_NS,NONE,0.007,0.0
3085,32Nvl_L1_NS,32NVL_NS,0.007,0.007
3085,32Nvl_L1_EW,32NVL_EW,0.014,-0.02
3085,32Nvl_L2_EW,32NVL_EW,0.015,-0.011
3085,32Nvl_L1_EW,32NVL_EW,0.007,-0.027
3085,32Nvl_L2_EW,32NVL_EW,0.007,-0.019
3085,32Nvl_L3_NS,NONE,0.008,0.0
3085,32Nvl_L2_NS,32NVL_NS,0.008,0.008
3085,NvcNvl_L1_EW,NVCNVL_EW,0.014,0.005
3085,NvcNvl_L2_EW,NVCNVL_EW,0.008,0.008
3085,32Mt_L1_EW,NONE,0.007,0.0
3085,32Mt_L3_EW,NONE,0.009,0.0
3085,32Mt_L1_EW,32MT_EW,0.049,0.039
3085,NvcMt_L1_EW,NVCMT_EW,0.013,0.003
3085,304Nvl_L3_EW,NONE,0.019,0.0
3085,32Nvl_L2_NS,32NVL_NS,0.007,0.007
3085,32Nvl_L3_EW,NONE,0.006,0.0
3085,32Nvl_L3_EW,NONE,0.013,0.0
3085,32Nvl_L1_NS,32NVL_NS,0.007,0.007
3085,NvcNvl_L3_EW,NONE,0.009,0.0
3085,32Mt_L2_EW,NONE,0.008,0.0
3085,32Mt_L2_EW,32MT_EW,0.038,0.027
3085,NvcMt_L2_EW,NVCMT_EW,0.016,0.01
3090,304Nvl_L1_EW,304NVL_EW,0.017,0.017
3090,304Nvl_L2_EW,304NVL_EW,0.007,0.007
3090,32Nvl_L3_NS,NONE,0.007,0.0
3090,32Nvl_L1_NS,32NVL_NS,0.014,0.014
3090,32Nvl_L1_EW,32NVL_EW,0.007,-0.027
3090,32Nvl_L2_EW,32NVL_EW,0.008,-0.019
3090,32Nvl_L1_EW,32NVL_EW,0.007,-0.027
3090,32Nvl_L2_EW,32NVL_EW,0.007,-0.019
3090,NvcNvl_L3_NS,NONE,0.014,0.0
3090,NvcNvl_L2_NS,NONE,0.013,0.0
3090,32Mt_L1_EW,NONE,0.007,0.0
3090,32Mt_L3_EW,NONE,0.009,0.0
3090,32Mt_L1_EW,32MT_EW,0.049,0.044
3090,304Nvl_L3_EW,NONE,0.006,0.0
3090,32Nvl_L2_NS,32NVL_NS,0.013,0.013
3090,32Nvl_L3_EW,NONE,0.006,0.0
3090,32Nvl_L3_EW,NONE,0.006,0.0
3090,NvcNvl_L1_NS,NONE,0.017,0.0
3090,32Mt_L2_EW,NONE,0.008,0.0
3090,32Mt_L2_EW,32MT_EW,0.038,0.033
3095,304Nvl_L1_NS,304NVL_NS,0.009,-0.001
3095,304Nvl_L1_EW,304NVL_EW,0.017,0.017
3095,304Nvl_L2_EW,304NVL_EW,0.007,0.007
3095,32Nvl_L1_NS,32NVL_NS,0.014,0.008
3095,32Nvl_L1_EW,32NVL_EW,0.007,-0.033
3095,32Nvl_L2_EW,32NVL_EW,0.008,-0.025
3095,32Nvl_L1_EW,32NVL_EW,0.007,-0.033
3095,32Nvl_L2_EW,32NVL_EW,0.007,-0.025
3095,NvcNvl_L3_NS,NONE,0.014,0.0
3095,NvcNvl_L2_NS,NONE,0.013,0.0
3095,NvcNvl_L1_EW,NONE,0.064,0.0
3095,NvcNvl_L2_EW,NONE,0.046,0.0
3095,NvcNvl_L1_EW,NVCNVL_EW,0.007,0.007
3095,NvcNvl_L2_EW,NVCNVL_EW,0.008,0.008
3095,32Mt_L1_EW,32MT_EW,0.049,0.044
3095,32Mt_L1_NS,NONE,0.01,0.0
3095,32Thn_L1_EW,32THN_EW,0.008,0.003
3095,32Thn_L2_EW,32THN_EW,0.008,0.003
3095,32Thn_L3_EW,NONE,0.008,0.0
3095,304Nvl_L3_EW,NONE,0.006,0.0
3095,32Nvl_L2_NS,32NVL_NS,0.007,0.007
3095,32Nvl_L3_EW,NONE,0.006,0.0
3095,32Nvl_L3_EW,NONE,0.006,0.0
3095,32Nvl_L1_NS,32NVL_NS,0.007,0.0
3095,NvcNvl_L1_NS,NONE,0.017,0.0
3095,NvcNvl_L3_EW,NONE,0.032,0.0
3095,NvcNvl_L3_EW,NONE,0.009,0.0
3095,32Mt_L2_EW,32MT_EW,0.038,0.033
3095,32Mt_L2_NS,NONE,0.009,0.0
3100,304Nvl_L1_NS,304NVL_NS,0.018,0.013
3100,304Nvl_L3_NS,NONE,0.007,0.0
3100,304Nvl_L1_EW,304NVL_EW,0.017,0.017
3100,304Nvl_L2_EW,304NVL_EW,0.007,0.007
3100,304Nvl_L1_NS,NONE,0.007,0.0
3100,32Nvl_L1_NS,32NVL_NS,0.007,-0.006
3100,32Nvl_L1_EW,32NVL_EW,0.007,-0.012
3100,32Nvl_L2_EW,32NVL_EW,0.008,0.0
3100,32Nvl_L1_EW,32NVL_EW,0.007,-0.013
3100,32Nvl_L2_EW,32NVL_EW,0.007,0.0
3100,NvcNvl_L1_EW,NONE,0.011,0.0
3100,NvcNvl_L2_EW,NONE,0.008,0.0
3100,NvcNvl_L1_EW,NVCNVL_EW,0.007,0.007
3100,NvcNvl_L2_EW,NVCNVL_EW,0.008,0.008
3100,32Mt_L1_NS,32MT_NS,0.006,0.006
3100,32Mt_L1_EW,NONE,0.007,0.0
3100,32Mt_L3_EW,NONE,0.009,0.0
3100,32Mt_L1_EW,32MT_EW,0.028,0.023
3100,32Mt_L1_NS,NONE,0.01,0.0
3100,32Thn_L1_EW,NONE,0.01,0.0
3100,304Nvl_L2_NS,304NVL_NS,0.008,0.008
3100,304Nvl_L3_EW,NONE,0.006,0.0
3100,32Nvl_L2_NS,32NVL_NS,0.007,0.001
3100,32Nvl_L3_EW,NONE,0.006,0.0
3100,32Nvl_L3_EW,NONE,0.006,0.0
3100,32Nvl_L1_NS,32NVL_NS,0.007,-0.006
3100,NvcNvl_L3_EW,NONE,0.009,0.0
3100,32Mt_L2_EW,NONE,0.008,0.0
3100,32Mt_L2_EW,32MT_EW,0.011,0.005
3100,32Mt_L2_NS,NONE,0.009,0.0
3105,304Nvl_L1_NS,304NVL_NS,0.018,0.018
3105,304Nvl_L3_NS,NONE,0.007,0.0
3105,304Nvl_L1_EW,304NVL_EW,0.008,0.008
3105,304Nvl_L2_EW,304NVL_EW,0.007,0.007
3105,304Nvl_L1_NS,NONE,0.007,0.0
3105,32Nvl_L1_EW,32NVL_EW,0.014,0.004
3105,32Nvl_L2_EW,32NVL_EW,0.015,0.012
3105,32Nvl_L1_EW,32NVL_EW,0.007,-0.003
3105,32Nvl_L2_EW,32NVL_EW,0.007,0.004
3105,32Mt_L1_NS,32MT_NS,0.006,0.006
3105,32Mt_L1_EW,NONE,0.007,0.0
3105,32Mt_L3_EW,NONE,0.009,0.0
3105,32Mt_L1_EW,32MT_EW,0.014,0.004
3105,32Mt_L1_NS,NONE,0.098,0.0
3105,NvcMt_L1_EW,NVCMT_EW,0.006,0.006
3105,304Nvl_L2_NS,304NVL_NS,0.008,0.008
3105,304Nvl_L3_EW,NONE,0.006,0.0
3105,32Nvl_L3_EW,NONE,0.006,0.0
3105,32Nvl_L3_EW,NONE,0.013,0.0
3105,32Mt_L2_EW,NONE,0.008,0.0
3105,32Mt_L2_EW,32MT_EW,0.005,-0.005
3105,32Mt_L2_NS,NONE,0.043,0.0
3105,NvcMt_L2_EW,NVCMT_EW,0.008,0.008
3110,304Nvl_L1_NS,304NVL_NS,0.009,0.009
3110,304Nvl_L3_NS,NONE,0.007,0.0
3110,304Nvl_L1_NS,NONE,0.007,0.0
3110,32Nvl_L1_EW,32NVL_EW,0.014,-0.01
3110,32Nvl_L2_EW,32NVL_EW,0.015,0.008
3110,32Nvl_L1_EW,32NVL_EW,0.007,-0.018
3110,32Nvl_L2_EW,32NVL_EW,0.007,0.0
3110,32Nvl_L3_NS,NONE,0.017,0.0
3110,32Nvl_L2_NS,32NVL_NS,0.016,0.01
3110,NvcNvl_L1_EW,NONE,0.011,0.0
3110,NvcNvl_L2_EW,NONE,0.008,0.0
3110,32Mt_L1_NS,32MT_NS,0.044,0.044
3110,32Mt_L1_EW,NONE,0.007,0.0
3110,32Mt_L3_EW,NONE,0.009,0.0
3110,32Mt_L1_EW,32MT_EW,0.035,0.025
3110,304Nvl_L2_NS,304NVL_NS,0.008,-0.003
3110,32Nvl_L3_EW,NONE,0.006,0.0
3110,32Nvl_L3_EW,NONE,0.013,0.0
3110,32Nvl_L1_NS,32NVL_NS,0.013,0.007
3110,32Mt_L2_EW,NONE,0.008,0.0
3110,32Mt_L2_EW,32MT_EW,0.011,0.0
3115,304Nvl_L1_NS,304NVL_NS,0.009,0.009
3115,304Nvl_L3_NS,NONE,0.007,0.0
3115,304Nvl_L1_EW,304NVL_EW,0.025,0.025
3115,304Nvl_L2_EW,304NVL_EW,0.022,0.022
3115,304Nvl_L1_NS,NONE,0.007,0.0
3115,32Nvl_L1_EW,32NVL_EW,0.007,-0.003
3115,32Nvl_L2_EW,32NVL_EW,0.008,-0.002
3115,32Nvl_L1_EW,32NVL_EW,0.007,-0.004
3115,32Nvl_L2_EW,32NVL_EW,0.007,-0.002
3115,32Nvl_L3_NS,NONE,0.017,0.0
3115,32Nvl_L2_NS,32NVL_NS,0.016,0.01
3115,32Mt_L1_NS,32MT_NS,0.038,0.038
3115,32Mt_L1_EW,32MT_EW,0.007,0.002
3115,32Mt_L1_NS,NONE,0.01,0.0
3115,NvcMt_L1_EW,NVCMT_EW,0.006,0.006
3115,32Thn_L1_EW,32THN_EW,0.008,0.003
3115,32Thn_L2_EW,32THN_EW,0.008,0.003
3115,32Thn_L3_EW,NONE,0.008,0.0
3115,304Nvl_L2_NS,304NVL_NS,0.008,-0.003
3115,304Nvl_L3_EW,NONE,0.013,0.0
3115,32Nvl_L3_EW,NONE,0.006,0.0
3115,32Nvl_L3_EW,NONE,0.006,0.0
3115,32Nvl_L1_NS,32NVL_NS,0.02,0.014
3115,32Mt_L2_EW,32MT_EW,0.005,0.0
3115,NvcMt_L2_EW,NVCMT_EW,0.008,0.008
3120,304Nvl_L1_NS,304NVL_NS,0.009,-0.001
3120,304Nvl_L3_NS,NONE,0.007,0.0
3120,304Nvl_L1_EW,304NVL_EW,0.017,0.017
3120,304Nvl_L2_EW,304NVL_EW,0.015,0.015
3120,304Nvl_L1_NS,NONE,0.007,0.0
3120,304Nvl_L3_NS,NONE,0.008,0.0
3120,32Nvl_L3_NS,NONE,0.007,0.0
3120,32Nvl_L1_NS,32NVL_NS,0.014,0.008
3120,32Nvl_L1_EW,32NVL_EW,0.007,-0.01
3120,32Nvl_L2_EW,32NVL_EW,0.008,-0.01
3120,32Nvl_L1_EW,32NVL_EW,0.007,-0.01
3120,32Nvl_L2_EW,32NVL_EW,0.007,-0.01
3120,NvcNvl_L1_EW,NONE,0.011,0.0
3120,NvcNvl_L2_EW,NONE,0.008,0.0
3120,NvcNvl_L1_EW,NVCNVL_EW,0.007,0.007
3120,NvcNvl_L2_EW,NVCNVL_EW,0.008,0.008
3120,32Mt_L1_NS,32MT_NS,0.038,0.038
3120,32Mt_L1_EW,NONE,0.007,0.0
3120,NvcMt_L2_NS,NONE,0.005,0.0
3120,32Thn_L1_EW,32THN_EW,0.024,0.019
3120,32Thn_L2_EW,32THN_EW,0.025,0.02
3120,32Thn_L3_EW,NONE,0.025,0.0
3120,304Nvl_L2_NS,304NVL_NS,0.008,0.008
3120,304Nvl_L3_EW,NONE,0.013,0.0
3120,304Nvl_L2_NS,NONE,0.007,0.0
3120,32Nvl_L2_NS,32NVL_NS,0.007,0.001
3120,32Nvl_L3_EW,NONE,0.006,0.0
3120,32Nvl_L3_EW,NONE,0.006,0.0
3120,NvcNvl_L3_EW,NONE,0.006,0.0
3120,NvcNvl_L3_EW,NONE,0.009,0.0
3120,NvcMt_L1_NS,NONE,0.005,0.0
3125,304Nvl_L1_NS,304NVL_NS,0.018,0.013
3125,304Nvl_L3_NS,NONE,0.015,0.0
3125,304Nvl_L1_EW,304NVL_EW,0.008,0.008
3125,304Nvl_L2_EW,304NVL_EW,0.007,0.007
3125,304Nvl_L1_NS,NONE,0.015,0.0
3125,32Nvl_L1_NS,32NVL_NS,0.007,-0.006
3125,32Nvl_L1_EW,32NVL_EW,0.007,0.007
3125,32Nvl_L2_EW,32NVL_EW,0.008,0.008
3125,32Nvl_L1_EW,32NVL_EW,0.007,0.007
3125,32Nvl_L2_EW,32NVL_EW,0.007,0.007
3125,32Nvl_L3_NS,NONE,0.008,0.0
3125,32Nvl_L2_NS,32NVL_NS,0.008,-0.003
3125,NvcNvl_L3_NS,NONE,0.007,0.0
3125,NvcNvl_L2_NS,NONE,0.007,0.0
3125,NvcNvl_L1_EW,NVCNVL_EW,0.007,0.007
3125,NvcNvl_L2_EW,NVCNVL_EW,0.008,0.008
3125,32Mt_L1_NS,32MT_NS,0.006,0.006
3125,32Mt_L1_NS,NONE,0.01,0.0
3125,32Thn_L1_EW,NONE,0.029,0.0
3125,304Nvl_L2_NS,304NVL_NS,0.015,0.01
3125,304Nvl_L3_EW,NONE,0.006,0.0
3125,32Nvl_L3_EW,NONE,0.006,0.0
3125,32Nvl_L3_EW,NONE,0.006,0.0
3125,32Nvl_L1_NS,32NVL_NS,0.007,-0.006
3125,NvcNvl_L1_NS,NONE,0.009,0.0
3125,32Mt_L2_NS,NONE,0.009,0.0
3130,304Nvl_L1_NS,304NVL_NS,0.027,0.022
3130,304Nvl_L3_NS,NONE,0.015,0.0
3130,304Nvl_L1_EW,304NVL_EW,0.008,0.008
3130,32Nvl_L1_NS,32NVL_NS,0.007,-0.012
3130,32Nvl_L1_EW,32NVL_EW,0.007,0.007
3130,32Nvl_L2_EW,32NVL_EW,0.008,0.008
3130,32Nvl_L1_EW,32NVL_EW,0.007,0.007
3130,32Nvl_L2_EW,32NVL_EW,0.007,0.007
3130,NvcNvl_L1_EW,NVCNVL_EW,0.007,0.003
3130,NvcNvl_L2_EW,NVCNVL_EW,0.008,0.008
3130,NvcMt_L2_NS,NONE,0.005,0.0
3130,NvcMt_L1_EW,NVCMT_EW,0.006,0.001
3130,32Thn_L1_EW,NONE,0.01,0.0
3130,304Nvl_L2_NS,304NVL_NS,0.015,0.015
3130,32Nvl_L2_NS,32NVL_NS,0.007,-0.004
3130,32Nvl_L3_EW,NONE,0.006,0.0
3130,32Nvl_L3_EW,NONE,0.006,0.0
3130,32Nvl_L1_NS,32NVL_NS,0.007,-0.012
3130,NvcNvl_L3_EW,NONE,0.009,0.0
3130,NvcMt_L1_NS,NONE,0.005,0.0
3130,NvcMt_L2_EW,NVCMT_EW,0.008,0.002
3135,304Nvl_L1_NS,304NVL_NS,0.027,0.027
3135,304Nvl_L3_NS,NONE,0.015,0.0
3135,304Nvl_L1_EW,304NVL_EW,0.017,0.017
3135,304Nvl_L2_EW,304NVL_EW,0.007,0.007
3135,304Nvl_L1_NS,NONE,0.007,0.0
3135,32Nvl_L1_EW,32NVL_EW,0.007,0.002
3135,32Nvl_L2_EW,32NVL_EW,0.008,0.008
3135,NvcNvl_L3_NS,NONE,0.007,0.0
3135,NvcNvl_L2_NS,NONE,0.007,0.0
3135,NvcNvl_L1_EW,NVCNVL_EW,0.014,0.014
3135,NvcNvl_L2_EW,NVCNVL_EW,0.008,0.008
3135,32Mt_L1_EW,32MT_EW,0.007,0.002
3135,304Nvl_L2_NS,304NVL_NS,0.015,0.015
3135,304Nvl_L3_EW,NONE,0.006,0.0
3135,32Nvl_L3_EW,NONE,0.006,0.0
3135,NvcNvl_L1_NS,NONE,0.009,0.0
3135,NvcNvl_L3_EW,NONE,0.009,0.0
3140,304Nvl_L1_NS,304NVL_NS,0.018,0.013
3140,304Nvl_L3_NS,NONE,0.015,0.0
3140,304Nvl_L1_EW,304NVL_EW,0.008,0.008
3140,304Nvl_L2_EW,304NVL_EW,0.007,0.007
3140,304Nvl_L1_NS,NONE,0.015,0.0
3140,304Nvl_L3_NS,NONE,0.008,0.0
3140,32Nvl_L3_NS,NONE,0.007,0.0
3140,32Nvl_L1_NS,32NVL_NS,0.007,-0.006
3140,32Nvl_L1_EW,32NVL_EW,0.007,0.007
3140,32Nvl_L2_EW,32NVL_EW,0.008,0.008
3140,32Nvl_L3_NS,NONE,0.083,0.0
3140,32Nvl_L2_NS,32NVL_NS,0.079,0.068
3140,NvcNvl_L3_NS,NONE,0.014,0.0
3140,NvcNvl_L2_NS,NONE,0.02,0.0
3140,NvcNvl_L1_EW,NVCNVL_EW,0.007,0.007
3140,NvcNvl_L2_EW,NVCNVL_EW,0.008,0.008
3140,304Nvl_L2_NS,304NVL_NS,0.015,-0.04
3140,304Nvl_L3_EW,NONE,0.006,0.0
3140,304Nvl_L2_NS,NONE,0.007,0.0
3140,32Nvl_L2_NS,32NVL_NS,0.007,-0.004
3140,32Nvl_L3_EW,NONE,0.006,0.0
3140,32Nvl_L1_NS,32NVL_NS,0.074,0.061
3140,NvcNvl_L1_NS,NONE,0.026,0.0
3140,NvcNvl_L3_EW,NONE,0.009,0.0
3145,304Nvl_L1_NS,304NVL_NS,0.009,0.009
3145,304Nvl_L3_NS,NONE,0.007,0.0
3145,304Nvl_L1_EW,304NVL_EW,0.008,0.008
3145,304Nvl_L2_EW,304NVL_EW,0.007,0.007
3145,32Nvl_L1_EW,32NVL_EW,0.014,0.014
3145,32Nvl_L2_EW,32NVL_EW,0.015,0.015
3145,32Nvl_L3_NS,NONE,0.042,0.0
3145,32Nvl_L2_NS,32NVL_NS,0.039,0.034
3145,NvcNvl_L1_EW,NONE,0.011,0.0
3145,NvcNvl_L1_EW,NVCNVL_EW,0.007,0.007
3145,NvcNvl_L2_EW,NVCNVL_EW,0.008,0.008
3145,NvcMt_L2_NS,NONE,0.069,0.0
3145,304Nvl_L2_NS,304NVL_NS,0.008,-0.02
3145,304Nvl_L3_EW,NONE,0.006,0.0
3145,32Nvl_L3_EW,NONE,0.013,0.0
3145,32Nvl_L1_NS,32NVL_NS,0.047,0.041
3145,NvcNvl_L3_EW,NONE,0.009,0.0
3145,NvcMt_L1_NS,NONE,0.071,0.0
3150,304Nvl_L1_EW,304NVL_EW,0.008,0.008
3150,304Nvl_L2_EW,304NVL_EW,0.007,0.007
3150,304Nvl_L1_NS,NONE,0.007,0.0
3150,304Nvl_L3_NS,NONE,0.008,0.0
3150,32Nvl_L3_NS,NONE,0.007,0.0
3150,32Nvl_L1_NS,32NVL_NS,0.007,0.007
3150,32Nvl_L1_EW,32NVL_EW,0.007,-0.003
3150,32Nvl_L2_EW,32NVL_EW,0.008,0.0
3150,32Nvl_L1_EW,32NVL_EW,0.007,-0.003
3150,32Nvl_L2_EW,32NVL_EW,0.007,0.0
3150,NvcNvl_L1_EW,NONE,0.011,0.0
3150,NvcNvl_L2_EW,NONE,0.008,0.0
3150,NvcNvl_L1_EW,NVCNVL_EW,0.007,0.007
3150,NvcNvl_L2_EW,NVCNVL_EW,0.008,0.008
3150,32Mt_L1_EW,32MT_EW,0.014,0.009
3150,NvcMt_L2_NS,NONE,0.021,0.0
3150,304Nvl_L3_EW,NONE,0.006,0.0
3150,304Nvl_L2_NS,NONE,0.007,0.0
3150,32Nvl_L2_NS,32NVL_NS,0.007,0.007
3150,32Nvl_L3_EW,NONE,0.006,0.0
3150,32Nvl_L3_EW,NONE,0.006,0.0
3150,32Nvl_L1_NS,32NVL_NS,0.013,0.013
3150,NvcNvl_L3_EW,NONE,0.009,0.0
3150,32Mt_L2_EW,32MT_EW,0.011,0.005
3150,NvcMt_L1_NS,NONE,0.022,0.0
3155,304Nvl_L1_EW,304NVL_EW,0.017,0.017
3155,304Nvl_L2_EW,304NVL_EW,0.007,0.007
3155,304Nvl_L1_NS,NONE,0.007,0.0
3155,32Nvl_L3_NS,NONE,0.007,0.0
3155,32Nvl_L1_NS,32NVL_NS,0.048,0.048
3155,32Nvl_L1_EW,32NVL_EW,0.007,-0.008
3155,32Nvl_L2_EW,32NVL_EW,0.008,-0.004
3155,32Nvl_L1_EW,32NVL_EW,0.013,-0.001
3155,32Nvl_L2_EW,32NVL_EW,0.007,-0.004
3155,NvcNvl_L3_NS,NONE,0.007,0.0
3155,NvcNvl_L2_NS,NONE,0.007,0.0
3155,NvcNvl_L1_EW,NVCNVL_EW,0.014,0.014
3155,NvcNvl_L2_EW,NVCNVL_EW,0.008,0.008
3155,32Mt_L1_EW,32MT_EW,0.021,0.016
3155,NvcMt_L2_NS,NONE,0.011,0.0
3155,304Nvl_L3_EW,NONE,0.006,0.0
3155,32Nvl_L2_NS,32NVL_NS,0.013,0.013
3155,32Nvl_L3_EW,NONE,0.006,0.0
3155,32Nvl_L3_EW,NONE,0.006,0.0
3155,32Nvl_L1_NS,32NVL_NS,0.007,0.007
3155,NvcNvl_L1_NS,NONE,0.009,0.0
3155,NvcNvl_L3_EW,NONE,0.009,0.0
3155,32Mt_L2_EW,32MT_EW,0.016,0.011
3155,NvcMt_L1_NS,NONE,0.011,0.0
3160,304Nvl_L1_EW,304NVL_EW,0.025,0.025
3160,304Nvl_L2_EW,304NVL_EW,0.007,0.007
3160,32Nvl_L1_NS,32NVL_NS,0.007,0.007
3160,32Nvl_L1_EW,32NVL_EW,0.007,-0.008
3160,32Nvl_L2_EW,32NVL_EW,0.008,-0.004
3160,32Nvl_L1_EW,32NVL_EW,0.007,-0.008
3160,32Nvl_L2_EW,32NVL_EW,0.007,-0.004
3160,NvcNvl_L3_NS,NONE,0.007,0.0
3160,NvcNvl_L2_NS,NONE,0.007,0.0
3160,NvcNvl_L1_EW,NVCNVL_EW,0.014,0.014
3160,NvcNvl_L2_EW,NVCNVL_EW,0.008,0.008
3160,32Mt_L1_EW,NONE,0.007,0.0
3160,32Mt_L3_EW,NONE,0.009,0.0
3160,32Mt_L1_EW,32MT_EW,0.021,0.016
3160,NvcMt_L2_NS,NONE,0.005,0.0
3160,304Nvl_L3_EW,NONE,0.006,0.0
3160,32Nvl_L2_NS,32NVL_NS,0.007,0.007
3160,32Nvl_L3_EW,NONE,0.006,0.0
3160,32Nvl_L3_EW,NONE,0.006,0.0
3160,NvcNvl_L1_NS,NONE,0.009,0.0
3160,NvcNvl_L3_EW,NONE,0.009,0.0
3160,32Mt_L2_EW,NONE,0.008,0.0
3160,32Mt_L2_EW,32MT_EW,0.016,0.011
3160,NvcMt_L1_NS,NONE,0.005,0.0
3165,304Nvl_L1_EW,304NVL_EW,0.025,0.025
3165,304Nvl_L2_EW,304NVL_EW,0.015,0.015
3165,304Nvl_L1_NS,NONE,0.007,0.0
3165,32Nvl_L3_NS,NONE,0.007,0.0
3165,32Nvl_L1_NS,32NVL_NS,0.007,0.007
3165,32Nvl_L1_EW,32NVL_EW,0.007,-0.008
3165,32Nvl_L2_EW,32NVL_EW,0.008,-0.004
3165,32Nvl_L1_EW,32NVL_EW,0.007,-0.008
3165,32Nvl_L2_EW,32NVL_EW,0.007,-0.004
3165,NvcNvl_L3_NS,NONE,0.007,0.0
3165,NvcNvl_L2_NS,NONE,0.007,0.0
3165,NvcNvl_L1_EW,NVCNVL_EW,0.014,0.014
3165,NvcNvl_L2_EW,NVCNVL_EW,0.008,0.008
3165,32Mt_L1_EW,NONE,0.007,0.0
3165,32Mt_L3_EW,NONE,0.009,0.0
3165,32Mt_L1_EW,32MT_EW,0.021,0.016
3165,32Mt_L1_NS,NONE,0.01,0.0
3165,304Nvl_L3_EW,NONE,0.013,0.0
3165,32Nvl_L2_NS,32NVL_NS,0.007,0.007
3165,32Nvl_L3_EW,NONE,0.006,0.0
3165,32Nvl_L3_EW,NONE,0.006,0.0
3165,32Nvl_L1_NS,32NVL_NS,0.013,0.013
3165,NvcNvl_L1_NS,NONE,0.009,0.0
3165,NvcNvl_L3_EW,NONE,0.009,0.0
3165,32Mt_L2_EW,NONE,0.008,0.0
3165,32Mt_L2_EW,32MT_EW,0.016,0.011
3165,32Mt_L2_NS,NONE,0.009,0.0
3170,304Nvl_L1_EW,304NVL_EW,0.017,0.017
3170,304Nvl_L2_EW,304NVL_EW,0.015,0.015
3170,304Nvl_L1_NS,NONE,0.007,0.0
3170,32Nvl_L1_EW,32NVL_EW,0.007,-0.008
3170,32Nvl_L2_EW,32NVL_EW,0.008,-0.004
3170,32Nvl_L1_EW,32NVL_EW,0.007,-0.008
3170,32Nvl_L2_EW,32NVL_EW,0.007,-0.004
3170,NvcNvl_L3_NS,NONE,0.007,0.0
3170,NvcNvl_L2_NS,NONE,0.007,0.0
3170,NvcNvl_L1_EW,NVCNVL_EW,0.007,0.003
3170,NvcNvl_L2_EW,NVCNVL_EW,0.008,0.008
3170,NvcNvl_L1_NS,NVCNVL_NS,0.007,0.007
3170,32Mt_L1_NS,32MT_NS,0.006,0.006
3170,32Mt_L1_EW,32MT_EW,0.021,0.016
3170,NvcMt_L2_NS,NONE,0.005,0.0
3170,NvcMt_L1_EW,NVCMT_EW,0.006,0.001
3170,304Nvl_L3_EW,NONE,0.013,0.0
3170,32Nvl_L3_EW,NONE,0.006,0.0
3170,32Nvl_L3_EW,NONE,0.006,0.0
3170,NvcNvl_L1_NS,NONE,0.009,0.0
3170,NvcNvl_L3_EW,NONE,0.009,0.0
3170,32Mt_L2_EW,32MT_EW,0.016,0.011
3170,NvcMt_L1_NS,NONE,0.005,0.0
3170,NvcMt_L2_EW,NVCMT_EW,0.008,0.002
3175,304Nvl_L1_EW,304NVL_EW,0.017,0.017
3175,304Nvl_L2_EW,304NVL_EW,0.015,0.015
3175,32Nvl_L1_EW,32NVL_EW,0.007,0.007
3175,32Nvl_L2_EW,32NVL_EW,0.008,0.008
3175,32Nvl_L1_EW,32NVL_EW,0.007,0.007
3175,32Nvl_L2_EW,32NVL_EW,0.007,0.007
3175,NvcNvl_L1_EW,NONE,0.011,0.0
3175,NvcNvl_L2_EW,NONE,0.008,0.0
3175,NvcNvl_L1_EW,NVCNVL_EW,0.007,0.003
3175,NvcNvl_L2_EW,NVCNVL_EW,0.008,0.008
3175,32Mt_L1_NS,32MT_NS,0.013,0.013
3175,NvcMt_L1_EW,NVCMT_EW,0.006,0.001
3175,304Nvl_L3_EW,NONE,0.013,0.0
3175,32Nvl_L3_EW,NONE,0.006,0.0
3175,32Nvl_L3_EW,NONE,0.006,0.0
3175,NvcNvl_L3_EW,NONE,0.009,0.0
3175,NvcMt_L2_EW,NVCMT_EW,0.008,0.002
3180,304Nvl_L1_EW,304NVL_EW,0.017,0.017
3180,304Nvl_L2_EW,304NVL_EW,0.015,0.015
3180,32Nvl_L1_EW,32NVL_EW,0.007,0.001
3180,32Nvl_L2_EW,32NVL_EW,0.008,0.002
3180,32Nvl_L1_EW,32NVL_EW,0.013,0.008
3180,32Nvl_L2_EW,32NVL_EW,0.015,0.009
3180,NvcNvl_L3_NS,NONE,0.014,0.0
3180,NvcNvl_L2_NS,NONE,0.013,0.0
3180,NvcNvl_L1_EW,NVCNVL_EW,0.007,0.003
3180,NvcNvl_L2_EW,NVCNVL_EW,0.008,0.008
3180,NvcMt_L2_NS,NONE,0.005,0.0
3180,NvcMt_L1_EW,NVCMT_EW,0.006,0.001
3180,32Thn_L1_EW,32THN_EW,0.008,0.003
3180,32Thn_L2_EW,32THN_EW,0.008,0.003
3180,32Thn_L3_EW,NONE,0.008,0.0
3180,304Nvl_L3_EW,NONE,0.013,0.0
3180,32Nvl_L3_EW,NONE,0.012,0.0
3180,32Nvl_L3_EW,NONE,0.006,0.0
3180,NvcNvl_L1_NS,NONE,0.017,0.0
3180,NvcNvl_L3_EW,NONE,0.009,0.0
3180,NvcMt_L1_NS,NONE,0.005,0.0
3180,NvcMt_L2_EW,NVCMT_EW,0.008,0.002
3185,304Nvl_L1_EW,304NVL_EW,0.017,0.017
3185,304Nvl_L2_EW,304NVL_EW,0.015,0.015
3185,32Nvl_L1_NS,32NVL_NS,0.007,0.007
3185,32Nvl_L1_EW,32NVL_EW,0.007,0.001
3185,32Nvl_L2_EW,32NVL_EW,0.008,0.002
3185,32Nvl_L1_EW,32NVL_EW,0.027,0.021
3185,32Nvl_L2_EW,32NVL_EW,0.03,0.024
3185,NvcNvl_L3_NS,NONE,0.014,0.0
3185,NvcNvl_L2_NS,NONE,0.013,0.0
3185,NvcNvl_L1_EW,NVCNVL_EW,0.007,0.003
3185,NvcNvl_L2_EW,NVCNVL_EW,0.008,0.008
3185,32Mt_L1_NS,32MT_NS,0.006,0.006
3185,NvcMt_L1_EW,NVCMT_EW,0.006,0.001
3185,32Thn_L1_EW,32THN_EW,0.008,0.003
3185,32Thn_L2_EW,32THN_EW,0.008,0.003
3185,32Thn_L3_EW,NONE,0.008,0.0
3185,304Nvl_L3_EW,NONE,0.013,0.0
3185,32Nvl_L2_NS,32NVL_NS,0.007,0.007
3185,32Nvl_L3_EW,NONE,0.025,0.0
3185,32Nvl_L3_EW,NONE,0.006,0.0
3185,NvcNvl_L1_NS,NONE,0.017,0.0
3185,NvcNvl_L3_EW,NONE,0.009,0.0
3185,NvcMt_L2_EW,NVCMT_EW,0.008,0.002
3190,304Nvl_L1_EW,304NVL_EW,0.017,0.017
3190,304Nvl_L2_EW,304NVL_EW,0.015,0.015
3190,304Nvl_L1_NS,NONE,0.036,0.0
3190,304Nvl_L3_NS,NONE,0.04,0.0
3190,32Nvl_L1_EW,32NVL_EW,0.007,-0.003
3190,32Nvl_L2_EW,32NVL_EW,0.008,0.0
3190,32Nvl_L1_EW,32NVL_EW,0.02,0.01
3190,32Nvl_L2_EW,32NVL_EW,0.03,0.022
3190,NvcNvl_L3_NS,NONE,0.014,0.0
3190,NvcNvl_L2_NS,NONE,0.02,0.0
3190,NvcNvl_L1_EW,NONE,0.011,0.0
3190,NvcNvl_L2_EW,NONE,0.008,0.0
3190,NvcNvl_L1_EW,NVCNVL_EW,0.007,-0.015
3190,NvcNvl_L2_EW,NVCNVL_EW,0.008,0.008
3190,32Mt_L1_NS,32MT_NS,0.006,0.006
3190,32Mt_L1_EW,32MT_EW,0.014,0.009
3190,NvcMt_L1_EW,NVCMT_EW,0.032,0.027
3190,32Thn_L1_EW,NONE,0.01,0.0
3190,304Nvl_L3_EW,NONE,0.013,0.0
3190,304Nvl_L2_NS,NONE,0.037,0.0
3190,32Nvl_L3_EW,NONE,0.025,0.0
3190,32Nvl_L3_EW,NONE,0.006,0.0
3190,NvcNvl_L1_NS,NONE,0.026,0.0
3190,NvcNvl_L3_EW,NONE,0.009,0.0
3190,32Mt_L2_EW,32MT_EW,0.011,0.005
3190,NvcMt_L2_EW,NVCMT_EW,0.04,0.034
3195,304Nvl_L1_EW,304NVL_EW,0.017,0.017
3195,304Nvl_L2_EW,304NVL_EW,0.015,0.015
3195,32Nvl_L1_EW,32NVL_EW,0.014,0.009
3195,32Nvl_L2_EW,32NVL_EW,0.015,0.015
3195,32Nvl_L1_EW,32NVL_EW,0.02,0.015
3195,32Nvl_L2_EW,32NVL_EW,0.022,0.022
3195,32Nvl_L3_NS,NONE,0.008,0.0
3195,32Nvl_L2_NS,32NVL_NS,0.008,0.008
3195,NvcNvl_L3_NS,NONE,0.014,0.0
3195,NvcNvl_L2_NS,NONE,0.013,0.0
3195,NvcNvl_L1_EW,NVCNVL_EW,0.014,-0.013
3195,32Mt_L1_NS,32MT_NS,0.013,0.013
3195,32Mt_L1_EW,32MT_EW,0.007,-0.003
3195,NvcMt_L2_NS,NONE,0.005,0.0
3195,NvcMt_L1_EW,NVCMT_EW,0.038,0.028
3195,32Thn_L1_EW,NONE,0.01,0.0
3195,304Nvl_L3_EW,NONE,0.013,0.0
3195,32Nvl_L3_EW,NONE,0.018,0.0
3195,32Nvl_L3_EW,NONE,0.013,0.0
3195,32Nvl_L1_NS,32NVL_NS,0.007,0.007
3195,NvcNvl_L1_NS,NONE,0.017,0.0
3195,NvcMt_L1_NS,NONE,0.005,0.0
3195,NvcMt_L2_EW,NVCMT_EW,0.048,0.048
3200,32Nvl_L1_NS,32NVL_NS,0.007,0.007
3200,32Nvl_L1_EW,32NVL_EW,0.007,0.002
3200,32Nvl_L2_EW,32NVL_EW,0.007,0.004
3200,NvcNvl_L1_EW,NVCNVL_EW,0.007,0.007
3200,32Mt_L1_NS,32MT_NS,0.006,0.006
3200,32Mt_L1_EW,32MT_EW,0.007,0.007
3200,32Nvl_L2_NS,32NVL_NS,0.007,0.007
3200,32Nvl_L3_EW,NONE,0.006,0.0
3200,32Mt_L2_EW,32MT_EW,0.005,0.005
3205,304Nvl_L1_NS,304NVL_NS,0.045,0.04
3205,304Nvl_L1_EW,304NVL_EW,0.051,0.051
3205,304Nvl_L2_EW,304NVL_EW,0.044,0.044
3205,304Nvl_L1_NS,NONE,0.007,0.0
3205,32Nvl_L1_NS,32NVL_NS,0.007,-0.029
3205,32Nvl_L3_NS,NONE,0.05,0.0
3205,32Nvl_L2_NS,32NVL_NS,0.047,0.047
3205,NvcNvl_L3_NS,NONE,0.007,0.0
3205,NvcNvl_L2_NS,NONE,0.007,0.0
3205,NvcNvl_L1_EW,NVCNVL_EW,0.007,0.007
3205,NvcNvl_L1_NS,NVCNVL_NS,0.007,0.002
3205,NvcCmt8_L2_EW,NONE,0.007,0.0
3205,304Nvl_L3_EW,NONE,0.032,0.0
3205,32Nvl_L2_NS,32NVL_NS,0.007,0.007
3205,32Nvl_L1_NS,32NVL_NS,0.047,0.011
3205,NvcNvl_L1_NS,NONE,0.009,0.0
3205,NvcCmt8_L1_EW,NONE,0.006,0.0
3210,304Nvl_L1_NS,304NVL_NS,0.045,0.036
3210,304Nvl_L1_EW,304NVL_EW,0.178,0.178
3210,304Nvl_L2_EW,304NVL_EW,0.145,0.145
3210,304Nvl_L1_NS,NONE,0.007,0.0
3210,32Nvl_L1_NS,32NVL_NS,0.014,-0.027
3210,32Nvl_L3_NS,NONE,0.05,0.0
3210,32Nvl_L2_NS,32NVL_NS,0.047,0.047
3210,NvcNvl_L1_EW,NONE,0.011,0.0
3210,NvcNvl_L2_EW,NONE,0.008,0.0
3210,NvcNvl_L1_NS,NVCNVL_NS,0.013,0.004
3210,NvcCmt8_L2_NS,NONE,0.011,0.0
3210,32Thn_L1_EW,NONE,0.01,0.0
3210,32Thn_L2_EW,NONE,0.01,0.0
3210,NvcCmt8_L1_NS,NONE,0.008,0.0
3210,32Thn_L3_EW,NONE,0.007,0.0
3210,304Nvl_L3_EW,NONE,0.051,0.0
3210,32Nvl_L2_NS,32NVL_NS,0.007,0.007
3210,32Nvl_L1_NS,32NVL_NS,0.054,0.013
3210,NvcCmt8_L1_EW,NVCCMT8_EW,0.008,0.008
3215,304Nvl_L1_NS,304NVL_NS,0.045,0.036
3215,304Nvl_L1_EW,304NVL_EW,0.119,0.119
3215,304Nvl_L2_EW,304NVL_EW,0.102,0.102
3215,32Nvl_L1_NS,32NVL_NS,0.014,-0.027
3215,32Nvl_L3_NS,NONE,0.15,0.0
3215,32Nvl_L2_NS,32NVL_NS,0.142,0.142
3215,NvcNvl_L1_NS,NVCNVL_NS,0.013,0.004
3215,32Mt_L1_NS,NONE,0.01,0.0
3215,NvcMt_L2_NS,NONE,0.005,0.0
3215,32Thn_L1_EW,32THN_EW,0.008,0.008
3215,304Nvl_L3_EW,NONE,0.089,0.0
3215,32Nvl_L2_NS,32NVL_NS,0.007,0.007
3215,32Nvl_L1_NS,32NVL_NS,0.141,0.1
3215,32Mt_L2_NS,NONE,0.009,0.0
3215,NvcMt_L1_NS,NONE,0.005,0.0
3220,304Nvl_L1_NS,304NVL_NS,0.091,0.086
3220,304Nvl_L3_NS,NONE,0.037,0.0
3220,304Nvl_L1_EW,304NVL_EW,0.025,0.025
3220,304Nvl_L2_EW,304NVL_EW,0.022,0.022
3220,304Nvl_L1_NS,NONE,0.036,0.0
3220,32Nvl_L1_NS,32NVL_NS,0.007,-0.056
3220,32Nvl_L3_NS,NONE,0.175,0.0
3220,32Nvl_L2_NS,32NVL_NS,0.166,0.139
3220,NvcNvl_L1_EW,NVCNVL_EW,0.007,0.007
3220,NvcNvl_L2_EW,NVCNVL_EW,0.008,0.008
3220,32Mt_L1_NS,32MT_NS,0.006,0.006
3220,32Mt_L1_EW,NONE,0.007,0.0
3220,32Mt_L3_EW,NONE,0.009,0.0
3220,304Nvl_L2_NS,304NVL_NS,0.038,-0.078
3220,304Nvl_L3_EW,NONE,0.019,0.0
3220,32Nvl_L2_NS,32NVL_NS,0.007,-0.02
3220,32Nvl_L1_NS,32NVL_NS,0.154,0.091
3220,NvcNvl_L3_EW,NONE,0.009,0.0
3220,32Mt_L2_EW,NONE,0.008,0.0
3225,304Nvl_L1_NS,304NVL_NS,0.054,0.049
3225,304Nvl_L3_NS,NONE,0.037,0.0
3225,304Nvl_L1_EW,304NVL_EW,0.017,0.017
3225,304Nvl_L1_NS,NONE,0.095,0.0
3225,32Nvl_L1_NS,32NVL_NS,0.007,-0.031
3225,32Nvl_L3_NS,NONE,0.184,0.0
3225,32Nvl_L2_NS,32NVL_NS,0.174,0.147
3225,NvcNvl_L3_NS,NONE,0.007,0.0
3225,NvcNvl_L2_NS,NONE,0.007,0.0
3225,32Mt_L1_NS,32MT_NS,0.006,0.006
3225,NvcMt_L2_NS,NONE,0.005,0.0
3225,304Nvl_L2_NS,304NVL_NS,0.038,-0.084
3225,32Nvl_L2_NS,32NVL_NS,0.007,-0.02
3225,32Nvl_L1_NS,32NVL_NS,0.154,0.116
3225,NvcNvl_L1_NS,NONE,0.009,0.0
3225,NvcMt_L1_NS,NONE,0.005,0.0
3230,304Nvl_L1_NS,304NVL_NS,0.054,0.049
3230,304Nvl_L3_NS,NONE,0.037,0.0
3230,304Nvl_L1_NS,NONE,0.022,0.0
3230,32Nvl_L1_NS,32NVL_NS,0.007,-0.031
3230,32Nvl_L3_NS,NONE,0.184,0.0
3230,32Nvl_L2_NS,32NVL_NS,0.174,0.147
3230,32Mt_L1_NS,32MT_NS,0.013,0.013
3230,NvcCmt8_L2_EW,NVCCMT8_EW,0.005,0.005
3230,304Nvl_L2_NS,304NVL_NS,0.038,-0.084
3230,32Nvl_L2_NS,32NVL_NS,0.007,-0.02
3230,32Nvl_L1_NS,32NVL_NS,0.148,0.11
3230,32Mt_L2_NS,32MT_NS,0.006,0.006
3230,NvcCmt8_L1_EW,NVCCMT8_EW,0.008,0.008
3235,304Nvl_L1_NS,304NVL_NS,0.054,0.045
3235,304Nvl_L3_NS,NONE,0.037,0.0
3235,304Nvl_L1_NS,NONE,0.007,0.0
3235,32Nvl_L3_NS,NONE,0.007,0.0
3235,32Nvl_L1_NS,32NVL_NS,0.014,-0.024
3235,32Nvl_L3_NS,NONE,0.225,0.0
3235,32Nvl_L2_NS,32NVL_NS,0.253,0.226
3235,32Mt_L1_NS,32MT_NS,0.006,0.006
3235,32Mt_L1_EW,NONE,0.014,0.0
3235,32Mt_L3_EW,NONE,0.018,0.0
3235,32Mt_L1_EW,32MT_EW,0.007,0.007
3235,32Mt_L1_NS,NONE,0.01,0.0
3235,NvcMt_L1_EW,NVCMT_EW,0.006,0.006
3235,304Nvl_L2_NS,304NVL_NS,0.038,-0.139
3235,32Nvl_L2_NS,32NVL_NS,0.013,-0.013
3235,32Nvl_L1_NS,32NVL_NS,0.181,0.143
3235,32Mt_L2_NS,32MT_NS,0.006,0.006
3235,32Mt_L2_EW,NONE,0.015,0.0
3235,32Mt_L2_EW,32MT_EW,0.005,0.005
3235,32Mt_L2_NS,NONE,0.009,0.0
3235,NvcMt_L2_EW,NVCMT_EW,0.008,0.008
3235,NvcMt_L1_EW,NVCMT_EW,0.006,0.006
3235,NvcCmt8_L1_EW,NONE,0.006,0.0
3240,304Nvl_L1_NS,304NVL_NS,0.045,0.036
3240,304Nvl_L3_NS,NONE,0.037,0.0
3240,32Nvl_L3_NS,NONE,0.007,0.0
3240,32Nvl_L1_NS,32NVL_NS,0.014,-0.018
3240,32Nvl_L3_NS,NONE,0.267,0.0
3240,32Nvl_L2_NS,32NVL_NS,0.253,0.226
3240,NvcNvl_L1_EW,NVCNVL_EW,0.007,0.007
3240,NvcNvl_L2_EW,NVCNVL_EW,0.008,0.008
3240,32Mt_L1_NS,32MT_NS,0.006,0.006
3240,32Mt_L1_EW,32MT_EW,0.007,0.007
3240,NvcMt_L2_NS,NONE,0.005,0.0
3240,304Nvl_L2_NS,304NVL_NS,0.038,-0.139
3240,32Nvl_L2_NS,32NVL_NS,0.013,-0.013
3240,32Nvl_L1_NS,32NVL_NS,0.215,0.183
3240,NvcNvl_L3_EW,NONE,0.009,0.0
3240,32Mt_L2_NS,32MT_NS,0.006,0.006
3240,32Mt_L2_EW,32MT_EW,0.005,0.005
3240,NvcMt_L1_NS,NONE,0.005,0.0
3245,304Nvl_L1_NS,304NVL_NS,0.045,0.036
3245,304Nvl_L3_NS,NONE,0.037,0.0
3245,304Nvl_L1_NS,NONE,0.007,0.0
3245,304Nvl_L3_NS,NONE,0.008,0.0
3245,32Nvl_L3_NS,NONE,0.007,0.0
3245,32Nvl_L1_NS,32NVL_NS,0.014,-0.018
3245,32Nvl_L3_NS,NONE,0.275,0.0
3245,32Nvl_L2_NS,32NVL_NS,0.261,0.234
3245,NvcNvl_L1_EW,NVCNVL_EW,0.007,0.003
3245,NvcNvl_L2_EW,NVCNVL_EW,0.008,0.008
3245,32Mt_L1_NS,32MT_NS,0.006,0.006
3245,32Mt_L1_EW,NONE,0.007,0.0
3245,32Mt_L3_EW,NONE,0.009,0.0
3245,32Mt_L1_EW,32MT_EW,0.007,0.007
3245,32Mt_L1_NS,NONE,0.01,0.0
3245,NvcMt_L1_EW,NVCMT_EW,0.006,-0.063
3245,NvcCmt8_L2_EW,NVCCMT8_EW,0.063,0.063
3245,304Nvl_L2_NS,304NVL_NS,0.038,-0.144
3245,304Nvl_L2_NS,NONE,0.007,0.0
3245,32Nvl_L2_NS,32NVL_NS,0.013,-0.013
3245,32Nvl_L1_NS,32NVL_NS,0.221,0.19
3245,NvcNvl_L3_EW,NONE,0.009,0.0
3245,32Mt_L2_EW,NONE,0.008,0.0
3245,NvcMt_L2_EW,NVCMT_EW,0.008,-0.042
3245,NvcMt_L1_EW,NVCMT_EW,0.006,-0.064
3245,NvcCmt8_L1_EW,NVCCMT8_EW,0.092,0.088
3250,304Nvl_L1_NS,304NVL_NS,0.045,0.036
3250,304Nvl_L3_NS,NONE,0.037,0.0
3250,32Nvl_L3_NS,NONE,0.007,0.0
3250,32Nvl_L1_NS,32NVL_NS,0.014,-0.018
3250,32Nvl_L1_EW,32NVL_EW,0.007,-0.023
3250,32Nvl_L2_EW,32NVL_EW,0.007,-0.015
3250,32Nvl_L3_NS,NONE,0.292,0.0
3250,32Nvl_L2_NS,32NVL_NS,0.276,0.25
3250,NvcNvl_L3_NS,NONE,0.007,0.0
3250,NvcNvl_L2_NS,NONE,0.007,0.0
3250,32Mt_L1_NS,32MT_NS,0.006,0.006
3250,32Mt_L1_EW,NONE,0.014,0.0
3250,32Mt_L3_EW,NONE,0.009,0.0
3250,32Mt_L1_EW,32MT_EW,0.042,0.042
3250,32Mt_L1_NS,NONE,0.01,0.0
3250,NvcMt_L1_EW,NVCMT_EW,0.006,0.006
3250,304Nvl_L2_NS,304NVL_NS,0.038,-0.156
3250,32Nvl_L2_NS,32NVL_NS,0.013,-0.013
3250,32Nvl_L3_EW,NONE,0.006,0.0
3250,32Nvl_L1_NS,32NVL_NS,0.235,0.203
3250,NvcNvl_L1_NS,NONE,0.009,0.0
3250,32Mt_L2_EW,NONE,0.008,0.0
3250,32Mt_L2_EW,32MT_EW,0.033,0.033
3250,NvcMt_L2_EW,NVCMT_EW,0.008,0.008
3250,NvcCmt8_L1_EW,NONE,0.069,0.0
3255,32Nvl_L3_NS,NONE,0.123,0.0
3255,32Nvl_L1_NS,32NVL_NS,0.131,0.131
3255,32Nvl_L3_NS,NONE,0.301,0.0
3255,32Nvl_L2_NS,32NVL_NS,0.284,0.284
3255,32Mt_L1_EW,NONE,0.007,0.0
3255,32Mt_L1_EW,32MT_EW,0.035,0.035
3255,NvcMt_L1_EW,NVCMT_EW,0.006,0.006
3255,32Nvl_L2_NS,32NVL_NS,0.12,0.12
3255,32Nvl_L1_NS,32NVL_NS,0.242,0.242
3255,32Mt_L2_EW,32MT_EW,0.027,0.027
3255,NvcMt_L2_EW,NVCMT_EW,0.008,0.008
3260,304Nvl_L1_EW,304NVL_EW,0.017,0.017
3260,304Nvl_L2_EW,304NVL_EW,0.007,0.007
3260,32Nvl_L3_NS,NONE,0.02,0.0
3260,32Nvl_L1_NS,32NVL_NS,0.138,0.138
3260,32Nvl_L3_NS,NONE,0.142,0.0
3260,32Nvl_L2_NS,32NVL_NS,0.134,0.134
3260,32Mt_L1_EW,NONE,0.007,0.0
3260,32Mt_L3_EW,NONE,0.009,0.0
3260,32Mt_L1_EW,32MT_EW,0.035,0.035
3260,32Mt_L1_NS,NONE,0.01,0.0
3260,NvcMt_L1_EW,NVCMT_EW,0.006,0.006
3260,304Nvl_L3_EW,NONE,0.006,0.0
3260,32Nvl_L2_NS,32NVL_NS,0.133,0.133
3260,32Nvl_L1_NS,32NVL_NS,0.114,0.114
3260,32Mt_L2_EW,NONE,0.008,0.0
3260,32Mt_L2_EW,32MT_EW,0.027,0.027
3260,NvcMt_L2_EW,NVCMT_EW,0.008,0.008
3265,304Nvl_L1_EW,304NVL_EW,0.017,0.017
3265,304Nvl_L2_EW,304NVL_EW,0.007,0.007
3265,304Nvl_L1_NS,NONE,0.036,0.0
3265,32Nvl_L1_NS,32NVL_NS,0.055,0.055
3265,32Nvl_L3_NS,NONE,0.075,0.0
3265,32Nvl_L2_NS,32NVL_NS,0.071,0.071
3265,32Mt_L1_EW,32MT_EW,0.035,0.035
3265,32Mt_L1_NS,NONE,0.01,0.0
3265,32Thn_L1_EW,32THN_EW,0.096,0.096
3265,32Thn_L2_EW,32THN_EW,0.1,0.1
3265,32Thn_L3_EW,NONE,0.098,0.0
3265,304Nvl_L3_EW,NONE,0.006,0.0
3265,32Nvl_L2_NS,32NVL_NS,0.013,0.013
3265,32Nvl_L1_NS,32NVL_NS,0.067,0.067
3265,32Mt_L2_EW,32MT_EW,0.027,0.027
3270,304Nvl_L1_EW,304NVL_EW,0.008,0.008
3270,304Nvl_L2_EW,304NVL_EW,0.007,0.007
3270,304Nvl_L1_NS,NONE,0.036,0.0
3270,32Nvl_L1_NS,32NVL_NS,0.035,0.035
3270,32Nvl_L3_NS,NONE,0.025,0.0
3270,32Nvl_L2_NS,32NVL_NS,0.024,0.024
3270,NvcNvl_L2_NS,NONE,0.079,0.0
3270,32Mt_L1_EW,NONE,0.007,0.0
3270,32Mt_L3_EW,NONE,0.009,0.0
3270,32Mt_L1_EW,32MT_EW,0.042,0.042
3270,NvcMt_L1_NS,NVCMT_NS,0.007,0.007
3270,32Thn_L1_EW,32THN_EW,0.096,0.096
3270,32Thn_L2_EW,32THN_EW,0.1,0.1
3270,32Thn_L3_EW,NONE,0.098,0.0
3270,304Nvl_L3_EW,NONE,0.006,0.0
3270,32Nvl_L1_NS,32NVL_NS,0.027,0.027
3270,NvcNvl_L1_NS,NONE,0.105,0.0
3270,32Mt_L2_EW,NONE,0.008,0.0
3270,32Mt_L2_EW,32MT_EW,0.033,0.033
3270,NvcMt_L2_NS,NVCMT_NS,0.005,0.005
3275,304Nvl_L1_NS,304NVL_NS,0.009,0.004
3275,304Nvl_L3_NS,NONE,0.007,0.0
3275,304Nvl_L1_EW,304NVL_EW,0.051,0.051
3275,304Nvl_L2_EW,304NVL_EW,0.044,0.044
3275,32Nvl_L1_NS,32NVL_NS,0.007,0.001
3275,32Nvl_L3_NS,NONE,0.008,0.0
3275,32Nvl_L2_NS,32NVL_NS,0.008,0.003
3275,NvcNvl_L3_NS,NONE,0.088,0.0
3275,NvcNvl_L2_NS,NONE,0.086,0.0
3275,NvcNvl_L1_EW,NONE,0.011,0.0
3275,NvcNvl_L2_EW,NONE,0.008,0.0
3275,32Mt_L1_EW,32MT_EW,0.042,0.042
3275,32Mt_L1_NS,NONE,0.01,0.0
3275,32Thn_L1_EW,NONE,0.116,0.0
3275,32Thn_L1_EW,32THN_EW,0.008,0.008
3275,32Thn_L2_EW,32THN_EW,0.008,0.008
3275,32Thn_L3_EW,NONE,0.008,0.0
3275,304Nvl_L2_NS,304NVL_NS,0.008,0.002
3275,304Nvl_L3_EW,NONE,0.006,0.0
3275,32Nvl_L1_NS,32NVL_NS,0.02,0.014
3275,NvcNvl_L1_NS,NONE,0.114,0.0
3275,NvcNvl_L3_EW,NONE,0.006,0.0
3275,32Mt_L2_EW,32MT_EW,0.033,0.033
3280,304Nvl_L1_NS,304NVL_NS,0.009,0.004
3280,304Nvl_L3_NS,NONE,0.007,0.0
3280,304Nvl_L1_EW,304NVL_EW,0.059,0.059
3280,304Nvl_L2_EW,304NVL_EW,0.051,0.051
3280,304Nvl_L1_NS,NONE,0.007,0.0
3280,32Nvl_L1_NS,32NVL_NS,0.007,0.001
3280,32Nvl_L1_EW,32NVL_EW,0.007,-0.033
3280,32Nvl_L3_NS,NONE,0.017,0.0
3280,32Nvl_L2_NS,32NVL_NS,0.016,0.01
3280,NvcNvl_L3_NS,NONE,0.007,0.0
3280,NvcNvl_L2_NS,NONE,0.007,0.0
3280,32Mt_L1_EW,32MT_EW,0.049,0.049
3280,NvcCmt8_L2_NS,NONE,0.011,0.0
3280,32Thn_L1_EW,NONE,0.116,0.0
3280,32Thn_L1_EW,32THN_EW,0.008,0.008
3280,32Thn_L2_EW,32THN_EW,0.008,0.008
3280,NvcCmt8_L1_NS,NONE,0.008,0.0
3280,32Thn_L3_EW,NONE,0.008,0.0
3280,304Nvl_L2_NS,304NVL_NS,0.008,-0.003
3280,304Nvl_L3_EW,NONE,0.044,0.0
3280,32Nvl_L1_NS,32NVL_NS,0.02,0.014
3280,NvcNvl_L1_NS,NONE,0.009,0.0
3280,32Mt_L2_EW,32MT_EW,0.033,0.033
3285,304Nvl_L1_NS,304NVL_NS,0.009,0.004
3285,304Nvl_L3_NS,NONE,0.007,0.0
3285,304Nvl_L1_EW,304NVL_EW,0.059,0.059
3285,304Nvl_L2_EW,304NVL_EW,0.044,0.044
3285,32Nvl_L1_NS,32NVL_NS,0.007,-0.004
3285,32Nvl_L1_EW,32NVL_EW,0.007,-0.032
3285,NvcNvl_L1_EW,NONE,0.011,0.0
3285,NvcNvl_L2_EW,NONE,0.008,0.0
3285,NvcNvl_L1_NS,NVCNVL_NS,0.007,0.002
3285,32Mt_L1_EW,32MT_EW,0.056,0.056
3285,32Thn_L1_EW,NONE,0.116,0.0
3285,304Nvl_L2_NS,304NVL_NS,0.008,0.008
3285,304Nvl_L3_EW,NONE,0.038,0.0
3285,32Mt_L2_EW,32MT_EW,0.038,0.038
3290,304Nvl_L1_NS,304NVL_NS,0.009,-0.001
3290,304Nvl_L3_NS,NONE,0.007,0.0
3290,304Nvl_L1_EW,NONE,0.041,0.0
3290,304Nvl_L1_NS,NONE,0.007,0.0
3290,304Nvl_L3_NS,NONE,0.008,0.0
3290,32Nvl_L1_NS,32NVL_NS,0.014,0.008
3290,32Mt_L1_EW,NONE,0.036,0.0
3290,32Mt_L3_EW,NONE,0.044,0.0
3290,32Mt_L1_EW,32MT_EW,0.056,0.056
3290,304Nvl_L2_NS,304NVL_NS,0.008,0.008
3290,304Nvl_L2_NS,NONE,0.007,0.0
3290,32Mt_L2_EW,NONE,0.038,0.0
3290,32Mt_L2_EW,32MT_EW,0.044,0.044
3295,304Nvl_L1_NS,304NVL_NS,0.009,0.004
3295,304Nvl_L3_NS,NONE,0.007,0.0
3295,304Nvl_L1_EW,304NVL_EW,0.008,0.008
3295,304Nvl_L1_NS,NONE,0.007,0.0
3295,32Nvl_L1_NS,32NVL_NS,0.007,0.001
3295,32Nvl_L3_NS,NONE,0.008,0.0
3295,32Nvl_L2_NS,32NVL_NS,0.008,0.003
3295,32Mt_L1_EW,32MT_EW,0.063,0.063
3295,NvcMt_L1_EW,NVCMT_EW,0.013,0.013
3295,304Nvl_L2_NS,304NVL_NS,0.008,0.002
3295,32Nvl_L1_NS,32NVL_NS,0.007,0.0
3295,32Mt_L2_EW,32MT_EW,0.049,0.049
3295,NvcMt_L2_EW,NVCMT_EW,0.016,0.016
3300,304Nvl_L1_NS,304NVL_NS,0.054,0.03
3300,304Nvl_L3_NS,NONE,0.007,0.0
3300,304Nvl_L1_NS,NONE,0.036,0.0
3300,32Nvl_L1_NS,32NVL_NS,0.035,-0.003
3300,NvcNvl_L2_NS,NONE,0.007,0.0
3300,NvcNvl_L1_EW,NVCNVL_EW,0.084,0.076
3300,NvcNvl_L2_EW,NVCNVL_EW,0.094,0.094
3300,32Mt_L1_NS,32MT_NS,0.031,0.031
3300,32Mt_L1_EW,32MT_EW,0.056,0.056
3300,NvcMt_L1_EW,NVCMT_EW,0.013,-0.046
3300,304Nvl_L2_NS,304NVL_NS,0.008,0.008
3300,304Nvl_L2_NS,NONE,0.037,0.0
3300,32Nvl_L2_NS,32NVL_NS,0.033,0.028
3300,NvcNvl_L1_NS,NONE,0.009,0.0
3300,NvcNvl_L3_EW,NONE,0.112,0.0
3300,32Mt_L2_EW,32MT_EW,0.044,0.044
3300,NvcMt_L2_EW,NVCMT_EW,0.016,-0.05
3305,304Nvl_L1_NS,304NVL_NS,0.054,0.045
3305,304Nvl_L3_NS,NONE,0.007,0.0
3305,304Nvl_L1_EW,304NVL_EW,0.017,0.017
3305,304Nvl_L2_EW,304NVL_EW,0.015,0.015
3305,304Nvl_L1_NS,NONE,0.044,0.0
3305,304Nvl_L3_NS,NONE,0.048,0.0
3305,32Nvl_L3_NS,NONE,0.007,0.0
3305,32Nvl_L1_NS,32NVL_NS,0.014,-0.024
3305,NvcNvl_L3_NS,NONE,0.02,0.0
3305,NvcNvl_L2_NS,NONE,0.02,0.0
3305,NvcNvl_L1_EW,NVCNVL_EW,0.084,0.076
3305,NvcNvl_L2_EW,NVCNVL_EW,0.094,0.094
3305,32Mt_L1_EW,NONE,0.007,0.0
3305,32Mt_L3_EW,NONE,0.009,0.0
3305,32Mt_L1_EW,32MT_EW,0.056,0.056
3305,NvcMt_L1_EW,NVCMT_EW,0.013,-0.046
3305,304Nvl_L2_NS,304NVL_NS,0.008,0.008
3305,304Nvl_L3_EW,NONE,0.013,0.0
3305,304Nvl_L2_NS,NONE,0.044,0.0
3305,32Nvl_L2_NS,32NVL_NS,0.007,0.001
3305,NvcNvl_L1_NS,NONE,0.026,0.0
3305,NvcNvl_L3_EW,NONE,0.112,0.0
3305,32Mt_L2_EW,NONE,0.008,0.0
3305,32Mt_L2_EW,32MT_EW,0.044,0.044
3305,NvcMt_L2_EW,NVCMT_EW,0.016,-0.05
3310,304Nvl_L1_NS,304NVL_NS,0.063,0.059
3310,304Nvl_L3_NS,NONE,0.015,0.0
3310,304Nvl_L1_EW,304NVL_EW,0.025,0.025
3310,304Nvl_L2_EW,304NVL_EW,0.022,0.022
3310,304Nvl_L1_NS,NONE,0.015,0.0
3310,304Nvl_L3_NS,NONE,0.008,0.0
3310,32Nvl_L3_NS,NONE,0.007,0.0
3310,32Nvl_L1_NS,32NVL_NS,0.007,-0.037
3310,NvcNvl_L1_EW,NVCNVL_EW,0.084,0.08
3310,NvcNvl_L2_EW,NVCNVL_EW,0.094,0.094
3310,32Mt_L1_NS,32MT_NS,0.006,0.006
3310,32Mt_L1_EW,NONE,0.007,0.0
3310,32Mt_L3_EW,NONE,0.009,0.0
3310,32Mt_L1_EW,32MT_EW,0.056,0.056
3310,NvcMt_L1_EW,NVCMT_EW,0.006,-0.053
3310,304Nvl_L2_NS,304NVL_NS,0.015,0.015
3310,304Nvl_L3_EW,NONE,0.019,0.0
3310,304Nvl_L2_NS,NONE,0.015,0.0
3310,32Nvl_L2_NS,32NVL_NS,0.007,-0.004
3310,32Nvl_L1_NS,32NVL_NS,0.034,-0.011
3310,NvcNvl_L3_EW,NONE,0.112,0.0
3310,32Mt_L2_NS,32MT_NS,0.006,0.006
3310,32Mt_L2_EW,NONE,0.008,0.0
3310,32Mt_L2_EW,32MT_EW,0.044,0.044
3310,NvcMt_L2_EW,NVCMT_EW,0.008,-0.058
3315,304Nvl_L1_NS,304NVL_NS,0.018,0.018
3315,304Nvl_L3_NS,NONE,0.015,0.0
3315,304Nvl_L1_EW,304NVL_EW,0.008,0.008
3315,304Nvl_L2_EW,304NVL_EW,0.007,0.007
3315,304Nvl_L1_NS,NONE,0.022,0.0
3315,304Nvl_L3_NS,NONE,0.008,0.0
3315,NvcNvl_L3_NS,NONE,0.007,0.0
3315,NvcNvl_L2_NS,NONE,0.007,0.0
3315,NvcNvl_L1_EW,NONE,0.021,0.0
3315,NvcNvl_L2_EW,NONE,0.015,0.0
3315,32Mt_L1_EW,32MT_EW,0.014,0.014
3315,NvcMt_L1_EW,NVCMT_EW,0.013,0.013
3315,NvcCmt8_L2_EW,NONE,0.007,0.0
3315,304Nvl_L2_NS,304NVL_NS,0.015,0.015
3315,304Nvl_L3_EW,NONE,0.006,0.0
3315,304Nvl_L2_NS,NONE,0.007,0.0
3315,NvcNvl_L1_NS,NONE,0.009,0.0
3315,NvcNvl_L3_EW,NONE,0.006,0.0
3315,32Mt_L2_EW,32MT_EW,0.005,0.005
3315,NvcMt_L2_EW,NVCMT_EW,0.016,0.016
3315,NvcCmt8_L1_EW,NONE,0.006,0.0
3320,304Nvl_L1_NS,304NVL_NS,0.036,0.031
3320,304Nvl_L3_NS,NONE,0.015,0.0
3320,304Nvl_L1_EW,304NVL_EW,0.102,0.102
3320,304Nvl_L2_EW,304NVL_EW,0.044,0.044
3320,304Nvl_L1_NS,NONE,0.022,0.0
3320,304Nvl_L3_NS,NONE,0.008,0.0
3320,32Nvl_L1_NS,32NVL_NS,0.007,-0.018
3320,32Nvl_L3_NS,NONE,0.008,0.0
3320,32Nvl_L2_NS,32NVL_NS,0.008,-0.008
3320,NvcNvl_L3_NS,NONE,0.007,0.0
3320,NvcNvl_L2_NS,NONE,0.007,0.0
3320,NvcNvl_L1_EW,NONE,0.011,0.0
3320,NvcNvl_L2_EW,NONE,0.008,0.0
3320,32Mt_L1_EW,NONE,0.007,0.0
3320,32Mt_L1_EW,32MT_EW,0.028,0.028
3320,32Mt_L1_NS,NONE,0.01,0.0
3320,NvcCmt8_L2_NS,NONE,0.011,0.0
3320,NvcCmt8_L1_NS,NONE,0.008,0.0
3320,304Nvl_L2_NS,304NVL_NS,0.023,0.017
3320,304Nvl_L3_EW,NONE,0.038,0.0
3320,304Nvl_L2_NS,NONE,0.007,0.0
3320,32Nvl_L2_NS,32NVL_NS,0.007,-0.009
3320,32Nvl_L1_NS,32NVL_NS,0.013,-0.012
3320,NvcNvl_L1_NS,NONE,0.009,0.0
3320,32Mt_L2_EW,32MT_EW,0.016,0.016
3320,32Mt_L2_NS,NONE,0.009,0.0
3320,NvcCmt8_L1_EW,NVCCMT8_EW,0.008,0.008
3325,304Nvl_L1_NS,304NVL_NS,0.054,0.054
3325,304Nvl_L3_NS,NONE,0.022,0.0
3325,304Nvl_L1_EW,304NVL_EW,0.017,0.017
3325,304Nvl_L2_EW,304NVL_EW,0.007,0.007
3325,304Nvl_L1_NS,NONE,0.007,0.0
3325,304Nvl_L3_NS,NONE,0.008,0.0
3325,32Nvl_L3_NS,NONE,0.008,0.0
3325,32Nvl_L2_NS,32NVL_NS,0.008,-0.008
3325,NvcNvl_L1_EW,NONE,0.021,0.0
3325,NvcNvl_L2_EW,NONE,0.015,0.0
3325,32Mt_L1_NS,32MT_NS,0.031,0.031
3325,32Mt_L1_EW,NONE,0.007,0.0
3325,32Mt_L1_EW,32MT_EW,0.007,0.007
3325,NvcMt_L2_EW,NVCMT_EW,0.003,0.003
3325,NvcCmt8_L2_NS,NONE,0.011,0.0
3325,NvcCmt8_L1_NS,NONE,0.008,0.0
3325,304Nvl_L2_NS,304NVL_NS,0.023,0.017
3325,304Nvl_L3_EW,NONE,0.006,0.0
3325,304Nvl_L2_NS,NONE,0.007,0.0
3325,32Nvl_L1_NS,32NVL_NS,0.007,-0.031
3325,32Mt_L2_EW,32MT_EW,0.005,0.005
3325,NvcMt_L1_EW,NVCMT_EW,0.006,0.006
3330,304Nvl_L1_NS,304NVL_NS,0.054,0.054
3330,304Nvl_L3_NS,NONE,0.022,0.0
3330,304Nvl_L1_EW,304NVL_EW,0.008,0.008
3330,304Nvl_L1_NS,NONE,0.051,0.0
3330,304Nvl_L3_NS,NONE,0.008,0.0
3330,NvcNvl_L1_EW,NVCNVL_EW,0.007,0.007
3330,NvcNvl_L2_EW,NVCNVL_EW,0.008,0.008
3330,32Mt_L1_NS,32MT_NS,0.038,0.038
3330,32Mt_L1_EW,NONE,0.014,0.0
3330,304Nvl_L2_NS,304NVL_NS,0.023,0.023
3330,304Nvl_L2_NS,NONE,0.007,0.0
3330,32Nvl_L1_NS,32NVL_NS,0.007,-0.031
3330,NvcNvl_L3_EW,NONE,0.009,0.0
3335,304Nvl_L1_NS,304NVL_NS,0.045,0.045
3335,304Nvl_L3_NS,NONE,0.03,0.0
3335,304Nvl_L1_EW,304NVL_EW,0.008,0.008
3335,32Nvl_L3_NS,NONE,0.042,0.0
3335,32Nvl_L2_NS,32NVL_NS,0.039,0.018
3335,NvcNvl_L1_EW,NONE,0.011,0.0
3335,NvcNvl_L2_EW,NONE,0.008,0.0
3335,NvcNvl_L1_EW,NVCNVL_EW,0.007,0.007
3335,NvcNvl_L2_EW,NVCNVL_EW,0.008,0.008
3335,32Mt_L1_NS,32MT_NS,0.031,0.031
3335,32Mt_L1_EW,NONE,0.022,0.0
3335,32Mt_L3_EW,NONE,0.018,0.0
3335,NvcCmt8_L2_NS,NONE,0.012,0.0
3335,NvcCmt8_L2_EW,NONE,0.007,0.0
3335,304Nvl_L2_NS,304NVL_NS,0.03,0.003
3335,32Nvl_L1_NS,32NVL_NS,0.034,0.002
3335,NvcNvl_L3_EW,NONE,0.009,0.0
3335,32Mt_L2_EW,NONE,0.015,0.0
3335,NvcCmt8_L1_NS,NONE,0.011,0.0
3335,NvcCmt8_L1_EW,NONE,0.006,0.0
3340,304Nvl_L1_NS,304NVL_NS,0.036,0.031
3340,304Nvl_L3_NS,NONE,0.03,0.0
3340,304Nvl_L1_EW,304NVL_EW,0.008,0.008
3340,32Nvl_L3_NS,NONE,0.007,0.0
3340,32Nvl_L1_NS,32NVL_NS,0.007,-0.018
3340,32Nvl_L3_NS,NONE,0.008,0.0
3340,32Nvl_L2_NS,32NVL_NS,0.008,-0.013
3340,NvcNvl_L1_EW,NONE,0.021,0.0
3340,NvcNvl_L2_EW,NONE,0.015,0.0
3340,NvcCmt8_L2_EW,NVCCMT8_EW,0.005,0.005
3340,304Nvl_L2_NS,304NVL_NS,0.03,0.025
3340,32Nvl_L2_NS,32NVL_NS,0.007,-0.015
3340,32Nvl_L1_NS,32NVL_NS,0.007,-0.019
3340,NvcNvl_L3_EW,NONE,0.006,0.0
3340,NvcCmt8_L1_EW,NVCCMT8_EW,0.015,0.015
3345,304Nvl_L1_NS,304NVL_NS,0.036,0.022
3345,304Nvl_L3_NS,NONE,0.03,0.0
3345,304Nvl_L1_EW,304NVL_EW,0.042,0.042
3345,304Nvl_L2_EW,304NVL_EW,0.036,0.036
3345,32Nvl_L3_NS,NONE,0.014,0.0
3345,32Nvl_L1_NS,32NVL_NS,0.021,-0.005
3345,32Nvl_L1_EW,32NVL_EW,0.007,-0.003
3345,32Nvl_L2_EW,32NVL_EW,0.007,0.004
3345,32Nvl_L3_NS,NONE,0.008,0.0
3345,32Nvl_L2_NS,32NVL_NS,0.008,-0.013
3345,NvcNvl_L1_EW,NONE,0.011,0.0
3345,NvcNvl_L2_EW,NONE,0.008,0.0
3345,32Mt_L1_EW,32MT_EW,0.014,0.014
3345,32Mt_L1_NS,NONE,0.01,0.0
3345,32Thn_L1_EW,NONE,0.01,0.0
3345,32Thn_L2_EW,NONE,0.01,0.0
3345,32Thn_L3_EW,NONE,0.007,0.0
3345,304Nvl_L2_NS,304NVL_NS,0.03,0.025
3345,304Nvl_L3_EW,NONE,0.032,0.0
3345,32Nvl_L2_NS,32NVL_NS,0.02,-0.001
3345,32Nvl_L3_EW,NONE,0.006,0.0
3345,32Nvl_L1_NS,32NVL_NS,0.007,-0.019
3345,NvcNvl_L3_EW,NONE,0.006,0.0
3345,32Mt_L2_EW,32MT_EW,0.005,0.005
3345,NvcCmt8_L1_EW,NONE,0.006,0.0
3350,304Nvl_L1_NS,304NVL_NS,0.027,0.027
3350,304Nvl_L3_NS,NONE,0.022,0.0
3350,304Nvl_L1_EW,304NVL_EW,0.008,0.008
3350,304Nvl_L2_EW,304NVL_EW,0.007,0.007
3350,32Nvl_L1_EW,32NVL_EW,0.007,-0.004
3350,32Nvl_L2_EW,32NVL_EW,0.007,0.004
3350,NvcNvl_L3_NS,NONE,0.041,0.0
3350,NvcNvl_L2_NS,NONE,0.04,0.0
3350,32Mt_L1_EW,32MT_EW,0.007,0.007
3350,32Mt_L1_NS,NONE,0.01,0.0
3350,32Thn_L1_EW,32THN_EW,0.008,0.008
3350,304Nvl_L2_NS,304NVL_NS,0.023,0.023
3350,304Nvl_L3_EW,NONE,0.006,0.0
3350,32Nvl_L3_EW,NONE,0.006,0.0
3350,32Nvl_L1_NS,32NVL_NS,0.007,-0.012
3350,NvcNvl_L1_NS,NONE,0.052,0.0
3350,32Mt_L2_EW,32MT_EW,0.005,0.005
3350,32Mt_L2_NS,NONE,0.009,0.0
3355,304Nvl_L1_NS,304NVL_NS,0.027,-0.002
3355,304Nvl_L3_NS,NONE,0.022,0.0
3355,304Nvl_L1_EW,304NVL_EW,0.008,0.008
3355,304Nvl_L2_EW,304NVL_EW,0.007,0.007
3355,32Nvl_L3_NS,NONE,0.007,0.0
3355,32Nvl_L1_NS,32NVL_NS,0.042,0.023
3355,32Nvl_L1_EW,32NVL_EW,0.007,0.001
3355,32Nvl_L2_EW,32NVL_EW,0.007,0.007
3355,NvcNvl_L3_NS,NONE,0.054,0.0
3355,NvcNvl_L2_NS,NONE,0.059,0.0
3355,NvcNvl_L1_EW,NONE,0.011,0.0
3355,NvcNvl_L2_EW,NONE,0.008,0.0
3355,NvcNvl_L1_EW,NVCNVL_EW,0.007,0.003
3355,32Mt_L1_EW,NONE,0.007,0.0
3355,32Mt_L3_EW,NONE,0.009,0.0
3355,32Mt_L1_NS,NONE,0.127,0.0
3355,NvcMt_L2_NS,NONE,0.005,0.0
3355,NvcMt_L1_EW,NVCMT_EW,0.006,0.001
3355,32Thn_L1_EW,32THN_EW,0.008,0.008
3355,304Nvl_L2_NS,304NVL_NS,0.023,0.023
3355,304Nvl_L3_EW,NONE,0.006,0.0
3355,32Nvl_L2_NS,32NVL_NS,0.04,0.024
3355,32Nvl_L3_EW,NONE,0.006,0.0
3355,32Nvl_L1_NS,32NVL_NS,0.013,-0.006
3355,NvcNvl_L1_NS,NONE,0.079,0.0
3355,NvcNvl_L3_EW,NONE,0.006,0.0
3355,32Mt_L2_EW,NONE,0.008,0.0
3355,32Mt_L2_NS,NONE,0.104,0.0
3355,NvcMt_L1_NS,NONE,0.005,0.0
3355,NvcMt_L2_EW,NVCMT_EW,0.008,0.008
3360,304Nvl_L1_NS,304NVL_NS,0.027,-0.002
3360,304Nvl_L3_NS,NONE,0.022,0.0
3360,304Nvl_L1_EW,304NVL_EW,0.017,0.017
3360,304Nvl_L2_EW,304NVL_EW,0.007,0.007
3360,32Nvl_L3_NS,NONE,0.007,0.0
3360,32Nvl_L1_NS,32NVL_NS,0.042,0.023
3360,32Nvl_L1_EW,32NVL_EW,0.007,0.007
3360,32Nvl_L2_EW,32NVL_EW,0.007,0.007
3360,NvcNvl_L3_NS,NONE,0.034,0.0
3360,NvcNvl_L2_NS,NONE,0.033,0.0
3360,32Mt_L1_EW,NONE,0.007,0.0
3360,32Mt_L1_NS,NONE,0.176,0.0
3360,NvcMt_L2_NS,NONE,0.005,0.0
3360,NvcMt_L1_EW,NVCMT_EW,0.006,0.001
3360,NvcCmt8_L2_EW,NVCCMT8_EW,0.005,0.005
3360,304Nvl_L2_NS,304NVL_NS,0.023,0.023
3360,304Nvl_L3_EW,NONE,0.006,0.0
3360,32Nvl_L2_NS,32NVL_NS,0.04,0.024
3360,32Nvl_L3_EW,NONE,0.006,0.0
3360,NvcNvl_L1_NS,NONE,0.044,0.0
3360,32Mt_L2_NS,NONE,0.156,0.0
3360,NvcMt_L1_NS,NONE,0.005,0.0
3360,NvcMt_L2_EW,NVCMT_EW,0.008,0.004
3360,NvcCmt8_L1_EW,NVCCMT8_EW,0.008,0.003
3365,304Nvl_L1_NS,304NVL_NS,0.027,-0.002
3365,304Nvl_L3_NS,NONE,0.022,0.0
3365,304Nvl_L1_EW,304NVL_EW,0.017,0.017
3365,304Nvl_L2_EW,304NVL_EW,0.007,0.007
3365,32Nvl_L3_NS,NONE,0.007,0.0
3365,32Nvl_L1_NS,32NVL_NS,0.042,0.023
3365,32Nvl_L1_EW,32NVL_EW,0.081,0.071
3365,32Nvl_L2_EW,32NVL_EW,0.09,0.082
3365,NvcNvl_L3_NS,NONE,0.027,0.0
3365,NvcNvl_L2_NS,NONE,0.026,0.0
3365,NvcNvl_L1_EW,NONE,0.011,0.0
3365,NvcNvl_L2_EW,NONE,0.008,0.0
3365,NvcNvl_L1_EW,NVCNVL_EW,0.007,0.003
3365,NvcNvl_L2_EW,NVCNVL_EW,0.008,-0.015
3365,32Mt_L1_EW,32MT_EW,0.014,0.014
3365,32Mt_L1_NS,NONE,0.049,0.0
3365,NvcMt_L1_EW,NVCMT_EW,0.006,-0.004
3365,NvcMt_L2_EW,NVCMT_EW,0.032,0.023
3365,NvcCmt8_L2_EW,NVCCMT8_EW,0.005,-0.017
3365,304Nvl_L2_NS,304NVL_NS,0.023,0.023
3365,304Nvl_L3_EW,NONE,0.006,0.0
3365,32Nvl_L2_NS,32NVL_NS,0.04,0.024
3365,32Nvl_L3_EW,NONE,0.074,0.0
3365,NvcNvl_L1_NS,NONE,0.035,0.0
3365,NvcNvl_L3_EW,NONE,0.009,0.0
3365,32Mt_L2_EW,32MT_EW,0.011,0.011
3365,32Mt_L2_NS,NONE,0.043,0.0
3365,NvcMt_L2_EW,NVCMT_EW,0.008,-0.001
3365,NvcMt_L1_EW,NVCMT_EW,0.067,0.057
3365,NvcCmt8_L1_EW,NVCCMT8_EW,0.008,0.003
3370,304Thn_L1_EW,NONE,0.034,0.0
3370,304Thn_L2_EW,NONE,0.041,0.0
3370,304Nvl_L1_EW,304NVL_EW,0.025,0.025
3370,304Nvl_L2_EW,304NVL_EW,0.022,0.022
3370,32Nvl_L3_NS,NONE,0.007,0.0
3370,32Nvl_L1_NS,32NVL_NS,0.042,0.042
3370,32Nvl_L1_EW,32NVL_EW,0.081,0.076
3370,32Nvl_L2_EW,32NVL_EW,0.09,0.09
3370,NvcNvl_L1_EW,NONE,0.021,0.0
3370,NvcNvl_L2_EW,NONE,0.008,0.0
3370,NvcNvl_L1_EW,NVCNVL_EW,0.007,0.003
3370,NvcNvl_L2_EW,NVCNVL_EW,0.008,-0.015
3370,32Mt_L1_NS,32MT_NS,0.006,0.006
3370,32Mt_L1_EW,NONE,0.13,0.0
3370,32Mt_L3_EW,NONE,0.009,0.0
3370,32Mt_L1_EW,32MT_EW,0.007,0.007
3370,NvcMt_L2_NS,NONE,0.005,0.0
3370,NvcMt_L1_EW,NVCMT_EW,0.006,-0.004
3370,NvcMt_L2_EW,NVCMT_EW,0.032,0.023
3370,NvcCmt8_L2_EW,NVCCMT8_EW,0.005,-0.017
3370,304Nvl_L3_EW,NONE,0.019,0.0
3370,32Nvl_L2_NS,32NVL_NS,0.04,0.04
3370,32Nvl_L3_EW,NONE,0.074,0.0
3370,NvcNvl_L3_EW,NONE,0.009,0.0
3370,32Mt_L2_EW,NONE,0.008,0.0
3370,NvcMt_L1_NS,NONE,0.005,0.0
3370,NvcMt_L2_EW,NVCMT_EW,0.008,-0.001
3370,NvcMt_L1_EW,NVCMT_EW,0.067,0.057
3370,NvcCmt8_L1_EW,NVCCMT8_EW,0.008,0.003
3375,304Thn_L1_EW,NONE,0.034,0.0
3375,304Thn_L2_EW,NONE,0.041,0.0
3375,304Nvl_L1_EW,304NVL_EW,0.025,0.025
3375,304Nvl_L2_EW,304NVL_EW,0.022,0.022
3375,304Nvl_L1_NS,NONE,0.007,0.0
3375,32Nvl_L1_EW,32NVL_EW,0.081,0.071
3375,32Nvl_L2_EW,32NVL_EW,0.09,0.086
3375,32Nvl_L3_NS,NONE,0.008,0.0
3375,32Nvl_L2_NS,32NVL_NS,0.008,0.008
3375,NvcNvl_L1_EW,NONE,0.011,0.0
3375,NvcNvl_L2_EW,NONE,0.008,0.0
3375,NvcNvl_L1_EW,NVCNVL_EW,0.021,0.017
3375,NvcNvl_L2_EW,NVCNVL_EW,0.016,-0.007
3375,NvcNvl_L1_NS,NVCNVL_NS,0.007,0.007
3375,32Mt_L1_EW,NONE,0.036,0.0
3375,32Mt_L1_EW,32MT_EW,0.014,0.014
3375,32Mt_L1_NS,NONE,0.02,0.0
3375,NvcMt_L1_EW,NVCMT_EW,0.006,-0.008
3375,NvcMt_L2_EW,NVCMT_EW,0.032,0.021
3375,304Nvl_L3_EW,NONE,0.019,0.0
3375,32Nvl_L3_EW,NONE,0.074,0.0
3375,32Nvl_L1_NS,32NVL_NS,0.013,0.009
3375,NvcNvl_L3_EW,NONE,0.019,0.0
3375,32Mt_L2_EW,32MT_EW,0.005,0.005
3375,32Mt_L2_NS,NONE,0.009,0.0
3375,NvcMt_L2_EW,NVCMT_EW,0.008,-0.003
3375,NvcMt_L1_EW,NVCMT_EW,0.067,0.052
3375,304Thn_L3_EW,NONE,0.041,0.0
3380,304Thn_L1_EW,304THN_EW,0.041,0.018
3380,304Nvl_L1_EW,304NVL_EW,0.034,0.005
3380,304Nvl_L2_EW,304NVL_EW,0.015,0.015
3380,32Nvl_L1_EW,32NVL_EW,0.081,0.071
3380,32Nvl_L2_EW,32NVL_EW,0.09,0.082
3380,NvcNvl_L1_EW,NVCNVL_EW,0.021,0.017
3380,NvcNvl_L2_EW,NVCNVL_EW,0.016,0.016
3380,32Mt_L1_EW,32MT_EW,0.014,0.014
3380,NvcMt_L1_EW,NVCMT_EW,0.006,-0.008
3380,304Nvl_L3_EW,NONE,0.013,0.0
3380,32Nvl_L3_EW,NONE,0.074,0.0
3380,32Nvl_L1_NS,32NVL_NS,0.007,0.007
3380,NvcNvl_L3_EW,NONE,0.019,0.0
3380,32Mt_L2_EW,32MT_EW,0.011,0.011
3380,NvcMt_L2_EW,NVCMT_EW,0.008,-0.003
3380,NvcCmt8_L1_EW,NONE,0.006,0.0
3385,304Thn_L1_EW,304THN_EW,0.041,0.035
3385,304Nvl_L1_EW,304NVL_EW,0.008,-0.02
3385,304Nvl_L1_NS,NONE,0.007,0.0
3385,32Nvl_L1_EW,32NVL_EW,0.014,0.004
3385,32Nvl_L2_EW,32NVL_EW,0.015,0.012
3385,32Nvl_L1_EW,32NVL_EW,0.081,0.071
3385,32Nvl_L2_EW,32NVL_EW,0.09,0.086
3385,NvcNvl_L1_EW,NVCNVL_EW,0.028,0.028
3385,NvcNvl_L2_EW,NVCNVL_EW,0.023,0.023
3385,32Mt_L1_EW,NONE,0.007,0.0
3385,32Mt_L3_EW,NONE,0.009,0.0
3385,32Mt_L1_EW,32MT_EW,0.014,0.004
3385,32Mt_L1_NS,NONE,0.02,0.0
3385,32Nvl_L3_EW,NONE,0.074,0.0
3385,32Nvl_L3_EW,NONE,0.013,0.0
3385,NvcNvl_L3_EW,NONE,0.028,0.0
3385,32Mt_L2_EW,NONE,0.008,0.0
3385,32Mt_L2_EW,32MT_EW,0.005,-0.005
3385,32Mt_L2_NS,NONE,0.009,0.0
3390,304Thn_L1_EW,304THN_EW,0.041,0.041
3390,304Nvl_L1_NS,NONE,0.007,0.0
3390,32Nvl_L3_NS,NONE,0.007,0.0
3390,32Nvl_L1_NS,32NVL_NS,0.007,0.007
3390,32Nvl_L1_EW,32NVL_EW,0.007,0.002
3390,32Nvl_L2_EW,32NVL_EW,0.008,0.004
3390,32Nvl_L1_EW,32NVL_EW,0.081,0.076
3390,32Nvl_L2_EW,32NVL_EW,0.09,0.086
3390,NvcNvl_L1_EW,NVCNVL_EW,0.028,0.028
3390,NvcNvl_L2_EW,NVCNVL_EW,0.031,0.031
3390,32Mt_L1_NS,32MT_NS,0.006,0.006
3390,32Mt_L1_EW,32MT_EW,0.007,0.002
3390,NvcCmt8_L2_NS,NONE,0.011,0.0
3390,NvcCmt8_L1_NS,NONE,0.008,0.0
3390,32Nvl_L2_NS,32NVL_NS,0.007,0.007
3390,32Nvl_L3_EW,NONE,0.074,0.0
3390,32Nvl_L3_EW,NONE,0.006,0.0
3390,NvcNvl_L3_EW,NONE,0.037,0.0
3390,32Mt_L2_EW,32MT_EW,0.005,0.0
3390,NvcMt_L2_EW,NVCMT_EW,0.095,0.073
3395,304Nvl_L1_EW,304NVL_EW,0.008,0.008
3395,304Nvl_L1_NS,NONE,0.007,0.0
3395,32Nvl_L1_EW,32NVL_EW,0.007,0.002
3395,32Nvl_L2_EW,32NVL_EW,0.008,0.004
3395,32Nvl_L1_EW,32NVL_EW,0.081,0.076
3395,32Nvl_L2_EW,32NVL_EW,0.09,0.086
3395,NvcNvl_L1_EW,NVCNVL_EW,0.035,0.035
3395,NvcNvl_L2_EW,NVCNVL_EW,0.039,0.039
3395,32Mt_L1_EW,NONE,0.007,0.0
3395,32Mt_L1_EW,32MT_EW,0.007,0.002
3395,32Nvl_L3_EW,NONE,0.074,0.0
3395,32Nvl_L3_EW,NONE,0.006,0.0
3395,32Nvl_L1_NS,32NVL_NS,0.007,0.007
3395,NvcNvl_L3_EW,NONE,0.037,0.0
3395,32Mt_L2_EW,32MT_EW,0.005,0.0
3400,304Nvl_L1_EW,304NVL_EW,0.008,0.008
3400,304Nvl_L2_EW,304NVL_EW,0.007,0.007
3400,32Nvl_L1_NS,32NVL_NS,0.007,0.007
3400,32Nvl_L1_EW,32NVL_EW,0.007,0.001
3400,32Nvl_L2_EW,32NVL_EW,0.008,0.002
3400,32Nvl_L1_EW,32NVL_EW,0.081,0.075
3400,32Nvl_L2_EW,32NVL_EW,0.09,0.084
3400,NvcNvl_L3_NS,NONE,0.007,0.0
3400,NvcNvl_L2_NS,NONE,0.007,0.0
3400,NvcNvl_L1_EW,NVCNVL_EW,0.035,-0.018
3400,NvcNvl_L2_EW,NVCNVL_EW,0.039,0.039
3400,NvcMt_L1_EW,NVCMT_EW,0.076,0.052
3400,32Thn_L1_EW,32THN_EW,0.008,0.003
3400,32Thn_L2_EW,32THN_EW,0.008,0.003
3400,32Thn_L3_EW,NONE,0.008,0.0
3400,304Nvl_L3_EW,NONE,0.006,0.0
3400,32Nvl_L2_NS,32NVL_NS,0.007,0.007
3400,32Nvl_L3_EW,NONE,0.074,0.0
3400,32Nvl_L3_EW,NONE,0.006,0.0
3400,NvcNvl_L1_NS,NONE,0.009,0.0
3400,NvcNvl_L3_EW,NONE,0.047,0.0
3400,NvcMt_L2_EW,NVCMT_EW,0.095,0.068
3405,304Nvl_L1_EW,304NVL_EW,0.008,0.008
3405,304Nvl_L2_EW,304NVL_EW,0.007,0.007
3405,32Nvl_L1_NS,32NVL_NS,0.007,0.007
3405,32Nvl_L1_EW,32NVL_EW,0.007,0.007
3405,32Nvl_L2_EW,32NVL_EW,0.008,0.008
3405,32Nvl_L1_EW,32NVL_EW,0.081,0.081
3405,32Nvl_L2_EW,32NVL_EW,0.09,0.09
3405,NvcNvl_L3_NS,NONE,0.007,0.0
3405,NvcNvl_L2_NS,NONE,0.007,0.0
3405,NvcNvl_L1_EW,NVCNVL_EW,0.042,-0.011
3405,NvcNvl_L2_EW,NVCNVL_EW,0.047,0.047
3405,32Mt_L1_NS,NONE,0.01,0.0
3405,NvcMt_L1_EW,NVCMT_EW,0.076,0.047
3405,NvcMt_L1_NS,NVCMT_NS,0.007,0.007
3405,32Thn_L1_EW,NONE,0.01,0.0
3405,304Nvl_L3_EW,NONE,0.006,0.0
3405,32Nvl_L2_NS,32NVL_NS,0.007,0.007
3405,32Nvl_L3_EW,NONE,0.074,0.0
3405,32Nvl_L3_EW,NONE,0.006,0.0
3405,NvcNvl_L1_NS,NONE,0.009,0.0
3405,NvcNvl_L3_EW,NONE,0.056,0.0
3405,NvcMt_L2_EW,NVCMT_EW,0.095,0.063
3405,NvcMt_L2_NS,NVCMT_NS,0.005,0.005
3410,304Nvl_L1_NS,304NVL_NS,0.009,0.004
3410,304Nvl_L3_NS,NONE,0.007,0.0
3410,304Nvl_L1_EW,304NVL_EW,0.017,0.017
3410,304Nvl_L2_EW,304NVL_EW,0.007,0.007
3410,32Nvl_L1_NS,32NVL_NS,0.007,0.001
3410,32Nvl_L1_EW,32NVL_EW,0.007,-0.061
3410,32Nvl_L2_EW,32NVL_EW,0.008,-0.046
3410,32Nvl_L1_EW,32NVL_EW,0.081,0.012
3410,32Nvl_L2_EW,32NVL_EW,0.09,0.036
3410,NvcNvl_L1_EW,NVCNVL_EW,0.049,-0.004
3410,NvcNvl_L2_EW,NVCNVL_EW,0.055,0.055
3410,32Mt_L1_EW,NONE,0.014,0.0
3410,32Mt_L3_EW,NONE,0.018,0.0
3410,32Mt_L1_EW,32MT_EW,0.098,0.093
3410,32Mt_L1_NS,NONE,0.01,0.0
3410,NvcMt_L1_EW,NVCMT_EW,0.076,0.042
3410,304Nvl_L2_NS,304NVL_NS,0.008,0.008
3410,304Nvl_L3_EW,NONE,0.006,0.0
3410,32Nvl_L2_NS,32NVL_NS,0.007,0.001
3410,32Nvl_L3_EW,NONE,0.074,0.0
3410,32Nvl_L3_EW,NONE,0.006,0.0
3410,32Nvl_L1_NS,32NVL_NS,0.007,0.0
3410,NvcNvl_L3_EW,NONE,0.065,0.0
3410,32Mt_L2_EW,NONE,0.015,0.0
3410,32Mt_L2_EW,32MT_EW,0.076,0.071
3410,32Mt_L2_NS,NONE,0.009,0.0
3410,NvcMt_L2_EW,NVCMT_EW,0.095,0.057
3415,304Nvl_L1_NS,304NVL_NS,0.009,0.009
3415,304Nvl_L3_NS,NONE,0.007,0.0
3415,304Nvl_L1_NS,NONE,0.007,0.0
3415,32Nvl_L1_EW,32NVL_EW,0.007,0.002
3415,32Nvl_L2_EW,32NVL_EW,0.008,0.004
3415,32Nvl_L1_EW,32NVL_EW,0.081,0.076
3415,32Nvl_L2_EW,32NVL_EW,0.09,0.086
3415,NvcNvl_L1_EW,NVCNVL_EW,0.049,-0.004
3415,NvcNvl_L2_EW,NVCNVL_EW,0.047,0.047
3415,32Mt_L1_EW,32MT_EW,0.007,0.002
3415,32Mt_L1_NS,NONE,0.01,0.0
3415,NvcMt_L1_EW,NVCMT_EW,0.076,0.042
3415,304Nvl_L2_NS,304NVL_NS,0.008,0.008
3415,32Nvl_L3_EW,NONE,0.074,0.0
3415,32Nvl_L3_EW,NONE,0.006,0.0
3415,32Nvl_L1_NS,32NVL_NS,0.013,0.007
3415,NvcNvl_L3_EW,NONE,0.056,0.0
3415,32Mt_L2_EW,32MT_EW,0.005,0.0
3415,32Mt_L2_NS,NONE,0.009,0.0
3415,NvcMt_L2_EW,NVCMT_EW,0.095,0.063
3420,304Nvl_L1_NS,304NVL_NS,0.009,0.004
3420,304Nvl_L3_NS,NONE,0.007,0.0
3420,304Nvl_L1_NS,NONE,0.007,0.0
3420,32Nvl_L3_NS,NONE,0.007,0.0
3420,32Nvl_L1_NS,32NVL_NS,0.007,0.001
3420,32Nvl_L1_EW,32NVL_EW,0.007,0.002
3420,32Nvl_L2_EW,32NVL_EW,0.008,0.004
3420,32Nvl_L1_EW,32NVL_EW,0.081,0.076
3420,32Nvl_L2_EW,32NVL_EW,0.09,0.086
3420,NvcNvl_L3_NS,NONE,0.081,0.0
3420,NvcNvl_L2_NS,NONE,0.079,0.0
3420,NvcNvl_L1_EW,NVCNVL_EW,0.014,-0.039
3420,NvcNvl_L2_EW,NVCNVL_EW,0.008,0.008
3420,32Mt_L1_NS,32MT_NS,0.013,0.013
3420,32Mt_L1_EW,32MT_EW,0.007,0.002
3420,32Mt_L1_NS,NONE,0.01,0.0
3420,NvcMt_L1_EW,NVCMT_EW,0.076,0.066
3420,304Nvl_L2_NS,304NVL_NS,0.008,0.008
3420,32Nvl_L2_NS,32NVL_NS,0.007,0.001
3420,32Nvl_L3_EW,NONE,0.074,0.0
3420,32Nvl_L3_EW,NONE,0.006,0.0
3420,NvcNvl_L1_NS,NONE,0.105,0.0
3420,NvcNvl_L3_EW,NONE,0.009,0.0
3420,32Mt_L2_EW,32MT_EW,0.005,0.0
3420,32Mt_L2_NS,NONE,0.009,0.0
3420,NvcMt_L2_EW,NVCMT_EW,0.095,0.09
3425,304Nvl_L1_NS,304NVL_NS,0.009,0.009
3425,304Nvl_L3_NS,NONE,0.007,0.0
3425,304Nvl_L1_EW,304NVL_EW,0.059,0.059
3425,304Nvl_L2_EW,304NVL_EW,0.051,0.051
3425,32Nvl_L1_EW,32NVL_EW,0.007,0.007
3425,32Nvl_L2_EW,32NVL_EW,0.008,0.008
3425,32Nvl_L1_EW,32NVL_EW,0.081,0.081
3425,32Nvl_L2_EW,32NVL_EW,0.09,0.09
3425,32Mt_L1_NS,32MT_NS,0.013,0.013
3425,32Mt_L1_EW,NONE,0.014,0.0
3425,NvcMt_L1_EW,NVCMT_EW,0.006,0.006
3425,NvcCmt8_L2_NS,NONE,0.011,0.0
3425,NvcCmt8_L1_NS,NONE,0.008,0.0
3425,304Nvl_L2_NS,304NVL_NS,0.008,0.008
3425,304Nvl_L3_EW,NONE,0.038,0.0
3425,32Nvl_L3_EW,NONE,0.074,0.0
3425,32Nvl_L3_EW,NONE,0.006,0.0
3425,NvcMt_L2_EW,NVCMT_EW,0.008,0.008
3430,304Nvl_L1_NS,304NVL_NS,0.009,0.009
3430,304Nvl_L3_NS,NONE,0.007,0.0
3430,304Nvl_L1_EW,304NVL_EW,0.017,0.017
3430,304Nvl_L2_EW,304NVL_EW,0.015,0.015
3430,32Nvl_L1_EW,32NVL_EW,0.007,0.002
3430,32Nvl_L2_EW,32NVL_EW,0.008,0.004
3430,32Nvl_L1_EW,32NVL_EW,0.081,0.076
3430,32Nvl_L2_EW,32NVL_EW,0.09,0.086
3430,NvcNvl_L1_EW,NVCNVL_EW,0.007,0.007
3430,32Mt_L1_NS,32MT_NS,0.019,0.019
3430,32Mt_L1_EW,32MT_EW,0.007,0.002
3430,NvcMt_L2_NS,NONE,0.032,0.0
3430,304Nvl_L2_NS,304NVL_NS,0.008,0.008
3430,304Nvl_L3_EW,NONE,0.013,0.0
3430,32Nvl_L3_EW,NONE,0.074,0.0
3430,32Nvl_L3_EW,NONE,0.006,0.0
3430,32Mt_L2_EW,32MT_EW,0.005,0.0
3430,NvcMt_L1_NS,NONE,0.033,0.0
3435,304Nvl_L1_NS,304NVL_NS,0.009,0.009
3435,304Nvl_L3_NS,NONE,0.007,0.0
3435,304Nvl_L1_EW,304NVL_EW,0.008,0.008
3435,304Nvl_L2_EW,304NVL_EW,0.007,0.007
3435,304Nvl_L1_NS,NONE,0.007,0.0
3435,32Nvl_L1_EW,32NVL_EW,0.014,0.009
3435,32Nvl_L2_EW,32NVL_EW,0.015,0.012
3435,32Nvl_L1_EW,32NVL_EW,0.081,0.076
3435,32Nvl_L2_EW,32NVL_EW,0.09,0.086
3435,32Nvl_L3_NS,NONE,0.042,0.0
3435,32Nvl_L2_NS,32NVL_NS,0.039,0.034
3435,32Mt_L1_NS,32MT_NS,0.006,0.006
3435,32Mt_L1_EW,NONE,0.122,0.0
3435,32Mt_L3_EW,NONE,0.15,0.0
3435,32Mt_L1_EW,32MT_EW,0.007,-0.003
3435,NvcMt_L2_NS,NONE,0.026,0.0
3435,NvcMt_L2_EW,NVCMT_EW,0.003,0.003
3435,304Nvl_L2_NS,304NVL_NS,0.008,-0.02
3435,304Nvl_L3_EW,NONE,0.006,0.0
3435,32Nvl_L3_EW,NONE,0.074,0.0
3435,32Nvl_L3_EW,NONE,0.013,0.0
3435,32Nvl_L1_NS,32NVL_NS,0.034,0.027
3435,32Mt_L2_EW,NONE,0.128,0.0
3435,32Mt_L2_EW,32MT_EW,0.005,-0.005
3435,NvcMt_L1_NS,NONE,0.027,0.0
3435,NvcMt_L1_EW,NVCMT_EW,0.006,0.006
3440,304Thn_L1_EW,304THN_EW,0.099,0.069
3440,304Thn_L3_EW,NONE,0.092,0.0
3440,304Nvl_L1_NS,304NVL_NS,0.009,0.009
3440,304Nvl_L3_NS,NONE,0.007,0.0
3440,304Nvl_L1_EW,304NVL_EW,0.042,-0.027
3440,304Nvl_L1_NS,NONE,0.022,0.0
3440,32Nvl_L1_EW,32NVL_EW,0.007,0.007
3440,32Nvl_L2_EW,32NVL_EW,0.008,0.008
3440,32Nvl_L1_EW,32NVL_EW,0.081,0.081
3440,32Nvl_L2_EW,32NVL_EW,0.09,0.09
3440,32Mt_L1_EW,NONE,0.079,0.0
3440,32Mt_L3_EW,NONE,0.053,0.0
3440,32Mt_L1_NS,NONE,0.02,0.0
3440,304Nvl_L2_NS,304NVL_NS,0.008,0.008
3440,32Nvl_L3_EW,NONE,0.074,0.0
3440,32Nvl_L3_EW,NONE,0.006,0.0
3440,32Mt_L2_EW,NONE,0.083,0.0
3440,32Mt_L2_NS,NONE,0.017,0.0
3440,304Thn_L2_EW,304THN_EW,0.089,0.089
3445,304Thn_L1_EW,304THN_EW,0.099,0.099
3445,304Thn_L3_EW,NONE,0.092,0.0
3445,304Nvl_L1_NS,304NVL_NS,0.009,-0.025
3445,304Nvl_L3_NS,NONE,0.007,0.0
3445,304Nvl_L1_NS,NONE,0.007,0.0
3445,32Nvl_L3_NS,NONE,0.007,0.0
3445,32Nvl_L1_NS,32NVL_NS,0.048,0.042
3445,32Nvl_L1_EW,32NVL_EW,0.014,0.014
3445,32Nvl_L2_EW,32NVL_EW,0.015,0.015
3445,32Nvl_L1_EW,32NVL_EW,0.081,0.081
3445,32Nvl_L2_EW,32NVL_EW,0.09,0.09
3445,NvcNvl_L3_NS,NONE,0.007,0.0
3445,NvcNvl_L2_NS,NONE,0.007,0.0
3445,32Mt_L1_NS,32MT_NS,0.006,0.006
3445,32Mt_L1_EW,NONE,0.072,0.0
3445,32Mt_L3_EW,NONE,0.088,0.0
3445,32Mt_L1_NS,NONE,0.01,0.0
3445,NvcMt_L2_NS,NONE,0.005,0.0
3445,304Nvl_L2_NS,304NVL_NS,0.008,0.008
3445,32Nvl_L2_NS,32NVL_NS,0.013,0.008
3445,32Nvl_L3_EW,NONE,0.074,0.0
3445,32Nvl_L3_EW,NONE,0.013,0.0
3445,32Nvl_L1_NS,32NVL_NS,0.007,0.0
3445,NvcNvl_L1_NS,NONE,0.009,0.0
3445,32Mt_L2_EW,NONE,0.075,0.0
3445,32Mt_L2_NS,NONE,0.009,0.0
3445,NvcMt_L1_NS,NONE,0.005,0.0
3445,304Thn_L2_EW,304THN_EW,0.089,0.089
3450,304Nvl_L1_NS,304NVL_NS,0.009,0.009
3450,304Nvl_L3_NS,NONE,0.007,0.0
3450,32Nvl_L1_EW,32NVL_EW,0.007,-0.017
3450,32Nvl_L2_EW,32NVL_EW,0.008,-0.011
3450,32Nvl_L1_EW,32NVL_EW,0.081,0.056
3450,32Nvl_L2_EW,32NVL_EW,0.09,0.071
3450,32Mt_L1_NS,32MT_NS,0.019,0.019
3450,32Mt_L1_EW,NONE,0.058,0.0
3450,32Mt_L3_EW,NONE,0.071,0.0
3450,32Mt_L1_EW,32MT_EW,0.035,0.03
3450,304Nvl_L2_NS,304NVL_NS,0.008,0.008
3450,32Nvl_L3_EW,NONE,0.074,0.0
3450,32Nvl_L3_EW,NONE,0.006,0.0
3450,32Mt_L2_NS,32MT_NS,0.006,0.006
3450,32Mt_L2_EW,NONE,0.06,0.0
3450,32Mt_L2_EW,32MT_EW,0.027,0.022
3455,304Thn_L1_EW,NONE,0.082,0.0
3455,304Nvl_L1_NS,304NVL_NS,0.009,0.009
3455,304Nvl_L3_NS,NONE,0.007,0.0
3455,304Nvl_L1_EW,304NVL_EW,0.008,0.008
3455,304Nvl_L2_EW,304NVL_EW,0.007,0.007
3455,32Nvl_L1_EW,32NVL_EW,0.007,0.007
3455,32Nvl_L2_EW,32NVL_EW,0.008,0.008
3455,32Nvl_L1_EW,32NVL_EW,0.081,0.081
3455,32Nvl_L2_EW,32NVL_EW,0.09,0.09
3455,32Nvl_L3_NS,NONE,0.008,0.0
3455,32Nvl_L2_NS,32NVL_NS,0.008,0.003
3455,NvcNvl_L1_EW,NVCNVL_EW,0.035,0.035
3455,NvcNvl_L2_EW,NVCNVL_EW,0.039,0.039
3455,32Mt_L1_NS,32MT_NS,0.025,0.025
3455,32Mt_L1_EW,NONE,0.007,0.0
3455,32Mt_L1_NS,NONE,0.01,0.0
3455,304Nvl_L2_NS,304NVL_NS,0.008,0.002
3455,304Nvl_L3_EW,NONE,0.006,0.0
3455,32Nvl_L3_EW,NONE,0.074,0.0
3455,32Nvl_L3_EW,NONE,0.006,0.0
3455,32Nvl_L1_NS,32NVL_NS,0.007,0.0
3455,NvcNvl_L3_EW,NONE,0.047,0.0
3455,32Mt_L2_NS,32MT_NS,0.006,0.006
3455,32Mt_L2_EW,NONE,0.008,0.0
3455,NvcMt_L1_EW,NVCMT_EW,0.006,-0.019
3460,304Nvl_L1_NS,304NVL_NS,0.009,0.009
3460,304Nvl_L3_NS,NONE,0.007,0.0
3460,32Nvl_L1_EW,32NVL_EW,0.014,0.004
3460,32Nvl_L2_EW,32NVL_EW,0.015,0.012
3460,32Nvl_L1_EW,32NVL_EW,0.087,0.078
3460,32Nvl_L2_EW,32NVL_EW,0.097,0.093
3460,NvcNvl_L3_NS,NONE,0.007,0.0
3460,NvcNvl_L2_NS,NONE,0.007,0.0
3460,NvcNvl_L1_EW,NVCNVL_EW,0.007,0.007
3460,NvcNvl_L2_EW,NVCNVL_EW,0.008,0.008
3460,32Mt_L1_NS,32MT_NS,0.019,0.019
3460,32Mt_L1_EW,NONE,0.014,0.0
3460,32Mt_L1_EW,32MT_EW,0.014,0.004
3460,32Mt_L1_NS,NONE,0.059,0.0
3460,304Nvl_L2_NS,304NVL_NS,0.008,0.008
3460,32Nvl_L3_EW,NONE,0.08,0.0
3460,32Nvl_L3_EW,NONE,0.013,0.0
3460,NvcNvl_L1_NS,NONE,0.009,0.0
3460,NvcNvl_L3_EW,NONE,0.009,0.0
3460,32Mt_L2_NS,32MT_NS,0.006,0.006
3460,32Mt_L2_EW,NONE,0.008,0.0
3460,32Mt_L2_EW,32MT_EW,0.005,-0.005
3465,304Nvl_L1_NS,304NVL_NS,0.009,-0.005
3465,304Nvl_L3_NS,NONE,0.007,0.0
3465,304Nvl_L1_EW,304NVL_EW,0.008,0.008
3465,304Nvl_L2_EW,304NVL_EW,0.007,0.007
3465,304Nvl_L1_NS,NONE,0.007,0.0
3465,32Nvl_L3_NS,NONE,0.007,0.0
3465,32Nvl_L1_NS,32NVL_NS,0.021,0.014
3465,32Nvl_L1_EW,32NVL_EW,0.021,0.007
3465,32Nvl_L2_EW,32NVL_EW,0.023,0.016
3465,32Nvl_L1_EW,32NVL_EW,0.087,0.073
3465,32Nvl_L2_EW,32NVL_EW,0.097,0.089
3465,NvcNvl_L3_NS,NONE,0.007,0.0
3465,NvcNvl_L2_NS,NONE,0.007,0.0
3465,32Mt_L1_NS,32MT_NS,0.006,0.006
3465,32Mt_L1_EW,32MT_EW,0.021,0.006
3465,304Nvl_L2_NS,304NVL_NS,0.008,0.008
3465,304Nvl_L3_EW,NONE,0.006,0.0
3465,32Nvl_L2_NS,32NVL_NS,0.013,0.008
3465,32Nvl_L3_EW,NONE,0.08,0.0
3465,32Nvl_L3_EW,NONE,0.019,0.0
3465,NvcNvl_L1_NS,NONE,0.009,0.0
3465,32Mt_L2_EW,32MT_EW,0.011,-0.005
3470,304Nvl_L1_NS,304NVL_NS,0.009,-0.01
3470,304Nvl_L3_NS,NONE,0.007,0.0
3470,304Nvl_L1_NS,NONE,0.036,0.0
3470,304Nvl_L3_NS,NONE,0.04,0.0
3470,32Nvl_L3_NS,NONE,0.02,0.0
3470,32Nvl_L1_NS,32NVL_NS,0.028,0.021
3470,32Nvl_L1_EW,32NVL_EW,0.014,0.009
3470,32Nvl_L2_EW,32NVL_EW,0.015,0.012
3470,32Nvl_L1_EW,32NVL_EW,0.007,0.002
3470,32Nvl_L2_EW,32NVL_EW,0.007,0.004
3470,32Nvl_L3_NS,NONE,0.05,0.0
3470,32Nvl_L2_NS,32NVL_NS,0.047,0.042
3470,NvcNvl_L3_NS,NONE,0.007,0.0
3470,NvcNvl_L2_NS,NONE,0.007,0.0
3470,32Mt_L1_EW,32MT_EW,0.007,-0.003
3470,NvcMt_L2_EW,NVCMT_EW,0.003,0.003
3470,304Nvl_L2_NS,304NVL_NS,0.008,-0.026
3470,304Nvl_L2_NS,NONE,0.037,0.0
3470,32Nvl_L2_NS,32NVL_NS,0.027,0.021
3470,32Nvl_L3_EW,NONE,0.006,0.0
3470,32Nvl_L3_EW,NONE,0.013,0.0
3470,32Nvl_L1_NS,32NVL_NS,0.04,0.034
3470,NvcNvl_L1_NS,NONE,0.009,0.0
3470,32Mt_L2_EW,32MT_EW,0.005,-0.005
3470,NvcMt_L1_EW,NVCMT_EW,0.006,0.006
3475,304Nvl_L1_NS,304NVL_NS,0.009,-0.01
3475,304Nvl_L3_NS,NONE,0.007,0.0
3475,304Nvl_L1_EW,304NVL_EW,0.008,0.008
3475,304Nvl_L1_NS,NONE,0.036,0.0
3475,32Nvl_L3_NS,NONE,0.014,0.0
3475,32Nvl_L1_NS,32NVL_NS,0.028,0.021
3475,32Nvl_L1_EW,32NVL_EW,0.007,0.007
3475,32Nvl_L2_EW,32NVL_EW,0.008,0.008
3475,32Nvl_L3_NS,NONE,0.05,0.0
3475,32Nvl_L2_NS,32NVL_NS,0.047,0.042
3475,NvcNvl_L1_EW,NVCNVL_EW,0.007,0.003
3475,NvcNvl_L2_EW,NVCNVL_EW,0.008,0.008
3475,32Mt_L1_EW,NONE,0.05,0.0
3475,32Mt_L3_EW,NONE,0.044,0.0
3475,NvcMt_L2_NS,NONE,0.011,0.0
3475,NvcMt_L1_EW,NVCMT_EW,0.006,0.001
3475,304Nvl_L2_NS,304NVL_NS,0.008,-0.026
3475,32Nvl_L2_NS,32NVL_NS,0.027,0.021
3475,32Nvl_L3_EW,NONE,0.006,0.0
3475,32Nvl_L1_NS,32NVL_NS,0.047,0.041
3475,NvcNvl_L3_EW,NONE,0.009,0.0
3475,32Mt_L2_EW,NONE,0.038,0.0
3475,NvcMt_L1_NS,NONE,0.011,0.0
3475,NvcMt_L2_EW,NVCMT_EW,0.008,0.002
3480,304Nvl_L1_NS,304NVL_NS,0.045,0.036
3480,304Nvl_L3_NS,NONE,0.037,0.0
3480,32Nvl_L3_NS,NONE,0.007,0.0
3480,32Nvl_L1_NS,32NVL_NS,0.014,-0.018
3480,32Nvl_L1_EW,32NVL_EW,0.007,0.007
3480,32Nvl_L3_NS,NONE,0.05,0.0
3480,32Nvl_L2_NS,32NVL_NS,0.047,0.021
3480,NvcNvl_L3_NS,NONE,0.007,0.0
3480,NvcNvl_L2_NS,NONE,0.007,0.0
3480,NvcNvl_L1_EW,NVCNVL_EW,0.014,0.014
3480,NvcNvl_L2_EW,NVCNVL_EW,0.008,0.008
3480,32Mt_L1_NS,32MT_NS,0.006,0.006
3480,32Mt_L1_EW,NONE,0.007,0.0
3480,32Mt_L3_EW,NONE,0.009,0.0
3480,304Nvl_L2_NS,304NVL_NS,0.038,0.005
3480,32Nvl_L2_NS,32NVL_NS,0.013,-0.013
3480,32Nvl_L1_NS,32NVL_NS,0.128,0.096
3480,NvcNvl_L1_NS,NONE,0.009,0.0
3480,NvcNvl_L3_EW,NONE,0.009,0.0
3480,32Mt_L2_EW,NONE,0.008,0.0
3485,304Nvl_L1_NS,304NVL_NS,0.045,0.036
3485,304Nvl_L1_NS,NONE,0.007,0.0
3485,304Nvl_L3_NS,NONE,0.008,0.0
3485,32Nvl_L3_NS,NONE,0.014,0.0
3485,32Nvl_L1_NS,32NVL_NS,0.014,-0.018
3485,32Nvl_L1_EW,32NVL_EW,0.007,-0.017
3485,32Nvl_L2_EW,32NVL_EW,0.008,0.008
3485,32Nvl_L1_EW,32NVL_EW,0.007,-0.018
3485,32Nvl_L3_NS,NONE,0.008,0.0
3485,32Nvl_L2_NS,32NVL_NS,0.047,0.047
3485,NvcNvl_L1_EW,NVCNVL_EW,0.014,0.01
3485,NvcNvl_L2_EW,NVCNVL_EW,0.008,0.008
3485,32Mt_L1_NS,32MT_NS,0.006,0.006
3485,32Mt_L1_EW,32MT_EW,0.035,0.03
3485,NvcMt_L2_NS,NONE,0.005,0.0
3485,NvcMt_L1_EW,NVCMT_EW,0.006,-0.004
3485,304Nvl_L2_NS,NONE,0.007,0.0
3485,32Nvl_L2_NS,32NVL_NS,0.013,0.013
3485,32Nvl_L3_EW,NONE,0.006,0.0
3485,32Nvl_L1_NS,32NVL_NS,0.128,0.096
3485,NvcNvl_L3_EW,NONE,0.009,0.0
3485,NvcMt_L1_NS,NONE,0.005,0.0
3485,NvcMt_L2_EW,NVCMT_EW,0.008,0.002
3490,304Nvl_L1_NS,NONE,0.007,0.0
3490,32Nvl_L1_NS,32NVL_NS,0.007,0.007
3490,32Nvl_L1_EW,32NVL_EW,0.007,-0.017
3490,32Nvl_L2_EW,32NVL_EW,0.008,0.008
3490,32Nvl_L3_NS,NONE,0.008,0.0
3490,32Nvl_L2_NS,32NVL_NS,0.008,0.008
3490,NvcNvl_L3_NS,NONE,0.007,0.0
3490,NvcNvl_L2_NS,NONE,0.007,0.0
3490,NvcNvl_L1_EW,NVCNVL_EW,0.014,0.01
3490,NvcNvl_L2_EW,NVCNVL_EW,0.008,0.008
3490,32Mt_L1_EW,32MT_EW,0.035,0.03
3490,NvcMt_L1_EW,NVCMT_EW,0.006,-0.004
3490,32Nvl_L3_EW,NONE,0.006,0.0
3490,32Nvl_L1_NS,32NVL_NS,0.013,0.013
3490,NvcNvl_L1_NS,NONE,0.009,0.0
3490,NvcNvl_L3_EW,NONE,0.009,0.0
3490,NvcMt_L2_EW,NVCMT_EW,0.008,0.002
3495,304Nvl_L1_EW,304NVL_EW,0.025,0.025
3495,304Nvl_L2_EW,304NVL_EW,0.022,0.022
3495,304Nvl_L1_NS,NONE,0.036,0.0
3495,32Nvl_L1_EW,32NVL_EW,0.007,-0.022
3495,32Nvl_L2_EW,32NVL_EW,0.008,-0.015
3495,NvcNvl_L3_NS,NONE,0.007,0.0
3495,NvcNvl_L2_NS,NONE,0.013,0.0
3495,NvcNvl_L1_EW,NVCNVL_EW,0.007,0.007
3495,NvcNvl_L2_EW,NVCNVL_EW,0.008,0.008
3495,32Mt_L1_EW,NONE,0.007,0.0
3495,32Mt_L3_EW,NONE,0.009,0.0
3495,32Mt_L1_EW,32MT_EW,0.042,0.037
3495,32Mt_L1_NS,NONE,0.049,0.0
3495,NvcCmt8_L2_NS,NONE,0.011,0.0
3495,NvcCmt8_L1_NS,NONE,0.008,0.0
3495,304Nvl_L3_EW,NONE,0.019,0.0
3495,32Nvl_L3_EW,NONE,0.006,0.0
3495,32Nvl_L1_NS,32NVL_NS,0.007,0.007
3495,NvcNvl_L1_NS,NONE,0.017,0.0
3495,NvcNvl_L3_EW,NONE,0.009,0.0
3495,32Mt_L2_EW,NONE,0.008,0.0
3495,32Mt_L2_EW,32MT_EW,0.033,0.027
3495,32Mt_L2_NS,NONE,0.043,0.0
3495,NvcMt_L2_EW,NVCMT_EW,0.008,0.002
3500,304Nvl_L1_EW,304NVL_EW,0.034,0.034
3500,304Nvl_L2_EW,304NVL_EW,0.022,0.022
3500,32Nvl_L1_EW,32NVL_EW,0.007,-0.022
3500,32Nvl_L2_EW,32NVL_EW,0.008,-0.015
3500,32Nvl_L3_NS,NONE,0.109,0.0
3500,32Nvl_L2_NS,32NVL_NS,0.103,0.103
3500,NvcNvl_L1_EW,NVCNVL_EW,0.007,0.007
3500,NvcNvl_L2_EW,NVCNVL_EW,0.008,0.008
3500,32Mt_L1_NS,32MT_NS,0.031,0.031
3500,32Mt_L1_EW,32MT_EW,0.042,0.037
3500,304Nvl_L3_EW,NONE,0.019,0.0
3500,32Nvl_L3_EW,NONE,0.006,0.0
3500,32Nvl_L1_NS,32NVL_NS,0.101,0.101
3500,NvcNvl_L3_EW,NONE,0.009,0.0
3500,32Mt_L2_EW,32MT_EW,0.033,0.027
3505,304Nvl_L1_EW,304NVL_EW,0.025,0.025
3505,304Nvl_L2_EW,304NVL_EW,0.015,0.015
3505,32Nvl_L1_EW,32NVL_EW,0.007,-0.008
3505,32Nvl_L2_EW,32NVL_EW,0.008,0.0
3505,32Nvl_L3_NS,NONE,0.109,0.0
3505,32Nvl_L2_NS,32NVL_NS,0.103,0.103
3505,NvcNvl_L1_EW,NVCNVL_EW,0.007,0.007
3505,NvcNvl_L2_EW,NVCNVL_EW,0.008,0.008
3505,32Mt_L1_EW,NONE,0.007,0.0
3505,32Mt_L3_EW,NONE,0.009,0.0
3505,32Mt_L1_EW,32MT_EW,0.021,0.016
3505,NvcCmt8_L2_EW,NVCCMT8_EW,0.005,0.005
3505,304Nvl_L3_EW,NONE,0.013,0.0
3505,32Nvl_L3_EW,NONE,0.006,0.0
3505,32Nvl_L1_NS,32NVL_NS,0.101,0.101
3505,NvcNvl_L3_EW,NONE,0.009,0.0
3505,32Mt_L2_EW,NONE,0.008,0.0
3505,32Mt_L2_EW,32MT_EW,0.011,0.005
3505,NvcCmt8_L1_EW,NVCCMT8_EW,0.008,0.008
3510,304Nvl_L1_EW,304NVL_EW,0.017,0.017
3510,304Nvl_L2_EW,304NVL_EW,0.015,0.015
3510,32Nvl_L3_NS,NONE,0.225,0.0
3510,32Nvl_L2_NS,32NVL_NS,0.213,0.213
3510,NvcNvl_L1_EW,NVCNVL_EW,0.007,-0.046
3510,NvcNvl_L2_EW,NVCNVL_EW,0.008,0.008
3510,32Mt_L1_EW,32MT_EW,0.021,0.021
3510,NvcMt_L1_EW,NVCMT_EW,0.076,0.066
3510,NvcCmt8_L2_EW,NVCCMT8_EW,0.005,0.005
3510,304Nvl_L3_EW,NONE,0.013,0.0
3510,32Nvl_L1_NS,32NVL_NS,0.188,0.188
3510,NvcNvl_L3_EW,NONE,0.009,0.0
3510,32Mt_L2_EW,32MT_EW,0.016,0.016
3510,NvcMt_L2_EW,NVCMT_EW,0.095,0.086
3510,NvcCmt8_L1_EW,NVCCMT8_EW,0.008,-0.046
3515,304Nvl_L1_EW,304NVL_EW,0.068,0.068
3515,304Nvl_L2_EW,304NVL_EW,0.058,0.058
3515,304Nvl_L1_NS,NONE,0.007,0.0
3515,32Nvl_L3_NS,NONE,0.242,0.0
3515,32Nvl_L2_NS,32NVL_NS,0.229,0.229
3515,NvcNvl_L3_NS,NONE,0.007,0.0
3515,NvcNvl_L2_NS,NONE,0.007,0.0
3515,NvcNvl_L1_EW,NVCNVL_EW,0.092,0.038
3515,NvcNvl_L2_EW,NVCNVL_EW,0.102,0.102
3515,32Mt_L1_EW,NONE,0.036,0.0
3515,32Mt_L3_EW,NONE,0.044,0.0
3515,32Mt_L1_EW,32MT_EW,0.028,0.028
3515,NvcMt_L1_EW,NVCMT_EW,0.076,0.012
3515,304Nvl_L3_EW,NONE,0.051,0.0
3515,32Nvl_L1_NS,32NVL_NS,0.201,0.201
3515,NvcNvl_L1_NS,NONE,0.009,0.0
3515,NvcNvl_L3_EW,NONE,0.121,0.0
3515,32Mt_L2_EW,NONE,0.038,0.0
3515,32Mt_L2_EW,32MT_EW,0.016,0.016
3515,NvcMt_L2_EW,NVCMT_EW,0.095,0.024
3520,304Nvl_L1_EW,304NVL_EW,0.076,0.076
3520,304Nvl_L2_EW,304NVL_EW,0.065,0.065
3520,32Nvl_L3_NS,NONE,0.041,0.0
3520,32Nvl_L1_NS,32NVL_NS,0.042,0.042
3520,32Nvl_L3_NS,NONE,0.25,0.0
3520,32Nvl_L2_NS,32NVL_NS,0.237,0.237
3520,NvcNvl_L1_EW,NVCNVL_EW,0.092,0.092
3520,NvcNvl_L2_EW,NVCNVL_EW,0.102,0.102
3520,32Mt_L1_EW,NONE,0.007,0.0
3520,32Mt_L3_EW,NONE,0.009,0.0
3520,32Mt_L1_EW,32MT_EW,0.021,0.021
3520,NvcMt_L1_NS,NVCMT_NS,0.007,0.007
3520,NvcCmt8_L2_EW,NONE,0.007,0.0
3520,304Nvl_L3_EW,NONE,0.057,0.0
3520,32Nvl_L2_NS,32NVL_NS,0.04,0.04
3520,32Nvl_L1_NS,32NVL_NS,0.208,0.208
3520,NvcNvl_L3_EW,NONE,0.121,0.0
3520,32Mt_L2_EW,NONE,0.008,0.0
3520,32Mt_L2_EW,32MT_EW,0.016,0.016
3520,NvcMt_L2_NS,NVCMT_NS,0.005,0.005
3520,NvcCmt8_L1_EW,NONE,0.011,0.0
3525,304Nvl_L1_EW,304NVL_EW,0.076,0.076
3525,304Nvl_L2_EW,304NVL_EW,0.065,0.065
3525,32Nvl_L3_NS,NONE,0.034,0.0
3525,32Nvl_L1_NS,32NVL_NS,0.042,0.042
3525,32Nvl_L1_EW,32NVL_EW,0.042,0.028
3525,32Nvl_L2_EW,32NVL_EW,0.046,0.035
3525,32Nvl_L3_NS,NONE,0.25,0.0
3525,32Nvl_L2_NS,32NVL_NS,0.237,0.237
3525,NvcNvl_L1_EW,NVCNVL_EW,0.092,0.092
3525,NvcNvl_L2_EW,NVCNVL_EW,0.102,0.102
3525,32Mt_L1_EW,32MT_EW,0.021,-0.009
3525,32Mt_L1_NS,NONE,0.059,0.0
3525,NvcMt_L2_NS,NONE,0.005,0.0
3525,304Nvl_L3_EW,NONE,0.057,0.0
3525,32Nvl_L2_NS,32NVL_NS,0.04,0.04
3525,32Nvl_L3_EW,NONE,0.038,0.0
3525,32Nvl_L1_NS,32NVL_NS,0.208,0.208
3525,NvcNvl_L3_EW,NONE,0.121,0.0
3525,32Mt_L2_EW,32MT_EW,0.016,-0.016
3525,32Mt_L2_NS,NONE,0.009,0.0
3525,NvcMt_L1_NS,NONE,0.005,0.0
3525,NvcCmt8_L1_EW,NVCCMT8_EW,0.008,0.008
3530,304Nvl_L1_EW,304NVL_EW,0.068,0.068
3530,304Nvl_L2_EW,304NVL_EW,0.058,0.058
3530,32Nvl_L3_NS,NONE,0.034,0.0
3530,32Nvl_L1_NS,32NVL_NS,0.042,0.042
3530,32Nvl_L1_EW,32NVL_EW,0.007,-0.003
3530,32Nvl_L2_EW,32NVL_EW,0.008,0.0
3530,32Nvl_L3_NS,NONE,0.25,0.0
3530,32Nvl_L2_NS,32NVL_NS,0.237,0.237
3530,NvcNvl_L3_NS,NONE,0.007,0.0
3530,NvcNvl_L2_NS,NONE,0.007,0.0
3530,NvcNvl_L1_EW,NVCNVL_EW,0.092,0.092
3530,NvcNvl_L2_EW,NVCNVL_EW,0.102,0.102
3530,32Mt_L1_EW,32MT_EW,0.014,0.009
3530,32Mt_L1_NS,NONE,0.068,0.0
3530,304Nvl_L3_EW,NONE,0.051,0.0
3530,32Nvl_L2_NS,32NVL_NS,0.04,0.04
3530,32Nvl_L3_EW,NONE,0.006,0.0
3530,32Nvl_L1_NS,32NVL_NS,0.201,0.201
3530,NvcNvl_L1_NS,NONE,0.009,0.0
3530,NvcNvl_L3_EW,NONE,0.121,0.0
3530,32Mt_L2_EW,32MT_EW,0.011,0.005
3530,32Mt_L2_NS,NONE,0.009,0.0
3535,304Nvl_L1_EW,304NVL_EW,0.051,0.051
3535,304Nvl_L2_EW,304NVL_EW,0.044,0.044
3535,32Nvl_L3_NS,NONE,0.034,0.0
3535,32Nvl_L1_NS,32NVL_NS,0.042,0.042
3535,32Nvl_L3_NS,NONE,0.25,0.0
3535,32Nvl_L2_NS,32NVL_NS,0.237,0.237
3535,NvcNvl_L3_NS,NONE,0.007,0.0
3535,NvcNvl_L2_NS,NONE,0.007,0.0
3535,NvcNvl_L1_EW,NVCNVL_EW,0.084,0.076
3535,NvcNvl_L2_EW,NVCNVL_EW,0.094,0.094
3535,32Mt_L1_EW,NONE,0.007,0.0
3535,32Mt_L1_EW,32MT_EW,0.014,0.014
3535,NvcMt_L1_EW,NVCMT_EW,0.013,-0.046
3535,304Nvl_L3_EW,NONE,0.032,0.0
3535,32Nvl_L2_NS,32NVL_NS,0.04,0.04
3535,32Nvl_L1_NS,32NVL_NS,0.235,0.235
3535,NvcNvl_L1_NS,NONE,0.009,0.0
3535,NvcNvl_L3_EW,NONE,0.112,0.0
3535,32Mt_L2_EW,32MT_EW,0.011,0.011
3535,NvcMt_L2_EW,NVCMT_EW,0.016,-0.05
3540,304Nvl_L1_EW,304NVL_EW,0.017,0.017
3540,304Nvl_L2_EW,304NVL_EW,0.015,0.015
3540,32Nvl_L3_NS,NONE,0.034,0.0
3540,32Nvl_L1_NS,32NVL_NS,0.042,0.042
3540,32Nvl_L1_EW,32NVL_EW,0.12,0.115
3540,32Nvl_L2_EW,32NVL_EW,0.131,0.127
3540,32Nvl_L3_NS,NONE,0.259,0.0
3540,32Nvl_L2_NS,32NVL_NS,0.245,0.245
3540,32Mt_L1_EW,32MT_EW,0.007,-0.077
3540,NvcMt_L2_NS,NONE,0.005,0.0
3540,NvcMt_L1_EW,NVCMT_EW,0.032,0.032
3540,32Thn_L1_EW,NONE,0.01,0.0
3540,32Thn_L2_EW,NONE,0.01,0.0
3540,32Thn_L3_EW,NONE,0.007,0.0
3540,304Nvl_L3_EW,NONE,0.006,0.0
3540,32Nvl_L2_NS,32NVL_NS,0.04,0.04
3540,32Nvl_L3_EW,NONE,0.106,0.0
3540,32Nvl_L1_NS,32NVL_NS,0.242,0.242
3540,32Mt_L2_EW,32MT_EW,0.005,-0.086
3540,NvcMt_L1_NS,NONE,0.005,0.0
3540,NvcMt_L2_EW,NVCMT_EW,0.04,0.04
3545,304Nvl_L1_EW,304NVL_EW,0.017,0.017
3545,304Nvl_L2_EW,304NVL_EW,0.007,0.007
3545,304Nvl_L1_EW,NONE,0.098,0.0
3545,304Nvl_L1_NS,NONE,0.007,0.0
3545,304Nvl_L2_EW,NONE,0.103,0.0
3545,32Nvl_L3_NS,NONE,0.041,0.0
3545,32Nvl_L1_NS,32NVL_NS,0.048,0.048
3545,32Nvl_L1_EW,32NVL_EW,0.042,-0.021
3545,32Nvl_L2_EW,32NVL_EW,0.046,-0.003
3545,32Nvl_L3_NS,NONE,0.259,0.0
3545,32Nvl_L2_NS,32NVL_NS,0.245,0.245
3545,NvcNvl_L1_EW,NVCNVL_EW,0.007,-0.015
3545,32Mt_L1_NS,32MT_NS,0.006,0.006
3545,32Mt_L1_EW,32MT_EW,0.091,0.061
3545,NvcMt_L2_NS,NONE,0.005,0.0
3545,NvcMt_L1_EW,NVCMT_EW,0.032,0.021
3545,NvcCmt8_L2_EW,NVCCMT8_EW,0.005,0.005
3545,32Thn_L1_EW,NONE,0.019,0.0
3545,32Thn_L2_EW,NONE,0.01,0.0
3545,32Thn_L3_EW,NONE,0.007,0.0
3545,304Nvl_L3_EW,NONE,0.006,0.0
3545,304Nvl_L3_EW,NONE,0.097,0.0
3545,32Nvl_L2_NS,32NVL_NS,0.047,0.047
3545,32Nvl_L3_EW,NONE,0.038,0.0
3545,32Nvl_L1_NS,32NVL_NS,0.242,0.242
3545,32Mt_L2_EW,32MT_EW,0.071,0.038
3545,NvcMt_L1_NS,NONE,0.005,0.0
3545,NvcMt_L2_EW,NVCMT_EW,0.04,0.036
3545,NvcCmt8_L1_EW,NVCCMT8_EW,0.008,-0.015
3550,304Nvl_L1_EW,304NVL_EW,0.059,0.059
3550,304Nvl_L2_EW,304NVL_EW,0.007,0.007
3550,304Nvl_L1_NS,NONE,0.007,0.0
3550,32Nvl_L3_NS,NONE,0.034,0.0
3550,32Nvl_L1_NS,32NVL_NS,0.048,0.048
3550,32Nvl_L1_EW,32NVL_EW,0.014,-0.055
3550,32Nvl_L2_EW,32NVL_EW,0.015,-0.034
3550,32Nvl_L3_NS,NONE,0.301,0.0
3550,32Nvl_L2_NS,32NVL_NS,0.284,0.284
3550,32Mt_L1_NS,32MT_NS,0.006,0.006
3550,32Mt_L1_EW,32MT_EW,0.091,0.081
3550,32Mt_L1_NS,NONE,0.117,0.0
3550,32Thn_L1_EW,NONE,0.01,0.0
3550,32Thn_L2_EW,NONE,0.01,0.0
3550,32Thn_L1_EW,32THN_EW,0.008,-0.002
3550,32Thn_L3_EW,NONE,0.007,0.0
3550,304Nvl_L3_EW,NONE,0.006,0.0
3550,32Nvl_L2_NS,32NVL_NS,0.047,0.047
3550,32Nvl_L3_EW,NONE,0.013,0.0
3550,32Nvl_L1_NS,32NVL_NS,0.322,0.322
3550,32Mt_L2_EW,32MT_EW,0.071,0.06
3550,32Mt_L2_NS,NONE,0.104,0.0
3550,NvcCmt8_L1_EW,NONE,0.006,0.0
3555,304Thn_L1_EW,304THN_EW,0.008,-0.021
3555,304Thn_L3_EW,NONE,0.008,0.0
3555,304Nvl_L1_EW,304NVL_EW,0.042,0.037
3555,304Nvl_L1_NS,NONE,0.007,0.0
3555,32Nvl_L3_NS,NONE,0.034,0.0
3555,32Nvl_L1_NS,32NVL_NS,0.048,0.048
3555,32Nvl_L1_EW,32NVL_EW,0.014,0.009
3555,32Nvl_L2_EW,32NVL_EW,0.015,0.015
3555,32Nvl_L3_NS,NONE,0.309,0.0
3555,32Nvl_L2_NS,32NVL_NS,0.292,0.292
3555,NvcNvl_L1_EW,NVCNVL_EW,0.084,0.084
3555,NvcNvl_L2_EW,NVCNVL_EW,0.094,0.094
3555,32Mt_L1_NS,32MT_NS,0.006,0.006
3555,32Mt_L1_NS,NONE,0.01,0.0
3555,32Thn_L1_EW,32THN_EW,0.008,-0.002
3555,32Nvl_L2_NS,32NVL_NS,0.047,0.047
3555,32Nvl_L3_EW,NONE,0.013,0.0
3555,32Nvl_L1_NS,32NVL_NS,0.336,0.336
3555,NvcNvl_L3_EW,NONE,0.112,0.0
3555,32Mt_L2_NS,NONE,0.009,0.0
3555,304Thn_L2_EW,304THN_EW,0.007,0.007
3560,304Nvl_L1_EW,304NVL_EW,0.11,0.11
3560,304Nvl_L2_EW,304NVL_EW,0.007,0.007
3560,32Nvl_L3_NS,NONE,0.034,0.0
3560,32Nvl_L1_NS,32NVL_NS,0.048,0.048
3560,32Nvl_L3_NS,NONE,0.326,0.0
3560,32Nvl_L2_NS,32NVL_NS,0.308,0.308
3560,NvcNvl_L1_EW,NONE,0.011,0.0
3560,NvcNvl_L2_EW,NONE,0.008,0.0
3560,NvcNvl_L1_EW,NVCNVL_EW,0.092,0.092
3560,NvcNvl_L2_EW,NVCNVL_EW,0.102,0.102
3560,32Mt_L1_EW,NONE,0.007,0.0
3560,32Mt_L1_EW,32MT_EW,0.084,0.084
3560,304Nvl_L3_EW,NONE,0.006,0.0
3560,32Nvl_L2_NS,32NVL_NS,0.047,0.047
3560,32Nvl_L1_NS,32NVL_NS,0.356,0.356
3560,NvcNvl_L3_EW,NONE,0.006,0.0
3560,NvcNvl_L3_EW,NONE,0.121,0.0
3565,32Nvl_L3_NS,NONE,0.034,0.0
3565,32Nvl_L1_NS,32NVL_NS,0.048,0.048
3565,32Nvl_L3_NS,NONE,0.334,0.0
3565,32Nvl_L2_NS,32NVL_NS,0.316,0.316
3565,NvcNvl_L3_NS,NONE,0.088,0.0
3565,NvcNvl_L2_NS,NONE,0.086,0.0
3565,32Mt_L1_EW,NONE,0.101,0.0
3565,32Mt_L3_EW,NONE,0.009,0.0
3565,32Mt_L1_EW,32MT_EW,0.007,0.007
3565,NvcCmt8_L2_EW,NVCCMT8_EW,0.005,0.005
3565,32Nvl_L2_NS,32NVL_NS,0.047,0.047
3565,32Nvl_L1_NS,32NVL_NS,0.289,0.289
3565,NvcNvl_L1_NS,NONE,0.114,0.0
3565,32Mt_L2_EW,NONE,0.008,0.0
3565,NvcCmt8_L1_EW,NVCCMT8_EW,0.008,0.008
3570,304Nvl_L1_EW,304NVL_EW,0.008,0.008
3570,32Nvl_L3_NS,NONE,0.041,0.0
3570,32Nvl_L1_NS,32NVL_NS,0.055,0.051
3570,32Nvl_L3_NS,NONE,0.351,0.0
3570,32Nvl_L2_NS,32NVL_NS,0.332,0.332
3570,NvcNvl_L3_NS,NONE,0.088,0.0
3570,NvcNvl_L2_NS,NONE,0.086,0.0
3570,NvcNvl_L1_EW,NONE,0.011,0.0
3570,NvcNvl_L1_NS,NVCNVL_NS,0.007,-0.032
3570,32Mt_L1_EW,32MT_EW,0.007,0.007
3570,32Nvl_L2_NS,32NVL_NS,0.053,0.053
3570,32Nvl_L1_NS,32NVL_NS,0.295,0.291
3570,NvcNvl_L1_NS,NONE,0.114,0.0
3570,32Mt_L2_EW,32MT_EW,0.005,0.005
3570,NvcCmt8_L1_EW,NONE,0.006,0.0
3575,304Nvl_L1_EW,304NVL_EW,0.008,0.008
3575,304Nvl_L2_EW,304NVL_EW,0.007,0.007
3575,32Nvl_L3_NS,NONE,0.034,0.0
3575,32Nvl_L1_NS,32NVL_NS,0.055,0.055
3575,32Nvl_L3_NS,NONE,0.359,0.0
3575,32Nvl_L2_NS,32NVL_NS,0.34,0.34
3575,32Mt_L1_NS,32MT_NS,0.006,0.006
3575,32Mt_L1_NS,NONE,0.01,0.0
3575,304Nvl_L3_EW,NONE,0.006,0.0
3575,32Nvl_L2_NS,32NVL_NS,0.053,0.053
3575,32Nvl_L1_NS,32NVL_NS,0.295,0.295
3575,32Mt_L2_NS,NONE,0.009,0.0
3580,32Nvl_L3_NS,NONE,0.055,0.0
3580,32Nvl_L1_NS,32NVL_NS,0.069,0.069
3580,32Nvl_L3_NS,NONE,0.367,0.0
3580,32Nvl_L2_NS,32NVL_NS,0.347,0.347
3580,32Mt_L1_NS,32MT_NS,0.006,0.006
3580,32Mt_L1_EW,NONE,0.007,0.0
3580,32Mt_L3_EW,NONE,0.009,0.0
3580,NvcMt_L1_EW,NVCMT_EW,0.032,0.032
3580,32Nvl_L2_NS,32NVL_NS,0.067,0.067
3580,32Nvl_L1_NS,32NVL_NS,0.295,0.295
3580,32Mt_L2_EW,NONE,0.008,0.0
3580,NvcMt_L2_EW,NVCMT_EW,0.04,0.04
3585,304Nvl_L1_EW,304NVL_EW,0.008,0.008
3585,304Nvl_L2_EW,304NVL_EW,0.007,0.007
3585,304Nvl_L1_NS,NONE,0.007,0.0
3585,32Nvl_L3_NS,NONE,0.048,0.0
3585,32Nvl_L1_NS,32NVL_NS,0.069,0.069
3585,32Nvl_L1_EW,32NVL_EW,0.007,0.002
3585,32Nvl_L2_EW,32NVL_EW,0.008,0.008
3585,32Nvl_L3_NS,NONE,0.367,0.0
3585,32Nvl_L2_NS,32NVL_NS,0.347,0.347
3585,NvcNvl_L1_EW,NVCNVL_EW,0.007,0.003
3585,NvcNvl_L2_EW,NVCNVL_EW,0.008,0.008
3585,32Mt_L1_NS,32MT_NS,0.006,0.006
3585,32Mt_L1_EW,32MT_EW,0.007,0.002
3585,NvcMt_L1_EW,NVCMT_EW,0.006,0.001
3585,304Nvl_L3_EW,NONE,0.006,0.0
3585,32Nvl_L2_NS,32NVL_NS,0.067,0.067
3585,32Nvl_L3_EW,NONE,0.006,0.0
3585,32Nvl_L1_NS,32NVL_NS,0.295,0.295
3585,NvcNvl_L3_EW,NONE,0.009,0.0
3585,NvcMt_L2_EW,NVCMT_EW,0.008,0.002
3590,32Nvl_L3_NS,NONE,0.048,0.0
3590,32Nvl_L1_NS,32NVL_NS,0.062,0.062
3590,32Nvl_L1_EW,32NVL_EW,0.007,0.007
3590,32Nvl_L2_EW,32NVL_EW,0.008,0.008
3590,32Nvl_L3_NS,NONE,0.367,0.0
3590,32Nvl_L2_NS,32NVL_NS,0.347,0.347
3590,NvcNvl_L3_NS,NONE,0.007,0.0
3590,NvcNvl_L2_NS,NONE,0.007,0.0
3590,NvcNvl_L1_EW,NVCNVL_EW,0.007,0.003
3590,NvcNvl_L2_EW,NVCNVL_EW,0.008,0.008
3590,32Mt_L1_NS,32MT_NS,0.006,0.006
3590,NvcMt_L1_EW,NVCMT_EW,0.006,0.001
3590,32Nvl_L2_NS,32NVL_NS,0.06,0.06
3590,32Nvl_L3_EW,NONE,0.006,0.0
3590,32Nvl_L1_NS,32NVL_NS,0.302,0.302
3590,NvcNvl_L1_NS,NONE,0.009,0.0
3590,NvcNvl_L3_EW,NONE,0.009,0.0
3590,NvcMt_L2_EW,NVCMT_EW,0.008,0.002
3595,32Nvl_L3_NS,NONE,0.007,0.0
3595,32Nvl_L1_NS,32NVL_NS,0.014,0.014
3595,32Nvl_L1_EW,32NVL_EW,0.007,0.007
3595,32Nvl_L2_EW,32NVL_EW,0.008,0.008
3595,32Nvl_L3_NS,NONE,0.2,0.0
3595,32Nvl_L2_NS,32NVL_NS,0.19,0.19
3595,NvcNvl_L3_NS,NONE,0.014,0.0
3595,NvcNvl_L2_NS,NONE,0.013,0.0
3595,NvcNvl_L1_EW,NVCNVL_EW,0.007,-0.002
3595,NvcNvl_L2_EW,NVCNVL_EW,0.008,0.008
3595,32Mt_L1_NS,32MT_NS,0.006,0.001
3595,NvcMt_L1_EW,NVCMT_EW,0.013,0.008
3595,NvcMt_L1_NS,NVCMT_NS,0.007,0.002
3595,32Nvl_L2_NS,32NVL_NS,0.013,0.013
3595,32Nvl_L3_EW,NONE,0.006,0.0
3595,32Nvl_L1_NS,32NVL_NS,0.168,0.168
3595,NvcNvl_L1_NS,NONE,0.017,0.0
3595,NvcNvl_L3_EW,NONE,0.009,0.0
3595,NvcMt_L2_EW,NVCMT_EW,0.016,0.01
3595,NvcMt_L2_NS,NVCMT_NS,0.005,0.005
