Time_Seconds,Lane_ID,Phase_ID,Density_Phi,Pressure_W
25,32Nvl_L3_NS,NONE,0.008,0.0
25,32Nvl_L2_NS,32NVL_NS,0.008,0.008
25,32Nvl_L1_NS,32NVL_NS,0.007,0.007
30,NvcNvl_L3_NS,NONE,0.007,0.0
30,NvcNvl_L2_NS,NONE,0.007,0.0
30,NvcNvl_L1_NS,NONE,0.009,0.0
35,NvcNvl_L3_NS,NONE,0.007,0.0
35,NvcNvl_L2_NS,NONE,0.007,0.0
35,NvcNvl_L1_NS,NONE,0.009,0.0
45,NvcMt_L1_EW,NVCMT_EW,0.006,0.006
45,NvcMt_L2_EW,NVCMT_EW,0.008,0.008
50,NvcMt_L1_EW,NVCMT_EW,0.006,0.006
50,NvcMt_L2_EW,NVCMT_EW,0.008,0.008
55,NvcMt_L1_EW,NVCMT_EW,0.013,0.013
55,NvcMt_L2_EW,NVCMT_EW,0.016,0.016
60,32Mt_L1_NS,NONE,0.01,0.0
60,NvcMt_L1_EW,NVCMT_EW,0.019,0.019
60,32Mt_L2_NS,NONE,0.009,0.0
60,NvcMt_L2_EW,NVCMT_EW,0.024,0.024
65,NvcMt_L1_EW,NVCMT_EW,0.006,0.006
65,NvcMt_L2_EW,NVCMT_EW,0.016,0.016
70,NvcNvl_L3_NS,NONE,0.007,0.0
70,NvcNvl_L2_NS,NONE,0.007,0.0
70,NvcNvl_L1_NS,NONE,0.009,0.0
75,NvcNvl_L3_NS,NONE,0.007,0.0
75,NvcNvl_L2_NS,NONE,0.007,0.0
75,NvcNvl_L1_NS,NONE,0.009,0.0
80,NvcNvl_L3_NS,NONE,0.014,0.0
80,NvcNvl_L2_NS,NONE,0.02,0.0
80,NvcNvl_L1_NS,NONE,0.026,0.0
85,304Nvl_L1_EW,304NVL_EW,0.042,0.042
85,304Nvl_L2_EW,304NVL_EW,0.036,0.036
85,304Nvl_L3_EW,NONE,0.032,0.0
90,32Mt_L1_NS,NONE,0.01,0.0
90,NvcMt_L2_NS,NONE,0.005,0.0
90,32Mt_L2_NS,NONE,0.009,0.0
90,NvcMt_L1_NS,NONE,0.005,0.0
95,NvcNvl_L1_EW,NVCNVL_EW,0.014,0.014
95,NvcNvl_L2_EW,NVCNVL_EW,0.008,0.008
95,32Mt_L1_NS,32MT_NS,0.006,0.006
95,NvcNvl_L3_EW,NONE,0.009,0.0
100,304Nvl_L1_EW,304NVL_EW,0.042,0.042
100,32Mt_L1_NS,32MT_NS,0.006,0.006
105,32Mt_L1_NS,32MT_NS,0.006,0.006
105,NvcMt_L1_EW,NVCMT_EW,0.006,0.006
105,NvcMt_L2_EW,NVCMT_EW,0.008,0.008
110,NvcNvl_L3_NS,NONE,0.014,0.0
110,NvcNvl_L2_NS,NONE,0.013,0.0
110,NvcMt_L2_NS,NONE,0.026,0.0
110,NvcNvl_L1_NS,NONE,0.017,0.0
110,NvcMt_L1_NS,NONE,0.027,0.0
120,NvcCmt8_L2_NS,NONE,0.011,0.0
120,NvcCmt8_L1_NS,NONE,0.008,0.0
125,NvcMt_L2_NS,NONE,0.005,0.0
125,NvcCmt8_L2_NS,NONE,0.011,0.0
125,NvcCmt8_L1_NS,NONE,0.008,0.0
125,NvcMt_L1_NS,NONE,0.005,0.0
130,NvcCmt8_L1_NS,NONE,0.008,0.0
135,NvcNvl_L3_NS,NONE,0.007,0.0
135,NvcNvl_L2_NS,NONE,0.007,0.0
135,NvcNvl_L1_NS,NONE,0.009,0.0
140,304Nvl_L1_EW,304NVL_EW,0.008,0.008
140,304Nvl_L2_EW,304NVL_EW,0.007,0.007
140,NvcNvl_L3_NS,NONE,0.007,0.0
140,NvcNvl_L2_NS,NONE,0.007,0.0
140,32Mt_L1_EW,NONE,0.007,0.0
140,304Nvl_L3_EW,NONE,0.006,0.0
140,NvcNvl_L1_NS,NONE,0.009,0.0
140,32Mt_L2_EW,NONE,0.008,0.0
145,304Nvl_L1_EW,304NVL_EW,0.017,0.017
145,304Nvl_L2_EW,304NVL_EW,0.015,0.015
145,NvcNvl_L3_NS,NONE,0.007,0.0
145,NvcNvl_L2_NS,NONE,0.007,0.0
145,NvcNvl_L1_EW,NONE,0.011,0.0
145,NvcNvl_L2_EW,NONE,0.008,0.0
145,304Nvl_L3_EW,NONE,0.013,0.0
145,NvcNvl_L1_NS,NONE,0.009,0.0
150,304Nvl_L1_EW,304NVL_EW,0.017,0.017
150,304Nvl_L2_EW,304NVL_EW,0.015,0.015
150,32Nvl_L3_NS,NONE,0.042,0.0
150,32Nvl_L2_NS,32NVL_NS,0.039,0.039
150,NvcNvl_L1_EW,NONE,0.011,0.0
150,NvcNvl_L2_EW,NONE,0.008,0.0
150,32Mt_L1_NS,32MT_NS,0.006,0.006
150,304Nvl_L3_EW,NONE,0.013,0.0
150,32Nvl_L1_NS,32NVL_NS,0.034,0.034
155,304Nvl_L1_EW,304NVL_EW,0.017,0.017
155,304Nvl_L2_EW,304NVL_EW,0.015,0.015
155,32Nvl_L2_NS,32NVL_NS,0.008,0.008
155,NvcNvl_L3_NS,NONE,0.007,0.0
155,NvcNvl_L2_NS,NONE,0.007,0.0
155,NvcNvl_L1_EW,NVCNVL_EW,0.035,0.035
155,NvcNvl_L2_EW,NVCNVL_EW,0.039,0.039
155,304Nvl_L3_EW,NONE,0.013,0.0
155,32Nvl_L1_NS,32NVL_NS,0.007,0.007
155,NvcNvl_L1_NS,NONE,0.009,0.0
155,NvcNvl_L3_EW,NONE,0.047,0.0
160,304Nvl_L1_EW,304NVL_EW,0.059,0.059
160,304Nvl_L2_EW,304NVL_EW,0.051,0.051
160,32Nvl_L3_NS,NONE,0.008,0.0
160,32Nvl_L2_NS,32NVL_NS,0.008,0.008
160,NvcNvl_L1_EW,NVCNVL_EW,0.035,0.035
160,NvcNvl_L2_EW,NVCNVL_EW,0.039,0.039
160,304Nvl_L3_EW,NONE,0.044,0.0
160,32Nvl_L1_NS,32NVL_NS,0.04,0.04
160,NvcNvl_L3_EW,NONE,0.047,0.0
165,304Nvl_L1_EW,304NVL_EW,0.059,0.059
165,304Nvl_L2_EW,304NVL_EW,0.051,0.051
165,NvcNvl_L1_EW,NVCNVL_EW,0.035,0.035
165,NvcNvl_L2_EW,NVCNVL_EW,0.039,0.039
165,304Nvl_L3_EW,NONE,0.044,0.0
165,NvcNvl_L3_EW,NONE,0.047,0.0
170,304Nvl_L1_EW,304NVL_EW,0.059,0.059
170,304Nvl_L2_EW,304NVL_EW,0.051,0.051
170,32Nvl_L3_NS,NONE,0.008,0.0
170,32Nvl_L2_NS,32NVL_NS,0.008,0.008
170,NvcNvl_L1_EW,NVCNVL_EW,0.035,0.035
170,NvcNvl_L2_EW,NVCNVL_EW,0.039,0.039
170,32Thn_L1_EW,32THN_EW,0.008,0.008
170,32Thn_L2_EW,32THN_EW,0.008,0.008
170,304Nvl_L3_EW,NONE,0.044,0.0
170,32Nvl_L1_NS,32NVL_NS,0.007,0.007
170,NvcNvl_L3_EW,NONE,0.047,0.0
175,304Nvl_L1_EW,304NVL_EW,0.042,0.042
175,304Nvl_L2_EW,304NVL_EW,0.036,0.036
175,32Nvl_L3_NS,NONE,0.008,0.0
175,32Nvl_L2_NS,32NVL_NS,0.008,0.008
175,NvcNvl_L1_EW,NVCNVL_EW,0.035,0.035
175,NvcNvl_L2_EW,NVCNVL_EW,0.039,0.039
175,32Thn_L1_EW,32THN_EW,0.008,0.008
175,32Thn_L2_EW,32THN_EW,0.008,0.008
175,32Thn_L3_EW,NONE,0.008,0.0
175,304Nvl_L3_EW,NONE,0.032,0.0
175,32Nvl_L1_NS,32NVL_NS,0.007,0.007
175,NvcNvl_L3_EW,NONE,0.047,0.0
180,304Nvl_L1_EW,304NVL_EW,0.042,0.042
180,304Nvl_L2_EW,304NVL_EW,0.036,0.036
180,304Nvl_L1_NS,NONE,0.015,0.0
180,32Nvl_L3_NS,NONE,0.017,0.0
180,32Nvl_L2_NS,32NVL_NS,0.016,0.016
180,NvcNvl_L3_NS,NONE,0.007,0.0
180,NvcNvl_L2_NS,NONE,0.007,0.0
180,NvcNvl_L1_EW,NVCNVL_EW,0.007,0.007
180,NvcNvl_L2_EW,NVCNVL_EW,0.008,0.008
180,32Thn_L1_EW,NONE,0.01,0.0
180,304Nvl_L3_EW,NONE,0.032,0.0
180,32Nvl_L1_NS,32NVL_NS,0.013,0.013
180,NvcNvl_L1_NS,NONE,0.009,0.0
180,NvcNvl_L3_EW,NONE,0.009,0.0
185,304Nvl_L1_EW,304NVL_EW,0.051,0.051
185,304Nvl_L2_EW,304NVL_EW,0.044,0.044
185,32Nvl_L3_NS,NONE,0.025,0.0
185,32Nvl_L2_NS,32NVL_NS,0.024,0.024
185,304Nvl_L3_EW,NONE,0.038,0.0
185,32Nvl_L1_NS,32NVL_NS,0.02,0.02
190,304Nvl_L1_EW,304NVL_EW,0.008,0.008
190,304Nvl_L2_EW,304NVL_EW,0.007,0.007
190,304Nvl_L1_NS,NONE,0.036,0.0
190,32Nvl_L3_NS,NONE,0.025,0.0
190,32Nvl_L2_NS,32NVL_NS,0.024,0.024
190,NvcNvl_L1_EW,NONE,0.011,0.0
190,NvcNvl_L2_EW,NONE,0.008,0.0
190,NvcMt_L2_NS,NONE,0.005,0.0
190,304Nvl_L3_EW,NONE,0.006,0.0
190,32Nvl_L1_NS,32NVL_NS,0.02,0.02
190,NvcMt_L1_NS,NONE,0.005,0.0
195,304Nvl_L1_NS,NONE,0.073,0.0
195,32Nvl_L3_NS,NONE,0.025,0.0
195,32Nvl_L2_NS,32NVL_NS,0.024,0.024
195,NvcNvl_L1_EW,NVCNVL_EW,0.035,0.035
195,NvcNvl_L2_EW,NVCNVL_EW,0.039,0.039
195,32Mt_L1_NS,NONE,0.01,0.0
195,32Nvl_L1_NS,32NVL_NS,0.02,0.02
195,NvcNvl_L3_EW,NONE,0.047,0.0
195,32Mt_L2_NS,NONE,0.009,0.0
200,304Nvl_L1_NS,NONE,0.036,0.0
200,32Nvl_L3_NS,NONE,0.025,0.0
200,32Nvl_L2_NS,32NVL_NS,0.024,0.024
200,32Mt_L1_NS,NONE,0.02,0.0
200,NvcCmt8_L2_EW,NVCCMT8_EW,0.005,0.005
200,32Nvl_L1_NS,32NVL_NS,0.02,0.02
200,32Mt_L2_NS,NONE,0.017,0.0
200,NvcCmt8_L1_EW,NVCCMT8_EW,0.008,0.008
205,304Nvl_L1_NS,304NVL_NS,0.009,0.004
205,304Nvl_L3_NS,NONE,0.007,0.0
205,32Nvl_L3_NS,NONE,0.007,0.0
205,32Nvl_L1_NS,32NVL_NS,0.007,0.001
205,32Nvl_L3_NS,NONE,0.025,0.0
205,32Nvl_L2_NS,32NVL_NS,0.024,0.018
205,NvcNvl_L3_NS,NONE,0.034,0.0
205,NvcNvl_L2_NS,NONE,0.033,0.0
205,32Mt_L1_NS,32MT_NS,0.006,0.006
205,32Mt_L1_EW,32MT_EW,0.007,0.007
205,32Mt_L1_NS,NONE,0.02,0.0
205,304Nvl_L2_NS,304NVL_NS,0.008,-0.009
205,32Nvl_L2_NS,32NVL_NS,0.007,0.001
205,32Nvl_L1_NS,32NVL_NS,0.02,0.014
205,NvcNvl_L1_NS,NONE,0.044,0.0
205,32Mt_L2_EW,32MT_EW,0.005,0.005
205,32Mt_L2_NS,NONE,0.009,0.0
205,NvcCmt8_L1_EW,NONE,0.006,0.0
210,304Nvl_L1_NS,304NVL_NS,0.009,-0.001
210,304Nvl_L3_NS,NONE,0.007,0.0
210,32Nvl_L3_NS,NONE,0.007,0.0
210,32Nvl_L1_NS,32NVL_NS,0.014,0.008
210,32Nvl_L3_NS,NONE,0.025,0.0
210,32Nvl_L2_NS,32NVL_NS,0.024,0.018
210,32Mt_L1_NS,32MT_NS,0.006,0.006
210,32Mt_L1_EW,32MT_EW,0.021,0.021
210,32Mt_L1_NS,NONE,0.01,0.0
210,304Nvl_L2_NS,304NVL_NS,0.008,-0.009
210,32Nvl_L2_NS,32NVL_NS,0.013,0.008
210,32Nvl_L1_NS,32NVL_NS,0.02,0.014
210,32Mt_L2_EW,32MT_EW,0.016,0.016
210,32Mt_L2_NS,NONE,0.009,0.0
215,304Nvl_L1_NS,304NVL_NS,0.009,-0.001
215,304Nvl_L3_NS,NONE,0.007,0.0
215,32Nvl_L3_NS,NONE,0.007,0.0
215,32Nvl_L1_NS,32NVL_NS,0.014,0.008
215,32Nvl_L3_NS,NONE,0.025,0.0
215,32Nvl_L2_NS,32NVL_NS,0.024,0.018
215,32Mt_L1_NS,NONE,0.146,0.0
215,304Nvl_L2_NS,304NVL_NS,0.008,-0.009
215,32Nvl_L2_NS,32NVL_NS,0.013,0.008
215,32Nvl_L1_NS,32NVL_NS,0.02,0.014
215,32Mt_L2_NS,NONE,0.121,0.0
220,304Nvl_L1_NS,304NVL_NS,0.009,-0.005
220,304Nvl_L3_NS,NONE,0.007,0.0
220,32Nvl_L3_NS,NONE,0.014,0.0
220,32Nvl_L1_NS,32NVL_NS,0.021,0.014
220,32Nvl_L3_NS,NONE,0.025,0.0
220,32Nvl_L2_NS,32NVL_NS,0.024,0.018
220,32Mt_L1_NS,32MT_NS,0.006,0.006
220,32Mt_L1_EW,NONE,0.007,0.0
220,304Nvl_L2_NS,304NVL_NS,0.008,-0.009
220,32Nvl_L2_NS,32NVL_NS,0.02,0.015
220,32Nvl_L1_NS,32NVL_NS,0.02,0.014
220,32Mt_L2_NS,NONE,0.009,0.0
225,304Nvl_L1_NS,304NVL_NS,0.009,-0.03
225,304Nvl_L3_NS,NONE,0.007,0.0
225,32Nvl_L3_NS,NONE,0.041,0.0
225,32Nvl_L1_NS,32NVL_NS,0.055,0.049
225,32Nvl_L3_NS,NONE,0.033,0.0
225,32Nvl_L2_NS,32NVL_NS,0.032,0.026
225,NvcNvl_L1_EW,NONE,0.011,0.0
225,NvcNvl_L2_EW,NONE,0.008,0.0
225,32Mt_L1_NS,32MT_NS,0.088,0.088
225,NvcCmt8_L2_EW,NVCCMT8_EW,0.005,0.005
225,304Nvl_L2_NS,304NVL_NS,0.008,-0.015
225,32Nvl_L2_NS,32NVL_NS,0.053,0.048
225,32Nvl_L1_NS,32NVL_NS,0.027,0.021
225,NvcNvl_L3_EW,NONE,0.006,0.0
225,NvcCmt8_L1_EW,NVCCMT8_EW,0.008,0.008
230,32Nvl_L3_NS,NONE,0.007,0.0
230,32Nvl_L1_NS,32NVL_NS,0.076,0.076
230,32Nvl_L3_NS,NONE,0.008,0.0
230,32Nvl_L2_NS,32NVL_NS,0.008,0.008
230,32Mt_L1_NS,32MT_NS,0.082,0.082
230,32Mt_L1_EW,32MT_EW,0.014,0.014
230,NvcCmt8_L2_EW,NVCCMT8_EW,0.005,0.005
230,32Nvl_L2_NS,32NVL_NS,0.073,0.073
230,32Nvl_L1_NS,32NVL_NS,0.007,0.007
230,NvcCmt8_L1_EW,NVCCMT8_EW,0.008,0.008
235,304Nvl_L1_EW,304NVL_EW,0.008,0.008
235,304Nvl_L2_EW,304NVL_EW,0.007,0.007
235,304Nvl_L1_NS,NONE,0.007,0.0
235,32Nvl_L1_NS,32NVL_NS,0.042,0.042
235,32Nvl_L1_EW,32NVL_EW,0.007,-0.003
235,32Nvl_L2_EW,32NVL_EW,0.007,0.004
235,32Nvl_L3_NS,NONE,0.025,0.0
235,32Nvl_L2_NS,32NVL_NS,0.024,0.024
235,NvcNvl_L1_EW,NVCNVL_EW,0.007,0.007
235,NvcNvl_L2_EW,NVCNVL_EW,0.008,0.008
235,32Mt_L1_NS,32MT_NS,0.075,0.075
235,32Mt_L1_EW,32MT_EW,0.014,0.014
235,NvcCmt8_L2_EW,NVCCMT8_EW,0.005,0.005
235,304Nvl_L3_EW,NONE,0.006,0.0
235,32Nvl_L2_NS,32NVL_NS,0.033,0.033
235,32Nvl_L3_EW,NONE,0.006,0.0
235,32Nvl_L1_NS,32NVL_NS,0.02,0.02
235,NvcNvl_L3_EW,NONE,0.009,0.0
235,32Mt_L2_EW,32MT_EW,0.005,0.005
235,NvcCmt8_L1_EW,NVCCMT8_EW,0.008,0.008
240,32Nvl_L1_NS,32NVL_NS,0.007,0.007
240,32Nvl_L1_EW,32NVL_EW,0.007,0.002
240,32Nvl_L2_EW,32NVL_EW,0.007,0.004
240,32Mt_L1_EW,32MT_EW,0.007,0.007
240,32Mt_L1_NS,NONE,0.01,0.0
240,32Nvl_L3_EW,NONE,0.006,0.0
240,32Nvl_L1_NS,32NVL_NS,0.007,0.007
240,32Mt_L2_EW,32MT_EW,0.005,0.005
240,32Mt_L2_NS,NONE,0.009,0.0
245,304Nvl_L1_EW,304NVL_EW,0.008,0.008
245,32Nvl_L1_EW,32NVL_EW,0.007,0.007
245,32Nvl_L2_EW,32NVL_EW,0.007,0.007
245,32Nvl_L3_NS,NONE,0.008,0.0
245,32Nvl_L2_NS,32NVL_NS,0.008,0.008
245,NvcNvl_L3_NS,NONE,0.007,0.0
245,NvcNvl_L2_NS,NONE,0.007,0.0
245,32Mt_L1_NS,32MT_NS,0.006,0.006
245,NvcCmt8_L2_NS,NONE,0.065,0.0
245,NvcCmt8_L1_NS,NONE,0.046,0.0
245,32Nvl_L3_EW,NONE,0.006,0.0
245,32Nvl_L1_NS,32NVL_NS,0.013,0.013
245,NvcNvl_L1_NS,NONE,0.009,0.0
245,NvcCmt8_L1_EW,NONE,0.006,0.0
250,304Nvl_L1_EW,304NVL_EW,0.008,0.008
250,304Nvl_L2_EW,304NVL_EW,0.007,0.007
250,32Nvl_L1_EW,32NVL_EW,0.007,0.007
250,32Nvl_L2_EW,32NVL_EW,0.007,0.007
250,32Nvl_L3_NS,NONE,0.017,0.0
250,32Nvl_L2_NS,32NVL_NS,0.016,0.016
250,NvcMt_L1_NS,NVCMT_NS,0.007,0.007
250,NvcCmt8_L2_NS,NONE,0.065,0.0
250,NvcCmt8_L1_NS,NONE,0.046,0.0
250,304Nvl_L3_EW,NONE,0.006,0.0
250,32Nvl_L3_EW,NONE,0.006,0.0
250,32Nvl_L1_NS,32NVL_NS,0.013,0.013
250,NvcMt_L2_NS,NVCMT_NS,0.005,0.005
255,32Nvl_L1_EW,32NVL_EW,0.007,0.007
255,32Nvl_L2_EW,32NVL_EW,0.007,0.007
255,32Nvl_L3_EW,NONE,0.006,0.0
260,304Nvl_L1_EW,304NVL_EW,0.008,0.008
260,304Nvl_L2_EW,304NVL_EW,0.007,0.007
260,304Nvl_L1_NS,NONE,0.007,0.0
260,304Nvl_L3_NS,NONE,0.008,0.0
260,32Nvl_L1_NS,32NVL_NS,0.007,0.007
260,32Nvl_L1_EW,32NVL_EW,0.007,0.007
260,32Nvl_L2_EW,32NVL_EW,0.007,0.007
260,32Nvl_L3_NS,NONE,0.109,0.0
260,32Nvl_L2_NS,32NVL_NS,0.103,0.103
260,NvcNvl_L1_EW,NVCNVL_EW,0.035,0.035
260,NvcNvl_L2_EW,NVCNVL_EW,0.039,0.039
260,32Mt_L1_NS,NONE,0.049,0.0
260,304Nvl_L3_EW,NONE,0.006,0.0
260,304Nvl_L2_NS,NONE,0.007,0.0
260,32Nvl_L3_EW,NONE,0.006,0.0
260,32Nvl_L1_NS,32NVL_NS,0.101,0.101
260,NvcNvl_L3_EW,NONE,0.047,0.0
260,32Mt_L2_NS,NONE,0.043,0.0
265,304Nvl_L1_EW,304NVL_EW,0.017,0.017
265,304Nvl_L2_EW,304NVL_EW,0.015,0.015
265,304Nvl_L1_NS,NONE,0.007,0.0
265,32Nvl_L1_NS,32NVL_NS,0.007,0.007
265,32Nvl_L1_EW,32NVL_EW,0.007,0.007
265,32Nvl_L2_EW,32NVL_EW,0.007,0.007
265,32Nvl_L3_NS,NONE,0.008,0.0
265,32Nvl_L2_NS,32NVL_NS,0.008,0.008
265,NvcCmt8_L2_NS,NONE,0.062,0.0
265,304Nvl_L3_EW,NONE,0.013,0.0
265,32Nvl_L2_NS,32NVL_NS,0.007,0.007
265,32Nvl_L3_EW,NONE,0.006,0.0
265,32Nvl_L1_NS,32NVL_NS,0.007,0.007
265,NvcCmt8_L1_NS,NONE,0.054,0.0
270,304Nvl_L1_NS,304NVL_NS,0.009,0.009
270,304Nvl_L1_EW,304NVL_EW,0.051,0.051
270,304Nvl_L2_EW,304NVL_EW,0.044,0.044
270,304Nvl_L1_NS,NONE,0.007,0.0
270,304Nvl_L3_NS,NONE,0.008,0.0
270,32Nvl_L1_EW,32NVL_EW,0.007,-0.023
270,32Nvl_L2_EW,32NVL_EW,0.007,0.004
270,32Mt_L1_EW,32MT_EW,0.042,0.042
270,304Nvl_L3_EW,NONE,0.038,0.0
270,304Nvl_L2_NS,NONE,0.007,0.0
270,32Nvl_L3_EW,NONE,0.006,0.0
270,32Nvl_L1_NS,32NVL_NS,0.007,0.0
270,32Mt_L2_EW,32MT_EW,0.005,0.005
275,304Nvl_L1_NS,304NVL_NS,0.009,0.004
275,304Nvl_L1_EW,NONE,0.008,0.0
275,304Nvl_L1_NS,NONE,0.007,0.0
275,32Nvl_L1_NS,32NVL_NS,0.007,0.001
275,32Nvl_L1_EW,32NVL_EW,0.007,-0.028
275,32Nvl_L2_EW,32NVL_EW,0.007,-0.021
275,NvcNvl_L1_EW,NVCNVL_EW,0.007,0.007
275,NvcNvl_L2_EW,NVCNVL_EW,0.008,0.008
275,32Mt_L1_EW,32MT_EW,0.042,0.042
275,32Thn_L1_EW,32THN_EW,0.008,0.008
275,32Thn_L2_EW,32THN_EW,0.008,0.008
275,32Thn_L3_EW,NONE,0.008,0.0
275,32Nvl_L3_EW,NONE,0.006,0.0
275,NvcNvl_L3_EW,NONE,0.009,0.0
275,32Mt_L2_EW,32MT_EW,0.033,0.033
280,304Thn_L1_EW,304THN_EW,0.008,0.002
280,304Thn_L3_EW,NONE,0.008,0.0
280,304Nvl_L1_NS,304NVL_NS,0.009,0.009
280,304Nvl_L1_EW,304NVL_EW,0.008,0.003
280,304Nvl_L1_NS,NONE,0.036,0.0
280,32Nvl_L1_EW,32NVL_EW,0.007,-0.027
280,32Nvl_L2_EW,32NVL_EW,0.007,-0.019
280,32Nvl_L3_NS,NONE,0.008,0.0
280,32Nvl_L2_NS,32NVL_NS,0.008,0.008
280,32Mt_L1_EW,32MT_EW,0.049,0.049
280,32Nvl_L3_EW,NONE,0.006,0.0
280,32Nvl_L1_NS,32NVL_NS,0.007,0.0
280,32Mt_L2_EW,32MT_EW,0.038,0.038
280,304Thn_L2_EW,304THN_EW,0.007,0.007
285,304Nvl_L1_NS,304NVL_NS,0.009,0.009
285,304Nvl_L1_NS,NONE,0.007,0.0
285,304Nvl_L3_NS,NONE,0.008,0.0
285,32Nvl_L1_EW,32NVL_EW,0.007,-0.013
285,32Nvl_L2_EW,32NVL_EW,0.007,-0.008
285,NvcNvl_L1_EW,NONE,0.011,0.0
285,NvcNvl_L2_EW,NONE,0.008,0.0
285,32Mt_L1_EW,32MT_EW,0.028,0.028
285,32Thn_L1_EW,NONE,0.01,0.0
285,304Nvl_L2_NS,NONE,0.007,0.0
285,32Nvl_L3_EW,NONE,0.006,0.0
285,32Mt_L2_EW,32MT_EW,0.022,0.022
290,304Nvl_L1_NS,304NVL_NS,0.009,-0.001
290,304Nvl_L1_NS,NONE,0.007,0.0
290,304Nvl_L3_NS,NONE,0.008,0.0
290,32Nvl_L3_NS,NONE,0.007,0.0
290,32Nvl_L1_NS,32NVL_NS,0.014,0.008
290,32Nvl_L1_EW,32NVL_EW,0.007,0.002
290,32Nvl_L2_EW,32NVL_EW,0.007,0.004
290,32Mt_L1_EW,NONE,0.007,0.0
290,32Mt_L1_EW,32MT_EW,0.007,0.007
290,304Nvl_L2_NS,NONE,0.007,0.0
290,32Nvl_L2_NS,32NVL_NS,0.007,0.007
290,32Nvl_L3_EW,NONE,0.006,0.0
290,32Mt_L2_EW,32MT_EW,0.005,0.005
295,32Nvl_L1_EW,32NVL_EW,0.007,0.007
295,32Nvl_L2_EW,32NVL_EW,0.007,0.007
295,NvcNvl_L3_NS,NONE,0.007,0.0
295,NvcNvl_L2_NS,NONE,0.007,0.0
295,32Mt_L1_NS,32MT_NS,0.006,0.006
295,NvcMt_L2_NS,NONE,0.005,0.0
295,NvcMt_L2_EW,NVCMT_EW,0.003,0.003
295,32Nvl_L3_EW,NONE,0.006,0.0
295,NvcNvl_L1_NS,NONE,0.009,0.0
295,NvcMt_L1_NS,NONE,0.005,0.0
295,NvcMt_L1_EW,NVCMT_EW,0.006,0.006
300,304Nvl_L1_EW,304NVL_EW,0.008,0.008
300,304Nvl_L1_NS,NONE,0.007,0.0
300,304Nvl_L3_NS,NONE,0.008,0.0
300,32Nvl_L3_NS,NONE,0.007,0.0
300,32Nvl_L1_NS,32NVL_NS,0.007,0.007
300,32Nvl_L1_EW,32NVL_EW,0.007,0.007
300,32Nvl_L2_EW,32NVL_EW,0.007,0.007
300,32Mt_L1_NS,32MT_NS,0.013,0.013
300,32Mt_L1_EW,NONE,0.007,0.0
300,304Nvl_L2_NS,NONE,0.007,0.0
300,32Nvl_L2_NS,32NVL_NS,0.007,0.007
300,32Nvl_L3_EW,NONE,0.006,0.0
305,32Nvl_L3_NS,NONE,0.034,0.0
305,32Nvl_L1_NS,32NVL_NS,0.035,0.035
305,32Nvl_L1_EW,32NVL_EW,0.007,0.007
305,32Nvl_L2_EW,32NVL_EW,0.007,0.007
305,32Nvl_L3_NS,NONE,0.042,0.0
305,32Nvl_L2_NS,32NVL_NS,0.039,0.039
305,32Mt_L1_NS,32MT_NS,0.013,0.013
305,32Mt_L1_EW,NONE,0.007,0.0
305,32Mt_L3_EW,NONE,0.009,0.0
305,32Mt_L1_NS,NONE,0.059,0.0
305,32Nvl_L2_NS,32NVL_NS,0.033,0.033
305,32Nvl_L3_EW,NONE,0.006,0.0
305,32Nvl_L1_NS,32NVL_NS,0.034,0.034
305,32Mt_L2_EW,NONE,0.008,0.0
305,32Mt_L2_NS,NONE,0.052,0.0
310,304Nvl_L1_EW,304NVL_EW,0.008,0.008
310,32Nvl_L1_EW,32NVL_EW,0.007,-0.021
310,32Nvl_L2_EW,32NVL_EW,0.007,-0.022
310,32Nvl_L3_NS,NONE,0.017,0.0
310,32Nvl_L2_NS,32NVL_NS,0.016,0.016
310,NvcNvl_L3_NS,NONE,0.007,0.0
310,NvcNvl_L2_NS,NONE,0.007,0.0
310,32Mt_L1_NS,32MT_NS,0.006,0.006
310,32Mt_L1_NS,NONE,0.049,0.0
310,32Thn_L1_EW,32THN_EW,0.04,0.04
310,32Thn_L2_EW,32THN_EW,0.042,0.042
310,32Thn_L3_EW,NONE,0.041,0.0
310,32Nvl_L3_EW,NONE,0.006,0.0
310,32Nvl_L1_NS,32NVL_NS,0.013,0.013
310,NvcNvl_L1_NS,NONE,0.009,0.0
310,32Mt_L2_NS,NONE,0.043,0.0
315,304Nvl_L1_NS,NONE,0.007,0.0
315,304Nvl_L3_NS,NONE,0.008,0.0
315,32Nvl_L1_EW,32NVL_EW,0.007,0.007
315,32Nvl_L2_EW,32NVL_EW,0.007,0.007
315,NvcNvl_L1_EW,NONE,0.053,0.0
315,NvcNvl_L2_EW,NONE,0.038,0.0
315,NvcNvl_L1_EW,NVCNVL_EW,0.007,-0.002
315,NvcNvl_L2_EW,NVCNVL_EW,0.008,0.008
315,32Mt_L1_NS,32MT_NS,0.006,0.006
315,32Mt_L1_EW,NONE,0.036,0.0
315,32Mt_L1_NS,NONE,0.01,0.0
315,NvcMt_L1_EW,NVCMT_EW,0.013,0.008
315,32Thn_L1_EW,NONE,0.049,0.0
315,304Nvl_L2_NS,NONE,0.007,0.0
315,32Nvl_L3_EW,NONE,0.006,0.0
315,NvcNvl_L3_EW,NONE,0.032,0.0
315,NvcNvl_L3_EW,NONE,0.009,0.0
315,NvcMt_L2_EW,NVCMT_EW,0.016,0.01
320,32Nvl_L1_EW,32NVL_EW,0.007,0.007
320,32Nvl_L2_EW,32NVL_EW,0.007,0.007
320,32Nvl_L3_NS,NONE,0.008,0.0
320,32Nvl_L2_NS,32NVL_NS,0.008,0.008
320,NvcNvl_L3_NS,NONE,0.007,0.0
320,NvcNvl_L2_NS,NONE,0.007,0.0
320,NvcNvl_L1_EW,NONE,0.064,0.0
320,NvcNvl_L2_EW,NONE,0.046,0.0
320,32Mt_L1_NS,32MT_NS,0.006,0.006
320,NvcMt_L1_EW,NVCMT_EW,0.006,0.006
320,32Thn_L1_EW,NONE,0.049,0.0
320,32Nvl_L3_EW,NONE,0.006,0.0
320,32Nvl_L1_NS,32NVL_NS,0.007,0.007
320,NvcNvl_L1_NS,NONE,0.009,0.0
320,NvcNvl_L3_EW,NONE,0.038,0.0
320,NvcMt_L2_EW,NVCMT_EW,0.008,0.008
325,304Nvl_L1_EW,304NVL_EW,0.042,0.042
325,304Nvl_L2_EW,304NVL_EW,0.036,0.036
325,32Nvl_L1_EW,32NVL_EW,0.007,-0.003
325,32Nvl_L2_EW,32NVL_EW,0.007,0.0
325,32Nvl_L3_NS,NONE,0.008,0.0
325,32Nvl_L2_NS,32NVL_NS,0.008,0.008
325,NvcNvl_L1_EW,NONE,0.011,0.0
325,NvcNvl_L2_EW,NONE,0.008,0.0
325,32Mt_L1_EW,32MT_EW,0.014,0.014
325,NvcMt_L1_NS,NVCMT_NS,0.034,0.034
325,NvcCmt8_L2_EW,NVCCMT8_EW,0.026,0.026
325,304Nvl_L3_EW,NONE,0.032,0.0
325,32Nvl_L3_EW,NONE,0.006,0.0
325,32Nvl_L1_NS,32NVL_NS,0.007,0.007
325,NvcNvl_L3_EW,NONE,0.006,0.0
325,32Mt_L2_EW,32MT_EW,0.011,0.011
325,NvcMt_L2_NS,NVCMT_NS,0.027,0.027
325,NvcCmt8_L1_EW,NVCCMT8_EW,0.038,0.038
330,32Nvl_L3_NS,NONE,0.042,0.0
330,32Nvl_L2_NS,32NVL_NS,0.039,0.039
330,NvcNvl_L1_EW,NONE,0.053,0.0
330,32Mt_L1_EW,32MT_EW,0.021,0.021
330,NvcMt_L1_NS,NVCMT_NS,0.034,0.034
330,32Nvl_L1_NS,32NVL_NS,0.034,0.034
330,32Mt_L2_EW,32MT_EW,0.016,0.016
330,NvcMt_L2_NS,NVCMT_NS,0.027,0.027
335,304Thn_L1_EW,NONE,0.007,0.0
335,304Thn_L2_EW,NONE,0.008,0.0
335,304Nvl_L1_EW,304NVL_EW,0.008,0.008
335,304Nvl_L2_EW,304NVL_EW,0.007,0.007
335,304Nvl_L1_NS,NONE,0.036,0.0
335,32Nvl_L3_NS,NONE,0.05,0.0
335,32Nvl_L2_NS,32NVL_NS,0.047,0.047
335,NvcNvl_L1_EW,NONE,0.053,0.0
335,NvcNvl_L2_EW,NONE,0.038,0.0
335,NvcNvl_L1_EW,NVCNVL_EW,0.014,0.014
335,NvcNvl_L2_EW,NVCNVL_EW,0.008,0.006
335,32Mt_L1_NS,32MT_NS,0.006,-0.018
335,NvcMt_L2_NS,NONE,0.005,0.0
335,NvcMt_L2_EW,NVCMT_EW,0.003,-0.003
335,NvcMt_L1_NS,NVCMT_NS,0.034,0.03
335,304Nvl_L3_EW,NONE,0.006,0.0
335,32Nvl_L1_NS,32NVL_NS,0.04,0.04
335,NvcNvl_L3_EW,NONE,0.009,0.0
335,NvcMt_L1_NS,NONE,0.005,0.0
335,NvcMt_L1_EW,NVCMT_EW,0.006,-0.004
335,NvcMt_L2_NS,NVCMT_NS,0.027,0.027
340,304Thn_L1_EW,304THN_EW,0.008,0.002
340,304Nvl_L1_EW,304NVL_EW,0.008,0.003
340,304Nvl_L2_EW,304NVL_EW,0.007,0.007
340,32Nvl_L1_EW,32NVL_EW,0.007,0.002
340,32Nvl_L2_EW,32NVL_EW,0.008,0.004
340,32Nvl_L3_NS,NONE,0.05,0.0
340,32Nvl_L2_NS,32NVL_NS,0.047,0.047
340,NvcNvl_L1_EW,NVCNVL_EW,0.014,0.014
340,NvcNvl_L2_EW,NVCNVL_EW,0.016,0.014
340,32Mt_L1_NS,32MT_NS,0.013,-0.011
340,32Mt_L1_EW,NONE,0.007,0.0
340,32Mt_L1_EW,32MT_EW,0.007,0.002
340,NvcMt_L2_NS,NONE,0.005,0.0
340,NvcMt_L2_EW,NVCMT_EW,0.003,-0.008
340,NvcMt_L1_NS,NVCMT_NS,0.034,0.025
340,304Nvl_L3_EW,NONE,0.006,0.0
340,32Nvl_L3_EW,NONE,0.006,0.0
340,32Nvl_L1_NS,32NVL_NS,0.047,0.047
340,NvcNvl_L3_EW,NONE,0.019,0.0
340,32Mt_L2_EW,32MT_EW,0.005,0.0
340,NvcMt_L1_NS,NONE,0.005,0.0
340,NvcMt_L1_EW,NVCMT_EW,0.006,-0.004
340,NvcMt_L2_NS,NVCMT_NS,0.027,0.027
345,304Nvl_L1_EW,304NVL_EW,0.008,0.008
345,304Nvl_L2_EW,304NVL_EW,0.007,0.007
345,304Nvl_L1_EW,NONE,0.008,0.0
345,304Nvl_L1_NS,NONE,0.007,0.0
345,304Nvl_L2_EW,NONE,0.009,0.0
345,32Nvl_L1_EW,32NVL_EW,0.007,0.002
345,32Nvl_L2_EW,32NVL_EW,0.008,0.004
345,32Nvl_L1_EW,32NVL_EW,0.007,0.002
345,32Nvl_L2_EW,32NVL_EW,0.007,0.004
345,NvcNvl_L1_EW,NVCNVL_EW,0.014,0.014
345,NvcNvl_L2_EW,NVCNVL_EW,0.016,0.014
345,32Mt_L1_NS,32MT_NS,0.013,0.013
345,32Mt_L1_EW,NONE,0.007,0.0
345,32Mt_L3_EW,NONE,0.009,0.0
345,32Mt_L1_EW,32MT_EW,0.007,0.002
345,NvcMt_L2_EW,NVCMT_EW,0.003,-0.008
345,304Nvl_L3_EW,NONE,0.006,0.0
345,304Nvl_L3_EW,NONE,0.008,0.0
345,32Nvl_L3_EW,NONE,0.006,0.0
345,32Nvl_L3_EW,NONE,0.006,0.0
345,32Nvl_L1_NS,32NVL_NS,0.007,0.007
345,NvcNvl_L3_EW,NONE,0.019,0.0
345,32Mt_L2_EW,NONE,0.008,0.0
345,32Mt_L2_EW,32MT_EW,0.005,0.0
345,NvcMt_L1_EW,NVCMT_EW,0.006,-0.004
350,304Nvl_L1_EW,304NVL_EW,0.008,0.008
350,304Nvl_L2_EW,304NVL_EW,0.007,0.007
350,32Nvl_L1_EW,32NVL_EW,0.007,-0.003
350,32Nvl_L2_EW,32NVL_EW,0.008,0.0
350,32Nvl_L1_EW,32NVL_EW,0.007,-0.003
350,32Nvl_L2_EW,32NVL_EW,0.007,0.0
350,NvcNvl_L1_EW,NVCNVL_EW,0.014,0.014
350,NvcNvl_L2_EW,NVCNVL_EW,0.016,0.016
350,32Mt_L1_EW,32MT_EW,0.014,0.009
350,304Nvl_L3_EW,NONE,0.006,0.0
350,32Nvl_L3_EW,NONE,0.006,0.0
350,32Nvl_L3_EW,NONE,0.006,0.0
350,NvcNvl_L3_EW,NONE,0.019,0.0
350,32Mt_L2_EW,32MT_EW,0.011,0.005
355,304Nvl_L1_EW,304NVL_EW,0.119,0.119
355,304Nvl_L2_EW,304NVL_EW,0.094,0.094
355,32Nvl_L1_EW,32NVL_EW,0.007,-0.008
355,32Nvl_L2_EW,32NVL_EW,0.008,0.0
355,32Nvl_L1_EW,32NVL_EW,0.007,-0.008
355,32Nvl_L2_EW,32NVL_EW,0.007,0.0
355,NvcNvl_L1_EW,NVCNVL_EW,0.021,0.017
355,NvcNvl_L2_EW,NVCNVL_EW,0.023,0.023
355,32Mt_L1_EW,32MT_EW,0.021,0.016
355,NvcMt_L1_EW,NVCMT_EW,0.006,-0.008
355,NvcCmt8_L2_NS,NONE,0.011,0.0
355,NvcCmt8_L1_NS,NONE,0.008,0.0
355,304Nvl_L3_EW,NONE,0.006,0.0
355,32Nvl_L3_EW,NONE,0.006,0.0
355,32Nvl_L3_EW,NONE,0.006,0.0
355,NvcNvl_L3_EW,NONE,0.028,0.0
355,32Mt_L2_EW,32MT_EW,0.011,0.005
355,NvcMt_L2_EW,NVCMT_EW,0.008,-0.008
360,304Nvl_L1_EW,304NVL_EW,0.135,0.135
360,304Nvl_L2_EW,304NVL_EW,0.109,0.109
360,32Nvl_L1_EW,32NVL_EW,0.007,-0.008
360,32Nvl_L2_EW,32NVL_EW,0.008,-0.004
360,32Nvl_L1_EW,32NVL_EW,0.007,-0.008
360,32Nvl_L2_EW,32NVL_EW,0.007,-0.004
360,32Nvl_L3_NS,NONE,0.008,0.0
360,32Nvl_L2_NS,32NVL_NS,0.008,0.008
360,NvcNvl_L3_NS,NONE,0.007,0.0
360,NvcNvl_L2_NS,NONE,0.007,0.0
360,NvcNvl_L1_EW,NVCNVL_EW,0.021,0.012
360,NvcNvl_L2_EW,NVCNVL_EW,0.023,0.023
360,32Mt_L1_EW,32MT_EW,0.021,0.016
360,NvcMt_L1_EW,NVCMT_EW,0.013,-0.002
360,304Nvl_L3_EW,NONE,0.089,0.0
360,32Nvl_L3_EW,NONE,0.006,0.0
360,32Nvl_L3_EW,NONE,0.006,0.0
360,32Nvl_L1_NS,32NVL_NS,0.007,0.007
360,NvcNvl_L1_NS,NONE,0.009,0.0
360,NvcNvl_L3_EW,NONE,0.028,0.0
360,32Mt_L2_EW,32MT_EW,0.016,0.011
360,NvcMt_L2_EW,NVCMT_EW,0.016,-0.001
365,304Nvl_L1_EW,304NVL_EW,0.135,0.135
365,304Nvl_L2_EW,304NVL_EW,0.116,0.116
365,32Nvl_L3_NS,NONE,0.034,0.0
365,32Nvl_L1_NS,32NVL_NS,0.035,0.035
365,32Nvl_L1_EW,32NVL_EW,0.007,-0.008
365,32Nvl_L2_EW,32NVL_EW,0.008,-0.004
365,32Nvl_L1_EW,32NVL_EW,0.007,-0.008
365,32Nvl_L2_EW,32NVL_EW,0.007,-0.004
365,NvcNvl_L3_NS,NONE,0.007,0.0
365,NvcNvl_L2_NS,NONE,0.007,0.0
365,NvcNvl_L1_EW,NVCNVL_EW,0.021,0.012
365,NvcNvl_L2_EW,NVCNVL_EW,0.023,0.023
365,32Mt_L1_EW,32MT_EW,0.021,0.016
365,NvcMt_L1_EW,NVCMT_EW,0.013,-0.002
365,304Nvl_L3_EW,NONE,0.101,0.0
365,32Nvl_L2_NS,32NVL_NS,0.033,0.033
365,32Nvl_L3_EW,NONE,0.006,0.0
365,32Nvl_L3_EW,NONE,0.006,0.0
365,NvcNvl_L1_NS,NONE,0.009,0.0
365,NvcNvl_L3_EW,NONE,0.028,0.0
365,32Mt_L2_EW,32MT_EW,0.016,0.011
365,NvcMt_L2_EW,NVCMT_EW,0.016,-0.001
365,NvcCmt8_L1_NS,NONE,0.011,0.0
370,304Nvl_L1_EW,304NVL_EW,0.127,0.127
370,304Nvl_L2_EW,304NVL_EW,0.109,0.109
370,32Nvl_L3_NS,NONE,0.007,0.0
370,32Nvl_L1_NS,32NVL_NS,0.007,0.007
370,32Nvl_L1_EW,32NVL_EW,0.007,-0.003
370,32Nvl_L2_EW,32NVL_EW,0.008,0.0
370,32Nvl_L1_EW,32NVL_EW,0.007,-0.003
370,32Nvl_L2_EW,32NVL_EW,0.007,0.0
370,32Nvl_L3_NS,NONE,0.058,0.0
370,32Nvl_L2_NS,32NVL_NS,0.055,0.055
370,NvcNvl_L1_EW,NVCNVL_EW,0.021,0.012
370,NvcNvl_L2_EW,NVCNVL_EW,0.023,0.023
370,32Mt_L1_EW,32MT_EW,0.014,0.009
370,NvcMt_L1_EW,NVCMT_EW,0.013,-0.002
370,304Nvl_L3_EW,NONE,0.095,0.0
370,32Nvl_L2_NS,32NVL_NS,0.007,0.007
370,32Nvl_L3_EW,NONE,0.006,0.0
370,32Nvl_L3_EW,NONE,0.006,0.0
370,32Nvl_L1_NS,32NVL_NS,0.047,0.047
370,NvcNvl_L3_EW,NONE,0.028,0.0
370,32Mt_L2_EW,32MT_EW,0.011,0.005
370,NvcMt_L2_EW,NVCMT_EW,0.016,-0.001
375,304Nvl_L1_EW,304NVL_EW,0.127,0.127
375,304Nvl_L2_EW,304NVL_EW,0.109,0.109
375,32Nvl_L1_EW,32NVL_EW,0.007,-0.003
375,32Nvl_L2_EW,32NVL_EW,0.008,0.0
375,32Nvl_L1_EW,32NVL_EW,0.04,0.031
375,32Nvl_L2_EW,32NVL_EW,0.045,0.037
375,32Nvl_L3_NS,NONE,0.025,0.0
375,32Nvl_L2_NS,32NVL_NS,0.024,0.024
375,NvcNvl_L1_EW,NVCNVL_EW,0.021,0.021
375,NvcNvl_L2_EW,NVCNVL_EW,0.023,0.023
375,32Mt_L1_EW,NONE,0.007,0.0
375,32Mt_L3_EW,NONE,0.009,0.0
375,32Mt_L1_EW,32MT_EW,0.014,0.009
375,304Nvl_L3_EW,NONE,0.095,0.0
375,32Nvl_L3_EW,NONE,0.037,0.0
375,32Nvl_L3_EW,NONE,0.006,0.0
375,32Nvl_L1_NS,32NVL_NS,0.02,0.02
375,NvcNvl_L3_EW,NONE,0.028,0.0
375,32Mt_L2_EW,NONE,0.008,0.0
375,32Mt_L2_EW,32MT_EW,0.011,0.005
380,304Nvl_L1_NS,304NVL_NS,0.009,-0.015
380,304Nvl_L1_EW,304NVL_EW,0.135,0.135
380,304Nvl_L2_EW,304NVL_EW,0.116,0.116
380,32Nvl_L1_NS,32NVL_NS,0.035,0.028
380,32Nvl_L1_EW,32NVL_EW,0.007,0.007
380,32Nvl_L2_EW,32NVL_EW,0.008,0.008
380,32Nvl_L1_EW,32NVL_EW,0.04,0.04
380,32Nvl_L2_EW,32NVL_EW,0.045,0.045
380,32Nvl_L3_NS,NONE,0.008,0.0
380,32Nvl_L2_NS,32NVL_NS,0.008,0.008
380,NvcNvl_L1_EW,NVCNVL_EW,0.021,0.021
380,NvcNvl_L2_EW,NVCNVL_EW,0.023,0.023
380,32Mt_L1_NS,NONE,0.01,0.0
380,304Nvl_L3_EW,NONE,0.101,0.0
380,32Nvl_L3_EW,NONE,0.037,0.0
380,32Nvl_L3_EW,NONE,0.006,0.0
380,32Nvl_L1_NS,32NVL_NS,0.007,0.0
380,NvcNvl_L3_EW,NONE,0.028,0.0
385,304Nvl_L1_NS,304NVL_NS,0.009,0.009
385,304Nvl_L1_EW,304NVL_EW,0.135,0.135
385,304Nvl_L2_EW,304NVL_EW,0.116,0.116
385,32Nvl_L1_EW,32NVL_EW,0.007,0.002
385,32Nvl_L2_EW,32NVL_EW,0.008,0.004
385,32Nvl_L1_EW,32NVL_EW,0.04,0.035
385,32Nvl_L2_EW,32NVL_EW,0.045,0.041
385,32Nvl_L3_NS,NONE,0.008,0.0
385,32Nvl_L2_NS,32NVL_NS,0.008,0.008
385,NvcNvl_L3_NS,NONE,0.007,0.0
385,NvcNvl_L2_NS,NONE,0.007,0.0
385,NvcNvl_L1_EW,NVCNVL_EW,0.021,0.021
385,NvcNvl_L2_EW,NVCNVL_EW,0.023,0.023
385,32Mt_L1_EW,NONE,0.058,0.0
385,32Mt_L3_EW,NONE,0.053,0.0
385,32Mt_L1_EW,32MT_EW,0.007,0.002
385,32Mt_L1_NS,NONE,0.01,0.0
385,32Thn_L1_NS,32THN_NS,0.01,0.01
385,32Thn_L2_NS,32THN_NS,0.013,0.013
385,304Nvl_L3_EW,NONE,0.101,0.0
385,32Nvl_L3_EW,NONE,0.037,0.0
385,32Nvl_L3_EW,NONE,0.006,0.0
385,32Nvl_L1_NS,32NVL_NS,0.013,0.007
385,NvcNvl_L1_NS,NONE,0.009,0.0
385,NvcNvl_L3_EW,NONE,0.028,0.0
385,32Mt_L2_EW,NONE,0.053,0.0
385,32Mt_L2_EW,32MT_EW,0.005,0.0
390,304Nvl_L1_EW,304NVL_EW,0.135,0.135
390,304Nvl_L2_EW,304NVL_EW,0.116,0.116
390,32Nvl_L1_EW,32NVL_EW,0.007,0.007
390,32Nvl_L2_EW,32NVL_EW,0.008,0.008
390,32Nvl_L1_EW,32NVL_EW,0.04,0.04
390,32Nvl_L2_EW,32NVL_EW,0.045,0.045
390,NvcNvl_L3_NS,NONE,0.007,0.0
390,NvcNvl_L2_NS,NONE,0.007,0.0
390,NvcNvl_L1_EW,NVCNVL_EW,0.056,0.056
390,NvcNvl_L2_EW,NVCNVL_EW,0.023,0.023
390,32Mt_L1_EW,NONE,0.014,0.0
390,32Mt_L3_EW,NONE,0.009,0.0
390,32Thn_L1_NS,32THN_NS,0.01,0.01
390,32Thn_L2_NS,32THN_NS,0.013,0.013
390,304Nvl_L3_EW,NONE,0.101,0.0
390,32Nvl_L3_EW,NONE,0.037,0.0
390,32Nvl_L3_EW,NONE,0.006,0.0
390,NvcNvl_L1_NS,NONE,0.009,0.0
390,NvcNvl_L3_EW,NONE,0.028,0.0
390,32Mt_L2_EW,NONE,0.008,0.0
395,304Nvl_L1_EW,304NVL_EW,0.017,0.017
395,304Nvl_L2_EW,304NVL_EW,0.015,0.015
395,32Nvl_L1_EW,32NVL_EW,0.007,-0.003
395,32Nvl_L2_EW,32NVL_EW,0.008,0.0
395,32Nvl_L1_EW,32NVL_EW,0.04,0.031
395,32Nvl_L2_EW,32NVL_EW,0.045,0.037
395,NvcNvl_L1_EW,NONE,0.011,0.0
395,NvcNvl_L2_EW,NONE,0.008,0.0
395,NvcNvl_L1_EW,NVCNVL_EW,0.035,0.035
395,NvcNvl_L2_EW,NVCNVL_EW,0.039,0.039
395,32Mt_L1_EW,NONE,0.007,0.0
395,32Mt_L3_EW,NONE,0.009,0.0
395,32Mt_L1_EW,32MT_EW,0.014,0.009
395,32Mt_L1_NS,NONE,0.059,0.0
395,304Nvl_L3_EW,NONE,0.006,0.0
395,32Nvl_L3_EW,NONE,0.037,0.0
395,32Nvl_L3_EW,NONE,0.006,0.0
395,NvcNvl_L3_EW,NONE,0.047,0.0
395,32Mt_L2_EW,NONE,0.008,0.0
395,32Mt_L2_EW,32MT_EW,0.011,0.005
395,32Mt_L2_NS,NONE,0.009,0.0
400,304Nvl_L1_EW,304NVL_EW,0.102,0.102
400,304Nvl_L2_EW,304NVL_EW,0.087,0.087
400,304Nvl_L1_NS,NONE,0.007,0.0
400,32Nvl_L1_EW,32NVL_EW,0.014,0.004
400,32Nvl_L2_EW,32NVL_EW,0.015,0.012
400,32Nvl_L1_EW,32NVL_EW,0.04,0.031
400,32Nvl_L2_EW,32NVL_EW,0.045,0.041
400,NvcNvl_L1_EW,NONE,0.011,0.0
400,NvcNvl_L2_EW,NONE,0.008,0.0
400,32Mt_L1_EW,32MT_EW,0.014,0.004
400,304Nvl_L3_EW,NONE,0.076,0.0
400,32Nvl_L3_EW,NONE,0.037,0.0
400,32Nvl_L3_EW,NONE,0.013,0.0
400,32Mt_L2_EW,32MT_EW,0.005,-0.005
405,304Nvl_L1_EW,304NVL_EW,0.135,0.135
405,304Nvl_L2_EW,304NVL_EW,0.116,0.116
405,304Nvl_L1_NS,NONE,0.015,0.0
405,32Nvl_L1_EW,32NVL_EW,0.014,0.009
405,32Nvl_L2_EW,32NVL_EW,0.015,0.012
405,32Nvl_L1_EW,32NVL_EW,0.04,0.035
405,32Nvl_L2_EW,32NVL_EW,0.045,0.041
405,32Mt_L1_EW,32MT_EW,0.007,-0.003
405,32Mt_L1_NS,NONE,0.01,0.0
405,304Nvl_L3_EW,NONE,0.101,0.0
405,32Nvl_L3_EW,NONE,0.037,0.0
405,32Nvl_L3_EW,NONE,0.013,0.0
405,32Mt_L2_EW,32MT_EW,0.005,-0.005
405,32Mt_L2_NS,NONE,0.009,0.0
410,304Nvl_L1_EW,304NVL_EW,0.034,0.034
410,304Nvl_L2_EW,304NVL_EW,0.029,0.029
410,304Nvl_L1_NS,NONE,0.044,0.0
410,304Nvl_L3_NS,NONE,0.04,0.0
410,32Nvl_L1_EW,32NVL_EW,0.007,0.002
410,32Nvl_L2_EW,32NVL_EW,0.008,0.004
410,32Nvl_L1_EW,32NVL_EW,0.04,0.035
410,32Nvl_L2_EW,32NVL_EW,0.045,0.041
410,32Mt_L1_EW,32MT_EW,0.007,0.002
410,304Nvl_L3_EW,NONE,0.025,0.0
410,304Nvl_L2_NS,NONE,0.037,0.0
410,32Nvl_L3_EW,NONE,0.037,0.0
410,32Nvl_L3_EW,NONE,0.006,0.0
410,32Nvl_L1_NS,32NVL_NS,0.007,0.007
410,32Mt_L2_EW,32MT_EW,0.005,0.0
415,304Nvl_L1_EW,304NVL_EW,0.068,0.068
415,304Nvl_L2_EW,304NVL_EW,0.051,0.051
415,304Nvl_L1_NS,NONE,0.044,0.0
415,304Nvl_L3_NS,NONE,0.04,0.0
415,32Nvl_L1_EW,32NVL_EW,0.007,0.002
415,32Nvl_L2_EW,32NVL_EW,0.008,0.004
415,32Nvl_L1_EW,32NVL_EW,0.04,0.035
415,32Nvl_L2_EW,32NVL_EW,0.045,0.041
415,32Nvl_L3_NS,NONE,0.042,0.0
415,32Nvl_L2_NS,32NVL_NS,0.039,0.039
415,NvcNvl_L3_NS,NONE,0.014,0.0
415,NvcNvl_L2_NS,NONE,0.013,0.0
415,32Mt_L1_EW,32MT_EW,0.007,0.002
415,32Mt_L1_NS,NONE,0.01,0.0
415,NvcMt_L2_NS,NONE,0.026,0.0
415,304Nvl_L3_EW,NONE,0.044,0.0
415,304Nvl_L2_NS,NONE,0.037,0.0
415,32Nvl_L3_EW,NONE,0.037,0.0
415,32Nvl_L3_EW,NONE,0.006,0.0
415,32Nvl_L1_NS,32NVL_NS,0.034,0.034
415,NvcNvl_L1_NS,NONE,0.017,0.0
415,32Mt_L2_EW,32MT_EW,0.005,0.0
415,32Mt_L2_NS,NONE,0.009,0.0
415,NvcMt_L1_NS,NONE,0.027,0.0
420,304Nvl_L1_EW,304NVL_EW,0.102,0.102
420,304Nvl_L1_NS,NONE,0.022,0.0
420,32Nvl_L1_EW,32NVL_EW,0.014,0.004
420,32Nvl_L2_EW,32NVL_EW,0.015,0.006
420,32Nvl_L1_EW,32NVL_EW,0.04,0.03
420,32Nvl_L2_EW,32NVL_EW,0.045,0.035
420,NvcNvl_L3_NS,NONE,0.007,0.0
420,NvcNvl_L2_NS,NONE,0.007,0.0
420,32Mt_L1_EW,NONE,0.036,0.0
420,32Mt_L1_EW,32MT_EW,0.007,-0.003
420,32Mt_L1_NS,NONE,0.02,0.0
420,32Thn_L1_EW,32THN_EW,0.008,-0.002
420,32Thn_L2_EW,32THN_EW,0.008,-0.002
420,32Thn_L3_EW,NONE,0.008,0.0
420,32Nvl_L3_EW,NONE,0.037,0.0
420,32Nvl_L3_EW,NONE,0.013,0.0
420,NvcNvl_L1_NS,NONE,0.009,0.0
420,32Mt_L2_EW,NONE,0.038,0.0
420,32Mt_L2_EW,32MT_EW,0.005,-0.005
420,32Mt_L2_NS,NONE,0.009,0.0
425,304Nvl_L1_EW,304NVL_EW,0.059,0.059
425,304Nvl_L2_EW,304NVL_EW,0.007,0.007
425,304Nvl_L1_NS,NONE,0.044,0.0
425,32Nvl_L1_EW,32NVL_EW,0.014,0.014
425,32Nvl_L2_EW,32NVL_EW,0.015,0.015
425,32Nvl_L1_EW,32NVL_EW,0.04,0.04
425,32Nvl_L2_EW,32NVL_EW,0.045,0.045
425,NvcNvl_L3_NS,NONE,0.007,0.0
425,NvcNvl_L2_NS,NONE,0.007,0.0
425,32Mt_L1_NS,32MT_NS,0.006,0.006
425,32Mt_L1_EW,NONE,0.05,0.0
425,32Mt_L3_EW,NONE,0.062,0.0
425,32Thn_L1_EW,NONE,0.01,0.0
425,304Nvl_L3_EW,NONE,0.006,0.0
425,32Nvl_L3_EW,NONE,0.037,0.0
425,32Nvl_L3_EW,NONE,0.013,0.0
425,NvcNvl_L1_NS,NONE,0.009,0.0
425,32Mt_L2_EW,NONE,0.053,0.0
430,304Nvl_L1_EW,304NVL_EW,0.042,0.042
430,304Nvl_L1_NS,NONE,0.007,0.0
430,32Nvl_L1_NS,32NVL_NS,0.007,0.007
430,32Nvl_L1_EW,32NVL_EW,0.007,0.002
430,32Nvl_L2_EW,32NVL_EW,0.008,0.004
430,32Nvl_L1_EW,32NVL_EW,0.04,0.035
430,32Nvl_L2_EW,32NVL_EW,0.045,0.041
430,32Mt_L1_NS,32MT_NS,0.006,0.006
430,32Mt_L1_EW,NONE,0.014,0.0
430,32Mt_L3_EW,NONE,0.009,0.0
430,32Mt_L1_EW,32MT_EW,0.007,0.002
430,32Nvl_L2_NS,32NVL_NS,0.007,0.007
430,32Nvl_L3_EW,NONE,0.037,0.0
430,32Nvl_L3_EW,NONE,0.006,0.0
430,32Nvl_L1_NS,32NVL_NS,0.007,0.007
430,32Mt_L2_EW,NONE,0.008,0.0
430,32Mt_L2_EW,32MT_EW,0.005,0.0
435,32Nvl_L3_NS,NONE,0.089,0.0
435,32Nvl_L1_NS,32NVL_NS,0.097,0.097
435,32Nvl_L1_EW,32NVL_EW,0.007,0.007
435,32Nvl_L2_EW,32NVL_EW,0.008,0.008
435,32Nvl_L1_EW,32NVL_EW,0.04,0.04
435,32Nvl_L2_EW,32NVL_EW,0.045,0.045
435,32Nvl_L3_NS,NONE,0.008,0.0
435,32Nvl_L2_NS,32NVL_NS,0.008,0.008
435,NvcNvl_L2_NS,NONE,0.079,0.0
435,32Mt_L1_NS,32MT_NS,0.006,0.006
435,32Mt_L1_NS,NONE,0.049,0.0
435,32Nvl_L2_NS,32NVL_NS,0.093,0.093
435,32Nvl_L3_EW,NONE,0.037,0.0
435,32Nvl_L3_EW,NONE,0.006,0.0
435,32Nvl_L1_NS,32NVL_NS,0.007,0.007
435,NvcNvl_L1_NS,NONE,0.105,0.0
440,32Nvl_L3_NS,NONE,0.082,0.0
440,32Nvl_L1_NS,32NVL_NS,0.09,0.09
440,32Nvl_L1_EW,32NVL_EW,0.007,0.002
440,32Nvl_L2_EW,32NVL_EW,0.008,0.004
440,32Nvl_L1_EW,32NVL_EW,0.034,0.029
440,32Nvl_L2_EW,32NVL_EW,0.037,0.034
440,32Nvl_L3_NS,NONE,0.008,0.0
440,32Nvl_L2_NS,32NVL_NS,0.008,0.008
440,NvcNvl_L3_NS,NONE,0.081,0.0
440,NvcNvl_L2_NS,NONE,0.079,0.0
440,32Mt_L1_EW,32MT_EW,0.007,0.002
440,32Nvl_L2_NS,32NVL_NS,0.087,0.087
440,32Nvl_L3_EW,NONE,0.031,0.0
440,32Nvl_L3_EW,NONE,0.006,0.0
440,32Nvl_L1_NS,32NVL_NS,0.013,0.013
440,NvcNvl_L1_NS,NONE,0.105,0.0
440,32Mt_L2_EW,32MT_EW,0.005,0.0
445,304Thn_L1_EW,304THN_EW,0.041,-0.036
445,304Thn_L3_EW,NONE,0.039,0.0
445,304Nvl_L1_EW,304NVL_EW,0.11,0.081
445,304Nvl_L2_EW,304NVL_EW,0.094,0.068
445,32Nvl_L3_NS,NONE,0.089,0.0
445,32Nvl_L1_NS,32NVL_NS,0.097,0.097
445,32Nvl_L1_EW,32NVL_EW,0.035,0.035
445,32Nvl_L2_EW,32NVL_EW,0.039,0.039
445,32Nvl_L3_NS,NONE,0.008,0.0
445,32Nvl_L2_NS,32NVL_NS,0.008,0.008
445,NvcNvl_L1_EW,NVCNVL_EW,0.035,0.031
445,NvcNvl_L2_EW,NVCNVL_EW,0.039,0.03
445,32Mt_L1_EW,NONE,0.094,0.0
445,32Mt_L3_EW,NONE,0.106,0.0
445,NvcMt_L1_EW,NVCMT_EW,0.006,-0.018
445,NvcMt_L2_EW,NVCMT_EW,0.013,-0.014
445,304Nvl_L3_EW,NONE,0.082,0.0
445,32Nvl_L2_NS,32NVL_NS,0.093,0.093
445,32Nvl_L3_EW,NONE,0.031,0.0
445,32Nvl_L1_NS,32NVL_NS,0.013,0.013
445,NvcNvl_L3_EW,NONE,0.047,0.0
445,32Mt_L2_EW,NONE,0.09,0.0
445,NvcMt_L2_EW,NVCMT_EW,0.008,-0.019
445,NvcMt_L1_EW,NVCMT_EW,0.028,0.003
445,304Thn_L2_EW,304THN_EW,0.037,-0.029
450,304Nvl_L1_EW,304NVL_EW,0.127,0.127
450,304Nvl_L2_EW,304NVL_EW,0.109,0.109
450,32Nvl_L3_NS,NONE,0.095,0.0
450,32Nvl_L1_NS,32NVL_NS,0.111,0.111
450,32Nvl_L1_EW,32NVL_EW,0.035,0.035
450,32Nvl_L2_EW,32NVL_EW,0.039,0.039
450,32Nvl_L3_NS,NONE,0.017,0.0
450,32Nvl_L2_NS,32NVL_NS,0.016,0.016
450,NvcNvl_L3_NS,NONE,0.007,0.0
450,NvcNvl_L2_NS,NONE,0.007,0.0
450,32Mt_L1_EW,NONE,0.101,0.0
450,32Mt_L3_EW,NONE,0.124,0.0
450,NvcMt_L2_NS,NONE,0.005,0.0
450,304Nvl_L3_EW,NONE,0.095,0.0
450,32Nvl_L2_NS,32NVL_NS,0.107,0.107
450,32Nvl_L3_EW,NONE,0.031,0.0
450,32Nvl_L1_NS,32NVL_NS,0.06,0.06
450,NvcNvl_L1_NS,NONE,0.009,0.0
450,32Mt_L2_EW,NONE,0.106,0.0
450,NvcMt_L1_NS,NONE,0.005,0.0
455,304Nvl_L1_EW,304NVL_EW,0.144,0.144
455,304Nvl_L2_EW,304NVL_EW,0.123,0.123
455,304Nvl_L1_NS,NONE,0.007,0.0
455,32Nvl_L3_NS,NONE,0.129,0.0
455,32Nvl_L1_NS,32NVL_NS,0.159,0.159
455,32Nvl_L1_EW,32NVL_EW,0.042,0.042
455,32Nvl_L2_EW,32NVL_EW,0.046,0.046
455,32Nvl_L3_NS,NONE,0.025,0.0
455,32Nvl_L2_NS,32NVL_NS,0.024,0.024
455,NvcNvl_L3_NS,NONE,0.007,0.0
455,NvcNvl_L2_NS,NONE,0.007,0.0
455,32Mt_L1_EW,NONE,0.094,0.0
455,32Mt_L3_EW,NONE,0.106,0.0
455,NvcMt_L2_NS,NONE,0.005,0.0
455,NvcMt_L1_EW,NVCMT_EW,0.006,0.006
455,304Nvl_L3_EW,NONE,0.108,0.0
455,32Nvl_L2_NS,32NVL_NS,0.153,0.153
455,32Nvl_L3_EW,NONE,0.038,0.0
455,32Nvl_L1_NS,32NVL_NS,0.06,0.06
455,NvcNvl_L1_NS,NONE,0.009,0.0
455,32Mt_L2_EW,NONE,0.09,0.0
455,NvcMt_L1_NS,NONE,0.005,0.0
455,NvcMt_L2_EW,NVCMT_EW,0.008,0.008
460,304Nvl_L1_EW,304NVL_EW,0.135,0.135
460,304Nvl_L2_EW,304NVL_EW,0.116,0.116
460,32Nvl_L3_NS,NONE,0.041,0.0
460,32Nvl_L1_NS,32NVL_NS,0.055,0.055
460,32Nvl_L1_EW,32NVL_EW,0.035,-0.023
460,32Nvl_L2_EW,32NVL_EW,0.039,0.039
460,32Mt_L1_EW,NONE,0.007,0.0
460,32Mt_L3_EW,NONE,0.009,0.0
460,32Mt_L1_EW,32MT_EW,0.084,0.059
460,32Mt_L1_NS,NONE,0.01,0.0
460,NvcMt_L1_EW,NVCMT_EW,0.006,0.006
460,304Nvl_L3_EW,NONE,0.101,0.0
460,32Nvl_L2_NS,32NVL_NS,0.047,0.047
460,32Nvl_L3_EW,NONE,0.031,0.0
460,32Nvl_L1_NS,32NVL_NS,0.04,0.04
460,32Mt_L2_EW,NONE,0.008,0.0
460,NvcMt_L2_EW,NVCMT_EW,0.008,0.008
460,NvcMt_L1_EW,NVCMT_EW,0.006,0.006
465,304Nvl_L1_EW,304NVL_EW,0.152,0.152
465,304Nvl_L2_EW,304NVL_EW,0.131,0.131
465,32Nvl_L1_EW,32NVL_EW,0.035,-0.052
465,32Nvl_L2_EW,32NVL_EW,0.039,0.035
465,32Mt_L1_EW,32MT_EW,0.126,0.101
465,32Mt_L1_NS,NONE,0.059,0.0
465,NvcMt_L1_EW,NVCMT_EW,0.006,0.006
465,NvcCmt8_L2_EW,NONE,0.007,0.0
465,304Nvl_L3_EW,NONE,0.114,0.0
465,32Nvl_L3_EW,NONE,0.031,0.0
465,32Mt_L2_EW,32MT_EW,0.005,-0.022
465,NvcMt_L2_EW,NVCMT_EW,0.008,0.008
465,NvcMt_L1_EW,NVCMT_EW,0.006,0.006
465,NvcCmt8_L1_EW,NONE,0.006,0.0
470,304Nvl_L1_EW,304NVL_EW,0.042,0.042
470,304Nvl_L2_EW,304NVL_EW,0.036,0.036
470,304Nvl_L1_NS,NONE,0.007,0.0
470,32Nvl_L1_EW,32NVL_EW,0.035,-0.067
470,32Nvl_L2_EW,32NVL_EW,0.039,-0.015
470,32Nvl_L1_EW,32NVL_EW,0.007,-0.096
470,32Nvl_L2_EW,32NVL_EW,0.007,-0.046
470,32Nvl_L3_NS,NONE,0.008,0.0
470,32Nvl_L2_NS,32NVL_NS,0.008,0.008
470,NvcNvl_L1_EW,NVCNVL_EW,0.014,0.01
470,NvcNvl_L2_EW,NVCNVL_EW,0.016,0.016
470,32Mt_L1_EW,32MT_EW,0.146,0.122
470,NvcMt_L1_EW,NVCMT_EW,0.006,-0.004
470,304Nvl_L3_EW,NONE,0.032,0.0
470,32Nvl_L3_EW,NONE,0.006,0.0
470,32Nvl_L3_EW,NONE,0.031,0.0
470,32Nvl_L1_NS,32NVL_NS,0.013,0.013
470,NvcNvl_L3_EW,NONE,0.019,0.0
470,32Mt_L2_EW,32MT_EW,0.076,0.049
470,NvcMt_L2_EW,NVCMT_EW,0.008,-0.003
475,304Nvl_L1_NS,304NVL_NS,0.009,0.004
475,304Nvl_L3_NS,NONE,0.007,0.0
475,32Nvl_L3_NS,NONE,0.007,0.0
475,32Nvl_L1_NS,32NVL_NS,0.007,0.001
475,32Nvl_L1_EW,32NVL_EW,0.035,-0.067
475,32Nvl_L2_EW,32NVL_EW,0.039,-0.018
475,32Nvl_L1_EW,32NVL_EW,0.007,-0.096
475,32Nvl_L2_EW,32NVL_EW,0.007,-0.05
475,32Nvl_L3_NS,NONE,0.008,0.0
475,32Nvl_L2_NS,32NVL_NS,0.008,0.003
475,32Mt_L1_EW,NONE,0.007,0.0
475,32Mt_L3_EW,NONE,0.009,0.0
475,32Mt_L1_EW,32MT_EW,0.146,0.122
475,NvcMt_L2_NS,NONE,0.005,0.0
475,304Nvl_L2_NS,304NVL_NS,0.008,0.002
475,32Nvl_L2_NS,32NVL_NS,0.007,0.001
475,32Nvl_L3_EW,NONE,0.006,0.0
475,32Nvl_L3_EW,NONE,0.031,0.0
475,32Nvl_L1_NS,32NVL_NS,0.027,0.021
475,32Mt_L2_EW,NONE,0.008,0.0
475,32Mt_L2_EW,32MT_EW,0.082,0.055
475,NvcMt_L1_NS,NONE,0.005,0.0
475,NvcCmt8_L1_EW,NVCCMT8_EW,0.008,0.008
480,304Nvl_L1_NS,304NVL_NS,0.009,0.004
480,304Nvl_L3_NS,NONE,0.007,0.0
480,304Nvl_L1_NS,NONE,0.007,0.0
480,32Nvl_L1_NS,32NVL_NS,0.007,0.001
480,32Nvl_L1_EW,32NVL_EW,0.035,0.016
480,32Nvl_L2_EW,32NVL_EW,0.039,0.027
480,32Nvl_L1_EW,32NVL_EW,0.007,-0.013
480,32Nvl_L2_EW,32NVL_EW,0.007,-0.004
480,32Mt_L1_NS,32MT_NS,0.006,0.006
480,32Mt_L1_EW,32MT_EW,0.028,0.003
480,304Nvl_L2_NS,304NVL_NS,0.008,0.008
480,32Nvl_L3_EW,NONE,0.006,0.0
480,32Nvl_L3_EW,NONE,0.031,0.0
480,32Nvl_L1_NS,32NVL_NS,0.013,0.007
480,32Mt_L2_EW,32MT_EW,0.016,-0.011
485,304Nvl_L1_NS,304NVL_NS,0.009,0.009
485,304Nvl_L3_NS,NONE,0.007,0.0
485,304Nvl_L1_EW,304NVL_EW,0.102,0.102
485,304Nvl_L1_NS,NONE,0.015,0.0
485,32Nvl_L1_EW,32NVL_EW,0.035,0.026
485,32Nvl_L2_EW,32NVL_EW,0.039,0.031
485,32Nvl_L1_EW,32NVL_EW,0.007,-0.003
485,32Nvl_L2_EW,32NVL_EW,0.007,0.0
485,32Nvl_L3_NS,NONE,0.008,0.0
485,32Nvl_L2_NS,32NVL_NS,0.008,0.003
485,NvcNvl_L3_NS,NONE,0.007,0.0
485,NvcNvl_L2_NS,NONE,0.007,0.0
485,NvcNvl_L1_EW,NVCNVL_EW,0.007,0.007
485,32Mt_L1_EW,32MT_EW,0.014,-0.011
485,NvcCmt8_L2_EW,NVCCMT8_EW,0.005,0.005
485,304Nvl_L2_NS,304NVL_NS,0.008,0.002
485,32Nvl_L3_EW,NONE,0.006,0.0
485,32Nvl_L3_EW,NONE,0.031,0.0
485,32Nvl_L1_NS,32NVL_NS,0.013,0.007
485,NvcNvl_L1_NS,NONE,0.009,0.0
485,32Mt_L2_EW,32MT_EW,0.011,-0.016
485,NvcCmt8_L1_EW,NVCCMT8_EW,0.008,0.008
490,304Nvl_L1_NS,304NVL_NS,0.009,0.009
490,304Nvl_L3_NS,NONE,0.007,0.0
490,304Nvl_L1_EW,304NVL_EW,0.119,0.119
490,304Nvl_L1_NS,NONE,0.007,0.0
490,304Nvl_L3_NS,NONE,0.008,0.0
490,32Nvl_L1_EW,32NVL_EW,0.035,0.026
490,32Nvl_L2_EW,32NVL_EW,0.039,0.031
490,32Nvl_L1_EW,32NVL_EW,0.007,-0.003
490,32Nvl_L2_EW,32NVL_EW,0.007,0.0
490,NvcNvl_L3_NS,NONE,0.007,0.0
490,NvcNvl_L2_NS,NONE,0.013,0.0
490,32Mt_L1_EW,32MT_EW,0.014,-0.011
490,32Mt_L1_NS,NONE,0.02,0.0
490,NvcCmt8_L2_EW,NVCCMT8_EW,0.005,0.005
490,304Nvl_L2_NS,304NVL_NS,0.008,0.008
490,304Nvl_L2_NS,NONE,0.007,0.0
490,32Nvl_L3_EW,NONE,0.006,0.0
490,32Nvl_L3_EW,NONE,0.031,0.0
490,32Nvl_L1_NS,32NVL_NS,0.007,0.0
490,NvcNvl_L1_NS,NONE,0.017,0.0
490,32Mt_L2_EW,32MT_EW,0.011,-0.016
490,32Mt_L2_NS,NONE,0.017,0.0
490,NvcCmt8_L1_EW,NVCCMT8_EW,0.008,0.008
495,304Nvl_L1_NS,304NVL_NS,0.009,0.009
495,304Nvl_L3_NS,NONE,0.007,0.0
495,304Nvl_L1_EW,304NVL_EW,0.008,0.008
495,32Nvl_L1_EW,32NVL_EW,0.035,0.026
495,32Nvl_L2_EW,32NVL_EW,0.039,0.031
495,32Nvl_L1_EW,32NVL_EW,0.007,-0.003
495,32Nvl_L2_EW,32NVL_EW,0.007,0.0
495,NvcNvl_L3_NS,NONE,0.007,0.0
495,NvcNvl_L2_NS,NONE,0.007,0.0
495,NvcNvl_L1_EW,NONE,0.011,0.0
495,NvcNvl_L2_EW,NONE,0.008,0.0
495,32Mt_L1_NS,32MT_NS,0.006,0.006
495,32Mt_L1_EW,NONE,0.043,0.0
495,32Mt_L3_EW,NONE,0.053,0.0
495,32Mt_L1_EW,32MT_EW,0.014,-0.011
495,NvcMt_L1_EW,NVCMT_EW,0.006,0.001
495,NvcCmt8_L2_EW,NVCCMT8_EW,0.005,0.005
495,304Nvl_L2_NS,304NVL_NS,0.008,0.008
495,32Nvl_L3_EW,NONE,0.006,0.0
495,32Nvl_L3_EW,NONE,0.031,0.0
495,NvcNvl_L1_NS,NONE,0.009,0.0
495,32Mt_L2_EW,NONE,0.045,0.0
495,32Mt_L2_EW,32MT_EW,0.011,-0.016
495,NvcMt_L2_EW,NVCMT_EW,0.008,0.004
495,NvcCmt8_L1_EW,NVCCMT8_EW,0.008,0.003
500,304Nvl_L1_NS,304NVL_NS,0.009,0.004
500,304Nvl_L3_NS,NONE,0.007,0.0
500,304Nvl_L1_EW,304NVL_EW,0.008,0.008
500,32Nvl_L3_NS,NONE,0.007,0.0
500,32Nvl_L1_NS,32NVL_NS,0.007,0.001
500,32Nvl_L1_EW,32NVL_EW,0.035,0.026
500,32Nvl_L2_EW,32NVL_EW,0.039,0.031
500,32Nvl_L1_EW,32NVL_EW,0.007,-0.003
500,32Nvl_L2_EW,32NVL_EW,0.007,0.0
500,NvcNvl_L1_EW,NVCNVL_EW,0.007,0.003
500,32Mt_L1_EW,NONE,0.014,0.0
500,32Mt_L3_EW,NONE,0.009,0.0
500,32Mt_L1_EW,32MT_EW,0.014,-0.011
500,NvcMt_L1_EW,NVCMT_EW,0.006,-0.004
500,NvcCmt8_L2_EW,NVCCMT8_EW,0.005,0.005
500,304Nvl_L2_NS,304NVL_NS,0.008,0.008
500,32Nvl_L2_NS,32NVL_NS,0.007,0.001
500,32Nvl_L3_EW,NONE,0.006,0.0
500,32Nvl_L3_EW,NONE,0.031,0.0
500,32Mt_L2_EW,NONE,0.008,0.0
500,32Mt_L2_EW,32MT_EW,0.011,-0.016
500,NvcMt_L2_EW,NVCMT_EW,0.008,0.004
500,NvcCmt8_L1_EW,NVCCMT8_EW,0.008,0.003
505,304Nvl_L1_NS,304NVL_NS,0.009,0.009
505,304Nvl_L3_NS,NONE,0.007,0.0
505,304Nvl_L1_EW,NONE,0.041,0.0
505,304Nvl_L1_NS,NONE,0.007,0.0
505,304Nvl_L3_NS,NONE,0.008,0.0
505,304Nvl_L2_EW,NONE,0.043,0.0
505,32Nvl_L1_EW,32NVL_EW,0.042,0.008
505,32Nvl_L2_EW,32NVL_EW,0.046,0.039
505,32Nvl_L1_EW,32NVL_EW,0.007,-0.027
505,32Nvl_L2_EW,32NVL_EW,0.007,0.0
505,32Nvl_L3_NS,NONE,0.008,0.0
505,32Nvl_L2_NS,32NVL_NS,0.008,0.003
505,NvcNvl_L3_NS,NONE,0.007,0.0
505,NvcNvl_L2_NS,NONE,0.007,0.0
505,NvcNvl_L1_NS,NVCNVL_NS,0.007,0.007
505,32Mt_L1_EW,32MT_EW,0.049,0.019
505,32Mt_L1_NS,NONE,0.01,0.0
505,NvcMt_L1_EW,NVCMT_EW,0.006,0.001
505,NvcCmt8_L2_EW,NVCCMT8_EW,0.005,0.005
505,304Nvl_L2_NS,304NVL_NS,0.008,0.002
505,304Nvl_L3_EW,NONE,0.041,0.0
505,304Nvl_L2_NS,NONE,0.007,0.0
505,32Nvl_L3_EW,NONE,0.006,0.0
505,32Nvl_L3_EW,NONE,0.038,0.0
505,32Nvl_L1_NS,32NVL_NS,0.007,-0.004
505,NvcNvl_L1_NS,NONE,0.009,0.0
505,32Mt_L2_EW,32MT_EW,0.011,-0.022
505,NvcMt_L2_EW,NVCMT_EW,0.008,0.004
505,NvcCmt8_L1_EW,NVCCMT8_EW,0.008,0.003
505,NvcCmt8_L1_EW,NONE,0.006,0.0
510,304Nvl_L1_NS,304NVL_NS,0.009,-0.001
510,304Nvl_L3_NS,NONE,0.007,0.0
510,304Nvl_L1_EW,304NVL_EW,0.008,0.008
510,304Nvl_L2_EW,304NVL_EW,0.007,0.007
510,304Nvl_L1_NS,NONE,0.007,0.0
510,304Nvl_L3_NS,NONE,0.008,0.0
510,32Nvl_L3_NS,NONE,0.007,0.0
510,32Nvl_L1_NS,32NVL_NS,0.014,0.003
510,32Nvl_L3_NS,NONE,0.008,0.0
510,32Nvl_L2_NS,32NVL_NS,0.008,0.003
510,NvcNvl_L1_EW,NONE,0.011,0.0
510,NvcNvl_L2_EW,NONE,0.008,0.0
510,NvcNvl_L1_NS,NVCNVL_NS,0.007,-0.003
510,32Mt_L1_EW,32MT_EW,0.035,0.035
510,NvcMt_L1_EW,NVCMT_EW,0.013,0.013
510,304Nvl_L2_NS,304NVL_NS,0.008,0.002
510,304Nvl_L3_EW,NONE,0.006,0.0
510,304Nvl_L2_NS,NONE,0.007,0.0
510,32Nvl_L2_NS,32NVL_NS,0.013,0.008
510,32Nvl_L1_NS,32NVL_NS,0.007,-0.004
510,NvcMt_L2_EW,NVCMT_EW,0.016,0.016
510,NvcCmt8_L1_EW,NONE,0.006,0.0
515,304Nvl_L1_NS,304NVL_NS,0.009,-0.01
515,304Nvl_L3_NS,NONE,0.007,0.0
515,304Nvl_L1_EW,304NVL_EW,0.051,0.051
515,304Nvl_L2_EW,304NVL_EW,0.007,0.007
515,32Nvl_L3_NS,NONE,0.02,0.0
515,32Nvl_L1_NS,32NVL_NS,0.028,0.021
515,32Nvl_L3_NS,NONE,0.008,0.0
515,32Nvl_L2_NS,32NVL_NS,0.008,0.003
515,NvcNvl_L3_NS,NONE,0.007,0.0
515,NvcNvl_L2_NS,NONE,0.007,0.0
515,32Mt_L1_NS,32MT_NS,0.006,0.006
515,32Mt_L1_EW,NONE,0.007,0.0
515,32Mt_L1_EW,32MT_EW,0.035,0.035
515,32Mt_L1_NS,NONE,0.068,0.0
515,32Thn_L1_EW,32THN_EW,0.04,0.04
515,32Thn_L2_EW,32THN_EW,0.042,0.042
515,32Thn_L3_EW,NONE,0.041,0.0
515,304Nvl_L2_NS,304NVL_NS,0.008,0.002
515,304Nvl_L3_EW,NONE,0.006,0.0
515,32Nvl_L2_NS,32NVL_NS,0.027,0.021
515,32Nvl_L1_NS,32NVL_NS,0.013,0.007
515,NvcNvl_L1_NS,NONE,0.009,0.0
515,32Mt_L2_EW,32MT_EW,0.027,0.027
515,32Mt_L2_NS,NONE,0.061,0.0
520,304Nvl_L1_NS,304NVL_NS,0.009,-0.005
520,304Nvl_L3_NS,NONE,0.007,0.0
520,304Nvl_L1_EW,304NVL_EW,0.017,0.017
520,304Nvl_L2_EW,304NVL_EW,0.007,0.007
520,32Nvl_L3_NS,NONE,0.007,0.0
520,32Nvl_L1_NS,32NVL_NS,0.021,0.014
520,32Nvl_L3_NS,NONE,0.008,0.0
520,32Nvl_L2_NS,32NVL_NS,0.008,0.003
520,32Mt_L1_NS,32MT_NS,0.006,0.006
520,32Mt_L1_EW,NONE,0.043,0.0
520,32Mt_L3_EW,NONE,0.009,0.0
520,32Mt_L1_NS,NONE,0.01,0.0
520,32Thn_L1_EW,NONE,0.049,0.0
520,304Nvl_L2_NS,304NVL_NS,0.008,0.002
520,304Nvl_L3_EW,NONE,0.006,0.0
520,32Nvl_L2_NS,32NVL_NS,0.02,0.015
520,32Nvl_L1_NS,32NVL_NS,0.02,0.014
520,32Mt_L2_EW,NONE,0.045,0.0
520,32Mt_L2_NS,NONE,0.009,0.0
525,304Nvl_L1_NS,304NVL_NS,0.018,0.004
525,304Nvl_L3_NS,NONE,0.007,0.0
525,304Nvl_L1_EW,304NVL_EW,0.008,0.008
525,32Nvl_L3_NS,NONE,0.007,0.0
525,32Nvl_L1_NS,32NVL_NS,0.021,0.008
525,32Nvl_L1_EW,32NVL_EW,0.007,0.002
525,32Nvl_L2_EW,32NVL_EW,0.008,0.004
525,32Nvl_L3_NS,NONE,0.017,0.0
525,32Nvl_L2_NS,32NVL_NS,0.016,0.01
525,NvcNvl_L3_NS,NONE,0.034,0.0
525,NvcNvl_L2_NS,NONE,0.033,0.0
525,32Mt_L1_NS,32MT_NS,0.006,0.006
525,32Mt_L1_EW,NONE,0.086,0.0
525,32Mt_L3_EW,NONE,0.062,0.0
525,32Mt_L1_EW,32MT_EW,0.007,0.002
525,NvcMt_L2_NS,NONE,0.026,0.0
525,32Thn_L1_EW,NONE,0.049,0.0
525,304Nvl_L2_NS,304NVL_NS,0.008,-0.003
525,32Nvl_L2_NS,32NVL_NS,0.02,0.015
525,32Nvl_L3_EW,NONE,0.006,0.0
525,32Nvl_L1_NS,32NVL_NS,0.02,0.007
525,NvcNvl_L1_NS,NONE,0.044,0.0
525,32Mt_L2_EW,NONE,0.053,0.0
525,32Mt_L2_EW,32MT_EW,0.005,0.0
525,NvcMt_L1_NS,NONE,0.027,0.0
530,304Nvl_L1_NS,304NVL_NS,0.018,0.004
530,304Nvl_L3_NS,NONE,0.007,0.0
530,304Nvl_L1_NS,NONE,0.007,0.0
530,32Nvl_L3_NS,NONE,0.007,0.0
530,32Nvl_L1_NS,32NVL_NS,0.021,0.008
530,32Nvl_L3_NS,NONE,0.017,0.0
530,32Nvl_L2_NS,32NVL_NS,0.016,0.01
530,32Mt_L1_NS,32MT_NS,0.006,0.006
530,32Mt_L1_EW,NONE,0.022,0.0
530,32Mt_L3_EW,NONE,0.018,0.0
530,NvcCmt8_L2_NS,NONE,0.011,0.0
530,NvcCmt8_L1_NS,NONE,0.008,0.0
530,304Nvl_L2_NS,304NVL_NS,0.008,-0.003
530,32Nvl_L2_NS,32NVL_NS,0.02,0.015
530,32Nvl_L1_NS,32NVL_NS,0.02,0.007
530,32Mt_L2_EW,NONE,0.015,0.0
535,304Nvl_L1_NS,304NVL_NS,0.018,0.004
535,304Nvl_L3_NS,NONE,0.007,0.0
535,32Nvl_L3_NS,NONE,0.007,0.0
535,32Nvl_L1_NS,32NVL_NS,0.021,0.008
535,32Nvl_L3_NS,NONE,0.017,0.0
535,32Nvl_L2_NS,32NVL_NS,0.016,0.01
535,NvcNvl_L3_NS,NONE,0.007,0.0
535,NvcNvl_L2_NS,NONE,0.007,0.0
535,32Mt_L1_NS,32MT_NS,0.006,0.006
535,32Mt_L1_EW,NONE,0.007,0.0
535,32Mt_L3_EW,NONE,0.009,0.0
535,32Mt_L1_EW,32MT_EW,0.042,0.042
535,32Mt_L1_NS,NONE,0.01,0.0
535,NvcMt_L2_NS,NONE,0.005,0.0
535,304Nvl_L2_NS,304NVL_NS,0.008,-0.003
535,32Nvl_L2_NS,32NVL_NS,0.02,0.015
535,32Nvl_L1_NS,32NVL_NS,0.02,0.007
535,NvcNvl_L1_NS,NONE,0.009,0.0
535,32Mt_L2_EW,NONE,0.008,0.0
535,32Mt_L2_EW,32MT_EW,0.027,0.027
535,32Mt_L2_NS,NONE,0.009,0.0
535,NvcMt_L1_NS,NONE,0.005,0.0
540,304Nvl_L1_NS,304NVL_NS,0.009,-0.005
540,304Nvl_L3_NS,NONE,0.007,0.0
540,32Nvl_L3_NS,NONE,0.007,0.0
540,32Nvl_L1_NS,32NVL_NS,0.021,0.014
540,32Nvl_L3_NS,NONE,0.025,0.0
540,32Nvl_L2_NS,32NVL_NS,0.024,0.018
540,32Mt_L1_NS,32MT_NS,0.006,0.006
540,32Mt_L1_EW,NONE,0.007,0.0
540,32Mt_L1_EW,32MT_EW,0.042,0.042
540,NvcMt_L1_EW,NVCMT_EW,0.032,0.032
540,304Nvl_L2_NS,304NVL_NS,0.008,-0.009
540,32Nvl_L2_NS,32NVL_NS,0.02,0.015
540,32Nvl_L1_NS,32NVL_NS,0.027,0.021
540,32Mt_L2_EW,32MT_EW,0.027,0.027
540,NvcMt_L2_EW,NVCMT_EW,0.04,0.04
545,304Nvl_L1_NS,304NVL_NS,0.009,-0.005
545,304Nvl_L3_NS,NONE,0.007,0.0
545,304Nvl_L1_EW,304NVL_EW,0.008,0.008
545,304Nvl_L2_EW,304NVL_EW,0.007,0.007
545,32Nvl_L3_NS,NONE,0.007,0.0
545,32Nvl_L1_NS,32NVL_NS,0.021,0.014
545,32Nvl_L1_EW,32NVL_EW,0.007,-0.037
545,32Nvl_L2_EW,32NVL_EW,0.008,-0.027
545,32Nvl_L3_NS,NONE,0.042,0.0
545,32Nvl_L2_NS,32NVL_NS,0.039,0.034
545,NvcNvl_L3_NS,NONE,0.007,0.0
545,NvcNvl_L2_NS,NONE,0.007,0.0
545,NvcNvl_L1_EW,NONE,0.011,0.0
545,NvcNvl_L2_EW,NONE,0.008,0.0
545,32Mt_L1_NS,32MT_NS,0.006,0.006
545,32Mt_L1_EW,NONE,0.007,0.0
545,32Mt_L1_EW,32MT_EW,0.063,0.058
545,NvcMt_L1_EW,NVCMT_EW,0.006,0.006
545,304Nvl_L2_NS,304NVL_NS,0.008,-0.02
545,304Nvl_L3_EW,NONE,0.006,0.0
545,32Nvl_L2_NS,32NVL_NS,0.02,0.015
545,32Nvl_L3_EW,NONE,0.006,0.0
545,32Nvl_L1_NS,32NVL_NS,0.034,0.027
545,NvcNvl_L1_NS,NONE,0.009,0.0
545,32Mt_L2_EW,32MT_EW,0.049,0.044
545,NvcMt_L2_EW,NVCMT_EW,0.008,0.008
550,304Nvl_L1_NS,304NVL_NS,0.009,-0.005
550,304Nvl_L3_NS,NONE,0.007,0.0
550,32Nvl_L3_NS,NONE,0.007,0.0
550,32Nvl_L1_NS,32NVL_NS,0.021,0.014
550,32Nvl_L3_NS,NONE,0.042,0.0
550,32Nvl_L2_NS,32NVL_NS,0.039,0.034
550,NvcNvl_L3_NS,NONE,0.007,0.0
550,NvcNvl_L2_NS,NONE,0.007,0.0
550,32Mt_L1_EW,32MT_EW,0.014,0.014
550,304Nvl_L2_NS,304NVL_NS,0.008,-0.02
550,32Nvl_L2_NS,32NVL_NS,0.02,0.015
550,32Nvl_L1_NS,32NVL_NS,0.034,0.027
550,NvcNvl_L1_NS,NONE,0.009,0.0
550,32Mt_L2_EW,32MT_EW,0.011,0.011
555,304Nvl_L1_NS,304NVL_NS,0.018,-0.001
555,304Nvl_L3_NS,NONE,0.015,0.0
555,304Nvl_L1_NS,NONE,0.007,0.0
555,32Nvl_L3_NS,NONE,0.014,0.0
555,32Nvl_L1_NS,32NVL_NS,0.028,0.015
555,32Nvl_L3_NS,NONE,0.05,0.0
555,32Nvl_L2_NS,32NVL_NS,0.047,0.037
555,32Mt_L1_EW,NONE,0.043,0.0
555,32Mt_L1_EW,32MT_EW,0.007,0.007
555,32Mt_L1_NS,NONE,0.01,0.0
555,304Nvl_L2_NS,304NVL_NS,0.015,-0.018
555,32Nvl_L2_NS,32NVL_NS,0.027,0.016
555,32Nvl_L1_NS,32NVL_NS,0.047,0.034
555,32Mt_L2_EW,32MT_EW,0.005,0.005
560,304Nvl_L1_NS,304NVL_NS,0.018,-0.001
560,304Nvl_L3_NS,NONE,0.015,0.0
560,304Nvl_L1_EW,304NVL_EW,0.008,0.008
560,304Nvl_L2_EW,304NVL_EW,0.007,0.007
560,32Nvl_L3_NS,NONE,0.014,0.0
560,32Nvl_L1_NS,32NVL_NS,0.028,0.015
560,32Nvl_L3_NS,NONE,0.05,0.0
560,32Nvl_L2_NS,32NVL_NS,0.047,0.037
560,32Mt_L1_NS,32MT_NS,0.006,0.006
560,32Mt_L1_EW,NONE,0.079,0.0
560,32Mt_L3_EW,NONE,0.044,0.0
560,32Mt_L1_NS,NONE,0.01,0.0
560,NvcMt_L1_EW,NVCMT_EW,0.006,0.006
560,304Nvl_L2_NS,304NVL_NS,0.015,-0.018
560,304Nvl_L3_EW,NONE,0.006,0.0
560,32Nvl_L2_NS,32NVL_NS,0.027,0.016
560,32Nvl_L1_NS,32NVL_NS,0.047,0.034
560,32Mt_L2_EW,NONE,0.038,0.0
560,NvcMt_L2_EW,NVCMT_EW,0.008,0.008
565,304Nvl_L1_NS,304NVL_NS,0.009,0.004
565,304Nvl_L3_NS,NONE,0.007,0.0
565,304Nvl_L1_EW,304NVL_EW,0.008,0.008
565,304Nvl_L2_EW,304NVL_EW,0.007,0.007
565,32Nvl_L1_NS,32NVL_NS,0.007,0.001
565,32Nvl_L3_NS,NONE,0.025,0.0
565,32Nvl_L2_NS,32NVL_NS,0.024,0.018
565,NvcNvl_L3_NS,NONE,0.007,0.0
565,NvcNvl_L2_NS,NONE,0.007,0.0
565,32Mt_L1_NS,32MT_NS,0.006,0.006
565,32Mt_L1_EW,NONE,0.043,0.0
565,32Mt_L3_EW,NONE,0.009,0.0
565,32Mt_L1_EW,32MT_EW,0.035,0.035
565,NvcMt_L1_EW,NVCMT_EW,0.006,0.006
565,304Nvl_L2_NS,304NVL_NS,0.008,-0.009
565,304Nvl_L3_EW,NONE,0.006,0.0
565,32Nvl_L2_NS,32NVL_NS,0.007,0.001
565,32Nvl_L1_NS,32NVL_NS,0.02,0.014
565,NvcNvl_L1_NS,NONE,0.009,0.0
565,32Mt_L2_EW,NONE,0.045,0.0
565,32Mt_L2_EW,32MT_EW,0.027,0.027
565,NvcMt_L2_EW,NVCMT_EW,0.008,0.008
570,304Nvl_L1_EW,304NVL_EW,0.008,0.008
570,304Nvl_L2_EW,304NVL_EW,0.007,0.007
570,304Nvl_L1_NS,NONE,0.007,0.0
570,32Nvl_L3_NS,NONE,0.025,0.0
570,32Nvl_L2_NS,32NVL_NS,0.024,0.024
570,NvcNvl_L3_NS,NONE,0.007,0.0
570,NvcNvl_L2_NS,NONE,0.007,0.0
570,32Mt_L1_NS,32MT_NS,0.006,0.006
570,32Mt_L1_EW,32MT_EW,0.035,0.035
570,NvcMt_L2_NS,NONE,0.005,0.0
570,NvcMt_L1_EW,NVCMT_EW,0.006,0.006
570,304Nvl_L3_EW,NONE,0.006,0.0
570,32Nvl_L1_NS,32NVL_NS,0.02,0.02
570,NvcNvl_L1_NS,NONE,0.009,0.0
570,32Mt_L2_NS,32MT_NS,0.006,0.006
570,32Mt_L2_EW,32MT_EW,0.027,0.027
570,NvcMt_L1_NS,NONE,0.005,0.0
570,NvcMt_L2_EW,NVCMT_EW,0.008,0.008
575,304Nvl_L1_EW,304NVL_EW,0.017,0.017
575,304Nvl_L2_EW,304NVL_EW,0.015,0.015
575,304Nvl_L1_NS,NONE,0.007,0.0
575,32Nvl_L1_NS,32NVL_NS,0.007,0.007
575,32Nvl_L3_NS,NONE,0.017,0.0
575,32Nvl_L2_NS,32NVL_NS,0.016,0.016
575,NvcNvl_L3_NS,NONE,0.007,0.0
575,NvcNvl_L2_NS,NONE,0.007,0.0
575,32Mt_L1_EW,NONE,0.007,0.0
575,32Mt_L3_EW,NONE,0.009,0.0
575,32Mt_L1_EW,32MT_EW,0.07,0.07
575,32Mt_L1_NS,NONE,0.068,0.0
575,NvcMt_L2_NS,NONE,0.005,0.0
575,304Nvl_L3_EW,NONE,0.013,0.0
575,32Nvl_L1_NS,32NVL_NS,0.02,0.02
575,NvcNvl_L1_NS,NONE,0.009,0.0
575,32Mt_L2_EW,NONE,0.008,0.0
575,32Mt_L2_EW,32MT_EW,0.027,0.027
575,32Mt_L2_NS,NONE,0.052,0.0
575,NvcMt_L1_NS,NONE,0.005,0.0
580,304Thn_L1_EW,304THN_EW,0.008,0.002
580,304Thn_L3_EW,NONE,0.008,0.0
580,304Nvl_L1_EW,304NVL_EW,0.008,0.003
580,304Nvl_L2_EW,304NVL_EW,0.007,0.002
580,32Nvl_L3_NS,NONE,0.007,0.0
580,32Nvl_L1_NS,32NVL_NS,0.007,0.007
580,32Nvl_L3_NS,NONE,0.017,0.0
580,32Nvl_L2_NS,32NVL_NS,0.016,0.016
580,NvcNvl_L2_NS,NONE,0.007,0.0
580,32Mt_L1_EW,32MT_EW,0.077,0.077
580,32Mt_L1_NS,NONE,0.01,0.0
580,NvcMt_L2_NS,NONE,0.005,0.0
580,304Nvl_L3_EW,NONE,0.006,0.0
580,32Nvl_L2_NS,32NVL_NS,0.007,0.007
580,32Nvl_L1_NS,32NVL_NS,0.013,0.013
580,NvcNvl_L1_NS,NONE,0.009,0.0
580,32Mt_L2_EW,32MT_EW,0.054,0.054
580,32Mt_L2_NS,NONE,0.009,0.0
580,NvcMt_L1_NS,NONE,0.005,0.0
580,304Thn_L2_EW,304THN_EW,0.007,0.002
585,304Thn_L1_EW,304THN_EW,0.008,0.008
585,304Thn_L3_EW,NONE,0.008,0.0
585,304Nvl_L1_NS,NONE,0.007,0.0
585,NvcNvl_L3_NS,NONE,0.014,0.0
585,NvcNvl_L2_NS,NONE,0.013,0.0
585,32Mt_L1_NS,32MT_NS,0.031,0.031
585,32Mt_L1_EW,32MT_EW,0.077,0.077
585,32Nvl_L1_NS,32NVL_NS,0.007,0.007
585,NvcNvl_L1_NS,NONE,0.017,0.0
585,32Mt_L2_EW,32MT_EW,0.06,0.06
585,NvcMt_L1_EW,NVCMT_EW,0.006,0.006
585,304Thn_L2_EW,304THN_EW,0.007,0.007
590,304Nvl_L1_NS,NONE,0.007,0.0
590,32Nvl_L1_NS,32NVL_NS,0.007,0.007
590,32Nvl_L1_EW,32NVL_EW,0.034,0.024
590,32Nvl_L2_EW,32NVL_EW,0.037,0.03
590,NvcNvl_L3_NS,NONE,0.007,0.0
590,NvcNvl_L2_NS,NONE,0.007,0.0
590,NvcNvl_L1_EW,NVCNVL_EW,0.014,0.014
590,NvcNvl_L2_EW,NVCNVL_EW,0.008,0.008
590,32Mt_L1_NS,32MT_NS,0.031,0.031
590,32Mt_L1_EW,NONE,0.007,0.0
590,32Mt_L3_EW,NONE,0.009,0.0
590,32Mt_L1_EW,32MT_EW,0.014,0.014
590,32Nvl_L3_EW,NONE,0.031,0.0
590,32Nvl_L1_NS,32NVL_NS,0.007,0.007
590,NvcNvl_L1_NS,NONE,0.009,0.0
590,NvcNvl_L3_EW,NONE,0.009,0.0
590,32Mt_L2_EW,NONE,0.008,0.0
590,32Mt_L2_EW,32MT_EW,0.011,0.011
590,NvcMt_L1_EW,NVCMT_EW,0.006,-0.004
595,304Nvl_L1_EW,304NVL_EW,0.008,0.008
595,304Nvl_L2_EW,304NVL_EW,0.007,0.007
595,304Nvl_L1_NS,NONE,0.007,0.0
595,32Nvl_L1_EW,32NVL_EW,0.034,0.029
595,32Nvl_L2_EW,32NVL_EW,0.037,0.037
595,NvcNvl_L1_EW,NVCNVL_EW,0.021,0.021
595,NvcNvl_L2_EW,NVCNVL_EW,0.016,0.016
595,NvcNvl_L1_NS,NVCNVL_NS,0.007,0.007
595,32Mt_L1_NS,32MT_NS,0.006,0.006
595,32Mt_L1_EW,NONE,0.014,0.0
595,32Mt_L3_EW,NONE,0.018,0.0
595,32Mt_L1_EW,32MT_EW,0.007,0.007
595,32Mt_L1_NS,NONE,0.049,0.0
595,NvcCmt8_L2_NS,NONE,0.011,0.0
595,NvcCmt8_L1_NS,NONE,0.008,0.0
595,304Nvl_L3_EW,NONE,0.006,0.0
595,32Nvl_L3_EW,NONE,0.031,0.0
595,NvcNvl_L3_EW,NONE,0.019,0.0
595,32Mt_L2_EW,NONE,0.015,0.0
600,32Nvl_L1_NS,32NVL_NS,0.007,0.007
600,32Nvl_L1_EW,32NVL_EW,0.034,0.029
600,32Nvl_L2_EW,32NVL_EW,0.037,0.034
600,NvcNvl_L1_EW,NVCNVL_EW,0.014,-0.013
600,NvcNvl_L2_EW,NVCNVL_EW,0.016,0.016
600,32Mt_L1_NS,32MT_NS,0.006,0.006
600,32Mt_L1_EW,32MT_EW,0.007,0.007
600,32Mt_L1_NS,NONE,0.049,0.0
600,NvcMt_L2_NS,NONE,0.026,0.0
600,NvcMt_L1_EW,NVCMT_EW,0.038,0.028
600,NvcCmt8_L2_NS,NONE,0.011,0.0
600,NvcCmt8_L1_NS,NONE,0.008,0.0
600,32Nvl_L2_NS,32NVL_NS,0.007,0.007
600,32Nvl_L3_EW,NONE,0.031,0.0
600,NvcNvl_L3_EW,NONE,0.019,0.0
600,32Mt_L2_EW,32MT_EW,0.005,0.005
600,NvcMt_L1_NS,NONE,0.027,0.0
600,NvcMt_L2_EW,NVCMT_EW,0.048,0.037
605,304Nvl_L1_EW,304NVL_EW,0.11,0.11
605,304Nvl_L2_EW,304NVL_EW,0.094,0.094
605,304Nvl_L1_NS,NONE,0.015,0.0
605,304Nvl_L3_NS,NONE,0.008,0.0
605,32Nvl_L1_EW,32NVL_EW,0.034,0.029
605,32Nvl_L2_EW,32NVL_EW,0.037,0.034
605,NvcNvl_L1_EW,NVCNVL_EW,0.014,-0.017
605,NvcNvl_L2_EW,NVCNVL_EW,0.016,0.016
605,32Mt_L1_NS,32MT_NS,0.006,0.006
605,32Mt_L1_EW,32MT_EW,0.007,0.007
605,NvcMt_L2_NS,NONE,0.053,0.0
605,NvcMt_L1_EW,NVCMT_EW,0.044,0.035
605,304Nvl_L3_EW,NONE,0.082,0.0
605,304Nvl_L2_NS,NONE,0.007,0.0
605,32Nvl_L3_EW,NONE,0.031,0.0
605,32Nvl_L1_NS,32NVL_NS,0.007,0.007
605,NvcNvl_L3_EW,NONE,0.019,0.0
605,32Mt_L2_EW,32MT_EW,0.005,0.005
605,NvcMt_L1_NS,NONE,0.055,0.0
605,NvcMt_L2_EW,NVCMT_EW,0.056,0.045
610,304Nvl_L1_EW,304NVL_EW,0.025,0.025
610,304Nvl_L2_EW,304NVL_EW,0.022,0.022
610,32Nvl_L3_NS,NONE,0.007,0.0
610,32Nvl_L1_NS,32NVL_NS,0.007,0.007
610,32Nvl_L1_EW,32NVL_EW,0.007,0.007
610,32Nvl_L2_EW,32NVL_EW,0.008,0.008
610,32Nvl_L1_EW,32NVL_EW,0.034,0.034
610,32Nvl_L2_EW,32NVL_EW,0.037,0.037
610,32Nvl_L3_NS,NONE,0.008,0.0
610,32Nvl_L2_NS,32NVL_NS,0.008,0.008
610,NvcNvl_L3_NS,NONE,0.007,0.0
610,NvcNvl_L2_NS,NONE,0.007,0.0
610,NvcNvl_L1_EW,NVCNVL_EW,0.014,-0.017
610,NvcNvl_L2_EW,NVCNVL_EW,0.016,0.014
610,32Mt_L1_NS,32MT_NS,0.006,0.006
610,32Mt_L1_EW,NONE,0.036,0.0
610,32Mt_L3_EW,NONE,0.044,0.0
610,NvcMt_L1_EW,NVCMT_EW,0.044,0.035
610,NvcMt_L2_EW,NVCMT_EW,0.003,-0.008
610,304Nvl_L3_EW,NONE,0.019,0.0
610,32Nvl_L2_NS,32NVL_NS,0.007,0.007
610,32Nvl_L3_EW,NONE,0.031,0.0
610,32Nvl_L3_EW,NONE,0.006,0.0
610,32Nvl_L1_NS,32NVL_NS,0.007,0.007
610,NvcNvl_L1_NS,NONE,0.009,0.0
610,NvcNvl_L3_EW,NONE,0.019,0.0
610,32Mt_L2_NS,32MT_NS,0.006,0.006
610,32Mt_L2_EW,NONE,0.038,0.0
610,NvcMt_L2_EW,NVCMT_EW,0.056,0.045
610,NvcMt_L1_EW,NVCMT_EW,0.006,-0.004
615,304Nvl_L1_NS,304NVL_NS,0.009,0.004
615,304Nvl_L3_NS,NONE,0.007,0.0
615,304Nvl_L1_EW,304NVL_EW,0.025,0.025
615,304Nvl_L2_EW,304NVL_EW,0.015,0.015
615,304Nvl_L1_NS,NONE,0.095,0.0
615,304Nvl_L3_NS,NONE,0.008,0.0
615,32Nvl_L3_NS,NONE,0.007,0.0
615,32Nvl_L1_NS,32NVL_NS,0.007,0.001
615,32Nvl_L1_EW,32NVL_EW,0.007,0.007
615,32Nvl_L2_EW,32NVL_EW,0.008,0.008
615,32Nvl_L1_EW,32NVL_EW,0.034,0.034
615,32Nvl_L2_EW,32NVL_EW,0.037,0.037
615,NvcNvl_L3_NS,NONE,0.007,0.0
615,NvcNvl_L2_NS,NONE,0.007,0.0
615,NvcNvl_L1_EW,NVCNVL_EW,0.014,-0.013
615,NvcNvl_L2_EW,NVCNVL_EW,0.016,0.012
615,32Mt_L1_NS,32MT_NS,0.006,0.006
615,32Mt_L1_EW,NONE,0.086,0.0
615,32Mt_L3_EW,NONE,0.106,0.0
615,NvcMt_L1_EW,NVCMT_EW,0.038,0.023
615,NvcMt_L2_EW,NVCMT_EW,0.005,-0.009
615,NvcCmt8_L2_EW,NVCCMT8_EW,0.005,0.002
615,304Nvl_L2_NS,304NVL_NS,0.008,0.008
615,304Nvl_L3_EW,NONE,0.013,0.0
615,304Nvl_L2_NS,NONE,0.007,0.0
615,32Nvl_L2_NS,32NVL_NS,0.007,0.001
615,32Nvl_L3_EW,NONE,0.031,0.0
615,32Nvl_L3_EW,NONE,0.006,0.0
615,NvcNvl_L1_NS,NONE,0.009,0.0
615,NvcNvl_L3_EW,NONE,0.019,0.0
615,32Mt_L2_NS,32MT_NS,0.006,0.006
615,32Mt_L2_EW,NONE,0.09,0.0
615,NvcMt_L2_EW,NVCMT_EW,0.048,0.033
615,NvcMt_L1_EW,NVCMT_EW,0.011,-0.004
615,NvcCmt8_L1_EW,NVCCMT8_EW,0.008,-0.019
620,304Nvl_L1_NS,304NVL_NS,0.009,0.009
620,304Nvl_L3_NS,NONE,0.007,0.0
620,304Nvl_L1_EW,304NVL_EW,0.008,0.008
620,304Nvl_L2_EW,304NVL_EW,0.007,0.007
620,304Nvl_L1_NS,NONE,0.102,0.0
620,32Nvl_L1_EW,32NVL_EW,0.007,-0.017
620,32Nvl_L2_EW,32NVL_EW,0.008,-0.011
620,32Nvl_L1_EW,32NVL_EW,0.034,0.009
620,32Nvl_L2_EW,32NVL_EW,0.037,0.018
620,32Nvl_L3_NS,NONE,0.042,0.0
620,32Nvl_L2_NS,32NVL_NS,0.039,0.034
620,NvcNvl_L3_NS,NONE,0.007,0.0
620,NvcNvl_L2_NS,NONE,0.007,0.0
620,32Mt_L1_NS,32MT_NS,0.006,0.006
620,32Mt_L1_EW,NONE,0.022,0.0
620,32Mt_L3_EW,NONE,0.027,0.0
620,32Mt_L1_EW,32MT_EW,0.035,0.03
620,32Mt_L1_NS,NONE,0.01,0.0
620,NvcMt_L2_EW,NVCMT_EW,0.005,0.002
620,NvcCmt8_L2_EW,NVCCMT8_EW,0.005,0.002
620,NvcCmt8_L1_NS,NONE,0.008,0.0
620,304Nvl_L2_NS,304NVL_NS,0.008,-0.02
620,304Nvl_L3_EW,NONE,0.006,0.0
620,32Nvl_L3_EW,NONE,0.031,0.0
620,32Nvl_L3_EW,NONE,0.006,0.0
620,32Nvl_L1_NS,32NVL_NS,0.04,0.034
620,NvcNvl_L1_NS,NONE,0.009,0.0
620,32Mt_L2_NS,32MT_NS,0.006,0.006
620,32Mt_L2_EW,NONE,0.023,0.0
620,32Mt_L2_EW,32MT_EW,0.027,0.022
620,32Mt_L2_NS,NONE,0.009,0.0
620,NvcMt_L1_EW,NVCMT_EW,0.011,0.006
620,NvcCmt8_L1_EW,NVCCMT8_EW,0.008,0.008
625,304Nvl_L1_NS,304NVL_NS,0.009,0.004
625,304Nvl_L3_NS,NONE,0.007,0.0
625,304Nvl_L1_EW,304NVL_EW,0.025,0.025
625,304Nvl_L2_EW,304NVL_EW,0.007,0.007
625,304Nvl_L1_EW,NONE,0.008,0.0
625,304Nvl_L1_NS,NONE,0.015,0.0
625,32Nvl_L3_NS,NONE,0.007,0.0
625,32Nvl_L1_NS,32NVL_NS,0.007,0.001
625,32Nvl_L1_EW,32NVL_EW,0.007,0.007
625,32Nvl_L2_EW,32NVL_EW,0.008,0.008
625,32Nvl_L1_EW,32NVL_EW,0.034,0.034
625,32Nvl_L2_EW,32NVL_EW,0.037,0.037
625,32Nvl_L3_NS,NONE,0.058,0.0
625,32Nvl_L2_NS,32NVL_NS,0.063,0.058
625,NvcNvl_L3_NS,NONE,0.014,0.0
625,NvcNvl_L2_NS,NONE,0.02,0.0
625,NvcNvl_L1_EW,NONE,0.011,0.0
625,32Mt_L1_NS,32MT_NS,0.006,0.006
625,32Mt_L1_EW,NONE,0.007,0.0
625,32Mt_L3_EW,NONE,0.009,0.0
625,304Nvl_L2_NS,304NVL_NS,0.008,-0.037
625,32Nvl_L2_NS,32NVL_NS,0.007,0.001
625,32Nvl_L3_EW,NONE,0.031,0.0
625,32Nvl_L3_EW,NONE,0.006,0.0
625,32Nvl_L1_NS,32NVL_NS,0.06,0.054
625,NvcNvl_L1_NS,NONE,0.026,0.0
625,32Mt_L2_NS,32MT_NS,0.006,0.006
625,32Mt_L2_EW,NONE,0.008,0.0
630,304Nvl_L1_NS,304NVL_NS,0.009,0.009
630,304Nvl_L3_NS,NONE,0.007,0.0
630,304Nvl_L1_EW,304NVL_EW,0.008,0.008
630,304Nvl_L2_EW,304NVL_EW,0.007,0.007
630,304Nvl_L1_NS,NONE,0.015,0.0
630,32Nvl_L1_EW,32NVL_EW,0.014,-0.059
630,32Nvl_L2_EW,32NVL_EW,0.015,-0.03
630,32Nvl_L1_EW,32NVL_EW,0.034,-0.04
630,32Nvl_L2_EW,32NVL_EW,0.037,-0.008
630,32Nvl_L3_NS,NONE,0.025,0.0
630,32Nvl_L2_NS,32NVL_NS,0.024,0.018
630,NvcNvl_L3_NS,NONE,0.02,0.0
630,NvcNvl_L2_NS,NONE,0.02,0.0
630,NvcNvl_L1_EW,NONE,0.011,0.0
630,NvcNvl_L2_EW,NONE,0.008,0.0
630,NvcNvl_L1_EW,NVCNVL_EW,0.014,0.014
630,NvcNvl_L2_EW,NVCNVL_EW,0.008,0.008
630,32Mt_L1_NS,32MT_NS,0.006,0.006
630,32Mt_L1_EW,32MT_EW,0.105,0.095
630,304Nvl_L2_NS,304NVL_NS,0.008,-0.009
630,32Nvl_L3_EW,NONE,0.031,0.0
630,32Nvl_L3_EW,NONE,0.013,0.0
630,32Nvl_L1_NS,32NVL_NS,0.02,0.014
630,NvcNvl_L1_NS,NONE,0.026,0.0
630,NvcNvl_L3_EW,NONE,0.009,0.0
630,32Mt_L2_EW,32MT_EW,0.065,0.054
630,NvcCmt8_L1_EW,NONE,0.006,0.0
635,304Nvl_L1_NS,304NVL_NS,0.009,0.004
635,304Nvl_L3_NS,NONE,0.007,0.0
635,304Nvl_L1_EW,304NVL_EW,0.008,0.008
635,304Nvl_L2_EW,304NVL_EW,0.007,0.007
635,304Nvl_L1_NS,NONE,0.007,0.0
635,32Nvl_L1_NS,32NVL_NS,0.007,0.001
635,32Nvl_L1_EW,32NVL_EW,0.007,-0.066
635,32Nvl_L2_EW,32NVL_EW,0.008,-0.046
635,32Nvl_L1_EW,32NVL_EW,0.034,-0.04
635,32Nvl_L2_EW,32NVL_EW,0.037,-0.016
635,NvcNvl_L3_NS,NONE,0.007,0.0
635,NvcNvl_L2_NS,NONE,0.007,0.0
635,32Mt_L1_NS,32MT_NS,0.006,0.006
635,32Mt_L1_EW,NONE,0.007,0.0
635,32Mt_L3_EW,NONE,0.009,0.0
635,32Mt_L1_EW,32MT_EW,0.105,0.1
635,NvcMt_L2_NS,NONE,0.026,0.0
635,NvcCmt8_L2_NS,NONE,0.065,0.0
635,NvcCmt8_L1_NS,NONE,0.046,0.0
635,304Nvl_L2_NS,304NVL_NS,0.008,0.008
635,304Nvl_L3_EW,NONE,0.006,0.0
635,32Nvl_L2_NS,32NVL_NS,0.007,0.001
635,32Nvl_L3_EW,NONE,0.031,0.0
635,32Nvl_L3_EW,NONE,0.006,0.0
635,32Nvl_L1_NS,32NVL_NS,0.007,0.0
635,NvcNvl_L1_NS,NONE,0.009,0.0
635,32Mt_L2_EW,NONE,0.008,0.0
635,32Mt_L2_EW,32MT_EW,0.076,0.071
635,NvcMt_L1_NS,NONE,0.027,0.0
640,304Nvl_L1_NS,304NVL_NS,0.018,0.013
640,304Nvl_L3_NS,NONE,0.015,0.0
640,304Nvl_L1_EW,304NVL_EW,0.008,0.008
640,304Nvl_L2_EW,304NVL_EW,0.007,0.007
640,32Nvl_L1_NS,32NVL_NS,0.007,-0.006
640,32Nvl_L1_EW,32NVL_EW,0.007,0.002
640,32Nvl_L2_EW,32NVL_EW,0.008,0.004
640,32Nvl_L1_EW,32NVL_EW,0.034,0.029
640,32Nvl_L2_EW,32NVL_EW,0.037,0.034
640,32Nvl_L3_NS,NONE,0.017,0.0
640,32Nvl_L2_NS,32NVL_NS,0.016,0.005
640,NvcNvl_L3_NS,NONE,0.007,0.0
640,NvcNvl_L2_NS,NONE,0.007,0.0
640,NvcNvl_L1_EW,NONE,0.053,0.0
640,NvcNvl_L2_EW,NONE,0.038,0.0
640,NvcNvl_L1_EW,NVCNVL_EW,0.014,0.014
640,32Mt_L1_EW,NONE,0.007,0.0
640,32Mt_L1_EW,32MT_EW,0.007,0.002
640,32Mt_L1_NS,NONE,0.01,0.0
640,NvcCmt8_L2_NS,NONE,0.054,0.0
640,NvcCmt8_L1_NS,NONE,0.046,0.0
640,304Nvl_L2_NS,304NVL_NS,0.015,0.004
640,304Nvl_L3_EW,NONE,0.006,0.0
640,32Nvl_L3_EW,NONE,0.031,0.0
640,32Nvl_L3_EW,NONE,0.006,0.0
640,32Nvl_L1_NS,32NVL_NS,0.013,0.001
640,NvcNvl_L1_NS,NONE,0.009,0.0
640,NvcNvl_L3_EW,NONE,0.032,0.0
640,32Mt_L2_EW,32MT_EW,0.005,0.0
640,32Mt_L2_NS,NONE,0.009,0.0
645,304Nvl_L1_NS,304NVL_NS,0.018,0.018
645,304Nvl_L3_NS,NONE,0.015,0.0
645,304Nvl_L1_EW,304NVL_EW,0.034,0.034
645,304Nvl_L2_EW,304NVL_EW,0.029,0.029
645,32Nvl_L1_EW,32NVL_EW,0.007,0.002
645,32Nvl_L2_EW,32NVL_EW,0.008,0.004
645,32Nvl_L1_EW,32NVL_EW,0.034,0.029
645,32Nvl_L2_EW,32NVL_EW,0.037,0.034
645,32Nvl_L3_NS,NONE,0.1,0.0
645,32Nvl_L2_NS,32NVL_NS,0.095,0.084
645,NvcNvl_L1_EW,NONE,0.075,0.0
645,NvcNvl_L2_EW,NONE,0.054,0.0
645,32Mt_L1_EW,32MT_EW,0.007,0.002
645,NvcCmt8_L2_NS,NONE,0.011,0.0
645,NvcCmt8_L1_NS,NONE,0.008,0.0
645,304Nvl_L2_NS,304NVL_NS,0.015,-0.051
645,304Nvl_L3_EW,NONE,0.025,0.0
645,32Nvl_L3_EW,NONE,0.031,0.0
645,32Nvl_L3_EW,NONE,0.006,0.0
645,32Nvl_L1_NS,32NVL_NS,0.087,0.075
645,NvcNvl_L3_EW,NONE,0.044,0.0
645,32Mt_L2_EW,32MT_EW,0.005,0.0
650,304Nvl_L1_NS,304NVL_NS,0.018,-0.045
650,304Nvl_L3_NS,NONE,0.015,0.0
650,304Nvl_L1_EW,304NVL_EW,0.008,0.008
650,304Nvl_L2_EW,304NVL_EW,0.007,0.007
650,304Nvl_L1_NS,NONE,0.007,0.0
650,32Nvl_L3_NS,NONE,0.089,0.0
650,32Nvl_L1_NS,32NVL_NS,0.09,0.077
650,32Nvl_L1_EW,32NVL_EW,0.007,0.002
650,32Nvl_L2_EW,32NVL_EW,0.008,0.004
650,32Nvl_L1_EW,32NVL_EW,0.034,0.029
650,32Nvl_L2_EW,32NVL_EW,0.037,0.034
650,32Nvl_L3_NS,NONE,0.117,0.0
650,32Nvl_L2_NS,32NVL_NS,0.111,0.1
650,NvcNvl_L1_EW,NONE,0.011,0.0
650,NvcNvl_L2_EW,NONE,0.008,0.0
650,32Mt_L1_EW,32MT_EW,0.007,0.002
650,NvcCmt8_L2_NS,NONE,0.011,0.0
650,NvcCmt8_L1_NS,NONE,0.008,0.0
650,304Nvl_L2_NS,304NVL_NS,0.015,-0.062
650,304Nvl_L3_EW,NONE,0.006,0.0
650,32Nvl_L2_NS,32NVL_NS,0.087,0.076
650,32Nvl_L3_EW,NONE,0.031,0.0
650,32Nvl_L3_EW,NONE,0.006,0.0
650,32Nvl_L1_NS,32NVL_NS,0.094,0.081
650,NvcNvl_L3_EW,NONE,0.006,0.0
650,32Mt_L2_EW,32MT_EW,0.005,0.0
655,304Nvl_L1_NS,304NVL_NS,0.018,-0.001
655,304Nvl_L3_NS,NONE,0.015,0.0
655,304Nvl_L1_EW,304NVL_EW,0.017,0.017
655,304Nvl_L2_EW,304NVL_EW,0.007,0.007
655,304Nvl_L1_NS,NONE,0.007,0.0
655,32Nvl_L3_NS,NONE,0.014,0.0
655,32Nvl_L1_NS,32NVL_NS,0.028,0.015
655,32Nvl_L1_EW,32NVL_EW,0.007,0.007
655,32Nvl_L2_EW,32NVL_EW,0.008,0.008
655,32Nvl_L1_EW,32NVL_EW,0.034,0.034
655,32Nvl_L2_EW,32NVL_EW,0.037,0.037
655,NvcNvl_L3_NS,NONE,0.014,0.0
655,NvcNvl_L2_NS,NONE,0.013,0.0
655,NvcNvl_L1_EW,NONE,0.011,0.0
655,NvcNvl_L2_EW,NONE,0.008,0.0
655,NvcNvl_L1_EW,NVCNVL_EW,0.035,0.035
655,32Mt_L1_NS,NONE,0.01,0.0
655,304Nvl_L2_NS,304NVL_NS,0.015,0.015
655,304Nvl_L3_EW,NONE,0.006,0.0
655,32Nvl_L2_NS,32NVL_NS,0.027,0.016
655,32Nvl_L3_EW,NONE,0.031,0.0
655,32Nvl_L3_EW,NONE,0.006,0.0
655,NvcNvl_L1_NS,NONE,0.017,0.0
655,32Mt_L2_NS,NONE,0.009,0.0
660,304Nvl_L1_NS,304NVL_NS,0.018,-0.05
660,304Nvl_L3_NS,NONE,0.015,0.0
660,304Nvl_L1_EW,304NVL_EW,0.042,0.042
660,304Nvl_L2_EW,304NVL_EW,0.036,0.036
660,304Nvl_L1_EW,NONE,0.008,0.0
660,304Nvl_L1_NS,NONE,0.015,0.0
660,304Nvl_L2_EW,NONE,0.009,0.0
660,32Nvl_L3_NS,NONE,0.007,0.0
660,32Nvl_L1_NS,32NVL_NS,0.097,0.084
660,32Nvl_L1_EW,32NVL_EW,0.007,0.007
660,32Nvl_L2_EW,32NVL_EW,0.008,0.008
660,32Nvl_L1_EW,32NVL_EW,0.034,0.034
660,32Nvl_L2_EW,32NVL_EW,0.037,0.037
660,NvcNvl_L1_EW,NONE,0.011,0.0
660,NvcNvl_L1_EW,NVCNVL_EW,0.007,0.007
660,32Mt_L1_NS,NONE,0.01,0.0
660,NvcMt_L2_NS,NONE,0.026,0.0
660,NvcMt_L1_NS,NVCMT_NS,0.007,0.007
660,304Nvl_L2_NS,304NVL_NS,0.015,0.015
660,304Nvl_L3_EW,NONE,0.008,0.0
660,32Nvl_L2_NS,32NVL_NS,0.013,0.003
660,32Nvl_L3_EW,NONE,0.031,0.0
660,32Nvl_L3_EW,NONE,0.006,0.0
660,32Nvl_L1_NS,32NVL_NS,0.081,0.068
660,NvcMt_L1_NS,NONE,0.027,0.0
660,NvcMt_L2_NS,NVCMT_NS,0.005,0.005
665,304Nvl_L1_NS,304NVL_NS,0.018,-0.04
665,304Nvl_L3_NS,NONE,0.015,0.0
665,304Nvl_L1_EW,304NVL_EW,0.051,0.051
665,304Nvl_L2_EW,304NVL_EW,0.044,0.044
665,304Nvl_L1_NS,NONE,0.007,0.0
665,304Nvl_L3_NS,NONE,0.008,0.0
665,32Nvl_L1_NS,32NVL_NS,0.083,0.07
665,32Nvl_L1_EW,32NVL_EW,0.042,0.042
665,32Nvl_L2_EW,32NVL_EW,0.046,0.046
665,32Nvl_L1_EW,32NVL_EW,0.034,0.034
665,32Nvl_L2_EW,32NVL_EW,0.037,0.037
665,NvcNvl_L1_EW,NVCNVL_EW,0.014,0.014
665,NvcMt_L2_NS,NONE,0.026,0.0
665,NvcMt_L1_NS,NVCMT_NS,0.007,0.007
665,304Nvl_L2_NS,304NVL_NS,0.015,0.015
665,304Nvl_L3_EW,NONE,0.038,0.0
665,304Nvl_L2_NS,NONE,0.007,0.0
665,32Nvl_L3_EW,NONE,0.038,0.0
665,32Nvl_L1_NS,32NVL_NS,0.007,-0.006
665,NvcMt_L1_NS,NONE,0.027,0.0
665,NvcMt_L2_NS,NVCMT_NS,0.005,0.005
670,304Nvl_L1_NS,304NVL_NS,0.018,0.018
670,304Nvl_L3_NS,NONE,0.015,0.0
670,304Nvl_L1_EW,304NVL_EW,0.008,0.008
670,304Nvl_L2_EW,304NVL_EW,0.007,0.007
670,32Nvl_L1_EW,32NVL_EW,0.021,0.021
670,32Nvl_L2_EW,32NVL_EW,0.023,0.023
670,NvcNvl_L3_NS,NONE,0.034,0.0
670,NvcNvl_L2_NS,NONE,0.033,0.0
670,NvcNvl_L1_EW,NVCNVL_EW,0.007,0.007
670,NvcNvl_L2_EW,NVCNVL_EW,0.008,0.008
670,NvcMt_L1_NS,NVCMT_NS,0.007,0.007
670,304Nvl_L2_NS,304NVL_NS,0.015,0.015
670,304Nvl_L3_EW,NONE,0.006,0.0
670,32Nvl_L3_EW,NONE,0.019,0.0
670,32Nvl_L1_NS,32NVL_NS,0.007,-0.006
670,NvcNvl_L1_NS,NONE,0.044,0.0
670,NvcNvl_L3_EW,NONE,0.009,0.0
670,NvcMt_L2_NS,NVCMT_NS,0.005,0.005
675,304Nvl_L1_EW,304NVL_EW,0.025,0.025
675,304Nvl_L2_EW,304NVL_EW,0.015,0.015
675,304Nvl_L1_NS,NONE,0.044,0.0
675,32Nvl_L1_NS,32NVL_NS,0.007,0.007
675,32Nvl_L1_EW,32NVL_EW,0.007,0.007
675,32Nvl_L2_EW,32NVL_EW,0.008,0.008
675,NvcNvl_L3_NS,NONE,0.041,0.0
675,NvcNvl_L2_NS,NONE,0.04,0.0
675,NvcNvl_L1_EW,NVCNVL_EW,0.007,0.007
675,NvcNvl_L2_EW,NVCNVL_EW,0.008,0.008
675,NvcMt_L1_NS,NVCMT_NS,0.007,0.007
675,NvcCmt8_L2_NS,NONE,0.14,0.0
675,NvcCmt8_L1_NS,NONE,0.1,0.0
675,304Nvl_L3_EW,NONE,0.013,0.0
675,32Nvl_L2_NS,32NVL_NS,0.007,0.007
675,32Nvl_L3_EW,NONE,0.006,0.0
675,32Nvl_L1_NS,32NVL_NS,0.013,0.013
675,NvcNvl_L1_NS,NONE,0.052,0.0
675,NvcNvl_L3_EW,NONE,0.009,0.0
675,NvcMt_L2_NS,NVCMT_NS,0.005,0.005
680,304Nvl_L1_EW,304NVL_EW,0.025,0.025
680,304Nvl_L2_EW,304NVL_EW,0.015,0.015
680,304Nvl_L1_NS,NONE,0.007,0.0
680,32Nvl_L3_NS,NONE,0.014,0.0
680,32Nvl_L1_NS,32NVL_NS,0.021,0.021
680,32Nvl_L1_EW,32NVL_EW,0.007,0.007
680,32Nvl_L2_EW,32NVL_EW,0.008,0.008
680,32Nvl_L3_NS,NONE,0.008,0.0
680,32Nvl_L2_NS,32NVL_NS,0.008,0.008
680,NvcNvl_L1_EW,NVCNVL_EW,0.007,0.007
680,NvcNvl_L2_EW,NVCNVL_EW,0.008,0.008
680,NvcMt_L1_NS,NVCMT_NS,0.007,0.007
680,NvcCmt8_L2_NS,NONE,0.129,0.0
680,NvcCmt8_L1_NS,NONE,0.093,0.0
680,304Nvl_L3_EW,NONE,0.013,0.0
680,32Nvl_L2_NS,32NVL_NS,0.02,0.02
680,32Nvl_L3_EW,NONE,0.006,0.0
680,32Nvl_L1_NS,32NVL_NS,0.054,0.054
680,NvcNvl_L3_EW,NONE,0.009,0.0
680,NvcMt_L2_NS,NVCMT_NS,0.005,0.005
685,304Nvl_L1_EW,304NVL_EW,0.025,0.025
685,304Nvl_L2_EW,304NVL_EW,0.022,0.022
685,304Nvl_L1_NS,NONE,0.007,0.0
685,32Nvl_L3_NS,NONE,0.007,0.0
685,32Nvl_L1_NS,32NVL_NS,0.014,-0.009
685,32Nvl_L1_EW,32NVL_EW,0.007,0.007
685,32Nvl_L2_EW,32NVL_EW,0.008,0.008
685,32Nvl_L1_EW,32NVL_EW,0.007,0.007
685,NvcNvl_L1_EW,NVCNVL_EW,0.014,0.01
685,NvcNvl_L2_EW,NVCNVL_EW,0.008,0.008
685,NvcNvl_L1_NS,NVCNVL_NS,0.033,0.023
685,NvcMt_L1_EW,NVCMT_EW,0.006,-0.004
685,304Nvl_L3_EW,NONE,0.019,0.0
685,32Nvl_L2_NS,32NVL_NS,0.013,0.013
685,32Nvl_L3_EW,NONE,0.006,0.0
685,32Nvl_L1_NS,32NVL_NS,0.04,0.017
685,NvcNvl_L3_EW,NONE,0.009,0.0
685,NvcMt_L2_EW,NVCMT_EW,0.008,0.002
690,304Nvl_L1_EW,304NVL_EW,0.034,0.034
690,304Nvl_L2_EW,304NVL_EW,0.029,0.029
690,32Nvl_L1_EW,32NVL_EW,0.007,0.001
690,32Nvl_L2_EW,32NVL_EW,0.008,0.002
690,32Nvl_L3_NS,NONE,0.008,0.0
690,32Nvl_L2_NS,32NVL_NS,0.008,0.008
690,NvcNvl_L3_NS,NONE,0.007,0.0
690,NvcNvl_L2_NS,NONE,0.007,0.0
690,NvcNvl_L1_EW,NVCNVL_EW,0.014,0.014
690,NvcNvl_L2_EW,NVCNVL_EW,0.008,0.008
690,32Mt_L1_NS,NONE,0.01,0.0
690,NvcCmt8_L2_EW,NVCCMT8_EW,0.005,0.005
690,32Thn_L1_EW,32THN_EW,0.008,0.003
690,32Thn_L2_EW,32THN_EW,0.008,0.003
690,32Thn_L3_EW,NONE,0.008,0.0
690,304Nvl_L3_EW,NONE,0.025,0.0
690,32Nvl_L3_EW,NONE,0.006,0.0
690,32Nvl_L1_NS,32NVL_NS,0.007,0.007
690,NvcNvl_L1_NS,NONE,0.009,0.0
690,NvcNvl_L3_EW,NONE,0.009,0.0
690,32Mt_L2_NS,NONE,0.009,0.0
690,NvcCmt8_L1_EW,NVCCMT8_EW,0.008,0.008
695,304Thn_L1_EW,NONE,0.007,0.0
695,304Thn_L2_EW,NONE,0.008,0.0
695,304Nvl_L1_NS,NONE,0.088,0.0
695,32Nvl_L1_EW,32NVL_EW,0.007,0.001
695,32Nvl_L2_EW,32NVL_EW,0.008,0.002
695,NvcNvl_L3_NS,NONE,0.007,0.0
695,NvcNvl_L2_NS,NONE,0.007,0.0
695,NvcNvl_L1_EW,NVCNVL_EW,0.014,0.014
695,NvcNvl_L2_EW,NVCNVL_EW,0.008,0.008
695,32Mt_L1_EW,NONE,0.007,0.0
695,32Mt_L3_EW,NONE,0.009,0.0
695,NvcCmt8_L2_EW,NVCCMT8_EW,0.005,0.005
695,32Thn_L1_EW,NONE,0.01,0.0
695,32Thn_L1_EW,32THN_EW,0.008,0.003
695,32Thn_L2_EW,32THN_EW,0.008,0.003
695,32Thn_L3_EW,NONE,0.008,0.0
695,304Nvl_L2_NS,NONE,0.089,0.0
695,32Nvl_L3_EW,NONE,0.006,0.0
695,32Nvl_L1_NS,32NVL_NS,0.007,0.007
695,NvcNvl_L1_NS,NONE,0.009,0.0
695,NvcNvl_L3_EW,NONE,0.009,0.0
695,32Mt_L2_EW,NONE,0.008,0.0
695,NvcCmt8_L1_EW,NVCCMT8_EW,0.008,0.008
695,304Thn_L3_EW,NONE,0.008,0.0
700,304Thn_L1_EW,304THN_EW,0.008,0.008
700,304Thn_L1_EW,NONE,0.007,0.0
700,304Thn_L2_EW,NONE,0.008,0.0
700,304Nvl_L1_NS,NONE,0.088,0.0
700,304Nvl_L3_NS,NONE,0.096,0.0
700,32Nvl_L1_EW,32NVL_EW,0.007,-0.003
700,32Nvl_L2_EW,32NVL_EW,0.008,0.002
700,32Nvl_L3_NS,NONE,0.042,0.0
700,32Nvl_L2_NS,32NVL_NS,0.039,0.039
700,NvcNvl_L3_NS,NONE,0.007,0.0
700,NvcNvl_L2_NS,NONE,0.007,0.0
700,NvcNvl_L1_EW,NVCNVL_EW,0.007,0.007
700,NvcNvl_L2_EW,NVCNVL_EW,0.008,0.008
700,32Mt_L1_EW,NONE,0.022,0.0
700,32Mt_L3_EW,NONE,0.027,0.0
700,32Mt_L1_EW,32MT_EW,0.007,0.002
700,NvcCmt8_L2_EW,NVCCMT8_EW,0.005,0.005
700,32Thn_L1_EW,32THN_EW,0.008,0.003
700,32Thn_L2_EW,32THN_EW,0.008,0.003
700,32Thn_L3_EW,NONE,0.008,0.0
700,304Nvl_L2_NS,NONE,0.089,0.0
700,32Nvl_L3_EW,NONE,0.006,0.0
700,32Nvl_L1_NS,32NVL_NS,0.04,0.04
700,NvcNvl_L1_NS,NONE,0.009,0.0
700,NvcNvl_L3_EW,NONE,0.009,0.0
700,32Mt_L2_EW,NONE,0.023,0.0
700,NvcCmt8_L1_EW,NVCCMT8_EW,0.008,0.008
700,304Thn_L3_EW,NONE,0.008,0.0
705,304Thn_L1_EW,304THN_EW,0.008,0.008
705,304Nvl_L1_NS,NONE,0.015,0.0
705,32Nvl_L3_NS,NONE,0.034,0.0
705,32Nvl_L1_NS,32NVL_NS,0.035,0.035
705,32Nvl_L1_EW,32NVL_EW,0.007,-0.008
705,32Nvl_L2_EW,32NVL_EW,0.008,-0.002
705,32Nvl_L3_NS,NONE,0.058,0.0
705,32Nvl_L2_NS,32NVL_NS,0.055,0.055
705,NvcNvl_L1_EW,NONE,0.064,0.0
705,NvcNvl_L2_EW,NONE,0.046,0.0
705,NvcNvl_L1_EW,NVCNVL_EW,0.007,0.007
705,NvcNvl_L2_EW,NVCNVL_EW,0.008,0.008
705,32Mt_L1_EW,32MT_EW,0.014,0.009
705,NvcCmt8_L2_NS,NONE,0.148,0.0
705,NvcCmt8_L2_EW,NVCCMT8_EW,0.005,0.005
705,NvcCmt8_L2_NS,NONE,0.011,0.0
705,32Thn_L1_EW,32THN_EW,0.008,0.003
705,32Thn_L2_EW,32THN_EW,0.008,0.003
705,NvcCmt8_L1_NS,NONE,0.008,0.0
705,32Thn_L3_EW,NONE,0.008,0.0
705,32Nvl_L2_NS,32NVL_NS,0.033,0.033
705,32Nvl_L3_EW,NONE,0.006,0.0
705,32Nvl_L1_NS,32NVL_NS,0.047,0.047
705,NvcNvl_L3_EW,NONE,0.032,0.0
705,NvcNvl_L3_EW,NONE,0.009,0.0
705,32Mt_L2_EW,32MT_EW,0.005,0.0
705,NvcCmt8_L1_NS,NONE,0.129,0.0
705,NvcCmt8_L1_EW,NVCCMT8_EW,0.008,0.008
710,304Nvl_L1_EW,304NVL_EW,0.008,0.008
710,304Nvl_L1_NS,NONE,0.007,0.0
710,32Nvl_L3_NS,NONE,0.02,0.0
710,32Nvl_L1_NS,32NVL_NS,0.055,0.055
710,32Nvl_L1_EW,32NVL_EW,0.007,-0.003
710,32Nvl_L2_EW,32NVL_EW,0.008,0.004
710,NvcNvl_L1_EW,NVCNVL_EW,0.007,0.007
710,NvcNvl_L2_EW,NVCNVL_EW,0.008,0.008
710,32Mt_L1_EW,NONE,0.007,0.0
710,32Mt_L3_EW,NONE,0.009,0.0
710,32Mt_L1_EW,32MT_EW,0.014,0.009
710,32Mt_L1_NS,NONE,0.01,0.0
710,NvcMt_L2_NS,NONE,0.026,0.0
710,NvcCmt8_L2_NS,NONE,0.011,0.0
710,32Thn_L1_EW,NONE,0.01,0.0
710,NvcCmt8_L1_NS,NONE,0.008,0.0
710,32Nvl_L2_NS,32NVL_NS,0.053,0.053
710,32Nvl_L3_EW,NONE,0.006,0.0
710,NvcNvl_L3_EW,NONE,0.009,0.0
710,32Mt_L2_EW,NONE,0.008,0.0
710,32Mt_L2_EW,32MT_EW,0.005,0.0
710,NvcMt_L1_NS,NONE,0.027,0.0
715,304Nvl_L1_EW,304NVL_EW,0.11,0.11
715,304Nvl_L2_EW,304NVL_EW,0.007,0.007
715,32Nvl_L1_EW,32NVL_EW,0.007,0.007
715,32Nvl_L2_EW,32NVL_EW,0.008,0.008
715,NvcNvl_L3_NS,NONE,0.007,0.0
715,NvcNvl_L2_NS,NONE,0.007,0.0
715,NvcNvl_L1_EW,NVCNVL_EW,0.042,0.042
715,NvcNvl_L2_EW,NVCNVL_EW,0.008,0.008
715,32Mt_L1_EW,NONE,0.022,0.0
715,32Mt_L3_EW,NONE,0.027,0.0
715,NvcMt_L2_NS,NONE,0.032,0.0
715,32Thn_L1_EW,NONE,0.01,0.0
715,304Nvl_L3_EW,NONE,0.006,0.0
715,32Nvl_L3_EW,NONE,0.006,0.0
715,32Nvl_L1_NS,32NVL_NS,0.034,0.034
715,NvcNvl_L1_NS,NONE,0.009,0.0
715,NvcNvl_L3_EW,NONE,0.009,0.0
715,32Mt_L2_EW,NONE,0.023,0.0
715,NvcMt_L1_NS,NONE,0.033,0.0
720,304Nvl_L1_EW,304NVL_EW,0.008,0.008
720,304Nvl_L2_EW,304NVL_EW,0.007,0.007
720,32Nvl_L1_EW,32NVL_EW,0.007,-0.008
720,32Nvl_L2_EW,32NVL_EW,0.008,-0.006
720,NvcNvl_L3_NS,NONE,0.014,0.0
720,NvcNvl_L2_NS,NONE,0.013,0.0
720,NvcNvl_L1_EW,NVCNVL_EW,0.042,0.042
720,NvcNvl_L2_EW,NVCNVL_EW,0.008,0.008
720,32Mt_L1_EW,NONE,0.014,0.0
720,32Mt_L3_EW,NONE,0.018,0.0
720,32Mt_L1_EW,32MT_EW,0.014,0.009
720,32Thn_L1_EW,NONE,0.01,0.0
720,32Thn_L1_EW,32THN_EW,0.008,0.003
720,32Thn_L2_EW,32THN_EW,0.008,0.003
720,32Thn_L3_EW,NONE,0.008,0.0
720,304Nvl_L3_EW,NONE,0.006,0.0
720,32Nvl_L3_EW,NONE,0.006,0.0
720,32Nvl_L1_NS,32NVL_NS,0.04,0.04
720,NvcNvl_L1_NS,NONE,0.017,0.0
720,NvcNvl_L3_EW,NONE,0.009,0.0
720,32Mt_L2_EW,NONE,0.015,0.0
720,32Mt_L2_EW,32MT_EW,0.011,0.005
725,304Nvl_L1_NS,NONE,0.007,0.0
725,32Nvl_L1_EW,32NVL_EW,0.007,-0.003
725,32Nvl_L2_EW,32NVL_EW,0.008,0.004
725,32Nvl_L3_NS,NONE,0.008,0.0
725,32Nvl_L2_NS,32NVL_NS,0.008,0.008
725,NvcNvl_L3_NS,NONE,0.014,0.0
725,NvcNvl_L2_NS,NONE,0.013,0.0
725,NvcNvl_L1_EW,NVCNVL_EW,0.042,0.038
725,NvcNvl_L2_EW,NVCNVL_EW,0.008,0.006
725,32Mt_L1_NS,32MT_NS,0.006,0.006
725,32Mt_L1_EW,32MT_EW,0.014,0.009
725,NvcMt_L1_EW,NVCMT_EW,0.006,-0.023
725,NvcMt_L2_EW,NVCMT_EW,0.003,-0.003
725,NvcCmt8_L2_NS,NONE,0.012,0.0
725,32Nvl_L3_EW,NONE,0.006,0.0
725,32Nvl_L1_NS,32NVL_NS,0.013,0.013
725,NvcNvl_L1_NS,NONE,0.017,0.0
725,NvcNvl_L3_EW,NONE,0.009,0.0
725,32Mt_L2_EW,32MT_EW,0.005,0.0
725,NvcMt_L2_EW,NVCMT_EW,0.008,0.002
725,NvcMt_L1_EW,NVCMT_EW,0.006,-0.024
725,NvcCmt8_L1_NS,NONE,0.011,0.0
730,304Nvl_L1_EW,304NVL_EW,0.008,0.008
730,304Nvl_L2_EW,304NVL_EW,0.007,0.007
730,304Nvl_L1_NS,NONE,0.007,0.0
730,32Nvl_L1_NS,32NVL_NS,0.007,0.007
730,32Nvl_L1_EW,32NVL_EW,0.007,0.007
730,32Nvl_L2_EW,32NVL_EW,0.008,0.008
730,NvcNvl_L3_NS,NONE,0.007,0.0
730,NvcNvl_L2_NS,NONE,0.007,0.0
730,NvcNvl_L1_EW,NVCNVL_EW,0.021,0.012
730,NvcNvl_L2_EW,NVCNVL_EW,0.016,0.014
730,32Mt_L1_NS,32MT_NS,0.006,0.006
730,32Mt_L1_EW,NONE,0.014,0.0
730,32Mt_L3_EW,NONE,0.009,0.0
730,32Mt_L1_NS,NONE,0.02,0.0
730,NvcMt_L1_EW,NVCMT_EW,0.013,-0.002
730,NvcMt_L2_EW,NVCMT_EW,0.003,-0.008
730,32Thn_L1_EW,NONE,0.01,0.0
730,304Nvl_L3_EW,NONE,0.006,0.0
730,32Nvl_L3_EW,NONE,0.006,0.0
730,NvcNvl_L1_NS,NONE,0.009,0.0
730,NvcNvl_L3_EW,NONE,0.009,0.0
730,32Mt_L2_EW,NONE,0.008,0.0
730,32Mt_L2_NS,NONE,0.009,0.0
730,NvcMt_L2_EW,NVCMT_EW,0.016,0.005
730,NvcMt_L1_EW,NVCMT_EW,0.006,-0.009
735,304Nvl_L1_EW,304NVL_EW,0.008,0.008
735,304Nvl_L2_EW,304NVL_EW,0.007,0.007
735,32Nvl_L3_NS,NONE,0.007,0.0
735,32Nvl_L1_NS,32NVL_NS,0.007,0.007
735,32Nvl_L1_EW,32NVL_EW,0.05,0.05
735,32Nvl_L2_EW,32NVL_EW,0.054,0.054
735,32Nvl_L3_NS,NONE,0.008,0.0
735,32Nvl_L2_NS,32NVL_NS,0.008,0.008
735,NvcNvl_L1_EW,NVCNVL_EW,0.007,0.007
735,32Mt_L1_NS,32MT_NS,0.006,0.006
735,32Thn_L1_EW,NONE,0.019,0.0
735,32Thn_L2_EW,NONE,0.01,0.0
735,32Thn_L3_EW,NONE,0.007,0.0
735,304Nvl_L3_EW,NONE,0.006,0.0
735,32Nvl_L2_NS,32NVL_NS,0.007,0.007
735,32Nvl_L3_EW,NONE,0.044,0.0
735,32Nvl_L1_NS,32NVL_NS,0.007,0.007
740,304Nvl_L1_EW,304NVL_EW,0.008,0.008
740,304Nvl_L2_EW,304NVL_EW,0.007,0.007
740,304Nvl_L1_NS,NONE,0.007,0.0
740,32Nvl_L3_NS,NONE,0.007,0.0
740,32Nvl_L1_NS,32NVL_NS,0.007,0.007
740,32Nvl_L1_EW,32NVL_EW,0.014,0.009
740,32Nvl_L2_EW,32NVL_EW,0.015,0.015
740,NvcNvl_L3_NS,NONE,0.034,0.0
740,NvcNvl_L2_NS,NONE,0.04,0.0
740,NvcNvl_L1_EW,NVCNVL_EW,0.007,0.007
740,32Mt_L1_NS,32MT_NS,0.006,0.006
740,32Mt_L1_EW,32MT_EW,0.007,-0.003
740,NvcMt_L2_NS,NONE,0.026,0.0
740,304Nvl_L3_EW,NONE,0.006,0.0
740,32Nvl_L2_NS,32NVL_NS,0.007,0.007
740,32Nvl_L3_EW,NONE,0.013,0.0
740,NvcNvl_L1_NS,NONE,0.052,0.0
740,NvcMt_L1_NS,NONE,0.027,0.0
745,304Thn_L1_EW,304THN_EW,0.008,0.002
745,304Thn_L3_EW,NONE,0.008,0.0
745,304Nvl_L1_EW,304NVL_EW,0.008,0.003
745,304Nvl_L2_EW,304NVL_EW,0.007,0.002
745,304Nvl_L1_NS,NONE,0.007,0.0
745,32Nvl_L1_NS,32NVL_NS,0.007,0.007
745,32Nvl_L1_EW,32NVL_EW,0.007,0.007
745,32Nvl_L2_EW,32NVL_EW,0.008,0.008
745,32Nvl_L3_NS,NONE,0.008,0.0
745,32Nvl_L2_NS,32NVL_NS,0.008,0.008
745,NvcNvl_L3_NS,NONE,0.007,0.0
745,NvcNvl_L2_NS,NONE,0.007,0.0
745,NvcNvl_L1_EW,NONE,0.053,0.0
745,32Mt_L1_NS,32MT_NS,0.006,0.006
745,32Mt_L1_NS,NONE,0.02,0.0
745,304Nvl_L3_EW,NONE,0.006,0.0
745,32Nvl_L3_EW,NONE,0.006,0.0
745,32Nvl_L1_NS,32NVL_NS,0.04,0.04
745,NvcNvl_L1_NS,NONE,0.009,0.0
745,32Mt_L2_NS,32MT_NS,0.006,0.006
745,32Mt_L2_NS,NONE,0.017,0.0
745,304Thn_L2_EW,304THN_EW,0.007,0.002
750,32Nvl_L3_NS,NONE,0.007,0.0
750,32Nvl_L1_NS,32NVL_NS,0.007,0.007
750,32Nvl_L1_EW,32NVL_EW,0.007,0.007
750,32Nvl_L2_EW,32NVL_EW,0.008,0.008
750,32Nvl_L1_EW,32NVL_EW,0.007,0.007
750,32Nvl_L2_EW,32NVL_EW,0.007,0.007
750,32Nvl_L3_NS,NONE,0.008,0.0
750,32Nvl_L2_NS,32NVL_NS,0.008,0.008
750,NvcNvl_L1_EW,NONE,0.053,0.0
750,NvcNvl_L2_EW,NONE,0.038,0.0
750,32Mt_L1_NS,32MT_NS,0.006,0.006
750,32Mt_L1_EW,NONE,0.007,0.0
750,32Mt_L3_EW,NONE,0.009,0.0
750,NvcCmt8_L2_NS,NONE,0.011,0.0
750,NvcCmt8_L1_NS,NONE,0.008,0.0
750,32Nvl_L2_NS,32NVL_NS,0.007,0.007
750,32Nvl_L3_EW,NONE,0.006,0.0
750,32Nvl_L3_EW,NONE,0.006,0.0
750,32Nvl_L1_NS,32NVL_NS,0.04,0.04
750,32Mt_L2_NS,32MT_NS,0.006,0.006
750,32Mt_L2_EW,NONE,0.008,0.0
755,304Thn_L1_EW,NONE,0.007,0.0
755,304Nvl_L1_NS,304NVL_NS,0.009,-0.005
755,304Nvl_L1_EW,304NVL_EW,0.008,0.008
755,304Nvl_L1_NS,NONE,0.007,0.0
755,304Nvl_L3_NS,NONE,0.008,0.0
755,32Nvl_L3_NS,NONE,0.007,0.0
755,32Nvl_L1_NS,32NVL_NS,0.021,0.014
755,32Nvl_L1_EW,32NVL_EW,0.007,0.007
755,32Nvl_L2_EW,32NVL_EW,0.008,0.008
755,32Nvl_L1_EW,32NVL_EW,0.007,0.007
755,32Nvl_L2_EW,32NVL_EW,0.007,0.007
755,NvcNvl_L1_EW,NVCNVL_EW,0.007,0.007
755,32Mt_L1_NS,32MT_NS,0.013,0.013
755,32Mt_L1_EW,NONE,0.014,0.0
755,32Mt_L3_EW,NONE,0.009,0.0
755,304Nvl_L2_NS,NONE,0.007,0.0
755,32Nvl_L2_NS,32NVL_NS,0.013,0.013
755,32Nvl_L3_EW,NONE,0.006,0.0
755,32Nvl_L3_EW,NONE,0.006,0.0
755,32Mt_L2_NS,32MT_NS,0.006,0.006
755,32Mt_L2_EW,NONE,0.008,0.0
760,304Nvl_L1_NS,304NVL_NS,0.018,0.018
760,304Nvl_L3_NS,NONE,0.007,0.0
760,32Nvl_L1_EW,32NVL_EW,0.007,-0.008
760,32Nvl_L2_EW,32NVL_EW,0.008,0.0
760,32Nvl_L1_EW,32NVL_EW,0.007,-0.008
760,32Nvl_L2_EW,32NVL_EW,0.007,0.0
760,32Nvl_L3_NS,NONE,0.008,0.0
760,32Nvl_L2_NS,32NVL_NS,0.008,0.003
760,32Mt_L1_NS,32MT_NS,0.006,0.006
760,32Mt_L1_EW,NONE,0.014,0.0
760,32Mt_L3_EW,NONE,0.018,0.0
760,32Mt_L1_EW,32MT_EW,0.021,0.016
760,304Nvl_L2_NS,304NVL_NS,0.008,0.002
760,32Nvl_L3_EW,NONE,0.006,0.0
760,32Nvl_L3_EW,NONE,0.006,0.0
760,32Nvl_L1_NS,32NVL_NS,0.007,-0.006
760,32Mt_L2_NS,32MT_NS,0.006,0.006
760,32Mt_L2_EW,NONE,0.015,0.0
760,32Mt_L2_EW,32MT_EW,0.011,0.005
765,304Nvl_L1_NS,304NVL_NS,0.018,0.013
765,304Nvl_L3_NS,NONE,0.007,0.0
765,304Nvl_L1_NS,NONE,0.007,0.0
765,304Nvl_L3_NS,NONE,0.008,0.0
765,32Nvl_L1_NS,32NVL_NS,0.007,-0.006
765,32Nvl_L1_EW,32NVL_EW,0.007,-0.003
765,32Nvl_L2_EW,32NVL_EW,0.007,0.004
765,32Nvl_L3_NS,NONE,0.008,0.0
765,32Nvl_L2_NS,32NVL_NS,0.016,0.01
765,32Mt_L1_EW,NONE,0.007,0.0
765,32Mt_L1_EW,32MT_EW,0.014,0.014
765,304Nvl_L2_NS,304NVL_NS,0.008,-0.003
765,304Nvl_L2_NS,NONE,0.007,0.0
765,32Nvl_L2_NS,32NVL_NS,0.007,0.001
765,32Nvl_L3_EW,NONE,0.006,0.0
765,32Nvl_L1_NS,32NVL_NS,0.013,0.001
765,32Mt_L2_EW,NONE,0.008,0.0
765,32Mt_L2_EW,32MT_EW,0.005,0.005
770,304Nvl_L1_NS,304NVL_NS,0.009,-0.001
770,304Nvl_L3_NS,NONE,0.007,0.0
770,304Nvl_L1_EW,304NVL_EW,0.042,0.042
770,304Nvl_L2_EW,304NVL_EW,0.036,0.036
770,32Nvl_L3_NS,NONE,0.007,0.0
770,32Nvl_L1_NS,32NVL_NS,0.014,0.008
770,32Nvl_L3_NS,NONE,0.025,0.0
770,32Nvl_L2_NS,32NVL_NS,0.024,0.018
770,NvcNvl_L3_NS,NONE,0.007,0.0
770,NvcNvl_L2_NS,NONE,0.007,0.0
770,32Mt_L1_NS,32MT_NS,0.006,0.006
770,32Mt_L1_EW,NONE,0.007,0.0
770,32Mt_L3_EW,NONE,0.009,0.0
770,32Mt_L1_EW,32MT_EW,0.028,0.028
770,NvcMt_L1_EW,NVCMT_EW,0.006,0.006
770,NvcCmt8_L2_NS,NONE,0.054,0.0
770,NvcCmt8_L1_NS,NONE,0.039,0.0
770,304Nvl_L2_NS,304NVL_NS,0.008,-0.009
770,304Nvl_L3_EW,NONE,0.032,0.0
770,32Nvl_L2_NS,32NVL_NS,0.013,0.008
770,32Nvl_L1_NS,32NVL_NS,0.027,0.021
770,NvcNvl_L1_NS,NONE,0.009,0.0
770,32Mt_L2_EW,NONE,0.008,0.0
770,32Mt_L2_EW,32MT_EW,0.011,0.011
770,NvcMt_L2_EW,NVCMT_EW,0.008,0.008
775,304Nvl_L1_NS,304NVL_NS,0.009,-0.005
775,304Nvl_L3_NS,NONE,0.007,0.0
775,304Nvl_L1_EW,304NVL_EW,0.042,0.042
775,304Nvl_L2_EW,304NVL_EW,0.036,0.036
775,304Nvl_L1_NS,NONE,0.007,0.0
775,304Nvl_L3_NS,NONE,0.008,0.0
775,32Nvl_L3_NS,NONE,0.007,0.0
775,32Nvl_L1_NS,32NVL_NS,0.021,0.014
775,32Nvl_L1_EW,32NVL_EW,0.007,0.002
775,32Nvl_L2_EW,32NVL_EW,0.008,0.008
775,32Nvl_L3_NS,NONE,0.025,0.0
775,32Nvl_L2_NS,32NVL_NS,0.024,0.018
775,NvcNvl_L3_NS,NONE,0.014,0.0
775,NvcNvl_L2_NS,NONE,0.013,0.0
775,NvcNvl_L1_EW,NVCNVL_EW,0.007,0.007
775,NvcNvl_L2_EW,NVCNVL_EW,0.008,0.008
775,32Mt_L1_NS,32MT_NS,0.006,0.006
775,32Mt_L1_EW,32MT_EW,0.007,0.002
775,NvcCmt8_L2_NS,NONE,0.054,0.0
775,NvcCmt8_L1_NS,NONE,0.039,0.0
775,304Nvl_L2_NS,304NVL_NS,0.008,-0.009
775,304Nvl_L3_EW,NONE,0.032,0.0
775,304Nvl_L2_NS,NONE,0.007,0.0
775,32Nvl_L2_NS,32NVL_NS,0.013,0.008
775,32Nvl_L3_EW,NONE,0.006,0.0
775,32Nvl_L1_NS,32NVL_NS,0.027,0.021
775,NvcNvl_L1_NS,NONE,0.017,0.0
775,NvcNvl_L3_EW,NONE,0.009,0.0
780,304Nvl_L1_NS,304NVL_NS,0.009,-0.005
780,304Nvl_L3_NS,NONE,0.007,0.0
780,304Nvl_L1_EW,304NVL_EW,0.042,0.042
780,304Nvl_L2_EW,304NVL_EW,0.029,0.029
780,32Nvl_L3_NS,NONE,0.007,0.0
780,32Nvl_L1_NS,32NVL_NS,0.021,0.014
780,32Nvl_L1_EW,32NVL_EW,0.007,0.007
780,32Nvl_L2_EW,32NVL_EW,0.008,0.008
780,32Nvl_L1_EW,32NVL_EW,0.007,0.007
780,32Nvl_L2_EW,32NVL_EW,0.007,0.007
780,32Nvl_L3_NS,NONE,0.033,0.0
780,32Nvl_L2_NS,32NVL_NS,0.032,0.026
780,32Mt_L1_NS,32MT_NS,0.006,0.006
780,32Mt_L1_NS,NONE,0.01,0.0
780,NvcCmt8_L2_NS,NONE,0.011,0.0
780,NvcCmt8_L1_NS,NONE,0.008,0.0
780,304Nvl_L2_NS,304NVL_NS,0.008,-0.015
780,304Nvl_L3_EW,NONE,0.019,0.0
780,32Nvl_L2_NS,32NVL_NS,0.013,0.008
780,32Nvl_L3_EW,NONE,0.006,0.0
780,32Nvl_L3_EW,NONE,0.006,0.0
780,32Nvl_L1_NS,32NVL_NS,0.027,0.021
780,32Mt_L2_NS,NONE,0.009,0.0
785,304Nvl_L1_NS,304NVL_NS,0.009,-0.001
785,304Nvl_L3_NS,NONE,0.007,0.0
785,304Nvl_L1_EW,304NVL_EW,0.025,0.025
785,304Nvl_L2_EW,304NVL_EW,0.015,0.015
785,32Nvl_L3_NS,NONE,0.007,0.0
785,32Nvl_L1_NS,32NVL_NS,0.014,0.008
785,32Nvl_L3_NS,NONE,0.042,0.0
785,32Nvl_L2_NS,32NVL_NS,0.039,0.034
785,NvcNvl_L3_NS,NONE,0.014,0.0
785,NvcNvl_L2_NS,NONE,0.013,0.0
785,NvcNvl_L1_EW,NONE,0.011,0.0
785,NvcNvl_L2_EW,NONE,0.008,0.0
785,NvcNvl_L1_EW,NVCNVL_EW,0.007,0.007
785,32Mt_L1_EW,NONE,0.022,0.0
785,32Mt_L3_EW,NONE,0.018,0.0
785,NvcMt_L2_NS,NONE,0.005,0.0
785,304Nvl_L2_NS,304NVL_NS,0.008,-0.02
785,304Nvl_L3_EW,NONE,0.013,0.0
785,32Nvl_L2_NS,32NVL_NS,0.013,0.008
785,32Nvl_L1_NS,32NVL_NS,0.047,0.041
785,NvcNvl_L1_NS,NONE,0.017,0.0
785,NvcNvl_L3_EW,NONE,0.006,0.0
785,32Mt_L2_EW,NONE,0.015,0.0
785,NvcMt_L1_NS,NONE,0.005,0.0
790,304Nvl_L1_NS,304NVL_NS,0.009,0.009
790,304Nvl_L1_EW,304NVL_EW,0.059,0.059
790,304Nvl_L2_EW,304NVL_EW,0.015,0.015
790,304Nvl_L1_NS,NONE,0.015,0.0
790,32Nvl_L1_EW,32NVL_EW,0.007,-0.018
790,32Nvl_L2_EW,32NVL_EW,0.007,-0.012
790,32Nvl_L3_NS,NONE,0.025,0.0
790,32Nvl_L2_NS,32NVL_NS,0.024,0.018
790,NvcNvl_L3_NS,NONE,0.007,0.0
790,NvcNvl_L2_NS,NONE,0.007,0.0
790,32Mt_L1_EW,NONE,0.014,0.0
790,32Mt_L3_EW,NONE,0.009,0.0
790,32Mt_L1_EW,32MT_EW,0.035,0.035
790,32Mt_L1_NS,NONE,0.01,0.0
790,NvcMt_L2_NS,NONE,0.005,0.0
790,304Nvl_L2_NS,304NVL_NS,0.008,-0.009
790,304Nvl_L3_EW,NONE,0.013,0.0
790,32Nvl_L3_EW,NONE,0.006,0.0
790,32Nvl_L1_NS,32NVL_NS,0.034,0.027
790,NvcNvl_L1_NS,NONE,0.009,0.0
790,32Mt_L2_EW,NONE,0.015,0.0
790,32Mt_L2_EW,32MT_EW,0.027,0.027
790,NvcMt_L1_NS,NONE,0.005,0.0
795,304Nvl_L1_NS,304NVL_NS,0.009,0.009
795,304Nvl_L3_NS,NONE,0.007,0.0
795,304Nvl_L1_EW,304NVL_EW,0.068,0.068
795,304Nvl_L2_EW,304NVL_EW,0.022,0.022
795,32Nvl_L1_EW,32NVL_EW,0.007,-0.023
795,32Nvl_L2_EW,32NVL_EW,0.007,-0.015
795,32Nvl_L3_NS,NONE,0.008,0.0
795,32Nvl_L2_NS,32NVL_NS,0.008,0.003
795,NvcNvl_L3_NS,NONE,0.007,0.0
795,NvcNvl_L2_NS,NONE,0.007,0.0
795,NvcNvl_L1_EW,NVCNVL_EW,0.014,0.014
795,NvcNvl_L2_EW,NVCNVL_EW,0.008,0.008
795,32Mt_L1_EW,NONE,0.022,0.0
795,32Mt_L3_EW,NONE,0.018,0.0
795,32Mt_L1_EW,32MT_EW,0.042,0.042
795,32Mt_L1_NS,NONE,0.01,0.0
795,NvcMt_L2_NS,NONE,0.005,0.0
795,NvcCmt8_L2_NS,NONE,0.011,0.0
795,NvcCmt8_L1_NS,NONE,0.008,0.0
795,304Nvl_L2_NS,304NVL_NS,0.008,0.002
795,304Nvl_L3_EW,NONE,0.019,0.0
795,32Nvl_L3_EW,NONE,0.006,0.0
795,32Nvl_L1_NS,32NVL_NS,0.02,0.014
795,NvcNvl_L1_NS,NONE,0.009,0.0
795,NvcNvl_L3_EW,NONE,0.009,0.0
795,32Mt_L2_EW,NONE,0.023,0.0
795,32Mt_L2_EW,32MT_EW,0.033,0.033
795,NvcMt_L1_NS,NONE,0.005,0.0
795,NvcMt_L1_EW,NVCMT_EW,0.006,-0.004
800,304Nvl_L1_NS,304NVL_NS,0.009,0.004
800,304Nvl_L3_NS,NONE,0.007,0.0
800,304Nvl_L1_EW,304NVL_EW,0.051,0.051
800,304Nvl_L2_EW,304NVL_EW,0.007,0.007
800,304Nvl_L1_NS,NONE,0.007,0.0
800,32Nvl_L1_NS,32NVL_NS,0.007,0.001
800,32Nvl_L1_EW,32NVL_EW,0.007,-0.027
800,32Nvl_L2_EW,32NVL_EW,0.007,-0.015
800,NvcNvl_L2_NS,NONE,0.033,0.0
800,NvcNvl_L1_EW,NVCNVL_EW,0.014,0.01
800,NvcNvl_L2_EW,NVCNVL_EW,0.008,0.008
800,32Mt_L1_EW,NONE,0.05,0.0
800,32Mt_L3_EW,NONE,0.053,0.0
800,32Mt_L1_EW,32MT_EW,0.049,0.049
800,32Mt_L1_NS,NONE,0.049,0.0
800,NvcMt_L1_EW,NVCMT_EW,0.006,-0.004
800,304Nvl_L2_NS,304NVL_NS,0.008,0.008
800,304Nvl_L3_EW,NONE,0.006,0.0
800,32Nvl_L3_EW,NONE,0.006,0.0
800,32Nvl_L1_NS,32NVL_NS,0.007,0.0
800,NvcNvl_L1_NS,NONE,0.044,0.0
800,NvcNvl_L3_EW,NONE,0.009,0.0
800,32Mt_L2_EW,NONE,0.053,0.0
800,32Mt_L2_EW,32MT_EW,0.033,0.033
800,32Mt_L2_NS,NONE,0.043,0.0
800,NvcMt_L2_EW,NVCMT_EW,0.008,0.002
805,304Nvl_L1_NS,304NVL_NS,0.009,0.009
805,304Nvl_L3_NS,NONE,0.007,0.0
805,304Nvl_L1_EW,304NVL_EW,0.008,0.008
805,304Nvl_L1_NS,NONE,0.007,0.0
805,32Nvl_L1_EW,32NVL_EW,0.007,-0.032
805,32Nvl_L2_EW,32NVL_EW,0.007,-0.019
805,32Nvl_L3_NS,NONE,0.008,0.0
805,32Nvl_L2_NS,32NVL_NS,0.008,0.003
805,NvcNvl_L3_NS,NONE,0.041,0.0
805,NvcNvl_L2_NS,NONE,0.04,0.0
805,NvcNvl_L1_EW,NVCNVL_EW,0.028,0.028
805,NvcNvl_L2_EW,NVCNVL_EW,0.008,0.006
805,32Mt_L1_EW,NONE,0.036,0.0
805,32Mt_L3_EW,NONE,0.044,0.0
805,32Mt_L1_EW,32MT_EW,0.056,0.056
805,32Mt_L1_NS,NONE,0.068,0.0
805,NvcMt_L2_EW,NVCMT_EW,0.003,-0.003
805,304Nvl_L2_NS,304NVL_NS,0.008,0.002
805,32Nvl_L3_EW,NONE,0.006,0.0
805,32Nvl_L1_NS,32NVL_NS,0.013,0.007
805,NvcNvl_L1_NS,NONE,0.052,0.0
805,NvcNvl_L3_EW,NONE,0.009,0.0
805,32Mt_L2_EW,NONE,0.038,0.0
805,32Mt_L2_EW,32MT_EW,0.038,0.038
805,32Mt_L2_NS,NONE,0.061,0.0
805,NvcMt_L1_EW,NVCMT_EW,0.006,-0.014
810,304Nvl_L1_NS,304NVL_NS,0.009,-0.001
810,304Nvl_L3_NS,NONE,0.007,0.0
810,304Nvl_L1_EW,304NVL_EW,0.017,0.017
810,304Nvl_L2_EW,304NVL_EW,0.007,0.007
810,304Nvl_L1_NS,NONE,0.007,0.0
810,304Nvl_L3_NS,NONE,0.008,0.0
810,32Nvl_L3_NS,NONE,0.007,0.0
810,32Nvl_L1_NS,32NVL_NS,0.014,0.008
810,32Nvl_L1_EW,32NVL_EW,0.007,-0.037
810,32Nvl_L2_EW,32NVL_EW,0.007,-0.023
810,NvcNvl_L1_EW,NVCNVL_EW,0.021,0.021
810,NvcNvl_L2_EW,NVCNVL_EW,0.008,0.006
810,32Mt_L1_EW,NONE,0.05,0.0
810,32Mt_L3_EW,NONE,0.009,0.0
810,32Mt_L1_EW,32MT_EW,0.063,0.063
810,32Mt_L1_NS,NONE,0.01,0.0
810,NvcMt_L2_EW,NVCMT_EW,0.003,-0.003
810,304Nvl_L2_NS,304NVL_NS,0.008,0.008
810,304Nvl_L3_EW,NONE,0.006,0.0
810,304Nvl_L2_NS,NONE,0.007,0.0
810,32Nvl_L2_NS,32NVL_NS,0.007,0.001
810,32Nvl_L3_EW,NONE,0.006,0.0
810,NvcNvl_L3_EW,NONE,0.009,0.0
810,32Mt_L2_EW,NONE,0.008,0.0
810,32Mt_L2_EW,32MT_EW,0.044,0.044
810,32Mt_L2_NS,NONE,0.009,0.0
810,NvcMt_L1_EW,NVCMT_EW,0.006,-0.009
815,304Nvl_L1_NS,304NVL_NS,0.009,-0.001
815,304Nvl_L3_NS,NONE,0.007,0.0
815,304Nvl_L1_NS,NONE,0.015,0.0
815,32Nvl_L3_NS,NONE,0.014,0.0
815,32Nvl_L1_NS,32NVL_NS,0.014,0.008
815,32Nvl_L1_EW,32NVL_EW,0.007,-0.037
815,32Nvl_L2_EW,32NVL_EW,0.007,-0.023
815,NvcNvl_L1_EW,NVCNVL_EW,0.014,0.014
815,NvcNvl_L2_EW,NVCNVL_EW,0.008,0.006
815,32Mt_L1_NS,32MT_NS,0.038,0.038
815,32Mt_L1_EW,NONE,0.043,0.0
815,32Mt_L1_EW,32MT_EW,0.063,0.063
815,32Mt_L1_NS,NONE,0.049,0.0
815,NvcMt_L2_EW,NVCMT_EW,0.003,-0.003
815,304Nvl_L2_NS,304NVL_NS,0.008,0.008
815,32Nvl_L2_NS,32NVL_NS,0.013,0.008
815,32Nvl_L3_EW,NONE,0.006,0.0
815,32Nvl_L1_NS,32NVL_NS,0.013,0.007
815,NvcNvl_L3_EW,NONE,0.009,0.0
815,32Mt_L2_EW,32MT_EW,0.044,0.044
815,NvcMt_L1_EW,NVCMT_EW,0.006,-0.004
820,304Thn_L1_EW,304THN_EW,0.008,-0.004
820,304Thn_L3_EW,NONE,0.008,0.0
820,304Nvl_L1_NS,304NVL_NS,0.009,0.004
820,304Nvl_L3_NS,NONE,0.007,0.0
820,304Nvl_L1_EW,304NVL_EW,0.017,0.011
820,304Nvl_L2_EW,304NVL_EW,0.007,0.002
820,304Nvl_L1_EW,NONE,0.008,0.0
820,304Nvl_L1_NS,NONE,0.007,0.0
820,304Nvl_L2_EW,NONE,0.009,0.0
820,32Nvl_L1_NS,32NVL_NS,0.007,0.001
820,32Nvl_L1_EW,32NVL_EW,0.007,-0.037
820,32Nvl_L2_EW,32NVL_EW,0.007,-0.023
820,32Nvl_L3_NS,NONE,0.008,0.0
820,32Nvl_L2_NS,32NVL_NS,0.008,0.003
820,NvcNvl_L3_NS,NONE,0.014,0.0
820,NvcNvl_L2_NS,NONE,0.013,0.0
820,NvcNvl_L1_EW,NVCNVL_EW,0.007,0.007
820,NvcNvl_L2_EW,NVCNVL_EW,0.008,0.008
820,32Mt_L1_EW,NONE,0.007,0.0
820,32Mt_L1_EW,32MT_EW,0.063,0.063
820,32Mt_L1_NS,NONE,0.049,0.0
820,304Nvl_L2_NS,304NVL_NS,0.008,0.002
820,304Nvl_L3_EW,NONE,0.006,0.0
820,304Nvl_L3_EW,NONE,0.008,0.0
820,32Nvl_L2_NS,32NVL_NS,0.007,0.001
820,32Nvl_L3_EW,NONE,0.006,0.0
820,32Nvl_L1_NS,32NVL_NS,0.013,0.007
820,NvcNvl_L1_NS,NONE,0.017,0.0
820,NvcNvl_L3_EW,NONE,0.009,0.0
820,32Mt_L2_EW,32MT_EW,0.044,0.044
820,304Thn_L2_EW,304THN_EW,0.007,0.002
825,304Nvl_L1_NS,304NVL_NS,0.009,0.009
825,304Nvl_L3_NS,NONE,0.007,0.0
825,304Nvl_L1_EW,304NVL_EW,0.008,0.008
825,304Nvl_L2_EW,304NVL_EW,0.007,0.007
825,304Nvl_L1_EW,NONE,0.008,0.0
825,304Nvl_L1_NS,NONE,0.007,0.0
825,304Nvl_L2_EW,NONE,0.009,0.0
825,32Nvl_L1_EW,32NVL_EW,0.007,-0.042
825,32Nvl_L2_EW,32NVL_EW,0.007,-0.031
825,NvcNvl_L3_NS,NONE,0.014,0.0
825,NvcNvl_L2_NS,NONE,0.013,0.0
825,NvcNvl_L1_EW,NONE,0.011,0.0
825,NvcNvl_L2_EW,NONE,0.008,0.0
825,NvcNvl_L1_EW,NVCNVL_EW,0.007,0.007
825,NvcNvl_L2_EW,NVCNVL_EW,0.008,0.008
825,32Mt_L1_EW,NONE,0.014,0.0
825,32Mt_L3_EW,NONE,0.018,0.0
825,32Mt_L1_EW,32MT_EW,0.07,0.07
825,32Mt_L1_NS,NONE,0.049,0.0
825,304Nvl_L2_NS,304NVL_NS,0.008,0.008
825,304Nvl_L3_EW,NONE,0.006,0.0
825,304Nvl_L3_EW,NONE,0.008,0.0
825,32Nvl_L3_EW,NONE,0.006,0.0
825,32Nvl_L1_NS,32NVL_NS,0.007,0.0
825,NvcNvl_L1_NS,NONE,0.017,0.0
825,NvcNvl_L3_EW,NONE,0.009,0.0
825,32Mt_L2_EW,NONE,0.015,0.0
825,32Mt_L2_EW,32MT_EW,0.054,0.054
825,32Mt_L2_NS,NONE,0.043,0.0
830,304Nvl_L1_NS,304NVL_NS,0.009,-0.001
830,304Nvl_L3_NS,NONE,0.007,0.0
830,304Nvl_L1_NS,NONE,0.015,0.0
830,304Nvl_L3_NS,NONE,0.008,0.0
830,32Nvl_L1_NS,32NVL_NS,0.014,0.008
830,32Nvl_L1_EW,32NVL_EW,0.007,-0.047
830,32Nvl_L2_EW,32NVL_EW,0.007,-0.034
830,NvcNvl_L3_NS,NONE,0.007,0.0
830,NvcNvl_L2_NS,NONE,0.007,0.0
830,NvcNvl_L1_EW,NVCNVL_EW,0.007,0.007
830,NvcNvl_L2_EW,NVCNVL_EW,0.008,0.008
830,32Mt_L1_EW,32MT_EW,0.077,0.077
830,304Nvl_L2_NS,304NVL_NS,0.008,0.008
830,304Nvl_L2_NS,NONE,0.007,0.0
830,32Nvl_L2_NS,32NVL_NS,0.013,0.008
830,32Nvl_L3_EW,NONE,0.006,0.0
830,NvcNvl_L1_NS,NONE,0.009,0.0
830,NvcNvl_L3_EW,NONE,0.009,0.0
830,32Mt_L2_EW,32MT_EW,0.06,0.06
835,304Nvl_L1_NS,304NVL_NS,0.009,0.004
835,304Nvl_L3_NS,NONE,0.007,0.0
835,304Nvl_L1_EW,304NVL_EW,0.008,0.008
835,304Nvl_L1_NS,NONE,0.007,0.0
835,32Nvl_L1_NS,32NVL_NS,0.007,0.001
835,32Nvl_L1_EW,32NVL_EW,0.007,-0.047
835,32Nvl_L2_EW,32NVL_EW,0.007,-0.034
835,NvcNvl_L1_EW,NVCNVL_EW,0.014,0.014
835,NvcNvl_L2_EW,NVCNVL_EW,0.016,0.016
835,32Mt_L1_EW,NONE,0.007,0.0
835,32Mt_L1_EW,32MT_EW,0.077,0.077
835,32Mt_L1_NS,NONE,0.01,0.0
835,304Nvl_L2_NS,304NVL_NS,0.008,0.008
835,32Nvl_L2_NS,32NVL_NS,0.007,0.001
835,32Nvl_L3_EW,NONE,0.006,0.0
835,NvcNvl_L3_EW,NONE,0.019,0.0
835,32Mt_L2_EW,NONE,0.008,0.0
835,32Mt_L2_EW,32MT_EW,0.06,0.06
840,304Nvl_L1_NS,304NVL_NS,0.009,0.004
840,304Nvl_L3_NS,NONE,0.007,0.0
840,304Nvl_L1_NS,NONE,0.007,0.0
840,304Nvl_L3_NS,NONE,0.008,0.0
840,32Nvl_L3_NS,NONE,0.007,0.0
840,32Nvl_L1_NS,32NVL_NS,0.007,0.001
840,32Nvl_L1_EW,32NVL_EW,0.007,-0.076
840,32Nvl_L2_EW,32NVL_EW,0.007,-0.034
840,32Nvl_L3_NS,NONE,0.008,0.0
840,32Nvl_L2_NS,32NVL_NS,0.008,0.003
840,NvcNvl_L1_EW,NVCNVL_EW,0.014,0.014
840,NvcNvl_L2_EW,NVCNVL_EW,0.016,0.016
840,32Mt_L1_EW,NONE,0.007,0.0
840,32Mt_L1_EW,32MT_EW,0.119,0.119
840,304Nvl_L2_NS,304NVL_NS,0.008,0.002
840,304Nvl_L2_NS,NONE,0.007,0.0
840,32Nvl_L2_NS,32NVL_NS,0.007,0.001
840,32Nvl_L3_EW,NONE,0.006,0.0
840,32Nvl_L1_NS,32NVL_NS,0.013,0.007
840,NvcNvl_L3_EW,NONE,0.019,0.0
840,32Mt_L2_EW,32MT_EW,0.06,0.06
845,304Nvl_L1_NS,304NVL_NS,0.009,0.009
845,304Nvl_L3_NS,NONE,0.007,0.0
845,32Nvl_L1_EW,32NVL_EW,0.007,-0.048
845,32Nvl_L2_EW,32NVL_EW,0.007,-0.033
845,NvcNvl_L3_NS,NONE,0.088,0.0
845,NvcNvl_L2_NS,NONE,0.086,0.0
845,NvcNvl_L1_EW,NONE,0.011,0.0
845,NvcNvl_L2_EW,NONE,0.008,0.0
845,NvcNvl_L1_EW,NVCNVL_EW,0.007,0.003
845,NvcNvl_L2_EW,NVCNVL_EW,0.008,0.008
845,32Mt_L1_NS,32MT_NS,0.006,0.006
845,32Mt_L1_EW,NONE,0.007,0.0
845,32Mt_L3_EW,NONE,0.009,0.0
845,32Mt_L1_EW,32MT_EW,0.07,0.07
845,32Mt_L1_NS,NONE,0.01,0.0
845,NvcMt_L2_NS,NONE,0.037,0.0
845,NvcMt_L1_EW,NVCMT_EW,0.006,0.001
845,32Thn_L1_EW,32THN_EW,0.008,0.008
845,32Thn_L2_EW,32THN_EW,0.008,0.008
845,32Thn_L3_EW,NONE,0.008,0.0
845,304Nvl_L2_NS,304NVL_NS,0.008,0.008
845,32Nvl_L3_EW,NONE,0.006,0.0
845,NvcNvl_L1_NS,NONE,0.114,0.0
845,NvcNvl_L3_EW,NONE,0.006,0.0
845,NvcNvl_L3_EW,NONE,0.009,0.0
845,32Mt_L2_EW,NONE,0.008,0.0
845,32Mt_L2_EW,32MT_EW,0.049,0.049
845,32Mt_L2_NS,NONE,0.009,0.0
845,NvcMt_L1_NS,NONE,0.038,0.0
845,NvcMt_L2_EW,NVCMT_EW,0.008,0.002
850,304Nvl_L1_NS,304NVL_NS,0.118,0.108
850,304Nvl_L3_NS,NONE,0.096,0.0
850,32Nvl_L1_NS,32NVL_NS,0.014,-0.069
850,32Nvl_L1_EW,32NVL_EW,0.007,-0.027
850,32Nvl_L2_EW,32NVL_EW,0.007,-0.015
850,NvcNvl_L3_NS,NONE,0.081,0.0
850,NvcNvl_L2_NS,NONE,0.079,0.0
850,32Mt_L1_NS,32MT_NS,0.006,0.006
850,32Mt_L1_EW,NONE,0.014,0.0
850,32Mt_L3_EW,NONE,0.009,0.0
850,32Mt_L1_EW,32MT_EW,0.049,0.049
850,NvcMt_L2_NS,NONE,0.021,0.0
850,32Thn_L1_EW,NONE,0.01,0.0
850,304Nvl_L2_NS,304NVL_NS,0.099,0.099
850,32Nvl_L2_NS,32NVL_NS,0.013,-0.056
850,32Nvl_L3_EW,NONE,0.006,0.0
850,32Nvl_L1_NS,32NVL_NS,0.007,-0.076
850,NvcNvl_L1_NS,NONE,0.105,0.0
850,32Mt_L2_EW,NONE,0.008,0.0
850,32Mt_L2_EW,32MT_EW,0.033,0.033
850,NvcMt_L1_NS,NONE,0.022,0.0
855,304Nvl_L1_NS,304NVL_NS,0.118,0.113
855,304Nvl_L3_NS,NONE,0.096,0.0
855,32Nvl_L1_NS,32NVL_NS,0.007,-0.075
855,32Nvl_L1_EW,32NVL_EW,0.007,0.002
855,32Nvl_L2_EW,32NVL_EW,0.007,0.007
855,32Nvl_L3_NS,NONE,0.008,0.0
855,32Nvl_L2_NS,32NVL_NS,0.008,-0.061
855,32Mt_L1_NS,32MT_NS,0.006,0.006
855,32Mt_L1_EW,NONE,0.05,0.0
855,32Mt_L1_EW,32MT_EW,0.007,0.007
855,NvcMt_L2_NS,NONE,0.005,0.0
855,304Nvl_L2_NS,304NVL_NS,0.099,0.093
855,32Nvl_L2_NS,32NVL_NS,0.007,-0.062
855,32Nvl_L3_EW,NONE,0.006,0.0
855,32Nvl_L1_NS,32NVL_NS,0.013,-0.069
855,NvcMt_L1_NS,NONE,0.005,0.0
860,304Nvl_L1_NS,304NVL_NS,0.118,0.113
860,304Nvl_L3_NS,NONE,0.096,0.0
860,304Nvl_L1_EW,304NVL_EW,0.042,0.042
860,304Nvl_L2_EW,304NVL_EW,0.036,0.036
860,32Nvl_L1_NS,32NVL_NS,0.007,-0.075
860,32Nvl_L1_EW,32NVL_EW,0.007,0.007
860,32Nvl_L2_EW,32NVL_EW,0.007,0.007
860,32Nvl_L3_NS,NONE,0.017,0.0
860,32Nvl_L2_NS,32NVL_NS,0.016,-0.053
860,NvcNvl_L3_NS,NONE,0.034,0.0
860,NvcNvl_L2_NS,NONE,0.033,0.0
860,NvcNvl_L1_EW,NONE,0.011,0.0
860,NvcNvl_L2_EW,NONE,0.008,0.0
860,32Mt_L1_NS,32MT_NS,0.006,0.006
860,32Mt_L1_EW,NONE,0.014,0.0
860,NvcMt_L1_EW,NVCMT_EW,0.006,0.006
860,304Nvl_L2_NS,304NVL_NS,0.099,0.088
860,304Nvl_L3_EW,NONE,0.032,0.0
860,32Nvl_L2_NS,32NVL_NS,0.007,-0.062
860,32Nvl_L3_EW,NONE,0.006,0.0
860,32Nvl_L1_NS,32NVL_NS,0.02,-0.062
860,NvcNvl_L1_NS,NONE,0.044,0.0
860,NvcMt_L2_EW,NVCMT_EW,0.008,0.008
865,304Nvl_L1_NS,304NVL_NS,0.118,0.118
865,304Nvl_L3_NS,NONE,0.096,0.0
865,32Nvl_L1_EW,32NVL_EW,0.007,0.007
865,32Nvl_L2_EW,32NVL_EW,0.007,0.007
865,32Nvl_L3_NS,NONE,0.017,0.0
865,32Nvl_L2_NS,32NVL_NS,0.016,-0.053
865,NvcNvl_L3_NS,NONE,0.014,0.0
865,NvcNvl_L2_NS,NONE,0.013,0.0
865,NvcNvl_L1_EW,NONE,0.011,0.0
865,NvcNvl_L2_EW,NONE,0.008,0.0
865,32Mt_L1_EW,NONE,0.007,0.0
865,32Mt_L1_NS,NONE,0.01,0.0
865,NvcMt_L1_EW,NVCMT_EW,0.006,0.006
865,304Nvl_L2_NS,304NVL_NS,0.099,0.088
865,32Nvl_L3_EW,NONE,0.006,0.0
865,32Nvl_L1_NS,32NVL_NS,0.013,-0.069
865,NvcNvl_L1_NS,NONE,0.017,0.0
865,32Mt_L2_NS,NONE,0.009,0.0
865,NvcMt_L2_EW,NVCMT_EW,0.008,0.008
870,304Nvl_L1_NS,304NVL_NS,0.118,0.118
870,304Nvl_L3_NS,NONE,0.096,0.0
870,32Nvl_L1_EW,32NVL_EW,0.007,0.007
870,32Nvl_L2_EW,32NVL_EW,0.007,0.007
870,NvcNvl_L3_NS,NONE,0.007,0.0
870,NvcNvl_L2_NS,NONE,0.007,0.0
870,32Mt_L1_NS,32MT_NS,0.006,0.006
870,32Mt_L1_EW,NONE,0.007,0.0
870,304Nvl_L2_NS,304NVL_NS,0.099,0.099
870,32Nvl_L3_EW,NONE,0.006,0.0
870,32Nvl_L1_NS,32NVL_NS,0.013,-0.069
870,NvcNvl_L1_NS,NONE,0.009,0.0
875,304Nvl_L1_NS,304NVL_NS,0.163,0.158
875,304Nvl_L3_NS,NONE,0.096,0.0
875,304Nvl_L1_EW,304NVL_EW,0.017,0.017
875,304Nvl_L2_EW,304NVL_EW,0.015,0.015
875,32Nvl_L1_NS,32NVL_NS,0.007,-0.107
875,32Nvl_L1_EW,32NVL_EW,0.007,0.007
875,32Nvl_L2_EW,32NVL_EW,0.007,0.007
875,NvcNvl_L3_NS,NONE,0.007,0.0
875,NvcNvl_L2_NS,NONE,0.007,0.0
875,304Nvl_L2_NS,304NVL_NS,0.099,0.099
875,304Nvl_L3_EW,NONE,0.013,0.0
875,32Nvl_L3_EW,NONE,0.006,0.0
875,NvcNvl_L1_NS,NONE,0.009,0.0
880,304Nvl_L1_NS,304NVL_NS,0.163,0.163
880,304Nvl_L3_NS,NONE,0.096,0.0
880,304Nvl_L1_EW,304NVL_EW,0.017,0.017
880,304Nvl_L2_EW,304NVL_EW,0.015,0.015
880,32Nvl_L1_EW,32NVL_EW,0.007,0.007
880,32Nvl_L2_EW,32NVL_EW,0.007,0.007
880,NvcNvl_L3_NS,NONE,0.007,0.0
880,NvcNvl_L2_NS,NONE,0.007,0.0
880,NvcNvl_L1_EW,NVCNVL_EW,0.007,0.007
880,304Nvl_L2_NS,304NVL_NS,0.099,0.099
880,304Nvl_L3_EW,NONE,0.006,0.0
880,32Nvl_L3_EW,NONE,0.006,0.0
880,NvcNvl_L1_NS,NONE,0.009,0.0
885,304Nvl_L1_NS,304NVL_NS,0.163,0.163
885,304Nvl_L3_NS,NONE,0.096,0.0
885,304Nvl_L1_EW,304NVL_EW,0.025,0.025
885,304Nvl_L2_EW,304NVL_EW,0.022,0.022
885,304Nvl_L1_NS,NONE,0.015,0.0
885,32Nvl_L1_EW,32NVL_EW,0.007,0.007
885,32Nvl_L2_EW,32NVL_EW,0.008,0.008
885,NvcNvl_L1_EW,NVCNVL_EW,0.007,0.007
885,32Mt_L1_EW,NONE,0.043,0.0
885,32Mt_L3_EW,NONE,0.053,0.0
885,32Mt_L1_NS,NONE,0.01,0.0
885,304Nvl_L2_NS,304NVL_NS,0.137,0.137
885,304Nvl_L3_EW,NONE,0.019,0.0
885,32Nvl_L3_EW,NONE,0.006,0.0
885,32Mt_L2_EW,NONE,0.045,0.0
885,32Mt_L2_NS,NONE,0.009,0.0
890,304Nvl_L1_NS,304NVL_NS,0.118,0.118
890,304Nvl_L3_NS,NONE,0.096,0.0
890,304Nvl_L1_EW,304NVL_EW,0.017,0.017
890,304Nvl_L2_EW,304NVL_EW,0.015,0.015
890,304Nvl_L1_NS,NONE,0.015,0.0
890,NvcNvl_L1_EW,NVCNVL_EW,0.007,0.003
890,NvcNvl_L2_EW,NVCNVL_EW,0.008,0.008
890,32Mt_L1_NS,32MT_NS,0.006,0.006
890,NvcMt_L1_EW,NVCMT_EW,0.006,0.001
890,304Nvl_L2_NS,304NVL_NS,0.099,0.099
890,304Nvl_L3_EW,NONE,0.013,0.0
890,NvcNvl_L3_EW,NONE,0.009,0.0
890,NvcMt_L2_EW,NVCMT_EW,0.008,0.002
895,304Nvl_L1_NS,304NVL_NS,0.118,0.118
895,304Nvl_L3_NS,NONE,0.096,0.0
895,304Nvl_L1_EW,NONE,0.008,0.0
895,304Nvl_L1_NS,NONE,0.007,0.0
895,304Nvl_L2_EW,NONE,0.009,0.0
895,32Nvl_L2_NS,32NVL_NS,0.008,-0.061
895,NvcNvl_L1_EW,NVCNVL_EW,0.007,0.007
895,NvcNvl_L2_EW,NVCNVL_EW,0.008,0.008
895,32Mt_L1_EW,NONE,0.007,0.0
895,32Mt_L3_EW,NONE,0.009,0.0
895,32Mt_L1_EW,32MT_EW,0.042,0.042
895,32Mt_L1_NS,NONE,0.059,0.0
895,304Nvl_L2_NS,304NVL_NS,0.099,0.093
895,304Nvl_L3_EW,NONE,0.008,0.0
895,32Nvl_L1_NS,32NVL_NS,0.013,-0.069
895,32Mt_L2_EW,NONE,0.008,0.0
895,32Mt_L2_EW,32MT_EW,0.033,0.033
900,304Thn_L1_EW,304THN_EW,0.008,-0.004
900,304Thn_L3_EW,NONE,0.008,0.0
900,304Nvl_L1_NS,304NVL_NS,0.045,0.045
900,304Nvl_L1_EW,304NVL_EW,0.017,0.011
900,304Nvl_L2_EW,304NVL_EW,0.007,0.002
900,304Nvl_L1_NS,NONE,0.015,0.0
900,304Nvl_L3_NS,NONE,0.008,0.0
900,32Nvl_L1_EW,32NVL_EW,0.007,-0.037
900,32Nvl_L2_EW,32NVL_EW,0.007,-0.027
900,32Nvl_L3_NS,NONE,0.017,0.0
900,32Nvl_L2_NS,32NVL_NS,0.016,-0.011
900,NvcNvl_L3_NS,NONE,0.007,0.0
900,NvcNvl_L2_NS,NONE,0.007,0.0
900,NvcNvl_L1_EW,NONE,0.011,0.0
900,NvcNvl_L2_EW,NONE,0.008,0.0
900,32Mt_L1_EW,NONE,0.007,0.0
900,32Mt_L3_EW,NONE,0.009,0.0
900,32Mt_L1_EW,32MT_EW,0.063,0.063
900,32Mt_L1_NS,NONE,0.01,0.0
900,NvcMt_L2_NS,NONE,0.005,0.0
900,304Nvl_L2_NS,304NVL_NS,0.038,0.027
900,304Nvl_L3_EW,NONE,0.006,0.0
900,304Nvl_L2_NS,NONE,0.007,0.0
900,32Nvl_L3_EW,NONE,0.006,0.0
900,32Nvl_L1_NS,32NVL_NS,0.02,-0.012
900,NvcNvl_L1_NS,NONE,0.009,0.0
900,NvcNvl_L3_EW,NONE,0.006,0.0
900,32Mt_L2_EW,NONE,0.008,0.0
900,32Mt_L2_EW,32MT_EW,0.049,0.049
900,NvcMt_L1_NS,NONE,0.005,0.0
900,304Thn_L2_EW,304THN_EW,0.007,0.002
905,304Thn_L1_EW,304THN_EW,0.008,-0.01
905,304Thn_L3_EW,NONE,0.008,0.0
905,304Nvl_L1_NS,304NVL_NS,0.054,0.054
905,304Nvl_L3_NS,NONE,0.044,0.0
905,304Nvl_L1_EW,304NVL_EW,0.025,0.02
905,304Nvl_L2_EW,304NVL_EW,0.015,0.009
905,32Nvl_L1_EW,32NVL_EW,0.007,-0.037
905,32Nvl_L2_EW,32NVL_EW,0.007,-0.027
905,NvcNvl_L3_NS,NONE,0.007,0.0
905,NvcNvl_L2_NS,NONE,0.007,0.0
905,NvcNvl_L1_EW,NONE,0.011,0.0
905,NvcNvl_L2_EW,NONE,0.008,0.0
905,NvcNvl_L1_EW,NVCNVL_EW,0.007,0.007
905,NvcNvl_L2_EW,NVCNVL_EW,0.008,0.008
905,32Mt_L1_EW,32MT_EW,0.063,0.063
905,304Nvl_L2_NS,304NVL_NS,0.046,0.046
905,304Nvl_L3_EW,NONE,0.013,0.0
905,32Nvl_L3_EW,NONE,0.006,0.0
905,32Nvl_L1_NS,32NVL_NS,0.007,-0.031
905,NvcNvl_L1_NS,NONE,0.009,0.0
905,NvcNvl_L3_EW,NONE,0.006,0.0
905,NvcNvl_L3_EW,NONE,0.009,0.0
905,32Mt_L2_EW,32MT_EW,0.049,0.049
905,304Thn_L2_EW,304THN_EW,0.007,-0.003
910,304Thn_L1_EW,304THN_EW,0.008,-0.015
910,304Nvl_L1_NS,304NVL_NS,0.009,0.004
910,304Nvl_L1_EW,304NVL_EW,0.034,0.028
910,304Nvl_L2_EW,304NVL_EW,0.022,0.017
910,304Nvl_L1_EW,NONE,0.008,0.0
910,304Nvl_L1_NS,NONE,0.088,0.0
910,32Nvl_L3_NS,NONE,0.007,0.0
910,32Nvl_L1_NS,32NVL_NS,0.007,0.001
910,32Nvl_L1_EW,32NVL_EW,0.007,-0.042
910,32Nvl_L2_EW,32NVL_EW,0.008,-0.027
910,32Nvl_L1_EW,32NVL_EW,0.007,-0.042
910,32Nvl_L2_EW,32NVL_EW,0.007,-0.027
910,32Nvl_L3_NS,NONE,0.008,0.0
910,32Nvl_L2_NS,32NVL_NS,0.008,0.008
910,NvcNvl_L3_NS,NONE,0.007,0.0
910,NvcNvl_L2_NS,NONE,0.007,0.0
910,NvcNvl_L1_EW,NONE,0.011,0.0
910,NvcNvl_L1_EW,NVCNVL_EW,0.007,0.007
910,NvcNvl_L2_EW,NVCNVL_EW,0.008,0.008
910,32Mt_L1_EW,NONE,0.007,0.0
910,32Mt_L1_EW,32MT_EW,0.07,0.065
910,32Mt_L1_NS,NONE,0.049,0.0
910,304Nvl_L3_EW,NONE,0.019,0.0
910,32Nvl_L2_NS,32NVL_NS,0.007,0.007
910,32Nvl_L3_EW,NONE,0.006,0.0
910,32Nvl_L3_EW,NONE,0.006,0.0
910,32Nvl_L1_NS,32NVL_NS,0.007,0.0
910,NvcNvl_L1_NS,NONE,0.009,0.0
910,NvcNvl_L3_EW,NONE,0.009,0.0
910,32Mt_L2_EW,32MT_EW,0.049,0.044
910,32Mt_L2_NS,NONE,0.043,0.0
910,304Thn_L2_EW,304THN_EW,0.007,-0.008
915,304Nvl_L1_EW,304NVL_EW,0.042,0.042
915,304Nvl_L2_EW,304NVL_EW,0.029,0.029
915,304Nvl_L1_NS,NONE,0.088,0.0
915,32Nvl_L3_NS,NONE,0.007,0.0
915,32Nvl_L1_NS,32NVL_NS,0.014,0.014
915,32Nvl_L1_EW,32NVL_EW,0.007,-0.042
915,32Nvl_L2_EW,32NVL_EW,0.008,-0.027
915,32Nvl_L1_EW,32NVL_EW,0.007,-0.042
915,32Nvl_L2_EW,32NVL_EW,0.007,-0.027
915,32Nvl_L3_NS,NONE,0.017,0.0
915,32Nvl_L2_NS,32NVL_NS,0.016,0.016
915,NvcNvl_L1_EW,NVCNVL_EW,0.007,0.007
915,NvcNvl_L2_EW,NVCNVL_EW,0.008,0.008
915,32Mt_L1_EW,NONE,0.014,0.0
915,32Mt_L3_EW,NONE,0.009,0.0
915,32Mt_L1_EW,32MT_EW,0.07,0.065
915,304Nvl_L3_EW,NONE,0.025,0.0
915,32Nvl_L2_NS,32NVL_NS,0.013,0.013
915,32Nvl_L3_EW,NONE,0.006,0.0
915,32Nvl_L3_EW,NONE,0.006,0.0
915,32Nvl_L1_NS,32NVL_NS,0.013,0.013
915,NvcNvl_L3_EW,NONE,0.009,0.0
915,32Mt_L2_EW,NONE,0.008,0.0
915,32Mt_L2_EW,32MT_EW,0.049,0.044
920,304Thn_L1_EW,NONE,0.007,0.0
920,304Nvl_L1_EW,304NVL_EW,0.034,0.034
920,304Nvl_L2_EW,304NVL_EW,0.029,0.029
920,304Nvl_L1_NS,NONE,0.044,0.0
920,32Nvl_L3_NS,NONE,0.007,0.0
920,32Nvl_L1_NS,32NVL_NS,0.014,0.014
920,32Nvl_L1_EW,32NVL_EW,0.007,-0.042
920,32Nvl_L2_EW,32NVL_EW,0.008,-0.03
920,32Nvl_L1_EW,32NVL_EW,0.007,-0.042
920,32Nvl_L2_EW,32NVL_EW,0.007,-0.031
920,NvcNvl_L1_EW,NONE,0.011,0.0
920,NvcNvl_L2_EW,NONE,0.008,0.0
920,NvcNvl_L1_EW,NVCNVL_EW,0.014,0.014
920,NvcNvl_L2_EW,NVCNVL_EW,0.008,0.008
920,32Mt_L1_NS,32MT_NS,0.031,0.031
920,32Mt_L1_EW,32MT_EW,0.07,0.065
920,304Nvl_L3_EW,NONE,0.025,0.0
920,32Nvl_L2_NS,32NVL_NS,0.013,0.013
920,32Nvl_L3_EW,NONE,0.006,0.0
920,32Nvl_L3_EW,NONE,0.006,0.0
920,NvcNvl_L3_EW,NONE,0.006,0.0
920,NvcNvl_L3_EW,NONE,0.009,0.0
920,32Mt_L2_EW,32MT_EW,0.054,0.049
925,304Nvl_L1_EW,304NVL_EW,0.076,0.076
925,304Nvl_L2_EW,304NVL_EW,0.065,0.065
925,304Nvl_L1_NS,NONE,0.007,0.0
925,32Nvl_L1_NS,32NVL_NS,0.014,0.014
925,32Nvl_L1_EW,32NVL_EW,0.007,0.002
925,32Nvl_L2_EW,32NVL_EW,0.008,0.008
925,32Nvl_L1_EW,32NVL_EW,0.007,0.002
925,32Nvl_L2_EW,32NVL_EW,0.007,0.007
925,NvcNvl_L1_EW,NVCNVL_EW,0.014,0.014
925,NvcNvl_L2_EW,NVCNVL_EW,0.008,0.008
925,32Mt_L1_NS,32MT_NS,0.038,0.038
925,32Mt_L1_EW,NONE,0.007,0.0
925,32Mt_L1_EW,32MT_EW,0.007,0.002
925,NvcMt_L2_NS,NONE,0.011,0.0
925,304Nvl_L3_EW,NONE,0.057,0.0
925,32Nvl_L2_NS,32NVL_NS,0.007,0.007
925,32Nvl_L3_EW,NONE,0.006,0.0
925,32Nvl_L3_EW,NONE,0.006,0.0
925,NvcNvl_L3_EW,NONE,0.009,0.0
925,32Mt_L2_NS,32MT_NS,0.006,0.006
925,32Mt_L2_EW,NONE,0.008,0.0
925,NvcMt_L1_NS,NONE,0.011,0.0
930,304Nvl_L1_EW,304NVL_EW,0.076,0.076
930,304Nvl_L2_EW,304NVL_EW,0.065,0.065
930,32Nvl_L1_EW,32NVL_EW,0.007,0.007
930,32Nvl_L2_EW,32NVL_EW,0.008,0.008
930,32Nvl_L1_EW,32NVL_EW,0.007,0.007
930,32Nvl_L2_EW,32NVL_EW,0.007,0.007
930,NvcNvl_L3_NS,NONE,0.007,0.0
930,NvcNvl_L2_NS,NONE,0.007,0.0
930,NvcNvl_L1_EW,NVCNVL_EW,0.014,0.014
930,NvcNvl_L2_EW,NVCNVL_EW,0.008,0.008
930,32Mt_L1_NS,32MT_NS,0.044,0.044
930,32Mt_L1_EW,NONE,0.007,0.0
930,32Mt_L3_EW,NONE,0.009,0.0
930,304Nvl_L3_EW,NONE,0.057,0.0
930,32Nvl_L3_EW,NONE,0.006,0.0
930,32Nvl_L3_EW,NONE,0.006,0.0
930,32Nvl_L1_NS,32NVL_NS,0.013,0.013
930,NvcNvl_L1_NS,NONE,0.009,0.0
930,NvcNvl_L3_EW,NONE,0.009,0.0
930,32Mt_L2_NS,32MT_NS,0.013,0.013
930,32Mt_L2_EW,NONE,0.008,0.0
930,NvcMt_L1_EW,NVCMT_EW,0.006,-0.004
935,304Nvl_L1_EW,304NVL_EW,0.076,0.076
935,304Nvl_L2_EW,304NVL_EW,0.065,0.065
935,32Nvl_L1_EW,32NVL_EW,0.007,0.007
935,32Nvl_L2_EW,32NVL_EW,0.008,0.008
935,32Nvl_L1_EW,32NVL_EW,0.007,0.007
935,32Nvl_L2_EW,32NVL_EW,0.007,0.007
935,NvcNvl_L3_NS,NONE,0.041,0.0
935,NvcNvl_L2_NS,NONE,0.04,0.0
935,NvcNvl_L1_EW,NVCNVL_EW,0.007,0.007
935,NvcNvl_L2_EW,NVCNVL_EW,0.008,0.008
935,32Mt_L1_NS,32MT_NS,0.013,0.013
935,32Mt_L1_EW,NONE,0.05,0.0
935,32Mt_L3_EW,NONE,0.018,0.0
935,32Mt_L1_NS,NONE,0.02,0.0
935,NvcMt_L2_NS,NONE,0.005,0.0
935,304Nvl_L3_EW,NONE,0.057,0.0
935,32Nvl_L3_EW,NONE,0.006,0.0
935,32Nvl_L3_EW,NONE,0.006,0.0
935,32Nvl_L1_NS,32NVL_NS,0.007,0.007
935,NvcNvl_L1_NS,NONE,0.052,0.0
935,NvcNvl_L3_EW,NONE,0.009,0.0
935,32Mt_L2_NS,32MT_NS,0.013,0.013
935,32Mt_L2_EW,NONE,0.015,0.0
935,NvcMt_L1_NS,NONE,0.005,0.0
940,304Nvl_L1_EW,304NVL_EW,0.085,0.085
940,304Nvl_L2_EW,304NVL_EW,0.073,0.073
940,32Nvl_L1_NS,32NVL_NS,0.083,0.083
940,32Nvl_L1_EW,32NVL_EW,0.007,-0.003
940,32Nvl_L2_EW,32NVL_EW,0.008,0.0
940,32Nvl_L1_EW,32NVL_EW,0.007,-0.003
940,32Nvl_L2_EW,32NVL_EW,0.007,0.0
940,32Nvl_L3_NS,NONE,0.008,0.0
940,32Nvl_L2_NS,32NVL_NS,0.008,0.008
940,NvcNvl_L3_NS,NONE,0.007,0.0
940,NvcNvl_L2_NS,NONE,0.007,0.0
940,NvcNvl_L1_EW,NVCNVL_EW,0.007,0.007
940,NvcNvl_L2_EW,NVCNVL_EW,0.008,0.008
940,32Mt_L1_NS,32MT_NS,0.013,0.013
940,32Mt_L1_EW,NONE,0.043,0.0
940,32Mt_L1_EW,32MT_EW,0.014,0.009
940,32Mt_L1_NS,NONE,0.01,0.0
940,304Nvl_L3_EW,NONE,0.063,0.0
940,32Nvl_L2_NS,32NVL_NS,0.08,0.08
940,32Nvl_L3_EW,NONE,0.006,0.0
940,32Nvl_L3_EW,NONE,0.006,0.0
940,32Nvl_L1_NS,32NVL_NS,0.007,0.007
940,NvcNvl_L1_NS,NONE,0.009,0.0
940,NvcNvl_L3_EW,NONE,0.009,0.0
940,32Mt_L2_NS,32MT_NS,0.013,0.013
940,32Mt_L2_EW,32MT_EW,0.011,0.005
945,304Nvl_L1_EW,304NVL_EW,0.085,0.085
945,304Nvl_L2_EW,304NVL_EW,0.073,0.073
945,32Nvl_L3_NS,NONE,0.007,0.0
945,32Nvl_L1_NS,32NVL_NS,0.09,0.09
945,32Nvl_L1_EW,32NVL_EW,0.007,0.002
945,32Nvl_L2_EW,32NVL_EW,0.008,0.004
945,32Nvl_L1_EW,32NVL_EW,0.007,0.002
945,32Nvl_L2_EW,32NVL_EW,0.007,0.004
945,NvcNvl_L3_NS,NONE,0.014,0.0
945,NvcNvl_L2_NS,NONE,0.013,0.0
945,NvcNvl_L1_EW,NVCNVL_EW,0.014,0.01
945,NvcNvl_L2_EW,NVCNVL_EW,0.016,0.016
945,32Mt_L1_NS,32MT_NS,0.013,0.013
945,32Mt_L1_EW,NONE,0.014,0.0
945,32Mt_L3_EW,NONE,0.018,0.0
945,32Mt_L1_EW,32MT_EW,0.007,0.002
945,32Mt_L1_NS,NONE,0.01,0.0
945,NvcMt_L1_EW,NVCMT_EW,0.006,-0.004
945,NvcCmt8_L2_NS,NONE,0.011,0.0
945,NvcCmt8_L1_NS,NONE,0.008,0.0
945,304Nvl_L3_EW,NONE,0.063,0.0
945,32Nvl_L2_NS,32NVL_NS,0.087,0.087
945,32Nvl_L3_EW,NONE,0.006,0.0
945,32Nvl_L3_EW,NONE,0.006,0.0
945,NvcNvl_L1_NS,NONE,0.017,0.0
945,NvcNvl_L3_EW,NONE,0.019,0.0
945,32Mt_L2_NS,32MT_NS,0.006,0.006
945,32Mt_L2_EW,NONE,0.015,0.0
945,32Mt_L2_EW,32MT_EW,0.005,0.0
945,NvcMt_L2_EW,NVCMT_EW,0.008,-0.003
950,304Nvl_L1_EW,304NVL_EW,0.059,0.059
950,304Nvl_L2_EW,304NVL_EW,0.044,0.044
950,304Nvl_L1_NS,NONE,0.007,0.0
950,304Nvl_L3_NS,NONE,0.008,0.0
950,32Nvl_L1_EW,32NVL_EW,0.007,-0.003
950,32Nvl_L2_EW,32NVL_EW,0.008,0.004
950,32Nvl_L1_EW,32NVL_EW,0.007,-0.003
950,32Nvl_L2_EW,32NVL_EW,0.007,0.004
950,NvcNvl_L3_NS,NONE,0.007,0.0
950,NvcNvl_L2_NS,NONE,0.007,0.0
950,NvcNvl_L1_EW,NVCNVL_EW,0.014,0.01
950,NvcNvl_L2_EW,NVCNVL_EW,0.016,0.016
950,NvcNvl_L1_NS,NVCNVL_NS,0.007,0.007
950,32Mt_L1_NS,32MT_NS,0.006,0.006
950,32Mt_L1_EW,NONE,0.022,0.0
950,32Mt_L3_EW,NONE,0.009,0.0
950,32Mt_L1_EW,32MT_EW,0.014,0.009
950,NvcMt_L1_EW,NVCMT_EW,0.006,-0.004
950,NvcCmt8_L2_NS,NONE,0.022,0.0
950,NvcCmt8_L1_NS,NONE,0.015,0.0
950,304Nvl_L3_EW,NONE,0.038,0.0
950,304Nvl_L2_NS,NONE,0.007,0.0
950,32Nvl_L3_EW,NONE,0.006,0.0
950,32Nvl_L3_EW,NONE,0.006,0.0
950,32Nvl_L1_NS,32NVL_NS,0.007,0.002
950,NvcNvl_L1_NS,NONE,0.009,0.0
950,NvcNvl_L3_EW,NONE,0.019,0.0
950,32Mt_L2_EW,NONE,0.008,0.0
950,32Mt_L2_EW,32MT_EW,0.005,0.0
950,NvcMt_L2_EW,NVCMT_EW,0.008,-0.003
955,304Nvl_L1_EW,304NVL_EW,0.051,0.051
955,304Nvl_L2_EW,304NVL_EW,0.036,0.036
955,32Nvl_L3_NS,NONE,0.034,0.0
955,32Nvl_L1_NS,32NVL_NS,0.042,0.037
955,32Nvl_L1_EW,32NVL_EW,0.007,-0.008
955,32Nvl_L2_EW,32NVL_EW,0.008,0.004
955,32Nvl_L1_EW,32NVL_EW,0.007,-0.008
955,32Nvl_L2_EW,32NVL_EW,0.007,0.004
955,NvcNvl_L3_NS,NONE,0.014,0.0
955,NvcNvl_L2_NS,NONE,0.013,0.0
955,NvcNvl_L1_EW,NVCNVL_EW,0.021,0.017
955,NvcNvl_L2_EW,NVCNVL_EW,0.016,0.016
955,NvcNvl_L1_NS,NVCNVL_NS,0.007,-0.022
955,32Mt_L1_EW,32MT_EW,0.021,0.016
955,NvcMt_L1_EW,NVCMT_EW,0.006,-0.008
955,304Nvl_L3_EW,NONE,0.032,0.0
955,32Nvl_L2_NS,32NVL_NS,0.04,0.04
955,32Nvl_L3_EW,NONE,0.006,0.0
955,32Nvl_L3_EW,NONE,0.006,0.0
955,32Nvl_L1_NS,32NVL_NS,0.081,0.076
955,NvcNvl_L1_NS,NONE,0.017,0.0
955,NvcNvl_L3_EW,NONE,0.019,0.0
955,32Mt_L2_EW,32MT_EW,0.005,0.0
955,NvcMt_L2_EW,NVCMT_EW,0.008,-0.003
960,304Nvl_L1_EW,304NVL_EW,0.042,0.042
960,304Nvl_L2_EW,304NVL_EW,0.029,0.029
960,304Nvl_L1_NS,NONE,0.036,0.0
960,32Nvl_L3_NS,NONE,0.007,0.0
960,32Nvl_L1_NS,32NVL_NS,0.042,0.037
960,NvcNvl_L3_NS,NONE,0.014,0.0
960,NvcNvl_L2_NS,NONE,0.013,0.0
960,NvcNvl_L1_EW,NVCNVL_EW,0.014,0.01
960,NvcNvl_L2_EW,NVCNVL_EW,0.008,0.008
960,NvcNvl_L1_NS,NVCNVL_NS,0.007,-0.022
960,32Mt_L1_EW,32MT_EW,0.028,0.028
960,32Mt_L1_NS,NONE,0.01,0.0
960,NvcMt_L1_EW,NVCMT_EW,0.006,-0.004
960,NvcCmt8_L2_NS,NONE,0.012,0.0
960,32Thn_L1_EW,32THN_EW,0.008,0.008
960,32Thn_L2_EW,32THN_EW,0.008,0.008
960,32Thn_L3_EW,NONE,0.008,0.0
960,304Nvl_L3_EW,NONE,0.025,0.0
960,32Nvl_L2_NS,32NVL_NS,0.04,0.04
960,NvcNvl_L1_NS,NONE,0.017,0.0
960,NvcNvl_L3_EW,NONE,0.009,0.0
960,32Mt_L2_EW,32MT_EW,0.016,0.016
960,NvcMt_L2_EW,NVCMT_EW,0.008,0.002
960,NvcCmt8_L1_NS,NONE,0.011,0.0
965,304Thn_L1_EW,NONE,0.007,0.0
965,304Thn_L2_EW,NONE,0.008,0.0
965,304Nvl_L1_EW,304NVL_EW,0.051,0.051
965,304Nvl_L2_EW,304NVL_EW,0.036,0.036
965,304Nvl_L1_NS,NONE,0.044,0.0
965,32Nvl_L3_NS,NONE,0.007,0.0
965,32Nvl_L1_NS,32NVL_NS,0.042,0.037
965,32Nvl_L3_NS,NONE,0.008,0.0
965,32Nvl_L2_NS,32NVL_NS,0.008,0.008
965,NvcNvl_L3_NS,NONE,0.014,0.0
965,NvcNvl_L2_NS,NONE,0.013,0.0
965,NvcNvl_L1_EW,NVCNVL_EW,0.014,0.01
965,NvcNvl_L2_EW,NVCNVL_EW,0.008,0.008
965,NvcNvl_L1_NS,NVCNVL_NS,0.007,-0.022
965,32Mt_L1_EW,32MT_EW,0.007,0.007
965,NvcMt_L2_NS,NONE,0.005,0.0
965,NvcMt_L1_EW,NVCMT_EW,0.006,-0.004
965,32Thn_L1_EW,NONE,0.01,0.0
965,304Nvl_L3_EW,NONE,0.032,0.0
965,32Nvl_L2_NS,32NVL_NS,0.04,0.04
965,32Nvl_L1_NS,32NVL_NS,0.013,0.009
965,NvcNvl_L1_NS,NONE,0.017,0.0
965,NvcNvl_L3_EW,NONE,0.009,0.0
965,32Mt_L2_EW,32MT_EW,0.005,0.005
965,NvcMt_L1_NS,NONE,0.005,0.0
965,NvcMt_L2_EW,NVCMT_EW,0.008,0.002
970,304Nvl_L1_EW,304NVL_EW,0.085,0.085
970,304Nvl_L2_EW,304NVL_EW,0.073,0.073
970,304Nvl_L1_NS,NONE,0.007,0.0
970,32Nvl_L3_NS,NONE,0.007,0.0
970,32Nvl_L1_NS,32NVL_NS,0.042,0.037
970,32Nvl_L1_EW,32NVL_EW,0.007,0.002
970,32Nvl_L2_EW,32NVL_EW,0.008,0.004
970,32Nvl_L3_NS,NONE,0.008,0.0
970,32Nvl_L2_NS,32NVL_NS,0.008,0.008
970,NvcNvl_L1_NS,NVCNVL_NS,0.007,-0.022
970,32Mt_L1_NS,32MT_NS,0.006,0.006
970,32Mt_L1_EW,NONE,0.007,0.0
970,32Mt_L1_EW,32MT_EW,0.007,0.002
970,304Nvl_L3_EW,NONE,0.063,0.0
970,32Nvl_L2_NS,32NVL_NS,0.04,0.04
970,32Nvl_L3_EW,NONE,0.006,0.0
970,32Nvl_L1_NS,32NVL_NS,0.013,0.009
970,32Mt_L2_EW,32MT_EW,0.005,0.0
975,304Thn_L1_EW,304THN_EW,0.05,-0.004
975,304Thn_L3_EW,NONE,0.039,0.0
975,304Nvl_L1_EW,304NVL_EW,0.076,0.042
975,304Nvl_L2_EW,304NVL_EW,0.065,0.039
975,32Nvl_L3_NS,NONE,0.007,0.0
975,32Nvl_L1_NS,32NVL_NS,0.042,0.037
975,32Nvl_L2_EW,32NVL_EW,0.008,0.002
975,32Nvl_L3_NS,NONE,0.067,0.0
975,32Nvl_L2_NS,32NVL_NS,0.063,0.063
975,NvcNvl_L2_NS,NONE,0.007,0.0
975,NvcNvl_L1_EW,NVCNVL_EW,0.007,0.007
975,NvcNvl_L1_NS,NVCNVL_NS,0.007,-0.022
975,32Mt_L1_NS,32MT_NS,0.006,0.006
975,32Mt_L1_NS,NONE,0.01,0.0
975,32Thn_L1_EW,32THN_EW,0.008,0.008
975,32Thn_L2_EW,32THN_EW,0.008,0.003
975,32Thn_L3_EW,NONE,0.008,0.0
975,304Nvl_L3_EW,NONE,0.057,0.0
975,32Nvl_L2_NS,32NVL_NS,0.04,0.04
975,32Nvl_L1_NS,32NVL_NS,0.054,0.049
975,NvcNvl_L1_NS,NONE,0.009,0.0
975,32Mt_L2_NS,NONE,0.009,0.0
975,304Thn_L2_EW,304THN_EW,0.037,-0.009
980,304Thn_L1_EW,304THN_EW,0.041,-0.018
980,304Thn_L3_EW,NONE,0.039,0.0
980,304Nvl_L1_EW,304NVL_EW,0.085,0.056
980,304Nvl_L2_EW,304NVL_EW,0.065,0.039
980,32Nvl_L3_NS,NONE,0.007,0.0
980,32Nvl_L1_NS,32NVL_NS,0.042,0.042
980,32Nvl_L3_NS,NONE,0.075,0.0
980,32Nvl_L2_NS,32NVL_NS,0.071,0.071
980,NvcNvl_L2_NS,NONE,0.007,0.0
980,32Mt_L1_NS,32MT_NS,0.006,0.006
980,32Mt_L1_EW,32MT_EW,0.042,0.042
980,NvcCmt8_L2_NS,NONE,0.011,0.0
980,32Thn_L1_EW,NONE,0.01,0.0
980,NvcCmt8_L1_NS,NONE,0.008,0.0
980,304Nvl_L3_EW,NONE,0.057,0.0
980,32Nvl_L2_NS,32NVL_NS,0.04,0.04
980,32Nvl_L1_NS,32NVL_NS,0.067,0.067
980,NvcNvl_L1_NS,NONE,0.009,0.0
980,32Mt_L2_EW,32MT_EW,0.033,0.033
980,304Thn_L2_EW,304THN_EW,0.037,-0.009
985,304Nvl_L1_EW,304NVL_EW,0.017,0.017
985,304Nvl_L2_EW,304NVL_EW,0.007,0.007
985,304Nvl_L1_EW,NONE,0.008,0.0
985,304Nvl_L2_EW,NONE,0.009,0.0
985,32Nvl_L3_NS,NONE,0.007,0.0
985,32Nvl_L1_NS,32NVL_NS,0.042,0.042
985,32Nvl_L3_NS,NONE,0.075,0.0
985,32Nvl_L2_NS,32NVL_NS,0.071,0.071
985,NvcNvl_L3_NS,NONE,0.041,0.0
985,NvcNvl_L2_NS,NONE,0.04,0.0
985,NvcNvl_L1_EW,NONE,0.021,0.0
985,NvcNvl_L2_EW,NONE,0.015,0.0
985,32Mt_L1_NS,32MT_NS,0.006,0.006
985,32Mt_L1_EW,NONE,0.014,0.0
985,32Mt_L3_EW,NONE,0.018,0.0
985,32Mt_L1_EW,32MT_EW,0.021,0.021
985,32Thn_L1_EW,32THN_EW,0.008,0.008
985,32Thn_L2_EW,32THN_EW,0.008,0.008
985,32Thn_L3_EW,NONE,0.008,0.0
985,304Nvl_L3_EW,NONE,0.006,0.0
985,304Nvl_L3_EW,NONE,0.008,0.0
985,32Nvl_L2_NS,32NVL_NS,0.04,0.04
985,32Nvl_L1_NS,32NVL_NS,0.067,0.067
985,NvcNvl_L1_NS,NONE,0.052,0.0
985,NvcNvl_L3_EW,NONE,0.013,0.0
985,32Mt_L2_EW,NONE,0.015,0.0
985,32Mt_L2_EW,32MT_EW,0.016,0.016
990,304Nvl_L1_EW,304NVL_EW,0.025,0.025
990,304Nvl_L2_EW,304NVL_EW,0.015,0.015
990,304Nvl_L1_NS,NONE,0.007,0.0
990,32Nvl_L3_NS,NONE,0.007,0.0
990,32Nvl_L1_NS,32NVL_NS,0.042,0.042
990,32Nvl_L1_EW,32NVL_EW,0.05,0.039
990,32Nvl_L2_EW,32NVL_EW,0.054,0.044
990,32Nvl_L3_NS,NONE,0.075,0.0
990,32Nvl_L2_NS,32NVL_NS,0.071,0.071
990,NvcNvl_L3_NS,NONE,0.048,0.0
990,NvcNvl_L2_NS,NONE,0.046,0.0
990,32Mt_L1_NS,32MT_NS,0.031,0.031
990,32Mt_L1_EW,NONE,0.007,0.0
990,32Mt_L3_EW,NONE,0.009,0.0
990,32Mt_L1_EW,32MT_EW,0.007,-0.028
990,32Mt_L1_NS,NONE,0.01,0.0
990,32Thn_L1_EW,32THN_EW,0.008,-0.027
990,32Thn_L2_EW,32THN_EW,0.008,-0.03
990,32Thn_L3_EW,NONE,0.008,0.0
990,304Nvl_L3_EW,NONE,0.013,0.0
990,32Nvl_L2_NS,32NVL_NS,0.04,0.04
990,32Nvl_L3_EW,NONE,0.044,0.0
990,32Nvl_L1_NS,32NVL_NS,0.06,0.06
990,NvcNvl_L1_NS,NONE,0.061,0.0
990,32Mt_L2_EW,NONE,0.008,0.0
990,32Mt_L2_EW,32MT_EW,0.005,-0.032
995,304Nvl_L1_EW,NONE,0.008,0.0
995,304Nvl_L1_NS,NONE,0.015,0.0
995,32Nvl_L3_NS,NONE,0.007,0.0
995,32Nvl_L1_NS,32NVL_NS,0.042,0.042
995,32Nvl_L1_EW,32NVL_EW,0.057,0.057
995,32Nvl_L2_EW,32NVL_EW,0.062,0.062
995,32Nvl_L3_NS,NONE,0.092,0.0
995,32Nvl_L2_NS,32NVL_NS,0.087,0.087
995,NvcNvl_L1_EW,NONE,0.053,0.0
995,32Mt_L1_NS,32MT_NS,0.031,0.031
995,32Mt_L1_EW,NONE,0.014,0.0
995,32Mt_L1_NS,NONE,0.02,0.0
995,32Thn_L1_EW,NONE,0.01,0.0
995,32Nvl_L2_NS,32NVL_NS,0.04,0.04
995,32Nvl_L3_EW,NONE,0.05,0.0
995,32Nvl_L1_NS,32NVL_NS,0.074,0.074
995,32Mt_L2_EW,NONE,0.008,0.0
1000,304Nvl_L1_EW,304NVL_EW,0.017,0.017
1000,304Nvl_L1_NS,NONE,0.015,0.0
1000,32Nvl_L3_NS,NONE,0.048,0.0
1000,32Nvl_L1_NS,32NVL_NS,0.083,0.078
1000,32Nvl_L1_EW,32NVL_EW,0.014,-0.015
1000,32Nvl_L2_EW,32NVL_EW,0.015,-0.007
1000,32Nvl_L1_EW,32NVL_EW,0.034,0.004
1000,32Nvl_L3_NS,NONE,0.092,0.0
1000,32Nvl_L2_NS,32NVL_NS,0.087,0.087
1000,NvcNvl_L1_EW,NONE,0.053,0.0
1000,NvcNvl_L2_EW,NONE,0.038,0.0
1000,NvcNvl_L1_EW,NVCNVL_EW,0.007,0.007
1000,NvcNvl_L2_EW,NVCNVL_EW,0.008,0.008
1000,NvcNvl_L1_NS,NVCNVL_NS,0.007,-0.052
1000,32Mt_L1_NS,32MT_NS,0.031,0.031
1000,32Mt_L1_EW,NONE,0.007,0.0
1000,32Mt_L1_EW,32MT_EW,0.042,0.032
1000,32Nvl_L2_NS,32NVL_NS,0.08,0.08
1000,32Nvl_L3_EW,NONE,0.013,0.0
1000,32Nvl_L1_NS,32NVL_NS,0.081,0.076
1000,NvcNvl_L3_EW,NONE,0.009,0.0
1000,32Mt_L2_EW,NONE,0.008,0.0
1000,32Mt_L2_EW,32MT_EW,0.033,0.022
1005,304Nvl_L1_EW,304NVL_EW,0.008,0.008
1005,304Nvl_L2_EW,304NVL_EW,0.007,0.007
1005,32Nvl_L3_NS,NONE,0.014,0.0
1005,32Nvl_L1_NS,32NVL_NS,0.083,0.078
1005,32Nvl_L3_NS,NONE,0.092,0.0
1005,32Nvl_L2_NS,32NVL_NS,0.087,0.087
1005,NvcNvl_L1_NS,NVCNVL_NS,0.007,-0.052
1005,32Mt_L1_NS,32MT_NS,0.013,0.013
1005,32Mt_L1_EW,NONE,0.007,0.0
1005,32Mt_L3_EW,NONE,0.009,0.0
1005,32Mt_L1_EW,32MT_EW,0.007,0.007
1005,32Thn_L1_EW,32THN_EW,0.008,0.008
1005,32Thn_L2_EW,32THN_EW,0.008,0.008
1005,32Thn_L3_EW,NONE,0.008,0.0
1005,304Nvl_L3_EW,NONE,0.006,0.0
1005,32Nvl_L2_NS,32NVL_NS,0.08,0.08
1005,32Nvl_L1_NS,32NVL_NS,0.081,0.076
1005,32Mt_L2_EW,NONE,0.008,0.0
1005,32Mt_L2_EW,32MT_EW,0.005,0.005
1010,304Nvl_L1_EW,304NVL_EW,0.017,0.017
1010,304Nvl_L2_EW,304NVL_EW,0.015,0.015
1010,32Nvl_L3_NS,NONE,0.048,0.0
1010,32Nvl_L1_NS,32NVL_NS,0.083,0.083
1010,32Nvl_L1_EW,32NVL_EW,0.007,0.002
1010,32Nvl_L2_EW,32NVL_EW,0.008,0.004
1010,32Nvl_L3_NS,NONE,0.092,0.0
1010,32Nvl_L2_NS,32NVL_NS,0.087,0.087
1010,NvcNvl_L1_EW,NVCNVL_EW,0.007,0.007
1010,NvcNvl_L2_EW,NVCNVL_EW,0.008,0.008
1010,32Mt_L1_NS,32MT_NS,0.006,0.006
1010,32Mt_L1_EW,NONE,0.036,0.0
1010,32Mt_L1_EW,32MT_EW,0.007,0.002
1010,32Thn_L1_EW,NONE,0.01,0.0
1010,304Nvl_L3_EW,NONE,0.013,0.0
1010,32Nvl_L2_NS,32NVL_NS,0.08,0.08
1010,32Nvl_L3_EW,NONE,0.006,0.0
1010,32Nvl_L1_NS,32NVL_NS,0.094,0.094
1010,NvcNvl_L3_EW,NONE,0.009,0.0
1010,32Mt_L2_EW,32MT_EW,0.005,0.0
1015,304Nvl_L1_EW,304NVL_EW,0.025,0.025
1015,304Nvl_L2_EW,304NVL_EW,0.015,0.015
1015,32Nvl_L1_EW,32NVL_EW,0.007,0.007
1015,32Nvl_L2_EW,32NVL_EW,0.008,0.008
1015,32Nvl_L1_EW,32NVL_EW,0.013,0.013
1015,32Nvl_L2_EW,32NVL_EW,0.007,0.007
1015,32Nvl_L3_NS,NONE,0.017,0.0
1015,32Nvl_L2_NS,32NVL_NS,0.016,0.016
1015,NvcNvl_L1_EW,NVCNVL_EW,0.007,0.007
1015,NvcNvl_L2_EW,NVCNVL_EW,0.008,0.008
1015,32Mt_L1_NS,32MT_NS,0.006,0.006
1015,304Nvl_L3_EW,NONE,0.013,0.0
1015,32Nvl_L3_EW,NONE,0.006,0.0
1015,32Nvl_L3_EW,NONE,0.006,0.0
1015,32Nvl_L1_NS,32NVL_NS,0.027,0.027
1015,NvcNvl_L3_EW,NONE,0.009,0.0
1020,304Nvl_L1_EW,304NVL_EW,0.025,0.025
1020,304Nvl_L2_EW,304NVL_EW,0.015,0.015
1020,32Nvl_L3_NS,NONE,0.007,0.0
1020,32Nvl_L1_NS,32NVL_NS,0.007,0.007
1020,32Nvl_L1_EW,32NVL_EW,0.007,0.007
1020,32Nvl_L2_EW,32NVL_EW,0.008,0.008
1020,32Nvl_L1_EW,32NVL_EW,0.013,0.013
1020,32Nvl_L2_EW,32NVL_EW,0.007,0.007
1020,32Nvl_L3_NS,NONE,0.042,0.0
1020,32Nvl_L2_NS,32NVL_NS,0.039,0.039
1020,NvcNvl_L1_EW,NVCNVL_EW,0.007,0.007
1020,NvcNvl_L2_EW,NVCNVL_EW,0.008,0.008
1020,32Mt_L1_EW,NONE,0.014,0.0
1020,304Nvl_L3_EW,NONE,0.013,0.0
1020,32Nvl_L2_NS,32NVL_NS,0.007,0.007
1020,32Nvl_L3_EW,NONE,0.006,0.0
1020,32Nvl_L3_EW,NONE,0.006,0.0
1020,32Nvl_L1_NS,32NVL_NS,0.047,0.047
1020,NvcNvl_L3_EW,NONE,0.009,0.0
1025,304Nvl_L1_EW,304NVL_EW,0.025,0.025
1025,304Nvl_L2_EW,304NVL_EW,0.022,0.022
1025,32Nvl_L3_NS,NONE,0.014,0.0
1025,32Nvl_L1_NS,32NVL_NS,0.048,0.048
1025,32Nvl_L1_EW,32NVL_EW,0.007,0.007
1025,32Nvl_L2_EW,32NVL_EW,0.008,0.008
1025,32Nvl_L1_EW,32NVL_EW,0.007,0.007
1025,32Nvl_L2_EW,32NVL_EW,0.007,0.007
1025,32Nvl_L3_NS,NONE,0.05,0.0
1025,32Nvl_L2_NS,32NVL_NS,0.047,0.047
1025,NvcNvl_L1_EW,NVCNVL_EW,0.007,0.007
1025,NvcNvl_L2_EW,NVCNVL_EW,0.008,0.008
1025,304Nvl_L3_EW,NONE,0.019,0.0
1025,32Nvl_L2_NS,32NVL_NS,0.013,0.013
1025,32Nvl_L3_EW,NONE,0.006,0.0
1025,32Nvl_L3_EW,NONE,0.006,0.0
1025,32Nvl_L1_NS,32NVL_NS,0.087,0.087
1025,NvcNvl_L3_EW,NONE,0.009,0.0
1030,304Nvl_L1_EW,304NVL_EW,0.008,0.008
1030,304Nvl_L2_EW,304NVL_EW,0.007,0.007
1030,304Nvl_L1_NS,NONE,0.007,0.0
1030,32Nvl_L1_NS,32NVL_NS,0.007,0.007
1030,32Nvl_L1_EW,32NVL_EW,0.007,0.007
1030,32Nvl_L2_EW,32NVL_EW,0.008,0.008
1030,32Nvl_L1_EW,32NVL_EW,0.013,0.013
1030,32Nvl_L2_EW,32NVL_EW,0.015,0.015
1030,NvcNvl_L1_EW,NVCNVL_EW,0.007,0.007
1030,NvcNvl_L2_EW,NVCNVL_EW,0.008,0.008
1030,32Mt_L1_NS,NONE,0.049,0.0
1030,NvcMt_L2_NS,NONE,0.005,0.0
1030,304Nvl_L3_EW,NONE,0.006,0.0
1030,32Nvl_L2_NS,32NVL_NS,0.007,0.007
1030,32Nvl_L3_EW,NONE,0.012,0.0
1030,32Nvl_L3_EW,NONE,0.006,0.0
1030,32Nvl_L1_NS,32NVL_NS,0.007,0.007
1030,NvcNvl_L3_EW,NONE,0.009,0.0
1030,32Mt_L2_NS,NONE,0.043,0.0
1030,NvcMt_L1_NS,NONE,0.005,0.0
1035,304Nvl_L1_NS,304NVL_NS,0.009,0.009
1035,304Nvl_L3_NS,NONE,0.007,0.0
1035,32Nvl_L1_EW,32NVL_EW,0.007,0.002
1035,32Nvl_L2_EW,32NVL_EW,0.008,0.004
1035,32Nvl_L1_EW,32NVL_EW,0.013,0.009
1035,32Nvl_L2_EW,32NVL_EW,0.015,0.011
1035,NvcNvl_L1_EW,NVCNVL_EW,0.007,0.003
1035,NvcNvl_L2_EW,NVCNVL_EW,0.008,0.008
1035,32Mt_L1_EW,NONE,0.007,0.0
1035,32Mt_L3_EW,NONE,0.009,0.0
1035,32Mt_L1_EW,32MT_EW,0.007,0.002
1035,32Mt_L1_NS,NONE,0.049,0.0
1035,NvcMt_L1_EW,NVCMT_EW,0.006,0.001
1035,304Nvl_L2_NS,304NVL_NS,0.008,0.008
1035,32Nvl_L3_EW,NONE,0.012,0.0
1035,32Nvl_L3_EW,NONE,0.006,0.0
1035,32Nvl_L1_NS,32NVL_NS,0.007,0.0
1035,NvcNvl_L3_EW,NONE,0.009,0.0
1035,32Mt_L2_EW,NONE,0.008,0.0
1035,32Mt_L2_EW,32MT_EW,0.005,0.0
1035,NvcMt_L2_EW,NVCMT_EW,0.008,0.002
1040,304Nvl_L1_NS,304NVL_NS,0.009,0.009
1040,304Nvl_L3_NS,NONE,0.007,0.0
1040,304Nvl_L1_EW,304NVL_EW,0.025,0.025
1040,304Nvl_L1_NS,NONE,0.007,0.0
1040,32Nvl_L1_EW,32NVL_EW,0.007,0.002
1040,32Nvl_L2_EW,32NVL_EW,0.008,0.004
1040,32Nvl_L1_EW,32NVL_EW,0.013,0.009
1040,32Nvl_L2_EW,32NVL_EW,0.015,0.011
1040,32Nvl_L2_NS,32NVL_NS,0.008,0.003
1040,NvcNvl_L3_NS,NONE,0.007,0.0
1040,NvcNvl_L2_NS,NONE,0.007,0.0
1040,NvcNvl_L1_EW,NVCNVL_EW,0.007,0.003
1040,NvcNvl_L2_EW,NVCNVL_EW,0.008,0.008
1040,32Mt_L1_NS,32MT_NS,0.031,0.031
1040,32Mt_L1_EW,32MT_EW,0.007,0.002
1040,32Mt_L1_NS,NONE,0.01,0.0
1040,NvcMt_L1_EW,NVCMT_EW,0.006,0.001
1040,304Nvl_L2_NS,304NVL_NS,0.008,0.002
1040,32Nvl_L3_EW,NONE,0.012,0.0
1040,32Nvl_L3_EW,NONE,0.006,0.0
1040,32Nvl_L1_NS,32NVL_NS,0.013,0.007
1040,NvcNvl_L1_NS,NONE,0.009,0.0
1040,NvcNvl_L3_EW,NONE,0.009,0.0
1040,32Mt_L2_EW,32MT_EW,0.005,0.0
1040,32Mt_L2_NS,NONE,0.009,0.0
1040,NvcMt_L2_EW,NVCMT_EW,0.008,0.002
1040,NvcMt_L1_EW,NVCMT_EW,0.006,0.001
1045,304Nvl_L1_NS,304NVL_NS,0.009,0.009
1045,304Nvl_L3_NS,NONE,0.007,0.0
1045,304Nvl_L1_NS,NONE,0.007,0.0
1045,32Nvl_L1_EW,32NVL_EW,0.007,0.002
1045,32Nvl_L2_EW,32NVL_EW,0.008,0.004
1045,32Nvl_L1_EW,32NVL_EW,0.013,0.009
1045,32Nvl_L2_EW,32NVL_EW,0.015,0.011
1045,NvcNvl_L2_NS,NONE,0.007,0.0
1045,NvcNvl_L1_EW,NVCNVL_EW,0.007,0.003
1045,NvcNvl_L2_EW,NVCNVL_EW,0.008,0.008
1045,32Mt_L1_NS,32MT_NS,0.038,0.038
1045,32Mt_L1_EW,32MT_EW,0.007,0.002
1045,32Mt_L1_NS,NONE,0.01,0.0
1045,NvcMt_L2_NS,NONE,0.005,0.0
1045,NvcMt_L1_EW,NVCMT_EW,0.006,0.001
1045,304Nvl_L2_NS,304NVL_NS,0.008,0.008
1045,32Nvl_L3_EW,NONE,0.012,0.0
1045,32Nvl_L3_EW,NONE,0.006,0.0
1045,NvcNvl_L1_NS,NONE,0.009,0.0
1045,NvcNvl_L3_EW,NONE,0.009,0.0
1045,32Mt_L2_EW,32MT_EW,0.005,0.0
1045,NvcMt_L1_NS,NONE,0.005,0.0
1045,NvcMt_L2_EW,NVCMT_EW,0.008,0.002
1050,304Nvl_L1_NS,304NVL_NS,0.009,0.009
1050,304Nvl_L3_NS,NONE,0.007,0.0
1050,32Nvl_L1_EW,32NVL_EW,0.007,0.002
1050,32Nvl_L2_EW,32NVL_EW,0.008,0.004
1050,32Nvl_L1_EW,32NVL_EW,0.013,0.009
1050,32Nvl_L2_EW,32NVL_EW,0.015,0.011
1050,NvcNvl_L2_NS,NONE,0.007,0.0
1050,NvcNvl_L1_EW,NONE,0.011,0.0
1050,NvcNvl_L2_EW,NONE,0.008,0.0
1050,NvcNvl_L1_EW,NVCNVL_EW,0.007,0.003
1050,NvcNvl_L2_EW,NVCNVL_EW,0.008,0.008
1050,32Mt_L1_EW,NONE,0.007,0.0
1050,32Mt_L3_EW,NONE,0.009,0.0
1050,32Mt_L1_EW,32MT_EW,0.007,0.002
1050,NvcMt_L2_NS,NONE,0.005,0.0
1050,NvcMt_L1_EW,NVCMT_EW,0.006,0.001
1050,304Nvl_L2_NS,304NVL_NS,0.008,0.008
1050,32Nvl_L3_EW,NONE,0.012,0.0
1050,32Nvl_L3_EW,NONE,0.006,0.0
1050,NvcNvl_L1_NS,NONE,0.009,0.0
1050,NvcNvl_L3_EW,NONE,0.006,0.0
1050,NvcNvl_L3_EW,NONE,0.009,0.0
1050,32Mt_L2_EW,NONE,0.008,0.0
1050,32Mt_L2_EW,32MT_EW,0.005,0.0
1050,NvcMt_L1_NS,NONE,0.005,0.0
1050,NvcMt_L2_EW,NVCMT_EW,0.008,0.002
1055,304Thn_L1_EW,NONE,0.007,0.0
1055,304Thn_L2_EW,NONE,0.008,0.0
1055,304Nvl_L1_NS,304NVL_NS,0.009,0.004
1055,304Nvl_L3_NS,NONE,0.007,0.0
1055,304Nvl_L1_EW,NONE,0.041,0.0
1055,304Nvl_L1_NS,NONE,0.036,0.0
1055,304Nvl_L3_NS,NONE,0.04,0.0
1055,304Nvl_L2_EW,NONE,0.043,0.0
1055,32Nvl_L3_NS,NONE,0.007,0.0
1055,32Nvl_L1_NS,32NVL_NS,0.007,0.001
1055,32Nvl_L1_EW,32NVL_EW,0.007,0.002
1055,32Nvl_L2_EW,32NVL_EW,0.008,0.004
1055,32Nvl_L1_EW,32NVL_EW,0.02,0.015
1055,32Nvl_L2_EW,32NVL_EW,0.022,0.019
1055,NvcNvl_L3_NS,NONE,0.007,0.0
1055,NvcNvl_L2_NS,NONE,0.007,0.0
1055,NvcNvl_L1_EW,NONE,0.011,0.0
1055,NvcNvl_L2_EW,NONE,0.008,0.0
1055,NvcNvl_L1_EW,NVCNVL_EW,0.014,0.01
1055,NvcNvl_L2_EW,NVCNVL_EW,0.016,0.016
1055,32Mt_L1_EW,32MT_EW,0.007,0.002
1055,NvcMt_L1_EW,NVCMT_EW,0.006,-0.004
1055,304Nvl_L2_NS,304NVL_NS,0.008,0.008
1055,304Nvl_L3_EW,NONE,0.041,0.0
1055,304Nvl_L2_NS,NONE,0.037,0.0
1055,32Nvl_L2_NS,32NVL_NS,0.007,0.001
1055,32Nvl_L3_EW,NONE,0.018,0.0
1055,32Nvl_L3_EW,NONE,0.006,0.0
1055,NvcNvl_L1_NS,NONE,0.009,0.0
1055,NvcNvl_L3_EW,NONE,0.006,0.0
1055,NvcNvl_L3_EW,NONE,0.019,0.0
1055,32Mt_L2_EW,32MT_EW,0.005,0.0
1055,NvcMt_L2_EW,NVCMT_EW,0.008,-0.003
1055,304Thn_L3_EW,NONE,0.008,0.0
1060,304Thn_L1_EW,304THN_EW,0.008,0.008
1060,304Nvl_L1_NS,304NVL_NS,0.009,0.009
1060,304Nvl_L3_NS,NONE,0.007,0.0
1060,304Nvl_L1_NS,NONE,0.036,0.0
1060,32Nvl_L1_EW,32NVL_EW,0.021,0.006
1060,32Nvl_L2_EW,32NVL_EW,0.023,0.014
1060,32Nvl_L1_EW,32NVL_EW,0.027,0.011
1060,32Nvl_L2_EW,32NVL_EW,0.03,0.02
1060,32Nvl_L3_NS,NONE,0.017,0.0
1060,32Nvl_L2_NS,32NVL_NS,0.016,0.01
1060,NvcNvl_L1_EW,NVCNVL_EW,0.021,0.021
1060,NvcNvl_L2_EW,NVCNVL_EW,0.016,0.016
1060,32Mt_L1_EW,NONE,0.022,0.0
1060,32Mt_L3_EW,NONE,0.027,0.0
1060,32Mt_L1_EW,32MT_EW,0.014,-0.001
1060,32Mt_L1_NS,NONE,0.117,0.0
1060,NvcMt_L2_NS,NONE,0.005,0.0
1060,32Thn_L1_EW,32THN_EW,0.008,-0.007
1060,32Thn_L2_EW,32THN_EW,0.008,-0.008
1060,32Thn_L3_EW,NONE,0.008,0.0
1060,304Nvl_L2_NS,304NVL_NS,0.008,-0.003
1060,304Nvl_L2_NS,NONE,0.037,0.0
1060,32Nvl_L3_EW,NONE,0.025,0.0
1060,32Nvl_L3_EW,NONE,0.019,0.0
1060,32Nvl_L1_NS,32NVL_NS,0.013,0.007
1060,NvcNvl_L3_EW,NONE,0.019,0.0
1060,32Mt_L2_EW,NONE,0.023,0.0
1060,32Mt_L2_EW,32MT_EW,0.005,-0.011
1060,32Mt_L2_NS,NONE,0.104,0.0
1060,NvcMt_L1_NS,NONE,0.005,0.0
1065,304Nvl_L1_NS,304NVL_NS,0.054,0.054
1065,304Nvl_L3_NS,NONE,0.007,0.0
1065,32Nvl_L1_EW,32NVL_EW,0.014,0.009
1065,32Nvl_L2_EW,32NVL_EW,0.015,0.01
1065,32Nvl_L1_EW,32NVL_EW,0.027,0.021
1065,32Nvl_L2_EW,32NVL_EW,0.03,0.024
1065,32Nvl_L3_NS,NONE,0.008,0.0
1065,32Nvl_L2_NS,32NVL_NS,0.008,0.003
1065,NvcNvl_L1_EW,NVCNVL_EW,0.028,0.024
1065,NvcNvl_L2_EW,NVCNVL_EW,0.016,0.016
1065,32Mt_L1_NS,NONE,0.117,0.0
1065,NvcMt_L1_EW,NVCMT_EW,0.006,-0.013
1065,32Thn_L1_EW,32THN_EW,0.008,-0.002
1065,32Thn_L2_EW,32THN_EW,0.008,-0.002
1065,32Thn_L3_EW,NONE,0.008,0.0
1065,304Nvl_L2_NS,304NVL_NS,0.008,0.002
1065,32Nvl_L3_EW,NONE,0.025,0.0
1065,32Nvl_L3_EW,NONE,0.013,0.0
1065,32Nvl_L1_NS,32NVL_NS,0.007,-0.031
1065,NvcNvl_L3_EW,NONE,0.019,0.0
1065,32Mt_L2_NS,NONE,0.104,0.0
1065,NvcMt_L2_EW,NVCMT_EW,0.008,-0.003
1070,304Nvl_L1_NS,304NVL_NS,0.054,0.054
1070,304Nvl_L3_NS,NONE,0.007,0.0
1070,304Nvl_L1_EW,304NVL_EW,0.051,0.051
1070,304Nvl_L2_EW,304NVL_EW,0.007,0.007
1070,32Nvl_L1_EW,32NVL_EW,0.007,-0.003
1070,32Nvl_L2_EW,32NVL_EW,0.008,0.002
1070,32Nvl_L1_EW,32NVL_EW,0.027,0.016
1070,32Nvl_L2_EW,32NVL_EW,0.03,0.024
1070,NvcNvl_L3_NS,NONE,0.007,0.0
1070,NvcNvl_L2_NS,NONE,0.007,0.0
1070,NvcNvl_L1_EW,NVCNVL_EW,0.021,0.021
1070,NvcNvl_L2_EW,NVCNVL_EW,0.008,0.008
1070,32Mt_L1_EW,NONE,0.007,0.0
1070,32Mt_L3_EW,NONE,0.009,0.0
1070,32Mt_L1_EW,32MT_EW,0.007,0.002
1070,32Mt_L1_NS,NONE,0.02,0.0
1070,NvcMt_L2_NS,NONE,0.005,0.0
1070,32Thn_L1_EW,32THN_EW,0.008,0.003
1070,32Thn_L2_EW,32THN_EW,0.008,0.003
1070,32Thn_L3_EW,NONE,0.008,0.0
1070,304Nvl_L2_NS,304NVL_NS,0.008,0.008
1070,304Nvl_L3_EW,NONE,0.006,0.0
1070,32Nvl_L3_EW,NONE,0.025,0.0
1070,32Nvl_L3_EW,NONE,0.006,0.0
1070,32Nvl_L1_NS,32NVL_NS,0.007,-0.031
1070,NvcNvl_L1_NS,NONE,0.009,0.0
1070,NvcNvl_L3_EW,NONE,0.009,0.0
1070,32Mt_L2_EW,NONE,0.008,0.0
1070,NvcMt_L1_NS,NONE,0.005,0.0
1075,304Nvl_L1_NS,304NVL_NS,0.054,0.049
1075,304Nvl_L3_NS,NONE,0.007,0.0
1075,304Nvl_L1_EW,304NVL_EW,0.008,0.008
1075,304Nvl_L2_EW,304NVL_EW,0.007,0.007
1075,32Nvl_L1_NS,32NVL_NS,0.007,-0.031
1075,32Nvl_L1_EW,32NVL_EW,0.007,0.002
1075,32Nvl_L2_EW,32NVL_EW,0.008,0.004
1075,32Nvl_L1_EW,32NVL_EW,0.02,0.015
1075,32Nvl_L2_EW,32NVL_EW,0.022,0.019
1075,NvcNvl_L1_EW,NVCNVL_EW,0.007,0.007
1075,32Mt_L1_EW,NONE,0.094,0.0
1075,32Mt_L1_EW,32MT_EW,0.007,0.002
1075,32Mt_L1_NS,NONE,0.02,0.0
1075,32Thn_L1_EW,NONE,0.01,0.0
1075,304Nvl_L2_NS,304NVL_NS,0.008,0.008
1075,304Nvl_L3_EW,NONE,0.006,0.0
1075,32Nvl_L2_NS,32NVL_NS,0.007,0.001
1075,32Nvl_L3_EW,NONE,0.018,0.0
1075,32Nvl_L3_EW,NONE,0.006,0.0
1075,32Nvl_L1_NS,32NVL_NS,0.007,-0.031
1075,32Mt_L2_EW,NONE,0.008,0.0
1075,32Mt_L2_EW,32MT_EW,0.005,0.0
1075,NvcMt_L1_EW,NVCMT_EW,0.006,0.001
1080,304Nvl_L1_NS,304NVL_NS,0.009,0.004
1080,304Nvl_L3_NS,NONE,0.007,0.0
1080,304Nvl_L1_NS,NONE,0.007,0.0
1080,32Nvl_L1_NS,32NVL_NS,0.007,0.001
1080,32Nvl_L1_EW,32NVL_EW,0.007,0.002
1080,32Nvl_L2_EW,32NVL_EW,0.008,0.008
1080,32Nvl_L1_EW,32NVL_EW,0.02,0.015
1080,32Nvl_L2_EW,32NVL_EW,0.022,0.022
1080,32Nvl_L3_NS,NONE,0.017,0.0
1080,32Nvl_L2_NS,32NVL_NS,0.016,0.01
1080,NvcNvl_L3_NS,NONE,0.007,0.0
1080,NvcNvl_L2_NS,NONE,0.007,0.0
1080,NvcNvl_L1_EW,NVCNVL_EW,0.007,0.007
1080,32Mt_L1_EW,NONE,0.094,0.0
1080,32Mt_L1_EW,32MT_EW,0.007,0.002
1080,32Mt_L1_NS,NONE,0.01,0.0
1080,32Thn_L1_EW,NONE,0.068,0.0
1080,32Thn_L2_EW,NONE,0.061,0.0
1080,32Thn_L3_EW,NONE,0.042,0.0
1080,304Nvl_L2_NS,304NVL_NS,0.008,-0.003
1080,32Nvl_L3_EW,NONE,0.018,0.0
1080,32Nvl_L3_EW,NONE,0.006,0.0
1080,32Nvl_L1_NS,32NVL_NS,0.027,0.021
1080,NvcNvl_L1_NS,NONE,0.009,0.0
1080,32Mt_L2_EW,NONE,0.008,0.0
1085,304Nvl_L1_NS,304NVL_NS,0.009,0.009
1085,304Nvl_L3_NS,NONE,0.007,0.0
1085,304Nvl_L1_EW,304NVL_EW,0.025,0.025
1085,304Nvl_L2_EW,304NVL_EW,0.015,0.015
1085,32Nvl_L1_EW,32NVL_EW,0.007,-0.026
1085,32Nvl_L2_EW,32NVL_EW,0.008,0.008
1085,32Nvl_L1_EW,32NVL_EW,0.02,-0.013
1085,32Nvl_L2_EW,32NVL_EW,0.022,0.022
1085,32Nvl_L3_NS,NONE,0.008,0.0
1085,32Nvl_L2_NS,32NVL_NS,0.008,0.003
1085,32Mt_L1_NS,32MT_NS,0.006,0.006
1085,32Mt_L1_EW,NONE,0.007,0.0
1085,32Mt_L1_EW,32MT_EW,0.007,0.002
1085,32Mt_L1_NS,NONE,0.02,0.0
1085,NvcCmt8_L2_EW,NONE,0.007,0.0
1085,NvcCmt8_L2_NS,NONE,0.011,0.0
1085,32Thn_L1_EW,NONE,0.01,0.0
1085,32Thn_L2_EW,NONE,0.01,0.0
1085,32Thn_L1_EW,32THN_EW,0.04,0.035
1085,NvcCmt8_L1_NS,NONE,0.008,0.0
1085,32Thn_L3_EW,NONE,0.007,0.0
1085,304Nvl_L2_NS,304NVL_NS,0.008,0.002
1085,304Nvl_L3_EW,NONE,0.013,0.0
1085,32Nvl_L3_EW,NONE,0.018,0.0
1085,32Nvl_L3_EW,NONE,0.006,0.0
1085,32Nvl_L1_NS,32NVL_NS,0.013,0.007
1085,NvcCmt8_L1_EW,NONE,0.006,0.0
1090,304Nvl_L1_NS,304NVL_NS,0.009,0.004
1090,304Nvl_L3_NS,NONE,0.007,0.0
1090,304Nvl_L1_EW,304NVL_EW,0.152,0.152
1090,304Nvl_L2_EW,304NVL_EW,0.131,0.131
1090,32Nvl_L1_NS,32NVL_NS,0.007,0.001
1090,32Nvl_L1_EW,32NVL_EW,0.007,-0.027
1090,32Nvl_L2_EW,32NVL_EW,0.008,0.008
1090,32Nvl_L1_EW,32NVL_EW,0.02,-0.013
1090,32Nvl_L2_EW,32NVL_EW,0.022,0.022
1090,NvcNvl_L1_EW,NVCNVL_EW,0.007,0.007
1090,32Mt_L1_NS,32MT_NS,0.006,0.006
1090,32Mt_L1_NS,NONE,0.02,0.0
1090,32Thn_L1_EW,32THN_EW,0.048,0.043
1090,304Nvl_L2_NS,304NVL_NS,0.008,0.008
1090,304Nvl_L3_EW,NONE,0.114,0.0
1090,32Nvl_L3_EW,NONE,0.018,0.0
1090,32Nvl_L3_EW,NONE,0.006,0.0
1090,32Mt_L2_NS,NONE,0.009,0.0
1095,304Nvl_L1_NS,304NVL_NS,0.009,0.009
1095,304Nvl_L3_NS,NONE,0.007,0.0
1095,304Nvl_L1_EW,304NVL_EW,0.076,0.076
1095,304Nvl_L2_EW,304NVL_EW,0.065,0.065
1095,304Nvl_L1_NS,NONE,0.007,0.0
1095,32Nvl_L1_EW,32NVL_EW,0.05,0.045
1095,32Nvl_L2_EW,32NVL_EW,0.054,0.05
1095,32Nvl_L1_EW,32NVL_EW,0.02,0.015
1095,32Nvl_L2_EW,32NVL_EW,0.022,0.019
1095,32Mt_L1_NS,32MT_NS,0.006,0.006
1095,32Mt_L1_EW,32MT_EW,0.007,-0.028
1095,32Mt_L1_NS,NONE,0.02,0.0
1095,304Nvl_L2_NS,304NVL_NS,0.008,0.008
1095,304Nvl_L3_EW,NONE,0.057,0.0
1095,32Nvl_L3_EW,NONE,0.018,0.0
1095,32Nvl_L3_EW,NONE,0.044,0.0
1095,32Mt_L2_EW,32MT_EW,0.005,-0.032
1095,32Mt_L2_NS,NONE,0.017,0.0
1100,304Nvl_L1_NS,304NVL_NS,0.009,0.004
1100,304Nvl_L3_NS,NONE,0.007,0.0
1100,304Nvl_L1_EW,304NVL_EW,0.025,0.025
1100,304Nvl_L2_EW,304NVL_EW,0.022,0.022
1100,32Nvl_L3_NS,NONE,0.007,0.0
1100,32Nvl_L1_NS,32NVL_NS,0.007,0.001
1100,32Nvl_L1_EW,32NVL_EW,0.064,0.064
1100,32Nvl_L2_EW,32NVL_EW,0.07,0.07
1100,32Nvl_L1_EW,32NVL_EW,0.02,0.02
1100,32Nvl_L2_EW,32NVL_EW,0.022,0.022
1100,32Nvl_L3_NS,NONE,0.017,0.0
1100,32Nvl_L2_NS,32NVL_NS,0.016,0.01
1100,32Mt_L1_NS,32MT_NS,0.006,0.006
1100,304Nvl_L2_NS,304NVL_NS,0.008,-0.003
1100,304Nvl_L3_EW,NONE,0.019,0.0
1100,32Nvl_L2_NS,32NVL_NS,0.007,0.001
1100,32Nvl_L3_EW,NONE,0.018,0.0
1100,32Nvl_L3_EW,NONE,0.056,0.0
1100,32Nvl_L1_NS,32NVL_NS,0.013,0.007
1105,304Nvl_L1_NS,304NVL_NS,0.009,0.009
1105,304Nvl_L3_NS,NONE,0.007,0.0
1105,304Nvl_L1_EW,304NVL_EW,0.008,0.008
1105,304Nvl_L2_EW,304NVL_EW,0.007,0.007
1105,304Nvl_L1_NS,NONE,0.124,0.0
1105,32Nvl_L1_EW,32NVL_EW,0.014,-0.049
1105,32Nvl_L2_EW,32NVL_EW,0.015,-0.034
1105,32Nvl_L1_EW,32NVL_EW,0.02,-0.043
1105,32Nvl_L2_EW,32NVL_EW,0.022,-0.027
1105,NvcNvl_L3_NS,NONE,0.007,0.0
1105,NvcNvl_L2_NS,NONE,0.007,0.0
1105,32Mt_L1_NS,32MT_NS,0.006,0.006
1105,32Mt_L1_EW,NONE,0.007,0.0
1105,32Mt_L1_EW,32MT_EW,0.091,0.081
1105,32Mt_L1_NS,NONE,0.01,0.0
1105,304Nvl_L2_NS,304NVL_NS,0.008,0.008
1105,304Nvl_L3_EW,NONE,0.006,0.0
1105,32Nvl_L3_EW,NONE,0.018,0.0
1105,32Nvl_L3_EW,NONE,0.013,0.0
1105,32Nvl_L1_NS,32NVL_NS,0.034,0.027
1105,NvcNvl_L1_NS,NONE,0.009,0.0
1105,32Mt_L2_EW,32MT_EW,0.071,0.06
1110,304Nvl_L1_NS,304NVL_NS,0.009,0.009
1110,304Nvl_L3_NS,NONE,0.007,0.0
1110,304Nvl_L1_EW,304NVL_EW,0.008,0.008
1110,304Nvl_L1_NS,NONE,0.058,0.0
1110,304Nvl_L3_NS,NONE,0.008,0.0
1110,32Nvl_L1_EW,32NVL_EW,0.007,-0.082
1110,32Nvl_L2_EW,32NVL_EW,0.008,-0.063
1110,32Nvl_L1_EW,32NVL_EW,0.02,-0.068
1110,32Nvl_L2_EW,32NVL_EW,0.022,-0.048
1110,32Nvl_L3_NS,NONE,0.117,0.0
1110,32Nvl_L2_NS,32NVL_NS,0.111,0.105
1110,NvcNvl_L1_EW,NVCNVL_EW,0.007,0.007
1110,NvcNvl_L2_EW,NVCNVL_EW,0.008,0.008
1110,32Mt_L1_EW,32MT_EW,0.119,0.114
1110,NvcCmt8_L2_NS,NONE,0.011,0.0
1110,32Thn_L1_EW,32THN_EW,0.008,0.003
1110,32Thn_L2_EW,32THN_EW,0.008,0.003
1110,NvcCmt8_L1_NS,NONE,0.008,0.0
1110,32Thn_L3_EW,NONE,0.008,0.0
1110,304Nvl_L2_NS,304NVL_NS,0.008,-0.07
1110,304Nvl_L2_NS,NONE,0.007,0.0
1110,32Nvl_L3_EW,NONE,0.018,0.0
1110,32Nvl_L3_EW,NONE,0.006,0.0
1110,32Nvl_L1_NS,32NVL_NS,0.107,0.101
1110,NvcNvl_L3_EW,NONE,0.009,0.0
1110,32Mt_L2_EW,32MT_EW,0.092,0.087
1115,304Nvl_L1_NS,304NVL_NS,0.009,0.009
1115,304Nvl_L3_NS,NONE,0.007,0.0
1115,304Nvl_L1_EW,304NVL_EW,0.017,0.017
1115,304Nvl_L2_EW,304NVL_EW,0.007,0.007
1115,304Nvl_L1_NS,NONE,0.015,0.0
1115,304Nvl_L3_NS,NONE,0.008,0.0
1115,32Nvl_L1_EW,32NVL_EW,0.007,-0.076
1115,32Nvl_L2_EW,32NVL_EW,0.008,-0.057
1115,32Nvl_L3_NS,NONE,0.117,0.0
1115,32Nvl_L2_NS,32NVL_NS,0.111,0.105
1115,NvcNvl_L3_NS,NONE,0.014,0.0
1115,NvcNvl_L2_NS,NONE,0.013,0.0
1115,32Mt_L1_EW,32MT_EW,0.119,0.114
1115,NvcMt_L1_EW,NVCMT_EW,0.006,0.001
1115,NvcCmt8_L2_EW,NVCCMT8_EW,0.005,0.005
1115,32Thn_L1_EW,NONE,0.01,0.0
1115,304Nvl_L2_NS,304NVL_NS,0.008,-0.07
1115,304Nvl_L3_EW,NONE,0.006,0.0
1115,304Nvl_L2_NS,NONE,0.007,0.0
1115,32Nvl_L3_EW,NONE,0.006,0.0
1115,32Nvl_L1_NS,32NVL_NS,0.101,0.094
1115,NvcNvl_L1_NS,NONE,0.017,0.0
1115,32Mt_L2_EW,32MT_EW,0.092,0.087
1115,NvcMt_L2_EW,NVCMT_EW,0.008,0.004
1115,NvcCmt8_L1_EW,NVCCMT8_EW,0.008,0.003
1120,304Nvl_L1_NS,304NVL_NS,0.018,0.004
1120,304Nvl_L3_NS,NONE,0.007,0.0
1120,304Nvl_L1_EW,304NVL_EW,0.017,0.017
1120,304Nvl_L2_EW,304NVL_EW,0.015,0.015
1120,32Nvl_L3_NS,NONE,0.014,0.0
1120,32Nvl_L1_NS,32NVL_NS,0.021,0.008
1120,32Nvl_L1_EW,32NVL_EW,0.007,0.007
1120,32Nvl_L3_NS,NONE,0.125,0.0
1120,32Nvl_L2_NS,32NVL_NS,0.118,0.113
1120,NvcNvl_L3_NS,NONE,0.007,0.0
1120,NvcNvl_L2_NS,NONE,0.007,0.0
1120,NvcMt_L2_NS,NONE,0.005,0.0
1120,NvcCmt8_L2_NS,NONE,0.012,0.0
1120,304Nvl_L2_NS,304NVL_NS,0.008,-0.075
1120,304Nvl_L3_EW,NONE,0.013,0.0
1120,32Nvl_L2_NS,32NVL_NS,0.013,0.008
1120,32Nvl_L1_NS,32NVL_NS,0.101,0.088
1120,NvcNvl_L1_NS,NONE,0.009,0.0
1120,NvcMt_L1_NS,NONE,0.005,0.0
1120,NvcCmt8_L1_NS,NONE,0.011,0.0
1120,NvcCmt8_L1_EW,NONE,0.006,0.0
1125,304Nvl_L1_NS,304NVL_NS,0.009,-0.001
1125,304Nvl_L1_EW,304NVL_EW,0.025,0.025
1125,304Nvl_L2_EW,304NVL_EW,0.015,0.015
1125,32Nvl_L1_NS,32NVL_NS,0.014,0.008
1125,32Nvl_L1_EW,32NVL_EW,0.007,0.007
1125,32Nvl_L2_EW,32NVL_EW,0.008,0.008
1125,32Nvl_L1_EW,32NVL_EW,0.013,0.013
1125,32Nvl_L2_EW,32NVL_EW,0.007,0.007
1125,32Nvl_L3_NS,NONE,0.125,0.0
1125,32Nvl_L2_NS,32NVL_NS,0.118,0.118
1125,32Mt_L1_EW,NONE,0.086,0.0
1125,304Nvl_L3_EW,NONE,0.013,0.0
1125,32Nvl_L2_NS,32NVL_NS,0.007,0.007
1125,32Nvl_L3_EW,NONE,0.006,0.0
1125,32Nvl_L3_EW,NONE,0.006,0.0
1125,32Nvl_L1_NS,32NVL_NS,0.107,0.101
1130,304Nvl_L1_NS,304NVL_NS,0.009,0.009
1130,304Nvl_L1_EW,304NVL_EW,0.034,0.034
1130,304Nvl_L2_EW,304NVL_EW,0.015,0.015
1130,304Nvl_L1_NS,NONE,0.007,0.0
1130,304Nvl_L3_NS,NONE,0.008,0.0
1130,32Nvl_L1_EW,32NVL_EW,0.007,0.007
1130,32Nvl_L2_EW,32NVL_EW,0.008,0.008
1130,32Nvl_L1_EW,32NVL_EW,0.007,0.007
1130,32Nvl_L2_EW,32NVL_EW,0.007,0.007
1130,32Nvl_L3_NS,NONE,0.025,0.0
1130,32Nvl_L2_NS,32NVL_NS,0.118,0.118
1130,NvcNvl_L1_EW,NONE,0.011,0.0
1130,NvcNvl_L2_EW,NONE,0.008,0.0
1130,32Mt_L1_EW,NONE,0.086,0.0
1130,NvcMt_L2_NS,NONE,0.011,0.0
1130,304Nvl_L3_EW,NONE,0.013,0.0
1130,304Nvl_L2_NS,NONE,0.007,0.0
1130,32Nvl_L3_EW,NONE,0.006,0.0
1130,32Nvl_L3_EW,NONE,0.006,0.0
1130,32Nvl_L1_NS,32NVL_NS,0.107,0.101
1130,NvcMt_L1_NS,NONE,0.011,0.0
1135,304Nvl_L1_EW,304NVL_EW,0.034,0.034
1135,304Nvl_L2_EW,304NVL_EW,0.015,0.015
1135,32Nvl_L1_EW,32NVL_EW,0.007,0.002
1135,32Nvl_L2_EW,32NVL_EW,0.008,0.004
1135,32Nvl_L1_EW,32NVL_EW,0.013,0.009
1135,32Nvl_L2_EW,32NVL_EW,0.015,0.011
1135,32Mt_L1_NS,32MT_NS,0.006,0.006
1135,32Mt_L1_EW,32MT_EW,0.007,0.002
1135,NvcMt_L2_NS,NONE,0.005,0.0
1135,NvcMt_L1_EW,NVCMT_EW,0.032,0.032
1135,304Nvl_L3_EW,NONE,0.013,0.0
1135,32Nvl_L3_EW,NONE,0.012,0.0
1135,32Nvl_L3_EW,NONE,0.006,0.0
1135,32Mt_L2_NS,32MT_NS,0.006,0.006
1135,32Mt_L2_EW,32MT_EW,0.005,0.0
1135,NvcMt_L1_NS,NONE,0.005,0.0
1135,NvcMt_L2_EW,NVCMT_EW,0.04,0.04
1140,304Nvl_L1_EW,304NVL_EW,0.017,0.017
1140,32Nvl_L1_NS,32NVL_NS,0.083,0.083
1140,32Nvl_L1_EW,32NVL_EW,0.007,0.002
1140,32Nvl_L2_EW,32NVL_EW,0.008,0.004
1140,32Nvl_L1_EW,32NVL_EW,0.013,0.009
1140,32Nvl_L2_EW,32NVL_EW,0.015,0.011
1140,NvcNvl_L3_NS,NONE,0.007,0.0
1140,NvcNvl_L2_NS,NONE,0.007,0.0
1140,32Mt_L1_EW,32MT_EW,0.007,0.002
1140,NvcMt_L1_EW,NVCMT_EW,0.032,0.032
1140,32Nvl_L2_NS,32NVL_NS,0.08,0.08
1140,32Nvl_L3_EW,NONE,0.012,0.0
1140,32Nvl_L3_EW,NONE,0.006,0.0
1140,32Nvl_L1_NS,32NVL_NS,0.007,0.007
1140,NvcNvl_L1_NS,NONE,0.009,0.0
1140,32Mt_L2_EW,32MT_EW,0.005,0.0
1140,NvcMt_L2_EW,NVCMT_EW,0.04,0.04
1145,32Nvl_L3_NS,NONE,0.123,0.0
1145,32Nvl_L1_NS,32NVL_NS,0.208,0.208
1145,32Nvl_L1_EW,32NVL_EW,0.042,0.023
1145,32Nvl_L2_EW,32NVL_EW,0.046,0.035
1145,32Nvl_L1_EW,32NVL_EW,0.013,-0.006
1145,32Nvl_L2_EW,32NVL_EW,0.015,0.004
1145,32Nvl_L3_NS,NONE,0.025,0.0
1145,32Nvl_L2_NS,32NVL_NS,0.024,0.024
1145,NvcNvl_L3_NS,NONE,0.007,0.0
1145,NvcNvl_L2_NS,NONE,0.007,0.0
1145,32Mt_L1_EW,NONE,0.007,0.0
1145,32Mt_L3_EW,NONE,0.009,0.0
1145,32Mt_L1_EW,32MT_EW,0.028,-0.002
1145,NvcMt_L2_NS,NONE,0.005,0.0
1145,NvcMt_L1_EW,NVCMT_EW,0.038,0.038
1145,32Nvl_L2_NS,32NVL_NS,0.12,0.12
1145,32Nvl_L3_EW,NONE,0.012,0.0
1145,32Nvl_L3_EW,NONE,0.038,0.0
1145,32Nvl_L1_NS,32NVL_NS,0.02,0.02
1145,NvcNvl_L1_NS,NONE,0.009,0.0
1145,32Mt_L2_EW,NONE,0.008,0.0
1145,32Mt_L2_EW,32MT_EW,0.016,-0.016
1145,NvcMt_L1_NS,NONE,0.005,0.0
1145,NvcMt_L2_EW,NVCMT_EW,0.048,0.048
1150,32Nvl_L3_NS,NONE,0.02,0.0
1150,32Nvl_L1_NS,32NVL_NS,0.145,0.145
1150,32Nvl_L1_EW,32NVL_EW,0.007,-0.017
1150,32Nvl_L2_EW,32NVL_EW,0.008,-0.011
1150,32Nvl_L1_EW,32NVL_EW,0.013,-0.011
1150,32Nvl_L2_EW,32NVL_EW,0.015,-0.004
1150,32Nvl_L3_NS,NONE,0.008,0.0
1150,32Nvl_L2_NS,32NVL_NS,0.008,0.008
1150,NvcNvl_L3_NS,NONE,0.007,0.0
1150,NvcNvl_L2_NS,NONE,0.007,0.0
1150,32Mt_L1_EW,32MT_EW,0.035,0.03
1150,NvcMt_L1_EW,NVCMT_EW,0.006,0.006
1150,NvcCmt8_L2_EW,NONE,0.007,0.0
1150,32Nvl_L2_NS,32NVL_NS,0.053,0.053
1150,32Nvl_L3_EW,NONE,0.012,0.0
1150,32Nvl_L3_EW,NONE,0.006,0.0
1150,32Nvl_L1_NS,32NVL_NS,0.04,0.04
1150,NvcNvl_L1_NS,NONE,0.009,0.0
1150,32Mt_L2_EW,32MT_EW,0.027,0.022
1150,NvcMt_L2_EW,NVCMT_EW,0.008,0.008
1150,NvcCmt8_L1_EW,NONE,0.006,0.0
1155,304Nvl_L1_EW,304NVL_EW,0.008,0.008
1155,304Nvl_L1_NS,NONE,0.007,0.0
1155,304Nvl_L3_NS,NONE,0.008,0.0
1155,32Nvl_L1_NS,32NVL_NS,0.014,0.014
1155,32Nvl_L1_EW,32NVL_EW,0.021,-0.013
1155,32Nvl_L2_EW,32NVL_EW,0.023,0.004
1155,32Nvl_L1_EW,32NVL_EW,0.013,-0.021
1155,32Nvl_L2_EW,32NVL_EW,0.015,-0.004
1155,32Nvl_L3_NS,NONE,0.008,0.0
1155,32Nvl_L2_NS,32NVL_NS,0.008,0.008
1155,NvcNvl_L3_NS,NONE,0.007,0.0
1155,NvcNvl_L2_NS,NONE,0.007,0.0
1155,32Mt_L1_EW,NONE,0.007,0.0
1155,32Mt_L3_EW,NONE,0.009,0.0
1155,32Mt_L1_EW,32MT_EW,0.049,0.034
1155,NvcMt_L1_EW,NVCMT_EW,0.006,0.006
1155,304Nvl_L2_NS,NONE,0.007,0.0
1155,32Nvl_L2_NS,32NVL_NS,0.007,0.007
1155,32Nvl_L3_EW,NONE,0.012,0.0
1155,32Nvl_L3_EW,NONE,0.019,0.0
1155,32Nvl_L1_NS,32NVL_NS,0.121,0.121
1155,NvcNvl_L1_NS,NONE,0.009,0.0
1155,32Mt_L2_EW,NONE,0.008,0.0
1155,32Mt_L2_EW,32MT_EW,0.027,0.011
1155,NvcMt_L2_EW,NVCMT_EW,0.016,0.016
1160,304Nvl_L1_EW,304NVL_EW,0.059,0.059
1160,304Nvl_L2_EW,304NVL_EW,0.044,0.044
1160,32Nvl_L1_NS,32NVL_NS,0.007,0.007
1160,32Nvl_L1_EW,32NVL_EW,0.007,-0.028
1160,32Nvl_L2_EW,32NVL_EW,0.008,-0.021
1160,32Nvl_L1_EW,32NVL_EW,0.013,-0.021
1160,32Nvl_L2_EW,32NVL_EW,0.015,-0.014
1160,NvcNvl_L1_EW,NONE,0.011,0.0
1160,NvcNvl_L2_EW,NONE,0.008,0.0
1160,32Mt_L1_EW,NONE,0.007,0.0
1160,32Mt_L3_EW,NONE,0.009,0.0
1160,32Mt_L1_EW,32MT_EW,0.042,0.037
1160,32Thn_L1_EW,32THN_EW,0.008,0.003
1160,32Thn_L2_EW,32THN_EW,0.008,0.003
1160,32Thn_L3_EW,NONE,0.008,0.0
1160,304Nvl_L3_EW,NONE,0.032,0.0
1160,32Nvl_L3_EW,NONE,0.012,0.0
1160,32Nvl_L3_EW,NONE,0.006,0.0
1160,32Nvl_L1_NS,32NVL_NS,0.114,0.114
1160,32Mt_L2_EW,NONE,0.008,0.0
1160,32Mt_L2_EW,32MT_EW,0.033,0.027
1160,NvcCmt8_L1_EW,NVCCMT8_EW,0.008,0.008
1165,304Nvl_L1_EW,304NVL_EW,0.051,0.051
1165,304Nvl_L2_EW,304NVL_EW,0.044,0.044
1165,32Nvl_L1_EW,32NVL_EW,0.007,-0.038
1165,32Nvl_L2_EW,32NVL_EW,0.008,-0.025
1165,32Nvl_L1_EW,32NVL_EW,0.02,-0.025
1165,32Nvl_L2_EW,32NVL_EW,0.022,-0.01
1165,32Mt_L1_EW,32MT_EW,0.056,0.051
1165,32Thn_L1_EW,32THN_EW,0.008,0.003
1165,32Thn_L2_EW,32THN_EW,0.008,0.003
1165,32Thn_L3_EW,NONE,0.008,0.0
1165,304Nvl_L3_EW,NONE,0.038,0.0
1165,32Nvl_L3_EW,NONE,0.018,0.0
1165,32Nvl_L3_EW,NONE,0.006,0.0
1165,32Nvl_L1_NS,32NVL_NS,0.054,0.054
1165,32Mt_L2_EW,32MT_EW,0.038,0.033
1170,304Nvl_L1_EW,304NVL_EW,0.008,0.008
1170,32Nvl_L1_EW,32NVL_EW,0.007,-0.038
1170,32Nvl_L2_EW,32NVL_EW,0.008,-0.021
1170,32Nvl_L1_EW,32NVL_EW,0.02,-0.025
1170,32Nvl_L2_EW,32NVL_EW,0.022,-0.006
1170,32Nvl_L3_NS,NONE,0.008,0.0
1170,32Nvl_L2_NS,32NVL_NS,0.008,0.008
1170,NvcNvl_L3_NS,NONE,0.007,0.0
1170,NvcNvl_L2_NS,NONE,0.007,0.0
1170,32Mt_L1_EW,32MT_EW,0.056,0.051
1170,32Thn_L1_EW,32THN_EW,0.008,0.003
1170,32Thn_L2_EW,32THN_EW,0.008,0.003
1170,32Thn_L3_EW,NONE,0.008,0.0
1170,32Nvl_L3_EW,NONE,0.018,0.0
1170,32Nvl_L3_EW,NONE,0.006,0.0
1170,32Nvl_L1_NS,32NVL_NS,0.02,0.02
1170,NvcNvl_L1_NS,NONE,0.009,0.0
1170,32Mt_L2_EW,32MT_EW,0.033,0.027
1175,304Nvl_L1_NS,NONE,0.036,0.0
1175,32Nvl_L1_EW,32NVL_EW,0.007,-0.038
1175,32Nvl_L2_EW,32NVL_EW,0.008,-0.029
1175,32Nvl_L1_EW,32NVL_EW,0.027,-0.018
1175,32Nvl_L2_EW,32NVL_EW,0.022,-0.014
1175,NvcNvl_L1_EW,NONE,0.064,0.0
1175,NvcNvl_L2_EW,NONE,0.046,0.0
1175,32Mt_L1_EW,32MT_EW,0.056,0.051
1175,32Thn_L1_EW,NONE,0.01,0.0
1175,32Thn_L1_EW,32THN_EW,0.008,0.003
1175,32Thn_L2_EW,32THN_EW,0.008,0.003
1175,32Thn_L3_EW,NONE,0.008,0.0
1175,32Nvl_L3_EW,NONE,0.018,0.0
1175,32Nvl_L3_EW,NONE,0.006,0.0
1175,NvcNvl_L3_EW,NONE,0.038,0.0
1175,32Mt_L2_EW,32MT_EW,0.044,0.038
1180,304Nvl_L1_EW,304NVL_EW,0.017,0.017
1180,304Nvl_L2_EW,304NVL_EW,0.007,0.007
1180,32Nvl_L1_EW,32NVL_EW,0.007,-0.033
1180,32Nvl_L2_EW,32NVL_EW,0.008,-0.025
1180,32Nvl_L1_EW,32NVL_EW,0.027,-0.013
1180,32Nvl_L2_EW,32NVL_EW,0.022,-0.01
1180,NvcNvl_L1_EW,NONE,0.011,0.0
1180,NvcNvl_L2_EW,NONE,0.008,0.0
1180,32Mt_L1_EW,32MT_EW,0.049,0.044
1180,NvcMt_L2_NS,NONE,0.005,0.0
1180,NvcCmt8_L2_EW,NVCCMT8_EW,0.005,0.005
1180,32Thn_L1_EW,NONE,0.01,0.0
1180,32Thn_L1_EW,32THN_EW,0.008,0.003
1180,32Thn_L2_EW,32THN_EW,0.008,0.003
1180,304Nvl_L3_EW,NONE,0.006,0.0
1180,32Nvl_L3_EW,NONE,0.018,0.0
1180,32Nvl_L3_EW,NONE,0.006,0.0
1180,32Mt_L2_EW,32MT_EW,0.038,0.033
1180,NvcMt_L1_NS,NONE,0.005,0.0
1180,NvcCmt8_L1_EW,NVCCMT8_EW,0.008,0.008
1185,304Nvl_L1_EW,304NVL_EW,0.059,0.059
1185,304Nvl_L2_EW,304NVL_EW,0.051,0.051
1185,304Nvl_L1_NS,NONE,0.007,0.0
1185,304Nvl_L3_NS,NONE,0.008,0.0
1185,32Nvl_L1_EW,32NVL_EW,0.007,0.002
1185,32Nvl_L2_EW,32NVL_EW,0.008,0.004
1185,32Nvl_L1_EW,32NVL_EW,0.013,0.009
1185,32Nvl_L2_EW,32NVL_EW,0.022,0.019
1185,NvcNvl_L1_EW,NONE,0.011,0.0
1185,NvcNvl_L2_EW,NONE,0.008,0.0
1185,32Mt_L1_EW,32MT_EW,0.007,0.002
1185,32Thn_L1_EW,NONE,0.019,0.0
1185,32Thn_L2_EW,NONE,0.01,0.0
1185,32Thn_L3_EW,NONE,0.007,0.0
1185,304Nvl_L3_EW,NONE,0.038,0.0
1185,304Nvl_L2_NS,NONE,0.007,0.0
1185,32Nvl_L3_EW,NONE,0.018,0.0
1185,32Nvl_L3_EW,NONE,0.006,0.0
1185,NvcNvl_L3_EW,NONE,0.006,0.0
1185,32Mt_L2_EW,32MT_EW,0.005,0.0
1190,304Nvl_L1_EW,304NVL_EW,0.017,0.017
1190,304Nvl_L2_EW,304NVL_EW,0.015,0.015
1190,304Nvl_L1_NS,NONE,0.102,0.0
1190,304Nvl_L3_NS,NONE,0.104,0.0
1190,32Nvl_L1_EW,32NVL_EW,0.007,0.001
1190,32Nvl_L2_EW,32NVL_EW,0.008,0.008
1190,32Nvl_L1_EW,32NVL_EW,0.013,0.008
1190,32Nvl_L2_EW,32NVL_EW,0.015,0.015
1190,32Nvl_L3_NS,NONE,0.008,0.0
1190,32Nvl_L2_NS,32NVL_NS,0.008,0.008
1190,NvcNvl_L1_EW,NONE,0.011,0.0
1190,NvcNvl_L2_EW,NONE,0.008,0.0
1190,32Mt_L1_NS,32MT_NS,0.006,0.006
1190,NvcCmt8_L2_EW,NVCCMT8_EW,0.026,0.026
1190,32Thn_L1_EW,32THN_EW,0.008,0.003
1190,304Nvl_L3_EW,NONE,0.013,0.0
1190,304Nvl_L2_NS,NONE,0.096,0.0
1190,32Nvl_L3_EW,NONE,0.012,0.0
1190,32Nvl_L3_EW,NONE,0.006,0.0
1190,32Nvl_L1_NS,32NVL_NS,0.007,0.007
1190,NvcNvl_L3_EW,NONE,0.006,0.0
1190,NvcCmt8_L1_EW,NVCCMT8_EW,0.038,0.038
1195,304Nvl_L1_EW,304NVL_EW,0.025,0.025
1195,304Nvl_L2_EW,304NVL_EW,0.015,0.015
1195,304Nvl_L1_NS,NONE,0.088,0.0
1195,304Nvl_L3_NS,NONE,0.096,0.0
1195,32Nvl_L1_EW,32NVL_EW,0.007,0.001
1195,32Nvl_L2_EW,32NVL_EW,0.008,0.008
1195,32Nvl_L1_EW,32NVL_EW,0.013,0.008
1195,32Nvl_L2_EW,32NVL_EW,0.015,0.015
1195,32Nvl_L3_NS,NONE,0.042,0.0
1195,32Nvl_L2_NS,32NVL_NS,0.039,0.039
1195,32Mt_L1_NS,32MT_NS,0.006,0.006
1195,32Mt_L1_EW,NONE,0.065,0.0
1195,32Mt_L3_EW,NONE,0.062,0.0
1195,NvcCmt8_L2_EW,NVCCMT8_EW,0.026,0.026
1195,32Thn_L1_EW,32THN_EW,0.008,0.003
1195,304Nvl_L3_EW,NONE,0.013,0.0
1195,304Nvl_L2_NS,NONE,0.089,0.0
1195,32Nvl_L3_EW,NONE,0.012,0.0
1195,32Nvl_L3_EW,NONE,0.006,0.0
1195,32Nvl_L1_NS,32NVL_NS,0.034,0.034
1195,32Mt_L2_EW,NONE,0.053,0.0
1195,NvcCmt8_L1_EW,NVCCMT8_EW,0.038,0.038
1200,304Nvl_L1_NS,304NVL_NS,0.009,0.009
1200,304Nvl_L1_EW,304NVL_EW,0.051,0.051
1200,304Nvl_L2_EW,304NVL_EW,0.007,0.007
1200,304Nvl_L1_EW,NONE,0.008,0.0
1200,32Nvl_L1_EW,32NVL_EW,0.014,0.009
1200,32Nvl_L2_EW,32NVL_EW,0.015,0.012
1200,32Nvl_L1_EW,32NVL_EW,0.013,0.009
1200,32Nvl_L2_EW,32NVL_EW,0.015,0.011
1200,NvcNvl_L3_NS,NONE,0.007,0.0
1200,NvcNvl_L2_NS,NONE,0.007,0.0
1200,32Mt_L1_NS,32MT_NS,0.006,0.006
1200,32Mt_L1_EW,NONE,0.05,0.0
1200,32Mt_L3_EW,NONE,0.035,0.0
1200,32Mt_L1_EW,32MT_EW,0.007,-0.003
1200,304Nvl_L3_EW,NONE,0.006,0.0
1200,32Nvl_L3_EW,NONE,0.012,0.0
1200,32Nvl_L3_EW,NONE,0.013,0.0
1200,NvcNvl_L1_NS,NONE,0.009,0.0
1200,32Mt_L2_EW,NONE,0.038,0.0
1200,32Mt_L2_EW,32MT_EW,0.005,-0.005
1200,NvcCmt8_L1_EW,NONE,0.029,0.0
1205,304Nvl_L1_NS,304NVL_NS,0.018,0.018
1205,304Nvl_L3_NS,NONE,0.007,0.0
1205,304Nvl_L1_EW,304NVL_EW,0.008,0.008
1205,304Nvl_L1_NS,NONE,0.007,0.0
1205,32Nvl_L1_EW,32NVL_EW,0.007,0.007
1205,32Nvl_L2_EW,32NVL_EW,0.008,0.008
1205,32Nvl_L1_EW,32NVL_EW,0.013,0.013
1205,32Nvl_L2_EW,32NVL_EW,0.015,0.015
1205,32Nvl_L3_NS,NONE,0.042,0.0
1205,32Nvl_L2_NS,32NVL_NS,0.039,0.034
1205,NvcNvl_L1_EW,NONE,0.011,0.0
1205,NvcNvl_L2_EW,NONE,0.008,0.0
1205,32Mt_L1_EW,NONE,0.072,0.0
1205,32Mt_L3_EW,NONE,0.071,0.0
1205,32Mt_L1_NS,NONE,0.117,0.0
1205,NvcMt_L1_EW,NVCMT_EW,0.032,0.032
1205,304Nvl_L2_NS,304NVL_NS,0.008,-0.02
1205,32Nvl_L3_EW,NONE,0.012,0.0
1205,32Nvl_L3_EW,NONE,0.006,0.0
1205,32Nvl_L1_NS,32NVL_NS,0.034,0.021
1205,32Mt_L2_EW,NONE,0.06,0.0
1205,32Mt_L2_NS,NONE,0.104,0.0
1205,NvcMt_L2_EW,NVCMT_EW,0.04,0.04
1210,304Nvl_L1_NS,304NVL_NS,0.018,-0.011
1210,304Nvl_L3_NS,NONE,0.007,0.0
1210,304Nvl_L1_EW,304NVL_EW,0.025,0.025
1210,304Nvl_L2_EW,304NVL_EW,0.015,0.015
1210,32Nvl_L3_NS,NONE,0.034,0.0
1210,32Nvl_L1_NS,32NVL_NS,0.042,0.029
1210,32Nvl_L1_EW,32NVL_EW,0.007,-0.003
1210,32Nvl_L2_EW,32NVL_EW,0.008,0.004
1210,32Nvl_L3_NS,NONE,0.05,0.0
1210,32Nvl_L2_NS,32NVL_NS,0.047,0.042
1210,32Mt_L1_NS,32MT_NS,0.006,0.006
1210,32Mt_L1_EW,NONE,0.05,0.0
1210,32Mt_L3_EW,NONE,0.018,0.0
1210,32Mt_L1_EW,32MT_EW,0.014,0.009
1210,304Nvl_L2_NS,304NVL_NS,0.008,-0.026
1210,304Nvl_L3_EW,NONE,0.013,0.0
1210,32Nvl_L2_NS,32NVL_NS,0.033,0.028
1210,32Nvl_L3_EW,NONE,0.006,0.0
1210,32Nvl_L1_NS,32NVL_NS,0.04,0.028
1210,32Mt_L2_EW,NONE,0.015,0.0
1210,32Mt_L2_EW,32MT_EW,0.005,0.0
1210,NvcMt_L1_NS,NONE,0.005,0.0
1215,304Nvl_L1_NS,304NVL_NS,0.009,-0.02
1215,304Nvl_L3_NS,NONE,0.007,0.0
1215,304Nvl_L1_EW,304NVL_EW,0.119,0.119
1215,304Nvl_L2_EW,304NVL_EW,0.015,0.015
1215,32Nvl_L1_NS,32NVL_NS,0.042,0.035
1215,32Nvl_L1_EW,32NVL_EW,0.014,-0.015
1215,32Nvl_L2_EW,32NVL_EW,0.015,0.015
1215,32Nvl_L3_NS,NONE,0.058,0.0
1215,32Nvl_L2_NS,32NVL_NS,0.055,0.05
1215,NvcNvl_L3_NS,NONE,0.041,0.0
1215,NvcNvl_L2_NS,NONE,0.04,0.0
1215,32Mt_L1_NS,32MT_NS,0.088,0.088
1215,32Mt_L1_EW,NONE,0.022,0.0
1215,32Mt_L3_EW,NONE,0.018,0.0
1215,32Mt_L1_EW,32MT_EW,0.042,0.032
1215,32Mt_L1_NS,NONE,0.01,0.0
1215,NvcMt_L2_NS,NONE,0.016,0.0
1215,NvcMt_L2_EW,NVCMT_EW,0.003,0.003
1215,304Nvl_L2_NS,304NVL_NS,0.008,-0.031
1215,304Nvl_L3_EW,NONE,0.006,0.0
1215,32Nvl_L2_NS,32NVL_NS,0.033,0.028
1215,32Nvl_L3_EW,NONE,0.013,0.0
1215,32Nvl_L1_NS,32NVL_NS,0.054,0.047
1215,NvcNvl_L1_NS,NONE,0.052,0.0
1215,32Mt_L2_EW,NONE,0.015,0.0
1215,32Mt_L2_NS,NONE,0.009,0.0
1215,NvcMt_L1_NS,NONE,0.016,0.0
1215,NvcMt_L1_EW,NVCMT_EW,0.006,0.006
1220,304Nvl_L1_NS,304NVL_NS,0.009,-0.02
1220,304Nvl_L3_NS,NONE,0.007,0.0
1220,304Nvl_L1_NS,NONE,0.015,0.0
1220,32Nvl_L3_NS,NONE,0.007,0.0
1220,32Nvl_L1_NS,32NVL_NS,0.042,0.035
1220,32Nvl_L3_NS,NONE,0.058,0.0
1220,32Nvl_L2_NS,32NVL_NS,0.055,0.05
1220,NvcNvl_L3_NS,NONE,0.007,0.0
1220,NvcNvl_L2_NS,NONE,0.007,0.0
1220,32Mt_L1_NS,32MT_NS,0.088,0.088
1220,32Mt_L1_EW,NONE,0.014,0.0
1220,32Mt_L3_EW,NONE,0.009,0.0
1220,32Mt_L1_EW,32MT_EW,0.042,0.042
1220,32Mt_L1_NS,NONE,0.01,0.0
1220,NvcMt_L2_NS,NONE,0.011,0.0
1220,304Nvl_L2_NS,304NVL_NS,0.008,-0.031
1220,32Nvl_L2_NS,32NVL_NS,0.04,0.035
1220,32Nvl_L1_NS,32NVL_NS,0.06,0.054
1220,NvcNvl_L1_NS,NONE,0.009,0.0
1220,32Mt_L2_NS,32MT_NS,0.006,0.006
1220,32Mt_L2_EW,NONE,0.015,0.0
1220,32Mt_L2_EW,32MT_EW,0.033,0.033
1220,NvcMt_L1_NS,NONE,0.011,0.0
1225,304Nvl_L1_NS,304NVL_NS,0.009,-0.02
1225,304Nvl_L3_NS,NONE,0.007,0.0
1225,304Nvl_L1_EW,304NVL_EW,0.008,0.008
1225,304Nvl_L1_NS,NONE,0.007,0.0
1225,32Nvl_L3_NS,NONE,0.007,0.0
1225,32Nvl_L1_NS,32NVL_NS,0.042,0.035
1225,32Nvl_L3_NS,NONE,0.067,0.0
1225,32Nvl_L2_NS,32NVL_NS,0.063,0.058
1225,NvcNvl_L3_NS,NONE,0.007,0.0
1225,NvcNvl_L2_NS,NONE,0.007,0.0
1225,32Mt_L1_NS,32MT_NS,0.088,0.088
1225,32Mt_L1_EW,32MT_EW,0.007,0.007
1225,304Nvl_L2_NS,304NVL_NS,0.008,-0.037
1225,32Nvl_L2_NS,32NVL_NS,0.04,0.035
1225,32Nvl_L1_NS,32NVL_NS,0.067,0.061
1225,NvcNvl_L1_NS,NONE,0.009,0.0
1225,32Mt_L2_NS,32MT_NS,0.006,0.006
1230,304Nvl_L1_NS,304NVL_NS,0.009,-0.025
1230,304Nvl_L3_NS,NONE,0.007,0.0
1230,304Nvl_L1_EW,304NVL_EW,0.008,0.008
1230,304Nvl_L2_EW,304NVL_EW,0.007,0.007
1230,32Nvl_L3_NS,NONE,0.014,0.0
1230,32Nvl_L1_NS,32NVL_NS,0.048,0.042
1230,32Nvl_L3_NS,NONE,0.075,0.0
1230,32Nvl_L2_NS,32NVL_NS,0.071,0.066
1230,32Mt_L1_NS,32MT_NS,0.019,0.019
1230,32Mt_L1_EW,NONE,0.007,0.0
1230,32Mt_L3_EW,NONE,0.009,0.0
1230,32Mt_L1_EW,32MT_EW,0.007,0.007
1230,32Mt_L1_NS,NONE,0.049,0.0
1230,304Nvl_L2_NS,304NVL_NS,0.008,-0.042
1230,304Nvl_L3_EW,NONE,0.006,0.0
1230,32Nvl_L2_NS,32NVL_NS,0.047,0.041
1230,32Nvl_L1_NS,32NVL_NS,0.067,0.061
1230,32Mt_L2_NS,32MT_NS,0.013,0.013
1230,32Mt_L2_EW,NONE,0.008,0.0
1230,32Mt_L2_EW,32MT_EW,0.005,0.005
1230,32Mt_L2_NS,NONE,0.043,0.0
1235,304Nvl_L1_NS,304NVL_NS,0.009,-0.025
1235,304Nvl_L3_NS,NONE,0.007,0.0
1235,32Nvl_L3_NS,NONE,0.014,0.0
1235,32Nvl_L1_NS,32NVL_NS,0.048,0.042
1235,32Nvl_L3_NS,NONE,0.083,0.0
1235,32Nvl_L2_NS,32NVL_NS,0.079,0.074
1235,32Mt_L1_NS,32MT_NS,0.013,0.013
1235,32Mt_L1_EW,NONE,0.007,0.0
1235,32Thn_L1_EW,NONE,0.01,0.0
1235,32Thn_L2_EW,NONE,0.01,0.0
1235,32Thn_L3_EW,NONE,0.007,0.0
1235,304Nvl_L2_NS,304NVL_NS,0.008,-0.048
1235,32Nvl_L2_NS,32NVL_NS,0.047,0.041
1235,32Nvl_L1_NS,32NVL_NS,0.067,0.061
1235,32Mt_L2_NS,32MT_NS,0.006,0.006
1240,304Nvl_L1_EW,304NVL_EW,0.008,0.008
1240,304Nvl_L1_NS,NONE,0.007,0.0
1240,304Nvl_L3_NS,NONE,0.008,0.0
1240,32Nvl_L3_NS,NONE,0.007,0.0
1240,32Nvl_L1_NS,32NVL_NS,0.014,0.014
1240,32Nvl_L1_EW,32NVL_EW,0.007,0.001
1240,32Nvl_L2_EW,32NVL_EW,0.007,0.007
1240,32Nvl_L3_NS,NONE,0.033,0.0
1240,32Nvl_L2_NS,32NVL_NS,0.032,0.032
1240,NvcNvl_L3_NS,NONE,0.007,0.0
1240,NvcNvl_L2_NS,NONE,0.007,0.0
1240,32Mt_L1_NS,32MT_NS,0.006,0.006
1240,32Mt_L1_EW,NONE,0.007,0.0
1240,32Mt_L3_EW,NONE,0.009,0.0
1240,32Mt_L1_NS,NONE,0.049,0.0
1240,32Thn_L1_EW,32THN_EW,0.008,0.008
1240,304Nvl_L2_NS,NONE,0.007,0.0
1240,32Nvl_L2_NS,32NVL_NS,0.013,0.013
1240,32Nvl_L3_EW,NONE,0.006,0.0
1240,32Nvl_L1_NS,32NVL_NS,0.027,0.027
1240,NvcNvl_L1_NS,NONE,0.009,0.0
1240,32Mt_L2_NS,32MT_NS,0.006,0.006
1240,32Mt_L2_EW,NONE,0.008,0.0
1245,304Nvl_L1_EW,304NVL_EW,0.017,0.017
1245,304Nvl_L2_EW,304NVL_EW,0.007,0.007
1245,304Nvl_L1_NS,NONE,0.022,0.0
1245,32Nvl_L3_NS,NONE,0.007,0.0
1245,32Nvl_L1_NS,32NVL_NS,0.021,0.021
1245,32Nvl_L1_EW,32NVL_EW,0.013,0.009
1245,32Nvl_L2_EW,32NVL_EW,0.015,0.011
1245,32Mt_L1_EW,NONE,0.007,0.0
1245,32Mt_L1_EW,32MT_EW,0.007,0.007
1245,32Mt_L1_NS,NONE,0.01,0.0
1245,NvcMt_L1_EW,NVCMT_EW,0.006,0.006
1245,304Nvl_L3_EW,NONE,0.006,0.0
1245,304Nvl_L2_NS,NONE,0.007,0.0
1245,32Nvl_L2_NS,32NVL_NS,0.013,0.013
1245,32Nvl_L3_EW,NONE,0.012,0.0
1245,32Mt_L2_EW,32MT_EW,0.005,0.005
1245,32Mt_L2_NS,NONE,0.009,0.0
1245,NvcMt_L2_EW,NVCMT_EW,0.008,0.008
1250,304Nvl_L1_EW,304NVL_EW,0.017,0.017
1250,304Nvl_L2_EW,304NVL_EW,0.007,0.007
1250,304Nvl_L1_NS,NONE,0.007,0.0
1250,32Nvl_L1_NS,32NVL_NS,0.014,0.014
1250,32Nvl_L1_EW,32NVL_EW,0.013,-0.002
1250,32Nvl_L2_EW,32NVL_EW,0.015,0.005
1250,32Nvl_L3_NS,NONE,0.008,0.0
1250,32Nvl_L2_NS,32NVL_NS,0.008,0.008
1250,32Mt_L1_EW,NONE,0.007,0.0
1250,32Mt_L1_EW,32MT_EW,0.014,0.014
1250,32Mt_L1_NS,NONE,0.01,0.0
1250,NvcMt_L1_EW,NVCMT_EW,0.006,0.006
1250,32Thn_L1_EW,32THN_EW,0.008,0.008
1250,32Thn_L2_EW,32THN_EW,0.008,0.008
1250,32Thn_L3_EW,NONE,0.008,0.0
1250,304Nvl_L3_EW,NONE,0.006,0.0
1250,32Nvl_L2_NS,32NVL_NS,0.007,0.007
1250,32Nvl_L3_EW,NONE,0.012,0.0
1250,32Nvl_L1_NS,32NVL_NS,0.007,0.007
1250,32Mt_L2_EW,32MT_EW,0.005,0.005
1250,NvcMt_L2_EW,NVCMT_EW,0.008,0.008
1255,304Nvl_L1_EW,304NVL_EW,0.008,0.008
1255,32Nvl_L1_NS,32NVL_NS,0.014,0.014
1255,32Nvl_L1_EW,32NVL_EW,0.013,-0.002
1255,32Nvl_L2_EW,32NVL_EW,0.015,0.001
1255,32Mt_L1_EW,NONE,0.014,0.0
1255,32Mt_L3_EW,NONE,0.009,0.0
1255,32Mt_L1_EW,32MT_EW,0.014,0.014
1255,32Mt_L1_NS,NONE,0.02,0.0
1255,NvcMt_L1_EW,NVCMT_EW,0.006,0.006
1255,32Thn_L1_EW,32THN_EW,0.008,0.008
1255,32Thn_L2_EW,32THN_EW,0.008,0.008
1255,32Thn_L3_EW,NONE,0.008,0.0
1255,32Nvl_L3_EW,NONE,0.012,0.0
1255,32Nvl_L1_NS,32NVL_NS,0.007,0.007
1255,32Mt_L2_EW,NONE,0.008,0.0
1255,32Mt_L2_EW,32MT_EW,0.011,0.011
1255,32Mt_L2_NS,NONE,0.017,0.0
1255,NvcMt_L2_EW,NVCMT_EW,0.008,0.008
1260,32Nvl_L1_NS,32NVL_NS,0.014,0.014
1260,32Nvl_L1_EW,32NVL_EW,0.013,-0.002
1260,32Nvl_L2_EW,32NVL_EW,0.015,0.001
1260,32Mt_L1_EW,NONE,0.007,0.0
1260,32Mt_L3_EW,NONE,0.009,0.0
1260,32Mt_L1_EW,32MT_EW,0.014,0.014
1260,32Mt_L1_NS,NONE,0.01,0.0
1260,NvcMt_L1_EW,NVCMT_EW,0.006,0.006
1260,32Thn_L1_EW,32THN_EW,0.008,0.008
1260,32Thn_L2_EW,32THN_EW,0.008,0.008
1260,32Thn_L3_EW,NONE,0.008,0.0
1260,32Nvl_L3_EW,NONE,0.012,0.0
1260,32Nvl_L1_NS,32NVL_NS,0.007,0.007
1260,32Mt_L2_EW,NONE,0.008,0.0
1260,32Mt_L2_EW,32MT_EW,0.011,0.011
1260,32Mt_L2_NS,NONE,0.009,0.0
1260,NvcMt_L2_EW,NVCMT_EW,0.008,0.008
1265,304Thn_L1_EW,NONE,0.007,0.0
1265,304Thn_L2_EW,NONE,0.008,0.0
1265,304Nvl_L1_EW,304NVL_EW,0.008,0.008
1265,32Nvl_L1_NS,32NVL_NS,0.007,0.007
1265,32Nvl_L1_EW,32NVL_EW,0.013,-0.006
1265,32Nvl_L2_EW,32NVL_EW,0.015,0.011
1265,32Nvl_L3_NS,NONE,0.017,0.0
1265,32Nvl_L2_NS,32NVL_NS,0.016,0.016
1265,NvcNvl_L3_NS,NONE,0.007,0.0
1265,NvcNvl_L2_NS,NONE,0.007,0.0
1265,32Mt_L1_EW,32MT_EW,0.028,0.028
1265,32Thn_L1_EW,NONE,0.01,0.0
1265,32Nvl_L3_EW,NONE,0.012,0.0
1265,32Nvl_L1_NS,32NVL_NS,0.02,0.02
1265,NvcNvl_L1_NS,NONE,0.009,0.0
1265,32Mt_L2_EW,32MT_EW,0.005,0.005
1265,304Thn_L3_EW,NONE,0.008,0.0
1270,304Thn_L1_EW,NONE,0.007,0.0
1270,304Thn_L2_EW,NONE,0.008,0.0
1270,32Nvl_L3_NS,NONE,0.007,0.0
1270,32Nvl_L1_NS,32NVL_NS,0.021,0.021
1270,32Nvl_L1_EW,32NVL_EW,0.013,-0.011
1270,32Nvl_L2_EW,32NVL_EW,0.015,0.007
1270,NvcNvl_L2_NS,NONE,0.007,0.0
1270,32Mt_L1_EW,NONE,0.007,0.0
1270,32Mt_L3_EW,NONE,0.009,0.0
1270,32Mt_L1_EW,32MT_EW,0.035,0.035
1270,32Mt_L1_NS,NONE,0.01,0.0
1270,NvcMt_L2_NS,NONE,0.005,0.0
1270,NvcMt_L1_EW,NVCMT_EW,0.006,0.006
1270,NvcMt_L2_EW,NVCMT_EW,0.003,0.003
1270,32Thn_L1_EW,NONE,0.01,0.0
1270,32Nvl_L2_NS,32NVL_NS,0.013,0.013
1270,32Nvl_L3_EW,NONE,0.012,0.0
1270,NvcNvl_L1_NS,NONE,0.009,0.0
1270,32Mt_L2_EW,NONE,0.008,0.0
1270,32Mt_L2_EW,32MT_EW,0.011,0.011
1270,NvcMt_L1_NS,NONE,0.005,0.0
1270,NvcMt_L2_EW,NVCMT_EW,0.008,0.008
1270,NvcMt_L1_EW,NVCMT_EW,0.006,0.006
1275,304Thn_L1_EW,304THN_EW,0.017,0.011
1275,304Thn_L3_EW,NONE,0.008,0.0
1275,304Nvl_L1_EW,304NVL_EW,0.008,-0.003
1275,304Nvl_L2_EW,304NVL_EW,0.007,0.002
1275,32Nvl_L3_NS,NONE,0.007,0.0
1275,32Nvl_L1_NS,32NVL_NS,0.007,0.007
1275,32Nvl_L1_EW,32NVL_EW,0.013,-0.011
1275,32Nvl_L2_EW,32NVL_EW,0.015,0.004
1275,NvcNvl_L3_NS,NONE,0.014,0.0
1275,NvcNvl_L2_NS,NONE,0.013,0.0
1275,32Mt_L1_EW,32MT_EW,0.035,0.035
1275,NvcMt_L1_EW,NVCMT_EW,0.006,0.006
1275,NvcMt_L2_EW,NVCMT_EW,0.003,0.003
1275,304Nvl_L3_EW,NONE,0.006,0.0
1275,32Nvl_L2_NS,32NVL_NS,0.007,0.007
1275,32Nvl_L3_EW,NONE,0.012,0.0
1275,32Nvl_L1_NS,32NVL_NS,0.007,0.007
1275,NvcNvl_L1_NS,NONE,0.017,0.0
1275,32Mt_L2_EW,32MT_EW,0.016,0.016
1275,NvcMt_L2_EW,NVCMT_EW,0.008,0.008
1275,NvcMt_L1_EW,NVCMT_EW,0.006,0.006
1275,304Thn_L2_EW,304THN_EW,0.007,0.002
1280,304Thn_L1_EW,304THN_EW,0.017,0.017
1280,304Thn_L3_EW,NONE,0.008,0.0
1280,304Nvl_L1_NS,NONE,0.007,0.0
1280,304Nvl_L3_NS,NONE,0.008,0.0
1280,32Nvl_L1_EW,32NVL_EW,0.092,0.068
1280,32Nvl_L2_EW,32NVL_EW,0.1,0.089
1280,32Nvl_L1_EW,32NVL_EW,0.013,-0.011
1280,32Nvl_L2_EW,32NVL_EW,0.015,0.004
1280,NvcNvl_L3_NS,NONE,0.068,0.0
1280,NvcNvl_L2_NS,NONE,0.073,0.0
1280,NvcNvl_L1_EW,NVCNVL_EW,0.007,0.003
1280,NvcNvl_L2_EW,NVCNVL_EW,0.008,0.006
1280,32Mt_L1_EW,NONE,0.007,0.0
1280,32Mt_L3_EW,NONE,0.009,0.0
1280,32Mt_L1_EW,32MT_EW,0.035,-0.03
1280,NvcMt_L2_NS,NONE,0.005,0.0
1280,NvcMt_L1_EW,NVCMT_EW,0.006,0.001
1280,NvcMt_L2_EW,NVCMT_EW,0.003,-0.003
1280,304Nvl_L2_NS,NONE,0.007,0.0
1280,32Nvl_L3_EW,NONE,0.012,0.0
1280,32Nvl_L3_EW,NONE,0.081,0.0
1280,32Nvl_L1_NS,32NVL_NS,0.007,0.007
1280,NvcNvl_L1_NS,NONE,0.096,0.0
1280,32Mt_L2_EW,NONE,0.008,0.0
1280,32Mt_L2_EW,32MT_EW,0.016,-0.054
1280,NvcMt_L1_NS,NONE,0.005,0.0
1280,NvcMt_L2_EW,NVCMT_EW,0.008,0.002
1280,NvcMt_L1_EW,NVCMT_EW,0.006,0.001
1280,304Thn_L2_EW,304THN_EW,0.007,0.007
1285,304Thn_L1_EW,304THN_EW,0.017,0.011
1285,304Thn_L3_EW,NONE,0.015,0.0
1285,304Nvl_L1_EW,304NVL_EW,0.008,-0.003
1285,304Nvl_L2_EW,304NVL_EW,0.007,-0.003
1285,304Nvl_L1_NS,NONE,0.015,0.0
1285,304Nvl_L3_NS,NONE,0.008,0.0
1285,32Nvl_L1_EW,32NVL_EW,0.092,0.077
1285,32Nvl_L2_EW,32NVL_EW,0.1,0.089
1285,32Nvl_L1_EW,32NVL_EW,0.013,-0.001
1285,32Nvl_L2_EW,32NVL_EW,0.015,0.004
1285,NvcNvl_L3_NS,NONE,0.048,0.0
1285,NvcNvl_L2_NS,NONE,0.053,0.0
1285,NvcNvl_L1_EW,NVCNVL_EW,0.007,0.007
1285,NvcNvl_L2_EW,NVCNVL_EW,0.008,0.008
1285,32Mt_L1_EW,32MT_EW,0.021,-0.043
1285,304Nvl_L3_EW,NONE,0.006,0.0
1285,304Nvl_L2_NS,NONE,0.007,0.0
1285,32Nvl_L3_EW,NONE,0.012,0.0
1285,32Nvl_L3_EW,NONE,0.081,0.0
1285,NvcNvl_L1_NS,NONE,0.07,0.0
1285,NvcNvl_L3_EW,NONE,0.009,0.0
1285,32Mt_L2_EW,32MT_EW,0.016,-0.054
1285,304Thn_L2_EW,304THN_EW,0.015,0.01
1290,304Thn_L1_EW,304THN_EW,0.008,0.002
1290,304Thn_L3_EW,NONE,0.008,0.0
1290,304Nvl_L1_EW,304NVL_EW,0.008,0.003
1290,304Nvl_L1_NS,NONE,0.007,0.0
1290,32Nvl_L1_EW,32NVL_EW,0.085,0.075
1290,32Nvl_L2_EW,32NVL_EW,0.093,0.085
1290,32Nvl_L1_EW,32NVL_EW,0.013,0.004
1290,32Nvl_L2_EW,32NVL_EW,0.015,0.007
1290,NvcNvl_L3_NS,NONE,0.014,0.0
1290,NvcNvl_L2_NS,NONE,0.02,0.0
1290,NvcNvl_L1_EW,NVCNVL_EW,0.007,0.007
1290,NvcNvl_L2_EW,NVCNVL_EW,0.008,0.008
1290,32Mt_L1_EW,NONE,0.007,0.0
1290,32Mt_L3_EW,NONE,0.009,0.0
1290,32Mt_L1_EW,32MT_EW,0.014,-0.045
1290,32Mt_L1_NS,NONE,0.01,0.0
1290,NvcMt_L2_NS,NONE,0.005,0.0
1290,304Nvl_L2_NS,NONE,0.007,0.0
1290,32Nvl_L3_EW,NONE,0.012,0.0
1290,32Nvl_L3_EW,NONE,0.075,0.0
1290,32Nvl_L1_NS,32NVL_NS,0.007,0.007
1290,NvcNvl_L1_NS,NONE,0.026,0.0
1290,NvcNvl_L3_EW,NONE,0.009,0.0
1290,32Mt_L2_EW,NONE,0.008,0.0
1290,32Mt_L2_EW,32MT_EW,0.011,-0.054
1290,NvcMt_L1_NS,NONE,0.005,0.0
1290,304Thn_L2_EW,304THN_EW,0.007,0.007
1295,304Thn_L1_EW,304THN_EW,0.008,0.002
1295,304Thn_L3_EW,NONE,0.008,0.0
1295,304Thn_L1_EW,NONE,0.007,0.0
1295,304Nvl_L1_EW,304NVL_EW,0.008,0.003
1295,304Nvl_L1_NS,NONE,0.015,0.0
1295,304Nvl_L3_NS,NONE,0.016,0.0
1295,32Nvl_L1_EW,32NVL_EW,0.085,0.08
1295,32Nvl_L2_EW,32NVL_EW,0.093,0.089
1295,32Nvl_L1_EW,32NVL_EW,0.013,0.009
1295,32Nvl_L2_EW,32NVL_EW,0.015,0.011
1295,NvcNvl_L3_NS,NONE,0.007,0.0
1295,NvcNvl_L2_NS,NONE,0.007,0.0
1295,NvcNvl_L1_EW,NONE,0.021,0.0
1295,NvcNvl_L2_EW,NONE,0.015,0.0
1295,NvcNvl_L1_EW,NVCNVL_EW,0.042,0.042
1295,NvcNvl_L2_EW,NVCNVL_EW,0.008,0.008
1295,32Mt_L1_EW,NONE,0.014,0.0
1295,32Mt_L3_EW,NONE,0.009,0.0
1295,32Mt_L1_EW,32MT_EW,0.007,-0.052
1295,32Mt_L1_NS,NONE,0.01,0.0
1295,304Nvl_L2_NS,NONE,0.015,0.0
1295,32Nvl_L3_EW,NONE,0.012,0.0
1295,32Nvl_L3_EW,NONE,0.075,0.0
1295,32Nvl_L1_NS,32NVL_NS,0.007,0.007
1295,NvcNvl_L1_NS,NONE,0.009,0.0
1295,NvcNvl_L3_EW,NONE,0.009,0.0
1295,32Mt_L2_EW,NONE,0.008,0.0
1295,32Mt_L2_EW,32MT_EW,0.005,-0.059
1295,32Mt_L2_NS,NONE,0.009,0.0
1295,304Thn_L2_EW,304THN_EW,0.007,0.007
1300,32Nvl_L1_EW,32NVL_EW,0.085,0.085
1300,32Nvl_L2_EW,32NVL_EW,0.093,0.093
1300,32Nvl_L1_EW,32NVL_EW,0.013,0.013
1300,32Nvl_L2_EW,32NVL_EW,0.015,0.015
1300,32Nvl_L3_NS,NONE,0.008,0.0
1300,32Nvl_L2_NS,32NVL_NS,0.008,0.008
1300,NvcNvl_L3_NS,NONE,0.041,0.0
1300,NvcNvl_L2_NS,NONE,0.04,0.0
1300,NvcNvl_L1_EW,NONE,0.011,0.0
1300,NvcNvl_L2_EW,NONE,0.008,0.0
1300,NvcNvl_L1_EW,NVCNVL_EW,0.042,0.038
1300,32Mt_L1_NS,32MT_NS,0.006,0.006
1300,32Mt_L1_EW,NONE,0.007,0.0
1300,32Mt_L1_NS,NONE,0.059,0.0
1300,NvcMt_L1_EW,NVCMT_EW,0.006,-0.023
1300,NvcCmt8_L2_NS,NONE,0.011,0.0
1300,NvcCmt8_L1_NS,NONE,0.008,0.0
1300,32Nvl_L3_EW,NONE,0.012,0.0
1300,32Nvl_L3_EW,NONE,0.075,0.0
1300,32Nvl_L1_NS,32NVL_NS,0.007,0.007
1300,NvcNvl_L1_NS,NONE,0.052,0.0
1300,32Mt_L2_NS,NONE,0.052,0.0
1300,NvcMt_L2_EW,NVCMT_EW,0.008,0.008
1305,304Nvl_L1_EW,304NVL_EW,0.008,0.008
1305,32Nvl_L3_NS,NONE,0.007,0.0
1305,32Nvl_L1_NS,32NVL_NS,0.007,0.007
1305,32Nvl_L1_EW,32NVL_EW,0.085,0.08
1305,32Nvl_L2_EW,32NVL_EW,0.093,0.089
1305,32Nvl_L1_EW,32NVL_EW,0.013,0.009
1305,32Nvl_L2_EW,32NVL_EW,0.015,0.011
1305,NvcNvl_L1_EW,NVCNVL_EW,0.007,0.007
1305,32Mt_L1_NS,32MT_NS,0.006,0.006
1305,32Mt_L1_EW,32MT_EW,0.007,-0.052
1305,32Mt_L1_NS,NONE,0.01,0.0
1305,NvcMt_L2_NS,NONE,0.005,0.0
1305,32Nvl_L2_NS,32NVL_NS,0.007,0.007
1305,32Nvl_L3_EW,NONE,0.012,0.0
1305,32Nvl_L3_EW,NONE,0.075,0.0
1305,32Mt_L2_EW,32MT_EW,0.005,-0.059
1305,32Mt_L2_NS,NONE,0.009,0.0
1305,NvcMt_L1_NS,NONE,0.005,0.0
1310,304Thn_L1_EW,NONE,0.007,0.0
1310,304Nvl_L1_EW,304NVL_EW,0.008,0.008
1310,304Nvl_L2_EW,304NVL_EW,0.007,0.007
1310,32Nvl_L1_EW,32NVL_EW,0.205,0.205
1310,32Nvl_L2_EW,32NVL_EW,0.224,0.224
1310,32Nvl_L1_EW,32NVL_EW,0.013,0.013
1310,32Nvl_L2_EW,32NVL_EW,0.015,0.015
1310,NvcNvl_L3_NS,NONE,0.014,0.0
1310,NvcNvl_L2_NS,NONE,0.013,0.0
1310,NvcNvl_L1_EW,NONE,0.011,0.0
1310,NvcNvl_L2_EW,NONE,0.008,0.0
1310,NvcNvl_L1_EW,NVCNVL_EW,0.035,0.035
1310,32Mt_L1_NS,32MT_NS,0.013,0.013
1310,32Mt_L1_NS,NONE,0.059,0.0
1310,NvcCmt8_L2_NS,NONE,0.011,0.0
1310,NvcCmt8_L1_NS,NONE,0.008,0.0
1310,304Nvl_L3_EW,NONE,0.006,0.0
1310,32Nvl_L3_EW,NONE,0.012,0.0
1310,32Nvl_L3_EW,NONE,0.182,0.0
1310,32Nvl_L1_NS,32NVL_NS,0.007,0.007
1310,NvcNvl_L1_NS,NONE,0.017,0.0
1310,32Mt_L2_NS,NONE,0.052,0.0
1315,304Nvl_L1_EW,304NVL_EW,0.008,0.008
1315,304Nvl_L2_EW,304NVL_EW,0.007,0.007
1315,32Nvl_L3_NS,NONE,0.007,0.0
1315,32Nvl_L1_NS,32NVL_NS,0.007,0.007
1315,32Nvl_L1_EW,32NVL_EW,0.212,0.207
1315,32Nvl_L2_EW,32NVL_EW,0.232,0.228
1315,32Nvl_L1_EW,32NVL_EW,0.013,0.009
1315,32Nvl_L2_EW,32NVL_EW,0.015,0.011
1315,NvcNvl_L3_NS,NONE,0.081,0.0
1315,NvcNvl_L2_NS,NONE,0.079,0.0
1315,32Mt_L1_NS,32MT_NS,0.013,0.013
1315,32Mt_L1_EW,NONE,0.036,0.0
1315,32Mt_L1_EW,32MT_EW,0.007,-0.142
1315,32Mt_L1_NS,NONE,0.01,0.0
1315,304Nvl_L3_EW,NONE,0.006,0.0
1315,32Nvl_L2_NS,32NVL_NS,0.007,0.007
1315,32Nvl_L3_EW,NONE,0.012,0.0
1315,32Nvl_L3_EW,NONE,0.182,0.0
1315,NvcNvl_L1_NS,NONE,0.105,0.0
1315,32Mt_L2_EW,32MT_EW,0.005,-0.157
1315,32Mt_L2_NS,NONE,0.009,0.0
1320,304Nvl_L1_EW,304NVL_EW,0.059,0.059
1320,304Nvl_L2_EW,304NVL_EW,0.044,0.044
1320,32Nvl_L1_EW,32NVL_EW,0.219,0.214
1320,32Nvl_L2_EW,32NVL_EW,0.239,0.234
1320,32Nvl_L1_EW,32NVL_EW,0.013,0.008
1320,32Nvl_L2_EW,32NVL_EW,0.015,0.009
1320,NvcNvl_L3_NS,NONE,0.081,0.0
1320,NvcNvl_L2_NS,NONE,0.079,0.0
1320,NvcNvl_L1_NS,NVCNVL_NS,0.007,0.007
1320,32Mt_L1_NS,32MT_NS,0.006,0.006
1320,32Mt_L1_EW,NONE,0.014,0.0
1320,32Mt_L3_EW,NONE,0.009,0.0
1320,32Mt_L1_NS,NONE,0.059,0.0
1320,NvcCmt8_L2_NS,NONE,0.012,0.0
1320,32Thn_L1_EW,32THN_EW,0.008,-0.146
1320,32Thn_L2_EW,32THN_EW,0.008,-0.159
1320,32Thn_L3_EW,NONE,0.008,0.0
1320,304Nvl_L3_EW,NONE,0.038,0.0
1320,32Nvl_L3_EW,NONE,0.012,0.0
1320,32Nvl_L3_EW,NONE,0.188,0.0
1320,NvcNvl_L1_NS,NONE,0.105,0.0
1320,32Mt_L2_EW,NONE,0.008,0.0
1320,32Mt_L2_NS,NONE,0.043,0.0
1320,NvcCmt8_L1_NS,NONE,0.011,0.0
1325,304Nvl_L1_EW,304NVL_EW,0.025,0.025
1325,304Nvl_L2_EW,304NVL_EW,0.022,0.022
1325,304Nvl_L1_NS,NONE,0.007,0.0
1325,32Nvl_L1_EW,32NVL_EW,0.191,0.181
1325,32Nvl_L2_EW,32NVL_EW,0.209,0.199
1325,32Nvl_L1_EW,32NVL_EW,0.013,0.003
1325,32Nvl_L2_EW,32NVL_EW,0.015,0.005
1325,32Nvl_L3_NS,NONE,0.042,0.0
1325,32Nvl_L2_NS,32NVL_NS,0.039,0.039
1325,NvcNvl_L1_EW,NVCNVL_EW,0.035,0.035
1325,NvcNvl_L2_EW,NVCNVL_EW,0.039,0.039
1325,NvcNvl_L1_NS,NVCNVL_NS,0.007,0.007
1325,32Mt_L1_EW,NONE,0.079,0.0
1325,32Mt_L3_EW,NONE,0.053,0.0
1325,32Mt_L1_EW,32MT_EW,0.007,-0.127
1325,32Thn_L1_EW,32THN_EW,0.008,-0.126
1325,32Thn_L2_EW,32THN_EW,0.008,-0.138
1325,32Thn_L3_EW,NONE,0.008,0.0
1325,304Nvl_L3_EW,NONE,0.019,0.0
1325,32Nvl_L3_EW,NONE,0.012,0.0
1325,32Nvl_L3_EW,NONE,0.169,0.0
1325,32Nvl_L1_NS,32NVL_NS,0.034,0.029
1325,NvcNvl_L3_EW,NONE,0.047,0.0
1325,32Mt_L2_EW,NONE,0.045,0.0
1325,32Mt_L2_EW,32MT_EW,0.005,-0.141
1330,304Nvl_L1_EW,304NVL_EW,0.034,0.034
1330,304Nvl_L2_EW,304NVL_EW,0.029,0.029
1330,304Nvl_L1_NS,NONE,0.036,0.0
1330,32Nvl_L1_EW,32NVL_EW,0.113,0.108
1330,32Nvl_L2_EW,32NVL_EW,0.124,0.12
1330,32Nvl_L1_EW,32NVL_EW,0.02,0.015
1330,32Nvl_L2_EW,32NVL_EW,0.022,0.019
1330,NvcNvl_L1_EW,NVCNVL_EW,0.007,0.007
1330,NvcNvl_L2_EW,NVCNVL_EW,0.008,0.008
1330,NvcNvl_L1_NS,NVCNVL_NS,0.007,0.007
1330,32Mt_L1_NS,32MT_NS,0.006,0.006
1330,32Mt_L1_EW,NONE,0.007,0.0
1330,32Mt_L3_EW,NONE,0.009,0.0
1330,32Mt_L1_EW,32MT_EW,0.007,-0.072
1330,32Mt_L1_NS,NONE,0.01,0.0
1330,32Thn_L1_EW,NONE,0.01,0.0
1330,304Nvl_L3_EW,NONE,0.025,0.0
1330,32Nvl_L3_EW,NONE,0.018,0.0
1330,32Nvl_L3_EW,NONE,0.1,0.0
1330,32Nvl_L1_NS,32NVL_NS,0.034,0.029
1330,32Mt_L2_EW,NONE,0.008,0.0
1330,32Mt_L2_EW,32MT_EW,0.005,-0.081
1335,304Thn_L1_EW,304THN_EW,0.008,-0.004
1335,304Thn_L3_EW,NONE,0.008,0.0
1335,304Nvl_L1_EW,304NVL_EW,0.017,0.011
1335,304Nvl_L2_EW,304NVL_EW,0.015,0.009
1335,304Nvl_L1_NS,NONE,0.051,0.0
1335,32Nvl_L1_NS,32NVL_NS,0.035,0.035
1335,32Nvl_L1_EW,32NVL_EW,0.113,0.079
1335,32Nvl_L2_EW,32NVL_EW,0.124,0.116
1335,32Nvl_L1_EW,32NVL_EW,0.02,-0.014
1335,32Nvl_L2_EW,32NVL_EW,0.022,0.015
1335,NvcNvl_L1_EW,NONE,0.011,0.0
1335,NvcNvl_L2_EW,NONE,0.008,0.0
1335,NvcNvl_L1_EW,NVCNVL_EW,0.007,0.007
1335,NvcNvl_L2_EW,NVCNVL_EW,0.008,-0.002
1335,32Mt_L1_EW,32MT_EW,0.049,-0.03
1335,32Mt_L1_NS,NONE,0.01,0.0
1335,NvcMt_L2_EW,NVCMT_EW,0.013,0.008
1335,304Nvl_L3_EW,NONE,0.013,0.0
1335,32Nvl_L3_EW,NONE,0.018,0.0
1335,32Nvl_L3_EW,NONE,0.1,0.0
1335,NvcNvl_L3_EW,NONE,0.006,0.0
1335,NvcNvl_L3_EW,NONE,0.009,0.0
1335,32Mt_L2_EW,32MT_EW,0.011,-0.076
1335,NvcMt_L1_EW,NVCMT_EW,0.028,0.023
1335,304Thn_L2_EW,304THN_EW,0.007,-0.003
1340,304Nvl_L1_NS,NONE,0.022,0.0
1340,32Nvl_L1_EW,32NVL_EW,0.021,-0.008
1340,32Nvl_L2_EW,32NVL_EW,0.023,0.023
1340,32Nvl_L1_EW,32NVL_EW,0.007,-0.023
1340,32Nvl_L2_EW,32NVL_EW,0.007,0.007
1340,32Nvl_L3_NS,NONE,0.008,0.0
1340,32Nvl_L2_NS,32NVL_NS,0.008,0.008
1340,32Mt_L1_EW,32MT_EW,0.042,0.027
1340,NvcMt_L2_EW,NVCMT_EW,0.013,0.013
1340,32Nvl_L3_EW,NONE,0.006,0.0
1340,32Nvl_L3_EW,NONE,0.019,0.0
1340,32Nvl_L1_NS,32NVL_NS,0.013,0.013
1340,NvcMt_L1_EW,NVCMT_EW,0.028,0.028
1345,304Nvl_L1_NS,NONE,0.022,0.0
1345,32Nvl_L1_NS,32NVL_NS,0.083,0.083
1345,32Nvl_L1_EW,32NVL_EW,0.014,0.014
1345,32Nvl_L2_EW,32NVL_EW,0.023,0.023
1345,32Nvl_L3_NS,NONE,0.008,0.0
1345,32Nvl_L2_NS,32NVL_NS,0.008,0.008
1345,NvcNvl_L1_EW,NONE,0.053,0.0
1345,NvcNvl_L2_EW,NONE,0.038,0.0
1345,NvcNvl_L1_EW,NVCNVL_EW,0.014,0.014
1345,NvcNvl_L2_EW,NVCNVL_EW,0.008,0.008
1345,32Mt_L1_EW,NONE,0.007,0.0
1345,32Nvl_L3_EW,NONE,0.013,0.0
1345,32Nvl_L1_NS,32NVL_NS,0.013,0.013
1345,NvcNvl_L3_EW,NONE,0.032,0.0
1345,NvcNvl_L3_EW,NONE,0.009,0.0
1350,32Nvl_L3_NS,NONE,0.007,0.0
1350,32Nvl_L1_NS,32NVL_NS,0.09,0.09
1350,32Nvl_L1_EW,32NVL_EW,0.007,0.007
1350,32Nvl_L2_EW,32NVL_EW,0.008,0.008
1350,32Nvl_L3_NS,NONE,0.008,0.0
1350,32Nvl_L2_NS,32NVL_NS,0.008,0.008
1350,NvcNvl_L1_EW,NVCNVL_EW,0.007,0.007
1350,NvcNvl_L2_EW,NVCNVL_EW,0.008,0.008
1350,32Mt_L1_EW,NONE,0.007,0.0
1350,32Mt_L3_EW,NONE,0.009,0.0
1350,32Nvl_L2_NS,32NVL_NS,0.007,0.007
1350,32Nvl_L3_EW,NONE,0.006,0.0
1350,32Nvl_L1_NS,32NVL_NS,0.101,0.101
1350,NvcNvl_L3_EW,NONE,0.009,0.0
1350,32Mt_L2_EW,NONE,0.008,0.0
1355,304Nvl_L1_EW,304NVL_EW,0.008,0.008
1355,304Nvl_L2_EW,304NVL_EW,0.007,0.007
1355,304Nvl_L1_EW,NONE,0.008,0.0
1355,304Nvl_L1_NS,NONE,0.036,0.0
1355,304Nvl_L3_NS,NONE,0.04,0.0
1355,304Nvl_L2_EW,NONE,0.009,0.0
1355,32Nvl_L1_NS,32NVL_NS,0.083,0.083
1355,32Nvl_L1_EW,32NVL_EW,0.007,0.007
1355,32Nvl_L2_EW,32NVL_EW,0.008,0.008
1355,32Nvl_L3_NS,NONE,0.008,0.0
1355,32Nvl_L2_NS,32NVL_NS,0.008,0.008
1355,NvcNvl_L3_NS,NONE,0.041,0.0
1355,NvcNvl_L2_NS,NONE,0.04,0.0
1355,NvcNvl_L1_EW,NVCNVL_EW,0.007,0.003
1355,NvcNvl_L2_EW,NVCNVL_EW,0.008,0.008
1355,32Mt_L1_NS,NONE,0.01,0.0
1355,NvcMt_L1_EW,NVCMT_EW,0.006,0.001
1355,304Nvl_L3_EW,NONE,0.006,0.0
1355,304Nvl_L3_EW,NONE,0.008,0.0
1355,304Nvl_L2_NS,NONE,0.037,0.0
1355,32Nvl_L3_EW,NONE,0.006,0.0
1355,32Nvl_L1_NS,32NVL_NS,0.094,0.094
1355,NvcNvl_L1_NS,NONE,0.052,0.0
1355,NvcNvl_L3_EW,NONE,0.009,0.0
1355,NvcMt_L2_EW,NVCMT_EW,0.008,0.002
1360,304Nvl_L1_EW,304NVL_EW,0.008,0.008
1360,304Nvl_L2_EW,304NVL_EW,0.007,0.007
1360,32Nvl_L3_NS,NONE,0.034,0.0
1360,32Nvl_L1_NS,32NVL_NS,0.035,0.035
1360,32Nvl_L1_EW,32NVL_EW,0.007,0.002
1360,32Nvl_L2_EW,32NVL_EW,0.008,0.004
1360,NvcNvl_L3_NS,NONE,0.122,0.0
1360,NvcNvl_L2_NS,NONE,0.119,0.0
1360,NvcNvl_L1_EW,NVCNVL_EW,0.007,0.007
1360,NvcNvl_L2_EW,NVCNVL_EW,0.008,0.008
1360,32Mt_L1_EW,32MT_EW,0.007,0.002
1360,304Nvl_L3_EW,NONE,0.006,0.0
1360,32Nvl_L2_NS,32NVL_NS,0.033,0.033
1360,32Nvl_L3_EW,NONE,0.006,0.0
1360,32Nvl_L1_NS,32NVL_NS,0.087,0.087
1360,NvcNvl_L1_NS,NONE,0.157,0.0
1360,NvcNvl_L3_EW,NONE,0.009,0.0
1360,32Mt_L2_EW,32MT_EW,0.005,0.0
1365,304Nvl_L1_NS,304NVL_NS,0.045,0.011
1365,304Nvl_L1_EW,304NVL_EW,0.017,0.017
1365,304Nvl_L2_EW,304NVL_EW,0.007,0.007
1365,32Nvl_L3_NS,NONE,0.014,0.0
1365,32Nvl_L1_NS,32NVL_NS,0.048,0.017
1365,32Nvl_L1_EW,32NVL_EW,0.007,-0.003
1365,32Nvl_L2_EW,32NVL_EW,0.008,0.0
1365,NvcNvl_L3_NS,NONE,0.014,0.0
1365,NvcNvl_L2_NS,NONE,0.013,0.0
1365,NvcNvl_L1_EW,NVCNVL_EW,0.014,0.014
1365,NvcNvl_L2_EW,NVCNVL_EW,0.016,0.016
1365,32Mt_L1_EW,32MT_EW,0.014,0.009
1365,304Nvl_L3_EW,NONE,0.006,0.0
1365,32Nvl_L2_NS,32NVL_NS,0.047,0.047
1365,32Nvl_L3_EW,NONE,0.006,0.0
1365,32Nvl_L1_NS,32NVL_NS,0.007,-0.025
1365,NvcNvl_L1_NS,NONE,0.017,0.0
1365,NvcNvl_L3_EW,NONE,0.019,0.0
1365,32Mt_L2_EW,32MT_EW,0.011,0.005
1370,304Nvl_L1_EW,304NVL_EW,0.025,0.025
1370,304Nvl_L2_EW,304NVL_EW,0.022,0.022
1370,32Nvl_L3_NS,NONE,0.014,0.0
1370,32Nvl_L1_NS,32NVL_NS,0.035,0.035
1370,32Nvl_L1_EW,32NVL_EW,0.007,-0.008
1370,32Nvl_L2_EW,32NVL_EW,0.008,-0.006
1370,32Nvl_L3_NS,NONE,0.1,0.0
1370,32Nvl_L2_NS,32NVL_NS,0.095,0.095
1370,NvcNvl_L3_NS,NONE,0.007,0.0
1370,NvcNvl_L2_NS,NONE,0.007,0.0
1370,NvcNvl_L1_EW,NVCNVL_EW,0.014,0.014
1370,NvcNvl_L2_EW,NVCNVL_EW,0.016,0.016
1370,32Mt_L1_EW,32MT_EW,0.014,0.009
1370,32Thn_L1_EW,32THN_EW,0.008,0.003
1370,32Thn_L2_EW,32THN_EW,0.008,0.003
1370,32Thn_L3_EW,NONE,0.008,0.0
1370,304Nvl_L3_EW,NONE,0.019,0.0
1370,32Nvl_L2_NS,32NVL_NS,0.027,0.027
1370,32Nvl_L3_EW,NONE,0.006,0.0
1370,32Nvl_L1_NS,32NVL_NS,0.081,0.081
1370,NvcNvl_L1_NS,NONE,0.009,0.0
1370,NvcNvl_L3_EW,NONE,0.019,0.0
1370,32Mt_L2_EW,32MT_EW,0.011,0.005
1375,304Nvl_L1_EW,304NVL_EW,0.025,0.025
1375,304Nvl_L2_EW,304NVL_EW,0.022,0.022
1375,304Nvl_L1_EW,NONE,0.008,0.0
1375,304Nvl_L2_EW,NONE,0.009,0.0
1375,32Nvl_L3_NS,NONE,0.014,0.0
1375,32Nvl_L1_NS,32NVL_NS,0.021,0.021
1375,32Nvl_L1_EW,32NVL_EW,0.007,-0.018
1375,32Nvl_L2_EW,32NVL_EW,0.008,-0.013
1375,32Nvl_L3_NS,NONE,0.1,0.0
1375,32Nvl_L2_NS,32NVL_NS,0.095,0.095
1375,NvcNvl_L1_EW,NONE,0.021,0.0
1375,NvcNvl_L2_EW,NONE,0.015,0.0
1375,NvcNvl_L1_EW,NVCNVL_EW,0.014,0.014
1375,NvcNvl_L2_EW,NVCNVL_EW,0.016,0.016
1375,32Mt_L1_EW,32MT_EW,0.028,0.023
1375,32Thn_L1_EW,32THN_EW,0.008,0.003
1375,32Thn_L2_EW,32THN_EW,0.008,0.003
1375,32Thn_L3_EW,NONE,0.008,0.0
1375,304Nvl_L3_EW,NONE,0.019,0.0
1375,304Nvl_L3_EW,NONE,0.008,0.0
1375,32Nvl_L2_NS,32NVL_NS,0.02,0.02
1375,32Nvl_L3_EW,NONE,0.006,0.0
1375,32Nvl_L1_NS,32NVL_NS,0.114,0.114
1375,NvcNvl_L3_EW,NONE,0.019,0.0
1375,32Mt_L2_EW,32MT_EW,0.022,0.016
1380,304Nvl_L1_EW,304NVL_EW,0.017,0.017
1380,304Nvl_L2_EW,304NVL_EW,0.015,0.015
1380,32Nvl_L3_NS,NONE,0.014,0.0
1380,32Nvl_L1_NS,32NVL_NS,0.021,0.021
1380,32Nvl_L3_NS,NONE,0.1,0.0
1380,32Nvl_L2_NS,32NVL_NS,0.095,0.095
1380,NvcNvl_L1_EW,NONE,0.011,0.0
1380,NvcNvl_L1_EW,NVCNVL_EW,0.014,0.014
1380,NvcNvl_L2_EW,NVCNVL_EW,0.016,0.016
1380,32Mt_L1_EW,NONE,0.007,0.0
1380,32Mt_L3_EW,NONE,0.009,0.0
1380,32Mt_L1_EW,32MT_EW,0.028,0.028
1380,32Thn_L1_EW,NONE,0.01,0.0
1380,304Nvl_L3_EW,NONE,0.013,0.0
1380,32Nvl_L2_NS,32NVL_NS,0.02,0.02
1380,32Nvl_L1_NS,32NVL_NS,0.087,0.087
1380,NvcNvl_L3_EW,NONE,0.019,0.0
1380,32Mt_L2_EW,NONE,0.008,0.0
1380,32Mt_L2_EW,32MT_EW,0.022,0.022
1385,304Nvl_L1_EW,304NVL_EW,0.025,0.025
1385,304Nvl_L2_EW,304NVL_EW,0.015,0.015
1385,304Nvl_L1_NS,NONE,0.015,0.0
1385,304Nvl_L3_NS,NONE,0.008,0.0
1385,32Nvl_L3_NS,NONE,0.007,0.0
1385,32Nvl_L1_NS,32NVL_NS,0.014,0.014
1385,32Nvl_L1_EW,32NVL_EW,0.085,0.065
1385,32Nvl_L2_EW,32NVL_EW,0.093,0.077
1385,32Nvl_L1_EW,32NVL_EW,0.007,-0.013
1385,32Nvl_L2_EW,32NVL_EW,0.007,-0.008
1385,32Nvl_L3_NS,NONE,0.109,0.0
1385,32Nvl_L2_NS,32NVL_NS,0.103,0.103
1385,NvcNvl_L3_NS,NONE,0.007,0.0
1385,NvcNvl_L2_NS,NONE,0.007,0.0
1385,NvcNvl_L1_EW,NVCNVL_EW,0.021,0.021
1385,NvcNvl_L2_EW,NVCNVL_EW,0.023,0.023
1385,32Mt_L1_EW,NONE,0.007,0.0
1385,32Mt_L3_EW,NONE,0.009,0.0
1385,32Mt_L1_EW,32MT_EW,0.028,-0.032
1385,NvcMt_L2_NS,NONE,0.005,0.0
1385,32Thn_L1_EW,NONE,0.01,0.0
1385,304Nvl_L3_EW,NONE,0.013,0.0
1385,304Nvl_L2_NS,NONE,0.007,0.0
1385,32Nvl_L2_NS,32NVL_NS,0.013,0.013
1385,32Nvl_L3_EW,NONE,0.006,0.0
1385,32Nvl_L3_EW,NONE,0.075,0.0
1385,32Nvl_L1_NS,32NVL_NS,0.101,0.101
1385,NvcNvl_L1_NS,NONE,0.009,0.0
1385,NvcNvl_L3_EW,NONE,0.028,0.0
1385,32Mt_L2_EW,NONE,0.008,0.0
1385,32Mt_L2_EW,32MT_EW,0.022,-0.043
1385,NvcMt_L1_NS,NONE,0.005,0.0
1390,304Nvl_L1_EW,304NVL_EW,0.025,0.025
1390,304Nvl_L2_EW,304NVL_EW,0.015,0.015
1390,304Nvl_L1_NS,NONE,0.007,0.0
1390,32Nvl_L3_NS,NONE,0.007,0.0
1390,32Nvl_L1_NS,32NVL_NS,0.014,0.014
1390,32Nvl_L1_EW,32NVL_EW,0.099,0.075
1390,32Nvl_L2_EW,32NVL_EW,0.108,0.093
1390,32Nvl_L3_NS,NONE,0.109,0.0
1390,32Nvl_L2_NS,32NVL_NS,0.103,0.103
1390,NvcNvl_L3_NS,NONE,0.007,0.0
1390,NvcNvl_L2_NS,NONE,0.007,0.0
1390,NvcNvl_L1_EW,NVCNVL_EW,0.021,0.021
1390,NvcNvl_L2_EW,NVCNVL_EW,0.023,0.023
1390,32Mt_L1_EW,NONE,0.007,0.0
1390,32Mt_L3_EW,NONE,0.009,0.0
1390,32Mt_L1_EW,32MT_EW,0.035,-0.034
1390,32Mt_L1_NS,NONE,0.01,0.0
1390,NvcCmt8_L2_EW,NONE,0.007,0.0
1390,304Nvl_L3_EW,NONE,0.013,0.0
1390,32Nvl_L2_NS,32NVL_NS,0.013,0.013
1390,32Nvl_L3_EW,NONE,0.088,0.0
1390,32Nvl_L1_NS,32NVL_NS,0.094,0.094
1390,NvcNvl_L1_NS,NONE,0.009,0.0
1390,NvcNvl_L3_EW,NONE,0.028,0.0
1390,32Mt_L2_EW,NONE,0.008,0.0
1390,32Mt_L2_EW,32MT_EW,0.022,-0.054
1390,NvcCmt8_L1_EW,NONE,0.006,0.0
1395,304Nvl_L1_NS,304NVL_NS,0.009,-0.001
1395,304Nvl_L1_EW,304NVL_EW,0.025,0.025
1395,304Nvl_L2_EW,304NVL_EW,0.015,0.015
1395,304Nvl_L1_EW,NONE,0.008,0.0
1395,304Nvl_L2_EW,NONE,0.009,0.0
1395,32Nvl_L3_NS,NONE,0.007,0.0
1395,32Nvl_L1_NS,32NVL_NS,0.014,0.008
1395,32Nvl_L1_EW,32NVL_EW,0.007,-0.017
1395,32Nvl_L2_EW,32NVL_EW,0.008,-0.011
1395,32Nvl_L3_NS,NONE,0.109,0.0
1395,32Nvl_L2_NS,32NVL_NS,0.103,0.103
1395,NvcNvl_L3_NS,NONE,0.007,0.0
1395,NvcNvl_L2_NS,NONE,0.007,0.0
1395,NvcNvl_L1_EW,NONE,0.011,0.0
1395,NvcNvl_L2_EW,NONE,0.008,0.0
1395,NvcNvl_L1_EW,NVCNVL_EW,0.021,0.021
1395,NvcNvl_L2_EW,NVCNVL_EW,0.023,0.023
1395,32Mt_L1_EW,NONE,0.007,0.0
1395,32Mt_L3_EW,NONE,0.009,0.0
1395,32Mt_L1_EW,32MT_EW,0.035,0.03
1395,304Nvl_L3_EW,NONE,0.013,0.0
1395,304Nvl_L3_EW,NONE,0.008,0.0
1395,32Nvl_L2_NS,32NVL_NS,0.013,0.013
1395,32Nvl_L3_EW,NONE,0.006,0.0
1395,32Nvl_L1_NS,32NVL_NS,0.101,0.094
1395,NvcNvl_L1_NS,NONE,0.009,0.0
1395,NvcNvl_L3_EW,NONE,0.028,0.0
1395,32Mt_L2_EW,NONE,0.008,0.0
1395,32Mt_L2_EW,32MT_EW,0.027,0.022
1395,NvcMt_L1_NS,NONE,0.005,0.0
1400,304Nvl_L1_EW,304NVL_EW,0.119,0.119
1400,304Nvl_L2_EW,304NVL_EW,0.102,0.102
1400,32Nvl_L3_NS,NONE,0.007,0.0
1400,32Nvl_L1_NS,32NVL_NS,0.014,0.014
1400,32Nvl_L1_EW,32NVL_EW,0.081,0.056
1400,32Nvl_L3_NS,NONE,0.117,0.0
1400,32Nvl_L2_NS,32NVL_NS,0.111,0.111
1400,NvcNvl_L3_NS,NONE,0.007,0.0
1400,NvcNvl_L2_NS,NONE,0.007,0.0
1400,NvcNvl_L1_EW,NVCNVL_EW,0.028,0.028
1400,NvcNvl_L2_EW,NVCNVL_EW,0.023,0.023
1400,32Mt_L1_EW,32MT_EW,0.035,0.035
1400,32Mt_L1_NS,NONE,0.01,0.0
1400,NvcMt_L2_NS,NONE,0.005,0.0
1400,304Nvl_L3_EW,NONE,0.013,0.0
1400,32Nvl_L2_NS,32NVL_NS,0.013,0.013
1400,32Nvl_L1_NS,32NVL_NS,0.107,0.107
1400,NvcNvl_L1_NS,NONE,0.009,0.0
1400,NvcNvl_L3_EW,NONE,0.028,0.0
1400,32Mt_L2_EW,32MT_EW,0.027,0.027
1400,NvcMt_L1_NS,NONE,0.005,0.0
1400,NvcCmt8_L1_EW,NVCCMT8_EW,0.008,0.008
1405,304Nvl_L1_EW,304NVL_EW,0.119,0.119
1405,304Nvl_L2_EW,304NVL_EW,0.094,0.094
1405,304Nvl_L1_NS,NONE,0.095,0.0
1405,304Nvl_L3_NS,NONE,0.104,0.0
1405,32Nvl_L3_NS,NONE,0.007,0.0
1405,32Nvl_L1_NS,32NVL_NS,0.014,0.014
1405,32Nvl_L1_EW,32NVL_EW,0.081,0.056
1405,32Nvl_L3_NS,NONE,0.117,0.0
1405,32Nvl_L2_NS,32NVL_NS,0.111,0.111
1405,NvcNvl_L1_EW,NVCNVL_EW,0.007,0.007
1405,32Mt_L1_NS,32MT_NS,0.006,0.006
1405,32Mt_L1_EW,32MT_EW,0.035,0.035
1405,32Mt_L1_NS,NONE,0.02,0.0
1405,NvcMt_L2_NS,NONE,0.005,0.0
1405,304Nvl_L3_EW,NONE,0.082,0.0
1405,304Nvl_L2_NS,NONE,0.096,0.0
1405,32Nvl_L2_NS,32NVL_NS,0.013,0.013
1405,32Nvl_L1_NS,32NVL_NS,0.107,0.107
1405,32Mt_L2_NS,32MT_NS,0.006,0.006
1405,32Mt_L2_EW,32MT_EW,0.016,0.016
1405,32Mt_L2_NS,NONE,0.017,0.0
1405,NvcMt_L1_NS,NONE,0.005,0.0
1410,304Nvl_L1_EW,304NVL_EW,0.025,0.025
1410,304Nvl_L2_EW,304NVL_EW,0.022,0.022
1410,304Nvl_L1_NS,NONE,0.095,0.0
1410,304Nvl_L3_NS,NONE,0.096,0.0
1410,32Nvl_L3_NS,NONE,0.007,0.0
1410,32Nvl_L1_NS,32NVL_NS,0.014,0.014
1410,32Nvl_L3_NS,NONE,0.125,0.0
1410,32Nvl_L2_NS,32NVL_NS,0.118,0.118
1410,NvcNvl_L1_EW,NVCNVL_EW,0.014,0.014
1410,NvcNvl_L2_EW,NVCNVL_EW,0.008,0.008
1410,32Mt_L1_NS,32MT_NS,0.019,0.019
1410,32Mt_L1_EW,NONE,0.007,0.0
1410,32Mt_L3_EW,NONE,0.009,0.0
1410,32Mt_L1_EW,32MT_EW,0.014,0.014
1410,32Mt_L1_NS,NONE,0.01,0.0
1410,NvcCmt8_L2_EW,NONE,0.007,0.0
1410,304Nvl_L3_EW,NONE,0.006,0.0
1410,304Nvl_L2_NS,NONE,0.089,0.0
1410,32Nvl_L2_NS,32NVL_NS,0.013,0.013
1410,32Nvl_L1_NS,32NVL_NS,0.107,0.107
1410,NvcNvl_L3_EW,NONE,0.009,0.0
1410,32Mt_L2_NS,32MT_NS,0.006,0.006
1410,32Mt_L2_EW,NONE,0.008,0.0
1410,32Mt_L2_EW,32MT_EW,0.011,0.011
1410,32Mt_L2_NS,NONE,0.009,0.0
1410,NvcCmt8_L1_EW,NONE,0.006,0.0
1415,304Nvl_L1_EW,304NVL_EW,0.034,0.034
1415,304Nvl_L2_EW,304NVL_EW,0.022,0.022
1415,304Nvl_L1_NS,NONE,0.007,0.0
1415,32Nvl_L3_NS,NONE,0.014,0.0
1415,32Nvl_L1_NS,32NVL_NS,0.021,0.021
1415,32Nvl_L3_NS,NONE,0.125,0.0
1415,32Nvl_L2_NS,32NVL_NS,0.118,0.118
1415,NvcNvl_L1_EW,NVCNVL_EW,0.007,0.007
1415,NvcNvl_L2_EW,NVCNVL_EW,0.008,0.008
1415,32Mt_L1_NS,32MT_NS,0.013,0.013
1415,32Mt_L1_EW,32MT_EW,0.021,0.021
1415,32Mt_L1_NS,NONE,0.01,0.0
1415,304Nvl_L3_EW,NONE,0.019,0.0
1415,32Nvl_L2_NS,32NVL_NS,0.02,0.02
1415,32Nvl_L1_NS,32NVL_NS,0.101,0.101
1415,NvcNvl_L3_EW,NONE,0.009,0.0
1415,32Mt_L2_NS,32MT_NS,0.006,0.006
1415,32Mt_L2_EW,32MT_EW,0.011,0.011
1420,304Nvl_L1_NS,304NVL_NS,0.009,-0.005
1420,304Nvl_L3_NS,NONE,0.007,0.0
1420,304Nvl_L1_EW,304NVL_EW,0.127,0.127
1420,304Nvl_L2_EW,304NVL_EW,0.015,0.015
1420,304Nvl_L1_NS,NONE,0.007,0.0
1420,32Nvl_L3_NS,NONE,0.007,0.0
1420,32Nvl_L1_NS,32NVL_NS,0.021,0.014
1420,32Nvl_L3_NS,NONE,0.125,0.0
1420,32Nvl_L2_NS,32NVL_NS,0.118,0.113
1420,NvcNvl_L3_NS,NONE,0.007,0.0
1420,NvcNvl_L2_NS,NONE,0.007,0.0
1420,NvcNvl_L1_EW,NVCNVL_EW,0.007,0.007
1420,NvcNvl_L2_EW,NVCNVL_EW,0.008,0.008
1420,32Mt_L1_NS,32MT_NS,0.025,0.025
1420,32Mt_L1_EW,NONE,0.007,0.0
1420,32Mt_L1_EW,32MT_EW,0.007,0.007
1420,304Nvl_L2_NS,304NVL_NS,0.008,-0.075
1420,304Nvl_L3_EW,NONE,0.013,0.0
1420,32Nvl_L2_NS,32NVL_NS,0.02,0.015
1420,32Nvl_L1_NS,32NVL_NS,0.101,0.094
1420,NvcNvl_L1_NS,NONE,0.009,0.0
1420,NvcNvl_L3_EW,NONE,0.009,0.0
1420,32Mt_L2_NS,32MT_NS,0.006,0.006
1420,NvcCmt8_L1_EW,NVCCMT8_EW,0.008,0.008
1425,304Nvl_L1_NS,304NVL_NS,0.009,-0.005
1425,304Nvl_L3_NS,NONE,0.007,0.0
1425,304Nvl_L1_EW,304NVL_EW,0.008,0.008
1425,304Nvl_L2_EW,304NVL_EW,0.007,0.007
1425,304Nvl_L1_NS,NONE,0.022,0.0
1425,32Nvl_L3_NS,NONE,0.007,0.0
1425,32Nvl_L1_NS,32NVL_NS,0.021,0.014
1425,32Nvl_L3_NS,NONE,0.125,0.0
1425,32Nvl_L2_NS,32NVL_NS,0.118,0.113
1425,32Mt_L1_NS,32MT_NS,0.013,0.013
1425,304Nvl_L2_NS,304NVL_NS,0.008,-0.075
1425,304Nvl_L3_EW,NONE,0.006,0.0
1425,32Nvl_L2_NS,32NVL_NS,0.02,0.015
1425,32Nvl_L1_NS,32NVL_NS,0.101,0.094
1430,304Nvl_L1_NS,304NVL_NS,0.118,0.103
1430,304Nvl_L3_NS,NONE,0.007,0.0
1430,304Nvl_L1_NS,NONE,0.015,0.0
1430,32Nvl_L3_NS,NONE,0.007,0.0
1430,32Nvl_L1_NS,32NVL_NS,0.021,-0.066
1430,32Nvl_L3_NS,NONE,0.167,0.0
1430,32Nvl_L2_NS,32NVL_NS,0.158,0.153
1430,NvcNvl_L3_NS,NONE,0.007,0.0
1430,NvcNvl_L2_NS,NONE,0.007,0.0
1430,NvcNvl_L1_EW,NONE,0.011,0.0
1430,NvcNvl_L2_EW,NONE,0.008,0.0
1430,NvcNvl_L1_NS,NVCNVL_NS,0.007,-0.008
1430,32Mt_L1_NS,32MT_NS,0.006,0.006
1430,NvcCmt8_L2_EW,NVCCMT8_EW,0.005,0.005
1430,304Nvl_L2_NS,304NVL_NS,0.008,-0.103
1430,32Nvl_L2_NS,32NVL_NS,0.02,0.015
1430,32Nvl_L1_NS,32NVL_NS,0.134,0.047
1430,NvcNvl_L1_NS,NONE,0.009,0.0
1430,NvcCmt8_L1_EW,NVCCMT8_EW,0.008,0.008
1435,304Nvl_L1_NS,304NVL_NS,0.118,0.103
1435,304Nvl_L3_NS,NONE,0.007,0.0
1435,304Nvl_L1_EW,304NVL_EW,0.017,0.017
1435,304Nvl_L2_EW,304NVL_EW,0.007,0.007
1435,304Nvl_L1_NS,NONE,0.007,0.0
1435,32Nvl_L3_NS,NONE,0.014,0.0
1435,32Nvl_L1_NS,32NVL_NS,0.021,-0.066
1435,32Nvl_L1_EW,32NVL_EW,0.014,0.014
1435,32Nvl_L2_EW,32NVL_EW,0.015,0.015
1435,32Nvl_L3_NS,NONE,0.167,0.0
1435,32Nvl_L2_NS,32NVL_NS,0.158,0.153
1435,NvcNvl_L1_EW,NVCNVL_EW,0.035,0.035
1435,NvcNvl_L2_EW,NVCNVL_EW,0.039,0.039
1435,NvcNvl_L1_NS,NVCNVL_NS,0.007,-0.008
1435,32Mt_L1_EW,NONE,0.079,0.0
1435,32Mt_L3_EW,NONE,0.088,0.0
1435,304Nvl_L2_NS,304NVL_NS,0.008,-0.103
1435,304Nvl_L3_EW,NONE,0.006,0.0
1435,32Nvl_L2_NS,32NVL_NS,0.02,0.015
1435,32Nvl_L3_EW,NONE,0.013,0.0
1435,32Nvl_L1_NS,32NVL_NS,0.134,0.047
1435,NvcNvl_L3_EW,NONE,0.047,0.0
1435,32Mt_L2_EW,NONE,0.075,0.0
1435,NvcCmt8_L1_EW,NONE,0.006,0.0
1440,304Nvl_L1_NS,304NVL_NS,0.118,0.098
1440,304Nvl_L3_NS,NONE,0.007,0.0
1440,304Nvl_L1_EW,304NVL_EW,0.008,0.008
1440,32Nvl_L3_NS,NONE,0.02,0.0
1440,32Nvl_L1_NS,32NVL_NS,0.028,-0.055
1440,32Nvl_L1_EW,32NVL_EW,0.007,0.007
1440,32Nvl_L2_EW,32NVL_EW,0.007,0.007
1440,32Nvl_L3_NS,NONE,0.167,0.0
1440,32Nvl_L2_NS,32NVL_NS,0.158,0.153
1440,NvcNvl_L3_NS,NONE,0.007,0.0
1440,NvcNvl_L2_NS,NONE,0.007,0.0
1440,NvcNvl_L1_EW,NONE,0.011,0.0
1440,NvcNvl_L2_EW,NONE,0.008,0.0
1440,NvcNvl_L1_EW,NVCNVL_EW,0.035,0.031
1440,NvcNvl_L2_EW,NVCNVL_EW,0.039,0.039
1440,32Mt_L1_EW,NONE,0.058,0.0
1440,32Mt_L3_EW,NONE,0.071,0.0
1440,32Mt_L1_NS,NONE,0.01,0.0
1440,NvcMt_L1_EW,NVCMT_EW,0.006,-0.024
1440,NvcCmt8_L2_EW,NVCCMT8_EW,0.005,0.005
1440,304Nvl_L2_NS,304NVL_NS,0.008,-0.103
1440,32Nvl_L2_NS,32NVL_NS,0.027,0.021
1440,32Nvl_L3_EW,NONE,0.006,0.0
1440,32Nvl_L1_NS,32NVL_NS,0.134,0.052
1440,NvcNvl_L1_NS,NONE,0.009,0.0
1440,32Mt_L2_EW,NONE,0.06,0.0
1440,32Mt_L2_NS,NONE,0.009,0.0
1440,NvcMt_L2_EW,NVCMT_EW,0.008,-0.023
1440,NvcCmt8_L1_EW,NVCCMT8_EW,0.008,0.003
1445,304Nvl_L1_NS,304NVL_NS,0.118,0.093
1445,304Nvl_L3_NS,NONE,0.007,0.0
1445,304Nvl_L1_EW,304NVL_EW,0.008,0.008
1445,32Nvl_L3_NS,NONE,0.02,0.0
1445,32Nvl_L1_NS,32NVL_NS,0.035,-0.048
1445,32Nvl_L3_NS,NONE,0.167,0.0
1445,32Nvl_L2_NS,32NVL_NS,0.158,0.153
1445,32Mt_L1_NS,NONE,0.059,0.0
1445,NvcMt_L2_NS,NONE,0.005,0.0
1445,NvcMt_L1_EW,NVCMT_EW,0.006,0.001
1445,NvcCmt8_L2_EW,NVCCMT8_EW,0.005,0.005
1445,304Nvl_L2_NS,304NVL_NS,0.008,-0.103
1445,32Nvl_L2_NS,32NVL_NS,0.033,0.028
1445,32Nvl_L1_NS,32NVL_NS,0.141,0.059
1445,32Mt_L2_NS,NONE,0.009,0.0
1445,NvcMt_L1_NS,NONE,0.005,0.0
1445,NvcMt_L2_EW,NVCMT_EW,0.008,0.004
1445,NvcCmt8_L1_EW,NVCCMT8_EW,0.008,0.003
1450,304Nvl_L1_NS,304NVL_NS,0.009,-0.02
1450,304Nvl_L3_NS,NONE,0.007,0.0
1450,304Nvl_L1_EW,304NVL_EW,0.008,0.008
1450,304Nvl_L2_EW,304NVL_EW,0.007,0.007
1450,32Nvl_L3_NS,NONE,0.027,0.0
1450,32Nvl_L1_NS,32NVL_NS,0.042,0.035
1450,32Nvl_L1_EW,32NVL_EW,0.007,0.007
1450,32Nvl_L2_EW,32NVL_EW,0.008,0.008
1450,32Nvl_L3_NS,NONE,0.175,0.0
1450,32Nvl_L2_NS,32NVL_NS,0.166,0.161
1450,32Mt_L1_NS,32MT_NS,0.013,0.013
1450,32Mt_L1_NS,NONE,0.107,0.0
1450,304Nvl_L2_NS,304NVL_NS,0.008,-0.108
1450,304Nvl_L3_EW,NONE,0.006,0.0
1450,32Nvl_L2_NS,32NVL_NS,0.04,0.035
1450,32Nvl_L3_EW,NONE,0.006,0.0
1450,32Nvl_L1_NS,32NVL_NS,0.154,0.148
1450,NvcCmt8_L1_EW,NONE,0.006,0.0
1455,304Nvl_L1_NS,304NVL_NS,0.009,-0.035
1455,304Nvl_L3_NS,NONE,0.007,0.0
1455,32Nvl_L3_NS,NONE,0.048,0.0
1455,32Nvl_L1_NS,32NVL_NS,0.062,0.056
1455,32Nvl_L3_NS,NONE,0.184,0.0
1455,32Nvl_L2_NS,32NVL_NS,0.174,0.168
1455,32Mt_L1_NS,32MT_NS,0.013,0.013
1455,32Mt_L1_EW,NONE,0.007,0.0
1455,32Mt_L3_EW,NONE,0.009,0.0
1455,32Mt_L1_EW,32MT_EW,0.007,0.007
1455,32Mt_L1_NS,NONE,0.02,0.0
1455,304Nvl_L2_NS,304NVL_NS,0.008,-0.114
1455,32Nvl_L2_NS,32NVL_NS,0.06,0.055
1455,32Nvl_L1_NS,32NVL_NS,0.161,0.155
1455,32Mt_L2_EW,NONE,0.008,0.0
1455,32Mt_L2_EW,32MT_EW,0.005,0.005
1455,32Mt_L2_NS,NONE,0.009,0.0
1460,304Nvl_L1_NS,NONE,0.007,0.0
1460,32Nvl_L3_NS,NONE,0.048,0.0
1460,32Nvl_L1_NS,32NVL_NS,0.069,0.069
1460,32Nvl_L3_NS,NONE,0.184,0.0
1460,32Nvl_L2_NS,32NVL_NS,0.174,0.174
1460,32Mt_L1_EW,NONE,0.007,0.0
1460,32Mt_L1_EW,32MT_EW,0.126,0.126
1460,32Nvl_L2_NS,32NVL_NS,0.067,0.067
1460,32Nvl_L1_NS,32NVL_NS,0.161,0.161
1460,32Mt_L2_EW,32MT_EW,0.098,0.098
1465,304Nvl_L1_EW,304NVL_EW,0.051,0.051
1465,304Nvl_L2_EW,304NVL_EW,0.044,0.044
1465,32Nvl_L3_NS,NONE,0.02,0.0
1465,32Nvl_L1_NS,32NVL_NS,0.028,0.028
1465,32Nvl_L1_EW,32NVL_EW,0.042,-0.045
1465,32Nvl_L2_EW,32NVL_EW,0.046,-0.022
1465,32Nvl_L3_NS,NONE,0.075,0.0
1465,32Nvl_L2_NS,32NVL_NS,0.071,0.071
1465,NvcNvl_L1_EW,NONE,0.011,0.0
1465,NvcNvl_L2_EW,NONE,0.008,0.0
1465,32Mt_L1_EW,32MT_EW,0.126,0.096
1465,32Mt_L1_NS,NONE,0.01,0.0
1465,304Nvl_L3_EW,NONE,0.038,0.0
1465,32Nvl_L2_NS,32NVL_NS,0.027,0.027
1465,32Nvl_L3_EW,NONE,0.038,0.0
1465,32Nvl_L1_NS,32NVL_NS,0.067,0.067
1465,NvcNvl_L3_EW,NONE,0.006,0.0
1465,32Mt_L2_EW,32MT_EW,0.098,0.065
1470,304Nvl_L1_EW,304NVL_EW,0.059,0.059
1470,304Nvl_L2_EW,304NVL_EW,0.051,0.051
1470,304Nvl_L1_NS,NONE,0.007,0.0
1470,32Nvl_L1_NS,32NVL_NS,0.007,0.007
1470,32Nvl_L1_EW,32NVL_EW,0.035,-0.052
1470,32Nvl_L2_EW,32NVL_EW,0.039,-0.03
1470,32Nvl_L3_NS,NONE,0.017,0.0
1470,32Nvl_L2_NS,32NVL_NS,0.016,0.016
1470,32Mt_L1_EW,NONE,0.007,0.0
1470,32Mt_L3_EW,NONE,0.009,0.0
1470,32Mt_L1_EW,32MT_EW,0.126,0.101
1470,NvcMt_L1_EW,NVCMT_EW,0.006,0.006
1470,304Nvl_L3_EW,NONE,0.044,0.0
1470,32Nvl_L3_EW,NONE,0.031,0.0
1470,32Nvl_L1_NS,32NVL_NS,0.027,0.027
1470,32Mt_L2_EW,NONE,0.008,0.0
1470,32Mt_L2_EW,32MT_EW,0.098,0.071
1470,NvcMt_L2_EW,NVCMT_EW,0.008,0.008
1475,304Nvl_L1_NS,NONE,0.007,0.0
1475,32Nvl_L1_EW,32NVL_EW,0.035,-0.052
1475,32Nvl_L2_EW,32NVL_EW,0.039,-0.03
1475,NvcNvl_L1_EW,NVCNVL_EW,0.007,0.003
1475,32Mt_L1_EW,NONE,0.007,0.0
1475,32Mt_L3_EW,NONE,0.009,0.0
1475,32Mt_L1_EW,32MT_EW,0.126,0.101
1475,NvcMt_L2_NS,NONE,0.011,0.0
1475,NvcMt_L1_EW,NVCMT_EW,0.006,0.001
1475,32Nvl_L3_EW,NONE,0.031,0.0
1475,32Nvl_L1_NS,32NVL_NS,0.007,0.007
1475,32Mt_L2_EW,NONE,0.008,0.0
1475,32Mt_L2_EW,32MT_EW,0.098,0.071
1475,NvcMt_L1_NS,NONE,0.011,0.0
1475,NvcMt_L2_EW,NVCMT_EW,0.008,0.008
1480,304Nvl_L1_EW,304NVL_EW,0.025,0.025
1480,304Nvl_L2_EW,304NVL_EW,0.007,0.007
1480,32Nvl_L1_NS,32NVL_NS,0.007,0.007
1480,32Nvl_L1_EW,32NVL_EW,0.035,-0.057
1480,32Nvl_L2_EW,32NVL_EW,0.039,-0.03
1480,32Nvl_L3_NS,NONE,0.008,0.0
1480,32Nvl_L2_NS,32NVL_NS,0.008,0.008
1480,32Mt_L1_EW,32MT_EW,0.133,0.108
1480,32Mt_L1_NS,NONE,0.01,0.0
1480,304Nvl_L3_EW,NONE,0.006,0.0
1480,32Nvl_L3_EW,NONE,0.031,0.0
1480,32Nvl_L1_NS,32NVL_NS,0.02,0.02
1480,32Mt_L2_EW,32MT_EW,0.098,0.071
1480,32Mt_L2_NS,NONE,0.009,0.0
1485,304Nvl_L1_NS,NONE,0.036,0.0
1485,32Nvl_L1_NS,32NVL_NS,0.014,0.014
1485,32Nvl_L1_EW,32NVL_EW,0.035,-0.067
1485,32Nvl_L2_EW,32NVL_EW,0.039,-0.038
1485,32Nvl_L3_NS,NONE,0.058,0.0
1485,32Nvl_L2_NS,32NVL_NS,0.055,0.055
1485,32Mt_L1_NS,32MT_NS,0.006,0.006
1485,32Mt_L1_EW,NONE,0.007,0.0
1485,32Mt_L3_EW,NONE,0.009,0.0
1485,32Mt_L1_EW,32MT_EW,0.146,0.122
1485,NvcMt_L2_NS,NONE,0.005,0.0
1485,NvcMt_L1_EW,NVCMT_EW,0.006,0.006
1485,32Nvl_L2_NS,32NVL_NS,0.007,0.007
1485,32Nvl_L3_EW,NONE,0.031,0.0
1485,32Nvl_L1_NS,32NVL_NS,0.054,0.054
1485,32Mt_L2_EW,NONE,0.008,0.0
1485,32Mt_L2_EW,32MT_EW,0.109,0.082
1485,NvcMt_L1_NS,NONE,0.005,0.0
1485,NvcMt_L2_EW,NVCMT_EW,0.008,0.008
1490,304Nvl_L1_EW,304NVL_EW,0.051,0.051
1490,304Nvl_L2_EW,304NVL_EW,0.036,0.036
1490,32Nvl_L1_NS,32NVL_NS,0.007,0.007
1490,32Nvl_L1_EW,32NVL_EW,0.035,-0.078
1490,32Nvl_L2_EW,32NVL_EW,0.039,-0.051
1490,32Nvl_L3_NS,NONE,0.042,0.0
1490,32Nvl_L2_NS,32NVL_NS,0.039,0.039
1490,32Mt_L1_EW,NONE,0.007,0.0
1490,32Mt_L3_EW,NONE,0.009,0.0
1490,32Mt_L1_EW,32MT_EW,0.153,0.129
1490,NvcMt_L1_EW,NVCMT_EW,0.006,0.006
1490,32Thn_L1_EW,32THN_EW,0.008,-0.017
1490,32Thn_L2_EW,32THN_EW,0.008,-0.019
1490,32Thn_L3_EW,NONE,0.008,0.0
1490,304Nvl_L3_EW,NONE,0.032,0.0
1490,32Nvl_L3_EW,NONE,0.031,0.0
1490,32Nvl_L1_NS,32NVL_NS,0.034,0.034
1490,32Mt_L2_EW,NONE,0.008,0.0
1490,32Mt_L2_EW,32MT_EW,0.12,0.093
1490,NvcMt_L2_EW,NVCMT_EW,0.008,0.008
1490,NvcMt_L1_EW,NVCMT_EW,0.006,0.006
1495,304Nvl_L1_EW,304NVL_EW,0.008,0.008
1495,304Nvl_L2_EW,304NVL_EW,0.007,0.007
1495,32Nvl_L1_NS,32NVL_NS,0.007,0.007
1495,32Nvl_L1_EW,32NVL_EW,0.035,-0.073
1495,32Nvl_L2_EW,32NVL_EW,0.039,-0.047
1495,32Nvl_L3_NS,NONE,0.042,0.0
1495,32Nvl_L2_NS,32NVL_NS,0.039,0.039
1495,32Mt_L1_EW,NONE,0.014,0.0
1495,32Mt_L3_EW,NONE,0.009,0.0
1495,32Mt_L1_EW,32MT_EW,0.146,0.122
1495,32Thn_L1_EW,32THN_EW,0.008,-0.017
1495,32Thn_L2_EW,32THN_EW,0.008,-0.019
1495,32Thn_L3_EW,NONE,0.008,0.0
1495,304Nvl_L3_EW,NONE,0.006,0.0
1495,32Nvl_L3_EW,NONE,0.031,0.0
1495,32Nvl_L1_NS,32NVL_NS,0.034,0.034
1495,32Mt_L2_EW,NONE,0.015,0.0
1495,32Mt_L2_EW,32MT_EW,0.114,0.087
1495,NvcMt_L2_EW,NVCMT_EW,0.008,0.008
1500,304Nvl_L1_NS,NONE,0.007,0.0
1500,304Nvl_L3_NS,NONE,0.008,0.0
1500,32Nvl_L3_NS,NONE,0.007,0.0
1500,32Nvl_L1_NS,32NVL_NS,0.007,0.007
1500,32Nvl_L1_EW,32NVL_EW,0.035,-0.078
1500,32Nvl_L2_EW,32NVL_EW,0.039,-0.047
1500,32Nvl_L3_NS,NONE,0.008,0.0
1500,32Nvl_L2_NS,32NVL_NS,0.008,0.008
1500,NvcNvl_L3_NS,NONE,0.007,0.0
1500,NvcNvl_L2_NS,NONE,0.007,0.0
1500,32Mt_L1_EW,NONE,0.007,0.0
1500,32Mt_L1_EW,32MT_EW,0.153,0.129
1500,32Mt_L1_NS,NONE,0.01,0.0
1500,32Thn_L1_EW,32THN_EW,0.008,-0.017
1500,32Thn_L2_EW,32THN_EW,0.008,-0.019
1500,32Thn_L3_EW,NONE,0.008,0.0
1500,304Nvl_L2_NS,NONE,0.007,0.0
1500,32Nvl_L2_NS,32NVL_NS,0.007,0.007
1500,32Nvl_L3_EW,NONE,0.031,0.0
1500,32Nvl_L1_NS,32NVL_NS,0.007,0.007
1500,NvcNvl_L1_NS,NONE,0.009,0.0
1500,32Mt_L2_EW,32MT_EW,0.114,0.087
1505,304Nvl_L1_EW,304NVL_EW,0.042,0.042
1505,304Nvl_L1_NS,NONE,0.007,0.0
1505,32Nvl_L1_NS,32NVL_NS,0.035,0.035
1505,32Nvl_L1_EW,32NVL_EW,0.042,-0.065
1505,32Nvl_L2_EW,32NVL_EW,0.046,-0.034
1505,32Nvl_L3_NS,NONE,0.05,0.0
1505,32Nvl_L2_NS,32NVL_NS,0.047,0.047
1505,NvcNvl_L1_EW,NVCNVL_EW,0.007,0.007
1505,NvcNvl_L2_EW,NVCNVL_EW,0.008,0.008
1505,32Mt_L1_EW,32MT_EW,0.153,0.124
1505,32Thn_L1_EW,NONE,0.01,0.0
1505,32Nvl_L3_EW,NONE,0.038,0.0
1505,32Nvl_L1_NS,32NVL_NS,0.04,0.04
1505,NvcNvl_L3_EW,NONE,0.009,0.0
1505,32Mt_L2_EW,32MT_EW,0.114,0.082
1510,304Nvl_L1_EW,304NVL_EW,0.008,0.008
1510,304Nvl_L1_NS,NONE,0.007,0.0
1510,304Nvl_L3_NS,NONE,0.008,0.0
1510,32Nvl_L1_NS,32NVL_NS,0.007,0.007
1510,32Nvl_L1_EW,32NVL_EW,0.035,-0.082
1510,32Nvl_L2_EW,32NVL_EW,0.039,-0.049
1510,NvcNvl_L3_NS,NONE,0.041,0.0
1510,NvcNvl_L2_NS,NONE,0.04,0.0
1510,32Mt_L1_EW,32MT_EW,0.167,0.143
1510,32Thn_L1_EW,NONE,0.01,0.0
1510,304Nvl_L2_NS,NONE,0.007,0.0
1510,32Nvl_L3_EW,NONE,0.031,0.0
1510,NvcNvl_L1_NS,NONE,0.052,0.0
1510,32Mt_L2_EW,32MT_EW,0.125,0.098
1515,304Nvl_L1_EW,304NVL_EW,0.051,0.051
1515,304Nvl_L2_EW,304NVL_EW,0.044,0.044
1515,32Nvl_L3_NS,NONE,0.034,0.0
1515,32Nvl_L1_NS,32NVL_NS,0.069,0.069
1515,32Nvl_L1_EW,32NVL_EW,0.035,-0.077
1515,32Nvl_L2_EW,32NVL_EW,0.039,-0.049
1515,NvcNvl_L3_NS,NONE,0.014,0.0
1515,NvcNvl_L2_NS,NONE,0.046,0.0
1515,NvcNvl_L1_EW,NVCNVL_EW,0.007,0.007
1515,NvcNvl_L2_EW,NVCNVL_EW,0.008,0.008
1515,32Mt_L1_EW,32MT_EW,0.16,0.136
1515,32Mt_L1_NS,NONE,0.01,0.0
1515,32Thn_L1_EW,NONE,0.126,0.0
1515,32Thn_L2_EW,NONE,0.121,0.0
1515,32Thn_L3_EW,NONE,0.083,0.0
1515,304Nvl_L3_EW,NONE,0.038,0.0
1515,32Nvl_L2_NS,32NVL_NS,0.033,0.033
1515,32Nvl_L3_EW,NONE,0.031,0.0
1515,32Nvl_L1_NS,32NVL_NS,0.007,0.007
1515,NvcNvl_L1_NS,NONE,0.061,0.0
1515,NvcNvl_L3_EW,NONE,0.009,0.0
1515,32Mt_L2_EW,32MT_EW,0.125,0.098
1515,32Mt_L2_NS,NONE,0.009,0.0
1520,304Nvl_L1_EW,304NVL_EW,0.017,0.017
1520,304Nvl_L2_EW,304NVL_EW,0.007,0.007
1520,304Nvl_L1_NS,NONE,0.007,0.0
1520,304Nvl_L3_NS,NONE,0.008,0.0
1520,32Nvl_L1_NS,32NVL_NS,0.035,0.035
1520,32Nvl_L1_EW,32NVL_EW,0.035,0.016
1520,32Nvl_L2_EW,32NVL_EW,0.039,0.023
1520,32Nvl_L3_NS,NONE,0.008,0.0
1520,32Nvl_L2_NS,32NVL_NS,0.008,0.008
1520,32Mt_L1_EW,NONE,0.007,0.0
1520,32Mt_L3_EW,NONE,0.009,0.0
1520,32Mt_L1_EW,32MT_EW,0.028,0.003
1520,32Thn_L1_EW,NONE,0.116,0.0
1520,32Thn_L2_EW,NONE,0.121,0.0
1520,32Thn_L3_EW,NONE,0.083,0.0
1520,304Nvl_L3_EW,NONE,0.006,0.0
1520,304Nvl_L2_NS,NONE,0.007,0.0
1520,32Nvl_L2_NS,32NVL_NS,0.033,0.033
1520,32Nvl_L3_EW,NONE,0.031,0.0
1520,32Nvl_L1_NS,32NVL_NS,0.007,0.007
1520,32Mt_L2_EW,NONE,0.008,0.0
1520,32Mt_L2_EW,32MT_EW,0.022,-0.005
1525,304Nvl_L1_NS,NONE,0.08,0.0
1525,304Nvl_L3_NS,NONE,0.008,0.0
1525,32Nvl_L1_EW,32NVL_EW,0.035,-0.056
1525,32Nvl_L2_EW,32NVL_EW,0.039,0.02
1525,NvcNvl_L1_EW,NONE,0.011,0.0
1525,NvcNvl_L2_EW,NONE,0.008,0.0
1525,NvcNvl_L1_EW,NVCNVL_EW,0.049,0.049
1525,NvcNvl_L2_EW,NVCNVL_EW,0.016,0.016
1525,32Mt_L1_EW,NONE,0.007,0.0
1525,32Mt_L1_EW,32MT_EW,0.035,0.01
1525,32Mt_L1_NS,NONE,0.059,0.0
1525,32Thn_L1_EW,32THN_EW,0.096,0.071
1525,304Nvl_L2_NS,NONE,0.007,0.0
1525,32Nvl_L3_EW,NONE,0.031,0.0
1525,NvcNvl_L3_EW,NONE,0.019,0.0
1525,32Mt_L2_EW,32MT_EW,0.027,0.0
1525,32Mt_L2_NS,NONE,0.052,0.0
1530,304Nvl_L1_EW,304NVL_EW,0.017,0.017
1530,304Nvl_L2_EW,304NVL_EW,0.007,0.007
1530,304Nvl_L1_NS,NONE,0.088,0.0
1530,304Nvl_L3_NS,NONE,0.048,0.0
1530,32Nvl_L1_NS,32NVL_NS,0.014,0.014
1530,32Nvl_L1_EW,32NVL_EW,0.042,-0.035
1530,32Nvl_L2_EW,32NVL_EW,0.046,0.039
1530,32Nvl_L3_NS,NONE,0.042,0.0
1530,32Nvl_L2_NS,32NVL_NS,0.039,0.039
1530,NvcNvl_L1_EW,NVCNVL_EW,0.035,0.035
1530,32Mt_L1_NS,32MT_NS,0.006,0.006
1530,32Mt_L1_EW,NONE,0.043,0.0
1530,32Mt_L1_EW,32MT_EW,0.014,-0.016
1530,NvcMt_L2_EW,NVCMT_EW,0.003,0.003
1530,32Thn_L1_EW,32THN_EW,0.096,0.066
1530,304Nvl_L3_EW,NONE,0.006,0.0
1530,304Nvl_L2_NS,NONE,0.044,0.0
1530,32Nvl_L2_NS,32NVL_NS,0.007,0.007
1530,32Nvl_L3_EW,NONE,0.038,0.0
1530,32Nvl_L1_NS,32NVL_NS,0.067,0.067
1530,32Mt_L2_EW,32MT_EW,0.011,-0.022
1530,NvcMt_L1_EW,NVCMT_EW,0.006,-0.019
1535,304Nvl_L1_EW,304NVL_EW,0.008,0.008
1535,304Nvl_L1_NS,NONE,0.007,0.0
1535,32Nvl_L1_EW,32NVL_EW,0.035,0.03
1535,32Nvl_L2_EW,32NVL_EW,0.039,0.035
1535,32Nvl_L3_NS,NONE,0.042,0.0
1535,32Nvl_L2_NS,32NVL_NS,0.039,0.039
1535,NvcNvl_L1_EW,NVCNVL_EW,0.007,0.007
1535,NvcNvl_L2_EW,NVCNVL_EW,0.008,0.008
1535,32Mt_L1_NS,32MT_NS,0.006,0.006
1535,32Mt_L1_EW,NONE,0.05,0.0
1535,32Mt_L1_EW,32MT_EW,0.007,-0.018
1535,32Mt_L1_NS,NONE,0.01,0.0
1535,NvcMt_L2_NS,NONE,0.026,0.0
1535,32Nvl_L3_EW,NONE,0.031,0.0
1535,32Nvl_L1_NS,32NVL_NS,0.04,0.04
1535,NvcNvl_L3_EW,NONE,0.009,0.0
1535,32Mt_L2_EW,32MT_EW,0.005,-0.022
1535,NvcMt_L1_NS,NONE,0.027,0.0
1540,304Nvl_L1_EW,304NVL_EW,0.042,0.042
1540,304Nvl_L1_NS,NONE,0.036,0.0
1540,304Nvl_L3_NS,NONE,0.04,0.0
1540,32Nvl_L1_EW,32NVL_EW,0.035,0.03
1540,32Nvl_L2_EW,32NVL_EW,0.039,0.033
1540,32Nvl_L1_EW,32NVL_EW,0.034,0.028
1540,NvcNvl_L1_EW,NVCNVL_EW,0.007,0.007
1540,NvcNvl_L2_EW,NVCNVL_EW,0.008,0.008
1540,32Mt_L1_NS,32MT_NS,0.006,0.006
1540,32Mt_L1_EW,NONE,0.014,0.0
1540,32Thn_L1_EW,32THN_EW,0.008,-0.017
1540,32Thn_L2_EW,32THN_EW,0.008,-0.019
1540,32Thn_L3_EW,NONE,0.008,0.0
1540,304Nvl_L2_NS,NONE,0.037,0.0
1540,32Nvl_L3_EW,NONE,0.031,0.0
1540,NvcNvl_L3_EW,NONE,0.009,0.0
1540,NvcMt_L1_EW,NVCMT_EW,0.028,0.023
1545,304Thn_L2_NS,304THN_NS,0.009,0.009
1545,32Nvl_L1_EW,32NVL_EW,0.035,0.03
1545,32Nvl_L2_EW,32NVL_EW,0.039,0.039
1545,32Nvl_L3_NS,NONE,0.008,0.0
1545,32Nvl_L2_NS,32NVL_NS,0.008,0.008
1545,NvcNvl_L3_NS,NONE,0.007,0.0
1545,NvcNvl_L2_NS,NONE,0.007,0.0
1545,32Mt_L1_NS,32MT_NS,0.006,0.006
1545,32Mt_L1_EW,32MT_EW,0.007,-0.018
1545,32Thn_L1_EW,NONE,0.01,0.0
1545,32Nvl_L3_EW,NONE,0.031,0.0
1545,32Nvl_L1_NS,32NVL_NS,0.007,0.007
1545,NvcNvl_L1_NS,NONE,0.009,0.0
1545,304Thn_L1_NS,304THN_NS,0.008,0.008
1550,304Thn_L2_NS,304THN_NS,0.009,0.009
1550,304Nvl_L1_EW,304NVL_EW,0.093,0.093
1550,304Nvl_L2_EW,304NVL_EW,0.044,0.044
1550,32Nvl_L1_EW,32NVL_EW,0.035,0.03
1550,32Nvl_L2_EW,32NVL_EW,0.039,0.035
1550,32Nvl_L3_NS,NONE,0.008,0.0
1550,32Nvl_L2_NS,32NVL_NS,0.008,0.008
1550,NvcNvl_L3_NS,NONE,0.007,0.0
1550,NvcNvl_L2_NS,NONE,0.007,0.0
1550,32Mt_L1_NS,32MT_NS,0.006,0.006
1550,32Mt_L1_EW,32MT_EW,0.007,-0.018
1550,NvcMt_L2_NS,NONE,0.005,0.0
1550,NvcMt_L1_EW,NVCMT_EW,0.006,0.006
1550,304Nvl_L3_EW,NONE,0.038,0.0
1550,32Nvl_L3_EW,NONE,0.031,0.0
1550,32Nvl_L1_NS,32NVL_NS,0.007,0.007
1550,NvcNvl_L1_NS,NONE,0.009,0.0
1550,32Mt_L2_EW,32MT_EW,0.005,-0.022
1550,NvcMt_L1_NS,NONE,0.005,0.0
1550,NvcMt_L2_EW,NVCMT_EW,0.008,0.008
1550,304Thn_L1_NS,304THN_NS,0.008,0.008
1555,304Thn_L2_NS,304THN_NS,0.009,0.009
1555,304Nvl_L1_EW,304NVL_EW,0.025,0.025
1555,304Nvl_L2_EW,304NVL_EW,0.022,0.022
1555,304Nvl_L1_NS,NONE,0.007,0.0
1555,304Nvl_L3_NS,NONE,0.008,0.0
1555,32Nvl_L3_NS,NONE,0.034,0.0
1555,32Nvl_L1_NS,32NVL_NS,0.042,0.042
1555,32Nvl_L1_EW,32NVL_EW,0.05,0.05
1555,32Nvl_L2_EW,32NVL_EW,0.054,0.054
1555,32Nvl_L3_NS,NONE,0.008,0.0
1555,32Nvl_L2_NS,32NVL_NS,0.008,0.008
1555,NvcNvl_L1_EW,NVCNVL_EW,0.007,0.007
1555,NvcMt_L2_NS,NONE,0.005,0.0
1555,NvcMt_L2_EW,NVCMT_EW,0.003,0.003
1555,304Nvl_L3_EW,NONE,0.019,0.0
1555,304Nvl_L2_NS,NONE,0.007,0.0
1555,32Nvl_L2_NS,32NVL_NS,0.033,0.033
1555,32Nvl_L3_EW,NONE,0.044,0.0
1555,32Nvl_L1_NS,32NVL_NS,0.007,0.007
1555,NvcMt_L1_NS,NONE,0.005,0.0
1555,NvcMt_L1_EW,NVCMT_EW,0.006,0.001
1555,304Thn_L1_NS,304THN_NS,0.008,0.008
1560,304Thn_L1_EW,304THN_EW,0.041,0.035
1560,304Thn_L3_EW,NONE,0.039,0.0
1560,304Thn_L2_NS,304THN_NS,0.009,0.009
1560,304Nvl_L1_EW,304NVL_EW,0.008,-0.02
1560,304Nvl_L2_EW,304NVL_EW,0.007,-0.019
1560,304Nvl_L1_NS,NONE,0.036,0.0
1560,32Nvl_L3_NS,NONE,0.014,0.0
1560,32Nvl_L1_NS,32NVL_NS,0.055,0.055
1560,32Nvl_L1_EW,32NVL_EW,0.035,0.03
1560,32Nvl_L2_EW,32NVL_EW,0.039,0.035
1560,32Nvl_L3_NS,NONE,0.008,0.0
1560,32Nvl_L2_NS,32NVL_NS,0.008,0.008
1560,NvcNvl_L1_EW,NONE,0.053,0.0
1560,NvcNvl_L2_EW,NONE,0.038,0.0
1560,NvcNvl_L1_EW,NVCNVL_EW,0.007,0.007
1560,32Mt_L1_EW,32MT_EW,0.007,-0.018
1560,32Nvl_L2_NS,32NVL_NS,0.047,0.047
1560,32Nvl_L3_EW,NONE,0.031,0.0
1560,32Nvl_L1_NS,32NVL_NS,0.007,0.007
1560,32Mt_L2_EW,32MT_EW,0.005,-0.022
1560,304Thn_L1_NS,304THN_NS,0.008,0.008
1560,304Thn_L2_EW,304THN_EW,0.037,0.032
1565,304Thn_L1_EW,304THN_EW,0.041,0.029
1565,304Thn_L3_EW,NONE,0.039,0.0
1565,304Thn_L2_NS,304THN_NS,0.009,0.009
1565,304Nvl_L1_EW,304NVL_EW,0.017,-0.012
1565,304Nvl_L2_EW,304NVL_EW,0.007,-0.019
1565,304Nvl_L1_NS,NONE,0.051,0.0
1565,32Nvl_L3_NS,NONE,0.007,0.0
1565,32Nvl_L1_NS,32NVL_NS,0.014,0.014
1565,32Nvl_L3_NS,NONE,0.017,0.0
1565,32Nvl_L2_NS,32NVL_NS,0.016,0.016
1565,NvcNvl_L1_EW,NONE,0.053,0.0
1565,NvcNvl_L2_EW,NONE,0.038,0.0
1565,NvcMt_L2_NS,NONE,0.005,0.0
1565,NvcMt_L1_NS,NVCMT_NS,0.007,0.007
1565,304Nvl_L3_EW,NONE,0.006,0.0
1565,32Nvl_L2_NS,32NVL_NS,0.013,0.013
1565,32Nvl_L1_NS,32NVL_NS,0.02,0.02
1565,NvcNvl_L3_EW,NONE,0.032,0.0
1565,NvcMt_L1_NS,NONE,0.005,0.0
1565,NvcMt_L2_NS,NVCMT_NS,0.005,0.005
1565,304Thn_L1_NS,304THN_NS,0.008,0.008
1565,304Thn_L2_EW,304THN_EW,0.037,0.032
1570,304Thn_L2_NS,304THN_NS,0.009,0.009
1570,304Nvl_L1_EW,304NVL_EW,0.017,0.017
1570,304Nvl_L2_EW,304NVL_EW,0.007,0.007
1570,32Nvl_L3_NS,NONE,0.007,0.0
1570,32Nvl_L1_NS,32NVL_NS,0.014,0.014
1570,32Nvl_L1_EW,32NVL_EW,0.007,0.007
1570,32Nvl_L2_EW,32NVL_EW,0.008,0.008
1570,32Nvl_L3_NS,NONE,0.033,0.0
1570,32Nvl_L2_NS,32NVL_NS,0.032,0.032
1570,NvcNvl_L3_NS,NONE,0.034,0.0
1570,NvcNvl_L2_NS,NONE,0.033,0.0
1570,32Mt_L1_EW,NONE,0.007,0.0
1570,NvcMt_L1_EW,NVCMT_EW,0.006,0.006
1570,NvcMt_L1_NS,NVCMT_NS,0.007,0.007
1570,304Nvl_L3_EW,NONE,0.006,0.0
1570,32Nvl_L2_NS,32NVL_NS,0.013,0.013
1570,32Nvl_L3_EW,NONE,0.006,0.0
1570,32Nvl_L1_NS,32NVL_NS,0.067,0.067
1570,NvcNvl_L1_NS,NONE,0.044,0.0
1570,NvcMt_L2_EW,NVCMT_EW,0.008,0.008
1570,NvcMt_L2_NS,NVCMT_NS,0.005,0.005
1570,304Thn_L1_NS,304THN_NS,0.008,0.008
1575,304Nvl_L1_EW,304NVL_EW,0.127,0.127
1575,304Nvl_L2_EW,304NVL_EW,0.102,0.102
1575,304Nvl_L1_NS,NONE,0.007,0.0
1575,304Nvl_L3_NS,NONE,0.008,0.0
1575,32Nvl_L3_NS,NONE,0.007,0.0
1575,32Nvl_L1_NS,32NVL_NS,0.014,0.014
1575,32Nvl_L1_EW,32NVL_EW,0.014,0.009
1575,32Nvl_L2_EW,32NVL_EW,0.015,0.015
1575,32Nvl_L1_EW,32NVL_EW,0.007,0.002
1575,32Nvl_L2_EW,32NVL_EW,0.007,0.007
1575,32Nvl_L3_NS,NONE,0.033,0.0
1575,32Nvl_L2_NS,32NVL_NS,0.032,0.032
1575,NvcNvl_L3_NS,NONE,0.122,0.0
1575,NvcNvl_L2_NS,NONE,0.152,0.0
1575,32Mt_L1_NS,32MT_NS,0.006,0.006
1575,32Mt_L1_EW,32MT_EW,0.007,-0.003
1575,32Mt_L1_NS,NONE,0.01,0.0
1575,NvcMt_L2_NS,NONE,0.005,0.0
1575,NvcMt_L1_EW,NVCMT_EW,0.013,0.013
1575,304Nvl_L3_EW,NONE,0.089,0.0
1575,304Nvl_L2_NS,NONE,0.007,0.0
1575,32Nvl_L2_NS,32NVL_NS,0.013,0.013
1575,32Nvl_L3_EW,NONE,0.006,0.0
1575,32Nvl_L3_EW,NONE,0.013,0.0
1575,32Nvl_L1_NS,32NVL_NS,0.06,0.06
1575,NvcNvl_L1_NS,NONE,0.201,0.0
1575,32Mt_L2_NS,32MT_NS,0.006,0.006
1575,32Mt_L2_NS,NONE,0.009,0.0
1575,NvcMt_L1_NS,NONE,0.005,0.0
1575,NvcMt_L2_EW,NVCMT_EW,0.016,0.016
1575,304Thn_L1_NS,304THN_NS,0.008,0.008
1580,304Nvl_L1_EW,304NVL_EW,0.144,0.144
1580,304Nvl_L2_EW,304NVL_EW,0.116,0.116
1580,32Nvl_L1_EW,32NVL_EW,0.007,0.002
1580,32Nvl_L2_EW,32NVL_EW,0.008,0.008
1580,32Nvl_L1_EW,32NVL_EW,0.007,0.002
1580,32Nvl_L2_EW,32NVL_EW,0.007,0.007
1580,32Nvl_L3_NS,NONE,0.017,0.0
1580,32Nvl_L2_NS,32NVL_NS,0.016,0.016
1580,NvcNvl_L3_NS,NONE,0.129,0.0
1580,NvcNvl_L2_NS,NONE,0.126,0.0
1580,NvcNvl_L1_EW,NVCNVL_EW,0.035,0.026
1580,32Mt_L1_EW,NONE,0.007,0.0
1580,32Mt_L1_EW,32MT_EW,0.007,0.002
1580,NvcMt_L1_EW,NVCMT_EW,0.013,-0.012
1580,304Nvl_L3_EW,NONE,0.101,0.0
1580,32Nvl_L3_EW,NONE,0.006,0.0
1580,32Nvl_L3_EW,NONE,0.006,0.0
1580,32Nvl_L1_NS,32NVL_NS,0.047,0.047
1580,NvcNvl_L1_NS,NONE,0.166,0.0
1580,NvcMt_L2_EW,NVCMT_EW,0.016,0.016
1585,304Nvl_L1_EW,304NVL_EW,0.152,0.152
1585,304Nvl_L2_EW,304NVL_EW,0.123,0.123
1585,304Nvl_L1_NS,NONE,0.015,0.0
1585,304Nvl_L3_NS,NONE,0.016,0.0
1585,32Nvl_L1_EW,32NVL_EW,0.007,0.002
1585,32Nvl_L2_EW,32NVL_EW,0.008,0.004
1585,32Nvl_L1_EW,32NVL_EW,0.007,0.002
1585,32Nvl_L2_EW,32NVL_EW,0.007,0.004
1585,NvcNvl_L3_NS,NONE,0.007,0.0
1585,NvcNvl_L2_NS,NONE,0.007,0.0
1585,NvcNvl_L1_EW,NVCNVL_EW,0.12,0.106
1585,NvcNvl_L2_EW,NVCNVL_EW,0.094,0.094
1585,32Mt_L1_EW,NONE,0.014,0.0
1585,32Mt_L3_EW,NONE,0.009,0.0
1585,32Mt_L1_EW,32MT_EW,0.007,0.002
1585,32Mt_L1_NS,NONE,0.117,0.0
1585,NvcMt_L1_EW,NVCMT_EW,0.019,-0.065
1585,304Nvl_L3_EW,NONE,0.108,0.0
1585,304Nvl_L2_NS,NONE,0.015,0.0
1585,32Nvl_L3_EW,NONE,0.006,0.0
1585,32Nvl_L3_EW,NONE,0.006,0.0
1585,32Nvl_L1_NS,32NVL_NS,0.007,0.007
1585,NvcNvl_L1_NS,NONE,0.009,0.0
1585,NvcNvl_L3_EW,NONE,0.112,0.0
1585,32Mt_L2_EW,NONE,0.008,0.0
1585,32Mt_L2_EW,32MT_EW,0.005,0.0
1585,32Mt_L2_NS,NONE,0.104,0.0
1585,NvcMt_L2_EW,NVCMT_EW,0.024,-0.042
1590,32Nvl_L1_EW,32NVL_EW,0.007,0.002
1590,32Nvl_L2_EW,32NVL_EW,0.008,0.004
1590,32Nvl_L1_EW,32NVL_EW,0.02,0.015
1590,32Nvl_L2_EW,32NVL_EW,0.007,0.004
1590,NvcNvl_L1_EW,NONE,0.011,0.0
1590,NvcNvl_L2_EW,NONE,0.008,0.0
1590,NvcNvl_L1_EW,NVCNVL_EW,0.12,0.115
1590,NvcNvl_L2_EW,NVCNVL_EW,0.094,0.094
1590,32Mt_L1_EW,32MT_EW,0.007,0.002
1590,NvcMt_L1_EW,NVCMT_EW,0.006,-0.077
1590,32Nvl_L3_EW,NONE,0.006,0.0
1590,32Nvl_L3_EW,NONE,0.006,0.0
1590,NvcNvl_L3_EW,NONE,0.112,0.0
1590,32Mt_L2_EW,32MT_EW,0.005,0.0
1590,NvcMt_L2_EW,NVCMT_EW,0.008,-0.058
1595,304Nvl_L1_EW,304NVL_EW,0.017,0.017
1595,32Nvl_L3_NS,NONE,0.041,0.0
1595,32Nvl_L1_NS,32NVL_NS,0.055,0.055
1595,32Nvl_L1_EW,32NVL_EW,0.007,0.007
1595,32Nvl_L2_EW,32NVL_EW,0.008,0.008
1595,32Nvl_L1_EW,32NVL_EW,0.02,0.02
1595,32Nvl_L2_EW,32NVL_EW,0.015,0.015
1595,32Nvl_L3_NS,NONE,0.042,0.0
1595,32Nvl_L2_NS,32NVL_NS,0.039,0.039
1595,NvcNvl_L3_NS,NONE,0.007,0.0
1595,NvcNvl_L2_NS,NONE,0.007,0.0
1595,NvcNvl_L1_EW,NONE,0.011,0.0
1595,NvcNvl_L2_EW,NONE,0.008,0.0
1595,NvcNvl_L1_EW,NVCNVL_EW,0.204,0.204
1595,NvcNvl_L2_EW,NVCNVL_EW,0.133,0.133
1595,32Mt_L1_EW,NONE,0.094,0.0
1595,32Mt_L3_EW,NONE,0.009,0.0
1595,32Mt_L1_NS,NONE,0.01,0.0
1595,32Nvl_L2_NS,32NVL_NS,0.04,0.04
1595,32Nvl_L3_EW,NONE,0.012,0.0
1595,32Nvl_L3_EW,NONE,0.006,0.0
1595,32Nvl_L1_NS,32NVL_NS,0.04,0.04
1595,NvcNvl_L1_NS,NONE,0.009,0.0
1595,NvcNvl_L3_EW,NONE,0.158,0.0
1595,32Mt_L2_EW,NONE,0.008,0.0
1600,304Nvl_L1_EW,304NVL_EW,0.102,0.102
1600,304Nvl_L1_NS,NONE,0.015,0.0
1600,32Nvl_L1_NS,32NVL_NS,0.021,0.021
1600,32Nvl_L1_EW,32NVL_EW,0.014,0.014
1600,32Nvl_L2_EW,32NVL_EW,0.015,0.015
1600,32Nvl_L1_EW,32NVL_EW,0.013,0.013
1600,32Nvl_L2_EW,32NVL_EW,0.015,0.015
1600,32Nvl_L3_NS,NONE,0.05,0.0
1600,32Nvl_L2_NS,32NVL_NS,0.047,0.047
1600,NvcNvl_L1_EW,NVCNVL_EW,0.211,0.211
1600,NvcNvl_L2_EW,NVCNVL_EW,0.141,0.141
1600,32Mt_L1_EW,NONE,0.101,0.0
1600,32Mt_L3_EW,NONE,0.018,0.0
1600,NvcMt_L2_NS,NONE,0.032,0.0
1600,32Nvl_L2_NS,32NVL_NS,0.013,0.013
1600,32Nvl_L3_EW,NONE,0.012,0.0
1600,32Nvl_L3_EW,NONE,0.013,0.0
1600,32Nvl_L1_NS,32NVL_NS,0.04,0.04
1600,NvcNvl_L3_EW,NONE,0.168,0.0
1600,32Mt_L2_EW,NONE,0.015,0.0
1600,NvcMt_L1_NS,NONE,0.033,0.0
1605,304Nvl_L1_NS,304NVL_NS,0.009,0.009
1605,304Nvl_L1_EW,304NVL_EW,0.102,0.102
1605,304Nvl_L1_NS,NONE,0.007,0.0
1605,32Nvl_L1_EW,32NVL_EW,0.014,0.009
1605,32Nvl_L2_EW,32NVL_EW,0.015,0.012
1605,32Nvl_L1_EW,32NVL_EW,0.013,0.009
1605,32Nvl_L2_EW,32NVL_EW,0.015,0.011
1605,NvcNvl_L3_NS,NONE,0.014,0.0
1605,NvcNvl_L2_NS,NONE,0.02,0.0
1605,NvcNvl_L1_EW,NVCNVL_EW,0.211,0.211
1605,NvcNvl_L2_EW,NVCNVL_EW,0.141,0.141
1605,32Mt_L1_EW,NONE,0.007,0.0
1605,32Mt_L3_EW,NONE,0.009,0.0
1605,32Mt_L1_EW,32MT_EW,0.007,-0.003
1605,32Mt_L1_NS,NONE,0.02,0.0
1605,NvcMt_L2_NS,NONE,0.005,0.0
1605,32Nvl_L3_EW,NONE,0.012,0.0
1605,32Nvl_L3_EW,NONE,0.013,0.0
1605,NvcNvl_L1_NS,NONE,0.026,0.0
1605,NvcNvl_L3_EW,NONE,0.168,0.0
1605,32Mt_L2_EW,NONE,0.008,0.0
1605,32Mt_L2_EW,32MT_EW,0.005,-0.005
1605,32Mt_L2_NS,NONE,0.009,0.0
1605,NvcMt_L1_NS,NONE,0.005,0.0
1610,304Nvl_L1_NS,304NVL_NS,0.009,0.009
1610,304Nvl_L1_EW,304NVL_EW,0.008,0.008
1610,32Nvl_L1_EW,32NVL_EW,0.014,0.014
1610,32Nvl_L2_EW,32NVL_EW,0.015,0.015
1610,32Nvl_L1_EW,32NVL_EW,0.013,0.013
1610,32Nvl_L2_EW,32NVL_EW,0.015,0.015
1610,NvcNvl_L3_NS,NONE,0.014,0.0
1610,NvcNvl_L2_NS,NONE,0.02,0.0
1610,NvcNvl_L1_EW,NVCNVL_EW,0.211,0.211
1610,NvcNvl_L2_EW,NVCNVL_EW,0.141,0.141
1610,32Mt_L1_NS,NONE,0.01,0.0
1610,NvcMt_L2_NS,NONE,0.005,0.0
1610,32Thn_L1_EW,NONE,0.049,0.0
1610,32Thn_L2_EW,NONE,0.051,0.0
1610,32Thn_L3_EW,NONE,0.035,0.0
1610,32Nvl_L3_EW,NONE,0.012,0.0
1610,32Nvl_L3_EW,NONE,0.013,0.0
1610,32Nvl_L1_NS,32NVL_NS,0.007,0.0
1610,NvcNvl_L1_NS,NONE,0.026,0.0
1610,NvcNvl_L3_EW,NONE,0.168,0.0
1610,NvcMt_L1_NS,NONE,0.005,0.0
1615,304Nvl_L1_NS,304NVL_NS,0.009,0.009
1615,32Nvl_L1_EW,32NVL_EW,0.014,-0.019
1615,32Nvl_L2_EW,32NVL_EW,0.015,0.015
1615,32Nvl_L1_EW,32NVL_EW,0.013,-0.019
1615,32Nvl_L2_EW,32NVL_EW,0.015,0.015
1615,32Nvl_L3_NS,NONE,0.109,0.0
1615,32Nvl_L2_NS,32NVL_NS,0.103,0.103
1615,NvcNvl_L3_NS,NONE,0.014,0.0
1615,NvcNvl_L2_NS,NONE,0.013,0.0
1615,NvcNvl_L1_EW,NONE,0.011,0.0
1615,NvcNvl_L2_EW,NONE,0.008,0.0
1615,NvcNvl_L1_EW,NVCNVL_EW,0.127,0.127
1615,NvcNvl_L2_EW,NVCNVL_EW,0.141,0.141
1615,NvcNvl_L1_NS,NVCNVL_NS,0.007,0.007
1615,32Mt_L1_EW,NONE,0.007,0.0
1615,32Mt_L1_EW,32MT_EW,0.007,-0.003
1615,32Thn_L1_EW,32THN_EW,0.04,0.03
1615,32Nvl_L3_EW,NONE,0.012,0.0
1615,32Nvl_L3_EW,NONE,0.013,0.0
1615,32Nvl_L1_NS,32NVL_NS,0.087,0.076
1615,NvcNvl_L1_NS,NONE,0.017,0.0
1615,NvcNvl_L3_EW,NONE,0.168,0.0
1620,304Nvl_L1_NS,304NVL_NS,0.009,0.009
1620,304Nvl_L3_NS,NONE,0.007,0.0
1620,304Nvl_L1_EW,304NVL_EW,0.008,0.008
1620,304Nvl_L2_EW,304NVL_EW,0.007,0.007
1620,32Nvl_L1_EW,32NVL_EW,0.014,-0.014
1620,32Nvl_L2_EW,32NVL_EW,0.015,0.015
1620,32Nvl_L1_EW,32NVL_EW,0.013,-0.015
1620,32Nvl_L2_EW,32NVL_EW,0.015,0.015
1620,32Nvl_L3_NS,NONE,0.109,0.0
1620,32Nvl_L2_NS,32NVL_NS,0.103,0.097
1620,NvcNvl_L3_NS,NONE,0.007,0.0
1620,NvcNvl_L2_NS,NONE,0.007,0.0
1620,NvcNvl_L1_EW,NONE,0.021,0.0
1620,NvcNvl_L2_EW,NONE,0.008,0.0
1620,NvcNvl_L1_EW,NVCNVL_EW,0.127,0.127
1620,NvcNvl_L2_EW,NVCNVL_EW,0.141,0.141
1620,32Mt_L1_EW,NONE,0.014,0.0
1620,32Mt_L3_EW,NONE,0.009,0.0
1620,32Thn_L1_EW,32THN_EW,0.04,0.03
1620,304Nvl_L2_NS,304NVL_NS,0.008,-0.064
1620,32Nvl_L3_EW,NONE,0.012,0.0
1620,32Nvl_L3_EW,NONE,0.013,0.0
1620,32Nvl_L1_NS,32NVL_NS,0.087,0.081
1620,NvcNvl_L1_NS,NONE,0.009,0.0
1620,NvcNvl_L3_EW,NONE,0.168,0.0
1620,32Mt_L2_EW,NONE,0.015,0.0
1625,304Nvl_L1_NS,304NVL_NS,0.009,-0.001
1625,304Nvl_L3_NS,NONE,0.007,0.0
1625,304Nvl_L1_EW,304NVL_EW,0.11,0.11
1625,304Nvl_L2_EW,304NVL_EW,0.094,0.094
1625,32Nvl_L3_NS,NONE,0.007,0.0
1625,32Nvl_L1_NS,32NVL_NS,0.014,0.008
1625,32Nvl_L1_EW,32NVL_EW,0.014,0.014
1625,32Nvl_L2_EW,32NVL_EW,0.015,0.015
1625,32Nvl_L1_EW,32NVL_EW,0.013,0.013
1625,32Nvl_L2_EW,32NVL_EW,0.015,0.015
1625,32Nvl_L3_NS,NONE,0.008,0.0
1625,32Nvl_L2_NS,32NVL_NS,0.103,0.097
1625,NvcNvl_L3_NS,NONE,0.041,0.0
1625,NvcNvl_L2_NS,NONE,0.046,0.0
1625,NvcNvl_L1_EW,NVCNVL_EW,0.127,0.127
1625,NvcNvl_L2_EW,NVCNVL_EW,0.133,0.133
1625,32Mt_L1_EW,NONE,0.022,0.0
1625,32Mt_L3_EW,NONE,0.027,0.0
1625,32Mt_L1_NS,NONE,0.01,0.0
1625,NvcMt_L2_NS,NONE,0.032,0.0
1625,304Nvl_L2_NS,304NVL_NS,0.008,-0.064
1625,304Nvl_L3_EW,NONE,0.082,0.0
1625,32Nvl_L2_NS,32NVL_NS,0.007,0.001
1625,32Nvl_L3_EW,NONE,0.012,0.0
1625,32Nvl_L3_EW,NONE,0.013,0.0
1625,32Nvl_L1_NS,32NVL_NS,0.087,0.081
1625,NvcNvl_L1_NS,NONE,0.061,0.0
1625,NvcNvl_L3_EW,NONE,0.158,0.0
1625,32Mt_L2_EW,NONE,0.023,0.0
1625,32Mt_L2_NS,NONE,0.009,0.0
1625,NvcMt_L1_NS,NONE,0.033,0.0
1625,NvcMt_L2_EW,NVCMT_EW,0.008,-0.085
1630,304Nvl_L1_NS,304NVL_NS,0.009,0.009
1630,304Nvl_L3_NS,NONE,0.007,0.0
1630,304Nvl_L1_EW,304NVL_EW,0.102,0.102
1630,304Nvl_L2_EW,304NVL_EW,0.087,0.087
1630,304Nvl_L1_NS,NONE,0.015,0.0
1630,304Nvl_L3_NS,NONE,0.008,0.0
1630,32Nvl_L1_EW,32NVL_EW,0.014,0.009
1630,32Nvl_L2_EW,32NVL_EW,0.015,0.012
1630,32Nvl_L1_EW,32NVL_EW,0.013,0.009
1630,32Nvl_L2_EW,32NVL_EW,0.015,0.011
1630,NvcNvl_L3_NS,NONE,0.014,0.0
1630,NvcNvl_L2_NS,NONE,0.013,0.0
1630,NvcNvl_L1_EW,NVCNVL_EW,0.007,0.007
1630,32Mt_L1_EW,NONE,0.014,0.0
1630,32Mt_L3_EW,NONE,0.018,0.0
1630,32Mt_L1_EW,32MT_EW,0.007,-0.003
1630,NvcMt_L2_NS,NONE,0.032,0.0
1630,304Nvl_L2_NS,304NVL_NS,0.008,0.008
1630,304Nvl_L3_EW,NONE,0.076,0.0
1630,304Nvl_L2_NS,NONE,0.007,0.0
1630,32Nvl_L3_EW,NONE,0.012,0.0
1630,32Nvl_L3_EW,NONE,0.013,0.0
1630,NvcNvl_L1_NS,NONE,0.017,0.0
1630,32Mt_L2_EW,NONE,0.015,0.0
1630,32Mt_L2_EW,32MT_EW,0.005,-0.005
1630,NvcMt_L1_NS,NONE,0.033,0.0
1635,304Nvl_L1_NS,304NVL_NS,0.009,-0.001
1635,304Nvl_L3_NS,NONE,0.007,0.0
1635,32Nvl_L1_NS,32NVL_NS,0.014,0.008
1635,32Nvl_L1_EW,32NVL_EW,0.014,0.004
1635,32Nvl_L2_EW,32NVL_EW,0.015,0.012
1635,32Nvl_L1_EW,32NVL_EW,0.013,0.004
1635,32Nvl_L2_EW,32NVL_EW,0.015,0.011
1635,NvcNvl_L3_NS,NONE,0.007,0.0
1635,NvcNvl_L2_NS,NONE,0.007,0.0
1635,NvcNvl_L1_EW,NVCNVL_EW,0.014,0.014
1635,32Mt_L1_NS,32MT_NS,0.006,0.006
1635,32Mt_L1_EW,32MT_EW,0.014,0.004
1635,32Mt_L1_NS,NONE,0.02,0.0
1635,304Nvl_L2_NS,304NVL_NS,0.008,0.008
1635,32Nvl_L2_NS,32NVL_NS,0.007,0.001
1635,32Nvl_L3_EW,NONE,0.012,0.0
1635,32Nvl_L3_EW,NONE,0.013,0.0
1635,32Nvl_L1_NS,32NVL_NS,0.007,0.0
1635,NvcNvl_L1_NS,NONE,0.009,0.0
1635,32Mt_L2_EW,32MT_EW,0.005,-0.005
1635,32Mt_L2_NS,NONE,0.009,0.0
1640,304Nvl_L1_NS,304NVL_NS,0.009,0.009
1640,304Nvl_L3_NS,NONE,0.007,0.0
1640,304Nvl_L1_EW,304NVL_EW,0.068,0.068
1640,304Nvl_L2_EW,304NVL_EW,0.051,0.051
1640,304Nvl_L1_NS,NONE,0.088,0.0
1640,32Nvl_L1_EW,32NVL_EW,0.014,0.009
1640,32Nvl_L2_EW,32NVL_EW,0.015,0.01
1640,32Nvl_L1_EW,32NVL_EW,0.013,0.008
1640,32Nvl_L2_EW,32NVL_EW,0.015,0.009
1640,32Mt_L1_NS,32MT_NS,0.006,0.006
1640,32Mt_L1_EW,NONE,0.122,0.0
1640,32Mt_L3_EW,NONE,0.15,0.0
1640,32Mt_L1_NS,NONE,0.01,0.0
1640,32Thn_L1_EW,32THN_EW,0.008,-0.002
1640,32Thn_L2_EW,32THN_EW,0.008,-0.002
1640,32Thn_L3_EW,NONE,0.008,0.0
1640,304Nvl_L2_NS,304NVL_NS,0.008,0.008
1640,304Nvl_L3_EW,NONE,0.044,0.0
1640,32Nvl_L3_EW,NONE,0.012,0.0
1640,32Nvl_L3_EW,NONE,0.013,0.0
1640,32Mt_L2_EW,NONE,0.128,0.0
1640,32Mt_L2_NS,NONE,0.009,0.0
1645,304Nvl_L1_NS,304NVL_NS,0.009,0.009
1645,304Nvl_L3_NS,NONE,0.007,0.0
1645,304Nvl_L1_EW,304NVL_EW,0.034,0.034
1645,304Nvl_L2_EW,304NVL_EW,0.029,0.029
1645,32Nvl_L1_EW,32NVL_EW,0.014,0.009
1645,32Nvl_L2_EW,32NVL_EW,0.015,0.012
1645,32Nvl_L1_EW,32NVL_EW,0.013,0.009
1645,32Nvl_L2_EW,32NVL_EW,0.015,0.011
1645,32Nvl_L3_NS,NONE,0.1,0.0
1645,32Nvl_L2_NS,32NVL_NS,0.095,0.089
1645,NvcNvl_L1_EW,NONE,0.011,0.0
1645,NvcNvl_L2_EW,NONE,0.008,0.0
1645,32Mt_L1_NS,32MT_NS,0.013,0.013
1645,32Mt_L1_EW,NONE,0.05,0.0
1645,32Mt_L3_EW,NONE,0.062,0.0
1645,32Mt_L1_EW,32MT_EW,0.007,-0.003
1645,32Thn_L1_EW,NONE,0.019,0.0
1645,32Thn_L2_EW,NONE,0.01,0.0
1645,32Thn_L3_EW,NONE,0.007,0.0
1645,304Nvl_L2_NS,304NVL_NS,0.008,-0.059
1645,304Nvl_L3_EW,NONE,0.025,0.0
1645,32Nvl_L3_EW,NONE,0.012,0.0
1645,32Nvl_L3_EW,NONE,0.013,0.0
1645,32Nvl_L1_NS,32NVL_NS,0.087,0.081
1645,NvcNvl_L3_EW,NONE,0.006,0.0
1645,32Mt_L2_EW,NONE,0.053,0.0
1645,32Mt_L2_EW,32MT_EW,0.005,-0.005
1650,304Nvl_L1_NS,304NVL_NS,0.009,0.009
1650,304Nvl_L3_NS,NONE,0.007,0.0
1650,304Nvl_L1_EW,304NVL_EW,0.008,0.008
1650,304Nvl_L2_EW,304NVL_EW,0.007,0.007
1650,304Nvl_L1_NS,NONE,0.036,0.0
1650,32Nvl_L1_EW,32NVL_EW,0.014,-0.016
1650,32Nvl_L2_EW,32NVL_EW,0.015,-0.004
1650,32Nvl_L1_EW,32NVL_EW,0.013,-0.017
1650,32Nvl_L2_EW,32NVL_EW,0.015,-0.004
1650,NvcNvl_L3_NS,NONE,0.034,0.0
1650,NvcNvl_L2_NS,NONE,0.033,0.0
1650,32Mt_L1_NS,32MT_NS,0.013,0.013
1650,32Mt_L1_EW,NONE,0.036,0.0
1650,32Mt_L3_EW,NONE,0.044,0.0
1650,32Mt_L1_EW,32MT_EW,0.035,0.025
1650,32Mt_L1_NS,NONE,0.02,0.0
1650,32Thn_L1_EW,32THN_EW,0.008,-0.002
1650,304Nvl_L2_NS,304NVL_NS,0.008,0.008
1650,304Nvl_L3_EW,NONE,0.006,0.0
1650,32Nvl_L3_EW,NONE,0.012,0.0
1650,32Nvl_L3_EW,NONE,0.013,0.0
1650,NvcNvl_L1_NS,NONE,0.044,0.0
1650,32Mt_L2_EW,NONE,0.038,0.0
1650,32Mt_L2_EW,32MT_EW,0.027,0.016
1650,32Mt_L2_NS,NONE,0.017,0.0
1655,304Nvl_L1_NS,304NVL_NS,0.009,0.004
1655,304Nvl_L3_NS,NONE,0.007,0.0
1655,304Nvl_L1_EW,304NVL_EW,0.008,0.008
1655,304Nvl_L1_EW,NONE,0.041,0.0
1655,304Nvl_L1_NS,NONE,0.051,0.0
1655,304Nvl_L3_NS,NONE,0.008,0.0
1655,304Nvl_L2_EW,NONE,0.043,0.0
1655,32Nvl_L3_NS,NONE,0.007,0.0
1655,32Nvl_L1_NS,32NVL_NS,0.007,0.001
1655,32Nvl_L1_EW,32NVL_EW,0.021,-0.041
1655,32Nvl_L2_EW,32NVL_EW,0.023,-0.029
1655,32Nvl_L1_EW,32NVL_EW,0.013,-0.049
1655,32Nvl_L2_EW,32NVL_EW,0.015,-0.037
1655,32Nvl_L3_NS,NONE,0.008,0.0
1655,32Nvl_L2_NS,32NVL_NS,0.008,0.003
1655,NvcNvl_L3_NS,NONE,0.034,0.0
1655,NvcNvl_L2_NS,NONE,0.033,0.0
1655,32Mt_L1_NS,32MT_NS,0.006,0.006
1655,32Mt_L1_EW,NONE,0.05,0.0
1655,32Mt_L3_EW,NONE,0.009,0.0
1655,32Mt_L1_EW,32MT_EW,0.049,0.034
1655,32Mt_L1_NS,NONE,0.01,0.0
1655,32Thn_L1_EW,NONE,0.01,0.0
1655,32Thn_L2_EW,NONE,0.01,0.0
1655,32Thn_L1_EW,32THN_EW,0.04,0.025
1655,32Thn_L2_EW,32THN_EW,0.042,0.025
1655,32Thn_L3_EW,NONE,0.007,0.0
1655,32Thn_L3_EW,NONE,0.041,0.0
1655,304Nvl_L2_NS,304NVL_NS,0.008,0.002
1655,304Nvl_L3_EW,NONE,0.041,0.0
1655,304Nvl_L2_NS,NONE,0.007,0.0
1655,32Nvl_L2_NS,32NVL_NS,0.007,0.001
1655,32Nvl_L3_EW,NONE,0.012,0.0
1655,32Nvl_L3_EW,NONE,0.019,0.0
1655,32Nvl_L1_NS,32NVL_NS,0.007,0.0
1655,NvcNvl_L1_NS,NONE,0.044,0.0
1655,32Mt_L2_EW,NONE,0.045,0.0
1655,32Mt_L2_EW,32MT_EW,0.033,0.016
1655,32Mt_L2_NS,NONE,0.009,0.0
1660,304Nvl_L1_NS,304NVL_NS,0.018,0.018
1660,304Nvl_L3_NS,NONE,0.007,0.0
1660,304Nvl_L1_NS,NONE,0.022,0.0
1660,304Nvl_L3_NS,NONE,0.008,0.0
1660,32Nvl_L1_EW,32NVL_EW,0.057,0.018
1660,32Nvl_L2_EW,32NVL_EW,0.062,0.029
1660,32Nvl_L1_EW,32NVL_EW,0.013,-0.025
1660,32Nvl_L2_EW,32NVL_EW,0.015,-0.018
1660,NvcNvl_L1_EW,NVCNVL_EW,0.007,0.007
1660,NvcNvl_L2_EW,NVCNVL_EW,0.008,0.008
1660,32Mt_L1_NS,32MT_NS,0.006,0.006
1660,32Mt_L1_EW,NONE,0.014,0.0
1660,32Mt_L3_EW,NONE,0.018,0.0
1660,32Mt_L1_EW,32MT_EW,0.007,-0.033
1660,32Mt_L1_NS,NONE,0.01,0.0
1660,NvcMt_L2_NS,NONE,0.005,0.0
1660,32Thn_L1_EW,32THN_EW,0.048,0.008
1660,32Thn_L2_EW,32THN_EW,0.042,-0.002
1660,32Thn_L3_EW,NONE,0.041,0.0
1660,304Nvl_L2_NS,304NVL_NS,0.008,0.008
1660,304Nvl_L2_NS,NONE,0.007,0.0
1660,32Nvl_L3_EW,NONE,0.012,0.0
1660,32Nvl_L3_EW,NONE,0.05,0.0
1660,32Nvl_L1_NS,32NVL_NS,0.081,0.068
1660,NvcNvl_L3_EW,NONE,0.009,0.0
1660,32Mt_L2_EW,NONE,0.015,0.0
1660,32Mt_L2_EW,32MT_EW,0.005,-0.038
1660,NvcMt_L1_NS,NONE,0.005,0.0
1665,304Nvl_L1_NS,304NVL_NS,0.018,0.018
1665,304Nvl_L3_NS,NONE,0.007,0.0
1665,304Nvl_L1_EW,304NVL_EW,0.008,0.008
1665,32Nvl_L1_EW,32NVL_EW,0.064,0.034
1665,32Nvl_L2_EW,32NVL_EW,0.07,0.05
1665,32Nvl_L1_EW,32NVL_EW,0.013,-0.016
1665,32Nvl_L2_EW,32NVL_EW,0.015,-0.004
1665,32Mt_L1_NS,32MT_NS,0.006,0.006
1665,32Mt_L1_EW,32MT_EW,0.042,-0.003
1665,32Mt_L1_NS,NONE,0.01,0.0
1665,32Thn_L1_EW,NONE,0.049,0.0
1665,304Nvl_L2_NS,304NVL_NS,0.008,0.008
1665,32Nvl_L3_EW,NONE,0.012,0.0
1665,32Nvl_L3_EW,NONE,0.05,0.0
1665,32Nvl_L1_NS,32NVL_NS,0.081,0.068
1665,32Mt_L2_EW,32MT_EW,0.027,-0.021
1665,32Mt_L2_NS,NONE,0.009,0.0
1670,304Nvl_L1_NS,304NVL_NS,0.027,0.027
1670,304Nvl_L3_NS,NONE,0.007,0.0
1670,304Nvl_L1_EW,304NVL_EW,0.059,0.059
1670,304Nvl_L2_EW,304NVL_EW,0.015,0.015
1670,32Nvl_L1_EW,32NVL_EW,0.064,0.064
1670,32Nvl_L2_EW,32NVL_EW,0.07,0.07
1670,32Nvl_L1_EW,32NVL_EW,0.013,0.013
1670,32Nvl_L2_EW,32NVL_EW,0.015,0.015
1670,32Nvl_L3_NS,NONE,0.008,0.0
1670,32Nvl_L2_NS,32NVL_NS,0.008,-0.003
1670,NvcNvl_L3_NS,NONE,0.007,0.0
1670,NvcNvl_L2_NS,NONE,0.007,0.0
1670,NvcNvl_L1_EW,NONE,0.011,0.0
1670,NvcNvl_L2_EW,NONE,0.008,0.0
1670,32Mt_L1_NS,32MT_NS,0.006,0.006
1670,32Mt_L1_NS,NONE,0.01,0.0
1670,NvcMt_L1_EW,NVCMT_EW,0.006,0.006
1670,304Nvl_L2_NS,304NVL_NS,0.015,0.01
1670,304Nvl_L3_EW,NONE,0.013,0.0
1670,32Nvl_L3_EW,NONE,0.012,0.0
1670,32Nvl_L3_EW,NONE,0.056,0.0
1670,32Nvl_L1_NS,32NVL_NS,0.007,-0.012
1670,NvcNvl_L1_NS,NONE,0.009,0.0
1670,NvcMt_L2_EW,NVCMT_EW,0.008,0.008
1675,304Nvl_L1_NS,304NVL_NS,0.018,-0.04
1675,304Nvl_L3_NS,NONE,0.007,0.0
1675,304Nvl_L1_EW,304NVL_EW,0.008,0.008
1675,304Nvl_L2_EW,304NVL_EW,0.007,0.007
1675,32Nvl_L3_NS,NONE,0.082,0.0
1675,32Nvl_L1_NS,32NVL_NS,0.083,0.07
1675,32Nvl_L1_EW,32NVL_EW,0.014,0.004
1675,32Nvl_L2_EW,32NVL_EW,0.015,0.008
1675,32Nvl_L3_NS,NONE,0.017,0.0
1675,32Nvl_L2_NS,32NVL_NS,0.016,0.01
1675,32Mt_L1_NS,32MT_NS,0.006,0.006
1675,32Mt_L1_EW,32MT_EW,0.014,0.004
1675,NvcMt_L2_NS,NONE,0.005,0.0
1675,NvcCmt8_L2_NS,NONE,0.011,0.0
1675,NvcCmt8_L1_NS,NONE,0.008,0.0
1675,304Nvl_L2_NS,304NVL_NS,0.008,-0.003
1675,304Nvl_L3_EW,NONE,0.006,0.0
1675,32Nvl_L2_NS,32NVL_NS,0.08,0.075
1675,32Nvl_L3_EW,NONE,0.013,0.0
1675,32Nvl_L1_NS,32NVL_NS,0.013,0.001
1675,32Mt_L2_EW,32MT_EW,0.011,0.0
1675,NvcMt_L1_NS,NONE,0.005,0.0
1680,304Nvl_L1_NS,304NVL_NS,0.009,-0.049
1680,304Nvl_L3_NS,NONE,0.007,0.0
1680,304Nvl_L1_EW,304NVL_EW,0.008,0.008
1680,304Nvl_L2_EW,304NVL_EW,0.007,0.007
1680,304Nvl_L1_NS,NONE,0.015,0.0
1680,32Nvl_L1_NS,32NVL_NS,0.083,0.077
1680,32Nvl_L1_EW,32NVL_EW,0.007,0.007
1680,32Nvl_L2_EW,32NVL_EW,0.015,0.015
1680,32Nvl_L3_NS,NONE,0.025,0.0
1680,32Nvl_L2_NS,32NVL_NS,0.024,0.018
1680,NvcNvl_L3_NS,NONE,0.034,0.0
1680,NvcNvl_L2_NS,NONE,0.033,0.0
1680,32Mt_L1_NS,32MT_NS,0.006,0.006
1680,32Mt_L1_NS,NONE,0.01,0.0
1680,304Nvl_L2_NS,304NVL_NS,0.008,-0.009
1680,304Nvl_L3_EW,NONE,0.006,0.0
1680,32Nvl_L2_NS,32NVL_NS,0.08,0.075
1680,32Nvl_L3_EW,NONE,0.006,0.0
1680,32Nvl_L1_NS,32NVL_NS,0.027,0.021
1680,NvcNvl_L1_NS,NONE,0.044,0.0
1680,32Mt_L2_NS,NONE,0.009,0.0
1685,304Nvl_L1_EW,304NVL_EW,0.008,0.008
1685,304Nvl_L2_EW,304NVL_EW,0.007,0.007
1685,304Nvl_L1_NS,NONE,0.007,0.0
1685,32Nvl_L3_NS,NONE,0.034,0.0
1685,32Nvl_L1_NS,32NVL_NS,0.118,0.118
1685,32Nvl_L1_EW,32NVL_EW,0.042,0.042
1685,32Nvl_L2_EW,32NVL_EW,0.046,0.046
1685,32Nvl_L3_NS,NONE,0.042,0.0
1685,32Nvl_L2_NS,32NVL_NS,0.039,0.039
1685,NvcNvl_L3_NS,NONE,0.048,0.0
1685,NvcNvl_L2_NS,NONE,0.046,0.0
1685,32Mt_L1_EW,NONE,0.014,0.0
1685,304Nvl_L3_EW,NONE,0.006,0.0
1685,32Nvl_L2_NS,32NVL_NS,0.113,0.113
1685,32Nvl_L3_EW,NONE,0.038,0.0
1685,32Nvl_L1_NS,32NVL_NS,0.047,0.047
1685,NvcNvl_L1_NS,NONE,0.061,0.0
1690,304Nvl_L1_EW,304NVL_EW,0.025,0.025
1690,304Nvl_L2_EW,304NVL_EW,0.022,0.022
1690,32Nvl_L3_NS,NONE,0.014,0.0
1690,32Nvl_L1_NS,32NVL_NS,0.131,0.131
1690,32Nvl_L1_EW,32NVL_EW,0.05,0.05
1690,32Nvl_L2_EW,32NVL_EW,0.054,0.054
1690,32Nvl_L3_NS,NONE,0.042,0.0
1690,32Nvl_L2_NS,32NVL_NS,0.039,0.039
1690,NvcNvl_L2_NS,NONE,0.007,0.0
1690,NvcCmt8_L2_NS,NONE,0.011,0.0
1690,NvcCmt8_L1_NS,NONE,0.008,0.0
1690,304Nvl_L3_EW,NONE,0.019,0.0
1690,32Nvl_L2_NS,32NVL_NS,0.127,0.127
1690,32Nvl_L3_EW,NONE,0.044,0.0
1690,32Nvl_L1_NS,32NVL_NS,0.067,0.067
1690,NvcNvl_L1_NS,NONE,0.009,0.0
1695,304Nvl_L1_EW,304NVL_EW,0.025,0.025
1695,304Nvl_L2_EW,304NVL_EW,0.022,0.022
1695,304Nvl_L1_NS,NONE,0.007,0.0
1695,32Nvl_L1_NS,32NVL_NS,0.007,0.007
1695,32Nvl_L1_EW,32NVL_EW,0.042,0.038
1695,32Nvl_L2_EW,32NVL_EW,0.046,0.043
1695,32Nvl_L2_NS,32NVL_NS,0.008,0.008
1695,32Mt_L1_EW,32MT_EW,0.007,-0.023
1695,32Mt_L1_NS,NONE,0.01,0.0
1695,304Nvl_L3_EW,NONE,0.019,0.0
1695,32Nvl_L2_NS,32NVL_NS,0.007,0.007
1695,32Nvl_L3_EW,NONE,0.038,0.0
1695,32Nvl_L1_NS,32NVL_NS,0.027,0.027
1695,32Mt_L2_EW,32MT_EW,0.005,-0.027
1695,32Mt_L2_NS,NONE,0.009,0.0
1700,32Nvl_L1_EW,32NVL_EW,0.042,0.038
1700,32Nvl_L2_EW,32NVL_EW,0.046,0.043
1700,32Nvl_L1_EW,32NVL_EW,0.007,0.002
1700,32Nvl_L2_EW,32NVL_EW,0.007,0.004
1700,NvcNvl_L3_NS,NONE,0.007,0.0
1700,NvcNvl_L2_NS,NONE,0.007,0.0
1700,32Mt_L1_EW,32MT_EW,0.007,-0.023
1700,32Nvl_L3_EW,NONE,0.006,0.0
1700,32Nvl_L3_EW,NONE,0.038,0.0
1700,32Nvl_L1_NS,32NVL_NS,0.013,0.013
1700,NvcNvl_L1_NS,NONE,0.009,0.0
1700,32Mt_L2_EW,32MT_EW,0.005,-0.027
1705,304Nvl_L1_EW,304NVL_EW,0.008,0.008
1705,32Nvl_L3_NS,NONE,0.007,0.0
1705,32Nvl_L1_NS,32NVL_NS,0.021,0.021
1705,32Nvl_L1_EW,32NVL_EW,0.035,0.03
1705,32Nvl_L2_EW,32NVL_EW,0.039,0.035
1705,32Nvl_L1_EW,32NVL_EW,0.007,0.002
1705,32Nvl_L2_EW,32NVL_EW,0.007,0.004
1705,NvcNvl_L3_NS,NONE,0.007,0.0
1705,NvcNvl_L2_NS,NONE,0.007,0.0
1705,32Mt_L1_NS,32MT_NS,0.006,0.006
1705,32Mt_L1_EW,32MT_EW,0.007,-0.018
1705,32Nvl_L2_NS,32NVL_NS,0.013,0.013
1705,32Nvl_L3_EW,NONE,0.006,0.0
1705,32Nvl_L3_EW,NONE,0.031,0.0
1705,32Nvl_L1_NS,32NVL_NS,0.04,0.04
1705,NvcNvl_L1_NS,NONE,0.009,0.0
1705,32Mt_L2_EW,32MT_EW,0.005,-0.022
1710,304Nvl_L1_EW,304NVL_EW,0.017,0.017
1710,304Nvl_L2_EW,304NVL_EW,0.007,0.007
1710,32Nvl_L1_NS,32NVL_NS,0.014,0.014
1710,32Nvl_L1_EW,32NVL_EW,0.035,0.026
1710,32Nvl_L2_EW,32NVL_EW,0.039,0.031
1710,32Nvl_L1_EW,32NVL_EW,0.007,-0.003
1710,32Nvl_L2_EW,32NVL_EW,0.007,0.0
1710,NvcNvl_L1_EW,NVCNVL_EW,0.007,0.007
1710,NvcNvl_L2_EW,NVCNVL_EW,0.008,0.008
1710,32Mt_L1_EW,NONE,0.007,0.0
1710,32Mt_L3_EW,NONE,0.009,0.0
1710,32Mt_L1_EW,32MT_EW,0.014,-0.011
1710,32Mt_L1_NS,NONE,0.01,0.0
1710,NvcCmt8_L2_EW,NVCCMT8_EW,0.063,0.063
1710,304Nvl_L3_EW,NONE,0.006,0.0
1710,32Nvl_L2_NS,32NVL_NS,0.007,0.007
1710,32Nvl_L3_EW,NONE,0.006,0.0
1710,32Nvl_L3_EW,NONE,0.031,0.0
1710,32Nvl_L1_NS,32NVL_NS,0.04,0.04
1710,NvcNvl_L3_EW,NONE,0.009,0.0
1710,32Mt_L2_EW,NONE,0.008,0.0
1710,32Mt_L2_EW,32MT_EW,0.011,-0.016
1710,32Mt_L2_NS,NONE,0.009,0.0
1710,NvcCmt8_L1_EW,NVCCMT8_EW,0.092,0.092
1715,304Nvl_L1_NS,304NVL_NS,0.009,0.009
1715,304Nvl_L3_NS,NONE,0.007,0.0
1715,304Nvl_L1_EW,304NVL_EW,0.008,0.008
1715,304Nvl_L1_NS,NONE,0.007,0.0
1715,32Nvl_L1_EW,32NVL_EW,0.035,0.021
1715,32Nvl_L2_EW,32NVL_EW,0.039,0.027
1715,32Nvl_L1_EW,32NVL_EW,0.007,-0.008
1715,32Nvl_L2_EW,32NVL_EW,0.007,-0.004
1715,NvcNvl_L2_NS,NONE,0.007,0.0
1715,NvcNvl_L1_NS,NVCNVL_NS,0.007,0.007
1715,32Mt_L1_NS,32MT_NS,0.006,0.006
1715,32Mt_L1_EW,NONE,0.007,0.0
1715,32Mt_L3_EW,NONE,0.009,0.0
1715,32Mt_L1_EW,32MT_EW,0.021,-0.004
1715,NvcMt_L2_NS,NONE,0.005,0.0
1715,NvcCmt8_L2_EW,NVCCMT8_EW,0.063,0.063
1715,304Nvl_L2_NS,304NVL_NS,0.008,0.008
1715,32Nvl_L3_EW,NONE,0.006,0.0
1715,32Nvl_L3_EW,NONE,0.031,0.0
1715,32Nvl_L1_NS,32NVL_NS,0.007,-0.004
1715,NvcNvl_L1_NS,NONE,0.009,0.0
1715,32Mt_L2_EW,NONE,0.008,0.0
1715,32Mt_L2_EW,32MT_EW,0.016,-0.011
1715,NvcMt_L1_NS,NONE,0.005,0.0
1715,NvcCmt8_L1_EW,NVCCMT8_EW,0.092,0.092
1720,304Nvl_L1_NS,304NVL_NS,0.009,0.004
1720,304Nvl_L3_NS,NONE,0.007,0.0
1720,32Nvl_L3_NS,NONE,0.007,0.0
1720,32Nvl_L1_NS,32NVL_NS,0.007,-0.004
1720,32Nvl_L1_EW,32NVL_EW,0.042,0.023
1720,32Nvl_L2_EW,32NVL_EW,0.046,0.035
1720,32Nvl_L1_EW,32NVL_EW,0.007,-0.013
1720,32Nvl_L2_EW,32NVL_EW,0.007,-0.004
1720,NvcNvl_L3_NS,NONE,0.014,0.0
1720,NvcNvl_L2_NS,NONE,0.013,0.0
1720,NvcNvl_L1_NS,NVCNVL_NS,0.007,0.002
1720,32Mt_L1_EW,32MT_EW,0.028,-0.002
1720,NvcMt_L2_NS,NONE,0.005,0.0
1720,NvcCmt8_L2_EW,NVCCMT8_EW,0.063,0.063
1720,304Nvl_L2_NS,304NVL_NS,0.008,0.008
1720,32Nvl_L2_NS,32NVL_NS,0.007,0.001
1720,32Nvl_L3_EW,NONE,0.006,0.0
1720,32Nvl_L3_EW,NONE,0.038,0.0
1720,NvcNvl_L1_NS,NONE,0.017,0.0
1720,32Mt_L2_EW,32MT_EW,0.016,-0.016
1720,NvcMt_L1_NS,NONE,0.005,0.0
1720,NvcCmt8_L1_EW,NVCCMT8_EW,0.092,0.092
1725,304Nvl_L1_NS,304NVL_NS,0.009,0.004
1725,304Nvl_L3_NS,NONE,0.007,0.0
1725,32Nvl_L1_NS,32NVL_NS,0.007,-0.004
1725,32Nvl_L1_EW,32NVL_EW,0.035,0.011
1725,32Nvl_L2_EW,32NVL_EW,0.039,0.023
1725,32Nvl_L1_EW,32NVL_EW,0.007,-0.018
1725,32Nvl_L2_EW,32NVL_EW,0.007,-0.008
1725,NvcNvl_L1_NS,NVCNVL_NS,0.007,0.002
1725,32Mt_L1_EW,NONE,0.007,0.0
1725,32Mt_L3_EW,NONE,0.009,0.0
1725,32Mt_L1_EW,32MT_EW,0.035,0.01
1725,NvcCmt8_L2_EW,NVCCMT8_EW,0.063,0.063
1725,304Nvl_L2_NS,304NVL_NS,0.008,0.008
1725,32Nvl_L2_NS,32NVL_NS,0.007,0.001
1725,32Nvl_L3_EW,NONE,0.006,0.0
1725,32Nvl_L3_EW,NONE,0.031,0.0
1725,32Mt_L2_EW,NONE,0.008,0.0
1725,32Mt_L2_EW,32MT_EW,0.022,-0.005
1725,NvcCmt8_L1_EW,NVCCMT8_EW,0.092,0.092
1730,304Nvl_L1_NS,304NVL_NS,0.009,0.009
1730,304Nvl_L3_NS,NONE,0.007,0.0
1730,304Nvl_L1_EW,304NVL_EW,0.008,0.008
1730,304Nvl_L2_EW,304NVL_EW,0.007,0.007
1730,32Nvl_L1_EW,32NVL_EW,0.035,0.0
1730,32Nvl_L2_EW,32NVL_EW,0.039,0.008
1730,32Nvl_L1_EW,32NVL_EW,0.007,-0.029
1730,32Nvl_L2_EW,32NVL_EW,0.007,-0.023
1730,32Nvl_L3_NS,NONE,0.008,0.0
1730,32Nvl_L2_NS,32NVL_NS,0.008,0.003
1730,NvcNvl_L3_NS,NONE,0.034,0.0
1730,NvcNvl_L2_NS,NONE,0.033,0.0
1730,NvcNvl_L1_EW,NVCNVL_EW,0.007,0.007
1730,32Mt_L1_EW,32MT_EW,0.035,0.01
1730,32Mt_L1_NS,NONE,0.01,0.0
1730,32Thn_L1_EW,32THN_EW,0.016,-0.009
1730,32Thn_L2_EW,32THN_EW,0.017,-0.01
1730,32Thn_L3_EW,NONE,0.016,0.0
1730,304Nvl_L2_NS,304NVL_NS,0.008,0.002
1730,304Nvl_L3_EW,NONE,0.006,0.0
1730,32Nvl_L3_EW,NONE,0.006,0.0
1730,32Nvl_L3_EW,NONE,0.031,0.0
1730,32Nvl_L1_NS,32NVL_NS,0.02,0.014
1730,NvcNvl_L1_NS,NONE,0.044,0.0
1730,32Mt_L2_EW,32MT_EW,0.027,0.0
1735,304Nvl_L1_NS,304NVL_NS,0.018,0.018
1735,304Nvl_L3_NS,NONE,0.015,0.0
1735,304Nvl_L1_NS,NONE,0.015,0.0
1735,304Nvl_L3_NS,NONE,0.008,0.0
1735,32Nvl_L1_EW,32NVL_EW,0.035,-0.001
1735,32Nvl_L2_EW,32NVL_EW,0.039,0.006
1735,32Nvl_L1_EW,32NVL_EW,0.04,0.004
1735,32Nvl_L2_EW,32NVL_EW,0.045,0.012
1735,NvcNvl_L1_EW,NONE,0.011,0.0
1735,NvcNvl_L2_EW,NONE,0.008,0.0
1735,NvcNvl_L1_EW,NVCNVL_EW,0.007,0.007
1735,NvcNvl_L2_EW,NVCNVL_EW,0.008,0.008
1735,32Mt_L1_EW,32MT_EW,0.028,0.003
1735,32Mt_L1_NS,NONE,0.049,0.0
1735,32Thn_L1_EW,32THN_EW,0.024,-0.001
1735,32Thn_L2_EW,32THN_EW,0.025,-0.002
1735,32Thn_L3_EW,NONE,0.025,0.0
1735,304Nvl_L2_NS,304NVL_NS,0.015,0.015
1735,304Nvl_L2_NS,NONE,0.007,0.0
1735,32Nvl_L3_EW,NONE,0.037,0.0
1735,32Nvl_L3_EW,NONE,0.031,0.0
1735,NvcNvl_L3_EW,NONE,0.006,0.0
1735,NvcNvl_L3_EW,NONE,0.009,0.0
1735,32Mt_L2_EW,32MT_EW,0.022,-0.005
1735,32Mt_L2_NS,NONE,0.043,0.0
1735,NvcCmt8_L1_EW,NONE,0.069,0.0
1740,304Nvl_L1_NS,304NVL_NS,0.018,0.013
1740,304Nvl_L3_NS,NONE,0.015,0.0
1740,304Nvl_L1_EW,304NVL_EW,0.008,0.008
1740,304Nvl_L2_EW,304NVL_EW,0.007,0.007
1740,304Nvl_L1_NS,NONE,0.007,0.0
1740,32Nvl_L3_NS,NONE,0.007,0.0
1740,32Nvl_L1_NS,32NVL_NS,0.007,-0.006
1740,32Nvl_L1_EW,32NVL_EW,0.035,0.004
1740,32Nvl_L2_EW,32NVL_EW,0.039,0.01
1740,32Nvl_L1_EW,32NVL_EW,0.04,0.009
1740,32Nvl_L2_EW,32NVL_EW,0.045,0.016
1740,NvcNvl_L1_EW,NONE,0.064,0.0
1740,NvcNvl_L2_EW,NONE,0.046,0.0
1740,32Mt_L1_EW,NONE,0.036,0.0
1740,32Mt_L3_EW,NONE,0.044,0.0
1740,32Mt_L1_EW,32MT_EW,0.021,-0.004
1740,NvcCmt8_L2_NS,NONE,0.011,0.0
1740,32Thn_L1_EW,32THN_EW,0.024,-0.001
1740,32Thn_L2_EW,32THN_EW,0.025,-0.002
1740,NvcCmt8_L1_NS,NONE,0.008,0.0
1740,32Thn_L3_EW,NONE,0.025,0.0
1740,304Nvl_L2_NS,304NVL_NS,0.015,0.015
1740,304Nvl_L3_EW,NONE,0.006,0.0
1740,32Nvl_L2_NS,32NVL_NS,0.007,-0.004
1740,32Nvl_L3_EW,NONE,0.037,0.0
1740,32Nvl_L3_EW,NONE,0.031,0.0
1740,NvcNvl_L3_EW,NONE,0.006,0.0
1740,32Mt_L2_EW,NONE,0.038,0.0
1740,32Mt_L2_EW,32MT_EW,0.016,-0.011
1745,304Nvl_L1_NS,304NVL_NS,0.018,0.013
1745,304Nvl_L3_NS,NONE,0.015,0.0
1745,304Nvl_L1_EW,304NVL_EW,0.042,0.042
1745,304Nvl_L2_EW,304NVL_EW,0.036,0.036
1745,32Nvl_L3_NS,NONE,0.007,0.0
1745,32Nvl_L1_NS,32NVL_NS,0.007,-0.01
1745,32Nvl_L1_EW,32NVL_EW,0.035,0.0
1745,32Nvl_L2_EW,32NVL_EW,0.039,0.01
1745,32Nvl_L1_EW,32NVL_EW,0.04,0.005
1745,32Nvl_L2_EW,32NVL_EW,0.045,0.016
1745,NvcNvl_L3_NS,NONE,0.041,0.0
1745,NvcNvl_L2_NS,NONE,0.04,0.0
1745,NvcNvl_L1_EW,NVCNVL_EW,0.007,0.007
1745,NvcNvl_L2_EW,NVCNVL_EW,0.008,0.008
1745,NvcNvl_L1_NS,NVCNVL_NS,0.007,0.002
1745,32Mt_L1_EW,NONE,0.036,0.0
1745,32Mt_L1_EW,32MT_EW,0.042,0.017
1745,32Thn_L1_EW,NONE,0.019,0.0
1745,32Thn_L1_EW,32THN_EW,0.008,-0.017
1745,32Thn_L2_EW,32THN_EW,0.008,-0.019
1745,32Thn_L3_EW,NONE,0.008,0.0
1745,304Nvl_L2_NS,304NVL_NS,0.015,0.015
1745,304Nvl_L3_EW,NONE,0.032,0.0
1745,32Nvl_L2_NS,32NVL_NS,0.007,-0.004
1745,32Nvl_L3_EW,NONE,0.037,0.0
1745,32Nvl_L3_EW,NONE,0.031,0.0
1745,NvcNvl_L1_NS,NONE,0.052,0.0
1745,NvcNvl_L3_EW,NONE,0.009,0.0
1745,32Mt_L2_EW,32MT_EW,0.033,0.006
1750,304Nvl_L1_NS,304NVL_NS,0.018,0.018
1750,304Nvl_L3_NS,NONE,0.015,0.0
1750,304Nvl_L1_EW,304NVL_EW,0.008,0.008
1750,304Nvl_L1_NS,NONE,0.007,0.0
1750,32Nvl_L1_EW,32NVL_EW,0.035,-0.004
1750,32Nvl_L2_EW,32NVL_EW,0.039,0.008
1750,32Nvl_L1_EW,32NVL_EW,0.04,0.001
1750,32Nvl_L2_EW,32NVL_EW,0.045,0.014
1750,NvcNvl_L3_NS,NONE,0.007,0.0
1750,NvcNvl_L2_NS,NONE,0.007,0.0
1750,NvcNvl_L1_NS,NVCNVL_NS,0.007,0.007
1750,32Mt_L1_EW,NONE,0.014,0.0
1750,32Mt_L1_EW,32MT_EW,0.056,0.031
1750,32Mt_L1_NS,NONE,0.01,0.0
1750,32Thn_L1_EW,NONE,0.019,0.0
1750,304Nvl_L2_NS,304NVL_NS,0.015,0.015
1750,32Nvl_L3_EW,NONE,0.037,0.0
1750,32Nvl_L3_EW,NONE,0.031,0.0
1750,NvcNvl_L1_NS,NONE,0.009,0.0
1750,32Mt_L2_EW,32MT_EW,0.044,0.016
1750,32Mt_L2_NS,NONE,0.009,0.0
1750,NvcCmt8_L1_NS,NONE,0.011,0.0
1755,304Nvl_L1_NS,304NVL_NS,0.018,0.018
1755,304Nvl_L3_NS,NONE,0.015,0.0
1755,304Nvl_L1_EW,304NVL_EW,0.042,0.042
1755,304Nvl_L2_EW,304NVL_EW,0.036,0.036
1755,304Nvl_L1_NS,NONE,0.036,0.0
1755,32Nvl_L1_EW,32NVL_EW,0.127,0.127
1755,32Nvl_L2_EW,32NVL_EW,0.139,0.139
1755,32Nvl_L1_EW,32NVL_EW,0.04,0.04
1755,32Nvl_L2_EW,32NVL_EW,0.045,0.045
1755,NvcNvl_L3_NS,NONE,0.014,0.0
1755,NvcNvl_L2_NS,NONE,0.013,0.0
1755,NvcNvl_L1_EW,NONE,0.064,0.0
1755,NvcNvl_L2_EW,NONE,0.046,0.0
1755,32Mt_L1_NS,32MT_NS,0.031,0.031
1755,32Mt_L1_EW,NONE,0.007,0.0
1755,32Mt_L1_NS,NONE,0.01,0.0
1755,NvcMt_L1_EW,NVCMT_EW,0.006,0.006
1755,32Thn_L1_EW,NONE,0.019,0.0
1755,304Nvl_L2_NS,304NVL_NS,0.015,0.015
1755,304Nvl_L3_EW,NONE,0.032,0.0
1755,32Nvl_L3_EW,NONE,0.037,0.0
1755,32Nvl_L3_EW,NONE,0.113,0.0
1755,32Nvl_L1_NS,32NVL_NS,0.007,-0.006
1755,NvcNvl_L1_NS,NONE,0.017,0.0
1755,32Mt_L2_NS,NONE,0.009,0.0
1755,NvcMt_L2_EW,NVCMT_EW,0.008,0.008
1760,304Nvl_L1_NS,304NVL_NS,0.018,0.018
1760,304Nvl_L3_NS,NONE,0.015,0.0
1760,304Nvl_L1_EW,304NVL_EW,0.008,0.008
1760,304Nvl_L2_EW,304NVL_EW,0.007,0.007
1760,304Nvl_L1_NS,NONE,0.036,0.0
1760,32Nvl_L1_EW,32NVL_EW,0.085,0.085
1760,32Nvl_L2_EW,32NVL_EW,0.093,0.093
1760,NvcNvl_L1_EW,NONE,0.011,0.0
1760,NvcNvl_L2_EW,NONE,0.008,0.0
1760,32Mt_L1_NS,32MT_NS,0.038,0.038
1760,32Mt_L1_EW,NONE,0.014,0.0
1760,NvcMt_L2_NS,NONE,0.005,0.0
1760,304Nvl_L2_NS,304NVL_NS,0.015,0.015
1760,304Nvl_L3_EW,NONE,0.006,0.0
1760,32Nvl_L3_EW,NONE,0.075,0.0
1760,NvcMt_L1_NS,NONE,0.005,0.0
1765,304Nvl_L1_NS,304NVL_NS,0.018,0.013
1765,304Nvl_L3_NS,NONE,0.015,0.0
1765,32Nvl_L1_NS,32NVL_NS,0.007,-0.006
1765,NvcNvl_L1_EW,NONE,0.011,0.0
1765,NvcNvl_L2_EW,NONE,0.008,0.0
1765,NvcNvl_L1_EW,NVCNVL_EW,0.007,0.003
1765,32Mt_L1_NS,32MT_NS,0.038,0.038
1765,NvcMt_L2_NS,NONE,0.005,0.0
1765,NvcMt_L1_EW,NVCMT_EW,0.006,0.001
1765,304Nvl_L2_NS,304NVL_NS,0.015,0.015
1765,32Nvl_L2_NS,32NVL_NS,0.007,-0.004
1765,32Nvl_L1_NS,32NVL_NS,0.007,-0.006
1765,NvcNvl_L3_EW,NONE,0.006,0.0
1765,NvcMt_L1_NS,NONE,0.005,0.0
1765,NvcMt_L2_EW,NVCMT_EW,0.008,0.008
1770,304Nvl_L1_NS,304NVL_NS,0.018,0.013
1770,304Nvl_L3_NS,NONE,0.015,0.0
1770,304Nvl_L1_EW,304NVL_EW,0.042,0.042
1770,304Nvl_L2_EW,304NVL_EW,0.036,0.036
1770,304Nvl_L1_NS,NONE,0.007,0.0
1770,32Nvl_L1_NS,32NVL_NS,0.007,-0.006
1770,32Nvl_L3_NS,NONE,0.042,0.0
1770,32Nvl_L2_NS,32NVL_NS,0.039,0.029
1770,NvcNvl_L3_NS,NONE,0.007,0.0
1770,NvcNvl_L2_NS,NONE,0.007,0.0
1770,32Mt_L1_NS,32MT_NS,0.006,0.006
1770,32Mt_L1_EW,NONE,0.072,0.0
1770,32Mt_L3_EW,NONE,0.088,0.0
1770,NvcMt_L2_NS,NONE,0.026,0.0
1770,304Nvl_L2_NS,304NVL_NS,0.015,-0.012
1770,304Nvl_L3_EW,NONE,0.032,0.0
1770,32Nvl_L2_NS,32NVL_NS,0.007,-0.004
1770,32Nvl_L1_NS,32NVL_NS,0.047,0.034
1770,NvcNvl_L1_NS,NONE,0.009,0.0
1770,32Mt_L2_EW,NONE,0.075,0.0
1770,NvcMt_L1_NS,NONE,0.027,0.0
1775,304Nvl_L1_NS,304NVL_NS,0.018,0.008
1775,304Nvl_L3_NS,NONE,0.015,0.0
1775,304Nvl_L1_EW,304NVL_EW,0.076,0.076
1775,304Nvl_L2_EW,304NVL_EW,0.065,0.065
1775,32Nvl_L3_NS,NONE,0.007,0.0
1775,32Nvl_L1_NS,32NVL_NS,0.014,-0.003
1775,32Nvl_L3_NS,NONE,0.092,0.0
1775,32Nvl_L2_NS,32NVL_NS,0.087,0.076
1775,NvcNvl_L3_NS,NONE,0.007,0.0
1775,NvcNvl_L2_NS,NONE,0.007,0.0
1775,NvcNvl_L1_NS,NVCNVL_NS,0.007,-0.003
1775,32Mt_L1_EW,NONE,0.05,0.0
1775,32Mt_L3_EW,NONE,0.062,0.0
1775,304Nvl_L2_NS,304NVL_NS,0.015,-0.046
1775,304Nvl_L3_EW,NONE,0.057,0.0
1775,32Nvl_L2_NS,32NVL_NS,0.013,0.003
1775,32Nvl_L1_NS,32NVL_NS,0.168,0.15
1775,NvcNvl_L1_NS,NONE,0.009,0.0
1775,32Mt_L2_EW,NONE,0.053,0.0
1780,304Nvl_L1_NS,304NVL_NS,0.018,0.008
1780,304Nvl_L3_NS,NONE,0.015,0.0
1780,304Nvl_L1_EW,304NVL_EW,0.042,0.042
1780,304Nvl_L2_EW,304NVL_EW,0.036,0.036
1780,32Nvl_L3_NS,NONE,0.007,0.0
1780,32Nvl_L1_NS,32NVL_NS,0.014,-0.003
1780,32Nvl_L1_EW,32NVL_EW,0.007,0.007
1780,32Nvl_L2_EW,32NVL_EW,0.008,0.008
1780,32Nvl_L3_NS,NONE,0.109,0.0
1780,32Nvl_L2_NS,32NVL_NS,0.103,0.092
1780,NvcNvl_L3_NS,NONE,0.007,0.0
1780,NvcNvl_L2_NS,NONE,0.007,0.0
1780,NvcNvl_L1_EW,NONE,0.011,0.0
1780,NvcNvl_L2_EW,NONE,0.008,0.0
1780,NvcNvl_L1_EW,NVCNVL_EW,0.007,0.007
1780,NvcNvl_L1_NS,NVCNVL_NS,0.007,-0.003
1780,32Mt_L1_EW,NONE,0.007,0.0
1780,32Mt_L3_EW,NONE,0.009,0.0
1780,32Mt_L1_NS,NONE,0.049,0.0
1780,304Nvl_L2_NS,304NVL_NS,0.015,-0.057
1780,304Nvl_L3_EW,NONE,0.032,0.0
1780,32Nvl_L2_NS,32NVL_NS,0.013,0.003
1780,32Nvl_L3_EW,NONE,0.006,0.0
1780,32Nvl_L1_NS,32NVL_NS,0.174,0.157
1780,NvcNvl_L1_NS,NONE,0.009,0.0
1780,NvcNvl_L3_EW,NONE,0.006,0.0
1780,32Mt_L2_EW,NONE,0.008,0.0
1785,304Nvl_L1_NS,304NVL_NS,0.018,0.008
1785,304Nvl_L3_NS,NONE,0.015,0.0
1785,304Nvl_L1_EW,304NVL_EW,0.025,0.025
1785,304Nvl_L2_EW,304NVL_EW,0.022,0.022
1785,304Nvl_L1_NS,NONE,0.051,0.0
1785,32Nvl_L3_NS,NONE,0.007,0.0
1785,32Nvl_L1_NS,32NVL_NS,0.014,-0.003
1785,32Nvl_L3_NS,NONE,0.125,0.0
1785,32Nvl_L2_NS,32NVL_NS,0.118,0.108
1785,NvcNvl_L1_EW,NVCNVL_EW,0.007,0.007
1785,NvcNvl_L2_EW,NVCNVL_EW,0.008,0.008
1785,NvcNvl_L1_NS,NVCNVL_NS,0.007,-0.003
1785,32Mt_L1_NS,32MT_NS,0.006,0.006
1785,32Mt_L1_EW,NONE,0.007,0.0
1785,32Mt_L3_EW,NONE,0.009,0.0
1785,32Mt_L1_EW,32MT_EW,0.035,0.035
1785,304Nvl_L2_NS,304NVL_NS,0.015,-0.068
1785,304Nvl_L3_EW,NONE,0.019,0.0
1785,32Nvl_L2_NS,32NVL_NS,0.013,0.003
1785,32Nvl_L1_NS,32NVL_NS,0.181,0.164
1785,NvcNvl_L3_EW,NONE,0.009,0.0
1785,32Mt_L2_NS,32MT_NS,0.006,0.006
1785,32Mt_L2_EW,NONE,0.008,0.0
1785,32Mt_L2_EW,32MT_EW,0.027,0.027
1790,304Nvl_L1_NS,304NVL_NS,0.018,-0.04
1790,304Nvl_L3_NS,NONE,0.015,0.0
1790,304Nvl_L1_EW,304NVL_EW,0.008,0.008
1790,304Nvl_L2_EW,304NVL_EW,0.007,0.007
1790,304Nvl_L1_NS,NONE,0.029,0.0
1790,32Nvl_L3_NS,NONE,0.075,0.0
1790,32Nvl_L1_NS,32NVL_NS,0.083,0.07
1790,32Nvl_L3_NS,NONE,0.125,0.0
1790,32Nvl_L2_NS,32NVL_NS,0.118,0.108
1790,NvcNvl_L1_EW,NVCNVL_EW,0.007,0.007
1790,NvcNvl_L2_EW,NVCNVL_EW,0.008,0.008
1790,32Mt_L1_NS,32MT_NS,0.006,0.006
1790,32Mt_L1_EW,NONE,0.007,0.0
1790,32Mt_L1_NS,NONE,0.01,0.0
1790,304Nvl_L2_NS,304NVL_NS,0.015,-0.068
1790,304Nvl_L3_EW,NONE,0.006,0.0
1790,32Nvl_L2_NS,32NVL_NS,0.08,0.069
1790,32Nvl_L1_NS,32NVL_NS,0.107,0.095
1790,NvcNvl_L3_EW,NONE,0.009,0.0
1790,32Mt_L2_NS,32MT_NS,0.006,0.006
1795,304Nvl_L1_EW,304NVL_EW,0.008,0.008
1795,304Nvl_L2_EW,304NVL_EW,0.007,0.007
1795,304Nvl_L1_NS,NONE,0.029,0.0
1795,32Nvl_L3_NS,NONE,0.041,0.0
1795,32Nvl_L1_NS,32NVL_NS,0.083,0.083
1795,32Nvl_L3_NS,NONE,0.125,0.0
1795,32Nvl_L2_NS,32NVL_NS,0.118,0.118
1795,NvcNvl_L1_EW,NVCNVL_EW,0.007,0.007
1795,NvcNvl_L2_EW,NVCNVL_EW,0.008,0.008
1795,32Mt_L1_NS,32MT_NS,0.006,0.006
1795,32Mt_L1_EW,NONE,0.007,0.0
1795,32Mt_L3_EW,NONE,0.009,0.0
1795,32Mt_L1_EW,32MT_EW,0.007,0.007
1795,304Nvl_L3_EW,NONE,0.006,0.0
1795,32Nvl_L2_NS,32NVL_NS,0.08,0.08
1795,32Nvl_L1_NS,32NVL_NS,0.107,0.107
1795,NvcNvl_L3_EW,NONE,0.009,0.0
1795,32Mt_L2_NS,32MT_NS,0.006,0.006
1795,32Mt_L2_EW,NONE,0.008,0.0
1800,304Nvl_L1_NS,304NVL_NS,0.018,-0.035
1800,304Nvl_L3_NS,NONE,0.007,0.0
1800,304Nvl_L1_EW,304NVL_EW,0.008,0.008
1800,304Nvl_L2_EW,304NVL_EW,0.007,0.007
1800,304Nvl_L1_NS,NONE,0.007,0.0
1800,32Nvl_L3_NS,NONE,0.041,0.0
1800,32Nvl_L1_NS,32NVL_NS,0.076,0.063
1800,32Nvl_L3_NS,NONE,0.083,0.0
1800,32Nvl_L2_NS,32NVL_NS,0.079,0.074
1800,NvcNvl_L1_EW,NVCNVL_EW,0.007,0.007
1800,NvcNvl_L2_EW,NVCNVL_EW,0.008,0.008
1800,32Mt_L1_NS,32MT_NS,0.013,0.013
1800,32Mt_L1_EW,32MT_EW,0.007,0.007
1800,NvcMt_L2_NS,NONE,0.011,0.0
1800,304Nvl_L2_NS,304NVL_NS,0.008,-0.048
1800,304Nvl_L3_EW,NONE,0.006,0.0
1800,32Nvl_L2_NS,32NVL_NS,0.073,0.068
1800,32Nvl_L1_NS,32NVL_NS,0.074,0.061
1800,NvcNvl_L3_EW,NONE,0.009,0.0
1800,32Mt_L2_NS,32MT_NS,0.006,0.006
1800,32Mt_L2_EW,32MT_EW,0.005,0.005
1800,NvcMt_L1_NS,NONE,0.011,0.0
1805,304Nvl_L1_EW,304NVL_EW,0.008,0.008
1805,304Nvl_L1_NS,NONE,0.007,0.0
1805,32Nvl_L1_NS,32NVL_NS,0.035,0.035
1805,32Nvl_L3_NS,NONE,0.083,0.0
1805,32Nvl_L2_NS,32NVL_NS,0.087,0.087
1805,NvcNvl_L1_EW,NVCNVL_EW,0.007,0.003
1805,NvcNvl_L2_EW,NVCNVL_EW,0.008,0.008
1805,32Mt_L1_EW,32MT_EW,0.007,0.007
1805,NvcMt_L2_NS,NONE,0.016,0.0
1805,NvcMt_L1_EW,NVCMT_EW,0.006,0.001
1805,32Nvl_L1_NS,32NVL_NS,0.081,0.081
1805,NvcNvl_L3_EW,NONE,0.009,0.0
1805,NvcMt_L1_NS,NONE,0.016,0.0
1805,NvcMt_L2_EW,NVCMT_EW,0.008,0.002
1810,304Nvl_L1_EW,304NVL_EW,0.008,0.008
1810,304Nvl_L1_NS,NONE,0.015,0.0
1810,32Nvl_L3_NS,NONE,0.007,0.0
1810,32Nvl_L1_NS,32NVL_NS,0.042,0.042
1810,32Nvl_L1_EW,32NVL_EW,0.085,0.075
1810,32Nvl_L2_EW,32NVL_EW,0.093,0.089
1810,32Nvl_L3_NS,NONE,0.075,0.0
1810,32Nvl_L2_NS,32NVL_NS,0.071,0.071
1810,NvcNvl_L1_EW,NVCNVL_EW,0.007,0.003
1810,NvcNvl_L2_EW,NVCNVL_EW,0.008,0.008
1810,32Mt_L1_EW,32MT_EW,0.014,-0.045
1810,NvcMt_L2_NS,NONE,0.005,0.0
1810,NvcMt_L1_EW,NVCMT_EW,0.006,0.001
1810,32Nvl_L2_NS,32NVL_NS,0.007,0.007
1810,32Nvl_L3_EW,NONE,0.075,0.0
1810,32Nvl_L1_NS,32NVL_NS,0.067,0.067
1810,NvcNvl_L3_EW,NONE,0.009,0.0
1810,32Mt_L2_EW,32MT_EW,0.005,-0.059
1810,NvcMt_L1_NS,NONE,0.005,0.0
1810,NvcMt_L2_EW,NVCMT_EW,0.008,0.002
1815,304Nvl_L1_EW,304NVL_EW,0.008,0.008
1815,304Nvl_L1_NS,NONE,0.007,0.0
1815,32Nvl_L1_EW,32NVL_EW,0.092,0.082
1815,32Nvl_L2_EW,32NVL_EW,0.1,0.093
1815,32Nvl_L1_EW,32NVL_EW,0.02,0.01
1815,32Nvl_L2_EW,32NVL_EW,0.022,0.015
1815,32Nvl_L3_NS,NONE,0.017,0.0
1815,32Nvl_L2_NS,32NVL_NS,0.016,0.016
1815,NvcNvl_L3_NS,NONE,0.007,0.0
1815,NvcNvl_L2_NS,NONE,0.007,0.0
1815,NvcNvl_L1_EW,NVCNVL_EW,0.007,0.007
1815,NvcNvl_L2_EW,NVCNVL_EW,0.008,0.008
1815,32Mt_L1_EW,32MT_EW,0.014,-0.05
1815,32Mt_L1_NS,NONE,0.01,0.0
1815,32Nvl_L3_EW,NONE,0.018,0.0
1815,32Nvl_L3_EW,NONE,0.081,0.0
1815,32Nvl_L1_NS,32NVL_NS,0.054,0.054
1815,NvcNvl_L1_NS,NONE,0.009,0.0
1815,NvcNvl_L3_EW,NONE,0.009,0.0
1815,32Mt_L2_EW,32MT_EW,0.011,-0.059
1815,32Mt_L2_NS,NONE,0.009,0.0
1820,32Nvl_L3_NS,NONE,0.034,0.0
1820,32Nvl_L1_NS,32NVL_NS,0.035,0.035
1820,32Nvl_L1_EW,32NVL_EW,0.085,0.075
1820,32Nvl_L2_EW,32NVL_EW,0.093,0.089
1820,32Nvl_L1_EW,32NVL_EW,0.02,0.01
1820,32Nvl_L2_EW,32NVL_EW,0.022,0.019
1820,32Nvl_L3_NS,NONE,0.05,0.0
1820,32Nvl_L2_NS,32NVL_NS,0.047,0.047
1820,NvcNvl_L1_EW,NVCNVL_EW,0.007,0.003
1820,NvcNvl_L2_EW,NVCNVL_EW,0.008,0.008
1820,32Mt_L1_EW,NONE,0.007,0.0
1820,32Mt_L1_EW,32MT_EW,0.014,-0.045
1820,32Mt_L1_NS,NONE,0.01,0.0
1820,NvcMt_L1_EW,NVCMT_EW,0.006,0.001
1820,32Nvl_L2_NS,32NVL_NS,0.033,0.033
1820,32Nvl_L3_EW,NONE,0.018,0.0
1820,32Nvl_L3_EW,NONE,0.075,0.0
1820,32Nvl_L1_NS,32NVL_NS,0.04,0.04
1820,NvcNvl_L3_EW,NONE,0.009,0.0
1820,32Mt_L2_EW,32MT_EW,0.005,-0.059
1820,32Mt_L2_NS,NONE,0.009,0.0
1820,NvcMt_L2_EW,NVCMT_EW,0.008,0.002
1825,304Nvl_L1_NS,304NVL_NS,0.009,-0.035
1825,304Nvl_L3_NS,NONE,0.007,0.0
1825,32Nvl_L3_NS,NONE,0.02,0.0
1825,32Nvl_L1_NS,32NVL_NS,0.062,0.056
1825,32Nvl_L1_EW,32NVL_EW,0.085,0.08
1825,32Nvl_L2_EW,32NVL_EW,0.093,0.089
1825,32Nvl_L1_EW,32NVL_EW,0.02,0.015
1825,32Nvl_L2_EW,32NVL_EW,0.022,0.019
1825,NvcNvl_L3_NS,NONE,0.014,0.0
1825,NvcNvl_L2_NS,NONE,0.013,0.0
1825,NvcNvl_L1_EW,NVCNVL_EW,0.014,0.005
1825,NvcNvl_L2_EW,NVCNVL_EW,0.008,0.008
1825,32Mt_L1_EW,NONE,0.014,0.0
1825,32Mt_L3_EW,NONE,0.009,0.0
1825,32Mt_L1_EW,32MT_EW,0.007,-0.052
1825,NvcMt_L1_EW,NVCMT_EW,0.013,0.003
1825,304Nvl_L2_NS,304NVL_NS,0.008,0.008
1825,32Nvl_L2_NS,32NVL_NS,0.053,0.048
1825,32Nvl_L3_EW,NONE,0.018,0.0
1825,32Nvl_L3_EW,NONE,0.075,0.0
1825,32Nvl_L1_NS,32NVL_NS,0.007,0.0
1825,NvcNvl_L1_NS,NONE,0.017,0.0
1825,NvcNvl_L3_EW,NONE,0.009,0.0
1825,32Mt_L2_EW,NONE,0.008,0.0
1825,32Mt_L2_EW,32MT_EW,0.005,-0.059
1825,NvcMt_L2_EW,NVCMT_EW,0.024,0.018
1830,304Nvl_L1_NS,304NVL_NS,0.009,-0.025
1830,304Nvl_L3_NS,NONE,0.007,0.0
1830,304Nvl_L1_EW,304NVL_EW,0.017,0.017
1830,304Nvl_L2_EW,304NVL_EW,0.015,0.015
1830,32Nvl_L3_NS,NONE,0.02,0.0
1830,32Nvl_L1_NS,32NVL_NS,0.048,0.042
1830,32Nvl_L1_EW,32NVL_EW,0.085,0.08
1830,32Nvl_L2_EW,32NVL_EW,0.093,0.089
1830,32Nvl_L1_EW,32NVL_EW,0.02,0.015
1830,32Nvl_L2_EW,32NVL_EW,0.022,0.019
1830,32Nvl_L3_NS,NONE,0.008,0.0
1830,32Nvl_L2_NS,32NVL_NS,0.008,0.003
1830,NvcNvl_L1_EW,NVCNVL_EW,0.014,0.005
1830,NvcNvl_L2_EW,NVCNVL_EW,0.008,0.008
1830,32Mt_L1_EW,32MT_EW,0.007,-0.052
1830,NvcMt_L1_EW,NVCMT_EW,0.013,0.003
1830,304Nvl_L2_NS,304NVL_NS,0.008,0.002
1830,304Nvl_L3_EW,NONE,0.013,0.0
1830,32Nvl_L2_NS,32NVL_NS,0.027,0.021
1830,32Nvl_L3_EW,NONE,0.018,0.0
1830,32Nvl_L3_EW,NONE,0.075,0.0
1830,32Nvl_L1_NS,32NVL_NS,0.013,0.007
1830,NvcNvl_L3_EW,NONE,0.009,0.0
1830,32Mt_L2_EW,32MT_EW,0.005,-0.059
1830,NvcMt_L2_EW,NVCMT_EW,0.016,0.01
1835,304Nvl_L1_NS,304NVL_NS,0.009,-0.01
1835,304Nvl_L3_NS,NONE,0.007,0.0
1835,304Nvl_L1_EW,304NVL_EW,0.008,0.008
1835,304Nvl_L2_EW,304NVL_EW,0.007,0.007
1835,32Nvl_L3_NS,NONE,0.007,0.0
1835,32Nvl_L1_NS,32NVL_NS,0.028,0.021
1835,32Nvl_L1_EW,32NVL_EW,0.085,0.08
1835,32Nvl_L2_EW,32NVL_EW,0.093,0.089
1835,32Nvl_L1_EW,32NVL_EW,0.013,0.009
1835,32Nvl_L2_EW,32NVL_EW,0.015,0.011
1835,NvcNvl_L2_NS,NONE,0.033,0.0
1835,NvcNvl_L1_EW,NVCNVL_EW,0.014,0.005
1835,NvcNvl_L2_EW,NVCNVL_EW,0.008,0.008
1835,32Mt_L1_EW,32MT_EW,0.007,-0.052
1835,32Mt_L1_NS,NONE,0.01,0.0
1835,NvcMt_L1_EW,NVCMT_EW,0.013,0.003
1835,304Nvl_L2_NS,304NVL_NS,0.008,0.008
1835,304Nvl_L3_EW,NONE,0.006,0.0
1835,32Nvl_L2_NS,32NVL_NS,0.013,0.008
1835,32Nvl_L3_EW,NONE,0.012,0.0
1835,32Nvl_L3_EW,NONE,0.075,0.0
1835,32Nvl_L1_NS,32NVL_NS,0.034,0.027
1835,NvcNvl_L1_NS,NONE,0.044,0.0
1835,NvcNvl_L3_EW,NONE,0.009,0.0
1835,32Mt_L2_EW,32MT_EW,0.005,-0.059
1835,NvcMt_L2_EW,NVCMT_EW,0.016,0.01
1840,304Thn_L1_EW,304THN_EW,0.099,0.099
1840,304Thn_L3_EW,NONE,0.092,0.0
1840,304Nvl_L1_NS,304NVL_NS,0.009,-0.001
1840,304Nvl_L3_NS,NONE,0.007,0.0
1840,32Nvl_L3_NS,NONE,0.007,0.0
1840,32Nvl_L1_NS,32NVL_NS,0.014,0.008
1840,32Nvl_L1_EW,32NVL_EW,0.085,0.08
1840,32Nvl_L2_EW,32NVL_EW,0.093,0.089
1840,32Nvl_L1_EW,32NVL_EW,0.013,0.009
1840,32Nvl_L2_EW,32NVL_EW,0.015,0.011
1840,32Nvl_L3_NS,NONE,0.042,0.0
1840,32Nvl_L2_NS,32NVL_NS,0.039,0.034
1840,NvcNvl_L3_NS,NONE,0.081,0.0
1840,NvcNvl_L2_NS,NONE,0.079,0.0
1840,NvcNvl_L1_EW,NVCNVL_EW,0.007,0.003
1840,NvcNvl_L2_EW,NVCNVL_EW,0.008,0.008
1840,32Mt_L1_NS,32MT_NS,0.006,0.006
1840,32Mt_L1_EW,NONE,0.007,0.0
1840,32Mt_L3_EW,NONE,0.009,0.0
1840,32Mt_L1_EW,32MT_EW,0.007,-0.052
1840,NvcMt_L1_EW,NVCMT_EW,0.006,0.001
1840,304Nvl_L2_NS,304NVL_NS,0.008,-0.02
1840,32Nvl_L2_NS,32NVL_NS,0.007,0.001
1840,32Nvl_L3_EW,NONE,0.012,0.0
1840,32Nvl_L3_EW,NONE,0.075,0.0
1840,32Nvl_L1_NS,32NVL_NS,0.081,0.074
1840,NvcNvl_L1_NS,NONE,0.105,0.0
1840,NvcNvl_L3_EW,NONE,0.009,0.0
1840,32Mt_L2_NS,32MT_NS,0.006,0.006
1840,32Mt_L2_EW,NONE,0.008,0.0
1840,32Mt_L2_EW,32MT_EW,0.005,-0.059
1840,NvcMt_L2_EW,NVCMT_EW,0.008,0.002
1840,304Thn_L2_EW,304THN_EW,0.089,0.089
1845,304Thn_L1_EW,304THN_EW,0.099,0.087
1845,304Thn_L3_EW,NONE,0.092,0.0
1845,304Nvl_L1_NS,304NVL_NS,0.009,0.004
1845,304Nvl_L3_NS,NONE,0.007,0.0
1845,304Nvl_L1_EW,304NVL_EW,0.017,-0.052
1845,304Nvl_L1_NS,NONE,0.036,0.0
1845,304Nvl_L3_NS,NONE,0.04,0.0
1845,32Nvl_L1_NS,32NVL_NS,0.007,0.001
1845,32Nvl_L1_EW,32NVL_EW,0.085,0.08
1845,32Nvl_L2_EW,32NVL_EW,0.093,0.089
1845,32Nvl_L1_EW,32NVL_EW,0.013,0.009
1845,32Nvl_L2_EW,32NVL_EW,0.015,0.011
1845,32Nvl_L3_NS,NONE,0.1,0.0
1845,32Nvl_L2_NS,32NVL_NS,0.095,0.089
1845,NvcNvl_L3_NS,NONE,0.02,0.0
1845,NvcNvl_L2_NS,NONE,0.02,0.0
1845,NvcNvl_L1_EW,NVCNVL_EW,0.007,0.007
1845,NvcNvl_L2_EW,NVCNVL_EW,0.008,0.008
1845,32Mt_L1_NS,32MT_NS,0.006,0.006
1845,32Mt_L1_EW,NONE,0.007,0.0
1845,32Mt_L1_EW,32MT_EW,0.007,-0.052
1845,304Nvl_L2_NS,304NVL_NS,0.008,-0.059
1845,304Nvl_L2_NS,NONE,0.037,0.0
1845,32Nvl_L3_EW,NONE,0.012,0.0
1845,32Nvl_L3_EW,NONE,0.075,0.0
1845,32Nvl_L1_NS,32NVL_NS,0.101,0.094
1845,NvcNvl_L1_NS,NONE,0.026,0.0
1845,NvcNvl_L3_EW,NONE,0.009,0.0
1845,32Mt_L2_NS,32MT_NS,0.006,0.006
1845,32Mt_L2_EW,32MT_EW,0.005,-0.059
1845,304Thn_L2_EW,304THN_EW,0.089,0.089
1850,304Thn_L1_EW,304THN_EW,0.099,0.099
1850,304Thn_L3_EW,NONE,0.092,0.0
1850,304Nvl_L1_NS,304NVL_NS,0.009,0.004
1850,304Nvl_L3_NS,NONE,0.007,0.0
1850,304Nvl_L1_NS,NONE,0.036,0.0
1850,304Nvl_L3_NS,NONE,0.04,0.0
1850,32Nvl_L1_NS,32NVL_NS,0.007,0.001
1850,32Nvl_L1_EW,32NVL_EW,0.085,0.065
1850,32Nvl_L2_EW,32NVL_EW,0.093,0.081
1850,32Nvl_L1_EW,32NVL_EW,0.013,-0.006
1850,32Nvl_L2_EW,32NVL_EW,0.015,0.004
1850,32Nvl_L3_NS,NONE,0.1,0.0
1850,32Nvl_L2_NS,32NVL_NS,0.095,0.089
1850,NvcNvl_L3_NS,NONE,0.007,0.0
1850,NvcNvl_L2_NS,NONE,0.007,0.0
1850,NvcNvl_L1_EW,NONE,0.011,0.0
1850,NvcNvl_L1_EW,NVCNVL_EW,0.007,0.007
1850,NvcNvl_L2_EW,NVCNVL_EW,0.008,0.008
1850,32Mt_L1_EW,32MT_EW,0.028,-0.032
1850,NvcMt_L2_NS,NONE,0.005,0.0
1850,304Nvl_L2_NS,304NVL_NS,0.008,-0.059
1850,304Nvl_L2_NS,NONE,0.037,0.0
1850,32Nvl_L3_EW,NONE,0.012,0.0
1850,32Nvl_L3_EW,NONE,0.075,0.0
1850,32Nvl_L1_NS,32NVL_NS,0.087,0.081
1850,NvcNvl_L1_NS,NONE,0.009,0.0
1850,NvcNvl_L3_EW,NONE,0.009,0.0
1850,32Mt_L2_EW,32MT_EW,0.016,-0.049
1850,NvcMt_L1_NS,NONE,0.005,0.0
1850,304Thn_L2_EW,304THN_EW,0.089,0.089
1855,304Thn_L1_EW,304THN_EW,0.099,0.099
1855,304Thn_L3_EW,NONE,0.092,0.0
1855,304Nvl_L1_NS,304NVL_NS,0.009,0.009
1855,304Nvl_L3_NS,NONE,0.007,0.0
1855,32Nvl_L1_EW,32NVL_EW,0.085,0.075
1855,32Nvl_L2_EW,32NVL_EW,0.093,0.085
1855,32Nvl_L1_EW,32NVL_EW,0.013,0.004
1855,32Nvl_L2_EW,32NVL_EW,0.015,0.007
1855,32Nvl_L3_NS,NONE,0.117,0.0
1855,32Nvl_L2_NS,32NVL_NS,0.111,0.105
1855,NvcNvl_L1_EW,NONE,0.011,0.0
1855,NvcNvl_L2_EW,NONE,0.008,0.0
1855,NvcNvl_L1_EW,NVCNVL_EW,0.007,0.007
1855,32Mt_L1_EW,NONE,0.007,0.0
1855,32Mt_L1_EW,32MT_EW,0.014,-0.045
1855,304Nvl_L2_NS,304NVL_NS,0.008,-0.07
1855,32Nvl_L3_EW,NONE,0.012,0.0
1855,32Nvl_L3_EW,NONE,0.075,0.0
1855,32Nvl_L1_NS,32NVL_NS,0.094,0.088
1855,32Mt_L2_EW,32MT_EW,0.011,-0.054
1855,304Thn_L2_EW,304THN_EW,0.089,0.089
1860,304Nvl_L1_NS,304NVL_NS,0.009,-0.049
1860,304Nvl_L3_NS,NONE,0.007,0.0
1860,304Nvl_L1_EW,304NVL_EW,0.042,0.042
1860,304Nvl_L1_NS,NONE,0.015,0.0
1860,304Nvl_L3_NS,NONE,0.016,0.0
1860,32Nvl_L1_NS,32NVL_NS,0.083,0.077
1860,32Nvl_L1_EW,32NVL_EW,0.085,0.075
1860,32Nvl_L2_EW,32NVL_EW,0.093,0.085
1860,32Nvl_L1_EW,32NVL_EW,0.02,0.01
1860,32Nvl_L2_EW,32NVL_EW,0.015,0.007
1860,32Nvl_L3_NS,NONE,0.008,0.0
1860,32Nvl_L2_NS,32NVL_NS,0.008,0.003
1860,NvcNvl_L3_NS,NONE,0.007,0.0
1860,NvcNvl_L2_NS,NONE,0.007,0.0
1860,NvcNvl_L1_EW,NVCNVL_EW,0.021,0.021
1860,32Mt_L1_NS,32MT_NS,0.006,0.006
1860,32Mt_L1_EW,32MT_EW,0.014,-0.045
1860,32Mt_L1_NS,NONE,0.01,0.0
1860,304Nvl_L2_NS,304NVL_NS,0.008,0.002
1860,304Nvl_L2_NS,NONE,0.015,0.0
1860,32Nvl_L3_EW,NONE,0.012,0.0
1860,32Nvl_L3_EW,NONE,0.075,0.0
1860,32Nvl_L1_NS,32NVL_NS,0.007,0.0
1860,NvcNvl_L1_NS,NONE,0.009,0.0
1860,32Mt_L2_EW,32MT_EW,0.011,-0.054
1865,304Nvl_L1_NS,304NVL_NS,0.009,-0.049
1865,304Nvl_L3_NS,NONE,0.007,0.0
1865,304Nvl_L1_EW,304NVL_EW,0.042,0.042
1865,304Nvl_L1_NS,NONE,0.007,0.0
1865,304Nvl_L3_NS,NONE,0.008,0.0
1865,32Nvl_L1_NS,32NVL_NS,0.083,0.077
1865,32Nvl_L1_EW,32NVL_EW,0.007,0.007
1865,32Nvl_L2_EW,32NVL_EW,0.008,0.008
1865,32Nvl_L1_EW,32NVL_EW,0.007,0.007
1865,32Mt_L1_NS,32MT_NS,0.013,0.013
1865,304Nvl_L2_NS,304NVL_NS,0.008,0.008
1865,304Nvl_L2_NS,NONE,0.007,0.0
1865,32Nvl_L3_EW,NONE,0.006,0.0
1870,304Thn_L1_EW,NONE,0.082,0.0
1870,304Nvl_L1_NS,304NVL_NS,0.009,0.004
1870,304Nvl_L3_NS,NONE,0.007,0.0
1870,304Nvl_L1_EW,304NVL_EW,0.017,0.017
1870,304Nvl_L1_NS,NONE,0.007,0.0
1870,304Nvl_L3_NS,NONE,0.008,0.0
1870,32Nvl_L1_NS,32NVL_NS,0.007,0.001
1870,32Nvl_L3_NS,NONE,0.008,0.0
1870,32Nvl_L2_NS,32NVL_NS,0.008,0.003
1870,NvcNvl_L3_NS,NONE,0.007,0.0
1870,NvcNvl_L2_NS,NONE,0.086,0.0
1870,32Mt_L1_NS,32MT_NS,0.006,0.001
1870,32Mt_L1_EW,NONE,0.007,0.0
1870,32Mt_L1_NS,NONE,0.01,0.0
1870,NvcMt_L1_NS,NVCMT_NS,0.007,0.002
1870,304Nvl_L2_NS,304NVL_NS,0.008,0.002
1870,304Nvl_L2_NS,NONE,0.007,0.0
1870,32Nvl_L1_NS,32NVL_NS,0.007,0.0
1870,NvcNvl_L1_NS,NONE,0.114,0.0
1870,32Mt_L2_NS,NONE,0.009,0.0
1870,NvcMt_L2_NS,NVCMT_NS,0.005,0.005
1875,304Nvl_L1_NS,304NVL_NS,0.009,0.004
1875,304Nvl_L3_NS,NONE,0.007,0.0
1875,304Nvl_L1_EW,304NVL_EW,0.025,0.025
1875,304Nvl_L2_EW,304NVL_EW,0.015,0.015
1875,32Nvl_L1_NS,32NVL_NS,0.007,0.001
1875,32Nvl_L1_EW,32NVL_EW,0.007,0.007
1875,32Nvl_L3_NS,NONE,0.008,0.0
1875,32Nvl_L2_NS,32NVL_NS,0.008,0.003
1875,NvcNvl_L3_NS,NONE,0.088,0.0
1875,NvcNvl_L2_NS,NONE,0.086,0.0
1875,32Mt_L1_EW,NONE,0.007,0.0
1875,32Mt_L3_EW,NONE,0.009,0.0
1875,NvcMt_L2_EW,NVCMT_EW,0.032,0.032
1875,NvcMt_L1_NS,NVCMT_NS,0.007,0.007
1875,304Nvl_L2_NS,304NVL_NS,0.008,0.002
1875,304Nvl_L3_EW,NONE,0.006,0.0
1875,32Nvl_L1_NS,32NVL_NS,0.087,0.081
1875,NvcNvl_L1_NS,NONE,0.114,0.0
1875,32Mt_L2_EW,NONE,0.008,0.0
1875,NvcMt_L1_EW,NVCMT_EW,0.067,0.067
1875,NvcMt_L2_NS,NVCMT_NS,0.005,0.005
1880,304Nvl_L1_NS,304NVL_NS,0.009,0.009
1880,304Nvl_L3_NS,NONE,0.007,0.0
1880,304Nvl_L1_EW,304NVL_EW,0.068,0.068
1880,304Nvl_L2_EW,304NVL_EW,0.051,0.051
1880,304Nvl_L1_NS,NONE,0.007,0.0
1880,304Nvl_L3_NS,NONE,0.008,0.0
1880,32Nvl_L1_EW,32NVL_EW,0.007,0.002
1880,32Nvl_L3_NS,NONE,0.008,0.0
1880,32Nvl_L2_NS,32NVL_NS,0.008,0.003
1880,NvcNvl_L3_NS,NONE,0.007,0.0
1880,NvcNvl_L2_NS,NONE,0.007,0.0
1880,NvcNvl_L1_EW,NVCNVL_EW,0.007,0.007
1880,32Mt_L1_EW,NONE,0.022,0.0
1880,32Mt_L3_EW,NONE,0.018,0.0
1880,32Mt_L1_EW,32MT_EW,0.007,0.007
1880,NvcMt_L2_NS,NONE,0.005,0.0
1880,NvcMt_L2_EW,NVCMT_EW,0.032,0.032
1880,NvcMt_L1_NS,NVCMT_NS,0.007,0.007
1880,304Nvl_L2_NS,304NVL_NS,0.008,0.002
1880,304Nvl_L3_EW,NONE,0.044,0.0
1880,304Nvl_L2_NS,NONE,0.007,0.0
1880,32Nvl_L1_NS,32NVL_NS,0.087,0.081
1880,NvcNvl_L1_NS,NONE,0.009,0.0
1880,32Mt_L2_EW,NONE,0.023,0.0
1880,32Mt_L2_EW,32MT_EW,0.005,0.005
1880,NvcMt_L1_NS,NONE,0.005,0.0
1880,NvcMt_L1_EW,NVCMT_EW,0.067,0.062
1880,NvcMt_L2_NS,NVCMT_NS,0.005,0.005
1885,304Nvl_L1_NS,304NVL_NS,0.009,0.009
1885,304Nvl_L3_NS,NONE,0.007,0.0
1885,304Nvl_L1_EW,304NVL_EW,0.051,0.051
1885,304Nvl_L2_EW,304NVL_EW,0.044,0.044
1885,304Nvl_L1_NS,NONE,0.007,0.0
1885,32Nvl_L1_EW,32NVL_EW,0.035,0.03
1885,32Nvl_L2_EW,32NVL_EW,0.039,0.035
1885,32Nvl_L3_NS,NONE,0.008,0.0
1885,32Nvl_L2_NS,32NVL_NS,0.008,0.003
1885,NvcNvl_L3_NS,NONE,0.007,0.0
1885,NvcNvl_L2_NS,NONE,0.007,0.0
1885,NvcNvl_L1_EW,NONE,0.128,0.0
1885,NvcNvl_L2_EW,NONE,0.092,0.0
1885,32Mt_L1_NS,32MT_NS,0.006,0.001
1885,32Mt_L1_EW,NONE,0.007,0.0
1885,32Mt_L3_EW,NONE,0.009,0.0
1885,32Mt_L1_EW,32MT_EW,0.007,-0.018
1885,NvcMt_L2_NS,NONE,0.005,0.0
1885,NvcMt_L1_NS,NVCMT_NS,0.007,0.002
1885,304Nvl_L2_NS,304NVL_NS,0.008,0.002
1885,304Nvl_L3_EW,NONE,0.038,0.0
1885,32Nvl_L3_EW,NONE,0.031,0.0
1885,32Nvl_L1_NS,32NVL_NS,0.087,0.081
1885,NvcNvl_L1_NS,NONE,0.009,0.0
1885,32Mt_L2_EW,NONE,0.008,0.0
1885,32Mt_L2_EW,32MT_EW,0.005,-0.022
1885,NvcMt_L1_NS,NONE,0.005,0.0
1885,NvcMt_L2_NS,NVCMT_NS,0.005,0.005
1890,304Nvl_L1_NS,304NVL_NS,0.009,0.009
1890,304Nvl_L3_NS,NONE,0.007,0.0
1890,304Nvl_L1_EW,304NVL_EW,0.017,0.017
1890,304Nvl_L2_EW,304NVL_EW,0.007,0.007
1890,304Nvl_L1_NS,NONE,0.015,0.0
1890,32Nvl_L1_EW,32NVL_EW,0.021,0.011
1890,32Nvl_L2_EW,32NVL_EW,0.062,0.062
1890,32Nvl_L3_NS,NONE,0.025,0.0
1890,32Nvl_L2_NS,32NVL_NS,0.024,0.018
1890,NvcNvl_L3_NS,NONE,0.068,0.0
1890,NvcNvl_L2_NS,NONE,0.066,0.0
1890,NvcNvl_L1_EW,NONE,0.128,0.0
1890,NvcNvl_L2_EW,NONE,0.092,0.0
1890,NvcNvl_L1_EW,NVCNVL_EW,0.007,0.007
1890,32Mt_L1_NS,32MT_NS,0.006,0.001
1890,32Mt_L1_EW,NONE,0.007,0.0
1890,32Mt_L3_EW,NONE,0.009,0.0
1890,32Mt_L1_EW,32MT_EW,0.014,-0.001
1890,NvcMt_L2_NS,NONE,0.005,0.0
1890,NvcMt_L1_NS,NVCMT_NS,0.007,0.002
1890,304Nvl_L2_NS,304NVL_NS,0.008,-0.009
1890,304Nvl_L3_EW,NONE,0.006,0.0
1890,32Nvl_L3_EW,NONE,0.019,0.0
1890,32Nvl_L1_NS,32NVL_NS,0.02,0.014
1890,NvcNvl_L1_NS,NONE,0.087,0.0
1890,32Mt_L2_EW,NONE,0.008,0.0
1890,NvcMt_L1_NS,NONE,0.005,0.0
1890,NvcMt_L2_NS,NVCMT_NS,0.005,0.005
1895,304Nvl_L1_NS,304NVL_NS,0.009,0.009
1895,304Nvl_L3_NS,NONE,0.007,0.0
1895,304Nvl_L1_EW,304NVL_EW,0.042,0.042
1895,304Nvl_L1_NS,NONE,0.007,0.0
1895,32Nvl_L1_EW,32NVL_EW,0.014,0.009
1895,32Nvl_L2_EW,32NVL_EW,0.015,0.012
1895,32Nvl_L3_NS,NONE,0.033,0.0
1895,32Nvl_L2_NS,32NVL_NS,0.039,0.034
1895,NvcNvl_L3_NS,NONE,0.007,0.0
1895,NvcNvl_L2_NS,NONE,0.007,0.0
1895,NvcNvl_L1_EW,NVCNVL_EW,0.007,0.007
1895,32Mt_L1_NS,32MT_NS,0.006,0.001
1895,32Mt_L1_EW,NONE,0.007,0.0
1895,32Mt_L1_EW,32MT_EW,0.007,-0.003
1895,NvcMt_L1_NS,NVCMT_NS,0.007,0.002
1895,304Nvl_L2_NS,304NVL_NS,0.008,-0.02
1895,32Nvl_L3_EW,NONE,0.013,0.0
1895,32Nvl_L1_NS,32NVL_NS,0.06,0.054
1895,NvcNvl_L1_NS,NONE,0.009,0.0
1895,32Mt_L2_EW,32MT_EW,0.005,-0.005
1895,NvcMt_L2_NS,NVCMT_NS,0.005,0.005
1900,304Nvl_L1_NS,304NVL_NS,0.009,0.009
1900,304Nvl_L3_NS,NONE,0.007,0.0
1900,304Nvl_L1_EW,304NVL_EW,0.008,0.008
1900,304Nvl_L2_EW,304NVL_EW,0.007,0.007
1900,304Nvl_L1_NS,NONE,0.095,0.0
1900,304Nvl_L3_NS,NONE,0.096,0.0
1900,32Nvl_L3_NS,NONE,0.042,0.0
1900,32Nvl_L2_NS,32NVL_NS,0.039,0.034
1900,32Mt_L1_NS,32MT_NS,0.013,0.008
1900,32Mt_L1_EW,32MT_EW,0.007,0.007
1900,NvcMt_L1_NS,NVCMT_NS,0.007,-0.002
1900,304Nvl_L2_NS,304NVL_NS,0.008,-0.02
1900,304Nvl_L3_EW,NONE,0.006,0.0
1900,304Nvl_L2_NS,NONE,0.089,0.0
1900,32Nvl_L1_NS,32NVL_NS,0.067,0.061
1900,32Mt_L2_EW,32MT_EW,0.005,0.005
1900,NvcMt_L2_NS,NVCMT_NS,0.005,0.005
1905,304Thn_L1_EW,304THN_EW,0.041,0.035
1905,304Thn_L3_EW,NONE,0.039,0.0
1905,304Nvl_L1_NS,304NVL_NS,0.009,0.009
1905,304Nvl_L3_NS,NONE,0.007,0.0
1905,304Nvl_L1_EW,304NVL_EW,0.008,-0.02
1905,304Nvl_L2_EW,304NVL_EW,0.007,-0.019
1905,304Nvl_L1_NS,NONE,0.095,0.0
1905,304Nvl_L3_NS,NONE,0.008,0.0
1905,32Nvl_L3_NS,NONE,0.042,0.0
1905,32Nvl_L2_NS,32NVL_NS,0.039,0.034
1905,NvcNvl_L1_EW,NVCNVL_EW,0.035,0.035
1905,32Mt_L1_NS,32MT_NS,0.013,0.008
1905,32Mt_L1_EW,NONE,0.18,0.0
1905,32Mt_L3_EW,NONE,0.212,0.0
1905,NvcMt_L1_NS,NVCMT_NS,0.007,-0.002
1905,NvcCmt8_L2_EW,NVCCMT8_EW,0.005,0.005
1905,304Nvl_L2_NS,304NVL_NS,0.008,-0.02
1905,304Nvl_L3_EW,NONE,0.006,0.0
1905,304Nvl_L2_NS,NONE,0.096,0.0
1905,32Nvl_L1_NS,32NVL_NS,0.074,0.067
1905,32Mt_L2_NS,32MT_NS,0.006,0.003
1905,32Mt_L2_EW,NONE,0.181,0.0
1905,NvcMt_L2_NS,NVCMT_NS,0.005,0.001
1905,NvcCmt8_L1_EW,NVCCMT8_EW,0.008,0.008
1905,304Thn_L2_EW,304THN_EW,0.037,0.032
1910,304Thn_L1_EW,304THN_EW,0.041,0.029
1910,304Thn_L3_EW,NONE,0.039,0.0
1910,304Nvl_L1_EW,304NVL_EW,0.017,-0.012
1910,304Nvl_L2_EW,304NVL_EW,0.022,-0.004
1910,32Nvl_L3_NS,NONE,0.033,0.0
1910,32Nvl_L2_NS,32NVL_NS,0.032,0.032
1910,NvcNvl_L1_EW,NONE,0.011,0.0
1910,NvcNvl_L2_EW,NONE,0.008,0.0
1910,32Mt_L1_NS,32MT_NS,0.013,0.013
1910,32Mt_L1_EW,NONE,0.18,0.0
1910,32Mt_L3_EW,NONE,0.221,0.0
1910,32Mt_L1_EW,32MT_EW,0.007,0.007
1910,NvcCmt8_L2_EW,NVCCMT8_EW,0.005,0.005
1910,32Thn_L1_EW,32THN_EW,0.008,0.008
1910,32Thn_L2_EW,32THN_EW,0.008,0.008
1910,32Thn_L3_EW,NONE,0.008,0.0
1910,304Nvl_L3_EW,NONE,0.013,0.0
1910,32Nvl_L1_NS,32NVL_NS,0.034,0.034
1910,NvcNvl_L3_EW,NONE,0.006,0.0
1910,32Mt_L2_NS,32MT_NS,0.006,0.006
1910,32Mt_L2_EW,NONE,0.188,0.0
1910,32Mt_L2_EW,32MT_EW,0.005,0.005
1910,NvcCmt8_L1_EW,NVCCMT8_EW,0.008,0.008
1910,304Thn_L2_EW,304THN_EW,0.037,0.022
1915,304Thn_L1_EW,304THN_EW,0.041,0.012
1915,304Thn_L3_EW,NONE,0.039,0.0
1915,304Nvl_L1_NS,304NVL_NS,0.009,-0.001
1915,304Nvl_L3_NS,NONE,0.007,0.0
1915,304Nvl_L1_EW,304NVL_EW,0.042,0.013
1915,304Nvl_L2_EW,304NVL_EW,0.029,0.003
1915,304Nvl_L1_NS,NONE,0.007,0.0
1915,32Nvl_L3_NS,NONE,0.007,0.0
1915,32Nvl_L1_NS,32NVL_NS,0.014,0.008
1915,NvcNvl_L2_NS,NONE,0.007,0.0
1915,32Mt_L1_EW,NONE,0.094,0.0
1915,32Mt_L3_EW,NONE,0.009,0.0
1915,32Mt_L1_EW,32MT_EW,0.007,0.007
1915,32Thn_L1_EW,32THN_EW,0.008,0.008
1915,32Thn_L2_EW,32THN_EW,0.008,0.008
1915,32Thn_L3_EW,NONE,0.008,0.0
1915,304Nvl_L2_NS,304NVL_NS,0.008,0.008
1915,304Nvl_L3_EW,NONE,0.025,0.0
1915,32Nvl_L2_NS,32NVL_NS,0.013,0.008
1915,NvcNvl_L1_NS,NONE,0.009,0.0
1915,32Mt_L2_EW,NONE,0.098,0.0
1915,32Mt_L2_EW,32MT_EW,0.005,0.005
1915,304Thn_L2_EW,304THN_EW,0.037,0.017
1920,304Thn_L1_EW,304THN_EW,0.041,-0.059
1920,304Thn_L3_EW,NONE,0.039,0.0
1920,304Nvl_L1_EW,304NVL_EW,0.144,0.115
1920,304Nvl_L2_EW,304NVL_EW,0.022,-0.004
1920,304Nvl_L1_NS,NONE,0.007,0.0
1920,32Nvl_L3_NS,NONE,0.014,0.0
1920,32Nvl_L1_NS,32NVL_NS,0.021,0.021
1920,32Nvl_L3_NS,NONE,0.008,0.0
1920,32Nvl_L2_NS,32NVL_NS,0.008,0.008
1920,NvcNvl_L3_NS,NONE,0.014,0.0
1920,NvcNvl_L2_NS,NONE,0.013,0.0
1920,32Mt_L1_NS,32MT_NS,0.075,0.075
1920,32Mt_L1_EW,32MT_EW,0.007,0.007
1920,32Thn_L1_EW,NONE,0.01,0.0
1920,32Thn_L2_EW,NONE,0.01,0.0
1920,32Thn_L1_EW,32THN_EW,0.008,0.008
1920,32Thn_L2_EW,32THN_EW,0.008,0.008
1920,32Thn_L3_EW,NONE,0.007,0.0
1920,32Thn_L3_EW,NONE,0.008,0.0
1920,304Nvl_L3_EW,NONE,0.019,0.0
1920,32Nvl_L2_NS,32NVL_NS,0.013,0.013
1920,32Nvl_L1_NS,32NVL_NS,0.013,0.013
1920,NvcNvl_L1_NS,NONE,0.017,0.0
1920,32Mt_L2_EW,32MT_EW,0.005,0.005
1920,304Thn_L2_EW,304THN_EW,0.037,0.022
1925,304Thn_L1_EW,304THN_EW,0.041,-0.054
1925,304Thn_L3_EW,NONE,0.039,0.0
1925,304Nvl_L1_EW,304NVL_EW,0.135,0.107
1925,304Nvl_L2_EW,304NVL_EW,0.022,-0.004
1925,32Nvl_L1_NS,32NVL_NS,0.028,0.028
1925,32Nvl_L3_NS,NONE,0.008,0.0
1925,32Nvl_L2_NS,32NVL_NS,0.008,0.008
1925,32Mt_L1_NS,32MT_NS,0.075,0.075
1925,32Mt_L1_EW,NONE,0.036,0.0
1925,32Mt_L3_EW,NONE,0.044,0.0
1925,32Mt_L1_EW,32MT_EW,0.091,0.091
1925,32Thn_L1_EW,NONE,0.01,0.0
1925,32Thn_L1_EW,32THN_EW,0.008,0.008
1925,304Nvl_L3_EW,NONE,0.019,0.0
1925,32Nvl_L2_NS,32NVL_NS,0.007,0.007
1925,32Nvl_L1_NS,32NVL_NS,0.007,0.007
1925,32Mt_L2_EW,NONE,0.038,0.0
1925,32Mt_L2_EW,32MT_EW,0.005,0.005
1925,304Thn_L2_EW,304THN_EW,0.037,0.022
1930,304Nvl_L1_NS,304NVL_NS,0.045,0.04
1930,304Nvl_L3_NS,NONE,0.037,0.0
1930,304Nvl_L1_EW,304NVL_EW,0.152,0.152
1930,304Nvl_L2_EW,304NVL_EW,0.036,0.036
1930,304Nvl_L1_EW,NONE,0.008,0.0
1930,32Nvl_L1_NS,32NVL_NS,0.007,-0.029
1930,NvcNvl_L1_EW,NONE,0.011,0.0
1930,NvcNvl_L2_EW,NONE,0.008,0.0
1930,NvcNvl_L1_NS,NVCNVL_NS,0.007,0.002
1930,32Mt_L1_EW,NONE,0.043,0.0
1930,32Mt_L3_EW,NONE,0.044,0.0
1930,32Mt_L1_EW,32MT_EW,0.098,0.098
1930,32Mt_L1_NS,NONE,0.01,0.0
1930,NvcCmt8_L2_NS,NONE,0.011,0.0
1930,32Thn_L1_EW,NONE,0.019,0.0
1930,32Thn_L2_EW,NONE,0.01,0.0
1930,32Thn_L1_EW,32THN_EW,0.016,0.016
1930,32Thn_L2_EW,32THN_EW,0.008,0.008
1930,NvcCmt8_L1_NS,NONE,0.008,0.0
1930,32Thn_L3_EW,NONE,0.007,0.0
1930,32Thn_L3_EW,NONE,0.008,0.0
1930,304Nvl_L2_NS,304NVL_NS,0.038,0.038
1930,304Nvl_L3_EW,NONE,0.032,0.0
1930,NvcNvl_L3_EW,NONE,0.006,0.0
1930,32Mt_L2_EW,NONE,0.038,0.0
1930,32Mt_L2_EW,32MT_EW,0.011,0.011
1930,32Mt_L2_NS,NONE,0.009,0.0
1935,304Nvl_L1_NS,304NVL_NS,0.045,0.04
1935,304Nvl_L3_NS,NONE,0.037,0.0
1935,304Nvl_L1_EW,304NVL_EW,0.059,0.059
1935,304Nvl_L2_EW,304NVL_EW,0.044,0.044
1935,32Nvl_L1_NS,32NVL_NS,0.007,-0.025
1935,32Mt_L1_EW,NONE,0.007,0.0
1935,32Mt_L3_EW,NONE,0.009,0.0
1935,32Mt_L1_EW,32MT_EW,0.098,0.098
1935,32Mt_L1_NS,NONE,0.01,0.0
1935,32Thn_L1_EW,32THN_EW,0.016,0.016
1935,32Thn_L2_EW,32THN_EW,0.008,0.008
1935,NvcCmt8_L1_NS,NONE,0.008,0.0
1935,32Thn_L3_EW,NONE,0.008,0.0
1935,304Nvl_L2_NS,304NVL_NS,0.038,0.038
1935,304Nvl_L3_EW,NONE,0.038,0.0
1935,32Nvl_L1_NS,32NVL_NS,0.007,-0.025
1935,32Mt_L2_EW,NONE,0.008,0.0
1935,32Mt_L2_EW,32MT_EW,0.076,0.076
1940,304Thn_L1_EW,NONE,0.034,0.0
1940,304Nvl_L1_EW,304NVL_EW,0.042,0.042
1940,304Nvl_L2_EW,304NVL_EW,0.036,0.036
1940,32Nvl_L3_NS,NONE,0.008,0.0
1940,32Nvl_L2_NS,32NVL_NS,0.008,0.008
1940,NvcNvl_L3_NS,NONE,0.034,0.0
1940,NvcNvl_L2_NS,NONE,0.033,0.0
1940,32Mt_L1_NS,32MT_NS,0.006,0.006
1940,32Mt_L1_EW,NONE,0.036,0.0
1940,32Mt_L3_EW,NONE,0.044,0.0
1940,32Mt_L1_EW,32MT_EW,0.146,0.146
1940,32Mt_L1_NS,NONE,0.049,0.0
1940,NvcMt_L1_EW,NVCMT_EW,0.006,0.006
1940,NvcCmt8_L2_NS,NONE,0.054,0.0
1940,32Thn_L1_EW,32THN_EW,0.008,0.008
1940,32Thn_L2_EW,32THN_EW,0.008,0.008
1940,NvcCmt8_L1_NS,NONE,0.039,0.0
1940,32Thn_L3_EW,NONE,0.008,0.0
1940,304Nvl_L3_EW,NONE,0.032,0.0
1940,32Nvl_L1_NS,32NVL_NS,0.007,0.007
1940,NvcNvl_L1_NS,NONE,0.044,0.0
1940,32Mt_L2_EW,NONE,0.038,0.0
1940,32Mt_L2_EW,32MT_EW,0.114,0.114
1940,NvcMt_L2_EW,NVCMT_EW,0.008,0.008
1945,304Nvl_L1_EW,304NVL_EW,0.051,0.051
1945,304Nvl_L2_EW,304NVL_EW,0.036,0.036
1945,304Nvl_L1_NS,NONE,0.036,0.0
1945,32Nvl_L1_NS,32NVL_NS,0.014,0.014
1945,NvcNvl_L3_NS,NONE,0.014,0.0
1945,NvcNvl_L2_NS,NONE,0.013,0.0
1945,NvcNvl_L1_EW,NVCNVL_EW,0.014,-0.017
1945,NvcNvl_L2_EW,NVCNVL_EW,0.016,0.016
1945,32Mt_L1_EW,32MT_EW,0.07,0.07
1945,NvcMt_L1_EW,NVCMT_EW,0.044,0.035
1945,NvcCmt8_L2_NS,NONE,0.012,0.0
1945,NvcCmt8_L2_NS,NONE,0.054,0.0
1945,32Thn_L1_EW,32THN_EW,0.008,0.008
1945,32Thn_L2_EW,32THN_EW,0.008,0.008
1945,NvcCmt8_L1_NS,NONE,0.039,0.0
1945,32Thn_L3_EW,NONE,0.008,0.0
1945,304Nvl_L3_EW,NONE,0.032,0.0
1945,32Nvl_L2_NS,32NVL_NS,0.007,0.007
1945,NvcNvl_L1_NS,NONE,0.017,0.0
1945,NvcNvl_L3_EW,NONE,0.019,0.0
1945,32Mt_L2_EW,32MT_EW,0.049,0.049
1945,NvcMt_L2_EW,NVCMT_EW,0.056,0.045
1945,NvcCmt8_L1_NS,NONE,0.011,0.0
1950,304Nvl_L1_EW,304NVL_EW,0.042,0.042
1950,304Nvl_L2_EW,304NVL_EW,0.029,0.029
1950,304Nvl_L1_NS,NONE,0.015,0.0
1950,304Nvl_L3_NS,NONE,0.016,0.0
1950,NvcNvl_L3_NS,NONE,0.007,0.0
1950,NvcNvl_L2_NS,NONE,0.007,0.0
1950,NvcNvl_L1_EW,NVCNVL_EW,0.014,0.01
1950,NvcNvl_L2_EW,NVCNVL_EW,0.016,0.016
1950,32Mt_L1_EW,NONE,0.007,0.0
1950,32Mt_L3_EW,NONE,0.009,0.0
1950,32Mt_L1_EW,32MT_EW,0.105,0.105
1950,NvcMt_L1_EW,NVCMT_EW,0.006,-0.004
1950,32Thn_L1_EW,NONE,0.01,0.0
1950,304Nvl_L3_EW,NONE,0.025,0.0
1950,304Nvl_L2_NS,NONE,0.015,0.0
1950,32Nvl_L1_NS,32NVL_NS,0.007,0.007
1950,NvcNvl_L1_NS,NONE,0.009,0.0
1950,NvcNvl_L3_EW,NONE,0.019,0.0
1950,32Mt_L2_EW,NONE,0.008,0.0
1950,32Mt_L2_EW,32MT_EW,0.049,0.049
1950,NvcMt_L2_EW,NVCMT_EW,0.008,-0.003
1955,304Nvl_L1_EW,304NVL_EW,0.025,0.025
1955,304Nvl_L2_EW,304NVL_EW,0.022,0.022
1955,304Nvl_L1_NS,NONE,0.007,0.0
1955,304Nvl_L3_NS,NONE,0.008,0.0
1955,NvcNvl_L1_EW,NVCNVL_EW,0.049,0.045
1955,NvcNvl_L2_EW,NVCNVL_EW,0.016,0.016
1955,32Mt_L1_NS,32MT_NS,0.006,0.006
1955,32Mt_L1_EW,NONE,0.007,0.0
1955,32Mt_L3_EW,NONE,0.009,0.0
1955,32Mt_L1_EW,32MT_EW,0.105,0.105
1955,NvcMt_L1_EW,NVCMT_EW,0.006,-0.028
1955,32Thn_L1_EW,NONE,0.01,0.0
1955,304Nvl_L3_EW,NONE,0.019,0.0
1955,304Nvl_L2_NS,NONE,0.007,0.0
1955,NvcNvl_L3_EW,NONE,0.019,0.0
1955,32Mt_L2_EW,NONE,0.008,0.0
1955,32Mt_L2_EW,32MT_EW,0.082,0.082
1955,NvcMt_L2_EW,NVCMT_EW,0.008,-0.003
1960,304Nvl_L1_EW,304NVL_EW,0.034,0.034
1960,304Nvl_L2_EW,304NVL_EW,0.022,0.022
1960,304Nvl_L1_NS,NONE,0.022,0.0
1960,304Nvl_L3_NS,NONE,0.016,0.0
1960,32Nvl_L1_EW,32NVL_EW,0.014,-0.054
1960,32Nvl_L2_EW,32NVL_EW,0.015,-0.038
1960,NvcNvl_L3_NS,NONE,0.007,0.0
1960,NvcNvl_L2_NS,NONE,0.007,0.0
1960,NvcNvl_L1_EW,NVCNVL_EW,0.134,0.125
1960,NvcNvl_L2_EW,NVCNVL_EW,0.109,0.109
1960,32Mt_L1_EW,NONE,0.007,0.0
1960,32Mt_L3_EW,NONE,0.009,0.0
1960,32Mt_L1_EW,32MT_EW,0.098,0.088
1960,32Mt_L1_NS,NONE,0.01,0.0
1960,NvcMt_L1_EW,NVCMT_EW,0.013,-0.081
1960,NvcCmt8_L2_NS,NONE,0.062,0.0
1960,304Nvl_L3_EW,NONE,0.019,0.0
1960,304Nvl_L2_NS,NONE,0.015,0.0
1960,32Nvl_L3_EW,NONE,0.013,0.0
1960,NvcNvl_L1_NS,NONE,0.009,0.0
1960,NvcNvl_L3_EW,NONE,0.13,0.0
1960,32Mt_L2_EW,NONE,0.008,0.0
1960,32Mt_L2_EW,32MT_EW,0.076,0.065
1960,32Mt_L2_NS,NONE,0.009,0.0
1960,NvcMt_L2_EW,NVCMT_EW,0.016,-0.061
1960,NvcCmt8_L1_NS,NONE,0.054,0.0
1965,304Nvl_L1_EW,304NVL_EW,0.034,0.034
1965,304Nvl_L2_EW,304NVL_EW,0.015,0.015
1965,304Nvl_L1_NS,NONE,0.007,0.0
1965,32Nvl_L1_EW,32NVL_EW,0.007,-0.042
1965,32Nvl_L2_EW,32NVL_EW,0.008,-0.027
1965,NvcNvl_L1_EW,NVCNVL_EW,0.127,0.127
1965,NvcNvl_L2_EW,NVCNVL_EW,0.102,0.102
1965,32Mt_L1_EW,32MT_EW,0.07,0.065
1965,304Nvl_L3_EW,NONE,0.013,0.0
1965,32Nvl_L3_EW,NONE,0.006,0.0
1965,NvcNvl_L3_EW,NONE,0.121,0.0
1965,32Mt_L2_EW,32MT_EW,0.049,0.044
1970,304Nvl_L1_EW,304NVL_EW,0.025,0.025
1970,304Nvl_L1_EW,NONE,0.098,0.0
1970,304Nvl_L1_NS,NONE,0.015,0.0
1970,304Nvl_L3_NS,NONE,0.008,0.0
1970,304Nvl_L2_EW,NONE,0.103,0.0
1970,32Nvl_L1_EW,32NVL_EW,0.007,0.002
1970,32Nvl_L2_EW,32NVL_EW,0.008,0.004
1970,NvcNvl_L1_EW,NONE,0.011,0.0
1970,NvcNvl_L2_EW,NONE,0.008,0.0
1970,32Mt_L1_NS,32MT_NS,0.006,0.006
1970,32Mt_L1_EW,32MT_EW,0.007,0.002
1970,32Mt_L1_NS,NONE,0.029,0.0
1970,304Nvl_L3_EW,NONE,0.097,0.0
1970,304Nvl_L2_NS,NONE,0.007,0.0
1970,32Nvl_L3_EW,NONE,0.006,0.0
1970,32Nvl_L1_NS,32NVL_NS,0.007,0.007
1970,NvcNvl_L3_EW,NONE,0.006,0.0
1970,32Mt_L2_EW,32MT_EW,0.005,0.0
1970,32Mt_L2_NS,NONE,0.017,0.0
1975,304Nvl_L1_NS,304NVL_NS,0.009,-0.015
1975,304Nvl_L1_EW,304NVL_EW,0.017,0.017
1975,304Nvl_L1_EW,NONE,0.098,0.0
1975,304Nvl_L1_NS,NONE,0.022,0.0
1975,304Nvl_L2_EW,NONE,0.103,0.0
1975,32Nvl_L3_NS,NONE,0.034,0.0
1975,32Nvl_L1_NS,32NVL_NS,0.035,0.028
1975,32Nvl_L1_EW,32NVL_EW,0.007,0.002
1975,32Nvl_L2_EW,32NVL_EW,0.008,0.004
1975,32Nvl_L3_NS,NONE,0.008,0.0
1975,32Nvl_L2_NS,32NVL_NS,0.008,0.008
1975,32Mt_L1_NS,32MT_NS,0.013,0.013
1975,32Mt_L1_EW,NONE,0.029,0.0
1975,32Mt_L3_EW,NONE,0.018,0.0
1975,32Mt_L1_EW,32MT_EW,0.007,0.002
1975,32Mt_L1_NS,NONE,0.01,0.0
1975,304Nvl_L3_EW,NONE,0.097,0.0
1975,32Nvl_L2_NS,32NVL_NS,0.033,0.033
1975,32Nvl_L3_EW,NONE,0.006,0.0
1975,32Nvl_L1_NS,32NVL_NS,0.007,0.0
1975,32Mt_L2_EW,NONE,0.015,0.0
1975,32Mt_L2_EW,32MT_EW,0.005,0.0
1980,304Nvl_L1_NS,304NVL_NS,0.009,-0.015
1980,304Nvl_L1_EW,304NVL_EW,0.025,0.025
1980,304Nvl_L2_EW,304NVL_EW,0.015,0.015
1980,304Nvl_L1_NS,NONE,0.007,0.0
1980,32Nvl_L1_NS,32NVL_NS,0.035,0.028
1980,32Nvl_L1_EW,32NVL_EW,0.014,0.009
1980,32Nvl_L2_EW,32NVL_EW,0.015,0.015
1980,32Nvl_L3_NS,NONE,0.008,0.0
1980,32Nvl_L2_NS,32NVL_NS,0.008,0.008
1980,NvcNvl_L3_NS,NONE,0.007,0.0
1980,NvcNvl_L2_NS,NONE,0.007,0.0
1980,NvcNvl_L1_EW,NVCNVL_EW,0.007,0.007
1980,NvcNvl_L2_EW,NVCNVL_EW,0.008,0.008
1980,32Mt_L1_NS,32MT_NS,0.006,0.006
1980,32Mt_L1_EW,NONE,0.007,0.0
1980,32Mt_L1_EW,32MT_EW,0.007,-0.003
1980,NvcMt_L2_NS,NONE,0.005,0.0
1980,304Nvl_L3_EW,NONE,0.013,0.0
1980,32Nvl_L2_NS,32NVL_NS,0.033,0.033
1980,32Nvl_L3_EW,NONE,0.013,0.0
1980,32Nvl_L1_NS,32NVL_NS,0.007,0.0
1980,NvcNvl_L1_NS,NONE,0.009,0.0
1980,NvcNvl_L3_EW,NONE,0.009,0.0
1980,NvcMt_L1_NS,NONE,0.005,0.0
1985,32Nvl_L1_NS,32NVL_NS,0.035,0.035
1985,32Nvl_L1_EW,32NVL_EW,0.007,0.002
1985,32Nvl_L2_EW,32NVL_EW,0.008,0.004
1985,32Nvl_L1_EW,32NVL_EW,0.007,0.002
1985,32Nvl_L2_EW,32NVL_EW,0.007,0.004
1985,32Nvl_L3_NS,NONE,0.008,0.0
1985,32Nvl_L2_NS,32NVL_NS,0.008,0.008
1985,32Mt_L1_NS,32MT_NS,0.006,0.006
1985,32Mt_L1_EW,NONE,0.007,0.0
1985,32Mt_L1_EW,32MT_EW,0.007,0.002
1985,32Mt_L1_NS,NONE,0.01,0.0
1985,32Nvl_L2_NS,32NVL_NS,0.033,0.033
1985,32Nvl_L3_EW,NONE,0.006,0.0
1985,32Nvl_L3_EW,NONE,0.006,0.0
1985,32Nvl_L1_NS,32NVL_NS,0.007,0.007
1985,32Mt_L2_EW,32MT_EW,0.005,0.0
1990,304Nvl_L1_EW,304NVL_EW,0.11,0.11
1990,304Nvl_L2_EW,304NVL_EW,0.007,0.007
1990,304Nvl_L1_NS,NONE,0.015,0.0
1990,32Nvl_L3_NS,NONE,0.007,0.0
1990,32Nvl_L1_NS,32NVL_NS,0.042,0.042
1990,32Nvl_L1_EW,32NVL_EW,0.007,0.002
1990,32Nvl_L3_NS,NONE,0.008,0.0
1990,32Nvl_L2_NS,32NVL_NS,0.008,0.008
1990,32Mt_L1_EW,NONE,0.036,0.0
1990,32Mt_L3_EW,NONE,0.044,0.0
1990,32Mt_L1_EW,32MT_EW,0.007,0.007
1990,32Mt_L1_NS,NONE,0.01,0.0
1990,NvcMt_L1_EW,NVCMT_EW,0.076,0.076
1990,304Nvl_L3_EW,NONE,0.006,0.0
1990,32Nvl_L2_NS,32NVL_NS,0.04,0.04
1990,32Nvl_L1_NS,32NVL_NS,0.013,0.013
1990,32Mt_L2_EW,NONE,0.038,0.0
1990,32Mt_L2_EW,32MT_EW,0.005,0.005
1990,32Mt_L2_NS,NONE,0.009,0.0
1990,NvcMt_L2_EW,NVCMT_EW,0.095,0.095
1995,304Thn_L1_EW,NONE,0.007,0.0
1995,304Thn_L2_EW,NONE,0.008,0.0
1995,304Nvl_L1_EW,304NVL_EW,0.008,0.008
1995,304Nvl_L2_EW,304NVL_EW,0.007,0.007
1995,32Nvl_L3_NS,NONE,0.007,0.0
1995,32Nvl_L1_NS,32NVL_NS,0.042,0.042
1995,32Nvl_L1_EW,32NVL_EW,0.007,0.007
1995,32Nvl_L3_NS,NONE,0.017,0.0
1995,32Nvl_L2_NS,32NVL_NS,0.016,0.016
1995,NvcNvl_L3_NS,NONE,0.007,0.0
1995,NvcNvl_L2_NS,NONE,0.007,0.0
1995,NvcNvl_L1_EW,NONE,0.011,0.0
1995,NvcNvl_L2_EW,NONE,0.008,0.0
1995,32Mt_L1_EW,NONE,0.05,0.0
1995,32Mt_L3_EW,NONE,0.062,0.0
1995,NvcMt_L1_EW,NVCMT_EW,0.083,0.083
1995,32Nvl_L2_NS,32NVL_NS,0.04,0.04
1995,32Nvl_L1_NS,32NVL_NS,0.02,0.02
1995,NvcNvl_L1_NS,NONE,0.009,0.0
1995,NvcNvl_L3_EW,NONE,0.006,0.0
1995,32Mt_L2_EW,NONE,0.053,0.0
1995,NvcMt_L2_EW,NVCMT_EW,0.103,0.103
1995,304Thn_L3_EW,NONE,0.008,0.0
2000,32Nvl_L3_NS,NONE,0.02,0.0
2000,32Nvl_L1_NS,32NVL_NS,0.055,0.055
2000,32Nvl_L3_NS,NONE,0.025,0.0
2000,32Nvl_L2_NS,32NVL_NS,0.024,0.024
2000,NvcNvl_L1_EW,NVCNVL_EW,0.007,0.007
2000,NvcNvl_L2_EW,NVCNVL_EW,0.008,0.008
2000,32Mt_L1_EW,NONE,0.086,0.0
2000,32Mt_L3_EW,NONE,0.106,0.0
2000,32Mt_L1_EW,32MT_EW,0.042,0.042
2000,32Nvl_L2_NS,32NVL_NS,0.053,0.053
2000,32Nvl_L1_NS,32NVL_NS,0.027,0.027
2000,NvcNvl_L3_EW,NONE,0.009,0.0
2000,32Mt_L2_EW,NONE,0.09,0.0
2000,32Mt_L2_EW,32MT_EW,0.033,0.033
2005,304Thn_L1_EW,304THN_EW,0.008,-0.01
2005,304Nvl_L1_EW,304NVL_EW,0.025,0.02
2005,304Nvl_L2_EW,304NVL_EW,0.015,0.015
2005,32Nvl_L3_NS,NONE,0.02,0.0
2005,32Nvl_L1_NS,32NVL_NS,0.062,0.062
2005,32Nvl_L3_NS,NONE,0.025,0.0
2005,32Nvl_L2_NS,32NVL_NS,0.024,0.024
2005,NvcNvl_L3_NS,NONE,0.014,0.0
2005,NvcNvl_L2_NS,NONE,0.013,0.0
2005,NvcNvl_L1_EW,NVCNVL_EW,0.007,0.007
2005,32Mt_L1_EW,NONE,0.043,0.0
2005,32Mt_L3_EW,NONE,0.053,0.0
2005,32Mt_L1_EW,32MT_EW,0.077,0.077
2005,304Nvl_L3_EW,NONE,0.013,0.0
2005,32Nvl_L2_NS,32NVL_NS,0.06,0.06
2005,32Nvl_L1_NS,32NVL_NS,0.02,0.02
2005,NvcNvl_L1_NS,NONE,0.017,0.0
2005,32Mt_L2_EW,NONE,0.045,0.0
2005,32Mt_L2_EW,32MT_EW,0.054,0.054
2010,304Nvl_L1_EW,304NVL_EW,0.008,0.008
2010,304Nvl_L2_EW,304NVL_EW,0.007,0.007
2010,32Nvl_L3_NS,NONE,0.02,0.0
2010,32Nvl_L1_NS,32NVL_NS,0.062,0.062
2010,32Nvl_L1_EW,32NVL_EW,0.007,-0.032
2010,32Nvl_L2_EW,32NVL_EW,0.008,-0.004
2010,32Nvl_L3_NS,NONE,0.025,0.0
2010,32Nvl_L2_NS,32NVL_NS,0.024,0.024
2010,NvcNvl_L1_EW,NONE,0.011,0.0
2010,NvcNvl_L2_EW,NONE,0.008,0.0
2010,32Mt_L1_EW,NONE,0.094,0.0
2010,32Mt_L3_EW,NONE,0.115,0.0
2010,32Mt_L1_EW,32MT_EW,0.056,0.051
2010,NvcMt_L2_NS,NONE,0.026,0.0
2010,NvcMt_L2_EW,NVCMT_EW,0.003,0.003
2010,NvcCmt8_L2_NS,NONE,0.054,0.0
2010,NvcCmt8_L1_NS,NONE,0.039,0.0
2010,304Nvl_L3_EW,NONE,0.006,0.0
2010,32Nvl_L2_NS,32NVL_NS,0.06,0.06
2010,32Nvl_L3_EW,NONE,0.006,0.0
2010,32Nvl_L1_NS,32NVL_NS,0.02,0.02
2010,32Mt_L2_EW,NONE,0.098,0.0
2010,32Mt_L2_EW,32MT_EW,0.016,0.011
2010,NvcMt_L1_NS,NONE,0.027,0.0
2010,NvcMt_L1_EW,NVCMT_EW,0.006,0.006
2015,304Nvl_L1_EW,304NVL_EW,0.008,0.008
2015,304Nvl_L2_EW,304NVL_EW,0.007,0.007
2015,304Nvl_L1_NS,NONE,0.015,0.0
2015,32Nvl_L3_NS,NONE,0.034,0.0
2015,32Nvl_L1_NS,32NVL_NS,0.069,0.069
2015,32Nvl_L1_EW,32NVL_EW,0.014,-0.02
2015,32Nvl_L2_EW,32NVL_EW,0.015,-0.007
2015,32Nvl_L1_EW,32NVL_EW,0.007,-0.027
2015,32Nvl_L2_EW,32NVL_EW,0.007,-0.015
2015,32Nvl_L3_NS,NONE,0.083,0.0
2015,32Nvl_L2_NS,32NVL_NS,0.079,0.079
2015,NvcNvl_L3_NS,NONE,0.007,0.0
2015,NvcNvl_L2_NS,NONE,0.007,0.0
2015,NvcNvl_L1_EW,NVCNVL_EW,0.007,0.007
2015,32Mt_L1_EW,NONE,0.043,0.0
2015,32Mt_L1_EW,32MT_EW,0.049,0.039
2015,32Mt_L1_NS,NONE,0.049,0.0
2015,NvcMt_L2_NS,NONE,0.005,0.0
2015,304Nvl_L3_EW,NONE,0.006,0.0
2015,32Nvl_L2_NS,32NVL_NS,0.067,0.067
2015,32Nvl_L3_EW,NONE,0.006,0.0
2015,32Nvl_L3_EW,NONE,0.013,0.0
2015,32Nvl_L1_NS,32NVL_NS,0.067,0.067
2015,NvcNvl_L1_NS,NONE,0.009,0.0
2015,32Mt_L2_EW,NONE,0.008,0.0
2015,32Mt_L2_EW,32MT_EW,0.033,0.022
2015,NvcMt_L1_NS,NONE,0.005,0.0
2020,304Nvl_L1_EW,304NVL_EW,0.017,0.017
2020,304Nvl_L2_EW,304NVL_EW,0.007,0.007
2020,32Nvl_L3_NS,NONE,0.027,0.0
2020,32Nvl_L1_NS,32NVL_NS,0.069,0.069
2020,32Nvl_L3_NS,NONE,0.083,0.0
2020,32Nvl_L2_NS,32NVL_NS,0.079,0.079
2020,NvcNvl_L2_NS,NONE,0.079,0.0
2020,NvcNvl_L1_EW,NVCNVL_EW,0.007,0.007
2020,NvcNvl_L2_EW,NVCNVL_EW,0.008,0.008
2020,32Mt_L1_EW,NONE,0.036,0.0
2020,32Mt_L1_EW,32MT_EW,0.091,0.091
2020,32Mt_L1_NS,NONE,0.01,0.0
2020,304Nvl_L3_EW,NONE,0.006,0.0
2020,32Nvl_L2_NS,32NVL_NS,0.067,0.067
2020,32Nvl_L1_NS,32NVL_NS,0.074,0.074
2020,NvcNvl_L1_NS,NONE,0.105,0.0
2020,NvcNvl_L3_EW,NONE,0.009,0.0
2020,32Mt_L2_EW,32MT_EW,0.071,0.071
2025,304Nvl_L1_EW,304NVL_EW,0.025,0.025
2025,304Nvl_L2_EW,304NVL_EW,0.015,0.015
2025,304Nvl_L1_EW,NONE,0.041,0.0
2025,304Nvl_L1_NS,NONE,0.007,0.0
2025,304Nvl_L2_EW,NONE,0.043,0.0
2025,32Nvl_L3_NS,NONE,0.007,0.0
2025,32Nvl_L1_NS,32NVL_NS,0.014,0.014
2025,32Nvl_L3_NS,NONE,0.058,0.0
2025,32Nvl_L2_NS,32NVL_NS,0.063,0.063
2025,NvcNvl_L3_NS,NONE,0.088,0.0
2025,NvcNvl_L2_NS,NONE,0.086,0.0
2025,NvcNvl_L1_EW,NVCNVL_EW,0.007,0.007
2025,NvcNvl_L2_EW,NVCNVL_EW,0.008,0.008
2025,304Nvl_L3_EW,NONE,0.013,0.0
2025,304Nvl_L3_EW,NONE,0.041,0.0
2025,32Nvl_L2_NS,32NVL_NS,0.013,0.013
2025,32Nvl_L1_NS,32NVL_NS,0.067,0.067
2025,NvcNvl_L1_NS,NONE,0.114,0.0
2025,NvcNvl_L3_EW,NONE,0.009,0.0
2030,304Nvl_L1_EW,304NVL_EW,0.017,0.017
2030,304Nvl_L2_EW,304NVL_EW,0.015,0.015
2030,32Nvl_L1_NS,32NVL_NS,0.007,0.007
2030,32Nvl_L3_NS,NONE,0.008,0.0
2030,32Nvl_L2_NS,32NVL_NS,0.008,0.008
2030,NvcNvl_L3_NS,NONE,0.054,0.0
2030,NvcNvl_L2_NS,NONE,0.053,0.0
2030,NvcNvl_L1_EW,NVCNVL_EW,0.014,0.014
2030,NvcNvl_L2_EW,NVCNVL_EW,0.008,0.008
2030,32Mt_L1_NS,NONE,0.01,0.0
2030,304Nvl_L3_EW,NONE,0.013,0.0
2030,32Nvl_L1_NS,32NVL_NS,0.02,0.02
2030,NvcNvl_L1_NS,NONE,0.07,0.0
2030,NvcNvl_L3_EW,NONE,0.009,0.0
2030,32Mt_L2_NS,NONE,0.009,0.0
2035,304Nvl_L1_EW,304NVL_EW,0.051,0.051
2035,304Nvl_L2_EW,304NVL_EW,0.007,0.007
2035,32Nvl_L1_NS,32NVL_NS,0.007,0.007
2035,NvcNvl_L3_NS,NONE,0.02,0.0
2035,NvcNvl_L2_NS,NONE,0.02,0.0
2035,NvcNvl_L1_EW,NVCNVL_EW,0.007,0.003
2035,32Mt_L1_NS,32MT_NS,0.006,0.006
2035,NvcMt_L1_EW,NVCMT_EW,0.006,0.001
2035,32Nvl_L1_NS,32NVL_NS,0.04,0.04
2035,NvcNvl_L1_NS,NONE,0.026,0.0
2035,NvcMt_L2_EW,NVCMT_EW,0.008,0.008
2040,304Nvl_L1_EW,304NVL_EW,0.051,0.051
2040,32Nvl_L3_NS,NONE,0.014,0.0
2040,32Nvl_L1_NS,32NVL_NS,0.048,0.048
2040,NvcNvl_L3_NS,NONE,0.007,0.0
2040,NvcNvl_L2_NS,NONE,0.007,0.0
2040,NvcNvl_L1_EW,NONE,0.128,0.0
2040,NvcNvl_L2_EW,NONE,0.092,0.0
2040,NvcNvl_L1_EW,NVCNVL_EW,0.007,0.003
2040,NvcMt_L1_EW,NVCMT_EW,0.006,0.001
2040,NvcCmt8_L2_NS,NONE,0.011,0.0
2040,NvcCmt8_L1_NS,NONE,0.008,0.0
2040,32Nvl_L2_NS,32NVL_NS,0.013,0.013
2040,32Nvl_L1_NS,32NVL_NS,0.007,0.007
2040,NvcNvl_L1_NS,NONE,0.009,0.0
2040,NvcMt_L2_EW,NVCMT_EW,0.008,0.008
2045,304Nvl_L1_NS,304NVL_NS,0.045,0.036
2045,304Nvl_L3_NS,NONE,0.037,0.0
2045,304Nvl_L1_EW,304NVL_EW,0.008,0.008
2045,304Nvl_L2_EW,304NVL_EW,0.007,0.007
2045,32Nvl_L1_NS,32NVL_NS,0.014,-0.018
2045,32Nvl_L1_EW,32NVL_EW,0.007,0.007
2045,32Nvl_L2_EW,32NVL_EW,0.008,0.008
2045,NvcNvl_L3_NS,NONE,0.007,0.0
2045,NvcNvl_L2_NS,NONE,0.007,0.0
2045,NvcNvl_L1_EW,NONE,0.128,0.0
2045,NvcNvl_L1_EW,NVCNVL_EW,0.007,0.003
2045,NvcNvl_L2_EW,NVCNVL_EW,0.008,0.008
2045,NvcMt_L1_EW,NVCMT_EW,0.006,0.001
2045,304Nvl_L2_NS,304NVL_NS,0.038,0.038
2045,304Nvl_L3_EW,NONE,0.006,0.0
2045,32Nvl_L2_NS,32NVL_NS,0.007,-0.02
2045,32Nvl_L3_EW,NONE,0.006,0.0
2045,32Nvl_L1_NS,32NVL_NS,0.007,-0.025
2045,NvcNvl_L1_NS,NONE,0.009,0.0
2045,NvcNvl_L3_EW,NONE,0.009,0.0
2045,NvcMt_L2_EW,NVCMT_EW,0.008,0.002
2050,304Nvl_L1_NS,304NVL_NS,0.045,0.04
2050,304Nvl_L3_NS,NONE,0.037,0.0
2050,304Nvl_L1_EW,304NVL_EW,0.008,0.008
2050,304Nvl_L2_EW,304NVL_EW,0.007,0.007
2050,304Nvl_L1_NS,NONE,0.007,0.0
2050,32Nvl_L1_NS,32NVL_NS,0.007,-0.025
2050,32Nvl_L1_EW,32NVL_EW,0.007,0.007
2050,32Nvl_L2_EW,32NVL_EW,0.008,0.008
2050,32Nvl_L3_NS,NONE,0.008,0.0
2050,32Nvl_L2_NS,32NVL_NS,0.008,-0.019
2050,32Mt_L1_NS,NONE,0.01,0.0
2050,NvcMt_L2_NS,NONE,0.063,0.0
2050,304Nvl_L2_NS,304NVL_NS,0.038,0.032
2050,304Nvl_L3_EW,NONE,0.006,0.0
2050,32Nvl_L2_NS,32NVL_NS,0.007,-0.02
2050,32Nvl_L3_EW,NONE,0.006,0.0
2050,32Nvl_L1_NS,32NVL_NS,0.02,-0.012
2050,32Mt_L2_NS,NONE,0.009,0.0
2050,NvcMt_L1_NS,NONE,0.066,0.0
2055,304Nvl_L1_NS,304NVL_NS,0.045,0.045
2055,304Nvl_L3_NS,NONE,0.037,0.0
2055,304Nvl_L1_NS,NONE,0.015,0.0
2055,32Nvl_L1_EW,32NVL_EW,0.007,0.007
2055,32Nvl_L2_EW,32NVL_EW,0.008,0.008
2055,NvcNvl_L3_NS,NONE,0.007,0.0
2055,NvcNvl_L2_NS,NONE,0.007,0.0
2055,NvcNvl_L1_EW,NONE,0.011,0.0
2055,NvcNvl_L2_EW,NONE,0.008,0.0
2055,NvcMt_L2_NS,NONE,0.069,0.0
2055,32Thn_L1_EW,NONE,0.01,0.0
2055,32Thn_L2_EW,NONE,0.01,0.0
2055,32Thn_L3_EW,NONE,0.007,0.0
2055,304Nvl_L2_NS,304NVL_NS,0.038,0.038
2055,32Nvl_L3_EW,NONE,0.006,0.0
2055,NvcNvl_L1_NS,NONE,0.009,0.0
2055,NvcNvl_L3_EW,NONE,0.006,0.0
2055,NvcMt_L1_NS,NONE,0.071,0.0
2060,304Nvl_L1_NS,304NVL_NS,0.045,0.04
2060,304Nvl_L3_NS,NONE,0.037,0.0
2060,304Nvl_L1_EW,304NVL_EW,0.008,0.008
2060,304Nvl_L1_NS,NONE,0.007,0.0
2060,304Nvl_L3_NS,NONE,0.008,0.0
2060,32Nvl_L1_NS,32NVL_NS,0.007,-0.025
2060,32Nvl_L1_EW,32NVL_EW,0.007,-0.008
2060,32Nvl_L2_EW,32NVL_EW,0.008,0.0
2060,NvcNvl_L3_NS,NONE,0.007,0.0
2060,NvcNvl_L2_NS,NONE,0.007,0.0
2060,NvcNvl_L1_EW,NONE,0.032,0.0
2060,NvcNvl_L2_EW,NONE,0.015,0.0
2060,NvcNvl_L1_EW,NVCNVL_EW,0.014,0.01
2060,NvcNvl_L2_EW,NVCNVL_EW,0.008,0.008
2060,32Mt_L1_EW,NONE,0.007,0.0
2060,32Mt_L3_EW,NONE,0.009,0.0
2060,32Mt_L1_EW,32MT_EW,0.014,0.009
2060,NvcMt_L1_EW,NVCMT_EW,0.006,-0.03
2060,NvcCmt8_L2_EW,NVCCMT8_EW,0.026,0.026
2060,32Thn_L1_EW,32THN_EW,0.008,0.003
2060,304Nvl_L2_NS,304NVL_NS,0.038,0.038
2060,304Nvl_L2_NS,NONE,0.007,0.0
2060,32Nvl_L3_EW,NONE,0.006,0.0
2060,NvcNvl_L1_NS,NONE,0.009,0.0
2060,NvcNvl_L3_EW,NONE,0.006,0.0
2060,NvcNvl_L3_EW,NONE,0.009,0.0
2060,32Mt_L2_EW,NONE,0.008,0.0
2060,32Mt_L2_EW,32MT_EW,0.011,0.005
2060,NvcMt_L2_EW,NVCMT_EW,0.008,-0.016
2060,NvcCmt8_L1_EW,NVCCMT8_EW,0.038,0.034
2065,304Nvl_L1_NS,304NVL_NS,0.045,0.045
2065,304Nvl_L3_NS,NONE,0.037,0.0
2065,304Nvl_L1_EW,304NVL_EW,0.008,0.008
2065,304Nvl_L1_NS,NONE,0.007,0.0
2065,304Nvl_L3_NS,NONE,0.008,0.0
2065,32Nvl_L1_EW,32NVL_EW,0.007,0.002
2065,32Nvl_L2_EW,32NVL_EW,0.008,0.004
2065,32Nvl_L3_NS,NONE,0.008,0.0
2065,32Nvl_L2_NS,32NVL_NS,0.008,-0.019
2065,NvcNvl_L3_NS,NONE,0.007,0.0
2065,NvcNvl_L2_NS,NONE,0.007,0.0
2065,NvcNvl_L1_EW,NONE,0.011,0.0
2065,NvcNvl_L2_EW,NONE,0.008,0.0
2065,NvcNvl_L1_EW,NVCNVL_EW,0.007,0.003
2065,32Mt_L1_EW,NONE,0.007,0.0
2065,32Mt_L3_EW,NONE,0.009,0.0
2065,32Mt_L1_EW,32MT_EW,0.007,0.002
2065,NvcMt_L1_EW,NVCMT_EW,0.006,-0.025
2065,NvcCmt8_L2_EW,NVCCMT8_EW,0.026,0.026
2065,304Nvl_L2_NS,304NVL_NS,0.038,0.032
2065,304Nvl_L2_NS,NONE,0.007,0.0
2065,32Nvl_L3_EW,NONE,0.006,0.0
2065,32Nvl_L1_NS,32NVL_NS,0.007,-0.025
2065,NvcNvl_L1_NS,NONE,0.009,0.0
2065,NvcNvl_L3_EW,NONE,0.006,0.0
2065,32Mt_L2_EW,NONE,0.008,0.0
2065,32Mt_L2_EW,32MT_EW,0.005,0.0
2065,NvcMt_L2_EW,NVCMT_EW,0.008,-0.011
2065,NvcCmt8_L1_EW,NVCCMT8_EW,0.038,0.034
2070,304Nvl_L1_NS,304NVL_NS,0.045,0.045
2070,304Nvl_L3_NS,NONE,0.037,0.0
2070,304Nvl_L1_EW,304NVL_EW,0.008,0.008
2070,304Nvl_L2_EW,304NVL_EW,0.007,0.007
2070,304Nvl_L1_NS,NONE,0.007,0.0
2070,304Nvl_L3_NS,NONE,0.008,0.0
2070,32Nvl_L1_EW,32NVL_EW,0.007,-0.003
2070,32Nvl_L2_EW,32NVL_EW,0.008,0.0
2070,32Nvl_L3_NS,NONE,0.008,0.0
2070,32Nvl_L2_NS,32NVL_NS,0.008,-0.019
2070,NvcNvl_L3_NS,NONE,0.007,0.0
2070,NvcNvl_L2_NS,NONE,0.007,0.0
2070,NvcNvl_L1_EW,NVCNVL_EW,0.014,0.01
2070,32Mt_L1_EW,NONE,0.014,0.0
2070,32Mt_L3_EW,NONE,0.009,0.0
2070,32Mt_L1_EW,32MT_EW,0.014,0.009
2070,32Mt_L1_NS,NONE,0.117,0.0
2070,NvcMt_L1_EW,NVCMT_EW,0.006,-0.03
2070,NvcCmt8_L2_EW,NVCCMT8_EW,0.026,0.026
2070,304Nvl_L2_NS,304NVL_NS,0.038,0.032
2070,304Nvl_L3_EW,NONE,0.006,0.0
2070,304Nvl_L2_NS,NONE,0.007,0.0
2070,32Nvl_L3_EW,NONE,0.006,0.0
2070,32Nvl_L1_NS,32NVL_NS,0.007,-0.025
2070,NvcNvl_L1_NS,NONE,0.009,0.0
2070,32Mt_L2_EW,NONE,0.008,0.0
2070,32Mt_L2_EW,32MT_EW,0.011,0.005
2070,32Mt_L2_NS,NONE,0.104,0.0
2070,NvcMt_L2_EW,NVCMT_EW,0.008,-0.011
2070,NvcCmt8_L1_EW,NVCCMT8_EW,0.038,0.034
2075,304Nvl_L1_NS,304NVL_NS,0.045,0.045
2075,304Nvl_L3_NS,NONE,0.037,0.0
2075,304Nvl_L1_EW,304NVL_EW,0.008,0.008
2075,304Nvl_L1_NS,NONE,0.044,0.0
2075,304Nvl_L3_NS,NONE,0.048,0.0
2075,32Nvl_L1_EW,32NVL_EW,0.007,-0.003
2075,32Nvl_L2_EW,32NVL_EW,0.008,0.004
2075,32Nvl_L3_NS,NONE,0.008,0.0
2075,32Nvl_L2_NS,32NVL_NS,0.008,-0.019
2075,NvcNvl_L3_NS,NONE,0.007,0.0
2075,NvcNvl_L2_NS,NONE,0.007,0.0
2075,NvcNvl_L1_EW,NVCNVL_EW,0.007,0.007
2075,32Mt_L1_EW,NONE,0.014,0.0
2075,32Mt_L3_EW,NONE,0.018,0.0
2075,32Mt_L1_EW,32MT_EW,0.014,0.009
2075,32Mt_L1_NS,NONE,0.01,0.0
2075,NvcCmt8_L2_NS,NONE,0.011,0.0
2075,NvcCmt8_L1_NS,NONE,0.008,0.0
2075,304Nvl_L2_NS,304NVL_NS,0.038,0.032
2075,304Nvl_L2_NS,NONE,0.044,0.0
2075,32Nvl_L3_EW,NONE,0.006,0.0
2075,32Nvl_L1_NS,32NVL_NS,0.007,-0.025
2075,NvcNvl_L1_NS,NONE,0.009,0.0
2075,32Mt_L2_EW,NONE,0.015,0.0
2075,32Mt_L2_EW,32MT_EW,0.005,0.0
2075,NvcCmt8_L1_EW,NONE,0.029,0.0
2080,304Nvl_L1_NS,304NVL_NS,0.063,0.059
2080,304Nvl_L3_NS,NONE,0.044,0.0
2080,304Nvl_L1_EW,304NVL_EW,0.008,0.008
2080,304Nvl_L1_NS,NONE,0.007,0.0
2080,304Nvl_L3_NS,NONE,0.008,0.0
2080,32Nvl_L3_NS,NONE,0.007,0.0
2080,32Nvl_L1_NS,32NVL_NS,0.007,-0.037
2080,32Nvl_L1_EW,32NVL_EW,0.007,0.002
2080,32Nvl_L2_EW,32NVL_EW,0.008,0.008
2080,32Mt_L1_NS,32MT_NS,0.075,0.075
2080,32Mt_L1_EW,32MT_EW,0.007,0.002
2080,32Mt_L1_NS,NONE,0.02,0.0
2080,304Nvl_L2_NS,304NVL_NS,0.046,0.046
2080,304Nvl_L2_NS,NONE,0.007,0.0
2080,32Nvl_L2_NS,32NVL_NS,0.007,-0.025
2080,32Nvl_L3_EW,NONE,0.006,0.0
2080,32Mt_L2_NS,NONE,0.017,0.0
2085,304Thn_L1_EW,304THN_EW,0.008,-0.021
2085,304Thn_L3_EW,NONE,0.008,0.0
2085,304Nvl_L1_NS,304NVL_NS,0.063,0.059
2085,304Nvl_L3_NS,NONE,0.044,0.0
2085,304Nvl_L1_EW,304NVL_EW,0.042,0.037
2085,304Nvl_L1_NS,NONE,0.007,0.0
2085,304Nvl_L3_NS,NONE,0.008,0.0
2085,32Nvl_L3_NS,NONE,0.007,0.0
2085,32Nvl_L1_NS,32NVL_NS,0.007,-0.037
2085,32Nvl_L1_EW,32NVL_EW,0.007,-0.003
2085,32Nvl_L2_EW,32NVL_EW,0.008,0.004
2085,32Mt_L1_NS,32MT_NS,0.082,0.082
2085,32Mt_L1_EW,32MT_EW,0.014,0.009
2085,32Mt_L1_NS,NONE,0.01,0.0
2085,NvcCmt8_L2_NS,NONE,0.012,0.0
2085,304Nvl_L2_NS,304NVL_NS,0.046,0.046
2085,304Nvl_L2_NS,NONE,0.007,0.0
2085,32Nvl_L2_NS,32NVL_NS,0.007,-0.025
2085,32Nvl_L3_EW,NONE,0.006,0.0
2085,32Nvl_L1_NS,32NVL_NS,0.007,-0.038
2085,32Mt_L2_EW,32MT_EW,0.005,0.0
2085,NvcCmt8_L1_NS,NONE,0.011,0.0
2085,304Thn_L2_EW,304THN_EW,0.007,0.007
2090,304Nvl_L1_NS,304NVL_NS,0.063,0.063
2090,304Nvl_L3_NS,NONE,0.044,0.0
2090,304Nvl_L1_EW,304NVL_EW,0.017,0.017
2090,304Nvl_L2_EW,304NVL_EW,0.007,0.007
2090,32Nvl_L1_EW,32NVL_EW,0.014,0.009
2090,32Nvl_L2_EW,32NVL_EW,0.015,0.012
2090,32Nvl_L3_NS,NONE,0.008,0.0
2090,32Nvl_L2_NS,32NVL_NS,0.008,-0.024
2090,NvcNvl_L3_NS,NONE,0.007,0.0
2090,NvcNvl_L2_NS,NONE,0.007,0.0
2090,32Mt_L1_NS,32MT_NS,0.082,0.082
2090,32Mt_L1_EW,NONE,0.014,0.0
2090,32Mt_L1_EW,32MT_EW,0.007,-0.003
2090,32Mt_L1_NS,NONE,0.01,0.0
2090,304Nvl_L2_NS,304NVL_NS,0.046,0.04
2090,304Nvl_L3_EW,NONE,0.006,0.0
2090,32Nvl_L3_EW,NONE,0.013,0.0
2090,32Nvl_L1_NS,32NVL_NS,0.007,-0.038
2090,NvcNvl_L1_NS,NONE,0.009,0.0
2090,32Mt_L2_EW,32MT_EW,0.005,-0.005
2090,32Mt_L2_NS,NONE,0.009,0.0
2090,NvcMt_L1_NS,NONE,0.027,0.0
2095,304Nvl_L1_NS,304NVL_NS,0.063,0.063
2095,304Nvl_L3_NS,NONE,0.052,0.0
2095,304Nvl_L1_EW,304NVL_EW,0.008,0.008
2095,32Nvl_L1_EW,32NVL_EW,0.021,0.016
2095,32Nvl_L2_EW,32NVL_EW,0.023,0.019
2095,32Nvl_L3_NS,NONE,0.008,0.0
2095,32Nvl_L2_NS,32NVL_NS,0.008,-0.029
2095,NvcNvl_L1_EW,NVCNVL_EW,0.035,0.035
2095,NvcNvl_L2_EW,NVCNVL_EW,0.039,0.039
2095,32Mt_L1_EW,32MT_EW,0.007,-0.008
2095,NvcMt_L2_NS,NONE,0.026,0.0
2095,304Nvl_L2_NS,304NVL_NS,0.053,0.048
2095,32Nvl_L3_EW,NONE,0.019,0.0
2095,32Nvl_L1_NS,32NVL_NS,0.013,-0.031
2095,NvcNvl_L3_EW,NONE,0.047,0.0
2095,32Mt_L2_EW,32MT_EW,0.005,-0.011
2095,NvcMt_L1_NS,NONE,0.027,0.0
2100,304Nvl_L1_NS,304NVL_NS,0.063,0.059
2100,304Nvl_L3_NS,NONE,0.052,0.0
2100,304Nvl_L1_EW,304NVL_EW,0.008,0.008
2100,304Nvl_L2_EW,304NVL_EW,0.007,0.007
2100,304Nvl_L1_NS,NONE,0.007,0.0
2100,32Nvl_L1_NS,32NVL_NS,0.007,-0.037
2100,32Nvl_L1_EW,32NVL_EW,0.021,0.016
2100,32Nvl_L2_EW,32NVL_EW,0.023,0.023
2100,32Nvl_L3_NS,NONE,0.008,0.0
2100,32Nvl_L2_NS,32NVL_NS,0.008,-0.029
2100,NvcNvl_L1_EW,NVCNVL_EW,0.077,0.077
2100,NvcNvl_L2_EW,NVCNVL_EW,0.078,0.078
2100,32Mt_L1_EW,NONE,0.007,0.0
2100,32Mt_L1_EW,32MT_EW,0.007,-0.008
2100,NvcMt_L2_NS,NONE,0.005,0.0
2100,304Nvl_L2_NS,304NVL_NS,0.053,0.048
2100,304Nvl_L3_EW,NONE,0.006,0.0
2100,32Nvl_L3_EW,NONE,0.013,0.0
2100,32Nvl_L1_NS,32NVL_NS,0.007,-0.038
2100,NvcNvl_L3_EW,NONE,0.093,0.0
2100,NvcMt_L1_NS,NONE,0.005,0.0
2105,304Nvl_L1_NS,304NVL_NS,0.063,0.063
2105,304Nvl_L3_NS,NONE,0.052,0.0
2105,32Nvl_L1_EW,32NVL_EW,0.007,0.002
2105,32Nvl_L2_EW,32NVL_EW,0.008,0.008
2105,32Nvl_L3_NS,NONE,0.017,0.0
2105,32Nvl_L2_NS,32NVL_NS,0.016,-0.021
2105,NvcNvl_L1_EW,NVCNVL_EW,0.035,0.035
2105,NvcNvl_L2_EW,NVCNVL_EW,0.039,0.039
2105,32Mt_L1_EW,NONE,0.007,0.0
2105,32Mt_L1_EW,32MT_EW,0.007,0.002
2105,304Nvl_L2_NS,304NVL_NS,0.053,0.042
2105,32Nvl_L3_EW,NONE,0.006,0.0
2105,32Nvl_L1_NS,32NVL_NS,0.02,-0.024
2105,NvcNvl_L3_EW,NONE,0.047,0.0
2110,304Nvl_L1_NS,304NVL_NS,0.063,0.059
2110,304Nvl_L3_NS,NONE,0.052,0.0
2110,304Nvl_L1_NS,NONE,0.007,0.0
2110,32Nvl_L1_NS,32NVL_NS,0.007,-0.037
2110,32Nvl_L1_EW,32NVL_EW,0.014,0.014
2110,32Nvl_L2_EW,32NVL_EW,0.015,0.015
2110,32Nvl_L1_EW,32NVL_EW,0.007,0.007
2110,NvcNvl_L1_EW,NVCNVL_EW,0.007,0.007
2110,NvcNvl_L2_EW,NVCNVL_EW,0.008,0.008
2110,304Nvl_L2_NS,304NVL_NS,0.053,0.053
2110,32Nvl_L3_EW,NONE,0.013,0.0
2110,NvcNvl_L3_EW,NONE,0.009,0.0
2115,304Nvl_L1_NS,304NVL_NS,0.063,0.063
2115,304Nvl_L3_NS,NONE,0.052,0.0
2115,304Nvl_L1_EW,304NVL_EW,0.008,0.008
2115,304Nvl_L2_EW,304NVL_EW,0.007,0.007
2115,32Nvl_L1_EW,32NVL_EW,0.007,0.002
2115,32Nvl_L2_EW,32NVL_EW,0.008,0.004
2115,32Nvl_L3_NS,NONE,0.017,0.0
2115,32Nvl_L2_NS,32NVL_NS,0.016,-0.021
2115,NvcNvl_L3_NS,NONE,0.007,0.0
2115,NvcNvl_L2_NS,NONE,0.007,0.0
2115,NvcNvl_L1_EW,NONE,0.011,0.0
2115,NvcNvl_L2_EW,NONE,0.008,0.0
2115,32Mt_L1_EW,32MT_EW,0.007,0.002
2115,304Nvl_L2_NS,304NVL_NS,0.053,0.042
2115,304Nvl_L3_EW,NONE,0.006,0.0
2115,32Nvl_L3_EW,NONE,0.006,0.0
2115,32Nvl_L1_NS,32NVL_NS,0.02,-0.024
2115,NvcNvl_L1_NS,NONE,0.009,0.0
2115,NvcNvl_L3_EW,NONE,0.006,0.0
2115,32Mt_L2_EW,32MT_EW,0.005,0.0
2120,304Nvl_L1_NS,304NVL_NS,0.063,0.059
2120,304Nvl_L3_NS,NONE,0.052,0.0
2120,304Nvl_L1_NS,NONE,0.007,0.0
2120,304Nvl_L3_NS,NONE,0.008,0.0
2120,32Nvl_L3_NS,NONE,0.007,0.0
2120,32Nvl_L1_NS,32NVL_NS,0.007,-0.037
2120,32Nvl_L1_EW,32NVL_EW,0.007,0.002
2120,32Nvl_L2_EW,32NVL_EW,0.008,0.004
2120,32Nvl_L3_NS,NONE,0.008,0.0
2120,32Nvl_L2_NS,32NVL_NS,0.008,-0.029
2120,32Mt_L1_EW,NONE,0.007,0.0
2120,32Mt_L3_EW,NONE,0.009,0.0
2120,32Mt_L1_EW,32MT_EW,0.007,0.002
2120,304Nvl_L2_NS,304NVL_NS,0.053,0.048
2120,304Nvl_L2_NS,NONE,0.007,0.0
2120,32Nvl_L2_NS,32NVL_NS,0.007,-0.031
2120,32Nvl_L3_EW,NONE,0.006,0.0
2120,32Nvl_L1_NS,32NVL_NS,0.013,-0.031
2120,32Mt_L2_EW,NONE,0.008,0.0
2120,32Mt_L2_EW,32MT_EW,0.005,0.0
2125,304Nvl_L1_NS,304NVL_NS,0.063,0.054
2125,304Nvl_L3_NS,NONE,0.052,0.0
2125,304Nvl_L1_NS,NONE,0.007,0.0
2125,32Nvl_L1_NS,32NVL_NS,0.014,-0.031
2125,NvcNvl_L1_EW,NVCNVL_EW,0.042,0.042
2125,NvcNvl_L2_EW,NVCNVL_EW,0.039,0.039
2125,32Mt_L1_EW,NONE,0.007,0.0
2125,32Mt_L3_EW,NONE,0.009,0.0
2125,304Nvl_L2_NS,304NVL_NS,0.053,0.053
2125,32Nvl_L2_NS,32NVL_NS,0.007,-0.031
2125,NvcNvl_L3_EW,NONE,0.047,0.0
2125,32Mt_L2_EW,NONE,0.008,0.0
2130,304Nvl_L1_NS,304NVL_NS,0.063,0.049
2130,304Nvl_L3_NS,NONE,0.052,0.0
2130,304Nvl_L1_EW,304NVL_EW,0.11,0.11
2130,304Nvl_L2_EW,304NVL_EW,0.087,0.087
2130,32Nvl_L3_NS,NONE,0.007,0.0
2130,32Nvl_L1_NS,32NVL_NS,0.021,-0.024
2130,NvcNvl_L1_EW,NVCNVL_EW,0.007,0.007
2130,NvcNvl_L2_EW,NVCNVL_EW,0.008,0.008
2130,32Mt_L1_NS,32MT_NS,0.006,0.006
2130,32Mt_L1_EW,32MT_EW,0.007,0.007
2130,32Mt_L1_NS,NONE,0.02,0.0
2130,NvcMt_L2_NS,NONE,0.005,0.0
2130,304Nvl_L2_NS,304NVL_NS,0.053,0.053
2130,304Nvl_L3_EW,NONE,0.076,0.0
2130,32Nvl_L2_NS,32NVL_NS,0.013,-0.024
2130,32Nvl_L1_NS,32NVL_NS,0.007,-0.038
2130,NvcNvl_L3_EW,NONE,0.009,0.0
2130,32Mt_L2_EW,32MT_EW,0.005,0.005
2130,32Mt_L2_NS,NONE,0.009,0.0
2130,NvcMt_L1_NS,NONE,0.005,0.0
2135,304Nvl_L1_EW,304NVL_EW,0.127,0.127
2135,304Nvl_L2_EW,304NVL_EW,0.102,0.102
2135,304Nvl_L1_NS,NONE,0.007,0.0
2135,304Nvl_L3_NS,NONE,0.008,0.0
2135,32Nvl_L1_NS,32NVL_NS,0.014,0.014
2135,32Nvl_L1_EW,32NVL_EW,0.007,-0.026
2135,32Nvl_L2_EW,32NVL_EW,0.008,-0.021
2135,32Nvl_L3_NS,NONE,0.008,0.0
2135,32Nvl_L2_NS,32NVL_NS,0.008,0.008
2135,NvcNvl_L1_EW,NONE,0.053,0.0
2135,NvcNvl_L2_EW,NONE,0.038,0.0
2135,NvcNvl_L1_EW,NVCNVL_EW,0.007,0.007
2135,NvcNvl_L2_EW,NVCNVL_EW,0.008,0.008
2135,32Mt_L1_NS,32MT_NS,0.006,0.006
2135,32Mt_L1_EW,NONE,0.007,0.0
2135,32Mt_L1_EW,32MT_EW,0.007,0.002
2135,32Thn_L1_EW,32THN_EW,0.04,0.035
2135,32Thn_L2_EW,32THN_EW,0.042,0.036
2135,32Thn_L3_EW,NONE,0.041,0.0
2135,304Nvl_L3_EW,NONE,0.089,0.0
2135,304Nvl_L2_NS,NONE,0.007,0.0
2135,32Nvl_L2_NS,32NVL_NS,0.007,0.007
2135,32Nvl_L3_EW,NONE,0.006,0.0
2135,32Nvl_L1_NS,32NVL_NS,0.013,0.013
2135,NvcNvl_L3_EW,NONE,0.009,0.0
2140,304Nvl_L1_EW,304NVL_EW,0.161,0.161
2140,304Nvl_L2_EW,304NVL_EW,0.138,0.138
2140,304Nvl_L1_NS,NONE,0.007,0.0
2140,32Nvl_L1_NS,32NVL_NS,0.007,0.007
2140,32Nvl_L1_EW,32NVL_EW,0.007,-0.026
2140,32Nvl_L2_EW,32NVL_EW,0.008,-0.021
2140,NvcNvl_L3_NS,NONE,0.007,0.0
2140,NvcNvl_L2_NS,NONE,0.007,0.0
2140,NvcNvl_L1_EW,NVCNVL_EW,0.007,0.007
2140,NvcNvl_L2_EW,NVCNVL_EW,0.008,0.008
2140,32Mt_L1_EW,32MT_EW,0.007,0.002
2140,NvcMt_L2_NS,NONE,0.026,0.0
2140,32Thn_L1_EW,32THN_EW,0.04,0.035
2140,32Thn_L2_EW,32THN_EW,0.042,0.036
2140,32Thn_L3_EW,NONE,0.041,0.0
2140,304Nvl_L3_EW,NONE,0.12,0.0
2140,32Nvl_L2_NS,32NVL_NS,0.007,0.007
2140,32Nvl_L3_EW,NONE,0.006,0.0
2140,32Nvl_L1_NS,32NVL_NS,0.007,0.007
2140,NvcNvl_L1_NS,NONE,0.009,0.0
2140,NvcNvl_L3_EW,NONE,0.009,0.0
2140,NvcMt_L1_NS,NONE,0.027,0.0
2145,304Nvl_L1_EW,304NVL_EW,0.152,0.152
2145,304Nvl_L2_EW,304NVL_EW,0.131,0.131
2145,304Nvl_L1_NS,NONE,0.036,0.0
2145,32Nvl_L1_EW,32NVL_EW,0.007,-0.026
2145,32Nvl_L2_EW,32NVL_EW,0.008,-0.025
2145,NvcNvl_L1_EW,NVCNVL_EW,0.007,0.007
2145,NvcNvl_L2_EW,NVCNVL_EW,0.008,0.008
2145,32Mt_L1_NS,32MT_NS,0.006,0.006
2145,32Mt_L1_EW,32MT_EW,0.007,0.002
2145,32Thn_L1_EW,32THN_EW,0.04,0.035
2145,32Thn_L2_EW,32THN_EW,0.042,0.036
2145,32Thn_L3_EW,NONE,0.041,0.0
2145,304Nvl_L3_EW,NONE,0.114,0.0
2145,32Nvl_L3_EW,NONE,0.006,0.0
2145,NvcNvl_L3_EW,NONE,0.009,0.0
2145,32Mt_L2_NS,32MT_NS,0.006,0.006
2145,32Mt_L2_EW,32MT_EW,0.005,0.0
2150,304Nvl_L1_EW,304NVL_EW,0.127,0.127
2150,304Nvl_L2_EW,304NVL_EW,0.102,0.102
2150,304Nvl_L1_EW,NONE,0.008,0.0
2150,304Nvl_L2_EW,NONE,0.009,0.0
2150,32Nvl_L1_NS,32NVL_NS,0.007,0.007
2150,32Nvl_L1_EW,32NVL_EW,0.007,-0.026
2150,32Nvl_L2_EW,32NVL_EW,0.008,-0.021
2150,32Nvl_L3_NS,NONE,0.008,0.0
2150,32Nvl_L2_NS,32NVL_NS,0.008,0.008
2150,NvcNvl_L1_EW,NVCNVL_EW,0.014,0.014
2150,NvcNvl_L2_EW,NVCNVL_EW,0.016,0.016
2150,32Mt_L1_EW,NONE,0.014,0.0
2150,32Mt_L3_EW,NONE,0.018,0.0
2150,32Mt_L1_EW,32MT_EW,0.007,0.002
2150,32Thn_L1_EW,32THN_EW,0.04,0.035
2150,32Thn_L2_EW,32THN_EW,0.042,0.036
2150,32Thn_L3_EW,NONE,0.041,0.0
2150,304Nvl_L3_EW,NONE,0.089,0.0
2150,304Nvl_L3_EW,NONE,0.008,0.0
2150,32Nvl_L2_NS,32NVL_NS,0.007,0.007
2150,32Nvl_L3_EW,NONE,0.006,0.0
2150,32Nvl_L1_NS,32NVL_NS,0.007,0.007
2150,NvcNvl_L3_EW,NONE,0.019,0.0
2150,32Mt_L2_EW,NONE,0.015,0.0
2155,304Nvl_L1_EW,304NVL_EW,0.135,0.135
2155,304Nvl_L2_EW,304NVL_EW,0.109,0.109
2155,32Nvl_L1_EW,32NVL_EW,0.007,0.002
2155,32Nvl_L2_EW,32NVL_EW,0.008,0.008
2155,NvcNvl_L1_EW,NVCNVL_EW,0.007,0.007
2155,NvcNvl_L2_EW,NVCNVL_EW,0.008,0.008
2155,32Mt_L1_EW,32MT_EW,0.007,0.002
2155,32Mt_L1_NS,NONE,0.01,0.0
2155,NvcMt_L2_NS,NONE,0.005,0.0
2155,32Thn_L1_EW,NONE,0.058,0.0
2155,32Thn_L2_EW,NONE,0.01,0.0
2155,32Thn_L3_EW,NONE,0.007,0.0
2155,304Nvl_L3_EW,NONE,0.095,0.0
2155,32Nvl_L3_EW,NONE,0.006,0.0
2155,32Nvl_L1_NS,32NVL_NS,0.007,0.007
2155,32Mt_L2_NS,NONE,0.009,0.0
2155,NvcMt_L1_NS,NONE,0.005,0.0
2160,304Nvl_L1_NS,304NVL_NS,0.009,0.009
2160,304Nvl_L1_EW,304NVL_EW,0.178,0.178
2160,304Nvl_L2_EW,304NVL_EW,0.109,0.109
2160,304Nvl_L1_NS,NONE,0.007,0.0
2160,304Nvl_L3_NS,NONE,0.008,0.0
2160,32Nvl_L1_EW,32NVL_EW,0.007,-0.008
2160,32Nvl_L2_EW,32NVL_EW,0.008,0.004
2160,32Nvl_L3_NS,NONE,0.1,0.0
2160,32Nvl_L2_NS,32NVL_NS,0.095,0.095
2160,NvcNvl_L1_EW,NONE,0.011,0.0
2160,NvcNvl_L2_EW,NONE,0.008,0.0
2160,NvcNvl_L1_EW,NVCNVL_EW,0.007,0.003
2160,NvcNvl_L2_EW,NVCNVL_EW,0.008,0.008
2160,32Mt_L1_EW,NONE,0.007,0.0
2160,32Mt_L1_EW,32MT_EW,0.014,0.009
2160,32Mt_L1_NS,NONE,0.01,0.0
2160,NvcMt_L1_EW,NVCMT_EW,0.006,0.001
2160,NvcMt_L1_NS,NVCMT_NS,0.007,0.007
2160,32Thn_L1_EW,NONE,0.058,0.0
2160,32Thn_L2_EW,NONE,0.01,0.0
2160,32Thn_L1_EW,32THN_EW,0.008,0.003
2160,32Thn_L3_EW,NONE,0.007,0.0
2160,304Nvl_L3_EW,NONE,0.095,0.0
2160,304Nvl_L2_NS,NONE,0.007,0.0
2160,32Nvl_L3_EW,NONE,0.006,0.0
2160,32Nvl_L1_NS,32NVL_NS,0.081,0.074
2160,NvcNvl_L3_EW,NONE,0.009,0.0
2160,32Mt_L2_EW,32MT_EW,0.005,0.0
2160,NvcMt_L2_EW,NVCMT_EW,0.008,0.002
2160,NvcMt_L2_NS,NVCMT_NS,0.005,0.005
2165,304Nvl_L1_EW,304NVL_EW,0.178,0.178
2165,304Nvl_L2_EW,304NVL_EW,0.109,0.109
2165,32Nvl_L1_EW,32NVL_EW,0.007,-0.008
2165,32Nvl_L2_EW,32NVL_EW,0.008,0.0
2165,NvcNvl_L3_NS,NONE,0.007,0.0
2165,NvcNvl_L2_NS,NONE,0.007,0.0
2165,NvcNvl_L1_EW,NONE,0.011,0.0
2165,NvcNvl_L2_EW,NONE,0.008,0.0
2165,32Mt_L1_EW,NONE,0.022,0.0
2165,32Mt_L3_EW,NONE,0.027,0.0
2165,32Mt_L1_EW,32MT_EW,0.014,0.009
2165,NvcMt_L1_EW,NVCMT_EW,0.006,0.006
2165,32Thn_L1_EW,32THN_EW,0.008,0.003
2165,304Nvl_L3_EW,NONE,0.095,0.0
2165,32Nvl_L3_EW,NONE,0.006,0.0
2165,NvcNvl_L1_NS,NONE,0.009,0.0
2165,NvcNvl_L3_EW,NONE,0.006,0.0
2165,32Mt_L2_EW,NONE,0.023,0.0
2165,32Mt_L2_EW,32MT_EW,0.011,0.005
2165,NvcMt_L2_EW,NVCMT_EW,0.008,0.008
2170,304Nvl_L1_EW,304NVL_EW,0.169,0.169
2170,304Nvl_L2_EW,304NVL_EW,0.109,0.109
2170,32Nvl_L1_NS,32NVL_NS,0.007,0.007
2170,32Nvl_L1_EW,32NVL_EW,0.007,-0.056
2170,32Nvl_L2_EW,32NVL_EW,0.008,-0.042
2170,32Nvl_L3_NS,NONE,0.008,0.0
2170,32Nvl_L2_NS,32NVL_NS,0.008,0.008
2170,NvcNvl_L3_NS,NONE,0.007,0.0
2170,NvcNvl_L2_NS,NONE,0.007,0.0
2170,NvcNvl_L1_EW,NONE,0.011,0.0
2170,NvcNvl_L1_EW,NVCNVL_EW,0.007,0.003
2170,NvcNvl_L2_EW,NVCNVL_EW,0.008,-0.002
2170,32Mt_L1_EW,NONE,0.007,0.0
2170,32Mt_L3_EW,NONE,0.009,0.0
2170,32Mt_L1_EW,32MT_EW,0.091,0.086
2170,32Mt_L1_NS,NONE,0.01,0.0
2170,NvcMt_L1_EW,NVCMT_EW,0.006,0.001
2170,NvcMt_L2_EW,NVCMT_EW,0.013,0.008
2170,304Nvl_L3_EW,NONE,0.095,0.0
2170,32Nvl_L2_NS,32NVL_NS,0.007,0.007
2170,32Nvl_L3_EW,NONE,0.006,0.0
2170,32Nvl_L1_NS,32NVL_NS,0.007,0.007
2170,NvcNvl_L1_NS,NONE,0.009,0.0
2170,32Mt_L2_EW,NONE,0.008,0.0
2170,32Mt_L2_EW,32MT_EW,0.071,0.065
2170,32Mt_L2_NS,NONE,0.009,0.0
2170,NvcMt_L2_EW,NVCMT_EW,0.008,0.002
2170,NvcMt_L1_EW,NVCMT_EW,0.028,0.023
2175,304Nvl_L1_EW,304NVL_EW,0.135,0.135
2175,304Nvl_L2_EW,304NVL_EW,0.109,0.109
2175,32Nvl_L1_NS,32NVL_NS,0.007,0.002
2175,32Nvl_L1_EW,32NVL_EW,0.007,-0.081
2175,32Nvl_L2_EW,32NVL_EW,0.008,-0.061
2175,NvcNvl_L1_EW,NONE,0.011,0.0
2175,NvcNvl_L2_EW,NONE,0.008,0.0
2175,NvcNvl_L1_EW,NVCNVL_EW,0.021,-0.032
2175,NvcNvl_L2_EW,NVCNVL_EW,0.023,0.014
2175,NvcNvl_L1_NS,NVCNVL_NS,0.007,0.002
2175,32Mt_L1_EW,NONE,0.007,0.0
2175,32Mt_L3_EW,NONE,0.009,0.0
2175,32Mt_L1_EW,32MT_EW,0.126,0.121
2175,32Mt_L1_NS,NONE,0.029,0.0
2175,NvcMt_L1_EW,NVCMT_EW,0.076,0.061
2175,NvcMt_L2_EW,NVCMT_EW,0.013,-0.003
2175,304Nvl_L3_EW,NONE,0.095,0.0
2175,32Nvl_L2_NS,32NVL_NS,0.007,0.007
2175,32Nvl_L3_EW,NONE,0.006,0.0
2175,32Nvl_L1_NS,32NVL_NS,0.081,0.076
2175,NvcNvl_L3_EW,NONE,0.028,0.0
2175,32Mt_L2_EW,NONE,0.008,0.0
2175,32Mt_L2_EW,32MT_EW,0.098,0.092
2175,32Mt_L2_NS,NONE,0.017,0.0
2175,NvcMt_L2_EW,NVCMT_EW,0.095,0.079
2175,NvcMt_L1_EW,NVCMT_EW,0.028,0.013
2180,304Nvl_L1_EW,304NVL_EW,0.144,0.144
2180,304Nvl_L2_EW,304NVL_EW,0.116,0.116
2180,32Nvl_L3_NS,NONE,0.034,0.0
2180,32Nvl_L1_NS,32NVL_NS,0.042,0.037
2180,32Nvl_L1_EW,32NVL_EW,0.007,-0.091
2180,32Nvl_L2_EW,32NVL_EW,0.008,-0.065
2180,32Nvl_L3_NS,NONE,0.05,0.0
2180,32Nvl_L2_NS,32NVL_NS,0.047,0.047
2180,NvcNvl_L1_NS,NVCNVL_NS,0.007,-0.022
2180,32Mt_L1_NS,32MT_NS,0.013,0.013
2180,32Mt_L1_EW,NONE,0.007,0.0
2180,32Mt_L3_EW,NONE,0.009,0.0
2180,32Mt_L1_EW,32MT_EW,0.139,0.135
2180,32Mt_L1_NS,NONE,0.059,0.0
2180,NvcMt_L2_EW,NVCMT_EW,0.013,0.013
2180,304Nvl_L3_EW,NONE,0.101,0.0
2180,32Nvl_L2_NS,32NVL_NS,0.033,0.033
2180,32Nvl_L3_EW,NONE,0.006,0.0
2180,32Nvl_L1_NS,32NVL_NS,0.114,0.109
2180,32Mt_L2_EW,NONE,0.008,0.0
2180,32Mt_L2_EW,32MT_EW,0.103,0.098
2180,32Mt_L2_NS,NONE,0.043,0.0
2180,NvcMt_L1_EW,NVCMT_EW,0.028,0.028
2185,304Nvl_L1_EW,304NVL_EW,0.135,0.135
2185,304Nvl_L2_EW,304NVL_EW,0.116,0.116
2185,304Nvl_L1_NS,NONE,0.007,0.0
2185,32Nvl_L1_EW,32NVL_EW,0.007,-0.095
2185,32Nvl_L2_EW,32NVL_EW,0.008,-0.072
2185,32Nvl_L3_NS,NONE,0.058,0.0
2185,32Nvl_L2_NS,32NVL_NS,0.055,0.055
2185,NvcNvl_L1_EW,NONE,0.011,0.0
2185,NvcNvl_L2_EW,NONE,0.008,0.0
2185,32Mt_L1_EW,NONE,0.007,0.0
2185,32Mt_L3_EW,NONE,0.009,0.0
2185,32Mt_L1_EW,32MT_EW,0.146,0.141
2185,32Mt_L1_NS,NONE,0.01,0.0
2185,NvcMt_L2_EW,NVCMT_EW,0.013,0.013
2185,304Nvl_L3_EW,NONE,0.101,0.0
2185,32Nvl_L3_EW,NONE,0.006,0.0
2185,32Nvl_L1_NS,32NVL_NS,0.047,0.047
2185,32Mt_L2_EW,NONE,0.008,0.0
2185,32Mt_L2_EW,32MT_EW,0.114,0.109
2185,NvcMt_L1_EW,NVCMT_EW,0.028,0.028
2190,304Nvl_L1_EW,304NVL_EW,0.135,0.135
2190,304Nvl_L2_EW,304NVL_EW,0.116,0.116
2190,32Nvl_L1_EW,32NVL_EW,0.007,-0.1
2190,32Nvl_L2_EW,32NVL_EW,0.008,-0.068
2190,32Nvl_L1_EW,32NVL_EW,0.034,-0.074
2190,NvcNvl_L1_EW,NONE,0.053,0.0
2190,NvcNvl_L2_EW,NONE,0.038,0.0
2190,32Mt_L1_NS,32MT_NS,0.006,0.006
2190,32Mt_L1_EW,NONE,0.036,0.0
2190,32Mt_L1_EW,32MT_EW,0.153,0.148
2190,32Mt_L1_NS,NONE,0.137,0.0
2190,NvcMt_L2_EW,NVCMT_EW,0.013,0.01
2190,NvcCmt8_L2_EW,NVCCMT8_EW,0.005,-0.004
2190,304Nvl_L3_EW,NONE,0.101,0.0
2190,32Nvl_L3_EW,NONE,0.006,0.0
2190,NvcNvl_L3_EW,NONE,0.032,0.0
2190,32Mt_L2_EW,32MT_EW,0.109,0.103
2190,32Mt_L2_NS,NONE,0.104,0.0
2190,NvcMt_L1_EW,NVCMT_EW,0.028,0.022
2190,NvcCmt8_L1_EW,NVCCMT8_EW,0.008,0.008
2195,304Nvl_L1_EW,304NVL_EW,0.127,0.127
2195,304Nvl_L2_EW,304NVL_EW,0.109,0.109
2195,32Nvl_L1_EW,32NVL_EW,0.035,-0.067
2195,32Nvl_L2_EW,32NVL_EW,0.039,-0.041
2195,32Nvl_L1_EW,32NVL_EW,0.034,-0.069
2195,NvcNvl_L3_NS,NONE,0.041,0.0
2195,NvcNvl_L2_NS,NONE,0.04,0.0
2195,NvcNvl_L1_EW,NONE,0.011,0.0
2195,NvcNvl_L2_EW,NONE,0.008,0.0
2195,32Mt_L1_NS,32MT_NS,0.006,0.006
2195,32Mt_L1_EW,32MT_EW,0.146,0.122
2195,304Nvl_L3_EW,NONE,0.095,0.0
2195,32Nvl_L3_EW,NONE,0.031,0.0
2195,32Nvl_L1_NS,32NVL_NS,0.007,0.007
2195,NvcNvl_L1_NS,NONE,0.052,0.0
2195,32Mt_L2_EW,32MT_EW,0.114,0.087
2200,304Nvl_L1_NS,304NVL_NS,0.009,0.009
2200,304Nvl_L1_EW,304NVL_EW,0.127,0.127
2200,304Nvl_L2_EW,304NVL_EW,0.109,0.109
2200,304Nvl_L1_NS,NONE,0.007,0.0
2200,304Nvl_L3_NS,NONE,0.008,0.0
2200,32Nvl_L1_EW,32NVL_EW,0.05,-0.024
2200,32Nvl_L2_EW,32NVL_EW,0.054,0.043
2200,32Nvl_L1_EW,32NVL_EW,0.007,-0.067
2200,NvcNvl_L3_NS,NONE,0.02,0.0
2200,NvcNvl_L2_NS,NONE,0.02,0.0
2200,NvcNvl_L1_EW,NONE,0.011,0.0
2200,NvcNvl_L2_EW,NONE,0.008,0.0
2200,32Mt_L1_NS,32MT_NS,0.006,-0.018
2200,32Mt_L1_EW,32MT_EW,0.105,0.07
2200,NvcMt_L2_NS,NONE,0.005,0.0
2200,NvcMt_L1_NS,NVCMT_NS,0.034,0.03
2200,304Nvl_L3_EW,NONE,0.095,0.0
2200,304Nvl_L2_NS,NONE,0.007,0.0
2200,32Nvl_L3_EW,NONE,0.044,0.0
2200,32Nvl_L1_NS,32NVL_NS,0.007,0.0
2200,NvcNvl_L1_NS,NONE,0.026,0.0
2200,NvcNvl_L3_EW,NONE,0.006,0.0
2200,32Mt_L2_EW,32MT_EW,0.016,-0.022
2200,NvcMt_L1_NS,NONE,0.005,0.0
2200,NvcMt_L2_NS,NVCMT_NS,0.027,0.027
2205,304Nvl_L1_NS,304NVL_NS,0.009,0.009
2205,304Nvl_L1_EW,304NVL_EW,0.127,0.127
2205,304Nvl_L2_EW,304NVL_EW,0.109,0.109
2205,304Nvl_L1_NS,NONE,0.007,0.0
2205,32Nvl_L1_EW,32NVL_EW,0.014,-0.049
2205,32Nvl_L2_EW,32NVL_EW,0.015,-0.034
2205,32Nvl_L3_NS,NONE,0.008,0.0
2205,32Nvl_L2_NS,32NVL_NS,0.008,0.003
2205,32Mt_L1_EW,32MT_EW,0.091,0.081
2205,NvcMt_L2_NS,NONE,0.005,0.0
2205,NvcMt_L1_NS,NVCMT_NS,0.034,0.034
2205,304Nvl_L2_NS,304NVL_NS,0.008,0.002
2205,304Nvl_L3_EW,NONE,0.095,0.0
2205,32Nvl_L3_EW,NONE,0.013,0.0
2205,32Nvl_L1_NS,32NVL_NS,0.013,0.007
2205,32Mt_L2_EW,32MT_EW,0.071,0.06
2205,NvcMt_L1_NS,NONE,0.005,0.0
2205,NvcMt_L2_NS,NVCMT_NS,0.027,0.027
2210,304Nvl_L1_EW,304NVL_EW,0.127,0.127
2210,304Nvl_L2_EW,304NVL_EW,0.109,0.109
2210,304Nvl_L1_NS,NONE,0.007,0.0
2210,32Nvl_L3_NS,NONE,0.008,0.0
2210,32Nvl_L2_NS,32NVL_NS,0.008,0.008
2210,NvcNvl_L1_EW,NVCNVL_EW,0.014,0.014
2210,NvcNvl_L2_EW,NVCNVL_EW,0.008,0.008
2210,NvcNvl_L1_NS,NVCNVL_NS,0.033,0.033
2210,32Mt_L1_NS,32MT_NS,0.075,0.051
2210,NvcMt_L1_NS,NVCMT_NS,0.034,-0.019
2210,304Nvl_L3_EW,NONE,0.095,0.0
2210,32Nvl_L1_NS,32NVL_NS,0.04,0.017
2210,NvcNvl_L3_EW,NONE,0.009,0.0
2210,NvcMt_L1_EW,NVCMT_EW,0.006,-0.004
2210,NvcMt_L2_NS,NVCMT_NS,0.027,0.027
2215,304Nvl_L1_NS,304NVL_NS,0.009,0.004
2215,304Nvl_L1_EW,304NVL_EW,0.11,0.11
2215,304Nvl_L2_EW,304NVL_EW,0.094,0.094
2215,32Nvl_L1_NS,32NVL_NS,0.007,-0.023
2215,32Nvl_L1_EW,32NVL_EW,0.034,0.034
2215,32Nvl_L2_EW,32NVL_EW,0.037,0.037
2215,32Nvl_L3_NS,NONE,0.017,0.0
2215,32Nvl_L2_NS,32NVL_NS,0.016,0.016
2215,NvcNvl_L1_EW,NVCNVL_EW,0.007,0.007
2215,NvcNvl_L1_NS,NVCNVL_NS,0.033,0.028
2215,32Mt_L1_NS,32MT_NS,0.075,0.051
2215,32Mt_L1_EW,NONE,0.014,0.0
2215,32Mt_L3_EW,NONE,0.018,0.0
2215,32Mt_L1_NS,NONE,0.01,0.0
2215,NvcMt_L1_NS,NVCMT_NS,0.034,-0.019
2215,304Nvl_L3_EW,NONE,0.006,0.0
2215,32Nvl_L2_NS,32NVL_NS,0.007,0.007
2215,32Nvl_L3_EW,NONE,0.031,0.0
2215,32Nvl_L1_NS,32NVL_NS,0.054,0.024
2215,32Mt_L2_EW,NONE,0.015,0.0
2215,NvcMt_L2_NS,NVCMT_NS,0.027,0.027
2220,304Thn_L1_EW,304THN_EW,0.008,0.008
2220,304Thn_L3_EW,NONE,0.008,0.0
2220,32Nvl_L1_NS,32NVL_NS,0.007,0.007
2220,32Nvl_L3_NS,NONE,0.125,0.0
2220,32Nvl_L2_NS,32NVL_NS,0.118,0.118
2220,NvcNvl_L3_NS,NONE,0.007,0.0
2220,NvcNvl_L2_NS,NONE,0.007,0.0
2220,32Mt_L1_NS,32MT_NS,0.075,0.051
2220,32Mt_L1_EW,NONE,0.007,0.0
2220,32Mt_L1_NS,NONE,0.01,0.0
2220,NvcMt_L1_NS,NVCMT_NS,0.034,-0.019
2220,NvcCmt8_L2_NS,NONE,0.054,0.0
2220,NvcCmt8_L1_NS,NONE,0.039,0.0
2220,32Nvl_L2_NS,32NVL_NS,0.007,0.007
2220,32Nvl_L1_NS,32NVL_NS,0.141,0.141
2220,NvcNvl_L1_NS,NONE,0.009,0.0
2220,NvcMt_L2_NS,NVCMT_NS,0.027,0.027
2220,304Thn_L2_EW,304THN_EW,0.007,0.007
2225,304Nvl_L1_EW,NONE,0.008,0.0
2225,304Nvl_L1_NS,NONE,0.095,0.0
2225,32Nvl_L1_NS,32NVL_NS,0.007,0.007
2225,32Nvl_L3_NS,NONE,0.125,0.0
2225,32Nvl_L2_NS,32NVL_NS,0.118,0.118
2225,NvcNvl_L1_EW,NONE,0.011,0.0
2225,NvcNvl_L2_EW,NONE,0.008,0.0
2225,32Mt_L1_NS,32MT_NS,0.082,0.058
2225,32Mt_L1_EW,NONE,0.014,0.0
2225,32Mt_L3_EW,NONE,0.009,0.0
2225,32Mt_L1_EW,32MT_EW,0.007,0.007
2225,NvcMt_L1_NS,NVCMT_NS,0.034,-0.023
2225,NvcCmt8_L2_NS,NONE,0.054,0.0
2225,NvcCmt8_L1_NS,NONE,0.039,0.0
2225,32Nvl_L2_NS,32NVL_NS,0.007,0.007
2225,32Nvl_L1_NS,32NVL_NS,0.101,0.101
2225,NvcNvl_L3_EW,NONE,0.006,0.0
2225,32Mt_L2_EW,NONE,0.008,0.0
2225,NvcMt_L2_NS,NVCMT_NS,0.027,0.027
2230,304Thn_L1_EW,NONE,0.007,0.0
2230,304Nvl_L1_NS,NONE,0.095,0.0
2230,32Nvl_L1_NS,32NVL_NS,0.007,0.007
2230,32Nvl_L3_NS,NONE,0.125,0.0
2230,32Nvl_L2_NS,32NVL_NS,0.118,0.118
2230,NvcNvl_L1_EW,NVCNVL_EW,0.007,0.007
2230,NvcNvl_L2_EW,NVCNVL_EW,0.008,0.008
2230,32Mt_L1_NS,32MT_NS,0.006,-0.018
2230,32Mt_L1_EW,NONE,0.007,0.0
2230,32Mt_L3_EW,NONE,0.009,0.0
2230,NvcMt_L1_NS,NVCMT_NS,0.034,0.03
2230,32Nvl_L2_NS,32NVL_NS,0.007,0.007
2230,32Nvl_L1_NS,32NVL_NS,0.101,0.101
2230,NvcNvl_L3_EW,NONE,0.009,0.0
2230,32Mt_L2_EW,NONE,0.008,0.0
2230,NvcMt_L2_NS,NVCMT_NS,0.027,0.027
2235,32Nvl_L1_NS,32NVL_NS,0.007,0.007
2235,32Nvl_L1_EW,32NVL_EW,0.014,0.014
2235,32Nvl_L2_EW,32NVL_EW,0.015,0.015
2235,32Nvl_L3_NS,NONE,0.134,0.0
2235,32Nvl_L2_NS,32NVL_NS,0.126,0.126
2235,NvcNvl_L3_NS,NONE,0.007,0.0
2235,NvcNvl_L2_NS,NONE,0.007,0.0
2235,NvcNvl_L1_EW,NVCNVL_EW,0.007,0.007
2235,32Mt_L1_NS,NONE,0.02,0.0
2235,NvcMt_L1_NS,NVCMT_NS,0.034,0.034
2235,NvcCmt8_L2_NS,NONE,0.129,0.0
2235,NvcCmt8_L1_NS,NONE,0.093,0.0
2235,32Nvl_L2_NS,32NVL_NS,0.007,0.007
2235,32Nvl_L3_EW,NONE,0.013,0.0
2235,32Nvl_L1_NS,32NVL_NS,0.107,0.107
2235,NvcNvl_L1_NS,NONE,0.009,0.0
2235,32Mt_L2_NS,NONE,0.009,0.0
2235,NvcMt_L2_NS,NVCMT_NS,0.027,0.027
2240,32Nvl_L3_NS,NONE,0.007,0.0
2240,32Nvl_L1_NS,32NVL_NS,0.014,0.014
2240,32Nvl_L1_EW,32NVL_EW,0.007,-0.022
2240,32Nvl_L2_EW,32NVL_EW,0.008,-0.015
2240,32Nvl_L3_NS,NONE,0.134,0.0
2240,32Nvl_L2_NS,32NVL_NS,0.126,0.126
2240,NvcNvl_L3_NS,NONE,0.007,0.0
2240,NvcNvl_L2_NS,NONE,0.007,0.0
2240,32Mt_L1_EW,NONE,0.007,0.0
2240,32Mt_L1_EW,32MT_EW,0.042,0.037
2240,NvcMt_L1_NS,NVCMT_NS,0.034,0.034
2240,NvcCmt8_L2_NS,NONE,0.062,0.0
2240,NvcCmt8_L2_NS,NONE,0.129,0.0
2240,NvcCmt8_L1_NS,NONE,0.093,0.0
2240,32Nvl_L2_NS,32NVL_NS,0.013,0.013
2240,32Nvl_L3_EW,NONE,0.006,0.0
2240,32Nvl_L1_NS,32NVL_NS,0.107,0.107
2240,NvcNvl_L1_NS,NONE,0.009,0.0
2240,32Mt_L2_EW,32MT_EW,0.033,0.027
2240,NvcMt_L2_NS,NVCMT_NS,0.027,0.027
2240,NvcCmt8_L1_NS,NONE,0.054,0.0
2245,32Nvl_L3_NS,NONE,0.007,0.0
2245,32Nvl_L1_NS,32NVL_NS,0.014,0.014
2245,32Nvl_L3_NS,NONE,0.242,0.0
2245,32Nvl_L2_NS,32NVL_NS,0.229,0.229
2245,NvcNvl_L1_EW,NVCNVL_EW,0.007,0.007
2245,32Mt_L1_EW,32MT_EW,0.077,0.077
2245,NvcMt_L2_NS,NONE,0.005,0.0
2245,32Nvl_L2_NS,32NVL_NS,0.013,0.013
2245,32Nvl_L1_NS,32NVL_NS,0.201,0.201
2245,32Mt_L2_EW,32MT_EW,0.06,0.06
2245,NvcMt_L1_NS,NONE,0.005,0.0
2250,304Nvl_L1_EW,304NVL_EW,0.008,0.008
2250,304Nvl_L2_EW,304NVL_EW,0.007,0.007
2250,32Nvl_L3_NS,NONE,0.007,0.0
2250,32Nvl_L1_NS,32NVL_NS,0.014,0.014
2250,32Nvl_L1_EW,32NVL_EW,0.014,-0.044
2250,32Nvl_L2_EW,32NVL_EW,0.015,-0.03
2250,32Nvl_L3_NS,NONE,0.125,0.0
2250,32Nvl_L2_NS,32NVL_NS,0.118,0.118
2250,NvcNvl_L1_EW,NONE,0.011,0.0
2250,NvcNvl_L2_EW,NONE,0.008,0.0
2250,NvcNvl_L1_EW,NVCNVL_EW,0.007,0.007
2250,32Mt_L1_EW,NONE,0.022,0.0
2250,32Mt_L3_EW,NONE,0.027,0.0
2250,32Mt_L1_EW,32MT_EW,0.084,0.074
2250,NvcMt_L2_NS,NONE,0.026,0.0
2250,NvcMt_L1_NS,NVCMT_NS,0.007,0.007
2250,304Nvl_L3_EW,NONE,0.006,0.0
2250,32Nvl_L2_NS,32NVL_NS,0.013,0.013
2250,32Nvl_L3_EW,NONE,0.013,0.0
2250,32Nvl_L1_NS,32NVL_NS,0.107,0.107
2250,32Mt_L2_EW,NONE,0.023,0.0
2250,32Mt_L2_EW,32MT_EW,0.065,0.054
2250,NvcMt_L1_NS,NONE,0.027,0.0
2250,NvcMt_L2_NS,NVCMT_NS,0.005,0.005
2255,304Nvl_L1_EW,304NVL_EW,0.008,0.008
2255,304Nvl_L2_EW,304NVL_EW,0.007,0.007
2255,32Nvl_L3_NS,NONE,0.007,0.0
2255,32Nvl_L1_NS,32NVL_NS,0.014,0.014
2255,32Nvl_L1_EW,32NVL_EW,0.014,-0.055
2255,32Nvl_L2_EW,32NVL_EW,0.015,-0.04
2255,32Nvl_L1_EW,32NVL_EW,0.007,-0.062
2255,32Nvl_L3_NS,NONE,0.008,0.0
2255,32Nvl_L2_NS,32NVL_NS,0.008,0.008
2255,NvcNvl_L1_EW,NVCNVL_EW,0.007,0.007
2255,32Mt_L1_EW,32MT_EW,0.091,0.081
2255,32Thn_L1_EW,32THN_EW,0.008,-0.002
2255,32Thn_L2_EW,32THN_EW,0.008,-0.002
2255,32Thn_L3_EW,NONE,0.008,0.0
2255,304Nvl_L3_EW,NONE,0.006,0.0
2255,32Nvl_L2_NS,32NVL_NS,0.013,0.013
2255,32Nvl_L3_EW,NONE,0.013,0.0
2255,32Nvl_L1_NS,32NVL_NS,0.013,0.013
2255,32Mt_L2_EW,32MT_EW,0.071,0.06
2260,304Nvl_L1_EW,304NVL_EW,0.042,0.042
2260,304Nvl_L2_EW,304NVL_EW,0.036,0.036
2260,32Nvl_L3_NS,NONE,0.082,0.0
2260,32Nvl_L1_NS,32NVL_NS,0.083,0.083
2260,32Nvl_L1_EW,32NVL_EW,0.007,-0.082
2260,32Nvl_L2_EW,32NVL_EW,0.008,-0.055
2260,32Nvl_L1_EW,32NVL_EW,0.007,-0.082
2260,32Mt_L1_NS,32MT_NS,0.006,0.006
2260,32Mt_L1_EW,32MT_EW,0.119,0.114
2260,32Thn_L1_EW,32THN_EW,0.008,0.003
2260,32Thn_L2_EW,32THN_EW,0.008,0.003
2260,32Thn_L3_EW,NONE,0.008,0.0
2260,304Nvl_L3_EW,NONE,0.032,0.0
2260,32Nvl_L2_NS,32NVL_NS,0.08,0.08
2260,32Nvl_L3_EW,NONE,0.006,0.0
2260,32Mt_L2_EW,32MT_EW,0.082,0.076
2265,304Nvl_L1_EW,304NVL_EW,0.042,0.042
2265,304Nvl_L2_EW,304NVL_EW,0.036,0.036
2265,32Nvl_L3_NS,NONE,0.007,0.0
2265,32Nvl_L1_NS,32NVL_NS,0.173,0.173
2265,32Nvl_L1_EW,32NVL_EW,0.007,-0.017
2265,32Nvl_L2_EW,32NVL_EW,0.008,-0.011
2265,32Nvl_L1_EW,32NVL_EW,0.007,-0.018
2265,NvcNvl_L3_NS,NONE,0.014,0.0
2265,NvcNvl_L2_NS,NONE,0.013,0.0
2265,32Mt_L1_NS,32MT_NS,0.006,0.006
2265,32Mt_L1_EW,32MT_EW,0.035,0.03
2265,32Thn_L1_EW,NONE,0.068,0.0
2265,32Thn_L2_EW,NONE,0.061,0.0
2265,32Thn_L3_EW,NONE,0.042,0.0
2265,304Nvl_L3_EW,NONE,0.032,0.0
2265,32Nvl_L2_NS,32NVL_NS,0.087,0.087
2265,32Nvl_L3_EW,NONE,0.006,0.0
2265,NvcNvl_L1_NS,NONE,0.017,0.0
2265,32Mt_L2_EW,32MT_EW,0.027,0.022
2265,NvcCmt8_L1_NS,NONE,0.129,0.0
2270,304Nvl_L1_EW,304NVL_EW,0.017,0.017
2270,304Nvl_L2_EW,304NVL_EW,0.007,0.007
2270,304Nvl_L1_NS,NONE,0.036,0.0
2270,32Nvl_L1_NS,32NVL_NS,0.09,0.09
2270,32Nvl_L1_EW,32NVL_EW,0.014,-0.014
2270,32Nvl_L2_EW,32NVL_EW,0.015,0.015
2270,32Nvl_L1_EW,32NVL_EW,0.007,-0.021
2270,32Nvl_L3_NS,NONE,0.042,0.0
2270,32Nvl_L2_NS,32NVL_NS,0.039,0.039
2270,32Mt_L1_NS,NONE,0.049,0.0
2270,NvcMt_L2_NS,NONE,0.005,0.0
2270,32Thn_L1_EW,NONE,0.019,0.0
2270,32Thn_L2_EW,NONE,0.01,0.0
2270,32Thn_L1_EW,32THN_EW,0.04,0.03
2270,32Thn_L3_EW,NONE,0.007,0.0
2270,304Nvl_L3_EW,NONE,0.006,0.0
2270,32Nvl_L3_EW,NONE,0.013,0.0
2270,32Nvl_L1_NS,32NVL_NS,0.04,0.04
2270,NvcMt_L1_NS,NONE,0.005,0.0
2275,304Nvl_L1_EW,304NVL_EW,0.017,0.017
2275,304Nvl_L2_EW,304NVL_EW,0.015,0.015
2275,304Nvl_L1_NS,NONE,0.036,0.0
2275,32Nvl_L1_EW,32NVL_EW,0.007,-0.027
2275,32Nvl_L2_EW,32NVL_EW,0.008,0.002
2275,32Nvl_L3_NS,NONE,0.092,0.0
2275,32Nvl_L2_NS,32NVL_NS,0.087,0.087
2275,NvcNvl_L3_NS,NONE,0.007,0.0
2275,NvcNvl_L2_NS,NONE,0.007,0.0
2275,NvcNvl_L1_NS,NVCNVL_NS,0.007,0.007
2275,32Mt_L1_EW,NONE,0.036,0.0
2275,32Mt_L1_NS,NONE,0.176,0.0
2275,32Thn_L1_EW,32THN_EW,0.048,0.043
2275,32Thn_L2_EW,32THN_EW,0.008,0.003
2275,32Thn_L3_EW,NONE,0.008,0.0
2275,304Nvl_L3_EW,NONE,0.006,0.0
2275,32Nvl_L3_EW,NONE,0.006,0.0
2275,32Nvl_L1_NS,32NVL_NS,0.081,0.076
2275,NvcNvl_L1_NS,NONE,0.009,0.0
2275,32Mt_L2_NS,NONE,0.104,0.0
2280,304Nvl_L1_EW,304NVL_EW,0.025,0.025
2280,304Nvl_L2_EW,304NVL_EW,0.022,0.022
2280,304Nvl_L1_NS,NONE,0.007,0.0
2280,32Nvl_L1_EW,32NVL_EW,0.007,-0.027
2280,32Nvl_L2_EW,32NVL_EW,0.008,0.002
2280,32Nvl_L3_NS,NONE,0.025,0.0
2280,32Nvl_L2_NS,32NVL_NS,0.024,0.024
2280,NvcNvl_L3_NS,NONE,0.014,0.0
2280,NvcNvl_L2_NS,NONE,0.013,0.0
2280,32Mt_L1_EW,NONE,0.05,0.0
2280,32Mt_L3_EW,NONE,0.009,0.0
2280,32Mt_L1_NS,NONE,0.01,0.0
2280,NvcMt_L1_EW,NVCMT_EW,0.032,0.032
2280,NvcMt_L2_EW,NVCMT_EW,0.003,0.003
2280,32Thn_L1_EW,32THN_EW,0.048,0.043
2280,32Thn_L2_EW,32THN_EW,0.008,0.003
2280,32Thn_L3_EW,NONE,0.008,0.0
2280,304Nvl_L3_EW,NONE,0.019,0.0
2280,32Nvl_L3_EW,NONE,0.006,0.0
2280,32Nvl_L1_NS,32NVL_NS,0.02,0.02
2280,NvcNvl_L1_NS,NONE,0.017,0.0
2280,32Mt_L2_EW,NONE,0.008,0.0
2280,NvcMt_L2_EW,NVCMT_EW,0.048,0.048
2280,NvcMt_L1_EW,NVCMT_EW,0.006,0.006
2285,304Nvl_L1_EW,NONE,0.008,0.0
2285,304Nvl_L1_NS,NONE,0.007,0.0
2285,32Nvl_L1_NS,32NVL_NS,0.035,0.035
2285,32Nvl_L1_EW,32NVL_EW,0.007,0.007
2285,32Nvl_L2_EW,32NVL_EW,0.008,0.008
2285,32Mt_L1_NS,32MT_NS,0.075,0.075
2285,32Mt_L1_EW,NONE,0.029,0.0
2285,32Mt_L3_EW,NONE,0.018,0.0
2285,NvcMt_L1_EW,NVCMT_EW,0.032,0.032
2285,NvcMt_L2_EW,NVCMT_EW,0.003,0.003
2285,32Thn_L1_EW,NONE,0.01,0.0
2285,32Nvl_L3_EW,NONE,0.006,0.0
2285,32Mt_L2_EW,NONE,0.015,0.0
2285,NvcMt_L2_EW,NVCMT_EW,0.04,0.04
2285,NvcMt_L1_EW,NVCMT_EW,0.006,0.006
2290,304Nvl_L1_EW,304NVL_EW,0.042,0.042
2290,304Nvl_L2_EW,304NVL_EW,0.036,0.036
2290,304Nvl_L1_NS,NONE,0.022,0.0
2290,32Nvl_L1_NS,32NVL_NS,0.007,0.007
2290,32Nvl_L1_EW,32NVL_EW,0.007,0.002
2290,32Nvl_L2_EW,32NVL_EW,0.008,0.008
2290,32Nvl_L3_NS,NONE,0.008,0.0
2290,32Nvl_L2_NS,32NVL_NS,0.008,0.008
2290,NvcNvl_L1_EW,NONE,0.011,0.0
2290,NvcNvl_L2_EW,NONE,0.008,0.0
2290,32Mt_L1_NS,32MT_NS,0.082,0.082
2290,32Mt_L1_EW,NONE,0.007,0.0
2290,32Mt_L1_EW,32MT_EW,0.007,0.002
2290,NvcMt_L2_NS,NONE,0.005,0.0
2290,NvcMt_L1_EW,NVCMT_EW,0.032,0.032
2290,NvcMt_L2_EW,NVCMT_EW,0.003,0.003
2290,32Thn_L1_EW,NONE,0.01,0.0
2290,32Nvl_L3_EW,NONE,0.006,0.0
2290,32Nvl_L1_NS,32NVL_NS,0.007,0.007
2290,NvcMt_L1_NS,NONE,0.005,0.0
2290,NvcMt_L2_EW,NVCMT_EW,0.04,0.04
2290,NvcMt_L1_EW,NVCMT_EW,0.006,0.006
2295,304Thn_L1_EW,NONE,0.007,0.0
2295,304Thn_L2_EW,NONE,0.008,0.0
2295,304Nvl_L1_EW,304NVL_EW,0.051,0.051
2295,304Nvl_L2_EW,304NVL_EW,0.044,0.044
2295,304Nvl_L1_EW,NONE,0.008,0.0
2295,304Nvl_L2_EW,NONE,0.009,0.0
2295,32Nvl_L1_EW,32NVL_EW,0.007,-0.027
2295,32Nvl_L2_EW,32NVL_EW,0.008,-0.015
2295,NvcNvl_L3_NS,NONE,0.014,0.0
2295,NvcNvl_L2_NS,NONE,0.013,0.0
2295,32Mt_L1_NS,32MT_NS,0.082,0.077
2295,32Mt_L1_EW,32MT_EW,0.049,0.044
2295,32Mt_L1_NS,NONE,0.01,0.0
2295,NvcMt_L1_EW,NVCMT_EW,0.032,0.032
2295,NvcMt_L2_EW,NVCMT_EW,0.003,0.003
2295,NvcMt_L1_NS,NVCMT_NS,0.007,-0.05
2295,304Nvl_L3_EW,NONE,0.038,0.0
2295,304Nvl_L3_EW,NONE,0.008,0.0
2295,32Nvl_L3_EW,NONE,0.006,0.0
2295,NvcNvl_L1_NS,NONE,0.017,0.0
2295,32Mt_L2_EW,32MT_EW,0.033,0.027
2295,NvcMt_L2_EW,NVCMT_EW,0.04,0.04
2295,NvcMt_L1_EW,NVCMT_EW,0.006,0.006
2295,NvcMt_L2_NS,NVCMT_NS,0.005,0.005
2295,304Thn_L3_EW,NONE,0.008,0.0
2300,304Thn_L1_EW,NONE,0.007,0.0
2300,304Thn_L2_EW,NONE,0.008,0.0
2300,304Nvl_L1_EW,304NVL_EW,0.008,0.008
2300,304Nvl_L2_EW,304NVL_EW,0.007,0.007
2300,32Nvl_L1_NS,32NVL_NS,0.035,0.035
2300,32Nvl_L1_EW,32NVL_EW,0.007,0.007
2300,32Nvl_L2_EW,32NVL_EW,0.008,0.008
2300,NvcNvl_L1_EW,NONE,0.011,0.0
2300,32Mt_L1_EW,NONE,0.007,0.0
2300,32Mt_L3_EW,NONE,0.009,0.0
2300,32Mt_L1_NS,NONE,0.01,0.0
2300,NvcMt_L2_NS,NONE,0.005,0.0
2300,304Nvl_L3_EW,NONE,0.006,0.0
2300,32Nvl_L2_NS,32NVL_NS,0.033,0.033
2300,32Nvl_L3_EW,NONE,0.006,0.0
2300,32Mt_L2_EW,NONE,0.008,0.0
2300,32Mt_L2_NS,NONE,0.009,0.0
2300,NvcMt_L1_NS,NONE,0.005,0.0
2300,304Thn_L3_EW,NONE,0.008,0.0
2305,304Thn_L1_EW,304THN_EW,0.008,-0.033
2305,304Nvl_L1_EW,304NVL_EW,0.059,0.053
2305,304Nvl_L2_EW,304NVL_EW,0.044,0.044
2305,304Nvl_L1_EW,NONE,0.008,0.0
2305,304Nvl_L1_NS,NONE,0.036,0.0
2305,32Nvl_L1_EW,32NVL_EW,0.007,0.007
2305,32Nvl_L2_EW,32NVL_EW,0.008,0.008
2305,32Nvl_L3_NS,NONE,0.058,0.0
2305,32Nvl_L2_NS,32NVL_NS,0.055,0.055
2305,NvcNvl_L1_EW,NONE,0.139,0.0
2305,NvcNvl_L2_EW,NONE,0.008,0.0
2305,32Mt_L1_NS,32MT_NS,0.013,0.013
2305,32Mt_L1_EW,NONE,0.036,0.0
2305,NvcMt_L1_EW,NVCMT_EW,0.006,0.006
2305,304Nvl_L3_EW,NONE,0.038,0.0
2305,32Nvl_L3_EW,NONE,0.006,0.0
2305,32Nvl_L1_NS,32NVL_NS,0.047,0.047
2305,NvcMt_L2_EW,NVCMT_EW,0.008,0.008
2310,304Nvl_L1_EW,304NVL_EW,0.008,0.008
2310,304Nvl_L2_EW,304NVL_EW,0.007,0.007
2310,304Nvl_L1_NS,NONE,0.088,0.0
2310,32Nvl_L3_NS,NONE,0.007,0.0
2310,32Nvl_L1_NS,32NVL_NS,0.014,0.014
2310,32Nvl_L1_EW,32NVL_EW,0.007,0.007
2310,32Nvl_L2_EW,32NVL_EW,0.008,0.008
2310,32Nvl_L3_NS,NONE,0.042,0.0
2310,32Nvl_L2_NS,32NVL_NS,0.039,0.039
2310,NvcNvl_L1_EW,NONE,0.128,0.0
2310,NvcNvl_L2_EW,NONE,0.092,0.0
2310,32Mt_L1_NS,32MT_NS,0.006,0.006
2310,304Nvl_L3_EW,NONE,0.006,0.0
2310,304Nvl_L2_NS,NONE,0.089,0.0
2310,32Nvl_L2_NS,32NVL_NS,0.013,0.013
2310,32Nvl_L3_EW,NONE,0.006,0.0
2310,32Nvl_L1_NS,32NVL_NS,0.067,0.067
2310,NvcNvl_L3_EW,NONE,0.076,0.0
2315,304Nvl_L1_EW,304NVL_EW,0.008,0.008
2315,304Nvl_L1_NS,NONE,0.168,0.0
2315,304Nvl_L3_NS,NONE,0.144,0.0
2315,32Nvl_L3_NS,NONE,0.007,0.0
2315,32Nvl_L1_NS,32NVL_NS,0.007,0.007
2315,32Nvl_L1_EW,32NVL_EW,0.007,0.007
2315,32Nvl_L2_EW,32NVL_EW,0.008,0.008
2315,NvcNvl_L1_EW,NONE,0.011,0.0
2315,NvcNvl_L2_EW,NONE,0.008,0.0
2315,32Mt_L1_NS,32MT_NS,0.006,0.006
2315,32Mt_L1_NS,NONE,0.01,0.0
2315,32Thn_L1_EW,NONE,0.01,0.0
2315,32Thn_L2_EW,NONE,0.01,0.0
2315,32Thn_L3_EW,NONE,0.007,0.0
2315,304Nvl_L2_NS,NONE,0.133,0.0
2315,32Nvl_L2_NS,32NVL_NS,0.007,0.007
2315,32Nvl_L3_EW,NONE,0.006,0.0
2315,NvcNvl_L3_EW,NONE,0.006,0.0
2315,32Mt_L2_NS,NONE,0.009,0.0
2320,304Nvl_L1_EW,304NVL_EW,0.008,0.008
2320,304Nvl_L1_NS,NONE,0.102,0.0
2320,304Nvl_L3_NS,NONE,0.016,0.0
2320,32Nvl_L1_NS,32NVL_NS,0.007,0.007
2320,32Nvl_L1_EW,32NVL_EW,0.007,0.001
2320,32Nvl_L2_EW,32NVL_EW,0.008,0.008
2320,32Nvl_L3_NS,NONE,0.008,0.0
2320,32Nvl_L2_NS,32NVL_NS,0.008,0.008
2320,NvcMt_L2_NS,NONE,0.005,0.0
2320,32Thn_L1_EW,32THN_EW,0.008,0.003
2320,304Nvl_L2_NS,NONE,0.104,0.0
2320,32Nvl_L2_NS,32NVL_NS,0.007,0.007
2320,32Nvl_L3_EW,NONE,0.006,0.0
2320,32Nvl_L1_NS,32NVL_NS,0.02,0.02
2320,NvcMt_L1_NS,NONE,0.005,0.0
2325,304Nvl_L1_NS,304NVL_NS,0.045,0.045
2325,32Nvl_L1_EW,32NVL_EW,0.007,0.002
2325,32Nvl_L2_EW,32NVL_EW,0.008,0.004
2325,32Nvl_L3_NS,NONE,0.017,0.0
2325,32Nvl_L2_NS,32NVL_NS,0.016,0.016
2325,NvcNvl_L1_EW,NVCNVL_EW,0.014,0.01
2325,NvcNvl_L2_EW,NVCNVL_EW,0.008,0.008
2325,32Mt_L1_EW,32MT_EW,0.007,0.002
2325,32Mt_L1_NS,NONE,0.049,0.0
2325,NvcMt_L1_EW,NVCMT_EW,0.006,-0.004
2325,32Thn_L1_EW,NONE,0.01,0.0
2325,32Thn_L2_EW,NONE,0.01,0.0
2325,32Thn_L3_EW,NONE,0.007,0.0
2325,32Nvl_L3_EW,NONE,0.006,0.0
2325,32Nvl_L1_NS,32NVL_NS,0.047,0.015
2325,NvcNvl_L3_EW,NONE,0.009,0.0
2325,32Mt_L2_EW,32MT_EW,0.005,0.0
2325,32Mt_L2_NS,NONE,0.043,0.0
2325,NvcMt_L2_EW,NVCMT_EW,0.008,0.002
2330,304Nvl_L1_NS,304NVL_NS,0.045,0.016
2330,304Nvl_L1_EW,304NVL_EW,0.017,0.017
2330,304Nvl_L2_EW,304NVL_EW,0.007,0.007
2330,32Nvl_L3_NS,NONE,0.034,0.0
2330,32Nvl_L1_NS,32NVL_NS,0.042,0.01
2330,32Nvl_L1_EW,32NVL_EW,0.007,0.001
2330,32Nvl_L2_EW,32NVL_EW,0.008,0.008
2330,32Nvl_L1_EW,32NVL_EW,0.007,0.001
2330,32Nvl_L2_EW,32NVL_EW,0.007,0.007
2330,32Mt_L1_EW,NONE,0.007,0.0
2330,32Mt_L3_EW,NONE,0.009,0.0
2330,NvcMt_L1_EW,NVCMT_EW,0.006,0.006
2330,NvcMt_L1_NS,NVCMT_NS,0.007,0.007
2330,32Thn_L1_EW,32THN_EW,0.008,0.003
2330,304Nvl_L3_EW,NONE,0.006,0.0
2330,32Nvl_L2_NS,32NVL_NS,0.033,0.033
2330,32Nvl_L3_EW,NONE,0.006,0.0
2330,32Nvl_L3_EW,NONE,0.006,0.0
2330,32Mt_L2_EW,NONE,0.008,0.0
2330,NvcMt_L2_EW,NVCMT_EW,0.008,0.008
2330,NvcMt_L2_NS,NVCMT_NS,0.005,0.005
2335,304Nvl_L1_NS,304NVL_NS,0.045,0.045
2335,304Nvl_L1_EW,304NVL_EW,0.11,0.11
2335,304Nvl_L2_EW,304NVL_EW,0.007,0.007
2335,32Nvl_L1_EW,32NVL_EW,0.007,-0.022
2335,32Nvl_L2_EW,32NVL_EW,0.008,-0.015
2335,32Nvl_L1_EW,32NVL_EW,0.007,-0.023
2335,32Nvl_L2_EW,32NVL_EW,0.007,-0.015
2335,32Nvl_L3_NS,NONE,0.008,0.0
2335,32Nvl_L2_NS,32NVL_NS,0.008,0.008
2335,32Mt_L1_NS,32MT_NS,0.031,0.027
2335,32Mt_L1_EW,32MT_EW,0.042,0.037
2335,NvcMt_L1_NS,NVCMT_NS,0.007,-0.015
2335,304Nvl_L3_EW,NONE,0.006,0.0
2335,32Nvl_L3_EW,NONE,0.006,0.0
2335,32Nvl_L3_EW,NONE,0.006,0.0
2335,32Nvl_L1_NS,32NVL_NS,0.013,-0.018
2335,32Mt_L2_EW,32MT_EW,0.033,0.027
2335,NvcMt_L2_NS,NVCMT_NS,0.005,0.005
2340,304Nvl_L1_EW,304NVL_EW,0.008,0.008
2340,304Nvl_L2_EW,304NVL_EW,0.007,0.007
2340,32Nvl_L1_NS,32NVL_NS,0.035,0.035
2340,32Nvl_L1_EW,32NVL_EW,0.007,-0.008
2340,32Nvl_L2_EW,32NVL_EW,0.008,0.0
2340,32Nvl_L1_EW,32NVL_EW,0.007,-0.008
2340,32Nvl_L2_EW,32NVL_EW,0.007,0.0
2340,32Nvl_L2_NS,32NVL_NS,0.008,0.008
2340,32Mt_L1_NS,32MT_NS,0.031,0.027
2340,32Mt_L1_EW,32MT_EW,0.021,0.016
2340,32Mt_L1_NS,NONE,0.01,0.0
2340,NvcMt_L1_NS,NVCMT_NS,0.007,-0.015
2340,NvcCmt8_L2_NS,NONE,0.011,0.0
2340,NvcCmt8_L1_NS,NONE,0.008,0.0
2340,304Nvl_L3_EW,NONE,0.006,0.0
2340,32Nvl_L2_NS,32NVL_NS,0.033,0.033
2340,32Nvl_L3_EW,NONE,0.006,0.0
2340,32Nvl_L3_EW,NONE,0.006,0.0
2340,32Nvl_L1_NS,32NVL_NS,0.007,0.007
2340,32Mt_L2_EW,32MT_EW,0.011,0.005
2340,32Mt_L2_NS,NONE,0.009,0.0
2340,NvcMt_L2_NS,NVCMT_NS,0.005,0.005
2345,304Nvl_L1_EW,304NVL_EW,0.025,0.025
2345,304Nvl_L2_EW,304NVL_EW,0.007,0.007
2345,32Nvl_L1_EW,32NVL_EW,0.007,0.007
2345,32Nvl_L2_EW,32NVL_EW,0.008,0.008
2345,32Nvl_L1_EW,32NVL_EW,0.007,0.007
2345,32Nvl_L2_EW,32NVL_EW,0.007,0.007
2345,NvcNvl_L1_EW,NVCNVL_EW,0.007,0.007
2345,NvcNvl_L2_EW,NVCNVL_EW,0.008,0.008
2345,32Mt_L1_NS,NONE,0.01,0.0
2345,NvcMt_L1_NS,NVCMT_NS,0.007,0.007
2345,304Nvl_L3_EW,NONE,0.006,0.0
2345,32Nvl_L3_EW,NONE,0.006,0.0
2345,32Nvl_L3_EW,NONE,0.006,0.0
2345,NvcNvl_L3_EW,NONE,0.009,0.0
2345,NvcMt_L2_NS,NVCMT_NS,0.005,0.005
2350,304Thn_L1_EW,NONE,0.007,0.0
2350,304Thn_L2_EW,NONE,0.008,0.0
2350,304Nvl_L1_NS,NONE,0.015,0.0
2350,304Nvl_L3_NS,NONE,0.008,0.0
2350,32Nvl_L1_EW,32NVL_EW,0.013,0.013
2350,32Nvl_L2_EW,32NVL_EW,0.015,0.015
2350,32Nvl_L3_NS,NONE,0.008,0.0
2350,32Nvl_L2_NS,32NVL_NS,0.016,0.016
2350,32Mt_L1_NS,32MT_NS,0.031,0.027
2350,32Mt_L1_EW,NONE,0.014,0.0
2350,32Mt_L1_NS,NONE,0.02,0.0
2350,NvcMt_L2_NS,NONE,0.005,0.0
2350,NvcMt_L1_NS,NVCMT_NS,0.007,-0.015
2350,304Nvl_L2_NS,NONE,0.007,0.0
2350,32Nvl_L3_EW,NONE,0.012,0.0
2350,32Nvl_L1_NS,32NVL_NS,0.013,0.013
2350,32Mt_L2_NS,NONE,0.017,0.0
2350,NvcMt_L1_NS,NONE,0.005,0.0
2350,NvcMt_L2_NS,NVCMT_NS,0.005,0.005
2350,304Thn_L3_EW,NONE,0.008,0.0
2355,304Thn_L1_EW,304THN_EW,0.008,0.008
2355,304Nvl_L1_NS,NONE,0.007,0.0
2355,32Nvl_L1_EW,32NVL_EW,0.007,0.007
2355,32Nvl_L2_EW,32NVL_EW,0.007,0.007
2355,32Nvl_L3_NS,NONE,0.017,0.0
2355,32Nvl_L2_NS,32NVL_NS,0.016,0.016
2355,32Mt_L1_NS,32MT_NS,0.031,0.031
2355,32Mt_L1_EW,NONE,0.05,0.0
2355,32Mt_L3_EW,NONE,0.053,0.0
2355,32Nvl_L3_EW,NONE,0.006,0.0
2355,32Nvl_L1_NS,32NVL_NS,0.02,0.02
2355,32Mt_L2_EW,NONE,0.045,0.0
2360,304Thn_L1_EW,304THN_EW,0.008,0.008
2360,32Nvl_L1_EW,32NVL_EW,0.042,0.038
2360,32Nvl_L2_EW,32NVL_EW,0.046,0.043
2360,32Nvl_L3_NS,NONE,0.025,0.0
2360,32Nvl_L2_NS,32NVL_NS,0.024,0.024
2360,32Mt_L1_NS,32MT_NS,0.038,0.038
2360,32Mt_L1_EW,NONE,0.043,0.0
2360,32Mt_L3_EW,NONE,0.053,0.0
2360,32Mt_L1_EW,32MT_EW,0.007,-0.023
2360,NvcMt_L2_NS,NONE,0.005,0.0
2360,32Nvl_L3_EW,NONE,0.038,0.0
2360,32Nvl_L1_NS,32NVL_NS,0.034,0.034
2360,32Mt_L2_EW,NONE,0.045,0.0
2360,32Mt_L2_EW,32MT_EW,0.005,-0.027
2360,NvcMt_L1_NS,NONE,0.005,0.0
2365,304Thn_L1_EW,304THN_EW,0.008,0.002
2365,304Thn_L1_EW,NONE,0.007,0.0
2365,304Thn_L2_EW,NONE,0.008,0.0
2365,304Nvl_L1_EW,304NVL_EW,0.008,0.003
2365,32Nvl_L1_EW,32NVL_EW,0.05,0.045
2365,32Nvl_L2_EW,32NVL_EW,0.054,0.05
2365,32Nvl_L3_NS,NONE,0.008,0.0
2365,32Nvl_L2_NS,32NVL_NS,0.008,0.008
2365,NvcNvl_L3_NS,NONE,0.007,0.0
2365,NvcNvl_L2_NS,NONE,0.007,0.0
2365,32Mt_L1_NS,32MT_NS,0.006,0.006
2365,32Mt_L1_EW,NONE,0.007,0.0
2365,32Mt_L1_EW,32MT_EW,0.007,-0.028
2365,NvcCmt8_L2_NS,NONE,0.011,0.0
2365,NvcCmt8_L1_NS,NONE,0.008,0.0
2365,32Nvl_L3_EW,NONE,0.038,0.0
2365,32Nvl_L1_NS,32NVL_NS,0.02,0.02
2365,NvcNvl_L1_NS,NONE,0.009,0.0
2365,32Mt_L2_EW,NONE,0.008,0.0
2365,32Mt_L2_EW,32MT_EW,0.005,-0.032
2365,304Thn_L3_EW,NONE,0.008,0.0
2370,304Thn_L1_EW,304THN_EW,0.008,0.002
2370,304Nvl_L1_EW,304NVL_EW,0.008,0.003
2370,32Nvl_L1_EW,32NVL_EW,0.042,0.008
2370,32Nvl_L2_EW,32NVL_EW,0.046,0.043
2370,32Nvl_L3_NS,NONE,0.008,0.0
2370,32Nvl_L2_NS,32NVL_NS,0.008,0.008
2370,NvcNvl_L3_NS,NONE,0.007,0.0
2370,NvcNvl_L2_NS,NONE,0.007,0.0
2370,32Mt_L1_EW,NONE,0.007,0.0
2370,32Mt_L1_EW,32MT_EW,0.049,0.019
2370,NvcCmt8_L2_EW,NONE,0.007,0.0
2370,32Nvl_L3_EW,NONE,0.038,0.0
2370,32Nvl_L1_NS,32NVL_NS,0.013,0.013
2370,NvcNvl_L1_NS,NONE,0.009,0.0
2370,32Mt_L2_EW,NONE,0.008,0.0
2370,32Mt_L2_EW,32MT_EW,0.005,-0.027
2370,NvcCmt8_L1_EW,NONE,0.006,0.0
2375,304Thn_L1_EW,304THN_EW,0.017,0.011
2375,304Thn_L3_EW,NONE,0.008,0.0
2375,304Nvl_L1_EW,304NVL_EW,0.008,-0.003
2375,304Nvl_L2_EW,304NVL_EW,0.007,0.002
2375,32Nvl_L1_NS,32NVL_NS,0.007,0.007
2375,32Nvl_L1_EW,32NVL_EW,0.042,0.003
2375,32Nvl_L2_EW,32NVL_EW,0.046,0.039
2375,32Nvl_L1_EW,32NVL_EW,0.007,-0.032
2375,NvcNvl_L3_NS,NONE,0.122,0.0
2375,NvcNvl_L2_NS,NONE,0.119,0.0
2375,32Mt_L1_EW,32MT_EW,0.056,0.026
2375,304Nvl_L3_EW,NONE,0.006,0.0
2375,32Nvl_L3_EW,NONE,0.038,0.0
2375,32Nvl_L1_NS,32NVL_NS,0.007,0.007
2375,NvcNvl_L1_NS,NONE,0.157,0.0
2375,32Mt_L2_EW,32MT_EW,0.011,-0.022
2375,304Thn_L2_EW,304THN_EW,0.007,0.002
2380,304Thn_L1_EW,304THN_EW,0.008,-0.021
2380,304Thn_L3_EW,NONE,0.008,0.0
2380,304Nvl_L1_EW,304NVL_EW,0.042,0.037
2380,304Nvl_L2_EW,304NVL_EW,0.036,0.031
2380,32Nvl_L3_NS,NONE,0.014,0.0
2380,32Nvl_L1_NS,32NVL_NS,0.014,0.014
2380,32Nvl_L1_EW,32NVL_EW,0.035,-0.009
2380,32Nvl_L2_EW,32NVL_EW,0.039,0.008
2380,32Nvl_L1_EW,32NVL_EW,0.007,-0.037
2380,NvcNvl_L3_NS,NONE,0.041,0.0
2380,NvcNvl_L2_NS,NONE,0.04,0.0
2380,NvcNvl_L1_EW,NONE,0.011,0.0
2380,NvcNvl_L2_EW,NONE,0.008,0.0
2380,32Mt_L1_EW,32MT_EW,0.063,0.038
2380,32Mt_L1_NS,NONE,0.049,0.0
2380,304Nvl_L3_EW,NONE,0.032,0.0
2380,32Nvl_L2_NS,32NVL_NS,0.013,0.013
2380,32Nvl_L3_EW,NONE,0.031,0.0
2380,NvcNvl_L1_NS,NONE,0.052,0.0
2380,32Mt_L2_EW,32MT_EW,0.044,0.016
2380,304Thn_L2_EW,304THN_EW,0.007,-0.018
2385,304Thn_L1_EW,304THN_EW,0.008,0.008
2385,304Thn_L3_EW,NONE,0.008,0.0
2385,304Nvl_L1_NS,NONE,0.007,0.0
2385,32Nvl_L1_EW,32NVL_EW,0.035,-0.028
2385,32Nvl_L2_EW,32NVL_EW,0.039,0.008
2385,NvcNvl_L3_NS,NONE,0.014,0.0
2385,NvcNvl_L2_NS,NONE,0.013,0.0
2385,NvcNvl_L1_EW,NVCNVL_EW,0.007,0.007
2385,32Mt_L1_EW,NONE,0.007,0.0
2385,32Mt_L3_EW,NONE,0.009,0.0
2385,32Mt_L1_EW,32MT_EW,0.091,0.066
2385,32Nvl_L3_EW,NONE,0.031,0.0
2385,32Nvl_L1_NS,32NVL_NS,0.013,0.013
2385,NvcNvl_L1_NS,NONE,0.017,0.0
2385,32Mt_L2_EW,NONE,0.008,0.0
2385,32Mt_L2_EW,32MT_EW,0.044,0.016
2385,NvcCmt8_L1_EW,NVCCMT8_EW,0.008,0.008
2385,304Thn_L2_EW,304THN_EW,0.007,0.007
2390,304Nvl_L1_NS,NONE,0.036,0.0
2390,32Nvl_L1_EW,32NVL_EW,0.035,-0.004
2390,32Nvl_L2_EW,32NVL_EW,0.039,0.027
2390,NvcNvl_L2_NS,NONE,0.007,0.0
2390,NvcNvl_L1_EW,NVCNVL_EW,0.014,0.014
2390,NvcNvl_L2_EW,NVCNVL_EW,0.008,0.008
2390,32Mt_L1_EW,NONE,0.007,0.0
2390,32Mt_L3_EW,NONE,0.009,0.0
2390,32Mt_L1_EW,32MT_EW,0.056,0.031
2390,32Nvl_L3_EW,NONE,0.031,0.0
2390,32Nvl_L1_NS,32NVL_NS,0.007,0.007
2390,NvcNvl_L1_NS,NONE,0.009,0.0
2390,NvcNvl_L3_EW,NONE,0.009,0.0
2390,32Mt_L2_EW,NONE,0.008,0.0
2390,32Mt_L2_EW,32MT_EW,0.016,-0.011
2395,304Nvl_L1_EW,304NVL_EW,0.008,0.008
2395,304Nvl_L2_EW,304NVL_EW,0.007,0.007
2395,32Nvl_L1_EW,32NVL_EW,0.035,-0.004
2395,32Nvl_L2_EW,32NVL_EW,0.039,0.008
2395,NvcNvl_L1_EW,NONE,0.011,0.0
2395,NvcNvl_L2_EW,NONE,0.008,0.0
2395,NvcNvl_L1_EW,NVCNVL_EW,0.021,0.021
2395,NvcNvl_L2_EW,NVCNVL_EW,0.016,0.016
2395,32Mt_L1_EW,NONE,0.007,0.0
2395,32Mt_L3_EW,NONE,0.009,0.0
2395,32Mt_L1_EW,32MT_EW,0.056,0.031
2395,32Mt_L1_NS,NONE,0.01,0.0
2395,304Nvl_L3_EW,NONE,0.006,0.0
2395,32Nvl_L3_EW,NONE,0.031,0.0
2395,NvcNvl_L3_EW,NONE,0.019,0.0
2395,32Mt_L2_EW,NONE,0.008,0.0
2395,32Mt_L2_EW,32MT_EW,0.044,0.016
2395,32Mt_L2_NS,NONE,0.009,0.0
2400,304Nvl_L1_EW,304NVL_EW,0.017,0.017
2400,304Nvl_L2_EW,304NVL_EW,0.015,0.015
2400,304Nvl_L1_NS,NONE,0.007,0.0
2400,304Nvl_L3_NS,NONE,0.008,0.0
2400,32Nvl_L1_EW,32NVL_EW,0.035,0.016
2400,32Nvl_L2_EW,32NVL_EW,0.039,0.027
2400,NvcNvl_L1_EW,NVCNVL_EW,0.014,0.014
2400,NvcNvl_L2_EW,NVCNVL_EW,0.016,0.016
2400,32Mt_L1_EW,NONE,0.007,0.0
2400,32Mt_L1_EW,32MT_EW,0.028,0.003
2400,304Nvl_L3_EW,NONE,0.006,0.0
2400,304Nvl_L2_NS,NONE,0.007,0.0
2400,32Nvl_L3_EW,NONE,0.031,0.0
2400,NvcNvl_L3_EW,NONE,0.019,0.0
2400,32Mt_L2_EW,32MT_EW,0.016,-0.011
2405,304Nvl_L1_EW,304NVL_EW,0.025,0.025
2405,304Nvl_L2_EW,304NVL_EW,0.015,0.015
2405,32Nvl_L1_EW,32NVL_EW,0.035,0.026
2405,32Nvl_L2_EW,32NVL_EW,0.039,0.031
2405,NvcNvl_L3_NS,NONE,0.014,0.0
2405,NvcNvl_L2_NS,NONE,0.013,0.0
2405,NvcNvl_L1_EW,NONE,0.011,0.0
2405,NvcNvl_L2_EW,NONE,0.008,0.0
2405,NvcNvl_L1_EW,NVCNVL_EW,0.014,0.014
2405,NvcNvl_L2_EW,NVCNVL_EW,0.016,0.016
2405,32Mt_L1_EW,NONE,0.007,0.0
2405,32Mt_L3_EW,NONE,0.009,0.0
2405,32Mt_L1_EW,32MT_EW,0.014,-0.011
2405,NvcMt_L2_NS,NONE,0.005,0.0
2405,NvcMt_L1_NS,NVCMT_NS,0.007,0.007
2405,304Nvl_L3_EW,NONE,0.013,0.0
2405,32Nvl_L3_EW,NONE,0.031,0.0
2405,NvcNvl_L1_NS,NONE,0.017,0.0
2405,NvcNvl_L3_EW,NONE,0.006,0.0
2405,NvcNvl_L3_EW,NONE,0.019,0.0
2405,32Mt_L2_EW,NONE,0.008,0.0
2405,32Mt_L2_EW,32MT_EW,0.011,-0.016
2405,NvcMt_L1_NS,NONE,0.005,0.0
2405,NvcMt_L2_NS,NVCMT_NS,0.005,0.005
2410,304Nvl_L1_EW,304NVL_EW,0.017,0.017
2410,304Nvl_L2_EW,304NVL_EW,0.007,0.007
2410,304Nvl_L1_NS,NONE,0.015,0.0
2410,32Nvl_L3_NS,NONE,0.007,0.0
2410,32Nvl_L1_NS,32NVL_NS,0.007,0.007
2410,32Nvl_L1_EW,32NVL_EW,0.042,0.038
2410,32Nvl_L2_EW,32NVL_EW,0.046,0.043
2410,NvcNvl_L3_NS,NONE,0.007,0.0
2410,NvcNvl_L2_NS,NONE,0.007,0.0
2410,NvcNvl_L1_EW,NVCNVL_EW,0.014,0.014
2410,NvcNvl_L2_EW,NVCNVL_EW,0.016,0.016
2410,32Mt_L1_NS,32MT_NS,0.006,0.006
2410,32Mt_L1_EW,NONE,0.022,0.0
2410,32Mt_L3_EW,NONE,0.009,0.0
2410,32Mt_L1_EW,32MT_EW,0.007,-0.023
2410,NvcMt_L2_NS,NONE,0.026,0.0
2410,NvcCmt8_L2_EW,NVCCMT8_EW,0.005,0.005
2410,304Nvl_L3_EW,NONE,0.006,0.0
2410,32Nvl_L2_NS,32NVL_NS,0.007,0.007
2410,32Nvl_L3_EW,NONE,0.038,0.0
2410,NvcNvl_L1_NS,NONE,0.009,0.0
2410,NvcNvl_L3_EW,NONE,0.019,0.0
2410,32Mt_L2_EW,NONE,0.008,0.0
2410,32Mt_L2_EW,32MT_EW,0.005,-0.027
2410,NvcMt_L1_NS,NONE,0.027,0.0
2410,NvcCmt8_L1_EW,NVCCMT8_EW,0.008,0.008
2415,304Nvl_L1_NS,NONE,0.007,0.0
2415,32Nvl_L3_NS,NONE,0.034,0.0
2415,32Nvl_L1_NS,32NVL_NS,0.035,0.03
2415,32Nvl_L1_EW,32NVL_EW,0.042,0.038
2415,32Nvl_L2_EW,32NVL_EW,0.046,0.043
2415,NvcNvl_L1_EW,NONE,0.011,0.0
2415,NvcNvl_L1_EW,NVCNVL_EW,0.007,0.007
2415,NvcNvl_L1_NS,NVCNVL_NS,0.007,-0.018
2415,32Mt_L1_NS,32MT_NS,0.006,0.006
2415,32Mt_L1_EW,NONE,0.022,0.0
2415,32Mt_L3_EW,NONE,0.009,0.0
2415,32Mt_L1_EW,32MT_EW,0.007,-0.023
2415,NvcCmt8_L2_EW,NVCCMT8_EW,0.005,0.005
2415,32Nvl_L2_NS,32NVL_NS,0.033,0.033
2415,32Nvl_L3_EW,NONE,0.038,0.0
2415,32Mt_L2_EW,NONE,0.015,0.0
2415,32Mt_L2_EW,32MT_EW,0.005,-0.027
2415,NvcMt_L1_EW,NVCMT_EW,0.006,-0.005
2415,NvcCmt8_L1_EW,NVCCMT8_EW,0.008,0.008
2420,304Nvl_L1_NS,NONE,0.007,0.0
2420,32Nvl_L1_EW,32NVL_EW,0.042,0.042
2420,32Nvl_L2_EW,32NVL_EW,0.046,0.046
2420,32Nvl_L3_NS,NONE,0.008,0.0
2420,32Nvl_L2_NS,32NVL_NS,0.008,0.008
2420,NvcNvl_L1_EW,NONE,0.011,0.0
2420,NvcNvl_L2_EW,NONE,0.008,0.0
2420,NvcNvl_L1_EW,NVCNVL_EW,0.007,0.007
2420,NvcNvl_L1_NS,NVCNVL_NS,0.007,0.007
2420,32Mt_L1_NS,32MT_NS,0.006,0.006
2420,32Mt_L1_EW,NONE,0.014,0.0
2420,32Mt_L3_EW,NONE,0.018,0.0
2420,32Mt_L1_NS,NONE,0.02,0.0
2420,32Nvl_L3_EW,NONE,0.038,0.0
2420,32Nvl_L1_NS,32NVL_NS,0.007,0.002
2420,32Mt_L2_EW,NONE,0.015,0.0
2420,32Mt_L2_NS,NONE,0.017,0.0
2420,NvcCmt8_L1_EW,NONE,0.006,0.0
2425,32Nvl_L1_NS,32NVL_NS,0.007,0.007
2425,32Nvl_L1_EW,32NVL_EW,0.035,0.035
2425,32Nvl_L2_EW,32NVL_EW,0.039,0.039
2425,32Nvl_L3_NS,NONE,0.008,0.0
2425,32Nvl_L2_NS,32NVL_NS,0.008,0.008
2425,32Mt_L1_NS,32MT_NS,0.013,0.013
2425,32Mt_L1_EW,NONE,0.007,0.0
2425,32Mt_L3_EW,NONE,0.009,0.0
2425,32Mt_L1_NS,NONE,0.01,0.0
2425,32Nvl_L3_EW,NONE,0.031,0.0
2425,32Nvl_L1_NS,32NVL_NS,0.013,0.013
2425,32Mt_L2_NS,32MT_NS,0.006,0.006
2425,32Mt_L2_EW,NONE,0.008,0.0
2430,304Nvl_L1_EW,304NVL_EW,0.008,0.008
2430,304Nvl_L2_EW,304NVL_EW,0.007,0.007
2430,32Nvl_L1_EW,32NVL_EW,0.035,0.026
2430,32Nvl_L2_EW,32NVL_EW,0.039,0.035
2430,32Mt_L1_NS,32MT_NS,0.013,0.013
2430,32Mt_L1_EW,32MT_EW,0.014,-0.011
2430,NvcMt_L1_EW,NVCMT_EW,0.006,0.006
2430,304Nvl_L3_EW,NONE,0.006,0.0
2430,32Nvl_L3_EW,NONE,0.031,0.0
2430,32Mt_L2_NS,32MT_NS,0.006,0.006
2430,32Mt_L2_EW,32MT_EW,0.005,-0.022
2430,NvcMt_L2_EW,NVCMT_EW,0.008,0.008
2435,304Nvl_L1_EW,304NVL_EW,0.042,0.042
2435,304Nvl_L2_EW,304NVL_EW,0.036,0.036
2435,32Nvl_L3_NS,NONE,0.007,0.0
2435,32Nvl_L1_NS,32NVL_NS,0.014,0.014
2435,32Nvl_L1_EW,32NVL_EW,0.035,0.03
2435,32Nvl_L2_EW,32NVL_EW,0.039,0.039
2435,32Mt_L1_NS,32MT_NS,0.013,0.013
2435,32Mt_L1_EW,32MT_EW,0.007,-0.018
2435,304Nvl_L3_EW,NONE,0.032,0.0
2435,32Nvl_L2_NS,32NVL_NS,0.013,0.013
2435,32Nvl_L3_EW,NONE,0.031,0.0
2435,32Mt_L2_NS,32MT_NS,0.006,0.006
2440,304Nvl_L1_EW,304NVL_EW,0.017,0.017
2440,304Nvl_L2_EW,304NVL_EW,0.007,0.007
2440,32Nvl_L3_NS,NONE,0.007,0.0
2440,32Nvl_L1_NS,32NVL_NS,0.014,0.014
2440,32Nvl_L1_EW,32NVL_EW,0.035,0.03
2440,32Nvl_L2_EW,32NVL_EW,0.039,0.035
2440,32Mt_L1_NS,32MT_NS,0.006,0.006
2440,32Mt_L1_EW,32MT_EW,0.007,-0.018
2440,NvcMt_L1_EW,NVCMT_EW,0.006,0.006
2440,32Thn_L1_EW,NONE,0.01,0.0
2440,32Thn_L2_EW,NONE,0.01,0.0
2440,32Thn_L3_EW,NONE,0.007,0.0
2440,304Nvl_L3_EW,NONE,0.006,0.0
2440,32Nvl_L2_NS,32NVL_NS,0.013,0.013
2440,32Nvl_L3_EW,NONE,0.031,0.0
2440,32Mt_L2_NS,32MT_NS,0.006,0.006
2440,32Mt_L2_EW,32MT_EW,0.005,-0.022
2440,NvcMt_L2_EW,NVCMT_EW,0.008,0.008
2445,32Nvl_L1_NS,32NVL_NS,0.007,0.007
2445,32Nvl_L1_EW,32NVL_EW,0.035,0.03
2445,32Nvl_L2_EW,32NVL_EW,0.039,0.039
2445,NvcNvl_L3_NS,NONE,0.048,0.0
2445,NvcNvl_L2_NS,NONE,0.046,0.0
2445,32Mt_L1_EW,NONE,0.007,0.0
2445,32Mt_L3_EW,NONE,0.009,0.0
2445,32Mt_L1_NS,NONE,0.01,0.0
2445,NvcMt_L1_EW,NVCMT_EW,0.006,0.006
2445,32Thn_L1_EW,32THN_EW,0.008,-0.017
2445,32Nvl_L2_NS,32NVL_NS,0.007,0.007
2445,32Nvl_L3_EW,NONE,0.031,0.0
2445,32Nvl_L1_NS,32NVL_NS,0.007,0.007
2445,NvcNvl_L1_NS,NONE,0.061,0.0
2445,32Mt_L2_EW,NONE,0.008,0.0
2445,NvcMt_L2_EW,NVCMT_EW,0.008,0.008
2450,304Nvl_L1_EW,304NVL_EW,0.059,0.059
2450,304Nvl_L2_EW,304NVL_EW,0.015,0.015
2450,304Nvl_L1_NS,NONE,0.007,0.0
2450,304Nvl_L3_NS,NONE,0.008,0.0
2450,32Nvl_L1_EW,32NVL_EW,0.035,0.035
2450,32Nvl_L2_EW,32NVL_EW,0.039,0.039
2450,NvcNvl_L3_NS,NONE,0.007,0.0
2450,NvcNvl_L2_NS,NONE,0.007,0.0
2450,NvcNvl_L1_EW,NVCNVL_EW,0.042,0.042
2450,NvcNvl_L2_EW,NVCNVL_EW,0.047,0.047
2450,304Nvl_L3_EW,NONE,0.013,0.0
2450,304Nvl_L2_NS,NONE,0.007,0.0
2450,32Nvl_L3_EW,NONE,0.031,0.0
2450,NvcNvl_L1_NS,NONE,0.009,0.0
2450,NvcNvl_L3_EW,NONE,0.056,0.0
2455,304Nvl_L1_EW,304NVL_EW,0.017,0.017
2455,304Nvl_L2_EW,304NVL_EW,0.015,0.015
2455,32Nvl_L1_EW,32NVL_EW,0.05,0.045
2455,32Nvl_L2_EW,32NVL_EW,0.054,0.05
2455,NvcNvl_L1_EW,NONE,0.011,0.0
2455,NvcNvl_L1_EW,NVCNVL_EW,0.014,0.014
2455,NvcNvl_L2_EW,NVCNVL_EW,0.008,0.008
2455,32Mt_L1_EW,32MT_EW,0.007,-0.028
2455,32Mt_L1_NS,NONE,0.01,0.0
2455,304Nvl_L3_EW,NONE,0.013,0.0
2455,32Nvl_L3_EW,NONE,0.044,0.0
2455,NvcNvl_L3_EW,NONE,0.009,0.0
2455,32Mt_L2_EW,32MT_EW,0.005,-0.032
2455,32Mt_L2_NS,NONE,0.009,0.0
2460,304Nvl_L1_EW,304NVL_EW,0.008,0.008
2460,304Nvl_L1_EW,NONE,0.016,0.0
2460,304Nvl_L1_NS,NONE,0.007,0.0
2460,304Nvl_L2_EW,NONE,0.009,0.0
2460,32Nvl_L1_EW,32NVL_EW,0.071,0.071
2460,32Nvl_L2_EW,32NVL_EW,0.077,0.077
2460,NvcNvl_L1_EW,NONE,0.011,0.0
2460,NvcNvl_L1_EW,NVCNVL_EW,0.007,0.007
2460,32Mt_L1_NS,32MT_NS,0.006,0.006
2460,32Mt_L1_EW,NONE,0.007,0.0
2460,32Mt_L3_EW,NONE,0.009,0.0
2460,32Mt_L1_NS,NONE,0.01,0.0
2460,NvcMt_L2_NS,NONE,0.026,0.0
2460,NvcCmt8_L2_NS,NONE,0.011,0.0
2460,NvcCmt8_L1_NS,NONE,0.008,0.0
2460,304Nvl_L3_EW,NONE,0.008,0.0
2460,32Nvl_L3_EW,NONE,0.063,0.0
2460,32Mt_L2_EW,NONE,0.008,0.0
2460,32Mt_L2_NS,NONE,0.009,0.0
2460,NvcMt_L1_NS,NONE,0.027,0.0
2465,304Nvl_L1_EW,304NVL_EW,0.017,0.017
2465,304Nvl_L2_EW,304NVL_EW,0.007,0.007
2465,304Nvl_L1_NS,NONE,0.007,0.0
2465,NvcNvl_L2_NS,NONE,0.007,0.0
2465,NvcNvl_L1_EW,NVCNVL_EW,0.007,0.003
2465,NvcNvl_L2_EW,NVCNVL_EW,0.008,0.008
2465,32Mt_L1_EW,NONE,0.007,0.0
2465,32Mt_L3_EW,NONE,0.009,0.0
2465,NvcMt_L1_EW,NVCMT_EW,0.006,0.001
2465,32Thn_L1_EW,32THN_EW,0.008,0.008
2465,32Thn_L2_EW,32THN_EW,0.008,0.008
2465,32Thn_L3_EW,NONE,0.008,0.0
2465,304Nvl_L3_EW,NONE,0.006,0.0
2465,32Nvl_L1_NS,32NVL_NS,0.007,0.007
2465,NvcNvl_L1_NS,NONE,0.009,0.0
2465,NvcNvl_L3_EW,NONE,0.009,0.0
2465,32Mt_L2_EW,NONE,0.008,0.0
2465,NvcMt_L2_EW,NVCMT_EW,0.008,0.002
2470,304Nvl_L1_EW,304NVL_EW,0.025,0.025
2470,304Nvl_L2_EW,304NVL_EW,0.015,0.015
2470,NvcNvl_L3_NS,NONE,0.041,0.0
2470,NvcNvl_L2_NS,NONE,0.04,0.0
2470,NvcNvl_L1_EW,NVCNVL_EW,0.007,0.003
2470,NvcNvl_L2_EW,NVCNVL_EW,0.008,0.008
2470,32Mt_L1_EW,32MT_EW,0.014,0.014
2470,NvcMt_L2_NS,NONE,0.005,0.0
2470,NvcMt_L1_EW,NVCMT_EW,0.006,0.001
2470,NvcCmt8_L2_NS,NONE,0.012,0.0
2470,32Thn_L1_EW,32THN_EW,0.008,0.008
2470,32Thn_L2_EW,32THN_EW,0.008,0.008
2470,32Thn_L3_EW,NONE,0.008,0.0
2470,304Nvl_L3_EW,NONE,0.013,0.0
2470,32Nvl_L1_NS,32NVL_NS,0.04,0.04
2470,NvcNvl_L1_NS,NONE,0.052,0.0
2470,NvcNvl_L3_EW,NONE,0.009,0.0
2470,32Mt_L2_EW,32MT_EW,0.005,0.005
2470,NvcMt_L1_NS,NONE,0.005,0.0
2470,NvcMt_L2_EW,NVCMT_EW,0.008,0.002
2470,NvcCmt8_L1_NS,NONE,0.011,0.0
2475,304Nvl_L1_EW,304NVL_EW,0.025,0.025
2475,304Nvl_L2_EW,304NVL_EW,0.015,0.015
2475,32Nvl_L3_NS,NONE,0.008,0.0
2475,32Nvl_L2_NS,32NVL_NS,0.008,0.008
2475,NvcNvl_L1_EW,NVCNVL_EW,0.007,0.003
2475,NvcNvl_L2_EW,NVCNVL_EW,0.008,0.008
2475,32Mt_L1_EW,NONE,0.007,0.0
2475,32Mt_L1_EW,32MT_EW,0.007,0.007
2475,32Mt_L1_NS,NONE,0.049,0.0
2475,NvcMt_L1_EW,NVCMT_EW,0.006,0.001
2475,32Thn_L1_EW,32THN_EW,0.008,0.008
2475,32Thn_L2_EW,32THN_EW,0.008,0.008
2475,32Thn_L3_EW,NONE,0.008,0.0
2475,304Nvl_L3_EW,NONE,0.013,0.0
2475,32Nvl_L1_NS,32NVL_NS,0.047,0.047
2475,NvcNvl_L3_EW,NONE,0.009,0.0
2475,32Mt_L2_EW,32MT_EW,0.005,0.005
2475,32Mt_L2_NS,NONE,0.043,0.0
2475,NvcMt_L2_EW,NVCMT_EW,0.008,0.002
2480,304Nvl_L1_EW,304NVL_EW,0.025,0.025
2480,304Nvl_L2_EW,304NVL_EW,0.022,0.022
2480,32Nvl_L1_EW,32NVL_EW,0.007,0.002
2480,32Nvl_L2_EW,32NVL_EW,0.008,0.004
2480,32Nvl_L3_NS,NONE,0.1,0.0
2480,32Nvl_L2_NS,32NVL_NS,0.095,0.095
2480,NvcNvl_L1_EW,NVCNVL_EW,0.007,0.003
2480,NvcNvl_L2_EW,NVCNVL_EW,0.008,0.008
2480,32Mt_L1_EW,32MT_EW,0.007,0.002
2480,NvcMt_L2_NS,NONE,0.005,0.0
2480,NvcMt_L1_EW,NVCMT_EW,0.006,0.001
2480,32Thn_L1_EW,NONE,0.01,0.0
2480,304Nvl_L3_EW,NONE,0.019,0.0
2480,32Nvl_L3_EW,NONE,0.006,0.0
2480,32Nvl_L1_NS,32NVL_NS,0.114,0.114
2480,NvcNvl_L3_EW,NONE,0.009,0.0
2480,32Mt_L2_EW,32MT_EW,0.005,0.0
2480,NvcMt_L1_NS,NONE,0.005,0.0
2480,NvcMt_L2_EW,NVCMT_EW,0.008,0.002
2485,304Nvl_L1_EW,304NVL_EW,0.008,0.008
2485,304Nvl_L2_EW,304NVL_EW,0.007,0.007
2485,32Nvl_L3_NS,NONE,0.007,0.0
2485,32Nvl_L1_NS,32NVL_NS,0.007,0.007
2485,32Nvl_L1_EW,32NVL_EW,0.014,0.009
2485,32Nvl_L2_EW,32NVL_EW,0.015,0.01
2485,32Nvl_L3_NS,NONE,0.008,0.0
2485,32Nvl_L2_NS,32NVL_NS,0.008,0.008
2485,NvcNvl_L2_NS,NONE,0.007,0.0
2485,NvcNvl_L1_EW,NVCNVL_EW,0.042,0.042
2485,NvcNvl_L2_EW,NVCNVL_EW,0.047,0.047
2485,32Mt_L1_EW,NONE,0.036,0.0
2485,32Mt_L3_EW,NONE,0.044,0.0
2485,32Mt_L1_NS,NONE,0.01,0.0
2485,NvcMt_L2_NS,NONE,0.005,0.0
2485,32Thn_L1_EW,NONE,0.01,0.0
2485,32Thn_L1_EW,32THN_EW,0.008,-0.002
2485,32Thn_L2_EW,32THN_EW,0.008,-0.002
2485,32Thn_L3_EW,NONE,0.008,0.0
2485,304Nvl_L3_EW,NONE,0.006,0.0
2485,32Nvl_L2_NS,32NVL_NS,0.007,0.007
2485,32Nvl_L3_EW,NONE,0.013,0.0
2485,32Nvl_L1_NS,32NVL_NS,0.007,0.007
2485,NvcNvl_L1_NS,NONE,0.009,0.0
2485,NvcNvl_L3_EW,NONE,0.056,0.0
2485,32Mt_L2_EW,NONE,0.038,0.0
2485,32Mt_L2_NS,NONE,0.009,0.0
2485,NvcMt_L1_NS,NONE,0.005,0.0
2490,32Nvl_L3_NS,NONE,0.007,0.0
2490,32Nvl_L1_NS,32NVL_NS,0.014,0.014
2490,32Nvl_L1_EW,32NVL_EW,0.007,-0.023
2490,32Nvl_L2_EW,32NVL_EW,0.008,0.002
2490,32Nvl_L3_NS,NONE,0.008,0.0
2490,32Nvl_L2_NS,32NVL_NS,0.008,0.008
2490,NvcNvl_L3_NS,NONE,0.014,0.0
2490,NvcNvl_L2_NS,NONE,0.013,0.0
2490,NvcNvl_L1_EW,NVCNVL_EW,0.049,0.049
2490,NvcNvl_L2_EW,NVCNVL_EW,0.055,0.055
2490,32Mt_L1_EW,NONE,0.043,0.0
2490,32Mt_L3_EW,NONE,0.044,0.0
2490,32Mt_L1_EW,32MT_EW,0.035,0.03
2490,32Thn_L1_EW,32THN_EW,0.008,0.003
2490,32Thn_L2_EW,32THN_EW,0.008,0.003
2490,32Thn_L3_EW,NONE,0.008,0.0
2490,32Nvl_L2_NS,32NVL_NS,0.013,0.013
2490,32Nvl_L3_EW,NONE,0.006,0.0
2490,32Nvl_L1_NS,32NVL_NS,0.013,0.013
2490,NvcNvl_L1_NS,NONE,0.017,0.0
2490,NvcNvl_L3_EW,NONE,0.065,0.0
2490,32Mt_L2_EW,NONE,0.038,0.0
2495,304Nvl_L1_NS,NONE,0.007,0.0
2495,32Nvl_L1_NS,32NVL_NS,0.007,0.007
2495,32Nvl_L1_EW,32NVL_EW,0.007,-0.023
2495,32Nvl_L2_EW,32NVL_EW,0.008,0.002
2495,32Nvl_L2_NS,32NVL_NS,0.008,0.008
2495,NvcNvl_L3_NS,NONE,0.007,0.0
2495,NvcNvl_L2_NS,NONE,0.007,0.0
2495,NvcNvl_L1_EW,NVCNVL_EW,0.042,0.042
2495,NvcNvl_L2_EW,NVCNVL_EW,0.047,0.047
2495,32Mt_L1_EW,NONE,0.094,0.0
2495,32Mt_L3_EW,NONE,0.009,0.0
2495,32Mt_L1_EW,32MT_EW,0.035,0.03
2495,NvcMt_L2_NS,NONE,0.005,0.0
2495,32Thn_L1_EW,32THN_EW,0.008,0.003
2495,32Thn_L2_EW,32THN_EW,0.008,0.003
2495,32Thn_L3_EW,NONE,0.008,0.0
2495,32Nvl_L3_EW,NONE,0.006,0.0
2495,32Nvl_L1_NS,32NVL_NS,0.007,0.007
2495,NvcNvl_L1_NS,NONE,0.009,0.0
2495,NvcNvl_L3_EW,NONE,0.056,0.0
2495,32Mt_L2_EW,NONE,0.098,0.0
2495,NvcMt_L1_NS,NONE,0.005,0.0
2500,304Nvl_L1_EW,NONE,0.008,0.0
2500,304Nvl_L1_NS,NONE,0.007,0.0
2500,32Nvl_L1_EW,32NVL_EW,0.007,-0.047
2500,32Nvl_L2_EW,32NVL_EW,0.008,-0.017
2500,NvcNvl_L1_EW,NONE,0.064,0.0
2500,NvcNvl_L2_EW,NONE,0.046,0.0
2500,NvcNvl_L1_EW,NVCNVL_EW,0.049,0.049
2500,NvcNvl_L2_EW,NVCNVL_EW,0.055,0.055
2500,32Mt_L1_EW,NONE,0.173,0.0
2500,32Mt_L3_EW,NONE,0.212,0.0
2500,32Mt_L1_EW,32MT_EW,0.07,0.065
2500,NvcMt_L2_NS,NONE,0.026,0.0
2500,32Thn_L1_EW,32THN_EW,0.008,0.003
2500,32Thn_L2_EW,32THN_EW,0.008,0.003
2500,32Nvl_L3_EW,NONE,0.006,0.0
2500,32Nvl_L1_NS,32NVL_NS,0.007,0.007
2500,NvcNvl_L3_EW,NONE,0.038,0.0
2500,NvcNvl_L3_EW,NONE,0.065,0.0
2500,32Mt_L2_EW,NONE,0.219,0.0
2500,32Mt_L2_EW,32MT_EW,0.027,0.022
2500,NvcMt_L1_NS,NONE,0.027,0.0
2505,304Nvl_L1_NS,304NVL_NS,0.009,0.009
2505,304Nvl_L3_NS,NONE,0.007,0.0
2505,32Nvl_L1_EW,32NVL_EW,0.007,-0.047
2505,32Nvl_L2_EW,32NVL_EW,0.008,-0.036
2505,NvcNvl_L3_NS,NONE,0.007,0.0
2505,NvcNvl_L2_NS,NONE,0.007,0.0
2505,NvcNvl_L1_EW,NONE,0.011,0.0
2505,NvcNvl_L2_EW,NONE,0.008,0.0
2505,NvcNvl_L1_EW,NVCNVL_EW,0.049,0.049
2505,NvcNvl_L2_EW,NVCNVL_EW,0.055,0.055
2505,NvcNvl_L1_NS,NVCNVL_NS,0.007,0.007
2505,32Mt_L1_EW,NONE,0.216,0.0
2505,32Mt_L3_EW,NONE,0.159,0.0
2505,32Mt_L1_EW,32MT_EW,0.07,0.065
2505,32Mt_L1_NS,NONE,0.01,0.0
2505,32Thn_L1_EW,NONE,0.01,0.0
2505,32Thn_L1_EW,32THN_EW,0.008,0.003
2505,32Thn_L2_EW,32THN_EW,0.008,0.003
2505,32Thn_L3_EW,NONE,0.008,0.0
2505,304Nvl_L2_NS,304NVL_NS,0.008,0.008
2505,32Nvl_L3_EW,NONE,0.006,0.0
2505,32Nvl_L1_NS,32NVL_NS,0.007,-0.004
2505,NvcNvl_L1_NS,NONE,0.009,0.0
2505,NvcNvl_L3_EW,NONE,0.065,0.0
2505,32Mt_L2_EW,NONE,0.226,0.0
2505,32Mt_L2_EW,32MT_EW,0.054,0.049
2510,304Nvl_L1_NS,304NVL_NS,0.009,0.009
2510,304Nvl_L3_NS,NONE,0.007,0.0
2510,304Nvl_L1_EW,304NVL_EW,0.008,0.008
2510,304Nvl_L2_EW,304NVL_EW,0.007,0.007
2510,32Nvl_L1_EW,32NVL_EW,0.014,-0.016
2510,32Nvl_L2_EW,32NVL_EW,0.015,-0.009
2510,32Nvl_L3_NS,NONE,0.008,0.0
2510,32Nvl_L2_NS,32NVL_NS,0.008,0.003
2510,NvcNvl_L3_NS,NONE,0.007,0.0
2510,NvcNvl_L2_NS,NONE,0.007,0.0
2510,NvcNvl_L1_EW,NVCNVL_EW,0.049,0.045
2510,NvcNvl_L2_EW,NVCNVL_EW,0.055,0.055
2510,32Mt_L1_EW,NONE,0.05,0.0
2510,32Mt_L3_EW,NONE,0.018,0.0
2510,32Mt_L1_EW,32MT_EW,0.035,0.025
2510,NvcMt_L1_EW,NVCMT_EW,0.006,-0.028
2510,32Thn_L1_EW,NONE,0.01,0.0
2510,32Thn_L1_EW,32THN_EW,0.008,-0.002
2510,32Thn_L2_EW,32THN_EW,0.008,-0.002
2510,32Thn_L3_EW,NONE,0.008,0.0
2510,304Nvl_L2_NS,304NVL_NS,0.008,0.002
2510,304Nvl_L3_EW,NONE,0.006,0.0
2510,32Nvl_L3_EW,NONE,0.013,0.0
2510,32Nvl_L1_NS,32NVL_NS,0.013,0.007
2510,NvcNvl_L1_NS,NONE,0.009,0.0
2510,NvcNvl_L3_EW,NONE,0.065,0.0
2510,32Mt_L2_EW,NONE,0.053,0.0
2510,32Mt_L2_EW,32MT_EW,0.027,0.016
2510,NvcMt_L2_EW,NVCMT_EW,0.008,-0.03
2515,304Nvl_L1_NS,304NVL_NS,0.009,0.009
2515,304Nvl_L3_NS,NONE,0.007,0.0
2515,304Nvl_L1_EW,304NVL_EW,0.102,0.102
2515,304Nvl_L2_EW,304NVL_EW,0.087,0.087
2515,32Nvl_L3_NS,NONE,0.008,0.0
2515,32Nvl_L2_NS,32NVL_NS,0.008,0.003
2515,NvcNvl_L3_NS,NONE,0.014,0.0
2515,NvcNvl_L2_NS,NONE,0.013,0.0
2515,NvcNvl_L1_EW,NVCNVL_EW,0.063,0.059
2515,NvcNvl_L2_EW,NVCNVL_EW,0.062,0.062
2515,32Mt_L1_EW,NONE,0.007,0.0
2515,32Mt_L3_EW,NONE,0.009,0.0
2515,NvcMt_L2_NS,NONE,0.005,0.0
2515,NvcMt_L1_EW,NVCMT_EW,0.006,-0.038
2515,32Thn_L1_EW,32THN_EW,0.008,0.008
2515,32Thn_L2_EW,32THN_EW,0.008,0.008
2515,32Thn_L3_EW,NONE,0.008,0.0
2515,304Nvl_L2_NS,304NVL_NS,0.008,0.002
2515,304Nvl_L3_EW,NONE,0.076,0.0
2515,32Nvl_L1_NS,32NVL_NS,0.007,0.0
2515,NvcNvl_L1_NS,NONE,0.017,0.0
2515,NvcNvl_L3_EW,NONE,0.074,0.0
2515,32Mt_L2_EW,NONE,0.008,0.0
2515,NvcMt_L1_NS,NONE,0.005,0.0
2515,NvcMt_L2_EW,NVCMT_EW,0.008,-0.036
2520,304Thn_L1_EW,NONE,0.007,0.0
2520,304Thn_L2_EW,NONE,0.008,0.0
2520,304Nvl_L1_NS,304NVL_NS,0.009,0.009
2520,304Nvl_L3_NS,NONE,0.007,0.0
2520,304Nvl_L1_EW,304NVL_EW,0.313,0.313
2520,304Nvl_L2_EW,304NVL_EW,0.261,0.261
2520,304Nvl_L1_NS,NONE,0.007,0.0
2520,304Nvl_L3_NS,NONE,0.008,0.0
2520,32Nvl_L3_NS,NONE,0.008,0.0
2520,32Nvl_L2_NS,32NVL_NS,0.008,0.003
2520,NvcNvl_L3_NS,NONE,0.014,0.0
2520,NvcNvl_L2_NS,NONE,0.02,0.0
2520,NvcNvl_L1_EW,NVCNVL_EW,0.063,0.054
2520,NvcNvl_L2_EW,NVCNVL_EW,0.062,0.061
2520,32Mt_L1_NS,32MT_NS,0.006,0.006
2520,32Mt_L1_EW,32MT_EW,0.202,0.202
2520,32Mt_L1_NS,NONE,0.01,0.0
2520,NvcMt_L1_EW,NVCMT_EW,0.013,-0.032
2520,NvcMt_L2_EW,NVCMT_EW,0.003,-0.041
2520,32Thn_L1_EW,NONE,0.01,0.0
2520,304Nvl_L2_NS,304NVL_NS,0.008,0.002
2520,304Nvl_L3_EW,NONE,0.152,0.0
2520,304Nvl_L2_NS,NONE,0.007,0.0
2520,32Nvl_L1_NS,32NVL_NS,0.013,0.007
2520,NvcNvl_L1_NS,NONE,0.026,0.0
2520,NvcNvl_L3_EW,NONE,0.074,0.0
2520,32Mt_L2_EW,32MT_EW,0.027,0.027
2520,NvcMt_L2_EW,NVCMT_EW,0.016,-0.028
2520,NvcMt_L1_EW,NVCMT_EW,0.006,-0.039
2520,304Thn_L3_EW,NONE,0.008,0.0
2525,304Thn_L1_EW,304THN_EW,0.008,-0.146
2525,304Nvl_L1_NS,304NVL_NS,0.009,0.004
2525,304Nvl_L3_NS,NONE,0.007,0.0
2525,304Nvl_L1_EW,304NVL_EW,0.22,0.214
2525,304Nvl_L2_EW,304NVL_EW,0.189,0.189
2525,32Nvl_L3_NS,NONE,0.007,0.0
2525,32Nvl_L1_NS,32NVL_NS,0.007,-0.004
2525,32Nvl_L1_EW,32NVL_EW,0.007,-0.159
2525,32Nvl_L2_EW,32NVL_EW,0.008,-0.011
2525,32Nvl_L3_NS,NONE,0.017,0.0
2525,32Nvl_L2_NS,32NVL_NS,0.016,0.01
2525,NvcNvl_L3_NS,NONE,0.007,0.0
2525,NvcNvl_L2_NS,NONE,0.007,0.0
2525,NvcNvl_L1_EW,NONE,0.011,0.0
2525,NvcNvl_L2_EW,NONE,0.008,0.0
2525,NvcNvl_L1_EW,NVCNVL_EW,0.021,0.017
2525,NvcNvl_L2_EW,NVCNVL_EW,0.016,0.014
2525,NvcNvl_L1_NS,NVCNVL_NS,0.007,0.002
2525,32Mt_L1_NS,32MT_NS,0.006,0.006
2525,32Mt_L1_EW,32MT_EW,0.237,0.232
2525,32Mt_L1_NS,NONE,0.01,0.0
2525,NvcMt_L1_EW,NVCMT_EW,0.006,-0.008
2525,NvcMt_L2_EW,NVCMT_EW,0.003,-0.008
2525,304Nvl_L2_NS,304NVL_NS,0.008,-0.003
2525,304Nvl_L3_EW,NONE,0.165,0.0
2525,32Nvl_L2_NS,32NVL_NS,0.007,0.001
2525,32Nvl_L3_EW,NONE,0.006,0.0
2525,32Nvl_L1_NS,32NVL_NS,0.02,0.009
2525,NvcNvl_L1_NS,NONE,0.009,0.0
2525,NvcNvl_L3_EW,NONE,0.006,0.0
2525,NvcNvl_L3_EW,NONE,0.009,0.0
2525,32Mt_L2_NS,32MT_NS,0.006,0.006
2525,32Mt_L2_EW,32MT_EW,0.027,0.022
2525,NvcMt_L2_EW,NVCMT_EW,0.008,-0.003
2525,NvcMt_L1_EW,NVCMT_EW,0.006,-0.009
2530,304Nvl_L1_NS,304NVL_NS,0.009,-0.001
2530,304Nvl_L3_NS,NONE,0.007,0.0
2530,304Nvl_L1_EW,304NVL_EW,0.119,0.119
2530,304Nvl_L2_EW,304NVL_EW,0.094,0.094
2530,32Nvl_L3_NS,NONE,0.007,0.0
2530,32Nvl_L1_NS,32NVL_NS,0.014,0.003
2530,32Nvl_L1_EW,32NVL_EW,0.007,-0.159
2530,32Nvl_L2_EW,32NVL_EW,0.008,-0.057
2530,32Nvl_L3_NS,NONE,0.017,0.0
2530,32Nvl_L2_NS,32NVL_NS,0.016,0.01
2530,NvcNvl_L1_EW,NONE,0.032,0.0
2530,NvcNvl_L2_EW,NONE,0.023,0.0
2530,NvcNvl_L1_EW,NVCNVL_EW,0.014,0.014
2530,NvcNvl_L2_EW,NVCNVL_EW,0.008,0.008
2530,NvcNvl_L1_NS,NVCNVL_NS,0.007,-0.003
2530,32Mt_L1_NS,32MT_NS,0.006,0.006
2530,32Mt_L1_EW,NONE,0.007,0.0
2530,32Mt_L3_EW,NONE,0.009,0.0
2530,32Mt_L1_EW,32MT_EW,0.237,0.232
2530,32Mt_L1_NS,NONE,0.01,0.0
2530,304Nvl_L2_NS,304NVL_NS,0.008,-0.003
2530,304Nvl_L3_EW,NONE,0.082,0.0
2530,32Nvl_L2_NS,32NVL_NS,0.013,0.008
2530,32Nvl_L3_EW,NONE,0.006,0.0
2530,32Nvl_L1_NS,32NVL_NS,0.02,0.009
2530,NvcNvl_L3_EW,NONE,0.013,0.0
2530,NvcNvl_L3_EW,NONE,0.009,0.0
2530,32Mt_L2_NS,32MT_NS,0.006,0.006
2530,32Mt_L2_EW,NONE,0.008,0.0
2530,32Mt_L2_EW,32MT_EW,0.092,0.087
2530,32Mt_L2_NS,NONE,0.009,0.0
2535,304Nvl_L1_NS,304NVL_NS,0.009,-0.001
2535,304Nvl_L3_NS,NONE,0.007,0.0
2535,304Nvl_L1_NS,NONE,0.095,0.0
2535,32Nvl_L3_NS,NONE,0.007,0.0
2535,32Nvl_L1_NS,32NVL_NS,0.014,0.003
2535,32Nvl_L3_NS,NONE,0.017,0.0
2535,32Nvl_L2_NS,32NVL_NS,0.016,0.01
2535,NvcNvl_L1_EW,NONE,0.011,0.0
2535,NvcNvl_L2_EW,NONE,0.008,0.0
2535,NvcNvl_L1_NS,NVCNVL_NS,0.007,-0.003
2535,32Mt_L1_NS,32MT_NS,0.006,0.006
2535,32Mt_L1_EW,32MT_EW,0.126,0.126
2535,NvcMt_L2_NS,NONE,0.005,0.0
2535,304Nvl_L2_NS,304NVL_NS,0.008,-0.003
2535,32Nvl_L2_NS,32NVL_NS,0.013,0.008
2535,32Nvl_L1_NS,32NVL_NS,0.02,0.009
2535,32Mt_L2_NS,32MT_NS,0.006,0.006
2535,32Mt_L2_EW,32MT_EW,0.071,0.071
2535,NvcMt_L1_NS,NONE,0.005,0.0
2535,NvcMt_L1_EW,NVCMT_EW,0.006,0.006
2540,304Nvl_L1_NS,304NVL_NS,0.009,-0.001
2540,304Nvl_L3_NS,NONE,0.007,0.0
2540,304Nvl_L1_EW,304NVL_EW,0.008,0.008
2540,304Nvl_L1_NS,NONE,0.088,0.0
2540,32Nvl_L3_NS,NONE,0.007,0.0
2540,32Nvl_L1_NS,32NVL_NS,0.014,0.008
2540,32Nvl_L3_NS,NONE,0.017,0.0
2540,32Nvl_L2_NS,32NVL_NS,0.016,0.01
2540,NvcNvl_L1_EW,NVCNVL_EW,0.014,0.014
2540,NvcNvl_L2_EW,NVCNVL_EW,0.008,0.008
2540,32Mt_L1_NS,32MT_NS,0.006,0.006
2540,32Mt_L1_EW,32MT_EW,0.021,0.021
2540,32Mt_L1_NS,NONE,0.049,0.0
2540,NvcMt_L2_NS,NONE,0.005,0.0
2540,304Nvl_L2_NS,304NVL_NS,0.008,-0.003
2540,32Nvl_L2_NS,32NVL_NS,0.013,0.008
2540,32Nvl_L1_NS,32NVL_NS,0.027,0.021
2540,NvcNvl_L3_EW,NONE,0.009,0.0
2540,32Mt_L2_EW,32MT_EW,0.011,0.011
2540,32Mt_L2_NS,NONE,0.043,0.0
2540,NvcMt_L1_NS,NONE,0.005,0.0
2545,304Nvl_L1_NS,304NVL_NS,0.118,0.108
2545,304Nvl_L3_NS,NONE,0.007,0.0
2545,304Nvl_L1_EW,304NVL_EW,0.102,0.102
2545,32Nvl_L3_NS,NONE,0.007,0.0
2545,32Nvl_L1_NS,32NVL_NS,0.014,-0.069
2545,32Nvl_L1_EW,32NVL_EW,0.007,-0.003
2545,32Nvl_L2_EW,32NVL_EW,0.007,0.0
2545,32Nvl_L3_NS,NONE,0.017,0.0
2545,32Nvl_L2_NS,32NVL_NS,0.016,0.01
2545,NvcNvl_L1_EW,NVCNVL_EW,0.042,0.042
2545,NvcNvl_L2_EW,NVCNVL_EW,0.047,0.047
2545,32Mt_L1_EW,NONE,0.043,0.0
2545,32Mt_L3_EW,NONE,0.009,0.0
2545,32Mt_L1_EW,32MT_EW,0.014,0.014
2545,32Mt_L1_NS,NONE,0.01,0.0
2545,304Nvl_L2_NS,304NVL_NS,0.008,-0.003
2545,32Nvl_L2_NS,32NVL_NS,0.013,0.008
2545,32Nvl_L3_EW,NONE,0.006,0.0
2545,32Nvl_L1_NS,32NVL_NS,0.02,-0.062
2545,NvcNvl_L3_EW,NONE,0.056,0.0
2545,32Mt_L2_EW,NONE,0.008,0.0
2545,32Mt_L2_EW,32MT_EW,0.011,0.011
2550,304Nvl_L1_NS,304NVL_NS,0.118,0.108
2550,304Nvl_L3_NS,NONE,0.007,0.0
2550,304Nvl_L1_EW,304NVL_EW,0.042,0.042
2550,304Nvl_L2_EW,304NVL_EW,0.036,0.036
2550,32Nvl_L3_NS,NONE,0.007,0.0
2550,32Nvl_L1_NS,32NVL_NS,0.014,-0.069
2550,32Nvl_L3_NS,NONE,0.017,0.0
2550,32Nvl_L2_NS,32NVL_NS,0.016,0.01
2550,32Mt_L1_NS,32MT_NS,0.006,0.006
2550,32Mt_L1_EW,NONE,0.043,0.0
2550,304Nvl_L2_NS,304NVL_NS,0.008,-0.003
2550,304Nvl_L3_EW,NONE,0.032,0.0
2550,32Nvl_L2_NS,32NVL_NS,0.013,0.008
2550,32Nvl_L1_NS,32NVL_NS,0.013,-0.069
2555,304Nvl_L1_NS,304NVL_NS,0.118,0.108
2555,304Nvl_L3_NS,NONE,0.007,0.0
2555,304Nvl_L1_EW,304NVL_EW,0.059,0.059
2555,304Nvl_L2_EW,304NVL_EW,0.051,0.051
2555,32Nvl_L3_NS,NONE,0.007,0.0
2555,32Nvl_L1_NS,32NVL_NS,0.014,-0.069
2555,32Nvl_L3_NS,NONE,0.017,0.0
2555,32Nvl_L2_NS,32NVL_NS,0.016,0.01
2555,32Mt_L1_NS,32MT_NS,0.006,0.006
2555,32Mt_L1_EW,NONE,0.05,0.0
2555,32Mt_L3_EW,NONE,0.053,0.0
2555,32Mt_L1_EW,32MT_EW,0.007,0.007
2555,304Nvl_L2_NS,304NVL_NS,0.008,-0.003
2555,304Nvl_L3_EW,NONE,0.044,0.0
2555,32Nvl_L2_NS,32NVL_NS,0.013,0.008
2555,32Nvl_L1_NS,32NVL_NS,0.02,-0.062
2555,32Mt_L2_EW,NONE,0.045,0.0
2555,32Mt_L2_EW,32MT_EW,0.005,0.005
2560,304Nvl_L1_NS,304NVL_NS,0.118,0.108
2560,304Nvl_L3_NS,NONE,0.007,0.0
2560,304Nvl_L1_EW,304NVL_EW,0.017,0.017
2560,304Nvl_L2_EW,304NVL_EW,0.015,0.015
2560,32Nvl_L3_NS,NONE,0.007,0.0
2560,32Nvl_L1_NS,32NVL_NS,0.014,-0.069
2560,32Nvl_L3_NS,NONE,0.017,0.0
2560,32Nvl_L2_NS,32NVL_NS,0.016,0.01
2560,NvcNvl_L3_NS,NONE,0.007,0.0
2560,NvcNvl_L2_NS,NONE,0.007,0.0
2560,32Mt_L1_NS,32MT_NS,0.006,0.001
2560,32Mt_L1_EW,NONE,0.036,0.0
2560,32Mt_L3_EW,NONE,0.044,0.0
2560,32Mt_L1_EW,32MT_EW,0.007,0.007
2560,NvcMt_L2_NS,NONE,0.005,0.0
2560,NvcMt_L1_EW,NVCMT_EW,0.006,0.006
2560,NvcMt_L1_NS,NVCMT_NS,0.007,0.002
2560,304Nvl_L2_NS,304NVL_NS,0.008,-0.003
2560,304Nvl_L3_EW,NONE,0.013,0.0
2560,32Nvl_L2_NS,32NVL_NS,0.013,0.008
2560,32Nvl_L1_NS,32NVL_NS,0.02,-0.062
2560,NvcNvl_L1_NS,NONE,0.009,0.0
2560,32Mt_L2_EW,NONE,0.038,0.0
2560,32Mt_L2_EW,32MT_EW,0.005,0.005
2560,NvcMt_L1_NS,NONE,0.005,0.0
2560,NvcMt_L2_EW,NVCMT_EW,0.008,0.008
2560,NvcMt_L2_NS,NVCMT_NS,0.005,0.005
2565,304Nvl_L1_NS,304NVL_NS,0.018,0.004
2565,304Nvl_L3_NS,NONE,0.015,0.0
2565,304Nvl_L1_EW,304NVL_EW,0.008,0.008
2565,304Nvl_L2_EW,304NVL_EW,0.007,0.007
2565,32Nvl_L3_NS,NONE,0.014,0.0
2565,32Nvl_L1_NS,32NVL_NS,0.021,0.008
2565,32Nvl_L3_NS,NONE,0.017,0.0
2565,32Nvl_L2_NS,32NVL_NS,0.016,0.005
2565,32Mt_L1_EW,NONE,0.014,0.0
2565,32Mt_L3_EW,NONE,0.009,0.0
2565,32Mt_L1_EW,32MT_EW,0.049,0.049
2565,NvcMt_L1_NS,NVCMT_NS,0.007,0.007
2565,304Nvl_L2_NS,304NVL_NS,0.015,0.004
2565,304Nvl_L3_EW,NONE,0.006,0.0
2565,32Nvl_L2_NS,32NVL_NS,0.02,0.009
2565,32Nvl_L1_NS,32NVL_NS,0.02,0.007
2565,32Mt_L2_EW,NONE,0.008,0.0
2565,32Mt_L2_EW,32MT_EW,0.011,0.011
2565,NvcMt_L2_NS,NVCMT_NS,0.005,0.005
2570,304Thn_L1_EW,NONE,0.007,0.0
2570,304Thn_L2_EW,NONE,0.008,0.0
2570,304Nvl_L1_NS,304NVL_NS,0.018,0.004
2570,304Nvl_L3_NS,NONE,0.015,0.0
2570,304Nvl_L1_EW,304NVL_EW,0.051,0.051
2570,304Nvl_L1_NS,NONE,0.015,0.0
2570,32Nvl_L3_NS,NONE,0.007,0.0
2570,32Nvl_L1_NS,32NVL_NS,0.021,0.008
2570,32Nvl_L1_EW,32NVL_EW,0.007,-0.023
2570,32Nvl_L2_EW,32NVL_EW,0.007,0.004
2570,32Nvl_L3_NS,NONE,0.025,0.0
2570,32Nvl_L2_NS,32NVL_NS,0.024,0.013
2570,32Mt_L1_EW,NONE,0.014,0.0
2570,32Mt_L3_EW,NONE,0.018,0.0
2570,32Mt_L1_EW,32MT_EW,0.042,0.042
2570,NvcMt_L2_NS,NONE,0.005,0.0
2570,NvcMt_L1_NS,NVCMT_NS,0.007,0.007
2570,304Nvl_L2_NS,304NVL_NS,0.015,-0.001
2570,32Nvl_L2_NS,32NVL_NS,0.02,0.009
2570,32Nvl_L3_EW,NONE,0.006,0.0
2570,32Nvl_L1_NS,32NVL_NS,0.02,0.007
2570,32Mt_L2_EW,NONE,0.015,0.0
2570,32Mt_L2_EW,32MT_EW,0.005,0.005
2570,NvcMt_L1_NS,NONE,0.005,0.0
2570,NvcMt_L2_NS,NVCMT_NS,0.005,0.005
2570,304Thn_L3_EW,NONE,0.008,0.0
2575,304Thn_L1_EW,304THN_EW,0.008,0.008
2575,304Nvl_L1_NS,304NVL_NS,0.018,-0.055
2575,304Nvl_L3_NS,NONE,0.015,0.0
2575,32Nvl_L3_NS,NONE,0.089,0.0
2575,32Nvl_L1_NS,32NVL_NS,0.104,0.091
2575,32Nvl_L1_EW,32NVL_EW,0.007,-0.003
2575,32Nvl_L2_EW,32NVL_EW,0.007,0.0
2575,32Nvl_L3_NS,NONE,0.042,0.0
2575,32Nvl_L2_NS,32NVL_NS,0.039,0.029
2575,NvcNvl_L3_NS,NONE,0.007,0.0
2575,NvcNvl_L2_NS,NONE,0.013,0.0
2575,32Mt_L1_NS,32MT_NS,0.006,0.001
2575,32Mt_L1_EW,32MT_EW,0.014,0.014
2575,32Mt_L1_NS,NONE,0.01,0.0
2575,NvcMt_L2_NS,NONE,0.005,0.0
2575,NvcMt_L1_NS,NVCMT_NS,0.007,0.002
2575,304Nvl_L2_NS,304NVL_NS,0.015,-0.012
2575,32Nvl_L2_NS,32NVL_NS,0.1,0.089
2575,32Nvl_L3_EW,NONE,0.006,0.0
2575,32Nvl_L1_NS,32NVL_NS,0.034,0.021
2575,NvcNvl_L1_NS,NONE,0.017,0.0
2575,32Mt_L2_EW,32MT_EW,0.011,0.011
2575,32Mt_L2_NS,NONE,0.009,0.0
2575,NvcMt_L1_NS,NONE,0.005,0.0
2575,NvcMt_L2_NS,NVCMT_NS,0.005,0.005
2580,304Nvl_L1_EW,304NVL_EW,0.008,0.008
2580,32Nvl_L3_NS,NONE,0.089,0.0
2580,32Nvl_L1_NS,32NVL_NS,0.104,0.104
2580,32Nvl_L3_NS,NONE,0.042,0.0
2580,32Nvl_L2_NS,32NVL_NS,0.039,0.039
2580,NvcNvl_L3_NS,NONE,0.007,0.0
2580,NvcNvl_L2_NS,NONE,0.007,0.0
2580,32Mt_L1_NS,32MT_NS,0.006,0.006
2580,32Mt_L1_EW,32MT_EW,0.014,0.014
2580,NvcMt_L2_NS,NONE,0.005,0.0
2580,32Nvl_L2_NS,32NVL_NS,0.1,0.1
2580,32Nvl_L1_NS,32NVL_NS,0.034,0.034
2580,NvcNvl_L1_NS,NONE,0.009,0.0
2580,32Mt_L2_EW,32MT_EW,0.011,0.011
2580,NvcMt_L1_NS,NONE,0.005,0.0
2585,304Nvl_L1_EW,304NVL_EW,0.008,0.008
2585,304Nvl_L2_EW,304NVL_EW,0.007,0.007
2585,32Nvl_L1_NS,32NVL_NS,0.083,0.083
2585,32Nvl_L3_NS,NONE,0.008,0.0
2585,32Nvl_L2_NS,32NVL_NS,0.008,0.008
2585,NvcNvl_L1_EW,NVCNVL_EW,0.007,0.007
2585,32Mt_L1_NS,32MT_NS,0.082,0.082
2585,32Mt_L1_EW,NONE,0.007,0.0
2585,32Mt_L1_NS,NONE,0.01,0.0
2585,304Nvl_L3_EW,NONE,0.006,0.0
2585,32Nvl_L2_NS,32NVL_NS,0.08,0.08
2585,32Nvl_L1_NS,32NVL_NS,0.013,0.013
2585,32Mt_L2_NS,32MT_NS,0.078,0.078
2585,32Mt_L2_NS,NONE,0.009,0.0
2590,304Nvl_L1_EW,304NVL_EW,0.008,0.008
2590,304Nvl_L2_EW,304NVL_EW,0.007,0.007
2590,304Nvl_L1_NS,NONE,0.007,0.0
2590,32Nvl_L1_NS,32NVL_NS,0.007,0.007
2590,NvcNvl_L1_EW,NVCNVL_EW,0.014,0.014
2590,NvcNvl_L2_EW,NVCNVL_EW,0.008,0.008
2590,304Nvl_L3_EW,NONE,0.006,0.0
2590,32Nvl_L1_NS,32NVL_NS,0.007,0.007
2590,NvcNvl_L3_EW,NONE,0.009,0.0
2595,304Nvl_L1_EW,304NVL_EW,0.102,0.102
2595,304Nvl_L2_EW,304NVL_EW,0.087,0.087
2595,32Nvl_L3_NS,NONE,0.007,0.0
2595,32Nvl_L1_NS,32NVL_NS,0.021,0.021
2595,NvcNvl_L1_EW,NVCNVL_EW,0.014,0.014
2595,NvcNvl_L2_EW,NVCNVL_EW,0.008,0.008
2595,32Mt_L1_EW,NONE,0.007,0.0
2595,32Mt_L3_EW,NONE,0.009,0.0
2595,304Nvl_L3_EW,NONE,0.076,0.0
2595,32Nvl_L2_NS,32NVL_NS,0.007,0.007
2595,32Nvl_L1_NS,32NVL_NS,0.007,0.007
2595,NvcNvl_L3_EW,NONE,0.009,0.0
2595,32Mt_L2_EW,NONE,0.008,0.0
2600,304Nvl_L1_EW,304NVL_EW,0.127,0.127
2600,304Nvl_L2_EW,304NVL_EW,0.109,0.109
2600,32Nvl_L3_NS,NONE,0.007,0.0
2600,32Nvl_L1_NS,32NVL_NS,0.021,0.021
2600,32Nvl_L1_EW,32NVL_EW,0.007,0.002
2600,32Nvl_L2_EW,32NVL_EW,0.008,0.004
2600,NvcNvl_L1_EW,NONE,0.011,0.0
2600,NvcNvl_L2_EW,NONE,0.008,0.0
2600,32Mt_L1_NS,32MT_NS,0.006,0.006
2600,32Mt_L1_EW,NONE,0.086,0.0
2600,32Mt_L1_EW,32MT_EW,0.007,0.002
2600,304Nvl_L3_EW,NONE,0.095,0.0
2600,32Nvl_L2_NS,32NVL_NS,0.013,0.013
2600,32Nvl_L3_EW,NONE,0.006,0.0
2600,32Mt_L2_EW,32MT_EW,0.005,0.0
2605,304Nvl_L1_EW,304NVL_EW,0.11,0.11
2605,304Nvl_L2_EW,304NVL_EW,0.094,0.094
2605,32Nvl_L1_EW,32NVL_EW,0.014,0.009
2605,32Nvl_L2_EW,32NVL_EW,0.015,0.015
2605,32Mt_L1_NS,32MT_NS,0.006,0.006
2605,32Mt_L1_EW,32MT_EW,0.007,-0.003
2605,32Mt_L1_NS,NONE,0.01,0.0
2605,304Nvl_L3_EW,NONE,0.082,0.0
2605,32Nvl_L3_EW,NONE,0.013,0.0
2605,32Nvl_L1_NS,32NVL_NS,0.007,0.007
2605,32Mt_L2_NS,NONE,0.009,0.0
2610,304Nvl_L1_EW,304NVL_EW,0.025,0.025
2610,304Nvl_L2_EW,304NVL_EW,0.015,0.015
2610,304Nvl_L1_NS,NONE,0.007,0.0
2610,32Nvl_L1_EW,32NVL_EW,0.007,0.007
2610,32Nvl_L2_EW,32NVL_EW,0.008,0.008
2610,32Mt_L1_NS,32MT_NS,0.006,0.006
2610,304Nvl_L3_EW,NONE,0.006,0.0
2610,32Nvl_L3_EW,NONE,0.006,0.0
2610,32Nvl_L1_NS,32NVL_NS,0.007,0.007
2615,304Nvl_L1_NS,304NVL_NS,0.009,-0.001
2615,304Nvl_L3_NS,NONE,0.007,0.0
2615,32Nvl_L3_NS,NONE,0.007,0.0
2615,32Nvl_L1_NS,32NVL_NS,0.014,0.008
2615,32Nvl_L1_EW,32NVL_EW,0.007,0.007
2615,32Nvl_L2_EW,32NVL_EW,0.008,0.008
2615,NvcNvl_L3_NS,NONE,0.007,0.0
2615,NvcNvl_L2_NS,NONE,0.007,0.0
2615,32Mt_L1_NS,32MT_NS,0.006,0.006
2615,32Mt_L1_NS,NONE,0.049,0.0
2615,304Nvl_L2_NS,304NVL_NS,0.008,0.008
2615,32Nvl_L2_NS,32NVL_NS,0.007,0.001
2615,32Nvl_L3_EW,NONE,0.006,0.0
2615,NvcNvl_L1_NS,NONE,0.009,0.0
2615,32Mt_L2_NS,NONE,0.043,0.0
2620,304Nvl_L1_NS,304NVL_NS,0.009,0.004
2620,304Nvl_L3_NS,NONE,0.007,0.0
2620,304Nvl_L1_NS,NONE,0.044,0.0
2620,304Nvl_L3_NS,NONE,0.008,0.0
2620,32Nvl_L3_NS,NONE,0.007,0.0
2620,32Nvl_L1_NS,32NVL_NS,0.007,0.001
2620,32Nvl_L1_EW,32NVL_EW,0.007,0.002
2620,32Nvl_L2_EW,32NVL_EW,0.008,0.004
2620,NvcNvl_L3_NS,NONE,0.014,0.0
2620,NvcNvl_L2_NS,NONE,0.013,0.0
2620,32Mt_L1_NS,32MT_NS,0.006,0.006
2620,32Mt_L1_EW,32MT_EW,0.007,0.002
2620,32Mt_L1_NS,NONE,0.01,0.0
2620,304Nvl_L2_NS,304NVL_NS,0.008,0.008
2620,304Nvl_L2_NS,NONE,0.007,0.0
2620,32Nvl_L2_NS,32NVL_NS,0.007,0.001
2620,32Nvl_L3_EW,NONE,0.006,0.0
2620,NvcNvl_L1_NS,NONE,0.017,0.0
2620,32Mt_L2_EW,32MT_EW,0.005,0.0
2620,32Mt_L2_NS,NONE,0.009,0.0
2625,304Nvl_L1_NS,304NVL_NS,0.009,0.009
2625,304Nvl_L3_NS,NONE,0.007,0.0
2625,304Nvl_L1_NS,NONE,0.051,0.0
2625,304Nvl_L3_NS,NONE,0.008,0.0
2625,32Nvl_L1_EW,32NVL_EW,0.014,0.014
2625,32Nvl_L2_EW,32NVL_EW,0.015,0.015
2625,32Mt_L1_NS,32MT_NS,0.031,0.031
2625,304Nvl_L2_NS,304NVL_NS,0.008,0.008
2625,304Nvl_L2_NS,NONE,0.007,0.0
2625,32Nvl_L3_EW,NONE,0.013,0.0
2630,304Nvl_L1_NS,304NVL_NS,0.009,0.009
2630,304Nvl_L3_NS,NONE,0.007,0.0
2630,304Nvl_L1_EW,304NVL_EW,0.008,0.008
2630,304Nvl_L1_NS,NONE,0.007,0.0
2630,32Nvl_L1_EW,32NVL_EW,0.014,0.014
2630,32Nvl_L2_EW,32NVL_EW,0.015,0.015
2630,32Nvl_L3_NS,NONE,0.05,0.0
2630,32Nvl_L2_NS,32NVL_NS,0.047,0.042
2630,NvcNvl_L1_EW,NVCNVL_EW,0.007,0.007
2630,32Mt_L1_NS,32MT_NS,0.038,0.038
2630,32Mt_L1_NS,NONE,0.01,0.0
2630,304Nvl_L2_NS,304NVL_NS,0.008,-0.026
2630,32Nvl_L3_EW,NONE,0.013,0.0
2630,32Nvl_L1_NS,32NVL_NS,0.047,0.041
2630,32Mt_L2_NS,NONE,0.009,0.0
2635,304Nvl_L1_NS,304NVL_NS,0.009,0.004
2635,304Nvl_L3_NS,NONE,0.007,0.0
2635,304Nvl_L1_EW,304NVL_EW,0.008,0.008
2635,32Nvl_L3_NS,NONE,0.007,0.0
2635,32Nvl_L1_NS,32NVL_NS,0.007,0.001
2635,32Nvl_L1_EW,32NVL_EW,0.007,0.007
2635,32Nvl_L2_EW,32NVL_EW,0.008,0.008
2635,32Nvl_L3_NS,NONE,0.033,0.0
2635,32Nvl_L2_NS,32NVL_NS,0.032,0.026
2635,32Mt_L1_NS,32MT_NS,0.006,0.006
2635,304Nvl_L2_NS,304NVL_NS,0.008,-0.015
2635,32Nvl_L2_NS,32NVL_NS,0.007,0.001
2635,32Nvl_L3_EW,NONE,0.006,0.0
2635,32Nvl_L1_NS,32NVL_NS,0.034,0.027
2640,304Nvl_L1_NS,304NVL_NS,0.018,0.018
2640,304Nvl_L3_NS,NONE,0.015,0.0
2640,304Nvl_L1_EW,304NVL_EW,0.059,0.059
2640,304Nvl_L2_EW,304NVL_EW,0.044,0.044
2640,304Nvl_L1_NS,NONE,0.007,0.0
2640,304Nvl_L3_NS,NONE,0.008,0.0
2640,32Nvl_L1_EW,32NVL_EW,0.007,0.007
2640,32Nvl_L2_EW,32NVL_EW,0.008,0.008
2640,32Nvl_L3_NS,NONE,0.017,0.0
2640,32Nvl_L2_NS,32NVL_NS,0.016,0.005
2640,NvcNvl_L3_NS,NONE,0.007,0.0
2640,NvcNvl_L2_NS,NONE,0.007,0.0
2640,32Mt_L1_EW,NONE,0.086,0.0
2640,32Mt_L3_EW,NONE,0.106,0.0
2640,304Nvl_L2_NS,304NVL_NS,0.015,0.004
2640,304Nvl_L3_EW,NONE,0.038,0.0
2640,304Nvl_L2_NS,NONE,0.007,0.0
2640,32Nvl_L3_EW,NONE,0.006,0.0
2640,32Nvl_L1_NS,32NVL_NS,0.013,0.001
2640,NvcNvl_L1_NS,NONE,0.009,0.0
2640,32Mt_L2_EW,NONE,0.09,0.0
2645,304Nvl_L1_NS,304NVL_NS,0.018,0.013
2645,304Nvl_L3_NS,NONE,0.015,0.0
2645,304Nvl_L1_EW,304NVL_EW,0.025,0.025
2645,304Nvl_L2_EW,304NVL_EW,0.022,0.022
2645,32Nvl_L1_NS,32NVL_NS,0.007,-0.006
2645,32Nvl_L1_EW,32NVL_EW,0.007,0.002
2645,32Nvl_L2_EW,32NVL_EW,0.008,0.004
2645,32Nvl_L3_NS,NONE,0.042,0.0
2645,32Nvl_L2_NS,32NVL_NS,0.039,0.029
2645,NvcNvl_L1_EW,NONE,0.011,0.0
2645,NvcNvl_L2_EW,NONE,0.008,0.0
2645,32Mt_L1_EW,NONE,0.094,0.0
2645,32Mt_L3_EW,NONE,0.115,0.0
2645,32Mt_L1_EW,32MT_EW,0.007,0.002
2645,304Nvl_L2_NS,304NVL_NS,0.015,-0.012
2645,304Nvl_L3_EW,NONE,0.019,0.0
2645,32Nvl_L3_EW,NONE,0.006,0.0
2645,32Nvl_L1_NS,32NVL_NS,0.04,0.028
2645,NvcNvl_L3_EW,NONE,0.006,0.0
2645,32Mt_L2_EW,NONE,0.098,0.0
2645,32Mt_L2_EW,32MT_EW,0.005,0.0
2650,304Nvl_L1_NS,304NVL_NS,0.018,0.013
2650,304Nvl_L3_NS,NONE,0.015,0.0
2650,304Nvl_L1_EW,304NVL_EW,0.008,0.008
2650,304Nvl_L1_NS,NONE,0.036,0.0
2650,32Nvl_L3_NS,NONE,0.007,0.0
2650,32Nvl_L1_NS,32NVL_NS,0.007,-0.006
2650,32Nvl_L1_EW,32NVL_EW,0.007,0.007
2650,32Nvl_L2_EW,32NVL_EW,0.008,0.008
2650,32Nvl_L1_EW,32NVL_EW,0.007,0.007
2650,NvcNvl_L3_NS,NONE,0.034,0.0
2650,NvcNvl_L2_NS,NONE,0.033,0.0
2650,32Mt_L1_NS,NONE,0.01,0.0
2650,304Nvl_L2_NS,304NVL_NS,0.015,0.015
2650,32Nvl_L2_NS,32NVL_NS,0.007,-0.004
2650,32Nvl_L3_EW,NONE,0.006,0.0
2650,NvcNvl_L1_NS,NONE,0.044,0.0
2650,32Mt_L2_NS,NONE,0.009,0.0
2655,304Nvl_L1_NS,304NVL_NS,0.018,-0.055
2655,304Nvl_L3_NS,NONE,0.015,0.0
2655,304Nvl_L1_EW,304NVL_EW,0.008,0.008
2655,304Nvl_L2_EW,304NVL_EW,0.007,0.007
2655,304Nvl_L1_NS,NONE,0.022,0.0
2655,32Nvl_L3_NS,NONE,0.068,0.0
2655,32Nvl_L1_NS,32NVL_NS,0.104,0.091
2655,32Nvl_L1_EW,32NVL_EW,0.007,-0.052
2655,32Nvl_L2_EW,32NVL_EW,0.008,-0.038
2655,32Mt_L1_EW,NONE,0.007,0.0
2655,32Mt_L1_EW,32MT_EW,0.084,0.079
2655,32Mt_L1_NS,NONE,0.01,0.0
2655,NvcCmt8_L2_EW,NVCCMT8_EW,0.005,0.005
2655,304Nvl_L2_NS,304NVL_NS,0.015,0.015
2655,304Nvl_L3_EW,NONE,0.006,0.0
2655,32Nvl_L2_NS,32NVL_NS,0.067,0.056
2655,32Nvl_L3_EW,NONE,0.006,0.0
2655,32Mt_L2_EW,32MT_EW,0.065,0.06
2655,NvcCmt8_L1_EW,NVCCMT8_EW,0.008,0.008
2660,304Nvl_L1_NS,304NVL_NS,0.018,-0.035
2660,304Nvl_L3_NS,NONE,0.015,0.0
2660,304Nvl_L1_EW,304NVL_EW,0.017,0.017
2660,304Nvl_L2_EW,304NVL_EW,0.007,0.007
2660,32Nvl_L3_NS,NONE,0.041,0.0
2660,32Nvl_L1_NS,32NVL_NS,0.076,0.063
2660,32Nvl_L1_EW,32NVL_EW,0.042,0.038
2660,32Nvl_L2_EW,32NVL_EW,0.046,0.043
2660,NvcNvl_L1_EW,NVCNVL_EW,0.035,0.035
2660,NvcNvl_L2_EW,NVCNVL_EW,0.039,0.039
2660,32Mt_L1_EW,32MT_EW,0.007,-0.023
2660,NvcMt_L2_NS,NONE,0.005,0.0
2660,304Nvl_L2_NS,304NVL_NS,0.015,0.015
2660,304Nvl_L3_EW,NONE,0.006,0.0
2660,32Nvl_L2_NS,32NVL_NS,0.073,0.063
2660,32Nvl_L3_EW,NONE,0.038,0.0
2660,NvcNvl_L3_EW,NONE,0.047,0.0
2660,32Mt_L2_EW,32MT_EW,0.005,-0.027
2660,NvcMt_L1_NS,NONE,0.005,0.0
2665,304Nvl_L1_NS,304NVL_NS,0.018,0.018
2665,304Nvl_L3_NS,NONE,0.015,0.0
2665,304Nvl_L1_EW,304NVL_EW,0.008,0.008
2665,304Nvl_L2_EW,304NVL_EW,0.007,0.007
2665,32Nvl_L1_EW,32NVL_EW,0.007,0.002
2665,32Nvl_L2_EW,32NVL_EW,0.008,0.004
2665,32Nvl_L3_NS,NONE,0.042,0.0
2665,32Nvl_L2_NS,32NVL_NS,0.039,0.029
2665,NvcNvl_L3_NS,NONE,0.048,0.0
2665,NvcNvl_L2_NS,NONE,0.046,0.0
2665,NvcNvl_L1_EW,NVCNVL_EW,0.042,0.042
2665,NvcNvl_L2_EW,NVCNVL_EW,0.047,0.047
2665,32Mt_L1_EW,32MT_EW,0.007,0.002
2665,304Nvl_L2_NS,304NVL_NS,0.015,-0.012
2665,304Nvl_L3_EW,NONE,0.006,0.0
2665,32Nvl_L3_EW,NONE,0.006,0.0
2665,32Nvl_L1_NS,32NVL_NS,0.034,0.021
2665,NvcNvl_L1_NS,NONE,0.061,0.0
2665,NvcNvl_L3_EW,NONE,0.009,0.0
2665,32Mt_L2_EW,32MT_EW,0.005,0.0
2670,304Nvl_L1_NS,304NVL_NS,0.018,0.018
2670,304Nvl_L3_NS,NONE,0.015,0.0
2670,304Nvl_L1_EW,304NVL_EW,0.008,0.008
2670,304Nvl_L1_NS,NONE,0.007,0.0
2670,32Nvl_L1_EW,32NVL_EW,0.014,0.014
2670,32Nvl_L2_EW,32NVL_EW,0.015,0.015
2670,32Nvl_L3_NS,NONE,0.017,0.0
2670,32Nvl_L2_NS,32NVL_NS,0.016,0.005
2670,NvcNvl_L3_NS,NONE,0.027,0.0
2670,NvcNvl_L2_NS,NONE,0.026,0.0
2670,NvcCmt8_L2_NS,NONE,0.011,0.0
2670,NvcCmt8_L1_NS,NONE,0.008,0.0
2670,304Nvl_L2_NS,304NVL_NS,0.015,0.004
2670,32Nvl_L3_EW,NONE,0.013,0.0
2670,32Nvl_L1_NS,32NVL_NS,0.081,0.068
2670,NvcNvl_L1_NS,NONE,0.035,0.0
2675,304Nvl_L1_NS,304NVL_NS,0.018,0.018
2675,304Nvl_L3_NS,NONE,0.015,0.0
2675,304Nvl_L1_NS,NONE,0.007,0.0
2675,304Nvl_L3_NS,NONE,0.008,0.0
2675,32Nvl_L1_EW,32NVL_EW,0.007,0.007
2675,32Nvl_L2_EW,32NVL_EW,0.008,0.008
2675,32Nvl_L3_NS,NONE,0.058,0.0
2675,32Nvl_L2_NS,32NVL_NS,0.055,0.045
2675,NvcNvl_L3_NS,NONE,0.014,0.0
2675,NvcNvl_L2_NS,NONE,0.02,0.0
2675,NvcNvl_L1_EW,NONE,0.011,0.0
2675,NvcNvl_L2_EW,NONE,0.008,0.0
2675,32Mt_L1_NS,32MT_NS,0.006,0.006
2675,NvcMt_L2_NS,NONE,0.005,0.0
2675,304Nvl_L2_NS,304NVL_NS,0.015,-0.024
2675,304Nvl_L2_NS,NONE,0.007,0.0
2675,32Nvl_L3_EW,NONE,0.006,0.0
2675,32Nvl_L1_NS,32NVL_NS,0.047,0.034
2675,NvcNvl_L1_NS,NONE,0.026,0.0
2675,NvcNvl_L3_EW,NONE,0.006,0.0
2675,NvcMt_L1_NS,NONE,0.005,0.0
2680,304Nvl_L1_NS,304NVL_NS,0.018,-0.011
2680,304Nvl_L3_NS,NONE,0.015,0.0
2680,304Nvl_L1_EW,304NVL_EW,0.008,0.008
2680,304Nvl_L2_EW,304NVL_EW,0.007,0.007
2680,304Nvl_L1_NS,NONE,0.036,0.0
2680,304Nvl_L3_NS,NONE,0.04,0.0
2680,32Nvl_L3_NS,NONE,0.034,0.0
2680,32Nvl_L1_NS,32NVL_NS,0.042,0.029
2680,32Nvl_L1_EW,32NVL_EW,0.014,0.014
2680,32Nvl_L2_EW,32NVL_EW,0.015,0.015
2680,32Nvl_L3_NS,NONE,0.017,0.0
2680,32Nvl_L2_NS,32NVL_NS,0.016,0.005
2680,NvcNvl_L1_EW,NONE,0.021,0.0
2680,NvcNvl_L2_EW,NONE,0.015,0.0
2680,NvcNvl_L1_EW,NVCNVL_EW,0.042,0.042
2680,32Mt_L1_NS,32MT_NS,0.006,0.006
2680,32Mt_L1_NS,NONE,0.01,0.0
2680,304Nvl_L2_NS,304NVL_NS,0.015,0.004
2680,304Nvl_L3_EW,NONE,0.006,0.0
2680,304Nvl_L2_NS,NONE,0.037,0.0
2680,32Nvl_L2_NS,32NVL_NS,0.033,0.023
2680,32Nvl_L3_EW,NONE,0.013,0.0
2680,32Nvl_L1_NS,32NVL_NS,0.054,0.041
2680,32Mt_L2_NS,NONE,0.009,0.0
2685,304Nvl_L1_NS,304NVL_NS,0.027,-0.016
2685,304Nvl_L3_NS,NONE,0.015,0.0
2685,32Nvl_L3_NS,NONE,0.014,0.0
2685,32Nvl_L1_NS,32NVL_NS,0.062,0.043
2685,32Nvl_L3_NS,NONE,0.017,0.0
2685,32Nvl_L2_NS,32NVL_NS,0.016,0.005
2685,NvcNvl_L1_EW,NONE,0.011,0.0
2685,NvcNvl_L2_EW,NONE,0.008,0.0
2685,NvcNvl_L1_EW,NVCNVL_EW,0.014,0.014
2685,32Mt_L1_EW,32MT_EW,0.084,0.084
2685,32Mt_L1_NS,NONE,0.01,0.0
2685,304Nvl_L2_NS,304NVL_NS,0.015,0.004
2685,32Nvl_L2_NS,32NVL_NS,0.053,0.043
2685,32Nvl_L1_NS,32NVL_NS,0.013,-0.006
2685,32Mt_L2_EW,32MT_EW,0.065,0.065
2685,32Mt_L2_NS,NONE,0.009,0.0
2690,304Nvl_L1_NS,304NVL_NS,0.027,-0.021
2690,304Nvl_L3_NS,NONE,0.015,0.0
2690,304Nvl_L1_EW,304NVL_EW,0.008,0.008
2690,32Nvl_L3_NS,NONE,0.02,0.0
2690,32Nvl_L1_NS,32NVL_NS,0.069,0.05
2690,32Nvl_L3_NS,NONE,0.067,0.0
2690,32Nvl_L2_NS,32NVL_NS,0.063,0.053
2690,NvcNvl_L1_EW,NVCNVL_EW,0.007,0.007
2690,32Mt_L1_EW,NONE,0.007,0.0
2690,32Mt_L1_EW,32MT_EW,0.091,0.091
2690,32Mt_L1_NS,NONE,0.01,0.0
2690,304Nvl_L2_NS,304NVL_NS,0.015,-0.029
2690,32Nvl_L2_NS,32NVL_NS,0.053,0.043
2690,32Nvl_L1_NS,32NVL_NS,0.06,0.041
2690,32Mt_L2_EW,32MT_EW,0.071,0.071
2695,304Nvl_L1_NS,304NVL_NS,0.009,-0.035
2695,32Nvl_L3_NS,NONE,0.02,0.0
2695,32Nvl_L1_NS,32NVL_NS,0.062,0.056
2695,32Nvl_L3_NS,NONE,0.075,0.0
2695,32Nvl_L2_NS,32NVL_NS,0.071,0.071
2695,NvcNvl_L3_NS,NONE,0.081,0.0
2695,NvcNvl_L2_NS,NONE,0.079,0.0
2695,NvcNvl_L1_EW,NONE,0.011,0.0
2695,NvcNvl_L2_EW,NONE,0.008,0.0
2695,32Mt_L1_EW,32MT_EW,0.091,0.091
2695,32Nvl_L2_NS,32NVL_NS,0.053,0.053
2695,32Nvl_L1_NS,32NVL_NS,0.067,0.061
2695,NvcNvl_L1_NS,NONE,0.105,0.0
2695,NvcNvl_L3_EW,NONE,0.006,0.0
2695,32Mt_L2_EW,32MT_EW,0.071,0.071
2700,304Nvl_L1_EW,304NVL_EW,0.017,0.017
2700,304Nvl_L2_EW,304NVL_EW,0.007,0.007
2700,32Nvl_L3_NS,NONE,0.02,0.0
2700,32Nvl_L1_NS,32NVL_NS,0.055,0.055
2700,32Nvl_L3_NS,NONE,0.075,0.0
2700,32Nvl_L2_NS,32NVL_NS,0.071,0.071
2700,NvcNvl_L3_NS,NONE,0.088,0.0
2700,NvcNvl_L2_NS,NONE,0.086,0.0
2700,NvcNvl_L1_EW,NONE,0.011,0.0
2700,NvcNvl_L2_EW,NONE,0.008,0.0
2700,32Mt_L1_EW,NONE,0.007,0.0
2700,32Mt_L1_EW,32MT_EW,0.098,0.098
2700,NvcMt_L1_EW,NVCMT_EW,0.006,0.006
2700,32Thn_L1_EW,NONE,0.01,0.0
2700,32Thn_L2_EW,NONE,0.01,0.0
2700,32Thn_L3_EW,NONE,0.007,0.0
2700,304Nvl_L3_EW,NONE,0.006,0.0
2700,32Nvl_L2_NS,32NVL_NS,0.053,0.053
2700,32Nvl_L1_NS,32NVL_NS,0.067,0.067
2700,NvcNvl_L1_NS,NONE,0.114,0.0
2700,NvcNvl_L3_EW,NONE,0.006,0.0
2700,32Mt_L2_EW,32MT_EW,0.076,0.076
2700,NvcMt_L2_EW,NVCMT_EW,0.008,0.008
2705,304Nvl_L1_EW,304NVL_EW,0.017,0.017
2705,304Nvl_L2_EW,304NVL_EW,0.007,0.007
2705,304Nvl_L1_NS,NONE,0.015,0.0
2705,304Nvl_L3_NS,NONE,0.008,0.0
2705,32Nvl_L3_NS,NONE,0.008,0.0
2705,32Nvl_L2_NS,32NVL_NS,0.008,0.008
2705,NvcNvl_L3_NS,NONE,0.007,0.0
2705,NvcNvl_L2_NS,NONE,0.007,0.0
2705,32Mt_L1_EW,32MT_EW,0.098,0.098
2705,32Mt_L1_NS,NONE,0.117,0.0
2705,NvcMt_L1_EW,NVCMT_EW,0.006,0.006
2705,NvcCmt8_L2_NS,NONE,0.011,0.0
2705,32Thn_L1_EW,32THN_EW,0.008,0.008
2705,NvcCmt8_L1_NS,NONE,0.008,0.0
2705,304Nvl_L3_EW,NONE,0.006,0.0
2705,304Nvl_L2_NS,NONE,0.007,0.0
2705,32Nvl_L1_NS,32NVL_NS,0.007,0.007
2705,NvcNvl_L1_NS,NONE,0.009,0.0
2705,32Mt_L2_EW,32MT_EW,0.076,0.076
2705,32Mt_L2_NS,NONE,0.104,0.0
2705,NvcMt_L2_EW,NVCMT_EW,0.008,0.008
2710,304Nvl_L1_EW,304NVL_EW,0.008,0.008
2710,NvcNvl_L1_EW,NONE,0.032,0.0
2710,NvcNvl_L2_EW,NONE,0.023,0.0
2710,32Mt_L1_EW,NONE,0.007,0.0
2710,32Mt_L3_EW,NONE,0.009,0.0
2710,32Mt_L1_EW,32MT_EW,0.098,0.098
2710,NvcNvl_L3_EW,NONE,0.013,0.0
2710,32Mt_L2_EW,NONE,0.008,0.0
2710,32Mt_L2_EW,32MT_EW,0.076,0.076
2715,304Nvl_L1_EW,304NVL_EW,0.008,0.008
2715,304Nvl_L1_NS,NONE,0.007,0.0
2715,32Nvl_L1_EW,32NVL_EW,0.007,-0.061
2715,32Nvl_L2_EW,32NVL_EW,0.008,-0.046
2715,NvcNvl_L3_NS,NONE,0.007,0.0
2715,NvcNvl_L2_NS,NONE,0.007,0.0
2715,NvcNvl_L1_EW,NONE,0.021,0.0
2715,NvcNvl_L2_EW,NONE,0.015,0.0
2715,32Mt_L1_EW,NONE,0.086,0.0
2715,32Mt_L1_EW,32MT_EW,0.098,0.093
2715,32Mt_L1_NS,NONE,0.01,0.0
2715,NvcMt_L1_NS,NVCMT_NS,0.007,0.007
2715,32Nvl_L3_EW,NONE,0.006,0.0
2715,32Nvl_L1_NS,32NVL_NS,0.034,0.034
2715,NvcNvl_L1_NS,NONE,0.009,0.0
2715,32Mt_L2_EW,32MT_EW,0.076,0.071
2715,32Mt_L2_NS,NONE,0.009,0.0
2715,NvcMt_L2_NS,NVCMT_NS,0.005,0.005
2720,304Nvl_L1_NS,NONE,0.007,0.0
2720,304Nvl_L3_NS,NONE,0.008,0.0
2720,32Nvl_L1_EW,32NVL_EW,0.007,-0.061
2720,32Nvl_L2_EW,32NVL_EW,0.008,-0.046
2720,32Nvl_L3_NS,NONE,0.008,0.0
2720,32Nvl_L2_NS,32NVL_NS,0.008,0.008
2720,NvcNvl_L1_EW,NONE,0.011,0.0
2720,NvcNvl_L2_EW,NONE,0.008,0.0
2720,32Mt_L1_NS,32MT_NS,0.006,0.006
2720,32Mt_L1_EW,NONE,0.094,0.0
2720,32Mt_L1_EW,32MT_EW,0.098,0.093
2720,304Nvl_L2_NS,NONE,0.007,0.0
2720,32Nvl_L3_EW,NONE,0.006,0.0
2720,32Nvl_L1_NS,32NVL_NS,0.04,0.04
2720,32Mt_L2_EW,NONE,0.008,0.0
2720,32Mt_L2_EW,32MT_EW,0.076,0.071
2725,304Nvl_L1_EW,304NVL_EW,0.051,0.051
2725,304Nvl_L2_EW,304NVL_EW,0.044,0.044
2725,304Nvl_L1_NS,NONE,0.007,0.0
2725,304Nvl_L3_NS,NONE,0.008,0.0
2725,32Nvl_L1_EW,32NVL_EW,0.05,-0.024
2725,32Nvl_L2_EW,32NVL_EW,0.054,-0.003
2725,32Nvl_L3_NS,NONE,0.008,0.0
2725,32Nvl_L2_NS,32NVL_NS,0.008,0.008
2725,NvcNvl_L3_NS,NONE,0.007,0.0
2725,NvcNvl_L2_NS,NONE,0.007,0.0
2725,32Mt_L1_EW,NONE,0.007,0.0
2725,32Mt_L1_EW,32MT_EW,0.105,0.07
2725,304Nvl_L3_EW,NONE,0.038,0.0
2725,304Nvl_L2_NS,NONE,0.007,0.0
2725,32Nvl_L3_EW,NONE,0.044,0.0
2725,32Nvl_L1_NS,32NVL_NS,0.007,0.007
2725,NvcNvl_L1_NS,NONE,0.009,0.0
2725,32Mt_L2_EW,32MT_EW,0.082,0.044
2730,304Nvl_L1_EW,304NVL_EW,0.017,0.017
2730,304Nvl_L2_EW,304NVL_EW,0.007,0.007
2730,32Nvl_L1_NS,32NVL_NS,0.007,0.007
2730,32Nvl_L1_EW,32NVL_EW,0.057,-0.021
2730,32Nvl_L2_EW,32NVL_EW,0.062,0.001
2730,32Mt_L1_EW,NONE,0.007,0.0
2730,32Mt_L1_EW,32MT_EW,0.112,0.072
2730,304Nvl_L3_EW,NONE,0.006,0.0
2730,32Nvl_L3_EW,NONE,0.05,0.0
2730,32Mt_L2_EW,NONE,0.008,0.0
2730,32Mt_L2_EW,32MT_EW,0.087,0.044
2735,304Nvl_L1_EW,304NVL_EW,0.008,0.008
2735,304Nvl_L1_NS,NONE,0.036,0.0
2735,32Nvl_L3_NS,NONE,0.014,0.0
2735,32Nvl_L1_NS,32NVL_NS,0.014,0.014
2735,32Nvl_L1_EW,32NVL_EW,0.014,-0.069
2735,32Nvl_L2_EW,32NVL_EW,0.015,-0.045
2735,NvcNvl_L1_EW,NVCNVL_EW,0.007,0.003
2735,NvcNvl_L2_EW,NVCNVL_EW,0.008,0.008
2735,32Mt_L1_EW,NONE,0.014,0.0
2735,32Mt_L3_EW,NONE,0.018,0.0
2735,32Mt_L1_EW,32MT_EW,0.119,0.109
2735,NvcMt_L1_EW,NVCMT_EW,0.006,0.001
2735,32Nvl_L2_NS,32NVL_NS,0.013,0.013
2735,32Nvl_L3_EW,NONE,0.013,0.0
2735,32Nvl_L1_NS,32NVL_NS,0.007,0.007
2735,NvcNvl_L3_EW,NONE,0.009,0.0
2735,32Mt_L2_EW,NONE,0.015,0.0
2735,32Mt_L2_EW,32MT_EW,0.087,0.076
2735,NvcMt_L2_EW,NVCMT_EW,0.008,0.002
2740,304Nvl_L1_EW,304NVL_EW,0.008,0.008
2740,304Nvl_L2_EW,304NVL_EW,0.007,0.007
2740,304Nvl_L1_NS,NONE,0.007,0.0
2740,32Nvl_L1_NS,32NVL_NS,0.007,0.007
2740,32Nvl_L1_EW,32NVL_EW,0.007,-0.076
2740,32Nvl_L2_EW,32NVL_EW,0.008,-0.057
2740,32Nvl_L1_EW,32NVL_EW,0.034,-0.049
2740,NvcNvl_L1_EW,NONE,0.011,0.0
2740,NvcNvl_L2_EW,NONE,0.008,0.0
2740,NvcNvl_L1_EW,NVCNVL_EW,0.007,0.003
2740,NvcNvl_L2_EW,NVCNVL_EW,0.008,0.008
2740,32Mt_L1_EW,32MT_EW,0.119,0.114
2740,NvcMt_L1_EW,NVCMT_EW,0.006,0.001
2740,32Nvl_L2_NS,32NVL_NS,0.007,0.007
2740,32Nvl_L3_EW,NONE,0.006,0.0
2740,32Nvl_L1_NS,32NVL_NS,0.013,0.013
2740,NvcNvl_L3_EW,NONE,0.006,0.0
2740,NvcNvl_L3_EW,NONE,0.009,0.0
2740,32Mt_L2_EW,32MT_EW,0.092,0.087
2740,NvcMt_L2_EW,NVCMT_EW,0.008,0.002
2745,304Nvl_L1_NS,304NVL_NS,0.045,0.045
2745,304Nvl_L3_NS,NONE,0.037,0.0
2745,304Nvl_L1_EW,304NVL_EW,0.008,0.008
2745,304Nvl_L2_EW,304NVL_EW,0.007,0.007
2745,32Nvl_L1_EW,32NVL_EW,0.007,-0.091
2745,32Nvl_L2_EW,32NVL_EW,0.008,-0.061
2745,NvcNvl_L1_EW,NONE,0.011,0.0
2745,NvcNvl_L2_EW,NONE,0.008,0.0
2745,NvcNvl_L1_EW,NVCNVL_EW,0.007,0.007
2745,NvcNvl_L2_EW,NVCNVL_EW,0.008,0.006
2745,32Mt_L1_NS,32MT_NS,0.006,0.006
2745,32Mt_L1_EW,32MT_EW,0.139,0.135
2745,NvcMt_L2_EW,NVCMT_EW,0.003,-0.003
2745,304Nvl_L2_NS,304NVL_NS,0.038,0.038
2745,304Nvl_L3_EW,NONE,0.006,0.0
2745,32Nvl_L3_EW,NONE,0.006,0.0
2745,32Nvl_L1_NS,32NVL_NS,0.013,-0.018
2745,NvcNvl_L3_EW,NONE,0.006,0.0
2745,NvcNvl_L3_EW,NONE,0.009,0.0
2745,32Mt_L2_NS,32MT_NS,0.006,0.006
2745,32Mt_L2_EW,32MT_EW,0.098,0.092
2745,NvcMt_L1_EW,NVCMT_EW,0.006,0.001
2750,304Nvl_L1_NS,304NVL_NS,0.045,0.045
2750,304Nvl_L3_NS,NONE,0.037,0.0
2750,304Nvl_L1_EW,304NVL_EW,0.042,0.042
2750,304Nvl_L2_EW,304NVL_EW,0.036,0.036
2750,304Nvl_L1_NS,NONE,0.007,0.0
2750,304Nvl_L3_NS,NONE,0.008,0.0
2750,32Nvl_L1_EW,32NVL_EW,0.007,-0.086
2750,32Nvl_L2_EW,32NVL_EW,0.008,-0.061
2750,32Nvl_L3_NS,NONE,0.017,0.0
2750,32Nvl_L2_NS,32NVL_NS,0.016,-0.011
2750,NvcNvl_L1_EW,NVCNVL_EW,0.007,0.007
2750,NvcNvl_L2_EW,NVCNVL_EW,0.008,0.008
2750,32Mt_L1_EW,32MT_EW,0.133,0.128
2750,NvcMt_L2_NS,NONE,0.005,0.0
2750,304Nvl_L2_NS,304NVL_NS,0.038,0.027
2750,304Nvl_L3_EW,NONE,0.032,0.0
2750,304Nvl_L2_NS,NONE,0.007,0.0
2750,32Nvl_L3_EW,NONE,0.006,0.0
2750,32Nvl_L1_NS,32NVL_NS,0.013,-0.018
2750,NvcNvl_L3_EW,NONE,0.009,0.0
2750,32Mt_L2_EW,32MT_EW,0.098,0.092
2750,NvcMt_L1_NS,NONE,0.005,0.0
2755,304Nvl_L1_NS,304NVL_NS,0.045,0.045
2755,304Nvl_L3_NS,NONE,0.037,0.0
2755,304Nvl_L1_EW,304NVL_EW,0.017,0.017
2755,304Nvl_L2_EW,304NVL_EW,0.007,0.007
2755,32Nvl_L1_EW,32NVL_EW,0.007,-0.086
2755,32Nvl_L2_EW,32NVL_EW,0.008,-0.061
2755,32Nvl_L2_NS,32NVL_NS,0.008,-0.019
2755,NvcNvl_L1_EW,NONE,0.011,0.0
2755,NvcNvl_L2_EW,NONE,0.008,0.0
2755,NvcNvl_L1_EW,NVCNVL_EW,0.007,0.007
2755,32Mt_L1_EW,NONE,0.007,0.0
2755,32Mt_L1_EW,32MT_EW,0.133,0.128
2755,NvcMt_L1_NS,NVCMT_NS,0.007,0.007
2755,304Nvl_L2_NS,304NVL_NS,0.038,0.032
2755,304Nvl_L3_EW,NONE,0.006,0.0
2755,32Nvl_L3_EW,NONE,0.006,0.0
2755,32Nvl_L1_NS,32NVL_NS,0.007,-0.025
2755,32Mt_L2_EW,32MT_EW,0.098,0.092
2755,NvcMt_L2_NS,NVCMT_NS,0.005,0.005
2760,304Nvl_L1_NS,304NVL_NS,0.045,0.04
2760,304Nvl_L3_NS,NONE,0.037,0.0
2760,304Nvl_L1_EW,304NVL_EW,0.017,0.017
2760,304Nvl_L2_EW,304NVL_EW,0.007,0.007
2760,304Nvl_L1_NS,NONE,0.036,0.0
2760,32Nvl_L1_NS,32NVL_NS,0.007,-0.025
2760,32Nvl_L1_EW,32NVL_EW,0.007,-0.076
2760,32Nvl_L2_EW,32NVL_EW,0.008,-0.057
2760,NvcNvl_L3_NS,NONE,0.007,0.0
2760,NvcNvl_L2_NS,NONE,0.007,0.0
2760,32Mt_L1_EW,32MT_EW,0.119,0.114
2760,NvcMt_L1_EW,NVCMT_EW,0.006,0.006
2760,NvcMt_L1_NS,NVCMT_NS,0.007,0.007
2760,304Nvl_L2_NS,304NVL_NS,0.038,0.038
2760,304Nvl_L3_EW,NONE,0.006,0.0
2760,32Nvl_L3_EW,NONE,0.006,0.0
2760,32Nvl_L1_NS,32NVL_NS,0.007,-0.025
2760,NvcNvl_L1_NS,NONE,0.009,0.0
2760,32Mt_L2_EW,32MT_EW,0.092,0.087
2760,NvcMt_L2_EW,NVCMT_EW,0.008,0.008
2760,NvcMt_L2_NS,NVCMT_NS,0.005,0.005
2765,304Nvl_L1_NS,304NVL_NS,0.045,0.021
2765,304Nvl_L3_NS,NONE,0.037,0.0
2765,304Nvl_L1_NS,NONE,0.007,0.0
2765,32Nvl_L1_NS,32NVL_NS,0.035,0.003
2765,32Nvl_L1_EW,32NVL_EW,0.007,-0.066
2765,32Nvl_L2_EW,32NVL_EW,0.008,-0.049
2765,32Nvl_L3_NS,NONE,0.008,0.0
2765,32Nvl_L2_NS,32NVL_NS,0.008,-0.019
2765,NvcNvl_L3_NS,NONE,0.007,0.0
2765,NvcNvl_L2_NS,NONE,0.007,0.0
2765,NvcNvl_L1_EW,NVCNVL_EW,0.007,0.007
2765,NvcNvl_L2_EW,NVCNVL_EW,0.008,0.008
2765,32Mt_L1_EW,NONE,0.007,0.0
2765,32Mt_L3_EW,NONE,0.009,0.0
2765,32Mt_L1_EW,32MT_EW,0.105,0.1
2765,32Mt_L1_NS,NONE,0.01,0.0
2765,NvcMt_L1_NS,NVCMT_NS,0.007,0.007
2765,304Nvl_L2_NS,304NVL_NS,0.038,0.032
2765,32Nvl_L3_EW,NONE,0.006,0.0
2765,32Nvl_L1_NS,32NVL_NS,0.007,-0.025
2765,NvcNvl_L1_NS,NONE,0.009,0.0
2765,NvcNvl_L3_EW,NONE,0.009,0.0
2765,32Mt_L2_EW,NONE,0.008,0.0
2765,32Mt_L2_EW,32MT_EW,0.082,0.076
2765,32Mt_L2_NS,NONE,0.009,0.0
2765,NvcMt_L2_NS,NVCMT_NS,0.005,0.005
2770,304Nvl_L1_NS,304NVL_NS,0.045,0.016
2770,304Nvl_L3_NS,NONE,0.037,0.0
2770,304Nvl_L1_EW,304NVL_EW,0.008,0.008
2770,32Nvl_L3_NS,NONE,0.007,0.0
2770,32Nvl_L1_NS,32NVL_NS,0.042,0.01
2770,32Nvl_L1_EW,32NVL_EW,0.092,0.082
2770,32Nvl_L2_EW,32NVL_EW,0.1,0.093
2770,32Mt_L1_NS,32MT_NS,0.006,0.001
2770,32Mt_L1_EW,32MT_EW,0.014,-0.05
2770,32Mt_L1_NS,NONE,0.059,0.0
2770,NvcMt_L1_NS,NVCMT_NS,0.007,0.002
2770,304Nvl_L2_NS,304NVL_NS,0.038,0.038
2770,32Nvl_L2_NS,32NVL_NS,0.04,0.013
2770,32Nvl_L3_EW,NONE,0.006,0.0
2770,32Mt_L2_EW,32MT_EW,0.011,-0.059
2770,32Mt_L2_NS,NONE,0.043,0.0
2770,NvcMt_L2_NS,NVCMT_NS,0.005,0.005
2775,304Nvl_L1_NS,304NVL_NS,0.045,0.04
2775,304Nvl_L3_NS,NONE,0.037,0.0
2775,304Nvl_L1_EW,304NVL_EW,0.042,0.042
2775,304Nvl_L2_EW,304NVL_EW,0.036,0.036
2775,32Nvl_L1_NS,32NVL_NS,0.007,-0.025
2775,32Nvl_L1_EW,32NVL_EW,0.106,0.106
2775,32Nvl_L2_EW,32NVL_EW,0.116,0.116
2775,NvcNvl_L1_EW,NVCNVL_EW,0.007,0.007
2775,NvcNvl_L2_EW,NVCNVL_EW,0.008,0.008
2775,32Mt_L1_NS,32MT_NS,0.006,0.001
2775,32Mt_L1_EW,NONE,0.014,0.0
2775,32Mt_L1_NS,NONE,0.01,0.0
2775,NvcMt_L1_NS,NVCMT_NS,0.007,0.002
2775,304Nvl_L2_NS,304NVL_NS,0.038,0.038
2775,304Nvl_L3_EW,NONE,0.032,0.0
2775,32Nvl_L3_EW,NONE,0.094,0.0
2775,NvcNvl_L3_EW,NONE,0.009,0.0
2775,NvcMt_L2_NS,NVCMT_NS,0.005,0.005
2780,304Nvl_L1_NS,304NVL_NS,0.045,0.021
2780,304Nvl_L3_NS,NONE,0.037,0.0
2780,304Nvl_L1_EW,304NVL_EW,0.017,0.017
2780,304Nvl_L2_EW,304NVL_EW,0.015,0.015
2780,32Nvl_L3_NS,NONE,0.034,0.0
2780,32Nvl_L1_NS,32NVL_NS,0.035,0.003
2780,32Nvl_L1_EW,32NVL_EW,0.021,0.021
2780,32Nvl_L2_EW,32NVL_EW,0.023,0.023
2780,32Nvl_L3_NS,NONE,0.042,0.0
2780,32Nvl_L2_NS,32NVL_NS,0.039,0.013
2780,32Mt_L1_NS,32MT_NS,0.038,0.033
2780,32Mt_L1_EW,NONE,0.187,0.0
2780,32Mt_L3_EW,NONE,0.124,0.0
2780,NvcMt_L1_NS,NVCMT_NS,0.007,-0.02
2780,304Nvl_L2_NS,304NVL_NS,0.038,0.01
2780,304Nvl_L3_EW,NONE,0.006,0.0
2780,32Nvl_L2_NS,32NVL_NS,0.033,0.007
2780,32Nvl_L3_EW,NONE,0.019,0.0
2780,32Nvl_L1_NS,32NVL_NS,0.067,0.035
2780,32Mt_L2_EW,NONE,0.106,0.0
2780,NvcMt_L2_NS,NVCMT_NS,0.005,0.005
2785,304Nvl_L1_NS,304NVL_NS,0.045,0.04
2785,304Nvl_L3_NS,NONE,0.037,0.0
2785,304Nvl_L1_EW,304NVL_EW,0.008,0.008
2785,304Nvl_L2_EW,304NVL_EW,0.007,0.007
2785,304Nvl_L1_NS,NONE,0.007,0.0
2785,304Nvl_L3_NS,NONE,0.008,0.0
2785,32Nvl_L3_NS,NONE,0.007,0.0
2785,32Nvl_L1_NS,32NVL_NS,0.007,-0.025
2785,32Nvl_L1_EW,32NVL_EW,0.007,0.007
2785,32Nvl_L2_EW,32NVL_EW,0.008,0.008
2785,NvcNvl_L3_NS,NONE,0.034,0.0
2785,NvcNvl_L2_NS,NONE,0.033,0.0
2785,32Mt_L1_NS,32MT_NS,0.038,0.033
2785,32Mt_L1_EW,NONE,0.115,0.0
2785,32Mt_L3_EW,NONE,0.009,0.0
2785,32Mt_L1_NS,NONE,0.01,0.0
2785,NvcMt_L1_NS,NVCMT_NS,0.007,-0.02
2785,NvcCmt8_L2_EW,NONE,0.007,0.0
2785,304Nvl_L2_NS,304NVL_NS,0.038,0.038
2785,304Nvl_L3_EW,NONE,0.006,0.0
2785,304Nvl_L2_NS,NONE,0.007,0.0
2785,32Nvl_L2_NS,32NVL_NS,0.007,-0.02
2785,32Nvl_L3_EW,NONE,0.006,0.0
2785,32Nvl_L1_NS,32NVL_NS,0.081,0.049
2785,NvcNvl_L1_NS,NONE,0.044,0.0
2785,32Mt_L2_EW,NONE,0.015,0.0
2785,32Mt_L2_NS,NONE,0.009,0.0
2785,NvcMt_L2_NS,NVCMT_NS,0.005,0.005
2785,NvcCmt8_L1_EW,NONE,0.006,0.0
2790,304Nvl_L1_NS,304NVL_NS,0.054,0.054
2790,304Nvl_L3_NS,NONE,0.037,0.0
2790,304Nvl_L1_EW,304NVL_EW,0.042,0.042
2790,32Nvl_L1_EW,32NVL_EW,0.007,-0.052
2790,32Nvl_L2_EW,32NVL_EW,0.008,0.008
2790,32Mt_L1_NS,32MT_NS,0.006,0.001
2790,32Mt_L1_EW,NONE,0.007,0.0
2790,32Mt_L1_EW,32MT_EW,0.084,0.079
2790,NvcMt_L1_NS,NVCMT_NS,0.007,0.002
2790,304Nvl_L2_NS,304NVL_NS,0.038,0.038
2790,32Nvl_L3_EW,NONE,0.006,0.0
2790,32Nvl_L1_NS,32NVL_NS,0.04,0.002
2790,NvcMt_L2_NS,NVCMT_NS,0.005,0.005
2790,NvcCmt8_L1_EW,NVCCMT8_EW,0.008,0.008
2795,304Nvl_L1_NS,304NVL_NS,0.054,0.054
2795,304Nvl_L3_NS,NONE,0.037,0.0
2795,304Nvl_L1_EW,304NVL_EW,0.051,0.051
2795,304Nvl_L2_EW,304NVL_EW,0.036,0.036
2795,32Nvl_L1_EW,32NVL_EW,0.014,-0.05
2795,32Nvl_L2_EW,32NVL_EW,0.015,-0.036
2795,32Mt_L1_NS,32MT_NS,0.006,0.001
2795,32Mt_L1_EW,32MT_EW,0.084,0.074
2795,32Mt_L1_NS,NONE,0.02,0.0
2795,NvcMt_L1_NS,NVCMT_NS,0.007,0.002
2795,32Thn_L1_EW,32THN_EW,0.008,-0.002
2795,32Thn_L2_EW,32THN_EW,0.008,-0.002
2795,32Thn_L3_EW,NONE,0.008,0.0
2795,304Nvl_L2_NS,304NVL_NS,0.038,0.038
2795,32Nvl_L3_EW,NONE,0.013,0.0
2795,32Nvl_L1_NS,32NVL_NS,0.007,-0.031
2795,32Mt_L2_EW,32MT_EW,0.065,0.054
2795,NvcMt_L2_NS,NVCMT_NS,0.005,0.005
2800,304Nvl_L1_NS,304NVL_NS,0.054,0.054
2800,304Nvl_L3_NS,NONE,0.037,0.0
2800,304Nvl_L1_EW,304NVL_EW,0.093,0.093
2800,304Nvl_L2_EW,304NVL_EW,0.08,0.08
2800,304Nvl_L1_NS,NONE,0.007,0.0
2800,304Nvl_L3_NS,NONE,0.008,0.0
2800,32Nvl_L1_EW,32NVL_EW,0.007,0.007
2800,32Nvl_L2_EW,32NVL_EW,0.008,0.008
2800,NvcNvl_L3_NS,NONE,0.034,0.0
2800,NvcNvl_L2_NS,NONE,0.04,0.0
2800,NvcMt_L1_NS,NVCMT_NS,0.007,0.007
2800,32Thn_L1_EW,NONE,0.01,0.0
2800,304Nvl_L2_NS,304NVL_NS,0.038,0.038
2800,304Nvl_L3_EW,NONE,0.07,0.0
2800,304Nvl_L2_NS,NONE,0.007,0.0
2800,32Nvl_L3_EW,NONE,0.006,0.0
2800,NvcNvl_L1_NS,NONE,0.052,0.0
2800,NvcMt_L2_NS,NVCMT_NS,0.005,0.005
2805,304Nvl_L1_EW,304NVL_EW,0.059,0.059
2805,304Nvl_L2_EW,304NVL_EW,0.051,0.051
2805,32Nvl_L1_EW,32NVL_EW,0.007,0.007
2805,32Nvl_L2_EW,32NVL_EW,0.008,0.008
2805,NvcNvl_L3_NS,NONE,0.014,0.0
2805,NvcNvl_L2_NS,NONE,0.013,0.0
2805,NvcNvl_L1_EW,NVCNVL_EW,0.007,0.007
2805,NvcNvl_L2_EW,NVCNVL_EW,0.008,0.008
2805,304Nvl_L3_EW,NONE,0.044,0.0
2805,32Nvl_L3_EW,NONE,0.006,0.0
2805,32Nvl_L1_NS,32NVL_NS,0.007,0.007
2805,NvcNvl_L1_NS,NONE,0.017,0.0
2805,NvcNvl_L3_EW,NONE,0.009,0.0
2810,304Nvl_L1_EW,304NVL_EW,0.068,0.068
2810,304Nvl_L2_EW,304NVL_EW,0.051,0.051
2810,304Nvl_L1_NS,NONE,0.036,0.0
2810,32Nvl_L1_EW,32NVL_EW,0.007,0.007
2810,32Nvl_L2_EW,32NVL_EW,0.008,0.008
2810,NvcNvl_L1_EW,NONE,0.053,0.0
2810,NvcNvl_L2_EW,NONE,0.038,0.0
2810,NvcNvl_L1_EW,NVCNVL_EW,0.007,0.007
2810,NvcNvl_L2_EW,NVCNVL_EW,0.008,0.008
2810,32Mt_L1_EW,NONE,0.036,0.0
2810,32Mt_L3_EW,NONE,0.044,0.0
2810,32Mt_L1_NS,NONE,0.01,0.0
2810,NvcCmt8_L2_EW,NVCCMT8_EW,0.005,0.005
2810,304Nvl_L3_EW,NONE,0.044,0.0
2810,32Nvl_L3_EW,NONE,0.006,0.0
2810,32Nvl_L1_NS,32NVL_NS,0.007,0.007
2810,NvcNvl_L3_EW,NONE,0.009,0.0
2810,32Mt_L2_EW,NONE,0.038,0.0
2810,32Mt_L2_NS,NONE,0.009,0.0
2810,NvcCmt8_L1_EW,NVCCMT8_EW,0.008,0.008
2815,304Nvl_L1_EW,304NVL_EW,0.102,0.102
2815,304Nvl_L2_EW,304NVL_EW,0.044,0.044
2815,32Nvl_L1_EW,32NVL_EW,0.007,0.007
2815,32Nvl_L2_EW,32NVL_EW,0.008,0.008
2815,NvcNvl_L1_EW,NONE,0.053,0.0
2815,NvcNvl_L2_EW,NONE,0.038,0.0
2815,NvcNvl_L1_EW,NVCNVL_EW,0.014,0.014
2815,NvcNvl_L2_EW,NVCNVL_EW,0.008,0.008
2815,32Mt_L1_EW,NONE,0.058,0.0
2815,32Mt_L3_EW,NONE,0.071,0.0
2815,32Mt_L1_NS,NONE,0.01,0.0
2815,NvcCmt8_L2_EW,NVCCMT8_EW,0.005,0.005
2815,304Nvl_L3_EW,NONE,0.038,0.0
2815,32Nvl_L3_EW,NONE,0.006,0.0
2815,NvcNvl_L3_EW,NONE,0.009,0.0
2815,32Mt_L2_EW,NONE,0.06,0.0
2815,32Mt_L2_NS,NONE,0.009,0.0
2815,NvcCmt8_L1_EW,NVCCMT8_EW,0.008,0.008
2820,304Nvl_L1_EW,304NVL_EW,0.093,0.093
2820,304Nvl_L2_EW,304NVL_EW,0.044,0.044
2820,304Nvl_L1_NS,NONE,0.007,0.0
2820,32Nvl_L1_EW,32NVL_EW,0.014,0.014
2820,32Nvl_L2_EW,32NVL_EW,0.015,0.015
2820,NvcNvl_L1_EW,NVCNVL_EW,0.014,0.014
2820,NvcNvl_L2_EW,NVCNVL_EW,0.008,0.008
2820,32Mt_L1_EW,NONE,0.036,0.0
2820,32Mt_L3_EW,NONE,0.027,0.0
2820,NvcCmt8_L2_EW,NVCCMT8_EW,0.005,0.005
2820,32Thn_L1_EW,NONE,0.049,0.0
2820,32Thn_L2_EW,NONE,0.051,0.0
2820,32Thn_L3_EW,NONE,0.035,0.0
2820,304Nvl_L3_EW,NONE,0.038,0.0
2820,32Nvl_L3_EW,NONE,0.013,0.0
2820,NvcNvl_L3_EW,NONE,0.009,0.0
2820,32Mt_L2_EW,NONE,0.023,0.0
2820,NvcCmt8_L1_EW,NVCCMT8_EW,0.008,0.008
2825,304Nvl_L1_EW,304NVL_EW,0.093,0.093
2825,304Nvl_L2_EW,304NVL_EW,0.08,0.08
2825,304Nvl_L1_NS,NONE,0.007,0.0
2825,32Nvl_L1_EW,32NVL_EW,0.014,-0.048
2825,32Nvl_L2_EW,32NVL_EW,0.015,-0.004
2825,32Nvl_L3_NS,NONE,0.008,0.0
2825,32Nvl_L2_NS,32NVL_NS,0.008,0.008
2825,NvcNvl_L1_EW,NVCNVL_EW,0.021,0.021
2825,NvcNvl_L2_EW,NVCNVL_EW,0.016,0.016
2825,32Mt_L1_EW,NONE,0.043,0.0
2825,32Mt_L3_EW,NONE,0.044,0.0
2825,32Mt_L1_EW,32MT_EW,0.049,0.039
2825,NvcMt_L2_NS,NONE,0.005,0.0
2825,32Thn_L1_EW,32THN_EW,0.04,0.03
2825,304Nvl_L3_EW,NONE,0.07,0.0
2825,32Nvl_L3_EW,NONE,0.013,0.0
2825,32Nvl_L1_NS,32NVL_NS,0.007,0.007
2825,NvcNvl_L3_EW,NONE,0.019,0.0
2825,32Mt_L2_EW,NONE,0.045,0.0
2825,32Mt_L2_EW,32MT_EW,0.027,0.016
2825,NvcMt_L1_NS,NONE,0.005,0.0
2830,304Nvl_L1_EW,304NVL_EW,0.11,0.11
2830,304Nvl_L2_EW,304NVL_EW,0.094,0.094
2830,32Nvl_L1_EW,32NVL_EW,0.007,-0.036
2830,32Nvl_L2_EW,32NVL_EW,0.008,0.0
2830,NvcNvl_L1_EW,NVCNVL_EW,0.014,0.014
2830,NvcNvl_L2_EW,NVCNVL_EW,0.016,0.016
2830,32Mt_L1_NS,32MT_NS,0.006,0.006
2830,32Mt_L1_EW,NONE,0.007,0.0
2830,32Mt_L3_EW,NONE,0.009,0.0
2830,32Mt_L1_EW,32MT_EW,0.021,0.016
2830,32Mt_L1_NS,NONE,0.01,0.0
2830,NvcCmt8_L2_EW,NVCCMT8_EW,0.005,0.005
2830,32Thn_L1_EW,32THN_EW,0.04,0.035
2830,304Nvl_L3_EW,NONE,0.082,0.0
2830,32Nvl_L3_EW,NONE,0.006,0.0
2830,NvcNvl_L3_EW,NONE,0.019,0.0
2830,32Mt_L2_EW,NONE,0.008,0.0
2830,32Mt_L2_EW,32MT_EW,0.011,0.005
2830,NvcCmt8_L1_EW,NVCCMT8_EW,0.008,0.008
2830,NvcCmt8_L1_EW,NONE,0.006,0.0
2835,304Nvl_L1_EW,304NVL_EW,0.11,0.11
2835,304Nvl_L2_EW,304NVL_EW,0.094,0.094
2835,32Nvl_L3_NS,NONE,0.034,0.0
2835,32Nvl_L1_NS,32NVL_NS,0.042,0.042
2835,32Nvl_L1_EW,32NVL_EW,0.007,-0.017
2835,32Nvl_L2_EW,32NVL_EW,0.008,0.008
2835,32Nvl_L3_NS,NONE,0.008,0.0
2835,32Nvl_L2_NS,32NVL_NS,0.008,0.008
2835,NvcNvl_L3_NS,NONE,0.014,0.0
2835,NvcNvl_L2_NS,NONE,0.013,0.0
2835,NvcNvl_L1_EW,NVCNVL_EW,0.049,0.049
2835,NvcNvl_L2_EW,NVCNVL_EW,0.055,0.055
2835,32Mt_L1_NS,32MT_NS,0.006,0.006
2835,32Mt_L1_EW,NONE,0.014,0.0
2835,32Mt_L3_EW,NONE,0.009,0.0
2835,32Mt_L1_EW,32MT_EW,0.035,0.03
2835,NvcCmt8_L2_EW,NVCCMT8_EW,0.005,0.005
2835,NvcCmt8_L2_NS,NONE,0.011,0.0
2835,NvcCmt8_L1_NS,NONE,0.008,0.0
2835,304Nvl_L3_EW,NONE,0.082,0.0
2835,32Nvl_L2_NS,32NVL_NS,0.033,0.033
2835,32Nvl_L3_EW,NONE,0.006,0.0
2835,32Nvl_L1_NS,32NVL_NS,0.007,0.007
2835,NvcNvl_L1_NS,NONE,0.017,0.0
2835,NvcNvl_L3_EW,NONE,0.065,0.0
2835,32Mt_L2_EW,NONE,0.008,0.0
2835,NvcCmt8_L1_EW,NVCCMT8_EW,0.008,0.008
2840,304Nvl_L1_EW,304NVL_EW,0.11,0.11
2840,304Nvl_L2_EW,304NVL_EW,0.094,0.094
2840,32Nvl_L1_EW,32NVL_EW,0.007,-0.022
2840,32Nvl_L2_EW,32NVL_EW,0.008,0.004
2840,32Nvl_L1_EW,32NVL_EW,0.007,-0.023
2840,NvcNvl_L1_EW,NVCNVL_EW,0.063,0.063
2840,NvcNvl_L2_EW,NVCNVL_EW,0.07,0.07
2840,32Mt_L1_NS,32MT_NS,0.006,0.006
2840,32Mt_L1_EW,NONE,0.036,0.0
2840,32Mt_L3_EW,NONE,0.044,0.0
2840,32Mt_L1_EW,32MT_EW,0.042,0.037
2840,32Mt_L1_NS,NONE,0.01,0.0
2840,NvcCmt8_L2_EW,NVCCMT8_EW,0.005,0.005
2840,NvcCmt8_L2_EW,NONE,0.007,0.0
2840,304Nvl_L3_EW,NONE,0.082,0.0
2840,32Nvl_L3_EW,NONE,0.006,0.0
2840,32Nvl_L1_NS,32NVL_NS,0.007,0.007
2840,NvcNvl_L3_EW,NONE,0.084,0.0
2840,32Mt_L2_EW,NONE,0.038,0.0
2840,32Mt_L2_EW,32MT_EW,0.005,0.0
2840,32Mt_L2_NS,NONE,0.009,0.0
2840,NvcCmt8_L1_EW,NVCCMT8_EW,0.008,0.008
2840,NvcCmt8_L1_EW,NONE,0.006,0.0
2845,304Nvl_L1_EW,304NVL_EW,0.102,0.102
2845,304Nvl_L2_EW,304NVL_EW,0.087,0.087
2845,32Nvl_L1_EW,32NVL_EW,0.007,0.002
2845,32Nvl_L2_EW,32NVL_EW,0.008,0.004
2845,NvcNvl_L3_NS,NONE,0.007,0.0
2845,NvcNvl_L2_NS,NONE,0.007,0.0
2845,NvcNvl_L1_EW,NVCNVL_EW,0.07,0.066
2845,NvcNvl_L2_EW,NVCNVL_EW,0.078,0.078
2845,32Mt_L1_EW,NONE,0.022,0.0
2845,32Mt_L3_EW,NONE,0.018,0.0
2845,32Mt_L1_EW,32MT_EW,0.007,0.002
2845,32Mt_L1_NS,NONE,0.01,0.0
2845,NvcMt_L1_EW,NVCMT_EW,0.006,-0.043
2845,304Nvl_L3_EW,NONE,0.076,0.0
2845,32Nvl_L3_EW,NONE,0.006,0.0
2845,NvcNvl_L1_NS,NONE,0.009,0.0
2845,NvcNvl_L3_EW,NONE,0.093,0.0
2845,32Mt_L2_EW,NONE,0.015,0.0
2845,32Mt_L2_EW,32MT_EW,0.005,0.0
2845,32Mt_L2_NS,NONE,0.009,0.0
2845,NvcMt_L2_EW,NVCMT_EW,0.008,-0.047
2850,304Nvl_L1_EW,304NVL_EW,0.127,0.127
2850,304Nvl_L2_EW,304NVL_EW,0.109,0.109
2850,32Nvl_L3_NS,NONE,0.007,0.0
2850,32Nvl_L1_NS,32NVL_NS,0.007,0.007
2850,32Nvl_L1_EW,32NVL_EW,0.007,0.002
2850,32Nvl_L2_EW,32NVL_EW,0.008,0.008
2850,32Nvl_L1_EW,32NVL_EW,0.007,0.002
2850,32Nvl_L2_EW,32NVL_EW,0.007,0.007
2850,NvcNvl_L1_EW,NVCNVL_EW,0.07,0.066
2850,NvcNvl_L2_EW,NVCNVL_EW,0.078,0.078
2850,32Mt_L1_NS,32MT_NS,0.006,0.006
2850,32Mt_L1_EW,32MT_EW,0.007,0.002
2850,NvcMt_L1_EW,NVCMT_EW,0.006,-0.048
2850,304Nvl_L3_EW,NONE,0.095,0.0
2850,32Nvl_L2_NS,32NVL_NS,0.007,0.007
2850,32Nvl_L3_EW,NONE,0.006,0.0
2850,32Nvl_L3_EW,NONE,0.006,0.0
2850,NvcNvl_L3_EW,NONE,0.093,0.0
2850,32Mt_L2_NS,32MT_NS,0.006,0.006
2850,NvcMt_L2_EW,NVCMT_EW,0.008,-0.047
2850,NvcCmt8_L1_EW,NVCCMT8_EW,0.008,0.003
2855,304Nvl_L1_NS,304NVL_NS,0.009,0.009
2855,304Nvl_L1_EW,304NVL_EW,0.127,0.127
2855,304Nvl_L2_EW,304NVL_EW,0.109,0.109
2855,32Nvl_L1_EW,32NVL_EW,0.007,-0.003
2855,32Nvl_L2_EW,32NVL_EW,0.008,0.004
2855,32Nvl_L1_EW,32NVL_EW,0.007,-0.003
2855,32Nvl_L2_EW,32NVL_EW,0.007,0.004
2855,32Nvl_L3_NS,NONE,0.042,0.0
2855,32Nvl_L2_NS,32NVL_NS,0.039,0.039
2855,NvcNvl_L1_EW,NVCNVL_EW,0.049,0.045
2855,NvcNvl_L2_EW,NVCNVL_EW,0.055,0.055
2855,32Mt_L1_NS,32MT_NS,0.006,0.006
2855,32Mt_L1_EW,NONE,0.007,0.0
2855,32Mt_L3_EW,NONE,0.009,0.0
2855,32Mt_L1_EW,32MT_EW,0.014,0.009
2855,32Mt_L1_NS,NONE,0.01,0.0
2855,NvcMt_L1_EW,NVCMT_EW,0.006,-0.028
2855,304Nvl_L3_EW,NONE,0.095,0.0
2855,32Nvl_L3_EW,NONE,0.006,0.0
2855,32Nvl_L3_EW,NONE,0.006,0.0
2855,32Nvl_L1_NS,32NVL_NS,0.034,0.027
2855,NvcNvl_L3_EW,NONE,0.074,0.0
2855,32Mt_L2_NS,32MT_NS,0.006,0.006
2855,32Mt_L2_EW,NONE,0.008,0.0
2855,32Mt_L2_EW,32MT_EW,0.005,0.0
2855,NvcMt_L2_EW,NVCMT_EW,0.008,-0.03
2860,304Nvl_L1_NS,304NVL_NS,0.009,0.009
2860,304Nvl_L1_EW,304NVL_EW,0.119,0.119
2860,304Nvl_L2_EW,304NVL_EW,0.094,0.094
2860,304Nvl_L1_NS,NONE,0.007,0.0
2860,304Nvl_L3_NS,NONE,0.008,0.0
2860,32Nvl_L1_EW,32NVL_EW,0.007,0.007
2860,32Nvl_L2_EW,32NVL_EW,0.008,0.008
2860,32Nvl_L1_EW,32NVL_EW,0.007,0.007
2860,32Nvl_L2_EW,32NVL_EW,0.007,0.007
2860,32Nvl_L3_NS,NONE,0.017,0.0
2860,32Nvl_L2_NS,32NVL_NS,0.016,0.016
2860,NvcNvl_L2_NS,NONE,0.007,0.0
2860,NvcNvl_L1_EW,NVCNVL_EW,0.007,0.007
2860,NvcNvl_L2_EW,NVCNVL_EW,0.008,0.008
2860,32Mt_L1_NS,32MT_NS,0.006,0.006
2860,32Mt_L1_EW,NONE,0.014,0.0
2860,32Mt_L3_EW,NONE,0.018,0.0
2860,32Mt_L1_NS,NONE,0.01,0.0
2860,304Nvl_L3_EW,NONE,0.082,0.0
2860,304Nvl_L2_NS,NONE,0.007,0.0
2860,32Nvl_L3_EW,NONE,0.006,0.0
2860,32Nvl_L3_EW,NONE,0.006,0.0
2860,32Nvl_L1_NS,32NVL_NS,0.02,0.014
2860,NvcNvl_L1_NS,NONE,0.009,0.0
2860,NvcNvl_L3_EW,NONE,0.009,0.0
2860,32Mt_L2_NS,32MT_NS,0.006,0.006
2860,32Mt_L2_EW,NONE,0.015,0.0
2860,32Mt_L2_NS,NONE,0.009,0.0
2865,304Nvl_L1_EW,304NVL_EW,0.008,0.008
2865,304Nvl_L2_EW,304NVL_EW,0.007,0.007
2865,304Nvl_L1_NS,NONE,0.007,0.0
2865,32Nvl_L1_EW,32NVL_EW,0.007,0.007
2865,32Nvl_L2_EW,32NVL_EW,0.007,0.007
2865,32Nvl_L3_NS,NONE,0.017,0.0
2865,32Nvl_L2_NS,32NVL_NS,0.016,0.016
2865,NvcNvl_L2_NS,NONE,0.007,0.0
2865,NvcNvl_L1_EW,NONE,0.011,0.0
2865,NvcNvl_L2_EW,NONE,0.008,0.0
2865,NvcNvl_L1_NS,NVCNVL_NS,0.007,0.007
2865,32Mt_L1_NS,32MT_NS,0.013,-0.011
2865,32Mt_L1_EW,NONE,0.007,0.0
2865,32Mt_L3_EW,NONE,0.009,0.0
2865,NvcMt_L1_NS,NVCMT_NS,0.034,0.025
2865,NvcCmt8_L2_EW,NVCCMT8_EW,0.005,0.005
2865,32Nvl_L3_EW,NONE,0.006,0.0
2865,32Nvl_L1_NS,32NVL_NS,0.013,0.009
2865,NvcNvl_L1_NS,NONE,0.009,0.0
2865,32Mt_L2_NS,32MT_NS,0.006,-0.012
2865,32Mt_L2_EW,NONE,0.008,0.0
2865,NvcMt_L2_NS,NVCMT_NS,0.027,0.023
2865,NvcCmt8_L1_EW,NVCCMT8_EW,0.008,0.008
2870,304Nvl_L1_EW,304NVL_EW,0.008,0.008
2870,304Nvl_L1_NS,NONE,0.044,0.0
2870,32Nvl_L1_EW,32NVL_EW,0.007,-0.003
2870,32Nvl_L3_NS,NONE,0.025,0.0
2870,32Nvl_L2_NS,32NVL_NS,0.024,0.024
2870,NvcNvl_L3_NS,NONE,0.007,0.0
2870,NvcNvl_L2_NS,NONE,0.007,0.0
2870,NvcNvl_L1_EW,NONE,0.064,0.0
2870,NvcNvl_L2_EW,NONE,0.046,0.0
2870,NvcNvl_L1_NS,NVCNVL_NS,0.007,0.007
2870,32Mt_L1_NS,32MT_NS,0.013,-0.011
2870,32Mt_L1_EW,32MT_EW,0.014,0.014
2870,32Mt_L1_NS,NONE,0.01,0.0
2870,NvcMt_L2_NS,NONE,0.005,0.0
2870,NvcMt_L1_EW,NVCMT_EW,0.006,0.006
2870,NvcMt_L1_NS,NVCMT_NS,0.034,0.025
2870,32Nvl_L1_NS,32NVL_NS,0.02,0.016
2870,NvcNvl_L1_NS,NONE,0.009,0.0
2870,32Mt_L2_NS,32MT_NS,0.006,-0.012
2870,32Mt_L2_EW,32MT_EW,0.005,0.005
2870,32Mt_L2_NS,NONE,0.009,0.0
2870,NvcMt_L1_NS,NONE,0.005,0.0
2870,NvcMt_L2_EW,NVCMT_EW,0.008,0.008
2870,NvcMt_L2_NS,NVCMT_NS,0.027,0.023
2870,NvcCmt8_L1_EW,NONE,0.006,0.0
2875,304Nvl_L1_EW,304NVL_EW,0.008,0.008
2875,304Nvl_L2_EW,304NVL_EW,0.007,0.007
2875,304Nvl_L1_NS,NONE,0.073,0.0
2875,32Nvl_L1_EW,32NVL_EW,0.085,0.07
2875,32Nvl_L2_EW,32NVL_EW,0.093,0.083
2875,32Nvl_L3_NS,NONE,0.025,0.0
2875,32Nvl_L2_NS,32NVL_NS,0.024,0.024
2875,NvcNvl_L1_EW,NONE,0.053,0.0
2875,NvcNvl_L2_EW,NONE,0.038,0.0
2875,NvcNvl_L1_NS,NVCNVL_NS,0.007,0.007
2875,32Mt_L1_NS,32MT_NS,0.013,-0.011
2875,32Mt_L1_EW,NONE,0.007,0.0
2875,32Mt_L1_EW,32MT_EW,0.014,-0.045
2875,32Mt_L1_NS,NONE,0.029,0.0
2875,NvcMt_L1_NS,NVCMT_NS,0.034,0.025
2875,NvcCmt8_L2_EW,NVCCMT8_EW,0.005,0.005
2875,32Thn_L1_EW,32THN_EW,0.008,-0.051
2875,32Thn_L2_EW,32THN_EW,0.008,-0.057
2875,32Thn_L3_EW,NONE,0.008,0.0
2875,304Nvl_L3_EW,NONE,0.006,0.0
2875,32Nvl_L3_EW,NONE,0.075,0.0
2875,32Nvl_L1_NS,32NVL_NS,0.054,0.049
2875,32Mt_L2_NS,32MT_NS,0.006,-0.012
2875,32Mt_L2_EW,32MT_EW,0.005,-0.059
2875,32Mt_L2_NS,NONE,0.026,0.0
2875,NvcMt_L2_NS,NVCMT_NS,0.027,0.023
2875,NvcCmt8_L1_EW,NVCCMT8_EW,0.008,0.008
2880,304Nvl_L1_NS,NONE,0.044,0.0
2880,32Nvl_L1_EW,32NVL_EW,0.092,0.087
2880,32Nvl_L2_EW,32NVL_EW,0.1,0.097
2880,32Nvl_L3_NS,NONE,0.025,0.0
2880,32Nvl_L2_NS,32NVL_NS,0.024,0.024
2880,NvcNvl_L3_NS,NONE,0.007,0.0
2880,NvcNvl_L2_NS,NONE,0.007,0.0
2880,NvcNvl_L1_NS,NVCNVL_NS,0.007,0.007
2880,32Mt_L1_NS,32MT_NS,0.044,0.02
2880,32Mt_L1_EW,NONE,0.014,0.0
2880,32Mt_L1_EW,32MT_EW,0.007,-0.057
2880,NvcMt_L1_NS,NVCMT_NS,0.034,0.003
2880,32Thn_L1_EW,NONE,0.01,0.0
2880,32Nvl_L3_EW,NONE,0.081,0.0
2880,32Nvl_L1_NS,32NVL_NS,0.054,0.049
2880,NvcNvl_L1_NS,NONE,0.009,0.0
2880,32Mt_L2_NS,32MT_NS,0.039,0.02
2880,32Mt_L2_EW,32MT_EW,0.005,-0.065
2880,NvcMt_L2_NS,NVCMT_NS,0.027,0.0
2885,304Nvl_L1_NS,NONE,0.007,0.0
2885,32Nvl_L1_EW,32NVL_EW,0.007,0.002
2885,32Nvl_L2_EW,32NVL_EW,0.008,0.004
2885,32Nvl_L3_NS,NONE,0.025,0.0
2885,32Nvl_L2_NS,32NVL_NS,0.024,0.024
2885,NvcNvl_L1_NS,NVCNVL_NS,0.007,0.007
2885,32Mt_L1_NS,32MT_NS,0.044,0.02
2885,32Mt_L1_EW,32MT_EW,0.007,0.002
2885,NvcMt_L1_EW,NVCMT_EW,0.006,0.006
2885,NvcMt_L1_NS,NVCMT_NS,0.034,0.003
2885,32Nvl_L3_EW,NONE,0.006,0.0
2885,32Nvl_L1_NS,32NVL_NS,0.02,0.016
2885,32Mt_L2_NS,32MT_NS,0.032,0.013
2885,32Mt_L2_EW,32MT_EW,0.005,0.0
2885,NvcMt_L2_EW,NVCMT_EW,0.008,0.008
2885,NvcMt_L2_NS,NVCMT_NS,0.027,0.004
2890,304Nvl_L1_EW,304NVL_EW,0.059,0.059
2890,304Nvl_L2_EW,304NVL_EW,0.051,0.051
2890,32Nvl_L1_EW,32NVL_EW,0.007,0.002
2890,32Nvl_L2_EW,32NVL_EW,0.008,0.004
2890,32Nvl_L1_EW,32NVL_EW,0.081,0.076
2890,32Nvl_L3_NS,NONE,0.025,0.0
2890,32Nvl_L2_NS,32NVL_NS,0.024,0.024
2890,NvcNvl_L3_NS,NONE,0.007,0.0
2890,NvcNvl_L2_NS,NONE,0.007,0.0
2890,32Mt_L1_NS,32MT_NS,0.044,0.02
2890,32Mt_L1_EW,32MT_EW,0.007,0.002
2890,32Mt_L1_NS,NONE,0.01,0.0
2890,NvcMt_L2_NS,NONE,0.005,0.0
2890,NvcMt_L1_NS,NVCMT_NS,0.034,0.003
2890,NvcCmt8_L2_NS,NONE,0.011,0.0
2890,32Thn_L1_EW,NONE,0.01,0.0
2890,32Thn_L2_EW,NONE,0.01,0.0
2890,NvcCmt8_L1_NS,NONE,0.008,0.0
2890,32Thn_L3_EW,NONE,0.007,0.0
2890,304Nvl_L3_EW,NONE,0.038,0.0
2890,32Nvl_L3_EW,NONE,0.006,0.0
2890,32Nvl_L1_NS,32NVL_NS,0.027,0.027
2890,NvcNvl_L1_NS,NONE,0.009,0.0
2890,32Mt_L2_NS,32MT_NS,0.032,0.013
2890,32Mt_L2_EW,32MT_EW,0.005,0.0
2890,32Mt_L2_NS,NONE,0.009,0.0
2890,NvcMt_L1_NS,NONE,0.005,0.0
2890,NvcMt_L2_NS,NVCMT_NS,0.027,0.004
2895,304Nvl_L1_EW,304NVL_EW,0.068,0.068
2895,304Nvl_L2_EW,304NVL_EW,0.058,0.058
2895,32Nvl_L1_NS,32NVL_NS,0.007,0.007
2895,32Nvl_L1_EW,32NVL_EW,0.007,0.001
2895,32Nvl_L2_EW,32NVL_EW,0.008,0.008
2895,32Nvl_L3_NS,NONE,0.033,0.0
2895,32Nvl_L2_NS,32NVL_NS,0.032,0.032
2895,NvcNvl_L3_NS,NONE,0.014,0.0
2895,NvcNvl_L2_NS,NONE,0.013,0.0
2895,NvcNvl_L1_EW,NVCNVL_EW,0.007,0.007
2895,NvcNvl_L2_EW,NVCNVL_EW,0.008,0.008
2895,32Mt_L1_NS,32MT_NS,0.031,0.007
2895,32Mt_L1_EW,NONE,0.007,0.0
2895,32Mt_L1_NS,NONE,0.01,0.0
2895,NvcMt_L1_NS,NVCMT_NS,0.034,0.012
2895,32Thn_L1_EW,32THN_EW,0.008,0.003
2895,304Nvl_L3_EW,NONE,0.051,0.0
2895,32Nvl_L2_NS,32NVL_NS,0.007,0.007
2895,32Nvl_L3_EW,NONE,0.006,0.0
2895,32Nvl_L1_NS,32NVL_NS,0.034,0.034
2895,NvcNvl_L1_NS,NONE,0.017,0.0
2895,NvcNvl_L3_EW,NONE,0.009,0.0
2895,32Mt_L2_NS,32MT_NS,0.032,0.013
2895,NvcMt_L2_NS,NVCMT_NS,0.027,0.004
2900,304Nvl_L1_EW,304NVL_EW,0.025,0.025
2900,304Nvl_L2_EW,304NVL_EW,0.022,0.022
2900,304Nvl_L1_NS,NONE,0.036,0.0
2900,32Nvl_L1_NS,32NVL_NS,0.007,0.007
2900,32Nvl_L1_EW,32NVL_EW,0.007,0.002
2900,32Nvl_L2_EW,32NVL_EW,0.008,0.004
2900,32Nvl_L3_NS,NONE,0.033,0.0
2900,32Nvl_L2_NS,32NVL_NS,0.032,0.032
2900,NvcNvl_L1_EW,NONE,0.021,0.0
2900,NvcNvl_L2_EW,NONE,0.015,0.0
2900,NvcNvl_L1_EW,NVCNVL_EW,0.007,0.007
2900,32Mt_L1_NS,32MT_NS,0.031,0.007
2900,32Mt_L1_EW,32MT_EW,0.007,0.002
2900,NvcMt_L1_NS,NVCMT_NS,0.034,0.012
2900,NvcCmt8_L2_NS,NONE,0.012,0.0
2900,304Nvl_L3_EW,NONE,0.019,0.0
2900,32Nvl_L2_NS,32NVL_NS,0.007,0.007
2900,32Nvl_L3_EW,NONE,0.006,0.0
2900,32Nvl_L1_NS,32NVL_NS,0.034,0.034
2900,NvcNvl_L3_EW,NONE,0.006,0.0
2900,32Mt_L2_NS,32MT_NS,0.032,0.013
2900,32Mt_L2_EW,32MT_EW,0.005,0.0
2900,NvcMt_L2_NS,NVCMT_NS,0.027,0.004
2900,NvcCmt8_L1_NS,NONE,0.011,0.0
2905,304Nvl_L1_EW,304NVL_EW,0.008,0.008
2905,304Nvl_L2_EW,304NVL_EW,0.007,0.007
2905,304Nvl_L1_NS,NONE,0.08,0.0
2905,32Nvl_L3_NS,NONE,0.048,0.0
2905,32Nvl_L1_NS,32NVL_NS,0.055,0.055
2905,32Nvl_L3_NS,NONE,0.05,0.0
2905,32Nvl_L2_NS,32NVL_NS,0.055,0.055
2905,NvcNvl_L1_EW,NONE,0.011,0.0
2905,NvcNvl_L2_EW,NONE,0.008,0.0
2905,32Mt_L1_EW,NONE,0.007,0.0
2905,NvcMt_L2_NS,NONE,0.005,0.0
2905,NvcMt_L1_NS,NVCMT_NS,0.034,0.034
2905,304Nvl_L3_EW,NONE,0.006,0.0
2905,32Nvl_L2_NS,32NVL_NS,0.053,0.053
2905,32Nvl_L1_NS,32NVL_NS,0.047,0.047
2905,NvcMt_L1_NS,NONE,0.005,0.0
2905,NvcMt_L2_NS,NVCMT_NS,0.027,0.027
2910,304Nvl_L1_EW,304NVL_EW,0.017,0.017
2910,304Nvl_L2_EW,304NVL_EW,0.007,0.007
2910,304Nvl_L1_EW,NONE,0.008,0.0
2910,304Nvl_L1_NS,NONE,0.036,0.0
2910,32Nvl_L3_NS,NONE,0.095,0.0
2910,32Nvl_L1_NS,32NVL_NS,0.104,0.104
2910,32Nvl_L3_NS,NONE,0.067,0.0
2910,32Nvl_L2_NS,32NVL_NS,0.063,0.063
2910,NvcMt_L2_NS,NONE,0.005,0.0
2910,NvcMt_L1_NS,NVCMT_NS,0.034,0.034
2910,304Nvl_L3_EW,NONE,0.006,0.0
2910,32Nvl_L2_NS,32NVL_NS,0.1,0.1
2910,32Nvl_L1_NS,32NVL_NS,0.067,0.067
2910,NvcMt_L1_NS,NONE,0.005,0.0
2910,NvcMt_L2_NS,NVCMT_NS,0.027,0.027
2915,304Nvl_L1_NS,304NVL_NS,0.009,-0.059
2915,304Nvl_L1_EW,304NVL_EW,0.025,0.025
2915,304Nvl_L2_EW,304NVL_EW,0.015,0.015
2915,304Nvl_L1_EW,NONE,0.008,0.0
2915,32Nvl_L3_NS,NONE,0.048,0.0
2915,32Nvl_L1_NS,32NVL_NS,0.097,0.091
2915,32Nvl_L3_NS,NONE,0.067,0.0
2915,32Nvl_L2_NS,32NVL_NS,0.063,0.063
2915,NvcNvl_L3_NS,NONE,0.007,0.0
2915,NvcNvl_L2_NS,NONE,0.007,0.0
2915,32Mt_L1_EW,NONE,0.036,0.0
2915,304Nvl_L3_EW,NONE,0.013,0.0
2915,32Nvl_L2_NS,32NVL_NS,0.093,0.093
2915,32Nvl_L1_NS,32NVL_NS,0.06,0.054
2915,NvcNvl_L1_NS,NONE,0.009,0.0
2920,304Nvl_L1_NS,304NVL_NS,0.009,-0.054
2920,304Nvl_L1_EW,304NVL_EW,0.068,0.068
2920,304Nvl_L2_EW,304NVL_EW,0.058,0.058
2920,32Nvl_L3_NS,NONE,0.048,0.0
2920,32Nvl_L1_NS,32NVL_NS,0.09,0.084
2920,32Nvl_L3_NS,NONE,0.042,0.0
2920,32Nvl_L2_NS,32NVL_NS,0.039,0.039
2920,NvcNvl_L3_NS,NONE,0.007,0.0
2920,NvcNvl_L2_NS,NONE,0.007,0.0
2920,32Mt_L1_EW,NONE,0.043,0.0
2920,32Mt_L3_EW,NONE,0.009,0.0
2920,32Mt_L1_EW,32MT_EW,0.007,0.007
2920,32Mt_L1_NS,NONE,0.01,0.0
2920,NvcMt_L2_EW,NVCMT_EW,0.003,0.003
2920,32Thn_L1_EW,NONE,0.01,0.0
2920,32Thn_L2_EW,NONE,0.01,0.0
2920,32Thn_L3_EW,NONE,0.007,0.0
2920,304Nvl_L3_EW,NONE,0.051,0.0
2920,32Nvl_L2_NS,32NVL_NS,0.053,0.053
2920,32Nvl_L1_NS,32NVL_NS,0.04,0.034
2920,NvcNvl_L1_NS,NONE,0.009,0.0
2920,32Mt_L2_EW,NONE,0.008,0.0
2920,32Mt_L2_EW,32MT_EW,0.005,0.005
2920,32Mt_L2_NS,NONE,0.009,0.0
2920,NvcMt_L1_EW,NVCMT_EW,0.006,0.006
2925,304Nvl_L1_EW,304NVL_EW,0.068,0.068
2925,304Nvl_L2_EW,304NVL_EW,0.058,0.058
2925,32Nvl_L3_NS,NONE,0.007,0.0
2925,32Nvl_L1_NS,32NVL_NS,0.021,0.021
2925,32Nvl_L3_NS,NONE,0.008,0.0
2925,32Nvl_L2_NS,32NVL_NS,0.008,0.008
2925,32Mt_L1_NS,32MT_NS,0.006,0.006
2925,32Mt_L1_EW,32MT_EW,0.014,0.014
2925,NvcMt_L2_EW,NVCMT_EW,0.003,0.003
2925,32Thn_L1_EW,32THN_EW,0.008,0.008
2925,304Nvl_L3_EW,NONE,0.051,0.0
2925,32Nvl_L2_NS,32NVL_NS,0.02,0.02
2925,32Nvl_L1_NS,32NVL_NS,0.013,0.013
2925,32Mt_L2_EW,32MT_EW,0.011,0.011
2925,NvcMt_L1_EW,NVCMT_EW,0.006,0.006
2930,304Nvl_L1_EW,304NVL_EW,0.102,0.102
2930,304Nvl_L2_EW,304NVL_EW,0.051,0.051
2930,32Nvl_L1_NS,32NVL_NS,0.007,0.007
2930,32Nvl_L1_EW,32NVL_EW,0.007,-0.008
2930,NvcNvl_L1_EW,NVCNVL_EW,0.007,0.007
2930,32Mt_L1_EW,32MT_EW,0.021,0.021
2930,NvcMt_L2_EW,NVCMT_EW,0.003,0.003
2930,NvcCmt8_L2_NS,NONE,0.011,0.0
2930,NvcCmt8_L1_NS,NONE,0.008,0.0
2930,304Nvl_L3_EW,NONE,0.044,0.0
2930,32Mt_L2_EW,32MT_EW,0.011,0.011
2930,NvcMt_L1_EW,NVCMT_EW,0.006,0.001
2935,304Nvl_L1_NS,NONE,0.007,0.0
2935,NvcNvl_L3_NS,NONE,0.034,0.0
2935,NvcNvl_L2_NS,NONE,0.033,0.0
2935,NvcNvl_L1_EW,NVCNVL_EW,0.007,0.007
2935,NvcNvl_L2_EW,NVCNVL_EW,0.008,0.006
2935,32Mt_L1_EW,32MT_EW,0.028,0.028
2935,NvcMt_L2_EW,NVCMT_EW,0.003,-0.003
2935,32Nvl_L1_NS,32NVL_NS,0.034,0.034
2935,NvcNvl_L1_NS,NONE,0.044,0.0
2935,NvcNvl_L3_EW,NONE,0.009,0.0
2935,32Mt_L2_EW,32MT_EW,0.016,0.016
2935,NvcMt_L1_EW,NVCMT_EW,0.006,0.001
2940,304Nvl_L1_NS,304NVL_NS,0.009,-0.049
2940,304Nvl_L3_NS,NONE,0.007,0.0
2940,304Nvl_L1_EW,304NVL_EW,0.017,0.017
2940,304Nvl_L2_EW,304NVL_EW,0.015,0.015
2940,304Nvl_L1_NS,NONE,0.044,0.0
2940,32Nvl_L3_NS,NONE,0.075,0.0
2940,32Nvl_L1_NS,32NVL_NS,0.083,0.077
2940,32Nvl_L1_EW,32NVL_EW,0.007,-0.013
2940,32Nvl_L2_EW,32NVL_EW,0.007,-0.008
2940,32Nvl_L3_NS,NONE,0.017,0.0
2940,32Nvl_L2_NS,32NVL_NS,0.016,0.01
2940,32Mt_L1_EW,NONE,0.007,0.0
2940,32Mt_L3_EW,NONE,0.009,0.0
2940,32Mt_L1_EW,32MT_EW,0.028,0.028
2940,32Mt_L1_NS,NONE,0.01,0.0
2940,NvcMt_L2_EW,NVCMT_EW,0.003,0.003
2940,NvcCmt8_L2_NS,NONE,0.012,0.0
2940,304Nvl_L2_NS,304NVL_NS,0.008,-0.003
2940,304Nvl_L3_EW,NONE,0.013,0.0
2940,32Nvl_L2_NS,32NVL_NS,0.073,0.068
2940,32Nvl_L3_EW,NONE,0.006,0.0
2940,32Nvl_L1_NS,32NVL_NS,0.02,0.014
2940,32Mt_L2_EW,NONE,0.008,0.0
2940,32Mt_L2_EW,32MT_EW,0.022,0.022
2940,32Mt_L2_NS,NONE,0.009,0.0
2940,NvcMt_L1_EW,NVCMT_EW,0.006,0.006
2940,NvcCmt8_L1_NS,NONE,0.011,0.0
2945,304Nvl_L1_NS,304NVL_NS,0.009,-0.02
2945,304Nvl_L3_NS,NONE,0.007,0.0
2945,304Nvl_L1_EW,304NVL_EW,0.051,0.051
2945,304Nvl_L2_EW,304NVL_EW,0.007,0.007
2945,304Nvl_L1_NS,NONE,0.036,0.0
2945,32Nvl_L1_NS,32NVL_NS,0.042,0.035
2945,32Nvl_L1_EW,32NVL_EW,0.007,-0.008
2945,32Nvl_L2_EW,32NVL_EW,0.007,-0.004
2945,NvcNvl_L3_NS,NONE,0.007,0.0
2945,NvcNvl_L2_NS,NONE,0.007,0.0
2945,32Mt_L1_EW,NONE,0.007,0.0
2945,32Mt_L3_EW,NONE,0.009,0.0
2945,32Mt_L1_EW,32MT_EW,0.021,0.021
2945,NvcMt_L1_EW,NVCMT_EW,0.006,0.006
2945,NvcMt_L2_EW,NVCMT_EW,0.003,0.003
2945,304Nvl_L2_NS,304NVL_NS,0.008,0.008
2945,304Nvl_L3_EW,NONE,0.006,0.0
2945,32Nvl_L2_NS,32NVL_NS,0.04,0.035
2945,32Nvl_L3_EW,NONE,0.006,0.0
2945,32Nvl_L1_NS,32NVL_NS,0.007,0.0
2945,NvcNvl_L1_NS,NONE,0.009,0.0
2945,32Mt_L2_EW,NONE,0.008,0.0
2945,32Mt_L2_EW,32MT_EW,0.016,0.016
2945,NvcMt_L2_EW,NVCMT_EW,0.008,0.008
2945,NvcMt_L1_EW,NVCMT_EW,0.006,0.006
2950,304Nvl_L1_NS,304NVL_NS,0.018,0.018
2950,304Nvl_L3_NS,NONE,0.015,0.0
2950,304Nvl_L1_EW,304NVL_EW,0.008,0.008
2950,304Nvl_L1_NS,NONE,0.007,0.0
2950,32Nvl_L1_EW,32NVL_EW,0.007,-0.012
2950,32Nvl_L2_EW,32NVL_EW,0.008,-0.004
2950,32Nvl_L1_EW,32NVL_EW,0.007,-0.013
2950,32Nvl_L2_EW,32NVL_EW,0.007,-0.004
2950,32Mt_L1_EW,32MT_EW,0.028,0.023
2950,NvcMt_L1_EW,NVCMT_EW,0.006,0.006
2950,NvcMt_L2_EW,NVCMT_EW,0.003,0.003
2950,304Nvl_L2_NS,304NVL_NS,0.015,0.015
2950,32Nvl_L3_EW,NONE,0.006,0.0
2950,32Nvl_L3_EW,NONE,0.006,0.0
2950,32Nvl_L1_NS,32NVL_NS,0.034,0.021
2950,32Mt_L2_EW,32MT_EW,0.016,0.011
2950,NvcMt_L2_EW,NVCMT_EW,0.008,0.008
2950,NvcMt_L1_EW,NVCMT_EW,0.006,0.006
2955,304Nvl_L1_NS,304NVL_NS,0.018,0.018
2955,304Nvl_L3_NS,NONE,0.015,0.0
2955,304Nvl_L1_EW,304NVL_EW,0.008,0.008
2955,304Nvl_L1_NS,NONE,0.007,0.0
2955,32Nvl_L1_EW,32NVL_EW,0.007,-0.012
2955,32Nvl_L2_EW,32NVL_EW,0.008,-0.008
2955,32Nvl_L1_EW,32NVL_EW,0.007,-0.013
2955,32Nvl_L2_EW,32NVL_EW,0.007,-0.008
2955,NvcNvl_L3_NS,NONE,0.007,0.0
2955,NvcNvl_L2_NS,NONE,0.007,0.0
2955,32Mt_L1_NS,32MT_NS,0.006,0.006
2955,32Mt_L1_EW,32MT_EW,0.028,0.023
2955,NvcMt_L1_EW,NVCMT_EW,0.006,0.006
2955,304Nvl_L2_NS,304NVL_NS,0.015,0.015
2955,32Nvl_L3_EW,NONE,0.006,0.0
2955,32Nvl_L3_EW,NONE,0.006,0.0
2955,32Nvl_L1_NS,32NVL_NS,0.04,0.028
2955,NvcNvl_L1_NS,NONE,0.009,0.0
2955,32Mt_L2_NS,32MT_NS,0.006,0.006
2955,32Mt_L2_EW,32MT_EW,0.022,0.016
2955,NvcMt_L2_EW,NVCMT_EW,0.008,0.008
2960,304Nvl_L1_NS,304NVL_NS,0.018,0.013
2960,304Nvl_L3_NS,NONE,0.015,0.0
2960,304Nvl_L1_NS,NONE,0.007,0.0
2960,304Nvl_L3_NS,NONE,0.008,0.0
2960,32Nvl_L3_NS,NONE,0.007,0.0
2960,32Nvl_L1_NS,32NVL_NS,0.007,-0.006
2960,32Nvl_L1_EW,32NVL_EW,0.007,-0.017
2960,32Nvl_L2_EW,32NVL_EW,0.008,-0.004
2960,32Nvl_L1_EW,32NVL_EW,0.007,-0.018
2960,32Nvl_L2_EW,32NVL_EW,0.007,-0.004
2960,NvcNvl_L3_NS,NONE,0.007,0.0
2960,NvcNvl_L2_NS,NONE,0.007,0.0
2960,32Mt_L1_EW,32MT_EW,0.035,0.03
2960,NvcMt_L2_EW,NVCMT_EW,0.003,0.003
2960,32Thn_L1_EW,NONE,0.116,0.0
2960,32Thn_L2_EW,NONE,0.121,0.0
2960,32Thn_L3_EW,NONE,0.083,0.0
2960,304Nvl_L2_NS,304NVL_NS,0.015,0.015
2960,304Nvl_L2_NS,NONE,0.007,0.0
2960,32Nvl_L2_NS,32NVL_NS,0.007,-0.004
2960,32Nvl_L3_EW,NONE,0.006,0.0
2960,32Nvl_L3_EW,NONE,0.006,0.0
2960,NvcNvl_L1_NS,NONE,0.009,0.0
2960,32Mt_L2_EW,32MT_EW,0.016,0.011
2960,NvcMt_L1_EW,NVCMT_EW,0.006,0.006
2965,304Nvl_L1_NS,304NVL_NS,0.018,0.008
2965,304Nvl_L3_NS,NONE,0.015,0.0
2965,304Nvl_L1_EW,304NVL_EW,0.008,0.008
2965,304Nvl_L2_EW,304NVL_EW,0.007,0.007
2965,32Nvl_L3_NS,NONE,0.007,0.0
2965,32Nvl_L1_NS,32NVL_NS,0.014,-0.003
2965,32Nvl_L1_EW,32NVL_EW,0.007,-0.085
2965,32Nvl_L2_EW,32NVL_EW,0.008,-0.008
2965,32Nvl_L1_EW,32NVL_EW,0.007,-0.085
2965,32Nvl_L2_EW,32NVL_EW,0.007,-0.008
2965,32Nvl_L3_NS,NONE,0.1,0.0
2965,32Nvl_L2_NS,32NVL_NS,0.095,0.084
2965,NvcNvl_L1_NS,NVCNVL_NS,0.007,-0.003
2965,32Mt_L1_NS,32MT_NS,0.006,0.006
2965,32Mt_L1_EW,32MT_EW,0.035,0.03
2965,NvcMt_L2_NS,NONE,0.005,0.0
2965,NvcMt_L2_EW,NVCMT_EW,0.003,0.003
2965,32Thn_L1_EW,32THN_EW,0.096,0.091
2965,304Nvl_L2_NS,304NVL_NS,0.015,-0.051
2965,304Nvl_L3_EW,NONE,0.006,0.0
2965,32Nvl_L2_NS,32NVL_NS,0.007,-0.004
2965,32Nvl_L3_EW,NONE,0.006,0.0
2965,32Nvl_L3_EW,NONE,0.006,0.0
2965,32Nvl_L1_NS,32NVL_NS,0.081,0.063
2965,32Mt_L2_NS,32MT_NS,0.006,0.006
2965,32Mt_L2_EW,32MT_EW,0.022,0.016
2965,NvcMt_L1_NS,NONE,0.005,0.0
2965,NvcMt_L1_EW,NVCMT_EW,0.006,0.006
2970,304Nvl_L1_NS,304NVL_NS,0.027,-0.002
2970,304Nvl_L3_NS,NONE,0.015,0.0
2970,304Nvl_L1_NS,NONE,0.015,0.0
2970,304Nvl_L3_NS,NONE,0.016,0.0
2970,32Nvl_L3_NS,NONE,0.034,0.0
2970,32Nvl_L1_NS,32NVL_NS,0.042,0.018
2970,32Nvl_L1_EW,32NVL_EW,0.007,-0.085
2970,32Nvl_L2_EW,32NVL_EW,0.008,-0.011
2970,32Nvl_L1_EW,32NVL_EW,0.007,-0.085
2970,32Nvl_L2_EW,32NVL_EW,0.007,-0.012
2970,32Nvl_L3_NS,NONE,0.109,0.0
2970,32Nvl_L2_NS,32NVL_NS,0.103,0.092
2970,NvcNvl_L3_NS,NONE,0.088,0.0
2970,NvcNvl_L2_NS,NONE,0.086,0.0
2970,NvcNvl_L1_NS,NVCNVL_NS,0.007,-0.022
2970,32Mt_L1_NS,32MT_NS,0.006,0.006
2970,32Mt_L1_EW,32MT_EW,0.035,0.03
2970,32Mt_L1_NS,NONE,0.01,0.0
2970,NvcMt_L2_EW,NVCMT_EW,0.005,0.005
2970,NvcCmt8_L2_EW,NONE,0.007,0.0
2970,32Thn_L1_EW,32THN_EW,0.096,0.091
2970,304Nvl_L2_NS,304NVL_NS,0.015,-0.057
2970,304Nvl_L2_NS,NONE,0.015,0.0
2970,32Nvl_L2_NS,32NVL_NS,0.04,0.029
2970,32Nvl_L3_EW,NONE,0.006,0.0
2970,32Nvl_L3_EW,NONE,0.006,0.0
2970,32Nvl_L1_NS,32NVL_NS,0.087,0.064
2970,NvcNvl_L1_NS,NONE,0.114,0.0
2970,32Mt_L2_NS,32MT_NS,0.006,0.006
2970,32Mt_L2_EW,32MT_EW,0.027,0.022
2970,32Mt_L2_NS,NONE,0.009,0.0
2970,NvcMt_L1_EW,NVCMT_EW,0.011,0.011
2970,NvcCmt8_L1_EW,NONE,0.006,0.0
2975,304Nvl_L1_NS,304NVL_NS,0.027,0.017
2975,304Nvl_L3_NS,NONE,0.015,0.0
2975,304Nvl_L1_NS,NONE,0.007,0.0
2975,32Nvl_L3_NS,NONE,0.014,0.0
2975,32Nvl_L1_NS,32NVL_NS,0.014,-0.005
2975,32Nvl_L1_EW,32NVL_EW,0.014,-0.077
2975,32Nvl_L2_EW,32NVL_EW,0.015,-0.004
2975,32Nvl_L1_EW,32NVL_EW,0.007,-0.085
2975,32Nvl_L2_EW,32NVL_EW,0.007,-0.012
2975,NvcNvl_L3_NS,NONE,0.02,0.0
2975,NvcNvl_L2_NS,NONE,0.026,0.0
2975,32Mt_L1_EW,32MT_EW,0.035,0.025
2975,32Mt_L1_NS,NONE,0.01,0.0
2975,NvcMt_L2_EW,NVCMT_EW,0.005,0.005
2975,NvcCmt8_L2_EW,NONE,0.007,0.0
2975,32Thn_L1_EW,32THN_EW,0.096,0.086
2975,304Nvl_L2_NS,304NVL_NS,0.015,0.015
2975,32Nvl_L2_NS,32NVL_NS,0.013,0.003
2975,32Nvl_L3_EW,NONE,0.006,0.0
2975,32Nvl_L3_EW,NONE,0.013,0.0
2975,NvcNvl_L1_NS,NONE,0.035,0.0
2975,32Mt_L2_EW,32MT_EW,0.027,0.016
2975,32Mt_L2_NS,NONE,0.009,0.0
2975,NvcMt_L1_EW,NVCMT_EW,0.011,0.011
2975,NvcCmt8_L1_EW,NONE,0.006,0.0
2980,304Thn_L1_EW,NONE,0.007,0.0
2980,304Thn_L2_EW,NONE,0.008,0.0
2980,304Nvl_L1_NS,304NVL_NS,0.018,-0.045
2980,304Nvl_L3_NS,NONE,0.015,0.0
2980,304Nvl_L1_EW,304NVL_EW,0.008,0.008
2980,32Nvl_L1_NS,32NVL_NS,0.09,0.077
2980,32Nvl_L1_EW,32NVL_EW,0.007,-0.003
2980,32Nvl_L2_EW,32NVL_EW,0.008,0.0
2980,32Nvl_L1_EW,32NVL_EW,0.007,-0.003
2980,32Nvl_L2_EW,32NVL_EW,0.007,0.0
2980,32Nvl_L3_NS,NONE,0.008,0.0
2980,32Nvl_L2_NS,32NVL_NS,0.008,-0.003
2980,NvcNvl_L3_NS,NONE,0.007,0.0
2980,NvcNvl_L2_NS,NONE,0.007,0.0
2980,NvcNvl_L1_EW,NONE,0.011,0.0
2980,32Mt_L1_EW,32MT_EW,0.014,0.009
2980,304Nvl_L2_NS,304NVL_NS,0.015,0.01
2980,32Nvl_L2_NS,32NVL_NS,0.007,-0.004
2980,32Nvl_L3_EW,NONE,0.006,0.0
2980,32Nvl_L3_EW,NONE,0.006,0.0
2980,32Nvl_L1_NS,32NVL_NS,0.04,0.028
2980,NvcNvl_L1_NS,NONE,0.009,0.0
2980,32Mt_L2_EW,32MT_EW,0.011,0.005
2980,NvcCmt8_L1_EW,NVCCMT8_EW,0.008,0.008
2985,304Nvl_L1_NS,304NVL_NS,0.018,-0.04
2985,304Nvl_L3_NS,NONE,0.015,0.0
2985,32Nvl_L1_NS,32NVL_NS,0.083,0.07
2985,32Nvl_L1_EW,32NVL_EW,0.007,-0.003
2985,32Nvl_L2_EW,32NVL_EW,0.008,-0.002
2985,32Nvl_L1_EW,32NVL_EW,0.007,-0.004
2985,32Nvl_L2_EW,32NVL_EW,0.007,-0.002
2985,NvcNvl_L1_EW,NONE,0.021,0.0
2985,NvcNvl_L2_EW,NONE,0.015,0.0
2985,NvcNvl_L1_EW,NVCNVL_EW,0.007,0.007
2985,32Mt_L1_NS,32MT_NS,0.006,0.006
2985,32Mt_L1_EW,NONE,0.036,0.0
2985,32Mt_L1_EW,32MT_EW,0.007,0.002
2985,32Thn_L1_EW,NONE,0.01,0.0
2985,32Thn_L2_EW,NONE,0.01,0.0
2985,32Thn_L1_EW,32THN_EW,0.008,0.003
2985,32Thn_L2_EW,32THN_EW,0.008,0.003
2985,32Thn_L3_EW,NONE,0.007,0.0
2985,32Thn_L3_EW,NONE,0.008,0.0
2985,304Nvl_L2_NS,304NVL_NS,0.015,0.015
2985,32Nvl_L3_EW,NONE,0.006,0.0
2985,32Nvl_L3_EW,NONE,0.006,0.0
2985,32Nvl_L1_NS,32NVL_NS,0.007,-0.006
2985,NvcNvl_L3_EW,NONE,0.006,0.0
2985,32Mt_L2_EW,NONE,0.038,0.0
2985,32Mt_L2_EW,32MT_EW,0.005,0.0
2990,304Thn_L1_EW,304THN_EW,0.008,0.008
2990,304Nvl_L1_NS,304NVL_NS,0.018,0.018
2990,304Nvl_L3_NS,NONE,0.015,0.0
2990,32Nvl_L1_EW,32NVL_EW,0.007,0.001
2990,32Nvl_L2_EW,32NVL_EW,0.008,0.008
2990,32Nvl_L1_EW,32NVL_EW,0.007,0.001
2990,32Nvl_L2_EW,32NVL_EW,0.007,0.007
2990,32Nvl_L3_NS,NONE,0.008,0.0
2990,32Nvl_L2_NS,32NVL_NS,0.008,-0.003
2990,NvcNvl_L1_EW,NVCNVL_EW,0.007,0.007
2990,NvcNvl_L2_EW,NVCNVL_EW,0.008,0.008
2990,32Mt_L1_NS,32MT_NS,0.019,0.019
2990,32Mt_L1_EW,NONE,0.043,0.0
2990,32Mt_L3_EW,NONE,0.044,0.0
2990,32Thn_L1_EW,NONE,0.01,0.0
2990,32Thn_L1_EW,32THN_EW,0.008,0.003
2990,304Nvl_L2_NS,304NVL_NS,0.015,0.01
2990,32Nvl_L3_EW,NONE,0.006,0.0
2990,32Nvl_L3_EW,NONE,0.006,0.0
2990,32Nvl_L1_NS,32NVL_NS,0.013,0.001
2990,NvcNvl_L3_EW,NONE,0.009,0.0
2990,32Mt_L2_EW,NONE,0.038,0.0
2995,304Nvl_L1_NS,304NVL_NS,0.018,0.018
2995,304Nvl_L3_NS,NONE,0.015,0.0
2995,32Nvl_L1_EW,32NVL_EW,0.014,0.014
2995,32Nvl_L2_EW,32NVL_EW,0.015,0.015
2995,32Nvl_L1_EW,32NVL_EW,0.007,0.007
2995,32Nvl_L2_EW,32NVL_EW,0.007,0.007
2995,32Mt_L1_NS,32MT_NS,0.013,0.013
2995,304Nvl_L2_NS,304NVL_NS,0.015,0.015
2995,32Nvl_L3_EW,NONE,0.006,0.0
2995,32Nvl_L3_EW,NONE,0.013,0.0
3000,304Nvl_L1_NS,304NVL_NS,0.018,0.013
3000,304Nvl_L3_NS,NONE,0.015,0.0
3000,304Nvl_L1_EW,304NVL_EW,0.008,0.008
3000,304Nvl_L2_EW,304NVL_EW,0.007,0.007
3000,32Nvl_L3_NS,NONE,0.007,0.0
3000,32Nvl_L1_NS,32NVL_NS,0.007,-0.006
3000,32Nvl_L1_EW,32NVL_EW,0.007,-0.017
3000,32Nvl_L2_EW,32NVL_EW,0.008,-0.011
3000,32Nvl_L1_EW,32NVL_EW,0.007,-0.018
3000,32Nvl_L2_EW,32NVL_EW,0.007,-0.012
3000,32Nvl_L3_NS,NONE,0.008,0.0
3000,32Nvl_L2_NS,32NVL_NS,0.008,-0.003
3000,32Mt_L1_EW,NONE,0.007,0.0
3000,32Mt_L3_EW,NONE,0.009,0.0
3000,32Mt_L1_EW,32MT_EW,0.035,0.03
3000,NvcMt_L2_NS,NONE,0.005,0.0
3000,304Nvl_L2_NS,304NVL_NS,0.015,0.01
3000,304Nvl_L3_EW,NONE,0.006,0.0
3000,32Nvl_L2_NS,32NVL_NS,0.007,-0.004
3000,32Nvl_L3_EW,NONE,0.006,0.0
3000,32Nvl_L3_EW,NONE,0.006,0.0
3000,32Nvl_L1_NS,32NVL_NS,0.007,-0.006
3000,32Mt_L2_EW,NONE,0.008,0.0
3000,32Mt_L2_EW,32MT_EW,0.027,0.022
3000,NvcMt_L1_NS,NONE,0.005,0.0
3000,NvcCmt8_L1_EW,NVCCMT8_EW,0.008,0.008
3005,304Nvl_L1_NS,304NVL_NS,0.018,0.013
3005,304Nvl_L3_NS,NONE,0.015,0.0
3005,32Nvl_L1_NS,32NVL_NS,0.007,-0.006
3005,32Nvl_L1_EW,32NVL_EW,0.007,0.007
3005,32Nvl_L2_EW,32NVL_EW,0.008,0.008
3005,32Nvl_L1_EW,32NVL_EW,0.007,0.007
3005,32Nvl_L2_EW,32NVL_EW,0.007,0.007
3005,32Nvl_L3_NS,NONE,0.008,0.0
3005,32Nvl_L2_NS,32NVL_NS,0.008,-0.003
3005,NvcNvl_L1_EW,NVCNVL_EW,0.007,0.007
3005,NvcNvl_L2_EW,NVCNVL_EW,0.008,0.008
3005,32Mt_L1_NS,NONE,0.01,0.0
3005,NvcCmt8_L2_EW,NVCCMT8_EW,0.011,0.011
3005,304Nvl_L2_NS,304NVL_NS,0.015,0.01
3005,32Nvl_L3_EW,NONE,0.006,0.0
3005,32Nvl_L3_EW,NONE,0.006,0.0
3005,32Nvl_L1_NS,32NVL_NS,0.007,-0.006
3005,NvcNvl_L3_EW,NONE,0.009,0.0
3005,32Mt_L2_NS,NONE,0.009,0.0
3005,NvcCmt8_L1_EW,NVCCMT8_EW,0.015,0.015
3010,304Nvl_L1_NS,304NVL_NS,0.018,0.018
3010,304Nvl_L3_NS,NONE,0.015,0.0
3010,304Nvl_L1_NS,NONE,0.007,0.0
3010,32Nvl_L1_EW,32NVL_EW,0.007,0.002
3010,32Nvl_L2_EW,32NVL_EW,0.008,0.004
3010,32Nvl_L1_EW,32NVL_EW,0.007,0.002
3010,32Nvl_L2_EW,32NVL_EW,0.007,0.004
3010,32Nvl_L3_NS,NONE,0.008,0.0
3010,32Nvl_L2_NS,32NVL_NS,0.016,0.005
3010,NvcNvl_L1_EW,NVCNVL_EW,0.007,0.003
3010,NvcNvl_L2_EW,NVCNVL_EW,0.008,0.008
3010,32Mt_L1_EW,32MT_EW,0.007,0.002
3010,32Mt_L1_NS,NONE,0.01,0.0
3010,NvcMt_L1_EW,NVCMT_EW,0.006,0.001
3010,304Nvl_L2_NS,304NVL_NS,0.015,0.004
3010,32Nvl_L3_EW,NONE,0.006,0.0
3010,32Nvl_L3_EW,NONE,0.006,0.0
3010,32Nvl_L1_NS,32NVL_NS,0.02,0.007
3010,NvcNvl_L3_EW,NONE,0.009,0.0
3010,32Mt_L2_EW,32MT_EW,0.005,0.0
3010,32Mt_L2_NS,NONE,0.009,0.0
3010,NvcMt_L2_EW,NVCMT_EW,0.008,0.002
3010,NvcCmt8_L1_EW,NONE,0.011,0.0
3015,304Nvl_L1_NS,304NVL_NS,0.018,0.018
3015,304Nvl_L3_NS,NONE,0.015,0.0
3015,304Nvl_L1_EW,304NVL_EW,0.042,0.042
3015,304Nvl_L2_EW,304NVL_EW,0.036,0.036
3015,32Nvl_L1_EW,32NVL_EW,0.007,-0.026
3015,32Nvl_L2_EW,32NVL_EW,0.008,-0.025
3015,32Nvl_L3_NS,NONE,0.008,0.0
3015,32Nvl_L2_NS,32NVL_NS,0.008,-0.003
3015,NvcNvl_L3_NS,NONE,0.007,0.0
3015,NvcNvl_L2_NS,NONE,0.007,0.0
3015,32Mt_L1_NS,32MT_NS,0.006,0.006
3015,32Mt_L1_EW,32MT_EW,0.007,0.002
3015,NvcMt_L1_EW,NVCMT_EW,0.006,0.006
3015,32Thn_L1_EW,32THN_EW,0.04,0.035
3015,32Thn_L2_EW,32THN_EW,0.042,0.036
3015,32Thn_L3_EW,NONE,0.041,0.0
3015,304Nvl_L2_NS,304NVL_NS,0.015,0.01
3015,304Nvl_L3_EW,NONE,0.032,0.0
3015,32Nvl_L3_EW,NONE,0.006,0.0
3015,32Nvl_L1_NS,32NVL_NS,0.007,-0.006
3015,NvcNvl_L1_NS,NONE,0.009,0.0
3015,32Mt_L2_EW,32MT_EW,0.005,0.0
3015,NvcMt_L2_EW,NVCMT_EW,0.008,0.008
3020,304Nvl_L1_NS,304NVL_NS,0.018,0.013
3020,304Nvl_L3_NS,NONE,0.015,0.0
3020,304Nvl_L1_EW,304NVL_EW,0.068,0.068
3020,304Nvl_L2_EW,304NVL_EW,0.058,0.058
3020,32Nvl_L1_NS,32NVL_NS,0.007,-0.006
3020,32Nvl_L1_EW,32NVL_EW,0.014,0.014
3020,32Nvl_L2_EW,32NVL_EW,0.015,0.015
3020,32Nvl_L3_NS,NONE,0.008,0.0
3020,32Nvl_L2_NS,32NVL_NS,0.008,-0.003
3020,NvcNvl_L3_NS,NONE,0.034,0.0
3020,NvcNvl_L2_NS,NONE,0.033,0.0
3020,NvcNvl_L1_EW,NVCNVL_EW,0.035,0.035
3020,NvcNvl_L2_EW,NVCNVL_EW,0.039,0.039
3020,32Thn_L1_EW,NONE,0.049,0.0
3020,304Nvl_L2_NS,304NVL_NS,0.015,0.01
3020,304Nvl_L3_EW,NONE,0.019,0.0
3020,32Nvl_L3_EW,NONE,0.013,0.0
3020,32Nvl_L1_NS,32NVL_NS,0.013,0.001
3020,NvcNvl_L1_NS,NONE,0.044,0.0
3020,NvcNvl_L3_EW,NONE,0.047,0.0
3025,304Nvl_L1_NS,304NVL_NS,0.018,0.013
3025,304Nvl_L3_NS,NONE,0.015,0.0
3025,304Nvl_L1_EW,304NVL_EW,0.017,0.017
3025,304Nvl_L2_EW,304NVL_EW,0.015,0.015
3025,304Nvl_L1_NS,NONE,0.124,0.0
3025,32Nvl_L1_NS,32NVL_NS,0.007,-0.006
3025,32Nvl_L1_EW,32NVL_EW,0.007,0.007
3025,32Nvl_L3_NS,NONE,0.017,0.0
3025,32Nvl_L2_NS,32NVL_NS,0.016,0.005
3025,304Nvl_L2_NS,304NVL_NS,0.015,0.004
3025,304Nvl_L3_EW,NONE,0.013,0.0
3025,32Nvl_L1_NS,32NVL_NS,0.02,0.007
3030,304Nvl_L1_EW,304NVL_EW,0.017,0.017
3030,304Nvl_L2_EW,304NVL_EW,0.015,0.015
3030,304Nvl_L1_NS,NONE,0.102,0.0
3030,304Nvl_L3_NS,NONE,0.096,0.0
3030,32Nvl_L3_NS,NONE,0.025,0.0
3030,32Nvl_L2_NS,32NVL_NS,0.024,0.024
3030,NvcNvl_L3_NS,NONE,0.007,0.0
3030,NvcNvl_L2_NS,NONE,0.007,0.0
3030,NvcNvl_L1_EW,NVCNVL_EW,0.035,0.035
3030,NvcNvl_L1_NS,NVCNVL_NS,0.033,0.033
3030,32Mt_L1_EW,NONE,0.007,0.0
3030,32Mt_L3_EW,NONE,0.009,0.0
3030,304Nvl_L3_EW,NONE,0.013,0.0
3030,304Nvl_L2_NS,NONE,0.089,0.0
3030,32Nvl_L1_NS,32NVL_NS,0.04,0.017
3030,NvcNvl_L1_NS,NONE,0.009,0.0
3030,32Mt_L2_EW,NONE,0.008,0.0
3035,304Nvl_L1_NS,304NVL_NS,0.009,0.004
3035,304Nvl_L3_NS,NONE,0.007,0.0
3035,304Nvl_L1_EW,304NVL_EW,0.025,0.025
3035,304Nvl_L2_EW,304NVL_EW,0.015,0.015
3035,304Nvl_L1_NS,NONE,0.088,0.0
3035,32Nvl_L3_NS,NONE,0.007,0.0
3035,32Nvl_L1_NS,32NVL_NS,0.007,0.001
3035,32Nvl_L3_NS,NONE,0.017,0.0
3035,32Nvl_L2_NS,32NVL_NS,0.016,0.01
3035,NvcNvl_L1_EW,NVCNVL_EW,0.042,0.042
3035,NvcNvl_L2_EW,NVCNVL_EW,0.008,0.008
3035,32Mt_L1_EW,32MT_EW,0.007,0.007
3035,304Nvl_L2_NS,304NVL_NS,0.008,-0.003
3035,304Nvl_L3_EW,NONE,0.013,0.0
3035,304Nvl_L2_NS,NONE,0.089,0.0
3035,32Nvl_L2_NS,32NVL_NS,0.007,0.001
3035,32Nvl_L1_NS,32NVL_NS,0.02,0.014
3035,32Mt_L2_EW,32MT_EW,0.005,0.005
3040,304Nvl_L1_EW,304NVL_EW,0.042,0.042
3040,304Nvl_L2_EW,304NVL_EW,0.022,0.022
3040,304Nvl_L1_NS,NONE,0.007,0.0
3040,32Nvl_L1_NS,32NVL_NS,0.014,0.014
3040,32Nvl_L1_EW,32NVL_EW,0.007,-0.003
3040,32Nvl_L2_EW,32NVL_EW,0.007,0.004
3040,32Nvl_L3_NS,NONE,0.017,0.0
3040,32Nvl_L2_NS,32NVL_NS,0.016,0.016
3040,NvcNvl_L1_EW,NONE,0.021,0.0
3040,NvcNvl_L2_EW,NONE,0.015,0.0
3040,NvcNvl_L1_EW,NVCNVL_EW,0.049,0.049
3040,NvcNvl_L2_EW,NVCNVL_EW,0.016,0.016
3040,32Mt_L1_EW,NONE,0.007,0.0
3040,32Mt_L3_EW,NONE,0.009,0.0
3040,32Mt_L1_EW,32MT_EW,0.014,0.014
3040,304Nvl_L3_EW,NONE,0.019,0.0
3040,32Nvl_L3_EW,NONE,0.006,0.0
3040,32Nvl_L1_NS,32NVL_NS,0.013,0.013
3040,NvcNvl_L3_EW,NONE,0.006,0.0
3040,NvcNvl_L3_EW,NONE,0.019,0.0
3040,32Mt_L2_EW,NONE,0.008,0.0
3040,32Mt_L2_EW,32MT_EW,0.005,0.005
3045,304Nvl_L1_EW,304NVL_EW,0.034,0.034
3045,304Nvl_L2_EW,304NVL_EW,0.029,0.029
3045,32Nvl_L1_NS,32NVL_NS,0.007,0.007
3045,32Nvl_L1_EW,32NVL_EW,0.007,-0.003
3045,32Nvl_L2_EW,32NVL_EW,0.007,0.0
3045,32Nvl_L3_NS,NONE,0.042,0.0
3045,32Nvl_L2_NS,32NVL_NS,0.039,0.039
3045,NvcNvl_L1_EW,NONE,0.011,0.0
3045,NvcNvl_L2_EW,NONE,0.008,0.0
3045,NvcNvl_L1_EW,NVCNVL_EW,0.014,0.014
3045,NvcNvl_L2_EW,NVCNVL_EW,0.016,0.016
3045,32Mt_L1_NS,32MT_NS,0.006,0.006
3045,32Mt_L1_EW,32MT_EW,0.014,0.014
3045,304Nvl_L3_EW,NONE,0.019,0.0
3045,32Nvl_L3_EW,NONE,0.006,0.0
3045,32Nvl_L1_NS,32NVL_NS,0.034,0.034
3045,NvcNvl_L3_EW,NONE,0.019,0.0
3045,32Mt_L2_NS,32MT_NS,0.006,0.006
3045,32Mt_L2_EW,32MT_EW,0.011,0.011
3050,304Nvl_L1_NS,304NVL_NS,0.045,0.045
3050,304Nvl_L3_NS,NONE,0.037,0.0
3050,304Nvl_L1_EW,304NVL_EW,0.119,0.119
3050,304Nvl_L2_EW,304NVL_EW,0.015,0.015
3050,32Nvl_L1_EW,32NVL_EW,0.092,0.077
3050,32Nvl_L2_EW,32NVL_EW,0.1,0.097
3050,32Nvl_L1_EW,32NVL_EW,0.007,-0.008
3050,32Nvl_L2_EW,32NVL_EW,0.007,0.004
3050,32Nvl_L3_NS,NONE,0.017,0.0
3050,32Nvl_L2_NS,32NVL_NS,0.016,-0.011
3050,NvcNvl_L3_NS,NONE,0.014,0.0
3050,NvcNvl_L2_NS,NONE,0.013,0.0
3050,NvcNvl_L1_EW,NVCNVL_EW,0.021,-0.001
3050,NvcNvl_L2_EW,NVCNVL_EW,0.016,0.016
3050,32Mt_L1_EW,32MT_EW,0.021,-0.043
3050,NvcMt_L1_EW,NVCMT_EW,0.032,0.017
3050,304Nvl_L2_NS,304NVL_NS,0.038,0.027
3050,304Nvl_L3_EW,NONE,0.013,0.0
3050,32Nvl_L3_EW,NONE,0.006,0.0
3050,32Nvl_L3_EW,NONE,0.081,0.0
3050,32Nvl_L1_NS,32NVL_NS,0.02,-0.012
3050,NvcNvl_L1_NS,NONE,0.017,0.0
3050,NvcNvl_L3_EW,NONE,0.019,0.0
3050,32Mt_L2_EW,32MT_EW,0.005,-0.065
3050,NvcMt_L2_EW,NVCMT_EW,0.04,0.029
3055,304Nvl_L1_NS,304NVL_NS,0.045,0.016
3055,304Nvl_L3_NS,NONE,0.037,0.0
3055,304Nvl_L1_EW,304NVL_EW,0.017,0.017
3055,304Nvl_L2_EW,304NVL_EW,0.015,0.015
3055,304Nvl_L1_NS,NONE,0.007,0.0
3055,304Nvl_L3_NS,NONE,0.008,0.0
3055,32Nvl_L3_NS,NONE,0.007,0.0
3055,32Nvl_L1_NS,32NVL_NS,0.042,0.01
3055,32Nvl_L1_EW,32NVL_EW,0.099,0.089
3055,32Nvl_L2_EW,32NVL_EW,0.108,0.101
3055,32Nvl_L1_EW,32NVL_EW,0.007,-0.003
3055,32Nvl_L2_EW,32NVL_EW,0.007,0.0
3055,NvcNvl_L1_EW,NVCNVL_EW,0.021,-0.001
3055,NvcNvl_L2_EW,NVCNVL_EW,0.016,0.016
3055,32Mt_L1_EW,32MT_EW,0.014,-0.055
3055,NvcMt_L1_EW,NVCMT_EW,0.032,0.017
3055,304Nvl_L2_NS,304NVL_NS,0.038,0.038
3055,304Nvl_L3_EW,NONE,0.013,0.0
3055,304Nvl_L2_NS,NONE,0.007,0.0
3055,32Nvl_L2_NS,32NVL_NS,0.04,0.013
3055,32Nvl_L3_EW,NONE,0.006,0.0
3055,32Nvl_L3_EW,NONE,0.088,0.0
3055,NvcNvl_L3_EW,NONE,0.019,0.0
3055,32Mt_L2_EW,32MT_EW,0.011,-0.065
3055,NvcMt_L2_EW,NVCMT_EW,0.04,0.029
3060,304Nvl_L1_NS,304NVL_NS,0.045,0.04
3060,304Nvl_L3_NS,NONE,0.037,0.0
3060,304Nvl_L1_EW,NONE,0.008,0.0
3060,304Nvl_L1_NS,NONE,0.007,0.0
3060,32Nvl_L1_NS,32NVL_NS,0.007,-0.025
3060,32Nvl_L1_EW,32NVL_EW,0.099,0.099
3060,32Nvl_L2_EW,32NVL_EW,0.108,0.108
3060,32Nvl_L1_EW,32NVL_EW,0.007,0.007
3060,32Nvl_L2_EW,32NVL_EW,0.007,0.007
3060,NvcNvl_L3_NS,NONE,0.007,0.0
3060,NvcNvl_L2_NS,NONE,0.007,0.0
3060,NvcNvl_L1_EW,NVCNVL_EW,0.021,-0.001
3060,NvcNvl_L2_EW,NVCNVL_EW,0.016,0.016
3060,32Mt_L1_EW,NONE,0.007,0.0
3060,32Mt_L1_NS,NONE,0.049,0.0
3060,NvcMt_L1_EW,NVCMT_EW,0.032,0.017
3060,304Nvl_L2_NS,304NVL_NS,0.038,0.038
3060,32Nvl_L2_NS,32NVL_NS,0.007,-0.02
3060,32Nvl_L3_EW,NONE,0.006,0.0
3060,32Nvl_L3_EW,NONE,0.088,0.0
3060,32Nvl_L1_NS,32NVL_NS,0.007,-0.025
3060,NvcNvl_L1_NS,NONE,0.009,0.0
3060,NvcNvl_L3_EW,NONE,0.019,0.0
3060,32Mt_L2_NS,NONE,0.043,0.0
3060,NvcMt_L2_EW,NVCMT_EW,0.04,0.029
3065,304Nvl_L1_NS,304NVL_NS,0.045,0.04
3065,304Nvl_L3_NS,NONE,0.037,0.0
3065,304Nvl_L1_EW,304NVL_EW,0.068,0.068
3065,304Nvl_L2_EW,304NVL_EW,0.036,0.036
3065,304Nvl_L1_EW,NONE,0.008,0.0
3065,304Nvl_L1_NS,NONE,0.015,0.0
3065,304Nvl_L3_NS,NONE,0.008,0.0
3065,32Nvl_L3_NS,NONE,0.007,0.0
3065,32Nvl_L1_NS,32NVL_NS,0.007,-0.025
3065,32Nvl_L1_EW,32NVL_EW,0.092,0.092
3065,32Nvl_L2_EW,32NVL_EW,0.1,0.1
3065,32Nvl_L1_EW,32NVL_EW,0.007,0.007
3065,32Nvl_L2_EW,32NVL_EW,0.007,0.007
3065,NvcNvl_L1_EW,NVCNVL_EW,0.014,-0.008
3065,NvcNvl_L2_EW,NVCNVL_EW,0.016,0.016
3065,32Mt_L1_NS,32MT_NS,0.031,0.031
3065,NvcMt_L1_EW,NVCMT_EW,0.032,0.017
3065,NvcCmt8_L2_EW,NVCCMT8_EW,0.005,0.005
3065,304Nvl_L2_NS,304NVL_NS,0.038,0.038
3065,304Nvl_L3_EW,NONE,0.032,0.0
3065,304Nvl_L2_NS,NONE,0.007,0.0
3065,32Nvl_L2_NS,32NVL_NS,0.007,-0.02
3065,32Nvl_L3_EW,NONE,0.006,0.0
3065,32Nvl_L3_EW,NONE,0.081,0.0
3065,32Nvl_L1_NS,32NVL_NS,0.007,-0.025
3065,NvcNvl_L3_EW,NONE,0.019,0.0
3065,NvcMt_L2_EW,NVCMT_EW,0.04,0.025
3065,NvcCmt8_L1_EW,NVCCMT8_EW,0.008,-0.015
3070,304Nvl_L1_NS,304NVL_NS,0.045,0.04
3070,304Nvl_L3_NS,NONE,0.037,0.0
3070,304Nvl_L1_EW,304NVL_EW,0.085,0.085
3070,304Nvl_L2_EW,304NVL_EW,0.058,0.058
3070,304Nvl_L1_NS,NONE,0.007,0.0
3070,304Nvl_L3_NS,NONE,0.008,0.0
3070,32Nvl_L1_NS,32NVL_NS,0.007,-0.025
3070,32Nvl_L1_EW,32NVL_EW,0.092,0.092
3070,32Nvl_L2_EW,32NVL_EW,0.1,0.1
3070,32Nvl_L1_EW,32NVL_EW,0.013,0.013
3070,32Nvl_L2_EW,32NVL_EW,0.007,0.007
3070,NvcNvl_L1_EW,NVCNVL_EW,0.014,0.014
3070,NvcNvl_L2_EW,NVCNVL_EW,0.016,0.016
3070,32Mt_L1_NS,32MT_NS,0.031,0.031
3070,32Mt_L1_EW,NONE,0.007,0.0
3070,NvcCmt8_L2_EW,NVCCMT8_EW,0.005,0.005
3070,304Nvl_L2_NS,304NVL_NS,0.038,0.038
3070,304Nvl_L3_EW,NONE,0.019,0.0
3070,304Nvl_L2_NS,NONE,0.007,0.0
3070,32Nvl_L2_NS,32NVL_NS,0.007,-0.02
3070,32Nvl_L3_EW,NONE,0.006,0.0
3070,32Nvl_L3_EW,NONE,0.081,0.0
3070,32Nvl_L1_NS,32NVL_NS,0.007,-0.025
3070,NvcNvl_L3_EW,NONE,0.019,0.0
3070,NvcCmt8_L1_EW,NVCCMT8_EW,0.008,0.008
3075,304Nvl_L1_NS,304NVL_NS,0.045,0.045
3075,304Nvl_L3_NS,NONE,0.037,0.0
3075,304Nvl_L1_EW,304NVL_EW,0.025,0.025
3075,304Nvl_L2_EW,304NVL_EW,0.015,0.015
3075,32Nvl_L1_EW,32NVL_EW,0.092,0.092
3075,32Nvl_L2_EW,32NVL_EW,0.1,0.1
3075,32Nvl_L1_EW,32NVL_EW,0.04,0.04
3075,32Nvl_L2_EW,32NVL_EW,0.045,0.045
3075,NvcNvl_L1_EW,NVCNVL_EW,0.014,0.014
3075,NvcNvl_L2_EW,NVCNVL_EW,0.016,0.016
3075,32Mt_L1_NS,32MT_NS,0.031,0.031
3075,NvcCmt8_L2_EW,NVCCMT8_EW,0.005,0.005
3075,32Thn_L1_EW,NONE,0.01,0.0
3075,32Thn_L2_EW,NONE,0.01,0.0
3075,32Thn_L3_EW,NONE,0.007,0.0
3075,304Nvl_L2_NS,304NVL_NS,0.038,0.038
3075,304Nvl_L3_EW,NONE,0.013,0.0
3075,32Nvl_L3_EW,NONE,0.037,0.0
3075,32Nvl_L3_EW,NONE,0.081,0.0
3075,NvcNvl_L3_EW,NONE,0.019,0.0
3075,NvcCmt8_L1_EW,NVCCMT8_EW,0.008,0.008
3080,304Nvl_L1_NS,304NVL_NS,0.045,0.045
3080,304Nvl_L3_NS,NONE,0.037,0.0
3080,304Nvl_L1_EW,304NVL_EW,0.008,0.008
3080,304Nvl_L1_NS,NONE,0.044,0.0
3080,32Nvl_L1_EW,32NVL_EW,0.092,0.082
3080,32Nvl_L2_EW,32NVL_EW,0.1,0.097
3080,32Nvl_L1_EW,32NVL_EW,0.04,0.03
3080,32Nvl_L2_EW,32NVL_EW,0.045,0.041
3080,NvcNvl_L1_EW,NVCNVL_EW,0.014,0.014
3080,NvcNvl_L2_EW,NVCNVL_EW,0.016,0.016
3080,32Mt_L1_EW,32MT_EW,0.007,-0.057
3080,32Mt_L1_NS,NONE,0.01,0.0
3080,32Thn_L1_EW,32THN_EW,0.008,-0.056
3080,304Nvl_L2_NS,304NVL_NS,0.038,0.038
3080,32Nvl_L3_EW,NONE,0.037,0.0
3080,32Nvl_L3_EW,NONE,0.081,0.0
3080,NvcNvl_L3_EW,NONE,0.019,0.0
3080,32Mt_L2_EW,32MT_EW,0.005,-0.065
3080,32Mt_L2_NS,NONE,0.009,0.0
3085,304Nvl_L1_NS,304NVL_NS,0.045,0.045
3085,304Nvl_L3_NS,NONE,0.037,0.0
3085,304Nvl_L1_EW,304NVL_EW,0.008,0.008
3085,304Nvl_L1_NS,NONE,0.007,0.0
3085,32Nvl_L1_EW,32NVL_EW,0.127,0.122
3085,32Nvl_L2_EW,32NVL_EW,0.139,0.139
3085,32Nvl_L1_EW,32NVL_EW,0.04,0.035
3085,32Nvl_L2_EW,32NVL_EW,0.045,0.045
3085,32Nvl_L3_NS,NONE,0.008,0.0
3085,32Nvl_L2_NS,32NVL_NS,0.008,-0.019
3085,32Mt_L1_NS,32MT_NS,0.006,0.006
3085,32Mt_L1_NS,NONE,0.01,0.0
3085,32Thn_L1_EW,32THN_EW,0.008,-0.081
3085,304Nvl_L2_NS,304NVL_NS,0.038,0.032
3085,32Nvl_L3_EW,NONE,0.037,0.0
3085,32Nvl_L3_EW,NONE,0.113,0.0
3085,32Nvl_L1_NS,32NVL_NS,0.007,-0.025
3085,32Mt_L2_NS,NONE,0.009,0.0
3085,NvcCmt8_L1_EW,NONE,0.006,0.0
3090,304Nvl_L1_NS,304NVL_NS,0.045,0.036
3090,304Nvl_L3_NS,NONE,0.037,0.0
3090,304Nvl_L1_EW,304NVL_EW,0.017,0.017
3090,304Nvl_L2_EW,304NVL_EW,0.007,0.007
3090,32Nvl_L3_NS,NONE,0.014,0.0
3090,32Nvl_L1_NS,32NVL_NS,0.014,-0.018
3090,32Nvl_L1_EW,32NVL_EW,0.092,0.086
3090,32Nvl_L2_EW,32NVL_EW,0.1,0.1
3090,32Nvl_L1_EW,32NVL_EW,0.04,0.035
3090,32Nvl_L2_EW,32NVL_EW,0.045,0.045
3090,32Nvl_L3_NS,NONE,0.008,0.0
3090,32Nvl_L2_NS,32NVL_NS,0.008,-0.019
3090,NvcNvl_L3_NS,NONE,0.014,0.0
3090,NvcNvl_L2_NS,NONE,0.013,0.0
3090,NvcNvl_L1_EW,NONE,0.011,0.0
3090,NvcNvl_L2_EW,NONE,0.008,0.0
3090,NvcNvl_L1_EW,NVCNVL_EW,0.007,0.007
3090,NvcNvl_L2_EW,NVCNVL_EW,0.008,0.008
3090,32Mt_L1_NS,32MT_NS,0.006,0.006
3090,32Mt_L1_EW,NONE,0.007,0.0
3090,32Mt_L1_NS,NONE,0.01,0.0
3090,32Thn_L1_EW,32THN_EW,0.008,-0.056
3090,304Nvl_L2_NS,304NVL_NS,0.038,0.032
3090,304Nvl_L3_EW,NONE,0.006,0.0
3090,32Nvl_L2_NS,32NVL_NS,0.013,-0.013
3090,32Nvl_L3_EW,NONE,0.037,0.0
3090,32Nvl_L3_EW,NONE,0.081,0.0
3090,32Nvl_L1_NS,32NVL_NS,0.007,-0.025
3090,NvcNvl_L1_NS,NONE,0.017,0.0
3090,NvcNvl_L3_EW,NONE,0.009,0.0
3090,32Mt_L2_EW,NONE,0.038,0.0
3090,32Mt_L2_NS,NONE,0.009,0.0
3095,304Nvl_L1_NS,304NVL_NS,0.045,0.036
3095,304Nvl_L3_NS,NONE,0.037,0.0
3095,304Nvl_L1_EW,304NVL_EW,0.008,0.008
3095,304Nvl_L2_EW,304NVL_EW,0.007,0.007
3095,32Nvl_L3_NS,NONE,0.007,0.0
3095,32Nvl_L1_NS,32NVL_NS,0.014,-0.018
3095,32Nvl_L1_EW,32NVL_EW,0.092,0.087
3095,32Nvl_L2_EW,32NVL_EW,0.1,0.097
3095,32Nvl_L1_EW,32NVL_EW,0.074,0.069
3095,32Nvl_L2_EW,32NVL_EW,0.045,0.041
3095,32Nvl_L3_NS,NONE,0.008,0.0
3095,32Nvl_L2_NS,32NVL_NS,0.008,-0.019
3095,NvcNvl_L3_NS,NONE,0.02,0.0
3095,NvcNvl_L2_NS,NONE,0.02,0.0
3095,NvcNvl_L1_EW,NONE,0.011,0.0
3095,NvcNvl_L2_EW,NONE,0.008,0.0
3095,32Mt_L1_NS,32MT_NS,0.006,0.006
3095,32Mt_L1_EW,NONE,0.05,0.0
3095,32Mt_L3_EW,NONE,0.062,0.0
3095,32Mt_L1_EW,32MT_EW,0.007,-0.057
3095,32Mt_L1_NS,NONE,0.01,0.0
3095,304Nvl_L2_NS,304NVL_NS,0.038,0.032
3095,304Nvl_L3_EW,NONE,0.006,0.0
3095,32Nvl_L2_NS,32NVL_NS,0.007,-0.02
3095,32Nvl_L3_EW,NONE,0.037,0.0
3095,32Nvl_L3_EW,NONE,0.081,0.0
3095,32Nvl_L1_NS,32NVL_NS,0.007,-0.025
3095,NvcNvl_L1_NS,NONE,0.026,0.0
3095,32Mt_L2_EW,NONE,0.053,0.0
3095,32Mt_L2_EW,32MT_EW,0.005,-0.065
3100,304Nvl_L1_NS,304NVL_NS,0.045,0.04
3100,304Nvl_L3_NS,NONE,0.037,0.0
3100,304Nvl_L1_NS,NONE,0.007,0.0
3100,32Nvl_L1_NS,32NVL_NS,0.007,-0.025
3100,32Nvl_L1_EW,32NVL_EW,0.092,0.092
3100,32Nvl_L2_EW,32NVL_EW,0.1,0.1
3100,32Nvl_L1_EW,32NVL_EW,0.074,0.074
3100,32Nvl_L2_EW,32NVL_EW,0.045,0.045
3100,32Nvl_L3_NS,NONE,0.008,0.0
3100,32Nvl_L2_NS,32NVL_NS,0.008,-0.019
3100,NvcNvl_L1_EW,NVCNVL_EW,0.014,0.014
3100,NvcNvl_L2_EW,NVCNVL_EW,0.008,0.008
3100,32Mt_L1_EW,NONE,0.036,0.0
3100,32Mt_L3_EW,NONE,0.035,0.0
3100,304Nvl_L2_NS,304NVL_NS,0.038,0.032
3100,32Nvl_L3_EW,NONE,0.037,0.0
3100,32Nvl_L3_EW,NONE,0.081,0.0
3100,32Nvl_L1_NS,32NVL_NS,0.013,-0.018
3100,NvcNvl_L3_EW,NONE,0.009,0.0
3100,32Mt_L2_EW,NONE,0.03,0.0
3105,304Nvl_L1_NS,304NVL_NS,0.091,0.086
3105,304Nvl_L3_NS,NONE,0.074,0.0
3105,304Nvl_L1_EW,304NVL_EW,0.008,0.008
3105,304Nvl_L2_EW,304NVL_EW,0.007,0.007
3105,304Nvl_L1_EW,NONE,0.008,0.0
3105,32Nvl_L1_NS,32NVL_NS,0.007,-0.061
3105,32Nvl_L1_EW,32NVL_EW,0.099,0.094
3105,32Nvl_L2_EW,32NVL_EW,0.108,0.104
3105,32Nvl_L1_EW,32NVL_EW,0.04,0.035
3105,32Nvl_L2_EW,32NVL_EW,0.045,0.041
3105,NvcNvl_L1_EW,NONE,0.011,0.0
3105,NvcNvl_L2_EW,NONE,0.008,0.0
3105,NvcNvl_L1_EW,NVCNVL_EW,0.007,0.007
3105,NvcNvl_L1_NS,NVCNVL_NS,0.007,0.002
3105,32Mt_L1_EW,NONE,0.065,0.0
3105,32Mt_L3_EW,NONE,0.08,0.0
3105,32Mt_L1_EW,32MT_EW,0.007,-0.062
3105,32Mt_L1_NS,NONE,0.049,0.0
3105,NvcMt_L2_NS,NONE,0.005,0.0
3105,304Nvl_L2_NS,304NVL_NS,0.076,0.076
3105,32Nvl_L3_EW,NONE,0.037,0.0
3105,32Nvl_L3_EW,NONE,0.088,0.0
3105,NvcNvl_L3_EW,NONE,0.006,0.0
3105,32Mt_L2_EW,NONE,0.068,0.0
3105,32Mt_L2_EW,32MT_EW,0.005,-0.07
3105,NvcMt_L1_NS,NONE,0.005,0.0
3110,304Nvl_L1_NS,304NVL_NS,0.091,0.061
3110,304Nvl_L3_NS,NONE,0.074,0.0
3110,32Nvl_L3_NS,NONE,0.041,0.0
3110,32Nvl_L1_NS,32NVL_NS,0.042,-0.026
3110,32Nvl_L1_EW,32NVL_EW,0.092,0.077
3110,32Nvl_L2_EW,32NVL_EW,0.1,0.089
3110,32Nvl_L1_EW,32NVL_EW,0.04,0.026
3110,32Nvl_L2_EW,32NVL_EW,0.045,0.033
3110,NvcNvl_L1_NS,NVCNVL_NS,0.007,-0.022
3110,32Mt_L1_EW,NONE,0.058,0.0
3110,32Mt_L3_EW,NONE,0.062,0.0
3110,32Mt_L1_EW,32MT_EW,0.021,-0.043
3110,32Mt_L1_NS,NONE,0.02,0.0
3110,304Nvl_L2_NS,304NVL_NS,0.076,0.076
3110,32Nvl_L2_NS,32NVL_NS,0.04,-0.013
3110,32Nvl_L3_EW,NONE,0.037,0.0
3110,32Nvl_L3_EW,NONE,0.081,0.0
3110,32Mt_L2_EW,NONE,0.06,0.0
3110,32Mt_L2_EW,32MT_EW,0.016,-0.054
3110,32Mt_L2_NS,NONE,0.009,0.0
3115,304Nvl_L1_NS,304NVL_NS,0.091,0.081
3115,304Nvl_L3_NS,NONE,0.074,0.0
3115,304Nvl_L1_EW,304NVL_EW,0.008,0.008
3115,304Nvl_L2_EW,304NVL_EW,0.007,0.007
3115,304Nvl_L1_NS,NONE,0.007,0.0
3115,32Nvl_L3_NS,NONE,0.007,0.0
3115,32Nvl_L1_NS,32NVL_NS,0.014,-0.05
3115,32Nvl_L1_EW,32NVL_EW,0.092,0.087
3115,32Nvl_L2_EW,32NVL_EW,0.1,0.097
3115,32Nvl_L1_EW,32NVL_EW,0.04,0.035
3115,32Nvl_L2_EW,32NVL_EW,0.045,0.041
3115,32Nvl_L3_NS,NONE,0.008,0.0
3115,32Nvl_L2_NS,32NVL_NS,0.008,-0.045
3115,NvcNvl_L3_NS,NONE,0.007,0.0
3115,NvcNvl_L2_NS,NONE,0.007,0.0
3115,NvcNvl_L1_EW,NVCNVL_EW,0.014,0.014
3115,NvcNvl_L2_EW,NVCNVL_EW,0.008,0.004
3115,32Mt_L1_EW,NONE,0.014,0.0
3115,32Mt_L3_EW,NONE,0.009,0.0
3115,32Mt_L1_EW,32MT_EW,0.007,-0.057
3115,32Mt_L1_NS,NONE,0.029,0.0
3115,NvcMt_L2_EW,NVCMT_EW,0.005,0.0
3115,304Nvl_L2_NS,304NVL_NS,0.076,0.07
3115,304Nvl_L3_EW,NONE,0.006,0.0
3115,32Nvl_L2_NS,32NVL_NS,0.013,-0.04
3115,32Nvl_L3_EW,NONE,0.037,0.0
3115,32Nvl_L3_EW,NONE,0.081,0.0
3115,32Nvl_L1_NS,32NVL_NS,0.013,-0.05
3115,NvcNvl_L1_NS,NONE,0.009,0.0
3115,NvcNvl_L3_EW,NONE,0.009,0.0
3115,32Mt_L2_EW,NONE,0.008,0.0
3115,32Mt_L2_EW,32MT_EW,0.005,-0.065
3115,32Mt_L2_NS,NONE,0.009,0.0
3115,NvcMt_L1_EW,NVCMT_EW,0.011,0.001
3120,304Nvl_L1_NS,304NVL_NS,0.091,0.091
3120,304Nvl_L3_NS,NONE,0.074,0.0
3120,304Nvl_L1_NS,NONE,0.007,0.0
3120,32Nvl_L1_EW,32NVL_EW,0.092,0.077
3120,32Nvl_L2_EW,32NVL_EW,0.1,0.097
3120,32Nvl_L1_EW,32NVL_EW,0.04,0.026
3120,32Nvl_L2_EW,32NVL_EW,0.045,0.041
3120,32Nvl_L3_NS,NONE,0.008,0.0
3120,32Nvl_L2_NS,32NVL_NS,0.008,-0.045
3120,NvcNvl_L3_NS,NONE,0.014,0.0
3120,NvcNvl_L2_NS,NONE,0.013,0.0
3120,32Mt_L1_EW,NONE,0.014,0.0
3120,32Mt_L3_EW,NONE,0.018,0.0
3120,32Mt_L1_EW,32MT_EW,0.021,-0.043
3120,32Mt_L1_NS,NONE,0.059,0.0
3120,NvcCmt8_L2_NS,NONE,0.054,0.0
3120,NvcCmt8_L1_NS,NONE,0.039,0.0
3120,304Nvl_L2_NS,304NVL_NS,0.076,0.07
3120,32Nvl_L3_EW,NONE,0.037,0.0
3120,32Nvl_L3_EW,NONE,0.081,0.0
3120,32Nvl_L1_NS,32NVL_NS,0.007,-0.057
3120,NvcNvl_L1_NS,NONE,0.017,0.0
3120,32Mt_L2_EW,NONE,0.015,0.0
3120,32Mt_L2_EW,32MT_EW,0.005,-0.065
3120,32Mt_L2_NS,NONE,0.009,0.0
3125,304Nvl_L1_NS,304NVL_NS,0.091,0.086
3125,304Nvl_L3_NS,NONE,0.074,0.0
3125,304Nvl_L1_EW,304NVL_EW,0.008,0.008
3125,304Nvl_L2_EW,304NVL_EW,0.007,0.007
3125,304Nvl_L1_NS,NONE,0.015,0.0
3125,304Nvl_L3_NS,NONE,0.016,0.0
3125,32Nvl_L3_NS,NONE,0.007,0.0
3125,32Nvl_L1_NS,32NVL_NS,0.007,-0.056
3125,32Nvl_L1_EW,32NVL_EW,0.092,0.087
3125,32Nvl_L2_EW,32NVL_EW,0.1,0.097
3125,32Nvl_L1_EW,32NVL_EW,0.04,0.035
3125,32Nvl_L2_EW,32NVL_EW,0.045,0.041
3125,32Mt_L1_NS,32MT_NS,0.006,0.006
3125,32Mt_L1_EW,NONE,0.022,0.0
3125,32Mt_L3_EW,NONE,0.027,0.0
3125,32Mt_L1_EW,32MT_EW,0.007,-0.057
3125,32Mt_L1_NS,NONE,0.01,0.0
3125,NvcCmt8_L1_NS,NONE,0.039,0.0
3125,304Nvl_L2_NS,304NVL_NS,0.076,0.076
3125,304Nvl_L3_EW,NONE,0.006,0.0
3125,304Nvl_L2_NS,NONE,0.015,0.0
3125,32Nvl_L2_NS,32NVL_NS,0.007,-0.046
3125,32Nvl_L3_EW,NONE,0.037,0.0
3125,32Nvl_L3_EW,NONE,0.081,0.0
3125,32Nvl_L1_NS,32NVL_NS,0.007,-0.057
3125,32Mt_L2_EW,NONE,0.023,0.0
3125,32Mt_L2_EW,32MT_EW,0.005,-0.065
3130,304Thn_L1_EW,NONE,0.007,0.0
3130,304Thn_L2_EW,NONE,0.008,0.0
3130,304Nvl_L1_NS,304NVL_NS,0.091,0.091
3130,304Nvl_L3_NS,NONE,0.074,0.0
3130,304Nvl_L1_NS,NONE,0.015,0.0
3130,304Nvl_L3_NS,NONE,0.016,0.0
3130,32Nvl_L1_EW,32NVL_EW,0.092,0.082
3130,32Nvl_L2_EW,32NVL_EW,0.1,0.097
3130,32Nvl_L1_EW,32NVL_EW,0.04,0.031
3130,32Nvl_L2_EW,32NVL_EW,0.045,0.041
3130,32Nvl_L3_NS,NONE,0.017,0.0
3130,32Nvl_L2_NS,32NVL_NS,0.016,-0.037
3130,NvcNvl_L1_EW,NVCNVL_EW,0.007,0.007
3130,32Mt_L1_NS,32MT_NS,0.006,0.006
3130,32Mt_L1_EW,NONE,0.014,0.0
3130,32Mt_L3_EW,NONE,0.009,0.0
3130,32Mt_L1_EW,32MT_EW,0.014,-0.05
3130,304Nvl_L2_NS,304NVL_NS,0.076,0.065
3130,304Nvl_L2_NS,NONE,0.015,0.0
3130,32Nvl_L3_EW,NONE,0.037,0.0
3130,32Nvl_L3_EW,NONE,0.081,0.0
3130,32Nvl_L1_NS,32NVL_NS,0.013,-0.05
3130,32Mt_L2_EW,NONE,0.015,0.0
3130,32Mt_L2_EW,32MT_EW,0.005,-0.065
3130,304Thn_L3_EW,NONE,0.008,0.0
3135,304Thn_L1_EW,304THN_EW,0.008,0.002
3135,304Nvl_L1_NS,304NVL_NS,0.091,0.091
3135,304Nvl_L3_NS,NONE,0.074,0.0
3135,304Nvl_L1_EW,304NVL_EW,0.008,0.003
3135,304Nvl_L1_NS,NONE,0.015,0.0
3135,304Nvl_L3_NS,NONE,0.008,0.0
3135,32Nvl_L1_EW,32NVL_EW,0.085,0.075
3135,32Nvl_L2_EW,32NVL_EW,0.093,0.085
3135,32Nvl_L3_NS,NONE,0.025,0.0
3135,32Nvl_L2_NS,32NVL_NS,0.024,-0.029
3135,NvcNvl_L1_EW,NVCNVL_EW,0.007,0.007
3135,32Mt_L1_EW,32MT_EW,0.014,-0.045
3135,32Thn_L1_EW,NONE,0.01,0.0
3135,32Thn_L2_EW,NONE,0.01,0.0
3135,32Thn_L3_EW,NONE,0.007,0.0
3135,304Nvl_L2_NS,304NVL_NS,0.076,0.059
3135,304Nvl_L2_NS,NONE,0.007,0.0
3135,32Nvl_L3_EW,NONE,0.075,0.0
3135,32Nvl_L1_NS,32NVL_NS,0.02,-0.043
3135,32Mt_L2_EW,32MT_EW,0.011,-0.054
3140,304Nvl_L1_NS,304NVL_NS,0.1,0.095
3140,304Nvl_L3_NS,NONE,0.074,0.0
3140,304Nvl_L1_EW,304NVL_EW,0.008,0.008
3140,32Nvl_L1_NS,32NVL_NS,0.007,-0.063
3140,32Nvl_L3_NS,NONE,0.025,0.0
3140,32Nvl_L2_NS,32NVL_NS,0.024,-0.029
3140,NvcNvl_L1_EW,NVCNVL_EW,0.007,0.007
3140,NvcNvl_L2_EW,NVCNVL_EW,0.008,0.008
3140,32Mt_L1_EW,NONE,0.014,0.0
3140,32Mt_L1_EW,32MT_EW,0.014,0.014
3140,32Thn_L1_EW,32THN_EW,0.008,0.008
3140,304Nvl_L2_NS,304NVL_NS,0.076,0.059
3140,32Nvl_L2_NS,32NVL_NS,0.007,-0.046
3140,32Nvl_L1_NS,32NVL_NS,0.027,-0.043
3140,NvcNvl_L3_EW,NONE,0.009,0.0
3140,32Mt_L2_EW,32MT_EW,0.011,0.011
3145,304Nvl_L1_NS,304NVL_NS,0.009,-0.001
3145,304Nvl_L1_EW,304NVL_EW,0.017,0.017
3145,304Nvl_L2_EW,304NVL_EW,0.007,0.007
3145,32Nvl_L3_NS,NONE,0.007,0.0
3145,32Nvl_L1_NS,32NVL_NS,0.014,0.008
3145,32Nvl_L3_NS,NONE,0.025,0.0
3145,32Nvl_L2_NS,32NVL_NS,0.024,0.024
3145,NvcNvl_L3_NS,NONE,0.007,0.0
3145,NvcNvl_L2_NS,NONE,0.007,0.0
3145,NvcNvl_L1_EW,NVCNVL_EW,0.014,0.014
3145,NvcNvl_L2_EW,NVCNVL_EW,0.016,0.016
3145,32Mt_L1_NS,32MT_NS,0.006,0.006
3145,32Mt_L1_EW,32MT_EW,0.007,0.007
3145,304Nvl_L3_EW,NONE,0.006,0.0
3145,32Nvl_L2_NS,32NVL_NS,0.013,0.013
3145,32Nvl_L1_NS,32NVL_NS,0.107,0.101
3145,NvcNvl_L1_NS,NONE,0.009,0.0
3145,NvcNvl_L3_EW,NONE,0.019,0.0
3145,32Mt_L2_EW,32MT_EW,0.005,0.005
3150,304Nvl_L1_NS,304NVL_NS,0.009,0.004
3150,304Nvl_L1_EW,304NVL_EW,0.025,0.025
3150,304Nvl_L2_EW,304NVL_EW,0.015,0.015
3150,32Nvl_L1_NS,32NVL_NS,0.007,0.001
3150,NvcNvl_L3_NS,NONE,0.007,0.0
3150,NvcNvl_L2_NS,NONE,0.013,0.0
3150,NvcNvl_L1_EW,NVCNVL_EW,0.014,0.014
3150,NvcNvl_L2_EW,NVCNVL_EW,0.016,0.016
3150,32Mt_L1_NS,32MT_NS,0.006,0.006
3150,32Mt_L1_EW,NONE,0.007,0.0
3150,32Mt_L3_EW,NONE,0.009,0.0
3150,32Mt_L1_EW,32MT_EW,0.007,0.007
3150,304Nvl_L3_EW,NONE,0.013,0.0
3150,32Nvl_L1_NS,32NVL_NS,0.087,0.081
3150,NvcNvl_L1_NS,NONE,0.017,0.0
3150,NvcNvl_L3_EW,NONE,0.019,0.0
3150,32Mt_L2_EW,NONE,0.008,0.0
3150,32Mt_L2_EW,32MT_EW,0.005,0.005
3155,304Nvl_L1_EW,304NVL_EW,0.025,0.025
3155,304Nvl_L2_EW,304NVL_EW,0.022,0.022
3155,304Nvl_L1_NS,NONE,0.036,0.0
3155,32Nvl_L1_NS,32NVL_NS,0.007,0.007
3155,32Nvl_L1_EW,32NVL_EW,0.007,0.002
3155,NvcNvl_L3_NS,NONE,0.007,0.0
3155,NvcNvl_L2_NS,NONE,0.007,0.0
3155,NvcNvl_L1_EW,NVCNVL_EW,0.014,0.014
3155,NvcNvl_L2_EW,NVCNVL_EW,0.016,0.016
3155,32Mt_L1_EW,32MT_EW,0.007,0.007
3155,32Mt_L1_NS,NONE,0.01,0.0
3155,304Nvl_L3_EW,NONE,0.019,0.0
3155,32Nvl_L2_NS,32NVL_NS,0.007,0.007
3155,32Nvl_L1_NS,32NVL_NS,0.081,0.081
3155,NvcNvl_L1_NS,NONE,0.009,0.0
3155,NvcNvl_L3_EW,NONE,0.019,0.0
3155,32Mt_L2_EW,32MT_EW,0.005,0.005
3155,32Mt_L2_NS,NONE,0.009,0.0
3160,304Thn_L1_EW,NONE,0.007,0.0
3160,304Thn_L2_EW,NONE,0.008,0.0
3160,304Nvl_L1_EW,304NVL_EW,0.025,0.025
3160,304Nvl_L2_EW,304NVL_EW,0.022,0.022
3160,304Nvl_L1_NS,NONE,0.036,0.0
3160,32Nvl_L1_NS,32NVL_NS,0.007,0.007
3160,32Nvl_L1_EW,32NVL_EW,0.007,-0.003
3160,NvcNvl_L1_EW,NVCNVL_EW,0.014,0.014
3160,NvcNvl_L2_EW,NVCNVL_EW,0.016,0.016
3160,32Mt_L1_EW,32MT_EW,0.014,0.014
3160,NvcCmt8_L2_NS,NONE,0.011,0.0
3160,NvcCmt8_L1_NS,NONE,0.008,0.0
3160,304Nvl_L3_EW,NONE,0.019,0.0
3160,32Nvl_L2_NS,32NVL_NS,0.007,0.007
3160,NvcNvl_L3_EW,NONE,0.019,0.0
3160,32Mt_L2_EW,32MT_EW,0.005,0.005
3160,304Thn_L3_EW,NONE,0.008,0.0
3165,304Thn_L1_EW,304THN_EW,0.008,-0.021
3165,304Nvl_L1_EW,304NVL_EW,0.042,0.037
3165,304Nvl_L2_EW,304NVL_EW,0.036,0.036
3165,32Nvl_L1_NS,32NVL_NS,0.007,0.007
3165,32Nvl_L3_NS,NONE,0.017,0.0
3165,32Nvl_L2_NS,32NVL_NS,0.016,0.016
3165,NvcNvl_L1_EW,NVCNVL_EW,0.014,0.014
3165,NvcNvl_L2_EW,NVCNVL_EW,0.016,0.016
3165,32Mt_L1_EW,32MT_EW,0.021,0.021
3165,32Mt_L1_NS,NONE,0.01,0.0
3165,304Nvl_L3_EW,NONE,0.032,0.0
3165,32Nvl_L2_NS,32NVL_NS,0.007,0.007
3165,32Nvl_L1_NS,32NVL_NS,0.02,0.02
3165,NvcNvl_L3_EW,NONE,0.019,0.0
3165,32Mt_L2_EW,32MT_EW,0.011,0.011
3170,304Thn_L1_EW,304THN_EW,0.008,-0.027
3170,304Nvl_L1_EW,304NVL_EW,0.051,0.045
3170,304Nvl_L2_EW,304NVL_EW,0.044,0.044
3170,32Nvl_L1_NS,32NVL_NS,0.007,0.007
3170,32Nvl_L3_NS,NONE,0.025,0.0
3170,32Nvl_L2_NS,32NVL_NS,0.024,0.024
3170,NvcNvl_L3_NS,NONE,0.007,0.0
3170,NvcNvl_L2_NS,NONE,0.007,0.0
3170,NvcNvl_L1_EW,NVCNVL_EW,0.049,0.049
3170,NvcNvl_L2_EW,NVCNVL_EW,0.055,0.055
3170,32Mt_L1_EW,32MT_EW,0.021,0.021
3170,32Mt_L1_NS,NONE,0.01,0.0
3170,32Thn_L1_EW,NONE,0.049,0.0
3170,32Thn_L2_EW,NONE,0.051,0.0
3170,32Thn_L3_EW,NONE,0.035,0.0
3170,304Nvl_L3_EW,NONE,0.038,0.0
3170,32Nvl_L2_NS,32NVL_NS,0.007,0.007
3170,32Nvl_L1_NS,32NVL_NS,0.027,0.027
3170,NvcNvl_L1_NS,NONE,0.009,0.0
3170,NvcNvl_L3_EW,NONE,0.065,0.0
3170,32Mt_L2_EW,32MT_EW,0.016,0.016
3170,32Mt_L2_NS,NONE,0.009,0.0
3175,304Nvl_L1_EW,304NVL_EW,0.254,0.254
3175,304Nvl_L2_EW,304NVL_EW,0.218,0.218
3175,304Nvl_L1_NS,NONE,0.007,0.0
3175,304Nvl_L3_NS,NONE,0.008,0.0
3175,32Nvl_L1_NS,32NVL_NS,0.007,0.007
3175,32Nvl_L1_EW,32NVL_EW,0.007,-0.008
3175,32Nvl_L2_EW,32NVL_EW,0.008,-0.004
3175,32Nvl_L3_NS,NONE,0.033,0.0
3175,32Nvl_L2_NS,32NVL_NS,0.032,0.032
3175,NvcNvl_L3_NS,NONE,0.007,0.0
3175,NvcNvl_L2_NS,NONE,0.007,0.0
3175,NvcNvl_L1_EW,NVCNVL_EW,0.049,0.049
3175,NvcNvl_L2_EW,NVCNVL_EW,0.055,0.053
3175,32Mt_L1_EW,32MT_EW,0.021,0.016
3175,NvcMt_L2_NS,NONE,0.005,0.0
3175,NvcMt_L2_EW,NVCMT_EW,0.003,-0.036
3175,32Thn_L1_EW,NONE,0.049,0.0
3175,32Thn_L2_EW,NONE,0.051,0.0
3175,32Thn_L3_EW,NONE,0.035,0.0
3175,304Nvl_L3_EW,NONE,0.19,0.0
3175,304Nvl_L2_NS,NONE,0.007,0.0
3175,32Nvl_L2_NS,32NVL_NS,0.007,0.007
3175,32Nvl_L3_EW,NONE,0.006,0.0
3175,32Nvl_L1_NS,32NVL_NS,0.034,0.034
3175,NvcNvl_L1_NS,NONE,0.009,0.0
3175,NvcNvl_L3_EW,NONE,0.065,0.0
3175,32Mt_L2_EW,32MT_EW,0.016,0.011
3175,NvcMt_L1_NS,NONE,0.005,0.0
3175,NvcMt_L1_EW,NVCMT_EW,0.006,-0.029
3180,304Nvl_L1_EW,304NVL_EW,0.305,0.305
3180,304Nvl_L2_EW,304NVL_EW,0.261,0.261
3180,32Nvl_L1_NS,32NVL_NS,0.007,0.002
3180,32Nvl_L3_NS,NONE,0.033,0.0
3180,32Nvl_L2_NS,32NVL_NS,0.032,0.032
3180,NvcNvl_L3_NS,NONE,0.02,0.0
3180,NvcNvl_L2_NS,NONE,0.02,0.0
3180,NvcNvl_L1_EW,NVCNVL_EW,0.049,0.049
3180,NvcNvl_L2_EW,NVCNVL_EW,0.055,0.053
3180,NvcNvl_L1_NS,NVCNVL_NS,0.007,0.002
3180,32Mt_L1_EW,NONE,0.007,0.0
3180,32Mt_L3_EW,NONE,0.009,0.0
3180,32Mt_L1_EW,32MT_EW,0.021,0.021
3180,NvcMt_L2_NS,NONE,0.005,0.0
3180,NvcMt_L2_EW,NVCMT_EW,0.003,-0.036
3180,32Thn_L1_EW,32THN_EW,0.04,0.04
3180,304Nvl_L3_EW,NONE,0.228,0.0
3180,32Nvl_L2_NS,32NVL_NS,0.007,0.007
3180,32Nvl_L1_NS,32NVL_NS,0.027,0.022
3180,NvcNvl_L1_NS,NONE,0.026,0.0
3180,NvcNvl_L3_EW,NONE,0.065,0.0
3180,32Mt_L2_EW,NONE,0.008,0.0
3180,32Mt_L2_EW,32MT_EW,0.011,0.011
3180,NvcMt_L1_NS,NONE,0.005,0.0
3180,NvcMt_L1_EW,NVCMT_EW,0.006,-0.029
3185,304Nvl_L1_EW,304NVL_EW,0.356,0.356
3185,304Nvl_L2_EW,304NVL_EW,0.305,0.305
3185,32Nvl_L1_NS,32NVL_NS,0.007,0.007
3185,32Nvl_L1_EW,32NVL_EW,0.007,-0.008
3185,32Nvl_L3_NS,NONE,0.033,0.0
3185,32Nvl_L2_NS,32NVL_NS,0.032,0.032
3185,NvcNvl_L3_NS,NONE,0.014,0.0
3185,NvcNvl_L2_NS,NONE,0.013,0.0
3185,NvcNvl_L1_EW,NVCNVL_EW,0.049,0.049
3185,NvcNvl_L2_EW,NVCNVL_EW,0.055,0.055
3185,32Mt_L1_EW,NONE,0.007,0.0
3185,32Mt_L1_EW,32MT_EW,0.021,0.021
3185,NvcMt_L2_NS,NONE,0.005,0.0
3185,304Nvl_L3_EW,NONE,0.266,0.0
3185,32Nvl_L2_NS,32NVL_NS,0.007,0.007
3185,32Nvl_L1_NS,32NVL_NS,0.027,0.027
3185,NvcNvl_L1_NS,NONE,0.017,0.0
3185,NvcNvl_L3_EW,NONE,0.065,0.0
3185,32Mt_L2_EW,NONE,0.008,0.0
3185,32Mt_L2_EW,32MT_EW,0.016,0.016
3185,NvcMt_L1_NS,NONE,0.005,0.0
3190,304Nvl_L1_EW,304NVL_EW,0.347,0.347
3190,304Nvl_L2_EW,304NVL_EW,0.298,0.298
3190,304Nvl_L1_NS,NONE,0.007,0.0
3190,32Nvl_L3_NS,NONE,0.034,0.0
3190,32Nvl_L1_NS,32NVL_NS,0.042,0.042
3190,32Nvl_L1_EW,32NVL_EW,0.007,-0.008
3190,32Nvl_L2_EW,32NVL_EW,0.008,0.0
3190,32Nvl_L3_NS,NONE,0.033,0.0
3190,32Nvl_L2_NS,32NVL_NS,0.032,0.032
3190,NvcNvl_L3_NS,NONE,0.007,0.0
3190,NvcNvl_L2_NS,NONE,0.007,0.0
3190,NvcNvl_L1_EW,NONE,0.011,0.0
3190,NvcNvl_L2_EW,NONE,0.008,0.0
3190,NvcNvl_L1_EW,NVCNVL_EW,0.063,0.063
3190,NvcNvl_L2_EW,NVCNVL_EW,0.062,0.062
3190,32Mt_L1_EW,NONE,0.007,0.0
3190,32Mt_L3_EW,NONE,0.009,0.0
3190,32Mt_L1_EW,32MT_EW,0.021,0.016
3190,32Mt_L1_NS,NONE,0.02,0.0
3190,304Nvl_L3_EW,NONE,0.26,0.0
3190,32Nvl_L2_NS,32NVL_NS,0.04,0.04
3190,32Nvl_L1_NS,32NVL_NS,0.027,0.027
3190,NvcNvl_L1_NS,NONE,0.009,0.0
3190,NvcNvl_L3_EW,NONE,0.074,0.0
3190,32Mt_L2_EW,NONE,0.008,0.0
3190,32Mt_L2_EW,32MT_EW,0.011,0.005
3190,32Mt_L2_NS,NONE,0.009,0.0
3195,304Nvl_L1_EW,304NVL_EW,0.296,0.296
3195,304Nvl_L2_EW,304NVL_EW,0.247,0.247
3195,304Nvl_L1_NS,NONE,0.007,0.0
3195,32Nvl_L3_NS,NONE,0.068,0.0
3195,32Nvl_L1_NS,32NVL_NS,0.076,0.076
3195,32Nvl_L1_EW,32NVL_EW,0.007,-0.003
3195,32Nvl_L2_EW,32NVL_EW,0.008,0.0
3195,32Nvl_L3_NS,NONE,0.033,0.0
3195,32Nvl_L2_NS,32NVL_NS,0.032,0.032
3195,NvcNvl_L1_EW,NVCNVL_EW,0.049,0.045
3195,NvcNvl_L2_EW,NVCNVL_EW,0.047,0.047
3195,32Mt_L1_EW,NONE,0.05,0.0
3195,32Mt_L3_EW,NONE,0.053,0.0
3195,32Mt_L1_EW,32MT_EW,0.014,0.009
3195,NvcMt_L1_EW,NVCMT_EW,0.006,-0.028
3195,304Nvl_L3_EW,NONE,0.215,0.0
3195,32Nvl_L2_NS,32NVL_NS,0.073,0.073
3195,32Nvl_L3_EW,NONE,0.006,0.0
3195,32Nvl_L1_NS,32NVL_NS,0.027,0.027
3195,NvcNvl_L3_EW,NONE,0.009,0.0
3195,32Mt_L2_EW,NONE,0.045,0.0
3195,32Mt_L2_EW,32MT_EW,0.011,0.005
3195,NvcMt_L2_EW,NVCMT_EW,0.008,-0.025
3200,304Nvl_L1_EW,304NVL_EW,0.195,0.195
3200,304Nvl_L2_EW,304NVL_EW,0.167,0.167
3200,304Nvl_L1_NS,NONE,0.007,0.0
3200,32Nvl_L3_NS,NONE,0.034,0.0
3200,32Nvl_L1_NS,32NVL_NS,0.076,0.076
3200,32Nvl_L1_EW,32NVL_EW,0.007,-0.017
3200,32Nvl_L2_EW,32NVL_EW,0.008,-0.008
3200,32Nvl_L3_NS,NONE,0.033,0.0
3200,32Nvl_L2_NS,32NVL_NS,0.032,0.032
3200,NvcNvl_L1_EW,NVCNVL_EW,0.007,0.007
3200,32Mt_L1_EW,NONE,0.014,0.0
3200,32Mt_L3_EW,NONE,0.018,0.0
3200,32Mt_L1_EW,32MT_EW,0.035,0.03
3200,NvcMt_L2_NS,NONE,0.005,0.0
3200,NvcCmt8_L2_EW,NVCCMT8_EW,0.005,0.005
3200,304Nvl_L3_EW,NONE,0.146,0.0
3200,32Nvl_L2_NS,32NVL_NS,0.073,0.073
3200,32Nvl_L3_EW,NONE,0.006,0.0
3200,32Nvl_L1_NS,32NVL_NS,0.034,0.034
3200,32Mt_L2_EW,NONE,0.015,0.0
3200,32Mt_L2_EW,32MT_EW,0.022,0.016
3200,NvcMt_L1_NS,NONE,0.005,0.0
3200,NvcCmt8_L1_EW,NVCCMT8_EW,0.008,0.008
3205,304Nvl_L1_EW,304NVL_EW,0.279,0.279
3205,304Nvl_L2_EW,304NVL_EW,0.232,0.232
3205,304Nvl_L1_NS,NONE,0.007,0.0
3205,32Nvl_L3_NS,NONE,0.034,0.0
3205,32Nvl_L1_NS,32NVL_NS,0.076,0.076
3205,32Nvl_L3_NS,NONE,0.033,0.0
3205,32Nvl_L2_NS,32NVL_NS,0.032,0.032
3205,NvcNvl_L1_EW,NONE,0.011,0.0
3205,NvcNvl_L2_EW,NONE,0.008,0.0
3205,NvcNvl_L1_EW,NVCNVL_EW,0.007,0.007
3205,32Mt_L1_EW,NONE,0.043,0.0
3205,32Mt_L3_EW,NONE,0.053,0.0
3205,32Mt_L1_EW,32MT_EW,0.049,0.049
3205,32Mt_L1_NS,NONE,0.01,0.0
3205,NvcCmt8_L2_NS,NONE,0.011,0.0
3205,NvcCmt8_L1_NS,NONE,0.008,0.0
3205,304Nvl_L3_EW,NONE,0.203,0.0
3205,32Nvl_L2_NS,32NVL_NS,0.073,0.073
3205,32Nvl_L1_NS,32NVL_NS,0.04,0.04
3205,32Mt_L2_EW,NONE,0.045,0.0
3205,32Mt_L2_EW,32MT_EW,0.038,0.038
3205,NvcMt_L1_EW,NVCMT_EW,0.006,0.001
3210,304Nvl_L1_EW,304NVL_EW,0.322,0.322
3210,304Nvl_L2_EW,304NVL_EW,0.268,0.268
3210,304Nvl_L1_NS,NONE,0.088,0.0
3210,32Nvl_L3_NS,NONE,0.034,0.0
3210,32Nvl_L1_NS,32NVL_NS,0.076,0.076
3210,32Nvl_L1_EW,32NVL_EW,0.007,-0.003
3210,32Nvl_L2_EW,32NVL_EW,0.008,0.004
3210,32Nvl_L3_NS,NONE,0.033,0.0
3210,32Nvl_L2_NS,32NVL_NS,0.032,0.032
3210,NvcNvl_L3_NS,NONE,0.014,0.0
3210,NvcNvl_L2_NS,NONE,0.013,0.0
3210,NvcNvl_L1_EW,NONE,0.053,0.0
3210,NvcNvl_L2_EW,NONE,0.038,0.0
3210,NvcNvl_L1_EW,NVCNVL_EW,0.007,0.007
3210,32Mt_L1_NS,32MT_NS,0.006,0.006
3210,32Mt_L1_EW,NONE,0.022,0.0
3210,32Mt_L3_EW,NONE,0.018,0.0
3210,32Mt_L1_EW,32MT_EW,0.014,0.009
3210,32Mt_L1_NS,NONE,0.01,0.0
3210,304Nvl_L3_EW,NONE,0.234,0.0
3210,32Nvl_L2_NS,32NVL_NS,0.073,0.073
3210,32Nvl_L3_EW,NONE,0.006,0.0
3210,32Nvl_L1_NS,32NVL_NS,0.04,0.04
3210,NvcNvl_L1_NS,NONE,0.017,0.0
3210,NvcNvl_L3_EW,NONE,0.032,0.0
3210,32Mt_L2_EW,NONE,0.015,0.0
3210,32Mt_L2_EW,32MT_EW,0.005,0.0
3215,304Nvl_L1_EW,304NVL_EW,0.271,0.271
3215,304Nvl_L2_EW,304NVL_EW,0.232,0.232
3215,304Nvl_L1_NS,NONE,0.124,0.0
3215,32Nvl_L3_NS,NONE,0.034,0.0
3215,32Nvl_L1_NS,32NVL_NS,0.076,0.076
3215,32Nvl_L3_NS,NONE,0.042,0.0
3215,32Nvl_L2_NS,32NVL_NS,0.039,0.039
3215,NvcNvl_L3_NS,NONE,0.007,0.0
3215,NvcNvl_L2_NS,NONE,0.007,0.0
3215,NvcNvl_L1_EW,NONE,0.064,0.0
3215,NvcNvl_L2_EW,NONE,0.046,0.0
3215,32Mt_L1_NS,32MT_NS,0.006,0.006
3215,32Mt_L1_EW,NONE,0.043,0.0
3215,32Mt_L1_EW,32MT_EW,0.014,0.014
3215,32Thn_L1_EW,NONE,0.01,0.0
3215,32Thn_L2_EW,NONE,0.01,0.0
3215,32Thn_L3_EW,NONE,0.007,0.0
3215,304Nvl_L3_EW,NONE,0.203,0.0
3215,32Nvl_L2_NS,32NVL_NS,0.073,0.073
3215,32Nvl_L1_NS,32NVL_NS,0.04,0.04
3215,NvcNvl_L1_NS,NONE,0.009,0.0
3215,NvcNvl_L3_EW,NONE,0.038,0.0
3215,32Mt_L2_EW,32MT_EW,0.005,0.005
3220,304Nvl_L1_EW,304NVL_EW,0.195,0.195
3220,304Nvl_L2_EW,304NVL_EW,0.167,0.167
3220,304Nvl_L1_NS,NONE,0.036,0.0
3220,32Nvl_L3_NS,NONE,0.041,0.0
3220,32Nvl_L1_NS,32NVL_NS,0.083,0.083
3220,32Nvl_L3_NS,NONE,0.042,0.0
3220,32Nvl_L2_NS,32NVL_NS,0.039,0.039
3220,32Mt_L1_EW,NONE,0.007,0.0
3220,32Mt_L3_EW,NONE,0.009,0.0
3220,32Mt_L1_EW,32MT_EW,0.014,0.014
3220,NvcCmt8_L2_NS,NONE,0.012,0.0
3220,NvcCmt8_L2_EW,NONE,0.037,0.0
3220,NvcCmt8_L2_NS,NONE,0.054,0.0
3220,32Thn_L1_EW,32THN_EW,0.008,0.008
3220,NvcCmt8_L1_NS,NONE,0.039,0.0
3220,304Nvl_L3_EW,NONE,0.146,0.0
3220,32Nvl_L2_NS,32NVL_NS,0.08,0.08
3220,32Nvl_L1_NS,32NVL_NS,0.04,0.04
3220,32Mt_L2_EW,NONE,0.008,0.0
3220,32Mt_L2_EW,32MT_EW,0.005,0.005
3220,NvcCmt8_L1_NS,NONE,0.011,0.0
3220,NvcCmt8_L1_EW,NONE,0.029,0.0
3225,304Nvl_L1_EW,304NVL_EW,0.059,0.059
3225,304Nvl_L2_EW,304NVL_EW,0.044,0.044
3225,304Nvl_L1_NS,NONE,0.015,0.0
3225,32Nvl_L3_NS,NONE,0.041,0.0
3225,32Nvl_L1_NS,32NVL_NS,0.083,0.083
3225,32Nvl_L3_NS,NONE,0.05,0.0
3225,32Nvl_L2_NS,32NVL_NS,0.047,0.047
3225,NvcNvl_L3_NS,NONE,0.007,0.0
3225,NvcNvl_L2_NS,NONE,0.007,0.0
3225,NvcNvl_L1_EW,NVCNVL_EW,0.007,0.007
3225,NvcNvl_L2_EW,NVCNVL_EW,0.008,0.008
3225,NvcCmt8_L2_EW,NONE,0.037,0.0
3225,304Nvl_L3_EW,NONE,0.038,0.0
3225,32Nvl_L2_NS,32NVL_NS,0.08,0.08
3225,32Nvl_L1_NS,32NVL_NS,0.047,0.047
3225,NvcNvl_L1_NS,NONE,0.009,0.0
3225,NvcNvl_L3_EW,NONE,0.009,0.0
3225,NvcCmt8_L1_EW,NONE,0.029,0.0
3230,304Nvl_L1_EW,304NVL_EW,0.017,0.017
3230,304Nvl_L2_EW,304NVL_EW,0.007,0.007
3230,304Nvl_L1_NS,NONE,0.095,0.0
3230,32Nvl_L3_NS,NONE,0.055,0.0
3230,32Nvl_L1_NS,32NVL_NS,0.097,0.097
3230,32Nvl_L1_EW,32NVL_EW,0.007,0.002
3230,32Nvl_L2_EW,32NVL_EW,0.008,0.004
3230,32Nvl_L3_NS,NONE,0.05,0.0
3230,32Nvl_L2_NS,32NVL_NS,0.047,0.047
3230,32Mt_L1_EW,32MT_EW,0.007,0.002
3230,NvcCmt8_L2_NS,NONE,0.011,0.0
3230,NvcCmt8_L1_NS,NONE,0.008,0.0
3230,304Nvl_L3_EW,NONE,0.006,0.0
3230,32Nvl_L2_NS,32NVL_NS,0.093,0.093
3230,32Nvl_L3_EW,NONE,0.006,0.0
3230,32Nvl_L1_NS,32NVL_NS,0.04,0.04
3230,32Mt_L2_EW,32MT_EW,0.005,0.0
3230,NvcCmt8_L1_EW,NVCCMT8_EW,0.038,0.038
3235,304Nvl_L1_EW,304NVL_EW,0.068,0.068
3235,304Nvl_L2_EW,304NVL_EW,0.036,0.036
3235,304Nvl_L1_EW,NONE,0.008,0.0
3235,304Nvl_L1_NS,NONE,0.124,0.0
3235,32Nvl_L3_NS,NONE,0.082,0.0
3235,32Nvl_L1_NS,32NVL_NS,0.131,0.131
3235,32Nvl_L3_NS,NONE,0.058,0.0
3235,32Nvl_L2_NS,32NVL_NS,0.055,0.055
3235,NvcNvl_L3_NS,NONE,0.007,0.0
3235,NvcNvl_L2_NS,NONE,0.007,0.0
3235,304Nvl_L3_EW,NONE,0.032,0.0
3235,32Nvl_L2_NS,32NVL_NS,0.127,0.127
3235,32Nvl_L1_NS,32NVL_NS,0.047,0.047
3235,NvcNvl_L1_NS,NONE,0.009,0.0
3240,304Nvl_L1_EW,304NVL_EW,0.025,0.025
3240,304Nvl_L2_EW,304NVL_EW,0.015,0.015
3240,304Nvl_L1_NS,NONE,0.08,0.0
3240,32Nvl_L3_NS,NONE,0.089,0.0
3240,32Nvl_L1_NS,32NVL_NS,0.131,0.131
3240,32Nvl_L3_NS,NONE,0.075,0.0
3240,32Nvl_L2_NS,32NVL_NS,0.071,0.071
3240,32Mt_L1_EW,NONE,0.007,0.0
3240,32Mt_L3_EW,NONE,0.009,0.0
3240,32Mt_L1_EW,32MT_EW,0.007,0.007
3240,NvcCmt8_L2_NS,NONE,0.011,0.0
3240,32Thn_L1_EW,NONE,0.01,0.0
3240,32Thn_L2_EW,NONE,0.01,0.0
3240,NvcCmt8_L1_NS,NONE,0.008,0.0
3240,32Thn_L3_EW,NONE,0.007,0.0
3240,304Nvl_L3_EW,NONE,0.013,0.0
3240,32Nvl_L2_NS,32NVL_NS,0.127,0.127
3240,32Nvl_L1_NS,32NVL_NS,0.067,0.067
3240,32Mt_L2_EW,NONE,0.008,0.0
3240,32Mt_L2_EW,32MT_EW,0.005,0.005
3245,304Nvl_L1_NS,NONE,0.036,0.0
3245,32Nvl_L3_NS,NONE,0.082,0.0
3245,32Nvl_L1_NS,32NVL_NS,0.125,0.125
3245,32Nvl_L1_EW,32NVL_EW,0.007,0.001
3245,32Nvl_L2_EW,32NVL_EW,0.008,0.008
3245,32Nvl_L3_NS,NONE,0.134,0.0
3245,32Nvl_L2_NS,32NVL_NS,0.126,0.126
3245,NvcNvl_L1_EW,NONE,0.021,0.0
3245,NvcNvl_L2_EW,NONE,0.015,0.0
3245,32Mt_L1_NS,NONE,0.01,0.0
3245,NvcMt_L1_EW,NVCMT_EW,0.006,0.006
3245,NvcCmt8_L2_NS,NONE,0.011,0.0
3245,32Thn_L1_EW,32THN_EW,0.008,0.003
3245,NvcCmt8_L1_NS,NONE,0.008,0.0
3245,32Nvl_L2_NS,32NVL_NS,0.12,0.12
3245,32Nvl_L3_EW,NONE,0.006,0.0
3245,32Nvl_L1_NS,32NVL_NS,0.114,0.114
3245,NvcNvl_L3_EW,NONE,0.006,0.0
3245,32Mt_L2_NS,NONE,0.009,0.0
3245,NvcMt_L2_EW,NVCMT_EW,0.008,0.008
3250,304Nvl_L1_EW,304NVL_EW,0.008,0.008
3250,304Nvl_L1_NS,NONE,0.007,0.0
3250,32Nvl_L3_NS,NONE,0.123,0.0
3250,32Nvl_L1_NS,32NVL_NS,0.201,0.201
3250,32Nvl_L1_EW,32NVL_EW,0.007,0.002
3250,32Nvl_L2_EW,32NVL_EW,0.008,0.008
3250,32Nvl_L3_NS,NONE,0.142,0.0
3250,32Nvl_L2_NS,32NVL_NS,0.134,0.134
3250,NvcNvl_L1_EW,NVCNVL_EW,0.014,0.014
3250,NvcNvl_L2_EW,NVCNVL_EW,0.008,0.008
3250,32Mt_L1_NS,32MT_NS,0.006,0.006
3250,32Mt_L1_EW,NONE,0.014,0.0
3250,32Mt_L3_EW,NONE,0.018,0.0
3250,32Mt_L1_EW,32MT_EW,0.007,0.002
3250,NvcMt_L2_NS,NONE,0.026,0.0
3250,32Nvl_L2_NS,32NVL_NS,0.193,0.193
3250,32Nvl_L3_EW,NONE,0.006,0.0
3250,32Nvl_L1_NS,32NVL_NS,0.114,0.114
3250,NvcNvl_L3_EW,NONE,0.009,0.0
3250,32Mt_L2_EW,NONE,0.015,0.0
3250,NvcMt_L1_NS,NONE,0.027,0.0
3255,304Nvl_L1_EW,304NVL_EW,0.042,0.042
3255,304Nvl_L2_EW,304NVL_EW,0.036,0.036
3255,32Nvl_L3_NS,NONE,0.164,0.0
3255,32Nvl_L1_NS,32NVL_NS,0.208,0.208
3255,32Nvl_L3_NS,NONE,0.15,0.0
3255,32Nvl_L2_NS,32NVL_NS,0.142,0.142
3255,NvcNvl_L1_EW,NVCNVL_EW,0.014,0.01
3255,NvcNvl_L2_EW,NVCNVL_EW,0.008,0.008
3255,32Mt_L1_NS,32MT_NS,0.006,0.006
3255,32Mt_L1_NS,NONE,0.02,0.0
3255,NvcMt_L2_NS,NONE,0.005,0.0
3255,NvcMt_L1_EW,NVCMT_EW,0.006,-0.03
3255,NvcCmt8_L2_EW,NVCCMT8_EW,0.026,0.026
3255,304Nvl_L3_EW,NONE,0.032,0.0
3255,32Nvl_L2_NS,32NVL_NS,0.193,0.193
3255,32Nvl_L1_NS,32NVL_NS,0.121,0.121
3255,NvcNvl_L3_EW,NONE,0.009,0.0
3255,32Mt_L2_NS,NONE,0.017,0.0
3255,NvcMt_L1_NS,NONE,0.005,0.0
3255,NvcMt_L2_EW,NVCMT_EW,0.008,-0.016
3255,NvcMt_L1_EW,NVCMT_EW,0.006,-0.031
3255,NvcCmt8_L1_EW,NVCCMT8_EW,0.038,0.034
3260,304Nvl_L1_EW,304NVL_EW,0.042,0.042
3260,304Nvl_L2_EW,304NVL_EW,0.036,0.036
3260,32Nvl_L3_NS,NONE,0.007,0.0
3260,32Nvl_L1_NS,32NVL_NS,0.021,0.021
3260,32Nvl_L1_EW,32NVL_EW,0.007,0.002
3260,32Nvl_L3_NS,NONE,0.117,0.0
3260,32Nvl_L2_NS,32NVL_NS,0.111,0.111
3260,NvcNvl_L3_NS,NONE,0.007,0.0
3260,NvcNvl_L2_NS,NONE,0.007,0.0
3260,NvcNvl_L1_EW,NVCNVL_EW,0.014,0.01
3260,NvcNvl_L2_EW,NVCNVL_EW,0.008,0.008
3260,32Mt_L1_NS,32MT_NS,0.013,0.013
3260,32Mt_L1_EW,NONE,0.007,0.0
3260,32Mt_L1_EW,32MT_EW,0.007,0.007
3260,32Mt_L1_NS,NONE,0.01,0.0
3260,NvcMt_L1_EW,NVCMT_EW,0.006,-0.03
3260,NvcCmt8_L2_EW,NVCCMT8_EW,0.026,0.026
3260,304Nvl_L3_EW,NONE,0.032,0.0
3260,32Nvl_L2_NS,32NVL_NS,0.02,0.02
3260,32Nvl_L1_NS,32NVL_NS,0.107,0.107
3260,NvcNvl_L1_NS,NONE,0.009,0.0
3260,NvcNvl_L3_EW,NONE,0.009,0.0
3260,32Mt_L2_NS,NONE,0.009,0.0
3260,NvcMt_L2_EW,NVCMT_EW,0.008,-0.016
3260,NvcCmt8_L1_EW,NVCCMT8_EW,0.038,0.034
3265,304Nvl_L1_EW,304NVL_EW,0.042,0.042
3265,304Nvl_L2_EW,304NVL_EW,0.036,0.036
3265,32Nvl_L3_NS,NONE,0.007,0.0
3265,32Nvl_L1_NS,32NVL_NS,0.014,0.014
3265,32Nvl_L1_EW,32NVL_EW,0.007,-0.003
3265,32Nvl_L3_NS,NONE,0.1,0.0
3265,32Nvl_L2_NS,32NVL_NS,0.095,0.095
3265,NvcNvl_L3_NS,NONE,0.007,0.0
3265,NvcNvl_L2_NS,NONE,0.007,0.0
3265,NvcNvl_L1_EW,NVCNVL_EW,0.007,-0.002
3265,NvcNvl_L2_EW,NVCNVL_EW,0.008,0.008
3265,32Mt_L1_EW,32MT_EW,0.014,0.014
3265,NvcMt_L1_EW,NVCMT_EW,0.013,-0.019
3265,NvcCmt8_L2_EW,NVCCMT8_EW,0.026,0.026
3265,304Nvl_L3_EW,NONE,0.032,0.0
3265,32Nvl_L2_NS,32NVL_NS,0.013,0.013
3265,32Nvl_L1_NS,32NVL_NS,0.094,0.094
3265,NvcNvl_L1_NS,NONE,0.009,0.0
3265,NvcNvl_L3_EW,NONE,0.009,0.0
3265,32Mt_L2_EW,32MT_EW,0.005,0.005
3265,NvcMt_L2_EW,NVCMT_EW,0.016,-0.008
3265,NvcMt_L1_EW,NVCMT_EW,0.006,-0.026
3265,NvcCmt8_L1_EW,NVCCMT8_EW,0.038,0.03
3270,32Nvl_L3_NS,NONE,0.075,0.0
3270,32Nvl_L2_NS,32NVL_NS,0.071,0.071
3270,NvcNvl_L1_EW,NONE,0.011,0.0
3270,NvcNvl_L2_EW,NONE,0.008,0.0
3270,32Mt_L1_EW,NONE,0.007,0.0
3270,32Mt_L1_EW,32MT_EW,0.014,0.014
3270,NvcMt_L1_EW,NVCMT_EW,0.013,-0.014
3270,NvcCmt8_L2_EW,NVCCMT8_EW,0.026,0.026
3270,32Nvl_L1_NS,32NVL_NS,0.107,0.107
3270,32Mt_L2_EW,32MT_EW,0.011,0.011
3270,NvcMt_L2_EW,NVCMT_EW,0.016,-0.003
3270,NvcCmt8_L1_EW,NVCCMT8_EW,0.038,0.03
3275,304Nvl_L1_EW,304NVL_EW,0.008,0.008
3275,304Nvl_L2_EW,304NVL_EW,0.007,0.007
3275,32Nvl_L3_NS,NONE,0.17,0.0
3275,32Nvl_L1_NS,32NVL_NS,0.166,0.166
3275,32Nvl_L3_NS,NONE,0.008,0.0
3275,32Nvl_L2_NS,32NVL_NS,0.008,0.008
3275,NvcNvl_L1_EW,NVCNVL_EW,0.084,0.08
3275,NvcNvl_L2_EW,NVCNVL_EW,0.094,0.094
3275,32Mt_L1_EW,32MT_EW,0.007,0.007
3275,NvcMt_L1_EW,NVCMT_EW,0.006,-0.08
3275,NvcCmt8_L2_EW,NVCCMT8_EW,0.026,0.026
3275,304Nvl_L3_EW,NONE,0.006,0.0
3275,32Nvl_L2_NS,32NVL_NS,0.167,0.167
3275,32Nvl_L1_NS,32NVL_NS,0.027,0.027
3275,NvcNvl_L3_EW,NONE,0.112,0.0
3275,32Mt_L2_EW,32MT_EW,0.005,0.005
3275,NvcMt_L2_EW,NVCMT_EW,0.008,-0.076
3275,NvcCmt8_L1_EW,NVCCMT8_EW,0.038,0.034
3280,32Nvl_L3_NS,NONE,0.211,0.0
3280,32Nvl_L1_NS,32NVL_NS,0.249,0.249
3280,NvcNvl_L1_EW,NVCNVL_EW,0.099,0.099
3280,NvcNvl_L2_EW,NVCNVL_EW,0.109,0.109
3280,32Mt_L1_NS,NONE,0.049,0.0
3280,NvcMt_L2_NS,NONE,0.005,0.0
3280,32Nvl_L2_NS,32NVL_NS,0.24,0.24
3280,32Nvl_L1_NS,32NVL_NS,0.007,0.007
3280,NvcNvl_L3_EW,NONE,0.13,0.0
3280,32Mt_L2_NS,NONE,0.043,0.0
3280,NvcMt_L1_NS,NONE,0.005,0.0
3285,304Nvl_L1_EW,304NVL_EW,0.042,0.042
3285,32Nvl_L3_NS,NONE,0.034,0.0
3285,32Nvl_L1_NS,32NVL_NS,0.083,0.083
3285,32Nvl_L3_NS,NONE,0.008,0.0
3285,32Nvl_L2_NS,32NVL_NS,0.008,0.008
3285,NvcNvl_L3_NS,NONE,0.041,0.0
3285,NvcNvl_L2_NS,NONE,0.04,0.0
3285,NvcNvl_L1_EW,NVCNVL_EW,0.007,0.007
3285,NvcNvl_L2_EW,NVCNVL_EW,0.008,0.008
3285,32Mt_L1_EW,NONE,0.043,0.0
3285,32Mt_L3_EW,NONE,0.053,0.0
3285,NvcMt_L2_NS,NONE,0.011,0.0
3285,32Nvl_L2_NS,32NVL_NS,0.073,0.073
3285,32Nvl_L1_NS,32NVL_NS,0.013,0.013
3285,NvcNvl_L1_NS,NONE,0.052,0.0
3285,32Mt_L2_EW,NONE,0.045,0.0
3285,NvcMt_L1_NS,NONE,0.011,0.0
3285,NvcCmt8_L1_EW,NONE,0.029,0.0
3290,304Nvl_L1_EW,304NVL_EW,0.008,0.008
3290,304Nvl_L2_EW,304NVL_EW,0.007,0.007
3290,32Nvl_L1_NS,32NVL_NS,0.055,0.055
3290,NvcNvl_L1_EW,NVCNVL_EW,0.007,0.007
3290,NvcNvl_L2_EW,NVCNVL_EW,0.008,0.008
3290,32Mt_L1_NS,32MT_NS,0.031,0.031
3290,32Mt_L1_EW,NONE,0.029,0.0
3290,32Mt_L3_EW,NONE,0.035,0.0
3290,32Mt_L1_NS,NONE,0.049,0.0
3290,NvcMt_L2_NS,NONE,0.005,0.0
3290,304Nvl_L3_EW,NONE,0.006,0.0
3290,32Nvl_L2_NS,32NVL_NS,0.033,0.033
3290,32Nvl_L1_NS,32NVL_NS,0.081,0.081
3290,NvcNvl_L3_EW,NONE,0.009,0.0
3290,32Mt_L2_EW,NONE,0.03,0.0
3290,32Mt_L2_NS,NONE,0.043,0.0
3290,NvcMt_L1_NS,NONE,0.005,0.0
3295,304Thn_L1_EW,NONE,0.007,0.0
3295,304Thn_L2_EW,NONE,0.008,0.0
3295,304Nvl_L1_EW,304NVL_EW,0.008,0.008
3295,304Nvl_L2_EW,304NVL_EW,0.007,0.007
3295,32Nvl_L1_NS,32NVL_NS,0.014,0.014
3295,NvcNvl_L1_EW,NVCNVL_EW,0.042,0.042
3295,NvcNvl_L2_EW,NVCNVL_EW,0.008,0.006
3295,32Mt_L1_NS,32MT_NS,0.031,0.031
3295,32Mt_L1_EW,NONE,0.022,0.0
3295,32Mt_L3_EW,NONE,0.027,0.0
3295,32Mt_L1_NS,NONE,0.049,0.0
3295,NvcMt_L2_EW,NVCMT_EW,0.003,-0.003
3295,304Nvl_L3_EW,NONE,0.006,0.0
3295,32Nvl_L1_NS,32NVL_NS,0.114,0.114
3295,NvcNvl_L3_EW,NONE,0.009,0.0
3295,32Mt_L2_EW,NONE,0.023,0.0
3295,NvcMt_L1_EW,NVCMT_EW,0.006,-0.024
3295,304Thn_L3_EW,NONE,0.008,0.0
3300,304Thn_L1_EW,304THN_EW,0.008,-0.004
3300,304Nvl_L1_EW,304NVL_EW,0.017,0.011
3300,304Nvl_L2_EW,304NVL_EW,0.007,0.007
3300,32Nvl_L3_NS,NONE,0.008,0.0
3300,32Nvl_L2_NS,32NVL_NS,0.008,0.008
3300,NvcNvl_L3_NS,NONE,0.014,0.0
3300,NvcNvl_L2_NS,NONE,0.013,0.0
3300,32Mt_L1_NS,32MT_NS,0.038,0.038
3300,32Mt_L1_EW,NONE,0.036,0.0
3300,32Mt_L1_EW,32MT_EW,0.028,0.028
3300,NvcMt_L2_NS,NONE,0.005,0.0
3300,NvcMt_L2_EW,NVCMT_EW,0.003,0.003
3300,304Nvl_L3_EW,NONE,0.006,0.0
3300,32Nvl_L1_NS,32NVL_NS,0.074,0.074
3300,NvcNvl_L1_NS,NONE,0.017,0.0
3300,32Mt_L2_EW,32MT_EW,0.016,0.016
3300,NvcMt_L1_NS,NONE,0.005,0.0
3300,NvcMt_L1_EW,NVCMT_EW,0.006,0.006
3305,304Nvl_L1_EW,304NVL_EW,0.042,0.042
3305,304Nvl_L2_EW,304NVL_EW,0.036,0.036
3305,304Nvl_L1_EW,NONE,0.008,0.0
3305,32Nvl_L3_NS,NONE,0.008,0.0
3305,32Nvl_L2_NS,32NVL_NS,0.008,0.008
3305,NvcNvl_L3_NS,NONE,0.007,0.0
3305,NvcNvl_L2_NS,NONE,0.007,0.0
3305,NvcNvl_L1_EW,NVCNVL_EW,0.007,0.007
3305,NvcNvl_L2_EW,NVCNVL_EW,0.008,0.008
3305,32Mt_L1_EW,32MT_EW,0.028,0.028
3305,32Mt_L1_NS,NONE,0.01,0.0
3305,304Nvl_L3_EW,NONE,0.032,0.0
3305,32Nvl_L1_NS,32NVL_NS,0.007,0.007
3305,NvcNvl_L1_NS,NONE,0.009,0.0
3305,NvcNvl_L3_EW,NONE,0.009,0.0
3305,32Mt_L2_EW,32MT_EW,0.016,0.016
3305,32Mt_L2_NS,NONE,0.009,0.0
3310,304Nvl_L1_EW,304NVL_EW,0.017,0.017
3310,304Nvl_L2_EW,304NVL_EW,0.015,0.015
3310,304Nvl_L1_EW,NONE,0.008,0.0
3310,NvcNvl_L1_EW,NVCNVL_EW,0.007,0.003
3310,32Mt_L1_NS,32MT_NS,0.006,0.006
3310,32Mt_L1_EW,NONE,0.007,0.0
3310,32Mt_L1_EW,32MT_EW,0.007,0.007
3310,NvcMt_L1_EW,NVCMT_EW,0.006,0.001
3310,304Nvl_L3_EW,NONE,0.013,0.0
3310,NvcMt_L2_EW,NVCMT_EW,0.008,0.008
3315,NvcNvl_L1_EW,NVCNVL_EW,0.007,0.007
3315,32Mt_L1_NS,32MT_NS,0.006,0.006
3315,32Mt_L1_EW,NONE,0.007,0.0
3315,32Mt_L1_NS,NONE,0.01,0.0
3315,32Nvl_L1_NS,32NVL_NS,0.013,0.013
3315,32Mt_L2_NS,NONE,0.009,0.0
3320,304Nvl_L1_EW,304NVL_EW,0.059,0.059
3320,304Nvl_L2_EW,304NVL_EW,0.007,0.007
3320,304Nvl_L1_NS,NONE,0.051,0.0
3320,304Nvl_L3_NS,NONE,0.056,0.0
3320,32Nvl_L3_NS,NONE,0.008,0.0
3320,32Nvl_L2_NS,32NVL_NS,0.008,0.008
3320,32Mt_L1_NS,32MT_NS,0.006,0.006
3320,304Nvl_L3_EW,NONE,0.006,0.0
3320,304Nvl_L2_NS,NONE,0.052,0.0
3320,32Nvl_L1_NS,32NVL_NS,0.007,0.007
3325,304Nvl_L1_EW,304NVL_EW,0.017,0.017
3325,304Nvl_L2_EW,304NVL_EW,0.007,0.007
3325,304Nvl_L1_NS,NONE,0.058,0.0
3325,304Nvl_L3_NS,NONE,0.064,0.0
3325,32Nvl_L3_NS,NONE,0.008,0.0
3325,32Nvl_L2_NS,32NVL_NS,0.008,0.008
3325,32Mt_L1_EW,32MT_EW,0.007,0.007
3325,32Mt_L1_NS,NONE,0.01,0.0
3325,32Thn_L1_EW,NONE,0.01,0.0
3325,32Thn_L2_EW,NONE,0.01,0.0
3325,304Nvl_L3_EW,NONE,0.006,0.0
3325,304Nvl_L2_NS,NONE,0.059,0.0
3325,32Nvl_L1_NS,32NVL_NS,0.007,0.007
3325,32Mt_L2_EW,32MT_EW,0.005,0.005
3325,32Mt_L2_NS,NONE,0.009,0.0
3330,304Nvl_L1_EW,304NVL_EW,0.008,0.008
3330,304Nvl_L1_NS,NONE,0.007,0.0
3330,32Nvl_L1_EW,32NVL_EW,0.007,0.007
3330,32Nvl_L2_EW,32NVL_EW,0.008,0.008
3330,32Nvl_L3_NS,NONE,0.008,0.0
3330,32Nvl_L2_NS,32NVL_NS,0.008,0.008
3330,NvcNvl_L3_NS,NONE,0.034,0.0
3330,NvcNvl_L2_NS,NONE,0.033,0.0
3330,32Mt_L1_NS,32MT_NS,0.006,0.006
3330,NvcMt_L2_NS,NONE,0.005,0.0
3330,32Thn_L1_EW,NONE,0.01,0.0
3330,32Thn_L2_EW,NONE,0.01,0.0
3330,32Thn_L3_EW,NONE,0.007,0.0
3330,32Nvl_L3_EW,NONE,0.006,0.0
3330,32Nvl_L1_NS,32NVL_NS,0.007,0.007
3330,NvcNvl_L1_NS,NONE,0.044,0.0
3330,NvcMt_L1_NS,NONE,0.005,0.0
3335,304Nvl_L1_EW,304NVL_EW,0.025,0.025
3335,304Nvl_L1_NS,NONE,0.007,0.0
3335,32Nvl_L1_EW,32NVL_EW,0.021,0.016
3335,32Nvl_L2_EW,32NVL_EW,0.023,0.023
3335,32Nvl_L3_NS,NONE,0.042,0.0
3335,32Nvl_L2_NS,32NVL_NS,0.039,0.039
3335,32Mt_L1_NS,32MT_NS,0.006,0.006
3335,32Mt_L1_EW,NONE,0.007,0.0
3335,32Thn_L1_EW,32THN_EW,0.008,-0.007
3335,32Nvl_L3_EW,NONE,0.019,0.0
3335,32Nvl_L1_NS,32NVL_NS,0.034,0.034
3340,304Nvl_L1_EW,304NVL_EW,0.008,0.008
3340,304Nvl_L2_EW,304NVL_EW,0.007,0.007
3340,32Nvl_L1_NS,32NVL_NS,0.007,0.007
3340,32Nvl_L1_EW,32NVL_EW,0.014,0.014
3340,32Nvl_L2_EW,32NVL_EW,0.015,0.015
3340,NvcNvl_L1_EW,NONE,0.053,0.0
3340,NvcNvl_L2_EW,NONE,0.038,0.0
3340,NvcNvl_L1_EW,NVCNVL_EW,0.007,0.007
3340,NvcNvl_L2_EW,NVCNVL_EW,0.008,0.008
3340,32Mt_L1_NS,32MT_NS,0.006,0.001
3340,NvcMt_L1_NS,NVCMT_NS,0.007,0.002
3340,304Nvl_L3_EW,NONE,0.006,0.0
3340,32Nvl_L3_EW,NONE,0.013,0.0
3340,NvcMt_L2_NS,NVCMT_NS,0.005,0.005
3345,304Nvl_L1_EW,304NVL_EW,0.008,0.008
3345,304Nvl_L2_EW,304NVL_EW,0.007,0.007
3345,32Nvl_L1_NS,32NVL_NS,0.035,0.035
3345,32Nvl_L1_EW,32NVL_EW,0.007,0.002
3345,32Nvl_L2_EW,32NVL_EW,0.008,0.004
3345,NvcNvl_L3_NS,NONE,0.014,0.0
3345,NvcNvl_L2_NS,NONE,0.013,0.0
3345,NvcNvl_L1_EW,NVCNVL_EW,0.007,0.003
3345,NvcNvl_L2_EW,NVCNVL_EW,0.008,0.008
3345,32Mt_L1_EW,32MT_EW,0.007,0.002
3345,NvcMt_L1_EW,NVCMT_EW,0.006,0.001
3345,NvcMt_L1_NS,NVCMT_NS,0.007,0.007
3345,304Nvl_L3_EW,NONE,0.006,0.0
3345,32Nvl_L3_EW,NONE,0.006,0.0
3345,32Nvl_L1_NS,32NVL_NS,0.007,0.007
3345,NvcNvl_L1_NS,NONE,0.017,0.0
3345,NvcNvl_L3_EW,NONE,0.009,0.0
3345,32Mt_L2_EW,32MT_EW,0.005,0.0
3345,NvcMt_L2_EW,NVCMT_EW,0.008,0.002
3345,NvcMt_L2_NS,NVCMT_NS,0.005,0.005
3350,304Nvl_L1_EW,304NVL_EW,0.008,0.008
3350,32Nvl_L1_EW,32NVL_EW,0.007,0.007
3350,32Nvl_L2_EW,32NVL_EW,0.008,0.008
3350,32Nvl_L3_NS,NONE,0.008,0.0
3350,32Nvl_L2_NS,32NVL_NS,0.008,0.008
3350,32Mt_L1_NS,NONE,0.01,0.0
3350,NvcMt_L1_EW,NVCMT_EW,0.006,0.006
3350,NvcMt_L1_NS,NVCMT_NS,0.007,0.007
3350,NvcCmt8_L2_NS,NONE,0.011,0.0
3350,NvcCmt8_L1_NS,NONE,0.008,0.0
3350,32Nvl_L3_EW,NONE,0.006,0.0
3350,32Nvl_L1_NS,32NVL_NS,0.007,0.007
3350,NvcMt_L2_EW,NVCMT_EW,0.008,0.008
3350,NvcMt_L2_NS,NVCMT_NS,0.005,0.005
3355,304Nvl_L1_EW,304NVL_EW,0.008,0.008
3355,304Nvl_L2_EW,304NVL_EW,0.007,0.007
3355,304Nvl_L1_NS,NONE,0.007,0.0
3355,32Nvl_L3_NS,NONE,0.007,0.0
3355,32Nvl_L1_NS,32NVL_NS,0.007,0.002
3355,32Nvl_L1_EW,32NVL_EW,0.007,0.001
3355,32Nvl_L2_EW,32NVL_EW,0.008,0.002
3355,NvcNvl_L1_NS,NVCNVL_NS,0.007,0.002
3355,NvcMt_L1_NS,NVCMT_NS,0.007,0.007
3355,32Thn_L1_EW,32THN_EW,0.008,0.003
3355,32Thn_L2_EW,32THN_EW,0.008,0.003
3355,32Thn_L3_EW,NONE,0.008,0.0
3355,304Nvl_L3_EW,NONE,0.006,0.0
3355,32Nvl_L2_NS,32NVL_NS,0.007,0.007
3355,32Nvl_L3_EW,NONE,0.006,0.0
3355,NvcMt_L2_NS,NVCMT_NS,0.005,0.005
3360,304Nvl_L1_NS,NONE,0.007,0.0
3360,304Nvl_L3_NS,NONE,0.008,0.0
3360,32Nvl_L3_NS,NONE,0.007,0.0
3360,32Nvl_L1_NS,32NVL_NS,0.014,0.009
3360,32Nvl_L3_NS,NONE,0.008,0.0
3360,32Nvl_L2_NS,32NVL_NS,0.008,0.008
3360,NvcNvl_L1_NS,NVCNVL_NS,0.007,-0.003
3360,32Mt_L1_NS,32MT_NS,0.006,0.001
3360,32Mt_L1_EW,32MT_EW,0.007,0.007
3360,NvcMt_L1_NS,NVCMT_NS,0.007,0.002
3360,NvcCmt8_L2_NS,NONE,0.011,0.0
3360,32Thn_L1_EW,NONE,0.01,0.0
3360,NvcCmt8_L1_NS,NONE,0.008,0.0
3360,304Nvl_L2_NS,NONE,0.007,0.0
3360,32Nvl_L2_NS,32NVL_NS,0.013,0.013
3360,32Nvl_L1_NS,32NVL_NS,0.007,0.002
3360,32Mt_L2_NS,32MT_NS,0.006,0.003
3360,32Mt_L2_EW,32MT_EW,0.005,0.005
3360,NvcMt_L2_NS,NVCMT_NS,0.005,0.001
3365,32Nvl_L3_NS,NONE,0.007,0.0
3365,32Nvl_L1_NS,32NVL_NS,0.014,0.014
3365,32Nvl_L3_NS,NONE,0.025,0.0
3365,32Nvl_L2_NS,32NVL_NS,0.024,0.024
3365,NvcNvl_L1_EW,NONE,0.011,0.0
3365,NvcNvl_L2_EW,NONE,0.008,0.0
3365,NvcNvl_L1_EW,NVCNVL_EW,0.007,0.007
3365,NvcNvl_L2_EW,NVCNVL_EW,0.008,0.008
3365,32Mt_L1_NS,32MT_NS,0.006,0.006
3365,32Mt_L1_EW,32MT_EW,0.091,0.091
3365,NvcCmt8_L2_EW,NVCCMT8_EW,0.005,0.005
3365,32Nvl_L2_NS,32NVL_NS,0.013,0.013
3365,32Nvl_L1_NS,32NVL_NS,0.027,0.027
3365,NvcNvl_L3_EW,NONE,0.006,0.0
3365,NvcNvl_L3_EW,NONE,0.009,0.0
3365,32Mt_L2_NS,32MT_NS,0.006,0.006
3365,32Mt_L2_EW,32MT_EW,0.071,0.071
3365,NvcCmt8_L1_EW,NVCCMT8_EW,0.008,0.008
3370,304Thn_L1_EW,NONE,0.007,0.0
3370,304Thn_L2_EW,NONE,0.008,0.0
3370,304Nvl_L1_EW,304NVL_EW,0.008,0.008
3370,304Nvl_L1_NS,NONE,0.036,0.0
3370,304Nvl_L3_NS,NONE,0.04,0.0
3370,32Nvl_L3_NS,NONE,0.007,0.0
3370,32Nvl_L1_NS,32NVL_NS,0.014,0.014
3370,32Nvl_L3_NS,NONE,0.025,0.0
3370,32Nvl_L2_NS,32NVL_NS,0.024,0.024
3370,NvcNvl_L1_EW,NVCNVL_EW,0.007,0.007
3370,NvcNvl_L2_EW,NVCNVL_EW,0.008,0.008
3370,32Mt_L1_NS,32MT_NS,0.006,0.006
3370,32Mt_L1_EW,NONE,0.007,0.0
3370,32Mt_L3_EW,NONE,0.009,0.0
3370,32Mt_L1_EW,32MT_EW,0.084,0.084
3370,NvcCmt8_L2_EW,NVCCMT8_EW,0.005,0.005
3370,304Nvl_L2_NS,NONE,0.037,0.0
3370,32Nvl_L2_NS,32NVL_NS,0.013,0.013
3370,32Nvl_L1_NS,32NVL_NS,0.027,0.027
3370,NvcNvl_L3_EW,NONE,0.009,0.0
3370,32Mt_L2_NS,32MT_NS,0.006,0.006
3370,32Mt_L2_EW,NONE,0.008,0.0
3370,32Mt_L2_EW,32MT_EW,0.065,0.065
3370,NvcCmt8_L1_NS,NONE,0.011,0.0
3370,NvcCmt8_L1_EW,NVCCMT8_EW,0.008,0.008
3375,304Nvl_L1_NS,304NVL_NS,0.009,0.009
3375,304Nvl_L3_NS,NONE,0.007,0.0
3375,304Nvl_L1_EW,304NVL_EW,0.025,0.025
3375,304Nvl_L2_EW,304NVL_EW,0.007,0.007
3375,NvcNvl_L1_EW,NVCNVL_EW,0.014,0.014
3375,NvcNvl_L2_EW,NVCNVL_EW,0.016,0.016
3375,32Mt_L1_EW,32MT_EW,0.084,0.084
3375,32Mt_L1_NS,NONE,0.01,0.0
3375,NvcCmt8_L2_EW,NVCCMT8_EW,0.005,0.005
3375,304Nvl_L2_NS,304NVL_NS,0.008,0.008
3375,304Nvl_L3_EW,NONE,0.006,0.0
3375,32Nvl_L1_NS,32NVL_NS,0.007,0.0
3375,NvcNvl_L3_EW,NONE,0.019,0.0
3375,32Mt_L2_EW,32MT_EW,0.065,0.065
3375,NvcCmt8_L1_EW,NVCCMT8_EW,0.008,0.008
3380,304Thn_L1_EW,304THN_EW,0.008,-0.004
3380,304Nvl_L1_NS,304NVL_NS,0.009,0.004
3380,304Nvl_L3_NS,NONE,0.007,0.0
3380,304Nvl_L1_EW,304NVL_EW,0.017,0.011
3380,304Nvl_L2_EW,304NVL_EW,0.015,0.015
3380,32Nvl_L1_NS,32NVL_NS,0.007,0.001
3380,NvcNvl_L3_NS,NONE,0.007,0.0
3380,NvcNvl_L2_NS,NONE,0.007,0.0
3380,NvcNvl_L1_EW,NVCNVL_EW,0.021,0.021
3380,NvcNvl_L2_EW,NVCNVL_EW,0.023,0.023
3380,32Mt_L1_EW,32MT_EW,0.084,0.084
3380,32Mt_L1_NS,NONE,0.01,0.0
3380,NvcCmt8_L2_EW,NVCCMT8_EW,0.005,0.005
3380,304Nvl_L2_NS,304NVL_NS,0.008,0.008
3380,304Nvl_L3_EW,NONE,0.013,0.0
3380,32Nvl_L2_NS,32NVL_NS,0.007,0.001
3380,NvcNvl_L1_NS,NONE,0.009,0.0
3380,NvcNvl_L3_EW,NONE,0.028,0.0
3380,32Mt_L2_EW,32MT_EW,0.065,0.065
3380,NvcCmt8_L1_EW,NVCCMT8_EW,0.008,0.008
3385,304Nvl_L1_NS,304NVL_NS,0.009,-0.001
3385,304Nvl_L3_NS,NONE,0.007,0.0
3385,304Nvl_L1_NS,NONE,0.007,0.0
3385,32Nvl_L1_NS,32NVL_NS,0.014,0.008
3385,NvcNvl_L1_EW,NVCNVL_EW,0.014,0.014
3385,NvcNvl_L2_EW,NVCNVL_EW,0.016,0.016
3385,32Mt_L1_EW,32MT_EW,0.091,0.091
3385,304Nvl_L2_NS,304NVL_NS,0.008,0.008
3385,32Nvl_L1_NS,32NVL_NS,0.007,0.0
3385,NvcNvl_L3_EW,NONE,0.019,0.0
3385,32Mt_L2_EW,32MT_EW,0.065,0.065
3385,NvcCmt8_L1_EW,NONE,0.006,0.0
3390,304Thn_L1_EW,304THN_EW,0.008,0.008
3390,304Thn_L3_EW,NONE,0.008,0.0
3390,304Nvl_L1_NS,304NVL_NS,0.009,0.004
3390,304Nvl_L3_NS,NONE,0.007,0.0
3390,304Nvl_L1_NS,NONE,0.015,0.0
3390,32Nvl_L1_NS,32NVL_NS,0.007,-0.004
3390,32Nvl_L1_EW,32NVL_EW,0.007,-0.056
3390,32Nvl_L2_EW,32NVL_EW,0.008,-0.042
3390,NvcNvl_L3_NS,NONE,0.007,0.0
3390,NvcNvl_L2_NS,NONE,0.007,0.0
3390,NvcNvl_L1_EW,NVCNVL_EW,0.021,0.021
3390,NvcNvl_L2_EW,NVCNVL_EW,0.016,0.016
3390,NvcNvl_L1_NS,NVCNVL_NS,0.007,0.002
3390,32Mt_L1_EW,NONE,0.007,0.0
3390,32Mt_L1_EW,32MT_EW,0.091,0.086
3390,304Nvl_L2_NS,304NVL_NS,0.008,0.008
3390,32Nvl_L3_EW,NONE,0.006,0.0
3390,32Nvl_L1_NS,32NVL_NS,0.007,-0.004
3390,NvcNvl_L1_NS,NONE,0.009,0.0
3390,NvcNvl_L3_EW,NONE,0.019,0.0
3390,32Mt_L2_EW,32MT_EW,0.071,0.065
3390,304Thn_L2_EW,304THN_EW,0.007,0.007
3395,304Thn_L1_EW,304THN_EW,0.008,0.008
3395,304Thn_L3_EW,NONE,0.008,0.0
3395,304Nvl_L1_NS,304NVL_NS,0.009,0.009
3395,304Nvl_L3_NS,NONE,0.007,0.0
3395,32Nvl_L1_EW,32NVL_EW,0.014,-0.049
3395,32Nvl_L2_EW,32NVL_EW,0.015,-0.034
3395,NvcNvl_L1_EW,NVCNVL_EW,0.021,0.021
3395,NvcNvl_L2_EW,NVCNVL_EW,0.016,0.016
3395,32Mt_L1_EW,NONE,0.036,0.0
3395,32Mt_L3_EW,NONE,0.044,0.0
3395,32Mt_L1_EW,32MT_EW,0.091,0.081
3395,304Nvl_L2_NS,304NVL_NS,0.008,0.008
3395,32Nvl_L3_EW,NONE,0.013,0.0
3395,32Nvl_L1_NS,32NVL_NS,0.007,0.0
3395,NvcNvl_L3_EW,NONE,0.019,0.0
3395,32Mt_L2_EW,NONE,0.038,0.0
3395,32Mt_L2_EW,32MT_EW,0.071,0.06
3395,304Thn_L2_EW,304THN_EW,0.007,0.007
3400,304Thn_L1_EW,304THN_EW,0.008,-0.027
3400,304Thn_L3_EW,NONE,0.008,0.0
3400,304Nvl_L1_NS,304NVL_NS,0.009,0.009
3400,304Nvl_L3_NS,NONE,0.007,0.0
3400,304Nvl_L1_EW,304NVL_EW,0.051,0.045
3400,304Nvl_L2_EW,304NVL_EW,0.044,0.038
3400,32Nvl_L1_EW,32NVL_EW,0.007,-0.052
3400,32Nvl_L2_EW,32NVL_EW,0.008,-0.038
3400,32Nvl_L3_NS,NONE,0.008,0.0
3400,32Nvl_L2_NS,32NVL_NS,0.008,0.003
3400,NvcNvl_L3_NS,NONE,0.007,0.0
3400,NvcNvl_L2_NS,NONE,0.007,0.0
3400,NvcNvl_L1_EW,NONE,0.011,0.0
3400,NvcNvl_L2_EW,NONE,0.008,0.0
3400,NvcNvl_L1_EW,NVCNVL_EW,0.021,0.021
3400,NvcNvl_L2_EW,NVCNVL_EW,0.016,0.016
3400,32Mt_L1_EW,NONE,0.007,0.0
3400,32Mt_L3_EW,NONE,0.009,0.0
3400,32Mt_L1_EW,32MT_EW,0.084,0.079
3400,32Mt_L1_NS,NONE,0.01,0.0
3400,304Nvl_L2_NS,304NVL_NS,0.008,0.002
3400,304Nvl_L3_EW,NONE,0.038,0.0
3400,32Nvl_L3_EW,NONE,0.006,0.0
3400,32Nvl_L1_NS,32NVL_NS,0.007,0.0
3400,NvcNvl_L1_NS,NONE,0.009,0.0
3400,NvcNvl_L3_EW,NONE,0.019,0.0
3400,32Mt_L2_EW,NONE,0.008,0.0
3400,32Mt_L2_EW,32MT_EW,0.065,0.06
3400,32Mt_L2_NS,NONE,0.009,0.0
3400,304Thn_L2_EW,304THN_EW,0.007,-0.023
3405,304Nvl_L1_NS,304NVL_NS,0.009,0.009
3405,304Nvl_L3_NS,NONE,0.007,0.0
3405,32Nvl_L1_EW,32NVL_EW,0.007,-0.082
3405,32Nvl_L2_EW,32NVL_EW,0.008,-0.044
3405,32Nvl_L1_EW,32NVL_EW,0.013,-0.075
3405,32Nvl_L2_EW,32NVL_EW,0.007,-0.044
3405,NvcNvl_L3_NS,NONE,0.041,0.0
3405,NvcNvl_L2_NS,NONE,0.04,0.0
3405,NvcNvl_L1_EW,NVCNVL_EW,0.056,0.056
3405,NvcNvl_L2_EW,NVCNVL_EW,0.062,0.062
3405,32Mt_L1_EW,NONE,0.007,0.0
3405,32Mt_L3_EW,NONE,0.009,0.0
3405,32Mt_L1_EW,32MT_EW,0.119,0.114
3405,32Mt_L1_NS,NONE,0.01,0.0
3405,32Thn_L1_EW,32THN_EW,0.008,0.003
3405,32Thn_L2_EW,32THN_EW,0.008,0.003
3405,32Thn_L3_EW,NONE,0.008,0.0
3405,304Nvl_L2_NS,304NVL_NS,0.008,0.008
3405,32Nvl_L3_EW,NONE,0.006,0.0
3405,32Nvl_L3_EW,NONE,0.006,0.0
3405,NvcNvl_L1_NS,NONE,0.052,0.0
3405,NvcNvl_L3_EW,NONE,0.074,0.0
3405,32Mt_L2_EW,NONE,0.008,0.0
3405,32Mt_L2_EW,32MT_EW,0.065,0.06
3405,32Mt_L2_NS,NONE,0.009,0.0
3410,304Thn_L1_EW,NONE,0.007,0.0
3410,304Nvl_L1_NS,304NVL_NS,0.009,0.009
3410,304Nvl_L3_NS,NONE,0.007,0.0
3410,304Nvl_L1_EW,304NVL_EW,0.017,0.017
3410,304Nvl_L2_EW,304NVL_EW,0.015,0.015
3410,304Nvl_L1_NS,NONE,0.036,0.0
3410,32Nvl_L1_EW,32NVL_EW,0.007,-0.086
3410,32Nvl_L2_EW,32NVL_EW,0.008,-0.044
3410,32Nvl_L1_EW,32NVL_EW,0.013,-0.08
3410,32Nvl_L2_EW,32NVL_EW,0.007,-0.044
3410,NvcNvl_L3_NS,NONE,0.02,0.0
3410,NvcNvl_L2_NS,NONE,0.02,0.0
3410,NvcNvl_L1_EW,NVCNVL_EW,0.056,0.056
3410,NvcNvl_L2_EW,NVCNVL_EW,0.062,0.053
3410,32Mt_L1_EW,NONE,0.007,0.0
3410,32Mt_L1_EW,32MT_EW,0.126,0.121
3410,32Mt_L1_NS,NONE,0.01,0.0
3410,NvcMt_L2_EW,NVCMT_EW,0.013,-0.03
3410,NvcMt_L1_NS,NVCMT_NS,0.034,0.034
3410,32Thn_L1_EW,32THN_EW,0.008,0.003
3410,32Thn_L2_EW,32THN_EW,0.008,0.003
3410,32Thn_L3_EW,NONE,0.008,0.0
3410,304Nvl_L2_NS,304NVL_NS,0.008,0.008
3410,304Nvl_L3_EW,NONE,0.013,0.0
3410,32Nvl_L3_EW,NONE,0.006,0.0
3410,32Nvl_L3_EW,NONE,0.006,0.0
3410,NvcNvl_L1_NS,NONE,0.026,0.0
3410,NvcNvl_L3_EW,NONE,0.074,0.0
3410,32Mt_L2_EW,32MT_EW,0.065,0.06
3410,32Mt_L2_NS,NONE,0.009,0.0
3410,NvcMt_L1_EW,NVCMT_EW,0.028,-0.012
3410,NvcMt_L2_NS,NVCMT_NS,0.027,0.027
3415,304Nvl_L1_NS,304NVL_NS,0.009,-0.005
3415,304Nvl_L3_NS,NONE,0.007,0.0
3415,304Nvl_L1_EW,304NVL_EW,0.025,0.025
3415,304Nvl_L2_EW,304NVL_EW,0.015,0.015
3415,304Nvl_L1_NS,NONE,0.007,0.0
3415,304Nvl_L3_NS,NONE,0.008,0.0
3415,32Nvl_L3_NS,NONE,0.014,0.0
3415,32Nvl_L1_NS,32NVL_NS,0.021,0.014
3415,32Nvl_L1_EW,32NVL_EW,0.007,-0.096
3415,32Nvl_L2_EW,32NVL_EW,0.008,-0.063
3415,32Nvl_L1_EW,32NVL_EW,0.007,-0.097
3415,32Nvl_L2_EW,32NVL_EW,0.007,-0.063
3415,32Nvl_L3_NS,NONE,0.042,0.0
3415,32Nvl_L2_NS,32NVL_NS,0.039,0.034
3415,NvcNvl_L1_EW,NVCNVL_EW,0.056,0.052
3415,NvcNvl_L2_EW,NVCNVL_EW,0.062,0.053
3415,32Mt_L1_EW,NONE,0.007,0.0
3415,32Mt_L3_EW,NONE,0.009,0.0
3415,32Mt_L1_EW,32MT_EW,0.139,0.135
3415,NvcMt_L1_EW,NVCMT_EW,0.006,-0.033
3415,NvcMt_L2_EW,NVCMT_EW,0.013,-0.03
3415,32Thn_L1_EW,32THN_EW,0.008,0.003
3415,32Thn_L2_EW,32THN_EW,0.008,0.003
3415,32Thn_L3_EW,NONE,0.008,0.0
3415,304Nvl_L2_NS,304NVL_NS,0.008,-0.02
3415,304Nvl_L3_EW,NONE,0.013,0.0
3415,304Nvl_L2_NS,NONE,0.007,0.0
3415,32Nvl_L2_NS,32NVL_NS,0.02,0.015
3415,32Nvl_L3_EW,NONE,0.006,0.0
3415,32Nvl_L3_EW,NONE,0.006,0.0
3415,32Nvl_L1_NS,32NVL_NS,0.034,0.027
3415,NvcNvl_L3_EW,NONE,0.074,0.0
3415,32Mt_L2_EW,NONE,0.008,0.0
3415,32Mt_L2_EW,32MT_EW,0.092,0.087
3415,NvcMt_L2_EW,NVCMT_EW,0.008,-0.036
3415,NvcMt_L1_EW,NVCMT_EW,0.028,-0.012
3420,304Nvl_L1_NS,304NVL_NS,0.009,0.004
3420,304Nvl_L3_NS,NONE,0.007,0.0
3420,304Nvl_L1_NS,NONE,0.015,0.0
3420,304Nvl_L3_NS,NONE,0.008,0.0
3420,32Nvl_L1_NS,32NVL_NS,0.007,0.001
3420,32Nvl_L1_EW,32NVL_EW,0.007,-0.101
3420,32Nvl_L2_EW,32NVL_EW,0.008,-0.048
3420,32Nvl_L1_EW,32NVL_EW,0.007,-0.101
3420,32Nvl_L2_EW,32NVL_EW,0.007,-0.048
3420,NvcNvl_L1_EW,NVCNVL_EW,0.014,0.005
3420,32Mt_L1_EW,32MT_EW,0.146,0.141
3420,NvcMt_L1_EW,NVCMT_EW,0.013,0.003
3420,NvcMt_L2_EW,NVCMT_EW,0.013,0.013
3420,NvcCmt8_L2_EW,NONE,0.037,0.0
3420,32Thn_L1_EW,32THN_EW,0.008,0.003
3420,32Thn_L2_EW,32THN_EW,0.008,0.003
3420,32Thn_L3_EW,NONE,0.008,0.0
3420,304Nvl_L2_NS,304NVL_NS,0.008,0.008
3420,304Nvl_L2_NS,NONE,0.007,0.0
3420,32Nvl_L3_EW,NONE,0.006,0.0
3420,32Nvl_L3_EW,NONE,0.006,0.0
3420,32Mt_L2_EW,32MT_EW,0.071,0.065
3420,NvcMt_L2_EW,NVCMT_EW,0.016,0.016
3420,NvcMt_L1_EW,NVCMT_EW,0.028,0.018
3420,NvcCmt8_L1_EW,NONE,0.029,0.0
3425,304Nvl_L1_NS,304NVL_NS,0.009,0.009
3425,304Nvl_L3_NS,NONE,0.007,0.0
3425,304Nvl_L1_EW,304NVL_EW,0.017,0.017
3425,304Nvl_L1_NS,NONE,0.007,0.0
3425,32Nvl_L1_EW,32NVL_EW,0.007,-0.066
3425,32Nvl_L2_EW,32NVL_EW,0.008,-0.046
3425,32Nvl_L1_EW,32NVL_EW,0.007,-0.067
3425,32Nvl_L2_EW,32NVL_EW,0.007,-0.046
3425,32Nvl_L3_NS,NONE,0.017,0.0
3425,32Nvl_L2_NS,32NVL_NS,0.016,0.01
3425,NvcNvl_L3_NS,NONE,0.041,0.0
3425,NvcNvl_L2_NS,NONE,0.04,0.0
3425,NvcNvl_L1_EW,NONE,0.011,0.0
3425,NvcNvl_L2_EW,NONE,0.008,0.0
3425,NvcNvl_L1_EW,NVCNVL_EW,0.007,0.007
3425,32Mt_L1_EW,NONE,0.007,0.0
3425,32Mt_L3_EW,NONE,0.009,0.0
3425,32Mt_L1_EW,32MT_EW,0.105,0.1
3425,32Mt_L1_NS,NONE,0.059,0.0
3425,32Thn_L1_EW,NONE,0.01,0.0
3425,304Nvl_L2_NS,304NVL_NS,0.008,-0.003
3425,32Nvl_L3_EW,NONE,0.006,0.0
3425,32Nvl_L3_EW,NONE,0.006,0.0
3425,32Nvl_L1_NS,32NVL_NS,0.034,0.027
3425,NvcNvl_L1_NS,NONE,0.052,0.0
3425,NvcNvl_L3_EW,NONE,0.006,0.0
3425,32Mt_L2_EW,NONE,0.008,0.0
3425,32Mt_L2_EW,32MT_EW,0.076,0.071
3425,32Mt_L2_NS,NONE,0.043,0.0
3430,304Nvl_L1_NS,304NVL_NS,0.009,0.009
3430,304Nvl_L3_NS,NONE,0.007,0.0
3430,304Nvl_L1_EW,304NVL_EW,0.008,0.008
3430,32Nvl_L1_EW,32NVL_EW,0.057,0.036
3430,32Nvl_L2_EW,32NVL_EW,0.062,0.045
3430,32Nvl_L1_EW,32NVL_EW,0.007,-0.014
3430,32Nvl_L2_EW,32NVL_EW,0.007,-0.01
3430,32Nvl_L3_NS,NONE,0.025,0.0
3430,32Nvl_L2_NS,32NVL_NS,0.024,0.018
3430,NvcNvl_L3_NS,NONE,0.041,0.0
3430,NvcNvl_L2_NS,NONE,0.04,0.0
3430,NvcNvl_L1_EW,NONE,0.064,0.0
3430,NvcNvl_L2_EW,NONE,0.046,0.0
3430,32Mt_L1_EW,32MT_EW,0.021,-0.019
3430,32Mt_L1_NS,NONE,0.01,0.0
3430,NvcCmt8_L2_EW,NVCCMT8_EW,0.005,0.005
3430,NvcCmt8_L2_NS,NONE,0.011,0.0
3430,32Thn_L1_EW,NONE,0.01,0.0
3430,32Thn_L1_EW,32THN_EW,0.008,-0.032
3430,32Thn_L2_EW,32THN_EW,0.008,-0.035
3430,NvcCmt8_L1_NS,NONE,0.008,0.0
3430,32Thn_L3_EW,NONE,0.008,0.0
3430,304Nvl_L2_NS,304NVL_NS,0.008,-0.009
3430,32Nvl_L3_EW,NONE,0.006,0.0
3430,32Nvl_L3_EW,NONE,0.05,0.0
3430,32Nvl_L1_NS,32NVL_NS,0.054,0.047
3430,NvcNvl_L1_NS,NONE,0.052,0.0
3430,NvcNvl_L3_EW,NONE,0.006,0.0
3430,32Mt_L2_EW,32MT_EW,0.016,-0.027
3430,32Mt_L2_NS,NONE,0.009,0.0
3430,NvcCmt8_L1_EW,NVCCMT8_EW,0.046,0.046
3435,304Nvl_L1_NS,304NVL_NS,0.009,-0.02
3435,304Nvl_L3_NS,NONE,0.007,0.0
3435,304Nvl_L1_EW,304NVL_EW,0.051,0.051
3435,304Nvl_L2_EW,304NVL_EW,0.044,0.044
3435,32Nvl_L3_NS,NONE,0.034,0.0
3435,32Nvl_L1_NS,32NVL_NS,0.042,0.012
3435,32Nvl_L1_EW,32NVL_EW,0.042,0.038
3435,32Nvl_L2_EW,32NVL_EW,0.046,0.043
3435,32Nvl_L1_EW,32NVL_EW,0.007,0.002
3435,32Nvl_L2_EW,32NVL_EW,0.007,0.004
3435,32Nvl_L3_NS,NONE,0.008,0.0
3435,32Nvl_L2_NS,32NVL_NS,0.008,0.003
3435,NvcNvl_L3_NS,NONE,0.088,0.0
3435,NvcNvl_L2_NS,NONE,0.086,0.0
3435,NvcNvl_L1_EW,NONE,0.053,0.0
3435,NvcNvl_L2_EW,NONE,0.038,0.0
3435,NvcNvl_L1_NS,NVCNVL_NS,0.033,0.004
3435,32Mt_L1_EW,32MT_EW,0.007,-0.023
3435,32Mt_L1_NS,NONE,0.137,0.0
3435,32Thn_L1_EW,NONE,0.019,0.0
3435,304Nvl_L2_NS,304NVL_NS,0.008,0.002
3435,304Nvl_L3_EW,NONE,0.038,0.0
3435,32Nvl_L2_NS,32NVL_NS,0.033,0.028
3435,32Nvl_L3_EW,NONE,0.006,0.0
3435,32Nvl_L3_EW,NONE,0.038,0.0
3435,32Nvl_L1_NS,32NVL_NS,0.04,0.011
3435,NvcNvl_L1_NS,NONE,0.114,0.0
3435,32Mt_L2_EW,32MT_EW,0.005,-0.027
3435,32Mt_L2_NS,NONE,0.009,0.0
3435,NvcMt_L1_EW,NVCMT_EW,0.006,0.006
3440,304Nvl_L1_NS,304NVL_NS,0.018,0.018
3440,304Nvl_L3_NS,NONE,0.015,0.0
3440,304Nvl_L1_EW,304NVL_EW,0.025,0.025
3440,304Nvl_L2_EW,304NVL_EW,0.022,0.022
3440,304Nvl_L1_NS,NONE,0.007,0.0
3440,32Nvl_L1_EW,32NVL_EW,0.014,0.009
3440,32Nvl_L2_EW,32NVL_EW,0.015,0.012
3440,32Nvl_L1_EW,32NVL_EW,0.007,0.002
3440,32Nvl_L2_EW,32NVL_EW,0.007,0.004
3440,32Nvl_L3_NS,NONE,0.008,0.0
3440,32Nvl_L2_NS,32NVL_NS,0.008,-0.003
3440,NvcNvl_L3_NS,NONE,0.102,0.0
3440,NvcNvl_L2_NS,NONE,0.099,0.0
3440,NvcNvl_L1_EW,NONE,0.011,0.0
3440,NvcNvl_L2_EW,NONE,0.008,0.0
3440,NvcNvl_L1_EW,NVCNVL_EW,0.07,0.07
3440,NvcNvl_L2_EW,NVCNVL_EW,0.039,0.039
3440,NvcNvl_L1_NS,NVCNVL_NS,0.033,0.033
3440,32Mt_L1_NS,32MT_NS,0.006,0.006
3440,32Mt_L1_EW,32MT_EW,0.007,-0.003
3440,32Mt_L1_NS,NONE,0.01,0.0
3440,304Nvl_L2_NS,304NVL_NS,0.015,0.01
3440,304Nvl_L3_EW,NONE,0.019,0.0
3440,32Nvl_L3_EW,NONE,0.006,0.0
3440,32Nvl_L3_EW,NONE,0.013,0.0
3440,32Nvl_L1_NS,32NVL_NS,0.013,-0.022
3440,NvcNvl_L1_NS,NONE,0.14,0.0
3440,NvcNvl_L3_EW,NONE,0.047,0.0
3440,32Mt_L2_EW,32MT_EW,0.005,-0.005
3440,32Mt_L2_NS,NONE,0.009,0.0
3445,304Nvl_L1_NS,304NVL_NS,0.018,0.008
3445,304Nvl_L3_NS,NONE,0.015,0.0
3445,304Nvl_L1_EW,304NVL_EW,0.017,0.017
3445,304Nvl_L2_EW,304NVL_EW,0.015,0.015
3445,304Nvl_L1_NS,NONE,0.036,0.0
3445,32Nvl_L3_NS,NONE,0.007,0.0
3445,32Nvl_L1_NS,32NVL_NS,0.014,-0.022
3445,32Nvl_L1_EW,32NVL_EW,0.014,0.004
3445,32Nvl_L2_EW,32NVL_EW,0.015,0.006
3445,32Nvl_L1_EW,32NVL_EW,0.007,-0.004
3445,32Nvl_L2_EW,32NVL_EW,0.007,-0.002
3445,NvcNvl_L3_NS,NONE,0.102,0.0
3445,NvcNvl_L2_NS,NONE,0.099,0.0
3445,NvcNvl_L1_NS,NVCNVL_NS,0.033,0.023
3445,32Mt_L1_NS,32MT_NS,0.013,0.008
3445,32Mt_L1_EW,NONE,0.086,0.0
3445,32Mt_L3_EW,NONE,0.106,0.0
3445,32Mt_L1_EW,32MT_EW,0.007,-0.003
3445,32Mt_L1_NS,NONE,0.02,0.0
3445,NvcMt_L1_NS,NVCMT_NS,0.007,-0.002
3445,32Thn_L1_EW,32THN_EW,0.008,-0.002
3445,32Thn_L2_EW,32THN_EW,0.008,-0.002
3445,32Thn_L3_EW,NONE,0.008,0.0
3445,304Nvl_L2_NS,304NVL_NS,0.015,0.015
3445,304Nvl_L3_EW,NONE,0.013,0.0
3445,32Nvl_L2_NS,32NVL_NS,0.007,-0.004
3445,32Nvl_L3_EW,NONE,0.006,0.0
3445,32Nvl_L3_EW,NONE,0.013,0.0
3445,NvcNvl_L1_NS,NONE,0.131,0.0
3445,32Mt_L2_EW,NONE,0.09,0.0
3445,32Mt_L2_EW,32MT_EW,0.005,-0.005
3445,32Mt_L2_NS,NONE,0.017,0.0
3445,NvcMt_L2_NS,NVCMT_NS,0.005,0.005
3450,304Nvl_L1_NS,304NVL_NS,0.018,0.013
3450,304Nvl_L3_NS,NONE,0.015,0.0
3450,304Nvl_L1_EW,304NVL_EW,0.059,0.059
3450,304Nvl_L2_EW,304NVL_EW,0.051,0.051
3450,304Nvl_L1_NS,NONE,0.015,0.0
3450,32Nvl_L3_NS,NONE,0.007,0.0
3450,32Nvl_L1_NS,32NVL_NS,0.007,-0.006
3450,32Nvl_L1_EW,32NVL_EW,0.007,0.007
3450,32Nvl_L2_EW,32NVL_EW,0.008,0.008
3450,32Nvl_L1_EW,32NVL_EW,0.007,0.007
3450,32Nvl_L2_EW,32NVL_EW,0.007,0.007
3450,32Nvl_L3_NS,NONE,0.117,0.0
3450,32Nvl_L2_NS,32NVL_NS,0.111,0.1
3450,NvcNvl_L3_NS,NONE,0.014,0.0
3450,NvcNvl_L2_NS,NONE,0.013,0.0
3450,32Mt_L1_NS,32MT_NS,0.006,0.001
3450,32Mt_L1_EW,NONE,0.014,0.0
3450,32Mt_L3_EW,NONE,0.009,0.0
3450,32Mt_L1_NS,NONE,0.01,0.0
3450,NvcMt_L1_NS,NVCMT_NS,0.007,0.002
3450,32Thn_L1_EW,NONE,0.01,0.0
3450,304Nvl_L2_NS,304NVL_NS,0.015,-0.062
3450,304Nvl_L3_EW,NONE,0.038,0.0
3450,32Nvl_L2_NS,32NVL_NS,0.007,-0.004
3450,32Nvl_L3_EW,NONE,0.006,0.0
3450,32Nvl_L3_EW,NONE,0.006,0.0
3450,32Nvl_L1_NS,32NVL_NS,0.161,0.148
3450,NvcNvl_L1_NS,NONE,0.017,0.0
3450,32Mt_L2_EW,NONE,0.008,0.0
3450,NvcMt_L2_NS,NVCMT_NS,0.005,0.005
3455,304Nvl_L1_NS,304NVL_NS,0.018,0.018
3455,304Nvl_L3_NS,NONE,0.015,0.0
3455,304Nvl_L1_EW,304NVL_EW,0.017,0.017
3455,304Nvl_L2_EW,304NVL_EW,0.015,0.015
3455,304Nvl_L1_NS,NONE,0.007,0.0
3455,32Nvl_L1_EW,32NVL_EW,0.007,-0.056
3455,32Nvl_L2_EW,32NVL_EW,0.008,0.004
3455,32Nvl_L1_EW,32NVL_EW,0.013,-0.05
3455,32Nvl_L2_EW,32NVL_EW,0.007,0.004
3455,32Nvl_L3_NS,NONE,0.008,0.0
3455,32Nvl_L2_NS,32NVL_NS,0.016,0.005
3455,NvcNvl_L1_EW,NVCNVL_EW,0.007,0.007
3455,NvcNvl_L2_EW,NVCNVL_EW,0.008,0.008
3455,32Mt_L1_NS,32MT_NS,0.006,0.001
3455,32Mt_L1_EW,NONE,0.036,0.0
3455,32Mt_L3_EW,NONE,0.044,0.0
3455,32Mt_L1_EW,32MT_EW,0.091,0.086
3455,32Mt_L1_NS,NONE,0.01,0.0
3455,NvcMt_L1_NS,NVCMT_NS,0.007,0.002
3455,NvcCmt8_L2_EW,NVCCMT8_EW,0.026,0.026
3455,304Nvl_L2_NS,304NVL_NS,0.015,0.004
3455,304Nvl_L3_EW,NONE,0.013,0.0
3455,32Nvl_L3_EW,NONE,0.006,0.0
3455,32Nvl_L3_EW,NONE,0.006,0.0
3455,32Nvl_L1_NS,32NVL_NS,0.054,0.041
3455,NvcNvl_L3_EW,NONE,0.009,0.0
3455,32Mt_L2_EW,NONE,0.038,0.0
3455,32Mt_L2_EW,32MT_EW,0.005,0.0
3455,NvcMt_L2_NS,NVCMT_NS,0.005,0.005
3455,NvcCmt8_L1_EW,NVCCMT8_EW,0.038,0.038
3460,304Nvl_L1_NS,304NVL_NS,0.018,0.018
3460,304Nvl_L3_NS,NONE,0.015,0.0
3460,304Nvl_L1_EW,304NVL_EW,0.042,0.042
3460,304Nvl_L2_EW,304NVL_EW,0.036,0.036
3460,304Nvl_L1_NS,NONE,0.051,0.0
3460,32Nvl_L1_EW,32NVL_EW,0.007,-0.071
3460,32Nvl_L2_EW,32NVL_EW,0.008,-0.049
3460,32Nvl_L1_EW,32NVL_EW,0.007,-0.071
3460,32Nvl_L2_EW,32NVL_EW,0.007,-0.05
3460,NvcNvl_L1_EW,NONE,0.011,0.0
3460,NvcNvl_L2_EW,NONE,0.008,0.0
3460,NvcNvl_L1_EW,NVCNVL_EW,0.084,0.084
3460,32Mt_L1_EW,NONE,0.058,0.0
3460,32Mt_L3_EW,NONE,0.071,0.0
3460,32Mt_L1_EW,32MT_EW,0.112,0.107
3460,NvcMt_L1_NS,NVCMT_NS,0.007,0.007
3460,NvcCmt8_L2_EW,NVCCMT8_EW,0.026,0.026
3460,304Nvl_L2_NS,304NVL_NS,0.015,0.015
3460,304Nvl_L3_EW,NONE,0.032,0.0
3460,32Nvl_L3_EW,NONE,0.006,0.0
3460,32Nvl_L3_EW,NONE,0.006,0.0
3460,32Nvl_L1_NS,32NVL_NS,0.007,-0.006
3460,32Mt_L2_EW,NONE,0.06,0.0
3460,32Mt_L2_EW,32MT_EW,0.082,0.076
3460,NvcMt_L2_NS,NVCMT_NS,0.005,0.005
3460,NvcCmt8_L1_EW,NVCCMT8_EW,0.038,0.038
3465,304Nvl_L1_NS,304NVL_NS,0.018,0.004
3465,304Nvl_L3_NS,NONE,0.015,0.0
3465,304Nvl_L1_NS,NONE,0.015,0.0
3465,304Nvl_L3_NS,NONE,0.008,0.0
3465,32Nvl_L3_NS,NONE,0.007,0.0
3465,32Nvl_L1_NS,32NVL_NS,0.021,0.008
3465,32Nvl_L1_EW,32NVL_EW,0.007,-0.017
3465,32Nvl_L2_EW,32NVL_EW,0.008,-0.011
3465,32Nvl_L1_EW,32NVL_EW,0.007,-0.018
3465,32Nvl_L2_EW,32NVL_EW,0.007,-0.012
3465,32Nvl_L3_NS,NONE,0.042,0.0
3465,32Nvl_L2_NS,32NVL_NS,0.039,0.029
3465,NvcNvl_L1_EW,NONE,0.021,0.0
3465,NvcNvl_L2_EW,NONE,0.015,0.0
3465,NvcNvl_L1_EW,NVCNVL_EW,0.092,0.092
3465,32Mt_L1_EW,NONE,0.043,0.0
3465,32Mt_L3_EW,NONE,0.053,0.0
3465,32Mt_L1_EW,32MT_EW,0.035,0.03
3465,NvcMt_L1_NS,NVCMT_NS,0.007,0.007
3465,32Thn_L1_EW,NONE,0.01,0.0
3465,32Thn_L2_EW,NONE,0.01,0.0
3465,32Thn_L3_EW,NONE,0.007,0.0
3465,304Nvl_L2_NS,304NVL_NS,0.015,-0.012
3465,304Nvl_L2_NS,NONE,0.007,0.0
3465,32Nvl_L2_NS,32NVL_NS,0.007,-0.004
3465,32Nvl_L3_EW,NONE,0.006,0.0
3465,32Nvl_L3_EW,NONE,0.006,0.0
3465,32Nvl_L1_NS,32NVL_NS,0.034,0.021
3465,NvcNvl_L3_EW,NONE,0.006,0.0
3465,32Mt_L2_EW,NONE,0.045,0.0
3465,32Mt_L2_EW,32MT_EW,0.027,0.022
3465,NvcMt_L2_NS,NVCMT_NS,0.005,0.005
3465,NvcCmt8_L1_EW,NONE,0.029,0.0
3470,304Nvl_L1_NS,304NVL_NS,0.018,-0.011
3470,304Nvl_L3_NS,NONE,0.015,0.0
3470,304Nvl_L1_EW,304NVL_EW,0.042,0.042
3470,304Nvl_L2_EW,304NVL_EW,0.036,0.036
3470,304Nvl_L1_NS,NONE,0.044,0.0
3470,304Nvl_L3_NS,NONE,0.008,0.0
3470,32Nvl_L3_NS,NONE,0.034,0.0
3470,32Nvl_L1_NS,32NVL_NS,0.042,0.029
3470,32Nvl_L3_NS,NONE,0.042,0.0
3470,32Nvl_L2_NS,32NVL_NS,0.039,0.029
3470,NvcNvl_L3_NS,NONE,0.007,0.0
3470,NvcNvl_L2_NS,NONE,0.007,0.0
3470,NvcNvl_L1_EW,NONE,0.021,0.0
3470,NvcNvl_L2_EW,NONE,0.015,0.0
3470,NvcNvl_L1_EW,NVCNVL_EW,0.084,0.08
3470,32Mt_L1_NS,32MT_NS,0.038,0.033
3470,32Mt_L1_EW,NONE,0.029,0.0
3470,32Mt_L3_EW,NONE,0.035,0.0
3470,32Mt_L1_EW,32MT_EW,0.056,0.056
3470,NvcMt_L1_EW,NVCMT_EW,0.006,-0.053
3470,NvcMt_L1_NS,NVCMT_NS,0.007,-0.02
3470,32Thn_L1_EW,32THN_EW,0.016,0.016
3470,32Thn_L2_EW,32THN_EW,0.008,0.008
3470,32Thn_L3_EW,NONE,0.008,0.0
3470,304Nvl_L2_NS,304NVL_NS,0.015,-0.012
3470,304Nvl_L2_NS,NONE,0.007,0.0
3470,32Nvl_L2_NS,32NVL_NS,0.04,0.029
3470,32Nvl_L1_NS,32NVL_NS,0.034,0.021
3470,NvcNvl_L1_NS,NONE,0.009,0.0
3470,NvcNvl_L3_EW,NONE,0.013,0.0
3470,32Mt_L2_EW,NONE,0.03,0.0
3470,32Mt_L2_EW,32MT_EW,0.044,0.044
3470,NvcMt_L2_EW,NVCMT_EW,0.008,0.008
3470,NvcMt_L2_NS,NVCMT_NS,0.005,0.005
3475,304Nvl_L1_NS,304NVL_NS,0.018,-0.021
3475,304Nvl_L3_NS,NONE,0.015,0.0
3475,304Nvl_L1_EW,304NVL_EW,0.059,0.059
3475,304Nvl_L2_EW,304NVL_EW,0.044,0.044
3475,32Nvl_L3_NS,NONE,0.048,0.0
3475,32Nvl_L1_NS,32NVL_NS,0.055,0.043
3475,32Nvl_L3_NS,NONE,0.042,0.0
3475,32Nvl_L2_NS,32NVL_NS,0.039,0.029
3475,NvcNvl_L3_NS,NONE,0.007,0.0
3475,NvcNvl_L2_NS,NONE,0.007,0.0
3475,32Mt_L1_NS,32MT_NS,0.038,0.038
3475,32Mt_L1_EW,NONE,0.014,0.0
3475,32Mt_L3_EW,NONE,0.018,0.0
3475,32Mt_L1_EW,32MT_EW,0.014,0.014
3475,32Mt_L1_NS,NONE,0.02,0.0
3475,32Thn_L1_EW,NONE,0.01,0.0
3475,304Nvl_L2_NS,304NVL_NS,0.015,-0.012
3475,304Nvl_L3_EW,NONE,0.038,0.0
3475,32Nvl_L2_NS,32NVL_NS,0.053,0.043
3475,32Nvl_L1_NS,32NVL_NS,0.04,0.028
3475,NvcNvl_L1_NS,NONE,0.009,0.0
3475,32Mt_L2_EW,NONE,0.015,0.0
3475,32Mt_L2_EW,32MT_EW,0.011,0.011
3480,304Nvl_L1_EW,304NVL_EW,0.059,0.059
3480,304Nvl_L2_EW,304NVL_EW,0.044,0.044
3480,304Nvl_L1_EW,NONE,0.008,0.0
3480,304Nvl_L2_EW,NONE,0.009,0.0
3480,32Nvl_L3_NS,NONE,0.048,0.0
3480,32Nvl_L1_NS,32NVL_NS,0.062,0.062
3480,32Nvl_L3_NS,NONE,0.05,0.0
3480,32Nvl_L2_NS,32NVL_NS,0.047,0.047
3480,NvcNvl_L3_NS,NONE,0.007,0.0
3480,NvcNvl_L2_NS,NONE,0.007,0.0
3480,NvcNvl_L1_EW,NVCNVL_EW,0.042,0.042
3480,NvcNvl_L2_EW,NVCNVL_EW,0.039,0.039
3480,32Mt_L1_NS,32MT_NS,0.069,0.069
3480,32Mt_L1_EW,32MT_EW,0.014,0.014
3480,32Mt_L1_NS,NONE,0.029,0.0
3480,NvcMt_L2_NS,NONE,0.005,0.0
3480,304Nvl_L3_EW,NONE,0.038,0.0
3480,304Nvl_L3_EW,NONE,0.008,0.0
3480,32Nvl_L2_NS,32NVL_NS,0.06,0.06
3480,32Nvl_L1_NS,32NVL_NS,0.047,0.047
3480,NvcNvl_L1_NS,NONE,0.009,0.0
3480,NvcNvl_L3_EW,NONE,0.047,0.0
3480,32Mt_L2_EW,32MT_EW,0.011,0.011
3480,32Mt_L2_NS,NONE,0.009,0.0
3480,NvcMt_L1_NS,NONE,0.005,0.0
3485,304Nvl_L1_EW,304NVL_EW,0.068,0.068
3485,304Nvl_L2_EW,304NVL_EW,0.051,0.051
3485,304Nvl_L1_NS,NONE,0.015,0.0
3485,32Nvl_L3_NS,NONE,0.041,0.0
3485,32Nvl_L1_NS,32NVL_NS,0.097,0.097
3485,32Nvl_L3_NS,NONE,0.042,0.0
3485,32Nvl_L2_NS,32NVL_NS,0.039,0.039
3485,NvcNvl_L3_NS,NONE,0.007,0.0
3485,NvcNvl_L2_NS,NONE,0.007,0.0
3485,NvcNvl_L1_EW,NONE,0.011,0.0
3485,NvcNvl_L2_EW,NONE,0.008,0.0
3485,NvcNvl_L1_EW,NVCNVL_EW,0.042,0.042
3485,NvcNvl_L2_EW,NVCNVL_EW,0.039,0.039
3485,32Mt_L1_NS,32MT_NS,0.044,0.044
3485,32Mt_L1_EW,32MT_EW,0.007,0.007
3485,32Mt_L1_NS,NONE,0.02,0.0
3485,NvcMt_L2_NS,NONE,0.005,0.0
3485,304Nvl_L3_EW,NONE,0.044,0.0
3485,304Nvl_L2_NS,NONE,0.007,0.0
3485,32Nvl_L2_NS,32NVL_NS,0.093,0.093
3485,32Nvl_L1_NS,32NVL_NS,0.04,0.04
3485,NvcNvl_L1_NS,NONE,0.009,0.0
3485,NvcNvl_L3_EW,NONE,0.047,0.0
3485,32Mt_L2_NS,NONE,0.009,0.0
3485,NvcMt_L1_NS,NONE,0.005,0.0
3490,304Nvl_L1_EW,304NVL_EW,0.025,0.025
3490,304Nvl_L2_EW,304NVL_EW,0.015,0.015
3490,304Nvl_L1_NS,NONE,0.022,0.0
3490,304Nvl_L3_NS,NONE,0.008,0.0
3490,32Nvl_L3_NS,NONE,0.014,0.0
3490,32Nvl_L1_NS,32NVL_NS,0.048,0.048
3490,32Nvl_L1_EW,32NVL_EW,0.007,0.002
3490,32Nvl_L2_EW,32NVL_EW,0.008,0.008
3490,32Nvl_L1_EW,32NVL_EW,0.007,0.002
3490,32Nvl_L2_EW,32NVL_EW,0.007,0.007
3490,NvcNvl_L3_NS,NONE,0.007,0.0
3490,NvcNvl_L2_NS,NONE,0.007,0.0
3490,NvcNvl_L1_EW,NVCNVL_EW,0.007,0.007
3490,32Mt_L1_NS,32MT_NS,0.038,0.038
3490,32Mt_L1_EW,32MT_EW,0.007,0.002
3490,NvcMt_L2_EW,NVCMT_EW,0.003,0.003
3490,304Nvl_L3_EW,NONE,0.013,0.0
3490,304Nvl_L2_NS,NONE,0.015,0.0
3490,32Nvl_L2_NS,32NVL_NS,0.047,0.047
3490,32Nvl_L3_EW,NONE,0.006,0.0
3490,32Nvl_L3_EW,NONE,0.006,0.0
3490,NvcNvl_L1_NS,NONE,0.009,0.0
3490,NvcMt_L1_EW,NVCMT_EW,0.006,0.001
3495,304Nvl_L1_EW,304NVL_EW,0.042,0.042
3495,304Nvl_L2_EW,304NVL_EW,0.036,0.036
3495,32Nvl_L1_EW,32NVL_EW,0.007,-0.003
3495,32Nvl_L2_EW,32NVL_EW,0.008,0.004
3495,32Nvl_L1_EW,32NVL_EW,0.013,0.004
3495,32Nvl_L2_EW,32NVL_EW,0.015,0.011
3495,32Mt_L1_EW,32MT_EW,0.014,0.009
3495,NvcMt_L2_NS,NONE,0.005,0.0
3495,NvcMt_L2_EW,NVCMT_EW,0.003,0.003
3495,304Nvl_L3_EW,NONE,0.032,0.0
3495,32Nvl_L3_EW,NONE,0.012,0.0
3495,32Nvl_L3_EW,NONE,0.006,0.0
3495,32Mt_L2_EW,32MT_EW,0.005,0.0
3495,NvcMt_L1_NS,NONE,0.005,0.0
3495,NvcMt_L1_EW,NVCMT_EW,0.006,0.006
3500,304Nvl_L1_NS,304NVL_NS,0.018,-0.03
3500,304Nvl_L1_EW,304NVL_EW,0.059,0.059
3500,304Nvl_L2_EW,304NVL_EW,0.051,0.051
3500,32Nvl_L1_NS,32NVL_NS,0.069,0.057
3500,32Nvl_L1_EW,32NVL_EW,0.007,-0.003
3500,32Nvl_L2_EW,32NVL_EW,0.008,0.0
3500,32Nvl_L1_EW,32NVL_EW,0.02,0.01
3500,32Nvl_L2_EW,32NVL_EW,0.022,0.015
3500,NvcNvl_L3_NS,NONE,0.081,0.0
3500,NvcNvl_L2_NS,NONE,0.079,0.0
3500,32Mt_L1_EW,NONE,0.007,0.0
3500,32Mt_L3_EW,NONE,0.009,0.0
3500,32Mt_L1_EW,32MT_EW,0.014,0.009
3500,NvcMt_L2_EW,NVCMT_EW,0.003,0.003
3500,32Thn_L1_EW,NONE,0.01,0.0
3500,32Thn_L2_EW,NONE,0.01,0.0
3500,32Thn_L3_EW,NONE,0.007,0.0
3500,304Nvl_L3_EW,NONE,0.044,0.0
3500,32Nvl_L2_NS,32NVL_NS,0.033,0.033
3500,32Nvl_L3_EW,NONE,0.018,0.0
3500,32Nvl_L3_EW,NONE,0.006,0.0
3500,32Nvl_L1_NS,32NVL_NS,0.007,-0.006
3500,NvcNvl_L1_NS,NONE,0.105,0.0
3500,32Mt_L2_EW,NONE,0.008,0.0
3500,32Mt_L2_EW,32MT_EW,0.011,0.005
3500,NvcMt_L1_EW,NVCMT_EW,0.006,0.006
3505,304Nvl_L1_NS,304NVL_NS,0.018,-0.006
3505,304Nvl_L1_EW,304NVL_EW,0.008,0.008
3505,32Nvl_L1_NS,32NVL_NS,0.035,0.022
3505,32Nvl_L1_EW,32NVL_EW,0.007,-0.003
3505,32Nvl_L2_EW,32NVL_EW,0.008,0.004
3505,32Nvl_L1_EW,32NVL_EW,0.02,0.01
3505,32Nvl_L2_EW,32NVL_EW,0.022,0.019
3505,NvcNvl_L1_EW,NVCNVL_EW,0.014,-0.008
3505,NvcNvl_L2_EW,NVCNVL_EW,0.016,0.016
3505,32Mt_L1_EW,32MT_EW,0.007,0.002
3505,NvcMt_L1_EW,NVCMT_EW,0.032,0.022
3505,32Thn_L1_EW,32THN_EW,0.008,0.003
3505,32Nvl_L3_EW,NONE,0.018,0.0
3505,32Nvl_L3_EW,NONE,0.006,0.0
3505,32Nvl_L1_NS,32NVL_NS,0.047,0.034
3505,NvcNvl_L3_EW,NONE,0.009,0.0
3505,32Mt_L2_EW,32MT_EW,0.005,0.0
3505,NvcMt_L2_EW,NVCMT_EW,0.04,0.029
3510,304Nvl_L1_NS,304NVL_NS,0.054,0.054
3510,304Nvl_L1_EW,304NVL_EW,0.017,0.017
3510,304Nvl_L2_EW,304NVL_EW,0.007,0.007
3510,304Nvl_L1_NS,NONE,0.051,0.0
3510,32Nvl_L1_EW,32NVL_EW,0.007,0.002
3510,32Nvl_L2_EW,32NVL_EW,0.008,0.004
3510,32Nvl_L1_EW,32NVL_EW,0.02,0.015
3510,32Nvl_L2_EW,32NVL_EW,0.022,0.019
3510,NvcNvl_L1_EW,NVCNVL_EW,0.014,0.014
3510,NvcNvl_L2_EW,NVCNVL_EW,0.016,0.016
3510,32Mt_L1_EW,32MT_EW,0.007,0.002
3510,32Mt_L1_NS,NONE,0.01,0.0
3510,304Nvl_L3_EW,NONE,0.006,0.0
3510,32Nvl_L3_EW,NONE,0.018,0.0
3510,32Nvl_L3_EW,NONE,0.006,0.0
3510,32Nvl_L1_NS,32NVL_NS,0.034,-0.004
3510,NvcNvl_L3_EW,NONE,0.019,0.0
3510,32Mt_L2_EW,32MT_EW,0.005,0.0
3515,304Nvl_L1_NS,304NVL_NS,0.045,0.036
3515,304Nvl_L1_EW,304NVL_EW,0.017,0.017
3515,304Nvl_L2_EW,304NVL_EW,0.007,0.007
3515,304Nvl_L1_NS,NONE,0.044,0.0
3515,32Nvl_L3_NS,NONE,0.007,0.0
3515,32Nvl_L1_NS,32NVL_NS,0.014,-0.018
3515,32Nvl_L1_EW,32NVL_EW,0.007,0.007
3515,32Nvl_L2_EW,32NVL_EW,0.008,0.008
3515,32Nvl_L1_EW,32NVL_EW,0.02,0.02
3515,32Nvl_L2_EW,32NVL_EW,0.022,0.022
3515,NvcNvl_L1_EW,NONE,0.011,0.0
3515,NvcNvl_L2_EW,NONE,0.008,0.0
3515,NvcNvl_L1_EW,NVCNVL_EW,0.084,0.062
3515,NvcMt_L1_EW,NVCMT_EW,0.032,-0.027
3515,304Nvl_L2_NS,304NVL_NS,0.038,0.038
3515,304Nvl_L3_EW,NONE,0.006,0.0
3515,32Nvl_L2_NS,32NVL_NS,0.013,-0.013
3515,32Nvl_L3_EW,NONE,0.018,0.0
3515,32Nvl_L3_EW,NONE,0.006,0.0
3515,NvcMt_L2_EW,NVCMT_EW,0.04,0.04
3520,304Nvl_L1_NS,304NVL_NS,0.045,0.045
3520,304Nvl_L3_NS,NONE,0.037,0.0
3520,304Nvl_L1_NS,NONE,0.007,0.0
3520,32Nvl_L1_EW,32NVL_EW,0.007,0.007
3520,32Nvl_L2_EW,32NVL_EW,0.008,0.008
3520,32Nvl_L1_EW,32NVL_EW,0.02,0.02
3520,32Nvl_L2_EW,32NVL_EW,0.022,0.022
3520,NvcNvl_L3_NS,NONE,0.007,0.0
3520,NvcNvl_L2_NS,NONE,0.013,0.0
3520,NvcNvl_L1_EW,NVCNVL_EW,0.084,0.062
3520,32Mt_L1_NS,32MT_NS,0.006,0.006
3520,32Mt_L1_EW,NONE,0.007,0.0
3520,32Mt_L3_EW,NONE,0.009,0.0
3520,NvcMt_L1_EW,NVCMT_EW,0.032,-0.027
3520,304Nvl_L2_NS,304NVL_NS,0.038,0.038
3520,32Nvl_L3_EW,NONE,0.018,0.0
3520,32Nvl_L3_EW,NONE,0.006,0.0
3520,NvcNvl_L1_NS,NONE,0.017,0.0
3520,32Mt_L2_EW,NONE,0.008,0.0
3520,NvcMt_L2_EW,NVCMT_EW,0.04,0.04
3525,304Nvl_L1_NS,304NVL_NS,0.045,0.045
3525,304Nvl_L3_NS,NONE,0.037,0.0
3525,304Nvl_L1_NS,NONE,0.007,0.0
3525,32Nvl_L1_EW,32NVL_EW,0.007,0.007
3525,32Nvl_L2_EW,32NVL_EW,0.008,0.008
3525,32Nvl_L1_EW,32NVL_EW,0.02,0.02
3525,32Nvl_L2_EW,32NVL_EW,0.022,0.022
3525,NvcNvl_L3_NS,NONE,0.014,0.0
3525,NvcNvl_L2_NS,NONE,0.013,0.0
3525,32Mt_L1_NS,32MT_NS,0.006,0.006
3525,32Mt_L1_EW,NONE,0.086,0.0
3525,32Mt_L3_EW,NONE,0.106,0.0
3525,NvcMt_L1_EW,NVCMT_EW,0.032,0.032
3525,NvcMt_L2_EW,NVCMT_EW,0.003,0.003
3525,304Nvl_L2_NS,304NVL_NS,0.038,0.038
3525,32Nvl_L3_EW,NONE,0.018,0.0
3525,32Nvl_L3_EW,NONE,0.006,0.0
3525,32Nvl_L1_NS,32NVL_NS,0.007,-0.025
3525,NvcNvl_L1_NS,NONE,0.017,0.0
3525,32Mt_L2_EW,NONE,0.09,0.0
3525,NvcMt_L2_EW,NVCMT_EW,0.04,0.04
3525,NvcMt_L1_EW,NVCMT_EW,0.006,0.006
3530,304Nvl_L1_NS,304NVL_NS,0.045,0.04
3530,304Nvl_L3_NS,NONE,0.037,0.0
3530,32Nvl_L3_NS,NONE,0.007,0.0
3530,32Nvl_L1_NS,32NVL_NS,0.007,-0.025
3530,32Nvl_L1_EW,32NVL_EW,0.007,0.002
3530,32Nvl_L2_EW,32NVL_EW,0.008,0.004
3530,32Nvl_L1_EW,32NVL_EW,0.02,0.015
3530,32Nvl_L2_EW,32NVL_EW,0.022,0.019
3530,NvcNvl_L1_EW,NONE,0.011,0.0
3530,NvcNvl_L2_EW,NONE,0.008,0.0
3530,32Mt_L1_EW,NONE,0.086,0.0
3530,32Mt_L3_EW,NONE,0.106,0.0
3530,32Mt_L1_EW,32MT_EW,0.007,0.002
3530,NvcMt_L1_EW,NVCMT_EW,0.006,0.006
3530,NvcMt_L2_EW,NVCMT_EW,0.003,0.003
3530,304Nvl_L2_NS,304NVL_NS,0.038,0.038
3530,32Nvl_L2_NS,32NVL_NS,0.007,-0.02
3530,32Nvl_L3_EW,NONE,0.018,0.0
3530,32Nvl_L3_EW,NONE,0.006,0.0
3530,32Mt_L2_EW,NONE,0.09,0.0
3530,32Mt_L2_EW,32MT_EW,0.005,0.0
3530,NvcMt_L2_EW,NVCMT_EW,0.008,0.008
3530,NvcMt_L1_EW,NVCMT_EW,0.006,0.006
3535,304Nvl_L1_NS,304NVL_NS,0.045,0.045
3535,304Nvl_L3_NS,NONE,0.037,0.0
3535,304Nvl_L1_NS,NONE,0.036,0.0
3535,304Nvl_L3_NS,NONE,0.04,0.0
3535,32Nvl_L1_EW,32NVL_EW,0.014,0.014
3535,32Nvl_L2_EW,32NVL_EW,0.015,0.015
3535,32Nvl_L1_EW,32NVL_EW,0.02,0.02
3535,32Nvl_L2_EW,32NVL_EW,0.022,0.022
3535,NvcNvl_L3_NS,NONE,0.007,0.0
3535,NvcNvl_L2_NS,NONE,0.007,0.0
3535,NvcMt_L2_NS,NONE,0.005,0.0
3535,NvcMt_L1_EW,NVCMT_EW,0.006,0.006
3535,304Nvl_L2_NS,304NVL_NS,0.038,0.038
3535,304Nvl_L2_NS,NONE,0.037,0.0
3535,32Nvl_L3_EW,NONE,0.018,0.0
3535,32Nvl_L3_EW,NONE,0.013,0.0
3535,32Nvl_L1_NS,32NVL_NS,0.007,-0.025
3535,NvcNvl_L1_NS,NONE,0.009,0.0
3535,NvcMt_L1_NS,NONE,0.005,0.0
3535,NvcMt_L2_EW,NVCMT_EW,0.008,0.008
3540,304Nvl_L1_NS,304NVL_NS,0.045,0.04
3540,304Nvl_L3_NS,NONE,0.037,0.0
3540,32Nvl_L3_NS,NONE,0.007,0.0
3540,32Nvl_L1_NS,32NVL_NS,0.007,-0.025
3540,32Nvl_L1_EW,32NVL_EW,0.007,0.007
3540,32Nvl_L2_EW,32NVL_EW,0.008,0.008
3540,32Nvl_L1_EW,32NVL_EW,0.02,0.02
3540,32Nvl_L2_EW,32NVL_EW,0.022,0.022
3540,NvcNvl_L3_NS,NONE,0.007,0.0
3540,NvcNvl_L2_NS,NONE,0.007,0.0
3540,32Mt_L1_NS,NONE,0.117,0.0
3540,NvcMt_L2_NS,NONE,0.005,0.0
3540,304Nvl_L2_NS,304NVL_NS,0.038,0.038
3540,32Nvl_L2_NS,32NVL_NS,0.007,-0.02
3540,32Nvl_L3_EW,NONE,0.018,0.0
3540,32Nvl_L3_EW,NONE,0.006,0.0
3540,32Nvl_L1_NS,32NVL_NS,0.007,-0.025
3540,NvcNvl_L1_NS,NONE,0.009,0.0
3540,NvcMt_L1_NS,NONE,0.005,0.0
3545,304Nvl_L1_NS,304NVL_NS,0.045,0.04
3545,304Nvl_L3_NS,NONE,0.037,0.0
3545,304Nvl_L1_EW,304NVL_EW,0.051,0.051
3545,304Nvl_L2_EW,304NVL_EW,0.007,0.007
3545,32Nvl_L1_NS,32NVL_NS,0.007,-0.025
3545,32Nvl_L1_EW,32NVL_EW,0.007,-0.003
3545,32Nvl_L2_EW,32NVL_EW,0.008,0.0
3545,32Nvl_L1_EW,32NVL_EW,0.02,0.01
3545,32Nvl_L2_EW,32NVL_EW,0.015,0.007
3545,NvcNvl_L1_EW,NVCNVL_EW,0.007,0.003
3545,32Mt_L1_EW,32MT_EW,0.014,0.009
3545,32Mt_L1_NS,NONE,0.117,0.0
3545,NvcMt_L1_EW,NVCMT_EW,0.006,0.001
3545,304Nvl_L2_NS,304NVL_NS,0.038,0.038
3545,304Nvl_L3_EW,NONE,0.006,0.0
3545,32Nvl_L2_NS,32NVL_NS,0.007,-0.02
3545,32Nvl_L3_EW,NONE,0.012,0.0
3545,32Nvl_L3_EW,NONE,0.006,0.0
3545,32Nvl_L1_NS,32NVL_NS,0.007,-0.025
3545,32Mt_L2_EW,32MT_EW,0.011,0.005
3545,NvcMt_L2_EW,NVCMT_EW,0.008,0.008
3550,304Nvl_L1_NS,304NVL_NS,0.045,0.016
3550,304Nvl_L3_NS,NONE,0.037,0.0
3550,32Nvl_L3_NS,NONE,0.041,0.0
3550,32Nvl_L1_NS,32NVL_NS,0.042,0.005
3550,32Nvl_L1_EW,32NVL_EW,0.007,0.002
3550,32Nvl_L2_EW,32NVL_EW,0.008,0.004
3550,32Nvl_L1_EW,32NVL_EW,0.02,0.015
3550,32Nvl_L2_EW,32NVL_EW,0.015,0.011
3550,32Nvl_L3_NS,NONE,0.117,0.0
3550,32Nvl_L2_NS,32NVL_NS,0.111,0.084
3550,NvcNvl_L1_NS,NVCNVL_NS,0.007,-0.022
3550,32Mt_L1_EW,NONE,0.007,0.0
3550,32Mt_L3_EW,NONE,0.009,0.0
3550,32Mt_L1_EW,32MT_EW,0.007,0.002
3550,NvcMt_L2_NS,NONE,0.005,0.0
3550,NvcMt_L1_EW,NVCMT_EW,0.006,0.006
3550,304Nvl_L2_NS,304NVL_NS,0.038,-0.039
3550,32Nvl_L2_NS,32NVL_NS,0.04,0.013
3550,32Nvl_L3_EW,NONE,0.012,0.0
3550,32Nvl_L3_EW,NONE,0.006,0.0
3550,32Nvl_L1_NS,32NVL_NS,0.101,0.064
3550,32Mt_L2_EW,NONE,0.008,0.0
3550,32Mt_L2_EW,32MT_EW,0.005,0.0
3550,NvcMt_L1_NS,NONE,0.005,0.0
3550,NvcMt_L2_EW,NVCMT_EW,0.008,0.008
3555,304Nvl_L1_NS,304NVL_NS,0.045,0.045
3555,304Nvl_L3_NS,NONE,0.037,0.0
3555,304Nvl_L1_NS,NONE,0.007,0.0
3555,32Nvl_L1_EW,32NVL_EW,0.007,0.007
3555,32Nvl_L2_EW,32NVL_EW,0.008,0.008
3555,32Nvl_L1_EW,32NVL_EW,0.013,0.013
3555,32Nvl_L2_EW,32NVL_EW,0.015,0.015
3555,32Nvl_L3_NS,NONE,0.117,0.0
3555,32Nvl_L2_NS,32NVL_NS,0.111,0.084
3555,NvcNvl_L1_NS,NVCNVL_NS,0.007,0.007
3555,32Mt_L1_NS,32MT_NS,0.006,0.006
3555,32Mt_L1_EW,NONE,0.007,0.0
3555,304Nvl_L2_NS,304NVL_NS,0.038,-0.039
3555,32Nvl_L3_EW,NONE,0.012,0.0
3555,32Nvl_L3_EW,NONE,0.006,0.0
3555,32Nvl_L1_NS,32NVL_NS,0.094,0.058
3560,304Nvl_L1_NS,304NVL_NS,0.045,0.04
3560,304Nvl_L3_NS,NONE,0.037,0.0
3560,32Nvl_L1_NS,32NVL_NS,0.007,-0.025
3560,32Nvl_L1_EW,32NVL_EW,0.007,0.002
3560,32Nvl_L2_EW,32NVL_EW,0.008,0.004
3560,32Nvl_L1_EW,32NVL_EW,0.02,0.015
3560,32Nvl_L2_EW,32NVL_EW,0.015,0.011
3560,NvcNvl_L3_NS,NONE,0.007,0.0
3560,NvcNvl_L2_NS,NONE,0.007,0.0
3560,32Mt_L1_EW,NONE,0.007,0.0
3560,32Mt_L3_EW,NONE,0.009,0.0
3560,32Mt_L1_EW,32MT_EW,0.007,0.002
3560,304Nvl_L2_NS,304NVL_NS,0.038,0.038
3560,32Nvl_L3_EW,NONE,0.012,0.0
3560,32Nvl_L3_EW,NONE,0.006,0.0
3560,32Nvl_L1_NS,32NVL_NS,0.007,-0.025
3560,NvcNvl_L1_NS,NONE,0.009,0.0
3560,32Mt_L2_EW,NONE,0.008,0.0
3560,32Mt_L2_EW,32MT_EW,0.005,0.0
3565,304Nvl_L1_NS,304NVL_NS,0.045,0.045
3565,304Nvl_L3_NS,NONE,0.037,0.0
3565,32Nvl_L1_EW,32NVL_EW,0.007,0.007
3565,32Nvl_L2_EW,32NVL_EW,0.008,0.008
3565,32Nvl_L1_EW,32NVL_EW,0.013,0.013
3565,32Nvl_L2_EW,32NVL_EW,0.015,0.015
3565,NvcNvl_L3_NS,NONE,0.014,0.0
3565,NvcNvl_L2_NS,NONE,0.013,0.0
3565,NvcMt_L2_NS,NONE,0.005,0.0
3565,304Nvl_L2_NS,304NVL_NS,0.038,0.038
3565,32Nvl_L3_EW,NONE,0.012,0.0
3565,32Nvl_L3_EW,NONE,0.006,0.0
3565,32Nvl_L1_NS,32NVL_NS,0.034,0.002
3565,NvcNvl_L1_NS,NONE,0.017,0.0
3565,NvcMt_L1_NS,NONE,0.005,0.0
3570,304Nvl_L1_NS,304NVL_NS,0.045,0.045
3570,304Nvl_L3_NS,NONE,0.037,0.0
3570,32Nvl_L1_EW,32NVL_EW,0.007,-0.003
3570,32Nvl_L2_EW,32NVL_EW,0.008,0.0
3570,32Nvl_L1_EW,32NVL_EW,0.013,0.004
3570,32Nvl_L2_EW,32NVL_EW,0.015,0.007
3570,32Mt_L1_EW,NONE,0.007,0.0
3570,32Mt_L3_EW,NONE,0.009,0.0
3570,32Mt_L1_EW,32MT_EW,0.014,0.009
3570,NvcMt_L2_NS,NONE,0.005,0.0
3570,NvcCmt8_L2_EW,NVCCMT8_EW,0.005,0.005
3570,304Nvl_L2_NS,304NVL_NS,0.038,0.038
3570,32Nvl_L3_EW,NONE,0.012,0.0
3570,32Nvl_L3_EW,NONE,0.006,0.0
3570,32Mt_L2_EW,NONE,0.008,0.0
3570,32Mt_L2_EW,32MT_EW,0.011,0.005
3570,NvcMt_L1_NS,NONE,0.005,0.0
3570,NvcCmt8_L1_EW,NVCCMT8_EW,0.008,0.008
3575,304Nvl_L1_NS,304NVL_NS,0.045,0.04
3575,304Nvl_L3_NS,NONE,0.037,0.0
3575,304Nvl_L1_EW,304NVL_EW,0.008,0.008
3575,304Nvl_L2_EW,304NVL_EW,0.007,0.007
3575,32Nvl_L3_NS,NONE,0.007,0.0
3575,32Nvl_L1_NS,32NVL_NS,0.007,-0.025
3575,32Nvl_L1_EW,32NVL_EW,0.014,0.014
3575,32Nvl_L2_EW,32NVL_EW,0.015,0.015
3575,32Nvl_L1_EW,32NVL_EW,0.013,0.013
3575,32Nvl_L2_EW,32NVL_EW,0.015,0.015
3575,NvcNvl_L1_EW,NVCNVL_EW,0.021,0.021
3575,32Mt_L1_NS,32MT_NS,0.006,0.006
3575,32Mt_L1_EW,NONE,0.014,0.0
3575,32Mt_L3_EW,NONE,0.018,0.0
3575,32Mt_L1_NS,NONE,0.059,0.0
3575,304Nvl_L2_NS,304NVL_NS,0.038,0.038
3575,304Nvl_L3_EW,NONE,0.006,0.0
3575,32Nvl_L2_NS,32NVL_NS,0.007,-0.02
3575,32Nvl_L3_EW,NONE,0.012,0.0
3575,32Nvl_L3_EW,NONE,0.013,0.0
3575,32Mt_L2_EW,NONE,0.015,0.0
3575,32Mt_L2_NS,NONE,0.043,0.0
3575,NvcCmt8_L1_EW,NONE,0.006,0.0
3580,304Nvl_L1_NS,304NVL_NS,0.045,0.045
3580,304Nvl_L3_NS,NONE,0.037,0.0
3580,32Nvl_L1_EW,32NVL_EW,0.007,0.007
3580,32Nvl_L2_EW,32NVL_EW,0.008,0.008
3580,32Nvl_L1_EW,32NVL_EW,0.013,0.013
3580,32Nvl_L2_EW,32NVL_EW,0.015,0.015
3580,32Nvl_L3_NS,NONE,0.008,0.0
3580,32Nvl_L2_NS,32NVL_NS,0.008,-0.019
3580,NvcNvl_L1_EW,NONE,0.011,0.0
3580,NvcNvl_L2_EW,NONE,0.008,0.0
3580,NvcNvl_L1_EW,NVCNVL_EW,0.007,-0.046
3580,NvcMt_L1_EW,NVCMT_EW,0.076,0.071
3580,NvcCmt8_L2_NS,NONE,0.011,0.0
3580,NvcCmt8_L1_NS,NONE,0.008,0.0
3580,304Nvl_L2_NS,304NVL_NS,0.038,0.032
3580,32Nvl_L3_EW,NONE,0.012,0.0
3580,32Nvl_L3_EW,NONE,0.006,0.0
3580,32Nvl_L1_NS,32NVL_NS,0.007,-0.025
3580,NvcNvl_L3_EW,NONE,0.006,0.0
3580,NvcMt_L2_EW,NVCMT_EW,0.095,0.095
3585,304Nvl_L1_NS,304NVL_NS,0.045,0.045
3585,304Nvl_L3_NS,NONE,0.037,0.0
3585,304Nvl_L1_NS,NONE,0.015,0.0
3585,304Nvl_L3_NS,NONE,0.008,0.0
3585,32Nvl_L3_NS,NONE,0.008,0.0
3585,32Nvl_L2_NS,32NVL_NS,0.008,-0.019
3585,NvcNvl_L1_EW,NONE,0.011,0.0
3585,NvcNvl_L2_EW,NONE,0.008,0.0
3585,32Mt_L1_EW,NONE,0.036,0.0
3585,32Mt_L1_EW,32MT_EW,0.014,0.014
3585,NvcMt_L1_EW,NVCMT_EW,0.076,0.076
3585,NvcMt_L2_EW,NVCMT_EW,0.013,0.013
3585,304Nvl_L2_NS,304NVL_NS,0.038,0.032
3585,304Nvl_L2_NS,NONE,0.007,0.0
3585,32Nvl_L1_NS,32NVL_NS,0.013,-0.018
3585,NvcNvl_L3_EW,NONE,0.006,0.0
3585,32Mt_L2_EW,32MT_EW,0.011,0.011
3585,NvcMt_L2_EW,NVCMT_EW,0.095,0.095
3585,NvcMt_L1_EW,NVCMT_EW,0.028,0.028
3590,304Nvl_L1_EW,304NVL_EW,0.008,0.008
3590,304Nvl_L2_EW,304NVL_EW,0.007,0.007
3590,32Nvl_L3_NS,NONE,0.083,0.0
3590,32Nvl_L2_NS,32NVL_NS,0.079,0.079
3590,32Mt_L1_NS,NONE,0.049,0.0
3590,NvcMt_L2_NS,NONE,0.026,0.0
3590,NvcMt_L1_EW,NVCMT_EW,0.076,0.076
3590,NvcMt_L2_EW,NVCMT_EW,0.013,0.013
3590,304Nvl_L3_EW,NONE,0.006,0.0
3590,32Nvl_L1_NS,32NVL_NS,0.081,0.081
3590,32Mt_L2_NS,NONE,0.043,0.0
3590,NvcMt_L1_NS,NONE,0.027,0.0
3590,NvcMt_L2_EW,NVCMT_EW,0.095,0.095
3590,NvcMt_L1_EW,NVCMT_EW,0.028,0.028
3595,304Nvl_L1_NS,304NVL_NS,0.009,0.009
3595,304Nvl_L3_NS,NONE,0.007,0.0
3595,304Nvl_L1_EW,304NVL_EW,0.025,0.025
3595,304Nvl_L2_EW,304NVL_EW,0.022,0.022
3595,32Nvl_L3_NS,NONE,0.083,0.0
3595,32Nvl_L2_NS,32NVL_NS,0.079,0.074
3595,NvcNvl_L1_EW,NONE,0.011,0.0
3595,NvcNvl_L2_EW,NONE,0.008,0.0
3595,NvcNvl_L1_EW,NVCNVL_EW,0.007,-0.046
3595,NvcNvl_L2_EW,NVCNVL_EW,0.008,-0.002
3595,32Mt_L1_EW,NONE,0.007,0.0
3595,32Mt_L1_EW,32MT_EW,0.091,0.091
3595,32Mt_L1_NS,NONE,0.049,0.0
3595,NvcMt_L2_NS,NONE,0.037,0.0
3595,NvcMt_L1_EW,NVCMT_EW,0.076,0.071
3595,NvcMt_L2_EW,NVCMT_EW,0.013,0.008
3595,NvcCmt8_L2_NS,NONE,0.012,0.0
3595,304Nvl_L2_NS,304NVL_NS,0.008,-0.048
3595,304Nvl_L3_EW,NONE,0.019,0.0
3595,32Nvl_L1_NS,32NVL_NS,0.081,0.074
3595,NvcNvl_L3_EW,NONE,0.009,0.0
3595,32Mt_L2_EW,32MT_EW,0.071,0.071
3595,32Mt_L2_NS,NONE,0.043,0.0
3595,NvcMt_L1_NS,NONE,0.038,0.0
3595,NvcMt_L2_EW,NVCMT_EW,0.095,0.09
3595,NvcMt_L1_EW,NVCMT_EW,0.028,0.023
3595,NvcCmt8_L1_NS,NONE,0.011,0.0
