Time_Seconds,Lane_ID,Phase_ID,Density_Phi,Pressure_W
30,304Nvl_L1_NS,304NVL_NS,0.009,0.009
30,304Nvl_L3_NS,NONE,0.007,0.0
30,32Nvl_L1_EW,32NVL_EW,0.007,0.007
30,32Nvl_L2_EW,32NVL_EW,0.008,0.008
30,304Nvl_L2_NS,304NVL_NS,0.008,0.008
30,32Nvl_L3_EW,NONE,0.006,0.0
35,32Nvl_L1_EW,32NVL_EW,0.007,0.007
35,32Nvl_L2_EW,32NVL_EW,0.008,0.008
35,NvcCmt8_L2_NS,NONE,0.011,0.0
35,NvcCmt8_L1_NS,NONE,0.008,0.0
35,32Nvl_L3_EW,NONE,0.006,0.0
40,304Nvl_L1_EW,304NVL_EW,0.008,0.008
40,32Nvl_L1_EW,32NVL_EW,0.007,0.007
40,32Nvl_L2_EW,32NVL_EW,0.008,0.008
40,32Nvl_L3_EW,NONE,0.006,0.0
45,304Nvl_L1_EW,304NVL_EW,0.008,0.008
45,32Nvl_L1_EW,32NVL_EW,0.007,0.007
45,32Nvl_L2_EW,32NVL_EW,0.008,0.008
45,NvcNvl_L3_NS,NONE,0.007,0.0
45,NvcNvl_L2_NS,NONE,0.007,0.0
45,32Nvl_L3_EW,NONE,0.006,0.0
45,NvcNvl_L1_NS,NONE,0.009,0.0
50,304Nvl_L1_NS,304NVL_NS,0.009,0.009
50,304Nvl_L3_NS,NONE,0.007,0.0
50,304Nvl_L1_EW,304NVL_EW,0.008,0.008
50,32Nvl_L1_EW,32NVL_EW,0.007,0.007
50,32Nvl_L2_EW,32NVL_EW,0.008,0.008
50,32Mt_L1_NS,NONE,0.01,0.0
50,304Nvl_L2_NS,304NVL_NS,0.008,0.008
50,32Nvl_L3_EW,NONE,0.006,0.0
50,32Mt_L2_NS,NONE,0.009,0.0
55,32Nvl_L1_EW,32NVL_EW,0.007,0.007
55,32Nvl_L2_EW,32NVL_EW,0.008,0.008
55,32Mt_L1_NS,32MT_NS,0.006,0.006
55,NvcMt_L1_EW,NVCMT_EW,0.006,0.006
55,32Nvl_L3_EW,NONE,0.006,0.0
55,NvcMt_L2_EW,NVCMT_EW,0.008,0.008
60,304Nvl_L1_NS,NONE,0.007,0.0
60,NvcMt_L1_EW,NVCMT_EW,0.006,0.006
60,NvcMt_L2_EW,NVCMT_EW,0.008,0.008
70,NvcCmt8_L2_EW,NVCCMT8_EW,0.005,0.005
70,32Thn_L1_EW,32THN_EW,0.008,0.008
70,32Thn_L2_EW,32THN_EW,0.008,0.008
70,32Thn_L3_EW,NONE,0.008,0.0
70,NvcCmt8_L1_EW,NVCCMT8_EW,0.008,0.008
75,32Thn_L1_EW,NONE,0.01,0.0
75,NvcCmt8_L1_EW,NONE,0.006,0.0
80,304Nvl_L1_EW,304NVL_EW,0.008,0.008
80,304Nvl_L2_EW,304NVL_EW,0.007,0.007
80,304Nvl_L3_EW,NONE,0.006,0.0
85,32Nvl_L3_NS,NONE,0.007,0.0
85,32Nvl_L1_NS,32NVL_NS,0.007,0.007
85,32Nvl_L2_NS,32NVL_NS,0.007,0.007
90,304Nvl_L1_NS,304NVL_NS,0.009,0.004
90,304Nvl_L3_NS,NONE,0.007,0.0
90,304Nvl_L1_NS,NONE,0.007,0.0
90,32Nvl_L1_NS,32NVL_NS,0.007,0.001
90,NvcCmt8_L2_NS,NONE,0.011,0.0
90,NvcCmt8_L1_NS,NONE,0.008,0.0
90,304Nvl_L2_NS,304NVL_NS,0.008,0.008
90,32Nvl_L2_NS,32NVL_NS,0.007,0.001
95,304Nvl_L1_NS,304NVL_NS,0.009,0.004
95,304Nvl_L3_NS,NONE,0.007,0.0
95,32Nvl_L1_NS,32NVL_NS,0.007,0.001
95,NvcMt_L1_NS,NVCMT_NS,0.034,0.034
95,NvcCmt8_L1_NS,NONE,0.008,0.0
95,304Nvl_L2_NS,304NVL_NS,0.008,0.008
95,32Nvl_L2_NS,32NVL_NS,0.007,0.001
95,NvcMt_L2_NS,NVCMT_NS,0.027,0.027
100,304Nvl_L1_NS,304NVL_NS,0.009,0.004
100,304Nvl_L3_NS,NONE,0.007,0.0
100,32Nvl_L1_NS,32NVL_NS,0.007,0.001
100,NvcMt_L1_NS,NVCMT_NS,0.041,0.041
100,304Nvl_L2_NS,304NVL_NS,0.008,0.008
100,32Nvl_L2_NS,32NVL_NS,0.007,0.001
100,NvcMt_L2_NS,NVCMT_NS,0.032,0.032
105,304Nvl_L1_NS,304NVL_NS,0.009,0.004
105,304Nvl_L3_NS,NONE,0.007,0.0
105,32Nvl_L1_NS,32NVL_NS,0.007,0.001
105,32Mt_L1_NS,NONE,0.01,0.0
105,NvcMt_L1_NS,NVCMT_NS,0.041,0.041
105,NvcCmt8_L2_NS,NONE,0.012,0.0
105,304Nvl_L2_NS,304NVL_NS,0.008,0.008
105,32Nvl_L2_NS,32NVL_NS,0.007,0.001
105,32Mt_L2_NS,NONE,0.009,0.0
105,NvcMt_L2_NS,NVCMT_NS,0.032,0.032
105,NvcCmt8_L1_NS,NONE,0.011,0.0
110,304Nvl_L1_NS,304NVL_NS,0.009,0.004
110,304Nvl_L3_NS,NONE,0.007,0.0
110,32Nvl_L1_NS,32NVL_NS,0.007,0.001
110,32Mt_L1_EW,NONE,0.007,0.0
110,NvcMt_L1_NS,NVCMT_NS,0.041,0.041
110,304Nvl_L2_NS,304NVL_NS,0.008,0.008
110,32Nvl_L2_NS,32NVL_NS,0.007,0.001
110,NvcMt_L2_NS,NVCMT_NS,0.032,0.032
115,32Nvl_L3_NS,NONE,0.007,0.0
115,32Nvl_L1_NS,32NVL_NS,0.007,0.007
115,32Mt_L1_EW,NONE,0.007,0.0
115,NvcMt_L1_EW,NVCMT_EW,0.006,0.006
115,NvcMt_L1_NS,NVCMT_NS,0.007,0.007
115,32Nvl_L2_NS,32NVL_NS,0.007,0.007
115,NvcMt_L2_EW,NVCMT_EW,0.008,0.008
115,NvcMt_L2_NS,NVCMT_NS,0.005,0.005
120,32Mt_L1_NS,NONE,0.01,0.0
120,NvcMt_L2_NS,NONE,0.026,0.0
120,NvcMt_L1_EW,NVCMT_EW,0.006,0.006
120,NvcMt_L1_NS,NVCMT_NS,0.007,0.007
120,32Mt_L2_NS,NONE,0.009,0.0
120,NvcMt_L1_NS,NONE,0.027,0.0
120,NvcMt_L2_EW,NVCMT_EW,0.008,0.008
120,NvcMt_L2_NS,NVCMT_NS,0.005,0.005
125,304Nvl_L1_NS,NONE,0.007,0.0
125,32Nvl_L1_EW,32NVL_EW,0.007,0.007
125,32Nvl_L2_EW,32NVL_EW,0.007,0.007
125,NvcNvl_L1_EW,NVCNVL_EW,0.007,0.007
125,NvcNvl_L2_EW,NVCNVL_EW,0.008,0.008
125,32Nvl_L3_EW,NONE,0.006,0.0
125,32Nvl_L1_NS,32NVL_NS,0.007,0.007
125,NvcNvl_L3_EW,NONE,0.009,0.0
130,304Nvl_L1_NS,NONE,0.007,0.0
130,32Nvl_L1_EW,32NVL_EW,0.007,0.002
130,32Nvl_L2_EW,32NVL_EW,0.007,0.004
130,NvcNvl_L3_NS,NONE,0.034,0.0
130,NvcNvl_L2_NS,NONE,0.033,0.0
130,NvcNvl_L1_EW,NVCNVL_EW,0.007,0.007
130,NvcNvl_L2_EW,NVCNVL_EW,0.008,0.008
130,32Mt_L1_EW,32MT_EW,0.007,0.007
130,NvcMt_L2_NS,NONE,0.005,0.0
130,32Nvl_L3_EW,NONE,0.006,0.0
130,NvcNvl_L1_NS,NONE,0.044,0.0
130,NvcNvl_L3_EW,NONE,0.009,0.0
130,32Mt_L2_EW,32MT_EW,0.005,0.005
130,NvcMt_L1_NS,NONE,0.005,0.0
135,32Nvl_L1_EW,32NVL_EW,0.007,0.002
135,32Nvl_L2_EW,32NVL_EW,0.007,0.004
135,NvcNvl_L3_NS,NONE,0.007,0.0
135,NvcNvl_L2_NS,NONE,0.007,0.0
135,NvcNvl_L1_EW,NVCNVL_EW,0.007,0.007
135,NvcNvl_L2_EW,NVCNVL_EW,0.008,0.008
135,32Mt_L1_EW,32MT_EW,0.007,0.007
135,32Nvl_L3_EW,NONE,0.006,0.0
135,NvcNvl_L1_NS,NONE,0.009,0.0
135,NvcNvl_L3_EW,NONE,0.009,0.0
135,32Mt_L2_EW,32MT_EW,0.005,0.005
140,32Nvl_L1_EW,32NVL_EW,0.007,0.002
140,32Nvl_L2_EW,32NVL_EW,0.007,0.004
140,NvcNvl_L1_EW,NVCNVL_EW,0.014,0.014
140,NvcNvl_L2_EW,NVCNVL_EW,0.016,0.016
140,32Mt_L1_EW,32MT_EW,0.007,0.007
140,32Nvl_L3_EW,NONE,0.006,0.0
140,NvcNvl_L3_EW,NONE,0.019,0.0
140,32Mt_L2_EW,32MT_EW,0.005,0.005
145,32Nvl_L1_EW,32NVL_EW,0.007,-0.004
145,32Nvl_L2_EW,32NVL_EW,0.007,-0.002
145,NvcNvl_L1_EW,NVCNVL_EW,0.014,0.014
145,NvcNvl_L2_EW,NVCNVL_EW,0.016,0.016
145,32Mt_L1_EW,32MT_EW,0.007,0.007
145,32Thn_L1_EW,32THN_EW,0.008,0.008
145,32Thn_L2_EW,32THN_EW,0.008,0.008
145,32Thn_L3_EW,NONE,0.008,0.0
145,32Nvl_L3_EW,NONE,0.006,0.0
145,NvcNvl_L3_EW,NONE,0.019,0.0
145,32Mt_L2_EW,32MT_EW,0.005,0.005
150,32Nvl_L1_EW,32NVL_EW,0.007,-0.004
150,32Nvl_L2_EW,32NVL_EW,0.007,-0.002
150,NvcNvl_L1_EW,NVCNVL_EW,0.014,0.014
150,NvcNvl_L2_EW,NVCNVL_EW,0.016,0.016
150,32Mt_L1_EW,32MT_EW,0.007,0.007
150,32Thn_L1_EW,32THN_EW,0.008,0.008
150,32Thn_L2_EW,32THN_EW,0.008,0.008
150,32Thn_L3_EW,NONE,0.008,0.0
150,32Nvl_L3_EW,NONE,0.006,0.0
150,NvcNvl_L3_EW,NONE,0.019,0.0
150,32Mt_L2_EW,32MT_EW,0.005,0.005
155,304Nvl_L1_EW,304NVL_EW,0.051,0.051
155,304Nvl_L2_EW,304NVL_EW,0.044,0.044
155,32Nvl_L3_NS,NONE,0.007,0.0
155,32Nvl_L1_NS,32NVL_NS,0.007,0.007
155,32Nvl_L1_EW,32NVL_EW,0.007,-0.004
155,32Nvl_L2_EW,32NVL_EW,0.007,-0.002
155,32Nvl_L3_NS,NONE,0.008,0.0
155,32Nvl_L2_NS,32NVL_NS,0.008,0.008
155,NvcNvl_L1_EW,NVCNVL_EW,0.021,0.021
155,NvcNvl_L2_EW,NVCNVL_EW,0.023,0.023
155,32Mt_L1_EW,32MT_EW,0.007,0.007
155,NvcMt_L2_NS,NONE,0.005,0.0
155,32Thn_L1_EW,32THN_EW,0.008,0.008
155,32Thn_L2_EW,32THN_EW,0.008,0.008
155,32Thn_L3_EW,NONE,0.008,0.0
155,304Nvl_L3_EW,NONE,0.038,0.0
155,32Nvl_L2_NS,32NVL_NS,0.007,0.007
155,32Nvl_L3_EW,NONE,0.006,0.0
155,32Nvl_L1_NS,32NVL_NS,0.007,0.007
155,NvcNvl_L3_EW,NONE,0.028,0.0
155,32Mt_L2_EW,32MT_EW,0.005,0.005
155,NvcMt_L1_NS,NONE,0.005,0.0
160,304Nvl_L1_EW,304NVL_EW,0.051,0.051
160,304Nvl_L2_EW,304NVL_EW,0.044,0.044
160,32Nvl_L1_EW,32NVL_EW,0.007,0.002
160,32Nvl_L2_EW,32NVL_EW,0.007,0.004
160,32Nvl_L3_NS,NONE,0.008,0.0
160,32Nvl_L2_NS,32NVL_NS,0.008,0.008
160,NvcNvl_L1_EW,NVCNVL_EW,0.021,0.017
160,NvcNvl_L2_EW,NVCNVL_EW,0.023,0.022
160,32Mt_L1_EW,32MT_EW,0.007,0.007
160,NvcMt_L1_EW,NVCMT_EW,0.006,-0.008
160,NvcMt_L2_EW,NVCMT_EW,0.003,-0.014
160,32Thn_L1_EW,NONE,0.01,0.0
160,304Nvl_L3_EW,NONE,0.038,0.0
160,32Nvl_L3_EW,NONE,0.006,0.0
160,32Nvl_L1_NS,32NVL_NS,0.007,0.007
160,NvcNvl_L3_EW,NONE,0.028,0.0
160,32Mt_L2_EW,32MT_EW,0.005,0.005
160,NvcMt_L2_EW,NVCMT_EW,0.008,-0.008
160,NvcMt_L1_EW,NVCMT_EW,0.006,-0.009
165,304Nvl_L1_EW,304NVL_EW,0.059,0.059
165,304Nvl_L2_EW,304NVL_EW,0.051,0.051
165,32Nvl_L1_EW,32NVL_EW,0.007,-0.026
165,32Nvl_L2_EW,32NVL_EW,0.007,-0.025
165,32Nvl_L2_NS,32NVL_NS,0.008,0.008
165,NvcNvl_L1_EW,NONE,0.011,0.0
165,NvcNvl_L2_EW,NONE,0.008,0.0
165,NvcNvl_L1_EW,NVCNVL_EW,0.021,0.017
165,NvcNvl_L2_EW,NVCNVL_EW,0.023,0.022
165,32Mt_L1_EW,32MT_EW,0.007,0.007
165,NvcMt_L1_EW,NVCMT_EW,0.006,-0.014
165,NvcMt_L2_EW,NVCMT_EW,0.003,-0.017
165,NvcCmt8_L2_EW,NVCCMT8_EW,0.005,0.003
165,32Thn_L1_EW,NONE,0.01,0.0
165,32Thn_L1_EW,32THN_EW,0.04,0.04
165,32Thn_L2_EW,32THN_EW,0.042,0.042
165,32Thn_L3_EW,NONE,0.041,0.0
165,304Nvl_L3_EW,NONE,0.044,0.0
165,32Nvl_L3_EW,NONE,0.006,0.0
165,32Nvl_L1_NS,32NVL_NS,0.007,0.007
165,NvcNvl_L3_EW,NONE,0.006,0.0
165,NvcNvl_L3_EW,NONE,0.028,0.0
165,32Mt_L2_EW,32MT_EW,0.005,0.005
165,NvcMt_L2_EW,NVCMT_EW,0.008,-0.012
165,NvcMt_L1_EW,NVCMT_EW,0.006,-0.015
165,NvcCmt8_L1_EW,NVCCMT8_EW,0.008,0.003
170,304Nvl_L1_EW,304NVL_EW,0.059,0.059
170,304Nvl_L2_EW,304NVL_EW,0.051,0.051
170,32Nvl_L1_EW,32NVL_EW,0.007,-0.021
170,32Nvl_L2_EW,32NVL_EW,0.007,-0.022
170,NvcNvl_L1_EW,NVCNVL_EW,0.021,0.021
170,NvcNvl_L2_EW,NVCNVL_EW,0.023,0.022
170,NvcMt_L2_EW,NVCMT_EW,0.003,-0.017
170,NvcCmt8_L2_EW,NVCCMT8_EW,0.005,0.003
170,32Thn_L1_EW,32THN_EW,0.04,0.04
170,32Thn_L2_EW,32THN_EW,0.042,0.042
170,32Thn_L3_EW,NONE,0.041,0.0
170,304Nvl_L3_EW,NONE,0.038,0.0
170,NvcNvl_L3_EW,NONE,0.019,0.0
170,NvcMt_L1_EW,NVCMT_EW,0.006,-0.015
170,NvcCmt8_L1_EW,NVCCMT8_EW,0.008,0.008
175,304Nvl_L1_EW,304NVL_EW,0.042,0.042
175,304Nvl_L2_EW,304NVL_EW,0.036,0.036
175,32Nvl_L3_NS,NONE,0.008,0.0
175,32Nvl_L2_NS,32NVL_NS,0.008,0.008
175,NvcNvl_L1_NS,NVCNVL_NS,0.007,0.007
175,NvcMt_L2_EW,NVCMT_EW,0.003,0.003
175,32Thn_L1_EW,NONE,0.049,0.0
175,304Nvl_L3_EW,NONE,0.032,0.0
175,32Nvl_L1_NS,32NVL_NS,0.007,0.002
175,NvcMt_L1_EW,NVCMT_EW,0.006,0.006
180,304Nvl_L1_NS,NONE,0.015,0.0
180,32Nvl_L3_NS,NONE,0.008,0.0
180,32Nvl_L2_NS,32NVL_NS,0.008,0.008
180,NvcNvl_L1_NS,NVCNVL_NS,0.013,0.013
180,32Mt_L1_NS,32MT_NS,0.006,0.006
180,32Mt_L1_EW,NONE,0.007,0.0
180,32Mt_L3_EW,NONE,0.009,0.0
180,32Thn_L1_EW,NONE,0.049,0.0
180,32Nvl_L1_NS,32NVL_NS,0.013,0.004
180,32Mt_L2_EW,NONE,0.008,0.0
185,32Nvl_L3_NS,NONE,0.008,0.0
185,32Nvl_L2_NS,32NVL_NS,0.008,0.008
185,NvcNvl_L3_NS,NONE,0.034,0.0
185,NvcNvl_L2_NS,NONE,0.033,0.0
185,NvcNvl_L1_EW,NONE,0.011,0.0
185,NvcNvl_L2_EW,NONE,0.008,0.0
185,NvcNvl_L1_EW,NVCNVL_EW,0.007,0.007
185,NvcNvl_L2_EW,NVCNVL_EW,0.008,0.008
185,NvcNvl_L1_NS,NVCNVL_NS,0.007,0.007
185,32Mt_L1_NS,32MT_NS,0.006,0.006
185,32Nvl_L1_NS,32NVL_NS,0.013,0.009
185,NvcNvl_L1_NS,NONE,0.044,0.0
185,NvcNvl_L3_EW,NONE,0.006,0.0
185,NvcNvl_L3_EW,NONE,0.009,0.0
185,NvcCmt8_L1_EW,NONE,0.006,0.0
190,304Nvl_L1_EW,304NVL_EW,0.017,0.017
190,304Nvl_L2_EW,304NVL_EW,0.015,0.015
190,32Nvl_L3_NS,NONE,0.008,0.0
190,32Nvl_L2_NS,32NVL_NS,0.008,0.008
190,NvcNvl_L3_NS,NONE,0.014,0.0
190,NvcNvl_L2_NS,NONE,0.013,0.0
190,32Mt_L1_NS,32MT_NS,0.006,0.006
190,304Nvl_L3_EW,NONE,0.013,0.0
190,32Nvl_L1_NS,32NVL_NS,0.013,0.013
190,NvcNvl_L1_NS,NONE,0.017,0.0
195,304Nvl_L1_EW,304NVL_EW,0.059,0.059
195,304Nvl_L2_EW,304NVL_EW,0.015,0.015
195,304Nvl_L1_NS,NONE,0.007,0.0
195,32Nvl_L3_NS,NONE,0.017,0.0
195,32Nvl_L2_NS,32NVL_NS,0.016,0.016
195,32Mt_L1_NS,32MT_NS,0.006,0.006
195,304Nvl_L3_EW,NONE,0.013,0.0
195,32Nvl_L1_NS,32NVL_NS,0.013,0.013
200,304Nvl_L1_EW,304NVL_EW,0.042,0.042
200,304Nvl_L1_NS,NONE,0.007,0.0
200,32Nvl_L3_NS,NONE,0.017,0.0
200,32Nvl_L2_NS,32NVL_NS,0.016,0.016
200,NvcNvl_L1_EW,NVCNVL_EW,0.014,0.014
200,32Mt_L1_EW,32MT_EW,0.007,0.007
200,32Nvl_L1_NS,32NVL_NS,0.013,0.013
200,32Mt_L2_EW,32MT_EW,0.005,0.005
205,304Nvl_L1_EW,304NVL_EW,0.008,0.008
205,304Nvl_L2_EW,304NVL_EW,0.007,0.007
205,304Nvl_L1_NS,NONE,0.015,0.0
205,32Nvl_L3_NS,NONE,0.007,0.0
205,32Nvl_L1_NS,32NVL_NS,0.007,0.007
205,32Nvl_L3_NS,NONE,0.017,0.0
205,32Nvl_L2_NS,32NVL_NS,0.016,0.016
205,NvcNvl_L3_NS,NONE,0.007,0.0
205,NvcNvl_L2_NS,NONE,0.007,0.0
205,NvcNvl_L1_EW,NVCNVL_EW,0.007,0.007
205,304Nvl_L3_EW,NONE,0.006,0.0
205,32Nvl_L2_NS,32NVL_NS,0.007,0.007
205,32Nvl_L1_NS,32NVL_NS,0.013,0.013
205,NvcNvl_L1_NS,NONE,0.009,0.0
210,32Nvl_L3_NS,NONE,0.007,0.0
210,32Nvl_L1_NS,32NVL_NS,0.014,0.014
210,32Nvl_L3_NS,NONE,0.025,0.0
210,32Nvl_L2_NS,32NVL_NS,0.024,0.024
210,NvcNvl_L3_NS,NONE,0.007,0.0
210,NvcNvl_L2_NS,NONE,0.007,0.0
210,32Mt_L1_EW,NONE,0.007,0.0
210,NvcCmt8_L2_NS,NONE,0.011,0.0
210,NvcCmt8_L1_NS,NONE,0.008,0.0
210,32Nvl_L2_NS,32NVL_NS,0.013,0.013
210,32Nvl_L1_NS,32NVL_NS,0.02,0.02
210,NvcNvl_L1_NS,NONE,0.009,0.0
215,304Nvl_L1_EW,304NVL_EW,0.008,0.008
215,32Nvl_L3_NS,NONE,0.007,0.0
215,32Nvl_L1_NS,32NVL_NS,0.014,0.014
215,32Nvl_L3_NS,NONE,0.025,0.0
215,32Nvl_L2_NS,32NVL_NS,0.024,0.024
215,32Nvl_L2_NS,32NVL_NS,0.013,0.013
215,32Nvl_L1_NS,32NVL_NS,0.02,0.02
220,32Nvl_L3_NS,NONE,0.007,0.0
220,32Nvl_L1_NS,32NVL_NS,0.014,0.014
220,32Nvl_L3_NS,NONE,0.025,0.0
220,32Nvl_L2_NS,32NVL_NS,0.024,0.024
220,NvcNvl_L1_EW,NONE,0.011,0.0
220,NvcNvl_L2_EW,NONE,0.008,0.0
220,32Mt_L1_EW,32MT_EW,0.007,0.007
220,32Nvl_L2_NS,32NVL_NS,0.013,0.013
220,32Nvl_L1_NS,32NVL_NS,0.02,0.02
220,NvcNvl_L3_EW,NONE,0.006,0.0
220,32Mt_L2_EW,32MT_EW,0.005,0.005
225,304Nvl_L1_EW,304NVL_EW,0.008,0.008
225,304Nvl_L2_EW,304NVL_EW,0.007,0.007
225,32Nvl_L3_NS,NONE,0.02,0.0
225,32Nvl_L1_NS,32NVL_NS,0.028,0.028
225,32Nvl_L1_EW,32NVL_EW,0.007,0.007
225,32Nvl_L2_EW,32NVL_EW,0.007,0.007
225,32Nvl_L3_NS,NONE,0.025,0.0
225,32Nvl_L2_NS,32NVL_NS,0.024,0.024
225,NvcCmt8_L2_EW,NVCCMT8_EW,0.005,0.005
225,NvcCmt8_L2_EW,NONE,0.007,0.0
225,304Nvl_L3_EW,NONE,0.006,0.0
225,32Nvl_L2_NS,32NVL_NS,0.027,0.027
225,32Nvl_L3_EW,NONE,0.006,0.0
225,32Nvl_L1_NS,32NVL_NS,0.02,0.02
225,NvcCmt8_L1_EW,NVCCMT8_EW,0.008,0.008
225,NvcCmt8_L1_EW,NONE,0.006,0.0
230,304Nvl_L1_EW,304NVL_EW,0.008,0.008
230,304Nvl_L2_EW,304NVL_EW,0.007,0.007
230,32Nvl_L3_NS,NONE,0.014,0.0
230,32Nvl_L1_NS,32NVL_NS,0.014,0.014
230,32Nvl_L1_EW,32NVL_EW,0.007,0.007
230,32Nvl_L2_EW,32NVL_EW,0.007,0.007
230,NvcNvl_L1_EW,NONE,0.011,0.0
230,NvcNvl_L2_EW,NONE,0.008,0.0
230,32Mt_L1_EW,NONE,0.007,0.0
230,NvcCmt8_L2_EW,NVCCMT8_EW,0.005,0.005
230,NvcCmt8_L2_EW,NONE,0.007,0.0
230,304Nvl_L3_EW,NONE,0.006,0.0
230,32Nvl_L2_NS,32NVL_NS,0.013,0.013
230,32Nvl_L3_EW,NONE,0.006,0.0
230,NvcNvl_L3_EW,NONE,0.006,0.0
230,NvcCmt8_L1_EW,NVCCMT8_EW,0.008,0.008
230,NvcCmt8_L1_EW,NONE,0.006,0.0
235,304Nvl_L1_EW,304NVL_EW,0.025,0.025
235,304Nvl_L2_EW,304NVL_EW,0.022,0.022
235,32Nvl_L1_EW,32NVL_EW,0.007,0.007
235,32Nvl_L2_EW,32NVL_EW,0.007,0.007
235,NvcNvl_L1_EW,NVCNVL_EW,0.007,0.007
235,NvcNvl_L2_EW,NVCNVL_EW,0.008,0.008
235,NvcCmt8_L2_EW,NVCCMT8_EW,0.005,0.005
235,304Nvl_L3_EW,NONE,0.019,0.0
235,32Nvl_L3_EW,NONE,0.006,0.0
235,32Nvl_L1_NS,32NVL_NS,0.007,0.007
235,NvcNvl_L3_EW,NONE,0.009,0.0
235,NvcCmt8_L1_EW,NVCCMT8_EW,0.008,0.008
240,304Nvl_L1_EW,304NVL_EW,0.008,0.008
240,304Nvl_L2_EW,304NVL_EW,0.007,0.007
240,32Nvl_L1_NS,32NVL_NS,0.007,0.007
240,32Nvl_L1_EW,32NVL_EW,0.04,0.04
240,32Nvl_L2_EW,32NVL_EW,0.045,0.045
240,32Nvl_L3_NS,NONE,0.008,0.0
240,32Nvl_L2_NS,32NVL_NS,0.008,0.008
240,NvcNvl_L1_EW,NVCNVL_EW,0.007,0.007
240,NvcNvl_L2_EW,NVCNVL_EW,0.008,0.008
240,32Mt_L1_NS,NONE,0.01,0.0
240,NvcCmt8_L2_EW,NVCCMT8_EW,0.005,0.005
240,304Nvl_L3_EW,NONE,0.006,0.0
240,32Nvl_L3_EW,NONE,0.037,0.0
240,32Nvl_L1_NS,32NVL_NS,0.007,0.007
240,NvcNvl_L3_EW,NONE,0.009,0.0
240,32Mt_L2_NS,NONE,0.009,0.0
240,NvcCmt8_L1_EW,NVCCMT8_EW,0.015,0.015
245,304Nvl_L1_NS,NONE,0.007,0.0
245,32Nvl_L1_EW,32NVL_EW,0.04,0.005
245,32Nvl_L2_EW,32NVL_EW,0.045,0.014
245,NvcNvl_L3_NS,NONE,0.014,0.0
245,NvcNvl_L2_NS,NONE,0.013,0.0
245,NvcNvl_L1_EW,NVCNVL_EW,0.007,0.007
245,NvcNvl_L2_EW,NVCNVL_EW,0.008,0.008
245,32Mt_L1_EW,32MT_EW,0.035,0.035
245,32Thn_L1_EW,32THN_EW,0.016,0.016
245,32Thn_L2_EW,32THN_EW,0.017,0.017
245,32Thn_L3_EW,NONE,0.016,0.0
245,32Nvl_L3_EW,NONE,0.037,0.0
245,NvcNvl_L1_NS,NONE,0.017,0.0
245,NvcNvl_L3_EW,NONE,0.009,0.0
245,32Mt_L2_EW,32MT_EW,0.027,0.027
245,NvcCmt8_L1_EW,NONE,0.006,0.0
250,32Nvl_L1_EW,32NVL_EW,0.007,-0.029
250,32Nvl_L2_EW,32NVL_EW,0.008,-0.023
250,32Nvl_L1_EW,32NVL_EW,0.04,0.005
250,32Nvl_L2_EW,32NVL_EW,0.045,0.014
250,NvcNvl_L3_NS,NONE,0.007,0.0
250,NvcNvl_L2_NS,NONE,0.007,0.0
250,NvcNvl_L1_EW,NVCNVL_EW,0.007,0.007
250,NvcNvl_L2_EW,NVCNVL_EW,0.008,0.008
250,32Mt_L1_NS,32MT_NS,0.006,0.006
250,32Mt_L1_EW,32MT_EW,0.035,0.03
250,NvcMt_L2_NS,NONE,0.005,0.0
250,32Thn_L1_EW,32THN_EW,0.016,0.011
250,32Thn_L2_EW,32THN_EW,0.017,0.011
250,32Thn_L3_EW,NONE,0.016,0.0
250,32Nvl_L3_EW,NONE,0.037,0.0
250,32Nvl_L3_EW,NONE,0.006,0.0
250,32Nvl_L1_NS,32NVL_NS,0.007,0.007
250,NvcNvl_L1_NS,NONE,0.009,0.0
250,NvcNvl_L3_EW,NONE,0.009,0.0
250,32Mt_L2_EW,32MT_EW,0.027,0.022
250,NvcMt_L1_NS,NONE,0.005,0.0
255,304Nvl_L1_NS,NONE,0.007,0.0
255,32Nvl_L1_EW,32NVL_EW,0.007,-0.028
255,32Nvl_L2_EW,32NVL_EW,0.008,-0.021
255,32Nvl_L1_EW,32NVL_EW,0.04,0.005
255,32Nvl_L2_EW,32NVL_EW,0.045,0.016
255,NvcNvl_L1_EW,NONE,0.011,0.0
255,NvcNvl_L2_EW,NONE,0.008,0.0
255,NvcNvl_L1_EW,NVCNVL_EW,0.007,0.007
255,NvcNvl_L2_EW,NVCNVL_EW,0.008,0.008
255,32Mt_L1_EW,NONE,0.007,0.0
255,32Mt_L3_EW,NONE,0.009,0.0
255,32Mt_L1_EW,32MT_EW,0.042,0.037
255,32Mt_L1_NS,NONE,0.01,0.0
255,32Thn_L1_EW,NONE,0.01,0.0
255,32Thn_L1_EW,32THN_EW,0.008,0.003
255,32Thn_L2_EW,32THN_EW,0.008,0.003
255,32Thn_L3_EW,NONE,0.008,0.0
255,32Nvl_L3_EW,NONE,0.037,0.0
255,32Nvl_L3_EW,NONE,0.006,0.0
255,32Nvl_L1_NS,32NVL_NS,0.007,0.007
255,NvcNvl_L3_EW,NONE,0.009,0.0
255,32Mt_L2_EW,NONE,0.008,0.0
255,32Mt_L2_EW,32MT_EW,0.033,0.027
255,32Mt_L2_NS,NONE,0.009,0.0
260,304Nvl_L1_NS,NONE,0.007,0.0
260,32Nvl_L1_EW,32NVL_EW,0.007,-0.027
260,32Nvl_L2_EW,32NVL_EW,0.008,-0.019
260,32Nvl_L1_EW,32NVL_EW,0.04,0.006
260,32Nvl_L2_EW,32NVL_EW,0.045,0.018
260,32Nvl_L3_NS,NONE,0.008,0.0
260,32Nvl_L2_NS,32NVL_NS,0.008,0.008
260,NvcNvl_L1_EW,NVCNVL_EW,0.007,0.007
260,NvcNvl_L2_EW,NVCNVL_EW,0.008,0.008
260,32Mt_L1_NS,32MT_NS,0.006,0.006
260,32Mt_L1_EW,32MT_EW,0.049,0.044
260,32Thn_L1_EW,NONE,0.019,0.0
260,32Nvl_L3_EW,NONE,0.037,0.0
260,32Nvl_L3_EW,NONE,0.006,0.0
260,32Nvl_L1_NS,32NVL_NS,0.007,0.007
260,NvcNvl_L3_EW,NONE,0.009,0.0
260,32Mt_L2_EW,32MT_EW,0.038,0.033
265,304Nvl_L1_NS,304NVL_NS,0.045,0.045
265,304Nvl_L3_NS,NONE,0.037,0.0
265,304Nvl_L1_NS,NONE,0.007,0.0
265,304Nvl_L3_NS,NONE,0.008,0.0
265,32Nvl_L1_EW,32NVL_EW,0.007,-0.027
265,32Nvl_L2_EW,32NVL_EW,0.008,-0.019
265,32Nvl_L1_EW,32NVL_EW,0.04,0.006
265,32Nvl_L2_EW,32NVL_EW,0.045,0.018
265,NvcNvl_L1_EW,NVCNVL_EW,0.007,0.007
265,NvcNvl_L2_EW,NVCNVL_EW,0.008,0.008
265,32Mt_L1_EW,32MT_EW,0.049,0.044
265,32Mt_L1_NS,NONE,0.068,0.0
265,NvcCmt8_L2_EW,NVCCMT8_EW,0.005,0.005
265,32Thn_L1_EW,NONE,0.01,0.0
265,304Nvl_L2_NS,304NVL_NS,0.038,0.038
265,304Nvl_L2_NS,NONE,0.007,0.0
265,32Nvl_L3_EW,NONE,0.037,0.0
265,32Nvl_L3_EW,NONE,0.006,0.0
265,NvcNvl_L3_EW,NONE,0.009,0.0
265,32Mt_L2_EW,32MT_EW,0.038,0.033
265,32Mt_L2_NS,NONE,0.052,0.0
265,NvcCmt8_L1_EW,NVCCMT8_EW,0.008,0.008
270,304Nvl_L1_NS,304NVL_NS,0.045,0.036
270,304Nvl_L3_NS,NONE,0.037,0.0
270,32Nvl_L3_NS,NONE,0.014,0.0
270,32Nvl_L1_NS,32NVL_NS,0.014,-0.018
270,32Nvl_L1_EW,32NVL_EW,0.007,-0.027
270,32Nvl_L2_EW,32NVL_EW,0.008,-0.019
270,32Nvl_L1_EW,32NVL_EW,0.047,0.013
270,32Nvl_L2_EW,32NVL_EW,0.045,0.018
270,32Nvl_L3_NS,NONE,0.008,0.0
270,32Nvl_L2_NS,32NVL_NS,0.008,-0.019
270,NvcNvl_L1_EW,NVCNVL_EW,0.007,0.007
270,NvcNvl_L2_EW,NVCNVL_EW,0.008,0.008
270,32Mt_L1_EW,32MT_EW,0.049,0.044
270,32Mt_L1_NS,NONE,0.01,0.0
270,NvcCmt8_L2_EW,NVCCMT8_EW,0.005,0.005
270,32Thn_L1_NS,32THN_NS,0.01,0.01
270,32Thn_L2_NS,32THN_NS,0.013,0.013
270,304Nvl_L2_NS,304NVL_NS,0.038,0.032
270,32Nvl_L2_NS,32NVL_NS,0.013,-0.013
270,32Nvl_L3_EW,NONE,0.037,0.0
270,32Nvl_L3_EW,NONE,0.006,0.0
270,32Nvl_L1_NS,32NVL_NS,0.007,-0.025
270,NvcNvl_L3_EW,NONE,0.009,0.0
270,32Mt_L2_EW,32MT_EW,0.038,0.033
270,NvcCmt8_L1_EW,NVCCMT8_EW,0.008,0.008
275,304Nvl_L1_NS,304NVL_NS,0.045,0.04
275,304Nvl_L3_NS,NONE,0.037,0.0
275,304Nvl_L1_EW,304NVL_EW,0.008,0.008
275,304Nvl_L2_EW,304NVL_EW,0.007,0.007
275,32Nvl_L1_NS,32NVL_NS,0.007,-0.025
275,32Nvl_L1_EW,32NVL_EW,0.007,-0.052
275,32Nvl_L2_EW,32NVL_EW,0.008,-0.019
275,32Nvl_L1_EW,32NVL_EW,0.04,-0.018
275,32Nvl_L2_EW,32NVL_EW,0.045,0.018
275,NvcNvl_L1_EW,NVCNVL_EW,0.007,0.007
275,NvcNvl_L2_EW,NVCNVL_EW,0.008,0.008
275,32Mt_L1_EW,NONE,0.007,0.0
275,32Mt_L1_EW,32MT_EW,0.084,0.079
275,NvcCmt8_L2_EW,NVCCMT8_EW,0.005,0.005
275,32Thn_L1_NS,32THN_NS,0.01,0.01
275,32Thn_L2_NS,32THN_NS,0.013,0.013
275,304Nvl_L2_NS,304NVL_NS,0.038,0.038
275,304Nvl_L3_EW,NONE,0.006,0.0
275,32Nvl_L2_NS,32NVL_NS,0.007,-0.02
275,32Nvl_L3_EW,NONE,0.037,0.0
275,32Nvl_L3_EW,NONE,0.006,0.0
275,NvcNvl_L3_EW,NONE,0.009,0.0
275,32Mt_L2_EW,32MT_EW,0.038,0.033
275,NvcCmt8_L1_EW,NVCCMT8_EW,0.008,0.008
280,304Nvl_L1_NS,304NVL_NS,0.045,0.045
280,304Nvl_L3_NS,NONE,0.037,0.0
280,304Nvl_L1_EW,304NVL_EW,0.017,0.017
280,304Nvl_L2_EW,304NVL_EW,0.007,0.007
280,304Nvl_L1_NS,NONE,0.007,0.0
280,32Nvl_L1_EW,32NVL_EW,0.007,-0.052
280,32Nvl_L2_EW,32NVL_EW,0.008,-0.038
280,32Nvl_L1_EW,32NVL_EW,0.04,-0.018
280,32Nvl_L2_EW,32NVL_EW,0.045,-0.001
280,NvcNvl_L1_EW,NVCNVL_EW,0.007,0.007
280,NvcNvl_L2_EW,NVCNVL_EW,0.008,0.008
280,32Mt_L1_EW,32MT_EW,0.084,0.079
280,NvcCmt8_L2_EW,NVCCMT8_EW,0.005,0.005
280,304Nvl_L2_NS,304NVL_NS,0.038,0.038
280,304Nvl_L3_EW,NONE,0.006,0.0
280,32Nvl_L3_EW,NONE,0.037,0.0
280,32Nvl_L3_EW,NONE,0.006,0.0
280,32Nvl_L1_NS,32NVL_NS,0.007,-0.025
280,NvcNvl_L3_EW,NONE,0.009,0.0
280,32Mt_L2_EW,32MT_EW,0.065,0.06
280,NvcCmt8_L1_EW,NVCCMT8_EW,0.008,0.008
285,304Nvl_L1_NS,304NVL_NS,0.045,0.045
285,304Nvl_L3_NS,NONE,0.037,0.0
285,32Nvl_L2_NS,32NVL_NS,0.039,0.013
285,32Mt_L1_EW,NONE,0.007,0.0
285,32Mt_L3_EW,NONE,0.009,0.0
285,32Mt_L1_EW,32MT_EW,0.035,0.035
285,NvcMt_L2_NS,NONE,0.005,0.0
285,304Nvl_L2_NS,304NVL_NS,0.038,0.01
285,32Nvl_L1_NS,32NVL_NS,0.034,0.002
285,32Mt_L2_EW,NONE,0.008,0.0
285,32Mt_L2_EW,32MT_EW,0.027,0.027
285,NvcMt_L1_NS,NONE,0.005,0.0
290,304Nvl_L1_NS,304NVL_NS,0.045,0.04
290,304Nvl_L3_NS,NONE,0.037,0.0
290,304Nvl_L1_NS,NONE,0.007,0.0
290,32Nvl_L3_NS,NONE,0.007,0.0
290,32Nvl_L1_NS,32NVL_NS,0.007,-0.025
290,32Nvl_L3_NS,NONE,0.05,0.0
290,32Nvl_L2_NS,32NVL_NS,0.047,0.021
290,NvcNvl_L1_EW,NONE,0.011,0.0
290,NvcNvl_L2_EW,NONE,0.008,0.0
290,32Mt_L1_EW,NONE,0.007,0.0
290,32Mt_L3_EW,NONE,0.009,0.0
290,32Mt_L1_EW,32MT_EW,0.007,0.007
290,32Mt_L1_NS,NONE,0.049,0.0
290,304Nvl_L2_NS,304NVL_NS,0.038,0.005
290,32Nvl_L2_NS,32NVL_NS,0.007,-0.02
290,32Nvl_L1_NS,32NVL_NS,0.047,0.015
290,32Mt_L2_EW,NONE,0.008,0.0
290,32Mt_L2_EW,32MT_EW,0.005,0.005
290,32Mt_L2_NS,NONE,0.043,0.0
290,NvcCmt8_L1_EW,NONE,0.006,0.0
295,304Nvl_L1_NS,304NVL_NS,0.063,0.059
295,304Nvl_L3_NS,NONE,0.052,0.0
295,304Nvl_L1_EW,304NVL_EW,0.008,0.008
295,304Nvl_L2_EW,304NVL_EW,0.007,0.007
295,32Nvl_L1_NS,32NVL_NS,0.007,-0.037
295,32Nvl_L3_NS,NONE,0.067,0.0
295,32Nvl_L2_NS,32NVL_NS,0.063,0.026
295,NvcNvl_L1_EW,NONE,0.011,0.0
295,NvcNvl_L2_EW,NONE,0.008,0.0
295,32Mt_L1_NS,32MT_NS,0.006,0.006
295,32Mt_L1_EW,NONE,0.036,0.0
295,32Mt_L1_EW,32MT_EW,0.007,0.007
295,NvcMt_L2_EW,NVCMT_EW,0.003,0.003
295,304Nvl_L2_NS,304NVL_NS,0.053,0.009
295,304Nvl_L3_EW,NONE,0.006,0.0
295,32Nvl_L2_NS,32NVL_NS,0.007,-0.031
295,32Nvl_L1_NS,32NVL_NS,0.06,0.016
295,32Mt_L2_EW,32MT_EW,0.005,0.005
295,NvcMt_L1_EW,NVCMT_EW,0.006,0.006
295,NvcCmt8_L1_EW,NONE,0.006,0.0
300,304Nvl_L1_NS,304NVL_NS,0.063,0.059
300,304Nvl_L3_NS,NONE,0.052,0.0
300,304Nvl_L1_NS,NONE,0.007,0.0
300,304Nvl_L3_NS,NONE,0.008,0.0
300,32Nvl_L1_NS,32NVL_NS,0.007,-0.037
300,32Nvl_L3_NS,NONE,0.067,0.0
300,32Nvl_L2_NS,32NVL_NS,0.063,0.026
300,32Mt_L1_NS,32MT_NS,0.019,0.019
300,32Mt_L1_EW,32MT_EW,0.042,0.042
300,32Mt_L1_NS,NONE,0.01,0.0
300,NvcMt_L2_EW,NVCMT_EW,0.003,0.003
300,304Nvl_L2_NS,304NVL_NS,0.053,0.009
300,304Nvl_L2_NS,NONE,0.007,0.0
300,32Nvl_L2_NS,32NVL_NS,0.007,-0.031
300,32Nvl_L1_NS,32NVL_NS,0.06,0.016
300,32Mt_L2_EW,32MT_EW,0.027,0.027
300,32Mt_L2_NS,NONE,0.009,0.0
300,NvcMt_L1_EW,NVCMT_EW,0.006,0.006
305,304Nvl_L1_NS,304NVL_NS,0.054,0.045
305,304Nvl_L3_NS,NONE,0.044,0.0
305,32Nvl_L3_NS,NONE,0.007,0.0
305,32Nvl_L1_NS,32NVL_NS,0.014,-0.024
305,32Nvl_L3_NS,NONE,0.067,0.0
305,32Nvl_L2_NS,32NVL_NS,0.063,0.031
305,NvcNvl_L1_EW,NVCNVL_EW,0.007,0.007
305,NvcNvl_L2_EW,NVCNVL_EW,0.008,0.008
305,32Mt_L1_NS,32MT_NS,0.013,0.013
305,32Mt_L1_EW,NONE,0.007,0.0
305,32Mt_L3_EW,NONE,0.009,0.0
305,32Mt_L1_NS,NONE,0.02,0.0
305,304Nvl_L2_NS,304NVL_NS,0.046,0.001
305,32Nvl_L2_NS,32NVL_NS,0.013,-0.019
305,32Nvl_L1_NS,32NVL_NS,0.054,0.016
305,NvcNvl_L3_EW,NONE,0.009,0.0
305,32Mt_L2_EW,NONE,0.008,0.0
305,32Mt_L2_NS,NONE,0.017,0.0
310,304Nvl_L1_NS,304NVL_NS,0.054,0.045
310,304Nvl_L3_NS,NONE,0.044,0.0
310,304Nvl_L1_EW,304NVL_EW,0.008,0.008
310,304Nvl_L1_NS,NONE,0.007,0.0
310,32Nvl_L3_NS,NONE,0.007,0.0
310,32Nvl_L1_NS,32NVL_NS,0.014,-0.024
310,32Nvl_L3_NS,NONE,0.067,0.0
310,32Nvl_L2_NS,32NVL_NS,0.063,0.031
310,32Mt_L1_NS,32MT_NS,0.006,0.006
310,32Mt_L1_NS,NONE,0.01,0.0
310,32Thn_L1_EW,32THN_EW,0.008,0.008
310,32Thn_L2_EW,32THN_EW,0.008,0.008
310,32Thn_L3_EW,NONE,0.008,0.0
310,304Nvl_L2_NS,304NVL_NS,0.046,0.001
310,32Nvl_L2_NS,32NVL_NS,0.013,-0.019
310,32Nvl_L1_NS,32NVL_NS,0.054,0.016
310,32Mt_L2_NS,NONE,0.009,0.0
315,304Nvl_L1_NS,304NVL_NS,0.054,0.04
315,304Nvl_L3_NS,NONE,0.044,0.0
315,32Nvl_L3_NS,NONE,0.014,0.0
315,32Nvl_L1_NS,32NVL_NS,0.021,-0.017
315,32Nvl_L1_EW,32NVL_EW,0.007,-0.014
315,32Nvl_L2_EW,32NVL_EW,0.007,-0.008
315,32Nvl_L3_NS,NONE,0.067,0.0
315,32Nvl_L2_NS,32NVL_NS,0.063,0.031
315,32Mt_L1_NS,32MT_NS,0.006,0.006
315,32Mt_L1_EW,32MT_EW,0.014,0.014
315,32Mt_L1_NS,NONE,0.01,0.0
315,32Thn_L1_EW,32THN_EW,0.016,0.016
315,32Thn_L2_EW,32THN_EW,0.017,0.017
315,32Thn_L3_EW,NONE,0.016,0.0
315,304Nvl_L2_NS,304NVL_NS,0.046,0.001
315,32Nvl_L2_NS,32NVL_NS,0.02,-0.012
315,32Nvl_L3_EW,NONE,0.006,0.0
315,32Nvl_L1_NS,32NVL_NS,0.054,0.016
315,32Mt_L2_EW,32MT_EW,0.005,0.005
320,304Nvl_L1_NS,304NVL_NS,0.054,0.04
320,304Nvl_L3_NS,NONE,0.044,0.0
320,304Nvl_L1_EW,304NVL_EW,0.008,0.008
320,304Nvl_L2_EW,304NVL_EW,0.007,0.007
320,32Nvl_L3_NS,NONE,0.007,0.0
320,32Nvl_L1_NS,32NVL_NS,0.021,-0.017
320,32Nvl_L1_EW,32NVL_EW,0.007,0.007
320,32Nvl_L2_EW,32NVL_EW,0.008,0.008
320,32Nvl_L3_NS,NONE,0.067,0.0
320,32Nvl_L2_NS,32NVL_NS,0.063,0.031
320,32Mt_L1_EW,NONE,0.007,0.0
320,32Thn_L1_EW,NONE,0.019,0.0
320,304Nvl_L2_NS,304NVL_NS,0.046,0.001
320,304Nvl_L3_EW,NONE,0.006,0.0
320,32Nvl_L2_NS,32NVL_NS,0.02,-0.012
320,32Nvl_L3_EW,NONE,0.006,0.0
320,32Nvl_L1_NS,32NVL_NS,0.054,0.016
325,304Nvl_L1_NS,304NVL_NS,0.054,0.04
325,304Nvl_L3_NS,NONE,0.044,0.0
325,304Nvl_L1_EW,304NVL_EW,0.008,0.008
325,304Nvl_L2_EW,304NVL_EW,0.007,0.007
325,32Nvl_L3_NS,NONE,0.014,0.0
325,32Nvl_L1_NS,32NVL_NS,0.021,-0.017
325,32Nvl_L3_NS,NONE,0.067,0.0
325,32Nvl_L2_NS,32NVL_NS,0.063,0.031
325,NvcNvl_L3_NS,NONE,0.007,0.0
325,NvcNvl_L2_NS,NONE,0.007,0.0
325,32Thn_L1_EW,NONE,0.01,0.0
325,32Thn_L2_EW,NONE,0.01,0.0
325,32Thn_L3_EW,NONE,0.007,0.0
325,304Nvl_L2_NS,304NVL_NS,0.046,0.001
325,304Nvl_L3_EW,NONE,0.006,0.0
325,32Nvl_L2_NS,32NVL_NS,0.02,-0.012
325,32Nvl_L1_NS,32NVL_NS,0.054,0.016
325,NvcNvl_L1_NS,NONE,0.009,0.0
330,304Nvl_L1_NS,304NVL_NS,0.054,0.04
330,304Nvl_L3_NS,NONE,0.044,0.0
330,304Nvl_L1_EW,NONE,0.008,0.0
330,304Nvl_L1_NS,NONE,0.007,0.0
330,32Nvl_L3_NS,NONE,0.014,0.0
330,32Nvl_L1_NS,32NVL_NS,0.021,-0.017
330,32Nvl_L1_EW,32NVL_EW,0.007,0.001
330,32Nvl_L2_EW,32NVL_EW,0.007,0.007
330,32Nvl_L3_NS,NONE,0.067,0.0
330,32Nvl_L2_NS,32NVL_NS,0.063,0.031
330,NvcMt_L1_NS,NVCMT_NS,0.007,0.007
330,32Thn_L1_EW,32THN_EW,0.008,0.008
330,304Nvl_L2_NS,304NVL_NS,0.046,0.001
330,32Nvl_L2_NS,32NVL_NS,0.02,-0.012
330,32Nvl_L3_EW,NONE,0.006,0.0
330,32Nvl_L1_NS,32NVL_NS,0.06,0.022
330,NvcMt_L2_NS,NVCMT_NS,0.005,0.005
335,304Nvl_L1_NS,304NVL_NS,0.054,0.045
335,304Nvl_L3_NS,NONE,0.044,0.0
335,32Nvl_L3_NS,NONE,0.007,0.0
335,32Nvl_L1_NS,32NVL_NS,0.014,-0.024
335,32Nvl_L3_NS,NONE,0.167,0.0
335,32Nvl_L2_NS,32NVL_NS,0.158,0.126
335,NvcMt_L2_EW,NVCMT_EW,0.003,0.003
335,NvcMt_L1_NS,NVCMT_NS,0.007,0.007
335,304Nvl_L2_NS,304NVL_NS,0.046,-0.065
335,32Nvl_L2_NS,32NVL_NS,0.013,-0.019
335,32Nvl_L1_NS,32NVL_NS,0.141,0.103
335,NvcMt_L1_EW,NVCMT_EW,0.006,0.006
335,NvcMt_L2_NS,NVCMT_NS,0.005,0.005
340,304Nvl_L1_EW,304NVL_EW,0.008,0.008
340,304Nvl_L2_EW,304NVL_EW,0.007,0.007
340,32Nvl_L3_NS,NONE,0.007,0.0
340,32Nvl_L1_NS,32NVL_NS,0.007,0.007
340,32Nvl_L1_EW,32NVL_EW,0.007,0.007
340,32Nvl_L2_EW,32NVL_EW,0.008,0.008
340,32Nvl_L3_NS,NONE,0.142,0.0
340,32Nvl_L2_NS,32NVL_NS,0.134,0.134
340,NvcMt_L2_EW,NVCMT_EW,0.003,0.003
340,NvcMt_L1_NS,NVCMT_NS,0.007,0.007
340,NvcCmt8_L2_EW,NONE,0.007,0.0
340,304Nvl_L3_EW,NONE,0.006,0.0
340,32Nvl_L2_NS,32NVL_NS,0.007,0.007
340,32Nvl_L3_EW,NONE,0.006,0.0
340,32Nvl_L1_NS,32NVL_NS,0.114,0.114
340,NvcMt_L1_EW,NVCMT_EW,0.006,0.006
340,NvcMt_L2_NS,NVCMT_NS,0.005,0.005
340,NvcCmt8_L1_EW,NONE,0.006,0.0
345,304Nvl_L1_EW,304NVL_EW,0.008,0.008
345,304Nvl_L2_EW,304NVL_EW,0.007,0.007
345,32Nvl_L1_EW,32NVL_EW,0.007,0.007
345,32Nvl_L2_EW,32NVL_EW,0.008,0.008
345,32Nvl_L1_EW,32NVL_EW,0.007,0.007
345,32Nvl_L3_NS,NONE,0.025,0.0
345,32Nvl_L2_NS,32NVL_NS,0.024,0.024
345,NvcNvl_L3_NS,NONE,0.007,0.0
345,NvcNvl_L2_NS,NONE,0.007,0.0
345,NvcNvl_L1_EW,NONE,0.021,0.0
345,NvcNvl_L2_EW,NONE,0.015,0.0
345,NvcMt_L2_EW,NVCMT_EW,0.003,0.003
345,304Nvl_L3_EW,NONE,0.006,0.0
345,32Nvl_L3_EW,NONE,0.006,0.0
345,32Nvl_L1_NS,32NVL_NS,0.02,0.02
345,NvcNvl_L1_NS,NONE,0.009,0.0
345,NvcNvl_L3_EW,NONE,0.013,0.0
345,NvcMt_L1_EW,NVCMT_EW,0.006,0.006
350,304Nvl_L1_EW,304NVL_EW,0.017,0.017
350,304Nvl_L2_EW,304NVL_EW,0.015,0.015
350,304Nvl_L1_NS,NONE,0.036,0.0
350,32Nvl_L1_EW,32NVL_EW,0.007,0.007
350,32Nvl_L2_EW,32NVL_EW,0.008,0.008
350,32Nvl_L1_EW,32NVL_EW,0.007,0.007
350,32Nvl_L3_NS,NONE,0.008,0.0
350,32Nvl_L2_NS,32NVL_NS,0.008,0.008
350,NvcCmt8_L2_NS,NONE,0.011,0.0
350,NvcCmt8_L1_NS,NONE,0.008,0.0
350,304Nvl_L3_EW,NONE,0.013,0.0
350,32Nvl_L3_EW,NONE,0.006,0.0
350,32Nvl_L1_NS,32NVL_NS,0.013,0.013
350,NvcCmt8_L1_EW,NVCCMT8_EW,0.008,0.008
355,304Nvl_L1_EW,304NVL_EW,0.017,0.017
355,304Nvl_L2_EW,304NVL_EW,0.015,0.015
355,32Nvl_L3_NS,NONE,0.007,0.0
355,32Nvl_L1_NS,32NVL_NS,0.014,0.014
355,32Nvl_L1_EW,32NVL_EW,0.007,0.007
355,32Nvl_L2_EW,32NVL_EW,0.008,0.008
355,32Nvl_L3_NS,NONE,0.042,0.0
355,32Nvl_L2_NS,32NVL_NS,0.039,0.039
355,NvcNvl_L3_NS,NONE,0.007,0.0
355,NvcNvl_L2_NS,NONE,0.007,0.0
355,NvcNvl_L1_EW,NONE,0.064,0.0
355,NvcNvl_L2_EW,NONE,0.046,0.0
355,304Nvl_L3_EW,NONE,0.013,0.0
355,32Nvl_L2_NS,32NVL_NS,0.007,0.007
355,32Nvl_L3_EW,NONE,0.006,0.0
355,32Nvl_L1_NS,32NVL_NS,0.04,0.04
355,NvcNvl_L1_NS,NONE,0.009,0.0
355,NvcNvl_L3_EW,NONE,0.032,0.0
360,304Nvl_L1_EW,304NVL_EW,0.076,0.076
360,304Nvl_L2_EW,304NVL_EW,0.065,0.065
360,32Nvl_L1_NS,32NVL_NS,0.007,0.007
360,32Nvl_L1_EW,32NVL_EW,0.007,0.007
360,32Nvl_L2_EW,32NVL_EW,0.008,0.008
360,32Nvl_L3_NS,NONE,0.017,0.0
360,32Nvl_L2_NS,32NVL_NS,0.055,0.055
360,NvcNvl_L3_NS,NONE,0.007,0.0
360,NvcNvl_L2_NS,NONE,0.007,0.0
360,NvcNvl_L1_EW,NONE,0.011,0.0
360,NvcNvl_L2_EW,NONE,0.008,0.0
360,NvcNvl_L1_EW,NVCNVL_EW,0.014,0.014
360,NvcNvl_L2_EW,NVCNVL_EW,0.008,0.008
360,32Mt_L1_EW,NONE,0.007,0.0
360,32Mt_L3_EW,NONE,0.009,0.0
360,304Nvl_L3_EW,NONE,0.057,0.0
360,32Nvl_L3_EW,NONE,0.006,0.0
360,32Nvl_L1_NS,32NVL_NS,0.054,0.054
360,NvcNvl_L1_NS,NONE,0.009,0.0
360,NvcNvl_L3_EW,NONE,0.009,0.0
360,32Mt_L2_EW,NONE,0.008,0.0
365,304Nvl_L1_EW,304NVL_EW,0.093,0.093
365,304Nvl_L2_EW,304NVL_EW,0.08,0.08
365,32Nvl_L1_EW,32NVL_EW,0.007,0.007
365,32Nvl_L2_EW,32NVL_EW,0.008,0.008
365,32Nvl_L3_NS,NONE,0.008,0.0
365,32Nvl_L2_NS,32NVL_NS,0.008,0.008
365,NvcNvl_L1_EW,NVCNVL_EW,0.014,0.014
365,NvcNvl_L2_EW,NVCNVL_EW,0.008,0.008
365,304Nvl_L3_EW,NONE,0.063,0.0
365,32Nvl_L3_EW,NONE,0.006,0.0
365,32Nvl_L1_NS,32NVL_NS,0.013,0.013
365,NvcNvl_L3_EW,NONE,0.009,0.0
370,304Nvl_L1_NS,304NVL_NS,0.009,-0.025
370,304Nvl_L3_NS,NONE,0.007,0.0
370,304Nvl_L1_EW,304NVL_EW,0.085,0.085
370,304Nvl_L2_EW,304NVL_EW,0.073,0.073
370,32Nvl_L1_NS,32NVL_NS,0.048,0.042
370,32Nvl_L1_EW,32NVL_EW,0.007,0.002
370,32Nvl_L2_EW,32NVL_EW,0.008,0.004
370,32Nvl_L3_NS,NONE,0.008,0.0
370,32Nvl_L2_NS,32NVL_NS,0.008,0.003
370,NvcNvl_L1_EW,NVCNVL_EW,0.007,0.007
370,NvcNvl_L2_EW,NVCNVL_EW,0.008,0.008
370,32Mt_L1_EW,NONE,0.014,0.0
370,32Mt_L3_EW,NONE,0.018,0.0
370,32Mt_L1_EW,32MT_EW,0.007,0.002
370,NvcCmt8_L2_NS,NONE,0.011,0.0
370,NvcCmt8_L1_NS,NONE,0.008,0.0
370,304Nvl_L2_NS,304NVL_NS,0.008,0.002
370,304Nvl_L3_EW,NONE,0.063,0.0
370,32Nvl_L3_EW,NONE,0.006,0.0
370,32Nvl_L1_NS,32NVL_NS,0.007,0.0
370,NvcNvl_L3_EW,NONE,0.009,0.0
370,32Mt_L2_EW,NONE,0.015,0.0
370,32Mt_L2_EW,32MT_EW,0.005,0.0
375,304Nvl_L1_EW,304NVL_EW,0.085,0.085
375,304Nvl_L2_EW,304NVL_EW,0.065,0.065
375,32Nvl_L3_NS,NONE,0.007,0.0
375,32Nvl_L1_NS,32NVL_NS,0.048,0.048
375,32Nvl_L1_EW,32NVL_EW,0.007,0.007
375,32Nvl_L2_EW,32NVL_EW,0.008,0.008
375,32Nvl_L1_EW,32NVL_EW,0.007,0.007
375,32Nvl_L2_EW,32NVL_EW,0.007,0.007
375,32Nvl_L3_NS,NONE,0.017,0.0
375,32Nvl_L2_NS,32NVL_NS,0.016,0.016
375,NvcNvl_L1_EW,NVCNVL_EW,0.007,0.007
375,NvcNvl_L2_EW,NVCNVL_EW,0.008,0.008
375,32Mt_L1_EW,NONE,0.014,0.0
375,32Mt_L3_EW,NONE,0.009,0.0
375,NvcCmt8_L2_EW,NVCCMT8_EW,0.005,0.005
375,304Nvl_L3_EW,NONE,0.057,0.0
375,32Nvl_L2_NS,32NVL_NS,0.04,0.04
375,32Nvl_L3_EW,NONE,0.006,0.0
375,32Nvl_L3_EW,NONE,0.006,0.0
375,32Nvl_L1_NS,32NVL_NS,0.013,0.013
375,NvcNvl_L3_EW,NONE,0.009,0.0
375,32Mt_L2_EW,NONE,0.015,0.0
375,NvcCmt8_L1_EW,NVCCMT8_EW,0.008,0.008
380,304Nvl_L1_NS,304NVL_NS,0.009,-0.015
380,304Nvl_L3_NS,NONE,0.007,0.0
380,304Nvl_L1_EW,304NVL_EW,0.085,0.085
380,304Nvl_L2_EW,304NVL_EW,0.065,0.065
380,304Nvl_L1_NS,NONE,0.007,0.0
380,32Nvl_L1_NS,32NVL_NS,0.035,0.028
380,32Nvl_L1_EW,32NVL_EW,0.007,0.002
380,32Nvl_L2_EW,32NVL_EW,0.008,0.004
380,32Nvl_L1_EW,32NVL_EW,0.013,0.009
380,32Nvl_L2_EW,32NVL_EW,0.015,0.011
380,32Nvl_L2_NS,32NVL_NS,0.008,0.003
380,NvcNvl_L1_EW,NVCNVL_EW,0.007,0.007
380,NvcNvl_L2_EW,NVCNVL_EW,0.008,0.008
380,32Mt_L1_EW,32MT_EW,0.007,0.002
380,32Mt_L1_NS,NONE,0.01,0.0
380,NvcCmt8_L2_EW,NVCCMT8_EW,0.005,0.005
380,304Nvl_L2_NS,304NVL_NS,0.008,0.002
380,304Nvl_L3_EW,NONE,0.057,0.0
380,32Nvl_L2_NS,32NVL_NS,0.033,0.028
380,32Nvl_L3_EW,NONE,0.012,0.0
380,32Nvl_L3_EW,NONE,0.006,0.0
380,32Nvl_L1_NS,32NVL_NS,0.007,0.0
380,NvcNvl_L3_EW,NONE,0.009,0.0
380,32Mt_L2_EW,32MT_EW,0.005,0.0
380,NvcCmt8_L1_EW,NVCCMT8_EW,0.008,0.008
385,304Thn_L1_EW,NONE,0.007,0.0
385,304Thn_L2_EW,NONE,0.008,0.0
385,304Nvl_L1_EW,304NVL_EW,0.085,0.085
385,304Nvl_L2_EW,304NVL_EW,0.073,0.073
385,304Nvl_L1_NS,NONE,0.022,0.0
385,304Nvl_L3_NS,NONE,0.008,0.0
385,32Nvl_L1_EW,32NVL_EW,0.007,0.002
385,32Nvl_L2_EW,32NVL_EW,0.008,0.004
385,32Nvl_L1_EW,32NVL_EW,0.013,0.009
385,32Nvl_L2_EW,32NVL_EW,0.015,0.011
385,32Nvl_L3_NS,NONE,0.008,0.0
385,32Nvl_L2_NS,32NVL_NS,0.008,0.008
385,NvcNvl_L1_EW,NVCNVL_EW,0.007,0.007
385,NvcNvl_L2_EW,NVCNVL_EW,0.008,0.008
385,32Mt_L1_EW,32MT_EW,0.007,0.002
385,NvcMt_L2_NS,NONE,0.005,0.0
385,NvcCmt8_L2_EW,NVCCMT8_EW,0.005,0.005
385,304Nvl_L3_EW,NONE,0.063,0.0
385,304Nvl_L2_NS,NONE,0.015,0.0
385,32Nvl_L3_EW,NONE,0.012,0.0
385,32Nvl_L3_EW,NONE,0.006,0.0
385,32Nvl_L1_NS,32NVL_NS,0.013,0.013
385,NvcNvl_L3_EW,NONE,0.009,0.0
385,32Mt_L2_EW,32MT_EW,0.005,0.0
385,NvcMt_L1_NS,NONE,0.005,0.0
385,NvcCmt8_L1_EW,NVCCMT8_EW,0.008,0.008
385,304Thn_L3_EW,NONE,0.008,0.0
390,304Thn_L1_EW,304THN_EW,0.008,-0.051
390,304Nvl_L1_EW,304NVL_EW,0.085,0.079
390,304Nvl_L2_EW,304NVL_EW,0.073,0.073
390,304Nvl_L1_EW,NONE,0.008,0.0
390,304Nvl_L1_NS,NONE,0.015,0.0
390,304Nvl_L3_NS,NONE,0.008,0.0
390,32Nvl_L1_EW,32NVL_EW,0.007,0.007
390,32Nvl_L2_EW,32NVL_EW,0.008,0.008
390,32Nvl_L1_EW,32NVL_EW,0.013,0.013
390,32Nvl_L2_EW,32NVL_EW,0.015,0.015
390,NvcNvl_L1_EW,NVCNVL_EW,0.007,0.003
390,NvcNvl_L2_EW,NVCNVL_EW,0.008,0.008
390,NvcMt_L2_NS,NONE,0.005,0.0
390,NvcMt_L1_EW,NVCMT_EW,0.006,-0.004
390,NvcCmt8_L2_EW,NVCCMT8_EW,0.005,0.005
390,304Nvl_L3_EW,NONE,0.063,0.0
390,304Nvl_L2_NS,NONE,0.015,0.0
390,32Nvl_L3_EW,NONE,0.012,0.0
390,32Nvl_L3_EW,NONE,0.006,0.0
390,32Nvl_L1_NS,32NVL_NS,0.007,0.007
390,NvcNvl_L3_EW,NONE,0.009,0.0
390,NvcMt_L1_NS,NONE,0.005,0.0
390,NvcMt_L2_EW,NVCMT_EW,0.008,-0.001
390,NvcCmt8_L1_EW,NVCCMT8_EW,0.008,0.003
395,304Thn_L1_EW,304THN_EW,0.008,-0.057
395,304Nvl_L1_EW,304NVL_EW,0.093,0.087
395,304Nvl_L2_EW,304NVL_EW,0.073,0.073
395,304Nvl_L1_EW,NONE,0.008,0.0
395,304Nvl_L1_NS,NONE,0.007,0.0
395,32Nvl_L1_EW,32NVL_EW,0.013,0.013
395,32Nvl_L2_EW,32NVL_EW,0.015,0.015
395,32Mt_L1_NS,NONE,0.049,0.0
395,NvcMt_L1_EW,NVCMT_EW,0.006,0.006
395,NvcMt_L2_EW,NVCMT_EW,0.003,0.003
395,304Nvl_L3_EW,NONE,0.057,0.0
395,32Nvl_L3_EW,NONE,0.012,0.0
395,32Mt_L2_NS,NONE,0.043,0.0
395,NvcMt_L2_EW,NVCMT_EW,0.008,0.008
395,NvcMt_L1_EW,NVCMT_EW,0.006,0.006
395,NvcCmt8_L1_EW,NONE,0.006,0.0
400,304Nvl_L1_NS,304NVL_NS,0.009,0.009
400,304Nvl_L1_EW,304NVL_EW,0.093,0.093
400,304Nvl_L2_EW,304NVL_EW,0.065,0.065
400,304Nvl_L1_NS,NONE,0.051,0.0
400,304Nvl_L3_NS,NONE,0.056,0.0
400,32Nvl_L1_EW,32NVL_EW,0.007,0.007
400,32Nvl_L2_EW,32NVL_EW,0.015,0.015
400,32Nvl_L3_NS,NONE,0.042,0.0
400,32Nvl_L2_NS,32NVL_NS,0.039,0.034
400,NvcNvl_L3_NS,NONE,0.007,0.0
400,NvcNvl_L2_NS,NONE,0.007,0.0
400,NvcNvl_L1_EW,NVCNVL_EW,0.007,0.003
400,NvcNvl_L2_EW,NVCNVL_EW,0.008,0.008
400,32Mt_L1_EW,NONE,0.007,0.0
400,32Mt_L3_EW,NONE,0.009,0.0
400,32Mt_L1_NS,NONE,0.01,0.0
400,NvcMt_L1_EW,NVCMT_EW,0.006,0.001
400,NvcCmt8_L2_NS,NONE,0.011,0.0
400,NvcCmt8_L1_NS,NONE,0.008,0.0
400,304Nvl_L2_NS,304NVL_NS,0.008,-0.02
400,304Nvl_L3_EW,NONE,0.057,0.0
400,304Nvl_L2_NS,NONE,0.052,0.0
400,32Nvl_L3_EW,NONE,0.012,0.0
400,32Nvl_L1_NS,32NVL_NS,0.04,0.034
400,NvcNvl_L1_NS,NONE,0.009,0.0
400,NvcNvl_L3_EW,NONE,0.009,0.0
400,32Mt_L2_EW,NONE,0.008,0.0
400,32Mt_L2_NS,NONE,0.009,0.0
400,NvcMt_L2_EW,NVCMT_EW,0.008,0.002
405,304Nvl_L1_EW,304NVL_EW,0.085,0.085
405,304Nvl_L2_EW,304NVL_EW,0.065,0.065
405,304Nvl_L1_NS,NONE,0.015,0.0
405,304Nvl_L3_NS,NONE,0.008,0.0
405,32Nvl_L3_NS,NONE,0.05,0.0
405,32Nvl_L2_NS,32NVL_NS,0.047,0.047
405,NvcNvl_L3_NS,NONE,0.014,0.0
405,NvcNvl_L2_NS,NONE,0.013,0.0
405,NvcNvl_L1_EW,NONE,0.011,0.0
405,NvcNvl_L2_EW,NONE,0.008,0.0
405,32Mt_L1_EW,NONE,0.036,0.0
405,32Mt_L1_EW,32MT_EW,0.042,0.042
405,304Nvl_L3_EW,NONE,0.057,0.0
405,304Nvl_L2_NS,NONE,0.007,0.0
405,32Nvl_L1_NS,32NVL_NS,0.047,0.047
405,NvcNvl_L1_NS,NONE,0.017,0.0
405,32Mt_L2_EW,32MT_EW,0.033,0.033
410,304Nvl_L1_EW,304NVL_EW,0.076,0.076
410,304Nvl_L2_EW,304NVL_EW,0.058,0.058
410,304Nvl_L1_NS,NONE,0.015,0.0
410,32Nvl_L3_NS,NONE,0.05,0.0
410,32Nvl_L2_NS,32NVL_NS,0.047,0.047
410,32Mt_L1_NS,32MT_NS,0.006,0.006
410,32Mt_L1_EW,32MT_EW,0.021,0.021
410,NvcCmt8_L2_NS,NONE,0.012,0.0
410,32Thn_L1_EW,NONE,0.01,0.0
410,32Thn_L2_EW,NONE,0.01,0.0
410,32Thn_L3_EW,NONE,0.007,0.0
410,304Nvl_L3_EW,NONE,0.051,0.0
410,32Nvl_L1_NS,32NVL_NS,0.047,0.047
410,32Mt_L2_EW,32MT_EW,0.016,0.016
410,NvcCmt8_L1_NS,NONE,0.011,0.0
415,304Nvl_L1_EW,304NVL_EW,0.119,0.119
415,304Nvl_L2_EW,304NVL_EW,0.058,0.058
415,304Nvl_L1_NS,NONE,0.007,0.0
415,32Nvl_L3_NS,NONE,0.014,0.0
415,32Nvl_L1_NS,32NVL_NS,0.014,0.009
415,32Nvl_L3_NS,NONE,0.05,0.0
415,32Nvl_L2_NS,32NVL_NS,0.047,0.047
415,NvcNvl_L1_EW,NVCNVL_EW,0.007,0.007
415,NvcNvl_L1_NS,NVCNVL_NS,0.007,-0.003
415,32Mt_L1_NS,32MT_NS,0.038,0.038
415,NvcCmt8_L2_EW,NONE,0.037,0.0
415,32Thn_L1_EW,32THN_EW,0.008,0.008
415,304Nvl_L3_EW,NONE,0.051,0.0
415,32Nvl_L2_NS,32NVL_NS,0.013,0.013
415,32Nvl_L1_NS,32NVL_NS,0.047,0.042
415,NvcCmt8_L1_EW,NONE,0.029,0.0
420,304Nvl_L1_EW,304NVL_EW,0.119,0.119
420,304Nvl_L2_EW,304NVL_EW,0.058,0.058
420,32Nvl_L3_NS,NONE,0.014,0.0
420,32Nvl_L1_NS,32NVL_NS,0.021,0.016
420,32Nvl_L3_NS,NONE,0.05,0.0
420,32Nvl_L2_NS,32NVL_NS,0.047,0.047
420,NvcNvl_L1_EW,NONE,0.011,0.0
420,NvcNvl_L2_EW,NONE,0.008,0.0
420,NvcNvl_L1_NS,NVCNVL_NS,0.007,-0.008
420,32Mt_L1_NS,32MT_NS,0.038,0.038
420,32Mt_L1_EW,NONE,0.058,0.0
420,32Mt_L3_EW,NONE,0.053,0.0
420,32Mt_L1_NS,NONE,0.01,0.0
420,NvcMt_L2_NS,NONE,0.005,0.0
420,NvcCmt8_L2_EW,NONE,0.037,0.0
420,304Nvl_L3_EW,NONE,0.051,0.0
420,32Nvl_L2_NS,32NVL_NS,0.02,0.02
420,32Nvl_L1_NS,32NVL_NS,0.047,0.042
420,NvcNvl_L3_EW,NONE,0.006,0.0
420,32Mt_L2_EW,NONE,0.053,0.0
420,NvcMt_L1_NS,NONE,0.005,0.0
420,NvcCmt8_L1_EW,NONE,0.029,0.0
425,304Nvl_L1_EW,304NVL_EW,0.008,0.008
425,32Nvl_L3_NS,NONE,0.007,0.0
425,32Nvl_L1_NS,32NVL_NS,0.021,0.021
425,32Nvl_L3_NS,NONE,0.05,0.0
425,32Nvl_L2_NS,32NVL_NS,0.047,0.047
425,32Mt_L1_NS,32MT_NS,0.031,0.031
425,32Mt_L1_EW,NONE,0.014,0.0
425,32Mt_L3_EW,NONE,0.009,0.0
425,NvcCmt8_L2_EW,NVCCMT8_EW,0.005,0.005
425,32Nvl_L2_NS,32NVL_NS,0.02,0.02
425,32Nvl_L1_NS,32NVL_NS,0.047,0.047
425,32Mt_L2_EW,NONE,0.008,0.0
425,NvcCmt8_L1_EW,NVCCMT8_EW,0.008,0.008
430,304Nvl_L1_EW,304NVL_EW,0.008,0.008
430,304Nvl_L1_NS,NONE,0.044,0.0
430,32Nvl_L3_NS,NONE,0.007,0.0
430,32Nvl_L1_NS,32NVL_NS,0.021,0.021
430,32Nvl_L3_NS,NONE,0.067,0.0
430,32Nvl_L2_NS,32NVL_NS,0.063,0.063
430,32Mt_L1_NS,32MT_NS,0.031,0.031
430,32Mt_L1_EW,32MT_EW,0.014,0.014
430,32Mt_L1_NS,NONE,0.01,0.0
430,32Nvl_L2_NS,32NVL_NS,0.02,0.02
430,32Nvl_L1_NS,32NVL_NS,0.054,0.054
430,32Mt_L2_EW,32MT_EW,0.011,0.011
430,NvcCmt8_L1_EW,NVCCMT8_EW,0.038,0.038
430,NvcCmt8_L1_EW,NONE,0.006,0.0
435,304Nvl_L1_EW,304NVL_EW,0.017,0.017
435,304Nvl_L2_EW,304NVL_EW,0.007,0.007
435,32Nvl_L3_NS,NONE,0.014,0.0
435,32Nvl_L1_NS,32NVL_NS,0.028,0.028
435,32Nvl_L3_NS,NONE,0.067,0.0
435,32Nvl_L2_NS,32NVL_NS,0.063,0.063
435,32Mt_L1_NS,32MT_NS,0.031,0.031
435,304Nvl_L3_EW,NONE,0.006,0.0
435,32Nvl_L2_NS,32NVL_NS,0.027,0.027
435,32Nvl_L1_NS,32NVL_NS,0.054,0.054
440,304Nvl_L1_EW,304NVL_EW,0.017,0.017
440,304Nvl_L2_EW,304NVL_EW,0.015,0.015
440,32Nvl_L3_NS,NONE,0.02,0.0
440,32Nvl_L1_NS,32NVL_NS,0.035,0.035
440,32Nvl_L1_EW,32NVL_EW,0.035,0.03
440,32Nvl_L2_EW,32NVL_EW,0.039,0.035
440,32Nvl_L3_NS,NONE,0.075,0.0
440,32Nvl_L2_NS,32NVL_NS,0.071,0.071
440,NvcNvl_L1_EW,NVCNVL_EW,0.007,0.007
440,NvcNvl_L2_EW,NVCNVL_EW,0.008,0.008
440,32Mt_L1_EW,32MT_EW,0.007,-0.018
440,32Mt_L1_NS,NONE,0.01,0.0
440,NvcMt_L2_NS,NONE,0.005,0.0
440,304Nvl_L3_EW,NONE,0.013,0.0
440,32Nvl_L2_NS,32NVL_NS,0.033,0.033
440,32Nvl_L3_EW,NONE,0.031,0.0
440,32Nvl_L1_NS,32NVL_NS,0.06,0.06
440,NvcNvl_L3_EW,NONE,0.009,0.0
440,32Mt_L2_EW,32MT_EW,0.005,-0.022
440,32Mt_L2_NS,NONE,0.009,0.0
440,NvcMt_L1_NS,NONE,0.005,0.0
445,304Nvl_L1_NS,NONE,0.007,0.0
445,32Nvl_L3_NS,NONE,0.02,0.0
445,32Nvl_L1_NS,32NVL_NS,0.035,0.035
445,32Nvl_L3_NS,NONE,0.075,0.0
445,32Nvl_L2_NS,32NVL_NS,0.071,0.071
445,32Mt_L1_EW,32MT_EW,0.007,0.007
445,32Nvl_L2_NS,32NVL_NS,0.033,0.033
445,32Nvl_L1_NS,32NVL_NS,0.06,0.06
445,32Mt_L2_EW,32MT_EW,0.005,0.005
450,304Nvl_L1_EW,304NVL_EW,0.017,0.017
450,304Nvl_L2_EW,304NVL_EW,0.007,0.007
450,304Nvl_L1_NS,NONE,0.007,0.0
450,32Nvl_L3_NS,NONE,0.02,0.0
450,32Nvl_L1_NS,32NVL_NS,0.028,0.028
450,32Nvl_L3_NS,NONE,0.075,0.0
450,32Nvl_L2_NS,32NVL_NS,0.071,0.071
450,NvcNvl_L1_EW,NONE,0.011,0.0
450,NvcNvl_L2_EW,NONE,0.008,0.0
450,32Mt_L1_NS,32MT_NS,0.006,0.006
450,32Mt_L1_EW,32MT_EW,0.007,0.007
450,NvcMt_L2_NS,NONE,0.005,0.0
450,NvcMt_L1_EW,NVCMT_EW,0.006,0.006
450,304Nvl_L3_EW,NONE,0.006,0.0
450,32Nvl_L2_NS,32NVL_NS,0.02,0.02
450,32Nvl_L1_NS,32NVL_NS,0.094,0.094
450,NvcNvl_L3_EW,NONE,0.006,0.0
450,32Mt_L2_EW,32MT_EW,0.005,0.005
450,NvcMt_L1_NS,NONE,0.005,0.0
450,NvcMt_L2_EW,NVCMT_EW,0.008,0.008
455,304Nvl_L1_EW,304NVL_EW,0.017,0.017
455,304Nvl_L2_EW,304NVL_EW,0.015,0.015
455,32Nvl_L3_NS,NONE,0.007,0.0
455,32Nvl_L1_NS,32NVL_NS,0.014,0.014
455,32Nvl_L1_EW,32NVL_EW,0.007,0.002
455,NvcNvl_L3_NS,NONE,0.007,0.0
455,NvcNvl_L2_NS,NONE,0.013,0.0
455,32Mt_L1_NS,32MT_NS,0.006,0.006
455,32Mt_L1_EW,NONE,0.007,0.0
455,32Mt_L1_EW,32MT_EW,0.007,0.007
455,32Mt_L1_NS,NONE,0.01,0.0
455,NvcMt_L1_EW,NVCMT_EW,0.006,-0.021
455,NvcCmt8_L2_EW,NVCCMT8_EW,0.026,0.026
455,304Nvl_L3_EW,NONE,0.013,0.0
455,32Nvl_L2_NS,32NVL_NS,0.013,0.013
455,32Nvl_L1_NS,32NVL_NS,0.034,0.034
455,NvcNvl_L1_NS,NONE,0.017,0.0
455,32Mt_L2_EW,32MT_EW,0.005,0.005
455,32Mt_L2_NS,NONE,0.009,0.0
455,NvcMt_L2_EW,NVCMT_EW,0.008,-0.011
455,NvcCmt8_L1_EW,NVCCMT8_EW,0.038,0.034
460,304Thn_L1_EW,NONE,0.007,0.0
460,304Thn_L2_EW,NONE,0.008,0.0
460,304Nvl_L1_EW,304NVL_EW,0.034,0.034
460,304Nvl_L2_EW,304NVL_EW,0.029,0.029
460,32Nvl_L3_NS,NONE,0.041,0.0
460,32Nvl_L1_NS,32NVL_NS,0.048,0.048
460,NvcNvl_L3_NS,NONE,0.007,0.0
460,NvcNvl_L2_NS,NONE,0.013,0.0
460,32Mt_L1_EW,32MT_EW,0.007,0.007
460,NvcMt_L2_NS,NONE,0.005,0.0
460,NvcMt_L1_EW,NVCMT_EW,0.006,-0.021
460,NvcCmt8_L2_EW,NVCCMT8_EW,0.026,0.026
460,32Thn_L1_EW,32THN_EW,0.008,0.008
460,32Thn_L2_EW,32THN_EW,0.008,0.008
460,32Thn_L3_EW,NONE,0.008,0.0
460,304Nvl_L3_EW,NONE,0.025,0.0
460,32Nvl_L2_NS,32NVL_NS,0.04,0.04
460,32Nvl_L1_NS,32NVL_NS,0.04,0.04
460,NvcNvl_L1_NS,NONE,0.017,0.0
460,32Mt_L2_EW,32MT_EW,0.005,0.005
460,NvcMt_L1_NS,NONE,0.005,0.0
460,NvcMt_L2_EW,NVCMT_EW,0.008,-0.011
460,NvcCmt8_L1_EW,NVCCMT8_EW,0.038,0.034
460,304Thn_L3_EW,NONE,0.008,0.0
465,304Nvl_L1_EW,304NVL_EW,0.034,0.034
465,304Nvl_L2_EW,304NVL_EW,0.029,0.029
465,32Nvl_L1_NS,32NVL_NS,0.007,0.007
465,32Nvl_L3_NS,NONE,0.008,0.0
465,32Nvl_L2_NS,32NVL_NS,0.008,0.008
465,NvcNvl_L3_NS,NONE,0.007,0.0
465,NvcNvl_L2_NS,NONE,0.007,0.0
465,32Mt_L1_NS,32MT_NS,0.006,0.006
465,32Mt_L1_EW,NONE,0.007,0.0
465,32Mt_L3_EW,NONE,0.009,0.0
465,32Mt_L1_EW,32MT_EW,0.014,0.014
465,NvcMt_L1_EW,NVCMT_EW,0.006,-0.021
465,NvcCmt8_L2_EW,NVCCMT8_EW,0.026,0.026
465,32Thn_L1_EW,32THN_EW,0.008,0.008
465,32Thn_L2_EW,32THN_EW,0.008,0.008
465,32Thn_L3_EW,NONE,0.008,0.0
465,304Nvl_L3_EW,NONE,0.019,0.0
465,32Nvl_L1_NS,32NVL_NS,0.047,0.047
465,NvcNvl_L1_NS,NONE,0.009,0.0
465,32Mt_L2_EW,NONE,0.008,0.0
465,32Mt_L2_EW,32MT_EW,0.011,0.011
465,NvcMt_L2_EW,NVCMT_EW,0.008,-0.011
465,NvcCmt8_L1_EW,NVCCMT8_EW,0.038,0.034
470,304Thn_L1_EW,304THN_EW,0.008,-0.01
470,304Nvl_L1_EW,304NVL_EW,0.025,0.02
470,304Nvl_L2_EW,304NVL_EW,0.022,0.022
470,304Nvl_L1_NS,NONE,0.007,0.0
470,32Nvl_L3_NS,NONE,0.007,0.0
470,32Nvl_L1_NS,32NVL_NS,0.007,0.002
470,32Nvl_L3_NS,NONE,0.008,0.0
470,32Nvl_L2_NS,32NVL_NS,0.008,0.008
470,NvcNvl_L3_NS,NONE,0.007,0.0
470,NvcNvl_L2_NS,NONE,0.007,0.0
470,NvcNvl_L1_NS,NVCNVL_NS,0.007,0.002
470,32Mt_L1_EW,32MT_EW,0.014,0.014
470,NvcCmt8_L2_EW,NVCCMT8_EW,0.026,0.026
470,32Thn_L1_EW,NONE,0.01,0.0
470,304Nvl_L3_EW,NONE,0.019,0.0
470,32Nvl_L2_NS,32NVL_NS,0.007,0.007
470,32Nvl_L1_NS,32NVL_NS,0.047,0.042
470,NvcNvl_L1_NS,NONE,0.009,0.0
470,32Mt_L2_EW,32MT_EW,0.011,0.011
470,NvcCmt8_L1_EW,NVCCMT8_EW,0.038,0.038
475,304Thn_L1_EW,304THN_EW,0.008,0.002
475,304Nvl_L1_EW,304NVL_EW,0.008,0.003
475,304Nvl_L2_EW,304NVL_EW,0.007,0.007
475,32Nvl_L1_NS,32NVL_NS,0.014,0.014
475,32Mt_L1_EW,NONE,0.007,0.0
475,32Mt_L3_EW,NONE,0.009,0.0
475,32Mt_L1_EW,32MT_EW,0.021,0.021
475,NvcCmt8_L2_EW,NVCCMT8_EW,0.026,0.026
475,32Thn_L1_EW,NONE,0.01,0.0
475,32Thn_L1_EW,32THN_EW,0.008,0.008
475,32Thn_L2_EW,32THN_EW,0.008,0.008
475,32Thn_L3_EW,NONE,0.008,0.0
475,304Nvl_L3_EW,NONE,0.006,0.0
475,32Nvl_L2_NS,32NVL_NS,0.007,0.007
475,32Mt_L2_EW,NONE,0.008,0.0
475,32Mt_L2_EW,32MT_EW,0.011,0.011
475,NvcCmt8_L1_EW,NVCCMT8_EW,0.038,0.038
480,304Nvl_L1_EW,304NVL_EW,0.025,0.025
480,304Nvl_L2_EW,304NVL_EW,0.007,0.007
480,304Nvl_L1_NS,NONE,0.007,0.0
480,NvcNvl_L3_NS,NONE,0.007,0.0
480,NvcNvl_L2_NS,NONE,0.007,0.0
480,NvcNvl_L1_EW,NVCNVL_EW,0.092,0.092
480,NvcNvl_L2_EW,NVCNVL_EW,0.094,0.094
480,32Mt_L1_EW,32MT_EW,0.021,0.021
480,NvcCmt8_L2_EW,NVCCMT8_EW,0.026,0.026
480,32Thn_L1_EW,32THN_EW,0.008,0.008
480,32Thn_L2_EW,32THN_EW,0.008,0.008
480,32Thn_L3_EW,NONE,0.008,0.0
480,NvcNvl_L1_NS,NONE,0.009,0.0
480,NvcNvl_L3_EW,NONE,0.112,0.0
480,32Mt_L2_EW,32MT_EW,0.016,0.016
480,NvcCmt8_L1_EW,NVCCMT8_EW,0.038,0.038
485,304Nvl_L1_EW,304NVL_EW,0.017,0.017
485,304Nvl_L2_EW,304NVL_EW,0.007,0.007
485,304Nvl_L1_NS,NONE,0.015,0.0
485,NvcNvl_L3_NS,NONE,0.034,0.0
485,NvcNvl_L2_NS,NONE,0.033,0.0
485,NvcNvl_L1_EW,NVCNVL_EW,0.092,0.087
485,NvcNvl_L2_EW,NVCNVL_EW,0.094,0.094
485,32Mt_L1_EW,NONE,0.007,0.0
485,32Mt_L3_EW,NONE,0.009,0.0
485,32Mt_L1_EW,32MT_EW,0.028,0.028
485,32Mt_L1_NS,NONE,0.01,0.0
485,NvcMt_L1_EW,NVCMT_EW,0.006,-0.058
485,32Thn_L1_EW,32THN_EW,0.008,0.008
485,32Thn_L2_EW,32THN_EW,0.008,0.008
485,32Thn_L3_EW,NONE,0.008,0.0
485,304Nvl_L3_EW,NONE,0.006,0.0
485,32Nvl_L1_NS,32NVL_NS,0.007,0.007
485,NvcNvl_L1_NS,NONE,0.044,0.0
485,NvcNvl_L3_EW,NONE,0.112,0.0
485,32Mt_L2_EW,NONE,0.008,0.0
485,32Mt_L2_EW,32MT_EW,0.016,0.016
485,32Mt_L2_NS,NONE,0.009,0.0
485,NvcMt_L2_EW,NVCMT_EW,0.008,-0.058
490,304Nvl_L1_NS,304NVL_NS,0.009,0.004
490,304Nvl_L1_EW,304NVL_EW,0.008,0.008
490,304Nvl_L2_EW,304NVL_EW,0.007,0.007
490,304Nvl_L1_NS,NONE,0.007,0.0
490,304Nvl_L3_NS,NONE,0.008,0.0
490,32Nvl_L3_NS,NONE,0.007,0.0
490,32Nvl_L1_NS,32NVL_NS,0.007,0.001
490,32Nvl_L3_NS,NONE,0.008,0.0
490,32Nvl_L2_NS,32NVL_NS,0.008,0.008
490,NvcNvl_L1_EW,NVCNVL_EW,0.084,0.08
490,NvcNvl_L2_EW,NVCNVL_EW,0.094,0.092
490,32Mt_L1_NS,32MT_NS,0.006,0.006
490,32Mt_L1_EW,NONE,0.007,0.0
490,32Mt_L3_EW,NONE,0.009,0.0
490,32Mt_L1_EW,32MT_EW,0.021,0.021
490,NvcMt_L2_NS,NONE,0.005,0.0
490,NvcMt_L1_EW,NVCMT_EW,0.006,-0.053
490,NvcMt_L2_EW,NVCMT_EW,0.003,-0.063
490,NvcCmt8_L2_NS,NONE,0.011,0.0
490,32Thn_L1_EW,NONE,0.01,0.0
490,NvcCmt8_L1_NS,NONE,0.008,0.0
490,304Nvl_L3_EW,NONE,0.006,0.0
490,304Nvl_L2_NS,NONE,0.007,0.0
490,32Nvl_L2_NS,32NVL_NS,0.007,0.007
490,32Nvl_L1_NS,32NVL_NS,0.007,0.0
490,NvcNvl_L3_EW,NONE,0.112,0.0
490,32Mt_L2_EW,NONE,0.008,0.0
490,32Mt_L2_EW,32MT_EW,0.016,0.016
490,NvcMt_L1_NS,NONE,0.005,0.0
490,NvcMt_L2_EW,NVCMT_EW,0.008,-0.058
490,NvcMt_L1_EW,NVCMT_EW,0.006,-0.054
490,NvcCmt8_L1_EW,NONE,0.029,0.0
495,304Nvl_L1_NS,304NVL_NS,0.009,0.009
495,304Nvl_L1_EW,304NVL_EW,0.017,0.017
495,304Nvl_L2_EW,304NVL_EW,0.007,0.007
495,32Nvl_L3_NS,NONE,0.042,0.0
495,32Nvl_L2_NS,32NVL_NS,0.039,0.039
495,NvcNvl_L3_NS,NONE,0.007,0.0
495,NvcNvl_L2_NS,NONE,0.007,0.0
495,NvcNvl_L1_EW,NVCNVL_EW,0.084,0.08
495,NvcNvl_L2_EW,NVCNVL_EW,0.094,0.092
495,32Mt_L1_EW,32MT_EW,0.021,0.021
495,32Mt_L1_NS,NONE,0.01,0.0
495,NvcMt_L1_EW,NVCMT_EW,0.006,-0.053
495,NvcMt_L2_EW,NVCMT_EW,0.003,-0.063
495,32Thn_L1_EW,NONE,0.01,0.0
495,304Nvl_L3_EW,NONE,0.006,0.0
495,32Nvl_L1_NS,32NVL_NS,0.034,0.027
495,NvcNvl_L1_NS,NONE,0.009,0.0
495,NvcNvl_L3_EW,NONE,0.112,0.0
495,32Mt_L2_EW,32MT_EW,0.016,0.016
495,NvcMt_L2_EW,NVCMT_EW,0.008,-0.058
495,NvcMt_L1_EW,NVCMT_EW,0.006,-0.054
500,304Nvl_L1_NS,304NVL_NS,0.018,0.018
500,304Nvl_L1_NS,NONE,0.007,0.0
500,32Nvl_L3_NS,NONE,0.042,0.0
500,32Nvl_L2_NS,32NVL_NS,0.039,0.039
500,NvcNvl_L3_NS,NONE,0.007,0.0
500,NvcNvl_L2_NS,NONE,0.007,0.0
500,NvcNvl_L1_EW,NVCNVL_EW,0.084,0.08
500,NvcNvl_L2_EW,NVCNVL_EW,0.094,0.092
500,32Mt_L1_EW,NONE,0.043,0.0
500,32Mt_L3_EW,NONE,0.053,0.0
500,32Mt_L1_EW,32MT_EW,0.056,0.056
500,NvcMt_L1_EW,NVCMT_EW,0.006,-0.053
500,NvcMt_L2_EW,NVCMT_EW,0.003,-0.063
500,32Nvl_L1_NS,32NVL_NS,0.034,0.021
500,NvcNvl_L1_NS,NONE,0.009,0.0
500,NvcNvl_L3_EW,NONE,0.112,0.0
500,32Mt_L2_EW,NONE,0.045,0.0
500,32Mt_L2_EW,32MT_EW,0.038,0.038
500,NvcMt_L2_EW,NVCMT_EW,0.008,-0.058
500,NvcMt_L1_EW,NVCMT_EW,0.006,-0.054
505,304Nvl_L1_NS,304NVL_NS,0.009,0.009
505,304Nvl_L1_EW,304NVL_EW,0.008,0.008
505,304Nvl_L2_EW,304NVL_EW,0.007,0.007
505,304Nvl_L1_NS,NONE,0.015,0.0
505,304Nvl_L3_NS,NONE,0.008,0.0
505,NvcNvl_L1_EW,NONE,0.011,0.0
505,NvcNvl_L2_EW,NONE,0.008,0.0
505,NvcNvl_L1_EW,NVCNVL_EW,0.092,0.092
505,NvcNvl_L2_EW,NVCNVL_EW,0.094,0.094
505,32Mt_L1_EW,NONE,0.014,0.0
505,32Mt_L3_EW,NONE,0.018,0.0
505,32Mt_L1_EW,32MT_EW,0.056,0.056
505,32Thn_L1_EW,32THN_EW,0.008,0.008
505,32Thn_L2_EW,32THN_EW,0.008,0.008
505,32Thn_L3_EW,NONE,0.008,0.0
505,304Nvl_L3_EW,NONE,0.006,0.0
505,304Nvl_L2_NS,NONE,0.007,0.0
505,32Nvl_L1_NS,32NVL_NS,0.034,0.027
505,NvcNvl_L3_EW,NONE,0.006,0.0
505,NvcNvl_L3_EW,NONE,0.112,0.0
505,32Mt_L2_EW,NONE,0.015,0.0
505,32Mt_L2_EW,32MT_EW,0.038,0.038
510,304Nvl_L1_NS,304NVL_NS,0.009,-0.015
510,32Nvl_L1_NS,32NVL_NS,0.035,0.028
510,NvcNvl_L1_EW,NVCNVL_EW,0.007,0.007
510,32Mt_L1_NS,32MT_NS,0.006,0.006
510,32Mt_L1_EW,32MT_EW,0.077,0.077
510,32Mt_L1_NS,NONE,0.02,0.0
510,32Thn_L1_EW,NONE,0.019,0.0
510,32Thn_L2_EW,NONE,0.01,0.0
510,32Thn_L3_EW,NONE,0.007,0.0
510,32Mt_L2_EW,32MT_EW,0.033,0.033
515,304Nvl_L1_EW,304NVL_EW,0.017,0.017
515,304Nvl_L2_EW,304NVL_EW,0.007,0.007
515,304Nvl_L1_NS,NONE,0.007,0.0
515,32Nvl_L3_NS,NONE,0.007,0.0
515,32Nvl_L1_NS,32NVL_NS,0.014,0.014
515,NvcNvl_L2_NS,NONE,0.007,0.0
515,NvcNvl_L1_EW,NONE,0.011,0.0
515,NvcNvl_L2_EW,NONE,0.008,0.0
515,NvcNvl_L1_EW,NVCNVL_EW,0.007,0.007
515,32Mt_L1_NS,32MT_NS,0.013,0.013
515,32Mt_L1_EW,NONE,0.036,0.0
515,32Mt_L3_EW,NONE,0.044,0.0
515,32Mt_L1_EW,32MT_EW,0.007,0.007
515,32Mt_L1_NS,NONE,0.01,0.0
515,32Thn_L1_EW,32THN_EW,0.008,0.008
515,32Nvl_L2_NS,32NVL_NS,0.013,0.013
515,NvcNvl_L1_NS,NONE,0.009,0.0
515,32Mt_L2_EW,NONE,0.038,0.0
515,32Mt_L2_EW,32MT_EW,0.005,0.005
520,304Nvl_L1_EW,304NVL_EW,0.008,0.008
520,304Nvl_L2_EW,304NVL_EW,0.007,0.007
520,32Nvl_L3_NS,NONE,0.007,0.0
520,32Nvl_L1_NS,32NVL_NS,0.007,0.007
520,NvcNvl_L3_NS,NONE,0.007,0.0
520,NvcNvl_L2_NS,NONE,0.007,0.0
520,NvcNvl_L1_EW,NONE,0.128,0.0
520,NvcNvl_L2_EW,NONE,0.092,0.0
520,32Mt_L1_NS,32MT_NS,0.013,0.013
520,NvcMt_L2_EW,NVCMT_EW,0.003,0.003
520,304Nvl_L3_EW,NONE,0.006,0.0
520,32Nvl_L2_NS,32NVL_NS,0.007,0.007
520,NvcNvl_L1_NS,NONE,0.009,0.0
520,NvcMt_L1_EW,NVCMT_EW,0.006,0.006
525,304Nvl_L1_NS,NONE,0.007,0.0
525,32Nvl_L3_NS,NONE,0.007,0.0
525,32Nvl_L1_NS,32NVL_NS,0.007,0.007
525,32Nvl_L3_NS,NONE,0.008,0.0
525,32Nvl_L2_NS,32NVL_NS,0.008,0.008
525,NvcNvl_L1_EW,NVCNVL_EW,0.014,0.01
525,NvcNvl_L2_EW,NVCNVL_EW,0.016,0.016
525,32Mt_L1_NS,32MT_NS,0.006,0.006
525,32Mt_L1_EW,NONE,0.13,0.0
525,32Mt_L3_EW,NONE,0.115,0.0
525,32Mt_L1_EW,32MT_EW,0.035,0.035
525,NvcMt_L1_EW,NVCMT_EW,0.006,-0.004
525,32Nvl_L2_NS,32NVL_NS,0.007,0.007
525,32Nvl_L1_NS,32NVL_NS,0.007,0.007
525,NvcNvl_L3_EW,NONE,0.019,0.0
525,32Mt_L2_EW,NONE,0.098,0.0
525,NvcMt_L2_EW,NVCMT_EW,0.008,-0.003
530,304Nvl_L1_NS,NONE,0.036,0.0
530,304Nvl_L3_NS,NONE,0.04,0.0
530,32Nvl_L1_NS,32NVL_NS,0.007,0.007
530,32Nvl_L1_EW,32NVL_EW,0.007,-0.009
530,32Nvl_L2_EW,32NVL_EW,0.007,-0.006
530,32Mt_L1_EW,NONE,0.05,0.0
530,32Mt_L3_EW,NONE,0.018,0.0
530,32Mt_L1_EW,32MT_EW,0.014,0.014
530,32Thn_L1_EW,32THN_EW,0.008,0.008
530,32Thn_L2_EW,32THN_EW,0.008,0.008
530,32Thn_L3_EW,NONE,0.008,0.0
530,304Nvl_L2_NS,NONE,0.037,0.0
530,32Nvl_L2_NS,32NVL_NS,0.007,0.007
530,32Nvl_L3_EW,NONE,0.006,0.0
530,32Mt_L2_EW,NONE,0.015,0.0
530,32Mt_L2_EW,32MT_EW,0.011,0.011
535,32Nvl_L3_NS,NONE,0.007,0.0
535,32Nvl_L1_NS,32NVL_NS,0.014,0.014
535,32Nvl_L1_EW,32NVL_EW,0.007,0.007
535,32Nvl_L2_EW,32NVL_EW,0.007,0.007
535,NvcNvl_L3_NS,NONE,0.007,0.0
535,NvcNvl_L2_NS,NONE,0.007,0.0
535,NvcNvl_L1_EW,NONE,0.011,0.0
535,NvcNvl_L2_EW,NONE,0.008,0.0
535,32Mt_L1_NS,32MT_NS,0.075,0.07
535,NvcMt_L2_NS,NONE,0.005,0.0
535,NvcMt_L1_NS,NVCMT_NS,0.007,-0.046
535,32Thn_L1_EW,NONE,0.01,0.0
535,32Nvl_L2_NS,32NVL_NS,0.007,0.007
535,32Nvl_L3_EW,NONE,0.006,0.0
535,NvcNvl_L1_NS,NONE,0.009,0.0
535,NvcMt_L1_NS,NONE,0.005,0.0
535,NvcMt_L1_EW,NVCMT_EW,0.006,0.006
535,NvcMt_L2_NS,NVCMT_NS,0.005,0.005
540,304Nvl_L1_EW,304NVL_EW,0.051,0.051
540,304Nvl_L2_EW,304NVL_EW,0.007,0.007
540,32Nvl_L1_EW,32NVL_EW,0.007,-0.12
540,32Nvl_L2_EW,32NVL_EW,0.007,-0.088
540,NvcNvl_L1_EW,NONE,0.011,0.0
540,NvcNvl_L2_EW,NONE,0.008,0.0
540,32Mt_L1_NS,32MT_NS,0.075,0.07
540,32Mt_L1_EW,NONE,0.007,0.0
540,32Mt_L1_EW,32MT_EW,0.181,0.181
540,32Mt_L1_NS,NONE,0.01,0.0
540,NvcMt_L1_NS,NVCMT_NS,0.007,-0.046
540,304Nvl_L3_EW,NONE,0.006,0.0
540,32Nvl_L3_EW,NONE,0.006,0.0
540,32Nvl_L1_NS,32NVL_NS,0.007,0.007
540,32Mt_L2_EW,32MT_EW,0.136,0.136
540,32Mt_L2_NS,NONE,0.009,0.0
540,NvcMt_L2_NS,NVCMT_NS,0.005,0.005
545,304Nvl_L1_EW,304NVL_EW,0.008,0.008
545,304Nvl_L2_EW,304NVL_EW,0.007,0.007
545,304Nvl_L1_NS,NONE,0.007,0.0
545,32Nvl_L1_EW,32NVL_EW,0.007,-0.13
545,32Nvl_L2_EW,32NVL_EW,0.007,-0.099
545,32Nvl_L3_NS,NONE,0.008,0.0
545,32Nvl_L2_NS,32NVL_NS,0.008,0.008
545,32Mt_L1_NS,32MT_NS,0.075,0.07
545,32Mt_L1_EW,32MT_EW,0.195,0.195
545,32Mt_L1_NS,NONE,0.01,0.0
545,NvcMt_L2_NS,NONE,0.005,0.0
545,NvcMt_L1_NS,NVCMT_NS,0.007,-0.046
545,NvcCmt8_L2_EW,NVCCMT8_EW,0.005,0.005
545,304Nvl_L3_EW,NONE,0.006,0.0
545,32Nvl_L3_EW,NONE,0.006,0.0
545,32Nvl_L1_NS,32NVL_NS,0.013,0.013
545,32Mt_L2_EW,32MT_EW,0.152,0.152
545,32Mt_L2_NS,NONE,0.009,0.0
545,NvcMt_L1_NS,NONE,0.005,0.0
545,NvcMt_L2_NS,NVCMT_NS,0.005,0.005
545,NvcCmt8_L1_EW,NVCCMT8_EW,0.008,0.008
550,304Nvl_L1_NS,304NVL_NS,0.045,0.045
550,304Nvl_L3_NS,NONE,0.037,0.0
550,32Nvl_L1_EW,32NVL_EW,0.013,-0.001
550,32Nvl_L2_EW,32NVL_EW,0.015,0.007
550,32Nvl_L3_NS,NONE,0.008,0.0
550,32Nvl_L2_NS,32NVL_NS,0.008,-0.019
550,NvcNvl_L3_NS,NONE,0.007,0.0
550,NvcNvl_L2_NS,NONE,0.007,0.0
550,32Mt_L1_EW,32MT_EW,0.021,0.021
550,NvcMt_L1_EW,NVCMT_EW,0.006,0.006
550,NvcMt_L1_NS,NVCMT_NS,0.007,0.007
550,NvcCmt8_L2_NS,NONE,0.011,0.0
550,NvcCmt8_L1_NS,NONE,0.008,0.0
550,304Nvl_L2_NS,304NVL_NS,0.038,0.032
550,32Nvl_L3_EW,NONE,0.012,0.0
550,32Nvl_L1_NS,32NVL_NS,0.007,-0.025
550,NvcNvl_L1_NS,NONE,0.009,0.0
550,32Mt_L2_EW,32MT_EW,0.011,0.011
550,NvcMt_L2_EW,NVCMT_EW,0.008,0.008
550,NvcMt_L2_NS,NVCMT_NS,0.005,0.005
550,NvcCmt8_L1_EW,NONE,0.006,0.0
555,304Nvl_L1_NS,304NVL_NS,0.045,0.04
555,304Nvl_L3_NS,NONE,0.037,0.0
555,304Nvl_L1_EW,304NVL_EW,0.042,0.042
555,304Nvl_L2_EW,304NVL_EW,0.036,0.036
555,304Nvl_L1_NS,NONE,0.015,0.0
555,304Nvl_L3_NS,NONE,0.008,0.0
555,32Nvl_L1_NS,32NVL_NS,0.007,-0.025
555,32Nvl_L3_NS,NONE,0.008,0.0
555,32Nvl_L2_NS,32NVL_NS,0.008,-0.019
555,NvcNvl_L3_NS,NONE,0.007,0.0
555,NvcNvl_L2_NS,NONE,0.007,0.0
555,32Mt_L1_NS,32MT_NS,0.075,0.07
555,32Mt_L1_EW,NONE,0.007,0.0
555,32Mt_L1_NS,NONE,0.01,0.0
555,NvcMt_L1_NS,NVCMT_NS,0.007,-0.046
555,304Nvl_L2_NS,304NVL_NS,0.038,0.032
555,304Nvl_L3_EW,NONE,0.032,0.0
555,304Nvl_L2_NS,NONE,0.007,0.0
555,32Nvl_L2_NS,32NVL_NS,0.007,-0.02
555,32Nvl_L1_NS,32NVL_NS,0.007,-0.025
555,NvcNvl_L1_NS,NONE,0.009,0.0
555,NvcMt_L2_NS,NVCMT_NS,0.005,0.005
560,304Nvl_L1_NS,304NVL_NS,0.045,0.04
560,304Nvl_L3_NS,NONE,0.037,0.0
560,304Nvl_L1_EW,304NVL_EW,0.017,0.017
560,304Nvl_L2_EW,304NVL_EW,0.015,0.015
560,32Nvl_L1_NS,32NVL_NS,0.007,-0.025
560,32Nvl_L1_EW,32NVL_EW,0.042,0.038
560,32Nvl_L2_EW,32NVL_EW,0.046,0.043
560,32Nvl_L1_EW,32NVL_EW,0.007,0.002
560,32Nvl_L2_EW,32NVL_EW,0.007,0.004
560,32Nvl_L3_NS,NONE,0.008,0.0
560,32Nvl_L2_NS,32NVL_NS,0.008,-0.019
560,NvcNvl_L1_EW,NVCNVL_EW,0.007,0.007
560,32Mt_L1_NS,32MT_NS,0.15,0.146
560,32Mt_L1_EW,NONE,0.014,0.0
560,32Mt_L1_EW,32MT_EW,0.007,-0.023
560,32Mt_L1_NS,NONE,0.01,0.0
560,NvcMt_L1_NS,NVCMT_NS,0.007,-0.099
560,304Nvl_L2_NS,304NVL_NS,0.038,0.032
560,304Nvl_L3_EW,NONE,0.013,0.0
560,32Nvl_L2_NS,32NVL_NS,0.007,-0.02
560,32Nvl_L3_EW,NONE,0.006,0.0
560,32Nvl_L3_EW,NONE,0.038,0.0
560,32Nvl_L1_NS,32NVL_NS,0.007,-0.025
560,32Mt_L2_EW,32MT_EW,0.005,-0.027
560,32Mt_L2_NS,NONE,0.009,0.0
560,NvcMt_L2_NS,NVCMT_NS,0.005,0.005
560,NvcCmt8_L1_NS,NONE,0.011,0.0
565,304Nvl_L1_NS,304NVL_NS,0.045,0.04
565,304Nvl_L3_NS,NONE,0.037,0.0
565,304Nvl_L1_EW,304NVL_EW,0.025,0.025
565,304Nvl_L2_EW,304NVL_EW,0.022,0.022
565,304Nvl_L1_NS,NONE,0.036,0.0
565,32Nvl_L1_NS,32NVL_NS,0.007,-0.025
565,32Nvl_L1_EW,32NVL_EW,0.057,0.047
565,32Nvl_L2_EW,32NVL_EW,0.062,0.054
565,32Nvl_L1_EW,32NVL_EW,0.007,-0.003
565,32Nvl_L2_EW,32NVL_EW,0.007,0.0
565,32Nvl_L3_NS,NONE,0.017,0.0
565,32Nvl_L2_NS,32NVL_NS,0.016,-0.011
565,32Mt_L1_NS,32MT_NS,0.075,0.075
565,32Mt_L1_EW,NONE,0.007,0.0
565,32Mt_L1_EW,32MT_EW,0.014,-0.026
565,NvcMt_L1_EW,NVCMT_EW,0.032,0.032
565,304Nvl_L2_NS,304NVL_NS,0.038,0.027
565,304Nvl_L3_EW,NONE,0.019,0.0
565,32Nvl_L2_NS,32NVL_NS,0.007,-0.02
565,32Nvl_L3_EW,NONE,0.006,0.0
565,32Nvl_L3_EW,NONE,0.05,0.0
565,32Nvl_L1_NS,32NVL_NS,0.013,-0.018
565,32Mt_L2_EW,32MT_EW,0.011,-0.032
565,NvcMt_L2_EW,NVCMT_EW,0.04,0.04
570,304Nvl_L1_NS,304NVL_NS,0.009,-0.001
570,304Nvl_L3_NS,NONE,0.007,0.0
570,304Nvl_L1_EW,304NVL_EW,0.034,0.034
570,304Nvl_L2_EW,304NVL_EW,0.022,0.022
570,32Nvl_L3_NS,NONE,0.007,0.0
570,32Nvl_L1_NS,32NVL_NS,0.014,0.008
570,32Nvl_L1_EW,32NVL_EW,0.042,0.028
570,32Nvl_L2_EW,32NVL_EW,0.046,0.035
570,32Nvl_L1_EW,32NVL_EW,0.007,-0.008
570,32Nvl_L2_EW,32NVL_EW,0.007,-0.004
570,NvcNvl_L1_EW,NONE,0.021,0.0
570,NvcNvl_L2_EW,NONE,0.015,0.0
570,32Mt_L1_NS,32MT_NS,0.075,0.075
570,32Mt_L1_EW,32MT_EW,0.021,-0.009
570,32Mt_L1_NS,NONE,0.01,0.0
570,304Nvl_L2_NS,304NVL_NS,0.008,0.008
570,304Nvl_L3_EW,NONE,0.019,0.0
570,32Nvl_L2_NS,32NVL_NS,0.007,0.001
570,32Nvl_L3_EW,NONE,0.006,0.0
570,32Nvl_L3_EW,NONE,0.031,0.0
570,32Nvl_L1_NS,32NVL_NS,0.007,0.0
570,NvcNvl_L3_EW,NONE,0.006,0.0
570,32Mt_L2_EW,32MT_EW,0.016,-0.016
575,304Nvl_L1_NS,304NVL_NS,0.009,-0.001
575,304Nvl_L3_NS,NONE,0.007,0.0
575,304Nvl_L1_EW,304NVL_EW,0.025,0.025
575,304Nvl_L2_EW,304NVL_EW,0.015,0.015
575,32Nvl_L3_NS,NONE,0.007,0.0
575,32Nvl_L1_NS,32NVL_NS,0.014,0.008
575,32Nvl_L1_EW,32NVL_EW,0.035,0.021
575,32Nvl_L2_EW,32NVL_EW,0.039,0.027
575,32Nvl_L1_EW,32NVL_EW,0.007,-0.008
575,32Nvl_L2_EW,32NVL_EW,0.007,-0.004
575,NvcNvl_L3_NS,NONE,0.007,0.0
575,NvcNvl_L2_NS,NONE,0.007,0.0
575,NvcNvl_L1_EW,NONE,0.011,0.0
575,NvcNvl_L2_EW,NONE,0.008,0.0
575,32Mt_L1_EW,NONE,0.007,0.0
575,32Mt_L3_EW,NONE,0.009,0.0
575,32Mt_L1_EW,32MT_EW,0.021,-0.004
575,32Mt_L1_NS,NONE,0.01,0.0
575,304Nvl_L2_NS,304NVL_NS,0.008,0.008
575,304Nvl_L3_EW,NONE,0.013,0.0
575,32Nvl_L2_NS,32NVL_NS,0.007,0.001
575,32Nvl_L3_EW,NONE,0.006,0.0
575,32Nvl_L3_EW,NONE,0.031,0.0
575,32Nvl_L1_NS,32NVL_NS,0.007,0.0
575,NvcNvl_L1_NS,NONE,0.009,0.0
575,NvcNvl_L3_EW,NONE,0.006,0.0
575,32Mt_L2_EW,NONE,0.008,0.0
575,32Mt_L2_EW,32MT_EW,0.016,-0.011
580,304Nvl_L1_NS,304NVL_NS,0.009,0.004
580,304Nvl_L3_NS,NONE,0.007,0.0
580,304Nvl_L1_NS,NONE,0.007,0.0
580,32Nvl_L1_NS,32NVL_NS,0.007,0.001
580,32Nvl_L1_EW,32NVL_EW,0.035,0.021
580,32Nvl_L2_EW,32NVL_EW,0.039,0.027
580,32Nvl_L1_EW,32NVL_EW,0.007,-0.008
580,32Nvl_L2_EW,32NVL_EW,0.007,-0.004
580,32Mt_L1_NS,32MT_NS,0.006,0.006
580,32Mt_L1_EW,32MT_EW,0.021,-0.004
580,304Nvl_L2_NS,304NVL_NS,0.008,0.008
580,32Nvl_L3_EW,NONE,0.006,0.0
580,32Nvl_L3_EW,NONE,0.031,0.0
580,32Mt_L2_EW,32MT_EW,0.016,-0.011
585,304Nvl_L1_NS,304NVL_NS,0.009,0.004
585,304Nvl_L3_NS,NONE,0.007,0.0
585,304Nvl_L1_NS,NONE,0.036,0.0
585,32Nvl_L1_NS,32NVL_NS,0.007,0.001
585,32Nvl_L1_EW,32NVL_EW,0.035,0.016
585,32Nvl_L2_EW,32NVL_EW,0.039,0.023
585,32Nvl_L1_EW,32NVL_EW,0.013,-0.006
585,32Nvl_L2_EW,32NVL_EW,0.015,0.0
585,32Nvl_L3_NS,NONE,0.008,0.0
585,32Nvl_L2_NS,32NVL_NS,0.008,0.003
585,NvcNvl_L1_EW,NONE,0.021,0.0
585,NvcNvl_L2_EW,NONE,0.015,0.0
585,NvcNvl_L1_EW,NVCNVL_EW,0.007,0.007
585,32Mt_L1_EW,NONE,0.007,0.0
585,32Mt_L3_EW,NONE,0.009,0.0
585,32Mt_L1_EW,32MT_EW,0.028,0.003
585,32Mt_L1_NS,NONE,0.01,0.0
585,304Nvl_L2_NS,304NVL_NS,0.008,0.002
585,32Nvl_L3_EW,NONE,0.012,0.0
585,32Nvl_L3_EW,NONE,0.031,0.0
585,32Nvl_L1_NS,32NVL_NS,0.007,0.0
585,32Mt_L2_EW,NONE,0.008,0.0
585,32Mt_L2_EW,32MT_EW,0.022,-0.005
590,304Nvl_L1_NS,304NVL_NS,0.009,0.009
590,304Nvl_L3_NS,NONE,0.007,0.0
590,304Nvl_L1_EW,304NVL_EW,0.017,0.017
590,304Nvl_L1_NS,NONE,0.036,0.0
590,32Nvl_L1_EW,32NVL_EW,0.035,0.016
590,32Nvl_L2_EW,32NVL_EW,0.039,0.023
590,32Nvl_L1_EW,32NVL_EW,0.013,-0.006
590,32Nvl_L2_EW,32NVL_EW,0.015,0.0
590,32Mt_L1_EW,NONE,0.022,0.0
590,32Mt_L3_EW,NONE,0.027,0.0
590,32Mt_L1_EW,32MT_EW,0.028,0.003
590,32Mt_L1_NS,NONE,0.01,0.0
590,NvcMt_L1_EW,NVCMT_EW,0.006,0.006
590,304Nvl_L2_NS,304NVL_NS,0.008,0.008
590,32Nvl_L3_EW,NONE,0.012,0.0
590,32Nvl_L3_EW,NONE,0.031,0.0
590,32Mt_L2_EW,NONE,0.023,0.0
590,32Mt_L2_EW,32MT_EW,0.022,-0.005
590,32Mt_L2_NS,NONE,0.009,0.0
590,NvcMt_L2_EW,NVCMT_EW,0.008,0.008
595,304Nvl_L1_NS,304NVL_NS,0.009,-0.015
595,304Nvl_L3_NS,NONE,0.007,0.0
595,304Nvl_L1_EW,304NVL_EW,0.008,0.008
595,304Nvl_L2_EW,304NVL_EW,0.007,0.007
595,304Nvl_L1_NS,NONE,0.007,0.0
595,32Nvl_L3_NS,NONE,0.034,0.0
595,32Nvl_L1_NS,32NVL_NS,0.035,0.028
595,32Nvl_L1_EW,32NVL_EW,0.035,0.026
595,32Nvl_L2_EW,32NVL_EW,0.039,0.035
595,32Nvl_L1_EW,32NVL_EW,0.013,0.004
595,32Nvl_L2_EW,32NVL_EW,0.015,0.011
595,32Nvl_L3_NS,NONE,0.008,0.0
595,32Nvl_L2_NS,32NVL_NS,0.008,0.003
595,NvcNvl_L3_NS,NONE,0.014,0.0
595,NvcNvl_L2_NS,NONE,0.013,0.0
595,32Mt_L1_EW,32MT_EW,0.014,-0.011
595,32Mt_L1_NS,NONE,0.01,0.0
595,NvcMt_L1_EW,NVCMT_EW,0.006,0.006
595,304Nvl_L2_NS,304NVL_NS,0.008,0.002
595,304Nvl_L3_EW,NONE,0.006,0.0
595,32Nvl_L2_NS,32NVL_NS,0.033,0.028
595,32Nvl_L3_EW,NONE,0.012,0.0
595,32Nvl_L3_EW,NONE,0.031,0.0
595,32Nvl_L1_NS,32NVL_NS,0.007,0.0
595,NvcNvl_L1_NS,NONE,0.017,0.0
595,32Mt_L2_EW,32MT_EW,0.005,-0.022
595,32Mt_L2_NS,NONE,0.009,0.0
595,NvcMt_L2_EW,NVCMT_EW,0.008,0.008
600,304Nvl_L1_NS,304NVL_NS,0.009,0.009
600,304Nvl_L3_NS,NONE,0.007,0.0
600,304Nvl_L1_EW,304NVL_EW,0.042,0.042
600,304Nvl_L2_EW,304NVL_EW,0.036,0.036
600,304Nvl_L1_NS,NONE,0.007,0.0
600,304Nvl_L3_NS,NONE,0.008,0.0
600,32Nvl_L1_EW,32NVL_EW,0.035,0.026
600,32Nvl_L2_EW,32NVL_EW,0.039,0.035
600,32Nvl_L1_EW,32NVL_EW,0.013,0.004
600,32Nvl_L2_EW,32NVL_EW,0.015,0.011
600,32Nvl_L3_NS,NONE,0.008,0.0
600,32Nvl_L2_NS,32NVL_NS,0.008,0.003
600,32Mt_L1_EW,32MT_EW,0.014,-0.011
600,32Mt_L1_NS,NONE,0.01,0.0
600,NvcMt_L1_EW,NVCMT_EW,0.006,0.006
600,304Nvl_L2_NS,304NVL_NS,0.008,0.002
600,304Nvl_L3_EW,NONE,0.032,0.0
600,304Nvl_L2_NS,NONE,0.007,0.0
600,32Nvl_L3_EW,NONE,0.012,0.0
600,32Nvl_L3_EW,NONE,0.031,0.0
600,32Nvl_L1_NS,32NVL_NS,0.013,0.007
600,32Mt_L2_EW,32MT_EW,0.005,-0.022
600,32Mt_L2_NS,NONE,0.009,0.0
600,NvcMt_L2_EW,NVCMT_EW,0.008,0.008
605,304Nvl_L1_NS,304NVL_NS,0.009,0.004
605,304Nvl_L3_NS,NONE,0.007,0.0
605,304Nvl_L1_EW,304NVL_EW,0.008,0.008
605,32Nvl_L3_NS,NONE,0.007,0.0
605,32Nvl_L1_NS,32NVL_NS,0.007,0.001
605,32Nvl_L1_EW,32NVL_EW,0.035,0.006
605,32Nvl_L2_EW,32NVL_EW,0.039,0.02
605,32Nvl_L1_EW,32NVL_EW,0.013,-0.016
605,32Nvl_L2_EW,32NVL_EW,0.015,-0.004
605,32Nvl_L3_NS,NONE,0.008,0.0
605,32Nvl_L2_NS,32NVL_NS,0.008,0.003
605,32Mt_L1_EW,NONE,0.05,0.0
605,32Mt_L3_EW,NONE,0.044,0.0
605,32Mt_L1_EW,32MT_EW,0.042,0.017
605,32Mt_L1_NS,NONE,0.01,0.0
605,304Nvl_L2_NS,304NVL_NS,0.008,0.002
605,32Nvl_L2_NS,32NVL_NS,0.007,0.001
605,32Nvl_L3_EW,NONE,0.012,0.0
605,32Nvl_L3_EW,NONE,0.031,0.0
605,32Nvl_L1_NS,32NVL_NS,0.04,0.034
605,32Mt_L2_EW,NONE,0.038,0.0
605,32Mt_L2_EW,32MT_EW,0.027,0.0
610,304Nvl_L1_NS,304NVL_NS,0.018,0.008
610,304Nvl_L3_NS,NONE,0.007,0.0
610,304Nvl_L1_EW,304NVL_EW,0.059,0.059
610,304Nvl_L2_EW,304NVL_EW,0.051,0.051
610,304Nvl_L1_NS,NONE,0.044,0.0
610,304Nvl_L3_NS,NONE,0.008,0.0
610,32Nvl_L3_NS,NONE,0.007,0.0
610,32Nvl_L1_NS,32NVL_NS,0.014,0.001
610,32Nvl_L1_EW,32NVL_EW,0.035,0.001
610,32Nvl_L2_EW,32NVL_EW,0.039,0.012
610,32Nvl_L1_EW,32NVL_EW,0.013,-0.021
610,32Nvl_L2_EW,32NVL_EW,0.015,-0.012
610,32Nvl_L3_NS,NONE,0.008,0.0
610,32Nvl_L2_NS,32NVL_NS,0.008,0.003
610,32Mt_L1_NS,32MT_NS,0.006,0.006
610,32Mt_L1_EW,NONE,0.05,0.0
610,32Mt_L3_EW,NONE,0.009,0.0
610,32Mt_L1_EW,32MT_EW,0.049,0.024
610,32Mt_L1_NS,NONE,0.02,0.0
610,NvcMt_L1_EW,NVCMT_EW,0.006,0.006
610,304Nvl_L2_NS,304NVL_NS,0.008,0.002
610,304Nvl_L3_EW,NONE,0.044,0.0
610,304Nvl_L2_NS,NONE,0.007,0.0
610,32Nvl_L2_NS,32NVL_NS,0.007,0.001
610,32Nvl_L3_EW,NONE,0.012,0.0
610,32Nvl_L3_EW,NONE,0.031,0.0
610,32Nvl_L1_NS,32NVL_NS,0.007,-0.006
610,32Mt_L2_EW,NONE,0.045,0.0
610,32Mt_L2_EW,32MT_EW,0.038,0.011
610,NvcMt_L2_EW,NVCMT_EW,0.008,0.008
615,304Nvl_L1_NS,304NVL_NS,0.018,0.018
615,304Nvl_L3_NS,NONE,0.007,0.0
615,304Nvl_L1_EW,304NVL_EW,0.025,0.025
615,304Nvl_L2_EW,304NVL_EW,0.022,0.022
615,32Nvl_L1_EW,32NVL_EW,0.035,0.001
615,32Nvl_L2_EW,32NVL_EW,0.039,0.031
615,32Nvl_L1_EW,32NVL_EW,0.013,-0.021
615,32Nvl_L2_EW,32NVL_EW,0.015,0.007
615,NvcNvl_L3_NS,NONE,0.034,0.0
615,NvcNvl_L2_NS,NONE,0.033,0.0
615,32Mt_L1_NS,32MT_NS,0.006,0.006
615,32Mt_L1_EW,NONE,0.007,0.0
615,32Mt_L3_EW,NONE,0.009,0.0
615,32Mt_L1_EW,32MT_EW,0.049,0.024
615,32Mt_L1_NS,NONE,0.01,0.0
615,304Nvl_L2_NS,304NVL_NS,0.008,0.008
615,304Nvl_L3_EW,NONE,0.019,0.0
615,32Nvl_L3_EW,NONE,0.012,0.0
615,32Nvl_L3_EW,NONE,0.031,0.0
615,32Nvl_L1_NS,32NVL_NS,0.007,-0.006
615,NvcNvl_L1_NS,NONE,0.044,0.0
615,32Mt_L2_EW,NONE,0.008,0.0
615,32Mt_L2_EW,32MT_EW,0.011,-0.016
620,304Nvl_L1_NS,304NVL_NS,0.009,-0.02
620,304Nvl_L3_NS,NONE,0.007,0.0
620,304Nvl_L1_EW,304NVL_EW,0.068,0.068
620,304Nvl_L2_EW,304NVL_EW,0.051,0.051
620,304Nvl_L1_NS,NONE,0.036,0.0
620,32Nvl_L3_NS,NONE,0.034,0.0
620,32Nvl_L1_NS,32NVL_NS,0.042,0.035
620,32Nvl_L1_EW,32NVL_EW,0.035,0.006
620,32Nvl_L2_EW,32NVL_EW,0.039,0.039
620,32Nvl_L1_EW,32NVL_EW,0.013,-0.016
620,32Nvl_L2_EW,32NVL_EW,0.015,0.015
620,NvcNvl_L3_NS,NONE,0.081,0.0
620,NvcNvl_L2_NS,NONE,0.079,0.0
620,32Mt_L1_NS,32MT_NS,0.031,0.031
620,32Mt_L1_EW,32MT_EW,0.042,0.017
620,32Mt_L1_NS,NONE,0.01,0.0
620,304Nvl_L2_NS,304NVL_NS,0.008,0.008
620,304Nvl_L3_EW,NONE,0.044,0.0
620,32Nvl_L2_NS,32NVL_NS,0.033,0.028
620,32Nvl_L3_EW,NONE,0.012,0.0
620,32Nvl_L3_EW,NONE,0.031,0.0
620,32Nvl_L1_NS,32NVL_NS,0.007,0.0
620,NvcNvl_L1_NS,NONE,0.105,0.0
625,304Nvl_L1_NS,304NVL_NS,0.009,0.004
625,304Nvl_L3_NS,NONE,0.007,0.0
625,304Nvl_L1_EW,304NVL_EW,0.025,0.025
625,304Nvl_L2_EW,304NVL_EW,0.022,0.022
625,304Nvl_L1_NS,NONE,0.058,0.0
625,32Nvl_L3_NS,NONE,0.007,0.0
625,32Nvl_L1_NS,32NVL_NS,0.007,0.001
625,32Nvl_L1_EW,32NVL_EW,0.035,0.03
625,32Nvl_L2_EW,32NVL_EW,0.039,0.035
625,32Nvl_L1_EW,32NVL_EW,0.013,0.009
625,32Nvl_L2_EW,32NVL_EW,0.015,0.011
625,NvcNvl_L3_NS,NONE,0.048,0.0
625,NvcNvl_L2_NS,NONE,0.046,0.0
625,32Mt_L1_NS,32MT_NS,0.031,0.031
625,32Mt_L1_EW,NONE,0.014,0.0
625,32Mt_L3_EW,NONE,0.009,0.0
625,32Mt_L1_EW,32MT_EW,0.007,-0.018
625,304Nvl_L2_NS,304NVL_NS,0.008,0.008
625,304Nvl_L3_EW,NONE,0.019,0.0
625,32Nvl_L2_NS,32NVL_NS,0.007,0.001
625,32Nvl_L3_EW,NONE,0.012,0.0
625,32Nvl_L3_EW,NONE,0.031,0.0
625,NvcNvl_L1_NS,NONE,0.061,0.0
625,32Mt_L2_EW,NONE,0.008,0.0
625,32Mt_L2_EW,32MT_EW,0.005,-0.022
630,304Nvl_L1_NS,304NVL_NS,0.009,0.009
630,304Nvl_L3_NS,NONE,0.007,0.0
630,304Nvl_L1_EW,304NVL_EW,0.017,0.017
630,304Nvl_L2_EW,304NVL_EW,0.015,0.015
630,304Nvl_L1_NS,NONE,0.015,0.0
630,32Nvl_L1_EW,32NVL_EW,0.035,0.035
630,32Nvl_L2_EW,32NVL_EW,0.039,0.039
630,32Nvl_L1_EW,32NVL_EW,0.013,0.013
630,32Nvl_L2_EW,32NVL_EW,0.015,0.015
630,NvcNvl_L3_NS,NONE,0.02,0.0
630,NvcNvl_L2_NS,NONE,0.02,0.0
630,NvcNvl_L1_EW,NONE,0.064,0.0
630,NvcNvl_L2_EW,NONE,0.046,0.0
630,NvcNvl_L1_EW,NVCNVL_EW,0.042,0.042
630,32Mt_L1_NS,32MT_NS,0.031,0.031
630,32Mt_L1_EW,NONE,0.007,0.0
630,32Mt_L3_EW,NONE,0.009,0.0
630,32Mt_L1_NS,NONE,0.01,0.0
630,NvcMt_L2_EW,NVCMT_EW,0.013,0.013
630,304Nvl_L2_NS,304NVL_NS,0.008,0.008
630,304Nvl_L3_EW,NONE,0.013,0.0
630,32Nvl_L3_EW,NONE,0.012,0.0
630,32Nvl_L3_EW,NONE,0.031,0.0
630,NvcNvl_L1_NS,NONE,0.026,0.0
630,32Mt_L2_EW,NONE,0.008,0.0
630,32Mt_L2_NS,NONE,0.009,0.0
630,NvcMt_L1_EW,NVCMT_EW,0.028,-0.002
635,304Nvl_L1_NS,304NVL_NS,0.009,0.009
635,304Nvl_L3_NS,NONE,0.007,0.0
635,304Nvl_L1_EW,304NVL_EW,0.051,0.051
635,304Nvl_L1_NS,NONE,0.015,0.0
635,304Nvl_L3_NS,NONE,0.008,0.0
635,32Nvl_L1_EW,32NVL_EW,0.035,0.035
635,32Nvl_L2_EW,32NVL_EW,0.039,0.039
635,32Nvl_L1_EW,32NVL_EW,0.013,0.013
635,32Nvl_L2_EW,32NVL_EW,0.015,0.015
635,NvcNvl_L1_EW,NONE,0.053,0.0
635,NvcNvl_L2_EW,NONE,0.038,0.0
635,NvcNvl_L1_EW,NVCNVL_EW,0.007,0.007
635,32Mt_L1_NS,32MT_NS,0.006,0.006
635,32Mt_L1_NS,NONE,0.01,0.0
635,304Nvl_L2_NS,304NVL_NS,0.008,0.008
635,304Nvl_L2_NS,NONE,0.007,0.0
635,32Nvl_L3_EW,NONE,0.012,0.0
635,32Nvl_L3_EW,NONE,0.031,0.0
640,304Nvl_L1_NS,304NVL_NS,0.018,-0.006
640,304Nvl_L3_NS,NONE,0.007,0.0
640,304Nvl_L1_NS,NONE,0.007,0.0
640,32Nvl_L3_NS,NONE,0.034,0.0
640,32Nvl_L1_NS,32NVL_NS,0.035,0.022
640,32Nvl_L1_EW,32NVL_EW,0.035,0.006
640,32Nvl_L2_EW,32NVL_EW,0.039,0.016
640,32Nvl_L1_EW,32NVL_EW,0.013,-0.016
640,32Nvl_L2_EW,32NVL_EW,0.015,-0.008
640,NvcNvl_L1_EW,NVCNVL_EW,0.007,0.007
640,32Mt_L1_EW,32MT_EW,0.042,0.017
640,NvcMt_L2_NS,NONE,0.005,0.0
640,NvcMt_L2_EW,NVCMT_EW,0.003,0.003
640,304Nvl_L2_NS,304NVL_NS,0.008,0.008
640,304Nvl_L2_NS,NONE,0.007,0.0
640,32Nvl_L2_NS,32NVL_NS,0.033,0.028
640,32Nvl_L3_EW,NONE,0.012,0.0
640,32Nvl_L3_EW,NONE,0.031,0.0
640,32Mt_L2_EW,32MT_EW,0.033,0.006
640,NvcMt_L1_NS,NONE,0.005,0.0
640,NvcMt_L1_EW,NVCMT_EW,0.006,0.001
645,304Nvl_L1_NS,304NVL_NS,0.018,0.018
645,304Nvl_L3_NS,NONE,0.007,0.0
645,304Nvl_L1_EW,304NVL_EW,0.017,0.017
645,32Nvl_L1_EW,32NVL_EW,0.035,0.035
645,32Nvl_L2_EW,32NVL_EW,0.039,0.039
645,32Nvl_L1_EW,32NVL_EW,0.013,0.013
645,32Nvl_L2_EW,32NVL_EW,0.015,0.015
645,NvcNvl_L1_EW,NONE,0.053,0.0
645,NvcNvl_L2_EW,NONE,0.038,0.0
645,NvcNvl_L1_EW,NVCNVL_EW,0.007,0.007
645,304Nvl_L2_NS,304NVL_NS,0.008,0.008
645,32Nvl_L3_EW,NONE,0.012,0.0
645,32Nvl_L3_EW,NONE,0.031,0.0
645,NvcNvl_L3_EW,NONE,0.032,0.0
650,304Nvl_L1_NS,304NVL_NS,0.018,0.018
650,304Nvl_L3_NS,NONE,0.007,0.0
650,32Nvl_L1_EW,32NVL_EW,0.042,0.042
650,32Nvl_L2_EW,32NVL_EW,0.046,0.046
650,32Nvl_L1_EW,32NVL_EW,0.013,0.013
650,32Nvl_L2_EW,32NVL_EW,0.015,0.015
650,NvcNvl_L1_EW,NONE,0.085,0.0
650,NvcNvl_L2_EW,NONE,0.061,0.0
650,32Mt_L1_NS,32MT_NS,0.031,0.031
650,32Mt_L1_EW,NONE,0.007,0.0
650,304Nvl_L2_NS,304NVL_NS,0.008,0.008
650,32Nvl_L3_EW,NONE,0.012,0.0
650,32Nvl_L3_EW,NONE,0.038,0.0
650,NvcNvl_L3_EW,NONE,0.05,0.0
650,32Mt_L2_EW,NONE,0.008,0.0
650,NvcMt_L1_NS,NONE,0.005,0.0
655,304Nvl_L1_NS,304NVL_NS,0.009,-0.015
655,304Nvl_L3_NS,NONE,0.007,0.0
655,304Nvl_L1_EW,304NVL_EW,0.008,0.008
655,304Nvl_L2_EW,304NVL_EW,0.007,0.007
655,32Nvl_L1_NS,32NVL_NS,0.035,0.028
655,32Nvl_L1_EW,32NVL_EW,0.071,0.066
655,32Nvl_L2_EW,32NVL_EW,0.077,0.077
655,32Nvl_L1_EW,32NVL_EW,0.013,0.009
655,32Nvl_L2_EW,32NVL_EW,0.015,0.015
655,32Nvl_L3_NS,NONE,0.05,0.0
655,32Nvl_L2_NS,32NVL_NS,0.047,0.042
655,NvcNvl_L3_NS,NONE,0.007,0.0
655,NvcNvl_L2_NS,NONE,0.007,0.0
655,NvcNvl_L1_EW,NONE,0.011,0.0
655,NvcNvl_L2_EW,NONE,0.008,0.0
655,32Mt_L1_EW,NONE,0.007,0.0
655,32Mt_L3_EW,NONE,0.009,0.0
655,32Mt_L1_EW,32MT_EW,0.007,-0.043
655,NvcMt_L2_NS,NONE,0.005,0.0
655,NvcCmt8_L2_EW,NVCCMT8_EW,0.005,0.005
655,304Nvl_L2_NS,304NVL_NS,0.008,-0.026
655,304Nvl_L3_EW,NONE,0.006,0.0
655,32Nvl_L2_NS,32NVL_NS,0.033,0.028
655,32Nvl_L3_EW,NONE,0.012,0.0
655,32Nvl_L3_EW,NONE,0.063,0.0
655,32Nvl_L1_NS,32NVL_NS,0.04,0.034
655,NvcNvl_L1_NS,NONE,0.009,0.0
655,NvcNvl_L3_EW,NONE,0.006,0.0
655,32Mt_L2_EW,NONE,0.008,0.0
655,NvcMt_L1_NS,NONE,0.005,0.0
655,NvcCmt8_L1_EW,NVCCMT8_EW,0.008,0.008
660,304Nvl_L1_NS,304NVL_NS,0.009,-0.025
660,304Nvl_L3_NS,NONE,0.007,0.0
660,304Nvl_L1_EW,304NVL_EW,0.008,0.008
660,304Nvl_L2_EW,304NVL_EW,0.007,0.007
660,32Nvl_L3_NS,NONE,0.014,0.0
660,32Nvl_L1_NS,32NVL_NS,0.048,0.042
660,32Nvl_L1_EW,32NVL_EW,0.035,0.035
660,32Nvl_L2_EW,32NVL_EW,0.039,0.039
660,32Nvl_L1_EW,32NVL_EW,0.013,0.013
660,32Nvl_L2_EW,32NVL_EW,0.015,0.015
660,32Nvl_L3_NS,NONE,0.017,0.0
660,32Nvl_L2_NS,32NVL_NS,0.016,0.01
660,32Mt_L1_EW,NONE,0.007,0.0
660,32Mt_L3_EW,NONE,0.009,0.0
660,NvcMt_L1_NS,NVCMT_NS,0.007,0.007
660,304Nvl_L2_NS,304NVL_NS,0.008,-0.003
660,32Nvl_L2_NS,32NVL_NS,0.047,0.041
660,32Nvl_L3_EW,NONE,0.012,0.0
660,32Nvl_L3_EW,NONE,0.031,0.0
660,32Nvl_L1_NS,32NVL_NS,0.054,0.047
660,32Mt_L2_EW,NONE,0.008,0.0
660,NvcMt_L2_NS,NVCMT_NS,0.005,0.005
665,304Nvl_L1_NS,304NVL_NS,0.009,-0.015
665,304Nvl_L3_NS,NONE,0.007,0.0
665,304Nvl_L1_EW,304NVL_EW,0.008,0.008
665,304Nvl_L2_EW,304NVL_EW,0.007,0.007
665,304Nvl_L1_NS,NONE,0.007,0.0
665,32Nvl_L3_NS,NONE,0.02,0.0
665,32Nvl_L1_NS,32NVL_NS,0.035,0.028
665,32Nvl_L1_EW,32NVL_EW,0.035,0.035
665,32Nvl_L2_EW,32NVL_EW,0.039,0.039
665,32Nvl_L3_NS,NONE,0.008,0.0
665,32Nvl_L2_NS,32NVL_NS,0.008,0.003
665,NvcNvl_L3_NS,NONE,0.007,0.0
665,NvcNvl_L2_NS,NONE,0.007,0.0
665,NvcNvl_L1_EW,NONE,0.011,0.0
665,NvcNvl_L2_EW,NONE,0.008,0.0
665,32Mt_L1_NS,NONE,0.02,0.0
665,NvcMt_L1_NS,NVCMT_NS,0.007,0.007
665,304Nvl_L2_NS,304NVL_NS,0.008,0.002
665,304Nvl_L3_EW,NONE,0.006,0.0
665,32Nvl_L2_NS,32NVL_NS,0.027,0.021
665,32Nvl_L3_EW,NONE,0.031,0.0
665,32Nvl_L1_NS,32NVL_NS,0.007,0.0
665,NvcNvl_L1_NS,NONE,0.009,0.0
665,32Mt_L2_NS,NONE,0.009,0.0
665,NvcMt_L2_NS,NVCMT_NS,0.005,0.005
670,304Nvl_L1_NS,304NVL_NS,0.009,-0.015
670,304Nvl_L3_NS,NONE,0.007,0.0
670,304Nvl_L1_NS,NONE,0.007,0.0
670,32Nvl_L3_NS,NONE,0.014,0.0
670,32Nvl_L1_NS,32NVL_NS,0.035,0.028
670,32Nvl_L1_EW,32NVL_EW,0.007,0.002
670,32Nvl_L2_EW,32NVL_EW,0.008,0.004
670,32Nvl_L3_NS,NONE,0.008,0.0
670,32Nvl_L2_NS,32NVL_NS,0.008,0.003
670,NvcNvl_L1_EW,NONE,0.011,0.0
670,NvcNvl_L2_EW,NONE,0.008,0.0
670,32Mt_L1_NS,32MT_NS,0.006,0.001
670,32Mt_L1_EW,NONE,0.007,0.0
670,32Mt_L3_EW,NONE,0.009,0.0
670,32Mt_L1_EW,32MT_EW,0.007,0.002
670,NvcMt_L2_NS,NONE,0.005,0.0
670,NvcMt_L1_NS,NVCMT_NS,0.007,0.002
670,304Nvl_L2_NS,304NVL_NS,0.008,0.002
670,32Nvl_L2_NS,32NVL_NS,0.027,0.021
670,32Nvl_L3_EW,NONE,0.006,0.0
670,32Nvl_L1_NS,32NVL_NS,0.007,0.0
670,32Mt_L2_EW,NONE,0.008,0.0
670,32Mt_L2_EW,32MT_EW,0.005,0.0
670,NvcMt_L1_NS,NONE,0.005,0.0
670,NvcMt_L2_NS,NVCMT_NS,0.005,0.005
675,304Nvl_L1_NS,304NVL_NS,0.009,-0.005
675,32Nvl_L3_NS,NONE,0.007,0.0
675,32Nvl_L1_NS,32NVL_NS,0.021,0.014
675,32Nvl_L1_EW,32NVL_EW,0.014,0.014
675,32Nvl_L2_EW,32NVL_EW,0.015,0.015
675,NvcNvl_L3_NS,NONE,0.034,0.0
675,NvcNvl_L2_NS,NONE,0.033,0.0
675,32Mt_L1_NS,32MT_NS,0.006,0.001
675,NvcMt_L1_NS,NVCMT_NS,0.007,0.002
675,304Nvl_L2_NS,304NVL_NS,0.008,0.008
675,32Nvl_L2_NS,32NVL_NS,0.013,0.008
675,32Nvl_L3_EW,NONE,0.013,0.0
675,32Nvl_L1_NS,32NVL_NS,0.034,0.027
675,NvcNvl_L1_NS,NONE,0.044,0.0
675,NvcMt_L2_NS,NVCMT_NS,0.005,0.005
680,32Nvl_L3_NS,NONE,0.007,0.0
680,32Nvl_L1_NS,32NVL_NS,0.021,0.021
680,32Nvl_L1_EW,32NVL_EW,0.007,0.002
680,32Nvl_L2_EW,32NVL_EW,0.008,0.008
680,32Nvl_L3_NS,NONE,0.008,0.0
680,32Nvl_L2_NS,32NVL_NS,0.008,0.008
680,NvcNvl_L3_NS,NONE,0.034,0.0
680,NvcNvl_L2_NS,NONE,0.033,0.0
680,NvcNvl_L1_EW,NONE,0.011,0.0
680,NvcNvl_L2_EW,NONE,0.008,0.0
680,32Mt_L1_EW,32MT_EW,0.007,0.002
680,NvcMt_L1_EW,NVCMT_EW,0.006,0.006
680,NvcMt_L1_NS,NVCMT_NS,0.007,0.007
680,32Nvl_L2_NS,32NVL_NS,0.013,0.013
680,32Nvl_L3_EW,NONE,0.006,0.0
680,32Nvl_L1_NS,32NVL_NS,0.04,0.04
680,NvcNvl_L1_NS,NONE,0.044,0.0
680,NvcNvl_L3_EW,NONE,0.006,0.0
680,NvcMt_L2_EW,NVCMT_EW,0.008,0.008
680,NvcMt_L2_NS,NVCMT_NS,0.005,0.005
685,304Nvl_L1_NS,NONE,0.007,0.0
685,32Nvl_L1_NS,32NVL_NS,0.007,0.007
685,32Nvl_L1_EW,32NVL_EW,0.007,0.002
685,32Nvl_L2_EW,32NVL_EW,0.008,0.004
685,32Nvl_L1_EW,32NVL_EW,0.007,0.002
685,NvcNvl_L1_EW,NONE,0.011,0.0
685,NvcNvl_L2_EW,NONE,0.008,0.0
685,32Mt_L1_EW,32MT_EW,0.007,0.002
685,NvcMt_L1_EW,NVCMT_EW,0.006,0.006
685,32Nvl_L3_EW,NONE,0.006,0.0
685,32Nvl_L1_NS,32NVL_NS,0.04,0.04
685,NvcNvl_L3_EW,NONE,0.006,0.0
685,32Mt_L2_EW,32MT_EW,0.005,0.0
685,NvcMt_L2_EW,NVCMT_EW,0.008,0.008
690,304Nvl_L1_NS,NONE,0.007,0.0
690,32Nvl_L3_NS,NONE,0.007,0.0
690,32Nvl_L1_NS,32NVL_NS,0.007,0.007
690,32Nvl_L1_EW,32NVL_EW,0.007,0.002
690,32Nvl_L2_EW,32NVL_EW,0.008,0.004
690,32Mt_L1_EW,NONE,0.007,0.0
690,32Mt_L3_EW,NONE,0.009,0.0
690,32Mt_L1_EW,32MT_EW,0.007,0.002
690,NvcMt_L1_EW,NVCMT_EW,0.006,0.006
690,32Nvl_L2_NS,32NVL_NS,0.007,0.007
690,32Nvl_L3_EW,NONE,0.006,0.0
690,32Nvl_L1_NS,32NVL_NS,0.007,0.007
690,NvcNvl_L1_NS,NONE,0.009,0.0
690,32Mt_L2_EW,NONE,0.008,0.0
690,32Mt_L2_EW,32MT_EW,0.005,0.0
690,NvcMt_L2_EW,NVCMT_EW,0.008,0.008
695,304Nvl_L1_EW,304NVL_EW,0.008,0.008
695,304Nvl_L2_EW,304NVL_EW,0.007,0.007
695,32Nvl_L1_EW,32NVL_EW,0.007,0.007
695,32Nvl_L2_EW,32NVL_EW,0.008,0.008
695,32Nvl_L3_NS,NONE,0.008,0.0
695,32Nvl_L2_NS,32NVL_NS,0.008,0.008
695,NvcNvl_L2_NS,NONE,0.007,0.0
695,NvcNvl_L1_EW,NVCNVL_EW,0.007,0.003
695,NvcNvl_L2_EW,NVCNVL_EW,0.008,0.008
695,NvcNvl_L1_NS,NVCNVL_NS,0.007,0.007
695,NvcMt_L1_EW,NVCMT_EW,0.006,0.001
695,304Nvl_L3_EW,NONE,0.006,0.0
695,32Nvl_L3_EW,NONE,0.006,0.0
695,32Nvl_L1_NS,32NVL_NS,0.007,0.002
695,NvcNvl_L1_NS,NONE,0.009,0.0
695,NvcNvl_L3_EW,NONE,0.009,0.0
695,NvcMt_L2_EW,NVCMT_EW,0.008,0.002
700,304Nvl_L1_EW,304NVL_EW,0.034,0.034
700,304Nvl_L2_EW,304NVL_EW,0.029,0.029
700,304Nvl_L1_NS,NONE,0.007,0.0
700,304Nvl_L3_NS,NONE,0.008,0.0
700,32Nvl_L1_NS,32NVL_NS,0.007,0.002
700,32Nvl_L1_EW,32NVL_EW,0.021,0.021
700,32Nvl_L2_EW,32NVL_EW,0.023,0.023
700,NvcNvl_L3_NS,NONE,0.007,0.0
700,NvcNvl_L2_NS,NONE,0.007,0.0
700,NvcNvl_L1_EW,NVCNVL_EW,0.007,0.007
700,NvcNvl_L2_EW,NVCNVL_EW,0.008,0.008
700,NvcNvl_L1_NS,NVCNVL_NS,0.007,0.002
700,32Mt_L1_EW,NONE,0.014,0.0
700,32Mt_L3_EW,NONE,0.018,0.0
700,NvcCmt8_L2_EW,NVCCMT8_EW,0.005,0.005
700,304Nvl_L3_EW,NONE,0.025,0.0
700,304Nvl_L2_NS,NONE,0.007,0.0
700,32Nvl_L2_NS,32NVL_NS,0.007,0.007
700,32Nvl_L3_EW,NONE,0.019,0.0
700,NvcNvl_L1_NS,NONE,0.009,0.0
700,NvcNvl_L3_EW,NONE,0.009,0.0
700,32Mt_L2_EW,NONE,0.015,0.0
700,NvcCmt8_L1_EW,NVCCMT8_EW,0.008,0.008
705,304Nvl_L1_EW,304NVL_EW,0.025,0.025
705,304Nvl_L2_EW,304NVL_EW,0.022,0.022
705,32Nvl_L1_NS,32NVL_NS,0.007,0.007
705,32Nvl_L1_EW,32NVL_EW,0.007,0.002
705,32Nvl_L2_EW,32NVL_EW,0.008,0.004
705,NvcNvl_L1_EW,NVCNVL_EW,0.007,0.007
705,NvcNvl_L2_EW,NVCNVL_EW,0.008,0.008
705,32Mt_L1_EW,32MT_EW,0.007,0.002
705,32Mt_L1_NS,NONE,0.059,0.0
705,NvcMt_L2_NS,NONE,0.011,0.0
705,NvcCmt8_L2_EW,NVCCMT8_EW,0.005,0.005
705,304Nvl_L3_EW,NONE,0.013,0.0
705,32Nvl_L2_NS,32NVL_NS,0.007,0.007
705,32Nvl_L3_EW,NONE,0.006,0.0
705,NvcNvl_L3_EW,NONE,0.009,0.0
705,32Mt_L2_EW,32MT_EW,0.005,0.0
705,32Mt_L2_NS,NONE,0.052,0.0
705,NvcMt_L1_NS,NONE,0.011,0.0
705,NvcCmt8_L1_EW,NVCCMT8_EW,0.008,0.008
710,304Nvl_L1_EW,304NVL_EW,0.008,0.008
710,304Nvl_L1_NS,NONE,0.029,0.0
710,304Nvl_L3_NS,NONE,0.016,0.0
710,32Nvl_L1_NS,32NVL_NS,0.007,0.007
710,NvcNvl_L3_NS,NONE,0.007,0.0
710,NvcNvl_L2_NS,NONE,0.007,0.0
710,NvcNvl_L1_EW,NVCNVL_EW,0.014,0.014
710,NvcNvl_L2_EW,NVCNVL_EW,0.016,0.016
710,32Mt_L1_EW,32MT_EW,0.014,0.014
710,NvcCmt8_L2_EW,NVCCMT8_EW,0.005,0.005
710,304Nvl_L2_NS,NONE,0.015,0.0
710,32Nvl_L2_NS,32NVL_NS,0.007,0.007
710,32Nvl_L1_NS,32NVL_NS,0.013,0.013
710,NvcNvl_L1_NS,NONE,0.009,0.0
710,NvcNvl_L3_EW,NONE,0.019,0.0
710,32Mt_L2_EW,32MT_EW,0.005,0.005
710,NvcCmt8_L1_EW,NVCCMT8_EW,0.008,0.008
715,304Nvl_L1_NS,NONE,0.007,0.0
715,32Nvl_L1_NS,32NVL_NS,0.007,0.007
715,NvcNvl_L1_EW,NVCNVL_EW,0.021,0.021
715,NvcNvl_L2_EW,NVCNVL_EW,0.023,0.023
715,32Mt_L1_EW,NONE,0.014,0.0
715,32Mt_L3_EW,NONE,0.009,0.0
715,32Mt_L1_EW,32MT_EW,0.049,0.049
715,32Mt_L1_NS,NONE,0.01,0.0
715,NvcCmt8_L2_EW,NVCCMT8_EW,0.005,0.005
715,32Nvl_L2_NS,32NVL_NS,0.007,0.007
715,32Nvl_L1_NS,32NVL_NS,0.013,0.013
715,NvcNvl_L3_EW,NONE,0.028,0.0
715,32Mt_L2_EW,NONE,0.008,0.0
715,32Mt_L2_EW,32MT_EW,0.011,0.011
715,NvcCmt8_L1_EW,NVCCMT8_EW,0.008,0.008
720,304Nvl_L1_NS,304NVL_NS,0.009,-0.001
720,304Nvl_L1_NS,NONE,0.007,0.0
720,32Nvl_L3_NS,NONE,0.007,0.0
720,32Nvl_L1_NS,32NVL_NS,0.014,0.008
720,32Nvl_L1_EW,32NVL_EW,0.007,-0.027
720,32Nvl_L2_EW,32NVL_EW,0.008,0.0
720,32Nvl_L3_NS,NONE,0.008,0.0
720,32Nvl_L2_NS,32NVL_NS,0.008,0.008
720,NvcNvl_L1_EW,NVCNVL_EW,0.021,0.021
720,NvcNvl_L2_EW,NVCNVL_EW,0.023,0.023
720,32Mt_L1_NS,32MT_NS,0.006,0.006
720,32Mt_L1_EW,NONE,0.007,0.0
720,32Mt_L3_EW,NONE,0.009,0.0
720,32Mt_L1_EW,32MT_EW,0.049,0.044
720,32Nvl_L2_NS,32NVL_NS,0.013,0.013
720,32Nvl_L3_EW,NONE,0.006,0.0
720,32Nvl_L1_NS,32NVL_NS,0.013,0.007
720,NvcNvl_L3_EW,NONE,0.028,0.0
720,32Mt_L2_NS,32MT_NS,0.006,0.006
720,32Mt_L2_EW,NONE,0.008,0.0
720,32Mt_L2_EW,32MT_EW,0.011,0.005
720,NvcCmt8_L1_EW,NONE,0.006,0.0
725,304Nvl_L1_NS,304NVL_NS,0.009,-0.001
725,304Nvl_L1_EW,304NVL_EW,0.008,0.008
725,304Nvl_L2_EW,304NVL_EW,0.007,0.007
725,32Nvl_L3_NS,NONE,0.007,0.0
725,32Nvl_L1_NS,32NVL_NS,0.014,0.008
725,32Nvl_L3_NS,NONE,0.008,0.0
725,32Nvl_L2_NS,32NVL_NS,0.008,0.008
725,NvcNvl_L3_NS,NONE,0.014,0.0
725,NvcNvl_L2_NS,NONE,0.013,0.0
725,NvcNvl_L1_EW,NVCNVL_EW,0.021,-0.037
725,NvcNvl_L2_EW,NVCNVL_EW,0.023,0.023
725,32Mt_L1_EW,NONE,0.007,0.0
725,32Mt_L3_EW,NONE,0.009,0.0
725,32Mt_L1_EW,32MT_EW,0.049,0.049
725,NvcMt_L1_EW,NVCMT_EW,0.083,0.068
725,304Nvl_L3_EW,NONE,0.006,0.0
725,32Nvl_L2_NS,32NVL_NS,0.013,0.013
725,32Nvl_L1_NS,32NVL_NS,0.007,0.0
725,NvcNvl_L1_NS,NONE,0.017,0.0
725,NvcNvl_L3_EW,NONE,0.028,0.0
725,32Mt_L2_EW,NONE,0.008,0.0
725,32Mt_L2_EW,32MT_EW,0.033,0.033
725,NvcMt_L2_EW,NVCMT_EW,0.103,0.087
730,304Nvl_L1_NS,304NVL_NS,0.018,0.008
730,304Nvl_L3_NS,NONE,0.007,0.0
730,304Nvl_L1_NS,NONE,0.007,0.0
730,32Nvl_L3_NS,NONE,0.007,0.0
730,32Nvl_L1_NS,32NVL_NS,0.014,0.001
730,32Nvl_L1_EW,32NVL_EW,0.007,-0.003
730,32Nvl_L2_EW,32NVL_EW,0.008,0.004
730,32Nvl_L3_NS,NONE,0.008,0.0
730,32Nvl_L2_NS,32NVL_NS,0.008,0.003
730,NvcNvl_L1_EW,NVCNVL_EW,0.021,-0.041
730,NvcNvl_L2_EW,NVCNVL_EW,0.023,0.023
730,32Mt_L1_EW,NONE,0.007,0.0
730,32Mt_L1_EW,32MT_EW,0.014,0.009
730,32Mt_L1_NS,NONE,0.01,0.0
730,NvcMt_L2_NS,NONE,0.005,0.0
730,NvcMt_L1_EW,NVCMT_EW,0.089,0.069
730,NvcCmt8_L2_EW,NVCCMT8_EW,0.005,0.005
730,304Nvl_L2_NS,304NVL_NS,0.008,0.002
730,32Nvl_L2_NS,32NVL_NS,0.013,0.008
730,32Nvl_L3_EW,NONE,0.006,0.0
730,32Nvl_L1_NS,32NVL_NS,0.013,0.001
730,NvcNvl_L3_EW,NONE,0.028,0.0
730,32Mt_L2_EW,32MT_EW,0.005,0.0
730,32Mt_L2_NS,NONE,0.009,0.0
730,NvcMt_L1_NS,NONE,0.005,0.0
730,NvcMt_L2_EW,NVCMT_EW,0.111,0.091
730,NvcCmt8_L1_EW,NVCCMT8_EW,0.008,-0.055
735,304Nvl_L1_NS,304NVL_NS,0.009,-0.01
735,304Nvl_L3_NS,NONE,0.007,0.0
735,304Nvl_L1_EW,304NVL_EW,0.008,0.008
735,304Nvl_L2_EW,304NVL_EW,0.007,0.007
735,32Nvl_L3_NS,NONE,0.02,0.0
735,32Nvl_L1_NS,32NVL_NS,0.028,0.021
735,32Nvl_L1_EW,32NVL_EW,0.007,0.002
735,32Nvl_L2_EW,32NVL_EW,0.008,0.004
735,32Nvl_L3_NS,NONE,0.017,0.0
735,32Nvl_L2_NS,32NVL_NS,0.016,0.01
735,NvcNvl_L3_NS,NONE,0.007,0.0
735,NvcNvl_L2_NS,NONE,0.007,0.0
735,32Mt_L1_EW,NONE,0.007,0.0
735,32Mt_L3_EW,NONE,0.009,0.0
735,32Mt_L1_EW,32MT_EW,0.007,0.002
735,32Mt_L1_NS,NONE,0.01,0.0
735,32Thn_L1_EW,NONE,0.01,0.0
735,32Thn_L2_EW,NONE,0.01,0.0
735,32Thn_L3_EW,NONE,0.007,0.0
735,304Nvl_L2_NS,304NVL_NS,0.008,-0.003
735,32Nvl_L2_NS,32NVL_NS,0.027,0.021
735,32Nvl_L3_EW,NONE,0.006,0.0
735,32Nvl_L1_NS,32NVL_NS,0.02,0.014
735,NvcNvl_L1_NS,NONE,0.009,0.0
735,32Mt_L2_EW,NONE,0.008,0.0
735,32Mt_L2_EW,32MT_EW,0.005,0.0
740,304Nvl_L1_NS,304NVL_NS,0.009,-0.015
740,304Nvl_L3_NS,NONE,0.007,0.0
740,304Nvl_L1_EW,304NVL_EW,0.008,0.008
740,304Nvl_L2_EW,304NVL_EW,0.007,0.007
740,32Nvl_L3_NS,NONE,0.02,0.0
740,32Nvl_L1_NS,32NVL_NS,0.035,0.028
740,32Nvl_L1_EW,32NVL_EW,0.007,-0.003
740,32Nvl_L2_EW,32NVL_EW,0.008,0.008
740,32Nvl_L3_NS,NONE,0.025,0.0
740,32Nvl_L2_NS,32NVL_NS,0.024,0.018
740,NvcNvl_L1_EW,NONE,0.011,0.0
740,NvcNvl_L2_EW,NONE,0.008,0.0
740,32Mt_L1_NS,32MT_NS,0.013,0.013
740,32Mt_L1_EW,32MT_EW,0.007,0.002
740,32Thn_L1_EW,32THN_EW,0.008,0.003
740,304Nvl_L2_NS,304NVL_NS,0.008,-0.009
740,304Nvl_L3_EW,NONE,0.006,0.0
740,32Nvl_L2_NS,32NVL_NS,0.033,0.028
740,32Nvl_L3_EW,NONE,0.006,0.0
740,32Nvl_L1_NS,32NVL_NS,0.034,0.027
745,304Nvl_L1_NS,304NVL_NS,0.009,-0.015
745,304Nvl_L3_NS,NONE,0.007,0.0
745,304Nvl_L1_EW,304NVL_EW,0.102,0.102
745,304Nvl_L2_EW,304NVL_EW,0.087,0.087
745,32Nvl_L3_NS,NONE,0.02,0.0
745,32Nvl_L1_NS,32NVL_NS,0.035,0.024
745,32Nvl_L3_NS,NONE,0.025,0.0
745,32Nvl_L2_NS,32NVL_NS,0.024,0.018
745,NvcNvl_L3_NS,NONE,0.014,0.0
745,NvcNvl_L2_NS,NONE,0.013,0.0
745,NvcNvl_L1_EW,NONE,0.011,0.0
745,NvcNvl_L2_EW,NONE,0.008,0.0
745,NvcNvl_L1_NS,NVCNVL_NS,0.007,-0.018
745,32Mt_L1_NS,32MT_NS,0.006,0.006
745,32Mt_L1_EW,NONE,0.007,0.0
745,32Mt_L1_EW,32MT_EW,0.021,0.021
745,NvcMt_L2_NS,NONE,0.011,0.0
745,NvcMt_L1_EW,NVCMT_EW,0.006,0.006
745,304Nvl_L2_NS,304NVL_NS,0.008,-0.009
745,304Nvl_L3_EW,NONE,0.076,0.0
745,32Nvl_L2_NS,32NVL_NS,0.033,0.028
745,32Nvl_L1_NS,32NVL_NS,0.027,0.016
745,NvcNvl_L1_NS,NONE,0.017,0.0
745,32Mt_L2_EW,32MT_EW,0.016,0.016
745,NvcMt_L1_NS,NONE,0.011,0.0
745,NvcMt_L2_EW,NVCMT_EW,0.008,0.008
750,304Nvl_L1_NS,304NVL_NS,0.009,-0.015
750,304Nvl_L3_NS,NONE,0.007,0.0
750,304Nvl_L1_EW,304NVL_EW,0.025,0.025
750,304Nvl_L2_EW,304NVL_EW,0.015,0.015
750,32Nvl_L3_NS,NONE,0.027,0.0
750,32Nvl_L1_NS,32NVL_NS,0.035,0.024
750,32Nvl_L3_NS,NONE,0.033,0.0
750,32Nvl_L2_NS,32NVL_NS,0.032,0.026
750,NvcNvl_L3_NS,NONE,0.007,0.0
750,NvcNvl_L2_NS,NONE,0.007,0.0
750,NvcNvl_L1_NS,NVCNVL_NS,0.007,-0.018
750,32Mt_L1_NS,32MT_NS,0.006,0.006
750,304Nvl_L2_NS,304NVL_NS,0.008,-0.015
750,304Nvl_L3_EW,NONE,0.013,0.0
750,32Nvl_L2_NS,32NVL_NS,0.033,0.028
750,32Nvl_L1_NS,32NVL_NS,0.047,0.036
750,NvcNvl_L1_NS,NONE,0.009,0.0
755,304Nvl_L1_NS,304NVL_NS,0.009,-0.015
755,304Nvl_L3_NS,NONE,0.007,0.0
755,32Nvl_L3_NS,NONE,0.02,0.0
755,32Nvl_L1_NS,32NVL_NS,0.035,0.028
755,32Nvl_L3_NS,NONE,0.033,0.0
755,32Nvl_L2_NS,32NVL_NS,0.032,0.026
755,NvcNvl_L1_EW,NONE,0.011,0.0
755,NvcNvl_L2_EW,NONE,0.008,0.0
755,NvcNvl_L1_EW,NVCNVL_EW,0.007,0.007
755,32Mt_L1_NS,32MT_NS,0.006,0.006
755,32Mt_L1_EW,NONE,0.007,0.0
755,32Mt_L1_EW,32MT_EW,0.014,0.014
755,NvcMt_L2_NS,NONE,0.005,0.0
755,304Nvl_L2_NS,304NVL_NS,0.008,-0.015
755,32Nvl_L2_NS,32NVL_NS,0.033,0.028
755,32Nvl_L1_NS,32NVL_NS,0.04,0.034
755,32Mt_L2_EW,32MT_EW,0.005,0.005
755,NvcMt_L1_NS,NONE,0.005,0.0
760,304Nvl_L1_NS,304NVL_NS,0.009,-0.015
760,304Nvl_L3_NS,NONE,0.007,0.0
760,304Nvl_L1_EW,304NVL_EW,0.11,0.11
760,304Nvl_L2_EW,304NVL_EW,0.007,0.007
760,304Nvl_L1_NS,NONE,0.015,0.0
760,32Nvl_L3_NS,NONE,0.02,0.0
760,32Nvl_L1_NS,32NVL_NS,0.035,0.028
760,32Nvl_L3_NS,NONE,0.033,0.0
760,32Nvl_L2_NS,32NVL_NS,0.032,0.026
760,NvcNvl_L3_NS,NONE,0.007,0.0
760,NvcNvl_L2_NS,NONE,0.007,0.0
760,NvcNvl_L1_EW,NONE,0.011,0.0
760,NvcNvl_L2_EW,NONE,0.008,0.0
760,NvcNvl_L1_EW,NVCNVL_EW,0.007,0.007
760,NvcNvl_L2_EW,NVCNVL_EW,0.008,0.008
760,304Nvl_L2_NS,304NVL_NS,0.008,-0.015
760,304Nvl_L3_EW,NONE,0.006,0.0
760,32Nvl_L2_NS,32NVL_NS,0.033,0.028
760,32Nvl_L1_NS,32NVL_NS,0.04,0.034
760,NvcNvl_L1_NS,NONE,0.009,0.0
760,NvcNvl_L3_EW,NONE,0.009,0.0
765,304Nvl_L1_NS,304NVL_NS,0.009,-0.015
765,304Nvl_L3_NS,NONE,0.007,0.0
765,304Nvl_L1_EW,304NVL_EW,0.008,0.008
765,304Nvl_L2_EW,304NVL_EW,0.007,0.007
765,32Nvl_L3_NS,NONE,0.02,0.0
765,32Nvl_L1_NS,32NVL_NS,0.035,0.028
765,32Nvl_L3_NS,NONE,0.033,0.0
765,32Nvl_L2_NS,32NVL_NS,0.032,0.026
765,32Mt_L1_EW,NONE,0.007,0.0
765,NvcCmt8_L2_EW,NVCCMT8_EW,0.005,0.005
765,304Nvl_L2_NS,304NVL_NS,0.008,-0.015
765,304Nvl_L3_EW,NONE,0.006,0.0
765,32Nvl_L2_NS,32NVL_NS,0.033,0.028
765,32Nvl_L1_NS,32NVL_NS,0.034,0.027
765,NvcCmt8_L1_EW,NVCCMT8_EW,0.008,0.008
770,304Nvl_L1_NS,304NVL_NS,0.009,-0.01
770,304Nvl_L3_NS,NONE,0.007,0.0
770,304Nvl_L1_EW,304NVL_EW,0.008,0.008
770,32Nvl_L3_NS,NONE,0.02,0.0
770,32Nvl_L1_NS,32NVL_NS,0.028,0.017
770,32Nvl_L3_NS,NONE,0.033,0.0
770,32Nvl_L2_NS,32NVL_NS,0.032,0.026
770,NvcNvl_L1_EW,NONE,0.011,0.0
770,NvcNvl_L2_EW,NONE,0.008,0.0
770,NvcNvl_L1_NS,NVCNVL_NS,0.007,-0.013
770,NvcMt_L2_EW,NVCMT_EW,0.003,0.003
770,304Nvl_L2_NS,304NVL_NS,0.008,-0.015
770,32Nvl_L2_NS,32NVL_NS,0.027,0.021
770,32Nvl_L1_NS,32NVL_NS,0.034,0.023
770,NvcMt_L1_EW,NVCMT_EW,0.006,0.006
770,NvcCmt8_L1_EW,NONE,0.006,0.0
775,304Nvl_L1_NS,304NVL_NS,0.009,-0.01
775,304Nvl_L3_NS,NONE,0.007,0.0
775,304Nvl_L1_EW,304NVL_EW,0.008,0.008
775,32Nvl_L3_NS,NONE,0.02,0.0
775,32Nvl_L1_NS,32NVL_NS,0.028,0.017
775,32Nvl_L3_NS,NONE,0.033,0.0
775,32Nvl_L2_NS,32NVL_NS,0.032,0.026
775,NvcNvl_L1_NS,NVCNVL_NS,0.007,-0.013
775,304Nvl_L2_NS,304NVL_NS,0.008,-0.015
775,32Nvl_L2_NS,32NVL_NS,0.027,0.021
775,32Nvl_L1_NS,32NVL_NS,0.027,0.016
780,304Nvl_L1_NS,304NVL_NS,0.009,-0.005
780,304Nvl_L3_NS,NONE,0.007,0.0
780,32Nvl_L3_NS,NONE,0.014,0.0
780,32Nvl_L1_NS,32NVL_NS,0.021,0.01
780,32Nvl_L3_NS,NONE,0.033,0.0
780,32Nvl_L2_NS,32NVL_NS,0.032,0.026
780,NvcNvl_L1_NS,NVCNVL_NS,0.007,-0.008
780,32Mt_L1_EW,NONE,0.036,0.0
780,32Mt_L3_EW,NONE,0.044,0.0
780,304Nvl_L2_NS,304NVL_NS,0.008,-0.015
780,32Nvl_L2_NS,32NVL_NS,0.02,0.015
780,32Nvl_L1_NS,32NVL_NS,0.034,0.023
780,32Mt_L2_EW,NONE,0.038,0.0
785,304Nvl_L1_NS,304NVL_NS,0.009,-0.015
785,304Nvl_L3_NS,NONE,0.007,0.0
785,32Nvl_L3_NS,NONE,0.02,0.0
785,32Nvl_L1_NS,32NVL_NS,0.035,0.028
785,32Nvl_L3_NS,NONE,0.033,0.0
785,32Nvl_L2_NS,32NVL_NS,0.032,0.026
785,NvcNvl_L3_NS,NONE,0.007,0.0
785,NvcNvl_L2_NS,NONE,0.007,0.0
785,NvcNvl_L1_EW,NONE,0.011,0.0
785,NvcNvl_L2_EW,NONE,0.008,0.0
785,32Mt_L1_EW,NONE,0.043,0.0
785,32Mt_L3_EW,NONE,0.053,0.0
785,NvcMt_L2_NS,NONE,0.005,0.0
785,304Nvl_L2_NS,304NVL_NS,0.008,-0.015
785,32Nvl_L2_NS,32NVL_NS,0.027,0.021
785,32Nvl_L1_NS,32NVL_NS,0.034,0.027
785,NvcNvl_L1_NS,NONE,0.009,0.0
785,NvcNvl_L3_EW,NONE,0.006,0.0
785,32Mt_L2_EW,NONE,0.045,0.0
785,NvcMt_L1_NS,NONE,0.005,0.0
790,32Nvl_L1_NS,32NVL_NS,0.014,0.014
790,NvcCmt8_L2_EW,NONE,0.007,0.0
790,32Nvl_L2_NS,32NVL_NS,0.013,0.013
790,32Nvl_L1_NS,32NVL_NS,0.013,0.013
790,NvcCmt8_L1_EW,NONE,0.006,0.0
795,304Nvl_L1_EW,304NVL_EW,0.017,0.017
795,304Nvl_L2_EW,304NVL_EW,0.015,0.015
795,32Nvl_L1_NS,32NVL_NS,0.007,0.007
795,32Nvl_L3_NS,NONE,0.008,0.0
795,32Nvl_L2_NS,32NVL_NS,0.008,0.008
795,NvcNvl_L3_NS,NONE,0.007,0.0
795,NvcNvl_L2_NS,NONE,0.007,0.0
795,NvcNvl_L1_EW,NONE,0.011,0.0
795,NvcNvl_L2_EW,NONE,0.008,0.0
795,32Mt_L1_EW,NONE,0.072,0.0
795,32Mt_L3_EW,NONE,0.044,0.0
795,32Mt_L1_EW,32MT_EW,0.007,0.007
795,NvcCmt8_L2_EW,NONE,0.096,0.0
795,304Nvl_L3_EW,NONE,0.013,0.0
795,32Nvl_L1_NS,32NVL_NS,0.013,0.013
795,NvcNvl_L1_NS,NONE,0.009,0.0
795,32Mt_L2_EW,NONE,0.038,0.0
795,NvcCmt8_L1_EW,NONE,0.074,0.0
800,304Nvl_L1_EW,304NVL_EW,0.051,0.051
800,304Nvl_L2_EW,304NVL_EW,0.044,0.044
800,304Nvl_L1_NS,NONE,0.007,0.0
800,32Mt_L1_EW,NONE,0.036,0.0
800,32Mt_L1_EW,32MT_EW,0.007,0.007
800,32Mt_L1_NS,NONE,0.02,0.0
800,NvcCmt8_L2_EW,NONE,0.089,0.0
800,304Nvl_L3_EW,NONE,0.038,0.0
800,32Nvl_L1_NS,32NVL_NS,0.013,0.013
800,32Mt_L2_EW,32MT_EW,0.005,0.005
800,32Mt_L2_NS,NONE,0.017,0.0
800,NvcCmt8_L1_EW,NVCCMT8_EW,0.008,0.008
800,NvcCmt8_L1_EW,NONE,0.069,0.0
805,NvcNvl_L1_EW,NVCNVL_EW,0.007,0.003
805,32Mt_L1_NS,32MT_NS,0.006,0.006
805,32Mt_L1_EW,32MT_EW,0.049,0.049
805,32Mt_L1_NS,NONE,0.01,0.0
805,NvcMt_L2_NS,NONE,0.005,0.0
805,NvcMt_L1_EW,NVCMT_EW,0.006,0.001
805,32Nvl_L1_NS,32NVL_NS,0.013,0.013
805,32Mt_L2_EW,32MT_EW,0.011,0.011
805,32Mt_L2_NS,NONE,0.009,0.0
805,NvcMt_L1_NS,NONE,0.005,0.0
805,NvcMt_L2_EW,NVCMT_EW,0.008,0.008
810,304Nvl_L1_EW,304NVL_EW,0.195,0.195
810,304Nvl_L2_EW,304NVL_EW,0.131,0.131
810,32Nvl_L3_NS,NONE,0.008,0.0
810,32Nvl_L2_NS,32NVL_NS,0.008,0.008
810,NvcNvl_L3_NS,NONE,0.034,0.0
810,NvcNvl_L2_NS,NONE,0.033,0.0
810,NvcNvl_L1_EW,NVCNVL_EW,0.007,0.003
810,32Mt_L1_EW,NONE,0.007,0.0
810,32Mt_L1_EW,32MT_EW,0.042,0.042
810,NvcMt_L1_EW,NVCMT_EW,0.006,-0.063
810,304Nvl_L3_EW,NONE,0.114,0.0
810,32Nvl_L1_NS,32NVL_NS,0.007,0.007
810,NvcNvl_L1_NS,NONE,0.044,0.0
810,32Mt_L2_EW,32MT_EW,0.005,0.005
810,NvcMt_L2_EW,NVCMT_EW,0.008,0.008
810,NvcCmt8_L1_EW,NVCCMT8_EW,0.092,0.088
815,304Nvl_L1_EW,304NVL_EW,0.161,0.161
815,304Nvl_L2_EW,304NVL_EW,0.131,0.131
815,32Nvl_L3_NS,NONE,0.008,0.0
815,32Nvl_L2_NS,32NVL_NS,0.008,0.008
815,NvcNvl_L1_EW,NVCNVL_EW,0.007,0.007
815,32Mt_L1_EW,NONE,0.043,0.0
815,32Mt_L3_EW,NONE,0.053,0.0
815,32Mt_L1_EW,32MT_EW,0.042,0.042
815,NvcMt_L2_NS,NONE,0.005,0.0
815,NvcMt_L2_EW,NVCMT_EW,0.003,0.003
815,304Nvl_L3_EW,NONE,0.114,0.0
815,32Nvl_L1_NS,32NVL_NS,0.007,0.007
815,32Mt_L2_EW,NONE,0.045,0.0
815,32Mt_L2_EW,32MT_EW,0.033,0.033
815,NvcMt_L1_NS,NONE,0.005,0.0
815,NvcMt_L1_EW,NVCMT_EW,0.006,-0.064
815,NvcCmt8_L1_EW,NVCCMT8_EW,0.092,0.092
820,304Nvl_L1_EW,304NVL_EW,0.017,0.017
820,304Nvl_L2_EW,304NVL_EW,0.007,0.007
820,304Nvl_L1_NS,NONE,0.007,0.0
820,32Nvl_L1_NS,32NVL_NS,0.007,0.007
820,32Nvl_L3_NS,NONE,0.042,0.0
820,32Nvl_L2_NS,32NVL_NS,0.039,0.039
820,32Mt_L1_EW,NONE,0.014,0.0
820,32Mt_L3_EW,NONE,0.018,0.0
820,32Mt_L1_EW,32MT_EW,0.042,0.042
820,32Mt_L1_NS,NONE,0.01,0.0
820,NvcMt_L2_EW,NVCMT_EW,0.003,-0.001
820,NvcCmt8_L2_EW,NVCCMT8_EW,0.005,0.003
820,304Nvl_L3_EW,NONE,0.006,0.0
820,32Nvl_L1_NS,32NVL_NS,0.034,0.034
820,32Mt_L2_EW,NONE,0.015,0.0
820,32Mt_L2_EW,32MT_EW,0.033,0.033
820,32Mt_L2_NS,NONE,0.009,0.0
820,NvcMt_L1_EW,NVCMT_EW,0.006,0.0
820,NvcCmt8_L1_EW,NVCCMT8_EW,0.008,0.008
825,304Nvl_L1_EW,304NVL_EW,0.017,0.017
825,304Nvl_L2_EW,304NVL_EW,0.015,0.015
825,304Nvl_L1_NS,NONE,0.007,0.0
825,304Nvl_L3_NS,NONE,0.008,0.0
825,32Nvl_L1_NS,32NVL_NS,0.007,0.007
825,NvcNvl_L1_EW,NVCNVL_EW,0.007,0.007
825,NvcNvl_L2_EW,NVCNVL_EW,0.008,0.008
825,32Mt_L1_NS,32MT_NS,0.006,0.006
825,32Mt_L1_EW,32MT_EW,0.007,0.007
825,NvcCmt8_L2_EW,NVCCMT8_EW,0.011,0.011
825,304Nvl_L3_EW,NONE,0.013,0.0
825,304Nvl_L2_NS,NONE,0.007,0.0
825,NvcNvl_L3_EW,NONE,0.009,0.0
825,32Mt_L2_EW,32MT_EW,0.005,0.005
825,NvcCmt8_L1_EW,NVCCMT8_EW,0.015,0.015
830,304Nvl_L1_EW,304NVL_EW,0.152,0.152
830,304Nvl_L2_EW,304NVL_EW,0.007,0.007
830,304Nvl_L1_NS,NONE,0.007,0.0
830,32Nvl_L3_NS,NONE,0.007,0.0
830,32Nvl_L1_NS,32NVL_NS,0.007,0.007
830,NvcNvl_L1_EW,NVCNVL_EW,0.007,0.007
830,NvcNvl_L2_EW,NVCNVL_EW,0.008,0.006
830,32Mt_L1_NS,32MT_NS,0.006,0.006
830,32Mt_L1_EW,NONE,0.007,0.0
830,32Mt_L3_EW,NONE,0.009,0.0
830,32Mt_L1_EW,32MT_EW,0.049,0.049
830,NvcMt_L2_EW,NVCMT_EW,0.003,-0.01
830,NvcCmt8_L2_EW,NVCCMT8_EW,0.011,0.009
830,304Nvl_L3_EW,NONE,0.006,0.0
830,32Nvl_L2_NS,32NVL_NS,0.007,0.007
830,NvcNvl_L3_EW,NONE,0.009,0.0
830,32Mt_L2_EW,NONE,0.008,0.0
830,32Mt_L2_EW,32MT_EW,0.005,0.005
830,NvcMt_L1_EW,NVCMT_EW,0.006,-0.01
830,NvcCmt8_L1_EW,NVCCMT8_EW,0.015,0.015
835,304Nvl_L1_EW,304NVL_EW,0.051,0.051
835,304Nvl_L2_EW,304NVL_EW,0.007,0.007
835,304Nvl_L1_NS,NONE,0.007,0.0
835,NvcNvl_L1_EW,NONE,0.011,0.0
835,NvcNvl_L2_EW,NONE,0.008,0.0
835,NvcNvl_L1_EW,NVCNVL_EW,0.014,0.014
835,NvcNvl_L2_EW,NVCNVL_EW,0.016,0.014
835,32Mt_L1_EW,32MT_EW,0.049,0.049
835,NvcMt_L2_EW,NVCMT_EW,0.003,-0.012
835,NvcCmt8_L2_EW,NVCCMT8_EW,0.005,0.003
835,304Nvl_L3_EW,NONE,0.006,0.0
835,32Nvl_L1_NS,32NVL_NS,0.034,0.034
835,NvcNvl_L3_EW,NONE,0.006,0.0
835,NvcNvl_L3_EW,NONE,0.019,0.0
835,32Mt_L2_EW,32MT_EW,0.033,0.033
835,NvcMt_L1_EW,NVCMT_EW,0.006,-0.01
835,NvcCmt8_L1_EW,NVCCMT8_EW,0.008,0.008
835,NvcCmt8_L1_EW,NONE,0.006,0.0
840,304Nvl_L1_EW,304NVL_EW,0.008,0.008
840,304Nvl_L1_NS,NONE,0.007,0.0
840,304Nvl_L3_NS,NONE,0.008,0.0
840,32Nvl_L1_EW,32NVL_EW,0.007,-0.032
840,32Nvl_L2_EW,32NVL_EW,0.008,-0.015
840,32Nvl_L3_NS,NONE,0.05,0.0
840,32Nvl_L2_NS,32NVL_NS,0.047,0.047
840,NvcNvl_L1_EW,NVCNVL_EW,0.014,0.014
840,NvcNvl_L2_EW,NVCNVL_EW,0.016,0.014
840,32Mt_L1_EW,NONE,0.036,0.0
840,32Mt_L3_EW,NONE,0.044,0.0
840,32Mt_L1_EW,32MT_EW,0.056,0.051
840,32Mt_L1_NS,NONE,0.01,0.0
840,NvcMt_L2_EW,NVCMT_EW,0.003,-0.008
840,304Nvl_L2_NS,NONE,0.007,0.0
840,32Nvl_L3_EW,NONE,0.006,0.0
840,32Nvl_L1_NS,32NVL_NS,0.04,0.04
840,NvcNvl_L3_EW,NONE,0.019,0.0
840,32Mt_L2_EW,NONE,0.038,0.0
840,32Mt_L2_EW,32MT_EW,0.033,0.027
840,32Mt_L2_NS,NONE,0.009,0.0
840,NvcMt_L1_EW,NVCMT_EW,0.006,-0.004
840,NvcCmt8_L1_EW,NONE,0.006,0.0
845,304Nvl_L1_EW,304NVL_EW,0.008,0.008
845,304Nvl_L2_EW,304NVL_EW,0.007,0.007
845,304Nvl_L1_NS,NONE,0.015,0.0
845,304Nvl_L3_NS,NONE,0.008,0.0
845,32Nvl_L3_NS,NONE,0.007,0.0
845,32Nvl_L1_NS,32NVL_NS,0.007,0.007
845,32Nvl_L1_EW,32NVL_EW,0.007,0.002
845,32Nvl_L2_EW,32NVL_EW,0.008,0.008
845,32Nvl_L3_NS,NONE,0.075,0.0
845,32Nvl_L2_NS,32NVL_NS,0.071,0.071
845,NvcNvl_L1_EW,NVCNVL_EW,0.014,0.014
845,NvcNvl_L2_EW,NVCNVL_EW,0.008,0.006
845,32Mt_L1_EW,NONE,0.058,0.0
845,32Mt_L3_EW,NONE,0.071,0.0
845,32Mt_L1_EW,32MT_EW,0.007,0.002
845,32Mt_L1_NS,NONE,0.01,0.0
845,NvcMt_L2_EW,NVCMT_EW,0.003,-0.003
845,304Nvl_L3_EW,NONE,0.006,0.0
845,304Nvl_L2_NS,NONE,0.007,0.0
845,32Nvl_L2_NS,32NVL_NS,0.007,0.007
845,32Nvl_L3_EW,NONE,0.006,0.0
845,32Nvl_L1_NS,32NVL_NS,0.06,0.06
845,NvcNvl_L3_EW,NONE,0.009,0.0
845,32Mt_L2_EW,NONE,0.06,0.0
845,32Mt_L2_NS,NONE,0.009,0.0
845,NvcMt_L1_EW,NVCMT_EW,0.006,-0.004
850,304Nvl_L1_EW,304NVL_EW,0.008,0.008
850,32Nvl_L1_EW,32NVL_EW,0.007,0.002
850,32Nvl_L2_EW,32NVL_EW,0.008,0.004
850,32Nvl_L3_NS,NONE,0.033,0.0
850,32Nvl_L2_NS,32NVL_NS,0.032,0.032
850,NvcNvl_L3_NS,NONE,0.034,0.0
850,NvcNvl_L2_NS,NONE,0.033,0.0
850,32Mt_L1_NS,32MT_NS,0.031,0.031
850,32Mt_L1_EW,NONE,0.022,0.0
850,32Mt_L3_EW,NONE,0.009,0.0
850,32Mt_L1_EW,32MT_EW,0.007,0.002
850,NvcCmt8_L2_EW,NVCCMT8_EW,0.063,0.063
850,32Nvl_L3_EW,NONE,0.006,0.0
850,32Nvl_L1_NS,32NVL_NS,0.027,0.027
850,NvcNvl_L1_NS,NONE,0.044,0.0
850,32Mt_L2_EW,NONE,0.008,0.0
850,32Mt_L2_EW,32MT_EW,0.005,0.0
850,NvcCmt8_L1_EW,NVCCMT8_EW,0.092,0.092
855,304Nvl_L1_EW,304NVL_EW,0.008,0.008
855,304Nvl_L1_NS,NONE,0.007,0.0
855,32Nvl_L3_NS,NONE,0.007,0.0
855,32Nvl_L1_NS,32NVL_NS,0.007,0.007
855,32Nvl_L1_EW,32NVL_EW,0.014,0.004
855,32Nvl_L2_EW,32NVL_EW,0.015,0.008
855,32Nvl_L3_NS,NONE,0.008,0.0
855,32Nvl_L2_NS,32NVL_NS,0.008,0.008
855,NvcNvl_L3_NS,NONE,0.041,0.0
855,NvcNvl_L2_NS,NONE,0.04,0.0
855,32Mt_L1_NS,32MT_NS,0.031,0.031
855,32Mt_L1_EW,32MT_EW,0.014,0.004
855,32Mt_L1_NS,NONE,0.02,0.0
855,NvcMt_L2_EW,NVCMT_EW,0.003,-0.042
855,NvcCmt8_L2_EW,NVCCMT8_EW,0.063,0.061
855,32Nvl_L2_NS,32NVL_NS,0.007,0.007
855,32Nvl_L3_EW,NONE,0.013,0.0
855,32Nvl_L1_NS,32NVL_NS,0.013,0.013
855,NvcNvl_L1_NS,NONE,0.052,0.0
855,32Mt_L2_EW,32MT_EW,0.011,0.0
855,32Mt_L2_NS,NONE,0.009,0.0
855,NvcMt_L1_EW,NVCMT_EW,0.006,-0.059
855,NvcCmt8_L1_EW,NVCCMT8_EW,0.092,0.092
860,304Nvl_L1_EW,304NVL_EW,0.042,0.042
860,304Nvl_L2_EW,304NVL_EW,0.036,0.036
860,32Nvl_L1_NS,32NVL_NS,0.007,0.007
860,32Nvl_L1_EW,32NVL_EW,0.007,0.002
860,32Nvl_L2_EW,32NVL_EW,0.008,0.004
860,32Nvl_L1_EW,32NVL_EW,0.007,0.002
860,32Nvl_L3_NS,NONE,0.008,0.0
860,32Nvl_L2_NS,32NVL_NS,0.008,0.008
860,NvcNvl_L1_EW,NONE,0.053,0.0
860,32Mt_L1_NS,32MT_NS,0.006,0.006
860,32Mt_L1_EW,32MT_EW,0.007,0.002
860,NvcMt_L2_EW,NVCMT_EW,0.003,-0.042
860,NvcCmt8_L2_EW,NVCCMT8_EW,0.063,0.061
860,304Nvl_L3_EW,NONE,0.032,0.0
860,32Nvl_L2_NS,32NVL_NS,0.007,0.007
860,32Nvl_L3_EW,NONE,0.006,0.0
860,32Nvl_L1_NS,32NVL_NS,0.02,0.02
860,32Mt_L2_EW,32MT_EW,0.005,0.0
860,NvcMt_L1_EW,NVCMT_EW,0.006,-0.059
860,NvcCmt8_L1_EW,NVCCMT8_EW,0.092,0.092
865,32Nvl_L3_NS,NONE,0.007,0.0
865,32Nvl_L1_NS,32NVL_NS,0.014,0.014
865,32Nvl_L1_EW,32NVL_EW,0.007,0.002
865,32Nvl_L2_EW,32NVL_EW,0.008,0.004
865,32Nvl_L3_NS,NONE,0.042,0.0
865,32Nvl_L2_NS,32NVL_NS,0.039,0.039
865,NvcNvl_L3_NS,NONE,0.014,0.0
865,NvcNvl_L2_NS,NONE,0.013,0.0
865,NvcNvl_L1_EW,NONE,0.053,0.0
865,NvcNvl_L2_EW,NONE,0.038,0.0
865,32Mt_L1_NS,32MT_NS,0.006,0.006
865,32Mt_L1_EW,32MT_EW,0.007,0.002
865,32Nvl_L2_NS,32NVL_NS,0.007,0.007
865,32Nvl_L3_EW,NONE,0.006,0.0
865,32Nvl_L1_NS,32NVL_NS,0.047,0.047
865,NvcNvl_L1_NS,NONE,0.017,0.0
865,32Mt_L2_EW,32MT_EW,0.005,0.0
865,NvcCmt8_L1_EW,NONE,0.069,0.0
870,304Nvl_L1_NS,NONE,0.036,0.0
870,32Nvl_L1_EW,32NVL_EW,0.007,0.007
870,32Nvl_L2_EW,32NVL_EW,0.008,0.008
870,32Nvl_L3_NS,NONE,0.008,0.0
870,32Nvl_L2_NS,32NVL_NS,0.008,0.008
870,NvcNvl_L3_NS,NONE,0.007,0.0
870,NvcNvl_L2_NS,NONE,0.007,0.0
870,NvcNvl_L1_EW,NVCNVL_EW,0.007,0.003
870,NvcNvl_L2_EW,NVCNVL_EW,0.008,0.008
870,NvcMt_L1_EW,NVCMT_EW,0.006,0.001
870,32Nvl_L3_EW,NONE,0.006,0.0
870,32Nvl_L1_NS,32NVL_NS,0.013,0.013
870,NvcNvl_L1_NS,NONE,0.009,0.0
870,NvcNvl_L3_EW,NONE,0.009,0.0
870,NvcMt_L2_EW,NVCMT_EW,0.008,0.002
870,NvcCmt8_L1_EW,NONE,0.069,0.0
875,304Nvl_L1_EW,304NVL_EW,0.042,0.042
875,304Nvl_L2_EW,304NVL_EW,0.036,0.036
875,304Nvl_L1_NS,NONE,0.036,0.0
875,32Nvl_L1_EW,32NVL_EW,0.007,0.007
875,32Nvl_L2_EW,32NVL_EW,0.008,0.008
875,NvcNvl_L3_NS,NONE,0.014,0.0
875,NvcNvl_L2_NS,NONE,0.013,0.0
875,304Nvl_L3_EW,NONE,0.032,0.0
875,32Nvl_L3_EW,NONE,0.006,0.0
875,32Nvl_L1_NS,32NVL_NS,0.007,0.007
875,NvcNvl_L1_NS,NONE,0.017,0.0
880,304Nvl_L1_EW,304NVL_EW,0.042,0.042
880,304Nvl_L2_EW,304NVL_EW,0.036,0.036
880,304Nvl_L1_NS,NONE,0.007,0.0
880,304Nvl_L3_NS,NONE,0.008,0.0
880,32Nvl_L1_NS,32NVL_NS,0.007,0.007
880,32Nvl_L1_EW,32NVL_EW,0.021,-0.003
880,32Nvl_L2_EW,32NVL_EW,0.023,0.004
880,32Nvl_L3_NS,NONE,0.008,0.0
880,32Nvl_L2_NS,32NVL_NS,0.008,0.008
880,NvcNvl_L3_NS,NONE,0.007,0.0
880,NvcNvl_L2_NS,NONE,0.007,0.0
880,NvcNvl_L1_EW,NONE,0.011,0.0
880,NvcNvl_L2_EW,NONE,0.008,0.0
880,32Mt_L1_EW,32MT_EW,0.035,0.02
880,32Mt_L1_NS,NONE,0.01,0.0
880,304Nvl_L3_EW,NONE,0.032,0.0
880,304Nvl_L2_NS,NONE,0.007,0.0
880,32Nvl_L2_NS,32NVL_NS,0.007,0.007
880,32Nvl_L3_EW,NONE,0.019,0.0
880,32Nvl_L1_NS,32NVL_NS,0.007,0.007
880,NvcNvl_L1_NS,NONE,0.009,0.0
880,32Mt_L2_EW,32MT_EW,0.027,0.011
880,32Mt_L2_NS,NONE,0.009,0.0
885,304Nvl_L1_EW,304NVL_EW,0.203,0.203
885,304Nvl_L2_EW,304NVL_EW,0.174,0.174
885,304Nvl_L1_NS,NONE,0.044,0.0
885,304Nvl_L3_NS,NONE,0.008,0.0
885,32Nvl_L1_EW,32NVL_EW,0.014,0.014
885,32Nvl_L2_EW,32NVL_EW,0.015,0.015
885,32Nvl_L3_NS,NONE,0.017,0.0
885,32Nvl_L2_NS,32NVL_NS,0.016,0.016
885,NvcNvl_L1_EW,NONE,0.011,0.0
885,NvcNvl_L2_EW,NONE,0.008,0.0
885,NvcNvl_L1_EW,NVCNVL_EW,0.007,0.007
885,32Mt_L1_EW,NONE,0.007,0.0
885,32Mt_L3_EW,NONE,0.009,0.0
885,304Nvl_L3_EW,NONE,0.152,0.0
885,304Nvl_L2_NS,NONE,0.007,0.0
885,32Nvl_L3_EW,NONE,0.013,0.0
885,32Nvl_L1_NS,32NVL_NS,0.013,0.013
885,32Mt_L2_EW,NONE,0.008,0.0
890,304Nvl_L1_EW,304NVL_EW,0.313,0.313
890,304Nvl_L2_EW,304NVL_EW,0.261,0.261
890,304Nvl_L1_NS,NONE,0.036,0.0
890,32Nvl_L3_NS,NONE,0.008,0.0
890,32Nvl_L2_NS,32NVL_NS,0.008,0.008
890,NvcNvl_L3_NS,NONE,0.007,0.0
890,NvcNvl_L2_NS,NONE,0.007,0.0
890,32Mt_L1_EW,NONE,0.036,0.0
890,304Nvl_L3_EW,NONE,0.222,0.0
890,32Nvl_L1_NS,32NVL_NS,0.02,0.02
890,NvcNvl_L1_NS,NONE,0.009,0.0
895,304Nvl_L1_EW,304NVL_EW,0.11,0.11
895,304Nvl_L2_EW,304NVL_EW,0.087,0.087
895,32Nvl_L1_NS,32NVL_NS,0.007,0.007
895,32Nvl_L3_NS,NONE,0.017,0.0
895,32Nvl_L2_NS,32NVL_NS,0.016,0.016
895,NvcNvl_L3_NS,NONE,0.041,0.0
895,NvcNvl_L2_NS,NONE,0.04,0.0
895,NvcNvl_L1_EW,NONE,0.011,0.0
895,NvcNvl_L2_EW,NONE,0.008,0.0
895,NvcNvl_L1_EW,NVCNVL_EW,0.035,0.035
895,NvcNvl_L2_EW,NVCNVL_EW,0.039,0.039
895,32Mt_L1_EW,NONE,0.036,0.0
895,304Nvl_L3_EW,NONE,0.044,0.0
895,32Nvl_L1_NS,32NVL_NS,0.027,0.027
895,NvcNvl_L1_NS,NONE,0.052,0.0
895,NvcNvl_L3_EW,NONE,0.006,0.0
895,NvcNvl_L3_EW,NONE,0.047,0.0
900,304Nvl_L1_NS,304NVL_NS,0.109,0.104
900,304Nvl_L1_EW,304NVL_EW,0.034,0.034
900,304Nvl_L2_EW,304NVL_EW,0.029,0.029
900,32Nvl_L1_NS,32NVL_NS,0.007,-0.069
900,32Nvl_L3_NS,NONE,0.017,0.0
900,32Nvl_L2_NS,32NVL_NS,0.016,0.016
900,NvcNvl_L3_NS,NONE,0.007,0.0
900,NvcNvl_L2_NS,NONE,0.007,0.0
900,NvcNvl_L1_EW,NVCNVL_EW,0.042,0.042
900,NvcNvl_L2_EW,NVCNVL_EW,0.039,0.039
900,304Nvl_L3_EW,NONE,0.025,0.0
900,32Nvl_L1_NS,32NVL_NS,0.027,-0.049
900,NvcNvl_L1_NS,NONE,0.009,0.0
900,NvcNvl_L3_EW,NONE,0.047,0.0
905,304Nvl_L1_NS,304NVL_NS,0.109,0.08
905,304Nvl_L1_EW,304NVL_EW,0.093,0.093
905,304Nvl_L2_EW,304NVL_EW,0.073,0.073
905,304Nvl_L1_NS,NONE,0.073,0.0
905,32Nvl_L3_NS,NONE,0.034,0.0
905,32Nvl_L1_NS,32NVL_NS,0.042,-0.035
905,NvcNvl_L1_EW,NVCNVL_EW,0.042,0.042
905,NvcNvl_L2_EW,NVCNVL_EW,0.039,0.039
905,32Mt_L1_NS,NONE,0.01,0.0
905,304Nvl_L3_EW,NONE,0.063,0.0
905,32Nvl_L2_NS,32NVL_NS,0.033,0.033
905,32Nvl_L1_NS,32NVL_NS,0.007,-0.069
905,NvcNvl_L3_EW,NONE,0.047,0.0
905,32Mt_L2_NS,NONE,0.009,0.0
910,304Nvl_L1_NS,304NVL_NS,0.109,0.104
910,304Nvl_L1_EW,304NVL_EW,0.068,0.068
910,304Nvl_L2_EW,304NVL_EW,0.051,0.051
910,304Nvl_L1_NS,NONE,0.036,0.0
910,32Nvl_L1_NS,32NVL_NS,0.007,-0.069
910,32Nvl_L1_EW,32NVL_EW,0.035,0.035
910,32Nvl_L2_EW,32NVL_EW,0.039,0.039
910,NvcNvl_L1_EW,NVCNVL_EW,0.042,0.038
910,NvcNvl_L2_EW,NVCNVL_EW,0.039,0.039
910,NvcMt_L2_NS,NONE,0.032,0.0
910,NvcMt_L1_EW,NVCMT_EW,0.006,-0.023
910,304Nvl_L3_EW,NONE,0.044,0.0
910,32Nvl_L3_EW,NONE,0.031,0.0
910,NvcNvl_L3_EW,NONE,0.047,0.0
910,NvcMt_L1_NS,NONE,0.033,0.0
910,NvcMt_L2_EW,NVCMT_EW,0.008,-0.019
915,304Nvl_L1_EW,304NVL_EW,0.025,0.025
915,304Nvl_L2_EW,304NVL_EW,0.022,0.022
915,304Nvl_L1_NS,NONE,0.007,0.0
915,32Nvl_L3_NS,NONE,0.034,0.0
915,32Nvl_L1_NS,32NVL_NS,0.035,0.035
915,32Nvl_L1_EW,32NVL_EW,0.042,0.042
915,32Nvl_L2_EW,32NVL_EW,0.046,0.046
915,32Nvl_L3_NS,NONE,0.042,0.0
915,32Nvl_L2_NS,32NVL_NS,0.039,0.039
915,NvcNvl_L3_NS,NONE,0.014,0.0
915,NvcNvl_L2_NS,NONE,0.013,0.0
915,NvcNvl_L1_EW,NVCNVL_EW,0.035,0.035
915,NvcNvl_L2_EW,NVCNVL_EW,0.039,0.039
915,32Mt_L1_EW,NONE,0.007,0.0
915,32Mt_L1_NS,NONE,0.01,0.0
915,304Nvl_L3_EW,NONE,0.019,0.0
915,32Nvl_L2_NS,32NVL_NS,0.033,0.033
915,32Nvl_L3_EW,NONE,0.038,0.0
915,32Nvl_L1_NS,32NVL_NS,0.034,0.034
915,NvcNvl_L1_NS,NONE,0.017,0.0
915,NvcNvl_L3_EW,NONE,0.047,0.0
915,32Mt_L2_NS,NONE,0.009,0.0
920,304Nvl_L1_NS,304NVL_NS,0.009,0.009
920,304Nvl_L3_NS,NONE,0.007,0.0
920,304Nvl_L1_NS,NONE,0.051,0.0
920,32Nvl_L1_EW,32NVL_EW,0.035,0.035
920,32Nvl_L2_EW,32NVL_EW,0.039,0.039
920,NvcNvl_L1_EW,NVCNVL_EW,0.035,0.035
920,NvcNvl_L2_EW,NVCNVL_EW,0.039,0.039
920,32Mt_L1_NS,32MT_NS,0.013,0.013
920,32Mt_L1_EW,NONE,0.007,0.0
920,32Mt_L3_EW,NONE,0.009,0.0
920,32Thn_L1_EW,NONE,0.01,0.0
920,32Thn_L2_EW,NONE,0.01,0.0
920,32Thn_L3_EW,NONE,0.007,0.0
920,304Nvl_L2_NS,304NVL_NS,0.008,0.008
920,32Nvl_L3_EW,NONE,0.031,0.0
920,NvcNvl_L3_EW,NONE,0.047,0.0
920,32Mt_L2_NS,32MT_NS,0.006,0.006
920,32Mt_L2_EW,NONE,0.008,0.0
925,304Nvl_L1_NS,304NVL_NS,0.009,0.009
925,304Nvl_L3_NS,NONE,0.007,0.0
925,304Nvl_L1_NS,NONE,0.036,0.0
925,32Nvl_L1_EW,32NVL_EW,0.035,0.02
925,32Nvl_L2_EW,32NVL_EW,0.039,0.035
925,NvcNvl_L1_EW,NVCNVL_EW,0.042,0.038
925,NvcNvl_L2_EW,NVCNVL_EW,0.039,0.039
925,32Mt_L1_NS,32MT_NS,0.006,0.006
925,32Mt_L1_EW,NONE,0.007,0.0
925,32Mt_L3_EW,NONE,0.009,0.0
925,32Mt_L1_EW,32MT_EW,0.014,-0.011
925,NvcMt_L1_EW,NVCMT_EW,0.006,-0.023
925,32Thn_L1_EW,32THN_EW,0.008,-0.017
925,304Nvl_L2_NS,304NVL_NS,0.008,0.008
925,32Nvl_L3_EW,NONE,0.031,0.0
925,32Nvl_L1_NS,32NVL_NS,0.04,0.034
925,NvcNvl_L3_EW,NONE,0.047,0.0
925,32Mt_L2_NS,32MT_NS,0.006,0.006
925,32Mt_L2_EW,NONE,0.008,0.0
925,32Mt_L2_EW,32MT_EW,0.005,-0.022
925,NvcMt_L2_EW,NVCMT_EW,0.008,-0.019
930,304Nvl_L1_NS,304NVL_NS,0.009,-0.015
930,304Nvl_L3_NS,NONE,0.007,0.0
930,304Nvl_L1_NS,NONE,0.007,0.0
930,32Nvl_L1_NS,32NVL_NS,0.035,0.028
930,32Nvl_L1_EW,32NVL_EW,0.035,0.03
930,32Nvl_L2_EW,32NVL_EW,0.039,0.035
930,NvcNvl_L1_EW,NVCNVL_EW,0.049,0.04
930,NvcNvl_L2_EW,NVCNVL_EW,0.039,0.037
930,32Mt_L1_NS,32MT_NS,0.006,0.006
930,32Mt_L1_EW,32MT_EW,0.007,-0.018
930,32Mt_L1_NS,NONE,0.01,0.0
930,NvcMt_L1_EW,NVCMT_EW,0.013,-0.049
930,NvcMt_L2_EW,NVCMT_EW,0.003,-0.043
930,NvcCmt8_L2_EW,NVCCMT8_EW,0.026,0.025
930,304Nvl_L2_NS,304NVL_NS,0.008,0.008
930,32Nvl_L2_NS,32NVL_NS,0.033,0.028
930,32Nvl_L3_EW,NONE,0.031,0.0
930,32Nvl_L1_NS,32NVL_NS,0.034,0.027
930,NvcNvl_L3_EW,NONE,0.047,0.0
930,32Mt_L2_NS,32MT_NS,0.006,0.006
930,32Mt_L2_EW,32MT_EW,0.005,-0.022
930,32Mt_L2_NS,NONE,0.009,0.0
930,NvcMt_L2_EW,NVCMT_EW,0.016,-0.03
930,NvcMt_L1_EW,NVCMT_EW,0.006,-0.056
930,NvcCmt8_L1_EW,NVCCMT8_EW,0.038,0.03
935,304Nvl_L1_NS,304NVL_NS,0.009,-0.015
935,304Nvl_L3_NS,NONE,0.007,0.0
935,304Nvl_L1_EW,NONE,0.008,0.0
935,304Nvl_L1_NS,NONE,0.022,0.0
935,304Nvl_L3_NS,NONE,0.016,0.0
935,32Nvl_L1_NS,32NVL_NS,0.035,0.028
935,32Nvl_L1_EW,32NVL_EW,0.035,0.035
935,32Nvl_L2_EW,32NVL_EW,0.039,0.039
935,NvcNvl_L3_NS,NONE,0.007,0.0
935,NvcNvl_L2_NS,NONE,0.007,0.0
935,NvcNvl_L1_EW,NVCNVL_EW,0.049,0.045
935,NvcNvl_L2_EW,NVCNVL_EW,0.039,0.035
935,32Mt_L1_NS,32MT_NS,0.013,0.013
935,32Mt_L1_EW,NONE,0.022,0.0
935,32Mt_L3_EW,NONE,0.018,0.0
935,32Mt_L1_NS,NONE,0.01,0.0
935,NvcMt_L1_EW,NVCMT_EW,0.006,-0.028
935,NvcMt_L2_EW,NVCMT_EW,0.005,-0.022
935,304Nvl_L2_NS,304NVL_NS,0.008,0.008
935,304Nvl_L2_NS,NONE,0.015,0.0
935,32Nvl_L2_NS,32NVL_NS,0.033,0.028
935,32Nvl_L3_EW,NONE,0.031,0.0
935,NvcNvl_L1_NS,NONE,0.009,0.0
935,NvcNvl_L3_EW,NONE,0.047,0.0
935,32Mt_L2_NS,32MT_NS,0.006,0.006
935,32Mt_L2_EW,NONE,0.015,0.0
935,NvcMt_L2_EW,NVCMT_EW,0.008,-0.019
935,NvcMt_L1_EW,NVCMT_EW,0.011,-0.023
935,NvcCmt8_L1_EW,NONE,0.029,0.0
940,304Nvl_L1_NS,304NVL_NS,0.009,-0.015
940,304Nvl_L3_NS,NONE,0.007,0.0
940,304Nvl_L1_EW,304NVL_EW,0.025,0.025
940,304Nvl_L2_EW,304NVL_EW,0.022,0.022
940,32Nvl_L3_NS,NONE,0.034,0.0
940,32Nvl_L1_NS,32NVL_NS,0.035,0.028
940,32Nvl_L1_EW,32NVL_EW,0.042,0.042
940,32Nvl_L2_EW,32NVL_EW,0.046,0.046
940,32Nvl_L3_NS,NONE,0.017,0.0
940,32Nvl_L2_NS,32NVL_NS,0.016,0.01
940,NvcNvl_L3_NS,NONE,0.014,0.0
940,NvcNvl_L2_NS,NONE,0.013,0.0
940,NvcNvl_L1_EW,NVCNVL_EW,0.042,0.042
940,NvcNvl_L2_EW,NVCNVL_EW,0.039,0.035
940,32Mt_L1_NS,32MT_NS,0.006,0.006
940,32Mt_L1_EW,NONE,0.007,0.0
940,32Mt_L3_EW,NONE,0.009,0.0
940,32Mt_L1_NS,NONE,0.01,0.0
940,NvcMt_L2_EW,NVCMT_EW,0.005,-0.022
940,304Nvl_L2_NS,304NVL_NS,0.008,-0.003
940,304Nvl_L3_EW,NONE,0.019,0.0
940,32Nvl_L2_NS,32NVL_NS,0.033,0.028
940,32Nvl_L3_EW,NONE,0.038,0.0
940,32Nvl_L1_NS,32NVL_NS,0.013,0.007
940,NvcNvl_L1_NS,NONE,0.017,0.0
940,NvcNvl_L3_EW,NONE,0.047,0.0
940,32Mt_L2_EW,NONE,0.008,0.0
940,NvcMt_L1_EW,NVCMT_EW,0.011,-0.018
945,304Thn_L1_EW,304THN_EW,0.008,-0.01
945,304Thn_L3_EW,NONE,0.008,0.0
945,304Nvl_L1_NS,304NVL_NS,0.009,-0.001
945,304Nvl_L3_NS,NONE,0.007,0.0
945,304Nvl_L1_EW,304NVL_EW,0.025,0.02
945,304Nvl_L2_EW,304NVL_EW,0.015,0.009
945,32Nvl_L3_NS,NONE,0.007,0.0
945,32Nvl_L1_NS,32NVL_NS,0.014,0.008
945,32Nvl_L1_EW,32NVL_EW,0.035,0.02
945,32Nvl_L2_EW,32NVL_EW,0.039,0.029
945,NvcNvl_L3_NS,NONE,0.02,0.0
945,NvcNvl_L2_NS,NONE,0.02,0.0
945,NvcNvl_L1_EW,NVCNVL_EW,0.035,0.035
945,NvcNvl_L2_EW,NVCNVL_EW,0.039,0.037
945,32Mt_L1_NS,32MT_NS,0.006,0.006
945,32Mt_L1_EW,32MT_EW,0.014,-0.011
945,32Mt_L1_NS,NONE,0.02,0.0
945,NvcMt_L2_EW,NVCMT_EW,0.003,-0.025
945,32Thn_L1_EW,32THN_EW,0.008,-0.017
945,32Thn_L2_EW,32THN_EW,0.008,-0.019
945,304Nvl_L2_NS,304NVL_NS,0.008,0.008
945,304Nvl_L3_EW,NONE,0.013,0.0
945,32Nvl_L2_NS,32NVL_NS,0.007,0.001
945,32Nvl_L3_EW,NONE,0.031,0.0
945,NvcNvl_L1_NS,NONE,0.026,0.0
945,NvcNvl_L3_EW,NONE,0.047,0.0
945,32Mt_L2_EW,32MT_EW,0.005,-0.022
945,32Mt_L2_NS,NONE,0.009,0.0
945,NvcMt_L1_EW,NVCMT_EW,0.006,-0.019
945,304Thn_L2_EW,304THN_EW,0.007,-0.003
950,304Thn_L1_EW,304THN_EW,0.008,-0.004
950,304Thn_L3_EW,NONE,0.008,0.0
950,304Nvl_L1_NS,304NVL_NS,0.009,-0.03
950,304Nvl_L3_NS,NONE,0.007,0.0
950,304Nvl_L1_EW,304NVL_EW,0.017,0.011
950,304Nvl_L2_EW,304NVL_EW,0.007,0.002
950,304Nvl_L1_NS,NONE,0.015,0.0
950,32Nvl_L3_NS,NONE,0.048,0.0
950,32Nvl_L1_NS,32NVL_NS,0.055,0.049
950,32Nvl_L1_EW,32NVL_EW,0.035,0.025
950,32Nvl_L2_EW,32NVL_EW,0.039,0.029
950,NvcNvl_L3_NS,NONE,0.014,0.0
950,NvcNvl_L2_NS,NONE,0.013,0.0
950,NvcNvl_L1_EW,NONE,0.011,0.0
950,NvcNvl_L2_EW,NONE,0.008,0.0
950,NvcNvl_L1_EW,NVCNVL_EW,0.035,0.035
950,NvcNvl_L2_EW,NVCNVL_EW,0.039,0.039
950,32Mt_L1_EW,32MT_EW,0.007,-0.018
950,32Thn_L1_EW,32THN_EW,0.008,-0.017
950,32Thn_L2_EW,32THN_EW,0.008,-0.019
950,32Thn_L3_EW,NONE,0.008,0.0
950,304Nvl_L2_NS,304NVL_NS,0.008,0.008
950,304Nvl_L3_EW,NONE,0.006,0.0
950,32Nvl_L2_NS,32NVL_NS,0.047,0.041
950,32Nvl_L3_EW,NONE,0.031,0.0
950,32Nvl_L1_NS,32NVL_NS,0.007,0.0
950,NvcNvl_L1_NS,NONE,0.017,0.0
950,NvcNvl_L3_EW,NONE,0.047,0.0
950,32Mt_L2_EW,32MT_EW,0.005,-0.022
950,304Thn_L2_EW,304THN_EW,0.007,0.002
955,304Nvl_L1_NS,304NVL_NS,0.009,-0.015
955,304Nvl_L3_NS,NONE,0.007,0.0
955,304Nvl_L1_EW,304NVL_EW,0.008,0.008
955,32Nvl_L1_NS,32NVL_NS,0.035,0.028
955,32Nvl_L1_EW,32NVL_EW,0.035,0.03
955,32Nvl_L2_EW,32NVL_EW,0.039,0.033
955,NvcNvl_L1_EW,NVCNVL_EW,0.042,0.042
955,NvcNvl_L2_EW,NVCNVL_EW,0.039,0.039
955,32Mt_L1_NS,32MT_NS,0.006,0.006
955,NvcMt_L2_NS,NONE,0.026,0.0
955,32Thn_L1_EW,32THN_EW,0.008,-0.017
955,32Thn_L2_EW,32THN_EW,0.008,-0.019
955,32Thn_L3_EW,NONE,0.008,0.0
955,304Nvl_L2_NS,304NVL_NS,0.008,0.008
955,32Nvl_L2_NS,32NVL_NS,0.033,0.028
955,32Nvl_L3_EW,NONE,0.031,0.0
955,NvcMt_L1_NS,NONE,0.027,0.0
960,304Nvl_L1_NS,304NVL_NS,0.009,0.004
960,304Nvl_L3_NS,NONE,0.007,0.0
960,304Nvl_L1_EW,304NVL_EW,0.008,0.008
960,32Nvl_L3_NS,NONE,0.007,0.0
960,32Nvl_L1_NS,32NVL_NS,0.007,-0.004
960,32Nvl_L1_EW,32NVL_EW,0.035,0.03
960,32Nvl_L2_EW,32NVL_EW,0.039,0.033
960,NvcNvl_L1_EW,NVCNVL_EW,0.007,0.007
960,NvcNvl_L1_NS,NVCNVL_NS,0.007,0.002
960,32Mt_L1_NS,32MT_NS,0.006,0.006
960,32Thn_L1_EW,NONE,0.01,0.0
960,32Thn_L1_EW,32THN_EW,0.008,-0.017
960,32Thn_L2_EW,32THN_EW,0.008,-0.019
960,32Thn_L3_EW,NONE,0.008,0.0
960,304Nvl_L2_NS,304NVL_NS,0.008,0.008
960,32Nvl_L2_NS,32NVL_NS,0.007,0.001
960,32Nvl_L3_EW,NONE,0.031,0.0
960,32Nvl_L1_NS,32NVL_NS,0.047,0.036
965,304Nvl_L1_NS,304NVL_NS,0.009,0.009
965,304Nvl_L3_NS,NONE,0.007,0.0
965,304Nvl_L1_EW,304NVL_EW,0.008,0.008
965,304Nvl_L2_EW,304NVL_EW,0.007,0.007
965,32Nvl_L1_EW,32NVL_EW,0.035,0.03
965,32Nvl_L2_EW,32NVL_EW,0.039,0.033
965,NvcNvl_L1_NS,NVCNVL_NS,0.007,0.007
965,32Thn_L1_EW,NONE,0.01,0.0
965,32Thn_L1_EW,32THN_EW,0.008,-0.017
965,32Thn_L2_EW,32THN_EW,0.008,-0.019
965,32Thn_L3_EW,NONE,0.008,0.0
965,304Nvl_L2_NS,304NVL_NS,0.008,0.008
965,304Nvl_L3_EW,NONE,0.006,0.0
965,32Nvl_L3_EW,NONE,0.031,0.0
970,304Nvl_L1_NS,304NVL_NS,0.009,0.009
970,304Nvl_L3_NS,NONE,0.007,0.0
970,304Nvl_L1_NS,NONE,0.007,0.0
970,304Nvl_L3_NS,NONE,0.008,0.0
970,32Nvl_L1_EW,32NVL_EW,0.035,0.035
970,32Nvl_L2_EW,32NVL_EW,0.039,0.039
970,NvcCmt8_L2_NS,NONE,0.011,0.0
970,NvcCmt8_L1_NS,NONE,0.008,0.0
970,304Nvl_L2_NS,304NVL_NS,0.008,0.008
970,304Nvl_L2_NS,NONE,0.007,0.0
970,32Nvl_L3_EW,NONE,0.031,0.0
975,304Nvl_L1_NS,304NVL_NS,0.009,-0.001
975,304Nvl_L3_NS,NONE,0.007,0.0
975,304Nvl_L1_EW,304NVL_EW,0.008,0.008
975,304Nvl_L2_EW,304NVL_EW,0.007,0.007
975,304Nvl_L1_NS,NONE,0.007,0.0
975,304Nvl_L3_NS,NONE,0.008,0.0
975,32Nvl_L3_NS,NONE,0.014,0.0
975,32Nvl_L1_NS,32NVL_NS,0.014,0.008
975,32Nvl_L1_EW,32NVL_EW,0.035,0.035
975,32Nvl_L2_EW,32NVL_EW,0.039,0.039
975,32Nvl_L3_NS,NONE,0.008,0.0
975,32Nvl_L2_NS,32NVL_NS,0.008,0.003
975,32Mt_L1_NS,NONE,0.01,0.0
975,304Nvl_L2_NS,304NVL_NS,0.008,0.002
975,304Nvl_L3_EW,NONE,0.006,0.0
975,304Nvl_L2_NS,NONE,0.007,0.0
975,32Nvl_L2_NS,32NVL_NS,0.013,0.008
975,32Nvl_L3_EW,NONE,0.031,0.0
975,32Nvl_L1_NS,32NVL_NS,0.007,0.0
975,32Mt_L2_NS,NONE,0.009,0.0
980,304Nvl_L1_NS,304NVL_NS,0.018,0.018
980,304Nvl_L3_NS,NONE,0.007,0.0
980,304Nvl_L1_EW,304NVL_EW,0.017,0.017
980,304Nvl_L2_EW,304NVL_EW,0.007,0.007
980,32Nvl_L1_EW,32NVL_EW,0.035,0.035
980,32Nvl_L2_EW,32NVL_EW,0.039,0.039
980,32Mt_L1_EW,NONE,0.014,0.0
980,32Mt_L3_EW,NONE,0.018,0.0
980,304Nvl_L2_NS,304NVL_NS,0.008,0.008
980,304Nvl_L3_EW,NONE,0.006,0.0
980,32Nvl_L3_EW,NONE,0.031,0.0
980,32Mt_L2_EW,NONE,0.015,0.0
985,304Nvl_L1_NS,304NVL_NS,0.018,0.018
985,304Nvl_L3_NS,NONE,0.007,0.0
985,304Nvl_L1_EW,304NVL_EW,0.008,0.008
985,304Nvl_L1_NS,NONE,0.015,0.0
985,32Nvl_L1_EW,32NVL_EW,0.042,0.033
985,32Nvl_L2_EW,32NVL_EW,0.046,0.039
985,32Mt_L1_NS,32MT_NS,0.006,0.006
985,32Mt_L1_EW,NONE,0.007,0.0
985,32Mt_L3_EW,NONE,0.009,0.0
985,32Mt_L1_EW,32MT_EW,0.014,-0.016
985,304Nvl_L2_NS,304NVL_NS,0.008,0.008
985,32Nvl_L3_EW,NONE,0.038,0.0
985,32Nvl_L1_NS,32NVL_NS,0.007,-0.006
985,32Mt_L2_EW,NONE,0.008,0.0
985,32Mt_L2_EW,32MT_EW,0.011,-0.022
990,304Nvl_L1_NS,304NVL_NS,0.009,0.009
990,304Nvl_L3_NS,NONE,0.007,0.0
990,32Nvl_L1_EW,32NVL_EW,0.035,0.035
990,32Nvl_L2_EW,32NVL_EW,0.039,0.039
990,NvcNvl_L2_NS,NONE,0.079,0.0
990,32Mt_L1_NS,32MT_NS,0.006,0.006
990,32Mt_L1_NS,NONE,0.01,0.0
990,304Nvl_L2_NS,304NVL_NS,0.008,0.008
990,32Nvl_L3_EW,NONE,0.031,0.0
990,NvcNvl_L1_NS,NONE,0.105,0.0
995,304Nvl_L1_NS,304NVL_NS,0.018,0.018
995,304Nvl_L3_NS,NONE,0.015,0.0
995,304Nvl_L1_EW,304NVL_EW,0.102,0.102
995,304Nvl_L2_EW,304NVL_EW,0.087,0.087
995,32Nvl_L1_EW,32NVL_EW,0.035,0.026
995,32Nvl_L2_EW,32NVL_EW,0.039,0.031
995,32Nvl_L3_NS,NONE,0.017,0.0
995,32Nvl_L2_NS,32NVL_NS,0.016,0.005
995,NvcNvl_L3_NS,NONE,0.095,0.0
995,NvcNvl_L2_NS,NONE,0.092,0.0
995,32Mt_L1_NS,32MT_NS,0.006,0.006
995,32Mt_L1_EW,NONE,0.007,0.0
995,32Mt_L1_EW,32MT_EW,0.014,-0.011
995,32Mt_L1_NS,NONE,0.02,0.0
995,304Nvl_L2_NS,304NVL_NS,0.015,0.004
995,304Nvl_L3_EW,NONE,0.076,0.0
995,32Nvl_L3_EW,NONE,0.031,0.0
995,32Nvl_L1_NS,32NVL_NS,0.02,0.007
995,NvcNvl_L1_NS,NONE,0.122,0.0
995,32Mt_L2_EW,32MT_EW,0.011,-0.016
995,32Mt_L2_NS,NONE,0.017,0.0
1000,304Thn_L1_EW,NONE,0.007,0.0
1000,304Thn_L2_EW,NONE,0.008,0.0
1000,304Nvl_L1_NS,304NVL_NS,0.018,0.018
1000,304Nvl_L3_NS,NONE,0.015,0.0
1000,304Nvl_L1_EW,304NVL_EW,0.119,0.119
1000,304Nvl_L2_EW,304NVL_EW,0.102,0.102
1000,32Nvl_L1_EW,32NVL_EW,0.035,0.03
1000,32Nvl_L2_EW,32NVL_EW,0.039,0.035
1000,32Nvl_L1_EW,32NVL_EW,0.007,0.002
1000,NvcNvl_L3_NS,NONE,0.041,0.0
1000,NvcNvl_L2_NS,NONE,0.04,0.0
1000,NvcNvl_L1_EW,NONE,0.011,0.0
1000,NvcNvl_L2_EW,NONE,0.008,0.0
1000,32Mt_L1_EW,32MT_EW,0.007,-0.018
1000,32Mt_L1_NS,NONE,0.01,0.0
1000,NvcMt_L2_NS,NONE,0.063,0.0
1000,NvcMt_L1_NS,NVCMT_NS,0.034,0.034
1000,304Nvl_L2_NS,304NVL_NS,0.015,0.015
1000,304Nvl_L3_EW,NONE,0.089,0.0
1000,32Nvl_L3_EW,NONE,0.031,0.0
1000,NvcNvl_L1_NS,NONE,0.052,0.0
1000,NvcNvl_L3_EW,NONE,0.006,0.0
1000,32Mt_L2_EW,32MT_EW,0.005,-0.022
1000,32Mt_L2_NS,NONE,0.009,0.0
1000,NvcMt_L1_NS,NONE,0.066,0.0
1000,NvcMt_L2_NS,NVCMT_NS,0.027,0.027
1000,304Thn_L3_EW,NONE,0.008,0.0
1005,304Thn_L1_EW,304THN_EW,0.008,-0.015
1005,304Nvl_L1_NS,304NVL_NS,0.027,0.027
1005,304Nvl_L3_NS,NONE,0.022,0.0
1005,304Nvl_L1_EW,304NVL_EW,0.034,0.028
1005,304Nvl_L2_EW,304NVL_EW,0.029,0.029
1005,32Nvl_L3_NS,NONE,0.058,0.0
1005,32Nvl_L2_NS,32NVL_NS,0.055,0.039
1005,NvcNvl_L3_NS,NONE,0.007,0.0
1005,NvcNvl_L2_NS,NONE,0.007,0.0
1005,32Mt_L1_NS,32MT_NS,0.006,-0.018
1005,32Mt_L1_EW,NONE,0.007,0.0
1005,NvcMt_L2_NS,NONE,0.069,0.0
1005,NvcMt_L1_NS,NVCMT_NS,0.034,0.03
1005,304Nvl_L2_NS,304NVL_NS,0.023,-0.016
1005,304Nvl_L3_EW,NONE,0.025,0.0
1005,32Nvl_L1_NS,32NVL_NS,0.047,0.028
1005,NvcNvl_L1_NS,NONE,0.009,0.0
1005,NvcMt_L1_NS,NONE,0.071,0.0
1005,NvcMt_L2_NS,NVCMT_NS,0.027,0.027
1010,304Nvl_L1_NS,304NVL_NS,0.027,0.017
1010,304Nvl_L3_NS,NONE,0.022,0.0
1010,304Nvl_L1_EW,304NVL_EW,0.017,0.017
1010,304Nvl_L2_EW,304NVL_EW,0.015,0.015
1010,304Nvl_L1_NS,NONE,0.102,0.0
1010,32Nvl_L3_NS,NONE,0.007,0.0
1010,32Nvl_L1_NS,32NVL_NS,0.014,-0.005
1010,32Nvl_L3_NS,NONE,0.058,0.0
1010,32Nvl_L2_NS,32NVL_NS,0.055,0.039
1010,NvcNvl_L3_NS,NONE,0.007,0.0
1010,NvcNvl_L2_NS,NONE,0.007,0.0
1010,NvcNvl_L1_EW,NONE,0.064,0.0
1010,NvcNvl_L2_EW,NONE,0.046,0.0
1010,32Mt_L1_NS,32MT_NS,0.006,-0.018
1010,32Mt_L1_EW,NONE,0.007,0.0
1010,32Mt_L3_EW,NONE,0.009,0.0
1010,32Mt_L1_EW,32MT_EW,0.014,0.014
1010,NvcMt_L1_NS,NVCMT_NS,0.034,0.03
1010,304Nvl_L2_NS,304NVL_NS,0.023,-0.016
1010,304Nvl_L3_EW,NONE,0.013,0.0
1010,32Nvl_L2_NS,32NVL_NS,0.013,-0.003
1010,32Nvl_L1_NS,32NVL_NS,0.054,0.035
1010,NvcNvl_L1_NS,NONE,0.009,0.0
1010,32Mt_L2_EW,NONE,0.008,0.0
1010,32Mt_L2_EW,32MT_EW,0.011,0.011
1010,NvcMt_L2_NS,NVCMT_NS,0.027,0.027
1015,304Nvl_L1_EW,304NVL_EW,0.017,0.017
1015,304Nvl_L2_EW,304NVL_EW,0.015,0.015
1015,304Nvl_L1_NS,NONE,0.022,0.0
1015,32Nvl_L3_NS,NONE,0.058,0.0
1015,32Nvl_L2_NS,32NVL_NS,0.055,0.055
1015,NvcNvl_L3_NS,NONE,0.007,0.0
1015,NvcNvl_L2_NS,NONE,0.007,0.0
1015,NvcNvl_L1_EW,NONE,0.021,0.0
1015,NvcNvl_L2_EW,NONE,0.015,0.0
1015,NvcNvl_L1_EW,NVCNVL_EW,0.007,0.007
1015,32Mt_L1_NS,32MT_NS,0.006,-0.018
1015,32Mt_L1_EW,32MT_EW,0.014,0.014
1015,32Mt_L1_NS,NONE,0.01,0.0
1015,NvcMt_L1_NS,NVCMT_NS,0.034,0.03
1015,304Nvl_L3_EW,NONE,0.013,0.0
1015,32Nvl_L1_NS,32NVL_NS,0.054,0.054
1015,NvcNvl_L1_NS,NONE,0.009,0.0
1015,NvcNvl_L3_EW,NONE,0.006,0.0
1015,32Mt_L2_EW,32MT_EW,0.011,0.011
1015,32Mt_L2_NS,NONE,0.009,0.0
1015,NvcMt_L2_NS,NVCMT_NS,0.027,0.027
1020,304Nvl_L1_EW,304NVL_EW,0.034,0.034
1020,304Nvl_L2_EW,304NVL_EW,0.015,0.015
1020,32Nvl_L1_EW,32NVL_EW,0.007,-0.003
1020,32Nvl_L2_EW,32NVL_EW,0.007,0.0
1020,32Nvl_L3_NS,NONE,0.017,0.0
1020,32Nvl_L2_NS,32NVL_NS,0.016,0.016
1020,NvcNvl_L1_EW,NVCNVL_EW,0.014,0.014
1020,NvcNvl_L2_EW,NVCNVL_EW,0.008,0.008
1020,32Mt_L1_EW,32MT_EW,0.014,0.014
1020,32Mt_L1_NS,NONE,0.01,0.0
1020,304Nvl_L3_EW,NONE,0.013,0.0
1020,32Nvl_L3_EW,NONE,0.006,0.0
1020,32Nvl_L1_NS,32NVL_NS,0.02,0.02
1020,NvcNvl_L3_EW,NONE,0.009,0.0
1020,32Mt_L2_EW,32MT_EW,0.011,0.011
1020,NvcMt_L2_EW,NVCMT_EW,0.008,0.002
1025,304Nvl_L1_EW,304NVL_EW,0.034,0.034
1025,304Nvl_L2_EW,304NVL_EW,0.022,0.022
1025,304Nvl_L1_EW,NONE,0.008,0.0
1025,304Nvl_L2_EW,NONE,0.009,0.0
1025,32Nvl_L3_NS,NONE,0.025,0.0
1025,32Nvl_L2_NS,32NVL_NS,0.024,0.024
1025,NvcNvl_L1_EW,NVCNVL_EW,0.014,0.014
1025,NvcNvl_L2_EW,NVCNVL_EW,0.008,0.008
1025,32Mt_L1_EW,32MT_EW,0.014,0.014
1025,32Mt_L1_NS,NONE,0.01,0.0
1025,NvcCmt8_L2_EW,NVCCMT8_EW,0.005,0.005
1025,304Nvl_L3_EW,NONE,0.019,0.0
1025,304Nvl_L3_EW,NONE,0.008,0.0
1025,32Nvl_L1_NS,32NVL_NS,0.027,0.027
1025,NvcNvl_L3_EW,NONE,0.009,0.0
1025,32Mt_L2_EW,32MT_EW,0.011,0.011
1025,NvcCmt8_L1_EW,NVCCMT8_EW,0.008,0.008
1030,304Nvl_L1_EW,304NVL_EW,0.034,0.034
1030,304Nvl_L2_EW,304NVL_EW,0.029,0.029
1030,304Nvl_L1_NS,NONE,0.007,0.0
1030,32Nvl_L1_EW,32NVL_EW,0.007,-0.008
1030,32Nvl_L2_EW,32NVL_EW,0.007,-0.004
1030,32Nvl_L3_NS,NONE,0.042,0.0
1030,32Nvl_L2_NS,32NVL_NS,0.039,0.039
1030,NvcNvl_L1_EW,NVCNVL_EW,0.014,0.01
1030,NvcNvl_L2_EW,NVCNVL_EW,0.008,-0.002
1030,32Mt_L1_EW,32MT_EW,0.021,0.021
1030,32Mt_L1_NS,NONE,0.01,0.0
1030,NvcMt_L1_EW,NVCMT_EW,0.006,-0.009
1030,NvcMt_L2_EW,NVCMT_EW,0.013,0.004
1030,NvcCmt8_L2_EW,NVCCMT8_EW,0.005,-0.004
1030,304Nvl_L3_EW,NONE,0.025,0.0
1030,32Nvl_L3_EW,NONE,0.006,0.0
1030,32Nvl_L1_NS,32NVL_NS,0.04,0.04
1030,NvcNvl_L3_EW,NONE,0.009,0.0
1030,32Mt_L2_EW,32MT_EW,0.016,0.016
1030,NvcMt_L2_EW,NVCMT_EW,0.008,-0.001
1030,NvcMt_L1_EW,NVCMT_EW,0.028,0.013
1030,NvcCmt8_L1_EW,NVCCMT8_EW,0.008,0.003
1035,304Nvl_L1_EW,304NVL_EW,0.051,0.051
1035,304Nvl_L2_EW,304NVL_EW,0.036,0.036
1035,32Nvl_L3_NS,NONE,0.082,0.0
1035,32Nvl_L1_NS,32NVL_NS,0.083,0.083
1035,32Nvl_L1_EW,32NVL_EW,0.007,-0.008
1035,32Nvl_L2_EW,32NVL_EW,0.008,-0.004
1035,32Nvl_L3_NS,NONE,0.05,0.0
1035,32Nvl_L2_NS,32NVL_NS,0.047,0.047
1035,NvcNvl_L3_NS,NONE,0.007,0.0
1035,NvcNvl_L2_NS,NONE,0.086,0.0
1035,32Mt_L1_EW,NONE,0.079,0.0
1035,32Mt_L3_EW,NONE,0.053,0.0
1035,32Mt_L1_EW,32MT_EW,0.021,0.016
1035,NvcMt_L1_EW,NVCMT_EW,0.006,0.001
1035,NvcMt_L2_EW,NVCMT_EW,0.013,0.01
1035,NvcCmt8_L2_EW,NVCCMT8_EW,0.005,-0.004
1035,304Nvl_L3_EW,NONE,0.032,0.0
1035,32Nvl_L2_NS,32NVL_NS,0.08,0.08
1035,32Nvl_L3_EW,NONE,0.006,0.0
1035,32Nvl_L1_NS,32NVL_NS,0.054,0.054
1035,NvcNvl_L1_NS,NONE,0.114,0.0
1035,32Mt_L2_EW,NONE,0.083,0.0
1035,32Mt_L2_EW,32MT_EW,0.016,0.011
1035,NvcMt_L2_EW,NVCMT_EW,0.008,0.004
1035,NvcMt_L1_EW,NVCMT_EW,0.028,0.022
1035,NvcCmt8_L1_EW,NVCCMT8_EW,0.008,0.003
1040,304Nvl_L1_EW,304NVL_EW,0.051,0.051
1040,304Nvl_L2_EW,304NVL_EW,0.036,0.036
1040,32Nvl_L3_NS,NONE,0.014,0.0
1040,32Nvl_L1_NS,32NVL_NS,0.097,0.097
1040,32Nvl_L3_NS,NONE,0.058,0.0
1040,32Nvl_L2_NS,32NVL_NS,0.055,0.055
1040,NvcNvl_L3_NS,NONE,0.095,0.0
1040,NvcNvl_L2_NS,NONE,0.099,0.0
1040,NvcNvl_L1_EW,NONE,0.011,0.0
1040,NvcNvl_L2_EW,NONE,0.008,0.0
1040,32Mt_L1_EW,NONE,0.058,0.0
1040,32Mt_L3_EW,NONE,0.071,0.0
1040,32Mt_L1_EW,32MT_EW,0.021,0.021
1040,NvcMt_L1_EW,NVCMT_EW,0.006,0.006
1040,NvcMt_L2_EW,NVCMT_EW,0.013,0.013
1040,304Nvl_L3_EW,NONE,0.032,0.0
1040,32Nvl_L2_NS,32NVL_NS,0.093,0.093
1040,32Nvl_L1_NS,32NVL_NS,0.06,0.06
1040,NvcNvl_L1_NS,NONE,0.131,0.0
1040,32Mt_L2_EW,NONE,0.06,0.0
1040,32Mt_L2_EW,32MT_EW,0.016,0.016
1040,NvcMt_L2_EW,NVCMT_EW,0.008,0.008
1040,NvcMt_L1_EW,NVCMT_EW,0.028,0.028
1045,304Nvl_L1_EW,304NVL_EW,0.11,0.11
1045,304Nvl_L2_EW,304NVL_EW,0.08,0.08
1045,32Nvl_L3_NS,NONE,0.027,0.0
1045,32Nvl_L1_NS,32NVL_NS,0.111,0.111
1045,32Nvl_L3_NS,NONE,0.1,0.0
1045,32Nvl_L2_NS,32NVL_NS,0.095,0.095
1045,NvcNvl_L3_NS,NONE,0.007,0.0
1045,NvcNvl_L2_NS,NONE,0.007,0.0
1045,32Mt_L1_EW,NONE,0.014,0.0
1045,32Mt_L3_EW,NONE,0.018,0.0
1045,32Mt_L1_EW,32MT_EW,0.021,0.021
1045,NvcMt_L2_NS,NONE,0.005,0.0
1045,304Nvl_L3_EW,NONE,0.07,0.0
1045,32Nvl_L2_NS,32NVL_NS,0.107,0.107
1045,32Nvl_L1_NS,32NVL_NS,0.087,0.087
1045,NvcNvl_L1_NS,NONE,0.009,0.0
1045,32Mt_L2_EW,NONE,0.015,0.0
1045,32Mt_L2_EW,32MT_EW,0.016,0.016
1045,NvcMt_L1_NS,NONE,0.005,0.0
1045,NvcCmt8_L1_EW,NONE,0.006,0.0
1050,304Nvl_L1_EW,304NVL_EW,0.093,0.093
1050,304Nvl_L2_EW,304NVL_EW,0.08,0.08
1050,32Nvl_L3_NS,NONE,0.014,0.0
1050,32Nvl_L1_NS,32NVL_NS,0.104,0.104
1050,32Nvl_L3_NS,NONE,0.109,0.0
1050,32Nvl_L2_NS,32NVL_NS,0.103,0.103
1050,32Mt_L1_NS,32MT_NS,0.006,0.006
1050,32Mt_L1_EW,32MT_EW,0.056,0.056
1050,32Mt_L1_NS,NONE,0.059,0.0
1050,NvcMt_L1_EW,NVCMT_EW,0.006,0.006
1050,32Thn_L1_EW,NONE,0.01,0.0
1050,32Thn_L2_EW,NONE,0.01,0.0
1050,32Thn_L3_EW,NONE,0.007,0.0
1050,304Nvl_L3_EW,NONE,0.07,0.0
1050,32Nvl_L2_NS,32NVL_NS,0.093,0.093
1050,32Nvl_L1_NS,32NVL_NS,0.094,0.094
1050,32Mt_L2_EW,32MT_EW,0.016,0.016
1050,NvcMt_L2_EW,NVCMT_EW,0.008,0.008
1055,304Nvl_L1_EW,304NVL_EW,0.059,0.059
1055,304Nvl_L2_EW,304NVL_EW,0.051,0.051
1055,32Nvl_L3_NS,NONE,0.014,0.0
1055,32Nvl_L1_NS,32NVL_NS,0.104,0.099
1055,32Nvl_L1_EW,32NVL_EW,0.007,-0.042
1055,32Nvl_L2_EW,32NVL_EW,0.008,-0.004
1055,32Nvl_L3_NS,NONE,0.109,0.0
1055,32Nvl_L2_NS,32NVL_NS,0.103,0.103
1055,NvcNvl_L1_EW,NVCNVL_EW,0.007,0.003
1055,NvcNvl_L2_EW,NVCNVL_EW,0.008,0.008
1055,NvcNvl_L1_NS,NVCNVL_NS,0.007,-0.066
1055,32Mt_L1_NS,32MT_NS,0.013,0.013
1055,32Mt_L1_EW,32MT_EW,0.063,0.058
1055,NvcMt_L1_EW,NVCMT_EW,0.006,0.001
1055,32Thn_L1_EW,32THN_EW,0.008,0.003
1055,304Nvl_L3_EW,NONE,0.044,0.0
1055,32Nvl_L2_NS,32NVL_NS,0.093,0.093
1055,32Nvl_L3_EW,NONE,0.006,0.0
1055,32Nvl_L1_NS,32NVL_NS,0.087,0.083
1055,NvcNvl_L3_EW,NONE,0.009,0.0
1055,32Mt_L2_EW,32MT_EW,0.016,0.011
1055,NvcMt_L2_EW,NVCMT_EW,0.008,0.002
1060,304Nvl_L1_NS,NONE,0.015,0.0
1060,32Nvl_L3_NS,NONE,0.014,0.0
1060,32Nvl_L1_NS,32NVL_NS,0.097,0.092
1060,32Nvl_L3_NS,NONE,0.109,0.0
1060,32Nvl_L2_NS,32NVL_NS,0.103,0.103
1060,NvcNvl_L1_NS,NVCNVL_NS,0.007,-0.061
1060,32Mt_L1_EW,32MT_EW,0.063,0.063
1060,NvcMt_L2_NS,NONE,0.005,0.0
1060,NvcMt_L1_EW,NVCMT_EW,0.044,0.044
1060,32Nvl_L2_NS,32NVL_NS,0.093,0.093
1060,32Nvl_L1_NS,32NVL_NS,0.094,0.089
1060,32Mt_L2_EW,32MT_EW,0.044,0.044
1060,NvcMt_L1_NS,NONE,0.005,0.0
1060,NvcMt_L2_EW,NVCMT_EW,0.056,0.056
1065,304Nvl_L1_EW,304NVL_EW,0.008,0.008
1065,304Nvl_L1_NS,NONE,0.015,0.0
1065,32Nvl_L3_NS,NONE,0.014,0.0
1065,32Nvl_L1_NS,32NVL_NS,0.097,0.097
1065,32Nvl_L1_EW,32NVL_EW,0.042,0.023
1065,32Nvl_L2_EW,32NVL_EW,0.046,0.035
1065,32Nvl_L3_NS,NONE,0.117,0.0
1065,32Nvl_L2_NS,32NVL_NS,0.111,0.111
1065,NvcNvl_L1_EW,NONE,0.011,0.0
1065,NvcNvl_L2_EW,NONE,0.008,0.0
1065,32Mt_L1_NS,32MT_NS,0.006,0.006
1065,32Mt_L1_EW,32MT_EW,0.028,-0.002
1065,NvcMt_L1_EW,NVCMT_EW,0.013,0.013
1065,NvcMt_L2_EW,NVCMT_EW,0.032,0.032
1065,32Nvl_L2_NS,32NVL_NS,0.093,0.093
1065,32Nvl_L3_EW,NONE,0.038,0.0
1065,32Nvl_L1_NS,32NVL_NS,0.107,0.107
1065,32Mt_L2_EW,32MT_EW,0.016,-0.016
1065,NvcMt_L2_EW,NVCMT_EW,0.016,0.016
1065,NvcMt_L1_EW,NVCMT_EW,0.067,0.067
1070,304Nvl_L1_EW,304NVL_EW,0.008,0.008
1070,304Nvl_L1_EW,NONE,0.008,0.0
1070,304Nvl_L1_NS,NONE,0.007,0.0
1070,32Nvl_L3_NS,NONE,0.014,0.0
1070,32Nvl_L1_NS,32NVL_NS,0.097,0.097
1070,32Nvl_L1_EW,32NVL_EW,0.007,0.007
1070,32Nvl_L2_EW,32NVL_EW,0.008,0.008
1070,32Nvl_L3_NS,NONE,0.117,0.0
1070,32Nvl_L2_NS,32NVL_NS,0.111,0.111
1070,NvcNvl_L3_NS,NONE,0.007,0.0
1070,NvcNvl_L2_NS,NONE,0.007,0.0
1070,32Mt_L1_NS,NONE,0.01,0.0
1070,NvcMt_L2_EW,NVCMT_EW,0.032,0.032
1070,32Nvl_L2_NS,32NVL_NS,0.093,0.093
1070,32Nvl_L3_EW,NONE,0.006,0.0
1070,32Nvl_L1_NS,32NVL_NS,0.101,0.101
1070,NvcNvl_L1_NS,NONE,0.009,0.0
1070,NvcMt_L1_EW,NVCMT_EW,0.067,0.067
1075,304Nvl_L1_EW,304NVL_EW,0.042,0.042
1075,32Nvl_L3_NS,NONE,0.007,0.0
1075,32Nvl_L1_NS,32NVL_NS,0.09,0.09
1075,32Nvl_L1_EW,32NVL_EW,0.007,0.007
1075,32Nvl_L3_NS,NONE,0.117,0.0
1075,32Nvl_L2_NS,32NVL_NS,0.111,0.111
1075,NvcNvl_L2_NS,NONE,0.007,0.0
1075,NvcNvl_L1_EW,NVCNVL_EW,0.007,0.007
1075,NvcNvl_L2_EW,NVCNVL_EW,0.008,0.008
1075,32Mt_L1_NS,32MT_NS,0.006,0.006
1075,32Mt_L1_EW,NONE,0.043,0.0
1075,32Mt_L3_EW,NONE,0.053,0.0
1075,32Mt_L1_NS,NONE,0.01,0.0
1075,32Nvl_L2_NS,32NVL_NS,0.087,0.087
1075,32Nvl_L1_NS,32NVL_NS,0.134,0.134
1075,NvcNvl_L1_NS,NONE,0.009,0.0
1075,NvcNvl_L3_EW,NONE,0.009,0.0
1075,32Mt_L2_EW,NONE,0.045,0.0
1080,304Nvl_L1_EW,304NVL_EW,0.008,0.008
1080,304Nvl_L2_EW,304NVL_EW,0.007,0.007
1080,32Nvl_L3_NS,NONE,0.007,0.0
1080,32Nvl_L1_NS,32NVL_NS,0.09,0.09
1080,32Nvl_L1_EW,32NVL_EW,0.007,0.002
1080,32Nvl_L3_NS,NONE,0.159,0.0
1080,32Nvl_L2_NS,32NVL_NS,0.15,0.15
1080,NvcNvl_L3_NS,NONE,0.014,0.0
1080,NvcNvl_L2_NS,NONE,0.013,0.0
1080,32Mt_L1_NS,32MT_NS,0.006,0.006
1080,32Mt_L1_EW,NONE,0.079,0.0
1080,32Mt_L3_EW,NONE,0.097,0.0
1080,32Mt_L1_EW,32MT_EW,0.007,0.007
1080,304Nvl_L3_EW,NONE,0.006,0.0
1080,32Nvl_L2_NS,32NVL_NS,0.087,0.087
1080,32Nvl_L1_NS,32NVL_NS,0.168,0.168
1080,NvcNvl_L1_NS,NONE,0.017,0.0
1080,32Mt_L2_EW,NONE,0.083,0.0
1080,32Mt_L2_EW,32MT_EW,0.005,0.005
1080,NvcMt_L1_EW,NVCMT_EW,0.006,0.006
1085,304Nvl_L1_EW,304NVL_EW,0.008,0.008
1085,304Nvl_L2_EW,304NVL_EW,0.007,0.007
1085,304Nvl_L1_NS,NONE,0.007,0.0
1085,304Nvl_L3_NS,NONE,0.008,0.0
1085,32Nvl_L3_NS,NONE,0.007,0.0
1085,32Nvl_L1_NS,32NVL_NS,0.09,0.09
1085,32Nvl_L3_NS,NONE,0.159,0.0
1085,32Nvl_L2_NS,32NVL_NS,0.15,0.15
1085,NvcNvl_L1_EW,NVCNVL_EW,0.007,0.007
1085,NvcNvl_L2_EW,NVCNVL_EW,0.008,0.008
1085,32Mt_L1_EW,NONE,0.043,0.0
1085,32Mt_L3_EW,NONE,0.009,0.0
1085,32Mt_L1_EW,32MT_EW,0.042,0.042
1085,304Nvl_L3_EW,NONE,0.006,0.0
1085,304Nvl_L2_NS,NONE,0.007,0.0
1085,32Nvl_L2_NS,32NVL_NS,0.087,0.087
1085,32Nvl_L1_NS,32NVL_NS,0.168,0.168
1085,32Mt_L2_EW,NONE,0.045,0.0
1085,32Mt_L2_EW,32MT_EW,0.005,0.005
1090,32Nvl_L3_NS,NONE,0.02,0.0
1090,32Nvl_L1_NS,32NVL_NS,0.111,0.111
1090,32Nvl_L3_NS,NONE,0.167,0.0
1090,32Nvl_L2_NS,32NVL_NS,0.158,0.158
1090,NvcNvl_L1_EW,NVCNVL_EW,0.007,-0.015
1090,NvcNvl_L2_EW,NVCNVL_EW,0.008,0.008
1090,32Mt_L1_NS,32MT_NS,0.031,0.031
1090,32Mt_L1_EW,32MT_EW,0.042,0.042
1090,NvcMt_L2_NS,NONE,0.005,0.0
1090,NvcMt_L1_EW,NVCMT_EW,0.032,0.027
1090,32Nvl_L2_NS,32NVL_NS,0.1,0.1
1090,32Nvl_L1_NS,32NVL_NS,0.141,0.141
1090,NvcNvl_L3_EW,NONE,0.009,0.0
1090,32Mt_L2_EW,32MT_EW,0.033,0.033
1090,NvcMt_L1_NS,NONE,0.005,0.0
1090,NvcMt_L2_EW,NVCMT_EW,0.04,0.034
1095,304Nvl_L1_EW,304NVL_EW,0.008,0.008
1095,32Nvl_L3_NS,NONE,0.027,0.0
1095,32Nvl_L1_NS,32NVL_NS,0.118,0.118
1095,32Nvl_L3_NS,NONE,0.175,0.0
1095,32Nvl_L2_NS,32NVL_NS,0.166,0.166
1095,NvcNvl_L3_NS,NONE,0.041,0.0
1095,NvcNvl_L2_NS,NONE,0.04,0.0
1095,32Mt_L1_NS,32MT_NS,0.031,0.031
1095,32Mt_L1_EW,32MT_EW,0.042,0.042
1095,32Thn_L1_EW,32THN_EW,0.008,0.008
1095,32Thn_L2_EW,32THN_EW,0.008,0.008
1095,32Thn_L3_EW,NONE,0.008,0.0
1095,32Nvl_L2_NS,32NVL_NS,0.113,0.113
1095,32Nvl_L1_NS,32NVL_NS,0.148,0.148
1095,NvcNvl_L1_NS,NONE,0.052,0.0
1095,32Mt_L2_EW,32MT_EW,0.033,0.033
1100,304Nvl_L1_EW,304NVL_EW,0.008,0.008
1100,32Nvl_L3_NS,NONE,0.034,0.0
1100,32Nvl_L1_NS,32NVL_NS,0.125,0.125
1100,32Nvl_L3_NS,NONE,0.175,0.0
1100,32Nvl_L2_NS,32NVL_NS,0.166,0.166
1100,NvcNvl_L3_NS,NONE,0.007,0.0
1100,NvcNvl_L2_NS,NONE,0.007,0.0
1100,NvcNvl_L1_EW,NONE,0.011,0.0
1100,NvcNvl_L2_EW,NONE,0.008,0.0
1100,32Mt_L1_NS,32MT_NS,0.031,0.031
1100,32Mt_L1_NS,NONE,0.049,0.0
1100,32Thn_L1_EW,NONE,0.01,0.0
1100,32Nvl_L2_NS,32NVL_NS,0.12,0.12
1100,32Nvl_L1_NS,32NVL_NS,0.141,0.141
1100,NvcNvl_L1_NS,NONE,0.009,0.0
1100,NvcNvl_L3_EW,NONE,0.006,0.0
1100,32Mt_L2_NS,NONE,0.043,0.0
1105,304Nvl_L1_EW,304NVL_EW,0.051,0.051
1105,304Nvl_L2_EW,304NVL_EW,0.044,0.044
1105,32Nvl_L3_NS,NONE,0.027,0.0
1105,32Nvl_L1_NS,32NVL_NS,0.111,0.101
1105,32Nvl_L3_NS,NONE,0.175,0.0
1105,32Nvl_L2_NS,32NVL_NS,0.166,0.166
1105,NvcNvl_L1_EW,NVCNVL_EW,0.042,0.042
1105,NvcNvl_L1_NS,NVCNVL_NS,0.013,-0.064
1105,32Mt_L1_EW,NONE,0.043,0.0
1105,32Mt_L3_EW,NONE,0.053,0.0
1105,32Mt_L1_EW,32MT_EW,0.007,0.007
1105,32Mt_L1_NS,NONE,0.068,0.0
1105,NvcCmt8_L2_NS,NONE,0.011,0.0
1105,NvcCmt8_L1_NS,NONE,0.008,0.0
1105,304Nvl_L3_EW,NONE,0.038,0.0
1105,32Nvl_L2_NS,32NVL_NS,0.107,0.107
1105,32Nvl_L1_NS,32NVL_NS,0.141,0.132
1105,32Mt_L2_EW,NONE,0.045,0.0
1105,32Mt_L2_EW,32MT_EW,0.005,0.005
1105,32Mt_L2_NS,NONE,0.061,0.0
1110,304Nvl_L1_EW,304NVL_EW,0.059,0.059
1110,304Nvl_L2_EW,304NVL_EW,0.051,0.051
1110,32Nvl_L3_NS,NONE,0.014,0.0
1110,32Nvl_L1_NS,32NVL_NS,0.097,0.088
1110,32Nvl_L3_NS,NONE,0.175,0.0
1110,32Nvl_L2_NS,32NVL_NS,0.166,0.166
1110,NvcNvl_L1_NS,NVCNVL_NS,0.013,-0.055
1110,32Mt_L1_NS,32MT_NS,0.031,0.031
1110,32Mt_L1_EW,NONE,0.014,0.0
1110,32Mt_L3_EW,NONE,0.018,0.0
1110,32Mt_L1_EW,32MT_EW,0.007,0.007
1110,32Mt_L1_NS,NONE,0.059,0.0
1110,NvcMt_L2_NS,NONE,0.005,0.0
1110,304Nvl_L3_EW,NONE,0.038,0.0
1110,32Nvl_L2_NS,32NVL_NS,0.093,0.093
1110,32Nvl_L1_NS,32NVL_NS,0.141,0.132
1110,32Mt_L2_EW,NONE,0.015,0.0
1110,32Mt_L2_EW,32MT_EW,0.005,0.005
1110,32Mt_L2_NS,NONE,0.043,0.0
1110,NvcMt_L1_NS,NONE,0.005,0.0
1115,304Nvl_L1_EW,304NVL_EW,0.017,0.017
1115,304Nvl_L2_EW,304NVL_EW,0.015,0.015
1115,304Nvl_L1_NS,NONE,0.036,0.0
1115,32Nvl_L3_NS,NONE,0.007,0.0
1115,32Nvl_L1_NS,32NVL_NS,0.09,0.085
1115,32Nvl_L1_EW,32NVL_EW,0.007,0.007
1115,32Nvl_L2_EW,32NVL_EW,0.008,0.008
1115,32Nvl_L3_NS,NONE,0.175,0.0
1115,32Nvl_L2_NS,32NVL_NS,0.166,0.166
1115,NvcNvl_L3_NS,NONE,0.007,0.0
1115,NvcNvl_L2_NS,NONE,0.007,0.0
1115,NvcNvl_L1_NS,NVCNVL_NS,0.007,-0.056
1115,32Mt_L1_NS,32MT_NS,0.031,0.031
1115,32Mt_L1_EW,NONE,0.007,0.0
1115,32Mt_L1_NS,NONE,0.01,0.0
1115,NvcMt_L2_NS,NONE,0.005,0.0
1115,NvcMt_L1_EW,NVCMT_EW,0.006,0.006
1115,304Nvl_L3_EW,NONE,0.013,0.0
1115,32Nvl_L2_NS,32NVL_NS,0.087,0.087
1115,32Nvl_L3_EW,NONE,0.006,0.0
1115,32Nvl_L1_NS,32NVL_NS,0.148,0.143
1115,NvcNvl_L1_NS,NONE,0.009,0.0
1115,NvcMt_L1_NS,NONE,0.005,0.0
1115,NvcMt_L2_EW,NVCMT_EW,0.008,0.008
1120,304Nvl_L1_NS,NONE,0.08,0.0
1120,32Nvl_L3_NS,NONE,0.007,0.0
1120,32Nvl_L1_NS,32NVL_NS,0.09,0.09
1120,32Nvl_L3_NS,NONE,0.184,0.0
1120,32Nvl_L2_NS,32NVL_NS,0.174,0.174
1120,32Mt_L1_NS,32MT_NS,0.031,0.031
1120,32Mt_L1_EW,NONE,0.014,0.0
1120,32Mt_L1_EW,32MT_EW,0.042,0.042
1120,32Mt_L1_NS,NONE,0.01,0.0
1120,NvcMt_L2_NS,NONE,0.005,0.0
1120,32Thn_L1_EW,32THN_EW,0.008,0.008
1120,32Thn_L2_EW,32THN_EW,0.008,0.008
1120,32Thn_L3_EW,NONE,0.008,0.0
1120,32Nvl_L2_NS,32NVL_NS,0.087,0.087
1120,32Nvl_L1_NS,32NVL_NS,0.154,0.154
1120,32Mt_L2_EW,32MT_EW,0.033,0.033
1120,NvcMt_L1_NS,NONE,0.005,0.0
1125,304Nvl_L1_EW,304NVL_EW,0.017,0.017
1125,304Nvl_L2_EW,304NVL_EW,0.007,0.007
1125,304Nvl_L1_EW,NONE,0.008,0.0
1125,32Nvl_L1_EW,32NVL_EW,0.007,0.001
1125,32Nvl_L2_EW,32NVL_EW,0.008,0.002
1125,32Nvl_L1_EW,32NVL_EW,0.007,0.001
1125,32Nvl_L3_NS,NONE,0.142,0.0
1125,32Nvl_L2_NS,32NVL_NS,0.142,0.142
1125,32Mt_L1_EW,NONE,0.007,0.0
1125,NvcMt_L2_NS,NONE,0.005,0.0
1125,32Thn_L1_EW,32THN_EW,0.008,0.003
1125,32Thn_L2_EW,32THN_EW,0.008,0.003
1125,32Thn_L3_EW,NONE,0.008,0.0
1125,304Nvl_L3_EW,NONE,0.006,0.0
1125,32Nvl_L3_EW,NONE,0.006,0.0
1125,32Nvl_L1_NS,32NVL_NS,0.128,0.128
1125,NvcMt_L1_NS,NONE,0.005,0.0
1125,NvcMt_L1_EW,NVCMT_EW,0.006,0.006
1130,304Nvl_L1_EW,304NVL_EW,0.068,0.068
1130,304Nvl_L2_EW,304NVL_EW,0.051,0.051
1130,32Nvl_L1_NS,32NVL_NS,0.007,0.007
1130,32Nvl_L1_EW,32NVL_EW,0.007,-0.003
1130,32Nvl_L2_EW,32NVL_EW,0.008,-0.002
1130,32Nvl_L3_NS,NONE,0.083,0.0
1130,32Nvl_L2_NS,32NVL_NS,0.079,0.079
1130,NvcNvl_L3_NS,NONE,0.007,0.0
1130,NvcNvl_L2_NS,NONE,0.007,0.0
1130,NvcNvl_L1_EW,NONE,0.011,0.0
1130,NvcNvl_L2_EW,NONE,0.008,0.0
1130,NvcNvl_L1_EW,NVCNVL_EW,0.007,0.007
1130,32Mt_L1_EW,32MT_EW,0.007,0.002
1130,32Thn_L1_EW,NONE,0.01,0.0
1130,32Thn_L2_EW,NONE,0.01,0.0
1130,32Thn_L1_EW,32THN_EW,0.008,0.003
1130,32Thn_L2_EW,32THN_EW,0.008,0.003
1130,32Thn_L3_EW,NONE,0.007,0.0
1130,32Thn_L3_EW,NONE,0.008,0.0
1130,304Nvl_L3_EW,NONE,0.044,0.0
1130,32Nvl_L3_EW,NONE,0.006,0.0
1130,32Nvl_L1_NS,32NVL_NS,0.067,0.067
1130,NvcNvl_L1_NS,NONE,0.009,0.0
1130,32Mt_L2_EW,32MT_EW,0.005,0.0
1135,304Thn_L1_EW,NONE,0.007,0.0
1135,304Thn_L2_EW,NONE,0.008,0.0
1135,304Nvl_L1_EW,304NVL_EW,0.068,0.068
1135,304Nvl_L2_EW,304NVL_EW,0.058,0.058
1135,32Nvl_L1_NS,32NVL_NS,0.021,0.021
1135,32Nvl_L1_EW,32NVL_EW,0.007,-0.003
1135,32Nvl_L2_EW,32NVL_EW,0.008,0.004
1135,32Nvl_L3_NS,NONE,0.075,0.0
1135,32Nvl_L2_NS,32NVL_NS,0.071,0.071
1135,NvcNvl_L1_EW,NONE,0.011,0.0
1135,NvcNvl_L2_EW,NONE,0.008,0.0
1135,NvcNvl_L1_EW,NVCNVL_EW,0.007,0.007
1135,32Mt_L1_EW,32MT_EW,0.007,0.002
1135,NvcMt_L2_EW,NVCMT_EW,0.003,0.003
1135,32Thn_L1_EW,NONE,0.01,0.0
1135,32Thn_L1_EW,32THN_EW,0.008,0.003
1135,304Nvl_L3_EW,NONE,0.051,0.0
1135,32Nvl_L3_EW,NONE,0.006,0.0
1135,32Nvl_L1_NS,32NVL_NS,0.107,0.107
1135,NvcNvl_L3_EW,NONE,0.006,0.0
1135,32Mt_L2_EW,32MT_EW,0.005,0.0
1135,NvcMt_L1_EW,NVCMT_EW,0.006,0.001
1135,304Thn_L3_EW,NONE,0.008,0.0
1140,304Thn_L1_EW,304THN_EW,0.008,0.002
1140,304Nvl_L1_EW,304NVL_EW,0.008,0.003
1140,304Nvl_L2_EW,304NVL_EW,0.007,0.007
1140,32Nvl_L1_NS,32NVL_NS,0.042,0.042
1140,32Nvl_L1_EW,32NVL_EW,0.007,-0.003
1140,32Nvl_L2_EW,32NVL_EW,0.008,0.0
1140,32Nvl_L3_NS,NONE,0.008,0.0
1140,32Nvl_L2_NS,32NVL_NS,0.016,0.016
1140,NvcNvl_L1_EW,NVCNVL_EW,0.007,0.007
1140,32Mt_L1_EW,32MT_EW,0.014,0.009
1140,NvcMt_L2_EW,NVCMT_EW,0.003,0.003
1140,304Nvl_L3_EW,NONE,0.006,0.0
1140,32Nvl_L3_EW,NONE,0.006,0.0
1140,32Nvl_L1_NS,32NVL_NS,0.013,0.013
1140,32Mt_L2_EW,32MT_EW,0.011,0.005
1140,NvcMt_L1_NS,NONE,0.005,0.0
1140,NvcMt_L1_EW,NVCMT_EW,0.006,0.001
1145,32Nvl_L1_NS,32NVL_NS,0.035,0.035
1145,32Nvl_L1_EW,32NVL_EW,0.007,-0.003
1145,32Nvl_L2_EW,32NVL_EW,0.008,0.0
1145,32Mt_L1_NS,32MT_NS,0.006,0.006
1145,32Mt_L1_EW,NONE,0.007,0.0
1145,32Mt_L3_EW,NONE,0.009,0.0
1145,32Mt_L1_EW,32MT_EW,0.014,0.009
1145,NvcMt_L2_NS,NONE,0.005,0.0
1145,NvcMt_L2_EW,NVCMT_EW,0.003,0.003
1145,32Nvl_L3_EW,NONE,0.006,0.0
1145,32Mt_L2_NS,32MT_NS,0.006,0.006
1145,32Mt_L2_EW,NONE,0.008,0.0
1145,32Mt_L2_EW,32MT_EW,0.011,0.005
1145,NvcMt_L1_NS,NONE,0.005,0.0
1145,NvcMt_L1_EW,NVCMT_EW,0.006,0.006
1150,304Nvl_L1_EW,304NVL_EW,0.042,0.042
1150,304Nvl_L1_NS,NONE,0.007,0.0
1150,32Nvl_L3_NS,NONE,0.041,0.0
1150,32Nvl_L1_NS,32NVL_NS,0.076,0.076
1150,32Nvl_L1_EW,32NVL_EW,0.007,-0.003
1150,32Nvl_L2_EW,32NVL_EW,0.008,0.0
1150,32Nvl_L1_EW,32NVL_EW,0.007,-0.003
1150,32Nvl_L2_EW,32NVL_EW,0.007,0.0
1150,32Nvl_L3_NS,NONE,0.008,0.0
1150,32Nvl_L2_NS,32NVL_NS,0.008,0.008
1150,32Mt_L1_EW,32MT_EW,0.014,0.009
1150,NvcMt_L2_NS,NONE,0.005,0.0
1150,32Nvl_L2_NS,32NVL_NS,0.073,0.073
1150,32Nvl_L3_EW,NONE,0.006,0.0
1150,32Nvl_L3_EW,NONE,0.006,0.0
1150,32Nvl_L1_NS,32NVL_NS,0.007,0.007
1150,32Mt_L2_EW,32MT_EW,0.011,0.005
1150,NvcMt_L1_NS,NONE,0.005,0.0
1155,304Nvl_L1_EW,304NVL_EW,0.008,0.008
1155,304Nvl_L1_NS,NONE,0.007,0.0
1155,32Nvl_L1_NS,32NVL_NS,0.042,0.042
1155,32Nvl_L1_EW,32NVL_EW,0.007,-0.003
1155,32Nvl_L2_EW,32NVL_EW,0.008,0.0
1155,32Nvl_L1_EW,32NVL_EW,0.007,-0.003
1155,32Nvl_L2_EW,32NVL_EW,0.007,0.0
1155,32Nvl_L3_NS,NONE,0.05,0.0
1155,32Nvl_L2_NS,32NVL_NS,0.047,0.047
1155,32Mt_L1_EW,NONE,0.007,0.0
1155,32Mt_L1_EW,32MT_EW,0.014,0.009
1155,NvcMt_L1_EW,NVCMT_EW,0.006,0.006
1155,32Nvl_L2_NS,32NVL_NS,0.033,0.033
1155,32Nvl_L3_EW,NONE,0.006,0.0
1155,32Nvl_L3_EW,NONE,0.006,0.0
1155,32Nvl_L1_NS,32NVL_NS,0.04,0.04
1155,32Mt_L2_EW,32MT_EW,0.011,0.005
1155,NvcMt_L2_EW,NVCMT_EW,0.008,0.008
1160,304Nvl_L1_NS,NONE,0.007,0.0
1160,304Nvl_L3_NS,NONE,0.008,0.0
1160,32Nvl_L1_EW,32NVL_EW,0.007,0.007
1160,32Nvl_L2_EW,32NVL_EW,0.008,0.008
1160,32Nvl_L1_EW,32NVL_EW,0.007,0.007
1160,32Nvl_L2_EW,32NVL_EW,0.007,0.007
1160,32Nvl_L3_NS,NONE,0.058,0.0
1160,32Nvl_L2_NS,32NVL_NS,0.055,0.055
1160,32Mt_L1_EW,NONE,0.043,0.0
1160,32Mt_L3_EW,NONE,0.044,0.0
1160,NvcMt_L1_EW,NVCMT_EW,0.006,0.006
1160,304Nvl_L2_NS,NONE,0.007,0.0
1160,32Nvl_L3_EW,NONE,0.006,0.0
1160,32Nvl_L3_EW,NONE,0.006,0.0
1160,32Nvl_L1_NS,32NVL_NS,0.081,0.081
1160,32Mt_L2_EW,NONE,0.038,0.0
1160,NvcMt_L2_EW,NVCMT_EW,0.008,0.008
1165,304Nvl_L1_NS,NONE,0.022,0.0
1165,304Nvl_L3_NS,NONE,0.024,0.0
1165,32Nvl_L1_EW,32NVL_EW,0.007,0.002
1165,32Nvl_L2_EW,32NVL_EW,0.008,0.004
1165,32Nvl_L1_EW,32NVL_EW,0.007,0.002
1165,32Nvl_L2_EW,32NVL_EW,0.007,0.004
1165,32Nvl_L3_NS,NONE,0.008,0.0
1165,32Nvl_L2_NS,32NVL_NS,0.008,0.008
1165,NvcNvl_L3_NS,NONE,0.007,0.0
1165,NvcNvl_L2_NS,NONE,0.007,0.0
1165,32Mt_L1_EW,NONE,0.007,0.0
1165,32Mt_L3_EW,NONE,0.009,0.0
1165,32Mt_L1_EW,32MT_EW,0.007,0.002
1165,304Nvl_L2_NS,NONE,0.022,0.0
1165,32Nvl_L3_EW,NONE,0.006,0.0
1165,32Nvl_L3_EW,NONE,0.006,0.0
1165,32Nvl_L1_NS,32NVL_NS,0.013,0.013
1165,NvcNvl_L1_NS,NONE,0.009,0.0
1165,32Mt_L2_EW,NONE,0.008,0.0
1165,32Mt_L2_EW,32MT_EW,0.005,0.0
1170,304Nvl_L1_EW,304NVL_EW,0.059,0.059
1170,304Nvl_L2_EW,304NVL_EW,0.044,0.044
1170,304Nvl_L1_NS,NONE,0.044,0.0
1170,304Nvl_L3_NS,NONE,0.048,0.0
1170,32Nvl_L1_EW,32NVL_EW,0.007,-0.022
1170,32Nvl_L2_EW,32NVL_EW,0.008,0.004
1170,32Nvl_L1_EW,32NVL_EW,0.007,-0.023
1170,32Nvl_L2_EW,32NVL_EW,0.007,0.004
1170,NvcNvl_L3_NS,NONE,0.014,0.0
1170,NvcNvl_L2_NS,NONE,0.013,0.0
1170,32Mt_L1_NS,32MT_NS,0.006,0.006
1170,32Mt_L1_EW,32MT_EW,0.042,0.037
1170,304Nvl_L3_EW,NONE,0.006,0.0
1170,304Nvl_L2_NS,NONE,0.044,0.0
1170,32Nvl_L3_EW,NONE,0.006,0.0
1170,32Nvl_L3_EW,NONE,0.006,0.0
1170,32Nvl_L1_NS,32NVL_NS,0.013,0.013
1170,NvcNvl_L1_NS,NONE,0.017,0.0
1170,32Mt_L2_EW,32MT_EW,0.005,0.0
1175,304Nvl_L1_EW,304NVL_EW,0.102,0.102
1175,304Nvl_L2_EW,304NVL_EW,0.08,0.08
1175,32Nvl_L1_NS,32NVL_NS,0.014,0.014
1175,32Nvl_L1_EW,32NVL_EW,0.007,-0.022
1175,32Nvl_L2_EW,32NVL_EW,0.008,-0.015
1175,32Nvl_L1_EW,32NVL_EW,0.007,-0.023
1175,32Nvl_L2_EW,32NVL_EW,0.007,-0.015
1175,NvcNvl_L3_NS,NONE,0.007,0.0
1175,NvcNvl_L2_NS,NONE,0.007,0.0
1175,32Mt_L1_NS,32MT_NS,0.006,0.006
1175,32Mt_L1_EW,NONE,0.007,0.0
1175,32Mt_L1_EW,32MT_EW,0.042,0.037
1175,32Mt_L1_NS,NONE,0.02,0.0
1175,NvcMt_L2_NS,NONE,0.005,0.0
1175,32Thn_L1_EW,NONE,0.01,0.0
1175,32Thn_L2_EW,NONE,0.01,0.0
1175,32Thn_L3_EW,NONE,0.007,0.0
1175,304Nvl_L3_EW,NONE,0.07,0.0
1175,32Nvl_L3_EW,NONE,0.006,0.0
1175,32Nvl_L3_EW,NONE,0.006,0.0
1175,32Nvl_L1_NS,32NVL_NS,0.007,0.007
1175,NvcNvl_L1_NS,NONE,0.009,0.0
1175,32Mt_L2_EW,32MT_EW,0.033,0.027
1175,32Mt_L2_NS,NONE,0.017,0.0
1175,NvcMt_L1_NS,NONE,0.005,0.0
1180,304Nvl_L1_EW,304NVL_EW,0.051,0.051
1180,304Nvl_L2_EW,304NVL_EW,0.029,0.029
1180,304Nvl_L1_NS,NONE,0.007,0.0
1180,32Nvl_L1_EW,32NVL_EW,0.007,0.001
1180,32Nvl_L2_EW,32NVL_EW,0.008,0.008
1180,32Nvl_L1_EW,32NVL_EW,0.007,0.001
1180,32Nvl_L2_EW,32NVL_EW,0.007,0.007
1180,NvcNvl_L1_EW,NONE,0.011,0.0
1180,NvcNvl_L2_EW,NONE,0.008,0.0
1180,NvcNvl_L1_EW,NVCNVL_EW,0.021,0.021
1180,NvcNvl_L2_EW,NVCNVL_EW,0.016,0.016
1180,32Mt_L1_EW,NONE,0.007,0.0
1180,32Mt_L1_NS,NONE,0.01,0.0
1180,NvcMt_L2_NS,NONE,0.005,0.0
1180,32Thn_L1_EW,32THN_EW,0.008,0.003
1180,304Nvl_L3_EW,NONE,0.019,0.0
1180,32Nvl_L3_EW,NONE,0.006,0.0
1180,32Nvl_L3_EW,NONE,0.006,0.0
1180,32Nvl_L1_NS,32NVL_NS,0.007,0.007
1180,NvcNvl_L3_EW,NONE,0.019,0.0
1180,32Mt_L2_NS,NONE,0.009,0.0
1180,NvcMt_L1_NS,NONE,0.005,0.0
1185,304Thn_L1_EW,NONE,0.007,0.0
1185,304Thn_L2_EW,NONE,0.008,0.0
1185,304Nvl_L1_EW,304NVL_EW,0.068,0.068
1185,304Nvl_L2_EW,304NVL_EW,0.022,0.022
1185,304Nvl_L1_NS,NONE,0.036,0.0
1185,32Nvl_L3_NS,NONE,0.014,0.0
1185,32Nvl_L1_NS,32NVL_NS,0.014,0.014
1185,32Nvl_L1_EW,32NVL_EW,0.007,-0.003
1185,32Nvl_L2_EW,32NVL_EW,0.008,0.004
1185,32Nvl_L1_EW,32NVL_EW,0.007,-0.003
1185,32Nvl_L2_EW,32NVL_EW,0.007,0.004
1185,NvcNvl_L3_NS,NONE,0.007,0.0
1185,NvcNvl_L2_NS,NONE,0.007,0.0
1185,NvcNvl_L1_EW,NVCNVL_EW,0.007,0.007
1185,32Mt_L1_EW,32MT_EW,0.014,0.009
1185,304Nvl_L3_EW,NONE,0.013,0.0
1185,32Nvl_L2_NS,32NVL_NS,0.013,0.013
1185,32Nvl_L3_EW,NONE,0.006,0.0
1185,32Nvl_L3_EW,NONE,0.006,0.0
1185,NvcNvl_L1_NS,NONE,0.009,0.0
1185,32Mt_L2_EW,32MT_EW,0.005,0.0
1190,304Thn_L1_EW,304THN_EW,0.008,0.008
1190,304Nvl_L1_EW,NONE,0.041,0.0
1190,304Nvl_L1_NS,NONE,0.044,0.0
1190,32Nvl_L1_EW,32NVL_EW,0.007,0.002
1190,32Nvl_L2_EW,32NVL_EW,0.008,0.004
1190,32Nvl_L1_EW,32NVL_EW,0.013,0.009
1190,32Nvl_L2_EW,32NVL_EW,0.015,0.011
1190,NvcNvl_L3_NS,NONE,0.007,0.0
1190,NvcNvl_L2_NS,NONE,0.007,0.0
1190,NvcNvl_L1_EW,NONE,0.011,0.0
1190,NvcNvl_L2_EW,NONE,0.008,0.0
1190,32Mt_L1_EW,32MT_EW,0.007,0.002
1190,32Mt_L1_NS,NONE,0.01,0.0
1190,32Nvl_L3_EW,NONE,0.012,0.0
1190,32Nvl_L3_EW,NONE,0.006,0.0
1190,NvcNvl_L1_NS,NONE,0.009,0.0
1190,32Mt_L2_EW,32MT_EW,0.005,0.0
1190,32Mt_L2_NS,NONE,0.009,0.0
1195,304Nvl_L1_EW,304NVL_EW,0.017,0.017
1195,304Nvl_L2_EW,304NVL_EW,0.007,0.007
1195,304Nvl_L1_NS,NONE,0.015,0.0
1195,32Nvl_L1_EW,32NVL_EW,0.007,0.007
1195,32Nvl_L2_EW,32NVL_EW,0.008,0.008
1195,32Nvl_L1_EW,32NVL_EW,0.013,0.013
1195,32Nvl_L2_EW,32NVL_EW,0.015,0.015
1195,32Nvl_L3_NS,NONE,0.1,0.0
1195,32Nvl_L2_NS,32NVL_NS,0.095,0.095
1195,NvcNvl_L3_NS,NONE,0.007,0.0
1195,NvcNvl_L2_NS,NONE,0.007,0.0
1195,NvcNvl_L1_EW,NVCNVL_EW,0.007,0.003
1195,32Mt_L1_NS,32MT_NS,0.006,0.006
1195,32Mt_L1_NS,NONE,0.049,0.0
1195,NvcMt_L1_EW,NVCMT_EW,0.006,0.001
1195,304Nvl_L3_EW,NONE,0.006,0.0
1195,32Nvl_L3_EW,NONE,0.012,0.0
1195,32Nvl_L3_EW,NONE,0.006,0.0
1195,32Nvl_L1_NS,32NVL_NS,0.094,0.094
1195,NvcNvl_L1_NS,NONE,0.009,0.0
1195,32Mt_L2_NS,NONE,0.043,0.0
1195,NvcMt_L2_EW,NVCMT_EW,0.008,0.008
1200,304Nvl_L1_EW,304NVL_EW,0.008,0.008
1200,304Nvl_L2_EW,304NVL_EW,0.007,0.007
1200,304Nvl_L1_EW,NONE,0.008,0.0
1200,304Nvl_L1_NS,NONE,0.007,0.0
1200,304Nvl_L3_NS,NONE,0.008,0.0
1200,32Nvl_L1_EW,32NVL_EW,0.007,0.007
1200,32Nvl_L2_EW,32NVL_EW,0.008,0.008
1200,32Nvl_L1_EW,32NVL_EW,0.013,0.013
1200,32Nvl_L2_EW,32NVL_EW,0.015,0.015
1200,32Nvl_L3_NS,NONE,0.109,0.0
1200,32Nvl_L2_NS,32NVL_NS,0.103,0.103
1200,NvcNvl_L1_EW,NONE,0.011,0.0
1200,NvcNvl_L2_EW,NONE,0.008,0.0
1200,32Mt_L1_NS,32MT_NS,0.006,0.006
1200,32Mt_L1_EW,NONE,0.043,0.0
1200,32Mt_L3_EW,NONE,0.053,0.0
1200,304Nvl_L3_EW,NONE,0.006,0.0
1200,304Nvl_L2_NS,NONE,0.007,0.0
1200,32Nvl_L3_EW,NONE,0.012,0.0
1200,32Nvl_L3_EW,NONE,0.006,0.0
1200,32Nvl_L1_NS,32NVL_NS,0.087,0.087
1200,32Mt_L2_EW,NONE,0.045,0.0
1205,304Nvl_L1_EW,304NVL_EW,0.008,0.008
1205,304Nvl_L2_EW,304NVL_EW,0.007,0.007
1205,304Nvl_L1_NS,NONE,0.007,0.0
1205,304Nvl_L3_NS,NONE,0.008,0.0
1205,32Nvl_L1_NS,32NVL_NS,0.007,0.007
1205,32Nvl_L1_EW,32NVL_EW,0.007,0.007
1205,32Nvl_L2_EW,32NVL_EW,0.008,0.008
1205,32Nvl_L1_EW,32NVL_EW,0.013,0.013
1205,32Nvl_L2_EW,32NVL_EW,0.015,0.015
1205,32Nvl_L3_NS,NONE,0.008,0.0
1205,32Nvl_L2_NS,32NVL_NS,0.008,0.008
1205,32Mt_L1_NS,32MT_NS,0.006,0.006
1205,32Mt_L1_EW,NONE,0.007,0.0
1205,32Mt_L3_EW,NONE,0.009,0.0
1205,32Mt_L1_NS,NONE,0.02,0.0
1205,304Nvl_L3_EW,NONE,0.006,0.0
1205,304Nvl_L2_NS,NONE,0.007,0.0
1205,32Nvl_L2_NS,32NVL_NS,0.007,0.007
1205,32Nvl_L3_EW,NONE,0.012,0.0
1205,32Nvl_L3_EW,NONE,0.006,0.0
1205,32Nvl_L1_NS,32NVL_NS,0.007,0.007
1205,32Mt_L2_EW,NONE,0.008,0.0
1205,32Mt_L2_NS,NONE,0.017,0.0
1210,304Nvl_L1_EW,304NVL_EW,0.017,0.017
1210,32Nvl_L1_EW,32NVL_EW,0.007,-0.017
1210,32Nvl_L2_EW,32NVL_EW,0.008,0.008
1210,32Nvl_L1_EW,32NVL_EW,0.013,-0.011
1210,32Nvl_L2_EW,32NVL_EW,0.015,0.015
1210,32Nvl_L3_NS,NONE,0.008,0.0
1210,32Nvl_L2_NS,32NVL_NS,0.008,0.008
1210,32Mt_L1_EW,NONE,0.007,0.0
1210,32Mt_L1_EW,32MT_EW,0.035,0.03
1210,32Nvl_L3_EW,NONE,0.012,0.0
1210,32Nvl_L3_EW,NONE,0.006,0.0
1210,32Nvl_L1_NS,32NVL_NS,0.013,0.013
1215,304Nvl_L1_EW,304NVL_EW,0.008,0.008
1215,304Nvl_L1_NS,NONE,0.007,0.0
1215,32Nvl_L1_NS,32NVL_NS,0.007,0.007
1215,32Nvl_L1_EW,32NVL_EW,0.007,-0.017
1215,32Nvl_L2_EW,32NVL_EW,0.008,-0.011
1215,32Nvl_L1_EW,32NVL_EW,0.013,-0.011
1215,32Nvl_L2_EW,32NVL_EW,0.015,-0.004
1215,32Mt_L1_NS,32MT_NS,0.006,0.001
1215,32Mt_L1_EW,32MT_EW,0.035,0.03
1215,32Mt_L1_NS,NONE,0.01,0.0
1215,NvcMt_L2_NS,NONE,0.026,0.0
1215,NvcMt_L1_NS,NVCMT_NS,0.007,0.002
1215,32Nvl_L3_EW,NONE,0.012,0.0
1215,32Nvl_L3_EW,NONE,0.006,0.0
1215,32Mt_L2_EW,32MT_EW,0.027,0.022
1215,NvcMt_L1_NS,NONE,0.027,0.0
1215,NvcMt_L2_NS,NVCMT_NS,0.005,0.005
1220,32Nvl_L3_NS,NONE,0.041,0.0
1220,32Nvl_L1_NS,32NVL_NS,0.048,0.048
1220,32Nvl_L1_EW,32NVL_EW,0.007,0.007
1220,32Nvl_L2_EW,32NVL_EW,0.008,0.008
1220,32Nvl_L1_EW,32NVL_EW,0.013,0.013
1220,32Nvl_L2_EW,32NVL_EW,0.015,0.015
1220,32Nvl_L3_NS,NONE,0.008,0.0
1220,32Nvl_L2_NS,32NVL_NS,0.008,0.008
1220,NvcNvl_L3_NS,NONE,0.088,0.0
1220,NvcNvl_L2_NS,NONE,0.086,0.0
1220,32Mt_L1_NS,32MT_NS,0.006,0.001
1220,32Mt_L1_NS,NONE,0.117,0.0
1220,NvcMt_L2_NS,NONE,0.058,0.0
1220,NvcMt_L1_NS,NVCMT_NS,0.007,0.002
1220,32Nvl_L2_NS,32NVL_NS,0.047,0.047
1220,32Nvl_L3_EW,NONE,0.012,0.0
1220,32Nvl_L3_EW,NONE,0.006,0.0
1220,32Nvl_L1_NS,32NVL_NS,0.013,0.013
1220,NvcNvl_L1_NS,NONE,0.114,0.0
1220,32Mt_L2_NS,NONE,0.104,0.0
1220,NvcMt_L1_NS,NONE,0.06,0.0
1220,NvcMt_L2_NS,NVCMT_NS,0.005,0.005
1225,304Nvl_L1_EW,304NVL_EW,0.008,0.008
1225,304Nvl_L2_EW,304NVL_EW,0.007,0.007
1225,32Nvl_L3_NS,NONE,0.027,0.0
1225,32Nvl_L1_NS,32NVL_NS,0.062,0.062
1225,32Nvl_L1_EW,32NVL_EW,0.007,0.002
1225,32Nvl_L2_EW,32NVL_EW,0.008,0.004
1225,32Nvl_L3_NS,NONE,0.109,0.0
1225,32Nvl_L2_NS,32NVL_NS,0.103,0.103
1225,NvcNvl_L3_NS,NONE,0.007,0.0
1225,NvcNvl_L2_NS,NONE,0.007,0.0
1225,32Mt_L1_EW,32MT_EW,0.007,0.002
1225,32Mt_L1_NS,NONE,0.176,0.0
1225,NvcMt_L2_NS,NONE,0.005,0.0
1225,NvcMt_L1_NS,NVCMT_NS,0.007,0.007
1225,304Nvl_L3_EW,NONE,0.006,0.0
1225,32Nvl_L2_NS,32NVL_NS,0.06,0.06
1225,32Nvl_L3_EW,NONE,0.006,0.0
1225,32Nvl_L1_NS,32NVL_NS,0.087,0.087
1225,NvcNvl_L1_NS,NONE,0.009,0.0
1225,32Mt_L2_EW,32MT_EW,0.005,0.0
1225,32Mt_L2_NS,NONE,0.156,0.0
1225,NvcMt_L1_NS,NONE,0.005,0.0
1225,NvcMt_L2_NS,NVCMT_NS,0.005,0.005
1230,304Nvl_L1_EW,304NVL_EW,0.008,0.008
1230,304Nvl_L2_EW,304NVL_EW,0.007,0.007
1230,32Nvl_L3_NS,NONE,0.02,0.0
1230,32Nvl_L1_NS,32NVL_NS,0.062,0.062
1230,32Nvl_L1_EW,32NVL_EW,0.007,0.007
1230,32Nvl_L2_EW,32NVL_EW,0.008,0.008
1230,32Nvl_L3_NS,NONE,0.125,0.0
1230,32Nvl_L2_NS,32NVL_NS,0.118,0.118
1230,NvcNvl_L1_EW,NVCNVL_EW,0.035,0.035
1230,NvcNvl_L2_EW,NVCNVL_EW,0.039,0.039
1230,32Mt_L1_EW,NONE,0.014,0.0
1230,32Mt_L3_EW,NONE,0.018,0.0
1230,32Mt_L1_NS,NONE,0.059,0.0
1230,NvcMt_L1_NS,NVCMT_NS,0.007,0.007
1230,304Nvl_L3_EW,NONE,0.006,0.0
1230,32Nvl_L2_NS,32NVL_NS,0.06,0.06
1230,32Nvl_L3_EW,NONE,0.006,0.0
1230,32Nvl_L1_NS,32NVL_NS,0.101,0.101
1230,NvcNvl_L3_EW,NONE,0.047,0.0
1230,32Mt_L2_EW,NONE,0.015,0.0
1230,32Mt_L2_NS,NONE,0.052,0.0
1230,NvcMt_L2_NS,NVCMT_NS,0.005,0.005
1235,304Nvl_L1_EW,304NVL_EW,0.008,0.008
1235,304Nvl_L2_EW,304NVL_EW,0.007,0.007
1235,304Nvl_L1_EW,NONE,0.008,0.0
1235,304Nvl_L1_NS,NONE,0.007,0.0
1235,32Nvl_L3_NS,NONE,0.027,0.0
1235,32Nvl_L1_NS,32NVL_NS,0.062,0.062
1235,32Nvl_L1_EW,32NVL_EW,0.007,0.007
1235,32Nvl_L2_EW,32NVL_EW,0.008,0.008
1235,32Nvl_L3_NS,NONE,0.117,0.0
1235,32Nvl_L2_NS,32NVL_NS,0.111,0.111
1235,NvcNvl_L1_EW,NVCNVL_EW,0.035,0.031
1235,NvcNvl_L2_EW,NVCNVL_EW,0.039,0.039
1235,32Mt_L1_NS,32MT_NS,0.075,0.075
1235,32Mt_L1_EW,NONE,0.007,0.0
1235,NvcMt_L1_EW,NVCMT_EW,0.006,-0.018
1235,304Nvl_L3_EW,NONE,0.006,0.0
1235,32Nvl_L2_NS,32NVL_NS,0.06,0.06
1235,32Nvl_L3_EW,NONE,0.006,0.0
1235,32Nvl_L1_NS,32NVL_NS,0.101,0.101
1235,NvcNvl_L3_EW,NONE,0.047,0.0
1235,NvcMt_L2_EW,NVCMT_EW,0.008,-0.019
1240,304Nvl_L1_EW,304NVL_EW,0.017,0.017
1240,304Nvl_L2_EW,304NVL_EW,0.015,0.015
1240,304Nvl_L1_NS,NONE,0.007,0.0
1240,304Nvl_L3_NS,NONE,0.008,0.0
1240,32Nvl_L3_NS,NONE,0.014,0.0
1240,32Nvl_L1_NS,32NVL_NS,0.048,0.048
1240,32Nvl_L1_EW,32NVL_EW,0.014,0.009
1240,32Nvl_L2_EW,32NVL_EW,0.015,0.015
1240,32Nvl_L3_NS,NONE,0.1,0.0
1240,32Nvl_L2_NS,32NVL_NS,0.095,0.095
1240,NvcNvl_L1_EW,NONE,0.011,0.0
1240,NvcNvl_L2_EW,NONE,0.008,0.0
1240,NvcNvl_L1_EW,NVCNVL_EW,0.127,0.127
1240,NvcNvl_L2_EW,NVCNVL_EW,0.047,0.047
1240,32Mt_L1_NS,32MT_NS,0.075,0.075
1240,32Mt_L1_EW,NONE,0.014,0.0
1240,32Mt_L1_EW,32MT_EW,0.007,-0.003
1240,32Mt_L1_NS,NONE,0.01,0.0
1240,NvcMt_L2_NS,NONE,0.011,0.0
1240,304Nvl_L3_EW,NONE,0.013,0.0
1240,304Nvl_L2_NS,NONE,0.007,0.0
1240,32Nvl_L2_NS,32NVL_NS,0.047,0.047
1240,32Nvl_L3_EW,NONE,0.013,0.0
1240,32Nvl_L1_NS,32NVL_NS,0.101,0.101
1240,NvcNvl_L3_EW,NONE,0.006,0.0
1240,NvcNvl_L3_EW,NONE,0.056,0.0
1240,32Mt_L2_EW,NONE,0.008,0.0
1240,NvcMt_L1_NS,NONE,0.011,0.0
1245,304Nvl_L1_EW,304NVL_EW,0.017,0.017
1245,304Nvl_L2_EW,304NVL_EW,0.015,0.015
1245,32Nvl_L1_EW,32NVL_EW,0.014,0.009
1245,32Nvl_L2_EW,32NVL_EW,0.015,0.012
1245,NvcNvl_L3_NS,NONE,0.007,0.0
1245,NvcNvl_L2_NS,NONE,0.007,0.0
1245,NvcNvl_L1_EW,NVCNVL_EW,0.127,0.127
1245,NvcNvl_L2_EW,NVCNVL_EW,0.047,0.047
1245,32Mt_L1_NS,32MT_NS,0.075,0.075
1245,32Mt_L1_EW,32MT_EW,0.007,-0.003
1245,32Mt_L1_NS,NONE,0.01,0.0
1245,NvcMt_L2_NS,NONE,0.005,0.0
1245,304Nvl_L3_EW,NONE,0.013,0.0
1245,32Nvl_L3_EW,NONE,0.013,0.0
1245,32Nvl_L1_NS,32NVL_NS,0.007,0.007
1245,NvcNvl_L1_NS,NONE,0.009,0.0
1245,NvcNvl_L3_EW,NONE,0.056,0.0
1245,32Mt_L2_EW,32MT_EW,0.005,-0.005
1245,32Mt_L2_NS,NONE,0.009,0.0
1245,NvcMt_L1_NS,NONE,0.005,0.0
1250,304Nvl_L1_EW,304NVL_EW,0.008,0.008
1250,32Nvl_L1_EW,32NVL_EW,0.007,-0.008
1250,32Nvl_L2_EW,32NVL_EW,0.008,0.0
1250,NvcNvl_L1_EW,NVCNVL_EW,0.134,0.129
1250,NvcNvl_L2_EW,NVCNVL_EW,0.055,0.055
1250,32Mt_L1_EW,NONE,0.014,0.0
1250,32Mt_L3_EW,NONE,0.018,0.0
1250,32Mt_L1_EW,32MT_EW,0.021,0.016
1250,NvcMt_L1_EW,NVCMT_EW,0.006,-0.087
1250,32Nvl_L3_EW,NONE,0.006,0.0
1250,32Nvl_L1_NS,32NVL_NS,0.007,0.007
1250,NvcNvl_L3_EW,NONE,0.065,0.0
1250,32Mt_L2_EW,NONE,0.015,0.0
1250,32Mt_L2_EW,32MT_EW,0.011,0.005
1250,NvcMt_L2_EW,NVCMT_EW,0.008,-0.03
1255,304Thn_L1_EW,NONE,0.034,0.0
1255,304Thn_L2_EW,NONE,0.041,0.0
1255,304Nvl_L1_EW,304NVL_EW,0.017,0.017
1255,304Nvl_L2_EW,304NVL_EW,0.007,0.007
1255,32Nvl_L1_EW,32NVL_EW,0.007,-0.008
1255,32Nvl_L2_EW,32NVL_EW,0.008,-0.004
1255,32Nvl_L3_NS,NONE,0.008,0.0
1255,32Nvl_L2_NS,32NVL_NS,0.008,0.008
1255,NvcNvl_L1_EW,NONE,0.011,0.0
1255,NvcNvl_L2_EW,NONE,0.008,0.0
1255,NvcNvl_L1_EW,NVCNVL_EW,0.049,0.045
1255,NvcNvl_L2_EW,NVCNVL_EW,0.055,0.055
1255,32Mt_L1_NS,32MT_NS,0.006,0.006
1255,32Mt_L1_EW,32MT_EW,0.021,0.016
1255,32Mt_L1_NS,NONE,0.01,0.0
1255,NvcMt_L1_EW,NVCMT_EW,0.006,-0.028
1255,NvcCmt8_L1_NS,NONE,0.008,0.0
1255,304Nvl_L3_EW,NONE,0.006,0.0
1255,32Nvl_L3_EW,NONE,0.006,0.0
1255,32Nvl_L1_NS,32NVL_NS,0.047,0.047
1255,NvcNvl_L3_EW,NONE,0.065,0.0
1255,32Mt_L2_EW,32MT_EW,0.016,0.011
1255,32Mt_L2_NS,NONE,0.009,0.0
1255,NvcMt_L2_EW,NVCMT_EW,0.008,-0.03
1255,304Thn_L3_EW,NONE,0.041,0.0
1260,304Thn_L1_EW,304THN_EW,0.041,0.035
1260,304Thn_L1_EW,NONE,0.007,0.0
1260,304Thn_L2_EW,NONE,0.008,0.0
1260,304Nvl_L1_EW,304NVL_EW,0.008,-0.02
1260,304Nvl_L2_EW,304NVL_EW,0.007,0.007
1260,304Nvl_L1_NS,NONE,0.007,0.0
1260,32Nvl_L3_NS,NONE,0.007,0.0
1260,32Nvl_L1_NS,32NVL_NS,0.007,0.007
1260,32Nvl_L1_EW,32NVL_EW,0.007,-0.012
1260,32Nvl_L2_EW,32NVL_EW,0.008,-0.004
1260,32Nvl_L3_NS,NONE,0.008,0.0
1260,32Nvl_L2_NS,32NVL_NS,0.008,0.008
1260,NvcNvl_L3_NS,NONE,0.007,0.0
1260,NvcNvl_L2_NS,NONE,0.007,0.0
1260,NvcNvl_L1_EW,NVCNVL_EW,0.049,0.045
1260,NvcNvl_L2_EW,NVCNVL_EW,0.055,0.055
1260,32Mt_L1_EW,NONE,0.007,0.0
1260,32Mt_L3_EW,NONE,0.009,0.0
1260,32Mt_L1_EW,32MT_EW,0.028,0.023
1260,NvcMt_L1_EW,NVCMT_EW,0.006,-0.028
1260,NvcCmt8_L2_NS,NONE,0.011,0.0
1260,NvcCmt8_L1_NS,NONE,0.008,0.0
1260,304Nvl_L3_EW,NONE,0.006,0.0
1260,32Nvl_L2_NS,32NVL_NS,0.007,0.007
1260,32Nvl_L3_EW,NONE,0.006,0.0
1260,32Nvl_L1_NS,32NVL_NS,0.04,0.04
1260,NvcNvl_L1_NS,NONE,0.009,0.0
1260,NvcNvl_L3_EW,NONE,0.065,0.0
1260,32Mt_L2_EW,NONE,0.008,0.0
1260,32Mt_L2_EW,32MT_EW,0.016,0.011
1260,NvcMt_L2_EW,NVCMT_EW,0.008,-0.03
1260,304Thn_L3_EW,NONE,0.008,0.0
1265,304Thn_L1_EW,304THN_EW,0.041,0.041
1265,304Nvl_L1_NS,NONE,0.015,0.0
1265,32Nvl_L1_NS,32NVL_NS,0.007,0.002
1265,32Nvl_L1_EW,32NVL_EW,0.007,-0.017
1265,32Nvl_L2_EW,32NVL_EW,0.008,-0.011
1265,NvcNvl_L1_EW,NVCNVL_EW,0.056,0.052
1265,NvcNvl_L2_EW,NVCNVL_EW,0.062,0.062
1265,NvcNvl_L1_NS,NVCNVL_NS,0.007,0.002
1265,32Mt_L1_EW,NONE,0.007,0.0
1265,32Mt_L1_EW,32MT_EW,0.035,0.03
1265,NvcMt_L1_EW,NVCMT_EW,0.006,-0.033
1265,32Nvl_L3_EW,NONE,0.006,0.0
1265,NvcNvl_L3_EW,NONE,0.074,0.0
1265,32Mt_L2_EW,32MT_EW,0.027,0.022
1265,NvcMt_L2_EW,NVCMT_EW,0.008,-0.036
1270,304Thn_L1_EW,304THN_EW,0.041,0.035
1270,304Nvl_L1_EW,304NVL_EW,0.008,-0.02
1270,304Nvl_L2_EW,304NVL_EW,0.007,0.007
1270,304Nvl_L1_NS,NONE,0.007,0.0
1270,32Nvl_L1_EW,32NVL_EW,0.014,-0.02
1270,32Nvl_L2_EW,32NVL_EW,0.015,-0.007
1270,NvcNvl_L1_EW,NVCNVL_EW,0.056,0.056
1270,NvcNvl_L2_EW,NVCNVL_EW,0.062,0.062
1270,32Mt_L1_EW,32MT_EW,0.049,0.039
1270,32Mt_L1_NS,NONE,0.01,0.0
1270,NvcCmt8_L2_EW,NONE,0.007,0.0
1270,304Nvl_L3_EW,NONE,0.006,0.0
1270,32Nvl_L3_EW,NONE,0.013,0.0
1270,32Nvl_L1_NS,32NVL_NS,0.007,0.007
1270,NvcNvl_L3_EW,NONE,0.074,0.0
1270,32Mt_L2_EW,32MT_EW,0.033,0.022
1270,32Mt_L2_NS,NONE,0.009,0.0
1270,NvcCmt8_L1_EW,NONE,0.006,0.0
1275,32Nvl_L1_EW,32NVL_EW,0.021,-0.008
1275,32Nvl_L2_EW,32NVL_EW,0.023,0.0
1275,NvcNvl_L1_EW,NVCNVL_EW,0.056,0.052
1275,NvcNvl_L2_EW,NVCNVL_EW,0.062,0.062
1275,32Mt_L1_EW,NONE,0.014,0.0
1275,32Mt_L3_EW,NONE,0.009,0.0
1275,32Mt_L1_EW,32MT_EW,0.042,0.027
1275,32Mt_L1_NS,NONE,0.02,0.0
1275,NvcMt_L1_EW,NVCMT_EW,0.006,-0.033
1275,32Nvl_L3_EW,NONE,0.013,0.0
1275,NvcNvl_L3_EW,NONE,0.074,0.0
1275,32Mt_L2_EW,NONE,0.015,0.0
1275,32Mt_L2_EW,32MT_EW,0.033,0.016
1275,32Mt_L2_NS,NONE,0.017,0.0
1275,NvcMt_L2_EW,NVCMT_EW,0.008,-0.036
1280,304Nvl_L1_NS,NONE,0.007,0.0
1280,32Nvl_L1_EW,32NVL_EW,0.007,-0.022
1280,32Nvl_L2_EW,32NVL_EW,0.015,-0.007
1280,32Nvl_L3_NS,NONE,0.008,0.0
1280,32Nvl_L2_NS,32NVL_NS,0.008,0.008
1280,NvcNvl_L1_EW,NVCNVL_EW,0.056,0.052
1280,NvcNvl_L2_EW,NVCNVL_EW,0.062,0.062
1280,32Mt_L1_EW,NONE,0.007,0.0
1280,32Mt_L3_EW,NONE,0.009,0.0
1280,32Mt_L1_EW,32MT_EW,0.042,0.037
1280,NvcMt_L2_NS,NONE,0.005,0.0
1280,NvcMt_L1_EW,NVCMT_EW,0.006,-0.038
1280,32Nvl_L3_EW,NONE,0.006,0.0
1280,32Nvl_L1_NS,32NVL_NS,0.013,0.013
1280,NvcNvl_L3_EW,NONE,0.074,0.0
1280,32Mt_L2_EW,NONE,0.008,0.0
1280,32Mt_L2_EW,32MT_EW,0.033,0.022
1280,NvcMt_L1_NS,NONE,0.005,0.0
1280,NvcMt_L2_EW,NVCMT_EW,0.008,-0.036
1280,NvcCmt8_L1_EW,NVCCMT8_EW,0.008,0.003
1285,304Nvl_L1_NS,NONE,0.007,0.0
1285,304Nvl_L3_NS,NONE,0.008,0.0
1285,32Nvl_L1_EW,32NVL_EW,0.007,-0.028
1285,32Nvl_L2_EW,32NVL_EW,0.008,-0.017
1285,NvcNvl_L3_NS,NONE,0.081,0.0
1285,NvcNvl_L2_NS,NONE,0.079,0.0
1285,NvcNvl_L1_EW,NVCNVL_EW,0.049,0.049
1285,NvcNvl_L2_EW,NVCNVL_EW,0.055,0.055
1285,32Mt_L1_EW,NONE,0.014,0.0
1285,32Mt_L3_EW,NONE,0.009,0.0
1285,32Mt_L1_EW,32MT_EW,0.042,0.037
1285,32Mt_L1_NS,NONE,0.01,0.0
1285,32Thn_L1_EW,32THN_EW,0.008,0.003
1285,32Thn_L2_EW,32THN_EW,0.008,0.003
1285,32Thn_L3_EW,NONE,0.008,0.0
1285,304Nvl_L2_NS,NONE,0.007,0.0
1285,32Nvl_L3_EW,NONE,0.006,0.0
1285,32Nvl_L1_NS,32NVL_NS,0.007,0.007
1285,NvcNvl_L1_NS,NONE,0.105,0.0
1285,NvcNvl_L3_EW,NONE,0.065,0.0
1285,32Mt_L2_EW,NONE,0.015,0.0
1285,32Mt_L2_EW,32MT_EW,0.027,0.022
1290,32Nvl_L3_NS,NONE,0.007,0.0
1290,32Nvl_L1_NS,32NVL_NS,0.014,0.014
1290,32Nvl_L1_EW,32NVL_EW,0.007,-0.042
1290,32Nvl_L2_EW,32NVL_EW,0.008,-0.025
1290,NvcNvl_L1_EW,NVCNVL_EW,0.035,0.031
1290,NvcNvl_L2_EW,NVCNVL_EW,0.047,0.047
1290,32Mt_L1_NS,32MT_NS,0.075,0.075
1290,32Mt_L1_EW,NONE,0.007,0.0
1290,32Mt_L1_EW,32MT_EW,0.063,0.058
1290,32Mt_L1_NS,NONE,0.029,0.0
1290,NvcMt_L1_EW,NVCMT_EW,0.006,-0.018
1290,NvcCmt8_L2_NS,NONE,0.011,0.0
1290,32Thn_L1_EW,32THN_EW,0.008,0.003
1290,32Thn_L2_EW,32THN_EW,0.008,0.003
1290,NvcCmt8_L1_NS,NONE,0.008,0.0
1290,32Thn_L3_EW,NONE,0.008,0.0
1290,32Nvl_L2_NS,32NVL_NS,0.007,0.007
1290,32Nvl_L3_EW,NONE,0.006,0.0
1290,NvcNvl_L3_EW,NONE,0.009,0.0
1290,32Mt_L2_NS,32MT_NS,0.078,0.078
1290,32Mt_L2_EW,NONE,0.008,0.0
1290,32Mt_L2_EW,32MT_EW,0.038,0.033
1290,32Mt_L2_NS,NONE,0.009,0.0
1290,NvcMt_L2_EW,NVCMT_EW,0.008,-0.025
1295,304Thn_L1_EW,NONE,0.007,0.0
1295,304Thn_L2_EW,NONE,0.008,0.0
1295,304Nvl_L1_EW,304NVL_EW,0.008,0.008
1295,32Nvl_L3_NS,NONE,0.014,0.0
1295,32Nvl_L1_NS,32NVL_NS,0.021,0.021
1295,32Nvl_L1_EW,32NVL_EW,0.007,-0.032
1295,32Nvl_L2_EW,32NVL_EW,0.008,-0.011
1295,32Nvl_L3_NS,NONE,0.017,0.0
1295,32Nvl_L2_NS,32NVL_NS,0.016,0.016
1295,NvcNvl_L1_EW,NVCNVL_EW,0.007,0.007
1295,NvcNvl_L2_EW,NVCNVL_EW,0.008,0.008
1295,32Mt_L1_NS,32MT_NS,0.082,0.082
1295,32Mt_L1_EW,32MT_EW,0.056,0.051
1295,32Mt_L1_NS,NONE,0.02,0.0
1295,NvcMt_L2_NS,NONE,0.005,0.0
1295,32Thn_L1_EW,NONE,0.01,0.0
1295,32Nvl_L2_NS,32NVL_NS,0.02,0.02
1295,32Nvl_L3_EW,NONE,0.006,0.0
1295,32Nvl_L1_NS,32NVL_NS,0.013,0.013
1295,NvcNvl_L3_EW,NONE,0.009,0.0
1295,32Mt_L2_NS,32MT_NS,0.078,0.078
1295,32Mt_L2_EW,32MT_EW,0.027,0.022
1295,32Mt_L2_NS,NONE,0.009,0.0
1295,NvcMt_L1_NS,NONE,0.005,0.0
1300,32Nvl_L3_NS,NONE,0.007,0.0
1300,32Nvl_L1_NS,32NVL_NS,0.014,0.014
1300,32Nvl_L1_EW,32NVL_EW,0.007,-0.017
1300,32Nvl_L2_EW,32NVL_EW,0.008,0.0
1300,NvcNvl_L3_NS,NONE,0.007,0.0
1300,NvcNvl_L2_NS,NONE,0.007,0.0
1300,NvcNvl_L1_EW,NVCNVL_EW,0.014,0.014
1300,NvcNvl_L2_EW,NVCNVL_EW,0.016,0.016
1300,32Mt_L1_NS,32MT_NS,0.088,0.088
1300,32Mt_L1_EW,NONE,0.007,0.0
1300,32Mt_L1_EW,32MT_EW,0.035,0.03
1300,32Mt_L1_NS,NONE,0.01,0.0
1300,NvcMt_L2_NS,NONE,0.005,0.0
1300,32Thn_L1_NS,32THN_NS,0.01,0.01
1300,32Thn_L1_EW,NONE,0.01,0.0
1300,32Thn_L2_NS,32THN_NS,0.013,0.013
1300,32Nvl_L2_NS,32NVL_NS,0.013,0.013
1300,32Nvl_L3_EW,NONE,0.006,0.0
1300,NvcNvl_L1_NS,NONE,0.009,0.0
1300,NvcNvl_L3_EW,NONE,0.009,0.0
1300,32Mt_L2_NS,32MT_NS,0.078,0.078
1300,32Mt_L2_EW,32MT_EW,0.011,0.005
1300,32Mt_L2_NS,NONE,0.009,0.0
1300,NvcMt_L1_NS,NONE,0.005,0.0
1305,304Thn_L1_EW,304THN_EW,0.008,-0.021
1305,304Nvl_L1_EW,304NVL_EW,0.042,0.037
1305,304Nvl_L2_EW,304NVL_EW,0.036,0.036
1305,32Nvl_L1_EW,32NVL_EW,0.007,0.007
1305,32Nvl_L2_EW,32NVL_EW,0.008,0.008
1305,32Nvl_L3_NS,NONE,0.008,0.0
1305,32Nvl_L2_NS,32NVL_NS,0.008,0.008
1305,NvcNvl_L3_NS,NONE,0.041,0.0
1305,NvcNvl_L2_NS,NONE,0.04,0.0
1305,NvcNvl_L1_EW,NONE,0.064,0.0
1305,NvcNvl_L2_EW,NONE,0.046,0.0
1305,NvcNvl_L1_NS,NVCNVL_NS,0.033,0.033
1305,32Mt_L1_NS,32MT_NS,0.088,0.083
1305,32Mt_L1_EW,NONE,0.014,0.0
1305,NvcMt_L1_NS,NVCMT_NS,0.007,-0.055
1305,32Thn_L1_NS,32THN_NS,0.01,0.01
1305,32Thn_L1_EW,NONE,0.01,0.0
1305,32Thn_L2_NS,32THN_NS,0.013,0.013
1305,304Nvl_L3_EW,NONE,0.032,0.0
1305,32Nvl_L3_EW,NONE,0.006,0.0
1305,32Nvl_L1_NS,32NVL_NS,0.013,-0.01
1305,NvcNvl_L1_NS,NONE,0.052,0.0
1305,NvcNvl_L3_EW,NONE,0.032,0.0
1305,32Mt_L2_NS,32MT_NS,0.078,0.074
1305,NvcMt_L2_NS,NVCMT_NS,0.005,-0.049
1310,304Nvl_L1_EW,304NVL_EW,0.085,0.085
1310,304Nvl_L2_EW,304NVL_EW,0.073,0.073
1310,304Nvl_L1_NS,NONE,0.007,0.0
1310,304Nvl_L3_NS,NONE,0.008,0.0
1310,32Nvl_L1_EW,32NVL_EW,0.021,0.016
1310,32Nvl_L2_EW,32NVL_EW,0.023,0.019
1310,32Nvl_L3_NS,NONE,0.008,0.0
1310,32Nvl_L2_NS,32NVL_NS,0.008,0.008
1310,NvcNvl_L3_NS,NONE,0.007,0.0
1310,NvcNvl_L2_NS,NONE,0.007,0.0
1310,NvcNvl_L1_EW,NONE,0.064,0.0
1310,NvcNvl_L2_EW,NONE,0.046,0.0
1310,NvcNvl_L1_EW,NVCNVL_EW,0.007,0.003
1310,NvcNvl_L1_NS,NVCNVL_NS,0.033,0.033
1310,32Mt_L1_NS,32MT_NS,0.013,0.008
1310,32Mt_L1_EW,NONE,0.014,0.0
1310,32Mt_L1_EW,32MT_EW,0.007,-0.008
1310,NvcMt_L1_EW,NVCMT_EW,0.006,-0.004
1310,NvcMt_L1_NS,NVCMT_NS,0.007,-0.002
1310,NvcCmt8_L2_EW,NVCCMT8_EW,0.005,0.005
1310,32Thn_L1_NS,32THN_NS,0.01,0.01
1310,32Thn_L2_NS,32THN_NS,0.013,0.013
1310,304Nvl_L3_EW,NONE,0.032,0.0
1310,304Nvl_L2_NS,NONE,0.007,0.0
1310,32Nvl_L3_EW,NONE,0.019,0.0
1310,32Nvl_L1_NS,32NVL_NS,0.013,-0.01
1310,NvcNvl_L1_NS,NONE,0.009,0.0
1310,NvcNvl_L3_EW,NONE,0.038,0.0
1310,32Mt_L2_EW,32MT_EW,0.005,-0.011
1310,NvcMt_L2_EW,NVCMT_EW,0.008,0.004
1310,NvcMt_L2_NS,NVCMT_NS,0.005,0.005
1310,NvcCmt8_L1_EW,NVCCMT8_EW,0.008,0.003
1315,304Nvl_L1_EW,304NVL_EW,0.008,0.008
1315,304Nvl_L2_EW,304NVL_EW,0.007,0.007
1315,32Nvl_L1_EW,32NVL_EW,0.014,0.014
1315,32Nvl_L2_EW,32NVL_EW,0.015,0.015
1315,32Mt_L1_NS,32MT_NS,0.006,0.001
1315,32Mt_L1_EW,NONE,0.05,0.0
1315,32Mt_L3_EW,NONE,0.044,0.0
1315,NvcMt_L1_NS,NVCMT_NS,0.007,0.002
1315,32Thn_L1_NS,32THN_NS,0.01,0.01
1315,32Thn_L2_NS,32THN_NS,0.013,0.013
1315,304Nvl_L3_EW,NONE,0.006,0.0
1315,32Nvl_L3_EW,NONE,0.013,0.0
1315,32Mt_L2_EW,NONE,0.038,0.0
1315,NvcMt_L2_NS,NVCMT_NS,0.005,0.005
1315,NvcCmt8_L1_EW,NONE,0.006,0.0
1320,304Nvl_L1_EW,304NVL_EW,0.051,0.051
1320,304Nvl_L2_EW,304NVL_EW,0.007,0.007
1320,304Nvl_L1_NS,NONE,0.036,0.0
1320,32Nvl_L1_EW,32NVL_EW,0.007,0.007
1320,32Nvl_L2_EW,32NVL_EW,0.008,0.008
1320,32Nvl_L1_EW,32NVL_EW,0.007,0.007
1320,32Nvl_L3_NS,NONE,0.008,0.0
1320,32Nvl_L2_NS,32NVL_NS,0.008,0.008
1320,32Mt_L1_EW,NONE,0.144,0.0
1320,32Mt_L3_EW,NONE,0.018,0.0
1320,32Mt_L1_NS,NONE,0.01,0.0
1320,NvcMt_L1_EW,NVCMT_EW,0.006,0.006
1320,NvcMt_L1_NS,NVCMT_NS,0.007,0.007
1320,32Thn_L1_NS,32THN_NS,0.01,0.01
1320,32Thn_L2_NS,32THN_NS,0.013,0.013
1320,304Nvl_L3_EW,NONE,0.006,0.0
1320,32Nvl_L3_EW,NONE,0.006,0.0
1320,32Nvl_L1_NS,32NVL_NS,0.013,0.013
1320,32Mt_L2_EW,NONE,0.053,0.0
1320,32Mt_L2_NS,NONE,0.009,0.0
1320,NvcMt_L2_EW,NVCMT_EW,0.008,0.008
1320,NvcMt_L2_NS,NVCMT_NS,0.005,0.005
1325,304Nvl_L1_EW,304NVL_EW,0.008,0.008
1325,304Nvl_L2_EW,304NVL_EW,0.007,0.007
1325,304Nvl_L1_EW,NONE,0.008,0.0
1325,32Nvl_L1_EW,32NVL_EW,0.007,0.007
1325,32Nvl_L2_EW,32NVL_EW,0.008,0.008
1325,32Nvl_L1_EW,32NVL_EW,0.007,0.007
1325,32Nvl_L3_NS,NONE,0.025,0.0
1325,32Nvl_L2_NS,32NVL_NS,0.024,0.024
1325,NvcNvl_L3_NS,NONE,0.034,0.0
1325,NvcNvl_L2_NS,NONE,0.033,0.0
1325,32Mt_L1_NS,32MT_NS,0.006,0.001
1325,32Mt_L1_NS,NONE,0.117,0.0
1325,NvcMt_L1_NS,NVCMT_NS,0.007,0.002
1325,32Thn_L1_NS,32THN_NS,0.01,0.01
1325,32Thn_L2_NS,32THN_NS,0.013,0.013
1325,304Nvl_L3_EW,NONE,0.006,0.0
1325,32Nvl_L3_EW,NONE,0.006,0.0
1325,32Nvl_L1_NS,32NVL_NS,0.02,0.02
1325,NvcNvl_L1_NS,NONE,0.044,0.0
1325,32Mt_L2_NS,NONE,0.104,0.0
1325,NvcMt_L2_NS,NVCMT_NS,0.005,0.005
1330,304Nvl_L1_EW,304NVL_EW,0.017,0.017
1330,304Nvl_L2_EW,304NVL_EW,0.007,0.007
1330,32Nvl_L1_EW,32NVL_EW,0.014,0.014
1330,32Nvl_L2_EW,32NVL_EW,0.015,0.015
1330,32Nvl_L3_NS,NONE,0.008,0.0
1330,32Nvl_L2_NS,32NVL_NS,0.008,0.008
1330,NvcNvl_L3_NS,NONE,0.048,0.0
1330,NvcNvl_L2_NS,NONE,0.046,0.0
1330,NvcNvl_L1_EW,NONE,0.011,0.0
1330,NvcNvl_L2_EW,NONE,0.008,0.0
1330,32Mt_L1_NS,32MT_NS,0.006,0.001
1330,32Mt_L1_EW,NONE,0.007,0.0
1330,32Mt_L1_NS,NONE,0.166,0.0
1330,NvcMt_L2_NS,NONE,0.005,0.0
1330,NvcMt_L1_NS,NVCMT_NS,0.007,0.002
1330,32Thn_L1_NS,32THN_NS,0.01,0.01
1330,32Thn_L2_NS,32THN_NS,0.013,0.013
1330,304Nvl_L3_EW,NONE,0.006,0.0
1330,32Nvl_L3_EW,NONE,0.013,0.0
1330,32Nvl_L1_NS,32NVL_NS,0.007,0.007
1330,NvcNvl_L1_NS,NONE,0.061,0.0
1330,NvcNvl_L3_EW,NONE,0.006,0.0
1330,32Mt_L2_NS,NONE,0.104,0.0
1330,NvcMt_L1_NS,NONE,0.005,0.0
1330,NvcMt_L2_NS,NVCMT_NS,0.005,0.005
1335,304Nvl_L1_EW,304NVL_EW,0.008,0.008
1335,304Nvl_L2_EW,304NVL_EW,0.007,0.007
1335,304Nvl_L1_NS,NONE,0.007,0.0
1335,32Nvl_L1_EW,32NVL_EW,0.007,0.007
1335,32Nvl_L2_EW,32NVL_EW,0.008,0.008
1335,32Nvl_L3_NS,NONE,0.042,0.0
1335,32Nvl_L2_NS,32NVL_NS,0.039,0.039
1335,NvcNvl_L3_NS,NONE,0.007,0.0
1335,NvcNvl_L2_NS,NONE,0.007,0.0
1335,NvcMt_L1_NS,NVCMT_NS,0.007,0.007
1335,32Thn_L1_NS,32THN_NS,0.01,0.01
1335,32Thn_L2_NS,32THN_NS,0.013,0.013
1335,304Nvl_L3_EW,NONE,0.006,0.0
1335,32Nvl_L3_EW,NONE,0.006,0.0
1335,32Nvl_L1_NS,32NVL_NS,0.04,0.04
1335,NvcNvl_L1_NS,NONE,0.009,0.0
1335,NvcMt_L2_NS,NVCMT_NS,0.005,0.005
1340,304Nvl_L1_NS,NONE,0.007,0.0
1340,32Nvl_L1_EW,32NVL_EW,0.007,0.002
1340,32Nvl_L3_NS,NONE,0.05,0.0
1340,32Nvl_L2_NS,32NVL_NS,0.047,0.047
1340,NvcNvl_L3_NS,NONE,0.007,0.0
1340,NvcNvl_L2_NS,NONE,0.007,0.0
1340,NvcNvl_L1_EW,NONE,0.053,0.0
1340,NvcNvl_L2_EW,NONE,0.038,0.0
1340,NvcNvl_L1_NS,NVCNVL_NS,0.007,0.007
1340,32Mt_L1_EW,NONE,0.007,0.0
1340,32Mt_L3_EW,NONE,0.009,0.0
1340,32Mt_L1_EW,32MT_EW,0.007,0.007
1340,NvcMt_L1_NS,NVCMT_NS,0.007,0.007
1340,32Thn_L1_NS,32THN_NS,0.01,0.01
1340,32Thn_L2_NS,32THN_NS,0.013,0.013
1340,32Nvl_L1_NS,32NVL_NS,0.04,0.036
1340,NvcNvl_L1_NS,NONE,0.009,0.0
1340,32Mt_L2_EW,NONE,0.008,0.0
1340,32Mt_L2_EW,32MT_EW,0.005,0.005
1340,NvcMt_L2_NS,NVCMT_NS,0.005,0.005
1345,304Nvl_L1_NS,NONE,0.007,0.0
1345,32Nvl_L3_NS,NONE,0.034,0.0
1345,32Nvl_L1_NS,32NVL_NS,0.035,0.03
1345,32Nvl_L1_EW,32NVL_EW,0.007,-0.052
1345,32Nvl_L2_EW,32NVL_EW,0.008,0.008
1345,32Nvl_L3_NS,NONE,0.05,0.0
1345,32Nvl_L2_NS,32NVL_NS,0.047,0.047
1345,NvcNvl_L3_NS,NONE,0.014,0.0
1345,NvcNvl_L2_NS,NONE,0.013,0.0
1345,NvcNvl_L1_NS,NVCNVL_NS,0.007,-0.018
1345,32Mt_L1_EW,32MT_EW,0.084,0.079
1345,NvcMt_L1_EW,NVCMT_EW,0.013,0.013
1345,NvcMt_L1_NS,NVCMT_NS,0.007,0.007
1345,32Thn_L1_NS,32THN_NS,0.01,0.01
1345,32Thn_L2_NS,32THN_NS,0.013,0.013
1345,32Nvl_L2_NS,32NVL_NS,0.033,0.033
1345,32Nvl_L3_EW,NONE,0.006,0.0
1345,32Nvl_L1_NS,32NVL_NS,0.047,0.042
1345,NvcNvl_L1_NS,NONE,0.017,0.0
1345,NvcMt_L2_EW,NVCMT_EW,0.016,0.016
1345,NvcMt_L2_NS,NVCMT_NS,0.005,0.005
1350,32Nvl_L1_NS,32NVL_NS,0.035,0.03
1350,32Nvl_L3_NS,NONE,0.05,0.0
1350,32Nvl_L2_NS,32NVL_NS,0.047,0.047
1350,NvcNvl_L1_NS,NVCNVL_NS,0.007,-0.018
1350,32Mt_L1_NS,32MT_NS,0.006,0.006
1350,32Mt_L1_EW,32MT_EW,0.084,0.084
1350,32Mt_L1_NS,NONE,0.01,0.0
1350,NvcMt_L2_NS,NONE,0.011,0.0
1350,NvcMt_L1_EW,NVCMT_EW,0.006,0.006
1350,32Thn_L1_NS,32THN_NS,0.01,0.01
1350,32Thn_L2_NS,32THN_NS,0.013,0.013
1350,32Nvl_L2_NS,32NVL_NS,0.033,0.033
1350,32Nvl_L1_NS,32NVL_NS,0.054,0.049
1350,32Mt_L2_EW,32MT_EW,0.065,0.065
1350,NvcMt_L1_NS,NONE,0.011,0.0
1350,NvcMt_L2_EW,NVCMT_EW,0.008,0.008
1355,NvcNvl_L1_EW,NONE,0.011,0.0
1355,NvcNvl_L2_EW,NONE,0.008,0.0
1355,NvcNvl_L1_EW,NVCNVL_EW,0.007,0.003
1355,NvcNvl_L2_EW,NVCNVL_EW,0.008,0.008
1355,NvcMt_L1_EW,NVCMT_EW,0.006,0.001
1355,32Thn_L1_NS,32THN_NS,0.01,0.01
1355,32Thn_L2_NS,32THN_NS,0.013,0.013
1355,32Nvl_L1_NS,32NVL_NS,0.04,0.04
1355,NvcNvl_L3_EW,NONE,0.009,0.0
1355,NvcMt_L2_EW,NVCMT_EW,0.008,0.002
1360,32Nvl_L3_NS,NONE,0.007,0.0
1360,32Nvl_L1_NS,32NVL_NS,0.007,0.007
1360,32Nvl_L1_EW,32NVL_EW,0.007,0.002
1360,32Nvl_L2_EW,32NVL_EW,0.007,0.004
1360,32Mt_L1_EW,NONE,0.036,0.0
1360,32Mt_L3_EW,NONE,0.044,0.0
1360,32Mt_L1_EW,32MT_EW,0.007,0.007
1360,NvcMt_L1_EW,NVCMT_EW,0.006,0.001
1360,NvcCmt8_L2_EW,NVCCMT8_EW,0.005,0.005
1360,32Nvl_L2_NS,32NVL_NS,0.007,0.007
1360,32Nvl_L3_EW,NONE,0.006,0.0
1360,32Nvl_L1_NS,32NVL_NS,0.034,0.034
1360,32Mt_L2_EW,NONE,0.038,0.0
1360,32Mt_L2_EW,32MT_EW,0.005,0.005
1360,NvcMt_L2_EW,NVCMT_EW,0.008,0.004
1360,NvcCmt8_L1_EW,NVCCMT8_EW,0.008,0.003
1365,304Nvl_L1_EW,304NVL_EW,0.008,0.008
1365,304Nvl_L2_EW,304NVL_EW,0.007,0.007
1365,32Nvl_L3_NS,NONE,0.014,0.0
1365,32Nvl_L1_NS,32NVL_NS,0.014,0.014
1365,32Nvl_L1_EW,32NVL_EW,0.007,0.002
1365,32Nvl_L2_EW,32NVL_EW,0.008,0.004
1365,32Nvl_L1_EW,32NVL_EW,0.007,0.002
1365,32Nvl_L2_EW,32NVL_EW,0.007,0.004
1365,NvcNvl_L3_NS,NONE,0.007,0.0
1365,NvcNvl_L2_NS,NONE,0.007,0.0
1365,NvcNvl_L1_EW,NVCNVL_EW,0.007,0.007
1365,NvcNvl_L2_EW,NVCNVL_EW,0.008,0.008
1365,32Mt_L1_EW,NONE,0.036,0.0
1365,32Mt_L1_EW,32MT_EW,0.007,0.002
1365,NvcCmt8_L2_EW,NVCCMT8_EW,0.005,0.005
1365,304Nvl_L3_EW,NONE,0.006,0.0
1365,32Nvl_L2_NS,32NVL_NS,0.013,0.013
1365,32Nvl_L3_EW,NONE,0.006,0.0
1365,32Nvl_L3_EW,NONE,0.006,0.0
1365,NvcNvl_L1_NS,NONE,0.009,0.0
1365,NvcNvl_L3_EW,NONE,0.009,0.0
1365,32Mt_L2_EW,NONE,0.038,0.0
1365,32Mt_L2_EW,32MT_EW,0.005,0.0
1365,NvcCmt8_L1_EW,NVCCMT8_EW,0.008,0.008
1370,304Nvl_L1_EW,304NVL_EW,0.008,0.008
1370,304Nvl_L2_EW,304NVL_EW,0.007,0.007
1370,32Nvl_L1_NS,32NVL_NS,0.035,0.035
1370,32Nvl_L1_EW,32NVL_EW,0.007,-0.003
1370,32Nvl_L2_EW,32NVL_EW,0.008,0.0
1370,32Nvl_L1_EW,32NVL_EW,0.007,-0.003
1370,32Nvl_L2_EW,32NVL_EW,0.007,0.0
1370,NvcNvl_L3_NS,NONE,0.007,0.0
1370,NvcNvl_L2_NS,NONE,0.007,0.0
1370,NvcNvl_L1_EW,NONE,0.011,0.0
1370,NvcNvl_L2_EW,NONE,0.008,0.0
1370,32Mt_L1_EW,32MT_EW,0.014,0.009
1370,NvcCmt8_L2_EW,NVCCMT8_EW,0.005,0.005
1370,304Nvl_L3_EW,NONE,0.006,0.0
1370,32Nvl_L3_EW,NONE,0.006,0.0
1370,32Nvl_L3_EW,NONE,0.006,0.0
1370,32Nvl_L1_NS,32NVL_NS,0.007,0.007
1370,NvcNvl_L1_NS,NONE,0.009,0.0
1370,32Mt_L2_EW,32MT_EW,0.011,0.005
1370,NvcCmt8_L1_EW,NVCCMT8_EW,0.008,0.008
1375,304Nvl_L1_EW,304NVL_EW,0.008,0.008
1375,304Nvl_L2_EW,304NVL_EW,0.007,0.007
1375,32Nvl_L1_EW,32NVL_EW,0.007,-0.027
1375,32Nvl_L2_EW,32NVL_EW,0.008,0.0
1375,32Nvl_L1_EW,32NVL_EW,0.007,-0.027
1375,32Nvl_L2_EW,32NVL_EW,0.007,0.0
1375,NvcNvl_L3_NS,NONE,0.014,0.0
1375,NvcNvl_L2_NS,NONE,0.013,0.0
1375,32Mt_L1_EW,NONE,0.007,0.0
1375,32Mt_L1_EW,32MT_EW,0.049,0.044
1375,NvcMt_L1_EW,NVCMT_EW,0.006,0.006
1375,304Nvl_L3_EW,NONE,0.006,0.0
1375,32Nvl_L3_EW,NONE,0.006,0.0
1375,32Nvl_L3_EW,NONE,0.006,0.0
1375,32Nvl_L1_NS,32NVL_NS,0.007,0.007
1375,NvcNvl_L1_NS,NONE,0.017,0.0
1375,32Mt_L2_EW,NONE,0.008,0.0
1375,32Mt_L2_EW,32MT_EW,0.011,0.005
1375,NvcMt_L2_EW,NVCMT_EW,0.008,0.008
1380,304Thn_L1_EW,NONE,0.007,0.0
1380,304Thn_L2_EW,NONE,0.008,0.0
1380,304Nvl_L1_EW,304NVL_EW,0.008,0.008
1380,304Nvl_L2_EW,304NVL_EW,0.007,0.007
1380,32Nvl_L1_EW,32NVL_EW,0.007,-0.027
1380,32Nvl_L2_EW,32NVL_EW,0.008,0.0
1380,32Nvl_L1_EW,32NVL_EW,0.007,-0.027
1380,32Nvl_L2_EW,32NVL_EW,0.007,0.0
1380,NvcNvl_L3_NS,NONE,0.007,0.0
1380,NvcNvl_L2_NS,NONE,0.007,0.0
1380,NvcNvl_L1_EW,NONE,0.011,0.0
1380,NvcNvl_L2_EW,NONE,0.008,0.0
1380,NvcNvl_L1_EW,NVCNVL_EW,0.007,0.003
1380,32Mt_L1_EW,32MT_EW,0.049,0.044
1380,NvcMt_L1_EW,NVCMT_EW,0.006,0.001
1380,304Nvl_L3_EW,NONE,0.006,0.0
1380,32Nvl_L3_EW,NONE,0.006,0.0
1380,32Nvl_L3_EW,NONE,0.006,0.0
1380,NvcNvl_L1_NS,NONE,0.009,0.0
1380,32Mt_L2_EW,32MT_EW,0.011,0.005
1380,NvcMt_L2_EW,NVCMT_EW,0.008,0.008
1380,NvcCmt8_L1_EW,NONE,0.006,0.0
1380,304Thn_L3_EW,NONE,0.008,0.0
1385,304Thn_L1_EW,304THN_EW,0.008,0.002
1385,304Nvl_L1_EW,304NVL_EW,0.008,0.003
1385,304Nvl_L2_EW,304NVL_EW,0.007,0.007
1385,32Nvl_L1_EW,32NVL_EW,0.007,-0.027
1385,32Nvl_L2_EW,32NVL_EW,0.008,-0.019
1385,32Nvl_L1_EW,32NVL_EW,0.007,-0.027
1385,32Nvl_L2_EW,32NVL_EW,0.007,-0.019
1385,32Nvl_L3_NS,NONE,0.008,0.0
1385,32Nvl_L2_NS,32NVL_NS,0.008,0.008
1385,NvcNvl_L3_NS,NONE,0.007,0.0
1385,NvcNvl_L2_NS,NONE,0.007,0.0
1385,32Mt_L1_EW,32MT_EW,0.049,0.044
1385,32Mt_L1_NS,NONE,0.01,0.0
1385,NvcMt_L2_NS,NONE,0.005,0.0
1385,NvcMt_L1_EW,NVCMT_EW,0.006,0.006
1385,304Nvl_L3_EW,NONE,0.006,0.0
1385,32Nvl_L3_EW,NONE,0.006,0.0
1385,32Nvl_L3_EW,NONE,0.006,0.0
1385,32Nvl_L1_NS,32NVL_NS,0.007,0.007
1385,NvcNvl_L1_NS,NONE,0.009,0.0
1385,32Mt_L2_EW,32MT_EW,0.038,0.033
1385,32Mt_L2_NS,NONE,0.009,0.0
1385,NvcMt_L1_NS,NONE,0.005,0.0
1385,NvcMt_L2_EW,NVCMT_EW,0.008,0.008
1390,304Nvl_L1_EW,304NVL_EW,0.017,0.017
1390,304Nvl_L2_EW,304NVL_EW,0.015,0.015
1390,32Nvl_L1_EW,32NVL_EW,0.007,-0.027
1390,32Nvl_L2_EW,32NVL_EW,0.008,-0.019
1390,32Nvl_L1_EW,32NVL_EW,0.007,-0.027
1390,32Nvl_L2_EW,32NVL_EW,0.007,-0.019
1390,NvcNvl_L3_NS,NONE,0.014,0.0
1390,NvcNvl_L2_NS,NONE,0.013,0.0
1390,NvcNvl_L1_EW,NONE,0.011,0.0
1390,NvcNvl_L2_EW,NONE,0.008,0.0
1390,32Mt_L1_NS,32MT_NS,0.006,0.006
1390,32Mt_L1_EW,32MT_EW,0.049,0.044
1390,32Mt_L1_NS,NONE,0.068,0.0
1390,32Thn_L1_EW,NONE,0.01,0.0
1390,32Thn_L2_EW,NONE,0.01,0.0
1390,32Thn_L3_EW,NONE,0.007,0.0
1390,304Nvl_L3_EW,NONE,0.013,0.0
1390,32Nvl_L3_EW,NONE,0.006,0.0
1390,32Nvl_L3_EW,NONE,0.006,0.0
1390,NvcNvl_L1_NS,NONE,0.017,0.0
1390,32Mt_L2_EW,32MT_EW,0.038,0.033
1390,32Mt_L2_NS,NONE,0.052,0.0
1395,304Nvl_L1_EW,304NVL_EW,0.017,0.017
1395,304Nvl_L2_EW,304NVL_EW,0.015,0.015
1395,32Nvl_L1_EW,32NVL_EW,0.007,-0.013
1395,32Nvl_L2_EW,32NVL_EW,0.008,-0.004
1395,32Nvl_L1_EW,32NVL_EW,0.007,-0.014
1395,32Nvl_L2_EW,32NVL_EW,0.007,-0.004
1395,32Nvl_L3_NS,NONE,0.017,0.0
1395,32Nvl_L2_NS,32NVL_NS,0.016,0.016
1395,NvcNvl_L3_NS,NONE,0.007,0.0
1395,NvcNvl_L2_NS,NONE,0.007,0.0
1395,NvcNvl_L1_EW,NVCNVL_EW,0.014,0.01
1395,NvcNvl_L2_EW,NVCNVL_EW,0.008,0.008
1395,32Mt_L1_EW,32MT_EW,0.021,0.016
1395,NvcMt_L2_NS,NONE,0.005,0.0
1395,NvcMt_L1_EW,NVCMT_EW,0.006,-0.004
1395,32Thn_L1_EW,NONE,0.01,0.0
1395,32Thn_L2_EW,NONE,0.01,0.0
1395,32Thn_L1_EW,32THN_EW,0.008,0.003
1395,32Thn_L3_EW,NONE,0.007,0.0
1395,304Nvl_L3_EW,NONE,0.013,0.0
1395,32Nvl_L3_EW,NONE,0.006,0.0
1395,32Nvl_L3_EW,NONE,0.006,0.0
1395,32Nvl_L1_NS,32NVL_NS,0.013,0.013
1395,NvcNvl_L1_NS,NONE,0.009,0.0
1395,NvcNvl_L3_EW,NONE,0.009,0.0
1395,32Mt_L2_EW,32MT_EW,0.016,0.011
1395,NvcMt_L1_NS,NONE,0.005,0.0
1395,NvcMt_L2_EW,NVCMT_EW,0.008,0.002
1400,304Nvl_L1_EW,304NVL_EW,0.017,0.017
1400,304Nvl_L2_EW,304NVL_EW,0.015,0.015
1400,304Nvl_L1_NS,NONE,0.036,0.0
1400,304Nvl_L3_NS,NONE,0.04,0.0
1400,32Nvl_L1_EW,32NVL_EW,0.014,-0.006
1400,32Nvl_L2_EW,32NVL_EW,0.015,0.004
1400,32Nvl_L1_EW,32NVL_EW,0.007,-0.014
1400,32Nvl_L2_EW,32NVL_EW,0.007,-0.004
1400,NvcNvl_L3_NS,NONE,0.007,0.0
1400,NvcNvl_L2_NS,NONE,0.007,0.0
1400,NvcNvl_L1_EW,NVCNVL_EW,0.007,-0.002
1400,32Mt_L1_NS,32MT_NS,0.031,0.031
1400,32Mt_L1_EW,NONE,0.094,0.0
1400,32Mt_L3_EW,NONE,0.106,0.0
1400,32Mt_L1_EW,32MT_EW,0.021,0.011
1400,32Mt_L1_NS,NONE,0.01,0.0
1400,NvcMt_L1_EW,NVCMT_EW,0.013,0.008
1400,32Thn_L1_EW,32THN_EW,0.008,-0.002
1400,304Nvl_L3_EW,NONE,0.013,0.0
1400,304Nvl_L2_NS,NONE,0.037,0.0
1400,32Nvl_L3_EW,NONE,0.006,0.0
1400,32Nvl_L3_EW,NONE,0.013,0.0
1400,NvcNvl_L1_NS,NONE,0.009,0.0
1400,32Mt_L2_EW,NONE,0.098,0.0
1400,32Mt_L2_EW,32MT_EW,0.016,0.006
1400,32Mt_L2_NS,NONE,0.009,0.0
1400,NvcMt_L2_EW,NVCMT_EW,0.016,0.016
1405,304Nvl_L1_EW,304NVL_EW,0.025,0.025
1405,304Nvl_L2_EW,304NVL_EW,0.022,0.022
1405,32Nvl_L1_EW,32NVL_EW,0.007,-0.008
1405,32Nvl_L2_EW,32NVL_EW,0.008,-0.004
1405,32Nvl_L1_EW,32NVL_EW,0.007,-0.008
1405,32Nvl_L2_EW,32NVL_EW,0.007,-0.004
1405,32Nvl_L3_NS,NONE,0.008,0.0
1405,32Nvl_L2_NS,32NVL_NS,0.008,0.008
1405,NvcNvl_L1_EW,NVCNVL_EW,0.007,-0.002
1405,32Mt_L1_EW,NONE,0.108,0.0
1405,32Mt_L3_EW,NONE,0.133,0.0
1405,32Mt_L1_EW,32MT_EW,0.021,0.016
1405,NvcMt_L1_EW,NVCMT_EW,0.013,0.008
1405,304Nvl_L3_EW,NONE,0.013,0.0
1405,32Nvl_L3_EW,NONE,0.006,0.0
1405,32Nvl_L3_EW,NONE,0.006,0.0
1405,32Nvl_L1_NS,32NVL_NS,0.007,0.007
1405,32Mt_L2_EW,NONE,0.113,0.0
1405,32Mt_L2_EW,32MT_EW,0.016,0.011
1405,NvcMt_L2_EW,NVCMT_EW,0.016,0.016
1410,304Nvl_L1_EW,304NVL_EW,0.017,0.017
1410,304Nvl_L2_EW,304NVL_EW,0.015,0.015
1410,32Nvl_L1_EW,32NVL_EW,0.007,-0.012
1410,32Nvl_L2_EW,32NVL_EW,0.008,-0.004
1410,32Nvl_L1_EW,32NVL_EW,0.013,-0.006
1410,32Nvl_L2_EW,32NVL_EW,0.007,-0.004
1410,32Mt_L1_EW,NONE,0.014,0.0
1410,32Mt_L3_EW,NONE,0.018,0.0
1410,32Mt_L1_EW,32MT_EW,0.028,0.023
1410,32Mt_L1_NS,NONE,0.049,0.0
1410,NvcMt_L2_EW,NVCMT_EW,0.003,0.003
1410,304Nvl_L3_EW,NONE,0.013,0.0
1410,32Nvl_L3_EW,NONE,0.006,0.0
1410,32Nvl_L3_EW,NONE,0.006,0.0
1410,32Mt_L2_EW,NONE,0.015,0.0
1410,32Mt_L2_EW,32MT_EW,0.016,0.011
1410,32Mt_L2_NS,NONE,0.043,0.0
1410,NvcMt_L1_EW,NVCMT_EW,0.006,0.006
1415,304Nvl_L1_EW,304NVL_EW,0.008,0.008
1415,304Nvl_L1_NS,NONE,0.007,0.0
1415,32Nvl_L1_NS,32NVL_NS,0.007,0.007
1415,32Nvl_L1_EW,32NVL_EW,0.014,-0.054
1415,32Nvl_L2_EW,32NVL_EW,0.015,0.008
1415,32Nvl_L1_EW,32NVL_EW,0.013,-0.055
1415,32Nvl_L2_EW,32NVL_EW,0.007,0.0
1415,NvcNvl_L3_NS,NONE,0.007,0.0
1415,NvcNvl_L2_NS,NONE,0.007,0.0
1415,32Mt_L1_EW,32MT_EW,0.098,0.088
1415,32Mt_L1_NS,NONE,0.088,0.0
1415,32Nvl_L3_EW,NONE,0.006,0.0
1415,32Nvl_L3_EW,NONE,0.013,0.0
1415,NvcNvl_L1_NS,NONE,0.009,0.0
1415,32Mt_L2_EW,32MT_EW,0.011,0.0
1415,32Mt_L2_NS,NONE,0.069,0.0
1420,304Thn_L1_EW,304THN_EW,0.008,0.002
1420,304Thn_L3_EW,NONE,0.008,0.0
1420,304Nvl_L1_EW,304NVL_EW,0.008,0.003
1420,304Nvl_L1_NS,NONE,0.007,0.0
1420,32Nvl_L1_EW,32NVL_EW,0.007,-0.061
1420,32Nvl_L2_EW,32NVL_EW,0.008,0.0
1420,32Nvl_L1_EW,32NVL_EW,0.007,-0.062
1420,32Nvl_L2_EW,32NVL_EW,0.007,0.0
1420,32Nvl_L3_NS,NONE,0.008,0.0
1420,32Nvl_L2_NS,32NVL_NS,0.008,0.008
1420,32Mt_L1_NS,32MT_NS,0.006,0.006
1420,32Mt_L1_EW,32MT_EW,0.098,0.093
1420,32Mt_L1_NS,NONE,0.049,0.0
1420,NvcCmt8_L2_EW,NONE,0.007,0.0
1420,32Nvl_L3_EW,NONE,0.006,0.0
1420,32Nvl_L3_EW,NONE,0.006,0.0
1420,32Nvl_L1_NS,32NVL_NS,0.013,0.013
1420,32Mt_L2_EW,32MT_EW,0.011,0.005
1420,32Mt_L2_NS,NONE,0.026,0.0
1420,NvcCmt8_L1_EW,NONE,0.006,0.0
1420,304Thn_L2_EW,304THN_EW,0.007,0.007
1425,304Nvl_L1_NS,NONE,0.007,0.0
1425,32Nvl_L1_EW,32NVL_EW,0.007,-0.081
1425,32Nvl_L2_EW,32NVL_EW,0.008,-0.038
1425,32Nvl_L1_EW,32NVL_EW,0.007,-0.081
1425,32Nvl_L2_EW,32NVL_EW,0.007,-0.038
1425,NvcNvl_L1_EW,NONE,0.011,0.0
1425,NvcNvl_L2_EW,NONE,0.008,0.0
1425,32Mt_L1_NS,32MT_NS,0.019,0.014
1425,32Mt_L1_EW,NONE,0.007,0.0
1425,32Mt_L1_EW,32MT_EW,0.126,0.121
1425,32Mt_L1_NS,NONE,0.01,0.0
1425,NvcMt_L2_NS,NONE,0.005,0.0
1425,NvcMt_L1_EW,NVCMT_EW,0.006,0.001
1425,NvcMt_L1_NS,NVCMT_NS,0.007,-0.006
1425,32Nvl_L3_EW,NONE,0.006,0.0
1425,32Nvl_L3_EW,NONE,0.006,0.0
1425,NvcNvl_L3_EW,NONE,0.006,0.0
1425,32Mt_L2_EW,32MT_EW,0.065,0.06
1425,32Mt_L2_NS,NONE,0.009,0.0
1425,NvcMt_L1_NS,NONE,0.005,0.0
1425,NvcMt_L2_EW,NVCMT_EW,0.008,0.008
1425,NvcMt_L2_NS,NVCMT_NS,0.005,0.005
1425,NvcCmt8_L1_EW,NVCCMT8_EW,0.008,0.003
1430,304Nvl_L1_NS,304NVL_NS,0.009,0.009
1430,304Nvl_L3_NS,NONE,0.007,0.0
1430,32Nvl_L1_EW,32NVL_EW,0.021,0.016
1430,32Nvl_L2_EW,32NVL_EW,0.023,0.019
1430,32Nvl_L1_EW,32NVL_EW,0.007,0.002
1430,32Nvl_L2_EW,32NVL_EW,0.007,0.004
1430,32Nvl_L3_NS,NONE,0.008,0.0
1430,32Nvl_L2_NS,32NVL_NS,0.008,0.003
1430,NvcNvl_L3_NS,NONE,0.007,0.0
1430,NvcNvl_L2_NS,NONE,0.007,0.0
1430,32Mt_L1_NS,32MT_NS,0.013,0.008
1430,32Mt_L1_EW,NONE,0.101,0.0
1430,32Mt_L3_EW,NONE,0.106,0.0
1430,32Mt_L1_EW,32MT_EW,0.007,-0.008
1430,NvcMt_L1_NS,NVCMT_NS,0.007,-0.002
1430,304Nvl_L2_NS,304NVL_NS,0.008,0.002
1430,32Nvl_L3_EW,NONE,0.006,0.0
1430,32Nvl_L3_EW,NONE,0.013,0.0
1430,32Nvl_L1_NS,32NVL_NS,0.007,0.0
1430,NvcNvl_L1_NS,NONE,0.009,0.0
1430,32Mt_L2_EW,NONE,0.09,0.0
1430,32Mt_L2_EW,32MT_EW,0.005,-0.011
1430,NvcMt_L2_NS,NVCMT_NS,0.005,0.005
1435,304Nvl_L1_NS,304NVL_NS,0.009,0.009
1435,304Nvl_L3_NS,NONE,0.007,0.0
1435,304Nvl_L1_NS,NONE,0.007,0.0
1435,304Nvl_L3_NS,NONE,0.008,0.0
1435,32Nvl_L1_EW,32NVL_EW,0.035,0.03
1435,32Nvl_L2_EW,32NVL_EW,0.039,0.035
1435,32Nvl_L1_EW,32NVL_EW,0.013,0.009
1435,32Nvl_L2_EW,32NVL_EW,0.007,0.004
1435,NvcNvl_L3_NS,NONE,0.007,0.0
1435,NvcNvl_L2_NS,NONE,0.007,0.0
1435,32Mt_L1_NS,32MT_NS,0.006,-0.003
1435,32Mt_L1_EW,NONE,0.108,0.0
1435,32Mt_L3_EW,NONE,0.027,0.0
1435,32Mt_L1_EW,32MT_EW,0.007,-0.018
1435,NvcMt_L1_NS,NVCMT_NS,0.014,0.009
1435,304Nvl_L2_NS,304NVL_NS,0.008,0.008
1435,304Nvl_L2_NS,NONE,0.007,0.0
1435,32Nvl_L3_EW,NONE,0.006,0.0
1435,32Nvl_L3_EW,NONE,0.031,0.0
1435,NvcNvl_L1_NS,NONE,0.009,0.0
1435,32Mt_L2_EW,NONE,0.113,0.0
1435,32Mt_L2_EW,32MT_EW,0.005,-0.022
1435,NvcMt_L2_NS,NVCMT_NS,0.011,0.011
1440,304Nvl_L1_NS,304NVL_NS,0.009,0.009
1440,304Nvl_L3_NS,NONE,0.007,0.0
1440,32Nvl_L1_EW,32NVL_EW,0.021,0.021
1440,32Nvl_L2_EW,32NVL_EW,0.023,0.023
1440,32Nvl_L1_EW,32NVL_EW,0.007,0.007
1440,32Nvl_L2_EW,32NVL_EW,0.007,0.007
1440,NvcNvl_L3_NS,NONE,0.034,0.0
1440,NvcNvl_L2_NS,NONE,0.033,0.0
1440,32Mt_L1_NS,32MT_NS,0.006,-0.003
1440,32Mt_L1_EW,NONE,0.022,0.0
1440,32Mt_L3_EW,NONE,0.027,0.0
1440,NvcMt_L2_NS,NONE,0.005,0.0
1440,NvcMt_L1_NS,NVCMT_NS,0.014,0.009
1440,304Nvl_L2_NS,304NVL_NS,0.008,0.008
1440,32Nvl_L3_EW,NONE,0.006,0.0
1440,32Nvl_L3_EW,NONE,0.019,0.0
1440,NvcNvl_L1_NS,NONE,0.044,0.0
1440,32Mt_L2_EW,NONE,0.023,0.0
1440,NvcMt_L1_NS,NONE,0.005,0.0
1440,NvcMt_L2_NS,NVCMT_NS,0.011,0.011
1445,304Nvl_L1_NS,304NVL_NS,0.009,0.004
1445,304Nvl_L3_NS,NONE,0.007,0.0
1445,304Nvl_L1_EW,304NVL_EW,0.008,0.008
1445,32Nvl_L3_NS,NONE,0.007,0.0
1445,32Nvl_L1_NS,32NVL_NS,0.007,0.001
1445,32Nvl_L1_EW,32NVL_EW,0.028,-0.03
1445,32Nvl_L2_EW,32NVL_EW,0.031,-0.015
1445,32Nvl_L1_EW,32NVL_EW,0.013,-0.045
1445,32Nvl_L2_EW,32NVL_EW,0.007,-0.038
1445,32Nvl_L3_NS,NONE,0.008,0.0
1445,32Nvl_L2_NS,32NVL_NS,0.008,0.003
1445,32Mt_L1_NS,32MT_NS,0.006,-0.008
1445,32Mt_L1_EW,NONE,0.007,0.0
1445,32Mt_L3_EW,NONE,0.009,0.0
1445,32Mt_L1_EW,32MT_EW,0.084,0.064
1445,32Mt_L1_NS,NONE,0.02,0.0
1445,NvcMt_L1_NS,NVCMT_NS,0.02,0.016
1445,NvcCmt8_L2_EW,NVCCMT8_EW,0.005,0.005
1445,304Nvl_L2_NS,304NVL_NS,0.008,0.002
1445,32Nvl_L2_NS,32NVL_NS,0.007,0.001
1445,32Nvl_L3_EW,NONE,0.006,0.0
1445,32Nvl_L3_EW,NONE,0.025,0.0
1445,32Nvl_L1_NS,32NVL_NS,0.013,0.007
1445,32Mt_L2_EW,NONE,0.008,0.0
1445,32Mt_L2_EW,32MT_EW,0.065,0.044
1445,NvcMt_L2_NS,NVCMT_NS,0.016,0.016
1445,NvcCmt8_L1_EW,NVCCMT8_EW,0.008,0.008
1450,304Thn_L1_EW,304THN_EW,0.008,-0.051
1450,304Thn_L3_EW,NONE,0.008,0.0
1450,304Nvl_L1_NS,304NVL_NS,0.009,0.004
1450,304Nvl_L3_NS,NONE,0.007,0.0
1450,304Nvl_L1_EW,304NVL_EW,0.085,0.079
1450,304Nvl_L2_EW,304NVL_EW,0.073,0.067
1450,32Nvl_L1_NS,32NVL_NS,0.007,0.001
1450,32Nvl_L3_NS,NONE,0.008,0.0
1450,32Nvl_L2_NS,32NVL_NS,0.008,0.003
1450,NvcNvl_L1_EW,NONE,0.075,0.0
1450,NvcNvl_L2_EW,NONE,0.054,0.0
1450,32Mt_L1_NS,32MT_NS,0.006,-0.008
1450,32Mt_L1_EW,NONE,0.007,0.0
1450,32Mt_L3_EW,NONE,0.009,0.0
1450,32Mt_L1_EW,32MT_EW,0.021,0.021
1450,NvcMt_L1_NS,NVCMT_NS,0.02,0.016
1450,NvcCmt8_L2_EW,NVCCMT8_EW,0.005,0.005
1450,304Nvl_L2_NS,304NVL_NS,0.008,0.002
1450,304Nvl_L3_EW,NONE,0.063,0.0
1450,32Nvl_L2_NS,32NVL_NS,0.007,0.001
1450,32Nvl_L1_NS,32NVL_NS,0.007,0.0
1450,NvcNvl_L3_EW,NONE,0.013,0.0
1450,32Mt_L2_EW,NONE,0.008,0.0
1450,32Mt_L2_EW,32MT_EW,0.005,0.005
1450,NvcMt_L2_NS,NVCMT_NS,0.016,0.016
1450,NvcCmt8_L1_EW,NVCCMT8_EW,0.008,0.008
1450,304Thn_L2_EW,304THN_EW,0.007,-0.043
1455,304Nvl_L1_NS,304NVL_NS,0.009,0.004
1455,304Nvl_L3_NS,NONE,0.007,0.0
1455,304Nvl_L1_EW,304NVL_EW,0.119,0.119
1455,304Nvl_L2_EW,304NVL_EW,0.102,0.102
1455,32Nvl_L1_NS,32NVL_NS,0.007,0.001
1455,32Nvl_L3_NS,NONE,0.008,0.0
1455,32Nvl_L2_NS,32NVL_NS,0.008,0.003
1455,NvcNvl_L1_EW,NONE,0.053,0.0
1455,NvcNvl_L2_EW,NONE,0.038,0.0
1455,32Mt_L1_EW,NONE,0.007,0.0
1455,32Mt_L3_EW,NONE,0.009,0.0
1455,32Mt_L1_EW,32MT_EW,0.021,0.021
1455,32Mt_L1_NS,NONE,0.01,0.0
1455,NvcMt_L1_EW,NVCMT_EW,0.006,0.006
1455,NvcMt_L1_NS,NVCMT_NS,0.02,0.02
1455,304Nvl_L2_NS,304NVL_NS,0.008,0.002
1455,304Nvl_L3_EW,NONE,0.089,0.0
1455,32Nvl_L2_NS,32NVL_NS,0.007,0.001
1455,32Nvl_L1_NS,32NVL_NS,0.02,0.014
1455,32Mt_L2_EW,NONE,0.008,0.0
1455,32Mt_L2_EW,32MT_EW,0.005,0.005
1455,NvcMt_L2_EW,NVCMT_EW,0.008,0.008
1455,NvcMt_L2_NS,NVCMT_NS,0.016,0.016
1460,304Thn_L1_EW,304THN_EW,0.008,-0.01
1460,304Thn_L3_EW,NONE,0.008,0.0
1460,304Nvl_L1_NS,304NVL_NS,0.009,0.004
1460,304Nvl_L1_EW,304NVL_EW,0.025,0.02
1460,304Nvl_L2_EW,304NVL_EW,0.022,0.017
1460,32Nvl_L3_NS,NONE,0.007,0.0
1460,32Nvl_L1_NS,32NVL_NS,0.007,0.001
1460,32Nvl_L3_NS,NONE,0.05,0.0
1460,32Nvl_L2_NS,32NVL_NS,0.055,0.055
1460,NvcNvl_L3_NS,NONE,0.007,0.0
1460,NvcNvl_L2_NS,NONE,0.007,0.0
1460,NvcNvl_L1_EW,NVCNVL_EW,0.007,0.007
1460,32Mt_L1_NS,32MT_NS,0.006,0.006
1460,32Mt_L1_EW,32MT_EW,0.007,0.007
1460,32Mt_L1_NS,NONE,0.01,0.0
1460,NvcMt_L2_NS,NONE,0.005,0.0
1460,304Nvl_L3_EW,NONE,0.019,0.0
1460,32Nvl_L2_NS,32NVL_NS,0.007,0.007
1460,32Nvl_L1_NS,32NVL_NS,0.06,0.054
1460,NvcNvl_L1_NS,NONE,0.009,0.0
1460,32Mt_L2_EW,32MT_EW,0.005,0.005
1460,32Mt_L2_NS,NONE,0.009,0.0
1460,NvcMt_L1_NS,NONE,0.005,0.0
1460,304Thn_L2_EW,304THN_EW,0.007,-0.008
1465,304Thn_L1_EW,304THN_EW,0.008,-0.01
1465,304Thn_L3_EW,NONE,0.008,0.0
1465,304Nvl_L1_EW,304NVL_EW,0.025,0.02
1465,304Nvl_L2_EW,304NVL_EW,0.022,0.017
1465,304Nvl_L1_NS,NONE,0.044,0.0
1465,32Nvl_L3_NS,NONE,0.042,0.0
1465,32Nvl_L2_NS,32NVL_NS,0.039,0.039
1465,32Mt_L1_EW,32MT_EW,0.007,0.007
1465,32Mt_L1_NS,NONE,0.02,0.0
1465,NvcMt_L1_EW,NVCMT_EW,0.006,0.006
1465,304Nvl_L3_EW,NONE,0.019,0.0
1465,32Nvl_L1_NS,32NVL_NS,0.047,0.047
1465,32Mt_L2_EW,32MT_EW,0.005,0.005
1465,32Mt_L2_NS,NONE,0.017,0.0
1465,NvcMt_L2_EW,NVCMT_EW,0.008,0.008
1465,304Thn_L2_EW,304THN_EW,0.007,-0.008
1470,304Nvl_L1_NS,304NVL_NS,0.009,0.009
1470,304Nvl_L1_EW,304NVL_EW,0.161,0.161
1470,304Nvl_L2_EW,304NVL_EW,0.094,0.094
1470,304Nvl_L1_NS,NONE,0.015,0.0
1470,32Nvl_L1_EW,32NVL_EW,0.092,0.087
1470,32Nvl_L2_EW,32NVL_EW,0.1,0.097
1470,32Mt_L1_EW,NONE,0.014,0.0
1470,32Mt_L1_EW,32MT_EW,0.007,-0.057
1470,32Mt_L1_NS,NONE,0.01,0.0
1470,NvcMt_L2_NS,NONE,0.005,0.0
1470,NvcCmt8_L2_EW,NONE,0.007,0.0
1470,304Nvl_L3_EW,NONE,0.006,0.0
1470,32Nvl_L3_EW,NONE,0.081,0.0
1470,32Nvl_L1_NS,32NVL_NS,0.007,0.0
1470,32Mt_L2_EW,32MT_EW,0.005,-0.065
1470,32Mt_L2_NS,NONE,0.009,0.0
1470,NvcMt_L1_NS,NONE,0.005,0.0
1470,NvcCmt8_L1_EW,NONE,0.006,0.0
1475,304Nvl_L1_EW,304NVL_EW,0.152,0.152
1475,304Nvl_L2_EW,304NVL_EW,0.094,0.094
1475,304Nvl_L1_NS,NONE,0.007,0.0
1475,32Nvl_L1_EW,32NVL_EW,0.092,0.087
1475,32Nvl_L2_EW,32NVL_EW,0.1,0.097
1475,NvcNvl_L1_EW,NONE,0.011,0.0
1475,NvcNvl_L2_EW,NONE,0.008,0.0
1475,32Mt_L1_EW,NONE,0.014,0.0
1475,32Mt_L1_EW,32MT_EW,0.007,-0.057
1475,32Mt_L1_NS,NONE,0.01,0.0
1475,NvcMt_L2_EW,NVCMT_EW,0.003,0.003
1475,32Thn_L1_EW,NONE,0.01,0.0
1475,32Thn_L2_EW,NONE,0.01,0.0
1475,32Thn_L3_EW,NONE,0.007,0.0
1475,304Nvl_L3_EW,NONE,0.082,0.0
1475,32Nvl_L3_EW,NONE,0.081,0.0
1475,32Nvl_L1_NS,32NVL_NS,0.034,0.034
1475,NvcNvl_L3_EW,NONE,0.006,0.0
1475,32Mt_L2_EW,32MT_EW,0.005,-0.065
1475,NvcMt_L1_EW,NVCMT_EW,0.006,0.006
1480,304Thn_L1_EW,NONE,0.007,0.0
1480,304Nvl_L1_EW,304NVL_EW,0.161,0.161
1480,304Nvl_L2_EW,304NVL_EW,0.102,0.102
1480,304Nvl_L1_NS,NONE,0.007,0.0
1480,32Nvl_L1_EW,32NVL_EW,0.085,0.085
1480,32Nvl_L2_EW,32NVL_EW,0.093,0.093
1480,NvcMt_L2_EW,NVCMT_EW,0.003,0.003
1480,32Thn_L1_EW,NONE,0.01,0.0
1480,32Thn_L2_EW,NONE,0.01,0.0
1480,304Nvl_L3_EW,NONE,0.076,0.0
1480,32Nvl_L3_EW,NONE,0.075,0.0
1480,32Nvl_L1_NS,32NVL_NS,0.034,0.034
1480,NvcMt_L1_EW,NVCMT_EW,0.006,0.006
1485,304Nvl_L1_EW,304NVL_EW,0.144,0.144
1485,304Nvl_L2_EW,304NVL_EW,0.116,0.116
1485,304Nvl_L1_EW,NONE,0.008,0.0
1485,304Nvl_L1_NS,NONE,0.007,0.0
1485,304Nvl_L2_EW,NONE,0.009,0.0
1485,32Nvl_L1_EW,32NVL_EW,0.085,0.074
1485,32Nvl_L2_EW,32NVL_EW,0.093,0.089
1485,32Mt_L1_EW,NONE,0.007,0.0
1485,32Mt_L3_EW,NONE,0.009,0.0
1485,32Mt_L1_EW,32MT_EW,0.007,-0.052
1485,NvcMt_L2_NS,NONE,0.026,0.0
1485,NvcMt_L2_EW,NVCMT_EW,0.003,0.003
1485,32Thn_L1_EW,NONE,0.01,0.0
1485,32Thn_L2_EW,NONE,0.01,0.0
1485,32Thn_L1_EW,32THN_EW,0.008,-0.051
1485,32Thn_L3_EW,NONE,0.007,0.0
1485,304Nvl_L3_EW,NONE,0.101,0.0
1485,304Nvl_L3_EW,NONE,0.008,0.0
1485,32Nvl_L3_EW,NONE,0.075,0.0
1485,32Mt_L2_EW,NONE,0.008,0.0
1485,32Mt_L2_EW,32MT_EW,0.005,-0.059
1485,NvcMt_L1_NS,NONE,0.027,0.0
1485,NvcMt_L1_EW,NVCMT_EW,0.006,0.0
1485,NvcCmt8_L1_EW,NVCCMT8_EW,0.008,0.008
1490,304Nvl_L1_NS,304NVL_NS,0.018,0.018
1490,304Nvl_L3_NS,NONE,0.007,0.0
1490,304Nvl_L1_EW,304NVL_EW,0.178,0.178
1490,304Nvl_L2_EW,304NVL_EW,0.065,0.065
1490,32Nvl_L1_EW,32NVL_EW,0.085,0.065
1490,32Nvl_L2_EW,32NVL_EW,0.093,0.081
1490,NvcNvl_L1_EW,NONE,0.011,0.0
1490,NvcNvl_L2_EW,NONE,0.008,0.0
1490,32Mt_L1_NS,32MT_NS,0.006,0.006
1490,32Mt_L1_EW,32MT_EW,0.021,-0.039
1490,32Mt_L1_NS,NONE,0.01,0.0
1490,32Thn_L1_EW,32THN_EW,0.008,-0.051
1490,304Nvl_L2_NS,304NVL_NS,0.015,0.015
1490,304Nvl_L3_EW,NONE,0.057,0.0
1490,32Nvl_L3_EW,NONE,0.075,0.0
1490,32Mt_L2_EW,32MT_EW,0.016,-0.049
1490,32Mt_L2_NS,NONE,0.009,0.0
1495,304Nvl_L1_NS,304NVL_NS,0.018,0.018
1495,304Nvl_L3_NS,NONE,0.015,0.0
1495,304Nvl_L1_EW,304NVL_EW,0.203,0.203
1495,304Nvl_L2_EW,304NVL_EW,0.073,0.073
1495,304Nvl_L1_NS,NONE,0.095,0.0
1495,32Nvl_L1_EW,32NVL_EW,0.085,0.046
1495,32Nvl_L2_EW,32NVL_EW,0.093,0.062
1495,32Nvl_L3_NS,NONE,0.008,0.0
1495,32Nvl_L2_NS,32NVL_NS,0.016,0.005
1495,NvcNvl_L3_NS,NONE,0.007,0.0
1495,NvcNvl_L2_NS,NONE,0.007,0.0
1495,32Mt_L1_NS,32MT_NS,0.006,0.006
1495,32Mt_L1_EW,32MT_EW,0.056,-0.004
1495,32Mt_L1_NS,NONE,0.01,0.0
1495,304Nvl_L2_NS,304NVL_NS,0.015,0.004
1495,304Nvl_L3_EW,NONE,0.063,0.0
1495,32Nvl_L3_EW,NONE,0.075,0.0
1495,32Nvl_L1_NS,32NVL_NS,0.013,0.001
1495,NvcNvl_L1_NS,NONE,0.009,0.0
1495,32Mt_L2_EW,32MT_EW,0.044,-0.021
1500,304Nvl_L1_NS,304NVL_NS,0.018,-0.011
1500,304Nvl_L3_NS,NONE,0.015,0.0
1500,304Nvl_L1_EW,304NVL_EW,0.008,0.008
1500,304Nvl_L1_NS,NONE,0.022,0.0
1500,32Nvl_L3_NS,NONE,0.041,0.0
1500,32Nvl_L1_NS,32NVL_NS,0.042,0.029
1500,32Nvl_L1_EW,32NVL_EW,0.085,0.085
1500,32Nvl_L2_EW,32NVL_EW,0.093,0.093
1500,32Nvl_L3_NS,NONE,0.025,0.0
1500,32Nvl_L2_NS,32NVL_NS,0.024,0.013
1500,32Mt_L1_NS,32MT_NS,0.006,0.006
1500,32Mt_L1_EW,NONE,0.014,0.0
1500,32Mt_L3_EW,NONE,0.009,0.0
1500,32Mt_L1_NS,NONE,0.02,0.0
1500,32Thn_L1_EW,NONE,0.01,0.0
1500,32Thn_L2_EW,NONE,0.01,0.0
1500,32Thn_L3_EW,NONE,0.007,0.0
1500,304Nvl_L2_NS,304NVL_NS,0.015,-0.001
1500,32Nvl_L2_NS,32NVL_NS,0.04,0.029
1500,32Nvl_L3_EW,NONE,0.075,0.0
1500,32Nvl_L1_NS,32NVL_NS,0.02,0.007
1500,32Mt_L2_EW,NONE,0.008,0.0
1500,32Mt_L2_NS,NONE,0.017,0.0
1505,304Nvl_L1_NS,304NVL_NS,0.018,-0.016
1505,304Nvl_L3_NS,NONE,0.015,0.0
1505,304Nvl_L1_EW,304NVL_EW,0.025,0.025
1505,304Nvl_L2_EW,304NVL_EW,0.007,0.007
1505,304Nvl_L1_NS,NONE,0.073,0.0
1505,32Nvl_L3_NS,NONE,0.007,0.0
1505,32Nvl_L1_NS,32NVL_NS,0.048,0.036
1505,32Nvl_L1_EW,32NVL_EW,0.085,0.05
1505,32Nvl_L2_EW,32NVL_EW,0.093,0.074
1505,32Nvl_L3_NS,NONE,0.008,0.0
1505,32Nvl_L2_NS,32NVL_NS,0.008,-0.003
1505,NvcNvl_L3_NS,NONE,0.041,0.0
1505,NvcNvl_L2_NS,NONE,0.04,0.0
1505,32Mt_L1_NS,32MT_NS,0.013,0.013
1505,32Mt_L1_EW,NONE,0.014,0.0
1505,32Mt_L1_EW,32MT_EW,0.042,-0.018
1505,NvcMt_L2_NS,NONE,0.005,0.0
1505,NvcCmt8_L2_EW,NVCCMT8_EW,0.005,0.005
1505,NvcCmt8_L2_NS,NONE,0.011,0.0
1505,32Thn_L1_EW,32THN_EW,0.008,-0.051
1505,NvcCmt8_L1_NS,NONE,0.008,0.0
1505,304Nvl_L2_NS,304NVL_NS,0.015,0.01
1505,304Nvl_L3_EW,NONE,0.006,0.0
1505,32Nvl_L2_NS,32NVL_NS,0.047,0.036
1505,32Nvl_L3_EW,NONE,0.075,0.0
1505,32Nvl_L1_NS,32NVL_NS,0.007,-0.006
1505,NvcNvl_L1_NS,NONE,0.052,0.0
1505,32Mt_L2_EW,32MT_EW,0.027,-0.038
1505,NvcMt_L1_NS,NONE,0.005,0.0
1505,NvcCmt8_L1_EW,NVCCMT8_EW,0.008,0.008
1510,304Nvl_L1_NS,304NVL_NS,0.018,0.008
1510,304Nvl_L3_NS,NONE,0.015,0.0
1510,304Nvl_L1_NS,NONE,0.036,0.0
1510,32Nvl_L3_NS,NONE,0.007,0.0
1510,32Nvl_L1_NS,32NVL_NS,0.014,0.001
1510,32Nvl_L1_EW,32NVL_EW,0.085,0.055
1510,32Nvl_L2_EW,32NVL_EW,0.093,0.074
1510,32Nvl_L3_NS,NONE,0.017,0.0
1510,32Nvl_L2_NS,32NVL_NS,0.016,0.005
1510,NvcNvl_L3_NS,NONE,0.007,0.0
1510,NvcNvl_L2_NS,NONE,0.007,0.0
1510,NvcNvl_L1_EW,NVCNVL_EW,0.007,0.007
1510,NvcNvl_L2_EW,NVCNVL_EW,0.008,0.008
1510,32Mt_L1_NS,32MT_NS,0.006,0.006
1510,32Mt_L1_EW,NONE,0.007,0.0
1510,32Mt_L1_EW,32MT_EW,0.035,-0.025
1510,NvcCmt8_L2_EW,NVCCMT8_EW,0.005,0.005
1510,32Thn_L1_EW,32THN_EW,0.008,-0.051
1510,304Nvl_L2_NS,304NVL_NS,0.015,0.004
1510,32Nvl_L2_NS,32NVL_NS,0.007,-0.004
1510,32Nvl_L3_EW,NONE,0.075,0.0
1510,32Nvl_L1_NS,32NVL_NS,0.013,0.001
1510,NvcNvl_L1_NS,NONE,0.009,0.0
1510,NvcNvl_L3_EW,NONE,0.009,0.0
1510,32Mt_L2_EW,32MT_EW,0.027,-0.038
1510,NvcCmt8_L1_EW,NVCCMT8_EW,0.008,0.008
1515,304Nvl_L1_NS,304NVL_NS,0.018,0.013
1515,304Nvl_L3_NS,NONE,0.015,0.0
1515,304Nvl_L1_EW,304NVL_EW,0.008,0.008
1515,304Nvl_L2_EW,304NVL_EW,0.007,0.007
1515,304Nvl_L1_EW,NONE,0.008,0.0
1515,304Nvl_L1_NS,NONE,0.007,0.0
1515,304Nvl_L2_EW,NONE,0.009,0.0
1515,32Nvl_L1_NS,32NVL_NS,0.007,-0.006
1515,32Nvl_L1_EW,32NVL_EW,0.085,0.079
1515,32Nvl_L2_EW,32NVL_EW,0.093,0.087
1515,32Nvl_L3_NS,NONE,0.008,0.0
1515,32Nvl_L2_NS,32NVL_NS,0.008,-0.003
1515,32Mt_L1_NS,32MT_NS,0.006,0.006
1515,32Mt_L1_EW,NONE,0.036,0.0
1515,NvcCmt8_L2_EW,NVCCMT8_EW,0.016,0.016
1515,32Thn_L1_EW,32THN_EW,0.008,-0.051
1515,32Thn_L2_EW,32THN_EW,0.008,-0.057
1515,32Thn_L3_EW,NONE,0.008,0.0
1515,304Nvl_L2_NS,304NVL_NS,0.015,0.01
1515,304Nvl_L3_EW,NONE,0.006,0.0
1515,304Nvl_L3_EW,NONE,0.008,0.0
1515,32Nvl_L2_NS,32NVL_NS,0.007,-0.004
1515,32Nvl_L3_EW,NONE,0.075,0.0
1515,32Nvl_L1_NS,32NVL_NS,0.047,0.034
1515,NvcMt_L1_EW,NVCMT_EW,0.006,-0.011
1515,NvcCmt8_L1_EW,NVCCMT8_EW,0.023,0.023
1520,304Nvl_L1_NS,304NVL_NS,0.018,0.008
1520,304Nvl_L3_NS,NONE,0.015,0.0
1520,32Nvl_L3_NS,NONE,0.007,0.0
1520,32Nvl_L1_NS,32NVL_NS,0.014,0.001
1520,32Nvl_L3_NS,NONE,0.008,0.0
1520,32Nvl_L2_NS,32NVL_NS,0.008,-0.003
1520,NvcNvl_L3_NS,NONE,0.041,0.0
1520,NvcNvl_L2_NS,NONE,0.04,0.0
1520,NvcNvl_L1_EW,NONE,0.011,0.0
1520,NvcNvl_L2_EW,NONE,0.008,0.0
1520,NvcNvl_L1_EW,NVCNVL_EW,0.007,0.007
1520,32Mt_L1_EW,NONE,0.007,0.0
1520,32Mt_L3_EW,NONE,0.009,0.0
1520,32Mt_L1_NS,NONE,0.01,0.0
1520,NvcCmt8_L2_EW,NVCCMT8_EW,0.011,0.011
1520,32Thn_L1_EW,NONE,0.01,0.0
1520,304Nvl_L2_NS,304NVL_NS,0.015,0.01
1520,32Nvl_L2_NS,32NVL_NS,0.013,0.003
1520,32Nvl_L1_NS,32NVL_NS,0.013,0.001
1520,NvcNvl_L1_NS,NONE,0.052,0.0
1520,32Mt_L2_EW,NONE,0.008,0.0
1520,32Mt_L2_NS,NONE,0.009,0.0
1520,NvcCmt8_L1_EW,NVCCMT8_EW,0.015,0.015
1520,NvcCmt8_L1_EW,NONE,0.006,0.0
1525,304Nvl_L1_NS,304NVL_NS,0.027,0.017
1525,304Nvl_L3_NS,NONE,0.022,0.0
1525,304Nvl_L1_EW,304NVL_EW,0.008,0.008
1525,32Nvl_L3_NS,NONE,0.007,0.0
1525,32Nvl_L1_NS,32NVL_NS,0.014,-0.005
1525,32Nvl_L3_NS,NONE,0.008,0.0
1525,32Nvl_L2_NS,32NVL_NS,0.008,-0.008
1525,NvcNvl_L3_NS,NONE,0.115,0.0
1525,NvcNvl_L2_NS,NONE,0.112,0.0
1525,32Mt_L1_EW,32MT_EW,0.014,0.014
1525,304Nvl_L2_NS,304NVL_NS,0.023,0.017
1525,32Nvl_L2_NS,32NVL_NS,0.013,-0.003
1525,32Nvl_L1_NS,32NVL_NS,0.087,0.068
1525,NvcNvl_L1_NS,NONE,0.149,0.0
1525,32Mt_L2_EW,32MT_EW,0.005,0.005
1525,NvcCmt8_L1_EW,NONE,0.006,0.0
1530,304Nvl_L1_NS,304NVL_NS,0.027,-0.046
1530,304Nvl_L3_NS,NONE,0.022,0.0
1530,304Nvl_L1_EW,304NVL_EW,0.008,0.008
1530,32Nvl_L3_NS,NONE,0.095,0.0
1530,32Nvl_L1_NS,32NVL_NS,0.104,0.085
1530,32Nvl_L3_NS,NONE,0.008,0.0
1530,32Nvl_L2_NS,32NVL_NS,0.008,-0.008
1530,NvcNvl_L3_NS,NONE,0.095,0.0
1530,NvcNvl_L2_NS,NONE,0.092,0.0
1530,NvcNvl_L1_EW,NVCNVL_EW,0.007,0.007
1530,NvcNvl_L2_EW,NVCNVL_EW,0.008,0.008
1530,32Mt_L1_EW,32MT_EW,0.007,0.007
1530,304Nvl_L2_NS,304NVL_NS,0.023,0.017
1530,32Nvl_L2_NS,32NVL_NS,0.1,0.084
1530,32Nvl_L1_NS,32NVL_NS,0.087,0.068
1530,NvcNvl_L1_NS,NONE,0.122,0.0
1530,NvcNvl_L3_EW,NONE,0.009,0.0
1530,32Mt_L2_EW,32MT_EW,0.005,0.005
1530,NvcCmt8_L1_EW,NONE,0.006,0.0
1535,304Nvl_L1_NS,304NVL_NS,0.036,-0.07
1535,304Nvl_L3_NS,NONE,0.03,0.0
1535,304Nvl_L1_EW,304NVL_EW,0.059,0.059
1535,304Nvl_L2_EW,304NVL_EW,0.044,0.044
1535,304Nvl_L1_NS,NONE,0.007,0.0
1535,304Nvl_L3_NS,NONE,0.008,0.0
1535,32Nvl_L3_NS,NONE,0.061,0.0
1535,32Nvl_L1_NS,32NVL_NS,0.152,0.127
1535,32Nvl_L1_EW,32NVL_EW,0.007,0.007
1535,32Nvl_L2_EW,32NVL_EW,0.008,0.008
1535,32Nvl_L3_NS,NONE,0.025,0.0
1535,32Nvl_L2_NS,32NVL_NS,0.024,0.002
1535,NvcNvl_L3_NS,NONE,0.007,0.0
1535,NvcNvl_L2_NS,NONE,0.007,0.0
1535,32Mt_L1_NS,32MT_NS,0.006,0.006
1535,32Mt_L1_EW,NONE,0.007,0.0
1535,32Mt_L3_EW,NONE,0.009,0.0
1535,NvcMt_L2_NS,NONE,0.011,0.0
1535,NvcMt_L1_EW,NVCMT_EW,0.006,0.006
1535,304Nvl_L2_NS,304NVL_NS,0.03,0.014
1535,304Nvl_L3_EW,NONE,0.038,0.0
1535,304Nvl_L2_NS,NONE,0.007,0.0
1535,32Nvl_L2_NS,32NVL_NS,0.147,0.125
1535,32Nvl_L3_EW,NONE,0.006,0.0
1535,32Nvl_L1_NS,32NVL_NS,0.101,0.075
1535,NvcNvl_L1_NS,NONE,0.009,0.0
1535,32Mt_L2_EW,NONE,0.008,0.0
1535,NvcMt_L1_NS,NONE,0.011,0.0
1535,NvcMt_L2_EW,NVCMT_EW,0.008,0.008
1540,304Nvl_L1_NS,304NVL_NS,0.036,-0.095
1540,304Nvl_L3_NS,NONE,0.03,0.0
1540,304Nvl_L1_EW,304NVL_EW,0.008,0.008
1540,304Nvl_L2_EW,304NVL_EW,0.007,0.007
1540,304Nvl_L1_NS,NONE,0.007,0.0
1540,32Nvl_L3_NS,NONE,0.095,0.0
1540,32Nvl_L1_NS,32NVL_NS,0.187,0.162
1540,32Nvl_L3_NS,NONE,0.025,0.0
1540,32Nvl_L2_NS,32NVL_NS,0.024,0.002
1540,NvcNvl_L1_EW,NONE,0.021,0.0
1540,NvcNvl_L2_EW,NONE,0.008,0.0
1540,32Mt_L1_EW,NONE,0.007,0.0
1540,NvcMt_L2_NS,NONE,0.011,0.0
1540,NvcMt_L1_EW,NVCMT_EW,0.013,0.013
1540,304Nvl_L2_NS,304NVL_NS,0.03,0.014
1540,304Nvl_L3_EW,NONE,0.006,0.0
1540,304Nvl_L2_NS,NONE,0.007,0.0
1540,32Nvl_L2_NS,32NVL_NS,0.18,0.159
1540,32Nvl_L1_NS,32NVL_NS,0.02,-0.005
1540,NvcNvl_L3_EW,NONE,0.006,0.0
1540,32Mt_L2_EW,NONE,0.008,0.0
1540,NvcMt_L1_NS,NONE,0.011,0.0
1540,NvcMt_L2_EW,NVCMT_EW,0.016,0.016
1545,304Nvl_L1_NS,304NVL_NS,0.036,-0.095
1545,304Nvl_L3_NS,NONE,0.03,0.0
1545,304Nvl_L1_EW,NONE,0.008,0.0
1545,304Nvl_L1_NS,NONE,0.036,0.0
1545,304Nvl_L2_EW,NONE,0.009,0.0
1545,32Nvl_L3_NS,NONE,0.095,0.0
1545,32Nvl_L1_NS,32NVL_NS,0.187,0.162
1545,32Nvl_L3_NS,NONE,0.025,0.0
1545,32Nvl_L2_NS,32NVL_NS,0.024,0.002
1545,NvcNvl_L1_EW,NONE,0.011,0.0
1545,NvcNvl_L2_EW,NONE,0.008,0.0
1545,32Mt_L1_EW,32MT_EW,0.007,0.007
1545,32Mt_L1_NS,NONE,0.01,0.0
1545,304Nvl_L2_NS,304NVL_NS,0.03,0.014
1545,304Nvl_L3_EW,NONE,0.008,0.0
1545,32Nvl_L2_NS,32NVL_NS,0.18,0.159
1545,32Nvl_L1_NS,32NVL_NS,0.027,0.001
1545,32Mt_L2_NS,NONE,0.009,0.0
1550,304Nvl_L1_NS,304NVL_NS,0.045,-0.061
1550,304Nvl_L3_NS,NONE,0.03,0.0
1550,304Nvl_L1_EW,304NVL_EW,0.025,0.025
1550,304Nvl_L2_EW,304NVL_EW,0.007,0.007
1550,32Nvl_L3_NS,NONE,0.061,0.0
1550,32Nvl_L1_NS,32NVL_NS,0.152,0.121
1550,32Nvl_L3_NS,NONE,0.025,0.0
1550,32Nvl_L2_NS,32NVL_NS,0.024,0.002
1550,32Mt_L1_NS,32MT_NS,0.006,0.006
1550,32Mt_L1_EW,NONE,0.007,0.0
1550,32Mt_L1_EW,32MT_EW,0.042,0.042
1550,NvcMt_L2_EW,NVCMT_EW,0.003,0.003
1550,NvcCmt8_L2_NS,NONE,0.011,0.0
1550,NvcCmt8_L1_NS,NONE,0.008,0.0
1550,304Nvl_L2_NS,304NVL_NS,0.03,0.014
1550,32Nvl_L2_NS,32NVL_NS,0.147,0.125
1550,32Nvl_L1_NS,32NVL_NS,0.027,-0.005
1550,32Mt_L2_EW,NONE,0.008,0.0
1550,32Mt_L2_EW,32MT_EW,0.033,0.033
1550,NvcMt_L1_EW,NVCMT_EW,0.006,0.006
1555,304Nvl_L1_NS,304NVL_NS,0.045,-0.037
1555,304Nvl_L3_NS,NONE,0.03,0.0
1555,304Nvl_L1_EW,304NVL_EW,0.008,0.008
1555,304Nvl_L2_EW,304NVL_EW,0.007,0.007
1555,32Nvl_L3_NS,NONE,0.027,0.0
1555,32Nvl_L1_NS,32NVL_NS,0.118,0.086
1555,32Nvl_L3_NS,NONE,0.025,0.0
1555,32Nvl_L2_NS,32NVL_NS,0.024,0.002
1555,NvcNvl_L1_EW,NONE,0.011,0.0
1555,NvcNvl_L2_EW,NONE,0.008,0.0
1555,NvcNvl_L1_EW,NVCNVL_EW,0.007,0.007
1555,NvcNvl_L2_EW,NVCNVL_EW,0.008,0.008
1555,32Mt_L1_NS,32MT_NS,0.006,0.006
1555,NvcMt_L2_NS,NONE,0.005,0.0
1555,304Nvl_L2_NS,304NVL_NS,0.03,0.014
1555,304Nvl_L3_EW,NONE,0.006,0.0
1555,32Nvl_L2_NS,32NVL_NS,0.113,0.092
1555,32Nvl_L1_NS,32NVL_NS,0.027,-0.005
1555,NvcNvl_L3_EW,NONE,0.006,0.0
1555,NvcNvl_L3_EW,NONE,0.009,0.0
1555,NvcMt_L1_NS,NONE,0.005,0.0
1560,304Nvl_L1_NS,304NVL_NS,0.036,-0.041
1560,304Nvl_L3_NS,NONE,0.022,0.0
1560,304Nvl_L1_EW,304NVL_EW,0.008,0.008
1560,304Nvl_L2_EW,304NVL_EW,0.007,0.007
1560,32Nvl_L3_NS,NONE,0.02,0.0
1560,32Nvl_L1_NS,32NVL_NS,0.111,0.085
1560,32Nvl_L1_EW,32NVL_EW,0.014,0.009
1560,32Nvl_L2_EW,32NVL_EW,0.015,0.015
1560,32Nvl_L3_NS,NONE,0.025,0.0
1560,32Nvl_L2_NS,32NVL_NS,0.024,0.008
1560,NvcNvl_L1_EW,NONE,0.021,0.0
1560,NvcNvl_L2_EW,NONE,0.015,0.0
1560,NvcNvl_L1_EW,NVCNVL_EW,0.007,0.007
1560,32Mt_L1_NS,32MT_NS,0.006,0.006
1560,32Mt_L1_EW,32MT_EW,0.007,-0.003
1560,32Mt_L1_NS,NONE,0.01,0.0
1560,NvcMt_L2_EW,NVCMT_EW,0.003,0.003
1560,304Nvl_L2_NS,304NVL_NS,0.023,0.006
1560,304Nvl_L3_EW,NONE,0.006,0.0
1560,32Nvl_L2_NS,32NVL_NS,0.107,0.091
1560,32Nvl_L3_EW,NONE,0.013,0.0
1560,32Nvl_L1_NS,32NVL_NS,0.027,0.001
1560,NvcNvl_L3_EW,NONE,0.013,0.0
1560,32Mt_L2_NS,NONE,0.009,0.0
1560,NvcMt_L1_EW,NVCMT_EW,0.006,0.001
1565,304Nvl_L1_NS,304NVL_NS,0.027,-0.046
1565,304Nvl_L3_NS,NONE,0.022,0.0
1565,304Nvl_L1_EW,304NVL_EW,0.008,0.008
1565,304Nvl_L2_EW,304NVL_EW,0.007,0.007
1565,304Nvl_L1_NS,NONE,0.007,0.0
1565,32Nvl_L3_NS,NONE,0.014,0.0
1565,32Nvl_L1_NS,32NVL_NS,0.104,0.085
1565,32Nvl_L1_EW,32NVL_EW,0.007,0.007
1565,32Nvl_L2_EW,32NVL_EW,0.008,0.008
1565,32Nvl_L3_NS,NONE,0.033,0.0
1565,32Nvl_L2_NS,32NVL_NS,0.032,0.016
1565,NvcNvl_L3_NS,NONE,0.007,0.0
1565,NvcNvl_L2_NS,NONE,0.007,0.0
1565,NvcNvl_L1_EW,NVCNVL_EW,0.007,0.007
1565,NvcNvl_L2_EW,NVCNVL_EW,0.008,0.006
1565,NvcMt_L2_EW,NVCMT_EW,0.003,-0.003
1565,304Nvl_L2_NS,304NVL_NS,0.023,0.001
1565,304Nvl_L3_EW,NONE,0.006,0.0
1565,32Nvl_L2_NS,32NVL_NS,0.1,0.084
1565,32Nvl_L3_EW,NONE,0.006,0.0
1565,32Nvl_L1_NS,32NVL_NS,0.101,0.082
1565,NvcNvl_L1_NS,NONE,0.009,0.0
1565,NvcNvl_L3_EW,NONE,0.009,0.0
1565,NvcMt_L1_EW,NVCMT_EW,0.006,0.001
1570,304Nvl_L1_NS,304NVL_NS,0.027,-0.07
1570,304Nvl_L3_NS,NONE,0.022,0.0
1570,304Nvl_L1_EW,304NVL_EW,0.017,0.017
1570,304Nvl_L2_EW,304NVL_EW,0.015,0.015
1570,304Nvl_L1_NS,NONE,0.007,0.0
1570,32Nvl_L3_NS,NONE,0.048,0.0
1570,32Nvl_L1_NS,32NVL_NS,0.138,0.119
1570,32Nvl_L1_EW,32NVL_EW,0.013,0.013
1570,32Nvl_L2_EW,32NVL_EW,0.007,0.007
1570,32Nvl_L3_NS,NONE,0.033,0.0
1570,32Nvl_L2_NS,32NVL_NS,0.032,0.016
1570,NvcNvl_L1_EW,NONE,0.011,0.0
1570,NvcNvl_L2_EW,NONE,0.008,0.0
1570,32Mt_L1_EW,NONE,0.014,0.0
1570,32Mt_L3_EW,NONE,0.009,0.0
1570,304Nvl_L2_NS,304NVL_NS,0.023,0.001
1570,304Nvl_L3_EW,NONE,0.013,0.0
1570,32Nvl_L2_NS,32NVL_NS,0.133,0.117
1570,32Nvl_L3_EW,NONE,0.006,0.0
1570,32Nvl_L1_NS,32NVL_NS,0.101,0.082
1570,NvcNvl_L3_EW,NONE,0.006,0.0
1570,32Mt_L2_EW,NONE,0.008,0.0
1575,304Nvl_L1_EW,304NVL_EW,0.017,0.017
1575,304Nvl_L2_EW,304NVL_EW,0.015,0.015
1575,304Nvl_L1_NS,NONE,0.007,0.0
1575,32Nvl_L3_NS,NONE,0.034,0.0
1575,32Nvl_L1_NS,32NVL_NS,0.035,0.035
1575,32Nvl_L1_EW,32NVL_EW,0.007,0.007
1575,32Nvl_L2_EW,32NVL_EW,0.007,0.007
1575,32Nvl_L3_NS,NONE,0.008,0.0
1575,32Nvl_L2_NS,32NVL_NS,0.008,0.008
1575,NvcNvl_L3_NS,NONE,0.034,0.0
1575,NvcNvl_L2_NS,NONE,0.033,0.0
1575,NvcNvl_L1_EW,NONE,0.011,0.0
1575,NvcNvl_L2_EW,NONE,0.008,0.0
1575,NvcNvl_L1_EW,NVCNVL_EW,0.007,0.007
1575,32Mt_L1_EW,NONE,0.007,0.0
1575,32Mt_L3_EW,NONE,0.009,0.0
1575,NvcCmt8_L2_NS,NONE,0.011,0.0
1575,NvcCmt8_L1_NS,NONE,0.008,0.0
1575,304Nvl_L3_EW,NONE,0.013,0.0
1575,32Nvl_L2_NS,32NVL_NS,0.033,0.033
1575,32Nvl_L3_EW,NONE,0.006,0.0
1575,32Nvl_L1_NS,32NVL_NS,0.047,0.047
1575,NvcNvl_L1_NS,NONE,0.044,0.0
1575,NvcNvl_L3_EW,NONE,0.006,0.0
1575,32Mt_L2_EW,NONE,0.008,0.0
1580,304Nvl_L1_NS,304NVL_NS,0.009,0.009
1580,304Nvl_L1_EW,304NVL_EW,0.102,0.102
1580,304Nvl_L2_EW,304NVL_EW,0.087,0.087
1580,32Nvl_L1_EW,32NVL_EW,0.007,0.002
1580,32Nvl_L2_EW,32NVL_EW,0.007,0.007
1580,32Nvl_L3_NS,NONE,0.008,0.0
1580,32Nvl_L2_NS,32NVL_NS,0.008,0.008
1580,NvcNvl_L3_NS,NONE,0.007,0.0
1580,NvcNvl_L2_NS,NONE,0.007,0.0
1580,NvcNvl_L1_EW,NVCNVL_EW,0.049,0.049
1580,NvcNvl_L2_EW,NVCNVL_EW,0.039,0.039
1580,32Mt_L1_EW,32MT_EW,0.007,0.007
1580,32Mt_L1_NS,NONE,0.049,0.0
1580,304Nvl_L3_EW,NONE,0.076,0.0
1580,32Nvl_L3_EW,NONE,0.006,0.0
1580,32Nvl_L1_NS,32NVL_NS,0.02,0.014
1580,NvcNvl_L1_NS,NONE,0.009,0.0
1580,NvcNvl_L3_EW,NONE,0.047,0.0
1580,32Mt_L2_NS,NONE,0.043,0.0
1585,304Nvl_L1_EW,304NVL_EW,0.127,0.127
1585,304Nvl_L2_EW,304NVL_EW,0.109,0.109
1585,304Nvl_L1_NS,NONE,0.007,0.0
1585,32Nvl_L1_NS,32NVL_NS,0.007,0.007
1585,32Nvl_L1_EW,32NVL_EW,0.007,-0.003
1585,32Nvl_L2_EW,32NVL_EW,0.007,0.0
1585,32Nvl_L3_NS,NONE,0.008,0.0
1585,32Nvl_L2_NS,32NVL_NS,0.008,0.008
1585,NvcNvl_L3_NS,NONE,0.007,0.0
1585,NvcNvl_L2_NS,NONE,0.007,0.0
1585,NvcNvl_L1_EW,NVCNVL_EW,0.056,0.056
1585,NvcNvl_L2_EW,NVCNVL_EW,0.047,0.047
1585,32Mt_L1_NS,32MT_NS,0.006,0.006
1585,32Mt_L1_EW,NONE,0.007,0.0
1585,32Mt_L1_EW,32MT_EW,0.014,0.014
1585,304Nvl_L3_EW,NONE,0.089,0.0
1585,32Nvl_L3_EW,NONE,0.006,0.0
1585,32Nvl_L1_NS,32NVL_NS,0.094,0.094
1585,NvcNvl_L1_NS,NONE,0.009,0.0
1585,NvcNvl_L3_EW,NONE,0.056,0.0
1585,32Mt_L2_EW,NONE,0.008,0.0
1585,32Mt_L2_EW,32MT_EW,0.011,0.011
1590,304Nvl_L1_EW,304NVL_EW,0.085,0.085
1590,304Nvl_L2_EW,304NVL_EW,0.073,0.073
1590,32Nvl_L3_NS,NONE,0.007,0.0
1590,32Nvl_L1_NS,32NVL_NS,0.014,0.014
1590,32Nvl_L1_EW,32NVL_EW,0.007,-0.003
1590,32Nvl_L2_EW,32NVL_EW,0.007,0.0
1590,32Nvl_L3_NS,NONE,0.008,0.0
1590,32Nvl_L2_NS,32NVL_NS,0.008,0.008
1590,NvcNvl_L1_EW,NONE,0.011,0.0
1590,NvcNvl_L2_EW,NONE,0.008,0.0
1590,NvcNvl_L1_EW,NVCNVL_EW,0.049,0.049
1590,NvcNvl_L2_EW,NVCNVL_EW,0.047,0.047
1590,32Mt_L1_EW,NONE,0.007,0.0
1590,32Mt_L3_EW,NONE,0.009,0.0
1590,32Mt_L1_EW,32MT_EW,0.014,0.014
1590,32Mt_L1_NS,NONE,0.049,0.0
1590,304Nvl_L3_EW,NONE,0.063,0.0
1590,32Nvl_L2_NS,32NVL_NS,0.007,0.007
1590,32Nvl_L3_EW,NONE,0.006,0.0
1590,32Nvl_L1_NS,32NVL_NS,0.013,0.013
1590,NvcNvl_L3_EW,NONE,0.006,0.0
1590,NvcNvl_L3_EW,NONE,0.056,0.0
1590,32Mt_L2_EW,NONE,0.008,0.0
1590,32Mt_L2_EW,32MT_EW,0.011,0.011
1595,304Nvl_L1_EW,304NVL_EW,0.034,0.034
1595,304Nvl_L2_EW,304NVL_EW,0.029,0.029
1595,32Nvl_L1_NS,32NVL_NS,0.007,0.007
1595,32Nvl_L1_EW,32NVL_EW,0.007,-0.003
1595,32Nvl_L2_EW,32NVL_EW,0.008,0.0
1595,32Nvl_L1_EW,32NVL_EW,0.007,-0.003
1595,32Nvl_L2_EW,32NVL_EW,0.007,0.0
1595,32Nvl_L3_NS,NONE,0.008,0.0
1595,32Nvl_L2_NS,32NVL_NS,0.008,0.008
1595,NvcNvl_L3_NS,NONE,0.007,0.0
1595,NvcNvl_L2_NS,NONE,0.007,0.0
1595,NvcNvl_L1_EW,NVCNVL_EW,0.042,0.038
1595,NvcNvl_L2_EW,NVCNVL_EW,0.047,0.047
1595,32Mt_L1_EW,32MT_EW,0.014,0.009
1595,32Mt_L1_NS,NONE,0.01,0.0
1595,NvcMt_L1_EW,NVCMT_EW,0.006,-0.023
1595,NvcCmt8_L2_NS,NONE,0.129,0.0
1595,NvcCmt8_L1_NS,NONE,0.093,0.0
1595,304Nvl_L3_EW,NONE,0.025,0.0
1595,32Nvl_L3_EW,NONE,0.006,0.0
1595,32Nvl_L3_EW,NONE,0.006,0.0
1595,32Nvl_L1_NS,32NVL_NS,0.007,0.007
1595,NvcNvl_L1_NS,NONE,0.009,0.0
1595,NvcNvl_L3_EW,NONE,0.056,0.0
1595,32Mt_L2_EW,32MT_EW,0.011,0.005
1595,32Mt_L2_NS,NONE,0.009,0.0
1595,NvcMt_L2_EW,NVCMT_EW,0.008,-0.025
1600,304Nvl_L1_EW,304NVL_EW,0.008,0.008
1600,304Nvl_L2_EW,304NVL_EW,0.007,0.007
1600,304Nvl_L1_NS,NONE,0.007,0.0
1600,32Nvl_L3_NS,NONE,0.007,0.0
1600,32Nvl_L1_NS,32NVL_NS,0.014,0.014
1600,32Nvl_L1_EW,32NVL_EW,0.014,0.004
1600,32Nvl_L2_EW,32NVL_EW,0.015,0.008
1600,32Nvl_L1_EW,32NVL_EW,0.007,-0.003
1600,32Nvl_L2_EW,32NVL_EW,0.007,0.0
1600,NvcNvl_L3_NS,NONE,0.007,0.0
1600,NvcNvl_L2_NS,NONE,0.007,0.0
1600,NvcNvl_L1_EW,NVCNVL_EW,0.063,0.059
1600,NvcNvl_L2_EW,NVCNVL_EW,0.062,0.062
1600,32Mt_L1_EW,32MT_EW,0.014,0.004
1600,32Mt_L1_NS,NONE,0.029,0.0
1600,NvcMt_L1_EW,NVCMT_EW,0.006,-0.038
1600,304Nvl_L3_EW,NONE,0.006,0.0
1600,32Nvl_L2_NS,32NVL_NS,0.013,0.013
1600,32Nvl_L3_EW,NONE,0.006,0.0
1600,32Nvl_L3_EW,NONE,0.013,0.0
1600,NvcNvl_L1_NS,NONE,0.009,0.0
1600,NvcNvl_L3_EW,NONE,0.074,0.0
1600,32Mt_L2_EW,32MT_EW,0.011,0.0
1600,32Mt_L2_NS,NONE,0.017,0.0
1600,NvcMt_L2_EW,NVCMT_EW,0.008,-0.036
1605,304Nvl_L1_EW,304NVL_EW,0.008,0.008
1605,304Nvl_L1_NS,NONE,0.007,0.0
1605,32Nvl_L3_NS,NONE,0.007,0.0
1605,32Nvl_L1_NS,32NVL_NS,0.007,0.002
1605,32Nvl_L1_EW,32NVL_EW,0.014,0.0
1605,32Nvl_L2_EW,32NVL_EW,0.015,0.004
1605,32Nvl_L1_EW,32NVL_EW,0.007,-0.008
1605,32Nvl_L2_EW,32NVL_EW,0.007,-0.004
1605,NvcNvl_L1_EW,NVCNVL_EW,0.063,0.059
1605,NvcNvl_L2_EW,NVCNVL_EW,0.062,0.062
1605,NvcNvl_L1_NS,NVCNVL_NS,0.007,0.002
1605,32Mt_L1_EW,NONE,0.007,0.0
1605,32Mt_L1_EW,32MT_EW,0.021,0.011
1605,32Mt_L1_NS,NONE,0.01,0.0
1605,NvcMt_L1_EW,NVCMT_EW,0.006,-0.038
1605,32Nvl_L2_NS,32NVL_NS,0.007,0.007
1605,32Nvl_L3_EW,NONE,0.006,0.0
1605,32Nvl_L3_EW,NONE,0.013,0.0
1605,32Nvl_L1_NS,32NVL_NS,0.007,0.002
1605,NvcNvl_L3_EW,NONE,0.074,0.0
1605,32Mt_L2_EW,32MT_EW,0.016,0.006
1605,32Mt_L2_NS,NONE,0.009,0.0
1605,NvcMt_L2_EW,NVCMT_EW,0.008,-0.036
1610,304Nvl_L1_EW,304NVL_EW,0.051,0.051
1610,32Nvl_L3_NS,NONE,0.007,0.0
1610,32Nvl_L1_NS,32NVL_NS,0.007,0.007
1610,32Nvl_L1_EW,32NVL_EW,0.007,-0.008
1610,32Nvl_L2_EW,32NVL_EW,0.008,-0.004
1610,32Nvl_L1_EW,32NVL_EW,0.007,-0.008
1610,32Nvl_L2_EW,32NVL_EW,0.007,-0.004
1610,NvcNvl_L1_EW,NVCNVL_EW,0.063,0.059
1610,NvcNvl_L2_EW,NVCNVL_EW,0.062,0.062
1610,32Mt_L1_EW,NONE,0.007,0.0
1610,32Mt_L1_EW,32MT_EW,0.021,0.016
1610,32Mt_L1_NS,NONE,0.01,0.0
1610,NvcMt_L1_EW,NVCMT_EW,0.006,-0.038
1610,NvcCmt8_L2_NS,NONE,0.148,0.0
1610,32Nvl_L2_NS,32NVL_NS,0.007,0.007
1610,32Nvl_L3_EW,NONE,0.006,0.0
1610,32Nvl_L3_EW,NONE,0.006,0.0
1610,32Nvl_L1_NS,32NVL_NS,0.013,0.013
1610,NvcNvl_L3_EW,NONE,0.074,0.0
1610,32Mt_L2_EW,32MT_EW,0.016,0.011
1610,32Mt_L2_NS,NONE,0.009,0.0
1610,NvcMt_L2_EW,NVCMT_EW,0.008,-0.036
1610,NvcCmt8_L1_NS,NONE,0.129,0.0
1615,304Nvl_L1_EW,304NVL_EW,0.051,0.051
1615,304Nvl_L1_NS,NONE,0.015,0.0
1615,304Nvl_L3_NS,NONE,0.016,0.0
1615,32Nvl_L3_NS,NONE,0.014,0.0
1615,32Nvl_L1_NS,32NVL_NS,0.014,0.014
1615,32Nvl_L1_EW,32NVL_EW,0.007,-0.04
1615,32Nvl_L2_EW,32NVL_EW,0.008,-0.033
1615,32Nvl_L1_EW,32NVL_EW,0.007,-0.041
1615,32Nvl_L2_EW,32NVL_EW,0.007,-0.033
1615,NvcNvl_L1_EW,NVCNVL_EW,0.049,0.049
1615,NvcNvl_L2_EW,NVCNVL_EW,0.055,0.055
1615,32Mt_L1_NS,32MT_NS,0.006,0.001
1615,32Mt_L1_EW,NONE,0.007,0.0
1615,32Mt_L3_EW,NONE,0.009,0.0
1615,32Mt_L1_EW,32MT_EW,0.028,0.023
1615,NvcMt_L1_NS,NVCMT_NS,0.007,0.002
1615,32Thn_L1_EW,32THN_EW,0.04,0.035
1615,32Thn_L2_EW,32THN_EW,0.042,0.036
1615,32Thn_L3_EW,NONE,0.041,0.0
1615,304Nvl_L2_NS,NONE,0.015,0.0
1615,32Nvl_L2_NS,32NVL_NS,0.013,0.013
1615,32Nvl_L3_EW,NONE,0.006,0.0
1615,32Nvl_L3_EW,NONE,0.006,0.0
1615,32Nvl_L1_NS,32NVL_NS,0.007,0.007
1615,NvcNvl_L3_EW,NONE,0.065,0.0
1615,32Mt_L2_EW,NONE,0.008,0.0
1615,32Mt_L2_EW,32MT_EW,0.016,0.011
1615,NvcMt_L2_NS,NVCMT_NS,0.005,0.005
1620,304Nvl_L1_NS,NONE,0.015,0.0
1620,304Nvl_L3_NS,NONE,0.008,0.0
1620,32Nvl_L1_EW,32NVL_EW,0.007,-0.04
1620,32Nvl_L2_EW,32NVL_EW,0.008,-0.037
1620,32Nvl_L1_EW,32NVL_EW,0.007,-0.041
1620,32Nvl_L2_EW,32NVL_EW,0.007,-0.037
1620,NvcNvl_L3_NS,NONE,0.007,0.0
1620,NvcNvl_L2_NS,NONE,0.007,0.0
1620,NvcNvl_L1_EW,NVCNVL_EW,0.049,0.049
1620,NvcNvl_L2_EW,NVCNVL_EW,0.055,0.055
1620,32Mt_L1_EW,NONE,0.007,0.0
1620,32Mt_L3_EW,NONE,0.009,0.0
1620,32Mt_L1_EW,32MT_EW,0.028,0.023
1620,32Mt_L1_NS,NONE,0.01,0.0
1620,NvcMt_L1_NS,NVCMT_NS,0.007,0.007
1620,NvcCmt8_L2_EW,NONE,0.007,0.0
1620,32Thn_L1_EW,NONE,0.01,0.0
1620,32Thn_L2_EW,NONE,0.01,0.0
1620,32Thn_L1_EW,32THN_EW,0.04,0.035
1620,32Thn_L2_EW,32THN_EW,0.042,0.036
1620,32Thn_L3_EW,NONE,0.007,0.0
1620,32Thn_L3_EW,NONE,0.041,0.0
1620,304Nvl_L2_NS,NONE,0.015,0.0
1620,32Nvl_L3_EW,NONE,0.006,0.0
1620,32Nvl_L3_EW,NONE,0.006,0.0
1620,32Nvl_L1_NS,32NVL_NS,0.007,0.007
1620,NvcNvl_L1_NS,NONE,0.009,0.0
1620,NvcNvl_L3_EW,NONE,0.065,0.0
1620,32Mt_L2_EW,NONE,0.008,0.0
1620,32Mt_L2_EW,32MT_EW,0.022,0.016
1620,32Mt_L2_NS,NONE,0.009,0.0
1620,NvcMt_L2_NS,NVCMT_NS,0.005,0.005
1620,NvcCmt8_L1_EW,NONE,0.006,0.0
1625,304Nvl_L1_NS,304NVL_NS,0.009,0.009
1625,304Nvl_L3_NS,NONE,0.007,0.0
1625,304Nvl_L1_EW,304NVL_EW,0.017,0.017
1625,304Nvl_L1_NS,NONE,0.007,0.0
1625,304Nvl_L3_NS,NONE,0.008,0.0
1625,32Nvl_L1_EW,32NVL_EW,0.021,-0.027
1625,32Nvl_L2_EW,32NVL_EW,0.023,-0.017
1625,32Nvl_L1_EW,32NVL_EW,0.007,-0.042
1625,32Nvl_L2_EW,32NVL_EW,0.007,-0.033
1625,32Nvl_L3_NS,NONE,0.017,0.0
1625,32Nvl_L2_NS,32NVL_NS,0.016,0.01
1625,NvcNvl_L3_NS,NONE,0.007,0.0
1625,NvcNvl_L2_NS,NONE,0.007,0.0
1625,NvcNvl_L1_EW,NVCNVL_EW,0.049,0.049
1625,NvcNvl_L2_EW,NVCNVL_EW,0.055,0.051
1625,32Mt_L1_EW,NONE,0.007,0.0
1625,32Mt_L1_EW,32MT_EW,0.021,0.006
1625,NvcMt_L2_EW,NVCMT_EW,0.005,-0.033
1625,32Thn_L1_EW,32THN_EW,0.048,0.033
1625,32Thn_L2_EW,32THN_EW,0.042,0.025
1625,32Thn_L3_EW,NONE,0.041,0.0
1625,304Nvl_L2_NS,304NVL_NS,0.008,-0.003
1625,304Nvl_L2_NS,NONE,0.007,0.0
1625,32Nvl_L3_EW,NONE,0.006,0.0
1625,32Nvl_L3_EW,NONE,0.019,0.0
1625,32Nvl_L1_NS,32NVL_NS,0.02,0.014
1625,NvcNvl_L1_NS,NONE,0.009,0.0
1625,NvcNvl_L3_EW,NONE,0.065,0.0
1625,32Mt_L2_EW,32MT_EW,0.016,0.0
1625,NvcMt_L1_EW,NVCMT_EW,0.011,-0.023
1630,304Nvl_L1_NS,304NVL_NS,0.009,-0.001
1630,304Nvl_L3_NS,NONE,0.007,0.0
1630,304Nvl_L1_EW,304NVL_EW,0.008,0.008
1630,32Nvl_L3_NS,NONE,0.007,0.0
1630,32Nvl_L1_NS,32NVL_NS,0.014,0.008
1630,32Nvl_L1_EW,32NVL_EW,0.021,-0.017
1630,32Nvl_L2_EW,32NVL_EW,0.023,-0.01
1630,32Nvl_L1_EW,32NVL_EW,0.007,-0.031
1630,32Nvl_L2_EW,32NVL_EW,0.007,-0.025
1630,NvcNvl_L1_EW,NONE,0.011,0.0
1630,NvcNvl_L2_EW,NONE,0.008,0.0
1630,32Mt_L1_NS,32MT_NS,0.006,0.006
1630,32Mt_L1_EW,32MT_EW,0.014,-0.001
1630,32Mt_L1_NS,NONE,0.01,0.0
1630,NvcMt_L2_NS,NONE,0.032,0.0
1630,NvcMt_L2_EW,NVCMT_EW,0.003,0.003
1630,32Thn_L1_EW,32THN_EW,0.04,0.025
1630,32Thn_L2_EW,32THN_EW,0.042,0.025
1630,32Thn_L3_EW,NONE,0.041,0.0
1630,304Nvl_L2_NS,304NVL_NS,0.008,0.008
1630,32Nvl_L2_NS,32NVL_NS,0.007,0.001
1630,32Nvl_L3_EW,NONE,0.006,0.0
1630,32Nvl_L3_EW,NONE,0.019,0.0
1630,32Mt_L2_EW,32MT_EW,0.005,-0.011
1630,32Mt_L2_NS,NONE,0.009,0.0
1630,NvcMt_L1_NS,NONE,0.033,0.0
1630,NvcMt_L1_EW,NVCMT_EW,0.006,0.006
1635,304Nvl_L1_NS,304NVL_NS,0.009,-0.03
1635,304Nvl_L3_NS,NONE,0.007,0.0
1635,304Nvl_L1_EW,304NVL_EW,0.017,0.017
1635,304Nvl_L2_EW,304NVL_EW,0.007,0.007
1635,32Nvl_L3_NS,NONE,0.048,0.0
1635,32Nvl_L1_NS,32NVL_NS,0.055,0.049
1635,32Nvl_L1_EW,32NVL_EW,0.007,-0.008
1635,32Nvl_L2_EW,32NVL_EW,0.008,-0.004
1635,32Nvl_L1_EW,32NVL_EW,0.007,-0.008
1635,32Nvl_L2_EW,32NVL_EW,0.007,-0.004
1635,32Mt_L1_EW,NONE,0.014,0.0
1635,32Mt_L3_EW,NONE,0.009,0.0
1635,32Mt_L1_EW,32MT_EW,0.021,0.016
1635,NvcMt_L2_NS,NONE,0.026,0.0
1635,32Thn_L1_EW,NONE,0.049,0.0
1635,304Nvl_L2_NS,304NVL_NS,0.008,0.008
1635,304Nvl_L3_EW,NONE,0.006,0.0
1635,32Nvl_L2_NS,32NVL_NS,0.047,0.041
1635,32Nvl_L3_EW,NONE,0.006,0.0
1635,32Nvl_L3_EW,NONE,0.006,0.0
1635,32Nvl_L1_NS,32NVL_NS,0.007,0.0
1635,32Mt_L2_EW,NONE,0.008,0.0
1635,32Mt_L2_EW,32MT_EW,0.016,0.011
1635,NvcMt_L1_NS,NONE,0.027,0.0
1640,304Nvl_L1_NS,304NVL_NS,0.009,0.004
1640,304Nvl_L3_NS,NONE,0.007,0.0
1640,32Nvl_L1_NS,32NVL_NS,0.007,0.001
1640,32Nvl_L1_EW,32NVL_EW,0.042,0.038
1640,32Nvl_L2_EW,32NVL_EW,0.046,0.043
1640,32Nvl_L1_EW,32NVL_EW,0.007,0.002
1640,32Nvl_L2_EW,32NVL_EW,0.007,0.004
1640,32Mt_L1_NS,32MT_NS,0.006,0.006
1640,32Mt_L1_EW,NONE,0.014,0.0
1640,32Mt_L1_EW,32MT_EW,0.007,-0.023
1640,NvcMt_L1_EW,NVCMT_EW,0.006,0.006
1640,NvcMt_L2_EW,NVCMT_EW,0.003,0.003
1640,32Thn_L1_EW,NONE,0.049,0.0
1640,304Nvl_L2_NS,304NVL_NS,0.008,0.008
1640,32Nvl_L2_NS,32NVL_NS,0.007,0.001
1640,32Nvl_L3_EW,NONE,0.006,0.0
1640,32Nvl_L3_EW,NONE,0.038,0.0
1640,32Nvl_L1_NS,32NVL_NS,0.007,0.0
1640,32Mt_L2_EW,32MT_EW,0.005,-0.027
1640,NvcMt_L2_EW,NVCMT_EW,0.008,0.008
1640,NvcMt_L1_EW,NVCMT_EW,0.039,0.039
1645,304Nvl_L1_NS,304NVL_NS,0.009,0.009
1645,304Nvl_L3_NS,NONE,0.007,0.0
1645,304Nvl_L1_EW,304NVL_EW,0.008,0.008
1645,32Mt_L1_NS,32MT_NS,0.006,0.006
1645,32Mt_L1_EW,NONE,0.014,0.0
1645,304Nvl_L2_NS,304NVL_NS,0.008,0.008
1645,32Nvl_L1_NS,32NVL_NS,0.007,0.0
1650,304Nvl_L1_NS,304NVL_NS,0.009,0.009
1650,304Nvl_L3_NS,NONE,0.007,0.0
1650,304Nvl_L1_EW,304NVL_EW,0.042,0.042
1650,304Nvl_L2_EW,304NVL_EW,0.036,0.036
1650,NvcNvl_L3_NS,NONE,0.007,0.0
1650,NvcNvl_L2_NS,NONE,0.007,0.0
1650,NvcNvl_L1_EW,NONE,0.064,0.0
1650,NvcNvl_L2_EW,NONE,0.046,0.0
1650,32Mt_L1_EW,NONE,0.007,0.0
1650,32Mt_L3_EW,NONE,0.009,0.0
1650,NvcMt_L2_NS,NONE,0.026,0.0
1650,NvcCmt8_L2_EW,NVCCMT8_EW,0.005,0.005
1650,304Nvl_L2_NS,304NVL_NS,0.008,0.008
1650,304Nvl_L3_EW,NONE,0.032,0.0
1650,32Nvl_L1_NS,32NVL_NS,0.047,0.041
1650,NvcNvl_L1_NS,NONE,0.009,0.0
1650,NvcNvl_L3_EW,NONE,0.038,0.0
1650,32Mt_L2_EW,NONE,0.008,0.0
1650,NvcMt_L1_NS,NONE,0.027,0.0
1650,NvcCmt8_L1_EW,NVCCMT8_EW,0.008,0.008
1655,304Nvl_L1_NS,304NVL_NS,0.009,0.009
1655,304Nvl_L3_NS,NONE,0.007,0.0
1655,304Nvl_L1_EW,304NVL_EW,0.017,0.017
1655,304Nvl_L2_EW,304NVL_EW,0.015,0.015
1655,304Nvl_L1_NS,NONE,0.007,0.0
1655,304Nvl_L3_NS,NONE,0.008,0.0
1655,32Nvl_L3_NS,NONE,0.008,0.0
1655,32Nvl_L2_NS,32NVL_NS,0.008,0.003
1655,NvcNvl_L1_EW,NONE,0.011,0.0
1655,NvcNvl_L2_EW,NONE,0.008,0.0
1655,32Mt_L1_EW,NONE,0.007,0.0
1655,32Mt_L3_EW,NONE,0.009,0.0
1655,32Mt_L1_EW,32MT_EW,0.007,0.007
1655,304Nvl_L2_NS,304NVL_NS,0.008,0.002
1655,304Nvl_L3_EW,NONE,0.006,0.0
1655,304Nvl_L2_NS,NONE,0.007,0.0
1655,32Nvl_L1_NS,32NVL_NS,0.047,0.041
1655,32Mt_L2_EW,NONE,0.008,0.0
1655,32Mt_L2_EW,32MT_EW,0.005,0.005
1655,NvcCmt8_L1_EW,NONE,0.006,0.0
1660,304Nvl_L1_NS,304NVL_NS,0.009,0.009
1660,304Nvl_L3_NS,NONE,0.007,0.0
1660,304Nvl_L1_EW,304NVL_EW,0.008,0.008
1660,304Nvl_L2_EW,304NVL_EW,0.007,0.007
1660,304Nvl_L1_NS,NONE,0.036,0.0
1660,32Nvl_L3_NS,NONE,0.008,0.0
1660,32Nvl_L2_NS,32NVL_NS,0.008,0.003
1660,32Mt_L1_EW,NONE,0.007,0.0
1660,32Mt_L3_EW,NONE,0.009,0.0
1660,32Mt_L1_EW,32MT_EW,0.007,0.007
1660,32Mt_L1_NS,NONE,0.01,0.0
1660,304Nvl_L2_NS,304NVL_NS,0.008,0.002
1660,304Nvl_L3_EW,NONE,0.006,0.0
1660,32Nvl_L1_NS,32NVL_NS,0.013,0.007
1660,32Mt_L2_EW,NONE,0.008,0.0
1660,32Mt_L2_NS,NONE,0.009,0.0
1665,304Nvl_L1_NS,304NVL_NS,0.009,0.009
1665,304Nvl_L3_NS,NONE,0.007,0.0
1665,304Nvl_L1_EW,304NVL_EW,0.008,0.008
1665,304Nvl_L1_NS,NONE,0.007,0.0
1665,32Nvl_L3_NS,NONE,0.008,0.0
1665,32Nvl_L2_NS,32NVL_NS,0.008,0.003
1665,NvcNvl_L1_EW,NVCNVL_EW,0.007,-0.02
1665,32Mt_L1_EW,NONE,0.007,0.0
1665,32Mt_L1_EW,32MT_EW,0.014,0.014
1665,NvcMt_L1_EW,NVCMT_EW,0.038,0.033
1665,304Nvl_L2_NS,304NVL_NS,0.008,0.002
1665,32Nvl_L1_NS,32NVL_NS,0.007,0.0
1665,32Mt_L2_EW,32MT_EW,0.005,0.005
1665,NvcMt_L2_EW,NVCMT_EW,0.048,0.048
1670,304Nvl_L1_NS,304NVL_NS,0.009,0.009
1670,304Nvl_L3_NS,NONE,0.007,0.0
1670,304Nvl_L1_EW,304NVL_EW,0.017,0.017
1670,304Nvl_L2_EW,304NVL_EW,0.007,0.007
1670,32Nvl_L3_NS,NONE,0.008,0.0
1670,32Nvl_L2_NS,32NVL_NS,0.008,0.003
1670,NvcNvl_L3_NS,NONE,0.007,0.0
1670,NvcNvl_L2_NS,NONE,0.007,0.0
1670,NvcNvl_L1_EW,NVCNVL_EW,0.007,-0.002
1670,NvcNvl_L2_EW,NVCNVL_EW,0.008,0.008
1670,32Mt_L1_EW,NONE,0.007,0.0
1670,32Mt_L1_EW,32MT_EW,0.007,0.007
1670,32Mt_L1_NS,NONE,0.01,0.0
1670,NvcMt_L1_EW,NVCMT_EW,0.013,0.008
1670,NvcMt_L1_NS,NVCMT_NS,0.007,0.007
1670,304Nvl_L2_NS,304NVL_NS,0.008,0.002
1670,304Nvl_L3_EW,NONE,0.006,0.0
1670,32Nvl_L1_NS,32NVL_NS,0.007,0.0
1670,NvcNvl_L1_NS,NONE,0.009,0.0
1670,NvcNvl_L3_EW,NONE,0.009,0.0
1670,32Mt_L2_EW,32MT_EW,0.005,0.005
1670,NvcMt_L2_EW,NVCMT_EW,0.016,0.01
1670,NvcMt_L2_NS,NVCMT_NS,0.005,0.005
1675,304Nvl_L1_NS,304NVL_NS,0.009,0.009
1675,304Nvl_L3_NS,NONE,0.007,0.0
1675,32Nvl_L3_NS,NONE,0.008,0.0
1675,32Nvl_L2_NS,32NVL_NS,0.008,0.003
1675,NvcMt_L1_NS,NVCMT_NS,0.007,0.007
1675,304Nvl_L2_NS,304NVL_NS,0.008,0.002
1675,32Nvl_L1_NS,32NVL_NS,0.007,0.0
1675,NvcMt_L2_NS,NVCMT_NS,0.005,0.005
1680,304Nvl_L1_NS,304NVL_NS,0.018,0.018
1680,304Nvl_L3_NS,NONE,0.007,0.0
1680,32Nvl_L1_EW,32NVL_EW,0.007,0.007
1680,32Nvl_L2_EW,32NVL_EW,0.008,0.008
1680,32Nvl_L3_NS,NONE,0.017,0.0
1680,32Nvl_L2_NS,32NVL_NS,0.016,0.01
1680,32Mt_L1_EW,NONE,0.007,0.0
1680,NvcMt_L1_EW,NVCMT_EW,0.006,0.006
1680,NvcMt_L1_NS,NVCMT_NS,0.007,0.007
1680,NvcCmt8_L2_EW,NONE,0.007,0.0
1680,304Nvl_L2_NS,304NVL_NS,0.008,-0.003
1680,32Nvl_L3_EW,NONE,0.006,0.0
1680,32Nvl_L1_NS,32NVL_NS,0.013,0.001
1680,NvcMt_L2_EW,NVCMT_EW,0.008,0.008
1680,NvcMt_L1_EW,NVCMT_EW,0.006,0.006
1680,NvcMt_L2_NS,NVCMT_NS,0.005,0.005
1680,NvcCmt8_L1_EW,NONE,0.006,0.0
1685,304Nvl_L1_NS,304NVL_NS,0.009,-0.015
1685,32Nvl_L3_NS,NONE,0.034,0.0
1685,32Nvl_L1_NS,32NVL_NS,0.035,0.028
1685,32Nvl_L3_NS,NONE,0.008,0.0
1685,32Nvl_L2_NS,32NVL_NS,0.008,0.008
1685,NvcNvl_L3_NS,NONE,0.007,0.0
1685,NvcNvl_L2_NS,NONE,0.007,0.0
1685,32Mt_L1_NS,NONE,0.02,0.0
1685,NvcMt_L1_EW,NVCMT_EW,0.006,0.006
1685,NvcMt_L1_NS,NVCMT_NS,0.041,0.041
1685,32Nvl_L2_NS,32NVL_NS,0.033,0.033
1685,32Nvl_L1_NS,32NVL_NS,0.013,0.007
1685,NvcNvl_L1_NS,NONE,0.009,0.0
1685,32Mt_L2_NS,NONE,0.017,0.0
1685,NvcMt_L2_EW,NVCMT_EW,0.008,0.008
1685,NvcMt_L2_NS,NVCMT_NS,0.032,0.032
1690,304Nvl_L1_NS,304NVL_NS,0.009,0.004
1690,32Nvl_L1_NS,32NVL_NS,0.007,0.001
1690,NvcNvl_L1_EW,NVCNVL_EW,0.007,0.003
1690,NvcNvl_L2_EW,NVCNVL_EW,0.008,0.008
1690,32Mt_L1_EW,32MT_EW,0.007,0.007
1690,NvcMt_L1_EW,NVCMT_EW,0.006,-0.004
1690,NvcMt_L1_NS,NVCMT_NS,0.034,0.034
1690,32Nvl_L2_NS,32NVL_NS,0.007,0.007
1690,NvcNvl_L3_EW,NONE,0.009,0.0
1690,32Mt_L2_EW,32MT_EW,0.005,0.005
1690,NvcMt_L2_EW,NVCMT_EW,0.008,0.002
1690,NvcMt_L2_NS,NVCMT_NS,0.027,0.027
1690,NvcCmt8_L1_EW,NVCCMT8_EW,0.008,0.003
1695,304Nvl_L1_EW,304NVL_EW,0.042,0.042
1695,304Nvl_L2_EW,304NVL_EW,0.036,0.036
1695,304Nvl_L1_NS,NONE,0.007,0.0
1695,32Nvl_L1_NS,32NVL_NS,0.007,0.007
1695,32Nvl_L3_NS,NONE,0.05,0.0
1695,32Nvl_L2_NS,32NVL_NS,0.047,0.047
1695,NvcNvl_L3_NS,NONE,0.041,0.0
1695,NvcNvl_L2_NS,NONE,0.04,0.0
1695,32Mt_L1_NS,32MT_NS,0.006,0.006
1695,32Mt_L1_EW,NONE,0.007,0.0
1695,32Mt_L1_EW,32MT_EW,0.007,0.007
1695,304Nvl_L3_EW,NONE,0.032,0.0
1695,32Nvl_L1_NS,32NVL_NS,0.074,0.074
1695,NvcNvl_L1_NS,NONE,0.052,0.0
1695,32Mt_L2_EW,32MT_EW,0.005,0.005
1700,304Nvl_L1_EW,304NVL_EW,0.042,0.042
1700,304Nvl_L2_EW,304NVL_EW,0.036,0.036
1700,32Nvl_L1_EW,32NVL_EW,0.034,0.023
1700,32Nvl_L2_EW,32NVL_EW,0.037,0.028
1700,NvcNvl_L3_NS,NONE,0.048,0.0
1700,NvcNvl_L2_NS,NONE,0.046,0.0
1700,NvcNvl_L1_EW,NVCNVL_EW,0.007,0.007
1700,NvcNvl_L2_EW,NVCNVL_EW,0.008,0.008
1700,32Mt_L1_EW,NONE,0.007,0.0
1700,32Mt_L3_EW,NONE,0.009,0.0
1700,32Mt_L1_EW,32MT_EW,0.007,0.007
1700,32Thn_L1_EW,32THN_EW,0.008,0.008
1700,32Thn_L2_EW,32THN_EW,0.008,0.008
1700,304Nvl_L3_EW,NONE,0.032,0.0
1700,32Nvl_L3_EW,NONE,0.031,0.0
1700,32Nvl_L1_NS,32NVL_NS,0.007,0.007
1700,NvcNvl_L1_NS,NONE,0.061,0.0
1700,NvcNvl_L3_EW,NONE,0.009,0.0
1700,32Mt_L2_EW,NONE,0.008,0.0
1700,32Mt_L2_EW,32MT_EW,0.005,0.005
1705,304Nvl_L1_EW,304NVL_EW,0.051,0.051
1705,304Nvl_L2_EW,304NVL_EW,0.007,0.007
1705,32Nvl_L1_EW,32NVL_EW,0.034,0.023
1705,32Nvl_L2_EW,32NVL_EW,0.037,0.028
1705,NvcNvl_L3_NS,NONE,0.014,0.0
1705,NvcNvl_L2_NS,NONE,0.013,0.0
1705,32Mt_L1_EW,32MT_EW,0.007,0.007
1705,NvcCmt8_L2_EW,NONE,0.007,0.0
1705,32Thn_L1_EW,32THN_EW,0.008,0.008
1705,32Thn_L2_EW,32THN_EW,0.008,0.008
1705,32Thn_L3_EW,NONE,0.008,0.0
1705,304Nvl_L3_EW,NONE,0.006,0.0
1705,32Nvl_L3_EW,NONE,0.031,0.0
1705,NvcNvl_L1_NS,NONE,0.017,0.0
1705,32Mt_L2_EW,32MT_EW,0.005,0.005
1705,NvcCmt8_L1_EW,NONE,0.006,0.0
1710,32Nvl_L1_EW,32NVL_EW,0.034,0.019
1710,32Nvl_L2_EW,32NVL_EW,0.037,0.03
1710,32Nvl_L3_NS,NONE,0.042,0.0
1710,32Nvl_L2_NS,32NVL_NS,0.039,0.039
1710,NvcNvl_L1_EW,NONE,0.053,0.0
1710,NvcNvl_L2_EW,NONE,0.038,0.0
1710,32Mt_L1_EW,NONE,0.007,0.0
1710,32Mt_L3_EW,NONE,0.009,0.0
1710,32Mt_L1_EW,32MT_EW,0.021,0.021
1710,32Thn_L1_EW,NONE,0.01,0.0
1710,32Nvl_L3_EW,NONE,0.031,0.0
1710,32Nvl_L1_NS,32NVL_NS,0.034,0.034
1710,32Mt_L2_EW,NONE,0.008,0.0
1710,32Mt_L2_EW,32MT_EW,0.011,0.011
1715,304Nvl_L1_EW,304NVL_EW,0.008,0.008
1715,32Nvl_L1_EW,32NVL_EW,0.007,-0.008
1715,32Nvl_L2_EW,32NVL_EW,0.008,-0.004
1715,32Nvl_L1_EW,32NVL_EW,0.034,0.019
1715,32Nvl_L2_EW,32NVL_EW,0.037,0.026
1715,32Nvl_L3_NS,NONE,0.15,0.0
1715,32Nvl_L2_NS,32NVL_NS,0.142,0.142
1715,NvcNvl_L1_EW,NONE,0.011,0.0
1715,NvcNvl_L2_EW,NONE,0.008,0.0
1715,32Mt_L1_EW,NONE,0.014,0.0
1715,32Mt_L3_EW,NONE,0.018,0.0
1715,32Mt_L1_EW,32MT_EW,0.021,0.016
1715,32Thn_L1_EW,NONE,0.01,0.0
1715,32Nvl_L3_EW,NONE,0.031,0.0
1715,32Nvl_L3_EW,NONE,0.006,0.0
1715,32Nvl_L1_NS,32NVL_NS,0.121,0.121
1715,32Mt_L2_EW,NONE,0.015,0.0
1715,32Mt_L2_EW,32MT_EW,0.016,0.011
1720,304Nvl_L1_EW,304NVL_EW,0.017,0.017
1720,304Nvl_L2_EW,304NVL_EW,0.015,0.015
1720,32Nvl_L3_NS,NONE,0.007,0.0
1720,32Nvl_L1_NS,32NVL_NS,0.007,0.007
1720,32Nvl_L1_EW,32NVL_EW,0.007,-0.008
1720,32Nvl_L2_EW,32NVL_EW,0.008,-0.004
1720,32Nvl_L1_EW,32NVL_EW,0.034,0.019
1720,32Nvl_L2_EW,32NVL_EW,0.037,0.026
1720,32Nvl_L3_NS,NONE,0.117,0.0
1720,32Nvl_L2_NS,32NVL_NS,0.111,0.111
1720,NvcNvl_L3_NS,NONE,0.034,0.0
1720,NvcNvl_L2_NS,NONE,0.033,0.0
1720,32Mt_L1_EW,NONE,0.014,0.0
1720,32Mt_L3_EW,NONE,0.018,0.0
1720,32Mt_L1_EW,32MT_EW,0.021,0.016
1720,32Mt_L1_NS,NONE,0.02,0.0
1720,NvcCmt8_L2_EW,NVCCMT8_EW,0.005,0.005
1720,304Nvl_L3_EW,NONE,0.013,0.0
1720,32Nvl_L2_NS,32NVL_NS,0.007,0.007
1720,32Nvl_L3_EW,NONE,0.031,0.0
1720,32Nvl_L3_EW,NONE,0.006,0.0
1720,32Nvl_L1_NS,32NVL_NS,0.094,0.094
1720,NvcNvl_L1_NS,NONE,0.044,0.0
1720,32Mt_L2_EW,NONE,0.015,0.0
1720,32Mt_L2_EW,32MT_EW,0.016,0.011
1720,32Mt_L2_NS,NONE,0.009,0.0
1720,NvcCmt8_L1_EW,NVCCMT8_EW,0.015,0.015
1725,304Nvl_L1_NS,NONE,0.007,0.0
1725,304Nvl_L3_NS,NONE,0.008,0.0
1725,32Nvl_L1_EW,32NVL_EW,0.007,-0.003
1725,32Nvl_L2_EW,32NVL_EW,0.008,0.0
1725,32Nvl_L1_EW,32NVL_EW,0.034,0.024
1725,32Nvl_L2_EW,32NVL_EW,0.037,0.03
1725,32Nvl_L3_NS,NONE,0.05,0.0
1725,32Nvl_L2_NS,32NVL_NS,0.047,0.047
1725,32Mt_L1_EW,NONE,0.007,0.0
1725,32Mt_L3_EW,NONE,0.009,0.0
1725,32Mt_L1_EW,32MT_EW,0.014,0.009
1725,32Mt_L1_NS,NONE,0.01,0.0
1725,NvcCmt8_L2_EW,NVCCMT8_EW,0.005,0.005
1725,304Nvl_L2_NS,NONE,0.007,0.0
1725,32Nvl_L3_EW,NONE,0.031,0.0
1725,32Nvl_L3_EW,NONE,0.006,0.0
1725,32Nvl_L1_NS,32NVL_NS,0.04,0.04
1725,32Mt_L2_EW,NONE,0.008,0.0
1725,32Mt_L2_EW,32MT_EW,0.011,0.005
1725,NvcCmt8_L1_EW,NVCCMT8_EW,0.008,0.008
1730,304Nvl_L1_EW,304NVL_EW,0.017,0.017
1730,304Nvl_L2_EW,304NVL_EW,0.015,0.015
1730,304Nvl_L1_NS,NONE,0.015,0.0
1730,32Nvl_L1_NS,32NVL_NS,0.007,0.007
1730,32Nvl_L1_EW,32NVL_EW,0.007,-0.008
1730,32Nvl_L2_EW,32NVL_EW,0.008,0.0
1730,32Nvl_L1_EW,32NVL_EW,0.034,0.019
1730,32Nvl_L2_EW,32NVL_EW,0.037,0.03
1730,NvcNvl_L3_NS,NONE,0.007,0.0
1730,NvcNvl_L2_NS,NONE,0.007,0.0
1730,NvcNvl_L1_EW,NVCNVL_EW,0.035,0.035
1730,32Mt_L1_EW,NONE,0.007,0.0
1730,32Mt_L1_EW,32MT_EW,0.021,0.016
1730,32Mt_L1_NS,NONE,0.01,0.0
1730,NvcCmt8_L2_EW,NVCCMT8_EW,0.005,0.005
1730,NvcCmt8_L2_EW,NONE,0.007,0.0
1730,304Nvl_L3_EW,NONE,0.013,0.0
1730,32Nvl_L3_EW,NONE,0.031,0.0
1730,32Nvl_L3_EW,NONE,0.006,0.0
1730,NvcNvl_L1_NS,NONE,0.009,0.0
1730,32Mt_L2_EW,32MT_EW,0.011,0.005
1730,NvcCmt8_L1_EW,NVCCMT8_EW,0.008,0.008
1730,NvcCmt8_L1_EW,NONE,0.006,0.0
1735,304Nvl_L1_NS,304NVL_NS,0.009,0.004
1735,304Nvl_L3_NS,NONE,0.007,0.0
1735,32Nvl_L1_NS,32NVL_NS,0.007,0.001
1735,32Nvl_L1_EW,32NVL_EW,0.014,-0.01
1735,32Nvl_L2_EW,32NVL_EW,0.015,0.0
1735,32Nvl_L1_EW,32NVL_EW,0.034,0.009
1735,32Nvl_L2_EW,32NVL_EW,0.037,0.022
1735,32Mt_L1_EW,32MT_EW,0.035,0.025
1735,32Mt_L1_NS,NONE,0.01,0.0
1735,304Nvl_L2_NS,304NVL_NS,0.008,0.008
1735,32Nvl_L3_EW,NONE,0.031,0.0
1735,32Nvl_L3_EW,NONE,0.013,0.0
1735,32Mt_L2_EW,32MT_EW,0.022,0.011
1740,304Nvl_L1_NS,304NVL_NS,0.018,0.018
1740,304Nvl_L3_NS,NONE,0.007,0.0
1740,304Nvl_L1_NS,NONE,0.007,0.0
1740,32Nvl_L1_EW,32NVL_EW,0.014,-0.005
1740,32Nvl_L2_EW,32NVL_EW,0.015,0.0
1740,32Nvl_L1_EW,32NVL_EW,0.034,0.014
1740,32Nvl_L2_EW,32NVL_EW,0.037,0.022
1740,32Nvl_L3_NS,NONE,0.008,0.0
1740,32Nvl_L2_NS,32NVL_NS,0.008,0.003
1740,32Mt_L1_EW,32MT_EW,0.028,0.018
1740,32Thn_L1_NS,32THN_NS,0.01,0.01
1740,32Thn_L2_NS,32THN_NS,0.013,0.013
1740,304Nvl_L2_NS,304NVL_NS,0.008,0.002
1740,32Nvl_L3_EW,NONE,0.031,0.0
1740,32Nvl_L3_EW,NONE,0.013,0.0
1740,32Nvl_L1_NS,32NVL_NS,0.007,-0.006
1740,32Mt_L2_EW,32MT_EW,0.022,0.011
1745,304Nvl_L1_NS,304NVL_NS,0.018,0.018
1745,304Nvl_L3_NS,NONE,0.007,0.0
1745,304Nvl_L1_EW,304NVL_EW,0.008,0.008
1745,304Nvl_L2_EW,304NVL_EW,0.007,0.007
1745,32Nvl_L1_EW,32NVL_EW,0.014,0.009
1745,32Nvl_L2_EW,32NVL_EW,0.015,0.012
1745,32Nvl_L1_EW,32NVL_EW,0.034,0.029
1745,32Nvl_L2_EW,32NVL_EW,0.037,0.034
1745,32Nvl_L3_NS,NONE,0.008,0.0
1745,32Nvl_L2_NS,32NVL_NS,0.008,0.003
1745,32Mt_L1_EW,NONE,0.007,0.0
1745,32Mt_L3_EW,NONE,0.009,0.0
1745,32Mt_L1_EW,32MT_EW,0.007,-0.003
1745,32Mt_L1_NS,NONE,0.01,0.0
1745,NvcCmt8_L2_EW,NVCCMT8_EW,0.005,0.005
1745,32Thn_L1_NS,32THN_NS,0.01,0.01
1745,32Thn_L2_NS,32THN_NS,0.013,0.013
1745,304Nvl_L2_NS,304NVL_NS,0.008,0.002
1745,304Nvl_L3_EW,NONE,0.006,0.0
1745,32Nvl_L3_EW,NONE,0.031,0.0
1745,32Nvl_L3_EW,NONE,0.013,0.0
1745,32Nvl_L1_NS,32NVL_NS,0.013,0.001
1745,32Mt_L2_EW,NONE,0.008,0.0
1745,32Mt_L2_EW,32MT_EW,0.005,-0.005
1745,NvcCmt8_L1_EW,NVCCMT8_EW,0.015,0.015
1750,304Nvl_L1_NS,304NVL_NS,0.018,0.018
1750,304Nvl_L3_NS,NONE,0.007,0.0
1750,304Nvl_L1_EW,304NVL_EW,0.152,0.152
1750,304Nvl_L2_EW,304NVL_EW,0.131,0.131
1750,32Nvl_L1_EW,32NVL_EW,0.007,-0.003
1750,32Nvl_L2_EW,32NVL_EW,0.008,0.0
1750,32Nvl_L1_EW,32NVL_EW,0.034,0.024
1750,32Nvl_L2_EW,32NVL_EW,0.037,0.03
1750,32Nvl_L3_NS,NONE,0.008,0.0
1750,32Nvl_L2_NS,32NVL_NS,0.008,-0.003
1750,32Mt_L1_NS,32MT_NS,0.006,0.006
1750,32Mt_L1_EW,NONE,0.007,0.0
1750,32Mt_L3_EW,NONE,0.009,0.0
1750,32Mt_L1_EW,32MT_EW,0.014,0.009
1750,32Mt_L1_NS,NONE,0.01,0.0
1750,NvcCmt8_L2_EW,NVCCMT8_EW,0.005,0.005
1750,32Thn_L1_NS,32THN_NS,0.01,0.01
1750,32Thn_L2_NS,32THN_NS,0.013,0.013
1750,304Nvl_L2_NS,304NVL_NS,0.015,0.01
1750,304Nvl_L3_EW,NONE,0.082,0.0
1750,32Nvl_L3_EW,NONE,0.031,0.0
1750,32Nvl_L3_EW,NONE,0.006,0.0
1750,32Nvl_L1_NS,32NVL_NS,0.007,-0.006
1750,32Mt_L2_EW,NONE,0.008,0.0
1750,32Mt_L2_EW,32MT_EW,0.011,0.005
1750,32Mt_L2_NS,NONE,0.009,0.0
1750,NvcCmt8_L1_EW,NVCCMT8_EW,0.008,0.008
1755,304Nvl_L1_NS,304NVL_NS,0.009,-0.005
1755,304Nvl_L3_NS,NONE,0.007,0.0
1755,304Nvl_L1_EW,304NVL_EW,0.195,0.195
1755,304Nvl_L2_EW,304NVL_EW,0.167,0.167
1755,304Nvl_L1_NS,NONE,0.044,0.0
1755,304Nvl_L3_NS,NONE,0.04,0.0
1755,32Nvl_L3_NS,NONE,0.014,0.0
1755,32Nvl_L1_NS,32NVL_NS,0.021,0.014
1755,32Nvl_L1_EW,32NVL_EW,0.014,0.009
1755,32Nvl_L2_EW,32NVL_EW,0.015,0.012
1755,32Nvl_L1_EW,32NVL_EW,0.034,0.029
1755,32Nvl_L2_EW,32NVL_EW,0.037,0.034
1755,32Nvl_L3_NS,NONE,0.008,0.0
1755,32Nvl_L2_NS,32NVL_NS,0.008,0.003
1755,NvcNvl_L3_NS,NONE,0.007,0.0
1755,NvcNvl_L2_NS,NONE,0.007,0.0
1755,32Mt_L1_NS,32MT_NS,0.019,0.019
1755,32Mt_L1_EW,32MT_EW,0.007,-0.003
1755,NvcCmt8_L2_EW,NVCCMT8_EW,0.005,0.005
1755,32Thn_L1_NS,32THN_NS,0.01,0.01
1755,32Thn_L2_NS,32THN_NS,0.013,0.013
1755,304Nvl_L2_NS,304NVL_NS,0.008,0.002
1755,304Nvl_L3_EW,NONE,0.146,0.0
1755,304Nvl_L2_NS,NONE,0.037,0.0
1755,32Nvl_L2_NS,32NVL_NS,0.013,0.008
1755,32Nvl_L3_EW,NONE,0.031,0.0
1755,32Nvl_L3_EW,NONE,0.013,0.0
1755,32Nvl_L1_NS,32NVL_NS,0.013,0.007
1755,NvcNvl_L1_NS,NONE,0.009,0.0
1755,32Mt_L2_EW,32MT_EW,0.005,-0.005
1755,NvcCmt8_L1_EW,NVCCMT8_EW,0.008,0.008
1755,NvcCmt8_L1_EW,NONE,0.006,0.0
1760,304Nvl_L1_NS,304NVL_NS,0.009,-0.001
1760,304Nvl_L3_NS,NONE,0.007,0.0
1760,304Nvl_L1_EW,304NVL_EW,0.068,0.068
1760,304Nvl_L2_EW,304NVL_EW,0.058,0.058
1760,304Nvl_L1_NS,NONE,0.007,0.0
1760,304Nvl_L3_NS,NONE,0.008,0.0
1760,32Nvl_L3_NS,NONE,0.007,0.0
1760,32Nvl_L1_NS,32NVL_NS,0.014,0.008
1760,32Nvl_L1_EW,32NVL_EW,0.007,0.002
1760,32Nvl_L2_EW,32NVL_EW,0.008,0.004
1760,32Nvl_L1_EW,32NVL_EW,0.034,0.029
1760,32Nvl_L2_EW,32NVL_EW,0.037,0.034
1760,NvcNvl_L3_NS,NONE,0.014,0.0
1760,NvcNvl_L2_NS,NONE,0.013,0.0
1760,32Mt_L1_NS,32MT_NS,0.019,0.019
1760,32Mt_L1_EW,NONE,0.014,0.0
1760,32Mt_L3_EW,NONE,0.009,0.0
1760,32Mt_L1_EW,32MT_EW,0.007,0.002
1760,32Mt_L1_NS,NONE,0.01,0.0
1760,NvcMt_L2_NS,NONE,0.026,0.0
1760,NvcMt_L2_EW,NVCMT_EW,0.003,0.003
1760,32Thn_L1_NS,32THN_NS,0.01,0.01
1760,32Thn_L2_NS,32THN_NS,0.013,0.013
1760,304Nvl_L2_NS,304NVL_NS,0.008,0.008
1760,304Nvl_L3_EW,NONE,0.051,0.0
1760,304Nvl_L2_NS,NONE,0.007,0.0
1760,32Nvl_L2_NS,32NVL_NS,0.013,0.008
1760,32Nvl_L3_EW,NONE,0.031,0.0
1760,32Nvl_L3_EW,NONE,0.006,0.0
1760,32Nvl_L1_NS,32NVL_NS,0.007,0.0
1760,NvcNvl_L1_NS,NONE,0.017,0.0
1760,32Mt_L2_EW,NONE,0.008,0.0
1760,32Mt_L2_EW,32MT_EW,0.005,0.0
1760,32Mt_L2_NS,NONE,0.009,0.0
1760,NvcMt_L1_NS,NONE,0.027,0.0
1760,NvcMt_L1_EW,NVCMT_EW,0.006,0.006
1760,NvcCmt8_L1_EW,NONE,0.006,0.0
1765,304Nvl_L1_NS,304NVL_NS,0.009,0.004
1765,304Nvl_L3_NS,NONE,0.007,0.0
1765,304Nvl_L1_EW,304NVL_EW,0.017,0.017
1765,304Nvl_L2_EW,304NVL_EW,0.015,0.015
1765,304Nvl_L1_NS,NONE,0.088,0.0
1765,32Nvl_L3_NS,NONE,0.007,0.0
1765,32Nvl_L1_NS,32NVL_NS,0.007,0.001
1765,32Nvl_L1_EW,32NVL_EW,0.007,0.007
1765,32Nvl_L2_EW,32NVL_EW,0.008,0.008
1765,32Nvl_L1_EW,32NVL_EW,0.034,0.034
1765,32Nvl_L2_EW,32NVL_EW,0.037,0.037
1765,NvcNvl_L3_NS,NONE,0.007,0.0
1765,NvcNvl_L2_NS,NONE,0.013,0.0
1765,32Mt_L1_NS,32MT_NS,0.013,0.013
1765,32Mt_L1_NS,NONE,0.01,0.0
1765,32Thn_L1_NS,32THN_NS,0.01,0.01
1765,32Thn_L2_NS,32THN_NS,0.013,0.013
1765,304Nvl_L2_NS,304NVL_NS,0.008,0.008
1765,304Nvl_L3_EW,NONE,0.006,0.0
1765,32Nvl_L2_NS,32NVL_NS,0.007,0.001
1765,32Nvl_L3_EW,NONE,0.031,0.0
1765,32Nvl_L3_EW,NONE,0.006,0.0
1765,32Nvl_L1_NS,32NVL_NS,0.007,0.0
1765,NvcNvl_L1_NS,NONE,0.017,0.0
1765,32Mt_L2_NS,NONE,0.009,0.0
1770,304Nvl_L1_NS,304NVL_NS,0.009,0.009
1770,304Nvl_L3_NS,NONE,0.007,0.0
1770,304Nvl_L1_EW,304NVL_EW,0.008,0.008
1770,304Nvl_L1_NS,NONE,0.168,0.0
1770,32Nvl_L1_EW,32NVL_EW,0.014,0.009
1770,32Nvl_L2_EW,32NVL_EW,0.015,0.01
1770,32Nvl_L1_EW,32NVL_EW,0.034,0.028
1770,32Nvl_L2_EW,32NVL_EW,0.037,0.032
1770,NvcNvl_L3_NS,NONE,0.02,0.0
1770,NvcNvl_L2_NS,NONE,0.02,0.0
1770,NvcNvl_L1_EW,NONE,0.011,0.0
1770,NvcNvl_L2_EW,NONE,0.008,0.0
1770,32Mt_L1_NS,32MT_NS,0.006,0.006
1770,32Mt_L1_EW,NONE,0.014,0.0
1770,32Mt_L3_EW,NONE,0.018,0.0
1770,32Mt_L1_NS,NONE,0.01,0.0
1770,NvcCmt8_L2_EW,NVCCMT8_EW,0.005,0.005
1770,32Thn_L1_NS,32THN_NS,0.01,0.01
1770,32Thn_L1_EW,32THN_EW,0.008,-0.002
1770,32Thn_L2_EW,32THN_EW,0.008,-0.002
1770,32Thn_L3_EW,NONE,0.008,0.0
1770,32Thn_L2_NS,32THN_NS,0.013,0.013
1770,304Nvl_L2_NS,304NVL_NS,0.008,0.008
1770,32Nvl_L3_EW,NONE,0.031,0.0
1770,32Nvl_L3_EW,NONE,0.013,0.0
1770,32Nvl_L1_NS,32NVL_NS,0.007,0.0
1770,NvcNvl_L1_NS,NONE,0.026,0.0
1770,NvcNvl_L3_EW,NONE,0.006,0.0
1770,32Mt_L2_EW,NONE,0.015,0.0
1770,NvcCmt8_L1_EW,NVCCMT8_EW,0.008,0.008
1775,304Nvl_L1_NS,304NVL_NS,0.009,0.009
1775,304Nvl_L3_NS,NONE,0.007,0.0
1775,304Nvl_L1_NS,NONE,0.058,0.0
1775,304Nvl_L3_NS,NONE,0.008,0.0
1775,32Nvl_L1_EW,32NVL_EW,0.028,0.023
1775,32Nvl_L2_EW,32NVL_EW,0.031,0.027
1775,32Nvl_L1_EW,32NVL_EW,0.04,0.035
1775,32Nvl_L2_EW,32NVL_EW,0.045,0.041
1775,32Nvl_L3_NS,NONE,0.008,0.0
1775,32Nvl_L2_NS,32NVL_NS,0.008,0.003
1775,NvcNvl_L3_NS,NONE,0.014,0.0
1775,NvcNvl_L2_NS,NONE,0.013,0.0
1775,NvcNvl_L1_EW,NONE,0.011,0.0
1775,NvcNvl_L2_EW,NONE,0.008,0.0
1775,NvcNvl_L1_EW,NVCNVL_EW,0.007,0.007
1775,32Mt_L1_NS,32MT_NS,0.013,0.008
1775,32Mt_L1_EW,32MT_EW,0.007,-0.013
1775,32Mt_L1_NS,NONE,0.02,0.0
1775,NvcMt_L1_NS,NVCMT_NS,0.007,-0.002
1775,32Thn_L1_NS,32THN_NS,0.01,0.01
1775,32Thn_L1_EW,NONE,0.01,0.0
1775,32Thn_L2_NS,32THN_NS,0.013,0.013
1775,304Nvl_L2_NS,304NVL_NS,0.008,0.002
1775,304Nvl_L2_NS,NONE,0.007,0.0
1775,32Nvl_L3_EW,NONE,0.037,0.0
1775,32Nvl_L3_EW,NONE,0.025,0.0
1775,32Nvl_L1_NS,32NVL_NS,0.007,0.0
1775,NvcNvl_L1_NS,NONE,0.017,0.0
1775,32Mt_L2_EW,32MT_EW,0.005,-0.016
1775,32Mt_L2_NS,NONE,0.017,0.0
1775,NvcMt_L2_NS,NVCMT_NS,0.005,0.005
1780,304Nvl_L1_NS,304NVL_NS,0.009,-0.001
1780,304Nvl_L3_NS,NONE,0.007,0.0
1780,304Nvl_L1_EW,304NVL_EW,0.008,0.008
1780,304Nvl_L2_EW,304NVL_EW,0.007,0.007
1780,304Nvl_L1_NS,NONE,0.007,0.0
1780,32Nvl_L3_NS,NONE,0.014,0.0
1780,32Nvl_L1_NS,32NVL_NS,0.014,0.003
1780,32Nvl_L1_EW,32NVL_EW,0.014,0.009
1780,32Nvl_L2_EW,32NVL_EW,0.015,0.015
1780,32Nvl_L1_EW,32NVL_EW,0.04,0.035
1780,32Nvl_L2_EW,32NVL_EW,0.045,0.045
1780,NvcNvl_L3_NS,NONE,0.007,0.0
1780,NvcNvl_L2_NS,NONE,0.007,0.0
1780,NvcNvl_L1_EW,NVCNVL_EW,0.007,0.007
1780,NvcNvl_L2_EW,NVCNVL_EW,0.008,0.008
1780,NvcNvl_L1_NS,NVCNVL_NS,0.007,-0.003
1780,32Mt_L1_EW,NONE,0.007,0.0
1780,32Mt_L3_EW,NONE,0.009,0.0
1780,32Mt_L1_EW,32MT_EW,0.007,-0.003
1780,32Mt_L1_NS,NONE,0.02,0.0
1780,NvcMt_L1_NS,NVCMT_NS,0.007,0.007
1780,32Thn_L1_NS,32THN_NS,0.01,0.01
1780,32Thn_L2_NS,32THN_NS,0.013,0.013
1780,304Nvl_L2_NS,304NVL_NS,0.008,0.008
1780,32Nvl_L2_NS,32NVL_NS,0.013,0.008
1780,32Nvl_L3_EW,NONE,0.037,0.0
1780,32Nvl_L3_EW,NONE,0.013,0.0
1780,32Nvl_L1_NS,32NVL_NS,0.007,-0.004
1780,NvcNvl_L1_NS,NONE,0.009,0.0
1780,NvcNvl_L3_EW,NONE,0.009,0.0
1780,32Mt_L2_EW,NONE,0.008,0.0
1780,NvcMt_L2_NS,NVCMT_NS,0.005,0.005
1785,304Nvl_L1_NS,304NVL_NS,0.009,0.009
1785,304Nvl_L3_NS,NONE,0.007,0.0
1785,304Nvl_L1_EW,304NVL_EW,0.008,0.008
1785,32Nvl_L1_EW,32NVL_EW,0.014,0.009
1785,32Nvl_L2_EW,32NVL_EW,0.015,0.012
1785,32Nvl_L1_EW,32NVL_EW,0.04,0.035
1785,32Nvl_L2_EW,32NVL_EW,0.045,0.041
1785,32Nvl_L3_NS,NONE,0.042,0.0
1785,32Nvl_L2_NS,32NVL_NS,0.039,0.034
1785,NvcNvl_L1_EW,NONE,0.011,0.0
1785,NvcNvl_L2_EW,NONE,0.008,0.0
1785,NvcNvl_L1_EW,NVCNVL_EW,0.007,0.007
1785,NvcNvl_L1_NS,NVCNVL_NS,0.007,0.007
1785,32Mt_L1_EW,NONE,0.05,0.0
1785,32Mt_L3_EW,NONE,0.053,0.0
1785,32Mt_L1_EW,32MT_EW,0.007,-0.003
1785,32Mt_L1_NS,NONE,0.02,0.0
1785,NvcMt_L1_NS,NVCMT_NS,0.007,0.007
1785,32Thn_L1_NS,32THN_NS,0.01,0.01
1785,32Thn_L2_NS,32THN_NS,0.013,0.013
1785,304Nvl_L2_NS,304NVL_NS,0.008,-0.02
1785,32Nvl_L3_EW,NONE,0.037,0.0
1785,32Nvl_L3_EW,NONE,0.013,0.0
1785,32Nvl_L1_NS,32NVL_NS,0.034,0.023
1785,32Mt_L2_EW,NONE,0.045,0.0
1785,32Mt_L2_EW,32MT_EW,0.005,-0.005
1785,32Mt_L2_NS,NONE,0.009,0.0
1785,NvcMt_L2_NS,NVCMT_NS,0.005,0.005
1790,304Nvl_L1_NS,304NVL_NS,0.009,0.009
1790,304Nvl_L3_NS,NONE,0.007,0.0
1790,32Nvl_L1_EW,32NVL_EW,0.007,0.007
1790,32Nvl_L2_EW,32NVL_EW,0.008,0.008
1790,32Nvl_L1_EW,32NVL_EW,0.007,0.007
1790,32Nvl_L2_EW,32NVL_EW,0.007,0.007
1790,32Nvl_L3_NS,NONE,0.042,0.0
1790,32Nvl_L2_NS,32NVL_NS,0.039,0.034
1790,NvcNvl_L1_EW,NONE,0.021,0.0
1790,NvcNvl_L2_EW,NONE,0.015,0.0
1790,32Mt_L1_EW,NONE,0.036,0.0
1790,32Mt_L3_EW,NONE,0.044,0.0
1790,32Mt_L1_NS,NONE,0.01,0.0
1790,NvcMt_L2_NS,NONE,0.063,0.0
1790,NvcMt_L1_NS,NVCMT_NS,0.014,0.014
1790,32Thn_L1_NS,32THN_NS,0.01,0.01
1790,32Thn_L2_NS,32THN_NS,0.013,0.013
1790,304Nvl_L2_NS,304NVL_NS,0.008,-0.02
1790,32Nvl_L3_EW,NONE,0.006,0.0
1790,32Nvl_L3_EW,NONE,0.006,0.0
1790,32Nvl_L1_NS,32NVL_NS,0.04,0.034
1790,NvcNvl_L3_EW,NONE,0.006,0.0
1790,32Mt_L2_EW,NONE,0.038,0.0
1790,NvcMt_L1_NS,NONE,0.066,0.0
1790,NvcMt_L2_NS,NVCMT_NS,0.011,0.011
1795,304Nvl_L1_NS,304NVL_NS,0.009,0.004
1795,304Nvl_L3_NS,NONE,0.007,0.0
1795,304Nvl_L1_EW,304NVL_EW,0.042,0.042
1795,304Nvl_L2_EW,304NVL_EW,0.036,0.036
1795,32Nvl_L3_NS,NONE,0.007,0.0
1795,32Nvl_L1_NS,32NVL_NS,0.007,0.001
1795,32Nvl_L3_NS,NONE,0.042,0.0
1795,32Nvl_L2_NS,32NVL_NS,0.039,0.034
1795,NvcNvl_L3_NS,NONE,0.041,0.0
1795,NvcNvl_L2_NS,NONE,0.04,0.0
1795,32Mt_L1_NS,32MT_NS,0.031,0.027
1795,32Mt_L1_EW,NONE,0.007,0.0
1795,32Mt_L1_NS,NONE,0.01,0.0
1795,NvcMt_L2_NS,NONE,0.069,0.0
1795,NvcMt_L1_NS,NVCMT_NS,0.007,-0.015
1795,32Thn_L1_EW,32THN_EW,0.008,0.008
1795,32Thn_L2_EW,32THN_EW,0.008,0.008
1795,32Thn_L3_EW,NONE,0.008,0.0
1795,304Nvl_L2_NS,304NVL_NS,0.008,-0.02
1795,304Nvl_L3_EW,NONE,0.032,0.0
1795,32Nvl_L2_NS,32NVL_NS,0.007,0.001
1795,32Nvl_L1_NS,32NVL_NS,0.047,0.041
1795,NvcNvl_L1_NS,NONE,0.052,0.0
1795,NvcMt_L1_NS,NONE,0.071,0.0
1795,NvcMt_L2_NS,NVCMT_NS,0.005,0.005
1800,304Nvl_L1_NS,304NVL_NS,0.009,0.009
1800,304Nvl_L3_NS,NONE,0.007,0.0
1800,304Nvl_L1_EW,304NVL_EW,0.059,0.059
1800,304Nvl_L2_EW,304NVL_EW,0.051,0.051
1800,32Nvl_L3_NS,NONE,0.042,0.0
1800,32Nvl_L2_NS,32NVL_NS,0.039,0.034
1800,NvcNvl_L3_NS,NONE,0.007,0.0
1800,NvcNvl_L2_NS,NONE,0.007,0.0
1800,NvcNvl_L1_EW,NONE,0.011,0.0
1800,NvcNvl_L2_EW,NONE,0.008,0.0
1800,NvcNvl_L1_EW,NVCNVL_EW,0.007,0.003
1800,32Mt_L1_NS,32MT_NS,0.031,0.031
1800,NvcMt_L2_NS,NONE,0.005,0.0
1800,NvcMt_L1_EW,NVCMT_EW,0.006,0.001
1800,32Thn_L1_NS,32THN_NS,0.01,0.01
1800,32Thn_L1_EW,32THN_EW,0.008,0.008
1800,32Thn_L2_EW,32THN_EW,0.008,0.008
1800,32Thn_L3_EW,NONE,0.008,0.0
1800,32Thn_L2_NS,32THN_NS,0.013,0.013
1800,304Nvl_L2_NS,304NVL_NS,0.008,-0.02
1800,304Nvl_L3_EW,NONE,0.044,0.0
1800,32Nvl_L1_NS,32NVL_NS,0.054,0.047
1800,NvcNvl_L1_NS,NONE,0.009,0.0
1800,NvcNvl_L3_EW,NONE,0.006,0.0
1800,NvcMt_L1_NS,NONE,0.005,0.0
1800,NvcMt_L2_EW,NVCMT_EW,0.008,0.008
1805,304Nvl_L1_NS,304NVL_NS,0.009,0.009
1805,304Nvl_L3_NS,NONE,0.007,0.0
1805,304Nvl_L1_EW,304NVL_EW,0.068,0.068
1805,304Nvl_L2_EW,304NVL_EW,0.058,0.058
1805,304Nvl_L1_NS,NONE,0.007,0.0
1805,NvcNvl_L3_NS,NONE,0.014,0.0
1805,NvcNvl_L2_NS,NONE,0.013,0.0
1805,NvcNvl_L1_EW,NONE,0.021,0.0
1805,NvcNvl_L2_EW,NONE,0.015,0.0
1805,NvcNvl_L1_EW,NVCNVL_EW,0.007,0.007
1805,32Mt_L1_NS,32MT_NS,0.031,0.031
1805,32Thn_L1_EW,32THN_EW,0.008,0.008
1805,32Thn_L2_EW,32THN_EW,0.008,0.008
1805,32Thn_L3_EW,NONE,0.008,0.0
1805,304Nvl_L2_NS,304NVL_NS,0.008,0.008
1805,304Nvl_L3_EW,NONE,0.051,0.0
1805,32Nvl_L1_NS,32NVL_NS,0.013,0.007
1805,NvcNvl_L1_NS,NONE,0.017,0.0
1805,NvcNvl_L3_EW,NONE,0.013,0.0
1810,304Nvl_L1_NS,304NVL_NS,0.009,-0.073
1810,304Nvl_L3_NS,NONE,0.007,0.0
1810,304Nvl_L1_EW,304NVL_EW,0.059,0.059
1810,304Nvl_L2_EW,304NVL_EW,0.051,0.051
1810,32Nvl_L3_NS,NONE,0.116,0.0
1810,32Nvl_L1_NS,32NVL_NS,0.118,0.111
1810,32Nvl_L1_EW,32NVL_EW,0.007,0.007
1810,32Nvl_L2_EW,32NVL_EW,0.008,0.008
1810,NvcNvl_L3_NS,NONE,0.014,0.0
1810,NvcNvl_L2_NS,NONE,0.013,0.0
1810,NvcNvl_L1_EW,NVCNVL_EW,0.014,0.014
1810,32Thn_L1_EW,NONE,0.01,0.0
1810,304Nvl_L2_NS,304NVL_NS,0.008,0.008
1810,304Nvl_L3_EW,NONE,0.044,0.0
1810,32Nvl_L2_NS,32NVL_NS,0.113,0.108
1810,32Nvl_L3_EW,NONE,0.006,0.0
1810,32Nvl_L1_NS,32NVL_NS,0.007,0.0
1810,NvcNvl_L1_NS,NONE,0.017,0.0
1815,304Nvl_L1_NS,304NVL_NS,0.009,-0.107
1815,304Nvl_L3_NS,NONE,0.007,0.0
1815,304Nvl_L1_NS,NONE,0.007,0.0
1815,32Nvl_L3_NS,NONE,0.048,0.0
1815,32Nvl_L1_NS,32NVL_NS,0.166,0.16
1815,32Nvl_L1_EW,32NVL_EW,0.007,0.007
1815,32Nvl_L2_EW,32NVL_EW,0.008,0.008
1815,NvcNvl_L1_EW,NONE,0.011,0.0
1815,NvcNvl_L2_EW,NONE,0.008,0.0
1815,NvcNvl_L1_EW,NVCNVL_EW,0.007,0.003
1815,32Mt_L1_EW,NONE,0.007,0.0
1815,32Mt_L3_EW,NONE,0.009,0.0
1815,32Mt_L1_NS,NONE,0.049,0.0
1815,NvcMt_L1_EW,NVCMT_EW,0.006,0.001
1815,32Thn_L1_EW,NONE,0.01,0.0
1815,304Nvl_L2_NS,304NVL_NS,0.008,0.008
1815,32Nvl_L2_NS,32NVL_NS,0.16,0.155
1815,32Nvl_L3_EW,NONE,0.006,0.0
1815,32Mt_L2_EW,NONE,0.008,0.0
1815,32Mt_L2_NS,NONE,0.043,0.0
1815,NvcMt_L2_EW,NVCMT_EW,0.016,0.016
1820,304Nvl_L1_NS,304NVL_NS,0.009,-0.025
1820,304Nvl_L3_NS,NONE,0.007,0.0
1820,304Nvl_L1_EW,304NVL_EW,0.025,0.025
1820,304Nvl_L2_EW,304NVL_EW,0.015,0.015
1820,32Nvl_L3_NS,NONE,0.007,0.0
1820,32Nvl_L1_NS,32NVL_NS,0.048,0.042
1820,32Nvl_L1_EW,32NVL_EW,0.007,0.007
1820,32Nvl_L2_EW,32NVL_EW,0.008,0.008
1820,32Nvl_L1_EW,32NVL_EW,0.007,0.007
1820,32Nvl_L2_EW,32NVL_EW,0.007,0.007
1820,32Nvl_L3_NS,NONE,0.042,0.0
1820,32Nvl_L2_NS,32NVL_NS,0.039,0.034
1820,NvcNvl_L1_EW,NVCNVL_EW,0.021,0.021
1820,NvcNvl_L2_EW,NVCNVL_EW,0.008,0.008
1820,32Mt_L1_NS,32MT_NS,0.006,0.006
1820,304Nvl_L2_NS,304NVL_NS,0.008,-0.02
1820,304Nvl_L3_EW,NONE,0.013,0.0
1820,32Nvl_L2_NS,32NVL_NS,0.04,0.035
1820,32Nvl_L3_EW,NONE,0.006,0.0
1820,32Nvl_L3_EW,NONE,0.006,0.0
1820,32Nvl_L1_NS,32NVL_NS,0.067,0.061
1820,NvcNvl_L3_EW,NONE,0.009,0.0
1820,32Mt_L2_NS,32MT_NS,0.006,0.006
1825,304Nvl_L1_NS,304NVL_NS,0.009,0.009
1825,304Nvl_L3_NS,NONE,0.007,0.0
1825,304Nvl_L1_EW,304NVL_EW,0.008,0.008
1825,304Nvl_L2_EW,304NVL_EW,0.007,0.007
1825,304Nvl_L1_NS,NONE,0.007,0.0
1825,32Nvl_L1_EW,32NVL_EW,0.014,0.009
1825,32Nvl_L2_EW,32NVL_EW,0.015,0.015
1825,32Nvl_L1_EW,32NVL_EW,0.007,0.002
1825,32Nvl_L2_EW,32NVL_EW,0.007,0.007
1825,32Nvl_L3_NS,NONE,0.058,0.0
1825,32Nvl_L2_NS,32NVL_NS,0.055,0.05
1825,NvcNvl_L3_NS,NONE,0.034,0.0
1825,NvcNvl_L2_NS,NONE,0.033,0.0
1825,NvcNvl_L1_EW,NVCNVL_EW,0.014,0.014
1825,NvcNvl_L2_EW,NVCNVL_EW,0.008,0.008
1825,32Mt_L1_EW,32MT_EW,0.007,-0.003
1825,32Mt_L1_NS,NONE,0.01,0.0
1825,304Nvl_L2_NS,304NVL_NS,0.008,-0.031
1825,304Nvl_L3_EW,NONE,0.006,0.0
1825,32Nvl_L3_EW,NONE,0.006,0.0
1825,32Nvl_L3_EW,NONE,0.013,0.0
1825,32Nvl_L1_NS,32NVL_NS,0.081,0.074
1825,NvcNvl_L1_NS,NONE,0.044,0.0
1825,NvcNvl_L3_EW,NONE,0.009,0.0
1830,304Nvl_L1_NS,304NVL_NS,0.009,0.004
1830,304Nvl_L3_NS,NONE,0.007,0.0
1830,304Nvl_L1_EW,304NVL_EW,0.051,0.051
1830,304Nvl_L1_NS,NONE,0.007,0.0
1830,32Nvl_L1_NS,32NVL_NS,0.007,0.001
1830,32Nvl_L1_EW,32NVL_EW,0.007,-0.022
1830,32Nvl_L2_EW,32NVL_EW,0.008,0.008
1830,32Nvl_L1_EW,32NVL_EW,0.007,-0.023
1830,32Nvl_L2_EW,32NVL_EW,0.007,0.007
1830,32Nvl_L3_NS,NONE,0.017,0.0
1830,32Nvl_L2_NS,32NVL_NS,0.016,0.01
1830,NvcNvl_L1_EW,NVCNVL_EW,0.014,0.014
1830,NvcNvl_L2_EW,NVCNVL_EW,0.008,0.006
1830,32Mt_L1_EW,NONE,0.007,0.0
1830,32Mt_L3_EW,NONE,0.009,0.0
1830,32Mt_L1_EW,32MT_EW,0.042,0.037
1830,NvcMt_L2_EW,NVCMT_EW,0.003,-0.003
1830,NvcCmt8_L2_EW,NONE,0.007,0.0
1830,304Nvl_L2_NS,304NVL_NS,0.008,-0.003
1830,32Nvl_L2_NS,32NVL_NS,0.007,0.001
1830,32Nvl_L3_EW,NONE,0.006,0.0
1830,32Nvl_L3_EW,NONE,0.006,0.0
1830,32Nvl_L1_NS,32NVL_NS,0.054,0.047
1830,NvcNvl_L3_EW,NONE,0.009,0.0
1830,32Mt_L2_EW,NONE,0.008,0.0
1830,NvcMt_L1_EW,NVCMT_EW,0.006,-0.004
1830,NvcCmt8_L1_EW,NONE,0.006,0.0
1835,304Nvl_L1_NS,304NVL_NS,0.009,-0.02
1835,304Nvl_L3_NS,NONE,0.007,0.0
1835,32Nvl_L1_NS,32NVL_NS,0.042,0.012
1835,32Nvl_L1_EW,32NVL_EW,0.007,-0.022
1835,32Nvl_L2_EW,32NVL_EW,0.008,-0.015
1835,32Nvl_L1_EW,32NVL_EW,0.007,-0.023
1835,32Nvl_L2_EW,32NVL_EW,0.007,-0.015
1835,NvcNvl_L1_EW,NVCNVL_EW,0.007,0.007
1835,NvcNvl_L2_EW,NVCNVL_EW,0.008,0.006
1835,NvcNvl_L1_NS,NVCNVL_NS,0.033,0.004
1835,32Mt_L1_EW,32MT_EW,0.042,0.037
1835,NvcMt_L2_EW,NVCMT_EW,0.003,-0.003
1835,NvcCmt8_L2_EW,NONE,0.007,0.0
1835,304Nvl_L2_NS,304NVL_NS,0.008,0.008
1835,32Nvl_L2_NS,32NVL_NS,0.007,0.001
1835,32Nvl_L3_EW,NONE,0.006,0.0
1835,32Nvl_L3_EW,NONE,0.006,0.0
1835,32Nvl_L1_NS,32NVL_NS,0.034,0.004
1835,NvcNvl_L3_EW,NONE,0.009,0.0
1835,32Mt_L2_EW,32MT_EW,0.033,0.027
1835,NvcMt_L1_EW,NVCMT_EW,0.006,0.001
1835,NvcCmt8_L1_EW,NONE,0.006,0.0
1840,304Nvl_L1_NS,304NVL_NS,0.009,-0.02
1840,304Nvl_L3_NS,NONE,0.007,0.0
1840,304Nvl_L1_EW,304NVL_EW,0.008,0.008
1840,304Nvl_L2_EW,304NVL_EW,0.007,0.007
1840,32Nvl_L1_NS,32NVL_NS,0.042,0.035
1840,32Nvl_L1_EW,32NVL_EW,0.007,-0.028
1840,32Nvl_L2_EW,32NVL_EW,0.008,-0.021
1840,32Nvl_L1_EW,32NVL_EW,0.007,-0.028
1840,32Nvl_L2_EW,32NVL_EW,0.007,-0.021
1840,32Nvl_L3_NS,NONE,0.017,0.0
1840,32Nvl_L2_NS,32NVL_NS,0.016,0.01
1840,NvcNvl_L1_EW,NVCNVL_EW,0.007,0.007
1840,NvcNvl_L2_EW,NVCNVL_EW,0.008,0.006
1840,32Mt_L1_EW,32MT_EW,0.042,0.037
1840,32Mt_L1_NS,NONE,0.01,0.0
1840,NvcMt_L2_EW,NVCMT_EW,0.003,-0.003
1840,32Thn_L1_NS,32THN_NS,0.01,0.01
1840,32Thn_L1_EW,32THN_EW,0.008,0.003
1840,32Thn_L2_EW,32THN_EW,0.008,0.003
1840,32Thn_L3_EW,NONE,0.008,0.0
1840,32Thn_L2_NS,32THN_NS,0.013,0.013
1840,304Nvl_L2_NS,304NVL_NS,0.008,-0.003
1840,304Nvl_L3_EW,NONE,0.006,0.0
1840,32Nvl_L3_EW,NONE,0.006,0.0
1840,32Nvl_L3_EW,NONE,0.006,0.0
1840,32Nvl_L1_NS,32NVL_NS,0.013,0.007
1840,NvcNvl_L3_EW,NONE,0.009,0.0
1840,32Mt_L2_EW,32MT_EW,0.033,0.027
1840,NvcMt_L1_EW,NVCMT_EW,0.006,0.001
1845,304Nvl_L1_NS,304NVL_NS,0.009,-0.001
1845,304Nvl_L3_NS,NONE,0.007,0.0
1845,32Nvl_L1_NS,32NVL_NS,0.014,0.008
1845,32Nvl_L1_EW,32NVL_EW,0.007,0.007
1845,32Nvl_L2_EW,32NVL_EW,0.008,0.008
1845,32Nvl_L1_EW,32NVL_EW,0.007,0.007
1845,32Nvl_L2_EW,32NVL_EW,0.007,0.007
1845,NvcNvl_L1_EW,NONE,0.011,0.0
1845,NvcNvl_L2_EW,NONE,0.008,0.0
1845,NvcNvl_L1_EW,NVCNVL_EW,0.007,0.007
1845,NvcNvl_L2_EW,NVCNVL_EW,0.008,0.006
1845,NvcMt_L2_EW,NVCMT_EW,0.003,-0.003
1845,32Thn_L1_NS,32THN_NS,0.01,0.01
1845,32Thn_L2_NS,32THN_NS,0.013,0.013
1845,304Nvl_L2_NS,304NVL_NS,0.008,0.008
1845,32Nvl_L2_NS,32NVL_NS,0.007,0.001
1845,32Nvl_L3_EW,NONE,0.006,0.0
1845,32Nvl_L3_EW,NONE,0.006,0.0
1845,NvcNvl_L3_EW,NONE,0.006,0.0
1845,NvcNvl_L3_EW,NONE,0.009,0.0
1845,NvcMt_L1_EW,NVCMT_EW,0.006,-0.005
1845,NvcCmt8_L1_EW,NVCCMT8_EW,0.008,0.008
1850,304Nvl_L1_NS,304NVL_NS,0.009,0.009
1850,304Nvl_L3_NS,NONE,0.007,0.0
1850,304Nvl_L1_EW,304NVL_EW,0.017,0.017
1850,304Nvl_L2_EW,304NVL_EW,0.007,0.007
1850,32Mt_L1_EW,32MT_EW,0.091,0.091
1850,32Mt_L1_NS,NONE,0.01,0.0
1850,NvcMt_L2_EW,NVCMT_EW,0.003,0.003
1850,NvcCmt8_L2_EW,NONE,0.007,0.0
1850,32Thn_L1_EW,NONE,0.01,0.0
1850,304Nvl_L2_NS,304NVL_NS,0.008,0.008
1850,304Nvl_L3_EW,NONE,0.006,0.0
1850,32Mt_L2_EW,32MT_EW,0.071,0.071
1850,32Mt_L2_NS,NONE,0.009,0.0
1850,NvcMt_L1_EW,NVCMT_EW,0.006,0.006
1850,NvcCmt8_L1_EW,NONE,0.006,0.0
1855,304Nvl_L1_NS,304NVL_NS,0.009,-0.005
1855,304Nvl_L3_NS,NONE,0.007,0.0
1855,304Nvl_L1_EW,304NVL_EW,0.008,0.008
1855,304Nvl_L2_EW,304NVL_EW,0.007,0.007
1855,32Nvl_L3_NS,NONE,0.02,0.0
1855,32Nvl_L1_NS,32NVL_NS,0.021,0.014
1855,32Mt_L1_EW,NONE,0.007,0.0
1855,32Mt_L3_EW,NONE,0.009,0.0
1855,32Mt_L1_EW,32MT_EW,0.105,0.105
1855,NvcMt_L2_NS,NONE,0.005,0.0
1855,NvcCmt8_L2_NS,NONE,0.011,0.0
1855,32Thn_L1_EW,NONE,0.01,0.0
1855,NvcCmt8_L1_NS,NONE,0.008,0.0
1855,304Nvl_L2_NS,304NVL_NS,0.008,0.008
1855,304Nvl_L3_EW,NONE,0.006,0.0
1855,32Nvl_L2_NS,32NVL_NS,0.02,0.015
1855,32Nvl_L1_NS,32NVL_NS,0.007,0.0
1855,32Mt_L2_EW,NONE,0.008,0.0
1855,32Mt_L2_EW,32MT_EW,0.082,0.082
1855,NvcMt_L1_NS,NONE,0.005,0.0
1860,304Nvl_L1_NS,304NVL_NS,0.009,-0.005
1860,304Nvl_L3_NS,NONE,0.007,0.0
1860,304Nvl_L1_EW,304NVL_EW,0.017,0.017
1860,304Nvl_L2_EW,304NVL_EW,0.007,0.007
1860,32Nvl_L3_NS,NONE,0.007,0.0
1860,32Nvl_L1_NS,32NVL_NS,0.021,0.014
1860,32Nvl_L1_EW,32NVL_EW,0.007,0.007
1860,32Nvl_L2_EW,32NVL_EW,0.008,0.008
1860,32Nvl_L3_NS,NONE,0.017,0.0
1860,32Nvl_L2_NS,32NVL_NS,0.016,0.01
1860,NvcNvl_L1_EW,NONE,0.011,0.0
1860,NvcNvl_L2_EW,NONE,0.008,0.0
1860,32Mt_L1_NS,NONE,0.127,0.0
1860,NvcMt_L2_NS,NONE,0.005,0.0
1860,NvcMt_L2_EW,NVCMT_EW,0.003,0.003
1860,304Nvl_L2_NS,304NVL_NS,0.008,-0.003
1860,304Nvl_L3_EW,NONE,0.006,0.0
1860,32Nvl_L2_NS,32NVL_NS,0.02,0.015
1860,32Nvl_L3_EW,NONE,0.006,0.0
1860,32Nvl_L1_NS,32NVL_NS,0.02,0.014
1860,NvcMt_L1_NS,NONE,0.005,0.0
1860,NvcMt_L1_EW,NVCMT_EW,0.011,0.006
1860,NvcCmt8_L1_EW,NVCCMT8_EW,0.008,0.008
1865,304Nvl_L1_NS,304NVL_NS,0.009,-0.005
1865,304Nvl_L3_NS,NONE,0.007,0.0
1865,304Nvl_L1_NS,NONE,0.007,0.0
1865,32Nvl_L3_NS,NONE,0.014,0.0
1865,32Nvl_L1_NS,32NVL_NS,0.021,0.014
1865,32Nvl_L3_NS,NONE,0.017,0.0
1865,32Nvl_L2_NS,32NVL_NS,0.016,0.01
1865,NvcNvl_L3_NS,NONE,0.007,0.0
1865,NvcNvl_L2_NS,NONE,0.007,0.0
1865,NvcNvl_L1_EW,NVCNVL_EW,0.007,0.007
1865,NvcNvl_L2_EW,NVCNVL_EW,0.008,0.008
1865,32Mt_L1_NS,32MT_NS,0.006,0.006
1865,32Mt_L1_EW,32MT_EW,0.007,0.007
1865,32Mt_L1_NS,NONE,0.127,0.0
1865,NvcMt_L2_NS,NONE,0.011,0.0
1865,304Nvl_L2_NS,304NVL_NS,0.008,-0.003
1865,32Nvl_L2_NS,32NVL_NS,0.02,0.015
1865,32Nvl_L1_NS,32NVL_NS,0.013,0.007
1865,NvcNvl_L1_NS,NONE,0.009,0.0
1865,NvcNvl_L3_EW,NONE,0.009,0.0
1865,32Mt_L2_EW,32MT_EW,0.005,0.005
1865,32Mt_L2_NS,NONE,0.009,0.0
1865,NvcMt_L1_NS,NONE,0.011,0.0
1870,304Nvl_L1_NS,304NVL_NS,0.009,-0.005
1870,304Nvl_L3_NS,NONE,0.007,0.0
1870,304Nvl_L1_EW,304NVL_EW,0.008,0.008
1870,304Nvl_L2_EW,304NVL_EW,0.007,0.007
1870,304Nvl_L1_NS,NONE,0.051,0.0
1870,304Nvl_L3_NS,NONE,0.048,0.0
1870,32Nvl_L3_NS,NONE,0.014,0.0
1870,32Nvl_L1_NS,32NVL_NS,0.021,0.014
1870,32Nvl_L1_EW,32NVL_EW,0.013,0.013
1870,32Nvl_L2_EW,32NVL_EW,0.007,0.007
1870,32Nvl_L3_NS,NONE,0.017,0.0
1870,32Nvl_L2_NS,32NVL_NS,0.016,0.01
1870,32Mt_L1_NS,32MT_NS,0.006,0.006
1870,32Mt_L1_NS,NONE,0.01,0.0
1870,304Nvl_L2_NS,304NVL_NS,0.008,-0.003
1870,304Nvl_L3_EW,NONE,0.006,0.0
1870,304Nvl_L2_NS,NONE,0.044,0.0
1870,32Nvl_L2_NS,32NVL_NS,0.02,0.015
1870,32Nvl_L3_EW,NONE,0.006,0.0
1870,32Nvl_L1_NS,32NVL_NS,0.013,0.007
1870,32Mt_L2_NS,NONE,0.009,0.0
1870,NvcMt_L1_EW,NVCMT_EW,0.006,0.006
1875,304Nvl_L1_NS,304NVL_NS,0.009,-0.001
1875,304Nvl_L3_NS,NONE,0.007,0.0
1875,304Nvl_L1_NS,NONE,0.044,0.0
1875,304Nvl_L3_NS,NONE,0.048,0.0
1875,32Nvl_L3_NS,NONE,0.007,0.0
1875,32Nvl_L1_NS,32NVL_NS,0.014,0.008
1875,32Nvl_L1_EW,32NVL_EW,0.007,0.007
1875,32Nvl_L2_EW,32NVL_EW,0.008,0.008
1875,32Nvl_L1_EW,32NVL_EW,0.007,0.007
1875,32Nvl_L3_NS,NONE,0.058,0.0
1875,32Nvl_L2_NS,32NVL_NS,0.055,0.05
1875,NvcNvl_L3_NS,NONE,0.007,0.0
1875,NvcNvl_L2_NS,NONE,0.007,0.0
1875,NvcNvl_L1_EW,NVCNVL_EW,0.007,0.007
1875,32Mt_L1_EW,NONE,0.007,0.0
1875,NvcCmt8_L2_EW,NVCCMT8_EW,0.005,0.005
1875,304Nvl_L2_NS,304NVL_NS,0.008,-0.031
1875,304Nvl_L2_NS,NONE,0.044,0.0
1875,32Nvl_L2_NS,32NVL_NS,0.013,0.008
1875,32Nvl_L3_EW,NONE,0.006,0.0
1875,32Nvl_L1_NS,32NVL_NS,0.047,0.041
1875,NvcNvl_L1_NS,NONE,0.009,0.0
1875,NvcCmt8_L1_EW,NVCCMT8_EW,0.008,0.008
1880,304Nvl_L1_NS,304NVL_NS,0.009,-0.001
1880,304Nvl_L3_NS,NONE,0.007,0.0
1880,304Nvl_L1_EW,304NVL_EW,0.008,0.008
1880,304Nvl_L1_NS,NONE,0.007,0.0
1880,32Nvl_L3_NS,NONE,0.007,0.0
1880,32Nvl_L1_NS,32NVL_NS,0.014,0.008
1880,32Nvl_L3_NS,NONE,0.058,0.0
1880,32Nvl_L2_NS,32NVL_NS,0.055,0.05
1880,32Mt_L1_EW,NONE,0.043,0.0
1880,32Mt_L3_EW,NONE,0.053,0.0
1880,NvcMt_L2_EW,NVCMT_EW,0.003,-0.001
1880,NvcCmt8_L2_EW,NVCCMT8_EW,0.005,0.003
1880,304Nvl_L2_NS,304NVL_NS,0.008,-0.031
1880,32Nvl_L2_NS,32NVL_NS,0.013,0.008
1880,32Nvl_L1_NS,32NVL_NS,0.054,0.047
1880,32Mt_L2_EW,NONE,0.045,0.0
1880,NvcMt_L1_EW,NVCMT_EW,0.006,0.0
1880,NvcCmt8_L1_EW,NVCCMT8_EW,0.008,0.008
1885,304Nvl_L1_NS,304NVL_NS,0.018,0.008
1885,304Nvl_L3_NS,NONE,0.007,0.0
1885,304Nvl_L1_EW,304NVL_EW,0.042,0.042
1885,32Nvl_L3_NS,NONE,0.007,0.0
1885,32Nvl_L1_NS,32NVL_NS,0.014,0.001
1885,32Nvl_L3_NS,NONE,0.058,0.0
1885,32Nvl_L2_NS,32NVL_NS,0.055,0.05
1885,NvcNvl_L1_EW,NVCNVL_EW,0.014,0.014
1885,NvcNvl_L2_EW,NVCNVL_EW,0.016,0.016
1885,32Mt_L1_EW,NONE,0.007,0.0
1885,32Mt_L3_EW,NONE,0.009,0.0
1885,32Mt_L1_NS,NONE,0.01,0.0
1885,304Nvl_L2_NS,304NVL_NS,0.008,-0.031
1885,32Nvl_L2_NS,32NVL_NS,0.013,0.008
1885,32Nvl_L1_NS,32NVL_NS,0.054,0.041
1885,NvcNvl_L3_EW,NONE,0.019,0.0
1885,32Mt_L2_EW,NONE,0.008,0.0
1885,32Mt_L2_NS,NONE,0.009,0.0
1890,304Nvl_L1_NS,304NVL_NS,0.018,-0.001
1890,304Nvl_L3_NS,NONE,0.007,0.0
1890,32Nvl_L3_NS,NONE,0.02,0.0
1890,32Nvl_L1_NS,32NVL_NS,0.028,0.015
1890,32Nvl_L3_NS,NONE,0.058,0.0
1890,32Nvl_L2_NS,32NVL_NS,0.055,0.05
1890,NvcNvl_L3_NS,NONE,0.007,0.0
1890,NvcNvl_L2_NS,NONE,0.007,0.0
1890,32Mt_L1_NS,NONE,0.059,0.0
1890,NvcMt_L2_NS,NONE,0.005,0.0
1890,304Nvl_L2_NS,304NVL_NS,0.008,-0.031
1890,32Nvl_L2_NS,32NVL_NS,0.027,0.021
1890,32Nvl_L1_NS,32NVL_NS,0.06,0.048
1890,NvcNvl_L1_NS,NONE,0.009,0.0
1890,32Mt_L2_NS,NONE,0.052,0.0
1890,NvcMt_L1_NS,NONE,0.005,0.0
1895,304Nvl_L1_NS,304NVL_NS,0.018,-0.001
1895,304Nvl_L3_NS,NONE,0.007,0.0
1895,304Nvl_L1_EW,304NVL_EW,0.008,0.008
1895,304Nvl_L2_EW,304NVL_EW,0.007,0.007
1895,32Nvl_L3_NS,NONE,0.014,0.0
1895,32Nvl_L1_NS,32NVL_NS,0.028,0.015
1895,32Nvl_L3_NS,NONE,0.067,0.0
1895,32Nvl_L2_NS,32NVL_NS,0.063,0.058
1895,NvcNvl_L3_NS,NONE,0.007,0.0
1895,NvcNvl_L2_NS,NONE,0.007,0.0
1895,NvcNvl_L1_EW,NONE,0.011,0.0
1895,NvcNvl_L2_EW,NONE,0.008,0.0
1895,32Mt_L1_EW,NONE,0.101,0.0
1895,32Mt_L3_EW,NONE,0.115,0.0
1895,32Mt_L1_EW,32MT_EW,0.049,0.049
1895,304Nvl_L2_NS,304NVL_NS,0.008,-0.037
1895,304Nvl_L3_EW,NONE,0.006,0.0
1895,32Nvl_L2_NS,32NVL_NS,0.027,0.021
1895,32Nvl_L1_NS,32NVL_NS,0.06,0.048
1895,NvcNvl_L1_NS,NONE,0.009,0.0
1895,32Mt_L2_EW,NONE,0.098,0.0
1895,32Mt_L2_EW,32MT_EW,0.038,0.038
1900,304Nvl_L1_NS,304NVL_NS,0.018,-0.006
1900,304Nvl_L3_NS,NONE,0.015,0.0
1900,32Nvl_L3_NS,NONE,0.02,0.0
1900,32Nvl_L1_NS,32NVL_NS,0.035,0.022
1900,32Nvl_L1_EW,32NVL_EW,0.042,0.038
1900,32Nvl_L2_EW,32NVL_EW,0.046,0.046
1900,32Nvl_L3_NS,NONE,0.067,0.0
1900,32Nvl_L2_NS,32NVL_NS,0.063,0.053
1900,NvcNvl_L1_EW,NONE,0.011,0.0
1900,NvcNvl_L2_EW,NONE,0.008,0.0
1900,32Mt_L1_EW,NONE,0.122,0.0
1900,32Mt_L3_EW,NONE,0.15,0.0
1900,32Mt_L1_EW,32MT_EW,0.007,-0.023
1900,304Nvl_L2_NS,304NVL_NS,0.015,-0.029
1900,32Nvl_L2_NS,32NVL_NS,0.033,0.023
1900,32Nvl_L3_EW,NONE,0.038,0.0
1900,32Nvl_L1_NS,32NVL_NS,0.054,0.041
1900,32Mt_L2_EW,NONE,0.128,0.0
1905,304Nvl_L1_NS,304NVL_NS,0.018,-0.006
1905,304Nvl_L3_NS,NONE,0.015,0.0
1905,304Nvl_L1_NS,NONE,0.007,0.0
1905,32Nvl_L3_NS,NONE,0.02,0.0
1905,32Nvl_L1_NS,32NVL_NS,0.035,0.022
1905,32Nvl_L1_EW,32NVL_EW,0.021,-0.003
1905,32Nvl_L2_EW,32NVL_EW,0.023,0.004
1905,32Nvl_L3_NS,NONE,0.067,0.0
1905,32Nvl_L2_NS,32NVL_NS,0.063,0.053
1905,NvcNvl_L3_NS,NONE,0.014,0.0
1905,NvcNvl_L2_NS,NONE,0.013,0.0
1905,NvcNvl_L1_EW,NONE,0.011,0.0
1905,NvcNvl_L2_EW,NONE,0.008,0.0
1905,32Mt_L1_NS,32MT_NS,0.006,0.006
1905,32Mt_L1_EW,NONE,0.05,0.0
1905,32Mt_L3_EW,NONE,0.062,0.0
1905,32Mt_L1_EW,32MT_EW,0.035,0.02
1905,NvcCmt8_L2_EW,NONE,0.007,0.0
1905,304Nvl_L2_NS,304NVL_NS,0.015,-0.029
1905,32Nvl_L2_NS,32NVL_NS,0.033,0.023
1905,32Nvl_L3_EW,NONE,0.019,0.0
1905,32Nvl_L1_NS,32NVL_NS,0.054,0.041
1905,NvcNvl_L1_NS,NONE,0.017,0.0
1905,NvcNvl_L3_EW,NONE,0.006,0.0
1905,32Mt_L2_EW,NONE,0.053,0.0
1905,32Mt_L2_EW,32MT_EW,0.027,0.011
1905,NvcCmt8_L1_EW,NONE,0.006,0.0
1910,304Nvl_L1_NS,304NVL_NS,0.009,0.004
1910,304Nvl_L3_NS,NONE,0.007,0.0
1910,32Nvl_L1_NS,32NVL_NS,0.007,0.001
1910,32Nvl_L1_EW,32NVL_EW,0.007,-0.052
1910,32Nvl_L2_EW,32NVL_EW,0.008,-0.038
1910,32Nvl_L3_NS,NONE,0.058,0.0
1910,32Nvl_L2_NS,32NVL_NS,0.055,0.05
1910,NvcNvl_L1_EW,NVCNVL_EW,0.049,0.049
1910,NvcNvl_L2_EW,NVCNVL_EW,0.047,0.047
1910,32Mt_L1_NS,32MT_NS,0.006,0.006
1910,32Mt_L1_EW,NONE,0.029,0.0
1910,32Mt_L3_EW,NONE,0.035,0.0
1910,32Mt_L1_EW,32MT_EW,0.084,0.079
1910,NvcMt_L2_NS,NONE,0.011,0.0
1910,304Nvl_L2_NS,304NVL_NS,0.008,-0.031
1910,32Nvl_L2_NS,32NVL_NS,0.007,0.001
1910,32Nvl_L3_EW,NONE,0.006,0.0
1910,32Nvl_L1_NS,32NVL_NS,0.087,0.081
1910,NvcNvl_L3_EW,NONE,0.056,0.0
1910,32Mt_L2_EW,NONE,0.03,0.0
1910,32Mt_L2_EW,32MT_EW,0.065,0.06
1910,NvcMt_L1_NS,NONE,0.011,0.0
1915,32Nvl_L1_EW,32NVL_EW,0.007,-0.017
1915,32Nvl_L2_EW,32NVL_EW,0.008,0.008
1915,32Nvl_L1_EW,32NVL_EW,0.007,-0.018
1915,32Nvl_L2_EW,32NVL_EW,0.007,0.007
1915,32Nvl_L3_NS,NONE,0.025,0.0
1915,32Nvl_L2_NS,32NVL_NS,0.024,0.024
1915,NvcNvl_L1_EW,NONE,0.011,0.0
1915,NvcNvl_L2_EW,NONE,0.008,0.0
1915,NvcNvl_L1_EW,NVCNVL_EW,0.049,0.049
1915,NvcNvl_L2_EW,NVCNVL_EW,0.047,0.047
1915,32Mt_L1_EW,NONE,0.014,0.0
1915,32Mt_L3_EW,NONE,0.018,0.0
1915,32Mt_L1_EW,32MT_EW,0.035,0.03
1915,NvcMt_L2_NS,NONE,0.005,0.0
1915,32Nvl_L3_EW,NONE,0.006,0.0
1915,32Nvl_L3_EW,NONE,0.006,0.0
1915,32Nvl_L1_NS,32NVL_NS,0.06,0.06
1915,NvcNvl_L3_EW,NONE,0.056,0.0
1915,32Mt_L2_EW,NONE,0.015,0.0
1915,NvcMt_L1_NS,NONE,0.005,0.0
1915,NvcCmt8_L1_EW,NVCCMT8_EW,0.008,0.008
1920,304Nvl_L1_NS,NONE,0.007,0.0
1920,32Nvl_L1_NS,32NVL_NS,0.042,0.042
1920,32Nvl_L1_EW,32NVL_EW,0.007,-0.022
1920,32Nvl_L2_EW,32NVL_EW,0.008,0.008
1920,32Nvl_L1_EW,32NVL_EW,0.007,-0.023
1920,32Nvl_L2_EW,32NVL_EW,0.007,0.007
1920,32Nvl_L3_NS,NONE,0.008,0.0
1920,32Nvl_L2_NS,32NVL_NS,0.008,0.008
1920,NvcNvl_L3_NS,NONE,0.007,0.0
1920,NvcNvl_L2_NS,NONE,0.007,0.0
1920,NvcNvl_L1_EW,NVCNVL_EW,0.049,0.045
1920,NvcNvl_L2_EW,NVCNVL_EW,0.047,0.047
1920,32Mt_L1_EW,NONE,0.036,0.0
1920,32Mt_L3_EW,NONE,0.044,0.0
1920,32Mt_L1_EW,32MT_EW,0.042,0.037
1920,32Mt_L1_NS,NONE,0.01,0.0
1920,NvcMt_L2_NS,NONE,0.005,0.0
1920,NvcMt_L1_EW,NVCMT_EW,0.006,-0.034
1920,NvcCmt8_L2_EW,NVCCMT8_EW,0.005,0.005
1920,32Nvl_L3_EW,NONE,0.006,0.0
1920,32Nvl_L3_EW,NONE,0.006,0.0
1920,32Nvl_L1_NS,32NVL_NS,0.054,0.054
1920,NvcNvl_L1_NS,NONE,0.009,0.0
1920,NvcNvl_L3_EW,NONE,0.056,0.0
1920,32Mt_L2_EW,NONE,0.038,0.0
1920,NvcMt_L1_NS,NONE,0.005,0.0
1920,NvcMt_L2_EW,NVCMT_EW,0.008,-0.029
1920,NvcCmt8_L1_EW,NVCCMT8_EW,0.008,0.003
1925,304Nvl_L1_EW,304NVL_EW,0.008,0.008
1925,32Nvl_L3_NS,NONE,0.007,0.0
1925,32Nvl_L1_NS,32NVL_NS,0.048,0.048
1925,32Nvl_L1_EW,32NVL_EW,0.007,-0.038
1925,32Nvl_L2_EW,32NVL_EW,0.008,-0.017
1925,32Nvl_L1_EW,32NVL_EW,0.007,-0.038
1925,32Nvl_L2_EW,32NVL_EW,0.007,-0.017
1925,NvcNvl_L1_EW,NVCNVL_EW,0.042,0.038
1925,NvcNvl_L2_EW,NVCNVL_EW,0.047,0.047
1925,32Mt_L1_EW,NONE,0.007,0.0
1925,32Mt_L3_EW,NONE,0.009,0.0
1925,32Mt_L1_EW,32MT_EW,0.056,0.051
1925,32Mt_L1_NS,NONE,0.02,0.0
1925,NvcMt_L1_EW,NVCMT_EW,0.006,-0.029
1925,NvcCmt8_L2_EW,NVCCMT8_EW,0.005,0.005
1925,32Thn_L1_EW,32THN_EW,0.008,0.003
1925,32Thn_L2_EW,32THN_EW,0.008,0.003
1925,32Thn_L3_EW,NONE,0.008,0.0
1925,32Nvl_L2_NS,32NVL_NS,0.007,0.007
1925,32Nvl_L3_EW,NONE,0.006,0.0
1925,32Nvl_L3_EW,NONE,0.006,0.0
1925,32Nvl_L1_NS,32NVL_NS,0.02,0.02
1925,NvcNvl_L3_EW,NONE,0.056,0.0
1925,32Mt_L2_EW,NONE,0.008,0.0
1925,32Mt_L2_EW,32MT_EW,0.027,0.022
1925,NvcMt_L2_EW,NVCMT_EW,0.008,-0.029
1925,NvcCmt8_L1_EW,NVCCMT8_EW,0.008,0.003
1930,304Nvl_L1_EW,304NVL_EW,0.017,0.017
1930,304Nvl_L2_EW,304NVL_EW,0.015,0.015
1930,32Nvl_L1_EW,32NVL_EW,0.007,-0.062
1930,32Nvl_L2_EW,32NVL_EW,0.008,-0.021
1930,32Nvl_L1_EW,32NVL_EW,0.007,-0.062
1930,32Nvl_L2_EW,32NVL_EW,0.007,-0.021
1930,32Nvl_L3_NS,NONE,0.008,0.0
1930,32Nvl_L2_NS,32NVL_NS,0.008,0.008
1930,NvcNvl_L3_NS,NONE,0.007,0.0
1930,NvcNvl_L2_NS,NONE,0.007,0.0
1930,NvcNvl_L1_EW,NONE,0.021,0.0
1930,NvcNvl_L2_EW,NONE,0.015,0.0
1930,NvcNvl_L1_EW,NVCNVL_EW,0.042,0.016
1930,NvcNvl_L2_EW,NVCNVL_EW,0.047,0.047
1930,32Mt_L1_EW,32MT_EW,0.091,0.086
1930,NvcMt_L1_EW,NVCMT_EW,0.038,0.003
1930,NvcCmt8_L2_EW,NVCCMT8_EW,0.005,0.005
1930,32Thn_L1_EW,32THN_EW,0.008,0.003
1930,32Thn_L2_EW,32THN_EW,0.008,0.003
1930,32Thn_L3_EW,NONE,0.008,0.0
1930,304Nvl_L3_EW,NONE,0.013,0.0
1930,32Nvl_L3_EW,NONE,0.006,0.0
1930,32Nvl_L3_EW,NONE,0.006,0.0
1930,32Nvl_L1_NS,32NVL_NS,0.013,0.013
1930,NvcNvl_L1_NS,NONE,0.009,0.0
1930,NvcNvl_L3_EW,NONE,0.013,0.0
1930,NvcNvl_L3_EW,NONE,0.056,0.0
1930,32Mt_L2_EW,32MT_EW,0.033,0.027
1930,NvcMt_L2_EW,NVCMT_EW,0.056,0.019
1930,NvcCmt8_L1_EW,NVCCMT8_EW,0.008,-0.019
1935,304Nvl_L1_EW,304NVL_EW,0.008,0.008
1935,304Nvl_L2_EW,304NVL_EW,0.007,0.007
1935,32Nvl_L1_EW,32NVL_EW,0.007,-0.038
1935,32Nvl_L2_EW,32NVL_EW,0.008,-0.002
1935,32Nvl_L1_EW,32NVL_EW,0.007,-0.038
1935,32Nvl_L2_EW,32NVL_EW,0.007,-0.002
1935,NvcNvl_L3_NS,NONE,0.007,0.0
1935,NvcNvl_L2_NS,NONE,0.007,0.0
1935,NvcNvl_L1_EW,NVCNVL_EW,0.042,0.033
1935,NvcNvl_L2_EW,NVCNVL_EW,0.047,0.047
1935,32Mt_L1_EW,32MT_EW,0.056,0.051
1935,32Mt_L1_NS,NONE,0.01,0.0
1935,NvcMt_L1_EW,NVCMT_EW,0.013,-0.017
1935,32Thn_L1_EW,NONE,0.01,0.0
1935,32Thn_L2_EW,NONE,0.01,0.0
1935,32Thn_L1_EW,32THN_EW,0.008,0.003
1935,32Thn_L2_EW,32THN_EW,0.008,0.003
1935,32Thn_L3_EW,NONE,0.007,0.0
1935,32Thn_L3_EW,NONE,0.008,0.0
1935,304Nvl_L3_EW,NONE,0.006,0.0
1935,32Nvl_L3_EW,NONE,0.006,0.0
1935,32Nvl_L3_EW,NONE,0.006,0.0
1935,NvcNvl_L1_NS,NONE,0.009,0.0
1935,NvcNvl_L3_EW,NONE,0.056,0.0
1935,32Mt_L2_EW,32MT_EW,0.005,0.0
1935,32Mt_L2_NS,NONE,0.009,0.0
1935,NvcMt_L2_EW,NVCMT_EW,0.016,-0.017
1935,NvcCmt8_L1_EW,NONE,0.006,0.0
1940,304Nvl_L1_EW,304NVL_EW,0.051,0.051
1940,304Nvl_L2_EW,304NVL_EW,0.044,0.044
1940,32Nvl_L1_EW,32NVL_EW,0.007,-0.028
1940,32Nvl_L2_EW,32NVL_EW,0.008,-0.011
1940,32Nvl_L1_EW,32NVL_EW,0.007,-0.028
1940,32Nvl_L2_EW,32NVL_EW,0.007,-0.012
1940,NvcNvl_L3_NS,NONE,0.088,0.0
1940,NvcNvl_L2_NS,NONE,0.086,0.0
1940,NvcNvl_L1_EW,NVCNVL_EW,0.049,0.04
1940,NvcNvl_L2_EW,NVCNVL_EW,0.055,0.055
1940,32Mt_L1_EW,NONE,0.007,0.0
1940,32Mt_L1_EW,32MT_EW,0.042,0.037
1940,NvcMt_L1_EW,NVCMT_EW,0.013,-0.027
1940,NvcCmt8_L2_EW,NVCCMT8_EW,0.005,0.005
1940,NvcCmt8_L2_EW,NONE,0.007,0.0
1940,32Thn_L1_EW,NONE,0.01,0.0
1940,32Thn_L1_EW,32THN_EW,0.008,0.003
1940,304Nvl_L3_EW,NONE,0.038,0.0
1940,32Nvl_L3_EW,NONE,0.006,0.0
1940,32Nvl_L3_EW,NONE,0.006,0.0
1940,NvcNvl_L1_NS,NONE,0.114,0.0
1940,NvcNvl_L3_EW,NONE,0.065,0.0
1940,32Mt_L2_EW,32MT_EW,0.027,0.022
1940,NvcMt_L2_EW,NVCMT_EW,0.016,-0.026
1940,NvcCmt8_L1_EW,NVCCMT8_EW,0.008,-0.001
1940,NvcCmt8_L1_EW,NONE,0.006,0.0
1945,304Nvl_L1_NS,304NVL_NS,0.009,0.009
1945,304Nvl_L1_EW,304NVL_EW,0.059,0.059
1945,304Nvl_L2_EW,304NVL_EW,0.044,0.044
1945,32Nvl_L1_EW,32NVL_EW,0.007,0.002
1945,32Nvl_L2_EW,32NVL_EW,0.008,0.008
1945,32Nvl_L1_EW,32NVL_EW,0.007,0.002
1945,32Nvl_L2_EW,32NVL_EW,0.007,0.007
1945,NvcNvl_L3_NS,NONE,0.095,0.0
1945,NvcNvl_L2_NS,NONE,0.092,0.0
1945,NvcNvl_L1_EW,NVCNVL_EW,0.056,0.052
1945,NvcNvl_L2_EW,NVCNVL_EW,0.055,0.055
1945,32Mt_L1_EW,32MT_EW,0.007,0.002
1945,NvcMt_L1_EW,NVCMT_EW,0.006,-0.038
1945,NvcCmt8_L2_EW,NVCCMT8_EW,0.005,0.005
1945,NvcCmt8_L2_EW,NONE,0.007,0.0
1945,32Thn_L1_EW,NONE,0.01,0.0
1945,304Nvl_L3_EW,NONE,0.038,0.0
1945,32Nvl_L3_EW,NONE,0.006,0.0
1945,32Nvl_L3_EW,NONE,0.006,0.0
1945,NvcNvl_L1_NS,NONE,0.122,0.0
1945,NvcNvl_L3_EW,NONE,0.065,0.0
1945,NvcMt_L2_EW,NVCMT_EW,0.008,-0.034
1945,NvcCmt8_L1_EW,NVCCMT8_EW,0.008,0.003
1945,NvcCmt8_L1_EW,NONE,0.006,0.0
1950,304Nvl_L1_NS,304NVL_NS,0.009,0.004
1950,304Nvl_L1_EW,304NVL_EW,0.017,0.017
1950,304Nvl_L2_EW,304NVL_EW,0.007,0.007
1950,304Nvl_L1_NS,NONE,0.015,0.0
1950,304Nvl_L3_NS,NONE,0.016,0.0
1950,32Nvl_L1_NS,32NVL_NS,0.007,0.001
1950,32Nvl_L1_EW,32NVL_EW,0.007,-0.017
1950,32Nvl_L2_EW,32NVL_EW,0.008,-0.011
1950,32Nvl_L1_EW,32NVL_EW,0.007,-0.018
1950,32Nvl_L2_EW,32NVL_EW,0.007,-0.012
1950,NvcNvl_L3_NS,NONE,0.014,0.0
1950,NvcNvl_L2_NS,NONE,0.013,0.0
1950,NvcNvl_L1_EW,NVCNVL_EW,0.056,0.056
1950,NvcNvl_L2_EW,NVCNVL_EW,0.055,0.055
1950,32Mt_L1_EW,32MT_EW,0.035,0.03
1950,32Mt_L1_NS,NONE,0.01,0.0
1950,NvcCmt8_L2_EW,NVCCMT8_EW,0.005,0.005
1950,304Nvl_L3_EW,NONE,0.006,0.0
1950,304Nvl_L2_NS,NONE,0.015,0.0
1950,32Nvl_L2_NS,32NVL_NS,0.007,0.007
1950,32Nvl_L3_EW,NONE,0.006,0.0
1950,32Nvl_L3_EW,NONE,0.006,0.0
1950,NvcNvl_L1_NS,NONE,0.017,0.0
1950,NvcNvl_L3_EW,NONE,0.065,0.0
1950,32Mt_L2_EW,32MT_EW,0.027,0.022
1950,32Mt_L2_NS,NONE,0.009,0.0
1950,NvcCmt8_L1_EW,NVCCMT8_EW,0.015,0.015
1955,304Nvl_L1_NS,304NVL_NS,0.009,0.009
1955,304Nvl_L1_NS,NONE,0.08,0.0
1955,304Nvl_L3_NS,NONE,0.048,0.0
1955,32Nvl_L1_EW,32NVL_EW,0.007,0.007
1955,32Nvl_L2_EW,32NVL_EW,0.008,0.008
1955,32Nvl_L1_EW,32NVL_EW,0.007,0.007
1955,32Nvl_L2_EW,32NVL_EW,0.007,0.007
1955,32Nvl_L3_NS,NONE,0.008,0.0
1955,32Nvl_L2_NS,32NVL_NS,0.008,0.008
1955,NvcNvl_L1_EW,NONE,0.128,0.0
1955,NvcNvl_L2_EW,NONE,0.092,0.0
1955,NvcNvl_L1_EW,NVCNVL_EW,0.063,0.063
1955,NvcNvl_L2_EW,NVCNVL_EW,0.062,0.062
1955,32Mt_L1_EW,NONE,0.007,0.0
1955,NvcCmt8_L2_EW,NVCCMT8_EW,0.005,0.005
1955,304Nvl_L2_NS,NONE,0.044,0.0
1955,32Nvl_L3_EW,NONE,0.006,0.0
1955,32Nvl_L3_EW,NONE,0.006,0.0
1955,32Nvl_L1_NS,32NVL_NS,0.007,0.0
1955,NvcNvl_L3_EW,NONE,0.074,0.0
1955,NvcCmt8_L1_EW,NVCCMT8_EW,0.008,0.008
1960,304Nvl_L1_NS,304NVL_NS,0.009,0.009
1960,304Nvl_L1_EW,304NVL_EW,0.008,0.008
1960,304Nvl_L1_NS,NONE,0.007,0.0
1960,32Nvl_L1_EW,32NVL_EW,0.007,0.007
1960,32Nvl_L2_EW,32NVL_EW,0.008,0.008
1960,32Nvl_L1_EW,32NVL_EW,0.007,0.007
1960,32Nvl_L2_EW,32NVL_EW,0.007,0.007
1960,NvcNvl_L3_NS,NONE,0.007,0.0
1960,NvcNvl_L2_NS,NONE,0.007,0.0
1960,NvcNvl_L1_EW,NONE,0.128,0.0
1960,NvcNvl_L2_EW,NONE,0.092,0.0
1960,NvcNvl_L1_EW,NVCNVL_EW,0.063,0.063
1960,NvcNvl_L2_EW,NVCNVL_EW,0.062,0.062
1960,32Mt_L1_EW,NONE,0.036,0.0
1960,NvcMt_L2_NS,NONE,0.005,0.0
1960,32Nvl_L3_EW,NONE,0.006,0.0
1960,32Nvl_L3_EW,NONE,0.006,0.0
1960,32Nvl_L1_NS,32NVL_NS,0.007,0.0
1960,NvcNvl_L1_NS,NONE,0.009,0.0
1960,NvcNvl_L3_EW,NONE,0.074,0.0
1960,NvcMt_L1_NS,NONE,0.005,0.0
1960,NvcCmt8_L1_EW,NVCCMT8_EW,0.008,0.008
1960,NvcCmt8_L1_EW,NONE,0.006,0.0
1965,304Nvl_L1_NS,304NVL_NS,0.009,0.009
1965,304Nvl_L1_EW,304NVL_EW,0.051,0.051
1965,32Nvl_L1_EW,32NVL_EW,0.007,0.002
1965,32Nvl_L2_EW,32NVL_EW,0.008,0.004
1965,32Nvl_L1_EW,32NVL_EW,0.007,0.002
1965,32Nvl_L2_EW,32NVL_EW,0.007,0.004
1965,NvcNvl_L1_EW,NVCNVL_EW,0.014,0.014
1965,NvcNvl_L2_EW,NVCNVL_EW,0.008,0.008
1965,32Mt_L1_EW,32MT_EW,0.007,0.002
1965,32Nvl_L3_EW,NONE,0.006,0.0
1965,32Nvl_L3_EW,NONE,0.006,0.0
1965,32Nvl_L1_NS,32NVL_NS,0.007,0.0
1965,NvcNvl_L3_EW,NONE,0.009,0.0
1965,32Mt_L2_EW,32MT_EW,0.005,0.0
1970,304Nvl_L1_NS,304NVL_NS,0.009,0.009
1970,304Nvl_L1_EW,304NVL_EW,0.008,0.008
1970,32Nvl_L1_EW,32NVL_EW,0.007,0.007
1970,32Nvl_L2_EW,32NVL_EW,0.008,0.008
1970,32Nvl_L1_EW,32NVL_EW,0.007,0.007
1970,32Nvl_L2_EW,32NVL_EW,0.007,0.007
1970,32Nvl_L3_NS,NONE,0.008,0.0
1970,32Nvl_L2_NS,32NVL_NS,0.008,0.008
1970,NvcNvl_L1_EW,NVCNVL_EW,0.007,0.007
1970,32Mt_L1_NS,NONE,0.01,0.0
1970,32Nvl_L3_EW,NONE,0.006,0.0
1970,32Nvl_L3_EW,NONE,0.006,0.0
1970,32Nvl_L1_NS,32NVL_NS,0.007,0.0
1970,32Mt_L2_NS,NONE,0.009,0.0
1975,32Nvl_L1_EW,32NVL_EW,0.007,0.007
1975,32Nvl_L2_EW,32NVL_EW,0.008,0.008
1975,32Nvl_L1_EW,32NVL_EW,0.007,0.007
1975,32Nvl_L2_EW,32NVL_EW,0.007,0.007
1975,NvcNvl_L3_NS,NONE,0.007,0.0
1975,NvcNvl_L2_NS,NONE,0.007,0.0
1975,32Mt_L1_NS,32MT_NS,0.006,0.006
1975,32Nvl_L3_EW,NONE,0.006,0.0
1975,32Nvl_L3_EW,NONE,0.006,0.0
1975,NvcNvl_L1_NS,NONE,0.009,0.0
1980,32Nvl_L3_NS,NONE,0.034,0.0
1980,32Nvl_L1_NS,32NVL_NS,0.048,0.048
1980,32Nvl_L1_EW,32NVL_EW,0.007,0.007
1980,32Nvl_L2_EW,32NVL_EW,0.008,0.008
1980,32Nvl_L1_EW,32NVL_EW,0.007,0.007
1980,32Nvl_L2_EW,32NVL_EW,0.007,0.007
1980,32Nvl_L3_NS,NONE,0.008,0.0
1980,32Nvl_L2_NS,32NVL_NS,0.008,0.008
1980,32Mt_L1_NS,32MT_NS,0.006,0.006
1980,32Mt_L1_EW,NONE,0.007,0.0
1980,32Mt_L3_EW,NONE,0.009,0.0
1980,32Mt_L1_NS,NONE,0.244,0.0
1980,NvcMt_L2_NS,NONE,0.005,0.0
1980,NvcMt_L1_EW,NVCMT_EW,0.006,0.001
1980,NvcCmt8_L2_EW,NVCCMT8_EW,0.005,0.005
1980,32Nvl_L2_NS,32NVL_NS,0.04,0.04
1980,32Nvl_L3_EW,NONE,0.006,0.0
1980,32Nvl_L3_EW,NONE,0.006,0.0
1980,32Nvl_L1_NS,32NVL_NS,0.007,0.007
1980,32Mt_L2_EW,NONE,0.008,0.0
1980,32Mt_L2_NS,NONE,0.216,0.0
1980,NvcMt_L1_NS,NONE,0.005,0.0
1980,NvcMt_L2_EW,NVCMT_EW,0.008,0.004
1980,NvcCmt8_L1_EW,NVCCMT8_EW,0.008,0.003
1985,32Nvl_L1_NS,32NVL_NS,0.007,0.007
1985,32Nvl_L1_EW,32NVL_EW,0.007,0.007
1985,32Nvl_L2_EW,32NVL_EW,0.008,0.008
1985,32Nvl_L1_EW,32NVL_EW,0.007,0.007
1985,32Nvl_L2_EW,32NVL_EW,0.007,0.007
1985,NvcNvl_L3_NS,NONE,0.034,0.0
1985,NvcNvl_L2_NS,NONE,0.033,0.0
1985,NvcNvl_L1_EW,NVCNVL_EW,0.007,0.007
1985,32Mt_L1_NS,32MT_NS,0.006,0.006
1985,32Mt_L1_EW,NONE,0.05,0.0
1985,32Mt_L3_EW,NONE,0.062,0.0
1985,32Mt_L1_NS,NONE,0.254,0.0
1985,NvcMt_L2_EW,NVCMT_EW,0.003,-0.001
1985,NvcCmt8_L2_EW,NVCCMT8_EW,0.005,0.003
1985,32Nvl_L2_NS,32NVL_NS,0.007,0.007
1985,32Nvl_L3_EW,NONE,0.006,0.0
1985,32Nvl_L3_EW,NONE,0.006,0.0
1985,NvcNvl_L1_NS,NONE,0.044,0.0
1985,32Mt_L2_EW,NONE,0.053,0.0
1985,32Mt_L2_NS,NONE,0.225,0.0
1985,NvcMt_L1_EW,NVCMT_EW,0.006,-0.005
1985,NvcCmt8_L1_EW,NVCCMT8_EW,0.008,0.008
1985,NvcCmt8_L1_EW,NONE,0.006,0.0
1990,304Nvl_L1_EW,304NVL_EW,0.008,0.008
1990,304Nvl_L2_EW,304NVL_EW,0.007,0.007
1990,32Nvl_L1_EW,32NVL_EW,0.007,0.002
1990,32Nvl_L2_EW,32NVL_EW,0.008,0.004
1990,32Nvl_L1_EW,32NVL_EW,0.007,0.002
1990,32Nvl_L2_EW,32NVL_EW,0.007,0.004
1990,32Nvl_L3_NS,NONE,0.008,0.0
1990,32Nvl_L2_NS,32NVL_NS,0.008,0.008
1990,32Mt_L1_NS,32MT_NS,0.006,0.001
1990,32Mt_L1_EW,NONE,0.007,0.0
1990,32Mt_L3_EW,NONE,0.009,0.0
1990,32Mt_L1_EW,32MT_EW,0.007,0.002
1990,NvcMt_L2_NS,NONE,0.005,0.0
1990,NvcMt_L2_EW,NVCMT_EW,0.003,-0.001
1990,NvcMt_L1_NS,NVCMT_NS,0.007,0.002
1990,NvcCmt8_L2_EW,NVCCMT8_EW,0.005,0.003
1990,304Nvl_L3_EW,NONE,0.006,0.0
1990,32Nvl_L3_EW,NONE,0.006,0.0
1990,32Nvl_L3_EW,NONE,0.006,0.0
1990,32Nvl_L1_NS,32NVL_NS,0.047,0.047
1990,32Mt_L2_EW,NONE,0.008,0.0
1990,32Mt_L2_EW,32MT_EW,0.005,0.0
1990,NvcMt_L1_NS,NONE,0.005,0.0
1990,NvcMt_L1_EW,NVCMT_EW,0.006,0.0
1990,NvcMt_L2_NS,NVCMT_NS,0.005,0.005
1990,NvcCmt8_L1_EW,NVCCMT8_EW,0.008,0.008
1995,304Nvl_L1_EW,304NVL_EW,0.102,0.102
1995,304Nvl_L2_EW,304NVL_EW,0.087,0.087
1995,32Nvl_L1_EW,32NVL_EW,0.007,-0.003
1995,32Nvl_L2_EW,32NVL_EW,0.008,0.004
1995,32Nvl_L1_EW,32NVL_EW,0.007,-0.003
1995,32Nvl_L2_EW,32NVL_EW,0.007,0.004
1995,32Mt_L1_NS,32MT_NS,0.088,0.078
1995,32Mt_L1_EW,NONE,0.007,0.0
1995,32Mt_L1_EW,32MT_EW,0.014,0.009
1995,32Mt_L1_NS,NONE,0.059,0.0
1995,NvcMt_L1_EW,NVCMT_EW,0.006,0.006
1995,NvcMt_L1_NS,NVCMT_NS,0.014,-0.048
1995,304Nvl_L3_EW,NONE,0.076,0.0
1995,32Nvl_L3_EW,NONE,0.006,0.0
1995,32Nvl_L3_EW,NONE,0.006,0.0
1995,32Mt_L2_EW,32MT_EW,0.005,0.0
1995,32Mt_L2_NS,NONE,0.009,0.0
1995,NvcMt_L2_EW,NVCMT_EW,0.008,0.008
1995,NvcMt_L2_NS,NVCMT_NS,0.011,0.011
1995,NvcCmt8_L1_EW,NONE,0.006,0.0
2000,304Nvl_L1_EW,304NVL_EW,0.135,0.135
2000,304Nvl_L2_EW,304NVL_EW,0.116,0.116
2000,304Nvl_L1_NS,NONE,0.007,0.0
2000,32Nvl_L1_EW,32NVL_EW,0.007,-0.061
2000,32Nvl_L2_EW,32NVL_EW,0.008,-0.038
2000,32Nvl_L1_EW,32NVL_EW,0.013,-0.055
2000,32Nvl_L2_EW,32NVL_EW,0.015,-0.031
2000,32Nvl_L3_NS,NONE,0.008,0.0
2000,32Nvl_L2_NS,32NVL_NS,0.008,0.008
2000,NvcNvl_L1_EW,NVCNVL_EW,0.035,0.035
2000,NvcNvl_L2_EW,NVCNVL_EW,0.039,0.039
2000,32Mt_L1_NS,32MT_NS,0.082,0.072
2000,32Mt_L1_EW,32MT_EW,0.098,0.093
2000,32Mt_L1_NS,NONE,0.049,0.0
2000,NvcMt_L1_NS,NVCMT_NS,0.014,-0.043
2000,NvcCmt8_L2_EW,NONE,0.037,0.0
2000,304Nvl_L3_EW,NONE,0.101,0.0
2000,32Nvl_L3_EW,NONE,0.012,0.0
2000,32Nvl_L3_EW,NONE,0.006,0.0
2000,32Nvl_L1_NS,32NVL_NS,0.007,0.007
2000,NvcNvl_L3_EW,NONE,0.047,0.0
2000,32Mt_L2_EW,32MT_EW,0.065,0.06
2000,32Mt_L2_NS,NONE,0.043,0.0
2000,NvcMt_L2_NS,NVCMT_NS,0.011,0.011
2000,NvcCmt8_L1_EW,NONE,0.029,0.0
2005,304Nvl_L1_EW,304NVL_EW,0.034,0.034
2005,304Nvl_L2_EW,304NVL_EW,0.029,0.029
2005,304Nvl_L1_NS,NONE,0.015,0.0
2005,304Nvl_L3_NS,NONE,0.008,0.0
2005,32Nvl_L1_EW,32NVL_EW,0.007,-0.052
2005,32Nvl_L2_EW,32NVL_EW,0.008,0.008
2005,32Nvl_L1_EW,32NVL_EW,0.013,-0.045
2005,32Nvl_L2_EW,32NVL_EW,0.015,0.015
2005,32Nvl_L3_NS,NONE,0.017,0.0
2005,32Nvl_L2_NS,32NVL_NS,0.016,0.016
2005,NvcNvl_L1_EW,NVCNVL_EW,0.049,0.049
2005,NvcNvl_L2_EW,NVCNVL_EW,0.055,0.055
2005,32Mt_L1_NS,32MT_NS,0.082,0.072
2005,32Mt_L1_EW,NONE,0.007,0.0
2005,32Mt_L1_EW,32MT_EW,0.084,0.079
2005,32Mt_L1_NS,NONE,0.049,0.0
2005,NvcMt_L1_NS,NVCMT_NS,0.014,-0.043
2005,NvcCmt8_L2_EW,NONE,0.037,0.0
2005,304Nvl_L3_EW,NONE,0.025,0.0
2005,304Nvl_L2_NS,NONE,0.007,0.0
2005,32Nvl_L3_EW,NONE,0.012,0.0
2005,32Nvl_L3_EW,NONE,0.006,0.0
2005,32Nvl_L1_NS,32NVL_NS,0.013,0.013
2005,NvcNvl_L3_EW,NONE,0.065,0.0
2005,NvcMt_L2_NS,NVCMT_NS,0.011,0.011
2005,NvcCmt8_L1_EW,NONE,0.029,0.0
2010,304Nvl_L1_EW,304NVL_EW,0.008,0.008
2010,304Nvl_L2_EW,304NVL_EW,0.007,0.007
2010,304Nvl_L1_NS,NONE,0.095,0.0
2010,32Nvl_L1_EW,32NVL_EW,0.021,0.021
2010,32Nvl_L2_EW,32NVL_EW,0.023,0.023
2010,32Nvl_L1_EW,32NVL_EW,0.013,0.013
2010,32Nvl_L2_EW,32NVL_EW,0.015,0.015
2010,32Nvl_L3_NS,NONE,0.008,0.0
2010,32Nvl_L2_NS,32NVL_NS,0.008,0.008
2010,NvcNvl_L3_NS,NONE,0.007,0.0
2010,NvcNvl_L2_NS,NONE,0.007,0.0
2010,NvcNvl_L1_EW,NVCNVL_EW,0.007,0.007
2010,NvcNvl_L2_EW,NVCNVL_EW,0.008,0.008
2010,32Mt_L1_NS,32MT_NS,0.006,-0.003
2010,NvcMt_L1_NS,NVCMT_NS,0.014,0.009
2010,304Nvl_L3_EW,NONE,0.006,0.0
2010,32Nvl_L3_EW,NONE,0.012,0.0
2010,32Nvl_L3_EW,NONE,0.019,0.0
2010,32Nvl_L1_NS,32NVL_NS,0.007,0.007
2010,NvcNvl_L1_NS,NONE,0.009,0.0
2010,NvcMt_L2_NS,NVCMT_NS,0.011,0.011
2010,NvcCmt8_L1_EW,NVCCMT8_EW,0.038,0.038
2015,304Nvl_L1_EW,304NVL_EW,0.025,0.025
2015,304Nvl_L2_EW,304NVL_EW,0.015,0.015
2015,304Nvl_L1_NS,NONE,0.029,0.0
2015,32Nvl_L1_EW,32NVL_EW,0.014,0.014
2015,32Nvl_L2_EW,32NVL_EW,0.015,0.015
2015,32Nvl_L1_EW,32NVL_EW,0.007,0.007
2015,32Nvl_L2_EW,32NVL_EW,0.007,0.007
2015,32Nvl_L3_NS,NONE,0.025,0.0
2015,32Nvl_L2_NS,32NVL_NS,0.024,0.024
2015,NvcNvl_L1_EW,NONE,0.011,0.0
2015,NvcNvl_L2_EW,NONE,0.008,0.0
2015,NvcNvl_L1_EW,NVCNVL_EW,0.014,0.014
2015,NvcNvl_L2_EW,NVCNVL_EW,0.016,0.016
2015,32Mt_L1_NS,32MT_NS,0.006,-0.003
2015,32Mt_L1_NS,NONE,0.01,0.0
2015,NvcMt_L1_NS,NVCMT_NS,0.014,0.009
2015,304Nvl_L3_EW,NONE,0.013,0.0
2015,32Nvl_L3_EW,NONE,0.006,0.0
2015,32Nvl_L3_EW,NONE,0.013,0.0
2015,32Nvl_L1_NS,32NVL_NS,0.02,0.02
2015,NvcNvl_L3_EW,NONE,0.006,0.0
2015,NvcNvl_L3_EW,NONE,0.019,0.0
2015,32Mt_L2_NS,NONE,0.009,0.0
2015,NvcMt_L2_NS,NVCMT_NS,0.011,0.011
2015,NvcCmt8_L1_EW,NVCCMT8_EW,0.038,0.038
2020,304Nvl_L1_EW,304NVL_EW,0.017,0.017
2020,304Nvl_L2_EW,304NVL_EW,0.015,0.015
2020,304Nvl_L1_NS,NONE,0.015,0.0
2020,32Nvl_L3_NS,NONE,0.025,0.0
2020,32Nvl_L2_NS,32NVL_NS,0.024,0.024
2020,NvcNvl_L3_NS,NONE,0.007,0.0
2020,NvcNvl_L2_NS,NONE,0.007,0.0
2020,NvcNvl_L1_EW,NONE,0.011,0.0
2020,NvcNvl_L2_EW,NONE,0.008,0.0
2020,NvcNvl_L1_EW,NVCNVL_EW,0.007,0.007
2020,NvcNvl_L2_EW,NVCNVL_EW,0.008,0.008
2020,32Mt_L1_EW,NONE,0.007,0.0
2020,32Mt_L1_EW,32MT_EW,0.007,0.007
2020,NvcMt_L2_NS,NONE,0.069,0.0
2020,304Nvl_L3_EW,NONE,0.013,0.0
2020,32Nvl_L1_NS,32NVL_NS,0.027,0.027
2020,NvcNvl_L1_NS,NONE,0.009,0.0
2020,NvcNvl_L3_EW,NONE,0.009,0.0
2020,32Mt_L2_EW,32MT_EW,0.005,0.005
2020,NvcMt_L1_NS,NONE,0.071,0.0
2025,304Nvl_L1_EW,304NVL_EW,0.017,0.017
2025,304Nvl_L2_EW,304NVL_EW,0.015,0.015
2025,304Nvl_L1_NS,NONE,0.007,0.0
2025,32Nvl_L1_NS,32NVL_NS,0.014,0.014
2025,32Nvl_L3_NS,NONE,0.008,0.0
2025,32Nvl_L2_NS,32NVL_NS,0.008,0.008
2025,NvcNvl_L3_NS,NONE,0.007,0.0
2025,NvcNvl_L2_NS,NONE,0.007,0.0
2025,NvcNvl_L1_EW,NONE,0.011,0.0
2025,NvcNvl_L2_EW,NONE,0.008,0.0
2025,NvcNvl_L1_EW,NVCNVL_EW,0.007,0.007
2025,NvcNvl_L2_EW,NVCNVL_EW,0.008,0.008
2025,32Mt_L1_EW,32MT_EW,0.007,0.007
2025,304Nvl_L3_EW,NONE,0.013,0.0
2025,32Nvl_L2_NS,32NVL_NS,0.007,0.007
2025,32Nvl_L1_NS,32NVL_NS,0.027,0.027
2025,NvcNvl_L1_NS,NONE,0.009,0.0
2025,NvcNvl_L3_EW,NONE,0.009,0.0
2025,32Mt_L2_EW,32MT_EW,0.005,0.005
2030,304Nvl_L1_EW,304NVL_EW,0.017,0.017
2030,304Nvl_L2_EW,304NVL_EW,0.015,0.015
2030,32Nvl_L3_NS,NONE,0.007,0.0
2030,32Nvl_L1_NS,32NVL_NS,0.014,0.014
2030,32Nvl_L3_NS,NONE,0.008,0.0
2030,32Nvl_L2_NS,32NVL_NS,0.008,0.008
2030,NvcNvl_L3_NS,NONE,0.007,0.0
2030,NvcNvl_L2_NS,NONE,0.007,0.0
2030,NvcNvl_L1_EW,NONE,0.011,0.0
2030,NvcNvl_L2_EW,NONE,0.008,0.0
2030,NvcNvl_L1_EW,NVCNVL_EW,0.007,0.007
2030,NvcNvl_L2_EW,NVCNVL_EW,0.008,0.006
2030,32Mt_L1_EW,32MT_EW,0.007,0.007
2030,NvcMt_L2_EW,NVCMT_EW,0.003,-0.003
2030,304Nvl_L3_EW,NONE,0.013,0.0
2030,32Nvl_L2_NS,32NVL_NS,0.007,0.007
2030,32Nvl_L1_NS,32NVL_NS,0.02,0.02
2030,NvcNvl_L1_NS,NONE,0.009,0.0
2030,NvcNvl_L3_EW,NONE,0.009,0.0
2030,32Mt_L2_EW,32MT_EW,0.005,0.005
2030,NvcMt_L1_EW,NVCMT_EW,0.006,0.001
2035,304Nvl_L1_EW,304NVL_EW,0.017,0.017
2035,304Nvl_L2_EW,304NVL_EW,0.015,0.015
2035,NvcNvl_L1_EW,NONE,0.011,0.0
2035,NvcNvl_L1_EW,NVCNVL_EW,0.007,0.007
2035,32Mt_L1_EW,NONE,0.094,0.0
2035,32Mt_L3_EW,NONE,0.115,0.0
2035,32Mt_L1_EW,32MT_EW,0.007,0.007
2035,NvcMt_L2_EW,NVCMT_EW,0.003,-0.016
2035,NvcCmt8_L2_EW,NVCCMT8_EW,0.026,0.025
2035,304Nvl_L3_EW,NONE,0.013,0.0
2035,32Nvl_L1_NS,32NVL_NS,0.007,0.007
2035,32Mt_L2_EW,NONE,0.098,0.0
2035,32Mt_L2_EW,32MT_EW,0.005,0.005
2035,NvcMt_L1_EW,NVCMT_EW,0.006,-0.026
2035,NvcCmt8_L1_EW,NVCCMT8_EW,0.038,0.038
2040,32Nvl_L1_NS,32NVL_NS,0.007,0.007
2040,32Mt_L1_NS,32MT_NS,0.006,0.006
2040,32Mt_L1_EW,NONE,0.108,0.0
2040,32Mt_L3_EW,NONE,0.133,0.0
2040,32Mt_L1_EW,32MT_EW,0.007,0.007
2040,NvcMt_L2_EW,NVCMT_EW,0.003,-0.034
2040,NvcCmt8_L2_EW,NVCCMT8_EW,0.053,0.051
2040,32Nvl_L1_NS,32NVL_NS,0.007,0.007
2040,32Mt_L2_NS,32MT_NS,0.006,0.006
2040,32Mt_L2_EW,NONE,0.113,0.0
2040,32Mt_L2_EW,32MT_EW,0.005,0.005
2040,NvcMt_L1_EW,NVCMT_EW,0.006,-0.048
2040,NvcCmt8_L1_EW,NVCCMT8_EW,0.077,0.077
2045,304Nvl_L1_EW,304NVL_EW,0.042,0.042
2045,304Nvl_L2_EW,304NVL_EW,0.036,0.036
2045,32Nvl_L3_NS,NONE,0.095,0.0
2045,32Nvl_L1_NS,32NVL_NS,0.104,0.104
2045,32Mt_L1_EW,NONE,0.036,0.0
2045,32Mt_L3_EW,NONE,0.035,0.0
2045,32Mt_L1_EW,32MT_EW,0.014,0.014
2045,32Mt_L1_NS,NONE,0.01,0.0
2045,NvcMt_L2_EW,NVCMT_EW,0.003,-0.034
2045,NvcCmt8_L2_EW,NVCCMT8_EW,0.053,0.051
2045,304Nvl_L3_EW,NONE,0.032,0.0
2045,32Nvl_L2_NS,32NVL_NS,0.093,0.093
2045,32Mt_L2_EW,NONE,0.038,0.0
2045,32Mt_L2_EW,32MT_EW,0.005,0.005
2045,32Mt_L2_NS,NONE,0.009,0.0
2045,NvcMt_L1_EW,NVCMT_EW,0.006,-0.048
2045,NvcCmt8_L1_EW,NVCCMT8_EW,0.077,0.077
2050,304Nvl_L1_EW,304NVL_EW,0.059,0.059
2050,304Nvl_L2_EW,304NVL_EW,0.051,0.051
2050,304Nvl_L1_NS,NONE,0.007,0.0
2050,32Nvl_L3_NS,NONE,0.014,0.0
2050,32Nvl_L1_NS,32NVL_NS,0.035,0.035
2050,32Nvl_L1_EW,32NVL_EW,0.007,-0.008
2050,32Nvl_L2_EW,32NVL_EW,0.008,-0.004
2050,32Nvl_L3_NS,NONE,0.008,0.0
2050,32Nvl_L2_NS,32NVL_NS,0.008,0.008
2050,NvcNvl_L1_EW,NVCNVL_EW,0.007,0.003
2050,NvcNvl_L2_EW,NVCNVL_EW,0.008,0.008
2050,32Mt_L1_EW,NONE,0.014,0.0
2050,32Mt_L3_EW,NONE,0.009,0.0
2050,32Mt_L1_EW,32MT_EW,0.021,0.016
2050,32Mt_L1_NS,NONE,0.117,0.0
2050,NvcMt_L1_EW,NVCMT_EW,0.006,-0.052
2050,NvcCmt8_L2_EW,NVCCMT8_EW,0.053,0.053
2050,304Nvl_L3_EW,NONE,0.044,0.0
2050,32Nvl_L2_NS,32NVL_NS,0.033,0.033
2050,32Nvl_L3_EW,NONE,0.006,0.0
2050,32Nvl_L1_NS,32NVL_NS,0.007,0.007
2050,NvcNvl_L3_EW,NONE,0.009,0.0
2050,32Mt_L2_EW,NONE,0.008,0.0
2050,32Mt_L2_EW,32MT_EW,0.016,0.011
2050,NvcMt_L2_EW,NVCMT_EW,0.008,-0.034
2050,NvcCmt8_L1_EW,NVCCMT8_EW,0.077,0.072
2055,304Nvl_L1_EW,304NVL_EW,0.025,0.025
2055,304Nvl_L2_EW,304NVL_EW,0.015,0.015
2055,304Nvl_L1_NS,NONE,0.007,0.0
2055,32Nvl_L3_NS,NONE,0.007,0.0
2055,32Nvl_L1_NS,32NVL_NS,0.021,0.021
2055,32Nvl_L1_EW,32NVL_EW,0.014,-0.015
2055,32Nvl_L2_EW,32NVL_EW,0.015,0.004
2055,32Nvl_L1_EW,32NVL_EW,0.007,-0.023
2055,32Nvl_L3_NS,NONE,0.008,0.0
2055,32Nvl_L2_NS,32NVL_NS,0.008,0.008
2055,32Mt_L1_NS,32MT_NS,0.006,0.006
2055,32Mt_L1_EW,NONE,0.007,0.0
2055,32Mt_L1_EW,32MT_EW,0.042,0.032
2055,32Mt_L1_NS,NONE,0.127,0.0
2055,NvcMt_L2_NS,NONE,0.016,0.0
2055,NvcMt_L1_EW,NVCMT_EW,0.013,-0.041
2055,NvcMt_L2_EW,NVCMT_EW,0.003,-0.034
2055,NvcCmt8_L2_EW,NVCCMT8_EW,0.053,0.051
2055,304Nvl_L3_EW,NONE,0.013,0.0
2055,32Nvl_L2_NS,32NVL_NS,0.02,0.02
2055,32Nvl_L3_EW,NONE,0.013,0.0
2055,32Nvl_L1_NS,32NVL_NS,0.087,0.087
2055,32Mt_L2_EW,32MT_EW,0.016,0.006
2055,NvcMt_L1_NS,NONE,0.016,0.0
2055,NvcMt_L2_EW,NVCMT_EW,0.016,-0.021
2055,NvcMt_L1_EW,NVCMT_EW,0.006,-0.048
2055,NvcCmt8_L1_EW,NVCCMT8_EW,0.077,0.068
2060,304Nvl_L1_EW,304NVL_EW,0.008,0.008
2060,304Nvl_L2_EW,304NVL_EW,0.007,0.007
2060,304Nvl_L1_NS,NONE,0.051,0.0
2060,304Nvl_L3_NS,NONE,0.008,0.0
2060,32Nvl_L1_NS,32NVL_NS,0.007,0.007
2060,32Nvl_L1_EW,32NVL_EW,0.007,-0.008
2060,32Nvl_L2_EW,32NVL_EW,0.008,0.0
2060,32Mt_L1_NS,32MT_NS,0.006,0.006
2060,32Mt_L1_EW,NONE,0.022,0.0
2060,32Mt_L3_EW,NONE,0.018,0.0
2060,32Mt_L1_EW,32MT_EW,0.021,0.016
2060,NvcMt_L2_NS,NONE,0.005,0.0
2060,NvcMt_L1_EW,NVCMT_EW,0.013,0.013
2060,NvcMt_L2_EW,NVCMT_EW,0.003,0.003
2060,304Nvl_L2_NS,NONE,0.007,0.0
2060,32Nvl_L3_EW,NONE,0.006,0.0
2060,32Nvl_L1_NS,32NVL_NS,0.081,0.081
2060,32Mt_L2_EW,NONE,0.015,0.0
2060,32Mt_L2_EW,32MT_EW,0.011,0.005
2060,NvcMt_L1_NS,NONE,0.005,0.0
2060,NvcMt_L2_EW,NVCMT_EW,0.016,0.016
2060,NvcMt_L1_EW,NVCMT_EW,0.006,0.006
2060,NvcCmt8_L1_EW,NONE,0.029,0.0
2065,304Nvl_L1_EW,304NVL_EW,0.025,0.025
2065,304Nvl_L2_EW,304NVL_EW,0.022,0.022
2065,304Nvl_L1_EW,NONE,0.008,0.0
2065,304Nvl_L1_NS,NONE,0.007,0.0
2065,32Nvl_L1_EW,32NVL_EW,0.014,0.004
2065,32Nvl_L2_EW,32NVL_EW,0.015,0.012
2065,NvcNvl_L3_NS,NONE,0.007,0.0
2065,NvcNvl_L2_NS,NONE,0.007,0.0
2065,32Mt_L1_NS,32MT_NS,0.013,0.013
2065,32Mt_L1_EW,32MT_EW,0.014,0.004
2065,NvcMt_L1_EW,NVCMT_EW,0.006,0.006
2065,NvcMt_L2_EW,NVCMT_EW,0.003,0.003
2065,304Nvl_L3_EW,NONE,0.019,0.0
2065,32Nvl_L3_EW,NONE,0.013,0.0
2065,32Nvl_L1_NS,32NVL_NS,0.007,0.007
2065,NvcNvl_L1_NS,NONE,0.009,0.0
2065,32Mt_L2_EW,32MT_EW,0.005,-0.005
2065,NvcMt_L2_EW,NVCMT_EW,0.008,0.008
2065,NvcMt_L1_EW,NVCMT_EW,0.006,0.006
2065,NvcCmt8_L1_EW,NONE,0.029,0.0
2070,304Nvl_L1_EW,304NVL_EW,0.059,0.059
2070,304Nvl_L2_EW,304NVL_EW,0.044,0.044
2070,304Nvl_L1_NS,NONE,0.015,0.0
2070,304Nvl_L3_NS,NONE,0.016,0.0
2070,32Nvl_L1_EW,32NVL_EW,0.007,-0.003
2070,32Nvl_L2_EW,32NVL_EW,0.008,0.0
2070,NvcNvl_L3_NS,NONE,0.007,0.0
2070,NvcNvl_L2_NS,NONE,0.007,0.0
2070,NvcNvl_L1_EW,NVCNVL_EW,0.007,0.003
2070,NvcNvl_L2_EW,NVCNVL_EW,0.008,0.008
2070,32Mt_L1_NS,32MT_NS,0.006,0.006
2070,32Mt_L1_EW,32MT_EW,0.014,0.009
2070,32Mt_L1_NS,NONE,0.01,0.0
2070,NvcMt_L1_EW,NVCMT_EW,0.006,0.001
2070,NvcCmt8_L2_EW,NONE,0.007,0.0
2070,304Nvl_L3_EW,NONE,0.006,0.0
2070,304Nvl_L2_NS,NONE,0.015,0.0
2070,32Nvl_L3_EW,NONE,0.006,0.0
2070,NvcNvl_L1_NS,NONE,0.009,0.0
2070,NvcNvl_L3_EW,NONE,0.009,0.0
2070,32Mt_L2_EW,32MT_EW,0.011,0.005
2070,NvcMt_L2_EW,NVCMT_EW,0.008,0.002
2070,NvcCmt8_L1_EW,NONE,0.006,0.0
2075,304Nvl_L1_NS,304NVL_NS,0.009,0.009
2075,304Nvl_L3_NS,NONE,0.007,0.0
2075,304Nvl_L1_EW,304NVL_EW,0.059,0.059
2075,304Nvl_L2_EW,304NVL_EW,0.051,0.051
2075,304Nvl_L1_NS,NONE,0.007,0.0
2075,32Nvl_L1_EW,32NVL_EW,0.042,0.042
2075,32Nvl_L2_EW,32NVL_EW,0.046,0.046
2075,32Nvl_L3_NS,NONE,0.008,0.0
2075,32Nvl_L2_NS,32NVL_NS,0.008,0.003
2075,32Mt_L1_NS,32MT_NS,0.006,0.006
2075,32Mt_L1_EW,NONE,0.014,0.0
2075,32Mt_L3_EW,NONE,0.009,0.0
2075,NvcMt_L1_EW,NVCMT_EW,0.006,0.006
2075,NvcMt_L2_EW,NVCMT_EW,0.003,0.003
2075,304Nvl_L2_NS,304NVL_NS,0.008,0.002
2075,304Nvl_L3_EW,NONE,0.044,0.0
2075,32Nvl_L3_EW,NONE,0.038,0.0
2075,32Nvl_L1_NS,32NVL_NS,0.013,0.007
2075,32Mt_L2_EW,NONE,0.008,0.0
2075,NvcMt_L2_EW,NVCMT_EW,0.016,0.016
2075,NvcMt_L1_EW,NVCMT_EW,0.006,0.006
2080,304Nvl_L1_NS,304NVL_NS,0.009,0.004
2080,304Nvl_L3_NS,NONE,0.007,0.0
2080,304Nvl_L1_EW,304NVL_EW,0.034,0.034
2080,304Nvl_L2_EW,304NVL_EW,0.022,0.022
2080,304Nvl_L1_NS,NONE,0.007,0.0
2080,32Nvl_L3_NS,NONE,0.007,0.0
2080,32Nvl_L1_NS,32NVL_NS,0.007,0.001
2080,32Nvl_L1_EW,32NVL_EW,0.007,0.007
2080,32Nvl_L2_EW,32NVL_EW,0.008,0.008
2080,32Nvl_L3_NS,NONE,0.008,0.0
2080,32Nvl_L2_NS,32NVL_NS,0.008,0.003
2080,NvcNvl_L3_NS,NONE,0.007,0.0
2080,NvcNvl_L2_NS,NONE,0.007,0.0
2080,32Mt_L1_NS,32MT_NS,0.013,0.013
2080,32Mt_L1_EW,NONE,0.007,0.0
2080,NvcMt_L2_NS,NONE,0.005,0.0
2080,NvcMt_L1_EW,NVCMT_EW,0.006,0.006
2080,304Nvl_L2_NS,304NVL_NS,0.008,0.002
2080,304Nvl_L3_EW,NONE,0.019,0.0
2080,32Nvl_L2_NS,32NVL_NS,0.007,0.001
2080,32Nvl_L3_EW,NONE,0.006,0.0
2080,32Nvl_L1_NS,32NVL_NS,0.007,0.0
2080,NvcNvl_L1_NS,NONE,0.009,0.0
2080,32Mt_L2_NS,32MT_NS,0.006,0.006
2080,NvcMt_L1_NS,NONE,0.005,0.0
2080,NvcMt_L2_EW,NVCMT_EW,0.008,0.008
2085,304Nvl_L1_NS,304NVL_NS,0.009,0.009
2085,304Nvl_L3_NS,NONE,0.007,0.0
2085,304Nvl_L1_EW,304NVL_EW,0.059,0.059
2085,304Nvl_L2_EW,304NVL_EW,0.007,0.007
2085,304Nvl_L1_NS,NONE,0.022,0.0
2085,304Nvl_L3_NS,NONE,0.008,0.0
2085,32Nvl_L1_EW,32NVL_EW,0.007,0.002
2085,32Nvl_L2_EW,32NVL_EW,0.008,0.004
2085,32Mt_L1_NS,32MT_NS,0.013,0.013
2085,32Mt_L1_EW,32MT_EW,0.007,0.002
2085,NvcMt_L2_EW,NVCMT_EW,0.003,0.003
2085,304Nvl_L2_NS,304NVL_NS,0.008,0.008
2085,304Nvl_L3_EW,NONE,0.006,0.0
2085,304Nvl_L2_NS,NONE,0.007,0.0
2085,32Nvl_L3_EW,NONE,0.006,0.0
2085,32Nvl_L1_NS,32NVL_NS,0.034,0.027
2085,32Mt_L2_NS,32MT_NS,0.006,0.006
2085,32Mt_L2_EW,32MT_EW,0.005,0.0
2085,NvcMt_L1_EW,NVCMT_EW,0.006,0.006
2090,304Nvl_L1_NS,304NVL_NS,0.009,0.004
2090,304Nvl_L3_NS,NONE,0.007,0.0
2090,304Nvl_L1_NS,NONE,0.015,0.0
2090,32Nvl_L1_NS,32NVL_NS,0.007,-0.004
2090,32Nvl_L1_EW,32NVL_EW,0.007,0.007
2090,32Nvl_L2_EW,32NVL_EW,0.008,0.008
2090,NvcNvl_L1_EW,NONE,0.128,0.0
2090,NvcNvl_L2_EW,NONE,0.092,0.0
2090,NvcNvl_L1_NS,NVCNVL_NS,0.007,0.002
2090,32Mt_L1_NS,32MT_NS,0.006,0.006
2090,32Mt_L1_NS,NONE,0.01,0.0
2090,304Nvl_L2_NS,304NVL_NS,0.008,0.008
2090,32Nvl_L3_EW,NONE,0.006,0.0
2090,32Nvl_L1_NS,32NVL_NS,0.007,-0.004
2090,NvcNvl_L3_EW,NONE,0.076,0.0
2090,32Mt_L2_NS,32MT_NS,0.006,0.006
2090,32Mt_L2_NS,NONE,0.009,0.0
2095,304Nvl_L1_NS,304NVL_NS,0.009,-0.025
2095,304Nvl_L3_NS,NONE,0.007,0.0
2095,304Nvl_L1_EW,304NVL_EW,0.017,0.017
2095,304Nvl_L1_NS,NONE,0.007,0.0
2095,32Nvl_L3_NS,NONE,0.041,0.0
2095,32Nvl_L1_NS,32NVL_NS,0.048,0.037
2095,32Nvl_L1_EW,32NVL_EW,0.007,0.007
2095,32Nvl_L2_EW,32NVL_EW,0.008,0.008
2095,32Nvl_L3_NS,NONE,0.008,0.0
2095,32Nvl_L2_NS,32NVL_NS,0.008,0.003
2095,NvcNvl_L1_EW,NVCNVL_EW,0.007,0.007
2095,NvcNvl_L2_EW,NVCNVL_EW,0.008,0.008
2095,NvcNvl_L1_NS,NVCNVL_NS,0.007,-0.027
2095,32Mt_L1_NS,NONE,0.02,0.0
2095,NvcCmt8_L2_EW,NVCCMT8_EW,0.005,0.005
2095,304Nvl_L2_NS,304NVL_NS,0.008,0.002
2095,32Nvl_L2_NS,32NVL_NS,0.047,0.041
2095,32Nvl_L3_EW,NONE,0.006,0.0
2095,32Nvl_L1_NS,32NVL_NS,0.007,-0.004
2095,NvcNvl_L3_EW,NONE,0.009,0.0
2095,32Mt_L2_NS,NONE,0.017,0.0
2095,NvcCmt8_L1_EW,NVCCMT8_EW,0.008,0.008
2100,304Nvl_L1_NS,304NVL_NS,0.009,-0.001
2100,304Nvl_L3_NS,NONE,0.007,0.0
2100,32Nvl_L3_NS,NONE,0.007,0.0
2100,32Nvl_L1_NS,32NVL_NS,0.014,0.008
2100,32Nvl_L1_EW,32NVL_EW,0.007,-0.003
2100,32Nvl_L2_EW,32NVL_EW,0.008,0.002
2100,NvcNvl_L3_NS,NONE,0.041,0.0
2100,NvcNvl_L2_NS,NONE,0.04,0.0
2100,32Mt_L1_EW,32MT_EW,0.007,0.002
2100,32Mt_L1_NS,NONE,0.049,0.0
2100,NvcMt_L2_NS,NONE,0.032,0.0
2100,NvcCmt8_L2_NS,NONE,0.054,0.0
2100,32Thn_L1_EW,32THN_EW,0.008,0.003
2100,32Thn_L2_EW,32THN_EW,0.008,0.003
2100,NvcCmt8_L1_NS,NONE,0.039,0.0
2100,32Thn_L3_EW,NONE,0.008,0.0
2100,304Nvl_L2_NS,304NVL_NS,0.008,0.008
2100,32Nvl_L2_NS,32NVL_NS,0.013,0.008
2100,32Nvl_L3_EW,NONE,0.006,0.0
2100,NvcNvl_L1_NS,NONE,0.052,0.0
2100,32Mt_L2_NS,NONE,0.043,0.0
2100,NvcMt_L1_NS,NONE,0.033,0.0
2105,304Nvl_L1_NS,304NVL_NS,0.009,0.004
2105,304Nvl_L3_NS,NONE,0.007,0.0
2105,32Nvl_L3_NS,NONE,0.007,0.0
2105,32Nvl_L1_NS,32NVL_NS,0.007,0.001
2105,32Nvl_L1_EW,32NVL_EW,0.007,0.002
2105,32Nvl_L2_EW,32NVL_EW,0.008,0.004
2105,32Nvl_L3_NS,NONE,0.008,0.0
2105,32Nvl_L2_NS,32NVL_NS,0.008,0.003
2105,NvcNvl_L3_NS,NONE,0.034,0.0
2105,NvcNvl_L2_NS,NONE,0.033,0.0
2105,32Mt_L1_EW,NONE,0.014,0.0
2105,32Mt_L1_EW,32MT_EW,0.007,0.002
2105,32Thn_L1_EW,NONE,0.019,0.0
2105,32Thn_L2_EW,NONE,0.01,0.0
2105,32Thn_L3_EW,NONE,0.007,0.0
2105,304Nvl_L2_NS,304NVL_NS,0.008,0.002
2105,32Nvl_L2_NS,32NVL_NS,0.007,0.001
2105,32Nvl_L3_EW,NONE,0.006,0.0
2105,32Nvl_L1_NS,32NVL_NS,0.007,0.0
2105,NvcNvl_L1_NS,NONE,0.044,0.0
2105,32Mt_L2_EW,32MT_EW,0.005,0.0
2110,304Nvl_L1_NS,304NVL_NS,0.009,0.004
2110,304Nvl_L3_NS,NONE,0.007,0.0
2110,304Nvl_L1_NS,NONE,0.007,0.0
2110,304Nvl_L3_NS,NONE,0.008,0.0
2110,32Nvl_L3_NS,NONE,0.007,0.0
2110,32Nvl_L1_NS,32NVL_NS,0.007,0.001
2110,32Nvl_L1_EW,32NVL_EW,0.007,0.001
2110,32Nvl_L2_EW,32NVL_EW,0.008,0.008
2110,32Nvl_L3_NS,NONE,0.05,0.0
2110,32Nvl_L2_NS,32NVL_NS,0.047,0.042
2110,NvcNvl_L3_NS,NONE,0.007,0.0
2110,NvcNvl_L2_NS,NONE,0.007,0.0
2110,NvcNvl_L1_EW,NVCNVL_EW,0.007,0.007
2110,32Mt_L1_NS,32MT_NS,0.031,0.031
2110,32Thn_L1_EW,32THN_EW,0.008,0.003
2110,304Nvl_L2_NS,304NVL_NS,0.008,-0.026
2110,304Nvl_L2_NS,NONE,0.007,0.0
2110,32Nvl_L2_NS,32NVL_NS,0.007,0.001
2110,32Nvl_L3_EW,NONE,0.006,0.0
2110,32Nvl_L1_NS,32NVL_NS,0.04,0.034
2110,NvcNvl_L1_NS,NONE,0.009,0.0
2115,304Nvl_L1_NS,304NVL_NS,0.009,-0.005
2115,304Nvl_L3_NS,NONE,0.007,0.0
2115,304Nvl_L1_EW,304NVL_EW,0.008,0.008
2115,304Nvl_L2_EW,304NVL_EW,0.007,0.007
2115,32Nvl_L3_NS,NONE,0.007,0.0
2115,32Nvl_L1_NS,32NVL_NS,0.021,0.014
2115,32Nvl_L1_EW,32NVL_EW,0.014,0.014
2115,32Nvl_L2_EW,32NVL_EW,0.015,0.015
2115,32Nvl_L2_NS,32NVL_NS,0.008,0.003
2115,NvcNvl_L1_EW,NVCNVL_EW,0.042,0.042
2115,NvcNvl_L2_EW,NVCNVL_EW,0.008,0.008
2115,32Mt_L1_NS,32MT_NS,0.031,0.031
2115,32Mt_L1_NS,NONE,0.01,0.0
2115,304Nvl_L2_NS,304NVL_NS,0.008,0.002
2115,304Nvl_L3_EW,NONE,0.006,0.0
2115,32Nvl_L2_NS,32NVL_NS,0.013,0.008
2115,32Nvl_L3_EW,NONE,0.013,0.0
2115,32Nvl_L1_NS,32NVL_NS,0.007,0.0
2115,NvcNvl_L3_EW,NONE,0.009,0.0
2115,32Mt_L2_NS,NONE,0.009,0.0
2120,304Nvl_L1_NS,304NVL_NS,0.009,0.004
2120,304Nvl_L3_NS,NONE,0.007,0.0
2120,304Nvl_L1_EW,304NVL_EW,0.017,0.017
2120,304Nvl_L2_EW,304NVL_EW,0.007,0.007
2120,32Nvl_L1_NS,32NVL_NS,0.007,0.001
2120,32Nvl_L1_EW,32NVL_EW,0.014,0.014
2120,32Nvl_L2_EW,32NVL_EW,0.015,0.015
2120,NvcNvl_L1_EW,NVCNVL_EW,0.035,0.031
2120,32Mt_L1_NS,32MT_NS,0.031,0.031
2120,32Mt_L1_EW,NONE,0.007,0.0
2120,32Mt_L3_EW,NONE,0.009,0.0
2120,32Mt_L1_NS,NONE,0.01,0.0
2120,NvcMt_L1_EW,NVCMT_EW,0.006,-0.018
2120,304Nvl_L2_NS,304NVL_NS,0.008,0.008
2120,304Nvl_L3_EW,NONE,0.006,0.0
2120,32Nvl_L2_NS,32NVL_NS,0.007,0.001
2120,32Nvl_L3_EW,NONE,0.013,0.0
2120,32Nvl_L1_NS,32NVL_NS,0.007,0.0
2120,32Mt_L2_EW,NONE,0.008,0.0
2120,32Mt_L2_NS,NONE,0.009,0.0
2120,NvcMt_L2_EW,NVCMT_EW,0.008,0.008
2125,304Thn_L1_EW,NONE,0.007,0.0
2125,304Thn_L2_EW,NONE,0.008,0.0
2125,304Nvl_L1_NS,304NVL_NS,0.009,0.009
2125,304Nvl_L3_NS,NONE,0.007,0.0
2125,304Nvl_L1_EW,304NVL_EW,0.008,0.008
2125,304Nvl_L2_EW,304NVL_EW,0.007,0.007
2125,304Nvl_L1_NS,NONE,0.007,0.0
2125,32Nvl_L3_NS,NONE,0.008,0.0
2125,32Nvl_L2_NS,32NVL_NS,0.008,0.003
2125,NvcNvl_L3_NS,NONE,0.034,0.0
2125,NvcNvl_L2_NS,NONE,0.033,0.0
2125,NvcNvl_L1_EW,NVCNVL_EW,0.007,0.007
2125,NvcNvl_L2_EW,NVCNVL_EW,0.008,0.008
2125,32Mt_L1_EW,NONE,0.007,0.0
2125,32Mt_L1_EW,32MT_EW,0.007,0.007
2125,32Mt_L1_NS,NONE,0.01,0.0
2125,304Nvl_L2_NS,304NVL_NS,0.008,0.002
2125,304Nvl_L3_EW,NONE,0.006,0.0
2125,32Nvl_L1_NS,32NVL_NS,0.013,0.007
2125,NvcNvl_L1_NS,NONE,0.044,0.0
2125,NvcNvl_L3_EW,NONE,0.009,0.0
2125,32Mt_L2_EW,32MT_EW,0.005,0.005
2125,32Mt_L2_NS,NONE,0.009,0.0
2125,304Thn_L3_EW,NONE,0.008,0.0
2130,304Nvl_L1_NS,304NVL_NS,0.009,0.009
2130,304Nvl_L3_NS,NONE,0.007,0.0
2130,304Nvl_L1_NS,NONE,0.007,0.0
2130,32Nvl_L1_EW,32NVL_EW,0.014,0.014
2130,32Nvl_L2_EW,32NVL_EW,0.015,0.015
2130,32Nvl_L1_EW,32NVL_EW,0.007,0.007
2130,32Nvl_L3_NS,NONE,0.017,0.0
2130,32Nvl_L2_NS,32NVL_NS,0.016,0.01
2130,32Mt_L1_NS,32MT_NS,0.006,0.006
2130,NvcMt_L1_EW,NVCMT_EW,0.032,0.032
2130,304Nvl_L2_NS,304NVL_NS,0.008,-0.003
2130,32Nvl_L3_EW,NONE,0.013,0.0
2130,32Nvl_L1_NS,32NVL_NS,0.02,0.014
2130,NvcMt_L2_EW,NVCMT_EW,0.04,0.04
2135,304Thn_L1_EW,304THN_EW,0.008,0.008
2135,32Nvl_L1_EW,32NVL_EW,0.007,0.007
2135,32Nvl_L2_EW,32NVL_EW,0.008,0.008
2135,32Nvl_L3_NS,NONE,0.017,0.0
2135,32Nvl_L2_NS,32NVL_NS,0.016,0.016
2135,NvcNvl_L1_EW,NONE,0.053,0.0
2135,NvcNvl_L2_EW,NONE,0.038,0.0
2135,32Mt_L1_NS,32MT_NS,0.013,0.013
2135,32Mt_L1_NS,NONE,0.01,0.0
2135,NvcMt_L1_EW,NVCMT_EW,0.032,0.032
2135,32Nvl_L3_EW,NONE,0.006,0.0
2135,32Nvl_L1_NS,32NVL_NS,0.02,0.02
2135,32Mt_L2_NS,NONE,0.009,0.0
2135,NvcMt_L2_EW,NVCMT_EW,0.04,0.04
2140,304Nvl_L1_NS,304NVL_NS,0.009,0.009
2140,304Nvl_L1_EW,304NVL_EW,0.017,0.017
2140,304Nvl_L2_EW,304NVL_EW,0.007,0.007
2140,304Nvl_L1_NS,NONE,0.007,0.0
2140,304Nvl_L3_NS,NONE,0.008,0.0
2140,32Nvl_L1_EW,32NVL_EW,0.007,0.002
2140,32Nvl_L2_EW,32NVL_EW,0.008,0.004
2140,32Mt_L1_NS,32MT_NS,0.006,0.006
2140,32Mt_L1_EW,32MT_EW,0.007,0.002
2140,32Mt_L1_NS,NONE,0.01,0.0
2140,NvcMt_L2_NS,NONE,0.026,0.0
2140,304Nvl_L3_EW,NONE,0.006,0.0
2140,304Nvl_L2_NS,NONE,0.007,0.0
2140,32Nvl_L3_EW,NONE,0.006,0.0
2140,32Mt_L2_EW,32MT_EW,0.005,0.0
2140,32Mt_L2_NS,NONE,0.009,0.0
2140,NvcMt_L1_NS,NONE,0.027,0.0
2145,304Nvl_L1_EW,304NVL_EW,0.008,0.008
2145,32Nvl_L1_EW,32NVL_EW,0.014,0.004
2145,32Nvl_L2_EW,32NVL_EW,0.015,0.008
2145,32Mt_L1_EW,NONE,0.007,0.0
2145,32Mt_L1_EW,32MT_EW,0.014,0.004
2145,NvcMt_L2_NS,NONE,0.053,0.0
2145,32Nvl_L3_EW,NONE,0.013,0.0
2145,32Mt_L2_EW,32MT_EW,0.011,0.0
2145,NvcMt_L1_NS,NONE,0.055,0.0
2150,304Nvl_L1_EW,304NVL_EW,0.025,0.025
2150,304Nvl_L2_EW,304NVL_EW,0.015,0.015
2150,32Nvl_L1_NS,32NVL_NS,0.007,0.007
2150,32Nvl_L1_EW,32NVL_EW,0.014,-0.005
2150,32Nvl_L2_EW,32NVL_EW,0.015,0.004
2150,32Mt_L1_EW,32MT_EW,0.028,0.018
2150,32Mt_L1_NS,NONE,0.127,0.0
2150,304Nvl_L3_EW,NONE,0.013,0.0
2150,32Nvl_L2_NS,32NVL_NS,0.007,0.007
2150,32Nvl_L3_EW,NONE,0.013,0.0
2150,32Nvl_L1_NS,32NVL_NS,0.007,0.007
2150,32Mt_L2_EW,32MT_EW,0.016,0.006
2150,32Mt_L2_NS,NONE,0.113,0.0
2155,304Nvl_L1_EW,304NVL_EW,0.017,0.017
2155,304Nvl_L2_EW,304NVL_EW,0.015,0.015
2155,32Nvl_L1_NS,32NVL_NS,0.007,0.007
2155,32Nvl_L1_EW,32NVL_EW,0.007,-0.012
2155,32Nvl_L2_EW,32NVL_EW,0.008,-0.004
2155,32Nvl_L3_NS,NONE,0.042,0.0
2155,32Nvl_L2_NS,32NVL_NS,0.039,0.039
2155,NvcNvl_L3_NS,NONE,0.034,0.0
2155,NvcNvl_L2_NS,NONE,0.033,0.0
2155,32Mt_L1_NS,32MT_NS,0.006,0.006
2155,32Mt_L1_EW,NONE,0.007,0.0
2155,32Mt_L3_EW,NONE,0.009,0.0
2155,32Mt_L1_EW,32MT_EW,0.028,0.023
2155,32Mt_L1_NS,NONE,0.117,0.0
2155,304Nvl_L3_EW,NONE,0.006,0.0
2155,32Nvl_L2_NS,32NVL_NS,0.007,0.007
2155,32Nvl_L3_EW,NONE,0.006,0.0
2155,32Nvl_L1_NS,32NVL_NS,0.034,0.034
2155,NvcNvl_L1_NS,NONE,0.044,0.0
2155,32Mt_L2_EW,NONE,0.008,0.0
2155,32Mt_L2_EW,32MT_EW,0.016,0.011
2155,32Mt_L2_NS,NONE,0.104,0.0
2160,304Nvl_L1_EW,304NVL_EW,0.008,0.008
2160,304Nvl_L2_EW,304NVL_EW,0.007,0.007
2160,304Nvl_L1_NS,NONE,0.007,0.0
2160,32Nvl_L1_EW,32NVL_EW,0.007,-0.012
2160,32Nvl_L2_EW,32NVL_EW,0.008,-0.008
2160,32Nvl_L1_EW,32NVL_EW,0.007,-0.013
2160,32Nvl_L2_EW,32NVL_EW,0.007,-0.008
2160,32Nvl_L3_NS,NONE,0.008,0.0
2160,32Nvl_L2_NS,32NVL_NS,0.008,0.008
2160,NvcNvl_L3_NS,NONE,0.007,0.0
2160,NvcNvl_L2_NS,NONE,0.007,0.0
2160,NvcNvl_L1_EW,NONE,0.011,0.0
2160,NvcNvl_L2_EW,NONE,0.008,0.0
2160,32Mt_L1_NS,32MT_NS,0.075,0.075
2160,32Mt_L1_EW,NONE,0.007,0.0
2160,32Mt_L3_EW,NONE,0.009,0.0
2160,32Mt_L1_EW,32MT_EW,0.028,0.023
2160,NvcMt_L1_EW,NVCMT_EW,0.006,0.006
2160,304Nvl_L3_EW,NONE,0.006,0.0
2160,32Nvl_L3_EW,NONE,0.006,0.0
2160,32Nvl_L3_EW,NONE,0.006,0.0
2160,32Nvl_L1_NS,32NVL_NS,0.013,0.013
2160,NvcNvl_L1_NS,NONE,0.009,0.0
2160,NvcNvl_L3_EW,NONE,0.006,0.0
2160,32Mt_L2_EW,NONE,0.008,0.0
2160,32Mt_L2_EW,32MT_EW,0.022,0.016
2160,NvcMt_L2_EW,NVCMT_EW,0.008,0.008
2165,304Nvl_L1_EW,304NVL_EW,0.008,0.008
2165,304Nvl_L1_NS,NONE,0.007,0.0
2165,32Nvl_L1_EW,32NVL_EW,0.007,-0.008
2165,32Nvl_L2_EW,32NVL_EW,0.008,-0.004
2165,32Nvl_L1_EW,32NVL_EW,0.007,-0.008
2165,32Nvl_L2_EW,32NVL_EW,0.007,-0.004
2165,NvcNvl_L3_NS,NONE,0.007,0.0
2165,NvcNvl_L2_NS,NONE,0.007,0.0
2165,32Mt_L1_NS,32MT_NS,0.075,0.075
2165,32Mt_L1_EW,NONE,0.007,0.0
2165,32Mt_L3_EW,NONE,0.009,0.0
2165,32Mt_L1_EW,32MT_EW,0.021,0.016
2165,32Mt_L1_NS,NONE,0.049,0.0
2165,NvcMt_L1_EW,NVCMT_EW,0.013,0.013
2165,32Nvl_L3_EW,NONE,0.006,0.0
2165,32Nvl_L3_EW,NONE,0.006,0.0
2165,NvcNvl_L1_NS,NONE,0.009,0.0
2165,32Mt_L2_EW,NONE,0.008,0.0
2165,32Mt_L2_EW,32MT_EW,0.016,0.011
2165,32Mt_L2_NS,NONE,0.043,0.0
2165,NvcMt_L2_EW,NVCMT_EW,0.016,0.016
2170,304Nvl_L1_NS,NONE,0.007,0.0
2170,32Nvl_L1_EW,32NVL_EW,0.007,-0.017
2170,32Nvl_L2_EW,32NVL_EW,0.008,-0.004
2170,32Nvl_L1_EW,32NVL_EW,0.007,-0.018
2170,32Nvl_L2_EW,32NVL_EW,0.007,-0.004
2170,NvcNvl_L3_NS,NONE,0.014,0.0
2170,NvcNvl_L2_NS,NONE,0.013,0.0
2170,NvcNvl_L1_EW,NVCNVL_EW,0.007,-0.002
2170,NvcNvl_L2_EW,NVCNVL_EW,0.008,0.008
2170,32Mt_L1_EW,NONE,0.014,0.0
2170,32Mt_L3_EW,NONE,0.009,0.0
2170,32Mt_L1_EW,32MT_EW,0.035,0.03
2170,NvcMt_L1_EW,NVCMT_EW,0.013,0.008
2170,32Nvl_L3_EW,NONE,0.006,0.0
2170,32Nvl_L3_EW,NONE,0.006,0.0
2170,NvcNvl_L1_NS,NONE,0.017,0.0
2170,NvcNvl_L3_EW,NONE,0.009,0.0
2170,32Mt_L2_EW,NONE,0.015,0.0
2170,32Mt_L2_EW,32MT_EW,0.016,0.011
2170,NvcMt_L2_EW,NVCMT_EW,0.016,0.01
2175,304Nvl_L1_EW,304NVL_EW,0.008,0.008
2175,304Nvl_L2_EW,304NVL_EW,0.007,0.007
2175,32Nvl_L1_EW,32NVL_EW,0.007,-0.017
2175,32Nvl_L2_EW,32NVL_EW,0.008,-0.008
2175,32Nvl_L1_EW,32NVL_EW,0.007,-0.018
2175,32Nvl_L2_EW,32NVL_EW,0.007,-0.008
2175,NvcNvl_L3_NS,NONE,0.007,0.0
2175,NvcNvl_L2_NS,NONE,0.007,0.0
2175,NvcNvl_L1_EW,NONE,0.021,0.0
2175,NvcNvl_L2_EW,NONE,0.015,0.0
2175,NvcNvl_L1_EW,NVCNVL_EW,0.014,0.005
2175,NvcNvl_L2_EW,NVCNVL_EW,0.008,0.008
2175,32Mt_L1_EW,NONE,0.007,0.0
2175,32Mt_L3_EW,NONE,0.009,0.0
2175,32Mt_L1_EW,32MT_EW,0.035,0.03
2175,NvcMt_L1_EW,NVCMT_EW,0.013,0.003
2175,304Nvl_L3_EW,NONE,0.006,0.0
2175,32Nvl_L3_EW,NONE,0.006,0.0
2175,32Nvl_L3_EW,NONE,0.006,0.0
2175,NvcNvl_L1_NS,NONE,0.009,0.0
2175,NvcNvl_L3_EW,NONE,0.013,0.0
2175,NvcNvl_L3_EW,NONE,0.009,0.0
2175,32Mt_L2_EW,NONE,0.008,0.0
2175,32Mt_L2_EW,32MT_EW,0.022,0.016
2175,NvcMt_L2_EW,NVCMT_EW,0.016,0.01
2180,304Nvl_L1_EW,304NVL_EW,0.008,0.008
2180,304Nvl_L2_EW,304NVL_EW,0.007,0.007
2180,32Nvl_L1_EW,32NVL_EW,0.007,-0.047
2180,32Nvl_L2_EW,32NVL_EW,0.008,-0.008
2180,32Nvl_L1_EW,32NVL_EW,0.007,-0.047
2180,32Nvl_L2_EW,32NVL_EW,0.007,-0.008
2180,32Nvl_L3_NS,NONE,0.008,0.0
2180,32Nvl_L2_NS,32NVL_NS,0.008,0.008
2180,NvcNvl_L3_NS,NONE,0.014,0.0
2180,NvcNvl_L2_NS,NONE,0.013,0.0
2180,NvcNvl_L1_EW,NVCNVL_EW,0.014,0.005
2180,NvcNvl_L2_EW,NVCNVL_EW,0.008,0.008
2180,32Mt_L1_NS,32MT_NS,0.013,0.013
2180,32Mt_L1_EW,NONE,0.014,0.0
2180,32Mt_L3_EW,NONE,0.018,0.0
2180,32Mt_L1_EW,32MT_EW,0.077,0.072
2180,NvcMt_L1_EW,NVCMT_EW,0.013,0.003
2180,304Nvl_L3_EW,NONE,0.006,0.0
2180,32Nvl_L3_EW,NONE,0.006,0.0
2180,32Nvl_L3_EW,NONE,0.006,0.0
2180,32Nvl_L1_NS,32NVL_NS,0.007,0.007
2180,NvcNvl_L1_NS,NONE,0.017,0.0
2180,NvcNvl_L3_EW,NONE,0.009,0.0
2180,32Mt_L2_EW,NONE,0.015,0.0
2180,32Mt_L2_EW,32MT_EW,0.022,0.016
2180,NvcMt_L2_EW,NVCMT_EW,0.016,0.01
2185,304Nvl_L1_EW,304NVL_EW,0.008,0.008
2185,304Nvl_L2_EW,304NVL_EW,0.007,0.007
2185,304Nvl_L1_NS,NONE,0.007,0.0
2185,32Nvl_L1_EW,32NVL_EW,0.014,-0.03
2185,32Nvl_L2_EW,32NVL_EW,0.015,0.0
2185,32Nvl_L1_EW,32NVL_EW,0.007,-0.037
2185,32Nvl_L2_EW,32NVL_EW,0.007,-0.008
2185,NvcNvl_L1_EW,NVCNVL_EW,0.014,0.01
2185,NvcNvl_L2_EW,NVCNVL_EW,0.008,-0.002
2185,32Mt_L1_EW,32MT_EW,0.063,0.053
2185,NvcMt_L1_EW,NVCMT_EW,0.006,-0.004
2185,NvcMt_L2_EW,NVCMT_EW,0.013,0.008
2185,32Thn_L1_EW,NONE,0.01,0.0
2185,32Thn_L2_EW,NONE,0.01,0.0
2185,32Thn_L3_EW,NONE,0.007,0.0
2185,304Nvl_L3_EW,NONE,0.006,0.0
2185,32Nvl_L3_EW,NONE,0.006,0.0
2185,32Nvl_L3_EW,NONE,0.013,0.0
2185,NvcNvl_L3_EW,NONE,0.009,0.0
2185,32Mt_L2_EW,32MT_EW,0.022,0.011
2185,NvcMt_L2_EW,NVCMT_EW,0.008,0.002
2185,NvcMt_L1_EW,NVCMT_EW,0.028,0.018
2190,32Nvl_L3_NS,NONE,0.007,0.0
2190,32Nvl_L1_NS,32NVL_NS,0.014,0.009
2190,32Nvl_L1_EW,32NVL_EW,0.014,-0.026
2190,32Nvl_L2_EW,32NVL_EW,0.015,0.012
2190,32Nvl_L1_EW,32NVL_EW,0.007,-0.033
2190,32Nvl_L2_EW,32NVL_EW,0.007,0.004
2190,32Nvl_L3_NS,NONE,0.025,0.0
2190,32Nvl_L2_NS,32NVL_NS,0.024,0.024
2190,NvcNvl_L3_NS,NONE,0.014,0.0
2190,NvcNvl_L2_NS,NONE,0.013,0.0
2190,NvcNvl_L1_EW,NVCNVL_EW,0.007,0.003
2190,NvcNvl_L1_NS,NVCNVL_NS,0.007,-0.003
2190,32Mt_L1_NS,32MT_NS,0.013,0.008
2190,32Mt_L1_EW,32MT_EW,0.049,0.039
2190,32Mt_L1_NS,NONE,0.01,0.0
2190,NvcMt_L1_EW,NVCMT_EW,0.006,0.001
2190,NvcMt_L2_EW,NVCMT_EW,0.027,0.027
2190,NvcMt_L1_NS,NVCMT_NS,0.007,-0.002
2190,NvcCmt8_L2_NS,NONE,0.054,0.0
2190,32Thn_L1_EW,32THN_EW,0.008,-0.002
2190,NvcCmt8_L1_NS,NONE,0.039,0.0
2190,32Nvl_L2_NS,32NVL_NS,0.013,0.013
2190,32Nvl_L3_EW,NONE,0.006,0.0
2190,32Nvl_L3_EW,NONE,0.013,0.0
2190,32Nvl_L1_NS,32NVL_NS,0.027,0.022
2190,NvcNvl_L1_NS,NONE,0.017,0.0
2190,32Mt_L2_NS,32MT_NS,0.006,0.003
2190,32Mt_L2_EW,32MT_EW,0.005,-0.005
2190,32Mt_L2_NS,NONE,0.009,0.0
2190,NvcMt_L2_EW,NVCMT_EW,0.008,0.008
2190,NvcMt_L1_EW,NVCMT_EW,0.056,0.051
2190,NvcMt_L2_NS,NVCMT_NS,0.005,0.001
2195,304Nvl_L1_EW,304NVL_EW,0.11,0.11
2195,304Nvl_L2_EW,304NVL_EW,0.094,0.094
2195,304Nvl_L1_NS,NONE,0.007,0.0
2195,32Nvl_L3_NS,NONE,0.007,0.0
2195,32Nvl_L1_NS,32NVL_NS,0.014,0.009
2195,32Nvl_L1_EW,32NVL_EW,0.014,0.009
2195,32Nvl_L2_EW,32NVL_EW,0.015,0.012
2195,32Nvl_L1_EW,32NVL_EW,0.007,0.002
2195,32Nvl_L2_EW,32NVL_EW,0.007,0.004
2195,32Nvl_L3_NS,NONE,0.017,0.0
2195,32Nvl_L2_NS,32NVL_NS,0.016,0.016
2195,NvcNvl_L3_NS,NONE,0.007,0.0
2195,NvcNvl_L2_NS,NONE,0.013,0.0
2195,NvcNvl_L1_NS,NVCNVL_NS,0.007,-0.003
2195,32Mt_L1_NS,32MT_NS,0.006,0.001
2195,32Mt_L1_EW,32MT_EW,0.007,-0.003
2195,NvcMt_L2_NS,NONE,0.005,0.0
2195,NvcMt_L1_EW,NVCMT_EW,0.006,0.006
2195,NvcMt_L2_EW,NVCMT_EW,0.003,0.003
2195,NvcMt_L1_NS,NVCMT_NS,0.007,0.002
2195,NvcCmt8_L2_NS,NONE,0.054,0.0
2195,NvcCmt8_L1_NS,NONE,0.039,0.0
2195,304Nvl_L3_EW,NONE,0.082,0.0
2195,32Nvl_L2_NS,32NVL_NS,0.013,0.013
2195,32Nvl_L3_EW,NONE,0.006,0.0
2195,32Nvl_L3_EW,NONE,0.013,0.0
2195,32Nvl_L1_NS,32NVL_NS,0.02,0.016
2195,NvcNvl_L1_NS,NONE,0.017,0.0
2195,32Mt_L2_NS,32MT_NS,0.006,0.003
2195,32Mt_L2_EW,32MT_EW,0.005,-0.005
2195,NvcMt_L1_NS,NONE,0.005,0.0
2195,NvcMt_L2_EW,NVCMT_EW,0.008,0.008
2195,NvcMt_L1_EW,NVCMT_EW,0.006,0.006
2195,NvcMt_L2_NS,NVCMT_NS,0.005,0.001
2200,304Nvl_L1_EW,304NVL_EW,0.102,0.102
2200,304Nvl_L2_EW,304NVL_EW,0.087,0.087
2200,32Nvl_L1_NS,32NVL_NS,0.007,0.007
2200,32Nvl_L1_EW,32NVL_EW,0.007,0.002
2200,32Nvl_L2_EW,32NVL_EW,0.008,0.008
2200,32Nvl_L1_EW,32NVL_EW,0.007,0.002
2200,32Nvl_L2_EW,32NVL_EW,0.007,0.007
2200,NvcNvl_L3_NS,NONE,0.007,0.0
2200,NvcNvl_L2_NS,NONE,0.007,0.0
2200,NvcNvl_L1_EW,NONE,0.011,0.0
2200,NvcNvl_L2_EW,NONE,0.008,0.0
2200,32Mt_L1_NS,32MT_NS,0.013,0.008
2200,32Mt_L1_EW,NONE,0.014,0.0
2200,32Mt_L1_EW,32MT_EW,0.007,0.002
2200,NvcMt_L2_NS,NONE,0.011,0.0
2200,NvcMt_L1_EW,NVCMT_EW,0.006,0.006
2200,NvcMt_L1_NS,NVCMT_NS,0.007,-0.002
2200,304Nvl_L3_EW,NONE,0.076,0.0
2200,32Nvl_L3_EW,NONE,0.006,0.0
2200,32Nvl_L3_EW,NONE,0.006,0.0
2200,32Nvl_L1_NS,32NVL_NS,0.007,0.007
2200,NvcNvl_L1_NS,NONE,0.009,0.0
2200,32Mt_L2_NS,32MT_NS,0.006,0.003
2200,NvcMt_L1_NS,NONE,0.011,0.0
2200,NvcMt_L2_EW,NVCMT_EW,0.008,0.008
2200,NvcMt_L2_NS,NVCMT_NS,0.005,0.001
2205,304Nvl_L1_NS,NONE,0.007,0.0
2205,32Nvl_L1_NS,32NVL_NS,0.014,0.014
2205,32Nvl_L1_EW,32NVL_EW,0.021,0.011
2205,32Nvl_L2_EW,32NVL_EW,0.023,0.016
2205,32Nvl_L1_EW,32NVL_EW,0.007,-0.003
2205,32Nvl_L2_EW,32NVL_EW,0.007,0.0
2205,NvcNvl_L3_NS,NONE,0.034,0.0
2205,NvcNvl_L2_NS,NONE,0.04,0.0
2205,NvcNvl_L1_EW,NONE,0.021,0.0
2205,NvcNvl_L2_EW,NONE,0.015,0.0
2205,32Mt_L1_NS,32MT_NS,0.013,0.008
2205,32Mt_L1_EW,NONE,0.014,0.0
2205,32Mt_L3_EW,NONE,0.018,0.0
2205,32Mt_L1_EW,32MT_EW,0.014,-0.001
2205,32Mt_L1_NS,NONE,0.02,0.0
2205,NvcMt_L1_NS,NVCMT_NS,0.007,-0.002
2205,32Nvl_L3_EW,NONE,0.006,0.0
2205,32Nvl_L3_EW,NONE,0.019,0.0
2205,NvcNvl_L1_NS,NONE,0.052,0.0
2205,NvcNvl_L3_EW,NONE,0.013,0.0
2205,32Mt_L2_NS,32MT_NS,0.006,0.003
2205,32Mt_L2_EW,NONE,0.015,0.0
2205,32Mt_L2_EW,32MT_EW,0.011,-0.005
2205,32Mt_L2_NS,NONE,0.017,0.0
2205,NvcMt_L2_NS,NVCMT_NS,0.005,0.001
2210,304Nvl_L1_NS,NONE,0.088,0.0
2210,32Nvl_L3_NS,NONE,0.014,0.0
2210,32Nvl_L1_NS,32NVL_NS,0.014,0.009
2210,32Nvl_L1_EW,32NVL_EW,0.007,0.007
2210,32Nvl_L2_EW,32NVL_EW,0.008,0.008
2210,32Nvl_L1_EW,32NVL_EW,0.007,0.007
2210,32Nvl_L2_EW,32NVL_EW,0.007,0.007
2210,NvcNvl_L3_NS,NONE,0.007,0.0
2210,NvcNvl_L2_NS,NONE,0.007,0.0
2210,NvcNvl_L1_EW,NONE,0.011,0.0
2210,NvcNvl_L1_EW,NVCNVL_EW,0.007,0.007
2210,NvcNvl_L1_NS,NVCNVL_NS,0.007,-0.003
2210,32Mt_L1_NS,32MT_NS,0.006,0.001
2210,32Mt_L1_EW,NONE,0.007,0.0
2210,NvcMt_L1_NS,NVCMT_NS,0.007,0.002
2210,NvcCmt8_L2_NS,NONE,0.062,0.0
2210,32Nvl_L2_NS,32NVL_NS,0.013,0.013
2210,32Nvl_L3_EW,NONE,0.006,0.0
2210,32Nvl_L3_EW,NONE,0.006,0.0
2210,NvcNvl_L1_NS,NONE,0.009,0.0
2210,NvcMt_L2_NS,NVCMT_NS,0.005,0.005
2210,NvcCmt8_L1_NS,NONE,0.054,0.0
2215,304Nvl_L1_NS,NONE,0.088,0.0
2215,32Nvl_L1_EW,32NVL_EW,0.014,0.004
2215,32Nvl_L2_EW,32NVL_EW,0.015,0.006
2215,32Nvl_L1_EW,32NVL_EW,0.013,0.003
2215,32Nvl_L2_EW,32NVL_EW,0.007,-0.002
2215,NvcNvl_L3_NS,NONE,0.007,0.0
2215,NvcNvl_L2_NS,NONE,0.007,0.0
2215,NvcNvl_L1_EW,NVCNVL_EW,0.007,0.007
2215,NvcNvl_L1_NS,NVCNVL_NS,0.007,0.007
2215,32Mt_L1_NS,32MT_NS,0.006,0.001
2215,32Mt_L1_EW,NONE,0.007,0.0
2215,32Mt_L1_EW,32MT_EW,0.007,-0.003
2215,32Mt_L1_NS,NONE,0.01,0.0
2215,NvcMt_L2_NS,NONE,0.005,0.0
2215,NvcMt_L1_NS,NVCMT_NS,0.007,0.002
2215,32Thn_L1_EW,32THN_EW,0.008,-0.002
2215,32Thn_L2_EW,32THN_EW,0.008,-0.002
2215,32Thn_L3_EW,NONE,0.008,0.0
2215,32Nvl_L3_EW,NONE,0.006,0.0
2215,32Nvl_L3_EW,NONE,0.013,0.0
2215,32Nvl_L1_NS,32NVL_NS,0.007,0.002
2215,NvcNvl_L1_NS,NONE,0.009,0.0
2215,32Mt_L2_EW,32MT_EW,0.005,-0.005
2215,32Mt_L2_NS,NONE,0.009,0.0
2215,NvcMt_L1_NS,NONE,0.005,0.0
2215,NvcMt_L2_NS,NVCMT_NS,0.005,0.005
2220,32Nvl_L3_NS,NONE,0.007,0.0
2220,32Nvl_L1_NS,32NVL_NS,0.007,0.007
2220,32Nvl_L1_EW,32NVL_EW,0.007,0.007
2220,32Nvl_L2_EW,32NVL_EW,0.008,0.008
2220,32Nvl_L1_EW,32NVL_EW,0.013,0.013
2220,32Nvl_L2_EW,32NVL_EW,0.007,0.007
2220,NvcNvl_L3_NS,NONE,0.007,0.0
2220,NvcNvl_L2_NS,NONE,0.007,0.0
2220,NvcNvl_L1_EW,NONE,0.011,0.0
2220,NvcNvl_L2_EW,NONE,0.008,0.0
2220,32Mt_L1_NS,32MT_NS,0.006,0.001
2220,32Mt_L1_EW,NONE,0.007,0.0
2220,NvcMt_L1_NS,NVCMT_NS,0.007,0.002
2220,32Thn_L1_EW,NONE,0.01,0.0
2220,32Nvl_L2_NS,32NVL_NS,0.007,0.007
2220,32Nvl_L3_EW,NONE,0.006,0.0
2220,32Nvl_L3_EW,NONE,0.006,0.0
2220,32Nvl_L1_NS,32NVL_NS,0.013,0.013
2220,NvcNvl_L1_NS,NONE,0.009,0.0
2220,NvcMt_L2_NS,NVCMT_NS,0.005,0.005
2225,304Nvl_L1_NS,NONE,0.007,0.0
2225,304Nvl_L3_NS,NONE,0.008,0.0
2225,32Nvl_L1_EW,32NVL_EW,0.014,0.009
2225,32Nvl_L2_EW,32NVL_EW,0.015,0.012
2225,32Nvl_L1_EW,32NVL_EW,0.007,0.002
2225,32Nvl_L2_EW,32NVL_EW,0.007,0.004
2225,NvcNvl_L1_NS,NVCNVL_NS,0.007,0.007
2225,32Mt_L1_EW,NONE,0.007,0.0
2225,32Mt_L3_EW,NONE,0.009,0.0
2225,32Mt_L1_EW,32MT_EW,0.007,-0.003
2225,NvcMt_L1_NS,NVCMT_NS,0.014,0.014
2225,304Nvl_L2_NS,NONE,0.007,0.0
2225,32Nvl_L3_EW,NONE,0.006,0.0
2225,32Nvl_L3_EW,NONE,0.013,0.0
2225,32Mt_L2_EW,NONE,0.008,0.0
2225,32Mt_L2_EW,32MT_EW,0.005,-0.005
2225,NvcMt_L2_NS,NVCMT_NS,0.011,0.011
2230,304Nvl_L1_NS,NONE,0.015,0.0
2230,304Nvl_L3_NS,NONE,0.016,0.0
2230,32Nvl_L1_NS,32NVL_NS,0.007,0.002
2230,32Nvl_L1_EW,32NVL_EW,0.007,0.007
2230,32Nvl_L2_EW,32NVL_EW,0.008,0.008
2230,32Nvl_L1_EW,32NVL_EW,0.007,0.007
2230,32Nvl_L2_EW,32NVL_EW,0.007,0.007
2230,32Nvl_L3_NS,NONE,0.008,0.0
2230,32Nvl_L2_NS,32NVL_NS,0.008,0.008
2230,NvcNvl_L3_NS,NONE,0.088,0.0
2230,NvcNvl_L2_NS,NONE,0.086,0.0
2230,NvcNvl_L1_EW,NONE,0.011,0.0
2230,NvcNvl_L2_EW,NONE,0.008,0.0
2230,NvcNvl_L1_NS,NVCNVL_NS,0.007,0.002
2230,32Mt_L1_NS,32MT_NS,0.006,-0.003
2230,32Mt_L1_EW,NONE,0.007,0.0
2230,32Mt_L3_EW,NONE,0.009,0.0
2230,NvcMt_L1_NS,NVCMT_NS,0.014,0.009
2230,304Nvl_L2_NS,NONE,0.015,0.0
2230,32Nvl_L2_NS,32NVL_NS,0.007,0.007
2230,32Nvl_L3_EW,NONE,0.006,0.0
2230,32Nvl_L3_EW,NONE,0.006,0.0
2230,32Nvl_L1_NS,32NVL_NS,0.007,0.002
2230,NvcNvl_L1_NS,NONE,0.114,0.0
2230,NvcNvl_L3_EW,NONE,0.006,0.0
2230,32Mt_L2_EW,NONE,0.008,0.0
2230,NvcMt_L2_NS,NVCMT_NS,0.011,0.011
2235,304Nvl_L1_EW,304NVL_EW,0.034,0.034
2235,304Nvl_L2_EW,304NVL_EW,0.022,0.022
2235,304Nvl_L1_NS,NONE,0.007,0.0
2235,32Nvl_L3_NS,NONE,0.017,0.0
2235,32Nvl_L2_NS,32NVL_NS,0.016,0.016
2235,NvcNvl_L3_NS,NONE,0.122,0.0
2235,NvcNvl_L2_NS,NONE,0.119,0.0
2235,32Mt_L1_NS,32MT_NS,0.006,-0.003
2235,32Mt_L1_EW,NONE,0.007,0.0
2235,32Mt_L3_EW,NONE,0.009,0.0
2235,32Mt_L1_EW,32MT_EW,0.007,0.007
2235,NvcMt_L2_NS,NONE,0.005,0.0
2235,NvcMt_L1_NS,NVCMT_NS,0.014,0.009
2235,304Nvl_L3_EW,NONE,0.019,0.0
2235,304Nvl_L2_NS,NONE,0.007,0.0
2235,32Nvl_L1_NS,32NVL_NS,0.02,0.02
2235,NvcNvl_L1_NS,NONE,0.157,0.0
2235,32Mt_L2_EW,NONE,0.008,0.0
2235,32Mt_L2_EW,32MT_EW,0.005,0.005
2235,NvcMt_L1_NS,NONE,0.005,0.0
2235,NvcMt_L2_NS,NVCMT_NS,0.011,0.011
2240,304Nvl_L1_EW,304NVL_EW,0.008,0.008
2240,32Nvl_L3_NS,NONE,0.017,0.0
2240,32Nvl_L2_NS,32NVL_NS,0.016,0.016
2240,NvcNvl_L3_NS,NONE,0.007,0.0
2240,NvcNvl_L2_NS,NONE,0.007,0.0
2240,NvcNvl_L1_EW,NONE,0.021,0.0
2240,NvcNvl_L2_EW,NONE,0.015,0.0
2240,NvcNvl_L1_EW,NVCNVL_EW,0.007,0.007
2240,NvcNvl_L2_EW,NVCNVL_EW,0.008,0.008
2240,32Mt_L1_NS,32MT_NS,0.006,-0.003
2240,32Mt_L1_EW,32MT_EW,0.021,0.021
2240,32Mt_L1_NS,NONE,0.01,0.0
2240,NvcMt_L1_NS,NVCMT_NS,0.014,0.009
2240,32Nvl_L1_NS,32NVL_NS,0.013,0.013
2240,NvcNvl_L1_NS,NONE,0.009,0.0
2240,NvcNvl_L3_EW,NONE,0.006,0.0
2240,NvcNvl_L3_EW,NONE,0.009,0.0
2240,32Mt_L2_EW,32MT_EW,0.016,0.016
2240,32Mt_L2_NS,NONE,0.009,0.0
2240,NvcMt_L2_NS,NVCMT_NS,0.011,0.011
2245,304Nvl_L1_EW,304NVL_EW,0.025,0.025
2245,304Nvl_L2_EW,304NVL_EW,0.007,0.007
2245,304Nvl_L1_NS,NONE,0.007,0.0
2245,32Nvl_L3_NS,NONE,0.017,0.0
2245,32Nvl_L2_NS,32NVL_NS,0.016,0.016
2245,NvcNvl_L1_EW,NVCNVL_EW,0.014,0.014
2245,NvcNvl_L2_EW,NVCNVL_EW,0.016,0.016
2245,32Mt_L1_EW,NONE,0.014,0.0
2245,32Mt_L3_EW,NONE,0.009,0.0
2245,32Mt_L1_EW,32MT_EW,0.007,0.007
2245,NvcMt_L2_NS,NONE,0.005,0.0
2245,NvcMt_L1_NS,NVCMT_NS,0.007,0.007
2245,304Nvl_L3_EW,NONE,0.006,0.0
2245,32Nvl_L1_NS,32NVL_NS,0.02,0.02
2245,NvcNvl_L3_EW,NONE,0.019,0.0
2245,32Mt_L2_EW,NONE,0.008,0.0
2245,32Mt_L2_EW,32MT_EW,0.005,0.005
2245,NvcMt_L1_NS,NONE,0.005,0.0
2245,NvcMt_L2_NS,NVCMT_NS,0.005,0.005
2250,304Nvl_L1_EW,304NVL_EW,0.017,0.017
2250,304Nvl_L2_EW,304NVL_EW,0.007,0.007
2250,32Nvl_L3_NS,NONE,0.017,0.0
2250,32Nvl_L2_NS,32NVL_NS,0.016,0.016
2250,NvcNvl_L1_EW,NVCNVL_EW,0.014,-0.044
2250,NvcNvl_L2_EW,NVCNVL_EW,0.016,0.016
2250,32Mt_L1_EW,NONE,0.007,0.0
2250,32Mt_L1_EW,32MT_EW,0.007,0.007
2250,NvcMt_L1_EW,NVCMT_EW,0.083,0.073
2250,304Nvl_L3_EW,NONE,0.006,0.0
2250,32Nvl_L1_NS,32NVL_NS,0.02,0.02
2250,NvcNvl_L3_EW,NONE,0.019,0.0
2250,NvcMt_L2_EW,NVCMT_EW,0.111,0.1
2255,304Nvl_L1_EW,304NVL_EW,0.025,0.025
2255,304Nvl_L2_EW,304NVL_EW,0.022,0.022
2255,32Nvl_L3_NS,NONE,0.082,0.0
2255,32Nvl_L1_NS,32NVL_NS,0.083,0.083
2255,32Nvl_L3_NS,NONE,0.008,0.0
2255,32Nvl_L2_NS,32NVL_NS,0.008,0.008
2255,NvcNvl_L1_EW,NVCNVL_EW,0.014,-0.044
2255,NvcNvl_L2_EW,NVCNVL_EW,0.016,0.016
2255,32Mt_L1_EW,NONE,0.036,0.0
2255,32Mt_L3_EW,NONE,0.044,0.0
2255,32Mt_L1_EW,32MT_EW,0.007,0.007
2255,32Mt_L1_NS,NONE,0.01,0.0
2255,NvcMt_L1_EW,NVCMT_EW,0.083,0.073
2255,304Nvl_L3_EW,NONE,0.019,0.0
2255,32Nvl_L2_NS,32NVL_NS,0.08,0.08
2255,32Nvl_L1_NS,32NVL_NS,0.007,0.007
2255,NvcNvl_L3_EW,NONE,0.019,0.0
2255,32Mt_L2_EW,NONE,0.038,0.0
2255,32Mt_L2_EW,32MT_EW,0.005,0.005
2255,NvcMt_L2_EW,NVCMT_EW,0.103,0.092
2260,32Nvl_L3_NS,NONE,0.082,0.0
2260,32Nvl_L1_NS,32NVL_NS,0.083,0.083
2260,32Nvl_L3_NS,NONE,0.008,0.0
2260,32Nvl_L2_NS,32NVL_NS,0.008,0.008
2260,NvcNvl_L1_EW,NVCNVL_EW,0.014,-0.039
2260,NvcNvl_L2_EW,NVCNVL_EW,0.016,0.016
2260,32Mt_L1_EW,NONE,0.036,0.0
2260,32Mt_L1_EW,32MT_EW,0.007,0.007
2260,NvcMt_L2_NS,NONE,0.063,0.0
2260,NvcMt_L1_EW,NVCMT_EW,0.076,0.066
2260,32Nvl_L2_NS,32NVL_NS,0.08,0.08
2260,32Nvl_L1_NS,32NVL_NS,0.007,0.007
2260,NvcNvl_L3_EW,NONE,0.019,0.0
2260,32Mt_L2_EW,32MT_EW,0.005,0.005
2260,NvcMt_L1_NS,NONE,0.066,0.0
2260,NvcMt_L2_EW,NVCMT_EW,0.103,0.092
2265,304Nvl_L1_NS,304NVL_NS,0.009,0.004
2265,304Nvl_L3_NS,NONE,0.007,0.0
2265,304Nvl_L1_EW,304NVL_EW,0.102,0.102
2265,304Nvl_L2_EW,304NVL_EW,0.087,0.087
2265,304Nvl_L1_NS,NONE,0.007,0.0
2265,32Nvl_L1_NS,32NVL_NS,0.007,0.001
2265,NvcNvl_L1_EW,NONE,0.032,0.0
2265,NvcNvl_L2_EW,NONE,0.023,0.0
2265,NvcNvl_L1_EW,NVCNVL_EW,0.014,-0.039
2265,NvcNvl_L2_EW,NVCNVL_EW,0.016,0.016
2265,32Mt_L1_EW,32MT_EW,0.007,0.007
2265,32Mt_L1_NS,NONE,0.049,0.0
2265,NvcMt_L2_NS,NONE,0.063,0.0
2265,NvcMt_L1_EW,NVCMT_EW,0.076,0.066
2265,304Nvl_L2_NS,304NVL_NS,0.008,0.008
2265,NvcNvl_L3_EW,NONE,0.019,0.0
2265,NvcNvl_L3_EW,NONE,0.019,0.0
2265,32Mt_L2_EW,32MT_EW,0.005,0.005
2265,NvcMt_L1_NS,NONE,0.066,0.0
2265,NvcMt_L2_EW,NVCMT_EW,0.095,0.084
2270,304Nvl_L1_NS,304NVL_NS,0.009,0.004
2270,304Nvl_L3_NS,NONE,0.007,0.0
2270,304Nvl_L1_EW,304NVL_EW,0.102,0.102
2270,304Nvl_L2_EW,304NVL_EW,0.087,0.087
2270,32Nvl_L3_NS,NONE,0.007,0.0
2270,32Nvl_L1_NS,32NVL_NS,0.007,0.001
2270,32Nvl_L1_EW,32NVL_EW,0.007,-0.008
2270,32Nvl_L2_EW,32NVL_EW,0.008,-0.006
2270,32Nvl_L1_EW,32NVL_EW,0.007,-0.009
2270,32Nvl_L2_EW,32NVL_EW,0.007,-0.006
2270,NvcNvl_L3_NS,NONE,0.007,0.0
2270,NvcNvl_L2_NS,NONE,0.007,0.0
2270,NvcNvl_L1_EW,NONE,0.011,0.0
2270,NvcNvl_L2_EW,NONE,0.008,0.0
2270,NvcNvl_L1_EW,NVCNVL_EW,0.014,-0.039
2270,NvcNvl_L2_EW,NVCNVL_EW,0.016,0.016
2270,32Mt_L1_EW,32MT_EW,0.014,0.009
2270,NvcMt_L1_EW,NVCMT_EW,0.076,0.066
2270,32Thn_L1_EW,32THN_EW,0.008,0.003
2270,32Thn_L2_EW,32THN_EW,0.008,0.003
2270,32Thn_L3_EW,NONE,0.008,0.0
2270,304Nvl_L2_NS,304NVL_NS,0.008,0.008
2270,304Nvl_L3_EW,NONE,0.076,0.0
2270,32Nvl_L2_NS,32NVL_NS,0.007,0.001
2270,32Nvl_L3_EW,NONE,0.006,0.0
2270,32Nvl_L3_EW,NONE,0.006,0.0
2270,32Nvl_L1_NS,32NVL_NS,0.007,0.0
2270,NvcNvl_L1_NS,NONE,0.009,0.0
2270,NvcNvl_L3_EW,NONE,0.006,0.0
2270,NvcNvl_L3_EW,NONE,0.019,0.0
2270,32Mt_L2_EW,32MT_EW,0.011,0.005
2270,NvcMt_L2_EW,NVCMT_EW,0.095,0.084
2275,304Nvl_L1_NS,304NVL_NS,0.009,0.009
2275,304Nvl_L3_NS,NONE,0.007,0.0
2275,304Nvl_L1_NS,NONE,0.007,0.0
2275,32Nvl_L1_EW,32NVL_EW,0.007,-0.008
2275,32Nvl_L2_EW,32NVL_EW,0.008,-0.006
2275,32Nvl_L1_EW,32NVL_EW,0.007,-0.009
2275,32Nvl_L2_EW,32NVL_EW,0.007,-0.006
2275,NvcNvl_L1_EW,NONE,0.011,0.0
2275,NvcNvl_L2_EW,NONE,0.008,0.0
2275,NvcNvl_L1_EW,NVCNVL_EW,0.021,-0.032
2275,NvcNvl_L2_EW,NVCNVL_EW,0.016,0.016
2275,32Mt_L1_EW,32MT_EW,0.014,0.009
2275,NvcMt_L1_EW,NVCMT_EW,0.076,0.061
2275,32Thn_L1_EW,NONE,0.01,0.0
2275,32Thn_L2_EW,NONE,0.01,0.0
2275,32Thn_L1_EW,32THN_EW,0.008,0.003
2275,32Thn_L2_EW,32THN_EW,0.008,0.003
2275,32Thn_L3_EW,NONE,0.007,0.0
2275,32Thn_L3_EW,NONE,0.008,0.0
2275,304Nvl_L2_NS,304NVL_NS,0.008,0.008
2275,32Nvl_L3_EW,NONE,0.006,0.0
2275,32Nvl_L3_EW,NONE,0.006,0.0
2275,NvcNvl_L3_EW,NONE,0.019,0.0
2275,32Mt_L2_EW,32MT_EW,0.011,0.005
2275,NvcMt_L2_EW,NVCMT_EW,0.095,0.084
2280,304Nvl_L1_NS,304NVL_NS,0.009,0.009
2280,304Nvl_L3_NS,NONE,0.007,0.0
2280,32Nvl_L1_EW,32NVL_EW,0.007,-0.008
2280,32Nvl_L2_EW,32NVL_EW,0.008,0.0
2280,32Nvl_L1_EW,32NVL_EW,0.007,-0.009
2280,32Nvl_L2_EW,32NVL_EW,0.007,0.0
2280,NvcNvl_L1_EW,NONE,0.064,0.0
2280,NvcNvl_L2_EW,NONE,0.046,0.0
2280,NvcNvl_L1_EW,NVCNVL_EW,0.021,0.021
2280,NvcNvl_L2_EW,NVCNVL_EW,0.016,0.016
2280,32Mt_L1_EW,NONE,0.043,0.0
2280,32Mt_L3_EW,NONE,0.053,0.0
2280,32Mt_L1_EW,32MT_EW,0.014,0.009
2280,32Mt_L1_NS,NONE,0.01,0.0
2280,32Thn_L1_EW,NONE,0.01,0.0
2280,32Thn_L1_EW,32THN_EW,0.008,0.003
2280,304Nvl_L2_NS,304NVL_NS,0.008,0.008
2280,32Nvl_L3_EW,NONE,0.006,0.0
2280,32Nvl_L3_EW,NONE,0.006,0.0
2280,NvcNvl_L3_EW,NONE,0.038,0.0
2280,NvcNvl_L3_EW,NONE,0.019,0.0
2280,32Mt_L2_EW,NONE,0.045,0.0
2280,32Mt_L2_EW,32MT_EW,0.011,0.005
2280,32Mt_L2_NS,NONE,0.009,0.0
2285,304Nvl_L1_NS,304NVL_NS,0.009,0.004
2285,304Nvl_L3_NS,NONE,0.007,0.0
2285,32Nvl_L1_NS,32NVL_NS,0.007,0.001
2285,32Nvl_L1_EW,32NVL_EW,0.007,-0.003
2285,32Nvl_L2_EW,32NVL_EW,0.008,0.0
2285,32Nvl_L1_EW,32NVL_EW,0.007,-0.003
2285,32Nvl_L2_EW,32NVL_EW,0.007,0.0
2285,NvcNvl_L1_EW,NVCNVL_EW,0.021,0.021
2285,NvcNvl_L2_EW,NVCNVL_EW,0.016,0.016
2285,32Mt_L1_EW,NONE,0.036,0.0
2285,32Mt_L3_EW,NONE,0.035,0.0
2285,32Mt_L1_EW,32MT_EW,0.014,0.009
2285,32Thn_L1_EW,NONE,0.01,0.0
2285,304Nvl_L2_NS,304NVL_NS,0.008,0.008
2285,32Nvl_L2_NS,32NVL_NS,0.007,0.001
2285,32Nvl_L3_EW,NONE,0.006,0.0
2285,32Nvl_L3_EW,NONE,0.006,0.0
2285,32Nvl_L1_NS,32NVL_NS,0.007,0.0
2285,NvcNvl_L3_EW,NONE,0.019,0.0
2285,32Mt_L2_EW,NONE,0.03,0.0
2285,32Mt_L2_EW,32MT_EW,0.011,0.005
2290,304Nvl_L1_NS,304NVL_NS,0.009,-0.001
2290,304Nvl_L3_NS,NONE,0.007,0.0
2290,304Nvl_L1_EW,304NVL_EW,0.144,0.144
2290,304Nvl_L2_EW,304NVL_EW,0.036,0.036
2290,304Nvl_L1_NS,NONE,0.007,0.0
2290,304Nvl_L3_NS,NONE,0.008,0.0
2290,32Nvl_L3_NS,NONE,0.007,0.0
2290,32Nvl_L1_NS,32NVL_NS,0.014,0.008
2290,32Nvl_L1_EW,32NVL_EW,0.007,-0.017
2290,32Nvl_L2_EW,32NVL_EW,0.008,0.008
2290,32Nvl_L1_EW,32NVL_EW,0.007,-0.018
2290,32Nvl_L2_EW,32NVL_EW,0.007,0.007
2290,32Nvl_L3_NS,NONE,0.1,0.0
2290,32Nvl_L2_NS,32NVL_NS,0.103,0.097
2290,NvcNvl_L3_NS,NONE,0.007,0.0
2290,NvcNvl_L2_NS,NONE,0.007,0.0
2290,NvcNvl_L1_EW,NVCNVL_EW,0.049,0.049
2290,NvcNvl_L2_EW,NVCNVL_EW,0.016,0.016
2290,32Mt_L1_EW,NONE,0.014,0.0
2290,32Mt_L3_EW,NONE,0.018,0.0
2290,32Mt_L1_EW,32MT_EW,0.035,0.03
2290,304Nvl_L2_NS,304NVL_NS,0.008,-0.064
2290,304Nvl_L3_EW,NONE,0.032,0.0
2290,304Nvl_L2_NS,NONE,0.007,0.0
2290,32Nvl_L2_NS,32NVL_NS,0.013,0.008
2290,32Nvl_L3_EW,NONE,0.006,0.0
2290,32Nvl_L3_EW,NONE,0.006,0.0
2290,32Nvl_L1_NS,32NVL_NS,0.087,0.081
2290,NvcNvl_L1_NS,NONE,0.009,0.0
2290,NvcNvl_L3_EW,NONE,0.019,0.0
2290,32Mt_L2_EW,NONE,0.015,0.0
2295,304Nvl_L1_NS,304NVL_NS,0.009,0.009
2295,304Nvl_L3_NS,NONE,0.007,0.0
2295,304Nvl_L1_EW,304NVL_EW,0.017,0.017
2295,304Nvl_L2_EW,304NVL_EW,0.015,0.015
2295,304Nvl_L1_NS,NONE,0.007,0.0
2295,32Nvl_L1_EW,32NVL_EW,0.007,-0.027
2295,32Nvl_L2_EW,32NVL_EW,0.008,-0.015
2295,32Nvl_L1_EW,32NVL_EW,0.007,-0.027
2295,32Nvl_L2_EW,32NVL_EW,0.007,-0.015
2295,32Nvl_L3_NS,NONE,0.117,0.0
2295,32Nvl_L2_NS,32NVL_NS,0.111,0.105
2295,NvcNvl_L3_NS,NONE,0.014,0.0
2295,NvcNvl_L2_NS,NONE,0.013,0.0
2295,NvcNvl_L1_EW,NVCNVL_EW,0.049,0.049
2295,NvcNvl_L2_EW,NVCNVL_EW,0.016,0.016
2295,32Mt_L1_NS,32MT_NS,0.006,0.006
2295,32Mt_L1_EW,NONE,0.007,0.0
2295,32Mt_L1_EW,32MT_EW,0.049,0.044
2295,32Mt_L1_NS,NONE,0.01,0.0
2295,304Nvl_L2_NS,304NVL_NS,0.008,-0.07
2295,304Nvl_L3_EW,NONE,0.013,0.0
2295,32Nvl_L3_EW,NONE,0.006,0.0
2295,32Nvl_L3_EW,NONE,0.006,0.0
2295,32Nvl_L1_NS,32NVL_NS,0.094,0.088
2295,NvcNvl_L1_NS,NONE,0.017,0.0
2295,NvcNvl_L3_EW,NONE,0.019,0.0
2295,32Mt_L2_EW,NONE,0.008,0.0
2295,32Mt_L2_EW,32MT_EW,0.033,0.027
2300,304Nvl_L1_NS,304NVL_NS,0.009,0.009
2300,304Nvl_L3_NS,NONE,0.007,0.0
2300,304Nvl_L1_EW,304NVL_EW,0.017,0.017
2300,304Nvl_L2_EW,304NVL_EW,0.015,0.015
2300,32Nvl_L1_EW,32NVL_EW,0.007,-0.003
2300,32Nvl_L2_EW,32NVL_EW,0.008,0.004
2300,32Nvl_L1_EW,32NVL_EW,0.007,-0.003
2300,32Nvl_L2_EW,32NVL_EW,0.007,0.004
2300,32Nvl_L3_NS,NONE,0.042,0.0
2300,32Nvl_L2_NS,32NVL_NS,0.039,0.034
2300,NvcNvl_L3_NS,NONE,0.007,0.0
2300,NvcNvl_L2_NS,NONE,0.007,0.0
2300,NvcNvl_L1_EW,NVCNVL_EW,0.035,0.035
2300,32Mt_L1_NS,32MT_NS,0.006,0.006
2300,32Mt_L1_EW,NONE,0.007,0.0
2300,32Mt_L3_EW,NONE,0.009,0.0
2300,32Mt_L1_EW,32MT_EW,0.014,0.009
2300,32Mt_L1_NS,NONE,0.01,0.0
2300,304Nvl_L2_NS,304NVL_NS,0.008,-0.02
2300,304Nvl_L3_EW,NONE,0.013,0.0
2300,32Nvl_L3_EW,NONE,0.006,0.0
2300,32Nvl_L3_EW,NONE,0.006,0.0
2300,32Nvl_L1_NS,32NVL_NS,0.034,0.027
2300,NvcNvl_L1_NS,NONE,0.009,0.0
2300,32Mt_L2_EW,NONE,0.008,0.0
2300,32Mt_L2_EW,32MT_EW,0.005,0.0
2305,304Nvl_L1_NS,304NVL_NS,0.009,0.004
2305,304Nvl_L3_NS,NONE,0.007,0.0
2305,304Nvl_L1_EW,304NVL_EW,0.051,0.051
2305,32Nvl_L3_NS,NONE,0.007,0.0
2305,32Nvl_L1_NS,32NVL_NS,0.007,0.001
2305,32Nvl_L1_EW,32NVL_EW,0.007,0.001
2305,32Nvl_L2_EW,32NVL_EW,0.008,0.002
2305,32Nvl_L1_EW,32NVL_EW,0.007,0.001
2305,32Nvl_L2_EW,32NVL_EW,0.007,0.002
2305,NvcNvl_L3_NS,NONE,0.007,0.0
2305,NvcNvl_L2_NS,NONE,0.007,0.0
2305,32Mt_L1_NS,32MT_NS,0.031,0.031
2305,32Mt_L1_NS,NONE,0.01,0.0
2305,32Thn_L1_EW,32THN_EW,0.008,0.003
2305,32Thn_L2_EW,32THN_EW,0.008,0.003
2305,32Thn_L3_EW,NONE,0.008,0.0
2305,304Nvl_L2_NS,304NVL_NS,0.008,0.008
2305,32Nvl_L2_NS,32NVL_NS,0.007,0.001
2305,32Nvl_L3_EW,NONE,0.006,0.0
2305,32Nvl_L3_EW,NONE,0.006,0.0
2305,NvcNvl_L1_NS,NONE,0.009,0.0
2305,32Mt_L2_NS,32MT_NS,0.032,0.032
2305,32Mt_L2_NS,NONE,0.009,0.0
2310,304Nvl_L1_NS,304NVL_NS,0.018,0.018
2310,304Nvl_L3_NS,NONE,0.007,0.0
2310,304Nvl_L1_EW,304NVL_EW,0.008,0.008
2310,32Nvl_L1_EW,32NVL_EW,0.007,0.007
2310,32Nvl_L2_EW,32NVL_EW,0.008,0.008
2310,32Nvl_L1_EW,32NVL_EW,0.007,0.007
2310,32Nvl_L2_EW,32NVL_EW,0.007,0.007
2310,32Nvl_L3_NS,NONE,0.008,0.0
2310,32Nvl_L2_NS,32NVL_NS,0.008,0.003
2310,32Mt_L1_NS,32MT_NS,0.038,0.038
2310,32Mt_L1_EW,NONE,0.043,0.0
2310,32Mt_L3_EW,NONE,0.044,0.0
2310,NvcMt_L1_EW,NVCMT_EW,0.006,0.006
2310,32Thn_L1_EW,NONE,0.01,0.0
2310,304Nvl_L2_NS,304NVL_NS,0.008,0.002
2310,32Nvl_L3_EW,NONE,0.006,0.0
2310,32Nvl_L3_EW,NONE,0.006,0.0
2310,32Nvl_L1_NS,32NVL_NS,0.007,-0.006
2310,32Mt_L2_NS,32MT_NS,0.032,0.032
2310,32Mt_L2_EW,NONE,0.038,0.0
2310,NvcMt_L2_EW,NVCMT_EW,0.008,0.008
2315,304Nvl_L1_NS,304NVL_NS,0.018,0.018
2315,304Nvl_L3_NS,NONE,0.007,0.0
2315,32Nvl_L1_EW,32NVL_EW,0.014,0.009
2315,32Nvl_L2_EW,32NVL_EW,0.015,0.012
2315,32Nvl_L1_EW,32NVL_EW,0.007,0.002
2315,32Nvl_L2_EW,32NVL_EW,0.007,0.004
2315,32Nvl_L3_NS,NONE,0.008,0.0
2315,32Nvl_L2_NS,32NVL_NS,0.008,0.003
2315,NvcNvl_L3_NS,NONE,0.007,0.0
2315,NvcNvl_L2_NS,NONE,0.007,0.0
2315,NvcNvl_L1_EW,NVCNVL_EW,0.007,0.007
2315,32Mt_L1_NS,32MT_NS,0.038,0.038
2315,32Mt_L1_EW,32MT_EW,0.007,-0.003
2315,304Nvl_L2_NS,304NVL_NS,0.008,0.002
2315,32Nvl_L3_EW,NONE,0.006,0.0
2315,32Nvl_L3_EW,NONE,0.013,0.0
2315,32Nvl_L1_NS,32NVL_NS,0.013,0.001
2315,NvcNvl_L1_NS,NONE,0.009,0.0
2315,32Mt_L2_NS,32MT_NS,0.032,0.032
2315,32Mt_L2_EW,32MT_EW,0.005,-0.005
2320,304Nvl_L1_NS,304NVL_NS,0.018,0.018
2320,304Nvl_L3_NS,NONE,0.007,0.0
2320,304Nvl_L1_EW,304NVL_EW,0.042,0.042
2320,304Nvl_L2_EW,304NVL_EW,0.036,0.036
2320,32Nvl_L1_EW,32NVL_EW,0.014,0.014
2320,32Nvl_L2_EW,32NVL_EW,0.015,0.015
2320,32Nvl_L1_EW,32NVL_EW,0.007,0.007
2320,32Nvl_L2_EW,32NVL_EW,0.007,0.007
2320,32Mt_L1_NS,32MT_NS,0.038,0.033
2320,32Mt_L1_EW,NONE,0.007,0.0
2320,32Mt_L3_EW,NONE,0.009,0.0
2320,32Mt_L1_NS,NONE,0.059,0.0
2320,NvcMt_L1_NS,NVCMT_NS,0.007,-0.02
2320,304Nvl_L2_NS,304NVL_NS,0.008,0.008
2320,304Nvl_L3_EW,NONE,0.032,0.0
2320,32Nvl_L3_EW,NONE,0.006,0.0
2320,32Nvl_L3_EW,NONE,0.013,0.0
2320,32Mt_L2_NS,32MT_NS,0.032,0.029
2320,32Mt_L2_EW,NONE,0.008,0.0
2320,32Mt_L2_NS,NONE,0.009,0.0
2320,NvcMt_L2_NS,NVCMT_NS,0.005,-0.017
2325,304Nvl_L1_NS,304NVL_NS,0.054,0.054
2325,304Nvl_L3_NS,NONE,0.044,0.0
2325,304Nvl_L1_EW,304NVL_EW,0.008,0.008
2325,304Nvl_L2_EW,304NVL_EW,0.007,0.007
2325,32Nvl_L1_EW,32NVL_EW,0.014,0.014
2325,32Nvl_L2_EW,32NVL_EW,0.015,0.015
2325,32Nvl_L1_EW,32NVL_EW,0.013,0.013
2325,32Nvl_L2_EW,32NVL_EW,0.007,0.007
2325,32Mt_L1_NS,32MT_NS,0.038,0.033
2325,32Mt_L1_NS,NONE,0.049,0.0
2325,NvcMt_L1_NS,NVCMT_NS,0.007,-0.02
2325,304Nvl_L2_NS,304NVL_NS,0.046,0.046
2325,304Nvl_L3_EW,NONE,0.006,0.0
2325,32Nvl_L3_EW,NONE,0.006,0.0
2325,32Nvl_L3_EW,NONE,0.013,0.0
2325,32Mt_L2_NS,32MT_NS,0.032,0.029
2325,NvcMt_L2_NS,NVCMT_NS,0.005,-0.017
2330,304Thn_L1_EW,304THN_EW,0.099,0.099
2330,304Thn_L3_EW,NONE,0.092,0.0
2330,304Nvl_L1_NS,304NVL_NS,0.054,0.054
2330,304Nvl_L3_NS,NONE,0.044,0.0
2330,304Nvl_L1_NS,NONE,0.036,0.0
2330,32Nvl_L1_EW,32NVL_EW,0.007,0.002
2330,32Nvl_L2_EW,32NVL_EW,0.008,0.008
2330,32Nvl_L1_EW,32NVL_EW,0.013,0.009
2330,32Nvl_L2_EW,32NVL_EW,0.007,0.007
2330,32Mt_L1_NS,32MT_NS,0.006,0.001
2330,32Mt_L1_EW,NONE,0.007,0.0
2330,32Mt_L3_EW,NONE,0.009,0.0
2330,32Mt_L1_EW,32MT_EW,0.007,0.002
2330,NvcMt_L1_NS,NVCMT_NS,0.007,0.002
2330,304Nvl_L2_NS,304NVL_NS,0.046,0.046
2330,32Nvl_L3_EW,NONE,0.006,0.0
2330,32Nvl_L3_EW,NONE,0.006,0.0
2330,32Mt_L2_EW,NONE,0.008,0.0
2330,NvcMt_L2_NS,NVCMT_NS,0.005,0.005
2330,304Thn_L2_EW,304THN_EW,0.089,0.089
2335,304Thn_L1_EW,304THN_EW,0.099,0.099
2335,304Thn_L3_EW,NONE,0.092,0.0
2335,304Nvl_L1_NS,304NVL_NS,0.054,0.054
2335,304Nvl_L3_NS,NONE,0.044,0.0
2335,304Nvl_L1_NS,NONE,0.007,0.0
2335,32Nvl_L1_EW,32NVL_EW,0.007,-0.003
2335,32Nvl_L2_EW,32NVL_EW,0.008,0.004
2335,32Nvl_L1_EW,32NVL_EW,0.007,-0.003
2335,32Nvl_L2_EW,32NVL_EW,0.007,0.004
2335,32Nvl_L3_NS,NONE,0.008,0.0
2335,32Nvl_L2_NS,32NVL_NS,0.008,-0.024
2335,NvcNvl_L3_NS,NONE,0.007,0.0
2335,NvcNvl_L2_NS,NONE,0.007,0.0
2335,32Mt_L1_EW,NONE,0.007,0.0
2335,32Mt_L3_EW,NONE,0.009,0.0
2335,32Mt_L1_EW,32MT_EW,0.014,0.009
2335,32Mt_L1_NS,NONE,0.068,0.0
2335,NvcMt_L1_NS,NVCMT_NS,0.007,0.007
2335,304Nvl_L2_NS,304NVL_NS,0.046,0.04
2335,32Nvl_L3_EW,NONE,0.006,0.0
2335,32Nvl_L3_EW,NONE,0.006,0.0
2335,32Nvl_L1_NS,32NVL_NS,0.013,-0.025
2335,NvcNvl_L1_NS,NONE,0.009,0.0
2335,32Mt_L2_EW,NONE,0.008,0.0
2335,32Mt_L2_EW,32MT_EW,0.005,0.0
2335,32Mt_L2_NS,NONE,0.061,0.0
2335,NvcMt_L2_NS,NVCMT_NS,0.005,0.005
2335,304Thn_L2_EW,304THN_EW,0.089,0.089
2340,304Nvl_L1_NS,304NVL_NS,0.054,0.054
2340,304Nvl_L3_NS,NONE,0.044,0.0
2340,304Nvl_L1_EW,304NVL_EW,0.051,0.051
2340,304Nvl_L2_EW,304NVL_EW,0.044,0.044
2340,32Nvl_L1_EW,32NVL_EW,0.007,0.002
2340,32Nvl_L2_EW,32NVL_EW,0.008,0.004
2340,32Nvl_L1_EW,32NVL_EW,0.013,0.009
2340,32Nvl_L2_EW,32NVL_EW,0.015,0.011
2340,32Nvl_L3_NS,NONE,0.008,0.0
2340,32Nvl_L2_NS,32NVL_NS,0.008,-0.024
2340,32Mt_L1_EW,NONE,0.036,0.0
2340,32Mt_L1_EW,32MT_EW,0.007,0.002
2340,32Mt_L1_NS,NONE,0.01,0.0
2340,NvcMt_L1_NS,NVCMT_NS,0.007,0.007
2340,304Nvl_L2_NS,304NVL_NS,0.046,0.04
2340,304Nvl_L3_EW,NONE,0.032,0.0
2340,32Nvl_L3_EW,NONE,0.012,0.0
2340,32Nvl_L3_EW,NONE,0.006,0.0
2340,32Nvl_L1_NS,32NVL_NS,0.007,-0.031
2340,32Mt_L2_EW,32MT_EW,0.005,0.0
2340,32Mt_L2_NS,NONE,0.009,0.0
2340,NvcMt_L2_NS,NVCMT_NS,0.005,0.005
2345,304Nvl_L1_NS,304NVL_NS,0.054,0.049
2345,304Nvl_L3_NS,NONE,0.044,0.0
2345,304Nvl_L1_EW,304NVL_EW,0.017,0.017
2345,304Nvl_L2_EW,304NVL_EW,0.015,0.015
2345,32Nvl_L1_NS,32NVL_NS,0.007,-0.031
2345,32Nvl_L1_EW,32NVL_EW,0.014,-0.021
2345,32Nvl_L2_EW,32NVL_EW,0.015,-0.013
2345,32Nvl_L1_EW,32NVL_EW,0.013,-0.021
2345,32Nvl_L2_EW,32NVL_EW,0.015,-0.014
2345,32Nvl_L3_NS,NONE,0.008,0.0
2345,32Nvl_L2_NS,32NVL_NS,0.008,-0.024
2345,NvcNvl_L3_NS,NONE,0.007,0.0
2345,NvcNvl_L2_NS,NONE,0.007,0.0
2345,NvcNvl_L1_EW,NONE,0.011,0.0
2345,NvcNvl_L2_EW,NONE,0.008,0.0
2345,32Mt_L1_NS,32MT_NS,0.006,0.001
2345,32Mt_L1_EW,32MT_EW,0.042,0.032
2345,32Mt_L1_NS,NONE,0.01,0.0
2345,NvcMt_L1_EW,NVCMT_EW,0.006,0.006
2345,NvcMt_L1_NS,NVCMT_NS,0.007,0.002
2345,32Thn_L1_EW,32THN_EW,0.008,-0.002
2345,32Thn_L2_EW,32THN_EW,0.008,-0.002
2345,32Thn_L3_EW,NONE,0.008,0.0
2345,304Nvl_L2_NS,304NVL_NS,0.046,0.04
2345,304Nvl_L3_EW,NONE,0.013,0.0
2345,32Nvl_L3_EW,NONE,0.012,0.0
2345,32Nvl_L3_EW,NONE,0.013,0.0
2345,32Nvl_L1_NS,32NVL_NS,0.007,-0.031
2345,NvcNvl_L1_NS,NONE,0.009,0.0
2345,NvcNvl_L3_EW,NONE,0.006,0.0
2345,32Mt_L2_EW,32MT_EW,0.033,0.022
2345,NvcMt_L2_EW,NVCMT_EW,0.008,0.008
2345,NvcMt_L2_NS,NVCMT_NS,0.005,0.005
2350,304Nvl_L1_NS,304NVL_NS,0.054,0.054
2350,304Nvl_L3_NS,NONE,0.044,0.0
2350,304Nvl_L1_EW,304NVL_EW,0.008,0.008
2350,304Nvl_L2_EW,304NVL_EW,0.007,0.007
2350,304Nvl_L1_NS,NONE,0.044,0.0
2350,32Nvl_L3_NS,NONE,0.008,0.0
2350,32Nvl_L2_NS,32NVL_NS,0.008,-0.024
2350,NvcNvl_L3_NS,NONE,0.007,0.0
2350,NvcNvl_L2_NS,NONE,0.007,0.0
2350,NvcNvl_L1_EW,NVCNVL_EW,0.007,0.007
2350,32Mt_L1_NS,32MT_NS,0.006,0.001
2350,32Mt_L1_EW,NONE,0.007,0.0
2350,32Mt_L3_EW,NONE,0.009,0.0
2350,NvcMt_L1_NS,NVCMT_NS,0.007,0.002
2350,32Thn_L1_EW,NONE,0.01,0.0
2350,304Nvl_L2_NS,304NVL_NS,0.046,0.04
2350,304Nvl_L3_EW,NONE,0.006,0.0
2350,32Nvl_L1_NS,32NVL_NS,0.007,-0.031
2350,NvcNvl_L1_NS,NONE,0.009,0.0
2350,32Mt_L2_EW,NONE,0.008,0.0
2350,NvcMt_L2_NS,NVCMT_NS,0.005,0.005
2355,304Nvl_L1_NS,304NVL_NS,0.054,0.054
2355,304Nvl_L3_NS,NONE,0.044,0.0
2355,304Nvl_L1_EW,304NVL_EW,0.008,0.008
2355,304Nvl_L2_EW,304NVL_EW,0.007,0.007
2355,304Nvl_L1_NS,NONE,0.007,0.0
2355,32Nvl_L1_EW,32NVL_EW,0.007,-0.022
2355,32Nvl_L2_EW,32NVL_EW,0.008,-0.011
2355,32Nvl_L1_EW,32NVL_EW,0.007,-0.023
2355,32Nvl_L3_NS,NONE,0.008,0.0
2355,32Nvl_L2_NS,32NVL_NS,0.008,-0.024
2355,NvcNvl_L3_NS,NONE,0.014,0.0
2355,NvcNvl_L2_NS,NONE,0.013,0.0
2355,NvcNvl_L1_NS,NVCNVL_NS,0.007,0.007
2355,32Mt_L1_NS,32MT_NS,0.006,0.006
2355,32Mt_L1_EW,NONE,0.007,0.0
2355,32Mt_L3_EW,NONE,0.009,0.0
2355,32Mt_L1_EW,32MT_EW,0.042,0.037
2355,32Mt_L1_NS,NONE,0.02,0.0
2355,NvcMt_L2_NS,NONE,0.005,0.0
2355,304Nvl_L2_NS,304NVL_NS,0.046,0.04
2355,304Nvl_L3_EW,NONE,0.006,0.0
2355,32Nvl_L3_EW,NONE,0.006,0.0
2355,32Nvl_L1_NS,32NVL_NS,0.013,-0.029
2355,NvcNvl_L1_NS,NONE,0.017,0.0
2355,32Mt_L2_EW,NONE,0.008,0.0
2355,32Mt_L2_EW,32MT_EW,0.027,0.022
2355,32Mt_L2_NS,NONE,0.009,0.0
2355,NvcMt_L1_NS,NONE,0.005,0.0
2360,304Nvl_L1_EW,304NVL_EW,0.025,0.025
2360,304Nvl_L2_EW,304NVL_EW,0.015,0.015
2360,304Nvl_L1_NS,NONE,0.007,0.0
2360,32Nvl_L3_NS,NONE,0.041,0.0
2360,32Nvl_L1_NS,32NVL_NS,0.042,0.042
2360,32Nvl_L1_EW,32NVL_EW,0.007,-0.022
2360,32Nvl_L2_EW,32NVL_EW,0.008,-0.015
2360,32Nvl_L3_NS,NONE,0.008,0.0
2360,32Nvl_L2_NS,32NVL_NS,0.008,0.008
2360,NvcNvl_L3_NS,NONE,0.007,0.0
2360,NvcNvl_L2_NS,NONE,0.007,0.0
2360,NvcNvl_L1_EW,NONE,0.011,0.0
2360,NvcNvl_L2_EW,NONE,0.008,0.0
2360,32Mt_L1_NS,32MT_NS,0.031,0.031
2360,32Mt_L1_EW,32MT_EW,0.042,0.037
2360,32Mt_L1_NS,NONE,0.01,0.0
2360,304Nvl_L3_EW,NONE,0.013,0.0
2360,32Nvl_L2_NS,32NVL_NS,0.04,0.04
2360,32Nvl_L3_EW,NONE,0.006,0.0
2360,32Nvl_L1_NS,32NVL_NS,0.02,0.02
2360,NvcNvl_L1_NS,NONE,0.009,0.0
2360,NvcNvl_L3_EW,NONE,0.006,0.0
2360,32Mt_L2_EW,32MT_EW,0.033,0.027
2360,32Mt_L2_NS,NONE,0.009,0.0
2365,304Nvl_L1_EW,304NVL_EW,0.042,0.042
2365,304Nvl_L2_EW,304NVL_EW,0.022,0.022
2365,32Nvl_L1_NS,32NVL_NS,0.007,0.007
2365,32Nvl_L1_EW,32NVL_EW,0.014,-0.049
2365,32Nvl_L2_EW,32NVL_EW,0.015,-0.042
2365,NvcNvl_L3_NS,NONE,0.007,0.0
2365,NvcNvl_L2_NS,NONE,0.007,0.0
2365,NvcNvl_L1_EW,NONE,0.021,0.0
2365,NvcNvl_L2_EW,NONE,0.015,0.0
2365,NvcNvl_L1_EW,NVCNVL_EW,0.007,0.007
2365,32Mt_L1_NS,32MT_NS,0.031,0.031
2365,32Mt_L1_EW,NONE,0.014,0.0
2365,32Mt_L3_EW,NONE,0.009,0.0
2365,32Mt_L1_EW,32MT_EW,0.042,0.032
2365,32Mt_L1_NS,NONE,0.01,0.0
2365,NvcMt_L2_NS,NONE,0.011,0.0
2365,32Thn_L1_EW,32THN_EW,0.048,0.038
2365,32Thn_L2_EW,32THN_EW,0.05,0.039
2365,32Thn_L3_EW,NONE,0.049,0.0
2365,304Nvl_L3_EW,NONE,0.013,0.0
2365,32Nvl_L2_NS,32NVL_NS,0.007,0.007
2365,32Nvl_L3_EW,NONE,0.013,0.0
2365,32Nvl_L1_NS,32NVL_NS,0.007,0.007
2365,NvcNvl_L1_NS,NONE,0.009,0.0
2365,NvcNvl_L3_EW,NONE,0.006,0.0
2365,32Mt_L2_EW,NONE,0.008,0.0
2365,32Mt_L2_EW,32MT_EW,0.033,0.022
2365,NvcMt_L1_NS,NONE,0.011,0.0
2370,304Nvl_L1_EW,304NVL_EW,0.034,0.034
2370,304Nvl_L2_EW,304NVL_EW,0.022,0.022
2370,304Nvl_L1_NS,NONE,0.036,0.0
2370,32Nvl_L1_EW,32NVL_EW,0.007,-0.061
2370,32Nvl_L2_EW,32NVL_EW,0.008,-0.054
2370,32Nvl_L1_EW,32NVL_EW,0.007,-0.061
2370,32Nvl_L2_EW,32NVL_EW,0.007,-0.054
2370,NvcNvl_L3_NS,NONE,0.007,0.0
2370,NvcNvl_L2_NS,NONE,0.007,0.0
2370,NvcNvl_L1_EW,NVCNVL_EW,0.007,0.007
2370,32Mt_L1_NS,32MT_NS,0.031,0.031
2370,32Mt_L1_EW,NONE,0.007,0.0
2370,32Mt_L3_EW,NONE,0.009,0.0
2370,32Mt_L1_EW,32MT_EW,0.049,0.044
2370,32Mt_L1_NS,NONE,0.01,0.0
2370,NvcCmt8_L2_EW,NVCCMT8_EW,0.005,0.005
2370,32Thn_L1_EW,32THN_EW,0.048,0.043
2370,32Thn_L2_EW,32THN_EW,0.05,0.045
2370,32Thn_L3_EW,NONE,0.049,0.0
2370,304Nvl_L3_EW,NONE,0.019,0.0
2370,32Nvl_L3_EW,NONE,0.006,0.0
2370,32Nvl_L3_EW,NONE,0.006,0.0
2370,NvcNvl_L1_NS,NONE,0.009,0.0
2370,32Mt_L2_EW,NONE,0.008,0.0
2370,32Mt_L2_EW,32MT_EW,0.038,0.033
2370,NvcCmt8_L1_EW,NVCCMT8_EW,0.008,0.008
2375,304Nvl_L1_EW,304NVL_EW,0.025,0.025
2375,304Nvl_L2_EW,304NVL_EW,0.022,0.022
2375,304Nvl_L1_NS,NONE,0.044,0.0
2375,304Nvl_L3_NS,NONE,0.008,0.0
2375,32Nvl_L3_NS,NONE,0.034,0.0
2375,32Nvl_L1_NS,32NVL_NS,0.035,0.035
2375,32Nvl_L1_EW,32NVL_EW,0.007,-0.061
2375,32Nvl_L2_EW,32NVL_EW,0.008,-0.054
2375,32Nvl_L1_EW,32NVL_EW,0.007,-0.061
2375,32Nvl_L2_EW,32NVL_EW,0.007,-0.054
2375,NvcNvl_L1_EW,NONE,0.011,0.0
2375,NvcNvl_L1_EW,NVCNVL_EW,0.028,0.028
2375,NvcNvl_L2_EW,NVCNVL_EW,0.016,0.016
2375,32Mt_L1_EW,32MT_EW,0.049,0.044
2375,32Mt_L1_NS,NONE,0.059,0.0
2375,NvcCmt8_L2_EW,NVCCMT8_EW,0.005,0.005
2375,32Thn_L1_EW,32THN_EW,0.048,0.043
2375,32Thn_L2_EW,32THN_EW,0.05,0.045
2375,32Thn_L3_EW,NONE,0.049,0.0
2375,304Nvl_L3_EW,NONE,0.019,0.0
2375,304Nvl_L2_NS,NONE,0.007,0.0
2375,32Nvl_L2_NS,32NVL_NS,0.033,0.033
2375,32Nvl_L3_EW,NONE,0.006,0.0
2375,32Nvl_L3_EW,NONE,0.006,0.0
2375,NvcNvl_L3_EW,NONE,0.019,0.0
2375,32Mt_L2_EW,32MT_EW,0.038,0.033
2375,32Mt_L2_NS,NONE,0.043,0.0
2375,NvcCmt8_L1_EW,NVCCMT8_EW,0.008,0.008
2380,304Nvl_L1_EW,304NVL_EW,0.042,0.042
2380,304Nvl_L2_EW,304NVL_EW,0.036,0.036
2380,32Nvl_L1_NS,32NVL_NS,0.007,0.007
2380,32Nvl_L1_EW,32NVL_EW,0.007,-0.066
2380,32Nvl_L2_EW,32NVL_EW,0.008,-0.054
2380,32Nvl_L1_EW,32NVL_EW,0.007,-0.066
2380,32Nvl_L2_EW,32NVL_EW,0.007,-0.054
2380,NvcNvl_L1_EW,NONE,0.011,0.0
2380,NvcNvl_L2_EW,NONE,0.008,0.0
2380,NvcNvl_L1_EW,NVCNVL_EW,0.028,0.024
2380,NvcNvl_L2_EW,NVCNVL_EW,0.023,0.023
2380,32Mt_L1_EW,NONE,0.007,0.0
2380,32Mt_L3_EW,NONE,0.009,0.0
2380,32Mt_L1_EW,32MT_EW,0.056,0.051
2380,32Mt_L1_NS,NONE,0.02,0.0
2380,NvcMt_L1_EW,NVCMT_EW,0.006,-0.019
2380,NvcCmt8_L2_EW,NVCCMT8_EW,0.005,0.005
2380,32Thn_L1_EW,32THN_EW,0.048,0.043
2380,32Thn_L2_EW,32THN_EW,0.05,0.045
2380,32Thn_L3_EW,NONE,0.049,0.0
2380,304Nvl_L3_EW,NONE,0.032,0.0
2380,32Nvl_L2_NS,32NVL_NS,0.007,0.007
2380,32Nvl_L3_EW,NONE,0.006,0.0
2380,32Nvl_L3_EW,NONE,0.006,0.0
2380,NvcNvl_L3_EW,NONE,0.028,0.0
2380,32Mt_L2_EW,NONE,0.008,0.0
2380,32Mt_L2_EW,32MT_EW,0.038,0.033
2380,32Mt_L2_NS,NONE,0.017,0.0
2380,NvcMt_L2_EW,NVCMT_EW,0.008,-0.012
2380,NvcCmt8_L1_EW,NVCCMT8_EW,0.008,0.003
2385,304Nvl_L1_EW,304NVL_EW,0.051,0.051
2385,304Nvl_L2_EW,304NVL_EW,0.036,0.036
2385,32Nvl_L1_NS,32NVL_NS,0.007,0.007
2385,32Nvl_L1_EW,32NVL_EW,0.007,-0.037
2385,32Nvl_L2_EW,32NVL_EW,0.008,-0.027
2385,32Nvl_L1_EW,32NVL_EW,0.007,-0.037
2385,32Nvl_L2_EW,32NVL_EW,0.007,-0.027
2385,32Nvl_L3_NS,NONE,0.008,0.0
2385,32Nvl_L2_NS,32NVL_NS,0.008,0.008
2385,NvcNvl_L1_EW,NVCNVL_EW,0.021,0.017
2385,NvcNvl_L2_EW,NVCNVL_EW,0.023,0.023
2385,32Mt_L1_NS,32MT_NS,0.031,0.031
2385,32Mt_L1_EW,NONE,0.007,0.0
2385,32Mt_L1_EW,32MT_EW,0.063,0.058
2385,NvcMt_L1_EW,NVCMT_EW,0.006,-0.008
2385,32Thn_L1_EW,NONE,0.068,0.0
2385,32Thn_L2_EW,NONE,0.01,0.0
2385,32Thn_L3_EW,NONE,0.007,0.0
2385,304Nvl_L3_EW,NONE,0.032,0.0
2385,32Nvl_L2_NS,32NVL_NS,0.007,0.007
2385,32Nvl_L3_EW,NONE,0.006,0.0
2385,32Nvl_L3_EW,NONE,0.006,0.0
2385,32Nvl_L1_NS,32NVL_NS,0.04,0.04
2385,NvcNvl_L3_EW,NONE,0.028,0.0
2385,32Mt_L2_EW,32MT_EW,0.049,0.044
2385,NvcMt_L2_EW,NVCMT_EW,0.008,-0.008
2385,NvcCmt8_L1_EW,NONE,0.006,0.0
2390,304Nvl_L1_EW,304NVL_EW,0.051,0.051
2390,304Nvl_L2_EW,304NVL_EW,0.036,0.036
2390,32Nvl_L1_EW,32NVL_EW,0.007,-0.052
2390,32Nvl_L2_EW,32NVL_EW,0.008,-0.027
2390,32Nvl_L1_EW,32NVL_EW,0.007,-0.053
2390,32Nvl_L2_EW,32NVL_EW,0.007,-0.027
2390,NvcNvl_L3_NS,NONE,0.007,0.0
2390,NvcNvl_L2_NS,NONE,0.007,0.0
2390,NvcNvl_L1_EW,NVCNVL_EW,0.014,0.01
2390,NvcNvl_L2_EW,NVCNVL_EW,0.016,0.016
2390,32Mt_L1_EW,32MT_EW,0.077,0.072
2390,NvcMt_L1_EW,NVCMT_EW,0.006,-0.004
2390,32Thn_L1_EW,NONE,0.049,0.0
2390,32Thn_L1_EW,32THN_EW,0.008,0.003
2390,304Nvl_L3_EW,NONE,0.032,0.0
2390,32Nvl_L3_EW,NONE,0.006,0.0
2390,32Nvl_L3_EW,NONE,0.006,0.0
2390,NvcNvl_L1_NS,NONE,0.009,0.0
2390,NvcNvl_L3_EW,NONE,0.019,0.0
2390,32Mt_L2_EW,32MT_EW,0.049,0.044
2390,NvcMt_L2_EW,NVCMT_EW,0.008,-0.003
2395,304Nvl_L1_NS,304NVL_NS,0.009,0.009
2395,304Nvl_L3_NS,NONE,0.007,0.0
2395,304Nvl_L1_EW,304NVL_EW,0.059,0.059
2395,304Nvl_L2_EW,304NVL_EW,0.044,0.044
2395,32Nvl_L1_EW,32NVL_EW,0.014,-0.035
2395,32Nvl_L2_EW,32NVL_EW,0.015,-0.015
2395,32Nvl_L1_EW,32NVL_EW,0.007,-0.042
2395,32Nvl_L2_EW,32NVL_EW,0.007,-0.023
2395,NvcNvl_L3_NS,NONE,0.007,0.0
2395,NvcNvl_L2_NS,NONE,0.007,0.0
2395,NvcNvl_L1_EW,NVCNVL_EW,0.014,0.005
2395,NvcNvl_L2_EW,NVCNVL_EW,0.016,0.016
2395,32Mt_L1_EW,32MT_EW,0.07,0.06
2395,32Mt_L1_NS,NONE,0.01,0.0
2395,NvcMt_L1_EW,NVCMT_EW,0.013,0.003
2395,32Thn_L1_EW,NONE,0.049,0.0
2395,304Nvl_L2_NS,304NVL_NS,0.008,0.008
2395,304Nvl_L3_EW,NONE,0.038,0.0
2395,32Nvl_L3_EW,NONE,0.006,0.0
2395,32Nvl_L3_EW,NONE,0.013,0.0
2395,32Nvl_L1_NS,32NVL_NS,0.007,0.0
2395,NvcNvl_L1_NS,NONE,0.009,0.0
2395,NvcNvl_L3_EW,NONE,0.019,0.0
2395,32Mt_L2_EW,32MT_EW,0.044,0.033
2395,32Mt_L2_NS,NONE,0.009,0.0
2395,NvcMt_L2_EW,NVCMT_EW,0.016,0.005
2400,304Nvl_L1_NS,304NVL_NS,0.009,0.009
2400,304Nvl_L3_NS,NONE,0.007,0.0
2400,304Nvl_L1_EW,304NVL_EW,0.017,0.017
2400,304Nvl_L2_EW,304NVL_EW,0.015,0.015
2400,32Nvl_L1_EW,32NVL_EW,0.007,-0.047
2400,32Nvl_L2_EW,32NVL_EW,0.008,-0.027
2400,32Nvl_L1_EW,32NVL_EW,0.007,-0.047
2400,32Nvl_L2_EW,32NVL_EW,0.007,-0.027
2400,NvcNvl_L3_NS,NONE,0.007,0.0
2400,NvcNvl_L2_NS,NONE,0.007,0.0
2400,NvcNvl_L1_EW,NONE,0.053,0.0
2400,NvcNvl_L2_EW,NONE,0.038,0.0
2400,NvcNvl_L1_EW,NVCNVL_EW,0.021,0.017
2400,NvcNvl_L2_EW,NVCNVL_EW,0.016,0.016
2400,32Mt_L1_NS,32MT_NS,0.006,0.006
2400,32Mt_L1_EW,32MT_EW,0.077,0.072
2400,32Mt_L1_NS,NONE,0.01,0.0
2400,NvcMt_L2_NS,NONE,0.005,0.0
2400,NvcMt_L1_EW,NVCMT_EW,0.006,-0.008
2400,304Nvl_L2_NS,304NVL_NS,0.008,0.008
2400,304Nvl_L3_EW,NONE,0.013,0.0
2400,32Nvl_L3_EW,NONE,0.006,0.0
2400,32Nvl_L3_EW,NONE,0.006,0.0
2400,NvcNvl_L1_NS,NONE,0.009,0.0
2400,NvcNvl_L3_EW,NONE,0.032,0.0
2400,NvcNvl_L3_EW,NONE,0.019,0.0
2400,32Mt_L2_EW,32MT_EW,0.049,0.044
2400,32Mt_L2_NS,NONE,0.009,0.0
2400,NvcMt_L1_NS,NONE,0.005,0.0
2400,NvcMt_L2_EW,NVCMT_EW,0.008,-0.003
2405,304Nvl_L1_NS,304NVL_NS,0.009,-0.015
2405,304Nvl_L3_NS,NONE,0.007,0.0
2405,304Nvl_L1_EW,304NVL_EW,0.008,0.008
2405,304Nvl_L2_EW,304NVL_EW,0.007,0.007
2405,32Nvl_L1_NS,32NVL_NS,0.035,0.028
2405,32Nvl_L1_EW,32NVL_EW,0.007,-0.037
2405,32Nvl_L2_EW,32NVL_EW,0.008,-0.023
2405,32Nvl_L1_EW,32NVL_EW,0.007,-0.037
2405,32Nvl_L2_EW,32NVL_EW,0.007,-0.023
2405,NvcNvl_L1_EW,NVCNVL_EW,0.028,0.019
2405,NvcNvl_L2_EW,NVCNVL_EW,0.016,0.016
2405,32Mt_L1_EW,NONE,0.007,0.0
2405,32Mt_L1_EW,32MT_EW,0.063,0.058
2405,32Mt_L1_NS,NONE,0.01,0.0
2405,NvcMt_L1_EW,NVCMT_EW,0.013,-0.007
2405,304Nvl_L2_NS,304NVL_NS,0.008,0.008
2405,304Nvl_L3_EW,NONE,0.006,0.0
2405,32Nvl_L2_NS,32NVL_NS,0.033,0.028
2405,32Nvl_L3_EW,NONE,0.006,0.0
2405,32Nvl_L3_EW,NONE,0.006,0.0
2405,32Nvl_L1_NS,32NVL_NS,0.007,0.0
2405,NvcNvl_L3_EW,NONE,0.019,0.0
2405,32Mt_L2_EW,32MT_EW,0.044,0.038
2405,32Mt_L2_NS,NONE,0.009,0.0
2405,NvcMt_L2_EW,NVCMT_EW,0.016,0.005
2410,304Nvl_L1_NS,304NVL_NS,0.009,-0.015
2410,304Nvl_L3_NS,NONE,0.007,0.0
2410,304Nvl_L1_EW,304NVL_EW,0.017,0.017
2410,304Nvl_L2_EW,304NVL_EW,0.007,0.007
2410,304Nvl_L1_NS,NONE,0.015,0.0
2410,32Nvl_L3_NS,NONE,0.034,0.0
2410,32Nvl_L1_NS,32NVL_NS,0.035,0.028
2410,32Nvl_L1_EW,32NVL_EW,0.007,-0.037
2410,32Nvl_L2_EW,32NVL_EW,0.008,-0.027
2410,32Nvl_L1_EW,32NVL_EW,0.013,-0.031
2410,32Nvl_L2_EW,32NVL_EW,0.015,-0.019
2410,32Nvl_L3_NS,NONE,0.008,0.0
2410,32Nvl_L2_NS,32NVL_NS,0.008,0.003
2410,NvcNvl_L1_EW,NVCNVL_EW,0.028,0.024
2410,NvcNvl_L2_EW,NVCNVL_EW,0.016,0.016
2410,32Mt_L1_EW,32MT_EW,0.063,0.058
2410,NvcMt_L1_EW,NVCMT_EW,0.006,-0.013
2410,304Nvl_L2_NS,304NVL_NS,0.008,0.002
2410,304Nvl_L3_EW,NONE,0.006,0.0
2410,32Nvl_L2_NS,32NVL_NS,0.033,0.028
2410,32Nvl_L3_EW,NONE,0.012,0.0
2410,32Nvl_L3_EW,NONE,0.006,0.0
2410,32Nvl_L1_NS,32NVL_NS,0.007,0.0
2410,NvcNvl_L3_EW,NONE,0.019,0.0
2410,32Mt_L2_EW,32MT_EW,0.049,0.044
2410,NvcMt_L2_EW,NVCMT_EW,0.008,-0.003
2415,304Nvl_L1_NS,304NVL_NS,0.018,-0.006
2415,304Nvl_L3_NS,NONE,0.007,0.0
2415,304Nvl_L1_EW,304NVL_EW,0.017,0.017
2415,304Nvl_L2_EW,304NVL_EW,0.007,0.007
2415,304Nvl_L1_NS,NONE,0.007,0.0
2415,32Nvl_L1_NS,32NVL_NS,0.035,0.022
2415,32Nvl_L1_EW,32NVL_EW,0.007,-0.037
2415,32Nvl_L2_EW,32NVL_EW,0.007,-0.027
2415,32Nvl_L3_NS,NONE,0.008,0.0
2415,32Nvl_L2_NS,32NVL_NS,0.008,0.003
2415,NvcNvl_L3_NS,NONE,0.014,0.0
2415,NvcNvl_L2_NS,NONE,0.013,0.0
2415,NvcNvl_L1_EW,NVCNVL_EW,0.007,0.003
2415,32Mt_L1_EW,NONE,0.007,0.0
2415,32Mt_L1_EW,32MT_EW,0.063,0.063
2415,NvcMt_L1_EW,NVCMT_EW,0.006,0.001
2415,32Thn_L1_EW,NONE,0.01,0.0
2415,32Thn_L2_EW,NONE,0.01,0.0
2415,32Thn_L3_EW,NONE,0.007,0.0
2415,304Nvl_L2_NS,304NVL_NS,0.008,0.002
2415,304Nvl_L3_EW,NONE,0.006,0.0
2415,32Nvl_L2_NS,32NVL_NS,0.033,0.028
2415,32Nvl_L3_EW,NONE,0.006,0.0
2415,32Nvl_L1_NS,32NVL_NS,0.007,-0.006
2415,NvcNvl_L1_NS,NONE,0.017,0.0
2415,32Mt_L2_EW,32MT_EW,0.049,0.049
2415,NvcMt_L2_EW,NVCMT_EW,0.008,0.008
2420,304Nvl_L1_NS,304NVL_NS,0.018,-0.006
2420,304Nvl_L3_NS,NONE,0.007,0.0
2420,304Nvl_L1_EW,304NVL_EW,0.008,0.008
2420,304Nvl_L2_EW,304NVL_EW,0.007,0.007
2420,304Nvl_L1_NS,NONE,0.007,0.0
2420,32Nvl_L1_NS,32NVL_NS,0.035,0.022
2420,32Nvl_L1_EW,32NVL_EW,0.007,0.001
2420,32Nvl_L2_EW,32NVL_EW,0.008,0.008
2420,32Nvl_L1_EW,32NVL_EW,0.007,0.001
2420,32Nvl_L3_NS,NONE,0.017,0.0
2420,32Nvl_L2_NS,32NVL_NS,0.016,0.01
2420,32Thn_L1_EW,32THN_EW,0.008,0.003
2420,304Nvl_L2_NS,304NVL_NS,0.008,-0.003
2420,304Nvl_L3_EW,NONE,0.006,0.0
2420,32Nvl_L2_NS,32NVL_NS,0.033,0.028
2420,32Nvl_L3_EW,NONE,0.006,0.0
2420,32Nvl_L1_NS,32NVL_NS,0.013,0.001
2425,304Nvl_L1_NS,304NVL_NS,0.018,-0.006
2425,304Nvl_L3_NS,NONE,0.007,0.0
2425,304Nvl_L1_EW,304NVL_EW,0.102,0.102
2425,304Nvl_L2_EW,304NVL_EW,0.087,0.087
2425,304Nvl_L1_NS,NONE,0.007,0.0
2425,32Nvl_L1_NS,32NVL_NS,0.035,0.022
2425,32Nvl_L2_EW,32NVL_EW,0.008,0.008
2425,32Nvl_L3_NS,NONE,0.017,0.0
2425,32Nvl_L2_NS,32NVL_NS,0.016,0.005
2425,NvcNvl_L1_EW,NVCNVL_EW,0.007,0.007
2425,32Mt_L1_EW,NONE,0.007,0.0
2425,32Mt_L3_EW,NONE,0.009,0.0
2425,304Nvl_L2_NS,304NVL_NS,0.015,0.004
2425,304Nvl_L3_EW,NONE,0.076,0.0
2425,32Nvl_L2_NS,32NVL_NS,0.033,0.023
2425,32Nvl_L3_EW,NONE,0.006,0.0
2425,32Nvl_L1_NS,32NVL_NS,0.013,0.001
2425,32Mt_L2_EW,NONE,0.008,0.0
2430,304Nvl_L1_NS,304NVL_NS,0.009,-0.015
2430,304Nvl_L3_NS,NONE,0.007,0.0
2430,304Nvl_L1_EW,304NVL_EW,0.102,0.102
2430,304Nvl_L2_EW,304NVL_EW,0.087,0.087
2430,304Nvl_L1_NS,NONE,0.007,0.0
2430,32Nvl_L1_NS,32NVL_NS,0.035,0.028
2430,32Nvl_L3_NS,NONE,0.017,0.0
2430,32Nvl_L2_NS,32NVL_NS,0.016,0.01
2430,NvcNvl_L1_EW,NVCNVL_EW,0.007,0.003
2430,32Mt_L1_NS,32MT_NS,0.038,0.038
2430,32Mt_L1_EW,NONE,0.007,0.0
2430,NvcMt_L2_NS,NONE,0.011,0.0
2430,NvcMt_L1_EW,NVCMT_EW,0.006,0.001
2430,304Nvl_L2_NS,304NVL_NS,0.008,-0.003
2430,304Nvl_L3_EW,NONE,0.076,0.0
2430,32Nvl_L2_NS,32NVL_NS,0.033,0.028
2430,32Nvl_L1_NS,32NVL_NS,0.02,0.014
2430,NvcMt_L1_NS,NONE,0.011,0.0
2430,NvcMt_L2_EW,NVCMT_EW,0.008,0.008
2435,304Nvl_L1_NS,304NVL_NS,0.009,-0.02
2435,304Nvl_L3_NS,NONE,0.007,0.0
2435,304Nvl_L1_EW,304NVL_EW,0.008,0.008
2435,304Nvl_L2_EW,304NVL_EW,0.007,0.007
2435,32Nvl_L3_NS,NONE,0.007,0.0
2435,32Nvl_L1_NS,32NVL_NS,0.042,0.035
2435,32Nvl_L3_NS,NONE,0.017,0.0
2435,32Nvl_L2_NS,32NVL_NS,0.016,0.01
2435,32Mt_L1_NS,32MT_NS,0.038,0.038
2435,32Mt_L1_EW,NONE,0.007,0.0
2435,304Nvl_L2_NS,304NVL_NS,0.008,-0.003
2435,304Nvl_L3_EW,NONE,0.006,0.0
2435,32Nvl_L2_NS,32NVL_NS,0.04,0.035
2435,32Nvl_L1_NS,32NVL_NS,0.02,0.014
2440,304Nvl_L1_NS,304NVL_NS,0.009,-0.03
2440,304Nvl_L3_NS,NONE,0.007,0.0
2440,304Nvl_L1_EW,304NVL_EW,0.008,0.008
2440,304Nvl_L2_EW,304NVL_EW,0.007,0.007
2440,32Nvl_L3_NS,NONE,0.02,0.0
2440,32Nvl_L1_NS,32NVL_NS,0.055,0.049
2440,32Nvl_L1_EW,32NVL_EW,0.007,0.007
2440,32Nvl_L2_EW,32NVL_EW,0.007,0.007
2440,32Nvl_L3_NS,NONE,0.017,0.0
2440,32Nvl_L2_NS,32NVL_NS,0.016,0.01
2440,NvcNvl_L3_NS,NONE,0.007,0.0
2440,NvcNvl_L2_NS,NONE,0.007,0.0
2440,32Mt_L1_NS,32MT_NS,0.031,0.031
2440,304Nvl_L2_NS,304NVL_NS,0.008,-0.003
2440,304Nvl_L3_EW,NONE,0.006,0.0
2440,32Nvl_L2_NS,32NVL_NS,0.053,0.048
2440,32Nvl_L3_EW,NONE,0.006,0.0
2440,32Nvl_L1_NS,32NVL_NS,0.02,0.014
2440,NvcNvl_L1_NS,NONE,0.009,0.0
2445,304Nvl_L1_NS,304NVL_NS,0.009,-0.039
2445,304Nvl_L3_NS,NONE,0.007,0.0
2445,304Nvl_L1_NS,NONE,0.007,0.0
2445,32Nvl_L3_NS,NONE,0.027,0.0
2445,32Nvl_L1_NS,32NVL_NS,0.069,0.063
2445,32Nvl_L3_NS,NONE,0.017,0.0
2445,32Nvl_L2_NS,32NVL_NS,0.016,0.01
2445,NvcNvl_L3_NS,NONE,0.007,0.0
2445,NvcNvl_L2_NS,NONE,0.007,0.0
2445,304Nvl_L2_NS,304NVL_NS,0.008,-0.003
2445,32Nvl_L2_NS,32NVL_NS,0.067,0.061
2445,32Nvl_L1_NS,32NVL_NS,0.013,0.007
2445,NvcNvl_L1_NS,NONE,0.009,0.0
2450,304Nvl_L1_NS,304NVL_NS,0.009,-0.039
2450,304Nvl_L3_NS,NONE,0.007,0.0
2450,304Nvl_L1_EW,304NVL_EW,0.11,0.11
2450,304Nvl_L2_EW,304NVL_EW,0.007,0.007
2450,304Nvl_L1_EW,NONE,0.098,0.0
2450,304Nvl_L1_NS,NONE,0.007,0.0
2450,304Nvl_L2_EW,NONE,0.103,0.0
2450,32Nvl_L3_NS,NONE,0.027,0.0
2450,32Nvl_L1_NS,32NVL_NS,0.069,0.058
2450,32Nvl_L3_NS,NONE,0.042,0.0
2450,32Nvl_L2_NS,32NVL_NS,0.039,0.034
2450,NvcNvl_L1_EW,NONE,0.011,0.0
2450,NvcNvl_L2_EW,NONE,0.008,0.0
2450,NvcNvl_L1_NS,NVCNVL_NS,0.007,-0.042
2450,32Mt_L1_EW,NONE,0.007,0.0
2450,32Mt_L3_EW,NONE,0.009,0.0
2450,304Nvl_L2_NS,304NVL_NS,0.008,-0.02
2450,32Nvl_L2_NS,32NVL_NS,0.067,0.061
2450,32Nvl_L1_NS,32NVL_NS,0.04,0.029
2450,NvcNvl_L3_EW,NONE,0.006,0.0
2450,32Mt_L2_EW,NONE,0.008,0.0
2455,304Nvl_L1_NS,304NVL_NS,0.009,-0.044
2455,304Nvl_L3_NS,NONE,0.007,0.0
2455,304Nvl_L1_EW,304NVL_EW,0.008,0.008
2455,304Nvl_L2_EW,304NVL_EW,0.007,0.007
2455,304Nvl_L1_EW,NONE,0.098,0.0
2455,304Nvl_L2_EW,NONE,0.103,0.0
2455,32Nvl_L3_NS,NONE,0.041,0.0
2455,32Nvl_L1_NS,32NVL_NS,0.076,0.065
2455,32Nvl_L3_NS,NONE,0.058,0.0
2455,32Nvl_L2_NS,32NVL_NS,0.055,0.05
2455,NvcNvl_L3_NS,NONE,0.007,0.0
2455,NvcNvl_L2_NS,NONE,0.007,0.0
2455,NvcNvl_L1_NS,NVCNVL_NS,0.007,-0.047
2455,32Mt_L1_EW,32MT_EW,0.007,0.007
2455,NvcMt_L2_NS,NONE,0.026,0.0
2455,32Thn_L1_EW,32THN_EW,0.008,0.008
2455,32Thn_L2_EW,32THN_EW,0.008,0.008
2455,32Thn_L3_EW,NONE,0.008,0.0
2455,304Nvl_L2_NS,304NVL_NS,0.008,-0.031
2455,304Nvl_L3_EW,NONE,0.097,0.0
2455,32Nvl_L2_NS,32NVL_NS,0.073,0.068
2455,32Nvl_L1_NS,32NVL_NS,0.054,0.043
2455,NvcNvl_L1_NS,NONE,0.009,0.0
2455,32Mt_L2_EW,32MT_EW,0.005,0.005
2455,NvcMt_L1_NS,NONE,0.027,0.0
2460,304Nvl_L1_NS,304NVL_NS,0.018,-0.03
2460,304Nvl_L3_NS,NONE,0.015,0.0
2460,304Nvl_L1_NS,NONE,0.007,0.0
2460,32Nvl_L3_NS,NONE,0.034,0.0
2460,32Nvl_L1_NS,32NVL_NS,0.069,0.052
2460,32Nvl_L1_EW,32NVL_EW,0.034,0.004
2460,32Nvl_L2_EW,32NVL_EW,0.037,0.018
2460,32Nvl_L3_NS,NONE,0.067,0.0
2460,32Nvl_L2_NS,32NVL_NS,0.063,0.053
2460,NvcNvl_L1_EW,NONE,0.011,0.0
2460,NvcNvl_L2_EW,NONE,0.008,0.0
2460,NvcNvl_L1_NS,NVCNVL_NS,0.007,-0.042
2460,32Mt_L1_EW,NONE,0.007,0.0
2460,32Mt_L3_EW,NONE,0.009,0.0
2460,32Mt_L1_EW,32MT_EW,0.042,0.042
2460,NvcMt_L2_NS,NONE,0.005,0.0
2460,32Thn_L1_EW,NONE,0.01,0.0
2460,304Nvl_L2_NS,304NVL_NS,0.015,-0.029
2460,32Nvl_L2_NS,32NVL_NS,0.067,0.056
2460,32Nvl_L3_EW,NONE,0.031,0.0
2460,32Nvl_L1_NS,32NVL_NS,0.06,0.043
2460,NvcNvl_L3_EW,NONE,0.006,0.0
2460,32Mt_L2_EW,NONE,0.008,0.0
2460,32Mt_L2_EW,32MT_EW,0.027,0.027
2460,NvcMt_L1_NS,NONE,0.005,0.0
2465,304Nvl_L1_NS,304NVL_NS,0.018,-0.025
2465,304Nvl_L3_NS,NONE,0.015,0.0
2465,32Nvl_L3_NS,NONE,0.027,0.0
2465,32Nvl_L1_NS,32NVL_NS,0.062,0.045
2465,32Nvl_L3_NS,NONE,0.067,0.0
2465,32Nvl_L2_NS,32NVL_NS,0.063,0.053
2465,NvcNvl_L1_EW,NVCNVL_EW,0.035,0.035
2465,NvcNvl_L2_EW,NVCNVL_EW,0.039,0.039
2465,NvcNvl_L1_NS,NVCNVL_NS,0.007,-0.037
2465,32Mt_L1_NS,32MT_NS,0.013,0.013
2465,32Mt_L1_EW,32MT_EW,0.007,0.007
2465,NvcCmt8_L2_EW,NONE,0.007,0.0
2465,32Thn_L1_EW,32THN_EW,0.008,0.008
2465,32Thn_L2_EW,32THN_EW,0.008,0.008
2465,32Thn_L3_EW,NONE,0.008,0.0
2465,304Nvl_L2_NS,304NVL_NS,0.015,-0.029
2465,32Nvl_L2_NS,32NVL_NS,0.06,0.049
2465,32Nvl_L1_NS,32NVL_NS,0.054,0.036
2465,NvcNvl_L3_EW,NONE,0.047,0.0
2465,32Mt_L2_EW,32MT_EW,0.005,0.005
2465,NvcMt_L1_NS,NONE,0.005,0.0
2465,NvcMt_L1_EW,NVCMT_EW,0.028,0.003
2465,NvcCmt8_L1_EW,NONE,0.006,0.0
2470,304Nvl_L1_NS,304NVL_NS,0.009,-0.001
2470,304Nvl_L3_NS,NONE,0.007,0.0
2470,304Nvl_L1_EW,304NVL_EW,0.11,0.11
2470,304Nvl_L2_EW,304NVL_EW,0.007,0.007
2470,32Nvl_L3_NS,NONE,0.014,0.0
2470,32Nvl_L1_NS,32NVL_NS,0.014,0.008
2470,32Nvl_L1_EW,32NVL_EW,0.035,0.019
2470,32Nvl_L2_EW,32NVL_EW,0.039,0.023
2470,32Nvl_L3_NS,NONE,0.05,0.0
2470,32Nvl_L2_NS,32NVL_NS,0.047,0.042
2470,NvcNvl_L1_EW,NVCNVL_EW,0.035,0.035
2470,NvcNvl_L2_EW,NVCNVL_EW,0.039,0.039
2470,32Mt_L1_NS,32MT_NS,0.006,0.006
2470,32Mt_L1_EW,32MT_EW,0.007,-0.018
2470,32Mt_L1_NS,NONE,0.01,0.0
2470,NvcMt_L2_NS,NONE,0.005,0.0
2470,32Thn_L1_EW,32THN_EW,0.016,-0.009
2470,32Thn_L2_EW,32THN_EW,0.017,-0.01
2470,32Thn_L3_EW,NONE,0.016,0.0
2470,304Nvl_L2_NS,304NVL_NS,0.008,-0.026
2470,304Nvl_L3_EW,NONE,0.006,0.0
2470,32Nvl_L2_NS,32NVL_NS,0.013,0.008
2470,32Nvl_L3_EW,NONE,0.031,0.0
2470,32Nvl_L1_NS,32NVL_NS,0.04,0.034
2470,NvcNvl_L3_EW,NONE,0.047,0.0
2470,32Mt_L2_EW,32MT_EW,0.005,-0.022
2470,NvcMt_L1_NS,NONE,0.005,0.0
2475,304Nvl_L1_EW,304NVL_EW,0.11,0.11
2475,304Nvl_L2_EW,304NVL_EW,0.007,0.007
2475,32Nvl_L3_NS,NONE,0.014,0.0
2475,32Nvl_L1_NS,32NVL_NS,0.014,0.014
2475,32Nvl_L1_EW,32NVL_EW,0.035,0.019
2475,32Nvl_L2_EW,32NVL_EW,0.039,0.023
2475,32Nvl_L3_NS,NONE,0.025,0.0
2475,32Nvl_L2_NS,32NVL_NS,0.024,0.024
2475,NvcNvl_L1_EW,NVCNVL_EW,0.035,0.035
2475,NvcNvl_L2_EW,NVCNVL_EW,0.039,0.039
2475,32Mt_L1_EW,NONE,0.036,0.0
2475,32Mt_L1_EW,32MT_EW,0.007,-0.018
2475,32Mt_L1_NS,NONE,0.01,0.0
2475,32Thn_L1_EW,NONE,0.01,0.0
2475,32Thn_L2_EW,NONE,0.01,0.0
2475,32Thn_L1_EW,32THN_EW,0.016,-0.009
2475,32Thn_L2_EW,32THN_EW,0.017,-0.01
2475,32Thn_L3_EW,NONE,0.007,0.0
2475,32Thn_L3_EW,NONE,0.016,0.0
2475,304Nvl_L3_EW,NONE,0.006,0.0
2475,32Nvl_L2_NS,32NVL_NS,0.013,0.013
2475,32Nvl_L3_EW,NONE,0.031,0.0
2475,32Nvl_L1_NS,32NVL_NS,0.054,0.054
2475,NvcNvl_L3_EW,NONE,0.047,0.0
2475,32Mt_L2_EW,32MT_EW,0.005,-0.022
2480,304Nvl_L1_EW,304NVL_EW,0.119,0.119
2480,304Nvl_L2_EW,304NVL_EW,0.015,0.015
2480,304Nvl_L1_NS,NONE,0.007,0.0
2480,32Nvl_L1_EW,32NVL_EW,0.035,0.014
2480,32Nvl_L2_EW,32NVL_EW,0.039,0.023
2480,32Nvl_L3_NS,NONE,0.008,0.0
2480,32Nvl_L2_NS,32NVL_NS,0.008,0.008
2480,NvcNvl_L1_EW,NVCNVL_EW,0.035,0.035
2480,NvcNvl_L2_EW,NVCNVL_EW,0.039,0.037
2480,32Mt_L1_EW,32MT_EW,0.007,-0.018
2480,NvcMt_L2_EW,NVCMT_EW,0.003,-0.025
2480,32Thn_L1_EW,32THN_EW,0.024,-0.001
2480,32Thn_L2_EW,32THN_EW,0.017,-0.01
2480,32Thn_L3_EW,NONE,0.016,0.0
2480,304Nvl_L3_EW,NONE,0.013,0.0
2480,32Nvl_L3_EW,NONE,0.031,0.0
2480,32Nvl_L1_NS,32NVL_NS,0.074,0.074
2480,NvcNvl_L3_EW,NONE,0.047,0.0
2480,32Mt_L2_EW,32MT_EW,0.005,-0.022
2480,NvcMt_L1_EW,NVCMT_EW,0.006,-0.019
2485,304Nvl_L1_EW,304NVL_EW,0.008,0.008
2485,304Nvl_L2_EW,304NVL_EW,0.007,0.007
2485,32Nvl_L3_NS,NONE,0.007,0.0
2485,32Nvl_L1_NS,32NVL_NS,0.007,0.007
2485,32Nvl_L1_EW,32NVL_EW,0.035,0.02
2485,32Nvl_L2_EW,32NVL_EW,0.039,0.031
2485,NvcNvl_L3_NS,NONE,0.007,0.0
2485,NvcNvl_L2_NS,NONE,0.007,0.0
2485,NvcNvl_L1_EW,NVCNVL_EW,0.035,0.035
2485,NvcNvl_L2_EW,NVCNVL_EW,0.039,0.037
2485,32Mt_L1_EW,NONE,0.014,0.0
2485,32Mt_L3_EW,NONE,0.018,0.0
2485,32Mt_L1_EW,32MT_EW,0.014,-0.011
2485,NvcMt_L2_EW,NVCMT_EW,0.003,-0.025
2485,32Thn_L1_EW,NONE,0.019,0.0
2485,32Thn_L1_EW,32THN_EW,0.008,-0.017
2485,304Nvl_L3_EW,NONE,0.006,0.0
2485,32Nvl_L2_NS,32NVL_NS,0.007,0.007
2485,32Nvl_L3_EW,NONE,0.031,0.0
2485,32Nvl_L1_NS,32NVL_NS,0.04,0.04
2485,NvcNvl_L1_NS,NONE,0.009,0.0
2485,NvcNvl_L3_EW,NONE,0.047,0.0
2485,32Mt_L2_EW,NONE,0.015,0.0
2485,32Mt_L2_EW,32MT_EW,0.011,-0.016
2485,NvcMt_L1_EW,NVCMT_EW,0.006,-0.019
2490,304Nvl_L1_EW,304NVL_EW,0.008,0.008
2490,304Nvl_L1_NS,NONE,0.007,0.0
2490,32Nvl_L1_NS,32NVL_NS,0.007,0.007
2490,32Nvl_L1_EW,32NVL_EW,0.035,0.026
2490,32Nvl_L2_EW,32NVL_EW,0.039,0.031
2490,32Nvl_L1_EW,32NVL_EW,0.007,-0.003
2490,NvcNvl_L1_EW,NONE,0.011,0.0
2490,NvcNvl_L2_EW,NONE,0.008,0.0
2490,NvcNvl_L1_EW,NVCNVL_EW,0.035,0.035
2490,NvcNvl_L2_EW,NVCNVL_EW,0.039,0.037
2490,32Mt_L1_NS,32MT_NS,0.006,0.006
2490,32Mt_L1_EW,NONE,0.007,0.0
2490,32Mt_L3_EW,NONE,0.009,0.0
2490,32Mt_L1_EW,32MT_EW,0.014,-0.011
2490,NvcMt_L2_EW,NVCMT_EW,0.003,-0.028
2490,NvcCmt8_L2_EW,NVCCMT8_EW,0.005,0.003
2490,32Thn_L1_EW,NONE,0.019,0.0
2490,32Nvl_L3_EW,NONE,0.031,0.0
2490,32Nvl_L1_NS,32NVL_NS,0.007,0.007
2490,NvcNvl_L3_EW,NONE,0.006,0.0
2490,NvcNvl_L3_EW,NONE,0.047,0.0
2490,32Mt_L2_EW,NONE,0.008,0.0
2490,32Mt_L2_EW,32MT_EW,0.011,-0.016
2490,NvcMt_L1_EW,NVCMT_EW,0.006,-0.024
2490,NvcCmt8_L1_EW,NVCCMT8_EW,0.008,0.008
2495,304Nvl_L1_EW,304NVL_EW,0.008,0.008
2495,304Nvl_L1_NS,NONE,0.007,0.0
2495,32Nvl_L1_NS,32NVL_NS,0.007,0.007
2495,32Nvl_L1_EW,32NVL_EW,0.035,0.021
2495,32Nvl_L2_EW,32NVL_EW,0.039,0.027
2495,NvcNvl_L2_NS,NONE,0.007,0.0
2495,NvcNvl_L1_EW,NVCNVL_EW,0.042,0.042
2495,NvcNvl_L2_EW,NVCNVL_EW,0.047,0.045
2495,32Mt_L1_EW,32MT_EW,0.021,-0.004
2495,32Mt_L1_NS,NONE,0.02,0.0
2495,NvcMt_L2_NS,NONE,0.005,0.0
2495,NvcMt_L2_EW,NVCMT_EW,0.003,-0.034
2495,NvcCmt8_L2_EW,NVCCMT8_EW,0.005,0.003
2495,32Nvl_L3_EW,NONE,0.031,0.0
2495,32Nvl_L1_NS,32NVL_NS,0.013,0.013
2495,NvcNvl_L1_NS,NONE,0.009,0.0
2495,NvcNvl_L3_EW,NONE,0.056,0.0
2495,32Mt_L2_EW,32MT_EW,0.016,-0.011
2495,32Mt_L2_NS,NONE,0.009,0.0
2495,NvcMt_L1_NS,NONE,0.005,0.0
2495,NvcMt_L1_EW,NVCMT_EW,0.006,-0.029
2495,NvcCmt8_L1_EW,NVCCMT8_EW,0.008,0.008
2500,32Nvl_L1_NS,32NVL_NS,0.007,0.007
2500,32Nvl_L1_EW,32NVL_EW,0.035,0.021
2500,32Nvl_L2_EW,32NVL_EW,0.039,0.035
2500,32Nvl_L3_NS,NONE,0.017,0.0
2500,32Nvl_L2_NS,32NVL_NS,0.016,0.016
2500,NvcNvl_L3_NS,NONE,0.014,0.0
2500,NvcNvl_L2_NS,NONE,0.013,0.0
2500,NvcNvl_L1_EW,NVCNVL_EW,0.042,0.042
2500,NvcNvl_L2_EW,NVCNVL_EW,0.047,0.047
2500,32Mt_L1_EW,32MT_EW,0.021,-0.004
2500,NvcCmt8_L2_EW,NVCCMT8_EW,0.005,0.005
2500,32Nvl_L3_EW,NONE,0.031,0.0
2500,32Nvl_L1_NS,32NVL_NS,0.027,0.027
2500,NvcNvl_L1_NS,NONE,0.017,0.0
2500,NvcNvl_L3_EW,NONE,0.056,0.0
2500,32Mt_L2_EW,32MT_EW,0.005,-0.022
2500,NvcCmt8_L1_EW,NVCCMT8_EW,0.008,0.008
2505,304Nvl_L1_EW,304NVL_EW,0.008,0.008
2505,32Nvl_L1_EW,32NVL_EW,0.042,0.038
2505,32Nvl_L2_EW,32NVL_EW,0.046,0.043
2505,32Nvl_L3_NS,NONE,0.008,0.0
2505,32Nvl_L2_NS,32NVL_NS,0.008,0.008
2505,NvcNvl_L1_EW,NVCNVL_EW,0.042,0.042
2505,NvcNvl_L2_EW,NVCNVL_EW,0.047,0.047
2505,32Mt_L1_NS,32MT_NS,0.006,0.006
2505,32Mt_L1_EW,NONE,0.173,0.0
2505,32Mt_L3_EW,NONE,0.212,0.0
2505,32Mt_L1_EW,32MT_EW,0.007,-0.023
2505,32Mt_L1_NS,NONE,0.01,0.0
2505,32Nvl_L3_EW,NONE,0.038,0.0
2505,32Nvl_L1_NS,32NVL_NS,0.007,0.007
2505,NvcNvl_L3_EW,NONE,0.056,0.0
2505,32Mt_L2_EW,NONE,0.181,0.0
2505,32Mt_L2_EW,32MT_EW,0.005,-0.027
2505,32Mt_L2_NS,NONE,0.009,0.0
2510,304Nvl_L1_EW,304NVL_EW,0.051,0.051
2510,304Nvl_L2_EW,304NVL_EW,0.044,0.044
2510,32Nvl_L1_NS,32NVL_NS,0.014,0.014
2510,32Nvl_L1_EW,32NVL_EW,0.035,0.026
2510,32Nvl_L2_EW,32NVL_EW,0.039,0.035
2510,32Nvl_L1_EW,32NVL_EW,0.013,0.004
2510,32Nvl_L2_EW,32NVL_EW,0.007,0.004
2510,NvcNvl_L1_EW,NONE,0.011,0.0
2510,NvcNvl_L2_EW,NONE,0.008,0.0
2510,NvcNvl_L1_EW,NVCNVL_EW,0.042,0.042
2510,NvcNvl_L2_EW,NVCNVL_EW,0.047,0.047
2510,32Mt_L1_NS,32MT_NS,0.013,0.013
2510,32Mt_L1_EW,NONE,0.223,0.0
2510,32Mt_L3_EW,NONE,0.274,0.0
2510,32Mt_L1_EW,32MT_EW,0.014,-0.011
2510,304Nvl_L3_EW,NONE,0.038,0.0
2510,32Nvl_L2_NS,32NVL_NS,0.007,0.007
2510,32Nvl_L3_EW,NONE,0.006,0.0
2510,32Nvl_L3_EW,NONE,0.031,0.0
2510,32Nvl_L1_NS,32NVL_NS,0.007,0.007
2510,NvcNvl_L3_EW,NONE,0.056,0.0
2510,32Mt_L2_EW,NONE,0.234,0.0
2510,32Mt_L2_EW,32MT_EW,0.005,-0.022
2515,304Nvl_L1_EW,304NVL_EW,0.051,0.051
2515,304Nvl_L2_EW,304NVL_EW,0.044,0.044
2515,32Nvl_L1_EW,32NVL_EW,0.071,0.066
2515,32Nvl_L2_EW,32NVL_EW,0.077,0.073
2515,32Nvl_L1_EW,32NVL_EW,0.007,0.002
2515,32Nvl_L2_EW,32NVL_EW,0.007,0.004
2515,NvcNvl_L1_EW,NVCNVL_EW,0.042,0.042
2515,NvcNvl_L2_EW,NVCNVL_EW,0.047,0.047
2515,32Mt_L1_NS,32MT_NS,0.019,0.019
2515,32Mt_L1_EW,NONE,0.108,0.0
2515,32Mt_L3_EW,NONE,0.124,0.0
2515,32Mt_L1_EW,32MT_EW,0.007,-0.043
2515,32Mt_L1_NS,NONE,0.02,0.0
2515,NvcMt_L2_NS,NONE,0.026,0.0
2515,304Nvl_L3_EW,NONE,0.038,0.0
2515,32Nvl_L3_EW,NONE,0.006,0.0
2515,32Nvl_L3_EW,NONE,0.063,0.0
2515,NvcNvl_L3_EW,NONE,0.056,0.0
2515,32Mt_L2_EW,NONE,0.106,0.0
2515,32Mt_L2_EW,32MT_EW,0.005,-0.049
2515,32Mt_L2_NS,NONE,0.009,0.0
2515,NvcMt_L1_NS,NONE,0.027,0.0
2520,304Nvl_L1_EW,304NVL_EW,0.017,0.017
2520,304Nvl_L2_EW,304NVL_EW,0.007,0.007
2520,304Nvl_L1_EW,NONE,0.041,0.0
2520,304Nvl_L1_NS,NONE,0.007,0.0
2520,32Nvl_L3_NS,NONE,0.007,0.0
2520,32Nvl_L1_NS,32NVL_NS,0.007,0.007
2520,32Nvl_L1_EW,32NVL_EW,0.085,0.085
2520,32Nvl_L2_EW,32NVL_EW,0.093,0.093
2520,32Nvl_L1_EW,32NVL_EW,0.007,0.007
2520,32Nvl_L2_EW,32NVL_EW,0.007,0.007
2520,32Nvl_L3_NS,NONE,0.008,0.0
2520,32Nvl_L2_NS,32NVL_NS,0.008,0.008
2520,NvcNvl_L1_EW,NVCNVL_EW,0.042,0.042
2520,NvcNvl_L2_EW,NVCNVL_EW,0.047,0.047
2520,32Mt_L1_NS,32MT_NS,0.006,0.006
2520,32Mt_L1_EW,NONE,0.043,0.0
2520,32Mt_L3_EW,NONE,0.053,0.0
2520,32Mt_L1_NS,NONE,0.117,0.0
2520,NvcMt_L2_NS,NONE,0.032,0.0
2520,304Nvl_L3_EW,NONE,0.006,0.0
2520,304Nvl_L2_NS,NONE,0.007,0.0
2520,32Nvl_L2_NS,32NVL_NS,0.007,0.007
2520,32Nvl_L3_EW,NONE,0.006,0.0
2520,32Nvl_L3_EW,NONE,0.075,0.0
2520,32Nvl_L1_NS,32NVL_NS,0.013,0.013
2520,NvcNvl_L3_EW,NONE,0.056,0.0
2520,32Mt_L2_EW,NONE,0.045,0.0
2520,NvcMt_L1_NS,NONE,0.033,0.0
2525,304Nvl_L1_EW,304NVL_EW,0.017,0.017
2525,304Nvl_L2_EW,304NVL_EW,0.015,0.015
2525,304Nvl_L1_EW,NONE,0.041,0.0
2525,304Nvl_L1_NS,NONE,0.051,0.0
2525,304Nvl_L3_NS,NONE,0.008,0.0
2525,32Nvl_L1_EW,32NVL_EW,0.05,0.02
2525,32Nvl_L2_EW,32NVL_EW,0.054,0.05
2525,32Nvl_L1_EW,32NVL_EW,0.007,-0.023
2525,32Nvl_L2_EW,32NVL_EW,0.007,0.004
2525,NvcNvl_L3_NS,NONE,0.081,0.0
2525,NvcNvl_L2_NS,NONE,0.079,0.0
2525,32Mt_L1_NS,32MT_NS,0.013,0.013
2525,32Mt_L1_EW,32MT_EW,0.042,0.007
2525,32Mt_L1_NS,NONE,0.254,0.0
2525,NvcMt_L1_EW,NVCMT_EW,0.006,0.006
2525,304Nvl_L3_EW,NONE,0.013,0.0
2525,304Nvl_L2_NS,NONE,0.007,0.0
2525,32Nvl_L3_EW,NONE,0.006,0.0
2525,32Nvl_L3_EW,NONE,0.044,0.0
2525,NvcNvl_L1_NS,NONE,0.105,0.0
2525,32Mt_L2_EW,32MT_EW,0.005,-0.032
2525,32Mt_L2_NS,NONE,0.009,0.0
2525,NvcMt_L2_EW,NVCMT_EW,0.008,0.008
2530,304Nvl_L1_EW,304NVL_EW,0.025,0.025
2530,304Nvl_L2_EW,304NVL_EW,0.022,0.022
2530,304Nvl_L1_NS,NONE,0.015,0.0
2530,304Nvl_L3_NS,NONE,0.008,0.0
2530,32Nvl_L1_NS,32NVL_NS,0.007,0.007
2530,32Nvl_L1_EW,32NVL_EW,0.035,-0.004
2530,32Nvl_L2_EW,32NVL_EW,0.039,0.008
2530,32Nvl_L1_EW,32NVL_EW,0.007,-0.032
2530,32Nvl_L2_EW,32NVL_EW,0.007,-0.023
2530,NvcNvl_L3_NS,NONE,0.041,0.0
2530,NvcNvl_L2_NS,NONE,0.04,0.0
2530,NvcNvl_L1_EW,NVCNVL_EW,0.042,0.042
2530,NvcNvl_L2_EW,NVCNVL_EW,0.047,0.047
2530,32Mt_L1_NS,32MT_NS,0.013,0.013
2530,32Mt_L1_EW,32MT_EW,0.056,0.031
2530,32Mt_L1_NS,NONE,0.059,0.0
2530,304Nvl_L3_EW,NONE,0.019,0.0
2530,304Nvl_L2_NS,NONE,0.007,0.0
2530,32Nvl_L3_EW,NONE,0.006,0.0
2530,32Nvl_L3_EW,NONE,0.031,0.0
2530,32Nvl_L1_NS,32NVL_NS,0.034,0.034
2530,NvcNvl_L1_NS,NONE,0.052,0.0
2530,NvcNvl_L3_EW,NONE,0.056,0.0
2530,32Mt_L2_EW,32MT_EW,0.044,0.016
2535,304Nvl_L1_NS,304NVL_NS,0.009,0.009
2535,304Nvl_L1_EW,304NVL_EW,0.017,0.017
2535,304Nvl_L2_EW,304NVL_EW,0.007,0.007
2535,304Nvl_L1_NS,NONE,0.007,0.0
2535,304Nvl_L3_NS,NONE,0.008,0.0
2535,32Nvl_L1_EW,32NVL_EW,0.042,0.038
2535,32Nvl_L2_EW,32NVL_EW,0.046,0.046
2535,32Nvl_L1_EW,32NVL_EW,0.007,0.002
2535,32Nvl_L2_EW,32NVL_EW,0.007,0.007
2535,NvcNvl_L2_NS,NONE,0.007,0.0
2535,NvcNvl_L1_EW,NONE,0.128,0.0
2535,NvcNvl_L2_EW,NONE,0.092,0.0
2535,NvcNvl_L1_EW,NVCNVL_EW,0.007,0.007
2535,NvcNvl_L2_EW,NVCNVL_EW,0.008,0.008
2535,32Mt_L1_NS,32MT_NS,0.006,0.001
2535,32Mt_L1_EW,NONE,0.007,0.0
2535,32Mt_L3_EW,NONE,0.009,0.0
2535,32Mt_L1_EW,32MT_EW,0.007,-0.023
2535,32Mt_L1_NS,NONE,0.049,0.0
2535,NvcMt_L2_NS,NONE,0.005,0.0
2535,NvcMt_L1_NS,NVCMT_NS,0.007,0.002
2535,NvcCmt8_L2_EW,NONE,0.007,0.0
2535,304Nvl_L2_NS,NONE,0.007,0.0
2535,32Nvl_L3_EW,NONE,0.006,0.0
2535,32Nvl_L3_EW,NONE,0.038,0.0
2535,32Nvl_L1_NS,32NVL_NS,0.04,0.034
2535,NvcNvl_L1_NS,NONE,0.009,0.0
2535,NvcNvl_L3_EW,NONE,0.009,0.0
2535,32Mt_L2_EW,NONE,0.008,0.0
2535,NvcMt_L1_NS,NONE,0.005,0.0
2535,NvcMt_L2_NS,NVCMT_NS,0.005,0.005
2535,NvcCmt8_L1_EW,NONE,0.006,0.0
2540,304Nvl_L1_NS,304NVL_NS,0.009,0.009
2540,304Nvl_L1_EW,304NVL_EW,0.025,0.025
2540,304Nvl_L2_EW,304NVL_EW,0.007,0.007
2540,304Nvl_L1_NS,NONE,0.015,0.0
2540,32Nvl_L1_EW,32NVL_EW,0.035,0.03
2540,32Nvl_L2_EW,32NVL_EW,0.039,0.039
2540,32Nvl_L1_EW,32NVL_EW,0.007,0.002
2540,32Nvl_L2_EW,32NVL_EW,0.007,0.007
2540,32Nvl_L3_NS,NONE,0.008,0.0
2540,32Nvl_L2_NS,32NVL_NS,0.008,0.008
2540,NvcNvl_L1_EW,NONE,0.139,0.0
2540,NvcNvl_L2_EW,NONE,0.092,0.0
2540,32Mt_L1_EW,32MT_EW,0.007,-0.018
2540,32Mt_L1_NS,NONE,0.01,0.0
2540,NvcMt_L1_NS,NVCMT_NS,0.007,0.007
2540,304Nvl_L3_EW,NONE,0.006,0.0
2540,32Nvl_L3_EW,NONE,0.006,0.0
2540,32Nvl_L3_EW,NONE,0.031,0.0
2540,32Nvl_L1_NS,32NVL_NS,0.013,0.007
2540,32Mt_L2_NS,NONE,0.009,0.0
2540,NvcMt_L2_NS,NVCMT_NS,0.005,0.005
2545,304Nvl_L1_NS,304NVL_NS,0.009,0.009
2545,304Nvl_L1_EW,304NVL_EW,0.008,0.008
2545,304Nvl_L1_NS,NONE,0.007,0.0
2545,32Nvl_L1_EW,32NVL_EW,0.035,0.03
2545,32Nvl_L2_EW,32NVL_EW,0.039,0.035
2545,32Nvl_L1_EW,32NVL_EW,0.013,0.009
2545,32Nvl_L2_EW,32NVL_EW,0.015,0.011
2545,NvcNvl_L1_EW,NONE,0.011,0.0
2545,NvcNvl_L2_EW,NONE,0.008,0.0
2545,32Mt_L1_EW,NONE,0.007,0.0
2545,32Mt_L1_EW,32MT_EW,0.007,-0.018
2545,NvcMt_L1_NS,NVCMT_NS,0.014,0.014
2545,32Thn_L1_EW,NONE,0.01,0.0
2545,32Thn_L2_EW,NONE,0.01,0.0
2545,32Thn_L3_EW,NONE,0.007,0.0
2545,304Nvl_L2_NS,304NVL_NS,0.008,0.008
2545,32Nvl_L3_EW,NONE,0.012,0.0
2545,32Nvl_L3_EW,NONE,0.031,0.0
2545,32Mt_L2_EW,32MT_EW,0.005,-0.022
2545,NvcMt_L2_NS,NVCMT_NS,0.011,0.011
2545,NvcCmt8_L1_EW,NVCCMT8_EW,0.008,0.008
2550,304Nvl_L1_EW,304NVL_EW,0.017,0.017
2550,304Nvl_L2_EW,304NVL_EW,0.007,0.007
2550,32Nvl_L3_NS,NONE,0.007,0.0
2550,32Nvl_L1_NS,32NVL_NS,0.042,0.042
2550,32Nvl_L1_EW,32NVL_EW,0.05,0.044
2550,32Nvl_L2_EW,32NVL_EW,0.054,0.054
2550,32Nvl_L1_EW,32NVL_EW,0.013,0.008
2550,32Nvl_L2_EW,32NVL_EW,0.015,0.015
2550,32Nvl_L3_NS,NONE,0.008,0.0
2550,32Nvl_L2_NS,32NVL_NS,0.008,0.008
2550,32Mt_L1_NS,NONE,0.01,0.0
2550,NvcMt_L2_NS,NONE,0.011,0.0
2550,NvcMt_L1_NS,NVCMT_NS,0.014,0.014
2550,32Thn_L1_EW,32THN_EW,0.008,-0.027
2550,304Nvl_L3_EW,NONE,0.006,0.0
2550,32Nvl_L2_NS,32NVL_NS,0.04,0.04
2550,32Nvl_L3_EW,NONE,0.012,0.0
2550,32Nvl_L3_EW,NONE,0.044,0.0
2550,32Nvl_L1_NS,32NVL_NS,0.007,0.007
2550,32Mt_L2_NS,NONE,0.009,0.0
2550,NvcMt_L1_NS,NONE,0.011,0.0
2550,NvcMt_L2_NS,NVCMT_NS,0.011,0.011
2555,32Nvl_L3_NS,NONE,0.007,0.0
2555,32Nvl_L1_NS,32NVL_NS,0.007,0.007
2555,32Nvl_L1_EW,32NVL_EW,0.035,0.035
2555,32Nvl_L2_EW,32NVL_EW,0.039,0.039
2555,32Nvl_L1_EW,32NVL_EW,0.02,0.02
2555,32Nvl_L2_EW,32NVL_EW,0.022,0.022
2555,32Nvl_L3_NS,NONE,0.008,0.0
2555,32Nvl_L2_NS,32NVL_NS,0.008,0.008
2555,NvcMt_L1_NS,NVCMT_NS,0.014,0.014
2555,32Nvl_L2_NS,32NVL_NS,0.007,0.007
2555,32Nvl_L3_EW,NONE,0.018,0.0
2555,32Nvl_L3_EW,NONE,0.031,0.0
2555,32Nvl_L1_NS,32NVL_NS,0.007,0.007
2555,NvcMt_L2_NS,NVCMT_NS,0.011,0.011
2560,304Nvl_L1_NS,NONE,0.015,0.0
2560,304Nvl_L3_NS,NONE,0.008,0.0
2560,32Nvl_L1_NS,32NVL_NS,0.007,0.007
2560,32Nvl_L1_EW,32NVL_EW,0.035,0.035
2560,32Nvl_L2_EW,32NVL_EW,0.039,0.039
2560,32Nvl_L1_EW,32NVL_EW,0.02,0.02
2560,32Nvl_L2_EW,32NVL_EW,0.022,0.022
2560,32Nvl_L3_NS,NONE,0.008,0.0
2560,32Nvl_L2_NS,32NVL_NS,0.008,0.008
2560,32Mt_L1_EW,NONE,0.007,0.0
2560,32Mt_L3_EW,NONE,0.009,0.0
2560,32Mt_L1_NS,NONE,0.02,0.0
2560,NvcMt_L1_NS,NVCMT_NS,0.014,0.014
2560,304Nvl_L2_NS,NONE,0.007,0.0
2560,32Nvl_L2_NS,32NVL_NS,0.007,0.007
2560,32Nvl_L3_EW,NONE,0.018,0.0
2560,32Nvl_L3_EW,NONE,0.031,0.0
2560,32Nvl_L1_NS,32NVL_NS,0.02,0.02
2560,32Mt_L2_EW,NONE,0.008,0.0
2560,32Mt_L2_NS,NONE,0.009,0.0
2560,NvcMt_L2_NS,NVCMT_NS,0.011,0.011
2565,32Nvl_L3_NS,NONE,0.007,0.0
2565,32Nvl_L1_NS,32NVL_NS,0.007,0.007
2565,32Nvl_L1_EW,32NVL_EW,0.035,0.035
2565,32Nvl_L2_EW,32NVL_EW,0.039,0.039
2565,32Nvl_L1_EW,32NVL_EW,0.02,0.02
2565,32Nvl_L2_EW,32NVL_EW,0.022,0.022
2565,32Nvl_L3_NS,NONE,0.008,0.0
2565,32Nvl_L2_NS,32NVL_NS,0.008,0.008
2565,NvcNvl_L3_NS,NONE,0.007,0.0
2565,NvcNvl_L2_NS,NONE,0.007,0.0
2565,NvcMt_L1_NS,NVCMT_NS,0.014,0.014
2565,NvcCmt8_L2_EW,NVCCMT8_EW,0.005,0.005
2565,32Nvl_L2_NS,32NVL_NS,0.007,0.007
2565,32Nvl_L3_EW,NONE,0.018,0.0
2565,32Nvl_L3_EW,NONE,0.031,0.0
2565,32Nvl_L1_NS,32NVL_NS,0.013,0.013
2565,NvcNvl_L1_NS,NONE,0.009,0.0
2565,NvcMt_L2_NS,NVCMT_NS,0.011,0.011
2565,NvcCmt8_L1_EW,NVCCMT8_EW,0.008,0.008
2570,304Nvl_L1_EW,304NVL_EW,0.076,0.076
2570,304Nvl_L2_EW,304NVL_EW,0.058,0.058
2570,32Nvl_L3_NS,NONE,0.007,0.0
2570,32Nvl_L1_NS,32NVL_NS,0.014,0.014
2570,32Nvl_L1_EW,32NVL_EW,0.035,0.026
2570,32Nvl_L2_EW,32NVL_EW,0.039,0.035
2570,32Nvl_L1_EW,32NVL_EW,0.02,0.01
2570,32Nvl_L2_EW,32NVL_EW,0.022,0.019
2570,32Nvl_L3_NS,NONE,0.008,0.0
2570,32Nvl_L2_NS,32NVL_NS,0.008,0.008
2570,32Mt_L1_NS,32MT_NS,0.006,-0.003
2570,32Mt_L1_EW,NONE,0.007,0.0
2570,32Mt_L1_EW,32MT_EW,0.014,-0.011
2570,NvcMt_L1_NS,NVCMT_NS,0.014,0.009
2570,NvcCmt8_L2_EW,NVCCMT8_EW,0.005,0.005
2570,32Thn_L1_EW,NONE,0.01,0.0
2570,32Thn_L2_EW,NONE,0.01,0.0
2570,32Thn_L3_EW,NONE,0.007,0.0
2570,304Nvl_L3_EW,NONE,0.051,0.0
2570,32Nvl_L2_NS,32NVL_NS,0.013,0.013
2570,32Nvl_L3_EW,NONE,0.018,0.0
2570,32Nvl_L3_EW,NONE,0.031,0.0
2570,32Nvl_L1_NS,32NVL_NS,0.013,0.013
2570,32Mt_L2_EW,32MT_EW,0.005,-0.022
2570,NvcMt_L2_NS,NVCMT_NS,0.011,0.011
2570,NvcCmt8_L1_EW,NVCCMT8_EW,0.008,0.008
2575,304Nvl_L1_EW,304NVL_EW,0.025,0.025
2575,304Nvl_L2_EW,304NVL_EW,0.022,0.022
2575,32Nvl_L3_NS,NONE,0.007,0.0
2575,32Nvl_L1_NS,32NVL_NS,0.014,0.014
2575,32Nvl_L3_NS,NONE,0.017,0.0
2575,32Nvl_L2_NS,32NVL_NS,0.016,0.016
2575,32Mt_L1_NS,32MT_NS,0.006,-0.003
2575,NvcMt_L1_NS,NVCMT_NS,0.014,0.009
2575,32Thn_L1_EW,32THN_EW,0.008,0.008
2575,304Nvl_L3_EW,NONE,0.019,0.0
2575,32Nvl_L2_NS,32NVL_NS,0.013,0.013
2575,32Nvl_L1_NS,32NVL_NS,0.013,0.013
2575,NvcMt_L2_NS,NVCMT_NS,0.011,0.011
2575,NvcCmt8_L1_EW,NONE,0.006,0.0
2580,304Nvl_L1_EW,304NVL_EW,0.051,0.051
2580,304Nvl_L2_EW,304NVL_EW,0.044,0.044
2580,304Nvl_L1_NS,NONE,0.007,0.0
2580,32Nvl_L3_NS,NONE,0.014,0.0
2580,32Nvl_L1_NS,32NVL_NS,0.021,0.021
2580,32Nvl_L1_EW,32NVL_EW,0.034,0.028
2580,32Nvl_L3_NS,NONE,0.025,0.0
2580,32Nvl_L2_NS,32NVL_NS,0.024,0.024
2580,NvcNvl_L3_NS,NONE,0.007,0.0
2580,NvcNvl_L2_NS,NONE,0.007,0.0
2580,NvcNvl_L1_EW,NONE,0.128,0.0
2580,NvcNvl_L2_EW,NONE,0.092,0.0
2580,32Mt_L1_EW,NONE,0.007,0.0
2580,32Mt_L1_NS,NONE,0.01,0.0
2580,NvcCmt8_L2_EW,NONE,0.007,0.0
2580,32Thn_L1_EW,32THN_EW,0.008,0.008
2580,32Thn_L2_EW,32THN_EW,0.008,0.008
2580,32Thn_L3_EW,NONE,0.008,0.0
2580,304Nvl_L3_EW,NONE,0.038,0.0
2580,32Nvl_L2_NS,32NVL_NS,0.02,0.02
2580,32Nvl_L1_NS,32NVL_NS,0.027,0.027
2580,NvcNvl_L1_NS,NONE,0.009,0.0
2580,NvcNvl_L3_EW,NONE,0.076,0.0
2580,32Mt_L2_NS,NONE,0.009,0.0
2580,NvcCmt8_L1_EW,NONE,0.006,0.0
2585,304Nvl_L1_EW,304NVL_EW,0.144,0.144
2585,304Nvl_L2_EW,304NVL_EW,0.087,0.087
2585,304Nvl_L1_NS,NONE,0.022,0.0
2585,32Nvl_L3_NS,NONE,0.007,0.0
2585,32Nvl_L1_NS,32NVL_NS,0.014,0.014
2585,32Nvl_L3_NS,NONE,0.017,0.0
2585,32Nvl_L2_NS,32NVL_NS,0.016,0.016
2585,NvcNvl_L3_NS,NONE,0.014,0.0
2585,NvcNvl_L2_NS,NONE,0.013,0.0
2585,NvcNvl_L1_EW,NONE,0.128,0.0
2585,NvcNvl_L2_EW,NONE,0.092,0.0
2585,32Mt_L1_EW,NONE,0.014,0.0
2585,32Mt_L3_EW,NONE,0.009,0.0
2585,32Thn_L1_EW,32THN_EW,0.008,0.008
2585,32Thn_L2_EW,32THN_EW,0.008,0.008
2585,32Thn_L3_EW,NONE,0.008,0.0
2585,304Nvl_L3_EW,NONE,0.076,0.0
2585,32Nvl_L2_NS,32NVL_NS,0.013,0.013
2585,32Nvl_L1_NS,32NVL_NS,0.02,0.02
2585,NvcNvl_L1_NS,NONE,0.017,0.0
2585,NvcNvl_L3_EW,NONE,0.076,0.0
2585,32Mt_L2_EW,NONE,0.008,0.0
2590,304Thn_L1_EW,NONE,0.034,0.0
2590,304Thn_L2_EW,NONE,0.041,0.0
2590,304Nvl_L1_NS,304NVL_NS,0.009,0.009
2590,304Nvl_L3_NS,NONE,0.007,0.0
2590,304Nvl_L1_EW,304NVL_EW,0.161,0.161
2590,304Nvl_L2_EW,304NVL_EW,0.102,0.102
2590,304Nvl_L1_NS,NONE,0.007,0.0
2590,NvcNvl_L3_NS,NONE,0.007,0.0
2590,NvcNvl_L2_NS,NONE,0.007,0.0
2590,NvcNvl_L1_EW,NONE,0.011,0.0
2590,NvcNvl_L2_EW,NONE,0.008,0.0
2590,32Thn_L1_EW,32THN_EW,0.008,0.008
2590,32Thn_L2_EW,32THN_EW,0.008,0.008
2590,32Thn_L3_EW,NONE,0.008,0.0
2590,304Nvl_L2_NS,304NVL_NS,0.008,0.008
2590,304Nvl_L3_EW,NONE,0.089,0.0
2590,32Nvl_L1_NS,32NVL_NS,0.013,0.007
2590,NvcNvl_L1_NS,NONE,0.009,0.0
2590,NvcNvl_L3_EW,NONE,0.006,0.0
2590,NvcCmt8_L1_EW,NVCCMT8_EW,0.008,0.008
2590,304Thn_L3_EW,NONE,0.041,0.0
2595,304Thn_L1_EW,304THN_EW,0.041,-0.042
2595,304Nvl_L1_NS,304NVL_NS,0.009,0.009
2595,304Nvl_L3_NS,NONE,0.007,0.0
2595,304Nvl_L1_EW,304NVL_EW,0.119,0.09
2595,304Nvl_L2_EW,304NVL_EW,0.065,0.065
2595,32Nvl_L3_NS,NONE,0.008,0.0
2595,32Nvl_L2_NS,32NVL_NS,0.008,0.003
2595,NvcNvl_L3_NS,NONE,0.007,0.0
2595,NvcNvl_L2_NS,NONE,0.007,0.0
2595,NvcNvl_L1_EW,NONE,0.011,0.0
2595,NvcNvl_L2_EW,NONE,0.008,0.0
2595,NvcNvl_L1_EW,NVCNVL_EW,0.007,0.007
2595,32Mt_L1_NS,32MT_NS,0.006,0.006
2595,32Mt_L1_EW,NONE,0.007,0.0
2595,32Mt_L3_EW,NONE,0.009,0.0
2595,32Thn_L1_EW,NONE,0.01,0.0
2595,304Nvl_L2_NS,304NVL_NS,0.008,0.002
2595,304Nvl_L3_EW,NONE,0.057,0.0
2595,32Nvl_L1_NS,32NVL_NS,0.007,0.0
2595,NvcNvl_L1_NS,NONE,0.009,0.0
2595,NvcNvl_L3_EW,NONE,0.006,0.0
2595,32Mt_L2_EW,NONE,0.008,0.0
2595,NvcCmt8_L1_EW,NVCCMT8_EW,0.008,0.008
2600,304Nvl_L1_NS,304NVL_NS,0.009,0.004
2600,304Nvl_L3_NS,NONE,0.007,0.0
2600,304Nvl_L1_EW,304NVL_EW,0.051,0.051
2600,304Nvl_L2_EW,304NVL_EW,0.044,0.044
2600,32Nvl_L1_NS,32NVL_NS,0.007,-0.004
2600,NvcNvl_L3_NS,NONE,0.007,0.0
2600,NvcNvl_L2_NS,NONE,0.007,0.0
2600,NvcNvl_L1_EW,NONE,0.021,0.0
2600,NvcNvl_L2_EW,NONE,0.015,0.0
2600,NvcNvl_L1_EW,NVCNVL_EW,0.084,0.084
2600,NvcNvl_L1_NS,NVCNVL_NS,0.007,0.002
2600,32Mt_L1_EW,NONE,0.014,0.0
2600,32Mt_L3_EW,NONE,0.009,0.0
2600,32Mt_L1_EW,32MT_EW,0.007,0.007
2600,NvcMt_L2_EW,NVCMT_EW,0.003,0.003
2600,304Nvl_L2_NS,304NVL_NS,0.008,0.008
2600,304Nvl_L3_EW,NONE,0.038,0.0
2600,NvcNvl_L1_NS,NONE,0.009,0.0
2600,NvcNvl_L3_EW,NONE,0.013,0.0
2600,32Mt_L2_EW,NONE,0.015,0.0
2600,32Mt_L2_EW,32MT_EW,0.005,0.005
2600,NvcMt_L1_EW,NVCMT_EW,0.006,-0.054
2605,304Nvl_L1_NS,304NVL_NS,0.009,-0.001
2605,304Nvl_L3_NS,NONE,0.007,0.0
2605,304Nvl_L1_EW,304NVL_EW,0.025,0.025
2605,304Nvl_L2_EW,304NVL_EW,0.022,0.022
2605,32Nvl_L3_NS,NONE,0.007,0.0
2605,32Nvl_L1_NS,32NVL_NS,0.014,0.003
2605,NvcNvl_L1_EW,NVCNVL_EW,0.084,0.084
2605,NvcNvl_L1_NS,NVCNVL_NS,0.007,-0.003
2605,32Mt_L1_EW,NONE,0.014,0.0
2605,32Mt_L3_EW,NONE,0.018,0.0
2605,32Mt_L1_EW,32MT_EW,0.007,0.007
2605,32Mt_L1_NS,NONE,0.01,0.0
2605,NvcMt_L2_EW,NVCMT_EW,0.003,0.003
2605,304Nvl_L2_NS,304NVL_NS,0.008,0.008
2605,304Nvl_L3_EW,NONE,0.019,0.0
2605,32Nvl_L2_NS,32NVL_NS,0.007,0.001
2605,32Mt_L2_EW,NONE,0.015,0.0
2605,32Mt_L2_EW,32MT_EW,0.005,0.005
2605,32Mt_L2_NS,NONE,0.009,0.0
2605,NvcMt_L1_EW,NVCMT_EW,0.006,-0.054
2610,304Nvl_L1_NS,304NVL_NS,0.009,0.004
2610,304Nvl_L3_NS,NONE,0.007,0.0
2610,304Nvl_L1_EW,304NVL_EW,0.076,0.076
2610,304Nvl_L2_EW,304NVL_EW,0.029,0.029
2610,32Nvl_L3_NS,NONE,0.007,0.0
2610,32Nvl_L1_NS,32NVL_NS,0.007,0.001
2610,32Nvl_L3_NS,NONE,0.008,0.0
2610,32Nvl_L2_NS,32NVL_NS,0.008,0.003
2610,NvcNvl_L1_EW,NONE,0.053,0.0
2610,NvcNvl_L2_EW,NONE,0.038,0.0
2610,NvcNvl_L1_EW,NVCNVL_EW,0.007,0.007
2610,NvcNvl_L2_EW,NVCNVL_EW,0.008,0.006
2610,32Mt_L1_NS,32MT_NS,0.006,0.006
2610,32Mt_L1_EW,32MT_EW,0.049,0.049
2610,32Mt_L1_NS,NONE,0.02,0.0
2610,NvcMt_L2_EW,NVCMT_EW,0.003,-0.003
2610,304Nvl_L2_NS,304NVL_NS,0.008,0.002
2610,304Nvl_L3_EW,NONE,0.025,0.0
2610,32Nvl_L2_NS,32NVL_NS,0.007,0.001
2610,32Nvl_L1_NS,32NVL_NS,0.007,0.0
2610,NvcNvl_L3_EW,NONE,0.032,0.0
2610,NvcNvl_L3_EW,NONE,0.009,0.0
2610,32Mt_L2_EW,32MT_EW,0.033,0.033
2610,32Mt_L2_NS,NONE,0.009,0.0
2610,NvcMt_L1_EW,NVCMT_EW,0.006,0.001
2615,304Nvl_L1_NS,304NVL_NS,0.027,0.017
2615,304Nvl_L3_NS,NONE,0.015,0.0
2615,304Nvl_L1_EW,304NVL_EW,0.093,0.093
2615,304Nvl_L2_EW,304NVL_EW,0.007,0.007
2615,304Nvl_L1_NS,NONE,0.015,0.0
2615,32Nvl_L3_NS,NONE,0.007,0.0
2615,32Nvl_L1_NS,32NVL_NS,0.014,-0.005
2615,32Nvl_L1_EW,32NVL_EW,0.007,-0.032
2615,32Nvl_L2_EW,32NVL_EW,0.008,-0.019
2615,32Nvl_L3_NS,NONE,0.008,0.0
2615,32Nvl_L2_NS,32NVL_NS,0.008,-0.003
2615,32Mt_L1_NS,32MT_NS,0.006,0.006
2615,32Mt_L1_EW,NONE,0.007,0.0
2615,32Mt_L3_EW,NONE,0.009,0.0
2615,32Mt_L1_EW,32MT_EW,0.056,0.051
2615,32Mt_L1_NS,NONE,0.01,0.0
2615,304Nvl_L2_NS,304NVL_NS,0.015,0.01
2615,304Nvl_L3_EW,NONE,0.006,0.0
2615,32Nvl_L2_NS,32NVL_NS,0.013,0.003
2615,32Nvl_L3_EW,NONE,0.006,0.0
2615,32Nvl_L1_NS,32NVL_NS,0.013,-0.006
2615,32Mt_L2_EW,NONE,0.008,0.0
2615,32Mt_L2_EW,32MT_EW,0.038,0.033
2620,304Nvl_L1_NS,304NVL_NS,0.027,0.027
2620,304Nvl_L3_NS,NONE,0.015,0.0
2620,304Nvl_L1_EW,304NVL_EW,0.059,0.059
2620,304Nvl_L1_NS,NONE,0.015,0.0
2620,32Nvl_L1_EW,32NVL_EW,0.007,-0.032
2620,32Nvl_L2_EW,32NVL_EW,0.008,-0.023
2620,32Mt_L1_EW,NONE,0.014,0.0
2620,32Mt_L3_EW,NONE,0.018,0.0
2620,32Mt_L1_EW,32MT_EW,0.056,0.051
2620,NvcMt_L2_NS,NONE,0.005,0.0
2620,NvcCmt8_L2_EW,NVCCMT8_EW,0.005,0.005
2620,304Nvl_L2_NS,304NVL_NS,0.015,0.015
2620,32Nvl_L3_EW,NONE,0.006,0.0
2620,32Nvl_L1_NS,32NVL_NS,0.007,-0.012
2620,32Mt_L2_EW,NONE,0.015,0.0
2620,32Mt_L2_EW,32MT_EW,0.044,0.038
2620,NvcMt_L1_NS,NONE,0.005,0.0
2620,NvcCmt8_L1_EW,NVCCMT8_EW,0.008,0.008
2625,304Nvl_L1_NS,304NVL_NS,0.027,0.027
2625,304Nvl_L3_NS,NONE,0.015,0.0
2625,304Nvl_L1_EW,304NVL_EW,0.068,0.068
2625,304Nvl_L2_EW,304NVL_EW,0.044,0.044
2625,32Nvl_L1_EW,32NVL_EW,0.007,-0.027
2625,32Nvl_L2_EW,32NVL_EW,0.008,-0.019
2625,32Nvl_L1_EW,32NVL_EW,0.007,-0.027
2625,NvcNvl_L3_NS,NONE,0.007,0.0
2625,NvcNvl_L2_NS,NONE,0.007,0.0
2625,32Mt_L1_EW,32MT_EW,0.049,0.044
2625,NvcCmt8_L2_EW,NVCCMT8_EW,0.005,0.005
2625,304Nvl_L2_NS,304NVL_NS,0.023,0.023
2625,304Nvl_L3_EW,NONE,0.038,0.0
2625,32Nvl_L3_EW,NONE,0.006,0.0
2625,32Nvl_L1_NS,32NVL_NS,0.007,-0.012
2625,NvcNvl_L1_NS,NONE,0.009,0.0
2625,32Mt_L2_EW,32MT_EW,0.038,0.033
2625,NvcCmt8_L1_EW,NVCCMT8_EW,0.008,0.008
2630,304Nvl_L1_NS,304NVL_NS,0.018,0.018
2630,304Nvl_L3_NS,NONE,0.015,0.0
2630,304Nvl_L1_EW,304NVL_EW,0.025,0.025
2630,304Nvl_L2_EW,304NVL_EW,0.022,0.022
2630,32Nvl_L3_NS,NONE,0.042,0.0
2630,32Nvl_L2_NS,32NVL_NS,0.039,0.029
2630,NvcNvl_L2_NS,NONE,0.033,0.0
2630,NvcNvl_L1_EW,NVCNVL_EW,0.007,0.007
2630,NvcNvl_L2_EW,NVCNVL_EW,0.008,0.008
2630,32Mt_L1_EW,32MT_EW,0.056,0.056
2630,304Nvl_L2_NS,304NVL_NS,0.015,-0.012
2630,304Nvl_L3_EW,NONE,0.019,0.0
2630,32Nvl_L1_NS,32NVL_NS,0.034,0.021
2630,NvcNvl_L1_NS,NONE,0.044,0.0
2630,NvcNvl_L3_EW,NONE,0.009,0.0
2630,32Mt_L2_EW,32MT_EW,0.033,0.033
2635,304Nvl_L1_NS,304NVL_NS,0.018,0.018
2635,304Nvl_L3_NS,NONE,0.015,0.0
2635,304Nvl_L1_EW,304NVL_EW,0.008,0.008
2635,304Nvl_L2_EW,304NVL_EW,0.007,0.007
2635,304Nvl_L1_NS,NONE,0.007,0.0
2635,304Nvl_L3_NS,NONE,0.008,0.0
2635,32Nvl_L1_EW,32NVL_EW,0.007,-0.037
2635,32Nvl_L2_EW,32NVL_EW,0.008,-0.023
2635,32Nvl_L3_NS,NONE,0.042,0.0
2635,32Nvl_L2_NS,32NVL_NS,0.039,0.029
2635,NvcNvl_L3_NS,NONE,0.048,0.0
2635,NvcNvl_L2_NS,NONE,0.046,0.0
2635,NvcNvl_L1_EW,NVCNVL_EW,0.007,0.007
2635,NvcNvl_L2_EW,NVCNVL_EW,0.008,0.008
2635,32Mt_L1_EW,32MT_EW,0.063,0.058
2635,32Mt_L1_NS,NONE,0.02,0.0
2635,304Nvl_L2_NS,304NVL_NS,0.015,-0.012
2635,304Nvl_L3_EW,NONE,0.006,0.0
2635,304Nvl_L2_NS,NONE,0.007,0.0
2635,32Nvl_L3_EW,NONE,0.006,0.0
2635,32Nvl_L1_NS,32NVL_NS,0.034,0.021
2635,NvcNvl_L1_NS,NONE,0.061,0.0
2635,NvcNvl_L3_EW,NONE,0.009,0.0
2635,32Mt_L2_EW,32MT_EW,0.044,0.038
2635,32Mt_L2_NS,NONE,0.009,0.0
2635,NvcCmt8_L1_EW,NONE,0.006,0.0
2640,304Nvl_L1_NS,304NVL_NS,0.018,0.018
2640,304Nvl_L3_NS,NONE,0.015,0.0
2640,304Nvl_L1_EW,304NVL_EW,0.051,0.051
2640,304Nvl_L1_NS,NONE,0.007,0.0
2640,32Nvl_L3_NS,NONE,0.142,0.0
2640,32Nvl_L2_NS,32NVL_NS,0.134,0.124
2640,NvcNvl_L3_NS,NONE,0.014,0.0
2640,NvcNvl_L2_NS,NONE,0.013,0.0
2640,32Mt_L1_EW,NONE,0.007,0.0
2640,32Mt_L1_EW,32MT_EW,0.028,0.028
2640,32Mt_L1_NS,NONE,0.02,0.0
2640,NvcMt_L2_NS,NONE,0.032,0.0
2640,32Thn_L1_EW,NONE,0.049,0.0
2640,32Thn_L2_EW,NONE,0.051,0.0
2640,32Thn_L3_EW,NONE,0.035,0.0
2640,304Nvl_L2_NS,304NVL_NS,0.015,-0.079
2640,32Nvl_L1_NS,32NVL_NS,0.114,0.101
2640,NvcNvl_L1_NS,NONE,0.017,0.0
2640,32Mt_L2_EW,32MT_EW,0.016,0.016
2640,32Mt_L2_NS,NONE,0.009,0.0
2640,NvcMt_L1_NS,NONE,0.033,0.0
2645,304Nvl_L1_NS,304NVL_NS,0.018,0.008
2645,304Nvl_L3_NS,NONE,0.015,0.0
2645,304Nvl_L1_EW,304NVL_EW,0.025,0.025
2645,304Nvl_L2_EW,304NVL_EW,0.015,0.015
2645,304Nvl_L1_NS,NONE,0.007,0.0
2645,32Nvl_L3_NS,NONE,0.014,0.0
2645,32Nvl_L1_NS,32NVL_NS,0.014,0.001
2645,32Nvl_L3_NS,NONE,0.142,0.0
2645,32Nvl_L2_NS,32NVL_NS,0.134,0.124
2645,NvcNvl_L1_EW,NVCNVL_EW,0.035,0.013
2645,32Mt_L1_NS,32MT_NS,0.006,0.006
2645,32Mt_L1_NS,NONE,0.068,0.0
2645,NvcMt_L2_NS,NONE,0.005,0.0
2645,NvcMt_L1_EW,NVCMT_EW,0.032,0.007
2645,32Thn_L1_EW,32THN_EW,0.04,0.04
2645,304Nvl_L2_NS,304NVL_NS,0.015,-0.079
2645,304Nvl_L3_EW,NONE,0.013,0.0
2645,32Nvl_L2_NS,32NVL_NS,0.013,0.003
2645,32Nvl_L1_NS,32NVL_NS,0.121,0.108
2645,32Mt_L2_NS,NONE,0.043,0.0
2645,NvcMt_L1_NS,NONE,0.005,0.0
2645,NvcMt_L2_EW,NVCMT_EW,0.04,0.04
2650,304Nvl_L1_NS,304NVL_NS,0.027,0.008
2650,304Nvl_L3_NS,NONE,0.015,0.0
2650,32Nvl_L3_NS,NONE,0.02,0.0
2650,32Nvl_L1_NS,32NVL_NS,0.028,0.004
2650,32Nvl_L1_EW,32NVL_EW,0.035,0.035
2650,32Nvl_L2_EW,32NVL_EW,0.039,0.039
2650,32Nvl_L1_EW,32NVL_EW,0.007,0.007
2650,32Nvl_L2_EW,32NVL_EW,0.007,0.007
2650,32Nvl_L3_NS,NONE,0.142,0.0
2650,32Nvl_L2_NS,32NVL_NS,0.134,0.124
2650,NvcNvl_L3_NS,NONE,0.007,0.0
2650,NvcNvl_L2_NS,NONE,0.007,0.0
2650,NvcNvl_L1_EW,NVCNVL_EW,0.007,0.003
2650,NvcNvl_L1_NS,NVCNVL_NS,0.007,-0.013
2650,32Mt_L1_EW,NONE,0.043,0.0
2650,32Mt_L3_EW,NONE,0.009,0.0
2650,32Mt_L1_NS,NONE,0.01,0.0
2650,NvcMt_L1_EW,NVCMT_EW,0.006,0.001
2650,304Nvl_L2_NS,304NVL_NS,0.015,-0.079
2650,32Nvl_L2_NS,32NVL_NS,0.027,0.016
2650,32Nvl_L3_EW,NONE,0.006,0.0
2650,32Nvl_L3_EW,NONE,0.031,0.0
2650,32Nvl_L1_NS,32NVL_NS,0.121,0.097
2650,NvcNvl_L1_NS,NONE,0.009,0.0
2650,32Mt_L2_EW,NONE,0.008,0.0
2650,32Mt_L2_NS,NONE,0.009,0.0
2650,NvcMt_L2_EW,NVCMT_EW,0.008,0.008
2655,304Nvl_L1_NS,304NVL_NS,0.027,0.008
2655,304Nvl_L3_NS,NONE,0.015,0.0
2655,304Nvl_L1_NS,NONE,0.015,0.0
2655,32Nvl_L3_NS,NONE,0.014,0.0
2655,32Nvl_L1_NS,32NVL_NS,0.028,0.004
2655,32Nvl_L1_EW,32NVL_EW,0.042,0.038
2655,32Nvl_L2_EW,32NVL_EW,0.046,0.046
2655,32Nvl_L3_NS,NONE,0.142,0.0
2655,32Nvl_L2_NS,32NVL_NS,0.134,0.124
2655,NvcNvl_L1_EW,NVCNVL_EW,0.007,0.007
2655,NvcNvl_L1_NS,NVCNVL_NS,0.007,-0.013
2655,32Mt_L1_EW,NONE,0.043,0.0
2655,32Mt_L1_EW,32MT_EW,0.007,-0.023
2655,304Nvl_L2_NS,304NVL_NS,0.015,-0.079
2655,32Nvl_L2_NS,32NVL_NS,0.027,0.016
2655,32Nvl_L3_EW,NONE,0.038,0.0
2655,32Nvl_L1_NS,32NVL_NS,0.121,0.097
2660,304Nvl_L1_NS,304NVL_NS,0.027,0.008
2660,304Nvl_L3_NS,NONE,0.015,0.0
2660,32Nvl_L3_NS,NONE,0.014,0.0
2660,32Nvl_L1_NS,32NVL_NS,0.028,0.009
2660,32Nvl_L1_EW,32NVL_EW,0.007,0.002
2660,32Nvl_L2_EW,32NVL_EW,0.008,0.008
2660,32Nvl_L3_NS,NONE,0.15,0.0
2660,32Nvl_L2_NS,32NVL_NS,0.142,0.126
2660,NvcNvl_L3_NS,NONE,0.007,0.0
2660,NvcNvl_L2_NS,NONE,0.007,0.0
2660,NvcNvl_L1_EW,NVCNVL_EW,0.014,0.014
2660,NvcNvl_L2_EW,NVCNVL_EW,0.008,0.008
2660,32Mt_L1_EW,NONE,0.007,0.0
2660,32Mt_L1_EW,32MT_EW,0.007,0.002
2660,32Mt_L1_NS,NONE,0.01,0.0
2660,304Nvl_L2_NS,304NVL_NS,0.023,-0.077
2660,32Nvl_L2_NS,32NVL_NS,0.027,0.011
2660,32Nvl_L3_EW,NONE,0.006,0.0
2660,32Nvl_L1_NS,32NVL_NS,0.121,0.102
2660,NvcNvl_L1_NS,NONE,0.009,0.0
2660,NvcNvl_L3_EW,NONE,0.009,0.0
2665,304Nvl_L1_NS,304NVL_NS,0.027,0.008
2665,304Nvl_L3_NS,NONE,0.022,0.0
2665,304Nvl_L1_EW,304NVL_EW,0.008,0.008
2665,304Nvl_L2_EW,304NVL_EW,0.007,0.007
2665,32Nvl_L3_NS,NONE,0.014,0.0
2665,32Nvl_L1_NS,32NVL_NS,0.028,0.009
2665,32Nvl_L3_NS,NONE,0.192,0.0
2665,32Nvl_L2_NS,32NVL_NS,0.182,0.166
2665,NvcNvl_L3_NS,NONE,0.007,0.0
2665,NvcNvl_L2_NS,NONE,0.007,0.0
2665,32Mt_L1_NS,NONE,0.01,0.0
2665,304Nvl_L2_NS,304NVL_NS,0.023,-0.104
2665,304Nvl_L3_EW,NONE,0.006,0.0
2665,32Nvl_L2_NS,32NVL_NS,0.027,0.011
2665,32Nvl_L1_NS,32NVL_NS,0.188,0.169
2665,NvcNvl_L1_NS,NONE,0.009,0.0
2665,32Mt_L2_NS,NONE,0.009,0.0
2670,304Nvl_L1_NS,304NVL_NS,0.027,0.003
2670,304Nvl_L3_NS,NONE,0.022,0.0
2670,304Nvl_L1_EW,304NVL_EW,0.017,0.017
2670,304Nvl_L2_EW,304NVL_EW,0.015,0.015
2670,32Nvl_L3_NS,NONE,0.02,0.0
2670,32Nvl_L1_NS,32NVL_NS,0.035,0.016
2670,32Nvl_L3_NS,NONE,0.234,0.0
2670,32Nvl_L2_NS,32NVL_NS,0.221,0.205
2670,NvcNvl_L3_NS,NONE,0.041,0.0
2670,NvcNvl_L2_NS,NONE,0.04,0.0
2670,NvcNvl_L1_EW,NONE,0.011,0.0
2670,NvcNvl_L2_EW,NONE,0.008,0.0
2670,32Mt_L1_EW,NONE,0.007,0.0
2670,32Mt_L3_EW,NONE,0.009,0.0
2670,32Mt_L1_EW,32MT_EW,0.007,0.007
2670,32Mt_L1_NS,NONE,0.01,0.0
2670,32Thn_L1_EW,NONE,0.01,0.0
2670,32Thn_L2_EW,NONE,0.01,0.0
2670,32Thn_L3_EW,NONE,0.007,0.0
2670,304Nvl_L2_NS,304NVL_NS,0.023,-0.132
2670,304Nvl_L3_EW,NONE,0.006,0.0
2670,32Nvl_L2_NS,32NVL_NS,0.033,0.017
2670,32Nvl_L1_NS,32NVL_NS,0.221,0.202
2670,NvcNvl_L1_NS,NONE,0.052,0.0
2670,32Mt_L2_EW,NONE,0.008,0.0
2670,32Mt_L2_EW,32MT_EW,0.005,0.005
2670,32Mt_L2_NS,NONE,0.009,0.0
2675,304Nvl_L1_NS,304NVL_NS,0.027,0.003
2675,304Nvl_L3_NS,NONE,0.022,0.0
2675,304Nvl_L1_EW,304NVL_EW,0.017,0.017
2675,304Nvl_L2_EW,304NVL_EW,0.015,0.015
2675,32Nvl_L3_NS,NONE,0.014,0.0
2675,32Nvl_L1_NS,32NVL_NS,0.035,0.016
2675,32Nvl_L3_NS,NONE,0.234,0.0
2675,32Nvl_L2_NS,32NVL_NS,0.221,0.205
2675,NvcNvl_L3_NS,NONE,0.075,0.0
2675,NvcNvl_L2_NS,NONE,0.073,0.0
2675,32Mt_L1_EW,NONE,0.007,0.0
2675,32Mt_L1_NS,NONE,0.049,0.0
2675,32Thn_L1_EW,32THN_EW,0.008,0.008
2675,304Nvl_L2_NS,304NVL_NS,0.023,-0.132
2675,304Nvl_L3_EW,NONE,0.013,0.0
2675,32Nvl_L2_NS,32NVL_NS,0.033,0.017
2675,32Nvl_L1_NS,32NVL_NS,0.228,0.209
2675,NvcNvl_L1_NS,NONE,0.096,0.0
2675,32Mt_L2_NS,NONE,0.043,0.0
2680,304Nvl_L1_NS,304NVL_NS,0.027,-0.002
2680,304Nvl_L3_NS,NONE,0.022,0.0
2680,304Nvl_L1_EW,304NVL_EW,0.008,0.008
2680,32Nvl_L3_NS,NONE,0.027,0.0
2680,32Nvl_L1_NS,32NVL_NS,0.042,0.023
2680,32Nvl_L3_NS,NONE,0.275,0.0
2680,32Nvl_L2_NS,32NVL_NS,0.261,0.245
2680,NvcNvl_L3_NS,NONE,0.014,0.0
2680,NvcNvl_L2_NS,NONE,0.013,0.0
2680,NvcNvl_L1_EW,NVCNVL_EW,0.007,0.007
2680,32Mt_L1_EW,NONE,0.014,0.0
2680,32Mt_L3_EW,NONE,0.018,0.0
2680,32Mt_L1_EW,32MT_EW,0.014,0.014
2680,NvcMt_L2_EW,NVCMT_EW,0.003,0.003
2680,304Nvl_L2_NS,304NVL_NS,0.023,-0.16
2680,32Nvl_L2_NS,32NVL_NS,0.04,0.024
2680,32Nvl_L1_NS,32NVL_NS,0.221,0.202
2680,NvcNvl_L1_NS,NONE,0.017,0.0
2680,32Mt_L2_EW,NONE,0.015,0.0
2680,32Mt_L2_EW,32MT_EW,0.011,0.011
2680,NvcMt_L1_EW,NVCMT_EW,0.006,0.001
2685,304Nvl_L1_NS,304NVL_NS,0.027,-0.002
2685,304Nvl_L3_NS,NONE,0.022,0.0
2685,304Nvl_L1_EW,304NVL_EW,0.025,0.025
2685,304Nvl_L2_EW,304NVL_EW,0.015,0.015
2685,32Nvl_L3_NS,NONE,0.02,0.0
2685,32Nvl_L1_NS,32NVL_NS,0.042,0.023
2685,32Nvl_L3_NS,NONE,0.275,0.0
2685,32Nvl_L2_NS,32NVL_NS,0.261,0.245
2685,32Mt_L1_NS,32MT_NS,0.031,0.031
2685,32Mt_L1_NS,NONE,0.02,0.0
2685,304Nvl_L2_NS,304NVL_NS,0.023,-0.16
2685,304Nvl_L3_EW,NONE,0.006,0.0
2685,32Nvl_L2_NS,32NVL_NS,0.04,0.024
2685,32Nvl_L1_NS,32NVL_NS,0.221,0.202
2685,32Mt_L2_NS,NONE,0.017,0.0
2690,304Nvl_L1_NS,304NVL_NS,0.027,-0.002
2690,304Nvl_L3_NS,NONE,0.022,0.0
2690,304Nvl_L1_EW,304NVL_EW,0.008,0.008
2690,304Nvl_L2_EW,304NVL_EW,0.007,0.007
2690,32Nvl_L3_NS,NONE,0.027,0.0
2690,32Nvl_L1_NS,32NVL_NS,0.042,0.023
2690,32Nvl_L3_NS,NONE,0.275,0.0
2690,32Nvl_L2_NS,32NVL_NS,0.261,0.245
2690,NvcNvl_L1_EW,NONE,0.011,0.0
2690,NvcNvl_L2_EW,NONE,0.008,0.0
2690,NvcNvl_L1_EW,NVCNVL_EW,0.035,0.035
2690,NvcNvl_L2_EW,NVCNVL_EW,0.039,0.039
2690,32Mt_L1_NS,32MT_NS,0.031,0.031
2690,32Mt_L1_EW,NONE,0.014,0.0
2690,32Mt_L3_EW,NONE,0.009,0.0
2690,32Mt_L1_EW,32MT_EW,0.014,0.014
2690,304Nvl_L2_NS,304NVL_NS,0.023,-0.16
2690,304Nvl_L3_EW,NONE,0.006,0.0
2690,32Nvl_L2_NS,32NVL_NS,0.04,0.024
2690,32Nvl_L1_NS,32NVL_NS,0.221,0.202
2690,NvcNvl_L3_EW,NONE,0.047,0.0
2690,32Mt_L2_EW,NONE,0.008,0.0
2690,32Mt_L2_EW,32MT_EW,0.005,0.005
2695,304Nvl_L1_EW,304NVL_EW,0.008,0.008
2695,32Nvl_L3_NS,NONE,0.007,0.0
2695,32Nvl_L1_NS,32NVL_NS,0.007,0.007
2695,32Nvl_L3_NS,NONE,0.134,0.0
2695,32Nvl_L2_NS,32NVL_NS,0.221,0.221
2695,NvcNvl_L1_EW,NVCNVL_EW,0.035,0.031
2695,NvcNvl_L2_EW,NVCNVL_EW,0.039,0.039
2695,32Mt_L1_NS,32MT_NS,0.031,0.031
2695,32Mt_L1_EW,32MT_EW,0.007,0.007
2695,32Mt_L1_NS,NONE,0.01,0.0
2695,NvcMt_L1_EW,NVCMT_EW,0.006,-0.018
2695,32Nvl_L2_NS,32NVL_NS,0.007,0.007
2695,32Nvl_L1_NS,32NVL_NS,0.107,0.107
2695,NvcNvl_L3_EW,NONE,0.047,0.0
2695,32Mt_L2_EW,32MT_EW,0.005,0.005
2695,32Mt_L2_NS,NONE,0.009,0.0
2695,NvcMt_L2_EW,NVCMT_EW,0.008,-0.019
2700,304Nvl_L1_EW,304NVL_EW,0.008,0.008
2700,32Nvl_L1_EW,32NVL_EW,0.007,0.002
2700,32Nvl_L2_EW,32NVL_EW,0.008,0.008
2700,32Nvl_L3_NS,NONE,0.083,0.0
2700,32Nvl_L2_NS,32NVL_NS,0.079,0.079
2700,NvcNvl_L1_EW,NVCNVL_EW,0.042,0.038
2700,NvcNvl_L2_EW,NVCNVL_EW,0.047,0.047
2700,32Mt_L1_EW,NONE,0.007,0.0
2700,32Mt_L3_EW,NONE,0.009,0.0
2700,32Mt_L1_EW,32MT_EW,0.007,0.002
2700,32Mt_L1_NS,NONE,0.01,0.0
2700,NvcMt_L2_NS,NONE,0.026,0.0
2700,NvcMt_L1_EW,NVCMT_EW,0.006,-0.023
2700,32Nvl_L3_EW,NONE,0.006,0.0
2700,32Nvl_L1_NS,32NVL_NS,0.067,0.067
2700,NvcNvl_L3_EW,NONE,0.056,0.0
2700,32Mt_L2_EW,NONE,0.008,0.0
2700,32Mt_L2_NS,NONE,0.009,0.0
2700,NvcMt_L1_NS,NONE,0.027,0.0
2700,NvcMt_L2_EW,NVCMT_EW,0.008,-0.025
2705,304Nvl_L1_NS,304NVL_NS,0.009,0.009
2705,304Nvl_L3_NS,NONE,0.007,0.0
2705,304Nvl_L1_EW,304NVL_EW,0.017,0.017
2705,304Nvl_L1_EW,NONE,0.008,0.0
2705,304Nvl_L1_NS,NONE,0.007,0.0
2705,32Nvl_L1_EW,32NVL_EW,0.021,0.011
2705,32Nvl_L2_EW,32NVL_EW,0.023,0.019
2705,32Nvl_L3_NS,NONE,0.083,0.0
2705,32Nvl_L2_NS,32NVL_NS,0.079,0.074
2705,NvcNvl_L1_EW,NVCNVL_EW,0.049,0.045
2705,NvcNvl_L2_EW,NVCNVL_EW,0.055,0.055
2705,32Mt_L1_NS,32MT_NS,0.006,0.006
2705,32Mt_L1_EW,NONE,0.007,0.0
2705,32Mt_L3_EW,NONE,0.009,0.0
2705,32Mt_L1_EW,32MT_EW,0.014,-0.001
2705,NvcMt_L1_EW,NVCMT_EW,0.006,-0.034
2705,NvcCmt8_L2_EW,NVCCMT8_EW,0.005,0.005
2705,304Nvl_L2_NS,304NVL_NS,0.008,-0.048
2705,32Nvl_L3_EW,NONE,0.019,0.0
2705,32Nvl_L1_NS,32NVL_NS,0.081,0.074
2705,NvcNvl_L3_EW,NONE,0.065,0.0
2705,32Mt_L2_EW,NONE,0.008,0.0
2705,32Mt_L2_EW,32MT_EW,0.005,-0.011
2705,NvcMt_L2_EW,NVCMT_EW,0.008,-0.034
2705,NvcCmt8_L1_EW,NVCCMT8_EW,0.008,0.003
2710,304Nvl_L1_NS,304NVL_NS,0.009,0.009
2710,304Nvl_L3_NS,NONE,0.007,0.0
2710,304Nvl_L1_EW,304NVL_EW,0.008,0.008
2710,32Nvl_L1_EW,32NVL_EW,0.007,-0.003
2710,32Nvl_L2_EW,32NVL_EW,0.008,0.004
2710,32Nvl_L3_NS,NONE,0.042,0.0
2710,32Nvl_L2_NS,32NVL_NS,0.039,0.034
2710,NvcNvl_L3_NS,NONE,0.007,0.0
2710,NvcNvl_L2_NS,NONE,0.007,0.0
2710,NvcNvl_L1_EW,NVCNVL_EW,0.049,0.049
2710,NvcNvl_L2_EW,NVCNVL_EW,0.055,0.055
2710,32Mt_L1_NS,32MT_NS,0.006,0.006
2710,32Mt_L1_EW,NONE,0.007,0.0
2710,32Mt_L3_EW,NONE,0.009,0.0
2710,32Mt_L1_EW,32MT_EW,0.014,0.009
2710,32Mt_L1_NS,NONE,0.01,0.0
2710,NvcCmt8_L2_EW,NVCCMT8_EW,0.005,0.005
2710,304Nvl_L2_NS,304NVL_NS,0.008,-0.02
2710,32Nvl_L3_EW,NONE,0.006,0.0
2710,32Nvl_L1_NS,32NVL_NS,0.04,0.034
2710,NvcNvl_L1_NS,NONE,0.009,0.0
2710,NvcNvl_L3_EW,NONE,0.065,0.0
2710,32Mt_L2_EW,NONE,0.008,0.0
2710,32Mt_L2_EW,32MT_EW,0.005,0.0
2710,32Mt_L2_NS,NONE,0.009,0.0
2710,NvcCmt8_L1_EW,NVCCMT8_EW,0.008,0.008
2715,304Nvl_L1_NS,304NVL_NS,0.009,-0.015
2715,304Nvl_L3_NS,NONE,0.007,0.0
2715,32Nvl_L1_NS,32NVL_NS,0.035,0.028
2715,32Nvl_L1_EW,32NVL_EW,0.007,0.002
2715,32Nvl_L2_EW,32NVL_EW,0.008,0.008
2715,32Nvl_L3_NS,NONE,0.008,0.0
2715,32Nvl_L2_NS,32NVL_NS,0.008,0.003
2715,NvcNvl_L1_EW,NVCNVL_EW,0.056,0.056
2715,NvcNvl_L2_EW,NVCNVL_EW,0.062,0.062
2715,32Mt_L1_EW,NONE,0.007,0.0
2715,32Mt_L1_EW,32MT_EW,0.007,0.002
2715,NvcCmt8_L2_EW,NVCCMT8_EW,0.005,0.005
2715,304Nvl_L2_NS,304NVL_NS,0.008,0.002
2715,32Nvl_L3_EW,NONE,0.006,0.0
2715,32Nvl_L1_NS,32NVL_NS,0.013,0.007
2715,NvcNvl_L3_EW,NONE,0.074,0.0
2715,NvcCmt8_L1_EW,NVCCMT8_EW,0.008,0.008
2720,304Nvl_L1_NS,304NVL_NS,0.009,-0.015
2720,304Nvl_L3_NS,NONE,0.007,0.0
2720,304Nvl_L1_EW,304NVL_EW,0.119,0.119
2720,304Nvl_L2_EW,304NVL_EW,0.102,0.102
2720,32Nvl_L1_NS,32NVL_NS,0.035,0.028
2720,32Nvl_L1_EW,32NVL_EW,0.007,0.002
2720,32Nvl_L2_EW,32NVL_EW,0.008,0.004
2720,32Nvl_L3_NS,NONE,0.008,0.0
2720,32Nvl_L2_NS,32NVL_NS,0.008,0.003
2720,NvcNvl_L3_NS,NONE,0.041,0.0
2720,NvcNvl_L2_NS,NONE,0.04,0.0
2720,NvcNvl_L1_EW,NONE,0.011,0.0
2720,NvcNvl_L2_EW,NONE,0.008,0.0
2720,NvcNvl_L1_EW,NVCNVL_EW,0.063,0.063
2720,NvcNvl_L2_EW,NVCNVL_EW,0.062,0.062
2720,32Mt_L1_EW,NONE,0.007,0.0
2720,32Mt_L3_EW,NONE,0.009,0.0
2720,32Mt_L1_EW,32MT_EW,0.007,0.002
2720,32Mt_L1_NS,NONE,0.01,0.0
2720,304Nvl_L2_NS,304NVL_NS,0.008,0.002
2720,304Nvl_L3_EW,NONE,0.089,0.0
2720,32Nvl_L3_EW,NONE,0.006,0.0
2720,32Nvl_L1_NS,32NVL_NS,0.007,0.0
2720,NvcNvl_L1_NS,NONE,0.052,0.0
2720,NvcNvl_L3_EW,NONE,0.006,0.0
2720,NvcNvl_L3_EW,NONE,0.074,0.0
2720,32Mt_L2_EW,NONE,0.008,0.0
2720,32Mt_L2_EW,32MT_EW,0.005,0.0
2720,32Mt_L2_NS,NONE,0.009,0.0
2725,304Nvl_L1_NS,304NVL_NS,0.009,-0.02
2725,304Nvl_L3_NS,NONE,0.007,0.0
2725,304Nvl_L1_EW,304NVL_EW,0.11,0.11
2725,304Nvl_L2_EW,304NVL_EW,0.094,0.094
2725,32Nvl_L1_NS,32NVL_NS,0.042,0.035
2725,32Nvl_L1_EW,32NVL_EW,0.007,0.002
2725,32Nvl_L2_EW,32NVL_EW,0.008,0.004
2725,NvcNvl_L3_NS,NONE,0.007,0.0
2725,NvcNvl_L2_NS,NONE,0.007,0.0
2725,NvcNvl_L1_EW,NVCNVL_EW,0.07,0.07
2725,NvcNvl_L2_EW,NVCNVL_EW,0.07,0.068
2725,32Mt_L1_EW,NONE,0.022,0.0
2725,32Mt_L3_EW,NONE,0.027,0.0
2725,32Mt_L1_EW,32MT_EW,0.007,0.002
2725,32Mt_L1_NS,NONE,0.01,0.0
2725,NvcMt_L2_EW,NVCMT_EW,0.003,-0.047
2725,304Nvl_L2_NS,304NVL_NS,0.008,0.008
2725,304Nvl_L3_EW,NONE,0.082,0.0
2725,32Nvl_L3_EW,NONE,0.006,0.0
2725,NvcNvl_L1_NS,NONE,0.009,0.0
2725,NvcNvl_L3_EW,NONE,0.084,0.0
2725,32Mt_L2_EW,NONE,0.023,0.0
2725,32Mt_L2_EW,32MT_EW,0.005,0.0
2725,NvcMt_L1_EW,NVCMT_EW,0.006,-0.044
2725,NvcCmt8_L1_EW,NONE,0.006,0.0
2730,304Thn_L1_EW,304THN_EW,0.041,0.035
2730,304Thn_L3_EW,NONE,0.039,0.0
2730,304Nvl_L1_NS,304NVL_NS,0.018,0.008
2730,304Nvl_L3_NS,NONE,0.015,0.0
2730,304Nvl_L1_EW,304NVL_EW,0.008,-0.02
2730,304Nvl_L2_EW,304NVL_EW,0.007,-0.019
2730,304Nvl_L1_NS,NONE,0.007,0.0
2730,32Nvl_L3_NS,NONE,0.007,0.0
2730,32Nvl_L1_NS,32NVL_NS,0.014,0.001
2730,32Nvl_L1_EW,32NVL_EW,0.007,-0.003
2730,32Nvl_L2_EW,32NVL_EW,0.008,0.002
2730,32Nvl_L3_NS,NONE,0.008,0.0
2730,32Nvl_L2_NS,32NVL_NS,0.008,-0.003
2730,NvcNvl_L3_NS,NONE,0.007,0.0
2730,NvcNvl_L2_NS,NONE,0.007,0.0
2730,NvcNvl_L1_EW,NONE,0.011,0.0
2730,NvcNvl_L2_EW,NONE,0.008,0.0
2730,NvcNvl_L1_EW,NVCNVL_EW,0.07,0.07
2730,NvcNvl_L2_EW,NVCNVL_EW,0.07,0.068
2730,32Mt_L1_EW,32MT_EW,0.007,0.002
2730,32Mt_L1_NS,NONE,0.01,0.0
2730,NvcMt_L2_EW,NVCMT_EW,0.003,-0.047
2730,NvcCmt8_L2_NS,NONE,0.011,0.0
2730,32Thn_L1_EW,32THN_EW,0.008,0.003
2730,32Thn_L2_EW,32THN_EW,0.008,0.003
2730,NvcCmt8_L1_NS,NONE,0.008,0.0
2730,32Thn_L3_EW,NONE,0.008,0.0
2730,304Nvl_L2_NS,304NVL_NS,0.015,0.01
2730,304Nvl_L3_EW,NONE,0.006,0.0
2730,32Nvl_L2_NS,32NVL_NS,0.007,-0.004
2730,32Nvl_L3_EW,NONE,0.006,0.0
2730,32Nvl_L1_NS,32NVL_NS,0.007,-0.006
2730,NvcNvl_L1_NS,NONE,0.009,0.0
2730,NvcNvl_L3_EW,NONE,0.006,0.0
2730,NvcNvl_L3_EW,NONE,0.084,0.0
2730,NvcMt_L1_EW,NVCMT_EW,0.006,-0.044
2730,304Thn_L2_EW,304THN_EW,0.037,0.032
2735,304Thn_L1_EW,304THN_EW,0.041,0.012
2735,304Thn_L3_EW,NONE,0.039,0.0
2735,304Nvl_L1_NS,304NVL_NS,0.018,0.013
2735,304Nvl_L3_NS,NONE,0.015,0.0
2735,304Nvl_L1_EW,304NVL_EW,0.042,0.013
2735,304Nvl_L2_EW,304NVL_EW,0.036,0.01
2735,32Nvl_L3_NS,NONE,0.007,0.0
2735,32Nvl_L1_NS,32NVL_NS,0.007,-0.006
2735,32Nvl_L1_EW,32NVL_EW,0.007,-0.033
2735,32Nvl_L2_EW,32NVL_EW,0.008,-0.021
2735,32Nvl_L3_NS,NONE,0.008,0.0
2735,32Nvl_L2_NS,32NVL_NS,0.008,-0.003
2735,NvcNvl_L3_NS,NONE,0.007,0.0
2735,NvcNvl_L2_NS,NONE,0.007,0.0
2735,NvcNvl_L1_EW,NONE,0.032,0.0
2735,NvcNvl_L2_EW,NONE,0.023,0.0
2735,NvcNvl_L1_EW,NVCNVL_EW,0.092,0.092
2735,NvcNvl_L2_EW,NVCNVL_EW,0.062,0.061
2735,32Mt_L1_EW,NONE,0.007,0.0
2735,32Mt_L3_EW,NONE,0.009,0.0
2735,32Mt_L1_EW,32MT_EW,0.049,0.044
2735,32Mt_L1_NS,NONE,0.01,0.0
2735,NvcMt_L2_EW,NVCMT_EW,0.003,-0.041
2735,NvcMt_L1_NS,NVCMT_NS,0.007,0.007
2735,32Thn_L1_EW,32THN_EW,0.008,0.003
2735,32Thn_L2_EW,32THN_EW,0.008,0.003
2735,32Thn_L3_EW,NONE,0.008,0.0
2735,304Nvl_L2_NS,304NVL_NS,0.015,0.01
2735,304Nvl_L3_EW,NONE,0.032,0.0
2735,32Nvl_L2_NS,32NVL_NS,0.007,-0.004
2735,32Nvl_L3_EW,NONE,0.006,0.0
2735,32Nvl_L1_NS,32NVL_NS,0.007,-0.006
2735,NvcNvl_L1_NS,NONE,0.009,0.0
2735,NvcNvl_L3_EW,NONE,0.013,0.0
2735,NvcNvl_L3_EW,NONE,0.074,0.0
2735,32Mt_L2_EW,NONE,0.008,0.0
2735,32Mt_L2_EW,32MT_EW,0.033,0.027
2735,NvcMt_L1_EW,NVCMT_EW,0.006,-0.058
2735,NvcMt_L2_NS,NVCMT_NS,0.005,0.005
2735,304Thn_L2_EW,304THN_EW,0.037,0.012
2740,304Thn_L1_EW,304THN_EW,0.041,0.035
2740,304Thn_L3_EW,NONE,0.039,0.0
2740,304Nvl_L1_NS,304NVL_NS,0.018,0.018
2740,304Nvl_L3_NS,NONE,0.015,0.0
2740,304Nvl_L1_EW,304NVL_EW,0.008,-0.02
2740,304Nvl_L2_EW,304NVL_EW,0.007,-0.019
2740,304Nvl_L1_NS,NONE,0.088,0.0
2740,32Nvl_L1_EW,32NVL_EW,0.007,-0.028
2740,32Nvl_L2_EW,32NVL_EW,0.008,-0.021
2740,NvcNvl_L1_EW,NVCNVL_EW,0.092,0.092
2740,NvcNvl_L2_EW,NVCNVL_EW,0.062,0.062
2740,NvcNvl_L1_NS,NVCNVL_NS,0.007,0.007
2740,32Mt_L1_EW,32MT_EW,0.042,0.037
2740,32Thn_L1_EW,32THN_EW,0.008,0.003
2740,32Thn_L2_EW,32THN_EW,0.008,0.003
2740,32Thn_L3_EW,NONE,0.008,0.0
2740,304Nvl_L2_NS,304NVL_NS,0.015,0.015
2740,304Nvl_L3_EW,NONE,0.006,0.0
2740,32Nvl_L3_EW,NONE,0.006,0.0
2740,NvcNvl_L3_EW,NONE,0.074,0.0
2740,32Mt_L2_EW,32MT_EW,0.033,0.027
2740,304Thn_L2_EW,304THN_EW,0.037,0.032
2745,304Thn_L1_EW,304THN_EW,0.05,0.05
2745,304Thn_L3_EW,NONE,0.046,0.0
2745,304Nvl_L1_NS,304NVL_NS,0.018,0.013
2745,304Nvl_L3_NS,NONE,0.015,0.0
2745,304Nvl_L1_NS,NONE,0.124,0.0
2745,304Nvl_L3_NS,NONE,0.04,0.0
2745,32Nvl_L1_NS,32NVL_NS,0.007,-0.01
2745,32Nvl_L1_EW,32NVL_EW,0.007,0.002
2745,32Nvl_L2_EW,32NVL_EW,0.008,0.004
2745,NvcNvl_L1_EW,NVCNVL_EW,0.084,0.084
2745,NvcNvl_L2_EW,NVCNVL_EW,0.055,0.055
2745,NvcNvl_L1_NS,NVCNVL_NS,0.007,0.002
2745,32Mt_L1_NS,32MT_NS,0.006,0.006
2745,32Mt_L1_EW,NONE,0.007,0.0
2745,32Mt_L3_EW,NONE,0.009,0.0
2745,32Mt_L1_EW,32MT_EW,0.007,0.002
2745,32Mt_L1_NS,NONE,0.049,0.0
2745,32Thn_L1_EW,NONE,0.01,0.0
2745,304Nvl_L2_NS,304NVL_NS,0.015,0.015
2745,304Nvl_L2_NS,NONE,0.037,0.0
2745,32Nvl_L3_EW,NONE,0.006,0.0
2745,NvcNvl_L3_EW,NONE,0.065,0.0
2745,32Mt_L2_EW,NONE,0.008,0.0
2745,32Mt_L2_EW,32MT_EW,0.005,0.0
2745,304Thn_L2_EW,304THN_EW,0.044,0.044
2750,304Thn_L1_EW,304THN_EW,0.017,0.005
2750,304Thn_L3_EW,NONE,0.015,0.0
2750,304Nvl_L1_NS,304NVL_NS,0.018,0.018
2750,304Nvl_L3_NS,NONE,0.015,0.0
2750,304Nvl_L1_EW,304NVL_EW,0.017,0.005
2750,304Nvl_L2_EW,304NVL_EW,0.015,0.004
2750,32Nvl_L1_EW,32NVL_EW,0.007,0.007
2750,32Nvl_L2_EW,32NVL_EW,0.008,0.008
2750,32Nvl_L3_NS,NONE,0.008,0.0
2750,32Nvl_L2_NS,32NVL_NS,0.008,-0.003
2750,NvcNvl_L1_EW,NVCNVL_EW,0.035,0.035
2750,32Mt_L1_NS,32MT_NS,0.013,0.013
2750,32Mt_L1_EW,NONE,0.007,0.0
2750,32Mt_L3_EW,NONE,0.009,0.0
2750,32Mt_L1_NS,NONE,0.059,0.0
2750,32Thn_L1_EW,NONE,0.01,0.0
2750,304Nvl_L2_NS,304NVL_NS,0.015,0.01
2750,304Nvl_L3_EW,NONE,0.013,0.0
2750,32Nvl_L3_EW,NONE,0.006,0.0
2750,32Nvl_L1_NS,32NVL_NS,0.007,-0.006
2750,32Mt_L2_NS,32MT_NS,0.006,0.006
2750,32Mt_L2_EW,NONE,0.008,0.0
2750,32Mt_L2_NS,NONE,0.009,0.0
2750,304Thn_L2_EW,304THN_EW,0.015,0.005
2755,304Thn_L1_EW,NONE,0.034,0.0
2755,304Nvl_L1_NS,304NVL_NS,0.018,0.013
2755,304Nvl_L3_NS,NONE,0.015,0.0
2755,304Nvl_L1_EW,304NVL_EW,0.051,0.051
2755,304Nvl_L2_EW,304NVL_EW,0.007,0.007
2755,304Nvl_L1_NS,NONE,0.044,0.0
2755,304Nvl_L3_NS,NONE,0.048,0.0
2755,32Nvl_L3_NS,NONE,0.007,0.0
2755,32Nvl_L1_NS,32NVL_NS,0.007,-0.006
2755,32Nvl_L1_EW,32NVL_EW,0.007,0.002
2755,32Nvl_L2_EW,32NVL_EW,0.008,0.004
2755,32Nvl_L3_NS,NONE,0.008,0.0
2755,32Nvl_L2_NS,32NVL_NS,0.008,-0.003
2755,NvcNvl_L3_NS,NONE,0.007,0.0
2755,NvcNvl_L2_NS,NONE,0.007,0.0
2755,NvcNvl_L1_EW,NONE,0.011,0.0
2755,NvcNvl_L2_EW,NONE,0.008,0.0
2755,32Mt_L1_NS,32MT_NS,0.013,0.013
2755,32Mt_L1_EW,32MT_EW,0.007,0.002
2755,NvcMt_L2_NS,NONE,0.005,0.0
2755,304Nvl_L2_NS,304NVL_NS,0.015,0.01
2755,304Nvl_L2_NS,NONE,0.044,0.0
2755,32Nvl_L2_NS,32NVL_NS,0.007,-0.004
2755,32Nvl_L3_EW,NONE,0.006,0.0
2755,32Nvl_L1_NS,32NVL_NS,0.007,-0.006
2755,NvcNvl_L1_NS,NONE,0.009,0.0
2755,32Mt_L2_NS,32MT_NS,0.006,0.006
2755,32Mt_L2_EW,32MT_EW,0.005,0.0
2755,NvcMt_L1_NS,NONE,0.005,0.0
2760,304Thn_L1_EW,NONE,0.007,0.0
2760,304Thn_L2_EW,NONE,0.008,0.0
2760,304Nvl_L1_NS,304NVL_NS,0.018,0.013
2760,304Nvl_L3_NS,NONE,0.015,0.0
2760,304Nvl_L1_EW,NONE,0.008,0.0
2760,304Nvl_L1_NS,NONE,0.022,0.0
2760,304Nvl_L3_NS,NONE,0.016,0.0
2760,32Nvl_L1_NS,32NVL_NS,0.007,-0.006
2760,32Nvl_L1_EW,32NVL_EW,0.007,0.007
2760,32Nvl_L2_EW,32NVL_EW,0.008,0.008
2760,32Nvl_L3_NS,NONE,0.008,0.0
2760,32Nvl_L2_NS,32NVL_NS,0.008,-0.003
2760,NvcNvl_L3_NS,NONE,0.007,0.0
2760,NvcNvl_L2_NS,NONE,0.007,0.0
2760,NvcNvl_L1_EW,NONE,0.011,0.0
2760,NvcNvl_L2_EW,NONE,0.008,0.0
2760,32Mt_L1_NS,32MT_NS,0.013,0.013
2760,32Mt_L1_NS,NONE,0.01,0.0
2760,NvcMt_L2_NS,NONE,0.005,0.0
2760,304Nvl_L2_NS,304NVL_NS,0.015,0.01
2760,304Nvl_L2_NS,NONE,0.015,0.0
2760,32Nvl_L3_EW,NONE,0.006,0.0
2760,32Nvl_L1_NS,32NVL_NS,0.007,-0.006
2760,NvcNvl_L1_NS,NONE,0.009,0.0
2760,32Mt_L2_NS,32MT_NS,0.006,0.006
2760,NvcMt_L1_NS,NONE,0.005,0.0
2760,304Thn_L3_EW,NONE,0.008,0.0
2765,304Nvl_L1_NS,304NVL_NS,0.018,0.018
2765,304Nvl_L3_NS,NONE,0.015,0.0
2765,304Nvl_L1_EW,304NVL_EW,0.051,0.051
2765,304Nvl_L2_EW,304NVL_EW,0.007,0.007
2765,304Nvl_L1_EW,NONE,0.008,0.0
2765,304Nvl_L1_NS,NONE,0.007,0.0
2765,304Nvl_L3_NS,NONE,0.008,0.0
2765,32Nvl_L1_EW,32NVL_EW,0.014,0.014
2765,32Nvl_L2_EW,32NVL_EW,0.015,0.015
2765,32Nvl_L3_NS,NONE,0.008,0.0
2765,32Nvl_L2_NS,32NVL_NS,0.008,-0.003
2765,NvcNvl_L3_NS,NONE,0.007,0.0
2765,NvcNvl_L2_NS,NONE,0.007,0.0
2765,32Mt_L1_NS,32MT_NS,0.013,0.013
2765,32Mt_L1_NS,NONE,0.02,0.0
2765,304Nvl_L2_NS,304NVL_NS,0.015,0.01
2765,304Nvl_L3_EW,NONE,0.006,0.0
2765,304Nvl_L2_NS,NONE,0.007,0.0
2765,32Nvl_L3_EW,NONE,0.013,0.0
2765,32Nvl_L1_NS,32NVL_NS,0.013,0.001
2765,NvcNvl_L1_NS,NONE,0.009,0.0
2765,32Mt_L2_NS,32MT_NS,0.006,0.006
2765,32Mt_L2_NS,NONE,0.009,0.0
2770,304Thn_L1_EW,304THN_EW,0.008,-0.004
2770,304Nvl_L1_NS,304NVL_NS,0.018,0.013
2770,304Nvl_L3_NS,NONE,0.015,0.0
2770,304Nvl_L1_EW,304NVL_EW,0.017,0.011
2770,32Nvl_L3_NS,NONE,0.007,0.0
2770,32Nvl_L1_NS,32NVL_NS,0.007,-0.006
2770,32Nvl_L1_EW,32NVL_EW,0.014,0.014
2770,32Nvl_L2_EW,32NVL_EW,0.015,0.015
2770,NvcNvl_L1_EW,NVCNVL_EW,0.014,0.014
2770,NvcMt_L1_NS,NVCMT_NS,0.007,0.007
2770,304Nvl_L2_NS,304NVL_NS,0.015,0.015
2770,32Nvl_L2_NS,32NVL_NS,0.007,-0.004
2770,32Nvl_L3_EW,NONE,0.013,0.0
2770,NvcMt_L2_NS,NVCMT_NS,0.005,0.005
2775,304Nvl_L1_NS,304NVL_NS,0.018,-0.006
2775,304Nvl_L3_NS,NONE,0.015,0.0
2775,304Nvl_L1_EW,304NVL_EW,0.008,0.008
2775,304Nvl_L1_NS,NONE,0.007,0.0
2775,32Nvl_L1_NS,32NVL_NS,0.035,0.022
2775,32Nvl_L1_EW,32NVL_EW,0.007,0.007
2775,32Nvl_L2_EW,32NVL_EW,0.008,0.008
2775,NvcNvl_L3_NS,NONE,0.007,0.0
2775,NvcNvl_L2_NS,NONE,0.007,0.0
2775,32Mt_L1_NS,32MT_NS,0.006,0.001
2775,32Mt_L1_EW,NONE,0.007,0.0
2775,32Mt_L3_EW,NONE,0.009,0.0
2775,NvcMt_L1_NS,NVCMT_NS,0.007,0.002
2775,304Nvl_L2_NS,304NVL_NS,0.015,0.015
2775,32Nvl_L2_NS,32NVL_NS,0.033,0.023
2775,32Nvl_L3_EW,NONE,0.006,0.0
2775,32Nvl_L1_NS,32NVL_NS,0.007,-0.006
2775,NvcNvl_L1_NS,NONE,0.009,0.0
2775,32Mt_L2_EW,NONE,0.008,0.0
2775,NvcMt_L2_NS,NVCMT_NS,0.005,0.005
2780,304Nvl_L1_NS,304NVL_NS,0.018,0.018
2780,304Nvl_L3_NS,NONE,0.015,0.0
2780,32Nvl_L1_EW,32NVL_EW,0.007,0.007
2780,32Nvl_L2_EW,32NVL_EW,0.008,0.008
2780,NvcNvl_L3_NS,NONE,0.007,0.0
2780,NvcNvl_L2_NS,NONE,0.007,0.0
2780,32Mt_L1_NS,32MT_NS,0.006,0.001
2780,32Mt_L1_EW,NONE,0.007,0.0
2780,NvcMt_L2_NS,NONE,0.011,0.0
2780,NvcMt_L1_EW,NVCMT_EW,0.076,0.076
2780,NvcMt_L1_NS,NVCMT_NS,0.007,0.002
2780,304Nvl_L2_NS,304NVL_NS,0.015,0.015
2780,32Nvl_L3_EW,NONE,0.006,0.0
2780,32Nvl_L1_NS,32NVL_NS,0.007,-0.006
2780,NvcNvl_L1_NS,NONE,0.009,0.0
2780,NvcMt_L1_NS,NONE,0.011,0.0
2780,NvcMt_L2_EW,NVCMT_EW,0.095,0.095
2780,NvcMt_L2_NS,NVCMT_NS,0.005,0.005
2785,304Nvl_L1_NS,304NVL_NS,0.018,0.018
2785,304Nvl_L3_NS,NONE,0.015,0.0
2785,304Nvl_L1_NS,NONE,0.007,0.0
2785,304Nvl_L3_NS,NONE,0.008,0.0
2785,32Nvl_L1_EW,32NVL_EW,0.042,0.038
2785,32Nvl_L2_EW,32NVL_EW,0.046,0.043
2785,32Mt_L1_EW,32MT_EW,0.007,-0.023
2785,NvcMt_L2_NS,NONE,0.005,0.0
2785,NvcMt_L1_EW,NVCMT_EW,0.076,0.076
2785,NvcMt_L1_NS,NVCMT_NS,0.007,0.007
2785,304Nvl_L2_NS,304NVL_NS,0.015,0.015
2785,304Nvl_L2_NS,NONE,0.007,0.0
2785,32Nvl_L3_EW,NONE,0.038,0.0
2785,32Mt_L2_EW,32MT_EW,0.005,-0.027
2785,NvcMt_L1_NS,NONE,0.005,0.0
2785,NvcMt_L2_EW,NVCMT_EW,0.095,0.095
2785,NvcMt_L2_NS,NVCMT_NS,0.005,0.005
2790,304Nvl_L1_NS,304NVL_NS,0.018,-0.045
2790,304Nvl_L3_NS,NONE,0.015,0.0
2790,304Nvl_L1_EW,304NVL_EW,0.102,0.102
2790,304Nvl_L2_EW,304NVL_EW,0.087,0.087
2790,32Nvl_L3_NS,NONE,0.089,0.0
2790,32Nvl_L1_NS,32NVL_NS,0.09,0.077
2790,32Nvl_L1_EW,32NVL_EW,0.085,0.08
2790,32Nvl_L2_EW,32NVL_EW,0.093,0.089
2790,NvcNvl_L1_EW,NVCNVL_EW,0.007,0.007
2790,32Mt_L1_EW,NONE,0.007,0.0
2790,32Mt_L3_EW,NONE,0.009,0.0
2790,32Mt_L1_EW,32MT_EW,0.007,-0.052
2790,NvcMt_L1_NS,NVCMT_NS,0.007,0.007
2790,304Nvl_L2_NS,304NVL_NS,0.015,0.015
2790,304Nvl_L3_EW,NONE,0.076,0.0
2790,32Nvl_L2_NS,32NVL_NS,0.087,0.076
2790,32Nvl_L3_EW,NONE,0.075,0.0
2790,32Mt_L2_EW,NONE,0.008,0.0
2790,32Mt_L2_EW,32MT_EW,0.005,-0.059
2790,NvcMt_L2_NS,NVCMT_NS,0.005,0.005
2795,304Nvl_L1_NS,304NVL_NS,0.018,-0.04
2795,304Nvl_L3_NS,NONE,0.015,0.0
2795,304Nvl_L1_EW,304NVL_EW,0.025,0.025
2795,304Nvl_L2_EW,304NVL_EW,0.015,0.015
2795,32Nvl_L1_NS,32NVL_NS,0.083,0.07
2795,32Nvl_L1_EW,32NVL_EW,0.021,0.021
2795,32Nvl_L2_EW,32NVL_EW,0.023,0.023
2795,32Mt_L1_NS,NONE,0.049,0.0
2795,NvcMt_L1_NS,NVCMT_NS,0.007,0.007
2795,304Nvl_L2_NS,304NVL_NS,0.015,0.015
2795,304Nvl_L3_EW,NONE,0.013,0.0
2795,32Nvl_L2_NS,32NVL_NS,0.08,0.069
2795,32Nvl_L3_EW,NONE,0.019,0.0
2795,32Mt_L2_NS,NONE,0.043,0.0
2795,NvcMt_L2_NS,NVCMT_NS,0.005,0.005
2800,304Nvl_L1_NS,304NVL_NS,0.018,-0.045
2800,304Nvl_L3_NS,NONE,0.015,0.0
2800,32Nvl_L3_NS,NONE,0.007,0.0
2800,32Nvl_L1_NS,32NVL_NS,0.09,0.077
2800,32Nvl_L1_EW,32NVL_EW,0.007,0.007
2800,32Nvl_L2_EW,32NVL_EW,0.008,0.008
2800,32Nvl_L3_NS,NONE,0.008,0.0
2800,32Nvl_L2_NS,32NVL_NS,0.008,-0.003
2800,NvcNvl_L3_NS,NONE,0.007,0.0
2800,NvcNvl_L2_NS,NONE,0.007,0.0
2800,32Mt_L1_EW,NONE,0.007,0.0
2800,32Mt_L1_NS,NONE,0.01,0.0
2800,NvcMt_L1_NS,NVCMT_NS,0.007,0.007
2800,304Nvl_L2_NS,304NVL_NS,0.015,0.01
2800,32Nvl_L2_NS,32NVL_NS,0.087,0.076
2800,32Nvl_L3_EW,NONE,0.006,0.0
2800,32Nvl_L1_NS,32NVL_NS,0.04,0.028
2800,NvcNvl_L1_NS,NONE,0.009,0.0
2800,NvcMt_L2_NS,NVCMT_NS,0.005,0.005
2805,304Nvl_L1_EW,304NVL_EW,0.102,0.102
2805,304Nvl_L1_NS,NONE,0.007,0.0
2805,32Nvl_L3_NS,NONE,0.007,0.0
2805,32Nvl_L1_NS,32NVL_NS,0.09,0.09
2805,32Nvl_L1_EW,32NVL_EW,0.007,-0.017
2805,32Nvl_L2_EW,32NVL_EW,0.008,-0.011
2805,32Nvl_L3_NS,NONE,0.025,0.0
2805,32Nvl_L2_NS,32NVL_NS,0.024,0.024
2805,NvcNvl_L1_EW,NVCNVL_EW,0.007,0.007
2805,NvcNvl_L2_EW,NVCNVL_EW,0.008,0.008
2805,32Mt_L1_EW,32MT_EW,0.035,0.03
2805,32Nvl_L2_NS,32NVL_NS,0.087,0.087
2805,32Nvl_L3_EW,NONE,0.006,0.0
2805,32Nvl_L1_NS,32NVL_NS,0.06,0.06
2805,NvcNvl_L3_EW,NONE,0.009,0.0
2805,32Mt_L2_EW,32MT_EW,0.027,0.022
2810,304Nvl_L1_EW,304NVL_EW,0.008,0.008
2810,304Nvl_L1_EW,NONE,0.008,0.0
2810,304Nvl_L2_EW,NONE,0.009,0.0
2810,32Nvl_L1_NS,32NVL_NS,0.083,0.083
2810,32Nvl_L1_EW,32NVL_EW,0.021,0.021
2810,32Nvl_L2_EW,32NVL_EW,0.023,0.023
2810,32Nvl_L3_NS,NONE,0.008,0.0
2810,32Nvl_L2_NS,32NVL_NS,0.008,0.008
2810,NvcNvl_L1_EW,NVCNVL_EW,0.007,0.007
2810,NvcNvl_L2_EW,NVCNVL_EW,0.008,0.008
2810,32Mt_L1_EW,NONE,0.007,0.0
2810,32Mt_L3_EW,NONE,0.009,0.0
2810,304Nvl_L3_EW,NONE,0.008,0.0
2810,32Nvl_L2_NS,32NVL_NS,0.08,0.08
2810,32Nvl_L3_EW,NONE,0.019,0.0
2810,32Nvl_L1_NS,32NVL_NS,0.013,0.013
2810,NvcNvl_L3_EW,NONE,0.009,0.0
2810,32Mt_L2_EW,NONE,0.008,0.0
2815,304Nvl_L1_EW,304NVL_EW,0.008,0.008
2815,32Nvl_L1_EW,32NVL_EW,0.014,0.014
2815,32Nvl_L2_EW,32NVL_EW,0.015,0.015
2815,32Nvl_L1_EW,32NVL_EW,0.013,0.013
2815,32Nvl_L2_EW,32NVL_EW,0.007,0.007
2815,NvcNvl_L1_EW,NVCNVL_EW,0.007,0.007
2815,NvcNvl_L2_EW,NVCNVL_EW,0.008,0.006
2815,32Mt_L1_NS,NONE,0.049,0.0
2815,NvcMt_L2_EW,NVCMT_EW,0.003,-0.003
2815,32Nvl_L3_EW,NONE,0.006,0.0
2815,32Nvl_L3_EW,NONE,0.013,0.0
2815,32Nvl_L1_NS,32NVL_NS,0.007,0.007
2815,NvcNvl_L3_EW,NONE,0.009,0.0
2815,32Mt_L2_NS,NONE,0.043,0.0
2815,NvcMt_L1_EW,NVCMT_EW,0.006,0.001
2820,304Nvl_L1_NS,304NVL_NS,0.009,0.009
2820,304Nvl_L3_NS,NONE,0.007,0.0
2820,304Nvl_L1_EW,304NVL_EW,0.017,0.017
2820,32Nvl_L1_EW,32NVL_EW,0.007,0.002
2820,32Nvl_L2_EW,32NVL_EW,0.008,0.008
2820,32Nvl_L1_EW,32NVL_EW,0.013,0.009
2820,32Nvl_L2_EW,32NVL_EW,0.007,0.007
2820,NvcNvl_L1_EW,NONE,0.011,0.0
2820,NvcNvl_L2_EW,NONE,0.008,0.0
2820,32Mt_L1_EW,NONE,0.014,0.0
2820,32Mt_L3_EW,NONE,0.018,0.0
2820,32Mt_L1_EW,32MT_EW,0.007,0.002
2820,32Mt_L1_NS,NONE,0.01,0.0
2820,NvcMt_L2_EW,NVCMT_EW,0.003,0.003
2820,NvcMt_L1_NS,NVCMT_NS,0.007,0.007
2820,304Nvl_L2_NS,304NVL_NS,0.008,0.008
2820,32Nvl_L3_EW,NONE,0.006,0.0
2820,32Nvl_L3_EW,NONE,0.006,0.0
2820,32Nvl_L1_NS,32NVL_NS,0.013,0.007
2820,NvcNvl_L3_EW,NONE,0.006,0.0
2820,32Mt_L2_EW,NONE,0.015,0.0
2820,32Mt_L2_NS,NONE,0.009,0.0
2820,NvcMt_L1_EW,NVCMT_EW,0.006,0.006
2820,NvcMt_L2_NS,NVCMT_NS,0.005,0.005
2825,304Nvl_L1_NS,304NVL_NS,0.009,0.004
2825,304Nvl_L3_NS,NONE,0.007,0.0
2825,304Nvl_L1_EW,304NVL_EW,0.008,0.008
2825,304Nvl_L2_EW,304NVL_EW,0.007,0.007
2825,304Nvl_L1_EW,NONE,0.041,0.0
2825,304Nvl_L2_EW,NONE,0.043,0.0
2825,32Nvl_L3_NS,NONE,0.007,0.0
2825,32Nvl_L1_NS,32NVL_NS,0.007,0.001
2825,32Nvl_L1_EW,32NVL_EW,0.014,0.004
2825,32Nvl_L2_EW,32NVL_EW,0.015,0.006
2825,32Nvl_L1_EW,32NVL_EW,0.007,-0.004
2825,32Nvl_L2_EW,32NVL_EW,0.007,-0.002
2825,32Nvl_L3_NS,NONE,0.008,0.0
2825,32Nvl_L2_NS,32NVL_NS,0.008,0.003
2825,NvcNvl_L1_EW,NONE,0.011,0.0
2825,NvcNvl_L2_EW,NONE,0.008,0.0
2825,32Mt_L1_NS,32MT_NS,0.031,0.031
2825,32Mt_L1_EW,32MT_EW,0.007,-0.003
2825,NvcMt_L2_EW,NVCMT_EW,0.003,0.003
2825,32Thn_L1_EW,32THN_EW,0.008,-0.002
2825,32Thn_L2_EW,32THN_EW,0.008,-0.002
2825,32Thn_L3_EW,NONE,0.008,0.0
2825,304Nvl_L2_NS,304NVL_NS,0.008,0.002
2825,304Nvl_L3_EW,NONE,0.041,0.0
2825,32Nvl_L2_NS,32NVL_NS,0.007,0.001
2825,32Nvl_L3_EW,NONE,0.006,0.0
2825,32Nvl_L3_EW,NONE,0.013,0.0
2825,32Nvl_L1_NS,32NVL_NS,0.013,0.007
2825,NvcNvl_L3_EW,NONE,0.006,0.0
2825,32Mt_L2_EW,32MT_EW,0.005,-0.005
2825,NvcMt_L1_EW,NVCMT_EW,0.006,0.006
2830,304Thn_L1_EW,304THN_EW,0.008,-0.004
2830,304Thn_L3_EW,NONE,0.008,0.0
2830,304Thn_L1_EW,NONE,0.007,0.0
2830,304Thn_L2_EW,NONE,0.008,0.0
2830,304Nvl_L1_NS,304NVL_NS,0.009,0.004
2830,304Nvl_L3_NS,NONE,0.007,0.0
2830,304Nvl_L1_EW,304NVL_EW,0.017,0.011
2830,304Nvl_L2_EW,304NVL_EW,0.015,0.009
2830,304Nvl_L1_EW,NONE,0.049,0.0
2830,304Nvl_L2_EW,NONE,0.052,0.0
2830,32Nvl_L1_NS,32NVL_NS,0.007,0.001
2830,32Nvl_L1_EW,32NVL_EW,0.014,0.004
2830,32Nvl_L2_EW,32NVL_EW,0.015,0.006
2830,32Nvl_L1_EW,32NVL_EW,0.007,-0.004
2830,32Nvl_L2_EW,32NVL_EW,0.007,-0.002
2830,NvcNvl_L1_EW,NVCNVL_EW,0.007,0.007
2830,NvcNvl_L2_EW,NVCNVL_EW,0.008,0.006
2830,32Mt_L1_NS,32MT_NS,0.006,0.006
2830,32Mt_L1_EW,32MT_EW,0.007,-0.003
2830,32Mt_L1_NS,NONE,0.01,0.0
2830,NvcMt_L2_EW,NVCMT_EW,0.003,-0.003
2830,32Thn_L1_EW,32THN_EW,0.008,-0.002
2830,32Thn_L2_EW,32THN_EW,0.008,-0.002
2830,32Thn_L3_EW,NONE,0.008,0.0
2830,304Nvl_L2_NS,304NVL_NS,0.008,0.008
2830,304Nvl_L3_EW,NONE,0.013,0.0
2830,304Nvl_L3_EW,NONE,0.049,0.0
2830,32Nvl_L2_NS,32NVL_NS,0.007,0.001
2830,32Nvl_L3_EW,NONE,0.006,0.0
2830,32Nvl_L3_EW,NONE,0.013,0.0
2830,32Mt_L2_EW,32MT_EW,0.005,-0.005
2830,NvcMt_L1_EW,NVCMT_EW,0.006,0.001
2830,304Thn_L3_EW,NONE,0.008,0.0
2830,304Thn_L2_EW,304THN_EW,0.007,-0.003
2835,304Thn_L1_EW,304THN_EW,0.008,0.008
2835,304Nvl_L1_NS,304NVL_NS,0.009,0.009
2835,304Nvl_L3_NS,NONE,0.007,0.0
2835,304Nvl_L1_NS,NONE,0.007,0.0
2835,32Nvl_L1_EW,32NVL_EW,0.007,0.002
2835,32Nvl_L2_EW,32NVL_EW,0.008,0.004
2835,32Nvl_L1_EW,32NVL_EW,0.007,0.002
2835,32Nvl_L2_EW,32NVL_EW,0.007,0.004
2835,32Nvl_L3_NS,NONE,0.008,0.0
2835,32Nvl_L2_NS,32NVL_NS,0.008,0.003
2835,NvcNvl_L1_EW,NVCNVL_EW,0.007,0.007
2835,NvcNvl_L2_EW,NVCNVL_EW,0.008,0.008
2835,32Mt_L1_NS,32MT_NS,0.006,0.006
2835,32Mt_L1_EW,32MT_EW,0.007,0.002
2835,NvcMt_L2_NS,NONE,0.005,0.0
2835,32Thn_L1_EW,NONE,0.01,0.0
2835,304Nvl_L2_NS,304NVL_NS,0.008,0.002
2835,32Nvl_L3_EW,NONE,0.006,0.0
2835,32Nvl_L3_EW,NONE,0.006,0.0
2835,32Nvl_L1_NS,32NVL_NS,0.02,0.014
2835,NvcNvl_L3_EW,NONE,0.009,0.0
2835,32Mt_L2_NS,32MT_NS,0.006,0.006
2835,32Mt_L2_EW,32MT_EW,0.005,0.0
2835,NvcMt_L1_NS,NONE,0.005,0.0
2840,304Thn_L1_EW,304THN_EW,0.008,-0.033
2840,304Nvl_L1_NS,304NVL_NS,0.054,0.054
2840,304Nvl_L3_NS,NONE,0.007,0.0
2840,304Nvl_L1_EW,304NVL_EW,0.059,0.053
2840,304Nvl_L2_EW,304NVL_EW,0.044,0.044
2840,304Nvl_L1_EW,NONE,0.008,0.0
2840,32Nvl_L1_EW,32NVL_EW,0.007,-0.003
2840,32Nvl_L2_EW,32NVL_EW,0.008,-0.002
2840,32Nvl_L1_EW,32NVL_EW,0.007,-0.004
2840,32Nvl_L2_EW,32NVL_EW,0.007,-0.002
2840,32Mt_L1_EW,NONE,0.007,0.0
2840,32Mt_L3_EW,NONE,0.009,0.0
2840,32Mt_L1_EW,32MT_EW,0.007,0.002
2840,32Mt_L1_NS,NONE,0.01,0.0
2840,NvcMt_L2_NS,NONE,0.005,0.0
2840,32Thn_L1_EW,NONE,0.01,0.0
2840,32Thn_L1_EW,32THN_EW,0.008,0.003
2840,32Thn_L2_EW,32THN_EW,0.008,0.003
2840,32Thn_L3_EW,NONE,0.008,0.0
2840,304Nvl_L2_NS,304NVL_NS,0.008,0.008
2840,304Nvl_L3_EW,NONE,0.038,0.0
2840,32Nvl_L3_EW,NONE,0.006,0.0
2840,32Nvl_L3_EW,NONE,0.006,0.0
2840,32Mt_L2_EW,NONE,0.008,0.0
2840,32Mt_L2_EW,32MT_EW,0.005,0.0
2840,32Mt_L2_NS,NONE,0.009,0.0
2840,NvcMt_L1_NS,NONE,0.005,0.0
2845,304Thn_L1_EW,NONE,0.007,0.0
2845,304Nvl_L1_NS,304NVL_NS,0.054,0.054
2845,304Nvl_L3_NS,NONE,0.007,0.0
2845,304Nvl_L1_NS,NONE,0.036,0.0
2845,32Nvl_L1_EW,32NVL_EW,0.007,-0.003
2845,32Nvl_L2_EW,32NVL_EW,0.008,-0.002
2845,32Nvl_L1_EW,32NVL_EW,0.007,-0.004
2845,32Nvl_L2_EW,32NVL_EW,0.007,-0.002
2845,32Mt_L1_EW,NONE,0.029,0.0
2845,32Mt_L3_EW,NONE,0.009,0.0
2845,32Mt_L1_EW,32MT_EW,0.007,0.002
2845,NvcMt_L1_EW,NVCMT_EW,0.006,0.006
2845,NvcMt_L1_NS,NVCMT_NS,0.014,0.014
2845,NvcCmt8_L2_EW,NONE,0.007,0.0
2845,32Thn_L1_EW,32THN_EW,0.008,0.003
2845,32Thn_L2_EW,32THN_EW,0.008,0.003
2845,32Thn_L3_EW,NONE,0.008,0.0
2845,304Nvl_L2_NS,304NVL_NS,0.008,0.008
2845,32Nvl_L3_EW,NONE,0.006,0.0
2845,32Nvl_L3_EW,NONE,0.006,0.0
2845,32Mt_L2_EW,NONE,0.015,0.0
2845,32Mt_L2_EW,32MT_EW,0.005,0.0
2845,NvcMt_L2_EW,NVCMT_EW,0.008,0.008
2845,NvcMt_L2_NS,NVCMT_NS,0.011,0.011
2845,NvcCmt8_L1_EW,NONE,0.006,0.0
2850,304Nvl_L1_NS,304NVL_NS,0.054,0.054
2850,304Nvl_L3_NS,NONE,0.007,0.0
2850,32Nvl_L1_EW,32NVL_EW,0.007,-0.003
2850,32Nvl_L2_EW,32NVL_EW,0.008,-0.002
2850,32Nvl_L1_EW,32NVL_EW,0.007,-0.004
2850,32Nvl_L2_EW,32NVL_EW,0.007,-0.002
2850,32Mt_L1_EW,NONE,0.007,0.0
2850,32Mt_L1_EW,32MT_EW,0.007,0.002
2850,NvcMt_L2_NS,NONE,0.069,0.0
2850,32Thn_L1_EW,32THN_EW,0.008,0.003
2850,32Thn_L2_EW,32THN_EW,0.008,0.003
2850,32Thn_L3_EW,NONE,0.008,0.0
2850,304Nvl_L2_NS,304NVL_NS,0.008,0.008
2850,32Nvl_L3_EW,NONE,0.006,0.0
2850,32Nvl_L3_EW,NONE,0.006,0.0
2850,32Mt_L2_EW,32MT_EW,0.005,0.0
2850,NvcMt_L1_NS,NONE,0.071,0.0
2850,NvcMt_L2_EW,NVCMT_EW,0.008,0.008
2855,304Nvl_L1_NS,304NVL_NS,0.009,0.009
2855,304Nvl_L3_NS,NONE,0.007,0.0
2855,32Nvl_L1_EW,32NVL_EW,0.007,-0.027
2855,32Nvl_L2_EW,32NVL_EW,0.008,-0.015
2855,32Nvl_L1_EW,32NVL_EW,0.007,-0.027
2855,32Nvl_L2_EW,32NVL_EW,0.007,-0.015
2855,32Nvl_L3_NS,NONE,0.008,0.0
2855,32Nvl_L2_NS,32NVL_NS,0.008,0.003
2855,NvcNvl_L3_NS,NONE,0.014,0.0
2855,NvcNvl_L2_NS,NONE,0.013,0.0
2855,32Mt_L1_EW,32MT_EW,0.049,0.044
2855,NvcMt_L2_NS,NONE,0.005,0.0
2855,32Thn_L1_EW,NONE,0.01,0.0
2855,304Nvl_L2_NS,304NVL_NS,0.008,0.002
2855,32Nvl_L3_EW,NONE,0.006,0.0
2855,32Nvl_L3_EW,NONE,0.006,0.0
2855,32Nvl_L1_NS,32NVL_NS,0.007,0.0
2855,NvcNvl_L1_NS,NONE,0.017,0.0
2855,32Mt_L2_EW,32MT_EW,0.033,0.027
2855,NvcMt_L1_NS,NONE,0.005,0.0
2860,304Nvl_L1_NS,304NVL_NS,0.009,0.004
2860,304Nvl_L3_NS,NONE,0.007,0.0
2860,32Nvl_L1_NS,32NVL_NS,0.007,0.001
2860,32Nvl_L1_EW,32NVL_EW,0.007,-0.032
2860,32Nvl_L2_EW,32NVL_EW,0.008,-0.019
2860,32Nvl_L1_EW,32NVL_EW,0.007,-0.032
2860,32Nvl_L2_EW,32NVL_EW,0.007,-0.019
2860,32Mt_L1_EW,32MT_EW,0.056,0.051
2860,NvcMt_L1_EW,NVCMT_EW,0.013,0.013
2860,NvcMt_L1_NS,NVCMT_NS,0.007,0.007
2860,304Nvl_L2_NS,304NVL_NS,0.008,0.008
2860,32Nvl_L2_NS,32NVL_NS,0.007,0.001
2860,32Nvl_L3_EW,NONE,0.006,0.0
2860,32Nvl_L3_EW,NONE,0.006,0.0
2860,32Mt_L2_EW,32MT_EW,0.038,0.033
2860,NvcMt_L2_EW,NVCMT_EW,0.016,0.016
2860,NvcMt_L2_NS,NVCMT_NS,0.005,0.005
2865,304Nvl_L1_NS,304NVL_NS,0.009,0.004
2865,304Nvl_L3_NS,NONE,0.007,0.0
2865,32Nvl_L1_NS,32NVL_NS,0.007,0.001
2865,32Nvl_L1_EW,32NVL_EW,0.007,-0.027
2865,32Nvl_L2_EW,32NVL_EW,0.008,-0.019
2865,32Nvl_L1_EW,32NVL_EW,0.007,-0.027
2865,32Nvl_L2_EW,32NVL_EW,0.007,-0.019
2865,NvcNvl_L3_NS,NONE,0.034,0.0
2865,NvcNvl_L2_NS,NONE,0.033,0.0
2865,32Mt_L1_EW,32MT_EW,0.049,0.044
2865,NvcMt_L1_EW,NVCMT_EW,0.013,0.013
2865,NvcMt_L1_NS,NVCMT_NS,0.007,0.007
2865,304Nvl_L2_NS,304NVL_NS,0.008,0.008
2865,32Nvl_L2_NS,32NVL_NS,0.007,0.001
2865,32Nvl_L3_EW,NONE,0.006,0.0
2865,32Nvl_L3_EW,NONE,0.006,0.0
2865,NvcNvl_L1_NS,NONE,0.044,0.0
2865,32Mt_L2_EW,32MT_EW,0.038,0.033
2865,NvcMt_L2_EW,NVCMT_EW,0.016,0.016
2865,NvcMt_L2_NS,NVCMT_NS,0.005,0.005
2870,304Nvl_L1_NS,304NVL_NS,0.009,-0.015
2870,304Nvl_L3_NS,NONE,0.007,0.0
2870,32Nvl_L3_NS,NONE,0.034,0.0
2870,32Nvl_L1_NS,32NVL_NS,0.035,0.028
2870,32Nvl_L1_EW,32NVL_EW,0.007,0.002
2870,32Nvl_L2_EW,32NVL_EW,0.008,0.004
2870,32Nvl_L1_EW,32NVL_EW,0.007,0.002
2870,32Nvl_L2_EW,32NVL_EW,0.007,0.004
2870,NvcNvl_L3_NS,NONE,0.041,0.0
2870,NvcNvl_L2_NS,NONE,0.04,0.0
2870,32Mt_L1_EW,NONE,0.007,0.0
2870,32Mt_L1_EW,32MT_EW,0.007,0.002
2870,NvcMt_L1_NS,NVCMT_NS,0.007,0.007
2870,NvcCmt8_L2_EW,NVCCMT8_EW,0.005,0.005
2870,304Nvl_L2_NS,304NVL_NS,0.008,0.008
2870,32Nvl_L2_NS,32NVL_NS,0.033,0.028
2870,32Nvl_L3_EW,NONE,0.006,0.0
2870,32Nvl_L3_EW,NONE,0.006,0.0
2870,32Nvl_L1_NS,32NVL_NS,0.007,0.0
2870,NvcNvl_L1_NS,NONE,0.052,0.0
2870,32Mt_L2_EW,32MT_EW,0.005,0.0
2870,NvcMt_L2_NS,NVCMT_NS,0.005,0.005
2870,NvcCmt8_L1_EW,NVCCMT8_EW,0.008,0.008
2875,304Nvl_L1_NS,304NVL_NS,0.009,0.009
2875,304Nvl_L3_NS,NONE,0.007,0.0
2875,32Nvl_L1_EW,32NVL_EW,0.007,0.007
2875,32Nvl_L2_EW,32NVL_EW,0.008,0.008
2875,32Nvl_L1_EW,32NVL_EW,0.007,0.007
2875,32Nvl_L2_EW,32NVL_EW,0.007,0.007
2875,32Nvl_L3_NS,NONE,0.05,0.0
2875,32Nvl_L2_NS,32NVL_NS,0.047,0.042
2875,32Mt_L1_EW,NONE,0.007,0.0
2875,32Mt_L1_NS,NONE,0.01,0.0
2875,NvcMt_L1_EW,NVCMT_EW,0.006,0.001
2875,NvcMt_L1_NS,NVCMT_NS,0.007,0.007
2875,NvcCmt8_L2_EW,NVCCMT8_EW,0.005,0.005
2875,32Thn_L1_EW,NONE,0.01,0.0
2875,32Thn_L2_EW,NONE,0.01,0.0
2875,32Thn_L3_EW,NONE,0.007,0.0
2875,304Nvl_L2_NS,304NVL_NS,0.008,-0.026
2875,32Nvl_L3_EW,NONE,0.006,0.0
2875,32Nvl_L3_EW,NONE,0.006,0.0
2875,32Nvl_L1_NS,32NVL_NS,0.04,0.034
2875,32Mt_L2_NS,NONE,0.009,0.0
2875,NvcMt_L2_EW,NVCMT_EW,0.008,0.004
2875,NvcMt_L2_NS,NVCMT_NS,0.005,0.005
2875,NvcCmt8_L1_EW,NVCCMT8_EW,0.008,0.003
2880,304Nvl_L1_NS,304NVL_NS,0.009,0.009
2880,304Nvl_L3_NS,NONE,0.007,0.0
2880,304Nvl_L1_EW,304NVL_EW,0.051,0.051
2880,304Nvl_L2_EW,304NVL_EW,0.044,0.044
2880,32Nvl_L1_EW,32NVL_EW,0.007,0.001
2880,32Nvl_L2_EW,32NVL_EW,0.008,0.008
2880,32Nvl_L1_EW,32NVL_EW,0.007,0.001
2880,32Nvl_L2_EW,32NVL_EW,0.007,0.007
2880,32Nvl_L3_NS,NONE,0.008,0.0
2880,32Nvl_L2_NS,32NVL_NS,0.008,0.003
2880,32Mt_L1_EW,NONE,0.043,0.0
2880,32Mt_L3_EW,NONE,0.009,0.0
2880,NvcMt_L2_NS,NONE,0.005,0.0
2880,NvcMt_L1_NS,NVCMT_NS,0.007,0.007
2880,32Thn_L1_EW,32THN_EW,0.008,0.003
2880,304Nvl_L2_NS,304NVL_NS,0.008,0.002
2880,304Nvl_L3_EW,NONE,0.032,0.0
2880,32Nvl_L3_EW,NONE,0.006,0.0
2880,32Nvl_L3_EW,NONE,0.006,0.0
2880,32Nvl_L1_NS,32NVL_NS,0.007,0.0
2880,32Mt_L2_EW,NONE,0.008,0.0
2880,NvcMt_L1_NS,NONE,0.005,0.0
2880,NvcMt_L2_NS,NVCMT_NS,0.005,0.005
2880,NvcCmt8_L1_EW,NONE,0.006,0.0
2885,304Nvl_L1_NS,304NVL_NS,0.009,-0.015
2885,304Nvl_L3_NS,NONE,0.007,0.0
2885,304Nvl_L1_EW,304NVL_EW,0.008,0.008
2885,304Nvl_L2_EW,304NVL_EW,0.007,0.007
2885,32Nvl_L1_NS,32NVL_NS,0.035,0.028
2885,32Nvl_L1_EW,32NVL_EW,0.014,0.014
2885,32Nvl_L2_EW,32NVL_EW,0.015,0.015
2885,32Nvl_L1_EW,32NVL_EW,0.007,0.007
2885,32Nvl_L2_EW,32NVL_EW,0.007,0.007
2885,NvcNvl_L1_EW,NVCNVL_EW,0.007,0.007
2885,32Mt_L1_NS,32MT_NS,0.006,0.001
2885,32Mt_L1_EW,NONE,0.036,0.0
2885,32Mt_L1_NS,NONE,0.01,0.0
2885,NvcMt_L1_NS,NVCMT_NS,0.007,0.002
2885,NvcCmt8_L2_EW,NONE,0.007,0.0
2885,304Nvl_L2_NS,304NVL_NS,0.008,0.008
2885,304Nvl_L3_EW,NONE,0.006,0.0
2885,32Nvl_L3_EW,NONE,0.006,0.0
2885,32Nvl_L3_EW,NONE,0.013,0.0
2885,32Nvl_L1_NS,32NVL_NS,0.007,0.0
2885,NvcMt_L2_NS,NVCMT_NS,0.005,0.005
2885,NvcCmt8_L1_EW,NONE,0.006,0.0
2890,304Nvl_L1_NS,304NVL_NS,0.009,-0.02
2890,304Nvl_L3_NS,NONE,0.007,0.0
2890,304Nvl_L1_EW,304NVL_EW,0.008,0.008
2890,304Nvl_L2_EW,304NVL_EW,0.007,0.007
2890,32Nvl_L1_NS,32NVL_NS,0.042,0.035
2890,32Nvl_L1_EW,32NVL_EW,0.007,0.007
2890,32Nvl_L2_EW,32NVL_EW,0.008,0.008
2890,32Nvl_L1_EW,32NVL_EW,0.007,0.007
2890,32Nvl_L2_EW,32NVL_EW,0.007,0.007
2890,32Nvl_L3_NS,NONE,0.017,0.0
2890,32Nvl_L2_NS,32NVL_NS,0.016,0.01
2890,NvcNvl_L3_NS,NONE,0.007,0.0
2890,NvcNvl_L2_NS,NONE,0.007,0.0
2890,NvcNvl_L1_EW,NONE,0.011,0.0
2890,NvcNvl_L2_EW,NONE,0.008,0.0
2890,32Mt_L1_NS,32MT_NS,0.006,0.001
2890,32Mt_L1_EW,NONE,0.036,0.0
2890,32Mt_L3_EW,NONE,0.044,0.0
2890,32Mt_L1_NS,NONE,0.01,0.0
2890,NvcMt_L1_NS,NVCMT_NS,0.007,0.002
2890,304Nvl_L2_NS,304NVL_NS,0.008,-0.003
2890,304Nvl_L3_EW,NONE,0.006,0.0
2890,32Nvl_L3_EW,NONE,0.006,0.0
2890,32Nvl_L3_EW,NONE,0.006,0.0
2890,32Nvl_L1_NS,32NVL_NS,0.013,0.007
2890,NvcNvl_L1_NS,NONE,0.009,0.0
2890,NvcNvl_L3_EW,NONE,0.006,0.0
2890,32Mt_L2_EW,NONE,0.038,0.0
2890,32Mt_L2_NS,NONE,0.009,0.0
2890,NvcMt_L2_NS,NVCMT_NS,0.005,0.005
2895,304Thn_L1_EW,NONE,0.007,0.0
2895,304Thn_L2_EW,NONE,0.008,0.0
2895,304Nvl_L1_NS,304NVL_NS,0.054,0.054
2895,304Nvl_L3_NS,NONE,0.007,0.0
2895,304Nvl_L1_EW,304NVL_EW,0.042,0.042
2895,304Nvl_L2_EW,304NVL_EW,0.036,0.036
2895,304Nvl_L1_NS,NONE,0.007,0.0
2895,32Nvl_L1_EW,32NVL_EW,0.007,0.007
2895,32Nvl_L2_EW,32NVL_EW,0.008,0.008
2895,32Nvl_L1_EW,32NVL_EW,0.013,0.013
2895,32Nvl_L2_EW,32NVL_EW,0.015,0.015
2895,NvcNvl_L3_NS,NONE,0.007,0.0
2895,NvcNvl_L2_NS,NONE,0.007,0.0
2895,NvcNvl_L1_EW,NVCNVL_EW,0.007,0.007
2895,32Mt_L1_NS,32MT_NS,0.006,0.001
2895,32Mt_L1_EW,NONE,0.079,0.0
2895,32Mt_L3_EW,NONE,0.097,0.0
2895,32Mt_L1_NS,NONE,0.01,0.0
2895,NvcMt_L1_NS,NVCMT_NS,0.007,0.002
2895,304Nvl_L2_NS,304NVL_NS,0.008,0.008
2895,304Nvl_L3_EW,NONE,0.032,0.0
2895,32Nvl_L3_EW,NONE,0.012,0.0
2895,32Nvl_L3_EW,NONE,0.006,0.0
2895,NvcNvl_L1_NS,NONE,0.009,0.0
2895,32Mt_L2_EW,NONE,0.083,0.0
2895,32Mt_L2_NS,NONE,0.009,0.0
2895,NvcMt_L2_NS,NVCMT_NS,0.005,0.005
2895,NvcCmt8_L1_EW,NVCCMT8_EW,0.008,0.008
2900,304Thn_L1_EW,304THN_EW,0.008,-0.033
2900,304Nvl_L1_NS,304NVL_NS,0.054,0.054
2900,304Nvl_L3_NS,NONE,0.007,0.0
2900,304Nvl_L1_EW,304NVL_EW,0.059,0.053
2900,304Nvl_L2_EW,304NVL_EW,0.051,0.051
2900,304Nvl_L1_NS,NONE,0.007,0.0
2900,32Nvl_L1_EW,32NVL_EW,0.007,0.001
2900,32Nvl_L2_EW,32NVL_EW,0.007,0.002
2900,32Nvl_L3_NS,NONE,0.008,0.0
2900,32Nvl_L2_NS,32NVL_NS,0.008,0.003
2900,NvcNvl_L3_NS,NONE,0.007,0.0
2900,NvcNvl_L2_NS,NONE,0.007,0.0
2900,32Mt_L1_EW,NONE,0.086,0.0
2900,32Mt_L3_EW,NONE,0.097,0.0
2900,32Mt_L1_NS,NONE,0.01,0.0
2900,NvcMt_L1_EW,NVCMT_EW,0.006,0.006
2900,NvcMt_L1_NS,NVCMT_NS,0.007,0.007
2900,32Thn_L1_EW,32THN_EW,0.008,0.008
2900,32Thn_L2_EW,32THN_EW,0.008,0.008
2900,304Nvl_L2_NS,304NVL_NS,0.008,0.002
2900,304Nvl_L3_EW,NONE,0.038,0.0
2900,32Nvl_L3_EW,NONE,0.006,0.0
2900,32Nvl_L1_NS,32NVL_NS,0.007,-0.031
2900,NvcNvl_L1_NS,NONE,0.009,0.0
2900,32Mt_L2_EW,NONE,0.09,0.0
2900,NvcMt_L2_EW,NVCMT_EW,0.008,0.008
2900,NvcMt_L2_NS,NVCMT_NS,0.005,0.005
2905,304Nvl_L1_NS,304NVL_NS,0.054,0.054
2905,304Nvl_L3_NS,NONE,0.007,0.0
2905,304Nvl_L1_EW,304NVL_EW,0.008,0.008
2905,304Nvl_L2_EW,304NVL_EW,0.007,0.007
2905,304Nvl_L1_EW,NONE,0.008,0.0
2905,304Nvl_L2_EW,NONE,0.009,0.0
2905,32Nvl_L3_NS,NONE,0.008,0.0
2905,32Nvl_L2_NS,32NVL_NS,0.008,0.003
2905,NvcNvl_L1_EW,NVCNVL_EW,0.007,0.007
2905,32Mt_L1_NS,32MT_NS,0.006,0.001
2905,32Mt_L1_EW,NONE,0.029,0.0
2905,32Mt_L3_EW,NONE,0.027,0.0
2905,32Mt_L1_EW,32MT_EW,0.035,0.035
2905,NvcMt_L1_NS,NVCMT_NS,0.007,0.002
2905,32Thn_L1_EW,NONE,0.01,0.0
2905,304Nvl_L2_NS,304NVL_NS,0.008,0.002
2905,304Nvl_L3_EW,NONE,0.006,0.0
2905,304Nvl_L3_EW,NONE,0.008,0.0
2905,32Nvl_L1_NS,32NVL_NS,0.013,-0.025
2905,32Mt_L2_EW,NONE,0.03,0.0
2905,NvcMt_L2_NS,NVCMT_NS,0.005,0.005
2910,304Nvl_L1_NS,304NVL_NS,0.009,0.009
2910,304Nvl_L3_NS,NONE,0.007,0.0
2910,304Nvl_L1_EW,304NVL_EW,0.042,0.042
2910,304Nvl_L1_NS,NONE,0.007,0.0
2910,32Nvl_L1_EW,32NVL_EW,0.007,-0.067
2910,32Nvl_L2_EW,32NVL_EW,0.007,-0.031
2910,32Nvl_L3_NS,NONE,0.017,0.0
2910,32Nvl_L2_NS,32NVL_NS,0.016,0.01
2910,NvcNvl_L3_NS,NONE,0.007,0.0
2910,NvcNvl_L2_NS,NONE,0.007,0.0
2910,32Mt_L1_NS,32MT_NS,0.013,0.008
2910,32Mt_L1_EW,NONE,0.007,0.0
2910,32Mt_L3_EW,NONE,0.009,0.0
2910,32Mt_L1_EW,32MT_EW,0.105,0.105
2910,NvcMt_L2_NS,NONE,0.005,0.0
2910,NvcMt_L1_EW,NVCMT_EW,0.006,0.006
2910,NvcMt_L1_NS,NVCMT_NS,0.007,-0.002
2910,NvcCmt8_L2_NS,NONE,0.011,0.0
2910,NvcCmt8_L1_NS,NONE,0.008,0.0
2910,304Nvl_L2_NS,304NVL_NS,0.008,-0.003
2910,32Nvl_L3_EW,NONE,0.006,0.0
2910,32Nvl_L1_NS,32NVL_NS,0.02,0.014
2910,NvcNvl_L1_NS,NONE,0.009,0.0
2910,32Mt_L2_EW,NONE,0.008,0.0
2910,32Mt_L2_EW,32MT_EW,0.054,0.054
2910,NvcMt_L1_NS,NONE,0.005,0.0
2910,NvcMt_L2_EW,NVCMT_EW,0.008,0.008
2910,NvcMt_L2_NS,NVCMT_NS,0.005,0.005
2915,304Nvl_L1_NS,304NVL_NS,0.009,0.009
2915,304Nvl_L3_NS,NONE,0.007,0.0
2915,304Nvl_L1_EW,304NVL_EW,0.008,0.008
2915,32Nvl_L3_NS,NONE,0.025,0.0
2915,32Nvl_L2_NS,32NVL_NS,0.024,0.018
2915,32Mt_L1_NS,32MT_NS,0.013,0.013
2915,32Mt_L1_EW,32MT_EW,0.035,0.035
2915,32Mt_L1_NS,NONE,0.02,0.0
2915,NvcCmt8_L2_EW,NVCCMT8_EW,0.005,0.005
2915,304Nvl_L2_NS,304NVL_NS,0.008,-0.009
2915,32Nvl_L1_NS,32NVL_NS,0.02,0.014
2915,32Mt_L2_EW,32MT_EW,0.027,0.027
2915,32Mt_L2_NS,NONE,0.009,0.0
2915,NvcCmt8_L1_EW,NVCCMT8_EW,0.008,0.008
2920,304Nvl_L1_EW,304NVL_EW,0.008,0.008
2920,304Nvl_L2_EW,304NVL_EW,0.007,0.007
2920,304Nvl_L1_NS,NONE,0.044,0.0
2920,304Nvl_L3_NS,NONE,0.048,0.0
2920,32Nvl_L1_NS,32NVL_NS,0.007,0.007
2920,32Nvl_L1_EW,32NVL_EW,0.007,-0.003
2920,32Nvl_L2_EW,32NVL_EW,0.008,0.0
2920,32Nvl_L3_NS,NONE,0.017,0.0
2920,32Nvl_L2_NS,32NVL_NS,0.016,0.016
2920,NvcNvl_L1_EW,NVCNVL_EW,0.007,0.007
2920,NvcNvl_L2_EW,NVCNVL_EW,0.008,0.008
2920,32Mt_L1_NS,32MT_NS,0.006,0.006
2920,32Mt_L1_EW,NONE,0.043,0.0
2920,32Mt_L3_EW,NONE,0.053,0.0
2920,32Mt_L1_EW,32MT_EW,0.014,0.009
2920,NvcCmt8_L2_EW,NVCCMT8_EW,0.005,0.005
2920,304Nvl_L3_EW,NONE,0.006,0.0
2920,304Nvl_L2_NS,NONE,0.044,0.0
2920,32Nvl_L2_NS,32NVL_NS,0.007,0.007
2920,32Nvl_L3_EW,NONE,0.006,0.0
2920,32Nvl_L1_NS,32NVL_NS,0.013,0.013
2920,NvcNvl_L3_EW,NONE,0.009,0.0
2920,32Mt_L2_EW,NONE,0.045,0.0
2920,32Mt_L2_EW,32MT_EW,0.011,0.005
2920,NvcCmt8_L1_EW,NVCCMT8_EW,0.008,0.008
2925,304Nvl_L1_EW,304NVL_EW,0.017,0.017
2925,304Nvl_L2_EW,304NVL_EW,0.007,0.007
2925,32Nvl_L1_EW,32NVL_EW,0.007,0.002
2925,32Nvl_L2_EW,32NVL_EW,0.008,0.004
2925,32Nvl_L1_EW,32NVL_EW,0.007,0.002
2925,NvcNvl_L1_EW,NVCNVL_EW,0.014,0.01
2925,NvcNvl_L2_EW,NVCNVL_EW,0.016,0.016
2925,32Mt_L1_NS,32MT_NS,0.013,0.013
2925,32Mt_L1_EW,NONE,0.036,0.0
2925,32Mt_L1_EW,32MT_EW,0.007,0.002
2925,32Mt_L1_NS,NONE,0.01,0.0
2925,NvcMt_L2_NS,NONE,0.026,0.0
2925,NvcMt_L1_EW,NVCMT_EW,0.006,-0.004
2925,NvcCmt8_L2_NS,NONE,0.012,0.0
2925,304Nvl_L3_EW,NONE,0.006,0.0
2925,32Nvl_L3_EW,NONE,0.006,0.0
2925,NvcNvl_L3_EW,NONE,0.019,0.0
2925,32Mt_L2_NS,32MT_NS,0.006,0.006
2925,32Mt_L2_EW,NONE,0.038,0.0
2925,32Mt_L2_EW,32MT_EW,0.005,0.0
2925,32Mt_L2_NS,NONE,0.009,0.0
2925,NvcMt_L1_NS,NONE,0.027,0.0
2925,NvcMt_L2_EW,NVCMT_EW,0.008,-0.003
2925,NvcCmt8_L1_NS,NONE,0.011,0.0
2930,304Nvl_L1_EW,304NVL_EW,0.119,0.119
2930,304Nvl_L2_EW,304NVL_EW,0.094,0.094
2930,32Nvl_L1_NS,32NVL_NS,0.007,0.007
2930,32Nvl_L1_EW,32NVL_EW,0.007,-0.003
2930,32Nvl_L2_EW,32NVL_EW,0.008,-0.002
2930,32Nvl_L1_EW,32NVL_EW,0.007,-0.004
2930,32Nvl_L3_NS,NONE,0.05,0.0
2930,32Nvl_L2_NS,32NVL_NS,0.047,0.047
2930,NvcNvl_L3_NS,NONE,0.007,0.0
2930,NvcNvl_L2_NS,NONE,0.007,0.0
2930,NvcNvl_L1_EW,NVCNVL_EW,0.014,0.014
2930,NvcNvl_L2_EW,NVCNVL_EW,0.016,0.016
2930,32Mt_L1_NS,32MT_NS,0.031,0.031
2930,32Mt_L1_EW,NONE,0.007,0.0
2930,32Mt_L1_EW,32MT_EW,0.007,0.002
2930,32Thn_L1_EW,32THN_EW,0.008,0.003
2930,32Thn_L2_EW,32THN_EW,0.008,0.003
2930,32Thn_L3_EW,NONE,0.008,0.0
2930,304Nvl_L3_EW,NONE,0.082,0.0
2930,32Nvl_L2_NS,32NVL_NS,0.007,0.007
2930,32Nvl_L3_EW,NONE,0.006,0.0
2930,32Nvl_L1_NS,32NVL_NS,0.047,0.047
2930,NvcNvl_L1_NS,NONE,0.009,0.0
2930,NvcNvl_L3_EW,NONE,0.019,0.0
2930,32Mt_L2_EW,32MT_EW,0.005,0.0
2930,NvcCmt8_L1_EW,NONE,0.006,0.0
2935,304Nvl_L1_EW,304NVL_EW,0.212,0.212
2935,304Nvl_L2_EW,304NVL_EW,0.145,0.145
2935,32Nvl_L1_NS,32NVL_NS,0.014,0.014
2935,32Nvl_L1_EW,32NVL_EW,0.007,-0.014
2935,32Nvl_L2_EW,32NVL_EW,0.008,-0.008
2935,NvcNvl_L1_EW,NVCNVL_EW,0.014,0.014
2935,NvcNvl_L2_EW,NVCNVL_EW,0.016,0.016
2935,32Mt_L1_NS,32MT_NS,0.006,0.006
2935,32Mt_L1_EW,32MT_EW,0.014,0.009
2935,32Thn_L1_EW,32THN_EW,0.016,0.011
2935,32Thn_L2_EW,32THN_EW,0.017,0.011
2935,32Thn_L3_EW,NONE,0.016,0.0
2935,304Nvl_L3_EW,NONE,0.127,0.0
2935,32Nvl_L2_NS,32NVL_NS,0.007,0.007
2935,32Nvl_L3_EW,NONE,0.006,0.0
2935,32Nvl_L1_NS,32NVL_NS,0.007,0.007
2935,NvcNvl_L3_EW,NONE,0.019,0.0
2935,32Mt_L2_EW,32MT_EW,0.005,0.0
2940,304Nvl_L1_EW,304NVL_EW,0.254,0.254
2940,304Nvl_L2_EW,304NVL_EW,0.181,0.181
2940,32Nvl_L1_NS,32NVL_NS,0.014,0.014
2940,32Nvl_L1_EW,32NVL_EW,0.007,-0.003
2940,32Nvl_L2_EW,32NVL_EW,0.008,0.0
2940,32Nvl_L1_EW,32NVL_EW,0.034,0.024
2940,NvcNvl_L1_EW,NVCNVL_EW,0.014,0.014
2940,NvcNvl_L2_EW,NVCNVL_EW,0.016,0.016
2940,32Mt_L1_NS,32MT_NS,0.006,0.006
2940,32Mt_L1_EW,32MT_EW,0.014,0.009
2940,32Mt_L1_NS,NONE,0.01,0.0
2940,NvcMt_L2_NS,NONE,0.005,0.0
2940,32Thn_L1_EW,NONE,0.01,0.0
2940,304Nvl_L3_EW,NONE,0.158,0.0
2940,32Nvl_L2_NS,32NVL_NS,0.007,0.007
2940,32Nvl_L3_EW,NONE,0.006,0.0
2940,32Nvl_L1_NS,32NVL_NS,0.007,0.007
2940,NvcNvl_L3_EW,NONE,0.019,0.0
2940,32Mt_L2_NS,32MT_NS,0.006,0.006
2940,32Mt_L2_EW,32MT_EW,0.011,0.005
2940,32Mt_L2_NS,NONE,0.009,0.0
2940,NvcMt_L1_NS,NONE,0.005,0.0
2945,304Nvl_L1_EW,304NVL_EW,0.161,0.161
2945,304Nvl_L2_EW,304NVL_EW,0.174,0.174
2945,32Nvl_L1_EW,32NVL_EW,0.007,-0.003
2945,32Nvl_L2_EW,32NVL_EW,0.008,0.0
2945,32Nvl_L1_EW,32NVL_EW,0.034,0.024
2945,NvcNvl_L3_NS,NONE,0.007,0.0
2945,NvcNvl_L2_NS,NONE,0.007,0.0
2945,NvcNvl_L1_EW,NVCNVL_EW,0.014,0.014
2945,NvcNvl_L2_EW,NVCNVL_EW,0.016,0.016
2945,32Mt_L1_NS,32MT_NS,0.006,0.006
2945,32Mt_L1_EW,32MT_EW,0.014,0.009
2945,32Thn_L1_EW,NONE,0.01,0.0
2945,304Nvl_L3_EW,NONE,0.152,0.0
2945,32Nvl_L3_EW,NONE,0.006,0.0
2945,NvcNvl_L1_NS,NONE,0.009,0.0
2945,NvcNvl_L3_EW,NONE,0.019,0.0
2945,32Mt_L2_EW,32MT_EW,0.011,0.005
2950,304Nvl_L1_EW,304NVL_EW,0.203,0.203
2950,304Nvl_L2_EW,304NVL_EW,0.174,0.174
2950,32Nvl_L1_EW,32NVL_EW,0.007,0.002
2950,32Nvl_L2_EW,32NVL_EW,0.008,0.004
2950,NvcNvl_L1_EW,NVCNVL_EW,0.014,0.01
2950,NvcNvl_L2_EW,NVCNVL_EW,0.016,0.016
2950,32Mt_L1_EW,NONE,0.007,0.0
2950,32Mt_L3_EW,NONE,0.009,0.0
2950,32Mt_L1_EW,32MT_EW,0.007,0.002
2950,NvcMt_L1_EW,NVCMT_EW,0.006,-0.004
2950,304Nvl_L3_EW,NONE,0.152,0.0
2950,32Nvl_L3_EW,NONE,0.006,0.0
2950,NvcNvl_L3_EW,NONE,0.019,0.0
2950,32Mt_L2_EW,NONE,0.008,0.0
2950,32Mt_L2_EW,32MT_EW,0.005,0.0
2950,NvcMt_L2_EW,NVCMT_EW,0.008,-0.003
2950,NvcMt_L1_EW,NVCMT_EW,0.006,-0.004
2955,304Nvl_L1_EW,304NVL_EW,0.237,0.237
2955,304Nvl_L2_EW,304NVL_EW,0.196,0.196
2955,304Nvl_L1_NS,NONE,0.036,0.0
2955,32Nvl_L1_EW,32NVL_EW,0.014,0.004
2955,32Nvl_L2_EW,32NVL_EW,0.015,0.008
2955,32Nvl_L1_EW,32NVL_EW,0.007,-0.003
2955,32Nvl_L2_EW,32NVL_EW,0.007,0.0
2955,NvcNvl_L3_NS,NONE,0.068,0.0
2955,NvcNvl_L2_NS,NONE,0.066,0.0
2955,NvcNvl_L1_EW,NVCNVL_EW,0.014,0.01
2955,NvcNvl_L2_EW,NVCNVL_EW,0.016,0.016
2955,NvcNvl_L1_NS,NVCNVL_NS,0.007,0.007
2955,32Mt_L1_EW,NONE,0.007,0.0
2955,32Mt_L1_EW,32MT_EW,0.014,0.004
2955,NvcMt_L2_NS,NONE,0.005,0.0
2955,NvcMt_L1_EW,NVCMT_EW,0.006,-0.004
2955,304Nvl_L3_EW,NONE,0.165,0.0
2955,32Nvl_L3_EW,NONE,0.006,0.0
2955,32Nvl_L3_EW,NONE,0.013,0.0
2955,NvcNvl_L1_NS,NONE,0.087,0.0
2955,NvcNvl_L3_EW,NONE,0.019,0.0
2955,32Mt_L2_EW,32MT_EW,0.011,0.0
2955,NvcMt_L1_NS,NONE,0.005,0.0
2955,NvcMt_L2_EW,NVCMT_EW,0.008,-0.003
2960,304Nvl_L1_EW,304NVL_EW,0.085,0.085
2960,304Nvl_L2_EW,304NVL_EW,0.065,0.065
2960,32Nvl_L1_EW,32NVL_EW,0.007,-0.008
2960,32Nvl_L2_EW,32NVL_EW,0.008,-0.004
2960,32Nvl_L1_EW,32NVL_EW,0.007,-0.008
2960,32Nvl_L2_EW,32NVL_EW,0.007,-0.004
2960,32Nvl_L3_NS,NONE,0.05,0.0
2960,32Nvl_L2_NS,32NVL_NS,0.047,0.047
2960,NvcNvl_L3_NS,NONE,0.041,0.0
2960,NvcNvl_L2_NS,NONE,0.04,0.0
2960,NvcNvl_L1_EW,NVCNVL_EW,0.014,0.01
2960,NvcNvl_L2_EW,NVCNVL_EW,0.016,0.016
2960,32Mt_L1_EW,NONE,0.086,0.0
2960,32Mt_L3_EW,NONE,0.106,0.0
2960,32Mt_L1_EW,32MT_EW,0.021,0.016
2960,32Mt_L1_NS,NONE,0.01,0.0
2960,NvcMt_L2_NS,NONE,0.005,0.0
2960,NvcMt_L1_EW,NVCMT_EW,0.006,-0.004
2960,304Nvl_L3_EW,NONE,0.057,0.0
2960,32Nvl_L3_EW,NONE,0.006,0.0
2960,32Nvl_L3_EW,NONE,0.006,0.0
2960,32Nvl_L1_NS,32NVL_NS,0.04,0.04
2960,NvcNvl_L1_NS,NONE,0.052,0.0
2960,NvcNvl_L3_EW,NONE,0.019,0.0
2960,32Mt_L2_EW,NONE,0.09,0.0
2960,32Mt_L2_EW,32MT_EW,0.016,0.011
2960,NvcMt_L1_NS,NONE,0.005,0.0
2960,NvcMt_L2_EW,NVCMT_EW,0.008,-0.003
2965,304Nvl_L1_NS,NONE,0.015,0.0
2965,304Nvl_L3_NS,NONE,0.008,0.0
2965,32Nvl_L1_EW,32NVL_EW,0.014,-0.006
2965,32Nvl_L2_EW,32NVL_EW,0.015,-0.002
2965,32Nvl_L1_EW,32NVL_EW,0.007,-0.014
2965,32Nvl_L2_EW,32NVL_EW,0.007,-0.01
2965,32Nvl_L3_NS,NONE,0.05,0.0
2965,32Nvl_L2_NS,32NVL_NS,0.047,0.047
2965,NvcNvl_L3_NS,NONE,0.014,0.0
2965,NvcNvl_L2_NS,NONE,0.013,0.0
2965,NvcNvl_L1_EW,NONE,0.011,0.0
2965,NvcNvl_L2_EW,NONE,0.008,0.0
2965,NvcNvl_L1_EW,NVCNVL_EW,0.014,0.014
2965,NvcNvl_L2_EW,NVCNVL_EW,0.016,0.014
2965,32Mt_L1_EW,NONE,0.094,0.0
2965,32Mt_L3_EW,NONE,0.115,0.0
2965,32Mt_L1_EW,32MT_EW,0.021,0.011
2965,32Mt_L1_NS,NONE,0.01,0.0
2965,NvcMt_L2_EW,NVCMT_EW,0.003,-0.008
2965,32Thn_L1_EW,32THN_EW,0.008,-0.002
2965,32Thn_L2_EW,32THN_EW,0.008,-0.002
2965,32Thn_L3_EW,NONE,0.008,0.0
2965,304Nvl_L2_NS,NONE,0.007,0.0
2965,32Nvl_L3_EW,NONE,0.006,0.0
2965,32Nvl_L3_EW,NONE,0.013,0.0
2965,32Nvl_L1_NS,32NVL_NS,0.047,0.047
2965,NvcNvl_L1_NS,NONE,0.017,0.0
2965,NvcNvl_L3_EW,NONE,0.006,0.0
2965,NvcNvl_L3_EW,NONE,0.019,0.0
2965,32Mt_L2_EW,NONE,0.098,0.0
2965,32Mt_L2_EW,32MT_EW,0.016,0.006
2965,NvcMt_L1_EW,NVCMT_EW,0.006,-0.004
2970,304Nvl_L1_NS,NONE,0.015,0.0
2970,32Nvl_L1_EW,32NVL_EW,0.007,-0.013
2970,32Nvl_L2_EW,32NVL_EW,0.008,-0.01
2970,32Nvl_L1_EW,32NVL_EW,0.013,-0.007
2970,32Nvl_L2_EW,32NVL_EW,0.007,-0.01
2970,32Nvl_L3_NS,NONE,0.025,0.0
2970,32Nvl_L2_NS,32NVL_NS,0.024,0.024
2970,NvcNvl_L3_NS,NONE,0.007,0.0
2970,NvcNvl_L2_NS,NONE,0.007,0.0
2970,NvcNvl_L1_EW,NVCNVL_EW,0.049,0.049
2970,NvcNvl_L2_EW,NVCNVL_EW,0.016,0.014
2970,32Mt_L1_EW,NONE,0.014,0.0
2970,32Mt_L3_EW,NONE,0.018,0.0
2970,32Mt_L1_EW,32MT_EW,0.021,0.016
2970,NvcMt_L2_EW,NVCMT_EW,0.003,-0.008
2970,32Thn_L1_EW,NONE,0.01,0.0
2970,32Thn_L1_EW,32THN_EW,0.008,0.003
2970,32Thn_L2_EW,32THN_EW,0.008,0.003
2970,32Thn_L3_EW,NONE,0.008,0.0
2970,32Nvl_L3_EW,NONE,0.006,0.0
2970,32Nvl_L3_EW,NONE,0.006,0.0
2970,32Nvl_L1_NS,32NVL_NS,0.02,0.02
2970,NvcNvl_L1_NS,NONE,0.009,0.0
2970,NvcNvl_L3_EW,NONE,0.019,0.0
2970,32Mt_L2_EW,NONE,0.015,0.0
2970,32Mt_L2_EW,32MT_EW,0.016,0.011
2970,NvcMt_L1_EW,NVCMT_EW,0.006,-0.029
2975,304Nvl_L1_EW,304NVL_EW,0.008,0.008
2975,304Nvl_L1_NS,NONE,0.044,0.0
2975,32Nvl_L1_NS,32NVL_NS,0.007,0.007
2975,32Nvl_L1_EW,32NVL_EW,0.007,-0.008
2975,32Nvl_L3_NS,NONE,0.017,0.0
2975,32Nvl_L2_NS,32NVL_NS,0.016,0.016
2975,NvcNvl_L3_NS,NONE,0.041,0.0
2975,NvcNvl_L2_NS,NONE,0.04,0.0
2975,NvcNvl_L1_EW,NVCNVL_EW,0.035,0.035
2975,32Mt_L1_EW,32MT_EW,0.021,0.021
2975,32Thn_L1_EW,NONE,0.01,0.0
2975,32Nvl_L1_NS,32NVL_NS,0.013,0.013
2975,NvcNvl_L1_NS,NONE,0.052,0.0
2975,32Mt_L2_EW,32MT_EW,0.016,0.016
2980,32Nvl_L3_NS,NONE,0.034,0.0
2980,32Nvl_L1_NS,32NVL_NS,0.042,0.042
2980,32Nvl_L3_NS,NONE,0.017,0.0
2980,32Nvl_L2_NS,32NVL_NS,0.016,0.016
2980,NvcNvl_L3_NS,NONE,0.014,0.0
2980,NvcNvl_L2_NS,NONE,0.013,0.0
2980,NvcNvl_L1_EW,NONE,0.011,0.0
2980,NvcNvl_L2_EW,NONE,0.008,0.0
2980,NvcNvl_L1_EW,NVCNVL_EW,0.035,0.035
2980,32Mt_L1_EW,32MT_EW,0.105,0.105
2980,32Mt_L1_NS,NONE,0.01,0.0
2980,NvcMt_L2_EW,NVCMT_EW,0.003,0.003
2980,32Nvl_L2_NS,32NVL_NS,0.033,0.033
2980,32Nvl_L1_NS,32NVL_NS,0.02,0.02
2980,NvcNvl_L1_NS,NONE,0.017,0.0
2980,32Mt_L2_EW,32MT_EW,0.011,0.011
2980,32Mt_L2_NS,NONE,0.009,0.0
2980,NvcMt_L1_EW,NVCMT_EW,0.006,-0.019
2985,32Nvl_L1_NS,32NVL_NS,0.035,0.035
2985,32Nvl_L1_EW,32NVL_EW,0.007,-0.052
2985,32Nvl_L2_EW,32NVL_EW,0.008,-0.038
2985,32Nvl_L3_NS,NONE,0.025,0.0
2985,32Nvl_L2_NS,32NVL_NS,0.024,0.024
2985,NvcNvl_L3_NS,NONE,0.007,0.0
2985,NvcNvl_L2_NS,NONE,0.007,0.0
2985,NvcNvl_L1_EW,NONE,0.064,0.0
2985,NvcNvl_L2_EW,NONE,0.046,0.0
2985,32Mt_L1_EW,NONE,0.014,0.0
2985,32Mt_L1_EW,32MT_EW,0.084,0.079
2985,32Mt_L1_NS,NONE,0.098,0.0
2985,32Thn_L1_EW,NONE,0.01,0.0
2985,32Thn_L2_EW,NONE,0.01,0.0
2985,32Thn_L3_EW,NONE,0.007,0.0
2985,32Nvl_L2_NS,32NVL_NS,0.033,0.033
2985,32Nvl_L3_EW,NONE,0.006,0.0
2985,32Nvl_L1_NS,32NVL_NS,0.027,0.027
2985,NvcNvl_L1_NS,NONE,0.009,0.0
2985,NvcNvl_L3_EW,NONE,0.006,0.0
2985,32Mt_L2_EW,32MT_EW,0.065,0.06
2985,32Mt_L2_NS,NONE,0.087,0.0
2990,304Nvl_L1_EW,304NVL_EW,0.017,0.017
2990,304Nvl_L2_EW,304NVL_EW,0.015,0.015
2990,32Nvl_L1_NS,32NVL_NS,0.035,0.035
2990,32Nvl_L3_NS,NONE,0.025,0.0
2990,32Nvl_L2_NS,32NVL_NS,0.024,0.024
2990,NvcNvl_L1_EW,NONE,0.053,0.0
2990,NvcNvl_L2_EW,NONE,0.038,0.0
2990,NvcNvl_L1_EW,NVCNVL_EW,0.007,0.007
2990,32Mt_L1_EW,NONE,0.022,0.0
2990,32Mt_L1_EW,32MT_EW,0.007,0.007
2990,32Mt_L1_NS,NONE,0.049,0.0
2990,32Thn_L1_EW,32THN_EW,0.008,0.008
2990,304Nvl_L3_EW,NONE,0.006,0.0
2990,32Nvl_L2_NS,32NVL_NS,0.033,0.033
2990,32Nvl_L1_NS,32NVL_NS,0.027,0.027
2990,32Mt_L2_EW,NONE,0.008,0.0
2990,32Mt_L2_EW,32MT_EW,0.005,0.005
2990,32Mt_L2_NS,NONE,0.043,0.0
2995,304Nvl_L1_EW,304NVL_EW,0.017,0.017
2995,304Nvl_L2_EW,304NVL_EW,0.015,0.015
2995,32Nvl_L3_NS,NONE,0.041,0.0
2995,32Nvl_L1_NS,32NVL_NS,0.076,0.072
2995,32Nvl_L1_EW,32NVL_EW,0.007,-0.018
2995,32Nvl_L2_EW,32NVL_EW,0.007,0.007
2995,32Nvl_L3_NS,NONE,0.033,0.0
2995,32Nvl_L2_NS,32NVL_NS,0.032,0.032
2995,NvcNvl_L1_EW,NONE,0.011,0.0
2995,NvcNvl_L2_EW,NONE,0.008,0.0
2995,NvcNvl_L1_NS,NVCNVL_NS,0.007,-0.047
2995,32Mt_L1_EW,NONE,0.022,0.0
2995,32Mt_L3_EW,NONE,0.018,0.0
2995,32Mt_L1_EW,32MT_EW,0.035,0.035
2995,304Nvl_L3_EW,NONE,0.013,0.0
2995,32Nvl_L2_NS,32NVL_NS,0.073,0.073
2995,32Nvl_L3_EW,NONE,0.006,0.0
2995,32Nvl_L1_NS,32NVL_NS,0.04,0.036
2995,NvcNvl_L3_EW,NONE,0.006,0.0
2995,32Mt_L2_EW,NONE,0.015,0.0
3000,304Nvl_L1_NS,NONE,0.007,0.0
3000,32Nvl_L3_NS,NONE,0.027,0.0
3000,32Nvl_L1_NS,32NVL_NS,0.062,0.058
3000,32Nvl_L3_NS,NONE,0.033,0.0
3000,32Nvl_L2_NS,32NVL_NS,0.032,0.032
3000,NvcNvl_L1_NS,NVCNVL_NS,0.007,-0.037
3000,32Mt_L1_EW,NONE,0.007,0.0
3000,32Mt_L1_EW,32MT_EW,0.035,0.035
3000,32Mt_L1_NS,NONE,0.137,0.0
3000,32Nvl_L2_NS,32NVL_NS,0.06,0.06
3000,32Nvl_L1_NS,32NVL_NS,0.034,0.029
3000,32Mt_L2_EW,32MT_EW,0.027,0.027
3000,32Mt_L2_NS,NONE,0.121,0.0
3005,304Nvl_L1_EW,304NVL_EW,0.008,0.008
3005,304Nvl_L2_EW,304NVL_EW,0.007,0.007
3005,304Nvl_L1_NS,NONE,0.015,0.0
3005,32Nvl_L3_NS,NONE,0.143,0.0
3005,32Nvl_L1_NS,32NVL_NS,0.18,0.18
3005,32Nvl_L1_EW,32NVL_EW,0.007,-0.003
3005,32Nvl_L2_EW,32NVL_EW,0.007,0.0
3005,32Nvl_L3_NS,NONE,0.033,0.0
3005,32Nvl_L2_NS,32NVL_NS,0.032,0.032
3005,32Mt_L1_EW,32MT_EW,0.014,0.014
3005,32Mt_L1_NS,NONE,0.029,0.0
3005,NvcCmt8_L2_EW,NONE,0.089,0.0
3005,304Nvl_L3_EW,NONE,0.006,0.0
3005,32Nvl_L2_NS,32NVL_NS,0.173,0.173
3005,32Nvl_L3_EW,NONE,0.006,0.0
3005,32Nvl_L1_NS,32NVL_NS,0.06,0.06
3005,32Mt_L2_EW,32MT_EW,0.011,0.011
3005,32Mt_L2_NS,NONE,0.026,0.0
3005,NvcCmt8_L1_EW,NONE,0.069,0.0
3010,304Nvl_L1_NS,NONE,0.007,0.0
3010,304Nvl_L3_NS,NONE,0.008,0.0
3010,32Nvl_L3_NS,NONE,0.055,0.0
3010,32Nvl_L1_NS,32NVL_NS,0.097,0.097
3010,32Nvl_L3_NS,NONE,0.033,0.0
3010,32Nvl_L2_NS,32NVL_NS,0.032,0.032
3010,32Mt_L1_NS,32MT_NS,0.075,0.075
3010,32Mt_L1_EW,NONE,0.036,0.0
3010,32Mt_L3_EW,NONE,0.044,0.0
3010,32Mt_L1_NS,NONE,0.01,0.0
3010,NvcCmt8_L2_EW,NONE,0.089,0.0
3010,NvcCmt8_L2_NS,NONE,0.011,0.0
3010,NvcCmt8_L1_NS,NONE,0.008,0.0
3010,304Nvl_L2_NS,NONE,0.007,0.0
3010,32Nvl_L2_NS,32NVL_NS,0.093,0.093
3010,32Nvl_L1_NS,32NVL_NS,0.06,0.06
3010,32Mt_L2_EW,NONE,0.038,0.0
3010,32Mt_L2_NS,NONE,0.009,0.0
3010,NvcCmt8_L1_EW,NONE,0.069,0.0
3015,304Nvl_L1_NS,NONE,0.007,0.0
3015,32Nvl_L3_NS,NONE,0.055,0.0
3015,32Nvl_L1_NS,32NVL_NS,0.09,0.09
3015,32Nvl_L3_NS,NONE,0.033,0.0
3015,32Nvl_L2_NS,32NVL_NS,0.032,0.032
3015,NvcNvl_L3_NS,NONE,0.007,0.0
3015,NvcNvl_L2_NS,NONE,0.007,0.0
3015,32Mt_L1_NS,32MT_NS,0.075,0.075
3015,32Mt_L1_EW,NONE,0.014,0.0
3015,32Mt_L3_EW,NONE,0.009,0.0
3015,32Mt_L1_EW,32MT_EW,0.035,0.035
3015,32Thn_L1_EW,NONE,0.049,0.0
3015,32Thn_L2_EW,NONE,0.051,0.0
3015,32Thn_L3_EW,NONE,0.035,0.0
3015,32Nvl_L2_NS,32NVL_NS,0.087,0.087
3015,32Nvl_L1_NS,32NVL_NS,0.06,0.06
3015,NvcNvl_L1_NS,NONE,0.009,0.0
3015,32Mt_L2_EW,NONE,0.008,0.0
3020,304Nvl_L1_NS,304NVL_NS,0.009,-0.049
3020,304Nvl_L1_EW,304NVL_EW,0.042,0.042
3020,304Nvl_L2_EW,304NVL_EW,0.036,0.036
3020,32Nvl_L3_NS,NONE,0.048,0.0
3020,32Nvl_L1_NS,32NVL_NS,0.083,0.077
3020,32Nvl_L3_NS,NONE,0.042,0.0
3020,32Nvl_L2_NS,32NVL_NS,0.039,0.039
3020,32Mt_L1_NS,32MT_NS,0.013,0.013
3020,32Mt_L1_NS,NONE,0.01,0.0
3020,NvcMt_L2_EW,NVCMT_EW,0.003,0.003
3020,32Thn_L1_EW,32THN_EW,0.04,0.04
3020,304Nvl_L3_EW,NONE,0.032,0.0
3020,32Nvl_L2_NS,32NVL_NS,0.08,0.08
3020,32Nvl_L1_NS,32NVL_NS,0.114,0.108
3020,32Mt_L2_NS,NONE,0.009,0.0
3020,NvcMt_L1_EW,NVCMT_EW,0.006,0.006
3025,304Nvl_L1_NS,304NVL_NS,0.009,-0.025
3025,304Nvl_L1_EW,304NVL_EW,0.059,0.059
3025,304Nvl_L2_EW,304NVL_EW,0.051,0.051
3025,32Nvl_L3_NS,NONE,0.014,0.0
3025,32Nvl_L1_NS,32NVL_NS,0.048,0.037
3025,32Nvl_L1_EW,32NVL_EW,0.013,-0.015
3025,32Nvl_L2_EW,32NVL_EW,0.015,0.015
3025,32Nvl_L3_NS,NONE,0.05,0.0
3025,32Nvl_L2_NS,32NVL_NS,0.047,0.047
3025,NvcNvl_L1_NS,NVCNVL_NS,0.007,-0.027
3025,32Mt_L1_NS,32MT_NS,0.006,0.006
3025,32Mt_L1_EW,NONE,0.014,0.0
3025,32Mt_L3_EW,NONE,0.009,0.0
3025,32Thn_L1_EW,32THN_EW,0.04,0.04
3025,304Nvl_L3_EW,NONE,0.044,0.0
3025,32Nvl_L2_NS,32NVL_NS,0.047,0.047
3025,32Nvl_L3_EW,NONE,0.012,0.0
3025,32Nvl_L1_NS,32NVL_NS,0.121,0.11
3025,32Mt_L2_EW,NONE,0.008,0.0
3025,NvcCmt8_L1_EW,NVCCMT8_EW,0.092,0.092
3030,304Nvl_L1_NS,304NVL_NS,0.009,-0.001
3030,304Nvl_L1_EW,304NVL_EW,0.034,0.034
3030,304Nvl_L2_EW,304NVL_EW,0.029,0.029
3030,32Nvl_L3_NS,NONE,0.014,0.0
3030,32Nvl_L1_NS,32NVL_NS,0.014,0.003
3030,32Nvl_L1_EW,32NVL_EW,0.013,0.013
3030,32Nvl_L2_EW,32NVL_EW,0.015,0.015
3030,32Nvl_L3_NS,NONE,0.025,0.0
3030,32Nvl_L2_NS,32NVL_NS,0.024,0.024
3030,NvcNvl_L1_NS,NVCNVL_NS,0.007,-0.003
3030,304Nvl_L3_EW,NONE,0.019,0.0
3030,32Nvl_L2_NS,32NVL_NS,0.013,0.013
3030,32Nvl_L3_EW,NONE,0.012,0.0
3030,32Nvl_L1_NS,32NVL_NS,0.107,0.096
3035,304Nvl_L1_EW,304NVL_EW,0.051,0.051
3035,304Nvl_L2_EW,304NVL_EW,0.044,0.044
3035,32Nvl_L3_NS,NONE,0.007,0.0
3035,32Nvl_L1_NS,32NVL_NS,0.014,0.014
3035,32Nvl_L1_EW,32NVL_EW,0.013,0.009
3035,32Nvl_L2_EW,32NVL_EW,0.015,0.015
3035,NvcNvl_L3_NS,NONE,0.007,0.0
3035,NvcNvl_L2_NS,NONE,0.007,0.0
3035,NvcNvl_L1_EW,NVCNVL_EW,0.035,0.035
3035,NvcNvl_L2_EW,NVCNVL_EW,0.039,0.039
3035,32Mt_L1_EW,32MT_EW,0.007,0.007
3035,32Mt_L1_NS,NONE,0.01,0.0
3035,NvcMt_L2_NS,NONE,0.005,0.0
3035,32Thn_L1_EW,NONE,0.01,0.0
3035,32Thn_L2_EW,NONE,0.01,0.0
3035,32Thn_L3_EW,NONE,0.007,0.0
3035,304Nvl_L3_EW,NONE,0.038,0.0
3035,32Nvl_L2_NS,32NVL_NS,0.013,0.013
3035,32Nvl_L3_EW,NONE,0.012,0.0
3035,32Nvl_L1_NS,32NVL_NS,0.007,0.007
3035,NvcNvl_L1_NS,NONE,0.009,0.0
3035,NvcNvl_L3_EW,NONE,0.047,0.0
3035,32Mt_L2_NS,NONE,0.009,0.0
3035,NvcMt_L1_NS,NONE,0.005,0.0
3040,304Nvl_L1_EW,304NVL_EW,0.102,0.102
3040,304Nvl_L2_EW,304NVL_EW,0.051,0.051
3040,32Nvl_L3_NS,NONE,0.007,0.0
3040,32Nvl_L1_NS,32NVL_NS,0.007,0.007
3040,32Nvl_L1_EW,32NVL_EW,0.013,0.003
3040,32Nvl_L2_EW,32NVL_EW,0.015,0.015
3040,32Nvl_L3_NS,NONE,0.008,0.0
3040,32Nvl_L2_NS,32NVL_NS,0.008,0.008
3040,NvcNvl_L1_EW,NVCNVL_EW,0.035,0.035
3040,NvcNvl_L2_EW,NVCNVL_EW,0.039,0.039
3040,32Mt_L1_NS,32MT_NS,0.006,0.006
3040,32Mt_L1_EW,NONE,0.007,0.0
3040,32Mt_L3_EW,NONE,0.009,0.0
3040,32Mt_L1_EW,32MT_EW,0.007,0.007
3040,32Thn_L1_EW,32THN_EW,0.008,0.008
3040,304Nvl_L3_EW,NONE,0.044,0.0
3040,32Nvl_L2_NS,32NVL_NS,0.007,0.007
3040,32Nvl_L3_EW,NONE,0.012,0.0
3040,32Nvl_L1_NS,32NVL_NS,0.04,0.04
3040,NvcNvl_L3_EW,NONE,0.047,0.0
3040,32Mt_L2_EW,NONE,0.008,0.0
3045,304Nvl_L1_EW,304NVL_EW,0.085,0.085
3045,304Nvl_L2_EW,304NVL_EW,0.036,0.036
3045,304Nvl_L1_NS,NONE,0.007,0.0
3045,32Nvl_L1_NS,32NVL_NS,0.007,0.002
3045,32Nvl_L1_EW,32NVL_EW,0.013,0.009
3045,32Nvl_L2_EW,32NVL_EW,0.015,0.011
3045,32Nvl_L3_NS,NONE,0.008,0.0
3045,32Nvl_L2_NS,32NVL_NS,0.008,0.008
3045,NvcNvl_L1_EW,NVCNVL_EW,0.035,0.035
3045,NvcNvl_L2_EW,NVCNVL_EW,0.039,0.039
3045,NvcNvl_L1_NS,NVCNVL_NS,0.007,0.002
3045,32Mt_L1_EW,NONE,0.014,0.0
3045,32Mt_L3_EW,NONE,0.018,0.0
3045,32Mt_L1_EW,32MT_EW,0.007,0.007
3045,32Mt_L1_NS,NONE,0.01,0.0
3045,304Nvl_L3_EW,NONE,0.025,0.0
3045,32Nvl_L3_EW,NONE,0.012,0.0
3045,32Nvl_L1_NS,32NVL_NS,0.02,0.016
3045,NvcNvl_L3_EW,NONE,0.047,0.0
3045,32Mt_L2_EW,NONE,0.015,0.0
3045,32Mt_L2_EW,32MT_EW,0.005,0.005
3050,304Nvl_L1_EW,304NVL_EW,0.051,0.051
3050,304Nvl_L2_EW,304NVL_EW,0.044,0.044
3050,304Nvl_L1_NS,NONE,0.015,0.0
3050,32Nvl_L1_NS,32NVL_NS,0.014,0.014
3050,32Nvl_L1_EW,32NVL_EW,0.013,0.009
3050,32Nvl_L2_EW,32NVL_EW,0.015,0.011
3050,32Nvl_L3_NS,NONE,0.008,0.0
3050,32Nvl_L2_NS,32NVL_NS,0.008,0.008
3050,NvcNvl_L1_EW,NVCNVL_EW,0.035,0.035
3050,NvcNvl_L2_EW,NVCNVL_EW,0.039,0.039
3050,32Mt_L1_EW,NONE,0.014,0.0
3050,32Mt_L3_EW,NONE,0.018,0.0
3050,32Mt_L1_EW,32MT_EW,0.007,0.007
3050,NvcMt_L2_NS,NONE,0.005,0.0
3050,304Nvl_L3_EW,NONE,0.038,0.0
3050,32Nvl_L3_EW,NONE,0.012,0.0
3050,32Nvl_L1_NS,32NVL_NS,0.007,0.007
3050,NvcNvl_L3_EW,NONE,0.047,0.0
3050,32Mt_L2_EW,NONE,0.015,0.0
3050,32Mt_L2_EW,32MT_EW,0.005,0.005
3050,NvcMt_L1_NS,NONE,0.005,0.0
3055,304Nvl_L1_EW,304NVL_EW,0.042,0.042
3055,304Nvl_L2_EW,304NVL_EW,0.036,0.036
3055,304Nvl_L1_NS,NONE,0.007,0.0
3055,32Nvl_L1_NS,32NVL_NS,0.007,0.007
3055,32Nvl_L1_EW,32NVL_EW,0.013,0.013
3055,32Nvl_L2_EW,32NVL_EW,0.015,0.015
3055,NvcNvl_L2_NS,NONE,0.007,0.0
3055,NvcNvl_L1_EW,NVCNVL_EW,0.035,0.035
3055,NvcNvl_L2_EW,NVCNVL_EW,0.039,0.039
3055,32Mt_L1_NS,NONE,0.01,0.0
3055,304Nvl_L3_EW,NONE,0.032,0.0
3055,32Nvl_L3_EW,NONE,0.012,0.0
3055,32Nvl_L1_NS,32NVL_NS,0.007,0.007
3055,NvcNvl_L1_NS,NONE,0.009,0.0
3055,NvcNvl_L3_EW,NONE,0.047,0.0
3060,304Nvl_L1_EW,304NVL_EW,0.008,0.008
3060,304Nvl_L2_EW,304NVL_EW,0.007,0.007
3060,304Nvl_L1_NS,NONE,0.007,0.0
3060,32Nvl_L1_EW,32NVL_EW,0.035,0.03
3060,32Nvl_L2_EW,32NVL_EW,0.039,0.039
3060,32Nvl_L1_EW,32NVL_EW,0.013,0.009
3060,32Nvl_L2_EW,32NVL_EW,0.015,0.015
3060,32Nvl_L3_NS,NONE,0.042,0.0
3060,32Nvl_L2_NS,32NVL_NS,0.039,0.039
3060,NvcNvl_L3_NS,NONE,0.007,0.0
3060,NvcNvl_L2_NS,NONE,0.013,0.0
3060,NvcNvl_L1_EW,NONE,0.011,0.0
3060,NvcNvl_L2_EW,NONE,0.008,0.0
3060,NvcNvl_L1_EW,NVCNVL_EW,0.035,0.031
3060,NvcNvl_L2_EW,NVCNVL_EW,0.039,0.039
3060,32Mt_L1_EW,32MT_EW,0.007,-0.018
3060,32Mt_L1_NS,NONE,0.01,0.0
3060,NvcMt_L1_EW,NVCMT_EW,0.006,-0.018
3060,304Nvl_L3_EW,NONE,0.006,0.0
3060,32Nvl_L3_EW,NONE,0.012,0.0
3060,32Nvl_L3_EW,NONE,0.031,0.0
3060,32Nvl_L1_NS,32NVL_NS,0.04,0.04
3060,NvcNvl_L1_NS,NONE,0.017,0.0
3060,NvcNvl_L3_EW,NONE,0.006,0.0
3060,NvcNvl_L3_EW,NONE,0.047,0.0
3060,NvcMt_L2_EW,NVCMT_EW,0.008,-0.019
3060,NvcMt_L1_EW,NVCMT_EW,0.006,-0.019
3065,304Nvl_L1_EW,304NVL_EW,0.025,0.025
3065,304Nvl_L2_EW,304NVL_EW,0.015,0.015
3065,304Nvl_L1_NS,NONE,0.022,0.0
3065,32Nvl_L1_EW,32NVL_EW,0.035,0.03
3065,32Nvl_L2_EW,32NVL_EW,0.039,0.035
3065,32Nvl_L1_EW,32NVL_EW,0.013,0.009
3065,32Nvl_L2_EW,32NVL_EW,0.015,0.011
3065,32Nvl_L3_NS,NONE,0.05,0.0
3065,32Nvl_L2_NS,32NVL_NS,0.047,0.047
3065,NvcNvl_L3_NS,NONE,0.007,0.0
3065,NvcNvl_L2_NS,NONE,0.007,0.0
3065,NvcNvl_L1_EW,NONE,0.011,0.0
3065,NvcNvl_L2_EW,NONE,0.008,0.0
3065,NvcNvl_L1_EW,NVCNVL_EW,0.035,0.031
3065,NvcNvl_L2_EW,NVCNVL_EW,0.039,0.039
3065,32Mt_L1_NS,32MT_NS,0.006,0.006
3065,32Mt_L1_EW,32MT_EW,0.007,-0.018
3065,NvcMt_L1_EW,NVCMT_EW,0.006,-0.083
3065,NvcCmt8_L2_EW,NVCCMT8_EW,0.063,0.063
3065,304Nvl_L3_EW,NONE,0.013,0.0
3065,32Nvl_L3_EW,NONE,0.012,0.0
3065,32Nvl_L3_EW,NONE,0.031,0.0
3065,32Nvl_L1_NS,32NVL_NS,0.04,0.04
3065,NvcNvl_L1_NS,NONE,0.009,0.0
3065,NvcNvl_L3_EW,NONE,0.047,0.0
3065,32Mt_L2_EW,32MT_EW,0.005,-0.022
3065,NvcMt_L2_EW,NVCMT_EW,0.008,-0.064
3065,NvcMt_L1_EW,NVCMT_EW,0.006,-0.084
3065,NvcCmt8_L1_EW,NVCCMT8_EW,0.092,0.088
3070,304Nvl_L1_EW,304NVL_EW,0.008,0.008
3070,304Nvl_L2_EW,304NVL_EW,0.007,0.007
3070,304Nvl_L1_NS,NONE,0.022,0.0
3070,304Nvl_L3_NS,NONE,0.008,0.0
3070,32Nvl_L1_EW,32NVL_EW,0.035,0.026
3070,32Nvl_L2_EW,32NVL_EW,0.039,0.031
3070,32Nvl_L1_EW,32NVL_EW,0.013,0.004
3070,32Nvl_L2_EW,32NVL_EW,0.015,0.007
3070,NvcNvl_L3_NS,NONE,0.007,0.0
3070,NvcNvl_L2_NS,NONE,0.007,0.0
3070,NvcNvl_L1_EW,NVCNVL_EW,0.035,0.035
3070,NvcNvl_L2_EW,NVCNVL_EW,0.039,0.039
3070,32Mt_L1_EW,NONE,0.007,0.0
3070,32Mt_L3_EW,NONE,0.009,0.0
3070,32Mt_L1_EW,32MT_EW,0.014,-0.011
3070,32Mt_L1_NS,NONE,0.117,0.0
3070,NvcCmt8_L2_EW,NVCCMT8_EW,0.063,0.063
3070,304Nvl_L3_EW,NONE,0.006,0.0
3070,304Nvl_L2_NS,NONE,0.007,0.0
3070,32Nvl_L3_EW,NONE,0.012,0.0
3070,32Nvl_L3_EW,NONE,0.031,0.0
3070,NvcNvl_L1_NS,NONE,0.009,0.0
3070,NvcNvl_L3_EW,NONE,0.047,0.0
3070,32Mt_L2_EW,NONE,0.008,0.0
3070,32Mt_L2_EW,32MT_EW,0.011,-0.016
3070,32Mt_L2_NS,NONE,0.104,0.0
3070,NvcCmt8_L1_EW,NVCCMT8_EW,0.092,0.092
3075,304Nvl_L1_EW,NONE,0.008,0.0
3075,304Nvl_L1_NS,NONE,0.007,0.0
3075,32Nvl_L3_NS,NONE,0.007,0.0
3075,32Nvl_L1_NS,32NVL_NS,0.048,0.048
3075,32Nvl_L1_EW,32NVL_EW,0.035,0.026
3075,32Nvl_L2_EW,32NVL_EW,0.039,0.031
3075,32Nvl_L1_EW,32NVL_EW,0.013,0.004
3075,32Nvl_L2_EW,32NVL_EW,0.015,0.007
3075,32Nvl_L3_NS,NONE,0.025,0.0
3075,32Nvl_L2_NS,32NVL_NS,0.024,0.024
3075,NvcNvl_L1_EW,NONE,0.011,0.0
3075,NvcNvl_L2_EW,NONE,0.008,0.0
3075,NvcNvl_L1_EW,NVCNVL_EW,0.035,0.035
3075,NvcNvl_L2_EW,NVCNVL_EW,0.039,0.039
3075,32Mt_L1_EW,NONE,0.101,0.0
3075,32Mt_L3_EW,NONE,0.106,0.0
3075,32Mt_L1_EW,32MT_EW,0.014,-0.011
3075,32Mt_L1_NS,NONE,0.117,0.0
3075,NvcCmt8_L2_EW,NVCCMT8_EW,0.063,0.063
3075,32Nvl_L2_NS,32NVL_NS,0.007,0.007
3075,32Nvl_L3_EW,NONE,0.012,0.0
3075,32Nvl_L3_EW,NONE,0.031,0.0
3075,32Nvl_L1_NS,32NVL_NS,0.02,0.02
3075,NvcNvl_L3_EW,NONE,0.006,0.0
3075,NvcNvl_L3_EW,NONE,0.047,0.0
3075,32Mt_L2_EW,NONE,0.106,0.0
3075,32Mt_L2_EW,32MT_EW,0.011,-0.016
3075,32Mt_L2_NS,NONE,0.104,0.0
3075,NvcCmt8_L1_EW,NVCCMT8_EW,0.092,0.092
3080,304Nvl_L1_EW,304NVL_EW,0.025,0.025
3080,304Nvl_L2_EW,304NVL_EW,0.007,0.007
3080,304Nvl_L1_NS,NONE,0.007,0.0
3080,304Nvl_L3_NS,NONE,0.008,0.0
3080,32Nvl_L3_NS,NONE,0.007,0.0
3080,32Nvl_L1_NS,32NVL_NS,0.014,0.014
3080,32Nvl_L1_EW,32NVL_EW,0.035,0.002
3080,32Nvl_L2_EW,32NVL_EW,0.039,0.009
3080,32Nvl_L1_EW,32NVL_EW,0.013,-0.019
3080,32Nvl_L2_EW,32NVL_EW,0.015,-0.014
3080,32Nvl_L3_NS,NONE,0.008,0.0
3080,32Nvl_L2_NS,32NVL_NS,0.008,0.008
3080,NvcNvl_L1_EW,NONE,0.011,0.0
3080,NvcNvl_L2_EW,NONE,0.008,0.0
3080,NvcNvl_L1_EW,NVCNVL_EW,0.035,0.035
3080,NvcNvl_L2_EW,NVCNVL_EW,0.039,0.039
3080,32Mt_L1_EW,NONE,0.101,0.0
3080,32Mt_L3_EW,NONE,0.124,0.0
3080,32Mt_L1_EW,32MT_EW,0.007,-0.018
3080,32Mt_L1_NS,NONE,0.02,0.0
3080,NvcMt_L2_NS,NONE,0.005,0.0
3080,NvcCmt8_L2_EW,NVCCMT8_EW,0.063,0.063
3080,32Thn_L1_EW,32THN_EW,0.04,0.015
3080,32Thn_L2_EW,32THN_EW,0.042,0.015
3080,32Thn_L3_EW,NONE,0.041,0.0
3080,304Nvl_L3_EW,NONE,0.006,0.0
3080,304Nvl_L2_NS,NONE,0.007,0.0
3080,32Nvl_L2_NS,32NVL_NS,0.007,0.007
3080,32Nvl_L3_EW,NONE,0.012,0.0
3080,32Nvl_L3_EW,NONE,0.031,0.0
3080,32Nvl_L1_NS,32NVL_NS,0.007,0.007
3080,NvcNvl_L3_EW,NONE,0.047,0.0
3080,32Mt_L2_EW,NONE,0.106,0.0
3080,32Mt_L2_NS,NONE,0.009,0.0
3080,NvcMt_L1_NS,NONE,0.005,0.0
3080,NvcCmt8_L1_EW,NVCCMT8_EW,0.092,0.092
3085,304Nvl_L1_EW,304NVL_EW,0.051,0.051
3085,304Nvl_L2_EW,304NVL_EW,0.044,0.044
3085,304Nvl_L1_NS,NONE,0.007,0.0
3085,304Nvl_L3_NS,NONE,0.008,0.0
3085,32Nvl_L1_NS,32NVL_NS,0.007,0.007
3085,32Nvl_L1_EW,32NVL_EW,0.042,0.038
3085,32Nvl_L2_EW,32NVL_EW,0.046,0.043
3085,32Nvl_L1_EW,32NVL_EW,0.02,0.015
3085,32Nvl_L2_EW,32NVL_EW,0.015,0.011
3085,NvcNvl_L3_NS,NONE,0.007,0.0
3085,NvcNvl_L2_NS,NONE,0.007,0.0
3085,NvcNvl_L1_EW,NVCNVL_EW,0.007,0.007
3085,32Mt_L1_NS,32MT_NS,0.075,0.075
3085,32Mt_L1_EW,NONE,0.022,0.0
3085,32Mt_L3_EW,NONE,0.027,0.0
3085,32Mt_L1_EW,32MT_EW,0.007,-0.023
3085,NvcCmt8_L2_EW,NVCCMT8_EW,0.063,0.063
3085,32Thn_L1_EW,NONE,0.049,0.0
3085,304Nvl_L3_EW,NONE,0.006,0.0
3085,304Nvl_L2_NS,NONE,0.007,0.0
3085,32Nvl_L3_EW,NONE,0.012,0.0
3085,32Nvl_L3_EW,NONE,0.038,0.0
3085,NvcNvl_L1_NS,NONE,0.009,0.0
3085,32Mt_L2_EW,NONE,0.023,0.0
3085,32Mt_L2_EW,32MT_EW,0.005,-0.027
3085,NvcCmt8_L1_EW,NVCCMT8_EW,0.092,0.092
3090,304Nvl_L1_EW,304NVL_EW,0.068,0.068
3090,304Nvl_L2_EW,304NVL_EW,0.051,0.051
3090,304Nvl_L1_NS,NONE,0.007,0.0
3090,32Nvl_L3_NS,NONE,0.02,0.0
3090,32Nvl_L1_NS,32NVL_NS,0.021,0.021
3090,32Nvl_L1_EW,32NVL_EW,0.035,0.03
3090,32Nvl_L2_EW,32NVL_EW,0.039,0.039
3090,32Nvl_L1_EW,32NVL_EW,0.02,0.015
3090,32Nvl_L2_EW,32NVL_EW,0.015,0.015
3090,32Mt_L1_NS,32MT_NS,0.075,0.075
3090,32Mt_L1_EW,NONE,0.014,0.0
3090,32Mt_L3_EW,NONE,0.009,0.0
3090,32Mt_L1_EW,32MT_EW,0.007,-0.018
3090,NvcMt_L2_NS,NONE,0.005,0.0
3090,NvcMt_L1_EW,NVCMT_EW,0.032,0.026
3090,NvcCmt8_L2_EW,NVCCMT8_EW,0.005,0.005
3090,304Nvl_L3_EW,NONE,0.038,0.0
3090,32Nvl_L2_NS,32NVL_NS,0.02,0.02
3090,32Nvl_L3_EW,NONE,0.012,0.0
3090,32Nvl_L3_EW,NONE,0.031,0.0
3090,32Mt_L2_EW,NONE,0.008,0.0
3090,NvcMt_L1_NS,NONE,0.005,0.0
3090,NvcMt_L2_EW,NVCMT_EW,0.04,0.036
3090,NvcCmt8_L1_EW,NVCCMT8_EW,0.008,-0.015
3095,304Nvl_L1_EW,304NVL_EW,0.017,0.017
3095,304Nvl_L2_EW,304NVL_EW,0.007,0.007
3095,32Nvl_L3_NS,NONE,0.034,0.0
3095,32Nvl_L1_NS,32NVL_NS,0.042,0.042
3095,32Nvl_L1_EW,32NVL_EW,0.035,0.016
3095,32Nvl_L2_EW,32NVL_EW,0.039,0.031
3095,32Nvl_L1_EW,32NVL_EW,0.013,-0.006
3095,32Nvl_L2_EW,32NVL_EW,0.015,0.007
3095,32Nvl_L2_NS,32NVL_NS,0.095,0.095
3095,32Mt_L1_NS,32MT_NS,0.075,0.075
3095,32Mt_L1_EW,NONE,0.007,0.0
3095,32Mt_L3_EW,NONE,0.009,0.0
3095,32Mt_L1_EW,32MT_EW,0.028,0.003
3095,32Mt_L1_NS,NONE,0.127,0.0
3095,NvcMt_L2_NS,NONE,0.005,0.0
3095,NvcCmt8_L2_EW,NVCCMT8_EW,0.005,0.005
3095,304Nvl_L3_EW,NONE,0.006,0.0
3095,32Nvl_L2_NS,32NVL_NS,0.04,0.04
3095,32Nvl_L3_EW,NONE,0.012,0.0
3095,32Nvl_L3_EW,NONE,0.031,0.0
3095,32Nvl_L1_NS,32NVL_NS,0.007,0.007
3095,32Mt_L2_EW,NONE,0.008,0.0
3095,32Mt_L2_EW,32MT_EW,0.011,-0.016
3095,NvcMt_L1_NS,NONE,0.005,0.0
3095,NvcCmt8_L1_EW,NVCCMT8_EW,0.008,0.008
3095,NvcCmt8_L1_EW,NONE,0.069,0.0
3100,304Nvl_L1_EW,304NVL_EW,0.025,0.025
3100,304Nvl_L2_EW,304NVL_EW,0.015,0.015
3100,304Nvl_L1_NS,NONE,0.044,0.0
3100,32Nvl_L3_NS,NONE,0.007,0.0
3100,32Nvl_L1_NS,32NVL_NS,0.014,0.014
3100,32Nvl_L1_EW,32NVL_EW,0.035,0.035
3100,32Nvl_L2_EW,32NVL_EW,0.039,0.039
3100,32Nvl_L1_EW,32NVL_EW,0.013,0.013
3100,32Nvl_L2_EW,32NVL_EW,0.015,0.015
3100,32Nvl_L3_NS,NONE,0.1,0.0
3100,32Nvl_L2_NS,32NVL_NS,0.095,0.095
3100,32Mt_L1_NS,32MT_NS,0.075,0.075
3100,32Mt_L1_EW,NONE,0.007,0.0
3100,32Mt_L1_NS,NONE,0.127,0.0
3100,NvcCmt8_L2_EW,NVCCMT8_EW,0.005,0.005
3100,304Nvl_L3_EW,NONE,0.013,0.0
3100,32Nvl_L2_NS,32NVL_NS,0.013,0.013
3100,32Nvl_L3_EW,NONE,0.012,0.0
3100,32Nvl_L3_EW,NONE,0.031,0.0
3100,32Nvl_L1_NS,32NVL_NS,0.087,0.087
3100,NvcCmt8_L1_EW,NVCCMT8_EW,0.008,0.008
3100,NvcCmt8_L1_EW,NONE,0.069,0.0
3105,304Nvl_L1_NS,NONE,0.036,0.0
3105,304Nvl_L3_NS,NONE,0.04,0.0
3105,32Nvl_L1_NS,32NVL_NS,0.007,0.007
3105,32Nvl_L1_EW,32NVL_EW,0.042,0.042
3105,32Nvl_L2_EW,32NVL_EW,0.046,0.046
3105,32Nvl_L1_EW,32NVL_EW,0.013,0.013
3105,32Nvl_L2_EW,32NVL_EW,0.015,0.015
3105,NvcNvl_L3_NS,NONE,0.014,0.0
3105,NvcNvl_L2_NS,NONE,0.013,0.0
3105,32Mt_L1_NS,32MT_NS,0.006,0.006
3105,32Mt_L1_EW,NONE,0.007,0.0
3105,304Nvl_L2_NS,NONE,0.037,0.0
3105,32Nvl_L2_NS,32NVL_NS,0.007,0.007
3105,32Nvl_L3_EW,NONE,0.012,0.0
3105,32Nvl_L3_EW,NONE,0.038,0.0
3105,32Nvl_L1_NS,32NVL_NS,0.034,0.034
3105,NvcNvl_L1_NS,NONE,0.017,0.0
3110,304Nvl_L1_EW,304NVL_EW,0.025,0.025
3110,304Nvl_L2_EW,304NVL_EW,0.015,0.015
3110,304Nvl_L1_NS,NONE,0.058,0.0
3110,304Nvl_L3_NS,NONE,0.056,0.0
3110,32Nvl_L3_NS,NONE,0.007,0.0
3110,32Nvl_L1_NS,32NVL_NS,0.007,0.007
3110,32Nvl_L1_EW,32NVL_EW,0.05,0.05
3110,32Nvl_L2_EW,32NVL_EW,0.054,0.054
3110,32Nvl_L1_EW,32NVL_EW,0.013,0.013
3110,32Nvl_L2_EW,32NVL_EW,0.015,0.015
3110,32Mt_L1_NS,32MT_NS,0.006,0.006
3110,32Mt_L1_NS,NONE,0.01,0.0
3110,NvcMt_L2_NS,NONE,0.026,0.0
3110,304Nvl_L3_EW,NONE,0.006,0.0
3110,304Nvl_L2_NS,NONE,0.052,0.0
3110,32Nvl_L2_NS,32NVL_NS,0.007,0.007
3110,32Nvl_L3_EW,NONE,0.012,0.0
3110,32Nvl_L3_EW,NONE,0.044,0.0
3110,32Nvl_L1_NS,32NVL_NS,0.007,0.007
3110,32Mt_L2_NS,NONE,0.009,0.0
3110,NvcMt_L1_NS,NONE,0.027,0.0
3115,304Nvl_L1_EW,304NVL_EW,0.017,0.017
3115,304Nvl_L2_EW,304NVL_EW,0.015,0.015
3115,304Nvl_L1_NS,NONE,0.007,0.0
3115,304Nvl_L3_NS,NONE,0.008,0.0
3115,32Nvl_L1_EW,32NVL_EW,0.05,0.045
3115,32Nvl_L2_EW,32NVL_EW,0.054,0.05
3115,32Nvl_L1_EW,32NVL_EW,0.013,0.009
3115,32Nvl_L2_EW,32NVL_EW,0.015,0.011
3115,NvcNvl_L1_NS,NVCNVL_NS,0.007,0.007
3115,32Mt_L1_NS,32MT_NS,0.006,0.006
3115,32Mt_L1_EW,32MT_EW,0.007,-0.028
3115,304Nvl_L3_EW,NONE,0.013,0.0
3115,304Nvl_L2_NS,NONE,0.007,0.0
3115,32Nvl_L3_EW,NONE,0.012,0.0
3115,32Nvl_L3_EW,NONE,0.044,0.0
3115,32Nvl_L1_NS,32NVL_NS,0.013,0.009
3115,32Mt_L2_NS,32MT_NS,0.006,0.006
3115,32Mt_L2_EW,32MT_EW,0.005,-0.032
3120,304Nvl_L1_EW,304NVL_EW,0.051,0.051
3120,304Nvl_L2_EW,304NVL_EW,0.007,0.007
3120,304Nvl_L1_NS,NONE,0.007,0.0
3120,32Nvl_L1_EW,32NVL_EW,0.05,0.045
3120,32Nvl_L2_EW,32NVL_EW,0.054,0.05
3120,32Nvl_L1_EW,32NVL_EW,0.013,0.009
3120,32Nvl_L2_EW,32NVL_EW,0.015,0.011
3120,NvcNvl_L1_NS,NVCNVL_NS,0.007,0.007
3120,32Mt_L1_NS,32MT_NS,0.006,0.006
3120,32Mt_L1_EW,32MT_EW,0.007,-0.028
3120,NvcMt_L1_EW,NVCMT_EW,0.006,0.006
3120,304Nvl_L3_EW,NONE,0.006,0.0
3120,32Nvl_L3_EW,NONE,0.012,0.0
3120,32Nvl_L3_EW,NONE,0.044,0.0
3120,32Mt_L2_NS,32MT_NS,0.006,0.006
3120,32Mt_L2_EW,32MT_EW,0.005,-0.032
3120,NvcMt_L2_EW,NVCMT_EW,0.008,0.008
3125,304Nvl_L1_EW,304NVL_EW,0.025,0.025
3125,304Nvl_L2_EW,304NVL_EW,0.007,0.007
3125,304Nvl_L1_NS,NONE,0.007,0.0
3125,32Nvl_L3_NS,NONE,0.041,0.0
3125,32Nvl_L1_NS,32NVL_NS,0.042,0.042
3125,32Nvl_L1_EW,32NVL_EW,0.042,0.042
3125,32Nvl_L2_EW,32NVL_EW,0.046,0.046
3125,32Nvl_L1_EW,32NVL_EW,0.013,0.013
3125,32Nvl_L2_EW,32NVL_EW,0.015,0.015
3125,NvcNvl_L3_NS,NONE,0.007,0.0
3125,NvcNvl_L2_NS,NONE,0.007,0.0
3125,NvcNvl_L1_EW,NVCNVL_EW,0.084,0.084
3125,NvcNvl_L2_EW,NVCNVL_EW,0.094,0.094
3125,32Mt_L1_NS,32MT_NS,0.013,0.013
3125,304Nvl_L3_EW,NONE,0.006,0.0
3125,32Nvl_L2_NS,32NVL_NS,0.04,0.04
3125,32Nvl_L3_EW,NONE,0.012,0.0
3125,32Nvl_L3_EW,NONE,0.038,0.0
3125,32Nvl_L1_NS,32NVL_NS,0.007,0.007
3125,NvcNvl_L1_NS,NONE,0.009,0.0
3125,NvcNvl_L3_EW,NONE,0.112,0.0
3125,32Mt_L2_NS,32MT_NS,0.006,0.006
3130,304Nvl_L1_NS,NONE,0.007,0.0
3130,32Nvl_L1_NS,32NVL_NS,0.007,0.007
3130,32Nvl_L1_EW,32NVL_EW,0.035,0.035
3130,32Nvl_L2_EW,32NVL_EW,0.039,0.039
3130,32Nvl_L1_EW,32NVL_EW,0.013,0.013
3130,32Nvl_L2_EW,32NVL_EW,0.015,0.015
3130,32Nvl_L3_NS,NONE,0.008,0.0
3130,32Nvl_L2_NS,32NVL_NS,0.008,0.008
3130,NvcNvl_L1_EW,NVCNVL_EW,0.084,0.084
3130,NvcNvl_L2_EW,NVCNVL_EW,0.094,0.094
3130,32Mt_L1_NS,32MT_NS,0.013,0.013
3130,32Mt_L1_EW,NONE,0.007,0.0
3130,32Mt_L3_EW,NONE,0.009,0.0
3130,32Mt_L1_NS,NONE,0.01,0.0
3130,32Nvl_L2_NS,32NVL_NS,0.007,0.007
3130,32Nvl_L3_EW,NONE,0.012,0.0
3130,32Nvl_L3_EW,NONE,0.031,0.0
3130,32Nvl_L1_NS,32NVL_NS,0.007,0.007
3130,NvcNvl_L3_EW,NONE,0.112,0.0
3130,32Mt_L2_NS,32MT_NS,0.006,0.006
3130,32Mt_L2_EW,NONE,0.008,0.0
3130,32Mt_L2_NS,NONE,0.009,0.0
3135,304Nvl_L1_EW,304NVL_EW,0.008,0.008
3135,32Nvl_L3_NS,NONE,0.007,0.0
3135,32Nvl_L1_NS,32NVL_NS,0.007,0.007
3135,32Nvl_L1_EW,32NVL_EW,0.035,0.035
3135,32Nvl_L2_EW,32NVL_EW,0.039,0.039
3135,32Nvl_L3_NS,NONE,0.017,0.0
3135,32Nvl_L2_NS,32NVL_NS,0.016,0.016
3135,NvcNvl_L3_NS,NONE,0.007,0.0
3135,NvcNvl_L2_NS,NONE,0.007,0.0
3135,NvcNvl_L1_EW,NVCNVL_EW,0.007,0.007
3135,NvcNvl_L2_EW,NVCNVL_EW,0.008,0.008
3135,32Mt_L1_NS,32MT_NS,0.006,0.006
3135,32Nvl_L2_NS,32NVL_NS,0.007,0.007
3135,32Nvl_L3_EW,NONE,0.031,0.0
3135,32Nvl_L1_NS,32NVL_NS,0.013,0.013
3135,NvcNvl_L1_NS,NONE,0.009,0.0
3135,NvcNvl_L3_EW,NONE,0.009,0.0
3140,32Nvl_L3_NS,NONE,0.007,0.0
3140,32Nvl_L1_NS,32NVL_NS,0.014,0.014
3140,32Nvl_L1_EW,32NVL_EW,0.05,0.045
3140,32Nvl_L2_EW,32NVL_EW,0.054,0.05
3140,32Nvl_L1_EW,32NVL_EW,0.034,0.029
3140,32Nvl_L3_NS,NONE,0.017,0.0
3140,32Nvl_L2_NS,32NVL_NS,0.016,0.016
3140,NvcNvl_L1_EW,NONE,0.021,0.0
3140,NvcNvl_L2_EW,NONE,0.015,0.0
3140,32Mt_L1_EW,NONE,0.007,0.0
3140,32Mt_L1_EW,32MT_EW,0.007,-0.028
3140,32Nvl_L2_NS,32NVL_NS,0.013,0.013
3140,32Nvl_L3_EW,NONE,0.044,0.0
3140,32Nvl_L1_NS,32NVL_NS,0.027,0.027
3140,NvcNvl_L3_EW,NONE,0.006,0.0
3140,32Mt_L2_EW,32MT_EW,0.005,-0.032
3145,304Thn_L1_EW,NONE,0.007,0.0
3145,304Thn_L2_EW,NONE,0.008,0.0
3145,304Nvl_L1_NS,304NVL_NS,0.009,-0.001
3145,304Nvl_L3_NS,NONE,0.007,0.0
3145,304Nvl_L1_EW,304NVL_EW,0.008,0.008
3145,304Nvl_L2_EW,304NVL_EW,0.007,0.007
3145,32Nvl_L3_NS,NONE,0.007,0.0
3145,32Nvl_L1_NS,32NVL_NS,0.014,0.008
3145,32Nvl_L1_EW,32NVL_EW,0.035,0.03
3145,32Nvl_L2_EW,32NVL_EW,0.039,0.035
3145,32Nvl_L1_EW,32NVL_EW,0.067,0.062
3145,32Nvl_L2_EW,32NVL_EW,0.037,0.034
3145,32Nvl_L3_NS,NONE,0.017,0.0
3145,32Nvl_L2_NS,32NVL_NS,0.016,0.01
3145,NvcNvl_L1_EW,NVCNVL_EW,0.007,0.007
3145,NvcNvl_L2_EW,NVCNVL_EW,0.008,0.008
3145,32Mt_L1_EW,NONE,0.036,0.0
3145,32Mt_L3_EW,NONE,0.044,0.0
3145,32Mt_L1_EW,32MT_EW,0.007,-0.018
3145,32Thn_L1_EW,NONE,0.01,0.0
3145,32Thn_L2_EW,NONE,0.01,0.0
3145,32Thn_L3_EW,NONE,0.007,0.0
3145,304Nvl_L2_NS,304NVL_NS,0.008,-0.003
3145,304Nvl_L3_EW,NONE,0.006,0.0
3145,32Nvl_L2_NS,32NVL_NS,0.013,0.008
3145,32Nvl_L3_EW,NONE,0.031,0.0
3145,32Nvl_L3_EW,NONE,0.031,0.0
3145,32Nvl_L1_NS,32NVL_NS,0.027,0.021
3145,NvcNvl_L3_EW,NONE,0.009,0.0
3145,32Mt_L2_EW,NONE,0.038,0.0
3145,32Mt_L2_EW,32MT_EW,0.005,-0.022
3145,304Thn_L3_EW,NONE,0.008,0.0
3150,304Thn_L1_EW,304THN_EW,0.008,0.002
3150,304Nvl_L1_EW,304NVL_EW,0.008,0.003
3150,304Nvl_L2_EW,304NVL_EW,0.007,0.007
3150,32Nvl_L3_NS,NONE,0.007,0.0
3150,32Nvl_L1_NS,32NVL_NS,0.007,0.007
3150,32Nvl_L1_EW,32NVL_EW,0.035,0.025
3150,32Nvl_L2_EW,32NVL_EW,0.039,0.035
3150,32Nvl_L1_EW,32NVL_EW,0.034,0.023
3150,32Nvl_L2_EW,32NVL_EW,0.037,0.034
3150,NvcNvl_L1_EW,NONE,0.011,0.0
3150,NvcNvl_L1_EW,NVCNVL_EW,0.007,0.003
3150,NvcNvl_L2_EW,NVCNVL_EW,0.008,0.008
3150,32Mt_L1_EW,NONE,0.058,0.0
3150,32Mt_L3_EW,NONE,0.027,0.0
3150,32Mt_L1_EW,32MT_EW,0.007,-0.018
3150,32Mt_L1_NS,NONE,0.049,0.0
3150,NvcMt_L1_EW,NVCMT_EW,0.006,0.001
3150,NvcCmt8_L2_EW,NONE,0.007,0.0
3150,32Thn_L1_EW,32THN_EW,0.008,-0.017
3150,304Nvl_L3_EW,NONE,0.006,0.0
3150,32Nvl_L2_NS,32NVL_NS,0.007,0.007
3150,32Nvl_L3_EW,NONE,0.031,0.0
3150,32Nvl_L3_EW,NONE,0.031,0.0
3150,32Nvl_L1_NS,32NVL_NS,0.007,0.007
3150,NvcNvl_L3_EW,NONE,0.009,0.0
3150,32Mt_L2_EW,NONE,0.06,0.0
3150,32Mt_L2_EW,32MT_EW,0.005,-0.022
3150,32Mt_L2_NS,NONE,0.043,0.0
3150,NvcMt_L2_EW,NVCMT_EW,0.008,0.002
3150,NvcCmt8_L1_EW,NONE,0.006,0.0
3155,304Thn_L1_EW,304THN_EW,0.008,0.002
3155,304Nvl_L1_EW,304NVL_EW,0.008,0.003
3155,304Nvl_L2_EW,304NVL_EW,0.007,0.007
3155,304Nvl_L1_NS,NONE,0.007,0.0
3155,32Nvl_L1_NS,32NVL_NS,0.007,0.007
3155,32Nvl_L1_EW,32NVL_EW,0.035,0.03
3155,32Nvl_L2_EW,32NVL_EW,0.039,0.035
3155,32Nvl_L1_EW,32NVL_EW,0.04,0.035
3155,32Nvl_L2_EW,32NVL_EW,0.037,0.034
3155,NvcNvl_L3_NS,NONE,0.034,0.0
3155,NvcNvl_L2_NS,NONE,0.033,0.0
3155,NvcNvl_L1_EW,NONE,0.011,0.0
3155,NvcNvl_L2_EW,NONE,0.008,0.0
3155,32Mt_L1_EW,NONE,0.007,0.0
3155,32Mt_L3_EW,NONE,0.009,0.0
3155,32Mt_L1_EW,32MT_EW,0.007,-0.018
3155,32Mt_L1_NS,NONE,0.049,0.0
3155,NvcMt_L1_EW,NVCMT_EW,0.006,0.006
3155,304Nvl_L3_EW,NONE,0.006,0.0
3155,32Nvl_L2_NS,32NVL_NS,0.007,0.007
3155,32Nvl_L3_EW,NONE,0.031,0.0
3155,32Nvl_L3_EW,NONE,0.031,0.0
3155,32Nvl_L1_NS,32NVL_NS,0.007,0.007
3155,NvcNvl_L1_NS,NONE,0.044,0.0
3155,32Mt_L2_EW,NONE,0.008,0.0
3155,32Mt_L2_EW,32MT_EW,0.005,-0.022
3155,32Mt_L2_NS,NONE,0.043,0.0
3155,NvcMt_L2_EW,NVCMT_EW,0.008,0.008
3160,32Nvl_L1_NS,32NVL_NS,0.007,0.007
3160,32Nvl_L1_EW,32NVL_EW,0.035,0.006
3160,32Nvl_L2_EW,32NVL_EW,0.039,0.035
3160,32Nvl_L1_EW,32NVL_EW,0.04,0.011
3160,32Nvl_L2_EW,32NVL_EW,0.037,0.034
3160,32Mt_L1_NS,32MT_NS,0.006,0.006
3160,32Mt_L1_EW,NONE,0.007,0.0
3160,32Mt_L3_EW,NONE,0.009,0.0
3160,32Mt_L1_EW,32MT_EW,0.042,0.017
3160,NvcMt_L1_EW,NVCMT_EW,0.006,0.001
3160,32Nvl_L3_EW,NONE,0.031,0.0
3160,32Nvl_L3_EW,NONE,0.031,0.0
3160,32Nvl_L1_NS,32NVL_NS,0.007,0.007
3160,32Mt_L2_NS,32MT_NS,0.006,0.006
3160,32Mt_L2_EW,NONE,0.008,0.0
3160,32Mt_L2_EW,32MT_EW,0.005,-0.022
3160,NvcMt_L2_EW,NVCMT_EW,0.008,0.008
3160,NvcCmt8_L1_EW,NVCCMT8_EW,0.008,0.003
3165,304Nvl_L1_NS,NONE,0.015,0.0
3165,32Nvl_L1_NS,32NVL_NS,0.007,-0.016
3165,32Nvl_L1_EW,32NVL_EW,0.035,0.001
3165,32Nvl_L2_EW,32NVL_EW,0.039,0.035
3165,32Nvl_L1_EW,32NVL_EW,0.034,-0.001
3165,32Nvl_L2_EW,32NVL_EW,0.037,0.034
3165,32Nvl_L3_NS,NONE,0.042,0.0
3165,32Nvl_L2_NS,32NVL_NS,0.039,0.039
3165,NvcNvl_L3_NS,NONE,0.007,0.0
3165,NvcNvl_L2_NS,NONE,0.007,0.0
3165,NvcNvl_L1_NS,NVCNVL_NS,0.033,0.028
3165,32Mt_L1_EW,NONE,0.007,0.0
3165,32Mt_L3_EW,NONE,0.009,0.0
3165,32Mt_L1_EW,32MT_EW,0.049,0.024
3165,32Mt_L1_NS,NONE,0.059,0.0
3165,32Nvl_L3_EW,NONE,0.031,0.0
3165,32Nvl_L3_EW,NONE,0.031,0.0
3165,32Nvl_L1_NS,32NVL_NS,0.04,0.017
3165,NvcNvl_L1_NS,NONE,0.009,0.0
3165,32Mt_L2_EW,NONE,0.008,0.0
3165,32Mt_L2_EW,32MT_EW,0.005,-0.022
3165,32Mt_L2_NS,NONE,0.009,0.0
3170,304Nvl_L1_NS,NONE,0.007,0.0
3170,32Nvl_L1_EW,32NVL_EW,0.035,-0.033
3170,32Nvl_L2_EW,32NVL_EW,0.039,-0.003
3170,32Nvl_L1_EW,32NVL_EW,0.034,-0.035
3170,32Nvl_L2_EW,32NVL_EW,0.037,-0.005
3170,32Nvl_L3_NS,NONE,0.008,0.0
3170,32Nvl_L2_NS,32NVL_NS,0.008,0.008
3170,NvcNvl_L1_EW,NONE,0.011,0.0
3170,NvcNvl_L2_EW,NONE,0.008,0.0
3170,NvcNvl_L1_NS,NVCNVL_NS,0.033,0.033
3170,32Mt_L1_EW,NONE,0.022,0.0
3170,32Mt_L3_EW,NONE,0.018,0.0
3170,32Mt_L1_EW,32MT_EW,0.098,0.073
3170,32Mt_L1_NS,NONE,0.068,0.0
3170,NvcMt_L2_NS,NONE,0.005,0.0
3170,NvcCmt8_L2_NS,NONE,0.054,0.0
3170,NvcCmt8_L1_NS,NONE,0.039,0.0
3170,32Nvl_L3_EW,NONE,0.031,0.0
3170,32Nvl_L3_EW,NONE,0.031,0.0
3170,32Nvl_L1_NS,32NVL_NS,0.007,-0.016
3170,32Mt_L2_EW,NONE,0.015,0.0
3170,32Mt_L2_EW,32MT_EW,0.06,0.033
3170,NvcMt_L1_NS,NONE,0.005,0.0
3175,304Nvl_L1_EW,304NVL_EW,0.008,0.008
3175,304Nvl_L2_EW,304NVL_EW,0.007,0.007
3175,32Nvl_L3_NS,NONE,0.007,0.0
3175,32Nvl_L1_NS,32NVL_NS,0.007,-0.016
3175,32Nvl_L1_EW,32NVL_EW,0.035,-0.038
3175,32Nvl_L2_EW,32NVL_EW,0.039,-0.007
3175,32Nvl_L1_EW,32NVL_EW,0.034,-0.04
3175,32Nvl_L2_EW,32NVL_EW,0.037,-0.008
3175,NvcNvl_L1_NS,NVCNVL_NS,0.033,0.028
3175,32Mt_L1_NS,32MT_NS,0.006,0.006
3175,32Mt_L1_EW,NONE,0.007,0.0
3175,32Mt_L3_EW,NONE,0.009,0.0
3175,32Mt_L1_EW,32MT_EW,0.105,0.08
3175,32Mt_L1_NS,NONE,0.01,0.0
3175,NvcMt_L2_NS,NONE,0.011,0.0
3175,304Nvl_L3_EW,NONE,0.006,0.0
3175,32Nvl_L2_NS,32NVL_NS,0.007,0.007
3175,32Nvl_L3_EW,NONE,0.031,0.0
3175,32Nvl_L3_EW,NONE,0.031,0.0
3175,32Mt_L2_EW,NONE,0.008,0.0
3175,32Mt_L2_EW,32MT_EW,0.065,0.038
3175,NvcMt_L1_NS,NONE,0.011,0.0
3180,304Thn_L1_EW,304THN_EW,0.008,0.008
3180,304Thn_L3_EW,NONE,0.008,0.0
3180,304Nvl_L1_NS,304NVL_NS,0.109,0.104
3180,304Nvl_L3_NS,NONE,0.089,0.0
3180,32Nvl_L1_NS,32NVL_NS,0.007,-0.069
3180,32Nvl_L1_EW,32NVL_EW,0.035,-0.009
3180,32Nvl_L2_EW,32NVL_EW,0.039,0.008
3180,32Nvl_L1_EW,32NVL_EW,0.034,-0.01
3180,32Nvl_L2_EW,32NVL_EW,0.037,0.007
3180,32Nvl_L3_NS,NONE,0.008,0.0
3180,32Nvl_L2_NS,32NVL_NS,0.008,-0.056
3180,NvcNvl_L1_EW,NONE,0.011,0.0
3180,NvcNvl_L2_EW,NONE,0.008,0.0
3180,NvcNvl_L1_EW,NVCNVL_EW,0.007,0.007
3180,NvcNvl_L2_EW,NVCNVL_EW,0.008,0.008
3180,32Mt_L1_EW,NONE,0.007,0.0
3180,32Mt_L3_EW,NONE,0.009,0.0
3180,32Mt_L1_EW,32MT_EW,0.063,0.038
3180,NvcCmt8_L2_EW,NVCCMT8_EW,0.005,0.005
3180,NvcCmt8_L2_NS,NONE,0.011,0.0
3180,NvcCmt8_L1_NS,NONE,0.008,0.0
3180,304Nvl_L2_NS,304NVL_NS,0.091,0.086
3180,32Nvl_L3_EW,NONE,0.031,0.0
3180,32Nvl_L3_EW,NONE,0.031,0.0
3180,32Nvl_L1_NS,32NVL_NS,0.007,-0.069
3180,NvcNvl_L3_EW,NONE,0.006,0.0
3180,NvcNvl_L3_EW,NONE,0.009,0.0
3180,32Mt_L2_EW,NONE,0.008,0.0
3180,32Mt_L2_EW,32MT_EW,0.044,0.016
3180,NvcCmt8_L1_EW,NVCCMT8_EW,0.008,0.008
3180,304Thn_L2_EW,304THN_EW,0.007,0.007
3185,304Thn_L1_EW,304THN_EW,0.008,-0.069
3185,304Thn_L3_EW,NONE,0.008,0.0
3185,304Nvl_L1_NS,304NVL_NS,0.109,0.109
3185,304Nvl_L3_NS,NONE,0.089,0.0
3185,304Nvl_L1_EW,304NVL_EW,0.11,0.104
3185,304Nvl_L2_EW,304NVL_EW,0.087,0.082
3185,32Nvl_L1_EW,32NVL_EW,0.035,-0.004
3185,32Nvl_L2_EW,32NVL_EW,0.039,0.012
3185,32Nvl_L1_EW,32NVL_EW,0.034,-0.005
3185,32Nvl_L2_EW,32NVL_EW,0.037,0.011
3185,NvcNvl_L3_NS,NONE,0.081,0.0
3185,NvcNvl_L2_NS,NONE,0.079,0.0
3185,32Mt_L1_EW,NONE,0.007,0.0
3185,32Mt_L3_EW,NONE,0.009,0.0
3185,32Mt_L1_EW,32MT_EW,0.056,0.031
3185,32Mt_L1_NS,NONE,0.01,0.0
3185,304Nvl_L2_NS,304NVL_NS,0.091,0.091
3185,304Nvl_L3_EW,NONE,0.076,0.0
3185,32Nvl_L3_EW,NONE,0.031,0.0
3185,32Nvl_L3_EW,NONE,0.031,0.0
3185,NvcNvl_L1_NS,NONE,0.105,0.0
3185,32Mt_L2_EW,NONE,0.008,0.0
3185,32Mt_L2_EW,32MT_EW,0.038,0.011
3185,32Mt_L2_NS,NONE,0.009,0.0
3185,304Thn_L2_EW,304THN_EW,0.007,-0.054
3190,304Thn_L1_EW,304THN_EW,0.008,-0.004
3190,304Thn_L3_EW,NONE,0.008,0.0
3190,304Nvl_L1_NS,304NVL_NS,0.109,0.099
3190,304Nvl_L3_NS,NONE,0.089,0.0
3190,304Nvl_L1_EW,304NVL_EW,0.017,0.011
3190,304Nvl_L2_EW,304NVL_EW,0.015,0.009
3190,32Nvl_L1_NS,32NVL_NS,0.014,-0.062
3190,32Nvl_L1_EW,32NVL_EW,0.035,0.001
3190,32Nvl_L2_EW,32NVL_EW,0.039,0.012
3190,32Nvl_L1_EW,32NVL_EW,0.034,-0.001
3190,32Nvl_L2_EW,32NVL_EW,0.037,0.011
3190,32Nvl_L3_NS,NONE,0.008,0.0
3190,32Nvl_L2_NS,32NVL_NS,0.008,-0.056
3190,NvcNvl_L3_NS,NONE,0.041,0.0
3190,NvcNvl_L2_NS,NONE,0.119,0.0
3190,NvcNvl_L1_EW,NVCNVL_EW,0.007,0.007
3190,32Mt_L1_NS,32MT_NS,0.013,0.013
3190,32Mt_L1_EW,32MT_EW,0.049,0.024
3190,32Mt_L1_NS,NONE,0.01,0.0
3190,NvcMt_L2_NS,NONE,0.005,0.0
3190,304Nvl_L2_NS,304NVL_NS,0.091,0.086
3190,304Nvl_L3_EW,NONE,0.013,0.0
3190,32Nvl_L2_NS,32NVL_NS,0.007,-0.057
3190,32Nvl_L3_EW,NONE,0.031,0.0
3190,32Nvl_L3_EW,NONE,0.031,0.0
3190,32Nvl_L1_NS,32NVL_NS,0.007,-0.069
3190,NvcNvl_L1_NS,NONE,0.157,0.0
3190,32Mt_L2_NS,32MT_NS,0.006,0.006
3190,32Mt_L2_EW,32MT_EW,0.038,0.011
3190,NvcMt_L1_NS,NONE,0.005,0.0
3190,304Thn_L2_EW,304THN_EW,0.007,-0.003
3195,304Nvl_L1_NS,304NVL_NS,0.109,0.104
3195,304Nvl_L3_NS,NONE,0.089,0.0
3195,304Nvl_L1_NS,NONE,0.007,0.0
3195,304Nvl_L3_NS,NONE,0.008,0.0
3195,32Nvl_L3_NS,NONE,0.007,0.0
3195,32Nvl_L1_NS,32NVL_NS,0.007,-0.069
3195,32Nvl_L1_EW,32NVL_EW,0.035,-0.013
3195,32Nvl_L2_EW,32NVL_EW,0.039,0.004
3195,32Nvl_L3_NS,NONE,0.008,0.0
3195,32Nvl_L2_NS,32NVL_NS,0.008,-0.056
3195,NvcNvl_L3_NS,NONE,0.041,0.0
3195,NvcNvl_L2_NS,NONE,0.04,0.0
3195,NvcNvl_L1_EW,NONE,0.128,0.0
3195,NvcNvl_L2_EW,NONE,0.092,0.0
3195,NvcNvl_L1_EW,NVCNVL_EW,0.007,0.007
3195,NvcNvl_L2_EW,NVCNVL_EW,0.008,0.006
3195,32Mt_L1_EW,32MT_EW,0.07,0.045
3195,32Mt_L1_NS,NONE,0.01,0.0
3195,NvcMt_L2_NS,NONE,0.005,0.0
3195,NvcMt_L2_EW,NVCMT_EW,0.003,-0.003
3195,304Nvl_L2_NS,304NVL_NS,0.091,0.086
3195,304Nvl_L2_NS,NONE,0.007,0.0
3195,32Nvl_L2_NS,32NVL_NS,0.007,-0.057
3195,32Nvl_L3_EW,NONE,0.031,0.0
3195,32Nvl_L1_NS,32NVL_NS,0.007,-0.069
3195,NvcNvl_L1_NS,NONE,0.052,0.0
3195,NvcNvl_L3_EW,NONE,0.009,0.0
3195,32Mt_L2_EW,32MT_EW,0.049,0.022
3195,NvcMt_L1_NS,NONE,0.005,0.0
3195,NvcMt_L2_EW,NVCMT_EW,0.008,0.002
3195,NvcMt_L1_EW,NVCMT_EW,0.006,0.001
3200,304Nvl_L1_NS,304NVL_NS,0.109,0.099
3200,304Nvl_L3_NS,NONE,0.089,0.0
3200,304Nvl_L1_EW,304NVL_EW,0.102,0.102
3200,304Nvl_L1_NS,NONE,0.007,0.0
3200,32Nvl_L1_NS,32NVL_NS,0.014,-0.062
3200,32Nvl_L3_NS,NONE,0.008,0.0
3200,32Nvl_L2_NS,32NVL_NS,0.008,-0.056
3200,NvcNvl_L3_NS,NONE,0.02,0.0
3200,NvcNvl_L2_NS,NONE,0.02,0.0
3200,NvcNvl_L1_EW,NONE,0.139,0.0
3200,NvcNvl_L2_EW,NONE,0.008,0.0
3200,NvcNvl_L1_EW,NVCNVL_EW,0.007,0.007
3200,32Mt_L1_EW,NONE,0.007,0.0
3200,32Mt_L1_EW,32MT_EW,0.063,0.063
3200,304Nvl_L2_NS,304NVL_NS,0.091,0.086
3200,32Nvl_L2_NS,32NVL_NS,0.007,-0.057
3200,32Nvl_L1_NS,32NVL_NS,0.013,-0.063
3200,NvcNvl_L1_NS,NONE,0.026,0.0
3200,NvcNvl_L3_EW,NONE,0.006,0.0
3200,32Mt_L2_EW,32MT_EW,0.049,0.049
3200,NvcMt_L1_EW,NVCMT_EW,0.006,0.001
3205,304Nvl_L1_NS,304NVL_NS,0.109,0.099
3205,304Nvl_L3_NS,NONE,0.089,0.0
3205,304Nvl_L1_EW,304NVL_EW,0.169,0.169
3205,304Nvl_L2_EW,304NVL_EW,0.051,0.051
3205,32Nvl_L1_NS,32NVL_NS,0.014,-0.085
3205,32Nvl_L3_NS,NONE,0.017,0.0
3205,32Nvl_L2_NS,32NVL_NS,0.016,-0.048
3205,NvcNvl_L3_NS,NONE,0.014,0.0
3205,NvcNvl_L2_NS,NONE,0.013,0.0
3205,NvcNvl_L1_EW,NONE,0.011,0.0
3205,NvcNvl_L2_EW,NONE,0.008,0.0
3205,NvcNvl_L1_NS,NVCNVL_NS,0.033,0.023
3205,32Mt_L1_EW,NONE,0.007,0.0
3205,32Mt_L1_EW,32MT_EW,0.021,0.021
3205,32Mt_L1_NS,NONE,0.049,0.0
3205,NvcMt_L1_EW,NVCMT_EW,0.032,0.032
3205,NvcMt_L2_EW,NVCMT_EW,0.003,0.003
3205,304Nvl_L2_NS,304NVL_NS,0.091,0.08
3205,304Nvl_L3_EW,NONE,0.044,0.0
3205,32Nvl_L2_NS,32NVL_NS,0.007,-0.057
3205,32Nvl_L1_NS,32NVL_NS,0.054,-0.045
3205,NvcNvl_L1_NS,NONE,0.017,0.0
3205,32Mt_L2_EW,32MT_EW,0.016,0.016
3205,32Mt_L2_NS,NONE,0.043,0.0
3205,NvcMt_L2_EW,NVCMT_EW,0.04,0.04
3205,NvcMt_L1_EW,NVCMT_EW,0.006,0.006
3210,304Nvl_L1_NS,304NVL_NS,0.109,0.104
3210,304Nvl_L3_NS,NONE,0.089,0.0
3210,304Nvl_L1_EW,304NVL_EW,0.034,0.034
3210,304Nvl_L2_EW,304NVL_EW,0.022,0.022
3210,304Nvl_L1_NS,NONE,0.007,0.0
3210,304Nvl_L3_NS,NONE,0.008,0.0
3210,32Nvl_L1_NS,32NVL_NS,0.007,-0.092
3210,32Nvl_L3_NS,NONE,0.025,0.0
3210,32Nvl_L2_NS,32NVL_NS,0.024,-0.04
3210,NvcNvl_L1_EW,NONE,0.011,0.0
3210,NvcNvl_L2_EW,NONE,0.008,0.0
3210,NvcNvl_L1_EW,NVCNVL_EW,0.007,-0.02
3210,NvcNvl_L2_EW,NVCNVL_EW,0.008,0.008
3210,NvcNvl_L1_NS,NVCNVL_NS,0.033,0.028
3210,32Mt_L1_NS,32MT_NS,0.006,0.006
3210,32Mt_L1_EW,NONE,0.022,0.0
3210,32Mt_L3_EW,NONE,0.018,0.0
3210,NvcMt_L1_EW,NVCMT_EW,0.038,0.033
3210,304Nvl_L2_NS,304NVL_NS,0.091,0.074
3210,304Nvl_L3_EW,NONE,0.019,0.0
3210,304Nvl_L2_NS,NONE,0.007,0.0
3210,32Nvl_L2_NS,32NVL_NS,0.007,-0.057
3210,32Nvl_L1_NS,32NVL_NS,0.094,-0.005
3210,NvcNvl_L3_EW,NONE,0.009,0.0
3210,32Mt_L2_NS,32MT_NS,0.006,0.006
3210,32Mt_L2_EW,NONE,0.015,0.0
3210,NvcMt_L2_EW,NVCMT_EW,0.048,0.042
3215,304Nvl_L1_NS,304NVL_NS,0.109,0.104
3215,304Nvl_L3_NS,NONE,0.089,0.0
3215,304Nvl_L1_EW,304NVL_EW,0.008,0.008
3215,32Nvl_L1_NS,32NVL_NS,0.007,-0.069
3215,32Nvl_L3_NS,NONE,0.033,0.0
3215,32Nvl_L2_NS,32NVL_NS,0.032,-0.032
3215,NvcNvl_L1_EW,NONE,0.011,0.0
3215,NvcNvl_L2_EW,NONE,0.008,0.0
3215,32Mt_L1_NS,32MT_NS,0.038,-0.02
3215,32Mt_L1_EW,32MT_EW,0.042,0.042
3215,32Mt_L1_NS,NONE,0.01,0.0
3215,NvcMt_L1_NS,NVCMT_NS,0.082,0.056
3215,32Thn_L1_EW,32THN_EW,0.096,0.096
3215,32Thn_L2_EW,32THN_EW,0.1,0.1
3215,304Nvl_L2_NS,304NVL_NS,0.091,0.069
3215,32Nvl_L2_NS,32NVL_NS,0.007,-0.057
3215,32Nvl_L1_NS,32NVL_NS,0.094,0.018
3215,NvcNvl_L3_EW,NONE,0.006,0.0
3215,32Mt_L2_NS,32MT_NS,0.006,-0.039
3215,32Mt_L2_EW,32MT_EW,0.033,0.033
3215,NvcMt_L2_NS,NVCMT_NS,0.065,0.06
3220,304Nvl_L1_NS,304NVL_NS,0.118,0.113
3220,304Nvl_L3_NS,NONE,0.089,0.0
3220,304Nvl_L1_EW,304NVL_EW,0.144,0.144
3220,304Nvl_L2_EW,304NVL_EW,0.087,0.087
3220,32Nvl_L1_NS,32NVL_NS,0.007,-0.075
3220,32Nvl_L3_NS,NONE,0.033,0.0
3220,32Nvl_L2_NS,32NVL_NS,0.032,-0.032
3220,32Mt_L1_NS,32MT_NS,0.038,-0.02
3220,32Mt_L1_EW,NONE,0.014,0.0
3220,32Mt_L3_EW,NONE,0.009,0.0
3220,32Mt_L1_EW,32MT_EW,0.042,0.042
3220,32Mt_L1_NS,NONE,0.01,0.0
3220,NvcMt_L1_EW,NVCMT_EW,0.006,0.006
3220,NvcMt_L1_NS,NVCMT_NS,0.082,0.056
3220,32Thn_L1_EW,NONE,0.058,0.0
3220,32Thn_L2_EW,NONE,0.061,0.0
3220,32Thn_L1_EW,32THN_EW,0.096,0.096
3220,32Thn_L2_EW,32THN_EW,0.1,0.1
3220,32Thn_L3_EW,NONE,0.042,0.0
3220,32Thn_L3_EW,NONE,0.098,0.0
3220,304Nvl_L2_NS,304NVL_NS,0.091,0.069
3220,304Nvl_L3_EW,NONE,0.076,0.0
3220,32Nvl_L2_NS,32NVL_NS,0.007,-0.057
3220,32Nvl_L1_NS,32NVL_NS,0.027,-0.056
3220,32Mt_L2_NS,32MT_NS,0.006,-0.039
3220,32Mt_L2_EW,NONE,0.008,0.0
3220,32Mt_L2_EW,32MT_EW,0.033,0.033
3220,NvcMt_L2_EW,NVCMT_EW,0.008,0.008
3220,NvcMt_L2_NS,NVCMT_NS,0.065,0.06
3225,304Nvl_L1_NS,304NVL_NS,0.118,0.108
3225,304Nvl_L3_NS,NONE,0.089,0.0
3225,304Nvl_L1_EW,304NVL_EW,0.144,0.144
3225,304Nvl_L2_EW,304NVL_EW,0.109,0.109
3225,32Nvl_L3_NS,NONE,0.007,0.0
3225,32Nvl_L1_NS,32NVL_NS,0.014,-0.069
3225,32Nvl_L1_EW,32NVL_EW,0.007,0.001
3225,32Nvl_L2_EW,32NVL_EW,0.008,0.008
3225,32Nvl_L3_NS,NONE,0.042,0.0
3225,32Nvl_L2_NS,32NVL_NS,0.039,-0.024
3225,NvcNvl_L3_NS,NONE,0.007,0.0
3225,NvcNvl_L2_NS,NONE,0.007,0.0
3225,NvcNvl_L1_EW,NVCNVL_EW,0.007,0.007
3225,32Mt_L1_NS,32MT_NS,0.038,-0.02
3225,32Mt_L1_EW,NONE,0.014,0.0
3225,32Mt_L3_EW,NONE,0.009,0.0
3225,32Mt_L1_NS,NONE,0.01,0.0
3225,NvcMt_L2_NS,NONE,0.005,0.0
3225,NvcMt_L1_NS,NVCMT_NS,0.082,0.056
3225,32Thn_L1_EW,NONE,0.165,0.0
3225,32Thn_L2_EW,NONE,0.051,0.0
3225,32Thn_L1_EW,32THN_EW,0.008,0.003
3225,32Thn_L3_EW,NONE,0.035,0.0
3225,304Nvl_L2_NS,304NVL_NS,0.091,0.063
3225,304Nvl_L3_EW,NONE,0.089,0.0
3225,32Nvl_L2_NS,32NVL_NS,0.013,-0.05
3225,32Nvl_L3_EW,NONE,0.006,0.0
3225,32Nvl_L1_NS,32NVL_NS,0.034,-0.049
3225,NvcNvl_L1_NS,NONE,0.009,0.0
3225,32Mt_L2_NS,32MT_NS,0.006,-0.039
3225,32Mt_L2_EW,NONE,0.008,0.0
3225,32Mt_L2_NS,NONE,0.009,0.0
3225,NvcMt_L1_NS,NONE,0.005,0.0
3225,NvcMt_L2_NS,NVCMT_NS,0.065,0.06
3230,304Nvl_L1_NS,304NVL_NS,0.118,0.108
3230,304Nvl_L3_NS,NONE,0.089,0.0
3230,304Nvl_L1_EW,304NVL_EW,0.008,0.008
3230,304Nvl_L2_EW,304NVL_EW,0.007,0.007
3230,32Nvl_L3_NS,NONE,0.007,0.0
3230,32Nvl_L1_NS,32NVL_NS,0.014,-0.069
3230,32Nvl_L1_EW,32NVL_EW,0.007,-0.026
3230,32Nvl_L2_EW,32NVL_EW,0.008,0.004
3230,32Nvl_L3_NS,NONE,0.042,0.0
3230,32Nvl_L2_NS,32NVL_NS,0.039,-0.024
3230,NvcNvl_L1_EW,NONE,0.011,0.0
3230,NvcNvl_L2_EW,NONE,0.008,0.0
3230,32Mt_L1_EW,NONE,0.043,0.0
3230,32Mt_L3_EW,NONE,0.009,0.0
3230,32Mt_L1_EW,32MT_EW,0.007,0.002
3230,32Mt_L1_NS,NONE,0.049,0.0
3230,NvcMt_L1_NS,NVCMT_NS,0.082,0.082
3230,32Thn_L1_EW,32THN_EW,0.04,0.035
3230,304Nvl_L2_NS,304NVL_NS,0.091,0.063
3230,304Nvl_L3_EW,NONE,0.006,0.0
3230,32Nvl_L2_NS,32NVL_NS,0.013,-0.05
3230,32Nvl_L3_EW,NONE,0.006,0.0
3230,32Nvl_L1_NS,32NVL_NS,0.034,-0.049
3230,NvcNvl_L3_EW,NONE,0.006,0.0
3230,32Mt_L2_EW,NONE,0.008,0.0
3230,32Mt_L2_EW,32MT_EW,0.005,0.0
3230,32Mt_L2_NS,NONE,0.043,0.0
3230,NvcMt_L2_NS,NVCMT_NS,0.065,0.065
3235,304Nvl_L1_NS,304NVL_NS,0.109,0.099
3235,304Nvl_L3_NS,NONE,0.089,0.0
3235,304Nvl_L1_NS,NONE,0.022,0.0
3235,304Nvl_L3_NS,NONE,0.008,0.0
3235,32Nvl_L3_NS,NONE,0.007,0.0
3235,32Nvl_L1_NS,32NVL_NS,0.014,-0.062
3235,32Nvl_L3_NS,NONE,0.042,0.0
3235,32Nvl_L2_NS,32NVL_NS,0.039,-0.024
3235,NvcNvl_L1_EW,NVCNVL_EW,0.007,0.007
3235,32Mt_L1_NS,32MT_NS,0.006,-0.051
3235,32Mt_L1_EW,NONE,0.05,0.0
3235,32Mt_L3_EW,NONE,0.009,0.0
3235,32Mt_L1_NS,NONE,0.01,0.0
3235,NvcMt_L1_NS,NVCMT_NS,0.082,0.078
3235,32Thn_L1_EW,32THN_EW,0.04,0.04
3235,304Nvl_L2_NS,304NVL_NS,0.091,0.063
3235,304Nvl_L2_NS,NONE,0.007,0.0
3235,32Nvl_L2_NS,32NVL_NS,0.013,-0.05
3235,32Nvl_L1_NS,32NVL_NS,0.034,-0.042
3235,32Mt_L2_EW,NONE,0.008,0.0
3235,NvcMt_L2_NS,NVCMT_NS,0.065,0.065
3240,304Nvl_L1_NS,304NVL_NS,0.217,0.208
3240,304Nvl_L3_NS,NONE,0.089,0.0
3240,304Nvl_L1_NS,NONE,0.015,0.0
3240,32Nvl_L3_NS,NONE,0.007,0.0
3240,32Nvl_L1_NS,32NVL_NS,0.014,-0.138
3240,32Nvl_L3_NS,NONE,0.042,0.0
3240,32Nvl_L2_NS,32NVL_NS,0.039,-0.024
3240,NvcNvl_L3_NS,NONE,0.007,0.0
3240,NvcNvl_L2_NS,NONE,0.007,0.0
3240,NvcNvl_L1_EW,NVCNVL_EW,0.014,0.014
3240,32Mt_L1_NS,32MT_NS,0.038,-0.02
3240,32Mt_L1_EW,NONE,0.007,0.0
3240,32Mt_L1_EW,32MT_EW,0.007,0.007
3240,32Mt_L1_NS,NONE,0.01,0.0
3240,NvcMt_L1_NS,NVCMT_NS,0.082,0.056
3240,304Nvl_L2_NS,304NVL_NS,0.091,0.063
3240,32Nvl_L2_NS,32NVL_NS,0.013,-0.05
3240,32Nvl_L1_NS,32NVL_NS,0.04,-0.112
3240,NvcNvl_L1_NS,NONE,0.009,0.0
3240,32Mt_L2_EW,32MT_EW,0.005,0.005
3240,NvcMt_L2_NS,NVCMT_NS,0.065,0.065
3245,304Nvl_L1_NS,304NVL_NS,0.217,0.208
3245,304Nvl_L3_NS,NONE,0.089,0.0
3245,304Nvl_L1_EW,304NVL_EW,0.017,0.017
3245,304Nvl_L2_EW,304NVL_EW,0.007,0.007
3245,32Nvl_L3_NS,NONE,0.007,0.0
3245,32Nvl_L1_NS,32NVL_NS,0.014,-0.138
3245,32Nvl_L3_NS,NONE,0.083,0.0
3245,32Nvl_L2_NS,32NVL_NS,0.079,0.015
3245,NvcNvl_L3_NS,NONE,0.007,0.0
3245,NvcNvl_L2_NS,NONE,0.007,0.0
3245,32Mt_L1_NS,32MT_NS,0.031,-0.026
3245,32Mt_L1_EW,32MT_EW,0.035,0.035
3245,NvcMt_L1_NS,NVCMT_NS,0.082,0.06
3245,304Nvl_L2_NS,304NVL_NS,0.091,0.036
3245,304Nvl_L3_EW,NONE,0.006,0.0
3245,32Nvl_L2_NS,32NVL_NS,0.013,-0.05
3245,32Nvl_L1_NS,32NVL_NS,0.074,-0.078
3245,NvcNvl_L1_NS,NONE,0.009,0.0
3245,32Mt_L2_EW,32MT_EW,0.027,0.027
3245,NvcMt_L2_NS,NVCMT_NS,0.065,0.065
3250,304Nvl_L1_NS,304NVL_NS,0.217,0.208
3250,304Nvl_L3_NS,NONE,0.089,0.0
3250,304Nvl_L1_NS,NONE,0.007,0.0
3250,32Nvl_L3_NS,NONE,0.007,0.0
3250,32Nvl_L1_NS,32NVL_NS,0.014,-0.138
3250,32Nvl_L3_NS,NONE,0.092,0.0
3250,32Nvl_L2_NS,32NVL_NS,0.087,0.023
3250,NvcNvl_L3_NS,NONE,0.034,0.0
3250,NvcNvl_L2_NS,NONE,0.033,0.0
3250,NvcNvl_L1_EW,NONE,0.011,0.0
3250,NvcNvl_L2_EW,NONE,0.008,0.0
3250,NvcMt_L1_NS,NVCMT_NS,0.082,0.082
3250,NvcCmt8_L2_NS,NONE,0.011,0.0
3250,NvcCmt8_L1_NS,NONE,0.008,0.0
3250,304Nvl_L2_NS,304NVL_NS,0.091,0.03
3250,32Nvl_L2_NS,32NVL_NS,0.013,-0.05
3250,32Nvl_L1_NS,32NVL_NS,0.074,-0.078
3250,NvcNvl_L1_NS,NONE,0.044,0.0
3250,NvcMt_L2_NS,NVCMT_NS,0.065,0.065
3255,304Nvl_L1_EW,304NVL_EW,0.008,0.008
3255,304Nvl_L2_EW,304NVL_EW,0.007,0.007
3255,32Nvl_L1_EW,32NVL_EW,0.007,0.002
3255,32Nvl_L2_EW,32NVL_EW,0.008,0.004
3255,32Nvl_L3_NS,NONE,0.067,0.0
3255,32Nvl_L2_NS,32NVL_NS,0.063,0.063
3255,32Mt_L1_NS,32MT_NS,0.006,0.006
3255,32Mt_L1_EW,NONE,0.007,0.0
3255,32Mt_L3_EW,NONE,0.009,0.0
3255,32Mt_L1_EW,32MT_EW,0.007,0.002
3255,NvcCmt8_L2_EW,NVCCMT8_EW,0.063,0.063
3255,NvcCmt8_L2_NS,NONE,0.011,0.0
3255,NvcCmt8_L1_NS,NONE,0.008,0.0
3255,304Nvl_L3_EW,NONE,0.006,0.0
3255,32Nvl_L3_EW,NONE,0.006,0.0
3255,32Nvl_L1_NS,32NVL_NS,0.054,0.054
3255,32Mt_L2_NS,32MT_NS,0.006,0.006
3255,32Mt_L2_EW,NONE,0.008,0.0
3255,32Mt_L2_EW,32MT_EW,0.005,0.0
3255,NvcCmt8_L1_EW,NVCCMT8_EW,0.092,0.092
3260,304Nvl_L1_EW,304NVL_EW,0.008,0.008
3260,304Nvl_L2_EW,304NVL_EW,0.007,0.007
3260,32Nvl_L3_NS,NONE,0.007,0.0
3260,32Nvl_L1_NS,32NVL_NS,0.007,0.007
3260,32Nvl_L1_EW,32NVL_EW,0.007,-0.003
3260,32Nvl_L2_EW,32NVL_EW,0.008,0.0
3260,NvcNvl_L3_NS,NONE,0.007,0.0
3260,NvcNvl_L2_NS,NONE,0.007,0.0
3260,NvcNvl_L1_EW,NONE,0.053,0.0
3260,NvcNvl_L2_EW,NONE,0.038,0.0
3260,32Mt_L1_EW,NONE,0.036,0.0
3260,32Mt_L1_EW,32MT_EW,0.014,0.009
3260,NvcCmt8_L2_EW,NVCCMT8_EW,0.069,0.069
3260,304Nvl_L3_EW,NONE,0.006,0.0
3260,32Nvl_L2_NS,32NVL_NS,0.007,0.007
3260,32Nvl_L3_EW,NONE,0.006,0.0
3260,NvcNvl_L1_NS,NONE,0.009,0.0
3260,32Mt_L2_EW,32MT_EW,0.011,0.005
3260,NvcCmt8_L1_EW,NVCCMT8_EW,0.1,0.1
3265,304Nvl_L1_EW,304NVL_EW,0.059,0.059
3265,304Nvl_L2_EW,304NVL_EW,0.051,0.051
3265,32Nvl_L3_NS,NONE,0.007,0.0
3265,32Nvl_L1_NS,32NVL_NS,0.021,0.021
3265,32Nvl_L1_EW,32NVL_EW,0.007,-0.003
3265,32Nvl_L2_EW,32NVL_EW,0.008,0.0
3265,32Nvl_L3_NS,NONE,0.008,0.0
3265,32Nvl_L2_NS,32NVL_NS,0.008,0.008
3265,32Mt_L1_EW,32MT_EW,0.014,0.009
3265,32Mt_L1_NS,NONE,0.059,0.0
3265,NvcCmt8_L2_EW,NVCCMT8_EW,0.069,0.069
3265,304Nvl_L3_EW,NONE,0.044,0.0
3265,32Nvl_L2_NS,32NVL_NS,0.013,0.013
3265,32Nvl_L3_EW,NONE,0.006,0.0
3265,32Nvl_L1_NS,32NVL_NS,0.007,0.007
3265,32Mt_L2_EW,32MT_EW,0.011,0.005
3265,32Mt_L2_NS,NONE,0.043,0.0
3265,NvcCmt8_L1_NS,NONE,0.011,0.0
3265,NvcCmt8_L1_EW,NVCCMT8_EW,0.1,0.1
3270,304Nvl_L1_EW,304NVL_EW,0.068,0.068
3270,304Nvl_L2_EW,304NVL_EW,0.058,0.058
3270,304Nvl_L1_EW,NONE,0.107,0.0
3270,304Nvl_L2_EW,NONE,0.009,0.0
3270,32Nvl_L1_NS,32NVL_NS,0.014,0.014
3270,32Nvl_L1_EW,32NVL_EW,0.007,-0.027
3270,32Nvl_L2_EW,32NVL_EW,0.008,0.0
3270,NvcNvl_L1_EW,NONE,0.011,0.0
3270,NvcNvl_L2_EW,NONE,0.008,0.0
3270,32Mt_L1_EW,32MT_EW,0.049,0.044
3270,32Mt_L1_NS,NONE,0.01,0.0
3270,NvcCmt8_L2_EW,NVCCMT8_EW,0.069,0.069
3270,304Nvl_L3_EW,NONE,0.051,0.0
3270,304Nvl_L3_EW,NONE,0.008,0.0
3270,32Nvl_L3_EW,NONE,0.006,0.0
3270,32Nvl_L1_NS,32NVL_NS,0.007,0.007
3270,32Mt_L2_EW,32MT_EW,0.011,0.005
3270,NvcCmt8_L1_EW,NVCCMT8_EW,0.1,0.1
3275,304Nvl_L1_EW,304NVL_EW,0.059,0.059
3275,304Nvl_L2_EW,304NVL_EW,0.058,0.058
3275,304Nvl_L1_EW,NONE,0.098,0.0
3275,32Nvl_L3_NS,NONE,0.007,0.0
3275,32Nvl_L1_NS,32NVL_NS,0.014,0.014
3275,32Nvl_L1_EW,32NVL_EW,0.007,-0.017
3275,32Nvl_L2_EW,32NVL_EW,0.008,-0.011
3275,NvcNvl_L3_NS,NONE,0.007,0.0
3275,NvcNvl_L2_NS,NONE,0.007,0.0
3275,32Mt_L1_EW,32MT_EW,0.035,0.03
3275,NvcMt_L2_NS,NONE,0.005,0.0
3275,NvcMt_L2_EW,NVCMT_EW,0.003,-0.042
3275,NvcCmt8_L2_EW,NVCCMT8_EW,0.063,0.061
3275,NvcCmt8_L1_NS,NONE,0.008,0.0
3275,304Nvl_L3_EW,NONE,0.051,0.0
3275,32Nvl_L2_NS,32NVL_NS,0.007,0.007
3275,32Nvl_L3_EW,NONE,0.006,0.0
3275,32Nvl_L1_NS,32NVL_NS,0.007,0.007
3275,NvcNvl_L1_NS,NONE,0.009,0.0
3275,32Mt_L2_EW,32MT_EW,0.027,0.022
3275,NvcMt_L1_NS,NONE,0.005,0.0
3275,NvcMt_L1_EW,NVCMT_EW,0.006,-0.059
3275,NvcCmt8_L1_EW,NVCCMT8_EW,0.092,0.092
3275,NvcCmt8_L1_EW,NONE,0.006,0.0
3280,304Nvl_L1_EW,304NVL_EW,0.059,0.059
3280,304Nvl_L2_EW,304NVL_EW,0.051,0.051
3280,32Nvl_L1_EW,32NVL_EW,0.007,0.001
3280,32Nvl_L2_EW,32NVL_EW,0.008,0.002
3280,NvcNvl_L3_NS,NONE,0.014,0.0
3280,NvcNvl_L2_NS,NONE,0.013,0.0
3280,NvcNvl_L1_EW,NVCNVL_EW,0.007,0.003
3280,NvcNvl_L2_EW,NVCNVL_EW,0.008,0.006
3280,32Mt_L1_NS,32MT_NS,0.006,0.006
3280,32Mt_L1_EW,NONE,0.086,0.0
3280,32Mt_L3_EW,NONE,0.106,0.0
3280,32Mt_L1_NS,NONE,0.02,0.0
3280,NvcMt_L1_EW,NVCMT_EW,0.006,-0.063
3280,NvcMt_L2_EW,NVCMT_EW,0.003,-0.047
3280,NvcCmt8_L2_EW,NVCCMT8_EW,0.063,0.061
3280,NvcCmt8_L2_NS,NONE,0.011,0.0
3280,32Thn_L1_EW,32THN_EW,0.008,0.003
3280,32Thn_L2_EW,32THN_EW,0.008,0.003
3280,NvcCmt8_L1_NS,NONE,0.008,0.0
3280,32Thn_L3_EW,NONE,0.008,0.0
3280,304Nvl_L3_EW,NONE,0.044,0.0
3280,32Nvl_L3_EW,NONE,0.006,0.0
3280,32Nvl_L1_NS,32NVL_NS,0.007,0.007
3280,NvcNvl_L1_NS,NONE,0.017,0.0
3280,NvcNvl_L3_EW,NONE,0.009,0.0
3280,32Mt_L2_NS,32MT_NS,0.006,0.006
3280,32Mt_L2_EW,NONE,0.09,0.0
3280,32Mt_L2_NS,NONE,0.009,0.0
3280,NvcMt_L2_EW,NVCMT_EW,0.008,-0.042
3280,NvcMt_L1_EW,NVCMT_EW,0.006,-0.064
3280,NvcCmt8_L1_EW,NVCCMT8_EW,0.092,0.088
3285,304Nvl_L1_EW,304NVL_EW,0.068,0.068
3285,304Nvl_L2_EW,304NVL_EW,0.051,0.051
3285,304Nvl_L1_NS,NONE,0.007,0.0
3285,32Nvl_L1_EW,32NVL_EW,0.007,0.001
3285,32Nvl_L2_EW,32NVL_EW,0.008,0.002
3285,NvcNvl_L1_EW,NVCNVL_EW,0.007,0.007
3285,NvcNvl_L2_EW,NVCNVL_EW,0.008,0.006
3285,NvcNvl_L1_NS,NVCNVL_NS,0.007,0.007
3285,32Mt_L1_NS,32MT_NS,0.013,0.013
3285,32Mt_L1_EW,NONE,0.101,0.0
3285,32Mt_L3_EW,NONE,0.124,0.0
3285,32Mt_L1_NS,NONE,0.02,0.0
3285,NvcMt_L2_NS,NONE,0.005,0.0
3285,NvcMt_L2_EW,NVCMT_EW,0.003,-0.003
3285,32Thn_L1_EW,32THN_EW,0.008,0.003
3285,32Thn_L2_EW,32THN_EW,0.008,0.003
3285,32Thn_L3_EW,NONE,0.008,0.0
3285,304Nvl_L3_EW,NONE,0.044,0.0
3285,32Nvl_L3_EW,NONE,0.006,0.0
3285,32Nvl_L1_NS,32NVL_NS,0.007,0.002
3285,NvcNvl_L3_EW,NONE,0.009,0.0
3285,32Mt_L2_NS,32MT_NS,0.006,0.006
3285,32Mt_L2_EW,NONE,0.106,0.0
3285,32Mt_L2_NS,NONE,0.009,0.0
3285,NvcMt_L1_NS,NONE,0.005,0.0
3285,NvcMt_L1_EW,NVCMT_EW,0.006,0.001
3290,304Nvl_L1_EW,304NVL_EW,0.076,0.076
3290,304Nvl_L2_EW,304NVL_EW,0.058,0.058
3290,32Nvl_L1_EW,32NVL_EW,0.014,-0.019
3290,32Nvl_L2_EW,32NVL_EW,0.015,-0.02
3290,NvcNvl_L3_NS,NONE,0.034,0.0
3290,NvcNvl_L2_NS,NONE,0.033,0.0
3290,NvcNvl_L1_EW,NONE,0.011,0.0
3290,NvcNvl_L2_EW,NONE,0.008,0.0
3290,NvcNvl_L1_EW,NVCNVL_EW,0.014,0.014
3290,NvcNvl_L2_EW,NVCNVL_EW,0.008,0.008
3290,32Mt_L1_NS,32MT_NS,0.013,0.013
3290,32Mt_L1_EW,NONE,0.007,0.0
3290,32Mt_L1_NS,NONE,0.01,0.0
3290,NvcMt_L2_NS,NONE,0.005,0.0
3290,NvcCmt8_L2_NS,NONE,0.011,0.0
3290,32Thn_L1_EW,32THN_EW,0.048,0.038
3290,32Thn_L2_EW,32THN_EW,0.05,0.039
3290,NvcCmt8_L1_NS,NONE,0.008,0.0
3290,32Thn_L3_EW,NONE,0.049,0.0
3290,304Nvl_L3_EW,NONE,0.044,0.0
3290,32Nvl_L3_EW,NONE,0.013,0.0
3290,NvcNvl_L1_NS,NONE,0.044,0.0
3290,NvcNvl_L3_EW,NONE,0.009,0.0
3290,32Mt_L2_NS,32MT_NS,0.006,0.006
3290,32Mt_L2_NS,NONE,0.009,0.0
3290,NvcMt_L1_NS,NONE,0.005,0.0
3290,NvcCmt8_L1_EW,NONE,0.069,0.0
3295,304Nvl_L1_EW,304NVL_EW,0.076,0.076
3295,304Nvl_L2_EW,304NVL_EW,0.065,0.065
3295,304Nvl_L1_NS,NONE,0.007,0.0
3295,304Nvl_L3_NS,NONE,0.008,0.0
3295,32Nvl_L1_EW,32NVL_EW,0.014,-0.019
3295,32Nvl_L2_EW,32NVL_EW,0.015,-0.018
3295,32Nvl_L3_NS,NONE,0.008,0.0
3295,32Nvl_L2_NS,32NVL_NS,0.008,0.008
3295,NvcNvl_L3_NS,NONE,0.014,0.0
3295,NvcNvl_L2_NS,NONE,0.013,0.0
3295,NvcNvl_L1_EW,NVCNVL_EW,0.014,0.014
3295,NvcNvl_L2_EW,NVCNVL_EW,0.008,0.008
3295,32Mt_L1_EW,32MT_EW,0.007,-0.003
3295,32Mt_L1_NS,NONE,0.176,0.0
3295,32Thn_L1_EW,NONE,0.01,0.0
3295,32Thn_L1_EW,32THN_EW,0.04,0.03
3295,32Thn_L2_EW,32THN_EW,0.042,0.031
3295,32Thn_L3_EW,NONE,0.041,0.0
3295,304Nvl_L3_EW,NONE,0.057,0.0
3295,304Nvl_L2_NS,NONE,0.007,0.0
3295,32Nvl_L3_EW,NONE,0.006,0.0
3295,32Nvl_L1_NS,32NVL_NS,0.007,0.007
3295,NvcNvl_L1_NS,NONE,0.017,0.0
3295,NvcNvl_L3_EW,NONE,0.009,0.0
3295,32Mt_L2_EW,32MT_EW,0.005,-0.005
3295,32Mt_L2_NS,NONE,0.052,0.0
3300,304Nvl_L1_EW,304NVL_EW,0.076,0.076
3300,304Nvl_L2_EW,304NVL_EW,0.065,0.065
3300,304Nvl_L1_NS,NONE,0.007,0.0
3300,304Nvl_L3_NS,NONE,0.008,0.0
3300,32Nvl_L1_NS,32NVL_NS,0.007,0.007
3300,32Nvl_L1_EW,32NVL_EW,0.007,-0.021
3300,32Nvl_L2_EW,32NVL_EW,0.008,-0.021
3300,32Nvl_L1_EW,32NVL_EW,0.081,0.053
3300,32Nvl_L2_EW,32NVL_EW,0.09,0.06
3300,NvcNvl_L3_NS,NONE,0.014,0.0
3300,NvcNvl_L2_NS,NONE,0.013,0.0
3300,NvcNvl_L1_EW,NVCNVL_EW,0.014,0.014
3300,NvcNvl_L2_EW,NVCNVL_EW,0.008,-0.015
3300,32Mt_L1_NS,NONE,0.117,0.0
3300,NvcMt_L2_EW,NVCMT_EW,0.032,0.026
3300,32Thn_L1_EW,32THN_EW,0.04,0.035
3300,32Thn_L2_EW,32THN_EW,0.042,0.036
3300,32Thn_L3_EW,NONE,0.041,0.0
3300,304Nvl_L3_EW,NONE,0.057,0.0
3300,304Nvl_L2_NS,NONE,0.007,0.0
3300,32Nvl_L3_EW,NONE,0.074,0.0
3300,32Nvl_L3_EW,NONE,0.006,0.0
3300,32Nvl_L1_NS,32NVL_NS,0.007,0.007
3300,NvcNvl_L1_NS,NONE,0.017,0.0
3300,NvcNvl_L3_EW,NONE,0.009,0.0
3300,NvcMt_L1_EW,NVCMT_EW,0.067,0.057
3305,304Nvl_L1_EW,304NVL_EW,0.085,0.085
3305,304Nvl_L2_EW,304NVL_EW,0.065,0.065
3305,304Nvl_L1_NS,NONE,0.036,0.0
3305,304Nvl_L3_NS,NONE,0.04,0.0
3305,32Nvl_L1_EW,32NVL_EW,0.007,0.002
3305,32Nvl_L2_EW,32NVL_EW,0.008,0.004
3305,32Nvl_L1_EW,32NVL_EW,0.081,0.076
3305,32Nvl_L2_EW,32NVL_EW,0.09,0.086
3305,NvcNvl_L3_NS,NONE,0.007,0.0
3305,NvcNvl_L2_NS,NONE,0.007,0.0
3305,NvcNvl_L1_EW,NONE,0.011,0.0
3305,NvcNvl_L2_EW,NONE,0.008,0.0
3305,NvcNvl_L1_EW,NVCNVL_EW,0.014,0.014
3305,NvcNvl_L2_EW,NVCNVL_EW,0.008,-0.015
3305,32Mt_L1_EW,NONE,0.007,0.0
3305,32Mt_L1_EW,32MT_EW,0.007,0.002
3305,32Mt_L1_NS,NONE,0.049,0.0
3305,NvcMt_L2_EW,NVCMT_EW,0.032,0.026
3305,NvcCmt8_L2_NS,NONE,0.054,0.0
3305,32Thn_L1_EW,NONE,0.049,0.0
3305,NvcCmt8_L1_NS,NONE,0.039,0.0
3305,304Nvl_L3_EW,NONE,0.057,0.0
3305,304Nvl_L2_NS,NONE,0.037,0.0
3305,32Nvl_L3_EW,NONE,0.074,0.0
3305,32Nvl_L3_EW,NONE,0.006,0.0
3305,NvcNvl_L1_NS,NONE,0.009,0.0
3305,NvcNvl_L3_EW,NONE,0.009,0.0
3305,32Mt_L2_EW,32MT_EW,0.005,0.0
3305,NvcMt_L1_EW,NVCMT_EW,0.067,0.057
3310,304Nvl_L1_EW,304NVL_EW,0.076,0.076
3310,304Nvl_L2_EW,304NVL_EW,0.058,0.058
3310,32Nvl_L1_EW,32NVL_EW,0.014,0.014
3310,32Nvl_L2_EW,32NVL_EW,0.015,0.015
3310,32Nvl_L1_EW,32NVL_EW,0.081,0.081
3310,32Nvl_L2_EW,32NVL_EW,0.09,0.09
3310,NvcNvl_L1_EW,NVCNVL_EW,0.014,0.01
3310,NvcNvl_L2_EW,NVCNVL_EW,0.008,-0.015
3310,NvcNvl_L1_NS,NVCNVL_NS,0.007,0.007
3310,32Mt_L1_EW,NONE,0.007,0.0
3310,32Mt_L3_EW,NONE,0.009,0.0
3310,NvcMt_L1_EW,NVCMT_EW,0.006,-0.004
3310,NvcMt_L2_EW,NVCMT_EW,0.032,0.026
3310,NvcCmt8_L2_NS,NONE,0.054,0.0
3310,32Thn_L1_EW,NONE,0.049,0.0
3310,NvcCmt8_L1_NS,NONE,0.039,0.0
3310,304Nvl_L3_EW,NONE,0.051,0.0
3310,32Nvl_L3_EW,NONE,0.074,0.0
3310,32Nvl_L3_EW,NONE,0.013,0.0
3310,NvcNvl_L3_EW,NONE,0.009,0.0
3310,32Mt_L2_EW,NONE,0.008,0.0
3310,NvcMt_L2_EW,NVCMT_EW,0.008,0.002
3310,NvcMt_L1_EW,NVCMT_EW,0.067,0.057
3315,304Nvl_L1_EW,304NVL_EW,0.076,0.076
3315,304Nvl_L2_EW,304NVL_EW,0.058,0.058
3315,32Nvl_L1_NS,32NVL_NS,0.007,0.002
3315,32Nvl_L1_EW,32NVL_EW,0.007,0.002
3315,32Nvl_L2_EW,32NVL_EW,0.008,0.004
3315,32Nvl_L1_EW,32NVL_EW,0.081,0.076
3315,32Nvl_L2_EW,32NVL_EW,0.09,0.086
3315,NvcNvl_L1_EW,NVCNVL_EW,0.007,-0.002
3315,NvcNvl_L1_NS,NVCNVL_NS,0.007,0.002
3315,32Mt_L1_EW,32MT_EW,0.007,0.002
3315,NvcMt_L2_NS,NONE,0.032,0.0
3315,NvcMt_L1_EW,NVCMT_EW,0.013,0.008
3315,NvcMt_L2_EW,NVCMT_EW,0.032,0.032
3315,32Thn_L1_EW,NONE,0.049,0.0
3315,304Nvl_L3_EW,NONE,0.051,0.0
3315,32Nvl_L2_NS,32NVL_NS,0.007,0.007
3315,32Nvl_L3_EW,NONE,0.074,0.0
3315,32Nvl_L3_EW,NONE,0.006,0.0
3315,32Nvl_L1_NS,32NVL_NS,0.007,0.002
3315,32Mt_L2_EW,32MT_EW,0.005,0.0
3315,NvcMt_L1_NS,NONE,0.033,0.0
3315,NvcMt_L2_EW,NVCMT_EW,0.016,0.016
3315,NvcMt_L1_EW,NVCMT_EW,0.067,0.062
3320,304Nvl_L1_EW,304NVL_EW,0.102,0.102
3320,304Nvl_L2_EW,304NVL_EW,0.051,0.051
3320,304Nvl_L1_NS,NONE,0.007,0.0
3320,32Nvl_L1_NS,32NVL_NS,0.007,0.007
3320,32Nvl_L3_NS,NONE,0.008,0.0
3320,32Nvl_L2_NS,32NVL_NS,0.008,0.008
3320,32Mt_L1_NS,NONE,0.127,0.0
3320,NvcMt_L2_NS,NONE,0.011,0.0
3320,NvcMt_L1_EW,NVCMT_EW,0.006,0.006
3320,NvcMt_L2_EW,NVCMT_EW,0.032,0.032
3320,NvcCmt8_L2_NS,NONE,0.011,0.0
3320,NvcCmt8_L1_NS,NONE,0.008,0.0
3320,304Nvl_L3_EW,NONE,0.044,0.0
3320,32Nvl_L2_NS,32NVL_NS,0.007,0.007
3320,32Nvl_L1_NS,32NVL_NS,0.013,0.013
3320,32Mt_L2_NS,NONE,0.104,0.0
3320,NvcMt_L1_NS,NONE,0.011,0.0
3320,NvcMt_L2_EW,NVCMT_EW,0.008,0.008
3320,NvcMt_L1_EW,NVCMT_EW,0.072,0.072
3320,NvcCmt8_L1_NS,NONE,0.054,0.0
3325,304Nvl_L1_EW,304NVL_EW,0.102,0.102
3325,304Nvl_L2_EW,304NVL_EW,0.051,0.051
3325,304Nvl_L1_NS,NONE,0.015,0.0
3325,304Nvl_L3_NS,NONE,0.008,0.0
3325,32Nvl_L1_NS,32NVL_NS,0.007,0.007
3325,32Nvl_L1_EW,32NVL_EW,0.007,0.002
3325,32Nvl_L2_EW,32NVL_EW,0.008,0.004
3325,32Nvl_L3_NS,NONE,0.008,0.0
3325,32Nvl_L2_NS,32NVL_NS,0.008,0.008
3325,NvcNvl_L3_NS,NONE,0.034,0.0
3325,NvcNvl_L2_NS,NONE,0.033,0.0
3325,32Mt_L1_EW,32MT_EW,0.007,0.002
3325,32Mt_L1_NS,NONE,0.117,0.0
3325,NvcMt_L1_EW,NVCMT_EW,0.006,0.006
3325,NvcMt_L2_EW,NVCMT_EW,0.032,0.032
3325,304Nvl_L3_EW,NONE,0.044,0.0
3325,304Nvl_L2_NS,NONE,0.007,0.0
3325,32Nvl_L2_NS,32NVL_NS,0.007,0.007
3325,32Nvl_L3_EW,NONE,0.006,0.0
3325,32Nvl_L1_NS,32NVL_NS,0.02,0.02
3325,NvcNvl_L1_NS,NONE,0.044,0.0
3325,32Mt_L2_EW,32MT_EW,0.005,0.0
3325,32Mt_L2_NS,NONE,0.104,0.0
3325,NvcMt_L2_EW,NVCMT_EW,0.008,0.008
3325,NvcMt_L1_EW,NVCMT_EW,0.067,0.067
3330,304Nvl_L1_EW,304NVL_EW,0.051,0.051
3330,304Nvl_L2_EW,304NVL_EW,0.044,0.044
3330,32Nvl_L1_NS,32NVL_NS,0.007,0.007
3330,32Nvl_L3_NS,NONE,0.008,0.0
3330,32Nvl_L2_NS,32NVL_NS,0.008,0.008
3330,32Mt_L1_EW,32MT_EW,0.007,0.007
3330,32Mt_L1_NS,NONE,0.01,0.0
3330,NvcMt_L2_NS,NONE,0.005,0.0
3330,NvcMt_L1_EW,NVCMT_EW,0.006,0.006
3330,NvcMt_L2_EW,NVCMT_EW,0.032,0.032
3330,304Nvl_L3_EW,NONE,0.038,0.0
3330,32Nvl_L2_NS,32NVL_NS,0.007,0.007
3330,32Nvl_L1_NS,32NVL_NS,0.013,0.013
3330,32Mt_L2_EW,32MT_EW,0.005,0.005
3330,32Mt_L2_NS,NONE,0.009,0.0
3330,NvcMt_L1_NS,NONE,0.005,0.0
3330,NvcMt_L2_EW,NVCMT_EW,0.008,0.008
3330,NvcMt_L1_EW,NVCMT_EW,0.067,0.067
3335,304Nvl_L1_EW,304NVL_EW,0.025,0.025
3335,304Nvl_L2_EW,304NVL_EW,0.015,0.015
3335,32Nvl_L1_NS,32NVL_NS,0.007,0.007
3335,32Nvl_L1_EW,32NVL_EW,0.035,-0.028
3335,32Nvl_L2_EW,32NVL_EW,0.039,0.035
3335,32Nvl_L1_EW,32NVL_EW,0.007,-0.057
3335,32Nvl_L3_NS,NONE,0.017,0.0
3335,32Nvl_L2_NS,32NVL_NS,0.016,0.016
3335,32Mt_L1_NS,32MT_NS,0.006,0.006
3335,32Mt_L1_EW,32MT_EW,0.091,0.066
3335,304Nvl_L3_EW,NONE,0.013,0.0
3335,32Nvl_L2_NS,32NVL_NS,0.007,0.007
3335,32Nvl_L3_EW,NONE,0.031,0.0
3335,32Nvl_L1_NS,32NVL_NS,0.013,0.013
3335,32Mt_L2_EW,32MT_EW,0.005,-0.022
3340,304Nvl_L1_EW,304NVL_EW,0.008,0.008
3340,304Nvl_L1_NS,NONE,0.007,0.0
3340,32Nvl_L1_NS,32NVL_NS,0.007,0.007
3340,32Nvl_L1_EW,32NVL_EW,0.042,-0.021
3340,32Nvl_L2_EW,32NVL_EW,0.046,0.001
3340,32Nvl_L3_NS,NONE,0.033,0.0
3340,32Nvl_L2_NS,32NVL_NS,0.032,0.032
3340,32Mt_L1_NS,32MT_NS,0.006,0.006
3340,32Mt_L1_EW,32MT_EW,0.091,0.061
3340,32Mt_L1_NS,NONE,0.029,0.0
3340,NvcMt_L2_NS,NONE,0.069,0.0
3340,32Nvl_L2_NS,32NVL_NS,0.007,0.007
3340,32Nvl_L3_EW,NONE,0.038,0.0
3340,32Nvl_L1_NS,32NVL_NS,0.027,0.027
3340,32Mt_L2_EW,32MT_EW,0.065,0.033
3340,32Mt_L2_NS,NONE,0.017,0.0
3340,NvcMt_L1_NS,NONE,0.071,0.0
3340,NvcMt_L2_EW,NVCMT_EW,0.008,0.008
3345,304Nvl_L1_NS,304NVL_NS,0.045,0.04
3345,304Nvl_L1_EW,304NVL_EW,0.051,0.051
3345,304Nvl_L2_EW,304NVL_EW,0.007,0.007
3345,304Nvl_L1_NS,NONE,0.007,0.0
3345,32Nvl_L1_NS,32NVL_NS,0.007,-0.025
3345,32Nvl_L1_EW,32NVL_EW,0.007,0.007
3345,32Nvl_L2_EW,32NVL_EW,0.008,0.008
3345,32Nvl_L3_NS,NONE,0.033,0.0
3345,32Nvl_L2_NS,32NVL_NS,0.032,0.032
3345,NvcNvl_L3_NS,NONE,0.034,0.0
3345,NvcNvl_L2_NS,NONE,0.033,0.0
3345,32Mt_L1_NS,32MT_NS,0.006,0.006
3345,32Mt_L1_EW,NONE,0.05,0.0
3345,32Mt_L3_EW,NONE,0.053,0.0
3345,NvcMt_L2_NS,NONE,0.069,0.0
3345,304Nvl_L3_EW,NONE,0.006,0.0
3345,32Nvl_L2_NS,32NVL_NS,0.007,0.007
3345,32Nvl_L3_EW,NONE,0.006,0.0
3345,32Nvl_L1_NS,32NVL_NS,0.06,0.029
3345,NvcNvl_L1_NS,NONE,0.044,0.0
3345,32Mt_L2_EW,NONE,0.053,0.0
3345,NvcMt_L1_NS,NONE,0.071,0.0
3350,304Nvl_L1_NS,304NVL_NS,0.045,0.04
3350,304Nvl_L1_EW,304NVL_EW,0.008,0.008
3350,32Nvl_L1_NS,32NVL_NS,0.007,-0.025
3350,32Nvl_L1_EW,32NVL_EW,0.007,0.007
3350,32Nvl_L2_EW,32NVL_EW,0.007,0.007
3350,32Nvl_L3_NS,NONE,0.042,0.0
3350,32Nvl_L2_NS,32NVL_NS,0.039,0.039
3350,32Mt_L1_NS,32MT_NS,0.006,0.006
3350,32Mt_L1_EW,NONE,0.014,0.0
3350,32Mt_L3_EW,NONE,0.009,0.0
3350,32Nvl_L2_NS,32NVL_NS,0.007,0.007
3350,32Nvl_L3_EW,NONE,0.006,0.0
3350,32Nvl_L1_NS,32NVL_NS,0.074,0.042
3350,32Mt_L2_EW,NONE,0.015,0.0
3355,304Nvl_L1_NS,304NVL_NS,0.054,0.045
3355,304Nvl_L1_EW,304NVL_EW,0.008,0.008
3355,304Nvl_L2_EW,304NVL_EW,0.007,0.007
3355,32Nvl_L3_NS,NONE,0.007,0.0
3355,32Nvl_L1_NS,32NVL_NS,0.014,-0.024
3355,32Nvl_L3_NS,NONE,0.042,0.0
3355,32Nvl_L2_NS,32NVL_NS,0.039,0.039
3355,NvcNvl_L1_EW,NVCNVL_EW,0.042,0.042
3355,NvcNvl_L2_EW,NVCNVL_EW,0.008,0.008
3355,32Mt_L1_EW,NONE,0.007,0.0
3355,32Mt_L3_EW,NONE,0.009,0.0
3355,32Mt_L1_EW,32MT_EW,0.035,0.035
3355,32Mt_L1_NS,NONE,0.049,0.0
3355,NvcMt_L2_NS,NONE,0.011,0.0
3355,304Nvl_L3_EW,NONE,0.006,0.0
3355,32Nvl_L2_NS,32NVL_NS,0.013,0.013
3355,32Nvl_L1_NS,32NVL_NS,0.047,0.009
3355,32Mt_L2_EW,NONE,0.008,0.0
3355,32Mt_L2_EW,32MT_EW,0.027,0.027
3355,NvcMt_L1_NS,NONE,0.011,0.0
3355,NvcMt_L1_EW,NVCMT_EW,0.006,-0.024
3360,304Nvl_L1_NS,304NVL_NS,0.009,-0.001
3360,304Nvl_L1_EW,304NVL_EW,0.017,0.017
3360,304Nvl_L2_EW,304NVL_EW,0.015,0.015
3360,32Nvl_L3_NS,NONE,0.007,0.0
3360,32Nvl_L1_NS,32NVL_NS,0.014,0.008
3360,32Nvl_L1_EW,32NVL_EW,0.007,0.002
3360,32Nvl_L2_EW,32NVL_EW,0.008,0.004
3360,32Nvl_L3_NS,NONE,0.05,0.0
3360,32Nvl_L2_NS,32NVL_NS,0.047,0.047
3360,NvcNvl_L1_EW,NVCNVL_EW,0.007,0.007
3360,NvcNvl_L2_EW,NVCNVL_EW,0.008,0.008
3360,32Mt_L1_NS,32MT_NS,0.006,0.006
3360,32Mt_L1_EW,32MT_EW,0.007,0.002
3360,32Mt_L1_NS,NONE,0.01,0.0
3360,NvcMt_L2_NS,NONE,0.005,0.0
3360,304Nvl_L3_EW,NONE,0.013,0.0
3360,32Nvl_L2_NS,32NVL_NS,0.013,0.013
3360,32Nvl_L3_EW,NONE,0.006,0.0
3360,32Nvl_L1_NS,32NVL_NS,0.047,0.041
3360,NvcNvl_L3_EW,NONE,0.009,0.0
3360,32Mt_L2_EW,32MT_EW,0.005,0.0
3360,NvcMt_L1_NS,NONE,0.005,0.0
3365,304Nvl_L1_NS,304NVL_NS,0.009,-0.005
3365,304Nvl_L1_NS,NONE,0.007,0.0
3365,32Nvl_L3_NS,NONE,0.014,0.0
3365,32Nvl_L1_NS,32NVL_NS,0.021,0.014
3365,32Nvl_L3_NS,NONE,0.058,0.0
3365,32Nvl_L2_NS,32NVL_NS,0.055,0.055
3365,NvcNvl_L1_EW,NVCNVL_EW,0.007,0.007
3365,NvcNvl_L2_EW,NVCNVL_EW,0.008,0.008
3365,32Mt_L1_NS,32MT_NS,0.038,0.038
3365,32Mt_L1_EW,32MT_EW,0.007,0.007
3365,32Nvl_L2_NS,32NVL_NS,0.02,0.02
3365,32Nvl_L1_NS,32NVL_NS,0.054,0.047
3365,NvcNvl_L3_EW,NONE,0.009,0.0
3365,32Mt_L2_EW,32MT_EW,0.005,0.005
3365,NvcMt_L2_EW,NVCMT_EW,0.008,0.002
3370,304Nvl_L1_NS,304NVL_NS,0.009,-0.001
3370,304Nvl_L3_NS,NONE,0.007,0.0
3370,304Nvl_L1_EW,304NVL_EW,0.051,0.051
3370,304Nvl_L2_EW,304NVL_EW,0.036,0.036
3370,32Nvl_L3_NS,NONE,0.014,0.0
3370,32Nvl_L1_NS,32NVL_NS,0.014,0.008
3370,32Nvl_L3_NS,NONE,0.025,0.0
3370,32Nvl_L2_NS,32NVL_NS,0.024,0.018
3370,NvcNvl_L3_NS,NONE,0.068,0.0
3370,NvcNvl_L2_NS,NONE,0.066,0.0
3370,NvcNvl_L1_EW,NVCNVL_EW,0.007,0.003
3370,NvcNvl_L2_EW,NVCNVL_EW,0.008,0.006
3370,32Mt_L1_NS,32MT_NS,0.006,0.006
3370,32Mt_L1_EW,32MT_EW,0.007,0.007
3370,NvcMt_L1_EW,NVCMT_EW,0.006,0.001
3370,NvcMt_L2_EW,NVCMT_EW,0.003,-0.003
3370,32Thn_L1_EW,32THN_EW,0.008,0.008
3370,32Thn_L2_EW,32THN_EW,0.008,0.008
3370,32Thn_L3_EW,NONE,0.008,0.0
3370,304Nvl_L2_NS,304NVL_NS,0.008,-0.009
3370,304Nvl_L3_EW,NONE,0.032,0.0
3370,32Nvl_L2_NS,32NVL_NS,0.013,0.008
3370,32Nvl_L1_NS,32NVL_NS,0.034,0.027
3370,NvcNvl_L1_NS,NONE,0.087,0.0
3370,NvcNvl_L3_EW,NONE,0.009,0.0
3370,32Mt_L2_EW,32MT_EW,0.005,0.005
3370,NvcMt_L2_EW,NVCMT_EW,0.008,0.002
3370,NvcMt_L1_EW,NVCMT_EW,0.006,0.001
3375,304Thn_L1_EW,304THN_EW,0.008,-0.181
3375,304Thn_L3_EW,NONE,0.008,0.0
3375,304Nvl_L1_EW,304NVL_EW,0.271,0.265
3375,304Nvl_L2_EW,304NVL_EW,0.225,0.22
3375,32Nvl_L1_NS,32NVL_NS,0.007,0.007
3375,32Nvl_L3_NS,NONE,0.1,0.0
3375,32Nvl_L2_NS,32NVL_NS,0.095,0.095
3375,NvcNvl_L3_NS,NONE,0.041,0.0
3375,NvcNvl_L2_NS,NONE,0.04,0.0
3375,NvcNvl_L1_EW,NVCNVL_EW,0.007,0.003
3375,NvcNvl_L2_EW,NVCNVL_EW,0.008,0.006
3375,32Mt_L1_EW,32MT_EW,0.007,0.007
3375,NvcMt_L1_EW,NVCMT_EW,0.006,0.001
3375,NvcMt_L2_EW,NVCMT_EW,0.003,-0.003
3375,32Thn_L1_EW,32THN_EW,0.008,0.008
3375,32Thn_L2_EW,32THN_EW,0.008,0.008
3375,32Thn_L3_EW,NONE,0.008,0.0
3375,304Nvl_L3_EW,NONE,0.12,0.0
3375,32Nvl_L2_NS,32NVL_NS,0.007,0.007
3375,32Nvl_L1_NS,32NVL_NS,0.094,0.094
3375,NvcNvl_L1_NS,NONE,0.052,0.0
3375,NvcNvl_L3_EW,NONE,0.009,0.0
3375,32Mt_L2_EW,32MT_EW,0.005,0.005
3375,NvcMt_L2_EW,NVCMT_EW,0.008,0.002
3375,NvcMt_L1_EW,NVCMT_EW,0.006,0.001
3375,304Thn_L2_EW,304THN_EW,0.007,-0.15
3380,304Thn_L1_EW,304THN_EW,0.008,-0.181
3380,304Thn_L3_EW,NONE,0.008,0.0
3380,304Thn_L1_EW,NONE,0.082,0.0
3380,304Thn_L2_EW,NONE,0.098,0.0
3380,304Nvl_L1_EW,304NVL_EW,0.271,0.265
3380,304Nvl_L2_EW,304NVL_EW,0.225,0.22
3380,32Nvl_L3_NS,NONE,0.1,0.0
3380,32Nvl_L2_NS,32NVL_NS,0.095,0.095
3380,NvcNvl_L1_EW,NONE,0.021,0.0
3380,NvcNvl_L2_EW,NONE,0.015,0.0
3380,NvcNvl_L1_EW,NVCNVL_EW,0.007,-0.046
3380,NvcNvl_L2_EW,NVCNVL_EW,0.008,0.008
3380,32Mt_L1_EW,32MT_EW,0.007,0.007
3380,NvcMt_L1_EW,NVCMT_EW,0.076,0.071
3380,32Thn_L1_EW,NONE,0.01,0.0
3380,304Nvl_L3_EW,NONE,0.165,0.0
3380,32Nvl_L1_NS,32NVL_NS,0.087,0.087
3380,NvcNvl_L3_EW,NONE,0.013,0.0
3380,NvcNvl_L3_EW,NONE,0.009,0.0
3380,32Mt_L2_EW,32MT_EW,0.005,0.005
3380,304Thn_L2_EW,304THN_EW,0.007,-0.15
3385,304Thn_L1_EW,304THN_EW,0.008,-0.069
3385,304Thn_L3_EW,NONE,0.008,0.0
3385,304Thn_L1_EW,NONE,0.082,0.0
3385,304Thn_L2_EW,NONE,0.098,0.0
3385,304Nvl_L1_EW,304NVL_EW,0.11,0.104
3385,304Nvl_L2_EW,304NVL_EW,0.094,0.089
3385,304Nvl_L1_NS,NONE,0.015,0.0
3385,32Nvl_L3_NS,NONE,0.007,0.0
3385,32Nvl_L1_NS,32NVL_NS,0.014,0.014
3385,32Nvl_L3_NS,NONE,0.008,0.0
3385,32Nvl_L2_NS,32NVL_NS,0.008,0.008
3385,NvcNvl_L3_NS,NONE,0.007,0.0
3385,NvcNvl_L2_NS,NONE,0.007,0.0
3385,NvcNvl_L1_EW,NVCNVL_EW,0.042,0.033
3385,NvcNvl_L2_EW,NVCNVL_EW,0.008,0.008
3385,32Mt_L1_EW,NONE,0.022,0.0
3385,32Mt_L3_EW,NONE,0.027,0.0
3385,32Mt_L1_EW,32MT_EW,0.007,0.007
3385,NvcMt_L2_NS,NONE,0.005,0.0
3385,NvcMt_L1_EW,NVCMT_EW,0.013,-0.017
3385,NvcCmt8_L2_EW,NONE,0.089,0.0
3385,32Thn_L1_EW,NONE,0.019,0.0
3385,32Thn_L2_EW,NONE,0.01,0.0
3385,32Thn_L3_EW,NONE,0.007,0.0
3385,304Nvl_L3_EW,NONE,0.082,0.0
3385,32Nvl_L2_NS,32NVL_NS,0.007,0.007
3385,32Nvl_L1_NS,32NVL_NS,0.02,0.02
3385,NvcNvl_L1_NS,NONE,0.009,0.0
3385,NvcNvl_L3_EW,NONE,0.009,0.0
3385,32Mt_L2_EW,NONE,0.023,0.0
3385,32Mt_L2_EW,32MT_EW,0.005,0.005
3385,NvcMt_L1_NS,NONE,0.005,0.0
3385,NvcMt_L2_EW,NVCMT_EW,0.016,0.01
3385,NvcCmt8_L1_EW,NONE,0.069,0.0
3385,304Thn_L3_EW,NONE,0.098,0.0
3385,304Thn_L2_EW,304THN_EW,0.007,-0.059
3390,304Nvl_L1_EW,304NVL_EW,0.042,0.042
3390,304Nvl_L2_EW,304NVL_EW,0.036,0.036
3390,NvcNvl_L3_NS,NONE,0.007,0.0
3390,NvcNvl_L2_NS,NONE,0.007,0.0
3390,NvcNvl_L1_EW,NONE,0.011,0.0
3390,NvcNvl_L1_EW,NVCNVL_EW,0.042,0.033
3390,NvcNvl_L2_EW,NVCNVL_EW,0.008,0.008
3390,NvcNvl_L1_NS,NVCNVL_NS,0.007,0.007
3390,32Mt_L1_EW,32MT_EW,0.007,0.007
3390,NvcMt_L1_EW,NVCMT_EW,0.013,-0.017
3390,NvcCmt8_L2_EW,NONE,0.089,0.0
3390,32Thn_L1_EW,32THN_EW,0.008,0.008
3390,304Nvl_L3_EW,NONE,0.032,0.0
3390,32Nvl_L1_NS,32NVL_NS,0.013,0.009
3390,NvcNvl_L1_NS,NONE,0.009,0.0
3390,NvcNvl_L3_EW,NONE,0.009,0.0
3390,32Mt_L2_EW,32MT_EW,0.005,0.005
3390,NvcMt_L2_EW,NVCMT_EW,0.016,0.01
3390,NvcCmt8_L1_EW,NONE,0.069,0.0
3395,304Thn_L1_EW,304THN_EW,0.099,0.093
3395,304Thn_L1_EW,NONE,0.007,0.0
3395,304Nvl_L1_NS,304NVL_NS,0.009,0.009
3395,304Nvl_L1_EW,304NVL_EW,0.008,-0.061
3395,304Nvl_L2_EW,304NVL_EW,0.007,0.007
3395,304Nvl_L1_NS,NONE,0.007,0.0
3395,32Nvl_L1_EW,32NVL_EW,0.034,0.024
3395,32Nvl_L2_EW,32NVL_EW,0.037,0.034
3395,NvcNvl_L3_NS,NONE,0.007,0.0
3395,NvcNvl_L2_NS,NONE,0.007,0.0
3395,NvcNvl_L1_EW,NONE,0.011,0.0
3395,NvcNvl_L2_EW,NONE,0.008,0.0
3395,NvcNvl_L1_EW,NVCNVL_EW,0.042,0.033
3395,NvcNvl_L2_EW,NVCNVL_EW,0.008,0.008
3395,32Mt_L1_EW,NONE,0.007,0.0
3395,32Mt_L1_EW,32MT_EW,0.014,0.014
3395,32Mt_L1_NS,NONE,0.01,0.0
3395,NvcMt_L1_EW,NVCMT_EW,0.013,-0.017
3395,NvcCmt8_L2_NS,NONE,0.011,0.0
3395,NvcCmt8_L1_NS,NONE,0.008,0.0
3395,304Nvl_L3_EW,NONE,0.006,0.0
3395,32Nvl_L3_EW,NONE,0.031,0.0
3395,32Nvl_L1_NS,32NVL_NS,0.007,0.0
3395,NvcNvl_L1_NS,NONE,0.009,0.0
3395,NvcNvl_L3_EW,NONE,0.009,0.0
3395,32Mt_L2_EW,32MT_EW,0.005,0.005
3395,NvcMt_L2_EW,NVCMT_EW,0.016,0.01
3400,304Thn_L1_EW,304THN_EW,0.099,-0.002
3400,304Nvl_L1_NS,304NVL_NS,0.009,0.009
3400,304Nvl_L1_EW,304NVL_EW,0.144,0.075
3400,304Nvl_L1_NS,NONE,0.088,0.0
3400,32Nvl_L1_EW,32NVL_EW,0.007,-0.003
3400,32Nvl_L2_EW,32NVL_EW,0.008,0.0
3400,32Nvl_L1_EW,32NVL_EW,0.034,0.024
3400,32Nvl_L2_EW,32NVL_EW,0.037,0.03
3400,32Nvl_L3_NS,NONE,0.008,0.0
3400,32Nvl_L2_NS,32NVL_NS,0.008,0.008
3400,NvcNvl_L3_NS,NONE,0.007,0.0
3400,NvcNvl_L2_NS,NONE,0.007,0.0
3400,NvcNvl_L1_EW,NONE,0.011,0.0
3400,NvcNvl_L2_EW,NONE,0.008,0.0
3400,NvcNvl_L1_EW,NVCNVL_EW,0.007,0.007
3400,NvcNvl_L2_EW,NVCNVL_EW,0.008,0.008
3400,32Mt_L1_NS,32MT_NS,0.006,0.006
3400,32Mt_L1_EW,NONE,0.007,0.0
3400,32Mt_L3_EW,NONE,0.009,0.0
3400,32Mt_L1_EW,32MT_EW,0.014,0.009
3400,32Nvl_L3_EW,NONE,0.031,0.0
3400,32Nvl_L3_EW,NONE,0.006,0.0
3400,32Nvl_L1_NS,32NVL_NS,0.007,0.0
3400,NvcNvl_L1_NS,NONE,0.009,0.0
3400,NvcNvl_L3_EW,NONE,0.006,0.0
3400,NvcNvl_L3_EW,NONE,0.009,0.0
3400,32Mt_L2_NS,32MT_NS,0.006,0.006
3400,32Mt_L2_EW,NONE,0.008,0.0
3400,32Mt_L2_EW,32MT_EW,0.011,0.005
3400,NvcMt_L2_EW,NVCMT_EW,0.008,0.002
3400,NvcCmt8_L1_EW,NVCCMT8_EW,0.092,0.092
3405,304Nvl_L1_NS,304NVL_NS,0.009,0.009
3405,304Nvl_L1_EW,304NVL_EW,0.102,0.102
3405,304Nvl_L1_NS,NONE,0.007,0.0
3405,32Nvl_L1_EW,32NVL_EW,0.007,-0.003
3405,32Nvl_L2_EW,32NVL_EW,0.008,0.0
3405,32Nvl_L1_EW,32NVL_EW,0.034,0.024
3405,32Nvl_L2_EW,32NVL_EW,0.037,0.03
3405,NvcNvl_L3_NS,NONE,0.014,0.0
3405,NvcNvl_L2_NS,NONE,0.013,0.0
3405,NvcNvl_L1_EW,NVCNVL_EW,0.014,0.014
3405,NvcNvl_L2_EW,NVCNVL_EW,0.016,0.016
3405,32Mt_L1_EW,32MT_EW,0.014,0.009
3405,NvcCmt8_L2_EW,NONE,0.007,0.0
3405,32Nvl_L3_EW,NONE,0.031,0.0
3405,32Nvl_L3_EW,NONE,0.006,0.0
3405,NvcNvl_L1_NS,NONE,0.017,0.0
3405,NvcNvl_L3_EW,NONE,0.019,0.0
3405,32Mt_L2_EW,32MT_EW,0.011,0.005
3405,NvcCmt8_L1_EW,NONE,0.006,0.0
3410,304Nvl_L1_EW,304NVL_EW,0.008,0.008
3410,304Nvl_L2_EW,304NVL_EW,0.007,0.007
3410,32Nvl_L3_NS,NONE,0.014,0.0
3410,32Nvl_L1_NS,32NVL_NS,0.014,0.014
3410,32Nvl_L1_EW,32NVL_EW,0.05,0.045
3410,32Nvl_L2_EW,32NVL_EW,0.054,0.05
3410,32Nvl_L1_EW,32NVL_EW,0.034,0.029
3410,32Nvl_L2_EW,32NVL_EW,0.037,0.034
3410,NvcNvl_L3_NS,NONE,0.007,0.0
3410,NvcNvl_L2_NS,NONE,0.013,0.0
3410,NvcNvl_L1_EW,NVCNVL_EW,0.021,0.021
3410,NvcNvl_L2_EW,NVCNVL_EW,0.016,0.016
3410,32Mt_L1_EW,NONE,0.007,0.0
3410,32Mt_L1_EW,32MT_EW,0.007,-0.028
3410,32Mt_L1_NS,NONE,0.01,0.0
3410,304Nvl_L3_EW,NONE,0.006,0.0
3410,32Nvl_L2_NS,32NVL_NS,0.013,0.013
3410,32Nvl_L3_EW,NONE,0.031,0.0
3410,32Nvl_L3_EW,NONE,0.044,0.0
3410,NvcNvl_L1_NS,NONE,0.017,0.0
3410,NvcNvl_L3_EW,NONE,0.019,0.0
3410,32Mt_L2_EW,32MT_EW,0.005,-0.032
3415,304Nvl_L1_EW,304NVL_EW,0.017,0.017
3415,304Nvl_L2_EW,304NVL_EW,0.015,0.015
3415,304Nvl_L1_NS,NONE,0.007,0.0
3415,304Nvl_L3_NS,NONE,0.008,0.0
3415,32Nvl_L3_NS,NONE,0.007,0.0
3415,32Nvl_L1_NS,32NVL_NS,0.007,0.007
3415,32Nvl_L1_EW,32NVL_EW,0.05,0.035
3415,32Nvl_L2_EW,32NVL_EW,0.054,0.043
3415,32Nvl_L1_EW,32NVL_EW,0.034,0.019
3415,32Nvl_L2_EW,32NVL_EW,0.037,0.026
3415,NvcNvl_L1_EW,NVCNVL_EW,0.028,0.028
3415,NvcNvl_L2_EW,NVCNVL_EW,0.016,0.016
3415,32Mt_L1_EW,NONE,0.022,0.0
3415,32Mt_L3_EW,NONE,0.018,0.0
3415,32Mt_L1_EW,32MT_EW,0.021,-0.014
3415,NvcCmt8_L2_EW,NVCCMT8_EW,0.005,0.005
3415,304Nvl_L3_EW,NONE,0.006,0.0
3415,304Nvl_L2_NS,NONE,0.007,0.0
3415,32Nvl_L2_NS,32NVL_NS,0.007,0.007
3415,32Nvl_L3_EW,NONE,0.031,0.0
3415,32Nvl_L3_EW,NONE,0.044,0.0
3415,32Nvl_L1_NS,32NVL_NS,0.007,0.007
3415,NvcNvl_L3_EW,NONE,0.019,0.0
3415,32Mt_L2_EW,NONE,0.023,0.0
3415,32Mt_L2_EW,32MT_EW,0.016,-0.022
3415,NvcCmt8_L1_EW,NVCCMT8_EW,0.015,0.015
3420,304Thn_L1_EW,304THN_EW,0.008,-0.004
3420,304Thn_L3_EW,NONE,0.008,0.0
3420,304Nvl_L1_EW,304NVL_EW,0.017,0.011
3420,304Nvl_L2_EW,304NVL_EW,0.015,0.009
3420,304Nvl_L1_NS,NONE,0.007,0.0
3420,32Nvl_L1_NS,32NVL_NS,0.007,0.007
3420,32Nvl_L1_EW,32NVL_EW,0.007,-0.008
3420,32Nvl_L2_EW,32NVL_EW,0.008,-0.004
3420,32Nvl_L1_EW,32NVL_EW,0.034,0.019
3420,32Nvl_L2_EW,32NVL_EW,0.037,0.026
3420,NvcNvl_L1_EW,NVCNVL_EW,0.014,0.014
3420,32Mt_L1_EW,NONE,0.014,0.0
3420,32Mt_L3_EW,NONE,0.018,0.0
3420,32Mt_L1_EW,32MT_EW,0.021,0.016
3420,NvcMt_L2_NS,NONE,0.005,0.0
3420,304Nvl_L3_EW,NONE,0.013,0.0
3420,32Nvl_L2_NS,32NVL_NS,0.007,0.007
3420,32Nvl_L3_EW,NONE,0.031,0.0
3420,32Nvl_L3_EW,NONE,0.006,0.0
3420,32Nvl_L1_NS,32NVL_NS,0.04,0.04
3420,32Mt_L2_EW,NONE,0.015,0.0
3420,32Mt_L2_EW,32MT_EW,0.016,0.011
3420,NvcMt_L1_NS,NONE,0.005,0.0
3420,NvcCmt8_L1_EW,NONE,0.006,0.0
3420,304Thn_L2_EW,304THN_EW,0.007,-0.003
3425,304Nvl_L1_EW,304NVL_EW,0.008,0.008
3425,304Nvl_L1_NS,NONE,0.007,0.0
3425,32Nvl_L1_EW,32NVL_EW,0.007,-0.012
3425,32Nvl_L2_EW,32NVL_EW,0.008,0.0
3425,32Nvl_L1_EW,32NVL_EW,0.034,0.014
3425,32Nvl_L2_EW,32NVL_EW,0.037,0.03
3425,NvcNvl_L1_EW,NVCNVL_EW,0.007,0.003
3425,32Mt_L1_EW,32MT_EW,0.028,0.023
3425,32Mt_L1_NS,NONE,0.02,0.0
3425,NvcMt_L1_EW,NVCMT_EW,0.006,-0.063
3425,NvcCmt8_L2_EW,NVCCMT8_EW,0.063,0.063
3425,32Nvl_L3_EW,NONE,0.031,0.0
3425,32Nvl_L3_EW,NONE,0.006,0.0
3425,32Nvl_L1_NS,32NVL_NS,0.034,0.034
3425,32Mt_L2_EW,32MT_EW,0.011,0.005
3425,32Mt_L2_NS,NONE,0.017,0.0
3425,NvcMt_L2_EW,NVCMT_EW,0.008,-0.036
3425,NvcCmt8_L1_EW,NVCCMT8_EW,0.092,0.088
3430,304Nvl_L1_EW,304NVL_EW,0.008,0.008
3430,304Nvl_L1_NS,NONE,0.007,0.0
3430,32Nvl_L3_NS,NONE,0.082,0.0
3430,32Nvl_L1_NS,32NVL_NS,0.083,0.083
3430,32Nvl_L1_EW,32NVL_EW,0.014,0.004
3430,32Nvl_L2_EW,32NVL_EW,0.015,0.012
3430,32Nvl_L1_EW,32NVL_EW,0.034,0.024
3430,32Nvl_L2_EW,32NVL_EW,0.037,0.034
3430,NvcNvl_L3_NS,NONE,0.007,0.0
3430,NvcNvl_L2_NS,NONE,0.007,0.0
3430,32Mt_L1_NS,32MT_NS,0.006,0.006
3430,32Mt_L1_EW,32MT_EW,0.014,0.004
3430,NvcCmt8_L2_EW,NVCCMT8_EW,0.005,0.005
3430,32Nvl_L2_NS,32NVL_NS,0.08,0.08
3430,32Nvl_L3_EW,NONE,0.031,0.0
3430,32Nvl_L3_EW,NONE,0.013,0.0
3430,NvcNvl_L1_NS,NONE,0.009,0.0
3430,32Mt_L2_EW,32MT_EW,0.005,-0.005
3430,NvcCmt8_L1_EW,NVCCMT8_EW,0.008,0.008
3435,32Nvl_L3_NS,NONE,0.007,0.0
3435,32Nvl_L1_NS,32NVL_NS,0.09,0.09
3435,32Nvl_L1_EW,32NVL_EW,0.042,0.038
3435,32Nvl_L2_EW,32NVL_EW,0.046,0.043
3435,32Nvl_L1_EW,32NVL_EW,0.034,0.029
3435,32Nvl_L2_EW,32NVL_EW,0.037,0.034
3435,32Nvl_L3_NS,NONE,0.008,0.0
3435,32Nvl_L2_NS,32NVL_NS,0.008,0.008
3435,NvcNvl_L1_EW,NONE,0.011,0.0
3435,NvcNvl_L2_EW,NONE,0.008,0.0
3435,32Mt_L1_NS,32MT_NS,0.006,0.006
3435,32Mt_L1_EW,NONE,0.014,0.0
3435,32Mt_L1_EW,32MT_EW,0.007,-0.023
3435,32Mt_L1_NS,NONE,0.02,0.0
3435,NvcMt_L2_NS,NONE,0.026,0.0
3435,NvcMt_L1_EW,NVCMT_EW,0.032,0.026
3435,NvcCmt8_L2_EW,NVCCMT8_EW,0.005,0.005
3435,32Nvl_L2_NS,32NVL_NS,0.087,0.087
3435,32Nvl_L3_EW,NONE,0.031,0.0
3435,32Nvl_L3_EW,NONE,0.038,0.0
3435,32Nvl_L1_NS,32NVL_NS,0.013,0.013
3435,32Mt_L2_EW,32MT_EW,0.005,-0.027
3435,32Mt_L2_NS,NONE,0.009,0.0
3435,NvcMt_L1_NS,NONE,0.027,0.0
3435,NvcMt_L2_EW,NVCMT_EW,0.04,0.036
3435,NvcCmt8_L1_EW,NVCCMT8_EW,0.008,-0.015
3435,NvcCmt8_L1_EW,NONE,0.074,0.0
3440,32Nvl_L1_EW,32NVL_EW,0.05,0.05
3440,32Nvl_L2_EW,32NVL_EW,0.054,0.054
3440,32Nvl_L1_EW,32NVL_EW,0.034,0.034
3440,32Nvl_L2_EW,32NVL_EW,0.037,0.037
3440,32Nvl_L3_NS,NONE,0.008,0.0
3440,32Nvl_L2_NS,32NVL_NS,0.008,0.008
3440,32Mt_L1_NS,32MT_NS,0.006,0.006
3440,32Mt_L1_NS,NONE,0.01,0.0
3440,NvcMt_L2_NS,NONE,0.026,0.0
3440,NvcMt_L1_EW,NVCMT_EW,0.006,0.001
3440,NvcCmt8_L2_EW,NVCCMT8_EW,0.005,0.005
3440,32Nvl_L3_EW,NONE,0.031,0.0
3440,32Nvl_L3_EW,NONE,0.044,0.0
3440,32Nvl_L1_NS,32NVL_NS,0.007,0.007
3440,NvcMt_L1_NS,NONE,0.027,0.0
3440,NvcMt_L2_EW,NVCMT_EW,0.008,0.004
3440,NvcCmt8_L1_EW,NVCCMT8_EW,0.008,0.003
3445,32Nvl_L1_EW,32NVL_EW,0.05,0.05
3445,32Nvl_L2_EW,32NVL_EW,0.054,0.054
3445,32Nvl_L1_EW,32NVL_EW,0.04,0.04
3445,32Nvl_L2_EW,32NVL_EW,0.045,0.045
3445,32Mt_L1_NS,32MT_NS,0.006,0.006
3445,NvcMt_L1_EW,NVCMT_EW,0.006,0.006
3445,32Nvl_L3_EW,NONE,0.037,0.0
3445,32Nvl_L3_EW,NONE,0.044,0.0
3445,32Nvl_L1_NS,32NVL_NS,0.087,0.087
3445,NvcMt_L2_EW,NVCMT_EW,0.008,0.008
3445,NvcCmt8_L1_EW,NONE,0.006,0.0
3450,32Nvl_L3_NS,NONE,0.007,0.0
3450,32Nvl_L1_NS,32NVL_NS,0.007,0.007
3450,32Nvl_L1_EW,32NVL_EW,0.05,0.05
3450,32Nvl_L2_EW,32NVL_EW,0.054,0.054
3450,32Nvl_L1_EW,32NVL_EW,0.04,0.04
3450,32Nvl_L2_EW,32NVL_EW,0.045,0.045
3450,32Mt_L1_NS,32MT_NS,0.006,0.006
3450,32Mt_L1_NS,NONE,0.01,0.0
3450,32Nvl_L2_NS,32NVL_NS,0.007,0.007
3450,32Nvl_L3_EW,NONE,0.037,0.0
3450,32Nvl_L3_EW,NONE,0.044,0.0
3450,32Nvl_L1_NS,32NVL_NS,0.007,0.007
3450,32Mt_L2_NS,NONE,0.009,0.0
3455,304Nvl_L1_EW,NONE,0.008,0.0
3455,304Nvl_L2_EW,NONE,0.009,0.0
3455,32Nvl_L1_EW,32NVL_EW,0.042,0.042
3455,32Nvl_L2_EW,32NVL_EW,0.046,0.046
3455,32Nvl_L1_EW,32NVL_EW,0.04,0.04
3455,32Nvl_L2_EW,32NVL_EW,0.045,0.045
3455,32Nvl_L3_NS,NONE,0.1,0.0
3455,32Nvl_L2_NS,32NVL_NS,0.095,0.095
3455,NvcNvl_L3_NS,NONE,0.007,0.0
3455,NvcNvl_L2_NS,NONE,0.007,0.0
3455,NvcNvl_L1_EW,NONE,0.011,0.0
3455,NvcNvl_L2_EW,NONE,0.008,0.0
3455,32Mt_L1_NS,NONE,0.02,0.0
3455,NvcMt_L1_EW,NVCMT_EW,0.032,0.032
3455,304Nvl_L3_EW,NONE,0.008,0.0
3455,32Nvl_L3_EW,NONE,0.037,0.0
3455,32Nvl_L3_EW,NONE,0.038,0.0
3455,32Nvl_L1_NS,32NVL_NS,0.081,0.081
3455,NvcNvl_L1_NS,NONE,0.009,0.0
3455,NvcNvl_L3_EW,NONE,0.006,0.0
3455,32Mt_L2_NS,NONE,0.017,0.0
3455,NvcMt_L2_EW,NVCMT_EW,0.04,0.04
3460,304Nvl_L1_EW,304NVL_EW,0.042,0.042
3460,304Nvl_L2_EW,304NVL_EW,0.036,0.036
3460,32Nvl_L1_NS,32NVL_NS,0.007,0.007
3460,32Nvl_L1_EW,32NVL_EW,0.007,0.001
3460,32Nvl_L2_EW,32NVL_EW,0.008,0.002
3460,32Nvl_L1_EW,32NVL_EW,0.04,0.035
3460,32Nvl_L2_EW,32NVL_EW,0.045,0.039
3460,32Nvl_L3_NS,NONE,0.008,0.0
3460,32Nvl_L2_NS,32NVL_NS,0.008,0.008
3460,32Mt_L1_EW,NONE,0.014,0.0
3460,NvcMt_L2_NS,NONE,0.09,0.0
3460,32Thn_L1_EW,32THN_EW,0.008,0.003
3460,32Thn_L2_EW,32THN_EW,0.008,0.003
3460,32Thn_L3_EW,NONE,0.008,0.0
3460,304Nvl_L3_EW,NONE,0.032,0.0
3460,32Nvl_L2_NS,32NVL_NS,0.007,0.007
3460,32Nvl_L3_EW,NONE,0.037,0.0
3460,32Nvl_L3_EW,NONE,0.006,0.0
3460,32Nvl_L1_NS,32NVL_NS,0.007,0.007
3460,NvcMt_L1_NS,NONE,0.093,0.0
3465,304Nvl_L1_EW,304NVL_EW,0.068,0.068
3465,304Nvl_L2_EW,304NVL_EW,0.051,0.051
3465,32Nvl_L1_NS,32NVL_NS,0.083,0.083
3465,32Nvl_L1_EW,32NVL_EW,0.007,0.001
3465,32Nvl_L2_EW,32NVL_EW,0.008,0.002
3465,32Nvl_L1_EW,32NVL_EW,0.04,0.035
3465,32Nvl_L2_EW,32NVL_EW,0.045,0.039
3465,NvcNvl_L1_EW,NVCNVL_EW,0.007,0.007
3465,32Mt_L1_EW,NONE,0.007,0.0
3465,NvcMt_L2_NS,NONE,0.032,0.0
3465,32Thn_L1_EW,NONE,0.01,0.0
3465,32Thn_L1_EW,32THN_EW,0.008,0.003
3465,32Thn_L2_EW,32THN_EW,0.008,0.003
3465,32Thn_L3_EW,NONE,0.008,0.0
3465,304Nvl_L3_EW,NONE,0.044,0.0
3465,32Nvl_L3_EW,NONE,0.037,0.0
3465,32Nvl_L3_EW,NONE,0.006,0.0
3465,NvcMt_L1_NS,NONE,0.033,0.0
3470,304Nvl_L1_EW,304NVL_EW,0.025,0.025
3470,304Nvl_L2_EW,304NVL_EW,0.022,0.022
3470,32Nvl_L1_NS,32NVL_NS,0.083,0.083
3470,32Nvl_L1_EW,32NVL_EW,0.034,0.034
3470,32Nvl_L3_NS,NONE,0.042,0.0
3470,32Nvl_L2_NS,32NVL_NS,0.039,0.039
3470,32Mt_L1_NS,NONE,0.01,0.0
3470,NvcCmt8_L2_EW,NONE,0.007,0.0
3470,32Thn_L1_EW,NONE,0.01,0.0
3470,304Nvl_L3_EW,NONE,0.013,0.0
3470,32Nvl_L1_NS,32NVL_NS,0.04,0.04
3470,32Mt_L2_NS,NONE,0.009,0.0
3470,NvcCmt8_L1_EW,NONE,0.006,0.0
3475,304Nvl_L1_EW,304NVL_EW,0.017,0.017
3475,304Nvl_L2_EW,304NVL_EW,0.015,0.015
3475,304Nvl_L1_NS,NONE,0.036,0.0
3475,32Nvl_L1_EW,32NVL_EW,0.034,0.024
3475,32Nvl_L3_NS,NONE,0.05,0.0
3475,32Nvl_L2_NS,32NVL_NS,0.047,0.047
3475,32Mt_L1_EW,32MT_EW,0.014,0.014
3475,NvcMt_L2_EW,NVCMT_EW,0.032,0.032
3475,304Nvl_L3_EW,NONE,0.006,0.0
3475,32Nvl_L1_NS,32NVL_NS,0.047,0.047
3475,32Mt_L2_EW,32MT_EW,0.011,0.011
3475,NvcMt_L1_EW,NVCMT_EW,0.067,0.067
3480,304Nvl_L1_EW,304NVL_EW,0.017,0.017
3480,304Nvl_L2_EW,304NVL_EW,0.007,0.007
3480,304Nvl_L1_EW,NONE,0.016,0.0
3480,304Nvl_L1_NS,NONE,0.015,0.0
3480,304Nvl_L2_EW,NONE,0.009,0.0
3480,32Nvl_L3_NS,NONE,0.05,0.0
3480,32Nvl_L2_NS,32NVL_NS,0.047,0.047
3480,32Mt_L1_EW,32MT_EW,0.007,0.007
3480,NvcMt_L1_EW,NVCMT_EW,0.006,0.006
3480,NvcMt_L2_EW,NVCMT_EW,0.032,0.032
3480,304Nvl_L3_EW,NONE,0.006,0.0
3480,304Nvl_L3_EW,NONE,0.008,0.0
3480,32Nvl_L1_NS,32NVL_NS,0.054,0.054
3480,32Mt_L2_EW,32MT_EW,0.005,0.005
3480,NvcMt_L2_EW,NVCMT_EW,0.008,0.008
3480,NvcMt_L1_EW,NVCMT_EW,0.067,0.067
3485,304Nvl_L1_EW,304NVL_EW,0.025,0.025
3485,304Nvl_L2_EW,304NVL_EW,0.015,0.015
3485,NvcNvl_L3_NS,NONE,0.041,0.0
3485,NvcNvl_L2_NS,NONE,0.04,0.0
3485,32Mt_L1_NS,32MT_NS,0.013,0.013
3485,32Mt_L1_NS,NONE,0.01,0.0
3485,NvcMt_L1_EW,NVCMT_EW,0.006,0.006
3485,NvcMt_L2_EW,NVCMT_EW,0.032,0.032
3485,32Thn_L1_EW,32THN_EW,0.048,0.048
3485,32Thn_L2_EW,32THN_EW,0.05,0.05
3485,32Thn_L3_EW,NONE,0.041,0.0
3485,304Nvl_L3_EW,NONE,0.013,0.0
3485,32Nvl_L1_NS,32NVL_NS,0.007,0.007
3485,NvcNvl_L1_NS,NONE,0.052,0.0
3485,32Mt_L2_NS,NONE,0.009,0.0
3485,NvcMt_L2_EW,NVCMT_EW,0.008,0.008
3485,NvcMt_L1_EW,NVCMT_EW,0.067,0.067
3490,304Nvl_L1_EW,304NVL_EW,0.025,0.025
3490,304Nvl_L2_EW,304NVL_EW,0.022,0.022
3490,NvcNvl_L3_NS,NONE,0.007,0.0
3490,NvcNvl_L2_NS,NONE,0.007,0.0
3490,NvcNvl_L1_EW,NONE,0.053,0.0
3490,NvcNvl_L2_EW,NONE,0.038,0.0
3490,32Mt_L1_EW,NONE,0.007,0.0
3490,NvcMt_L1_EW,NVCMT_EW,0.006,0.006
3490,NvcMt_L2_EW,NVCMT_EW,0.032,0.032
3490,32Thn_L1_EW,32THN_EW,0.048,0.048
3490,32Thn_L2_EW,32THN_EW,0.05,0.05
3490,32Thn_L3_EW,NONE,0.049,0.0
3490,304Nvl_L3_EW,NONE,0.019,0.0
3490,NvcNvl_L1_NS,NONE,0.009,0.0
3490,NvcMt_L2_EW,NVCMT_EW,0.016,0.016
3490,NvcMt_L1_EW,NVCMT_EW,0.067,0.067
3495,304Nvl_L1_EW,304NVL_EW,0.008,0.008
3495,304Nvl_L2_EW,304NVL_EW,0.007,0.007
3495,304Nvl_L1_NS,NONE,0.088,0.0
3495,304Nvl_L3_NS,NONE,0.096,0.0
3495,32Nvl_L3_NS,NONE,0.008,0.0
3495,32Nvl_L2_NS,32NVL_NS,0.008,0.008
3495,NvcNvl_L3_NS,NONE,0.007,0.0
3495,NvcNvl_L2_NS,NONE,0.007,0.0
3495,NvcMt_L1_EW,NVCMT_EW,0.006,0.006
3495,NvcMt_L2_EW,NVCMT_EW,0.032,0.032
3495,32Thn_L1_EW,32THN_EW,0.056,0.056
3495,32Thn_L2_EW,32THN_EW,0.058,0.058
3495,32Thn_L3_EW,NONE,0.057,0.0
3495,304Nvl_L3_EW,NONE,0.006,0.0
3495,304Nvl_L2_NS,NONE,0.089,0.0
3495,32Nvl_L1_NS,32NVL_NS,0.013,0.013
3495,NvcNvl_L1_NS,NONE,0.009,0.0
3495,NvcMt_L2_EW,NVCMT_EW,0.008,0.008
3495,NvcMt_L1_EW,NVCMT_EW,0.067,0.067
3500,304Nvl_L1_EW,304NVL_EW,0.068,0.068
3500,304Nvl_L2_EW,304NVL_EW,0.051,0.051
3500,304Nvl_L1_NS,NONE,0.007,0.0
3500,32Nvl_L1_NS,32NVL_NS,0.035,0.035
3500,32Nvl_L2_NS,32NVL_NS,0.008,0.008
3500,NvcNvl_L1_EW,NONE,0.011,0.0
3500,NvcNvl_L2_EW,NONE,0.008,0.0
3500,NvcNvl_L1_EW,NVCNVL_EW,0.007,0.003
3500,32Mt_L1_EW,NONE,0.094,0.0
3500,32Mt_L3_EW,NONE,0.115,0.0
3500,NvcMt_L1_EW,NVCMT_EW,0.006,-0.004
3500,NvcMt_L2_EW,NVCMT_EW,0.032,0.028
3500,NvcCmt8_L2_EW,NVCCMT8_EW,0.005,-0.017
3500,NvcCmt8_L2_NS,NONE,0.011,0.0
3500,32Thn_L1_EW,32THN_EW,0.056,0.056
3500,32Thn_L2_EW,32THN_EW,0.058,0.058
3500,NvcCmt8_L1_NS,NONE,0.008,0.0
3500,32Thn_L3_EW,NONE,0.057,0.0
3500,304Nvl_L3_EW,NONE,0.044,0.0
3500,32Nvl_L1_NS,32NVL_NS,0.013,0.013
3500,32Mt_L2_EW,NONE,0.098,0.0
3500,NvcMt_L2_EW,NVCMT_EW,0.008,0.004
3500,NvcMt_L1_EW,NVCMT_EW,0.067,0.057
3500,NvcCmt8_L1_EW,NVCCMT8_EW,0.008,0.003
3505,304Nvl_L1_EW,304NVL_EW,0.042,0.042
3505,304Nvl_L2_EW,304NVL_EW,0.036,0.036
3505,304Nvl_L1_NS,NONE,0.007,0.0
3505,32Nvl_L3_NS,NONE,0.041,0.0
3505,32Nvl_L1_NS,32NVL_NS,0.042,0.042
3505,32Nvl_L3_NS,NONE,0.008,0.0
3505,32Nvl_L2_NS,32NVL_NS,0.008,0.008
3505,NvcNvl_L3_NS,NONE,0.007,0.0
3505,NvcNvl_L2_NS,NONE,0.007,0.0
3505,NvcNvl_L1_EW,NVCNVL_EW,0.007,0.007
3505,32Mt_L1_EW,NONE,0.022,0.0
3505,32Mt_L3_EW,NONE,0.027,0.0
3505,32Mt_L1_EW,32MT_EW,0.014,0.014
3505,NvcCmt8_L2_EW,NVCCMT8_EW,0.005,0.005
3505,32Thn_L1_EW,NONE,0.058,0.0
3505,32Thn_L1_EW,32THN_EW,0.008,0.008
3505,32Thn_L2_EW,32THN_EW,0.008,0.008
3505,32Thn_L3_EW,NONE,0.008,0.0
3505,304Nvl_L3_EW,NONE,0.032,0.0
3505,32Nvl_L2_NS,32NVL_NS,0.04,0.04
3505,32Nvl_L1_NS,32NVL_NS,0.007,0.007
3505,NvcNvl_L1_NS,NONE,0.009,0.0
3505,32Mt_L2_EW,NONE,0.023,0.0
3505,32Mt_L2_EW,32MT_EW,0.011,0.011
3505,NvcCmt8_L1_EW,NVCCMT8_EW,0.008,0.008
3510,304Nvl_L1_EW,304NVL_EW,0.119,0.119
3510,304Nvl_L2_EW,304NVL_EW,0.007,0.007
3510,304Nvl_L1_NS,NONE,0.007,0.0
3510,32Nvl_L1_NS,32NVL_NS,0.014,0.009
3510,NvcNvl_L1_EW,NVCNVL_EW,0.007,0.003
3510,NvcNvl_L1_NS,NVCNVL_NS,0.007,-0.003
3510,32Mt_L1_EW,32MT_EW,0.028,0.028
3510,32Mt_L1_NS,NONE,0.127,0.0
3510,NvcMt_L1_EW,NVCMT_EW,0.006,0.001
3510,32Thn_L1_EW,NONE,0.049,0.0
3510,32Thn_L1_EW,32THN_EW,0.008,0.008
3510,32Thn_L2_EW,32THN_EW,0.008,0.008
3510,32Thn_L3_EW,NONE,0.008,0.0
3510,32Nvl_L2_NS,32NVL_NS,0.013,0.013
3510,32Mt_L2_EW,32MT_EW,0.022,0.022
3510,32Mt_L2_NS,NONE,0.009,0.0
3510,NvcMt_L2_EW,NVCMT_EW,0.008,0.008
3515,304Nvl_L1_EW,304NVL_EW,0.008,0.008
3515,304Nvl_L2_EW,304NVL_EW,0.007,0.007
3515,32Nvl_L3_NS,NONE,0.008,0.0
3515,32Nvl_L2_NS,32NVL_NS,0.008,0.008
3515,NvcNvl_L3_NS,NONE,0.034,0.0
3515,NvcNvl_L2_NS,NONE,0.033,0.0
3515,NvcNvl_L1_EW,NVCNVL_EW,0.007,0.003
3515,32Mt_L1_EW,32MT_EW,0.07,0.07
3515,32Mt_L1_NS,NONE,0.127,0.0
3515,NvcMt_L1_EW,NVCMT_EW,0.006,0.001
3515,32Thn_L1_EW,NONE,0.01,0.0
3515,304Nvl_L3_EW,NONE,0.006,0.0
3515,32Nvl_L1_NS,32NVL_NS,0.007,0.007
3515,NvcNvl_L1_NS,NONE,0.044,0.0
3515,32Mt_L2_EW,32MT_EW,0.049,0.049
3515,NvcMt_L2_EW,NVCMT_EW,0.008,0.008
3520,304Nvl_L1_EW,304NVL_EW,0.008,0.008
3520,304Nvl_L1_NS,NONE,0.007,0.0
3520,32Nvl_L1_NS,32NVL_NS,0.007,0.007
3520,32Nvl_L1_EW,32NVL_EW,0.007,-0.056
3520,32Nvl_L2_EW,32NVL_EW,0.008,-0.03
3520,32Nvl_L1_EW,32NVL_EW,0.007,-0.057
3520,32Nvl_L2_EW,32NVL_EW,0.007,-0.031
3520,32Nvl_L3_NS,NONE,0.008,0.0
3520,32Nvl_L2_NS,32NVL_NS,0.008,0.008
3520,NvcNvl_L3_NS,NONE,0.007,0.0
3520,NvcNvl_L2_NS,NONE,0.007,0.0
3520,32Mt_L1_EW,NONE,0.014,0.0
3520,32Mt_L3_EW,NONE,0.018,0.0
3520,32Mt_L1_EW,32MT_EW,0.091,0.086
3520,32Mt_L1_NS,NONE,0.01,0.0
3520,NvcMt_L2_NS,NONE,0.032,0.0
3520,32Thn_L1_EW,NONE,0.01,0.0
3520,32Nvl_L2_NS,32NVL_NS,0.007,0.007
3520,32Nvl_L3_EW,NONE,0.006,0.0
3520,32Nvl_L3_EW,NONE,0.006,0.0
3520,32Nvl_L1_NS,32NVL_NS,0.013,0.013
3520,NvcNvl_L1_NS,NONE,0.009,0.0
3520,32Mt_L2_EW,NONE,0.015,0.0
3520,32Mt_L2_EW,32MT_EW,0.054,0.049
3520,32Mt_L2_NS,NONE,0.009,0.0
3520,NvcMt_L1_NS,NONE,0.033,0.0
3525,32Nvl_L1_NS,32NVL_NS,0.007,0.007
3525,32Nvl_L1_EW,32NVL_EW,0.007,-0.061
3525,32Nvl_L2_EW,32NVL_EW,0.008,-0.038
3525,32Nvl_L1_EW,32NVL_EW,0.013,-0.055
3525,32Nvl_L2_EW,32NVL_EW,0.015,-0.031
3525,32Nvl_L2_NS,32NVL_NS,0.008,0.008
3525,NvcNvl_L3_NS,NONE,0.007,0.0
3525,NvcNvl_L2_NS,NONE,0.007,0.0
3525,32Mt_L1_EW,32MT_EW,0.098,0.093
3525,NvcMt_L2_NS,NONE,0.005,0.0
3525,NvcMt_L2_EW,NVCMT_EW,0.003,0.003
3525,32Nvl_L3_EW,NONE,0.012,0.0
3525,32Nvl_L3_EW,NONE,0.006,0.0
3525,32Nvl_L1_NS,32NVL_NS,0.007,0.007
3525,NvcNvl_L1_NS,NONE,0.009,0.0
3525,32Mt_L2_EW,32MT_EW,0.065,0.06
3525,NvcMt_L1_NS,NONE,0.005,0.0
3525,NvcMt_L1_EW,NVCMT_EW,0.006,0.006
3530,304Nvl_L1_NS,NONE,0.036,0.0
3530,304Nvl_L3_NS,NONE,0.04,0.0
3530,32Nvl_L1_EW,32NVL_EW,0.007,-0.061
3530,32Nvl_L2_EW,32NVL_EW,0.008,-0.034
3530,32Nvl_L1_EW,32NVL_EW,0.013,-0.055
3530,32Nvl_L2_EW,32NVL_EW,0.015,-0.027
3530,32Nvl_L3_NS,NONE,0.008,0.0
3530,32Nvl_L2_NS,32NVL_NS,0.008,0.008
3530,NvcNvl_L3_NS,NONE,0.007,0.0
3530,NvcNvl_L2_NS,NONE,0.007,0.0
3530,32Mt_L1_NS,32MT_NS,0.006,0.006
3530,32Mt_L1_EW,NONE,0.007,0.0
3530,32Mt_L3_EW,NONE,0.009,0.0
3530,32Mt_L1_EW,32MT_EW,0.098,0.093
3530,32Mt_L1_NS,NONE,0.01,0.0
3530,NvcMt_L2_EW,NVCMT_EW,0.003,0.003
3530,304Nvl_L2_NS,NONE,0.037,0.0
3530,32Nvl_L3_EW,NONE,0.012,0.0
3530,32Nvl_L3_EW,NONE,0.006,0.0
3530,32Nvl_L1_NS,32NVL_NS,0.007,0.007
3530,NvcNvl_L1_NS,NONE,0.009,0.0
3530,32Mt_L2_EW,NONE,0.008,0.0
3530,32Mt_L2_EW,32MT_EW,0.06,0.054
3530,NvcMt_L1_EW,NVCMT_EW,0.006,0.006
3535,304Thn_L1_EW,NONE,0.007,0.0
3535,304Thn_L2_EW,NONE,0.008,0.0
3535,32Nvl_L3_NS,NONE,0.007,0.0
3535,32Nvl_L1_NS,32NVL_NS,0.014,0.014
3535,32Nvl_L1_EW,32NVL_EW,0.007,-0.052
3535,32Nvl_L2_EW,32NVL_EW,0.008,-0.038
3535,32Nvl_L1_EW,32NVL_EW,0.013,-0.045
3535,32Nvl_L2_EW,32NVL_EW,0.015,-0.031
3535,NvcNvl_L3_NS,NONE,0.048,0.0
3535,NvcNvl_L2_NS,NONE,0.046,0.0
3535,NvcNvl_L1_EW,NONE,0.011,0.0
3535,NvcNvl_L2_EW,NONE,0.008,0.0
3535,32Mt_L1_EW,32MT_EW,0.084,0.079
3535,NvcMt_L2_NS,NONE,0.005,0.0
3535,32Nvl_L2_NS,32NVL_NS,0.013,0.013
3535,32Nvl_L3_EW,NONE,0.012,0.0
3535,32Nvl_L3_EW,NONE,0.006,0.0
3535,32Nvl_L1_NS,32NVL_NS,0.007,0.007
3535,NvcNvl_L1_NS,NONE,0.07,0.0
3535,NvcNvl_L3_EW,NONE,0.006,0.0
3535,32Mt_L2_EW,32MT_EW,0.065,0.06
3535,NvcMt_L1_NS,NONE,0.005,0.0
3540,304Thn_L1_EW,304THN_EW,0.008,-0.021
3540,304Nvl_L1_EW,304NVL_EW,0.042,0.037
3540,32Nvl_L3_NS,NONE,0.007,0.0
3540,32Nvl_L1_NS,32NVL_NS,0.014,0.014
3540,32Nvl_L1_EW,32NVL_EW,0.007,-0.027
3540,32Nvl_L2_EW,32NVL_EW,0.008,-0.019
3540,32Nvl_L1_EW,32NVL_EW,0.013,-0.021
3540,32Nvl_L2_EW,32NVL_EW,0.015,-0.012
3540,32Nvl_L3_NS,NONE,0.008,0.0
3540,32Nvl_L2_NS,32NVL_NS,0.008,0.008
3540,NvcNvl_L3_NS,NONE,0.014,0.0
3540,NvcNvl_L2_NS,NONE,0.013,0.0
3540,NvcNvl_L1_EW,NONE,0.011,0.0
3540,NvcNvl_L2_EW,NONE,0.008,0.0
3540,32Mt_L1_EW,32MT_EW,0.049,0.044
3540,32Mt_L1_NS,NONE,0.02,0.0
3540,NvcMt_L1_NS,NVCMT_NS,0.007,0.007
3540,32Nvl_L2_NS,32NVL_NS,0.013,0.013
3540,32Nvl_L3_EW,NONE,0.012,0.0
3540,32Nvl_L3_EW,NONE,0.006,0.0
3540,32Nvl_L1_NS,32NVL_NS,0.007,0.007
3540,NvcNvl_L1_NS,NONE,0.017,0.0
3540,NvcNvl_L3_EW,NONE,0.006,0.0
3540,32Mt_L2_EW,32MT_EW,0.038,0.033
3540,32Mt_L2_NS,NONE,0.009,0.0
3540,NvcMt_L2_NS,NVCMT_NS,0.005,0.005
3545,32Nvl_L3_NS,NONE,0.014,0.0
3545,32Nvl_L1_NS,32NVL_NS,0.028,0.028
3545,32Nvl_L1_EW,32NVL_EW,0.007,0.007
3545,32Nvl_L2_EW,32NVL_EW,0.008,0.008
3545,32Nvl_L3_NS,NONE,0.008,0.0
3545,32Nvl_L2_NS,32NVL_NS,0.008,0.008
3545,NvcNvl_L3_NS,NONE,0.007,0.0
3545,NvcNvl_L2_NS,NONE,0.007,0.0
3545,NvcNvl_L1_EW,NONE,0.139,0.0
3545,NvcNvl_L2_EW,NONE,0.099,0.0
3545,NvcNvl_L1_EW,NVCNVL_EW,0.007,0.007
3545,32Mt_L1_EW,NONE,0.014,0.0
3545,32Mt_L3_EW,NONE,0.009,0.0
3545,32Mt_L1_NS,NONE,0.01,0.0
3545,NvcMt_L1_NS,NVCMT_NS,0.007,0.007
3545,32Nvl_L2_NS,32NVL_NS,0.02,0.02
3545,32Nvl_L3_EW,NONE,0.006,0.0
3545,32Nvl_L1_NS,32NVL_NS,0.013,0.013
3545,NvcNvl_L1_NS,NONE,0.009,0.0
3545,NvcNvl_L3_EW,NONE,0.076,0.0
3545,32Mt_L2_EW,NONE,0.008,0.0
3545,NvcMt_L2_NS,NVCMT_NS,0.005,0.005
3550,304Nvl_L1_NS,NONE,0.007,0.0
3550,304Nvl_L3_NS,NONE,0.008,0.0
3550,32Nvl_L3_NS,NONE,0.007,0.0
3550,32Nvl_L1_NS,32NVL_NS,0.028,0.028
3550,32Nvl_L1_EW,32NVL_EW,0.007,-0.003
3550,32Nvl_L2_EW,32NVL_EW,0.008,0.0
3550,32Nvl_L3_NS,NONE,0.017,0.0
3550,32Nvl_L2_NS,32NVL_NS,0.016,0.016
3550,NvcNvl_L3_NS,NONE,0.007,0.0
3550,NvcNvl_L2_NS,NONE,0.013,0.0
3550,NvcNvl_L1_EW,NONE,0.128,0.0
3550,NvcNvl_L2_EW,NONE,0.092,0.0
3550,NvcNvl_L1_EW,NVCNVL_EW,0.014,0.014
3550,32Mt_L1_NS,32MT_NS,0.019,0.014
3550,32Mt_L1_EW,NONE,0.014,0.0
3550,32Mt_L3_EW,NONE,0.009,0.0
3550,32Mt_L1_EW,32MT_EW,0.014,0.009
3550,32Mt_L1_NS,NONE,0.02,0.0
3550,NvcMt_L1_NS,NVCMT_NS,0.007,-0.006
3550,304Nvl_L2_NS,NONE,0.007,0.0
3550,32Nvl_L2_NS,32NVL_NS,0.02,0.02
3550,32Nvl_L3_EW,NONE,0.006,0.0
3550,32Nvl_L1_NS,32NVL_NS,0.02,0.02
3550,NvcNvl_L1_NS,NONE,0.017,0.0
3550,NvcNvl_L3_EW,NONE,0.076,0.0
3550,32Mt_L2_NS,32MT_NS,0.006,0.003
3550,32Mt_L2_EW,NONE,0.008,0.0
3550,32Mt_L2_EW,32MT_EW,0.011,0.005
3550,32Mt_L2_NS,NONE,0.017,0.0
3550,NvcMt_L2_NS,NVCMT_NS,0.005,0.001
3555,304Nvl_L1_NS,304NVL_NS,0.009,-0.005
3555,32Nvl_L3_NS,NONE,0.007,0.0
3555,32Nvl_L1_NS,32NVL_NS,0.021,0.014
3555,32Nvl_L3_NS,NONE,0.017,0.0
3555,32Nvl_L2_NS,32NVL_NS,0.016,0.01
3555,NvcNvl_L3_NS,NONE,0.007,0.0
3555,NvcNvl_L2_NS,NONE,0.007,0.0
3555,NvcNvl_L1_EW,NVCNVL_EW,0.007,0.007
3555,NvcNvl_L2_EW,NVCNVL_EW,0.008,0.008
3555,32Mt_L1_NS,32MT_NS,0.019,0.014
3555,32Mt_L1_EW,32MT_EW,0.014,0.014
3555,NvcMt_L1_NS,NVCMT_NS,0.007,-0.006
3555,32Thn_L1_EW,NONE,0.049,0.0
3555,32Thn_L2_EW,NONE,0.051,0.0
3555,32Thn_L3_EW,NONE,0.035,0.0
3555,304Nvl_L2_NS,304NVL_NS,0.008,-0.003
3555,32Nvl_L2_NS,32NVL_NS,0.02,0.015
3555,32Nvl_L1_NS,32NVL_NS,0.02,0.014
3555,NvcNvl_L1_NS,NONE,0.009,0.0
3555,NvcNvl_L3_EW,NONE,0.009,0.0
3555,32Mt_L2_NS,32MT_NS,0.006,0.003
3555,32Mt_L2_EW,32MT_EW,0.005,0.005
3555,NvcMt_L2_NS,NVCMT_NS,0.005,0.001
3560,304Nvl_L1_NS,304NVL_NS,0.009,-0.005
3560,304Nvl_L3_NS,NONE,0.007,0.0
3560,304Nvl_L1_EW,304NVL_EW,0.008,0.008
3560,32Nvl_L3_NS,NONE,0.007,0.0
3560,32Nvl_L1_NS,32NVL_NS,0.021,0.01
3560,32Nvl_L1_EW,32NVL_EW,0.007,0.007
3560,32Nvl_L2_EW,32NVL_EW,0.008,0.008
3560,32Nvl_L1_EW,32NVL_EW,0.007,0.007
3560,32Nvl_L2_EW,32NVL_EW,0.007,0.007
3560,32Nvl_L3_NS,NONE,0.067,0.0
3560,32Nvl_L2_NS,32NVL_NS,0.063,0.058
3560,NvcNvl_L3_NS,NONE,0.007,0.0
3560,NvcNvl_L2_NS,NONE,0.007,0.0
3560,NvcNvl_L1_EW,NONE,0.011,0.0
3560,NvcNvl_L2_EW,NONE,0.008,0.0
3560,NvcNvl_L1_NS,NVCNVL_NS,0.007,-0.008
3560,32Mt_L1_NS,32MT_NS,0.019,0.014
3560,32Mt_L1_EW,NONE,0.022,0.0
3560,32Mt_L3_EW,NONE,0.009,0.0
3560,32Mt_L1_NS,NONE,0.02,0.0
3560,NvcMt_L1_EW,NVCMT_EW,0.006,0.006
3560,NvcMt_L2_EW,NVCMT_EW,0.032,0.032
3560,NvcMt_L1_NS,NVCMT_NS,0.007,-0.006
3560,304Nvl_L2_NS,304NVL_NS,0.008,-0.037
3560,32Nvl_L2_NS,32NVL_NS,0.02,0.015
3560,32Nvl_L3_EW,NONE,0.006,0.0
3560,32Nvl_L3_EW,NONE,0.006,0.0
3560,32Nvl_L1_NS,32NVL_NS,0.067,0.056
3560,NvcNvl_L1_NS,NONE,0.009,0.0
3560,32Mt_L2_NS,32MT_NS,0.006,0.003
3560,32Mt_L2_EW,NONE,0.008,0.0
3560,32Mt_L2_NS,NONE,0.009,0.0
3560,NvcMt_L2_EW,NVCMT_EW,0.008,0.008
3560,NvcMt_L1_EW,NVCMT_EW,0.067,0.067
3560,NvcMt_L2_NS,NVCMT_NS,0.005,0.001
3565,304Nvl_L1_NS,304NVL_NS,0.009,-0.005
3565,304Nvl_L3_NS,NONE,0.007,0.0
3565,304Nvl_L1_EW,304NVL_EW,0.042,0.042
3565,304Nvl_L2_EW,304NVL_EW,0.036,0.036
3565,32Nvl_L3_NS,NONE,0.007,0.0
3565,32Nvl_L1_NS,32NVL_NS,0.021,0.01
3565,32Nvl_L3_NS,NONE,0.083,0.0
3565,32Nvl_L2_NS,32NVL_NS,0.079,0.074
3565,NvcNvl_L1_EW,NVCNVL_EW,0.092,0.092
3565,NvcNvl_L1_NS,NVCNVL_NS,0.007,-0.008
3565,32Mt_L1_NS,32MT_NS,0.038,0.033
3565,32Mt_L1_EW,NONE,0.007,0.0
3565,32Mt_L1_EW,32MT_EW,0.007,0.007
3565,NvcMt_L2_EW,NVCMT_EW,0.037,0.037
3565,NvcMt_L1_NS,NVCMT_NS,0.007,-0.02
3565,32Thn_L1_EW,32THN_EW,0.04,0.04
3565,304Nvl_L2_NS,304NVL_NS,0.008,-0.048
3565,304Nvl_L3_EW,NONE,0.032,0.0
3565,32Nvl_L2_NS,32NVL_NS,0.02,0.015
3565,32Nvl_L1_NS,32NVL_NS,0.074,0.063
3565,32Mt_L2_NS,32MT_NS,0.006,0.003
3565,32Mt_L2_EW,32MT_EW,0.005,0.005
3565,NvcMt_L1_EW,NVCMT_EW,0.078,0.014
3565,NvcMt_L2_NS,NVCMT_NS,0.005,0.001
3570,304Nvl_L1_NS,304NVL_NS,0.009,-0.005
3570,304Nvl_L3_NS,NONE,0.007,0.0
3570,32Nvl_L3_NS,NONE,0.014,0.0
3570,32Nvl_L1_NS,32NVL_NS,0.021,0.014
3570,32Nvl_L3_NS,NONE,0.125,0.0
3570,32Nvl_L2_NS,32NVL_NS,0.118,0.113
3570,NvcNvl_L1_EW,NVCNVL_EW,0.084,0.084
3570,32Mt_L1_NS,32MT_NS,0.031,0.027
3570,32Mt_L1_EW,32MT_EW,0.007,0.007
3570,32Mt_L1_NS,NONE,0.01,0.0
3570,NvcMt_L2_NS,NONE,0.005,0.0
3570,NvcMt_L1_NS,NVCMT_NS,0.007,-0.015
3570,304Nvl_L2_NS,304NVL_NS,0.008,-0.075
3570,32Nvl_L2_NS,32NVL_NS,0.02,0.015
3570,32Nvl_L1_NS,32NVL_NS,0.107,0.101
3570,32Mt_L2_EW,32MT_EW,0.005,0.005
3570,NvcMt_L1_NS,NONE,0.005,0.0
3570,NvcMt_L2_NS,NVCMT_NS,0.005,0.005
3575,304Nvl_L1_NS,304NVL_NS,0.009,-0.005
3575,304Nvl_L3_NS,NONE,0.007,0.0
3575,304Nvl_L1_EW,304NVL_EW,0.051,0.051
3575,304Nvl_L2_EW,304NVL_EW,0.044,0.044
3575,304Nvl_L1_NS,NONE,0.036,0.0
3575,32Nvl_L3_NS,NONE,0.014,0.0
3575,32Nvl_L1_NS,32NVL_NS,0.021,0.014
3575,32Nvl_L1_EW,32NVL_EW,0.034,0.029
3575,32Nvl_L2_EW,32NVL_EW,0.037,0.034
3575,32Nvl_L3_NS,NONE,0.134,0.0
3575,32Nvl_L2_NS,32NVL_NS,0.126,0.121
3575,NvcNvl_L3_NS,NONE,0.007,0.0
3575,NvcNvl_L2_NS,NONE,0.007,0.0
3575,NvcNvl_L1_EW,NVCNVL_EW,0.035,0.035
3575,NvcNvl_L2_EW,NVCNVL_EW,0.039,0.039
3575,32Mt_L1_EW,NONE,0.007,0.0
3575,32Mt_L1_EW,32MT_EW,0.007,0.007
3575,NvcMt_L1_NS,NVCMT_NS,0.007,0.007
3575,304Nvl_L2_NS,304NVL_NS,0.008,-0.081
3575,304Nvl_L3_EW,NONE,0.038,0.0
3575,32Nvl_L2_NS,32NVL_NS,0.02,0.015
3575,32Nvl_L3_EW,NONE,0.031,0.0
3575,32Nvl_L1_NS,32NVL_NS,0.114,0.108
3575,NvcNvl_L1_NS,NONE,0.009,0.0
3575,NvcNvl_L3_EW,NONE,0.047,0.0
3575,32Mt_L2_EW,32MT_EW,0.005,0.005
3575,NvcMt_L2_NS,NVCMT_NS,0.005,0.005
3580,304Nvl_L1_NS,304NVL_NS,0.009,-0.005
3580,304Nvl_L3_NS,NONE,0.007,0.0
3580,304Nvl_L1_EW,304NVL_EW,0.008,0.008
3580,304Nvl_L2_EW,304NVL_EW,0.007,0.007
3580,304Nvl_L1_NS,NONE,0.007,0.0
3580,304Nvl_L3_NS,NONE,0.008,0.0
3580,32Nvl_L3_NS,NONE,0.014,0.0
3580,32Nvl_L1_NS,32NVL_NS,0.021,0.014
3580,32Nvl_L1_EW,32NVL_EW,0.007,0.007
3580,32Nvl_L2_EW,32NVL_EW,0.007,0.007
3580,32Nvl_L3_NS,NONE,0.134,0.0
3580,32Nvl_L2_NS,32NVL_NS,0.126,0.121
3580,NvcNvl_L1_EW,NVCNVL_EW,0.007,0.003
3580,NvcNvl_L2_EW,NVCNVL_EW,0.008,0.008
3580,32Mt_L1_EW,NONE,0.007,0.0
3580,NvcMt_L1_EW,NVCMT_EW,0.006,0.001
3580,NvcMt_L1_NS,NVCMT_NS,0.007,0.007
3580,304Nvl_L2_NS,304NVL_NS,0.008,-0.081
3580,304Nvl_L3_EW,NONE,0.006,0.0
3580,304Nvl_L2_NS,NONE,0.007,0.0
3580,32Nvl_L2_NS,32NVL_NS,0.02,0.015
3580,32Nvl_L3_EW,NONE,0.006,0.0
3580,32Nvl_L1_NS,32NVL_NS,0.114,0.108
3580,NvcNvl_L3_EW,NONE,0.009,0.0
3580,NvcMt_L2_EW,NVCMT_EW,0.008,0.002
3580,NvcMt_L2_NS,NVCMT_NS,0.005,0.005
3585,304Nvl_L1_NS,304NVL_NS,0.009,-0.005
3585,304Nvl_L3_NS,NONE,0.007,0.0
3585,304Nvl_L1_NS,NONE,0.036,0.0
3585,32Nvl_L3_NS,NONE,0.014,0.0
3585,32Nvl_L1_NS,32NVL_NS,0.021,0.014
3585,32Nvl_L3_NS,NONE,0.142,0.0
3585,32Nvl_L2_NS,32NVL_NS,0.134,0.129
3585,NvcNvl_L3_NS,NONE,0.007,0.0
3585,NvcNvl_L2_NS,NONE,0.007,0.0
3585,NvcNvl_L1_EW,NONE,0.053,0.0
3585,NvcNvl_L2_EW,NONE,0.038,0.0
3585,NvcNvl_L1_EW,NVCNVL_EW,0.007,0.007
3585,32Mt_L1_EW,NONE,0.007,0.0
3585,NvcMt_L1_NS,NVCMT_NS,0.007,0.007
3585,304Nvl_L2_NS,304NVL_NS,0.008,-0.086
3585,32Nvl_L2_NS,32NVL_NS,0.02,0.015
3585,32Nvl_L1_NS,32NVL_NS,0.114,0.108
3585,NvcNvl_L1_NS,NONE,0.009,0.0
3585,NvcMt_L2_NS,NVCMT_NS,0.005,0.005
3590,304Nvl_L1_EW,304NVL_EW,0.008,0.008
3590,304Nvl_L2_EW,304NVL_EW,0.007,0.007
3590,304Nvl_L1_EW,NONE,0.008,0.0
3590,32Nvl_L3_NS,NONE,0.014,0.0
3590,32Nvl_L1_NS,32NVL_NS,0.021,0.021
3590,32Nvl_L3_NS,NONE,0.142,0.0
3590,32Nvl_L2_NS,32NVL_NS,0.134,0.134
3590,NvcNvl_L1_EW,NONE,0.064,0.0
3590,NvcNvl_L2_EW,NONE,0.046,0.0
3590,32Mt_L1_EW,32MT_EW,0.007,0.007
3590,NvcMt_L1_EW,NVCMT_EW,0.006,0.006
3590,304Nvl_L3_EW,NONE,0.006,0.0
3590,32Nvl_L2_NS,32NVL_NS,0.02,0.02
3590,32Nvl_L1_NS,32NVL_NS,0.148,0.148
3590,NvcNvl_L3_EW,NONE,0.006,0.0
3590,32Mt_L2_EW,32MT_EW,0.005,0.005
3590,NvcMt_L2_EW,NVCMT_EW,0.008,0.008
3595,304Nvl_L1_EW,304NVL_EW,0.017,0.017
3595,304Nvl_L2_EW,304NVL_EW,0.007,0.007
3595,32Nvl_L1_EW,32NVL_EW,0.021,0.011
3595,32Nvl_L2_EW,32NVL_EW,0.023,0.016
3595,32Nvl_L3_NS,NONE,0.067,0.0
3595,32Nvl_L2_NS,32NVL_NS,0.063,0.063
3595,NvcNvl_L1_EW,NONE,0.011,0.0
3595,NvcNvl_L2_EW,NONE,0.008,0.0
3595,NvcNvl_L1_EW,NVCNVL_EW,0.007,0.007
3595,32Mt_L1_EW,NONE,0.014,0.0
3595,32Mt_L3_EW,NONE,0.009,0.0
3595,32Mt_L1_EW,32MT_EW,0.014,-0.001
3595,304Nvl_L3_EW,NONE,0.006,0.0
3595,32Nvl_L3_EW,NONE,0.019,0.0
3595,32Nvl_L1_NS,32NVL_NS,0.087,0.087
3595,NvcNvl_L3_EW,NONE,0.006,0.0
3595,32Mt_L2_EW,NONE,0.015,0.0
3595,32Mt_L2_EW,32MT_EW,0.011,-0.005
