Time_Seconds,Lane_ID,Phase_ID,Density_Phi,Pressure_W
30,NvcNvl_L1_EW,NVCNVL_EW,0.007,0.007
30,NvcNvl_L2_EW,NVCNVL_EW,0.008,0.008
35,NvcNvl_L1_EW,NVCNVL_EW,0.007,0.007
35,NvcNvl_L2_EW,NVCNVL_EW,0.008,0.008
35,NvcNvl_L3_EW,NONE,0.009,0.0
40,NvcNvl_L3_NS,NONE,0.007,0.0
40,NvcNvl_L2_NS,NONE,0.007,0.0
40,NvcNvl_L1_EW,NVCNVL_EW,0.007,0.007
40,NvcNvl_L2_EW,NVCNVL_EW,0.008,0.008
40,NvcNvl_L1_NS,NONE,0.009,0.0
40,NvcNvl_L3_EW,NONE,0.009,0.0
45,32Nvl_L3_NS,NONE,0.008,0.0
45,32Nvl_L2_NS,32NVL_NS,0.008,0.008
45,NvcNvl_L1_EW,NVCNVL_EW,0.007,0.007
45,NvcNvl_L2_EW,NVCNVL_EW,0.008,0.008
45,32Nvl_L1_NS,32NVL_NS,0.007,0.007
45,NvcNvl_L3_EW,NONE,0.009,0.0
50,304Thn_L2_NS,304THN_NS,0.009,0.009
50,32Nvl_L3_NS,NONE,0.008,0.0
50,32Nvl_L2_NS,32NVL_NS,0.008,0.008
50,NvcNvl_L1_EW,NVCNVL_EW,0.007,0.007
50,NvcNvl_L2_EW,NVCNVL_EW,0.008,0.008
50,32Nvl_L1_NS,32NVL_NS,0.007,0.007
50,NvcNvl_L3_EW,NONE,0.009,0.0
50,304Thn_L1_NS,304THN_NS,0.008,0.008
55,NvcNvl_L1_EW,NVCNVL_EW,0.007,0.007
55,NvcNvl_L2_EW,NVCNVL_EW,0.008,0.008
55,NvcNvl_L3_EW,NONE,0.009,0.0
55,304Thn_L1_NS,304THN_NS,0.008,0.008
65,32Nvl_L3_NS,NONE,0.008,0.0
65,32Nvl_L2_NS,32NVL_NS,0.008,0.008
65,NvcNvl_L3_NS,NONE,0.007,0.0
65,NvcNvl_L2_NS,NONE,0.007,0.0
65,32Mt_L1_NS,32MT_NS,0.006,0.006
65,NvcMt_L1_EW,NVCMT_EW,0.006,0.006
65,32Nvl_L1_NS,32NVL_NS,0.007,0.007
65,NvcNvl_L1_NS,NONE,0.009,0.0
65,NvcMt_L2_EW,NVCMT_EW,0.008,0.008
70,32Nvl_L3_NS,NONE,0.008,0.0
70,32Nvl_L2_NS,32NVL_NS,0.008,0.008
70,32Mt_L1_NS,32MT_NS,0.006,0.006
70,32Nvl_L1_NS,32NVL_NS,0.007,0.007
75,32Nvl_L3_NS,NONE,0.008,0.0
75,32Nvl_L2_NS,32NVL_NS,0.008,0.008
75,32Mt_L1_NS,32MT_NS,0.006,0.006
75,32Nvl_L1_NS,32NVL_NS,0.007,0.007
80,32Nvl_L3_NS,NONE,0.017,0.0
80,32Nvl_L2_NS,32NVL_NS,0.016,0.016
80,NvcNvl_L3_NS,NONE,0.007,0.0
80,NvcNvl_L2_NS,NONE,0.007,0.0
80,32Mt_L1_NS,NONE,0.01,0.0
80,32Nvl_L1_NS,32NVL_NS,0.013,0.013
80,NvcNvl_L1_NS,NONE,0.009,0.0
80,32Mt_L2_NS,NONE,0.009,0.0
85,32Nvl_L3_NS,NONE,0.017,0.0
85,32Nvl_L2_NS,32NVL_NS,0.016,0.016
85,32Mt_L1_NS,NONE,0.01,0.0
85,32Nvl_L1_NS,32NVL_NS,0.013,0.013
85,32Mt_L2_NS,NONE,0.009,0.0
90,32Nvl_L3_NS,NONE,0.017,0.0
90,32Nvl_L2_NS,32NVL_NS,0.016,0.016
90,32Mt_L1_EW,NONE,0.014,0.0
90,NvcCmt8_L2_NS,NONE,0.054,0.0
90,NvcCmt8_L1_NS,NONE,0.039,0.0
90,32Nvl_L1_NS,32NVL_NS,0.013,0.013
95,32Nvl_L3_NS,NONE,0.017,0.0
95,32Nvl_L2_NS,32NVL_NS,0.016,0.016
95,NvcCmt8_L2_NS,NONE,0.011,0.0
95,NvcCmt8_L1_NS,NONE,0.008,0.0
95,32Nvl_L1_NS,32NVL_NS,0.013,0.013
100,32Nvl_L3_NS,NONE,0.017,0.0
100,32Nvl_L2_NS,32NVL_NS,0.016,0.016
100,NvcMt_L1_NS,NVCMT_NS,0.007,0.007
100,32Nvl_L1_NS,32NVL_NS,0.013,0.013
100,NvcMt_L2_NS,NVCMT_NS,0.005,0.005
105,32Nvl_L3_NS,NONE,0.017,0.0
105,32Nvl_L2_NS,32NVL_NS,0.016,0.016
105,32Mt_L1_NS,NONE,0.01,0.0
105,NvcMt_L1_NS,NVCMT_NS,0.007,0.007
105,NvcCmt8_L2_NS,NONE,0.012,0.0
105,NvcCmt8_L2_NS,NONE,0.011,0.0
105,NvcCmt8_L1_NS,NONE,0.008,0.0
105,32Nvl_L1_NS,32NVL_NS,0.013,0.013
105,32Mt_L2_NS,NONE,0.009,0.0
105,NvcMt_L2_NS,NVCMT_NS,0.005,0.005
105,NvcCmt8_L1_NS,NONE,0.011,0.0
110,32Nvl_L3_NS,NONE,0.017,0.0
110,32Nvl_L2_NS,32NVL_NS,0.016,0.016
110,NvcNvl_L3_NS,NONE,0.007,0.0
110,NvcNvl_L2_NS,NONE,0.007,0.0
110,NvcMt_L1_NS,NVCMT_NS,0.007,0.007
110,32Nvl_L1_NS,32NVL_NS,0.013,0.013
110,NvcNvl_L1_NS,NONE,0.009,0.0
110,NvcMt_L2_NS,NVCMT_NS,0.005,0.005
115,NvcNvl_L1_EW,NONE,0.011,0.0
115,NvcNvl_L2_EW,NONE,0.008,0.0
115,32Mt_L1_NS,32MT_NS,0.006,0.006
115,32Mt_L1_NS,NONE,0.02,0.0
115,32Mt_L2_NS,NONE,0.017,0.0
120,32Mt_L1_NS,32MT_NS,0.006,0.006
125,304Nvl_L1_EW,304NVL_EW,0.008,0.008
125,304Nvl_L2_EW,304NVL_EW,0.007,0.007
125,32Mt_L1_NS,32MT_NS,0.006,0.006
125,32Mt_L1_EW,NONE,0.007,0.0
125,NvcMt_L2_NS,NONE,0.005,0.0
125,NvcMt_L1_EW,NVCMT_EW,0.006,0.006
125,304Nvl_L3_EW,NONE,0.006,0.0
125,32Nvl_L1_NS,32NVL_NS,0.007,0.007
125,32Mt_L2_NS,32MT_NS,0.006,0.006
125,NvcMt_L1_NS,NONE,0.005,0.0
125,NvcMt_L2_EW,NVCMT_EW,0.008,0.008
130,304Nvl_L1_EW,304NVL_EW,0.008,0.008
130,304Nvl_L2_EW,304NVL_EW,0.007,0.007
130,32Nvl_L3_NS,NONE,0.008,0.0
130,32Nvl_L2_NS,32NVL_NS,0.008,0.008
130,NvcMt_L1_EW,NVCMT_EW,0.006,0.006
130,304Nvl_L3_EW,NONE,0.006,0.0
130,32Nvl_L1_NS,32NVL_NS,0.013,0.013
130,NvcMt_L2_EW,NVCMT_EW,0.008,0.008
135,304Nvl_L1_EW,304NVL_EW,0.008,0.008
135,304Nvl_L2_EW,304NVL_EW,0.007,0.007
135,32Mt_L1_EW,NONE,0.007,0.0
135,NvcMt_L1_EW,NVCMT_EW,0.006,0.006
135,304Nvl_L3_EW,NONE,0.006,0.0
135,NvcMt_L2_EW,NVCMT_EW,0.008,0.008
140,304Thn_L1_EW,304THN_EW,0.008,0.002
140,304Thn_L3_EW,NONE,0.008,0.0
140,304Nvl_L1_EW,304NVL_EW,0.008,0.003
140,304Nvl_L2_EW,304NVL_EW,0.007,0.002
140,32Nvl_L1_NS,32NVL_NS,0.007,0.007
140,NvcMt_L2_NS,NONE,0.005,0.0
140,304Nvl_L3_EW,NONE,0.006,0.0
140,NvcMt_L1_NS,NONE,0.005,0.0
140,304Thn_L2_EW,304THN_EW,0.007,0.002
145,304Thn_L1_EW,304THN_EW,0.008,-0.004
145,304Thn_L3_EW,NONE,0.008,0.0
145,304Nvl_L1_EW,304NVL_EW,0.017,0.011
145,304Nvl_L2_EW,304NVL_EW,0.015,0.009
145,32Nvl_L3_NS,NONE,0.008,0.0
145,32Nvl_L2_NS,32NVL_NS,0.008,0.008
145,32Mt_L1_NS,NONE,0.01,0.0
145,NvcMt_L1_EW,NVCMT_EW,0.006,0.006
145,304Nvl_L3_EW,NONE,0.013,0.0
145,32Nvl_L1_NS,32NVL_NS,0.007,0.007
145,32Mt_L2_NS,NONE,0.009,0.0
145,NvcMt_L2_EW,NVCMT_EW,0.008,0.008
145,304Thn_L2_EW,304THN_EW,0.007,-0.003
150,304Thn_L1_EW,304THN_EW,0.008,-0.004
150,304Thn_L3_EW,NONE,0.008,0.0
150,304Nvl_L1_EW,304NVL_EW,0.017,0.011
150,304Nvl_L2_EW,304NVL_EW,0.015,0.009
150,NvcMt_L1_EW,NVCMT_EW,0.006,0.006
150,304Nvl_L3_EW,NONE,0.013,0.0
150,NvcMt_L2_EW,NVCMT_EW,0.008,0.008
150,304Thn_L2_EW,304THN_EW,0.007,-0.003
155,304Thn_L1_EW,304THN_EW,0.008,-0.004
155,304Thn_L3_EW,NONE,0.008,0.0
155,304Nvl_L1_EW,304NVL_EW,0.017,0.011
155,304Nvl_L2_EW,304NVL_EW,0.015,0.009
155,32Mt_L1_NS,NONE,0.01,0.0
155,NvcMt_L2_NS,NONE,0.005,0.0
155,NvcMt_L1_EW,NVCMT_EW,0.013,0.013
155,304Nvl_L3_EW,NONE,0.013,0.0
155,NvcMt_L1_NS,NONE,0.005,0.0
155,NvcMt_L2_EW,NVCMT_EW,0.016,0.016
155,304Thn_L2_EW,304THN_EW,0.007,-0.003
160,304Nvl_L1_EW,304NVL_EW,0.017,0.017
160,304Nvl_L2_EW,304NVL_EW,0.015,0.015
160,304Nvl_L1_NS,NONE,0.007,0.0
160,304Nvl_L3_NS,NONE,0.008,0.0
160,32Mt_L1_EW,32MT_EW,0.007,0.007
160,32Mt_L1_NS,NONE,0.01,0.0
160,NvcMt_L2_NS,NONE,0.005,0.0
160,NvcMt_L1_EW,NVCMT_EW,0.006,0.006
160,304Nvl_L3_EW,NONE,0.013,0.0
160,304Nvl_L2_NS,NONE,0.007,0.0
160,32Mt_L2_EW,32MT_EW,0.005,0.005
160,32Mt_L2_NS,NONE,0.009,0.0
160,NvcMt_L1_NS,NONE,0.005,0.0
160,NvcMt_L2_EW,NVCMT_EW,0.008,0.008
165,304Nvl_L1_EW,304NVL_EW,0.017,0.017
165,304Nvl_L2_EW,304NVL_EW,0.015,0.015
165,32Nvl_L3_NS,NONE,0.042,0.0
165,32Nvl_L2_NS,32NVL_NS,0.039,0.039
165,32Mt_L1_EW,32MT_EW,0.007,0.007
165,NvcMt_L1_EW,NVCMT_EW,0.006,0.006
165,304Nvl_L3_EW,NONE,0.013,0.0
165,32Nvl_L1_NS,32NVL_NS,0.034,0.034
165,32Mt_L2_EW,32MT_EW,0.005,0.005
165,NvcMt_L2_EW,NVCMT_EW,0.008,0.008
170,304Thn_L1_EW,NONE,0.007,0.0
170,304Nvl_L1_NS,304NVL_NS,0.009,0.009
170,304Nvl_L1_EW,304NVL_EW,0.017,0.017
170,304Nvl_L2_EW,304NVL_EW,0.007,0.007
170,32Nvl_L3_NS,NONE,0.042,0.0
170,32Nvl_L2_NS,32NVL_NS,0.039,0.039
170,32Mt_L1_NS,32MT_NS,0.006,0.006
170,32Mt_L1_EW,32MT_EW,0.007,0.007
170,NvcMt_L2_NS,NONE,0.005,0.0
170,NvcCmt8_L2_EW,NONE,0.007,0.0
170,304Nvl_L3_EW,NONE,0.006,0.0
170,32Nvl_L1_NS,32NVL_NS,0.034,0.027
170,32Mt_L2_EW,32MT_EW,0.005,0.005
170,NvcMt_L1_NS,NONE,0.005,0.0
170,NvcCmt8_L1_EW,NONE,0.006,0.0
175,304Nvl_L1_NS,304NVL_NS,0.009,0.009
175,32Nvl_L3_NS,NONE,0.042,0.0
175,32Nvl_L2_NS,32NVL_NS,0.039,0.039
175,NvcNvl_L1_EW,NVCNVL_EW,0.007,0.007
175,NvcNvl_L2_EW,NVCNVL_EW,0.008,0.008
175,32Mt_L1_EW,32MT_EW,0.007,0.007
175,32Nvl_L1_NS,32NVL_NS,0.034,0.027
175,NvcNvl_L3_EW,NONE,0.009,0.0
175,32Mt_L2_EW,32MT_EW,0.005,0.005
180,304Nvl_L1_NS,304NVL_NS,0.009,0.009
180,304Nvl_L1_EW,304NVL_EW,0.008,0.008
180,32Nvl_L3_NS,NONE,0.042,0.0
180,32Nvl_L2_NS,32NVL_NS,0.039,0.039
180,NvcNvl_L1_EW,NONE,0.011,0.0
180,NvcNvl_L2_EW,NONE,0.008,0.0
180,32Nvl_L1_NS,32NVL_NS,0.034,0.027
180,NvcNvl_L3_EW,NONE,0.006,0.0
185,304Nvl_L1_NS,304NVL_NS,0.009,0.009
185,32Nvl_L3_NS,NONE,0.042,0.0
185,32Nvl_L2_NS,32NVL_NS,0.039,0.039
185,32Mt_L1_NS,NONE,0.01,0.0
185,32Nvl_L1_NS,32NVL_NS,0.034,0.027
185,32Mt_L2_NS,NONE,0.009,0.0
190,304Nvl_L1_NS,304NVL_NS,0.018,0.018
190,304Nvl_L3_NS,NONE,0.007,0.0
190,32Nvl_L3_NS,NONE,0.05,0.0
190,32Nvl_L2_NS,32NVL_NS,0.047,0.042
190,32Mt_L1_NS,32MT_NS,0.006,0.006
190,32Mt_L1_EW,NONE,0.007,0.0
190,32Mt_L1_EW,32MT_EW,0.007,0.007
190,NvcMt_L2_NS,NONE,0.026,0.0
190,304Nvl_L2_NS,304NVL_NS,0.008,-0.026
190,32Nvl_L1_NS,32NVL_NS,0.04,0.028
190,32Mt_L2_EW,32MT_EW,0.005,0.005
190,NvcMt_L1_NS,NONE,0.027,0.0
195,304Nvl_L1_NS,304NVL_NS,0.009,0.009
195,304Nvl_L3_NS,NONE,0.007,0.0
195,32Nvl_L3_NS,NONE,0.058,0.0
195,32Nvl_L2_NS,32NVL_NS,0.055,0.05
195,NvcNvl_L1_EW,NVCNVL_EW,0.035,0.035
195,NvcNvl_L2_EW,NVCNVL_EW,0.039,0.039
195,32Mt_L1_NS,32MT_NS,0.006,0.006
195,32Mt_L1_EW,NONE,0.007,0.0
195,32Mt_L1_EW,32MT_EW,0.007,0.007
195,NvcCmt8_L2_EW,NVCCMT8_EW,0.005,0.005
195,304Nvl_L2_NS,304NVL_NS,0.008,-0.031
195,32Nvl_L1_NS,32NVL_NS,0.047,0.041
195,NvcNvl_L3_EW,NONE,0.047,0.0
195,32Mt_L2_EW,32MT_EW,0.005,0.005
195,NvcCmt8_L1_EW,NVCCMT8_EW,0.008,0.008
200,304Nvl_L1_NS,304NVL_NS,0.009,0.009
200,304Nvl_L3_NS,NONE,0.007,0.0
200,32Nvl_L3_NS,NONE,0.058,0.0
200,32Nvl_L2_NS,32NVL_NS,0.055,0.05
200,NvcNvl_L1_EW,NVCNVL_EW,0.042,0.042
200,NvcNvl_L2_EW,NVCNVL_EW,0.047,0.047
200,32Mt_L1_NS,32MT_NS,0.006,0.006
200,32Mt_L1_EW,NONE,0.014,0.0
200,32Mt_L3_EW,NONE,0.009,0.0
200,304Nvl_L2_NS,304NVL_NS,0.008,-0.031
200,32Nvl_L1_NS,32NVL_NS,0.047,0.041
200,NvcNvl_L3_EW,NONE,0.009,0.0
200,32Mt_L2_EW,NONE,0.008,0.0
205,304Nvl_L1_NS,304NVL_NS,0.009,0.009
205,304Nvl_L3_NS,NONE,0.007,0.0
205,32Nvl_L1_EW,32NVL_EW,0.007,0.002
205,32Nvl_L2_EW,32NVL_EW,0.008,0.004
205,32Nvl_L3_NS,NONE,0.067,0.0
205,32Nvl_L2_NS,32NVL_NS,0.063,0.058
205,NvcNvl_L1_EW,NVCNVL_EW,0.007,0.007
205,NvcNvl_L2_EW,NVCNVL_EW,0.008,0.008
205,32Mt_L1_NS,32MT_NS,0.013,0.013
205,32Mt_L1_EW,32MT_EW,0.007,0.002
205,304Nvl_L2_NS,304NVL_NS,0.008,-0.037
205,32Nvl_L3_EW,NONE,0.006,0.0
205,32Nvl_L1_NS,32NVL_NS,0.054,0.047
205,NvcNvl_L3_EW,NONE,0.009,0.0
205,32Mt_L2_NS,32MT_NS,0.006,0.006
205,32Mt_L2_EW,32MT_EW,0.005,0.0
210,304Nvl_L1_NS,304NVL_NS,0.009,0.009
210,304Nvl_L3_NS,NONE,0.007,0.0
210,32Nvl_L3_NS,NONE,0.075,0.0
210,32Nvl_L2_NS,32NVL_NS,0.071,0.066
210,NvcNvl_L1_EW,NONE,0.011,0.0
210,NvcNvl_L2_EW,NONE,0.008,0.0
210,32Mt_L1_NS,32MT_NS,0.013,0.013
210,304Nvl_L2_NS,304NVL_NS,0.008,-0.042
210,32Nvl_L1_NS,32NVL_NS,0.067,0.061
210,32Mt_L2_NS,32MT_NS,0.006,0.006
215,304Nvl_L1_NS,304NVL_NS,0.009,0.009
215,304Nvl_L3_NS,NONE,0.007,0.0
215,304Nvl_L1_EW,304NVL_EW,0.008,0.008
215,304Nvl_L2_EW,304NVL_EW,0.007,0.007
215,32Nvl_L3_NS,NONE,0.075,0.0
215,32Nvl_L2_NS,32NVL_NS,0.071,0.066
215,NvcNvl_L1_EW,NONE,0.011,0.0
215,NvcNvl_L2_EW,NONE,0.008,0.0
215,NvcNvl_L1_EW,NVCNVL_EW,0.007,0.007
215,NvcNvl_L2_EW,NVCNVL_EW,0.008,0.008
215,32Mt_L1_NS,32MT_NS,0.013,0.013
215,304Nvl_L2_NS,304NVL_NS,0.008,-0.042
215,304Nvl_L3_EW,NONE,0.006,0.0
215,32Nvl_L1_NS,32NVL_NS,0.067,0.061
215,NvcNvl_L3_EW,NONE,0.009,0.0
215,32Mt_L2_NS,32MT_NS,0.006,0.006
220,304Thn_L1_EW,304THN_EW,0.008,0.008
220,304Thn_L3_EW,NONE,0.008,0.0
220,304Nvl_L1_NS,304NVL_NS,0.009,0.009
220,304Nvl_L3_NS,NONE,0.007,0.0
220,32Nvl_L3_NS,NONE,0.083,0.0
220,32Nvl_L2_NS,32NVL_NS,0.079,0.074
220,NvcNvl_L3_NS,NONE,0.007,0.0
220,NvcNvl_L2_NS,NONE,0.007,0.0
220,32Mt_L1_NS,32MT_NS,0.013,0.013
220,NvcMt_L1_EW,NVCMT_EW,0.006,0.001
220,NvcCmt8_L2_EW,NVCCMT8_EW,0.005,0.005
220,304Nvl_L2_NS,304NVL_NS,0.008,-0.048
220,32Nvl_L1_NS,32NVL_NS,0.074,0.067
220,NvcNvl_L1_NS,NONE,0.009,0.0
220,32Mt_L2_NS,32MT_NS,0.013,0.013
220,NvcMt_L2_EW,NVCMT_EW,0.008,0.004
220,NvcCmt8_L1_EW,NVCCMT8_EW,0.008,0.003
220,304Thn_L2_EW,304THN_EW,0.007,0.007
225,304Nvl_L1_NS,304NVL_NS,0.009,0.009
225,304Nvl_L3_NS,NONE,0.007,0.0
225,304Nvl_L1_EW,304NVL_EW,0.008,0.008
225,32Nvl_L1_EW,32NVL_EW,0.014,0.014
225,32Nvl_L2_EW,32NVL_EW,0.015,0.015
225,32Nvl_L3_NS,NONE,0.083,0.0
225,32Nvl_L2_NS,32NVL_NS,0.079,0.074
225,32Mt_L1_NS,32MT_NS,0.006,0.006
225,NvcCmt8_L2_NS,NONE,0.011,0.0
225,NvcCmt8_L1_NS,NONE,0.008,0.0
225,304Nvl_L2_NS,304NVL_NS,0.008,-0.048
225,32Nvl_L3_EW,NONE,0.013,0.0
225,32Nvl_L1_NS,32NVL_NS,0.067,0.061
225,32Mt_L2_NS,32MT_NS,0.006,0.006
230,32Nvl_L1_EW,32NVL_EW,0.014,0.014
230,32Nvl_L2_EW,32NVL_EW,0.015,0.015
230,32Nvl_L3_NS,NONE,0.017,0.0
230,32Nvl_L2_NS,32NVL_NS,0.016,0.016
230,NvcNvl_L1_EW,NVCNVL_EW,0.007,0.007
230,32Mt_L1_NS,32MT_NS,0.006,0.001
230,32Mt_L1_EW,NONE,0.007,0.0
230,NvcMt_L1_NS,NVCMT_NS,0.007,0.002
230,32Nvl_L3_EW,NONE,0.013,0.0
230,32Nvl_L1_NS,32NVL_NS,0.013,0.013
230,32Mt_L2_NS,32MT_NS,0.006,0.003
230,NvcMt_L2_NS,NVCMT_NS,0.005,0.001
235,304Nvl_L1_NS,NONE,0.007,0.0
235,32Nvl_L1_EW,32NVL_EW,0.014,0.014
235,32Nvl_L2_EW,32NVL_EW,0.015,0.015
235,32Nvl_L3_NS,NONE,0.008,0.0
235,32Nvl_L2_NS,32NVL_NS,0.008,0.008
235,NvcNvl_L1_EW,NVCNVL_EW,0.021,0.021
235,NvcNvl_L2_EW,NVCNVL_EW,0.016,0.016
235,32Mt_L1_EW,NONE,0.007,0.0
235,32Nvl_L3_EW,NONE,0.013,0.0
235,32Nvl_L1_NS,32NVL_NS,0.007,0.007
235,NvcNvl_L3_EW,NONE,0.019,0.0
240,304Nvl_L1_EW,NONE,0.008,0.0
240,304Nvl_L1_NS,NONE,0.007,0.0
240,304Nvl_L2_EW,NONE,0.009,0.0
240,32Nvl_L1_EW,32NVL_EW,0.014,0.014
240,32Nvl_L2_EW,32NVL_EW,0.015,0.015
240,NvcNvl_L1_EW,NVCNVL_EW,0.021,0.021
240,NvcNvl_L2_EW,NVCNVL_EW,0.016,0.016
240,304Nvl_L3_EW,NONE,0.008,0.0
240,32Nvl_L3_EW,NONE,0.013,0.0
240,NvcNvl_L3_EW,NONE,0.019,0.0
245,304Nvl_L1_NS,304NVL_NS,0.009,0.009
245,32Nvl_L1_EW,32NVL_EW,0.021,0.021
245,32Nvl_L2_EW,32NVL_EW,0.023,0.023
245,32Nvl_L3_NS,NONE,0.05,0.0
245,32Nvl_L2_NS,32NVL_NS,0.047,0.042
245,NvcNvl_L1_EW,NONE,0.011,0.0
245,NvcNvl_L2_EW,NONE,0.008,0.0
245,NvcNvl_L1_EW,NVCNVL_EW,0.014,0.014
245,NvcNvl_L2_EW,NVCNVL_EW,0.016,0.016
245,32Mt_L1_EW,NONE,0.007,0.0
245,304Nvl_L2_NS,304NVL_NS,0.008,-0.026
245,32Nvl_L3_EW,NONE,0.019,0.0
245,32Nvl_L1_NS,32NVL_NS,0.04,0.034
245,NvcNvl_L3_EW,NONE,0.006,0.0
245,NvcNvl_L3_EW,NONE,0.019,0.0
250,304Nvl_L1_EW,304NVL_EW,0.008,0.008
250,304Nvl_L1_NS,NONE,0.007,0.0
250,32Nvl_L1_NS,32NVL_NS,0.007,0.007
250,32Nvl_L1_EW,32NVL_EW,0.028,0.028
250,32Nvl_L2_EW,32NVL_EW,0.031,0.031
250,32Nvl_L3_NS,NONE,0.117,0.0
250,32Nvl_L2_NS,32NVL_NS,0.111,0.111
250,NvcNvl_L1_EW,NVCNVL_EW,0.014,0.014
250,NvcNvl_L2_EW,NVCNVL_EW,0.016,0.016
250,32Mt_L1_EW,NONE,0.007,0.0
250,32Nvl_L3_EW,NONE,0.025,0.0
250,32Nvl_L1_NS,32NVL_NS,0.094,0.094
250,NvcNvl_L3_EW,NONE,0.019,0.0
255,304Nvl_L1_EW,304NVL_EW,0.008,0.008
255,32Nvl_L1_NS,32NVL_NS,0.007,0.007
255,32Nvl_L1_EW,32NVL_EW,0.035,0.035
255,32Nvl_L2_EW,32NVL_EW,0.039,0.039
255,32Nvl_L3_NS,NONE,0.1,0.0
255,32Nvl_L2_NS,32NVL_NS,0.095,0.095
255,NvcNvl_L1_EW,NVCNVL_EW,0.014,0.01
255,NvcNvl_L2_EW,NVCNVL_EW,0.016,0.016
255,32Mt_L1_EW,NONE,0.007,0.0
255,32Mt_L3_EW,NONE,0.009,0.0
255,32Mt_L1_NS,NONE,0.01,0.0
255,NvcMt_L1_EW,NVCMT_EW,0.006,-0.004
255,32Nvl_L3_EW,NONE,0.031,0.0
255,32Nvl_L1_NS,32NVL_NS,0.081,0.081
255,NvcNvl_L3_EW,NONE,0.019,0.0
255,32Mt_L2_EW,NONE,0.008,0.0
255,32Mt_L2_NS,NONE,0.009,0.0
255,NvcMt_L2_EW,NVCMT_EW,0.008,-0.003
260,32Nvl_L1_NS,32NVL_NS,0.007,0.007
260,32Nvl_L1_EW,32NVL_EW,0.035,0.035
260,32Nvl_L2_EW,32NVL_EW,0.039,0.039
260,NvcNvl_L1_EW,NVCNVL_EW,0.014,0.01
260,NvcNvl_L2_EW,NVCNVL_EW,0.016,0.016
260,NvcMt_L1_EW,NVCMT_EW,0.006,-0.004
260,NvcMt_L1_NS,NVCMT_NS,0.007,0.007
260,32Nvl_L3_EW,NONE,0.031,0.0
260,NvcNvl_L3_EW,NONE,0.019,0.0
260,NvcMt_L2_EW,NVCMT_EW,0.008,-0.003
260,NvcMt_L2_NS,NVCMT_NS,0.005,0.005
265,32Nvl_L1_NS,32NVL_NS,0.007,0.007
265,32Nvl_L1_EW,32NVL_EW,0.035,0.03
265,32Nvl_L2_EW,32NVL_EW,0.039,0.035
265,NvcNvl_L1_EW,NONE,0.011,0.0
265,NvcNvl_L2_EW,NONE,0.008,0.0
265,NvcNvl_L1_EW,NVCNVL_EW,0.014,0.005
265,NvcNvl_L2_EW,NVCNVL_EW,0.016,0.016
265,32Mt_L1_EW,NONE,0.007,0.0
265,32Mt_L1_EW,32MT_EW,0.007,-0.018
265,32Mt_L1_NS,NONE,0.01,0.0
265,NvcMt_L1_EW,NVCMT_EW,0.013,0.003
265,32Nvl_L2_NS,32NVL_NS,0.007,0.007
265,32Nvl_L3_EW,NONE,0.031,0.0
265,NvcNvl_L3_EW,NONE,0.006,0.0
265,NvcNvl_L3_EW,NONE,0.019,0.0
265,32Mt_L2_EW,32MT_EW,0.005,-0.022
265,NvcMt_L2_EW,NVCMT_EW,0.016,0.005
270,32Nvl_L1_EW,32NVL_EW,0.035,0.025
270,32Nvl_L2_EW,32NVL_EW,0.039,0.029
270,NvcNvl_L1_EW,NVCNVL_EW,0.021,0.012
270,NvcNvl_L2_EW,NVCNVL_EW,0.023,0.023
270,32Mt_L1_EW,32MT_EW,0.007,-0.018
270,NvcMt_L2_NS,NONE,0.005,0.0
270,NvcMt_L1_EW,NVCMT_EW,0.013,-0.002
270,32Thn_L1_EW,32THN_EW,0.008,-0.017
270,32Thn_L2_EW,32THN_EW,0.008,-0.019
270,32Thn_L3_EW,NONE,0.008,0.0
270,32Nvl_L3_EW,NONE,0.031,0.0
270,NvcNvl_L1_NS,NONE,0.009,0.0
270,NvcNvl_L3_EW,NONE,0.028,0.0
270,32Mt_L2_EW,32MT_EW,0.005,-0.022
270,NvcMt_L1_NS,NONE,0.005,0.0
270,NvcMt_L2_EW,NVCMT_EW,0.016,-0.001
275,32Nvl_L3_NS,NONE,0.007,0.0
275,32Nvl_L1_NS,32NVL_NS,0.007,0.007
275,32Nvl_L1_EW,32NVL_EW,0.035,0.025
275,32Nvl_L2_EW,32NVL_EW,0.039,0.029
275,NvcNvl_L3_NS,NONE,0.007,0.0
275,NvcNvl_L2_NS,NONE,0.007,0.0
275,NvcNvl_L1_EW,NVCNVL_EW,0.028,0.028
275,NvcNvl_L2_EW,NVCNVL_EW,0.023,0.023
275,32Mt_L1_EW,32MT_EW,0.007,-0.018
275,NvcMt_L2_NS,NONE,0.005,0.0
275,NvcCmt8_L2_EW,NONE,0.007,0.0
275,32Thn_L1_EW,32THN_EW,0.008,-0.017
275,32Thn_L2_EW,32THN_EW,0.008,-0.019
275,32Thn_L3_EW,NONE,0.008,0.0
275,32Nvl_L2_NS,32NVL_NS,0.007,0.007
275,32Nvl_L3_EW,NONE,0.031,0.0
275,32Nvl_L1_NS,32NVL_NS,0.081,0.081
275,NvcNvl_L1_NS,NONE,0.009,0.0
275,NvcNvl_L3_EW,NONE,0.028,0.0
275,32Mt_L2_EW,32MT_EW,0.005,-0.022
275,NvcMt_L1_NS,NONE,0.005,0.0
275,NvcCmt8_L1_EW,NONE,0.006,0.0
280,304Nvl_L1_NS,NONE,0.015,0.0
280,304Nvl_L3_NS,NONE,0.016,0.0
280,32Nvl_L1_EW,32NVL_EW,0.035,0.02
280,32Nvl_L2_EW,32NVL_EW,0.039,0.025
280,32Nvl_L3_NS,NONE,0.008,0.0
280,32Nvl_L2_NS,32NVL_NS,0.008,0.008
280,NvcNvl_L3_NS,NONE,0.007,0.0
280,NvcNvl_L2_NS,NONE,0.007,0.0
280,NvcNvl_L1_EW,NONE,0.011,0.0
280,NvcNvl_L2_EW,NONE,0.008,0.0
280,NvcNvl_L1_EW,NVCNVL_EW,0.028,0.028
280,NvcNvl_L2_EW,NVCNVL_EW,0.023,0.023
280,32Mt_L1_EW,32MT_EW,0.014,-0.011
280,NvcMt_L2_NS,NONE,0.005,0.0
280,32Thn_L1_EW,32THN_EW,0.008,-0.017
280,32Thn_L2_EW,32THN_EW,0.008,-0.019
280,32Thn_L3_EW,NONE,0.008,0.0
280,304Nvl_L2_NS,NONE,0.015,0.0
280,32Nvl_L3_EW,NONE,0.031,0.0
280,32Nvl_L1_NS,32NVL_NS,0.087,0.087
280,NvcNvl_L1_NS,NONE,0.009,0.0
280,NvcNvl_L3_EW,NONE,0.028,0.0
280,32Mt_L2_EW,32MT_EW,0.011,-0.016
280,NvcMt_L1_NS,NONE,0.005,0.0
280,NvcMt_L1_EW,NVCMT_EW,0.006,-0.014
285,304Nvl_L1_EW,NONE,0.008,0.0
285,304Nvl_L1_NS,NONE,0.015,0.0
285,304Nvl_L3_NS,NONE,0.016,0.0
285,304Nvl_L2_EW,NONE,0.009,0.0
285,32Nvl_L1_EW,32NVL_EW,0.035,0.03
285,32Nvl_L2_EW,32NVL_EW,0.039,0.035
285,NvcNvl_L1_EW,NONE,0.011,0.0
285,NvcNvl_L2_EW,NONE,0.008,0.0
285,NvcNvl_L1_EW,NVCNVL_EW,0.007,0.007
285,32Mt_L1_EW,32MT_EW,0.007,-0.018
285,32Mt_L1_NS,NONE,0.01,0.0
285,NvcMt_L2_NS,NONE,0.005,0.0
285,32Thn_L1_EW,NONE,0.01,0.0
285,304Nvl_L3_EW,NONE,0.008,0.0
285,304Nvl_L2_NS,NONE,0.015,0.0
285,32Nvl_L3_EW,NONE,0.031,0.0
285,32Mt_L2_EW,32MT_EW,0.005,-0.022
285,32Mt_L2_NS,NONE,0.009,0.0
285,NvcMt_L1_NS,NONE,0.005,0.0
290,304Nvl_L1_EW,304NVL_EW,0.008,0.008
290,32Nvl_L1_NS,32NVL_NS,0.007,0.007
290,32Nvl_L1_EW,32NVL_EW,0.035,0.035
290,32Nvl_L2_EW,32NVL_EW,0.039,0.039
290,NvcNvl_L1_EW,NONE,0.011,0.0
290,NvcNvl_L2_EW,NONE,0.008,0.0
290,32Mt_L1_EW,NONE,0.007,0.0
290,NvcMt_L2_NS,NONE,0.026,0.0
290,NvcMt_L2_EW,NVCMT_EW,0.003,0.003
290,32Nvl_L3_EW,NONE,0.031,0.0
290,NvcNvl_L3_EW,NONE,0.006,0.0
290,NvcMt_L1_NS,NONE,0.027,0.0
290,NvcMt_L1_EW,NVCMT_EW,0.006,0.006
295,304Nvl_L1_EW,304NVL_EW,0.008,0.008
295,32Nvl_L1_EW,32NVL_EW,0.035,0.035
295,32Nvl_L2_EW,32NVL_EW,0.039,0.039
295,NvcNvl_L1_EW,NONE,0.011,0.0
295,NvcNvl_L2_EW,NONE,0.008,0.0
295,32Mt_L1_EW,NONE,0.007,0.0
295,32Mt_L3_EW,NONE,0.009,0.0
295,32Mt_L1_NS,NONE,0.01,0.0
295,NvcCmt8_L2_EW,NVCCMT8_EW,0.005,0.005
295,32Nvl_L3_EW,NONE,0.031,0.0
295,NvcNvl_L3_EW,NONE,0.006,0.0
295,32Mt_L2_EW,NONE,0.008,0.0
295,NvcCmt8_L1_EW,NVCCMT8_EW,0.008,0.008
300,32Nvl_L1_EW,32NVL_EW,0.035,0.026
300,32Nvl_L2_EW,32NVL_EW,0.039,0.031
300,NvcNvl_L1_EW,NONE,0.011,0.0
300,NvcNvl_L2_EW,NONE,0.008,0.0
300,NvcNvl_L1_EW,NVCNVL_EW,0.007,0.007
300,NvcNvl_L2_EW,NVCNVL_EW,0.008,0.008
300,32Mt_L1_EW,32MT_EW,0.014,-0.011
300,NvcMt_L2_NS,NONE,0.026,0.0
300,NvcCmt8_L2_EW,NVCCMT8_EW,0.005,0.005
300,32Nvl_L3_EW,NONE,0.031,0.0
300,NvcNvl_L3_EW,NONE,0.009,0.0
300,32Mt_L2_EW,32MT_EW,0.011,-0.016
300,NvcMt_L1_NS,NONE,0.027,0.0
300,NvcCmt8_L1_EW,NVCCMT8_EW,0.008,0.008
305,304Nvl_L1_NS,304NVL_NS,0.009,0.009
305,304Nvl_L1_EW,304NVL_EW,0.008,0.008
305,304Nvl_L2_EW,304NVL_EW,0.007,0.007
305,32Nvl_L1_EW,32NVL_EW,0.035,0.026
305,32Nvl_L2_EW,32NVL_EW,0.039,0.031
305,32Nvl_L3_NS,NONE,0.008,0.0
305,32Nvl_L2_NS,32NVL_NS,0.008,0.003
305,NvcNvl_L1_EW,NVCNVL_EW,0.014,0.014
305,NvcNvl_L2_EW,NVCNVL_EW,0.008,0.008
305,32Mt_L1_EW,NONE,0.007,0.0
305,32Mt_L1_EW,32MT_EW,0.014,-0.011
305,32Mt_L1_NS,NONE,0.02,0.0
305,304Nvl_L2_NS,304NVL_NS,0.008,0.002
305,304Nvl_L3_EW,NONE,0.006,0.0
305,32Nvl_L3_EW,NONE,0.031,0.0
305,32Nvl_L1_NS,32NVL_NS,0.007,0.0
305,NvcNvl_L3_EW,NONE,0.009,0.0
305,32Mt_L2_EW,32MT_EW,0.011,-0.016
305,32Mt_L2_NS,NONE,0.009,0.0
310,304Nvl_L1_NS,304NVL_NS,0.009,0.009
310,304Nvl_L3_NS,NONE,0.007,0.0
310,304Nvl_L1_EW,304NVL_EW,0.008,0.008
310,304Nvl_L2_EW,304NVL_EW,0.007,0.007
310,32Nvl_L1_EW,32NVL_EW,0.042,0.038
310,32Nvl_L2_EW,32NVL_EW,0.046,0.043
310,32Nvl_L3_NS,NONE,0.008,0.0
310,32Nvl_L2_NS,32NVL_NS,0.008,0.003
310,32Mt_L1_EW,NONE,0.014,0.0
310,32Mt_L1_EW,32MT_EW,0.007,-0.023
310,32Mt_L1_NS,NONE,0.02,0.0
310,304Nvl_L2_NS,304NVL_NS,0.008,0.002
310,304Nvl_L3_EW,NONE,0.006,0.0
310,32Nvl_L3_EW,NONE,0.038,0.0
310,32Nvl_L1_NS,32NVL_NS,0.007,0.0
310,32Mt_L2_EW,32MT_EW,0.005,-0.027
310,32Mt_L2_NS,NONE,0.009,0.0
315,304Nvl_L1_NS,304NVL_NS,0.009,0.009
315,304Nvl_L3_NS,NONE,0.007,0.0
315,304Nvl_L1_NS,NONE,0.015,0.0
315,304Nvl_L3_NS,NONE,0.008,0.0
315,32Nvl_L1_EW,32NVL_EW,0.05,0.02
315,32Nvl_L2_EW,32NVL_EW,0.054,0.035
315,32Mt_L1_EW,NONE,0.007,0.0
315,32Mt_L1_EW,32MT_EW,0.042,0.007
315,32Mt_L1_NS,NONE,0.01,0.0
315,NvcMt_L2_EW,NVCMT_EW,0.003,0.003
315,304Nvl_L2_NS,304NVL_NS,0.008,0.008
315,304Nvl_L2_NS,NONE,0.007,0.0
315,32Nvl_L3_EW,NONE,0.044,0.0
315,32Mt_L2_EW,32MT_EW,0.027,-0.011
315,32Mt_L2_NS,NONE,0.009,0.0
315,NvcMt_L1_EW,NVCMT_EW,0.006,0.006
320,304Nvl_L1_NS,304NVL_NS,0.009,0.009
320,304Nvl_L3_NS,NONE,0.007,0.0
320,32Nvl_L1_EW,32NVL_EW,0.05,0.025
320,32Nvl_L2_EW,32NVL_EW,0.054,0.035
320,NvcNvl_L1_EW,NONE,0.011,0.0
320,NvcNvl_L2_EW,NONE,0.008,0.0
320,32Mt_L1_NS,32MT_NS,0.006,0.006
320,32Mt_L1_EW,NONE,0.007,0.0
320,32Mt_L1_EW,32MT_EW,0.035,0.0
320,304Nvl_L2_NS,304NVL_NS,0.008,0.008
320,32Nvl_L3_EW,NONE,0.044,0.0
320,NvcNvl_L3_EW,NONE,0.006,0.0
320,32Mt_L2_EW,32MT_EW,0.027,-0.011
325,304Nvl_L1_NS,304NVL_NS,0.009,0.009
325,304Nvl_L3_NS,NONE,0.007,0.0
325,32Nvl_L1_EW,32NVL_EW,0.05,0.05
325,32Nvl_L2_EW,32NVL_EW,0.054,0.054
325,NvcNvl_L1_EW,NONE,0.011,0.0
325,NvcNvl_L2_EW,NONE,0.008,0.0
325,32Mt_L1_NS,32MT_NS,0.006,0.006
325,32Mt_L1_NS,NONE,0.059,0.0
325,304Nvl_L2_NS,304NVL_NS,0.008,0.008
325,32Nvl_L3_EW,NONE,0.044,0.0
325,32Mt_L2_NS,NONE,0.009,0.0
330,304Nvl_L1_NS,304NVL_NS,0.009,0.009
330,304Nvl_L3_NS,NONE,0.007,0.0
330,304Nvl_L1_EW,304NVL_EW,0.017,0.017
330,304Nvl_L2_EW,304NVL_EW,0.007,0.007
330,32Nvl_L1_EW,32NVL_EW,0.021,0.021
330,32Nvl_L2_EW,32NVL_EW,0.023,0.023
330,NvcNvl_L1_EW,NONE,0.011,0.0
330,NvcNvl_L2_EW,NONE,0.008,0.0
330,304Nvl_L2_NS,304NVL_NS,0.008,0.008
330,304Nvl_L3_EW,NONE,0.006,0.0
330,32Nvl_L3_EW,NONE,0.019,0.0
335,304Nvl_L1_NS,304NVL_NS,0.009,0.009
335,304Nvl_L3_NS,NONE,0.007,0.0
335,32Nvl_L1_EW,32NVL_EW,0.007,0.007
335,32Nvl_L2_EW,32NVL_EW,0.015,0.015
335,32Nvl_L1_EW,32NVL_EW,0.007,0.007
335,NvcNvl_L1_NS,NVCNVL_NS,0.007,0.007
335,304Nvl_L2_NS,304NVL_NS,0.008,0.008
335,32Nvl_L3_EW,NONE,0.013,0.0
335,32Nvl_L1_NS,32NVL_NS,0.007,-0.004
340,304Nvl_L1_NS,NONE,0.007,0.0
340,32Nvl_L3_NS,NONE,0.008,0.0
340,32Nvl_L2_NS,32NVL_NS,0.008,0.008
340,NvcNvl_L3_NS,NONE,0.034,0.0
340,NvcNvl_L2_NS,NONE,0.033,0.0
340,NvcNvl_L1_NS,NVCNVL_NS,0.007,0.007
340,32Nvl_L1_NS,32NVL_NS,0.027,0.022
340,NvcNvl_L1_NS,NONE,0.044,0.0
345,32Nvl_L1_NS,32NVL_NS,0.007,0.007
345,32Nvl_L1_EW,32NVL_EW,0.007,0.007
345,32Nvl_L2_EW,32NVL_EW,0.007,0.007
345,32Nvl_L3_NS,NONE,0.008,0.0
345,32Nvl_L2_NS,32NVL_NS,0.008,0.008
345,32Mt_L1_NS,NONE,0.02,0.0
345,32Nvl_L2_NS,32NVL_NS,0.007,0.007
345,32Nvl_L3_EW,NONE,0.006,0.0
345,32Nvl_L1_NS,32NVL_NS,0.034,0.034
345,32Mt_L2_NS,NONE,0.017,0.0
350,304Nvl_L1_EW,304NVL_EW,0.051,0.051
350,304Nvl_L2_EW,304NVL_EW,0.044,0.044
350,304Nvl_L1_NS,NONE,0.007,0.0
350,32Nvl_L1_EW,32NVL_EW,0.007,0.007
350,32Nvl_L2_EW,32NVL_EW,0.007,0.007
350,NvcNvl_L3_NS,NONE,0.007,0.0
350,NvcNvl_L2_NS,NONE,0.007,0.0
350,32Mt_L1_NS,32MT_NS,0.006,0.006
350,32Mt_L1_NS,NONE,0.01,0.0
350,NvcMt_L1_EW,NVCMT_EW,0.006,0.006
350,304Nvl_L3_EW,NONE,0.038,0.0
350,32Nvl_L3_EW,NONE,0.006,0.0
350,32Nvl_L1_NS,32NVL_NS,0.013,0.013
350,NvcNvl_L1_NS,NONE,0.009,0.0
350,NvcMt_L2_EW,NVCMT_EW,0.008,0.008
355,304Nvl_L1_EW,304NVL_EW,0.068,0.068
355,304Nvl_L2_EW,304NVL_EW,0.058,0.058
355,32Nvl_L1_EW,32NVL_EW,0.007,0.007
355,32Nvl_L2_EW,32NVL_EW,0.008,0.008
355,32Nvl_L1_EW,32NVL_EW,0.007,0.007
355,32Nvl_L2_EW,32NVL_EW,0.007,0.007
355,NvcMt_L1_EW,NVCMT_EW,0.006,0.006
355,304Nvl_L3_EW,NONE,0.051,0.0
355,32Nvl_L3_EW,NONE,0.006,0.0
355,32Nvl_L3_EW,NONE,0.006,0.0
355,32Nvl_L1_NS,32NVL_NS,0.013,0.013
355,NvcMt_L2_EW,NVCMT_EW,0.008,0.008
360,304Nvl_L1_EW,304NVL_EW,0.085,0.085
360,304Nvl_L2_EW,304NVL_EW,0.073,0.073
360,32Nvl_L1_EW,32NVL_EW,0.007,0.007
360,32Nvl_L2_EW,32NVL_EW,0.008,0.008
360,32Nvl_L1_EW,32NVL_EW,0.007,0.007
360,32Nvl_L2_EW,32NVL_EW,0.007,0.007
360,32Nvl_L3_NS,NONE,0.05,0.0
360,32Nvl_L2_NS,32NVL_NS,0.055,0.055
360,NvcNvl_L1_EW,NVCNVL_EW,0.007,0.003
360,NvcMt_L2_NS,NONE,0.005,0.0
360,NvcMt_L1_EW,NVCMT_EW,0.006,0.001
360,NvcCmt8_L2_EW,NONE,0.007,0.0
360,304Nvl_L3_EW,NONE,0.063,0.0
360,32Nvl_L3_EW,NONE,0.006,0.0
360,32Nvl_L3_EW,NONE,0.006,0.0
360,32Nvl_L1_NS,32NVL_NS,0.054,0.054
360,NvcMt_L1_NS,NONE,0.005,0.0
360,NvcMt_L2_EW,NVCMT_EW,0.008,0.008
360,NvcCmt8_L1_EW,NONE,0.006,0.0
365,304Nvl_L1_EW,304NVL_EW,0.085,0.085
365,304Nvl_L2_EW,304NVL_EW,0.073,0.073
365,32Nvl_L3_NS,NONE,0.007,0.0
365,32Nvl_L1_NS,32NVL_NS,0.007,0.007
365,32Nvl_L1_EW,32NVL_EW,0.007,0.007
365,32Nvl_L2_EW,32NVL_EW,0.008,0.008
365,32Nvl_L1_EW,32NVL_EW,0.007,0.007
365,32Nvl_L2_EW,32NVL_EW,0.007,0.007
365,32Nvl_L3_NS,NONE,0.008,0.0
365,32Nvl_L2_NS,32NVL_NS,0.008,0.008
365,NvcNvl_L1_EW,NONE,0.053,0.0
365,NvcNvl_L2_EW,NONE,0.038,0.0
365,NvcNvl_L1_EW,NVCNVL_EW,0.007,0.003
365,32Mt_L1_EW,NONE,0.007,0.0
365,32Mt_L3_EW,NONE,0.009,0.0
365,NvcMt_L2_NS,NONE,0.005,0.0
365,NvcMt_L1_EW,NVCMT_EW,0.006,0.001
365,NvcCmt8_L2_NS,NONE,0.011,0.0
365,NvcCmt8_L1_NS,NONE,0.008,0.0
365,304Nvl_L3_EW,NONE,0.063,0.0
365,32Nvl_L2_NS,32NVL_NS,0.007,0.007
365,32Nvl_L3_EW,NONE,0.006,0.0
365,32Nvl_L3_EW,NONE,0.006,0.0
365,32Nvl_L1_NS,32NVL_NS,0.007,0.007
365,NvcNvl_L3_EW,NONE,0.032,0.0
365,32Mt_L2_EW,NONE,0.008,0.0
365,NvcMt_L1_NS,NONE,0.005,0.0
365,NvcMt_L2_EW,NVCMT_EW,0.008,0.008
370,304Nvl_L1_EW,304NVL_EW,0.076,0.076
370,304Nvl_L2_EW,304NVL_EW,0.065,0.065
370,304Nvl_L1_EW,NONE,0.008,0.0
370,32Nvl_L1_EW,32NVL_EW,0.014,0.014
370,32Nvl_L2_EW,32NVL_EW,0.015,0.015
370,32Nvl_L1_EW,32NVL_EW,0.007,0.007
370,32Nvl_L2_EW,32NVL_EW,0.007,0.007
370,32Nvl_L3_NS,NONE,0.008,0.0
370,32Nvl_L2_NS,32NVL_NS,0.008,0.008
370,NvcNvl_L1_EW,NONE,0.053,0.0
370,NvcNvl_L2_EW,NONE,0.038,0.0
370,NvcNvl_L1_EW,NVCNVL_EW,0.007,0.003
370,NvcMt_L1_EW,NVCMT_EW,0.006,-0.004
370,304Nvl_L3_EW,NONE,0.057,0.0
370,32Nvl_L3_EW,NONE,0.006,0.0
370,32Nvl_L3_EW,NONE,0.013,0.0
370,32Nvl_L1_NS,32NVL_NS,0.007,0.007
370,NvcNvl_L3_EW,NONE,0.032,0.0
370,NvcMt_L2_EW,NVCMT_EW,0.008,0.008
370,NvcCmt8_L1_EW,NVCCMT8_EW,0.008,0.003
375,304Nvl_L1_EW,304NVL_EW,0.076,0.076
375,304Nvl_L2_EW,304NVL_EW,0.065,0.065
375,304Nvl_L1_EW,NONE,0.008,0.0
375,32Nvl_L1_EW,32NVL_EW,0.014,0.009
375,32Nvl_L2_EW,32NVL_EW,0.015,0.015
375,32Nvl_L1_EW,32NVL_EW,0.007,0.002
375,32Nvl_L2_EW,32NVL_EW,0.007,0.007
375,32Nvl_L3_NS,NONE,0.008,0.0
375,32Nvl_L2_NS,32NVL_NS,0.008,0.008
375,NvcNvl_L1_EW,NVCNVL_EW,0.007,0.007
375,NvcNvl_L2_EW,NVCNVL_EW,0.008,0.008
375,32Mt_L1_EW,NONE,0.007,0.0
375,32Mt_L3_EW,NONE,0.009,0.0
375,32Mt_L1_EW,32MT_EW,0.007,-0.003
375,NvcMt_L2_NS,NONE,0.005,0.0
375,NvcCmt8_L2_NS,NONE,0.011,0.0
375,NvcCmt8_L1_NS,NONE,0.008,0.0
375,304Nvl_L3_EW,NONE,0.057,0.0
375,32Nvl_L3_EW,NONE,0.006,0.0
375,32Nvl_L3_EW,NONE,0.013,0.0
375,32Nvl_L1_NS,32NVL_NS,0.013,0.013
375,NvcNvl_L3_EW,NONE,0.009,0.0
375,32Mt_L2_EW,NONE,0.008,0.0
375,NvcMt_L1_NS,NONE,0.005,0.0
380,304Nvl_L1_EW,304NVL_EW,0.068,0.068
380,304Nvl_L2_EW,304NVL_EW,0.058,0.058
380,304Nvl_L1_NS,NONE,0.007,0.0
380,32Nvl_L1_NS,32NVL_NS,0.007,0.007
380,32Nvl_L1_EW,32NVL_EW,0.007,0.002
380,32Nvl_L2_EW,32NVL_EW,0.008,0.004
380,32Nvl_L1_EW,32NVL_EW,0.007,0.002
380,32Nvl_L2_EW,32NVL_EW,0.007,0.004
380,32Nvl_L3_NS,NONE,0.017,0.0
380,32Nvl_L2_NS,32NVL_NS,0.016,0.016
380,NvcNvl_L1_EW,NVCNVL_EW,0.042,0.042
380,NvcNvl_L2_EW,NVCNVL_EW,0.008,0.008
380,32Mt_L1_EW,32MT_EW,0.007,0.002
380,NvcMt_L2_NS,NONE,0.005,0.0
380,304Nvl_L3_EW,NONE,0.051,0.0
380,32Nvl_L2_NS,32NVL_NS,0.007,0.007
380,32Nvl_L3_EW,NONE,0.006,0.0
380,32Nvl_L3_EW,NONE,0.006,0.0
380,32Nvl_L1_NS,32NVL_NS,0.034,0.034
380,NvcNvl_L3_EW,NONE,0.009,0.0
380,32Mt_L2_EW,32MT_EW,0.005,0.0
380,NvcMt_L1_NS,NONE,0.005,0.0
385,304Nvl_L1_EW,304NVL_EW,0.068,0.068
385,304Nvl_L2_EW,304NVL_EW,0.058,0.058
385,304Nvl_L1_NS,NONE,0.007,0.0
385,32Nvl_L1_EW,32NVL_EW,0.014,0.004
385,32Nvl_L2_EW,32NVL_EW,0.015,0.012
385,32Nvl_L1_EW,32NVL_EW,0.007,-0.003
385,32Nvl_L2_EW,32NVL_EW,0.007,0.004
385,NvcNvl_L1_EW,NVCNVL_EW,0.042,0.042
385,NvcNvl_L2_EW,NVCNVL_EW,0.008,0.006
385,32Mt_L1_EW,32MT_EW,0.014,0.004
385,32Mt_L1_NS,NONE,0.01,0.0
385,NvcMt_L2_EW,NVCMT_EW,0.003,-0.003
385,304Nvl_L3_EW,NONE,0.051,0.0
385,32Nvl_L3_EW,NONE,0.006,0.0
385,32Nvl_L3_EW,NONE,0.013,0.0
385,32Nvl_L1_NS,32NVL_NS,0.007,0.007
385,NvcNvl_L3_EW,NONE,0.009,0.0
385,32Mt_L2_EW,32MT_EW,0.005,-0.005
385,32Mt_L2_NS,NONE,0.009,0.0
385,NvcMt_L1_EW,NVCMT_EW,0.006,-0.024
390,304Nvl_L1_EW,304NVL_EW,0.068,0.068
390,304Nvl_L2_EW,304NVL_EW,0.058,0.058
390,304Nvl_L1_NS,NONE,0.007,0.0
390,32Nvl_L1_EW,32NVL_EW,0.007,-0.047
390,32Nvl_L2_EW,32NVL_EW,0.008,-0.03
390,NvcNvl_L1_EW,NONE,0.011,0.0
390,NvcNvl_L2_EW,NONE,0.008,0.0
390,NvcNvl_L1_EW,NVCNVL_EW,0.042,0.042
390,NvcNvl_L2_EW,NVCNVL_EW,0.008,0.006
390,32Mt_L1_EW,NONE,0.043,0.0
390,32Mt_L3_EW,NONE,0.053,0.0
390,32Mt_L1_EW,32MT_EW,0.077,0.072
390,32Mt_L1_NS,NONE,0.01,0.0
390,NvcMt_L2_EW,NVCMT_EW,0.003,-0.003
390,32Thn_L1_EW,NONE,0.01,0.0
390,32Thn_L2_EW,NONE,0.01,0.0
390,32Thn_L3_EW,NONE,0.007,0.0
390,304Nvl_L3_EW,NONE,0.051,0.0
390,32Nvl_L3_EW,NONE,0.006,0.0
390,NvcNvl_L3_EW,NONE,0.006,0.0
390,NvcNvl_L3_EW,NONE,0.009,0.0
390,32Mt_L2_EW,NONE,0.045,0.0
390,32Mt_L2_EW,32MT_EW,0.054,0.049
390,32Mt_L2_NS,NONE,0.009,0.0
390,NvcMt_L1_EW,NVCMT_EW,0.006,-0.024
395,304Nvl_L1_EW,304NVL_EW,0.008,0.008
395,304Nvl_L2_EW,304NVL_EW,0.007,0.007
395,NvcNvl_L3_NS,NONE,0.007,0.0
395,NvcNvl_L2_NS,NONE,0.007,0.0
395,NvcNvl_L1_EW,NONE,0.011,0.0
395,NvcNvl_L2_EW,NONE,0.008,0.0
395,NvcNvl_L1_EW,NVCNVL_EW,0.007,0.007
395,NvcNvl_L2_EW,NVCNVL_EW,0.008,0.004
395,32Mt_L1_EW,NONE,0.014,0.0
395,32Mt_L3_EW,NONE,0.018,0.0
395,32Mt_L1_EW,32MT_EW,0.091,0.091
395,32Mt_L1_NS,NONE,0.01,0.0
395,NvcMt_L2_EW,NVCMT_EW,0.005,0.0
395,32Thn_L1_EW,32THN_EW,0.008,0.008
395,304Nvl_L3_EW,NONE,0.006,0.0
395,32Nvl_L1_NS,32NVL_NS,0.007,0.007
395,NvcNvl_L1_NS,NONE,0.009,0.0
395,NvcNvl_L3_EW,NONE,0.006,0.0
395,NvcNvl_L3_EW,NONE,0.009,0.0
395,32Mt_L2_EW,NONE,0.015,0.0
395,32Mt_L2_EW,32MT_EW,0.065,0.065
395,32Mt_L2_NS,NONE,0.009,0.0
395,NvcMt_L1_EW,NVCMT_EW,0.011,0.006
400,304Nvl_L1_EW,304NVL_EW,0.051,0.051
400,304Nvl_L2_EW,304NVL_EW,0.036,0.036
400,32Nvl_L1_EW,32NVL_EW,0.007,0.007
400,32Nvl_L2_EW,32NVL_EW,0.008,0.008
400,NvcNvl_L1_EW,NONE,0.011,0.0
400,NvcNvl_L2_EW,NONE,0.008,0.0
400,32Mt_L1_NS,32MT_NS,0.006,0.006
400,32Mt_L1_NS,NONE,0.01,0.0
400,NvcMt_L1_EW,NVCMT_EW,0.006,0.001
400,NvcCmt8_L2_EW,NVCCMT8_EW,0.005,0.005
400,304Nvl_L3_EW,NONE,0.032,0.0
400,32Nvl_L3_EW,NONE,0.006,0.0
400,32Nvl_L1_NS,32NVL_NS,0.013,0.013
400,NvcNvl_L3_EW,NONE,0.006,0.0
400,32Mt_L2_NS,NONE,0.009,0.0
400,NvcMt_L2_EW,NVCMT_EW,0.008,0.004
400,NvcCmt8_L1_EW,NVCCMT8_EW,0.008,0.003
405,304Nvl_L1_EW,304NVL_EW,0.051,0.051
405,304Nvl_L2_EW,304NVL_EW,0.044,0.044
405,304Nvl_L1_NS,NONE,0.044,0.0
405,32Nvl_L3_NS,NONE,0.008,0.0
405,32Nvl_L2_NS,32NVL_NS,0.008,0.008
405,NvcNvl_L1_EW,NONE,0.021,0.0
405,NvcNvl_L2_EW,NONE,0.015,0.0
405,32Mt_L1_NS,32MT_NS,0.013,0.013
405,32Mt_L1_EW,NONE,0.036,0.0
405,32Mt_L1_EW,32MT_EW,0.021,0.021
405,304Nvl_L3_EW,NONE,0.038,0.0
405,32Nvl_L1_NS,32NVL_NS,0.02,0.02
405,NvcNvl_L3_EW,NONE,0.006,0.0
405,32Mt_L2_EW,32MT_EW,0.016,0.016
410,304Nvl_L1_EW,304NVL_EW,0.008,0.008
410,304Nvl_L2_EW,304NVL_EW,0.007,0.007
410,304Nvl_L1_NS,NONE,0.007,0.0
410,32Nvl_L3_NS,NONE,0.017,0.0
410,32Nvl_L2_NS,32NVL_NS,0.016,0.016
410,NvcNvl_L1_EW,NVCNVL_EW,0.007,0.007
410,NvcNvl_L2_EW,NVCNVL_EW,0.008,0.008
410,32Mt_L1_NS,32MT_NS,0.013,0.013
410,32Mt_L1_EW,NONE,0.036,0.0
410,32Mt_L1_EW,32MT_EW,0.007,0.007
410,32Mt_L1_NS,NONE,0.01,0.0
410,NvcMt_L2_NS,NONE,0.005,0.0
410,304Nvl_L3_EW,NONE,0.006,0.0
410,32Nvl_L1_NS,32NVL_NS,0.02,0.02
410,NvcNvl_L3_EW,NONE,0.009,0.0
410,32Mt_L2_EW,32MT_EW,0.005,0.005
410,32Mt_L2_NS,NONE,0.009,0.0
410,NvcMt_L1_NS,NONE,0.005,0.0
415,304Nvl_L1_EW,304NVL_EW,0.008,0.008
415,304Nvl_L1_NS,NONE,0.044,0.0
415,32Nvl_L1_NS,32NVL_NS,0.007,0.007
415,32Nvl_L3_NS,NONE,0.017,0.0
415,32Nvl_L2_NS,32NVL_NS,0.016,0.016
415,NvcNvl_L1_EW,NONE,0.011,0.0
415,NvcNvl_L2_EW,NONE,0.008,0.0
415,32Mt_L1_NS,32MT_NS,0.006,0.006
415,32Mt_L1_EW,NONE,0.079,0.0
415,32Mt_L3_EW,NONE,0.053,0.0
415,32Mt_L1_NS,NONE,0.01,0.0
415,32Nvl_L2_NS,32NVL_NS,0.007,0.007
415,32Nvl_L1_NS,32NVL_NS,0.02,0.02
415,32Mt_L2_EW,NONE,0.045,0.0
420,304Nvl_L1_EW,NONE,0.008,0.0
420,32Nvl_L3_NS,NONE,0.014,0.0
420,32Nvl_L1_NS,32NVL_NS,0.021,0.021
420,32Nvl_L1_EW,32NVL_EW,0.007,0.007
420,32Nvl_L2_EW,32NVL_EW,0.008,0.008
420,32Nvl_L3_NS,NONE,0.017,0.0
420,32Nvl_L2_NS,32NVL_NS,0.016,0.016
420,32Mt_L1_NS,32MT_NS,0.006,0.006
420,32Mt_L1_EW,NONE,0.014,0.0
420,32Mt_L3_EW,NONE,0.018,0.0
420,32Mt_L1_NS,NONE,0.049,0.0
420,32Nvl_L2_NS,32NVL_NS,0.02,0.02
420,32Nvl_L3_EW,NONE,0.006,0.0
420,32Nvl_L1_NS,32NVL_NS,0.02,0.02
420,32Mt_L2_EW,NONE,0.015,0.0
420,32Mt_L2_NS,NONE,0.043,0.0
425,32Nvl_L3_NS,NONE,0.014,0.0
425,32Nvl_L1_NS,32NVL_NS,0.021,0.021
425,32Nvl_L3_NS,NONE,0.017,0.0
425,32Nvl_L2_NS,32NVL_NS,0.016,0.016
425,32Mt_L1_NS,32MT_NS,0.006,0.006
425,32Mt_L1_NS,NONE,0.049,0.0
425,32Nvl_L2_NS,32NVL_NS,0.02,0.02
425,32Nvl_L1_NS,32NVL_NS,0.013,0.013
430,32Nvl_L3_NS,NONE,0.007,0.0
430,32Nvl_L1_NS,32NVL_NS,0.014,0.014
430,32Nvl_L1_EW,32NVL_EW,0.007,-0.023
430,32Nvl_L3_NS,NONE,0.025,0.0
430,32Nvl_L2_NS,32NVL_NS,0.024,0.024
430,NvcNvl_L1_EW,NVCNVL_EW,0.035,0.035
430,NvcNvl_L2_EW,NVCNVL_EW,0.039,0.039
430,32Mt_L1_EW,NONE,0.007,0.0
430,32Mt_L3_EW,NONE,0.009,0.0
430,32Mt_L1_EW,32MT_EW,0.042,0.042
430,32Mt_L1_NS,NONE,0.01,0.0
430,NvcMt_L2_NS,NONE,0.005,0.0
430,32Nvl_L2_NS,32NVL_NS,0.013,0.013
430,32Nvl_L1_NS,32NVL_NS,0.02,0.02
430,NvcNvl_L3_EW,NONE,0.047,0.0
430,32Mt_L2_EW,NONE,0.008,0.0
430,32Mt_L2_EW,32MT_EW,0.005,0.005
430,NvcMt_L1_NS,NONE,0.005,0.0
435,304Thn_L1_EW,NONE,0.007,0.0
435,304Thn_L2_EW,NONE,0.008,0.0
435,32Nvl_L3_NS,NONE,0.048,0.0
435,32Nvl_L1_NS,32NVL_NS,0.055,0.055
435,32Nvl_L1_EW,32NVL_EW,0.007,-0.017
435,32Nvl_L2_EW,32NVL_EW,0.008,-0.011
435,32Nvl_L3_NS,NONE,0.042,0.0
435,32Nvl_L2_NS,32NVL_NS,0.039,0.039
435,NvcNvl_L1_EW,NONE,0.011,0.0
435,NvcNvl_L2_EW,NONE,0.008,0.0
435,NvcNvl_L1_EW,NVCNVL_EW,0.007,0.007
435,NvcNvl_L2_EW,NVCNVL_EW,0.008,0.008
435,32Mt_L1_NS,32MT_NS,0.006,0.006
435,32Mt_L1_EW,32MT_EW,0.035,0.03
435,32Nvl_L2_NS,32NVL_NS,0.053,0.053
435,32Nvl_L3_EW,NONE,0.006,0.0
435,32Nvl_L1_NS,32NVL_NS,0.034,0.034
435,NvcNvl_L3_EW,NONE,0.006,0.0
435,NvcNvl_L3_EW,NONE,0.009,0.0
435,32Mt_L2_EW,32MT_EW,0.027,0.022
435,304Thn_L3_EW,NONE,0.008,0.0
440,304Thn_L1_EW,304THN_EW,0.008,0.008
440,32Nvl_L3_NS,NONE,0.048,0.0
440,32Nvl_L1_NS,32NVL_NS,0.062,0.062
440,32Nvl_L1_EW,32NVL_EW,0.014,0.014
440,32Nvl_L2_EW,32NVL_EW,0.015,0.015
440,32Nvl_L3_NS,NONE,0.042,0.0
440,32Nvl_L2_NS,32NVL_NS,0.039,0.039
440,NvcNvl_L3_NS,NONE,0.007,0.0
440,NvcNvl_L2_NS,NONE,0.007,0.0
440,32Mt_L1_NS,32MT_NS,0.006,0.006
440,32Mt_L1_EW,NONE,0.007,0.0
440,32Mt_L3_EW,NONE,0.009,0.0
440,32Nvl_L2_NS,32NVL_NS,0.06,0.06
440,32Nvl_L3_EW,NONE,0.013,0.0
440,32Nvl_L1_NS,32NVL_NS,0.04,0.04
440,NvcNvl_L1_NS,NONE,0.009,0.0
440,32Mt_L2_EW,NONE,0.008,0.0
445,32Nvl_L3_NS,NONE,0.082,0.0
445,32Nvl_L1_NS,32NVL_NS,0.104,0.104
445,32Nvl_L1_EW,32NVL_EW,0.014,0.014
445,32Nvl_L2_EW,32NVL_EW,0.015,0.015
445,32Nvl_L3_NS,NONE,0.042,0.0
445,32Nvl_L2_NS,32NVL_NS,0.039,0.039
445,NvcNvl_L1_EW,NONE,0.011,0.0
445,NvcNvl_L2_EW,NONE,0.008,0.0
445,NvcNvl_L1_EW,NVCNVL_EW,0.007,0.007
445,NvcNvl_L2_EW,NVCNVL_EW,0.008,0.008
445,32Mt_L1_NS,32MT_NS,0.006,0.006
445,NvcCmt8_L2_EW,NONE,0.007,0.0
445,32Nvl_L2_NS,32NVL_NS,0.1,0.1
445,32Nvl_L3_EW,NONE,0.013,0.0
445,32Nvl_L1_NS,32NVL_NS,0.04,0.04
445,NvcNvl_L3_EW,NONE,0.006,0.0
445,NvcNvl_L3_EW,NONE,0.009,0.0
445,NvcCmt8_L1_EW,NONE,0.006,0.0
450,304Nvl_L1_EW,304NVL_EW,0.008,0.008
450,304Nvl_L2_EW,304NVL_EW,0.007,0.007
450,32Nvl_L3_NS,NONE,0.02,0.0
450,32Nvl_L1_NS,32NVL_NS,0.104,0.104
450,32Nvl_L1_EW,32NVL_EW,0.007,0.001
450,32Nvl_L2_EW,32NVL_EW,0.008,0.002
450,32Nvl_L1_EW,32NVL_EW,0.013,0.008
450,32Nvl_L3_NS,NONE,0.042,0.0
450,32Nvl_L2_NS,32NVL_NS,0.039,0.039
450,NvcNvl_L1_EW,NVCNVL_EW,0.035,0.031
450,NvcNvl_L2_EW,NVCNVL_EW,0.039,0.039
450,NvcMt_L2_NS,NONE,0.026,0.0
450,NvcMt_L1_EW,NVCMT_EW,0.006,-0.018
450,32Thn_L1_EW,32THN_EW,0.008,0.003
450,32Thn_L2_EW,32THN_EW,0.008,0.003
450,32Thn_L3_EW,NONE,0.008,0.0
450,304Nvl_L3_EW,NONE,0.006,0.0
450,32Nvl_L2_NS,32NVL_NS,0.1,0.1
450,32Nvl_L3_EW,NONE,0.006,0.0
450,32Nvl_L1_NS,32NVL_NS,0.047,0.047
450,NvcNvl_L3_EW,NONE,0.047,0.0
450,NvcMt_L1_NS,NONE,0.027,0.0
455,304Nvl_L1_EW,304NVL_EW,0.008,0.008
455,304Nvl_L2_EW,304NVL_EW,0.007,0.007
455,32Nvl_L3_NS,NONE,0.02,0.0
455,32Nvl_L1_NS,32NVL_NS,0.055,0.055
455,32Nvl_L1_EW,32NVL_EW,0.007,0.001
455,32Nvl_L2_EW,32NVL_EW,0.008,0.002
455,NvcNvl_L1_EW,NONE,0.011,0.0
455,NvcNvl_L2_EW,NONE,0.008,0.0
455,NvcNvl_L1_EW,NVCNVL_EW,0.035,0.031
455,NvcNvl_L2_EW,NVCNVL_EW,0.039,0.039
455,32Mt_L1_EW,NONE,0.007,0.0
455,NvcMt_L1_EW,NVCMT_EW,0.006,-0.024
455,NvcCmt8_L2_NS,NONE,0.011,0.0
455,32Thn_L1_EW,32THN_EW,0.008,0.003
455,32Thn_L2_EW,32THN_EW,0.008,0.003
455,NvcCmt8_L1_NS,NONE,0.008,0.0
455,32Thn_L3_EW,NONE,0.008,0.0
455,304Nvl_L3_EW,NONE,0.006,0.0
455,32Nvl_L2_NS,32NVL_NS,0.053,0.053
455,32Nvl_L3_EW,NONE,0.006,0.0
455,32Nvl_L1_NS,32NVL_NS,0.007,0.007
455,NvcNvl_L3_EW,NONE,0.047,0.0
455,NvcMt_L2_EW,NVCMT_EW,0.008,-0.019
455,NvcCmt8_L1_EW,NVCCMT8_EW,0.008,0.003
460,304Nvl_L1_NS,304NVL_NS,0.009,0.004
460,304Nvl_L3_NS,NONE,0.007,0.0
460,304Nvl_L1_EW,304NVL_EW,0.008,0.008
460,304Nvl_L2_EW,304NVL_EW,0.007,0.007
460,32Nvl_L1_NS,32NVL_NS,0.007,0.001
460,32Nvl_L1_EW,32NVL_EW,0.007,-0.023
460,32Nvl_L2_EW,32NVL_EW,0.008,-0.017
460,NvcNvl_L1_EW,NVCNVL_EW,0.035,0.013
460,NvcNvl_L2_EW,NVCNVL_EW,0.039,0.039
460,32Mt_L1_EW,32MT_EW,0.035,0.03
460,NvcMt_L1_EW,NVCMT_EW,0.032,0.007
460,32Thn_L1_EW,32THN_EW,0.008,0.003
460,32Thn_L2_EW,32THN_EW,0.008,0.003
460,32Thn_L3_EW,NONE,0.008,0.0
460,304Nvl_L2_NS,304NVL_NS,0.008,0.008
460,304Nvl_L3_EW,NONE,0.006,0.0
460,32Nvl_L3_EW,NONE,0.006,0.0
460,NvcNvl_L3_EW,NONE,0.047,0.0
460,32Mt_L2_EW,32MT_EW,0.027,0.022
460,NvcMt_L2_EW,NVCMT_EW,0.04,0.012
465,304Nvl_L1_NS,304NVL_NS,0.009,0.004
465,304Nvl_L3_NS,NONE,0.007,0.0
465,304Nvl_L1_EW,304NVL_EW,0.017,0.017
465,304Nvl_L2_EW,304NVL_EW,0.015,0.015
465,32Nvl_L1_NS,32NVL_NS,0.007,0.001
465,32Nvl_L1_EW,32NVL_EW,0.007,-0.028
465,32Nvl_L2_EW,32NVL_EW,0.008,-0.021
465,NvcNvl_L3_NS,NONE,0.007,0.0
465,NvcNvl_L2_NS,NONE,0.007,0.0
465,NvcNvl_L1_EW,NVCNVL_EW,0.035,0.013
465,NvcNvl_L2_EW,NVCNVL_EW,0.039,0.039
465,32Mt_L1_EW,32MT_EW,0.042,0.037
465,NvcMt_L1_EW,NVCMT_EW,0.032,0.007
465,32Thn_L1_EW,32THN_EW,0.008,0.003
465,32Thn_L2_EW,32THN_EW,0.008,0.003
465,32Thn_L3_EW,NONE,0.008,0.0
465,304Nvl_L2_NS,304NVL_NS,0.008,0.008
465,304Nvl_L3_EW,NONE,0.013,0.0
465,32Nvl_L3_EW,NONE,0.006,0.0
465,32Nvl_L1_NS,32NVL_NS,0.034,0.027
465,NvcNvl_L1_NS,NONE,0.009,0.0
465,NvcNvl_L3_EW,NONE,0.047,0.0
465,32Mt_L2_EW,32MT_EW,0.033,0.027
465,NvcMt_L2_EW,NVCMT_EW,0.04,0.012
470,304Nvl_L1_NS,304NVL_NS,0.009,0.009
470,304Nvl_L3_NS,NONE,0.007,0.0
470,304Nvl_L1_EW,304NVL_EW,0.017,0.017
470,304Nvl_L2_EW,304NVL_EW,0.015,0.015
470,32Nvl_L1_EW,32NVL_EW,0.007,-0.022
470,32Nvl_L2_EW,32NVL_EW,0.008,-0.015
470,NvcNvl_L1_EW,NVCNVL_EW,0.035,0.013
470,NvcNvl_L2_EW,NVCNVL_EW,0.039,0.039
470,32Mt_L1_EW,32MT_EW,0.042,0.037
470,NvcMt_L1_EW,NVCMT_EW,0.032,0.007
470,NvcCmt8_L2_NS,NONE,0.012,0.0
470,32Thn_L1_EW,NONE,0.01,0.0
470,304Nvl_L2_NS,304NVL_NS,0.008,0.008
470,304Nvl_L3_EW,NONE,0.006,0.0
470,32Nvl_L3_EW,NONE,0.006,0.0
470,32Nvl_L1_NS,32NVL_NS,0.04,0.034
470,NvcNvl_L3_EW,NONE,0.047,0.0
470,32Mt_L2_EW,32MT_EW,0.033,0.027
470,NvcMt_L2_EW,NVCMT_EW,0.04,0.012
470,NvcCmt8_L1_NS,NONE,0.011,0.0
475,304Nvl_L1_NS,304NVL_NS,0.009,0.009
475,304Nvl_L3_NS,NONE,0.007,0.0
475,304Nvl_L1_EW,304NVL_EW,0.008,0.008
475,304Nvl_L2_EW,304NVL_EW,0.007,0.007
475,304Nvl_L1_NS,NONE,0.007,0.0
475,32Nvl_L1_EW,32NVL_EW,0.007,-0.027
475,32Nvl_L2_EW,32NVL_EW,0.008,-0.019
475,32Nvl_L3_NS,NONE,0.042,0.0
475,32Nvl_L2_NS,32NVL_NS,0.039,0.034
475,NvcNvl_L1_EW,NVCNVL_EW,0.035,0.035
475,NvcNvl_L2_EW,NVCNVL_EW,0.039,0.039
475,32Mt_L1_EW,32MT_EW,0.049,0.044
475,32Thn_L1_EW,NONE,0.01,0.0
475,304Nvl_L2_NS,304NVL_NS,0.008,-0.02
475,304Nvl_L3_EW,NONE,0.006,0.0
475,32Nvl_L3_EW,NONE,0.006,0.0
475,32Nvl_L1_NS,32NVL_NS,0.04,0.034
475,NvcNvl_L3_EW,NONE,0.047,0.0
475,32Mt_L2_EW,32MT_EW,0.038,0.033
480,304Nvl_L1_NS,304NVL_NS,0.009,0.009
480,304Nvl_L3_NS,NONE,0.007,0.0
480,304Nvl_L1_EW,304NVL_EW,0.008,0.008
480,304Nvl_L2_EW,304NVL_EW,0.007,0.007
480,304Nvl_L1_NS,NONE,0.007,0.0
480,32Nvl_L1_EW,32NVL_EW,0.007,-0.027
480,32Nvl_L2_EW,32NVL_EW,0.008,-0.019
480,NvcNvl_L1_EW,NONE,0.053,0.0
480,NvcNvl_L2_EW,NONE,0.038,0.0
480,NvcNvl_L1_EW,NVCNVL_EW,0.035,0.035
480,NvcNvl_L2_EW,NVCNVL_EW,0.039,0.039
480,32Mt_L1_EW,32MT_EW,0.049,0.044
480,NvcCmt8_L2_EW,NVCCMT8_EW,0.005,0.005
480,32Thn_L1_EW,NONE,0.01,0.0
480,32Thn_L2_EW,NONE,0.01,0.0
480,32Thn_L3_EW,NONE,0.007,0.0
480,304Nvl_L2_NS,304NVL_NS,0.008,0.008
480,304Nvl_L3_EW,NONE,0.006,0.0
480,32Nvl_L3_EW,NONE,0.006,0.0
480,NvcNvl_L3_EW,NONE,0.032,0.0
480,NvcNvl_L3_EW,NONE,0.047,0.0
480,32Mt_L2_EW,32MT_EW,0.038,0.033
480,NvcCmt8_L1_EW,NVCCMT8_EW,0.008,0.008
485,304Thn_L1_EW,NONE,0.007,0.0
485,304Thn_L2_EW,NONE,0.008,0.0
485,304Nvl_L1_NS,304NVL_NS,0.009,0.009
485,304Nvl_L3_NS,NONE,0.007,0.0
485,304Nvl_L1_EW,304NVL_EW,0.008,0.008
485,304Nvl_L1_NS,NONE,0.007,0.0
485,32Nvl_L1_EW,32NVL_EW,0.007,-0.057
485,32Nvl_L2_EW,32NVL_EW,0.008,-0.038
485,NvcNvl_L1_EW,NONE,0.064,0.0
485,NvcNvl_L2_EW,NONE,0.046,0.0
485,NvcNvl_L1_EW,NVCNVL_EW,0.035,0.035
485,NvcNvl_L2_EW,NVCNVL_EW,0.039,0.039
485,32Mt_L1_EW,32MT_EW,0.084,0.079
485,NvcCmt8_L2_EW,NVCCMT8_EW,0.005,0.005
485,32Thn_L1_EW,32THN_EW,0.008,0.003
485,304Nvl_L2_NS,304NVL_NS,0.008,0.008
485,32Nvl_L3_EW,NONE,0.006,0.0
485,NvcNvl_L3_EW,NONE,0.006,0.0
485,NvcNvl_L3_EW,NONE,0.047,0.0
485,32Mt_L2_EW,32MT_EW,0.065,0.06
485,NvcCmt8_L1_EW,NVCCMT8_EW,0.008,0.008
485,304Thn_L3_EW,NONE,0.008,0.0
490,304Thn_L1_EW,304THN_EW,0.008,0.008
490,304Nvl_L1_NS,304NVL_NS,0.009,0.009
490,304Nvl_L3_NS,NONE,0.007,0.0
490,304Nvl_L1_NS,NONE,0.015,0.0
490,304Nvl_L3_NS,NONE,0.008,0.0
490,32Nvl_L1_EW,32NVL_EW,0.007,-0.052
490,32Nvl_L2_EW,32NVL_EW,0.008,-0.038
490,NvcNvl_L3_NS,NONE,0.014,0.0
490,NvcNvl_L2_NS,NONE,0.013,0.0
490,NvcNvl_L1_EW,NVCNVL_EW,0.035,0.035
490,NvcNvl_L2_EW,NVCNVL_EW,0.039,0.039
490,32Mt_L1_EW,32MT_EW,0.084,0.079
490,NvcCmt8_L2_EW,NVCCMT8_EW,0.005,0.005
490,304Nvl_L2_NS,304NVL_NS,0.008,0.008
490,304Nvl_L2_NS,NONE,0.007,0.0
490,32Nvl_L3_EW,NONE,0.006,0.0
490,NvcNvl_L1_NS,NONE,0.017,0.0
490,NvcNvl_L3_EW,NONE,0.047,0.0
490,32Mt_L2_EW,32MT_EW,0.065,0.06
490,NvcCmt8_L1_EW,NVCCMT8_EW,0.008,0.008
495,304Thn_L1_EW,304THN_EW,0.008,0.002
495,304Nvl_L1_NS,304NVL_NS,0.009,0.009
495,304Nvl_L3_NS,NONE,0.007,0.0
495,304Nvl_L1_EW,304NVL_EW,0.008,0.003
495,304Nvl_L2_EW,304NVL_EW,0.007,0.007
495,32Nvl_L1_EW,32NVL_EW,0.007,-0.052
495,32Nvl_L2_EW,32NVL_EW,0.008,-0.038
495,NvcNvl_L3_NS,NONE,0.027,0.0
495,NvcNvl_L2_NS,NONE,0.026,0.0
495,NvcNvl_L1_EW,NVCNVL_EW,0.035,0.035
495,NvcNvl_L2_EW,NVCNVL_EW,0.039,0.039
495,32Mt_L1_EW,32MT_EW,0.084,0.079
495,32Mt_L1_NS,NONE,0.01,0.0
495,304Nvl_L2_NS,304NVL_NS,0.008,0.008
495,304Nvl_L3_EW,NONE,0.006,0.0
495,32Nvl_L3_EW,NONE,0.006,0.0
495,NvcNvl_L1_NS,NONE,0.035,0.0
495,NvcNvl_L3_EW,NONE,0.047,0.0
495,32Mt_L2_EW,32MT_EW,0.065,0.06
495,32Mt_L2_NS,NONE,0.009,0.0
500,304Nvl_L1_NS,304NVL_NS,0.009,0.004
500,304Nvl_L3_NS,NONE,0.007,0.0
500,304Nvl_L1_EW,304NVL_EW,0.042,0.042
500,304Nvl_L2_EW,304NVL_EW,0.036,0.036
500,32Nvl_L3_NS,NONE,0.007,0.0
500,32Nvl_L1_NS,32NVL_NS,0.007,0.001
500,32Nvl_L1_EW,32NVL_EW,0.007,-0.052
500,32Nvl_L2_EW,32NVL_EW,0.008,-0.038
500,NvcNvl_L3_NS,NONE,0.007,0.0
500,NvcNvl_L2_NS,NONE,0.007,0.0
500,NvcNvl_L1_EW,NVCNVL_EW,0.035,0.035
500,NvcNvl_L2_EW,NVCNVL_EW,0.039,0.039
500,32Mt_L1_EW,32MT_EW,0.084,0.079
500,NvcMt_L2_NS,NONE,0.005,0.0
500,NvcMt_L1_NS,NVCMT_NS,0.007,0.007
500,32Thn_L1_EW,NONE,0.01,0.0
500,32Thn_L2_EW,NONE,0.01,0.0
500,32Thn_L3_EW,NONE,0.007,0.0
500,304Nvl_L2_NS,304NVL_NS,0.008,0.008
500,304Nvl_L3_EW,NONE,0.032,0.0
500,32Nvl_L2_NS,32NVL_NS,0.007,0.001
500,32Nvl_L3_EW,NONE,0.006,0.0
500,NvcNvl_L1_NS,NONE,0.009,0.0
500,NvcNvl_L3_EW,NONE,0.047,0.0
500,32Mt_L2_EW,32MT_EW,0.065,0.06
500,NvcMt_L1_NS,NONE,0.005,0.0
500,NvcMt_L2_NS,NVCMT_NS,0.005,0.005
505,304Nvl_L1_NS,304NVL_NS,0.009,0.009
505,304Nvl_L3_NS,NONE,0.007,0.0
505,304Nvl_L1_EW,304NVL_EW,0.025,0.025
505,304Nvl_L2_EW,304NVL_EW,0.007,0.007
505,32Nvl_L1_EW,32NVL_EW,0.007,-0.062
505,32Nvl_L2_EW,32NVL_EW,0.008,-0.038
505,NvcNvl_L3_NS,NONE,0.014,0.0
505,NvcNvl_L2_NS,NONE,0.013,0.0
505,NvcNvl_L1_EW,NONE,0.011,0.0
505,NvcNvl_L2_EW,NONE,0.008,0.0
505,NvcNvl_L1_EW,NVCNVL_EW,0.042,0.042
505,NvcNvl_L2_EW,NVCNVL_EW,0.039,0.037
505,NvcNvl_L1_NS,NVCNVL_NS,0.007,0.007
505,32Mt_L1_EW,32MT_EW,0.091,0.086
505,NvcMt_L2_EW,NVCMT_EW,0.003,-0.025
505,32Thn_L1_EW,NONE,0.01,0.0
505,32Thn_L2_EW,NONE,0.01,0.0
505,32Thn_L1_EW,32THN_EW,0.008,0.003
505,32Thn_L3_EW,NONE,0.007,0.0
505,304Nvl_L2_NS,304NVL_NS,0.008,0.008
505,304Nvl_L3_EW,NONE,0.006,0.0
505,32Nvl_L3_EW,NONE,0.006,0.0
505,NvcNvl_L1_NS,NONE,0.017,0.0
505,NvcNvl_L3_EW,NONE,0.047,0.0
505,32Mt_L2_EW,32MT_EW,0.065,0.06
505,NvcMt_L1_EW,NVCMT_EW,0.006,-0.024
510,304Nvl_L1_NS,304NVL_NS,0.018,0.018
510,304Nvl_L3_NS,NONE,0.015,0.0
510,304Nvl_L1_EW,304NVL_EW,0.017,0.017
510,304Nvl_L2_EW,304NVL_EW,0.015,0.015
510,304Nvl_L1_NS,NONE,0.036,0.0
510,32Nvl_L1_EW,32NVL_EW,0.007,-0.003
510,32Nvl_L2_EW,32NVL_EW,0.008,0.004
510,NvcNvl_L1_EW,NONE,0.011,0.0
510,NvcNvl_L2_EW,NONE,0.008,0.0
510,NvcNvl_L1_EW,NVCNVL_EW,0.014,0.014
510,32Mt_L1_EW,32MT_EW,0.007,0.002
510,NvcMt_L2_EW,NVCMT_EW,0.003,0.003
510,NvcMt_L1_NS,NVCMT_NS,0.007,0.007
510,32Thn_L1_EW,32THN_EW,0.008,0.003
510,304Nvl_L2_NS,304NVL_NS,0.015,0.015
510,304Nvl_L3_EW,NONE,0.013,0.0
510,32Nvl_L3_EW,NONE,0.006,0.0
510,32Nvl_L1_NS,32NVL_NS,0.007,-0.006
510,32Mt_L2_EW,32MT_EW,0.005,0.0
510,NvcMt_L1_EW,NVCMT_EW,0.006,-0.004
510,NvcMt_L2_NS,NVCMT_NS,0.005,0.005
515,304Nvl_L1_NS,304NVL_NS,0.018,0.008
515,304Nvl_L3_NS,NONE,0.015,0.0
515,304Nvl_L1_NS,NONE,0.007,0.0
515,32Nvl_L3_NS,NONE,0.014,0.0
515,32Nvl_L1_NS,32NVL_NS,0.014,0.001
515,32Nvl_L1_EW,32NVL_EW,0.007,0.002
515,32Nvl_L2_EW,32NVL_EW,0.008,0.004
515,NvcNvl_L3_NS,NONE,0.007,0.0
515,NvcNvl_L2_NS,NONE,0.007,0.0
515,NvcNvl_L1_EW,NONE,0.021,0.0
515,NvcNvl_L2_EW,NONE,0.008,0.0
515,NvcNvl_L1_EW,NVCNVL_EW,0.014,0.014
515,32Mt_L1_EW,NONE,0.043,0.0
515,32Mt_L1_EW,32MT_EW,0.007,0.002
515,32Mt_L1_NS,NONE,0.02,0.0
515,NvcMt_L1_NS,NVCMT_NS,0.007,0.007
515,304Nvl_L2_NS,304NVL_NS,0.015,0.015
515,32Nvl_L2_NS,32NVL_NS,0.013,0.003
515,32Nvl_L3_EW,NONE,0.006,0.0
515,NvcNvl_L1_NS,NONE,0.009,0.0
515,32Mt_L2_EW,32MT_EW,0.005,0.0
515,32Mt_L2_NS,NONE,0.017,0.0
515,NvcMt_L2_NS,NVCMT_NS,0.005,0.005
520,304Nvl_L1_NS,304NVL_NS,0.018,0.018
520,304Nvl_L3_NS,NONE,0.015,0.0
520,304Nvl_L1_NS,NONE,0.015,0.0
520,32Nvl_L1_EW,32NVL_EW,0.007,-0.017
520,32Nvl_L2_EW,32NVL_EW,0.008,0.008
520,32Mt_L1_NS,32MT_NS,0.006,0.001
520,32Mt_L1_EW,NONE,0.072,0.0
520,32Mt_L1_EW,32MT_EW,0.035,0.03
520,NvcMt_L1_NS,NVCMT_NS,0.007,0.002
520,NvcCmt8_L2_EW,NONE,0.007,0.0
520,304Nvl_L2_NS,304NVL_NS,0.015,0.015
520,32Nvl_L3_EW,NONE,0.006,0.0
520,32Mt_L2_EW,NONE,0.038,0.0
520,NvcMt_L2_NS,NVCMT_NS,0.005,0.005
520,NvcCmt8_L1_EW,NONE,0.006,0.0
525,304Nvl_L1_NS,304NVL_NS,0.018,0.018
525,304Nvl_L3_NS,NONE,0.015,0.0
525,32Nvl_L1_EW,32NVL_EW,0.014,-0.015
525,32Nvl_L2_EW,32NVL_EW,0.015,-0.004
525,32Nvl_L3_NS,NONE,0.017,0.0
525,32Nvl_L2_NS,32NVL_NS,0.016,0.005
525,NvcNvl_L3_NS,NONE,0.014,0.0
525,NvcNvl_L2_NS,NONE,0.013,0.0
525,NvcNvl_L1_NS,NVCNVL_NS,0.007,0.007
525,32Mt_L1_EW,NONE,0.05,0.0
525,32Mt_L3_EW,NONE,0.062,0.0
525,32Mt_L1_EW,32MT_EW,0.042,0.032
525,32Mt_L1_NS,NONE,0.01,0.0
525,NvcMt_L1_NS,NVCMT_NS,0.007,0.007
525,304Nvl_L2_NS,304NVL_NS,0.015,0.004
525,32Nvl_L3_EW,NONE,0.013,0.0
525,32Nvl_L1_NS,32NVL_NS,0.02,0.003
525,NvcNvl_L1_NS,NONE,0.017,0.0
525,32Mt_L2_EW,NONE,0.053,0.0
525,32Mt_L2_EW,32MT_EW,0.027,0.016
525,NvcMt_L2_NS,NVCMT_NS,0.005,0.005
530,304Nvl_L1_NS,304NVL_NS,0.018,0.013
530,304Nvl_L3_NS,NONE,0.015,0.0
530,32Nvl_L1_NS,32NVL_NS,0.007,-0.01
530,32Nvl_L1_EW,32NVL_EW,0.014,0.014
530,32Nvl_L2_EW,32NVL_EW,0.015,0.015
530,32Nvl_L1_EW,32NVL_EW,0.013,0.013
530,32Nvl_L2_EW,32NVL_EW,0.007,0.007
530,32Nvl_L3_NS,NONE,0.017,0.0
530,32Nvl_L2_NS,32NVL_NS,0.016,0.005
530,NvcNvl_L1_EW,NONE,0.011,0.0
530,NvcNvl_L2_EW,NONE,0.008,0.0
530,NvcNvl_L1_NS,NVCNVL_NS,0.007,0.002
530,32Mt_L1_EW,NONE,0.014,0.0
530,32Mt_L3_EW,NONE,0.009,0.0
530,32Mt_L1_NS,NONE,0.01,0.0
530,NvcMt_L1_NS,NVCMT_NS,0.007,0.007
530,304Nvl_L2_NS,304NVL_NS,0.015,0.004
530,32Nvl_L3_EW,NONE,0.006,0.0
530,32Nvl_L3_EW,NONE,0.013,0.0
530,32Nvl_L1_NS,32NVL_NS,0.013,-0.004
530,32Mt_L2_EW,NONE,0.008,0.0
530,32Mt_L2_NS,NONE,0.009,0.0
530,NvcMt_L2_NS,NVCMT_NS,0.005,0.005
535,304Nvl_L1_NS,304NVL_NS,0.018,-0.011
535,304Nvl_L3_NS,NONE,0.015,0.0
535,304Nvl_L1_EW,304NVL_EW,0.008,0.008
535,304Nvl_L2_EW,304NVL_EW,0.007,0.007
535,32Nvl_L1_NS,32NVL_NS,0.042,0.029
535,32Nvl_L1_EW,32NVL_EW,0.014,0.009
535,32Nvl_L2_EW,32NVL_EW,0.015,0.015
535,32Nvl_L1_EW,32NVL_EW,0.007,0.002
535,32Nvl_L2_EW,32NVL_EW,0.007,0.007
535,NvcNvl_L1_EW,NONE,0.011,0.0
535,32Mt_L1_EW,NONE,0.014,0.0
535,32Mt_L3_EW,NONE,0.018,0.0
535,32Mt_L1_EW,32MT_EW,0.007,-0.003
535,32Mt_L1_NS,NONE,0.068,0.0
535,NvcMt_L1_NS,NVCMT_NS,0.007,0.007
535,304Nvl_L2_NS,304NVL_NS,0.015,0.015
535,304Nvl_L3_EW,NONE,0.006,0.0
535,32Nvl_L2_NS,32NVL_NS,0.04,0.029
535,32Nvl_L3_EW,NONE,0.006,0.0
535,32Nvl_L3_EW,NONE,0.013,0.0
535,32Mt_L2_EW,NONE,0.015,0.0
535,32Mt_L2_NS,NONE,0.009,0.0
535,NvcMt_L2_NS,NVCMT_NS,0.005,0.005
540,304Nvl_L1_NS,304NVL_NS,0.018,0.004
540,304Nvl_L3_NS,NONE,0.015,0.0
540,32Nvl_L3_NS,NONE,0.007,0.0
540,32Nvl_L1_NS,32NVL_NS,0.021,0.008
540,32Nvl_L1_EW,32NVL_EW,0.014,0.014
540,32Nvl_L2_EW,32NVL_EW,0.015,0.015
540,32Nvl_L1_EW,32NVL_EW,0.007,0.007
540,32Nvl_L2_EW,32NVL_EW,0.007,0.007
540,32Mt_L1_NS,32MT_NS,0.006,0.001
540,32Mt_L1_EW,NONE,0.007,0.0
540,32Mt_L1_NS,NONE,0.02,0.0
540,NvcMt_L1_NS,NVCMT_NS,0.007,0.002
540,304Nvl_L2_NS,304NVL_NS,0.015,0.015
540,32Nvl_L2_NS,32NVL_NS,0.013,0.003
540,32Nvl_L3_EW,NONE,0.006,0.0
540,32Nvl_L3_EW,NONE,0.013,0.0
540,32Nvl_L1_NS,32NVL_NS,0.007,-0.006
540,32Mt_L2_NS,NONE,0.017,0.0
540,NvcMt_L2_NS,NVCMT_NS,0.005,0.005
545,304Nvl_L1_NS,304NVL_NS,0.018,0.008
545,304Nvl_L3_NS,NONE,0.015,0.0
545,304Nvl_L1_EW,304NVL_EW,0.008,0.008
545,304Nvl_L2_EW,304NVL_EW,0.007,0.007
545,304Nvl_L1_NS,NONE,0.007,0.0
545,32Nvl_L3_NS,NONE,0.007,0.0
545,32Nvl_L1_NS,32NVL_NS,0.014,0.001
545,32Nvl_L1_EW,32NVL_EW,0.014,0.0
545,32Nvl_L2_EW,32NVL_EW,0.015,0.008
545,32Nvl_L1_EW,32NVL_EW,0.007,-0.008
545,32Nvl_L2_EW,32NVL_EW,0.007,0.0
545,32Nvl_L3_NS,NONE,0.008,0.0
545,32Nvl_L2_NS,32NVL_NS,0.008,-0.003
545,NvcNvl_L1_EW,NONE,0.011,0.0
545,NvcNvl_L2_EW,NONE,0.008,0.0
545,NvcNvl_L1_EW,NVCNVL_EW,0.007,0.007
545,NvcNvl_L2_EW,NVCNVL_EW,0.008,0.008
545,32Mt_L1_NS,32MT_NS,0.006,0.001
545,32Mt_L1_EW,NONE,0.007,0.0
545,32Mt_L3_EW,NONE,0.009,0.0
545,32Mt_L1_EW,32MT_EW,0.021,0.011
545,NvcMt_L2_NS,NONE,0.005,0.0
545,NvcMt_L1_NS,NVCMT_NS,0.007,0.002
545,304Nvl_L2_NS,304NVL_NS,0.015,0.01
545,304Nvl_L3_EW,NONE,0.006,0.0
545,32Nvl_L2_NS,32NVL_NS,0.007,-0.004
545,32Nvl_L3_EW,NONE,0.006,0.0
545,32Nvl_L3_EW,NONE,0.013,0.0
545,32Nvl_L1_NS,32NVL_NS,0.013,0.001
545,NvcNvl_L3_EW,NONE,0.006,0.0
545,NvcNvl_L3_EW,NONE,0.009,0.0
545,32Mt_L2_EW,NONE,0.008,0.0
545,32Mt_L2_EW,32MT_EW,0.011,0.0
545,NvcMt_L1_NS,NONE,0.005,0.0
545,NvcMt_L2_NS,NVCMT_NS,0.005,0.005
550,304Nvl_L1_NS,304NVL_NS,0.018,0.018
550,304Nvl_L3_NS,NONE,0.015,0.0
550,32Nvl_L1_EW,32NVL_EW,0.014,0.009
550,32Nvl_L2_EW,32NVL_EW,0.015,0.012
550,32Nvl_L1_EW,32NVL_EW,0.007,0.002
550,32Nvl_L2_EW,32NVL_EW,0.007,0.004
550,32Nvl_L3_NS,NONE,0.05,0.0
550,32Nvl_L2_NS,32NVL_NS,0.047,0.037
550,32Mt_L1_NS,32MT_NS,0.013,0.008
550,32Mt_L1_EW,32MT_EW,0.007,-0.003
550,32Mt_L1_NS,NONE,0.01,0.0
550,NvcMt_L1_EW,NVCMT_EW,0.006,0.001
550,NvcMt_L1_NS,NVCMT_NS,0.007,-0.002
550,NvcCmt8_L2_EW,NVCCMT8_EW,0.005,0.005
550,304Nvl_L2_NS,304NVL_NS,0.015,-0.018
550,32Nvl_L3_EW,NONE,0.006,0.0
550,32Nvl_L3_EW,NONE,0.013,0.0
550,32Nvl_L1_NS,32NVL_NS,0.047,0.034
550,32Mt_L2_EW,32MT_EW,0.005,-0.005
550,32Mt_L2_NS,NONE,0.009,0.0
550,NvcMt_L2_EW,NVCMT_EW,0.008,0.004
550,NvcMt_L2_NS,NVCMT_NS,0.005,0.005
550,NvcCmt8_L1_EW,NVCCMT8_EW,0.008,0.003
555,304Nvl_L1_NS,304NVL_NS,0.018,0.018
555,304Nvl_L3_NS,NONE,0.015,0.0
555,304Nvl_L1_EW,304NVL_EW,0.025,0.025
555,304Nvl_L2_EW,304NVL_EW,0.015,0.015
555,304Nvl_L1_NS,NONE,0.007,0.0
555,304Nvl_L3_NS,NONE,0.008,0.0
555,32Nvl_L3_NS,NONE,0.042,0.0
555,32Nvl_L2_NS,32NVL_NS,0.039,0.029
555,NvcNvl_L3_NS,NONE,0.034,0.0
555,NvcNvl_L2_NS,NONE,0.033,0.0
555,NvcNvl_L1_EW,NONE,0.011,0.0
555,NvcNvl_L2_EW,NONE,0.008,0.0
555,32Mt_L1_NS,32MT_NS,0.006,0.001
555,32Mt_L1_EW,32MT_EW,0.007,0.007
555,32Mt_L1_NS,NONE,0.01,0.0
555,NvcMt_L1_EW,NVCMT_EW,0.013,0.013
555,NvcMt_L1_NS,NVCMT_NS,0.007,0.002
555,304Nvl_L2_NS,304NVL_NS,0.015,-0.012
555,304Nvl_L3_EW,NONE,0.006,0.0
555,304Nvl_L2_NS,NONE,0.007,0.0
555,32Nvl_L1_NS,32NVL_NS,0.034,0.021
555,NvcNvl_L1_NS,NONE,0.044,0.0
555,32Mt_L2_EW,32MT_EW,0.005,0.005
555,32Mt_L2_NS,NONE,0.009,0.0
555,NvcMt_L2_EW,NVCMT_EW,0.016,0.016
555,NvcMt_L2_NS,NVCMT_NS,0.005,0.005
555,NvcCmt8_L1_EW,NONE,0.006,0.0
560,304Nvl_L1_NS,304NVL_NS,0.018,0.018
560,304Nvl_L3_NS,NONE,0.015,0.0
560,304Nvl_L1_EW,304NVL_EW,0.034,0.034
560,304Nvl_L2_EW,304NVL_EW,0.029,0.029
560,32Nvl_L1_EW,32NVL_EW,0.035,0.035
560,32Nvl_L2_EW,32NVL_EW,0.039,0.039
560,32Nvl_L3_NS,NONE,0.042,0.0
560,32Nvl_L2_NS,32NVL_NS,0.039,0.029
560,NvcNvl_L3_NS,NONE,0.041,0.0
560,NvcNvl_L2_NS,NONE,0.119,0.0
560,32Mt_L1_NS,32MT_NS,0.006,0.001
560,NvcMt_L1_NS,NVCMT_NS,0.007,0.002
560,304Nvl_L2_NS,304NVL_NS,0.015,-0.012
560,304Nvl_L3_EW,NONE,0.025,0.0
560,32Nvl_L3_EW,NONE,0.031,0.0
560,32Nvl_L1_NS,32NVL_NS,0.04,0.028
560,NvcNvl_L1_NS,NONE,0.157,0.0
560,NvcMt_L2_NS,NVCMT_NS,0.005,0.005
565,304Nvl_L1_EW,304NVL_EW,0.034,0.034
565,304Nvl_L2_EW,304NVL_EW,0.022,0.022
565,304Nvl_L1_NS,NONE,0.007,0.0
565,32Nvl_L1_EW,32NVL_EW,0.035,0.035
565,32Nvl_L2_EW,32NVL_EW,0.039,0.039
565,32Nvl_L3_NS,NONE,0.083,0.0
565,32Nvl_L2_NS,32NVL_NS,0.079,0.079
565,NvcNvl_L3_NS,NONE,0.102,0.0
565,NvcNvl_L2_NS,NONE,0.099,0.0
565,NvcNvl_L1_EW,NVCNVL_EW,0.007,0.007
565,NvcNvl_L2_EW,NVCNVL_EW,0.008,0.008
565,32Mt_L1_NS,32MT_NS,0.006,0.006
565,32Mt_L1_EW,NONE,0.007,0.0
565,304Nvl_L3_EW,NONE,0.019,0.0
565,32Nvl_L3_EW,NONE,0.031,0.0
565,32Nvl_L1_NS,32NVL_NS,0.074,0.074
565,NvcNvl_L1_NS,NONE,0.131,0.0
565,NvcNvl_L3_EW,NONE,0.009,0.0
570,304Nvl_L1_EW,304NVL_EW,0.059,0.059
570,304Nvl_L2_EW,304NVL_EW,0.036,0.036
570,304Nvl_L1_NS,NONE,0.015,0.0
570,304Nvl_L3_NS,NONE,0.008,0.0
570,32Nvl_L1_NS,32NVL_NS,0.007,0.007
570,32Nvl_L1_EW,32NVL_EW,0.035,0.035
570,32Nvl_L2_EW,32NVL_EW,0.039,0.039
570,32Nvl_L3_NS,NONE,0.017,0.0
570,32Nvl_L2_NS,32NVL_NS,0.016,0.016
570,NvcNvl_L3_NS,NONE,0.109,0.0
570,NvcNvl_L2_NS,NONE,0.106,0.0
570,NvcNvl_L1_EW,NVCNVL_EW,0.042,0.042
570,NvcNvl_L2_EW,NVCNVL_EW,0.008,0.008
570,304Nvl_L3_EW,NONE,0.032,0.0
570,304Nvl_L2_NS,NONE,0.007,0.0
570,32Nvl_L2_NS,32NVL_NS,0.007,0.007
570,32Nvl_L3_EW,NONE,0.031,0.0
570,32Nvl_L1_NS,32NVL_NS,0.013,0.013
570,NvcNvl_L1_NS,NONE,0.14,0.0
570,NvcNvl_L3_EW,NONE,0.009,0.0
575,304Nvl_L1_EW,304NVL_EW,0.051,0.051
575,304Nvl_L2_EW,304NVL_EW,0.036,0.036
575,304Nvl_L1_NS,NONE,0.007,0.0
575,32Nvl_L1_NS,32NVL_NS,0.035,0.035
575,32Nvl_L1_EW,32NVL_EW,0.035,-0.028
575,32Nvl_L2_EW,32NVL_EW,0.039,-0.011
575,32Nvl_L1_EW,32NVL_EW,0.007,-0.057
575,32Nvl_L3_NS,NONE,0.017,0.0
575,32Nvl_L2_NS,32NVL_NS,0.016,0.016
575,NvcNvl_L3_NS,NONE,0.02,0.0
575,NvcNvl_L2_NS,NONE,0.02,0.0
575,NvcNvl_L1_EW,NVCNVL_EW,0.049,0.049
575,NvcNvl_L2_EW,NVCNVL_EW,0.008,0.008
575,32Mt_L1_EW,32MT_EW,0.091,0.066
575,304Nvl_L3_EW,NONE,0.032,0.0
575,32Nvl_L3_EW,NONE,0.031,0.0
575,32Nvl_L1_NS,32NVL_NS,0.013,0.013
575,NvcNvl_L1_NS,NONE,0.026,0.0
575,NvcNvl_L3_EW,NONE,0.009,0.0
575,32Mt_L2_EW,32MT_EW,0.071,0.044
580,304Nvl_L1_EW,304NVL_EW,0.051,0.051
580,304Nvl_L2_EW,304NVL_EW,0.036,0.036
580,32Nvl_L1_EW,32NVL_EW,0.035,0.03
580,32Nvl_L2_EW,32NVL_EW,0.039,0.035
580,32Nvl_L3_NS,NONE,0.017,0.0
580,32Nvl_L2_NS,32NVL_NS,0.016,0.016
580,NvcNvl_L1_EW,NONE,0.128,0.0
580,NvcNvl_L2_EW,NONE,0.092,0.0
580,NvcNvl_L1_EW,NVCNVL_EW,0.035,0.026
580,32Mt_L1_EW,32MT_EW,0.007,-0.018
580,NvcMt_L2_NS,NONE,0.026,0.0
580,NvcMt_L1_EW,NVCMT_EW,0.013,-0.012
580,32Thn_L1_EW,NONE,0.01,0.0
580,32Thn_L2_EW,NONE,0.01,0.0
580,32Thn_L3_EW,NONE,0.007,0.0
580,304Nvl_L3_EW,NONE,0.032,0.0
580,32Nvl_L3_EW,NONE,0.031,0.0
580,32Nvl_L1_NS,32NVL_NS,0.013,0.013
580,32Mt_L2_EW,32MT_EW,0.005,-0.022
580,NvcMt_L1_NS,NONE,0.027,0.0
580,NvcMt_L2_EW,NVCMT_EW,0.016,0.016
585,304Nvl_L1_EW,304NVL_EW,0.059,0.059
585,304Nvl_L2_EW,304NVL_EW,0.044,0.044
585,32Nvl_L1_NS,32NVL_NS,0.014,0.014
585,32Nvl_L1_EW,32NVL_EW,0.071,0.065
585,32Nvl_L2_EW,32NVL_EW,0.077,0.077
585,32Nvl_L3_NS,NONE,0.008,0.0
585,32Nvl_L2_NS,32NVL_NS,0.008,0.008
585,NvcNvl_L1_EW,NONE,0.128,0.0
585,NvcNvl_L2_EW,NONE,0.092,0.0
585,32Mt_L1_EW,NONE,0.007,0.0
585,NvcMt_L2_NS,NONE,0.005,0.0
585,NvcMt_L1_EW,NVCMT_EW,0.013,0.013
585,NvcCmt8_L2_NS,NONE,0.011,0.0
585,32Thn_L1_EW,32THN_EW,0.008,-0.042
585,NvcCmt8_L1_NS,NONE,0.008,0.0
585,304Nvl_L3_EW,NONE,0.038,0.0
585,32Nvl_L2_NS,32NVL_NS,0.007,0.007
585,32Nvl_L3_EW,NONE,0.063,0.0
585,32Nvl_L1_NS,32NVL_NS,0.013,0.013
585,NvcMt_L1_NS,NONE,0.005,0.0
585,NvcMt_L2_EW,NVCMT_EW,0.016,0.016
590,304Nvl_L1_EW,304NVL_EW,0.051,0.051
590,304Nvl_L2_EW,304NVL_EW,0.044,0.044
590,32Nvl_L1_NS,32NVL_NS,0.007,0.007
590,32Nvl_L1_EW,32NVL_EW,0.071,0.055
590,32Nvl_L2_EW,32NVL_EW,0.077,0.073
590,NvcNvl_L1_EW,NONE,0.139,0.0
590,NvcNvl_L2_EW,NONE,0.099,0.0
590,NvcNvl_L1_EW,NVCNVL_EW,0.014,0.005
590,32Mt_L1_NS,32MT_NS,0.075,0.075
590,32Mt_L1_EW,NONE,0.014,0.0
590,32Mt_L3_EW,NONE,0.009,0.0
590,32Mt_L1_EW,32MT_EW,0.014,-0.036
590,32Mt_L1_NS,NONE,0.01,0.0
590,NvcMt_L1_EW,NVCMT_EW,0.013,0.003
590,NvcMt_L2_EW,NVCMT_EW,0.003,0.003
590,32Thn_L1_EW,32THN_EW,0.008,-0.042
590,304Nvl_L3_EW,NONE,0.038,0.0
590,32Nvl_L2_NS,32NVL_NS,0.007,0.007
590,32Nvl_L3_EW,NONE,0.063,0.0
590,32Nvl_L1_NS,32NVL_NS,0.007,0.007
590,32Mt_L2_EW,NONE,0.008,0.0
590,32Mt_L2_EW,32MT_EW,0.005,-0.049
590,32Mt_L2_NS,NONE,0.009,0.0
590,NvcMt_L2_EW,NVCMT_EW,0.016,0.016
590,NvcMt_L1_EW,NVCMT_EW,0.006,-0.004
595,304Nvl_L1_EW,304NVL_EW,0.051,0.051
595,304Nvl_L2_EW,304NVL_EW,0.044,0.044
595,304Nvl_L1_NS,NONE,0.007,0.0
595,32Nvl_L1_NS,32NVL_NS,0.007,0.007
595,32Nvl_L1_EW,32NVL_EW,0.035,0.03
595,32Nvl_L2_EW,32NVL_EW,0.039,0.035
595,32Nvl_L3_NS,NONE,0.017,0.0
595,32Nvl_L2_NS,32NVL_NS,0.016,0.016
595,NvcNvl_L2_NS,NONE,0.007,0.0
595,NvcNvl_L1_EW,NVCNVL_EW,0.014,-0.013
595,32Mt_L1_NS,32MT_NS,0.075,0.075
595,32Mt_L1_EW,32MT_EW,0.007,-0.018
595,NvcMt_L1_EW,NVCMT_EW,0.038,0.028
595,NvcMt_L2_EW,NVCMT_EW,0.003,0.003
595,NvcCmt8_L2_NS,NONE,0.054,0.0
595,NvcCmt8_L1_NS,NONE,0.039,0.0
595,304Nvl_L3_EW,NONE,0.038,0.0
595,32Nvl_L2_NS,32NVL_NS,0.007,0.007
595,32Nvl_L3_EW,NONE,0.031,0.0
595,32Nvl_L1_NS,32NVL_NS,0.013,0.013
595,NvcNvl_L1_NS,NONE,0.009,0.0
595,32Mt_L2_EW,32MT_EW,0.005,-0.022
595,NvcMt_L2_EW,NVCMT_EW,0.048,0.048
595,NvcMt_L1_EW,NVCMT_EW,0.006,-0.004
600,304Nvl_L1_EW,304NVL_EW,0.042,0.042
600,304Nvl_L2_EW,304NVL_EW,0.036,0.036
600,304Nvl_L1_NS,NONE,0.044,0.0
600,304Nvl_L3_NS,NONE,0.04,0.0
600,32Nvl_L1_NS,32NVL_NS,0.007,0.007
600,32Nvl_L1_EW,32NVL_EW,0.035,0.035
600,32Nvl_L2_EW,32NVL_EW,0.039,0.039
600,NvcNvl_L3_NS,NONE,0.007,0.0
600,NvcNvl_L2_NS,NONE,0.007,0.0
600,NvcNvl_L1_EW,NONE,0.011,0.0
600,NvcNvl_L2_EW,NONE,0.008,0.0
600,32Mt_L1_NS,32MT_NS,0.075,0.075
600,32Mt_L1_EW,NONE,0.022,0.0
600,32Mt_L3_EW,NONE,0.018,0.0
600,NvcMt_L1_EW,NVCMT_EW,0.032,0.032
600,NvcMt_L2_EW,NVCMT_EW,0.003,0.003
600,304Nvl_L3_EW,NONE,0.025,0.0
600,304Nvl_L2_NS,NONE,0.037,0.0
600,32Nvl_L3_EW,NONE,0.031,0.0
600,32Nvl_L1_NS,32NVL_NS,0.034,0.034
600,NvcNvl_L1_NS,NONE,0.009,0.0
600,NvcNvl_L3_EW,NONE,0.006,0.0
600,32Mt_L2_EW,NONE,0.015,0.0
600,NvcMt_L2_EW,NVCMT_EW,0.04,0.04
600,NvcMt_L1_EW,NVCMT_EW,0.006,0.006
605,304Nvl_L1_EW,304NVL_EW,0.042,0.042
605,304Nvl_L2_EW,304NVL_EW,0.036,0.036
605,32Nvl_L3_NS,NONE,0.014,0.0
605,32Nvl_L1_NS,32NVL_NS,0.021,0.021
605,32Nvl_L1_EW,32NVL_EW,0.035,0.03
605,32Nvl_L2_EW,32NVL_EW,0.039,0.035
605,32Mt_L1_EW,NONE,0.05,0.0
605,32Mt_L3_EW,NONE,0.053,0.0
605,32Mt_L1_EW,32MT_EW,0.007,-0.018
605,NvcMt_L1_EW,NVCMT_EW,0.032,0.032
605,NvcCmt8_L2_NS,NONE,0.062,0.0
605,304Nvl_L3_EW,NONE,0.032,0.0
605,32Nvl_L2_NS,32NVL_NS,0.013,0.013
605,32Nvl_L3_EW,NONE,0.031,0.0
605,32Mt_L2_EW,NONE,0.045,0.0
605,32Mt_L2_EW,32MT_EW,0.005,-0.022
605,NvcMt_L2_EW,NVCMT_EW,0.04,0.04
605,NvcMt_L1_EW,NVCMT_EW,0.006,0.006
605,NvcCmt8_L1_NS,NONE,0.054,0.0
610,304Nvl_L1_EW,304NVL_EW,0.051,0.051
610,304Nvl_L2_EW,304NVL_EW,0.007,0.007
610,304Nvl_L1_NS,NONE,0.015,0.0
610,304Nvl_L3_NS,NONE,0.008,0.0
610,32Nvl_L1_EW,32NVL_EW,0.035,0.02
610,32Nvl_L2_EW,32NVL_EW,0.039,0.029
610,NvcNvl_L1_EW,NONE,0.011,0.0
610,NvcNvl_L2_EW,NONE,0.008,0.0
610,32Mt_L1_EW,NONE,0.079,0.0
610,32Mt_L3_EW,NONE,0.097,0.0
610,32Mt_L1_EW,32MT_EW,0.014,-0.011
610,NvcMt_L1_EW,NVCMT_EW,0.038,0.038
610,32Thn_L1_EW,32THN_EW,0.008,-0.017
610,32Thn_L2_EW,32THN_EW,0.008,-0.019
610,32Thn_L3_EW,NONE,0.008,0.0
610,304Nvl_L3_EW,NONE,0.006,0.0
610,304Nvl_L2_NS,NONE,0.007,0.0
610,32Nvl_L3_EW,NONE,0.031,0.0
610,32Mt_L2_EW,NONE,0.083,0.0
610,32Mt_L2_EW,32MT_EW,0.005,-0.022
610,NvcMt_L2_EW,NVCMT_EW,0.048,0.048
615,304Nvl_L1_NS,NONE,0.007,0.0
615,32Nvl_L1_EW,32NVL_EW,0.035,-0.01
615,32Nvl_L2_EW,32NVL_EW,0.039,0.023
615,NvcNvl_L3_NS,NONE,0.007,0.0
615,NvcNvl_L2_NS,NONE,0.007,0.0
615,NvcNvl_L1_EW,NONE,0.021,0.0
615,NvcNvl_L2_EW,NONE,0.008,0.0
615,NvcNvl_L1_EW,NVCNVL_EW,0.007,-0.015
615,NvcNvl_L2_EW,NVCNVL_EW,0.008,0.008
615,32Mt_L1_EW,32MT_EW,0.049,0.024
615,32Mt_L1_NS,NONE,0.01,0.0
615,NvcMt_L2_NS,NONE,0.005,0.0
615,NvcMt_L1_EW,NVCMT_EW,0.032,0.027
615,32Thn_L1_EW,32THN_EW,0.016,-0.009
615,32Thn_L2_EW,32THN_EW,0.017,-0.01
615,32Thn_L3_EW,NONE,0.016,0.0
615,32Nvl_L3_EW,NONE,0.031,0.0
615,32Nvl_L1_NS,32NVL_NS,0.007,0.007
615,NvcNvl_L1_NS,NONE,0.009,0.0
615,NvcNvl_L3_EW,NONE,0.006,0.0
615,NvcNvl_L3_EW,NONE,0.009,0.0
615,32Mt_L2_EW,32MT_EW,0.005,-0.022
615,NvcMt_L1_NS,NONE,0.005,0.0
615,NvcMt_L2_EW,NVCMT_EW,0.04,0.034
620,304Nvl_L1_EW,304NVL_EW,0.008,0.008
620,304Nvl_L1_NS,NONE,0.015,0.0
620,32Mt_L1_EW,NONE,0.007,0.0
620,32Mt_L1_EW,32MT_EW,0.049,0.049
620,NvcMt_L1_EW,NVCMT_EW,0.032,0.032
620,32Thn_L1_EW,NONE,0.01,0.0
620,32Thn_L1_EW,32THN_EW,0.008,0.008
620,32Thn_L2_EW,32THN_EW,0.008,0.008
620,32Thn_L3_EW,NONE,0.008,0.0
620,32Mt_L2_EW,32MT_EW,0.011,0.011
620,NvcMt_L2_EW,NVCMT_EW,0.04,0.04
625,304Nvl_L1_EW,304NVL_EW,0.008,0.008
625,304Nvl_L2_EW,304NVL_EW,0.007,0.007
625,304Nvl_L1_NS,NONE,0.015,0.0
625,304Nvl_L3_NS,NONE,0.008,0.0
625,32Nvl_L3_NS,NONE,0.007,0.0
625,32Nvl_L1_NS,32NVL_NS,0.007,0.007
625,32Mt_L1_NS,NONE,0.049,0.0
625,NvcMt_L2_NS,NONE,0.005,0.0
625,NvcMt_L1_EW,NVCMT_EW,0.032,0.032
625,32Thn_L1_EW,NONE,0.019,0.0
625,32Thn_L2_EW,NONE,0.01,0.0
625,32Thn_L3_EW,NONE,0.007,0.0
625,304Nvl_L3_EW,NONE,0.006,0.0
625,304Nvl_L2_NS,NONE,0.007,0.0
625,32Nvl_L2_NS,32NVL_NS,0.007,0.007
625,32Mt_L2_NS,NONE,0.043,0.0
625,NvcMt_L1_NS,NONE,0.005,0.0
625,NvcMt_L2_EW,NVCMT_EW,0.048,0.048
630,304Nvl_L1_NS,NONE,0.007,0.0
630,304Nvl_L3_NS,NONE,0.008,0.0
630,32Nvl_L1_NS,32NVL_NS,0.007,0.007
630,32Nvl_L1_EW,32NVL_EW,0.007,0.001
630,32Nvl_L2_EW,32NVL_EW,0.008,0.008
630,32Nvl_L3_NS,NONE,0.008,0.0
630,32Nvl_L2_NS,32NVL_NS,0.008,0.008
630,NvcNvl_L3_NS,NONE,0.034,0.0
630,NvcNvl_L2_NS,NONE,0.033,0.0
630,32Mt_L1_NS,NONE,0.01,0.0
630,32Thn_L1_EW,NONE,0.01,0.0
630,32Thn_L1_EW,32THN_EW,0.008,0.003
630,304Nvl_L2_NS,NONE,0.007,0.0
630,32Nvl_L2_NS,32NVL_NS,0.007,0.007
630,32Nvl_L3_EW,NONE,0.006,0.0
630,32Nvl_L1_NS,32NVL_NS,0.04,0.04
630,NvcNvl_L1_NS,NONE,0.044,0.0
630,32Mt_L2_NS,NONE,0.009,0.0
635,304Nvl_L1_EW,304NVL_EW,0.017,0.017
635,304Nvl_L2_EW,304NVL_EW,0.007,0.007
635,304Nvl_L1_NS,NONE,0.007,0.0
635,32Nvl_L1_NS,32NVL_NS,0.007,0.007
635,32Nvl_L3_NS,NONE,0.008,0.0
635,32Nvl_L2_NS,32NVL_NS,0.008,0.008
635,NvcNvl_L3_NS,NONE,0.007,0.0
635,NvcNvl_L2_NS,NONE,0.007,0.0
635,NvcNvl_L1_EW,NVCNVL_EW,0.007,0.007
635,NvcNvl_L2_EW,NVCNVL_EW,0.008,0.008
635,32Mt_L1_NS,32MT_NS,0.006,0.006
635,32Mt_L1_EW,32MT_EW,0.035,0.035
635,NvcMt_L2_NS,NONE,0.005,0.0
635,32Thn_L1_EW,NONE,0.01,0.0
635,304Nvl_L3_EW,NONE,0.006,0.0
635,32Nvl_L2_NS,32NVL_NS,0.007,0.007
635,32Nvl_L1_NS,32NVL_NS,0.04,0.04
635,NvcNvl_L1_NS,NONE,0.009,0.0
635,NvcNvl_L3_EW,NONE,0.009,0.0
635,NvcMt_L1_NS,NONE,0.005,0.0
640,304Nvl_L1_EW,304NVL_EW,0.008,0.008
640,32Nvl_L3_NS,NONE,0.014,0.0
640,32Nvl_L1_NS,32NVL_NS,0.021,0.021
640,32Nvl_L3_NS,NONE,0.008,0.0
640,32Nvl_L2_NS,32NVL_NS,0.008,0.008
640,NvcNvl_L1_EW,NVCNVL_EW,0.007,0.007
640,NvcNvl_L2_EW,NVCNVL_EW,0.008,0.008
640,32Nvl_L2_NS,32NVL_NS,0.02,0.02
640,32Nvl_L1_NS,32NVL_NS,0.047,0.047
640,NvcNvl_L3_EW,NONE,0.009,0.0
645,32Nvl_L3_NS,NONE,0.014,0.0
645,32Nvl_L1_NS,32NVL_NS,0.028,0.028
645,32Nvl_L3_NS,NONE,0.05,0.0
645,32Nvl_L2_NS,32NVL_NS,0.047,0.047
645,NvcNvl_L1_EW,NVCNVL_EW,0.007,0.003
645,NvcMt_L1_EW,NVCMT_EW,0.006,0.001
645,NvcMt_L1_NS,NVCMT_NS,0.034,0.034
645,32Nvl_L2_NS,32NVL_NS,0.027,0.027
645,32Nvl_L1_NS,32NVL_NS,0.047,0.047
645,NvcMt_L2_EW,NVCMT_EW,0.008,0.008
645,NvcMt_L2_NS,NVCMT_NS,0.027,0.027
650,32Nvl_L3_NS,NONE,0.007,0.0
650,32Nvl_L1_NS,32NVL_NS,0.028,0.028
650,32Nvl_L3_NS,NONE,0.05,0.0
650,32Nvl_L2_NS,32NVL_NS,0.047,0.047
650,NvcNvl_L3_NS,NONE,0.007,0.0
650,NvcNvl_L2_NS,NONE,0.007,0.0
650,NvcMt_L2_EW,NVCMT_EW,0.003,0.003
650,NvcMt_L1_NS,NVCMT_NS,0.034,0.034
650,32Nvl_L2_NS,32NVL_NS,0.027,0.027
650,32Nvl_L1_NS,32NVL_NS,0.04,0.04
650,NvcNvl_L1_NS,NONE,0.009,0.0
650,NvcMt_L1_EW,NVCMT_EW,0.006,0.006
650,NvcMt_L2_NS,NVCMT_NS,0.027,0.027
655,32Nvl_L3_NS,NONE,0.027,0.0
655,32Nvl_L1_NS,32NVL_NS,0.042,0.042
655,32Nvl_L1_EW,32NVL_EW,0.007,-0.003
655,32Nvl_L2_EW,32NVL_EW,0.008,-0.002
655,32Nvl_L3_NS,NONE,0.058,0.0
655,32Nvl_L2_NS,32NVL_NS,0.055,0.055
655,NvcNvl_L1_EW,NONE,0.011,0.0
655,NvcNvl_L2_EW,NONE,0.008,0.0
655,32Mt_L1_EW,32MT_EW,0.007,0.002
655,NvcMt_L1_NS,NVCMT_NS,0.034,0.034
655,32Thn_L1_EW,32THN_EW,0.008,0.003
655,32Thn_L2_EW,32THN_EW,0.008,0.003
655,32Thn_L3_EW,NONE,0.008,0.0
655,32Nvl_L2_NS,32NVL_NS,0.04,0.04
655,32Nvl_L3_EW,NONE,0.006,0.0
655,32Nvl_L1_NS,32NVL_NS,0.047,0.047
655,32Mt_L2_EW,32MT_EW,0.005,0.0
655,NvcMt_L2_NS,NVCMT_NS,0.027,0.027
660,32Nvl_L3_NS,NONE,0.027,0.0
660,32Nvl_L1_NS,32NVL_NS,0.042,0.042
660,32Nvl_L1_EW,32NVL_EW,0.042,0.042
660,32Nvl_L2_EW,32NVL_EW,0.046,0.046
660,32Nvl_L3_NS,NONE,0.058,0.0
660,32Nvl_L2_NS,32NVL_NS,0.055,0.055
660,NvcNvl_L3_NS,NONE,0.007,0.0
660,NvcNvl_L2_NS,NONE,0.007,0.0
660,NvcMt_L1_NS,NVCMT_NS,0.034,0.034
660,32Thn_L1_EW,NONE,0.01,0.0
660,32Nvl_L2_NS,32NVL_NS,0.04,0.04
660,32Nvl_L3_EW,NONE,0.038,0.0
660,32Nvl_L1_NS,32NVL_NS,0.047,0.047
660,NvcNvl_L1_NS,NONE,0.009,0.0
660,NvcMt_L2_NS,NVCMT_NS,0.027,0.027
665,32Nvl_L3_NS,NONE,0.034,0.0
665,32Nvl_L1_NS,32NVL_NS,0.048,0.048
665,32Nvl_L1_EW,32NVL_EW,0.007,0.007
665,32Nvl_L2_EW,32NVL_EW,0.008,0.008
665,32Nvl_L3_NS,NONE,0.058,0.0
665,32Nvl_L2_NS,32NVL_NS,0.055,0.055
665,NvcNvl_L3_NS,NONE,0.041,0.0
665,NvcNvl_L2_NS,NONE,0.04,0.0
665,NvcNvl_L1_EW,NVCNVL_EW,0.007,0.007
665,NvcNvl_L2_EW,NVCNVL_EW,0.008,0.008
665,32Mt_L1_NS,32MT_NS,0.006,-0.018
665,32Mt_L1_EW,NONE,0.007,0.0
665,32Mt_L3_EW,NONE,0.009,0.0
665,NvcMt_L1_NS,NVCMT_NS,0.034,0.03
665,32Nvl_L2_NS,32NVL_NS,0.047,0.047
665,32Nvl_L3_EW,NONE,0.006,0.0
665,32Nvl_L1_NS,32NVL_NS,0.054,0.054
665,NvcNvl_L1_NS,NONE,0.052,0.0
665,NvcNvl_L3_EW,NONE,0.009,0.0
665,32Mt_L2_EW,NONE,0.008,0.0
665,NvcMt_L2_NS,NVCMT_NS,0.027,0.027
670,32Nvl_L3_NS,NONE,0.02,0.0
670,32Nvl_L1_NS,32NVL_NS,0.035,0.035
670,32Nvl_L3_NS,NONE,0.058,0.0
670,32Nvl_L2_NS,32NVL_NS,0.055,0.055
670,NvcNvl_L3_NS,NONE,0.014,0.0
670,NvcNvl_L2_NS,NONE,0.013,0.0
670,NvcNvl_L1_EW,NONE,0.011,0.0
670,NvcNvl_L2_EW,NONE,0.008,0.0
670,NvcNvl_L1_EW,NVCNVL_EW,0.007,0.007
670,32Mt_L1_NS,32MT_NS,0.006,-0.018
670,NvcMt_L2_NS,NONE,0.016,0.0
670,NvcMt_L1_NS,NVCMT_NS,0.034,0.03
670,32Nvl_L2_NS,32NVL_NS,0.033,0.033
670,32Nvl_L1_NS,32NVL_NS,0.06,0.06
670,NvcNvl_L1_NS,NONE,0.017,0.0
670,NvcNvl_L3_EW,NONE,0.006,0.0
670,NvcMt_L1_NS,NONE,0.016,0.0
670,NvcMt_L2_NS,NVCMT_NS,0.027,0.027
675,32Nvl_L3_NS,NONE,0.007,0.0
675,32Nvl_L1_NS,32NVL_NS,0.014,-0.009
675,32Nvl_L1_EW,32NVL_EW,0.007,0.002
675,32Nvl_L2_EW,32NVL_EW,0.008,0.008
675,32Nvl_L1_EW,32NVL_EW,0.013,0.009
675,32Nvl_L2_EW,32NVL_EW,0.007,0.007
675,32Nvl_L3_NS,NONE,0.067,0.0
675,32Nvl_L2_NS,32NVL_NS,0.063,0.063
675,NvcNvl_L1_EW,NONE,0.021,0.0
675,NvcNvl_L2_EW,NONE,0.015,0.0
675,NvcNvl_L1_NS,NVCNVL_NS,0.033,0.023
675,32Mt_L1_EW,NONE,0.043,0.0
675,32Mt_L3_EW,NONE,0.053,0.0
675,32Mt_L1_EW,32MT_EW,0.007,0.002
675,NvcMt_L2_NS,NONE,0.005,0.0
675,NvcMt_L1_EW,NVCMT_EW,0.006,0.006
675,32Nvl_L2_NS,32NVL_NS,0.013,0.013
675,32Nvl_L3_EW,NONE,0.006,0.0
675,32Nvl_L3_EW,NONE,0.006,0.0
675,32Nvl_L1_NS,32NVL_NS,0.067,0.044
675,32Mt_L2_EW,NONE,0.045,0.0
675,NvcMt_L1_NS,NONE,0.005,0.0
675,NvcMt_L2_EW,NVCMT_EW,0.008,0.008
680,32Nvl_L1_NS,32NVL_NS,0.007,-0.016
680,32Nvl_L1_EW,32NVL_EW,0.042,0.033
680,32Nvl_L2_EW,32NVL_EW,0.046,0.043
680,32Nvl_L1_EW,32NVL_EW,0.007,-0.003
680,32Nvl_L2_EW,32NVL_EW,0.007,0.004
680,32Nvl_L3_NS,NONE,0.008,0.0
680,32Nvl_L2_NS,32NVL_NS,0.008,0.008
680,NvcNvl_L1_EW,NONE,0.011,0.0
680,NvcNvl_L2_EW,NONE,0.008,0.0
680,NvcNvl_L1_EW,NVCNVL_EW,0.007,0.003
680,NvcNvl_L1_NS,NVCNVL_NS,0.033,0.028
680,32Mt_L1_EW,32MT_EW,0.014,-0.016
680,NvcMt_L1_EW,NVCMT_EW,0.006,0.001
680,32Nvl_L2_NS,32NVL_NS,0.007,0.007
680,32Nvl_L3_EW,NONE,0.006,0.0
680,32Nvl_L3_EW,NONE,0.038,0.0
680,32Nvl_L1_NS,32NVL_NS,0.027,0.004
680,32Mt_L2_EW,32MT_EW,0.005,-0.027
680,NvcMt_L2_EW,NVCMT_EW,0.008,0.008
685,304Nvl_L1_EW,304NVL_EW,0.008,0.008
685,304Nvl_L2_EW,304NVL_EW,0.007,0.007
685,32Nvl_L1_NS,32NVL_NS,0.007,0.007
685,32Nvl_L1_EW,32NVL_EW,0.007,-0.032
685,32Nvl_L2_EW,32NVL_EW,0.008,0.0
685,32Nvl_L1_EW,32NVL_EW,0.007,-0.032
685,32Nvl_L2_EW,32NVL_EW,0.007,0.0
685,NvcNvl_L1_EW,NONE,0.011,0.0
685,NvcNvl_L2_EW,NONE,0.008,0.0
685,NvcNvl_L1_EW,NVCNVL_EW,0.007,0.003
685,32Mt_L1_EW,32MT_EW,0.056,0.051
685,NvcMt_L1_EW,NVCMT_EW,0.006,0.001
685,304Nvl_L3_EW,NONE,0.006,0.0
685,32Nvl_L3_EW,NONE,0.006,0.0
685,32Nvl_L3_EW,NONE,0.006,0.0
685,32Nvl_L1_NS,32NVL_NS,0.013,0.013
685,32Mt_L2_EW,32MT_EW,0.011,0.005
685,NvcMt_L2_EW,NVCMT_EW,0.048,0.048
690,304Nvl_L1_EW,304NVL_EW,0.008,0.008
690,304Nvl_L2_EW,304NVL_EW,0.007,0.007
690,32Nvl_L1_EW,32NVL_EW,0.007,-0.032
690,32Nvl_L2_EW,32NVL_EW,0.008,-0.004
690,32Nvl_L1_EW,32NVL_EW,0.007,-0.032
690,32Nvl_L2_EW,32NVL_EW,0.007,-0.004
690,32Nvl_L3_NS,NONE,0.008,0.0
690,32Nvl_L2_NS,32NVL_NS,0.008,0.008
690,NvcNvl_L3_NS,NONE,0.007,0.0
690,NvcNvl_L2_NS,NONE,0.007,0.0
690,NvcNvl_L1_EW,NVCNVL_EW,0.007,0.003
690,32Mt_L1_EW,NONE,0.007,0.0
690,32Mt_L3_EW,NONE,0.009,0.0
690,32Mt_L1_EW,32MT_EW,0.056,0.051
690,32Mt_L1_NS,NONE,0.01,0.0
690,NvcMt_L1_EW,NVCMT_EW,0.006,0.001
690,304Nvl_L3_EW,NONE,0.006,0.0
690,32Nvl_L3_EW,NONE,0.006,0.0
690,32Nvl_L3_EW,NONE,0.006,0.0
690,32Nvl_L1_NS,32NVL_NS,0.013,0.013
690,NvcNvl_L1_NS,NONE,0.009,0.0
690,32Mt_L2_EW,NONE,0.008,0.0
690,32Mt_L2_EW,32MT_EW,0.016,0.011
690,32Mt_L2_NS,NONE,0.009,0.0
690,NvcMt_L2_EW,NVCMT_EW,0.008,0.008
695,304Nvl_L1_EW,304NVL_EW,0.017,0.017
695,304Nvl_L2_EW,304NVL_EW,0.007,0.007
695,32Nvl_L1_NS,32NVL_NS,0.007,0.007
695,32Nvl_L1_EW,32NVL_EW,0.007,-0.027
695,32Nvl_L2_EW,32NVL_EW,0.008,0.0
695,32Nvl_L1_EW,32NVL_EW,0.013,-0.021
695,32Nvl_L2_EW,32NVL_EW,0.015,0.007
695,NvcNvl_L3_NS,NONE,0.007,0.0
695,NvcNvl_L2_NS,NONE,0.007,0.0
695,32Mt_L1_EW,NONE,0.014,0.0
695,32Mt_L3_EW,NONE,0.018,0.0
695,32Mt_L1_EW,32MT_EW,0.049,0.044
695,32Mt_L1_NS,NONE,0.01,0.0
695,304Nvl_L3_EW,NONE,0.006,0.0
695,32Nvl_L3_EW,NONE,0.012,0.0
695,32Nvl_L3_EW,NONE,0.006,0.0
695,32Nvl_L1_NS,32NVL_NS,0.013,0.013
695,NvcNvl_L1_NS,NONE,0.009,0.0
695,32Mt_L2_EW,NONE,0.015,0.0
695,32Mt_L2_EW,32MT_EW,0.011,0.005
695,32Mt_L2_NS,NONE,0.009,0.0
695,NvcMt_L2_EW,NVCMT_EW,0.008,0.008
700,304Nvl_L1_EW,304NVL_EW,0.008,0.008
700,304Nvl_L2_EW,304NVL_EW,0.007,0.007
700,304Nvl_L1_NS,NONE,0.007,0.0
700,32Nvl_L1_NS,32NVL_NS,0.007,0.007
700,32Nvl_L1_EW,32NVL_EW,0.007,0.002
700,32Nvl_L2_EW,32NVL_EW,0.008,0.004
700,32Nvl_L1_EW,32NVL_EW,0.013,0.009
700,32Nvl_L2_EW,32NVL_EW,0.015,0.011
700,32Mt_L1_EW,NONE,0.022,0.0
700,32Mt_L3_EW,NONE,0.018,0.0
700,32Mt_L1_EW,32MT_EW,0.007,0.002
700,32Mt_L1_NS,NONE,0.02,0.0
700,NvcMt_L2_NS,NONE,0.005,0.0
700,NvcMt_L1_EW,NVCMT_EW,0.006,0.006
700,304Nvl_L3_EW,NONE,0.006,0.0
700,32Nvl_L3_EW,NONE,0.012,0.0
700,32Nvl_L3_EW,NONE,0.006,0.0
700,32Nvl_L1_NS,32NVL_NS,0.007,0.007
700,32Mt_L2_EW,NONE,0.015,0.0
700,32Mt_L2_EW,32MT_EW,0.005,0.0
700,32Mt_L2_NS,NONE,0.009,0.0
700,NvcMt_L1_NS,NONE,0.005,0.0
700,NvcMt_L2_EW,NVCMT_EW,0.008,0.008
705,304Nvl_L1_EW,304NVL_EW,0.017,0.017
705,304Nvl_L2_EW,304NVL_EW,0.007,0.007
705,32Nvl_L1_EW,32NVL_EW,0.014,0.009
705,32Nvl_L2_EW,32NVL_EW,0.015,0.012
705,32Nvl_L1_EW,32NVL_EW,0.013,0.009
705,32Nvl_L2_EW,32NVL_EW,0.015,0.011
705,32Mt_L1_EW,32MT_EW,0.007,-0.003
705,32Mt_L1_NS,NONE,0.01,0.0
705,NvcMt_L1_EW,NVCMT_EW,0.013,0.013
705,32Nvl_L3_EW,NONE,0.012,0.0
705,32Nvl_L3_EW,NONE,0.013,0.0
705,32Mt_L2_EW,32MT_EW,0.005,-0.005
705,NvcMt_L2_EW,NVCMT_EW,0.016,0.016
710,304Nvl_L1_EW,304NVL_EW,0.017,0.017
710,304Nvl_L2_EW,304NVL_EW,0.015,0.015
710,304Nvl_L1_NS,NONE,0.015,0.0
710,304Nvl_L3_NS,NONE,0.008,0.0
710,32Nvl_L1_EW,32NVL_EW,0.007,-0.012
710,32Nvl_L2_EW,32NVL_EW,0.008,0.004
710,32Nvl_L1_EW,32NVL_EW,0.02,0.001
710,32Nvl_L2_EW,32NVL_EW,0.022,0.019
710,32Nvl_L3_NS,NONE,0.008,0.0
710,32Nvl_L2_NS,32NVL_NS,0.008,0.008
710,NvcNvl_L3_NS,NONE,0.007,0.0
710,NvcNvl_L2_NS,NONE,0.007,0.0
710,NvcNvl_L1_EW,NONE,0.011,0.0
710,NvcNvl_L2_EW,NONE,0.008,0.0
710,32Mt_L1_EW,NONE,0.014,0.0
710,32Mt_L3_EW,NONE,0.009,0.0
710,32Mt_L1_EW,32MT_EW,0.028,0.023
710,32Mt_L1_NS,NONE,0.01,0.0
710,NvcMt_L1_EW,NVCMT_EW,0.025,0.025
710,304Nvl_L3_EW,NONE,0.013,0.0
710,304Nvl_L2_NS,NONE,0.007,0.0
710,32Nvl_L3_EW,NONE,0.018,0.0
710,32Nvl_L3_EW,NONE,0.006,0.0
710,32Nvl_L1_NS,32NVL_NS,0.013,0.013
710,NvcNvl_L1_NS,NONE,0.009,0.0
710,NvcNvl_L3_EW,NONE,0.006,0.0
710,32Mt_L2_EW,NONE,0.008,0.0
710,32Mt_L2_EW,32MT_EW,0.005,0.0
710,NvcMt_L2_EW,NVCMT_EW,0.032,0.032
715,304Nvl_L1_EW,304NVL_EW,0.017,0.017
715,304Nvl_L2_EW,304NVL_EW,0.015,0.015
715,304Nvl_L1_NS,NONE,0.007,0.0
715,32Nvl_L1_EW,32NVL_EW,0.007,-0.037
715,32Nvl_L2_EW,32NVL_EW,0.008,-0.019
715,32Nvl_L1_EW,32NVL_EW,0.02,-0.024
715,32Nvl_L2_EW,32NVL_EW,0.022,-0.004
715,32Nvl_L3_NS,NONE,0.008,0.0
715,32Nvl_L2_NS,32NVL_NS,0.008,0.008
715,32Mt_L1_EW,32MT_EW,0.063,0.058
715,NvcMt_L1_EW,NVCMT_EW,0.019,0.019
715,NvcMt_L1_NS,NVCMT_NS,0.034,0.034
715,304Nvl_L3_EW,NONE,0.013,0.0
715,32Nvl_L3_EW,NONE,0.018,0.0
715,32Nvl_L3_EW,NONE,0.006,0.0
715,32Nvl_L1_NS,32NVL_NS,0.007,0.007
715,32Mt_L2_EW,32MT_EW,0.038,0.033
715,NvcMt_L2_EW,NVCMT_EW,0.024,0.024
715,NvcMt_L2_NS,NVCMT_NS,0.027,0.027
720,304Nvl_L1_EW,304NVL_EW,0.008,0.008
720,304Nvl_L1_NS,NONE,0.007,0.0
720,32Nvl_L1_EW,32NVL_EW,0.007,-0.052
720,32Nvl_L2_EW,32NVL_EW,0.008,-0.03
720,32Nvl_L1_EW,32NVL_EW,0.02,-0.038
720,32Nvl_L2_EW,32NVL_EW,0.022,-0.016
720,32Nvl_L3_NS,NONE,0.109,0.0
720,32Nvl_L2_NS,32NVL_NS,0.103,0.103
720,32Mt_L1_EW,NONE,0.007,0.0
720,32Mt_L3_EW,NONE,0.009,0.0
720,32Mt_L1_EW,32MT_EW,0.084,0.079
720,NvcMt_L2_NS,NONE,0.005,0.0
720,NvcMt_L1_EW,NVCMT_EW,0.044,0.044
720,NvcCmt8_L2_NS,NONE,0.011,0.0
720,NvcCmt8_L1_NS,NONE,0.008,0.0
720,32Nvl_L3_EW,NONE,0.018,0.0
720,32Nvl_L3_EW,NONE,0.006,0.0
720,32Nvl_L1_NS,32NVL_NS,0.087,0.087
720,32Mt_L2_EW,NONE,0.008,0.0
720,32Mt_L2_EW,32MT_EW,0.054,0.049
720,NvcMt_L1_NS,NONE,0.005,0.0
720,NvcMt_L2_EW,NVCMT_EW,0.056,0.056
725,304Nvl_L1_EW,304NVL_EW,0.102,0.102
725,304Nvl_L2_EW,304NVL_EW,0.087,0.087
725,304Nvl_L1_NS,NONE,0.029,0.0
725,304Nvl_L3_NS,NONE,0.008,0.0
725,32Nvl_L1_EW,32NVL_EW,0.014,-0.03
725,32Nvl_L2_EW,32NVL_EW,0.015,-0.019
725,32Nvl_L1_EW,32NVL_EW,0.02,-0.024
725,32Nvl_L2_EW,32NVL_EW,0.022,-0.012
725,32Nvl_L3_NS,NONE,0.017,0.0
725,32Nvl_L2_NS,32NVL_NS,0.016,0.016
725,NvcNvl_L3_NS,NONE,0.007,0.0
725,NvcNvl_L2_NS,NONE,0.007,0.0
725,NvcNvl_L1_EW,NVCNVL_EW,0.014,0.005
725,NvcNvl_L2_EW,NVCNVL_EW,0.008,0.008
725,32Mt_L1_NS,32MT_NS,0.006,0.006
725,32Mt_L1_EW,NONE,0.036,0.0
725,32Mt_L3_EW,NONE,0.044,0.0
725,32Mt_L1_EW,32MT_EW,0.063,0.053
725,NvcMt_L1_EW,NVCMT_EW,0.013,0.003
725,304Nvl_L3_EW,NONE,0.076,0.0
725,304Nvl_L2_NS,NONE,0.015,0.0
725,32Nvl_L3_EW,NONE,0.018,0.0
725,32Nvl_L3_EW,NONE,0.013,0.0
725,32Nvl_L1_NS,32NVL_NS,0.013,0.013
725,NvcNvl_L1_NS,NONE,0.009,0.0
725,NvcNvl_L3_EW,NONE,0.009,0.0
725,32Mt_L2_NS,32MT_NS,0.006,0.006
725,32Mt_L2_EW,NONE,0.038,0.0
725,32Mt_L2_EW,32MT_EW,0.049,0.038
725,NvcMt_L2_EW,NVCMT_EW,0.016,0.01
725,NvcMt_L1_EW,NVCMT_EW,0.006,-0.004
730,304Nvl_L1_EW,304NVL_EW,0.042,0.042
730,304Nvl_L2_EW,304NVL_EW,0.036,0.036
730,304Nvl_L1_NS,NONE,0.007,0.0
730,304Nvl_L3_NS,NONE,0.008,0.0
730,32Nvl_L3_NS,NONE,0.014,0.0
730,32Nvl_L1_NS,32NVL_NS,0.014,0.014
730,32Nvl_L1_EW,32NVL_EW,0.014,-0.035
730,32Nvl_L2_EW,32NVL_EW,0.015,-0.019
730,32Nvl_L1_EW,32NVL_EW,0.02,-0.029
730,32Nvl_L2_EW,32NVL_EW,0.022,-0.012
730,NvcNvl_L3_NS,NONE,0.007,0.0
730,NvcNvl_L2_NS,NONE,0.007,0.0
730,NvcNvl_L1_EW,NVCNVL_EW,0.014,0.01
730,NvcNvl_L2_EW,NVCNVL_EW,0.008,0.008
730,32Mt_L1_NS,32MT_NS,0.082,0.082
730,32Mt_L1_EW,NONE,0.007,0.0
730,32Mt_L3_EW,NONE,0.009,0.0
730,32Mt_L1_EW,32MT_EW,0.07,0.06
730,NvcMt_L2_NS,NONE,0.005,0.0
730,NvcMt_L1_EW,NVCMT_EW,0.006,-0.004
730,32Thn_L1_EW,NONE,0.01,0.0
730,32Thn_L2_EW,NONE,0.01,0.0
730,32Thn_L3_EW,NONE,0.007,0.0
730,304Nvl_L3_EW,NONE,0.032,0.0
730,304Nvl_L2_NS,NONE,0.007,0.0
730,32Nvl_L2_NS,32NVL_NS,0.013,0.013
730,32Nvl_L3_EW,NONE,0.018,0.0
730,32Nvl_L3_EW,NONE,0.013,0.0
730,NvcNvl_L1_NS,NONE,0.009,0.0
730,NvcNvl_L3_EW,NONE,0.009,0.0
730,32Mt_L2_NS,32MT_NS,0.078,0.078
730,32Mt_L2_EW,NONE,0.008,0.0
730,32Mt_L2_EW,32MT_EW,0.049,0.038
730,NvcMt_L1_NS,NONE,0.005,0.0
730,NvcMt_L2_EW,NVCMT_EW,0.008,0.002
735,304Nvl_L1_NS,304NVL_NS,0.009,0.004
735,304Nvl_L3_NS,NONE,0.007,0.0
735,304Nvl_L1_EW,304NVL_EW,0.051,0.051
735,304Nvl_L2_EW,304NVL_EW,0.036,0.036
735,304Nvl_L1_NS,NONE,0.088,0.0
735,32Nvl_L1_NS,32NVL_NS,0.007,0.001
735,32Nvl_L1_EW,32NVL_EW,0.014,-0.055
735,32Nvl_L2_EW,32NVL_EW,0.015,-0.015
735,32Nvl_L1_EW,32NVL_EW,0.013,-0.056
735,32Nvl_L2_EW,32NVL_EW,0.015,-0.016
735,NvcNvl_L1_EW,NONE,0.011,0.0
735,NvcNvl_L2_EW,NONE,0.008,0.0
735,32Mt_L1_NS,32MT_NS,0.075,0.075
735,32Mt_L1_EW,32MT_EW,0.091,0.081
735,32Thn_L1_EW,32THN_EW,0.008,-0.002
735,304Nvl_L2_NS,304NVL_NS,0.008,0.008
735,304Nvl_L3_EW,NONE,0.032,0.0
735,32Nvl_L2_NS,32NVL_NS,0.007,0.001
735,32Nvl_L3_EW,NONE,0.012,0.0
735,32Nvl_L3_EW,NONE,0.013,0.0
735,32Nvl_L1_NS,32NVL_NS,0.007,0.0
735,NvcNvl_L3_EW,NONE,0.006,0.0
735,32Mt_L2_NS,32MT_NS,0.078,0.078
735,32Mt_L2_EW,32MT_EW,0.044,0.033
740,304Nvl_L1_NS,304NVL_NS,0.009,0.004
740,304Nvl_L3_NS,NONE,0.007,0.0
740,304Nvl_L1_EW,304NVL_EW,0.017,0.017
740,304Nvl_L2_EW,304NVL_EW,0.007,0.007
740,304Nvl_L1_NS,NONE,0.124,0.0
740,32Nvl_L3_NS,NONE,0.007,0.0
740,32Nvl_L1_NS,32NVL_NS,0.007,-0.004
740,32Nvl_L1_EW,32NVL_EW,0.021,0.011
740,32Nvl_L2_EW,32NVL_EW,0.023,0.016
740,32Nvl_L1_EW,32NVL_EW,0.013,0.004
740,32Nvl_L2_EW,32NVL_EW,0.015,0.007
740,32Nvl_L3_NS,NONE,0.008,0.0
740,32Nvl_L2_NS,32NVL_NS,0.008,0.003
740,NvcNvl_L1_NS,NVCNVL_NS,0.007,0.002
740,32Mt_L1_NS,32MT_NS,0.075,0.075
740,32Mt_L1_EW,NONE,0.007,0.0
740,32Mt_L1_EW,32MT_EW,0.014,-0.001
740,304Nvl_L2_NS,304NVL_NS,0.008,0.002
740,304Nvl_L3_EW,NONE,0.006,0.0
740,32Nvl_L2_NS,32NVL_NS,0.007,0.001
740,32Nvl_L3_EW,NONE,0.012,0.0
740,32Nvl_L3_EW,NONE,0.019,0.0
740,32Nvl_L1_NS,32NVL_NS,0.087,0.076
740,32Mt_L2_NS,32MT_NS,0.078,0.078
740,32Mt_L2_EW,32MT_EW,0.011,-0.005
740,NvcMt_L1_EW,NVCMT_EW,0.006,0.006
745,304Thn_L1_EW,304THN_EW,0.008,0.008
745,304Thn_L3_EW,NONE,0.008,0.0
745,304Nvl_L1_NS,304NVL_NS,0.009,0.004
745,304Nvl_L3_NS,NONE,0.007,0.0
745,304Nvl_L1_NS,NONE,0.036,0.0
745,32Nvl_L3_NS,NONE,0.007,0.0
745,32Nvl_L1_NS,32NVL_NS,0.007,-0.004
745,32Nvl_L1_EW,32NVL_EW,0.007,-0.003
745,32Nvl_L2_EW,32NVL_EW,0.008,-0.002
745,32Nvl_L1_EW,32NVL_EW,0.013,0.003
745,32Nvl_L2_EW,32NVL_EW,0.015,0.005
745,32Nvl_L3_NS,NONE,0.008,0.0
745,32Nvl_L2_NS,32NVL_NS,0.008,0.003
745,NvcNvl_L1_EW,NONE,0.011,0.0
745,NvcNvl_L2_EW,NONE,0.008,0.0
745,NvcNvl_L1_NS,NVCNVL_NS,0.007,0.002
745,32Mt_L1_NS,32MT_NS,0.075,0.075
745,32Mt_L1_EW,NONE,0.007,0.0
745,32Mt_L1_EW,32MT_EW,0.007,0.002
745,32Mt_L1_NS,NONE,0.01,0.0
745,32Thn_L1_EW,32THN_EW,0.008,0.003
745,32Thn_L2_EW,32THN_EW,0.008,0.003
745,32Thn_L3_EW,NONE,0.008,0.0
745,304Nvl_L2_NS,304NVL_NS,0.008,0.002
745,32Nvl_L2_NS,32NVL_NS,0.007,0.001
745,32Nvl_L3_EW,NONE,0.012,0.0
745,32Nvl_L3_EW,NONE,0.006,0.0
745,32Nvl_L1_NS,32NVL_NS,0.02,0.009
745,32Mt_L2_NS,32MT_NS,0.078,0.078
745,32Mt_L2_EW,32MT_EW,0.005,0.0
745,304Thn_L2_EW,304THN_EW,0.007,0.007
750,304Nvl_L1_NS,304NVL_NS,0.018,0.008
750,304Nvl_L3_NS,NONE,0.015,0.0
750,304Nvl_L1_NS,NONE,0.007,0.0
750,32Nvl_L3_NS,NONE,0.007,0.0
750,32Nvl_L1_NS,32NVL_NS,0.014,0.001
750,32Nvl_L1_EW,32NVL_EW,0.007,0.007
750,32Nvl_L2_EW,32NVL_EW,0.008,0.008
750,32Nvl_L1_EW,32NVL_EW,0.013,0.013
750,32Nvl_L2_EW,32NVL_EW,0.015,0.015
750,32Mt_L1_NS,32MT_NS,0.075,0.075
750,32Mt_L1_EW,NONE,0.05,0.0
750,32Mt_L3_EW,NONE,0.009,0.0
750,32Mt_L1_NS,NONE,0.01,0.0
750,NvcMt_L2_NS,NONE,0.026,0.0
750,NvcMt_L1_EW,NVCMT_EW,0.006,0.006
750,32Thn_L1_EW,NONE,0.01,0.0
750,304Nvl_L2_NS,304NVL_NS,0.015,0.015
750,32Nvl_L2_NS,32NVL_NS,0.013,0.003
750,32Nvl_L3_EW,NONE,0.012,0.0
750,32Nvl_L3_EW,NONE,0.006,0.0
750,32Nvl_L1_NS,32NVL_NS,0.007,-0.006
750,32Mt_L2_NS,32MT_NS,0.078,0.078
750,32Mt_L2_EW,NONE,0.008,0.0
750,NvcMt_L1_NS,NONE,0.027,0.0
750,NvcMt_L2_EW,NVCMT_EW,0.008,0.008
755,304Nvl_L1_NS,304NVL_NS,0.018,0.018
755,304Nvl_L3_NS,NONE,0.015,0.0
755,32Nvl_L1_EW,32NVL_EW,0.007,0.001
755,32Nvl_L2_EW,32NVL_EW,0.008,0.002
755,32Nvl_L1_EW,32NVL_EW,0.013,0.008
755,32Nvl_L2_EW,32NVL_EW,0.015,0.009
755,NvcNvl_L1_EW,NONE,0.011,0.0
755,NvcNvl_L2_EW,NONE,0.008,0.0
755,32Mt_L1_NS,32MT_NS,0.075,0.075
755,32Mt_L1_EW,NONE,0.043,0.0
755,32Mt_L3_EW,NONE,0.009,0.0
755,32Mt_L1_NS,NONE,0.01,0.0
755,NvcMt_L2_NS,NONE,0.026,0.0
755,32Thn_L1_EW,32THN_EW,0.008,0.003
755,32Thn_L2_EW,32THN_EW,0.008,0.003
755,32Thn_L3_EW,NONE,0.008,0.0
755,304Nvl_L2_NS,304NVL_NS,0.015,0.015
755,32Nvl_L3_EW,NONE,0.012,0.0
755,32Nvl_L3_EW,NONE,0.006,0.0
755,32Nvl_L1_NS,32NVL_NS,0.013,0.001
755,NvcNvl_L3_EW,NONE,0.006,0.0
755,32Mt_L2_NS,32MT_NS,0.078,0.078
755,32Mt_L2_EW,NONE,0.008,0.0
755,32Mt_L2_NS,NONE,0.009,0.0
755,NvcMt_L1_NS,NONE,0.027,0.0
760,304Nvl_L1_NS,304NVL_NS,0.018,0.018
760,304Nvl_L3_NS,NONE,0.015,0.0
760,32Nvl_L1_EW,32NVL_EW,0.007,0.007
760,32Nvl_L2_EW,32NVL_EW,0.008,0.008
760,32Nvl_L1_EW,32NVL_EW,0.013,0.013
760,32Nvl_L2_EW,32NVL_EW,0.015,0.015
760,32Nvl_L3_NS,NONE,0.008,0.0
760,32Nvl_L2_NS,32NVL_NS,0.008,-0.003
760,NvcNvl_L1_EW,NVCNVL_EW,0.007,0.007
760,NvcNvl_L2_EW,NVCNVL_EW,0.008,0.008
760,32Mt_L1_NS,32MT_NS,0.082,0.082
760,32Mt_L1_EW,NONE,0.007,0.0
760,32Thn_L1_EW,NONE,0.01,0.0
760,304Nvl_L2_NS,304NVL_NS,0.015,0.01
760,32Nvl_L3_EW,NONE,0.012,0.0
760,32Nvl_L3_EW,NONE,0.006,0.0
760,32Nvl_L1_NS,32NVL_NS,0.007,-0.006
760,NvcNvl_L3_EW,NONE,0.009,0.0
760,32Mt_L2_NS,32MT_NS,0.078,0.078
765,304Nvl_L1_NS,304NVL_NS,0.018,0.018
765,304Nvl_L3_NS,NONE,0.015,0.0
765,32Nvl_L3_NS,NONE,0.008,0.0
765,32Nvl_L2_NS,32NVL_NS,0.008,-0.003
765,NvcNvl_L3_NS,NONE,0.007,0.0
765,NvcNvl_L2_NS,NONE,0.007,0.0
765,32Mt_L1_EW,NONE,0.007,0.0
765,32Mt_L1_EW,32MT_EW,0.007,0.007
765,32Mt_L1_NS,NONE,0.02,0.0
765,NvcCmt8_L2_NS,NONE,0.011,0.0
765,NvcCmt8_L1_NS,NONE,0.008,0.0
765,304Nvl_L2_NS,304NVL_NS,0.015,0.01
765,32Nvl_L1_NS,32NVL_NS,0.007,-0.006
765,NvcNvl_L1_NS,NONE,0.009,0.0
765,32Mt_L2_EW,32MT_EW,0.005,0.005
765,32Mt_L2_NS,NONE,0.017,0.0
770,304Nvl_L1_NS,304NVL_NS,0.018,-0.064
770,304Nvl_L3_NS,NONE,0.015,0.0
770,304Nvl_L1_EW,304NVL_EW,0.008,0.008
770,304Nvl_L2_EW,304NVL_EW,0.007,0.007
770,32Nvl_L3_NS,NONE,0.116,0.0
770,32Nvl_L1_NS,32NVL_NS,0.118,0.105
770,32Nvl_L3_NS,NONE,0.008,0.0
770,32Nvl_L2_NS,32NVL_NS,0.008,-0.003
770,NvcNvl_L1_EW,NONE,0.011,0.0
770,NvcNvl_L2_EW,NONE,0.008,0.0
770,32Mt_L1_EW,NONE,0.007,0.0
770,32Mt_L1_EW,32MT_EW,0.014,0.014
770,32Mt_L1_NS,NONE,0.01,0.0
770,304Nvl_L2_NS,304NVL_NS,0.015,0.01
770,304Nvl_L3_EW,NONE,0.006,0.0
770,32Nvl_L2_NS,32NVL_NS,0.113,0.103
770,32Nvl_L1_NS,32NVL_NS,0.013,0.001
770,32Mt_L2_EW,32MT_EW,0.005,0.005
770,32Mt_L2_NS,NONE,0.009,0.0
775,304Nvl_L1_NS,304NVL_NS,0.018,-0.069
775,304Nvl_L3_NS,NONE,0.015,0.0
775,304Nvl_L1_NS,NONE,0.007,0.0
775,304Nvl_L3_NS,NONE,0.008,0.0
775,32Nvl_L3_NS,NONE,0.041,0.0
775,32Nvl_L1_NS,32NVL_NS,0.125,0.112
775,32Nvl_L3_NS,NONE,0.008,0.0
775,32Nvl_L2_NS,32NVL_NS,0.008,-0.003
775,32Mt_L1_NS,32MT_NS,0.006,0.006
775,32Mt_L1_EW,32MT_EW,0.091,0.091
775,304Nvl_L2_NS,304NVL_NS,0.015,0.01
775,304Nvl_L2_NS,NONE,0.007,0.0
775,32Nvl_L2_NS,32NVL_NS,0.12,0.109
775,32Nvl_L1_NS,32NVL_NS,0.013,0.001
775,32Mt_L2_EW,32MT_EW,0.005,0.005
775,NvcCmt8_L1_NS,NONE,0.011,0.0
780,304Nvl_L1_NS,304NVL_NS,0.018,-0.069
780,304Nvl_L3_NS,NONE,0.015,0.0
780,304Nvl_L1_EW,304NVL_EW,0.008,0.008
780,304Nvl_L2_EW,304NVL_EW,0.007,0.007
780,304Nvl_L1_NS,NONE,0.007,0.0
780,32Nvl_L3_NS,NONE,0.041,0.0
780,32Nvl_L1_NS,32NVL_NS,0.125,0.112
780,32Nvl_L3_NS,NONE,0.008,0.0
780,32Nvl_L2_NS,32NVL_NS,0.008,-0.003
780,NvcNvl_L3_NS,NONE,0.034,0.0
780,NvcNvl_L2_NS,NONE,0.033,0.0
780,32Mt_L1_NS,32MT_NS,0.013,0.008
780,32Mt_L1_EW,32MT_EW,0.126,0.126
780,NvcMt_L1_NS,NVCMT_NS,0.007,-0.002
780,304Nvl_L2_NS,304NVL_NS,0.015,0.01
780,304Nvl_L3_EW,NONE,0.006,0.0
780,32Nvl_L2_NS,32NVL_NS,0.12,0.109
780,32Nvl_L1_NS,32NVL_NS,0.007,-0.006
780,NvcNvl_L1_NS,NONE,0.044,0.0
780,32Mt_L2_EW,32MT_EW,0.092,0.092
780,NvcMt_L2_NS,NVCMT_NS,0.005,0.005
785,304Nvl_L1_NS,304NVL_NS,0.018,-0.064
785,304Nvl_L3_NS,NONE,0.015,0.0
785,304Nvl_L1_EW,304NVL_EW,0.11,0.11
785,304Nvl_L2_EW,304NVL_EW,0.087,0.087
785,304Nvl_L1_NS,NONE,0.007,0.0
785,32Nvl_L3_NS,NONE,0.034,0.0
785,32Nvl_L1_NS,32NVL_NS,0.118,0.105
785,32Nvl_L3_NS,NONE,0.017,0.0
785,32Nvl_L2_NS,32NVL_NS,0.016,0.005
785,NvcNvl_L3_NS,NONE,0.041,0.0
785,NvcNvl_L2_NS,NONE,0.04,0.0
785,32Mt_L1_NS,32MT_NS,0.006,0.001
785,NvcMt_L1_NS,NVCMT_NS,0.007,0.002
785,304Nvl_L2_NS,304NVL_NS,0.015,0.004
785,32Nvl_L2_NS,32NVL_NS,0.113,0.103
785,32Nvl_L1_NS,32NVL_NS,0.013,0.001
785,NvcNvl_L1_NS,NONE,0.052,0.0
785,NvcMt_L2_NS,NVCMT_NS,0.005,0.005
790,304Nvl_L1_NS,304NVL_NS,0.009,-0.073
790,304Nvl_L3_NS,NONE,0.007,0.0
790,304Nvl_L1_EW,304NVL_EW,0.119,0.119
790,304Nvl_L2_EW,304NVL_EW,0.102,0.102
790,32Nvl_L3_NS,NONE,0.034,0.0
790,32Nvl_L1_NS,32NVL_NS,0.118,0.111
790,NvcNvl_L3_NS,NONE,0.007,0.0
790,NvcNvl_L2_NS,NONE,0.007,0.0
790,32Mt_L1_NS,32MT_NS,0.006,0.001
790,32Mt_L1_NS,NONE,0.01,0.0
790,NvcMt_L1_NS,NVCMT_NS,0.007,0.002
790,32Thn_L1_EW,32THN_EW,0.008,0.008
790,32Thn_L2_EW,32THN_EW,0.008,0.008
790,32Thn_L3_EW,NONE,0.008,0.0
790,304Nvl_L2_NS,304NVL_NS,0.008,0.008
790,304Nvl_L3_EW,NONE,0.089,0.0
790,32Nvl_L2_NS,32NVL_NS,0.113,0.108
790,32Nvl_L1_NS,32NVL_NS,0.007,0.0
790,NvcNvl_L1_NS,NONE,0.009,0.0
790,32Mt_L2_NS,NONE,0.009,0.0
790,NvcMt_L2_NS,NVCMT_NS,0.005,0.005
795,304Nvl_L1_EW,304NVL_EW,0.135,0.135
795,304Nvl_L2_EW,304NVL_EW,0.116,0.116
795,32Nvl_L1_NS,32NVL_NS,0.007,0.007
795,32Nvl_L3_NS,NONE,0.008,0.0
795,32Nvl_L2_NS,32NVL_NS,0.008,0.008
795,32Thn_L1_EW,32THN_EW,0.008,0.008
795,32Thn_L2_EW,32THN_EW,0.008,0.008
795,32Thn_L3_EW,NONE,0.008,0.0
795,304Nvl_L3_EW,NONE,0.101,0.0
795,32Nvl_L1_NS,32NVL_NS,0.013,0.013
800,304Nvl_L1_EW,304NVL_EW,0.127,0.127
800,304Nvl_L2_EW,304NVL_EW,0.109,0.109
800,304Nvl_L1_NS,NONE,0.007,0.0
800,32Nvl_L3_NS,NONE,0.007,0.0
800,32Nvl_L1_NS,32NVL_NS,0.014,0.014
800,32Nvl_L1_EW,32NVL_EW,0.013,0.013
800,32Nvl_L2_EW,32NVL_EW,0.007,0.007
800,32Nvl_L3_NS,NONE,0.008,0.0
800,32Nvl_L2_NS,32NVL_NS,0.008,0.008
800,NvcNvl_L1_EW,NVCNVL_EW,0.035,0.035
800,32Mt_L1_NS,32MT_NS,0.031,0.031
800,32Mt_L1_EW,NONE,0.007,0.0
800,32Mt_L1_NS,NONE,0.01,0.0
800,32Thn_L1_EW,NONE,0.01,0.0
800,304Nvl_L3_EW,NONE,0.095,0.0
800,32Nvl_L2_NS,32NVL_NS,0.007,0.007
800,32Nvl_L3_EW,NONE,0.006,0.0
800,32Nvl_L1_NS,32NVL_NS,0.007,0.007
800,32Mt_L2_NS,32MT_NS,0.032,0.032
800,32Mt_L2_NS,NONE,0.009,0.0
805,304Nvl_L1_EW,NONE,0.008,0.0
805,304Nvl_L1_NS,NONE,0.007,0.0
805,304Nvl_L2_EW,NONE,0.009,0.0
805,32Nvl_L1_NS,32NVL_NS,0.007,0.007
805,32Nvl_L1_EW,32NVL_EW,0.013,0.013
805,32Nvl_L2_EW,32NVL_EW,0.007,0.007
805,32Nvl_L3_NS,NONE,0.008,0.0
805,32Nvl_L2_NS,32NVL_NS,0.008,0.008
805,NvcNvl_L3_NS,NONE,0.041,0.0
805,NvcNvl_L2_NS,NONE,0.04,0.0
805,NvcNvl_L1_EW,NVCNVL_EW,0.035,0.035
805,32Mt_L1_NS,32MT_NS,0.031,0.031
805,32Mt_L1_NS,NONE,0.049,0.0
805,32Thn_L1_EW,NONE,0.01,0.0
805,304Nvl_L3_EW,NONE,0.008,0.0
805,32Nvl_L2_NS,32NVL_NS,0.007,0.007
805,32Nvl_L3_EW,NONE,0.006,0.0
805,32Nvl_L1_NS,32NVL_NS,0.007,0.007
805,NvcNvl_L1_NS,NONE,0.052,0.0
805,32Mt_L2_NS,32MT_NS,0.032,0.032
805,32Mt_L2_NS,NONE,0.043,0.0
810,304Nvl_L1_EW,304NVL_EW,0.008,0.008
810,304Nvl_L2_EW,304NVL_EW,0.007,0.007
810,304Nvl_L1_NS,NONE,0.015,0.0
810,32Nvl_L3_NS,NONE,0.007,0.0
810,32Nvl_L1_NS,32NVL_NS,0.007,0.007
810,32Nvl_L1_EW,32NVL_EW,0.007,0.007
810,32Nvl_L2_EW,32NVL_EW,0.007,0.007
810,NvcNvl_L3_NS,NONE,0.007,0.0
810,NvcNvl_L2_NS,NONE,0.04,0.0
810,NvcNvl_L1_EW,NVCNVL_EW,0.035,0.035
810,32Mt_L1_EW,NONE,0.007,0.0
810,304Nvl_L3_EW,NONE,0.006,0.0
810,32Nvl_L2_NS,32NVL_NS,0.007,0.007
810,32Nvl_L3_EW,NONE,0.006,0.0
810,32Nvl_L1_NS,32NVL_NS,0.087,0.087
810,NvcNvl_L1_NS,NONE,0.052,0.0
815,304Nvl_L1_NS,304NVL_NS,0.009,0.009
815,304Nvl_L1_EW,304NVL_EW,0.025,0.025
815,304Nvl_L2_EW,304NVL_EW,0.007,0.007
815,304Nvl_L1_NS,NONE,0.015,0.0
815,32Nvl_L1_EW,32NVL_EW,0.013,0.013
815,32Nvl_L2_EW,32NVL_EW,0.015,0.015
815,32Nvl_L3_NS,NONE,0.042,0.0
815,32Nvl_L2_NS,32NVL_NS,0.039,0.039
815,NvcNvl_L3_NS,NONE,0.007,0.0
815,NvcNvl_L2_NS,NONE,0.007,0.0
815,NvcNvl_L1_EW,NVCNVL_EW,0.007,0.007
815,NvcNvl_L2_EW,NVCNVL_EW,0.008,0.008
815,32Mt_L1_NS,32MT_NS,0.031,0.031
815,32Mt_L1_EW,NONE,0.007,0.0
815,32Mt_L3_EW,NONE,0.009,0.0
815,304Nvl_L3_EW,NONE,0.006,0.0
815,32Nvl_L3_EW,NONE,0.012,0.0
815,32Nvl_L1_NS,32NVL_NS,0.04,0.034
815,NvcNvl_L1_NS,NONE,0.009,0.0
815,NvcNvl_L3_EW,NONE,0.009,0.0
815,32Mt_L2_EW,NONE,0.008,0.0
820,304Nvl_L1_NS,304NVL_NS,0.009,0.004
820,304Nvl_L1_EW,304NVL_EW,0.127,0.127
820,304Nvl_L2_EW,304NVL_EW,0.022,0.022
820,304Nvl_L1_NS,NONE,0.007,0.0
820,32Nvl_L1_NS,32NVL_NS,0.007,-0.023
820,32Nvl_L1_EW,32NVL_EW,0.013,0.013
820,32Nvl_L2_EW,32NVL_EW,0.015,0.015
820,NvcNvl_L1_EW,NONE,0.011,0.0
820,NvcNvl_L2_EW,NONE,0.008,0.0
820,NvcNvl_L1_EW,NVCNVL_EW,0.007,0.003
820,NvcNvl_L2_EW,NVCNVL_EW,0.008,0.008
820,NvcNvl_L1_NS,NVCNVL_NS,0.033,0.028
820,32Mt_L1_NS,32MT_NS,0.031,0.031
820,32Mt_L1_EW,NONE,0.108,0.0
820,32Mt_L3_EW,NONE,0.088,0.0
820,NvcMt_L1_EW,NVCMT_EW,0.006,0.001
820,304Nvl_L3_EW,NONE,0.013,0.0
820,32Nvl_L3_EW,NONE,0.012,0.0
820,32Nvl_L1_NS,32NVL_NS,0.007,-0.023
820,NvcNvl_L3_EW,NONE,0.009,0.0
820,32Mt_L2_EW,NONE,0.075,0.0
820,NvcMt_L2_EW,NVCMT_EW,0.008,0.002
825,304Nvl_L1_NS,304NVL_NS,0.009,-0.005
825,304Nvl_L1_EW,304NVL_EW,0.119,0.119
825,304Nvl_L2_EW,304NVL_EW,0.015,0.015
825,304Nvl_L1_NS,NONE,0.015,0.0
825,304Nvl_L3_NS,NONE,0.008,0.0
825,32Nvl_L3_NS,NONE,0.014,0.0
825,32Nvl_L1_NS,32NVL_NS,0.021,0.014
825,32Nvl_L1_EW,32NVL_EW,0.013,0.013
825,32Nvl_L2_EW,32NVL_EW,0.015,0.015
825,32Nvl_L3_NS,NONE,0.008,0.0
825,32Nvl_L2_NS,32NVL_NS,0.008,0.008
825,NvcNvl_L1_EW,NONE,0.011,0.0
825,NvcNvl_L2_EW,NONE,0.008,0.0
825,NvcNvl_L1_EW,NVCNVL_EW,0.007,0.003
825,NvcNvl_L2_EW,NVCNVL_EW,0.008,0.008
825,32Mt_L1_EW,NONE,0.007,0.0
825,32Mt_L3_EW,NONE,0.009,0.0
825,32Mt_L1_NS,NONE,0.068,0.0
825,NvcMt_L1_EW,NVCMT_EW,0.006,0.001
825,304Nvl_L3_EW,NONE,0.013,0.0
825,304Nvl_L2_NS,NONE,0.007,0.0
825,32Nvl_L2_NS,32NVL_NS,0.013,0.013
825,32Nvl_L3_EW,NONE,0.012,0.0
825,32Nvl_L1_NS,32NVL_NS,0.007,0.0
825,NvcNvl_L3_EW,NONE,0.009,0.0
825,32Mt_L2_EW,NONE,0.008,0.0
825,32Mt_L2_NS,NONE,0.009,0.0
825,NvcMt_L2_EW,NVCMT_EW,0.008,0.002
830,304Nvl_L1_NS,304NVL_NS,0.009,0.009
830,304Nvl_L3_NS,NONE,0.007,0.0
830,304Nvl_L1_EW,NONE,0.008,0.0
830,304Nvl_L1_NS,NONE,0.007,0.0
830,32Nvl_L1_EW,32NVL_EW,0.007,-0.017
830,32Nvl_L2_EW,32NVL_EW,0.008,0.008
830,32Nvl_L1_EW,32NVL_EW,0.013,-0.011
830,32Nvl_L2_EW,32NVL_EW,0.015,0.015
830,NvcNvl_L3_NS,NONE,0.007,0.0
830,NvcNvl_L2_NS,NONE,0.007,0.0
830,NvcNvl_L1_EW,NVCNVL_EW,0.014,0.01
830,NvcNvl_L2_EW,NVCNVL_EW,0.016,0.016
830,32Mt_L1_EW,NONE,0.007,0.0
830,32Mt_L3_EW,NONE,0.009,0.0
830,32Mt_L1_EW,32MT_EW,0.035,0.03
830,32Mt_L1_NS,NONE,0.01,0.0
830,NvcMt_L1_EW,NVCMT_EW,0.006,-0.004
830,304Nvl_L2_NS,304NVL_NS,0.008,0.008
830,32Nvl_L3_EW,NONE,0.012,0.0
830,32Nvl_L3_EW,NONE,0.006,0.0
830,32Nvl_L1_NS,32NVL_NS,0.034,0.027
830,NvcNvl_L1_NS,NONE,0.009,0.0
830,NvcNvl_L3_EW,NONE,0.019,0.0
830,32Mt_L2_EW,NONE,0.008,0.0
830,32Mt_L2_NS,NONE,0.009,0.0
830,NvcMt_L2_EW,NVCMT_EW,0.008,-0.003
835,304Nvl_L1_NS,304NVL_NS,0.009,0.004
835,304Nvl_L3_NS,NONE,0.007,0.0
835,304Nvl_L1_EW,304NVL_EW,0.008,0.008
835,304Nvl_L1_EW,NONE,0.008,0.0
835,304Nvl_L1_NS,NONE,0.007,0.0
835,32Nvl_L1_NS,32NVL_NS,0.007,0.001
835,32Nvl_L1_EW,32NVL_EW,0.014,-0.02
835,32Nvl_L2_EW,32NVL_EW,0.015,0.015
835,32Nvl_L1_EW,32NVL_EW,0.013,-0.021
835,32Nvl_L2_EW,32NVL_EW,0.015,0.015
835,NvcNvl_L1_EW,NONE,0.064,0.0
835,NvcNvl_L2_EW,NONE,0.046,0.0
835,NvcNvl_L1_EW,NVCNVL_EW,0.014,0.01
835,NvcNvl_L2_EW,NVCNVL_EW,0.016,0.016
835,32Mt_L1_EW,32MT_EW,0.049,0.039
835,NvcMt_L1_EW,NVCMT_EW,0.006,-0.004
835,304Nvl_L2_NS,304NVL_NS,0.008,0.008
835,32Nvl_L2_NS,32NVL_NS,0.007,0.001
835,32Nvl_L3_EW,NONE,0.012,0.0
835,32Nvl_L3_EW,NONE,0.013,0.0
835,NvcNvl_L3_EW,NONE,0.038,0.0
835,NvcNvl_L3_EW,NONE,0.019,0.0
835,NvcMt_L2_EW,NVCMT_EW,0.008,-0.003
840,304Nvl_L1_NS,304NVL_NS,0.009,-0.001
840,304Nvl_L3_NS,NONE,0.007,0.0
840,304Nvl_L1_EW,304NVL_EW,0.008,0.008
840,304Nvl_L2_EW,304NVL_EW,0.007,0.007
840,32Nvl_L3_NS,NONE,0.007,0.0
840,32Nvl_L1_NS,32NVL_NS,0.014,0.008
840,32Nvl_L1_EW,32NVL_EW,0.007,-0.061
840,32Nvl_L2_EW,32NVL_EW,0.008,-0.038
840,32Nvl_L1_EW,32NVL_EW,0.013,-0.055
840,32Nvl_L2_EW,32NVL_EW,0.015,-0.031
840,32Nvl_L3_NS,NONE,0.008,0.0
840,32Nvl_L2_NS,32NVL_NS,0.008,0.003
840,NvcNvl_L3_NS,NONE,0.014,0.0
840,NvcNvl_L2_NS,NONE,0.013,0.0
840,NvcNvl_L1_EW,NONE,0.021,0.0
840,NvcNvl_L2_EW,NONE,0.015,0.0
840,NvcNvl_L1_EW,NVCNVL_EW,0.021,0.021
840,NvcNvl_L2_EW,NVCNVL_EW,0.023,0.023
840,32Mt_L1_EW,32MT_EW,0.098,0.093
840,32Mt_L1_NS,NONE,0.01,0.0
840,NvcMt_L2_NS,NONE,0.026,0.0
840,304Nvl_L2_NS,304NVL_NS,0.008,0.002
840,304Nvl_L3_EW,NONE,0.006,0.0
840,32Nvl_L2_NS,32NVL_NS,0.013,0.008
840,32Nvl_L3_EW,NONE,0.012,0.0
840,32Nvl_L3_EW,NONE,0.006,0.0
840,32Nvl_L1_NS,32NVL_NS,0.013,0.007
840,NvcNvl_L1_NS,NONE,0.017,0.0
840,NvcNvl_L3_EW,NONE,0.013,0.0
840,NvcNvl_L3_EW,NONE,0.028,0.0
840,32Mt_L2_EW,32MT_EW,0.065,0.06
840,NvcMt_L1_NS,NONE,0.027,0.0
845,304Nvl_L1_NS,304NVL_NS,0.009,0.004
845,304Nvl_L3_NS,NONE,0.007,0.0
845,32Nvl_L1_NS,32NVL_NS,0.007,0.001
845,32Nvl_L1_EW,32NVL_EW,0.007,-0.037
845,32Nvl_L2_EW,32NVL_EW,0.008,-0.023
845,32Nvl_L1_EW,32NVL_EW,0.013,-0.031
845,32Nvl_L2_EW,32NVL_EW,0.015,-0.016
845,NvcNvl_L3_NS,NONE,0.007,0.0
845,NvcNvl_L2_NS,NONE,0.007,0.0
845,NvcNvl_L1_EW,NVCNVL_EW,0.014,0.014
845,NvcNvl_L2_EW,NVCNVL_EW,0.016,0.016
845,32Mt_L1_EW,32MT_EW,0.063,0.058
845,32Mt_L1_NS,NONE,0.01,0.0
845,NvcMt_L2_NS,NONE,0.026,0.0
845,304Nvl_L2_NS,304NVL_NS,0.008,0.008
845,32Nvl_L2_NS,32NVL_NS,0.007,0.001
845,32Nvl_L3_EW,NONE,0.012,0.0
845,32Nvl_L3_EW,NONE,0.006,0.0
845,NvcNvl_L1_NS,NONE,0.009,0.0
845,NvcNvl_L3_EW,NONE,0.019,0.0
845,32Mt_L2_EW,32MT_EW,0.044,0.038
845,32Mt_L2_NS,NONE,0.009,0.0
845,NvcMt_L1_NS,NONE,0.027,0.0
850,304Nvl_L1_NS,304NVL_NS,0.018,0.008
850,304Nvl_L3_NS,NONE,0.007,0.0
850,304Nvl_L1_NS,NONE,0.007,0.0
850,32Nvl_L1_NS,32NVL_NS,0.014,0.001
850,32Nvl_L1_EW,32NVL_EW,0.007,0.002
850,32Nvl_L2_EW,32NVL_EW,0.008,0.004
850,32Nvl_L1_EW,32NVL_EW,0.013,0.009
850,32Nvl_L2_EW,32NVL_EW,0.015,0.011
850,32Nvl_L3_NS,NONE,0.008,0.0
850,32Nvl_L2_NS,32NVL_NS,0.008,0.003
850,NvcNvl_L3_NS,NONE,0.041,0.0
850,NvcNvl_L2_NS,NONE,0.046,0.0
850,32Mt_L1_EW,NONE,0.043,0.0
850,32Mt_L3_EW,NONE,0.044,0.0
850,32Mt_L1_EW,32MT_EW,0.007,0.002
850,304Nvl_L2_NS,304NVL_NS,0.008,0.002
850,304Nvl_L2_NS,NONE,0.007,0.0
850,32Nvl_L2_NS,32NVL_NS,0.007,0.001
850,32Nvl_L3_EW,NONE,0.012,0.0
850,32Nvl_L3_EW,NONE,0.006,0.0
850,32Nvl_L1_NS,32NVL_NS,0.013,0.001
850,NvcNvl_L1_NS,NONE,0.061,0.0
850,32Mt_L2_EW,NONE,0.038,0.0
850,32Mt_L2_EW,32MT_EW,0.005,0.0
855,304Nvl_L1_NS,304NVL_NS,0.018,0.008
855,304Nvl_L3_NS,NONE,0.007,0.0
855,304Nvl_L1_NS,NONE,0.007,0.0
855,304Nvl_L3_NS,NONE,0.008,0.0
855,32Nvl_L3_NS,NONE,0.014,0.0
855,32Nvl_L1_NS,32NVL_NS,0.014,0.001
855,32Nvl_L1_EW,32NVL_EW,0.007,0.007
855,32Nvl_L2_EW,32NVL_EW,0.008,0.008
855,32Nvl_L1_EW,32NVL_EW,0.013,0.013
855,32Nvl_L2_EW,32NVL_EW,0.015,0.015
855,32Nvl_L3_NS,NONE,0.008,0.0
855,32Nvl_L2_NS,32NVL_NS,0.008,0.003
855,NvcNvl_L3_NS,NONE,0.054,0.0
855,NvcNvl_L2_NS,NONE,0.053,0.0
855,NvcNvl_L1_EW,NVCNVL_EW,0.007,-0.015
855,32Mt_L1_NS,32MT_NS,0.006,0.006
855,32Mt_L1_NS,NONE,0.098,0.0
855,NvcMt_L1_EW,NVCMT_EW,0.032,0.027
855,304Nvl_L2_NS,304NVL_NS,0.008,0.002
855,304Nvl_L2_NS,NONE,0.007,0.0
855,32Nvl_L2_NS,32NVL_NS,0.013,0.008
855,32Nvl_L3_EW,NONE,0.012,0.0
855,32Nvl_L3_EW,NONE,0.006,0.0
855,32Nvl_L1_NS,32NVL_NS,0.02,0.007
855,NvcNvl_L1_NS,NONE,0.07,0.0
855,32Mt_L2_NS,NONE,0.043,0.0
855,NvcMt_L2_EW,NVCMT_EW,0.04,0.04
860,304Nvl_L1_NS,304NVL_NS,0.018,0.013
860,304Nvl_L3_NS,NONE,0.007,0.0
860,32Nvl_L1_NS,32NVL_NS,0.007,-0.006
860,32Nvl_L1_EW,32NVL_EW,0.007,0.002
860,32Nvl_L2_EW,32NVL_EW,0.008,0.008
860,32Nvl_L1_EW,32NVL_EW,0.02,0.015
860,32Nvl_L2_EW,32NVL_EW,0.022,0.022
860,32Nvl_L3_NS,NONE,0.008,0.0
860,32Nvl_L2_NS,32NVL_NS,0.008,0.003
860,NvcNvl_L3_NS,NONE,0.027,0.0
860,NvcNvl_L2_NS,NONE,0.026,0.0
860,NvcNvl_L1_EW,NVCNVL_EW,0.007,0.003
860,NvcNvl_L2_EW,NVCNVL_EW,0.008,0.008
860,32Mt_L1_NS,32MT_NS,0.006,0.006
860,32Mt_L1_EW,NONE,0.007,0.0
860,32Mt_L3_EW,NONE,0.009,0.0
860,32Mt_L1_EW,32MT_EW,0.007,0.002
860,32Mt_L1_NS,NONE,0.049,0.0
860,NvcMt_L1_EW,NVCMT_EW,0.006,0.001
860,32Thn_L1_EW,NONE,0.01,0.0
860,32Thn_L2_EW,NONE,0.01,0.0
860,32Thn_L3_EW,NONE,0.007,0.0
860,304Nvl_L2_NS,304NVL_NS,0.008,0.002
860,32Nvl_L2_NS,32NVL_NS,0.007,0.001
860,32Nvl_L3_EW,NONE,0.018,0.0
860,32Nvl_L3_EW,NONE,0.006,0.0
860,32Nvl_L1_NS,32NVL_NS,0.013,0.001
860,NvcNvl_L1_NS,NONE,0.035,0.0
860,NvcNvl_L3_EW,NONE,0.009,0.0
860,32Mt_L2_EW,NONE,0.008,0.0
860,32Mt_L2_NS,NONE,0.043,0.0
860,NvcMt_L2_EW,NVCMT_EW,0.008,0.002
865,304Nvl_L1_NS,304NVL_NS,0.018,0.018
865,304Nvl_L3_NS,NONE,0.015,0.0
865,304Nvl_L1_EW,304NVL_EW,0.008,0.008
865,32Nvl_L1_EW,32NVL_EW,0.014,-0.016
865,32Nvl_L2_EW,32NVL_EW,0.015,0.015
865,32Nvl_L1_EW,32NVL_EW,0.02,-0.01
865,32Nvl_L2_EW,32NVL_EW,0.022,0.022
865,NvcNvl_L3_NS,NONE,0.027,0.0
865,NvcNvl_L2_NS,NONE,0.026,0.0
865,NvcNvl_L1_EW,NONE,0.021,0.0
865,NvcNvl_L2_EW,NONE,0.015,0.0
865,NvcNvl_L1_EW,NVCNVL_EW,0.007,0.007
865,NvcNvl_L2_EW,NVCNVL_EW,0.008,0.008
865,32Mt_L1_NS,32MT_NS,0.063,0.063
865,32Mt_L1_EW,NONE,0.014,0.0
865,32Mt_L3_EW,NONE,0.018,0.0
865,32Mt_L1_EW,32MT_EW,0.035,0.025
865,32Thn_L1_EW,32THN_EW,0.008,-0.002
865,304Nvl_L2_NS,304NVL_NS,0.015,0.015
865,32Nvl_L3_EW,NONE,0.018,0.0
865,32Nvl_L3_EW,NONE,0.013,0.0
865,32Nvl_L1_NS,32NVL_NS,0.007,-0.006
865,NvcNvl_L1_NS,NONE,0.035,0.0
865,NvcNvl_L3_EW,NONE,0.006,0.0
865,NvcNvl_L3_EW,NONE,0.009,0.0
865,32Mt_L2_EW,NONE,0.015,0.0
870,304Nvl_L1_NS,304NVL_NS,0.018,0.018
870,304Nvl_L3_NS,NONE,0.015,0.0
870,32Nvl_L1_EW,32NVL_EW,0.007,0.002
870,32Nvl_L2_EW,32NVL_EW,0.008,0.008
870,32Nvl_L1_EW,32NVL_EW,0.02,0.015
870,32Nvl_L2_EW,32NVL_EW,0.022,0.022
870,NvcNvl_L1_EW,NONE,0.011,0.0
870,NvcNvl_L2_EW,NONE,0.008,0.0
870,NvcNvl_L1_EW,NVCNVL_EW,0.042,0.042
870,32Mt_L1_NS,32MT_NS,0.063,0.063
870,32Mt_L1_EW,NONE,0.014,0.0
870,32Mt_L3_EW,NONE,0.018,0.0
870,32Mt_L1_EW,32MT_EW,0.007,0.002
870,304Nvl_L2_NS,304NVL_NS,0.015,0.015
870,32Nvl_L3_EW,NONE,0.018,0.0
870,32Nvl_L3_EW,NONE,0.006,0.0
870,32Nvl_L1_NS,32NVL_NS,0.007,-0.006
870,32Mt_L2_EW,NONE,0.015,0.0
875,304Nvl_L1_NS,304NVL_NS,0.018,0.018
875,304Nvl_L3_NS,NONE,0.015,0.0
875,304Nvl_L1_NS,NONE,0.007,0.0
875,304Nvl_L3_NS,NONE,0.008,0.0
875,32Nvl_L1_EW,32NVL_EW,0.014,0.014
875,32Nvl_L2_EW,32NVL_EW,0.015,0.015
875,32Nvl_L1_EW,32NVL_EW,0.02,0.02
875,32Nvl_L2_EW,32NVL_EW,0.022,0.022
875,32Nvl_L3_NS,NONE,0.008,0.0
875,32Nvl_L2_NS,32NVL_NS,0.008,-0.003
875,NvcNvl_L3_NS,NONE,0.014,0.0
875,NvcNvl_L2_NS,NONE,0.013,0.0
875,NvcNvl_L1_EW,NONE,0.032,0.0
875,NvcNvl_L2_EW,NONE,0.023,0.0
875,NvcNvl_L1_EW,NVCNVL_EW,0.014,0.014
875,NvcNvl_L1_NS,NVCNVL_NS,0.007,0.007
875,32Mt_L1_NS,32MT_NS,0.031,0.031
875,32Mt_L1_NS,NONE,0.02,0.0
875,304Nvl_L2_NS,304NVL_NS,0.015,0.01
875,304Nvl_L2_NS,NONE,0.007,0.0
875,32Nvl_L3_EW,NONE,0.018,0.0
875,32Nvl_L3_EW,NONE,0.013,0.0
875,32Nvl_L1_NS,32NVL_NS,0.007,-0.011
875,NvcNvl_L1_NS,NONE,0.017,0.0
880,304Nvl_L1_NS,304NVL_NS,0.018,0.018
880,304Nvl_L3_NS,NONE,0.015,0.0
880,32Nvl_L1_EW,32NVL_EW,0.021,-0.008
880,32Nvl_L2_EW,32NVL_EW,0.023,0.004
880,32Nvl_L1_EW,32NVL_EW,0.02,-0.009
880,32Nvl_L2_EW,32NVL_EW,0.022,0.003
880,32Nvl_L3_NS,NONE,0.008,0.0
880,32Nvl_L2_NS,32NVL_NS,0.008,-0.003
880,NvcNvl_L1_EW,NONE,0.011,0.0
880,NvcNvl_L2_EW,NONE,0.008,0.0
880,NvcNvl_L1_NS,NVCNVL_NS,0.007,0.007
880,32Mt_L1_EW,NONE,0.007,0.0
880,32Mt_L1_EW,32MT_EW,0.042,0.027
880,32Mt_L1_NS,NONE,0.01,0.0
880,NvcMt_L2_NS,NONE,0.005,0.0
880,304Nvl_L2_NS,304NVL_NS,0.015,0.01
880,32Nvl_L3_EW,NONE,0.018,0.0
880,32Nvl_L3_EW,NONE,0.019,0.0
880,32Nvl_L1_NS,32NVL_NS,0.007,-0.011
880,32Mt_L2_EW,32MT_EW,0.027,0.011
880,32Mt_L2_NS,NONE,0.009,0.0
880,NvcMt_L1_NS,NONE,0.005,0.0
885,304Nvl_L1_NS,304NVL_NS,0.027,0.027
885,304Nvl_L3_NS,NONE,0.022,0.0
885,32Nvl_L1_EW,32NVL_EW,0.007,0.007
885,32Nvl_L2_EW,32NVL_EW,0.008,0.008
885,32Nvl_L1_EW,32NVL_EW,0.02,0.02
885,32Nvl_L2_EW,32NVL_EW,0.022,0.022
885,NvcNvl_L3_NS,NONE,0.014,0.0
885,NvcNvl_L2_NS,NONE,0.013,0.0
885,NvcNvl_L1_EW,NONE,0.021,0.0
885,NvcNvl_L2_EW,NONE,0.015,0.0
885,NvcNvl_L1_EW,NVCNVL_EW,0.007,0.007
885,32Mt_L1_EW,NONE,0.007,0.0
885,32Mt_L3_EW,NONE,0.009,0.0
885,NvcMt_L2_NS,NONE,0.011,0.0
885,NvcMt_L1_NS,NVCMT_NS,0.007,0.007
885,304Nvl_L2_NS,304NVL_NS,0.023,0.023
885,32Nvl_L3_EW,NONE,0.018,0.0
885,32Nvl_L3_EW,NONE,0.006,0.0
885,32Nvl_L1_NS,32NVL_NS,0.007,-0.012
885,NvcNvl_L1_NS,NONE,0.017,0.0
885,NvcNvl_L3_EW,NONE,0.006,0.0
885,32Mt_L2_EW,NONE,0.008,0.0
885,NvcMt_L1_NS,NONE,0.011,0.0
885,NvcMt_L2_NS,NVCMT_NS,0.005,0.005
890,304Nvl_L1_NS,304NVL_NS,0.036,0.036
890,304Nvl_L3_NS,NONE,0.03,0.0
890,NvcNvl_L3_NS,NONE,0.014,0.0
890,NvcNvl_L2_NS,NONE,0.013,0.0
890,32Mt_L1_EW,NONE,0.05,0.0
890,32Mt_L3_EW,NONE,0.009,0.0
890,32Mt_L1_EW,32MT_EW,0.007,0.007
890,NvcMt_L2_NS,NONE,0.005,0.0
890,NvcMt_L1_NS,NVCMT_NS,0.007,0.007
890,304Nvl_L2_NS,304NVL_NS,0.03,0.03
890,NvcNvl_L1_NS,NONE,0.017,0.0
890,32Mt_L2_EW,NONE,0.008,0.0
890,32Mt_L2_EW,32MT_EW,0.005,0.005
890,NvcMt_L1_NS,NONE,0.005,0.0
890,NvcMt_L1_EW,NVCMT_EW,0.006,0.006
890,NvcMt_L2_NS,NVCMT_NS,0.005,0.005
895,304Thn_L1_EW,NONE,0.007,0.0
895,304Thn_L2_EW,NONE,0.008,0.0
895,304Nvl_L1_NS,304NVL_NS,0.036,0.036
895,304Nvl_L3_NS,NONE,0.03,0.0
895,32Nvl_L3_NS,NONE,0.008,0.0
895,32Nvl_L2_NS,32NVL_NS,0.008,-0.013
895,32Mt_L1_EW,NONE,0.043,0.0
895,32Mt_L3_EW,NONE,0.009,0.0
895,32Mt_L1_NS,NONE,0.01,0.0
895,NvcMt_L1_NS,NVCMT_NS,0.007,0.007
895,304Nvl_L2_NS,304NVL_NS,0.03,0.025
895,32Nvl_L1_NS,32NVL_NS,0.007,-0.019
895,32Mt_L2_EW,NONE,0.008,0.0
895,NvcMt_L2_NS,NVCMT_NS,0.005,0.005
895,304Thn_L3_EW,NONE,0.008,0.0
900,304Thn_L1_EW,304THN_EW,0.008,0.008
900,304Nvl_L1_NS,304NVL_NS,0.009,0.009
900,304Nvl_L3_NS,NONE,0.007,0.0
900,32Nvl_L3_NS,NONE,0.017,0.0
900,32Nvl_L2_NS,32NVL_NS,0.016,0.01
900,NvcNvl_L1_EW,NVCNVL_EW,0.007,0.007
900,32Mt_L1_EW,NONE,0.014,0.0
900,32Mt_L3_EW,NONE,0.009,0.0
900,32Mt_L1_EW,32MT_EW,0.007,0.007
900,NvcMt_L1_NS,NVCMT_NS,0.007,0.007
900,304Nvl_L2_NS,304NVL_NS,0.008,-0.003
900,32Nvl_L1_NS,32NVL_NS,0.02,0.014
900,32Mt_L2_EW,NONE,0.008,0.0
900,32Mt_L2_EW,32MT_EW,0.005,0.005
900,NvcMt_L2_NS,NVCMT_NS,0.005,0.005
905,304Thn_L1_EW,304THN_EW,0.008,0.008
905,32Nvl_L3_NS,NONE,0.008,0.0
905,32Nvl_L2_NS,32NVL_NS,0.008,0.008
905,NvcNvl_L3_NS,NONE,0.088,0.0
905,NvcNvl_L2_NS,NONE,0.086,0.0
905,NvcNvl_L1_EW,NVCNVL_EW,0.014,0.01
905,NvcNvl_L2_EW,NVCNVL_EW,0.008,0.008
905,32Mt_L1_EW,32MT_EW,0.007,0.007
905,NvcMt_L1_EW,NVCMT_EW,0.006,-0.004
905,32Nvl_L1_NS,32NVL_NS,0.013,0.013
905,NvcNvl_L1_NS,NONE,0.114,0.0
905,NvcNvl_L3_EW,NONE,0.009,0.0
905,NvcMt_L2_EW,NVCMT_EW,0.008,0.002
910,304Nvl_L1_NS,304NVL_NS,0.009,0.009
910,304Nvl_L3_NS,NONE,0.007,0.0
910,304Nvl_L1_NS,NONE,0.015,0.0
910,NvcNvl_L3_NS,NONE,0.027,0.0
910,NvcNvl_L2_NS,NONE,0.026,0.0
910,NvcNvl_L1_EW,NVCNVL_EW,0.014,0.01
910,NvcNvl_L2_EW,NVCNVL_EW,0.008,0.008
910,32Mt_L1_NS,32MT_NS,0.006,0.006
910,32Mt_L1_EW,32MT_EW,0.007,0.007
910,NvcMt_L1_EW,NVCMT_EW,0.006,-0.004
910,304Nvl_L2_NS,304NVL_NS,0.008,0.008
910,NvcNvl_L1_NS,NONE,0.035,0.0
910,NvcNvl_L3_EW,NONE,0.009,0.0
910,NvcMt_L2_EW,NVCMT_EW,0.008,0.002
915,304Nvl_L1_EW,304NVL_EW,0.017,0.017
915,304Nvl_L2_EW,304NVL_EW,0.007,0.007
915,304Nvl_L1_NS,NONE,0.007,0.0
915,32Nvl_L1_NS,32NVL_NS,0.007,0.007
915,32Nvl_L1_EW,32NVL_EW,0.007,-0.003
915,32Nvl_L2_EW,32NVL_EW,0.008,0.0
915,NvcNvl_L3_NS,NONE,0.027,0.0
915,NvcNvl_L2_NS,NONE,0.026,0.0
915,NvcNvl_L1_EW,NVCNVL_EW,0.007,0.003
915,NvcNvl_L2_EW,NVCNVL_EW,0.008,0.008
915,32Mt_L1_EW,32MT_EW,0.014,0.009
915,NvcMt_L1_EW,NVCMT_EW,0.006,0.001
915,304Nvl_L3_EW,NONE,0.006,0.0
915,32Nvl_L3_EW,NONE,0.006,0.0
915,32Nvl_L1_NS,32NVL_NS,0.007,0.007
915,NvcNvl_L1_NS,NONE,0.035,0.0
915,NvcNvl_L3_EW,NONE,0.009,0.0
915,32Mt_L2_EW,32MT_EW,0.011,0.005
915,NvcMt_L2_EW,NVCMT_EW,0.008,0.002
920,304Nvl_L1_EW,304NVL_EW,0.034,0.034
920,304Nvl_L2_EW,304NVL_EW,0.022,0.022
920,304Nvl_L1_NS,NONE,0.007,0.0
920,32Nvl_L1_NS,32NVL_NS,0.007,0.002
920,32Nvl_L1_EW,32NVL_EW,0.007,-0.003
920,32Nvl_L2_EW,32NVL_EW,0.008,0.004
920,32Nvl_L3_NS,NONE,0.008,0.0
920,32Nvl_L2_NS,32NVL_NS,0.008,0.008
920,NvcNvl_L3_NS,NONE,0.014,0.0
920,NvcNvl_L2_NS,NONE,0.013,0.0
920,NvcNvl_L1_EW,NONE,0.011,0.0
920,NvcNvl_L2_EW,NONE,0.008,0.0
920,NvcNvl_L1_EW,NVCNVL_EW,0.099,0.094
920,NvcNvl_L2_EW,NVCNVL_EW,0.016,0.016
920,NvcNvl_L1_NS,NVCNVL_NS,0.007,0.002
920,32Mt_L1_EW,32MT_EW,0.014,0.009
920,NvcMt_L1_EW,NVCMT_EW,0.006,-0.063
920,NvcCmt8_L2_NS,NONE,0.011,0.0
920,NvcCmt8_L1_NS,NONE,0.008,0.0
920,304Nvl_L3_EW,NONE,0.019,0.0
920,32Nvl_L3_EW,NONE,0.006,0.0
920,32Nvl_L1_NS,32NVL_NS,0.007,0.002
920,NvcNvl_L1_NS,NONE,0.017,0.0
920,NvcNvl_L3_EW,NONE,0.019,0.0
920,32Mt_L2_EW,32MT_EW,0.005,0.0
920,NvcMt_L2_EW,NVCMT_EW,0.008,-0.003
925,304Nvl_L1_EW,304NVL_EW,0.017,0.017
925,304Nvl_L2_EW,304NVL_EW,0.015,0.015
925,32Nvl_L1_EW,32NVL_EW,0.042,0.038
925,32Nvl_L2_EW,32NVL_EW,0.046,0.043
925,NvcNvl_L1_EW,NVCNVL_EW,0.099,0.045
925,NvcNvl_L2_EW,NVCNVL_EW,0.016,0.016
925,32Mt_L1_EW,32MT_EW,0.007,-0.023
925,NvcMt_L1_EW,NVCMT_EW,0.076,0.007
925,304Nvl_L3_EW,NONE,0.013,0.0
925,32Nvl_L3_EW,NONE,0.038,0.0
925,NvcNvl_L3_EW,NONE,0.019,0.0
925,32Mt_L2_EW,32MT_EW,0.005,-0.027
925,NvcMt_L2_EW,NVCMT_EW,0.095,0.084
930,32Nvl_L1_EW,32NVL_EW,0.064,0.059
930,32Nvl_L2_EW,32NVL_EW,0.07,0.066
930,32Nvl_L3_NS,NONE,0.008,0.0
930,32Nvl_L2_NS,32NVL_NS,0.008,0.008
930,NvcNvl_L2_NS,NONE,0.007,0.0
930,NvcNvl_L1_EW,NVCNVL_EW,0.106,0.052
930,NvcNvl_L2_EW,NVCNVL_EW,0.016,0.016
930,32Mt_L1_EW,32MT_EW,0.007,-0.038
930,32Mt_L1_NS,NONE,0.049,0.0
930,NvcMt_L1_EW,NVCMT_EW,0.076,0.002
930,32Nvl_L3_EW,NONE,0.056,0.0
930,32Nvl_L1_NS,32NVL_NS,0.007,0.007
930,NvcNvl_L1_NS,NONE,0.009,0.0
930,NvcNvl_L3_EW,NONE,0.019,0.0
930,32Mt_L2_EW,32MT_EW,0.005,-0.043
930,32Mt_L2_NS,NONE,0.043,0.0
930,NvcMt_L2_EW,NVCMT_EW,0.095,0.084
935,304Nvl_L1_EW,304NVL_EW,0.017,0.017
935,304Nvl_L2_EW,304NVL_EW,0.007,0.007
935,32Nvl_L3_NS,NONE,0.014,0.0
935,32Nvl_L1_NS,32NVL_NS,0.014,0.014
935,32Nvl_L1_EW,32NVL_EW,0.021,0.016
935,32Nvl_L2_EW,32NVL_EW,0.023,0.019
935,NvcNvl_L1_EW,NVCNVL_EW,0.021,0.021
935,NvcNvl_L2_EW,NVCNVL_EW,0.016,0.016
935,32Mt_L1_EW,32MT_EW,0.007,-0.008
935,32Mt_L1_NS,NONE,0.059,0.0
935,304Nvl_L3_EW,NONE,0.006,0.0
935,32Nvl_L2_NS,32NVL_NS,0.013,0.013
935,32Nvl_L3_EW,NONE,0.019,0.0
935,NvcNvl_L3_EW,NONE,0.019,0.0
935,32Mt_L2_EW,32MT_EW,0.005,-0.011
935,32Mt_L2_NS,NONE,0.052,0.0
940,304Nvl_L1_EW,304NVL_EW,0.017,0.017
940,304Nvl_L2_EW,304NVL_EW,0.007,0.007
940,304Nvl_L1_NS,NONE,0.007,0.0
940,32Nvl_L3_NS,NONE,0.007,0.0
940,32Nvl_L1_NS,32NVL_NS,0.007,0.007
940,32Nvl_L1_EW,32NVL_EW,0.007,-0.003
940,32Nvl_L2_EW,32NVL_EW,0.008,0.0
940,NvcNvl_L1_EW,NVCNVL_EW,0.106,0.106
940,NvcNvl_L2_EW,NVCNVL_EW,0.109,0.109
940,32Mt_L1_NS,32MT_NS,0.031,0.031
940,32Mt_L1_EW,NONE,0.014,0.0
940,32Mt_L3_EW,NONE,0.009,0.0
940,32Mt_L1_EW,32MT_EW,0.014,0.009
940,NvcMt_L2_NS,NONE,0.005,0.0
940,304Nvl_L3_EW,NONE,0.006,0.0
940,32Nvl_L2_NS,32NVL_NS,0.007,0.007
940,32Nvl_L3_EW,NONE,0.006,0.0
940,32Nvl_L1_NS,32NVL_NS,0.04,0.04
940,NvcNvl_L3_EW,NONE,0.13,0.0
940,32Mt_L2_EW,NONE,0.015,0.0
940,32Mt_L2_EW,32MT_EW,0.011,0.005
940,NvcMt_L1_NS,NONE,0.005,0.0
945,304Nvl_L1_EW,304NVL_EW,0.017,0.017
945,304Nvl_L2_EW,304NVL_EW,0.007,0.007
945,304Nvl_L1_NS,NONE,0.015,0.0
945,304Nvl_L3_NS,NONE,0.008,0.0
945,32Nvl_L3_NS,NONE,0.007,0.0
945,32Nvl_L1_NS,32NVL_NS,0.007,0.007
945,32Nvl_L1_EW,32NVL_EW,0.007,-0.008
945,32Nvl_L2_EW,32NVL_EW,0.008,0.0
945,NvcNvl_L3_NS,NONE,0.041,0.0
945,NvcNvl_L2_NS,NONE,0.04,0.0
945,NvcNvl_L1_EW,NVCNVL_EW,0.12,0.12
945,NvcNvl_L2_EW,NVCNVL_EW,0.125,0.125
945,32Mt_L1_NS,32MT_NS,0.031,0.031
945,32Mt_L1_EW,NONE,0.014,0.0
945,32Mt_L3_EW,NONE,0.018,0.0
945,32Mt_L1_EW,32MT_EW,0.021,0.016
945,NvcMt_L2_NS,NONE,0.005,0.0
945,304Nvl_L3_EW,NONE,0.006,0.0
945,304Nvl_L2_NS,NONE,0.007,0.0
945,32Nvl_L2_NS,32NVL_NS,0.007,0.007
945,32Nvl_L3_EW,NONE,0.006,0.0
945,32Nvl_L1_NS,32NVL_NS,0.013,0.013
945,NvcNvl_L1_NS,NONE,0.052,0.0
945,NvcNvl_L3_EW,NONE,0.149,0.0
945,32Mt_L2_EW,NONE,0.015,0.0
945,32Mt_L2_EW,32MT_EW,0.011,0.005
945,NvcMt_L1_NS,NONE,0.005,0.0
950,304Nvl_L1_EW,304NVL_EW,0.051,0.051
950,304Nvl_L2_EW,304NVL_EW,0.044,0.044
950,304Nvl_L1_NS,NONE,0.007,0.0
950,32Nvl_L1_EW,32NVL_EW,0.007,-0.012
950,32Nvl_L2_EW,32NVL_EW,0.008,-0.004
950,NvcNvl_L3_NS,NONE,0.034,0.0
950,NvcNvl_L2_NS,NONE,0.04,0.0
950,NvcNvl_L1_EW,NVCNVL_EW,0.106,0.101
950,NvcNvl_L2_EW,NVCNVL_EW,0.117,0.117
950,32Mt_L1_EW,NONE,0.007,0.0
950,32Mt_L3_EW,NONE,0.009,0.0
950,32Mt_L1_EW,32MT_EW,0.028,0.023
950,NvcMt_L1_EW,NVCMT_EW,0.006,-0.068
950,304Nvl_L3_EW,NONE,0.038,0.0
950,32Nvl_L3_EW,NONE,0.006,0.0
950,32Nvl_L1_NS,32NVL_NS,0.007,0.007
950,NvcNvl_L1_NS,NONE,0.052,0.0
950,NvcNvl_L3_EW,NONE,0.14,0.0
950,32Mt_L2_EW,NONE,0.008,0.0
950,32Mt_L2_EW,32MT_EW,0.016,0.011
950,NvcMt_L2_EW,NVCMT_EW,0.008,-0.074
955,304Nvl_L1_EW,304NVL_EW,0.025,0.025
955,304Nvl_L2_EW,304NVL_EW,0.015,0.015
955,304Nvl_L1_NS,NONE,0.007,0.0
955,32Nvl_L1_EW,32NVL_EW,0.007,-0.003
955,32Nvl_L2_EW,32NVL_EW,0.008,0.004
955,NvcNvl_L3_NS,NONE,0.034,0.0
955,NvcNvl_L2_NS,NONE,0.033,0.0
955,NvcNvl_L1_EW,NVCNVL_EW,0.092,0.087
955,NvcNvl_L2_EW,NVCNVL_EW,0.102,0.102
955,32Mt_L1_NS,32MT_NS,0.006,0.006
955,32Mt_L1_EW,NONE,0.007,0.0
955,32Mt_L1_EW,32MT_EW,0.014,0.009
955,32Mt_L1_NS,NONE,0.01,0.0
955,NvcMt_L1_EW,NVCMT_EW,0.006,-0.058
955,304Nvl_L3_EW,NONE,0.013,0.0
955,32Nvl_L3_EW,NONE,0.006,0.0
955,NvcNvl_L1_NS,NONE,0.044,0.0
955,NvcNvl_L3_EW,NONE,0.121,0.0
955,32Mt_L2_EW,32MT_EW,0.005,0.0
955,NvcMt_L2_EW,NVCMT_EW,0.008,-0.063
960,304Nvl_L1_EW,304NVL_EW,0.042,0.042
960,NvcNvl_L1_EW,NVCNVL_EW,0.007,0.003
960,32Mt_L1_NS,32MT_NS,0.013,0.013
960,32Mt_L1_EW,NONE,0.014,0.0
960,NvcMt_L2_NS,NONE,0.005,0.0
960,NvcMt_L1_EW,NVCMT_EW,0.006,0.001
960,32Nvl_L1_NS,32NVL_NS,0.007,0.007
960,NvcMt_L1_NS,NONE,0.005,0.0
960,NvcMt_L2_EW,NVCMT_EW,0.008,0.008
965,304Nvl_L1_EW,304NVL_EW,0.068,0.068
965,304Nvl_L2_EW,304NVL_EW,0.058,0.058
965,304Nvl_L1_NS,NONE,0.007,0.0
965,32Mt_L1_NS,32MT_NS,0.006,0.006
965,32Mt_L1_EW,NONE,0.007,0.0
965,304Nvl_L3_EW,NONE,0.051,0.0
965,32Nvl_L1_NS,32NVL_NS,0.007,0.007
970,304Nvl_L1_EW,304NVL_EW,0.025,0.025
970,304Nvl_L2_EW,304NVL_EW,0.015,0.015
970,304Nvl_L1_NS,NONE,0.007,0.0
970,32Mt_L1_EW,NONE,0.007,0.0
970,32Mt_L1_EW,32MT_EW,0.035,0.035
970,32Mt_L1_NS,NONE,0.049,0.0
970,304Nvl_L3_EW,NONE,0.013,0.0
970,32Nvl_L1_NS,32NVL_NS,0.007,0.007
970,32Mt_L2_EW,32MT_EW,0.027,0.027
970,32Mt_L2_NS,NONE,0.043,0.0
970,NvcMt_L1_EW,NVCMT_EW,0.006,0.006
975,304Nvl_L1_EW,304NVL_EW,0.008,0.008
975,304Nvl_L2_EW,304NVL_EW,0.007,0.007
975,304Nvl_L1_NS,NONE,0.036,0.0
975,32Nvl_L3_NS,NONE,0.007,0.0
975,32Nvl_L1_NS,32NVL_NS,0.014,0.014
975,32Nvl_L1_EW,32NVL_EW,0.042,0.042
975,32Nvl_L2_EW,32NVL_EW,0.046,0.046
975,NvcNvl_L3_NS,NONE,0.007,0.0
975,NvcNvl_L2_NS,NONE,0.007,0.0
975,NvcNvl_L1_EW,NVCNVL_EW,0.007,0.007
975,NvcCmt8_L2_NS,NONE,0.011,0.0
975,NvcCmt8_L1_NS,NONE,0.008,0.0
975,304Nvl_L3_EW,NONE,0.006,0.0
975,32Nvl_L2_NS,32NVL_NS,0.013,0.013
975,32Nvl_L3_EW,NONE,0.038,0.0
975,NvcNvl_L1_NS,NONE,0.009,0.0
980,304Nvl_L1_EW,304NVL_EW,0.102,0.102
980,304Nvl_L2_EW,304NVL_EW,0.087,0.087
980,304Nvl_L1_NS,NONE,0.051,0.0
980,32Nvl_L3_NS,NONE,0.007,0.0
980,32Nvl_L1_NS,32NVL_NS,0.014,0.014
980,32Nvl_L1_EW,32NVL_EW,0.007,0.007
980,32Nvl_L2_EW,32NVL_EW,0.008,0.008
980,NvcNvl_L1_EW,NVCNVL_EW,0.014,0.014
980,NvcNvl_L2_EW,NVCNVL_EW,0.008,0.008
980,32Mt_L1_NS,32MT_NS,0.031,0.031
980,32Mt_L1_EW,NONE,0.036,0.0
980,32Nvl_L2_NS,32NVL_NS,0.013,0.013
980,32Nvl_L3_EW,NONE,0.006,0.0
980,NvcNvl_L3_EW,NONE,0.009,0.0
985,304Nvl_L1_EW,304NVL_EW,0.102,0.102
985,304Nvl_L2_EW,304NVL_EW,0.087,0.087
985,304Nvl_L1_NS,NONE,0.015,0.0
985,32Nvl_L3_NS,NONE,0.014,0.0
985,32Nvl_L1_NS,32NVL_NS,0.021,0.021
985,32Nvl_L3_NS,NONE,0.008,0.0
985,32Nvl_L2_NS,32NVL_NS,0.008,0.008
985,NvcNvl_L3_NS,NONE,0.088,0.0
985,NvcNvl_L2_NS,NONE,0.086,0.0
985,NvcNvl_L1_EW,NVCNVL_EW,0.007,0.007
985,32Mt_L1_EW,NONE,0.014,0.0
985,32Mt_L3_EW,NONE,0.018,0.0
985,NvcMt_L2_NS,NONE,0.005,0.0
985,304Nvl_L3_EW,NONE,0.076,0.0
985,32Nvl_L2_NS,32NVL_NS,0.02,0.02
985,32Nvl_L1_NS,32NVL_NS,0.04,0.04
985,NvcNvl_L1_NS,NONE,0.114,0.0
985,32Mt_L2_EW,NONE,0.015,0.0
985,NvcMt_L1_NS,NONE,0.005,0.0
990,32Nvl_L3_NS,NONE,0.014,0.0
990,32Nvl_L1_NS,32NVL_NS,0.028,0.028
990,32Nvl_L3_NS,NONE,0.017,0.0
990,32Nvl_L2_NS,32NVL_NS,0.016,0.016
990,NvcNvl_L3_NS,NONE,0.02,0.0
990,NvcNvl_L2_NS,NONE,0.02,0.0
990,NvcNvl_L1_EW,NVCNVL_EW,0.007,0.007
990,32Mt_L1_EW,32MT_EW,0.007,0.007
990,32Nvl_L2_NS,32NVL_NS,0.027,0.027
990,32Nvl_L1_NS,32NVL_NS,0.047,0.047
990,NvcNvl_L1_NS,NONE,0.026,0.0
995,304Nvl_L1_EW,304NVL_EW,0.051,0.051
995,304Nvl_L2_EW,304NVL_EW,0.044,0.044
995,304Nvl_L1_NS,NONE,0.088,0.0
995,32Nvl_L3_NS,NONE,0.02,0.0
995,32Nvl_L1_NS,32NVL_NS,0.035,0.035
995,32Nvl_L3_NS,NONE,0.017,0.0
995,32Nvl_L2_NS,32NVL_NS,0.016,0.016
995,NvcNvl_L3_NS,NONE,0.007,0.0
995,NvcNvl_L2_NS,NONE,0.007,0.0
995,NvcNvl_L1_EW,NONE,0.128,0.0
995,NvcNvl_L2_EW,NONE,0.092,0.0
995,32Mt_L1_EW,32MT_EW,0.007,0.007
995,32Mt_L1_NS,NONE,0.059,0.0
995,304Nvl_L3_EW,NONE,0.032,0.0
995,32Nvl_L2_NS,32NVL_NS,0.033,0.033
995,32Nvl_L1_NS,32NVL_NS,0.054,0.054
995,NvcNvl_L1_NS,NONE,0.009,0.0
995,32Mt_L2_EW,32MT_EW,0.005,0.005
995,32Mt_L2_NS,NONE,0.043,0.0
1000,304Nvl_L1_EW,304NVL_EW,0.017,0.017
1000,304Nvl_L2_EW,304NVL_EW,0.015,0.015
1000,32Nvl_L3_NS,NONE,0.02,0.0
1000,32Nvl_L1_NS,32NVL_NS,0.035,0.035
1000,32Nvl_L3_NS,NONE,0.017,0.0
1000,32Nvl_L2_NS,32NVL_NS,0.016,0.016
1000,NvcNvl_L3_NS,NONE,0.007,0.0
1000,NvcNvl_L2_NS,NONE,0.02,0.0
1000,NvcNvl_L1_EW,NONE,0.139,0.0
1000,NvcNvl_L2_EW,NONE,0.008,0.0
1000,NvcNvl_L1_EW,NVCNVL_EW,0.014,0.014
1000,NvcNvl_L2_EW,NVCNVL_EW,0.008,0.008
1000,NvcMt_L2_NS,NONE,0.026,0.0
1000,304Nvl_L3_EW,NONE,0.013,0.0
1000,32Nvl_L2_NS,32NVL_NS,0.033,0.033
1000,32Nvl_L1_NS,32NVL_NS,0.013,0.013
1000,NvcNvl_L1_NS,NONE,0.026,0.0
1000,NvcNvl_L3_EW,NONE,0.009,0.0
1000,NvcMt_L1_NS,NONE,0.027,0.0
1005,32Nvl_L3_NS,NONE,0.02,0.0
1005,32Nvl_L1_NS,32NVL_NS,0.028,0.028
1005,32Nvl_L3_NS,NONE,0.033,0.0
1005,32Nvl_L2_NS,32NVL_NS,0.032,0.032
1005,NvcNvl_L3_NS,NONE,0.014,0.0
1005,NvcNvl_L2_NS,NONE,0.013,0.0
1005,NvcNvl_L1_EW,NVCNVL_EW,0.007,0.003
1005,32Mt_L1_EW,NONE,0.043,0.0
1005,32Mt_L3_EW,NONE,0.009,0.0
1005,NvcMt_L2_NS,NONE,0.037,0.0
1005,NvcMt_L1_EW,NVCMT_EW,0.006,0.001
1005,NvcMt_L1_NS,NVCMT_NS,0.007,0.007
1005,32Nvl_L2_NS,32NVL_NS,0.027,0.027
1005,32Nvl_L1_NS,32NVL_NS,0.027,0.027
1005,NvcNvl_L1_NS,NONE,0.017,0.0
1005,32Mt_L2_EW,NONE,0.008,0.0
1005,NvcMt_L1_NS,NONE,0.038,0.0
1005,NvcMt_L2_NS,NVCMT_NS,0.005,0.005
1010,304Nvl_L1_EW,304NVL_EW,0.042,0.042
1010,304Nvl_L1_NS,NONE,0.007,0.0
1010,32Nvl_L3_NS,NONE,0.014,0.0
1010,32Nvl_L1_NS,32NVL_NS,0.055,0.055
1010,32Nvl_L3_NS,NONE,0.042,0.0
1010,32Nvl_L2_NS,32NVL_NS,0.039,0.039
1010,NvcNvl_L1_EW,NONE,0.011,0.0
1010,NvcNvl_L2_EW,NONE,0.008,0.0
1010,NvcNvl_L1_EW,NVCNVL_EW,0.007,0.003
1010,32Mt_L1_EW,NONE,0.014,0.0
1010,32Mt_L3_EW,NONE,0.018,0.0
1010,32Mt_L1_NS,NONE,0.01,0.0
1010,NvcMt_L2_NS,NONE,0.005,0.0
1010,NvcMt_L1_EW,NVCMT_EW,0.006,0.001
1010,NvcMt_L1_NS,NVCMT_NS,0.007,0.007
1010,32Nvl_L2_NS,32NVL_NS,0.053,0.053
1010,32Nvl_L1_NS,32NVL_NS,0.034,0.034
1010,32Mt_L2_EW,NONE,0.015,0.0
1010,32Mt_L2_NS,NONE,0.009,0.0
1010,NvcMt_L1_NS,NONE,0.005,0.0
1010,NvcMt_L2_EW,NVCMT_EW,0.008,0.008
1010,NvcMt_L2_NS,NVCMT_NS,0.005,0.005
1015,304Nvl_L1_EW,304NVL_EW,0.008,0.008
1015,32Nvl_L3_NS,NONE,0.014,0.0
1015,32Nvl_L1_NS,32NVL_NS,0.055,0.055
1015,32Nvl_L3_NS,NONE,0.033,0.0
1015,32Nvl_L2_NS,32NVL_NS,0.032,0.032
1015,NvcNvl_L1_EW,NVCNVL_EW,0.014,0.005
1015,NvcNvl_L2_EW,NVCNVL_EW,0.008,0.008
1015,32Mt_L1_EW,NONE,0.014,0.0
1015,32Mt_L3_EW,NONE,0.018,0.0
1015,32Mt_L1_EW,32MT_EW,0.007,0.007
1015,NvcMt_L1_EW,NVCMT_EW,0.013,0.003
1015,32Nvl_L2_NS,32NVL_NS,0.053,0.053
1015,32Nvl_L1_NS,32NVL_NS,0.027,0.027
1015,NvcNvl_L3_EW,NONE,0.009,0.0
1015,32Mt_L2_EW,NONE,0.015,0.0
1015,NvcMt_L2_EW,NVCMT_EW,0.016,0.01
1020,304Nvl_L1_EW,304NVL_EW,0.008,0.008
1020,32Nvl_L3_NS,NONE,0.007,0.0
1020,32Nvl_L1_NS,32NVL_NS,0.021,0.021
1020,32Nvl_L1_EW,32NVL_EW,0.007,-0.003
1020,32Nvl_L2_EW,32NVL_EW,0.008,0.004
1020,NvcNvl_L1_EW,NONE,0.011,0.0
1020,NvcNvl_L2_EW,NONE,0.008,0.0
1020,NvcNvl_L1_EW,NVCNVL_EW,0.014,0.01
1020,NvcNvl_L2_EW,NVCNVL_EW,0.008,0.008
1020,32Mt_L1_NS,32MT_NS,0.006,0.006
1020,32Mt_L1_EW,32MT_EW,0.014,0.009
1020,NvcMt_L1_EW,NVCMT_EW,0.006,-0.004
1020,32Nvl_L2_NS,32NVL_NS,0.013,0.013
1020,32Nvl_L3_EW,NONE,0.006,0.0
1020,32Nvl_L1_NS,32NVL_NS,0.02,0.02
1020,NvcNvl_L3_EW,NONE,0.006,0.0
1020,NvcNvl_L3_EW,NONE,0.009,0.0
1020,32Mt_L2_EW,32MT_EW,0.005,0.0
1020,NvcMt_L2_EW,NVCMT_EW,0.008,0.002
1025,304Nvl_L1_EW,304NVL_EW,0.051,0.051
1025,304Nvl_L2_EW,304NVL_EW,0.044,0.044
1025,32Nvl_L1_NS,32NVL_NS,0.083,0.083
1025,32Nvl_L1_EW,32NVL_EW,0.007,-0.017
1025,32Nvl_L2_EW,32NVL_EW,0.008,0.0
1025,NvcNvl_L3_NS,NONE,0.007,0.0
1025,NvcNvl_L2_NS,NONE,0.007,0.0
1025,32Mt_L1_EW,NONE,0.007,0.0
1025,32Mt_L3_EW,NONE,0.009,0.0
1025,32Mt_L1_EW,32MT_EW,0.035,0.03
1025,NvcMt_L1_EW,NVCMT_EW,0.006,0.006
1025,304Nvl_L3_EW,NONE,0.038,0.0
1025,32Nvl_L2_NS,32NVL_NS,0.08,0.08
1025,32Nvl_L3_EW,NONE,0.006,0.0
1025,32Nvl_L1_NS,32NVL_NS,0.02,0.02
1025,NvcNvl_L1_NS,NONE,0.009,0.0
1025,32Mt_L2_EW,NONE,0.008,0.0
1025,32Mt_L2_EW,32MT_EW,0.011,0.005
1025,NvcMt_L2_EW,NVCMT_EW,0.016,0.016
1030,304Nvl_L1_EW,304NVL_EW,0.051,0.051
1030,304Nvl_L2_EW,304NVL_EW,0.044,0.044
1030,32Nvl_L1_NS,32NVL_NS,0.014,0.014
1030,32Nvl_L1_EW,32NVL_EW,0.007,-0.017
1030,32Nvl_L2_EW,32NVL_EW,0.008,-0.008
1030,NvcNvl_L3_NS,NONE,0.02,0.0
1030,NvcNvl_L2_NS,NONE,0.02,0.0
1030,NvcNvl_L1_EW,NVCNVL_EW,0.007,0.007
1030,NvcNvl_L2_EW,NVCNVL_EW,0.008,0.008
1030,32Mt_L1_EW,32MT_EW,0.035,0.03
1030,32Mt_L1_NS,NONE,0.059,0.0
1030,304Nvl_L3_EW,NONE,0.038,0.0
1030,32Nvl_L3_EW,NONE,0.006,0.0
1030,32Nvl_L1_NS,32NVL_NS,0.013,0.013
1030,NvcNvl_L1_NS,NONE,0.026,0.0
1030,NvcNvl_L3_EW,NONE,0.009,0.0
1030,32Mt_L2_EW,32MT_EW,0.022,0.016
1030,32Mt_L2_NS,NONE,0.052,0.0
1035,304Nvl_L1_NS,304NVL_NS,0.009,-0.001
1035,304Nvl_L3_NS,NONE,0.007,0.0
1035,32Nvl_L3_NS,NONE,0.007,0.0
1035,32Nvl_L1_NS,32NVL_NS,0.014,0.008
1035,32Nvl_L1_EW,32NVL_EW,0.007,-0.012
1035,32Nvl_L2_EW,32NVL_EW,0.008,-0.004
1035,NvcNvl_L3_NS,NONE,0.007,0.0
1035,NvcNvl_L2_NS,NONE,0.007,0.0
1035,32Mt_L1_EW,32MT_EW,0.028,0.023
1035,32Mt_L1_NS,NONE,0.01,0.0
1035,NvcMt_L1_EW,NVCMT_EW,0.006,0.006
1035,304Nvl_L2_NS,304NVL_NS,0.008,0.008
1035,32Nvl_L2_NS,32NVL_NS,0.007,0.001
1035,32Nvl_L3_EW,NONE,0.006,0.0
1035,32Nvl_L1_NS,32NVL_NS,0.087,0.081
1035,NvcNvl_L1_NS,NONE,0.009,0.0
1035,32Mt_L2_EW,32MT_EW,0.016,0.011
1035,32Mt_L2_NS,NONE,0.009,0.0
1035,NvcMt_L2_EW,NVCMT_EW,0.008,0.008
1040,304Nvl_L1_NS,304NVL_NS,0.009,0.009
1040,304Nvl_L3_NS,NONE,0.007,0.0
1040,304Nvl_L1_EW,304NVL_EW,0.008,0.008
1040,304Nvl_L2_EW,304NVL_EW,0.007,0.007
1040,32Nvl_L1_EW,32NVL_EW,0.042,0.003
1040,32Nvl_L2_EW,32NVL_EW,0.046,0.039
1040,32Nvl_L3_NS,NONE,0.017,0.0
1040,32Nvl_L2_NS,32NVL_NS,0.016,0.01
1040,NvcNvl_L3_NS,NONE,0.014,0.0
1040,NvcNvl_L2_NS,NONE,0.013,0.0
1040,NvcNvl_L1_EW,NONE,0.011,0.0
1040,NvcNvl_L2_EW,NONE,0.008,0.0
1040,32Mt_L1_NS,32MT_NS,0.006,0.006
1040,32Mt_L1_EW,NONE,0.007,0.0
1040,32Mt_L3_EW,NONE,0.009,0.0
1040,32Mt_L1_EW,32MT_EW,0.056,0.026
1040,304Nvl_L2_NS,304NVL_NS,0.008,-0.003
1040,304Nvl_L3_EW,NONE,0.006,0.0
1040,32Nvl_L3_EW,NONE,0.038,0.0
1040,32Nvl_L1_NS,32NVL_NS,0.094,0.088
1040,NvcNvl_L1_NS,NONE,0.017,0.0
1040,32Mt_L2_EW,NONE,0.008,0.0
1040,32Mt_L2_EW,32MT_EW,0.011,-0.022
1045,304Nvl_L1_NS,304NVL_NS,0.054,0.054
1045,304Nvl_L3_NS,NONE,0.007,0.0
1045,304Nvl_L1_EW,304NVL_EW,0.008,0.008
1045,32Nvl_L1_EW,32NVL_EW,0.057,0.013
1045,32Nvl_L2_EW,32NVL_EW,0.062,0.05
1045,NvcNvl_L3_NS,NONE,0.007,0.0
1045,NvcNvl_L2_NS,NONE,0.007,0.0
1045,NvcNvl_L1_EW,NONE,0.011,0.0
1045,NvcNvl_L1_EW,NVCNVL_EW,0.007,-0.002
1045,32Mt_L1_NS,32MT_NS,0.006,0.006
1045,32Mt_L1_EW,NONE,0.007,0.0
1045,32Mt_L3_EW,NONE,0.009,0.0
1045,32Mt_L1_EW,32MT_EW,0.063,0.023
1045,NvcMt_L1_EW,NVCMT_EW,0.013,0.008
1045,304Nvl_L2_NS,304NVL_NS,0.008,0.008
1045,32Nvl_L3_EW,NONE,0.05,0.0
1045,NvcNvl_L1_NS,NONE,0.009,0.0
1045,32Mt_L2_EW,NONE,0.008,0.0
1045,32Mt_L2_EW,32MT_EW,0.016,-0.027
1045,NvcMt_L2_EW,NVCMT_EW,0.016,0.016
1050,304Nvl_L1_NS,304NVL_NS,0.054,0.049
1050,304Nvl_L3_NS,NONE,0.007,0.0
1050,304Nvl_L1_NS,NONE,0.007,0.0
1050,32Nvl_L1_NS,32NVL_NS,0.007,-0.031
1050,32Nvl_L1_EW,32NVL_EW,0.014,-0.03
1050,32Nvl_L2_EW,32NVL_EW,0.015,-0.011
1050,32Nvl_L3_NS,NONE,0.058,0.0
1050,32Nvl_L2_NS,32NVL_NS,0.055,0.05
1050,NvcNvl_L3_NS,NONE,0.007,0.0
1050,NvcNvl_L2_NS,NONE,0.007,0.0
1050,NvcNvl_L1_EW,NONE,0.021,0.0
1050,NvcNvl_L2_EW,NONE,0.015,0.0
1050,32Mt_L1_EW,32MT_EW,0.063,0.053
1050,NvcMt_L1_EW,NVCMT_EW,0.013,0.013
1050,304Nvl_L2_NS,304NVL_NS,0.008,-0.031
1050,32Nvl_L3_EW,NONE,0.013,0.0
1050,32Nvl_L1_NS,32NVL_NS,0.081,0.043
1050,NvcNvl_L1_NS,NONE,0.009,0.0
1050,NvcNvl_L3_EW,NONE,0.006,0.0
1050,32Mt_L2_EW,32MT_EW,0.038,0.027
1050,NvcMt_L2_EW,NVCMT_EW,0.016,0.016
1055,304Nvl_L1_NS,304NVL_NS,0.054,0.054
1055,304Nvl_L3_NS,NONE,0.007,0.0
1055,304Nvl_L1_EW,304NVL_EW,0.102,0.102
1055,304Nvl_L2_EW,304NVL_EW,0.087,0.087
1055,32Nvl_L1_EW,32NVL_EW,0.014,-0.035
1055,32Nvl_L2_EW,32NVL_EW,0.015,-0.011
1055,32Nvl_L3_NS,NONE,0.058,0.0
1055,32Nvl_L2_NS,32NVL_NS,0.055,0.05
1055,NvcNvl_L1_EW,NONE,0.011,0.0
1055,NvcNvl_L2_EW,NONE,0.008,0.0
1055,NvcNvl_L1_EW,NVCNVL_EW,0.007,-0.002
1055,32Mt_L1_EW,32MT_EW,0.07,0.06
1055,NvcMt_L1_EW,NVCMT_EW,0.013,0.008
1055,304Nvl_L2_NS,304NVL_NS,0.008,-0.031
1055,32Nvl_L3_EW,NONE,0.013,0.0
1055,32Nvl_L1_NS,32NVL_NS,0.081,0.043
1055,NvcNvl_L3_EW,NONE,0.006,0.0
1055,32Mt_L2_EW,32MT_EW,0.038,0.027
1055,NvcMt_L2_EW,NVCMT_EW,0.016,0.016
1060,304Nvl_L1_NS,304NVL_NS,0.009,0.004
1060,304Nvl_L3_NS,NONE,0.007,0.0
1060,304Nvl_L1_EW,304NVL_EW,0.127,0.127
1060,304Nvl_L2_EW,304NVL_EW,0.109,0.109
1060,304Nvl_L1_NS,NONE,0.007,0.0
1060,304Nvl_L3_NS,NONE,0.008,0.0
1060,32Nvl_L1_NS,32NVL_NS,0.007,0.001
1060,32Nvl_L1_EW,32NVL_EW,0.014,-0.033
1060,32Nvl_L2_EW,32NVL_EW,0.015,-0.025
1060,32Nvl_L3_NS,NONE,0.008,0.0
1060,32Nvl_L2_NS,32NVL_NS,0.008,0.003
1060,NvcNvl_L1_EW,NVCNVL_EW,0.007,-0.006
1060,32Mt_L1_EW,NONE,0.007,0.0
1060,32Mt_L3_EW,NONE,0.009,0.0
1060,32Mt_L1_EW,32MT_EW,0.028,0.018
1060,NvcMt_L1_EW,NVCMT_EW,0.019,0.014
1060,32Thn_L1_EW,32THN_EW,0.04,0.03
1060,32Thn_L2_EW,32THN_EW,0.042,0.031
1060,304Nvl_L2_NS,304NVL_NS,0.008,0.002
1060,304Nvl_L3_EW,NONE,0.095,0.0
1060,304Nvl_L2_NS,NONE,0.007,0.0
1060,32Nvl_L3_EW,NONE,0.013,0.0
1060,32Nvl_L1_NS,32NVL_NS,0.007,0.0
1060,32Mt_L2_EW,NONE,0.008,0.0
1060,32Mt_L2_EW,32MT_EW,0.016,0.006
1060,NvcMt_L2_EW,NVCMT_EW,0.024,0.024
1065,304Nvl_L1_NS,304NVL_NS,0.009,-0.02
1065,304Nvl_L3_NS,NONE,0.007,0.0
1065,304Nvl_L1_EW,304NVL_EW,0.034,0.034
1065,304Nvl_L2_EW,304NVL_EW,0.029,0.029
1065,304Nvl_L1_NS,NONE,0.007,0.0
1065,304Nvl_L3_NS,NONE,0.008,0.0
1065,32Nvl_L1_NS,32NVL_NS,0.042,0.035
1065,32Nvl_L1_EW,32NVL_EW,0.014,-0.01
1065,32Nvl_L2_EW,32NVL_EW,0.015,0.0
1065,32Mt_L1_EW,NONE,0.007,0.0
1065,32Mt_L3_EW,NONE,0.009,0.0
1065,32Mt_L1_EW,32MT_EW,0.035,0.025
1065,NvcMt_L1_EW,NVCMT_EW,0.006,0.006
1065,32Thn_L1_EW,NONE,0.049,0.0
1065,304Nvl_L2_NS,304NVL_NS,0.008,0.008
1065,304Nvl_L3_EW,NONE,0.025,0.0
1065,304Nvl_L2_NS,NONE,0.007,0.0
1065,32Nvl_L3_EW,NONE,0.013,0.0
1065,32Mt_L2_EW,NONE,0.008,0.0
1065,32Mt_L2_EW,32MT_EW,0.022,0.011
1065,NvcMt_L2_EW,NVCMT_EW,0.008,0.008
1070,304Nvl_L1_NS,304NVL_NS,0.009,0.004
1070,304Nvl_L3_NS,NONE,0.007,0.0
1070,304Nvl_L1_EW,304NVL_EW,0.034,0.034
1070,304Nvl_L2_EW,304NVL_EW,0.022,0.022
1070,304Nvl_L1_NS,NONE,0.088,0.0
1070,32Nvl_L1_NS,32NVL_NS,0.007,0.001
1070,32Nvl_L1_EW,32NVL_EW,0.014,0.004
1070,32Nvl_L2_EW,32NVL_EW,0.015,0.012
1070,32Nvl_L3_NS,NONE,0.042,0.0
1070,32Nvl_L2_NS,32NVL_NS,0.039,0.034
1070,32Mt_L1_NS,32MT_NS,0.006,0.006
1070,32Mt_L1_EW,NONE,0.007,0.0
1070,32Mt_L3_EW,NONE,0.009,0.0
1070,32Mt_L1_EW,32MT_EW,0.014,0.004
1070,NvcCmt8_L2_EW,NONE,0.007,0.0
1070,304Nvl_L2_NS,304NVL_NS,0.008,-0.02
1070,304Nvl_L3_EW,NONE,0.019,0.0
1070,32Nvl_L3_EW,NONE,0.013,0.0
1070,32Nvl_L1_NS,32NVL_NS,0.034,0.027
1070,32Mt_L2_NS,32MT_NS,0.006,0.006
1070,32Mt_L2_EW,NONE,0.008,0.0
1070,32Mt_L2_EW,32MT_EW,0.005,-0.005
1070,NvcCmt8_L1_EW,NONE,0.006,0.0
1075,304Nvl_L1_NS,304NVL_NS,0.009,0.004
1075,304Nvl_L3_NS,NONE,0.007,0.0
1075,304Nvl_L1_EW,304NVL_EW,0.017,0.017
1075,304Nvl_L2_EW,304NVL_EW,0.015,0.015
1075,304Nvl_L1_EW,NONE,0.008,0.0
1075,304Nvl_L1_NS,NONE,0.022,0.0
1075,304Nvl_L3_NS,NONE,0.008,0.0
1075,32Nvl_L1_NS,32NVL_NS,0.007,0.001
1075,32Nvl_L1_EW,32NVL_EW,0.014,0.009
1075,32Nvl_L2_EW,32NVL_EW,0.015,0.012
1075,32Nvl_L3_NS,NONE,0.008,0.0
1075,32Nvl_L2_NS,32NVL_NS,0.008,0.003
1075,32Mt_L1_NS,32MT_NS,0.013,0.013
1075,32Mt_L1_EW,NONE,0.007,0.0
1075,32Mt_L1_EW,32MT_EW,0.007,-0.003
1075,304Nvl_L2_NS,304NVL_NS,0.008,0.002
1075,304Nvl_L3_EW,NONE,0.006,0.0
1075,304Nvl_L2_NS,NONE,0.007,0.0
1075,32Nvl_L2_NS,32NVL_NS,0.007,0.001
1075,32Nvl_L3_EW,NONE,0.013,0.0
1075,32Nvl_L1_NS,32NVL_NS,0.007,0.0
1075,32Mt_L2_NS,32MT_NS,0.006,0.006
1075,32Mt_L2_EW,32MT_EW,0.005,-0.005
1080,304Nvl_L1_NS,304NVL_NS,0.009,0.009
1080,304Nvl_L3_NS,NONE,0.007,0.0
1080,304Nvl_L1_EW,304NVL_EW,0.008,0.008
1080,304Nvl_L1_NS,NONE,0.022,0.0
1080,32Nvl_L1_EW,32NVL_EW,0.021,0.021
1080,32Nvl_L2_EW,32NVL_EW,0.023,0.023
1080,32Nvl_L3_NS,NONE,0.008,0.0
1080,32Nvl_L2_NS,32NVL_NS,0.008,0.003
1080,NvcNvl_L3_NS,NONE,0.007,0.0
1080,NvcNvl_L2_NS,NONE,0.007,0.0
1080,NvcNvl_L1_EW,NONE,0.011,0.0
1080,NvcNvl_L2_EW,NONE,0.008,0.0
1080,32Mt_L1_NS,32MT_NS,0.019,0.019
1080,32Mt_L1_EW,NONE,0.007,0.0
1080,304Nvl_L2_NS,304NVL_NS,0.008,0.002
1080,32Nvl_L3_EW,NONE,0.019,0.0
1080,32Nvl_L1_NS,32NVL_NS,0.013,0.007
1080,NvcNvl_L1_NS,NONE,0.009,0.0
1080,NvcNvl_L3_EW,NONE,0.006,0.0
1080,32Mt_L2_NS,32MT_NS,0.013,0.013
1080,NvcCmt8_L1_EW,NVCCMT8_EW,0.008,0.008
1085,304Nvl_L1_NS,304NVL_NS,0.009,0.009
1085,304Nvl_L3_NS,NONE,0.007,0.0
1085,304Nvl_L1_EW,304NVL_EW,0.025,0.025
1085,304Nvl_L2_EW,304NVL_EW,0.007,0.007
1085,32Nvl_L1_EW,32NVL_EW,0.028,0.028
1085,32Nvl_L2_EW,32NVL_EW,0.031,0.031
1085,NvcNvl_L3_NS,NONE,0.014,0.0
1085,NvcNvl_L2_NS,NONE,0.013,0.0
1085,32Mt_L1_NS,32MT_NS,0.019,0.019
1085,304Nvl_L2_NS,304NVL_NS,0.008,0.008
1085,304Nvl_L3_EW,NONE,0.006,0.0
1085,32Nvl_L3_EW,NONE,0.025,0.0
1085,NvcNvl_L1_NS,NONE,0.017,0.0
1085,32Mt_L2_NS,32MT_NS,0.006,0.006
1090,304Nvl_L1_NS,304NVL_NS,0.009,0.004
1090,304Nvl_L3_NS,NONE,0.007,0.0
1090,304Nvl_L1_NS,NONE,0.007,0.0
1090,304Nvl_L3_NS,NONE,0.008,0.0
1090,32Nvl_L1_NS,32NVL_NS,0.007,0.001
1090,32Nvl_L1_EW,32NVL_EW,0.028,0.028
1090,32Nvl_L2_EW,32NVL_EW,0.031,0.031
1090,NvcNvl_L3_NS,NONE,0.007,0.0
1090,NvcNvl_L2_NS,NONE,0.007,0.0
1090,32Mt_L1_NS,32MT_NS,0.006,0.006
1090,32Mt_L1_NS,NONE,0.02,0.0
1090,304Nvl_L2_NS,304NVL_NS,0.008,0.008
1090,304Nvl_L2_NS,NONE,0.007,0.0
1090,32Nvl_L3_EW,NONE,0.025,0.0
1090,NvcNvl_L1_NS,NONE,0.009,0.0
1090,32Mt_L2_NS,32MT_NS,0.006,0.006
1090,32Mt_L2_NS,NONE,0.009,0.0
1095,304Nvl_L1_NS,304NVL_NS,0.009,0.009
1095,304Nvl_L3_NS,NONE,0.007,0.0
1095,304Nvl_L1_NS,NONE,0.007,0.0
1095,32Nvl_L1_EW,32NVL_EW,0.028,0.023
1095,32Nvl_L2_EW,32NVL_EW,0.031,0.027
1095,NvcNvl_L3_NS,NONE,0.007,0.0
1095,NvcNvl_L2_NS,NONE,0.007,0.0
1095,NvcNvl_L1_EW,NONE,0.011,0.0
1095,NvcNvl_L2_EW,NONE,0.008,0.0
1095,NvcNvl_L1_EW,NVCNVL_EW,0.007,0.003
1095,32Mt_L1_NS,32MT_NS,0.006,0.006
1095,32Mt_L1_EW,32MT_EW,0.007,-0.013
1095,NvcMt_L1_EW,NVCMT_EW,0.006,0.001
1095,304Nvl_L2_NS,304NVL_NS,0.008,0.008
1095,32Nvl_L3_EW,NONE,0.025,0.0
1095,NvcNvl_L1_NS,NONE,0.009,0.0
1095,32Mt_L2_EW,32MT_EW,0.005,-0.016
1095,NvcMt_L2_EW,NVCMT_EW,0.008,0.008
1100,304Nvl_L1_NS,304NVL_NS,0.009,0.009
1100,304Nvl_L3_NS,NONE,0.007,0.0
1100,304Nvl_L1_EW,304NVL_EW,0.008,0.008
1100,304Nvl_L1_NS,NONE,0.044,0.0
1100,304Nvl_L3_NS,NONE,0.048,0.0
1100,32Nvl_L1_EW,32NVL_EW,0.028,0.028
1100,32Nvl_L2_EW,32NVL_EW,0.031,0.031
1100,NvcNvl_L1_EW,NONE,0.011,0.0
1100,NvcNvl_L2_EW,NONE,0.008,0.0
1100,32Mt_L1_NS,32MT_NS,0.006,0.006
1100,32Mt_L1_NS,NONE,0.01,0.0
1100,NvcCmt8_L2_EW,NVCCMT8_EW,0.005,0.005
1100,304Nvl_L2_NS,304NVL_NS,0.008,0.008
1100,304Nvl_L2_NS,NONE,0.044,0.0
1100,32Nvl_L3_EW,NONE,0.025,0.0
1100,NvcCmt8_L1_EW,NVCCMT8_EW,0.008,0.008
1105,304Nvl_L1_NS,304NVL_NS,0.009,-0.059
1105,304Nvl_L3_NS,NONE,0.007,0.0
1105,304Nvl_L1_NS,NONE,0.007,0.0
1105,304Nvl_L3_NS,NONE,0.008,0.0
1105,32Nvl_L3_NS,NONE,0.095,0.0
1105,32Nvl_L1_NS,32NVL_NS,0.097,0.091
1105,32Nvl_L1_EW,32NVL_EW,0.064,0.064
1105,32Nvl_L2_EW,32NVL_EW,0.07,0.07
1105,32Mt_L1_NS,32MT_NS,0.013,0.013
1105,304Nvl_L2_NS,304NVL_NS,0.008,0.008
1105,304Nvl_L2_NS,NONE,0.007,0.0
1105,32Nvl_L2_NS,32NVL_NS,0.093,0.088
1105,32Nvl_L3_EW,NONE,0.056,0.0
1105,NvcCmt8_L1_EW,NONE,0.006,0.0
1110,304Nvl_L1_NS,304NVL_NS,0.009,-0.073
1110,304Nvl_L3_NS,NONE,0.007,0.0
1110,32Nvl_L3_NS,NONE,0.027,0.0
1110,32Nvl_L1_NS,32NVL_NS,0.118,0.111
1110,32Nvl_L1_EW,32NVL_EW,0.035,0.035
1110,32Nvl_L2_EW,32NVL_EW,0.046,0.046
1110,NvcNvl_L1_EW,NONE,0.011,0.0
1110,NvcNvl_L2_EW,NONE,0.008,0.0
1110,NvcNvl_L1_EW,NVCNVL_EW,0.007,0.007
1110,NvcNvl_L2_EW,NVCNVL_EW,0.008,0.008
1110,32Mt_L1_NS,32MT_NS,0.006,0.006
1110,304Nvl_L2_NS,304NVL_NS,0.008,0.008
1110,32Nvl_L2_NS,32NVL_NS,0.113,0.108
1110,32Nvl_L3_EW,NONE,0.038,0.0
1110,NvcNvl_L3_EW,NONE,0.006,0.0
1110,NvcNvl_L3_EW,NONE,0.009,0.0
1115,304Nvl_L1_NS,304NVL_NS,0.009,-0.073
1115,304Nvl_L3_NS,NONE,0.007,0.0
1115,304Nvl_L1_EW,304NVL_EW,0.042,0.042
1115,304Nvl_L1_NS,NONE,0.007,0.0
1115,304Nvl_L3_NS,NONE,0.008,0.0
1115,32Nvl_L3_NS,NONE,0.027,0.0
1115,32Nvl_L1_NS,32NVL_NS,0.118,0.111
1115,32Nvl_L1_EW,32NVL_EW,0.034,0.029
1115,32Nvl_L2_EW,32NVL_EW,0.037,0.034
1115,32Nvl_L3_NS,NONE,0.1,0.0
1115,32Nvl_L2_NS,32NVL_NS,0.095,0.089
1115,32Mt_L1_NS,32MT_NS,0.006,0.006
1115,32Mt_L1_EW,32MT_EW,0.007,0.007
1115,304Nvl_L2_NS,304NVL_NS,0.008,-0.059
1115,304Nvl_L2_NS,NONE,0.007,0.0
1115,32Nvl_L2_NS,32NVL_NS,0.113,0.108
1115,32Nvl_L3_EW,NONE,0.031,0.0
1115,32Nvl_L1_NS,32NVL_NS,0.087,0.081
1115,32Mt_L2_EW,32MT_EW,0.005,0.005
1120,304Nvl_L1_NS,304NVL_NS,0.009,-0.073
1120,304Nvl_L3_NS,NONE,0.007,0.0
1120,32Nvl_L3_NS,NONE,0.034,0.0
1120,32Nvl_L1_NS,32NVL_NS,0.118,0.111
1120,32Nvl_L3_NS,NONE,0.142,0.0
1120,32Nvl_L2_NS,32NVL_NS,0.134,0.129
1120,NvcNvl_L2_NS,NONE,0.033,0.0
1120,NvcNvl_L1_EW,NVCNVL_EW,0.007,0.007
1120,304Nvl_L2_NS,304NVL_NS,0.008,-0.086
1120,32Nvl_L2_NS,32NVL_NS,0.113,0.108
1120,32Nvl_L1_NS,32NVL_NS,0.161,0.155
1120,NvcNvl_L1_NS,NONE,0.044,0.0
1125,304Nvl_L1_EW,304NVL_EW,0.008,0.008
1125,32Nvl_L3_NS,NONE,0.014,0.0
1125,32Nvl_L1_NS,32NVL_NS,0.021,0.021
1125,32Nvl_L3_NS,NONE,0.192,0.0
1125,32Nvl_L2_NS,32NVL_NS,0.182,0.182
1125,NvcNvl_L3_NS,NONE,0.048,0.0
1125,NvcNvl_L2_NS,NONE,0.046,0.0
1125,NvcNvl_L1_EW,NVCNVL_EW,0.007,0.007
1125,NvcNvl_L2_EW,NVCNVL_EW,0.008,0.008
1125,32Mt_L1_NS,32MT_NS,0.006,0.006
1125,32Mt_L1_EW,32MT_EW,0.007,0.007
1125,NvcMt_L2_NS,NONE,0.005,0.0
1125,32Nvl_L2_NS,32NVL_NS,0.02,0.02
1125,32Nvl_L1_NS,32NVL_NS,0.195,0.195
1125,NvcNvl_L1_NS,NONE,0.061,0.0
1125,NvcNvl_L3_EW,NONE,0.009,0.0
1125,32Mt_L2_EW,32MT_EW,0.005,0.005
1125,NvcMt_L1_NS,NONE,0.005,0.0
1130,304Nvl_L1_EW,304NVL_EW,0.008,0.008
1130,32Nvl_L3_NS,NONE,0.092,0.0
1130,32Nvl_L2_NS,32NVL_NS,0.087,0.087
1130,NvcNvl_L1_EW,NVCNVL_EW,0.014,0.014
1130,NvcNvl_L2_EW,NVCNVL_EW,0.016,0.016
1130,32Mt_L1_NS,32MT_NS,0.006,0.006
1130,32Mt_L1_EW,32MT_EW,0.007,0.007
1130,NvcCmt8_L2_EW,NONE,0.007,0.0
1130,32Nvl_L1_NS,32NVL_NS,0.114,0.114
1130,NvcNvl_L3_EW,NONE,0.019,0.0
1130,32Mt_L2_EW,32MT_EW,0.005,0.005
1130,NvcCmt8_L1_EW,NONE,0.006,0.0
1135,304Nvl_L1_NS,NONE,0.007,0.0
1135,NvcNvl_L1_EW,NVCNVL_EW,0.021,0.021
1135,NvcNvl_L2_EW,NVCNVL_EW,0.023,0.023
1135,32Mt_L1_EW,NONE,0.007,0.0
1135,32Mt_L3_EW,NONE,0.009,0.0
1135,32Mt_L1_EW,32MT_EW,0.007,0.007
1135,NvcMt_L2_NS,NONE,0.016,0.0
1135,32Nvl_L1_NS,32NVL_NS,0.007,0.007
1135,NvcNvl_L3_EW,NONE,0.028,0.0
1135,32Mt_L2_EW,NONE,0.008,0.0
1135,32Mt_L2_EW,32MT_EW,0.005,0.005
1135,NvcMt_L1_NS,NONE,0.016,0.0
1140,304Thn_L1_EW,NONE,0.007,0.0
1140,304Nvl_L1_NS,304NVL_NS,0.009,-0.015
1140,304Nvl_L3_NS,NONE,0.007,0.0
1140,304Nvl_L1_EW,304NVL_EW,0.042,0.042
1140,304Nvl_L2_EW,304NVL_EW,0.036,0.036
1140,32Nvl_L1_NS,32NVL_NS,0.035,0.028
1140,32Nvl_L3_NS,NONE,0.008,0.0
1140,32Nvl_L2_NS,32NVL_NS,0.008,0.003
1140,NvcNvl_L1_EW,NVCNVL_EW,0.056,0.056
1140,NvcNvl_L2_EW,NVCNVL_EW,0.023,0.023
1140,32Mt_L1_EW,32MT_EW,0.007,0.007
1140,NvcMt_L2_NS,NONE,0.005,0.0
1140,NvcCmt8_L2_EW,NVCCMT8_EW,0.005,0.005
1140,304Nvl_L2_NS,304NVL_NS,0.008,0.002
1140,304Nvl_L3_EW,NONE,0.032,0.0
1140,32Nvl_L1_NS,32NVL_NS,0.02,0.014
1140,NvcNvl_L3_EW,NONE,0.028,0.0
1140,32Mt_L2_EW,32MT_EW,0.005,0.005
1140,NvcMt_L1_NS,NONE,0.005,0.0
1140,NvcCmt8_L1_EW,NVCCMT8_EW,0.008,0.008
1145,304Thn_L1_EW,NONE,0.007,0.0
1145,304Thn_L2_EW,NONE,0.008,0.0
1145,304Nvl_L1_NS,304NVL_NS,0.009,0.009
1145,304Nvl_L3_NS,NONE,0.007,0.0
1145,304Nvl_L1_EW,304NVL_EW,0.102,0.102
1145,304Nvl_L2_EW,304NVL_EW,0.087,0.087
1145,NvcNvl_L1_EW,NVCNVL_EW,0.084,0.084
1145,NvcNvl_L2_EW,NVCNVL_EW,0.055,0.055
1145,32Mt_L1_EW,32MT_EW,0.021,0.021
1145,NvcCmt8_L2_EW,NVCCMT8_EW,0.005,0.005
1145,304Nvl_L2_NS,304NVL_NS,0.008,0.008
1145,304Nvl_L3_EW,NONE,0.076,0.0
1145,32Nvl_L1_NS,32NVL_NS,0.013,0.007
1145,NvcNvl_L3_EW,NONE,0.065,0.0
1145,32Mt_L2_EW,32MT_EW,0.011,0.011
1145,NvcCmt8_L1_EW,NVCCMT8_EW,0.008,0.008
1145,304Thn_L3_EW,NONE,0.008,0.0
1150,304Thn_L1_EW,304THN_EW,0.008,-0.01
1150,304Nvl_L1_NS,304NVL_NS,0.009,0.004
1150,304Nvl_L3_NS,NONE,0.007,0.0
1150,304Nvl_L1_EW,304NVL_EW,0.025,0.02
1150,304Nvl_L2_EW,304NVL_EW,0.022,0.022
1150,32Nvl_L1_NS,32NVL_NS,0.007,0.001
1150,32Nvl_L1_EW,32NVL_EW,0.035,0.021
1150,32Nvl_L2_EW,32NVL_EW,0.039,0.027
1150,NvcNvl_L1_EW,NVCNVL_EW,0.084,0.084
1150,NvcNvl_L2_EW,NVCNVL_EW,0.055,0.055
1150,32Mt_L1_EW,NONE,0.014,0.0
1150,32Mt_L3_EW,NONE,0.009,0.0
1150,32Mt_L1_EW,32MT_EW,0.021,-0.004
1150,NvcCmt8_L2_EW,NVCCMT8_EW,0.005,0.005
1150,304Nvl_L2_NS,304NVL_NS,0.008,0.008
1150,304Nvl_L3_EW,NONE,0.013,0.0
1150,32Nvl_L3_EW,NONE,0.031,0.0
1150,NvcNvl_L3_EW,NONE,0.065,0.0
1150,32Mt_L2_EW,NONE,0.015,0.0
1150,32Mt_L2_EW,32MT_EW,0.016,-0.011
1150,NvcCmt8_L1_EW,NVCCMT8_EW,0.008,0.008
1155,304Thn_L1_EW,304THN_EW,0.008,0.002
1155,304Nvl_L1_NS,304NVL_NS,0.009,0.009
1155,304Nvl_L3_NS,NONE,0.007,0.0
1155,304Nvl_L1_EW,304NVL_EW,0.008,0.003
1155,304Nvl_L2_EW,304NVL_EW,0.007,0.007
1155,32Nvl_L1_EW,32NVL_EW,0.035,0.015
1155,32Nvl_L2_EW,32NVL_EW,0.039,0.021
1155,NvcNvl_L1_EW,NONE,0.011,0.0
1155,NvcNvl_L2_EW,NONE,0.008,0.0
1155,NvcNvl_L1_EW,NVCNVL_EW,0.084,0.084
1155,NvcNvl_L2_EW,NVCNVL_EW,0.055,0.055
1155,32Mt_L1_EW,NONE,0.007,0.0
1155,32Mt_L1_EW,32MT_EW,0.021,-0.004
1155,NvcMt_L2_NS,NONE,0.005,0.0
1155,NvcCmt8_L2_EW,NVCCMT8_EW,0.005,0.005
1155,32Thn_L1_EW,32THN_EW,0.008,-0.017
1155,32Thn_L2_EW,32THN_EW,0.008,-0.019
1155,32Thn_L3_EW,NONE,0.008,0.0
1155,304Nvl_L2_NS,304NVL_NS,0.008,0.008
1155,304Nvl_L3_EW,NONE,0.006,0.0
1155,32Nvl_L3_EW,NONE,0.031,0.0
1155,NvcNvl_L3_EW,NONE,0.006,0.0
1155,NvcNvl_L3_EW,NONE,0.065,0.0
1155,32Mt_L2_EW,NONE,0.008,0.0
1155,32Mt_L2_EW,32MT_EW,0.016,-0.011
1155,NvcMt_L1_NS,NONE,0.005,0.0
1155,NvcCmt8_L1_EW,NVCCMT8_EW,0.008,0.008
1160,304Nvl_L1_NS,304NVL_NS,0.009,0.004
1160,304Nvl_L3_NS,NONE,0.007,0.0
1160,304Nvl_L1_EW,304NVL_EW,0.042,0.042
1160,304Nvl_L1_NS,NONE,0.022,0.0
1160,32Nvl_L3_NS,NONE,0.007,0.0
1160,32Nvl_L1_NS,32NVL_NS,0.007,0.001
1160,32Nvl_L1_EW,32NVL_EW,0.035,0.02
1160,32Nvl_L2_EW,32NVL_EW,0.039,0.025
1160,NvcNvl_L3_NS,NONE,0.041,0.0
1160,NvcNvl_L2_NS,NONE,0.04,0.0
1160,NvcNvl_L1_EW,NVCNVL_EW,0.049,0.049
1160,NvcNvl_L2_EW,NVCNVL_EW,0.055,0.055
1160,32Mt_L1_NS,32MT_NS,0.006,0.006
1160,32Mt_L1_EW,NONE,0.007,0.0
1160,32Mt_L3_EW,NONE,0.009,0.0
1160,32Mt_L1_EW,32MT_EW,0.014,-0.011
1160,32Mt_L1_NS,NONE,0.01,0.0
1160,NvcCmt8_L2_EW,NVCCMT8_EW,0.005,0.005
1160,32Thn_L1_EW,32THN_EW,0.008,-0.017
1160,32Thn_L2_EW,32THN_EW,0.008,-0.019
1160,32Thn_L3_EW,NONE,0.008,0.0
1160,304Nvl_L2_NS,304NVL_NS,0.008,0.008
1160,32Nvl_L2_NS,32NVL_NS,0.007,0.001
1160,32Nvl_L3_EW,NONE,0.031,0.0
1160,NvcNvl_L1_NS,NONE,0.052,0.0
1160,NvcNvl_L3_EW,NONE,0.065,0.0
1160,32Mt_L2_EW,NONE,0.008,0.0
1160,32Mt_L2_EW,32MT_EW,0.011,-0.016
1160,32Mt_L2_NS,NONE,0.009,0.0
1160,NvcCmt8_L1_EW,NVCCMT8_EW,0.008,0.008
1165,304Nvl_L1_NS,304NVL_NS,0.009,0.009
1165,304Nvl_L3_NS,NONE,0.007,0.0
1165,304Nvl_L1_NS,NONE,0.015,0.0
1165,32Nvl_L1_EW,32NVL_EW,0.035,0.026
1165,32Nvl_L2_EW,32NVL_EW,0.039,0.031
1165,NvcNvl_L3_NS,NONE,0.041,0.0
1165,NvcNvl_L2_NS,NONE,0.04,0.0
1165,NvcNvl_L1_EW,NVCNVL_EW,0.049,0.045
1165,NvcNvl_L2_EW,NVCNVL_EW,0.055,0.055
1165,NvcNvl_L1_NS,NVCNVL_NS,0.007,0.007
1165,32Mt_L1_EW,NONE,0.014,0.0
1165,32Mt_L3_EW,NONE,0.018,0.0
1165,32Mt_L1_EW,32MT_EW,0.014,-0.011
1165,32Mt_L1_NS,NONE,0.01,0.0
1165,NvcMt_L1_EW,NVCMT_EW,0.006,-0.034
1165,NvcCmt8_L2_EW,NVCCMT8_EW,0.005,0.005
1165,32Thn_L1_EW,NONE,0.01,0.0
1165,304Nvl_L2_NS,304NVL_NS,0.008,0.008
1165,32Nvl_L3_EW,NONE,0.031,0.0
1165,NvcNvl_L1_NS,NONE,0.052,0.0
1165,NvcNvl_L3_EW,NONE,0.065,0.0
1165,32Mt_L2_EW,NONE,0.015,0.0
1165,32Mt_L2_EW,32MT_EW,0.011,-0.016
1165,NvcMt_L2_EW,NVCMT_EW,0.008,-0.034
1165,NvcCmt8_L1_EW,NVCCMT8_EW,0.008,0.003
1165,NvcCmt8_L1_EW,NONE,0.006,0.0
1170,304Nvl_L1_NS,304NVL_NS,0.009,0.009
1170,304Nvl_L3_NS,NONE,0.007,0.0
1170,304Nvl_L1_NS,NONE,0.036,0.0
1170,304Nvl_L3_NS,NONE,0.04,0.0
1170,32Nvl_L1_EW,32NVL_EW,0.035,0.021
1170,32Nvl_L2_EW,32NVL_EW,0.039,0.027
1170,NvcNvl_L3_NS,NONE,0.014,0.0
1170,NvcNvl_L2_NS,NONE,0.013,0.0
1170,NvcNvl_L1_EW,NONE,0.011,0.0
1170,NvcNvl_L2_EW,NONE,0.008,0.0
1170,NvcNvl_L1_EW,NVCNVL_EW,0.049,0.045
1170,NvcNvl_L2_EW,NVCNVL_EW,0.055,0.055
1170,32Mt_L1_NS,32MT_NS,0.006,0.006
1170,32Mt_L1_EW,NONE,0.007,0.0
1170,32Mt_L3_EW,NONE,0.009,0.0
1170,32Mt_L1_EW,32MT_EW,0.021,-0.004
1170,NvcMt_L1_EW,NVCMT_EW,0.006,-0.034
1170,NvcCmt8_L2_EW,NVCCMT8_EW,0.005,0.005
1170,32Thn_L1_EW,NONE,0.01,0.0
1170,304Nvl_L2_NS,304NVL_NS,0.008,0.008
1170,304Nvl_L2_NS,NONE,0.037,0.0
1170,32Nvl_L3_EW,NONE,0.031,0.0
1170,NvcNvl_L1_NS,NONE,0.017,0.0
1170,NvcNvl_L3_EW,NONE,0.006,0.0
1170,NvcNvl_L3_EW,NONE,0.065,0.0
1170,32Mt_L2_EW,NONE,0.008,0.0
1170,32Mt_L2_EW,32MT_EW,0.016,-0.011
1170,NvcMt_L2_EW,NVCMT_EW,0.008,-0.034
1170,NvcCmt8_L1_EW,NVCCMT8_EW,0.008,0.003
1175,304Nvl_L1_NS,304NVL_NS,0.118,0.118
1175,304Nvl_L3_NS,NONE,0.096,0.0
1175,304Nvl_L1_NS,NONE,0.007,0.0
1175,304Nvl_L3_NS,NONE,0.008,0.0
1175,32Nvl_L1_EW,32NVL_EW,0.035,0.011
1175,32Nvl_L2_EW,32NVL_EW,0.039,0.027
1175,32Nvl_L3_NS,NONE,0.008,0.0
1175,32Nvl_L2_NS,32NVL_NS,0.008,-0.061
1175,NvcNvl_L2_NS,NONE,0.007,0.0
1175,NvcNvl_L1_EW,NONE,0.011,0.0
1175,NvcNvl_L2_EW,NONE,0.008,0.0
1175,NvcNvl_L1_EW,NVCNVL_EW,0.049,0.045
1175,NvcNvl_L2_EW,NVCNVL_EW,0.055,0.055
1175,32Mt_L1_EW,32MT_EW,0.035,0.01
1175,NvcMt_L1_EW,NVCMT_EW,0.006,-0.028
1175,304Nvl_L2_NS,304NVL_NS,0.099,0.093
1175,304Nvl_L2_NS,NONE,0.007,0.0
1175,32Nvl_L3_EW,NONE,0.031,0.0
1175,32Nvl_L1_NS,32NVL_NS,0.007,-0.076
1175,NvcNvl_L1_NS,NONE,0.009,0.0
1175,NvcNvl_L3_EW,NONE,0.065,0.0
1175,32Mt_L2_EW,32MT_EW,0.016,-0.011
1175,NvcMt_L2_EW,NVCMT_EW,0.008,-0.03
1180,304Nvl_L1_NS,304NVL_NS,0.118,0.118
1180,304Nvl_L3_NS,NONE,0.096,0.0
1180,304Nvl_L1_EW,304NVL_EW,0.025,0.025
1180,304Nvl_L2_EW,304NVL_EW,0.022,0.022
1180,32Nvl_L1_EW,32NVL_EW,0.035,0.016
1180,32Nvl_L2_EW,32NVL_EW,0.039,0.027
1180,32Nvl_L3_NS,NONE,0.117,0.0
1180,32Nvl_L2_NS,32NVL_NS,0.111,0.042
1180,NvcNvl_L3_NS,NONE,0.014,0.0
1180,NvcNvl_L2_NS,NONE,0.013,0.0
1180,NvcNvl_L1_EW,NONE,0.011,0.0
1180,NvcNvl_L1_EW,NVCNVL_EW,0.007,0.007
1180,32Mt_L1_NS,32MT_NS,0.006,0.006
1180,32Mt_L1_EW,32MT_EW,0.028,0.003
1180,NvcCmt8_L2_EW,NONE,0.007,0.0
1180,304Nvl_L2_NS,304NVL_NS,0.099,0.021
1180,304Nvl_L3_EW,NONE,0.019,0.0
1180,32Nvl_L3_EW,NONE,0.031,0.0
1180,32Nvl_L1_NS,32NVL_NS,0.094,0.012
1180,NvcNvl_L1_NS,NONE,0.017,0.0
1180,32Mt_L2_EW,32MT_EW,0.016,-0.011
1180,NvcCmt8_L1_EW,NONE,0.006,0.0
1185,304Nvl_L1_NS,304NVL_NS,0.118,0.113
1185,304Nvl_L3_NS,NONE,0.096,0.0
1185,304Nvl_L1_EW,304NVL_EW,0.051,0.051
1185,304Nvl_L2_EW,304NVL_EW,0.007,0.007
1185,304Nvl_L1_NS,NONE,0.007,0.0
1185,32Nvl_L3_NS,NONE,0.007,0.0
1185,32Nvl_L1_NS,32NVL_NS,0.007,-0.075
1185,32Nvl_L1_EW,32NVL_EW,0.035,0.026
1185,32Nvl_L2_EW,32NVL_EW,0.039,0.035
1185,32Nvl_L3_NS,NONE,0.109,0.0
1185,32Nvl_L2_NS,32NVL_NS,0.103,0.034
1185,NvcNvl_L3_NS,NONE,0.014,0.0
1185,NvcNvl_L2_NS,NONE,0.013,0.0
1185,NvcNvl_L1_EW,NONE,0.011,0.0
1185,NvcNvl_L2_EW,NONE,0.008,0.0
1185,32Mt_L1_EW,32MT_EW,0.014,-0.011
1185,32Mt_L1_NS,NONE,0.01,0.0
1185,NvcMt_L2_NS,NONE,0.005,0.0
1185,304Nvl_L2_NS,304NVL_NS,0.099,0.027
1185,304Nvl_L3_EW,NONE,0.006,0.0
1185,32Nvl_L2_NS,32NVL_NS,0.007,-0.062
1185,32Nvl_L3_EW,NONE,0.031,0.0
1185,32Nvl_L1_NS,32NVL_NS,0.087,0.005
1185,NvcNvl_L1_NS,NONE,0.017,0.0
1185,NvcNvl_L3_EW,NONE,0.006,0.0
1185,32Mt_L2_EW,32MT_EW,0.005,-0.022
1185,NvcMt_L1_NS,NONE,0.005,0.0
1185,NvcMt_L1_EW,NVCMT_EW,0.006,0.006
1190,304Nvl_L1_NS,304NVL_NS,0.118,0.108
1190,304Nvl_L3_NS,NONE,0.096,0.0
1190,32Nvl_L3_NS,NONE,0.007,0.0
1190,32Nvl_L1_NS,32NVL_NS,0.014,-0.069
1190,32Nvl_L1_EW,32NVL_EW,0.035,0.035
1190,32Nvl_L2_EW,32NVL_EW,0.039,0.039
1190,32Nvl_L3_NS,NONE,0.033,0.0
1190,32Nvl_L2_NS,32NVL_NS,0.032,-0.037
1190,32Mt_L1_NS,32MT_NS,0.013,0.013
1190,NvcMt_L2_NS,NONE,0.005,0.0
1190,NvcMt_L1_EW,NVCMT_EW,0.006,0.006
1190,NvcMt_L2_EW,NVCMT_EW,0.003,0.003
1190,NvcCmt8_L2_NS,NONE,0.011,0.0
1190,NvcCmt8_L1_NS,NONE,0.008,0.0
1190,304Nvl_L2_NS,304NVL_NS,0.099,0.077
1190,32Nvl_L2_NS,32NVL_NS,0.013,-0.056
1190,32Nvl_L3_EW,NONE,0.031,0.0
1190,32Nvl_L1_NS,32NVL_NS,0.034,-0.049
1190,NvcMt_L1_NS,NONE,0.005,0.0
1190,NvcMt_L2_EW,NVCMT_EW,0.008,0.008
1190,NvcMt_L1_EW,NVCMT_EW,0.006,0.006
1195,304Nvl_L1_NS,304NVL_NS,0.118,0.113
1195,304Nvl_L3_NS,NONE,0.096,0.0
1195,304Nvl_L1_EW,304NVL_EW,0.017,0.017
1195,304Nvl_L2_EW,304NVL_EW,0.007,0.007
1195,32Nvl_L1_NS,32NVL_NS,0.007,-0.075
1195,32Nvl_L1_EW,32NVL_EW,0.035,0.035
1195,32Nvl_L2_EW,32NVL_EW,0.039,0.039
1195,32Nvl_L3_NS,NONE,0.008,0.0
1195,32Nvl_L2_NS,32NVL_NS,0.008,-0.061
1195,NvcNvl_L1_EW,NONE,0.011,0.0
1195,NvcNvl_L2_EW,NONE,0.008,0.0
1195,32Mt_L1_NS,32MT_NS,0.006,0.006
1195,304Nvl_L2_NS,304NVL_NS,0.099,0.093
1195,304Nvl_L3_EW,NONE,0.006,0.0
1195,32Nvl_L2_NS,32NVL_NS,0.007,-0.062
1195,32Nvl_L3_EW,NONE,0.031,0.0
1195,32Nvl_L1_NS,32NVL_NS,0.007,-0.076
1195,NvcNvl_L3_EW,NONE,0.006,0.0
1200,304Nvl_L1_NS,304NVL_NS,0.118,0.108
1200,304Nvl_L3_NS,NONE,0.096,0.0
1200,304Nvl_L1_EW,304NVL_EW,0.008,0.008
1200,304Nvl_L2_EW,304NVL_EW,0.007,0.007
1200,32Nvl_L1_NS,32NVL_NS,0.014,-0.069
1200,32Nvl_L1_EW,32NVL_EW,0.042,0.042
1200,32Nvl_L2_EW,32NVL_EW,0.046,0.046
1200,32Nvl_L1_EW,32NVL_EW,0.007,0.007
1200,NvcNvl_L1_EW,NVCNVL_EW,0.007,0.007
1200,32Mt_L1_NS,32MT_NS,0.006,0.006
1200,32Mt_L1_EW,NONE,0.007,0.0
1200,NvcCmt8_L1_NS,NONE,0.008,0.0
1200,304Nvl_L2_NS,304NVL_NS,0.099,0.099
1200,304Nvl_L3_EW,NONE,0.006,0.0
1200,32Nvl_L3_EW,NONE,0.038,0.0
1200,32Nvl_L1_NS,32NVL_NS,0.081,-0.002
1200,32Mt_L2_EW,NONE,0.008,0.0
1205,304Nvl_L1_NS,304NVL_NS,0.118,0.113
1205,304Nvl_L3_NS,NONE,0.096,0.0
1205,304Nvl_L1_EW,304NVL_EW,0.017,0.017
1205,304Nvl_L2_EW,304NVL_EW,0.015,0.015
1205,304Nvl_L1_NS,NONE,0.007,0.0
1205,32Nvl_L1_NS,32NVL_NS,0.007,-0.075
1205,32Nvl_L1_EW,32NVL_EW,0.035,0.03
1205,32Nvl_L2_EW,32NVL_EW,0.039,0.035
1205,NvcNvl_L1_EW,NVCNVL_EW,0.007,0.007
1205,32Mt_L1_NS,32MT_NS,0.006,0.006
1205,32Mt_L1_EW,NONE,0.007,0.0
1205,32Mt_L3_EW,NONE,0.009,0.0
1205,32Mt_L1_EW,32MT_EW,0.007,-0.018
1205,32Mt_L1_NS,NONE,0.01,0.0
1205,NvcCmt8_L2_EW,NVCCMT8_EW,0.005,0.005
1205,NvcCmt8_L2_NS,NONE,0.011,0.0
1205,NvcCmt8_L1_NS,NONE,0.008,0.0
1205,304Nvl_L2_NS,304NVL_NS,0.099,0.099
1205,304Nvl_L3_EW,NONE,0.013,0.0
1205,32Nvl_L3_EW,NONE,0.031,0.0
1205,32Nvl_L1_NS,32NVL_NS,0.081,-0.002
1205,32Mt_L2_EW,NONE,0.008,0.0
1205,32Mt_L2_EW,32MT_EW,0.005,-0.022
1205,32Mt_L2_NS,NONE,0.009,0.0
1205,NvcCmt8_L1_EW,NVCCMT8_EW,0.008,0.008
1210,304Nvl_L1_NS,304NVL_NS,0.118,0.113
1210,304Nvl_L3_NS,NONE,0.096,0.0
1210,304Nvl_L1_EW,304NVL_EW,0.008,0.008
1210,304Nvl_L2_EW,304NVL_EW,0.007,0.007
1210,304Nvl_L1_NS,NONE,0.007,0.0
1210,32Nvl_L3_NS,NONE,0.007,0.0
1210,32Nvl_L1_NS,32NVL_NS,0.007,-0.075
1210,32Nvl_L1_EW,32NVL_EW,0.035,0.035
1210,32Nvl_L2_EW,32NVL_EW,0.039,0.039
1210,NvcNvl_L3_NS,NONE,0.115,0.0
1210,NvcNvl_L2_NS,NONE,0.112,0.0
1210,32Mt_L1_NS,32MT_NS,0.006,0.006
1210,32Mt_L1_EW,NONE,0.014,0.0
1210,32Mt_L3_EW,NONE,0.009,0.0
1210,NvcCmt8_L2_EW,NVCCMT8_EW,0.005,0.005
1210,304Nvl_L2_NS,304NVL_NS,0.099,0.099
1210,304Nvl_L3_EW,NONE,0.006,0.0
1210,32Nvl_L2_NS,32NVL_NS,0.007,-0.062
1210,32Nvl_L3_EW,NONE,0.031,0.0
1210,NvcNvl_L1_NS,NONE,0.149,0.0
1210,32Mt_L2_EW,NONE,0.008,0.0
1210,NvcCmt8_L1_EW,NVCCMT8_EW,0.008,0.008
1215,304Nvl_L1_NS,304NVL_NS,0.118,0.118
1215,304Nvl_L3_NS,NONE,0.096,0.0
1215,304Nvl_L1_EW,304NVL_EW,0.008,0.008
1215,304Nvl_L2_EW,304NVL_EW,0.007,0.007
1215,304Nvl_L1_NS,NONE,0.007,0.0
1215,32Nvl_L1_EW,32NVL_EW,0.035,0.025
1215,32Nvl_L2_EW,32NVL_EW,0.039,0.029
1215,32Nvl_L3_NS,NONE,0.017,0.0
1215,32Nvl_L2_NS,32NVL_NS,0.016,-0.053
1215,NvcNvl_L3_NS,NONE,0.088,0.0
1215,NvcNvl_L2_NS,NONE,0.086,0.0
1215,NvcNvl_L1_EW,NONE,0.011,0.0
1215,NvcNvl_L2_EW,NONE,0.008,0.0
1215,32Mt_L1_NS,32MT_NS,0.006,0.006
1215,32Mt_L1_EW,NONE,0.007,0.0
1215,32Mt_L1_EW,32MT_EW,0.007,-0.018
1215,NvcMt_L2_NS,NONE,0.069,0.0
1215,32Thn_L1_EW,32THN_EW,0.008,-0.017
1215,32Thn_L2_EW,32THN_EW,0.008,-0.019
1215,32Thn_L3_EW,NONE,0.008,0.0
1215,304Nvl_L2_NS,304NVL_NS,0.099,0.088
1215,304Nvl_L3_EW,NONE,0.006,0.0
1215,32Nvl_L3_EW,NONE,0.031,0.0
1215,32Nvl_L1_NS,32NVL_NS,0.013,-0.069
1215,NvcNvl_L1_NS,NONE,0.114,0.0
1215,NvcNvl_L3_EW,NONE,0.006,0.0
1215,32Mt_L2_EW,NONE,0.008,0.0
1215,32Mt_L2_EW,32MT_EW,0.005,-0.022
1215,NvcMt_L1_NS,NONE,0.071,0.0
1220,304Nvl_L1_NS,304NVL_NS,0.118,0.113
1220,304Nvl_L3_NS,NONE,0.096,0.0
1220,304Nvl_L1_NS,NONE,0.007,0.0
1220,32Nvl_L1_NS,32NVL_NS,0.007,-0.075
1220,32Nvl_L1_EW,32NVL_EW,0.035,0.035
1220,32Nvl_L2_EW,32NVL_EW,0.039,0.039
1220,32Mt_L1_NS,32MT_NS,0.013,0.013
1220,32Mt_L1_EW,NONE,0.007,0.0
1220,32Mt_L3_EW,NONE,0.009,0.0
1220,32Mt_L1_NS,NONE,0.01,0.0
1220,NvcMt_L2_NS,NONE,0.069,0.0
1220,32Thn_L1_EW,NONE,0.01,0.0
1220,304Nvl_L2_NS,304NVL_NS,0.099,0.099
1220,32Nvl_L3_EW,NONE,0.031,0.0
1220,32Nvl_L1_NS,32NVL_NS,0.007,-0.076
1220,32Mt_L2_EW,NONE,0.008,0.0
1220,32Mt_L2_NS,NONE,0.009,0.0
1220,NvcMt_L1_NS,NONE,0.071,0.0
1225,304Nvl_L1_NS,304NVL_NS,0.118,0.118
1225,304Nvl_L3_NS,NONE,0.096,0.0
1225,304Nvl_L1_EW,304NVL_EW,0.042,0.042
1225,304Nvl_L2_EW,304NVL_EW,0.036,0.036
1225,304Nvl_L1_EW,NONE,0.008,0.0
1225,32Nvl_L1_EW,32NVL_EW,0.035,0.035
1225,32Nvl_L2_EW,32NVL_EW,0.039,0.039
1225,NvcNvl_L1_EW,NONE,0.128,0.0
1225,NvcNvl_L2_EW,NONE,0.092,0.0
1225,32Mt_L1_NS,32MT_NS,0.006,0.006
1225,32Mt_L1_EW,NONE,0.007,0.0
1225,NvcCmt8_L2_EW,NVCCMT8_EW,0.005,0.005
1225,304Nvl_L2_NS,304NVL_NS,0.099,0.099
1225,304Nvl_L3_EW,NONE,0.032,0.0
1225,32Nvl_L3_EW,NONE,0.031,0.0
1225,NvcCmt8_L1_EW,NVCCMT8_EW,0.008,0.008
1230,304Nvl_L1_NS,304NVL_NS,0.118,0.113
1230,304Nvl_L3_NS,NONE,0.096,0.0
1230,304Nvl_L1_NS,NONE,0.022,0.0
1230,304Nvl_L3_NS,NONE,0.024,0.0
1230,32Nvl_L3_NS,NONE,0.007,0.0
1230,32Nvl_L1_NS,32NVL_NS,0.007,-0.075
1230,32Nvl_L1_EW,32NVL_EW,0.007,0.007
1230,32Nvl_L2_EW,32NVL_EW,0.007,0.007
1230,32Nvl_L3_NS,NONE,0.05,0.0
1230,32Nvl_L2_NS,32NVL_NS,0.047,-0.022
1230,NvcNvl_L3_NS,NONE,0.007,0.0
1230,NvcNvl_L2_NS,NONE,0.007,0.0
1230,32Mt_L1_NS,32MT_NS,0.006,0.006
1230,32Mt_L1_NS,NONE,0.01,0.0
1230,304Nvl_L2_NS,304NVL_NS,0.099,0.065
1230,304Nvl_L2_NS,NONE,0.022,0.0
1230,32Nvl_L2_NS,32NVL_NS,0.007,-0.062
1230,32Nvl_L3_EW,NONE,0.006,0.0
1230,32Nvl_L1_NS,32NVL_NS,0.04,-0.042
1230,NvcNvl_L1_NS,NONE,0.009,0.0
1230,NvcCmt8_L1_EW,NONE,0.006,0.0
1235,304Nvl_L1_NS,304NVL_NS,0.118,0.108
1235,304Nvl_L3_NS,NONE,0.089,0.0
1235,304Nvl_L1_NS,NONE,0.036,0.0
1235,32Nvl_L3_NS,NONE,0.007,0.0
1235,32Nvl_L1_NS,32NVL_NS,0.014,-0.069
1235,32Nvl_L1_EW,32NVL_EW,0.007,0.007
1235,32Nvl_L2_EW,32NVL_EW,0.007,0.007
1235,32Nvl_L3_NS,NONE,0.05,0.0
1235,32Nvl_L2_NS,32NVL_NS,0.047,-0.022
1235,32Mt_L1_EW,NONE,0.036,0.0
1235,32Mt_L3_EW,NONE,0.044,0.0
1235,NvcCmt8_L2_NS,NONE,0.011,0.0
1235,NvcCmt8_L1_NS,NONE,0.008,0.0
1235,304Nvl_L2_NS,304NVL_NS,0.099,0.065
1235,32Nvl_L2_NS,32NVL_NS,0.013,-0.056
1235,32Nvl_L3_EW,NONE,0.006,0.0
1235,32Nvl_L1_NS,32NVL_NS,0.074,-0.009
1235,32Mt_L2_EW,NONE,0.038,0.0
1240,304Nvl_L1_EW,304NVL_EW,0.008,0.008
1240,32Nvl_L3_NS,NONE,0.014,0.0
1240,32Nvl_L1_NS,32NVL_NS,0.021,0.021
1240,32Nvl_L1_EW,32NVL_EW,0.007,0.002
1240,32Nvl_L2_EW,32NVL_EW,0.007,0.004
1240,32Nvl_L3_NS,NONE,0.008,0.0
1240,32Nvl_L2_NS,32NVL_NS,0.008,0.008
1240,NvcNvl_L3_NS,NONE,0.007,0.0
1240,NvcNvl_L2_NS,NONE,0.007,0.0
1240,NvcNvl_L1_EW,NVCNVL_EW,0.007,0.007
1240,NvcNvl_L2_EW,NVCNVL_EW,0.008,0.008
1240,32Mt_L1_EW,NONE,0.007,0.0
1240,32Mt_L3_EW,NONE,0.009,0.0
1240,32Mt_L1_EW,32MT_EW,0.007,0.007
1240,32Nvl_L2_NS,32NVL_NS,0.02,0.02
1240,32Nvl_L3_EW,NONE,0.006,0.0
1240,32Nvl_L1_NS,32NVL_NS,0.04,0.04
1240,NvcNvl_L1_NS,NONE,0.009,0.0
1240,NvcNvl_L3_EW,NONE,0.009,0.0
1240,32Mt_L2_EW,NONE,0.008,0.0
1240,32Mt_L2_EW,32MT_EW,0.005,0.005
1245,304Nvl_L1_EW,304NVL_EW,0.017,0.017
1245,304Nvl_L2_EW,304NVL_EW,0.007,0.007
1245,304Nvl_L1_NS,NONE,0.015,0.0
1245,304Nvl_L3_NS,NONE,0.008,0.0
1245,32Nvl_L1_NS,32NVL_NS,0.007,0.007
1245,32Nvl_L1_EW,32NVL_EW,0.007,0.002
1245,32Nvl_L2_EW,32NVL_EW,0.007,0.004
1245,32Nvl_L3_NS,NONE,0.008,0.0
1245,32Nvl_L2_NS,32NVL_NS,0.008,0.008
1245,NvcNvl_L3_NS,NONE,0.034,0.0
1245,NvcNvl_L2_NS,NONE,0.033,0.0
1245,NvcNvl_L1_EW,NVCNVL_EW,0.007,0.007
1245,NvcNvl_L2_EW,NVCNVL_EW,0.008,0.008
1245,32Mt_L1_EW,32MT_EW,0.007,0.007
1245,304Nvl_L3_EW,NONE,0.006,0.0
1245,304Nvl_L2_NS,NONE,0.007,0.0
1245,32Nvl_L2_NS,32NVL_NS,0.007,0.007
1245,32Nvl_L3_EW,NONE,0.006,0.0
1245,32Nvl_L1_NS,32NVL_NS,0.04,0.04
1245,NvcNvl_L1_NS,NONE,0.044,0.0
1245,NvcNvl_L3_EW,NONE,0.009,0.0
1245,32Mt_L2_EW,32MT_EW,0.005,0.005
1250,304Nvl_L1_EW,304NVL_EW,0.034,0.034
1250,304Nvl_L2_EW,304NVL_EW,0.015,0.015
1250,304Nvl_L1_NS,NONE,0.088,0.0
1250,32Nvl_L1_NS,32NVL_NS,0.007,0.007
1250,32Nvl_L1_EW,32NVL_EW,0.007,-0.023
1250,32Nvl_L2_EW,32NVL_EW,0.007,0.004
1250,32Nvl_L3_NS,NONE,0.017,0.0
1250,32Nvl_L2_NS,32NVL_NS,0.016,0.016
1250,NvcNvl_L3_NS,NONE,0.007,0.0
1250,NvcNvl_L2_NS,NONE,0.007,0.0
1250,32Mt_L1_EW,NONE,0.036,0.0
1250,32Mt_L3_EW,NONE,0.044,0.0
1250,32Mt_L1_EW,32MT_EW,0.042,0.042
1250,32Mt_L1_NS,NONE,0.02,0.0
1250,NvcCmt8_L2_NS,NONE,0.011,0.0
1250,32Thn_L1_EW,NONE,0.01,0.0
1250,32Thn_L2_EW,NONE,0.01,0.0
1250,NvcCmt8_L1_NS,NONE,0.008,0.0
1250,32Thn_L3_EW,NONE,0.007,0.0
1250,304Nvl_L3_EW,NONE,0.013,0.0
1250,32Nvl_L2_NS,32NVL_NS,0.007,0.007
1250,32Nvl_L3_EW,NONE,0.006,0.0
1250,32Nvl_L1_NS,32NVL_NS,0.02,0.02
1250,NvcNvl_L1_NS,NONE,0.009,0.0
1250,32Mt_L2_EW,NONE,0.038,0.0
1250,32Mt_L2_EW,32MT_EW,0.005,0.005
1250,32Mt_L2_NS,NONE,0.009,0.0
1255,304Nvl_L1_NS,304NVL_NS,0.009,-0.049
1255,304Nvl_L1_EW,304NVL_EW,0.042,0.042
1255,304Nvl_L2_EW,304NVL_EW,0.029,0.029
1255,304Nvl_L1_NS,NONE,0.088,0.0
1255,32Nvl_L3_NS,NONE,0.034,0.0
1255,32Nvl_L1_NS,32NVL_NS,0.083,0.077
1255,32Nvl_L3_NS,NONE,0.017,0.0
1255,32Nvl_L2_NS,32NVL_NS,0.016,0.016
1255,NvcNvl_L3_NS,NONE,0.007,0.0
1255,NvcNvl_L2_NS,NONE,0.007,0.0
1255,32Mt_L1_EW,32MT_EW,0.042,0.042
1255,32Mt_L1_NS,NONE,0.01,0.0
1255,NvcMt_L1_EW,NVCMT_EW,0.006,0.006
1255,32Thn_L1_EW,32THN_EW,0.008,0.008
1255,304Nvl_L3_EW,NONE,0.025,0.0
1255,32Nvl_L2_NS,32NVL_NS,0.04,0.04
1255,32Nvl_L1_NS,32NVL_NS,0.02,0.014
1255,NvcNvl_L1_NS,NONE,0.009,0.0
1255,32Mt_L2_EW,32MT_EW,0.033,0.033
1255,32Mt_L2_NS,NONE,0.009,0.0
1255,NvcMt_L2_EW,NVCMT_EW,0.008,0.008
1260,304Nvl_L1_EW,304NVL_EW,0.034,0.034
1260,304Nvl_L2_EW,304NVL_EW,0.029,0.029
1260,32Nvl_L3_NS,NONE,0.034,0.0
1260,32Nvl_L1_NS,32NVL_NS,0.083,0.083
1260,32Nvl_L3_NS,NONE,0.025,0.0
1260,32Nvl_L2_NS,32NVL_NS,0.024,0.024
1260,NvcNvl_L1_EW,NVCNVL_EW,0.007,0.003
1260,NvcNvl_L2_EW,NVCNVL_EW,0.008,0.008
1260,32Mt_L1_NS,32MT_NS,0.006,0.006
1260,32Mt_L1_EW,NONE,0.014,0.0
1260,32Mt_L3_EW,NONE,0.009,0.0
1260,32Mt_L1_EW,32MT_EW,0.042,0.042
1260,32Mt_L1_NS,NONE,0.049,0.0
1260,NvcMt_L1_EW,NVCMT_EW,0.006,0.001
1260,NvcCmt8_L2_NS,NONE,0.012,0.0
1260,32Thn_L1_EW,32THN_EW,0.008,0.008
1260,304Nvl_L3_EW,NONE,0.025,0.0
1260,32Nvl_L2_NS,32NVL_NS,0.04,0.04
1260,32Nvl_L1_NS,32NVL_NS,0.02,0.02
1260,NvcNvl_L3_EW,NONE,0.009,0.0
1260,32Mt_L2_EW,NONE,0.008,0.0
1260,32Mt_L2_EW,32MT_EW,0.033,0.033
1260,NvcMt_L2_EW,NVCMT_EW,0.008,0.002
1260,NvcCmt8_L1_NS,NONE,0.011,0.0
1265,304Nvl_L1_EW,304NVL_EW,0.017,0.017
1265,304Nvl_L2_EW,304NVL_EW,0.015,0.015
1265,32Nvl_L3_NS,NONE,0.034,0.0
1265,32Nvl_L1_NS,32NVL_NS,0.042,0.037
1265,32Nvl_L3_NS,NONE,0.025,0.0
1265,32Nvl_L2_NS,32NVL_NS,0.024,0.024
1265,NvcNvl_L3_NS,NONE,0.007,0.0
1265,NvcNvl_L2_NS,NONE,0.007,0.0
1265,NvcNvl_L1_NS,NVCNVL_NS,0.007,-0.022
1265,32Mt_L1_EW,32MT_EW,0.007,0.007
1265,32Mt_L1_NS,NONE,0.049,0.0
1265,NvcCmt8_L2_NS,NONE,0.011,0.0
1265,NvcCmt8_L1_NS,NONE,0.008,0.0
1265,304Nvl_L3_EW,NONE,0.013,0.0
1265,32Nvl_L2_NS,32NVL_NS,0.04,0.04
1265,32Nvl_L1_NS,32NVL_NS,0.02,0.016
1265,NvcNvl_L1_NS,NONE,0.009,0.0
1265,32Mt_L2_EW,32MT_EW,0.005,0.005
1270,304Nvl_L1_EW,304NVL_EW,0.025,0.025
1270,304Nvl_L2_EW,304NVL_EW,0.022,0.022
1270,32Nvl_L3_NS,NONE,0.034,0.0
1270,32Nvl_L1_NS,32NVL_NS,0.042,0.037
1270,32Nvl_L1_EW,32NVL_EW,0.007,-0.003
1270,32Nvl_L2_EW,32NVL_EW,0.007,0.004
1270,32Nvl_L3_NS,NONE,0.025,0.0
1270,32Nvl_L2_NS,32NVL_NS,0.024,0.024
1270,NvcNvl_L1_NS,NVCNVL_NS,0.007,-0.022
1270,32Mt_L1_EW,NONE,0.036,0.0
1270,32Mt_L3_EW,NONE,0.044,0.0
1270,32Mt_L1_EW,32MT_EW,0.014,0.014
1270,NvcMt_L2_NS,NONE,0.005,0.0
1270,304Nvl_L3_EW,NONE,0.019,0.0
1270,32Nvl_L2_NS,32NVL_NS,0.04,0.04
1270,32Nvl_L3_EW,NONE,0.006,0.0
1270,32Nvl_L1_NS,32NVL_NS,0.027,0.022
1270,32Mt_L2_EW,NONE,0.038,0.0
1270,32Mt_L2_EW,32MT_EW,0.005,0.005
1270,NvcMt_L1_NS,NONE,0.005,0.0
1275,304Nvl_L1_NS,304NVL_NS,0.009,-0.025
1275,304Nvl_L1_EW,304NVL_EW,0.025,0.025
1275,304Nvl_L2_EW,304NVL_EW,0.022,0.022
1275,304Nvl_L1_NS,NONE,0.007,0.0
1275,32Nvl_L3_NS,NONE,0.041,0.0
1275,32Nvl_L1_NS,32NVL_NS,0.048,0.042
1275,32Nvl_L3_NS,NONE,0.033,0.0
1275,32Nvl_L2_NS,32NVL_NS,0.032,0.032
1275,NvcNvl_L3_NS,NONE,0.02,0.0
1275,NvcNvl_L2_NS,NONE,0.02,0.0
1275,NvcNvl_L1_EW,NONE,0.021,0.0
1275,NvcNvl_L2_EW,NONE,0.015,0.0
1275,32Mt_L1_NS,32MT_NS,0.031,0.031
1275,32Mt_L1_EW,32MT_EW,0.014,0.014
1275,NvcMt_L2_EW,NVCMT_EW,0.005,0.005
1275,304Nvl_L3_EW,NONE,0.019,0.0
1275,32Nvl_L2_NS,32NVL_NS,0.047,0.047
1275,32Nvl_L1_NS,32NVL_NS,0.034,0.027
1275,NvcNvl_L1_NS,NONE,0.026,0.0
1275,NvcNvl_L3_EW,NONE,0.006,0.0
1275,32Mt_L2_EW,32MT_EW,0.011,0.011
1275,NvcMt_L1_EW,NVCMT_EW,0.011,0.011
1275,NvcCmt8_L1_NS,NONE,0.011,0.0
1280,304Thn_L1_EW,NONE,0.007,0.0
1280,304Thn_L2_EW,NONE,0.008,0.0
1280,304Nvl_L1_NS,304NVL_NS,0.009,-0.025
1280,304Nvl_L1_EW,304NVL_EW,0.034,0.034
1280,304Nvl_L2_EW,304NVL_EW,0.029,0.029
1280,32Nvl_L3_NS,NONE,0.034,0.0
1280,32Nvl_L1_NS,32NVL_NS,0.048,0.042
1280,32Nvl_L3_NS,NONE,0.033,0.0
1280,32Nvl_L2_NS,32NVL_NS,0.032,0.026
1280,NvcNvl_L3_NS,NONE,0.048,0.0
1280,NvcNvl_L2_NS,NONE,0.046,0.0
1280,32Mt_L1_EW,NONE,0.007,0.0
1280,32Mt_L3_EW,NONE,0.009,0.0
1280,32Mt_L1_EW,32MT_EW,0.007,0.007
1280,32Mt_L1_NS,NONE,0.01,0.0
1280,NvcMt_L2_NS,NONE,0.005,0.0
1280,NvcMt_L2_EW,NVCMT_EW,0.005,0.005
1280,304Nvl_L2_NS,304NVL_NS,0.008,-0.015
1280,304Nvl_L3_EW,NONE,0.025,0.0
1280,32Nvl_L2_NS,32NVL_NS,0.047,0.041
1280,32Nvl_L1_NS,32NVL_NS,0.034,0.027
1280,NvcNvl_L1_NS,NONE,0.061,0.0
1280,32Mt_L2_EW,NONE,0.008,0.0
1280,32Mt_L2_EW,32MT_EW,0.005,0.005
1280,32Mt_L2_NS,NONE,0.009,0.0
1280,NvcMt_L1_NS,NONE,0.005,0.0
1280,NvcMt_L1_EW,NVCMT_EW,0.011,0.011
1285,304Thn_L1_EW,304THN_EW,0.008,-0.021
1285,304Nvl_L1_NS,304NVL_NS,0.009,-0.025
1285,304Nvl_L3_NS,NONE,0.007,0.0
1285,304Nvl_L1_EW,304NVL_EW,0.042,0.037
1285,304Nvl_L2_EW,304NVL_EW,0.036,0.036
1285,32Nvl_L3_NS,NONE,0.034,0.0
1285,32Nvl_L1_NS,32NVL_NS,0.048,0.042
1285,32Nvl_L3_NS,NONE,0.05,0.0
1285,32Nvl_L2_NS,32NVL_NS,0.047,0.042
1285,NvcNvl_L3_NS,NONE,0.007,0.0
1285,NvcNvl_L2_NS,NONE,0.013,0.0
1285,NvcNvl_L1_EW,NONE,0.011,0.0
1285,NvcNvl_L2_EW,NONE,0.008,0.0
1285,32Mt_L1_EW,32MT_EW,0.007,0.007
1285,NvcMt_L2_NS,NONE,0.005,0.0
1285,NvcMt_L2_EW,NVCMT_EW,0.005,0.005
1285,NvcCmt8_L2_NS,NONE,0.011,0.0
1285,NvcCmt8_L1_NS,NONE,0.008,0.0
1285,304Nvl_L2_NS,304NVL_NS,0.008,-0.026
1285,304Nvl_L3_EW,NONE,0.032,0.0
1285,32Nvl_L2_NS,32NVL_NS,0.047,0.041
1285,32Nvl_L1_NS,32NVL_NS,0.047,0.041
1285,NvcNvl_L1_NS,NONE,0.017,0.0
1285,NvcNvl_L3_EW,NONE,0.006,0.0
1285,32Mt_L2_EW,32MT_EW,0.005,0.005
1285,NvcMt_L1_NS,NONE,0.005,0.0
1285,NvcMt_L1_EW,NVCMT_EW,0.011,0.011
1290,304Nvl_L1_EW,304NVL_EW,0.042,0.042
1290,304Nvl_L2_EW,304NVL_EW,0.036,0.036
1290,304Nvl_L1_NS,NONE,0.036,0.0
1290,304Nvl_L3_NS,NONE,0.04,0.0
1290,32Nvl_L3_NS,NONE,0.116,0.0
1290,32Nvl_L1_NS,32NVL_NS,0.131,0.131
1290,32Nvl_L3_NS,NONE,0.05,0.0
1290,32Nvl_L2_NS,32NVL_NS,0.047,0.047
1290,NvcNvl_L1_EW,NVCNVL_EW,0.035,0.035
1290,32Mt_L1_EW,32MT_EW,0.007,0.007
1290,32Mt_L1_NS,NONE,0.01,0.0
1290,NvcMt_L2_EW,NVCMT_EW,0.003,0.003
1290,304Nvl_L3_EW,NONE,0.032,0.0
1290,304Nvl_L2_NS,NONE,0.037,0.0
1290,32Nvl_L2_NS,32NVL_NS,0.127,0.127
1290,32Nvl_L1_NS,32NVL_NS,0.047,0.047
1290,32Mt_L2_EW,32MT_EW,0.005,0.005
1290,NvcMt_L1_EW,NVCMT_EW,0.006,-0.019
1295,304Nvl_L1_EW,304NVL_EW,0.042,0.042
1295,304Nvl_L2_EW,304NVL_EW,0.036,0.036
1295,304Nvl_L1_NS,NONE,0.015,0.0
1295,304Nvl_L3_NS,NONE,0.008,0.0
1295,32Nvl_L3_NS,NONE,0.034,0.0
1295,32Nvl_L1_NS,32NVL_NS,0.131,0.131
1295,32Nvl_L3_NS,NONE,0.05,0.0
1295,32Nvl_L2_NS,32NVL_NS,0.047,0.047
1295,NvcNvl_L3_NS,NONE,0.034,0.0
1295,NvcNvl_L2_NS,NONE,0.033,0.0
1295,NvcNvl_L1_EW,NVCNVL_EW,0.007,0.007
1295,32Mt_L1_EW,32MT_EW,0.007,0.007
1295,32Mt_L1_NS,NONE,0.01,0.0
1295,NvcMt_L2_EW,NVCMT_EW,0.003,0.003
1295,304Nvl_L3_EW,NONE,0.032,0.0
1295,304Nvl_L2_NS,NONE,0.007,0.0
1295,32Nvl_L2_NS,32NVL_NS,0.127,0.127
1295,32Nvl_L1_NS,32NVL_NS,0.04,0.04
1295,NvcNvl_L1_NS,NONE,0.044,0.0
1295,32Mt_L2_EW,32MT_EW,0.005,0.005
1295,32Mt_L2_NS,NONE,0.009,0.0
1295,NvcMt_L1_EW,NVCMT_EW,0.006,0.001
1300,304Nvl_L1_EW,304NVL_EW,0.076,0.076
1300,304Nvl_L2_EW,304NVL_EW,0.029,0.029
1300,32Nvl_L3_NS,NONE,0.116,0.0
1300,32Nvl_L1_NS,32NVL_NS,0.138,0.138
1300,32Nvl_L3_NS,NONE,0.05,0.0
1300,32Nvl_L2_NS,32NVL_NS,0.047,0.047
1300,32Mt_L1_NS,32MT_NS,0.006,0.006
1300,32Mt_L1_NS,NONE,0.01,0.0
1300,NvcMt_L2_NS,NONE,0.005,0.0
1300,NvcCmt8_L2_NS,NONE,0.011,0.0
1300,NvcCmt8_L1_NS,NONE,0.008,0.0
1300,304Nvl_L3_EW,NONE,0.025,0.0
1300,32Nvl_L2_NS,32NVL_NS,0.133,0.133
1300,32Nvl_L1_NS,32NVL_NS,0.04,0.04
1300,32Mt_L2_NS,NONE,0.009,0.0
1300,NvcMt_L1_NS,NONE,0.005,0.0
1305,304Nvl_L1_NS,304NVL_NS,0.009,-0.088
1305,304Nvl_L1_EW,304NVL_EW,0.068,0.068
1305,304Nvl_L2_EW,304NVL_EW,0.022,0.022
1305,32Nvl_L3_NS,NONE,0.123,0.0
1305,32Nvl_L1_NS,32NVL_NS,0.138,0.132
1305,32Nvl_L3_NS,NONE,0.092,0.0
1305,32Nvl_L2_NS,32NVL_NS,0.087,0.087
1305,NvcNvl_L1_EW,NONE,0.011,0.0
1305,NvcNvl_L2_EW,NONE,0.008,0.0
1305,32Mt_L1_NS,32MT_NS,0.013,0.013
1305,32Mt_L1_EW,NONE,0.086,0.0
1305,32Mt_L3_EW,NONE,0.106,0.0
1305,NvcMt_L2_EW,NVCMT_EW,0.003,0.003
1305,304Nvl_L3_EW,NONE,0.019,0.0
1305,32Nvl_L2_NS,32NVL_NS,0.133,0.133
1305,32Nvl_L1_NS,32NVL_NS,0.074,0.067
1305,NvcNvl_L3_EW,NONE,0.006,0.0
1305,32Mt_L2_EW,NONE,0.09,0.0
1305,NvcMt_L1_EW,NVCMT_EW,0.006,0.006
1310,304Nvl_L1_NS,304NVL_NS,0.009,-0.03
1310,304Nvl_L1_EW,304NVL_EW,0.068,0.068
1310,304Nvl_L2_EW,304NVL_EW,0.022,0.022
1310,32Nvl_L3_NS,NONE,0.041,0.0
1310,32Nvl_L1_NS,32NVL_NS,0.055,0.049
1310,32Nvl_L3_NS,NONE,0.1,0.0
1310,32Nvl_L2_NS,32NVL_NS,0.095,0.089
1310,NvcNvl_L1_EW,NVCNVL_EW,0.007,0.007
1310,NvcNvl_L2_EW,NVCNVL_EW,0.008,0.008
1310,32Mt_L1_NS,32MT_NS,0.019,0.019
1310,32Mt_L1_EW,NONE,0.086,0.0
1310,32Mt_L3_EW,NONE,0.106,0.0
1310,32Mt_L1_EW,32MT_EW,0.007,0.007
1310,304Nvl_L2_NS,304NVL_NS,0.008,-0.059
1310,304Nvl_L3_EW,NONE,0.019,0.0
1310,32Nvl_L2_NS,32NVL_NS,0.053,0.048
1310,32Nvl_L1_NS,32NVL_NS,0.081,0.074
1310,NvcNvl_L3_EW,NONE,0.009,0.0
1310,32Mt_L2_EW,NONE,0.09,0.0
1310,32Mt_L2_EW,32MT_EW,0.005,0.005
1315,304Nvl_L1_EW,304NVL_EW,0.008,0.008
1315,304Nvl_L2_EW,304NVL_EW,0.007,0.007
1315,32Nvl_L3_NS,NONE,0.041,0.0
1315,32Nvl_L1_NS,32NVL_NS,0.055,0.055
1315,32Nvl_L3_NS,NONE,0.1,0.0
1315,32Nvl_L2_NS,32NVL_NS,0.095,0.095
1315,NvcNvl_L1_EW,NVCNVL_EW,0.007,0.007
1315,NvcNvl_L2_EW,NVCNVL_EW,0.008,0.008
1315,32Mt_L1_NS,32MT_NS,0.006,0.006
1315,32Mt_L1_EW,NONE,0.007,0.0
1315,32Mt_L3_EW,NONE,0.009,0.0
1315,32Mt_L1_NS,NONE,0.029,0.0
1315,NvcCmt8_L2_EW,NVCCMT8_EW,0.005,0.005
1315,304Nvl_L3_EW,NONE,0.006,0.0
1315,32Nvl_L2_NS,32NVL_NS,0.053,0.053
1315,32Nvl_L1_NS,32NVL_NS,0.081,0.081
1315,NvcNvl_L3_EW,NONE,0.009,0.0
1315,32Mt_L2_EW,NONE,0.008,0.0
1315,32Mt_L2_NS,NONE,0.017,0.0
1315,NvcCmt8_L1_EW,NVCCMT8_EW,0.008,0.008
1320,304Nvl_L1_EW,304NVL_EW,0.034,0.034
1320,304Nvl_L2_EW,304NVL_EW,0.015,0.015
1320,32Nvl_L3_NS,NONE,0.041,0.0
1320,32Nvl_L1_NS,32NVL_NS,0.055,0.055
1320,32Nvl_L1_EW,32NVL_EW,0.007,0.002
1320,32Nvl_L2_EW,32NVL_EW,0.008,0.004
1320,32Nvl_L3_NS,NONE,0.1,0.0
1320,32Nvl_L2_NS,32NVL_NS,0.134,0.134
1320,NvcNvl_L1_EW,NONE,0.011,0.0
1320,NvcNvl_L2_EW,NONE,0.008,0.0
1320,32Mt_L1_NS,32MT_NS,0.075,0.075
1320,32Mt_L1_EW,NONE,0.043,0.0
1320,32Mt_L3_EW,NONE,0.044,0.0
1320,32Mt_L1_EW,32MT_EW,0.007,0.002
1320,NvcMt_L2_EW,NVCMT_EW,0.003,0.003
1320,304Nvl_L3_EW,NONE,0.013,0.0
1320,32Nvl_L2_NS,32NVL_NS,0.053,0.053
1320,32Nvl_L3_EW,NONE,0.006,0.0
1320,32Nvl_L1_NS,32NVL_NS,0.114,0.114
1320,32Mt_L2_EW,NONE,0.038,0.0
1320,32Mt_L2_EW,32MT_EW,0.005,0.0
1320,NvcMt_L1_EW,NVCMT_EW,0.006,0.006
1320,NvcCmt8_L1_EW,NONE,0.006,0.0
1325,304Nvl_L1_EW,304NVL_EW,0.025,0.025
1325,304Nvl_L2_EW,304NVL_EW,0.015,0.015
1325,304Nvl_L1_EW,NONE,0.008,0.0
1325,304Nvl_L1_NS,NONE,0.007,0.0
1325,32Nvl_L3_NS,NONE,0.034,0.0
1325,32Nvl_L1_NS,32NVL_NS,0.055,0.051
1325,32Nvl_L3_NS,NONE,0.142,0.0
1325,32Nvl_L2_NS,32NVL_NS,0.134,0.134
1325,NvcNvl_L3_NS,NONE,0.007,0.0
1325,NvcNvl_L2_NS,NONE,0.007,0.0
1325,NvcNvl_L1_NS,NVCNVL_NS,0.007,-0.032
1325,32Mt_L1_NS,32MT_NS,0.088,0.088
1325,32Mt_L1_EW,NONE,0.043,0.0
1325,32Mt_L3_EW,NONE,0.053,0.0
1325,32Mt_L1_EW,32MT_EW,0.007,0.007
1325,304Nvl_L3_EW,NONE,0.013,0.0
1325,32Nvl_L2_NS,32NVL_NS,0.053,0.053
1325,32Nvl_L1_NS,32NVL_NS,0.114,0.109
1325,NvcNvl_L1_NS,NONE,0.009,0.0
1325,32Mt_L2_EW,NONE,0.045,0.0
1325,32Mt_L2_EW,32MT_EW,0.005,0.005
1330,304Nvl_L1_EW,304NVL_EW,0.034,0.034
1330,304Nvl_L2_EW,304NVL_EW,0.022,0.022
1330,304Nvl_L1_NS,NONE,0.007,0.0
1330,32Nvl_L3_NS,NONE,0.041,0.0
1330,32Nvl_L1_NS,32NVL_NS,0.055,0.051
1330,32Nvl_L1_EW,32NVL_EW,0.007,0.002
1330,32Nvl_L3_NS,NONE,0.142,0.0
1330,32Nvl_L2_NS,32NVL_NS,0.134,0.134
1330,NvcNvl_L1_NS,NVCNVL_NS,0.007,-0.032
1330,32Mt_L1_NS,32MT_NS,0.088,0.088
1330,32Mt_L1_EW,32MT_EW,0.007,0.007
1330,304Nvl_L3_EW,NONE,0.019,0.0
1330,32Nvl_L2_NS,32NVL_NS,0.053,0.053
1330,32Nvl_L1_NS,32NVL_NS,0.114,0.109
1330,32Mt_L2_EW,32MT_EW,0.005,0.005
1335,304Nvl_L1_EW,304NVL_EW,0.025,0.025
1335,304Nvl_L2_EW,304NVL_EW,0.007,0.007
1335,304Nvl_L1_NS,NONE,0.007,0.0
1335,32Nvl_L3_NS,NONE,0.041,0.0
1335,32Nvl_L1_NS,32NVL_NS,0.055,0.055
1335,32Nvl_L1_EW,32NVL_EW,0.007,0.007
1335,32Nvl_L2_EW,32NVL_EW,0.008,0.008
1335,32Nvl_L3_NS,NONE,0.15,0.0
1335,32Nvl_L2_NS,32NVL_NS,0.142,0.142
1335,NvcNvl_L3_NS,NONE,0.034,0.0
1335,NvcNvl_L2_NS,NONE,0.033,0.0
1335,32Mt_L1_NS,32MT_NS,0.038,0.038
1335,32Mt_L1_EW,NONE,0.007,0.0
1335,32Mt_L3_EW,NONE,0.009,0.0
1335,NvcMt_L2_NS,NONE,0.005,0.0
1335,304Nvl_L3_EW,NONE,0.006,0.0
1335,32Nvl_L2_NS,32NVL_NS,0.053,0.053
1335,32Nvl_L3_EW,NONE,0.006,0.0
1335,32Nvl_L1_NS,32NVL_NS,0.121,0.121
1335,NvcNvl_L1_NS,NONE,0.044,0.0
1335,32Mt_L2_EW,NONE,0.008,0.0
1335,NvcMt_L1_NS,NONE,0.005,0.0
1340,304Nvl_L1_EW,304NVL_EW,0.017,0.017
1340,304Nvl_L2_EW,304NVL_EW,0.015,0.015
1340,304Nvl_L1_NS,NONE,0.015,0.0
1340,32Nvl_L3_NS,NONE,0.034,0.0
1340,32Nvl_L1_NS,32NVL_NS,0.048,0.048
1340,32Nvl_L3_NS,NONE,0.159,0.0
1340,32Nvl_L2_NS,32NVL_NS,0.15,0.15
1340,NvcNvl_L3_NS,NONE,0.007,0.0
1340,NvcNvl_L2_NS,NONE,0.007,0.0
1340,32Mt_L1_NS,32MT_NS,0.031,0.031
1340,32Mt_L1_EW,NONE,0.007,0.0
1340,304Nvl_L3_EW,NONE,0.013,0.0
1340,32Nvl_L2_NS,32NVL_NS,0.047,0.047
1340,32Nvl_L1_NS,32NVL_NS,0.128,0.128
1340,NvcNvl_L1_NS,NONE,0.009,0.0
1345,304Nvl_L1_EW,304NVL_EW,0.008,0.008
1345,304Nvl_L2_EW,304NVL_EW,0.007,0.007
1345,304Nvl_L1_NS,NONE,0.015,0.0
1345,32Nvl_L3_NS,NONE,0.034,0.0
1345,32Nvl_L1_NS,32NVL_NS,0.048,0.048
1345,32Nvl_L3_NS,NONE,0.175,0.0
1345,32Nvl_L2_NS,32NVL_NS,0.166,0.166
1345,32Mt_L1_NS,32MT_NS,0.031,0.031
1345,32Mt_L1_NS,NONE,0.01,0.0
1345,304Nvl_L3_EW,NONE,0.006,0.0
1345,32Nvl_L2_NS,32NVL_NS,0.047,0.047
1345,32Nvl_L1_NS,32NVL_NS,0.148,0.148
1350,304Nvl_L1_EW,304NVL_EW,0.025,0.025
1350,304Nvl_L2_EW,304NVL_EW,0.015,0.015
1350,32Nvl_L3_NS,NONE,0.007,0.0
1350,32Nvl_L1_NS,32NVL_NS,0.007,0.002
1350,32Nvl_L3_NS,NONE,0.142,0.0
1350,32Nvl_L2_NS,32NVL_NS,0.134,0.134
1350,NvcNvl_L1_NS,NVCNVL_NS,0.007,0.002
1350,32Mt_L1_EW,NONE,0.101,0.0
1350,32Mt_L3_EW,NONE,0.115,0.0
1350,304Nvl_L3_EW,NONE,0.013,0.0
1350,32Nvl_L2_NS,32NVL_NS,0.007,0.007
1350,32Nvl_L1_NS,32NVL_NS,0.121,0.116
1350,32Mt_L2_EW,NONE,0.106,0.0
1355,304Nvl_L1_EW,304NVL_EW,0.025,0.025
1355,304Nvl_L2_EW,304NVL_EW,0.015,0.015
1355,32Nvl_L3_NS,NONE,0.007,0.0
1355,32Nvl_L1_NS,32NVL_NS,0.014,0.014
1355,32Nvl_L1_EW,32NVL_EW,0.007,0.007
1355,32Nvl_L3_NS,NONE,0.092,0.0
1355,32Nvl_L2_NS,32NVL_NS,0.087,0.087
1355,32Mt_L1_EW,NONE,0.094,0.0
1355,32Mt_L3_EW,NONE,0.115,0.0
1355,32Mt_L1_NS,NONE,0.01,0.0
1355,304Nvl_L3_EW,NONE,0.013,0.0
1355,32Nvl_L2_NS,32NVL_NS,0.007,0.007
1355,32Nvl_L1_NS,32NVL_NS,0.081,0.081
1355,32Mt_L2_EW,NONE,0.098,0.0
1355,32Mt_L2_NS,NONE,0.009,0.0
1360,304Nvl_L1_EW,304NVL_EW,0.017,0.017
1360,304Nvl_L2_EW,304NVL_EW,0.015,0.015
1360,32Nvl_L1_NS,32NVL_NS,0.014,0.014
1360,32Nvl_L3_NS,NONE,0.042,0.0
1360,32Nvl_L2_NS,32NVL_NS,0.039,0.039
1360,NvcNvl_L3_NS,NONE,0.007,0.0
1360,NvcNvl_L2_NS,NONE,0.007,0.0
1360,32Mt_L1_NS,32MT_NS,0.006,0.006
1360,304Nvl_L3_EW,NONE,0.013,0.0
1360,32Nvl_L1_NS,32NVL_NS,0.047,0.047
1360,NvcNvl_L1_NS,NONE,0.009,0.0
1365,32Nvl_L3_NS,NONE,0.014,0.0
1365,32Nvl_L1_NS,32NVL_NS,0.014,0.014
1365,32Nvl_L3_NS,NONE,0.017,0.0
1365,32Nvl_L2_NS,32NVL_NS,0.016,0.016
1365,NvcNvl_L3_NS,NONE,0.007,0.0
1365,NvcNvl_L2_NS,NONE,0.007,0.0
1365,32Mt_L1_EW,32MT_EW,0.007,0.007
1365,32Mt_L1_NS,NONE,0.01,0.0
1365,NvcMt_L2_NS,NONE,0.005,0.0
1365,32Nvl_L2_NS,32NVL_NS,0.013,0.013
1365,32Nvl_L1_NS,32NVL_NS,0.027,0.027
1365,NvcNvl_L1_NS,NONE,0.009,0.0
1365,NvcMt_L1_NS,NONE,0.005,0.0
1370,304Nvl_L1_EW,304NVL_EW,0.042,0.042
1370,304Nvl_L2_EW,304NVL_EW,0.036,0.036
1370,32Nvl_L3_NS,NONE,0.014,0.0
1370,32Nvl_L1_NS,32NVL_NS,0.021,0.021
1370,32Nvl_L1_EW,32NVL_EW,0.007,-0.056
1370,32Nvl_L2_EW,32NVL_EW,0.008,0.008
1370,NvcNvl_L1_EW,NVCNVL_EW,0.007,0.007
1370,NvcNvl_L2_EW,NVCNVL_EW,0.008,0.008
1370,32Mt_L1_EW,32MT_EW,0.091,0.086
1370,32Mt_L1_NS,NONE,0.029,0.0
1370,304Nvl_L3_EW,NONE,0.032,0.0
1370,32Nvl_L2_NS,32NVL_NS,0.02,0.02
1370,32Nvl_L3_EW,NONE,0.006,0.0
1370,32Nvl_L1_NS,32NVL_NS,0.04,0.04
1370,NvcNvl_L3_EW,NONE,0.009,0.0
1370,32Mt_L2_NS,NONE,0.017,0.0
1375,304Nvl_L1_EW,304NVL_EW,0.093,0.093
1375,304Nvl_L2_EW,304NVL_EW,0.08,0.08
1375,32Nvl_L1_NS,32NVL_NS,0.014,0.014
1375,32Nvl_L1_EW,32NVL_EW,0.007,-0.056
1375,32Nvl_L2_EW,32NVL_EW,0.008,0.004
1375,NvcNvl_L1_EW,NVCNVL_EW,0.007,0.007
1375,NvcNvl_L2_EW,NVCNVL_EW,0.008,0.008
1375,32Mt_L1_EW,32MT_EW,0.091,0.086
1375,32Mt_L1_NS,NONE,0.01,0.0
1375,304Nvl_L3_EW,NONE,0.07,0.0
1375,32Nvl_L2_NS,32NVL_NS,0.007,0.007
1375,32Nvl_L3_EW,NONE,0.006,0.0
1375,32Nvl_L1_NS,32NVL_NS,0.013,0.013
1375,NvcNvl_L3_EW,NONE,0.009,0.0
1375,32Mt_L2_EW,32MT_EW,0.005,0.0
1375,32Mt_L2_NS,NONE,0.009,0.0
1380,304Nvl_L1_EW,304NVL_EW,0.017,0.017
1380,304Nvl_L2_EW,304NVL_EW,0.007,0.007
1380,304Nvl_L1_NS,NONE,0.007,0.0
1380,32Nvl_L1_NS,32NVL_NS,0.021,0.021
1380,32Nvl_L1_EW,32NVL_EW,0.007,-0.052
1380,32Nvl_L2_EW,32NVL_EW,0.008,-0.038
1380,NvcNvl_L3_NS,NONE,0.007,0.0
1380,NvcNvl_L2_NS,NONE,0.007,0.0
1380,NvcNvl_L1_EW,NVCNVL_EW,0.007,0.003
1380,NvcNvl_L2_EW,NVCNVL_EW,0.008,0.008
1380,32Mt_L1_EW,NONE,0.022,0.0
1380,32Mt_L3_EW,NONE,0.009,0.0
1380,32Mt_L1_EW,32MT_EW,0.084,0.079
1380,32Mt_L1_NS,NONE,0.01,0.0
1380,NvcMt_L2_NS,NONE,0.005,0.0
1380,NvcMt_L1_EW,NVCMT_EW,0.006,0.001
1380,32Thn_L1_EW,NONE,0.01,0.0
1380,32Thn_L2_EW,NONE,0.01,0.0
1380,32Thn_L3_EW,NONE,0.007,0.0
1380,304Nvl_L3_EW,NONE,0.006,0.0
1380,32Nvl_L3_EW,NONE,0.006,0.0
1380,32Nvl_L1_NS,32NVL_NS,0.007,0.007
1380,NvcNvl_L1_NS,NONE,0.009,0.0
1380,NvcNvl_L3_EW,NONE,0.009,0.0
1380,32Mt_L2_EW,NONE,0.008,0.0
1380,32Mt_L2_EW,32MT_EW,0.065,0.06
1380,NvcMt_L1_NS,NONE,0.005,0.0
1380,NvcMt_L2_EW,NVCMT_EW,0.008,0.002
1385,304Nvl_L1_EW,304NVL_EW,0.017,0.017
1385,304Nvl_L2_EW,304NVL_EW,0.007,0.007
1385,304Nvl_L1_NS,NONE,0.051,0.0
1385,304Nvl_L3_NS,NONE,0.008,0.0
1385,32Nvl_L1_NS,32NVL_NS,0.014,0.014
1385,32Nvl_L1_EW,32NVL_EW,0.007,-0.057
1385,32Nvl_L2_EW,32NVL_EW,0.008,-0.038
1385,32Nvl_L3_NS,NONE,0.008,0.0
1385,32Nvl_L2_NS,32NVL_NS,0.008,0.008
1385,NvcNvl_L3_NS,NONE,0.007,0.0
1385,NvcNvl_L2_NS,NONE,0.007,0.0
1385,NvcNvl_L1_EW,NVCNVL_EW,0.007,0.003
1385,NvcNvl_L2_EW,NVCNVL_EW,0.008,0.008
1385,32Mt_L1_EW,NONE,0.007,0.0
1385,32Mt_L1_EW,32MT_EW,0.084,0.079
1385,NvcMt_L1_EW,NVCMT_EW,0.006,0.001
1385,32Thn_L1_EW,32THN_EW,0.008,0.003
1385,304Nvl_L3_EW,NONE,0.006,0.0
1385,304Nvl_L2_NS,NONE,0.007,0.0
1385,32Nvl_L3_EW,NONE,0.006,0.0
1385,32Nvl_L1_NS,32NVL_NS,0.007,0.007
1385,NvcNvl_L1_NS,NONE,0.009,0.0
1385,NvcNvl_L3_EW,NONE,0.009,0.0
1385,32Mt_L2_EW,NONE,0.008,0.0
1385,32Mt_L2_EW,32MT_EW,0.065,0.06
1385,NvcMt_L2_EW,NVCMT_EW,0.008,0.002
1390,304Thn_L1_EW,NONE,0.007,0.0
1390,304Thn_L2_EW,NONE,0.008,0.0
1390,304Nvl_L1_EW,304NVL_EW,0.059,0.059
1390,304Nvl_L2_EW,304NVL_EW,0.007,0.007
1390,304Nvl_L1_NS,NONE,0.007,0.0
1390,304Nvl_L3_NS,NONE,0.008,0.0
1390,32Nvl_L1_NS,32NVL_NS,0.007,0.007
1390,32Nvl_L1_EW,32NVL_EW,0.007,-0.003
1390,32Nvl_L2_EW,32NVL_EW,0.008,0.008
1390,32Nvl_L3_NS,NONE,0.042,0.0
1390,32Nvl_L2_NS,32NVL_NS,0.039,0.039
1390,NvcNvl_L1_EW,NVCNVL_EW,0.007,0.003
1390,NvcNvl_L2_EW,NVCNVL_EW,0.008,0.008
1390,32Mt_L1_EW,NONE,0.007,0.0
1390,32Mt_L3_EW,NONE,0.009,0.0
1390,32Mt_L1_EW,32MT_EW,0.007,0.002
1390,NvcMt_L1_EW,NVCMT_EW,0.006,0.001
1390,32Thn_L1_EW,32THN_EW,0.008,0.003
1390,304Nvl_L3_EW,NONE,0.006,0.0
1390,304Nvl_L2_NS,NONE,0.007,0.0
1390,32Nvl_L3_EW,NONE,0.006,0.0
1390,32Nvl_L1_NS,32NVL_NS,0.034,0.034
1390,NvcNvl_L3_EW,NONE,0.009,0.0
1390,32Mt_L2_EW,NONE,0.008,0.0
1390,NvcMt_L2_EW,NVCMT_EW,0.008,0.002
1390,304Thn_L3_EW,NONE,0.008,0.0
1395,304Thn_L1_EW,304THN_EW,0.008,-0.004
1395,304Nvl_L1_EW,304NVL_EW,0.017,0.011
1395,32Nvl_L1_EW,32NVL_EW,0.007,0.002
1395,32Nvl_L2_EW,32NVL_EW,0.008,0.008
1395,32Nvl_L3_NS,NONE,0.008,0.0
1395,32Nvl_L2_NS,32NVL_NS,0.008,0.008
1395,NvcNvl_L1_EW,NVCNVL_EW,0.014,-0.008
1395,NvcNvl_L2_EW,NVCNVL_EW,0.016,0.016
1395,NvcNvl_L1_NS,NVCNVL_NS,0.007,0.007
1395,32Mt_L1_EW,32MT_EW,0.007,0.002
1395,32Mt_L1_NS,NONE,0.02,0.0
1395,NvcMt_L1_EW,NVCMT_EW,0.032,0.022
1395,32Nvl_L3_EW,NONE,0.006,0.0
1395,32Nvl_L1_NS,32NVL_NS,0.007,0.002
1395,NvcNvl_L3_EW,NONE,0.019,0.0
1395,32Mt_L2_NS,NONE,0.009,0.0
1395,NvcMt_L2_EW,NVCMT_EW,0.04,0.029
1400,304Nvl_L1_EW,304NVL_EW,0.008,0.008
1400,304Nvl_L1_NS,NONE,0.007,0.0
1400,32Nvl_L1_NS,32NVL_NS,0.035,0.035
1400,32Nvl_L1_EW,32NVL_EW,0.007,-0.008
1400,32Nvl_L2_EW,32NVL_EW,0.008,-0.006
1400,32Nvl_L3_NS,NONE,0.008,0.0
1400,32Nvl_L2_NS,32NVL_NS,0.008,0.008
1400,NvcNvl_L1_EW,NVCNVL_EW,0.014,-0.008
1400,NvcNvl_L2_EW,NVCNVL_EW,0.016,0.016
1400,32Mt_L1_EW,32MT_EW,0.014,0.009
1400,NvcMt_L2_NS,NONE,0.005,0.0
1400,NvcMt_L1_EW,NVCMT_EW,0.032,0.022
1400,32Thn_L1_EW,32THN_EW,0.008,0.003
1400,32Thn_L2_EW,32THN_EW,0.008,0.003
1400,32Thn_L3_EW,NONE,0.008,0.0
1400,32Nvl_L3_EW,NONE,0.006,0.0
1400,32Nvl_L1_NS,32NVL_NS,0.007,0.007
1400,NvcNvl_L3_EW,NONE,0.019,0.0
1400,32Mt_L2_EW,32MT_EW,0.011,0.005
1400,NvcMt_L1_NS,NONE,0.005,0.0
1400,NvcMt_L2_EW,NVCMT_EW,0.04,0.029
1405,32Nvl_L1_NS,32NVL_NS,0.007,0.007
1405,32Nvl_L1_EW,32NVL_EW,0.007,-0.008
1405,32Nvl_L2_EW,32NVL_EW,0.008,0.004
1405,32Nvl_L3_NS,NONE,0.017,0.0
1405,32Nvl_L2_NS,32NVL_NS,0.016,0.016
1405,NvcNvl_L1_EW,NVCNVL_EW,0.007,-0.015
1405,NvcNvl_L2_EW,NVCNVL_EW,0.008,0.008
1405,32Mt_L1_EW,32MT_EW,0.021,0.016
1405,NvcMt_L1_EW,NVCMT_EW,0.032,0.027
1405,32Thn_L1_EW,NONE,0.01,0.0
1405,32Nvl_L3_EW,NONE,0.006,0.0
1405,32Nvl_L1_NS,32NVL_NS,0.013,0.013
1405,NvcNvl_L3_EW,NONE,0.009,0.0
1405,32Mt_L2_EW,32MT_EW,0.005,0.0
1405,NvcMt_L2_EW,NVCMT_EW,0.04,0.034
1410,304Nvl_L1_NS,NONE,0.015,0.0
1410,304Nvl_L3_NS,NONE,0.016,0.0
1410,32Nvl_L3_NS,NONE,0.007,0.0
1410,32Nvl_L1_NS,32NVL_NS,0.007,0.007
1410,32Nvl_L1_EW,32NVL_EW,0.007,-0.003
1410,32Nvl_L2_EW,32NVL_EW,0.008,0.0
1410,32Nvl_L3_NS,NONE,0.017,0.0
1410,32Nvl_L2_NS,32NVL_NS,0.016,0.016
1410,NvcNvl_L3_NS,NONE,0.034,0.0
1410,NvcNvl_L2_NS,NONE,0.033,0.0
1410,NvcNvl_L1_EW,NONE,0.011,0.0
1410,NvcNvl_L2_EW,NONE,0.008,0.0
1410,32Mt_L1_EW,32MT_EW,0.014,0.009
1410,NvcMt_L2_EW,NVCMT_EW,0.003,0.003
1410,304Nvl_L2_NS,NONE,0.015,0.0
1410,32Nvl_L2_NS,32NVL_NS,0.007,0.007
1410,32Nvl_L3_EW,NONE,0.006,0.0
1410,32Nvl_L1_NS,32NVL_NS,0.013,0.013
1410,NvcNvl_L1_NS,NONE,0.044,0.0
1410,32Mt_L2_EW,32MT_EW,0.011,0.005
1410,NvcMt_L1_EW,NVCMT_EW,0.006,0.006
1415,304Nvl_L1_NS,NONE,0.022,0.0
1415,304Nvl_L3_NS,NONE,0.016,0.0
1415,32Nvl_L3_NS,NONE,0.041,0.0
1415,32Nvl_L1_NS,32NVL_NS,0.048,0.048
1415,32Nvl_L1_EW,32NVL_EW,0.007,-0.003
1415,32Nvl_L2_EW,32NVL_EW,0.008,0.0
1415,32Nvl_L3_NS,NONE,0.017,0.0
1415,32Nvl_L2_NS,32NVL_NS,0.016,0.016
1415,NvcNvl_L3_NS,NONE,0.02,0.0
1415,NvcNvl_L2_NS,NONE,0.02,0.0
1415,32Mt_L1_EW,32MT_EW,0.014,0.009
1415,NvcMt_L2_NS,NONE,0.005,0.0
1415,NvcMt_L1_EW,NVCMT_EW,0.013,0.013
1415,32Thn_L1_EW,NONE,0.01,0.0
1415,32Thn_L2_EW,NONE,0.01,0.0
1415,32Thn_L3_EW,NONE,0.007,0.0
1415,304Nvl_L2_NS,NONE,0.022,0.0
1415,32Nvl_L2_NS,32NVL_NS,0.04,0.04
1415,32Nvl_L3_EW,NONE,0.006,0.0
1415,32Nvl_L1_NS,32NVL_NS,0.013,0.013
1415,NvcNvl_L1_NS,NONE,0.026,0.0
1415,32Mt_L2_EW,32MT_EW,0.011,0.005
1415,NvcMt_L1_NS,NONE,0.005,0.0
1415,NvcMt_L2_EW,NVCMT_EW,0.016,0.016
1420,304Nvl_L1_EW,304NVL_EW,0.017,0.017
1420,304Nvl_L2_EW,304NVL_EW,0.007,0.007
1420,304Nvl_L1_NS,NONE,0.007,0.0
1420,304Nvl_L3_NS,NONE,0.008,0.0
1420,32Nvl_L1_NS,32NVL_NS,0.021,0.021
1420,32Nvl_L1_EW,32NVL_EW,0.007,0.001
1420,32Nvl_L2_EW,32NVL_EW,0.008,0.008
1420,32Nvl_L3_NS,NONE,0.008,0.0
1420,32Nvl_L2_NS,32NVL_NS,0.008,0.008
1420,NvcNvl_L3_NS,NONE,0.007,0.0
1420,NvcNvl_L2_NS,NONE,0.007,0.0
1420,NvcNvl_L1_EW,NONE,0.053,0.0
1420,NvcNvl_L2_EW,NONE,0.038,0.0
1420,32Thn_L1_EW,32THN_EW,0.008,0.003
1420,304Nvl_L3_EW,NONE,0.006,0.0
1420,304Nvl_L2_NS,NONE,0.007,0.0
1420,32Nvl_L2_NS,32NVL_NS,0.007,0.007
1420,32Nvl_L3_EW,NONE,0.006,0.0
1420,32Nvl_L1_NS,32NVL_NS,0.007,0.007
1420,NvcNvl_L1_NS,NONE,0.009,0.0
1425,304Nvl_L1_NS,304NVL_NS,0.009,0.004
1425,304Nvl_L1_EW,304NVL_EW,0.008,0.008
1425,304Nvl_L1_NS,NONE,0.044,0.0
1425,304Nvl_L3_NS,NONE,0.04,0.0
1425,32Nvl_L1_NS,32NVL_NS,0.007,0.001
1425,32Nvl_L1_EW,32NVL_EW,0.007,0.002
1425,32Nvl_L2_EW,32NVL_EW,0.008,0.004
1425,NvcNvl_L3_NS,NONE,0.014,0.0
1425,NvcNvl_L2_NS,NONE,0.013,0.0
1425,NvcNvl_L1_EW,NONE,0.011,0.0
1425,NvcNvl_L2_EW,NONE,0.008,0.0
1425,NvcNvl_L1_EW,NVCNVL_EW,0.007,0.003
1425,NvcNvl_L2_EW,NVCNVL_EW,0.008,0.008
1425,32Mt_L1_NS,32MT_NS,0.019,0.019
1425,32Mt_L1_EW,NONE,0.007,0.0
1425,32Mt_L1_EW,32MT_EW,0.007,0.002
1425,NvcMt_L1_EW,NVCMT_EW,0.006,0.001
1425,304Nvl_L2_NS,NONE,0.037,0.0
1425,32Nvl_L2_NS,32NVL_NS,0.007,0.007
1425,32Nvl_L3_EW,NONE,0.006,0.0
1425,32Nvl_L1_NS,32NVL_NS,0.04,0.034
1425,NvcNvl_L1_NS,NONE,0.017,0.0
1425,NvcNvl_L3_EW,NONE,0.009,0.0
1425,32Mt_L2_NS,32MT_NS,0.013,0.013
1425,32Mt_L2_EW,32MT_EW,0.005,0.0
1425,NvcMt_L2_EW,NVCMT_EW,0.008,0.002
1430,304Nvl_L1_NS,304NVL_NS,0.009,0.009
1430,304Nvl_L1_EW,304NVL_EW,0.025,0.025
1430,304Nvl_L2_EW,304NVL_EW,0.015,0.015
1430,304Nvl_L1_NS,NONE,0.007,0.0
1430,304Nvl_L3_NS,NONE,0.008,0.0
1430,32Nvl_L1_EW,32NVL_EW,0.007,0.002
1430,32Nvl_L2_EW,32NVL_EW,0.008,0.004
1430,NvcNvl_L1_EW,NVCNVL_EW,0.007,0.007
1430,32Mt_L1_NS,32MT_NS,0.013,0.013
1430,32Mt_L1_EW,32MT_EW,0.007,0.002
1430,NvcMt_L2_NS,NONE,0.063,0.0
1430,304Nvl_L3_EW,NONE,0.013,0.0
1430,304Nvl_L2_NS,NONE,0.007,0.0
1430,32Nvl_L3_EW,NONE,0.006,0.0
1430,32Nvl_L1_NS,32NVL_NS,0.007,0.0
1430,32Mt_L2_NS,32MT_NS,0.013,0.013
1430,32Mt_L2_EW,32MT_EW,0.005,0.0
1430,NvcMt_L1_NS,NONE,0.066,0.0
1435,304Nvl_L1_NS,304NVL_NS,0.009,0.009
1435,304Nvl_L1_EW,304NVL_EW,0.051,0.051
1435,304Nvl_L1_NS,NONE,0.007,0.0
1435,304Nvl_L3_NS,NONE,0.008,0.0
1435,32Nvl_L1_EW,32NVL_EW,0.007,-0.008
1435,32Nvl_L2_EW,32NVL_EW,0.008,-0.004
1435,NvcNvl_L1_EW,NVCNVL_EW,0.007,0.007
1435,32Mt_L1_NS,32MT_NS,0.013,0.013
1435,32Mt_L1_EW,NONE,0.007,0.0
1435,32Mt_L1_EW,32MT_EW,0.021,0.016
1435,NvcMt_L2_NS,NONE,0.063,0.0
1435,304Nvl_L2_NS,NONE,0.007,0.0
1435,32Nvl_L3_EW,NONE,0.006,0.0
1435,32Mt_L2_NS,32MT_NS,0.013,0.013
1435,32Mt_L2_EW,32MT_EW,0.016,0.011
1435,NvcMt_L1_NS,NONE,0.071,0.0
1440,304Nvl_L1_EW,304NVL_EW,0.017,0.017
1440,304Nvl_L2_EW,304NVL_EW,0.007,0.007
1440,304Nvl_L1_NS,NONE,0.022,0.0
1440,32Nvl_L1_EW,32NVL_EW,0.007,0.002
1440,32Nvl_L2_EW,32NVL_EW,0.008,0.004
1440,32Nvl_L3_NS,NONE,0.008,0.0
1440,32Nvl_L2_NS,32NVL_NS,0.008,0.008
1440,NvcNvl_L1_EW,NVCNVL_EW,0.007,0.007
1440,32Mt_L1_NS,32MT_NS,0.006,0.006
1440,32Mt_L1_EW,32MT_EW,0.007,0.002
1440,32Mt_L1_NS,NONE,0.01,0.0
1440,NvcMt_L2_NS,NONE,0.005,0.0
1440,304Nvl_L3_EW,NONE,0.006,0.0
1440,304Nvl_L2_NS,NONE,0.007,0.0
1440,32Nvl_L3_EW,NONE,0.006,0.0
1440,32Nvl_L1_NS,32NVL_NS,0.007,0.007
1440,32Mt_L2_NS,32MT_NS,0.006,0.006
1440,32Mt_L2_EW,32MT_EW,0.005,0.0
1440,32Mt_L2_NS,NONE,0.009,0.0
1440,NvcMt_L1_NS,NONE,0.005,0.0
1445,304Nvl_L1_NS,304NVL_NS,0.009,0.009
1445,304Nvl_L1_EW,304NVL_EW,0.017,0.017
1445,304Nvl_L2_EW,304NVL_EW,0.007,0.007
1445,304Nvl_L1_NS,NONE,0.007,0.0
1445,304Nvl_L3_NS,NONE,0.008,0.0
1445,32Nvl_L1_EW,32NVL_EW,0.014,0.009
1445,32Nvl_L2_EW,32NVL_EW,0.015,0.012
1445,NvcNvl_L3_NS,NONE,0.007,0.0
1445,NvcNvl_L2_NS,NONE,0.007,0.0
1445,32Mt_L1_NS,32MT_NS,0.006,0.006
1445,32Mt_L1_EW,NONE,0.014,0.0
1445,32Mt_L1_EW,32MT_EW,0.007,-0.003
1445,32Mt_L1_NS,NONE,0.01,0.0
1445,304Nvl_L2_NS,304NVL_NS,0.008,0.008
1445,304Nvl_L3_EW,NONE,0.006,0.0
1445,304Nvl_L2_NS,NONE,0.007,0.0
1445,32Nvl_L3_EW,NONE,0.013,0.0
1445,NvcNvl_L1_NS,NONE,0.009,0.0
1445,32Mt_L2_EW,32MT_EW,0.005,-0.005
1445,32Mt_L2_NS,NONE,0.009,0.0
1445,NvcMt_L1_EW,NVCMT_EW,0.067,0.067
1450,304Nvl_L1_NS,304NVL_NS,0.009,0.004
1450,304Nvl_L3_NS,NONE,0.007,0.0
1450,304Nvl_L1_NS,NONE,0.007,0.0
1450,32Nvl_L1_NS,32NVL_NS,0.007,0.001
1450,32Nvl_L1_EW,32NVL_EW,0.007,-0.003
1450,32Nvl_L2_EW,32NVL_EW,0.007,0.004
1450,NvcNvl_L3_NS,NONE,0.007,0.0
1450,NvcNvl_L2_NS,NONE,0.007,0.0
1450,NvcNvl_L1_EW,NONE,0.011,0.0
1450,NvcNvl_L2_EW,NONE,0.008,0.0
1450,NvcNvl_L1_EW,NVCNVL_EW,0.007,-0.015
1450,NvcNvl_L2_EW,NVCNVL_EW,0.008,0.008
1450,32Mt_L1_NS,32MT_NS,0.006,0.006
1450,32Mt_L1_EW,NONE,0.007,0.0
1450,32Mt_L1_EW,32MT_EW,0.014,0.014
1450,32Mt_L1_NS,NONE,0.01,0.0
1450,NvcMt_L1_EW,NVCMT_EW,0.032,0.027
1450,304Nvl_L2_NS,304NVL_NS,0.008,0.008
1450,32Nvl_L2_NS,32NVL_NS,0.007,0.001
1450,32Nvl_L3_EW,NONE,0.006,0.0
1450,NvcNvl_L1_NS,NONE,0.009,0.0
1450,NvcNvl_L3_EW,NONE,0.006,0.0
1450,NvcNvl_L3_EW,NONE,0.009,0.0
1450,32Mt_L2_EW,32MT_EW,0.005,0.005
1450,32Mt_L2_NS,NONE,0.009,0.0
1450,NvcMt_L2_EW,NVCMT_EW,0.04,0.034
1455,304Nvl_L1_NS,304NVL_NS,0.009,0.004
1455,304Nvl_L3_NS,NONE,0.007,0.0
1455,304Nvl_L1_NS,NONE,0.007,0.0
1455,32Nvl_L1_NS,32NVL_NS,0.007,0.001
1455,32Nvl_L3_NS,NONE,0.05,0.0
1455,32Nvl_L2_NS,32NVL_NS,0.047,0.042
1455,NvcNvl_L1_EW,NONE,0.011,0.0
1455,NvcNvl_L2_EW,NONE,0.008,0.0
1455,32Mt_L1_NS,32MT_NS,0.006,0.006
1455,304Nvl_L2_NS,304NVL_NS,0.008,-0.026
1455,32Nvl_L2_NS,32NVL_NS,0.007,0.001
1455,32Nvl_L1_NS,32NVL_NS,0.047,0.041
1460,304Nvl_L1_NS,304NVL_NS,0.009,-0.001
1460,304Nvl_L3_NS,NONE,0.007,0.0
1460,304Nvl_L1_EW,304NVL_EW,0.017,0.017
1460,304Nvl_L2_EW,304NVL_EW,0.007,0.007
1460,32Nvl_L3_NS,NONE,0.007,0.0
1460,32Nvl_L1_NS,32NVL_NS,0.014,0.008
1460,32Nvl_L3_NS,NONE,0.058,0.0
1460,32Nvl_L2_NS,32NVL_NS,0.055,0.05
1460,NvcNvl_L1_EW,NVCNVL_EW,0.007,0.007
1460,32Mt_L1_NS,32MT_NS,0.006,0.006
1460,32Mt_L1_EW,NONE,0.007,0.0
1460,NvcMt_L2_NS,NONE,0.005,0.0
1460,304Nvl_L2_NS,304NVL_NS,0.008,-0.031
1460,304Nvl_L3_EW,NONE,0.006,0.0
1460,32Nvl_L2_NS,32NVL_NS,0.013,0.008
1460,32Nvl_L1_NS,32NVL_NS,0.054,0.047
1460,NvcMt_L1_NS,NONE,0.005,0.0
1465,304Nvl_L1_NS,304NVL_NS,0.009,-0.005
1465,304Nvl_L3_NS,NONE,0.007,0.0
1465,304Nvl_L1_EW,304NVL_EW,0.017,0.017
1465,304Nvl_L2_EW,304NVL_EW,0.015,0.015
1465,32Nvl_L3_NS,NONE,0.014,0.0
1465,32Nvl_L1_NS,32NVL_NS,0.021,0.014
1465,NvcNvl_L1_EW,NVCNVL_EW,0.007,0.003
1465,32Mt_L1_NS,32MT_NS,0.006,0.006
1465,32Mt_L1_NS,NONE,0.01,0.0
1465,NvcMt_L1_EW,NVCMT_EW,0.006,0.001
1465,NvcCmt8_L2_NS,NONE,0.011,0.0
1465,NvcCmt8_L1_NS,NONE,0.008,0.0
1465,304Nvl_L2_NS,304NVL_NS,0.008,0.008
1465,304Nvl_L3_EW,NONE,0.013,0.0
1465,32Nvl_L2_NS,32NVL_NS,0.02,0.015
1465,32Nvl_L1_NS,32NVL_NS,0.013,0.007
1465,32Mt_L2_NS,NONE,0.009,0.0
1465,NvcMt_L2_EW,NVCMT_EW,0.008,0.008
1470,304Nvl_L1_EW,304NVL_EW,0.059,0.059
1470,304Nvl_L2_EW,304NVL_EW,0.051,0.051
1470,32Nvl_L3_NS,NONE,0.007,0.0
1470,32Nvl_L1_NS,32NVL_NS,0.007,0.007
1470,NvcNvl_L1_EW,NVCNVL_EW,0.014,0.01
1470,NvcNvl_L2_EW,NVCNVL_EW,0.008,0.008
1470,32Mt_L1_NS,32MT_NS,0.006,0.006
1470,32Mt_L1_EW,NONE,0.036,0.0
1470,32Mt_L3_EW,NONE,0.044,0.0
1470,NvcMt_L1_EW,NVCMT_EW,0.006,-0.004
1470,32Thn_L1_NS,32THN_NS,0.01,0.01
1470,32Thn_L2_NS,32THN_NS,0.013,0.013
1470,304Nvl_L3_EW,NONE,0.044,0.0
1470,32Nvl_L2_NS,32NVL_NS,0.007,0.007
1470,32Nvl_L1_NS,32NVL_NS,0.007,0.007
1470,NvcNvl_L3_EW,NONE,0.009,0.0
1470,32Mt_L2_EW,NONE,0.038,0.0
1470,NvcMt_L2_EW,NVCMT_EW,0.008,0.002
1475,304Nvl_L1_NS,304NVL_NS,0.009,-0.005
1475,304Nvl_L3_NS,NONE,0.007,0.0
1475,304Nvl_L1_EW,304NVL_EW,0.051,0.051
1475,304Nvl_L2_EW,304NVL_EW,0.044,0.044
1475,32Nvl_L3_NS,NONE,0.007,0.0
1475,32Nvl_L1_NS,32NVL_NS,0.021,0.014
1475,32Nvl_L2_NS,32NVL_NS,0.039,0.034
1475,NvcNvl_L3_NS,NONE,0.007,0.0
1475,NvcNvl_L2_NS,NONE,0.007,0.0
1475,NvcNvl_L1_EW,NVCNVL_EW,0.007,0.003
1475,NvcNvl_L2_EW,NVCNVL_EW,0.008,0.008
1475,32Mt_L1_EW,32MT_EW,0.007,0.007
1475,NvcMt_L1_EW,NVCMT_EW,0.006,0.001
1475,32Thn_L1_NS,32THN_NS,0.01,0.01
1475,32Thn_L2_NS,32THN_NS,0.013,0.013
1475,304Nvl_L2_NS,304NVL_NS,0.008,-0.02
1475,304Nvl_L3_EW,NONE,0.032,0.0
1475,32Nvl_L2_NS,32NVL_NS,0.013,0.008
1475,NvcNvl_L1_NS,NONE,0.009,0.0
1475,NvcNvl_L3_EW,NONE,0.009,0.0
1475,32Mt_L2_EW,32MT_EW,0.005,0.005
1475,NvcMt_L2_EW,NVCMT_EW,0.008,0.002
1480,304Nvl_L1_NS,304NVL_NS,0.009,0.009
1480,304Nvl_L3_NS,NONE,0.007,0.0
1480,304Nvl_L1_EW,304NVL_EW,0.017,0.017
1480,304Nvl_L2_EW,304NVL_EW,0.015,0.015
1480,32Nvl_L3_NS,NONE,0.042,0.0
1480,32Nvl_L2_NS,32NVL_NS,0.039,0.034
1480,NvcNvl_L1_EW,NVCNVL_EW,0.014,0.014
1480,NvcNvl_L2_EW,NVCNVL_EW,0.016,0.016
1480,32Mt_L1_EW,32MT_EW,0.042,0.042
1480,304Nvl_L2_NS,304NVL_NS,0.008,-0.02
1480,304Nvl_L3_EW,NONE,0.013,0.0
1480,32Nvl_L1_NS,32NVL_NS,0.034,0.027
1480,NvcNvl_L3_EW,NONE,0.019,0.0
1480,32Mt_L2_EW,32MT_EW,0.005,0.005
1485,304Nvl_L1_NS,304NVL_NS,0.009,-0.015
1485,304Nvl_L3_NS,NONE,0.007,0.0
1485,304Nvl_L1_EW,304NVL_EW,0.025,0.025
1485,304Nvl_L2_EW,304NVL_EW,0.022,0.022
1485,304Nvl_L1_NS,NONE,0.007,0.0
1485,32Nvl_L1_NS,32NVL_NS,0.035,0.028
1485,NvcNvl_L3_NS,NONE,0.007,0.0
1485,NvcNvl_L2_NS,NONE,0.007,0.0
1485,NvcNvl_L1_EW,NVCNVL_EW,0.021,0.021
1485,NvcNvl_L2_EW,NVCNVL_EW,0.023,0.023
1485,32Mt_L1_EW,32MT_EW,0.049,0.049
1485,304Nvl_L2_NS,304NVL_NS,0.008,0.008
1485,304Nvl_L3_EW,NONE,0.019,0.0
1485,32Nvl_L1_NS,32NVL_NS,0.007,0.0
1485,NvcNvl_L1_NS,NONE,0.009,0.0
1485,NvcNvl_L3_EW,NONE,0.028,0.0
1485,32Mt_L2_EW,32MT_EW,0.011,0.011
1490,304Nvl_L1_NS,304NVL_NS,0.018,0.018
1490,304Nvl_L3_NS,NONE,0.007,0.0
1490,304Nvl_L1_NS,NONE,0.007,0.0
1490,32Nvl_L1_EW,32NVL_EW,0.007,-0.037
1490,32Nvl_L2_EW,32NVL_EW,0.008,-0.027
1490,NvcNvl_L1_EW,NVCNVL_EW,0.021,0.021
1490,NvcNvl_L2_EW,NVCNVL_EW,0.023,0.023
1490,32Mt_L1_EW,32MT_EW,0.063,0.058
1490,NvcMt_L2_NS,NONE,0.032,0.0
1490,304Nvl_L2_NS,304NVL_NS,0.008,0.008
1490,32Nvl_L3_EW,NONE,0.006,0.0
1490,NvcNvl_L3_EW,NONE,0.028,0.0
1490,32Mt_L2_EW,32MT_EW,0.049,0.044
1490,NvcMt_L1_NS,NONE,0.033,0.0
1495,304Nvl_L1_NS,304NVL_NS,0.018,0.018
1495,304Nvl_L3_NS,NONE,0.007,0.0
1495,304Nvl_L1_EW,304NVL_EW,0.017,0.017
1495,304Nvl_L2_EW,304NVL_EW,0.007,0.007
1495,32Nvl_L1_EW,32NVL_EW,0.014,0.004
1495,32Nvl_L2_EW,32NVL_EW,0.015,0.008
1495,32Nvl_L3_NS,NONE,0.008,0.0
1495,32Nvl_L2_NS,32NVL_NS,0.008,0.003
1495,NvcNvl_L3_NS,NONE,0.007,0.0
1495,NvcNvl_L2_NS,NONE,0.007,0.0
1495,NvcNvl_L1_EW,NVCNVL_EW,0.042,0.042
1495,NvcNvl_L2_EW,NVCNVL_EW,0.039,0.039
1495,32Mt_L1_EW,NONE,0.007,0.0
1495,32Mt_L1_EW,32MT_EW,0.014,0.004
1495,NvcMt_L2_NS,NONE,0.037,0.0
1495,304Nvl_L2_NS,304NVL_NS,0.008,0.002
1495,304Nvl_L3_EW,NONE,0.006,0.0
1495,32Nvl_L3_EW,NONE,0.013,0.0
1495,32Nvl_L1_NS,32NVL_NS,0.007,-0.006
1495,NvcNvl_L1_NS,NONE,0.009,0.0
1495,NvcNvl_L3_EW,NONE,0.037,0.0
1495,32Mt_L2_EW,32MT_EW,0.011,0.0
1495,NvcMt_L1_NS,NONE,0.038,0.0
1500,304Nvl_L1_NS,304NVL_NS,0.018,0.018
1500,304Nvl_L3_NS,NONE,0.007,0.0
1500,304Nvl_L1_EW,304NVL_EW,0.008,0.008
1500,304Nvl_L1_NS,NONE,0.007,0.0
1500,304Nvl_L3_NS,NONE,0.008,0.0
1500,32Nvl_L1_EW,32NVL_EW,0.007,0.007
1500,32Nvl_L2_EW,32NVL_EW,0.008,0.008
1500,32Nvl_L3_NS,NONE,0.008,0.0
1500,32Nvl_L2_NS,32NVL_NS,0.008,0.003
1500,NvcNvl_L1_EW,NVCNVL_EW,0.042,0.042
1500,NvcNvl_L2_EW,NVCNVL_EW,0.039,0.039
1500,32Mt_L1_EW,NONE,0.007,0.0
1500,32Mt_L3_EW,NONE,0.009,0.0
1500,NvcMt_L2_NS,NONE,0.005,0.0
1500,304Nvl_L2_NS,304NVL_NS,0.008,0.002
1500,304Nvl_L2_NS,NONE,0.007,0.0
1500,32Nvl_L3_EW,NONE,0.006,0.0
1500,32Nvl_L1_NS,32NVL_NS,0.007,-0.006
1500,NvcNvl_L3_EW,NONE,0.047,0.0
1500,32Mt_L2_EW,NONE,0.008,0.0
1500,NvcMt_L1_NS,NONE,0.005,0.0
1505,304Nvl_L1_NS,304NVL_NS,0.009,0.004
1505,304Nvl_L3_NS,NONE,0.007,0.0
1505,304Nvl_L1_EW,304NVL_EW,0.008,0.008
1505,32Nvl_L1_NS,32NVL_NS,0.007,0.001
1505,32Nvl_L1_EW,32NVL_EW,0.007,0.007
1505,32Nvl_L2_EW,32NVL_EW,0.008,0.008
1505,32Nvl_L1_EW,32NVL_EW,0.007,0.007
1505,32Nvl_L3_NS,NONE,0.008,0.0
1505,32Nvl_L2_NS,32NVL_NS,0.008,0.003
1505,NvcNvl_L3_NS,NONE,0.007,0.0
1505,NvcNvl_L2_NS,NONE,0.007,0.0
1505,NvcNvl_L1_EW,NVCNVL_EW,0.042,0.038
1505,NvcNvl_L2_EW,NVCNVL_EW,0.039,0.039
1505,32Mt_L1_EW,NONE,0.115,0.0
1505,32Mt_L3_EW,NONE,0.124,0.0
1505,NvcMt_L1_EW,NVCMT_EW,0.006,-0.023
1505,304Nvl_L2_NS,304NVL_NS,0.008,0.002
1505,32Nvl_L3_EW,NONE,0.006,0.0
1505,32Nvl_L1_NS,32NVL_NS,0.013,0.007
1505,NvcNvl_L1_NS,NONE,0.009,0.0
1505,NvcNvl_L3_EW,NONE,0.047,0.0
1505,32Mt_L2_EW,NONE,0.106,0.0
1505,NvcMt_L2_EW,NVCMT_EW,0.008,-0.019
1510,304Nvl_L1_NS,304NVL_NS,0.009,0.009
1510,304Nvl_L3_NS,NONE,0.007,0.0
1510,304Nvl_L1_EW,304NVL_EW,0.008,0.008
1510,304Nvl_L1_NS,NONE,0.036,0.0
1510,32Nvl_L1_EW,32NVL_EW,0.007,-0.003
1510,32Nvl_L2_EW,32NVL_EW,0.008,0.004
1510,32Nvl_L1_EW,32NVL_EW,0.007,-0.003
1510,NvcNvl_L3_NS,NONE,0.007,0.0
1510,NvcNvl_L2_NS,NONE,0.007,0.0
1510,NvcNvl_L1_EW,NVCNVL_EW,0.035,0.031
1510,NvcNvl_L2_EW,NVCNVL_EW,0.039,0.039
1510,32Mt_L1_EW,NONE,0.065,0.0
1510,32Mt_L3_EW,NONE,0.062,0.0
1510,32Mt_L1_EW,32MT_EW,0.014,0.009
1510,NvcMt_L1_EW,NVCMT_EW,0.006,-0.018
1510,304Nvl_L2_NS,304NVL_NS,0.008,0.008
1510,304Nvl_L2_NS,NONE,0.037,0.0
1510,32Nvl_L3_EW,NONE,0.006,0.0
1510,NvcNvl_L1_NS,NONE,0.009,0.0
1510,NvcNvl_L3_EW,NONE,0.047,0.0
1510,32Mt_L2_EW,NONE,0.053,0.0
1510,32Mt_L2_EW,32MT_EW,0.005,0.0
1510,NvcMt_L2_EW,NVCMT_EW,0.008,-0.019
1515,304Nvl_L1_NS,304NVL_NS,0.009,-0.02
1515,304Nvl_L3_NS,NONE,0.007,0.0
1515,304Nvl_L1_EW,304NVL_EW,0.008,0.008
1515,304Nvl_L2_EW,304NVL_EW,0.007,0.007
1515,304Nvl_L1_NS,NONE,0.036,0.0
1515,304Nvl_L3_NS,NONE,0.04,0.0
1515,32Nvl_L3_NS,NONE,0.041,0.0
1515,32Nvl_L1_NS,32NVL_NS,0.042,0.035
1515,32Nvl_L1_EW,32NVL_EW,0.007,-0.003
1515,32Nvl_L2_EW,32NVL_EW,0.008,0.004
1515,32Nvl_L1_EW,32NVL_EW,0.007,-0.003
1515,NvcNvl_L3_NS,NONE,0.007,0.0
1515,NvcNvl_L2_NS,NONE,0.007,0.0
1515,NvcNvl_L1_EW,NVCNVL_EW,0.021,0.017
1515,NvcNvl_L2_EW,NVCNVL_EW,0.016,0.016
1515,32Mt_L1_NS,32MT_NS,0.075,0.075
1515,32Mt_L1_EW,NONE,0.072,0.0
1515,32Mt_L3_EW,NONE,0.08,0.0
1515,32Mt_L1_EW,32MT_EW,0.014,0.009
1515,NvcMt_L1_EW,NVCMT_EW,0.006,-0.008
1515,304Nvl_L2_NS,304NVL_NS,0.008,0.008
1515,304Nvl_L3_EW,NONE,0.006,0.0
1515,304Nvl_L2_NS,NONE,0.037,0.0
1515,32Nvl_L2_NS,32NVL_NS,0.04,0.035
1515,32Nvl_L3_EW,NONE,0.006,0.0
1515,NvcNvl_L1_NS,NONE,0.009,0.0
1515,NvcNvl_L3_EW,NONE,0.009,0.0
1515,32Mt_L2_EW,NONE,0.068,0.0
1515,32Mt_L2_EW,32MT_EW,0.005,0.0
1515,NvcMt_L2_EW,NVCMT_EW,0.008,-0.003
1520,304Nvl_L1_NS,304NVL_NS,0.009,0.004
1520,304Nvl_L3_NS,NONE,0.007,0.0
1520,304Nvl_L1_EW,304NVL_EW,0.119,0.119
1520,304Nvl_L2_EW,304NVL_EW,0.102,0.102
1520,32Nvl_L3_NS,NONE,0.007,0.0
1520,32Nvl_L1_NS,32NVL_NS,0.007,0.001
1520,32Nvl_L1_EW,32NVL_EW,0.007,-0.008
1520,32Nvl_L2_EW,32NVL_EW,0.008,0.004
1520,32Nvl_L3_NS,NONE,0.008,0.0
1520,32Nvl_L2_NS,32NVL_NS,0.008,0.003
1520,NvcNvl_L1_EW,NVCNVL_EW,0.007,0.007
1520,32Mt_L1_NS,32MT_NS,0.082,0.082
1520,32Mt_L1_EW,32MT_EW,0.021,0.016
1520,NvcMt_L2_NS,NONE,0.005,0.0
1520,304Nvl_L2_NS,304NVL_NS,0.008,0.002
1520,304Nvl_L3_EW,NONE,0.013,0.0
1520,32Nvl_L2_NS,32NVL_NS,0.007,0.001
1520,32Nvl_L3_EW,NONE,0.006,0.0
1520,32Nvl_L1_NS,32NVL_NS,0.007,0.0
1520,32Mt_L2_EW,32MT_EW,0.005,0.0
1520,NvcMt_L1_NS,NONE,0.005,0.0
1525,304Nvl_L1_NS,304NVL_NS,0.018,0.013
1525,304Nvl_L3_NS,NONE,0.015,0.0
1525,304Nvl_L1_EW,304NVL_EW,0.178,0.178
1525,304Nvl_L2_EW,304NVL_EW,0.116,0.116
1525,304Nvl_L1_NS,NONE,0.007,0.0
1525,32Nvl_L1_NS,32NVL_NS,0.007,-0.006
1525,32Nvl_L1_EW,32NVL_EW,0.007,-0.008
1525,32Nvl_L2_EW,32NVL_EW,0.008,0.0
1525,NvcNvl_L1_EW,NONE,0.011,0.0
1525,32Mt_L1_NS,32MT_NS,0.013,0.013
1525,32Mt_L1_EW,32MT_EW,0.021,0.016
1525,32Mt_L1_NS,NONE,0.02,0.0
1525,304Nvl_L2_NS,304NVL_NS,0.015,0.015
1525,304Nvl_L3_EW,NONE,0.101,0.0
1525,32Nvl_L2_NS,32NVL_NS,0.007,-0.004
1525,32Nvl_L3_EW,NONE,0.006,0.0
1525,32Mt_L2_EW,32MT_EW,0.011,0.005
1525,32Mt_L2_NS,NONE,0.009,0.0
1530,304Nvl_L1_NS,304NVL_NS,0.027,0.027
1530,304Nvl_L3_NS,NONE,0.015,0.0
1530,304Nvl_L1_EW,304NVL_EW,0.034,0.034
1530,304Nvl_L2_EW,304NVL_EW,0.029,0.029
1530,304Nvl_L1_NS,NONE,0.015,0.0
1530,304Nvl_L3_NS,NONE,0.008,0.0
1530,32Nvl_L1_EW,32NVL_EW,0.007,0.007
1530,32Nvl_L2_EW,32NVL_EW,0.008,0.008
1530,32Nvl_L3_NS,NONE,0.008,0.0
1530,32Nvl_L2_NS,32NVL_NS,0.008,-0.003
1530,NvcNvl_L1_EW,NONE,0.011,0.0
1530,NvcNvl_L2_EW,NONE,0.008,0.0
1530,32Mt_L1_NS,32MT_NS,0.013,0.013
1530,32Mt_L1_NS,NONE,0.059,0.0
1530,NvcMt_L2_NS,NONE,0.005,0.0
1530,304Nvl_L2_NS,304NVL_NS,0.015,0.01
1530,304Nvl_L3_EW,NONE,0.025,0.0
1530,304Nvl_L2_NS,NONE,0.007,0.0
1530,32Nvl_L3_EW,NONE,0.006,0.0
1530,32Nvl_L1_NS,32NVL_NS,0.013,-0.006
1530,32Mt_L2_NS,NONE,0.009,0.0
1530,NvcMt_L1_NS,NONE,0.005,0.0
1535,304Nvl_L1_NS,304NVL_NS,0.027,0.027
1535,304Nvl_L3_NS,NONE,0.015,0.0
1535,304Nvl_L1_EW,304NVL_EW,0.008,0.008
1535,32Nvl_L1_EW,32NVL_EW,0.007,0.002
1535,32Nvl_L2_EW,32NVL_EW,0.008,0.004
1535,NvcNvl_L3_NS,NONE,0.007,0.0
1535,NvcNvl_L2_NS,NONE,0.007,0.0
1535,32Mt_L1_NS,32MT_NS,0.006,0.006
1535,32Mt_L1_EW,NONE,0.007,0.0
1535,32Mt_L1_EW,32MT_EW,0.007,0.002
1535,NvcMt_L2_NS,NONE,0.005,0.0
1535,304Nvl_L2_NS,304NVL_NS,0.015,0.015
1535,32Nvl_L3_EW,NONE,0.006,0.0
1535,32Nvl_L1_NS,32NVL_NS,0.007,-0.012
1535,NvcNvl_L1_NS,NONE,0.009,0.0
1535,32Mt_L2_EW,32MT_EW,0.005,0.0
1535,NvcMt_L1_NS,NONE,0.005,0.0
1540,304Nvl_L1_NS,304NVL_NS,0.027,0.022
1540,304Nvl_L3_NS,NONE,0.015,0.0
1540,304Nvl_L1_EW,304NVL_EW,0.008,0.008
1540,304Nvl_L1_NS,NONE,0.088,0.0
1540,32Nvl_L1_NS,32NVL_NS,0.007,-0.012
1540,32Nvl_L1_EW,32NVL_EW,0.007,0.007
1540,32Nvl_L2_EW,32NVL_EW,0.008,0.008
1540,NvcNvl_L3_NS,NONE,0.007,0.0
1540,NvcNvl_L2_NS,NONE,0.007,0.0
1540,32Mt_L1_NS,32MT_NS,0.006,0.006
1540,32Mt_L1_NS,NONE,0.02,0.0
1540,NvcMt_L1_EW,NVCMT_EW,0.006,0.006
1540,304Nvl_L2_NS,304NVL_NS,0.015,0.015
1540,32Nvl_L3_EW,NONE,0.006,0.0
1540,NvcNvl_L1_NS,NONE,0.009,0.0
1540,32Mt_L2_NS,NONE,0.017,0.0
1540,NvcMt_L2_EW,NVCMT_EW,0.008,0.008
1545,304Nvl_L1_NS,304NVL_NS,0.018,0.018
1545,304Nvl_L3_NS,NONE,0.015,0.0
1545,304Nvl_L1_EW,304NVL_EW,0.017,0.017
1545,304Nvl_L1_NS,NONE,0.095,0.0
1545,32Nvl_L1_EW,32NVL_EW,0.007,0.007
1545,32Nvl_L2_EW,32NVL_EW,0.008,0.008
1545,32Mt_L1_NS,32MT_NS,0.006,0.006
1545,32Mt_L1_EW,NONE,0.022,0.0
1545,32Mt_L3_EW,NONE,0.018,0.0
1545,32Mt_L1_NS,NONE,0.01,0.0
1545,304Nvl_L2_NS,304NVL_NS,0.015,0.015
1545,32Nvl_L3_EW,NONE,0.006,0.0
1545,32Mt_L2_EW,NONE,0.015,0.0
1550,304Nvl_L1_NS,304NVL_NS,0.018,0.013
1550,304Nvl_L3_NS,NONE,0.015,0.0
1550,32Nvl_L3_NS,NONE,0.007,0.0
1550,32Nvl_L1_NS,32NVL_NS,0.007,-0.006
1550,32Nvl_L1_EW,32NVL_EW,0.007,0.007
1550,32Nvl_L2_EW,32NVL_EW,0.008,0.008
1550,32Nvl_L3_NS,NONE,0.008,0.0
1550,32Nvl_L2_NS,32NVL_NS,0.008,-0.003
1550,NvcNvl_L1_EW,NONE,0.011,0.0
1550,NvcNvl_L2_EW,NONE,0.008,0.0
1550,NvcNvl_L1_EW,NVCNVL_EW,0.014,0.014
1550,NvcNvl_L2_EW,NVCNVL_EW,0.016,0.016
1550,32Mt_L1_NS,32MT_NS,0.006,0.006
1550,32Mt_L1_EW,NONE,0.029,0.0
1550,32Mt_L3_EW,NONE,0.027,0.0
1550,32Mt_L1_NS,NONE,0.01,0.0
1550,304Nvl_L2_NS,304NVL_NS,0.015,0.01
1550,32Nvl_L2_NS,32NVL_NS,0.007,-0.004
1550,32Nvl_L3_EW,NONE,0.006,0.0
1550,32Nvl_L1_NS,32NVL_NS,0.007,-0.006
1550,NvcNvl_L3_EW,NONE,0.019,0.0
1550,32Mt_L2_EW,NONE,0.023,0.0
1550,32Mt_L2_NS,NONE,0.009,0.0
1555,304Nvl_L1_NS,304NVL_NS,0.018,0.013
1555,304Nvl_L3_NS,NONE,0.015,0.0
1555,304Nvl_L1_EW,304NVL_EW,0.008,0.008
1555,304Nvl_L2_EW,304NVL_EW,0.007,0.007
1555,32Nvl_L3_NS,NONE,0.007,0.0
1555,32Nvl_L1_NS,32NVL_NS,0.007,-0.006
1555,32Nvl_L1_EW,32NVL_EW,0.014,0.004
1555,32Nvl_L2_EW,32NVL_EW,0.015,0.01
1555,NvcNvl_L2_NS,NONE,0.007,0.0
1555,32Mt_L1_NS,32MT_NS,0.013,0.013
1555,32Mt_L1_EW,NONE,0.007,0.0
1555,32Mt_L3_EW,NONE,0.009,0.0
1555,32Mt_L1_EW,32MT_EW,0.007,-0.003
1555,NvcMt_L1_EW,NVCMT_EW,0.006,0.006
1555,32Thn_L1_EW,NONE,0.01,0.0
1555,32Thn_L2_EW,NONE,0.01,0.0
1555,32Thn_L1_EW,32THN_EW,0.008,-0.002
1555,32Thn_L2_EW,32THN_EW,0.008,-0.002
1555,32Thn_L3_EW,NONE,0.007,0.0
1555,32Thn_L3_EW,NONE,0.008,0.0
1555,304Nvl_L2_NS,304NVL_NS,0.015,0.015
1555,304Nvl_L3_EW,NONE,0.006,0.0
1555,32Nvl_L2_NS,32NVL_NS,0.007,-0.004
1555,32Nvl_L3_EW,NONE,0.013,0.0
1555,NvcNvl_L1_NS,NONE,0.009,0.0
1555,32Mt_L2_EW,NONE,0.008,0.0
1555,NvcMt_L2_EW,NVCMT_EW,0.008,0.008
1560,304Nvl_L1_NS,304NVL_NS,0.018,0.013
1560,304Nvl_L3_NS,NONE,0.015,0.0
1560,32Nvl_L1_NS,32NVL_NS,0.007,-0.006
1560,32Nvl_L1_EW,32NVL_EW,0.014,0.004
1560,32Nvl_L2_EW,32NVL_EW,0.015,0.012
1560,32Nvl_L3_NS,NONE,0.042,0.0
1560,32Nvl_L2_NS,32NVL_NS,0.039,0.029
1560,32Mt_L1_NS,32MT_NS,0.006,0.006
1560,32Mt_L1_EW,32MT_EW,0.007,-0.003
1560,32Mt_L1_NS,NONE,0.02,0.0
1560,32Thn_L1_EW,NONE,0.01,0.0
1560,32Thn_L1_EW,32THN_EW,0.008,-0.002
1560,304Nvl_L2_NS,304NVL_NS,0.015,-0.012
1560,32Nvl_L3_EW,NONE,0.013,0.0
1560,32Nvl_L1_NS,32NVL_NS,0.04,0.028
1560,32Mt_L2_EW,32MT_EW,0.005,-0.005
1565,304Nvl_L1_NS,304NVL_NS,0.018,0.018
1565,304Nvl_L3_NS,NONE,0.015,0.0
1565,304Nvl_L1_NS,NONE,0.015,0.0
1565,304Nvl_L3_NS,NONE,0.008,0.0
1565,32Nvl_L1_EW,32NVL_EW,0.014,0.009
1565,32Nvl_L2_EW,32NVL_EW,0.015,0.012
1565,32Nvl_L3_NS,NONE,0.042,0.0
1565,32Nvl_L2_NS,32NVL_NS,0.039,0.029
1565,NvcNvl_L1_EW,NONE,0.021,0.0
1565,NvcNvl_L2_EW,NONE,0.015,0.0
1565,32Mt_L1_EW,NONE,0.007,0.0
1565,32Mt_L3_EW,NONE,0.009,0.0
1565,32Mt_L1_EW,32MT_EW,0.007,-0.003
1565,32Mt_L1_NS,NONE,0.01,0.0
1565,NvcMt_L2_NS,NONE,0.005,0.0
1565,NvcMt_L1_EW,NVCMT_EW,0.006,0.006
1565,304Nvl_L2_NS,304NVL_NS,0.015,-0.012
1565,304Nvl_L2_NS,NONE,0.007,0.0
1565,32Nvl_L3_EW,NONE,0.013,0.0
1565,32Nvl_L1_NS,32NVL_NS,0.04,0.028
1565,NvcNvl_L3_EW,NONE,0.006,0.0
1565,32Mt_L2_EW,NONE,0.008,0.0
1565,32Mt_L2_EW,32MT_EW,0.005,-0.005
1565,32Mt_L2_NS,NONE,0.009,0.0
1565,NvcMt_L1_NS,NONE,0.005,0.0
1565,NvcMt_L2_EW,NVCMT_EW,0.008,0.008
1570,304Nvl_L1_NS,304NVL_NS,0.018,0.018
1570,304Nvl_L3_NS,NONE,0.015,0.0
1570,32Nvl_L1_EW,32NVL_EW,0.028,0.028
1570,32Nvl_L2_EW,32NVL_EW,0.031,0.031
1570,32Nvl_L3_NS,NONE,0.042,0.0
1570,32Nvl_L2_NS,32NVL_NS,0.079,0.068
1570,NvcNvl_L3_NS,NONE,0.034,0.0
1570,NvcNvl_L2_NS,NONE,0.033,0.0
1570,NvcMt_L2_NS,NONE,0.005,0.0
1570,32Thn_L1_EW,NONE,0.01,0.0
1570,32Thn_L2_EW,NONE,0.01,0.0
1570,32Thn_L3_EW,NONE,0.007,0.0
1570,304Nvl_L2_NS,304NVL_NS,0.015,-0.04
1570,32Nvl_L3_EW,NONE,0.025,0.0
1570,32Nvl_L1_NS,32NVL_NS,0.074,0.061
1570,NvcNvl_L1_NS,NONE,0.044,0.0
1570,NvcMt_L1_NS,NONE,0.005,0.0
1575,304Nvl_L1_EW,304NVL_EW,0.051,0.051
1575,304Nvl_L2_EW,304NVL_EW,0.044,0.044
1575,32Nvl_L1_EW,32NVL_EW,0.021,0.011
1575,32Nvl_L2_EW,32NVL_EW,0.023,0.023
1575,32Nvl_L3_NS,NONE,0.109,0.0
1575,32Nvl_L2_NS,32NVL_NS,0.103,0.103
1575,NvcNvl_L1_EW,NVCNVL_EW,0.007,0.007
1575,32Mt_L1_NS,32MT_NS,0.006,0.006
1575,32Mt_L1_EW,32MT_EW,0.007,-0.008
1575,32Mt_L1_NS,NONE,0.059,0.0
1575,32Thn_L1_EW,32THN_EW,0.008,-0.007
1575,304Nvl_L3_EW,NONE,0.038,0.0
1575,32Nvl_L3_EW,NONE,0.019,0.0
1575,32Nvl_L1_NS,32NVL_NS,0.107,0.107
1575,32Mt_L2_NS,NONE,0.052,0.0
1580,304Nvl_L1_EW,304NVL_EW,0.059,0.059
1580,304Nvl_L2_EW,304NVL_EW,0.044,0.044
1580,304Nvl_L1_NS,NONE,0.015,0.0
1580,304Nvl_L3_NS,NONE,0.008,0.0
1580,32Nvl_L1_EW,32NVL_EW,0.014,0.004
1580,32Nvl_L2_EW,32NVL_EW,0.015,0.012
1580,32Nvl_L3_NS,NONE,0.058,0.0
1580,32Nvl_L2_NS,32NVL_NS,0.055,0.055
1580,NvcNvl_L1_EW,NONE,0.053,0.0
1580,NvcNvl_L2_EW,NONE,0.038,0.0
1580,NvcNvl_L1_EW,NVCNVL_EW,0.007,0.007
1580,32Mt_L1_EW,32MT_EW,0.007,-0.003
1580,32Mt_L1_NS,NONE,0.049,0.0
1580,32Thn_L1_EW,32THN_EW,0.008,-0.002
1580,304Nvl_L3_EW,NONE,0.038,0.0
1580,304Nvl_L2_NS,NONE,0.007,0.0
1580,32Nvl_L3_EW,NONE,0.013,0.0
1580,32Nvl_L1_NS,32NVL_NS,0.06,0.06
1580,32Mt_L2_EW,32MT_EW,0.005,-0.005
1580,32Mt_L2_NS,NONE,0.043,0.0
1585,304Nvl_L1_EW,304NVL_EW,0.059,0.059
1585,304Nvl_L2_EW,304NVL_EW,0.044,0.044
1585,304Nvl_L1_NS,NONE,0.007,0.0
1585,32Nvl_L3_NS,NONE,0.082,0.0
1585,32Nvl_L1_NS,32NVL_NS,0.083,0.083
1585,32Nvl_L1_EW,32NVL_EW,0.007,0.002
1585,32Nvl_L2_EW,32NVL_EW,0.008,0.004
1585,32Nvl_L1_EW,32NVL_EW,0.007,0.002
1585,NvcNvl_L1_EW,NVCNVL_EW,0.007,0.007
1585,32Mt_L1_EW,NONE,0.014,0.0
1585,32Mt_L1_EW,32MT_EW,0.007,0.002
1585,32Mt_L1_NS,NONE,0.176,0.0
1585,304Nvl_L3_EW,NONE,0.038,0.0
1585,32Nvl_L2_NS,32NVL_NS,0.08,0.08
1585,32Nvl_L3_EW,NONE,0.006,0.0
1585,32Nvl_L1_NS,32NVL_NS,0.007,0.007
1585,32Mt_L2_EW,NONE,0.008,0.0
1585,32Mt_L2_EW,32MT_EW,0.005,0.0
1585,32Mt_L2_NS,NONE,0.113,0.0
1590,304Nvl_L1_EW,304NVL_EW,0.051,0.051
1590,304Nvl_L2_EW,304NVL_EW,0.044,0.044
1590,32Nvl_L3_NS,NONE,0.007,0.0
1590,32Nvl_L1_NS,32NVL_NS,0.131,0.131
1590,32Nvl_L1_EW,32NVL_EW,0.007,-0.017
1590,32Nvl_L2_EW,32NVL_EW,0.008,0.008
1590,32Nvl_L1_EW,32NVL_EW,0.007,-0.018
1590,32Nvl_L3_NS,NONE,0.008,0.0
1590,32Nvl_L2_NS,32NVL_NS,0.008,0.008
1590,NvcNvl_L3_NS,NONE,0.014,0.0
1590,NvcNvl_L2_NS,NONE,0.013,0.0
1590,32Mt_L1_EW,NONE,0.007,0.0
1590,32Mt_L3_EW,NONE,0.009,0.0
1590,32Mt_L1_EW,32MT_EW,0.035,0.03
1590,32Mt_L1_NS,NONE,0.01,0.0
1590,NvcMt_L1_EW,NVCMT_EW,0.006,0.006
1590,304Nvl_L3_EW,NONE,0.038,0.0
1590,32Nvl_L2_NS,32NVL_NS,0.093,0.093
1590,32Nvl_L3_EW,NONE,0.006,0.0
1590,32Nvl_L1_NS,32NVL_NS,0.013,0.013
1590,NvcNvl_L1_NS,NONE,0.017,0.0
1590,32Mt_L2_EW,NONE,0.008,0.0
1590,32Mt_L2_NS,NONE,0.009,0.0
1590,NvcMt_L2_EW,NVCMT_EW,0.008,0.008
1595,304Nvl_L1_EW,304NVL_EW,0.068,0.068
1595,304Nvl_L2_EW,304NVL_EW,0.051,0.051
1595,32Nvl_L1_NS,32NVL_NS,0.048,0.048
1595,32Nvl_L1_EW,32NVL_EW,0.007,-0.017
1595,32Nvl_L2_EW,32NVL_EW,0.008,-0.011
1595,NvcNvl_L2_NS,NONE,0.007,0.0
1595,NvcNvl_L1_EW,NVCNVL_EW,0.007,0.003
1595,NvcNvl_L2_EW,NVCNVL_EW,0.008,0.008
1595,32Mt_L1_NS,32MT_NS,0.006,0.006
1595,32Mt_L1_EW,NONE,0.086,0.0
1595,32Mt_L1_EW,32MT_EW,0.035,0.03
1595,NvcMt_L1_EW,NVCMT_EW,0.006,0.001
1595,304Nvl_L3_EW,NONE,0.044,0.0
1595,32Nvl_L2_NS,32NVL_NS,0.013,0.013
1595,32Nvl_L3_EW,NONE,0.006,0.0
1595,NvcNvl_L1_NS,NONE,0.009,0.0
1595,NvcNvl_L3_EW,NONE,0.009,0.0
1595,32Mt_L2_EW,32MT_EW,0.027,0.022
1595,NvcMt_L2_EW,NVCMT_EW,0.008,0.002
1600,304Nvl_L1_EW,304NVL_EW,0.076,0.076
1600,304Nvl_L2_EW,304NVL_EW,0.058,0.058
1600,32Nvl_L1_NS,32NVL_NS,0.007,0.007
1600,32Nvl_L1_EW,32NVL_EW,0.007,-0.017
1600,32Nvl_L2_EW,32NVL_EW,0.008,-0.011
1600,32Nvl_L3_NS,NONE,0.008,0.0
1600,32Nvl_L2_NS,32NVL_NS,0.008,0.008
1600,NvcNvl_L1_EW,NONE,0.075,0.0
1600,NvcNvl_L2_EW,NONE,0.054,0.0
1600,NvcNvl_L1_EW,NVCNVL_EW,0.007,0.003
1600,32Mt_L1_EW,NONE,0.014,0.0
1600,32Mt_L3_EW,NONE,0.018,0.0
1600,32Mt_L1_EW,32MT_EW,0.035,0.03
1600,NvcMt_L1_EW,NVCMT_EW,0.006,0.001
1600,304Nvl_L3_EW,NONE,0.044,0.0
1600,32Nvl_L3_EW,NONE,0.006,0.0
1600,32Nvl_L1_NS,32NVL_NS,0.04,0.04
1600,NvcNvl_L3_EW,NONE,0.038,0.0
1600,32Mt_L2_EW,NONE,0.015,0.0
1600,32Mt_L2_EW,32MT_EW,0.027,0.022
1600,NvcMt_L2_EW,NVCMT_EW,0.008,0.008
1605,304Nvl_L1_EW,304NVL_EW,0.008,0.008
1605,304Nvl_L2_EW,304NVL_EW,0.007,0.007
1605,32Nvl_L1_EW,32NVL_EW,0.014,0.014
1605,32Nvl_L2_EW,32NVL_EW,0.015,0.015
1605,NvcNvl_L3_NS,NONE,0.014,0.0
1605,NvcNvl_L2_NS,NONE,0.013,0.0
1605,NvcNvl_L1_EW,NONE,0.011,0.0
1605,NvcNvl_L2_EW,NONE,0.008,0.0
1605,NvcNvl_L1_EW,NVCNVL_EW,0.084,0.08
1605,NvcNvl_L2_EW,NVCNVL_EW,0.094,0.094
1605,32Mt_L1_EW,NONE,0.022,0.0
1605,32Mt_L3_EW,NONE,0.018,0.0
1605,NvcMt_L1_EW,NVCMT_EW,0.006,-0.053
1605,304Nvl_L3_EW,NONE,0.006,0.0
1605,32Nvl_L3_EW,NONE,0.013,0.0
1605,32Nvl_L1_NS,32NVL_NS,0.087,0.087
1605,NvcNvl_L1_NS,NONE,0.017,0.0
1605,NvcNvl_L3_EW,NONE,0.112,0.0
1605,32Mt_L2_EW,NONE,0.015,0.0
1605,NvcMt_L2_EW,NVCMT_EW,0.008,-0.058
1610,304Nvl_L1_NS,NONE,0.044,0.0
1610,32Nvl_L3_NS,NONE,0.007,0.0
1610,32Nvl_L1_NS,32NVL_NS,0.014,0.014
1610,32Nvl_L1_EW,32NVL_EW,0.007,0.002
1610,32Nvl_L2_EW,32NVL_EW,0.008,0.008
1610,32Nvl_L1_EW,32NVL_EW,0.007,0.002
1610,32Nvl_L2_EW,32NVL_EW,0.007,0.007
1610,32Nvl_L3_NS,NONE,0.008,0.0
1610,32Nvl_L2_NS,32NVL_NS,0.008,0.008
1610,NvcNvl_L3_NS,NONE,0.007,0.0
1610,NvcNvl_L2_NS,NONE,0.007,0.0
1610,NvcNvl_L1_EW,NONE,0.011,0.0
1610,NvcNvl_L2_EW,NONE,0.008,0.0
1610,NvcNvl_L1_EW,NVCNVL_EW,0.035,0.035
1610,32Mt_L1_EW,NONE,0.007,0.0
1610,32Mt_L1_EW,32MT_EW,0.007,0.002
1610,32Mt_L1_NS,NONE,0.01,0.0
1610,32Nvl_L2_NS,32NVL_NS,0.013,0.013
1610,32Nvl_L3_EW,NONE,0.006,0.0
1610,32Nvl_L3_EW,NONE,0.006,0.0
1610,32Nvl_L1_NS,32NVL_NS,0.013,0.013
1610,NvcNvl_L1_NS,NONE,0.009,0.0
1610,NvcNvl_L3_EW,NONE,0.006,0.0
1615,304Nvl_L1_EW,304NVL_EW,0.017,0.017
1615,304Nvl_L2_EW,304NVL_EW,0.015,0.015
1615,304Nvl_L1_NS,NONE,0.044,0.0
1615,32Nvl_L1_EW,32NVL_EW,0.007,-0.003
1615,32Nvl_L2_EW,32NVL_EW,0.008,0.004
1615,32Nvl_L1_EW,32NVL_EW,0.007,-0.003
1615,32Nvl_L2_EW,32NVL_EW,0.007,0.004
1615,NvcNvl_L1_EW,NONE,0.011,0.0
1615,NvcNvl_L2_EW,NONE,0.008,0.0
1615,32Mt_L1_EW,32MT_EW,0.014,0.009
1615,32Mt_L1_NS,NONE,0.01,0.0
1615,NvcMt_L2_NS,NONE,0.005,0.0
1615,304Nvl_L3_EW,NONE,0.013,0.0
1615,32Nvl_L3_EW,NONE,0.006,0.0
1615,32Nvl_L3_EW,NONE,0.006,0.0
1615,32Nvl_L1_NS,32NVL_NS,0.007,0.007
1615,32Mt_L2_EW,32MT_EW,0.005,0.0
1615,32Mt_L2_NS,NONE,0.009,0.0
1615,NvcMt_L1_NS,NONE,0.005,0.0
1615,NvcMt_L1_EW,NVCMT_EW,0.006,0.006
1620,304Nvl_L1_NS,304NVL_NS,0.009,0.004
1620,304Nvl_L3_NS,NONE,0.007,0.0
1620,304Nvl_L1_NS,NONE,0.007,0.0
1620,32Nvl_L1_NS,32NVL_NS,0.007,0.001
1620,32Nvl_L1_EW,32NVL_EW,0.007,-0.003
1620,32Nvl_L2_EW,32NVL_EW,0.008,0.0
1620,32Nvl_L1_EW,32NVL_EW,0.007,-0.003
1620,32Nvl_L2_EW,32NVL_EW,0.007,0.0
1620,32Nvl_L3_NS,NONE,0.042,0.0
1620,32Nvl_L2_NS,32NVL_NS,0.039,0.034
1620,NvcNvl_L3_NS,NONE,0.007,0.0
1620,NvcNvl_L2_NS,NONE,0.007,0.0
1620,NvcNvl_L1_EW,NONE,0.011,0.0
1620,NvcNvl_L2_EW,NONE,0.008,0.0
1620,NvcNvl_L1_EW,NVCNVL_EW,0.007,0.007
1620,NvcNvl_L2_EW,NVCNVL_EW,0.008,0.008
1620,32Mt_L1_EW,32MT_EW,0.014,0.009
1620,32Mt_L1_NS,NONE,0.01,0.0
1620,NvcCmt8_L2_NS,NONE,0.011,0.0
1620,NvcCmt8_L1_NS,NONE,0.008,0.0
1620,304Nvl_L2_NS,304NVL_NS,0.008,-0.02
1620,32Nvl_L3_EW,NONE,0.006,0.0
1620,32Nvl_L3_EW,NONE,0.006,0.0
1620,32Nvl_L1_NS,32NVL_NS,0.034,0.027
1620,NvcNvl_L1_NS,NONE,0.009,0.0
1620,NvcNvl_L3_EW,NONE,0.006,0.0
1620,NvcNvl_L3_EW,NONE,0.009,0.0
1620,32Mt_L2_EW,32MT_EW,0.011,0.005
1620,32Mt_L2_NS,NONE,0.009,0.0
1620,NvcMt_L1_EW,NVCMT_EW,0.006,0.001
1625,304Nvl_L1_NS,304NVL_NS,0.009,0.004
1625,304Nvl_L3_NS,NONE,0.007,0.0
1625,304Nvl_L1_EW,304NVL_EW,0.017,0.017
1625,304Nvl_L2_EW,304NVL_EW,0.007,0.007
1625,304Nvl_L1_NS,NONE,0.036,0.0
1625,32Nvl_L1_NS,32NVL_NS,0.007,0.001
1625,32Nvl_L1_EW,32NVL_EW,0.007,0.002
1625,32Nvl_L2_EW,32NVL_EW,0.008,0.004
1625,32Nvl_L1_EW,32NVL_EW,0.007,0.002
1625,32Nvl_L2_EW,32NVL_EW,0.007,0.004
1625,32Nvl_L3_NS,NONE,0.042,0.0
1625,32Nvl_L2_NS,32NVL_NS,0.039,0.034
1625,32Mt_L1_EW,NONE,0.007,0.0
1625,32Mt_L1_EW,32MT_EW,0.007,0.002
1625,304Nvl_L2_NS,304NVL_NS,0.008,-0.02
1625,304Nvl_L3_EW,NONE,0.006,0.0
1625,32Nvl_L3_EW,NONE,0.006,0.0
1625,32Nvl_L3_EW,NONE,0.006,0.0
1625,32Nvl_L1_NS,32NVL_NS,0.034,0.027
1625,32Mt_L2_EW,32MT_EW,0.005,0.0
1630,304Nvl_L1_NS,304NVL_NS,0.009,0.009
1630,304Nvl_L3_NS,NONE,0.007,0.0
1630,304Nvl_L1_EW,304NVL_EW,0.025,0.025
1630,304Nvl_L2_EW,304NVL_EW,0.015,0.015
1630,304Nvl_L1_NS,NONE,0.044,0.0
1630,304Nvl_L3_NS,NONE,0.048,0.0
1630,32Nvl_L2_NS,32NVL_NS,0.039,0.034
1630,NvcNvl_L1_EW,NONE,0.011,0.0
1630,NvcNvl_L2_EW,NONE,0.008,0.0
1630,32Mt_L1_NS,32MT_NS,0.006,0.006
1630,32Mt_L1_EW,NONE,0.036,0.0
1630,32Mt_L3_EW,NONE,0.044,0.0
1630,32Thn_L1_EW,32THN_EW,0.008,0.008
1630,32Thn_L2_EW,32THN_EW,0.008,0.008
1630,32Thn_L3_EW,NONE,0.008,0.0
1630,304Nvl_L2_NS,304NVL_NS,0.008,-0.02
1630,304Nvl_L3_EW,NONE,0.013,0.0
1630,304Nvl_L2_NS,NONE,0.044,0.0
1630,32Nvl_L1_NS,32NVL_NS,0.034,0.027
1630,32Mt_L2_EW,NONE,0.038,0.0
1630,NvcCmt8_L1_NS,NONE,0.011,0.0
1635,304Nvl_L1_NS,304NVL_NS,0.009,0.004
1635,304Nvl_L3_NS,NONE,0.007,0.0
1635,32Nvl_L3_NS,NONE,0.007,0.0
1635,32Nvl_L1_NS,32NVL_NS,0.007,0.001
1635,32Nvl_L1_EW,32NVL_EW,0.007,0.002
1635,32Nvl_L2_EW,32NVL_EW,0.008,0.004
1635,32Nvl_L3_NS,NONE,0.05,0.0
1635,32Nvl_L2_NS,32NVL_NS,0.047,0.042
1635,NvcNvl_L1_EW,NVCNVL_EW,0.007,0.007
1635,NvcNvl_L2_EW,NVCNVL_EW,0.008,0.008
1635,32Mt_L1_EW,32MT_EW,0.007,0.002
1635,32Mt_L1_NS,NONE,0.01,0.0
1635,32Thn_L1_EW,NONE,0.01,0.0
1635,304Nvl_L2_NS,304NVL_NS,0.008,-0.026
1635,32Nvl_L2_NS,32NVL_NS,0.007,0.001
1635,32Nvl_L3_EW,NONE,0.006,0.0
1635,32Nvl_L1_NS,32NVL_NS,0.047,0.041
1635,NvcNvl_L3_EW,NONE,0.009,0.0
1635,32Mt_L2_EW,32MT_EW,0.005,0.0
1635,32Mt_L2_NS,NONE,0.009,0.0
1640,304Nvl_L1_NS,304NVL_NS,0.009,-0.001
1640,304Nvl_L3_NS,NONE,0.007,0.0
1640,304Nvl_L1_EW,304NVL_EW,0.051,0.051
1640,304Nvl_L1_NS,NONE,0.015,0.0
1640,32Nvl_L3_NS,NONE,0.007,0.0
1640,32Nvl_L1_NS,32NVL_NS,0.014,0.008
1640,32Nvl_L3_NS,NONE,0.05,0.0
1640,32Nvl_L2_NS,32NVL_NS,0.047,0.042
1640,NvcNvl_L1_EW,NVCNVL_EW,0.035,0.035
1640,NvcNvl_L2_EW,NVCNVL_EW,0.039,0.039
1640,32Mt_L1_EW,32MT_EW,0.049,0.049
1640,NvcCmt8_L2_NS,NONE,0.011,0.0
1640,NvcCmt8_L1_NS,NONE,0.008,0.0
1640,304Nvl_L2_NS,304NVL_NS,0.008,-0.026
1640,32Nvl_L2_NS,32NVL_NS,0.013,0.008
1640,32Nvl_L1_NS,32NVL_NS,0.054,0.047
1640,NvcNvl_L3_EW,NONE,0.047,0.0
1640,32Mt_L2_EW,32MT_EW,0.033,0.033
1645,304Nvl_L1_NS,304NVL_NS,0.018,-0.021
1645,304Nvl_L3_NS,NONE,0.007,0.0
1645,304Nvl_L1_EW,304NVL_EW,0.042,0.042
1645,32Nvl_L3_NS,NONE,0.041,0.0
1645,32Nvl_L1_NS,32NVL_NS,0.055,0.043
1645,32Nvl_L1_EW,32NVL_EW,0.021,0.011
1645,32Nvl_L2_EW,32NVL_EW,0.023,0.023
1645,32Nvl_L3_NS,NONE,0.058,0.0
1645,32Nvl_L2_NS,32NVL_NS,0.055,0.05
1645,NvcNvl_L3_NS,NONE,0.007,0.0
1645,NvcNvl_L2_NS,NONE,0.007,0.0
1645,NvcNvl_L1_EW,NONE,0.011,0.0
1645,NvcNvl_L2_EW,NONE,0.008,0.0
1645,32Mt_L1_EW,32MT_EW,0.014,-0.001
1645,NvcMt_L2_NS,NONE,0.005,0.0
1645,304Nvl_L2_NS,304NVL_NS,0.008,-0.031
1645,32Nvl_L2_NS,32NVL_NS,0.053,0.048
1645,32Nvl_L3_EW,NONE,0.019,0.0
1645,32Nvl_L1_NS,32NVL_NS,0.06,0.048
1645,NvcNvl_L1_NS,NONE,0.009,0.0
1645,NvcNvl_L3_EW,NONE,0.006,0.0
1645,NvcMt_L1_NS,NONE,0.005,0.0
1650,304Nvl_L1_NS,304NVL_NS,0.018,-0.021
1650,304Nvl_L3_NS,NONE,0.007,0.0
1650,32Nvl_L3_NS,NONE,0.014,0.0
1650,32Nvl_L1_NS,32NVL_NS,0.055,0.043
1650,32Nvl_L1_EW,32NVL_EW,0.014,0.009
1650,32Nvl_L2_EW,32NVL_EW,0.015,0.015
1650,32Nvl_L3_NS,NONE,0.058,0.0
1650,32Nvl_L2_NS,32NVL_NS,0.055,0.05
1650,32Mt_L1_NS,32MT_NS,0.006,0.006
1650,32Mt_L1_EW,NONE,0.007,0.0
1650,32Mt_L1_EW,32MT_EW,0.007,-0.003
1650,NvcCmt8_L2_NS,NONE,0.012,0.0
1650,304Nvl_L2_NS,304NVL_NS,0.008,-0.031
1650,32Nvl_L2_NS,32NVL_NS,0.053,0.048
1650,32Nvl_L3_EW,NONE,0.013,0.0
1650,32Nvl_L1_NS,32NVL_NS,0.087,0.075
1650,NvcCmt8_L1_NS,NONE,0.011,0.0
1655,304Nvl_L1_NS,304NVL_NS,0.018,-0.021
1655,304Nvl_L3_NS,NONE,0.007,0.0
1655,304Nvl_L1_NS,NONE,0.007,0.0
1655,304Nvl_L3_NS,NONE,0.008,0.0
1655,32Nvl_L3_NS,NONE,0.014,0.0
1655,32Nvl_L1_NS,32NVL_NS,0.055,0.043
1655,32Nvl_L1_EW,32NVL_EW,0.007,0.007
1655,32Nvl_L2_EW,32NVL_EW,0.008,0.008
1655,32Nvl_L3_NS,NONE,0.058,0.0
1655,32Nvl_L2_NS,32NVL_NS,0.055,0.05
1655,NvcNvl_L3_NS,NONE,0.034,0.0
1655,NvcNvl_L2_NS,NONE,0.033,0.0
1655,NvcNvl_L1_EW,NVCNVL_EW,0.007,0.007
1655,NvcNvl_L2_EW,NVCNVL_EW,0.008,0.008
1655,32Mt_L1_NS,32MT_NS,0.006,0.006
1655,32Mt_L1_EW,NONE,0.007,0.0
1655,32Mt_L3_EW,NONE,0.009,0.0
1655,NvcMt_L2_NS,NONE,0.005,0.0
1655,32Thn_L1_EW,NONE,0.01,0.0
1655,32Thn_L2_EW,NONE,0.01,0.0
1655,32Thn_L3_EW,NONE,0.007,0.0
1655,304Nvl_L2_NS,304NVL_NS,0.008,-0.031
1655,304Nvl_L2_NS,NONE,0.007,0.0
1655,32Nvl_L2_NS,32NVL_NS,0.053,0.048
1655,32Nvl_L3_EW,NONE,0.006,0.0
1655,32Nvl_L1_NS,32NVL_NS,0.06,0.048
1655,NvcNvl_L1_NS,NONE,0.044,0.0
1655,NvcNvl_L3_EW,NONE,0.009,0.0
1655,32Mt_L2_EW,NONE,0.008,0.0
1655,NvcMt_L1_NS,NONE,0.005,0.0
1660,304Nvl_L1_NS,304NVL_NS,0.009,-0.03
1660,304Nvl_L3_NS,NONE,0.007,0.0
1660,32Nvl_L3_NS,NONE,0.014,0.0
1660,32Nvl_L1_NS,32NVL_NS,0.055,0.049
1660,32Nvl_L3_NS,NONE,0.058,0.0
1660,32Nvl_L2_NS,32NVL_NS,0.055,0.05
1660,32Mt_L1_NS,32MT_NS,0.006,0.006
1660,32Mt_L1_EW,NONE,0.043,0.0
1660,32Mt_L3_EW,NONE,0.053,0.0
1660,32Mt_L1_NS,NONE,0.01,0.0
1660,32Thn_L1_EW,32THN_EW,0.016,0.016
1660,32Thn_L2_EW,32THN_EW,0.008,0.008
1660,32Thn_L3_EW,NONE,0.008,0.0
1660,304Nvl_L2_NS,304NVL_NS,0.008,-0.031
1660,32Nvl_L2_NS,32NVL_NS,0.053,0.048
1660,32Nvl_L1_NS,32NVL_NS,0.06,0.054
1660,32Mt_L2_EW,NONE,0.045,0.0
1660,32Mt_L2_NS,NONE,0.009,0.0
1665,304Nvl_L1_NS,304NVL_NS,0.009,-0.039
1665,304Nvl_L3_NS,NONE,0.007,0.0
1665,304Nvl_L1_EW,304NVL_EW,0.008,0.008
1665,32Nvl_L3_NS,NONE,0.027,0.0
1665,32Nvl_L1_NS,32NVL_NS,0.069,0.063
1665,32Nvl_L3_NS,NONE,0.058,0.0
1665,32Nvl_L2_NS,32NVL_NS,0.055,0.05
1665,32Mt_L1_NS,32MT_NS,0.006,0.006
1665,32Mt_L1_NS,NONE,0.01,0.0
1665,32Thn_L1_EW,NONE,0.01,0.0
1665,304Nvl_L2_NS,304NVL_NS,0.008,-0.031
1665,32Nvl_L2_NS,32NVL_NS,0.067,0.061
1665,32Nvl_L1_NS,32NVL_NS,0.067,0.061
1665,32Mt_L2_NS,NONE,0.009,0.0
1670,304Nvl_L1_NS,304NVL_NS,0.009,-0.039
1670,304Nvl_L3_NS,NONE,0.007,0.0
1670,32Nvl_L3_NS,NONE,0.027,0.0
1670,32Nvl_L1_NS,32NVL_NS,0.069,0.063
1670,32Nvl_L3_NS,NONE,0.058,0.0
1670,32Nvl_L2_NS,32NVL_NS,0.055,0.05
1670,NvcNvl_L3_NS,NONE,0.007,0.0
1670,NvcNvl_L2_NS,NONE,0.007,0.0
1670,NvcNvl_L1_EW,NVCNVL_EW,0.035,0.035
1670,32Mt_L1_NS,32MT_NS,0.013,0.013
1670,32Mt_L1_EW,NONE,0.014,0.0
1670,32Mt_L1_EW,32MT_EW,0.007,0.007
1670,32Mt_L1_NS,NONE,0.049,0.0
1670,32Thn_L1_EW,32THN_EW,0.008,0.008
1670,32Thn_L2_EW,32THN_EW,0.008,0.008
1670,32Thn_L3_EW,NONE,0.008,0.0
1670,304Nvl_L2_NS,304NVL_NS,0.008,-0.031
1670,32Nvl_L2_NS,32NVL_NS,0.067,0.061
1670,32Nvl_L1_NS,32NVL_NS,0.054,0.047
1670,NvcNvl_L1_NS,NONE,0.009,0.0
1670,32Mt_L2_NS,32MT_NS,0.006,0.006
1670,32Mt_L2_EW,NONE,0.008,0.0
1670,32Mt_L2_EW,32MT_EW,0.005,0.005
1670,NvcMt_L1_NS,NONE,0.005,0.0
1675,304Nvl_L1_NS,304NVL_NS,0.009,-0.039
1675,304Nvl_L3_NS,NONE,0.007,0.0
1675,304Nvl_L1_EW,304NVL_EW,0.042,0.042
1675,304Nvl_L2_EW,304NVL_EW,0.036,0.036
1675,32Nvl_L3_NS,NONE,0.027,0.0
1675,32Nvl_L1_NS,32NVL_NS,0.069,0.063
1675,32Nvl_L3_NS,NONE,0.083,0.0
1675,32Nvl_L2_NS,32NVL_NS,0.079,0.074
1675,NvcNvl_L3_NS,NONE,0.007,0.0
1675,NvcNvl_L2_NS,NONE,0.007,0.0
1675,32Mt_L1_NS,32MT_NS,0.013,0.013
1675,32Mt_L1_NS,NONE,0.049,0.0
1675,NvcMt_L2_NS,NONE,0.005,0.0
1675,NvcMt_L1_EW,NVCMT_EW,0.013,0.013
1675,32Thn_L1_EW,NONE,0.01,0.0
1675,304Nvl_L2_NS,304NVL_NS,0.008,-0.048
1675,304Nvl_L3_EW,NONE,0.032,0.0
1675,32Nvl_L2_NS,32NVL_NS,0.067,0.061
1675,32Nvl_L1_NS,32NVL_NS,0.067,0.061
1675,NvcNvl_L1_NS,NONE,0.009,0.0
1675,32Mt_L2_NS,32MT_NS,0.006,0.006
1675,32Mt_L2_NS,NONE,0.043,0.0
1675,NvcMt_L1_NS,NONE,0.005,0.0
1675,NvcMt_L2_EW,NVCMT_EW,0.016,0.016
1680,304Nvl_L1_NS,304NVL_NS,0.009,-0.035
1680,304Nvl_L3_NS,NONE,0.007,0.0
1680,32Nvl_L3_NS,NONE,0.02,0.0
1680,32Nvl_L1_NS,32NVL_NS,0.062,0.056
1680,32Nvl_L3_NS,NONE,0.083,0.0
1680,32Nvl_L2_NS,32NVL_NS,0.079,0.074
1680,NvcNvl_L3_NS,NONE,0.007,0.0
1680,NvcNvl_L2_NS,NONE,0.007,0.0
1680,32Mt_L1_NS,32MT_NS,0.006,0.006
1680,32Mt_L1_NS,NONE,0.01,0.0
1680,NvcMt_L1_EW,NVCMT_EW,0.006,0.006
1680,NvcCmt8_L2_NS,NONE,0.011,0.0
1680,NvcCmt8_L1_NS,NONE,0.008,0.0
1680,304Nvl_L2_NS,304NVL_NS,0.008,-0.048
1680,32Nvl_L2_NS,32NVL_NS,0.06,0.055
1680,32Nvl_L1_NS,32NVL_NS,0.067,0.061
1680,NvcNvl_L1_NS,NONE,0.009,0.0
1680,32Mt_L2_NS,32MT_NS,0.006,0.006
1680,32Mt_L2_NS,NONE,0.009,0.0
1680,NvcMt_L2_EW,NVCMT_EW,0.008,0.008
1685,304Nvl_L1_EW,304NVL_EW,0.042,0.042
1685,304Nvl_L2_EW,304NVL_EW,0.036,0.036
1685,304Nvl_L1_NS,NONE,0.036,0.0
1685,32Nvl_L1_EW,32NVL_EW,0.007,0.007
1685,32Nvl_L2_EW,32NVL_EW,0.007,0.007
1685,32Nvl_L3_NS,NONE,0.025,0.0
1685,32Nvl_L2_NS,32NVL_NS,0.024,0.024
1685,NvcNvl_L1_EW,NONE,0.011,0.0
1685,NvcNvl_L2_EW,NONE,0.008,0.0
1685,32Mt_L1_NS,32MT_NS,0.006,0.006
1685,32Mt_L1_EW,NONE,0.036,0.0
1685,32Mt_L1_NS,NONE,0.01,0.0
1685,NvcMt_L2_NS,NONE,0.005,0.0
1685,NvcMt_L1_EW,NVCMT_EW,0.006,0.006
1685,304Nvl_L3_EW,NONE,0.032,0.0
1685,32Nvl_L3_EW,NONE,0.006,0.0
1685,32Nvl_L1_NS,32NVL_NS,0.02,0.02
1685,32Mt_L2_NS,32MT_NS,0.006,0.006
1685,NvcMt_L1_NS,NONE,0.005,0.0
1685,NvcMt_L2_EW,NVCMT_EW,0.008,0.008
1690,304Nvl_L1_EW,304NVL_EW,0.051,0.051
1690,304Nvl_L2_EW,304NVL_EW,0.044,0.044
1690,32Nvl_L1_NS,32NVL_NS,0.007,0.007
1690,32Nvl_L1_EW,32NVL_EW,0.007,0.007
1690,32Nvl_L2_EW,32NVL_EW,0.007,0.007
1690,32Nvl_L3_NS,NONE,0.008,0.0
1690,32Nvl_L2_NS,32NVL_NS,0.008,0.008
1690,NvcNvl_L3_NS,NONE,0.007,0.0
1690,NvcNvl_L2_NS,NONE,0.007,0.0
1690,32Mt_L1_NS,32MT_NS,0.006,0.006
1690,32Mt_L1_NS,NONE,0.01,0.0
1690,NvcMt_L1_EW,NVCMT_EW,0.013,-0.014
1690,NvcCmt8_L2_EW,NVCCMT8_EW,0.026,0.026
1690,304Nvl_L3_EW,NONE,0.038,0.0
1690,32Nvl_L3_EW,NONE,0.006,0.0
1690,32Nvl_L1_NS,32NVL_NS,0.013,0.013
1690,NvcNvl_L1_NS,NONE,0.009,0.0
1690,32Mt_L2_NS,32MT_NS,0.006,0.006
1690,NvcMt_L2_EW,NVCMT_EW,0.016,-0.003
1690,NvcCmt8_L1_EW,NVCCMT8_EW,0.038,0.03
1695,304Nvl_L1_EW,304NVL_EW,0.059,0.059
1695,304Nvl_L2_EW,304NVL_EW,0.051,0.051
1695,304Nvl_L1_NS,NONE,0.007,0.0
1695,32Nvl_L1_NS,32NVL_NS,0.042,0.042
1695,32Nvl_L1_EW,32NVL_EW,0.007,0.007
1695,32Nvl_L2_EW,32NVL_EW,0.007,0.007
1695,32Nvl_L3_NS,NONE,0.017,0.0
1695,32Nvl_L2_NS,32NVL_NS,0.016,0.016
1695,32Mt_L1_NS,32MT_NS,0.006,0.006
1695,NvcMt_L2_NS,NONE,0.011,0.0
1695,NvcMt_L1_EW,NVCMT_EW,0.038,0.011
1695,NvcCmt8_L2_EW,NVCCMT8_EW,0.026,0.026
1695,304Nvl_L3_EW,NONE,0.044,0.0
1695,32Nvl_L3_EW,NONE,0.006,0.0
1695,32Nvl_L1_NS,32NVL_NS,0.027,0.027
1695,32Mt_L2_NS,32MT_NS,0.006,0.006
1695,NvcMt_L1_NS,NONE,0.011,0.0
1695,NvcMt_L2_EW,NVCMT_EW,0.048,0.029
1695,NvcCmt8_L1_EW,NVCCMT8_EW,0.038,0.012
1700,304Nvl_L1_NS,NONE,0.007,0.0
1700,32Nvl_L1_NS,32NVL_NS,0.035,0.035
1700,32Nvl_L1_EW,32NVL_EW,0.013,0.009
1700,32Nvl_L2_EW,32NVL_EW,0.007,0.007
1700,32Nvl_L3_NS,NONE,0.033,0.0
1700,32Nvl_L2_NS,32NVL_NS,0.032,0.032
1700,NvcNvl_L1_EW,NVCNVL_EW,0.084,0.062
1700,NvcNvl_L2_EW,NVCNVL_EW,0.094,0.094
1700,32Mt_L1_NS,32MT_NS,0.006,0.006
1700,32Mt_L1_EW,32MT_EW,0.007,0.007
1700,NvcMt_L2_NS,NONE,0.005,0.0
1700,NvcMt_L1_EW,NVCMT_EW,0.032,-0.054
1700,NvcCmt8_L2_EW,NVCCMT8_EW,0.026,0.026
1700,32Nvl_L3_EW,NONE,0.006,0.0
1700,32Nvl_L1_NS,32NVL_NS,0.034,0.034
1700,32Mt_L2_NS,32MT_NS,0.006,0.006
1700,NvcMt_L1_NS,NONE,0.005,0.0
1700,NvcMt_L2_EW,NVCMT_EW,0.04,-0.044
1700,NvcCmt8_L1_EW,NVCCMT8_EW,0.038,0.016
1705,32Nvl_L1_EW,32NVL_EW,0.007,0.002
1705,32Nvl_L2_EW,32NVL_EW,0.008,0.008
1705,32Nvl_L1_EW,32NVL_EW,0.02,0.015
1705,32Nvl_L2_EW,32NVL_EW,0.007,0.007
1705,32Nvl_L3_NS,NONE,0.008,0.0
1705,32Nvl_L2_NS,32NVL_NS,0.008,0.008
1705,NvcNvl_L1_EW,NVCNVL_EW,0.084,0.062
1705,NvcNvl_L2_EW,NVCNVL_EW,0.094,0.094
1705,32Mt_L1_EW,NONE,0.007,0.0
1705,32Mt_L1_EW,32MT_EW,0.007,0.002
1705,NvcMt_L1_EW,NVCMT_EW,0.032,-0.054
1705,NvcCmt8_L2_EW,NVCCMT8_EW,0.026,0.026
1705,32Nvl_L3_EW,NONE,0.006,0.0
1705,32Nvl_L3_EW,NONE,0.006,0.0
1705,32Nvl_L1_NS,32NVL_NS,0.013,0.013
1705,NvcNvl_L3_EW,NONE,0.112,0.0
1705,NvcMt_L2_EW,NVCMT_EW,0.04,-0.044
1705,NvcCmt8_L1_EW,NVCCMT8_EW,0.038,0.016
1710,304Nvl_L1_EW,304NVL_EW,0.017,0.017
1710,304Nvl_L2_EW,304NVL_EW,0.007,0.007
1710,304Nvl_L1_NS,NONE,0.036,0.0
1710,32Nvl_L1_NS,32NVL_NS,0.014,0.014
1710,32Nvl_L1_EW,32NVL_EW,0.007,0.002
1710,32Nvl_L2_EW,32NVL_EW,0.008,0.004
1710,32Nvl_L1_EW,32NVL_EW,0.013,0.009
1710,32Nvl_L2_EW,32NVL_EW,0.007,0.004
1710,NvcNvl_L3_NS,NONE,0.007,0.0
1710,NvcNvl_L2_NS,NONE,0.007,0.0
1710,NvcNvl_L1_EW,NVCNVL_EW,0.084,0.084
1710,NvcNvl_L2_EW,NVCNVL_EW,0.094,0.094
1710,32Mt_L1_NS,32MT_NS,0.038,0.038
1710,32Mt_L1_EW,NONE,0.007,0.0
1710,32Mt_L1_EW,32MT_EW,0.007,0.002
1710,NvcCmt8_L2_EW,NVCCMT8_EW,0.032,0.032
1710,304Nvl_L3_EW,NONE,0.006,0.0
1710,32Nvl_L3_EW,NONE,0.006,0.0
1710,32Nvl_L3_EW,NONE,0.006,0.0
1710,32Nvl_L1_NS,32NVL_NS,0.007,0.007
1710,NvcNvl_L1_NS,NONE,0.009,0.0
1710,NvcNvl_L3_EW,NONE,0.112,0.0
1710,32Mt_L2_NS,32MT_NS,0.032,0.032
1710,32Mt_L2_EW,NONE,0.008,0.0
1710,32Mt_L2_EW,32MT_EW,0.005,0.0
1710,NvcCmt8_L1_EW,NVCCMT8_EW,0.046,0.046
1715,304Nvl_L1_EW,304NVL_EW,0.025,0.025
1715,304Nvl_L2_EW,304NVL_EW,0.015,0.015
1715,304Nvl_L1_NS,NONE,0.036,0.0
1715,32Nvl_L3_NS,NONE,0.034,0.0
1715,32Nvl_L1_NS,32NVL_NS,0.035,0.035
1715,32Nvl_L1_EW,32NVL_EW,0.007,0.002
1715,32Nvl_L2_EW,32NVL_EW,0.008,0.004
1715,32Nvl_L1_EW,32NVL_EW,0.007,0.002
1715,32Nvl_L2_EW,32NVL_EW,0.007,0.004
1715,32Nvl_L3_NS,NONE,0.008,0.0
1715,32Nvl_L2_NS,32NVL_NS,0.008,0.008
1715,NvcNvl_L3_NS,NONE,0.007,0.0
1715,NvcNvl_L2_NS,NONE,0.007,0.0
1715,32Mt_L1_EW,NONE,0.007,0.0
1715,32Mt_L3_EW,NONE,0.009,0.0
1715,32Mt_L1_EW,32MT_EW,0.007,0.002
1715,NvcCmt8_L2_EW,NVCCMT8_EW,0.005,0.005
1715,304Nvl_L3_EW,NONE,0.013,0.0
1715,32Nvl_L2_NS,32NVL_NS,0.033,0.033
1715,32Nvl_L3_EW,NONE,0.006,0.0
1715,32Nvl_L3_EW,NONE,0.006,0.0
1715,32Nvl_L1_NS,32NVL_NS,0.007,0.007
1715,NvcNvl_L1_NS,NONE,0.009,0.0
1715,32Mt_L2_EW,NONE,0.008,0.0
1715,32Mt_L2_EW,32MT_EW,0.005,0.0
1715,NvcCmt8_L1_EW,NVCCMT8_EW,0.008,0.008
1715,NvcCmt8_L1_EW,NONE,0.029,0.0
1720,304Nvl_L1_NS,NONE,0.007,0.0
1720,304Nvl_L3_NS,NONE,0.008,0.0
1720,32Nvl_L1_NS,32NVL_NS,0.035,0.035
1720,32Nvl_L1_EW,32NVL_EW,0.007,0.002
1720,32Nvl_L2_EW,32NVL_EW,0.008,0.004
1720,32Nvl_L1_EW,32NVL_EW,0.013,0.009
1720,32Nvl_L2_EW,32NVL_EW,0.015,0.011
1720,32Mt_L1_NS,32MT_NS,0.013,0.013
1720,32Mt_L1_EW,NONE,0.007,0.0
1720,32Mt_L1_EW,32MT_EW,0.007,0.002
1720,32Mt_L1_NS,NONE,0.049,0.0
1720,NvcCmt8_L2_EW,NVCCMT8_EW,0.005,0.005
1720,304Nvl_L2_NS,NONE,0.007,0.0
1720,32Nvl_L2_NS,32NVL_NS,0.033,0.033
1720,32Nvl_L3_EW,NONE,0.012,0.0
1720,32Nvl_L3_EW,NONE,0.006,0.0
1720,32Nvl_L1_NS,32NVL_NS,0.007,0.007
1720,32Mt_L2_NS,32MT_NS,0.006,0.006
1720,32Mt_L2_EW,32MT_EW,0.005,0.0
1720,NvcMt_L2_EW,NVCMT_EW,0.008,0.004
1720,NvcCmt8_L1_EW,NVCCMT8_EW,0.008,0.008
1725,304Nvl_L1_EW,304NVL_EW,0.008,0.008
1725,32Nvl_L3_NS,NONE,0.007,0.0
1725,32Nvl_L1_NS,32NVL_NS,0.014,0.014
1725,32Nvl_L1_EW,32NVL_EW,0.007,0.002
1725,32Nvl_L2_EW,32NVL_EW,0.008,0.004
1725,32Nvl_L1_EW,32NVL_EW,0.02,0.015
1725,32Nvl_L2_EW,32NVL_EW,0.022,0.019
1725,NvcNvl_L3_NS,NONE,0.007,0.0
1725,NvcNvl_L2_NS,NONE,0.007,0.0
1725,NvcNvl_L1_EW,NVCNVL_EW,0.007,0.007
1725,32Mt_L1_EW,32MT_EW,0.007,0.002
1725,32Mt_L1_NS,NONE,0.01,0.0
1725,NvcCmt8_L2_EW,NVCCMT8_EW,0.005,0.005
1725,32Nvl_L2_NS,32NVL_NS,0.007,0.007
1725,32Nvl_L3_EW,NONE,0.018,0.0
1725,32Nvl_L3_EW,NONE,0.006,0.0
1725,NvcNvl_L1_NS,NONE,0.009,0.0
1725,32Mt_L2_EW,32MT_EW,0.005,0.0
1725,32Mt_L2_NS,NONE,0.009,0.0
1725,NvcCmt8_L1_EW,NVCCMT8_EW,0.008,0.008
1730,304Nvl_L1_NS,NONE,0.036,0.0
1730,304Nvl_L3_NS,NONE,0.04,0.0
1730,32Nvl_L1_NS,32NVL_NS,0.007,0.007
1730,32Nvl_L1_EW,32NVL_EW,0.007,0.002
1730,32Nvl_L2_EW,32NVL_EW,0.008,0.004
1730,32Nvl_L1_EW,32NVL_EW,0.013,0.009
1730,32Nvl_L2_EW,32NVL_EW,0.015,0.011
1730,NvcNvl_L3_NS,NONE,0.014,0.0
1730,NvcNvl_L2_NS,NONE,0.013,0.0
1730,NvcNvl_L1_EW,NONE,0.053,0.0
1730,NvcNvl_L2_EW,NONE,0.038,0.0
1730,32Mt_L1_NS,32MT_NS,0.006,0.006
1730,32Mt_L1_EW,NONE,0.007,0.0
1730,32Mt_L1_EW,32MT_EW,0.007,0.002
1730,304Nvl_L2_NS,NONE,0.037,0.0
1730,32Nvl_L2_NS,32NVL_NS,0.007,0.007
1730,32Nvl_L3_EW,NONE,0.012,0.0
1730,32Nvl_L3_EW,NONE,0.006,0.0
1730,NvcNvl_L1_NS,NONE,0.017,0.0
1730,NvcNvl_L3_EW,NONE,0.032,0.0
1730,32Mt_L2_EW,32MT_EW,0.005,0.0
1735,304Nvl_L1_NS,NONE,0.015,0.0
1735,304Nvl_L3_NS,NONE,0.008,0.0
1735,32Nvl_L1_EW,32NVL_EW,0.014,0.009
1735,32Nvl_L2_EW,32NVL_EW,0.015,0.012
1735,32Nvl_L1_EW,32NVL_EW,0.013,0.009
1735,32Nvl_L2_EW,32NVL_EW,0.015,0.011
1735,NvcNvl_L1_EW,NONE,0.075,0.0
1735,NvcNvl_L2_EW,NONE,0.054,0.0
1735,32Mt_L1_EW,NONE,0.007,0.0
1735,32Mt_L1_EW,32MT_EW,0.007,-0.003
1735,304Nvl_L2_NS,NONE,0.007,0.0
1735,32Nvl_L3_EW,NONE,0.012,0.0
1735,32Nvl_L3_EW,NONE,0.013,0.0
1735,NvcNvl_L3_EW,NONE,0.044,0.0
1735,32Mt_L2_EW,32MT_EW,0.005,-0.005
1735,NvcCmt8_L1_EW,NONE,0.006,0.0
1740,304Nvl_L1_NS,NONE,0.007,0.0
1740,304Nvl_L3_NS,NONE,0.008,0.0
1740,32Nvl_L1_EW,32NVL_EW,0.007,0.007
1740,32Nvl_L2_EW,32NVL_EW,0.008,0.008
1740,32Nvl_L1_EW,32NVL_EW,0.013,0.013
1740,32Nvl_L2_EW,32NVL_EW,0.015,0.015
1740,NvcNvl_L1_EW,NONE,0.021,0.0
1740,NvcNvl_L2_EW,NONE,0.015,0.0
1740,NvcNvl_L1_NS,NVCNVL_NS,0.007,0.007
1740,32Mt_L1_EW,NONE,0.007,0.0
1740,32Mt_L3_EW,NONE,0.009,0.0
1740,304Nvl_L2_NS,NONE,0.007,0.0
1740,32Nvl_L3_EW,NONE,0.012,0.0
1740,32Nvl_L3_EW,NONE,0.006,0.0
1740,NvcNvl_L3_EW,NONE,0.006,0.0
1740,32Mt_L2_EW,NONE,0.008,0.0
1745,304Nvl_L1_EW,304NVL_EW,0.042,0.042
1745,32Nvl_L3_NS,NONE,0.034,0.0
1745,32Nvl_L1_NS,32NVL_NS,0.035,0.03
1745,32Nvl_L1_EW,32NVL_EW,0.007,0.007
1745,32Nvl_L2_EW,32NVL_EW,0.008,0.008
1745,32Nvl_L1_EW,32NVL_EW,0.013,0.013
1745,32Nvl_L2_EW,32NVL_EW,0.015,0.015
1745,NvcNvl_L1_NS,NVCNVL_NS,0.007,-0.018
1745,32Mt_L1_EW,NONE,0.007,0.0
1745,32Mt_L3_EW,NONE,0.009,0.0
1745,32Mt_L1_NS,NONE,0.01,0.0
1745,32Nvl_L2_NS,32NVL_NS,0.033,0.033
1745,32Nvl_L3_EW,NONE,0.012,0.0
1745,32Nvl_L3_EW,NONE,0.006,0.0
1745,32Mt_L2_EW,NONE,0.008,0.0
1745,32Mt_L2_NS,NONE,0.009,0.0
1750,304Nvl_L1_EW,304NVL_EW,0.008,0.008
1750,304Nvl_L1_NS,NONE,0.007,0.0
1750,304Nvl_L3_NS,NONE,0.008,0.0
1750,32Nvl_L1_EW,32NVL_EW,0.007,0.002
1750,32Nvl_L2_EW,32NVL_EW,0.008,0.004
1750,32Nvl_L1_EW,32NVL_EW,0.013,0.009
1750,32Nvl_L2_EW,32NVL_EW,0.015,0.011
1750,32Nvl_L3_NS,NONE,0.008,0.0
1750,32Nvl_L2_NS,32NVL_NS,0.008,0.008
1750,NvcNvl_L3_NS,NONE,0.041,0.0
1750,NvcNvl_L2_NS,NONE,0.04,0.0
1750,NvcNvl_L1_EW,NVCNVL_EW,0.007,0.007
1750,32Mt_L1_NS,32MT_NS,0.006,0.006
1750,32Mt_L1_EW,NONE,0.007,0.0
1750,32Mt_L1_EW,32MT_EW,0.007,0.002
1750,32Mt_L1_NS,NONE,0.01,0.0
1750,304Nvl_L2_NS,NONE,0.007,0.0
1750,32Nvl_L3_EW,NONE,0.012,0.0
1750,32Nvl_L3_EW,NONE,0.006,0.0
1750,32Nvl_L1_NS,32NVL_NS,0.007,0.007
1750,NvcNvl_L1_NS,NONE,0.052,0.0
1750,32Mt_L2_EW,32MT_EW,0.005,0.0
1750,32Mt_L2_NS,NONE,0.009,0.0
1755,304Nvl_L1_EW,304NVL_EW,0.008,0.008
1755,304Nvl_L2_EW,304NVL_EW,0.007,0.007
1755,32Nvl_L1_EW,32NVL_EW,0.007,0.007
1755,32Nvl_L2_EW,32NVL_EW,0.008,0.008
1755,32Nvl_L1_EW,32NVL_EW,0.013,0.013
1755,32Nvl_L2_EW,32NVL_EW,0.015,0.015
1755,NvcNvl_L3_NS,NONE,0.041,0.0
1755,NvcNvl_L2_NS,NONE,0.04,0.0
1755,32Mt_L1_NS,32MT_NS,0.006,0.006
1755,32Mt_L1_NS,NONE,0.01,0.0
1755,32Thn_L1_EW,NONE,0.01,0.0
1755,32Thn_L2_EW,NONE,0.01,0.0
1755,32Thn_L3_EW,NONE,0.007,0.0
1755,304Nvl_L3_EW,NONE,0.006,0.0
1755,32Nvl_L3_EW,NONE,0.012,0.0
1755,32Nvl_L3_EW,NONE,0.006,0.0
1755,NvcNvl_L1_NS,NONE,0.052,0.0
1755,32Mt_L2_NS,NONE,0.009,0.0
1760,32Nvl_L1_EW,32NVL_EW,0.007,0.001
1760,32Nvl_L2_EW,32NVL_EW,0.008,0.008
1760,32Nvl_L1_EW,32NVL_EW,0.013,0.008
1760,32Nvl_L2_EW,32NVL_EW,0.015,0.015
1760,NvcNvl_L1_EW,NVCNVL_EW,0.007,0.003
1760,32Mt_L1_EW,NONE,0.007,0.0
1760,NvcMt_L1_EW,NVCMT_EW,0.006,0.001
1760,32Thn_L1_EW,32THN_EW,0.008,0.003
1760,32Nvl_L3_EW,NONE,0.012,0.0
1760,32Nvl_L3_EW,NONE,0.006,0.0
1760,NvcMt_L2_EW,NVCMT_EW,0.008,0.008
1765,304Nvl_L1_EW,304NVL_EW,0.008,0.008
1765,32Nvl_L1_EW,32NVL_EW,0.099,0.089
1765,32Nvl_L2_EW,32NVL_EW,0.108,0.098
1765,32Nvl_L1_EW,32NVL_EW,0.013,0.003
1765,32Nvl_L2_EW,32NVL_EW,0.015,0.005
1765,32Mt_L1_EW,32MT_EW,0.007,-0.062
1765,NvcMt_L1_EW,NVCMT_EW,0.006,0.001
1765,NvcCmt8_L2_EW,NVCCMT8_EW,0.005,0.005
1765,32Thn_L1_EW,NONE,0.01,0.0
1765,32Thn_L2_EW,NONE,0.01,0.0
1765,32Thn_L1_EW,32THN_EW,0.008,-0.061
1765,32Thn_L2_EW,32THN_EW,0.008,-0.067
1765,32Thn_L3_EW,NONE,0.007,0.0
1765,32Thn_L3_EW,NONE,0.008,0.0
1765,32Nvl_L3_EW,NONE,0.012,0.0
1765,32Nvl_L3_EW,NONE,0.013,0.0
1765,32Mt_L2_EW,32MT_EW,0.005,-0.07
1765,NvcMt_L2_EW,NVCMT_EW,0.008,0.004
1765,NvcCmt8_L1_EW,NVCCMT8_EW,0.008,0.003
1770,32Nvl_L1_EW,32NVL_EW,0.106,0.095
1770,32Nvl_L2_EW,32NVL_EW,0.116,0.11
1770,32Nvl_L1_EW,32NVL_EW,0.013,0.002
1770,32Nvl_L2_EW,32NVL_EW,0.015,0.009
1770,NvcNvl_L1_EW,NVCNVL_EW,0.035,0.031
1770,32Mt_L1_NS,NONE,0.01,0.0
1770,NvcMt_L1_EW,NVCMT_EW,0.006,-0.018
1770,32Thn_L1_EW,NONE,0.01,0.0
1770,32Thn_L1_EW,32THN_EW,0.016,-0.058
1770,32Thn_L2_EW,32THN_EW,0.008,-0.073
1770,32Thn_L3_EW,NONE,0.008,0.0
1770,32Nvl_L3_EW,NONE,0.012,0.0
1770,32Nvl_L3_EW,NONE,0.094,0.0
1770,32Mt_L2_NS,NONE,0.009,0.0
1770,NvcMt_L2_EW,NVCMT_EW,0.008,0.008
1770,NvcCmt8_L1_EW,NONE,0.006,0.0
1775,304Nvl_L1_EW,304NVL_EW,0.025,0.025
1775,304Nvl_L2_EW,304NVL_EW,0.022,0.022
1775,32Nvl_L1_EW,32NVL_EW,0.021,0.016
1775,32Nvl_L2_EW,32NVL_EW,0.023,0.017
1775,32Nvl_L1_EW,32NVL_EW,0.013,0.008
1775,32Nvl_L2_EW,32NVL_EW,0.015,0.009
1775,32Nvl_L3_NS,NONE,0.159,0.0
1775,32Nvl_L2_NS,32NVL_NS,0.15,0.15
1775,32Thn_L1_EW,NONE,0.01,0.0
1775,32Thn_L2_EW,NONE,0.01,0.0
1775,32Thn_L1_EW,32THN_EW,0.008,-0.007
1775,32Thn_L2_EW,32THN_EW,0.008,-0.008
1775,32Thn_L3_EW,NONE,0.007,0.0
1775,32Thn_L3_EW,NONE,0.008,0.0
1775,304Nvl_L3_EW,NONE,0.019,0.0
1775,32Nvl_L3_EW,NONE,0.012,0.0
1775,32Nvl_L3_EW,NONE,0.019,0.0
1775,32Nvl_L1_NS,32NVL_NS,0.134,0.134
1780,304Nvl_L1_EW,304NVL_EW,0.008,0.008
1780,304Nvl_L2_EW,304NVL_EW,0.007,0.007
1780,32Nvl_L1_EW,32NVL_EW,0.007,0.001
1780,32Nvl_L2_EW,32NVL_EW,0.008,0.008
1780,32Nvl_L1_EW,32NVL_EW,0.013,0.008
1780,32Nvl_L2_EW,32NVL_EW,0.015,0.015
1780,32Nvl_L3_NS,NONE,0.025,0.0
1780,32Nvl_L2_NS,32NVL_NS,0.024,0.024
1780,32Mt_L1_NS,32MT_NS,0.006,0.006
1780,NvcCmt8_L2_EW,NONE,0.007,0.0
1780,32Thn_L1_EW,NONE,0.019,0.0
1780,32Thn_L1_EW,32THN_EW,0.008,0.003
1780,304Nvl_L3_EW,NONE,0.006,0.0
1780,32Nvl_L3_EW,NONE,0.012,0.0
1780,32Nvl_L3_EW,NONE,0.006,0.0
1780,32Nvl_L1_NS,32NVL_NS,0.101,0.101
1780,NvcCmt8_L1_EW,NONE,0.006,0.0
1785,304Nvl_L1_NS,NONE,0.022,0.0
1785,32Nvl_L1_EW,32NVL_EW,0.007,0.002
1785,32Nvl_L2_EW,32NVL_EW,0.008,0.004
1785,32Nvl_L1_EW,32NVL_EW,0.013,0.009
1785,32Nvl_L2_EW,32NVL_EW,0.015,0.011
1785,32Nvl_L3_NS,NONE,0.025,0.0
1785,32Nvl_L2_NS,32NVL_NS,0.024,0.024
1785,NvcNvl_L3_NS,NONE,0.034,0.0
1785,NvcNvl_L2_NS,NONE,0.033,0.0
1785,32Mt_L1_NS,32MT_NS,0.006,0.006
1785,32Mt_L1_EW,32MT_EW,0.007,0.002
1785,NvcMt_L2_NS,NONE,0.026,0.0
1785,NvcCmt8_L2_EW,NONE,0.007,0.0
1785,32Nvl_L3_EW,NONE,0.012,0.0
1785,32Nvl_L3_EW,NONE,0.006,0.0
1785,32Nvl_L1_NS,32NVL_NS,0.027,0.027
1785,NvcNvl_L1_NS,NONE,0.044,0.0
1785,32Mt_L2_EW,32MT_EW,0.005,0.0
1785,NvcMt_L1_NS,NONE,0.027,0.0
1785,NvcCmt8_L1_EW,NONE,0.006,0.0
1790,304Nvl_L1_EW,304NVL_EW,0.008,0.008
1790,32Nvl_L1_NS,32NVL_NS,0.007,0.007
1790,32Nvl_L3_NS,NONE,0.075,0.0
1790,32Nvl_L2_NS,32NVL_NS,0.071,0.071
1790,NvcNvl_L3_NS,NONE,0.054,0.0
1790,NvcNvl_L2_NS,NONE,0.053,0.0
1790,NvcCmt8_L2_EW,NONE,0.007,0.0
1790,32Nvl_L1_NS,32NVL_NS,0.06,0.06
1790,NvcNvl_L1_NS,NONE,0.07,0.0
1790,NvcCmt8_L1_EW,NVCCMT8_EW,0.008,0.008
1790,NvcCmt8_L1_EW,NONE,0.006,0.0
1795,32Nvl_L1_NS,32NVL_NS,0.007,0.007
1795,32Nvl_L3_NS,NONE,0.075,0.0
1795,32Nvl_L2_NS,32NVL_NS,0.087,0.087
1795,NvcNvl_L3_NS,NONE,0.02,0.0
1795,NvcNvl_L2_NS,NONE,0.02,0.0
1795,32Mt_L1_NS,32MT_NS,0.006,0.006
1795,32Mt_L1_NS,NONE,0.01,0.0
1795,NvcMt_L1_EW,NVCMT_EW,0.006,0.006
1795,32Nvl_L1_NS,32NVL_NS,0.087,0.087
1795,NvcNvl_L1_NS,NONE,0.026,0.0
1795,32Mt_L2_NS,NONE,0.009,0.0
1795,NvcMt_L2_EW,NVCMT_EW,0.008,0.008
1800,304Nvl_L1_NS,304NVL_NS,0.009,0.009
1800,304Nvl_L3_NS,NONE,0.007,0.0
1800,304Nvl_L1_EW,304NVL_EW,0.008,0.008
1800,304Nvl_L2_EW,304NVL_EW,0.007,0.007
1800,32Nvl_L1_EW,32NVL_EW,0.035,0.035
1800,32Nvl_L2_EW,32NVL_EW,0.039,0.039
1800,32Nvl_L3_NS,NONE,0.083,0.0
1800,32Nvl_L2_NS,32NVL_NS,0.079,0.074
1800,NvcNvl_L3_NS,NONE,0.007,0.0
1800,NvcNvl_L2_NS,NONE,0.007,0.0
1800,NvcNvl_L1_EW,NONE,0.064,0.0
1800,NvcNvl_L2_EW,NONE,0.046,0.0
1800,32Mt_L1_NS,32MT_NS,0.006,0.006
1800,NvcMt_L1_EW,NVCMT_EW,0.006,0.006
1800,304Nvl_L2_NS,304NVL_NS,0.008,-0.048
1800,304Nvl_L3_EW,NONE,0.006,0.0
1800,32Nvl_L3_EW,NONE,0.031,0.0
1800,32Nvl_L1_NS,32NVL_NS,0.081,0.074
1800,NvcNvl_L1_NS,NONE,0.009,0.0
1800,NvcMt_L2_EW,NVCMT_EW,0.008,0.008
1805,304Nvl_L1_EW,304NVL_EW,0.017,0.017
1805,304Nvl_L2_EW,304NVL_EW,0.015,0.015
1805,32Nvl_L1_EW,32NVL_EW,0.035,0.035
1805,32Nvl_L2_EW,32NVL_EW,0.039,0.039
1805,32Nvl_L3_NS,NONE,0.075,0.0
1805,32Nvl_L2_NS,32NVL_NS,0.071,0.071
1805,NvcNvl_L3_NS,NONE,0.007,0.0
1805,NvcNvl_L2_NS,NONE,0.007,0.0
1805,NvcNvl_L1_EW,NONE,0.021,0.0
1805,NvcNvl_L2_EW,NONE,0.015,0.0
1805,NvcNvl_L1_EW,NVCNVL_EW,0.007,0.003
1805,32Mt_L1_EW,NONE,0.007,0.0
1805,32Mt_L3_EW,NONE,0.009,0.0
1805,NvcMt_L1_EW,NVCMT_EW,0.006,-0.004
1805,304Nvl_L3_EW,NONE,0.013,0.0
1805,32Nvl_L3_EW,NONE,0.031,0.0
1805,32Nvl_L1_NS,32NVL_NS,0.067,0.067
1805,NvcNvl_L1_NS,NONE,0.009,0.0
1805,32Mt_L2_EW,NONE,0.008,0.0
1805,NvcMt_L2_EW,NVCMT_EW,0.008,0.008
1805,NvcCmt8_L1_EW,NVCCMT8_EW,0.008,0.003
1810,304Nvl_L1_EW,304NVL_EW,0.017,0.017
1810,304Nvl_L2_EW,304NVL_EW,0.015,0.015
1810,32Nvl_L3_NS,NONE,0.014,0.0
1810,32Nvl_L1_NS,32NVL_NS,0.014,0.014
1810,32Nvl_L1_EW,32NVL_EW,0.035,0.03
1810,32Nvl_L2_EW,32NVL_EW,0.039,0.035
1810,32Nvl_L3_NS,NONE,0.008,0.0
1810,32Nvl_L2_NS,32NVL_NS,0.008,0.008
1810,NvcNvl_L1_EW,NVCNVL_EW,0.014,0.014
1810,NvcNvl_L2_EW,NVCNVL_EW,0.008,0.008
1810,32Mt_L1_EW,32MT_EW,0.007,-0.018
1810,32Mt_L1_NS,NONE,0.01,0.0
1810,NvcCmt8_L2_EW,NVCCMT8_EW,0.005,0.005
1810,304Nvl_L3_EW,NONE,0.013,0.0
1810,32Nvl_L2_NS,32NVL_NS,0.013,0.013
1810,32Nvl_L3_EW,NONE,0.031,0.0
1810,32Nvl_L1_NS,32NVL_NS,0.007,0.007
1810,NvcNvl_L3_EW,NONE,0.009,0.0
1810,32Mt_L2_EW,32MT_EW,0.005,-0.022
1810,NvcCmt8_L1_EW,NVCCMT8_EW,0.008,0.008
1815,304Nvl_L1_NS,NONE,0.007,0.0
1815,32Nvl_L3_NS,NONE,0.007,0.0
1815,32Nvl_L1_NS,32NVL_NS,0.014,0.014
1815,32Nvl_L1_EW,32NVL_EW,0.035,0.026
1815,32Nvl_L2_EW,32NVL_EW,0.039,0.031
1815,NvcNvl_L3_NS,NONE,0.02,0.0
1815,NvcNvl_L2_NS,NONE,0.02,0.0
1815,NvcNvl_L1_EW,NVCNVL_EW,0.021,0.021
1815,NvcNvl_L2_EW,NVCNVL_EW,0.008,0.008
1815,32Mt_L1_EW,32MT_EW,0.014,-0.011
1815,NvcMt_L2_NS,NONE,0.005,0.0
1815,NvcCmt8_L2_EW,NVCCMT8_EW,0.005,0.005
1815,32Nvl_L2_NS,32NVL_NS,0.013,0.013
1815,32Nvl_L3_EW,NONE,0.031,0.0
1815,NvcNvl_L1_NS,NONE,0.026,0.0
1815,NvcNvl_L3_EW,NONE,0.009,0.0
1815,32Mt_L2_EW,32MT_EW,0.011,-0.016
1815,NvcMt_L1_NS,NONE,0.005,0.0
1815,NvcCmt8_L1_EW,NVCCMT8_EW,0.008,0.008
1820,304Nvl_L1_NS,304NVL_NS,0.009,-0.015
1820,304Nvl_L1_EW,304NVL_EW,0.008,0.008
1820,32Nvl_L1_NS,32NVL_NS,0.035,0.028
1820,32Nvl_L1_EW,32NVL_EW,0.035,0.026
1820,32Nvl_L2_EW,32NVL_EW,0.039,0.031
1820,32Nvl_L1_EW,32NVL_EW,0.007,-0.003
1820,32Nvl_L2_EW,32NVL_EW,0.007,0.0
1820,NvcNvl_L3_NS,NONE,0.007,0.0
1820,NvcNvl_L2_NS,NONE,0.007,0.0
1820,NvcNvl_L1_EW,NVCNVL_EW,0.007,0.007
1820,NvcNvl_L2_EW,NVCNVL_EW,0.008,0.008
1820,32Mt_L1_EW,NONE,0.007,0.0
1820,32Mt_L3_EW,NONE,0.009,0.0
1820,32Mt_L1_EW,32MT_EW,0.014,-0.011
1820,NvcCmt8_L2_EW,NVCCMT8_EW,0.005,0.005
1820,32Nvl_L3_EW,NONE,0.006,0.0
1820,32Nvl_L3_EW,NONE,0.031,0.0
1820,NvcNvl_L1_NS,NONE,0.009,0.0
1820,NvcNvl_L3_EW,NONE,0.009,0.0
1820,32Mt_L2_EW,NONE,0.008,0.0
1820,32Mt_L2_EW,32MT_EW,0.011,-0.016
1820,NvcCmt8_L1_EW,NVCCMT8_EW,0.008,0.008
1825,304Nvl_L1_NS,304NVL_NS,0.009,-0.02
1825,304Nvl_L1_NS,NONE,0.007,0.0
1825,304Nvl_L3_NS,NONE,0.008,0.0
1825,32Nvl_L1_NS,32NVL_NS,0.042,0.035
1825,32Nvl_L1_EW,32NVL_EW,0.035,0.02
1825,32Nvl_L2_EW,32NVL_EW,0.039,0.025
1825,32Nvl_L1_EW,32NVL_EW,0.007,-0.009
1825,32Nvl_L2_EW,32NVL_EW,0.007,-0.006
1825,NvcNvl_L1_EW,NONE,0.011,0.0
1825,NvcNvl_L2_EW,NONE,0.008,0.0
1825,NvcNvl_L1_EW,NVCNVL_EW,0.014,0.014
1825,NvcNvl_L2_EW,NVCNVL_EW,0.008,0.008
1825,32Mt_L1_EW,32MT_EW,0.014,-0.011
1825,32Mt_L1_NS,NONE,0.049,0.0
1825,NvcMt_L2_NS,NONE,0.005,0.0
1825,NvcCmt8_L2_EW,NVCCMT8_EW,0.005,0.005
1825,32Thn_L1_EW,32THN_EW,0.008,-0.017
1825,32Thn_L2_EW,32THN_EW,0.008,-0.019
1825,32Thn_L3_EW,NONE,0.008,0.0
1825,304Nvl_L2_NS,NONE,0.007,0.0
1825,32Nvl_L3_EW,NONE,0.006,0.0
1825,32Nvl_L3_EW,NONE,0.031,0.0
1825,32Nvl_L1_NS,32NVL_NS,0.007,0.0
1825,NvcNvl_L3_EW,NONE,0.009,0.0
1825,32Mt_L2_EW,32MT_EW,0.011,-0.016
1825,32Mt_L2_NS,NONE,0.043,0.0
1825,NvcMt_L1_NS,NONE,0.005,0.0
1825,NvcMt_L1_EW,NVCMT_EW,0.006,-0.01
1825,NvcCmt8_L1_EW,NVCCMT8_EW,0.008,0.008
1830,304Nvl_L1_NS,304NVL_NS,0.009,0.009
1830,304Nvl_L1_EW,304NVL_EW,0.008,0.008
1830,32Nvl_L1_EW,32NVL_EW,0.035,0.015
1830,32Nvl_L2_EW,32NVL_EW,0.039,0.021
1830,32Nvl_L1_EW,32NVL_EW,0.007,-0.014
1830,32Nvl_L2_EW,32NVL_EW,0.007,-0.01
1830,32Nvl_L3_NS,NONE,0.008,0.0
1830,32Nvl_L2_NS,32NVL_NS,0.008,0.008
1830,NvcNvl_L3_NS,NONE,0.014,0.0
1830,NvcNvl_L2_NS,NONE,0.013,0.0
1830,NvcNvl_L1_EW,NVCNVL_EW,0.021,0.017
1830,NvcNvl_L2_EW,NVCNVL_EW,0.008,0.008
1830,32Mt_L1_NS,32MT_NS,0.031,0.031
1830,32Mt_L1_EW,32MT_EW,0.021,-0.004
1830,32Mt_L1_NS,NONE,0.01,0.0
1830,NvcMt_L1_EW,NVCMT_EW,0.006,-0.014
1830,NvcCmt8_L2_EW,NVCCMT8_EW,0.005,0.005
1830,32Thn_L1_EW,32THN_EW,0.008,-0.017
1830,32Thn_L2_EW,32THN_EW,0.008,-0.019
1830,32Thn_L3_EW,NONE,0.008,0.0
1830,32Nvl_L3_EW,NONE,0.006,0.0
1830,32Nvl_L3_EW,NONE,0.031,0.0
1830,32Nvl_L1_NS,32NVL_NS,0.013,0.007
1830,NvcNvl_L1_NS,NONE,0.017,0.0
1830,NvcNvl_L3_EW,NONE,0.009,0.0
1830,32Mt_L2_EW,32MT_EW,0.016,-0.011
1830,NvcMt_L2_EW,NVCMT_EW,0.008,-0.001
1830,NvcCmt8_L1_EW,NVCCMT8_EW,0.008,0.003
1830,NvcCmt8_L1_EW,NONE,0.006,0.0
1835,304Nvl_L1_EW,304NVL_EW,0.008,0.008
1835,304Nvl_L2_EW,304NVL_EW,0.007,0.007
1835,32Nvl_L1_EW,32NVL_EW,0.035,0.015
1835,32Nvl_L2_EW,32NVL_EW,0.039,0.021
1835,32Nvl_L1_EW,32NVL_EW,0.02,0.0
1835,32Nvl_L2_EW,32NVL_EW,0.022,0.005
1835,NvcNvl_L3_NS,NONE,0.007,0.0
1835,NvcNvl_L2_NS,NONE,0.007,0.0
1835,NvcNvl_L1_EW,NVCNVL_EW,0.028,0.019
1835,NvcNvl_L2_EW,NVCNVL_EW,0.016,0.016
1835,32Mt_L1_EW,NONE,0.007,0.0
1835,32Mt_L3_EW,NONE,0.009,0.0
1835,32Mt_L1_EW,32MT_EW,0.021,-0.004
1835,NvcMt_L2_NS,NONE,0.005,0.0
1835,NvcMt_L1_EW,NVCMT_EW,0.013,-0.012
1835,NvcCmt8_L2_EW,NVCCMT8_EW,0.005,0.005
1835,32Thn_L1_EW,32THN_EW,0.008,-0.017
1835,32Thn_L2_EW,32THN_EW,0.008,-0.019
1835,32Thn_L3_EW,NONE,0.008,0.0
1835,304Nvl_L3_EW,NONE,0.006,0.0
1835,32Nvl_L3_EW,NONE,0.018,0.0
1835,32Nvl_L3_EW,NONE,0.031,0.0
1835,NvcNvl_L1_NS,NONE,0.009,0.0
1835,NvcNvl_L3_EW,NONE,0.019,0.0
1835,32Mt_L2_EW,NONE,0.008,0.0
1835,32Mt_L2_EW,32MT_EW,0.016,-0.011
1835,NvcMt_L1_NS,NONE,0.005,0.0
1835,NvcMt_L2_EW,NVCMT_EW,0.016,0.001
1835,NvcMt_L1_EW,NVCMT_EW,0.028,0.003
1835,NvcCmt8_L1_EW,NVCCMT8_EW,0.008,-0.001
1840,32Nvl_L3_NS,NONE,0.007,0.0
1840,32Nvl_L1_NS,32NVL_NS,0.007,0.007
1840,32Nvl_L1_EW,32NVL_EW,0.035,0.021
1840,32Nvl_L2_EW,32NVL_EW,0.039,0.027
1840,32Nvl_L1_EW,32NVL_EW,0.02,0.005
1840,32Nvl_L2_EW,32NVL_EW,0.022,0.011
1840,NvcNvl_L3_NS,NONE,0.081,0.0
1840,NvcNvl_L2_NS,NONE,0.112,0.0
1840,NvcNvl_L1_EW,NVCNVL_EW,0.021,0.012
1840,NvcNvl_L2_EW,NVCNVL_EW,0.016,0.006
1840,32Mt_L1_EW,32MT_EW,0.021,-0.004
1840,32Mt_L1_NS,NONE,0.049,0.0
1840,NvcMt_L1_EW,NVCMT_EW,0.013,-0.007
1840,NvcMt_L2_EW,NVCMT_EW,0.013,-0.001
1840,NvcCmt8_L2_EW,NVCCMT8_EW,0.005,-0.004
1840,32Thn_L1_EW,NONE,0.01,0.0
1840,32Nvl_L2_NS,32NVL_NS,0.007,0.007
1840,32Nvl_L3_EW,NONE,0.018,0.0
1840,32Nvl_L3_EW,NONE,0.031,0.0
1840,NvcNvl_L1_NS,NONE,0.149,0.0
1840,NvcNvl_L3_EW,NONE,0.019,0.0
1840,32Mt_L2_EW,32MT_EW,0.016,-0.011
1840,32Mt_L2_NS,NONE,0.043,0.0
1840,NvcMt_L2_EW,NVCMT_EW,0.016,0.001
1840,NvcMt_L1_EW,NVCMT_EW,0.028,0.008
1840,NvcCmt8_L1_EW,NVCCMT8_EW,0.008,-0.001
1845,32Nvl_L1_EW,32NVL_EW,0.042,0.028
1845,32Nvl_L2_EW,32NVL_EW,0.046,0.035
1845,32Nvl_L1_EW,32NVL_EW,0.02,0.005
1845,32Nvl_L2_EW,32NVL_EW,0.022,0.011
1845,NvcNvl_L3_NS,NONE,0.115,0.0
1845,NvcNvl_L2_NS,NONE,0.112,0.0
1845,NvcNvl_L1_EW,NONE,0.011,0.0
1845,NvcNvl_L2_EW,NONE,0.008,0.0
1845,NvcNvl_L1_EW,NVCNVL_EW,0.021,0.012
1845,NvcNvl_L2_EW,NVCNVL_EW,0.016,0.004
1845,32Mt_L1_EW,NONE,0.036,0.0
1845,32Mt_L1_EW,32MT_EW,0.021,-0.009
1845,NvcMt_L2_NS,NONE,0.032,0.0
1845,NvcMt_L1_EW,NVCMT_EW,0.013,-0.002
1845,NvcMt_L2_EW,NVCMT_EW,0.016,0.005
1845,32Thn_L1_EW,NONE,0.01,0.0
1845,32Nvl_L3_EW,NONE,0.018,0.0
1845,32Nvl_L3_EW,NONE,0.038,0.0
1845,NvcNvl_L1_NS,NONE,0.149,0.0
1845,NvcNvl_L3_EW,NONE,0.006,0.0
1845,NvcNvl_L3_EW,NONE,0.019,0.0
1845,32Mt_L2_EW,NONE,0.038,0.0
1845,32Mt_L2_EW,32MT_EW,0.016,-0.016
1845,NvcMt_L1_NS,NONE,0.033,0.0
1845,NvcMt_L2_EW,NVCMT_EW,0.016,0.005
1845,NvcMt_L1_EW,NVCMT_EW,0.033,0.019
1850,304Nvl_L1_EW,304NVL_EW,0.017,0.017
1850,304Nvl_L2_EW,304NVL_EW,0.015,0.015
1850,32Nvl_L1_EW,32NVL_EW,0.035,-0.009
1850,32Nvl_L2_EW,32NVL_EW,0.039,0.008
1850,32Nvl_L1_EW,32NVL_EW,0.02,-0.024
1850,32Nvl_L2_EW,32NVL_EW,0.022,-0.008
1850,32Nvl_L3_NS,NONE,0.008,0.0
1850,32Nvl_L2_NS,32NVL_NS,0.008,0.008
1850,NvcNvl_L2_NS,NONE,0.033,0.0
1850,NvcNvl_L1_EW,NVCNVL_EW,0.021,0.012
1850,NvcNvl_L2_EW,NVCNVL_EW,0.016,0.004
1850,32Mt_L1_NS,32MT_NS,0.031,0.031
1850,32Mt_L1_EW,NONE,0.05,0.0
1850,32Mt_L3_EW,NONE,0.062,0.0
1850,32Mt_L1_EW,32MT_EW,0.063,0.038
1850,32Mt_L1_NS,NONE,0.01,0.0
1850,NvcMt_L2_NS,NONE,0.005,0.0
1850,NvcMt_L1_EW,NVCMT_EW,0.013,-0.002
1850,NvcMt_L2_EW,NVCMT_EW,0.016,0.005
1850,304Nvl_L3_EW,NONE,0.013,0.0
1850,32Nvl_L3_EW,NONE,0.018,0.0
1850,32Nvl_L3_EW,NONE,0.031,0.0
1850,32Nvl_L1_NS,32NVL_NS,0.013,0.013
1850,NvcNvl_L1_NS,NONE,0.044,0.0
1850,NvcNvl_L3_EW,NONE,0.019,0.0
1850,32Mt_L2_EW,NONE,0.053,0.0
1850,32Mt_L2_EW,32MT_EW,0.044,0.016
1850,32Mt_L2_NS,NONE,0.009,0.0
1850,NvcMt_L1_NS,NONE,0.005,0.0
1850,NvcMt_L2_EW,NVCMT_EW,0.016,0.005
1850,NvcMt_L1_EW,NVCMT_EW,0.033,0.019
1855,304Nvl_L1_NS,NONE,0.044,0.0
1855,304Nvl_L3_NS,NONE,0.048,0.0
1855,32Nvl_L1_EW,32NVL_EW,0.035,0.006
1855,32Nvl_L2_EW,32NVL_EW,0.039,0.016
1855,32Nvl_L1_EW,32NVL_EW,0.027,-0.002
1855,32Nvl_L2_EW,32NVL_EW,0.022,0.0
1855,NvcNvl_L3_NS,NONE,0.014,0.0
1855,NvcNvl_L2_NS,NONE,0.013,0.0
1855,NvcNvl_L1_EW,NVCNVL_EW,0.014,0.014
1855,NvcNvl_L2_EW,NVCNVL_EW,0.008,-0.003
1855,32Mt_L1_EW,NONE,0.007,0.0
1855,32Mt_L3_EW,NONE,0.009,0.0
1855,32Mt_L1_EW,32MT_EW,0.042,0.017
1855,32Mt_L1_NS,NONE,0.02,0.0
1855,NvcMt_L2_NS,NONE,0.026,0.0
1855,NvcMt_L2_EW,NVCMT_EW,0.016,0.011
1855,304Nvl_L2_NS,NONE,0.044,0.0
1855,32Nvl_L3_EW,NONE,0.018,0.0
1855,32Nvl_L3_EW,NONE,0.031,0.0
1855,NvcNvl_L1_NS,NONE,0.017,0.0
1855,NvcNvl_L3_EW,NONE,0.009,0.0
1855,32Mt_L2_EW,NONE,0.008,0.0
1855,32Mt_L2_EW,32MT_EW,0.033,0.006
1855,32Mt_L2_NS,NONE,0.009,0.0
1855,NvcMt_L1_NS,NONE,0.027,0.0
1855,NvcMt_L1_EW,NVCMT_EW,0.028,0.018
1860,304Thn_L1_EW,304THN_EW,0.008,-0.004
1860,304Thn_L3_EW,NONE,0.008,0.0
1860,304Nvl_L1_EW,304NVL_EW,0.017,0.011
1860,304Nvl_L2_EW,304NVL_EW,0.015,0.009
1860,304Nvl_L1_NS,NONE,0.015,0.0
1860,32Nvl_L1_EW,32NVL_EW,0.042,-0.001
1860,32Nvl_L2_EW,32NVL_EW,0.046,0.016
1860,32Nvl_L1_EW,32NVL_EW,0.027,-0.017
1860,32Nvl_L2_EW,32NVL_EW,0.022,-0.008
1860,32Nvl_L3_NS,NONE,0.008,0.0
1860,32Nvl_L2_NS,32NVL_NS,0.008,0.008
1860,32Mt_L1_NS,32MT_NS,0.006,0.006
1860,32Mt_L1_EW,NONE,0.007,0.0
1860,32Mt_L1_EW,32MT_EW,0.063,0.033
1860,NvcMt_L2_NS,NONE,0.032,0.0
1860,NvcMt_L1_EW,NVCMT_EW,0.006,0.006
1860,NvcMt_L2_EW,NVCMT_EW,0.003,0.003
1860,NvcCmt8_L2_EW,NONE,0.007,0.0
1860,304Nvl_L3_EW,NONE,0.013,0.0
1860,32Nvl_L3_EW,NONE,0.018,0.0
1860,32Nvl_L3_EW,NONE,0.038,0.0
1860,32Nvl_L1_NS,32NVL_NS,0.007,0.007
1860,32Mt_L2_EW,32MT_EW,0.044,0.011
1860,NvcMt_L1_NS,NONE,0.033,0.0
1860,NvcMt_L2_EW,NVCMT_EW,0.008,0.008
1860,NvcMt_L1_EW,NVCMT_EW,0.006,0.006
1860,NvcCmt8_L1_EW,NONE,0.006,0.0
1860,304Thn_L2_EW,304THN_EW,0.007,-0.003
1865,304Nvl_L1_EW,304NVL_EW,0.042,0.042
1865,304Nvl_L1_NS,NONE,0.007,0.0
1865,32Nvl_L3_NS,NONE,0.007,0.0
1865,32Nvl_L1_NS,32NVL_NS,0.007,0.007
1865,32Nvl_L1_EW,32NVL_EW,0.007,-0.022
1865,32Nvl_L2_EW,32NVL_EW,0.008,0.004
1865,32Nvl_L1_EW,32NVL_EW,0.007,-0.023
1865,NvcNvl_L1_EW,NONE,0.011,0.0
1865,NvcNvl_L2_EW,NONE,0.008,0.0
1865,NvcNvl_L1_EW,NVCNVL_EW,0.014,0.01
1865,NvcNvl_L2_EW,NVCNVL_EW,0.008,0.008
1865,32Mt_L1_NS,32MT_NS,0.006,0.006
1865,32Mt_L1_EW,NONE,0.007,0.0
1865,32Mt_L1_EW,32MT_EW,0.042,0.037
1865,NvcMt_L2_NS,NONE,0.005,0.0
1865,NvcMt_L1_EW,NVCMT_EW,0.006,-0.009
1865,NvcCmt8_L2_NS,NONE,0.011,0.0
1865,NvcCmt8_L1_NS,NONE,0.008,0.0
1865,32Nvl_L2_NS,32NVL_NS,0.007,0.007
1865,32Nvl_L3_EW,NONE,0.006,0.0
1865,NvcNvl_L3_EW,NONE,0.009,0.0
1865,32Mt_L2_EW,32MT_EW,0.005,0.0
1865,NvcMt_L1_NS,NONE,0.005,0.0
1865,NvcMt_L2_EW,NVCMT_EW,0.008,0.002
1865,NvcCmt8_L1_EW,NVCCMT8_EW,0.008,0.003
1870,304Nvl_L1_NS,NONE,0.007,0.0
1870,32Nvl_L1_NS,32NVL_NS,0.007,0.007
1870,32Mt_L1_EW,NONE,0.007,0.0
1870,32Mt_L1_EW,32MT_EW,0.049,0.049
1870,NvcMt_L2_NS,NONE,0.005,0.0
1870,NvcCmt8_L2_NS,NONE,0.011,0.0
1870,NvcCmt8_L1_NS,NONE,0.008,0.0
1870,32Nvl_L2_NS,32NVL_NS,0.007,0.007
1870,32Nvl_L1_NS,32NVL_NS,0.034,0.034
1870,32Mt_L2_EW,32MT_EW,0.033,0.033
1870,NvcMt_L1_NS,NONE,0.005,0.0
1875,32Nvl_L1_NS,32NVL_NS,0.007,0.007
1875,32Mt_L1_EW,32MT_EW,0.007,0.007
1875,32Mt_L1_NS,NONE,0.01,0.0
1875,NvcCmt8_L2_NS,NONE,0.012,0.0
1875,NvcCmt8_L2_NS,NONE,0.011,0.0
1875,NvcCmt8_L1_NS,NONE,0.008,0.0
1875,32Nvl_L2_NS,32NVL_NS,0.007,0.007
1875,32Nvl_L1_NS,32NVL_NS,0.047,0.047
1875,32Mt_L2_EW,32MT_EW,0.005,0.005
1875,32Mt_L2_NS,NONE,0.009,0.0
1875,NvcCmt8_L1_NS,NONE,0.011,0.0
1880,304Nvl_L1_EW,304NVL_EW,0.017,0.017
1880,304Nvl_L2_EW,304NVL_EW,0.015,0.015
1880,32Nvl_L1_NS,32NVL_NS,0.007,0.007
1880,NvcNvl_L1_EW,NONE,0.011,0.0
1880,NvcNvl_L2_EW,NONE,0.008,0.0
1880,32Mt_L1_NS,32MT_NS,0.006,0.006
1880,32Mt_L1_EW,NONE,0.043,0.0
1880,32Mt_L3_EW,NONE,0.053,0.0
1880,NvcMt_L2_NS,NONE,0.005,0.0
1880,304Nvl_L3_EW,NONE,0.013,0.0
1880,32Nvl_L2_NS,32NVL_NS,0.007,0.007
1880,32Nvl_L1_NS,32NVL_NS,0.054,0.054
1880,NvcNvl_L3_EW,NONE,0.006,0.0
1880,32Mt_L2_EW,NONE,0.045,0.0
1880,NvcMt_L1_NS,NONE,0.005,0.0
1885,304Nvl_L1_EW,304NVL_EW,0.008,0.008
1885,304Nvl_L2_EW,304NVL_EW,0.007,0.007
1885,32Nvl_L3_NS,NONE,0.014,0.0
1885,32Nvl_L1_NS,32NVL_NS,0.021,0.021
1885,NvcNvl_L3_NS,NONE,0.007,0.0
1885,NvcNvl_L2_NS,NONE,0.007,0.0
1885,NvcNvl_L1_EW,NONE,0.011,0.0
1885,NvcNvl_L2_EW,NONE,0.008,0.0
1885,32Mt_L1_NS,32MT_NS,0.006,0.006
1885,32Mt_L1_EW,NONE,0.022,0.0
1885,32Mt_L3_EW,NONE,0.027,0.0
1885,NvcMt_L1_EW,NVCMT_EW,0.076,0.071
1885,NvcCmt8_L2_EW,NVCCMT8_EW,0.005,0.005
1885,32Thn_L1_EW,32THN_EW,0.04,0.04
1885,32Thn_L2_EW,32THN_EW,0.042,0.042
1885,32Thn_L3_EW,NONE,0.041,0.0
1885,304Nvl_L3_EW,NONE,0.006,0.0
1885,32Nvl_L2_NS,32NVL_NS,0.02,0.02
1885,32Nvl_L1_NS,32NVL_NS,0.013,0.013
1885,NvcNvl_L1_NS,NONE,0.009,0.0
1885,NvcNvl_L3_EW,NONE,0.006,0.0
1885,32Mt_L2_EW,NONE,0.023,0.0
1885,NvcMt_L2_EW,NVCMT_EW,0.095,0.092
1885,NvcCmt8_L1_EW,NVCCMT8_EW,0.008,-0.046
1890,304Nvl_L1_EW,304NVL_EW,0.008,0.008
1890,32Nvl_L3_NS,NONE,0.02,0.0
1890,32Nvl_L1_NS,32NVL_NS,0.028,0.028
1890,NvcNvl_L3_NS,NONE,0.014,0.0
1890,NvcNvl_L2_NS,NONE,0.013,0.0
1890,32Mt_L1_NS,32MT_NS,0.019,0.019
1890,32Mt_L1_EW,NONE,0.043,0.0
1890,32Mt_L3_EW,NONE,0.053,0.0
1890,32Mt_L1_NS,NONE,0.049,0.0
1890,NvcMt_L2_NS,NONE,0.005,0.0
1890,32Thn_L1_EW,NONE,0.049,0.0
1890,32Nvl_L2_NS,32NVL_NS,0.027,0.027
1890,32Nvl_L1_NS,32NVL_NS,0.007,0.007
1890,NvcNvl_L1_NS,NONE,0.017,0.0
1890,32Mt_L2_EW,NONE,0.045,0.0
1890,NvcMt_L1_NS,NONE,0.005,0.0
1895,304Nvl_L1_NS,304NVL_NS,0.009,-0.01
1895,304Nvl_L1_EW,304NVL_EW,0.017,0.017
1895,304Nvl_L2_EW,304NVL_EW,0.007,0.007
1895,32Nvl_L3_NS,NONE,0.014,0.0
1895,32Nvl_L1_NS,32NVL_NS,0.028,0.021
1895,32Nvl_L1_EW,32NVL_EW,0.007,0.007
1895,32Nvl_L2_EW,32NVL_EW,0.008,0.008
1895,32Nvl_L3_NS,NONE,0.008,0.0
1895,32Nvl_L2_NS,32NVL_NS,0.008,0.003
1895,NvcNvl_L2_NS,NONE,0.007,0.0
1895,NvcNvl_L1_EW,NONE,0.011,0.0
1895,NvcNvl_L2_EW,NONE,0.008,0.0
1895,32Mt_L1_NS,32MT_NS,0.006,0.006
1895,32Mt_L1_NS,NONE,0.01,0.0
1895,304Nvl_L2_NS,304NVL_NS,0.008,0.002
1895,304Nvl_L3_EW,NONE,0.006,0.0
1895,32Nvl_L2_NS,32NVL_NS,0.027,0.021
1895,32Nvl_L3_EW,NONE,0.006,0.0
1895,32Nvl_L1_NS,32NVL_NS,0.007,0.0
1895,NvcNvl_L1_NS,NONE,0.009,0.0
1900,304Nvl_L1_NS,304NVL_NS,0.009,-0.01
1900,304Nvl_L3_NS,NONE,0.007,0.0
1900,304Nvl_L1_NS,NONE,0.007,0.0
1900,32Nvl_L3_NS,NONE,0.014,0.0
1900,32Nvl_L1_NS,32NVL_NS,0.028,0.021
1900,32Nvl_L1_EW,32NVL_EW,0.007,-0.028
1900,32Nvl_L2_EW,32NVL_EW,0.007,-0.002
1900,32Nvl_L3_NS,NONE,0.008,0.0
1900,32Nvl_L2_NS,32NVL_NS,0.008,0.003
1900,NvcNvl_L1_EW,NONE,0.053,0.0
1900,NvcNvl_L2_EW,NONE,0.038,0.0
1900,32Mt_L1_NS,32MT_NS,0.006,0.006
1900,32Mt_L1_EW,NONE,0.007,0.0
1900,32Mt_L3_EW,NONE,0.009,0.0
1900,32Mt_L1_EW,32MT_EW,0.042,0.042
1900,32Thn_L1_EW,32THN_EW,0.008,0.008
1900,32Thn_L2_EW,32THN_EW,0.008,0.008
1900,32Thn_L3_EW,NONE,0.008,0.0
1900,304Nvl_L2_NS,304NVL_NS,0.008,0.002
1900,32Nvl_L2_NS,32NVL_NS,0.027,0.021
1900,32Nvl_L3_EW,NONE,0.006,0.0
1900,32Nvl_L1_NS,32NVL_NS,0.013,0.007
1900,NvcNvl_L3_EW,NONE,0.032,0.0
1900,32Mt_L2_NS,32MT_NS,0.006,0.006
1900,32Mt_L2_EW,NONE,0.008,0.0
1900,32Mt_L2_EW,32MT_EW,0.005,0.005
1905,304Nvl_L1_NS,304NVL_NS,0.009,-0.01
1905,304Nvl_L3_NS,NONE,0.007,0.0
1905,304Nvl_L1_EW,304NVL_EW,0.017,0.017
1905,304Nvl_L2_EW,304NVL_EW,0.015,0.015
1905,32Nvl_L3_NS,NONE,0.014,0.0
1905,32Nvl_L1_NS,32NVL_NS,0.028,0.021
1905,32Nvl_L3_NS,NONE,0.017,0.0
1905,32Nvl_L2_NS,32NVL_NS,0.016,0.01
1905,NvcNvl_L3_NS,NONE,0.007,0.0
1905,NvcNvl_L2_NS,NONE,0.007,0.0
1905,NvcNvl_L1_EW,NVCNVL_EW,0.007,0.007
1905,32Mt_L1_NS,32MT_NS,0.006,0.006
1905,32Mt_L1_EW,NONE,0.007,0.0
1905,32Mt_L1_EW,32MT_EW,0.042,0.042
1905,32Thn_L1_EW,NONE,0.01,0.0
1905,304Nvl_L2_NS,304NVL_NS,0.008,-0.003
1905,304Nvl_L3_EW,NONE,0.013,0.0
1905,32Nvl_L2_NS,32NVL_NS,0.027,0.021
1905,32Nvl_L1_NS,32NVL_NS,0.027,0.021
1905,NvcNvl_L1_NS,NONE,0.009,0.0
1905,32Mt_L2_NS,32MT_NS,0.006,0.006
1905,32Mt_L2_EW,NONE,0.008,0.0
1905,32Mt_L2_EW,32MT_EW,0.005,0.005
1910,304Nvl_L1_NS,304NVL_NS,0.009,0.009
1910,304Nvl_L3_NS,NONE,0.007,0.0
1910,304Nvl_L1_EW,304NVL_EW,0.008,0.008
1910,304Nvl_L2_EW,304NVL_EW,0.007,0.007
1910,32Nvl_L3_NS,NONE,0.008,0.0
1910,32Nvl_L2_NS,32NVL_NS,0.008,0.003
1910,NvcNvl_L3_NS,NONE,0.007,0.0
1910,NvcNvl_L2_NS,NONE,0.007,0.0
1910,32Mt_L1_NS,32MT_NS,0.006,0.006
1910,32Mt_L1_EW,32MT_EW,0.007,0.007
1910,32Mt_L1_NS,NONE,0.01,0.0
1910,304Nvl_L2_NS,304NVL_NS,0.008,0.002
1910,304Nvl_L3_EW,NONE,0.006,0.0
1910,32Nvl_L1_NS,32NVL_NS,0.013,0.007
1910,NvcNvl_L1_NS,NONE,0.009,0.0
1910,32Mt_L2_NS,32MT_NS,0.006,0.006
1910,32Mt_L2_EW,32MT_EW,0.005,0.005
1910,32Mt_L2_NS,NONE,0.009,0.0
1915,304Nvl_L1_EW,304NVL_EW,0.008,0.008
1915,304Nvl_L2_EW,304NVL_EW,0.007,0.007
1915,304Nvl_L1_NS,NONE,0.007,0.0
1915,NvcNvl_L3_NS,NONE,0.007,0.0
1915,NvcNvl_L2_NS,NONE,0.007,0.0
1915,NvcNvl_L1_EW,NVCNVL_EW,0.007,0.007
1915,32Mt_L1_EW,32MT_EW,0.014,0.014
1915,32Thn_L1_EW,NONE,0.01,0.0
1915,32Thn_L2_EW,NONE,0.01,0.0
1915,32Thn_L3_EW,NONE,0.007,0.0
1915,304Nvl_L3_EW,NONE,0.006,0.0
1915,32Nvl_L1_NS,32NVL_NS,0.007,0.007
1915,NvcNvl_L1_NS,NONE,0.009,0.0
1915,32Mt_L2_EW,32MT_EW,0.005,0.005
1920,304Nvl_L1_EW,304NVL_EW,0.051,0.051
1920,304Nvl_L2_EW,304NVL_EW,0.044,0.044
1920,NvcNvl_L3_NS,NONE,0.007,0.0
1920,NvcNvl_L2_NS,NONE,0.007,0.0
1920,NvcNvl_L1_EW,NVCNVL_EW,0.007,0.007
1920,32Mt_L1_EW,NONE,0.007,0.0
1920,32Mt_L1_EW,32MT_EW,0.014,0.014
1920,32Mt_L1_NS,NONE,0.117,0.0
1920,32Thn_L1_EW,32THN_EW,0.008,0.008
1920,304Nvl_L3_EW,NONE,0.038,0.0
1920,32Nvl_L1_NS,32NVL_NS,0.007,0.007
1920,NvcNvl_L1_NS,NONE,0.009,0.0
1920,32Mt_L2_EW,32MT_EW,0.005,0.005
1920,32Mt_L2_NS,NONE,0.113,0.0
1925,304Nvl_L1_EW,304NVL_EW,0.076,0.076
1925,304Nvl_L2_EW,304NVL_EW,0.058,0.058
1925,304Nvl_L1_EW,NONE,0.008,0.0
1925,304Nvl_L2_EW,NONE,0.009,0.0
1925,32Nvl_L3_NS,NONE,0.007,0.0
1925,32Nvl_L1_NS,32NVL_NS,0.007,0.007
1925,NvcNvl_L1_EW,NONE,0.011,0.0
1925,NvcNvl_L2_EW,NONE,0.008,0.0
1925,NvcNvl_L1_EW,NVCNVL_EW,0.007,0.007
1925,32Mt_L1_EW,32MT_EW,0.105,0.105
1925,32Mt_L1_NS,NONE,0.117,0.0
1925,32Thn_L1_EW,32THN_EW,0.008,0.008
1925,304Nvl_L3_EW,NONE,0.051,0.0
1925,304Nvl_L3_EW,NONE,0.008,0.0
1925,32Nvl_L2_NS,32NVL_NS,0.007,0.007
1925,32Nvl_L1_NS,32NVL_NS,0.007,0.007
1925,32Mt_L2_EW,32MT_EW,0.076,0.076
1925,32Mt_L2_NS,NONE,0.104,0.0
1930,304Nvl_L1_NS,304NVL_NS,0.018,0.018
1930,304Nvl_L3_NS,NONE,0.007,0.0
1930,304Nvl_L1_EW,304NVL_EW,0.085,0.085
1930,304Nvl_L2_EW,304NVL_EW,0.065,0.065
1930,32Nvl_L3_NS,NONE,0.008,0.0
1930,32Nvl_L2_NS,32NVL_NS,0.008,0.003
1930,32Mt_L1_EW,32MT_EW,0.133,0.133
1930,NvcMt_L2_EW,NVCMT_EW,0.003,0.003
1930,NvcMt_L1_NS,NVCMT_NS,0.007,0.007
1930,32Thn_L1_EW,NONE,0.01,0.0
1930,32Thn_L2_EW,NONE,0.01,0.0
1930,32Thn_L3_EW,NONE,0.007,0.0
1930,304Nvl_L2_NS,304NVL_NS,0.008,0.002
1930,304Nvl_L3_EW,NONE,0.051,0.0
1930,32Nvl_L1_NS,32NVL_NS,0.007,-0.006
1930,32Mt_L2_EW,32MT_EW,0.103,0.103
1930,NvcMt_L1_EW,NVCMT_EW,0.006,0.006
1930,NvcMt_L2_NS,NVCMT_NS,0.005,0.005
1935,304Nvl_L1_EW,304NVL_EW,0.093,0.093
1935,304Nvl_L2_EW,304NVL_EW,0.073,0.073
1935,32Mt_L1_NS,32MT_NS,0.075,0.07
1935,32Mt_L1_EW,NONE,0.101,0.0
1935,32Mt_L3_EW,NONE,0.124,0.0
1935,32Mt_L1_EW,32MT_EW,0.139,0.139
1935,NvcMt_L2_EW,NVCMT_EW,0.003,0.003
1935,NvcMt_L1_NS,NVCMT_NS,0.007,-0.046
1935,32Thn_L1_EW,32THN_EW,0.008,0.008
1935,304Nvl_L3_EW,NONE,0.063,0.0
1935,32Mt_L2_EW,NONE,0.106,0.0
1935,32Mt_L2_EW,32MT_EW,0.103,0.103
1935,NvcMt_L1_EW,NVCMT_EW,0.006,0.006
1935,NvcMt_L2_NS,NVCMT_NS,0.005,0.005
1940,304Nvl_L1_EW,304NVL_EW,0.085,0.085
1940,304Nvl_L2_EW,304NVL_EW,0.073,0.073
1940,32Nvl_L3_NS,NONE,0.007,0.0
1940,32Nvl_L1_NS,32NVL_NS,0.007,0.007
1940,32Nvl_L1_EW,32NVL_EW,0.034,-0.065
1940,32Nvl_L2_EW,32NVL_EW,0.037,-0.035
1940,NvcNvl_L2_NS,NONE,0.007,0.0
1940,32Mt_L1_NS,32MT_NS,0.075,0.075
1940,32Mt_L1_EW,NONE,0.022,0.0
1940,32Mt_L3_EW,NONE,0.027,0.0
1940,32Mt_L1_EW,32MT_EW,0.133,0.133
1940,NvcMt_L2_EW,NVCMT_EW,0.005,0.005
1940,32Thn_L1_EW,32THN_EW,0.008,0.008
1940,304Nvl_L3_EW,NONE,0.063,0.0
1940,32Nvl_L2_NS,32NVL_NS,0.007,0.007
1940,32Nvl_L3_EW,NONE,0.031,0.0
1940,32Nvl_L1_NS,32NVL_NS,0.007,0.007
1940,NvcNvl_L1_NS,NONE,0.009,0.0
1940,32Mt_L2_EW,NONE,0.023,0.0
1940,32Mt_L2_EW,32MT_EW,0.103,0.103
1940,NvcMt_L1_EW,NVCMT_EW,0.011,0.011
1945,304Nvl_L1_EW,304NVL_EW,0.085,0.085
1945,304Nvl_L2_EW,304NVL_EW,0.073,0.073
1945,304Nvl_L1_NS,NONE,0.007,0.0
1945,32Nvl_L1_EW,32NVL_EW,0.034,-0.059
1945,32Nvl_L2_EW,32NVL_EW,0.037,-0.035
1945,NvcNvl_L3_NS,NONE,0.007,0.0
1945,NvcNvl_L2_NS,NONE,0.007,0.0
1945,32Mt_L1_NS,32MT_NS,0.006,0.006
1945,32Mt_L1_EW,NONE,0.022,0.0
1945,32Mt_L3_EW,NONE,0.027,0.0
1945,32Mt_L1_EW,32MT_EW,0.133,0.133
1945,32Mt_L1_NS,NONE,0.127,0.0
1945,NvcMt_L2_EW,NVCMT_EW,0.005,0.005
1945,NvcCmt8_L2_NS,NONE,0.011,0.0
1945,NvcCmt8_L1_NS,NONE,0.008,0.0
1945,304Nvl_L3_EW,NONE,0.063,0.0
1945,32Nvl_L3_EW,NONE,0.031,0.0
1945,NvcNvl_L1_NS,NONE,0.009,0.0
1945,32Mt_L2_NS,32MT_NS,0.006,0.006
1945,32Mt_L2_EW,NONE,0.023,0.0
1945,32Mt_L2_EW,32MT_EW,0.103,0.103
1945,32Mt_L2_NS,NONE,0.009,0.0
1945,NvcMt_L1_EW,NVCMT_EW,0.011,0.011
1950,304Nvl_L1_EW,304NVL_EW,0.068,0.068
1950,304Nvl_L2_EW,304NVL_EW,0.058,0.058
1950,32Nvl_L1_EW,32NVL_EW,0.034,-0.064
1950,32Nvl_L2_EW,32NVL_EW,0.037,-0.031
1950,32Mt_L1_NS,32MT_NS,0.013,0.013
1950,32Mt_L1_EW,NONE,0.022,0.0
1950,32Mt_L3_EW,NONE,0.018,0.0
1950,32Mt_L1_EW,32MT_EW,0.139,0.139
1950,32Mt_L1_NS,NONE,0.117,0.0
1950,NvcMt_L2_EW,NVCMT_EW,0.003,0.003
1950,304Nvl_L3_EW,NONE,0.051,0.0
1950,32Nvl_L3_EW,NONE,0.031,0.0
1950,32Nvl_L1_NS,32NVL_NS,0.007,0.007
1950,32Mt_L2_EW,NONE,0.023,0.0
1950,32Mt_L2_EW,32MT_EW,0.098,0.098
1950,NvcMt_L1_EW,NVCMT_EW,0.006,0.006
1955,304Nvl_L1_EW,304NVL_EW,0.068,0.068
1955,304Nvl_L2_EW,304NVL_EW,0.058,0.058
1955,304Nvl_L1_NS,NONE,0.007,0.0
1955,32Nvl_L1_EW,32NVL_EW,0.04,-0.057
1955,32Nvl_L2_EW,32NVL_EW,0.045,-0.028
1955,32Mt_L1_NS,32MT_NS,0.006,0.006
1955,32Mt_L1_EW,NONE,0.014,0.0
1955,32Mt_L3_EW,NONE,0.009,0.0
1955,32Mt_L1_EW,32MT_EW,0.139,0.139
1955,304Nvl_L3_EW,NONE,0.051,0.0
1955,32Nvl_L3_EW,NONE,0.037,0.0
1955,32Mt_L2_EW,NONE,0.015,0.0
1955,32Mt_L2_EW,32MT_EW,0.103,0.103
1960,304Nvl_L1_EW,304NVL_EW,0.068,0.068
1960,304Nvl_L2_EW,304NVL_EW,0.058,0.058
1960,304Nvl_L1_NS,NONE,0.015,0.0
1960,32Nvl_L1_EW,32NVL_EW,0.04,-0.067
1960,32Nvl_L2_EW,32NVL_EW,0.045,-0.028
1960,NvcNvl_L1_EW,NVCNVL_EW,0.007,0.007
1960,NvcNvl_L2_EW,NVCNVL_EW,0.008,0.008
1960,32Mt_L1_EW,32MT_EW,0.153,0.153
1960,32Mt_L1_NS,NONE,0.01,0.0
1960,NvcCmt8_L2_EW,NONE,0.007,0.0
1960,304Nvl_L3_EW,NONE,0.051,0.0
1960,32Nvl_L3_EW,NONE,0.037,0.0
1960,NvcNvl_L3_EW,NONE,0.009,0.0
1960,32Mt_L2_EW,32MT_EW,0.103,0.103
1960,NvcCmt8_L1_EW,NONE,0.006,0.0
1965,304Nvl_L1_EW,304NVL_EW,0.059,0.059
1965,304Nvl_L2_EW,304NVL_EW,0.051,0.051
1965,304Nvl_L1_NS,NONE,0.007,0.0
1965,32Nvl_L1_EW,32NVL_EW,0.04,-0.057
1965,32Nvl_L2_EW,32NVL_EW,0.045,-0.024
1965,NvcNvl_L3_NS,NONE,0.088,0.0
1965,NvcNvl_L2_NS,NONE,0.086,0.0
1965,32Mt_L1_NS,32MT_NS,0.006,0.006
1965,32Mt_L1_EW,NONE,0.007,0.0
1965,32Mt_L3_EW,NONE,0.009,0.0
1965,32Mt_L1_EW,32MT_EW,0.139,0.139
1965,32Mt_L1_NS,NONE,0.01,0.0
1965,304Nvl_L3_EW,NONE,0.044,0.0
1965,32Nvl_L3_EW,NONE,0.037,0.0
1965,NvcNvl_L1_NS,NONE,0.114,0.0
1965,32Mt_L2_EW,NONE,0.008,0.0
1965,32Mt_L2_EW,32MT_EW,0.098,0.098
1965,NvcCmt8_L1_EW,NVCCMT8_EW,0.008,0.008
1970,304Nvl_L1_EW,304NVL_EW,0.017,0.017
1970,304Nvl_L2_EW,304NVL_EW,0.007,0.007
1970,32Nvl_L1_EW,32NVL_EW,0.04,0.026
1970,32Nvl_L2_EW,32NVL_EW,0.045,0.037
1970,NvcNvl_L3_NS,NONE,0.014,0.0
1970,NvcNvl_L2_NS,NONE,0.013,0.0
1970,NvcNvl_L1_EW,NONE,0.011,0.0
1970,NvcNvl_L2_EW,NONE,0.008,0.0
1970,32Mt_L1_NS,32MT_NS,0.006,0.006
1970,32Mt_L1_EW,NONE,0.007,0.0
1970,32Mt_L1_EW,32MT_EW,0.021,0.021
1970,NvcMt_L2_NS,NONE,0.005,0.0
1970,NvcMt_L1_EW,NVCMT_EW,0.006,0.006
1970,304Nvl_L3_EW,NONE,0.006,0.0
1970,32Nvl_L3_EW,NONE,0.037,0.0
1970,NvcNvl_L1_NS,NONE,0.017,0.0
1970,32Mt_L2_EW,32MT_EW,0.011,0.011
1970,NvcMt_L1_NS,NONE,0.005,0.0
1970,NvcMt_L2_EW,NVCMT_EW,0.008,0.008
1975,304Nvl_L1_EW,304NVL_EW,0.059,0.059
1975,304Nvl_L2_EW,304NVL_EW,0.044,0.044
1975,304Nvl_L1_NS,NONE,0.007,0.0
1975,32Nvl_L3_NS,NONE,0.007,0.0
1975,32Nvl_L1_NS,32NVL_NS,0.007,0.007
1975,32Nvl_L1_EW,32NVL_EW,0.05,0.045
1975,32Nvl_L2_EW,32NVL_EW,0.054,0.05
1975,32Nvl_L1_EW,32NVL_EW,0.04,0.035
1975,32Nvl_L2_EW,32NVL_EW,0.045,0.041
1975,NvcNvl_L2_NS,NONE,0.007,0.0
1975,NvcNvl_L1_EW,NONE,0.053,0.0
1975,NvcNvl_L2_EW,NONE,0.038,0.0
1975,32Mt_L1_NS,32MT_NS,0.006,0.006
1975,32Mt_L1_EW,NONE,0.043,0.0
1975,32Mt_L1_EW,32MT_EW,0.007,-0.028
1975,32Mt_L1_NS,NONE,0.01,0.0
1975,NvcMt_L2_NS,NONE,0.005,0.0
1975,304Nvl_L3_EW,NONE,0.032,0.0
1975,32Nvl_L2_NS,32NVL_NS,0.007,0.007
1975,32Nvl_L3_EW,NONE,0.037,0.0
1975,32Nvl_L3_EW,NONE,0.038,0.0
1975,NvcNvl_L1_NS,NONE,0.009,0.0
1975,NvcNvl_L3_EW,NONE,0.032,0.0
1975,32Mt_L2_EW,32MT_EW,0.005,-0.032
1975,32Mt_L2_NS,NONE,0.009,0.0
1975,NvcMt_L1_NS,NONE,0.005,0.0
1980,304Nvl_L1_EW,304NVL_EW,0.085,0.085
1980,304Nvl_L2_EW,304NVL_EW,0.065,0.065
1980,304Nvl_L1_NS,NONE,0.007,0.0
1980,32Nvl_L1_EW,32NVL_EW,0.057,0.057
1980,32Nvl_L2_EW,32NVL_EW,0.062,0.062
1980,32Nvl_L1_EW,32NVL_EW,0.04,0.04
1980,32Nvl_L2_EW,32NVL_EW,0.045,0.045
1980,32Nvl_L3_NS,NONE,0.008,0.0
1980,32Nvl_L2_NS,32NVL_NS,0.103,0.103
1980,NvcNvl_L1_EW,NONE,0.053,0.0
1980,NvcNvl_L2_EW,NONE,0.038,0.0
1980,NvcNvl_L1_EW,NVCNVL_EW,0.084,0.084
1980,32Mt_L1_NS,32MT_NS,0.088,0.088
1980,32Mt_L1_EW,NONE,0.036,0.0
1980,304Nvl_L3_EW,NONE,0.057,0.0
1980,32Nvl_L3_EW,NONE,0.037,0.0
1980,32Nvl_L3_EW,NONE,0.05,0.0
1980,32Nvl_L1_NS,32NVL_NS,0.087,0.087
1980,NvcNvl_L3_EW,NONE,0.032,0.0
1980,32Mt_L2_NS,32MT_NS,0.006,0.006
1985,304Nvl_L1_EW,304NVL_EW,0.11,0.11
1985,304Nvl_L2_EW,304NVL_EW,0.094,0.094
1985,304Nvl_L1_NS,NONE,0.007,0.0
1985,32Nvl_L1_EW,32NVL_EW,0.05,0.05
1985,32Nvl_L2_EW,32NVL_EW,0.054,0.054
1985,32Nvl_L1_EW,32NVL_EW,0.04,0.04
1985,32Nvl_L2_EW,32NVL_EW,0.045,0.045
1985,32Nvl_L3_NS,NONE,0.109,0.0
1985,32Nvl_L2_NS,32NVL_NS,0.103,0.103
1985,NvcNvl_L3_NS,NONE,0.041,0.0
1985,NvcNvl_L2_NS,NONE,0.04,0.0
1985,NvcNvl_L1_EW,NVCNVL_EW,0.007,0.007
1985,32Mt_L1_NS,32MT_NS,0.082,0.082
1985,32Mt_L1_NS,NONE,0.01,0.0
1985,NvcMt_L2_EW,NVCMT_EW,0.003,-0.001
1985,NvcCmt8_L2_EW,NVCCMT8_EW,0.005,0.003
1985,NvcCmt8_L2_NS,NONE,0.011,0.0
1985,NvcCmt8_L1_NS,NONE,0.008,0.0
1985,304Nvl_L3_EW,NONE,0.082,0.0
1985,32Nvl_L3_EW,NONE,0.037,0.0
1985,32Nvl_L3_EW,NONE,0.044,0.0
1985,32Nvl_L1_NS,32NVL_NS,0.087,0.087
1985,NvcNvl_L1_NS,NONE,0.052,0.0
1985,32Mt_L2_NS,32MT_NS,0.006,0.006
1985,32Mt_L2_NS,NONE,0.009,0.0
1985,NvcMt_L1_EW,NVCMT_EW,0.006,-0.005
1985,NvcCmt8_L1_EW,NVCCMT8_EW,0.008,0.008
1990,304Nvl_L1_EW,304NVL_EW,0.059,0.059
1990,304Nvl_L2_EW,304NVL_EW,0.044,0.044
1990,304Nvl_L1_NS,NONE,0.044,0.0
1990,32Nvl_L3_NS,NONE,0.007,0.0
1990,32Nvl_L1_NS,32NVL_NS,0.014,0.014
1990,32Nvl_L1_EW,32NVL_EW,0.042,0.042
1990,32Nvl_L2_EW,32NVL_EW,0.046,0.046
1990,32Nvl_L1_EW,32NVL_EW,0.047,0.047
1990,32Nvl_L2_EW,32NVL_EW,0.045,0.045
1990,32Nvl_L3_NS,NONE,0.1,0.0
1990,32Nvl_L2_NS,32NVL_NS,0.095,0.095
1990,NvcNvl_L3_NS,NONE,0.034,0.0
1990,NvcNvl_L2_NS,NONE,0.033,0.0
1990,NvcNvl_L1_EW,NONE,0.053,0.0
1990,NvcNvl_L2_EW,NONE,0.038,0.0
1990,32Mt_L1_NS,32MT_NS,0.082,0.082
1990,32Mt_L1_EW,NONE,0.007,0.0
1990,32Mt_L3_EW,NONE,0.009,0.0
1990,NvcMt_L1_EW,NVCMT_EW,0.006,0.006
1990,304Nvl_L3_EW,NONE,0.006,0.0
1990,32Nvl_L2_NS,32NVL_NS,0.007,0.007
1990,32Nvl_L3_EW,NONE,0.037,0.0
1990,32Nvl_L3_EW,NONE,0.038,0.0
1990,32Nvl_L1_NS,32NVL_NS,0.087,0.087
1990,NvcNvl_L1_NS,NONE,0.044,0.0
1990,32Mt_L2_NS,32MT_NS,0.006,0.006
1990,32Mt_L2_EW,NONE,0.008,0.0
1990,NvcMt_L2_EW,NVCMT_EW,0.008,0.008
1990,NvcCmt8_L1_EW,NONE,0.006,0.0
1995,304Nvl_L1_NS,NONE,0.058,0.0
1995,32Nvl_L1_NS,32NVL_NS,0.007,0.007
1995,32Nvl_L1_EW,32NVL_EW,0.007,-0.003
1995,32Nvl_L2_EW,32NVL_EW,0.008,0.004
1995,32Nvl_L1_EW,32NVL_EW,0.04,0.031
1995,32Nvl_L2_EW,32NVL_EW,0.045,0.041
1995,32Nvl_L3_NS,NONE,0.008,0.0
1995,32Nvl_L2_NS,32NVL_NS,0.008,0.008
1995,NvcNvl_L1_EW,NONE,0.107,0.0
1995,NvcNvl_L2_EW,NONE,0.038,0.0
1995,32Mt_L1_EW,32MT_EW,0.014,0.009
1995,32Nvl_L2_NS,32NVL_NS,0.007,0.007
1995,32Nvl_L3_EW,NONE,0.037,0.0
1995,32Nvl_L3_EW,NONE,0.006,0.0
1995,32Nvl_L1_NS,32NVL_NS,0.007,0.007
1995,32Mt_L2_EW,32MT_EW,0.005,0.0
2000,304Nvl_L1_EW,304NVL_EW,0.093,0.093
2000,304Nvl_L2_EW,304NVL_EW,0.036,0.036
2000,304Nvl_L1_NS,NONE,0.044,0.0
2000,32Nvl_L1_EW,32NVL_EW,0.007,0.002
2000,32Nvl_L2_EW,32NVL_EW,0.008,0.004
2000,32Nvl_L1_EW,32NVL_EW,0.034,0.029
2000,32Nvl_L2_EW,32NVL_EW,0.037,0.034
2000,32Nvl_L3_NS,NONE,0.008,0.0
2000,32Nvl_L2_NS,32NVL_NS,0.008,0.008
2000,NvcNvl_L1_EW,NONE,0.053,0.0
2000,NvcNvl_L2_EW,NONE,0.038,0.0
2000,32Mt_L1_NS,32MT_NS,0.006,0.006
2000,32Mt_L1_EW,32MT_EW,0.007,0.002
2000,32Mt_L1_NS,NONE,0.049,0.0
2000,NvcCmt8_L2_EW,NONE,0.007,0.0
2000,304Nvl_L3_EW,NONE,0.032,0.0
2000,32Nvl_L3_EW,NONE,0.006,0.0
2000,32Nvl_L1_NS,32NVL_NS,0.007,0.007
2000,32Mt_L2_EW,32MT_EW,0.005,0.0
2000,32Mt_L2_NS,NONE,0.043,0.0
2000,NvcCmt8_L1_EW,NONE,0.006,0.0
2005,32Nvl_L1_NS,32NVL_NS,0.083,0.083
2005,32Nvl_L3_NS,NONE,0.008,0.0
2005,32Nvl_L2_NS,32NVL_NS,0.008,0.008
2005,32Mt_L1_NS,32MT_NS,0.006,0.006
2005,32Mt_L1_EW,32MT_EW,0.035,0.035
2005,32Mt_L1_NS,NONE,0.02,0.0
2005,32Nvl_L1_NS,32NVL_NS,0.013,0.013
2005,32Mt_L2_NS,NONE,0.017,0.0
2010,304Nvl_L1_EW,304NVL_EW,0.051,0.051
2010,304Nvl_L2_EW,304NVL_EW,0.007,0.007
2010,32Nvl_L3_NS,NONE,0.007,0.0
2010,32Nvl_L1_NS,32NVL_NS,0.097,0.097
2010,32Nvl_L1_EW,32NVL_EW,0.007,-0.018
2010,32Nvl_L3_NS,NONE,0.008,0.0
2010,32Nvl_L2_NS,32NVL_NS,0.008,0.008
2010,NvcNvl_L3_NS,NONE,0.034,0.0
2010,NvcNvl_L2_NS,NONE,0.033,0.0
2010,32Mt_L1_NS,32MT_NS,0.006,0.006
2010,32Mt_L1_EW,32MT_EW,0.035,0.035
2010,32Mt_L1_NS,NONE,0.01,0.0
2010,304Nvl_L3_EW,NONE,0.006,0.0
2010,32Nvl_L2_NS,32NVL_NS,0.013,0.013
2010,32Nvl_L1_NS,32NVL_NS,0.02,0.02
2010,NvcNvl_L1_NS,NONE,0.044,0.0
2010,32Mt_L2_NS,NONE,0.009,0.0
2015,304Nvl_L1_EW,304NVL_EW,0.017,0.017
2015,304Nvl_L2_EW,304NVL_EW,0.015,0.015
2015,304Nvl_L1_NS,NONE,0.007,0.0
2015,304Nvl_L3_NS,NONE,0.008,0.0
2015,32Nvl_L3_NS,NONE,0.041,0.0
2015,32Nvl_L1_NS,32NVL_NS,0.131,0.131
2015,32Nvl_L3_NS,NONE,0.008,0.0
2015,32Nvl_L2_NS,32NVL_NS,0.008,0.008
2015,32Mt_L1_NS,32MT_NS,0.006,0.006
2015,32Mt_L1_EW,NONE,0.007,0.0
2015,32Mt_L1_EW,32MT_EW,0.007,0.007
2015,304Nvl_L3_EW,NONE,0.013,0.0
2015,304Nvl_L2_NS,NONE,0.007,0.0
2015,32Nvl_L2_NS,32NVL_NS,0.047,0.047
2015,32Nvl_L1_NS,32NVL_NS,0.013,0.013
2020,304Nvl_L1_NS,304NVL_NS,0.009,-0.025
2020,304Nvl_L1_EW,304NVL_EW,0.008,0.008
2020,304Nvl_L2_EW,304NVL_EW,0.007,0.007
2020,32Nvl_L3_NS,NONE,0.007,0.0
2020,32Nvl_L1_NS,32NVL_NS,0.048,0.042
2020,32Nvl_L3_NS,NONE,0.008,0.0
2020,32Nvl_L2_NS,32NVL_NS,0.008,0.008
2020,NvcNvl_L3_NS,NONE,0.014,0.0
2020,NvcNvl_L2_NS,NONE,0.013,0.0
2020,32Mt_L1_NS,32MT_NS,0.006,0.006
2020,32Mt_L1_EW,32MT_EW,0.007,0.007
2020,NvcMt_L2_NS,NONE,0.005,0.0
2020,NvcMt_L1_EW,NVCMT_EW,0.032,0.032
2020,304Nvl_L3_EW,NONE,0.006,0.0
2020,32Nvl_L2_NS,32NVL_NS,0.047,0.047
2020,32Nvl_L1_NS,32NVL_NS,0.013,0.007
2020,NvcNvl_L1_NS,NONE,0.017,0.0
2020,32Mt_L2_EW,32MT_EW,0.005,0.005
2020,NvcMt_L1_NS,NONE,0.005,0.0
2020,NvcMt_L2_EW,NVCMT_EW,0.04,0.04
2025,304Nvl_L1_NS,304NVL_NS,0.009,-0.049
2025,304Nvl_L1_EW,304NVL_EW,0.017,0.017
2025,304Nvl_L2_EW,304NVL_EW,0.007,0.007
2025,304Nvl_L1_NS,NONE,0.007,0.0
2025,32Nvl_L3_NS,NONE,0.041,0.0
2025,32Nvl_L1_NS,32NVL_NS,0.083,0.077
2025,NvcNvl_L3_NS,NONE,0.007,0.0
2025,NvcNvl_L2_NS,NONE,0.007,0.0
2025,NvcNvl_L1_EW,NONE,0.011,0.0
2025,NvcNvl_L2_EW,NONE,0.008,0.0
2025,32Mt_L1_EW,32MT_EW,0.007,0.007
2025,NvcCmt8_L2_EW,NVCCMT8_EW,0.005,0.005
2025,304Nvl_L3_EW,NONE,0.006,0.0
2025,32Nvl_L2_NS,32NVL_NS,0.08,0.08
2025,NvcNvl_L1_NS,NONE,0.009,0.0
2025,NvcNvl_L3_EW,NONE,0.006,0.0
2025,32Mt_L2_EW,32MT_EW,0.005,0.005
2025,NvcCmt8_L1_EW,NVCCMT8_EW,0.008,0.008
2030,304Nvl_L1_NS,304NVL_NS,0.018,-0.021
2030,304Nvl_L3_NS,NONE,0.007,0.0
2030,304Nvl_L1_EW,304NVL_EW,0.017,0.017
2030,304Nvl_L2_EW,304NVL_EW,0.007,0.007
2030,32Nvl_L3_NS,NONE,0.048,0.0
2030,32Nvl_L1_NS,32NVL_NS,0.055,0.043
2030,32Nvl_L1_EW,32NVL_EW,0.007,0.002
2030,32Nvl_L2_EW,32NVL_EW,0.008,0.004
2030,32Nvl_L3_NS,NONE,0.017,0.0
2030,32Nvl_L2_NS,32NVL_NS,0.016,0.01
2030,32Mt_L1_EW,32MT_EW,0.007,0.002
2030,32Mt_L1_NS,NONE,0.059,0.0
2030,NvcCmt8_L2_EW,NVCCMT8_EW,0.005,0.005
2030,304Nvl_L2_NS,304NVL_NS,0.008,-0.003
2030,32Nvl_L2_NS,32NVL_NS,0.053,0.048
2030,32Nvl_L3_EW,NONE,0.006,0.0
2030,32Nvl_L1_NS,32NVL_NS,0.013,0.001
2030,32Mt_L2_EW,32MT_EW,0.005,0.0
2030,32Mt_L2_NS,NONE,0.052,0.0
2030,NvcCmt8_L1_EW,NVCCMT8_EW,0.008,0.008
2035,304Nvl_L1_NS,304NVL_NS,0.009,-0.03
2035,304Nvl_L3_NS,NONE,0.007,0.0
2035,304Nvl_L1_EW,304NVL_EW,0.008,0.008
2035,32Nvl_L3_NS,NONE,0.041,0.0
2035,32Nvl_L1_NS,32NVL_NS,0.055,0.049
2035,32Nvl_L1_EW,32NVL_EW,0.007,0.002
2035,32Nvl_L2_EW,32NVL_EW,0.008,0.004
2035,NvcNvl_L1_EW,NVCNVL_EW,0.014,0.014
2035,32Mt_L1_EW,NONE,0.043,0.0
2035,32Mt_L3_EW,NONE,0.009,0.0
2035,32Mt_L1_EW,32MT_EW,0.007,0.002
2035,NvcCmt8_L2_EW,NVCCMT8_EW,0.011,0.011
2035,304Nvl_L2_NS,304NVL_NS,0.008,0.008
2035,32Nvl_L2_NS,32NVL_NS,0.053,0.048
2035,32Nvl_L3_EW,NONE,0.006,0.0
2035,32Mt_L2_EW,NONE,0.008,0.0
2035,32Mt_L2_EW,32MT_EW,0.005,0.0
2035,NvcCmt8_L1_EW,NVCCMT8_EW,0.015,0.015
2040,304Nvl_L1_NS,304NVL_NS,0.009,-0.015
2040,304Nvl_L3_NS,NONE,0.007,0.0
2040,304Nvl_L1_NS,NONE,0.007,0.0
2040,32Nvl_L1_NS,32NVL_NS,0.035,0.028
2040,32Nvl_L1_EW,32NVL_EW,0.007,-0.003
2040,32Nvl_L2_EW,32NVL_EW,0.008,0.004
2040,NvcNvl_L1_EW,NONE,0.011,0.0
2040,NvcNvl_L2_EW,NONE,0.008,0.0
2040,NvcNvl_L1_EW,NVCNVL_EW,0.021,0.021
2040,NvcNvl_L2_EW,NVCNVL_EW,0.008,0.008
2040,32Mt_L1_EW,NONE,0.014,0.0
2040,32Mt_L3_EW,NONE,0.018,0.0
2040,32Mt_L1_EW,32MT_EW,0.014,0.009
2040,32Mt_L1_NS,NONE,0.01,0.0
2040,NvcCmt8_L2_EW,NVCCMT8_EW,0.005,0.005
2040,32Thn_L1_EW,NONE,0.01,0.0
2040,32Thn_L2_EW,NONE,0.01,0.0
2040,32Thn_L3_EW,NONE,0.007,0.0
2040,304Nvl_L2_NS,304NVL_NS,0.008,0.008
2040,32Nvl_L2_NS,32NVL_NS,0.033,0.028
2040,32Nvl_L3_EW,NONE,0.006,0.0
2040,NvcNvl_L3_EW,NONE,0.006,0.0
2040,NvcNvl_L3_EW,NONE,0.009,0.0
2040,32Mt_L2_EW,NONE,0.015,0.0
2040,32Mt_L2_EW,32MT_EW,0.005,0.0
2040,32Mt_L2_NS,NONE,0.009,0.0
2040,NvcCmt8_L1_EW,NVCCMT8_EW,0.008,0.008
2045,304Nvl_L1_NS,304NVL_NS,0.009,0.009
2045,304Nvl_L3_NS,NONE,0.007,0.0
2045,32Nvl_L1_EW,32NVL_EW,0.007,-0.013
2045,32Nvl_L2_EW,32NVL_EW,0.008,0.0
2045,32Nvl_L3_NS,NONE,0.05,0.0
2045,32Nvl_L2_NS,32NVL_NS,0.047,0.042
2045,NvcNvl_L3_NS,NONE,0.007,0.0
2045,NvcNvl_L2_NS,NONE,0.007,0.0
2045,NvcNvl_L1_EW,NVCNVL_EW,0.014,0.014
2045,NvcNvl_L2_EW,NVCNVL_EW,0.008,0.008
2045,32Mt_L1_EW,NONE,0.014,0.0
2045,32Mt_L3_EW,NONE,0.018,0.0
2045,32Mt_L1_EW,32MT_EW,0.021,0.016
2045,32Mt_L1_NS,NONE,0.01,0.0
2045,NvcMt_L2_NS,NONE,0.032,0.0
2045,NvcCmt8_L2_EW,NVCCMT8_EW,0.005,0.005
2045,32Thn_L1_EW,32THN_EW,0.008,0.003
2045,304Nvl_L2_NS,304NVL_NS,0.008,-0.026
2045,32Nvl_L3_EW,NONE,0.006,0.0
2045,32Nvl_L1_NS,32NVL_NS,0.074,0.067
2045,NvcNvl_L1_NS,NONE,0.009,0.0
2045,NvcNvl_L3_EW,NONE,0.009,0.0
2045,32Mt_L2_EW,NONE,0.015,0.0
2045,32Mt_L2_EW,32MT_EW,0.011,0.005
2045,32Mt_L2_NS,NONE,0.009,0.0
2045,NvcMt_L1_NS,NONE,0.038,0.0
2045,NvcCmt8_L1_EW,NVCCMT8_EW,0.008,0.008
2045,NvcCmt8_L1_EW,NONE,0.006,0.0
2050,304Nvl_L1_NS,304NVL_NS,0.009,0.009
2050,304Nvl_L3_NS,NONE,0.007,0.0
2050,32Nvl_L1_EW,32NVL_EW,0.007,-0.023
2050,32Nvl_L2_EW,32NVL_EW,0.008,-0.008
2050,32Nvl_L1_EW,32NVL_EW,0.034,0.004
2050,32Nvl_L3_NS,NONE,0.008,0.0
2050,32Nvl_L2_NS,32NVL_NS,0.008,0.003
2050,NvcNvl_L1_EW,NVCNVL_EW,0.007,0.007
2050,NvcNvl_L2_EW,NVCNVL_EW,0.008,0.008
2050,32Mt_L1_EW,NONE,0.007,0.0
2050,32Mt_L3_EW,NONE,0.009,0.0
2050,32Mt_L1_EW,32MT_EW,0.035,0.03
2050,NvcMt_L2_NS,NONE,0.016,0.0
2050,32Thn_L1_EW,32THN_EW,0.008,0.003
2050,304Nvl_L2_NS,304NVL_NS,0.008,0.002
2050,32Nvl_L3_EW,NONE,0.006,0.0
2050,32Nvl_L1_NS,32NVL_NS,0.081,0.074
2050,NvcNvl_L3_EW,NONE,0.009,0.0
2050,32Mt_L2_EW,NONE,0.008,0.0
2050,32Mt_L2_EW,32MT_EW,0.022,0.016
2050,NvcMt_L1_NS,NONE,0.016,0.0
2055,304Nvl_L1_NS,304NVL_NS,0.009,0.004
2055,304Nvl_L3_NS,NONE,0.007,0.0
2055,304Nvl_L1_EW,304NVL_EW,0.085,0.085
2055,304Nvl_L2_EW,304NVL_EW,0.073,0.073
2055,32Nvl_L1_NS,32NVL_NS,0.007,0.001
2055,32Nvl_L1_EW,32NVL_EW,0.007,-0.012
2055,32Nvl_L2_EW,32NVL_EW,0.008,-0.004
2055,NvcNvl_L1_EW,NVCNVL_EW,0.007,0.003
2055,NvcNvl_L2_EW,NVCNVL_EW,0.008,0.008
2055,32Mt_L1_EW,NONE,0.014,0.0
2055,32Mt_L3_EW,NONE,0.009,0.0
2055,32Mt_L1_EW,32MT_EW,0.028,0.023
2055,32Mt_L1_NS,NONE,0.02,0.0
2055,NvcMt_L1_EW,NVCMT_EW,0.006,0.001
2055,304Nvl_L2_NS,304NVL_NS,0.008,0.008
2055,304Nvl_L3_EW,NONE,0.063,0.0
2055,32Nvl_L2_NS,32NVL_NS,0.007,0.001
2055,32Nvl_L3_EW,NONE,0.006,0.0
2055,32Nvl_L1_NS,32NVL_NS,0.034,0.027
2055,NvcNvl_L3_EW,NONE,0.009,0.0
2055,32Mt_L2_EW,NONE,0.008,0.0
2055,32Mt_L2_EW,32MT_EW,0.016,0.011
2055,NvcMt_L2_EW,NVCMT_EW,0.008,0.002
2055,NvcCmt8_L1_EW,NONE,0.006,0.0
2060,304Nvl_L1_NS,304NVL_NS,0.009,0.009
2060,304Nvl_L3_NS,NONE,0.007,0.0
2060,304Nvl_L1_EW,304NVL_EW,0.051,0.051
2060,304Nvl_L2_EW,304NVL_EW,0.044,0.044
2060,304Nvl_L1_NS,NONE,0.088,0.0
2060,304Nvl_L3_NS,NONE,0.096,0.0
2060,32Nvl_L1_EW,32NVL_EW,0.007,-0.012
2060,32Nvl_L2_EW,32NVL_EW,0.008,-0.004
2060,NvcNvl_L1_EW,NONE,0.064,0.0
2060,NvcNvl_L2_EW,NONE,0.046,0.0
2060,NvcNvl_L1_EW,NVCNVL_EW,0.014,0.01
2060,NvcNvl_L2_EW,NVCNVL_EW,0.016,0.016
2060,32Mt_L1_NS,32MT_NS,0.013,0.013
2060,32Mt_L1_EW,NONE,0.007,0.0
2060,32Mt_L1_EW,32MT_EW,0.028,0.023
2060,32Mt_L1_NS,NONE,0.01,0.0
2060,NvcMt_L1_EW,NVCMT_EW,0.006,-0.004
2060,304Nvl_L2_NS,304NVL_NS,0.008,0.008
2060,304Nvl_L3_EW,NONE,0.038,0.0
2060,304Nvl_L2_NS,NONE,0.089,0.0
2060,32Nvl_L3_EW,NONE,0.006,0.0
2060,NvcNvl_L3_EW,NONE,0.032,0.0
2060,NvcNvl_L3_EW,NONE,0.019,0.0
2060,32Mt_L2_EW,32MT_EW,0.016,0.011
2060,NvcMt_L2_EW,NVCMT_EW,0.008,-0.003
2065,304Nvl_L1_NS,304NVL_NS,0.009,0.004
2065,304Nvl_L3_NS,NONE,0.007,0.0
2065,304Nvl_L1_NS,NONE,0.124,0.0
2065,304Nvl_L3_NS,NONE,0.096,0.0
2065,32Nvl_L3_NS,NONE,0.007,0.0
2065,32Nvl_L1_NS,32NVL_NS,0.007,0.001
2065,32Nvl_L1_EW,32NVL_EW,0.014,0.004
2065,32Nvl_L2_EW,32NVL_EW,0.015,0.008
2065,32Nvl_L3_NS,NONE,0.008,0.0
2065,32Nvl_L2_NS,32NVL_NS,0.008,0.003
2065,NvcNvl_L3_NS,NONE,0.014,0.0
2065,NvcNvl_L2_NS,NONE,0.013,0.0
2065,NvcNvl_L1_EW,NONE,0.032,0.0
2065,NvcNvl_L2_EW,NONE,0.023,0.0
2065,NvcNvl_L1_EW,NVCNVL_EW,0.014,0.01
2065,NvcNvl_L2_EW,NVCNVL_EW,0.016,0.016
2065,32Mt_L1_NS,32MT_NS,0.006,0.006
2065,32Mt_L1_EW,NONE,0.014,0.0
2065,32Mt_L1_EW,32MT_EW,0.014,0.004
2065,32Mt_L1_NS,NONE,0.02,0.0
2065,NvcMt_L1_EW,NVCMT_EW,0.006,-0.004
2065,32Thn_L1_EW,NONE,0.01,0.0
2065,32Thn_L2_EW,NONE,0.01,0.0
2065,32Thn_L3_EW,NONE,0.007,0.0
2065,304Nvl_L2_NS,304NVL_NS,0.008,0.002
2065,304Nvl_L2_NS,NONE,0.089,0.0
2065,32Nvl_L2_NS,32NVL_NS,0.007,0.001
2065,32Nvl_L3_EW,NONE,0.013,0.0
2065,32Nvl_L1_NS,32NVL_NS,0.007,0.0
2065,NvcNvl_L1_NS,NONE,0.017,0.0
2065,NvcNvl_L3_EW,NONE,0.019,0.0
2065,NvcNvl_L3_EW,NONE,0.019,0.0
2065,32Mt_L2_EW,32MT_EW,0.011,0.0
2065,NvcMt_L2_EW,NVCMT_EW,0.008,-0.003
2070,304Nvl_L1_NS,304NVL_NS,0.009,0.009
2070,304Nvl_L3_NS,NONE,0.007,0.0
2070,304Nvl_L1_NS,NONE,0.161,0.0
2070,32Nvl_L1_EW,32NVL_EW,0.007,-0.003
2070,32Nvl_L2_EW,32NVL_EW,0.008,0.004
2070,32Nvl_L1_EW,32NVL_EW,0.007,-0.004
2070,NvcNvl_L1_EW,NONE,0.011,0.0
2070,NvcNvl_L2_EW,NONE,0.008,0.0
2070,NvcNvl_L1_EW,NVCNVL_EW,0.014,0.001
2070,NvcNvl_L2_EW,NVCNVL_EW,0.016,0.016
2070,32Mt_L1_EW,32MT_EW,0.007,0.002
2070,32Mt_L1_NS,NONE,0.02,0.0
2070,NvcMt_L1_EW,NVCMT_EW,0.019,0.009
2070,32Thn_L1_EW,32THN_EW,0.008,0.003
2070,304Nvl_L2_NS,304NVL_NS,0.008,0.008
2070,304Nvl_L2_NS,NONE,0.089,0.0
2070,32Nvl_L3_EW,NONE,0.006,0.0
2070,NvcNvl_L3_EW,NONE,0.006,0.0
2070,NvcNvl_L3_EW,NONE,0.019,0.0
2070,32Mt_L2_EW,32MT_EW,0.005,0.0
2070,32Mt_L2_NS,NONE,0.009,0.0
2070,NvcMt_L2_EW,NVCMT_EW,0.024,0.013
2075,304Nvl_L1_NS,304NVL_NS,0.009,0.009
2075,304Nvl_L3_NS,NONE,0.007,0.0
2075,304Nvl_L1_EW,304NVL_EW,0.008,0.008
2075,32Nvl_L1_EW,32NVL_EW,0.007,0.002
2075,32Nvl_L2_EW,32NVL_EW,0.008,0.004
2075,NvcNvl_L1_EW,NONE,0.011,0.0
2075,NvcNvl_L2_EW,NONE,0.008,0.0
2075,NvcNvl_L1_NS,NVCNVL_NS,0.007,0.007
2075,32Mt_L1_EW,NONE,0.007,0.0
2075,32Mt_L1_EW,32MT_EW,0.007,0.002
2075,NvcMt_L2_NS,NONE,0.005,0.0
2075,NvcMt_L1_EW,NVCMT_EW,0.006,0.006
2075,304Nvl_L2_NS,304NVL_NS,0.008,0.008
2075,32Nvl_L3_EW,NONE,0.006,0.0
2075,32Nvl_L1_NS,32NVL_NS,0.007,-0.004
2075,32Mt_L2_EW,32MT_EW,0.005,0.0
2075,NvcMt_L1_NS,NONE,0.005,0.0
2075,NvcMt_L2_EW,NVCMT_EW,0.008,0.008
2080,304Nvl_L1_NS,304NVL_NS,0.009,0.009
2080,304Nvl_L3_NS,NONE,0.007,0.0
2080,32Nvl_L1_EW,32NVL_EW,0.007,0.007
2080,32Nvl_L2_EW,32NVL_EW,0.008,0.008
2080,NvcNvl_L1_NS,NVCNVL_NS,0.007,0.007
2080,32Mt_L1_EW,NONE,0.007,0.0
2080,32Mt_L1_NS,NONE,0.01,0.0
2080,NvcMt_L2_EW,NVCMT_EW,0.003,0.003
2080,304Nvl_L2_NS,304NVL_NS,0.008,0.008
2080,32Nvl_L3_EW,NONE,0.006,0.0
2080,32Mt_L2_NS,NONE,0.009,0.0
2080,NvcMt_L2_EW,NVCMT_EW,0.008,0.008
2080,NvcMt_L1_EW,NVCMT_EW,0.006,0.006
2085,304Nvl_L1_NS,304NVL_NS,0.009,0.009
2085,304Nvl_L3_NS,NONE,0.007,0.0
2085,304Nvl_L1_EW,304NVL_EW,0.102,0.102
2085,32Nvl_L1_EW,32NVL_EW,0.014,0.014
2085,32Nvl_L2_EW,32NVL_EW,0.015,0.015
2085,32Nvl_L3_NS,NONE,0.008,0.0
2085,32Nvl_L2_NS,32NVL_NS,0.008,0.003
2085,NvcNvl_L3_NS,NONE,0.007,0.0
2085,NvcNvl_L2_NS,NONE,0.007,0.0
2085,32Mt_L1_EW,NONE,0.007,0.0
2085,32Mt_L1_NS,NONE,0.02,0.0
2085,NvcMt_L2_NS,NONE,0.005,0.0
2085,NvcMt_L2_EW,NVCMT_EW,0.003,0.003
2085,304Nvl_L2_NS,304NVL_NS,0.008,0.002
2085,32Nvl_L3_EW,NONE,0.013,0.0
2085,32Nvl_L1_NS,32NVL_NS,0.007,0.0
2085,NvcNvl_L1_NS,NONE,0.009,0.0
2085,32Mt_L2_NS,NONE,0.017,0.0
2085,NvcMt_L1_NS,NONE,0.005,0.0
2085,NvcMt_L1_EW,NVCMT_EW,0.006,0.006
2090,304Nvl_L1_NS,304NVL_NS,0.009,0.009
2090,304Nvl_L3_NS,NONE,0.007,0.0
2090,304Nvl_L1_EW,304NVL_EW,0.144,0.144
2090,304Nvl_L2_EW,304NVL_EW,0.036,0.036
2090,32Nvl_L1_EW,32NVL_EW,0.014,0.014
2090,32Nvl_L2_EW,32NVL_EW,0.015,0.015
2090,NvcNvl_L3_NS,NONE,0.007,0.0
2090,NvcNvl_L2_NS,NONE,0.007,0.0
2090,NvcNvl_L1_EW,NVCNVL_EW,0.007,0.007
2090,NvcNvl_L2_EW,NVCNVL_EW,0.008,0.008
2090,32Mt_L1_EW,NONE,0.007,0.0
2090,304Nvl_L2_NS,304NVL_NS,0.008,0.008
2090,304Nvl_L3_EW,NONE,0.032,0.0
2090,32Nvl_L3_EW,NONE,0.013,0.0
2090,NvcNvl_L1_NS,NONE,0.009,0.0
2090,NvcNvl_L3_EW,NONE,0.009,0.0
2095,304Nvl_L1_NS,304NVL_NS,0.009,0.009
2095,304Nvl_L3_NS,NONE,0.007,0.0
2095,304Nvl_L1_EW,304NVL_EW,0.068,0.068
2095,304Nvl_L2_EW,304NVL_EW,0.058,0.058
2095,32Nvl_L1_EW,32NVL_EW,0.007,0.002
2095,32Nvl_L2_EW,32NVL_EW,0.008,0.004
2095,NvcNvl_L1_EW,NVCNVL_EW,0.007,0.007
2095,32Mt_L1_NS,32MT_NS,0.031,0.031
2095,32Mt_L1_EW,32MT_EW,0.007,0.002
2095,32Mt_L1_NS,NONE,0.01,0.0
2095,NvcMt_L2_NS,NONE,0.026,0.0
2095,304Nvl_L2_NS,304NVL_NS,0.008,0.008
2095,304Nvl_L3_EW,NONE,0.051,0.0
2095,32Nvl_L3_EW,NONE,0.006,0.0
2095,32Nvl_L1_NS,32NVL_NS,0.013,0.007
2095,32Mt_L2_NS,32MT_NS,0.032,0.032
2095,32Mt_L2_EW,32MT_EW,0.005,0.0
2095,32Mt_L2_NS,NONE,0.009,0.0
2095,NvcMt_L1_NS,NONE,0.027,0.0
2100,304Nvl_L1_NS,304NVL_NS,0.009,0.009
2100,304Nvl_L3_NS,NONE,0.007,0.0
2100,304Nvl_L1_EW,304NVL_EW,0.025,0.025
2100,304Nvl_L2_EW,304NVL_EW,0.022,0.022
2100,32Nvl_L1_EW,32NVL_EW,0.007,0.002
2100,32Nvl_L2_EW,32NVL_EW,0.008,0.004
2100,32Mt_L1_NS,32MT_NS,0.031,0.031
2100,32Mt_L1_EW,32MT_EW,0.007,0.002
2100,32Mt_L1_NS,NONE,0.01,0.0
2100,304Nvl_L2_NS,304NVL_NS,0.008,0.008
2100,304Nvl_L3_EW,NONE,0.019,0.0
2100,32Nvl_L3_EW,NONE,0.006,0.0
2100,32Mt_L2_NS,32MT_NS,0.032,0.032
2100,32Mt_L2_EW,32MT_EW,0.005,0.0
2100,32Mt_L2_NS,NONE,0.009,0.0
2105,304Nvl_L1_NS,304NVL_NS,0.009,-0.039
2105,304Nvl_L3_NS,NONE,0.007,0.0
2105,304Nvl_L1_EW,304NVL_EW,0.017,0.017
2105,304Nvl_L2_EW,304NVL_EW,0.015,0.015
2105,304Nvl_L1_NS,NONE,0.015,0.0
2105,32Nvl_L3_NS,NONE,0.068,0.0
2105,32Nvl_L1_NS,32NVL_NS,0.069,0.063
2105,32Nvl_L1_EW,32NVL_EW,0.007,0.007
2105,32Nvl_L2_EW,32NVL_EW,0.008,0.008
2105,32Mt_L1_NS,32MT_NS,0.031,0.031
2105,32Mt_L1_EW,NONE,0.007,0.0
2105,NvcMt_L2_NS,NONE,0.005,0.0
2105,NvcMt_L1_EW,NVCMT_EW,0.006,0.006
2105,32Thn_L1_EW,NONE,0.049,0.0
2105,32Thn_L2_EW,NONE,0.051,0.0
2105,32Thn_L3_EW,NONE,0.035,0.0
2105,304Nvl_L2_NS,304NVL_NS,0.008,0.008
2105,304Nvl_L3_EW,NONE,0.013,0.0
2105,32Nvl_L2_NS,32NVL_NS,0.067,0.061
2105,32Nvl_L3_EW,NONE,0.006,0.0
2105,32Mt_L2_NS,32MT_NS,0.032,0.032
2105,NvcMt_L1_NS,NONE,0.005,0.0
2105,NvcMt_L2_EW,NVCMT_EW,0.008,0.008
2110,304Nvl_L1_NS,304NVL_NS,0.009,-0.039
2110,304Nvl_L3_NS,NONE,0.007,0.0
2110,304Nvl_L1_EW,304NVL_EW,0.051,0.051
2110,304Nvl_L2_EW,304NVL_EW,0.007,0.007
2110,304Nvl_L1_NS,NONE,0.015,0.0
2110,32Nvl_L1_NS,32NVL_NS,0.069,0.063
2110,32Nvl_L1_EW,32NVL_EW,0.007,-0.021
2110,32Nvl_L2_EW,32NVL_EW,0.008,0.008
2110,32Mt_L1_NS,32MT_NS,0.031,0.031
2110,32Mt_L1_EW,NONE,0.007,0.0
2110,32Mt_L1_NS,NONE,0.049,0.0
2110,NvcMt_L1_EW,NVCMT_EW,0.006,0.006
2110,32Thn_L1_EW,32THN_EW,0.04,0.035
2110,304Nvl_L2_NS,304NVL_NS,0.008,0.008
2110,304Nvl_L3_EW,NONE,0.006,0.0
2110,32Nvl_L2_NS,32NVL_NS,0.067,0.061
2110,32Nvl_L3_EW,NONE,0.006,0.0
2110,32Mt_L2_NS,32MT_NS,0.032,0.032
2110,32Mt_L2_NS,NONE,0.043,0.0
2110,NvcMt_L2_EW,NVCMT_EW,0.008,0.008
2115,304Nvl_L1_NS,304NVL_NS,0.009,0.009
2115,304Nvl_L3_NS,NONE,0.007,0.0
2115,304Nvl_L1_EW,304NVL_EW,0.008,0.008
2115,32Nvl_L1_EW,32NVL_EW,0.007,0.002
2115,32Nvl_L2_EW,32NVL_EW,0.008,0.008
2115,32Nvl_L3_NS,NONE,0.008,0.0
2115,32Nvl_L2_NS,32NVL_NS,0.008,0.003
2115,32Mt_L1_EW,NONE,0.007,0.0
2115,32Mt_L3_EW,NONE,0.009,0.0
2115,32Mt_L1_EW,32MT_EW,0.007,0.002
2115,32Mt_L1_NS,NONE,0.01,0.0
2115,304Nvl_L2_NS,304NVL_NS,0.008,0.002
2115,32Nvl_L3_EW,NONE,0.006,0.0
2115,32Nvl_L1_NS,32NVL_NS,0.007,0.0
2115,32Mt_L2_EW,NONE,0.008,0.0
2115,32Mt_L2_NS,NONE,0.009,0.0
2120,304Nvl_L1_NS,304NVL_NS,0.009,0.009
2120,304Nvl_L3_NS,NONE,0.007,0.0
2120,304Nvl_L1_EW,304NVL_EW,0.008,0.008
2120,304Nvl_L2_EW,304NVL_EW,0.007,0.007
2120,304Nvl_L1_NS,NONE,0.007,0.0
2120,32Nvl_L1_EW,32NVL_EW,0.007,0.002
2120,32Nvl_L2_EW,32NVL_EW,0.008,0.004
2120,32Nvl_L3_NS,NONE,0.017,0.0
2120,32Nvl_L2_NS,32NVL_NS,0.016,0.01
2120,32Mt_L1_EW,NONE,0.014,0.0
2120,32Mt_L3_EW,NONE,0.018,0.0
2120,32Mt_L1_EW,32MT_EW,0.007,0.002
2120,32Mt_L1_NS,NONE,0.01,0.0
2120,304Nvl_L2_NS,304NVL_NS,0.008,-0.003
2120,304Nvl_L3_EW,NONE,0.006,0.0
2120,32Nvl_L3_EW,NONE,0.006,0.0
2120,32Nvl_L1_NS,32NVL_NS,0.047,0.041
2120,32Mt_L2_EW,NONE,0.015,0.0
2120,32Mt_L2_EW,32MT_EW,0.005,0.0
2120,32Mt_L2_NS,NONE,0.009,0.0
2125,304Nvl_L1_NS,304NVL_NS,0.009,0.009
2125,304Nvl_L3_NS,NONE,0.007,0.0
2125,304Nvl_L1_EW,304NVL_EW,0.119,0.119
2125,304Nvl_L2_EW,304NVL_EW,0.102,0.102
2125,32Nvl_L1_EW,32NVL_EW,0.007,-0.023
2125,32Nvl_L3_NS,NONE,0.008,0.0
2125,32Nvl_L2_NS,32NVL_NS,0.008,0.003
2125,NvcNvl_L3_NS,NONE,0.034,0.0
2125,NvcNvl_L2_NS,NONE,0.033,0.0
2125,NvcNvl_L1_EW,NONE,0.011,0.0
2125,NvcNvl_L2_EW,NONE,0.008,0.0
2125,32Mt_L1_NS,32MT_NS,0.006,0.006
2125,32Mt_L1_EW,NONE,0.043,0.0
2125,32Mt_L3_EW,NONE,0.009,0.0
2125,32Mt_L1_EW,32MT_EW,0.042,0.042
2125,32Mt_L1_NS,NONE,0.01,0.0
2125,NvcMt_L2_NS,NONE,0.005,0.0
2125,NvcCmt8_L2_EW,NONE,0.007,0.0
2125,32Thn_L1_EW,NONE,0.01,0.0
2125,32Thn_L2_EW,NONE,0.01,0.0
2125,32Thn_L3_EW,NONE,0.007,0.0
2125,304Nvl_L2_NS,304NVL_NS,0.008,0.002
2125,304Nvl_L3_EW,NONE,0.089,0.0
2125,32Nvl_L1_NS,32NVL_NS,0.007,0.0
2125,NvcNvl_L1_NS,NONE,0.044,0.0
2125,NvcNvl_L3_EW,NONE,0.006,0.0
2125,32Mt_L2_EW,NONE,0.008,0.0
2125,32Mt_L2_EW,32MT_EW,0.027,0.027
2125,32Mt_L2_NS,NONE,0.009,0.0
2125,NvcMt_L1_NS,NONE,0.005,0.0
2125,NvcCmt8_L1_EW,NONE,0.006,0.0
2130,304Nvl_L1_NS,304NVL_NS,0.009,-0.001
2130,304Nvl_L3_NS,NONE,0.007,0.0
2130,304Nvl_L1_EW,304NVL_EW,0.11,0.11
2130,304Nvl_L2_EW,304NVL_EW,0.094,0.094
2130,32Nvl_L3_NS,NONE,0.007,0.0
2130,32Nvl_L1_NS,32NVL_NS,0.014,0.008
2130,32Nvl_L1_EW,32NVL_EW,0.007,-0.004
2130,32Nvl_L3_NS,NONE,0.008,0.0
2130,32Nvl_L2_NS,32NVL_NS,0.008,0.003
2130,32Mt_L1_NS,32MT_NS,0.006,0.006
2130,32Mt_L1_EW,NONE,0.072,0.0
2130,32Mt_L3_EW,NONE,0.044,0.0
2130,32Mt_L1_EW,32MT_EW,0.007,0.007
2130,32Mt_L1_NS,NONE,0.01,0.0
2130,NvcMt_L1_EW,NVCMT_EW,0.006,0.006
2130,32Thn_L1_EW,32THN_EW,0.008,0.008
2130,304Nvl_L2_NS,304NVL_NS,0.008,0.002
2130,304Nvl_L3_EW,NONE,0.082,0.0
2130,32Nvl_L2_NS,32NVL_NS,0.013,0.008
2130,32Nvl_L1_NS,32NVL_NS,0.013,0.007
2130,32Mt_L2_EW,NONE,0.038,0.0
2130,32Mt_L2_EW,32MT_EW,0.005,0.005
2130,NvcMt_L2_EW,NVCMT_EW,0.008,0.008
2135,304Nvl_L1_EW,304NVL_EW,0.119,0.119
2135,304Nvl_L2_EW,304NVL_EW,0.102,0.102
2135,304Nvl_L1_NS,NONE,0.007,0.0
2135,32Nvl_L3_NS,NONE,0.02,0.0
2135,32Nvl_L1_NS,32NVL_NS,0.028,0.028
2135,32Nvl_L3_NS,NONE,0.008,0.0
2135,32Nvl_L2_NS,32NVL_NS,0.008,0.008
2135,NvcNvl_L1_EW,NONE,0.182,0.0
2135,NvcNvl_L2_EW,NONE,0.13,0.0
2135,32Mt_L1_NS,32MT_NS,0.006,0.006
2135,32Mt_L1_EW,NONE,0.007,0.0
2135,32Mt_L1_EW,32MT_EW,0.007,0.007
2135,32Mt_L1_NS,NONE,0.049,0.0
2135,NvcMt_L2_EW,NVCMT_EW,0.003,0.003
2135,304Nvl_L3_EW,NONE,0.089,0.0
2135,32Nvl_L2_NS,32NVL_NS,0.027,0.027
2135,32Nvl_L1_NS,32NVL_NS,0.02,0.02
2135,NvcNvl_L3_EW,NONE,0.076,0.0
2135,32Mt_L2_EW,32MT_EW,0.005,0.005
2135,NvcMt_L1_EW,NVCMT_EW,0.006,0.0
2135,NvcCmt8_L1_EW,NVCCMT8_EW,0.008,0.008
2140,304Nvl_L1_EW,304NVL_EW,0.119,0.119
2140,304Nvl_L2_EW,304NVL_EW,0.102,0.102
2140,304Nvl_L1_NS,NONE,0.007,0.0
2140,32Nvl_L3_NS,NONE,0.007,0.0
2140,32Nvl_L1_NS,32NVL_NS,0.014,0.014
2140,32Mt_L1_EW,32MT_EW,0.014,0.014
2140,NvcMt_L2_EW,NVCMT_EW,0.003,0.003
2140,304Nvl_L3_EW,NONE,0.089,0.0
2140,32Nvl_L2_NS,32NVL_NS,0.013,0.013
2140,32Nvl_L1_NS,32NVL_NS,0.007,0.007
2140,32Mt_L2_EW,32MT_EW,0.011,0.011
2140,NvcMt_L1_EW,NVCMT_EW,0.006,0.006
2145,304Nvl_L1_EW,304NVL_EW,0.025,0.025
2145,304Nvl_L2_EW,304NVL_EW,0.022,0.022
2145,304Nvl_L1_NS,NONE,0.007,0.0
2145,32Nvl_L3_NS,NONE,0.007,0.0
2145,32Nvl_L1_NS,32NVL_NS,0.007,0.007
2145,32Nvl_L1_EW,32NVL_EW,0.035,0.026
2145,32Nvl_L2_EW,32NVL_EW,0.039,0.031
2145,NvcNvl_L3_NS,NONE,0.014,0.0
2145,NvcNvl_L2_NS,NONE,0.013,0.0
2145,NvcNvl_L1_EW,NVCNVL_EW,0.007,0.007
2145,NvcNvl_L2_EW,NVCNVL_EW,0.008,0.004
2145,32Mt_L1_NS,32MT_NS,0.031,0.031
2145,32Mt_L1_EW,32MT_EW,0.014,-0.011
2145,NvcMt_L2_EW,NVCMT_EW,0.005,0.0
2145,304Nvl_L3_EW,NONE,0.019,0.0
2145,32Nvl_L2_NS,32NVL_NS,0.007,0.007
2145,32Nvl_L3_EW,NONE,0.031,0.0
2145,NvcNvl_L1_NS,NONE,0.017,0.0
2145,NvcNvl_L3_EW,NONE,0.009,0.0
2145,32Mt_L2_NS,32MT_NS,0.032,0.032
2145,32Mt_L2_EW,32MT_EW,0.011,-0.016
2145,NvcMt_L1_EW,NVCMT_EW,0.011,0.006
2150,304Nvl_L1_EW,304NVL_EW,0.008,0.008
2150,304Nvl_L2_EW,304NVL_EW,0.007,0.007
2150,32Nvl_L1_EW,32NVL_EW,0.035,0.021
2150,32Nvl_L2_EW,32NVL_EW,0.039,0.027
2150,NvcNvl_L2_NS,NONE,0.007,0.0
2150,NvcNvl_L1_EW,NVCNVL_EW,0.007,0.007
2150,NvcNvl_L2_EW,NVCNVL_EW,0.008,0.006
2150,32Mt_L1_EW,32MT_EW,0.021,-0.004
2150,NvcMt_L2_EW,NVCMT_EW,0.003,-0.003
2150,NvcCmt8_L2_EW,NONE,0.037,0.0
2150,304Nvl_L3_EW,NONE,0.006,0.0
2150,32Nvl_L3_EW,NONE,0.031,0.0
2150,32Nvl_L1_NS,32NVL_NS,0.007,0.007
2150,NvcNvl_L1_NS,NONE,0.009,0.0
2150,NvcNvl_L3_EW,NONE,0.009,0.0
2150,32Mt_L2_EW,32MT_EW,0.016,-0.011
2150,NvcMt_L1_EW,NVCMT_EW,0.006,0.001
2150,NvcCmt8_L1_EW,NONE,0.029,0.0
2155,304Nvl_L1_EW,304NVL_EW,0.008,0.008
2155,304Nvl_L2_EW,304NVL_EW,0.007,0.007
2155,304Nvl_L1_NS,NONE,0.088,0.0
2155,32Nvl_L1_EW,32NVL_EW,0.035,0.021
2155,32Nvl_L2_EW,32NVL_EW,0.039,0.027
2155,NvcNvl_L3_NS,NONE,0.007,0.0
2155,NvcNvl_L2_NS,NONE,0.007,0.0
2155,NvcNvl_L1_EW,NVCNVL_EW,0.007,0.007
2155,NvcNvl_L2_EW,NVCNVL_EW,0.008,0.006
2155,32Mt_L1_EW,32MT_EW,0.021,-0.004
2155,NvcMt_L2_EW,NVCMT_EW,0.003,-0.003
2155,304Nvl_L3_EW,NONE,0.006,0.0
2155,32Nvl_L3_EW,NONE,0.031,0.0
2155,32Nvl_L1_NS,32NVL_NS,0.007,0.007
2155,NvcNvl_L1_NS,NONE,0.009,0.0
2155,NvcNvl_L3_EW,NONE,0.009,0.0
2155,32Mt_L2_EW,32MT_EW,0.016,-0.011
2155,NvcMt_L1_EW,NVCMT_EW,0.006,0.001
2160,304Nvl_L1_NS,304NVL_NS,0.009,0.004
2160,304Nvl_L1_EW,304NVL_EW,0.008,0.008
2160,304Nvl_L2_EW,304NVL_EW,0.007,0.007
2160,304Nvl_L1_NS,NONE,0.088,0.0
2160,32Nvl_L1_NS,32NVL_NS,0.007,0.001
2160,32Nvl_L1_EW,32NVL_EW,0.035,0.021
2160,32Nvl_L2_EW,32NVL_EW,0.039,0.027
2160,NvcNvl_L1_EW,NVCNVL_EW,0.007,0.007
2160,NvcNvl_L2_EW,NVCNVL_EW,0.008,0.008
2160,32Mt_L1_EW,32MT_EW,0.021,-0.004
2160,304Nvl_L3_EW,NONE,0.006,0.0
2160,32Nvl_L2_NS,32NVL_NS,0.007,0.007
2160,32Nvl_L3_EW,NONE,0.031,0.0
2160,NvcNvl_L3_EW,NONE,0.009,0.0
2160,32Mt_L2_EW,32MT_EW,0.016,-0.011
2165,304Nvl_L1_NS,304NVL_NS,0.009,0.009
2165,304Nvl_L1_EW,304NVL_EW,0.017,0.017
2165,304Nvl_L2_EW,304NVL_EW,0.007,0.007
2165,304Nvl_L1_NS,NONE,0.015,0.0
2165,32Nvl_L1_EW,32NVL_EW,0.035,0.021
2165,32Nvl_L2_EW,32NVL_EW,0.039,0.027
2165,32Nvl_L3_NS,NONE,0.008,0.0
2165,32Nvl_L2_NS,32NVL_NS,0.008,0.008
2165,NvcNvl_L3_NS,NONE,0.014,0.0
2165,NvcNvl_L2_NS,NONE,0.013,0.0
2165,NvcNvl_L1_EW,NVCNVL_EW,0.014,0.014
2165,NvcNvl_L2_EW,NVCNVL_EW,0.016,0.016
2165,32Mt_L1_EW,NONE,0.043,0.0
2165,32Mt_L3_EW,NONE,0.009,0.0
2165,32Mt_L1_EW,32MT_EW,0.021,-0.004
2165,NvcCmt8_L2_EW,NVCCMT8_EW,0.005,0.005
2165,304Nvl_L3_EW,NONE,0.006,0.0
2165,32Nvl_L3_EW,NONE,0.031,0.0
2165,32Nvl_L1_NS,32NVL_NS,0.007,0.0
2165,NvcNvl_L1_NS,NONE,0.017,0.0
2165,NvcNvl_L3_EW,NONE,0.019,0.0
2165,32Mt_L2_EW,NONE,0.008,0.0
2165,32Mt_L2_EW,32MT_EW,0.016,-0.011
2165,NvcCmt8_L1_EW,NVCCMT8_EW,0.046,0.046
2170,304Nvl_L1_NS,304NVL_NS,0.009,0.004
2170,304Nvl_L1_EW,304NVL_EW,0.008,0.008
2170,304Nvl_L2_EW,304NVL_EW,0.007,0.007
2170,32Nvl_L1_NS,32NVL_NS,0.007,0.001
2170,32Nvl_L1_EW,32NVL_EW,0.035,-0.004
2170,32Nvl_L2_EW,32NVL_EW,0.039,0.008
2170,NvcNvl_L3_NS,NONE,0.007,0.0
2170,NvcNvl_L2_NS,NONE,0.007,0.0
2170,NvcNvl_L1_EW,NVCNVL_EW,0.014,0.014
2170,NvcNvl_L2_EW,NVCNVL_EW,0.016,0.016
2170,32Mt_L1_EW,32MT_EW,0.056,0.031
2170,NvcCmt8_L2_EW,NVCCMT8_EW,0.005,0.005
2170,304Nvl_L3_EW,NONE,0.006,0.0
2170,32Nvl_L2_NS,32NVL_NS,0.007,0.007
2170,32Nvl_L3_EW,NONE,0.031,0.0
2170,32Nvl_L1_NS,32NVL_NS,0.007,0.0
2170,NvcNvl_L1_NS,NONE,0.009,0.0
2170,NvcNvl_L3_EW,NONE,0.019,0.0
2170,32Mt_L2_EW,32MT_EW,0.044,0.016
2170,NvcCmt8_L1_EW,NVCCMT8_EW,0.046,0.046
2175,304Nvl_L1_NS,304NVL_NS,0.009,0.009
2175,304Nvl_L3_NS,NONE,0.007,0.0
2175,304Nvl_L1_EW,304NVL_EW,0.008,0.008
2175,304Nvl_L1_NS,NONE,0.007,0.0
2175,32Nvl_L1_EW,32NVL_EW,0.035,-0.018
2175,32Nvl_L2_EW,32NVL_EW,0.039,0.001
2175,32Nvl_L3_NS,NONE,0.008,0.0
2175,32Nvl_L2_NS,32NVL_NS,0.008,0.003
2175,NvcNvl_L3_NS,NONE,0.007,0.0
2175,NvcNvl_L2_NS,NONE,0.007,0.0
2175,NvcNvl_L1_EW,NVCNVL_EW,0.021,0.021
2175,NvcNvl_L2_EW,NVCNVL_EW,0.016,0.016
2175,NvcNvl_L1_NS,NVCNVL_NS,0.007,0.007
2175,32Mt_L1_NS,32MT_NS,0.006,0.006
2175,32Mt_L1_EW,32MT_EW,0.077,0.052
2175,NvcCmt8_L2_EW,NVCCMT8_EW,0.005,0.005
2175,304Nvl_L2_NS,304NVL_NS,0.008,0.002
2175,32Nvl_L3_EW,NONE,0.031,0.0
2175,32Nvl_L1_NS,32NVL_NS,0.007,-0.004
2175,NvcNvl_L1_NS,NONE,0.009,0.0
2175,NvcNvl_L3_EW,NONE,0.019,0.0
2175,32Mt_L2_NS,32MT_NS,0.006,0.006
2175,32Mt_L2_EW,32MT_EW,0.054,0.027
2175,NvcCmt8_L1_EW,NVCCMT8_EW,0.008,0.008
2180,304Nvl_L1_NS,304NVL_NS,0.009,0.009
2180,304Nvl_L3_NS,NONE,0.007,0.0
2180,304Nvl_L1_EW,304NVL_EW,0.008,0.008
2180,304Nvl_L2_EW,304NVL_EW,0.007,0.007
2180,32Nvl_L1_EW,32NVL_EW,0.035,-0.018
2180,32Nvl_L2_EW,32NVL_EW,0.039,-0.003
2180,NvcNvl_L3_NS,NONE,0.007,0.0
2180,NvcNvl_L2_NS,NONE,0.007,0.0
2180,NvcNvl_L1_EW,NONE,0.011,0.0
2180,NvcNvl_L2_EW,NONE,0.008,0.0
2180,NvcNvl_L1_EW,NVCNVL_EW,0.028,0.006
2180,NvcNvl_L2_EW,NVCNVL_EW,0.023,0.023
2180,32Mt_L1_EW,NONE,0.036,0.0
2180,32Mt_L3_EW,NONE,0.044,0.0
2180,32Mt_L1_EW,32MT_EW,0.077,0.052
2180,32Mt_L1_NS,NONE,0.01,0.0
2180,NvcMt_L1_EW,NVCMT_EW,0.032,0.012
2180,304Nvl_L2_NS,304NVL_NS,0.008,0.008
2180,304Nvl_L3_EW,NONE,0.006,0.0
2180,32Nvl_L3_EW,NONE,0.031,0.0
2180,NvcNvl_L1_NS,NONE,0.009,0.0
2180,NvcNvl_L3_EW,NONE,0.028,0.0
2180,32Mt_L2_EW,NONE,0.038,0.0
2180,32Mt_L2_EW,32MT_EW,0.06,0.033
2180,NvcMt_L2_EW,NVCMT_EW,0.04,0.023
2185,304Nvl_L1_NS,304NVL_NS,0.009,0.009
2185,304Nvl_L3_NS,NONE,0.007,0.0
2185,32Nvl_L1_EW,32NVL_EW,0.035,-0.018
2185,32Nvl_L2_EW,32NVL_EW,0.039,-0.003
2185,NvcNvl_L1_EW,NVCNVL_EW,0.035,0.013
2185,NvcNvl_L2_EW,NVCNVL_EW,0.031,0.031
2185,32Mt_L1_EW,NONE,0.058,0.0
2185,32Mt_L3_EW,NONE,0.071,0.0
2185,32Mt_L1_EW,32MT_EW,0.077,0.052
2185,NvcMt_L2_NS,NONE,0.005,0.0
2185,NvcMt_L1_EW,NVCMT_EW,0.032,0.007
2185,304Nvl_L2_NS,304NVL_NS,0.008,0.008
2185,32Nvl_L3_EW,NONE,0.031,0.0
2185,NvcNvl_L3_EW,NONE,0.037,0.0
2185,32Mt_L2_EW,NONE,0.06,0.0
2185,32Mt_L2_EW,32MT_EW,0.06,0.033
2185,NvcMt_L1_NS,NONE,0.005,0.0
2185,NvcMt_L2_EW,NVCMT_EW,0.04,0.018
2185,NvcCmt8_L1_EW,NONE,0.006,0.0
2190,304Nvl_L1_NS,304NVL_NS,0.009,0.009
2190,304Nvl_L3_NS,NONE,0.007,0.0
2190,32Nvl_L1_EW,32NVL_EW,0.05,0.001
2190,32Nvl_L2_EW,32NVL_EW,0.054,0.016
2190,NvcNvl_L1_EW,NVCNVL_EW,0.007,-0.015
2190,NvcNvl_L1_NS,NVCNVL_NS,0.007,0.007
2190,32Mt_L1_EW,NONE,0.014,0.0
2190,32Mt_L3_EW,NONE,0.018,0.0
2190,32Mt_L1_EW,32MT_EW,0.07,0.035
2190,32Mt_L1_NS,NONE,0.01,0.0
2190,NvcMt_L2_NS,NONE,0.005,0.0
2190,NvcMt_L1_EW,NVCMT_EW,0.032,0.027
2190,32Thn_L1_EW,NONE,0.01,0.0
2190,32Thn_L2_EW,NONE,0.01,0.0
2190,32Thn_L3_EW,NONE,0.007,0.0
2190,304Nvl_L2_NS,304NVL_NS,0.008,0.008
2190,32Nvl_L3_EW,NONE,0.044,0.0
2190,32Mt_L2_EW,NONE,0.015,0.0
2190,32Mt_L2_EW,32MT_EW,0.054,0.017
2190,32Mt_L2_NS,NONE,0.009,0.0
2190,NvcMt_L1_NS,NONE,0.005,0.0
2190,NvcMt_L2_EW,NVCMT_EW,0.04,0.04
2190,NvcMt_L1_EW,NVCMT_EW,0.006,0.001
2195,304Nvl_L1_NS,304NVL_NS,0.009,0.004
2195,304Nvl_L3_NS,NONE,0.007,0.0
2195,304Nvl_L1_EW,304NVL_EW,0.119,0.119
2195,304Nvl_L2_EW,304NVL_EW,0.094,0.094
2195,32Nvl_L1_NS,32NVL_NS,0.007,-0.004
2195,32Nvl_L1_EW,32NVL_EW,0.05,-0.029
2195,32Nvl_L2_EW,32NVL_EW,0.054,0.016
2195,NvcNvl_L1_EW,NVCNVL_EW,0.007,0.007
2195,NvcNvl_L1_NS,NVCNVL_NS,0.007,0.002
2195,32Mt_L1_NS,32MT_NS,0.006,0.006
2195,32Mt_L1_EW,32MT_EW,0.105,0.07
2195,32Mt_L1_NS,NONE,0.01,0.0
2195,32Thn_L1_EW,32THN_EW,0.008,-0.027
2195,304Nvl_L2_NS,304NVL_NS,0.008,0.008
2195,304Nvl_L3_EW,NONE,0.082,0.0
2195,32Nvl_L2_NS,32NVL_NS,0.007,0.001
2195,32Nvl_L3_EW,NONE,0.044,0.0
2195,32Nvl_L1_NS,32NVL_NS,0.007,-0.004
2195,32Mt_L2_NS,32MT_NS,0.006,0.006
2195,32Mt_L2_EW,32MT_EW,0.054,0.017
2195,32Mt_L2_NS,NONE,0.009,0.0
2200,304Nvl_L1_NS,304NVL_NS,0.009,-0.001
2200,304Nvl_L3_NS,NONE,0.007,0.0
2200,304Nvl_L1_EW,304NVL_EW,0.11,0.11
2200,304Nvl_L2_EW,304NVL_EW,0.094,0.094
2200,32Nvl_L3_NS,NONE,0.014,0.0
2200,32Nvl_L1_NS,32NVL_NS,0.014,0.008
2200,32Nvl_L1_EW,32NVL_EW,0.042,-0.031
2200,32Nvl_L2_EW,32NVL_EW,0.046,0.02
2200,32Nvl_L3_NS,NONE,0.042,0.0
2200,32Nvl_L2_NS,32NVL_NS,0.039,0.034
2200,NvcNvl_L1_EW,NONE,0.011,0.0
2200,NvcNvl_L2_EW,NONE,0.008,0.0
2200,32Mt_L1_NS,32MT_NS,0.013,0.013
2200,32Mt_L1_EW,32MT_EW,0.105,0.075
2200,32Mt_L1_NS,NONE,0.01,0.0
2200,NvcCmt8_L2_EW,NVCCMT8_EW,0.026,0.026
2200,NvcCmt8_L2_NS,NONE,0.011,0.0
2200,NvcCmt8_L1_NS,NONE,0.008,0.0
2200,304Nvl_L2_NS,304NVL_NS,0.008,-0.02
2200,304Nvl_L3_EW,NONE,0.082,0.0
2200,32Nvl_L2_NS,32NVL_NS,0.013,0.008
2200,32Nvl_L3_EW,NONE,0.038,0.0
2200,32Nvl_L1_NS,32NVL_NS,0.04,0.034
2200,32Mt_L2_NS,32MT_NS,0.006,0.006
2200,32Mt_L2_EW,32MT_EW,0.038,0.006
2200,NvcCmt8_L1_EW,NVCCMT8_EW,0.038,0.038
2205,304Nvl_L1_NS,304NVL_NS,0.009,-0.049
2205,304Nvl_L3_NS,NONE,0.007,0.0
2205,304Nvl_L1_EW,304NVL_EW,0.008,0.008
2205,32Nvl_L1_NS,32NVL_NS,0.083,0.077
2205,32Nvl_L1_EW,32NVL_EW,0.035,-0.013
2205,32Nvl_L2_EW,32NVL_EW,0.039,0.016
2205,32Nvl_L3_NS,NONE,0.017,0.0
2205,32Nvl_L2_NS,32NVL_NS,0.016,0.01
2205,NvcNvl_L3_NS,NONE,0.007,0.0
2205,NvcNvl_L2_NS,NONE,0.007,0.0
2205,NvcNvl_L1_EW,NONE,0.011,0.0
2205,NvcNvl_L2_EW,NONE,0.008,0.0
2205,NvcNvl_L1_EW,NVCNVL_EW,0.035,0.035
2205,NvcNvl_L2_EW,NVCNVL_EW,0.039,0.039
2205,32Mt_L1_NS,32MT_NS,0.013,0.013
2205,32Mt_L1_EW,32MT_EW,0.07,0.045
2205,32Mt_L1_NS,NONE,0.059,0.0
2205,NvcCmt8_L2_EW,NVCCMT8_EW,0.026,0.026
2205,304Nvl_L2_NS,304NVL_NS,0.008,-0.003
2205,32Nvl_L2_NS,32NVL_NS,0.08,0.075
2205,32Nvl_L3_EW,NONE,0.031,0.0
2205,32Nvl_L1_NS,32NVL_NS,0.02,0.014
2205,NvcNvl_L1_NS,NONE,0.009,0.0
2205,NvcNvl_L3_EW,NONE,0.047,0.0
2205,32Mt_L2_NS,32MT_NS,0.006,0.006
2205,32Mt_L2_EW,32MT_EW,0.033,0.006
2205,32Mt_L2_NS,NONE,0.009,0.0
2205,NvcCmt8_L1_EW,NVCCMT8_EW,0.038,0.038
2210,304Nvl_L1_NS,304NVL_NS,0.009,-0.054
2210,304Nvl_L3_NS,NONE,0.007,0.0
2210,304Nvl_L1_NS,NONE,0.095,0.0
2210,32Nvl_L3_NS,NONE,0.089,0.0
2210,32Nvl_L1_NS,32NVL_NS,0.09,0.084
2210,32Nvl_L1_EW,32NVL_EW,0.035,-0.009
2210,32Nvl_L2_EW,32NVL_EW,0.039,0.016
2210,32Nvl_L3_NS,NONE,0.008,0.0
2210,32Nvl_L2_NS,32NVL_NS,0.008,0.003
2210,NvcNvl_L3_NS,NONE,0.007,0.0
2210,NvcNvl_L2_NS,NONE,0.007,0.0
2210,NvcNvl_L1_EW,NVCNVL_EW,0.035,0.013
2210,32Mt_L1_NS,32MT_NS,0.025,0.025
2210,32Mt_L1_EW,NONE,0.007,0.0
2210,32Mt_L1_EW,32MT_EW,0.063,0.038
2210,32Mt_L1_NS,NONE,0.049,0.0
2210,NvcMt_L1_EW,NVCMT_EW,0.032,0.007
2210,304Nvl_L2_NS,304NVL_NS,0.008,0.002
2210,32Nvl_L2_NS,32NVL_NS,0.087,0.081
2210,32Nvl_L3_EW,NONE,0.031,0.0
2210,32Nvl_L1_NS,32NVL_NS,0.013,0.007
2210,NvcNvl_L1_NS,NONE,0.009,0.0
2210,32Mt_L2_NS,32MT_NS,0.013,0.013
2210,32Mt_L2_EW,32MT_EW,0.033,0.006
2210,NvcMt_L2_EW,NVCMT_EW,0.04,0.04
2210,NvcCmt8_L1_EW,NONE,0.029,0.0
2215,304Nvl_L1_NS,304NVL_NS,0.009,-0.059
2215,304Nvl_L3_NS,NONE,0.007,0.0
2215,304Nvl_L1_EW,304NVL_EW,0.008,0.008
2215,304Nvl_L2_EW,304NVL_EW,0.007,0.007
2215,32Nvl_L1_NS,32NVL_NS,0.097,0.091
2215,32Nvl_L1_EW,32NVL_EW,0.035,0.03
2215,32Nvl_L2_EW,32NVL_EW,0.039,0.035
2215,NvcNvl_L3_NS,NONE,0.014,0.0
2215,NvcNvl_L2_NS,NONE,0.013,0.0
2215,NvcNvl_L1_EW,NONE,0.011,0.0
2215,NvcNvl_L2_EW,NONE,0.008,0.0
2215,32Mt_L1_NS,32MT_NS,0.025,0.025
2215,32Mt_L1_EW,32MT_EW,0.007,-0.018
2215,NvcMt_L1_EW,NVCMT_EW,0.032,0.032
2215,304Nvl_L2_NS,304NVL_NS,0.008,0.008
2215,304Nvl_L3_EW,NONE,0.006,0.0
2215,32Nvl_L2_NS,32NVL_NS,0.087,0.081
2215,32Nvl_L3_EW,NONE,0.031,0.0
2215,NvcNvl_L1_NS,NONE,0.017,0.0
2215,32Mt_L2_NS,32MT_NS,0.019,0.019
2215,32Mt_L2_EW,32MT_EW,0.005,-0.022
2215,NvcMt_L2_EW,NVCMT_EW,0.04,0.04
2220,304Nvl_L1_NS,304NVL_NS,0.009,0.009
2220,304Nvl_L3_NS,NONE,0.007,0.0
2220,32Nvl_L1_EW,32NVL_EW,0.035,0.035
2220,32Nvl_L2_EW,32NVL_EW,0.039,0.039
2220,32Nvl_L3_NS,NONE,0.008,0.0
2220,32Nvl_L2_NS,32NVL_NS,0.008,0.003
2220,NvcNvl_L3_NS,NONE,0.014,0.0
2220,NvcNvl_L2_NS,NONE,0.013,0.0
2220,NvcNvl_L1_EW,NVCNVL_EW,0.014,0.01
2220,NvcNvl_L2_EW,NVCNVL_EW,0.016,0.016
2220,32Mt_L1_NS,32MT_NS,0.013,0.013
2220,32Mt_L1_EW,NONE,0.007,0.0
2220,32Mt_L1_NS,NONE,0.049,0.0
2220,NvcMt_L1_EW,NVCMT_EW,0.006,-0.004
2220,304Nvl_L2_NS,304NVL_NS,0.008,0.002
2220,32Nvl_L3_EW,NONE,0.031,0.0
2220,32Nvl_L1_NS,32NVL_NS,0.007,0.0
2220,NvcNvl_L1_NS,NONE,0.017,0.0
2220,NvcNvl_L3_EW,NONE,0.019,0.0
2220,32Mt_L2_NS,32MT_NS,0.013,0.013
2220,32Mt_L2_NS,NONE,0.043,0.0
2220,NvcMt_L2_EW,NVCMT_EW,0.008,-0.003
2225,304Nvl_L1_NS,304NVL_NS,0.018,0.018
2225,304Nvl_L3_NS,NONE,0.015,0.0
2225,304Nvl_L1_EW,304NVL_EW,0.017,0.017
2225,304Nvl_L2_EW,304NVL_EW,0.015,0.015
2225,304Nvl_L1_NS,NONE,0.007,0.0
2225,32Nvl_L1_EW,32NVL_EW,0.042,0.038
2225,32Nvl_L2_EW,32NVL_EW,0.046,0.043
2225,NvcNvl_L3_NS,NONE,0.007,0.0
2225,NvcNvl_L2_NS,NONE,0.007,0.0
2225,NvcNvl_L1_EW,NVCNVL_EW,0.014,0.014
2225,32Mt_L1_NS,32MT_NS,0.044,0.044
2225,32Mt_L1_EW,NONE,0.007,0.0
2225,32Mt_L1_EW,32MT_EW,0.007,-0.023
2225,32Mt_L1_NS,NONE,0.01,0.0
2225,304Nvl_L2_NS,304NVL_NS,0.015,0.015
2225,304Nvl_L3_EW,NONE,0.013,0.0
2225,32Nvl_L3_EW,NONE,0.038,0.0
2225,32Nvl_L1_NS,32NVL_NS,0.081,0.068
2225,NvcNvl_L1_NS,NONE,0.009,0.0
2225,32Mt_L2_NS,32MT_NS,0.013,0.013
2225,32Mt_L2_EW,32MT_EW,0.005,-0.027
2225,32Mt_L2_NS,NONE,0.009,0.0
2230,304Nvl_L1_NS,304NVL_NS,0.018,0.018
2230,304Nvl_L3_NS,NONE,0.015,0.0
2230,304Nvl_L1_EW,304NVL_EW,0.008,0.008
2230,304Nvl_L2_EW,304NVL_EW,0.007,0.007
2230,32Nvl_L1_EW,32NVL_EW,0.042,0.042
2230,32Nvl_L2_EW,32NVL_EW,0.046,0.046
2230,32Nvl_L3_NS,NONE,0.017,0.0
2230,32Nvl_L2_NS,32NVL_NS,0.016,0.005
2230,NvcNvl_L1_EW,NVCNVL_EW,0.014,0.01
2230,NvcNvl_L2_EW,NVCNVL_EW,0.008,0.008
2230,32Mt_L1_NS,32MT_NS,0.038,0.038
2230,32Mt_L1_EW,NONE,0.043,0.0
2230,32Mt_L3_EW,NONE,0.053,0.0
2230,NvcMt_L1_EW,NVCMT_EW,0.006,-0.004
2230,304Nvl_L2_NS,304NVL_NS,0.015,0.004
2230,304Nvl_L3_EW,NONE,0.006,0.0
2230,32Nvl_L3_EW,NONE,0.038,0.0
2230,32Nvl_L1_NS,32NVL_NS,0.101,0.088
2230,NvcNvl_L3_EW,NONE,0.009,0.0
2230,32Mt_L2_NS,32MT_NS,0.006,0.006
2230,32Mt_L2_EW,NONE,0.045,0.0
2230,NvcMt_L2_EW,NVCMT_EW,0.008,0.002
2235,304Nvl_L1_NS,304NVL_NS,0.018,0.013
2235,304Nvl_L3_NS,NONE,0.015,0.0
2235,304Nvl_L1_EW,304NVL_EW,0.051,0.051
2235,304Nvl_L2_EW,304NVL_EW,0.044,0.044
2235,304Nvl_L1_NS,NONE,0.015,0.0
2235,32Nvl_L1_NS,32NVL_NS,0.007,-0.01
2235,32Nvl_L1_EW,32NVL_EW,0.035,0.03
2235,32Nvl_L2_EW,32NVL_EW,0.039,0.035
2235,32Nvl_L3_NS,NONE,0.017,0.0
2235,32Nvl_L2_NS,32NVL_NS,0.016,0.005
2235,NvcNvl_L1_EW,NVCNVL_EW,0.007,0.007
2235,NvcNvl_L2_EW,NVCNVL_EW,0.008,0.008
2235,NvcNvl_L1_NS,NVCNVL_NS,0.007,0.002
2235,32Mt_L1_NS,32MT_NS,0.031,0.031
2235,32Mt_L1_EW,NONE,0.036,0.0
2235,32Mt_L3_EW,NONE,0.035,0.0
2235,32Mt_L1_EW,32MT_EW,0.007,-0.018
2235,32Mt_L1_NS,NONE,0.01,0.0
2235,304Nvl_L2_NS,304NVL_NS,0.015,0.004
2235,304Nvl_L3_EW,NONE,0.038,0.0
2235,32Nvl_L3_EW,NONE,0.031,0.0
2235,32Nvl_L1_NS,32NVL_NS,0.027,0.01
2235,NvcNvl_L3_EW,NONE,0.009,0.0
2235,32Mt_L2_EW,NONE,0.03,0.0
2235,32Mt_L2_EW,32MT_EW,0.005,-0.022
2235,32Mt_L2_NS,NONE,0.009,0.0
2240,304Nvl_L1_NS,304NVL_NS,0.018,-0.05
2240,304Nvl_L3_NS,NONE,0.015,0.0
2240,304Nvl_L1_EW,304NVL_EW,0.008,0.008
2240,304Nvl_L2_EW,304NVL_EW,0.007,0.007
2240,304Nvl_L1_NS,NONE,0.015,0.0
2240,304Nvl_L3_NS,NONE,0.008,0.0
2240,32Nvl_L3_NS,NONE,0.082,0.0
2240,32Nvl_L1_NS,32NVL_NS,0.097,0.08
2240,32Nvl_L3_NS,NONE,0.025,0.0
2240,32Nvl_L2_NS,32NVL_NS,0.024,0.013
2240,NvcNvl_L1_EW,NONE,0.011,0.0
2240,NvcNvl_L2_EW,NONE,0.008,0.0
2240,NvcNvl_L1_NS,NVCNVL_NS,0.007,-0.061
2240,32Mt_L1_EW,NONE,0.014,0.0
2240,32Mt_L3_EW,NONE,0.009,0.0
2240,NvcMt_L2_NS,NONE,0.005,0.0
2240,304Nvl_L2_NS,304NVL_NS,0.015,-0.001
2240,304Nvl_L3_EW,NONE,0.006,0.0
2240,304Nvl_L2_NS,NONE,0.007,0.0
2240,32Nvl_L2_NS,32NVL_NS,0.087,0.076
2240,32Nvl_L1_NS,32NVL_NS,0.027,0.01
2240,NvcNvl_L3_EW,NONE,0.006,0.0
2240,32Mt_L2_EW,NONE,0.008,0.0
2240,NvcMt_L1_NS,NONE,0.005,0.0
2245,304Nvl_L1_EW,304NVL_EW,0.008,0.008
2245,304Nvl_L2_EW,304NVL_EW,0.007,0.007
2245,304Nvl_L1_NS,NONE,0.036,0.0
2245,32Nvl_L3_NS,NONE,0.014,0.0
2245,32Nvl_L1_NS,32NVL_NS,0.097,0.097
2245,32Nvl_L3_NS,NONE,0.017,0.0
2245,32Nvl_L2_NS,32NVL_NS,0.016,0.016
2245,32Mt_L1_EW,NONE,0.007,0.0
2245,32Mt_L1_EW,32MT_EW,0.042,0.042
2245,32Mt_L1_NS,NONE,0.029,0.0
2245,304Nvl_L3_EW,NONE,0.006,0.0
2245,32Nvl_L2_NS,32NVL_NS,0.093,0.093
2245,32Nvl_L1_NS,32NVL_NS,0.054,0.054
2245,32Mt_L2_EW,32MT_EW,0.027,0.027
2245,32Mt_L2_NS,NONE,0.017,0.0
2245,NvcMt_L1_EW,NVCMT_EW,0.006,0.006
2250,304Nvl_L1_NS,304NVL_NS,0.009,0.004
2250,304Nvl_L1_EW,304NVL_EW,0.017,0.017
2250,304Nvl_L2_EW,304NVL_EW,0.007,0.007
2250,304Nvl_L1_NS,NONE,0.036,0.0
2250,32Nvl_L3_NS,NONE,0.007,0.0
2250,32Nvl_L1_NS,32NVL_NS,0.007,0.001
2250,32Nvl_L3_NS,NONE,0.008,0.0
2250,32Nvl_L2_NS,32NVL_NS,0.008,0.008
2250,32Mt_L1_NS,32MT_NS,0.006,0.006
2250,32Mt_L1_EW,NONE,0.043,0.0
2250,32Mt_L3_EW,NONE,0.044,0.0
2250,32Mt_L1_EW,32MT_EW,0.028,0.028
2250,NvcMt_L2_NS,NONE,0.026,0.0
2250,304Nvl_L3_EW,NONE,0.006,0.0
2250,32Nvl_L2_NS,32NVL_NS,0.007,0.007
2250,32Nvl_L1_NS,32NVL_NS,0.04,0.034
2250,32Mt_L2_EW,NONE,0.038,0.0
2250,32Mt_L2_EW,32MT_EW,0.005,0.005
2250,NvcMt_L1_NS,NONE,0.027,0.0
2250,NvcMt_L1_EW,NVCMT_EW,0.006,0.006
2255,304Thn_L1_EW,304THN_EW,0.041,0.029
2255,304Thn_L3_EW,NONE,0.039,0.0
2255,304Nvl_L1_EW,304NVL_EW,0.017,-0.012
2255,304Nvl_L2_EW,304NVL_EW,0.007,-0.019
2255,304Nvl_L1_NS,NONE,0.015,0.0
2255,32Nvl_L3_NS,NONE,0.007,0.0
2255,32Nvl_L1_NS,32NVL_NS,0.014,0.014
2255,32Mt_L1_NS,32MT_NS,0.006,0.006
2255,32Mt_L1_EW,NONE,0.007,0.0
2255,32Mt_L3_EW,NONE,0.009,0.0
2255,32Mt_L1_EW,32MT_EW,0.063,0.063
2255,304Nvl_L3_EW,NONE,0.006,0.0
2255,32Nvl_L2_NS,32NVL_NS,0.007,0.007
2255,32Nvl_L1_NS,32NVL_NS,0.034,0.034
2255,32Mt_L2_EW,NONE,0.008,0.0
2255,32Mt_L2_EW,32MT_EW,0.038,0.038
2255,304Thn_L2_EW,304THN_EW,0.037,0.032
2260,304Thn_L1_EW,304THN_EW,0.041,0.035
2260,304Thn_L3_EW,NONE,0.039,0.0
2260,304Nvl_L1_EW,304NVL_EW,0.008,-0.02
2260,304Nvl_L2_EW,304NVL_EW,0.007,-0.019
2260,304Nvl_L1_NS,NONE,0.007,0.0
2260,NvcNvl_L3_NS,NONE,0.007,0.0
2260,NvcNvl_L2_NS,NONE,0.007,0.0
2260,32Mt_L1_EW,32MT_EW,0.091,0.091
2260,304Nvl_L3_EW,NONE,0.006,0.0
2260,32Nvl_L1_NS,32NVL_NS,0.081,0.081
2260,NvcNvl_L1_NS,NONE,0.009,0.0
2260,32Mt_L2_EW,32MT_EW,0.038,0.038
2260,304Thn_L2_EW,304THN_EW,0.037,0.032
2265,304Thn_L1_EW,304THN_EW,0.041,0.041
2265,304Thn_L3_EW,NONE,0.039,0.0
2265,32Nvl_L3_NS,NONE,0.007,0.0
2265,32Nvl_L1_NS,32NVL_NS,0.014,0.014
2265,NvcNvl_L3_NS,NONE,0.007,0.0
2265,NvcNvl_L2_NS,NONE,0.007,0.0
2265,NvcNvl_L1_EW,NVCNVL_EW,0.007,0.003
2265,NvcNvl_L2_EW,NVCNVL_EW,0.008,0.008
2265,32Mt_L1_EW,32MT_EW,0.091,0.091
2265,NvcMt_L1_EW,NVCMT_EW,0.006,0.001
2265,32Nvl_L2_NS,32NVL_NS,0.013,0.013
2265,32Nvl_L1_NS,32NVL_NS,0.081,0.081
2265,NvcNvl_L1_NS,NONE,0.009,0.0
2265,NvcNvl_L3_EW,NONE,0.009,0.0
2265,32Mt_L2_EW,32MT_EW,0.065,0.065
2265,NvcMt_L2_EW,NVCMT_EW,0.008,0.002
2265,304Thn_L2_EW,304THN_EW,0.037,0.037
2270,304Nvl_L1_EW,304NVL_EW,0.152,0.152
2270,304Nvl_L2_EW,304NVL_EW,0.131,0.131
2270,304Nvl_L1_NS,NONE,0.007,0.0
2270,304Nvl_L3_NS,NONE,0.008,0.0
2270,32Nvl_L3_NS,NONE,0.008,0.0
2270,32Nvl_L2_NS,32NVL_NS,0.008,0.008
2270,NvcNvl_L1_EW,NVCNVL_EW,0.007,0.003
2270,NvcNvl_L2_EW,NVCNVL_EW,0.008,0.008
2270,32Mt_L1_EW,32MT_EW,0.084,0.084
2270,NvcMt_L1_EW,NVCMT_EW,0.006,0.001
2270,304Nvl_L3_EW,NONE,0.114,0.0
2270,304Nvl_L2_NS,NONE,0.007,0.0
2270,32Nvl_L1_NS,32NVL_NS,0.007,0.007
2270,NvcNvl_L3_EW,NONE,0.009,0.0
2270,32Mt_L2_EW,32MT_EW,0.065,0.065
2270,NvcMt_L2_EW,NVCMT_EW,0.008,0.002
2275,304Nvl_L1_EW,304NVL_EW,0.152,0.152
2275,304Nvl_L2_EW,304NVL_EW,0.131,0.131
2275,304Nvl_L1_NS,NONE,0.007,0.0
2275,32Nvl_L1_EW,32NVL_EW,0.035,-0.004
2275,32Nvl_L2_EW,32NVL_EW,0.039,0.006
2275,32Nvl_L3_NS,NONE,0.008,0.0
2275,32Nvl_L2_NS,32NVL_NS,0.008,0.008
2275,NvcNvl_L1_EW,NVCNVL_EW,0.014,0.01
2275,NvcNvl_L2_EW,NVCNVL_EW,0.008,0.008
2275,32Mt_L1_EW,32MT_EW,0.049,0.024
2275,32Mt_L1_NS,NONE,0.01,0.0
2275,NvcMt_L1_EW,NVCMT_EW,0.006,-0.004
2275,32Thn_L1_EW,32THN_EW,0.008,-0.017
2275,32Thn_L2_EW,32THN_EW,0.008,-0.019
2275,32Thn_L3_EW,NONE,0.008,0.0
2275,304Nvl_L3_EW,NONE,0.114,0.0
2275,32Nvl_L3_EW,NONE,0.031,0.0
2275,32Nvl_L1_NS,32NVL_NS,0.013,0.013
2275,NvcNvl_L3_EW,NONE,0.009,0.0
2275,32Mt_L2_EW,32MT_EW,0.038,0.011
2275,32Mt_L2_NS,NONE,0.009,0.0
2275,NvcMt_L2_EW,NVCMT_EW,0.008,0.002
2280,304Thn_L1_EW,NONE,0.034,0.0
2280,304Nvl_L1_NS,304NVL_NS,0.009,-0.02
2280,304Nvl_L1_NS,NONE,0.007,0.0
2280,32Nvl_L3_NS,NONE,0.041,0.0
2280,32Nvl_L1_NS,32NVL_NS,0.042,0.035
2280,32Nvl_L1_EW,32NVL_EW,0.042,-0.001
2280,32Nvl_L2_EW,32NVL_EW,0.046,0.012
2280,NvcNvl_L1_EW,NVCNVL_EW,0.014,0.01
2280,NvcNvl_L2_EW,NVCNVL_EW,0.008,0.006
2280,32Mt_L1_EW,NONE,0.014,0.0
2280,32Mt_L3_EW,NONE,0.018,0.0
2280,32Mt_L1_EW,32MT_EW,0.063,0.033
2280,NvcMt_L1_EW,NVCMT_EW,0.006,-0.004
2280,NvcMt_L2_EW,NVCMT_EW,0.003,-0.003
2280,32Nvl_L2_NS,32NVL_NS,0.04,0.04
2280,32Nvl_L3_EW,NONE,0.038,0.0
2280,NvcNvl_L3_EW,NONE,0.009,0.0
2280,32Mt_L2_EW,NONE,0.015,0.0
2280,32Mt_L2_EW,32MT_EW,0.049,0.017
2280,NvcMt_L2_EW,NVCMT_EW,0.008,0.002
2280,NvcMt_L1_EW,NVCMT_EW,0.006,-0.004
2285,304Nvl_L1_NS,304NVL_NS,0.009,-0.001
2285,304Nvl_L1_NS,NONE,0.007,0.0
2285,304Nvl_L3_NS,NONE,0.008,0.0
2285,32Nvl_L3_NS,NONE,0.007,0.0
2285,32Nvl_L1_NS,32NVL_NS,0.014,0.008
2285,32Nvl_L1_EW,32NVL_EW,0.071,0.027
2285,32Nvl_L2_EW,32NVL_EW,0.077,0.043
2285,32Nvl_L3_NS,NONE,0.042,0.0
2285,32Nvl_L2_NS,32NVL_NS,0.039,0.039
2285,NvcNvl_L1_EW,NVCNVL_EW,0.014,0.014
2285,NvcNvl_L2_EW,NVCNVL_EW,0.008,0.006
2285,32Mt_L1_EW,NONE,0.022,0.0
2285,32Mt_L3_EW,NONE,0.018,0.0
2285,32Mt_L1_EW,32MT_EW,0.063,0.013
2285,NvcMt_L2_EW,NVCMT_EW,0.003,-0.003
2285,32Thn_L1_EW,NONE,0.01,0.0
2285,304Nvl_L2_NS,NONE,0.007,0.0
2285,32Nvl_L2_NS,32NVL_NS,0.013,0.013
2285,32Nvl_L3_EW,NONE,0.063,0.0
2285,32Nvl_L1_NS,32NVL_NS,0.034,0.027
2285,NvcNvl_L3_EW,NONE,0.009,0.0
2285,32Mt_L2_EW,NONE,0.015,0.0
2285,32Mt_L2_EW,32MT_EW,0.049,-0.005
2285,NvcMt_L1_EW,NVCMT_EW,0.006,-0.004
2290,304Nvl_L1_NS,304NVL_NS,0.009,0.009
2290,304Nvl_L1_EW,304NVL_EW,0.161,0.161
2290,304Nvl_L2_EW,304NVL_EW,0.051,0.051
2290,304Nvl_L1_NS,NONE,0.036,0.0
2290,32Nvl_L1_EW,32NVL_EW,0.035,-0.033
2290,32Nvl_L2_EW,32NVL_EW,0.039,-0.015
2290,32Nvl_L1_EW,32NVL_EW,0.007,-0.062
2290,NvcNvl_L1_EW,NVCNVL_EW,0.007,0.007
2290,NvcNvl_L2_EW,NVCNVL_EW,0.008,0.006
2290,32Mt_L1_EW,32MT_EW,0.098,0.073
2290,32Mt_L1_NS,NONE,0.01,0.0
2290,NvcMt_L2_EW,NVCMT_EW,0.003,-0.003
2290,32Thn_L1_EW,NONE,0.01,0.0
2290,304Nvl_L3_EW,NONE,0.044,0.0
2290,32Nvl_L3_EW,NONE,0.031,0.0
2290,NvcNvl_L3_EW,NONE,0.009,0.0
2290,32Mt_L2_EW,32MT_EW,0.076,0.049
2290,NvcMt_L1_EW,NVCMT_EW,0.006,0.001
2295,304Nvl_L1_EW,304NVL_EW,0.119,0.119
2295,304Nvl_L2_EW,304NVL_EW,0.015,0.015
2295,32Nvl_L1_NS,32NVL_NS,0.035,0.035
2295,32Nvl_L1_EW,32NVL_EW,0.035,-0.043
2295,32Nvl_L2_EW,32NVL_EW,0.039,-0.018
2295,NvcNvl_L3_NS,NONE,0.007,0.0
2295,NvcNvl_L2_NS,NONE,0.007,0.0
2295,NvcNvl_L1_EW,NVCNVL_EW,0.021,0.021
2295,NvcNvl_L2_EW,NVCNVL_EW,0.023,0.022
2295,32Mt_L1_EW,NONE,0.014,0.0
2295,32Mt_L3_EW,NONE,0.009,0.0
2295,32Mt_L1_EW,32MT_EW,0.112,0.087
2295,32Mt_L1_NS,NONE,0.01,0.0
2295,NvcMt_L2_EW,NVCMT_EW,0.003,-0.014
2295,304Nvl_L3_EW,NONE,0.013,0.0
2295,32Nvl_L3_EW,NONE,0.031,0.0
2295,32Nvl_L1_NS,32NVL_NS,0.034,0.034
2295,NvcNvl_L1_NS,NONE,0.009,0.0
2295,NvcNvl_L3_EW,NONE,0.028,0.0
2295,32Mt_L2_EW,NONE,0.008,0.0
2295,32Mt_L2_EW,32MT_EW,0.082,0.055
2295,NvcMt_L1_EW,NVCMT_EW,0.006,-0.009
2300,304Nvl_L1_NS,NONE,0.036,0.0
2300,32Nvl_L1_NS,32NVL_NS,0.035,0.035
2300,32Nvl_L1_EW,32NVL_EW,0.035,-0.043
2300,32Nvl_L2_EW,32NVL_EW,0.039,-0.022
2300,32Nvl_L3_NS,NONE,0.008,0.0
2300,32Nvl_L2_NS,32NVL_NS,0.008,0.008
2300,NvcNvl_L3_NS,NONE,0.007,0.0
2300,NvcNvl_L2_NS,NONE,0.007,0.0
2300,NvcNvl_L1_EW,NONE,0.011,0.0
2300,NvcNvl_L2_EW,NONE,0.008,0.0
2300,NvcNvl_L1_EW,NVCNVL_EW,0.014,0.014
2300,NvcNvl_L2_EW,NVCNVL_EW,0.016,0.016
2300,32Mt_L1_EW,NONE,0.014,0.0
2300,32Mt_L3_EW,NONE,0.009,0.0
2300,32Mt_L1_EW,32MT_EW,0.112,0.087
2300,32Nvl_L3_EW,NONE,0.031,0.0
2300,32Nvl_L1_NS,32NVL_NS,0.04,0.04
2300,NvcNvl_L1_NS,NONE,0.009,0.0
2300,NvcNvl_L3_EW,NONE,0.006,0.0
2300,NvcNvl_L3_EW,NONE,0.019,0.0
2300,32Mt_L2_EW,NONE,0.008,0.0
2300,32Mt_L2_EW,32MT_EW,0.087,0.06
2305,304Nvl_L1_EW,304NVL_EW,0.008,0.008
2305,304Nvl_L1_NS,NONE,0.007,0.0
2305,32Nvl_L3_NS,NONE,0.014,0.0
2305,32Nvl_L1_NS,32NVL_NS,0.014,0.014
2305,32Nvl_L1_EW,32NVL_EW,0.035,-0.048
2305,32Nvl_L2_EW,32NVL_EW,0.039,-0.022
2305,NvcNvl_L1_EW,NONE,0.011,0.0
2305,NvcNvl_L2_EW,NONE,0.008,0.0
2305,NvcNvl_L1_EW,NVCNVL_EW,0.007,0.007
2305,NvcNvl_L2_EW,NVCNVL_EW,0.008,0.008
2305,32Mt_L1_NS,32MT_NS,0.006,0.006
2305,32Mt_L1_EW,32MT_EW,0.119,0.094
2305,NvcMt_L2_NS,NONE,0.005,0.0
2305,32Nvl_L2_NS,32NVL_NS,0.013,0.013
2305,32Nvl_L3_EW,NONE,0.031,0.0
2305,32Nvl_L1_NS,32NVL_NS,0.007,0.007
2305,NvcNvl_L3_EW,NONE,0.009,0.0
2305,32Mt_L2_EW,32MT_EW,0.087,0.06
2305,NvcMt_L1_NS,NONE,0.005,0.0
2310,32Nvl_L1_NS,32NVL_NS,0.007,0.007
2310,32Nvl_L1_EW,32NVL_EW,0.035,-0.013
2310,32Nvl_L2_EW,32NVL_EW,0.039,0.001
2310,32Nvl_L3_NS,NONE,0.05,0.0
2310,32Nvl_L2_NS,32NVL_NS,0.047,0.047
2310,NvcNvl_L3_NS,NONE,0.048,0.0
2310,NvcNvl_L2_NS,NONE,0.046,0.0
2310,NvcNvl_L1_EW,NONE,0.021,0.0
2310,NvcNvl_L2_EW,NONE,0.015,0.0
2310,NvcNvl_L1_EW,NVCNVL_EW,0.007,0.007
2310,NvcNvl_L2_EW,NVCNVL_EW,0.008,0.008
2310,32Mt_L1_EW,32MT_EW,0.07,0.045
2310,NvcMt_L2_NS,NONE,0.005,0.0
2310,32Nvl_L3_EW,NONE,0.031,0.0
2310,32Nvl_L1_NS,32NVL_NS,0.047,0.047
2310,NvcNvl_L1_NS,NONE,0.061,0.0
2310,NvcNvl_L3_EW,NONE,0.006,0.0
2310,NvcNvl_L3_EW,NONE,0.009,0.0
2310,32Mt_L2_EW,32MT_EW,0.054,0.027
2310,NvcMt_L1_NS,NONE,0.005,0.0
2315,32Nvl_L1_EW,32NVL_EW,0.035,-0.009
2315,32Nvl_L2_EW,32NVL_EW,0.039,0.008
2315,32Nvl_L3_NS,NONE,0.008,0.0
2315,32Nvl_L2_NS,32NVL_NS,0.008,0.008
2315,NvcNvl_L3_NS,NONE,0.041,0.0
2315,NvcNvl_L2_NS,NONE,0.04,0.0
2315,NvcNvl_L1_EW,NONE,0.011,0.0
2315,NvcNvl_L2_EW,NONE,0.008,0.0
2315,NvcNvl_L1_EW,NVCNVL_EW,0.007,0.007
2315,NvcNvl_L2_EW,NVCNVL_EW,0.008,0.008
2315,32Mt_L1_EW,NONE,0.007,0.0
2315,32Mt_L1_EW,32MT_EW,0.063,0.038
2315,32Nvl_L3_EW,NONE,0.031,0.0
2315,32Nvl_L1_NS,32NVL_NS,0.013,0.013
2315,NvcNvl_L1_NS,NONE,0.052,0.0
2315,NvcNvl_L3_EW,NONE,0.009,0.0
2315,32Mt_L2_EW,32MT_EW,0.044,0.016
2320,304Nvl_L1_EW,304NVL_EW,0.008,0.008
2320,304Nvl_L2_EW,304NVL_EW,0.007,0.007
2320,304Nvl_L1_NS,NONE,0.036,0.0
2320,304Nvl_L3_NS,NONE,0.04,0.0
2320,32Nvl_L3_NS,NONE,0.034,0.0
2320,32Nvl_L1_NS,32NVL_NS,0.035,0.03
2320,32Nvl_L1_EW,32NVL_EW,0.035,0.035
2320,32Nvl_L2_EW,32NVL_EW,0.039,0.039
2320,32Nvl_L3_NS,NONE,0.017,0.0
2320,32Nvl_L2_NS,32NVL_NS,0.016,0.016
2320,NvcNvl_L3_NS,NONE,0.007,0.0
2320,NvcNvl_L2_NS,NONE,0.007,0.0
2320,NvcNvl_L1_EW,NONE,0.011,0.0
2320,NvcNvl_L2_EW,NONE,0.008,0.0
2320,NvcNvl_L1_NS,NVCNVL_NS,0.007,-0.018
2320,32Mt_L1_NS,32MT_NS,0.031,0.031
2320,32Mt_L1_EW,NONE,0.014,0.0
2320,NvcMt_L1_EW,NVCMT_EW,0.006,0.006
2320,304Nvl_L3_EW,NONE,0.006,0.0
2320,304Nvl_L2_NS,NONE,0.037,0.0
2320,32Nvl_L2_NS,32NVL_NS,0.033,0.033
2320,32Nvl_L3_EW,NONE,0.031,0.0
2320,32Nvl_L1_NS,32NVL_NS,0.013,0.009
2320,NvcNvl_L1_NS,NONE,0.009,0.0
2320,NvcMt_L2_EW,NVCMT_EW,0.008,0.008
2325,32Nvl_L3_NS,NONE,0.007,0.0
2325,32Nvl_L1_NS,32NVL_NS,0.014,0.009
2325,32Nvl_L1_EW,32NVL_EW,0.035,0.035
2325,32Nvl_L2_EW,32NVL_EW,0.039,0.039
2325,NvcNvl_L3_NS,NONE,0.02,0.0
2325,NvcNvl_L2_NS,NONE,0.02,0.0
2325,NvcNvl_L1_EW,NONE,0.064,0.0
2325,NvcNvl_L2_EW,NONE,0.038,0.0
2325,NvcNvl_L1_NS,NVCNVL_NS,0.007,-0.003
2325,32Mt_L1_NS,32MT_NS,0.031,0.031
2325,32Mt_L1_EW,NONE,0.007,0.0
2325,32Mt_L1_NS,NONE,0.049,0.0
2325,32Nvl_L2_NS,32NVL_NS,0.007,0.007
2325,32Nvl_L3_EW,NONE,0.031,0.0
2325,NvcNvl_L1_NS,NONE,0.026,0.0
2325,NvcMt_L1_EW,NVCMT_EW,0.006,0.006
2330,304Nvl_L1_EW,304NVL_EW,0.042,0.042
2330,304Nvl_L1_NS,NONE,0.044,0.0
2330,32Nvl_L1_NS,32NVL_NS,0.007,0.007
2330,32Nvl_L1_EW,32NVL_EW,0.071,0.071
2330,32Nvl_L2_EW,32NVL_EW,0.077,0.077
2330,32Nvl_L3_NS,NONE,0.017,0.0
2330,32Nvl_L2_NS,32NVL_NS,0.016,0.016
2330,NvcNvl_L3_NS,NONE,0.007,0.0
2330,NvcNvl_L2_NS,NONE,0.007,0.0
2330,NvcNvl_L1_EW,NONE,0.021,0.0
2330,NvcNvl_L2_EW,NONE,0.015,0.0
2330,32Mt_L1_NS,32MT_NS,0.038,0.038
2330,32Mt_L1_EW,NONE,0.007,0.0
2330,32Mt_L1_NS,NONE,0.059,0.0
2330,304Nvl_L2_NS,NONE,0.037,0.0
2330,32Nvl_L3_EW,NONE,0.063,0.0
2330,32Nvl_L1_NS,32NVL_NS,0.02,0.02
2330,NvcNvl_L1_NS,NONE,0.009,0.0
2335,304Nvl_L1_NS,NONE,0.044,0.0
2335,304Nvl_L3_NS,NONE,0.048,0.0
2335,32Nvl_L3_NS,NONE,0.041,0.0
2335,32Nvl_L1_NS,32NVL_NS,0.042,0.042
2335,32Nvl_L1_EW,32NVL_EW,0.078,0.078
2335,32Nvl_L2_EW,32NVL_EW,0.085,0.085
2335,NvcNvl_L3_NS,NONE,0.007,0.0
2335,NvcNvl_L2_NS,NONE,0.007,0.0
2335,32Mt_L1_NS,32MT_NS,0.006,0.006
2335,32Mt_L1_EW,NONE,0.007,0.0
2335,32Mt_L1_NS,NONE,0.049,0.0
2335,NvcMt_L2_NS,NONE,0.005,0.0
2335,304Nvl_L2_NS,NONE,0.044,0.0
2335,32Nvl_L2_NS,32NVL_NS,0.04,0.04
2335,32Nvl_L3_EW,NONE,0.069,0.0
2335,NvcNvl_L1_NS,NONE,0.009,0.0
2335,NvcMt_L1_NS,NONE,0.005,0.0
2340,304Nvl_L1_EW,304NVL_EW,0.017,0.017
2340,304Nvl_L2_EW,304NVL_EW,0.015,0.015
2340,304Nvl_L1_EW,NONE,0.041,0.0
2340,304Nvl_L1_NS,NONE,0.007,0.0
2340,304Nvl_L2_EW,NONE,0.043,0.0
2340,32Nvl_L1_NS,32NVL_NS,0.007,0.007
2340,32Nvl_L1_EW,32NVL_EW,0.05,0.05
2340,32Nvl_L2_EW,32NVL_EW,0.054,0.054
2340,NvcNvl_L1_EW,NVCNVL_EW,0.007,0.007
2340,304Nvl_L3_EW,NONE,0.013,0.0
2340,304Nvl_L3_EW,NONE,0.041,0.0
2340,304Nvl_L2_NS,NONE,0.007,0.0
2340,32Nvl_L2_NS,32NVL_NS,0.007,0.007
2340,32Nvl_L3_EW,NONE,0.044,0.0
2340,32Nvl_L1_NS,32NVL_NS,0.007,0.007
2345,304Nvl_L1_EW,304NVL_EW,0.051,0.051
2345,304Nvl_L2_EW,304NVL_EW,0.007,0.007
2345,304Nvl_L1_NS,NONE,0.007,0.0
2345,304Nvl_L3_NS,NONE,0.008,0.0
2345,32Nvl_L1_EW,32NVL_EW,0.035,0.035
2345,32Nvl_L2_EW,32NVL_EW,0.039,0.039
2345,32Nvl_L1_EW,32NVL_EW,0.04,0.04
2345,32Nvl_L2_EW,32NVL_EW,0.007,0.007
2345,NvcMt_L1_EW,NVCMT_EW,0.006,0.006
2345,32Thn_L1_EW,NONE,0.01,0.0
2345,32Thn_L2_EW,NONE,0.01,0.0
2345,32Thn_L3_EW,NONE,0.007,0.0
2345,304Nvl_L3_EW,NONE,0.006,0.0
2345,304Nvl_L2_NS,NONE,0.007,0.0
2345,32Nvl_L3_EW,NONE,0.006,0.0
2345,32Nvl_L3_EW,NONE,0.031,0.0
2345,32Nvl_L1_NS,32NVL_NS,0.034,0.034
2345,NvcMt_L2_EW,NVCMT_EW,0.008,0.008
2350,304Nvl_L1_EW,304NVL_EW,0.068,0.068
2350,304Nvl_L2_EW,304NVL_EW,0.015,0.015
2350,304Nvl_L1_NS,NONE,0.015,0.0
2350,304Nvl_L3_NS,NONE,0.008,0.0
2350,32Nvl_L1_EW,32NVL_EW,0.034,0.028
2350,32Nvl_L3_NS,NONE,0.05,0.0
2350,32Nvl_L2_NS,32NVL_NS,0.047,0.047
2350,NvcMt_L2_NS,NONE,0.026,0.0
2350,32Thn_L1_EW,32THN_EW,0.008,0.008
2350,304Nvl_L3_EW,NONE,0.013,0.0
2350,304Nvl_L2_NS,NONE,0.007,0.0
2350,32Nvl_L1_NS,32NVL_NS,0.047,0.047
2350,NvcMt_L1_NS,NONE,0.027,0.0
2350,NvcMt_L1_EW,NVCMT_EW,0.028,0.028
2355,304Nvl_L1_EW,304NVL_EW,0.017,0.017
2355,304Nvl_L2_EW,304NVL_EW,0.007,0.007
2355,304Nvl_L1_NS,NONE,0.007,0.0
2355,304Nvl_L3_NS,NONE,0.008,0.0
2355,32Nvl_L3_NS,NONE,0.007,0.0
2355,32Nvl_L1_NS,32NVL_NS,0.007,0.007
2355,32Nvl_L3_NS,NONE,0.05,0.0
2355,32Nvl_L2_NS,32NVL_NS,0.047,0.047
2355,NvcNvl_L3_NS,NONE,0.081,0.0
2355,NvcNvl_L2_NS,NONE,0.079,0.0
2355,32Mt_L1_EW,NONE,0.014,0.0
2355,32Mt_L3_EW,NONE,0.009,0.0
2355,32Mt_L1_NS,NONE,0.02,0.0
2355,NvcMt_L2_NS,NONE,0.026,0.0
2355,NvcMt_L1_EW,NVCMT_EW,0.013,0.013
2355,NvcMt_L2_EW,NVCMT_EW,0.013,0.013
2355,NvcCmt8_L2_EW,NONE,0.007,0.0
2355,32Thn_L1_EW,32THN_EW,0.008,0.008
2355,32Thn_L2_EW,32THN_EW,0.008,0.008
2355,32Thn_L3_EW,NONE,0.008,0.0
2355,304Nvl_L3_EW,NONE,0.006,0.0
2355,304Nvl_L2_NS,NONE,0.007,0.0
2355,32Nvl_L2_NS,32NVL_NS,0.007,0.007
2355,32Nvl_L1_NS,32NVL_NS,0.081,0.081
2355,NvcNvl_L1_NS,NONE,0.105,0.0
2355,32Mt_L2_EW,NONE,0.015,0.0
2355,32Mt_L2_NS,NONE,0.017,0.0
2355,NvcMt_L1_NS,NONE,0.027,0.0
2355,NvcMt_L2_EW,NVCMT_EW,0.016,0.016
2355,NvcMt_L1_EW,NVCMT_EW,0.028,0.028
2355,NvcCmt8_L1_EW,NONE,0.006,0.0
2360,304Nvl_L1_EW,304NVL_EW,0.017,0.017
2360,304Nvl_L2_EW,304NVL_EW,0.007,0.007
2360,304Nvl_L1_NS,NONE,0.007,0.0
2360,32Nvl_L1_EW,32NVL_EW,0.007,0.001
2360,32Nvl_L2_EW,32NVL_EW,0.008,0.002
2360,32Nvl_L3_NS,NONE,0.1,0.0
2360,32Nvl_L2_NS,32NVL_NS,0.095,0.095
2360,NvcNvl_L3_NS,NONE,0.007,0.0
2360,NvcNvl_L2_NS,NONE,0.007,0.0
2360,32Mt_L1_NS,32MT_NS,0.031,0.031
2360,32Mt_L1_EW,NONE,0.007,0.0
2360,32Mt_L3_EW,NONE,0.009,0.0
2360,NvcMt_L1_EW,NVCMT_EW,0.006,0.006
2360,NvcMt_L2_EW,NVCMT_EW,0.013,0.013
2360,32Thn_L1_EW,32THN_EW,0.008,0.003
2360,32Thn_L2_EW,32THN_EW,0.008,0.003
2360,32Thn_L3_EW,NONE,0.008,0.0
2360,304Nvl_L3_EW,NONE,0.006,0.0
2360,32Nvl_L3_EW,NONE,0.006,0.0
2360,32Nvl_L1_NS,32NVL_NS,0.121,0.121
2360,NvcNvl_L1_NS,NONE,0.009,0.0
2360,32Mt_L2_NS,32MT_NS,0.032,0.032
2360,32Mt_L2_EW,NONE,0.008,0.0
2360,NvcMt_L2_EW,NVCMT_EW,0.008,0.008
2360,NvcMt_L1_EW,NVCMT_EW,0.028,0.028
2365,304Nvl_L1_EW,304NVL_EW,0.025,0.025
2365,304Nvl_L2_EW,304NVL_EW,0.007,0.007
2365,32Nvl_L1_EW,32NVL_EW,0.007,-0.003
2365,32Nvl_L2_EW,32NVL_EW,0.008,0.002
2365,32Nvl_L3_NS,NONE,0.058,0.0
2365,32Nvl_L2_NS,32NVL_NS,0.055,0.055
2365,32Mt_L1_NS,32MT_NS,0.013,0.013
2365,32Mt_L1_EW,32MT_EW,0.007,0.002
2365,NvcMt_L1_EW,NVCMT_EW,0.006,0.001
2365,NvcMt_L2_EW,NVCMT_EW,0.013,0.013
2365,32Thn_L1_EW,32THN_EW,0.008,0.003
2365,32Thn_L2_EW,32THN_EW,0.008,0.003
2365,32Thn_L3_EW,NONE,0.008,0.0
2365,304Nvl_L3_EW,NONE,0.006,0.0
2365,32Nvl_L3_EW,NONE,0.006,0.0
2365,32Nvl_L1_NS,32NVL_NS,0.081,0.081
2365,32Mt_L2_NS,32MT_NS,0.006,0.006
2365,NvcMt_L2_EW,NVCMT_EW,0.008,0.008
2365,NvcMt_L1_EW,NVCMT_EW,0.028,0.022
2365,NvcCmt8_L1_EW,NVCCMT8_EW,0.008,0.003
2370,304Nvl_L1_EW,304NVL_EW,0.008,0.008
2370,32Nvl_L1_NS,32NVL_NS,0.007,0.007
2370,32Nvl_L1_EW,32NVL_EW,0.007,-0.032
2370,32Nvl_L2_EW,32NVL_EW,0.008,0.008
2370,32Nvl_L3_NS,NONE,0.025,0.0
2370,32Nvl_L2_NS,32NVL_NS,0.024,0.024
2370,NvcNvl_L3_NS,NONE,0.007,0.0
2370,NvcNvl_L2_NS,NONE,0.007,0.0
2370,32Mt_L1_EW,32MT_EW,0.056,0.051
2370,NvcMt_L2_EW,NVCMT_EW,0.013,0.013
2370,32Thn_L1_EW,NONE,0.01,0.0
2370,32Nvl_L2_NS,32NVL_NS,0.007,0.007
2370,32Nvl_L3_EW,NONE,0.006,0.0
2370,32Nvl_L1_NS,32NVL_NS,0.02,0.02
2370,NvcNvl_L1_NS,NONE,0.009,0.0
2370,NvcMt_L1_EW,NVCMT_EW,0.028,0.028
2375,304Nvl_L1_EW,304NVL_EW,0.017,0.017
2375,304Nvl_L2_EW,304NVL_EW,0.007,0.007
2375,304Nvl_L1_NS,NONE,0.007,0.0
2375,32Nvl_L1_NS,32NVL_NS,0.014,0.014
2375,32Nvl_L1_EW,32NVL_EW,0.007,-0.032
2375,32Nvl_L2_EW,32NVL_EW,0.008,0.004
2375,32Nvl_L3_NS,NONE,0.017,0.0
2375,32Nvl_L2_NS,32NVL_NS,0.016,0.016
2375,NvcNvl_L3_NS,NONE,0.007,0.0
2375,NvcNvl_L2_NS,NONE,0.007,0.0
2375,32Mt_L1_EW,NONE,0.043,0.0
2375,32Mt_L3_EW,NONE,0.044,0.0
2375,32Mt_L1_EW,32MT_EW,0.056,0.051
2375,NvcMt_L2_NS,NONE,0.005,0.0
2375,32Thn_L1_EW,NONE,0.01,0.0
2375,304Nvl_L3_EW,NONE,0.006,0.0
2375,32Nvl_L2_NS,32NVL_NS,0.007,0.007
2375,32Nvl_L3_EW,NONE,0.006,0.0
2375,32Nvl_L1_NS,32NVL_NS,0.013,0.013
2375,NvcNvl_L1_NS,NONE,0.009,0.0
2375,32Mt_L2_EW,NONE,0.038,0.0
2375,32Mt_L2_EW,32MT_EW,0.005,0.0
2375,NvcMt_L1_NS,NONE,0.005,0.0
2380,304Nvl_L1_EW,304NVL_EW,0.051,0.051
2380,304Nvl_L2_EW,304NVL_EW,0.044,0.044
2380,32Nvl_L1_EW,32NVL_EW,0.007,-0.032
2380,32Nvl_L2_EW,32NVL_EW,0.008,-0.015
2380,32Nvl_L1_EW,32NVL_EW,0.007,-0.032
2380,32Nvl_L3_NS,NONE,0.008,0.0
2380,32Nvl_L2_NS,32NVL_NS,0.008,0.008
2380,NvcNvl_L3_NS,NONE,0.007,0.0
2380,NvcNvl_L2_NS,NONE,0.007,0.0
2380,NvcNvl_L1_EW,NVCNVL_EW,0.007,0.007
2380,NvcNvl_L2_EW,NVCNVL_EW,0.008,0.008
2380,32Mt_L1_EW,NONE,0.043,0.0
2380,32Mt_L3_EW,NONE,0.053,0.0
2380,32Mt_L1_EW,32MT_EW,0.056,0.051
2380,32Mt_L1_NS,NONE,0.01,0.0
2380,NvcMt_L2_NS,NONE,0.005,0.0
2380,304Nvl_L3_EW,NONE,0.038,0.0
2380,32Nvl_L3_EW,NONE,0.006,0.0
2380,32Nvl_L1_NS,32NVL_NS,0.007,0.007
2380,NvcNvl_L1_NS,NONE,0.009,0.0
2380,NvcNvl_L3_EW,NONE,0.009,0.0
2380,32Mt_L2_EW,NONE,0.045,0.0
2380,32Mt_L2_EW,32MT_EW,0.033,0.027
2380,32Mt_L2_NS,NONE,0.009,0.0
2380,NvcMt_L1_NS,NONE,0.005,0.0
2385,304Nvl_L1_NS,NONE,0.007,0.0
2385,32Nvl_L3_NS,NONE,0.007,0.0
2385,32Nvl_L1_NS,32NVL_NS,0.007,0.007
2385,32Nvl_L1_EW,32NVL_EW,0.014,-0.01
2385,32Nvl_L2_EW,32NVL_EW,0.015,0.015
2385,NvcNvl_L3_NS,NONE,0.007,0.0
2385,NvcNvl_L2_NS,NONE,0.007,0.0
2385,NvcNvl_L1_EW,NVCNVL_EW,0.014,0.014
2385,NvcNvl_L2_EW,NVCNVL_EW,0.008,0.008
2385,32Mt_L1_EW,32MT_EW,0.035,0.025
2385,32Nvl_L2_NS,32NVL_NS,0.007,0.007
2385,32Nvl_L3_EW,NONE,0.013,0.0
2385,NvcNvl_L1_NS,NONE,0.009,0.0
2385,NvcNvl_L3_EW,NONE,0.009,0.0
2390,304Nvl_L1_NS,NONE,0.007,0.0
2390,32Nvl_L1_EW,32NVL_EW,0.014,0.009
2390,32Nvl_L2_EW,32NVL_EW,0.015,0.012
2390,NvcNvl_L3_NS,NONE,0.014,0.0
2390,NvcNvl_L2_NS,NONE,0.013,0.0
2390,NvcNvl_L1_EW,NVCNVL_EW,0.014,0.014
2390,NvcNvl_L2_EW,NVCNVL_EW,0.008,0.008
2390,32Mt_L1_NS,32MT_NS,0.038,0.038
2390,32Mt_L1_EW,NONE,0.022,0.0
2390,32Mt_L3_EW,NONE,0.018,0.0
2390,32Mt_L1_EW,32MT_EW,0.007,-0.003
2390,NvcMt_L2_NS,NONE,0.005,0.0
2390,NvcCmt8_L2_EW,NVCCMT8_EW,0.005,0.005
2390,32Nvl_L3_EW,NONE,0.013,0.0
2390,NvcNvl_L1_NS,NONE,0.017,0.0
2390,NvcNvl_L3_EW,NONE,0.009,0.0
2390,32Mt_L2_EW,NONE,0.015,0.0
2390,32Mt_L2_EW,32MT_EW,0.005,-0.005
2390,NvcMt_L1_NS,NONE,0.005,0.0
2390,NvcCmt8_L1_EW,NVCCMT8_EW,0.008,0.008
2395,32Nvl_L1_EW,32NVL_EW,0.014,0.014
2395,32Nvl_L2_EW,32NVL_EW,0.015,0.015
2395,NvcNvl_L3_NS,NONE,0.007,0.0
2395,NvcNvl_L2_NS,NONE,0.007,0.0
2395,NvcNvl_L1_EW,NVCNVL_EW,0.021,0.021
2395,NvcNvl_L2_EW,NVCNVL_EW,0.008,0.008
2395,32Mt_L1_NS,32MT_NS,0.031,0.031
2395,32Mt_L1_NS,NONE,0.01,0.0
2395,NvcMt_L2_NS,NONE,0.005,0.0
2395,NvcCmt8_L2_EW,NVCCMT8_EW,0.005,0.005
2395,32Nvl_L3_EW,NONE,0.013,0.0
2395,32Nvl_L1_NS,32NVL_NS,0.007,0.007
2395,NvcNvl_L1_NS,NONE,0.009,0.0
2395,NvcNvl_L3_EW,NONE,0.009,0.0
2395,NvcMt_L1_NS,NONE,0.005,0.0
2395,NvcCmt8_L1_EW,NVCCMT8_EW,0.008,0.008
2400,304Nvl_L1_EW,304NVL_EW,0.008,0.008
2400,304Nvl_L2_EW,304NVL_EW,0.007,0.007
2400,304Nvl_L1_NS,NONE,0.007,0.0
2400,304Nvl_L3_NS,NONE,0.008,0.0
2400,32Nvl_L3_NS,NONE,0.007,0.0
2400,32Nvl_L1_NS,32NVL_NS,0.007,0.002
2400,32Nvl_L1_EW,32NVL_EW,0.007,0.002
2400,32Nvl_L2_EW,32NVL_EW,0.008,0.004
2400,32Nvl_L1_EW,32NVL_EW,0.007,0.002
2400,NvcNvl_L1_EW,NVCNVL_EW,0.014,0.014
2400,NvcNvl_L2_EW,NVCNVL_EW,0.008,0.008
2400,NvcNvl_L1_NS,NVCNVL_NS,0.007,0.002
2400,32Mt_L1_NS,32MT_NS,0.031,0.031
2400,32Mt_L1_EW,NONE,0.007,0.0
2400,32Mt_L3_EW,NONE,0.009,0.0
2400,32Mt_L1_EW,32MT_EW,0.007,0.002
2400,NvcCmt8_L2_EW,NVCCMT8_EW,0.005,0.005
2400,304Nvl_L3_EW,NONE,0.006,0.0
2400,304Nvl_L2_NS,NONE,0.007,0.0
2400,32Nvl_L2_NS,32NVL_NS,0.007,0.007
2400,32Nvl_L3_EW,NONE,0.006,0.0
2400,NvcNvl_L3_EW,NONE,0.009,0.0
2400,32Mt_L2_EW,NONE,0.008,0.0
2400,32Mt_L2_EW,32MT_EW,0.005,0.0
2400,NvcCmt8_L1_EW,NVCCMT8_EW,0.008,0.008
2405,304Thn_L1_EW,304THN_EW,0.008,0.008
2405,304Thn_L3_EW,NONE,0.008,0.0
2405,32Nvl_L1_EW,32NVL_EW,0.007,0.007
2405,32Nvl_L2_EW,32NVL_EW,0.008,0.008
2405,32Nvl_L3_NS,NONE,0.008,0.0
2405,32Nvl_L2_NS,32NVL_NS,0.008,0.008
2405,NvcNvl_L3_NS,NONE,0.007,0.0
2405,NvcNvl_L2_NS,NONE,0.007,0.0
2405,NvcNvl_L1_EW,NVCNVL_EW,0.028,0.028
2405,NvcNvl_L2_EW,NVCNVL_EW,0.008,0.008
2405,NvcNvl_L1_NS,NVCNVL_NS,0.007,0.007
2405,NvcCmt8_L2_EW,NVCCMT8_EW,0.005,0.005
2405,32Thn_L1_EW,NONE,0.01,0.0
2405,32Thn_L2_EW,NONE,0.01,0.0
2405,32Thn_L3_EW,NONE,0.007,0.0
2405,32Nvl_L3_EW,NONE,0.006,0.0
2405,32Nvl_L1_NS,32NVL_NS,0.007,0.002
2405,NvcNvl_L1_NS,NONE,0.009,0.0
2405,NvcNvl_L3_EW,NONE,0.009,0.0
2405,NvcCmt8_L1_EW,NVCCMT8_EW,0.008,0.008
2405,304Thn_L2_EW,304THN_EW,0.007,0.007
2410,304Thn_L1_EW,304THN_EW,0.008,0.002
2410,304Thn_L3_EW,NONE,0.008,0.0
2410,304Nvl_L1_EW,304NVL_EW,0.008,0.003
2410,304Nvl_L1_NS,NONE,0.007,0.0
2410,32Nvl_L1_EW,32NVL_EW,0.007,-0.003
2410,32Nvl_L2_EW,32NVL_EW,0.008,0.004
2410,NvcNvl_L1_EW,NVCNVL_EW,0.014,0.014
2410,32Mt_L1_NS,32MT_NS,0.006,0.006
2410,32Mt_L1_EW,NONE,0.014,0.0
2410,32Mt_L3_EW,NONE,0.018,0.0
2410,32Mt_L1_EW,32MT_EW,0.007,0.002
2410,32Thn_L1_EW,32THN_EW,0.008,0.003
2410,32Nvl_L3_EW,NONE,0.006,0.0
2410,32Mt_L2_EW,NONE,0.015,0.0
2410,32Mt_L2_EW,32MT_EW,0.005,0.0
2410,304Thn_L2_EW,304THN_EW,0.007,0.007
2415,304Nvl_L1_EW,304NVL_EW,0.085,0.085
2415,304Nvl_L2_EW,304NVL_EW,0.073,0.073
2415,32Nvl_L3_NS,NONE,0.014,0.0
2415,32Nvl_L1_NS,32NVL_NS,0.014,0.014
2415,32Nvl_L1_EW,32NVL_EW,0.007,-0.022
2415,32Nvl_L2_EW,32NVL_EW,0.008,-0.015
2415,NvcNvl_L3_NS,NONE,0.007,0.0
2415,NvcNvl_L2_NS,NONE,0.007,0.0
2415,NvcNvl_L1_EW,NONE,0.011,0.0
2415,NvcNvl_L2_EW,NONE,0.008,0.0
2415,NvcNvl_L1_EW,NVCNVL_EW,0.007,0.007
2415,32Mt_L1_NS,32MT_NS,0.013,0.013
2415,32Mt_L1_EW,NONE,0.007,0.0
2415,32Mt_L3_EW,NONE,0.009,0.0
2415,32Mt_L1_EW,32MT_EW,0.042,0.037
2415,32Mt_L1_NS,NONE,0.01,0.0
2415,NvcMt_L2_NS,NONE,0.005,0.0
2415,NvcCmt8_L2_NS,NONE,0.011,0.0
2415,NvcCmt8_L1_NS,NONE,0.008,0.0
2415,304Nvl_L3_EW,NONE,0.032,0.0
2415,32Nvl_L2_NS,32NVL_NS,0.013,0.013
2415,32Nvl_L3_EW,NONE,0.006,0.0
2415,NvcNvl_L1_NS,NONE,0.009,0.0
2415,32Mt_L2_NS,32MT_NS,0.006,0.006
2415,32Mt_L2_EW,NONE,0.008,0.0
2415,32Mt_L2_EW,32MT_EW,0.033,0.027
2415,32Mt_L2_NS,NONE,0.009,0.0
2415,NvcMt_L1_NS,NONE,0.005,0.0
2420,304Nvl_L1_EW,304NVL_EW,0.059,0.059
2420,304Nvl_L2_EW,304NVL_EW,0.051,0.051
2420,32Nvl_L1_NS,32NVL_NS,0.007,0.007
2420,32Nvl_L1_EW,32NVL_EW,0.007,0.007
2420,32Nvl_L2_EW,32NVL_EW,0.008,0.008
2420,32Nvl_L3_NS,NONE,0.042,0.0
2420,32Nvl_L2_NS,32NVL_NS,0.039,0.039
2420,32Mt_L1_NS,32MT_NS,0.013,0.013
2420,32Mt_L1_NS,NONE,0.02,0.0
2420,NvcMt_L2_NS,NONE,0.005,0.0
2420,304Nvl_L3_EW,NONE,0.044,0.0
2420,32Nvl_L2_NS,32NVL_NS,0.007,0.007
2420,32Nvl_L3_EW,NONE,0.006,0.0
2420,32Nvl_L1_NS,32NVL_NS,0.034,0.034
2420,32Mt_L2_NS,32MT_NS,0.006,0.006
2420,NvcMt_L1_NS,NONE,0.005,0.0
2420,NvcMt_L1_EW,NVCMT_EW,0.006,0.006
2425,304Nvl_L1_EW,304NVL_EW,0.051,0.051
2425,304Nvl_L2_EW,304NVL_EW,0.044,0.044
2425,304Nvl_L1_NS,NONE,0.036,0.0
2425,32Nvl_L1_EW,32NVL_EW,0.007,0.007
2425,32Nvl_L2_EW,32NVL_EW,0.008,0.008
2425,32Nvl_L3_NS,NONE,0.042,0.0
2425,32Nvl_L2_NS,32NVL_NS,0.039,0.039
2425,32Mt_L1_NS,32MT_NS,0.013,0.013
2425,32Mt_L1_NS,NONE,0.049,0.0
2425,32Thn_L1_EW,NONE,0.049,0.0
2425,32Thn_L2_EW,NONE,0.051,0.0
2425,32Thn_L3_EW,NONE,0.035,0.0
2425,304Nvl_L3_EW,NONE,0.038,0.0
2425,32Nvl_L3_EW,NONE,0.006,0.0
2425,32Nvl_L1_NS,32NVL_NS,0.04,0.04
2425,32Mt_L2_NS,32MT_NS,0.006,0.006
2425,32Mt_L2_NS,NONE,0.026,0.0
2430,304Nvl_L1_EW,304NVL_EW,0.017,0.017
2430,304Nvl_L2_EW,304NVL_EW,0.015,0.015
2430,304Nvl_L1_NS,NONE,0.073,0.0
2430,32Nvl_L1_EW,32NVL_EW,0.007,-0.052
2430,32Nvl_L2_EW,32NVL_EW,0.008,-0.038
2430,32Nvl_L1_EW,32NVL_EW,0.04,-0.018
2430,32Nvl_L2_EW,32NVL_EW,0.007,-0.038
2430,32Nvl_L3_NS,NONE,0.008,0.0
2430,32Nvl_L2_NS,32NVL_NS,0.008,0.008
2430,32Mt_L1_NS,32MT_NS,0.006,0.006
2430,32Mt_L1_EW,NONE,0.007,0.0
2430,32Mt_L1_EW,32MT_EW,0.084,0.079
2430,32Mt_L1_NS,NONE,0.029,0.0
2430,32Thn_L1_EW,NONE,0.049,0.0
2430,32Thn_L2_EW,NONE,0.051,0.0
2430,304Nvl_L3_EW,NONE,0.013,0.0
2430,32Nvl_L3_EW,NONE,0.006,0.0
2430,32Nvl_L3_EW,NONE,0.006,0.0
2430,32Nvl_L1_NS,32NVL_NS,0.007,0.007
2430,32Mt_L2_NS,32MT_NS,0.006,0.006
2430,32Mt_L2_EW,32MT_EW,0.065,0.06
2430,32Mt_L2_NS,NONE,0.017,0.0
2435,304Nvl_L1_NS,NONE,0.044,0.0
2435,32Nvl_L3_NS,NONE,0.007,0.0
2435,32Nvl_L1_NS,32NVL_NS,0.007,0.007
2435,32Nvl_L1_EW,32NVL_EW,0.007,-0.094
2435,32Nvl_L2_EW,32NVL_EW,0.008,-0.046
2435,32Nvl_L1_EW,32NVL_EW,0.007,-0.095
2435,32Nvl_L2_EW,32NVL_EW,0.007,-0.046
2435,NvcNvl_L3_NS,NONE,0.034,0.0
2435,NvcNvl_L2_NS,NONE,0.033,0.0
2435,32Mt_L1_NS,32MT_NS,0.006,0.006
2435,32Mt_L1_EW,NONE,0.007,0.0
2435,32Mt_L3_EW,NONE,0.009,0.0
2435,32Mt_L1_EW,32MT_EW,0.105,0.1
2435,32Thn_L1_EW,NONE,0.01,0.0
2435,32Thn_L2_EW,NONE,0.01,0.0
2435,32Thn_L1_EW,32THN_EW,0.04,0.035
2435,32Thn_L3_EW,NONE,0.007,0.0
2435,32Nvl_L2_NS,32NVL_NS,0.007,0.007
2435,32Nvl_L3_EW,NONE,0.006,0.0
2435,32Nvl_L3_EW,NONE,0.006,0.0
2435,NvcNvl_L1_NS,NONE,0.044,0.0
2435,32Mt_L2_EW,NONE,0.008,0.0
2435,32Mt_L2_EW,32MT_EW,0.076,0.071
2440,304Nvl_L1_EW,304NVL_EW,0.008,0.008
2440,304Nvl_L1_NS,NONE,0.051,0.0
2440,32Nvl_L1_EW,32NVL_EW,0.007,-0.072
2440,32Nvl_L2_EW,32NVL_EW,0.008,-0.046
2440,32Nvl_L1_EW,32NVL_EW,0.007,-0.072
2440,32Nvl_L2_EW,32NVL_EW,0.007,-0.046
2440,NvcNvl_L3_NS,NONE,0.041,0.0
2440,NvcNvl_L2_NS,NONE,0.04,0.0
2440,NvcNvl_L1_EW,NONE,0.011,0.0
2440,NvcNvl_L2_EW,NONE,0.008,0.0
2440,32Mt_L1_NS,32MT_NS,0.006,0.006
2440,32Mt_L1_EW,NONE,0.014,0.0
2440,32Mt_L3_EW,NONE,0.018,0.0
2440,32Mt_L1_EW,32MT_EW,0.105,0.1
2440,32Thn_L1_EW,32THN_EW,0.008,0.003
2440,32Nvl_L3_EW,NONE,0.006,0.0
2440,32Nvl_L3_EW,NONE,0.006,0.0
2440,NvcNvl_L1_NS,NONE,0.052,0.0
2440,NvcNvl_L3_EW,NONE,0.006,0.0
2440,32Mt_L2_EW,NONE,0.015,0.0
2440,32Mt_L2_EW,32MT_EW,0.076,0.071
2445,304Nvl_L1_EW,304NVL_EW,0.008,0.008
2445,304Nvl_L2_EW,304NVL_EW,0.007,0.007
2445,32Nvl_L1_EW,32NVL_EW,0.007,0.002
2445,32Nvl_L2_EW,32NVL_EW,0.008,0.004
2445,32Nvl_L1_EW,32NVL_EW,0.007,0.002
2445,32Nvl_L2_EW,32NVL_EW,0.007,0.004
2445,32Nvl_L3_NS,NONE,0.008,0.0
2445,32Nvl_L2_NS,32NVL_NS,0.008,0.008
2445,NvcNvl_L3_NS,NONE,0.081,0.0
2445,NvcNvl_L2_NS,NONE,0.079,0.0
2445,32Mt_L1_NS,32MT_NS,0.006,0.006
2445,32Mt_L1_EW,32MT_EW,0.007,0.002
2445,32Mt_L1_NS,NONE,0.01,0.0
2445,NvcMt_L1_EW,NVCMT_EW,0.006,0.006
2445,304Nvl_L3_EW,NONE,0.006,0.0
2445,32Nvl_L3_EW,NONE,0.006,0.0
2445,32Nvl_L3_EW,NONE,0.006,0.0
2445,32Nvl_L1_NS,32NVL_NS,0.013,0.013
2445,NvcNvl_L1_NS,NONE,0.105,0.0
2445,32Mt_L2_EW,32MT_EW,0.005,0.0
2445,NvcMt_L2_EW,NVCMT_EW,0.008,0.008
2450,304Nvl_L1_EW,304NVL_EW,0.042,0.042
2450,304Nvl_L2_EW,304NVL_EW,0.036,0.036
2450,32Nvl_L1_EW,32NVL_EW,0.021,0.011
2450,32Nvl_L2_EW,32NVL_EW,0.023,0.016
2450,32Nvl_L1_EW,32NVL_EW,0.007,-0.003
2450,32Nvl_L2_EW,32NVL_EW,0.007,0.0
2450,32Nvl_L3_NS,NONE,0.025,0.0
2450,32Nvl_L2_NS,32NVL_NS,0.024,0.024
2450,NvcNvl_L3_NS,NONE,0.041,0.0
2450,NvcNvl_L2_NS,NONE,0.04,0.0
2450,NvcNvl_L1_EW,NONE,0.011,0.0
2450,NvcNvl_L2_EW,NONE,0.008,0.0
2450,32Mt_L1_NS,32MT_NS,0.075,0.075
2450,32Mt_L1_EW,32MT_EW,0.014,-0.001
2450,32Thn_L1_EW,NONE,0.01,0.0
2450,32Thn_L2_EW,NONE,0.01,0.0
2450,32Thn_L3_EW,NONE,0.007,0.0
2450,304Nvl_L3_EW,NONE,0.032,0.0
2450,32Nvl_L3_EW,NONE,0.006,0.0
2450,32Nvl_L3_EW,NONE,0.019,0.0
2450,32Nvl_L1_NS,32NVL_NS,0.027,0.027
2450,NvcNvl_L1_NS,NONE,0.052,0.0
2450,32Mt_L2_EW,32MT_EW,0.011,-0.005
2455,304Nvl_L1_EW,304NVL_EW,0.051,0.051
2455,304Nvl_L2_EW,304NVL_EW,0.044,0.044
2455,304Nvl_L1_NS,NONE,0.007,0.0
2455,32Nvl_L1_NS,32NVL_NS,0.007,0.007
2455,32Nvl_L1_EW,32NVL_EW,0.014,0.009
2455,32Nvl_L2_EW,32NVL_EW,0.015,0.015
2455,32Nvl_L1_EW,32NVL_EW,0.007,0.001
2455,32Nvl_L2_EW,32NVL_EW,0.007,0.007
2455,32Nvl_L3_NS,NONE,0.008,0.0
2455,32Nvl_L2_NS,32NVL_NS,0.008,0.008
2455,NvcNvl_L3_NS,NONE,0.007,0.0
2455,NvcNvl_L2_NS,NONE,0.007,0.0
2455,32Mt_L1_NS,32MT_NS,0.075,0.075
2455,NvcMt_L2_NS,NONE,0.005,0.0
2455,32Thn_L1_EW,32THN_EW,0.008,-0.002
2455,304Nvl_L3_EW,NONE,0.038,0.0
2455,32Nvl_L3_EW,NONE,0.006,0.0
2455,32Nvl_L3_EW,NONE,0.013,0.0
2455,32Nvl_L1_NS,32NVL_NS,0.007,0.007
2455,NvcNvl_L1_NS,NONE,0.009,0.0
2455,NvcMt_L1_NS,NONE,0.005,0.0
2460,304Nvl_L1_EW,304NVL_EW,0.017,0.017
2460,304Nvl_L2_EW,304NVL_EW,0.015,0.015
2460,32Nvl_L3_NS,NONE,0.034,0.0
2460,32Nvl_L1_NS,32NVL_NS,0.048,0.048
2460,NvcNvl_L3_NS,NONE,0.007,0.0
2460,NvcNvl_L2_NS,NONE,0.007,0.0
2460,32Mt_L1_NS,32MT_NS,0.075,0.075
2460,32Mt_L1_EW,32MT_EW,0.007,0.007
2460,304Nvl_L3_EW,NONE,0.013,0.0
2460,32Nvl_L2_NS,32NVL_NS,0.033,0.033
2460,32Nvl_L1_NS,32NVL_NS,0.007,0.007
2460,NvcNvl_L1_NS,NONE,0.009,0.0
2460,32Mt_L2_EW,32MT_EW,0.005,0.005
2465,304Nvl_L1_NS,NONE,0.044,0.0
2465,32Nvl_L3_NS,NONE,0.041,0.0
2465,32Nvl_L1_NS,32NVL_NS,0.083,0.078
2465,32Nvl_L1_EW,32NVL_EW,0.007,0.007
2465,32Nvl_L2_EW,32NVL_EW,0.008,0.008
2465,NvcNvl_L3_NS,NONE,0.007,0.0
2465,NvcNvl_L2_NS,NONE,0.007,0.0
2465,NvcNvl_L1_EW,NVCNVL_EW,0.007,0.007
2465,NvcNvl_L2_EW,NVCNVL_EW,0.008,0.008
2465,NvcNvl_L1_NS,NVCNVL_NS,0.007,-0.052
2465,32Mt_L1_NS,32MT_NS,0.075,0.075
2465,32Mt_L1_EW,NONE,0.036,0.0
2465,32Mt_L3_EW,NONE,0.044,0.0
2465,32Nvl_L2_NS,32NVL_NS,0.073,0.073
2465,32Nvl_L3_EW,NONE,0.006,0.0
2465,32Nvl_L1_NS,32NVL_NS,0.013,0.009
2465,NvcNvl_L1_NS,NONE,0.009,0.0
2465,NvcNvl_L3_EW,NONE,0.009,0.0
2465,32Mt_L2_EW,NONE,0.038,0.0
2470,304Nvl_L1_NS,NONE,0.015,0.0
2470,32Nvl_L3_NS,NONE,0.048,0.0
2470,32Nvl_L1_NS,32NVL_NS,0.09,0.081
2470,32Nvl_L1_EW,32NVL_EW,0.014,0.014
2470,32Nvl_L2_EW,32NVL_EW,0.015,0.015
2470,32Nvl_L3_NS,NONE,0.008,0.0
2470,32Nvl_L2_NS,32NVL_NS,0.008,0.008
2470,NvcNvl_L1_EW,NONE,0.011,0.0
2470,NvcNvl_L2_EW,NONE,0.008,0.0
2470,NvcNvl_L1_EW,NVCNVL_EW,0.007,0.007
2470,NvcNvl_L2_EW,NVCNVL_EW,0.008,0.008
2470,NvcNvl_L1_NS,NVCNVL_NS,0.013,-0.05
2470,32Mt_L1_EW,NONE,0.007,0.0
2470,NvcMt_L2_NS,NONE,0.026,0.0
2470,NvcCmt8_L1_NS,NONE,0.008,0.0
2470,32Nvl_L2_NS,32NVL_NS,0.087,0.087
2470,32Nvl_L3_EW,NONE,0.013,0.0
2470,32Nvl_L1_NS,32NVL_NS,0.02,0.011
2470,NvcNvl_L3_EW,NONE,0.006,0.0
2470,NvcNvl_L3_EW,NONE,0.009,0.0
2470,NvcMt_L1_NS,NONE,0.027,0.0
2475,32Nvl_L3_NS,NONE,0.007,0.0
2475,32Nvl_L1_NS,32NVL_NS,0.014,0.009
2475,32Nvl_L1_EW,32NVL_EW,0.007,0.007
2475,32Nvl_L2_EW,32NVL_EW,0.008,0.008
2475,NvcNvl_L3_NS,NONE,0.007,0.0
2475,NvcNvl_L2_NS,NONE,0.007,0.0
2475,NvcNvl_L1_EW,NVCNVL_EW,0.007,0.007
2475,NvcNvl_L2_EW,NVCNVL_EW,0.008,0.008
2475,NvcNvl_L1_NS,NVCNVL_NS,0.007,-0.003
2475,32Mt_L1_NS,32MT_NS,0.031,0.031
2475,NvcCmt8_L2_NS,NONE,0.022,0.0
2475,NvcCmt8_L1_NS,NONE,0.015,0.0
2475,32Nvl_L2_NS,32NVL_NS,0.013,0.013
2475,32Nvl_L3_EW,NONE,0.006,0.0
2475,32Nvl_L1_NS,32NVL_NS,0.007,0.002
2475,NvcNvl_L1_NS,NONE,0.009,0.0
2475,NvcNvl_L3_EW,NONE,0.009,0.0
2480,32Nvl_L3_NS,NONE,0.007,0.0
2480,32Nvl_L1_NS,32NVL_NS,0.014,0.014
2480,32Nvl_L1_EW,32NVL_EW,0.007,0.007
2480,32Nvl_L2_EW,32NVL_EW,0.008,0.008
2480,NvcNvl_L3_NS,NONE,0.007,0.0
2480,NvcNvl_L2_NS,NONE,0.007,0.0
2480,NvcNvl_L1_EW,NVCNVL_EW,0.014,0.014
2480,NvcNvl_L2_EW,NVCNVL_EW,0.008,0.008
2480,NvcCmt8_L2_NS,NONE,0.011,0.0
2480,NvcCmt8_L1_NS,NONE,0.008,0.0
2480,32Nvl_L2_NS,32NVL_NS,0.007,0.007
2480,32Nvl_L3_EW,NONE,0.006,0.0
2480,32Nvl_L1_NS,32NVL_NS,0.007,0.007
2480,NvcNvl_L1_NS,NONE,0.009,0.0
2480,NvcNvl_L3_EW,NONE,0.009,0.0
2485,304Nvl_L1_EW,304NVL_EW,0.051,0.051
2485,304Nvl_L2_EW,304NVL_EW,0.044,0.044
2485,304Nvl_L1_EW,NONE,0.008,0.0
2485,304Nvl_L1_NS,NONE,0.015,0.0
2485,304Nvl_L3_NS,NONE,0.016,0.0
2485,304Nvl_L2_EW,NONE,0.009,0.0
2485,32Nvl_L3_NS,NONE,0.034,0.0
2485,32Nvl_L1_NS,32NVL_NS,0.042,0.042
2485,32Nvl_L1_EW,32NVL_EW,0.007,0.007
2485,32Nvl_L2_EW,32NVL_EW,0.008,0.008
2485,NvcNvl_L1_EW,NVCNVL_EW,0.028,0.019
2485,NvcNvl_L2_EW,NVCNVL_EW,0.016,0.016
2485,32Mt_L1_EW,NONE,0.043,0.0
2485,32Mt_L3_EW,NONE,0.053,0.0
2485,NvcMt_L1_EW,NVCMT_EW,0.013,-0.007
2485,NvcCmt8_L2_NS,NONE,0.012,0.0
2485,304Nvl_L3_EW,NONE,0.038,0.0
2485,304Nvl_L2_NS,NONE,0.015,0.0
2485,32Nvl_L2_NS,32NVL_NS,0.04,0.04
2485,32Nvl_L3_EW,NONE,0.006,0.0
2485,NvcNvl_L3_EW,NONE,0.019,0.0
2485,32Mt_L2_EW,NONE,0.045,0.0
2485,NvcMt_L2_EW,NVCMT_EW,0.016,0.005
2485,NvcCmt8_L1_NS,NONE,0.011,0.0
2490,304Nvl_L1_EW,304NVL_EW,0.025,0.025
2490,304Nvl_L2_EW,304NVL_EW,0.015,0.015
2490,32Nvl_L3_NS,NONE,0.034,0.0
2490,32Nvl_L1_NS,32NVL_NS,0.035,0.03
2490,32Nvl_L1_EW,32NVL_EW,0.014,0.009
2490,32Nvl_L2_EW,32NVL_EW,0.015,0.012
2490,NvcNvl_L1_EW,NONE,0.011,0.0
2490,NvcNvl_L2_EW,NONE,0.008,0.0
2490,NvcNvl_L1_EW,NVCNVL_EW,0.035,0.031
2490,NvcNvl_L2_EW,NVCNVL_EW,0.023,0.023
2490,NvcNvl_L1_NS,NVCNVL_NS,0.007,-0.018
2490,32Mt_L1_EW,32MT_EW,0.007,-0.003
2490,32Mt_L1_NS,NONE,0.01,0.0
2490,NvcMt_L1_EW,NVCMT_EW,0.006,-0.018
2490,NvcCmt8_L2_NS,NONE,0.012,0.0
2490,304Nvl_L3_EW,NONE,0.013,0.0
2490,32Nvl_L2_NS,32NVL_NS,0.033,0.033
2490,32Nvl_L3_EW,NONE,0.013,0.0
2490,NvcNvl_L3_EW,NONE,0.006,0.0
2490,NvcNvl_L3_EW,NONE,0.028,0.0
2490,32Mt_L2_EW,32MT_EW,0.005,-0.005
2490,32Mt_L2_NS,NONE,0.009,0.0
2490,NvcMt_L2_EW,NVCMT_EW,0.008,-0.008
2490,NvcCmt8_L1_NS,NONE,0.011,0.0
2495,304Nvl_L1_EW,304NVL_EW,0.025,0.025
2495,304Nvl_L2_EW,304NVL_EW,0.007,0.007
2495,304Nvl_L1_NS,NONE,0.051,0.0
2495,304Nvl_L3_NS,NONE,0.008,0.0
2495,32Nvl_L3_NS,NONE,0.007,0.0
2495,32Nvl_L1_NS,32NVL_NS,0.014,0.014
2495,32Nvl_L1_EW,32NVL_EW,0.007,0.002
2495,32Nvl_L2_EW,32NVL_EW,0.008,0.004
2495,NvcNvl_L3_NS,NONE,0.014,0.0
2495,NvcNvl_L2_NS,NONE,0.013,0.0
2495,NvcNvl_L1_EW,NVCNVL_EW,0.028,0.024
2495,NvcNvl_L2_EW,NVCNVL_EW,0.023,0.023
2495,32Mt_L1_EW,32MT_EW,0.007,0.002
2495,32Mt_L1_NS,NONE,0.059,0.0
2495,NvcMt_L1_EW,NVCMT_EW,0.006,-0.013
2495,32Thn_L1_EW,NONE,0.049,0.0
2495,32Thn_L2_EW,NONE,0.051,0.0
2495,32Thn_L3_EW,NONE,0.035,0.0
2495,304Nvl_L3_EW,NONE,0.006,0.0
2495,304Nvl_L2_NS,NONE,0.007,0.0
2495,32Nvl_L2_NS,32NVL_NS,0.013,0.013
2495,32Nvl_L3_EW,NONE,0.006,0.0
2495,32Nvl_L1_NS,32NVL_NS,0.034,0.034
2495,NvcNvl_L1_NS,NONE,0.017,0.0
2495,NvcNvl_L3_EW,NONE,0.028,0.0
2495,32Mt_L2_EW,32MT_EW,0.005,0.0
2495,NvcMt_L2_EW,NVCMT_EW,0.008,-0.008
2500,304Nvl_L1_EW,304NVL_EW,0.008,0.008
2500,304Nvl_L2_EW,304NVL_EW,0.007,0.007
2500,304Nvl_L1_NS,NONE,0.007,0.0
2500,32Nvl_L1_NS,32NVL_NS,0.007,0.007
2500,32Nvl_L1_EW,32NVL_EW,0.014,-0.024
2500,32Nvl_L2_EW,32NVL_EW,0.015,0.012
2500,NvcNvl_L1_EW,NVCNVL_EW,0.07,0.066
2500,NvcNvl_L2_EW,NVCNVL_EW,0.07,0.07
2500,32Mt_L1_EW,NONE,0.007,0.0
2500,32Mt_L3_EW,NONE,0.009,0.0
2500,32Mt_L1_EW,32MT_EW,0.014,0.004
2500,NvcMt_L1_EW,NVCMT_EW,0.006,-0.043
2500,32Thn_L1_EW,32THN_EW,0.04,0.03
2500,304Nvl_L3_EW,NONE,0.006,0.0
2500,32Nvl_L2_NS,32NVL_NS,0.007,0.007
2500,32Nvl_L3_EW,NONE,0.013,0.0
2500,NvcNvl_L3_EW,NONE,0.084,0.0
2500,32Mt_L2_EW,NONE,0.008,0.0
2500,32Mt_L2_EW,32MT_EW,0.005,-0.005
2500,NvcMt_L2_EW,NVCMT_EW,0.008,-0.041
2505,304Nvl_L1_EW,NONE,0.008,0.0
2505,304Nvl_L1_NS,NONE,0.007,0.0
2505,304Nvl_L3_NS,NONE,0.008,0.0
2505,32Nvl_L1_EW,32NVL_EW,0.007,-0.003
2505,32Nvl_L2_EW,32NVL_EW,0.008,0.0
2505,NvcNvl_L1_EW,NVCNVL_EW,0.07,0.07
2505,NvcNvl_L2_EW,NVCNVL_EW,0.07,0.068
2505,32Mt_L1_EW,32MT_EW,0.014,0.009
2505,NvcMt_L2_NS,NONE,0.005,0.0
2505,NvcMt_L2_EW,NVCMT_EW,0.003,-0.047
2505,304Nvl_L2_NS,NONE,0.007,0.0
2505,32Nvl_L3_EW,NONE,0.006,0.0
2505,NvcNvl_L3_EW,NONE,0.084,0.0
2505,32Mt_L2_EW,32MT_EW,0.011,0.005
2505,NvcMt_L1_NS,NONE,0.005,0.0
2505,NvcMt_L1_EW,NVCMT_EW,0.006,-0.044
2510,304Nvl_L1_NS,304NVL_NS,0.009,0.009
2510,304Nvl_L1_EW,304NVL_EW,0.017,0.017
2510,304Nvl_L2_EW,304NVL_EW,0.007,0.007
2510,32Nvl_L1_EW,32NVL_EW,0.007,-0.008
2510,32Nvl_L2_EW,32NVL_EW,0.008,0.0
2510,NvcNvl_L1_EW,NVCNVL_EW,0.063,0.063
2510,NvcNvl_L2_EW,NVCNVL_EW,0.062,0.061
2510,32Mt_L1_EW,32MT_EW,0.021,0.016
2510,NvcMt_L2_NS,NONE,0.005,0.0
2510,NvcMt_L2_EW,NVCMT_EW,0.003,-0.041
2510,NvcMt_L1_NS,NVCMT_NS,0.007,0.007
2510,304Nvl_L3_EW,NONE,0.006,0.0
2510,32Nvl_L3_EW,NONE,0.006,0.0
2510,NvcNvl_L3_EW,NONE,0.074,0.0
2510,32Mt_L2_EW,32MT_EW,0.011,0.005
2510,NvcMt_L1_NS,NONE,0.005,0.0
2510,NvcMt_L1_EW,NVCMT_EW,0.006,-0.039
2510,NvcMt_L2_NS,NVCMT_NS,0.005,0.005
2515,304Nvl_L1_NS,304NVL_NS,0.009,0.009
2515,304Nvl_L1_EW,304NVL_EW,0.008,0.008
2515,32Nvl_L1_EW,32NVL_EW,0.007,-0.003
2515,32Nvl_L2_EW,32NVL_EW,0.008,0.0
2515,32Nvl_L2_NS,32NVL_NS,0.095,0.095
2515,NvcNvl_L3_NS,NONE,0.048,0.0
2515,NvcNvl_L2_NS,NONE,0.046,0.0
2515,NvcNvl_L1_EW,NVCNVL_EW,0.056,0.056
2515,NvcNvl_L2_EW,NVCNVL_EW,0.062,0.061
2515,32Mt_L1_EW,32MT_EW,0.014,0.009
2515,NvcMt_L2_EW,NVCMT_EW,0.003,-0.041
2515,32Nvl_L3_EW,NONE,0.006,0.0
2515,32Nvl_L1_NS,32NVL_NS,0.081,0.074
2515,NvcNvl_L1_NS,NONE,0.061,0.0
2515,NvcNvl_L3_EW,NONE,0.074,0.0
2515,32Mt_L2_EW,32MT_EW,0.011,0.005
2515,NvcMt_L1_EW,NVCMT_EW,0.006,-0.034
2520,304Nvl_L1_EW,304NVL_EW,0.008,0.008
2520,32Nvl_L3_NS,NONE,0.007,0.0
2520,32Nvl_L1_NS,32NVL_NS,0.042,0.042
2520,32Nvl_L1_EW,32NVL_EW,0.007,-0.003
2520,32Nvl_L2_EW,32NVL_EW,0.008,0.0
2520,32Nvl_L3_NS,NONE,0.117,0.0
2520,32Nvl_L2_NS,32NVL_NS,0.111,0.111
2520,NvcNvl_L3_NS,NONE,0.027,0.0
2520,NvcNvl_L2_NS,NONE,0.026,0.0
2520,NvcNvl_L1_EW,NVCNVL_EW,0.056,0.056
2520,NvcNvl_L2_EW,NVCNVL_EW,0.062,0.062
2520,32Mt_L1_EW,NONE,0.05,0.0
2520,32Mt_L3_EW,NONE,0.062,0.0
2520,32Mt_L1_EW,32MT_EW,0.014,0.009
2520,32Nvl_L2_NS,32NVL_NS,0.04,0.04
2520,32Nvl_L3_EW,NONE,0.006,0.0
2520,32Nvl_L1_NS,32NVL_NS,0.094,0.094
2520,NvcNvl_L1_NS,NONE,0.035,0.0
2520,NvcNvl_L3_EW,NONE,0.074,0.0
2520,32Mt_L2_EW,NONE,0.053,0.0
2520,32Mt_L2_EW,32MT_EW,0.011,0.005
2525,32Nvl_L1_NS,32NVL_NS,0.007,0.007
2525,32Nvl_L1_EW,32NVL_EW,0.007,-0.003
2525,32Nvl_L2_EW,32NVL_EW,0.008,-0.002
2525,32Nvl_L3_NS,NONE,0.008,0.0
2525,32Nvl_L2_NS,32NVL_NS,0.008,0.008
2525,NvcNvl_L3_NS,NONE,0.007,0.0
2525,NvcNvl_L2_NS,NONE,0.007,0.0
2525,32Mt_L1_EW,NONE,0.065,0.0
2525,32Mt_L3_EW,NONE,0.08,0.0
2525,32Mt_L1_EW,32MT_EW,0.007,0.002
2525,32Thn_L1_EW,32THN_EW,0.008,0.003
2525,32Thn_L2_EW,32THN_EW,0.008,0.003
2525,32Thn_L3_EW,NONE,0.008,0.0
2525,32Nvl_L2_NS,32NVL_NS,0.007,0.007
2525,32Nvl_L3_EW,NONE,0.006,0.0
2525,32Nvl_L1_NS,32NVL_NS,0.007,0.007
2525,NvcNvl_L1_NS,NONE,0.009,0.0
2525,32Mt_L2_EW,NONE,0.068,0.0
2525,32Mt_L2_EW,32MT_EW,0.005,0.0
2530,32Nvl_L1_NS,32NVL_NS,0.007,0.007
2530,32Nvl_L1_EW,32NVL_EW,0.007,-0.003
2530,32Nvl_L2_EW,32NVL_EW,0.008,0.004
2530,NvcNvl_L3_NS,NONE,0.034,0.0
2530,NvcNvl_L2_NS,NONE,0.033,0.0
2530,NvcNvl_L1_EW,NONE,0.021,0.0
2530,NvcNvl_L2_EW,NONE,0.015,0.0
2530,NvcNvl_L1_EW,NVCNVL_EW,0.014,0.014
2530,NvcNvl_L2_EW,NVCNVL_EW,0.008,0.008
2530,32Mt_L1_EW,NONE,0.029,0.0
2530,32Mt_L3_EW,NONE,0.035,0.0
2530,32Mt_L1_EW,32MT_EW,0.014,0.009
2530,32Mt_L1_NS,NONE,0.01,0.0
2530,32Thn_L1_EW,NONE,0.01,0.0
2530,32Nvl_L3_EW,NONE,0.006,0.0
2530,32Nvl_L1_NS,32NVL_NS,0.007,0.007
2530,NvcNvl_L1_NS,NONE,0.044,0.0
2530,NvcNvl_L3_EW,NONE,0.009,0.0
2530,32Mt_L2_EW,NONE,0.03,0.0
2530,32Mt_L2_EW,32MT_EW,0.005,0.0
2535,32Nvl_L1_EW,32NVL_EW,0.007,-0.027
2535,32Nvl_L2_EW,32NVL_EW,0.008,0.004
2535,NvcNvl_L1_EW,NONE,0.021,0.0
2535,NvcNvl_L2_EW,NONE,0.015,0.0
2535,32Mt_L1_NS,32MT_NS,0.006,0.006
2535,32Mt_L1_EW,NONE,0.007,0.0
2535,32Mt_L3_EW,NONE,0.009,0.0
2535,32Mt_L1_EW,32MT_EW,0.049,0.044
2535,32Mt_L1_NS,NONE,0.049,0.0
2535,32Nvl_L3_EW,NONE,0.006,0.0
2535,32Nvl_L1_NS,32NVL_NS,0.007,0.007
2535,32Mt_L2_EW,NONE,0.008,0.0
2535,32Mt_L2_EW,32MT_EW,0.005,0.0
2540,304Nvl_L1_EW,304NVL_EW,0.008,0.008
2540,304Nvl_L2_EW,304NVL_EW,0.007,0.007
2540,32Nvl_L1_EW,32NVL_EW,0.014,-0.035
2540,32Nvl_L2_EW,32NVL_EW,0.015,0.004
2540,32Nvl_L3_NS,NONE,0.008,0.0
2540,32Nvl_L2_NS,32NVL_NS,0.008,0.008
2540,NvcNvl_L3_NS,NONE,0.007,0.0
2540,NvcNvl_L2_NS,NONE,0.007,0.0
2540,NvcNvl_L1_EW,NONE,0.139,0.0
2540,NvcNvl_L2_EW,NONE,0.099,0.0
2540,32Mt_L1_NS,32MT_NS,0.006,0.006
2540,32Mt_L1_EW,NONE,0.014,0.0
2540,32Mt_L3_EW,NONE,0.009,0.0
2540,32Mt_L1_EW,32MT_EW,0.07,0.06
2540,32Mt_L1_NS,NONE,0.049,0.0
2540,NvcMt_L2_NS,NONE,0.005,0.0
2540,NvcMt_L1_EW,NVCMT_EW,0.006,0.006
2540,304Nvl_L3_EW,NONE,0.006,0.0
2540,32Nvl_L3_EW,NONE,0.013,0.0
2540,32Nvl_L1_NS,32NVL_NS,0.007,0.007
2540,NvcNvl_L1_NS,NONE,0.009,0.0
2540,NvcNvl_L3_EW,NONE,0.076,0.0
2540,32Mt_L2_EW,NONE,0.008,0.0
2540,32Mt_L2_EW,32MT_EW,0.016,0.006
2540,NvcMt_L1_NS,NONE,0.005,0.0
2540,NvcMt_L2_EW,NVCMT_EW,0.008,0.008
2545,304Nvl_L1_EW,304NVL_EW,0.059,0.059
2545,304Nvl_L2_EW,304NVL_EW,0.051,0.051
2545,32Nvl_L1_EW,32NVL_EW,0.007,-0.008
2545,32Nvl_L2_EW,32NVL_EW,0.008,0.0
2545,32Nvl_L3_NS,NONE,0.008,0.0
2545,32Nvl_L2_NS,32NVL_NS,0.008,0.008
2545,NvcNvl_L1_EW,NONE,0.128,0.0
2545,NvcNvl_L2_EW,NONE,0.092,0.0
2545,NvcNvl_L1_EW,NVCNVL_EW,0.007,0.007
2545,NvcNvl_L2_EW,NVCNVL_EW,0.008,0.008
2545,32Mt_L1_NS,32MT_NS,0.006,0.006
2545,32Mt_L1_EW,32MT_EW,0.021,0.016
2545,32Mt_L1_NS,NONE,0.02,0.0
2545,304Nvl_L3_EW,NONE,0.044,0.0
2545,32Nvl_L3_EW,NONE,0.006,0.0
2545,32Nvl_L1_NS,32NVL_NS,0.007,0.007
2545,NvcNvl_L3_EW,NONE,0.076,0.0
2545,NvcNvl_L3_EW,NONE,0.009,0.0
2545,32Mt_L2_EW,32MT_EW,0.011,0.005
2545,32Mt_L2_NS,NONE,0.009,0.0
2545,NvcMt_L1_EW,NVCMT_EW,0.006,0.001
2550,304Nvl_L1_EW,304NVL_EW,0.025,0.025
2550,304Nvl_L2_EW,304NVL_EW,0.022,0.022
2550,304Nvl_L1_NS,NONE,0.007,0.0
2550,32Nvl_L1_EW,32NVL_EW,0.007,0.002
2550,32Nvl_L2_EW,32NVL_EW,0.008,0.004
2550,32Nvl_L1_EW,32NVL_EW,0.007,0.002
2550,32Mt_L1_NS,32MT_NS,0.006,0.006
2550,32Mt_L1_EW,32MT_EW,0.007,0.002
2550,32Mt_L1_NS,NONE,0.01,0.0
2550,NvcMt_L2_NS,NONE,0.005,0.0
2550,304Nvl_L3_EW,NONE,0.019,0.0
2550,32Nvl_L3_EW,NONE,0.006,0.0
2550,32Mt_L2_EW,32MT_EW,0.005,0.0
2550,32Mt_L2_NS,NONE,0.009,0.0
2550,NvcMt_L1_NS,NONE,0.005,0.0
2555,304Nvl_L1_EW,304NVL_EW,0.102,0.102
2555,304Nvl_L2_EW,304NVL_EW,0.087,0.087
2555,304Nvl_L1_NS,NONE,0.007,0.0
2555,32Nvl_L1_EW,32NVL_EW,0.007,0.002
2555,32Nvl_L2_EW,32NVL_EW,0.008,0.004
2555,32Nvl_L1_EW,32NVL_EW,0.007,0.002
2555,32Mt_L1_EW,32MT_EW,0.007,0.002
2555,NvcMt_L1_EW,NVCMT_EW,0.038,0.038
2555,304Nvl_L3_EW,NONE,0.076,0.0
2555,304Nvl_L2_NS,NONE,0.007,0.0
2555,32Nvl_L3_EW,NONE,0.006,0.0
2555,32Mt_L2_EW,32MT_EW,0.005,0.0
2555,NvcMt_L2_EW,NVCMT_EW,0.048,0.048
2560,304Thn_L1_EW,NONE,0.007,0.0
2560,304Thn_L2_EW,NONE,0.008,0.0
2560,304Nvl_L1_EW,304NVL_EW,0.195,0.195
2560,304Nvl_L2_EW,304NVL_EW,0.131,0.131
2560,304Nvl_L1_NS,NONE,0.015,0.0
2560,304Nvl_L3_NS,NONE,0.008,0.0
2560,32Nvl_L1_EW,32NVL_EW,0.007,0.007
2560,32Nvl_L2_EW,32NVL_EW,0.008,0.008
2560,32Mt_L1_EW,NONE,0.007,0.0
2560,32Mt_L1_NS,NONE,0.02,0.0
2560,304Nvl_L3_EW,NONE,0.114,0.0
2560,304Nvl_L2_NS,NONE,0.007,0.0
2560,32Nvl_L3_EW,NONE,0.006,0.0
2560,32Mt_L2_NS,NONE,0.009,0.0
2560,304Thn_L3_EW,NONE,0.008,0.0
2565,304Thn_L1_EW,304THN_EW,0.008,-0.027
2565,304Nvl_L1_EW,304NVL_EW,0.051,0.045
2565,304Nvl_L2_EW,304NVL_EW,0.007,0.007
2565,304Nvl_L1_NS,NONE,0.015,0.0
2565,32Nvl_L1_EW,32NVL_EW,0.007,-0.017
2565,32Nvl_L2_EW,32NVL_EW,0.008,-0.011
2565,32Nvl_L3_NS,NONE,0.008,0.0
2565,32Nvl_L2_NS,32NVL_NS,0.008,0.008
2565,32Mt_L1_NS,32MT_NS,0.006,0.006
2565,32Mt_L1_EW,32MT_EW,0.035,0.03
2565,32Mt_L1_NS,NONE,0.02,0.0
2565,NvcMt_L2_NS,NONE,0.005,0.0
2565,304Nvl_L3_EW,NONE,0.006,0.0
2565,32Nvl_L3_EW,NONE,0.006,0.0
2565,32Nvl_L1_NS,32NVL_NS,0.007,0.007
2565,32Mt_L2_NS,32MT_NS,0.006,0.006
2565,32Mt_L2_EW,32MT_EW,0.027,0.022
2565,32Mt_L2_NS,NONE,0.009,0.0
2565,NvcMt_L1_NS,NONE,0.005,0.0
2570,304Nvl_L1_EW,304NVL_EW,0.008,0.008
2570,304Nvl_L1_NS,NONE,0.088,0.0
2570,32Nvl_L1_EW,32NVL_EW,0.007,0.007
2570,32Nvl_L2_EW,32NVL_EW,0.008,0.008
2570,NvcNvl_L3_NS,NONE,0.007,0.0
2570,NvcNvl_L2_NS,NONE,0.007,0.0
2570,32Mt_L1_NS,32MT_NS,0.013,0.013
2570,NvcMt_L2_NS,NONE,0.005,0.0
2570,32Nvl_L3_EW,NONE,0.006,0.0
2570,NvcNvl_L1_NS,NONE,0.009,0.0
2570,32Mt_L2_NS,32MT_NS,0.006,0.006
2570,NvcMt_L1_NS,NONE,0.005,0.0
2575,304Nvl_L1_EW,304NVL_EW,0.093,0.093
2575,304Nvl_L2_EW,304NVL_EW,0.036,0.036
2575,32Nvl_L3_NS,NONE,0.007,0.0
2575,32Nvl_L1_NS,32NVL_NS,0.007,0.007
2575,32Nvl_L1_EW,32NVL_EW,0.007,0.007
2575,32Nvl_L2_EW,32NVL_EW,0.008,0.008
2575,32Mt_L1_NS,32MT_NS,0.013,0.013
2575,32Mt_L1_EW,NONE,0.036,0.0
2575,32Mt_L1_NS,NONE,0.049,0.0
2575,NvcMt_L2_NS,NONE,0.005,0.0
2575,304Nvl_L3_EW,NONE,0.032,0.0
2575,32Nvl_L2_NS,32NVL_NS,0.007,0.007
2575,32Nvl_L3_EW,NONE,0.006,0.0
2575,32Mt_L2_NS,32MT_NS,0.006,0.006
2575,32Mt_L2_NS,NONE,0.043,0.0
2575,NvcMt_L1_NS,NONE,0.005,0.0
2580,304Nvl_L1_EW,304NVL_EW,0.025,0.025
2580,304Nvl_L2_EW,304NVL_EW,0.022,0.022
2580,32Nvl_L3_NS,NONE,0.007,0.0
2580,32Nvl_L1_NS,32NVL_NS,0.014,0.014
2580,32Nvl_L1_EW,32NVL_EW,0.007,0.007
2580,32Nvl_L2_EW,32NVL_EW,0.008,0.008
2580,32Nvl_L1_EW,32NVL_EW,0.007,0.007
2580,NvcNvl_L1_EW,NONE,0.011,0.0
2580,NvcNvl_L2_EW,NONE,0.008,0.0
2580,32Mt_L1_NS,32MT_NS,0.006,0.006
2580,32Mt_L1_EW,NONE,0.007,0.0
2580,32Mt_L3_EW,NONE,0.009,0.0
2580,32Mt_L1_NS,NONE,0.078,0.0
2580,304Nvl_L3_EW,NONE,0.019,0.0
2580,32Nvl_L2_NS,32NVL_NS,0.013,0.013
2580,32Nvl_L3_EW,NONE,0.006,0.0
2580,32Mt_L2_EW,NONE,0.008,0.0
2580,32Mt_L2_NS,NONE,0.069,0.0
2585,304Nvl_L1_NS,304NVL_NS,0.009,0.004
2585,304Nvl_L3_NS,NONE,0.007,0.0
2585,304Nvl_L1_EW,304NVL_EW,0.042,0.042
2585,304Nvl_L2_EW,304NVL_EW,0.036,0.036
2585,304Nvl_L1_NS,NONE,0.036,0.0
2585,32Nvl_L1_NS,32NVL_NS,0.007,0.001
2585,32Nvl_L1_EW,32NVL_EW,0.007,0.007
2585,32Nvl_L2_EW,32NVL_EW,0.008,0.008
2585,32Mt_L1_NS,NONE,0.01,0.0
2585,NvcMt_L1_EW,NVCMT_EW,0.006,0.006
2585,304Nvl_L2_NS,304NVL_NS,0.008,0.008
2585,304Nvl_L3_EW,NONE,0.032,0.0
2585,32Nvl_L3_EW,NONE,0.006,0.0
2585,32Mt_L2_NS,NONE,0.009,0.0
2585,NvcMt_L2_EW,NVCMT_EW,0.008,0.008
2590,304Nvl_L1_EW,304NVL_EW,0.042,0.042
2590,304Nvl_L2_EW,304NVL_EW,0.036,0.036
2590,32Nvl_L3_NS,NONE,0.014,0.0
2590,32Nvl_L1_NS,32NVL_NS,0.014,0.014
2590,32Nvl_L1_EW,32NVL_EW,0.014,0.014
2590,32Nvl_L2_EW,32NVL_EW,0.015,0.015
2590,32Nvl_L1_EW,32NVL_EW,0.007,0.007
2590,32Nvl_L2_EW,32NVL_EW,0.007,0.007
2590,32Mt_L1_NS,32MT_NS,0.006,0.006
2590,32Mt_L1_EW,NONE,0.05,0.0
2590,NvcMt_L1_EW,NVCMT_EW,0.006,0.006
2590,304Nvl_L3_EW,NONE,0.032,0.0
2590,32Nvl_L2_NS,32NVL_NS,0.013,0.013
2590,32Nvl_L3_EW,NONE,0.006,0.0
2590,32Nvl_L3_EW,NONE,0.013,0.0
2590,NvcMt_L2_EW,NVCMT_EW,0.008,0.008
2595,304Nvl_L1_EW,304NVL_EW,0.034,0.034
2595,304Nvl_L2_EW,304NVL_EW,0.029,0.029
2595,304Nvl_L1_NS,NONE,0.007,0.0
2595,32Nvl_L1_NS,32NVL_NS,0.007,0.007
2595,32Nvl_L1_EW,32NVL_EW,0.007,0.002
2595,32Nvl_L2_EW,32NVL_EW,0.008,0.008
2595,32Nvl_L1_EW,32NVL_EW,0.007,0.002
2595,32Nvl_L2_EW,32NVL_EW,0.007,0.007
2595,NvcNvl_L3_NS,NONE,0.007,0.0
2595,NvcNvl_L2_NS,NONE,0.007,0.0
2595,32Mt_L1_EW,NONE,0.007,0.0
2595,32Mt_L1_EW,32MT_EW,0.007,0.002
2595,NvcMt_L2_NS,NONE,0.005,0.0
2595,304Nvl_L3_EW,NONE,0.025,0.0
2595,32Nvl_L2_NS,32NVL_NS,0.007,0.007
2595,32Nvl_L3_EW,NONE,0.006,0.0
2595,32Nvl_L3_EW,NONE,0.006,0.0
2595,NvcNvl_L1_NS,NONE,0.009,0.0
2595,NvcMt_L1_NS,NONE,0.005,0.0
2595,NvcMt_L2_EW,NVCMT_EW,0.008,0.008
2600,304Nvl_L1_EW,304NVL_EW,0.008,0.008
2600,304Nvl_L2_EW,304NVL_EW,0.007,0.007
2600,304Nvl_L1_NS,NONE,0.007,0.0
2600,32Nvl_L1_NS,32NVL_NS,0.09,0.09
2600,32Nvl_L1_EW,32NVL_EW,0.007,0.002
2600,32Nvl_L2_EW,32NVL_EW,0.008,0.008
2600,32Nvl_L1_EW,32NVL_EW,0.007,0.002
2600,32Nvl_L2_EW,32NVL_EW,0.007,0.007
2600,32Nvl_L3_NS,NONE,0.008,0.0
2600,32Nvl_L2_NS,32NVL_NS,0.008,0.008
2600,NvcNvl_L3_NS,NONE,0.007,0.0
2600,NvcNvl_L2_NS,NONE,0.007,0.0
2600,32Mt_L1_EW,32MT_EW,0.007,0.002
2600,304Nvl_L3_EW,NONE,0.006,0.0
2600,32Nvl_L2_NS,32NVL_NS,0.08,0.08
2600,32Nvl_L3_EW,NONE,0.006,0.0
2600,32Nvl_L3_EW,NONE,0.006,0.0
2600,32Nvl_L1_NS,32NVL_NS,0.007,0.007
2600,NvcNvl_L1_NS,NONE,0.009,0.0
2605,304Nvl_L1_EW,304NVL_EW,0.042,0.042
2605,304Nvl_L2_EW,304NVL_EW,0.036,0.036
2605,304Nvl_L1_NS,NONE,0.007,0.0
2605,32Nvl_L3_NS,NONE,0.034,0.0
2605,32Nvl_L1_NS,32NVL_NS,0.042,0.042
2605,32Nvl_L1_EW,32NVL_EW,0.007,-0.003
2605,32Nvl_L2_EW,32NVL_EW,0.008,0.0
2605,32Nvl_L1_EW,32NVL_EW,0.007,-0.003
2605,32Nvl_L2_EW,32NVL_EW,0.007,0.0
2605,NvcNvl_L3_NS,NONE,0.007,0.0
2605,NvcNvl_L2_NS,NONE,0.007,0.0
2605,32Mt_L1_EW,NONE,0.007,0.0
2605,32Mt_L3_EW,NONE,0.009,0.0
2605,32Mt_L1_EW,32MT_EW,0.014,0.009
2605,NvcCmt8_L2_NS,NONE,0.011,0.0
2605,NvcCmt8_L1_NS,NONE,0.008,0.0
2605,304Nvl_L3_EW,NONE,0.032,0.0
2605,32Nvl_L2_NS,32NVL_NS,0.033,0.033
2605,32Nvl_L3_EW,NONE,0.006,0.0
2605,32Nvl_L3_EW,NONE,0.006,0.0
2605,NvcNvl_L1_NS,NONE,0.009,0.0
2605,32Mt_L2_EW,NONE,0.008,0.0
2605,32Mt_L2_EW,32MT_EW,0.011,0.005
2610,304Nvl_L1_NS,304NVL_NS,0.009,0.009
2610,304Nvl_L3_NS,NONE,0.007,0.0
2610,304Nvl_L1_NS,NONE,0.007,0.0
2610,32Nvl_L1_EW,32NVL_EW,0.007,-0.003
2610,32Nvl_L2_EW,32NVL_EW,0.008,0.0
2610,32Nvl_L1_EW,32NVL_EW,0.007,-0.003
2610,32Nvl_L2_EW,32NVL_EW,0.007,0.0
2610,32Nvl_L3_NS,NONE,0.008,0.0
2610,32Nvl_L2_NS,32NVL_NS,0.008,0.003
2610,NvcNvl_L3_NS,NONE,0.007,0.0
2610,NvcNvl_L2_NS,NONE,0.007,0.0
2610,NvcNvl_L1_EW,NONE,0.011,0.0
2610,NvcNvl_L2_EW,NONE,0.008,0.0
2610,NvcNvl_L1_EW,NVCNVL_EW,0.007,0.007
2610,32Mt_L1_EW,32MT_EW,0.014,0.009
2610,NvcCmt8_L2_NS,NONE,0.011,0.0
2610,32Thn_L1_EW,NONE,0.01,0.0
2610,32Thn_L2_EW,NONE,0.01,0.0
2610,NvcCmt8_L1_NS,NONE,0.008,0.0
2610,32Thn_L3_EW,NONE,0.007,0.0
2610,304Nvl_L2_NS,304NVL_NS,0.008,0.002
2610,32Nvl_L3_EW,NONE,0.006,0.0
2610,32Nvl_L3_EW,NONE,0.006,0.0
2610,32Nvl_L1_NS,32NVL_NS,0.087,0.081
2610,NvcNvl_L1_NS,NONE,0.009,0.0
2610,32Mt_L2_EW,32MT_EW,0.011,0.005
2615,304Nvl_L1_NS,304NVL_NS,0.018,0.018
2615,304Nvl_L3_NS,NONE,0.015,0.0
2615,304Nvl_L1_NS,NONE,0.007,0.0
2615,32Nvl_L1_EW,32NVL_EW,0.007,-0.008
2615,32Nvl_L2_EW,32NVL_EW,0.008,0.0
2615,32Nvl_L1_EW,32NVL_EW,0.007,-0.009
2615,32Nvl_L2_EW,32NVL_EW,0.007,0.0
2615,32Nvl_L3_NS,NONE,0.008,0.0
2615,32Nvl_L2_NS,32NVL_NS,0.008,-0.003
2615,32Mt_L1_EW,32MT_EW,0.014,0.009
2615,32Mt_L1_NS,NONE,0.01,0.0
2615,32Thn_L1_EW,32THN_EW,0.008,0.003
2615,304Nvl_L2_NS,304NVL_NS,0.015,0.01
2615,32Nvl_L3_EW,NONE,0.006,0.0
2615,32Nvl_L3_EW,NONE,0.006,0.0
2615,32Nvl_L1_NS,32NVL_NS,0.007,-0.006
2615,32Mt_L2_EW,32MT_EW,0.011,0.005
2620,304Nvl_L1_NS,304NVL_NS,0.018,0.018
2620,304Nvl_L3_NS,NONE,0.015,0.0
2620,304Nvl_L1_EW,304NVL_EW,0.051,0.051
2620,32Nvl_L1_EW,32NVL_EW,0.007,-0.003
2620,32Nvl_L2_EW,32NVL_EW,0.008,0.0
2620,32Nvl_L1_EW,32NVL_EW,0.007,-0.003
2620,32Nvl_L2_EW,32NVL_EW,0.007,0.0
2620,32Nvl_L3_NS,NONE,0.042,0.0
2620,32Nvl_L2_NS,32NVL_NS,0.039,0.029
2620,NvcNvl_L1_EW,NVCNVL_EW,0.007,0.007
2620,32Mt_L1_EW,32MT_EW,0.014,0.009
2620,304Nvl_L2_NS,304NVL_NS,0.015,-0.012
2620,32Nvl_L3_EW,NONE,0.006,0.0
2620,32Nvl_L3_EW,NONE,0.006,0.0
2620,32Nvl_L1_NS,32NVL_NS,0.034,0.021
2620,32Mt_L2_EW,32MT_EW,0.011,0.005
2625,304Nvl_L1_NS,304NVL_NS,0.018,0.013
2625,304Nvl_L3_NS,NONE,0.015,0.0
2625,304Nvl_L1_EW,304NVL_EW,0.042,0.042
2625,32Nvl_L3_NS,NONE,0.007,0.0
2625,32Nvl_L1_NS,32NVL_NS,0.007,-0.006
2625,32Nvl_L1_EW,32NVL_EW,0.007,-0.003
2625,32Nvl_L2_EW,32NVL_EW,0.008,0.0
2625,32Nvl_L1_EW,32NVL_EW,0.007,-0.003
2625,32Nvl_L2_EW,32NVL_EW,0.007,0.0
2625,32Nvl_L3_NS,NONE,0.05,0.0
2625,32Nvl_L2_NS,32NVL_NS,0.047,0.037
2625,NvcNvl_L3_NS,NONE,0.034,0.0
2625,NvcNvl_L2_NS,NONE,0.033,0.0
2625,32Mt_L1_EW,32MT_EW,0.014,0.009
2625,NvcMt_L1_EW,NVCMT_EW,0.006,0.006
2625,304Nvl_L2_NS,304NVL_NS,0.015,-0.018
2625,32Nvl_L2_NS,32NVL_NS,0.007,-0.004
2625,32Nvl_L3_EW,NONE,0.006,0.0
2625,32Nvl_L3_EW,NONE,0.006,0.0
2625,32Nvl_L1_NS,32NVL_NS,0.04,0.028
2625,NvcNvl_L1_NS,NONE,0.044,0.0
2625,32Mt_L2_EW,32MT_EW,0.011,0.005
2625,NvcMt_L2_EW,NVCMT_EW,0.008,0.008
2630,304Nvl_L1_NS,304NVL_NS,0.018,0.018
2630,304Nvl_L3_NS,NONE,0.015,0.0
2630,304Nvl_L1_NS,NONE,0.007,0.0
2630,32Nvl_L1_EW,32NVL_EW,0.007,-0.003
2630,32Nvl_L2_EW,32NVL_EW,0.008,0.0
2630,32Nvl_L1_EW,32NVL_EW,0.007,-0.003
2630,32Nvl_L2_EW,32NVL_EW,0.007,0.0
2630,32Nvl_L3_NS,NONE,0.008,0.0
2630,32Nvl_L2_NS,32NVL_NS,0.008,-0.003
2630,NvcNvl_L3_NS,NONE,0.007,0.0
2630,NvcNvl_L2_NS,NONE,0.007,0.0
2630,32Mt_L1_EW,NONE,0.043,0.0
2630,32Mt_L3_EW,NONE,0.053,0.0
2630,32Mt_L1_EW,32MT_EW,0.014,0.009
2630,NvcMt_L1_EW,NVCMT_EW,0.013,0.013
2630,304Nvl_L2_NS,304NVL_NS,0.015,0.01
2630,304Nvl_L2_NS,NONE,0.007,0.0
2630,32Nvl_L3_EW,NONE,0.006,0.0
2630,32Nvl_L3_EW,NONE,0.006,0.0
2630,32Nvl_L1_NS,32NVL_NS,0.007,-0.006
2630,NvcNvl_L1_NS,NONE,0.009,0.0
2630,32Mt_L2_EW,NONE,0.045,0.0
2630,32Mt_L2_EW,32MT_EW,0.011,0.005
2630,NvcMt_L2_EW,NVCMT_EW,0.016,0.016
2635,304Nvl_L1_NS,304NVL_NS,0.018,-0.016
2635,304Nvl_L3_NS,NONE,0.015,0.0
2635,304Nvl_L1_NS,NONE,0.007,0.0
2635,304Nvl_L3_NS,NONE,0.008,0.0
2635,32Nvl_L3_NS,NONE,0.014,0.0
2635,32Nvl_L1_NS,32NVL_NS,0.048,0.036
2635,32Nvl_L1_EW,32NVL_EW,0.007,-0.008
2635,32Nvl_L2_EW,32NVL_EW,0.008,-0.004
2635,32Nvl_L1_EW,32NVL_EW,0.007,-0.008
2635,32Nvl_L2_EW,32NVL_EW,0.007,-0.004
2635,32Nvl_L3_NS,NONE,0.008,0.0
2635,32Nvl_L2_NS,32NVL_NS,0.008,-0.003
2635,32Mt_L1_EW,NONE,0.079,0.0
2635,32Mt_L3_EW,NONE,0.097,0.0
2635,32Mt_L1_EW,32MT_EW,0.021,0.016
2635,NvcMt_L2_NS,NONE,0.026,0.0
2635,NvcMt_L1_EW,NVCMT_EW,0.019,0.019
2635,304Nvl_L2_NS,304NVL_NS,0.015,0.01
2635,304Nvl_L2_NS,NONE,0.007,0.0
2635,32Nvl_L2_NS,32NVL_NS,0.013,0.003
2635,32Nvl_L3_EW,NONE,0.006,0.0
2635,32Nvl_L3_EW,NONE,0.006,0.0
2635,32Nvl_L1_NS,32NVL_NS,0.007,-0.006
2635,32Mt_L2_EW,NONE,0.083,0.0
2635,32Mt_L2_EW,32MT_EW,0.016,0.011
2635,NvcMt_L1_NS,NONE,0.027,0.0
2635,NvcMt_L2_EW,NVCMT_EW,0.024,0.024
2640,304Nvl_L1_NS,304NVL_NS,0.027,0.017
2640,304Nvl_L3_NS,NONE,0.022,0.0
2640,32Nvl_L3_NS,NONE,0.014,0.0
2640,32Nvl_L1_NS,32NVL_NS,0.014,-0.005
2640,32Nvl_L1_EW,32NVL_EW,0.007,-0.003
2640,32Nvl_L2_EW,32NVL_EW,0.008,0.004
2640,32Nvl_L1_EW,32NVL_EW,0.007,-0.003
2640,32Nvl_L2_EW,32NVL_EW,0.007,0.004
2640,NvcNvl_L3_NS,NONE,0.007,0.0
2640,NvcNvl_L2_NS,NONE,0.007,0.0
2640,NvcNvl_L1_EW,NONE,0.011,0.0
2640,NvcNvl_L2_EW,NONE,0.008,0.0
2640,32Mt_L1_EW,NONE,0.014,0.0
2640,32Mt_L3_EW,NONE,0.018,0.0
2640,32Mt_L1_EW,32MT_EW,0.014,0.009
2640,NvcMt_L2_NS,NONE,0.005,0.0
2640,NvcMt_L1_EW,NVCMT_EW,0.006,0.006
2640,NvcCmt8_L2_NS,NONE,0.011,0.0
2640,32Thn_L1_EW,NONE,0.01,0.0
2640,32Thn_L2_EW,NONE,0.01,0.0
2640,NvcCmt8_L1_NS,NONE,0.008,0.0
2640,32Thn_L3_EW,NONE,0.007,0.0
2640,304Nvl_L2_NS,304NVL_NS,0.023,0.023
2640,32Nvl_L2_NS,32NVL_NS,0.013,-0.003
2640,32Nvl_L3_EW,NONE,0.006,0.0
2640,32Nvl_L3_EW,NONE,0.006,0.0
2640,NvcNvl_L1_NS,NONE,0.009,0.0
2640,32Mt_L2_EW,NONE,0.015,0.0
2640,32Mt_L2_EW,32MT_EW,0.005,0.0
2640,NvcMt_L1_NS,NONE,0.005,0.0
2640,NvcMt_L2_EW,NVCMT_EW,0.008,0.008
2640,NvcMt_L1_EW,NVCMT_EW,0.006,0.006
2645,304Nvl_L1_NS,304NVL_NS,0.027,0.013
2645,304Nvl_L3_NS,NONE,0.022,0.0
2645,304Nvl_L1_EW,304NVL_EW,0.008,0.008
2645,32Nvl_L1_NS,32NVL_NS,0.021,0.002
2645,32Nvl_L1_EW,32NVL_EW,0.007,-0.003
2645,32Nvl_L2_EW,32NVL_EW,0.008,0.004
2645,32Nvl_L1_EW,32NVL_EW,0.007,-0.004
2645,32Nvl_L2_EW,32NVL_EW,0.007,0.004
2645,32Mt_L1_EW,32MT_EW,0.007,0.002
2645,32Mt_L1_NS,NONE,0.068,0.0
2645,NvcMt_L2_NS,NONE,0.005,0.0
2645,NvcMt_L1_EW,NVCMT_EW,0.032,0.032
2645,32Thn_L1_EW,32THN_EW,0.008,0.003
2645,304Nvl_L2_NS,304NVL_NS,0.023,0.023
2645,32Nvl_L2_NS,32NVL_NS,0.013,-0.003
2645,32Nvl_L3_EW,NONE,0.006,0.0
2645,32Nvl_L3_EW,NONE,0.006,0.0
2645,32Nvl_L1_NS,32NVL_NS,0.007,-0.012
2645,32Mt_L2_EW,32MT_EW,0.005,0.0
2645,NvcMt_L1_NS,NONE,0.005,0.0
2645,NvcMt_L2_EW,NVCMT_EW,0.04,0.04
2650,304Nvl_L1_NS,304NVL_NS,0.027,0.027
2650,304Nvl_L3_NS,NONE,0.022,0.0
2650,304Nvl_L1_EW,304NVL_EW,0.042,0.042
2650,304Nvl_L2_EW,304NVL_EW,0.036,0.036
2650,32Nvl_L1_EW,32NVL_EW,0.007,-0.024
2650,32Nvl_L2_EW,32NVL_EW,0.008,-0.006
2650,32Nvl_L1_EW,32NVL_EW,0.007,-0.024
2650,32Nvl_L2_EW,32NVL_EW,0.007,-0.006
2650,32Nvl_L3_NS,NONE,0.008,0.0
2650,32Nvl_L2_NS,32NVL_NS,0.008,-0.008
2650,32Mt_L1_EW,32MT_EW,0.028,0.023
2650,32Mt_L1_NS,NONE,0.107,0.0
2650,32Thn_L1_EW,32THN_EW,0.016,0.011
2650,32Thn_L2_EW,32THN_EW,0.008,0.003
2650,32Thn_L3_EW,NONE,0.008,0.0
2650,304Nvl_L2_NS,304NVL_NS,0.023,0.017
2650,304Nvl_L3_EW,NONE,0.032,0.0
2650,32Nvl_L3_EW,NONE,0.006,0.0
2650,32Nvl_L3_EW,NONE,0.006,0.0
2650,32Nvl_L1_NS,32NVL_NS,0.013,-0.006
2650,32Mt_L2_EW,32MT_EW,0.011,0.005
2650,32Mt_L2_NS,NONE,0.052,0.0
2655,304Nvl_L1_NS,304NVL_NS,0.027,0.027
2655,304Nvl_L3_NS,NONE,0.022,0.0
2655,304Nvl_L1_EW,304NVL_EW,0.059,0.059
2655,304Nvl_L2_EW,304NVL_EW,0.051,0.051
2655,32Nvl_L1_EW,32NVL_EW,0.007,0.002
2655,32Nvl_L2_EW,32NVL_EW,0.008,0.004
2655,32Nvl_L1_EW,32NVL_EW,0.007,0.002
2655,32Nvl_L2_EW,32NVL_EW,0.007,0.004
2655,32Nvl_L3_NS,NONE,0.008,0.0
2655,32Nvl_L2_NS,32NVL_NS,0.008,-0.008
2655,NvcNvl_L3_NS,NONE,0.007,0.0
2655,NvcNvl_L2_NS,NONE,0.007,0.0
2655,32Mt_L1_NS,32MT_NS,0.031,0.031
2655,32Mt_L1_EW,32MT_EW,0.007,0.002
2655,32Thn_L1_EW,NONE,0.01,0.0
2655,304Nvl_L2_NS,304NVL_NS,0.023,0.017
2655,304Nvl_L3_EW,NONE,0.044,0.0
2655,32Nvl_L3_EW,NONE,0.006,0.0
2655,32Nvl_L3_EW,NONE,0.006,0.0
2655,32Nvl_L1_NS,32NVL_NS,0.013,-0.006
2655,NvcNvl_L1_NS,NONE,0.009,0.0
2655,32Mt_L2_EW,32MT_EW,0.005,0.0
2660,304Nvl_L1_NS,304NVL_NS,0.027,0.027
2660,304Nvl_L3_NS,NONE,0.022,0.0
2660,304Nvl_L1_EW,304NVL_EW,0.042,0.042
2660,304Nvl_L2_EW,304NVL_EW,0.036,0.036
2660,304Nvl_L1_NS,NONE,0.036,0.0
2660,304Nvl_L3_NS,NONE,0.04,0.0
2660,32Nvl_L1_EW,32NVL_EW,0.014,0.014
2660,32Nvl_L2_EW,32NVL_EW,0.015,0.015
2660,32Nvl_L1_EW,32NVL_EW,0.007,0.007
2660,32Nvl_L2_EW,32NVL_EW,0.007,0.007
2660,32Nvl_L3_NS,NONE,0.017,0.0
2660,32Nvl_L2_NS,32NVL_NS,0.016,0.0
2660,NvcNvl_L3_NS,NONE,0.007,0.0
2660,NvcNvl_L2_NS,NONE,0.007,0.0
2660,32Mt_L1_NS,32MT_NS,0.031,0.031
2660,32Mt_L1_EW,NONE,0.05,0.0
2660,32Mt_L3_EW,NONE,0.053,0.0
2660,32Mt_L1_NS,NONE,0.01,0.0
2660,NvcMt_L2_NS,NONE,0.005,0.0
2660,NvcCmt8_L2_EW,NONE,0.007,0.0
2660,304Nvl_L2_NS,304NVL_NS,0.023,0.012
2660,304Nvl_L3_EW,NONE,0.032,0.0
2660,304Nvl_L2_NS,NONE,0.037,0.0
2660,32Nvl_L3_EW,NONE,0.006,0.0
2660,32Nvl_L3_EW,NONE,0.013,0.0
2660,32Nvl_L1_NS,32NVL_NS,0.013,-0.006
2660,NvcNvl_L1_NS,NONE,0.009,0.0
2660,32Mt_L2_EW,NONE,0.045,0.0
2660,32Mt_L2_NS,NONE,0.009,0.0
2660,NvcMt_L1_NS,NONE,0.005,0.0
2660,NvcCmt8_L1_EW,NONE,0.006,0.0
2665,304Nvl_L1_NS,304NVL_NS,0.027,0.027
2665,304Nvl_L3_NS,NONE,0.022,0.0
2665,304Nvl_L1_EW,304NVL_EW,0.051,0.051
2665,304Nvl_L2_EW,304NVL_EW,0.007,0.007
2665,304Nvl_L1_EW,NONE,0.008,0.0
2665,304Nvl_L1_NS,NONE,0.007,0.0
2665,32Nvl_L1_EW,32NVL_EW,0.014,0.014
2665,32Nvl_L2_EW,32NVL_EW,0.015,0.015
2665,32Nvl_L1_EW,32NVL_EW,0.007,0.007
2665,32Nvl_L2_EW,32NVL_EW,0.007,0.007
2665,NvcNvl_L3_NS,NONE,0.007,0.0
2665,NvcNvl_L2_NS,NONE,0.007,0.0
2665,NvcNvl_L1_EW,NVCNVL_EW,0.007,0.007
2665,32Mt_L1_NS,32MT_NS,0.031,0.031
2665,32Mt_L1_EW,NONE,0.086,0.0
2665,32Mt_L3_EW,NONE,0.062,0.0
2665,32Mt_L1_NS,NONE,0.01,0.0
2665,304Nvl_L2_NS,304NVL_NS,0.023,0.023
2665,304Nvl_L3_EW,NONE,0.006,0.0
2665,32Nvl_L3_EW,NONE,0.006,0.0
2665,32Nvl_L3_EW,NONE,0.006,0.0
2665,NvcNvl_L1_NS,NONE,0.009,0.0
2665,32Mt_L2_EW,NONE,0.09,0.0
2665,32Mt_L2_NS,NONE,0.009,0.0
2670,304Nvl_L1_NS,304NVL_NS,0.027,0.027
2670,304Nvl_L3_NS,NONE,0.022,0.0
2670,304Nvl_L1_EW,304NVL_EW,0.017,0.017
2670,304Nvl_L2_EW,304NVL_EW,0.015,0.015
2670,304Nvl_L1_NS,NONE,0.044,0.0
2670,304Nvl_L3_NS,NONE,0.008,0.0
2670,32Nvl_L1_EW,32NVL_EW,0.007,0.002
2670,32Nvl_L2_EW,32NVL_EW,0.008,0.004
2670,32Nvl_L1_EW,32NVL_EW,0.007,0.002
2670,32Nvl_L2_EW,32NVL_EW,0.007,0.004
2670,32Nvl_L3_NS,NONE,0.042,0.0
2670,32Nvl_L2_NS,32NVL_NS,0.039,0.024
2670,NvcNvl_L1_EW,NONE,0.011,0.0
2670,NvcNvl_L2_EW,NONE,0.008,0.0
2670,NvcNvl_L1_EW,NVCNVL_EW,0.014,0.014
2670,NvcNvl_L2_EW,NVCNVL_EW,0.008,0.008
2670,32Mt_L1_NS,32MT_NS,0.031,0.031
2670,32Mt_L1_EW,NONE,0.05,0.0
2670,32Mt_L3_EW,NONE,0.062,0.0
2670,32Mt_L1_EW,32MT_EW,0.007,0.002
2670,32Mt_L1_NS,NONE,0.01,0.0
2670,NvcMt_L2_NS,NONE,0.005,0.0
2670,304Nvl_L2_NS,304NVL_NS,0.023,-0.005
2670,304Nvl_L3_EW,NONE,0.013,0.0
2670,304Nvl_L2_NS,NONE,0.007,0.0
2670,32Nvl_L3_EW,NONE,0.006,0.0
2670,32Nvl_L3_EW,NONE,0.006,0.0
2670,32Nvl_L1_NS,32NVL_NS,0.047,0.028
2670,NvcNvl_L3_EW,NONE,0.006,0.0
2670,NvcNvl_L3_EW,NONE,0.009,0.0
2670,32Mt_L2_EW,NONE,0.053,0.0
2670,32Mt_L2_EW,32MT_EW,0.005,0.0
2670,32Mt_L2_NS,NONE,0.009,0.0
2670,NvcMt_L1_NS,NONE,0.005,0.0
2670,NvcCmt8_L1_EW,NVCCMT8_EW,0.008,0.008
2675,304Nvl_L1_NS,304NVL_NS,0.027,0.027
2675,304Nvl_L3_NS,NONE,0.022,0.0
2675,304Nvl_L1_EW,304NVL_EW,0.059,0.059
2675,304Nvl_L2_EW,304NVL_EW,0.015,0.015
2675,304Nvl_L1_NS,NONE,0.007,0.0
2675,32Nvl_L1_EW,32NVL_EW,0.007,0.002
2675,32Nvl_L2_EW,32NVL_EW,0.008,0.004
2675,32Nvl_L1_EW,32NVL_EW,0.007,0.002
2675,32Nvl_L2_EW,32NVL_EW,0.007,0.004
2675,NvcNvl_L1_EW,NONE,0.011,0.0
2675,NvcNvl_L2_EW,NONE,0.008,0.0
2675,32Mt_L1_NS,32MT_NS,0.038,0.038
2675,32Mt_L1_EW,32MT_EW,0.007,0.002
2675,32Mt_L1_NS,NONE,0.049,0.0
2675,304Nvl_L2_NS,304NVL_NS,0.023,0.023
2675,304Nvl_L3_EW,NONE,0.013,0.0
2675,32Nvl_L3_EW,NONE,0.006,0.0
2675,32Nvl_L3_EW,NONE,0.006,0.0
2675,32Mt_L2_EW,32MT_EW,0.005,0.0
2680,304Nvl_L1_NS,304NVL_NS,0.027,0.027
2680,304Nvl_L3_NS,NONE,0.022,0.0
2680,304Nvl_L1_EW,304NVL_EW,0.008,0.008
2680,304Nvl_L1_NS,NONE,0.007,0.0
2680,32Nvl_L1_EW,32NVL_EW,0.007,-0.027
2680,32Nvl_L2_EW,32NVL_EW,0.008,0.004
2680,32Nvl_L1_EW,32NVL_EW,0.007,-0.027
2680,32Nvl_L2_EW,32NVL_EW,0.007,0.004
2680,NvcNvl_L3_NS,NONE,0.007,0.0
2680,NvcNvl_L2_NS,NONE,0.007,0.0
2680,NvcNvl_L1_EW,NVCNVL_EW,0.007,0.007
2680,32Mt_L1_NS,32MT_NS,0.031,0.031
2680,32Mt_L1_EW,NONE,0.094,0.0
2680,32Mt_L3_EW,NONE,0.106,0.0
2680,32Mt_L1_EW,32MT_EW,0.049,0.044
2680,32Mt_L1_NS,NONE,0.01,0.0
2680,304Nvl_L2_NS,304NVL_NS,0.023,0.023
2680,32Nvl_L3_EW,NONE,0.006,0.0
2680,32Nvl_L3_EW,NONE,0.006,0.0
2680,NvcNvl_L1_NS,NONE,0.009,0.0
2680,32Mt_L2_EW,NONE,0.09,0.0
2680,32Mt_L2_EW,32MT_EW,0.005,0.0
2685,304Nvl_L1_NS,304NVL_NS,0.027,0.027
2685,304Nvl_L3_NS,NONE,0.022,0.0
2685,304Nvl_L1_EW,304NVL_EW,0.008,0.008
2685,304Nvl_L1_NS,NONE,0.007,0.0
2685,32Mt_L1_NS,32MT_NS,0.031,0.031
2685,32Mt_L1_EW,NONE,0.108,0.0
2685,32Mt_L3_EW,NONE,0.124,0.0
2685,32Mt_L1_EW,32MT_EW,0.021,0.021
2685,304Nvl_L2_NS,304NVL_NS,0.023,0.023
2685,32Mt_L2_EW,NONE,0.106,0.0
2685,32Mt_L2_EW,32MT_EW,0.016,0.016
2690,304Nvl_L1_NS,304NVL_NS,0.027,0.022
2690,304Nvl_L3_NS,NONE,0.022,0.0
2690,32Nvl_L3_NS,NONE,0.007,0.0
2690,32Nvl_L1_NS,32NVL_NS,0.007,-0.012
2690,32Nvl_L1_EW,32NVL_EW,0.007,0.002
2690,32Nvl_L2_EW,32NVL_EW,0.008,0.004
2690,NvcNvl_L1_EW,NVCNVL_EW,0.007,0.007
2690,32Mt_L1_EW,NONE,0.007,0.0
2690,32Mt_L3_EW,NONE,0.009,0.0
2690,32Mt_L1_EW,32MT_EW,0.007,0.002
2690,NvcMt_L2_NS,NONE,0.005,0.0
2690,NvcCmt8_L2_EW,NVCCMT8_EW,0.005,0.005
2690,304Nvl_L2_NS,304NVL_NS,0.023,0.023
2690,32Nvl_L2_NS,32NVL_NS,0.007,-0.009
2690,32Nvl_L3_EW,NONE,0.006,0.0
2690,32Nvl_L1_NS,32NVL_NS,0.007,-0.012
2690,32Mt_L2_EW,NONE,0.008,0.0
2690,32Mt_L2_EW,32MT_EW,0.005,0.0
2690,NvcMt_L1_NS,NONE,0.005,0.0
2690,NvcCmt8_L1_EW,NVCCMT8_EW,0.008,0.008
2695,304Nvl_L1_EW,304NVL_EW,0.008,0.008
2695,304Nvl_L2_EW,304NVL_EW,0.007,0.007
2695,32Nvl_L3_NS,NONE,0.034,0.0
2695,32Nvl_L1_NS,32NVL_NS,0.042,0.042
2695,32Nvl_L1_EW,32NVL_EW,0.042,0.038
2695,32Nvl_L2_EW,32NVL_EW,0.046,0.046
2695,32Nvl_L3_NS,NONE,0.008,0.0
2695,32Nvl_L2_NS,32NVL_NS,0.008,0.008
2695,32Mt_L1_NS,32MT_NS,0.006,0.006
2695,32Mt_L1_EW,NONE,0.086,0.0
2695,32Mt_L1_EW,32MT_EW,0.007,-0.023
2695,NvcCmt8_L2_EW,NVCCMT8_EW,0.005,0.005
2695,304Nvl_L3_EW,NONE,0.006,0.0
2695,32Nvl_L2_NS,32NVL_NS,0.04,0.04
2695,32Nvl_L3_EW,NONE,0.038,0.0
2695,32Nvl_L1_NS,32NVL_NS,0.02,0.02
2695,NvcCmt8_L1_EW,NVCCMT8_EW,0.008,0.008
2700,304Nvl_L1_EW,304NVL_EW,0.025,0.025
2700,304Nvl_L2_EW,304NVL_EW,0.015,0.015
2700,304Nvl_L1_NS,NONE,0.036,0.0
2700,304Nvl_L3_NS,NONE,0.04,0.0
2700,32Nvl_L3_NS,NONE,0.007,0.0
2700,32Nvl_L1_NS,32NVL_NS,0.007,0.007
2700,32Nvl_L1_EW,32NVL_EW,0.007,-0.003
2700,32Nvl_L2_EW,32NVL_EW,0.008,0.004
2700,NvcNvl_L1_EW,NONE,0.011,0.0
2700,NvcNvl_L2_EW,NONE,0.008,0.0
2700,32Mt_L1_NS,32MT_NS,0.006,0.006
2700,32Mt_L1_EW,32MT_EW,0.014,0.009
2700,32Mt_L1_NS,NONE,0.01,0.0
2700,NvcCmt8_L2_EW,NVCCMT8_EW,0.005,0.005
2700,304Nvl_L3_EW,NONE,0.013,0.0
2700,304Nvl_L2_NS,NONE,0.037,0.0
2700,32Nvl_L2_NS,32NVL_NS,0.007,0.007
2700,32Nvl_L3_EW,NONE,0.006,0.0
2700,32Nvl_L1_NS,32NVL_NS,0.007,0.007
2700,NvcNvl_L3_EW,NONE,0.006,0.0
2700,32Mt_L2_EW,32MT_EW,0.005,0.0
2700,32Mt_L2_NS,NONE,0.009,0.0
2700,NvcCmt8_L1_EW,NVCCMT8_EW,0.008,0.008
2705,304Nvl_L1_EW,304NVL_EW,0.025,0.025
2705,304Nvl_L2_EW,304NVL_EW,0.015,0.015
2705,304Nvl_L1_NS,NONE,0.007,0.0
2705,32Nvl_L1_NS,32NVL_NS,0.007,0.007
2705,32Nvl_L1_EW,32NVL_EW,0.007,-0.003
2705,32Nvl_L2_EW,32NVL_EW,0.008,0.0
2705,32Nvl_L1_EW,32NVL_EW,0.034,0.024
2705,32Mt_L1_EW,NONE,0.007,0.0
2705,32Mt_L1_EW,32MT_EW,0.014,0.009
2705,32Mt_L1_NS,NONE,0.01,0.0
2705,304Nvl_L3_EW,NONE,0.013,0.0
2705,32Nvl_L2_NS,32NVL_NS,0.007,0.007
2705,32Nvl_L3_EW,NONE,0.006,0.0
2705,32Nvl_L1_NS,32NVL_NS,0.013,0.013
2705,32Mt_L2_EW,32MT_EW,0.011,0.005
2705,32Mt_L2_NS,NONE,0.009,0.0
2710,304Nvl_L1_EW,304NVL_EW,0.017,0.017
2710,304Nvl_L2_EW,304NVL_EW,0.015,0.015
2710,32Nvl_L1_NS,32NVL_NS,0.007,0.007
2710,32Nvl_L1_EW,32NVL_EW,0.007,-0.003
2710,32Nvl_L2_EW,32NVL_EW,0.008,0.004
2710,32Nvl_L1_EW,32NVL_EW,0.04,0.031
2710,32Nvl_L2_EW,32NVL_EW,0.007,0.004
2710,NvcNvl_L1_EW,NVCNVL_EW,0.007,0.007
2710,32Mt_L1_EW,NONE,0.007,0.0
2710,32Mt_L1_EW,32MT_EW,0.014,0.009
2710,304Nvl_L3_EW,NONE,0.013,0.0
2710,32Nvl_L2_NS,32NVL_NS,0.007,0.007
2710,32Nvl_L3_EW,NONE,0.006,0.0
2710,32Nvl_L3_EW,NONE,0.006,0.0
2710,32Nvl_L1_NS,32NVL_NS,0.02,0.02
2710,32Mt_L2_EW,32MT_EW,0.005,0.0
2710,NvcCmt8_L1_EW,NONE,0.006,0.0
2715,304Nvl_L1_EW,304NVL_EW,0.068,0.068
2715,304Nvl_L2_EW,304NVL_EW,0.022,0.022
2715,32Nvl_L1_EW,32NVL_EW,0.007,0.002
2715,32Nvl_L2_EW,32NVL_EW,0.008,0.004
2715,32Nvl_L1_EW,32NVL_EW,0.007,0.002
2715,32Nvl_L2_EW,32NVL_EW,0.007,0.004
2715,NvcNvl_L1_EW,NVCNVL_EW,0.007,0.007
2715,32Mt_L1_NS,32MT_NS,0.006,0.006
2715,32Mt_L1_EW,NONE,0.007,0.0
2715,32Mt_L3_EW,NONE,0.009,0.0
2715,32Mt_L1_EW,32MT_EW,0.007,0.002
2715,32Mt_L1_NS,NONE,0.01,0.0
2715,NvcMt_L2_NS,NONE,0.005,0.0
2715,304Nvl_L3_EW,NONE,0.019,0.0
2715,32Nvl_L3_EW,NONE,0.006,0.0
2715,32Nvl_L3_EW,NONE,0.006,0.0
2715,32Nvl_L1_NS,32NVL_NS,0.013,0.013
2715,32Mt_L2_NS,32MT_NS,0.006,0.006
2715,32Mt_L2_EW,NONE,0.008,0.0
2715,32Mt_L2_EW,32MT_EW,0.005,0.0
2715,32Mt_L2_NS,NONE,0.009,0.0
2715,NvcMt_L1_NS,NONE,0.005,0.0
2720,304Nvl_L1_EW,304NVL_EW,0.093,0.093
2720,304Nvl_L2_EW,304NVL_EW,0.044,0.044
2720,32Nvl_L1_EW,32NVL_EW,0.007,-0.003
2720,32Nvl_L2_EW,32NVL_EW,0.008,0.0
2720,32Nvl_L1_EW,32NVL_EW,0.007,-0.003
2720,32Nvl_L2_EW,32NVL_EW,0.007,0.0
2720,NvcNvl_L1_EW,NVCNVL_EW,0.014,0.01
2720,NvcNvl_L2_EW,NVCNVL_EW,0.008,0.008
2720,32Mt_L1_NS,32MT_NS,0.006,0.006
2720,32Mt_L1_EW,NONE,0.014,0.0
2720,32Mt_L3_EW,NONE,0.018,0.0
2720,32Mt_L1_EW,32MT_EW,0.014,0.009
2720,32Mt_L1_NS,NONE,0.01,0.0
2720,NvcMt_L1_EW,NVCMT_EW,0.006,-0.004
2720,304Nvl_L3_EW,NONE,0.038,0.0
2720,32Nvl_L3_EW,NONE,0.006,0.0
2720,32Nvl_L3_EW,NONE,0.006,0.0
2720,NvcNvl_L3_EW,NONE,0.009,0.0
2720,32Mt_L2_EW,NONE,0.015,0.0
2720,32Mt_L2_EW,32MT_EW,0.011,0.005
2720,32Mt_L2_NS,NONE,0.009,0.0
2720,NvcMt_L2_EW,NVCMT_EW,0.008,0.002
2725,304Nvl_L1_EW,304NVL_EW,0.051,0.051
2725,304Nvl_L2_EW,304NVL_EW,0.044,0.044
2725,32Nvl_L1_EW,32NVL_EW,0.014,0.0
2725,32Nvl_L2_EW,32NVL_EW,0.015,0.004
2725,32Nvl_L1_EW,32NVL_EW,0.007,-0.008
2725,32Nvl_L2_EW,32NVL_EW,0.007,-0.004
2725,NvcNvl_L1_EW,NVCNVL_EW,0.007,0.003
2725,NvcNvl_L2_EW,NVCNVL_EW,0.008,0.008
2725,32Mt_L1_EW,NONE,0.007,0.0
2725,32Mt_L1_EW,32MT_EW,0.021,0.011
2725,32Mt_L1_NS,NONE,0.02,0.0
2725,NvcMt_L1_EW,NVCMT_EW,0.006,0.001
2725,304Nvl_L3_EW,NONE,0.038,0.0
2725,32Nvl_L3_EW,NONE,0.006,0.0
2725,32Nvl_L3_EW,NONE,0.013,0.0
2725,NvcNvl_L3_EW,NONE,0.009,0.0
2725,32Mt_L2_EW,NONE,0.008,0.0
2725,32Mt_L2_EW,32MT_EW,0.016,0.006
2725,32Mt_L2_NS,NONE,0.009,0.0
2725,NvcMt_L2_EW,NVCMT_EW,0.008,0.002
2730,304Thn_L1_EW,NONE,0.007,0.0
2730,304Thn_L2_EW,NONE,0.008,0.0
2730,304Nvl_L1_NS,304NVL_NS,0.009,0.009
2730,304Nvl_L3_NS,NONE,0.007,0.0
2730,304Nvl_L1_EW,304NVL_EW,0.034,0.034
2730,304Nvl_L2_EW,304NVL_EW,0.036,0.036
2730,32Nvl_L1_EW,32NVL_EW,0.007,-0.012
2730,32Nvl_L2_EW,32NVL_EW,0.008,-0.004
2730,32Nvl_L1_EW,32NVL_EW,0.007,-0.013
2730,32Nvl_L2_EW,32NVL_EW,0.007,-0.004
2730,NvcNvl_L3_NS,NONE,0.007,0.0
2730,NvcNvl_L2_NS,NONE,0.007,0.0
2730,NvcNvl_L1_EW,NVCNVL_EW,0.007,0.003
2730,NvcNvl_L2_EW,NVCNVL_EW,0.008,0.008
2730,32Mt_L1_NS,32MT_NS,0.006,0.006
2730,32Mt_L1_EW,NONE,0.007,0.0
2730,32Mt_L3_EW,NONE,0.009,0.0
2730,32Mt_L1_EW,32MT_EW,0.028,0.023
2730,32Mt_L1_NS,NONE,0.01,0.0
2730,NvcMt_L2_NS,NONE,0.005,0.0
2730,NvcMt_L1_EW,NVCMT_EW,0.006,0.001
2730,304Nvl_L2_NS,304NVL_NS,0.008,0.008
2730,304Nvl_L3_EW,NONE,0.032,0.0
2730,32Nvl_L3_EW,NONE,0.006,0.0
2730,32Nvl_L3_EW,NONE,0.006,0.0
2730,NvcNvl_L1_NS,NONE,0.009,0.0
2730,NvcNvl_L3_EW,NONE,0.009,0.0
2730,32Mt_L2_EW,NONE,0.008,0.0
2730,32Mt_L2_EW,32MT_EW,0.016,0.011
2730,32Mt_L2_NS,NONE,0.009,0.0
2730,NvcMt_L1_NS,NONE,0.005,0.0
2730,NvcMt_L2_EW,NVCMT_EW,0.008,0.002
2730,304Thn_L3_EW,NONE,0.008,0.0
2735,304Thn_L1_EW,304THN_EW,0.008,-0.004
2735,304Nvl_L1_NS,304NVL_NS,0.009,0.004
2735,304Nvl_L3_NS,NONE,0.007,0.0
2735,304Nvl_L1_EW,304NVL_EW,0.017,0.011
2735,304Nvl_L2_EW,304NVL_EW,0.015,0.015
2735,32Nvl_L1_NS,32NVL_NS,0.007,0.001
2735,32Nvl_L1_EW,32NVL_EW,0.007,-0.012
2735,32Nvl_L2_EW,32NVL_EW,0.008,-0.008
2735,32Nvl_L1_EW,32NVL_EW,0.007,-0.013
2735,32Nvl_L2_EW,32NVL_EW,0.007,-0.008
2735,NvcNvl_L3_NS,NONE,0.034,0.0
2735,NvcNvl_L2_NS,NONE,0.033,0.0
2735,NvcNvl_L1_EW,NVCNVL_EW,0.007,0.007
2735,NvcNvl_L2_EW,NVCNVL_EW,0.008,0.008
2735,32Mt_L1_NS,32MT_NS,0.006,0.006
2735,32Mt_L1_EW,32MT_EW,0.028,0.023
2735,32Mt_L1_NS,NONE,0.01,0.0
2735,304Nvl_L2_NS,304NVL_NS,0.008,0.008
2735,304Nvl_L3_EW,NONE,0.006,0.0
2735,32Nvl_L2_NS,32NVL_NS,0.007,0.001
2735,32Nvl_L3_EW,NONE,0.006,0.0
2735,32Nvl_L3_EW,NONE,0.006,0.0
2735,32Nvl_L1_NS,32NVL_NS,0.007,0.0
2735,NvcNvl_L1_NS,NONE,0.044,0.0
2735,NvcNvl_L3_EW,NONE,0.009,0.0
2735,32Mt_L2_EW,32MT_EW,0.022,0.016
2735,NvcMt_L2_EW,NVCMT_EW,0.008,0.002
2740,304Thn_L1_EW,304THN_EW,0.008,0.008
2740,304Nvl_L1_NS,304NVL_NS,0.009,0.009
2740,304Nvl_L3_NS,NONE,0.007,0.0
2740,304Nvl_L1_NS,NONE,0.007,0.0
2740,32Nvl_L1_EW,32NVL_EW,0.007,-0.017
2740,32Nvl_L2_EW,32NVL_EW,0.008,-0.008
2740,32Nvl_L1_EW,32NVL_EW,0.007,-0.018
2740,32Nvl_L2_EW,32NVL_EW,0.007,-0.008
2740,NvcNvl_L1_EW,NVCNVL_EW,0.007,0.007
2740,NvcNvl_L2_EW,NVCNVL_EW,0.008,0.008
2740,32Mt_L1_EW,NONE,0.014,0.0
2740,32Mt_L3_EW,NONE,0.018,0.0
2740,32Mt_L1_EW,32MT_EW,0.035,0.03
2740,32Mt_L1_NS,NONE,0.01,0.0
2740,304Nvl_L2_NS,304NVL_NS,0.008,0.008
2740,32Nvl_L3_EW,NONE,0.006,0.0
2740,32Nvl_L3_EW,NONE,0.006,0.0
2740,NvcNvl_L3_EW,NONE,0.009,0.0
2740,32Mt_L2_EW,NONE,0.015,0.0
2740,32Mt_L2_EW,32MT_EW,0.022,0.016
2745,304Nvl_L1_NS,304NVL_NS,0.009,0.009
2745,304Nvl_L3_NS,NONE,0.007,0.0
2745,304Nvl_L1_EW,304NVL_EW,0.11,0.11
2745,304Nvl_L2_EW,304NVL_EW,0.087,0.087
2745,304Nvl_L1_EW,NONE,0.008,0.0
2745,304Nvl_L1_NS,NONE,0.007,0.0
2745,32Nvl_L1_EW,32NVL_EW,0.007,-0.012
2745,32Nvl_L2_EW,32NVL_EW,0.008,-0.008
2745,32Nvl_L1_EW,32NVL_EW,0.007,-0.013
2745,32Nvl_L2_EW,32NVL_EW,0.007,-0.008
2745,NvcNvl_L1_EW,NVCNVL_EW,0.042,-0.016
2745,NvcNvl_L2_EW,NVCNVL_EW,0.008,0.008
2745,32Mt_L1_EW,NONE,0.043,0.0
2745,32Mt_L3_EW,NONE,0.053,0.0
2745,32Mt_L1_EW,32MT_EW,0.028,0.023
2745,NvcMt_L1_EW,NVCMT_EW,0.083,0.053
2745,304Nvl_L2_NS,304NVL_NS,0.008,0.008
2745,304Nvl_L3_EW,NONE,0.076,0.0
2745,32Nvl_L3_EW,NONE,0.006,0.0
2745,32Nvl_L3_EW,NONE,0.006,0.0
2745,NvcNvl_L3_EW,NONE,0.009,0.0
2745,32Mt_L2_EW,NONE,0.045,0.0
2745,32Mt_L2_EW,32MT_EW,0.022,0.016
2745,NvcMt_L2_EW,NVCMT_EW,0.103,0.098
2750,304Nvl_L1_NS,304NVL_NS,0.009,0.009
2750,304Nvl_L3_NS,NONE,0.007,0.0
2750,304Nvl_L1_EW,304NVL_EW,0.11,0.11
2750,304Nvl_L2_EW,304NVL_EW,0.087,0.087
2750,304Nvl_L1_NS,NONE,0.007,0.0
2750,32Nvl_L3_NS,NONE,0.008,0.0
2750,32Nvl_L2_NS,32NVL_NS,0.008,0.003
2750,NvcNvl_L1_EW,NVCNVL_EW,0.07,0.013
2750,NvcNvl_L2_EW,NVCNVL_EW,0.039,0.039
2750,32Mt_L1_NS,32MT_NS,0.006,0.006
2750,32Mt_L1_EW,NONE,0.007,0.0
2750,32Mt_L3_EW,NONE,0.009,0.0
2750,32Mt_L1_EW,32MT_EW,0.035,0.035
2750,32Mt_L1_NS,NONE,0.01,0.0
2750,NvcMt_L1_EW,NVCMT_EW,0.083,0.033
2750,304Nvl_L2_NS,304NVL_NS,0.008,0.002
2750,304Nvl_L3_EW,NONE,0.076,0.0
2750,32Nvl_L1_NS,32NVL_NS,0.007,0.0
2750,NvcNvl_L3_EW,NONE,0.047,0.0
2750,32Mt_L2_NS,32MT_NS,0.006,0.006
2750,32Mt_L2_EW,NONE,0.008,0.0
2750,32Mt_L2_EW,32MT_EW,0.022,0.022
2750,NvcMt_L2_EW,NVCMT_EW,0.103,0.076
2755,304Nvl_L1_NS,304NVL_NS,0.009,0.009
2755,304Nvl_L3_NS,NONE,0.007,0.0
2755,304Nvl_L1_EW,304NVL_EW,0.008,0.008
2755,304Nvl_L2_EW,304NVL_EW,0.007,0.007
2755,32Nvl_L3_NS,NONE,0.008,0.0
2755,32Nvl_L2_NS,32NVL_NS,0.008,0.003
2755,NvcNvl_L1_EW,NVCNVL_EW,0.07,0.07
2755,NvcNvl_L2_EW,NVCNVL_EW,0.039,0.039
2755,32Mt_L1_NS,32MT_NS,0.006,0.006
2755,32Mt_L1_EW,NONE,0.007,0.0
2755,32Mt_L3_EW,NONE,0.009,0.0
2755,32Mt_L1_EW,32MT_EW,0.042,0.042
2755,32Mt_L1_NS,NONE,0.01,0.0
2755,304Nvl_L2_NS,304NVL_NS,0.008,0.002
2755,304Nvl_L3_EW,NONE,0.006,0.0
2755,32Nvl_L1_NS,32NVL_NS,0.013,0.007
2755,NvcNvl_L3_EW,NONE,0.047,0.0
2755,32Mt_L2_NS,32MT_NS,0.006,0.006
2755,32Mt_L2_EW,NONE,0.008,0.0
2755,32Mt_L2_EW,32MT_EW,0.005,0.005
2760,304Nvl_L1_NS,304NVL_NS,0.009,0.009
2760,304Nvl_L3_NS,NONE,0.007,0.0
2760,304Nvl_L1_EW,304NVL_EW,0.008,0.008
2760,304Nvl_L2_EW,304NVL_EW,0.007,0.007
2760,32Nvl_L1_EW,32NVL_EW,0.007,-0.003
2760,32Nvl_L2_EW,32NVL_EW,0.008,0.0
2760,32Nvl_L3_NS,NONE,0.008,0.0
2760,32Nvl_L2_NS,32NVL_NS,0.008,0.003
2760,NvcNvl_L3_NS,NONE,0.081,0.0
2760,NvcNvl_L2_NS,NONE,0.079,0.0
2760,32Mt_L1_NS,32MT_NS,0.019,0.019
2760,32Mt_L1_EW,NONE,0.007,0.0
2760,32Mt_L1_EW,32MT_EW,0.014,0.009
2760,304Nvl_L2_NS,304NVL_NS,0.008,0.002
2760,304Nvl_L3_EW,NONE,0.006,0.0
2760,32Nvl_L3_EW,NONE,0.006,0.0
2760,32Nvl_L1_NS,32NVL_NS,0.013,0.007
2760,NvcNvl_L1_NS,NONE,0.105,0.0
2760,32Mt_L2_NS,32MT_NS,0.006,0.006
2760,32Mt_L2_EW,32MT_EW,0.011,0.005
2765,304Nvl_L1_NS,304NVL_NS,0.009,0.009
2765,304Nvl_L3_NS,NONE,0.007,0.0
2765,32Nvl_L1_EW,32NVL_EW,0.035,0.026
2765,32Nvl_L2_EW,32NVL_EW,0.039,0.031
2765,32Nvl_L1_EW,32NVL_EW,0.007,-0.003
2765,32Nvl_L3_NS,NONE,0.008,0.0
2765,32Nvl_L2_NS,32NVL_NS,0.008,0.003
2765,NvcNvl_L3_NS,NONE,0.007,0.0
2765,NvcNvl_L2_NS,NONE,0.007,0.0
2765,NvcNvl_L1_EW,NONE,0.053,0.0
2765,NvcNvl_L2_EW,NONE,0.038,0.0
2765,32Mt_L1_NS,32MT_NS,0.025,0.025
2765,32Mt_L1_EW,NONE,0.007,0.0
2765,32Mt_L3_EW,NONE,0.009,0.0
2765,32Mt_L1_EW,32MT_EW,0.014,-0.011
2765,32Thn_L1_EW,NONE,0.049,0.0
2765,32Thn_L2_EW,NONE,0.051,0.0
2765,32Thn_L3_EW,NONE,0.035,0.0
2765,304Nvl_L2_NS,304NVL_NS,0.008,0.002
2765,32Nvl_L3_EW,NONE,0.031,0.0
2765,32Nvl_L1_NS,32NVL_NS,0.013,0.007
2765,NvcNvl_L1_NS,NONE,0.009,0.0
2765,32Mt_L2_NS,32MT_NS,0.013,0.013
2765,32Mt_L2_EW,NONE,0.008,0.0
2765,32Mt_L2_EW,32MT_EW,0.011,-0.016
2770,304Nvl_L1_NS,304NVL_NS,0.009,0.004
2770,304Nvl_L3_NS,NONE,0.007,0.0
2770,304Nvl_L1_EW,304NVL_EW,0.11,0.11
2770,304Nvl_L1_NS,NONE,0.007,0.0
2770,32Nvl_L3_NS,NONE,0.007,0.0
2770,32Nvl_L1_NS,32NVL_NS,0.007,0.001
2770,32Nvl_L1_EW,32NVL_EW,0.05,0.022
2770,32Nvl_L2_EW,32NVL_EW,0.054,0.054
2770,32Nvl_L1_EW,32NVL_EW,0.007,-0.021
2770,32Nvl_L3_NS,NONE,0.008,0.0
2770,32Nvl_L2_NS,32NVL_NS,0.008,0.003
2770,NvcNvl_L3_NS,NONE,0.014,0.0
2770,NvcNvl_L2_NS,NONE,0.013,0.0
2770,32Mt_L1_NS,32MT_NS,0.019,0.019
2770,32Thn_L1_EW,32THN_EW,0.04,0.005
2770,304Nvl_L2_NS,304NVL_NS,0.008,0.002
2770,32Nvl_L2_NS,32NVL_NS,0.007,0.001
2770,32Nvl_L3_EW,NONE,0.044,0.0
2770,32Nvl_L1_NS,32NVL_NS,0.007,0.0
2770,NvcNvl_L1_NS,NONE,0.017,0.0
2770,32Mt_L2_NS,32MT_NS,0.006,0.006
2775,304Nvl_L1_NS,304NVL_NS,0.009,-0.005
2775,304Nvl_L3_NS,NONE,0.007,0.0
2775,304Nvl_L1_EW,304NVL_EW,0.102,0.102
2775,32Nvl_L3_NS,NONE,0.014,0.0
2775,32Nvl_L1_NS,32NVL_NS,0.021,0.014
2775,32Nvl_L1_EW,32NVL_EW,0.007,0.007
2775,32Nvl_L2_EW,32NVL_EW,0.008,0.008
2775,32Nvl_L3_NS,NONE,0.008,0.0
2775,32Nvl_L2_NS,32NVL_NS,0.008,0.003
2775,NvcNvl_L2_NS,NONE,0.007,0.0
2775,NvcNvl_L1_EW,NVCNVL_EW,0.007,0.007
2775,32Mt_L1_NS,32MT_NS,0.013,0.013
2775,32Mt_L1_EW,NONE,0.022,0.0
2775,32Mt_L3_EW,NONE,0.018,0.0
2775,32Mt_L1_NS,NONE,0.01,0.0
2775,NvcCmt8_L2_EW,NONE,0.037,0.0
2775,304Nvl_L2_NS,304NVL_NS,0.008,0.002
2775,32Nvl_L2_NS,32NVL_NS,0.02,0.015
2775,32Nvl_L3_EW,NONE,0.006,0.0
2775,32Nvl_L1_NS,32NVL_NS,0.007,0.0
2775,NvcNvl_L1_NS,NONE,0.009,0.0
2775,32Mt_L2_NS,32MT_NS,0.006,0.006
2775,32Mt_L2_EW,NONE,0.023,0.0
2775,NvcCmt8_L1_EW,NONE,0.029,0.0
2780,304Nvl_L1_NS,304NVL_NS,0.009,-0.005
2780,304Nvl_L3_NS,NONE,0.007,0.0
2780,32Nvl_L3_NS,NONE,0.014,0.0
2780,32Nvl_L1_NS,32NVL_NS,0.021,0.014
2780,32Nvl_L3_NS,NONE,0.008,0.0
2780,32Nvl_L2_NS,32NVL_NS,0.008,0.003
2780,NvcNvl_L1_EW,NVCNVL_EW,0.007,0.007
2780,32Mt_L1_NS,32MT_NS,0.006,0.006
2780,32Mt_L1_EW,NONE,0.014,0.0
2780,32Mt_L3_EW,NONE,0.018,0.0
2780,304Nvl_L2_NS,304NVL_NS,0.008,0.002
2780,32Nvl_L2_NS,32NVL_NS,0.02,0.015
2780,32Nvl_L1_NS,32NVL_NS,0.04,0.034
2780,32Mt_L2_NS,32MT_NS,0.006,0.006
2780,32Mt_L2_EW,NONE,0.015,0.0
2785,304Nvl_L1_NS,304NVL_NS,0.009,-0.005
2785,304Nvl_L3_NS,NONE,0.007,0.0
2785,304Nvl_L1_EW,304NVL_EW,0.008,0.008
2785,304Nvl_L2_EW,304NVL_EW,0.007,0.007
2785,32Nvl_L3_NS,NONE,0.007,0.0
2785,32Nvl_L1_NS,32NVL_NS,0.021,0.014
2785,32Nvl_L3_NS,NONE,0.017,0.0
2785,32Nvl_L2_NS,32NVL_NS,0.016,0.01
2785,32Mt_L1_EW,NONE,0.007,0.0
2785,32Mt_L3_EW,NONE,0.009,0.0
2785,32Mt_L1_NS,NONE,0.039,0.0
2785,304Nvl_L2_NS,304NVL_NS,0.008,-0.003
2785,304Nvl_L3_EW,NONE,0.006,0.0
2785,32Nvl_L2_NS,32NVL_NS,0.02,0.015
2785,32Nvl_L1_NS,32NVL_NS,0.047,0.041
2785,32Mt_L2_EW,NONE,0.008,0.0
2785,32Mt_L2_NS,NONE,0.017,0.0
2785,NvcCmt8_L1_EW,NVCCMT8_EW,0.038,0.038
2790,304Nvl_L1_NS,304NVL_NS,0.009,-0.005
2790,304Nvl_L3_NS,NONE,0.007,0.0
2790,304Nvl_L1_EW,304NVL_EW,0.008,0.008
2790,304Nvl_L2_EW,304NVL_EW,0.007,0.007
2790,32Nvl_L3_NS,NONE,0.007,0.0
2790,32Nvl_L1_NS,32NVL_NS,0.021,0.014
2790,32Nvl_L1_EW,32NVL_EW,0.007,-0.018
2790,32Nvl_L2_EW,32NVL_EW,0.008,-0.006
2790,32Nvl_L3_NS,NONE,0.134,0.0
2790,32Nvl_L2_NS,32NVL_NS,0.126,0.121
2790,NvcNvl_L1_EW,NVCNVL_EW,0.007,0.007
2790,NvcNvl_L2_EW,NVCNVL_EW,0.008,0.008
2790,32Mt_L1_NS,32MT_NS,0.006,0.006
2790,32Mt_L1_EW,NONE,0.007,0.0
2790,32Mt_L3_EW,NONE,0.009,0.0
2790,32Mt_L1_EW,32MT_EW,0.028,0.023
2790,32Mt_L1_NS,NONE,0.01,0.0
2790,32Thn_L1_EW,32THN_EW,0.008,0.003
2790,32Thn_L2_EW,32THN_EW,0.008,0.003
2790,32Thn_L3_EW,NONE,0.008,0.0
2790,304Nvl_L2_NS,304NVL_NS,0.008,-0.081
2790,304Nvl_L3_EW,NONE,0.006,0.0
2790,32Nvl_L2_NS,32NVL_NS,0.02,0.015
2790,32Nvl_L3_EW,NONE,0.006,0.0
2790,32Nvl_L1_NS,32NVL_NS,0.141,0.135
2790,32Mt_L2_EW,NONE,0.008,0.0
2790,32Mt_L2_EW,32MT_EW,0.011,0.005
2795,304Nvl_L1_NS,304NVL_NS,0.009,-0.01
2795,304Nvl_L3_NS,NONE,0.007,0.0
2795,304Nvl_L1_EW,304NVL_EW,0.008,0.008
2795,32Nvl_L3_NS,NONE,0.014,0.0
2795,32Nvl_L1_NS,32NVL_NS,0.028,0.021
2795,32Nvl_L3_NS,NONE,0.142,0.0
2795,32Nvl_L2_NS,32NVL_NS,0.134,0.129
2795,NvcNvl_L1_EW,NVCNVL_EW,0.042,0.042
2795,NvcNvl_L2_EW,NVCNVL_EW,0.047,0.047
2795,32Mt_L1_NS,32MT_NS,0.006,0.006
2795,32Mt_L1_EW,NONE,0.007,0.0
2795,32Mt_L1_EW,32MT_EW,0.007,0.007
2795,32Thn_L1_EW,NONE,0.01,0.0
2795,304Nvl_L2_NS,304NVL_NS,0.008,-0.086
2795,32Nvl_L2_NS,32NVL_NS,0.027,0.021
2795,32Nvl_L1_NS,32NVL_NS,0.114,0.108
2795,NvcNvl_L3_EW,NONE,0.056,0.0
2795,32Mt_L2_EW,32MT_EW,0.005,0.005
2800,304Thn_L1_EW,NONE,0.007,0.0
2800,304Thn_L2_EW,NONE,0.008,0.0
2800,304Nvl_L1_NS,304NVL_NS,0.009,-0.01
2800,304Nvl_L3_NS,NONE,0.007,0.0
2800,304Nvl_L1_EW,304NVL_EW,0.008,0.008
2800,304Nvl_L2_EW,304NVL_EW,0.007,0.007
2800,32Nvl_L3_NS,NONE,0.007,0.0
2800,32Nvl_L1_NS,32NVL_NS,0.028,0.021
2800,32Nvl_L1_EW,32NVL_EW,0.007,-0.008
2800,32Nvl_L2_EW,32NVL_EW,0.008,-0.004
2800,32Nvl_L3_NS,NONE,0.142,0.0
2800,32Nvl_L2_NS,32NVL_NS,0.134,0.129
2800,NvcNvl_L1_EW,NONE,0.011,0.0
2800,NvcNvl_L2_EW,NONE,0.008,0.0
2800,32Mt_L1_NS,32MT_NS,0.019,0.019
2800,32Mt_L1_EW,32MT_EW,0.021,0.016
2800,32Mt_L1_NS,NONE,0.01,0.0
2800,304Nvl_L2_NS,304NVL_NS,0.008,-0.086
2800,304Nvl_L3_EW,NONE,0.006,0.0
2800,32Nvl_L2_NS,32NVL_NS,0.027,0.021
2800,32Nvl_L3_EW,NONE,0.006,0.0
2800,32Nvl_L1_NS,32NVL_NS,0.121,0.114
2800,NvcNvl_L3_EW,NONE,0.006,0.0
2800,32Mt_L2_EW,32MT_EW,0.016,0.011
2800,32Mt_L2_NS,NONE,0.009,0.0
2805,304Thn_L1_EW,304THN_EW,0.008,0.008
2805,304Nvl_L1_NS,304NVL_NS,0.009,-0.001
2805,32Nvl_L1_NS,32NVL_NS,0.014,0.008
2805,32Nvl_L1_EW,32NVL_EW,0.007,0.002
2805,32Nvl_L2_EW,32NVL_EW,0.008,0.004
2805,32Nvl_L3_NS,NONE,0.125,0.0
2805,32Nvl_L2_NS,32NVL_NS,0.118,0.113
2805,NvcNvl_L1_EW,NONE,0.021,0.0
2805,NvcNvl_L2_EW,NONE,0.015,0.0
2805,NvcNvl_L1_EW,NVCNVL_EW,0.007,-0.002
2805,NvcNvl_L2_EW,NVCNVL_EW,0.008,0.006
2805,32Mt_L1_NS,32MT_NS,0.006,0.006
2805,32Mt_L1_EW,32MT_EW,0.007,0.002
2805,NvcMt_L2_NS,NONE,0.026,0.0
2805,NvcMt_L1_EW,NVCMT_EW,0.013,0.008
2805,NvcMt_L2_EW,NVCMT_EW,0.003,-0.003
2805,304Nvl_L2_NS,304NVL_NS,0.008,-0.075
2805,32Nvl_L2_NS,32NVL_NS,0.013,0.008
2805,32Nvl_L3_EW,NONE,0.006,0.0
2805,32Nvl_L1_NS,32NVL_NS,0.107,0.101
2805,NvcNvl_L3_EW,NONE,0.013,0.0
2805,NvcNvl_L3_EW,NONE,0.009,0.0
2805,32Mt_L2_EW,32MT_EW,0.005,0.0
2805,NvcMt_L1_NS,NONE,0.027,0.0
2805,NvcMt_L2_EW,NVCMT_EW,0.016,0.01
2805,NvcMt_L1_EW,NVCMT_EW,0.006,0.001
2810,304Thn_L1_EW,304THN_EW,0.008,0.002
2810,304Nvl_L1_EW,304NVL_EW,0.008,0.003
2810,304Nvl_L2_EW,304NVL_EW,0.007,0.007
2810,32Nvl_L1_NS,32NVL_NS,0.007,0.007
2810,32Nvl_L1_EW,32NVL_EW,0.007,0.007
2810,32Nvl_L2_EW,32NVL_EW,0.008,0.008
2810,32Nvl_L3_NS,NONE,0.008,0.0
2810,32Nvl_L2_NS,32NVL_NS,0.008,0.008
2810,NvcNvl_L1_EW,NVCNVL_EW,0.021,0.012
2810,NvcNvl_L2_EW,NVCNVL_EW,0.016,0.014
2810,32Mt_L1_NS,32MT_NS,0.019,0.019
2810,NvcMt_L2_NS,NONE,0.053,0.0
2810,NvcMt_L1_EW,NVCMT_EW,0.013,-0.029
2810,NvcMt_L2_EW,NVCMT_EW,0.003,-0.027
2810,NvcCmt8_L2_EW,NVCCMT8_EW,0.026,0.025
2810,304Nvl_L3_EW,NONE,0.006,0.0
2810,32Nvl_L2_NS,32NVL_NS,0.007,0.007
2810,32Nvl_L3_EW,NONE,0.006,0.0
2810,32Nvl_L1_NS,32NVL_NS,0.013,0.013
2810,NvcNvl_L3_EW,NONE,0.019,0.0
2810,NvcMt_L1_NS,NONE,0.055,0.0
2810,NvcMt_L2_EW,NVCMT_EW,0.016,-0.014
2810,NvcMt_L1_EW,NVCMT_EW,0.006,-0.036
2810,NvcCmt8_L1_EW,NVCCMT8_EW,0.038,0.03
2815,304Nvl_L1_EW,304NVL_EW,0.008,0.008
2815,304Nvl_L2_EW,304NVL_EW,0.007,0.007
2815,304Nvl_L1_NS,NONE,0.007,0.0
2815,32Nvl_L1_EW,32NVL_EW,0.007,0.007
2815,32Nvl_L2_EW,32NVL_EW,0.008,0.008
2815,32Nvl_L3_NS,NONE,0.042,0.0
2815,32Nvl_L2_NS,32NVL_NS,0.039,0.039
2815,NvcNvl_L3_NS,NONE,0.014,0.0
2815,NvcNvl_L2_NS,NONE,0.013,0.0
2815,NvcNvl_L1_EW,NONE,0.011,0.0
2815,NvcNvl_L2_EW,NONE,0.008,0.0
2815,NvcNvl_L1_EW,NVCNVL_EW,0.021,0.012
2815,NvcNvl_L2_EW,NVCNVL_EW,0.016,0.014
2815,NvcNvl_L1_NS,NVCNVL_NS,0.007,0.007
2815,32Mt_L1_NS,32MT_NS,0.006,0.006
2815,32Mt_L1_EW,NONE,0.007,0.0
2815,NvcMt_L1_EW,NVCMT_EW,0.013,-0.029
2815,NvcMt_L2_EW,NVCMT_EW,0.003,-0.027
2815,NvcCmt8_L2_EW,NVCCMT8_EW,0.026,0.025
2815,304Nvl_L3_EW,NONE,0.006,0.0
2815,32Nvl_L3_EW,NONE,0.006,0.0
2815,32Nvl_L1_NS,32NVL_NS,0.04,0.036
2815,NvcNvl_L1_NS,NONE,0.017,0.0
2815,NvcNvl_L3_EW,NONE,0.006,0.0
2815,NvcNvl_L3_EW,NONE,0.019,0.0
2815,NvcMt_L2_EW,NVCMT_EW,0.016,-0.014
2815,NvcMt_L1_EW,NVCMT_EW,0.033,-0.008
2815,NvcCmt8_L1_EW,NVCCMT8_EW,0.038,0.03
2820,304Nvl_L1_NS,NONE,0.007,0.0
2820,32Nvl_L3_NS,NONE,0.007,0.0
2820,32Nvl_L1_NS,32NVL_NS,0.014,0.014
2820,32Nvl_L1_EW,32NVL_EW,0.007,0.007
2820,32Nvl_L2_EW,32NVL_EW,0.008,0.008
2820,NvcNvl_L1_EW,NONE,0.011,0.0
2820,NvcNvl_L2_EW,NONE,0.008,0.0
2820,NvcNvl_L1_EW,NVCNVL_EW,0.021,0.017
2820,NvcNvl_L2_EW,NVCNVL_EW,0.016,0.016
2820,NvcMt_L1_EW,NVCMT_EW,0.006,-0.035
2820,NvcCmt8_L2_EW,NVCCMT8_EW,0.026,0.026
2820,32Thn_L1_EW,NONE,0.01,0.0
2820,32Thn_L2_EW,NONE,0.01,0.0
2820,32Thn_L3_EW,NONE,0.007,0.0
2820,32Nvl_L2_NS,32NVL_NS,0.007,0.007
2820,32Nvl_L3_EW,NONE,0.006,0.0
2820,32Nvl_L1_NS,32NVL_NS,0.013,0.013
2820,NvcNvl_L3_EW,NONE,0.019,0.0
2820,NvcMt_L2_EW,NVCMT_EW,0.008,-0.021
2820,NvcCmt8_L1_EW,NVCCMT8_EW,0.038,0.034
2825,32Nvl_L1_EW,32NVL_EW,0.007,-0.003
2825,32Nvl_L2_EW,32NVL_EW,0.008,0.004
2825,32Nvl_L3_NS,NONE,0.008,0.0
2825,32Nvl_L2_NS,32NVL_NS,0.008,0.008
2825,NvcNvl_L3_NS,NONE,0.007,0.0
2825,NvcNvl_L2_NS,NONE,0.007,0.0
2825,NvcNvl_L1_EW,NVCNVL_EW,0.014,0.014
2825,NvcNvl_L2_EW,NVCNVL_EW,0.016,0.016
2825,32Mt_L1_EW,32MT_EW,0.007,0.002
2825,NvcCmt8_L2_EW,NVCCMT8_EW,0.026,0.026
2825,32Thn_L1_EW,32THN_EW,0.008,0.003
2825,32Nvl_L3_EW,NONE,0.006,0.0
2825,32Nvl_L1_NS,32NVL_NS,0.02,0.02
2825,NvcNvl_L1_NS,NONE,0.009,0.0
2825,NvcNvl_L3_EW,NONE,0.019,0.0
2825,32Mt_L2_EW,32MT_EW,0.005,0.0
2825,NvcCmt8_L1_EW,NVCCMT8_EW,0.038,0.038
2830,304Nvl_L1_EW,304NVL_EW,0.051,0.051
2830,304Nvl_L2_EW,304NVL_EW,0.044,0.044
2830,32Nvl_L3_NS,NONE,0.007,0.0
2830,32Nvl_L1_NS,32NVL_NS,0.007,0.007
2830,32Nvl_L1_EW,32NVL_EW,0.007,-0.008
2830,32Nvl_L2_EW,32NVL_EW,0.008,0.0
2830,32Nvl_L3_NS,NONE,0.008,0.0
2830,32Nvl_L2_NS,32NVL_NS,0.008,0.008
2830,NvcNvl_L1_EW,NVCNVL_EW,0.021,0.021
2830,NvcNvl_L2_EW,NVCNVL_EW,0.023,0.023
2830,32Mt_L1_EW,32MT_EW,0.014,0.009
2830,NvcCmt8_L2_NS,NONE,0.011,0.0
2830,32Thn_L1_EW,32THN_EW,0.008,0.003
2830,NvcCmt8_L1_NS,NONE,0.008,0.0
2830,304Nvl_L3_EW,NONE,0.038,0.0
2830,32Nvl_L2_NS,32NVL_NS,0.007,0.007
2830,32Nvl_L3_EW,NONE,0.006,0.0
2830,32Nvl_L1_NS,32NVL_NS,0.013,0.013
2830,NvcNvl_L3_EW,NONE,0.028,0.0
2830,32Mt_L2_EW,32MT_EW,0.011,0.005
2830,NvcMt_L1_EW,NVCMT_EW,0.006,-0.009
2835,304Nvl_L1_NS,NONE,0.007,0.0
2835,32Nvl_L1_EW,32NVL_EW,0.021,0.011
2835,32Nvl_L2_EW,32NVL_EW,0.023,0.016
2835,NvcNvl_L1_EW,NVCNVL_EW,0.028,0.024
2835,NvcNvl_L2_EW,NVCNVL_EW,0.023,0.023
2835,32Mt_L1_EW,32MT_EW,0.014,-0.001
2835,NvcMt_L1_EW,NVCMT_EW,0.006,-0.013
2835,32Nvl_L3_EW,NONE,0.019,0.0
2835,NvcNvl_L3_EW,NONE,0.028,0.0
2835,32Mt_L2_EW,32MT_EW,0.011,-0.005
2835,NvcMt_L2_EW,NVCMT_EW,0.008,-0.008
2835,NvcCmt8_L1_EW,NONE,0.029,0.0
2840,304Nvl_L1_NS,304NVL_NS,0.009,0.004
2840,304Nvl_L3_NS,NONE,0.007,0.0
2840,304Nvl_L1_EW,304NVL_EW,0.042,0.042
2840,304Nvl_L1_NS,NONE,0.007,0.0
2840,32Nvl_L1_NS,32NVL_NS,0.007,0.001
2840,32Nvl_L1_EW,32NVL_EW,0.014,0.004
2840,32Nvl_L2_EW,32NVL_EW,0.015,0.008
2840,32Nvl_L1_EW,32NVL_EW,0.007,-0.003
2840,32Nvl_L2_EW,32NVL_EW,0.007,0.0
2840,32Nvl_L3_NS,NONE,0.008,0.0
2840,32Nvl_L2_NS,32NVL_NS,0.008,0.003
2840,NvcNvl_L3_NS,NONE,0.041,0.0
2840,NvcNvl_L2_NS,NONE,0.04,0.0
2840,NvcNvl_L1_EW,NVCNVL_EW,0.028,0.019
2840,NvcNvl_L2_EW,NVCNVL_EW,0.023,0.023
2840,32Mt_L1_EW,32MT_EW,0.014,0.004
2840,NvcMt_L2_NS,NONE,0.005,0.0
2840,NvcMt_L1_EW,NVCMT_EW,0.013,-0.007
2840,304Nvl_L2_NS,304NVL_NS,0.008,0.002
2840,32Nvl_L3_EW,NONE,0.006,0.0
2840,32Nvl_L3_EW,NONE,0.013,0.0
2840,32Nvl_L1_NS,32NVL_NS,0.013,0.007
2840,NvcNvl_L1_NS,NONE,0.052,0.0
2840,NvcNvl_L3_EW,NONE,0.028,0.0
2840,32Mt_L2_EW,32MT_EW,0.011,0.0
2840,NvcMt_L1_NS,NONE,0.005,0.0
2840,NvcMt_L2_EW,NVCMT_EW,0.016,-0.001
2845,304Nvl_L1_NS,304NVL_NS,0.009,0.004
2845,304Nvl_L3_NS,NONE,0.007,0.0
2845,304Nvl_L1_EW,304NVL_EW,0.008,0.008
2845,304Nvl_L2_EW,304NVL_EW,0.007,0.007
2845,304Nvl_L1_NS,NONE,0.007,0.0
2845,304Nvl_L3_NS,NONE,0.008,0.0
2845,32Nvl_L3_NS,NONE,0.007,0.0
2845,32Nvl_L1_NS,32NVL_NS,0.007,0.001
2845,32Nvl_L1_EW,32NVL_EW,0.014,0.004
2845,32Nvl_L2_EW,32NVL_EW,0.015,0.008
2845,32Nvl_L1_EW,32NVL_EW,0.007,-0.003
2845,32Nvl_L2_EW,32NVL_EW,0.007,0.0
2845,32Nvl_L3_NS,NONE,0.017,0.0
2845,32Nvl_L2_NS,32NVL_NS,0.016,0.01
2845,NvcNvl_L3_NS,NONE,0.007,0.0
2845,NvcNvl_L2_NS,NONE,0.007,0.0
2845,NvcNvl_L1_EW,NVCNVL_EW,0.028,0.019
2845,NvcNvl_L2_EW,NVCNVL_EW,0.023,0.023
2845,32Mt_L1_EW,32MT_EW,0.014,0.004
2845,NvcMt_L1_EW,NVCMT_EW,0.013,-0.007
2845,NvcCmt8_L2_NS,NONE,0.011,0.0
2845,NvcCmt8_L1_NS,NONE,0.008,0.0
2845,304Nvl_L2_NS,304NVL_NS,0.008,-0.003
2845,304Nvl_L3_EW,NONE,0.006,0.0
2845,304Nvl_L2_NS,NONE,0.007,0.0
2845,32Nvl_L2_NS,32NVL_NS,0.007,0.001
2845,32Nvl_L3_EW,NONE,0.006,0.0
2845,32Nvl_L3_EW,NONE,0.013,0.0
2845,32Nvl_L1_NS,32NVL_NS,0.027,0.021
2845,NvcNvl_L1_NS,NONE,0.009,0.0
2845,NvcNvl_L3_EW,NONE,0.028,0.0
2845,32Mt_L2_EW,32MT_EW,0.011,0.0
2845,NvcMt_L2_EW,NVCMT_EW,0.016,-0.001
2850,304Nvl_L1_NS,304NVL_NS,0.009,0.004
2850,304Nvl_L3_NS,NONE,0.007,0.0
2850,32Nvl_L3_NS,NONE,0.007,0.0
2850,32Nvl_L1_NS,32NVL_NS,0.007,0.001
2850,32Nvl_L1_EW,32NVL_EW,0.007,-0.008
2850,32Nvl_L2_EW,32NVL_EW,0.008,-0.004
2850,32Nvl_L1_EW,32NVL_EW,0.007,-0.008
2850,32Nvl_L2_EW,32NVL_EW,0.007,-0.004
2850,NvcNvl_L3_NS,NONE,0.007,0.0
2850,NvcNvl_L2_NS,NONE,0.007,0.0
2850,NvcNvl_L1_EW,NONE,0.011,0.0
2850,NvcNvl_L2_EW,NONE,0.008,0.0
2850,NvcNvl_L1_EW,NVCNVL_EW,0.021,0.021
2850,NvcNvl_L2_EW,NVCNVL_EW,0.023,0.023
2850,32Mt_L1_EW,32MT_EW,0.021,0.016
2850,NvcMt_L2_NS,NONE,0.005,0.0
2850,304Nvl_L2_NS,304NVL_NS,0.008,0.008
2850,32Nvl_L2_NS,32NVL_NS,0.007,0.001
2850,32Nvl_L3_EW,NONE,0.006,0.0
2850,32Nvl_L3_EW,NONE,0.006,0.0
2850,32Nvl_L1_NS,32NVL_NS,0.007,0.0
2850,NvcNvl_L1_NS,NONE,0.009,0.0
2850,NvcNvl_L3_EW,NONE,0.028,0.0
2850,32Mt_L2_EW,32MT_EW,0.016,0.011
2850,NvcMt_L1_NS,NONE,0.005,0.0
2855,304Nvl_L1_NS,304NVL_NS,0.009,0.009
2855,304Nvl_L3_NS,NONE,0.007,0.0
2855,304Nvl_L1_EW,304NVL_EW,0.017,0.017
2855,304Nvl_L2_EW,304NVL_EW,0.015,0.015
2855,32Nvl_L1_EW,32NVL_EW,0.007,-0.012
2855,32Nvl_L2_EW,32NVL_EW,0.008,-0.008
2855,32Nvl_L1_EW,32NVL_EW,0.007,-0.013
2855,32Nvl_L2_EW,32NVL_EW,0.007,-0.008
2855,32Nvl_L3_NS,NONE,0.008,0.0
2855,32Nvl_L2_NS,32NVL_NS,0.008,0.003
2855,NvcNvl_L3_NS,NONE,0.014,0.0
2855,NvcNvl_L2_NS,NONE,0.013,0.0
2855,NvcNvl_L1_EW,NVCNVL_EW,0.021,0.021
2855,NvcNvl_L2_EW,NVCNVL_EW,0.023,0.023
2855,32Mt_L1_EW,32MT_EW,0.028,0.023
2855,NvcCmt8_L2_EW,NONE,0.007,0.0
2855,304Nvl_L2_NS,304NVL_NS,0.008,0.002
2855,304Nvl_L3_EW,NONE,0.013,0.0
2855,32Nvl_L3_EW,NONE,0.006,0.0
2855,32Nvl_L3_EW,NONE,0.006,0.0
2855,32Nvl_L1_NS,32NVL_NS,0.007,0.0
2855,NvcNvl_L1_NS,NONE,0.017,0.0
2855,NvcNvl_L3_EW,NONE,0.028,0.0
2855,32Mt_L2_EW,32MT_EW,0.022,0.016
2855,NvcCmt8_L1_EW,NONE,0.006,0.0
2860,304Nvl_L1_NS,304NVL_NS,0.018,0.018
2860,304Nvl_L3_NS,NONE,0.007,0.0
2860,304Nvl_L1_EW,304NVL_EW,0.008,0.008
2860,304Nvl_L2_EW,304NVL_EW,0.007,0.007
2860,304Nvl_L1_NS,NONE,0.015,0.0
2860,304Nvl_L3_NS,NONE,0.008,0.0
2860,32Nvl_L1_EW,32NVL_EW,0.007,-0.012
2860,32Nvl_L2_EW,32NVL_EW,0.008,-0.008
2860,32Nvl_L1_EW,32NVL_EW,0.007,-0.013
2860,32Nvl_L2_EW,32NVL_EW,0.007,-0.008
2860,NvcNvl_L3_NS,NONE,0.007,0.0
2860,NvcNvl_L2_NS,NONE,0.007,0.0
2860,NvcNvl_L1_EW,NVCNVL_EW,0.014,0.014
2860,NvcNvl_L2_EW,NVCNVL_EW,0.008,0.008
2860,32Mt_L1_EW,32MT_EW,0.028,0.023
2860,32Mt_L1_NS,NONE,0.01,0.0
2860,NvcMt_L2_NS,NONE,0.005,0.0
2860,NvcMt_L1_NS,NVCMT_NS,0.007,0.007
2860,304Nvl_L2_NS,304NVL_NS,0.008,0.008
2860,304Nvl_L3_EW,NONE,0.006,0.0
2860,304Nvl_L2_NS,NONE,0.007,0.0
2860,32Nvl_L3_EW,NONE,0.006,0.0
2860,32Nvl_L3_EW,NONE,0.006,0.0
2860,NvcNvl_L1_NS,NONE,0.009,0.0
2860,NvcNvl_L3_EW,NONE,0.009,0.0
2860,32Mt_L2_EW,32MT_EW,0.022,0.016
2860,32Mt_L2_NS,NONE,0.009,0.0
2860,NvcMt_L1_NS,NONE,0.005,0.0
2860,NvcMt_L2_NS,NVCMT_NS,0.005,0.005
2865,304Nvl_L1_NS,304NVL_NS,0.018,0.004
2865,304Nvl_L3_NS,NONE,0.007,0.0
2865,304Nvl_L1_EW,304NVL_EW,0.008,0.008
2865,32Nvl_L3_NS,NONE,0.007,0.0
2865,32Nvl_L1_NS,32NVL_NS,0.021,0.008
2865,32Nvl_L1_EW,32NVL_EW,0.007,-0.022
2865,32Nvl_L2_EW,32NVL_EW,0.008,-0.015
2865,32Nvl_L1_EW,32NVL_EW,0.007,-0.023
2865,32Nvl_L2_EW,32NVL_EW,0.007,-0.015
2865,NvcNvl_L1_EW,NVCNVL_EW,0.007,0.007
2865,32Mt_L1_NS,32MT_NS,0.006,0.001
2865,32Mt_L1_EW,32MT_EW,0.042,0.037
2865,32Mt_L1_NS,NONE,0.01,0.0
2865,NvcMt_L1_NS,NVCMT_NS,0.007,0.002
2865,304Nvl_L2_NS,304NVL_NS,0.008,0.008
2865,32Nvl_L2_NS,32NVL_NS,0.013,0.008
2865,32Nvl_L3_EW,NONE,0.006,0.0
2865,32Nvl_L3_EW,NONE,0.006,0.0
2865,32Mt_L2_EW,32MT_EW,0.033,0.027
2865,32Mt_L2_NS,NONE,0.009,0.0
2865,NvcMt_L2_NS,NVCMT_NS,0.005,0.005
2865,NvcCmt8_L1_EW,NVCCMT8_EW,0.008,0.008
2870,304Nvl_L1_NS,304NVL_NS,0.018,0.018
2870,304Nvl_L3_NS,NONE,0.007,0.0
2870,304Nvl_L1_EW,304NVL_EW,0.025,0.025
2870,304Nvl_L2_EW,304NVL_EW,0.015,0.015
2870,304Nvl_L1_NS,NONE,0.007,0.0
2870,32Nvl_L1_EW,32NVL_EW,0.007,-0.022
2870,32Nvl_L2_EW,32NVL_EW,0.008,-0.015
2870,32Nvl_L1_EW,32NVL_EW,0.007,-0.023
2870,32Nvl_L2_EW,32NVL_EW,0.007,-0.015
2870,NvcNvl_L1_EW,NONE,0.011,0.0
2870,NvcNvl_L2_EW,NONE,0.008,0.0
2870,32Mt_L1_EW,NONE,0.007,0.0
2870,32Mt_L1_EW,32MT_EW,0.042,0.037
2870,32Mt_L1_NS,NONE,0.068,0.0
2870,NvcMt_L2_NS,NONE,0.005,0.0
2870,NvcMt_L1_NS,NVCMT_NS,0.007,0.007
2870,304Nvl_L2_NS,304NVL_NS,0.008,0.008
2870,304Nvl_L3_EW,NONE,0.006,0.0
2870,32Nvl_L3_EW,NONE,0.006,0.0
2870,32Nvl_L3_EW,NONE,0.006,0.0
2870,32Mt_L2_EW,32MT_EW,0.033,0.027
2870,32Mt_L2_NS,NONE,0.052,0.0
2870,NvcMt_L1_NS,NONE,0.005,0.0
2870,NvcMt_L2_NS,NVCMT_NS,0.005,0.005
2875,304Nvl_L1_NS,304NVL_NS,0.009,0.009
2875,304Nvl_L3_NS,NONE,0.007,0.0
2875,304Nvl_L1_EW,304NVL_EW,0.017,0.017
2875,304Nvl_L2_EW,304NVL_EW,0.015,0.015
2875,32Nvl_L1_EW,32NVL_EW,0.014,0.009
2875,32Nvl_L2_EW,32NVL_EW,0.015,0.015
2875,32Nvl_L1_EW,32NVL_EW,0.007,0.002
2875,32Nvl_L2_EW,32NVL_EW,0.007,0.007
2875,NvcNvl_L3_NS,NONE,0.007,0.0
2875,NvcNvl_L2_NS,NONE,0.007,0.0
2875,NvcNvl_L1_EW,NVCNVL_EW,0.007,0.007
2875,32Mt_L1_NS,32MT_NS,0.006,0.001
2875,32Mt_L1_EW,32MT_EW,0.007,-0.003
2875,32Mt_L1_NS,NONE,0.02,0.0
2875,NvcMt_L1_NS,NVCMT_NS,0.007,0.002
2875,304Nvl_L2_NS,304NVL_NS,0.008,0.008
2875,304Nvl_L3_EW,NONE,0.013,0.0
2875,32Nvl_L3_EW,NONE,0.006,0.0
2875,32Nvl_L3_EW,NONE,0.013,0.0
2875,32Nvl_L1_NS,32NVL_NS,0.007,0.0
2875,NvcNvl_L1_NS,NONE,0.009,0.0
2875,32Mt_L2_NS,NONE,0.017,0.0
2875,NvcMt_L2_NS,NVCMT_NS,0.005,0.005
2880,304Nvl_L1_NS,304NVL_NS,0.009,0.009
2880,304Nvl_L3_NS,NONE,0.007,0.0
2880,304Nvl_L1_EW,304NVL_EW,0.008,0.008
2880,32Nvl_L1_EW,32NVL_EW,0.014,0.004
2880,32Nvl_L2_EW,32NVL_EW,0.015,0.012
2880,32Nvl_L1_EW,32NVL_EW,0.007,-0.003
2880,32Nvl_L2_EW,32NVL_EW,0.007,0.004
2880,32Nvl_L3_NS,NONE,0.008,0.0
2880,32Nvl_L2_NS,32NVL_NS,0.008,0.003
2880,NvcNvl_L1_EW,NONE,0.011,0.0
2880,NvcNvl_L2_EW,NONE,0.008,0.0
2880,32Mt_L1_NS,32MT_NS,0.013,0.008
2880,32Mt_L1_EW,NONE,0.014,0.0
2880,32Mt_L3_EW,NONE,0.009,0.0
2880,32Mt_L1_EW,32MT_EW,0.014,0.004
2880,32Mt_L1_NS,NONE,0.049,0.0
2880,NvcMt_L1_NS,NVCMT_NS,0.007,-0.002
2880,304Nvl_L2_NS,304NVL_NS,0.008,0.002
2880,32Nvl_L3_EW,NONE,0.006,0.0
2880,32Nvl_L3_EW,NONE,0.013,0.0
2880,32Nvl_L1_NS,32NVL_NS,0.007,0.0
2880,32Mt_L2_EW,NONE,0.008,0.0
2880,32Mt_L2_EW,32MT_EW,0.005,-0.005
2880,NvcMt_L2_NS,NVCMT_NS,0.005,0.005
2885,304Nvl_L1_NS,304NVL_NS,0.009,0.004
2885,304Nvl_L3_NS,NONE,0.007,0.0
2885,304Nvl_L1_NS,NONE,0.007,0.0
2885,32Nvl_L3_NS,NONE,0.007,0.0
2885,32Nvl_L1_NS,32NVL_NS,0.007,0.001
2885,32Nvl_L1_EW,32NVL_EW,0.014,0.009
2885,32Nvl_L2_EW,32NVL_EW,0.015,0.012
2885,32Nvl_L1_EW,32NVL_EW,0.007,0.002
2885,32Nvl_L2_EW,32NVL_EW,0.007,0.004
2885,NvcNvl_L3_NS,NONE,0.007,0.0
2885,NvcNvl_L2_NS,NONE,0.007,0.0
2885,NvcNvl_L1_EW,NONE,0.011,0.0
2885,32Mt_L1_NS,32MT_NS,0.006,0.001
2885,32Mt_L1_EW,NONE,0.029,0.0
2885,32Mt_L3_EW,NONE,0.009,0.0
2885,32Mt_L1_EW,32MT_EW,0.007,-0.003
2885,NvcMt_L1_NS,NVCMT_NS,0.007,0.002
2885,NvcCmt8_L2_EW,NVCCMT8_EW,0.005,0.005
2885,304Nvl_L2_NS,304NVL_NS,0.008,0.008
2885,32Nvl_L2_NS,32NVL_NS,0.007,0.001
2885,32Nvl_L3_EW,NONE,0.006,0.0
2885,32Nvl_L3_EW,NONE,0.013,0.0
2885,32Nvl_L1_NS,32NVL_NS,0.007,0.0
2885,NvcNvl_L1_NS,NONE,0.009,0.0
2885,32Mt_L2_EW,NONE,0.015,0.0
2885,32Mt_L2_EW,32MT_EW,0.005,-0.005
2885,NvcMt_L2_NS,NVCMT_NS,0.005,0.005
2885,NvcCmt8_L1_EW,NVCCMT8_EW,0.008,0.008
2890,304Nvl_L1_NS,304NVL_NS,0.018,0.013
2890,304Nvl_L3_NS,NONE,0.007,0.0
2890,304Nvl_L1_NS,NONE,0.007,0.0
2890,304Nvl_L3_NS,NONE,0.008,0.0
2890,32Nvl_L1_NS,32NVL_NS,0.007,-0.006
2890,32Nvl_L1_EW,32NVL_EW,0.007,0.001
2890,32Nvl_L2_EW,32NVL_EW,0.008,0.002
2890,32Nvl_L1_EW,32NVL_EW,0.007,0.001
2890,32Nvl_L2_EW,32NVL_EW,0.007,0.002
2890,32Mt_L1_NS,32MT_NS,0.006,0.001
2890,32Mt_L1_NS,NONE,0.01,0.0
2890,NvcMt_L2_NS,NONE,0.005,0.0
2890,NvcMt_L1_NS,NVCMT_NS,0.007,0.002
2890,NvcCmt8_L2_NS,NONE,0.011,0.0
2890,32Thn_L1_EW,32THN_EW,0.008,0.003
2890,32Thn_L2_EW,32THN_EW,0.008,0.003
2890,NvcCmt8_L1_NS,NONE,0.008,0.0
2890,32Thn_L3_EW,NONE,0.008,0.0
2890,304Nvl_L2_NS,304NVL_NS,0.008,0.008
2890,304Nvl_L2_NS,NONE,0.007,0.0
2890,32Nvl_L2_NS,32NVL_NS,0.007,0.001
2890,32Nvl_L3_EW,NONE,0.006,0.0
2890,32Nvl_L3_EW,NONE,0.006,0.0
2890,32Nvl_L1_NS,32NVL_NS,0.007,-0.006
2890,NvcMt_L1_NS,NONE,0.005,0.0
2890,NvcMt_L2_NS,NVCMT_NS,0.005,0.005
2895,304Nvl_L1_NS,304NVL_NS,0.018,0.018
2895,304Nvl_L3_NS,NONE,0.007,0.0
2895,32Nvl_L1_EW,32NVL_EW,0.007,0.002
2895,32Nvl_L2_EW,32NVL_EW,0.008,0.004
2895,32Nvl_L1_EW,32NVL_EW,0.007,0.002
2895,32Nvl_L2_EW,32NVL_EW,0.007,0.004
2895,32Mt_L1_EW,NONE,0.007,0.0
2895,32Mt_L3_EW,NONE,0.009,0.0
2895,32Mt_L1_EW,32MT_EW,0.007,0.002
2895,32Mt_L1_NS,NONE,0.01,0.0
2895,NvcMt_L1_NS,NVCMT_NS,0.007,0.007
2895,32Thn_L1_EW,NONE,0.01,0.0
2895,304Nvl_L2_NS,304NVL_NS,0.008,0.008
2895,32Nvl_L3_EW,NONE,0.006,0.0
2895,32Nvl_L3_EW,NONE,0.006,0.0
2895,32Mt_L2_EW,NONE,0.008,0.0
2895,32Mt_L2_EW,32MT_EW,0.005,0.0
2895,NvcMt_L2_NS,NVCMT_NS,0.005,0.005
2900,304Nvl_L1_NS,304NVL_NS,0.009,0.009
2900,304Nvl_L3_NS,NONE,0.007,0.0
2900,304Nvl_L1_EW,304NVL_EW,0.144,0.144
2900,304Nvl_L2_EW,304NVL_EW,0.123,0.123
2900,32Nvl_L1_EW,32NVL_EW,0.007,0.007
2900,32Nvl_L2_EW,32NVL_EW,0.008,0.008
2900,32Nvl_L1_EW,32NVL_EW,0.007,0.007
2900,32Nvl_L2_EW,32NVL_EW,0.007,0.007
2900,32Mt_L1_NS,32MT_NS,0.006,0.001
2900,32Mt_L1_NS,NONE,0.01,0.0
2900,NvcMt_L1_EW,NVCMT_EW,0.006,0.006
2900,NvcMt_L1_NS,NVCMT_NS,0.007,0.002
2900,304Nvl_L2_NS,304NVL_NS,0.008,0.008
2900,304Nvl_L3_EW,NONE,0.108,0.0
2900,32Nvl_L3_EW,NONE,0.006,0.0
2900,32Nvl_L3_EW,NONE,0.006,0.0
2900,32Nvl_L1_NS,32NVL_NS,0.007,0.0
2900,32Mt_L2_NS,32MT_NS,0.006,0.003
2900,NvcMt_L2_EW,NVCMT_EW,0.008,0.008
2900,NvcMt_L2_NS,NVCMT_NS,0.005,0.001
2905,304Nvl_L1_NS,304NVL_NS,0.009,0.009
2905,304Nvl_L3_NS,NONE,0.007,0.0
2905,304Nvl_L1_EW,304NVL_EW,0.22,0.22
2905,304Nvl_L2_EW,304NVL_EW,0.189,0.189
2905,32Nvl_L1_EW,32NVL_EW,0.014,0.014
2905,32Nvl_L2_EW,32NVL_EW,0.015,0.015
2905,32Nvl_L1_EW,32NVL_EW,0.007,0.007
2905,32Nvl_L2_EW,32NVL_EW,0.007,0.007
2905,32Mt_L1_NS,32MT_NS,0.006,0.001
2905,32Mt_L1_NS,NONE,0.01,0.0
2905,NvcMt_L1_NS,NVCMT_NS,0.007,0.002
2905,304Nvl_L2_NS,304NVL_NS,0.008,0.008
2905,304Nvl_L3_EW,NONE,0.133,0.0
2905,32Nvl_L3_EW,NONE,0.006,0.0
2905,32Nvl_L3_EW,NONE,0.013,0.0
2905,32Mt_L2_NS,32MT_NS,0.006,0.003
2905,32Mt_L2_NS,NONE,0.009,0.0
2905,NvcMt_L2_NS,NVCMT_NS,0.005,0.001
2910,304Nvl_L1_NS,304NVL_NS,0.009,0.004
2910,304Nvl_L3_NS,NONE,0.007,0.0
2910,304Nvl_L1_EW,304NVL_EW,0.068,0.068
2910,304Nvl_L2_EW,304NVL_EW,0.058,0.058
2910,32Nvl_L3_NS,NONE,0.007,0.0
2910,32Nvl_L1_NS,32NVL_NS,0.007,0.001
2910,NvcNvl_L2_NS,NONE,0.007,0.0
2910,32Mt_L1_NS,32MT_NS,0.006,0.001
2910,NvcMt_L1_NS,NVCMT_NS,0.007,0.002
2910,304Nvl_L2_NS,304NVL_NS,0.008,0.008
2910,304Nvl_L3_EW,NONE,0.051,0.0
2910,32Nvl_L2_NS,32NVL_NS,0.007,0.001
2910,NvcNvl_L1_NS,NONE,0.009,0.0
2910,32Mt_L2_NS,32MT_NS,0.006,0.003
2910,NvcMt_L2_NS,NVCMT_NS,0.005,0.001
2915,304Nvl_L1_NS,304NVL_NS,0.009,0.004
2915,304Nvl_L3_NS,NONE,0.007,0.0
2915,304Nvl_L1_EW,304NVL_EW,0.008,0.008
2915,304Nvl_L2_EW,304NVL_EW,0.007,0.007
2915,304Nvl_L1_NS,NONE,0.095,0.0
2915,32Nvl_L1_NS,32NVL_NS,0.007,0.001
2915,32Nvl_L3_NS,NONE,0.042,0.0
2915,32Nvl_L2_NS,32NVL_NS,0.039,0.034
2915,NvcNvl_L3_NS,NONE,0.014,0.0
2915,NvcNvl_L2_NS,NONE,0.013,0.0
2915,NvcNvl_L1_EW,NONE,0.011,0.0
2915,NvcNvl_L2_EW,NONE,0.008,0.0
2915,32Mt_L1_NS,32MT_NS,0.006,0.001
2915,32Mt_L1_EW,NONE,0.007,0.0
2915,NvcMt_L1_NS,NVCMT_NS,0.007,0.002
2915,304Nvl_L2_NS,304NVL_NS,0.008,-0.02
2915,304Nvl_L3_EW,NONE,0.006,0.0
2915,32Nvl_L2_NS,32NVL_NS,0.007,0.001
2915,32Nvl_L1_NS,32NVL_NS,0.047,0.041
2915,NvcNvl_L1_NS,NONE,0.017,0.0
2915,NvcNvl_L3_EW,NONE,0.006,0.0
2915,32Mt_L2_NS,32MT_NS,0.006,0.003
2915,NvcMt_L2_NS,NVCMT_NS,0.005,0.001
2920,304Nvl_L1_NS,304NVL_NS,0.045,0.04
2920,304Nvl_L1_EW,304NVL_EW,0.008,0.008
2920,304Nvl_L2_EW,304NVL_EW,0.007,0.007
2920,304Nvl_L1_NS,NONE,0.102,0.0
2920,32Nvl_L1_NS,32NVL_NS,0.007,-0.025
2920,32Nvl_L3_NS,NONE,0.042,0.0
2920,32Nvl_L2_NS,32NVL_NS,0.039,0.039
2920,NvcNvl_L1_EW,NONE,0.011,0.0
2920,NvcNvl_L2_EW,NONE,0.008,0.0
2920,32Thn_L1_EW,32THN_EW,0.008,0.008
2920,32Thn_L2_EW,32THN_EW,0.008,0.008
2920,32Thn_L3_EW,NONE,0.008,0.0
2920,304Nvl_L3_EW,NONE,0.006,0.0
2920,32Nvl_L2_NS,32NVL_NS,0.007,0.007
2920,32Nvl_L1_NS,32NVL_NS,0.047,0.015
2920,NvcNvl_L3_EW,NONE,0.006,0.0
2925,304Nvl_L1_NS,304NVL_NS,0.045,0.045
2925,304Nvl_L1_EW,304NVL_EW,0.017,0.017
2925,304Nvl_L2_EW,304NVL_EW,0.007,0.007
2925,304Nvl_L1_NS,NONE,0.015,0.0
2925,NvcNvl_L1_EW,NVCNVL_EW,0.007,0.007
2925,32Mt_L1_NS,32MT_NS,0.006,0.006
2925,32Mt_L1_EW,NONE,0.007,0.0
2925,NvcMt_L2_NS,NONE,0.011,0.0
2925,32Thn_L1_EW,32THN_EW,0.008,0.008
2925,32Thn_L2_EW,32THN_EW,0.008,0.008
2925,32Thn_L3_EW,NONE,0.008,0.0
2925,304Nvl_L3_EW,NONE,0.006,0.0
2925,32Nvl_L1_NS,32NVL_NS,0.007,-0.025
2925,32Mt_L2_NS,32MT_NS,0.006,0.006
2925,NvcMt_L1_NS,NONE,0.011,0.0
2930,304Nvl_L1_EW,304NVL_EW,0.059,0.059
2930,304Nvl_L2_EW,304NVL_EW,0.044,0.044
2930,304Nvl_L1_NS,NONE,0.007,0.0
2930,32Nvl_L1_NS,32NVL_NS,0.035,0.035
2930,32Nvl_L1_EW,32NVL_EW,0.007,0.001
2930,32Nvl_L2_EW,32NVL_EW,0.008,0.002
2930,NvcNvl_L1_EW,NVCNVL_EW,0.007,0.007
2930,32Mt_L1_NS,NONE,0.01,0.0
2930,NvcMt_L2_NS,NONE,0.005,0.0
2930,32Thn_L1_EW,32THN_EW,0.008,0.003
2930,32Thn_L2_EW,32THN_EW,0.008,0.003
2930,32Thn_L3_EW,NONE,0.008,0.0
2930,304Nvl_L3_EW,NONE,0.038,0.0
2930,32Nvl_L3_EW,NONE,0.006,0.0
2930,32Mt_L2_NS,NONE,0.009,0.0
2935,304Nvl_L1_EW,304NVL_EW,0.059,0.059
2935,304Nvl_L2_EW,304NVL_EW,0.051,0.051
2935,32Nvl_L1_EW,32NVL_EW,0.007,0.007
2935,32Nvl_L2_EW,32NVL_EW,0.008,0.008
2935,NvcNvl_L1_EW,NVCNVL_EW,0.014,0.014
2935,NvcNvl_L2_EW,NVCNVL_EW,0.008,0.008
2935,32Mt_L1_NS,32MT_NS,0.006,0.006
2935,32Thn_L1_EW,NONE,0.01,0.0
2935,304Nvl_L3_EW,NONE,0.038,0.0
2935,32Nvl_L3_EW,NONE,0.006,0.0
2935,32Nvl_L1_NS,32NVL_NS,0.007,0.007
2935,NvcNvl_L3_EW,NONE,0.009,0.0
2935,32Mt_L2_NS,32MT_NS,0.006,0.006
2940,304Nvl_L1_EW,304NVL_EW,0.025,0.025
2940,304Nvl_L2_EW,304NVL_EW,0.015,0.015
2940,32Nvl_L3_NS,NONE,0.014,0.0
2940,32Nvl_L1_NS,32NVL_NS,0.014,0.014
2940,32Nvl_L1_EW,32NVL_EW,0.007,0.002
2940,32Nvl_L2_EW,32NVL_EW,0.008,0.008
2940,32Nvl_L3_NS,NONE,0.008,0.0
2940,32Nvl_L2_NS,32NVL_NS,0.008,0.008
2940,NvcNvl_L1_EW,NVCNVL_EW,0.021,0.021
2940,NvcNvl_L2_EW,NVCNVL_EW,0.023,0.023
2940,32Mt_L1_EW,32MT_EW,0.007,0.002
2940,304Nvl_L3_EW,NONE,0.013,0.0
2940,32Nvl_L2_NS,32NVL_NS,0.013,0.013
2940,32Nvl_L3_EW,NONE,0.006,0.0
2940,32Nvl_L1_NS,32NVL_NS,0.013,0.013
2940,NvcNvl_L3_EW,NONE,0.028,0.0
2945,304Nvl_L1_EW,304NVL_EW,0.042,0.042
2945,304Nvl_L1_NS,NONE,0.007,0.0
2945,32Nvl_L3_NS,NONE,0.034,0.0
2945,32Nvl_L1_NS,32NVL_NS,0.042,0.042
2945,32Nvl_L1_EW,32NVL_EW,0.007,0.002
2945,32Nvl_L2_EW,32NVL_EW,0.008,0.004
2945,32Nvl_L3_NS,NONE,0.05,0.0
2945,32Nvl_L2_NS,32NVL_NS,0.047,0.047
2945,NvcNvl_L3_NS,NONE,0.007,0.0
2945,NvcNvl_L2_NS,NONE,0.007,0.0
2945,NvcNvl_L1_EW,NVCNVL_EW,0.021,0.021
2945,NvcNvl_L2_EW,NVCNVL_EW,0.023,0.023
2945,32Mt_L1_EW,32MT_EW,0.007,0.002
2945,32Nvl_L2_NS,32NVL_NS,0.04,0.04
2945,32Nvl_L3_EW,NONE,0.006,0.0
2945,32Nvl_L1_NS,32NVL_NS,0.04,0.04
2945,NvcNvl_L1_NS,NONE,0.009,0.0
2945,NvcNvl_L3_EW,NONE,0.028,0.0
2945,32Mt_L2_EW,32MT_EW,0.005,0.0
2950,304Nvl_L1_EW,304NVL_EW,0.025,0.025
2950,304Nvl_L2_EW,304NVL_EW,0.015,0.015
2950,304Nvl_L1_NS,NONE,0.007,0.0
2950,32Nvl_L1_EW,32NVL_EW,0.007,0.002
2950,32Nvl_L2_EW,32NVL_EW,0.008,0.004
2950,32Nvl_L1_EW,32NVL_EW,0.007,0.002
2950,32Nvl_L2_EW,32NVL_EW,0.007,0.004
2950,NvcNvl_L3_NS,NONE,0.007,0.0
2950,NvcNvl_L2_NS,NONE,0.007,0.0
2950,NvcNvl_L1_EW,NVCNVL_EW,0.014,0.014
2950,NvcNvl_L2_EW,NVCNVL_EW,0.016,0.016
2950,32Mt_L1_EW,NONE,0.007,0.0
2950,32Mt_L3_EW,NONE,0.009,0.0
2950,32Mt_L1_EW,32MT_EW,0.007,0.002
2950,NvcMt_L1_NS,NVCMT_NS,0.007,0.007
2950,304Nvl_L3_EW,NONE,0.013,0.0
2950,32Nvl_L3_EW,NONE,0.006,0.0
2950,32Nvl_L3_EW,NONE,0.006,0.0
2950,32Nvl_L1_NS,32NVL_NS,0.007,0.007
2950,NvcNvl_L1_NS,NONE,0.009,0.0
2950,NvcNvl_L3_EW,NONE,0.019,0.0
2950,32Mt_L2_EW,NONE,0.008,0.0
2950,32Mt_L2_EW,32MT_EW,0.005,0.0
2950,NvcMt_L2_NS,NVCMT_NS,0.005,0.005
2955,304Nvl_L1_EW,304NVL_EW,0.017,0.017
2955,304Nvl_L2_EW,304NVL_EW,0.015,0.015
2955,32Nvl_L3_NS,NONE,0.007,0.0
2955,32Nvl_L1_NS,32NVL_NS,0.014,0.014
2955,32Nvl_L1_EW,32NVL_EW,0.007,0.002
2955,32Nvl_L2_EW,32NVL_EW,0.008,0.004
2955,32Nvl_L1_EW,32NVL_EW,0.007,0.002
2955,32Nvl_L2_EW,32NVL_EW,0.007,0.004
2955,NvcNvl_L1_EW,NVCNVL_EW,0.021,0.021
2955,NvcNvl_L2_EW,NVCNVL_EW,0.016,0.016
2955,32Mt_L1_EW,32MT_EW,0.007,0.002
2955,304Nvl_L3_EW,NONE,0.013,0.0
2955,32Nvl_L2_NS,32NVL_NS,0.007,0.007
2955,32Nvl_L3_EW,NONE,0.006,0.0
2955,32Nvl_L3_EW,NONE,0.006,0.0
2955,NvcNvl_L3_EW,NONE,0.019,0.0
2955,32Mt_L2_EW,32MT_EW,0.005,0.0
2960,304Nvl_L1_NS,NONE,0.044,0.0
2960,304Nvl_L3_NS,NONE,0.04,0.0
2960,32Nvl_L3_NS,NONE,0.082,0.0
2960,32Nvl_L1_NS,32NVL_NS,0.083,0.083
2960,32Nvl_L1_EW,32NVL_EW,0.007,-0.003
2960,32Nvl_L2_EW,32NVL_EW,0.008,0.004
2960,32Nvl_L1_EW,32NVL_EW,0.007,-0.003
2960,32Nvl_L2_EW,32NVL_EW,0.007,0.004
2960,32Nvl_L3_NS,NONE,0.008,0.0
2960,32Nvl_L2_NS,32NVL_NS,0.008,0.008
2960,NvcNvl_L1_EW,NVCNVL_EW,0.021,0.021
2960,NvcNvl_L2_EW,NVCNVL_EW,0.016,0.006
2960,32Mt_L1_EW,32MT_EW,0.014,0.009
2960,NvcMt_L2_EW,NVCMT_EW,0.013,0.002
2960,304Nvl_L2_NS,NONE,0.037,0.0
2960,32Nvl_L2_NS,32NVL_NS,0.08,0.08
2960,32Nvl_L3_EW,NONE,0.006,0.0
2960,32Nvl_L3_EW,NONE,0.006,0.0
2960,32Nvl_L1_NS,32NVL_NS,0.04,0.04
2960,NvcNvl_L3_EW,NONE,0.019,0.0
2960,32Mt_L2_EW,32MT_EW,0.005,0.0
2960,NvcMt_L1_EW,NVCMT_EW,0.028,0.013
2965,304Nvl_L1_NS,NONE,0.036,0.0
2965,304Nvl_L3_NS,NONE,0.04,0.0
2965,32Nvl_L3_NS,NONE,0.007,0.0
2965,32Nvl_L1_NS,32NVL_NS,0.09,0.09
2965,32Nvl_L1_EW,32NVL_EW,0.007,-0.003
2965,32Nvl_L2_EW,32NVL_EW,0.008,0.004
2965,32Nvl_L1_EW,32NVL_EW,0.007,-0.003
2965,32Nvl_L2_EW,32NVL_EW,0.007,0.004
2965,NvcNvl_L3_NS,NONE,0.014,0.0
2965,NvcNvl_L2_NS,NONE,0.013,0.0
2965,NvcNvl_L1_EW,NVCNVL_EW,0.028,0.028
2965,NvcNvl_L2_EW,NVCNVL_EW,0.016,0.006
2965,32Mt_L1_EW,32MT_EW,0.014,0.009
2965,NvcMt_L2_EW,NVCMT_EW,0.013,0.002
2965,304Nvl_L2_NS,NONE,0.037,0.0
2965,32Nvl_L2_NS,32NVL_NS,0.087,0.087
2965,32Nvl_L3_EW,NONE,0.006,0.0
2965,32Nvl_L3_EW,NONE,0.006,0.0
2965,NvcNvl_L1_NS,NONE,0.017,0.0
2965,NvcNvl_L3_EW,NONE,0.019,0.0
2965,32Mt_L2_EW,32MT_EW,0.005,0.0
2965,NvcMt_L1_EW,NVCMT_EW,0.028,0.008
2970,304Nvl_L1_EW,304NVL_EW,0.008,0.008
2970,304Nvl_L2_EW,304NVL_EW,0.007,0.007
2970,32Nvl_L3_NS,NONE,0.007,0.0
2970,32Nvl_L1_NS,32NVL_NS,0.014,0.014
2970,32Nvl_L1_EW,32NVL_EW,0.007,-0.003
2970,32Nvl_L2_EW,32NVL_EW,0.008,0.0
2970,32Nvl_L1_EW,32NVL_EW,0.007,-0.003
2970,32Nvl_L2_EW,32NVL_EW,0.007,0.0
2970,NvcNvl_L1_EW,NVCNVL_EW,0.021,0.017
2970,NvcNvl_L2_EW,NVCNVL_EW,0.016,0.006
2970,32Mt_L1_EW,32MT_EW,0.014,0.009
2970,32Mt_L1_NS,NONE,0.01,0.0
2970,NvcMt_L1_EW,NVCMT_EW,0.006,-0.008
2970,NvcMt_L2_EW,NVCMT_EW,0.013,0.002
2970,304Nvl_L3_EW,NONE,0.006,0.0
2970,32Nvl_L2_NS,32NVL_NS,0.013,0.013
2970,32Nvl_L3_EW,NONE,0.006,0.0
2970,32Nvl_L3_EW,NONE,0.006,0.0
2970,NvcNvl_L3_EW,NONE,0.009,0.0
2970,32Mt_L2_EW,32MT_EW,0.011,0.005
2970,32Mt_L2_NS,NONE,0.009,0.0
2970,NvcMt_L2_EW,NVCMT_EW,0.008,-0.003
2970,NvcMt_L1_EW,NVCMT_EW,0.028,0.013
2975,304Nvl_L1_EW,304NVL_EW,0.051,0.051
2975,304Nvl_L2_EW,304NVL_EW,0.007,0.007
2975,32Nvl_L3_NS,NONE,0.014,0.0
2975,32Nvl_L1_NS,32NVL_NS,0.014,0.014
2975,NvcNvl_L3_NS,NONE,0.014,0.0
2975,NvcNvl_L2_NS,NONE,0.013,0.0
2975,NvcNvl_L1_EW,NONE,0.011,0.0
2975,NvcNvl_L2_EW,NONE,0.008,0.0
2975,NvcMt_L2_EW,NVCMT_EW,0.016,0.016
2975,304Nvl_L3_EW,NONE,0.006,0.0
2975,32Nvl_L2_NS,32NVL_NS,0.013,0.013
2975,NvcNvl_L1_NS,NONE,0.017,0.0
2975,NvcMt_L1_EW,NVCMT_EW,0.033,0.033
2980,304Nvl_L1_NS,304NVL_NS,0.009,-0.001
2980,304Nvl_L3_NS,NONE,0.007,0.0
2980,304Nvl_L1_EW,304NVL_EW,0.017,0.017
2980,304Nvl_L2_EW,304NVL_EW,0.007,0.007
2980,304Nvl_L1_NS,NONE,0.007,0.0
2980,304Nvl_L3_NS,NONE,0.008,0.0
2980,32Nvl_L3_NS,NONE,0.007,0.0
2980,32Nvl_L1_NS,32NVL_NS,0.014,0.008
2980,32Nvl_L3_NS,NONE,0.008,0.0
2980,32Nvl_L2_NS,32NVL_NS,0.008,0.003
2980,NvcNvl_L3_NS,NONE,0.007,0.0
2980,NvcNvl_L2_NS,NONE,0.007,0.0
2980,NvcNvl_L1_EW,NVCNVL_EW,0.007,0.007
2980,NvcNvl_L2_EW,NVCNVL_EW,0.008,0.006
2980,32Mt_L1_NS,32MT_NS,0.006,0.006
2980,NvcMt_L2_EW,NVCMT_EW,0.003,-0.003
2980,304Nvl_L2_NS,304NVL_NS,0.008,0.002
2980,304Nvl_L3_EW,NONE,0.006,0.0
2980,304Nvl_L2_NS,NONE,0.007,0.0
2980,32Nvl_L2_NS,32NVL_NS,0.013,0.008
2980,32Nvl_L1_NS,32NVL_NS,0.087,0.081
2980,NvcMt_L1_EW,NVCMT_EW,0.006,0.001
2985,304Nvl_L1_NS,304NVL_NS,0.009,-0.005
2985,304Nvl_L3_NS,NONE,0.007,0.0
2985,304Nvl_L1_EW,304NVL_EW,0.008,0.008
2985,304Nvl_L2_EW,304NVL_EW,0.007,0.007
2985,32Nvl_L3_NS,NONE,0.014,0.0
2985,32Nvl_L1_NS,32NVL_NS,0.021,0.014
2985,32Nvl_L1_EW,32NVL_EW,0.007,0.007
2985,32Nvl_L2_EW,32NVL_EW,0.008,0.008
2985,32Nvl_L3_NS,NONE,0.008,0.0
2985,32Nvl_L2_NS,32NVL_NS,0.008,0.003
2985,NvcNvl_L3_NS,NONE,0.007,0.0
2985,NvcNvl_L2_NS,NONE,0.007,0.0
2985,NvcNvl_L1_EW,NVCNVL_EW,0.014,0.01
2985,NvcNvl_L2_EW,NVCNVL_EW,0.008,0.008
2985,32Mt_L1_NS,32MT_NS,0.006,0.006
2985,NvcMt_L2_NS,NONE,0.005,0.0
2985,NvcMt_L1_EW,NVCMT_EW,0.006,-0.004
2985,304Nvl_L2_NS,304NVL_NS,0.008,0.002
2985,304Nvl_L3_EW,NONE,0.006,0.0
2985,32Nvl_L2_NS,32NVL_NS,0.02,0.015
2985,32Nvl_L3_EW,NONE,0.006,0.0
2985,32Nvl_L1_NS,32NVL_NS,0.094,0.088
2985,NvcNvl_L1_NS,NONE,0.009,0.0
2985,NvcNvl_L3_EW,NONE,0.009,0.0
2985,NvcMt_L1_NS,NONE,0.005,0.0
2985,NvcMt_L2_EW,NVCMT_EW,0.008,0.002
2985,NvcMt_L1_EW,NVCMT_EW,0.006,-0.004
2990,304Nvl_L1_NS,304NVL_NS,0.009,-0.005
2990,304Nvl_L3_NS,NONE,0.007,0.0
2990,304Nvl_L1_EW,304NVL_EW,0.017,0.017
2990,304Nvl_L2_EW,304NVL_EW,0.007,0.007
2990,32Nvl_L3_NS,NONE,0.007,0.0
2990,32Nvl_L1_NS,32NVL_NS,0.021,0.014
2990,32Nvl_L3_NS,NONE,0.017,0.0
2990,32Nvl_L2_NS,32NVL_NS,0.016,0.01
2990,NvcNvl_L3_NS,NONE,0.007,0.0
2990,NvcNvl_L2_NS,NONE,0.007,0.0
2990,NvcNvl_L1_EW,NVCNVL_EW,0.014,0.014
2990,NvcNvl_L2_EW,NVCNVL_EW,0.008,0.008
2990,32Mt_L1_NS,32MT_NS,0.006,0.006
2990,32Mt_L1_EW,NONE,0.014,0.0
2990,32Mt_L3_EW,NONE,0.009,0.0
2990,304Nvl_L2_NS,304NVL_NS,0.008,-0.003
2990,304Nvl_L3_EW,NONE,0.006,0.0
2990,32Nvl_L2_NS,32NVL_NS,0.02,0.015
2990,32Nvl_L1_NS,32NVL_NS,0.101,0.094
2990,NvcNvl_L1_NS,NONE,0.009,0.0
2990,NvcNvl_L3_EW,NONE,0.009,0.0
2990,32Mt_L2_EW,NONE,0.015,0.0
2990,NvcMt_L1_EW,NVCMT_EW,0.006,-0.004
2995,304Nvl_L1_NS,304NVL_NS,0.009,-0.005
2995,304Nvl_L3_NS,NONE,0.007,0.0
2995,32Nvl_L3_NS,NONE,0.007,0.0
2995,32Nvl_L1_NS,32NVL_NS,0.021,0.014
2995,32Nvl_L1_EW,32NVL_EW,0.007,-0.003
2995,32Nvl_L2_EW,32NVL_EW,0.007,0.0
2995,32Nvl_L3_NS,NONE,0.017,0.0
2995,32Nvl_L2_NS,32NVL_NS,0.016,0.01
2995,NvcNvl_L1_EW,NVCNVL_EW,0.035,0.035
2995,NvcNvl_L2_EW,NVCNVL_EW,0.039,0.039
2995,32Mt_L1_EW,32MT_EW,0.014,0.014
2995,32Mt_L1_NS,NONE,0.01,0.0
2995,304Nvl_L2_NS,304NVL_NS,0.008,-0.003
2995,32Nvl_L2_NS,32NVL_NS,0.02,0.015
2995,32Nvl_L3_EW,NONE,0.006,0.0
2995,32Nvl_L1_NS,32NVL_NS,0.101,0.094
2995,NvcNvl_L3_EW,NONE,0.047,0.0
2995,32Mt_L2_EW,32MT_EW,0.011,0.011
3000,304Nvl_L1_NS,304NVL_NS,0.009,-0.005
3000,304Nvl_L3_NS,NONE,0.007,0.0
3000,304Nvl_L1_EW,304NVL_EW,0.017,0.017
3000,304Nvl_L2_EW,304NVL_EW,0.007,0.007
3000,304Nvl_L1_NS,NONE,0.007,0.0
3000,32Nvl_L3_NS,NONE,0.007,0.0
3000,32Nvl_L1_NS,32NVL_NS,0.021,0.014
3000,32Nvl_L3_NS,NONE,0.017,0.0
3000,32Nvl_L2_NS,32NVL_NS,0.016,0.01
3000,NvcNvl_L1_EW,NVCNVL_EW,0.049,0.049
3000,NvcNvl_L2_EW,NVCNVL_EW,0.055,0.055
3000,32Mt_L1_EW,NONE,0.007,0.0
3000,32Mt_L3_EW,NONE,0.009,0.0
3000,32Mt_L1_EW,32MT_EW,0.014,0.014
3000,NvcMt_L2_NS,NONE,0.005,0.0
3000,304Nvl_L2_NS,304NVL_NS,0.008,-0.003
3000,304Nvl_L3_EW,NONE,0.006,0.0
3000,32Nvl_L2_NS,32NVL_NS,0.02,0.015
3000,32Nvl_L1_NS,32NVL_NS,0.02,0.014
3000,NvcNvl_L3_EW,NONE,0.065,0.0
3000,32Mt_L2_EW,NONE,0.008,0.0
3000,32Mt_L2_EW,32MT_EW,0.011,0.011
3000,NvcMt_L1_NS,NONE,0.005,0.0
3005,304Thn_L1_EW,304THN_EW,0.008,0.008
3005,304Thn_L3_EW,NONE,0.008,0.0
3005,304Nvl_L1_NS,304NVL_NS,0.009,-0.005
3005,304Nvl_L3_NS,NONE,0.007,0.0
3005,32Nvl_L3_NS,NONE,0.007,0.0
3005,32Nvl_L1_NS,32NVL_NS,0.021,0.014
3005,32Nvl_L3_NS,NONE,0.025,0.0
3005,32Nvl_L2_NS,32NVL_NS,0.024,0.018
3005,NvcNvl_L3_NS,NONE,0.007,0.0
3005,NvcNvl_L2_NS,NONE,0.007,0.0
3005,NvcNvl_L1_EW,NVCNVL_EW,0.007,0.007
3005,NvcNvl_L2_EW,NVCNVL_EW,0.008,0.008
3005,32Mt_L1_NS,32MT_NS,0.006,0.006
3005,32Mt_L1_EW,NONE,0.022,0.0
3005,32Mt_L3_EW,NONE,0.018,0.0
3005,32Mt_L1_NS,NONE,0.117,0.0
3005,304Nvl_L2_NS,304NVL_NS,0.008,-0.009
3005,32Nvl_L2_NS,32NVL_NS,0.02,0.015
3005,32Nvl_L1_NS,32NVL_NS,0.034,0.027
3005,NvcNvl_L1_NS,NONE,0.009,0.0
3005,NvcNvl_L3_EW,NONE,0.009,0.0
3005,32Mt_L2_EW,NONE,0.015,0.0
3005,32Mt_L2_NS,NONE,0.104,0.0
3005,304Thn_L2_EW,304THN_EW,0.007,0.007
3010,304Nvl_L1_NS,304NVL_NS,0.009,-0.005
3010,304Nvl_L3_NS,NONE,0.007,0.0
3010,304Nvl_L1_EW,304NVL_EW,0.008,0.008
3010,32Nvl_L3_NS,NONE,0.007,0.0
3010,32Nvl_L1_NS,32NVL_NS,0.021,0.014
3010,32Nvl_L3_NS,NONE,0.042,0.0
3010,32Nvl_L2_NS,32NVL_NS,0.039,0.034
3010,NvcNvl_L3_NS,NONE,0.014,0.0
3010,NvcNvl_L2_NS,NONE,0.013,0.0
3010,32Mt_L1_NS,32MT_NS,0.006,0.006
3010,32Mt_L1_EW,NONE,0.014,0.0
3010,32Mt_L3_EW,NONE,0.009,0.0
3010,32Mt_L1_NS,NONE,0.117,0.0
3010,304Nvl_L2_NS,304NVL_NS,0.008,-0.02
3010,32Nvl_L2_NS,32NVL_NS,0.02,0.015
3010,32Nvl_L1_NS,32NVL_NS,0.04,0.034
3010,NvcNvl_L1_NS,NONE,0.017,0.0
3010,32Mt_L2_EW,NONE,0.008,0.0
3010,32Mt_L2_NS,NONE,0.104,0.0
3015,304Nvl_L1_NS,304NVL_NS,0.009,-0.005
3015,304Nvl_L3_NS,NONE,0.007,0.0
3015,32Nvl_L3_NS,NONE,0.007,0.0
3015,32Nvl_L1_NS,32NVL_NS,0.021,0.014
3015,32Nvl_L1_EW,32NVL_EW,0.007,0.007
3015,32Nvl_L2_EW,32NVL_EW,0.008,0.008
3015,32Nvl_L3_NS,NONE,0.05,0.0
3015,32Nvl_L2_NS,32NVL_NS,0.047,0.042
3015,NvcNvl_L1_EW,NVCNVL_EW,0.007,0.007
3015,32Mt_L1_NS,32MT_NS,0.006,0.006
3015,32Mt_L1_EW,NONE,0.007,0.0
3015,32Mt_L3_EW,NONE,0.009,0.0
3015,32Mt_L1_NS,NONE,0.068,0.0
3015,304Nvl_L2_NS,304NVL_NS,0.008,-0.026
3015,32Nvl_L2_NS,32NVL_NS,0.02,0.015
3015,32Nvl_L3_EW,NONE,0.006,0.0
3015,32Nvl_L1_NS,32NVL_NS,0.04,0.034
3015,32Mt_L2_EW,NONE,0.008,0.0
3015,32Mt_L2_NS,NONE,0.043,0.0
3020,304Nvl_L1_NS,304NVL_NS,0.009,-0.01
3020,304Nvl_L3_NS,NONE,0.007,0.0
3020,32Nvl_L3_NS,NONE,0.014,0.0
3020,32Nvl_L1_NS,32NVL_NS,0.028,0.021
3020,32Nvl_L1_EW,32NVL_EW,0.021,0.021
3020,32Nvl_L2_EW,32NVL_EW,0.023,0.023
3020,32Nvl_L3_NS,NONE,0.058,0.0
3020,32Nvl_L2_NS,32NVL_NS,0.055,0.05
3020,NvcNvl_L3_NS,NONE,0.007,0.0
3020,NvcNvl_L2_NS,NONE,0.007,0.0
3020,NvcNvl_L1_EW,NONE,0.011,0.0
3020,NvcNvl_L1_EW,NVCNVL_EW,0.007,0.003
3020,NvcNvl_L2_EW,NVCNVL_EW,0.008,0.008
3020,NvcMt_L2_NS,NONE,0.069,0.0
3020,NvcMt_L1_EW,NVCMT_EW,0.006,0.001
3020,304Nvl_L2_NS,304NVL_NS,0.008,-0.031
3020,32Nvl_L2_NS,32NVL_NS,0.027,0.021
3020,32Nvl_L3_EW,NONE,0.019,0.0
3020,32Nvl_L1_NS,32NVL_NS,0.047,0.041
3020,NvcNvl_L1_NS,NONE,0.009,0.0
3020,NvcNvl_L3_EW,NONE,0.009,0.0
3020,NvcMt_L1_NS,NONE,0.071,0.0
3020,NvcMt_L2_EW,NVCMT_EW,0.008,0.002
3025,304Thn_L1_EW,304THN_EW,0.008,0.008
3025,304Thn_L3_EW,NONE,0.008,0.0
3025,304Nvl_L1_NS,304NVL_NS,0.009,-0.01
3025,304Nvl_L3_NS,NONE,0.007,0.0
3025,32Nvl_L3_NS,NONE,0.007,0.0
3025,32Nvl_L1_NS,32NVL_NS,0.028,0.021
3025,32Nvl_L3_NS,NONE,0.067,0.0
3025,32Nvl_L2_NS,32NVL_NS,0.063,0.058
3025,NvcNvl_L1_EW,NONE,0.011,0.0
3025,NvcNvl_L2_EW,NONE,0.008,0.0
3025,NvcNvl_L1_EW,NVCNVL_EW,0.014,0.014
3025,NvcNvl_L2_EW,NVCNVL_EW,0.008,0.008
3025,32Mt_L1_NS,32MT_NS,0.075,0.075
3025,32Mt_L1_EW,32MT_EW,0.042,0.042
3025,NvcMt_L2_NS,NONE,0.074,0.0
3025,304Nvl_L2_NS,304NVL_NS,0.008,-0.037
3025,32Nvl_L2_NS,32NVL_NS,0.027,0.021
3025,32Nvl_L1_NS,32NVL_NS,0.06,0.054
3025,NvcNvl_L3_EW,NONE,0.006,0.0
3025,NvcNvl_L3_EW,NONE,0.009,0.0
3025,32Mt_L2_EW,32MT_EW,0.027,0.027
3025,NvcMt_L1_NS,NONE,0.077,0.0
3025,304Thn_L2_EW,304THN_EW,0.007,0.007
3030,304Thn_L1_EW,304THN_EW,0.008,0.008
3030,304Thn_L3_EW,NONE,0.008,0.0
3030,32Nvl_L3_NS,NONE,0.007,0.0
3030,32Nvl_L1_NS,32NVL_NS,0.007,0.007
3030,32Nvl_L3_NS,NONE,0.033,0.0
3030,32Nvl_L2_NS,32NVL_NS,0.039,0.039
3030,NvcNvl_L1_EW,NONE,0.011,0.0
3030,NvcNvl_L2_EW,NONE,0.008,0.0
3030,NvcNvl_L1_EW,NVCNVL_EW,0.007,0.007
3030,NvcNvl_L2_EW,NVCNVL_EW,0.008,0.008
3030,32Mt_L1_NS,32MT_NS,0.082,0.082
3030,32Nvl_L2_NS,32NVL_NS,0.007,0.007
3030,32Nvl_L1_NS,32NVL_NS,0.047,0.047
3030,NvcNvl_L3_EW,NONE,0.009,0.0
3030,32Mt_L2_NS,32MT_NS,0.006,0.006
3030,304Thn_L2_EW,304THN_EW,0.007,0.007
3035,304Thn_L1_EW,304THN_EW,0.008,-0.021
3035,304Thn_L3_EW,NONE,0.008,0.0
3035,304Nvl_L1_EW,304NVL_EW,0.042,0.037
3035,304Nvl_L2_EW,304NVL_EW,0.036,0.031
3035,32Nvl_L1_EW,32NVL_EW,0.007,0.007
3035,32Nvl_L2_EW,32NVL_EW,0.008,0.008
3035,32Nvl_L1_EW,32NVL_EW,0.007,0.007
3035,32Nvl_L3_NS,NONE,0.017,0.0
3035,32Nvl_L2_NS,32NVL_NS,0.024,0.024
3035,NvcNvl_L1_EW,NONE,0.011,0.0
3035,NvcNvl_L2_EW,NONE,0.008,0.0
3035,NvcNvl_L1_EW,NVCNVL_EW,0.007,0.007
3035,NvcNvl_L2_EW,NVCNVL_EW,0.008,0.008
3035,32Mt_L1_NS,32MT_NS,0.075,0.075
3035,304Nvl_L3_EW,NONE,0.032,0.0
3035,32Nvl_L3_EW,NONE,0.006,0.0
3035,32Nvl_L1_NS,32NVL_NS,0.04,0.04
3035,NvcNvl_L3_EW,NONE,0.006,0.0
3035,NvcNvl_L3_EW,NONE,0.009,0.0
3035,304Thn_L2_EW,304THN_EW,0.007,-0.018
3040,304Nvl_L1_EW,304NVL_EW,0.093,0.093
3040,304Nvl_L2_EW,304NVL_EW,0.08,0.08
3040,304Nvl_L1_NS,NONE,0.007,0.0
3040,32Nvl_L1_NS,32NVL_NS,0.014,0.014
3040,32Nvl_L1_EW,32NVL_EW,0.007,0.002
3040,32Nvl_L2_EW,32NVL_EW,0.008,0.004
3040,32Nvl_L1_EW,32NVL_EW,0.007,0.002
3040,NvcNvl_L1_EW,NVCNVL_EW,0.007,0.007
3040,NvcNvl_L2_EW,NVCNVL_EW,0.008,0.008
3040,32Mt_L1_EW,NONE,0.007,0.0
3040,32Mt_L1_EW,32MT_EW,0.007,0.002
3040,304Nvl_L3_EW,NONE,0.07,0.0
3040,32Nvl_L3_EW,NONE,0.006,0.0
3040,32Nvl_L1_NS,32NVL_NS,0.013,0.013
3040,NvcNvl_L3_EW,NONE,0.009,0.0
3040,32Mt_L2_EW,32MT_EW,0.005,0.0
3045,304Nvl_L1_EW,304NVL_EW,0.017,0.017
3045,304Nvl_L2_EW,304NVL_EW,0.015,0.015
3045,32Nvl_L1_NS,32NVL_NS,0.007,0.007
3045,32Nvl_L1_EW,32NVL_EW,0.014,0.0
3045,32Nvl_L2_EW,32NVL_EW,0.015,0.004
3045,32Nvl_L3_NS,NONE,0.008,0.0
3045,32Nvl_L2_NS,32NVL_NS,0.008,0.008
3045,32Mt_L1_EW,NONE,0.122,0.0
3045,32Mt_L3_EW,NONE,0.106,0.0
3045,32Mt_L1_EW,32MT_EW,0.021,0.011
3045,304Nvl_L3_EW,NONE,0.013,0.0
3045,32Nvl_L3_EW,NONE,0.013,0.0
3045,32Nvl_L1_NS,32NVL_NS,0.013,0.013
3045,32Mt_L2_EW,NONE,0.128,0.0
3045,32Mt_L2_EW,32MT_EW,0.016,0.006
3050,304Nvl_L1_NS,NONE,0.036,0.0
3050,32Nvl_L1_NS,32NVL_NS,0.014,0.014
3050,32Nvl_L1_EW,32NVL_EW,0.007,-0.008
3050,32Nvl_L2_EW,32NVL_EW,0.008,-0.004
3050,NvcNvl_L3_NS,NONE,0.007,0.0
3050,NvcNvl_L2_NS,NONE,0.007,0.0
3050,32Mt_L1_EW,NONE,0.13,0.0
3050,32Mt_L3_EW,NONE,0.159,0.0
3050,32Mt_L1_EW,32MT_EW,0.021,0.016
3050,NvcMt_L1_EW,NVCMT_EW,0.006,0.006
3050,32Nvl_L3_EW,NONE,0.006,0.0
3050,NvcNvl_L1_NS,NONE,0.009,0.0
3050,32Mt_L2_EW,NONE,0.136,0.0
3050,32Mt_L2_EW,32MT_EW,0.016,0.011
3050,NvcMt_L2_EW,NVCMT_EW,0.008,0.008
3055,304Nvl_L1_NS,304NVL_NS,0.045,0.04
3055,304Nvl_L1_EW,304NVL_EW,0.042,0.042
3055,304Nvl_L2_EW,304NVL_EW,0.036,0.036
3055,304Nvl_L1_NS,NONE,0.036,0.0
3055,32Nvl_L1_NS,32NVL_NS,0.007,-0.025
3055,32Nvl_L1_EW,32NVL_EW,0.007,-0.008
3055,32Nvl_L2_EW,32NVL_EW,0.008,-0.004
3055,32Nvl_L1_EW,32NVL_EW,0.007,-0.008
3055,NvcNvl_L3_NS,NONE,0.007,0.0
3055,NvcNvl_L2_NS,NONE,0.013,0.0
3055,NvcNvl_L1_EW,NONE,0.011,0.0
3055,NvcNvl_L2_EW,NONE,0.008,0.0
3055,NvcNvl_L1_EW,NVCNVL_EW,0.007,0.003
3055,NvcNvl_L2_EW,NVCNVL_EW,0.008,0.008
3055,32Mt_L1_EW,NONE,0.007,0.0
3055,32Mt_L3_EW,NONE,0.009,0.0
3055,32Mt_L1_EW,32MT_EW,0.021,0.016
3055,NvcMt_L1_EW,NVCMT_EW,0.006,0.001
3055,304Nvl_L3_EW,NONE,0.032,0.0
3055,32Nvl_L3_EW,NONE,0.006,0.0
3055,32Nvl_L1_NS,32NVL_NS,0.007,-0.025
3055,NvcNvl_L1_NS,NONE,0.017,0.0
3055,NvcNvl_L3_EW,NONE,0.006,0.0
3055,NvcNvl_L3_EW,NONE,0.009,0.0
3055,32Mt_L2_EW,NONE,0.008,0.0
3055,32Mt_L2_EW,32MT_EW,0.016,0.011
3055,NvcMt_L2_EW,NVCMT_EW,0.008,0.002
3060,304Nvl_L1_NS,304NVL_NS,0.045,0.045
3060,304Nvl_L1_EW,304NVL_EW,0.008,0.008
3060,32Nvl_L1_EW,32NVL_EW,0.007,-0.008
3060,32Nvl_L2_EW,32NVL_EW,0.008,-0.004
3060,NvcNvl_L3_NS,NONE,0.014,0.0
3060,NvcNvl_L2_NS,NONE,0.013,0.0
3060,NvcNvl_L1_EW,NONE,0.128,0.0
3060,NvcNvl_L2_EW,NONE,0.092,0.0
3060,NvcNvl_L1_EW,NVCNVL_EW,0.007,0.007
3060,NvcNvl_L2_EW,NVCNVL_EW,0.008,0.008
3060,32Mt_L1_EW,32MT_EW,0.021,0.016
3060,32Mt_L1_NS,NONE,0.01,0.0
3060,32Nvl_L3_EW,NONE,0.006,0.0
3060,NvcNvl_L1_NS,NONE,0.017,0.0
3060,NvcNvl_L3_EW,NONE,0.076,0.0
3060,NvcNvl_L3_EW,NONE,0.009,0.0
3060,32Mt_L2_EW,32MT_EW,0.016,0.011
3060,32Mt_L2_NS,NONE,0.009,0.0
3065,304Nvl_L1_NS,304NVL_NS,0.091,0.086
3065,304Nvl_L1_EW,NONE,0.008,0.0
3065,304Nvl_L1_NS,NONE,0.007,0.0
3065,304Nvl_L3_NS,NONE,0.008,0.0
3065,304Nvl_L2_EW,NONE,0.009,0.0
3065,32Nvl_L3_NS,NONE,0.007,0.0
3065,32Nvl_L1_NS,32NVL_NS,0.007,-0.056
3065,32Nvl_L1_EW,32NVL_EW,0.007,-0.032
3065,32Nvl_L2_EW,32NVL_EW,0.008,-0.004
3065,32Nvl_L3_NS,NONE,0.008,0.0
3065,32Nvl_L2_NS,32NVL_NS,0.008,0.008
3065,NvcNvl_L1_EW,NONE,0.128,0.0
3065,NvcNvl_L2_EW,NONE,0.092,0.0
3065,NvcNvl_L1_EW,NVCNVL_EW,0.007,0.007
3065,NvcNvl_L2_EW,NVCNVL_EW,0.008,0.008
3065,32Mt_L1_EW,NONE,0.007,0.0
3065,32Mt_L1_EW,32MT_EW,0.056,0.051
3065,32Mt_L1_NS,NONE,0.117,0.0
3065,304Nvl_L3_EW,NONE,0.008,0.0
3065,304Nvl_L2_NS,NONE,0.007,0.0
3065,32Nvl_L2_NS,32NVL_NS,0.007,0.007
3065,32Nvl_L3_EW,NONE,0.006,0.0
3065,32Nvl_L1_NS,32NVL_NS,0.007,-0.057
3065,NvcNvl_L3_EW,NONE,0.009,0.0
3065,32Mt_L2_EW,32MT_EW,0.016,0.011
3070,304Nvl_L1_NS,304NVL_NS,0.045,0.045
3070,304Nvl_L1_NS,NONE,0.007,0.0
3070,304Nvl_L3_NS,NONE,0.008,0.0
3070,32Nvl_L1_EW,32NVL_EW,0.007,-0.037
3070,32Nvl_L2_EW,32NVL_EW,0.008,-0.004
3070,32Nvl_L3_NS,NONE,0.008,0.0
3070,32Nvl_L2_NS,32NVL_NS,0.008,0.008
3070,NvcNvl_L3_NS,NONE,0.007,0.0
3070,NvcNvl_L2_NS,NONE,0.007,0.0
3070,NvcNvl_L1_EW,NONE,0.011,0.0
3070,NvcNvl_L2_EW,NONE,0.008,0.0
3070,NvcNvl_L1_EW,NVCNVL_EW,0.007,0.007
3070,32Mt_L1_EW,32MT_EW,0.063,0.058
3070,32Mt_L1_NS,NONE,0.117,0.0
3070,304Nvl_L2_NS,NONE,0.007,0.0
3070,32Nvl_L3_EW,NONE,0.006,0.0
3070,32Nvl_L1_NS,32NVL_NS,0.007,-0.025
3070,NvcNvl_L1_NS,NONE,0.009,0.0
3070,32Mt_L2_EW,32MT_EW,0.016,0.011
3075,304Nvl_L1_NS,304NVL_NS,0.045,0.045
3075,304Nvl_L1_EW,304NVL_EW,0.008,0.008
3075,304Nvl_L1_NS,NONE,0.007,0.0
3075,304Nvl_L3_NS,NONE,0.008,0.0
3075,32Nvl_L1_EW,32NVL_EW,0.007,-0.037
3075,32Nvl_L2_EW,32NVL_EW,0.008,-0.023
3075,32Nvl_L3_NS,NONE,0.008,0.0
3075,32Nvl_L2_NS,32NVL_NS,0.008,0.008
3075,NvcNvl_L3_NS,NONE,0.007,0.0
3075,NvcNvl_L2_NS,NONE,0.007,0.0
3075,32Mt_L1_EW,32MT_EW,0.063,0.058
3075,32Mt_L1_NS,NONE,0.01,0.0
3075,304Nvl_L2_NS,NONE,0.007,0.0
3075,32Nvl_L3_EW,NONE,0.006,0.0
3075,32Nvl_L1_NS,32NVL_NS,0.013,-0.018
3075,NvcNvl_L1_NS,NONE,0.009,0.0
3075,32Mt_L2_EW,32MT_EW,0.044,0.038
3075,32Mt_L2_NS,NONE,0.009,0.0
3080,304Nvl_L1_NS,304NVL_NS,0.045,0.021
3080,304Nvl_L1_EW,304NVL_EW,0.051,0.051
3080,304Nvl_L2_EW,304NVL_EW,0.044,0.044
3080,304Nvl_L1_NS,NONE,0.007,0.0
3080,304Nvl_L3_NS,NONE,0.008,0.0
3080,32Nvl_L1_NS,32NVL_NS,0.035,0.003
3080,32Nvl_L1_EW,32NVL_EW,0.007,-0.042
3080,32Nvl_L2_EW,32NVL_EW,0.008,-0.027
3080,32Nvl_L3_NS,NONE,0.008,0.0
3080,32Nvl_L2_NS,32NVL_NS,0.008,-0.019
3080,32Mt_L1_EW,32MT_EW,0.07,0.065
3080,304Nvl_L2_NS,304NVL_NS,0.038,0.032
3080,304Nvl_L3_EW,NONE,0.038,0.0
3080,304Nvl_L2_NS,NONE,0.007,0.0
3080,32Nvl_L2_NS,32NVL_NS,0.033,0.007
3080,32Nvl_L3_EW,NONE,0.006,0.0
3080,32Nvl_L1_NS,32NVL_NS,0.007,-0.025
3080,32Mt_L2_EW,32MT_EW,0.049,0.044
3085,304Nvl_L1_EW,304NVL_EW,0.11,0.11
3085,304Nvl_L2_EW,304NVL_EW,0.08,0.08
3085,304Nvl_L1_NS,NONE,0.007,0.0
3085,304Nvl_L3_NS,NONE,0.008,0.0
3085,32Nvl_L1_NS,32NVL_NS,0.007,0.007
3085,32Nvl_L1_EW,32NVL_EW,0.007,-0.027
3085,32Nvl_L2_EW,32NVL_EW,0.008,-0.015
3085,32Nvl_L3_NS,NONE,0.008,0.0
3085,32Nvl_L2_NS,32NVL_NS,0.008,0.008
3085,32Mt_L1_EW,NONE,0.007,0.0
3085,32Mt_L3_EW,NONE,0.009,0.0
3085,32Mt_L1_EW,32MT_EW,0.049,0.044
3085,304Nvl_L3_EW,NONE,0.07,0.0
3085,304Nvl_L2_NS,NONE,0.007,0.0
3085,32Nvl_L3_EW,NONE,0.006,0.0
3085,32Nvl_L1_NS,32NVL_NS,0.007,0.007
3085,32Mt_L2_EW,NONE,0.008,0.0
3085,32Mt_L2_EW,32MT_EW,0.033,0.027
3090,304Nvl_L1_EW,304NVL_EW,0.042,0.042
3090,304Nvl_L2_EW,304NVL_EW,0.029,0.029
3090,304Nvl_L1_NS,NONE,0.007,0.0
3090,32Nvl_L1_NS,32NVL_NS,0.007,0.007
3090,32Nvl_L1_EW,32NVL_EW,0.014,0.0
3090,32Nvl_L2_EW,32NVL_EW,0.015,0.008
3090,32Nvl_L3_NS,NONE,0.008,0.0
3090,32Nvl_L2_NS,32NVL_NS,0.008,0.008
3090,NvcNvl_L3_NS,NONE,0.014,0.0
3090,NvcNvl_L2_NS,NONE,0.013,0.0
3090,NvcNvl_L1_EW,NVCNVL_EW,0.007,0.007
3090,NvcNvl_L2_EW,NVCNVL_EW,0.008,0.008
3090,32Mt_L1_EW,NONE,0.043,0.0
3090,32Mt_L3_EW,NONE,0.053,0.0
3090,32Mt_L1_EW,32MT_EW,0.021,0.011
3090,304Nvl_L3_EW,NONE,0.025,0.0
3090,32Nvl_L3_EW,NONE,0.013,0.0
3090,32Nvl_L1_NS,32NVL_NS,0.007,0.007
3090,NvcNvl_L1_NS,NONE,0.017,0.0
3090,NvcNvl_L3_EW,NONE,0.009,0.0
3090,32Mt_L2_EW,NONE,0.045,0.0
3090,32Mt_L2_EW,32MT_EW,0.011,0.0
3095,304Nvl_L1_EW,304NVL_EW,0.017,0.017
3095,304Nvl_L2_EW,304NVL_EW,0.007,0.007
3095,304Nvl_L1_NS,NONE,0.073,0.0
3095,32Nvl_L1_EW,32NVL_EW,0.007,-0.012
3095,32Nvl_L2_EW,32NVL_EW,0.008,-0.004
3095,32Mt_L1_NS,32MT_NS,0.006,0.006
3095,32Mt_L1_EW,NONE,0.007,0.0
3095,32Mt_L1_EW,32MT_EW,0.028,0.023
3095,32Mt_L1_NS,NONE,0.01,0.0
3095,32Thn_L1_EW,NONE,0.01,0.0
3095,32Thn_L2_EW,NONE,0.01,0.0
3095,32Thn_L3_EW,NONE,0.007,0.0
3095,304Nvl_L3_EW,NONE,0.006,0.0
3095,32Nvl_L3_EW,NONE,0.006,0.0
3095,32Nvl_L1_NS,32NVL_NS,0.007,0.007
3095,32Mt_L2_EW,32MT_EW,0.016,0.011
3095,32Mt_L2_NS,NONE,0.009,0.0
3100,304Nvl_L1_NS,NONE,0.044,0.0
3100,32Nvl_L1_NS,32NVL_NS,0.007,0.007
3100,32Nvl_L1_EW,32NVL_EW,0.007,0.007
3100,32Nvl_L2_EW,32NVL_EW,0.008,0.008
3100,32Nvl_L3_NS,NONE,0.008,0.0
3100,32Nvl_L2_NS,32NVL_NS,0.008,0.008
3100,NvcNvl_L1_EW,NVCNVL_EW,0.014,0.014
3100,32Mt_L1_NS,32MT_NS,0.013,0.013
3100,32Mt_L1_EW,NONE,0.007,0.0
3100,32Mt_L1_NS,NONE,0.01,0.0
3100,32Thn_L1_EW,NONE,0.01,0.0
3100,32Thn_L2_EW,NONE,0.01,0.0
3100,32Nvl_L3_EW,NONE,0.006,0.0
3100,32Nvl_L1_NS,32NVL_NS,0.007,0.007
3105,304Nvl_L1_EW,304NVL_EW,0.051,0.051
3105,304Nvl_L2_EW,304NVL_EW,0.036,0.036
3105,304Nvl_L1_NS,NONE,0.022,0.0
3105,32Nvl_L1_EW,32NVL_EW,0.007,0.001
3105,32Nvl_L2_EW,32NVL_EW,0.008,0.008
3105,32Nvl_L3_NS,NONE,0.008,0.0
3105,32Nvl_L2_NS,32NVL_NS,0.008,0.008
3105,NvcNvl_L1_EW,NVCNVL_EW,0.007,0.007
3105,NvcNvl_L2_EW,NVCNVL_EW,0.008,0.008
3105,32Mt_L1_NS,32MT_NS,0.019,0.019
3105,32Mt_L1_EW,NONE,0.014,0.0
3105,NvcMt_L2_NS,NONE,0.005,0.0
3105,32Thn_L1_EW,32THN_EW,0.008,0.003
3105,304Nvl_L3_EW,NONE,0.032,0.0
3105,304Nvl_L2_NS,NONE,0.007,0.0
3105,32Nvl_L3_EW,NONE,0.006,0.0
3105,32Nvl_L1_NS,32NVL_NS,0.007,0.007
3105,NvcNvl_L3_EW,NONE,0.009,0.0
3105,NvcMt_L1_NS,NONE,0.005,0.0
3110,304Nvl_L1_EW,304NVL_EW,0.008,0.008
3110,304Nvl_L2_EW,304NVL_EW,0.007,0.007
3110,32Nvl_L1_EW,32NVL_EW,0.007,0.007
3110,32Nvl_L2_EW,32NVL_EW,0.008,0.008
3110,32Mt_L1_NS,32MT_NS,0.013,0.013
3110,32Mt_L1_EW,NONE,0.007,0.0
3110,32Mt_L3_EW,NONE,0.009,0.0
3110,32Mt_L1_NS,NONE,0.049,0.0
3110,32Thn_L1_EW,NONE,0.01,0.0
3110,304Nvl_L3_EW,NONE,0.006,0.0
3110,32Nvl_L3_EW,NONE,0.006,0.0
3110,32Mt_L2_NS,32MT_NS,0.006,0.006
3110,32Mt_L2_EW,NONE,0.008,0.0
3110,32Mt_L2_NS,NONE,0.043,0.0
3115,304Nvl_L1_EW,NONE,0.008,0.0
3115,304Nvl_L1_NS,NONE,0.015,0.0
3115,304Nvl_L3_NS,NONE,0.016,0.0
3115,304Nvl_L2_EW,NONE,0.009,0.0
3115,32Nvl_L1_NS,32NVL_NS,0.014,0.014
3115,32Nvl_L1_EW,32NVL_EW,0.007,0.007
3115,32Nvl_L2_EW,32NVL_EW,0.008,0.008
3115,32Nvl_L3_NS,NONE,0.008,0.0
3115,32Nvl_L2_NS,32NVL_NS,0.008,0.008
3115,NvcNvl_L1_EW,NONE,0.021,0.0
3115,NvcNvl_L2_EW,NONE,0.015,0.0
3115,32Mt_L1_NS,32MT_NS,0.006,0.006
3115,32Thn_L1_EW,NONE,0.01,0.0
3115,32Thn_L2_EW,NONE,0.01,0.0
3115,304Nvl_L3_EW,NONE,0.008,0.0
3115,304Nvl_L2_NS,NONE,0.015,0.0
3115,32Nvl_L2_NS,32NVL_NS,0.007,0.007
3115,32Nvl_L3_EW,NONE,0.006,0.0
3115,32Nvl_L1_NS,32NVL_NS,0.007,0.007
3115,NvcNvl_L3_EW,NONE,0.013,0.0
3115,32Mt_L2_NS,32MT_NS,0.006,0.006
3120,304Nvl_L1_EW,304NVL_EW,0.051,0.051
3120,304Nvl_L2_EW,304NVL_EW,0.007,0.007
3120,304Nvl_L1_NS,NONE,0.015,0.0
3120,304Nvl_L3_NS,NONE,0.008,0.0
3120,32Nvl_L1_EW,32NVL_EW,0.014,0.009
3120,32Nvl_L2_EW,32NVL_EW,0.015,0.012
3120,NvcNvl_L3_NS,NONE,0.007,0.0
3120,NvcNvl_L2_NS,NONE,0.007,0.0
3120,NvcNvl_L1_EW,NVCNVL_EW,0.007,0.003
3120,NvcNvl_L2_EW,NVCNVL_EW,0.008,0.008
3120,32Mt_L1_NS,32MT_NS,0.006,0.006
3120,32Mt_L1_EW,NONE,0.036,0.0
3120,32Mt_L1_EW,32MT_EW,0.007,-0.003
3120,NvcMt_L1_EW,NVCMT_EW,0.006,0.001
3120,NvcCmt8_L2_NS,NONE,0.011,0.0
3120,NvcCmt8_L1_NS,NONE,0.008,0.0
3120,304Nvl_L3_EW,NONE,0.006,0.0
3120,304Nvl_L2_NS,NONE,0.007,0.0
3120,32Nvl_L3_EW,NONE,0.013,0.0
3120,NvcNvl_L1_NS,NONE,0.009,0.0
3120,NvcNvl_L3_EW,NONE,0.009,0.0
3120,32Mt_L2_NS,32MT_NS,0.006,0.006
3120,32Mt_L2_EW,32MT_EW,0.005,-0.005
3120,NvcMt_L2_EW,NVCMT_EW,0.008,0.002
3125,304Nvl_L1_EW,304NVL_EW,0.017,0.017
3125,32Nvl_L1_EW,32NVL_EW,0.014,0.014
3125,32Nvl_L2_EW,32NVL_EW,0.015,0.015
3125,NvcNvl_L1_EW,NVCNVL_EW,0.007,0.007
3125,NvcNvl_L1_NS,NVCNVL_NS,0.007,0.007
3125,32Mt_L1_NS,32MT_NS,0.006,0.006
3125,32Nvl_L3_EW,NONE,0.013,0.0
3125,32Nvl_L1_NS,32NVL_NS,0.013,0.009
3125,32Mt_L2_NS,32MT_NS,0.006,0.006
3130,304Nvl_L1_EW,304NVL_EW,0.017,0.017
3130,304Nvl_L2_EW,304NVL_EW,0.007,0.007
3130,304Nvl_L1_NS,NONE,0.007,0.0
3130,32Nvl_L3_NS,NONE,0.034,0.0
3130,32Nvl_L1_NS,32NVL_NS,0.035,0.03
3130,32Nvl_L1_EW,32NVL_EW,0.007,0.007
3130,32Nvl_L2_EW,32NVL_EW,0.008,0.008
3130,32Nvl_L1_EW,32NVL_EW,0.007,0.007
3130,32Nvl_L3_NS,NONE,0.042,0.0
3130,32Nvl_L2_NS,32NVL_NS,0.039,0.039
3130,NvcNvl_L1_EW,NVCNVL_EW,0.007,0.007
3130,NvcNvl_L2_EW,NVCNVL_EW,0.008,0.008
3130,NvcNvl_L1_NS,NVCNVL_NS,0.007,-0.018
3130,304Nvl_L3_EW,NONE,0.006,0.0
3130,32Nvl_L2_NS,32NVL_NS,0.033,0.033
3130,32Nvl_L3_EW,NONE,0.006,0.0
3130,32Nvl_L1_NS,32NVL_NS,0.034,0.029
3130,NvcNvl_L3_EW,NONE,0.009,0.0
3135,304Nvl_L1_EW,304NVL_EW,0.008,0.008
3135,304Nvl_L2_EW,304NVL_EW,0.007,0.007
3135,304Nvl_L1_NS,NONE,0.015,0.0
3135,304Nvl_L3_NS,NONE,0.008,0.0
3135,32Nvl_L3_NS,NONE,0.041,0.0
3135,32Nvl_L1_NS,32NVL_NS,0.083,0.083
3135,32Nvl_L3_NS,NONE,0.042,0.0
3135,32Nvl_L2_NS,32NVL_NS,0.039,0.039
3135,NvcNvl_L3_NS,NONE,0.034,0.0
3135,NvcNvl_L2_NS,NONE,0.033,0.0
3135,NvcNvl_L1_EW,NONE,0.011,0.0
3135,32Mt_L1_EW,NONE,0.007,0.0
3135,NvcMt_L1_NS,NVCMT_NS,0.007,0.007
3135,304Nvl_L3_EW,NONE,0.006,0.0
3135,304Nvl_L2_NS,NONE,0.007,0.0
3135,32Nvl_L2_NS,32NVL_NS,0.08,0.08
3135,32Nvl_L1_NS,32NVL_NS,0.034,0.034
3135,NvcNvl_L1_NS,NONE,0.044,0.0
3135,NvcMt_L2_NS,NVCMT_NS,0.005,0.005
3140,32Nvl_L3_NS,NONE,0.055,0.0
3140,32Nvl_L1_NS,32NVL_NS,0.09,0.09
3140,32Nvl_L3_NS,NONE,0.05,0.0
3140,32Nvl_L2_NS,32NVL_NS,0.047,0.047
3140,NvcNvl_L3_NS,NONE,0.041,0.0
3140,NvcNvl_L2_NS,NONE,0.046,0.0
3140,32Mt_L1_EW,NONE,0.007,0.0
3140,32Mt_L1_EW,32MT_EW,0.007,0.007
3140,NvcMt_L1_EW,NVCMT_EW,0.032,0.032
3140,NvcMt_L1_NS,NVCMT_NS,0.007,0.007
3140,32Nvl_L2_NS,32NVL_NS,0.087,0.087
3140,32Nvl_L1_NS,32NVL_NS,0.047,0.047
3140,NvcNvl_L1_NS,NONE,0.061,0.0
3140,32Mt_L2_EW,32MT_EW,0.005,0.005
3140,NvcMt_L2_EW,NVCMT_EW,0.04,0.04
3140,NvcMt_L2_NS,NVCMT_NS,0.005,0.005
3145,304Nvl_L1_EW,304NVL_EW,0.017,0.017
3145,304Nvl_L2_EW,304NVL_EW,0.007,0.007
3145,32Nvl_L3_NS,NONE,0.055,0.0
3145,32Nvl_L1_NS,32NVL_NS,0.097,0.097
3145,32Nvl_L3_NS,NONE,0.058,0.0
3145,32Nvl_L2_NS,32NVL_NS,0.055,0.055
3145,NvcNvl_L3_NS,NONE,0.014,0.0
3145,NvcNvl_L2_NS,NONE,0.02,0.0
3145,32Mt_L1_EW,32MT_EW,0.007,0.007
3145,32Mt_L1_NS,NONE,0.059,0.0
3145,NvcMt_L2_NS,NONE,0.011,0.0
3145,NvcMt_L1_EW,NVCMT_EW,0.032,0.032
3145,304Nvl_L3_EW,NONE,0.006,0.0
3145,32Nvl_L2_NS,32NVL_NS,0.093,0.093
3145,32Nvl_L1_NS,32NVL_NS,0.054,0.054
3145,NvcNvl_L1_NS,NONE,0.026,0.0
3145,32Mt_L2_EW,32MT_EW,0.005,0.005
3145,32Mt_L2_NS,NONE,0.052,0.0
3145,NvcMt_L1_NS,NONE,0.011,0.0
3145,NvcMt_L2_EW,NVCMT_EW,0.04,0.04
3150,304Nvl_L1_EW,304NVL_EW,0.076,0.076
3150,304Nvl_L2_EW,304NVL_EW,0.058,0.058
3150,32Nvl_L1_NS,32NVL_NS,0.007,0.007
3150,32Nvl_L3_NS,NONE,0.017,0.0
3150,32Nvl_L2_NS,32NVL_NS,0.016,0.016
3150,32Mt_L1_NS,32MT_NS,0.006,0.006
3150,32Mt_L1_EW,NONE,0.007,0.0
3150,32Mt_L1_EW,32MT_EW,0.007,0.007
3150,32Mt_L1_NS,NONE,0.01,0.0
3150,NvcMt_L2_NS,NONE,0.016,0.0
3150,NvcMt_L1_EW,NVCMT_EW,0.032,0.032
3150,304Nvl_L3_EW,NONE,0.051,0.0
3150,32Nvl_L1_NS,32NVL_NS,0.013,0.013
3150,32Mt_L2_EW,32MT_EW,0.005,0.005
3150,32Mt_L2_NS,NONE,0.009,0.0
3150,NvcMt_L1_NS,NONE,0.016,0.0
3150,NvcMt_L2_EW,NVCMT_EW,0.04,0.04
3155,304Nvl_L1_EW,304NVL_EW,0.042,0.042
3155,304Nvl_L2_EW,304NVL_EW,0.029,0.029
3155,32Nvl_L1_NS,32NVL_NS,0.014,0.014
3155,32Nvl_L1_EW,32NVL_EW,0.007,0.002
3155,32Nvl_L2_EW,32NVL_EW,0.008,0.004
3155,32Nvl_L1_EW,32NVL_EW,0.007,0.002
3155,NvcNvl_L1_EW,NVCNVL_EW,0.007,0.007
3155,32Mt_L1_NS,32MT_NS,0.006,0.006
3155,32Mt_L1_EW,NONE,0.036,0.0
3155,32Mt_L1_EW,32MT_EW,0.007,0.002
3155,304Nvl_L3_EW,NONE,0.025,0.0
3155,32Nvl_L2_NS,32NVL_NS,0.007,0.007
3155,32Nvl_L3_EW,NONE,0.006,0.0
3155,32Mt_L2_NS,32MT_NS,0.006,0.006
3155,32Mt_L2_EW,32MT_EW,0.005,0.0
3155,NvcMt_L2_EW,NVCMT_EW,0.04,0.04
3160,304Nvl_L1_NS,NONE,0.036,0.0
3160,32Nvl_L3_NS,NONE,0.007,0.0
3160,32Nvl_L1_NS,32NVL_NS,0.042,0.042
3160,32Nvl_L1_EW,32NVL_EW,0.007,0.002
3160,32Nvl_L2_EW,32NVL_EW,0.008,0.004
3160,32Nvl_L1_EW,32NVL_EW,0.007,0.002
3160,NvcNvl_L3_NS,NONE,0.007,0.0
3160,NvcNvl_L2_NS,NONE,0.007,0.0
3160,NvcNvl_L1_EW,NVCNVL_EW,0.007,0.003
3160,32Mt_L1_EW,NONE,0.014,0.0
3160,32Mt_L3_EW,NONE,0.009,0.0
3160,32Mt_L1_EW,32MT_EW,0.007,0.002
3160,NvcMt_L1_EW,NVCMT_EW,0.006,0.001
3160,32Nvl_L2_NS,32NVL_NS,0.007,0.007
3160,32Nvl_L3_EW,NONE,0.006,0.0
3160,32Nvl_L1_NS,32NVL_NS,0.007,0.007
3160,NvcNvl_L1_NS,NONE,0.009,0.0
3160,32Mt_L2_EW,NONE,0.008,0.0
3160,32Mt_L2_EW,32MT_EW,0.005,0.0
3160,NvcMt_L2_EW,NVCMT_EW,0.008,0.008
3160,NvcMt_L1_EW,NVCMT_EW,0.011,0.006
3165,304Nvl_L1_NS,NONE,0.044,0.0
3165,32Nvl_L1_NS,32NVL_NS,0.035,0.035
3165,32Nvl_L1_EW,32NVL_EW,0.007,0.002
3165,32Nvl_L2_EW,32NVL_EW,0.008,0.004
3165,NvcNvl_L3_NS,NONE,0.007,0.0
3165,NvcNvl_L2_NS,NONE,0.007,0.0
3165,NvcNvl_L1_EW,NVCNVL_EW,0.007,0.003
3165,32Mt_L1_NS,32MT_NS,0.006,0.006
3165,32Mt_L1_EW,32MT_EW,0.007,0.002
3165,NvcMt_L1_EW,NVCMT_EW,0.006,0.001
3165,32Nvl_L3_EW,NONE,0.006,0.0
3165,32Nvl_L1_NS,32NVL_NS,0.007,0.007
3165,NvcNvl_L1_NS,NONE,0.009,0.0
3165,32Mt_L2_EW,32MT_EW,0.005,0.0
3165,NvcMt_L2_EW,NVCMT_EW,0.008,0.008
3170,304Nvl_L1_NS,NONE,0.007,0.0
3170,32Nvl_L1_EW,32NVL_EW,0.007,-0.003
3170,32Nvl_L2_EW,32NVL_EW,0.008,0.0
3170,32Mt_L1_EW,NONE,0.022,0.0
3170,32Mt_L3_EW,NONE,0.018,0.0
3170,32Mt_L1_EW,32MT_EW,0.014,0.009
3170,NvcMt_L1_EW,NVCMT_EW,0.019,0.014
3170,NvcCmt8_L2_EW,NVCCMT8_EW,0.005,0.005
3170,32Nvl_L3_EW,NONE,0.006,0.0
3170,32Nvl_L1_NS,32NVL_NS,0.007,0.007
3170,32Mt_L2_EW,NONE,0.015,0.0
3170,32Mt_L2_EW,32MT_EW,0.011,0.005
3170,NvcMt_L2_EW,NVCMT_EW,0.024,0.02
3170,NvcCmt8_L1_EW,NVCCMT8_EW,0.008,-0.006
3175,304Nvl_L1_NS,NONE,0.007,0.0
3175,304Nvl_L3_NS,NONE,0.008,0.0
3175,32Nvl_L1_EW,32NVL_EW,0.007,-0.008
3175,32Nvl_L2_EW,32NVL_EW,0.008,-0.006
3175,32Mt_L1_EW,NONE,0.007,0.0
3175,32Mt_L3_EW,NONE,0.009,0.0
3175,32Mt_L1_EW,32MT_EW,0.014,0.009
3175,32Mt_L1_NS,NONE,0.049,0.0
3175,NvcMt_L2_NS,NONE,0.026,0.0
3175,NvcMt_L1_EW,NVCMT_EW,0.013,0.007
3175,NvcCmt8_L2_EW,NVCCMT8_EW,0.005,0.005
3175,32Thn_L1_EW,32THN_EW,0.008,0.003
3175,32Thn_L2_EW,32THN_EW,0.008,0.003
3175,32Thn_L3_EW,NONE,0.008,0.0
3175,304Nvl_L2_NS,NONE,0.007,0.0
3175,32Nvl_L3_EW,NONE,0.006,0.0
3175,32Nvl_L1_NS,32NVL_NS,0.007,0.007
3175,32Mt_L2_EW,NONE,0.008,0.0
3175,32Mt_L2_EW,32MT_EW,0.011,0.005
3175,32Mt_L2_NS,NONE,0.043,0.0
3175,NvcMt_L1_NS,NONE,0.027,0.0
3175,NvcMt_L2_EW,NVCMT_EW,0.016,0.012
3175,NvcCmt8_L1_EW,NVCCMT8_EW,0.008,-0.001
3180,304Nvl_L1_EW,304NVL_EW,0.008,0.008
3180,304Nvl_L2_EW,304NVL_EW,0.007,0.007
3180,304Nvl_L1_NS,NONE,0.007,0.0
3180,304Nvl_L3_NS,NONE,0.008,0.0
3180,32Nvl_L1_EW,32NVL_EW,0.014,-0.006
3180,32Nvl_L2_EW,32NVL_EW,0.015,0.002
3180,NvcNvl_L3_NS,NONE,0.007,0.0
3180,NvcNvl_L2_NS,NONE,0.013,0.0
3180,32Mt_L1_EW,32MT_EW,0.021,0.011
3180,NvcMt_L2_NS,NONE,0.026,0.0
3180,NvcMt_L1_EW,NVCMT_EW,0.013,0.007
3180,NvcCmt8_L2_EW,NVCCMT8_EW,0.005,0.005
3180,32Thn_L1_EW,NONE,0.01,0.0
3180,32Thn_L2_EW,NONE,0.01,0.0
3180,32Thn_L1_EW,32THN_EW,0.008,-0.002
3180,32Thn_L2_EW,32THN_EW,0.008,-0.002
3180,32Thn_L3_EW,NONE,0.007,0.0
3180,32Thn_L3_EW,NONE,0.008,0.0
3180,304Nvl_L3_EW,NONE,0.006,0.0
3180,304Nvl_L2_NS,NONE,0.007,0.0
3180,32Nvl_L3_EW,NONE,0.013,0.0
3180,32Nvl_L1_NS,32NVL_NS,0.007,0.007
3180,NvcNvl_L1_NS,NONE,0.017,0.0
3180,32Mt_L2_EW,32MT_EW,0.011,0.0
3180,NvcMt_L1_NS,NONE,0.027,0.0
3180,NvcMt_L2_EW,NVCMT_EW,0.016,0.012
3180,NvcCmt8_L1_EW,NVCCMT8_EW,0.008,-0.001
3185,304Nvl_L1_EW,304NVL_EW,0.008,0.008
3185,304Nvl_L2_EW,304NVL_EW,0.007,0.007
3185,32Nvl_L1_EW,32NVL_EW,0.007,-0.029
3185,32Nvl_L2_EW,32NVL_EW,0.008,-0.01
3185,32Nvl_L3_NS,NONE,0.008,0.0
3185,32Nvl_L2_NS,32NVL_NS,0.008,0.008
3185,32Mt_L1_EW,NONE,0.036,0.0
3185,32Mt_L1_EW,32MT_EW,0.035,0.03
3185,32Mt_L1_NS,NONE,0.01,0.0
3185,32Thn_L1_EW,32THN_EW,0.016,0.011
3185,32Thn_L2_EW,32THN_EW,0.008,0.003
3185,32Thn_L3_EW,NONE,0.008,0.0
3185,304Nvl_L3_EW,NONE,0.006,0.0
3185,32Nvl_L3_EW,NONE,0.006,0.0
3185,32Nvl_L1_NS,32NVL_NS,0.007,0.007
3185,32Mt_L2_EW,32MT_EW,0.016,0.011
3185,32Mt_L2_NS,NONE,0.009,0.0
3185,NvcCmt8_L1_EW,NONE,0.006,0.0
3190,304Nvl_L1_EW,304NVL_EW,0.017,0.017
3190,304Nvl_L1_NS,NONE,0.036,0.0
3190,304Nvl_L3_NS,NONE,0.04,0.0
3190,32Nvl_L3_NS,NONE,0.007,0.0
3190,32Nvl_L1_NS,32NVL_NS,0.007,0.007
3190,32Nvl_L1_EW,32NVL_EW,0.007,-0.018
3190,32Nvl_L2_EW,32NVL_EW,0.008,-0.01
3190,32Nvl_L3_NS,NONE,0.05,0.0
3190,32Nvl_L2_NS,32NVL_NS,0.055,0.055
3190,32Mt_L1_NS,32MT_NS,0.006,0.006
3190,32Mt_L1_EW,32MT_EW,0.028,0.023
3190,NvcMt_L2_NS,NONE,0.005,0.0
3190,32Thn_L1_EW,32THN_EW,0.008,0.003
3190,32Thn_L2_EW,32THN_EW,0.008,0.003
3190,32Thn_L3_EW,NONE,0.008,0.0
3190,304Nvl_L2_NS,NONE,0.037,0.0
3190,32Nvl_L2_NS,32NVL_NS,0.007,0.007
3190,32Nvl_L3_EW,NONE,0.006,0.0
3190,32Nvl_L1_NS,32NVL_NS,0.047,0.047
3190,32Mt_L2_EW,32MT_EW,0.016,0.011
3190,NvcMt_L1_NS,NONE,0.005,0.0
3195,304Nvl_L1_EW,304NVL_EW,0.025,0.025
3195,304Nvl_L2_EW,304NVL_EW,0.015,0.015
3195,32Nvl_L3_NS,NONE,0.041,0.0
3195,32Nvl_L1_NS,32NVL_NS,0.042,0.042
3195,32Nvl_L1_EW,32NVL_EW,0.007,-0.022
3195,32Nvl_L2_EW,32NVL_EW,0.008,-0.015
3195,32Nvl_L3_NS,NONE,0.033,0.0
3195,32Nvl_L2_NS,32NVL_NS,0.032,0.032
3195,32Mt_L1_NS,32MT_NS,0.013,0.013
3195,32Mt_L1_EW,32MT_EW,0.042,0.037
3195,NvcMt_L1_EW,NVCMT_EW,0.032,0.032
3195,32Thn_L1_EW,NONE,0.01,0.0
3195,304Nvl_L3_EW,NONE,0.013,0.0
3195,32Nvl_L2_NS,32NVL_NS,0.04,0.04
3195,32Nvl_L3_EW,NONE,0.006,0.0
3195,32Nvl_L1_NS,32NVL_NS,0.027,0.027
3195,32Mt_L2_EW,32MT_EW,0.033,0.027
3195,NvcMt_L2_EW,NVCMT_EW,0.04,0.04
3200,304Nvl_L1_EW,304NVL_EW,0.025,0.025
3200,304Nvl_L2_EW,304NVL_EW,0.022,0.022
3200,32Nvl_L3_NS,NONE,0.014,0.0
3200,32Nvl_L1_NS,32NVL_NS,0.048,0.048
3200,32Nvl_L1_EW,32NVL_EW,0.007,-0.017
3200,32Nvl_L2_EW,32NVL_EW,0.008,-0.011
3200,NvcNvl_L3_NS,NONE,0.007,0.0
3200,NvcNvl_L2_NS,NONE,0.007,0.0
3200,32Mt_L1_NS,32MT_NS,0.006,0.006
3200,32Mt_L1_EW,32MT_EW,0.035,0.03
3200,NvcCmt8_L2_NS,NONE,0.011,0.0
3200,32Thn_L1_EW,NONE,0.01,0.0
3200,NvcCmt8_L1_NS,NONE,0.008,0.0
3200,304Nvl_L3_EW,NONE,0.019,0.0
3200,32Nvl_L2_NS,32NVL_NS,0.047,0.047
3200,32Nvl_L3_EW,NONE,0.006,0.0
3200,32Nvl_L1_NS,32NVL_NS,0.007,0.007
3200,NvcNvl_L1_NS,NONE,0.009,0.0
3200,32Mt_L2_EW,32MT_EW,0.027,0.022
3205,304Nvl_L1_EW,304NVL_EW,0.008,0.008
3205,304Nvl_L2_EW,304NVL_EW,0.007,0.007
3205,304Nvl_L1_NS,NONE,0.015,0.0
3205,32Nvl_L1_NS,32NVL_NS,0.014,0.014
3205,32Nvl_L1_EW,32NVL_EW,0.007,0.007
3205,32Nvl_L2_EW,32NVL_EW,0.008,0.008
3205,NvcNvl_L3_NS,NONE,0.007,0.0
3205,NvcNvl_L2_NS,NONE,0.007,0.0
3205,32Mt_L1_NS,32MT_NS,0.006,0.006
3205,32Mt_L1_NS,NONE,0.049,0.0
3205,304Nvl_L3_EW,NONE,0.006,0.0
3205,32Nvl_L2_NS,32NVL_NS,0.007,0.007
3205,32Nvl_L3_EW,NONE,0.006,0.0
3205,32Nvl_L1_NS,32NVL_NS,0.007,0.007
3205,NvcNvl_L1_NS,NONE,0.009,0.0
3210,304Nvl_L1_NS,NONE,0.007,0.0
3210,32Nvl_L1_EW,32NVL_EW,0.042,0.038
3210,32Nvl_L2_EW,32NVL_EW,0.046,0.043
3210,32Mt_L1_NS,32MT_NS,0.006,0.006
3210,32Mt_L1_EW,NONE,0.007,0.0
3210,32Mt_L1_EW,32MT_EW,0.007,-0.023
3210,NvcMt_L1_EW,NVCMT_EW,0.006,0.006
3210,32Nvl_L3_EW,NONE,0.038,0.0
3210,32Nvl_L1_NS,32NVL_NS,0.04,0.04
3210,32Mt_L2_EW,NONE,0.008,0.0
3210,32Mt_L2_EW,32MT_EW,0.005,-0.027
3210,NvcMt_L2_EW,NVCMT_EW,0.008,0.008
3215,304Nvl_L1_NS,304NVL_NS,0.009,0.009
3215,304Nvl_L1_NS,NONE,0.007,0.0
3215,32Nvl_L1_EW,32NVL_EW,0.021,0.011
3215,32Nvl_L2_EW,32NVL_EW,0.023,0.019
3215,32Mt_L1_EW,32MT_EW,0.014,-0.001
3215,32Nvl_L3_EW,NONE,0.019,0.0
3215,32Nvl_L1_NS,32NVL_NS,0.007,0.0
3215,32Mt_L2_EW,32MT_EW,0.005,-0.011
3220,304Nvl_L1_NS,304NVL_NS,0.009,0.009
3220,304Nvl_L1_EW,304NVL_EW,0.008,0.008
3220,304Nvl_L2_EW,304NVL_EW,0.007,0.007
3220,32Nvl_L1_EW,32NVL_EW,0.007,0.007
3220,32Nvl_L2_EW,32NVL_EW,0.008,0.008
3220,32Nvl_L3_NS,NONE,0.017,0.0
3220,32Nvl_L2_NS,32NVL_NS,0.016,0.016
3220,NvcNvl_L1_EW,NONE,0.011,0.0
3220,NvcNvl_L2_EW,NONE,0.008,0.0
3220,32Mt_L1_EW,NONE,0.014,0.0
3220,32Mt_L3_EW,NONE,0.009,0.0
3220,32Thn_L1_EW,NONE,0.01,0.0
3220,32Thn_L2_EW,NONE,0.01,0.0
3220,32Thn_L3_EW,NONE,0.007,0.0
3220,304Nvl_L3_EW,NONE,0.006,0.0
3220,32Nvl_L3_EW,NONE,0.006,0.0
3220,32Nvl_L1_NS,32NVL_NS,0.047,0.041
3220,NvcNvl_L3_EW,NONE,0.006,0.0
3220,32Mt_L2_EW,NONE,0.008,0.0
3225,304Nvl_L1_NS,NONE,0.015,0.0
3225,304Nvl_L3_NS,NONE,0.008,0.0
3225,32Nvl_L1_EW,32NVL_EW,0.007,0.001
3225,32Nvl_L2_EW,32NVL_EW,0.008,0.008
3225,32Nvl_L1_EW,32NVL_EW,0.007,0.001
3225,NvcNvl_L3_NS,NONE,0.081,0.0
3225,NvcNvl_L2_NS,NONE,0.079,0.0
3225,32Mt_L1_NS,32MT_NS,0.006,0.006
3225,32Mt_L1_EW,NONE,0.043,0.0
3225,32Mt_L3_EW,NONE,0.053,0.0
3225,32Thn_L1_EW,32THN_EW,0.008,0.003
3225,304Nvl_L2_NS,NONE,0.007,0.0
3225,32Nvl_L3_EW,NONE,0.006,0.0
3225,NvcNvl_L1_NS,NONE,0.105,0.0
3225,32Mt_L2_EW,NONE,0.045,0.0
3230,32Nvl_L3_NS,NONE,0.014,0.0
3230,32Nvl_L1_NS,32NVL_NS,0.021,0.021
3230,32Nvl_L1_EW,32NVL_EW,0.021,0.021
3230,32Nvl_L2_EW,32NVL_EW,0.023,0.023
3230,32Nvl_L1_EW,32NVL_EW,0.007,0.007
3230,NvcNvl_L3_NS,NONE,0.081,0.0
3230,NvcNvl_L2_NS,NONE,0.079,0.0
3230,32Mt_L1_NS,32MT_NS,0.006,0.006
3230,NvcCmt8_L2_NS,NONE,0.011,0.0
3230,NvcCmt8_L1_NS,NONE,0.008,0.0
3230,32Nvl_L2_NS,32NVL_NS,0.013,0.013
3230,32Nvl_L3_EW,NONE,0.019,0.0
3230,NvcNvl_L1_NS,NONE,0.105,0.0
3235,304Nvl_L1_EW,304NVL_EW,0.008,0.008
3235,304Nvl_L1_NS,NONE,0.007,0.0
3235,304Nvl_L3_NS,NONE,0.008,0.0
3235,32Nvl_L3_NS,NONE,0.007,0.0
3235,32Nvl_L1_NS,32NVL_NS,0.014,0.014
3235,32Nvl_L1_EW,32NVL_EW,0.014,0.009
3235,32Nvl_L2_EW,32NVL_EW,0.015,0.012
3235,NvcNvl_L1_EW,NVCNVL_EW,0.007,0.007
3235,NvcNvl_L2_EW,NVCNVL_EW,0.008,0.008
3235,32Mt_L1_EW,NONE,0.007,0.0
3235,32Mt_L3_EW,NONE,0.009,0.0
3235,32Mt_L1_EW,32MT_EW,0.007,-0.003
3235,32Mt_L1_NS,NONE,0.049,0.0
3235,304Nvl_L2_NS,NONE,0.007,0.0
3235,32Nvl_L2_NS,32NVL_NS,0.013,0.013
3235,32Nvl_L3_EW,NONE,0.013,0.0
3235,32Nvl_L1_NS,32NVL_NS,0.013,0.013
3235,NvcNvl_L3_EW,NONE,0.009,0.0
3235,32Mt_L2_EW,NONE,0.008,0.0
3235,32Mt_L2_EW,32MT_EW,0.005,-0.005
3240,32Nvl_L1_NS,32NVL_NS,0.007,0.007
3240,32Nvl_L1_EW,32NVL_EW,0.014,0.009
3240,32Nvl_L2_EW,32NVL_EW,0.015,0.012
3240,32Nvl_L3_NS,NONE,0.008,0.0
3240,32Nvl_L2_NS,32NVL_NS,0.008,0.008
3240,32Mt_L1_EW,NONE,0.007,0.0
3240,32Mt_L3_EW,NONE,0.009,0.0
3240,32Mt_L1_EW,32MT_EW,0.007,-0.003
3240,32Mt_L1_NS,NONE,0.049,0.0
3240,32Nvl_L2_NS,32NVL_NS,0.007,0.007
3240,32Nvl_L3_EW,NONE,0.013,0.0
3240,32Nvl_L1_NS,32NVL_NS,0.013,0.013
3240,32Mt_L2_EW,NONE,0.008,0.0
3240,32Mt_L2_EW,32MT_EW,0.005,-0.005
3240,32Mt_L2_NS,NONE,0.043,0.0
3245,304Nvl_L1_EW,304NVL_EW,0.008,0.008
3245,32Nvl_L1_NS,32NVL_NS,0.007,0.007
3245,32Nvl_L3_NS,NONE,0.008,0.0
3245,32Nvl_L2_NS,32NVL_NS,0.008,0.008
3245,NvcNvl_L1_EW,NVCNVL_EW,0.084,0.084
3245,32Mt_L1_EW,NONE,0.007,0.0
3245,32Mt_L1_NS,NONE,0.059,0.0
3245,32Thn_L1_EW,32THN_EW,0.096,0.096
3245,32Thn_L2_EW,32THN_EW,0.1,0.1
3245,32Thn_L3_EW,NONE,0.098,0.0
3245,32Nvl_L1_NS,32NVL_NS,0.013,0.013
3245,32Mt_L2_NS,NONE,0.052,0.0
3250,32Nvl_L3_NS,NONE,0.007,0.0
3250,32Nvl_L1_NS,32NVL_NS,0.014,0.014
3250,32Nvl_L3_NS,NONE,0.017,0.0
3250,32Nvl_L2_NS,32NVL_NS,0.016,0.016
3250,NvcNvl_L3_NS,NONE,0.007,0.0
3250,NvcNvl_L2_NS,NONE,0.007,0.0
3250,NvcNvl_L1_EW,NVCNVL_EW,0.084,0.084
3250,32Mt_L1_NS,32MT_NS,0.006,0.001
3250,32Mt_L1_EW,NONE,0.007,0.0
3250,NvcMt_L1_NS,NVCMT_NS,0.007,0.002
3250,32Thn_L1_EW,NONE,0.116,0.0
3250,32Nvl_L2_NS,32NVL_NS,0.007,0.007
3250,32Nvl_L1_NS,32NVL_NS,0.027,0.027
3250,NvcNvl_L1_NS,NONE,0.009,0.0
3255,304Nvl_L1_NS,NONE,0.007,0.0
3255,32Nvl_L1_NS,32NVL_NS,0.007,0.007
3255,32Nvl_L1_EW,32NVL_EW,0.007,-0.018
3255,32Nvl_L2_EW,32NVL_EW,0.007,-0.012
3255,32Nvl_L3_NS,NONE,0.008,0.0
3255,32Nvl_L2_NS,32NVL_NS,0.008,0.008
3255,NvcNvl_L1_EW,NVCNVL_EW,0.007,0.007
3255,NvcNvl_L2_EW,NVCNVL_EW,0.008,0.008
3255,32Mt_L1_NS,32MT_NS,0.013,0.013
3255,32Mt_L1_EW,32MT_EW,0.035,0.035
3255,32Thn_L1_EW,NONE,0.116,0.0
3255,304Nvl_L2_NS,NONE,0.007,0.0
3255,32Nvl_L2_NS,32NVL_NS,0.007,0.007
3255,32Nvl_L3_EW,NONE,0.006,0.0
3255,32Nvl_L1_NS,32NVL_NS,0.013,0.013
3255,NvcNvl_L3_EW,NONE,0.009,0.0
3255,32Mt_L2_EW,32MT_EW,0.027,0.027
3260,304Nvl_L1_EW,304NVL_EW,0.017,0.017
3260,304Nvl_L2_EW,304NVL_EW,0.015,0.015
3260,304Nvl_L1_NS,NONE,0.007,0.0
3260,304Nvl_L3_NS,NONE,0.008,0.0
3260,32Nvl_L1_NS,32NVL_NS,0.007,0.007
3260,32Nvl_L1_EW,32NVL_EW,0.007,0.007
3260,32Nvl_L2_EW,32NVL_EW,0.007,0.007
3260,NvcNvl_L1_EW,NVCNVL_EW,0.021,0.021
3260,NvcNvl_L2_EW,NVCNVL_EW,0.016,0.016
3260,32Mt_L1_NS,32MT_NS,0.006,0.006
3260,32Mt_L1_NS,NONE,0.01,0.0
3260,304Nvl_L3_EW,NONE,0.013,0.0
3260,304Nvl_L2_NS,NONE,0.007,0.0
3260,32Nvl_L3_EW,NONE,0.006,0.0
3260,32Nvl_L1_NS,32NVL_NS,0.007,0.007
3260,NvcNvl_L3_EW,NONE,0.019,0.0
3260,32Mt_L2_NS,NONE,0.009,0.0
3265,304Nvl_L1_EW,304NVL_EW,0.017,0.017
3265,304Nvl_L2_EW,304NVL_EW,0.015,0.015
3265,32Nvl_L1_EW,32NVL_EW,0.035,0.035
3265,32Nvl_L2_EW,32NVL_EW,0.039,0.039
3265,32Nvl_L1_EW,32NVL_EW,0.007,0.007
3265,32Nvl_L2_EW,32NVL_EW,0.007,0.007
3265,NvcNvl_L1_EW,NVCNVL_EW,0.021,0.021
3265,NvcNvl_L2_EW,NVCNVL_EW,0.016,0.016
3265,NvcMt_L2_NS,NONE,0.005,0.0
3265,304Nvl_L3_EW,NONE,0.013,0.0
3265,32Nvl_L3_EW,NONE,0.006,0.0
3265,32Nvl_L3_EW,NONE,0.031,0.0
3265,NvcNvl_L3_EW,NONE,0.019,0.0
3265,NvcMt_L1_NS,NONE,0.005,0.0
3270,304Nvl_L1_EW,304NVL_EW,0.017,0.017
3270,304Nvl_L2_EW,304NVL_EW,0.007,0.007
3270,32Nvl_L1_EW,32NVL_EW,0.042,0.042
3270,32Nvl_L2_EW,32NVL_EW,0.046,0.046
3270,32Nvl_L1_EW,32NVL_EW,0.007,0.007
3270,32Nvl_L2_EW,32NVL_EW,0.007,0.007
3270,NvcNvl_L3_NS,NONE,0.007,0.0
3270,NvcNvl_L2_NS,NONE,0.007,0.0
3270,NvcNvl_L1_EW,NVCNVL_EW,0.028,0.028
3270,NvcNvl_L2_EW,NVCNVL_EW,0.023,0.023
3270,32Mt_L1_EW,NONE,0.007,0.0
3270,NvcCmt8_L2_NS,NONE,0.054,0.0
3270,NvcCmt8_L1_NS,NONE,0.039,0.0
3270,304Nvl_L3_EW,NONE,0.006,0.0
3270,32Nvl_L3_EW,NONE,0.006,0.0
3270,32Nvl_L3_EW,NONE,0.038,0.0
3270,NvcNvl_L1_NS,NONE,0.009,0.0
3270,NvcNvl_L3_EW,NONE,0.028,0.0
3275,304Nvl_L1_EW,304NVL_EW,0.025,0.025
3275,304Nvl_L2_EW,304NVL_EW,0.007,0.007
3275,32Nvl_L1_EW,32NVL_EW,0.042,0.018
3275,32Nvl_L2_EW,32NVL_EW,0.046,0.027
3275,32Nvl_L1_EW,32NVL_EW,0.007,-0.018
3275,32Nvl_L2_EW,32NVL_EW,0.007,-0.012
3275,NvcNvl_L1_EW,NVCNVL_EW,0.021,0.021
3275,NvcNvl_L2_EW,NVCNVL_EW,0.023,0.023
3275,32Mt_L1_EW,32MT_EW,0.035,0.005
3275,304Nvl_L3_EW,NONE,0.006,0.0
3275,32Nvl_L3_EW,NONE,0.006,0.0
3275,32Nvl_L3_EW,NONE,0.038,0.0
3275,32Nvl_L1_NS,32NVL_NS,0.007,0.007
3275,NvcNvl_L3_EW,NONE,0.028,0.0
3275,32Mt_L2_EW,32MT_EW,0.027,-0.005
3280,304Nvl_L1_NS,NONE,0.007,0.0
3280,304Nvl_L3_NS,NONE,0.008,0.0
3280,32Nvl_L1_EW,32NVL_EW,0.035,0.006
3280,32Nvl_L2_EW,32NVL_EW,0.039,0.016
3280,32Nvl_L1_EW,32NVL_EW,0.007,-0.023
3280,32Nvl_L2_EW,32NVL_EW,0.007,-0.015
3280,32Nvl_L3_NS,NONE,0.017,0.0
3280,32Nvl_L2_NS,32NVL_NS,0.016,0.016
3280,NvcNvl_L1_EW,NVCNVL_EW,0.021,0.017
3280,NvcNvl_L2_EW,NVCNVL_EW,0.023,0.022
3280,32Mt_L1_EW,NONE,0.007,0.0
3280,32Mt_L3_EW,NONE,0.009,0.0
3280,32Mt_L1_EW,32MT_EW,0.042,0.017
3280,NvcMt_L1_EW,NVCMT_EW,0.006,-0.008
3280,NvcMt_L2_EW,NVCMT_EW,0.003,-0.014
3280,304Nvl_L2_NS,NONE,0.007,0.0
3280,32Nvl_L3_EW,NONE,0.006,0.0
3280,32Nvl_L3_EW,NONE,0.031,0.0
3280,32Nvl_L1_NS,32NVL_NS,0.02,0.02
3280,NvcNvl_L3_EW,NONE,0.028,0.0
3280,32Mt_L2_EW,NONE,0.008,0.0
3280,32Mt_L2_EW,32MT_EW,0.033,0.006
3280,NvcMt_L2_EW,NVCMT_EW,0.008,-0.008
3280,NvcMt_L1_EW,NVCMT_EW,0.006,-0.009
3285,304Nvl_L1_EW,304NVL_EW,0.017,0.017
3285,304Nvl_L1_NS,NONE,0.007,0.0
3285,304Nvl_L3_NS,NONE,0.008,0.0
3285,32Nvl_L1_EW,32NVL_EW,0.035,0.006
3285,32Nvl_L2_EW,32NVL_EW,0.039,0.016
3285,32Nvl_L1_EW,32NVL_EW,0.007,-0.023
3285,32Nvl_L2_EW,32NVL_EW,0.007,-0.015
3285,NvcNvl_L1_EW,NVCNVL_EW,0.021,0.017
3285,NvcNvl_L2_EW,NVCNVL_EW,0.023,0.022
3285,32Mt_L1_EW,NONE,0.014,0.0
3285,32Mt_L3_EW,NONE,0.018,0.0
3285,32Mt_L1_EW,32MT_EW,0.042,0.017
3285,NvcMt_L1_EW,NVCMT_EW,0.006,-0.008
3285,NvcMt_L2_EW,NVCMT_EW,0.003,-0.014
3285,32Thn_L1_EW,NONE,0.01,0.0
3285,32Thn_L2_EW,NONE,0.01,0.0
3285,32Thn_L3_EW,NONE,0.007,0.0
3285,304Nvl_L2_NS,NONE,0.007,0.0
3285,32Nvl_L3_EW,NONE,0.006,0.0
3285,32Nvl_L3_EW,NONE,0.031,0.0
3285,NvcNvl_L3_EW,NONE,0.028,0.0
3285,32Mt_L2_EW,NONE,0.015,0.0
3285,32Mt_L2_EW,32MT_EW,0.033,0.006
3285,NvcMt_L2_EW,NVCMT_EW,0.008,-0.008
3285,NvcMt_L1_EW,NVCMT_EW,0.006,-0.009
3290,304Nvl_L1_EW,304NVL_EW,0.051,0.051
3290,304Nvl_L2_EW,304NVL_EW,0.036,0.036
3290,32Nvl_L1_NS,32NVL_NS,0.007,0.007
3290,32Nvl_L1_EW,32NVL_EW,0.035,-0.009
3290,32Nvl_L2_EW,32NVL_EW,0.039,0.012
3290,32Nvl_L1_EW,32NVL_EW,0.007,-0.038
3290,32Nvl_L2_EW,32NVL_EW,0.007,-0.019
3290,NvcNvl_L3_NS,NONE,0.095,0.0
3290,NvcNvl_L2_NS,NONE,0.092,0.0
3290,NvcNvl_L1_EW,NVCNVL_EW,0.028,0.024
3290,NvcNvl_L2_EW,NVCNVL_EW,0.031,0.029
3290,32Mt_L1_EW,32MT_EW,0.056,0.031
3290,NvcMt_L1_EW,NVCMT_EW,0.006,-0.013
3290,NvcMt_L2_EW,NVCMT_EW,0.003,-0.019
3290,NvcCmt8_L2_NS,NONE,0.062,0.0
3290,NvcCmt8_L2_NS,NONE,0.011,0.0
3290,32Thn_L1_EW,32THN_EW,0.008,-0.017
3290,NvcCmt8_L1_NS,NONE,0.008,0.0
3290,304Nvl_L3_EW,NONE,0.032,0.0
3290,32Nvl_L3_EW,NONE,0.006,0.0
3290,32Nvl_L3_EW,NONE,0.031,0.0
3290,NvcNvl_L1_NS,NONE,0.122,0.0
3290,NvcNvl_L3_EW,NONE,0.037,0.0
3290,32Mt_L2_EW,32MT_EW,0.038,0.011
3290,NvcMt_L2_EW,NVCMT_EW,0.008,-0.014
3290,NvcMt_L1_EW,NVCMT_EW,0.006,-0.014
3290,NvcCmt8_L1_NS,NONE,0.054,0.0
3295,304Nvl_L1_EW,304NVL_EW,0.025,0.025
3295,304Nvl_L2_EW,304NVL_EW,0.015,0.015
3295,32Nvl_L1_EW,32NVL_EW,0.035,-0.009
3295,32Nvl_L2_EW,32NVL_EW,0.039,0.008
3295,32Nvl_L1_EW,32NVL_EW,0.007,-0.037
3295,32Nvl_L2_EW,32NVL_EW,0.007,-0.023
3295,32Nvl_L3_NS,NONE,0.1,0.0
3295,32Nvl_L2_NS,32NVL_NS,0.095,0.095
3295,NvcNvl_L3_NS,NONE,0.007,0.0
3295,NvcNvl_L2_NS,NONE,0.007,0.0
3295,NvcNvl_L1_EW,NVCNVL_EW,0.028,0.028
3295,NvcNvl_L2_EW,NVCNVL_EW,0.031,0.031
3295,32Mt_L1_NS,32MT_NS,0.006,0.006
3295,32Mt_L1_EW,32MT_EW,0.063,0.038
3295,32Mt_L1_NS,NONE,0.127,0.0
3295,304Nvl_L3_EW,NONE,0.013,0.0
3295,32Nvl_L3_EW,NONE,0.006,0.0
3295,32Nvl_L3_EW,NONE,0.031,0.0
3295,32Nvl_L1_NS,32NVL_NS,0.081,0.081
3295,NvcNvl_L1_NS,NONE,0.009,0.0
3295,NvcNvl_L3_EW,NONE,0.037,0.0
3295,32Mt_L2_EW,32MT_EW,0.044,0.016
3295,32Mt_L2_NS,NONE,0.113,0.0
3300,304Nvl_L1_NS,NONE,0.036,0.0
3300,32Nvl_L1_EW,32NVL_EW,0.035,-0.009
3300,32Nvl_L2_EW,32NVL_EW,0.039,0.008
3300,32Nvl_L1_EW,32NVL_EW,0.007,-0.037
3300,32Nvl_L2_EW,32NVL_EW,0.007,-0.023
3300,32Nvl_L3_NS,NONE,0.109,0.0
3300,32Nvl_L2_NS,32NVL_NS,0.103,0.103
3300,NvcNvl_L1_EW,NVCNVL_EW,0.028,0.028
3300,NvcNvl_L2_EW,NVCNVL_EW,0.031,0.031
3300,NvcNvl_L1_NS,NVCNVL_NS,0.007,0.007
3300,32Mt_L1_EW,32MT_EW,0.063,0.038
3300,32Mt_L1_NS,NONE,0.117,0.0
3300,32Nvl_L3_EW,NONE,0.006,0.0
3300,32Nvl_L3_EW,NONE,0.031,0.0
3300,32Nvl_L1_NS,32NVL_NS,0.087,0.083
3300,NvcNvl_L3_EW,NONE,0.037,0.0
3300,32Mt_L2_EW,32MT_EW,0.044,0.016
3300,32Mt_L2_NS,NONE,0.104,0.0
3305,304Nvl_L1_EW,304NVL_EW,0.008,0.008
3305,304Nvl_L1_NS,NONE,0.007,0.0
3305,32Nvl_L1_EW,32NVL_EW,0.035,-0.009
3305,32Nvl_L2_EW,32NVL_EW,0.039,0.004
3305,32Nvl_L1_EW,32NVL_EW,0.007,-0.037
3305,32Nvl_L2_EW,32NVL_EW,0.007,-0.027
3305,32Nvl_L3_NS,NONE,0.008,0.0
3305,32Nvl_L2_NS,32NVL_NS,0.008,0.008
3305,NvcNvl_L3_NS,NONE,0.014,0.0
3305,NvcNvl_L2_NS,NONE,0.013,0.0
3305,NvcNvl_L1_EW,NVCNVL_EW,0.028,0.028
3305,NvcNvl_L2_EW,NVCNVL_EW,0.031,0.031
3305,NvcNvl_L1_NS,NVCNVL_NS,0.007,0.007
3305,32Mt_L1_NS,32MT_NS,0.006,0.006
3305,32Mt_L1_EW,32MT_EW,0.063,0.038
3305,32Nvl_L3_EW,NONE,0.006,0.0
3305,32Nvl_L3_EW,NONE,0.031,0.0
3305,32Nvl_L1_NS,32NVL_NS,0.007,0.002
3305,NvcNvl_L1_NS,NONE,0.017,0.0
3305,NvcNvl_L3_EW,NONE,0.037,0.0
3305,32Mt_L2_EW,32MT_EW,0.049,0.022
3310,304Nvl_L1_NS,NONE,0.007,0.0
3310,304Nvl_L3_NS,NONE,0.008,0.0
3310,32Nvl_L1_EW,32NVL_EW,0.071,0.027
3310,32Nvl_L2_EW,32NVL_EW,0.077,0.043
3310,32Nvl_L1_EW,32NVL_EW,0.007,-0.037
3310,32Nvl_L2_EW,32NVL_EW,0.007,-0.027
3310,NvcNvl_L3_NS,NONE,0.007,0.0
3310,NvcNvl_L2_NS,NONE,0.007,0.0
3310,NvcNvl_L1_EW,NVCNVL_EW,0.092,0.087
3310,NvcNvl_L2_EW,NVCNVL_EW,0.102,0.102
3310,32Mt_L1_EW,NONE,0.122,0.0
3310,32Mt_L3_EW,NONE,0.044,0.0
3310,32Mt_L1_EW,32MT_EW,0.063,0.013
3310,32Mt_L1_NS,NONE,0.049,0.0
3310,NvcMt_L1_EW,NVCMT_EW,0.006,-0.058
3310,304Nvl_L2_NS,NONE,0.007,0.0
3310,32Nvl_L3_EW,NONE,0.006,0.0
3310,32Nvl_L3_EW,NONE,0.063,0.0
3310,NvcNvl_L1_NS,NONE,0.009,0.0
3310,NvcNvl_L3_EW,NONE,0.121,0.0
3310,32Mt_L2_EW,NONE,0.038,0.0
3310,32Mt_L2_EW,32MT_EW,0.049,-0.005
3310,32Mt_L2_NS,NONE,0.043,0.0
3310,NvcMt_L2_EW,NVCMT_EW,0.008,-0.063
3315,32Nvl_L1_EW,32NVL_EW,0.12,0.115
3315,32Nvl_L2_EW,32NVL_EW,0.131,0.127
3315,32Nvl_L1_EW,32NVL_EW,0.007,0.002
3315,32Nvl_L2_EW,32NVL_EW,0.007,0.004
3315,NvcNvl_L1_EW,NVCNVL_EW,0.084,0.084
3315,NvcNvl_L2_EW,NVCNVL_EW,0.094,0.094
3315,32Mt_L1_EW,NONE,0.086,0.0
3315,32Mt_L1_EW,32MT_EW,0.007,-0.077
3315,32Mt_L1_NS,NONE,0.02,0.0
3315,32Nvl_L3_EW,NONE,0.006,0.0
3315,32Nvl_L3_EW,NONE,0.106,0.0
3315,NvcNvl_L3_EW,NONE,0.112,0.0
3315,32Mt_L2_EW,32MT_EW,0.005,-0.086
3315,32Mt_L2_NS,NONE,0.009,0.0
3320,304Nvl_L1_EW,304NVL_EW,0.008,0.008
3320,32Nvl_L1_EW,32NVL_EW,0.078,0.053
3320,32Nvl_L2_EW,32NVL_EW,0.085,0.066
3320,32Nvl_L1_EW,32NVL_EW,0.007,-0.018
3320,32Nvl_L2_EW,32NVL_EW,0.007,-0.012
3320,NvcNvl_L1_EW,NONE,0.011,0.0
3320,NvcNvl_L2_EW,NONE,0.008,0.0
3320,32Mt_L1_EW,32MT_EW,0.035,-0.02
3320,32Mt_L1_NS,NONE,0.01,0.0
3320,32Nvl_L3_EW,NONE,0.006,0.0
3320,32Nvl_L3_EW,NONE,0.069,0.0
3320,32Mt_L2_EW,32MT_EW,0.027,-0.032
3320,32Mt_L2_NS,NONE,0.009,0.0
3325,304Nvl_L1_EW,304NVL_EW,0.102,0.102
3325,304Nvl_L2_EW,304NVL_EW,0.087,0.087
3325,32Nvl_L1_EW,32NVL_EW,0.035,0.035
3325,32Nvl_L2_EW,32NVL_EW,0.039,0.039
3325,32Nvl_L1_EW,32NVL_EW,0.04,0.04
3325,32Nvl_L2_EW,32NVL_EW,0.007,0.007
3325,NvcNvl_L3_NS,NONE,0.007,0.0
3325,NvcNvl_L2_NS,NONE,0.007,0.0
3325,32Mt_L1_NS,32MT_NS,0.006,0.006
3325,32Mt_L1_EW,NONE,0.014,0.0
3325,32Mt_L3_EW,NONE,0.009,0.0
3325,32Mt_L1_NS,NONE,0.059,0.0
3325,304Nvl_L3_EW,NONE,0.076,0.0
3325,32Nvl_L3_EW,NONE,0.006,0.0
3325,32Nvl_L3_EW,NONE,0.031,0.0
3325,32Nvl_L1_NS,32NVL_NS,0.007,0.007
3325,NvcNvl_L1_NS,NONE,0.009,0.0
3325,32Mt_L2_EW,NONE,0.008,0.0
3330,304Nvl_L1_EW,304NVL_EW,0.119,0.119
3330,304Nvl_L2_EW,304NVL_EW,0.102,0.102
3330,32Nvl_L3_NS,NONE,0.007,0.0
3330,32Nvl_L1_NS,32NVL_NS,0.042,0.042
3330,32Nvl_L1_EW,32NVL_EW,0.035,0.03
3330,32Nvl_L2_EW,32NVL_EW,0.039,0.035
3330,32Nvl_L1_EW,32NVL_EW,0.121,0.116
3330,32Nvl_L2_EW,32NVL_EW,0.097,0.093
3330,NvcNvl_L3_NS,NONE,0.007,0.0
3330,NvcNvl_L2_NS,NONE,0.007,0.0
3330,NvcNvl_L1_EW,NVCNVL_EW,0.007,0.007
3330,NvcNvl_L2_EW,NVCNVL_EW,0.008,0.008
3330,32Mt_L1_NS,32MT_NS,0.006,0.006
3330,32Mt_L1_EW,NONE,0.014,0.0
3330,32Mt_L1_EW,32MT_EW,0.007,-0.018
3330,32Mt_L1_NS,NONE,0.049,0.0
3330,304Nvl_L3_EW,NONE,0.089,0.0
3330,32Nvl_L2_NS,32NVL_NS,0.04,0.04
3330,32Nvl_L3_EW,NONE,0.08,0.0
3330,32Nvl_L3_EW,NONE,0.031,0.0
3330,32Nvl_L1_NS,32NVL_NS,0.034,0.034
3330,NvcNvl_L1_NS,NONE,0.009,0.0
3330,NvcNvl_L3_EW,NONE,0.009,0.0
3330,32Mt_L2_EW,32MT_EW,0.005,-0.022
3335,304Nvl_L1_EW,304NVL_EW,0.169,0.169
3335,304Nvl_L2_EW,304NVL_EW,0.145,0.145
3335,32Nvl_L1_EW,32NVL_EW,0.035,0.03
3335,32Nvl_L2_EW,32NVL_EW,0.039,0.035
3335,32Nvl_L1_EW,32NVL_EW,0.087,0.082
3335,32Nvl_L2_EW,32NVL_EW,0.097,0.093
3335,32Nvl_L3_NS,NONE,0.008,0.0
3335,32Nvl_L2_NS,32NVL_NS,0.008,0.008
3335,NvcNvl_L1_EW,NVCNVL_EW,0.007,0.007
3335,NvcNvl_L2_EW,NVCNVL_EW,0.008,0.008
3335,32Mt_L1_NS,32MT_NS,0.031,0.031
3335,32Mt_L1_EW,NONE,0.007,0.0
3335,32Mt_L1_EW,32MT_EW,0.007,-0.018
3335,NvcMt_L2_NS,NONE,0.026,0.0
3335,304Nvl_L3_EW,NONE,0.127,0.0
3335,32Nvl_L3_EW,NONE,0.08,0.0
3335,32Nvl_L3_EW,NONE,0.031,0.0
3335,32Nvl_L1_NS,32NVL_NS,0.007,0.007
3335,NvcNvl_L3_EW,NONE,0.009,0.0
3335,32Mt_L2_EW,32MT_EW,0.005,-0.022
3335,NvcMt_L1_NS,NONE,0.027,0.0
3340,304Thn_L1_EW,304THN_EW,0.008,-0.063
3340,304Thn_L3_EW,NONE,0.008,0.0
3340,304Nvl_L1_EW,304NVL_EW,0.102,0.096
3340,304Nvl_L2_EW,304NVL_EW,0.087,0.082
3340,32Nvl_L1_EW,32NVL_EW,0.042,0.042
3340,32Nvl_L2_EW,32NVL_EW,0.046,0.046
3340,32Nvl_L1_EW,32NVL_EW,0.087,0.087
3340,32Nvl_L2_EW,32NVL_EW,0.097,0.097
3340,32Nvl_L3_NS,NONE,0.058,0.0
3340,32Nvl_L2_NS,32NVL_NS,0.055,0.055
3340,NvcNvl_L1_EW,NVCNVL_EW,0.007,-0.046
3340,32Mt_L1_EW,NONE,0.058,0.0
3340,32Mt_L3_EW,NONE,0.053,0.0
3340,32Mt_L1_NS,NONE,0.049,0.0
3340,NvcMt_L1_EW,NVCMT_EW,0.076,0.071
3340,304Nvl_L3_EW,NONE,0.076,0.0
3340,32Nvl_L3_EW,NONE,0.08,0.0
3340,32Nvl_L3_EW,NONE,0.038,0.0
3340,32Nvl_L1_NS,32NVL_NS,0.047,0.047
3340,32Mt_L2_EW,NONE,0.053,0.0
3340,32Mt_L2_NS,NONE,0.043,0.0
3340,NvcMt_L2_EW,NVCMT_EW,0.095,0.095
3340,304Thn_L2_EW,304THN_EW,0.007,-0.054
3345,304Thn_L1_EW,NONE,0.007,0.0
3345,32Nvl_L1_EW,32NVL_EW,0.035,0.03
3345,32Nvl_L2_EW,32NVL_EW,0.039,0.035
3345,32Nvl_L1_EW,32NVL_EW,0.087,0.082
3345,32Nvl_L2_EW,32NVL_EW,0.097,0.093
3345,32Nvl_L3_NS,NONE,0.058,0.0
3345,32Nvl_L2_NS,32NVL_NS,0.055,0.055
3345,32Mt_L1_EW,NONE,0.043,0.0
3345,32Mt_L3_EW,NONE,0.053,0.0
3345,32Mt_L1_EW,32MT_EW,0.007,-0.018
3345,32Mt_L1_NS,NONE,0.01,0.0
3345,NvcMt_L1_EW,NVCMT_EW,0.076,0.076
3345,32Nvl_L3_EW,NONE,0.08,0.0
3345,32Nvl_L3_EW,NONE,0.031,0.0
3345,32Nvl_L1_NS,32NVL_NS,0.04,0.04
3345,32Mt_L2_EW,NONE,0.045,0.0
3345,32Mt_L2_EW,32MT_EW,0.005,-0.022
3345,32Mt_L2_NS,NONE,0.009,0.0
3345,NvcMt_L2_EW,NVCMT_EW,0.095,0.095
3345,NvcMt_L1_EW,NVCMT_EW,0.028,0.028
3350,304Nvl_L1_EW,304NVL_EW,0.119,0.119
3350,304Nvl_L2_EW,304NVL_EW,0.007,0.007
3350,304Nvl_L1_NS,NONE,0.036,0.0
3350,32Nvl_L1_EW,32NVL_EW,0.035,0.03
3350,32Nvl_L2_EW,32NVL_EW,0.039,0.039
3350,32Nvl_L1_EW,32NVL_EW,0.087,0.082
3350,32Nvl_L2_EW,32NVL_EW,0.097,0.097
3350,NvcNvl_L3_NS,NONE,0.014,0.0
3350,NvcNvl_L2_NS,NONE,0.013,0.0
3350,NvcNvl_L1_EW,NONE,0.011,0.0
3350,NvcNvl_L2_EW,NONE,0.008,0.0
3350,32Mt_L1_NS,32MT_NS,0.031,0.031
3350,32Mt_L1_EW,NONE,0.014,0.0
3350,32Mt_L3_EW,NONE,0.009,0.0
3350,32Mt_L1_EW,32MT_EW,0.007,-0.018
3350,304Nvl_L3_EW,NONE,0.006,0.0
3350,32Nvl_L3_EW,NONE,0.08,0.0
3350,32Nvl_L3_EW,NONE,0.031,0.0
3350,32Nvl_L1_NS,32NVL_NS,0.007,0.007
3350,NvcNvl_L1_NS,NONE,0.017,0.0
3350,NvcNvl_L3_EW,NONE,0.006,0.0
3350,32Mt_L2_EW,NONE,0.008,0.0
3355,304Nvl_L1_NS,304NVL_NS,0.009,0.009
3355,304Nvl_L1_EW,304NVL_EW,0.144,0.144
3355,304Nvl_L2_EW,304NVL_EW,0.022,0.022
3355,304Nvl_L1_NS,NONE,0.036,0.0
3355,32Nvl_L1_EW,32NVL_EW,0.035,0.011
3355,32Nvl_L2_EW,32NVL_EW,0.039,0.02
3355,32Nvl_L1_EW,32NVL_EW,0.087,0.063
3355,32Nvl_L2_EW,32NVL_EW,0.09,0.071
3355,32Mt_L1_NS,32MT_NS,0.031,0.031
3355,32Mt_L1_EW,NONE,0.014,0.0
3355,32Mt_L3_EW,NONE,0.009,0.0
3355,32Mt_L1_EW,32MT_EW,0.035,0.01
3355,32Mt_L1_NS,NONE,0.068,0.0
3355,NvcMt_L2_NS,NONE,0.026,0.0
3355,304Nvl_L3_EW,NONE,0.019,0.0
3355,32Nvl_L3_EW,NONE,0.074,0.0
3355,32Nvl_L3_EW,NONE,0.031,0.0
3355,32Mt_L2_EW,NONE,0.008,0.0
3355,32Mt_L2_EW,32MT_EW,0.027,0.0
3355,32Mt_L2_NS,NONE,0.052,0.0
3355,NvcMt_L1_NS,NONE,0.027,0.0
3360,304Nvl_L1_NS,304NVL_NS,0.009,0.009
3360,304Nvl_L1_EW,304NVL_EW,0.025,0.025
3360,304Nvl_L2_EW,304NVL_EW,0.015,0.015
3360,304Nvl_L1_NS,NONE,0.007,0.0
3360,32Nvl_L1_EW,32NVL_EW,0.007,0.007
3360,32Nvl_L2_EW,32NVL_EW,0.008,0.008
3360,32Mt_L1_NS,32MT_NS,0.006,0.006
3360,304Nvl_L3_EW,NONE,0.013,0.0
3360,32Nvl_L3_EW,NONE,0.006,0.0
3365,304Nvl_L1_NS,304NVL_NS,0.009,0.009
3365,304Nvl_L1_EW,304NVL_EW,0.008,0.008
3365,304Nvl_L2_EW,304NVL_EW,0.007,0.007
3365,304Nvl_L1_NS,NONE,0.015,0.0
3365,32Nvl_L1_EW,32NVL_EW,0.007,0.007
3365,32Nvl_L2_EW,32NVL_EW,0.008,0.008
3365,32Nvl_L1_EW,32NVL_EW,0.034,0.034
3365,32Nvl_L3_NS,NONE,0.008,0.0
3365,32Nvl_L2_NS,32NVL_NS,0.008,0.008
3365,NvcNvl_L1_EW,NONE,0.021,0.0
3365,NvcNvl_L2_EW,NONE,0.015,0.0
3365,32Mt_L1_NS,32MT_NS,0.013,0.013
3365,NvcMt_L1_EW,NVCMT_EW,0.006,0.006
3365,304Nvl_L3_EW,NONE,0.006,0.0
3365,32Nvl_L3_EW,NONE,0.006,0.0
3365,32Nvl_L1_NS,32NVL_NS,0.087,0.081
3365,NvcNvl_L3_EW,NONE,0.006,0.0
3365,NvcMt_L2_EW,NVCMT_EW,0.008,0.008
3370,304Nvl_L1_EW,304NVL_EW,0.025,0.025
3370,304Nvl_L2_EW,304NVL_EW,0.015,0.015
3370,32Nvl_L1_EW,32NVL_EW,0.007,0.007
3370,32Mt_L1_NS,32MT_NS,0.013,0.013
3370,NvcMt_L1_EW,NVCMT_EW,0.006,0.006
3370,NvcCmt8_L2_EW,NONE,0.007,0.0
3370,304Nvl_L3_EW,NONE,0.013,0.0
3370,32Nvl_L1_NS,32NVL_NS,0.081,0.081
3370,NvcMt_L2_EW,NVCMT_EW,0.008,0.008
3370,NvcCmt8_L1_EW,NONE,0.006,0.0
3375,304Nvl_L1_EW,304NVL_EW,0.034,0.034
3375,304Nvl_L2_EW,304NVL_EW,0.022,0.022
3375,NvcNvl_L3_NS,NONE,0.041,0.0
3375,NvcNvl_L2_NS,NONE,0.04,0.0
3375,32Mt_L1_NS,32MT_NS,0.006,0.006
3375,NvcMt_L1_EW,NVCMT_EW,0.006,0.006
3375,NvcCmt8_L2_EW,NONE,0.007,0.0
3375,304Nvl_L3_EW,NONE,0.013,0.0
3375,NvcNvl_L1_NS,NONE,0.052,0.0
3375,NvcMt_L2_EW,NVCMT_EW,0.008,0.008
3375,NvcCmt8_L1_EW,NONE,0.006,0.0
3380,304Nvl_L1_EW,304NVL_EW,0.017,0.017
3380,304Nvl_L2_EW,304NVL_EW,0.015,0.015
3380,32Nvl_L1_NS,32NVL_NS,0.035,0.035
3380,NvcNvl_L3_NS,NONE,0.007,0.0
3380,NvcNvl_L2_NS,NONE,0.007,0.0
3380,32Mt_L1_EW,NONE,0.036,0.0
3380,32Mt_L3_EW,NONE,0.044,0.0
3380,304Nvl_L3_EW,NONE,0.013,0.0
3380,32Nvl_L2_NS,32NVL_NS,0.033,0.033
3380,NvcNvl_L1_NS,NONE,0.009,0.0
3380,32Mt_L2_EW,NONE,0.038,0.0
3380,NvcCmt8_L1_EW,NVCCMT8_EW,0.008,0.008
3385,304Nvl_L1_EW,NONE,0.008,0.0
3385,304Nvl_L1_NS,NONE,0.007,0.0
3385,32Nvl_L3_NS,NONE,0.007,0.0
3385,32Nvl_L1_NS,32NVL_NS,0.042,0.042
3385,NvcNvl_L3_NS,NONE,0.034,0.0
3385,NvcNvl_L2_NS,NONE,0.04,0.0
3385,32Mt_L1_EW,NONE,0.05,0.0
3385,32Mt_L3_EW,NONE,0.062,0.0
3385,32Mt_L1_EW,32MT_EW,0.007,0.007
3385,NvcMt_L2_NS,NONE,0.005,0.0
3385,32Nvl_L2_NS,32NVL_NS,0.04,0.04
3385,NvcNvl_L1_NS,NONE,0.052,0.0
3385,32Mt_L2_EW,NONE,0.053,0.0
3385,32Mt_L2_EW,32MT_EW,0.005,0.005
3385,NvcMt_L1_NS,NONE,0.005,0.0
3385,NvcCmt8_L1_EW,NVCCMT8_EW,0.008,0.008
3390,304Nvl_L1_EW,304NVL_EW,0.017,0.017
3390,304Nvl_L2_EW,304NVL_EW,0.007,0.007
3390,32Nvl_L3_NS,NONE,0.007,0.0
3390,32Nvl_L1_NS,32NVL_NS,0.021,0.021
3390,NvcNvl_L3_NS,NONE,0.048,0.0
3390,NvcNvl_L2_NS,NONE,0.053,0.0
3390,NvcNvl_L1_EW,NVCNVL_EW,0.007,0.007
3390,32Mt_L1_EW,NONE,0.029,0.0
3390,32Mt_L3_EW,NONE,0.035,0.0
3390,32Mt_L1_EW,32MT_EW,0.007,0.007
3390,304Nvl_L3_EW,NONE,0.006,0.0
3390,32Nvl_L2_NS,32NVL_NS,0.02,0.02
3390,NvcNvl_L1_NS,NONE,0.07,0.0
3390,32Mt_L2_EW,NONE,0.03,0.0
3390,32Mt_L2_EW,32MT_EW,0.005,0.005
3395,304Nvl_L1_NS,304NVL_NS,0.009,0.004
3395,304Nvl_L3_NS,NONE,0.007,0.0
3395,32Nvl_L1_NS,32NVL_NS,0.007,0.001
3395,NvcNvl_L3_NS,NONE,0.007,0.0
3395,NvcNvl_L2_NS,NONE,0.007,0.0
3395,NvcNvl_L1_EW,NONE,0.053,0.0
3395,NvcNvl_L2_EW,NONE,0.038,0.0
3395,32Mt_L1_EW,NONE,0.007,0.0
3395,32Mt_L3_EW,NONE,0.009,0.0
3395,32Mt_L1_EW,32MT_EW,0.014,0.014
3395,304Nvl_L2_NS,304NVL_NS,0.008,0.008
3395,32Nvl_L2_NS,32NVL_NS,0.007,0.001
3395,32Nvl_L1_NS,32NVL_NS,0.034,0.027
3395,NvcNvl_L1_NS,NONE,0.009,0.0
3395,32Mt_L2_EW,NONE,0.008,0.0
3395,32Mt_L2_EW,32MT_EW,0.011,0.011
3400,304Nvl_L1_NS,304NVL_NS,0.009,0.009
3400,304Nvl_L3_NS,NONE,0.007,0.0
3400,304Nvl_L1_EW,NONE,0.008,0.0
3400,304Nvl_L1_NS,NONE,0.007,0.0
3400,304Nvl_L2_EW,NONE,0.009,0.0
3400,32Nvl_L1_EW,32NVL_EW,0.007,-0.037
3400,32Nvl_L2_EW,32NVL_EW,0.008,-0.004
3400,NvcNvl_L3_NS,NONE,0.007,0.0
3400,NvcNvl_L2_NS,NONE,0.007,0.0
3400,NvcNvl_L1_EW,NONE,0.053,0.0
3400,NvcNvl_L2_EW,NONE,0.038,0.0
3400,NvcNvl_L1_EW,NVCNVL_EW,0.007,0.007
3400,32Mt_L1_NS,32MT_NS,0.006,0.006
3400,32Mt_L1_EW,32MT_EW,0.063,0.058
3400,32Mt_L1_NS,NONE,0.01,0.0
3400,32Thn_L1_EW,NONE,0.049,0.0
3400,32Thn_L2_EW,NONE,0.051,0.0
3400,32Thn_L3_EW,NONE,0.035,0.0
3400,304Nvl_L2_NS,304NVL_NS,0.008,0.008
3400,304Nvl_L3_EW,NONE,0.008,0.0
3400,32Nvl_L3_EW,NONE,0.006,0.0
3400,NvcNvl_L1_NS,NONE,0.009,0.0
3400,32Mt_L2_EW,32MT_EW,0.016,0.011
3400,32Mt_L2_NS,NONE,0.009,0.0
3405,304Nvl_L1_NS,304NVL_NS,0.018,0.018
3405,304Nvl_L3_NS,NONE,0.015,0.0
3405,304Nvl_L1_EW,304NVL_EW,0.008,0.008
3405,304Nvl_L2_EW,304NVL_EW,0.007,0.007
3405,32Nvl_L1_EW,32NVL_EW,0.007,-0.047
3405,32Nvl_L2_EW,32NVL_EW,0.008,-0.029
3405,NvcNvl_L3_NS,NONE,0.014,0.0
3405,NvcNvl_L2_NS,NONE,0.013,0.0
3405,NvcNvl_L1_EW,NVCNVL_EW,0.014,0.014
3405,32Mt_L1_EW,NONE,0.007,0.0
3405,32Mt_L1_EW,32MT_EW,0.07,0.065
3405,32Mt_L1_NS,NONE,0.01,0.0
3405,NvcCmt8_L2_EW,NONE,0.007,0.0
3405,32Thn_L1_EW,32THN_EW,0.008,0.003
3405,32Thn_L2_EW,32THN_EW,0.008,0.003
3405,32Thn_L3_EW,NONE,0.008,0.0
3405,304Nvl_L2_NS,304NVL_NS,0.015,0.015
3405,304Nvl_L3_EW,NONE,0.006,0.0
3405,32Nvl_L3_EW,NONE,0.006,0.0
3405,NvcNvl_L1_NS,NONE,0.017,0.0
3405,32Mt_L2_EW,32MT_EW,0.044,0.038
3405,32Mt_L2_NS,NONE,0.009,0.0
3405,NvcCmt8_L1_EW,NONE,0.006,0.0
3410,304Nvl_L1_NS,304NVL_NS,0.018,0.013
3410,304Nvl_L3_NS,NONE,0.015,0.0
3410,304Nvl_L1_EW,304NVL_EW,0.008,0.008
3410,32Nvl_L3_NS,NONE,0.007,0.0
3410,32Nvl_L1_NS,32NVL_NS,0.007,-0.006
3410,32Mt_L1_EW,32MT_EW,0.07,0.07
3410,NvcCmt8_L2_EW,NVCCMT8_EW,0.011,0.011
3410,NvcCmt8_L2_EW,NONE,0.007,0.0
3410,32Thn_L1_EW,32THN_EW,0.048,0.048
3410,32Thn_L2_EW,32THN_EW,0.008,0.008
3410,32Thn_L3_EW,NONE,0.008,0.0
3410,304Nvl_L2_NS,304NVL_NS,0.015,0.015
3410,32Nvl_L2_NS,32NVL_NS,0.007,-0.004
3410,32Mt_L2_EW,32MT_EW,0.049,0.049
3410,NvcCmt8_L1_EW,NVCCMT8_EW,0.015,0.015
3410,NvcCmt8_L1_EW,NONE,0.006,0.0
3415,304Nvl_L1_NS,304NVL_NS,0.018,0.013
3415,304Nvl_L3_NS,NONE,0.015,0.0
3415,32Nvl_L1_NS,32NVL_NS,0.007,-0.006
3415,32Nvl_L3_NS,NONE,0.017,0.0
3415,32Nvl_L2_NS,32NVL_NS,0.016,0.005
3415,NvcNvl_L1_EW,NONE,0.011,0.0
3415,NvcNvl_L2_EW,NONE,0.008,0.0
3415,32Mt_L1_EW,32MT_EW,0.042,0.042
3415,32Mt_L1_NS,NONE,0.02,0.0
3415,NvcCmt8_L2_EW,NVCCMT8_EW,0.011,0.011
3415,32Thn_L1_EW,NONE,0.01,0.0
3415,32Thn_L2_EW,NONE,0.01,0.0
3415,32Thn_L1_EW,32THN_EW,0.048,0.048
3415,32Thn_L2_EW,32THN_EW,0.008,0.008
3415,32Thn_L3_EW,NONE,0.007,0.0
3415,32Thn_L3_EW,NONE,0.008,0.0
3415,304Nvl_L2_NS,304NVL_NS,0.015,0.004
3415,32Nvl_L2_NS,32NVL_NS,0.007,-0.004
3415,32Nvl_L1_NS,32NVL_NS,0.013,0.001
3415,32Mt_L2_EW,32MT_EW,0.027,0.027
3415,NvcCmt8_L1_EW,NVCCMT8_EW,0.023,0.023
3420,304Nvl_L1_NS,304NVL_NS,0.018,0.008
3420,304Nvl_L3_NS,NONE,0.015,0.0
3420,304Nvl_L1_EW,304NVL_EW,0.008,0.008
3420,32Nvl_L3_NS,NONE,0.007,0.0
3420,32Nvl_L1_NS,32NVL_NS,0.014,0.001
3420,32Nvl_L1_EW,32NVL_EW,0.007,-0.029
3420,32Nvl_L3_NS,NONE,0.017,0.0
3420,32Nvl_L2_NS,32NVL_NS,0.016,0.005
3420,NvcNvl_L3_NS,NONE,0.007,0.0
3420,NvcNvl_L2_NS,NONE,0.007,0.0
3420,32Mt_L1_EW,32MT_EW,0.035,0.035
3420,32Mt_L1_NS,NONE,0.01,0.0
3420,NvcCmt8_L2_EW,NVCCMT8_EW,0.011,0.011
3420,32Thn_L1_EW,32THN_EW,0.016,0.016
3420,32Thn_L2_EW,32THN_EW,0.008,0.008
3420,32Thn_L3_EW,NONE,0.008,0.0
3420,304Nvl_L2_NS,304NVL_NS,0.015,0.004
3420,32Nvl_L2_NS,32NVL_NS,0.013,0.003
3420,32Nvl_L1_NS,32NVL_NS,0.013,0.001
3420,NvcNvl_L1_NS,NONE,0.009,0.0
3420,32Mt_L2_EW,32MT_EW,0.027,0.027
3420,NvcCmt8_L1_EW,NVCCMT8_EW,0.015,0.015
3425,304Nvl_L1_NS,304NVL_NS,0.027,0.013
3425,304Nvl_L3_NS,NONE,0.022,0.0
3425,304Nvl_L1_EW,304NVL_EW,0.042,0.042
3425,304Nvl_L2_EW,304NVL_EW,0.036,0.036
3425,32Nvl_L3_NS,NONE,0.014,0.0
3425,32Nvl_L1_NS,32NVL_NS,0.021,0.002
3425,32Nvl_L3_NS,NONE,0.017,0.0
3425,32Nvl_L2_NS,32NVL_NS,0.016,0.0
3425,NvcNvl_L3_NS,NONE,0.007,0.0
3425,NvcNvl_L2_NS,NONE,0.007,0.0
3425,32Mt_L1_NS,32MT_NS,0.006,0.006
3425,32Mt_L1_EW,32MT_EW,0.014,0.014
3425,NvcCmt8_L2_NS,NONE,0.011,0.0
3425,32Thn_L1_EW,NONE,0.01,0.0
3425,NvcCmt8_L1_NS,NONE,0.008,0.0
3425,304Nvl_L2_NS,304NVL_NS,0.023,0.012
3425,304Nvl_L3_EW,NONE,0.032,0.0
3425,32Nvl_L2_NS,32NVL_NS,0.02,0.004
3425,32Nvl_L1_NS,32NVL_NS,0.013,-0.006
3425,NvcNvl_L1_NS,NONE,0.009,0.0
3425,32Mt_L2_NS,32MT_NS,0.006,0.006
3425,32Mt_L2_EW,32MT_EW,0.011,0.011
3430,304Nvl_L1_NS,304NVL_NS,0.027,0.017
3430,304Nvl_L3_NS,NONE,0.022,0.0
3430,304Nvl_L1_EW,304NVL_EW,0.051,0.051
3430,304Nvl_L2_EW,304NVL_EW,0.044,0.044
3430,32Nvl_L3_NS,NONE,0.007,0.0
3430,32Nvl_L1_NS,32NVL_NS,0.014,-0.005
3430,32Nvl_L3_NS,NONE,0.017,0.0
3430,32Nvl_L2_NS,32NVL_NS,0.016,0.0
3430,NvcNvl_L1_EW,NVCNVL_EW,0.007,0.007
3430,32Mt_L1_NS,32MT_NS,0.013,0.008
3430,32Mt_L1_EW,NONE,0.007,0.0
3430,32Mt_L1_NS,NONE,0.01,0.0
3430,NvcMt_L1_NS,NVCMT_NS,0.007,-0.002
3430,32Thn_L1_EW,NONE,0.058,0.0
3430,32Thn_L2_EW,NONE,0.051,0.0
3430,32Thn_L3_EW,NONE,0.035,0.0
3430,304Nvl_L2_NS,304NVL_NS,0.023,0.012
3430,304Nvl_L3_EW,NONE,0.038,0.0
3430,32Nvl_L2_NS,32NVL_NS,0.013,-0.003
3430,32Nvl_L1_NS,32NVL_NS,0.013,-0.006
3430,32Mt_L2_NS,32MT_NS,0.006,0.003
3430,32Mt_L2_NS,NONE,0.009,0.0
3430,NvcMt_L2_NS,NVCMT_NS,0.005,0.001
3430,NvcCmt8_L1_EW,NONE,0.006,0.0
3435,304Nvl_L1_NS,304NVL_NS,0.027,0.017
3435,304Nvl_L3_NS,NONE,0.022,0.0
3435,32Nvl_L3_NS,NONE,0.007,0.0
3435,32Nvl_L1_NS,32NVL_NS,0.014,-0.005
3435,32Nvl_L3_NS,NONE,0.025,0.0
3435,32Nvl_L2_NS,32NVL_NS,0.024,0.008
3435,NvcNvl_L1_EW,NVCNVL_EW,0.007,0.007
3435,32Mt_L1_NS,32MT_NS,0.013,0.008
3435,32Mt_L1_EW,NONE,0.014,0.0
3435,32Mt_L3_EW,NONE,0.009,0.0
3435,32Mt_L1_NS,NONE,0.01,0.0
3435,NvcMt_L1_NS,NVCMT_NS,0.007,-0.002
3435,32Thn_L1_EW,NONE,0.068,0.0
3435,32Thn_L2_EW,NONE,0.061,0.0
3435,32Thn_L3_EW,NONE,0.042,0.0
3435,304Nvl_L2_NS,304NVL_NS,0.023,0.006
3435,32Nvl_L2_NS,32NVL_NS,0.013,-0.003
3435,32Nvl_L1_NS,32NVL_NS,0.02,0.001
3435,32Mt_L2_NS,32MT_NS,0.006,0.003
3435,32Mt_L2_EW,NONE,0.008,0.0
3435,32Mt_L2_NS,NONE,0.009,0.0
3435,NvcMt_L2_NS,NVCMT_NS,0.005,0.001
3435,NvcCmt8_L1_NS,NONE,0.011,0.0
3435,NvcCmt8_L1_EW,NONE,0.006,0.0
3440,304Nvl_L1_NS,304NVL_NS,0.027,0.017
3440,304Nvl_L3_NS,NONE,0.022,0.0
3440,304Nvl_L1_NS,NONE,0.044,0.0
3440,32Nvl_L3_NS,NONE,0.007,0.0
3440,32Nvl_L1_NS,32NVL_NS,0.014,-0.005
3440,32Nvl_L3_NS,NONE,0.025,0.0
3440,32Nvl_L2_NS,32NVL_NS,0.024,0.008
3440,NvcNvl_L3_NS,NONE,0.007,0.0
3440,NvcNvl_L2_NS,NONE,0.007,0.0
3440,32Mt_L1_NS,32MT_NS,0.006,0.001
3440,32Mt_L1_EW,NONE,0.007,0.0
3440,32Mt_L1_EW,32MT_EW,0.007,0.007
3440,NvcMt_L1_NS,NVCMT_NS,0.007,0.002
3440,NvcCmt8_L2_EW,NVCCMT8_EW,0.005,0.005
3440,32Thn_L1_EW,32THN_EW,0.048,0.048
3440,304Nvl_L2_NS,304NVL_NS,0.023,0.006
3440,32Nvl_L2_NS,32NVL_NS,0.013,-0.003
3440,32Nvl_L1_NS,32NVL_NS,0.027,0.008
3440,NvcNvl_L1_NS,NONE,0.009,0.0
3440,32Mt_L2_EW,32MT_EW,0.005,0.005
3440,NvcMt_L2_NS,NVCMT_NS,0.005,0.005
3440,NvcCmt8_L1_EW,NVCCMT8_EW,0.008,0.008
3445,304Thn_L1_EW,NONE,0.007,0.0
3445,304Thn_L2_EW,NONE,0.008,0.0
3445,304Nvl_L1_NS,304NVL_NS,0.027,0.017
3445,304Nvl_L3_NS,NONE,0.022,0.0
3445,304Nvl_L1_EW,304NVL_EW,0.042,0.042
3445,304Nvl_L2_EW,304NVL_EW,0.036,0.036
3445,32Nvl_L3_NS,NONE,0.007,0.0
3445,32Nvl_L1_NS,32NVL_NS,0.014,-0.005
3445,32Nvl_L3_NS,NONE,0.025,0.0
3445,32Nvl_L2_NS,32NVL_NS,0.024,0.008
3445,NvcNvl_L3_NS,NONE,0.007,0.0
3445,NvcNvl_L2_NS,NONE,0.007,0.0
3445,32Mt_L1_EW,NONE,0.007,0.0
3445,32Mt_L1_EW,32MT_EW,0.007,0.007
3445,32Mt_L1_NS,NONE,0.01,0.0
3445,NvcMt_L2_NS,NONE,0.005,0.0
3445,NvcMt_L1_NS,NVCMT_NS,0.007,0.007
3445,304Nvl_L2_NS,304NVL_NS,0.023,0.006
3445,304Nvl_L3_EW,NONE,0.032,0.0
3445,32Nvl_L2_NS,32NVL_NS,0.013,-0.003
3445,32Nvl_L1_NS,32NVL_NS,0.027,0.008
3445,NvcNvl_L1_NS,NONE,0.009,0.0
3445,NvcMt_L1_NS,NONE,0.005,0.0
3445,NvcMt_L2_NS,NVCMT_NS,0.005,0.005
3445,NvcCmt8_L1_EW,NONE,0.006,0.0
3445,304Thn_L3_EW,NONE,0.008,0.0
3450,304Nvl_L1_NS,304NVL_NS,0.027,0.017
3450,304Nvl_L3_NS,NONE,0.022,0.0
3450,304Nvl_L1_EW,304NVL_EW,0.068,0.068
3450,304Nvl_L2_EW,304NVL_EW,0.058,0.058
3450,32Nvl_L3_NS,NONE,0.007,0.0
3450,32Nvl_L1_NS,32NVL_NS,0.014,-0.005
3450,32Nvl_L1_EW,32NVL_EW,0.007,-0.003
3450,32Nvl_L2_EW,32NVL_EW,0.008,0.004
3450,32Nvl_L3_NS,NONE,0.025,0.0
3450,32Nvl_L2_NS,32NVL_NS,0.024,0.008
3450,NvcNvl_L1_EW,NONE,0.011,0.0
3450,NvcNvl_L2_EW,NONE,0.008,0.0
3450,NvcNvl_L1_EW,NVCNVL_EW,0.007,0.003
3450,NvcNvl_L2_EW,NVCNVL_EW,0.008,0.008
3450,32Mt_L1_EW,NONE,0.007,0.0
3450,32Mt_L1_EW,32MT_EW,0.014,0.009
3450,NvcMt_L1_EW,NVCMT_EW,0.006,0.001
3450,NvcMt_L1_NS,NVCMT_NS,0.007,0.007
3450,304Nvl_L2_NS,304NVL_NS,0.023,0.006
3450,304Nvl_L3_EW,NONE,0.051,0.0
3450,32Nvl_L2_NS,32NVL_NS,0.013,-0.003
3450,32Nvl_L3_EW,NONE,0.006,0.0
3450,32Nvl_L1_NS,32NVL_NS,0.02,0.001
3450,NvcNvl_L3_EW,NONE,0.006,0.0
3450,NvcNvl_L3_EW,NONE,0.009,0.0
3450,32Mt_L2_EW,32MT_EW,0.005,0.0
3450,NvcMt_L2_EW,NVCMT_EW,0.008,0.002
3450,NvcMt_L2_NS,NVCMT_NS,0.005,0.005
3455,304Nvl_L1_NS,304NVL_NS,0.027,0.017
3455,304Nvl_L3_NS,NONE,0.022,0.0
3455,304Nvl_L1_EW,304NVL_EW,0.017,0.017
3455,304Nvl_L2_EW,304NVL_EW,0.015,0.015
3455,304Nvl_L1_NS,NONE,0.036,0.0
3455,32Nvl_L3_NS,NONE,0.007,0.0
3455,32Nvl_L1_NS,32NVL_NS,0.014,-0.005
3455,32Nvl_L1_EW,32NVL_EW,0.014,0.004
3455,32Nvl_L2_EW,32NVL_EW,0.015,0.008
3455,32Nvl_L3_NS,NONE,0.025,0.0
3455,32Nvl_L2_NS,32NVL_NS,0.024,0.008
3455,32Mt_L1_EW,32MT_EW,0.014,0.004
3455,32Mt_L1_NS,NONE,0.01,0.0
3455,NvcMt_L1_NS,NVCMT_NS,0.007,0.007
3455,304Nvl_L2_NS,304NVL_NS,0.023,0.006
3455,304Nvl_L3_EW,NONE,0.013,0.0
3455,32Nvl_L2_NS,32NVL_NS,0.013,-0.003
3455,32Nvl_L3_EW,NONE,0.013,0.0
3455,32Nvl_L1_NS,32NVL_NS,0.027,0.008
3455,32Mt_L2_EW,32MT_EW,0.011,0.0
3455,NvcMt_L2_NS,NVCMT_NS,0.005,0.005
3460,304Nvl_L1_NS,304NVL_NS,0.027,0.017
3460,304Nvl_L3_NS,NONE,0.022,0.0
3460,304Nvl_L1_EW,304NVL_EW,0.008,0.008
3460,304Nvl_L1_NS,NONE,0.051,0.0
3460,32Nvl_L3_NS,NONE,0.007,0.0
3460,32Nvl_L1_NS,32NVL_NS,0.014,-0.005
3460,32Nvl_L3_NS,NONE,0.033,0.0
3460,32Nvl_L2_NS,32NVL_NS,0.032,0.016
3460,32Mt_L1_EW,NONE,0.007,0.0
3460,32Mt_L3_EW,NONE,0.009,0.0
3460,32Mt_L1_NS,NONE,0.01,0.0
3460,NvcMt_L1_NS,NVCMT_NS,0.007,0.007
3460,304Nvl_L2_NS,304NVL_NS,0.023,0.001
3460,32Nvl_L2_NS,32NVL_NS,0.013,-0.003
3460,32Nvl_L1_NS,32NVL_NS,0.034,0.015
3460,32Mt_L2_EW,NONE,0.008,0.0
3460,NvcMt_L2_NS,NVCMT_NS,0.005,0.005
3465,304Nvl_L1_NS,304NVL_NS,0.027,-0.007
3465,304Nvl_L3_NS,NONE,0.022,0.0
3465,304Nvl_L1_EW,NONE,0.008,0.0
3465,304Nvl_L1_NS,NONE,0.015,0.0
3465,32Nvl_L3_NS,NONE,0.041,0.0
3465,32Nvl_L1_NS,32NVL_NS,0.048,0.029
3465,32Nvl_L1_EW,32NVL_EW,0.007,0.002
3465,32Nvl_L2_EW,32NVL_EW,0.008,0.004
3465,32Nvl_L3_NS,NONE,0.033,0.0
3465,32Nvl_L2_NS,32NVL_NS,0.032,0.016
3465,32Mt_L1_EW,NONE,0.007,0.0
3465,32Mt_L3_EW,NONE,0.009,0.0
3465,32Mt_L1_EW,32MT_EW,0.007,0.002
3465,NvcMt_L2_NS,NONE,0.063,0.0
3465,NvcMt_L1_NS,NVCMT_NS,0.007,0.007
3465,304Nvl_L2_NS,304NVL_NS,0.023,0.001
3465,32Nvl_L2_NS,32NVL_NS,0.047,0.031
3465,32Nvl_L3_EW,NONE,0.006,0.0
3465,32Nvl_L1_NS,32NVL_NS,0.047,0.028
3465,32Mt_L2_EW,NONE,0.008,0.0
3465,32Mt_L2_EW,32MT_EW,0.005,0.0
3465,NvcMt_L1_NS,NONE,0.066,0.0
3465,NvcMt_L2_NS,NVCMT_NS,0.005,0.005
3470,304Nvl_L1_NS,304NVL_NS,0.027,-0.012
3470,304Nvl_L3_NS,NONE,0.022,0.0
3470,304Nvl_L1_EW,304NVL_EW,0.008,0.008
3470,304Nvl_L2_EW,304NVL_EW,0.007,0.007
3470,32Nvl_L3_NS,NONE,0.014,0.0
3470,32Nvl_L1_NS,32NVL_NS,0.055,0.036
3470,32Nvl_L1_EW,32NVL_EW,0.007,0.007
3470,32Nvl_L2_EW,32NVL_EW,0.008,0.008
3470,32Nvl_L3_NS,NONE,0.042,0.0
3470,32Nvl_L2_NS,32NVL_NS,0.039,0.024
3470,NvcNvl_L3_NS,NONE,0.034,0.0
3470,NvcNvl_L2_NS,NONE,0.033,0.0
3470,32Mt_L1_NS,NONE,0.01,0.0
3470,NvcMt_L1_NS,NVCMT_NS,0.007,0.007
3470,304Nvl_L2_NS,304NVL_NS,0.023,-0.005
3470,304Nvl_L3_EW,NONE,0.006,0.0
3470,32Nvl_L2_NS,32NVL_NS,0.053,0.037
3470,32Nvl_L3_EW,NONE,0.006,0.0
3470,32Nvl_L1_NS,32NVL_NS,0.047,0.028
3470,NvcNvl_L1_NS,NONE,0.044,0.0
3470,NvcMt_L2_NS,NVCMT_NS,0.005,0.005
3475,304Nvl_L1_NS,304NVL_NS,0.027,-0.012
3475,304Nvl_L3_NS,NONE,0.022,0.0
3475,32Nvl_L3_NS,NONE,0.014,0.0
3475,32Nvl_L1_NS,32NVL_NS,0.055,0.036
3475,32Nvl_L3_NS,NONE,0.042,0.0
3475,32Nvl_L2_NS,32NVL_NS,0.039,0.024
3475,NvcNvl_L1_EW,NONE,0.053,0.0
3475,32Mt_L1_EW,NONE,0.014,0.0
3475,32Mt_L1_EW,32MT_EW,0.007,0.007
3475,NvcMt_L1_EW,NVCMT_EW,0.006,0.006
3475,304Nvl_L2_NS,304NVL_NS,0.023,-0.005
3475,32Nvl_L2_NS,32NVL_NS,0.053,0.037
3475,32Nvl_L1_NS,32NVL_NS,0.04,0.021
3475,32Mt_L2_EW,32MT_EW,0.005,0.005
3475,NvcMt_L2_EW,NVCMT_EW,0.008,0.008
3480,32Nvl_L3_NS,NONE,0.007,0.0
3480,32Nvl_L1_NS,32NVL_NS,0.007,0.007
3480,32Nvl_L3_NS,NONE,0.008,0.0
3480,32Nvl_L2_NS,32NVL_NS,0.008,0.008
3480,NvcNvl_L3_NS,NONE,0.007,0.0
3480,NvcNvl_L2_NS,NONE,0.007,0.0
3480,NvcNvl_L1_EW,NONE,0.053,0.0
3480,NvcNvl_L2_EW,NONE,0.038,0.0
3480,32Mt_L1_EW,32MT_EW,0.007,0.007
3480,NvcMt_L2_NS,NONE,0.026,0.0
3480,32Nvl_L2_NS,32NVL_NS,0.007,0.007
3480,32Nvl_L1_NS,32NVL_NS,0.013,0.013
3480,NvcNvl_L1_NS,NONE,0.009,0.0
3480,32Mt_L2_EW,32MT_EW,0.005,0.005
3480,NvcMt_L1_NS,NONE,0.027,0.0
3485,304Nvl_L1_EW,304NVL_EW,0.017,0.017
3485,304Nvl_L1_NS,NONE,0.007,0.0
3485,32Nvl_L3_NS,NONE,0.034,0.0
3485,32Nvl_L1_NS,32NVL_NS,0.035,0.035
3485,NvcNvl_L3_NS,NONE,0.007,0.0
3485,NvcNvl_L2_NS,NONE,0.007,0.0
3485,32Mt_L1_NS,32MT_NS,0.006,0.006
3485,32Mt_L1_EW,NONE,0.007,0.0
3485,32Mt_L1_EW,32MT_EW,0.007,0.007
3485,NvcMt_L2_NS,NONE,0.005,0.0
3485,NvcCmt8_L2_EW,NONE,0.007,0.0
3485,32Thn_L1_EW,NONE,0.01,0.0
3485,32Thn_L2_EW,NONE,0.01,0.0
3485,32Thn_L3_EW,NONE,0.007,0.0
3485,32Nvl_L2_NS,32NVL_NS,0.033,0.033
3485,32Nvl_L1_NS,32NVL_NS,0.013,0.013
3485,NvcNvl_L1_NS,NONE,0.009,0.0
3485,32Mt_L2_NS,32MT_NS,0.006,0.006
3485,32Mt_L2_EW,NONE,0.008,0.0
3485,32Mt_L2_EW,32MT_EW,0.005,0.005
3485,NvcMt_L1_NS,NONE,0.005,0.0
3485,NvcCmt8_L1_EW,NONE,0.006,0.0
3490,304Nvl_L1_EW,304NVL_EW,0.025,0.025
3490,304Nvl_L2_EW,304NVL_EW,0.007,0.007
3490,304Nvl_L1_NS,NONE,0.007,0.0
3490,32Nvl_L3_NS,NONE,0.007,0.0
3490,32Nvl_L1_NS,32NVL_NS,0.028,0.028
3490,32Nvl_L3_NS,NONE,0.008,0.0
3490,32Nvl_L2_NS,32NVL_NS,0.008,0.008
3490,NvcNvl_L1_EW,NONE,0.011,0.0
3490,NvcNvl_L2_EW,NONE,0.008,0.0
3490,32Mt_L1_EW,32MT_EW,0.007,0.007
3490,32Mt_L1_NS,NONE,0.01,0.0
3490,NvcMt_L1_EW,NVCMT_EW,0.006,0.006
3490,32Thn_L1_EW,32THN_EW,0.008,0.008
3490,304Nvl_L3_EW,NONE,0.006,0.0
3490,32Nvl_L2_NS,32NVL_NS,0.02,0.02
3490,32Nvl_L1_NS,32NVL_NS,0.054,0.054
3490,32Mt_L2_EW,32MT_EW,0.005,0.005
3490,NvcMt_L2_EW,NVCMT_EW,0.008,0.008
3495,304Thn_L1_EW,304THN_EW,0.008,0.002
3495,304Thn_L3_EW,NONE,0.008,0.0
3495,304Nvl_L1_EW,304NVL_EW,0.008,0.003
3495,304Nvl_L2_EW,304NVL_EW,0.007,0.002
3495,32Nvl_L1_NS,32NVL_NS,0.007,0.007
3495,32Nvl_L1_EW,32NVL_EW,0.007,0.001
3495,32Nvl_L2_EW,32NVL_EW,0.007,0.007
3495,32Nvl_L3_NS,NONE,0.008,0.0
3495,32Nvl_L2_NS,32NVL_NS,0.008,0.008
3495,NvcNvl_L1_EW,NONE,0.011,0.0
3495,NvcNvl_L2_EW,NONE,0.008,0.0
3495,NvcMt_L1_EW,NVCMT_EW,0.006,0.001
3495,32Thn_L1_EW,32THN_EW,0.008,0.008
3495,304Nvl_L3_EW,NONE,0.006,0.0
3495,32Nvl_L2_NS,32NVL_NS,0.007,0.007
3495,32Nvl_L3_EW,NONE,0.006,0.0
3495,32Nvl_L1_NS,32NVL_NS,0.02,0.02
3495,NvcMt_L2_EW,NVCMT_EW,0.008,0.008
3495,NvcCmt8_L1_EW,NVCCMT8_EW,0.008,0.003
3495,304Thn_L2_EW,304THN_EW,0.007,0.002
3500,304Thn_L1_EW,304THN_EW,0.008,-0.004
3500,304Thn_L3_EW,NONE,0.008,0.0
3500,304Nvl_L1_EW,304NVL_EW,0.017,0.011
3500,304Nvl_L2_EW,304NVL_EW,0.022,0.017
3500,32Nvl_L1_EW,32NVL_EW,0.007,0.007
3500,32Nvl_L2_EW,32NVL_EW,0.007,0.007
3500,32Nvl_L3_NS,NONE,0.109,0.0
3500,32Nvl_L2_NS,32NVL_NS,0.103,0.103
3500,32Mt_L1_NS,32MT_NS,0.006,0.006
3500,32Mt_L1_EW,NONE,0.007,0.0
3500,304Nvl_L3_EW,NONE,0.013,0.0
3500,32Nvl_L3_EW,NONE,0.006,0.0
3500,32Nvl_L1_NS,32NVL_NS,0.101,0.101
3500,304Thn_L2_EW,304THN_EW,0.007,-0.008
3505,304Thn_L1_EW,304THN_EW,0.008,-0.015
3505,304Thn_L3_EW,NONE,0.008,0.0
3505,304Nvl_L1_EW,304NVL_EW,0.034,0.028
3505,304Nvl_L2_EW,304NVL_EW,0.029,0.024
3505,32Nvl_L1_EW,32NVL_EW,0.007,-0.018
3505,32Nvl_L2_EW,32NVL_EW,0.007,-0.012
3505,32Nvl_L3_NS,NONE,0.117,0.0
3505,32Nvl_L2_NS,32NVL_NS,0.118,0.118
3505,32Mt_L1_EW,32MT_EW,0.035,0.035
3505,NvcMt_L1_EW,NVCMT_EW,0.006,0.006
3505,304Nvl_L3_EW,NONE,0.025,0.0
3505,32Nvl_L3_EW,NONE,0.006,0.0
3505,32Nvl_L1_NS,32NVL_NS,0.101,0.101
3505,32Mt_L2_EW,32MT_EW,0.027,0.027
3505,NvcMt_L2_EW,NVCMT_EW,0.048,0.048
3505,304Thn_L2_EW,304THN_EW,0.007,-0.013
3510,304Nvl_L1_EW,304NVL_EW,0.034,0.034
3510,304Nvl_L2_EW,304NVL_EW,0.029,0.029
3510,32Nvl_L1_NS,32NVL_NS,0.007,0.007
3510,32Nvl_L1_EW,32NVL_EW,0.007,-0.057
3510,32Nvl_L2_EW,32NVL_EW,0.007,-0.042
3510,32Nvl_L3_NS,NONE,0.017,0.0
3510,32Nvl_L2_NS,32NVL_NS,0.016,0.016
3510,32Mt_L1_EW,32MT_EW,0.091,0.091
3510,NvcMt_L1_EW,NVCMT_EW,0.006,0.001
3510,NvcCmt8_L2_EW,NVCCMT8_EW,0.005,0.005
3510,304Nvl_L3_EW,NONE,0.025,0.0
3510,32Nvl_L3_EW,NONE,0.006,0.0
3510,32Nvl_L1_NS,32NVL_NS,0.013,0.013
3510,32Mt_L2_EW,32MT_EW,0.071,0.071
3510,NvcMt_L2_EW,NVCMT_EW,0.008,0.004
3510,NvcCmt8_L1_EW,NVCCMT8_EW,0.008,0.003
3515,304Nvl_L1_NS,304NVL_NS,0.009,-0.001
3515,304Nvl_L3_NS,NONE,0.007,0.0
3515,304Nvl_L1_EW,304NVL_EW,0.034,0.034
3515,304Nvl_L2_EW,304NVL_EW,0.029,0.029
3515,304Nvl_L1_NS,NONE,0.022,0.0
3515,304Nvl_L3_NS,NONE,0.016,0.0
3515,32Nvl_L1_NS,32NVL_NS,0.014,0.008
3515,32Nvl_L1_EW,32NVL_EW,0.087,0.082
3515,32Nvl_L2_EW,32NVL_EW,0.007,0.004
3515,32Nvl_L3_NS,NONE,0.008,0.0
3515,32Nvl_L2_NS,32NVL_NS,0.008,0.003
3515,NvcNvl_L3_NS,NONE,0.007,0.0
3515,NvcNvl_L2_NS,NONE,0.007,0.0
3515,32Mt_L1_EW,32MT_EW,0.007,0.007
3515,32Mt_L1_NS,NONE,0.049,0.0
3515,NvcMt_L1_EW,NVCMT_EW,0.006,0.001
3515,NvcCmt8_L2_EW,NVCCMT8_EW,0.005,0.005
3515,304Nvl_L2_NS,304NVL_NS,0.008,0.002
3515,304Nvl_L3_EW,NONE,0.025,0.0
3515,304Nvl_L2_NS,NONE,0.015,0.0
3515,32Nvl_L2_NS,32NVL_NS,0.007,0.001
3515,32Nvl_L3_EW,NONE,0.006,0.0
3515,32Nvl_L1_NS,32NVL_NS,0.007,0.0
3515,NvcNvl_L1_NS,NONE,0.009,0.0
3515,32Mt_L2_EW,32MT_EW,0.005,0.005
3515,NvcMt_L2_EW,NVCMT_EW,0.008,0.004
3515,NvcCmt8_L1_EW,NVCCMT8_EW,0.008,0.003
3520,304Nvl_L1_NS,304NVL_NS,0.009,-0.001
3520,304Nvl_L3_NS,NONE,0.007,0.0
3520,304Nvl_L1_EW,304NVL_EW,0.008,0.008
3520,304Nvl_L2_EW,304NVL_EW,0.007,0.007
3520,32Nvl_L1_NS,32NVL_NS,0.014,0.008
3520,32Nvl_L1_EW,32NVL_EW,0.007,-0.003
3520,32Nvl_L2_EW,32NVL_EW,0.008,0.0
3520,32Nvl_L1_EW,32NVL_EW,0.007,-0.003
3520,32Nvl_L2_EW,32NVL_EW,0.007,0.0
3520,32Nvl_L3_NS,NONE,0.008,0.0
3520,32Nvl_L2_NS,32NVL_NS,0.008,0.003
3520,NvcNvl_L1_EW,NVCNVL_EW,0.035,0.035
3520,NvcNvl_L2_EW,NVCNVL_EW,0.039,0.039
3520,32Mt_L1_EW,NONE,0.086,0.0
3520,32Mt_L1_EW,32MT_EW,0.014,0.009
3520,32Mt_L1_NS,NONE,0.117,0.0
3520,NvcCmt8_L2_EW,NVCCMT8_EW,0.011,0.011
3520,304Nvl_L2_NS,304NVL_NS,0.008,0.002
3520,304Nvl_L3_EW,NONE,0.006,0.0
3520,32Nvl_L3_EW,NONE,0.006,0.0
3520,32Nvl_L3_EW,NONE,0.006,0.0
3520,32Nvl_L1_NS,32NVL_NS,0.013,0.007
3520,NvcNvl_L3_EW,NONE,0.047,0.0
3520,32Mt_L2_EW,32MT_EW,0.011,0.005
3520,32Mt_L2_NS,NONE,0.104,0.0
3520,NvcCmt8_L1_EW,NVCCMT8_EW,0.015,0.015
3525,304Thn_L1_EW,NONE,0.007,0.0
3525,304Thn_L2_EW,NONE,0.008,0.0
3525,304Nvl_L1_NS,304NVL_NS,0.009,0.004
3525,304Nvl_L3_NS,NONE,0.007,0.0
3525,304Nvl_L1_EW,304NVL_EW,0.008,0.008
3525,304Nvl_L1_NS,NONE,0.007,0.0
3525,32Nvl_L1_NS,32NVL_NS,0.007,0.001
3525,32Nvl_L1_EW,32NVL_EW,0.007,0.007
3525,32Nvl_L2_EW,32NVL_EW,0.008,0.008
3525,32Nvl_L1_EW,32NVL_EW,0.007,0.007
3525,32Nvl_L2_EW,32NVL_EW,0.007,0.007
3525,32Nvl_L3_NS,NONE,0.008,0.0
3525,32Nvl_L2_NS,32NVL_NS,0.008,0.003
3525,NvcNvl_L3_NS,NONE,0.007,0.0
3525,NvcNvl_L2_NS,NONE,0.007,0.0
3525,NvcNvl_L1_EW,NVCNVL_EW,0.042,0.042
3525,NvcNvl_L2_EW,NVCNVL_EW,0.039,0.039
3525,32Mt_L1_NS,32MT_NS,0.006,0.006
3525,32Mt_L1_EW,NONE,0.007,0.0
3525,32Mt_L1_NS,NONE,0.117,0.0
3525,NvcCmt8_L2_EW,NVCCMT8_EW,0.011,0.011
3525,304Nvl_L2_NS,304NVL_NS,0.008,0.002
3525,32Nvl_L3_EW,NONE,0.006,0.0
3525,32Nvl_L3_EW,NONE,0.006,0.0
3525,32Nvl_L1_NS,32NVL_NS,0.007,0.0
3525,NvcNvl_L1_NS,NONE,0.009,0.0
3525,NvcNvl_L3_EW,NONE,0.047,0.0
3525,32Mt_L2_NS,NONE,0.104,0.0
3525,NvcCmt8_L1_EW,NVCCMT8_EW,0.015,0.015
3525,304Thn_L3_EW,NONE,0.008,0.0
3530,304Thn_L1_EW,304THN_EW,0.008,0.002
3530,304Nvl_L1_NS,304NVL_NS,0.009,0.009
3530,304Nvl_L3_NS,NONE,0.007,0.0
3530,304Nvl_L1_EW,304NVL_EW,0.008,0.003
3530,304Nvl_L1_NS,NONE,0.015,0.0
3530,32Nvl_L1_EW,32NVL_EW,0.007,0.002
3530,32Nvl_L2_EW,32NVL_EW,0.008,0.004
3530,32Nvl_L1_EW,32NVL_EW,0.007,0.002
3530,32Nvl_L2_EW,32NVL_EW,0.007,0.004
3530,NvcNvl_L3_NS,NONE,0.007,0.0
3530,NvcNvl_L2_NS,NONE,0.007,0.0
3530,NvcNvl_L1_EW,NVCNVL_EW,0.042,0.042
3530,NvcNvl_L2_EW,NVCNVL_EW,0.039,0.037
3530,32Mt_L1_EW,NONE,0.137,0.0
3530,32Mt_L3_EW,NONE,0.168,0.0
3530,32Mt_L1_EW,32MT_EW,0.007,0.002
3530,NvcMt_L2_NS,NONE,0.005,0.0
3530,NvcMt_L2_EW,NVCMT_EW,0.003,-0.028
3530,NvcCmt8_L2_EW,NVCCMT8_EW,0.005,0.003
3530,304Nvl_L2_NS,304NVL_NS,0.008,0.008
3530,32Nvl_L3_EW,NONE,0.006,0.0
3530,32Nvl_L3_EW,NONE,0.006,0.0
3530,32Nvl_L1_NS,32NVL_NS,0.007,0.0
3530,NvcNvl_L1_NS,NONE,0.009,0.0
3530,NvcNvl_L3_EW,NONE,0.047,0.0
3530,32Mt_L2_EW,NONE,0.143,0.0
3530,32Mt_L2_EW,32MT_EW,0.005,0.0
3530,NvcMt_L1_NS,NONE,0.005,0.0
3530,NvcMt_L1_EW,NVCMT_EW,0.006,-0.029
3530,NvcCmt8_L1_EW,NVCCMT8_EW,0.008,0.008
3530,NvcCmt8_L1_EW,NONE,0.006,0.0
3535,304Nvl_L1_NS,304NVL_NS,0.009,0.004
3535,304Nvl_L3_NS,NONE,0.007,0.0
3535,304Nvl_L1_EW,304NVL_EW,0.008,0.008
3535,304Nvl_L2_EW,304NVL_EW,0.007,0.007
3535,304Nvl_L1_NS,NONE,0.007,0.0
3535,32Nvl_L1_NS,32NVL_NS,0.007,0.001
3535,32Nvl_L1_EW,32NVL_EW,0.092,0.092
3535,32Nvl_L2_EW,32NVL_EW,0.1,0.1
3535,32Nvl_L1_EW,32NVL_EW,0.007,0.007
3535,32Nvl_L2_EW,32NVL_EW,0.007,0.007
3535,NvcNvl_L1_EW,NVCNVL_EW,0.049,0.049
3535,NvcNvl_L2_EW,NVCNVL_EW,0.039,0.039
3535,32Mt_L1_NS,32MT_NS,0.006,0.006
3535,32Mt_L1_EW,NONE,0.252,0.0
3535,32Mt_L3_EW,NONE,0.097,0.0
3535,32Mt_L1_NS,NONE,0.01,0.0
3535,NvcCmt8_L2_EW,NVCCMT8_EW,0.005,0.005
3535,304Nvl_L2_NS,304NVL_NS,0.008,0.008
3535,304Nvl_L3_EW,NONE,0.006,0.0
3535,32Nvl_L3_EW,NONE,0.006,0.0
3535,32Nvl_L3_EW,NONE,0.081,0.0
3535,NvcNvl_L3_EW,NONE,0.047,0.0
3535,32Mt_L2_EW,NONE,0.173,0.0
3535,NvcCmt8_L1_EW,NVCCMT8_EW,0.008,0.008
3540,304Nvl_L1_NS,304NVL_NS,0.009,0.004
3540,304Nvl_L3_NS,NONE,0.007,0.0
3540,304Nvl_L1_EW,304NVL_EW,0.017,0.017
3540,304Nvl_L2_EW,304NVL_EW,0.015,0.015
3540,304Nvl_L1_NS,NONE,0.007,0.0
3540,32Nvl_L3_NS,NONE,0.007,0.0
3540,32Nvl_L1_NS,32NVL_NS,0.007,0.001
3540,32Nvl_L1_EW,32NVL_EW,0.092,0.082
3540,32Nvl_L2_EW,32NVL_EW,0.1,0.097
3540,32Nvl_L1_EW,32NVL_EW,0.007,-0.003
3540,32Nvl_L2_EW,32NVL_EW,0.007,0.004
3540,NvcNvl_L3_NS,NONE,0.034,0.0
3540,NvcNvl_L2_NS,NONE,0.033,0.0
3540,32Mt_L1_NS,32MT_NS,0.006,0.006
3540,32Mt_L1_EW,NONE,0.137,0.0
3540,32Mt_L3_EW,NONE,0.062,0.0
3540,32Mt_L1_EW,32MT_EW,0.014,-0.05
3540,NvcMt_L2_EW,NVCMT_EW,0.003,0.003
3540,304Nvl_L2_NS,304NVL_NS,0.008,0.008
3540,304Nvl_L3_EW,NONE,0.006,0.0
3540,32Nvl_L2_NS,32NVL_NS,0.007,0.001
3540,32Nvl_L3_EW,NONE,0.006,0.0
3540,32Nvl_L3_EW,NONE,0.081,0.0
3540,NvcNvl_L1_NS,NONE,0.044,0.0
3540,32Mt_L2_EW,NONE,0.053,0.0
3540,32Mt_L2_EW,32MT_EW,0.005,-0.065
3540,NvcMt_L1_EW,NVCMT_EW,0.006,0.006
3545,304Nvl_L1_NS,304NVL_NS,0.009,0.009
3545,304Nvl_L3_NS,NONE,0.007,0.0
3545,304Nvl_L1_NS,NONE,0.015,0.0
3545,304Nvl_L3_NS,NONE,0.008,0.0
3545,32Nvl_L1_EW,32NVL_EW,0.014,-0.077
3545,32Nvl_L2_EW,32NVL_EW,0.015,-0.055
3545,32Nvl_L1_EW,32NVL_EW,0.007,-0.085
3545,32Nvl_L2_EW,32NVL_EW,0.007,-0.063
3545,NvcNvl_L3_NS,NONE,0.007,0.0
3545,NvcNvl_L2_NS,NONE,0.007,0.0
3545,NvcNvl_L1_EW,NONE,0.064,0.0
3545,NvcNvl_L2_EW,NONE,0.046,0.0
3545,32Mt_L1_EW,NONE,0.007,0.0
3545,32Mt_L3_EW,NONE,0.009,0.0
3545,32Mt_L1_EW,32MT_EW,0.035,0.025
3545,32Mt_L1_NS,NONE,0.117,0.0
3545,NvcMt_L1_NS,NVCMT_NS,0.007,0.007
3545,32Thn_L1_EW,32THN_EW,0.096,0.086
3545,32Thn_L2_EW,32THN_EW,0.1,0.089
3545,32Thn_L3_EW,NONE,0.098,0.0
3545,304Nvl_L2_NS,304NVL_NS,0.008,0.008
3545,304Nvl_L2_NS,NONE,0.007,0.0
3545,32Nvl_L3_EW,NONE,0.006,0.0
3545,32Nvl_L3_EW,NONE,0.013,0.0
3545,NvcNvl_L1_NS,NONE,0.009,0.0
3545,NvcNvl_L3_EW,NONE,0.006,0.0
3545,32Mt_L2_EW,NONE,0.008,0.0
3545,NvcMt_L2_NS,NVCMT_NS,0.005,0.005
3545,NvcCmt8_L1_EW,NONE,0.006,0.0
3550,304Nvl_L1_NS,304NVL_NS,0.009,0.009
3550,304Nvl_L3_NS,NONE,0.007,0.0
3550,304Nvl_L1_EW,304NVL_EW,0.051,0.051
3550,304Nvl_L2_EW,304NVL_EW,0.036,0.036
3550,304Nvl_L1_NS,NONE,0.015,0.0
3550,304Nvl_L3_NS,NONE,0.016,0.0
3550,32Nvl_L1_EW,32NVL_EW,0.021,-0.032
3550,32Nvl_L2_EW,32NVL_EW,0.023,0.0
3550,32Nvl_L1_EW,32NVL_EW,0.007,-0.047
3550,32Nvl_L2_EW,32NVL_EW,0.007,-0.015
3550,32Mt_L1_EW,32MT_EW,0.077,0.062
3550,32Mt_L1_NS,NONE,0.01,0.0
3550,NvcMt_L2_EW,NVCMT_EW,0.003,0.003
3550,NvcMt_L1_NS,NVCMT_NS,0.007,0.007
3550,NvcCmt8_L2_NS,NONE,0.011,0.0
3550,32Thn_L1_EW,NONE,0.116,0.0
3550,NvcCmt8_L1_NS,NONE,0.008,0.0
3550,304Nvl_L2_NS,304NVL_NS,0.008,0.008
3550,304Nvl_L3_EW,NONE,0.032,0.0
3550,304Nvl_L2_NS,NONE,0.015,0.0
3550,32Nvl_L3_EW,NONE,0.006,0.0
3550,32Nvl_L3_EW,NONE,0.019,0.0
3550,32Nvl_L1_NS,32NVL_NS,0.081,0.074
3550,32Mt_L2_EW,32MT_EW,0.033,0.016
3550,32Mt_L2_NS,NONE,0.009,0.0
3550,NvcMt_L1_EW,NVCMT_EW,0.006,0.006
3550,NvcMt_L2_NS,NVCMT_NS,0.005,0.005
3555,304Thn_L2_NS,304THN_NS,0.009,0.009
3555,304Nvl_L1_NS,304NVL_NS,0.009,-0.001
3555,304Nvl_L3_NS,NONE,0.007,0.0
3555,304Nvl_L1_EW,304NVL_EW,0.068,0.068
3555,304Nvl_L2_EW,304NVL_EW,0.051,0.051
3555,32Nvl_L3_NS,NONE,0.014,0.0
3555,32Nvl_L1_NS,32NVL_NS,0.014,0.008
3555,32Nvl_L1_EW,32NVL_EW,0.007,-0.027
3555,32Nvl_L2_EW,32NVL_EW,0.008,-0.015
3555,32Nvl_L1_EW,32NVL_EW,0.007,-0.027
3555,32Nvl_L2_EW,32NVL_EW,0.007,-0.015
3555,32Nvl_L3_NS,NONE,0.008,0.0
3555,32Nvl_L2_NS,32NVL_NS,0.008,0.003
3555,32Mt_L1_NS,32MT_NS,0.006,0.001
3555,32Mt_L1_EW,32MT_EW,0.049,0.044
3555,NvcMt_L2_NS,NONE,0.005,0.0
3555,NvcMt_L1_NS,NVCMT_NS,0.007,0.002
3555,304Nvl_L2_NS,304NVL_NS,0.008,0.002
3555,304Nvl_L3_EW,NONE,0.044,0.0
3555,32Nvl_L2_NS,32NVL_NS,0.013,0.008
3555,32Nvl_L3_EW,NONE,0.006,0.0
3555,32Nvl_L3_EW,NONE,0.006,0.0
3555,32Nvl_L1_NS,32NVL_NS,0.087,0.081
3555,32Mt_L2_EW,32MT_EW,0.033,0.027
3555,NvcMt_L1_NS,NONE,0.005,0.0
3555,NvcMt_L2_NS,NVCMT_NS,0.005,0.005
3555,304Thn_L1_NS,304THN_NS,0.008,0.008
3560,304Thn_L2_NS,304THN_NS,0.009,0.009
3560,304Nvl_L1_NS,304NVL_NS,0.009,0.004
3560,304Nvl_L3_NS,NONE,0.007,0.0
3560,304Nvl_L1_EW,304NVL_EW,0.102,0.102
3560,304Nvl_L2_EW,304NVL_EW,0.08,0.08
3560,304Nvl_L1_NS,NONE,0.007,0.0
3560,304Nvl_L3_NS,NONE,0.008,0.0
3560,32Nvl_L3_NS,NONE,0.007,0.0
3560,32Nvl_L1_NS,32NVL_NS,0.007,0.001
3560,32Nvl_L1_EW,32NVL_EW,0.014,0.009
3560,32Nvl_L2_EW,32NVL_EW,0.015,0.012
3560,32Nvl_L1_EW,32NVL_EW,0.007,0.002
3560,32Nvl_L2_EW,32NVL_EW,0.007,0.004
3560,32Nvl_L3_NS,NONE,0.008,0.0
3560,32Nvl_L2_NS,32NVL_NS,0.008,0.003
3560,NvcNvl_L1_EW,NONE,0.011,0.0
3560,NvcNvl_L2_EW,NONE,0.008,0.0
3560,32Mt_L1_NS,32MT_NS,0.006,0.001
3560,32Mt_L1_EW,32MT_EW,0.007,-0.003
3560,NvcMt_L1_NS,NVCMT_NS,0.007,0.002
3560,304Nvl_L2_NS,304NVL_NS,0.008,0.002
3560,304Nvl_L3_EW,NONE,0.07,0.0
3560,304Nvl_L2_NS,NONE,0.007,0.0
3560,32Nvl_L2_NS,32NVL_NS,0.007,0.001
3560,32Nvl_L3_EW,NONE,0.006,0.0
3560,32Nvl_L3_EW,NONE,0.013,0.0
3560,32Nvl_L1_NS,32NVL_NS,0.013,0.007
3560,32Mt_L2_EW,32MT_EW,0.005,-0.005
3560,NvcMt_L2_NS,NVCMT_NS,0.005,0.005
3560,304Thn_L1_NS,304THN_NS,0.008,0.008
3565,304Thn_L2_NS,304THN_NS,0.009,0.009
3565,304Nvl_L1_NS,304NVL_NS,0.018,0.013
3565,304Nvl_L3_NS,NONE,0.007,0.0
3565,304Nvl_L1_EW,304NVL_EW,0.017,0.017
3565,304Nvl_L2_EW,304NVL_EW,0.007,0.007
3565,304Nvl_L1_NS,NONE,0.007,0.0
3565,32Nvl_L3_NS,NONE,0.007,0.0
3565,32Nvl_L1_NS,32NVL_NS,0.007,-0.006
3565,32Nvl_L1_EW,32NVL_EW,0.007,0.007
3565,32Nvl_L2_EW,32NVL_EW,0.008,0.008
3565,32Nvl_L1_EW,32NVL_EW,0.007,0.007
3565,32Nvl_L2_EW,32NVL_EW,0.007,0.007
3565,32Nvl_L3_NS,NONE,0.008,0.0
3565,32Nvl_L2_NS,32NVL_NS,0.008,0.003
3565,NvcNvl_L3_NS,NONE,0.007,0.0
3565,NvcNvl_L2_NS,NONE,0.007,0.0
3565,32Mt_L1_NS,32MT_NS,0.006,0.001
3565,NvcMt_L1_NS,NVCMT_NS,0.007,0.002
3565,304Nvl_L2_NS,304NVL_NS,0.008,0.002
3565,304Nvl_L3_EW,NONE,0.006,0.0
3565,32Nvl_L2_NS,32NVL_NS,0.007,0.001
3565,32Nvl_L3_EW,NONE,0.006,0.0
3565,32Nvl_L3_EW,NONE,0.006,0.0
3565,32Nvl_L1_NS,32NVL_NS,0.013,0.001
3565,NvcNvl_L1_NS,NONE,0.009,0.0
3565,NvcMt_L2_NS,NVCMT_NS,0.005,0.005
3565,304Thn_L1_NS,304THN_NS,0.008,0.008
3570,304Thn_L2_NS,304THN_NS,0.009,0.009
3570,304Nvl_L1_NS,304NVL_NS,0.063,0.063
3570,304Nvl_L3_NS,NONE,0.007,0.0
3570,304Nvl_L1_EW,304NVL_EW,0.017,0.017
3570,304Nvl_L2_EW,304NVL_EW,0.007,0.007
3570,304Nvl_L1_NS,NONE,0.044,0.0
3570,32Nvl_L1_EW,32NVL_EW,0.007,-0.017
3570,32Nvl_L2_EW,32NVL_EW,0.008,-0.011
3570,32Nvl_L1_EW,32NVL_EW,0.007,-0.018
3570,32Nvl_L2_EW,32NVL_EW,0.007,-0.012
3570,NvcNvl_L3_NS,NONE,0.007,0.0
3570,NvcNvl_L2_NS,NONE,0.007,0.0
3570,32Mt_L1_EW,32MT_EW,0.035,0.03
3570,NvcMt_L1_NS,NVCMT_NS,0.007,0.007
3570,304Nvl_L2_NS,304NVL_NS,0.008,0.008
3570,304Nvl_L3_EW,NONE,0.006,0.0
3570,32Nvl_L3_EW,NONE,0.006,0.0
3570,32Nvl_L3_EW,NONE,0.006,0.0
3570,32Nvl_L1_NS,32NVL_NS,0.013,-0.031
3570,NvcNvl_L1_NS,NONE,0.009,0.0
3570,32Mt_L2_EW,32MT_EW,0.027,0.022
3570,NvcMt_L2_NS,NVCMT_NS,0.005,0.005
3570,304Thn_L1_NS,304THN_NS,0.008,0.008
3575,304Thn_L2_NS,304THN_NS,0.009,0.009
3575,304Nvl_L1_NS,304NVL_NS,0.063,0.059
3575,304Nvl_L3_NS,NONE,0.007,0.0
3575,304Nvl_L1_EW,304NVL_EW,0.025,0.025
3575,304Nvl_L2_EW,304NVL_EW,0.015,0.015
3575,304Nvl_L1_NS,NONE,0.073,0.0
3575,32Nvl_L1_NS,32NVL_NS,0.007,-0.042
3575,32Nvl_L1_EW,32NVL_EW,0.007,-0.017
3575,32Nvl_L2_EW,32NVL_EW,0.008,-0.011
3575,32Nvl_L1_EW,32NVL_EW,0.007,-0.018
3575,32Nvl_L2_EW,32NVL_EW,0.007,-0.012
3575,NvcNvl_L1_NS,NVCNVL_NS,0.007,0.002
3575,32Mt_L1_EW,32MT_EW,0.035,0.03
3575,NvcMt_L1_NS,NVCMT_NS,0.007,0.007
3575,304Nvl_L2_NS,304NVL_NS,0.008,0.008
3575,304Nvl_L3_EW,NONE,0.013,0.0
3575,32Nvl_L2_NS,32NVL_NS,0.007,0.001
3575,32Nvl_L3_EW,NONE,0.006,0.0
3575,32Nvl_L3_EW,NONE,0.006,0.0
3575,32Mt_L2_EW,32MT_EW,0.027,0.022
3575,NvcMt_L2_NS,NVCMT_NS,0.005,0.005
3575,304Thn_L1_NS,304THN_NS,0.008,0.008
3580,304Thn_L2_NS,304THN_NS,0.009,0.009
3580,304Nvl_L1_NS,304NVL_NS,0.054,0.054
3580,304Nvl_L3_NS,NONE,0.007,0.0
3580,304Nvl_L1_EW,304NVL_EW,0.008,0.008
3580,304Nvl_L2_EW,304NVL_EW,0.007,0.007
3580,304Nvl_L1_EW,NONE,0.008,0.0
3580,304Nvl_L1_NS,NONE,0.015,0.0
3580,304Nvl_L2_EW,NONE,0.009,0.0
3580,NvcNvl_L3_NS,NONE,0.007,0.0
3580,NvcNvl_L2_NS,NONE,0.007,0.0
3580,NvcNvl_L1_NS,NVCNVL_NS,0.007,0.007
3580,32Mt_L1_EW,32MT_EW,0.035,0.035
3580,32Mt_L1_NS,NONE,0.117,0.0
3580,NvcMt_L1_NS,NVCMT_NS,0.007,0.007
3580,NvcCmt8_L2_NS,NONE,0.011,0.0
3580,NvcCmt8_L1_NS,NONE,0.008,0.0
3580,304Nvl_L2_NS,304NVL_NS,0.008,0.008
3580,304Nvl_L3_EW,NONE,0.006,0.0
3580,304Nvl_L3_EW,NONE,0.008,0.0
3580,NvcNvl_L1_NS,NONE,0.009,0.0
3580,32Mt_L2_EW,32MT_EW,0.027,0.027
3580,32Mt_L2_NS,NONE,0.104,0.0
3580,NvcMt_L2_NS,NVCMT_NS,0.005,0.005
3580,304Thn_L1_NS,304THN_NS,0.008,0.008
3585,304Thn_L2_NS,304THN_NS,0.009,0.009
3585,304Nvl_L1_NS,304NVL_NS,0.009,0.009
3585,304Nvl_L3_NS,NONE,0.007,0.0
3585,304Nvl_L1_EW,304NVL_EW,0.008,0.008
3585,304Nvl_L1_NS,NONE,0.007,0.0
3585,32Nvl_L1_EW,32NVL_EW,0.014,0.009
3585,32Nvl_L2_EW,32NVL_EW,0.015,0.012
3585,32Nvl_L3_NS,NONE,0.008,0.0
3585,32Nvl_L2_NS,32NVL_NS,0.008,0.003
3585,32Mt_L1_EW,NONE,0.036,0.0
3585,32Mt_L1_EW,32MT_EW,0.007,-0.003
3585,32Mt_L1_NS,NONE,0.137,0.0
3585,NvcMt_L1_NS,NVCMT_NS,0.007,0.007
3585,304Nvl_L2_NS,304NVL_NS,0.008,0.002
3585,32Nvl_L3_EW,NONE,0.013,0.0
3585,32Nvl_L1_NS,32NVL_NS,0.013,0.007
3585,32Mt_L2_EW,32MT_EW,0.005,-0.005
3585,32Mt_L2_NS,NONE,0.121,0.0
3585,NvcMt_L2_NS,NVCMT_NS,0.005,0.005
3585,304Thn_L1_NS,304THN_NS,0.008,0.008
3590,32Nvl_L1_NS,32NVL_NS,0.007,0.007
3590,32Nvl_L1_EW,32NVL_EW,0.007,0.007
3590,32Nvl_L2_EW,32NVL_EW,0.008,0.008
3590,32Nvl_L3_NS,NONE,0.008,0.0
3590,32Nvl_L2_NS,32NVL_NS,0.008,0.008
3590,NvcNvl_L1_EW,NVCNVL_EW,0.007,0.007
3590,32Mt_L1_NS,32MT_NS,0.031,0.031
3590,32Nvl_L2_NS,32NVL_NS,0.007,0.007
3590,32Nvl_L3_EW,NONE,0.006,0.0
3590,32Nvl_L1_NS,32NVL_NS,0.02,0.02
3590,304Thn_L1_NS,304THN_NS,0.008,0.008
3595,304Nvl_L1_EW,304NVL_EW,0.008,0.008
3595,304Nvl_L1_NS,NONE,0.007,0.0
3595,304Nvl_L3_NS,NONE,0.008,0.0
3595,32Nvl_L3_NS,NONE,0.007,0.0
3595,32Nvl_L1_NS,32NVL_NS,0.007,0.007
3595,32Nvl_L1_EW,32NVL_EW,0.007,-0.003
3595,32Nvl_L2_EW,32NVL_EW,0.008,0.008
3595,NvcNvl_L3_NS,NONE,0.014,0.0
3595,NvcNvl_L2_NS,NONE,0.013,0.0
3595,NvcNvl_L1_EW,NVCNVL_EW,0.099,0.099
3595,NvcNvl_L2_EW,NVCNVL_EW,0.102,0.102
3595,32Mt_L1_NS,32MT_NS,0.107,0.107
3595,32Mt_L1_EW,32MT_EW,0.014,0.009
3595,32Thn_L1_EW,NONE,0.116,0.0
3595,32Thn_L2_EW,NONE,0.121,0.0
3595,32Thn_L3_EW,NONE,0.083,0.0
3595,304Nvl_L2_NS,NONE,0.007,0.0
3595,32Nvl_L2_NS,32NVL_NS,0.007,0.007
3595,32Nvl_L3_EW,NONE,0.006,0.0
3595,32Nvl_L1_NS,32NVL_NS,0.013,0.013
3595,NvcNvl_L1_NS,NONE,0.017,0.0
3595,NvcNvl_L3_EW,NONE,0.121,0.0
