Time_Seconds,Lane_ID,Phase_ID,Density_Phi,Pressure_W
20,NvcCmt8_L2_NS,NONE,0.011,0.0
20,NvcCmt8_L1_NS,NONE,0.008,0.0
25,NvcCmt8_L2_EW,NVCCMT8_EW,0.005,0.005
25,NvcCmt8_L1_EW,NVCCMT8_EW,0.008,0.008
30,NvcCmt8_L2_EW,NVCCMT8_EW,0.005,0.005
30,NvcCmt8_L1_EW,NVCCMT8_EW,0.008,0.008
35,NvcCmt8_L2_EW,NVCCMT8_EW,0.005,0.005
35,NvcCmt8_L1_EW,NVCCMT8_EW,0.008,0.008
40,NvcCmt8_L2_EW,NVCCMT8_EW,0.005,0.005
40,NvcCmt8_L1_EW,NVCCMT8_EW,0.008,0.008
50,32Mt_L1_NS,32MT_NS,0.006,0.006
50,32Mt_L2_NS,32MT_NS,0.006,0.006
55,NvcNvl_L1_EW,NVCNVL_EW,0.007,0.007
55,NvcNvl_L2_EW,NVCNVL_EW,0.008,0.008
55,NvcNvl_L3_EW,NONE,0.009,0.0
60,304Nvl_L1_EW,304NVL_EW,0.008,0.008
60,304Nvl_L2_EW,304NVL_EW,0.007,0.007
60,32Mt_L1_EW,NONE,0.007,0.0
60,304Nvl_L3_EW,NONE,0.006,0.0
65,NvcNvl_L3_NS,NONE,0.007,0.0
65,NvcNvl_L2_NS,NONE,0.007,0.0
65,NvcNvl_L1_NS,NONE,0.009,0.0
70,304Nvl_L1_NS,304NVL_NS,0.109,0.109
70,304Nvl_L3_NS,NONE,0.089,0.0
70,304Nvl_L1_NS,NONE,0.007,0.0
70,NvcNvl_L3_NS,NONE,0.007,0.0
70,NvcNvl_L2_NS,NONE,0.007,0.0
70,304Nvl_L2_NS,304NVL_NS,0.091,0.091
70,NvcNvl_L1_NS,NONE,0.009,0.0
75,304Nvl_L1_NS,304NVL_NS,0.109,0.109
75,304Nvl_L3_NS,NONE,0.089,0.0
75,32Mt_L1_NS,32MT_NS,0.031,0.031
75,304Nvl_L2_NS,304NVL_NS,0.091,0.091
75,32Mt_L2_NS,32MT_NS,0.032,0.032
80,304Nvl_L1_NS,304NVL_NS,0.109,0.109
80,304Nvl_L3_NS,NONE,0.089,0.0
80,32Mt_L1_NS,32MT_NS,0.031,0.031
80,NvcMt_L2_NS,NONE,0.005,0.0
80,304Nvl_L2_NS,304NVL_NS,0.091,0.091
80,32Mt_L2_NS,32MT_NS,0.032,0.032
80,NvcMt_L1_NS,NONE,0.005,0.0
85,304Nvl_L1_NS,304NVL_NS,0.109,0.109
85,304Nvl_L3_NS,NONE,0.089,0.0
85,32Mt_L1_NS,32MT_NS,0.031,0.031
85,304Nvl_L2_NS,304NVL_NS,0.091,0.091
85,32Mt_L2_NS,32MT_NS,0.032,0.032
90,304Nvl_L1_NS,304NVL_NS,0.109,0.104
90,304Nvl_L3_NS,NONE,0.089,0.0
90,32Nvl_L1_NS,32NVL_NS,0.007,-0.069
90,32Mt_L1_NS,32MT_NS,0.031,0.031
90,304Nvl_L2_NS,304NVL_NS,0.091,0.091
90,32Nvl_L2_NS,32NVL_NS,0.007,-0.057
90,32Mt_L2_NS,32MT_NS,0.032,0.032
95,304Nvl_L1_NS,304NVL_NS,0.118,0.113
95,304Nvl_L3_NS,NONE,0.096,0.0
95,32Nvl_L1_NS,32NVL_NS,0.007,-0.075
95,32Mt_L1_NS,32MT_NS,0.031,0.031
95,304Nvl_L2_NS,304NVL_NS,0.099,0.099
95,32Nvl_L2_NS,32NVL_NS,0.007,-0.062
95,32Mt_L2_NS,32MT_NS,0.032,0.032
100,304Nvl_L1_NS,304NVL_NS,0.118,0.113
100,304Nvl_L3_NS,NONE,0.096,0.0
100,32Nvl_L1_NS,32NVL_NS,0.007,-0.075
100,32Nvl_L1_EW,32NVL_EW,0.007,0.001
100,32Nvl_L2_EW,32NVL_EW,0.008,0.002
100,NvcNvl_L3_NS,NONE,0.007,0.0
100,NvcNvl_L2_NS,NONE,0.007,0.0
100,32Mt_L1_NS,32MT_NS,0.006,0.006
100,NvcMt_L1_EW,NVCMT_EW,0.006,0.006
100,32Thn_L1_EW,32THN_EW,0.008,0.003
100,32Thn_L2_EW,32THN_EW,0.008,0.003
100,32Thn_L3_EW,NONE,0.008,0.0
100,304Nvl_L2_NS,304NVL_NS,0.099,0.099
100,32Nvl_L2_NS,32NVL_NS,0.007,-0.062
100,32Nvl_L3_EW,NONE,0.006,0.0
100,NvcNvl_L1_NS,NONE,0.009,0.0
100,NvcMt_L2_EW,NVCMT_EW,0.008,0.008
105,304Nvl_L1_NS,304NVL_NS,0.118,0.113
105,304Nvl_L3_NS,NONE,0.096,0.0
105,32Nvl_L1_NS,32NVL_NS,0.007,-0.075
105,32Mt_L1_NS,32MT_NS,0.006,0.006
105,32Thn_L1_EW,NONE,0.01,0.0
105,304Nvl_L2_NS,304NVL_NS,0.099,0.099
105,32Nvl_L2_NS,32NVL_NS,0.007,-0.062
105,32Mt_L2_NS,32MT_NS,0.006,0.006
110,304Nvl_L1_NS,304NVL_NS,0.118,0.113
110,304Nvl_L3_NS,NONE,0.096,0.0
110,32Nvl_L1_NS,32NVL_NS,0.007,-0.075
110,32Mt_L1_NS,32MT_NS,0.006,0.006
110,32Mt_L1_EW,NONE,0.036,0.0
110,304Nvl_L2_NS,304NVL_NS,0.099,0.099
110,32Nvl_L2_NS,32NVL_NS,0.007,-0.062
110,32Mt_L2_NS,32MT_NS,0.006,0.006
115,304Nvl_L1_NS,304NVL_NS,0.109,0.109
115,32Mt_L1_NS,32MT_NS,0.006,0.006
115,32Mt_L1_EW,NONE,0.036,0.0
115,32Mt_L1_NS,NONE,0.01,0.0
115,32Mt_L2_NS,32MT_NS,0.006,0.006
115,32Mt_L2_NS,NONE,0.009,0.0
120,304Nvl_L1_EW,304NVL_EW,0.008,0.008
120,NvcMt_L2_NS,NONE,0.005,0.0
120,NvcMt_L1_NS,NONE,0.005,0.0
125,304Nvl_L1_EW,304NVL_EW,0.11,0.11
125,NvcNvl_L3_NS,NONE,0.034,0.0
125,NvcNvl_L2_NS,NONE,0.033,0.0
125,NvcNvl_L1_NS,NONE,0.044,0.0
130,304Nvl_L1_NS,304NVL_NS,0.009,0.009
130,304Nvl_L3_NS,NONE,0.007,0.0
130,304Nvl_L1_EW,304NVL_EW,0.102,0.102
130,32Mt_L1_EW,32MT_EW,0.014,0.014
130,304Nvl_L2_NS,304NVL_NS,0.008,0.008
135,304Nvl_L1_EW,304NVL_EW,0.102,0.102
135,NvcNvl_L1_EW,NVCNVL_EW,0.042,0.042
135,NvcNvl_L2_EW,NVCNVL_EW,0.008,0.008
135,32Mt_L1_EW,32MT_EW,0.014,0.014
135,NvcNvl_L3_EW,NONE,0.009,0.0
135,32Mt_L2_EW,32MT_EW,0.005,0.005
140,304Nvl_L1_NS,304NVL_NS,0.009,0.009
140,304Nvl_L3_NS,NONE,0.007,0.0
140,304Nvl_L1_EW,304NVL_EW,0.008,0.008
140,32Nvl_L3_NS,NONE,0.008,0.0
140,32Nvl_L2_NS,32NVL_NS,0.008,0.003
140,NvcNvl_L1_EW,NVCNVL_EW,0.042,0.042
140,NvcNvl_L2_EW,NVCNVL_EW,0.008,0.006
140,32Mt_L1_EW,32MT_EW,0.014,0.014
140,NvcMt_L2_EW,NVCMT_EW,0.003,-0.003
140,NvcCmt8_L2_NS,NONE,0.011,0.0
140,NvcCmt8_L1_NS,NONE,0.008,0.0
140,304Nvl_L2_NS,304NVL_NS,0.008,0.002
140,32Nvl_L1_NS,32NVL_NS,0.007,0.0
140,NvcNvl_L3_EW,NONE,0.009,0.0
140,32Mt_L2_EW,32MT_EW,0.005,0.005
140,NvcMt_L1_EW,NVCMT_EW,0.006,-0.024
145,304Nvl_L1_EW,304NVL_EW,0.008,0.008
145,NvcNvl_L1_EW,NVCNVL_EW,0.042,0.042
145,NvcNvl_L2_EW,NVCNVL_EW,0.008,0.006
145,NvcMt_L2_EW,NVCMT_EW,0.003,-0.003
145,NvcNvl_L3_EW,NONE,0.009,0.0
145,NvcMt_L1_EW,NVCMT_EW,0.006,-0.024
150,304Nvl_L1_NS,NONE,0.007,0.0
150,NvcNvl_L1_EW,NVCNVL_EW,0.007,0.007
150,NvcNvl_L2_EW,NVCNVL_EW,0.008,0.006
150,NvcMt_L2_NS,NONE,0.005,0.0
150,NvcMt_L2_EW,NVCMT_EW,0.003,-0.003
150,NvcCmt8_L2_EW,NONE,0.007,0.0
150,NvcNvl_L3_EW,NONE,0.009,0.0
150,NvcMt_L1_NS,NONE,0.005,0.0
150,NvcMt_L1_EW,NVCMT_EW,0.006,0.001
150,NvcCmt8_L1_EW,NONE,0.006,0.0
155,32Nvl_L1_EW,32NVL_EW,0.007,0.007
155,32Nvl_L2_EW,32NVL_EW,0.007,0.007
155,NvcNvl_L1_EW,NVCNVL_EW,0.007,0.007
155,NvcNvl_L2_EW,NVCNVL_EW,0.008,0.008
155,32Nvl_L3_EW,NONE,0.006,0.0
155,NvcNvl_L3_EW,NONE,0.009,0.0
160,32Nvl_L1_EW,32NVL_EW,0.007,0.007
160,32Nvl_L2_EW,32NVL_EW,0.007,0.007
160,NvcNvl_L1_EW,NVCNVL_EW,0.007,0.007
160,NvcNvl_L2_EW,NVCNVL_EW,0.008,0.008
160,32Nvl_L3_EW,NONE,0.006,0.0
160,NvcNvl_L3_EW,NONE,0.009,0.0
165,32Nvl_L1_EW,32NVL_EW,0.007,0.007
165,32Nvl_L2_EW,32NVL_EW,0.007,0.007
165,NvcNvl_L3_NS,NONE,0.007,0.0
165,NvcNvl_L2_NS,NONE,0.007,0.0
165,NvcNvl_L1_EW,NVCNVL_EW,0.007,0.007
165,NvcNvl_L2_EW,NVCNVL_EW,0.008,0.008
165,32Mt_L1_NS,NONE,0.01,0.0
165,32Nvl_L3_EW,NONE,0.006,0.0
165,NvcNvl_L1_NS,NONE,0.009,0.0
165,NvcNvl_L3_EW,NONE,0.009,0.0
165,32Mt_L2_NS,NONE,0.009,0.0
170,32Nvl_L1_EW,32NVL_EW,0.007,0.007
170,32Nvl_L2_EW,32NVL_EW,0.008,0.008
170,32Nvl_L1_EW,32NVL_EW,0.007,0.007
170,32Nvl_L2_EW,32NVL_EW,0.007,0.007
170,NvcNvl_L1_EW,NVCNVL_EW,0.007,0.007
170,NvcNvl_L2_EW,NVCNVL_EW,0.008,0.008
170,32Nvl_L3_EW,NONE,0.006,0.0
170,32Nvl_L3_EW,NONE,0.006,0.0
175,32Nvl_L3_NS,NONE,0.007,0.0
175,32Nvl_L1_NS,32NVL_NS,0.007,0.007
175,32Nvl_L1_EW,32NVL_EW,0.007,0.002
175,32Nvl_L2_EW,32NVL_EW,0.007,0.004
175,NvcNvl_L1_EW,NONE,0.011,0.0
175,NvcNvl_L2_EW,NONE,0.008,0.0
175,32Mt_L1_EW,32MT_EW,0.007,0.007
175,NvcCmt8_L2_EW,NVCCMT8_EW,0.005,0.005
175,32Nvl_L2_NS,32NVL_NS,0.007,0.007
175,32Nvl_L3_EW,NONE,0.006,0.0
175,32Mt_L2_EW,32MT_EW,0.005,0.005
175,NvcCmt8_L1_EW,NVCCMT8_EW,0.008,0.008
180,304Nvl_L1_EW,304NVL_EW,0.042,0.042
180,304Nvl_L2_EW,304NVL_EW,0.036,0.036
180,32Nvl_L1_NS,32NVL_NS,0.007,0.007
180,32Nvl_L1_EW,32NVL_EW,0.035,0.035
180,32Nvl_L2_EW,32NVL_EW,0.039,0.039
180,32Nvl_L2_NS,32NVL_NS,0.007,0.007
180,32Nvl_L3_EW,NONE,0.031,0.0
180,32Nvl_L1_NS,32NVL_NS,0.007,0.007
180,NvcCmt8_L1_EW,NONE,0.006,0.0
185,304Nvl_L1_EW,304NVL_EW,0.042,0.042
185,304Nvl_L2_EW,304NVL_EW,0.036,0.036
185,32Nvl_L1_NS,32NVL_NS,0.007,0.007
185,32Nvl_L3_NS,NONE,0.008,0.0
185,32Nvl_L2_NS,32NVL_NS,0.008,0.008
185,NvcMt_L2_NS,NONE,0.005,0.0
185,304Nvl_L3_EW,NONE,0.032,0.0
185,32Nvl_L2_NS,32NVL_NS,0.007,0.007
185,32Nvl_L1_NS,32NVL_NS,0.013,0.013
185,NvcMt_L1_NS,NONE,0.005,0.0
190,304Nvl_L1_EW,304NVL_EW,0.042,0.042
190,304Nvl_L2_EW,304NVL_EW,0.036,0.036
190,32Nvl_L1_NS,32NVL_NS,0.007,0.007
190,32Nvl_L1_EW,32NVL_EW,0.034,0.029
190,32Nvl_L3_NS,NONE,0.017,0.0
190,32Nvl_L2_NS,32NVL_NS,0.016,0.016
190,32Mt_L1_EW,32MT_EW,0.007,0.007
190,304Nvl_L3_EW,NONE,0.032,0.0
190,32Nvl_L2_NS,32NVL_NS,0.007,0.007
190,32Nvl_L1_NS,32NVL_NS,0.013,0.013
195,304Nvl_L1_EW,304NVL_EW,0.042,0.042
195,304Nvl_L2_EW,304NVL_EW,0.036,0.036
195,32Nvl_L1_NS,32NVL_NS,0.007,0.007
195,32Nvl_L3_NS,NONE,0.017,0.0
195,32Nvl_L2_NS,32NVL_NS,0.016,0.016
195,32Mt_L1_EW,32MT_EW,0.014,0.014
195,304Nvl_L3_EW,NONE,0.032,0.0
195,32Nvl_L2_NS,32NVL_NS,0.007,0.007
195,32Nvl_L1_NS,32NVL_NS,0.013,0.013
195,32Mt_L2_EW,32MT_EW,0.011,0.011
200,304Nvl_L1_EW,304NVL_EW,0.042,0.042
200,304Nvl_L2_EW,304NVL_EW,0.036,0.036
200,32Nvl_L1_NS,32NVL_NS,0.007,0.007
200,32Nvl_L3_NS,NONE,0.033,0.0
200,32Nvl_L2_NS,32NVL_NS,0.032,0.032
200,32Mt_L1_NS,NONE,0.01,0.0
200,304Nvl_L3_EW,NONE,0.032,0.0
200,32Nvl_L2_NS,32NVL_NS,0.007,0.007
200,32Nvl_L1_NS,32NVL_NS,0.027,0.027
205,304Thn_L1_EW,304THN_EW,0.008,-0.021
205,304Thn_L3_EW,NONE,0.008,0.0
205,304Nvl_L1_EW,304NVL_EW,0.042,0.037
205,304Nvl_L2_EW,304NVL_EW,0.036,0.031
205,32Nvl_L1_NS,32NVL_NS,0.007,0.007
205,32Nvl_L3_NS,NONE,0.042,0.0
205,32Nvl_L2_NS,32NVL_NS,0.039,0.039
205,32Mt_L1_EW,NONE,0.007,0.0
205,32Mt_L1_EW,32MT_EW,0.007,0.007
205,304Nvl_L3_EW,NONE,0.032,0.0
205,32Nvl_L2_NS,32NVL_NS,0.007,0.007
205,32Nvl_L1_NS,32NVL_NS,0.034,0.034
205,32Mt_L2_EW,32MT_EW,0.005,0.005
205,304Thn_L2_EW,304THN_EW,0.007,-0.018
210,304Nvl_L1_EW,304NVL_EW,0.042,0.042
210,304Nvl_L2_EW,304NVL_EW,0.036,0.036
210,32Nvl_L1_NS,32NVL_NS,0.007,0.007
210,32Nvl_L3_NS,NONE,0.05,0.0
210,32Nvl_L2_NS,32NVL_NS,0.047,0.047
210,32Mt_L1_NS,NONE,0.01,0.0
210,304Nvl_L3_EW,NONE,0.032,0.0
210,32Nvl_L2_NS,32NVL_NS,0.007,0.007
210,32Nvl_L1_NS,32NVL_NS,0.04,0.04
215,304Nvl_L1_EW,304NVL_EW,0.042,0.042
215,304Nvl_L2_EW,304NVL_EW,0.036,0.036
215,32Nvl_L1_NS,32NVL_NS,0.007,0.007
215,32Nvl_L3_NS,NONE,0.05,0.0
215,32Nvl_L2_NS,32NVL_NS,0.047,0.047
215,NvcNvl_L1_EW,NONE,0.128,0.0
215,NvcNvl_L2_EW,NONE,0.092,0.0
215,304Nvl_L3_EW,NONE,0.032,0.0
215,32Nvl_L2_NS,32NVL_NS,0.007,0.007
215,32Nvl_L1_NS,32NVL_NS,0.04,0.04
215,NvcNvl_L3_EW,NONE,0.076,0.0
220,32Nvl_L1_NS,32NVL_NS,0.007,0.007
220,32Nvl_L3_NS,NONE,0.05,0.0
220,32Nvl_L2_NS,32NVL_NS,0.047,0.047
220,NvcNvl_L3_NS,NONE,0.007,0.0
220,NvcNvl_L2_NS,NONE,0.007,0.0
220,NvcNvl_L1_EW,NONE,0.128,0.0
220,NvcNvl_L2_EW,NONE,0.092,0.0
220,32Mt_L1_EW,NONE,0.007,0.0
220,32Mt_L3_EW,NONE,0.009,0.0
220,32Nvl_L2_NS,32NVL_NS,0.007,0.007
220,32Nvl_L1_NS,32NVL_NS,0.04,0.04
220,NvcNvl_L1_NS,NONE,0.009,0.0
220,NvcNvl_L3_EW,NONE,0.076,0.0
220,32Mt_L2_EW,NONE,0.008,0.0
225,304Nvl_L1_NS,NONE,0.036,0.0
225,32Nvl_L1_NS,32NVL_NS,0.007,0.007
225,32Nvl_L1_EW,32NVL_EW,0.007,0.001
225,32Nvl_L2_EW,32NVL_EW,0.008,0.002
225,32Nvl_L3_NS,NONE,0.05,0.0
225,32Nvl_L2_NS,32NVL_NS,0.047,0.047
225,32Mt_L1_NS,32MT_NS,0.031,0.031
225,NvcMt_L2_NS,NONE,0.005,0.0
225,32Thn_L1_EW,32THN_EW,0.008,0.003
225,32Thn_L2_EW,32THN_EW,0.008,0.003
225,32Thn_L3_EW,NONE,0.008,0.0
225,32Nvl_L2_NS,32NVL_NS,0.007,0.007
225,32Nvl_L3_EW,NONE,0.006,0.0
225,32Nvl_L1_NS,32NVL_NS,0.04,0.04
225,32Mt_L2_NS,32MT_NS,0.032,0.032
225,NvcMt_L1_NS,NONE,0.005,0.0
230,304Nvl_L1_EW,304NVL_EW,0.008,0.008
230,304Nvl_L2_EW,304NVL_EW,0.007,0.007
230,304Nvl_L1_NS,NONE,0.036,0.0
230,32Nvl_L1_EW,32NVL_EW,0.007,-0.003
230,32Nvl_L2_EW,32NVL_EW,0.008,0.002
230,32Nvl_L3_NS,NONE,0.017,0.0
230,32Nvl_L2_NS,32NVL_NS,0.016,0.016
230,NvcNvl_L1_EW,NONE,0.011,0.0
230,NvcNvl_L2_EW,NONE,0.008,0.0
230,32Mt_L1_EW,32MT_EW,0.007,0.002
230,32Thn_L1_EW,32THN_EW,0.008,0.003
230,32Thn_L2_EW,32THN_EW,0.008,0.003
230,32Thn_L3_EW,NONE,0.008,0.0
230,304Nvl_L3_EW,NONE,0.006,0.0
230,32Nvl_L3_EW,NONE,0.006,0.0
230,32Nvl_L1_NS,32NVL_NS,0.013,0.013
235,304Nvl_L1_EW,304NVL_EW,0.008,0.008
235,304Nvl_L2_EW,304NVL_EW,0.007,0.007
235,32Nvl_L1_NS,32NVL_NS,0.007,0.007
235,32Nvl_L1_EW,32NVL_EW,0.007,-0.003
235,32Nvl_L2_EW,32NVL_EW,0.008,0.0
235,32Mt_L1_EW,NONE,0.036,0.0
235,32Mt_L1_EW,32MT_EW,0.014,0.009
235,NvcMt_L1_NS,NVCMT_NS,0.007,0.007
235,32Thn_L1_EW,NONE,0.01,0.0
235,304Nvl_L3_EW,NONE,0.006,0.0
235,32Nvl_L3_EW,NONE,0.006,0.0
235,32Nvl_L1_NS,32NVL_NS,0.007,0.007
235,32Mt_L2_EW,32MT_EW,0.011,0.005
235,NvcMt_L2_NS,NVCMT_NS,0.005,0.005
240,304Nvl_L1_EW,304NVL_EW,0.008,0.008
240,304Nvl_L2_EW,304NVL_EW,0.007,0.007
240,32Nvl_L1_EW,32NVL_EW,0.007,-0.003
240,32Nvl_L2_EW,32NVL_EW,0.008,0.0
240,NvcNvl_L3_NS,NONE,0.007,0.0
240,NvcNvl_L2_NS,NONE,0.007,0.0
240,32Mt_L1_EW,32MT_EW,0.014,0.009
240,32Thn_L1_EW,NONE,0.01,0.0
240,304Nvl_L3_EW,NONE,0.006,0.0
240,32Nvl_L3_EW,NONE,0.006,0.0
240,32Nvl_L1_NS,32NVL_NS,0.013,0.013
240,NvcNvl_L1_NS,NONE,0.009,0.0
240,32Mt_L2_EW,32MT_EW,0.011,0.005
245,32Nvl_L1_NS,32NVL_NS,0.007,0.007
245,32Nvl_L1_EW,32NVL_EW,0.007,0.002
245,32Nvl_L2_EW,32NVL_EW,0.008,0.004
245,32Mt_L1_EW,NONE,0.007,0.0
245,32Mt_L3_EW,NONE,0.009,0.0
245,32Mt_L1_EW,32MT_EW,0.007,0.002
245,32Nvl_L3_EW,NONE,0.006,0.0
245,32Nvl_L1_NS,32NVL_NS,0.007,0.007
245,32Mt_L2_EW,NONE,0.008,0.0
245,32Mt_L2_EW,32MT_EW,0.005,0.0
250,304Nvl_L1_NS,304NVL_NS,0.109,0.104
250,304Nvl_L3_NS,NONE,0.089,0.0
250,304Nvl_L1_EW,304NVL_EW,0.008,0.008
250,304Nvl_L2_EW,304NVL_EW,0.007,0.007
250,32Nvl_L1_NS,32NVL_NS,0.007,-0.069
250,32Nvl_L1_EW,32NVL_EW,0.007,0.002
250,32Nvl_L2_EW,32NVL_EW,0.008,0.004
250,NvcNvl_L1_EW,NONE,0.011,0.0
250,NvcNvl_L2_EW,NONE,0.008,0.0
250,32Mt_L1_EW,32MT_EW,0.007,0.002
250,32Thn_L1_EW,NONE,0.049,0.0
250,32Thn_L2_EW,NONE,0.051,0.0
250,32Thn_L3_EW,NONE,0.035,0.0
250,304Nvl_L2_NS,304NVL_NS,0.091,0.091
250,304Nvl_L3_EW,NONE,0.006,0.0
250,32Nvl_L3_EW,NONE,0.006,0.0
250,NvcNvl_L3_EW,NONE,0.006,0.0
250,32Mt_L2_EW,32MT_EW,0.005,0.0
255,304Nvl_L1_NS,304NVL_NS,0.109,0.109
255,304Nvl_L3_NS,NONE,0.089,0.0
255,304Nvl_L1_EW,304NVL_EW,0.042,0.042
255,304Nvl_L2_EW,304NVL_EW,0.036,0.036
255,32Nvl_L1_EW,32NVL_EW,0.007,-0.026
255,32Nvl_L2_EW,32NVL_EW,0.008,0.004
255,32Mt_L1_EW,32MT_EW,0.007,0.002
255,32Mt_L1_NS,NONE,0.01,0.0
255,NvcMt_L2_NS,NONE,0.005,0.0
255,NvcMt_L1_NS,NVCMT_NS,0.007,0.007
255,32Thn_L1_EW,32THN_EW,0.04,0.035
255,304Nvl_L2_NS,304NVL_NS,0.091,0.091
255,304Nvl_L3_EW,NONE,0.032,0.0
255,32Nvl_L3_EW,NONE,0.006,0.0
255,32Mt_L2_EW,32MT_EW,0.005,0.0
255,32Mt_L2_NS,NONE,0.009,0.0
255,NvcMt_L1_NS,NONE,0.005,0.0
255,NvcMt_L2_NS,NVCMT_NS,0.005,0.005
260,304Nvl_L1_NS,304NVL_NS,0.109,0.084
260,304Nvl_L3_NS,NONE,0.089,0.0
260,304Nvl_L1_EW,304NVL_EW,0.008,0.008
260,304Nvl_L1_NS,NONE,0.007,0.0
260,32Nvl_L1_NS,32NVL_NS,0.035,-0.041
260,32Nvl_L1_EW,32NVL_EW,0.007,-0.026
260,32Nvl_L2_EW,32NVL_EW,0.008,0.004
260,NvcNvl_L1_EW,NVCNVL_EW,0.007,0.003
260,32Mt_L1_EW,NONE,0.007,0.0
260,32Mt_L1_EW,32MT_EW,0.007,0.002
260,32Mt_L1_NS,NONE,0.01,0.0
260,NvcMt_L1_EW,NVCMT_EW,0.006,0.001
260,32Thn_L1_EW,32THN_EW,0.04,0.035
260,304Nvl_L2_NS,304NVL_NS,0.091,0.091
260,32Nvl_L2_NS,32NVL_NS,0.033,-0.03
260,32Nvl_L3_EW,NONE,0.006,0.0
260,32Mt_L2_EW,32MT_EW,0.005,0.0
260,NvcMt_L2_EW,NVCMT_EW,0.008,0.008
265,304Nvl_L1_NS,304NVL_NS,0.109,0.084
265,304Nvl_L3_NS,NONE,0.089,0.0
265,304Nvl_L1_EW,304NVL_EW,0.008,0.008
265,304Nvl_L2_EW,304NVL_EW,0.007,0.007
265,304Nvl_L1_EW,NONE,0.008,0.0
265,304Nvl_L1_NS,NONE,0.007,0.0
265,304Nvl_L3_NS,NONE,0.008,0.0
265,304Nvl_L2_EW,NONE,0.009,0.0
265,32Nvl_L1_NS,32NVL_NS,0.035,-0.041
265,32Nvl_L1_EW,32NVL_EW,0.007,-0.026
265,32Nvl_L2_EW,32NVL_EW,0.008,0.004
265,NvcNvl_L3_NS,NONE,0.007,0.0
265,NvcNvl_L2_NS,NONE,0.007,0.0
265,NvcNvl_L1_EW,NONE,0.011,0.0
265,NvcNvl_L2_EW,NONE,0.008,0.0
265,NvcNvl_L1_EW,NVCNVL_EW,0.007,-0.002
265,32Mt_L1_EW,32MT_EW,0.007,0.002
265,NvcMt_L1_EW,NVCMT_EW,0.013,0.008
265,32Thn_L1_EW,32THN_EW,0.04,0.035
265,304Nvl_L2_NS,304NVL_NS,0.091,0.091
265,304Nvl_L3_EW,NONE,0.006,0.0
265,304Nvl_L3_EW,NONE,0.008,0.0
265,304Nvl_L2_NS,NONE,0.007,0.0
265,32Nvl_L2_NS,32NVL_NS,0.033,-0.03
265,32Nvl_L3_EW,NONE,0.006,0.0
265,NvcNvl_L1_NS,NONE,0.009,0.0
265,NvcNvl_L3_EW,NONE,0.006,0.0
265,32Mt_L2_EW,32MT_EW,0.005,0.0
265,NvcMt_L2_EW,NVCMT_EW,0.016,0.016
270,304Nvl_L1_NS,304NVL_NS,0.109,0.109
270,304Nvl_L3_NS,NONE,0.089,0.0
270,304Nvl_L1_EW,304NVL_EW,0.017,0.017
270,304Nvl_L2_EW,304NVL_EW,0.015,0.015
270,32Nvl_L1_EW,32NVL_EW,0.007,0.002
270,32Nvl_L2_EW,32NVL_EW,0.008,0.004
270,NvcNvl_L1_EW,NVCNVL_EW,0.007,0.003
270,32Mt_L1_EW,NONE,0.007,0.0
270,32Mt_L3_EW,NONE,0.009,0.0
270,32Mt_L1_EW,32MT_EW,0.007,0.002
270,32Mt_L1_NS,NONE,0.01,0.0
270,NvcMt_L1_EW,NVCMT_EW,0.006,0.001
270,NvcMt_L2_EW,NVCMT_EW,0.003,0.003
270,304Nvl_L2_NS,304NVL_NS,0.091,0.091
270,304Nvl_L3_EW,NONE,0.013,0.0
270,32Nvl_L3_EW,NONE,0.006,0.0
270,32Mt_L2_EW,NONE,0.008,0.0
270,32Mt_L2_EW,32MT_EW,0.005,0.0
270,32Mt_L2_NS,NONE,0.009,0.0
270,NvcMt_L2_EW,NVCMT_EW,0.008,0.008
270,NvcMt_L1_EW,NVCMT_EW,0.006,0.001
275,304Nvl_L1_NS,304NVL_NS,0.109,0.109
275,304Nvl_L3_NS,NONE,0.089,0.0
275,304Nvl_L1_EW,304NVL_EW,0.017,0.017
275,304Nvl_L1_NS,NONE,0.007,0.0
275,32Nvl_L1_EW,32NVL_EW,0.007,0.002
275,32Nvl_L2_EW,32NVL_EW,0.008,0.004
275,NvcNvl_L3_NS,NONE,0.014,0.0
275,NvcNvl_L2_NS,NONE,0.013,0.0
275,32Mt_L1_EW,NONE,0.007,0.0
275,32Mt_L1_EW,32MT_EW,0.007,0.002
275,NvcMt_L2_NS,NONE,0.005,0.0
275,NvcMt_L2_EW,NVCMT_EW,0.003,0.003
275,304Nvl_L2_NS,304NVL_NS,0.091,0.091
275,32Nvl_L3_EW,NONE,0.006,0.0
275,32Nvl_L1_NS,32NVL_NS,0.034,-0.042
275,NvcNvl_L1_NS,NONE,0.017,0.0
275,32Mt_L2_EW,32MT_EW,0.005,0.0
275,NvcMt_L1_NS,NONE,0.005,0.0
275,NvcMt_L2_EW,NVCMT_EW,0.008,0.008
275,NvcMt_L1_EW,NVCMT_EW,0.006,0.006
280,304Nvl_L1_NS,304NVL_NS,0.109,0.109
280,304Nvl_L3_NS,NONE,0.089,0.0
280,304Nvl_L1_EW,304NVL_EW,0.008,0.008
280,304Nvl_L1_NS,NONE,0.007,0.0
280,304Nvl_L3_NS,NONE,0.008,0.0
280,32Nvl_L1_EW,32NVL_EW,0.007,0.002
280,32Nvl_L2_EW,32NVL_EW,0.008,0.004
280,32Mt_L1_NS,32MT_NS,0.006,0.006
280,32Mt_L1_EW,32MT_EW,0.007,0.002
280,304Nvl_L2_NS,304NVL_NS,0.091,0.091
280,304Nvl_L2_NS,NONE,0.007,0.0
280,32Nvl_L3_EW,NONE,0.006,0.0
280,32Mt_L2_EW,32MT_EW,0.005,0.0
285,304Nvl_L1_NS,304NVL_NS,0.109,0.08
285,304Nvl_L3_NS,NONE,0.089,0.0
285,32Nvl_L3_NS,NONE,0.034,0.0
285,32Nvl_L1_NS,32NVL_NS,0.042,-0.035
285,32Nvl_L1_EW,32NVL_EW,0.042,0.042
285,32Nvl_L2_EW,32NVL_EW,0.046,0.046
285,NvcNvl_L1_EW,NVCNVL_EW,0.007,0.007
285,304Nvl_L2_NS,304NVL_NS,0.091,0.091
285,32Nvl_L2_NS,32NVL_NS,0.04,-0.024
285,32Nvl_L3_EW,NONE,0.038,0.0
290,304Nvl_L1_NS,304NVL_NS,0.109,0.109
290,304Nvl_L3_NS,NONE,0.089,0.0
290,304Nvl_L1_EW,304NVL_EW,0.008,0.008
290,32Nvl_L1_EW,32NVL_EW,0.042,0.038
290,32Nvl_L2_EW,32NVL_EW,0.046,0.043
290,32Nvl_L3_NS,NONE,0.058,0.0
290,32Nvl_L2_NS,32NVL_NS,0.055,-0.008
290,32Mt_L1_NS,32MT_NS,0.006,0.006
290,32Mt_L1_EW,32MT_EW,0.007,-0.023
290,304Nvl_L2_NS,304NVL_NS,0.091,0.052
290,32Nvl_L3_EW,NONE,0.038,0.0
290,32Nvl_L1_NS,32NVL_NS,0.054,-0.022
290,32Mt_L2_EW,32MT_EW,0.005,-0.027
295,304Nvl_L1_NS,304NVL_NS,0.109,0.109
295,304Nvl_L3_NS,NONE,0.089,0.0
295,304Nvl_L1_EW,304NVL_EW,0.008,0.008
295,304Nvl_L2_EW,304NVL_EW,0.007,0.007
295,32Nvl_L1_EW,32NVL_EW,0.007,0.007
295,32Nvl_L2_EW,32NVL_EW,0.008,0.008
295,32Nvl_L1_EW,32NVL_EW,0.007,0.007
295,32Nvl_L2_EW,32NVL_EW,0.007,0.007
295,32Nvl_L3_NS,NONE,0.017,0.0
295,32Nvl_L2_NS,32NVL_NS,0.016,-0.048
295,32Mt_L1_NS,32MT_NS,0.006,0.006
295,32Mt_L1_NS,NONE,0.01,0.0
295,304Nvl_L2_NS,304NVL_NS,0.091,0.08
295,32Nvl_L3_EW,NONE,0.006,0.0
295,32Nvl_L3_EW,NONE,0.006,0.0
295,32Nvl_L1_NS,32NVL_NS,0.047,-0.029
295,32Mt_L2_NS,NONE,0.009,0.0
300,304Nvl_L1_NS,304NVL_NS,0.109,0.109
300,304Nvl_L3_NS,NONE,0.089,0.0
300,304Nvl_L1_EW,304NVL_EW,0.008,0.008
300,304Nvl_L2_EW,304NVL_EW,0.007,0.007
300,32Nvl_L1_EW,32NVL_EW,0.007,0.002
300,32Nvl_L2_EW,32NVL_EW,0.008,0.004
300,32Nvl_L1_EW,32NVL_EW,0.007,0.002
300,32Nvl_L2_EW,32NVL_EW,0.007,0.004
300,32Nvl_L3_NS,NONE,0.008,0.0
300,32Nvl_L2_NS,32NVL_NS,0.008,-0.056
300,NvcNvl_L3_NS,NONE,0.007,0.0
300,NvcNvl_L2_NS,NONE,0.007,0.0
300,NvcNvl_L1_EW,NVCNVL_EW,0.007,0.007
300,NvcNvl_L2_EW,NVCNVL_EW,0.008,0.008
300,32Mt_L1_NS,32MT_NS,0.006,0.006
300,32Mt_L1_EW,32MT_EW,0.007,0.002
300,32Mt_L1_NS,NONE,0.01,0.0
300,304Nvl_L2_NS,304NVL_NS,0.091,0.086
300,32Nvl_L3_EW,NONE,0.006,0.0
300,32Nvl_L3_EW,NONE,0.006,0.0
300,32Nvl_L1_NS,32NVL_NS,0.04,-0.036
300,NvcNvl_L1_NS,NONE,0.009,0.0
300,NvcNvl_L3_EW,NONE,0.009,0.0
300,32Mt_L2_EW,32MT_EW,0.005,0.0
300,32Mt_L2_NS,NONE,0.009,0.0
305,304Nvl_L1_NS,304NVL_NS,0.109,0.109
305,304Nvl_L3_NS,NONE,0.089,0.0
305,304Nvl_L1_EW,304NVL_EW,0.017,0.017
305,304Nvl_L2_EW,304NVL_EW,0.015,0.015
305,304Nvl_L1_NS,NONE,0.007,0.0
305,32Nvl_L1_EW,32NVL_EW,0.007,0.007
305,32Nvl_L2_EW,32NVL_EW,0.008,0.008
305,32Nvl_L1_EW,32NVL_EW,0.007,0.007
305,32Nvl_L2_EW,32NVL_EW,0.007,0.007
305,32Nvl_L3_NS,NONE,0.008,0.0
305,32Nvl_L2_NS,32NVL_NS,0.008,-0.056
305,NvcNvl_L3_NS,NONE,0.007,0.0
305,NvcNvl_L2_NS,NONE,0.007,0.0
305,NvcNvl_L1_EW,NONE,0.011,0.0
305,NvcNvl_L2_EW,NONE,0.008,0.0
305,32Mt_L1_NS,32MT_NS,0.006,0.006
305,32Mt_L1_NS,NONE,0.01,0.0
305,304Nvl_L2_NS,304NVL_NS,0.091,0.086
305,304Nvl_L3_EW,NONE,0.013,0.0
305,32Nvl_L3_EW,NONE,0.006,0.0
305,32Nvl_L3_EW,NONE,0.006,0.0
305,32Nvl_L1_NS,32NVL_NS,0.007,-0.069
305,NvcNvl_L1_NS,NONE,0.009,0.0
305,NvcNvl_L3_EW,NONE,0.006,0.0
305,32Mt_L2_NS,NONE,0.009,0.0
310,304Nvl_L1_NS,304NVL_NS,0.109,0.109
310,304Nvl_L3_NS,NONE,0.089,0.0
310,304Nvl_L1_EW,304NVL_EW,0.017,0.017
310,304Nvl_L2_EW,304NVL_EW,0.015,0.015
310,32Nvl_L1_EW,32NVL_EW,0.007,0.007
310,32Nvl_L2_EW,32NVL_EW,0.008,0.008
310,32Nvl_L1_EW,32NVL_EW,0.007,0.007
310,32Nvl_L2_EW,32NVL_EW,0.007,0.007
310,NvcNvl_L3_NS,NONE,0.007,0.0
310,NvcNvl_L2_NS,NONE,0.007,0.0
310,NvcNvl_L1_EW,NONE,0.011,0.0
310,NvcNvl_L2_EW,NONE,0.008,0.0
310,NvcNvl_L1_EW,NVCNVL_EW,0.007,0.007
310,NvcNvl_L2_EW,NVCNVL_EW,0.008,0.008
310,32Mt_L1_NS,32MT_NS,0.013,0.013
310,32Mt_L1_EW,NONE,0.007,0.0
310,32Mt_L3_EW,NONE,0.009,0.0
310,304Nvl_L2_NS,304NVL_NS,0.091,0.091
310,304Nvl_L3_EW,NONE,0.013,0.0
310,32Nvl_L3_EW,NONE,0.006,0.0
310,32Nvl_L3_EW,NONE,0.006,0.0
310,32Nvl_L1_NS,32NVL_NS,0.007,-0.069
310,NvcNvl_L1_NS,NONE,0.009,0.0
310,NvcNvl_L3_EW,NONE,0.009,0.0
310,32Mt_L2_EW,NONE,0.008,0.0
315,304Nvl_L1_NS,304NVL_NS,0.109,0.104
315,304Nvl_L3_NS,NONE,0.089,0.0
315,304Nvl_L1_EW,304NVL_EW,0.059,0.059
315,304Nvl_L2_EW,304NVL_EW,0.044,0.044
315,304Nvl_L1_EW,NONE,0.008,0.0
315,32Nvl_L1_NS,32NVL_NS,0.007,-0.069
315,32Nvl_L1_EW,32NVL_EW,0.014,0.009
315,32Nvl_L2_EW,32NVL_EW,0.015,0.012
315,32Nvl_L1_EW,32NVL_EW,0.007,0.002
315,32Nvl_L2_EW,32NVL_EW,0.007,0.004
315,NvcNvl_L1_EW,NVCNVL_EW,0.035,0.035
315,NvcNvl_L2_EW,NVCNVL_EW,0.039,0.039
315,32Mt_L1_NS,32MT_NS,0.006,0.006
315,32Mt_L1_EW,32MT_EW,0.007,-0.003
315,NvcMt_L2_NS,NONE,0.005,0.0
315,304Nvl_L2_NS,304NVL_NS,0.091,0.091
315,304Nvl_L3_EW,NONE,0.038,0.0
315,32Nvl_L3_EW,NONE,0.006,0.0
315,32Nvl_L3_EW,NONE,0.013,0.0
315,NvcNvl_L3_EW,NONE,0.047,0.0
315,32Mt_L2_EW,32MT_EW,0.005,-0.005
315,NvcMt_L1_NS,NONE,0.005,0.0
320,304Nvl_L1_NS,304NVL_NS,0.109,0.104
320,304Nvl_L3_NS,NONE,0.089,0.0
320,304Nvl_L1_EW,304NVL_EW,0.017,0.017
320,304Nvl_L2_EW,304NVL_EW,0.007,0.007
320,304Nvl_L1_NS,NONE,0.007,0.0
320,32Nvl_L1_NS,32NVL_NS,0.007,-0.069
320,32Nvl_L1_EW,32NVL_EW,0.007,0.002
320,32Nvl_L2_EW,32NVL_EW,0.008,0.004
320,32Mt_L1_EW,32MT_EW,0.007,0.002
320,NvcCmt8_L2_EW,NVCCMT8_EW,0.005,0.005
320,304Nvl_L2_NS,304NVL_NS,0.091,0.091
320,304Nvl_L3_EW,NONE,0.006,0.0
320,32Mt_L2_EW,32MT_EW,0.005,0.0
320,NvcMt_L1_NS,NONE,0.005,0.0
320,NvcCmt8_L1_EW,NVCCMT8_EW,0.008,0.008
325,304Nvl_L1_NS,304NVL_NS,0.154,0.149
325,304Nvl_L3_NS,NONE,0.089,0.0
325,304Nvl_L1_NS,NONE,0.007,0.0
325,32Nvl_L1_NS,32NVL_NS,0.007,-0.101
325,NvcNvl_L3_NS,NONE,0.007,0.0
325,NvcNvl_L2_NS,NONE,0.007,0.0
325,32Mt_L1_NS,NONE,0.01,0.0
325,NvcMt_L2_NS,NONE,0.005,0.0
325,304Nvl_L2_NS,304NVL_NS,0.091,0.091
325,32Nvl_L1_NS,32NVL_NS,0.007,-0.101
325,NvcNvl_L1_NS,NONE,0.009,0.0
325,32Mt_L2_NS,NONE,0.009,0.0
325,NvcMt_L1_NS,NONE,0.005,0.0
325,NvcCmt8_L1_EW,NONE,0.006,0.0
330,304Nvl_L1_NS,304NVL_NS,0.154,0.144
330,304Nvl_L3_NS,NONE,0.089,0.0
330,304Nvl_L1_NS,NONE,0.007,0.0
330,32Nvl_L1_NS,32NVL_NS,0.014,-0.094
330,32Nvl_L3_NS,NONE,0.008,0.0
330,32Nvl_L2_NS,32NVL_NS,0.008,-0.056
330,32Mt_L1_EW,32MT_EW,0.007,0.007
330,304Nvl_L2_NS,304NVL_NS,0.091,0.086
330,32Nvl_L2_NS,32NVL_NS,0.007,-0.057
330,32Nvl_L1_NS,32NVL_NS,0.013,-0.094
330,32Mt_L2_EW,32MT_EW,0.005,0.005
335,304Nvl_L1_NS,304NVL_NS,0.154,0.149
335,304Nvl_L3_NS,NONE,0.089,0.0
335,32Nvl_L1_NS,32NVL_NS,0.007,-0.101
335,32Nvl_L3_NS,NONE,0.008,0.0
335,32Nvl_L2_NS,32NVL_NS,0.008,-0.056
335,NvcNvl_L1_EW,NVCNVL_EW,0.014,0.01
335,NvcNvl_L2_EW,NVCNVL_EW,0.008,0.008
335,32Mt_L1_EW,32MT_EW,0.007,0.007
335,NvcMt_L1_EW,NVCMT_EW,0.006,-0.004
335,304Nvl_L2_NS,304NVL_NS,0.091,0.086
335,32Nvl_L2_NS,32NVL_NS,0.007,-0.057
335,32Nvl_L1_NS,32NVL_NS,0.007,-0.101
335,NvcNvl_L3_EW,NONE,0.009,0.0
335,32Mt_L2_EW,32MT_EW,0.005,0.005
335,NvcMt_L2_EW,NVCMT_EW,0.008,0.002
340,304Nvl_L1_NS,304NVL_NS,0.109,0.104
340,304Nvl_L1_EW,304NVL_EW,0.008,0.008
340,304Nvl_L2_EW,304NVL_EW,0.007,0.007
340,32Nvl_L1_NS,32NVL_NS,0.007,-0.069
340,32Nvl_L3_NS,NONE,0.008,0.0
340,32Nvl_L2_NS,32NVL_NS,0.008,-0.056
340,NvcNvl_L1_EW,NVCNVL_EW,0.007,0.003
340,NvcNvl_L2_EW,NVCNVL_EW,0.008,0.008
340,32Mt_L1_NS,32MT_NS,0.006,0.006
340,32Mt_L1_EW,32MT_EW,0.119,0.119
340,NvcMt_L1_EW,NVCMT_EW,0.006,0.001
340,NvcCmt8_L2_EW,NONE,0.007,0.0
340,32Thn_L1_EW,32THN_EW,0.008,0.008
340,32Thn_L2_EW,32THN_EW,0.008,0.008
340,32Thn_L3_EW,NONE,0.008,0.0
340,304Nvl_L2_NS,304NVL_NS,0.091,0.086
340,304Nvl_L3_EW,NONE,0.006,0.0
340,32Nvl_L2_NS,32NVL_NS,0.007,-0.057
340,32Nvl_L1_NS,32NVL_NS,0.007,-0.069
340,NvcNvl_L3_EW,NONE,0.009,0.0
340,32Mt_L2_EW,32MT_EW,0.092,0.092
340,NvcMt_L2_EW,NVCMT_EW,0.008,0.002
340,NvcCmt8_L1_EW,NONE,0.006,0.0
345,304Nvl_L1_EW,304NVL_EW,0.008,0.008
345,304Nvl_L2_EW,304NVL_EW,0.007,0.007
345,304Nvl_L1_NS,NONE,0.007,0.0
345,304Nvl_L3_NS,NONE,0.008,0.0
345,32Nvl_L3_NS,NONE,0.007,0.0
345,32Nvl_L1_NS,32NVL_NS,0.014,0.014
345,NvcNvl_L1_EW,NVCNVL_EW,0.007,0.003
345,NvcNvl_L2_EW,NVCNVL_EW,0.008,0.008
345,32Mt_L1_EW,32MT_EW,0.119,0.119
345,NvcMt_L1_EW,NVCMT_EW,0.006,0.001
345,NvcCmt8_L2_EW,NONE,0.007,0.0
345,32Thn_L1_EW,32THN_EW,0.008,0.008
345,32Thn_L2_EW,32THN_EW,0.008,0.008
345,32Thn_L3_EW,NONE,0.008,0.0
345,304Nvl_L3_EW,NONE,0.006,0.0
345,304Nvl_L2_NS,NONE,0.007,0.0
345,32Nvl_L2_NS,32NVL_NS,0.007,0.007
345,NvcNvl_L3_EW,NONE,0.009,0.0
345,32Mt_L2_EW,32MT_EW,0.092,0.092
345,NvcMt_L2_EW,NVCMT_EW,0.008,0.002
345,NvcCmt8_L1_EW,NONE,0.006,0.0
350,304Nvl_L1_EW,304NVL_EW,0.008,0.008
350,304Nvl_L2_EW,304NVL_EW,0.007,0.007
350,304Nvl_L1_NS,NONE,0.007,0.0
350,32Nvl_L3_NS,NONE,0.007,0.0
350,32Nvl_L1_NS,32NVL_NS,0.007,0.007
350,NvcNvl_L1_EW,NONE,0.011,0.0
350,NvcNvl_L2_EW,NONE,0.008,0.0
350,NvcNvl_L1_EW,NVCNVL_EW,0.014,0.01
350,NvcNvl_L2_EW,NVCNVL_EW,0.016,0.016
350,32Mt_L1_EW,32MT_EW,0.119,0.119
350,NvcMt_L1_EW,NVCMT_EW,0.006,-0.004
350,32Thn_L1_EW,NONE,0.01,0.0
350,304Nvl_L3_EW,NONE,0.006,0.0
350,304Nvl_L2_NS,NONE,0.007,0.0
350,32Nvl_L2_NS,32NVL_NS,0.007,0.007
350,NvcNvl_L3_EW,NONE,0.006,0.0
350,NvcNvl_L3_EW,NONE,0.019,0.0
350,32Mt_L2_EW,32MT_EW,0.092,0.092
350,NvcMt_L2_EW,NVCMT_EW,0.008,-0.003
355,304Nvl_L1_EW,304NVL_EW,0.008,0.008
355,304Nvl_L2_EW,304NVL_EW,0.007,0.007
355,304Nvl_L1_NS,NONE,0.088,0.0
355,32Nvl_L1_NS,32NVL_NS,0.007,0.007
355,32Nvl_L1_EW,32NVL_EW,0.035,-0.048
355,32Nvl_L2_EW,32NVL_EW,0.039,-0.026
355,NvcNvl_L1_EW,NVCNVL_EW,0.014,0.01
355,NvcNvl_L2_EW,NVCNVL_EW,0.016,0.016
355,32Mt_L1_EW,32MT_EW,0.119,0.094
355,NvcMt_L2_NS,NONE,0.005,0.0
355,NvcMt_L1_EW,NVCMT_EW,0.006,-0.009
355,32Thn_L1_EW,NONE,0.01,0.0
355,304Nvl_L3_EW,NONE,0.006,0.0
355,32Nvl_L2_NS,32NVL_NS,0.007,0.007
355,32Nvl_L3_EW,NONE,0.031,0.0
355,32Nvl_L1_NS,32NVL_NS,0.007,0.007
355,NvcNvl_L3_EW,NONE,0.019,0.0
355,32Mt_L2_EW,32MT_EW,0.092,0.065
355,NvcMt_L1_NS,NONE,0.005,0.0
355,NvcMt_L2_EW,NVCMT_EW,0.008,-0.003
355,NvcCmt8_L1_EW,NVCCMT8_EW,0.008,0.003
360,304Nvl_L1_EW,304NVL_EW,0.017,0.017
360,304Nvl_L2_EW,304NVL_EW,0.007,0.007
360,304Nvl_L1_NS,NONE,0.095,0.0
360,304Nvl_L3_NS,NONE,0.008,0.0
360,32Nvl_L1_EW,32NVL_EW,0.035,-0.053
360,32Nvl_L2_EW,32NVL_EW,0.039,-0.032
360,NvcNvl_L3_NS,NONE,0.007,0.0
360,NvcNvl_L2_NS,NONE,0.007,0.0
360,NvcNvl_L1_EW,NVCNVL_EW,0.021,0.017
360,NvcNvl_L2_EW,NVCNVL_EW,0.016,0.016
360,32Mt_L1_EW,NONE,0.014,0.0
360,32Mt_L3_EW,NONE,0.018,0.0
360,32Mt_L1_EW,32MT_EW,0.119,0.094
360,NvcMt_L2_NS,NONE,0.005,0.0
360,NvcMt_L1_EW,NVCMT_EW,0.006,-0.008
360,32Thn_L1_EW,32THN_EW,0.008,-0.017
360,32Thn_L2_EW,32THN_EW,0.008,-0.019
360,32Thn_L3_EW,NONE,0.008,0.0
360,304Nvl_L3_EW,NONE,0.006,0.0
360,304Nvl_L2_NS,NONE,0.007,0.0
360,32Nvl_L3_EW,NONE,0.031,0.0
360,32Nvl_L1_NS,32NVL_NS,0.007,0.007
360,NvcNvl_L1_NS,NONE,0.009,0.0
360,NvcNvl_L3_EW,NONE,0.019,0.0
360,32Mt_L2_EW,NONE,0.015,0.0
360,32Mt_L2_EW,32MT_EW,0.092,0.065
360,NvcMt_L1_NS,NONE,0.005,0.0
360,NvcMt_L2_EW,NVCMT_EW,0.008,-0.003
365,304Nvl_L1_EW,304NVL_EW,0.025,0.025
365,304Nvl_L2_EW,304NVL_EW,0.015,0.015
365,32Nvl_L1_EW,32NVL_EW,0.035,-0.053
365,32Nvl_L2_EW,32NVL_EW,0.039,-0.032
365,NvcNvl_L1_EW,NVCNVL_EW,0.021,0.021
365,NvcNvl_L2_EW,NVCNVL_EW,0.016,0.016
365,32Mt_L1_NS,32MT_NS,0.006,0.006
365,32Mt_L1_EW,NONE,0.007,0.0
365,32Mt_L3_EW,NONE,0.009,0.0
365,32Mt_L1_EW,32MT_EW,0.119,0.094
365,32Thn_L1_EW,32THN_EW,0.008,-0.017
365,32Thn_L2_EW,32THN_EW,0.008,-0.019
365,32Thn_L3_EW,NONE,0.008,0.0
365,304Nvl_L3_EW,NONE,0.013,0.0
365,32Nvl_L3_EW,NONE,0.031,0.0
365,32Nvl_L1_NS,32NVL_NS,0.007,0.007
365,NvcNvl_L3_EW,NONE,0.019,0.0
365,32Mt_L2_NS,32MT_NS,0.006,0.006
365,32Mt_L2_EW,NONE,0.008,0.0
365,32Mt_L2_EW,32MT_EW,0.092,0.065
370,304Thn_L1_EW,NONE,0.007,0.0
370,304Thn_L2_EW,NONE,0.008,0.0
370,304Nvl_L1_EW,304NVL_EW,0.025,0.025
370,304Nvl_L2_EW,304NVL_EW,0.015,0.015
370,32Nvl_L1_EW,32NVL_EW,0.035,-0.053
370,32Nvl_L2_EW,32NVL_EW,0.039,-0.032
370,NvcNvl_L1_EW,NVCNVL_EW,0.021,0.021
370,NvcNvl_L2_EW,NVCNVL_EW,0.016,0.016
370,32Mt_L1_EW,NONE,0.007,0.0
370,32Mt_L3_EW,NONE,0.009,0.0
370,32Mt_L1_EW,32MT_EW,0.119,0.094
370,32Thn_L1_EW,32THN_EW,0.008,-0.017
370,32Thn_L2_EW,32THN_EW,0.008,-0.019
370,32Thn_L3_EW,NONE,0.008,0.0
370,304Nvl_L3_EW,NONE,0.013,0.0
370,32Nvl_L3_EW,NONE,0.031,0.0
370,NvcNvl_L3_EW,NONE,0.019,0.0
370,32Mt_L2_EW,NONE,0.008,0.0
370,32Mt_L2_EW,32MT_EW,0.092,0.065
370,304Thn_L3_EW,NONE,0.008,0.0
375,304Nvl_L1_EW,304NVL_EW,0.034,0.034
375,304Nvl_L2_EW,304NVL_EW,0.022,0.022
375,32Nvl_L1_EW,32NVL_EW,0.035,-0.058
375,32Nvl_L2_EW,32NVL_EW,0.039,-0.032
375,NvcNvl_L3_NS,NONE,0.007,0.0
375,NvcNvl_L2_NS,NONE,0.007,0.0
375,NvcNvl_L1_EW,NVCNVL_EW,0.021,0.021
375,NvcNvl_L2_EW,NVCNVL_EW,0.023,0.023
375,32Mt_L1_EW,32MT_EW,0.126,0.101
375,32Mt_L1_NS,NONE,0.01,0.0
375,NvcMt_L2_NS,NONE,0.005,0.0
375,32Thn_L1_EW,32THN_EW,0.008,-0.017
375,32Thn_L2_EW,32THN_EW,0.008,-0.019
375,32Thn_L3_EW,NONE,0.008,0.0
375,304Nvl_L3_EW,NONE,0.019,0.0
375,32Nvl_L3_EW,NONE,0.031,0.0
375,NvcNvl_L1_NS,NONE,0.009,0.0
375,NvcNvl_L3_EW,NONE,0.019,0.0
375,32Mt_L2_EW,32MT_EW,0.092,0.065
375,NvcMt_L1_NS,NONE,0.005,0.0
380,304Thn_L1_EW,304THN_EW,0.008,-0.015
380,304Nvl_L1_EW,304NVL_EW,0.034,0.028
380,304Nvl_L2_EW,304NVL_EW,0.029,0.029
380,32Nvl_L1_EW,32NVL_EW,0.035,-0.057
380,32Nvl_L2_EW,32NVL_EW,0.039,-0.03
380,NvcNvl_L1_EW,NONE,0.011,0.0
380,NvcNvl_L2_EW,NONE,0.008,0.0
380,NvcNvl_L1_EW,NVCNVL_EW,0.021,0.021
380,NvcNvl_L2_EW,NVCNVL_EW,0.023,0.023
380,32Mt_L1_EW,NONE,0.007,0.0
380,32Mt_L1_EW,32MT_EW,0.133,0.108
380,32Mt_L1_NS,NONE,0.01,0.0
380,32Thn_L1_EW,NONE,0.01,0.0
380,304Nvl_L3_EW,NONE,0.025,0.0
380,32Nvl_L3_EW,NONE,0.031,0.0
380,NvcNvl_L3_EW,NONE,0.006,0.0
380,NvcNvl_L3_EW,NONE,0.028,0.0
380,32Mt_L2_EW,32MT_EW,0.098,0.071
385,304Nvl_L1_EW,304NVL_EW,0.042,0.042
385,304Nvl_L2_EW,304NVL_EW,0.036,0.036
385,32Nvl_L1_EW,32NVL_EW,0.035,-0.057
385,32Nvl_L2_EW,32NVL_EW,0.039,-0.034
385,NvcNvl_L1_EW,NONE,0.011,0.0
385,NvcNvl_L2_EW,NONE,0.008,0.0
385,NvcNvl_L1_EW,NVCNVL_EW,0.021,0.021
385,NvcNvl_L2_EW,NVCNVL_EW,0.023,0.023
385,32Mt_L1_EW,NONE,0.007,0.0
385,32Mt_L1_EW,32MT_EW,0.133,0.108
385,32Mt_L1_NS,NONE,0.029,0.0
385,NvcCmt8_L2_EW,NVCCMT8_EW,0.005,0.005
385,32Thn_L1_EW,NONE,0.01,0.0
385,304Nvl_L3_EW,NONE,0.032,0.0
385,32Nvl_L3_EW,NONE,0.031,0.0
385,NvcNvl_L3_EW,NONE,0.028,0.0
385,32Mt_L2_EW,32MT_EW,0.103,0.076
385,32Mt_L2_NS,NONE,0.017,0.0
385,NvcCmt8_L1_EW,NVCCMT8_EW,0.008,0.008
390,304Nvl_L1_NS,304NVL_NS,0.009,0.009
390,304Nvl_L3_NS,NONE,0.007,0.0
390,304Nvl_L1_EW,304NVL_EW,0.051,0.051
390,304Nvl_L2_EW,304NVL_EW,0.044,0.044
390,32Nvl_L1_EW,32NVL_EW,0.035,-0.052
390,32Nvl_L2_EW,32NVL_EW,0.039,-0.03
390,32Nvl_L3_NS,NONE,0.042,0.0
390,32Nvl_L2_NS,32NVL_NS,0.039,0.034
390,NvcNvl_L1_EW,NVCNVL_EW,0.056,0.056
390,NvcNvl_L2_EW,NVCNVL_EW,0.062,0.062
390,32Mt_L1_EW,32MT_EW,0.126,0.101
390,32Mt_L1_NS,NONE,0.01,0.0
390,NvcCmt8_L2_EW,NVCCMT8_EW,0.005,0.005
390,32Thn_L1_EW,NONE,0.01,0.0
390,304Nvl_L2_NS,304NVL_NS,0.008,-0.02
390,304Nvl_L3_EW,NONE,0.038,0.0
390,32Nvl_L3_EW,NONE,0.031,0.0
390,32Nvl_L1_NS,32NVL_NS,0.034,0.027
390,NvcNvl_L3_EW,NONE,0.028,0.0
390,32Mt_L2_EW,32MT_EW,0.098,0.071
390,NvcCmt8_L1_EW,NVCCMT8_EW,0.008,0.008
395,304Nvl_L1_EW,304NVL_EW,0.042,0.042
395,304Nvl_L2_EW,304NVL_EW,0.036,0.036
395,32Nvl_L3_NS,NONE,0.05,0.0
395,32Nvl_L2_NS,32NVL_NS,0.047,0.047
395,NvcNvl_L1_EW,NVCNVL_EW,0.035,0.031
395,NvcNvl_L2_EW,NVCNVL_EW,0.039,0.039
395,32Mt_L1_EW,NONE,0.007,0.0
395,32Mt_L1_EW,32MT_EW,0.007,0.007
395,NvcMt_L1_EW,NVCMT_EW,0.006,-0.024
395,NvcCmt8_L2_EW,NVCCMT8_EW,0.005,0.005
395,304Nvl_L3_EW,NONE,0.032,0.0
395,32Nvl_L1_NS,32NVL_NS,0.04,0.04
395,NvcNvl_L3_EW,NONE,0.047,0.0
395,NvcMt_L2_EW,NVCMT_EW,0.008,-0.023
395,NvcCmt8_L1_EW,NVCCMT8_EW,0.008,0.003
400,304Nvl_L1_EW,304NVL_EW,0.042,0.042
400,304Nvl_L2_EW,304NVL_EW,0.036,0.036
400,304Nvl_L1_NS,NONE,0.007,0.0
400,32Nvl_L3_NS,NONE,0.082,0.0
400,32Nvl_L1_NS,32NVL_NS,0.083,0.083
400,32Nvl_L1_EW,32NVL_EW,0.007,0.007
400,32Nvl_L2_EW,32NVL_EW,0.008,0.008
400,32Nvl_L3_NS,NONE,0.05,0.0
400,32Nvl_L2_NS,32NVL_NS,0.047,0.047
400,32Mt_L1_NS,NONE,0.02,0.0
400,NvcMt_L1_EW,NVCMT_EW,0.019,0.019
400,304Nvl_L3_EW,NONE,0.032,0.0
400,32Nvl_L2_NS,32NVL_NS,0.08,0.08
400,32Nvl_L3_EW,NONE,0.006,0.0
400,32Nvl_L1_NS,32NVL_NS,0.04,0.04
400,32Mt_L2_NS,NONE,0.017,0.0
400,NvcMt_L2_EW,NVCMT_EW,0.024,0.024
405,304Nvl_L1_EW,304NVL_EW,0.034,0.034
405,304Nvl_L2_EW,304NVL_EW,0.029,0.029
405,304Nvl_L1_NS,NONE,0.015,0.0
405,32Nvl_L3_NS,NONE,0.082,0.0
405,32Nvl_L1_NS,32NVL_NS,0.083,0.083
405,32Nvl_L1_EW,32NVL_EW,0.034,0.029
405,32Nvl_L3_NS,NONE,0.159,0.0
405,32Nvl_L2_NS,32NVL_NS,0.15,0.15
405,32Mt_L1_NS,32MT_NS,0.075,0.075
405,32Mt_L1_EW,NONE,0.036,0.0
405,32Mt_L1_EW,32MT_EW,0.007,0.007
405,NvcMt_L1_EW,NVCMT_EW,0.006,0.006
405,304Nvl_L3_EW,NONE,0.025,0.0
405,32Nvl_L2_NS,32NVL_NS,0.08,0.08
405,32Nvl_L1_NS,32NVL_NS,0.128,0.128
405,32Mt_L2_EW,32MT_EW,0.005,0.005
405,NvcMt_L2_EW,NVCMT_EW,0.008,0.008
410,304Nvl_L1_EW,304NVL_EW,0.025,0.025
410,304Nvl_L2_EW,304NVL_EW,0.022,0.022
410,32Nvl_L1_NS,32NVL_NS,0.083,0.083
410,32Nvl_L3_NS,NONE,0.167,0.0
410,32Nvl_L2_NS,32NVL_NS,0.158,0.158
410,NvcNvl_L1_EW,NVCNVL_EW,0.007,0.007
410,32Mt_L1_NS,32MT_NS,0.075,0.075
410,32Mt_L1_EW,NONE,0.014,0.0
410,32Mt_L3_EW,NONE,0.009,0.0
410,NvcMt_L2_NS,NONE,0.005,0.0
410,304Nvl_L3_EW,NONE,0.019,0.0
410,32Nvl_L2_NS,32NVL_NS,0.08,0.08
410,32Nvl_L1_NS,32NVL_NS,0.141,0.141
410,32Mt_L2_EW,NONE,0.008,0.0
410,NvcMt_L1_NS,NONE,0.005,0.0
410,NvcCmt8_L1_EW,NONE,0.006,0.0
415,304Nvl_L1_EW,304NVL_EW,0.025,0.025
415,304Nvl_L2_EW,304NVL_EW,0.022,0.022
415,304Nvl_L1_NS,NONE,0.007,0.0
415,32Nvl_L1_NS,32NVL_NS,0.083,0.083
415,32Nvl_L1_EW,32NVL_EW,0.007,0.007
415,32Nvl_L2_EW,32NVL_EW,0.007,0.007
415,32Nvl_L3_NS,NONE,0.167,0.0
415,32Nvl_L2_NS,32NVL_NS,0.158,0.158
415,32Mt_L1_NS,32MT_NS,0.075,0.07
415,32Mt_L1_EW,NONE,0.007,0.0
415,NvcMt_L1_NS,NVCMT_NS,0.007,-0.046
415,304Nvl_L3_EW,NONE,0.019,0.0
415,32Nvl_L2_NS,32NVL_NS,0.08,0.08
415,32Nvl_L3_EW,NONE,0.006,0.0
415,32Nvl_L1_NS,32NVL_NS,0.141,0.141
415,NvcMt_L2_NS,NVCMT_NS,0.005,0.005
420,304Nvl_L1_EW,304NVL_EW,0.025,0.025
420,304Nvl_L2_EW,304NVL_EW,0.022,0.022
420,304Nvl_L1_NS,NONE,0.007,0.0
420,32Nvl_L1_NS,32NVL_NS,0.083,0.083
420,32Nvl_L1_EW,32NVL_EW,0.007,0.007
420,32Nvl_L2_EW,32NVL_EW,0.008,0.008
420,32Nvl_L3_NS,NONE,0.167,0.0
420,32Nvl_L2_NS,32NVL_NS,0.158,0.158
420,NvcNvl_L3_NS,NONE,0.007,0.0
420,NvcNvl_L2_NS,NONE,0.007,0.0
420,32Mt_L1_NS,32MT_NS,0.075,0.07
420,32Mt_L1_NS,NONE,0.02,0.0
420,NvcMt_L2_EW,NVCMT_EW,0.003,-0.001
420,NvcMt_L1_NS,NVCMT_NS,0.007,-0.046
420,NvcCmt8_L2_EW,NVCCMT8_EW,0.005,0.003
420,304Nvl_L3_EW,NONE,0.019,0.0
420,32Nvl_L2_NS,32NVL_NS,0.08,0.08
420,32Nvl_L3_EW,NONE,0.006,0.0
420,32Nvl_L1_NS,32NVL_NS,0.141,0.141
420,NvcNvl_L1_NS,NONE,0.009,0.0
420,32Mt_L2_NS,NONE,0.009,0.0
420,NvcMt_L1_EW,NVCMT_EW,0.006,0.0
420,NvcMt_L2_NS,NVCMT_NS,0.005,0.005
420,NvcCmt8_L1_EW,NVCCMT8_EW,0.008,0.008
425,304Nvl_L1_NS,304NVL_NS,0.009,-0.049
425,304Nvl_L3_NS,NONE,0.007,0.0
425,304Nvl_L1_EW,304NVL_EW,0.025,0.025
425,304Nvl_L2_EW,304NVL_EW,0.022,0.022
425,304Nvl_L1_EW,NONE,0.008,0.0
425,32Nvl_L1_NS,32NVL_NS,0.083,0.077
425,32Nvl_L3_NS,NONE,0.184,0.0
425,32Nvl_L2_NS,32NVL_NS,0.174,0.168
425,NvcNvl_L3_NS,NONE,0.007,0.0
425,NvcNvl_L2_NS,NONE,0.007,0.0
425,NvcNvl_L1_EW,NONE,0.011,0.0
425,32Mt_L1_NS,NONE,0.02,0.0
425,NvcMt_L1_NS,NVCMT_NS,0.007,0.007
425,32Thn_L1_EW,32THN_EW,0.008,0.008
425,32Thn_L2_EW,32THN_EW,0.008,0.008
425,32Thn_L3_EW,NONE,0.008,0.0
425,304Nvl_L2_NS,304NVL_NS,0.008,-0.114
425,304Nvl_L3_EW,NONE,0.019,0.0
425,32Nvl_L2_NS,32NVL_NS,0.08,0.075
425,32Nvl_L1_NS,32NVL_NS,0.148,0.141
425,NvcNvl_L1_NS,NONE,0.009,0.0
425,32Mt_L2_NS,NONE,0.009,0.0
425,NvcMt_L2_NS,NVCMT_NS,0.005,0.005
430,304Nvl_L1_EW,304NVL_EW,0.025,0.025
430,304Nvl_L2_EW,304NVL_EW,0.015,0.015
430,32Nvl_L3_NS,NONE,0.007,0.0
430,32Nvl_L1_NS,32NVL_NS,0.09,0.09
430,32Nvl_L3_NS,NONE,0.192,0.0
430,32Nvl_L2_NS,32NVL_NS,0.182,0.182
430,32Mt_L1_NS,32MT_NS,0.006,0.001
430,NvcMt_L1_NS,NVCMT_NS,0.007,0.002
430,32Thn_L1_EW,NONE,0.01,0.0
430,304Nvl_L3_EW,NONE,0.013,0.0
430,32Nvl_L2_NS,32NVL_NS,0.087,0.087
430,32Nvl_L1_NS,32NVL_NS,0.161,0.161
430,NvcMt_L2_NS,NVCMT_NS,0.005,0.005
435,304Nvl_L1_EW,304NVL_EW,0.008,0.008
435,304Nvl_L2_EW,304NVL_EW,0.007,0.007
435,304Nvl_L1_NS,NONE,0.007,0.0
435,32Nvl_L3_NS,NONE,0.014,0.0
435,32Nvl_L1_NS,32NVL_NS,0.097,0.097
435,32Nvl_L3_NS,NONE,0.2,0.0
435,32Nvl_L2_NS,32NVL_NS,0.19,0.19
435,NvcNvl_L1_EW,NVCNVL_EW,0.007,0.007
435,NvcNvl_L2_EW,NVCNVL_EW,0.008,0.008
435,32Mt_L1_NS,32MT_NS,0.006,0.001
435,NvcMt_L1_NS,NVCMT_NS,0.007,0.002
435,304Nvl_L3_EW,NONE,0.006,0.0
435,32Nvl_L2_NS,32NVL_NS,0.093,0.093
435,32Nvl_L1_NS,32NVL_NS,0.168,0.168
435,NvcNvl_L3_EW,NONE,0.009,0.0
435,NvcMt_L2_NS,NVCMT_NS,0.005,0.005
440,304Nvl_L1_NS,NONE,0.022,0.0
440,32Nvl_L3_NS,NONE,0.007,0.0
440,32Nvl_L1_NS,32NVL_NS,0.09,0.09
440,32Nvl_L3_NS,NONE,0.2,0.0
440,32Nvl_L2_NS,32NVL_NS,0.19,0.19
440,32Mt_L1_NS,32MT_NS,0.006,0.001
440,32Mt_L1_EW,NONE,0.007,0.0
440,NvcMt_L1_NS,NVCMT_NS,0.007,0.002
440,32Nvl_L2_NS,32NVL_NS,0.087,0.087
440,32Nvl_L1_NS,32NVL_NS,0.161,0.161
440,32Mt_L2_EW,NONE,0.008,0.0
440,NvcMt_L2_NS,NVCMT_NS,0.005,0.005
445,304Nvl_L1_EW,304NVL_EW,0.008,0.008
445,304Nvl_L1_NS,NONE,0.007,0.0
445,32Nvl_L3_NS,NONE,0.007,0.0
445,32Nvl_L1_NS,32NVL_NS,0.09,0.09
445,32Nvl_L1_EW,32NVL_EW,0.007,0.007
445,32Nvl_L2_EW,32NVL_EW,0.007,0.007
445,32Nvl_L3_NS,NONE,0.2,0.0
445,32Nvl_L2_NS,32NVL_NS,0.19,0.19
445,32Mt_L1_NS,32MT_NS,0.006,0.001
445,32Mt_L1_NS,NONE,0.01,0.0
445,NvcMt_L1_NS,NVCMT_NS,0.007,0.002
445,32Nvl_L2_NS,32NVL_NS,0.087,0.087
445,32Nvl_L3_EW,NONE,0.006,0.0
445,32Nvl_L1_NS,32NVL_NS,0.161,0.161
445,NvcMt_L2_NS,NVCMT_NS,0.005,0.005
450,304Nvl_L1_EW,304NVL_EW,0.008,0.008
450,32Nvl_L3_NS,NONE,0.014,0.0
450,32Nvl_L1_NS,32NVL_NS,0.097,0.097
450,32Nvl_L1_EW,32NVL_EW,0.007,0.007
450,32Nvl_L2_EW,32NVL_EW,0.007,0.007
450,32Nvl_L3_NS,NONE,0.2,0.0
450,32Nvl_L2_NS,32NVL_NS,0.19,0.19
450,NvcNvl_L3_NS,NONE,0.041,0.0
450,NvcNvl_L2_NS,NONE,0.04,0.0
450,NvcMt_L1_NS,NVCMT_NS,0.007,0.007
450,32Nvl_L2_NS,32NVL_NS,0.093,0.093
450,32Nvl_L3_EW,NONE,0.006,0.0
450,32Nvl_L1_NS,32NVL_NS,0.168,0.168
450,NvcNvl_L1_NS,NONE,0.052,0.0
450,NvcMt_L2_NS,NVCMT_NS,0.005,0.005
455,32Nvl_L1_EW,32NVL_EW,0.007,0.007
455,32Nvl_L2_EW,32NVL_EW,0.007,0.007
455,32Nvl_L3_NS,NONE,0.033,0.0
455,32Nvl_L2_NS,32NVL_NS,0.032,0.032
455,NvcNvl_L3_NS,NONE,0.014,0.0
455,NvcNvl_L2_NS,NONE,0.013,0.0
455,32Nvl_L3_EW,NONE,0.006,0.0
455,32Nvl_L1_NS,32NVL_NS,0.034,0.034
455,NvcNvl_L1_NS,NONE,0.017,0.0
460,32Nvl_L1_NS,32NVL_NS,0.014,0.014
460,32Nvl_L1_EW,32NVL_EW,0.007,0.007
460,32Nvl_L2_EW,32NVL_EW,0.007,0.007
460,32Nvl_L3_NS,NONE,0.033,0.0
460,32Nvl_L2_NS,32NVL_NS,0.032,0.032
460,NvcNvl_L3_NS,NONE,0.007,0.0
460,NvcNvl_L2_NS,NONE,0.007,0.0
460,NvcNvl_L1_EW,NONE,0.053,0.0
460,NvcNvl_L2_EW,NONE,0.038,0.0
460,NvcMt_L2_NS,NONE,0.005,0.0
460,32Nvl_L3_EW,NONE,0.006,0.0
460,32Nvl_L1_NS,32NVL_NS,0.034,0.034
460,NvcNvl_L1_NS,NONE,0.009,0.0
460,NvcMt_L1_NS,NONE,0.005,0.0
465,32Nvl_L1_EW,32NVL_EW,0.007,0.007
465,32Nvl_L2_EW,32NVL_EW,0.007,0.007
465,NvcNvl_L1_EW,NONE,0.053,0.0
465,32Thn_L1_EW,NONE,0.049,0.0
465,32Thn_L2_EW,NONE,0.051,0.0
465,32Thn_L3_EW,NONE,0.035,0.0
465,32Nvl_L3_EW,NONE,0.006,0.0
470,304Nvl_L1_EW,304NVL_EW,0.059,0.059
470,304Nvl_L2_EW,304NVL_EW,0.051,0.051
470,32Nvl_L3_NS,NONE,0.014,0.0
470,32Nvl_L1_NS,32NVL_NS,0.021,0.021
470,32Nvl_L1_EW,32NVL_EW,0.007,-0.021
470,32Nvl_L2_EW,32NVL_EW,0.007,0.007
470,NvcNvl_L1_EW,NONE,0.011,0.0
470,NvcNvl_L2_EW,NONE,0.008,0.0
470,32Mt_L1_EW,NONE,0.007,0.0
470,NvcCmt8_L2_NS,NONE,0.011,0.0
470,32Thn_L1_EW,32THN_EW,0.04,0.04
470,NvcCmt8_L1_NS,NONE,0.008,0.0
470,304Nvl_L3_EW,NONE,0.038,0.0
470,32Nvl_L2_NS,32NVL_NS,0.02,0.02
470,32Nvl_L3_EW,NONE,0.006,0.0
475,304Nvl_L1_EW,304NVL_EW,0.034,0.034
475,304Nvl_L2_EW,304NVL_EW,0.029,0.029
475,32Nvl_L3_NS,NONE,0.007,0.0
475,32Nvl_L1_NS,32NVL_NS,0.014,0.014
475,32Nvl_L1_EW,32NVL_EW,0.007,0.007
475,32Nvl_L2_EW,32NVL_EW,0.007,0.007
475,NvcNvl_L3_NS,NONE,0.007,0.0
475,NvcNvl_L2_NS,NONE,0.007,0.0
475,32Mt_L1_EW,NONE,0.05,0.0
475,32Mt_L3_EW,NONE,0.062,0.0
475,NvcMt_L1_EW,NVCMT_EW,0.006,0.006
475,304Nvl_L3_EW,NONE,0.025,0.0
475,32Nvl_L2_NS,32NVL_NS,0.007,0.007
475,32Nvl_L3_EW,NONE,0.006,0.0
475,NvcNvl_L1_NS,NONE,0.009,0.0
475,32Mt_L2_EW,NONE,0.053,0.0
475,NvcMt_L2_EW,NVCMT_EW,0.008,0.008
480,304Nvl_L1_EW,304NVL_EW,0.034,0.034
480,304Nvl_L2_EW,304NVL_EW,0.022,0.022
480,304Nvl_L1_NS,NONE,0.036,0.0
480,32Nvl_L1_NS,32NVL_NS,0.014,0.014
480,32Nvl_L1_EW,32NVL_EW,0.007,0.007
480,32Nvl_L2_EW,32NVL_EW,0.007,0.007
480,NvcNvl_L3_NS,NONE,0.041,0.0
480,NvcNvl_L2_NS,NONE,0.046,0.0
480,32Mt_L1_EW,NONE,0.007,0.0
480,32Mt_L3_EW,NONE,0.009,0.0
480,NvcMt_L1_EW,NVCMT_EW,0.006,0.006
480,NvcMt_L1_NS,NVCMT_NS,0.007,0.007
480,304Nvl_L3_EW,NONE,0.013,0.0
480,32Nvl_L3_EW,NONE,0.006,0.0
480,32Nvl_L1_NS,32NVL_NS,0.007,0.007
480,NvcNvl_L1_NS,NONE,0.061,0.0
480,32Mt_L2_EW,NONE,0.008,0.0
480,NvcMt_L2_EW,NVCMT_EW,0.008,0.008
480,NvcMt_L2_NS,NVCMT_NS,0.005,0.005
485,304Nvl_L1_EW,304NVL_EW,0.008,0.008
485,304Nvl_L1_NS,NONE,0.044,0.0
485,304Nvl_L3_NS,NONE,0.008,0.0
485,32Nvl_L1_NS,32NVL_NS,0.007,0.007
485,32Nvl_L1_EW,32NVL_EW,0.013,0.013
485,32Nvl_L2_EW,32NVL_EW,0.015,0.015
485,NvcNvl_L3_NS,NONE,0.048,0.0
485,NvcNvl_L2_NS,NONE,0.053,0.0
485,NvcNvl_L1_EW,NVCNVL_EW,0.007,0.003
485,NvcNvl_L2_EW,NVCNVL_EW,0.008,0.008
485,32Mt_L1_NS,32MT_NS,0.031,0.031
485,32Mt_L1_EW,NONE,0.007,0.0
485,32Mt_L3_EW,NONE,0.009,0.0
485,NvcMt_L1_EW,NVCMT_EW,0.006,0.001
485,304Nvl_L2_NS,NONE,0.007,0.0
485,32Nvl_L3_EW,NONE,0.012,0.0
485,NvcNvl_L1_NS,NONE,0.07,0.0
485,NvcNvl_L3_EW,NONE,0.009,0.0
485,32Mt_L2_EW,NONE,0.008,0.0
485,NvcMt_L2_EW,NVCMT_EW,0.008,0.002
490,304Thn_L1_EW,NONE,0.007,0.0
490,304Thn_L2_EW,NONE,0.008,0.0
490,304Nvl_L1_EW,304NVL_EW,0.034,0.034
490,304Nvl_L2_EW,304NVL_EW,0.007,0.007
490,304Nvl_L1_NS,NONE,0.015,0.0
490,304Nvl_L3_NS,NONE,0.008,0.0
490,32Nvl_L1_EW,32NVL_EW,0.013,0.004
490,32Nvl_L2_EW,32NVL_EW,0.015,0.007
490,32Nvl_L3_NS,NONE,0.008,0.0
490,32Nvl_L2_NS,32NVL_NS,0.008,0.008
490,NvcNvl_L3_NS,NONE,0.007,0.0
490,NvcNvl_L2_NS,NONE,0.007,0.0
490,NvcNvl_L1_EW,NVCNVL_EW,0.021,0.017
490,NvcNvl_L2_EW,NVCNVL_EW,0.016,0.016
490,32Mt_L1_NS,32MT_NS,0.031,0.031
490,32Mt_L1_EW,32MT_EW,0.014,0.014
490,NvcMt_L1_EW,NVCMT_EW,0.006,-0.008
490,304Nvl_L3_EW,NONE,0.006,0.0
490,304Nvl_L2_NS,NONE,0.007,0.0
490,32Nvl_L3_EW,NONE,0.012,0.0
490,32Nvl_L1_NS,32NVL_NS,0.007,0.007
490,NvcNvl_L1_NS,NONE,0.009,0.0
490,NvcNvl_L3_EW,NONE,0.019,0.0
490,32Mt_L2_EW,32MT_EW,0.011,0.011
490,NvcMt_L2_EW,NVCMT_EW,0.008,-0.003
490,304Thn_L3_EW,NONE,0.008,0.0
495,304Thn_L1_EW,304THN_EW,0.008,-0.004
495,304Nvl_L1_EW,304NVL_EW,0.017,0.011
495,32Nvl_L1_EW,32NVL_EW,0.013,0.009
495,32Nvl_L2_EW,32NVL_EW,0.015,0.011
495,NvcNvl_L1_EW,NONE,0.011,0.0
495,NvcNvl_L2_EW,NONE,0.008,0.0
495,NvcNvl_L1_EW,NVCNVL_EW,0.035,0.035
495,32Mt_L1_NS,32MT_NS,0.031,0.031
495,32Mt_L1_EW,32MT_EW,0.007,0.007
495,NvcMt_L2_NS,NONE,0.005,0.0
495,32Nvl_L3_EW,NONE,0.012,0.0
495,32Mt_L2_EW,32MT_EW,0.005,0.005
495,NvcMt_L1_NS,NONE,0.005,0.0
495,NvcMt_L2_EW,NVCMT_EW,0.008,0.008
500,304Thn_L1_EW,304THN_EW,0.008,0.002
500,304Nvl_L1_EW,304NVL_EW,0.008,0.003
500,304Nvl_L1_NS,NONE,0.007,0.0
500,32Nvl_L1_EW,32NVL_EW,0.013,0.013
500,32Nvl_L2_EW,32NVL_EW,0.015,0.015
500,NvcNvl_L1_EW,NONE,0.011,0.0
500,NvcNvl_L2_EW,NONE,0.008,0.0
500,NvcNvl_L1_EW,NVCNVL_EW,0.042,0.042
500,32Nvl_L3_EW,NONE,0.012,0.0
505,32Nvl_L1_EW,32NVL_EW,0.007,0.007
505,32Nvl_L2_EW,32NVL_EW,0.008,0.008
505,32Nvl_L1_EW,32NVL_EW,0.013,0.013
505,32Nvl_L2_EW,32NVL_EW,0.015,0.015
505,32Nvl_L3_NS,NONE,0.008,0.0
505,32Nvl_L2_NS,32NVL_NS,0.008,0.008
505,NvcMt_L1_EW,NVCMT_EW,0.013,0.013
505,32Nvl_L3_EW,NONE,0.012,0.0
505,32Nvl_L3_EW,NONE,0.006,0.0
505,32Nvl_L1_NS,32NVL_NS,0.013,0.013
505,NvcMt_L2_EW,NVCMT_EW,0.016,0.016
510,304Nvl_L1_NS,NONE,0.007,0.0
510,304Nvl_L3_NS,NONE,0.008,0.0
510,32Nvl_L1_EW,32NVL_EW,0.007,0.002
510,32Nvl_L2_EW,32NVL_EW,0.008,0.004
510,32Nvl_L1_EW,32NVL_EW,0.013,0.009
510,32Nvl_L2_EW,32NVL_EW,0.015,0.011
510,32Nvl_L3_NS,NONE,0.017,0.0
510,32Nvl_L2_NS,32NVL_NS,0.016,0.016
510,32Mt_L1_EW,32MT_EW,0.007,0.002
510,NvcMt_L2_NS,NONE,0.005,0.0
510,NvcMt_L1_EW,NVCMT_EW,0.006,0.006
510,304Nvl_L2_NS,NONE,0.007,0.0
510,32Nvl_L3_EW,NONE,0.012,0.0
510,32Nvl_L3_EW,NONE,0.006,0.0
510,32Nvl_L1_NS,32NVL_NS,0.02,0.02
510,32Mt_L2_EW,32MT_EW,0.005,0.0
510,NvcMt_L1_NS,NONE,0.005,0.0
510,NvcMt_L2_EW,NVCMT_EW,0.008,0.008
515,304Nvl_L1_NS,NONE,0.007,0.0
515,304Nvl_L3_NS,NONE,0.008,0.0
515,32Nvl_L3_NS,NONE,0.007,0.0
515,32Nvl_L1_NS,32NVL_NS,0.042,0.042
515,32Nvl_L1_EW,32NVL_EW,0.007,0.007
515,32Nvl_L2_EW,32NVL_EW,0.008,0.008
515,32Nvl_L1_EW,32NVL_EW,0.013,0.013
515,32Nvl_L2_EW,32NVL_EW,0.015,0.015
515,32Mt_L1_NS,NONE,0.01,0.0
515,304Nvl_L2_NS,NONE,0.007,0.0
515,32Nvl_L2_NS,32NVL_NS,0.04,0.04
515,32Nvl_L3_EW,NONE,0.012,0.0
515,32Nvl_L3_EW,NONE,0.006,0.0
515,32Mt_L2_NS,NONE,0.009,0.0
520,304Nvl_L1_EW,304NVL_EW,0.008,0.008
520,32Nvl_L1_NS,32NVL_NS,0.007,0.007
520,32Nvl_L1_EW,32NVL_EW,0.007,0.007
520,32Nvl_L2_EW,32NVL_EW,0.008,0.008
520,32Nvl_L1_EW,32NVL_EW,0.013,0.013
520,32Nvl_L2_EW,32NVL_EW,0.015,0.015
520,32Nvl_L3_NS,NONE,0.042,0.0
520,32Nvl_L2_NS,32NVL_NS,0.039,0.039
520,32Mt_L1_EW,NONE,0.007,0.0
520,32Mt_L1_NS,NONE,0.01,0.0
520,NvcMt_L2_EW,NVCMT_EW,0.003,0.003
520,32Nvl_L3_EW,NONE,0.012,0.0
520,32Nvl_L3_EW,NONE,0.006,0.0
520,32Nvl_L1_NS,32NVL_NS,0.04,0.04
520,32Mt_L2_NS,NONE,0.009,0.0
520,NvcMt_L1_EW,NVCMT_EW,0.006,0.006
525,304Nvl_L1_EW,304NVL_EW,0.017,0.017
525,304Nvl_L2_EW,304NVL_EW,0.007,0.007
525,32Nvl_L1_NS,32NVL_NS,0.007,0.007
525,32Nvl_L1_EW,32NVL_EW,0.014,0.009
525,32Nvl_L2_EW,32NVL_EW,0.015,0.012
525,32Nvl_L1_EW,32NVL_EW,0.013,0.009
525,32Nvl_L2_EW,32NVL_EW,0.015,0.011
525,32Nvl_L3_NS,NONE,0.008,0.0
525,32Nvl_L2_NS,32NVL_NS,0.047,0.047
525,32Mt_L1_EW,32MT_EW,0.007,-0.003
525,NvcMt_L2_EW,NVCMT_EW,0.003,0.003
525,304Nvl_L3_EW,NONE,0.006,0.0
525,32Nvl_L2_NS,32NVL_NS,0.007,0.007
525,32Nvl_L3_EW,NONE,0.012,0.0
525,32Nvl_L3_EW,NONE,0.013,0.0
525,32Nvl_L1_NS,32NVL_NS,0.054,0.054
525,32Mt_L2_EW,32MT_EW,0.005,-0.005
525,NvcMt_L1_EW,NVCMT_EW,0.006,0.006
530,32Nvl_L1_NS,32NVL_NS,0.035,0.035
530,32Nvl_L1_EW,32NVL_EW,0.021,0.016
530,32Nvl_L2_EW,32NVL_EW,0.023,0.019
530,32Nvl_L1_EW,32NVL_EW,0.013,0.009
530,32Nvl_L2_EW,32NVL_EW,0.015,0.011
530,32Mt_L1_EW,32MT_EW,0.007,-0.008
530,32Nvl_L3_EW,NONE,0.012,0.0
530,32Nvl_L3_EW,NONE,0.019,0.0
530,32Nvl_L1_NS,32NVL_NS,0.013,0.013
530,32Mt_L2_EW,32MT_EW,0.005,-0.011
535,304Nvl_L1_EW,304NVL_EW,0.008,0.008
535,304Nvl_L2_EW,304NVL_EW,0.007,0.007
535,304Nvl_L1_NS,NONE,0.007,0.0
535,32Nvl_L1_EW,32NVL_EW,0.042,0.042
535,32Nvl_L2_EW,32NVL_EW,0.046,0.046
535,32Nvl_L1_EW,32NVL_EW,0.02,0.02
535,32Nvl_L2_EW,32NVL_EW,0.015,0.015
535,32Mt_L1_NS,NONE,0.01,0.0
535,NvcMt_L2_NS,NONE,0.011,0.0
535,304Nvl_L3_EW,NONE,0.006,0.0
535,32Nvl_L3_EW,NONE,0.012,0.0
535,32Nvl_L3_EW,NONE,0.038,0.0
535,32Mt_L2_NS,NONE,0.009,0.0
535,NvcMt_L1_NS,NONE,0.011,0.0
540,32Nvl_L1_EW,32NVL_EW,0.05,0.045
540,32Nvl_L2_EW,32NVL_EW,0.054,0.05
540,32Nvl_L1_EW,32NVL_EW,0.013,0.009
540,32Nvl_L2_EW,32NVL_EW,0.015,0.011
540,32Nvl_L3_NS,NONE,0.008,0.0
540,32Nvl_L2_NS,32NVL_NS,0.008,0.008
540,32Mt_L1_EW,NONE,0.007,0.0
540,32Mt_L1_EW,32MT_EW,0.007,-0.028
540,32Mt_L1_NS,NONE,0.01,0.0
540,NvcCmt8_L2_EW,NONE,0.007,0.0
540,32Nvl_L3_EW,NONE,0.012,0.0
540,32Nvl_L3_EW,NONE,0.044,0.0
540,32Nvl_L1_NS,32NVL_NS,0.02,0.02
540,32Mt_L2_EW,32MT_EW,0.005,-0.032
540,32Mt_L2_NS,NONE,0.009,0.0
540,NvcCmt8_L1_EW,NONE,0.006,0.0
545,304Nvl_L1_EW,304NVL_EW,0.017,0.017
545,304Nvl_L2_EW,304NVL_EW,0.015,0.015
545,304Nvl_L1_NS,NONE,0.015,0.0
545,304Nvl_L3_NS,NONE,0.008,0.0
545,32Nvl_L1_EW,32NVL_EW,0.007,0.007
545,32Nvl_L2_EW,32NVL_EW,0.008,0.008
545,32Nvl_L1_EW,32NVL_EW,0.013,0.013
545,32Nvl_L2_EW,32NVL_EW,0.015,0.015
545,32Nvl_L3_NS,NONE,0.05,0.0
545,32Nvl_L2_NS,32NVL_NS,0.047,0.047
545,32Mt_L1_NS,32MT_NS,0.006,0.006
545,304Nvl_L3_EW,NONE,0.013,0.0
545,304Nvl_L2_NS,NONE,0.007,0.0
545,32Nvl_L3_EW,NONE,0.012,0.0
545,32Nvl_L3_EW,NONE,0.006,0.0
545,32Nvl_L1_NS,32NVL_NS,0.074,0.074
550,32Nvl_L1_NS,32NVL_NS,0.007,0.007
550,32Nvl_L1_EW,32NVL_EW,0.014,0.014
550,32Nvl_L2_EW,32NVL_EW,0.015,0.015
550,32Nvl_L1_EW,32NVL_EW,0.013,0.013
550,32Nvl_L2_EW,32NVL_EW,0.015,0.015
550,NvcNvl_L1_EW,NONE,0.011,0.0
550,NvcNvl_L2_EW,NONE,0.008,0.0
550,32Mt_L1_NS,32MT_NS,0.006,0.006
550,32Mt_L1_EW,NONE,0.007,0.0
550,32Nvl_L3_EW,NONE,0.012,0.0
550,32Nvl_L3_EW,NONE,0.013,0.0
550,NvcNvl_L3_EW,NONE,0.006,0.0
555,304Nvl_L1_NS,NONE,0.051,0.0
555,304Nvl_L3_NS,NONE,0.04,0.0
555,32Nvl_L3_NS,NONE,0.007,0.0
555,32Nvl_L1_NS,32NVL_NS,0.007,0.007
555,NvcNvl_L1_EW,NONE,0.011,0.0
555,NvcNvl_L2_EW,NONE,0.008,0.0
555,32Mt_L1_NS,32MT_NS,0.006,0.006
555,32Mt_L1_EW,32MT_EW,0.007,0.007
555,32Mt_L1_NS,NONE,0.02,0.0
555,NvcMt_L2_NS,NONE,0.005,0.0
555,304Nvl_L2_NS,NONE,0.037,0.0
555,32Nvl_L2_NS,32NVL_NS,0.007,0.007
555,NvcNvl_L3_EW,NONE,0.006,0.0
555,32Mt_L2_EW,32MT_EW,0.005,0.005
555,32Mt_L2_NS,NONE,0.017,0.0
555,NvcMt_L1_NS,NONE,0.005,0.0
560,32Nvl_L1_NS,32NVL_NS,0.007,0.007
560,32Nvl_L3_NS,NONE,0.008,0.0
560,32Nvl_L2_NS,32NVL_NS,0.008,0.008
560,NvcNvl_L1_EW,NVCNVL_EW,0.007,0.007
560,32Mt_L1_NS,32MT_NS,0.006,0.006
560,32Mt_L1_EW,NONE,0.014,0.0
560,32Mt_L3_EW,NONE,0.009,0.0
560,NvcMt_L2_NS,NONE,0.005,0.0
560,32Nvl_L2_NS,32NVL_NS,0.007,0.007
560,32Nvl_L1_NS,32NVL_NS,0.013,0.013
560,32Mt_L2_EW,NONE,0.008,0.0
560,NvcMt_L1_NS,NONE,0.005,0.0
565,304Nvl_L1_NS,304NVL_NS,0.009,-0.001
565,304Nvl_L3_NS,NONE,0.007,0.0
565,304Nvl_L1_EW,304NVL_EW,0.051,0.051
565,304Nvl_L2_EW,304NVL_EW,0.007,0.007
565,32Nvl_L3_NS,NONE,0.007,0.0
565,32Nvl_L1_NS,32NVL_NS,0.014,0.008
565,32Nvl_L3_NS,NONE,0.008,0.0
565,32Nvl_L2_NS,32NVL_NS,0.008,0.003
565,NvcNvl_L3_NS,NONE,0.007,0.0
565,NvcNvl_L2_NS,NONE,0.007,0.0
565,32Mt_L1_NS,32MT_NS,0.006,0.006
565,NvcCmt8_L2_EW,NVCCMT8_EW,0.005,0.005
565,304Nvl_L2_NS,304NVL_NS,0.008,0.002
565,304Nvl_L3_EW,NONE,0.006,0.0
565,32Nvl_L2_NS,32NVL_NS,0.013,0.008
565,32Nvl_L1_NS,32NVL_NS,0.027,0.021
565,NvcNvl_L1_NS,NONE,0.009,0.0
565,NvcCmt8_L1_EW,NVCCMT8_EW,0.008,0.008
570,304Nvl_L1_EW,304NVL_EW,0.059,0.059
570,304Nvl_L2_EW,304NVL_EW,0.015,0.015
570,32Nvl_L3_NS,NONE,0.008,0.0
570,32Nvl_L2_NS,32NVL_NS,0.008,0.008
570,32Mt_L1_NS,32MT_NS,0.006,0.006
570,32Mt_L1_EW,32MT_EW,0.007,0.007
570,NvcCmt8_L2_EW,NVCCMT8_EW,0.005,0.005
570,304Nvl_L3_EW,NONE,0.013,0.0
570,32Nvl_L1_NS,32NVL_NS,0.027,0.027
570,NvcCmt8_L1_EW,NVCCMT8_EW,0.008,0.008
575,304Nvl_L1_EW,304NVL_EW,0.068,0.068
575,304Nvl_L2_EW,304NVL_EW,0.015,0.015
575,304Nvl_L1_NS,NONE,0.007,0.0
575,304Nvl_L3_NS,NONE,0.008,0.0
575,32Nvl_L3_NS,NONE,0.008,0.0
575,32Nvl_L2_NS,32NVL_NS,0.008,0.008
575,NvcNvl_L1_EW,NVCNVL_EW,0.007,0.007
575,32Mt_L1_EW,32MT_EW,0.007,0.007
575,NvcCmt8_L2_EW,NVCCMT8_EW,0.005,0.005
575,304Nvl_L3_EW,NONE,0.013,0.0
575,304Nvl_L2_NS,NONE,0.007,0.0
575,32Nvl_L1_NS,32NVL_NS,0.013,0.013
575,NvcCmt8_L1_EW,NVCCMT8_EW,0.008,0.008
580,304Nvl_L1_EW,304NVL_EW,0.042,0.042
580,304Nvl_L2_EW,304NVL_EW,0.029,0.029
580,304Nvl_L1_NS,NONE,0.007,0.0
580,304Nvl_L3_NS,NONE,0.008,0.0
580,32Nvl_L3_NS,NONE,0.007,0.0
580,32Nvl_L1_NS,32NVL_NS,0.007,0.007
580,32Nvl_L1_EW,32NVL_EW,0.007,0.002
580,32Nvl_L2_EW,32NVL_EW,0.008,0.004
580,32Nvl_L3_NS,NONE,0.008,0.0
580,32Nvl_L2_NS,32NVL_NS,0.008,0.008
580,NvcNvl_L3_NS,NONE,0.007,0.0
580,NvcNvl_L2_NS,NONE,0.007,0.0
580,NvcNvl_L1_EW,NVCNVL_EW,0.007,0.007
580,32Mt_L1_EW,32MT_EW,0.007,0.002
580,NvcCmt8_L2_EW,NVCCMT8_EW,0.005,0.005
580,304Nvl_L3_EW,NONE,0.025,0.0
580,304Nvl_L2_NS,NONE,0.007,0.0
580,32Nvl_L2_NS,32NVL_NS,0.007,0.007
580,32Nvl_L3_EW,NONE,0.006,0.0
580,32Nvl_L1_NS,32NVL_NS,0.013,0.013
580,NvcNvl_L1_NS,NONE,0.009,0.0
580,32Mt_L2_EW,32MT_EW,0.005,0.0
580,NvcCmt8_L1_EW,NVCCMT8_EW,0.008,0.008
585,304Nvl_L1_NS,304NVL_NS,0.045,0.04
585,304Nvl_L3_NS,NONE,0.037,0.0
585,304Nvl_L1_EW,304NVL_EW,0.034,0.034
585,304Nvl_L2_EW,304NVL_EW,0.029,0.029
585,32Nvl_L1_NS,32NVL_NS,0.007,-0.025
585,32Nvl_L1_EW,32NVL_EW,0.007,0.001
585,32Nvl_L2_EW,32NVL_EW,0.008,0.002
585,NvcNvl_L3_NS,NONE,0.014,0.0
585,NvcNvl_L2_NS,NONE,0.013,0.0
585,32Thn_L1_EW,32THN_EW,0.008,0.003
585,32Thn_L2_EW,32THN_EW,0.008,0.003
585,32Thn_L3_EW,NONE,0.008,0.0
585,304Nvl_L2_NS,304NVL_NS,0.038,0.038
585,304Nvl_L3_EW,NONE,0.025,0.0
585,32Nvl_L2_NS,32NVL_NS,0.007,-0.02
585,32Nvl_L3_EW,NONE,0.006,0.0
585,32Nvl_L1_NS,32NVL_NS,0.007,-0.025
585,NvcNvl_L1_NS,NONE,0.017,0.0
585,NvcCmt8_L1_EW,NONE,0.006,0.0
590,304Nvl_L1_EW,304NVL_EW,0.051,0.051
590,304Nvl_L2_EW,304NVL_EW,0.036,0.036
590,32Nvl_L1_EW,32NVL_EW,0.007,0.001
590,32Nvl_L2_EW,32NVL_EW,0.008,0.002
590,NvcNvl_L1_EW,NONE,0.011,0.0
590,NvcNvl_L2_EW,NONE,0.008,0.0
590,32Mt_L1_EW,NONE,0.007,0.0
590,32Mt_L3_EW,NONE,0.009,0.0
590,32Thn_L1_EW,32THN_EW,0.008,0.003
590,32Thn_L2_EW,32THN_EW,0.008,0.003
590,32Thn_L3_EW,NONE,0.008,0.0
590,304Nvl_L3_EW,NONE,0.032,0.0
590,32Nvl_L3_EW,NONE,0.006,0.0
590,32Mt_L2_EW,NONE,0.008,0.0
595,304Nvl_L1_EW,304NVL_EW,0.059,0.059
595,304Nvl_L2_EW,304NVL_EW,0.036,0.036
595,304Nvl_L1_NS,NONE,0.036,0.0
595,32Nvl_L1_EW,32NVL_EW,0.014,0.009
595,32Nvl_L2_EW,32NVL_EW,0.015,0.01
595,NvcNvl_L1_EW,NONE,0.011,0.0
595,NvcNvl_L2_EW,NONE,0.008,0.0
595,NvcNvl_L1_EW,NVCNVL_EW,0.007,0.007
595,32Mt_L1_NS,NONE,0.059,0.0
595,NvcCmt8_L2_NS,NONE,0.011,0.0
595,32Thn_L1_EW,NONE,0.01,0.0
595,32Thn_L2_EW,NONE,0.01,0.0
595,32Thn_L1_EW,32THN_EW,0.008,-0.002
595,32Thn_L2_EW,32THN_EW,0.008,-0.002
595,NvcCmt8_L1_NS,NONE,0.008,0.0
595,32Thn_L3_EW,NONE,0.007,0.0
595,32Thn_L3_EW,NONE,0.008,0.0
595,304Nvl_L3_EW,NONE,0.032,0.0
595,32Nvl_L3_EW,NONE,0.013,0.0
595,32Nvl_L1_NS,32NVL_NS,0.007,0.007
595,32Mt_L2_NS,NONE,0.052,0.0
600,304Nvl_L1_EW,304NVL_EW,0.042,0.042
600,304Nvl_L2_EW,304NVL_EW,0.029,0.029
600,32Nvl_L1_EW,32NVL_EW,0.007,-0.009
600,32Nvl_L2_EW,32NVL_EW,0.008,0.002
600,NvcNvl_L1_EW,NVCNVL_EW,0.007,0.007
600,32Mt_L1_EW,NONE,0.036,0.0
600,32Mt_L1_EW,32MT_EW,0.007,0.002
600,32Mt_L1_NS,NONE,0.01,0.0
600,32Thn_L1_EW,32THN_EW,0.016,0.011
600,32Thn_L2_EW,32THN_EW,0.008,0.003
600,32Thn_L3_EW,NONE,0.008,0.0
600,304Nvl_L3_EW,NONE,0.025,0.0
600,32Nvl_L3_EW,NONE,0.006,0.0
600,32Mt_L2_EW,NONE,0.038,0.0
600,32Mt_L2_NS,NONE,0.009,0.0
605,304Nvl_L1_EW,304NVL_EW,0.025,0.025
605,304Nvl_L2_EW,304NVL_EW,0.022,0.022
605,32Nvl_L1_EW,32NVL_EW,0.007,0.002
605,32Nvl_L2_EW,32NVL_EW,0.008,0.004
605,32Nvl_L1_EW,32NVL_EW,0.007,0.002
605,32Nvl_L3_NS,NONE,0.008,0.0
605,32Nvl_L2_NS,32NVL_NS,0.008,0.008
605,NvcNvl_L1_EW,NVCNVL_EW,0.007,0.007
605,32Mt_L1_NS,32MT_NS,0.006,0.006
605,32Mt_L1_EW,NONE,0.086,0.0
605,32Mt_L3_EW,NONE,0.062,0.0
605,32Mt_L1_EW,32MT_EW,0.007,0.002
605,32Thn_L1_EW,NONE,0.01,0.0
605,304Nvl_L3_EW,NONE,0.019,0.0
605,32Nvl_L3_EW,NONE,0.006,0.0
605,32Nvl_L1_NS,32NVL_NS,0.007,0.007
605,32Mt_L2_EW,NONE,0.053,0.0
605,32Mt_L2_EW,32MT_EW,0.005,0.0
610,304Nvl_L1_EW,304NVL_EW,0.034,0.034
610,304Nvl_L2_EW,304NVL_EW,0.029,0.029
610,32Nvl_L1_EW,32NVL_EW,0.007,-0.003
610,32Nvl_L2_EW,32NVL_EW,0.008,0.004
610,32Nvl_L1_EW,32NVL_EW,0.007,-0.003
610,32Nvl_L3_NS,NONE,0.008,0.0
610,32Nvl_L2_NS,32NVL_NS,0.016,0.016
610,32Mt_L1_EW,NONE,0.014,0.0
610,32Mt_L3_EW,NONE,0.018,0.0
610,32Mt_L1_EW,32MT_EW,0.014,0.009
610,32Mt_L1_NS,NONE,0.049,0.0
610,NvcMt_L1_EW,NVCMT_EW,0.006,0.006
610,32Thn_L1_EW,NONE,0.01,0.0
610,304Nvl_L3_EW,NONE,0.019,0.0
610,32Nvl_L3_EW,NONE,0.006,0.0
610,32Nvl_L1_NS,32NVL_NS,0.013,0.013
610,32Mt_L2_EW,NONE,0.015,0.0
610,32Mt_L2_EW,32MT_EW,0.005,0.0
610,NvcMt_L2_EW,NVCMT_EW,0.008,0.008
615,304Nvl_L1_EW,304NVL_EW,0.059,0.059
615,304Nvl_L2_EW,304NVL_EW,0.044,0.044
615,304Nvl_L1_NS,NONE,0.007,0.0
615,32Nvl_L1_NS,32NVL_NS,0.007,0.007
615,32Nvl_L1_EW,32NVL_EW,0.007,0.002
615,32Nvl_L2_EW,32NVL_EW,0.008,0.008
615,32Nvl_L3_NS,NONE,0.017,0.0
615,32Nvl_L2_NS,32NVL_NS,0.016,0.016
615,NvcNvl_L3_NS,NONE,0.014,0.0
615,NvcNvl_L2_NS,NONE,0.013,0.0
615,32Mt_L1_EW,NONE,0.007,0.0
615,32Mt_L3_EW,NONE,0.009,0.0
615,32Mt_L1_EW,32MT_EW,0.007,0.002
615,32Mt_L1_NS,NONE,0.01,0.0
615,NvcMt_L2_NS,NONE,0.026,0.0
615,NvcMt_L1_EW,NVCMT_EW,0.006,0.006
615,304Nvl_L3_EW,NONE,0.038,0.0
615,32Nvl_L3_EW,NONE,0.006,0.0
615,32Nvl_L1_NS,32NVL_NS,0.013,0.013
615,NvcNvl_L1_NS,NONE,0.017,0.0
615,32Mt_L2_EW,NONE,0.008,0.0
615,NvcMt_L1_NS,NONE,0.027,0.0
615,NvcMt_L2_EW,NVCMT_EW,0.008,0.008
620,304Nvl_L1_EW,304NVL_EW,0.034,0.034
620,304Nvl_L2_EW,304NVL_EW,0.029,0.029
620,32Nvl_L1_NS,32NVL_NS,0.007,0.007
620,32Nvl_L1_EW,32NVL_EW,0.007,-0.003
620,32Nvl_L2_EW,32NVL_EW,0.008,0.004
620,32Nvl_L3_NS,NONE,0.008,0.0
620,32Nvl_L2_NS,32NVL_NS,0.008,0.008
620,NvcNvl_L3_NS,NONE,0.048,0.0
620,NvcNvl_L2_NS,NONE,0.046,0.0
620,32Mt_L1_EW,32MT_EW,0.014,0.009
620,NvcMt_L2_NS,NONE,0.032,0.0
620,NvcMt_L1_EW,NVCMT_EW,0.006,0.006
620,304Nvl_L3_EW,NONE,0.025,0.0
620,32Nvl_L3_EW,NONE,0.006,0.0
620,32Nvl_L1_NS,32NVL_NS,0.007,0.007
620,NvcNvl_L1_NS,NONE,0.061,0.0
620,32Mt_L2_EW,32MT_EW,0.005,0.0
620,NvcMt_L1_NS,NONE,0.033,0.0
620,NvcMt_L2_EW,NVCMT_EW,0.008,0.008
625,304Nvl_L1_NS,304NVL_NS,0.009,-0.02
625,304Nvl_L1_EW,304NVL_EW,0.008,0.008
625,304Nvl_L2_EW,304NVL_EW,0.007,0.007
625,32Nvl_L3_NS,NONE,0.034,0.0
625,32Nvl_L1_NS,32NVL_NS,0.042,0.035
625,32Nvl_L1_EW,32NVL_EW,0.007,-0.003
625,32Nvl_L2_EW,32NVL_EW,0.008,0.004
625,32Nvl_L3_NS,NONE,0.008,0.0
625,32Nvl_L2_NS,32NVL_NS,0.008,0.003
625,32Mt_L1_EW,32MT_EW,0.014,0.009
625,32Mt_L1_NS,NONE,0.01,0.0
625,304Nvl_L2_NS,304NVL_NS,0.008,0.002
625,304Nvl_L3_EW,NONE,0.006,0.0
625,32Nvl_L2_NS,32NVL_NS,0.033,0.028
625,32Nvl_L3_EW,NONE,0.006,0.0
625,32Nvl_L1_NS,32NVL_NS,0.013,0.007
625,32Mt_L2_EW,32MT_EW,0.005,0.0
625,32Mt_L2_NS,NONE,0.009,0.0
630,304Nvl_L1_NS,304NVL_NS,0.009,0.009
630,304Nvl_L3_NS,NONE,0.007,0.0
630,304Nvl_L1_NS,NONE,0.007,0.0
630,32Nvl_L1_EW,32NVL_EW,0.007,0.007
630,32Nvl_L2_EW,32NVL_EW,0.008,0.008
630,NvcNvl_L3_NS,NONE,0.007,0.0
630,NvcNvl_L2_NS,NONE,0.007,0.0
630,32Mt_L1_NS,32MT_NS,0.006,0.006
630,304Nvl_L2_NS,304NVL_NS,0.008,0.008
630,32Nvl_L3_EW,NONE,0.006,0.0
630,32Nvl_L1_NS,32NVL_NS,0.007,0.0
630,NvcNvl_L1_NS,NONE,0.009,0.0
635,304Nvl_L1_NS,304NVL_NS,0.054,0.054
635,304Nvl_L3_NS,NONE,0.044,0.0
635,304Nvl_L1_NS,NONE,0.007,0.0
635,32Mt_L1_NS,NONE,0.01,0.0
635,304Nvl_L2_NS,304NVL_NS,0.046,0.046
635,32Mt_L2_NS,NONE,0.009,0.0
640,304Nvl_L1_NS,304NVL_NS,0.063,0.063
640,304Nvl_L3_NS,NONE,0.044,0.0
640,304Nvl_L1_NS,NONE,0.015,0.0
640,304Nvl_L3_NS,NONE,0.008,0.0
640,NvcNvl_L1_EW,NVCNVL_EW,0.007,-0.015
640,32Mt_L1_EW,NONE,0.094,0.0
640,32Mt_L3_EW,NONE,0.115,0.0
640,NvcMt_L1_EW,NVCMT_EW,0.032,0.027
640,304Nvl_L2_NS,304NVL_NS,0.046,0.046
640,304Nvl_L2_NS,NONE,0.007,0.0
640,32Nvl_L1_NS,32NVL_NS,0.007,-0.038
640,32Mt_L2_EW,NONE,0.098,0.0
640,NvcMt_L2_EW,NVCMT_EW,0.04,0.04
645,304Nvl_L1_NS,304NVL_NS,0.063,0.059
645,304Nvl_L3_NS,NONE,0.044,0.0
645,304Nvl_L1_NS,NONE,0.007,0.0
645,304Nvl_L3_NS,NONE,0.008,0.0
645,32Nvl_L3_NS,NONE,0.007,0.0
645,32Nvl_L1_NS,32NVL_NS,0.007,-0.037
645,32Mt_L1_EW,NONE,0.014,0.0
645,32Mt_L3_EW,NONE,0.009,0.0
645,32Mt_L1_NS,NONE,0.01,0.0
645,304Nvl_L2_NS,304NVL_NS,0.046,0.046
645,304Nvl_L2_NS,NONE,0.007,0.0
645,32Nvl_L2_NS,32NVL_NS,0.007,-0.025
645,32Nvl_L1_NS,32NVL_NS,0.007,-0.038
645,32Mt_L2_EW,NONE,0.008,0.0
645,32Mt_L2_NS,NONE,0.009,0.0
650,304Nvl_L1_NS,304NVL_NS,0.063,0.059
650,304Nvl_L3_NS,NONE,0.044,0.0
650,304Nvl_L1_NS,NONE,0.015,0.0
650,304Nvl_L3_NS,NONE,0.016,0.0
650,32Nvl_L1_NS,32NVL_NS,0.007,-0.037
650,32Nvl_L1_EW,32NVL_EW,0.007,-0.052
650,32Nvl_L2_EW,32NVL_EW,0.008,0.008
650,NvcNvl_L3_NS,NONE,0.007,0.0
650,NvcNvl_L2_NS,NONE,0.007,0.0
650,32Mt_L1_EW,32MT_EW,0.084,0.079
650,32Mt_L1_NS,NONE,0.01,0.0
650,304Nvl_L2_NS,304NVL_NS,0.046,0.046
650,304Nvl_L2_NS,NONE,0.015,0.0
650,32Nvl_L2_NS,32NVL_NS,0.007,-0.025
650,32Nvl_L3_EW,NONE,0.006,0.0
650,32Nvl_L1_NS,32NVL_NS,0.007,-0.038
650,NvcNvl_L1_NS,NONE,0.009,0.0
650,32Mt_L2_NS,NONE,0.009,0.0
655,304Nvl_L1_NS,304NVL_NS,0.054,0.035
655,304Nvl_L3_NS,NONE,0.044,0.0
655,304Nvl_L1_EW,304NVL_EW,0.11,0.11
655,304Nvl_L2_EW,304NVL_EW,0.087,0.087
655,32Nvl_L3_NS,NONE,0.02,0.0
655,32Nvl_L1_NS,32NVL_NS,0.028,-0.01
655,32Nvl_L1_EW,32NVL_EW,0.007,-0.052
655,32Nvl_L2_EW,32NVL_EW,0.008,-0.038
655,NvcNvl_L3_NS,NONE,0.007,0.0
655,NvcNvl_L2_NS,NONE,0.007,0.0
655,32Mt_L1_NS,32MT_NS,0.006,0.006
655,32Mt_L1_EW,32MT_EW,0.084,0.079
655,32Mt_L1_NS,NONE,0.02,0.0
655,304Nvl_L2_NS,304NVL_NS,0.046,0.046
655,304Nvl_L3_EW,NONE,0.076,0.0
655,32Nvl_L2_NS,32NVL_NS,0.027,-0.005
655,32Nvl_L3_EW,NONE,0.006,0.0
655,NvcNvl_L1_NS,NONE,0.009,0.0
655,32Mt_L2_EW,32MT_EW,0.065,0.06
655,32Mt_L2_NS,NONE,0.009,0.0
660,304Nvl_L1_NS,304NVL_NS,0.054,0.03
660,304Nvl_L3_NS,NONE,0.044,0.0
660,304Nvl_L1_EW,304NVL_EW,0.169,0.169
660,304Nvl_L2_EW,304NVL_EW,0.131,0.131
660,32Nvl_L3_NS,NONE,0.02,0.0
660,32Nvl_L1_NS,32NVL_NS,0.035,-0.008
660,32Nvl_L1_EW,32NVL_EW,0.007,0.002
660,32Nvl_L2_EW,32NVL_EW,0.008,0.004
660,NvcNvl_L3_NS,NONE,0.007,0.0
660,NvcNvl_L2_NS,NONE,0.007,0.0
660,NvcNvl_L1_EW,NONE,0.011,0.0
660,NvcNvl_L2_EW,NONE,0.008,0.0
660,NvcNvl_L1_NS,NVCNVL_NS,0.007,-0.018
660,32Mt_L1_NS,32MT_NS,0.006,0.006
660,32Mt_L1_EW,NONE,0.007,0.0
660,32Mt_L1_EW,32MT_EW,0.007,0.002
660,32Mt_L1_NS,NONE,0.01,0.0
660,304Nvl_L2_NS,304NVL_NS,0.046,0.046
660,304Nvl_L3_EW,NONE,0.114,0.0
660,32Nvl_L2_NS,32NVL_NS,0.033,0.001
660,32Nvl_L3_EW,NONE,0.006,0.0
660,32Nvl_L1_NS,32NVL_NS,0.007,-0.036
660,NvcNvl_L1_NS,NONE,0.009,0.0
660,32Mt_L2_EW,32MT_EW,0.005,0.0
660,32Mt_L2_NS,NONE,0.009,0.0
665,304Nvl_L1_NS,304NVL_NS,0.054,0.03
665,304Nvl_L3_NS,NONE,0.044,0.0
665,304Nvl_L1_EW,304NVL_EW,0.085,0.085
665,304Nvl_L2_EW,304NVL_EW,0.065,0.065
665,32Nvl_L3_NS,NONE,0.02,0.0
665,32Nvl_L1_NS,32NVL_NS,0.035,-0.008
665,NvcNvl_L1_NS,NVCNVL_NS,0.007,-0.018
665,32Mt_L1_NS,32MT_NS,0.006,0.006
665,32Mt_L1_EW,NONE,0.007,0.0
665,32Mt_L1_EW,32MT_EW,0.014,0.014
665,32Mt_L1_NS,NONE,0.01,0.0
665,32Thn_L1_EW,NONE,0.01,0.0
665,32Thn_L2_EW,NONE,0.01,0.0
665,32Thn_L3_EW,NONE,0.007,0.0
665,304Nvl_L2_NS,304NVL_NS,0.046,0.046
665,304Nvl_L3_EW,NONE,0.057,0.0
665,32Nvl_L2_NS,32NVL_NS,0.033,0.001
665,32Nvl_L1_NS,32NVL_NS,0.007,-0.036
665,32Mt_L2_EW,32MT_EW,0.011,0.011
665,32Mt_L2_NS,NONE,0.009,0.0
670,304Nvl_L1_NS,304NVL_NS,0.054,0.03
670,304Nvl_L3_NS,NONE,0.044,0.0
670,304Nvl_L1_EW,304NVL_EW,0.042,0.042
670,304Nvl_L2_EW,304NVL_EW,0.036,0.036
670,32Nvl_L3_NS,NONE,0.02,0.0
670,32Nvl_L1_NS,32NVL_NS,0.035,-0.003
670,32Nvl_L1_EW,32NVL_EW,0.007,-0.003
670,32Nvl_L2_EW,32NVL_EW,0.008,0.008
670,32Nvl_L1_EW,32NVL_EW,0.007,-0.004
670,32Nvl_L2_EW,32NVL_EW,0.007,0.007
670,32Nvl_L3_NS,NONE,0.008,0.0
670,32Nvl_L2_NS,32NVL_NS,0.008,-0.024
670,NvcNvl_L1_EW,NONE,0.011,0.0
670,NvcNvl_L2_EW,NONE,0.008,0.0
670,32Mt_L1_NS,32MT_NS,0.006,0.006
670,32Mt_L1_EW,32MT_EW,0.007,0.002
670,NvcMt_L1_EW,NVCMT_EW,0.013,0.013
670,32Thn_L1_EW,32THN_EW,0.008,0.003
670,304Nvl_L2_NS,304NVL_NS,0.046,0.04
670,304Nvl_L3_EW,NONE,0.032,0.0
670,32Nvl_L2_NS,32NVL_NS,0.033,0.001
670,32Nvl_L3_EW,NONE,0.006,0.0
670,32Nvl_L3_EW,NONE,0.006,0.0
670,32Nvl_L1_NS,32NVL_NS,0.02,-0.018
670,NvcNvl_L3_EW,NONE,0.006,0.0
670,NvcMt_L2_EW,NVCMT_EW,0.016,0.016
675,304Nvl_L1_NS,304NVL_NS,0.054,0.03
675,304Nvl_L3_NS,NONE,0.044,0.0
675,304Nvl_L1_EW,304NVL_EW,0.017,0.017
675,304Nvl_L2_EW,304NVL_EW,0.015,0.015
675,304Nvl_L1_NS,NONE,0.036,0.0
675,32Nvl_L3_NS,NONE,0.014,0.0
675,32Nvl_L1_NS,32NVL_NS,0.035,-0.003
675,32Nvl_L3_NS,NONE,0.008,0.0
675,32Nvl_L2_NS,32NVL_NS,0.008,-0.024
675,32Mt_L1_NS,32MT_NS,0.006,0.006
675,32Mt_L1_EW,NONE,0.007,0.0
675,32Mt_L1_NS,NONE,0.01,0.0
675,304Nvl_L2_NS,304NVL_NS,0.046,0.04
675,304Nvl_L3_EW,NONE,0.013,0.0
675,32Nvl_L2_NS,32NVL_NS,0.033,0.001
675,32Nvl_L1_NS,32NVL_NS,0.02,-0.018
675,32Mt_L2_NS,NONE,0.009,0.0
680,304Nvl_L1_EW,304NVL_EW,0.119,0.119
680,304Nvl_L2_EW,304NVL_EW,0.015,0.015
680,304Nvl_L1_NS,NONE,0.022,0.0
680,NvcMt_L2_EW,NVCMT_EW,0.003,0.003
680,304Nvl_L3_EW,NONE,0.013,0.0
680,32Nvl_L1_NS,32NVL_NS,0.013,0.013
680,NvcMt_L1_EW,NVCMT_EW,0.006,0.006
685,304Nvl_L1_EW,304NVL_EW,0.119,0.119
685,304Nvl_L2_EW,304NVL_EW,0.015,0.015
685,304Nvl_L1_NS,NONE,0.015,0.0
685,NvcNvl_L3_NS,NONE,0.041,0.0
685,NvcNvl_L2_NS,NONE,0.04,0.0
685,NvcNvl_L1_EW,NONE,0.011,0.0
685,NvcNvl_L2_EW,NONE,0.008,0.0
685,32Mt_L1_NS,32MT_NS,0.006,-0.051
685,NvcMt_L2_EW,NVCMT_EW,0.003,0.003
685,NvcMt_L1_NS,NVCMT_NS,0.082,0.078
685,304Nvl_L3_EW,NONE,0.013,0.0
685,32Nvl_L1_NS,32NVL_NS,0.013,0.013
685,NvcNvl_L1_NS,NONE,0.052,0.0
685,NvcNvl_L3_EW,NONE,0.006,0.0
685,NvcMt_L1_EW,NVCMT_EW,0.006,0.006
685,NvcMt_L2_NS,NVCMT_NS,0.065,0.065
690,304Nvl_L1_EW,304NVL_EW,0.127,0.127
690,304Nvl_L2_EW,304NVL_EW,0.022,0.022
690,304Nvl_L1_NS,NONE,0.044,0.0
690,NvcNvl_L2_NS,NONE,0.007,0.0
690,32Mt_L1_EW,NONE,0.086,0.0
690,NvcMt_L2_EW,NVCMT_EW,0.003,0.003
690,NvcMt_L1_NS,NVCMT_NS,0.089,0.089
690,304Nvl_L3_EW,NONE,0.019,0.0
690,NvcNvl_L1_NS,NONE,0.009,0.0
690,32Mt_L2_EW,NONE,0.09,0.0
690,NvcMt_L1_EW,NVCMT_EW,0.006,0.006
690,NvcMt_L2_NS,NVCMT_NS,0.07,0.07
695,304Nvl_L1_EW,304NVL_EW,0.025,0.025
695,304Nvl_L2_EW,304NVL_EW,0.022,0.022
695,32Nvl_L1_EW,32NVL_EW,0.007,0.002
695,32Nvl_L2_EW,32NVL_EW,0.008,0.004
695,NvcNvl_L3_NS,NONE,0.007,0.0
695,NvcNvl_L2_NS,NONE,0.007,0.0
695,NvcNvl_L1_NS,NVCNVL_NS,0.033,0.033
695,32Mt_L1_NS,32MT_NS,0.006,0.006
695,32Mt_L1_EW,NONE,0.101,0.0
695,32Mt_L3_EW,NONE,0.124,0.0
695,32Mt_L1_EW,32MT_EW,0.007,0.002
695,304Nvl_L3_EW,NONE,0.019,0.0
695,32Nvl_L3_EW,NONE,0.006,0.0
695,32Nvl_L1_NS,32NVL_NS,0.013,-0.01
695,NvcNvl_L1_NS,NONE,0.009,0.0
695,32Mt_L2_NS,32MT_NS,0.006,0.006
695,32Mt_L2_EW,NONE,0.106,0.0
695,32Mt_L2_EW,32MT_EW,0.005,0.0
700,304Nvl_L1_EW,304NVL_EW,0.025,0.025
700,304Nvl_L2_EW,304NVL_EW,0.022,0.022
700,32Nvl_L1_EW,32NVL_EW,0.007,0.002
700,32Nvl_L2_EW,32NVL_EW,0.008,0.004
700,NvcNvl_L3_NS,NONE,0.007,0.0
700,NvcNvl_L2_NS,NONE,0.007,0.0
700,32Mt_L1_NS,32MT_NS,0.006,0.006
700,32Mt_L1_EW,NONE,0.086,0.0
700,32Mt_L3_EW,NONE,0.106,0.0
700,32Mt_L1_EW,32MT_EW,0.007,0.002
700,304Nvl_L3_EW,NONE,0.019,0.0
700,32Nvl_L3_EW,NONE,0.006,0.0
700,32Nvl_L1_NS,32NVL_NS,0.007,0.007
700,NvcNvl_L1_NS,NONE,0.009,0.0
700,32Mt_L2_NS,32MT_NS,0.006,0.006
700,32Mt_L2_EW,NONE,0.09,0.0
700,32Mt_L2_EW,32MT_EW,0.005,0.0
705,304Nvl_L1_EW,304NVL_EW,0.034,0.034
705,304Nvl_L2_EW,304NVL_EW,0.029,0.029
705,32Nvl_L3_NS,NONE,0.041,0.0
705,32Nvl_L1_NS,32NVL_NS,0.048,0.048
705,32Nvl_L1_EW,32NVL_EW,0.007,0.002
705,32Nvl_L2_EW,32NVL_EW,0.008,0.004
705,NvcNvl_L3_NS,NONE,0.007,0.0
705,NvcNvl_L2_NS,NONE,0.007,0.0
705,NvcNvl_L1_EW,NVCNVL_EW,0.007,0.007
705,NvcNvl_L2_EW,NVCNVL_EW,0.008,0.008
705,32Mt_L1_EW,NONE,0.072,0.0
705,32Mt_L3_EW,NONE,0.044,0.0
705,32Mt_L1_EW,32MT_EW,0.007,0.002
705,304Nvl_L3_EW,NONE,0.025,0.0
705,32Nvl_L2_NS,32NVL_NS,0.047,0.047
705,32Nvl_L3_EW,NONE,0.006,0.0
705,NvcNvl_L1_NS,NONE,0.009,0.0
705,NvcNvl_L3_EW,NONE,0.009,0.0
705,32Mt_L2_EW,NONE,0.075,0.0
705,32Mt_L2_EW,32MT_EW,0.005,0.0
710,304Nvl_L1_EW,304NVL_EW,0.042,0.042
710,304Nvl_L2_EW,304NVL_EW,0.036,0.036
710,32Nvl_L3_NS,NONE,0.014,0.0
710,32Nvl_L1_NS,32NVL_NS,0.014,0.014
710,32Nvl_L1_EW,32NVL_EW,0.007,0.002
710,32Nvl_L2_EW,32NVL_EW,0.008,0.004
710,NvcNvl_L1_EW,NVCNVL_EW,0.014,0.014
710,NvcNvl_L2_EW,NVCNVL_EW,0.016,0.016
710,32Mt_L1_NS,32MT_NS,0.006,0.006
710,32Mt_L1_EW,32MT_EW,0.007,0.002
710,32Mt_L1_NS,NONE,0.01,0.0
710,304Nvl_L3_EW,NONE,0.032,0.0
710,32Nvl_L2_NS,32NVL_NS,0.013,0.013
710,32Nvl_L3_EW,NONE,0.006,0.0
710,NvcNvl_L3_EW,NONE,0.019,0.0
710,32Mt_L2_EW,32MT_EW,0.005,0.0
710,32Mt_L2_NS,NONE,0.009,0.0
715,304Nvl_L1_EW,304NVL_EW,0.042,0.042
715,304Nvl_L2_EW,304NVL_EW,0.036,0.036
715,32Nvl_L1_NS,32NVL_NS,0.021,0.021
715,32Nvl_L1_EW,32NVL_EW,0.007,-0.061
715,32Nvl_L2_EW,32NVL_EW,0.008,0.004
715,NvcNvl_L3_NS,NONE,0.007,0.0
715,NvcNvl_L2_NS,NONE,0.007,0.0
715,NvcNvl_L1_EW,NVCNVL_EW,0.014,0.014
715,NvcNvl_L2_EW,NVCNVL_EW,0.016,0.016
715,32Mt_L1_NS,32MT_NS,0.038,0.038
715,32Mt_L1_EW,NONE,0.007,0.0
715,32Mt_L1_EW,32MT_EW,0.098,0.093
715,32Mt_L1_NS,NONE,0.049,0.0
715,NvcMt_L2_NS,NONE,0.026,0.0
715,304Nvl_L3_EW,NONE,0.032,0.0
715,32Nvl_L2_NS,32NVL_NS,0.02,0.02
715,32Nvl_L3_EW,NONE,0.006,0.0
715,32Nvl_L1_NS,32NVL_NS,0.007,0.007
715,NvcNvl_L1_NS,NONE,0.009,0.0
715,NvcNvl_L3_EW,NONE,0.019,0.0
715,32Mt_L2_EW,32MT_EW,0.005,0.0
715,NvcMt_L1_NS,NONE,0.027,0.0
720,304Nvl_L1_EW,304NVL_EW,0.017,0.017
720,304Nvl_L2_EW,304NVL_EW,0.015,0.015
720,32Nvl_L1_NS,32NVL_NS,0.007,0.007
720,32Nvl_L1_EW,32NVL_EW,0.007,-0.061
720,32Nvl_L2_EW,32NVL_EW,0.008,0.004
720,NvcNvl_L3_NS,NONE,0.034,0.0
720,NvcNvl_L2_NS,NONE,0.033,0.0
720,NvcNvl_L1_EW,NVCNVL_EW,0.014,0.014
720,NvcNvl_L2_EW,NVCNVL_EW,0.016,0.016
720,32Mt_L1_NS,32MT_NS,0.006,0.006
720,32Mt_L1_EW,NONE,0.022,0.0
720,32Mt_L3_EW,NONE,0.018,0.0
720,32Mt_L1_EW,32MT_EW,0.098,0.093
720,32Mt_L1_NS,NONE,0.049,0.0
720,NvcMt_L2_NS,NONE,0.026,0.0
720,304Nvl_L3_EW,NONE,0.013,0.0
720,32Nvl_L2_NS,32NVL_NS,0.007,0.007
720,32Nvl_L3_EW,NONE,0.006,0.0
720,32Nvl_L1_NS,32NVL_NS,0.02,0.02
720,NvcNvl_L1_NS,NONE,0.044,0.0
720,NvcNvl_L3_EW,NONE,0.019,0.0
720,32Mt_L2_EW,NONE,0.015,0.0
720,32Mt_L2_EW,32MT_EW,0.005,0.0
720,NvcMt_L1_NS,NONE,0.027,0.0
725,304Nvl_L1_NS,NONE,0.007,0.0
725,32Nvl_L3_NS,NONE,0.034,0.0
725,32Nvl_L1_NS,32NVL_NS,0.035,0.035
725,32Nvl_L1_EW,32NVL_EW,0.007,-0.061
725,32Nvl_L2_EW,32NVL_EW,0.008,-0.046
725,32Nvl_L3_NS,NONE,0.042,0.0
725,32Nvl_L2_NS,32NVL_NS,0.039,0.039
725,NvcNvl_L3_NS,NONE,0.048,0.0
725,NvcNvl_L2_NS,NONE,0.046,0.0
725,NvcNvl_L1_EW,NVCNVL_EW,0.014,0.014
725,NvcNvl_L2_EW,NVCNVL_EW,0.016,0.016
725,32Mt_L1_NS,32MT_NS,0.006,0.006
725,32Mt_L1_EW,NONE,0.007,0.0
725,32Mt_L3_EW,NONE,0.009,0.0
725,32Mt_L1_EW,32MT_EW,0.098,0.093
725,32Nvl_L2_NS,32NVL_NS,0.033,0.033
725,32Nvl_L3_EW,NONE,0.006,0.0
725,32Nvl_L1_NS,32NVL_NS,0.04,0.04
725,NvcNvl_L1_NS,NONE,0.061,0.0
725,NvcNvl_L3_EW,NONE,0.019,0.0
725,32Mt_L2_NS,32MT_NS,0.006,0.006
725,32Mt_L2_EW,NONE,0.008,0.0
725,32Mt_L2_EW,32MT_EW,0.076,0.071
730,304Nvl_L1_EW,304NVL_EW,0.017,0.017
730,304Nvl_L2_EW,304NVL_EW,0.007,0.007
730,32Nvl_L1_NS,32NVL_NS,0.035,0.035
730,32Nvl_L1_EW,32NVL_EW,0.007,-0.066
730,32Nvl_L2_EW,32NVL_EW,0.008,-0.042
730,32Nvl_L3_NS,NONE,0.008,0.0
730,32Nvl_L2_NS,32NVL_NS,0.008,0.008
730,NvcNvl_L3_NS,NONE,0.007,0.0
730,NvcNvl_L2_NS,NONE,0.007,0.0
730,NvcNvl_L1_EW,NVCNVL_EW,0.021,0.021
730,NvcNvl_L2_EW,NVCNVL_EW,0.016,0.016
730,32Mt_L1_NS,32MT_NS,0.006,0.006
730,32Mt_L1_EW,32MT_EW,0.105,0.1
730,NvcCmt8_L2_EW,NONE,0.007,0.0
730,32Nvl_L2_NS,32NVL_NS,0.033,0.033
730,32Nvl_L3_EW,NONE,0.006,0.0
730,32Nvl_L1_NS,32NVL_NS,0.013,0.013
730,NvcNvl_L1_NS,NONE,0.009,0.0
730,NvcNvl_L3_EW,NONE,0.009,0.0
730,32Mt_L2_EW,32MT_EW,0.071,0.065
730,NvcCmt8_L1_EW,NONE,0.006,0.0
735,304Nvl_L1_EW,304NVL_EW,0.017,0.017
735,304Nvl_L2_EW,304NVL_EW,0.007,0.007
735,32Nvl_L1_NS,32NVL_NS,0.069,0.069
735,32Nvl_L3_NS,NONE,0.008,0.0
735,32Nvl_L2_NS,32NVL_NS,0.008,0.008
735,NvcNvl_L1_EW,NONE,0.011,0.0
735,NvcNvl_L2_EW,NONE,0.008,0.0
735,NvcNvl_L1_EW,NVCNVL_EW,0.014,0.01
735,NvcNvl_L2_EW,NVCNVL_EW,0.008,0.008
735,32Mt_L1_EW,32MT_EW,0.014,0.014
735,32Mt_L1_NS,NONE,0.01,0.0
735,NvcMt_L1_EW,NVCMT_EW,0.006,-0.004
735,32Thn_L1_EW,32THN_EW,0.008,0.008
735,32Thn_L2_EW,32THN_EW,0.008,0.008
735,32Thn_L3_EW,NONE,0.008,0.0
735,304Nvl_L3_EW,NONE,0.006,0.0
735,32Nvl_L2_NS,32NVL_NS,0.033,0.033
735,32Nvl_L1_NS,32NVL_NS,0.007,0.007
735,NvcNvl_L3_EW,NONE,0.009,0.0
735,32Mt_L2_EW,32MT_EW,0.005,0.005
735,NvcMt_L2_EW,NVCMT_EW,0.008,0.002
740,304Nvl_L1_EW,304NVL_EW,0.017,0.017
740,32Nvl_L1_NS,32NVL_NS,0.069,0.069
740,32Nvl_L1_EW,32NVL_EW,0.007,-0.003
740,32Nvl_L3_NS,NONE,0.008,0.0
740,32Nvl_L2_NS,32NVL_NS,0.008,0.008
740,NvcNvl_L3_NS,NONE,0.007,0.0
740,NvcNvl_L2_NS,NONE,0.007,0.0
740,32Mt_L1_EW,NONE,0.007,0.0
740,32Mt_L1_EW,32MT_EW,0.014,0.014
740,NvcMt_L2_NS,NONE,0.026,0.0
740,32Thn_L1_EW,NONE,0.01,0.0
740,32Nvl_L2_NS,32NVL_NS,0.033,0.033
740,32Nvl_L1_NS,32NVL_NS,0.007,0.007
740,NvcNvl_L1_NS,NONE,0.009,0.0
740,32Mt_L2_EW,32MT_EW,0.005,0.005
740,NvcMt_L1_NS,NONE,0.027,0.0
740,NvcCmt8_L1_EW,NVCCMT8_EW,0.008,0.008
745,304Nvl_L1_NS,NONE,0.007,0.0
745,32Nvl_L1_NS,32NVL_NS,0.035,0.035
745,32Nvl_L3_NS,NONE,0.008,0.0
745,32Nvl_L2_NS,32NVL_NS,0.008,0.008
745,NvcMt_L1_EW,NVCMT_EW,0.006,0.006
745,32Nvl_L2_NS,32NVL_NS,0.033,0.033
745,32Nvl_L1_NS,32NVL_NS,0.007,0.007
745,NvcMt_L2_EW,NVCMT_EW,0.008,0.008
750,32Nvl_L3_NS,NONE,0.007,0.0
750,32Nvl_L1_NS,32NVL_NS,0.042,0.042
750,32Nvl_L3_NS,NONE,0.025,0.0
750,32Nvl_L2_NS,32NVL_NS,0.024,0.024
750,NvcNvl_L1_EW,NVCNVL_EW,0.007,0.007
750,32Nvl_L2_NS,32NVL_NS,0.04,0.04
750,32Nvl_L1_NS,32NVL_NS,0.02,0.02
755,32Nvl_L3_NS,NONE,0.014,0.0
755,32Nvl_L1_NS,32NVL_NS,0.048,0.048
755,32Nvl_L3_NS,NONE,0.025,0.0
755,32Nvl_L2_NS,32NVL_NS,0.024,0.024
755,32Mt_L1_EW,NONE,0.007,0.0
755,32Mt_L3_EW,NONE,0.009,0.0
755,32Nvl_L2_NS,32NVL_NS,0.047,0.047
755,32Nvl_L1_NS,32NVL_NS,0.02,0.02
755,32Mt_L2_EW,NONE,0.008,0.0
760,32Nvl_L3_NS,NONE,0.007,0.0
760,32Nvl_L1_NS,32NVL_NS,0.042,0.042
760,32Nvl_L1_EW,32NVL_EW,0.035,0.035
760,32Nvl_L2_EW,32NVL_EW,0.039,0.039
760,32Nvl_L3_NS,NONE,0.033,0.0
760,32Nvl_L2_NS,32NVL_NS,0.032,0.032
760,NvcCmt8_L2_EW,NVCCMT8_EW,0.005,0.005
760,32Nvl_L2_NS,32NVL_NS,0.04,0.04
760,32Nvl_L3_EW,NONE,0.031,0.0
760,32Nvl_L1_NS,32NVL_NS,0.027,0.027
760,NvcCmt8_L1_EW,NVCCMT8_EW,0.008,0.008
765,304Nvl_L1_EW,304NVL_EW,0.017,0.017
765,304Nvl_L2_EW,304NVL_EW,0.015,0.015
765,32Nvl_L3_NS,NONE,0.007,0.0
765,32Nvl_L1_NS,32NVL_NS,0.042,0.042
765,32Nvl_L1_EW,32NVL_EW,0.035,0.03
765,32Nvl_L2_EW,32NVL_EW,0.039,0.035
765,32Nvl_L3_NS,NONE,0.033,0.0
765,32Nvl_L2_NS,32NVL_NS,0.032,0.032
765,32Mt_L1_EW,32MT_EW,0.007,-0.018
765,32Mt_L1_NS,NONE,0.049,0.0
765,304Nvl_L3_EW,NONE,0.013,0.0
765,32Nvl_L2_NS,32NVL_NS,0.04,0.04
765,32Nvl_L3_EW,NONE,0.031,0.0
765,32Nvl_L1_NS,32NVL_NS,0.027,0.027
765,32Mt_L2_EW,32MT_EW,0.005,-0.022
765,32Mt_L2_NS,NONE,0.043,0.0
765,NvcCmt8_L1_EW,NONE,0.006,0.0
770,304Nvl_L1_NS,NONE,0.036,0.0
770,304Nvl_L3_NS,NONE,0.04,0.0
770,32Nvl_L3_NS,NONE,0.014,0.0
770,32Nvl_L1_NS,32NVL_NS,0.048,0.048
770,32Nvl_L3_NS,NONE,0.05,0.0
770,32Nvl_L2_NS,32NVL_NS,0.047,0.047
770,NvcNvl_L3_NS,NONE,0.007,0.0
770,NvcNvl_L2_NS,NONE,0.007,0.0
770,32Mt_L1_NS,NONE,0.059,0.0
770,304Nvl_L2_NS,NONE,0.037,0.0
770,32Nvl_L2_NS,32NVL_NS,0.047,0.047
770,32Nvl_L1_NS,32NVL_NS,0.04,0.04
770,NvcNvl_L1_NS,NONE,0.009,0.0
770,32Mt_L2_NS,NONE,0.052,0.0
775,304Nvl_L1_EW,304NVL_EW,0.008,0.008
775,304Nvl_L1_NS,NONE,0.036,0.0
775,32Nvl_L3_NS,NONE,0.007,0.0
775,32Nvl_L1_NS,32NVL_NS,0.048,0.048
775,32Nvl_L3_NS,NONE,0.05,0.0
775,32Nvl_L2_NS,32NVL_NS,0.047,0.047
775,NvcNvl_L3_NS,NONE,0.007,0.0
775,NvcNvl_L2_NS,NONE,0.007,0.0
775,32Mt_L1_NS,32MT_NS,0.031,0.031
775,32Mt_L1_EW,32MT_EW,0.007,0.007
775,32Mt_L1_NS,NONE,0.01,0.0
775,304Nvl_L2_NS,NONE,0.037,0.0
775,32Nvl_L2_NS,32NVL_NS,0.047,0.047
775,32Nvl_L1_NS,32NVL_NS,0.074,0.074
775,NvcNvl_L1_NS,NONE,0.009,0.0
775,32Mt_L2_EW,32MT_EW,0.005,0.005
775,32Mt_L2_NS,NONE,0.009,0.0
780,304Nvl_L1_EW,304NVL_EW,0.008,0.008
780,32Nvl_L3_NS,NONE,0.014,0.0
780,32Nvl_L1_NS,32NVL_NS,0.048,0.048
780,32Nvl_L3_NS,NONE,0.05,0.0
780,32Nvl_L2_NS,32NVL_NS,0.047,0.047
780,NvcNvl_L3_NS,NONE,0.007,0.0
780,NvcNvl_L2_NS,NONE,0.007,0.0
780,NvcNvl_L1_EW,NONE,0.011,0.0
780,NvcNvl_L2_EW,NONE,0.008,0.0
780,32Mt_L1_NS,32MT_NS,0.031,0.031
780,32Mt_L1_EW,NONE,0.036,0.0
780,32Mt_L3_EW,NONE,0.044,0.0
780,32Mt_L1_EW,32MT_EW,0.007,0.007
780,32Nvl_L2_NS,32NVL_NS,0.047,0.047
780,32Nvl_L1_NS,32NVL_NS,0.074,0.074
780,NvcNvl_L1_NS,NONE,0.009,0.0
780,32Mt_L2_EW,NONE,0.038,0.0
780,32Mt_L2_EW,32MT_EW,0.005,0.005
785,304Nvl_L1_EW,304NVL_EW,0.051,0.051
785,304Nvl_L2_EW,304NVL_EW,0.007,0.007
785,32Nvl_L3_NS,NONE,0.014,0.0
785,32Nvl_L1_NS,32NVL_NS,0.048,0.048
785,32Nvl_L1_EW,32NVL_EW,0.007,0.007
785,32Nvl_L2_EW,32NVL_EW,0.007,0.007
785,32Nvl_L3_NS,NONE,0.058,0.0
785,32Nvl_L2_NS,32NVL_NS,0.055,0.055
785,32Mt_L1_NS,32MT_NS,0.038,0.038
785,32Mt_L1_EW,NONE,0.007,0.0
785,32Mt_L1_NS,NONE,0.049,0.0
785,304Nvl_L3_EW,NONE,0.006,0.0
785,32Nvl_L2_NS,32NVL_NS,0.047,0.047
785,32Nvl_L3_EW,NONE,0.006,0.0
785,32Nvl_L1_NS,32NVL_NS,0.081,0.081
785,32Mt_L2_NS,NONE,0.043,0.0
790,32Nvl_L1_EW,32NVL_EW,0.007,0.007
790,32Nvl_L2_EW,32NVL_EW,0.008,0.008
790,32Nvl_L1_EW,32NVL_EW,0.007,0.007
790,32Nvl_L2_EW,32NVL_EW,0.007,0.007
790,32Nvl_L3_NS,NONE,0.042,0.0
790,32Nvl_L2_NS,32NVL_NS,0.039,0.039
790,NvcNvl_L1_EW,NVCNVL_EW,0.007,0.007
790,32Mt_L1_NS,32MT_NS,0.006,0.006
790,32Mt_L1_NS,NONE,0.01,0.0
790,32Nvl_L3_EW,NONE,0.006,0.0
790,32Nvl_L3_EW,NONE,0.006,0.0
790,32Nvl_L1_NS,32NVL_NS,0.034,0.034
790,32Mt_L2_NS,NONE,0.009,0.0
795,304Nvl_L1_EW,304NVL_EW,0.017,0.017
795,304Nvl_L2_EW,304NVL_EW,0.007,0.007
795,32Nvl_L1_EW,32NVL_EW,0.007,-0.017
795,32Nvl_L2_EW,32NVL_EW,0.008,0.008
795,32Nvl_L1_EW,32NVL_EW,0.007,-0.018
795,32Nvl_L2_EW,32NVL_EW,0.007,0.007
795,32Nvl_L3_NS,NONE,0.033,0.0
795,32Nvl_L2_NS,32NVL_NS,0.032,0.032
795,NvcNvl_L1_EW,NVCNVL_EW,0.007,-0.015
795,32Mt_L1_NS,32MT_NS,0.006,0.006
795,32Mt_L1_EW,32MT_EW,0.035,0.03
795,32Mt_L1_NS,NONE,0.049,0.0
795,NvcMt_L1_EW,NVCMT_EW,0.032,0.027
795,304Nvl_L3_EW,NONE,0.006,0.0
795,32Nvl_L3_EW,NONE,0.006,0.0
795,32Nvl_L3_EW,NONE,0.006,0.0
795,32Nvl_L1_NS,32NVL_NS,0.027,0.027
795,NvcMt_L2_EW,NVCMT_EW,0.04,0.04
800,304Nvl_L1_EW,304NVL_EW,0.008,0.008
800,32Nvl_L1_EW,32NVL_EW,0.007,-0.042
800,32Nvl_L2_EW,32NVL_EW,0.008,-0.03
800,32Nvl_L1_EW,32NVL_EW,0.007,-0.042
800,32Nvl_L2_EW,32NVL_EW,0.007,-0.031
800,32Nvl_L3_NS,NONE,0.008,0.0
800,32Nvl_L2_NS,32NVL_NS,0.008,0.008
800,NvcNvl_L1_EW,NVCNVL_EW,0.007,-0.015
800,32Mt_L1_EW,32MT_EW,0.07,0.065
800,32Mt_L1_NS,NONE,0.01,0.0
800,NvcMt_L1_EW,NVCMT_EW,0.032,0.027
800,32Thn_L1_EW,NONE,0.01,0.0
800,32Nvl_L3_EW,NONE,0.006,0.0
800,32Nvl_L3_EW,NONE,0.006,0.0
800,32Nvl_L1_NS,32NVL_NS,0.04,0.04
800,32Mt_L2_EW,32MT_EW,0.054,0.049
800,32Mt_L2_NS,NONE,0.009,0.0
800,NvcMt_L2_EW,NVCMT_EW,0.04,0.04
805,304Nvl_L1_EW,304NVL_EW,0.008,0.008
805,32Nvl_L1_EW,32NVL_EW,0.007,-0.017
805,32Nvl_L2_EW,32NVL_EW,0.008,-0.011
805,32Nvl_L1_EW,32NVL_EW,0.007,-0.018
805,32Nvl_L2_EW,32NVL_EW,0.007,-0.012
805,NvcNvl_L1_EW,NONE,0.053,0.0
805,NvcNvl_L2_EW,NONE,0.038,0.0
805,32Mt_L1_EW,32MT_EW,0.035,0.03
805,NvcMt_L1_EW,NVCMT_EW,0.032,0.032
805,32Thn_L1_EW,NONE,0.01,0.0
805,32Thn_L2_EW,NONE,0.01,0.0
805,32Thn_L3_EW,NONE,0.007,0.0
805,32Nvl_L3_EW,NONE,0.006,0.0
805,32Nvl_L3_EW,NONE,0.006,0.0
805,32Nvl_L1_NS,32NVL_NS,0.007,0.007
805,NvcNvl_L3_EW,NONE,0.032,0.0
805,32Mt_L2_EW,32MT_EW,0.027,0.022
805,NvcMt_L2_EW,NVCMT_EW,0.04,0.04
810,304Nvl_L1_EW,304NVL_EW,0.008,0.008
810,304Nvl_L2_EW,304NVL_EW,0.007,0.007
810,32Nvl_L1_NS,32NVL_NS,0.007,0.007
810,32Nvl_L1_EW,32NVL_EW,0.014,0.009
810,32Nvl_L2_EW,32NVL_EW,0.015,0.015
810,32Nvl_L1_EW,32NVL_EW,0.007,0.001
810,32Nvl_L2_EW,32NVL_EW,0.007,0.007
810,NvcNvl_L1_EW,NONE,0.075,0.0
810,NvcNvl_L2_EW,NONE,0.054,0.0
810,32Mt_L1_EW,NONE,0.043,0.0
810,NvcMt_L1_EW,NVCMT_EW,0.032,0.032
810,32Thn_L1_EW,32THN_EW,0.008,-0.002
810,304Nvl_L3_EW,NONE,0.006,0.0
810,32Nvl_L3_EW,NONE,0.006,0.0
810,32Nvl_L3_EW,NONE,0.013,0.0
810,NvcNvl_L3_EW,NONE,0.044,0.0
810,NvcMt_L2_EW,NVCMT_EW,0.04,0.04
815,32Nvl_L1_NS,32NVL_NS,0.014,0.014
815,32Nvl_L1_EW,32NVL_EW,0.007,-0.003
815,32Nvl_L2_EW,32NVL_EW,0.008,0.004
815,32Nvl_L1_EW,32NVL_EW,0.007,-0.004
815,32Nvl_L2_EW,32NVL_EW,0.007,0.004
815,NvcNvl_L3_NS,NONE,0.007,0.0
815,NvcNvl_L2_NS,NONE,0.007,0.0
815,NvcNvl_L1_EW,NONE,0.011,0.0
815,NvcNvl_L2_EW,NONE,0.008,0.0
815,32Mt_L1_EW,NONE,0.014,0.0
815,32Mt_L3_EW,NONE,0.018,0.0
815,32Mt_L1_EW,32MT_EW,0.007,0.002
815,NvcCmt8_L2_EW,NONE,0.037,0.0
815,32Thn_L1_EW,32THN_EW,0.008,0.003
815,32Nvl_L3_EW,NONE,0.006,0.0
815,32Nvl_L3_EW,NONE,0.006,0.0
815,NvcNvl_L1_NS,NONE,0.009,0.0
815,NvcNvl_L3_EW,NONE,0.006,0.0
815,32Mt_L2_EW,NONE,0.015,0.0
815,32Mt_L2_EW,32MT_EW,0.005,0.0
815,NvcCmt8_L1_EW,NONE,0.029,0.0
820,304Nvl_L1_EW,304NVL_EW,0.008,0.008
820,304Nvl_L2_EW,304NVL_EW,0.007,0.007
820,304Nvl_L1_NS,NONE,0.007,0.0
820,32Nvl_L1_NS,32NVL_NS,0.007,0.007
820,32Nvl_L1_EW,32NVL_EW,0.007,0.007
820,32Nvl_L2_EW,32NVL_EW,0.008,0.008
820,32Nvl_L1_EW,32NVL_EW,0.007,0.007
820,32Nvl_L2_EW,32NVL_EW,0.007,0.007
820,NvcNvl_L3_NS,NONE,0.014,0.0
820,NvcNvl_L2_NS,NONE,0.02,0.0
820,NvcNvl_L1_EW,NONE,0.011,0.0
820,NvcNvl_L2_EW,NONE,0.008,0.0
820,NvcNvl_L1_EW,NVCNVL_EW,0.035,0.035
820,304Nvl_L3_EW,NONE,0.006,0.0
820,32Nvl_L3_EW,NONE,0.006,0.0
820,32Nvl_L3_EW,NONE,0.006,0.0
820,32Nvl_L1_NS,32NVL_NS,0.007,0.007
820,NvcNvl_L1_NS,NONE,0.026,0.0
825,32Nvl_L1_EW,32NVL_EW,0.007,0.002
825,32Nvl_L2_EW,32NVL_EW,0.008,0.004
825,32Nvl_L1_EW,32NVL_EW,0.007,0.002
825,32Nvl_L2_EW,32NVL_EW,0.007,0.004
825,32Nvl_L3_NS,NONE,0.017,0.0
825,32Nvl_L2_NS,32NVL_NS,0.016,0.016
825,NvcNvl_L3_NS,NONE,0.02,0.0
825,NvcNvl_L2_NS,NONE,0.02,0.0
825,NvcNvl_L1_EW,NONE,0.011,0.0
825,NvcNvl_L1_EW,NVCNVL_EW,0.042,0.042
825,NvcNvl_L2_EW,NVCNVL_EW,0.008,0.008
825,32Mt_L1_NS,32MT_NS,0.006,0.006
825,32Mt_L1_EW,32MT_EW,0.007,0.002
825,32Mt_L1_NS,NONE,0.01,0.0
825,32Nvl_L3_EW,NONE,0.006,0.0
825,32Nvl_L3_EW,NONE,0.006,0.0
825,32Nvl_L1_NS,32NVL_NS,0.013,0.013
825,NvcNvl_L1_NS,NONE,0.026,0.0
825,NvcNvl_L3_EW,NONE,0.009,0.0
825,32Mt_L2_EW,32MT_EW,0.005,0.0
825,NvcCmt8_L1_EW,NVCCMT8_EW,0.038,0.038
830,304Nvl_L1_EW,304NVL_EW,0.008,0.008
830,304Nvl_L2_EW,304NVL_EW,0.007,0.007
830,304Nvl_L1_NS,NONE,0.007,0.0
830,32Nvl_L1_EW,32NVL_EW,0.007,0.002
830,32Nvl_L2_EW,32NVL_EW,0.008,0.004
830,32Nvl_L1_EW,32NVL_EW,0.007,0.002
830,32Nvl_L2_EW,32NVL_EW,0.007,0.004
830,32Nvl_L3_NS,NONE,0.008,0.0
830,32Nvl_L2_NS,32NVL_NS,0.008,0.008
830,NvcNvl_L3_NS,NONE,0.014,0.0
830,NvcNvl_L2_NS,NONE,0.013,0.0
830,NvcNvl_L1_EW,NONE,0.011,0.0
830,NvcNvl_L2_EW,NONE,0.008,0.0
830,NvcNvl_L1_EW,NVCNVL_EW,0.042,0.042
830,NvcNvl_L2_EW,NVCNVL_EW,0.008,0.008
830,32Mt_L1_NS,32MT_NS,0.006,0.006
830,32Mt_L1_EW,NONE,0.007,0.0
830,32Mt_L1_EW,32MT_EW,0.007,0.002
830,304Nvl_L3_EW,NONE,0.006,0.0
830,32Nvl_L3_EW,NONE,0.006,0.0
830,32Nvl_L3_EW,NONE,0.006,0.0
830,32Nvl_L1_NS,32NVL_NS,0.007,0.007
830,NvcNvl_L1_NS,NONE,0.017,0.0
830,NvcNvl_L3_EW,NONE,0.009,0.0
830,32Mt_L2_EW,32MT_EW,0.005,0.0
835,304Nvl_L1_EW,304NVL_EW,0.017,0.017
835,304Nvl_L2_EW,304NVL_EW,0.015,0.015
835,32Nvl_L1_EW,32NVL_EW,0.007,0.007
835,32Nvl_L2_EW,32NVL_EW,0.008,0.008
835,32Nvl_L1_EW,32NVL_EW,0.007,0.007
835,32Nvl_L2_EW,32NVL_EW,0.007,0.007
835,NvcNvl_L1_EW,NVCNVL_EW,0.042,0.038
835,NvcNvl_L2_EW,NVCNVL_EW,0.008,0.008
835,32Mt_L1_NS,NONE,0.059,0.0
835,NvcMt_L1_EW,NVCMT_EW,0.006,-0.023
835,304Nvl_L3_EW,NONE,0.013,0.0
835,32Nvl_L3_EW,NONE,0.006,0.0
835,32Nvl_L3_EW,NONE,0.006,0.0
835,32Nvl_L1_NS,32NVL_NS,0.007,0.007
835,NvcNvl_L3_EW,NONE,0.009,0.0
835,32Mt_L2_NS,NONE,0.052,0.0
835,NvcMt_L2_EW,NVCMT_EW,0.008,0.002
840,304Nvl_L1_EW,304NVL_EW,0.008,0.008
840,304Nvl_L2_EW,304NVL_EW,0.007,0.007
840,304Nvl_L1_NS,NONE,0.015,0.0
840,304Nvl_L3_NS,NONE,0.008,0.0
840,32Nvl_L1_NS,32NVL_NS,0.007,0.007
840,32Nvl_L1_EW,32NVL_EW,0.007,0.007
840,32Nvl_L2_EW,32NVL_EW,0.008,0.008
840,32Nvl_L1_EW,32NVL_EW,0.007,0.007
840,32Nvl_L2_EW,32NVL_EW,0.007,0.007
840,NvcNvl_L3_NS,NONE,0.007,0.0
840,NvcNvl_L2_NS,NONE,0.007,0.0
840,NvcNvl_L1_EW,NVCNVL_EW,0.021,0.012
840,NvcNvl_L2_EW,NVCNVL_EW,0.016,0.016
840,32Mt_L1_EW,NONE,0.043,0.0
840,32Mt_L1_NS,NONE,0.01,0.0
840,NvcMt_L1_EW,NVCMT_EW,0.013,-0.002
840,304Nvl_L3_EW,NONE,0.006,0.0
840,304Nvl_L2_NS,NONE,0.007,0.0
840,32Nvl_L3_EW,NONE,0.006,0.0
840,32Nvl_L3_EW,NONE,0.006,0.0
840,NvcNvl_L1_NS,NONE,0.009,0.0
840,NvcNvl_L3_EW,NONE,0.019,0.0
840,32Mt_L2_NS,NONE,0.009,0.0
840,NvcMt_L2_EW,NVCMT_EW,0.016,0.005
845,304Nvl_L1_NS,304NVL_NS,0.009,0.004
845,304Nvl_L1_EW,304NVL_EW,0.025,0.025
845,304Nvl_L2_EW,304NVL_EW,0.015,0.015
845,304Nvl_L1_NS,NONE,0.007,0.0
845,304Nvl_L3_NS,NONE,0.008,0.0
845,32Nvl_L1_NS,32NVL_NS,0.007,0.001
845,32Nvl_L1_EW,32NVL_EW,0.007,0.007
845,32Nvl_L2_EW,32NVL_EW,0.008,0.008
845,32Nvl_L1_EW,32NVL_EW,0.007,0.007
845,32Nvl_L2_EW,32NVL_EW,0.007,0.007
845,NvcNvl_L1_EW,NVCNVL_EW,0.014,0.01
845,NvcNvl_L2_EW,NVCNVL_EW,0.008,0.008
845,32Mt_L1_NS,32MT_NS,0.006,0.006
845,32Mt_L1_EW,NONE,0.007,0.0
845,32Mt_L1_NS,NONE,0.01,0.0
845,NvcMt_L2_NS,NONE,0.005,0.0
845,NvcMt_L1_EW,NVCMT_EW,0.006,-0.03
845,NvcCmt8_L2_EW,NVCCMT8_EW,0.026,0.026
845,304Nvl_L3_EW,NONE,0.013,0.0
845,304Nvl_L2_NS,NONE,0.007,0.0
845,32Nvl_L2_NS,32NVL_NS,0.007,0.007
845,32Nvl_L3_EW,NONE,0.006,0.0
845,32Nvl_L3_EW,NONE,0.006,0.0
845,NvcNvl_L3_EW,NONE,0.009,0.0
845,32Mt_L2_NS,NONE,0.009,0.0
845,NvcMt_L1_NS,NONE,0.005,0.0
845,NvcMt_L2_EW,NVCMT_EW,0.008,-0.016
845,NvcCmt8_L1_EW,NVCCMT8_EW,0.038,0.034
850,304Nvl_L1_NS,304NVL_NS,0.009,0.004
850,304Nvl_L1_EW,304NVL_EW,0.008,0.008
850,32Nvl_L3_NS,NONE,0.007,0.0
850,32Nvl_L1_NS,32NVL_NS,0.007,-0.004
850,32Nvl_L1_EW,32NVL_EW,0.014,0.014
850,32Nvl_L2_EW,32NVL_EW,0.015,0.015
850,32Nvl_L1_EW,32NVL_EW,0.007,0.007
850,32Nvl_L2_EW,32NVL_EW,0.007,0.007
850,32Nvl_L3_NS,NONE,0.025,0.0
850,32Nvl_L2_NS,32NVL_NS,0.024,0.024
850,NvcNvl_L3_NS,NONE,0.034,0.0
850,NvcNvl_L2_NS,NONE,0.033,0.0
850,NvcNvl_L1_EW,NONE,0.011,0.0
850,NvcNvl_L2_EW,NONE,0.008,0.0
850,NvcNvl_L1_EW,NVCNVL_EW,0.014,0.01
850,NvcNvl_L2_EW,NVCNVL_EW,0.008,0.006
850,NvcNvl_L1_NS,NVCNVL_NS,0.007,0.002
850,32Mt_L1_EW,NONE,0.007,0.0
850,32Mt_L3_EW,NONE,0.009,0.0
850,NvcMt_L1_EW,NVCMT_EW,0.006,-0.004
850,NvcMt_L2_EW,NVCMT_EW,0.003,-0.003
850,NvcMt_L1_NS,NVCMT_NS,0.007,0.007
850,32Nvl_L2_NS,32NVL_NS,0.007,0.007
850,32Nvl_L3_EW,NONE,0.006,0.0
850,32Nvl_L3_EW,NONE,0.013,0.0
850,32Nvl_L1_NS,32NVL_NS,0.02,0.009
850,NvcNvl_L1_NS,NONE,0.044,0.0
850,32Mt_L2_EW,NONE,0.008,0.0
850,NvcMt_L2_EW,NVCMT_EW,0.008,0.002
850,NvcMt_L1_EW,NVCMT_EW,0.006,-0.004
850,NvcMt_L2_NS,NVCMT_NS,0.005,0.005
855,304Nvl_L1_NS,304NVL_NS,0.009,0.009
855,304Nvl_L1_EW,304NVL_EW,0.008,0.008
855,304Nvl_L1_NS,NONE,0.007,0.0
855,32Nvl_L1_EW,32NVL_EW,0.021,0.021
855,32Nvl_L2_EW,32NVL_EW,0.023,0.023
855,32Nvl_L1_EW,32NVL_EW,0.007,0.007
855,32Nvl_L2_EW,32NVL_EW,0.007,0.007
855,NvcNvl_L3_NS,NONE,0.007,0.0
855,NvcNvl_L2_NS,NONE,0.007,0.0
855,NvcNvl_L1_EW,NVCNVL_EW,0.007,-0.051
855,NvcNvl_L1_NS,NVCNVL_NS,0.007,0.007
855,32Mt_L1_NS,32MT_NS,0.031,0.027
855,32Mt_L1_NS,NONE,0.01,0.0
855,NvcMt_L1_EW,NVCMT_EW,0.083,0.078
855,NvcMt_L1_NS,NVCMT_NS,0.007,-0.015
855,32Nvl_L3_EW,NONE,0.006,0.0
855,32Nvl_L3_EW,NONE,0.019,0.0
855,32Nvl_L1_NS,32NVL_NS,0.007,-0.004
855,NvcNvl_L1_NS,NONE,0.009,0.0
855,32Mt_L2_NS,32MT_NS,0.032,0.029
855,NvcMt_L2_EW,NVCMT_EW,0.103,0.103
855,NvcMt_L2_NS,NVCMT_NS,0.005,-0.017
860,32Nvl_L1_EW,32NVL_EW,0.014,0.009
860,32Nvl_L2_EW,32NVL_EW,0.015,0.015
860,32Nvl_L1_EW,32NVL_EW,0.007,0.002
860,32Nvl_L2_EW,32NVL_EW,0.007,0.007
860,32Nvl_L3_NS,NONE,0.008,0.0
860,32Nvl_L2_NS,32NVL_NS,0.008,0.008
860,NvcNvl_L2_NS,NONE,0.007,0.0
860,NvcNvl_L1_EW,NONE,0.021,0.0
860,NvcNvl_L2_EW,NONE,0.015,0.0
860,NvcNvl_L1_NS,NVCNVL_NS,0.007,0.007
860,32Mt_L1_NS,32MT_NS,0.031,0.027
860,32Mt_L1_EW,NONE,0.007,0.0
860,32Mt_L1_EW,32MT_EW,0.007,-0.003
860,NvcMt_L1_EW,NVCMT_EW,0.083,0.083
860,NvcMt_L1_NS,NVCMT_NS,0.007,-0.015
860,32Nvl_L3_EW,NONE,0.006,0.0
860,32Nvl_L3_EW,NONE,0.013,0.0
860,32Nvl_L1_NS,32NVL_NS,0.013,0.009
860,NvcNvl_L1_NS,NONE,0.009,0.0
860,NvcNvl_L3_EW,NONE,0.006,0.0
860,32Mt_L2_NS,32MT_NS,0.032,0.029
860,NvcMt_L2_EW,NVCMT_EW,0.103,0.103
860,NvcMt_L2_NS,NVCMT_NS,0.005,-0.017
865,304Nvl_L1_NS,NONE,0.007,0.0
865,304Nvl_L3_NS,NONE,0.008,0.0
865,32Nvl_L3_NS,NONE,0.007,0.0
865,32Nvl_L1_NS,32NVL_NS,0.007,0.007
865,32Nvl_L1_EW,32NVL_EW,0.014,0.009
865,32Nvl_L2_EW,32NVL_EW,0.015,0.012
865,32Nvl_L1_EW,32NVL_EW,0.007,0.002
865,32Nvl_L2_EW,32NVL_EW,0.007,0.004
865,NvcNvl_L3_NS,NONE,0.007,0.0
865,NvcNvl_L2_NS,NONE,0.007,0.0
865,32Mt_L1_NS,32MT_NS,0.031,0.027
865,32Mt_L1_EW,32MT_EW,0.007,-0.003
865,NvcMt_L1_NS,NVCMT_NS,0.007,-0.015
865,304Nvl_L2_NS,NONE,0.007,0.0
865,32Nvl_L2_NS,32NVL_NS,0.007,0.007
865,32Nvl_L3_EW,NONE,0.006,0.0
865,32Nvl_L3_EW,NONE,0.013,0.0
865,NvcNvl_L1_NS,NONE,0.009,0.0
865,32Mt_L2_NS,32MT_NS,0.032,0.029
865,32Mt_L2_EW,32MT_EW,0.005,-0.005
865,NvcMt_L2_NS,NVCMT_NS,0.005,-0.017
870,32Nvl_L1_EW,32NVL_EW,0.014,0.014
870,32Nvl_L2_EW,32NVL_EW,0.015,0.015
870,32Nvl_L1_EW,32NVL_EW,0.007,0.007
870,32Nvl_L2_EW,32NVL_EW,0.007,0.007
870,NvcNvl_L1_EW,NONE,0.011,0.0
870,NvcNvl_L2_EW,NONE,0.008,0.0
870,NvcMt_L1_NS,NVCMT_NS,0.007,0.007
870,32Nvl_L3_EW,NONE,0.006,0.0
870,32Nvl_L3_EW,NONE,0.013,0.0
870,32Nvl_L1_NS,32NVL_NS,0.007,0.007
870,NvcMt_L2_NS,NVCMT_NS,0.005,0.005
875,304Nvl_L1_EW,304NVL_EW,0.008,0.008
875,304Nvl_L2_EW,304NVL_EW,0.007,0.007
875,32Nvl_L1_EW,32NVL_EW,0.014,-0.01
875,32Nvl_L2_EW,32NVL_EW,0.015,0.015
875,32Nvl_L1_EW,32NVL_EW,0.007,-0.018
875,32Nvl_L2_EW,32NVL_EW,0.007,0.007
875,32Nvl_L3_NS,NONE,0.008,0.0
875,32Nvl_L2_NS,32NVL_NS,0.008,0.008
875,NvcNvl_L3_NS,NONE,0.041,0.0
875,NvcNvl_L2_NS,NONE,0.04,0.0
875,32Mt_L1_EW,32MT_EW,0.035,0.025
875,NvcMt_L1_NS,NVCMT_NS,0.007,0.007
875,304Nvl_L3_EW,NONE,0.006,0.0
875,32Nvl_L3_EW,NONE,0.006,0.0
875,32Nvl_L3_EW,NONE,0.013,0.0
875,32Nvl_L1_NS,32NVL_NS,0.013,0.013
875,NvcNvl_L1_NS,NONE,0.052,0.0
875,NvcMt_L2_NS,NVCMT_NS,0.005,0.005
880,32Nvl_L3_NS,NONE,0.007,0.0
880,32Nvl_L1_NS,32NVL_NS,0.007,0.007
880,32Nvl_L1_EW,32NVL_EW,0.014,-0.01
880,32Nvl_L2_EW,32NVL_EW,0.015,-0.004
880,32Nvl_L1_EW,32NVL_EW,0.007,-0.018
880,32Nvl_L2_EW,32NVL_EW,0.007,-0.012
880,NvcNvl_L3_NS,NONE,0.014,0.0
880,NvcNvl_L2_NS,NONE,0.013,0.0
880,32Mt_L1_EW,NONE,0.007,0.0
880,32Mt_L3_EW,NONE,0.009,0.0
880,32Mt_L1_EW,32MT_EW,0.035,0.025
880,32Mt_L1_NS,NONE,0.01,0.0
880,NvcMt_L1_NS,NVCMT_NS,0.007,0.007
880,32Nvl_L2_NS,32NVL_NS,0.007,0.007
880,32Nvl_L3_EW,NONE,0.006,0.0
880,32Nvl_L3_EW,NONE,0.013,0.0
880,NvcNvl_L1_NS,NONE,0.017,0.0
880,32Mt_L2_EW,NONE,0.008,0.0
880,32Mt_L2_EW,32MT_EW,0.027,0.016
880,32Mt_L2_NS,NONE,0.009,0.0
880,NvcMt_L2_NS,NVCMT_NS,0.005,0.005
885,32Nvl_L1_EW,32NVL_EW,0.014,0.014
885,32Nvl_L2_EW,32NVL_EW,0.015,0.015
885,32Nvl_L1_EW,32NVL_EW,0.007,0.007
885,32Nvl_L2_EW,32NVL_EW,0.007,0.007
885,NvcNvl_L1_EW,NVCNVL_EW,0.035,0.035
885,32Mt_L1_NS,32MT_NS,0.006,0.001
885,32Mt_L1_NS,NONE,0.01,0.0
885,NvcMt_L1_NS,NVCMT_NS,0.007,0.002
885,32Nvl_L3_EW,NONE,0.006,0.0
885,32Nvl_L3_EW,NONE,0.013,0.0
885,32Nvl_L1_NS,32NVL_NS,0.007,0.007
885,32Mt_L2_NS,32MT_NS,0.006,0.003
885,NvcMt_L2_NS,NVCMT_NS,0.005,0.001
890,NvcNvl_L1_EW,NVCNVL_EW,0.042,0.042
890,32Mt_L1_NS,32MT_NS,0.006,0.001
890,32Mt_L1_EW,32MT_EW,0.007,0.007
890,NvcMt_L1_NS,NVCMT_NS,0.007,0.002
890,32Mt_L2_NS,32MT_NS,0.006,0.003
890,32Mt_L2_EW,32MT_EW,0.005,0.005
890,NvcMt_L2_NS,NVCMT_NS,0.005,0.001
895,32Nvl_L1_EW,32NVL_EW,0.007,0.007
895,32Nvl_L2_EW,32NVL_EW,0.008,0.008
895,32Nvl_L1_EW,32NVL_EW,0.007,0.007
895,32Mt_L1_NS,32MT_NS,0.006,0.001
895,NvcMt_L1_NS,NVCMT_NS,0.007,0.002
895,32Nvl_L3_EW,NONE,0.006,0.0
895,32Nvl_L1_NS,32NVL_NS,0.007,0.007
895,32Mt_L2_NS,32MT_NS,0.006,0.003
895,NvcMt_L2_NS,NVCMT_NS,0.005,0.001
900,304Nvl_L1_NS,304NVL_NS,0.009,0.009
900,304Nvl_L3_NS,NONE,0.007,0.0
900,304Nvl_L1_EW,304NVL_EW,0.008,0.008
900,304Nvl_L2_EW,304NVL_EW,0.007,0.007
900,NvcMt_L2_NS,NONE,0.005,0.0
900,304Nvl_L2_NS,304NVL_NS,0.008,0.008
900,304Nvl_L3_EW,NONE,0.006,0.0
900,32Nvl_L1_NS,32NVL_NS,0.007,0.0
900,NvcMt_L1_NS,NONE,0.005,0.0
905,304Nvl_L1_EW,304NVL_EW,0.008,0.008
905,304Nvl_L2_EW,304NVL_EW,0.007,0.007
905,32Nvl_L3_NS,NONE,0.007,0.0
905,32Nvl_L1_NS,32NVL_NS,0.007,0.007
905,32Nvl_L3_NS,NONE,0.008,0.0
905,32Nvl_L2_NS,32NVL_NS,0.008,0.008
905,32Mt_L1_EW,NONE,0.007,0.0
905,32Mt_L1_EW,32MT_EW,0.007,0.007
905,NvcCmt8_L2_NS,NONE,0.054,0.0
905,NvcCmt8_L1_NS,NONE,0.039,0.0
905,304Nvl_L3_EW,NONE,0.006,0.0
905,32Nvl_L2_NS,32NVL_NS,0.007,0.007
905,32Nvl_L1_NS,32NVL_NS,0.02,0.02
905,32Mt_L2_EW,NONE,0.008,0.0
910,304Nvl_L1_EW,304NVL_EW,0.008,0.008
910,304Nvl_L2_EW,304NVL_EW,0.007,0.007
910,304Nvl_L1_NS,NONE,0.007,0.0
910,32Nvl_L3_NS,NONE,0.008,0.0
910,32Nvl_L2_NS,32NVL_NS,0.008,0.008
910,32Mt_L1_EW,32MT_EW,0.007,0.007
910,NvcMt_L2_NS,NONE,0.005,0.0
910,NvcCmt8_L2_NS,NONE,0.054,0.0
910,NvcCmt8_L1_NS,NONE,0.039,0.0
910,304Nvl_L3_EW,NONE,0.006,0.0
910,32Nvl_L1_NS,32NVL_NS,0.007,0.007
910,32Mt_L2_EW,32MT_EW,0.005,0.005
910,NvcMt_L1_NS,NONE,0.005,0.0
915,304Nvl_L1_EW,304NVL_EW,0.008,0.008
915,304Nvl_L2_EW,304NVL_EW,0.007,0.007
915,304Nvl_L1_NS,NONE,0.007,0.0
915,32Nvl_L3_NS,NONE,0.017,0.0
915,32Nvl_L2_NS,32NVL_NS,0.016,0.016
915,32Mt_L1_EW,32MT_EW,0.007,0.007
915,32Mt_L1_NS,NONE,0.01,0.0
915,304Nvl_L3_EW,NONE,0.006,0.0
915,32Nvl_L1_NS,32NVL_NS,0.013,0.013
915,32Mt_L2_EW,32MT_EW,0.005,0.005
920,304Nvl_L1_EW,304NVL_EW,0.008,0.008
920,304Nvl_L2_EW,304NVL_EW,0.007,0.007
920,32Mt_L1_EW,32MT_EW,0.007,0.007
920,NvcMt_L1_EW,NVCMT_EW,0.006,0.006
920,304Nvl_L3_EW,NONE,0.006,0.0
920,32Mt_L2_EW,32MT_EW,0.005,0.005
920,NvcMt_L2_EW,NVCMT_EW,0.008,0.008
925,304Nvl_L1_EW,304NVL_EW,0.008,0.008
925,304Nvl_L2_EW,304NVL_EW,0.007,0.007
925,32Nvl_L1_NS,32NVL_NS,0.014,0.014
925,32Mt_L1_EW,32MT_EW,0.007,0.007
925,NvcMt_L1_EW,NVCMT_EW,0.006,0.006
925,304Nvl_L3_EW,NONE,0.006,0.0
925,32Mt_L2_EW,32MT_EW,0.005,0.005
925,NvcMt_L2_EW,NVCMT_EW,0.008,0.008
930,304Nvl_L1_EW,304NVL_EW,0.008,0.008
930,304Nvl_L2_EW,304NVL_EW,0.007,0.007
930,32Nvl_L1_EW,32NVL_EW,0.007,0.002
930,32Nvl_L2_EW,32NVL_EW,0.008,0.004
930,NvcNvl_L3_NS,NONE,0.007,0.0
930,NvcNvl_L2_NS,NONE,0.007,0.0
930,32Mt_L1_EW,32MT_EW,0.007,0.002
930,NvcMt_L1_EW,NVCMT_EW,0.006,0.006
930,NvcMt_L1_NS,NVCMT_NS,0.007,0.007
930,304Nvl_L3_EW,NONE,0.006,0.0
930,32Nvl_L3_EW,NONE,0.006,0.0
930,NvcNvl_L1_NS,NONE,0.009,0.0
930,32Mt_L2_EW,32MT_EW,0.005,0.0
930,NvcMt_L2_EW,NVCMT_EW,0.008,0.008
930,NvcMt_L2_NS,NVCMT_NS,0.005,0.005
935,304Nvl_L1_EW,304NVL_EW,0.008,0.008
935,304Nvl_L2_EW,304NVL_EW,0.007,0.007
935,32Nvl_L1_EW,32NVL_EW,0.007,0.002
935,32Nvl_L2_EW,32NVL_EW,0.008,0.004
935,NvcNvl_L3_NS,NONE,0.02,0.0
935,NvcNvl_L2_NS,NONE,0.02,0.0
935,32Mt_L1_EW,NONE,0.007,0.0
935,32Mt_L3_EW,NONE,0.009,0.0
935,32Mt_L1_EW,32MT_EW,0.007,0.002
935,NvcMt_L1_EW,NVCMT_EW,0.006,0.006
935,304Nvl_L3_EW,NONE,0.006,0.0
935,32Nvl_L3_EW,NONE,0.006,0.0
935,NvcNvl_L1_NS,NONE,0.026,0.0
935,32Mt_L2_EW,NONE,0.015,0.0
935,32Mt_L2_EW,32MT_EW,0.005,0.0
935,NvcMt_L2_EW,NVCMT_EW,0.008,0.008
940,304Nvl_L1_EW,304NVL_EW,0.017,0.017
940,304Nvl_L2_EW,304NVL_EW,0.015,0.015
940,32Nvl_L3_NS,NONE,0.007,0.0
940,32Nvl_L1_NS,32NVL_NS,0.007,0.007
940,32Nvl_L1_EW,32NVL_EW,0.05,0.039
940,32Nvl_L2_EW,32NVL_EW,0.054,0.044
940,NvcNvl_L3_NS,NONE,0.007,0.0
940,NvcNvl_L2_NS,NONE,0.007,0.0
940,NvcNvl_L1_EW,NONE,0.139,0.0
940,NvcNvl_L2_EW,NONE,0.099,0.0
940,32Mt_L1_EW,NONE,0.014,0.0
940,32Mt_L3_EW,NONE,0.018,0.0
940,32Mt_L1_EW,32MT_EW,0.007,-0.028
940,32Thn_L1_EW,32THN_EW,0.008,-0.027
940,32Thn_L2_EW,32THN_EW,0.008,-0.03
940,32Thn_L3_EW,NONE,0.008,0.0
940,304Nvl_L3_EW,NONE,0.013,0.0
940,32Nvl_L2_NS,32NVL_NS,0.007,0.007
940,32Nvl_L3_EW,NONE,0.044,0.0
940,NvcNvl_L1_NS,NONE,0.009,0.0
940,NvcNvl_L3_EW,NONE,0.082,0.0
940,32Mt_L2_EW,NONE,0.015,0.0
940,32Mt_L2_EW,32MT_EW,0.005,-0.032
945,304Nvl_L1_EW,304NVL_EW,0.017,0.017
945,304Nvl_L2_EW,304NVL_EW,0.015,0.015
945,304Nvl_L1_NS,NONE,0.007,0.0
945,304Nvl_L3_NS,NONE,0.008,0.0
945,32Nvl_L1_EW,32NVL_EW,0.014,0.004
945,32Nvl_L2_EW,32NVL_EW,0.015,0.006
945,32Nvl_L3_NS,NONE,0.008,0.0
945,32Nvl_L2_NS,32NVL_NS,0.008,0.008
945,NvcNvl_L1_EW,NONE,0.214,0.0
945,NvcNvl_L2_EW,NONE,0.153,0.0
945,32Mt_L1_EW,32MT_EW,0.007,-0.003
945,32Mt_L1_NS,NONE,0.01,0.0
945,32Thn_L1_EW,32THN_EW,0.008,-0.002
945,32Thn_L2_EW,32THN_EW,0.008,-0.002
945,32Thn_L3_EW,NONE,0.008,0.0
945,304Nvl_L3_EW,NONE,0.013,0.0
945,304Nvl_L2_NS,NONE,0.007,0.0
945,32Nvl_L3_EW,NONE,0.013,0.0
945,32Nvl_L1_NS,32NVL_NS,0.007,0.007
945,NvcNvl_L3_EW,NONE,0.12,0.0
945,32Mt_L2_EW,32MT_EW,0.005,-0.005
950,304Nvl_L1_NS,304NVL_NS,0.009,0.009
950,304Nvl_L3_NS,NONE,0.007,0.0
950,304Nvl_L1_EW,304NVL_EW,0.025,0.025
950,304Nvl_L2_EW,304NVL_EW,0.022,0.022
950,304Nvl_L1_NS,NONE,0.007,0.0
950,304Nvl_L3_NS,NONE,0.008,0.0
950,32Nvl_L1_EW,32NVL_EW,0.014,0.004
950,32Nvl_L2_EW,32NVL_EW,0.015,0.012
950,NvcNvl_L1_EW,NONE,0.053,0.0
950,NvcNvl_L2_EW,NONE,0.038,0.0
950,NvcNvl_L1_EW,NVCNVL_EW,0.007,0.007
950,32Mt_L1_EW,NONE,0.007,0.0
950,32Mt_L3_EW,NONE,0.009,0.0
950,32Mt_L1_EW,32MT_EW,0.014,0.004
950,32Mt_L1_NS,NONE,0.01,0.0
950,NvcMt_L2_NS,NONE,0.005,0.0
950,NvcMt_L2_EW,NVCMT_EW,0.013,0.013
950,NvcCmt8_L2_EW,NONE,0.037,0.0
950,32Thn_L1_EW,NONE,0.019,0.0
950,32Thn_L2_EW,NONE,0.01,0.0
950,32Thn_L3_EW,NONE,0.007,0.0
950,304Nvl_L2_NS,304NVL_NS,0.008,0.008
950,304Nvl_L3_EW,NONE,0.019,0.0
950,304Nvl_L2_NS,NONE,0.007,0.0
950,32Nvl_L3_EW,NONE,0.013,0.0
950,32Nvl_L1_NS,32NVL_NS,0.034,0.027
950,NvcNvl_L3_EW,NONE,0.032,0.0
950,32Mt_L2_EW,NONE,0.008,0.0
950,32Mt_L2_EW,32MT_EW,0.005,-0.005
950,NvcMt_L1_NS,NONE,0.005,0.0
950,NvcMt_L1_EW,NVCMT_EW,0.028,0.023
950,NvcCmt8_L1_EW,NONE,0.029,0.0
955,304Nvl_L1_EW,304NVL_EW,0.085,0.085
955,304Nvl_L2_EW,304NVL_EW,0.065,0.065
955,32Nvl_L1_EW,32NVL_EW,0.007,-0.003
955,32Nvl_L2_EW,32NVL_EW,0.008,0.004
955,NvcNvl_L3_NS,NONE,0.034,0.0
955,NvcNvl_L2_NS,NONE,0.033,0.0
955,NvcNvl_L1_EW,NVCNVL_EW,0.092,0.092
955,32Mt_L1_EW,NONE,0.014,0.0
955,32Mt_L3_EW,NONE,0.009,0.0
955,32Mt_L1_EW,32MT_EW,0.007,0.002
955,32Thn_L1_EW,NONE,0.01,0.0
955,32Thn_L1_EW,32THN_EW,0.008,0.003
955,304Nvl_L3_EW,NONE,0.057,0.0
955,32Nvl_L3_EW,NONE,0.006,0.0
955,32Nvl_L1_NS,32NVL_NS,0.007,0.007
955,NvcNvl_L1_NS,NONE,0.044,0.0
955,32Mt_L2_EW,NONE,0.015,0.0
955,32Mt_L2_EW,32MT_EW,0.005,0.0
955,NvcCmt8_L1_EW,NVCCMT8_EW,0.038,0.038
960,304Nvl_L1_EW,304NVL_EW,0.025,0.025
960,304Nvl_L2_EW,304NVL_EW,0.015,0.015
960,304Nvl_L1_NS,NONE,0.007,0.0
960,32Nvl_L1_EW,32NVL_EW,0.007,-0.003
960,32Nvl_L2_EW,32NVL_EW,0.008,0.004
960,NvcNvl_L3_NS,NONE,0.007,0.0
960,NvcNvl_L2_NS,NONE,0.007,0.0
960,NvcNvl_L1_EW,NONE,0.011,0.0
960,NvcNvl_L2_EW,NONE,0.008,0.0
960,NvcNvl_L1_EW,NVCNVL_EW,0.12,0.12
960,32Mt_L1_EW,32MT_EW,0.007,0.002
960,32Mt_L1_NS,NONE,0.01,0.0
960,32Thn_L1_EW,32THN_EW,0.008,0.003
960,304Nvl_L3_EW,NONE,0.013,0.0
960,32Nvl_L3_EW,NONE,0.006,0.0
960,NvcNvl_L1_NS,NONE,0.009,0.0
960,32Mt_L2_EW,32MT_EW,0.005,0.0
965,304Nvl_L1_NS,304NVL_NS,0.009,0.009
965,304Nvl_L3_NS,NONE,0.007,0.0
965,304Nvl_L1_NS,NONE,0.022,0.0
965,32Nvl_L1_EW,32NVL_EW,0.007,0.007
965,32Nvl_L2_EW,32NVL_EW,0.008,0.008
965,32Nvl_L3_NS,NONE,0.008,0.0
965,32Nvl_L2_NS,32NVL_NS,0.008,0.003
965,NvcNvl_L3_NS,NONE,0.007,0.0
965,NvcNvl_L2_NS,NONE,0.007,0.0
965,NvcNvl_L1_EW,NONE,0.011,0.0
965,NvcNvl_L2_EW,NONE,0.008,0.0
965,NvcNvl_L1_EW,NVCNVL_EW,0.035,0.035
965,32Mt_L1_NS,32MT_NS,0.006,0.006
965,32Mt_L1_EW,NONE,0.014,0.0
965,32Mt_L3_EW,NONE,0.009,0.0
965,32Mt_L1_NS,NONE,0.059,0.0
965,304Nvl_L2_NS,304NVL_NS,0.008,0.002
965,32Nvl_L3_EW,NONE,0.006,0.0
965,32Nvl_L1_NS,32NVL_NS,0.007,0.0
965,NvcNvl_L1_NS,NONE,0.009,0.0
965,32Mt_L2_EW,NONE,0.008,0.0
965,32Mt_L2_NS,NONE,0.052,0.0
970,304Nvl_L1_NS,304NVL_NS,0.018,0.018
970,304Nvl_L3_NS,NONE,0.015,0.0
970,304Nvl_L1_EW,304NVL_EW,0.042,0.042
970,304Nvl_L1_NS,NONE,0.007,0.0
970,32Nvl_L1_EW,32NVL_EW,0.007,0.007
970,32Nvl_L2_EW,32NVL_EW,0.008,0.008
970,32Nvl_L3_NS,NONE,0.008,0.0
970,32Nvl_L2_NS,32NVL_NS,0.008,-0.003
970,NvcNvl_L1_EW,NVCNVL_EW,0.035,0.035
970,32Mt_L1_NS,32MT_NS,0.006,0.006
970,32Mt_L1_NS,NONE,0.01,0.0
970,304Nvl_L2_NS,304NVL_NS,0.015,0.01
970,32Nvl_L3_EW,NONE,0.006,0.0
970,32Nvl_L1_NS,32NVL_NS,0.007,-0.006
970,32Mt_L2_NS,NONE,0.009,0.0
975,304Nvl_L1_NS,304NVL_NS,0.018,0.018
975,304Nvl_L3_NS,NONE,0.015,0.0
975,304Nvl_L1_EW,304NVL_EW,0.042,0.042
975,32Nvl_L1_EW,32NVL_EW,0.042,0.038
975,32Nvl_L2_EW,32NVL_EW,0.046,0.043
975,NvcNvl_L1_EW,NVCNVL_EW,0.007,0.003
975,NvcNvl_L2_EW,NVCNVL_EW,0.008,0.008
975,32Mt_L1_NS,32MT_NS,0.006,0.006
975,32Mt_L1_EW,32MT_EW,0.007,-0.023
975,32Mt_L1_NS,NONE,0.049,0.0
975,NvcMt_L2_NS,NONE,0.005,0.0
975,NvcMt_L1_EW,NVCMT_EW,0.006,-0.025
975,NvcCmt8_L2_EW,NVCCMT8_EW,0.026,0.026
975,304Nvl_L2_NS,304NVL_NS,0.015,0.015
975,32Nvl_L3_EW,NONE,0.038,0.0
975,NvcNvl_L3_EW,NONE,0.009,0.0
975,32Mt_L2_EW,32MT_EW,0.005,-0.027
975,NvcMt_L1_NS,NONE,0.005,0.0
975,NvcMt_L2_EW,NVCMT_EW,0.008,-0.016
975,NvcCmt8_L1_EW,NVCCMT8_EW,0.038,0.034
980,304Nvl_L1_NS,304NVL_NS,0.027,0.022
980,304Nvl_L3_NS,NONE,0.015,0.0
980,32Nvl_L1_NS,32NVL_NS,0.007,-0.012
980,32Nvl_L1_EW,32NVL_EW,0.05,0.05
980,32Nvl_L2_EW,32NVL_EW,0.054,0.054
980,NvcNvl_L3_NS,NONE,0.007,0.0
980,NvcNvl_L2_NS,NONE,0.007,0.0
980,32Mt_L1_NS,32MT_NS,0.006,0.006
980,32Mt_L1_EW,NONE,0.007,0.0
980,32Mt_L3_EW,NONE,0.009,0.0
980,304Nvl_L2_NS,304NVL_NS,0.015,0.015
980,32Nvl_L3_EW,NONE,0.044,0.0
980,NvcNvl_L1_NS,NONE,0.009,0.0
980,32Mt_L2_EW,NONE,0.008,0.0
985,304Nvl_L1_NS,304NVL_NS,0.027,0.022
985,304Nvl_L3_NS,NONE,0.015,0.0
985,32Nvl_L1_NS,32NVL_NS,0.007,-0.012
985,32Mt_L1_NS,32MT_NS,0.006,0.006
985,32Mt_L1_EW,NONE,0.007,0.0
985,32Mt_L3_EW,NONE,0.009,0.0
985,NvcMt_L2_NS,NONE,0.005,0.0
985,304Nvl_L2_NS,304NVL_NS,0.015,0.015
985,32Nvl_L1_NS,32NVL_NS,0.007,-0.012
985,32Mt_L2_EW,NONE,0.008,0.0
985,NvcMt_L1_NS,NONE,0.005,0.0
990,304Nvl_L1_NS,304NVL_NS,0.027,0.022
990,304Nvl_L3_NS,NONE,0.015,0.0
990,304Nvl_L1_EW,304NVL_EW,0.008,0.008
990,304Nvl_L2_EW,304NVL_EW,0.007,0.007
990,32Nvl_L3_NS,NONE,0.007,0.0
990,32Nvl_L1_NS,32NVL_NS,0.007,-0.012
990,32Nvl_L3_NS,NONE,0.017,0.0
990,32Nvl_L2_NS,32NVL_NS,0.016,0.005
990,NvcNvl_L1_EW,NONE,0.011,0.0
990,NvcNvl_L2_EW,NONE,0.008,0.0
990,32Mt_L1_EW,NONE,0.007,0.0
990,32Mt_L1_NS,NONE,0.029,0.0
990,NvcCmt8_L2_NS,NONE,0.011,0.0
990,NvcCmt8_L1_NS,NONE,0.008,0.0
990,304Nvl_L2_NS,304NVL_NS,0.015,0.004
990,304Nvl_L3_EW,NONE,0.006,0.0
990,32Nvl_L2_NS,32NVL_NS,0.007,-0.004
990,32Nvl_L1_NS,32NVL_NS,0.027,0.008
990,NvcNvl_L3_EW,NONE,0.006,0.0
990,32Mt_L2_NS,NONE,0.017,0.0
995,304Nvl_L1_NS,304NVL_NS,0.018,0.004
995,304Nvl_L3_NS,NONE,0.015,0.0
995,304Nvl_L1_EW,304NVL_EW,0.017,0.017
995,304Nvl_L2_EW,304NVL_EW,0.015,0.015
995,32Nvl_L3_NS,NONE,0.014,0.0
995,32Nvl_L1_NS,32NVL_NS,0.021,0.008
995,32Nvl_L3_NS,NONE,0.067,0.0
995,32Nvl_L2_NS,32NVL_NS,0.063,0.053
995,NvcNvl_L1_EW,NVCNVL_EW,0.007,0.003
995,32Mt_L1_NS,NONE,0.02,0.0
995,NvcMt_L2_NS,NONE,0.005,0.0
995,NvcMt_L1_EW,NVCMT_EW,0.006,0.001
995,304Nvl_L2_NS,304NVL_NS,0.015,-0.029
995,304Nvl_L3_EW,NONE,0.006,0.0
995,32Nvl_L2_NS,32NVL_NS,0.02,0.009
995,32Nvl_L1_NS,32NVL_NS,0.067,0.054
995,32Mt_L2_NS,NONE,0.017,0.0
995,NvcMt_L1_NS,NONE,0.005,0.0
995,NvcMt_L2_EW,NVCMT_EW,0.008,0.008
1000,304Nvl_L1_NS,304NVL_NS,0.018,0.004
1000,304Nvl_L3_NS,NONE,0.015,0.0
1000,304Nvl_L1_EW,304NVL_EW,0.008,0.008
1000,304Nvl_L2_EW,304NVL_EW,0.007,0.007
1000,32Nvl_L3_NS,NONE,0.014,0.0
1000,32Nvl_L1_NS,32NVL_NS,0.021,0.008
1000,32Nvl_L3_NS,NONE,0.075,0.0
1000,32Nvl_L2_NS,32NVL_NS,0.071,0.06
1000,NvcNvl_L1_EW,NONE,0.011,0.0
1000,NvcNvl_L2_EW,NONE,0.008,0.0
1000,NvcNvl_L1_EW,NVCNVL_EW,0.007,0.003
1000,NvcNvl_L2_EW,NVCNVL_EW,0.008,0.008
1000,32Mt_L1_NS,32MT_NS,0.006,0.006
1000,32Mt_L1_NS,NONE,0.02,0.0
1000,NvcMt_L1_EW,NVCMT_EW,0.006,0.001
1000,304Nvl_L2_NS,304NVL_NS,0.015,-0.035
1000,304Nvl_L3_EW,NONE,0.006,0.0
1000,32Nvl_L2_NS,32NVL_NS,0.02,0.009
1000,32Nvl_L1_NS,32NVL_NS,0.067,0.054
1000,NvcNvl_L3_EW,NONE,0.009,0.0
1000,NvcMt_L2_EW,NVCMT_EW,0.008,0.002
1005,304Nvl_L1_NS,304NVL_NS,0.018,0.008
1005,304Nvl_L3_NS,NONE,0.015,0.0
1005,304Nvl_L1_EW,304NVL_EW,0.017,0.017
1005,32Nvl_L3_NS,NONE,0.007,0.0
1005,32Nvl_L1_NS,32NVL_NS,0.014,0.001
1005,32Nvl_L3_NS,NONE,0.075,0.0
1005,32Nvl_L2_NS,32NVL_NS,0.071,0.06
1005,NvcNvl_L3_NS,NONE,0.007,0.0
1005,NvcNvl_L2_NS,NONE,0.007,0.0
1005,32Mt_L1_NS,32MT_NS,0.006,0.006
1005,32Mt_L1_EW,NONE,0.014,0.0
1005,32Mt_L3_EW,NONE,0.018,0.0
1005,32Mt_L1_EW,32MT_EW,0.007,0.007
1005,NvcMt_L1_EW,NVCMT_EW,0.006,0.006
1005,304Nvl_L2_NS,304NVL_NS,0.015,-0.035
1005,32Nvl_L2_NS,32NVL_NS,0.013,0.003
1005,32Nvl_L1_NS,32NVL_NS,0.06,0.048
1005,NvcNvl_L1_NS,NONE,0.009,0.0
1005,32Mt_L2_EW,NONE,0.015,0.0
1005,NvcMt_L2_EW,NVCMT_EW,0.008,0.008
1010,304Nvl_L1_NS,304NVL_NS,0.018,0.008
1010,304Nvl_L3_NS,NONE,0.015,0.0
1010,304Nvl_L1_EW,304NVL_EW,0.051,0.051
1010,304Nvl_L2_EW,304NVL_EW,0.036,0.036
1010,32Nvl_L3_NS,NONE,0.007,0.0
1010,32Nvl_L1_NS,32NVL_NS,0.014,0.001
1010,32Nvl_L1_EW,32NVL_EW,0.007,0.007
1010,32Nvl_L2_EW,32NVL_EW,0.007,0.007
1010,32Nvl_L3_NS,NONE,0.083,0.0
1010,32Nvl_L2_NS,32NVL_NS,0.079,0.068
1010,NvcNvl_L3_NS,NONE,0.007,0.0
1010,NvcNvl_L2_NS,NONE,0.007,0.0
1010,32Mt_L1_EW,NONE,0.007,0.0
1010,32Mt_L3_EW,NONE,0.009,0.0
1010,304Nvl_L2_NS,304NVL_NS,0.015,-0.04
1010,304Nvl_L3_EW,NONE,0.032,0.0
1010,32Nvl_L2_NS,32NVL_NS,0.013,0.003
1010,32Nvl_L3_EW,NONE,0.006,0.0
1010,32Nvl_L1_NS,32NVL_NS,0.074,0.061
1010,NvcNvl_L1_NS,NONE,0.009,0.0
1010,32Mt_L2_EW,NONE,0.008,0.0
1015,304Nvl_L1_EW,304NVL_EW,0.059,0.059
1015,304Nvl_L2_EW,304NVL_EW,0.044,0.044
1015,304Nvl_L1_NS,NONE,0.007,0.0
1015,304Nvl_L3_NS,NONE,0.008,0.0
1015,32Nvl_L1_EW,32NVL_EW,0.007,0.007
1015,32Nvl_L2_EW,32NVL_EW,0.007,0.007
1015,32Nvl_L3_NS,NONE,0.017,0.0
1015,32Nvl_L2_NS,32NVL_NS,0.016,0.016
1015,NvcNvl_L1_EW,NVCNVL_EW,0.035,0.035
1015,NvcNvl_L2_EW,NVCNVL_EW,0.039,0.039
1015,32Mt_L1_NS,32MT_NS,0.006,0.006
1015,32Mt_L1_NS,NONE,0.01,0.0
1015,NvcCmt8_L2_NS,NONE,0.011,0.0
1015,NvcCmt8_L1_NS,NONE,0.008,0.0
1015,304Nvl_L3_EW,NONE,0.038,0.0
1015,304Nvl_L2_NS,NONE,0.007,0.0
1015,32Nvl_L3_EW,NONE,0.006,0.0
1015,32Nvl_L1_NS,32NVL_NS,0.02,0.02
1015,NvcNvl_L3_EW,NONE,0.047,0.0
1015,32Mt_L2_NS,NONE,0.009,0.0
1020,304Nvl_L1_EW,304NVL_EW,0.068,0.068
1020,304Nvl_L2_EW,304NVL_EW,0.051,0.051
1020,304Nvl_L1_NS,NONE,0.015,0.0
1020,32Nvl_L1_NS,32NVL_NS,0.007,0.007
1020,32Nvl_L1_EW,32NVL_EW,0.007,-0.004
1020,32Nvl_L2_EW,32NVL_EW,0.007,0.002
1020,NvcNvl_L1_EW,NVCNVL_EW,0.042,0.042
1020,NvcNvl_L2_EW,NVCNVL_EW,0.039,0.039
1020,32Mt_L1_EW,32MT_EW,0.007,0.007
1020,32Mt_L1_NS,NONE,0.01,0.0
1020,32Thn_L1_EW,32THN_EW,0.008,0.008
1020,32Thn_L2_EW,32THN_EW,0.008,0.008
1020,32Thn_L3_EW,NONE,0.008,0.0
1020,304Nvl_L3_EW,NONE,0.044,0.0
1020,32Nvl_L3_EW,NONE,0.006,0.0
1020,32Nvl_L1_NS,32NVL_NS,0.007,0.007
1020,NvcNvl_L3_EW,NONE,0.047,0.0
1025,304Nvl_L1_EW,304NVL_EW,0.059,0.059
1025,304Nvl_L2_EW,304NVL_EW,0.044,0.044
1025,304Nvl_L1_NS,NONE,0.007,0.0
1025,32Nvl_L1_NS,32NVL_NS,0.007,0.007
1025,32Nvl_L1_EW,32NVL_EW,0.007,-0.004
1025,32Nvl_L2_EW,32NVL_EW,0.007,-0.002
1025,NvcNvl_L1_EW,NVCNVL_EW,0.042,0.042
1025,NvcNvl_L2_EW,NVCNVL_EW,0.039,0.039
1025,32Mt_L1_EW,NONE,0.007,0.0
1025,32Mt_L1_EW,32MT_EW,0.007,0.007
1025,NvcMt_L2_NS,NONE,0.005,0.0
1025,32Thn_L1_EW,32THN_EW,0.008,0.008
1025,32Thn_L2_EW,32THN_EW,0.008,0.008
1025,32Thn_L3_EW,NONE,0.008,0.0
1025,304Nvl_L3_EW,NONE,0.038,0.0
1025,32Nvl_L3_EW,NONE,0.006,0.0
1025,NvcNvl_L3_EW,NONE,0.047,0.0
1025,32Mt_L2_EW,32MT_EW,0.005,0.005
1025,NvcMt_L1_NS,NONE,0.005,0.0
1025,NvcCmt8_L1_NS,NONE,0.011,0.0
1030,304Nvl_L1_EW,304NVL_EW,0.025,0.025
1030,304Nvl_L2_EW,304NVL_EW,0.015,0.015
1030,32Nvl_L1_NS,32NVL_NS,0.014,0.014
1030,32Nvl_L1_EW,32NVL_EW,0.007,0.002
1030,32Nvl_L2_EW,32NVL_EW,0.007,0.004
1030,NvcNvl_L1_EW,NVCNVL_EW,0.049,0.049
1030,NvcNvl_L2_EW,NVCNVL_EW,0.047,0.047
1030,32Mt_L1_EW,32MT_EW,0.007,0.007
1030,32Thn_L1_EW,NONE,0.01,0.0
1030,304Nvl_L3_EW,NONE,0.013,0.0
1030,32Nvl_L3_EW,NONE,0.006,0.0
1030,NvcNvl_L3_EW,NONE,0.056,0.0
1030,32Mt_L2_EW,32MT_EW,0.005,0.005
1035,304Nvl_L1_EW,304NVL_EW,0.017,0.017
1035,304Nvl_L2_EW,304NVL_EW,0.007,0.007
1035,304Nvl_L1_NS,NONE,0.007,0.0
1035,32Nvl_L1_NS,32NVL_NS,0.007,0.007
1035,32Nvl_L1_EW,32NVL_EW,0.007,0.007
1035,32Nvl_L2_EW,32NVL_EW,0.007,0.007
1035,32Nvl_L3_NS,NONE,0.008,0.0
1035,32Nvl_L2_NS,32NVL_NS,0.008,0.008
1035,NvcNvl_L3_NS,NONE,0.081,0.0
1035,NvcNvl_L2_NS,NONE,0.079,0.0
1035,NvcNvl_L1_EW,NVCNVL_EW,0.042,0.042
1035,NvcNvl_L2_EW,NVCNVL_EW,0.047,0.047
1035,32Mt_L1_EW,NONE,0.007,0.0
1035,32Mt_L3_EW,NONE,0.009,0.0
1035,32Thn_L1_EW,NONE,0.01,0.0
1035,32Nvl_L3_EW,NONE,0.006,0.0
1035,32Nvl_L1_NS,32NVL_NS,0.007,0.007
1035,NvcNvl_L1_NS,NONE,0.105,0.0
1035,NvcNvl_L3_EW,NONE,0.056,0.0
1035,32Mt_L2_EW,NONE,0.008,0.0
1040,304Nvl_L1_EW,NONE,0.008,0.0
1040,32Nvl_L1_EW,32NVL_EW,0.007,0.007
1040,32Nvl_L2_EW,32NVL_EW,0.007,0.007
1040,NvcNvl_L3_NS,NONE,0.088,0.0
1040,NvcNvl_L2_NS,NONE,0.086,0.0
1040,NvcNvl_L1_EW,NVCNVL_EW,0.042,0.042
1040,NvcNvl_L2_EW,NVCNVL_EW,0.047,0.047
1040,32Mt_L1_EW,NONE,0.007,0.0
1040,32Mt_L3_EW,NONE,0.009,0.0
1040,32Nvl_L3_EW,NONE,0.006,0.0
1040,NvcNvl_L1_NS,NONE,0.114,0.0
1040,NvcNvl_L3_EW,NONE,0.056,0.0
1040,32Mt_L2_EW,NONE,0.008,0.0
1045,304Nvl_L1_EW,304NVL_EW,0.042,0.042
1045,32Nvl_L1_EW,32NVL_EW,0.007,0.007
1045,32Nvl_L2_EW,32NVL_EW,0.007,0.007
1045,NvcNvl_L3_NS,NONE,0.007,0.0
1045,NvcNvl_L2_NS,NONE,0.007,0.0
1045,NvcNvl_L1_EW,NONE,0.011,0.0
1045,NvcNvl_L2_EW,NONE,0.008,0.0
1045,NvcNvl_L1_EW,NVCNVL_EW,0.042,0.042
1045,NvcNvl_L2_EW,NVCNVL_EW,0.047,0.047
1045,32Mt_L1_NS,NONE,0.01,0.0
1045,32Nvl_L3_EW,NONE,0.006,0.0
1045,32Nvl_L1_NS,32NVL_NS,0.007,0.007
1045,NvcNvl_L1_NS,NONE,0.009,0.0
1045,NvcNvl_L3_EW,NONE,0.006,0.0
1045,NvcNvl_L3_EW,NONE,0.056,0.0
1050,304Nvl_L1_NS,304NVL_NS,0.009,0.004
1050,304Nvl_L1_NS,NONE,0.007,0.0
1050,32Nvl_L1_NS,32NVL_NS,0.007,0.001
1050,32Nvl_L1_EW,32NVL_EW,0.007,0.007
1050,32Nvl_L2_EW,32NVL_EW,0.008,0.008
1050,32Nvl_L1_EW,32NVL_EW,0.007,0.007
1050,32Nvl_L2_EW,32NVL_EW,0.007,0.007
1050,NvcNvl_L1_EW,NVCNVL_EW,0.042,0.042
1050,NvcNvl_L2_EW,NVCNVL_EW,0.047,0.047
1050,32Mt_L1_NS,32MT_NS,0.006,0.006
1050,304Nvl_L2_NS,304NVL_NS,0.008,0.008
1050,32Nvl_L2_NS,32NVL_NS,0.007,0.001
1050,32Nvl_L3_EW,NONE,0.006,0.0
1050,32Nvl_L3_EW,NONE,0.006,0.0
1050,NvcNvl_L3_EW,NONE,0.056,0.0
1055,304Nvl_L1_NS,304NVL_NS,0.009,0.009
1055,304Nvl_L3_NS,NONE,0.007,0.0
1055,304Nvl_L1_NS,NONE,0.015,0.0
1055,304Nvl_L3_NS,NONE,0.008,0.0
1055,32Nvl_L1_EW,32NVL_EW,0.007,0.007
1055,32Nvl_L2_EW,32NVL_EW,0.008,0.008
1055,32Nvl_L1_EW,32NVL_EW,0.007,0.007
1055,32Nvl_L2_EW,32NVL_EW,0.007,0.007
1055,NvcNvl_L1_EW,NVCNVL_EW,0.042,0.042
1055,NvcNvl_L2_EW,NVCNVL_EW,0.047,0.047
1055,NvcCmt8_L2_EW,NVCCMT8_EW,0.005,0.005
1055,304Nvl_L2_NS,304NVL_NS,0.008,0.008
1055,304Nvl_L2_NS,NONE,0.007,0.0
1055,32Nvl_L3_EW,NONE,0.006,0.0
1055,32Nvl_L3_EW,NONE,0.006,0.0
1055,NvcNvl_L3_EW,NONE,0.056,0.0
1055,NvcCmt8_L1_EW,NVCCMT8_EW,0.008,0.008
1060,304Nvl_L1_NS,304NVL_NS,0.009,0.004
1060,304Nvl_L3_NS,NONE,0.007,0.0
1060,304Nvl_L1_NS,NONE,0.007,0.0
1060,304Nvl_L3_NS,NONE,0.008,0.0
1060,32Nvl_L3_NS,NONE,0.007,0.0
1060,32Nvl_L1_NS,32NVL_NS,0.007,0.001
1060,32Nvl_L1_EW,32NVL_EW,0.007,0.007
1060,32Nvl_L2_EW,32NVL_EW,0.008,0.008
1060,32Nvl_L1_EW,32NVL_EW,0.007,0.007
1060,32Nvl_L2_EW,32NVL_EW,0.007,0.007
1060,NvcNvl_L1_EW,NVCNVL_EW,0.049,0.049
1060,NvcNvl_L2_EW,NVCNVL_EW,0.055,0.055
1060,NvcCmt8_L2_EW,NVCCMT8_EW,0.005,0.005
1060,304Nvl_L2_NS,304NVL_NS,0.008,0.008
1060,304Nvl_L2_NS,NONE,0.007,0.0
1060,32Nvl_L2_NS,32NVL_NS,0.007,0.001
1060,32Nvl_L3_EW,NONE,0.006,0.0
1060,32Nvl_L3_EW,NONE,0.006,0.0
1060,NvcNvl_L3_EW,NONE,0.065,0.0
1060,NvcCmt8_L1_EW,NVCCMT8_EW,0.008,0.008
1065,304Nvl_L1_NS,304NVL_NS,0.009,0.009
1065,304Nvl_L3_NS,NONE,0.007,0.0
1065,304Nvl_L1_EW,304NVL_EW,0.008,0.008
1065,304Nvl_L1_NS,NONE,0.007,0.0
1065,304Nvl_L3_NS,NONE,0.008,0.0
1065,32Nvl_L1_EW,32NVL_EW,0.007,0.007
1065,32Nvl_L2_EW,32NVL_EW,0.008,0.008
1065,32Nvl_L1_EW,32NVL_EW,0.007,0.007
1065,32Nvl_L2_EW,32NVL_EW,0.007,0.007
1065,NvcNvl_L1_EW,NVCNVL_EW,0.049,0.045
1065,NvcNvl_L2_EW,NVCNVL_EW,0.055,0.055
1065,32Mt_L1_NS,32MT_NS,0.006,0.006
1065,NvcMt_L1_EW,NVCMT_EW,0.006,-0.039
1065,NvcCmt8_L2_EW,NVCCMT8_EW,0.011,0.011
1065,304Nvl_L2_NS,304NVL_NS,0.008,0.008
1065,304Nvl_L2_NS,NONE,0.007,0.0
1065,32Nvl_L3_EW,NONE,0.006,0.0
1065,32Nvl_L3_EW,NONE,0.006,0.0
1065,NvcNvl_L3_EW,NONE,0.065,0.0
1065,32Mt_L2_NS,32MT_NS,0.006,0.006
1065,NvcMt_L2_EW,NVCMT_EW,0.008,-0.038
1065,NvcCmt8_L1_EW,NVCCMT8_EW,0.015,0.011
1070,304Nvl_L1_NS,304NVL_NS,0.009,0.009
1070,304Nvl_L3_NS,NONE,0.007,0.0
1070,304Nvl_L1_EW,304NVL_EW,0.008,0.008
1070,32Nvl_L1_EW,32NVL_EW,0.007,0.007
1070,32Nvl_L2_EW,32NVL_EW,0.008,0.008
1070,32Nvl_L1_EW,32NVL_EW,0.007,0.007
1070,32Nvl_L2_EW,32NVL_EW,0.007,0.007
1070,NvcNvl_L1_EW,NVCNVL_EW,0.007,0.007
1070,NvcNvl_L2_EW,NVCNVL_EW,0.008,0.008
1070,32Mt_L1_NS,32MT_NS,0.006,0.006
1070,32Mt_L1_EW,NONE,0.014,0.0
1070,32Mt_L3_EW,NONE,0.018,0.0
1070,32Mt_L1_NS,NONE,0.029,0.0
1070,NvcCmt8_L2_EW,NVCCMT8_EW,0.005,0.005
1070,304Nvl_L2_NS,304NVL_NS,0.008,0.008
1070,32Nvl_L3_EW,NONE,0.006,0.0
1070,32Nvl_L3_EW,NONE,0.006,0.0
1070,32Nvl_L1_NS,32NVL_NS,0.007,0.0
1070,NvcNvl_L3_EW,NONE,0.009,0.0
1070,32Mt_L2_NS,32MT_NS,0.006,0.006
1070,32Mt_L2_EW,NONE,0.015,0.0
1070,32Mt_L2_NS,NONE,0.026,0.0
1070,NvcCmt8_L1_EW,NVCCMT8_EW,0.008,0.008
1070,NvcCmt8_L1_EW,NONE,0.006,0.0
1075,304Nvl_L1_NS,304NVL_NS,0.009,0.009
1075,304Nvl_L3_NS,NONE,0.007,0.0
1075,304Nvl_L1_EW,304NVL_EW,0.017,0.017
1075,304Nvl_L2_EW,304NVL_EW,0.007,0.007
1075,32Nvl_L1_EW,32NVL_EW,0.007,0.002
1075,32Nvl_L2_EW,32NVL_EW,0.008,0.004
1075,32Nvl_L1_EW,32NVL_EW,0.007,0.002
1075,32Nvl_L2_EW,32NVL_EW,0.007,0.004
1075,NvcNvl_L1_EW,NONE,0.011,0.0
1075,NvcNvl_L2_EW,NONE,0.008,0.0
1075,32Mt_L1_NS,32MT_NS,0.006,0.006
1075,32Mt_L1_EW,NONE,0.007,0.0
1075,32Mt_L1_EW,32MT_EW,0.007,0.002
1075,304Nvl_L2_NS,304NVL_NS,0.008,0.008
1075,304Nvl_L3_EW,NONE,0.006,0.0
1075,32Nvl_L3_EW,NONE,0.006,0.0
1075,32Nvl_L3_EW,NONE,0.006,0.0
1075,32Mt_L2_NS,32MT_NS,0.006,0.006
1075,32Mt_L2_EW,32MT_EW,0.005,0.0
1080,304Nvl_L1_NS,304NVL_NS,0.009,0.004
1080,304Nvl_L3_NS,NONE,0.007,0.0
1080,32Nvl_L3_NS,NONE,0.007,0.0
1080,32Nvl_L1_NS,32NVL_NS,0.007,0.001
1080,32Nvl_L1_EW,32NVL_EW,0.007,0.007
1080,32Nvl_L2_EW,32NVL_EW,0.008,0.008
1080,32Nvl_L1_EW,32NVL_EW,0.007,0.007
1080,32Nvl_L2_EW,32NVL_EW,0.007,0.007
1080,32Nvl_L3_NS,NONE,0.017,0.0
1080,32Nvl_L2_NS,32NVL_NS,0.016,0.01
1080,NvcNvl_L1_EW,NONE,0.011,0.0
1080,NvcNvl_L2_EW,NONE,0.008,0.0
1080,32Mt_L1_NS,32MT_NS,0.013,0.008
1080,32Mt_L1_NS,NONE,0.146,0.0
1080,NvcMt_L2_EW,NVCMT_EW,0.013,0.013
1080,NvcMt_L1_NS,NVCMT_NS,0.007,-0.002
1080,NvcCmt8_L2_EW,NONE,0.007,0.0
1080,304Nvl_L2_NS,304NVL_NS,0.008,-0.003
1080,32Nvl_L2_NS,32NVL_NS,0.007,0.001
1080,32Nvl_L3_EW,NONE,0.006,0.0
1080,32Nvl_L3_EW,NONE,0.006,0.0
1080,32Nvl_L1_NS,32NVL_NS,0.013,0.007
1080,32Mt_L2_NS,32MT_NS,0.006,0.003
1080,32Mt_L2_NS,NONE,0.113,0.0
1080,NvcMt_L1_EW,NVCMT_EW,0.028,0.028
1080,NvcMt_L2_NS,NVCMT_NS,0.005,0.001
1080,NvcCmt8_L1_EW,NONE,0.011,0.0
1085,304Nvl_L1_NS,304NVL_NS,0.009,0.004
1085,304Nvl_L3_NS,NONE,0.007,0.0
1085,304Nvl_L1_EW,304NVL_EW,0.008,0.008
1085,304Nvl_L2_EW,304NVL_EW,0.007,0.007
1085,304Nvl_L1_NS,NONE,0.007,0.0
1085,32Nvl_L1_NS,32NVL_NS,0.007,0.001
1085,32Nvl_L1_EW,32NVL_EW,0.007,0.007
1085,32Nvl_L2_EW,32NVL_EW,0.008,0.008
1085,32Nvl_L1_EW,32NVL_EW,0.007,0.007
1085,32Nvl_L2_EW,32NVL_EW,0.007,0.007
1085,NvcNvl_L3_NS,NONE,0.041,0.0
1085,NvcNvl_L2_NS,NONE,0.046,0.0
1085,32Mt_L1_NS,32MT_NS,0.006,0.001
1085,32Mt_L1_EW,NONE,0.007,0.0
1085,32Mt_L1_NS,NONE,0.068,0.0
1085,NvcMt_L2_NS,NONE,0.005,0.0
1085,NvcMt_L1_EW,NVCMT_EW,0.006,0.006
1085,NvcMt_L1_NS,NVCMT_NS,0.007,0.002
1085,NvcCmt8_L2_EW,NONE,0.007,0.0
1085,304Nvl_L2_NS,304NVL_NS,0.008,0.008
1085,304Nvl_L3_EW,NONE,0.006,0.0
1085,32Nvl_L2_NS,32NVL_NS,0.007,0.001
1085,32Nvl_L3_EW,NONE,0.006,0.0
1085,32Nvl_L3_EW,NONE,0.006,0.0
1085,NvcNvl_L1_NS,NONE,0.061,0.0
1085,32Mt_L2_NS,NONE,0.052,0.0
1085,NvcMt_L1_NS,NONE,0.005,0.0
1085,NvcMt_L2_EW,NVCMT_EW,0.008,0.008
1085,NvcMt_L2_NS,NVCMT_NS,0.005,0.005
1085,NvcCmt8_L1_EW,NONE,0.006,0.0
1090,304Nvl_L1_NS,304NVL_NS,0.018,0.018
1090,304Nvl_L3_NS,NONE,0.015,0.0
1090,32Nvl_L1_EW,32NVL_EW,0.014,0.014
1090,32Nvl_L2_EW,32NVL_EW,0.015,0.015
1090,32Nvl_L1_EW,32NVL_EW,0.013,0.013
1090,32Nvl_L2_EW,32NVL_EW,0.015,0.015
1090,32Nvl_L3_NS,NONE,0.008,0.0
1090,32Nvl_L2_NS,32NVL_NS,0.008,-0.003
1090,NvcNvl_L3_NS,NONE,0.007,0.0
1090,NvcNvl_L2_NS,NONE,0.007,0.0
1090,NvcNvl_L1_EW,NONE,0.053,0.0
1090,NvcNvl_L2_EW,NONE,0.038,0.0
1090,32Mt_L1_NS,32MT_NS,0.075,0.07
1090,32Mt_L1_NS,NONE,0.01,0.0
1090,NvcMt_L1_NS,NVCMT_NS,0.007,-0.046
1090,304Nvl_L2_NS,304NVL_NS,0.015,0.01
1090,32Nvl_L3_EW,NONE,0.012,0.0
1090,32Nvl_L3_EW,NONE,0.013,0.0
1090,32Nvl_L1_NS,32NVL_NS,0.013,0.001
1090,NvcNvl_L1_NS,NONE,0.009,0.0
1090,32Mt_L2_NS,NONE,0.009,0.0
1090,NvcMt_L2_NS,NVCMT_NS,0.005,0.005
1090,NvcCmt8_L1_EW,NVCCMT8_EW,0.008,0.008
1095,304Nvl_L1_NS,304NVL_NS,0.018,0.018
1095,304Nvl_L3_NS,NONE,0.015,0.0
1095,304Nvl_L1_NS,NONE,0.007,0.0
1095,32Nvl_L1_EW,32NVL_EW,0.014,0.004
1095,32Nvl_L2_EW,32NVL_EW,0.015,0.01
1095,32Nvl_L3_NS,NONE,0.008,0.0
1095,32Nvl_L2_NS,32NVL_NS,0.008,-0.003
1095,NvcNvl_L1_NS,NVCNVL_NS,0.007,0.007
1095,32Mt_L1_NS,32MT_NS,0.075,0.07
1095,32Mt_L1_EW,NONE,0.007,0.0
1095,32Mt_L1_EW,32MT_EW,0.007,-0.003
1095,32Mt_L1_NS,NONE,0.01,0.0
1095,NvcMt_L1_NS,NVCMT_NS,0.007,-0.046
1095,32Thn_L1_EW,32THN_EW,0.008,-0.002
1095,32Thn_L2_EW,32THN_EW,0.008,-0.002
1095,32Thn_L3_EW,NONE,0.008,0.0
1095,304Nvl_L2_NS,304NVL_NS,0.015,0.01
1095,32Nvl_L3_EW,NONE,0.013,0.0
1095,32Nvl_L1_NS,32NVL_NS,0.013,-0.004
1095,32Mt_L2_NS,NONE,0.009,0.0
1095,NvcMt_L2_NS,NVCMT_NS,0.005,0.005
1100,304Nvl_L1_NS,304NVL_NS,0.018,0.018
1100,304Nvl_L3_NS,NONE,0.015,0.0
1100,32Nvl_L1_EW,32NVL_EW,0.007,0.002
1100,32Nvl_L2_EW,32NVL_EW,0.008,0.004
1100,32Nvl_L3_NS,NONE,0.008,0.0
1100,32Nvl_L2_NS,32NVL_NS,0.008,-0.003
1100,NvcNvl_L3_NS,NONE,0.007,0.0
1100,NvcNvl_L2_NS,NONE,0.007,0.0
1100,NvcNvl_L1_EW,NONE,0.011,0.0
1100,NvcNvl_L2_EW,NONE,0.008,0.0
1100,NvcNvl_L1_NS,NVCNVL_NS,0.007,0.007
1100,32Mt_L1_NS,32MT_NS,0.075,0.07
1100,32Mt_L1_EW,32MT_EW,0.007,0.002
1100,NvcMt_L1_NS,NVCMT_NS,0.007,-0.046
1100,32Thn_L1_EW,NONE,0.01,0.0
1100,304Nvl_L2_NS,304NVL_NS,0.015,0.01
1100,32Nvl_L3_EW,NONE,0.006,0.0
1100,32Nvl_L1_NS,32NVL_NS,0.02,0.003
1100,NvcNvl_L1_NS,NONE,0.009,0.0
1100,NvcNvl_L3_EW,NONE,0.006,0.0
1100,32Mt_L2_EW,32MT_EW,0.005,0.0
1100,NvcMt_L2_NS,NVCMT_NS,0.005,0.005
1105,304Thn_L1_EW,NONE,0.007,0.0
1105,304Thn_L2_EW,NONE,0.008,0.0
1105,304Nvl_L1_NS,304NVL_NS,0.018,0.018
1105,304Nvl_L3_NS,NONE,0.015,0.0
1105,304Nvl_L1_EW,304NVL_EW,0.008,0.008
1105,304Nvl_L2_EW,304NVL_EW,0.007,0.007
1105,32Nvl_L3_NS,NONE,0.008,0.0
1105,32Nvl_L2_NS,32NVL_NS,0.008,-0.003
1105,NvcNvl_L3_NS,NONE,0.034,0.0
1105,NvcNvl_L2_NS,NONE,0.033,0.0
1105,32Mt_L1_NS,32MT_NS,0.082,0.077
1105,32Mt_L1_EW,32MT_EW,0.007,0.007
1105,32Mt_L1_NS,NONE,0.01,0.0
1105,NvcMt_L1_NS,NVCMT_NS,0.007,-0.05
1105,304Nvl_L2_NS,304NVL_NS,0.015,0.01
1105,304Nvl_L3_EW,NONE,0.006,0.0
1105,32Nvl_L1_NS,32NVL_NS,0.02,0.007
1105,NvcNvl_L1_NS,NONE,0.044,0.0
1105,32Mt_L2_EW,32MT_EW,0.005,0.005
1105,32Mt_L2_NS,NONE,0.009,0.0
1105,NvcMt_L2_NS,NVCMT_NS,0.005,0.005
1105,304Thn_L3_EW,NONE,0.008,0.0
1110,304Thn_L1_EW,304THN_EW,0.008,0.002
1110,304Nvl_L1_NS,304NVL_NS,0.018,0.013
1110,304Nvl_L3_NS,NONE,0.015,0.0
1110,304Nvl_L1_EW,304NVL_EW,0.008,0.003
1110,304Nvl_L2_EW,304NVL_EW,0.007,0.007
1110,32Nvl_L3_NS,NONE,0.007,0.0
1110,32Nvl_L1_NS,32NVL_NS,0.007,-0.006
1110,32Nvl_L3_NS,NONE,0.008,0.0
1110,32Nvl_L2_NS,32NVL_NS,0.008,-0.003
1110,NvcNvl_L2_NS,NONE,0.033,0.0
1110,NvcNvl_L1_EW,NVCNVL_EW,0.007,0.007
1110,NvcNvl_L2_EW,NVCNVL_EW,0.008,0.008
1110,32Mt_L1_NS,32MT_NS,0.006,0.001
1110,32Mt_L1_NS,NONE,0.01,0.0
1110,NvcMt_L1_NS,NVCMT_NS,0.007,0.002
1110,NvcCmt8_L2_EW,NVCCMT8_EW,0.005,0.005
1110,32Thn_L1_NS,32THN_NS,0.01,0.01
1110,32Thn_L2_NS,32THN_NS,0.013,0.013
1110,304Nvl_L2_NS,304NVL_NS,0.015,0.01
1110,304Nvl_L3_EW,NONE,0.006,0.0
1110,32Nvl_L2_NS,32NVL_NS,0.007,-0.004
1110,32Nvl_L1_NS,32NVL_NS,0.027,0.014
1110,NvcNvl_L1_NS,NONE,0.044,0.0
1110,NvcNvl_L3_EW,NONE,0.009,0.0
1110,32Mt_L2_NS,NONE,0.009,0.0
1110,NvcMt_L2_NS,NVCMT_NS,0.005,0.005
1110,NvcCmt8_L1_EW,NVCCMT8_EW,0.008,0.008
1115,304Nvl_L1_NS,304NVL_NS,0.018,0.013
1115,304Nvl_L3_NS,NONE,0.015,0.0
1115,304Nvl_L1_EW,304NVL_EW,0.042,0.042
1115,304Nvl_L2_EW,304NVL_EW,0.036,0.036
1115,304Nvl_L1_NS,NONE,0.007,0.0
1115,32Nvl_L1_NS,32NVL_NS,0.007,-0.006
1115,32Nvl_L3_NS,NONE,0.017,0.0
1115,32Nvl_L2_NS,32NVL_NS,0.016,0.005
1115,32Mt_L1_EW,NONE,0.014,0.0
1115,32Mt_L1_EW,32MT_EW,0.007,0.007
1115,NvcMt_L1_NS,NVCMT_NS,0.007,0.007
1115,32Thn_L1_NS,32THN_NS,0.01,0.01
1115,32Thn_L2_NS,32THN_NS,0.013,0.013
1115,304Nvl_L2_NS,304NVL_NS,0.015,0.004
1115,304Nvl_L3_EW,NONE,0.032,0.0
1115,32Nvl_L2_NS,32NVL_NS,0.007,-0.004
1115,32Nvl_L1_NS,32NVL_NS,0.02,0.007
1115,32Mt_L2_EW,32MT_EW,0.005,0.005
1115,NvcMt_L2_NS,NVCMT_NS,0.005,0.005
1120,304Nvl_L1_NS,304NVL_NS,0.018,0.008
1120,304Nvl_L3_NS,NONE,0.015,0.0
1120,304Nvl_L1_EW,304NVL_EW,0.008,0.008
1120,304Nvl_L2_EW,304NVL_EW,0.007,0.007
1120,304Nvl_L1_EW,NONE,0.008,0.0
1120,32Nvl_L3_NS,NONE,0.007,0.0
1120,32Nvl_L1_NS,32NVL_NS,0.014,0.001
1120,32Nvl_L3_NS,NONE,0.017,0.0
1120,32Nvl_L2_NS,32NVL_NS,0.016,0.005
1120,NvcNvl_L1_EW,NONE,0.011,0.0
1120,NvcNvl_L2_EW,NONE,0.008,0.0
1120,NvcMt_L1_NS,NVCMT_NS,0.007,0.007
1120,32Thn_L1_NS,32THN_NS,0.01,0.01
1120,32Thn_L2_NS,32THN_NS,0.013,0.013
1120,304Nvl_L2_NS,304NVL_NS,0.015,0.004
1120,304Nvl_L3_EW,NONE,0.006,0.0
1120,32Nvl_L2_NS,32NVL_NS,0.013,0.003
1120,32Nvl_L1_NS,32NVL_NS,0.013,0.001
1120,NvcMt_L2_NS,NVCMT_NS,0.005,0.005
1125,304Nvl_L1_EW,304NVL_EW,0.025,0.025
1125,304Nvl_L2_EW,304NVL_EW,0.022,0.022
1125,304Nvl_L1_NS,NONE,0.036,0.0
1125,32Nvl_L3_NS,NONE,0.007,0.0
1125,32Nvl_L1_NS,32NVL_NS,0.014,0.014
1125,32Nvl_L3_NS,NONE,0.008,0.0
1125,32Nvl_L2_NS,32NVL_NS,0.008,0.008
1125,NvcNvl_L2_NS,NONE,0.007,0.0
1125,NvcMt_L1_EW,NVCMT_EW,0.006,0.006
1125,32Thn_L1_NS,32THN_NS,0.01,0.01
1125,32Thn_L1_EW,32THN_EW,0.008,0.008
1125,32Thn_L2_EW,32THN_EW,0.008,0.008
1125,32Thn_L3_EW,NONE,0.008,0.0
1125,32Thn_L2_NS,32THN_NS,0.013,0.013
1125,304Nvl_L3_EW,NONE,0.019,0.0
1125,32Nvl_L2_NS,32NVL_NS,0.013,0.013
1125,32Nvl_L1_NS,32NVL_NS,0.007,0.007
1125,NvcNvl_L1_NS,NONE,0.009,0.0
1125,NvcMt_L2_EW,NVCMT_EW,0.008,0.008
1130,304Nvl_L1_EW,304NVL_EW,0.051,0.051
1130,304Nvl_L2_EW,304NVL_EW,0.044,0.044
1130,32Nvl_L1_NS,32NVL_NS,0.007,0.007
1130,32Nvl_L3_NS,NONE,0.008,0.0
1130,32Nvl_L2_NS,32NVL_NS,0.008,0.008
1130,NvcNvl_L3_NS,NONE,0.014,0.0
1130,NvcNvl_L2_NS,NONE,0.013,0.0
1130,NvcMt_L1_EW,NVCMT_EW,0.013,0.013
1130,32Thn_L1_EW,32THN_EW,0.008,0.008
1130,32Thn_L2_EW,32THN_EW,0.008,0.008
1130,32Thn_L3_EW,NONE,0.007,0.0
1130,32Thn_L3_EW,NONE,0.008,0.0
1130,304Nvl_L3_EW,NONE,0.038,0.0
1130,32Nvl_L2_NS,32NVL_NS,0.007,0.007
1130,32Nvl_L1_NS,32NVL_NS,0.007,0.007
1130,NvcNvl_L1_NS,NONE,0.017,0.0
1130,NvcMt_L2_EW,NVCMT_EW,0.016,0.016
1135,304Nvl_L1_EW,304NVL_EW,0.042,0.042
1135,304Nvl_L2_EW,304NVL_EW,0.036,0.036
1135,304Nvl_L1_NS,NONE,0.007,0.0
1135,NvcMt_L1_EW,NVCMT_EW,0.013,0.013
1135,32Thn_L1_NS,32THN_NS,0.01,0.01
1135,32Thn_L1_EW,32THN_EW,0.008,0.008
1135,32Thn_L2_EW,32THN_EW,0.008,0.008
1135,32Thn_L3_EW,NONE,0.008,0.0
1135,32Thn_L2_NS,32THN_NS,0.013,0.013
1135,304Nvl_L3_EW,NONE,0.032,0.0
1135,NvcMt_L2_EW,NVCMT_EW,0.016,0.016
1140,304Nvl_L1_EW,304NVL_EW,0.042,0.042
1140,304Nvl_L2_EW,304NVL_EW,0.036,0.036
1140,32Nvl_L3_NS,NONE,0.007,0.0
1140,32Nvl_L1_NS,32NVL_NS,0.007,0.002
1140,NvcNvl_L3_NS,NONE,0.007,0.0
1140,NvcNvl_L2_NS,NONE,0.007,0.0
1140,NvcNvl_L1_EW,NONE,0.053,0.0
1140,NvcNvl_L2_EW,NONE,0.038,0.0
1140,NvcNvl_L1_EW,NVCNVL_EW,0.007,-0.006
1140,NvcNvl_L2_EW,NVCNVL_EW,0.008,0.008
1140,NvcNvl_L1_NS,NVCNVL_NS,0.007,0.002
1140,32Mt_L1_EW,NONE,0.007,0.0
1140,32Mt_L3_EW,NONE,0.009,0.0
1140,NvcMt_L2_NS,NONE,0.005,0.0
1140,NvcMt_L1_EW,NVCMT_EW,0.019,0.014
1140,32Thn_L1_NS,32THN_NS,0.01,0.01
1140,32Thn_L1_EW,NONE,0.01,0.0
1140,32Thn_L2_NS,32THN_NS,0.013,0.013
1140,304Nvl_L3_EW,NONE,0.032,0.0
1140,32Nvl_L2_NS,32NVL_NS,0.007,0.007
1140,NvcNvl_L1_NS,NONE,0.009,0.0
1140,NvcNvl_L3_EW,NONE,0.032,0.0
1140,NvcNvl_L3_EW,NONE,0.009,0.0
1140,32Mt_L2_EW,NONE,0.008,0.0
1140,NvcMt_L1_NS,NONE,0.005,0.0
1140,NvcMt_L2_EW,NVCMT_EW,0.024,0.018
1145,304Nvl_L1_EW,304NVL_EW,0.034,0.034
1145,304Nvl_L2_EW,304NVL_EW,0.029,0.029
1145,NvcNvl_L3_NS,NONE,0.034,0.0
1145,NvcNvl_L2_NS,NONE,0.033,0.0
1145,NvcNvl_L1_EW,NONE,0.053,0.0
1145,NvcNvl_L2_EW,NONE,0.038,0.0
1145,NvcNvl_L1_NS,NVCNVL_NS,0.007,0.007
1145,NvcMt_L1_EW,NVCMT_EW,0.013,0.013
1145,32Thn_L1_EW,NONE,0.01,0.0
1145,304Nvl_L3_EW,NONE,0.025,0.0
1145,NvcNvl_L1_NS,NONE,0.044,0.0
1145,NvcNvl_L3_EW,NONE,0.032,0.0
1145,NvcMt_L2_EW,NVCMT_EW,0.016,0.016
1150,304Nvl_L1_EW,304NVL_EW,0.034,0.034
1150,304Nvl_L2_EW,304NVL_EW,0.029,0.029
1150,304Nvl_L1_NS,NONE,0.007,0.0
1150,32Nvl_L1_NS,32NVL_NS,0.035,0.035
1150,32Nvl_L1_EW,32NVL_EW,0.007,0.007
1150,32Nvl_L2_EW,32NVL_EW,0.007,0.007
1150,NvcNvl_L3_NS,NONE,0.007,0.0
1150,NvcNvl_L2_NS,NONE,0.007,0.0
1150,32Mt_L1_EW,NONE,0.022,0.0
1150,32Mt_L3_EW,NONE,0.027,0.0
1150,32Mt_L1_NS,NONE,0.01,0.0
1150,NvcMt_L1_EW,NVCMT_EW,0.013,0.013
1150,304Nvl_L3_EW,NONE,0.025,0.0
1150,32Nvl_L2_NS,32NVL_NS,0.033,0.033
1150,32Nvl_L3_EW,NONE,0.006,0.0
1150,NvcNvl_L1_NS,NONE,0.009,0.0
1150,32Mt_L2_EW,NONE,0.023,0.0
1150,32Mt_L2_NS,NONE,0.009,0.0
1150,NvcMt_L2_EW,NVCMT_EW,0.016,0.016
1155,304Nvl_L1_NS,NONE,0.007,0.0
1155,32Nvl_L1_EW,32NVL_EW,0.007,-0.027
1155,32Nvl_L2_EW,32NVL_EW,0.008,-0.019
1155,32Nvl_L1_EW,32NVL_EW,0.007,-0.027
1155,32Nvl_L2_EW,32NVL_EW,0.007,-0.019
1155,NvcNvl_L1_NS,NVCNVL_NS,0.033,0.033
1155,32Mt_L1_EW,32MT_EW,0.049,0.044
1155,NvcMt_L2_NS,NONE,0.005,0.0
1155,NvcMt_L1_EW,NVCMT_EW,0.006,0.006
1155,32Nvl_L3_EW,NONE,0.006,0.0
1155,32Nvl_L3_EW,NONE,0.006,0.0
1155,32Mt_L2_EW,32MT_EW,0.038,0.033
1155,NvcMt_L1_NS,NONE,0.005,0.0
1155,NvcMt_L2_EW,NVCMT_EW,0.008,0.008
1160,32Nvl_L3_NS,NONE,0.014,0.0
1160,32Nvl_L1_NS,32NVL_NS,0.014,-0.009
1160,32Nvl_L1_EW,32NVL_EW,0.007,-0.042
1160,32Nvl_L2_EW,32NVL_EW,0.008,-0.023
1160,32Nvl_L1_EW,32NVL_EW,0.007,-0.042
1160,32Nvl_L2_EW,32NVL_EW,0.007,-0.023
1160,32Nvl_L3_NS,NONE,0.008,0.0
1160,32Nvl_L2_NS,32NVL_NS,0.008,0.008
1160,NvcNvl_L1_EW,NVCNVL_EW,0.007,0.007
1160,NvcNvl_L2_EW,NVCNVL_EW,0.008,0.006
1160,NvcNvl_L1_NS,NVCNVL_NS,0.033,0.023
1160,32Mt_L1_EW,NONE,0.036,0.0
1160,32Mt_L3_EW,NONE,0.044,0.0
1160,32Mt_L1_EW,32MT_EW,0.07,0.065
1160,32Mt_L1_NS,NONE,0.02,0.0
1160,NvcMt_L2_EW,NVCMT_EW,0.003,-0.003
1160,32Nvl_L2_NS,32NVL_NS,0.013,0.013
1160,32Nvl_L3_EW,NONE,0.006,0.0
1160,32Nvl_L3_EW,NONE,0.006,0.0
1160,32Nvl_L1_NS,32NVL_NS,0.04,0.017
1160,NvcNvl_L3_EW,NONE,0.009,0.0
1160,32Mt_L2_EW,NONE,0.038,0.0
1160,32Mt_L2_EW,32MT_EW,0.044,0.038
1160,NvcMt_L2_EW,NVCMT_EW,0.008,0.002
1160,NvcMt_L1_EW,NVCMT_EW,0.011,0.006
1165,304Nvl_L1_NS,NONE,0.015,0.0
1165,32Nvl_L1_NS,32NVL_NS,0.007,-0.016
1165,32Nvl_L1_EW,32NVL_EW,0.007,-0.042
1165,32Nvl_L2_EW,32NVL_EW,0.008,-0.027
1165,32Nvl_L1_EW,32NVL_EW,0.007,-0.042
1165,32Nvl_L2_EW,32NVL_EW,0.007,-0.027
1165,NvcNvl_L3_NS,NONE,0.007,0.0
1165,NvcNvl_L2_NS,NONE,0.007,0.0
1165,NvcNvl_L1_NS,NVCNVL_NS,0.033,0.028
1165,32Mt_L1_EW,NONE,0.007,0.0
1165,32Mt_L3_EW,NONE,0.009,0.0
1165,32Mt_L1_EW,32MT_EW,0.07,0.065
1165,32Mt_L1_NS,NONE,0.01,0.0
1165,NvcMt_L2_EW,NVCMT_EW,0.003,0.003
1165,32Nvl_L2_NS,32NVL_NS,0.007,0.007
1165,32Nvl_L3_EW,NONE,0.006,0.0
1165,32Nvl_L3_EW,NONE,0.006,0.0
1165,NvcNvl_L1_NS,NONE,0.009,0.0
1165,32Mt_L2_EW,NONE,0.008,0.0
1165,32Mt_L2_EW,32MT_EW,0.049,0.044
1165,NvcMt_L1_EW,NVCMT_EW,0.006,0.006
1170,304Nvl_L1_EW,304NVL_EW,0.025,0.025
1170,304Nvl_L2_EW,304NVL_EW,0.015,0.015
1170,304Nvl_L1_NS,NONE,0.007,0.0
1170,32Nvl_L1_EW,32NVL_EW,0.007,-0.066
1170,32Nvl_L2_EW,32NVL_EW,0.008,-0.027
1170,32Nvl_L1_EW,32NVL_EW,0.007,-0.067
1170,32Nvl_L2_EW,32NVL_EW,0.007,-0.027
1170,NvcNvl_L3_NS,NONE,0.007,0.0
1170,NvcNvl_L2_NS,NONE,0.007,0.0
1170,NvcNvl_L1_EW,NVCNVL_EW,0.007,0.007
1170,NvcNvl_L2_EW,NVCNVL_EW,0.008,0.006
1170,32Mt_L1_EW,32MT_EW,0.105,0.1
1170,NvcMt_L2_EW,NVCMT_EW,0.003,-0.003
1170,304Nvl_L3_EW,NONE,0.006,0.0
1170,32Nvl_L3_EW,NONE,0.006,0.0
1170,32Nvl_L3_EW,NONE,0.006,0.0
1170,32Nvl_L1_NS,32NVL_NS,0.007,0.007
1170,NvcNvl_L1_NS,NONE,0.009,0.0
1170,NvcNvl_L3_EW,NONE,0.009,0.0
1170,32Mt_L2_EW,32MT_EW,0.049,0.044
1170,NvcMt_L1_EW,NVCMT_EW,0.006,0.001
1175,304Nvl_L1_EW,304NVL_EW,0.034,0.034
1175,304Nvl_L2_EW,304NVL_EW,0.022,0.022
1175,32Nvl_L1_EW,32NVL_EW,0.007,-0.061
1175,32Nvl_L2_EW,32NVL_EW,0.008,-0.042
1175,32Nvl_L1_EW,32NVL_EW,0.007,-0.062
1175,32Nvl_L2_EW,32NVL_EW,0.007,-0.042
1175,32Nvl_L3_NS,NONE,0.008,0.0
1175,32Nvl_L2_NS,32NVL_NS,0.008,0.008
1175,NvcNvl_L1_NS,NVCNVL_NS,0.007,0.007
1175,32Mt_L1_EW,32MT_EW,0.098,0.093
1175,304Nvl_L3_EW,NONE,0.019,0.0
1175,32Nvl_L3_EW,NONE,0.006,0.0
1175,32Nvl_L3_EW,NONE,0.006,0.0
1175,32Nvl_L1_NS,32NVL_NS,0.013,0.009
1175,32Mt_L2_EW,32MT_EW,0.071,0.065
1180,304Nvl_L1_EW,304NVL_EW,0.008,0.008
1180,304Nvl_L2_EW,304NVL_EW,0.007,0.007
1180,32Nvl_L1_EW,32NVL_EW,0.007,-0.056
1180,32Nvl_L2_EW,32NVL_EW,0.008,-0.038
1180,NvcNvl_L1_NS,NVCNVL_NS,0.007,0.007
1180,32Mt_L1_EW,32MT_EW,0.091,0.086
1180,32Nvl_L3_EW,NONE,0.006,0.0
1180,32Mt_L2_EW,32MT_EW,0.065,0.06
1185,304Thn_L1_EW,NONE,0.007,0.0
1185,304Thn_L2_EW,NONE,0.008,0.0
1185,304Nvl_L1_NS,304NVL_NS,0.009,-0.001
1185,304Nvl_L1_EW,304NVL_EW,0.008,0.008
1185,304Nvl_L1_NS,NONE,0.015,0.0
1185,32Nvl_L1_NS,32NVL_NS,0.014,0.008
1185,32Nvl_L1_EW,32NVL_EW,0.007,-0.003
1185,32Nvl_L2_EW,32NVL_EW,0.008,0.0
1185,32Nvl_L3_NS,NONE,0.008,0.0
1185,32Nvl_L2_NS,32NVL_NS,0.008,0.008
1185,32Mt_L1_NS,32MT_NS,0.006,0.006
1185,32Mt_L1_EW,32MT_EW,0.014,0.009
1185,32Mt_L1_NS,NONE,0.01,0.0
1185,NvcMt_L2_NS,NONE,0.005,0.0
1185,32Nvl_L2_NS,32NVL_NS,0.007,0.007
1185,32Nvl_L3_EW,NONE,0.006,0.0
1185,32Nvl_L1_NS,32NVL_NS,0.007,0.0
1185,32Mt_L2_EW,32MT_EW,0.011,0.005
1185,32Mt_L2_NS,NONE,0.009,0.0
1185,NvcMt_L1_NS,NONE,0.005,0.0
1185,304Thn_L3_EW,NONE,0.008,0.0
1190,304Thn_L1_EW,304THN_EW,0.008,0.002
1190,304Nvl_L1_NS,304NVL_NS,0.009,-0.005
1190,304Nvl_L1_EW,304NVL_EW,0.008,0.003
1190,304Nvl_L2_EW,304NVL_EW,0.007,0.007
1190,32Nvl_L3_NS,NONE,0.007,0.0
1190,32Nvl_L1_NS,32NVL_NS,0.021,0.014
1190,32Nvl_L3_NS,NONE,0.008,0.0
1190,32Nvl_L2_NS,32NVL_NS,0.008,0.008
1190,NvcNvl_L3_NS,NONE,0.007,0.0
1190,NvcNvl_L2_NS,NONE,0.007,0.0
1190,NvcNvl_L1_EW,NVCNVL_EW,0.007,-0.015
1190,NvcNvl_L2_EW,NVCNVL_EW,0.008,0.006
1190,32Mt_L1_NS,32MT_NS,0.013,0.013
1190,32Mt_L1_EW,NONE,0.007,0.0
1190,32Mt_L1_NS,NONE,0.049,0.0
1190,NvcMt_L1_EW,NVCMT_EW,0.032,0.027
1190,NvcMt_L2_EW,NVCMT_EW,0.003,-0.003
1190,304Nvl_L3_EW,NONE,0.006,0.0
1190,32Nvl_L2_NS,32NVL_NS,0.013,0.013
1190,32Nvl_L1_NS,32NVL_NS,0.013,0.007
1190,NvcNvl_L1_NS,NONE,0.009,0.0
1190,NvcNvl_L3_EW,NONE,0.009,0.0
1190,NvcMt_L2_EW,NVCMT_EW,0.04,0.034
1190,NvcMt_L1_EW,NVCMT_EW,0.006,0.001
1195,304Nvl_L1_NS,304NVL_NS,0.009,-0.01
1195,32Nvl_L3_NS,NONE,0.014,0.0
1195,32Nvl_L1_NS,32NVL_NS,0.028,0.021
1195,32Nvl_L1_EW,32NVL_EW,0.007,0.002
1195,32Nvl_L2_EW,32NVL_EW,0.008,0.004
1195,32Nvl_L1_EW,32NVL_EW,0.007,0.002
1195,32Nvl_L3_NS,NONE,0.008,0.0
1195,32Nvl_L2_NS,32NVL_NS,0.008,0.008
1195,NvcNvl_L3_NS,NONE,0.034,0.0
1195,NvcNvl_L2_NS,NONE,0.033,0.0
1195,32Mt_L1_NS,32MT_NS,0.013,0.013
1195,32Mt_L1_EW,NONE,0.014,0.0
1195,32Mt_L1_EW,32MT_EW,0.007,0.002
1195,32Mt_L1_NS,NONE,0.049,0.0
1195,32Nvl_L2_NS,32NVL_NS,0.02,0.02
1195,32Nvl_L3_EW,NONE,0.006,0.0
1195,32Nvl_L1_NS,32NVL_NS,0.013,0.007
1195,NvcNvl_L1_NS,NONE,0.044,0.0
1195,32Mt_L2_EW,32MT_EW,0.005,0.0
1200,32Nvl_L3_NS,NONE,0.014,0.0
1200,32Nvl_L1_NS,32NVL_NS,0.028,0.028
1200,32Nvl_L1_EW,32NVL_EW,0.007,0.002
1200,32Nvl_L2_EW,32NVL_EW,0.007,0.004
1200,32Nvl_L3_NS,NONE,0.008,0.0
1200,32Nvl_L2_NS,32NVL_NS,0.008,0.008
1200,NvcNvl_L3_NS,NONE,0.007,0.0
1200,NvcNvl_L2_NS,NONE,0.007,0.0
1200,NvcNvl_L1_EW,NVCNVL_EW,0.007,0.007
1200,32Mt_L1_NS,32MT_NS,0.006,0.006
1200,32Mt_L1_EW,32MT_EW,0.007,0.007
1200,NvcMt_L2_NS,NONE,0.005,0.0
1200,32Nvl_L2_NS,32NVL_NS,0.027,0.027
1200,32Nvl_L3_EW,NONE,0.006,0.0
1200,32Nvl_L1_NS,32NVL_NS,0.013,0.013
1200,NvcNvl_L1_NS,NONE,0.009,0.0
1200,32Mt_L2_EW,32MT_EW,0.005,0.005
1200,NvcMt_L1_NS,NONE,0.005,0.0
1205,32Nvl_L3_NS,NONE,0.014,0.0
1205,32Nvl_L1_NS,32NVL_NS,0.028,0.028
1205,32Nvl_L3_NS,NONE,0.017,0.0
1205,32Nvl_L2_NS,32NVL_NS,0.016,0.016
1205,32Mt_L1_NS,32MT_NS,0.006,0.006
1205,32Mt_L1_EW,NONE,0.007,0.0
1205,32Nvl_L2_NS,32NVL_NS,0.027,0.027
1205,32Nvl_L1_NS,32NVL_NS,0.02,0.02
1210,304Nvl_L1_EW,304NVL_EW,0.042,0.042
1210,304Nvl_L2_EW,304NVL_EW,0.036,0.036
1210,32Nvl_L3_NS,NONE,0.02,0.0
1210,32Nvl_L1_NS,32NVL_NS,0.042,0.042
1210,32Nvl_L1_EW,32NVL_EW,0.007,0.007
1210,32Nvl_L2_EW,32NVL_EW,0.008,0.008
1210,32Nvl_L3_NS,NONE,0.058,0.0
1210,32Nvl_L2_NS,32NVL_NS,0.055,0.055
1210,304Nvl_L3_EW,NONE,0.032,0.0
1210,32Nvl_L2_NS,32NVL_NS,0.04,0.04
1210,32Nvl_L3_EW,NONE,0.006,0.0
1210,32Nvl_L1_NS,32NVL_NS,0.054,0.054
1215,304Nvl_L1_EW,304NVL_EW,0.008,0.008
1215,304Nvl_L2_EW,304NVL_EW,0.007,0.007
1215,304Nvl_L1_EW,NONE,0.041,0.0
1215,32Nvl_L3_NS,NONE,0.02,0.0
1215,32Nvl_L1_NS,32NVL_NS,0.035,0.035
1215,32Nvl_L3_NS,NONE,0.058,0.0
1215,32Nvl_L2_NS,32NVL_NS,0.055,0.055
1215,NvcNvl_L1_EW,NONE,0.011,0.0
1215,NvcNvl_L2_EW,NONE,0.008,0.0
1215,32Mt_L1_EW,NONE,0.007,0.0
1215,32Mt_L3_EW,NONE,0.009,0.0
1215,NvcMt_L2_EW,NVCMT_EW,0.003,0.003
1215,304Nvl_L3_EW,NONE,0.006,0.0
1215,32Nvl_L2_NS,32NVL_NS,0.033,0.033
1215,32Nvl_L1_NS,32NVL_NS,0.047,0.047
1215,NvcNvl_L3_EW,NONE,0.006,0.0
1215,32Mt_L2_EW,NONE,0.008,0.0
1215,NvcMt_L1_EW,NVCMT_EW,0.006,0.006
1220,304Thn_L1_EW,304THN_EW,0.008,0.008
1220,304Thn_L3_EW,NONE,0.008,0.0
1220,32Nvl_L3_NS,NONE,0.02,0.0
1220,32Nvl_L1_NS,32NVL_NS,0.035,0.035
1220,32Nvl_L1_EW,32NVL_EW,0.035,0.035
1220,32Nvl_L2_EW,32NVL_EW,0.039,0.039
1220,32Nvl_L3_NS,NONE,0.067,0.0
1220,32Nvl_L2_NS,32NVL_NS,0.063,0.063
1220,32Mt_L1_EW,NONE,0.007,0.0
1220,32Mt_L1_NS,NONE,0.049,0.0
1220,NvcMt_L2_NS,NONE,0.005,0.0
1220,32Nvl_L2_NS,32NVL_NS,0.033,0.033
1220,32Nvl_L3_EW,NONE,0.031,0.0
1220,32Nvl_L1_NS,32NVL_NS,0.06,0.06
1220,32Mt_L2_NS,NONE,0.043,0.0
1220,NvcMt_L1_NS,NONE,0.005,0.0
1220,304Thn_L2_EW,304THN_EW,0.007,0.007
1225,304Nvl_L1_NS,NONE,0.015,0.0
1225,304Nvl_L3_NS,NONE,0.008,0.0
1225,32Nvl_L3_NS,NONE,0.014,0.0
1225,32Nvl_L1_NS,32NVL_NS,0.028,0.028
1225,32Nvl_L1_EW,32NVL_EW,0.007,0.007
1225,32Nvl_L2_EW,32NVL_EW,0.008,0.008
1225,32Nvl_L3_NS,NONE,0.067,0.0
1225,32Nvl_L2_NS,32NVL_NS,0.063,0.063
1225,NvcNvl_L3_NS,NONE,0.007,0.0
1225,NvcNvl_L2_NS,NONE,0.007,0.0
1225,32Mt_L1_NS,32MT_NS,0.006,0.006
1225,304Nvl_L2_NS,NONE,0.007,0.0
1225,32Nvl_L2_NS,32NVL_NS,0.027,0.027
1225,32Nvl_L3_EW,NONE,0.006,0.0
1225,32Nvl_L1_NS,32NVL_NS,0.06,0.06
1225,NvcNvl_L1_NS,NONE,0.009,0.0
1230,32Nvl_L3_NS,NONE,0.007,0.0
1230,32Nvl_L1_NS,32NVL_NS,0.021,0.021
1230,32Nvl_L3_NS,NONE,0.067,0.0
1230,32Nvl_L2_NS,32NVL_NS,0.063,0.063
1230,32Mt_L1_NS,32MT_NS,0.006,0.006
1230,32Nvl_L2_NS,32NVL_NS,0.02,0.02
1230,32Nvl_L1_NS,32NVL_NS,0.087,0.087
1235,304Nvl_L1_EW,304NVL_EW,0.008,0.008
1235,32Nvl_L3_NS,NONE,0.007,0.0
1235,32Nvl_L1_NS,32NVL_NS,0.021,0.021
1235,32Nvl_L3_NS,NONE,0.067,0.0
1235,32Nvl_L2_NS,32NVL_NS,0.063,0.063
1235,NvcNvl_L1_EW,NVCNVL_EW,0.014,0.014
1235,NvcNvl_L2_EW,NVCNVL_EW,0.008,0.008
1235,NvcMt_L2_NS,NONE,0.026,0.0
1235,32Nvl_L2_NS,32NVL_NS,0.02,0.02
1235,32Nvl_L1_NS,32NVL_NS,0.094,0.094
1235,NvcNvl_L3_EW,NONE,0.009,0.0
1235,NvcMt_L1_NS,NONE,0.027,0.0
1240,304Nvl_L1_EW,304NVL_EW,0.008,0.008
1240,304Nvl_L2_EW,304NVL_EW,0.007,0.007
1240,32Nvl_L1_EW,32NVL_EW,0.007,0.007
1240,32Nvl_L2_EW,32NVL_EW,0.008,0.008
1240,NvcNvl_L3_NS,NONE,0.007,0.0
1240,NvcNvl_L2_NS,NONE,0.007,0.0
1240,NvcNvl_L1_EW,NVCNVL_EW,0.014,0.01
1240,NvcNvl_L2_EW,NVCNVL_EW,0.008,0.008
1240,NvcMt_L1_EW,NVCMT_EW,0.006,-0.004
1240,NvcMt_L1_NS,NVCMT_NS,0.007,0.007
1240,304Nvl_L3_EW,NONE,0.006,0.0
1240,32Nvl_L3_EW,NONE,0.006,0.0
1240,32Nvl_L1_NS,32NVL_NS,0.047,0.047
1240,NvcNvl_L1_NS,NONE,0.009,0.0
1240,NvcNvl_L3_EW,NONE,0.009,0.0
1240,NvcMt_L2_EW,NVCMT_EW,0.008,0.002
1240,NvcMt_L2_NS,NVCMT_NS,0.005,0.005
1245,304Nvl_L1_EW,304NVL_EW,0.008,0.008
1245,304Nvl_L2_EW,304NVL_EW,0.007,0.007
1245,32Nvl_L1_NS,32NVL_NS,0.007,0.007
1245,32Nvl_L1_EW,32NVL_EW,0.007,0.007
1245,32Nvl_L2_EW,32NVL_EW,0.008,0.008
1245,32Nvl_L3_NS,NONE,0.008,0.0
1245,32Nvl_L2_NS,32NVL_NS,0.008,0.008
1245,NvcNvl_L3_NS,NONE,0.02,0.0
1245,NvcNvl_L2_NS,NONE,0.02,0.0
1245,NvcNvl_L1_EW,NONE,0.011,0.0
1245,NvcNvl_L2_EW,NONE,0.008,0.0
1245,NvcNvl_L1_EW,NVCNVL_EW,0.014,0.014
1245,NvcNvl_L2_EW,NVCNVL_EW,0.008,0.008
1245,304Nvl_L3_EW,NONE,0.006,0.0
1245,32Nvl_L3_EW,NONE,0.006,0.0
1245,32Nvl_L1_NS,32NVL_NS,0.034,0.034
1245,NvcNvl_L1_NS,NONE,0.026,0.0
1245,NvcNvl_L3_EW,NONE,0.006,0.0
1245,NvcNvl_L3_EW,NONE,0.009,0.0
1250,304Nvl_L1_EW,304NVL_EW,0.017,0.017
1250,304Nvl_L2_EW,304NVL_EW,0.015,0.015
1250,32Nvl_L1_NS,32NVL_NS,0.042,0.042
1250,32Nvl_L1_EW,32NVL_EW,0.007,0.007
1250,32Nvl_L2_EW,32NVL_EW,0.008,0.008
1250,NvcNvl_L1_EW,NVCNVL_EW,0.007,0.007
1250,NvcNvl_L2_EW,NVCNVL_EW,0.008,0.008
1250,32Thn_L1_EW,NONE,0.01,0.0
1250,32Thn_L2_EW,NONE,0.01,0.0
1250,32Thn_L3_EW,NONE,0.007,0.0
1250,304Nvl_L3_EW,NONE,0.013,0.0
1250,32Nvl_L3_EW,NONE,0.006,0.0
1250,32Nvl_L1_NS,32NVL_NS,0.013,0.013
1250,NvcNvl_L3_EW,NONE,0.009,0.0
1255,304Nvl_L1_EW,304NVL_EW,0.025,0.025
1255,304Nvl_L2_EW,304NVL_EW,0.022,0.022
1255,32Nvl_L1_NS,32NVL_NS,0.042,0.037
1255,32Nvl_L1_EW,32NVL_EW,0.007,0.001
1255,32Nvl_L2_EW,32NVL_EW,0.008,0.008
1255,32Nvl_L2_NS,32NVL_NS,0.039,0.039
1255,NvcNvl_L1_EW,NVCNVL_EW,0.007,-0.015
1255,NvcNvl_L2_EW,NVCNVL_EW,0.008,0.008
1255,NvcNvl_L1_NS,NVCNVL_NS,0.007,-0.022
1255,NvcMt_L1_EW,NVCMT_EW,0.032,0.027
1255,32Thn_L1_EW,32THN_EW,0.008,0.003
1255,304Nvl_L3_EW,NONE,0.019,0.0
1255,32Nvl_L2_NS,32NVL_NS,0.007,0.007
1255,32Nvl_L3_EW,NONE,0.006,0.0
1255,32Nvl_L1_NS,32NVL_NS,0.034,0.029
1255,NvcNvl_L3_EW,NONE,0.009,0.0
1255,NvcMt_L2_EW,NVCMT_EW,0.04,0.034
1260,304Nvl_L1_EW,304NVL_EW,0.025,0.025
1260,304Nvl_L2_EW,304NVL_EW,0.022,0.022
1260,32Nvl_L1_EW,32NVL_EW,0.014,0.014
1260,32Nvl_L2_EW,32NVL_EW,0.015,0.015
1260,32Nvl_L3_NS,NONE,0.042,0.0
1260,32Nvl_L2_NS,32NVL_NS,0.039,0.039
1260,NvcNvl_L3_NS,NONE,0.007,0.0
1260,NvcNvl_L2_NS,NONE,0.007,0.0
1260,NvcNvl_L1_EW,NVCNVL_EW,0.014,0.01
1260,NvcNvl_L2_EW,NVCNVL_EW,0.008,0.008
1260,32Mt_L1_NS,NONE,0.01,0.0
1260,NvcMt_L1_EW,NVCMT_EW,0.006,-0.004
1260,304Nvl_L3_EW,NONE,0.019,0.0
1260,32Nvl_L3_EW,NONE,0.013,0.0
1260,32Nvl_L1_NS,32NVL_NS,0.034,0.034
1260,NvcNvl_L1_NS,NONE,0.009,0.0
1260,NvcNvl_L3_EW,NONE,0.009,0.0
1260,32Mt_L2_NS,NONE,0.009,0.0
1260,NvcMt_L2_EW,NVCMT_EW,0.008,0.002
1265,304Nvl_L1_EW,304NVL_EW,0.017,0.017
1265,304Nvl_L2_EW,304NVL_EW,0.015,0.015
1265,304Nvl_L1_NS,NONE,0.015,0.0
1265,32Nvl_L1_EW,32NVL_EW,0.007,0.007
1265,32Nvl_L2_EW,32NVL_EW,0.008,0.008
1265,32Nvl_L3_NS,NONE,0.008,0.0
1265,32Nvl_L2_NS,32NVL_NS,0.008,0.008
1265,NvcNvl_L3_NS,NONE,0.007,0.0
1265,NvcNvl_L2_NS,NONE,0.007,0.0
1265,NvcNvl_L1_EW,NVCNVL_EW,0.014,0.005
1265,NvcNvl_L2_EW,NVCNVL_EW,0.008,0.008
1265,32Mt_L1_NS,32MT_NS,0.006,0.006
1265,32Mt_L1_NS,NONE,0.02,0.0
1265,NvcMt_L1_EW,NVCMT_EW,0.013,0.003
1265,304Nvl_L3_EW,NONE,0.013,0.0
1265,32Nvl_L3_EW,NONE,0.006,0.0
1265,32Nvl_L1_NS,32NVL_NS,0.013,0.013
1265,NvcNvl_L1_NS,NONE,0.009,0.0
1265,NvcNvl_L3_EW,NONE,0.009,0.0
1265,32Mt_L2_NS,NONE,0.017,0.0
1265,NvcMt_L2_EW,NVCMT_EW,0.016,0.01
1270,304Nvl_L1_EW,304NVL_EW,0.025,0.025
1270,304Nvl_L1_NS,NONE,0.015,0.0
1270,32Nvl_L1_EW,32NVL_EW,0.007,0.007
1270,32Nvl_L2_EW,32NVL_EW,0.008,0.008
1270,32Nvl_L3_NS,NONE,0.008,0.0
1270,32Nvl_L2_NS,32NVL_NS,0.008,0.008
1270,NvcNvl_L1_EW,NONE,0.011,0.0
1270,NvcNvl_L2_EW,NONE,0.008,0.0
1270,NvcNvl_L1_EW,NVCNVL_EW,0.007,-0.006
1270,NvcNvl_L2_EW,NVCNVL_EW,0.008,0.008
1270,32Mt_L1_NS,32MT_NS,0.006,0.006
1270,32Mt_L1_EW,NONE,0.014,0.0
1270,32Mt_L3_EW,NONE,0.018,0.0
1270,32Mt_L1_NS,NONE,0.049,0.0
1270,NvcMt_L1_EW,NVCMT_EW,0.019,0.014
1270,32Nvl_L3_EW,NONE,0.006,0.0
1270,32Nvl_L1_NS,32NVL_NS,0.007,0.007
1270,NvcNvl_L3_EW,NONE,0.009,0.0
1270,32Mt_L2_EW,NONE,0.015,0.0
1270,32Mt_L2_NS,NONE,0.043,0.0
1270,NvcMt_L2_EW,NVCMT_EW,0.024,0.018
1275,304Thn_L1_EW,NONE,0.034,0.0
1275,304Thn_L2_EW,NONE,0.041,0.0
1275,304Nvl_L1_EW,304NVL_EW,0.017,0.017
1275,304Nvl_L2_EW,304NVL_EW,0.007,0.007
1275,304Nvl_L1_NS,NONE,0.022,0.0
1275,32Nvl_L1_NS,32NVL_NS,0.007,0.007
1275,32Nvl_L1_EW,32NVL_EW,0.007,-0.022
1275,32Nvl_L2_EW,32NVL_EW,0.008,-0.015
1275,NvcNvl_L1_EW,NVCNVL_EW,0.014,0.014
1275,NvcNvl_L2_EW,NVCNVL_EW,0.008,0.008
1275,32Mt_L1_NS,32MT_NS,0.006,0.006
1275,32Mt_L1_EW,NONE,0.007,0.0
1275,32Mt_L3_EW,NONE,0.009,0.0
1275,32Mt_L1_EW,32MT_EW,0.042,0.037
1275,32Mt_L1_NS,NONE,0.01,0.0
1275,304Nvl_L3_EW,NONE,0.006,0.0
1275,32Nvl_L3_EW,NONE,0.006,0.0
1275,NvcNvl_L3_EW,NONE,0.009,0.0
1275,32Mt_L2_EW,NONE,0.008,0.0
1275,32Mt_L2_EW,32MT_EW,0.033,0.027
1275,304Thn_L3_EW,NONE,0.041,0.0
1280,304Thn_L1_EW,304THN_EW,0.041,0.041
1280,304Nvl_L1_NS,304NVL_NS,0.009,0.009
1280,304Nvl_L3_NS,NONE,0.007,0.0
1280,304Nvl_L1_NS,NONE,0.044,0.0
1280,304Nvl_L3_NS,NONE,0.048,0.0
1280,32Nvl_L1_EW,32NVL_EW,0.007,0.002
1280,32Nvl_L2_EW,32NVL_EW,0.008,0.004
1280,NvcNvl_L1_EW,NVCNVL_EW,0.014,0.014
1280,NvcNvl_L2_EW,NVCNVL_EW,0.008,0.008
1280,32Mt_L1_EW,32MT_EW,0.007,0.002
1280,304Nvl_L2_NS,304NVL_NS,0.008,0.008
1280,304Nvl_L2_NS,NONE,0.044,0.0
1280,32Nvl_L3_EW,NONE,0.006,0.0
1280,NvcNvl_L3_EW,NONE,0.009,0.0
1280,32Mt_L2_EW,32MT_EW,0.005,0.0
1285,304Thn_L1_EW,304THN_EW,0.041,0.041
1285,304Nvl_L1_NS,304NVL_NS,0.009,0.009
1285,304Nvl_L3_NS,NONE,0.007,0.0
1285,32Nvl_L1_EW,32NVL_EW,0.007,0.002
1285,32Nvl_L2_EW,32NVL_EW,0.008,0.008
1285,NvcNvl_L1_EW,NVCNVL_EW,0.014,0.014
1285,NvcNvl_L2_EW,NVCNVL_EW,0.008,0.008
1285,32Mt_L1_EW,NONE,0.05,0.0
1285,32Mt_L3_EW,NONE,0.018,0.0
1285,32Mt_L1_EW,32MT_EW,0.007,0.002
1285,NvcMt_L2_NS,NONE,0.005,0.0
1285,304Nvl_L2_NS,304NVL_NS,0.008,0.008
1285,32Nvl_L3_EW,NONE,0.006,0.0
1285,NvcNvl_L3_EW,NONE,0.009,0.0
1285,32Mt_L2_EW,NONE,0.015,0.0
1285,NvcMt_L1_NS,NONE,0.005,0.0
1290,304Nvl_L1_NS,304NVL_NS,0.009,0.004
1290,304Nvl_L3_NS,NONE,0.007,0.0
1290,304Nvl_L1_EW,304NVL_EW,0.008,0.008
1290,304Nvl_L1_EW,NONE,0.008,0.0
1290,304Nvl_L2_EW,NONE,0.009,0.0
1290,32Nvl_L3_NS,NONE,0.007,0.0
1290,32Nvl_L1_NS,32NVL_NS,0.007,0.001
1290,32Nvl_L1_EW,32NVL_EW,0.007,0.002
1290,32Nvl_L2_EW,32NVL_EW,0.008,0.004
1290,32Nvl_L3_NS,NONE,0.109,0.0
1290,32Nvl_L2_NS,32NVL_NS,0.103,0.097
1290,NvcNvl_L3_NS,NONE,0.034,0.0
1290,NvcNvl_L2_NS,NONE,0.033,0.0
1290,NvcNvl_L1_EW,NVCNVL_EW,0.007,0.007
1290,NvcNvl_L2_EW,NVCNVL_EW,0.008,0.008
1290,32Mt_L1_EW,NONE,0.014,0.0
1290,32Mt_L3_EW,NONE,0.009,0.0
1290,32Mt_L1_EW,32MT_EW,0.007,0.002
1290,NvcMt_L2_NS,NONE,0.011,0.0
1290,304Nvl_L2_NS,304NVL_NS,0.008,-0.064
1290,304Nvl_L3_EW,NONE,0.008,0.0
1290,32Nvl_L2_NS,32NVL_NS,0.007,0.001
1290,32Nvl_L3_EW,NONE,0.006,0.0
1290,32Nvl_L1_NS,32NVL_NS,0.087,0.081
1290,NvcNvl_L1_NS,NONE,0.044,0.0
1290,NvcNvl_L3_EW,NONE,0.009,0.0
1290,32Mt_L2_EW,NONE,0.015,0.0
1290,32Mt_L2_EW,32MT_EW,0.005,0.0
1290,NvcMt_L1_NS,NONE,0.011,0.0
1295,304Nvl_L1_NS,304NVL_NS,0.009,0.004
1295,304Nvl_L3_NS,NONE,0.007,0.0
1295,304Nvl_L1_EW,304NVL_EW,0.042,0.042
1295,32Nvl_L3_NS,NONE,0.007,0.0
1295,32Nvl_L1_NS,32NVL_NS,0.007,0.001
1295,32Nvl_L1_EW,32NVL_EW,0.007,-0.003
1295,32Nvl_L2_EW,32NVL_EW,0.008,0.0
1295,32Nvl_L3_NS,NONE,0.1,0.0
1295,32Nvl_L2_NS,32NVL_NS,0.095,0.089
1295,32Mt_L1_EW,32MT_EW,0.014,0.009
1295,32Mt_L1_NS,NONE,0.01,0.0
1295,304Nvl_L2_NS,304NVL_NS,0.008,-0.059
1295,32Nvl_L2_NS,32NVL_NS,0.007,0.001
1295,32Nvl_L3_EW,NONE,0.006,0.0
1295,32Nvl_L1_NS,32NVL_NS,0.081,0.074
1295,32Mt_L2_EW,32MT_EW,0.011,0.005
1300,304Nvl_L1_NS,304NVL_NS,0.018,-0.001
1300,304Nvl_L3_NS,NONE,0.007,0.0
1300,304Nvl_L1_NS,NONE,0.007,0.0
1300,304Nvl_L3_NS,NONE,0.008,0.0
1300,32Nvl_L3_NS,NONE,0.014,0.0
1300,32Nvl_L1_NS,32NVL_NS,0.028,0.015
1300,32Nvl_L1_EW,32NVL_EW,0.007,0.007
1300,32Nvl_L2_EW,32NVL_EW,0.008,0.008
1300,NvcNvl_L3_NS,NONE,0.014,0.0
1300,NvcNvl_L2_NS,NONE,0.013,0.0
1300,NvcNvl_L1_EW,NONE,0.053,0.0
1300,NvcNvl_L2_EW,NONE,0.038,0.0
1300,32Mt_L1_NS,32MT_NS,0.006,0.006
1300,32Mt_L1_NS,NONE,0.01,0.0
1300,304Nvl_L2_NS,304NVL_NS,0.008,0.008
1300,304Nvl_L2_NS,NONE,0.007,0.0
1300,32Nvl_L2_NS,32NVL_NS,0.02,0.015
1300,32Nvl_L3_EW,NONE,0.006,0.0
1300,32Nvl_L1_NS,32NVL_NS,0.007,-0.006
1300,NvcNvl_L1_NS,NONE,0.017,0.0
1305,304Nvl_L1_NS,304NVL_NS,0.018,0.008
1305,304Nvl_L3_NS,NONE,0.007,0.0
1305,32Nvl_L3_NS,NONE,0.007,0.0
1305,32Nvl_L1_NS,32NVL_NS,0.014,0.001
1305,32Nvl_L1_EW,32NVL_EW,0.014,0.014
1305,32Nvl_L2_EW,32NVL_EW,0.015,0.015
1305,32Nvl_L3_NS,NONE,0.042,0.0
1305,32Nvl_L2_NS,32NVL_NS,0.039,0.034
1305,NvcNvl_L3_NS,NONE,0.007,0.0
1305,NvcNvl_L2_NS,NONE,0.007,0.0
1305,32Mt_L1_NS,32MT_NS,0.006,0.001
1305,32Mt_L1_EW,NONE,0.014,0.0
1305,32Mt_L3_EW,NONE,0.009,0.0
1305,NvcMt_L1_NS,NVCMT_NS,0.007,0.002
1305,304Nvl_L2_NS,304NVL_NS,0.008,-0.02
1305,32Nvl_L2_NS,32NVL_NS,0.013,0.008
1305,32Nvl_L3_EW,NONE,0.013,0.0
1305,32Nvl_L1_NS,32NVL_NS,0.04,0.028
1305,NvcNvl_L1_NS,NONE,0.009,0.0
1305,32Mt_L2_EW,NONE,0.015,0.0
1305,NvcMt_L2_NS,NVCMT_NS,0.005,0.005
1310,304Nvl_L1_NS,304NVL_NS,0.018,0.018
1310,304Nvl_L3_NS,NONE,0.007,0.0
1310,304Nvl_L1_EW,304NVL_EW,0.017,0.017
1310,304Nvl_L2_EW,304NVL_EW,0.007,0.007
1310,32Nvl_L1_EW,32NVL_EW,0.014,0.014
1310,32Nvl_L2_EW,32NVL_EW,0.015,0.015
1310,32Nvl_L3_NS,NONE,0.058,0.0
1310,32Nvl_L2_NS,32NVL_NS,0.055,0.05
1310,NvcNvl_L1_EW,NONE,0.011,0.0
1310,NvcNvl_L2_EW,NONE,0.008,0.0
1310,32Mt_L1_NS,32MT_NS,0.013,0.008
1310,32Mt_L1_EW,NONE,0.007,0.0
1310,32Mt_L3_EW,NONE,0.009,0.0
1310,32Mt_L1_NS,NONE,0.01,0.0
1310,NvcMt_L1_NS,NVCMT_NS,0.007,-0.002
1310,304Nvl_L2_NS,304NVL_NS,0.008,-0.031
1310,304Nvl_L3_EW,NONE,0.006,0.0
1310,32Nvl_L3_EW,NONE,0.013,0.0
1310,32Nvl_L1_NS,32NVL_NS,0.054,0.041
1310,32Mt_L2_EW,NONE,0.008,0.0
1310,32Mt_L2_NS,NONE,0.009,0.0
1310,NvcMt_L2_NS,NVCMT_NS,0.005,0.005
1315,304Nvl_L1_NS,304NVL_NS,0.009,0.009
1315,304Nvl_L3_NS,NONE,0.007,0.0
1315,32Nvl_L1_EW,32NVL_EW,0.014,0.0
1315,32Nvl_L2_EW,32NVL_EW,0.015,0.008
1315,32Nvl_L3_NS,NONE,0.008,0.0
1315,32Nvl_L2_NS,32NVL_NS,0.008,0.003
1315,NvcNvl_L1_EW,NVCNVL_EW,0.007,0.007
1315,32Mt_L1_EW,32MT_EW,0.021,0.011
1315,32Mt_L1_NS,NONE,0.02,0.0
1315,NvcMt_L2_NS,NONE,0.005,0.0
1315,NvcMt_L1_NS,NVCMT_NS,0.007,0.007
1315,304Nvl_L2_NS,304NVL_NS,0.008,0.002
1315,32Nvl_L3_EW,NONE,0.013,0.0
1315,32Nvl_L1_NS,32NVL_NS,0.013,0.007
1315,32Mt_L2_EW,32MT_EW,0.011,0.0
1315,32Mt_L2_NS,NONE,0.017,0.0
1315,NvcMt_L1_NS,NONE,0.005,0.0
1315,NvcMt_L2_NS,NVCMT_NS,0.005,0.005
1320,304Nvl_L1_NS,304NVL_NS,0.009,0.004
1320,304Nvl_L3_NS,NONE,0.007,0.0
1320,304Nvl_L1_NS,NONE,0.015,0.0
1320,304Nvl_L3_NS,NONE,0.008,0.0
1320,32Nvl_L1_NS,32NVL_NS,0.007,0.001
1320,32Nvl_L1_EW,32NVL_EW,0.014,0.0
1320,32Nvl_L2_EW,32NVL_EW,0.015,0.004
1320,32Nvl_L3_NS,NONE,0.017,0.0
1320,32Nvl_L2_NS,32NVL_NS,0.016,0.01
1320,32Mt_L1_NS,32MT_NS,0.006,0.001
1320,32Mt_L1_EW,32MT_EW,0.021,0.011
1320,NvcMt_L1_NS,NVCMT_NS,0.007,0.002
1320,304Nvl_L2_NS,304NVL_NS,0.008,-0.003
1320,304Nvl_L2_NS,NONE,0.007,0.0
1320,32Nvl_L3_EW,NONE,0.013,0.0
1320,32Nvl_L1_NS,32NVL_NS,0.047,0.041
1320,32Mt_L2_EW,32MT_EW,0.016,0.006
1320,NvcMt_L2_NS,NVCMT_NS,0.005,0.005
1325,304Nvl_L1_NS,304NVL_NS,0.009,0.004
1325,304Nvl_L3_NS,NONE,0.007,0.0
1325,32Nvl_L1_NS,32NVL_NS,0.007,0.001
1325,32Nvl_L1_EW,32NVL_EW,0.007,0.002
1325,32Nvl_L2_EW,32NVL_EW,0.008,0.004
1325,32Nvl_L3_NS,NONE,0.008,0.0
1325,32Nvl_L2_NS,32NVL_NS,0.008,0.003
1325,NvcNvl_L1_EW,NVCNVL_EW,0.042,0.042
1325,NvcNvl_L2_EW,NVCNVL_EW,0.047,0.047
1325,32Mt_L1_NS,32MT_NS,0.013,0.008
1325,32Mt_L1_EW,NONE,0.007,0.0
1325,32Mt_L1_EW,32MT_EW,0.007,0.002
1325,32Mt_L1_NS,NONE,0.01,0.0
1325,NvcMt_L1_NS,NVCMT_NS,0.007,-0.002
1325,304Nvl_L2_NS,304NVL_NS,0.008,0.002
1325,32Nvl_L3_EW,NONE,0.006,0.0
1325,32Nvl_L1_NS,32NVL_NS,0.013,0.007
1325,NvcNvl_L3_EW,NONE,0.056,0.0
1325,32Mt_L2_EW,32MT_EW,0.005,0.0
1325,NvcMt_L2_NS,NVCMT_NS,0.005,0.005
1330,304Nvl_L1_NS,304NVL_NS,0.009,-0.001
1330,304Nvl_L3_NS,NONE,0.007,0.0
1330,304Nvl_L1_EW,304NVL_EW,0.008,0.008
1330,32Nvl_L1_NS,32NVL_NS,0.014,0.008
1330,32Nvl_L1_EW,32NVL_EW,0.014,0.014
1330,32Nvl_L2_EW,32NVL_EW,0.015,0.015
1330,NvcNvl_L1_EW,NVCNVL_EW,0.021,0.021
1330,NvcNvl_L2_EW,NVCNVL_EW,0.023,0.023
1330,32Mt_L1_NS,32MT_NS,0.013,0.008
1330,32Mt_L1_EW,NONE,0.007,0.0
1330,32Mt_L3_EW,NONE,0.009,0.0
1330,32Mt_L1_NS,NONE,0.01,0.0
1330,NvcMt_L1_NS,NVCMT_NS,0.007,-0.002
1330,304Nvl_L2_NS,304NVL_NS,0.008,0.008
1330,32Nvl_L3_EW,NONE,0.013,0.0
1330,NvcNvl_L3_EW,NONE,0.028,0.0
1330,32Mt_L2_EW,NONE,0.008,0.0
1330,32Mt_L2_NS,NONE,0.009,0.0
1330,NvcMt_L2_NS,NVCMT_NS,0.005,0.005
1335,304Nvl_L1_NS,304NVL_NS,0.009,0.009
1335,304Nvl_L3_NS,NONE,0.007,0.0
1335,32Nvl_L1_EW,32NVL_EW,0.007,0.007
1335,32Nvl_L2_EW,32NVL_EW,0.008,0.008
1335,32Mt_L1_NS,32MT_NS,0.006,0.001
1335,32Mt_L1_NS,NONE,0.01,0.0
1335,NvcMt_L1_NS,NVCMT_NS,0.007,0.002
1335,304Nvl_L2_NS,304NVL_NS,0.008,0.008
1335,32Nvl_L3_EW,NONE,0.006,0.0
1335,NvcMt_L2_NS,NVCMT_NS,0.005,0.005
1340,304Nvl_L1_NS,304NVL_NS,0.009,0.004
1340,304Nvl_L3_NS,NONE,0.007,0.0
1340,32Nvl_L3_NS,NONE,0.007,0.0
1340,32Nvl_L1_NS,32NVL_NS,0.007,0.001
1340,32Mt_L1_EW,32MT_EW,0.007,0.007
1340,NvcMt_L1_NS,NVCMT_NS,0.007,0.007
1340,NvcCmt8_L2_NS,NONE,0.011,0.0
1340,32Thn_L1_EW,32THN_EW,0.04,0.04
1340,32Thn_L2_EW,32THN_EW,0.042,0.042
1340,NvcCmt8_L1_NS,NONE,0.008,0.0
1340,32Thn_L3_EW,NONE,0.041,0.0
1340,304Nvl_L2_NS,304NVL_NS,0.008,0.008
1340,32Nvl_L2_NS,32NVL_NS,0.007,0.001
1340,32Nvl_L1_NS,32NVL_NS,0.007,0.0
1340,32Mt_L2_EW,32MT_EW,0.005,0.005
1340,NvcMt_L2_NS,NVCMT_NS,0.005,0.005
1345,304Nvl_L1_NS,304NVL_NS,0.009,0.004
1345,304Nvl_L3_NS,NONE,0.007,0.0
1345,304Nvl_L1_EW,304NVL_EW,0.008,0.008
1345,304Nvl_L2_EW,304NVL_EW,0.007,0.007
1345,304Nvl_L1_NS,NONE,0.007,0.0
1345,304Nvl_L3_NS,NONE,0.008,0.0
1345,32Nvl_L1_NS,32NVL_NS,0.007,0.001
1345,32Nvl_L3_NS,NONE,0.008,0.0
1345,32Nvl_L2_NS,32NVL_NS,0.016,0.01
1345,NvcNvl_L3_NS,NONE,0.007,0.0
1345,NvcNvl_L2_NS,NONE,0.007,0.0
1345,32Mt_L1_EW,32MT_EW,0.007,0.007
1345,NvcMt_L1_NS,NVCMT_NS,0.007,0.007
1345,NvcCmt8_L2_NS,NONE,0.011,0.0
1345,NvcCmt8_L1_NS,NONE,0.008,0.0
1345,304Nvl_L2_NS,304NVL_NS,0.008,-0.003
1345,304Nvl_L3_EW,NONE,0.006,0.0
1345,304Nvl_L2_NS,NONE,0.007,0.0
1345,32Nvl_L2_NS,32NVL_NS,0.007,0.001
1345,32Nvl_L1_NS,32NVL_NS,0.02,0.014
1345,NvcNvl_L1_NS,NONE,0.009,0.0
1345,32Mt_L2_EW,32MT_EW,0.005,0.005
1345,NvcMt_L2_NS,NVCMT_NS,0.005,0.005
1350,304Nvl_L1_EW,304NVL_EW,0.051,0.051
1350,304Nvl_L2_EW,304NVL_EW,0.044,0.044
1350,304Nvl_L1_NS,NONE,0.007,0.0
1350,304Nvl_L3_NS,NONE,0.008,0.0
1350,32Nvl_L1_NS,32NVL_NS,0.007,0.007
1350,32Nvl_L3_NS,NONE,0.058,0.0
1350,32Nvl_L2_NS,32NVL_NS,0.055,0.055
1350,NvcNvl_L3_NS,NONE,0.007,0.0
1350,NvcNvl_L2_NS,NONE,0.007,0.0
1350,32Mt_L1_EW,NONE,0.007,0.0
1350,32Mt_L3_EW,NONE,0.009,0.0
1350,32Mt_L1_EW,32MT_EW,0.014,0.014
1350,32Thn_L1_EW,NONE,0.049,0.0
1350,304Nvl_L3_EW,NONE,0.038,0.0
1350,304Nvl_L2_NS,NONE,0.007,0.0
1350,32Nvl_L2_NS,32NVL_NS,0.007,0.007
1350,32Nvl_L1_NS,32NVL_NS,0.054,0.054
1350,NvcNvl_L1_NS,NONE,0.009,0.0
1350,32Mt_L2_EW,NONE,0.008,0.0
1350,32Mt_L2_EW,32MT_EW,0.005,0.005
1355,304Nvl_L1_EW,304NVL_EW,0.059,0.059
1355,304Nvl_L2_EW,304NVL_EW,0.044,0.044
1355,304Nvl_L1_NS,NONE,0.015,0.0
1355,304Nvl_L3_NS,NONE,0.016,0.0
1355,32Nvl_L1_NS,32NVL_NS,0.007,0.007
1355,32Nvl_L1_EW,32NVL_EW,0.007,-0.003
1355,32Nvl_L3_NS,NONE,0.125,0.0
1355,32Nvl_L2_NS,32NVL_NS,0.126,0.126
1355,NvcNvl_L3_NS,NONE,0.007,0.0
1355,NvcNvl_L2_NS,NONE,0.007,0.0
1355,32Mt_L1_EW,NONE,0.007,0.0
1355,32Mt_L1_EW,32MT_EW,0.014,0.014
1355,304Nvl_L3_EW,NONE,0.038,0.0
1355,304Nvl_L2_NS,NONE,0.015,0.0
1355,32Nvl_L1_NS,32NVL_NS,0.107,0.107
1355,NvcNvl_L1_NS,NONE,0.009,0.0
1355,32Mt_L2_EW,32MT_EW,0.005,0.005
1360,304Nvl_L1_EW,304NVL_EW,0.11,0.11
1360,304Nvl_L2_EW,304NVL_EW,0.087,0.087
1360,304Nvl_L1_NS,NONE,0.007,0.0
1360,32Nvl_L1_EW,32NVL_EW,0.007,-0.003
1360,32Nvl_L3_NS,NONE,0.008,0.0
1360,32Nvl_L2_NS,32NVL_NS,0.008,0.008
1360,NvcNvl_L1_EW,NVCNVL_EW,0.007,0.007
1360,32Mt_L1_EW,32MT_EW,0.014,0.014
1360,304Nvl_L3_EW,NONE,0.07,0.0
1360,32Nvl_L1_NS,32NVL_NS,0.007,0.007
1360,32Mt_L2_EW,32MT_EW,0.011,0.011
1360,NvcCmt8_L1_NS,NONE,0.011,0.0
1365,304Nvl_L1_EW,304NVL_EW,0.135,0.135
1365,304Nvl_L2_EW,304NVL_EW,0.109,0.109
1365,32Nvl_L3_NS,NONE,0.05,0.0
1365,32Nvl_L2_NS,32NVL_NS,0.047,0.047
1365,NvcNvl_L1_EW,NVCNVL_EW,0.007,0.007
1365,32Mt_L1_EW,32MT_EW,0.028,0.028
1365,304Nvl_L3_EW,NONE,0.095,0.0
1365,32Nvl_L1_NS,32NVL_NS,0.047,0.047
1365,32Mt_L2_EW,32MT_EW,0.016,0.016
1370,304Nvl_L1_EW,304NVL_EW,0.144,0.144
1370,304Nvl_L2_EW,304NVL_EW,0.109,0.109
1370,32Nvl_L1_NS,32NVL_NS,0.035,0.035
1370,32Nvl_L3_NS,NONE,0.017,0.0
1370,32Nvl_L2_NS,32NVL_NS,0.016,0.016
1370,NvcNvl_L1_EW,NVCNVL_EW,0.007,0.007
1370,32Mt_L1_EW,32MT_EW,0.021,0.021
1370,304Nvl_L3_EW,NONE,0.095,0.0
1370,32Nvl_L1_NS,32NVL_NS,0.054,0.054
1370,32Mt_L2_EW,32MT_EW,0.016,0.016
1375,304Nvl_L1_EW,304NVL_EW,0.178,0.178
1375,304Nvl_L2_EW,304NVL_EW,0.138,0.138
1375,32Nvl_L1_NS,32NVL_NS,0.035,0.035
1375,32Mt_L1_EW,NONE,0.007,0.0
1375,32Mt_L3_EW,NONE,0.009,0.0
1375,32Mt_L1_EW,32MT_EW,0.028,0.028
1375,32Mt_L1_NS,NONE,0.01,0.0
1375,304Nvl_L3_EW,NONE,0.12,0.0
1375,32Mt_L2_EW,NONE,0.008,0.0
1375,32Mt_L2_EW,32MT_EW,0.022,0.022
1375,32Mt_L2_NS,NONE,0.009,0.0
1380,304Nvl_L1_EW,304NVL_EW,0.152,0.152
1380,304Nvl_L2_EW,304NVL_EW,0.131,0.131
1380,304Nvl_L1_NS,NONE,0.007,0.0
1380,304Nvl_L3_NS,NONE,0.008,0.0
1380,NvcNvl_L3_NS,NONE,0.014,0.0
1380,NvcNvl_L2_NS,NONE,0.013,0.0
1380,NvcNvl_L1_EW,NONE,0.011,0.0
1380,NvcNvl_L2_EW,NONE,0.008,0.0
1380,32Mt_L1_EW,NONE,0.007,0.0
1380,32Mt_L3_EW,NONE,0.009,0.0
1380,32Mt_L1_EW,32MT_EW,0.021,0.021
1380,304Nvl_L3_EW,NONE,0.108,0.0
1380,304Nvl_L2_NS,NONE,0.007,0.0
1380,32Nvl_L1_NS,32NVL_NS,0.007,0.007
1380,NvcNvl_L1_NS,NONE,0.017,0.0
1380,NvcNvl_L3_EW,NONE,0.006,0.0
1380,32Mt_L2_EW,NONE,0.008,0.0
1380,32Mt_L2_EW,32MT_EW,0.016,0.016
1385,304Nvl_L1_EW,304NVL_EW,0.195,0.195
1385,304Nvl_L2_EW,304NVL_EW,0.16,0.16
1385,32Nvl_L3_NS,NONE,0.007,0.0
1385,32Nvl_L1_NS,32NVL_NS,0.007,0.007
1385,32Nvl_L3_NS,NONE,0.008,0.0
1385,32Nvl_L2_NS,32NVL_NS,0.008,0.008
1385,NvcNvl_L3_NS,NONE,0.007,0.0
1385,NvcNvl_L2_NS,NONE,0.013,0.0
1385,NvcNvl_L1_EW,NONE,0.032,0.0
1385,NvcNvl_L2_EW,NONE,0.023,0.0
1385,32Mt_L1_EW,32MT_EW,0.028,0.028
1385,32Mt_L1_NS,NONE,0.01,0.0
1385,NvcMt_L1_EW,NVCMT_EW,0.006,0.006
1385,304Nvl_L3_EW,NONE,0.139,0.0
1385,32Nvl_L2_NS,32NVL_NS,0.007,0.007
1385,32Nvl_L1_NS,32NVL_NS,0.013,0.013
1385,NvcNvl_L1_NS,NONE,0.017,0.0
1385,NvcNvl_L3_EW,NONE,0.013,0.0
1385,32Mt_L2_EW,32MT_EW,0.016,0.016
1385,NvcMt_L2_EW,NVCMT_EW,0.008,0.008
1390,304Nvl_L1_EW,304NVL_EW,0.152,0.152
1390,304Nvl_L2_EW,304NVL_EW,0.123,0.123
1390,NvcNvl_L3_NS,NONE,0.014,0.0
1390,NvcNvl_L2_NS,NONE,0.013,0.0
1390,NvcNvl_L1_EW,NONE,0.011,0.0
1390,NvcNvl_L2_EW,NONE,0.008,0.0
1390,32Mt_L1_EW,NONE,0.014,0.0
1390,32Mt_L3_EW,NONE,0.018,0.0
1390,32Mt_L1_EW,32MT_EW,0.035,0.035
1390,32Mt_L1_NS,NONE,0.01,0.0
1390,NvcMt_L1_EW,NVCMT_EW,0.006,0.006
1390,304Nvl_L3_EW,NONE,0.108,0.0
1390,NvcNvl_L1_NS,NONE,0.017,0.0
1390,32Mt_L2_EW,NONE,0.015,0.0
1390,32Mt_L2_EW,32MT_EW,0.022,0.022
1390,NvcMt_L2_EW,NVCMT_EW,0.008,0.008
1395,304Nvl_L1_EW,304NVL_EW,0.152,0.152
1395,304Nvl_L2_EW,304NVL_EW,0.123,0.123
1395,304Nvl_L1_NS,NONE,0.044,0.0
1395,304Nvl_L3_NS,NONE,0.04,0.0
1395,NvcNvl_L3_NS,NONE,0.007,0.0
1395,NvcNvl_L2_NS,NONE,0.007,0.0
1395,NvcNvl_L1_EW,NONE,0.011,0.0
1395,NvcNvl_L2_EW,NONE,0.008,0.0
1395,32Mt_L1_EW,32MT_EW,0.035,0.035
1395,32Mt_L1_NS,NONE,0.01,0.0
1395,304Nvl_L3_EW,NONE,0.108,0.0
1395,304Nvl_L2_NS,NONE,0.037,0.0
1395,32Nvl_L1_NS,32NVL_NS,0.007,0.007
1395,NvcNvl_L1_NS,NONE,0.009,0.0
1395,32Mt_L2_EW,32MT_EW,0.027,0.027
1395,32Mt_L2_NS,NONE,0.009,0.0
1400,304Nvl_L1_NS,304NVL_NS,0.009,0.009
1400,304Nvl_L3_NS,NONE,0.007,0.0
1400,304Nvl_L1_EW,304NVL_EW,0.11,0.11
1400,304Nvl_L2_EW,304NVL_EW,0.087,0.087
1400,32Nvl_L1_EW,32NVL_EW,0.035,0.006
1400,32Nvl_L2_EW,32NVL_EW,0.039,0.023
1400,NvcNvl_L3_NS,NONE,0.007,0.0
1400,NvcNvl_L2_NS,NONE,0.007,0.0
1400,NvcNvl_L1_EW,NONE,0.011,0.0
1400,NvcNvl_L2_EW,NONE,0.008,0.0
1400,32Mt_L1_NS,32MT_NS,0.006,0.006
1400,32Mt_L1_EW,32MT_EW,0.042,0.017
1400,32Mt_L1_NS,NONE,0.02,0.0
1400,304Nvl_L2_NS,304NVL_NS,0.008,0.008
1400,304Nvl_L3_EW,NONE,0.076,0.0
1400,32Nvl_L3_EW,NONE,0.031,0.0
1400,NvcNvl_L1_NS,NONE,0.009,0.0
1400,NvcNvl_L3_EW,NONE,0.006,0.0
1400,32Mt_L2_EW,32MT_EW,0.022,-0.005
1400,32Mt_L2_NS,NONE,0.009,0.0
1405,304Nvl_L1_NS,304NVL_NS,0.009,0.009
1405,304Nvl_L3_NS,NONE,0.007,0.0
1405,304Nvl_L1_EW,304NVL_EW,0.135,0.135
1405,304Nvl_L2_EW,304NVL_EW,0.073,0.073
1405,304Nvl_L1_NS,NONE,0.036,0.0
1405,304Nvl_L3_NS,NONE,0.04,0.0
1405,32Nvl_L1_EW,32NVL_EW,0.035,0.03
1405,32Nvl_L2_EW,32NVL_EW,0.039,0.039
1405,NvcNvl_L3_NS,NONE,0.007,0.0
1405,NvcNvl_L2_NS,NONE,0.007,0.0
1405,NvcNvl_L1_EW,NVCNVL_EW,0.007,0.007
1405,32Mt_L1_EW,NONE,0.043,0.0
1405,32Mt_L3_EW,NONE,0.044,0.0
1405,32Mt_L1_EW,32MT_EW,0.007,-0.018
1405,32Mt_L1_NS,NONE,0.01,0.0
1405,304Nvl_L2_NS,304NVL_NS,0.008,0.008
1405,304Nvl_L3_EW,NONE,0.063,0.0
1405,304Nvl_L2_NS,NONE,0.037,0.0
1405,32Nvl_L3_EW,NONE,0.031,0.0
1405,NvcNvl_L1_NS,NONE,0.009,0.0
1405,32Mt_L2_EW,NONE,0.038,0.0
1410,304Nvl_L1_NS,304NVL_NS,0.009,0.009
1410,304Nvl_L3_NS,NONE,0.007,0.0
1410,304Nvl_L1_EW,304NVL_EW,0.059,0.059
1410,304Nvl_L2_EW,304NVL_EW,0.007,0.007
1410,304Nvl_L1_NS,NONE,0.036,0.0
1410,32Nvl_L1_EW,32NVL_EW,0.035,0.03
1410,32Nvl_L2_EW,32NVL_EW,0.039,0.035
1410,32Nvl_L1_EW,32NVL_EW,0.034,0.029
1410,32Nvl_L2_EW,32NVL_EW,0.037,0.034
1410,32Mt_L1_EW,NONE,0.007,0.0
1410,32Mt_L3_EW,NONE,0.009,0.0
1410,32Mt_L1_EW,32MT_EW,0.007,-0.018
1410,32Mt_L1_NS,NONE,0.02,0.0
1410,NvcMt_L2_NS,NONE,0.005,0.0
1410,NvcMt_L1_EW,NVCMT_EW,0.006,0.006
1410,NvcCmt8_L2_NS,NONE,0.011,0.0
1410,NvcCmt8_L1_NS,NONE,0.008,0.0
1410,304Nvl_L2_NS,304NVL_NS,0.008,0.008
1410,304Nvl_L3_EW,NONE,0.006,0.0
1410,32Nvl_L3_EW,NONE,0.031,0.0
1410,32Nvl_L3_EW,NONE,0.031,0.0
1410,32Mt_L2_EW,NONE,0.008,0.0
1410,32Mt_L2_EW,32MT_EW,0.005,-0.022
1410,32Mt_L2_NS,NONE,0.009,0.0
1410,NvcMt_L1_NS,NONE,0.005,0.0
1410,NvcMt_L2_EW,NVCMT_EW,0.008,0.008
1415,304Nvl_L1_NS,304NVL_NS,0.009,0.009
1415,304Nvl_L3_NS,NONE,0.007,0.0
1415,304Nvl_L1_EW,304NVL_EW,0.025,0.025
1415,304Nvl_L2_EW,304NVL_EW,0.015,0.015
1415,304Nvl_L1_NS,NONE,0.044,0.0
1415,32Nvl_L1_EW,32NVL_EW,0.035,0.035
1415,32Nvl_L2_EW,32NVL_EW,0.039,0.039
1415,32Nvl_L1_EW,32NVL_EW,0.034,0.034
1415,32Nvl_L2_EW,32NVL_EW,0.037,0.037
1415,32Mt_L1_NS,32MT_NS,0.031,0.031
1415,32Mt_L1_EW,NONE,0.007,0.0
1415,304Nvl_L2_NS,304NVL_NS,0.008,0.008
1415,304Nvl_L3_EW,NONE,0.013,0.0
1415,32Nvl_L3_EW,NONE,0.031,0.0
1415,32Nvl_L3_EW,NONE,0.031,0.0
1420,304Nvl_L1_NS,304NVL_NS,0.009,0.009
1420,304Nvl_L3_NS,NONE,0.007,0.0
1420,304Nvl_L1_EW,304NVL_EW,0.051,0.051
1420,304Nvl_L2_EW,304NVL_EW,0.007,0.007
1420,304Nvl_L1_NS,NONE,0.036,0.0
1420,32Nvl_L1_EW,32NVL_EW,0.035,0.026
1420,32Nvl_L2_EW,32NVL_EW,0.039,0.031
1420,32Nvl_L1_EW,32NVL_EW,0.034,0.024
1420,32Nvl_L2_EW,32NVL_EW,0.037,0.03
1420,32Mt_L1_NS,32MT_NS,0.031,0.031
1420,32Mt_L1_EW,32MT_EW,0.014,-0.011
1420,32Thn_L1_EW,NONE,0.01,0.0
1420,32Thn_L2_EW,NONE,0.01,0.0
1420,32Thn_L3_EW,NONE,0.007,0.0
1420,304Nvl_L2_NS,304NVL_NS,0.008,0.008
1420,304Nvl_L3_EW,NONE,0.006,0.0
1420,32Nvl_L3_EW,NONE,0.031,0.0
1420,32Nvl_L3_EW,NONE,0.031,0.0
1420,32Mt_L2_EW,32MT_EW,0.011,-0.016
1420,NvcCmt8_L1_NS,NONE,0.011,0.0
1425,304Nvl_L1_NS,304NVL_NS,0.009,0.004
1425,304Nvl_L3_NS,NONE,0.007,0.0
1425,304Nvl_L1_EW,304NVL_EW,0.017,0.017
1425,304Nvl_L1_NS,NONE,0.007,0.0
1425,32Nvl_L1_NS,32NVL_NS,0.007,0.001
1425,32Nvl_L1_EW,32NVL_EW,0.035,0.03
1425,32Nvl_L2_EW,32NVL_EW,0.039,0.039
1425,32Nvl_L1_EW,32NVL_EW,0.034,0.028
1425,32Nvl_L2_EW,32NVL_EW,0.037,0.037
1425,NvcNvl_L1_EW,NONE,0.053,0.0
1425,NvcNvl_L2_EW,NONE,0.038,0.0
1425,32Mt_L1_NS,32MT_NS,0.031,0.031
1425,32Thn_L1_EW,32THN_EW,0.008,-0.017
1425,304Nvl_L2_NS,304NVL_NS,0.008,0.008
1425,32Nvl_L2_NS,32NVL_NS,0.007,0.001
1425,32Nvl_L3_EW,NONE,0.031,0.0
1425,32Nvl_L3_EW,NONE,0.031,0.0
1425,NvcNvl_L3_EW,NONE,0.032,0.0
1430,304Nvl_L1_NS,304NVL_NS,0.009,0.009
1430,304Nvl_L3_NS,NONE,0.007,0.0
1430,304Nvl_L1_EW,304NVL_EW,0.017,0.017
1430,304Nvl_L2_EW,304NVL_EW,0.007,0.007
1430,32Nvl_L1_EW,32NVL_EW,0.035,0.035
1430,32Nvl_L2_EW,32NVL_EW,0.039,0.039
1430,32Nvl_L1_EW,32NVL_EW,0.034,0.034
1430,32Nvl_L2_EW,32NVL_EW,0.037,0.037
1430,32Mt_L1_NS,32MT_NS,0.006,0.006
1430,32Mt_L1_NS,NONE,0.01,0.0
1430,NvcCmt8_L2_NS,NONE,0.011,0.0
1430,NvcCmt8_L1_NS,NONE,0.008,0.0
1430,304Nvl_L2_NS,304NVL_NS,0.008,0.008
1430,32Nvl_L3_EW,NONE,0.031,0.0
1430,32Nvl_L3_EW,NONE,0.031,0.0
1430,32Mt_L2_NS,NONE,0.009,0.0
1435,304Nvl_L1_NS,304NVL_NS,0.009,0.009
1435,304Nvl_L3_NS,NONE,0.007,0.0
1435,304Nvl_L1_EW,304NVL_EW,0.025,0.025
1435,304Nvl_L2_EW,304NVL_EW,0.022,0.022
1435,32Nvl_L1_EW,32NVL_EW,0.042,0.042
1435,32Nvl_L2_EW,32NVL_EW,0.046,0.046
1435,32Nvl_L1_EW,32NVL_EW,0.034,0.034
1435,32Nvl_L2_EW,32NVL_EW,0.037,0.037
1435,NvcNvl_L1_EW,NVCNVL_EW,0.035,0.035
1435,32Mt_L1_EW,NONE,0.007,0.0
1435,32Mt_L3_EW,NONE,0.009,0.0
1435,304Nvl_L2_NS,304NVL_NS,0.008,0.008
1435,304Nvl_L3_EW,NONE,0.019,0.0
1435,32Nvl_L3_EW,NONE,0.031,0.0
1435,32Nvl_L3_EW,NONE,0.038,0.0
1435,32Mt_L2_EW,NONE,0.008,0.0
1440,304Thn_L1_EW,304THN_EW,0.008,0.008
1440,304Thn_L3_EW,NONE,0.008,0.0
1440,304Nvl_L1_NS,304NVL_NS,0.009,-0.015
1440,304Nvl_L3_NS,NONE,0.007,0.0
1440,32Nvl_L3_NS,NONE,0.034,0.0
1440,32Nvl_L1_NS,32NVL_NS,0.035,0.028
1440,32Nvl_L1_EW,32NVL_EW,0.035,0.035
1440,32Nvl_L2_EW,32NVL_EW,0.039,0.039
1440,32Nvl_L1_EW,32NVL_EW,0.034,0.034
1440,32Nvl_L2_EW,32NVL_EW,0.037,0.037
1440,32Nvl_L3_NS,NONE,0.008,0.0
1440,32Nvl_L2_NS,32NVL_NS,0.008,0.003
1440,32Mt_L1_NS,32MT_NS,0.006,0.006
1440,NvcMt_L2_NS,NONE,0.026,0.0
1440,NvcMt_L1_EW,NVCMT_EW,0.006,0.006
1440,304Nvl_L2_NS,304NVL_NS,0.008,0.002
1440,32Nvl_L2_NS,32NVL_NS,0.033,0.028
1440,32Nvl_L3_EW,NONE,0.031,0.0
1440,32Nvl_L3_EW,NONE,0.031,0.0
1440,32Nvl_L1_NS,32NVL_NS,0.007,0.0
1440,NvcMt_L1_NS,NONE,0.027,0.0
1440,NvcMt_L2_EW,NVCMT_EW,0.008,0.008
1440,304Thn_L2_EW,304THN_EW,0.007,0.007
1445,304Nvl_L1_NS,304NVL_NS,0.009,0.004
1445,304Nvl_L3_NS,NONE,0.007,0.0
1445,304Nvl_L1_EW,304NVL_EW,0.008,0.008
1445,304Nvl_L2_EW,304NVL_EW,0.007,0.007
1445,304Nvl_L1_NS,NONE,0.015,0.0
1445,32Nvl_L3_NS,NONE,0.007,0.0
1445,32Nvl_L1_NS,32NVL_NS,0.007,0.001
1445,32Nvl_L1_EW,32NVL_EW,0.035,0.03
1445,32Nvl_L2_EW,32NVL_EW,0.039,0.035
1445,32Nvl_L1_EW,32NVL_EW,0.034,0.029
1445,32Nvl_L2_EW,32NVL_EW,0.037,0.034
1445,32Nvl_L3_NS,NONE,0.008,0.0
1445,32Nvl_L2_NS,32NVL_NS,0.008,0.003
1445,NvcNvl_L3_NS,NONE,0.007,0.0
1445,NvcNvl_L2_NS,NONE,0.007,0.0
1445,NvcNvl_L1_EW,NONE,0.011,0.0
1445,NvcNvl_L2_EW,NONE,0.008,0.0
1445,32Mt_L1_NS,32MT_NS,0.006,0.001
1445,32Mt_L1_EW,32MT_EW,0.007,-0.018
1445,NvcMt_L1_NS,NVCMT_NS,0.007,0.002
1445,NvcCmt8_L2_EW,NVCCMT8_EW,0.005,0.005
1445,304Nvl_L2_NS,304NVL_NS,0.008,0.002
1445,304Nvl_L3_EW,NONE,0.006,0.0
1445,32Nvl_L2_NS,32NVL_NS,0.007,0.001
1445,32Nvl_L3_EW,NONE,0.031,0.0
1445,32Nvl_L3_EW,NONE,0.031,0.0
1445,32Nvl_L1_NS,32NVL_NS,0.013,0.007
1445,NvcNvl_L1_NS,NONE,0.009,0.0
1445,NvcNvl_L3_EW,NONE,0.006,0.0
1445,32Mt_L2_EW,32MT_EW,0.005,-0.022
1445,NvcMt_L2_NS,NVCMT_NS,0.005,0.005
1445,NvcCmt8_L1_EW,NVCCMT8_EW,0.008,0.008
1450,304Thn_L1_EW,304THN_EW,0.008,-0.01
1450,304Thn_L3_EW,NONE,0.008,0.0
1450,304Nvl_L1_NS,304NVL_NS,0.009,-0.039
1450,304Nvl_L3_NS,NONE,0.007,0.0
1450,304Nvl_L1_EW,304NVL_EW,0.025,0.02
1450,304Nvl_L2_EW,304NVL_EW,0.015,0.009
1450,304Nvl_L1_NS,NONE,0.007,0.0
1450,32Nvl_L3_NS,NONE,0.034,0.0
1450,32Nvl_L1_NS,32NVL_NS,0.069,0.063
1450,32Nvl_L1_EW,32NVL_EW,0.035,0.035
1450,32Nvl_L2_EW,32NVL_EW,0.039,0.039
1450,32Nvl_L2_EW,32NVL_EW,0.037,0.037
1450,32Nvl_L3_NS,NONE,0.008,0.0
1450,32Nvl_L2_NS,32NVL_NS,0.008,0.003
1450,32Mt_L1_NS,32MT_NS,0.006,0.001
1450,32Mt_L1_EW,NONE,0.007,0.0
1450,32Mt_L3_EW,NONE,0.009,0.0
1450,NvcMt_L2_NS,NONE,0.005,0.0
1450,NvcMt_L1_NS,NVCMT_NS,0.007,0.002
1450,304Nvl_L2_NS,304NVL_NS,0.008,0.002
1450,304Nvl_L3_EW,NONE,0.013,0.0
1450,32Nvl_L2_NS,32NVL_NS,0.067,0.061
1450,32Nvl_L3_EW,NONE,0.031,0.0
1450,32Nvl_L1_NS,32NVL_NS,0.04,0.034
1450,32Mt_L2_EW,NONE,0.008,0.0
1450,NvcMt_L1_NS,NONE,0.005,0.0
1450,NvcMt_L2_NS,NVCMT_NS,0.005,0.005
1450,304Thn_L2_EW,304THN_EW,0.007,-0.003
1455,304Nvl_L1_NS,304NVL_NS,0.009,-0.049
1455,304Nvl_L3_NS,NONE,0.007,0.0
1455,304Nvl_L1_NS,NONE,0.007,0.0
1455,32Nvl_L3_NS,NONE,0.041,0.0
1455,32Nvl_L1_NS,32NVL_NS,0.083,0.077
1455,32Nvl_L3_NS,NONE,0.008,0.0
1455,32Nvl_L2_NS,32NVL_NS,0.008,0.003
1455,NvcNvl_L3_NS,NONE,0.02,0.0
1455,NvcNvl_L2_NS,NONE,0.02,0.0
1455,NvcNvl_L1_EW,NONE,0.021,0.0
1455,NvcNvl_L2_EW,NONE,0.015,0.0
1455,NvcMt_L1_NS,NVCMT_NS,0.007,0.007
1455,304Nvl_L2_NS,304NVL_NS,0.008,0.002
1455,32Nvl_L2_NS,32NVL_NS,0.073,0.068
1455,32Nvl_L1_NS,32NVL_NS,0.007,0.0
1455,NvcNvl_L1_NS,NONE,0.026,0.0
1455,NvcNvl_L3_EW,NONE,0.006,0.0
1455,NvcMt_L2_NS,NVCMT_NS,0.005,0.005
1460,304Nvl_L1_NS,304NVL_NS,0.009,-0.049
1460,304Nvl_L3_NS,NONE,0.007,0.0
1460,304Nvl_L1_NS,NONE,0.007,0.0
1460,32Nvl_L3_NS,NONE,0.034,0.0
1460,32Nvl_L1_NS,32NVL_NS,0.083,0.077
1460,32Nvl_L3_NS,NONE,0.008,0.0
1460,32Nvl_L2_NS,32NVL_NS,0.008,0.003
1460,NvcNvl_L3_NS,NONE,0.02,0.0
1460,NvcNvl_L2_NS,NONE,0.02,0.0
1460,NvcNvl_L1_EW,NONE,0.011,0.0
1460,NvcNvl_L2_EW,NONE,0.008,0.0
1460,32Mt_L1_NS,NONE,0.01,0.0
1460,NvcMt_L1_NS,NVCMT_NS,0.007,0.007
1460,32Thn_L1_EW,32THN_EW,0.008,0.008
1460,32Thn_L2_EW,32THN_EW,0.008,0.008
1460,32Thn_L3_EW,NONE,0.008,0.0
1460,304Nvl_L2_NS,304NVL_NS,0.008,0.002
1460,32Nvl_L2_NS,32NVL_NS,0.073,0.068
1460,32Nvl_L1_NS,32NVL_NS,0.04,0.034
1460,NvcNvl_L1_NS,NONE,0.026,0.0
1460,NvcNvl_L3_EW,NONE,0.006,0.0
1460,NvcMt_L2_NS,NVCMT_NS,0.005,0.005
1465,32Nvl_L3_NS,NONE,0.034,0.0
1465,32Nvl_L1_NS,32NVL_NS,0.076,0.076
1465,32Nvl_L3_NS,NONE,0.008,0.0
1465,32Nvl_L2_NS,32NVL_NS,0.008,0.008
1465,NvcNvl_L1_EW,NVCNVL_EW,0.007,0.007
1465,32Mt_L1_EW,32MT_EW,0.007,0.007
1465,32Thn_L1_EW,32THN_EW,0.008,0.008
1465,32Thn_L2_EW,32THN_EW,0.008,0.008
1465,32Thn_L3_EW,NONE,0.008,0.0
1465,32Nvl_L2_NS,32NVL_NS,0.073,0.073
1465,32Nvl_L1_NS,32NVL_NS,0.04,0.04
1465,32Mt_L2_EW,32MT_EW,0.005,0.005
1470,304Nvl_L1_EW,304NVL_EW,0.017,0.017
1470,304Nvl_L2_EW,304NVL_EW,0.015,0.015
1470,304Nvl_L1_NS,NONE,0.007,0.0
1470,32Nvl_L3_NS,NONE,0.014,0.0
1470,32Nvl_L1_NS,32NVL_NS,0.014,0.009
1470,NvcNvl_L3_NS,NONE,0.007,0.0
1470,NvcNvl_L2_NS,NONE,0.007,0.0
1470,NvcNvl_L1_EW,NONE,0.011,0.0
1470,NvcNvl_L2_EW,NONE,0.008,0.0
1470,NvcNvl_L1_EW,NVCNVL_EW,0.007,0.007
1470,NvcNvl_L1_NS,NVCNVL_NS,0.007,-0.003
1470,32Mt_L1_EW,NONE,0.007,0.0
1470,32Mt_L3_EW,NONE,0.009,0.0
1470,32Mt_L1_EW,32MT_EW,0.007,0.007
1470,32Thn_L1_EW,32THN_EW,0.008,0.008
1470,32Thn_L2_EW,32THN_EW,0.008,0.008
1470,32Thn_L3_EW,NONE,0.008,0.0
1470,304Nvl_L3_EW,NONE,0.013,0.0
1470,32Nvl_L2_NS,32NVL_NS,0.013,0.013
1470,NvcNvl_L1_NS,NONE,0.009,0.0
1470,32Mt_L2_EW,NONE,0.008,0.0
1470,32Mt_L2_EW,32MT_EW,0.005,0.005
1475,304Nvl_L1_EW,304NVL_EW,0.017,0.017
1475,304Nvl_L2_EW,304NVL_EW,0.015,0.015
1475,304Nvl_L1_NS,NONE,0.007,0.0
1475,32Nvl_L3_NS,NONE,0.007,0.0
1475,32Nvl_L1_NS,32NVL_NS,0.014,0.014
1475,32Nvl_L1_EW,32NVL_EW,0.007,0.002
1475,NvcNvl_L3_NS,NONE,0.007,0.0
1475,NvcNvl_L2_NS,NONE,0.007,0.0
1475,NvcNvl_L1_EW,NONE,0.011,0.0
1475,NvcNvl_L2_EW,NONE,0.008,0.0
1475,NvcNvl_L1_EW,NVCNVL_EW,0.021,0.021
1475,32Mt_L1_EW,32MT_EW,0.007,0.007
1475,32Mt_L1_NS,NONE,0.01,0.0
1475,32Thn_L1_EW,NONE,0.01,0.0
1475,304Nvl_L3_EW,NONE,0.013,0.0
1475,32Nvl_L2_NS,32NVL_NS,0.013,0.013
1475,NvcNvl_L1_NS,NONE,0.009,0.0
1475,NvcNvl_L3_EW,NONE,0.006,0.0
1475,32Mt_L2_EW,32MT_EW,0.005,0.005
1475,32Mt_L2_NS,NONE,0.009,0.0
1480,304Nvl_L1_EW,304NVL_EW,0.008,0.008
1480,32Nvl_L3_NS,NONE,0.007,0.0
1480,32Nvl_L1_NS,32NVL_NS,0.007,0.007
1480,32Nvl_L1_EW,32NVL_EW,0.007,-0.003
1480,32Nvl_L3_NS,NONE,0.109,0.0
1480,32Nvl_L2_NS,32NVL_NS,0.103,0.103
1480,NvcNvl_L1_EW,NONE,0.011,0.0
1480,NvcNvl_L2_EW,NONE,0.008,0.0
1480,NvcNvl_L1_EW,NVCNVL_EW,0.014,0.014
1480,32Mt_L1_EW,32MT_EW,0.014,0.014
1480,32Thn_L1_EW,NONE,0.01,0.0
1480,32Nvl_L2_NS,32NVL_NS,0.007,0.007
1480,32Nvl_L1_NS,32NVL_NS,0.128,0.128
1480,NvcNvl_L3_EW,NONE,0.006,0.0
1480,32Mt_L2_EW,32MT_EW,0.005,0.005
1485,304Nvl_L1_EW,304NVL_EW,0.008,0.008
1485,32Nvl_L1_NS,32NVL_NS,0.007,0.007
1485,32Nvl_L3_NS,NONE,0.109,0.0
1485,32Nvl_L2_NS,32NVL_NS,0.103,0.103
1485,NvcNvl_L1_EW,NVCNVL_EW,0.014,0.014
1485,32Mt_L1_EW,NONE,0.007,0.0
1485,32Mt_L3_EW,NONE,0.009,0.0
1485,32Mt_L1_EW,32MT_EW,0.014,0.014
1485,32Nvl_L2_NS,32NVL_NS,0.007,0.007
1485,32Nvl_L1_NS,32NVL_NS,0.094,0.094
1485,32Mt_L2_EW,NONE,0.008,0.0
1485,32Mt_L2_EW,32MT_EW,0.005,0.005
1490,304Nvl_L1_NS,304NVL_NS,0.009,0.009
1490,304Nvl_L1_EW,304NVL_EW,0.025,0.025
1490,304Nvl_L2_EW,304NVL_EW,0.015,0.015
1490,NvcNvl_L3_NS,NONE,0.007,0.0
1490,NvcNvl_L2_NS,NONE,0.007,0.0
1490,NvcNvl_L1_EW,NVCNVL_EW,0.007,0.007
1490,32Mt_L1_EW,32MT_EW,0.028,0.028
1490,304Nvl_L3_EW,NONE,0.006,0.0
1490,NvcNvl_L1_NS,NONE,0.009,0.0
1490,32Mt_L2_EW,32MT_EW,0.022,0.022
1495,304Nvl_L1_NS,304NVL_NS,0.009,0.009
1495,304Nvl_L1_EW,304NVL_EW,0.008,0.008
1495,304Nvl_L2_EW,304NVL_EW,0.007,0.007
1495,304Nvl_L1_NS,NONE,0.007,0.0
1495,304Nvl_L3_NS,NONE,0.008,0.0
1495,32Nvl_L3_NS,NONE,0.058,0.0
1495,32Nvl_L2_NS,32NVL_NS,0.055,0.055
1495,NvcNvl_L3_NS,NONE,0.014,0.0
1495,NvcNvl_L2_NS,NONE,0.013,0.0
1495,NvcNvl_L1_EW,NVCNVL_EW,0.014,0.014
1495,32Mt_L1_EW,32MT_EW,0.021,0.021
1495,32Mt_L1_NS,NONE,0.01,0.0
1495,304Nvl_L3_EW,NONE,0.006,0.0
1495,304Nvl_L2_NS,NONE,0.007,0.0
1495,32Nvl_L1_NS,32NVL_NS,0.047,0.041
1495,NvcNvl_L1_NS,NONE,0.017,0.0
1495,32Mt_L2_EW,32MT_EW,0.016,0.016
1495,32Mt_L2_NS,NONE,0.009,0.0
1500,304Nvl_L1_EW,304NVL_EW,0.008,0.008
1500,304Nvl_L1_EW,NONE,0.008,0.0
1500,304Nvl_L2_EW,NONE,0.009,0.0
1500,32Nvl_L3_NS,NONE,0.007,0.0
1500,32Nvl_L1_NS,32NVL_NS,0.007,0.007
1500,32Nvl_L3_NS,NONE,0.008,0.0
1500,32Nvl_L2_NS,32NVL_NS,0.008,0.008
1500,NvcNvl_L3_NS,NONE,0.007,0.0
1500,NvcNvl_L2_NS,NONE,0.007,0.0
1500,NvcNvl_L1_EW,NONE,0.011,0.0
1500,NvcNvl_L2_EW,NONE,0.008,0.0
1500,NvcNvl_L1_EW,NVCNVL_EW,0.007,0.007
1500,32Mt_L1_EW,NONE,0.043,0.0
1500,32Mt_L3_EW,NONE,0.044,0.0
1500,32Mt_L1_EW,32MT_EW,0.021,0.021
1500,304Nvl_L3_EW,NONE,0.008,0.0
1500,32Nvl_L2_NS,32NVL_NS,0.007,0.007
1500,32Nvl_L1_NS,32NVL_NS,0.007,0.007
1500,NvcNvl_L1_NS,NONE,0.009,0.0
1500,32Mt_L2_EW,NONE,0.038,0.0
1500,32Mt_L2_EW,32MT_EW,0.016,0.016
1505,304Nvl_L1_EW,304NVL_EW,0.008,0.008
1505,32Nvl_L1_NS,32NVL_NS,0.035,0.035
1505,NvcNvl_L3_NS,NONE,0.007,0.0
1505,NvcNvl_L2_NS,NONE,0.007,0.0
1505,NvcNvl_L1_EW,NVCNVL_EW,0.007,0.007
1505,32Mt_L1_NS,32MT_NS,0.006,0.006
1505,32Mt_L1_EW,NONE,0.007,0.0
1505,32Mt_L1_EW,32MT_EW,0.028,0.028
1505,NvcNvl_L1_NS,NONE,0.009,0.0
1505,32Mt_L2_NS,32MT_NS,0.006,0.006
1505,32Mt_L2_EW,32MT_EW,0.016,0.016
1510,304Nvl_L1_EW,304NVL_EW,0.008,0.008
1510,NvcNvl_L3_NS,NONE,0.007,0.0
1510,NvcNvl_L2_NS,NONE,0.007,0.0
1510,NvcNvl_L1_EW,NONE,0.011,0.0
1510,NvcNvl_L2_EW,NONE,0.008,0.0
1510,NvcNvl_L1_EW,NVCNVL_EW,0.007,0.007
1510,32Mt_L1_EW,32MT_EW,0.063,0.063
1510,32Nvl_L1_NS,32NVL_NS,0.007,0.007
1510,NvcNvl_L1_NS,NONE,0.009,0.0
1510,32Mt_L2_EW,32MT_EW,0.016,0.016
1515,304Nvl_L1_EW,NONE,0.008,0.0
1515,304Nvl_L2_EW,NONE,0.009,0.0
1515,32Nvl_L1_EW,32NVL_EW,0.007,-0.032
1515,32Nvl_L2_EW,32NVL_EW,0.008,0.0
1515,32Nvl_L3_NS,NONE,0.008,0.0
1515,32Nvl_L2_NS,32NVL_NS,0.008,0.008
1515,NvcNvl_L1_EW,NVCNVL_EW,0.007,0.007
1515,32Mt_L1_EW,32MT_EW,0.056,0.051
1515,NvcMt_L2_NS,NONE,0.005,0.0
1515,304Nvl_L3_EW,NONE,0.008,0.0
1515,32Nvl_L3_EW,NONE,0.006,0.0
1515,32Nvl_L1_NS,32NVL_NS,0.007,0.007
1515,32Mt_L2_EW,32MT_EW,0.011,0.005
1515,NvcMt_L1_NS,NONE,0.005,0.0
1520,32Nvl_L1_EW,32NVL_EW,0.007,-0.027
1520,32Nvl_L2_EW,32NVL_EW,0.008,0.0
1520,32Mt_L1_EW,NONE,0.007,0.0
1520,32Mt_L3_EW,NONE,0.009,0.0
1520,32Mt_L1_EW,32MT_EW,0.049,0.044
1520,32Mt_L1_NS,NONE,0.01,0.0
1520,32Nvl_L3_EW,NONE,0.006,0.0
1520,32Mt_L2_EW,NONE,0.008,0.0
1520,32Mt_L2_EW,32MT_EW,0.011,0.005
1525,304Nvl_L1_EW,304NVL_EW,0.119,0.119
1525,304Nvl_L2_EW,304NVL_EW,0.094,0.094
1525,32Nvl_L1_NS,32NVL_NS,0.007,0.007
1525,32Nvl_L1_EW,32NVL_EW,0.007,0.002
1525,32Nvl_L2_EW,32NVL_EW,0.008,0.004
1525,32Nvl_L3_NS,NONE,0.008,0.0
1525,32Nvl_L2_NS,32NVL_NS,0.008,0.008
1525,32Mt_L1_EW,NONE,0.007,0.0
1525,32Mt_L1_EW,32MT_EW,0.007,0.002
1525,32Mt_L1_NS,NONE,0.059,0.0
1525,NvcMt_L2_NS,NONE,0.005,0.0
1525,304Nvl_L3_EW,NONE,0.082,0.0
1525,32Nvl_L3_EW,NONE,0.006,0.0
1525,32Nvl_L1_NS,32NVL_NS,0.007,0.007
1525,32Mt_L2_EW,32MT_EW,0.005,0.0
1525,32Mt_L2_NS,NONE,0.052,0.0
1525,NvcMt_L1_NS,NONE,0.005,0.0
1530,304Nvl_L1_EW,304NVL_EW,0.178,0.178
1530,304Nvl_L2_EW,304NVL_EW,0.152,0.152
1530,32Nvl_L1_NS,32NVL_NS,0.007,0.007
1530,32Nvl_L1_EW,32NVL_EW,0.007,0.007
1530,32Nvl_L2_EW,32NVL_EW,0.007,0.007
1530,32Nvl_L3_NS,NONE,0.008,0.0
1530,32Nvl_L2_NS,32NVL_NS,0.008,0.008
1530,32Mt_L1_NS,NONE,0.01,0.0
1530,NvcMt_L1_EW,NVCMT_EW,0.006,0.006
1530,NvcCmt8_L2_NS,NONE,0.011,0.0
1530,NvcCmt8_L1_NS,NONE,0.008,0.0
1530,304Nvl_L3_EW,NONE,0.127,0.0
1530,32Nvl_L3_EW,NONE,0.006,0.0
1530,32Nvl_L1_NS,32NVL_NS,0.007,0.007
1530,NvcMt_L2_EW,NVCMT_EW,0.008,0.008
1535,304Nvl_L1_EW,304NVL_EW,0.059,0.059
1535,304Nvl_L2_EW,304NVL_EW,0.051,0.051
1535,304Nvl_L1_NS,NONE,0.036,0.0
1535,304Nvl_L3_NS,NONE,0.04,0.0
1535,32Nvl_L3_NS,NONE,0.025,0.0
1535,32Nvl_L2_NS,32NVL_NS,0.024,0.024
1535,NvcNvl_L3_NS,NONE,0.007,0.0
1535,NvcNvl_L2_NS,NONE,0.007,0.0
1535,32Mt_L1_NS,32MT_NS,0.006,0.006
1535,32Mt_L1_EW,NONE,0.094,0.0
1535,32Mt_L3_EW,NONE,0.106,0.0
1535,304Nvl_L3_EW,NONE,0.044,0.0
1535,304Nvl_L2_NS,NONE,0.037,0.0
1535,32Nvl_L1_NS,32NVL_NS,0.02,0.02
1535,NvcNvl_L1_NS,NONE,0.009,0.0
1535,32Mt_L2_EW,NONE,0.09,0.0
1540,304Nvl_L1_EW,304NVL_EW,0.008,0.008
1540,304Nvl_L2_EW,304NVL_EW,0.007,0.007
1540,304Nvl_L1_NS,NONE,0.088,0.0
1540,32Nvl_L3_NS,NONE,0.025,0.0
1540,32Nvl_L2_NS,32NVL_NS,0.024,0.024
1540,32Mt_L1_NS,32MT_NS,0.006,0.006
1540,32Mt_L1_EW,NONE,0.086,0.0
1540,32Mt_L3_EW,NONE,0.106,0.0
1540,32Thn_L1_EW,NONE,0.01,0.0
1540,32Thn_L2_EW,NONE,0.01,0.0
1540,32Thn_L1_EW,32THN_EW,0.008,0.008
1540,32Thn_L2_EW,32THN_EW,0.008,0.008
1540,32Thn_L3_EW,NONE,0.007,0.0
1540,304Nvl_L3_EW,NONE,0.006,0.0
1540,32Nvl_L1_NS,32NVL_NS,0.027,0.027
1540,32Mt_L2_EW,NONE,0.09,0.0
1545,304Nvl_L1_EW,304NVL_EW,0.017,0.017
1545,304Nvl_L2_EW,304NVL_EW,0.007,0.007
1545,304Nvl_L1_NS,NONE,0.139,0.0
1545,32Nvl_L1_EW,32NVL_EW,0.007,0.001
1545,32Nvl_L2_EW,32NVL_EW,0.008,0.008
1545,32Nvl_L3_NS,NONE,0.033,0.0
1545,32Nvl_L2_NS,32NVL_NS,0.032,0.032
1545,NvcNvl_L1_EW,NVCNVL_EW,0.007,0.003
1545,32Mt_L1_NS,32MT_NS,0.006,0.006
1545,NvcMt_L1_EW,NVCMT_EW,0.006,0.001
1545,NvcMt_L2_EW,NVCMT_EW,0.003,0.003
1545,32Thn_L1_EW,32THN_EW,0.008,0.003
1545,304Nvl_L3_EW,NONE,0.006,0.0
1545,32Nvl_L3_EW,NONE,0.006,0.0
1545,32Nvl_L1_NS,32NVL_NS,0.034,0.034
1545,NvcMt_L2_EW,NVCMT_EW,0.008,0.008
1545,NvcMt_L1_EW,NVCMT_EW,0.006,0.001
1550,304Nvl_L1_EW,304NVL_EW,0.051,0.051
1550,304Nvl_L2_EW,304NVL_EW,0.007,0.007
1550,304Nvl_L1_NS,NONE,0.051,0.0
1550,32Nvl_L1_EW,32NVL_EW,0.007,-0.023
1550,32Nvl_L2_EW,32NVL_EW,0.008,-0.011
1550,32Nvl_L3_NS,NONE,0.033,0.0
1550,32Nvl_L2_NS,32NVL_NS,0.032,0.032
1550,32Mt_L1_EW,32MT_EW,0.035,0.03
1550,NvcMt_L1_NS,NVCMT_NS,0.007,0.007
1550,NvcCmt8_L2_EW,NVCCMT8_EW,0.005,0.005
1550,NvcCmt8_L2_NS,NONE,0.054,0.0
1550,32Thn_L1_EW,32THN_EW,0.008,0.003
1550,NvcCmt8_L1_NS,NONE,0.039,0.0
1550,304Nvl_L3_EW,NONE,0.006,0.0
1550,32Nvl_L3_EW,NONE,0.006,0.0
1550,32Nvl_L1_NS,32NVL_NS,0.027,0.027
1550,32Mt_L2_EW,32MT_EW,0.027,0.022
1550,NvcMt_L2_NS,NVCMT_NS,0.005,0.005
1550,NvcCmt8_L1_EW,NVCCMT8_EW,0.008,0.008
1555,304Nvl_L1_NS,NONE,0.007,0.0
1555,32Nvl_L1_EW,32NVL_EW,0.007,-0.086
1555,32Nvl_L2_EW,32NVL_EW,0.008,-0.065
1555,32Nvl_L3_NS,NONE,0.033,0.0
1555,32Nvl_L2_NS,32NVL_NS,0.032,0.032
1555,32Mt_L1_NS,32MT_NS,0.006,0.001
1555,32Mt_L1_EW,NONE,0.007,0.0
1555,32Mt_L3_EW,NONE,0.009,0.0
1555,32Mt_L1_EW,32MT_EW,0.133,0.128
1555,32Mt_L1_NS,NONE,0.01,0.0
1555,NvcMt_L1_NS,NVCMT_NS,0.007,0.002
1555,304Nvl_L2_NS,NONE,0.007,0.0
1555,32Nvl_L3_EW,NONE,0.006,0.0
1555,32Nvl_L1_NS,32NVL_NS,0.034,0.034
1555,32Mt_L2_NS,32MT_NS,0.006,0.003
1555,32Mt_L2_EW,NONE,0.008,0.0
1555,32Mt_L2_EW,32MT_EW,0.103,0.098
1555,32Mt_L2_NS,NONE,0.009,0.0
1555,NvcMt_L2_NS,NVCMT_NS,0.005,0.001
1560,304Nvl_L1_EW,304NVL_EW,0.008,0.008
1560,304Nvl_L1_NS,NONE,0.007,0.0
1560,304Nvl_L3_NS,NONE,0.008,0.0
1560,32Nvl_L3_NS,NONE,0.033,0.0
1560,32Nvl_L2_NS,32NVL_NS,0.032,0.032
1560,32Mt_L1_NS,32MT_NS,0.006,0.001
1560,32Mt_L1_EW,NONE,0.007,0.0
1560,32Mt_L1_EW,32MT_EW,0.098,0.098
1560,NvcMt_L1_EW,NVCMT_EW,0.032,0.032
1560,NvcMt_L1_NS,NVCMT_NS,0.007,0.002
1560,304Nvl_L2_NS,NONE,0.007,0.0
1560,32Nvl_L1_NS,32NVL_NS,0.034,0.034
1560,32Mt_L2_NS,32MT_NS,0.006,0.003
1560,32Mt_L2_EW,32MT_EW,0.076,0.076
1560,NvcMt_L2_EW,NVCMT_EW,0.04,0.04
1560,NvcMt_L2_NS,NVCMT_NS,0.005,0.001
1565,32Nvl_L3_NS,NONE,0.033,0.0
1565,32Nvl_L2_NS,32NVL_NS,0.032,0.032
1565,32Mt_L1_NS,32MT_NS,0.006,0.001
1565,32Mt_L1_EW,NONE,0.043,0.0
1565,32Mt_L1_EW,32MT_EW,0.007,0.007
1565,NvcMt_L1_NS,NVCMT_NS,0.007,0.002
1565,NvcCmt8_L2_NS,NONE,0.062,0.0
1565,32Nvl_L1_NS,32NVL_NS,0.04,0.04
1565,32Mt_L2_NS,32MT_NS,0.006,0.003
1565,32Mt_L2_EW,32MT_EW,0.005,0.005
1565,NvcMt_L2_NS,NVCMT_NS,0.005,0.001
1565,NvcCmt8_L1_NS,NONE,0.054,0.0
1570,304Nvl_L1_EW,304NVL_EW,0.119,0.119
1570,304Nvl_L2_EW,304NVL_EW,0.102,0.102
1570,32Nvl_L3_NS,NONE,0.042,0.0
1570,32Nvl_L2_NS,32NVL_NS,0.039,0.039
1570,NvcNvl_L1_EW,NONE,0.053,0.0
1570,NvcNvl_L2_EW,NONE,0.038,0.0
1570,32Mt_L1_NS,32MT_NS,0.013,0.008
1570,NvcMt_L1_NS,NVCMT_NS,0.007,-0.002
1570,32Thn_L1_EW,32THN_EW,0.016,0.016
1570,32Thn_L2_EW,32THN_EW,0.017,0.017
1570,32Thn_L3_EW,NONE,0.016,0.0
1570,304Nvl_L3_EW,NONE,0.089,0.0
1570,32Nvl_L1_NS,32NVL_NS,0.04,0.04
1570,NvcNvl_L3_EW,NONE,0.032,0.0
1570,32Mt_L2_NS,32MT_NS,0.006,0.003
1570,NvcMt_L2_NS,NVCMT_NS,0.005,0.001
1575,304Nvl_L1_EW,304NVL_EW,0.152,0.152
1575,304Nvl_L2_EW,304NVL_EW,0.131,0.131
1575,32Nvl_L3_NS,NONE,0.007,0.0
1575,32Nvl_L1_NS,32NVL_NS,0.007,0.007
1575,32Nvl_L3_NS,NONE,0.025,0.0
1575,32Nvl_L2_NS,32NVL_NS,0.024,0.024
1575,NvcNvl_L1_EW,NONE,0.064,0.0
1575,NvcNvl_L2_EW,NONE,0.046,0.0
1575,NvcNvl_L1_EW,NVCNVL_EW,0.007,0.007
1575,NvcNvl_L2_EW,NVCNVL_EW,0.008,0.008
1575,32Mt_L1_NS,32MT_NS,0.013,0.013
1575,32Mt_L1_NS,NONE,0.02,0.0
1575,32Thn_L1_EW,NONE,0.01,0.0
1575,32Thn_L1_EW,32THN_EW,0.008,0.008
1575,32Thn_L2_EW,32THN_EW,0.008,0.008
1575,32Thn_L3_EW,NONE,0.008,0.0
1575,304Nvl_L3_EW,NONE,0.114,0.0
1575,32Nvl_L2_NS,32NVL_NS,0.007,0.007
1575,32Nvl_L1_NS,32NVL_NS,0.027,0.027
1575,NvcNvl_L3_EW,NONE,0.038,0.0
1575,NvcNvl_L3_EW,NONE,0.009,0.0
1575,32Mt_L2_NS,32MT_NS,0.006,0.006
1575,32Mt_L2_NS,NONE,0.017,0.0
1580,304Nvl_L1_EW,304NVL_EW,0.152,0.152
1580,304Nvl_L2_EW,304NVL_EW,0.131,0.131
1580,32Nvl_L3_NS,NONE,0.082,0.0
1580,32Nvl_L1_NS,32NVL_NS,0.083,0.083
1580,32Nvl_L1_EW,32NVL_EW,0.007,0.007
1580,32Nvl_L3_NS,NONE,0.008,0.0
1580,32Nvl_L2_NS,32NVL_NS,0.008,0.008
1580,NvcNvl_L3_NS,NONE,0.034,0.0
1580,NvcNvl_L2_NS,NONE,0.033,0.0
1580,NvcNvl_L1_EW,NVCNVL_EW,0.007,0.007
1580,NvcNvl_L2_EW,NVCNVL_EW,0.008,0.008
1580,32Mt_L1_NS,32MT_NS,0.006,0.006
1580,NvcMt_L2_NS,NONE,0.005,0.0
1580,32Thn_L1_EW,NONE,0.01,0.0
1580,304Nvl_L3_EW,NONE,0.114,0.0
1580,32Nvl_L2_NS,32NVL_NS,0.08,0.08
1580,32Nvl_L1_NS,32NVL_NS,0.007,0.007
1580,NvcNvl_L1_NS,NONE,0.044,0.0
1580,NvcNvl_L3_EW,NONE,0.009,0.0
1580,NvcMt_L1_NS,NONE,0.005,0.0
1585,304Nvl_L1_EW,304NVL_EW,0.135,0.135
1585,304Nvl_L2_EW,304NVL_EW,0.116,0.116
1585,304Nvl_L1_NS,NONE,0.007,0.0
1585,32Nvl_L3_NS,NONE,0.041,0.0
1585,32Nvl_L1_NS,32NVL_NS,0.131,0.131
1585,32Nvl_L1_EW,32NVL_EW,0.007,0.007
1585,NvcNvl_L1_EW,NVCNVL_EW,0.007,0.007
1585,NvcNvl_L2_EW,NVCNVL_EW,0.008,0.008
1585,32Mt_L1_NS,32MT_NS,0.006,0.006
1585,NvcMt_L2_NS,NONE,0.005,0.0
1585,32Thn_L1_EW,NONE,0.01,0.0
1585,304Nvl_L3_EW,NONE,0.101,0.0
1585,32Nvl_L2_NS,32NVL_NS,0.127,0.127
1585,32Nvl_L1_NS,32NVL_NS,0.007,0.007
1585,NvcNvl_L3_EW,NONE,0.009,0.0
1585,NvcMt_L1_NS,NONE,0.005,0.0
1590,304Nvl_L1_EW,304NVL_EW,0.017,0.017
1590,304Nvl_L2_EW,304NVL_EW,0.015,0.015
1590,32Nvl_L3_NS,NONE,0.014,0.0
1590,32Nvl_L1_NS,32NVL_NS,0.062,0.062
1590,32Nvl_L1_EW,32NVL_EW,0.007,0.007
1590,32Nvl_L2_EW,32NVL_EW,0.007,0.007
1590,NvcNvl_L1_EW,NONE,0.053,0.0
1590,NvcNvl_L2_EW,NONE,0.038,0.0
1590,NvcNvl_L1_EW,NVCNVL_EW,0.007,0.007
1590,NvcNvl_L2_EW,NVCNVL_EW,0.008,0.008
1590,304Nvl_L3_EW,NONE,0.013,0.0
1590,32Nvl_L2_NS,32NVL_NS,0.053,0.053
1590,32Nvl_L3_EW,NONE,0.006,0.0
1590,NvcNvl_L3_EW,NONE,0.009,0.0
1595,304Nvl_L1_NS,NONE,0.015,0.0
1595,32Nvl_L1_NS,32NVL_NS,0.014,0.014
1595,32Nvl_L1_EW,32NVL_EW,0.007,0.007
1595,32Nvl_L2_EW,32NVL_EW,0.007,0.007
1595,NvcNvl_L1_EW,NVCNVL_EW,0.007,0.007
1595,NvcNvl_L2_EW,NVCNVL_EW,0.008,0.008
1595,32Mt_L1_EW,NONE,0.007,0.0
1595,32Nvl_L2_NS,32NVL_NS,0.007,0.007
1595,32Nvl_L3_EW,NONE,0.006,0.0
1595,NvcNvl_L3_EW,NONE,0.009,0.0
1600,304Nvl_L1_NS,NONE,0.007,0.0
1600,32Nvl_L1_NS,32NVL_NS,0.007,0.007
1600,32Nvl_L1_EW,32NVL_EW,0.007,0.002
1600,32Nvl_L2_EW,32NVL_EW,0.007,0.004
1600,NvcNvl_L3_NS,NONE,0.034,0.0
1600,NvcNvl_L2_NS,NONE,0.033,0.0
1600,NvcNvl_L1_EW,NVCNVL_EW,0.007,0.007
1600,NvcNvl_L2_EW,NVCNVL_EW,0.008,0.008
1600,32Mt_L1_EW,32MT_EW,0.007,0.007
1600,32Nvl_L3_EW,NONE,0.006,0.0
1600,32Nvl_L1_NS,32NVL_NS,0.007,0.007
1600,NvcNvl_L1_NS,NONE,0.044,0.0
1600,NvcNvl_L3_EW,NONE,0.009,0.0
1600,32Mt_L2_EW,32MT_EW,0.005,0.005
1605,304Nvl_L1_EW,304NVL_EW,0.008,0.008
1605,304Nvl_L1_NS,NONE,0.095,0.0
1605,32Nvl_L3_NS,NONE,0.007,0.0
1605,32Nvl_L1_NS,32NVL_NS,0.007,0.007
1605,32Nvl_L1_EW,32NVL_EW,0.007,0.007
1605,32Nvl_L2_EW,32NVL_EW,0.007,0.007
1605,NvcNvl_L3_NS,NONE,0.034,0.0
1605,NvcNvl_L2_NS,NONE,0.033,0.0
1605,NvcNvl_L1_EW,NONE,0.011,0.0
1605,NvcNvl_L2_EW,NONE,0.008,0.0
1605,NvcNvl_L1_EW,NVCNVL_EW,0.007,0.007
1605,NvcNvl_L2_EW,NVCNVL_EW,0.008,0.008
1605,32Mt_L1_EW,NONE,0.007,0.0
1605,32Mt_L1_NS,NONE,0.01,0.0
1605,32Nvl_L2_NS,32NVL_NS,0.007,0.007
1605,32Nvl_L3_EW,NONE,0.006,0.0
1605,32Nvl_L1_NS,32NVL_NS,0.013,0.013
1605,NvcNvl_L1_NS,NONE,0.044,0.0
1605,NvcNvl_L3_EW,NONE,0.006,0.0
1605,NvcNvl_L3_EW,NONE,0.009,0.0
1605,32Mt_L2_NS,NONE,0.009,0.0
1610,304Nvl_L1_EW,304NVL_EW,0.051,0.051
1610,304Nvl_L2_EW,304NVL_EW,0.036,0.036
1610,32Nvl_L1_EW,32NVL_EW,0.007,0.007
1610,32Nvl_L2_EW,32NVL_EW,0.007,0.007
1610,32Nvl_L3_NS,NONE,0.008,0.0
1610,32Nvl_L2_NS,32NVL_NS,0.008,0.008
1610,NvcNvl_L1_EW,NONE,0.053,0.0
1610,NvcNvl_L2_EW,NONE,0.038,0.0
1610,NvcNvl_L1_EW,NVCNVL_EW,0.007,0.007
1610,NvcNvl_L2_EW,NVCNVL_EW,0.008,0.008
1610,32Mt_L1_EW,NONE,0.014,0.0
1610,32Mt_L3_EW,NONE,0.009,0.0
1610,304Nvl_L3_EW,NONE,0.032,0.0
1610,32Nvl_L3_EW,NONE,0.006,0.0
1610,32Nvl_L1_NS,32NVL_NS,0.007,0.007
1610,NvcNvl_L3_EW,NONE,0.032,0.0
1610,NvcNvl_L3_EW,NONE,0.009,0.0
1610,32Mt_L2_EW,NONE,0.008,0.0
1615,304Nvl_L1_EW,304NVL_EW,0.008,0.008
1615,304Nvl_L2_EW,304NVL_EW,0.007,0.007
1615,32Nvl_L1_EW,32NVL_EW,0.007,0.002
1615,32Nvl_L2_EW,32NVL_EW,0.007,0.004
1615,NvcNvl_L1_EW,NVCNVL_EW,0.014,0.01
1615,NvcNvl_L2_EW,NVCNVL_EW,0.016,0.016
1615,32Mt_L1_EW,32MT_EW,0.007,0.007
1615,NvcMt_L1_EW,NVCMT_EW,0.006,-0.004
1615,304Nvl_L3_EW,NONE,0.006,0.0
1615,32Nvl_L3_EW,NONE,0.006,0.0
1615,NvcNvl_L3_EW,NONE,0.019,0.0
1615,32Mt_L2_EW,32MT_EW,0.005,0.005
1615,NvcMt_L2_EW,NVCMT_EW,0.008,-0.003
1620,304Nvl_L1_EW,304NVL_EW,0.008,0.008
1620,304Nvl_L2_EW,304NVL_EW,0.007,0.007
1620,304Nvl_L1_NS,NONE,0.044,0.0
1620,304Nvl_L3_NS,NONE,0.008,0.0
1620,32Nvl_L3_NS,NONE,0.007,0.0
1620,32Nvl_L1_NS,32NVL_NS,0.007,0.007
1620,32Nvl_L1_EW,32NVL_EW,0.007,0.007
1620,32Nvl_L2_EW,32NVL_EW,0.007,0.007
1620,NvcNvl_L1_EW,NVCNVL_EW,0.049,0.045
1620,NvcNvl_L2_EW,NVCNVL_EW,0.016,0.016
1620,NvcMt_L1_EW,NVCMT_EW,0.006,-0.034
1620,NvcCmt8_L2_EW,NVCCMT8_EW,0.005,0.005
1620,304Nvl_L3_EW,NONE,0.006,0.0
1620,304Nvl_L2_NS,NONE,0.007,0.0
1620,32Nvl_L2_NS,32NVL_NS,0.007,0.007
1620,32Nvl_L3_EW,NONE,0.006,0.0
1620,NvcNvl_L3_EW,NONE,0.019,0.0
1620,NvcMt_L2_EW,NVCMT_EW,0.008,-0.007
1620,NvcCmt8_L1_EW,NVCCMT8_EW,0.008,0.003
1625,304Nvl_L1_EW,304NVL_EW,0.008,0.008
1625,32Nvl_L3_NS,NONE,0.007,0.0
1625,32Nvl_L1_NS,32NVL_NS,0.007,0.007
1625,32Nvl_L1_EW,32NVL_EW,0.007,0.007
1625,32Nvl_L2_EW,32NVL_EW,0.008,0.008
1625,32Nvl_L1_EW,32NVL_EW,0.013,0.013
1625,32Nvl_L2_EW,32NVL_EW,0.015,0.015
1625,32Nvl_L3_NS,NONE,0.008,0.0
1625,32Nvl_L2_NS,32NVL_NS,0.008,0.008
1625,NvcNvl_L1_EW,NVCNVL_EW,0.049,0.049
1625,NvcNvl_L2_EW,NVCNVL_EW,0.016,0.016
1625,NvcCmt8_L2_EW,NVCCMT8_EW,0.005,0.005
1625,32Nvl_L2_NS,32NVL_NS,0.007,0.007
1625,32Nvl_L3_EW,NONE,0.012,0.0
1625,32Nvl_L3_EW,NONE,0.006,0.0
1625,32Nvl_L1_NS,32NVL_NS,0.007,0.007
1625,NvcNvl_L3_EW,NONE,0.019,0.0
1625,NvcCmt8_L1_EW,NVCCMT8_EW,0.008,0.008
1630,304Nvl_L1_NS,304NVL_NS,0.009,0.004
1630,304Nvl_L3_NS,NONE,0.007,0.0
1630,304Nvl_L1_EW,304NVL_EW,0.008,0.008
1630,304Nvl_L1_NS,NONE,0.015,0.0
1630,304Nvl_L3_NS,NONE,0.008,0.0
1630,32Nvl_L3_NS,NONE,0.007,0.0
1630,32Nvl_L1_NS,32NVL_NS,0.007,0.001
1630,32Nvl_L1_EW,32NVL_EW,0.007,0.002
1630,32Nvl_L2_EW,32NVL_EW,0.008,0.004
1630,32Nvl_L1_EW,32NVL_EW,0.013,0.009
1630,32Nvl_L2_EW,32NVL_EW,0.015,0.011
1630,NvcNvl_L1_EW,NONE,0.011,0.0
1630,NvcNvl_L2_EW,NONE,0.008,0.0
1630,NvcNvl_L1_EW,NVCNVL_EW,0.042,0.042
1630,NvcNvl_L2_EW,NVCNVL_EW,0.008,0.008
1630,32Mt_L1_NS,32MT_NS,0.006,0.006
1630,32Mt_L1_EW,32MT_EW,0.007,0.002
1630,304Nvl_L2_NS,304NVL_NS,0.008,0.008
1630,304Nvl_L2_NS,NONE,0.007,0.0
1630,32Nvl_L2_NS,32NVL_NS,0.007,0.001
1630,32Nvl_L3_EW,NONE,0.012,0.0
1630,32Nvl_L3_EW,NONE,0.006,0.0
1630,NvcNvl_L3_EW,NONE,0.006,0.0
1630,NvcNvl_L3_EW,NONE,0.009,0.0
1630,32Mt_L2_NS,32MT_NS,0.006,0.006
1630,32Mt_L2_EW,32MT_EW,0.005,0.0
1630,NvcCmt8_L1_EW,NVCCMT8_EW,0.008,0.008
1635,304Nvl_L1_NS,304NVL_NS,0.009,-0.001
1635,304Nvl_L3_NS,NONE,0.007,0.0
1635,32Nvl_L3_NS,NONE,0.014,0.0
1635,32Nvl_L1_NS,32NVL_NS,0.014,0.008
1635,32Nvl_L1_EW,32NVL_EW,0.007,0.007
1635,32Nvl_L2_EW,32NVL_EW,0.008,0.008
1635,32Nvl_L1_EW,32NVL_EW,0.013,0.013
1635,32Nvl_L2_EW,32NVL_EW,0.015,0.015
1635,32Mt_L1_NS,32MT_NS,0.006,0.006
1635,NvcMt_L2_NS,NONE,0.011,0.0
1635,304Nvl_L2_NS,304NVL_NS,0.008,0.008
1635,32Nvl_L2_NS,32NVL_NS,0.013,0.008
1635,32Nvl_L3_EW,NONE,0.012,0.0
1635,32Nvl_L3_EW,NONE,0.006,0.0
1635,32Mt_L2_NS,32MT_NS,0.006,0.006
1635,NvcMt_L1_NS,NONE,0.011,0.0
1635,NvcCmt8_L1_EW,NONE,0.006,0.0
1640,304Nvl_L1_NS,304NVL_NS,0.009,-0.049
1640,304Nvl_L3_NS,NONE,0.007,0.0
1640,304Nvl_L1_EW,304NVL_EW,0.017,0.017
1640,304Nvl_L2_EW,304NVL_EW,0.007,0.007
1640,32Nvl_L3_NS,NONE,0.082,0.0
1640,32Nvl_L1_NS,32NVL_NS,0.083,0.077
1640,32Nvl_L1_EW,32NVL_EW,0.014,0.014
1640,32Nvl_L2_EW,32NVL_EW,0.015,0.015
1640,32Nvl_L1_EW,32NVL_EW,0.02,0.02
1640,32Nvl_L2_EW,32NVL_EW,0.022,0.022
1640,32Mt_L1_NS,32MT_NS,0.006,0.006
1640,32Mt_L1_EW,NONE,0.058,0.0
1640,32Mt_L3_EW,NONE,0.062,0.0
1640,32Thn_L1_EW,NONE,0.01,0.0
1640,32Thn_L2_EW,NONE,0.01,0.0
1640,32Thn_L3_EW,NONE,0.007,0.0
1640,304Nvl_L2_NS,304NVL_NS,0.008,0.008
1640,304Nvl_L3_EW,NONE,0.006,0.0
1640,32Nvl_L2_NS,32NVL_NS,0.08,0.075
1640,32Nvl_L3_EW,NONE,0.018,0.0
1640,32Nvl_L3_EW,NONE,0.013,0.0
1640,32Mt_L2_NS,32MT_NS,0.006,0.006
1640,32Mt_L2_EW,NONE,0.053,0.0
1640,NvcCmt8_L1_EW,NONE,0.006,0.0
1645,304Nvl_L1_NS,304NVL_NS,0.009,-0.015
1645,304Nvl_L3_NS,NONE,0.007,0.0
1645,304Nvl_L1_EW,304NVL_EW,0.008,0.008
1645,32Nvl_L3_NS,NONE,0.034,0.0
1645,32Nvl_L1_NS,32NVL_NS,0.035,0.028
1645,32Nvl_L1_EW,32NVL_EW,0.014,0.009
1645,32Nvl_L2_EW,32NVL_EW,0.015,0.015
1645,32Nvl_L1_EW,32NVL_EW,0.02,0.015
1645,32Nvl_L2_EW,32NVL_EW,0.022,0.022
1645,32Mt_L1_EW,NONE,0.014,0.0
1645,32Mt_L3_EW,NONE,0.018,0.0
1645,NvcCmt8_L2_NS,NONE,0.011,0.0
1645,32Thn_L1_EW,32THN_EW,0.008,-0.002
1645,NvcCmt8_L1_NS,NONE,0.008,0.0
1645,304Nvl_L2_NS,304NVL_NS,0.008,0.008
1645,32Nvl_L2_NS,32NVL_NS,0.033,0.028
1645,32Nvl_L3_EW,NONE,0.018,0.0
1645,32Nvl_L3_EW,NONE,0.013,0.0
1645,32Nvl_L1_NS,32NVL_NS,0.007,0.0
1645,32Mt_L2_EW,NONE,0.015,0.0
1645,NvcMt_L1_EW,NVCMT_EW,0.006,0.006
1650,304Nvl_L1_NS,304NVL_NS,0.009,-0.015
1650,304Nvl_L3_NS,NONE,0.007,0.0
1650,32Nvl_L1_NS,32NVL_NS,0.035,0.028
1650,32Nvl_L1_EW,32NVL_EW,0.007,-0.017
1650,32Nvl_L2_EW,32NVL_EW,0.008,0.008
1650,32Nvl_L1_EW,32NVL_EW,0.02,-0.004
1650,32Nvl_L2_EW,32NVL_EW,0.022,0.022
1650,NvcNvl_L1_EW,NVCNVL_EW,0.007,0.007
1650,NvcNvl_L2_EW,NVCNVL_EW,0.008,0.008
1650,32Mt_L1_EW,NONE,0.007,0.0
1650,32Mt_L1_EW,32MT_EW,0.035,0.03
1650,304Nvl_L2_NS,304NVL_NS,0.008,0.008
1650,32Nvl_L2_NS,32NVL_NS,0.033,0.028
1650,32Nvl_L3_EW,NONE,0.018,0.0
1650,32Nvl_L3_EW,NONE,0.006,0.0
1650,32Nvl_L1_NS,32NVL_NS,0.007,0.0
1650,NvcNvl_L3_EW,NONE,0.009,0.0
1655,304Nvl_L1_NS,304NVL_NS,0.009,0.004
1655,304Nvl_L3_NS,NONE,0.007,0.0
1655,32Nvl_L3_NS,NONE,0.007,0.0
1655,32Nvl_L1_NS,32NVL_NS,0.007,0.001
1655,32Nvl_L1_EW,32NVL_EW,0.007,-0.027
1655,32Nvl_L2_EW,32NVL_EW,0.008,-0.019
1655,32Nvl_L1_EW,32NVL_EW,0.02,-0.014
1655,32Nvl_L2_EW,32NVL_EW,0.022,-0.004
1655,NvcNvl_L3_NS,NONE,0.041,0.0
1655,NvcNvl_L2_NS,NONE,0.04,0.0
1655,32Mt_L1_NS,32MT_NS,0.013,0.013
1655,32Mt_L1_EW,32MT_EW,0.049,0.044
1655,304Nvl_L2_NS,304NVL_NS,0.008,0.008
1655,32Nvl_L2_NS,32NVL_NS,0.007,0.001
1655,32Nvl_L3_EW,NONE,0.018,0.0
1655,32Nvl_L3_EW,NONE,0.006,0.0
1655,NvcNvl_L1_NS,NONE,0.052,0.0
1655,32Mt_L2_NS,32MT_NS,0.006,0.006
1655,32Mt_L2_EW,32MT_EW,0.038,0.033
1660,304Nvl_L1_NS,304NVL_NS,0.009,0.009
1660,304Nvl_L3_NS,NONE,0.007,0.0
1660,32Nvl_L1_EW,32NVL_EW,0.007,0.007
1660,32Nvl_L2_EW,32NVL_EW,0.008,0.008
1660,32Nvl_L1_EW,32NVL_EW,0.02,0.02
1660,32Nvl_L2_EW,32NVL_EW,0.022,0.022
1660,NvcNvl_L3_NS,NONE,0.014,0.0
1660,NvcNvl_L2_NS,NONE,0.013,0.0
1660,32Mt_L1_NS,32MT_NS,0.013,0.013
1660,NvcMt_L1_EW,NVCMT_EW,0.006,0.006
1660,NvcMt_L2_EW,NVCMT_EW,0.003,0.003
1660,304Nvl_L2_NS,304NVL_NS,0.008,0.008
1660,32Nvl_L3_EW,NONE,0.018,0.0
1660,32Nvl_L3_EW,NONE,0.006,0.0
1660,NvcNvl_L1_NS,NONE,0.017,0.0
1660,32Mt_L2_NS,32MT_NS,0.006,0.006
1660,NvcMt_L2_EW,NVCMT_EW,0.008,0.008
1660,NvcMt_L1_EW,NVCMT_EW,0.006,0.006
1665,304Nvl_L1_NS,304NVL_NS,0.009,0.009
1665,304Nvl_L3_NS,NONE,0.007,0.0
1665,32Nvl_L1_EW,32NVL_EW,0.007,0.002
1665,32Nvl_L2_EW,32NVL_EW,0.008,0.004
1665,32Nvl_L1_EW,32NVL_EW,0.02,0.015
1665,32Nvl_L2_EW,32NVL_EW,0.022,0.019
1665,32Mt_L1_NS,32MT_NS,0.006,0.006
1665,32Mt_L1_EW,NONE,0.094,0.0
1665,32Mt_L3_EW,NONE,0.115,0.0
1665,32Mt_L1_EW,32MT_EW,0.007,0.002
1665,304Nvl_L2_NS,304NVL_NS,0.008,0.008
1665,32Nvl_L3_EW,NONE,0.018,0.0
1665,32Nvl_L3_EW,NONE,0.006,0.0
1665,32Mt_L2_NS,32MT_NS,0.006,0.006
1665,32Mt_L2_EW,NONE,0.098,0.0
1665,32Mt_L2_EW,32MT_EW,0.005,0.0
1670,304Nvl_L1_NS,304NVL_NS,0.009,0.004
1670,304Nvl_L3_NS,NONE,0.007,0.0
1670,304Nvl_L1_EW,304NVL_EW,0.008,0.008
1670,304Nvl_L2_EW,304NVL_EW,0.007,0.007
1670,32Nvl_L3_NS,NONE,0.007,0.0
1670,32Nvl_L1_NS,32NVL_NS,0.007,0.001
1670,32Nvl_L1_EW,32NVL_EW,0.007,0.007
1670,32Nvl_L2_EW,32NVL_EW,0.008,0.008
1670,32Nvl_L1_EW,32NVL_EW,0.02,0.02
1670,32Nvl_L2_EW,32NVL_EW,0.022,0.022
1670,NvcNvl_L1_EW,NVCNVL_EW,0.035,0.031
1670,32Mt_L1_NS,32MT_NS,0.006,0.006
1670,32Mt_L1_EW,NONE,0.022,0.0
1670,32Mt_L3_EW,NONE,0.027,0.0
1670,32Mt_L1_NS,NONE,0.01,0.0
1670,NvcMt_L1_EW,NVCMT_EW,0.006,-0.018
1670,304Nvl_L2_NS,304NVL_NS,0.008,0.008
1670,304Nvl_L3_EW,NONE,0.006,0.0
1670,32Nvl_L2_NS,32NVL_NS,0.007,0.001
1670,32Nvl_L3_EW,NONE,0.018,0.0
1670,32Nvl_L3_EW,NONE,0.006,0.0
1670,32Mt_L2_NS,32MT_NS,0.006,0.006
1670,32Mt_L2_EW,NONE,0.023,0.0
1670,32Mt_L2_NS,NONE,0.009,0.0
1670,NvcMt_L2_EW,NVCMT_EW,0.008,0.008
1675,304Nvl_L1_NS,304NVL_NS,0.009,0.009
1675,304Nvl_L3_NS,NONE,0.007,0.0
1675,NvcNvl_L3_NS,NONE,0.007,0.0
1675,NvcNvl_L2_NS,NONE,0.007,0.0
1675,NvcNvl_L1_EW,NONE,0.011,0.0
1675,NvcNvl_L2_EW,NONE,0.008,0.0
1675,32Mt_L1_NS,32MT_NS,0.006,-0.018
1675,32Mt_L1_EW,32MT_EW,0.007,0.007
1675,NvcMt_L1_NS,NVCMT_NS,0.034,0.03
1675,304Nvl_L2_NS,304NVL_NS,0.008,0.008
1675,NvcNvl_L1_NS,NONE,0.009,0.0
1675,NvcNvl_L3_EW,NONE,0.006,0.0
1675,32Mt_L2_EW,32MT_EW,0.005,0.005
1675,NvcMt_L2_NS,NVCMT_NS,0.027,0.027
1680,304Nvl_L1_NS,304NVL_NS,0.009,0.009
1680,304Nvl_L3_NS,NONE,0.007,0.0
1680,304Nvl_L1_NS,NONE,0.007,0.0
1680,32Mt_L1_NS,32MT_NS,0.006,-0.018
1680,32Mt_L1_EW,NONE,0.014,0.0
1680,32Mt_L1_EW,32MT_EW,0.021,0.021
1680,32Mt_L1_NS,NONE,0.117,0.0
1680,NvcMt_L1_NS,NVCMT_NS,0.034,0.03
1680,304Nvl_L2_NS,304NVL_NS,0.008,0.008
1680,32Nvl_L1_NS,32NVL_NS,0.007,0.0
1680,32Mt_L2_EW,32MT_EW,0.005,0.005
1680,NvcMt_L2_NS,NVCMT_NS,0.027,0.027
1685,32Nvl_L1_NS,32NVL_NS,0.007,0.002
1685,NvcNvl_L1_EW,NVCNVL_EW,0.007,0.007
1685,NvcNvl_L1_NS,NVCNVL_NS,0.007,0.002
1685,32Mt_L1_EW,NONE,0.007,0.0
1685,32Mt_L1_EW,32MT_EW,0.007,0.007
1685,NvcMt_L1_NS,NVCMT_NS,0.034,0.034
1685,32Nvl_L1_NS,32NVL_NS,0.007,0.002
1685,32Mt_L2_EW,32MT_EW,0.005,0.005
1685,NvcMt_L2_NS,NVCMT_NS,0.027,0.027
1690,32Nvl_L1_NS,32NVL_NS,0.007,0.002
1690,NvcNvl_L1_EW,NVCNVL_EW,0.007,0.007
1690,NvcNvl_L1_NS,NVCNVL_NS,0.007,0.002
1690,32Nvl_L1_NS,32NVL_NS,0.007,0.002
1695,304Nvl_L1_NS,304NVL_NS,0.009,0.009
1695,304Nvl_L3_NS,NONE,0.007,0.0
1695,304Nvl_L1_EW,304NVL_EW,0.017,0.017
1695,304Nvl_L2_EW,304NVL_EW,0.015,0.015
1695,304Nvl_L1_NS,NONE,0.007,0.0
1695,NvcNvl_L3_NS,NONE,0.088,0.0
1695,NvcNvl_L2_NS,NONE,0.086,0.0
1695,NvcNvl_L1_EW,NVCNVL_EW,0.014,0.014
1695,NvcNvl_L2_EW,NVCNVL_EW,0.008,0.008
1695,304Nvl_L2_NS,304NVL_NS,0.008,0.008
1695,304Nvl_L3_EW,NONE,0.013,0.0
1695,NvcNvl_L1_NS,NONE,0.114,0.0
1700,304Nvl_L1_NS,304NVL_NS,0.009,0.004
1700,304Nvl_L3_NS,NONE,0.007,0.0
1700,32Nvl_L3_NS,NONE,0.007,0.0
1700,32Nvl_L1_NS,32NVL_NS,0.007,0.001
1700,32Nvl_L1_EW,32NVL_EW,0.042,0.042
1700,32Nvl_L2_EW,32NVL_EW,0.046,0.046
1700,NvcNvl_L1_EW,NVCNVL_EW,0.014,0.014
1700,NvcNvl_L2_EW,NVCNVL_EW,0.016,0.016
1700,304Nvl_L2_NS,304NVL_NS,0.008,0.008
1700,32Nvl_L2_NS,32NVL_NS,0.007,0.001
1700,32Nvl_L3_EW,NONE,0.038,0.0
1700,NvcNvl_L3_EW,NONE,0.019,0.0
1705,304Nvl_L1_NS,304NVL_NS,0.009,0.009
1705,304Nvl_L3_NS,NONE,0.007,0.0
1705,304Nvl_L1_EW,304NVL_EW,0.008,0.008
1705,304Nvl_L2_EW,304NVL_EW,0.007,0.007
1705,304Nvl_L1_EW,NONE,0.008,0.0
1705,304Nvl_L1_NS,NONE,0.007,0.0
1705,32Nvl_L1_EW,32NVL_EW,0.042,0.042
1705,32Nvl_L2_EW,32NVL_EW,0.046,0.046
1705,NvcNvl_L1_EW,NONE,0.011,0.0
1705,NvcNvl_L2_EW,NONE,0.008,0.0
1705,NvcNvl_L1_EW,NVCNVL_EW,0.021,0.021
1705,NvcNvl_L2_EW,NVCNVL_EW,0.023,0.023
1705,32Mt_L1_NS,NONE,0.01,0.0
1705,304Nvl_L2_NS,304NVL_NS,0.008,0.008
1705,304Nvl_L3_EW,NONE,0.006,0.0
1705,32Nvl_L3_EW,NONE,0.038,0.0
1705,NvcNvl_L3_EW,NONE,0.028,0.0
1705,32Mt_L2_NS,NONE,0.009,0.0
1710,304Nvl_L1_NS,304NVL_NS,0.009,0.009
1710,304Nvl_L3_NS,NONE,0.007,0.0
1710,32Nvl_L1_EW,32NVL_EW,0.078,0.078
1710,32Nvl_L2_EW,32NVL_EW,0.085,0.085
1710,NvcNvl_L3_NS,NONE,0.007,0.0
1710,NvcNvl_L2_NS,NONE,0.007,0.0
1710,NvcNvl_L1_EW,NVCNVL_EW,0.014,0.014
1710,NvcNvl_L2_EW,NVCNVL_EW,0.016,0.016
1710,32Mt_L1_EW,NONE,0.007,0.0
1710,304Nvl_L2_NS,304NVL_NS,0.008,0.008
1710,32Nvl_L3_EW,NONE,0.069,0.0
1710,32Nvl_L1_NS,32NVL_NS,0.007,0.0
1710,NvcNvl_L1_NS,NONE,0.009,0.0
1710,NvcNvl_L3_EW,NONE,0.019,0.0
1715,304Nvl_L1_NS,304NVL_NS,0.009,0.009
1715,304Nvl_L3_NS,NONE,0.007,0.0
1715,304Nvl_L1_EW,304NVL_EW,0.11,0.11
1715,304Nvl_L2_EW,304NVL_EW,0.094,0.094
1715,304Nvl_L1_NS,NONE,0.007,0.0
1715,32Nvl_L1_EW,32NVL_EW,0.035,0.03
1715,32Nvl_L2_EW,32NVL_EW,0.039,0.035
1715,NvcNvl_L3_NS,NONE,0.007,0.0
1715,NvcNvl_L2_NS,NONE,0.007,0.0
1715,NvcNvl_L1_EW,NVCNVL_EW,0.014,0.014
1715,NvcNvl_L2_EW,NVCNVL_EW,0.016,0.016
1715,32Mt_L1_EW,32MT_EW,0.007,-0.018
1715,304Nvl_L2_NS,304NVL_NS,0.008,0.008
1715,304Nvl_L3_EW,NONE,0.076,0.0
1715,32Nvl_L3_EW,NONE,0.031,0.0
1715,NvcNvl_L1_NS,NONE,0.009,0.0
1715,NvcNvl_L3_EW,NONE,0.019,0.0
1715,32Mt_L2_EW,32MT_EW,0.005,-0.022
1720,304Nvl_L1_NS,304NVL_NS,0.009,0.004
1720,304Nvl_L3_NS,NONE,0.007,0.0
1720,304Nvl_L1_EW,304NVL_EW,0.127,0.127
1720,304Nvl_L2_EW,304NVL_EW,0.109,0.109
1720,304Nvl_L1_NS,NONE,0.007,0.0
1720,304Nvl_L3_NS,NONE,0.008,0.0
1720,32Nvl_L3_NS,NONE,0.007,0.0
1720,32Nvl_L1_NS,32NVL_NS,0.007,0.001
1720,32Nvl_L1_EW,32NVL_EW,0.035,0.03
1720,32Nvl_L2_EW,32NVL_EW,0.039,0.035
1720,NvcNvl_L3_NS,NONE,0.007,0.0
1720,NvcNvl_L2_NS,NONE,0.007,0.0
1720,NvcNvl_L1_EW,NVCNVL_EW,0.014,0.014
1720,NvcNvl_L2_EW,NVCNVL_EW,0.016,0.016
1720,32Mt_L1_EW,NONE,0.007,0.0
1720,32Mt_L3_EW,NONE,0.009,0.0
1720,32Mt_L1_EW,32MT_EW,0.007,-0.018
1720,304Nvl_L2_NS,304NVL_NS,0.008,0.008
1720,304Nvl_L3_EW,NONE,0.095,0.0
1720,304Nvl_L2_NS,NONE,0.007,0.0
1720,32Nvl_L2_NS,32NVL_NS,0.007,0.001
1720,32Nvl_L3_EW,NONE,0.031,0.0
1720,32Nvl_L1_NS,32NVL_NS,0.034,0.027
1720,NvcNvl_L1_NS,NONE,0.009,0.0
1720,NvcNvl_L3_EW,NONE,0.019,0.0
1720,32Mt_L2_EW,NONE,0.008,0.0
1720,32Mt_L2_EW,32MT_EW,0.005,-0.022
1725,304Nvl_L1_NS,304NVL_NS,0.009,0.004
1725,304Nvl_L3_NS,NONE,0.007,0.0
1725,304Nvl_L1_EW,304NVL_EW,0.008,0.008
1725,304Nvl_L2_EW,304NVL_EW,0.007,0.007
1725,32Nvl_L3_NS,NONE,0.007,0.0
1725,32Nvl_L1_NS,32NVL_NS,0.007,0.001
1725,32Nvl_L1_EW,32NVL_EW,0.035,0.03
1725,32Nvl_L2_EW,32NVL_EW,0.039,0.035
1725,NvcNvl_L1_EW,NONE,0.064,0.0
1725,NvcNvl_L2_EW,NONE,0.046,0.0
1725,NvcNvl_L1_EW,NVCNVL_EW,0.014,0.014
1725,NvcNvl_L2_EW,NVCNVL_EW,0.016,0.016
1725,32Mt_L1_EW,32MT_EW,0.007,-0.018
1725,NvcMt_L2_NS,NONE,0.005,0.0
1725,NvcMt_L1_NS,NVCMT_NS,0.007,0.007
1725,304Nvl_L2_NS,304NVL_NS,0.008,0.008
1725,304Nvl_L3_EW,NONE,0.006,0.0
1725,32Nvl_L2_NS,32NVL_NS,0.007,0.001
1725,32Nvl_L3_EW,NONE,0.031,0.0
1725,NvcNvl_L3_EW,NONE,0.038,0.0
1725,NvcNvl_L3_EW,NONE,0.019,0.0
1725,32Mt_L2_EW,32MT_EW,0.005,-0.022
1725,NvcMt_L1_NS,NONE,0.005,0.0
1725,NvcMt_L2_NS,NVCMT_NS,0.005,0.005
1730,304Nvl_L1_NS,304NVL_NS,0.009,0.009
1730,304Nvl_L3_NS,NONE,0.007,0.0
1730,304Nvl_L1_EW,304NVL_EW,0.034,0.034
1730,304Nvl_L2_EW,304NVL_EW,0.015,0.015
1730,304Nvl_L1_NS,NONE,0.088,0.0
1730,32Nvl_L1_EW,32NVL_EW,0.05,0.04
1730,32Nvl_L2_EW,32NVL_EW,0.054,0.05
1730,NvcNvl_L1_EW,NONE,0.011,0.0
1730,NvcNvl_L2_EW,NONE,0.008,0.0
1730,NvcNvl_L1_EW,NVCNVL_EW,0.014,0.014
1730,NvcNvl_L2_EW,NVCNVL_EW,0.016,0.016
1730,32Mt_L1_EW,32MT_EW,0.014,-0.021
1730,304Nvl_L2_NS,304NVL_NS,0.008,0.008
1730,304Nvl_L3_EW,NONE,0.013,0.0
1730,32Nvl_L3_EW,NONE,0.044,0.0
1730,NvcNvl_L3_EW,NONE,0.019,0.0
1730,32Mt_L2_EW,32MT_EW,0.005,-0.032
1735,304Nvl_L1_NS,304NVL_NS,0.009,0.004
1735,304Nvl_L3_NS,NONE,0.007,0.0
1735,304Nvl_L1_EW,304NVL_EW,0.017,0.017
1735,32Nvl_L3_NS,NONE,0.007,0.0
1735,32Nvl_L1_NS,32NVL_NS,0.007,0.001
1735,32Nvl_L1_EW,32NVL_EW,0.042,0.033
1735,32Nvl_L2_EW,32NVL_EW,0.046,0.043
1735,32Nvl_L3_NS,NONE,0.008,0.0
1735,32Nvl_L2_NS,32NVL_NS,0.008,0.003
1735,NvcNvl_L1_EW,NVCNVL_EW,0.021,0.021
1735,NvcNvl_L2_EW,NVCNVL_EW,0.023,0.023
1735,32Mt_L1_EW,32MT_EW,0.014,-0.016
1735,304Nvl_L2_NS,304NVL_NS,0.008,0.002
1735,32Nvl_L2_NS,32NVL_NS,0.007,0.001
1735,32Nvl_L3_EW,NONE,0.038,0.0
1735,32Nvl_L1_NS,32NVL_NS,0.007,0.0
1735,NvcNvl_L3_EW,NONE,0.028,0.0
1735,32Mt_L2_EW,32MT_EW,0.005,-0.027
1740,304Nvl_L1_NS,304NVL_NS,0.009,0.004
1740,304Nvl_L3_NS,NONE,0.007,0.0
1740,304Nvl_L1_EW,304NVL_EW,0.059,0.059
1740,304Nvl_L2_EW,304NVL_EW,0.044,0.044
1740,32Nvl_L1_NS,32NVL_NS,0.007,0.001
1740,32Nvl_L1_EW,32NVL_EW,0.035,0.03
1740,32Nvl_L2_EW,32NVL_EW,0.039,0.035
1740,NvcNvl_L1_EW,NVCNVL_EW,0.007,0.007
1740,NvcNvl_L2_EW,NVCNVL_EW,0.008,0.008
1740,32Mt_L1_EW,32MT_EW,0.007,-0.018
1740,NvcCmt8_L2_NS,NONE,0.011,0.0
1740,NvcCmt8_L1_NS,NONE,0.008,0.0
1740,304Nvl_L2_NS,304NVL_NS,0.008,0.008
1740,304Nvl_L3_EW,NONE,0.038,0.0
1740,32Nvl_L3_EW,NONE,0.031,0.0
1740,32Nvl_L1_NS,32NVL_NS,0.007,0.0
1740,NvcNvl_L3_EW,NONE,0.009,0.0
1740,32Mt_L2_EW,32MT_EW,0.005,-0.022
1745,304Nvl_L1_NS,304NVL_NS,0.009,0.009
1745,304Nvl_L3_NS,NONE,0.007,0.0
1745,304Nvl_L1_EW,304NVL_EW,0.008,0.008
1745,304Nvl_L1_NS,NONE,0.036,0.0
1745,32Nvl_L1_EW,32NVL_EW,0.035,0.03
1745,32Nvl_L2_EW,32NVL_EW,0.039,0.035
1745,32Nvl_L1_EW,32NVL_EW,0.007,0.002
1745,NvcNvl_L3_NS,NONE,0.02,0.0
1745,NvcNvl_L2_NS,NONE,0.02,0.0
1745,32Mt_L1_EW,NONE,0.007,0.0
1745,32Mt_L3_EW,NONE,0.009,0.0
1745,32Mt_L1_EW,32MT_EW,0.007,-0.018
1745,32Mt_L1_NS,NONE,0.02,0.0
1745,NvcMt_L2_EW,NVCMT_EW,0.003,0.003
1745,304Nvl_L2_NS,304NVL_NS,0.008,0.008
1745,32Nvl_L3_EW,NONE,0.031,0.0
1745,32Nvl_L1_NS,32NVL_NS,0.007,0.0
1745,NvcNvl_L1_NS,NONE,0.026,0.0
1745,32Mt_L2_EW,NONE,0.008,0.0
1745,32Mt_L2_EW,32MT_EW,0.005,-0.022
1745,32Mt_L2_NS,NONE,0.009,0.0
1745,NvcMt_L1_EW,NVCMT_EW,0.006,0.006
1750,304Nvl_L1_NS,304NVL_NS,0.009,0.009
1750,304Nvl_L3_NS,NONE,0.007,0.0
1750,304Nvl_L1_EW,304NVL_EW,0.008,0.008
1750,304Nvl_L2_EW,304NVL_EW,0.007,0.007
1750,32Nvl_L1_EW,32NVL_EW,0.042,0.042
1750,32Nvl_L2_EW,32NVL_EW,0.046,0.046
1750,32Nvl_L3_NS,NONE,0.042,0.0
1750,32Nvl_L2_NS,32NVL_NS,0.039,0.034
1750,NvcNvl_L3_NS,NONE,0.007,0.0
1750,NvcNvl_L2_NS,NONE,0.007,0.0
1750,NvcNvl_L1_EW,NVCNVL_EW,0.007,0.007
1750,32Mt_L1_NS,NONE,0.049,0.0
1750,304Nvl_L2_NS,304NVL_NS,0.008,-0.02
1750,304Nvl_L3_EW,NONE,0.006,0.0
1750,32Nvl_L3_EW,NONE,0.038,0.0
1750,32Nvl_L1_NS,32NVL_NS,0.034,0.027
1750,NvcNvl_L1_NS,NONE,0.009,0.0
1750,32Mt_L2_NS,NONE,0.043,0.0
1755,304Nvl_L1_NS,304NVL_NS,0.009,0.009
1755,304Nvl_L3_NS,NONE,0.007,0.0
1755,304Nvl_L1_EW,304NVL_EW,0.008,0.008
1755,304Nvl_L2_EW,304NVL_EW,0.007,0.007
1755,304Nvl_L1_NS,NONE,0.007,0.0
1755,32Nvl_L1_EW,32NVL_EW,0.035,0.035
1755,32Nvl_L2_EW,32NVL_EW,0.039,0.039
1755,NvcNvl_L3_NS,NONE,0.007,0.0
1755,NvcNvl_L2_NS,NONE,0.007,0.0
1755,NvcNvl_L1_EW,NVCNVL_EW,0.007,0.007
1755,NvcNvl_L1_NS,NVCNVL_NS,0.007,0.007
1755,32Mt_L1_NS,32MT_NS,0.006,0.006
1755,32Mt_L1_EW,NONE,0.043,0.0
1755,32Mt_L3_EW,NONE,0.053,0.0
1755,304Nvl_L2_NS,304NVL_NS,0.008,0.008
1755,304Nvl_L3_EW,NONE,0.006,0.0
1755,32Nvl_L3_EW,NONE,0.031,0.0
1755,NvcNvl_L1_NS,NONE,0.009,0.0
1755,32Mt_L2_EW,NONE,0.053,0.0
1760,304Nvl_L1_NS,304NVL_NS,0.009,0.009
1760,304Nvl_L3_NS,NONE,0.007,0.0
1760,304Nvl_L1_EW,304NVL_EW,0.017,0.017
1760,304Nvl_L2_EW,304NVL_EW,0.007,0.007
1760,32Nvl_L1_EW,32NVL_EW,0.035,0.035
1760,32Nvl_L2_EW,32NVL_EW,0.039,0.039
1760,32Nvl_L1_EW,32NVL_EW,0.007,0.007
1760,32Nvl_L3_NS,NONE,0.008,0.0
1760,32Nvl_L2_NS,32NVL_NS,0.008,0.003
1760,NvcNvl_L3_NS,NONE,0.007,0.0
1760,NvcNvl_L2_NS,NONE,0.007,0.0
1760,NvcNvl_L1_EW,NVCNVL_EW,0.007,0.007
1760,NvcNvl_L1_NS,NVCNVL_NS,0.007,0.007
1760,32Mt_L1_NS,32MT_NS,0.006,0.006
1760,32Mt_L1_EW,NONE,0.007,0.0
1760,32Mt_L3_EW,NONE,0.009,0.0
1760,304Nvl_L2_NS,304NVL_NS,0.008,0.002
1760,304Nvl_L3_EW,NONE,0.006,0.0
1760,32Nvl_L3_EW,NONE,0.031,0.0
1760,32Nvl_L1_NS,32NVL_NS,0.007,-0.004
1760,NvcNvl_L1_NS,NONE,0.009,0.0
1760,32Mt_L2_EW,NONE,0.008,0.0
1765,304Thn_L1_EW,NONE,0.007,0.0
1765,304Thn_L2_EW,NONE,0.008,0.0
1765,304Nvl_L1_NS,304NVL_NS,0.009,-0.049
1765,304Nvl_L3_NS,NONE,0.007,0.0
1765,304Nvl_L1_EW,304NVL_EW,0.025,0.025
1765,304Nvl_L2_EW,304NVL_EW,0.015,0.015
1765,304Nvl_L1_NS,NONE,0.007,0.0
1765,304Nvl_L3_NS,NONE,0.008,0.0
1765,32Nvl_L3_NS,NONE,0.082,0.0
1765,32Nvl_L1_NS,32NVL_NS,0.083,0.077
1765,32Nvl_L1_EW,32NVL_EW,0.007,-0.017
1765,32Nvl_L2_EW,32NVL_EW,0.008,-0.011
1765,32Nvl_L3_NS,NONE,0.008,0.0
1765,32Nvl_L2_NS,32NVL_NS,0.008,0.003
1765,NvcNvl_L1_EW,NONE,0.011,0.0
1765,NvcNvl_L2_EW,NONE,0.008,0.0
1765,32Mt_L1_NS,32MT_NS,0.038,0.038
1765,32Mt_L1_EW,NONE,0.007,0.0
1765,32Mt_L3_EW,NONE,0.009,0.0
1765,32Mt_L1_EW,32MT_EW,0.035,0.03
1765,NvcCmt8_L2_EW,NVCCMT8_EW,0.026,0.026
1765,304Nvl_L2_NS,304NVL_NS,0.008,0.002
1765,304Nvl_L3_EW,NONE,0.013,0.0
1765,304Nvl_L2_NS,NONE,0.007,0.0
1765,32Nvl_L2_NS,32NVL_NS,0.08,0.075
1765,32Nvl_L3_EW,NONE,0.006,0.0
1765,32Nvl_L1_NS,32NVL_NS,0.007,0.0
1765,NvcNvl_L3_EW,NONE,0.006,0.0
1765,32Mt_L2_EW,NONE,0.008,0.0
1765,32Mt_L2_EW,32MT_EW,0.027,0.022
1765,NvcCmt8_L1_EW,NVCCMT8_EW,0.038,0.038
1765,304Thn_L3_EW,NONE,0.008,0.0
1770,304Thn_L1_EW,304THN_EW,0.008,-0.004
1770,304Nvl_L1_NS,304NVL_NS,0.009,-0.049
1770,304Nvl_L3_NS,NONE,0.007,0.0
1770,304Nvl_L1_EW,304NVL_EW,0.017,0.011
1770,304Nvl_L2_EW,304NVL_EW,0.015,0.015
1770,304Nvl_L1_NS,NONE,0.007,0.0
1770,32Nvl_L1_NS,32NVL_NS,0.083,0.077
1770,32Nvl_L3_NS,NONE,0.008,0.0
1770,32Nvl_L2_NS,32NVL_NS,0.008,0.003
1770,32Mt_L1_NS,32MT_NS,0.038,0.038
1770,32Mt_L1_EW,NONE,0.007,0.0
1770,32Mt_L3_EW,NONE,0.009,0.0
1770,304Nvl_L2_NS,304NVL_NS,0.008,0.002
1770,304Nvl_L3_EW,NONE,0.006,0.0
1770,32Nvl_L2_NS,32NVL_NS,0.08,0.075
1770,32Nvl_L1_NS,32NVL_NS,0.04,0.034
1770,32Mt_L2_EW,NONE,0.008,0.0
1775,304Nvl_L1_NS,304NVL_NS,0.018,-0.064
1775,304Nvl_L3_NS,NONE,0.015,0.0
1775,304Nvl_L1_EW,304NVL_EW,0.017,0.017
1775,304Nvl_L2_EW,304NVL_EW,0.007,0.007
1775,304Nvl_L1_NS,NONE,0.007,0.0
1775,32Nvl_L3_NS,NONE,0.034,0.0
1775,32Nvl_L1_NS,32NVL_NS,0.118,0.105
1775,32Nvl_L3_NS,NONE,0.008,0.0
1775,32Nvl_L2_NS,32NVL_NS,0.008,-0.003
1775,NvcNvl_L3_NS,NONE,0.007,0.0
1775,NvcNvl_L2_NS,NONE,0.007,0.0
1775,32Mt_L1_NS,32MT_NS,0.006,0.006
1775,32Mt_L1_NS,NONE,0.01,0.0
1775,304Nvl_L2_NS,304NVL_NS,0.015,0.01
1775,304Nvl_L3_EW,NONE,0.006,0.0
1775,32Nvl_L2_NS,32NVL_NS,0.113,0.103
1775,32Nvl_L1_NS,32NVL_NS,0.04,0.028
1775,NvcNvl_L1_NS,NONE,0.009,0.0
1780,304Nvl_L1_NS,304NVL_NS,0.018,-0.069
1780,304Nvl_L3_NS,NONE,0.015,0.0
1780,32Nvl_L3_NS,NONE,0.041,0.0
1780,32Nvl_L1_NS,32NVL_NS,0.125,0.112
1780,32Nvl_L3_NS,NONE,0.008,0.0
1780,32Nvl_L2_NS,32NVL_NS,0.008,-0.003
1780,NvcNvl_L3_NS,NONE,0.007,0.0
1780,NvcNvl_L2_NS,NONE,0.007,0.0
1780,32Mt_L1_EW,32MT_EW,0.007,0.007
1780,NvcMt_L2_NS,NONE,0.026,0.0
1780,304Nvl_L2_NS,304NVL_NS,0.015,0.01
1780,32Nvl_L2_NS,32NVL_NS,0.12,0.109
1780,32Nvl_L1_NS,32NVL_NS,0.04,0.028
1780,NvcNvl_L1_NS,NONE,0.009,0.0
1780,32Mt_L2_EW,32MT_EW,0.005,0.005
1780,NvcMt_L1_NS,NONE,0.027,0.0
1785,304Nvl_L1_NS,304NVL_NS,0.018,-0.069
1785,304Nvl_L3_NS,NONE,0.015,0.0
1785,304Nvl_L1_NS,NONE,0.007,0.0
1785,32Nvl_L3_NS,NONE,0.041,0.0
1785,32Nvl_L1_NS,32NVL_NS,0.125,0.112
1785,32Nvl_L3_NS,NONE,0.025,0.0
1785,32Nvl_L2_NS,32NVL_NS,0.024,0.013
1785,NvcNvl_L1_EW,NONE,0.011,0.0
1785,NvcMt_L2_NS,NONE,0.032,0.0
1785,304Nvl_L2_NS,304NVL_NS,0.015,-0.001
1785,32Nvl_L2_NS,32NVL_NS,0.12,0.109
1785,32Nvl_L1_NS,32NVL_NS,0.02,0.007
1785,NvcMt_L1_NS,NONE,0.033,0.0
1790,304Nvl_L1_NS,304NVL_NS,0.018,-0.074
1790,304Nvl_L3_NS,NONE,0.015,0.0
1790,32Nvl_L3_NS,NONE,0.048,0.0
1790,32Nvl_L1_NS,32NVL_NS,0.131,0.119
1790,32Nvl_L3_NS,NONE,0.033,0.0
1790,32Nvl_L2_NS,32NVL_NS,0.032,0.021
1790,NvcNvl_L1_EW,NONE,0.011,0.0
1790,NvcNvl_L2_EW,NONE,0.008,0.0
1790,NvcMt_L2_NS,NONE,0.005,0.0
1790,304Nvl_L2_NS,304NVL_NS,0.015,-0.007
1790,32Nvl_L2_NS,32NVL_NS,0.127,0.116
1790,32Nvl_L1_NS,32NVL_NS,0.027,0.014
1790,NvcMt_L1_NS,NONE,0.005,0.0
1795,304Nvl_L1_NS,304NVL_NS,0.018,-0.074
1795,304Nvl_L3_NS,NONE,0.015,0.0
1795,32Nvl_L3_NS,NONE,0.048,0.0
1795,32Nvl_L1_NS,32NVL_NS,0.131,0.119
1795,32Nvl_L3_NS,NONE,0.033,0.0
1795,32Nvl_L2_NS,32NVL_NS,0.032,0.021
1795,32Mt_L1_EW,32MT_EW,0.035,0.035
1795,NvcMt_L2_NS,NONE,0.005,0.0
1795,32Thn_L1_EW,NONE,0.01,0.0
1795,32Thn_L2_EW,NONE,0.01,0.0
1795,32Thn_L3_EW,NONE,0.007,0.0
1795,304Nvl_L2_NS,304NVL_NS,0.015,-0.007
1795,32Nvl_L2_NS,32NVL_NS,0.127,0.116
1795,32Nvl_L1_NS,32NVL_NS,0.027,0.014
1795,32Mt_L2_EW,32MT_EW,0.027,0.027
1795,NvcMt_L1_NS,NONE,0.005,0.0
1800,32Nvl_L3_NS,NONE,0.02,0.0
1800,32Nvl_L1_NS,32NVL_NS,0.028,0.028
1800,32Nvl_L1_EW,32NVL_EW,0.007,-0.028
1800,32Nvl_L2_EW,32NVL_EW,0.008,-0.015
1800,32Nvl_L3_NS,NONE,0.025,0.0
1800,32Nvl_L2_NS,32NVL_NS,0.024,0.024
1800,NvcNvl_L1_EW,NONE,0.011,0.0
1800,NvcNvl_L2_EW,NONE,0.008,0.0
1800,32Mt_L1_EW,32MT_EW,0.042,0.037
1800,32Mt_L1_NS,NONE,0.01,0.0
1800,32Thn_L1_EW,32THN_EW,0.008,0.003
1800,32Nvl_L2_NS,32NVL_NS,0.027,0.027
1800,32Nvl_L3_EW,NONE,0.006,0.0
1800,32Nvl_L1_NS,32NVL_NS,0.02,0.02
1800,NvcNvl_L3_EW,NONE,0.006,0.0
1800,32Mt_L2_EW,32MT_EW,0.033,0.027
1800,32Mt_L2_NS,NONE,0.009,0.0
1805,304Nvl_L1_NS,NONE,0.007,0.0
1805,32Nvl_L1_NS,32NVL_NS,0.007,0.007
1805,32Nvl_L1_EW,32NVL_EW,0.007,-0.027
1805,32Nvl_L2_EW,32NVL_EW,0.008,-0.019
1805,NvcNvl_L3_NS,NONE,0.007,0.0
1805,NvcNvl_L2_NS,NONE,0.007,0.0
1805,NvcNvl_L1_EW,NONE,0.011,0.0
1805,NvcNvl_L2_EW,NONE,0.008,0.0
1805,32Mt_L1_EW,NONE,0.094,0.0
1805,32Mt_L3_EW,NONE,0.115,0.0
1805,32Mt_L1_EW,32MT_EW,0.049,0.044
1805,32Nvl_L2_NS,32NVL_NS,0.007,0.007
1805,32Nvl_L3_EW,NONE,0.006,0.0
1805,NvcNvl_L1_NS,NONE,0.009,0.0
1805,NvcNvl_L3_EW,NONE,0.006,0.0
1805,32Mt_L2_EW,NONE,0.098,0.0
1805,32Mt_L2_EW,32MT_EW,0.038,0.033
1810,304Nvl_L1_EW,304NVL_EW,0.008,0.008
1810,304Nvl_L2_EW,304NVL_EW,0.007,0.007
1810,304Nvl_L1_NS,NONE,0.007,0.0
1810,32Nvl_L3_NS,NONE,0.007,0.0
1810,32Nvl_L1_NS,32NVL_NS,0.007,0.007
1810,32Nvl_L1_EW,32NVL_EW,0.007,-0.027
1810,32Nvl_L2_EW,32NVL_EW,0.008,-0.019
1810,32Mt_L1_EW,NONE,0.187,0.0
1810,32Mt_L3_EW,NONE,0.23,0.0
1810,32Mt_L1_EW,32MT_EW,0.049,0.044
1810,32Mt_L1_NS,NONE,0.01,0.0
1810,32Thn_L1_EW,NONE,0.01,0.0
1810,32Thn_L2_EW,NONE,0.01,0.0
1810,32Thn_L3_EW,NONE,0.007,0.0
1810,304Nvl_L3_EW,NONE,0.006,0.0
1810,32Nvl_L2_NS,32NVL_NS,0.007,0.007
1810,32Nvl_L3_EW,NONE,0.006,0.0
1810,32Nvl_L1_NS,32NVL_NS,0.007,0.007
1810,32Mt_L2_EW,NONE,0.196,0.0
1810,32Mt_L2_EW,32MT_EW,0.038,0.033
1815,304Nvl_L1_EW,304NVL_EW,0.008,0.008
1815,304Nvl_L2_EW,304NVL_EW,0.007,0.007
1815,32Nvl_L1_EW,32NVL_EW,0.007,-0.033
1815,32Nvl_L2_EW,32NVL_EW,0.008,-0.019
1815,32Nvl_L3_NS,NONE,0.008,0.0
1815,32Nvl_L2_NS,32NVL_NS,0.008,0.008
1815,NvcNvl_L3_NS,NONE,0.007,0.0
1815,NvcNvl_L2_NS,NONE,0.007,0.0
1815,32Mt_L1_EW,NONE,0.13,0.0
1815,32Mt_L3_EW,NONE,0.159,0.0
1815,32Mt_L1_EW,32MT_EW,0.049,0.044
1815,32Thn_L1_EW,32THN_EW,0.008,0.003
1815,304Nvl_L3_EW,NONE,0.006,0.0
1815,32Nvl_L3_EW,NONE,0.006,0.0
1815,32Nvl_L1_NS,32NVL_NS,0.007,0.007
1815,NvcNvl_L1_NS,NONE,0.009,0.0
1815,32Mt_L2_EW,NONE,0.136,0.0
1815,32Mt_L2_EW,32MT_EW,0.038,0.033
1820,304Thn_L1_EW,304THN_EW,0.008,-0.01
1820,304Thn_L3_EW,NONE,0.008,0.0
1820,304Nvl_L1_EW,304NVL_EW,0.025,0.02
1820,304Nvl_L2_EW,304NVL_EW,0.022,0.017
1820,304Nvl_L1_NS,NONE,0.007,0.0
1820,32Nvl_L1_EW,32NVL_EW,0.007,-0.032
1820,32Nvl_L2_EW,32NVL_EW,0.008,-0.023
1820,32Nvl_L3_NS,NONE,0.008,0.0
1820,32Nvl_L2_NS,32NVL_NS,0.008,0.008
1820,NvcNvl_L3_NS,NONE,0.007,0.0
1820,NvcNvl_L2_NS,NONE,0.007,0.0
1820,NvcNvl_L1_EW,NVCNVL_EW,0.007,0.007
1820,NvcNvl_L2_EW,NVCNVL_EW,0.008,0.008
1820,32Mt_L1_NS,32MT_NS,0.006,0.006
1820,32Mt_L1_EW,NONE,0.007,0.0
1820,32Mt_L3_EW,NONE,0.009,0.0
1820,32Mt_L1_EW,32MT_EW,0.056,0.051
1820,304Nvl_L3_EW,NONE,0.019,0.0
1820,32Nvl_L3_EW,NONE,0.006,0.0
1820,32Nvl_L1_NS,32NVL_NS,0.007,0.007
1820,NvcNvl_L1_NS,NONE,0.009,0.0
1820,NvcNvl_L3_EW,NONE,0.009,0.0
1820,32Mt_L2_EW,NONE,0.008,0.0
1820,32Mt_L2_EW,32MT_EW,0.044,0.038
1820,304Thn_L2_EW,304THN_EW,0.007,-0.008
1825,304Thn_L1_EW,304THN_EW,0.008,0.008
1825,304Thn_L3_EW,NONE,0.008,0.0
1825,304Nvl_L1_NS,NONE,0.015,0.0
1825,32Nvl_L1_EW,32NVL_EW,0.014,-0.093
1825,32Nvl_L2_EW,32NVL_EW,0.015,-0.019
1825,32Nvl_L1_EW,32NVL_EW,0.007,-0.101
1825,NvcNvl_L1_EW,NVCNVL_EW,0.007,0.007
1825,NvcNvl_L2_EW,NVCNVL_EW,0.008,0.008
1825,NvcNvl_L1_NS,NVCNVL_NS,0.007,0.007
1825,32Mt_L1_EW,NONE,0.007,0.0
1825,32Mt_L3_EW,NONE,0.009,0.0
1825,32Mt_L1_EW,32MT_EW,0.153,0.144
1825,32Nvl_L3_EW,NONE,0.013,0.0
1825,NvcNvl_L3_EW,NONE,0.009,0.0
1825,32Mt_L2_EW,NONE,0.008,0.0
1825,32Mt_L2_EW,32MT_EW,0.049,0.038
1825,304Thn_L2_EW,304THN_EW,0.007,0.007
1830,304Thn_L1_EW,304THN_EW,0.008,0.008
1830,304Thn_L3_EW,NONE,0.008,0.0
1830,32Nvl_L1_NS,32NVL_NS,0.007,0.007
1830,32Nvl_L1_EW,32NVL_EW,0.007,-0.164
1830,32Nvl_L2_EW,32NVL_EW,0.008,-0.027
1830,32Nvl_L1_EW,32NVL_EW,0.007,-0.164
1830,NvcNvl_L1_EW,NONE,0.021,0.0
1830,NvcNvl_L2_EW,NONE,0.015,0.0
1830,NvcNvl_L1_EW,NVCNVL_EW,0.014,0.014
1830,NvcNvl_L2_EW,NVCNVL_EW,0.016,0.016
1830,32Mt_L1_EW,NONE,0.007,0.0
1830,32Mt_L1_EW,32MT_EW,0.244,0.239
1830,32Mt_L1_NS,NONE,0.059,0.0
1830,NvcMt_L1_NS,NVCMT_NS,0.007,0.007
1830,32Nvl_L3_EW,NONE,0.006,0.0
1830,NvcNvl_L3_EW,NONE,0.006,0.0
1830,NvcNvl_L3_EW,NONE,0.019,0.0
1830,32Mt_L2_EW,NONE,0.008,0.0
1830,32Mt_L2_EW,32MT_EW,0.049,0.044
1830,32Mt_L2_NS,NONE,0.009,0.0
1830,NvcMt_L2_NS,NVCMT_NS,0.005,0.005
1830,304Thn_L2_EW,304THN_EW,0.007,0.007
1835,304Nvl_L1_EW,304NVL_EW,0.008,0.008
1835,32Nvl_L3_NS,NONE,0.007,0.0
1835,32Nvl_L1_NS,32NVL_NS,0.014,0.014
1835,32Nvl_L1_EW,32NVL_EW,0.007,-0.169
1835,32Nvl_L2_EW,32NVL_EW,0.008,-0.072
1835,NvcNvl_L1_EW,NVCNVL_EW,0.014,0.014
1835,NvcNvl_L2_EW,NVCNVL_EW,0.016,0.016
1835,32Mt_L1_EW,32MT_EW,0.251,0.246
1835,32Nvl_L2_NS,32NVL_NS,0.013,0.013
1835,32Nvl_L3_EW,NONE,0.006,0.0
1835,32Nvl_L1_NS,32NVL_NS,0.007,0.007
1835,NvcNvl_L3_EW,NONE,0.019,0.0
1835,32Mt_L2_EW,32MT_EW,0.114,0.109
1840,32Nvl_L3_NS,NONE,0.007,0.0
1840,32Nvl_L1_NS,32NVL_NS,0.007,0.007
1840,32Nvl_L1_EW,32NVL_EW,0.007,-0.169
1840,32Nvl_L2_EW,32NVL_EW,0.008,-0.076
1840,NvcNvl_L1_EW,NVCNVL_EW,0.049,0.049
1840,NvcNvl_L2_EW,NVCNVL_EW,0.055,0.055
1840,32Mt_L1_NS,32MT_NS,0.006,0.006
1840,32Mt_L1_EW,32MT_EW,0.251,0.246
1840,NvcMt_L2_NS,NONE,0.063,0.0
1840,32Nvl_L2_NS,32NVL_NS,0.007,0.007
1840,32Nvl_L3_EW,NONE,0.006,0.0
1840,NvcNvl_L3_EW,NONE,0.065,0.0
1840,32Mt_L2_EW,32MT_EW,0.12,0.114
1840,NvcMt_L1_NS,NONE,0.066,0.0
1845,32Nvl_L3_NS,NONE,0.007,0.0
1845,32Nvl_L1_NS,32NVL_NS,0.007,0.007
1845,32Nvl_L1_EW,32NVL_EW,0.007,-0.047
1845,32Nvl_L2_EW,32NVL_EW,0.008,-0.03
1845,NvcNvl_L1_EW,NVCNVL_EW,0.056,0.056
1845,NvcNvl_L2_EW,NVCNVL_EW,0.062,0.062
1845,32Mt_L1_EW,NONE,0.007,0.0
1845,32Mt_L3_EW,NONE,0.009,0.0
1845,32Mt_L1_EW,32MT_EW,0.077,0.072
1845,NvcMt_L2_NS,NONE,0.069,0.0
1845,32Nvl_L2_NS,32NVL_NS,0.007,0.007
1845,32Nvl_L3_EW,NONE,0.006,0.0
1845,NvcNvl_L3_EW,NONE,0.074,0.0
1845,32Mt_L2_EW,NONE,0.008,0.0
1845,32Mt_L2_EW,32MT_EW,0.054,0.049
1845,NvcMt_L1_NS,NONE,0.071,0.0
1850,304Nvl_L1_EW,304NVL_EW,0.008,0.008
1850,304Nvl_L2_EW,304NVL_EW,0.007,0.007
1850,304Nvl_L1_NS,NONE,0.007,0.0
1850,304Nvl_L3_NS,NONE,0.008,0.0
1850,32Nvl_L3_NS,NONE,0.007,0.0
1850,32Nvl_L1_NS,32NVL_NS,0.014,0.014
1850,32Nvl_L1_EW,32NVL_EW,0.007,-0.042
1850,32Nvl_L2_EW,32NVL_EW,0.008,-0.027
1850,32Nvl_L3_NS,NONE,0.008,0.0
1850,32Nvl_L2_NS,32NVL_NS,0.008,0.008
1850,NvcNvl_L3_NS,NONE,0.014,0.0
1850,NvcNvl_L2_NS,NONE,0.013,0.0
1850,NvcNvl_L1_EW,NONE,0.053,0.0
1850,NvcNvl_L2_EW,NONE,0.038,0.0
1850,NvcNvl_L1_EW,NVCNVL_EW,0.063,0.059
1850,NvcNvl_L2_EW,NVCNVL_EW,0.07,0.07
1850,32Mt_L1_EW,NONE,0.007,0.0
1850,32Mt_L3_EW,NONE,0.009,0.0
1850,32Mt_L1_EW,32MT_EW,0.07,0.065
1850,32Mt_L1_NS,NONE,0.049,0.0
1850,NvcMt_L1_EW,NVCMT_EW,0.006,-0.038
1850,304Nvl_L3_EW,NONE,0.006,0.0
1850,304Nvl_L2_NS,NONE,0.007,0.0
1850,32Nvl_L2_NS,32NVL_NS,0.013,0.013
1850,32Nvl_L3_EW,NONE,0.006,0.0
1850,32Nvl_L1_NS,32NVL_NS,0.007,0.007
1850,NvcNvl_L1_NS,NONE,0.017,0.0
1850,NvcNvl_L3_EW,NONE,0.032,0.0
1850,NvcNvl_L3_EW,NONE,0.074,0.0
1850,32Mt_L2_EW,NONE,0.008,0.0
1850,32Mt_L2_EW,32MT_EW,0.049,0.044
1850,32Mt_L2_NS,NONE,0.043,0.0
1850,NvcMt_L2_EW,NVCMT_EW,0.008,-0.041
1855,304Nvl_L1_NS,NONE,0.007,0.0
1855,32Nvl_L1_NS,32NVL_NS,0.007,0.007
1855,32Nvl_L1_EW,32NVL_EW,0.007,-0.008
1855,32Nvl_L2_EW,32NVL_EW,0.008,0.0
1855,32Mt_L1_NS,32MT_NS,0.031,0.031
1855,32Mt_L1_EW,32MT_EW,0.021,0.016
1855,NvcMt_L2_NS,NONE,0.005,0.0
1855,32Nvl_L2_NS,32NVL_NS,0.007,0.007
1855,32Nvl_L3_EW,NONE,0.006,0.0
1855,32Nvl_L1_NS,32NVL_NS,0.007,0.007
1855,32Mt_L2_EW,32MT_EW,0.011,0.005
1855,NvcMt_L1_NS,NONE,0.005,0.0
1860,304Nvl_L1_EW,304NVL_EW,0.017,0.017
1860,304Nvl_L2_EW,304NVL_EW,0.007,0.007
1860,32Nvl_L1_EW,32NVL_EW,0.007,0.002
1860,32Nvl_L2_EW,32NVL_EW,0.008,0.004
1860,NvcNvl_L1_EW,NONE,0.021,0.0
1860,NvcNvl_L2_EW,NONE,0.015,0.0
1860,NvcNvl_L1_EW,NVCNVL_EW,0.035,0.035
1860,NvcNvl_L1_NS,NVCNVL_NS,0.007,0.007
1860,32Mt_L1_NS,32MT_NS,0.031,0.031
1860,32Mt_L1_EW,NONE,0.036,0.0
1860,32Mt_L1_EW,32MT_EW,0.007,0.002
1860,32Mt_L1_NS,NONE,0.049,0.0
1860,NvcMt_L2_NS,NONE,0.005,0.0
1860,304Nvl_L3_EW,NONE,0.006,0.0
1860,32Nvl_L3_EW,NONE,0.006,0.0
1860,32Nvl_L1_NS,32NVL_NS,0.007,0.002
1860,NvcNvl_L3_EW,NONE,0.006,0.0
1860,32Mt_L2_EW,32MT_EW,0.005,0.0
1860,32Mt_L2_NS,NONE,0.043,0.0
1860,NvcMt_L1_NS,NONE,0.005,0.0
1860,NvcMt_L2_EW,NVCMT_EW,0.008,0.008
1865,32Nvl_L3_NS,NONE,0.008,0.0
1865,32Nvl_L2_NS,32NVL_NS,0.008,0.008
1865,NvcNvl_L1_EW,NONE,0.011,0.0
1865,NvcNvl_L1_NS,NVCNVL_NS,0.007,0.007
1865,32Mt_L1_NS,32MT_NS,0.038,0.038
1865,32Mt_L1_EW,NONE,0.036,0.0
1865,32Mt_L1_NS,NONE,0.01,0.0
1865,NvcMt_L2_NS,NONE,0.005,0.0
1865,32Nvl_L1_NS,32NVL_NS,0.007,0.002
1865,32Mt_L2_NS,NONE,0.009,0.0
1865,NvcMt_L1_NS,NONE,0.005,0.0
1870,304Nvl_L1_EW,304NVL_EW,0.008,0.008
1870,32Nvl_L3_NS,NONE,0.117,0.0
1870,32Nvl_L2_NS,32NVL_NS,0.111,0.111
1870,NvcNvl_L3_NS,NONE,0.041,0.0
1870,NvcNvl_L2_NS,NONE,0.04,0.0
1870,NvcNvl_L1_EW,NONE,0.011,0.0
1870,NvcNvl_L2_EW,NONE,0.008,0.0
1870,NvcNvl_L1_EW,NVCNVL_EW,0.007,0.007
1870,NvcNvl_L2_EW,NVCNVL_EW,0.008,0.008
1870,NvcNvl_L1_NS,NVCNVL_NS,0.007,0.007
1870,32Mt_L1_NS,32MT_NS,0.038,0.038
1870,32Nvl_L1_NS,32NVL_NS,0.101,0.096
1870,NvcNvl_L1_NS,NONE,0.052,0.0
1870,NvcNvl_L3_EW,NONE,0.009,0.0
1875,32Nvl_L3_NS,NONE,0.125,0.0
1875,32Nvl_L2_NS,32NVL_NS,0.118,0.118
1875,NvcNvl_L3_NS,NONE,0.014,0.0
1875,NvcNvl_L2_NS,NONE,0.013,0.0
1875,32Mt_L1_NS,32MT_NS,0.038,0.038
1875,32Mt_L1_EW,NONE,0.014,0.0
1875,NvcCmt8_L2_EW,NVCCMT8_EW,0.005,0.005
1875,NvcCmt8_L2_NS,NONE,0.011,0.0
1875,NvcCmt8_L1_NS,NONE,0.008,0.0
1875,32Nvl_L1_NS,32NVL_NS,0.107,0.107
1875,NvcNvl_L1_NS,NONE,0.017,0.0
1875,NvcCmt8_L1_EW,NVCCMT8_EW,0.008,0.008
1880,304Nvl_L1_NS,304NVL_NS,0.045,0.04
1880,304Nvl_L3_NS,NONE,0.037,0.0
1880,304Nvl_L1_EW,304NVL_EW,0.017,0.017
1880,304Nvl_L2_EW,304NVL_EW,0.015,0.015
1880,32Nvl_L1_NS,32NVL_NS,0.007,-0.025
1880,32Nvl_L3_NS,NONE,0.125,0.0
1880,32Nvl_L2_NS,32NVL_NS,0.118,0.092
1880,NvcNvl_L3_NS,NONE,0.007,0.0
1880,NvcNvl_L2_NS,NONE,0.007,0.0
1880,NvcNvl_L1_EW,NONE,0.053,0.0
1880,NvcNvl_L2_EW,NONE,0.038,0.0
1880,32Mt_L1_NS,32MT_NS,0.031,0.031
1880,NvcMt_L2_NS,NONE,0.005,0.0
1880,304Nvl_L2_NS,304NVL_NS,0.038,-0.045
1880,304Nvl_L3_EW,NONE,0.013,0.0
1880,32Nvl_L2_NS,32NVL_NS,0.007,-0.02
1880,32Nvl_L1_NS,32NVL_NS,0.107,0.076
1880,NvcNvl_L1_NS,NONE,0.009,0.0
1880,NvcMt_L1_NS,NONE,0.005,0.0
1885,304Nvl_L1_NS,304NVL_NS,0.045,0.04
1885,304Nvl_L3_NS,NONE,0.037,0.0
1885,304Nvl_L1_EW,304NVL_EW,0.008,0.008
1885,304Nvl_L2_EW,304NVL_EW,0.007,0.007
1885,32Nvl_L1_NS,32NVL_NS,0.007,-0.025
1885,32Nvl_L3_NS,NONE,0.142,0.0
1885,32Nvl_L2_NS,32NVL_NS,0.134,0.108
1885,32Mt_L1_NS,NONE,0.01,0.0
1885,NvcMt_L2_NS,NONE,0.005,0.0
1885,NvcMt_L2_EW,NVCMT_EW,0.013,0.013
1885,304Nvl_L2_NS,304NVL_NS,0.038,-0.056
1885,304Nvl_L3_EW,NONE,0.006,0.0
1885,32Nvl_L2_NS,32NVL_NS,0.007,-0.02
1885,32Nvl_L1_NS,32NVL_NS,0.114,0.082
1885,32Mt_L2_NS,NONE,0.009,0.0
1885,NvcMt_L1_NS,NONE,0.005,0.0
1885,NvcMt_L1_EW,NVCMT_EW,0.028,0.028
1890,304Nvl_L1_NS,304NVL_NS,0.045,0.04
1890,304Nvl_L3_NS,NONE,0.037,0.0
1890,304Nvl_L1_NS,NONE,0.015,0.0
1890,32Nvl_L1_NS,32NVL_NS,0.007,-0.025
1890,32Nvl_L3_NS,NONE,0.159,0.0
1890,32Nvl_L2_NS,32NVL_NS,0.15,0.123
1890,NvcNvl_L1_EW,NVCNVL_EW,0.007,0.007
1890,NvcMt_L2_EW,NVCMT_EW,0.013,0.013
1890,NvcCmt8_L2_NS,NONE,0.012,0.0
1890,32Thn_L1_EW,NONE,0.01,0.0
1890,32Thn_L2_EW,NONE,0.01,0.0
1890,32Thn_L3_EW,NONE,0.007,0.0
1890,304Nvl_L2_NS,304NVL_NS,0.038,-0.067
1890,32Nvl_L2_NS,32NVL_NS,0.007,-0.02
1890,32Nvl_L1_NS,32NVL_NS,0.128,0.096
1890,NvcMt_L1_EW,NVCMT_EW,0.028,0.023
1890,NvcCmt8_L1_NS,NONE,0.011,0.0
1895,304Nvl_L1_NS,304NVL_NS,0.045,0.04
1895,304Nvl_L3_NS,NONE,0.037,0.0
1895,304Nvl_L1_NS,NONE,0.007,0.0
1895,32Nvl_L1_NS,32NVL_NS,0.007,-0.025
1895,32Nvl_L3_NS,NONE,0.159,0.0
1895,32Nvl_L2_NS,32NVL_NS,0.15,0.123
1895,NvcNvl_L3_NS,NONE,0.007,0.0
1895,NvcNvl_L2_NS,NONE,0.007,0.0
1895,32Mt_L1_EW,32MT_EW,0.035,0.035
1895,32Mt_L1_NS,NONE,0.01,0.0
1895,32Thn_L1_EW,32THN_EW,0.008,0.008
1895,304Nvl_L2_NS,304NVL_NS,0.038,-0.067
1895,32Nvl_L2_NS,32NVL_NS,0.007,-0.02
1895,32Nvl_L1_NS,32NVL_NS,0.128,0.096
1895,NvcNvl_L1_NS,NONE,0.009,0.0
1895,32Mt_L2_EW,32MT_EW,0.027,0.027
1900,304Nvl_L1_NS,304NVL_NS,0.045,0.04
1900,304Nvl_L3_NS,NONE,0.037,0.0
1900,32Nvl_L1_NS,32NVL_NS,0.007,-0.025
1900,32Nvl_L3_NS,NONE,0.167,0.0
1900,32Nvl_L2_NS,32NVL_NS,0.158,0.131
1900,32Mt_L1_EW,32MT_EW,0.042,0.042
1900,NvcMt_L1_EW,NVCMT_EW,0.038,0.038
1900,32Thn_L1_EW,32THN_EW,0.008,0.008
1900,304Nvl_L2_NS,304NVL_NS,0.038,-0.073
1900,32Nvl_L2_NS,32NVL_NS,0.007,-0.02
1900,32Nvl_L1_NS,32NVL_NS,0.134,0.103
1900,32Mt_L2_EW,32MT_EW,0.033,0.033
1900,NvcMt_L2_EW,NVCMT_EW,0.048,0.048
1905,304Nvl_L1_NS,304NVL_NS,0.045,0.04
1905,304Nvl_L3_NS,NONE,0.037,0.0
1905,32Nvl_L1_NS,32NVL_NS,0.007,-0.025
1905,32Nvl_L3_NS,NONE,0.175,0.0
1905,32Nvl_L2_NS,32NVL_NS,0.166,0.139
1905,32Mt_L1_NS,32MT_NS,0.031,0.031
1905,304Nvl_L2_NS,304NVL_NS,0.038,-0.078
1905,32Nvl_L2_NS,32NVL_NS,0.007,-0.02
1905,32Nvl_L1_NS,32NVL_NS,0.141,0.109
1910,32Nvl_L3_NS,NONE,0.184,0.0
1910,32Nvl_L2_NS,32NVL_NS,0.174,0.174
1910,NvcNvl_L3_NS,NONE,0.014,0.0
1910,NvcNvl_L2_NS,NONE,0.013,0.0
1910,32Mt_L1_NS,32MT_NS,0.031,0.031
1910,32Nvl_L1_NS,32NVL_NS,0.148,0.148
1910,NvcNvl_L1_NS,NONE,0.017,0.0
1915,304Nvl_L1_EW,304NVL_EW,0.017,0.017
1915,304Nvl_L2_EW,304NVL_EW,0.007,0.007
1915,32Nvl_L3_NS,NONE,0.014,0.0
1915,32Nvl_L1_NS,32NVL_NS,0.014,0.014
1915,32Nvl_L3_NS,NONE,0.05,0.0
1915,32Nvl_L2_NS,32NVL_NS,0.047,0.047
1915,NvcNvl_L3_NS,NONE,0.007,0.0
1915,NvcNvl_L2_NS,NONE,0.007,0.0
1915,NvcNvl_L1_EW,NVCNVL_EW,0.007,0.007
1915,NvcNvl_L2_EW,NVCNVL_EW,0.008,0.008
1915,32Mt_L1_EW,NONE,0.036,0.0
1915,32Mt_L3_EW,NONE,0.044,0.0
1915,32Mt_L1_EW,32MT_EW,0.007,0.007
1915,304Nvl_L3_EW,NONE,0.006,0.0
1915,32Nvl_L2_NS,32NVL_NS,0.013,0.013
1915,32Nvl_L1_NS,32NVL_NS,0.04,0.04
1915,NvcNvl_L1_NS,NONE,0.009,0.0
1915,NvcNvl_L3_EW,NONE,0.009,0.0
1915,32Mt_L2_EW,NONE,0.038,0.0
1915,32Mt_L2_EW,32MT_EW,0.005,0.005
1920,304Nvl_L1_EW,304NVL_EW,0.017,0.017
1920,304Nvl_L2_EW,304NVL_EW,0.015,0.015
1920,304Nvl_L1_EW,NONE,0.008,0.0
1920,304Nvl_L1_NS,NONE,0.036,0.0
1920,304Nvl_L2_EW,NONE,0.009,0.0
1920,32Nvl_L1_NS,32NVL_NS,0.007,0.007
1920,32Nvl_L3_NS,NONE,0.025,0.0
1920,32Nvl_L2_NS,32NVL_NS,0.024,0.024
1920,NvcNvl_L1_EW,NVCNVL_EW,0.007,0.007
1920,NvcNvl_L2_EW,NVCNVL_EW,0.008,0.008
1920,32Mt_L1_EW,NONE,0.036,0.0
1920,32Mt_L3_EW,NONE,0.044,0.0
1920,32Mt_L1_EW,32MT_EW,0.007,0.007
1920,NvcMt_L2_NS,NONE,0.005,0.0
1920,304Nvl_L3_EW,NONE,0.013,0.0
1920,304Nvl_L3_EW,NONE,0.008,0.0
1920,32Nvl_L2_NS,32NVL_NS,0.007,0.007
1920,32Nvl_L1_NS,32NVL_NS,0.02,0.02
1920,NvcNvl_L3_EW,NONE,0.009,0.0
1920,32Mt_L2_EW,NONE,0.038,0.0
1920,32Mt_L2_EW,32MT_EW,0.005,0.005
1920,NvcMt_L1_NS,NONE,0.005,0.0
1925,304Nvl_L1_EW,304NVL_EW,0.017,0.017
1925,304Nvl_L2_EW,304NVL_EW,0.015,0.015
1925,304Nvl_L1_NS,NONE,0.036,0.0
1925,32Nvl_L1_NS,32NVL_NS,0.007,0.007
1925,NvcNvl_L3_NS,NONE,0.007,0.0
1925,NvcNvl_L2_NS,NONE,0.007,0.0
1925,NvcNvl_L1_EW,NONE,0.011,0.0
1925,NvcNvl_L2_EW,NONE,0.008,0.0
1925,NvcNvl_L1_EW,NVCNVL_EW,0.007,0.007
1925,NvcNvl_L2_EW,NVCNVL_EW,0.008,0.008
1925,32Mt_L1_EW,32MT_EW,0.014,0.014
1925,304Nvl_L3_EW,NONE,0.013,0.0
1925,32Nvl_L1_NS,32NVL_NS,0.007,0.007
1925,NvcNvl_L1_NS,NONE,0.009,0.0
1925,NvcNvl_L3_EW,NONE,0.009,0.0
1925,32Mt_L2_EW,32MT_EW,0.011,0.011
1930,304Nvl_L1_NS,304NVL_NS,0.009,-0.001
1930,304Nvl_L1_EW,304NVL_EW,0.076,0.076
1930,304Nvl_L2_EW,304NVL_EW,0.065,0.065
1930,32Nvl_L1_NS,32NVL_NS,0.014,0.008
1930,32Nvl_L3_NS,NONE,0.05,0.0
1930,32Nvl_L2_NS,32NVL_NS,0.047,0.047
1930,NvcNvl_L3_NS,NONE,0.007,0.0
1930,NvcNvl_L2_NS,NONE,0.007,0.0
1930,NvcNvl_L1_EW,NVCNVL_EW,0.007,0.007
1930,NvcNvl_L2_EW,NVCNVL_EW,0.008,0.008
1930,32Mt_L1_EW,NONE,0.007,0.0
1930,32Mt_L3_EW,NONE,0.009,0.0
1930,32Mt_L1_EW,32MT_EW,0.042,0.042
1930,32Thn_L1_EW,32THN_EW,0.008,0.008
1930,32Thn_L2_EW,32THN_EW,0.008,0.008
1930,32Thn_L3_EW,NONE,0.008,0.0
1930,304Nvl_L3_EW,NONE,0.057,0.0
1930,32Nvl_L1_NS,32NVL_NS,0.054,0.047
1930,NvcNvl_L1_NS,NONE,0.009,0.0
1930,NvcNvl_L3_EW,NONE,0.009,0.0
1930,32Mt_L2_EW,NONE,0.008,0.0
1930,32Mt_L2_EW,32MT_EW,0.033,0.033
1935,304Nvl_L1_EW,304NVL_EW,0.085,0.085
1935,304Nvl_L2_EW,304NVL_EW,0.073,0.073
1935,32Nvl_L1_NS,32NVL_NS,0.014,0.014
1935,NvcNvl_L1_EW,NVCNVL_EW,0.007,0.007
1935,NvcNvl_L2_EW,NVCNVL_EW,0.008,0.008
1935,32Mt_L1_EW,NONE,0.036,0.0
1935,32Mt_L3_EW,NONE,0.044,0.0
1935,32Mt_L1_EW,32MT_EW,0.007,0.007
1935,NvcCmt8_L2_EW,NONE,0.007,0.0
1935,32Thn_L1_EW,32THN_EW,0.008,0.008
1935,32Thn_L2_EW,32THN_EW,0.008,0.008
1935,32Thn_L3_EW,NONE,0.008,0.0
1935,304Nvl_L3_EW,NONE,0.063,0.0
1935,32Nvl_L1_NS,32NVL_NS,0.007,0.007
1935,NvcNvl_L3_EW,NONE,0.009,0.0
1935,32Mt_L2_EW,NONE,0.038,0.0
1935,32Mt_L2_EW,32MT_EW,0.005,0.005
1935,NvcCmt8_L1_EW,NONE,0.006,0.0
1940,304Nvl_L1_EW,304NVL_EW,0.076,0.076
1940,304Nvl_L2_EW,304NVL_EW,0.065,0.065
1940,304Nvl_L1_NS,NONE,0.007,0.0
1940,32Nvl_L1_NS,32NVL_NS,0.014,0.009
1940,32Nvl_L1_EW,32NVL_EW,0.034,0.029
1940,NvcNvl_L1_EW,NVCNVL_EW,0.007,0.007
1940,NvcNvl_L2_EW,NVCNVL_EW,0.008,0.008
1940,NvcNvl_L1_NS,NVCNVL_NS,0.007,-0.003
1940,32Mt_L1_EW,NONE,0.007,0.0
1940,32Mt_L3_EW,NONE,0.009,0.0
1940,32Mt_L1_EW,32MT_EW,0.007,0.007
1940,NvcCmt8_L2_NS,NONE,0.011,0.0
1940,32Thn_L1_EW,NONE,0.01,0.0
1940,NvcCmt8_L1_NS,NONE,0.008,0.0
1940,304Nvl_L3_EW,NONE,0.057,0.0
1940,NvcNvl_L3_EW,NONE,0.009,0.0
1940,32Mt_L2_EW,NONE,0.008,0.0
1940,32Mt_L2_EW,32MT_EW,0.005,0.005
1945,304Nvl_L1_NS,304NVL_NS,0.009,0.004
1945,304Nvl_L3_NS,NONE,0.007,0.0
1945,304Nvl_L1_EW,304NVL_EW,0.076,0.076
1945,304Nvl_L2_EW,304NVL_EW,0.065,0.065
1945,304Nvl_L1_NS,NONE,0.007,0.0
1945,32Nvl_L1_NS,32NVL_NS,0.007,0.001
1945,32Nvl_L1_EW,32NVL_EW,0.034,0.034
1945,NvcNvl_L3_NS,NONE,0.007,0.0
1945,NvcNvl_L2_NS,NONE,0.007,0.0
1945,NvcNvl_L1_EW,NVCNVL_EW,0.007,0.007
1945,NvcNvl_L2_EW,NVCNVL_EW,0.008,0.008
1945,32Mt_L1_EW,NONE,0.007,0.0
1945,32Mt_L3_EW,NONE,0.009,0.0
1945,32Mt_L1_NS,NONE,0.107,0.0
1945,NvcMt_L2_NS,NONE,0.005,0.0
1945,32Thn_L1_EW,NONE,0.01,0.0
1945,304Nvl_L2_NS,304NVL_NS,0.008,0.008
1945,304Nvl_L3_EW,NONE,0.051,0.0
1945,NvcNvl_L1_NS,NONE,0.009,0.0
1945,NvcNvl_L3_EW,NONE,0.009,0.0
1945,32Mt_L2_EW,NONE,0.008,0.0
1945,32Mt_L2_NS,NONE,0.052,0.0
1945,NvcMt_L1_NS,NONE,0.005,0.0
1950,304Nvl_L1_EW,304NVL_EW,0.085,0.085
1950,304Nvl_L2_EW,304NVL_EW,0.073,0.073
1950,32Nvl_L3_NS,NONE,0.034,0.0
1950,32Nvl_L1_NS,32NVL_NS,0.035,0.035
1950,NvcNvl_L1_EW,NVCNVL_EW,0.014,0.014
1950,NvcNvl_L2_EW,NVCNVL_EW,0.016,0.016
1950,32Mt_L1_EW,32MT_EW,0.028,0.028
1950,32Mt_L1_NS,NONE,0.01,0.0
1950,304Nvl_L3_EW,NONE,0.063,0.0
1950,32Nvl_L2_NS,32NVL_NS,0.033,0.033
1950,NvcNvl_L3_EW,NONE,0.019,0.0
1950,32Mt_L2_EW,32MT_EW,0.016,0.016
1950,32Mt_L2_NS,NONE,0.009,0.0
1950,NvcCmt8_L1_EW,NVCCMT8_EW,0.008,0.008
1955,304Nvl_L1_NS,304NVL_NS,0.009,0.009
1955,304Nvl_L3_NS,NONE,0.007,0.0
1955,304Nvl_L1_EW,304NVL_EW,0.051,0.051
1955,304Nvl_L2_EW,304NVL_EW,0.044,0.044
1955,304Nvl_L1_NS,NONE,0.015,0.0
1955,304Nvl_L3_NS,NONE,0.008,0.0
1955,32Nvl_L3_NS,NONE,0.008,0.0
1955,32Nvl_L2_NS,32NVL_NS,0.008,0.003
1955,NvcNvl_L3_NS,NONE,0.007,0.0
1955,NvcNvl_L2_NS,NONE,0.007,0.0
1955,NvcNvl_L1_EW,NONE,0.011,0.0
1955,NvcNvl_L2_EW,NONE,0.008,0.0
1955,NvcNvl_L1_EW,NVCNVL_EW,0.014,0.014
1955,NvcNvl_L2_EW,NVCNVL_EW,0.016,0.016
1955,32Mt_L1_NS,32MT_NS,0.031,0.031
1955,32Mt_L1_EW,32MT_EW,0.014,0.014
1955,32Thn_L1_EW,32THN_EW,0.008,0.008
1955,32Thn_L2_EW,32THN_EW,0.008,0.008
1955,32Thn_L3_EW,NONE,0.008,0.0
1955,304Nvl_L2_NS,304NVL_NS,0.008,0.002
1955,304Nvl_L3_EW,NONE,0.038,0.0
1955,304Nvl_L2_NS,NONE,0.007,0.0
1955,32Nvl_L1_NS,32NVL_NS,0.007,0.0
1955,NvcNvl_L1_NS,NONE,0.009,0.0
1955,NvcNvl_L3_EW,NONE,0.019,0.0
1955,32Mt_L2_EW,32MT_EW,0.011,0.011
1960,304Nvl_L1_EW,304NVL_EW,0.051,0.051
1960,304Nvl_L2_EW,304NVL_EW,0.044,0.044
1960,304Nvl_L1_NS,NONE,0.022,0.0
1960,32Nvl_L3_NS,NONE,0.025,0.0
1960,32Nvl_L2_NS,32NVL_NS,0.024,0.024
1960,NvcNvl_L3_NS,NONE,0.034,0.0
1960,NvcNvl_L2_NS,NONE,0.033,0.0
1960,NvcNvl_L1_EW,NONE,0.011,0.0
1960,NvcNvl_L2_EW,NONE,0.008,0.0
1960,NvcNvl_L1_EW,NVCNVL_EW,0.014,0.014
1960,NvcNvl_L2_EW,NVCNVL_EW,0.016,0.016
1960,32Mt_L1_NS,32MT_NS,0.031,0.031
1960,32Mt_L1_EW,NONE,0.007,0.0
1960,32Mt_L3_EW,NONE,0.009,0.0
1960,32Mt_L1_EW,32MT_EW,0.014,0.014
1960,NvcMt_L2_NS,NONE,0.026,0.0
1960,32Thn_L1_EW,32THN_EW,0.008,0.008
1960,32Thn_L2_EW,32THN_EW,0.008,0.008
1960,32Thn_L3_EW,NONE,0.008,0.0
1960,304Nvl_L3_EW,NONE,0.038,0.0
1960,304Nvl_L2_NS,NONE,0.007,0.0
1960,32Nvl_L1_NS,32NVL_NS,0.054,0.054
1960,NvcNvl_L1_NS,NONE,0.044,0.0
1960,NvcNvl_L3_EW,NONE,0.006,0.0
1960,NvcNvl_L3_EW,NONE,0.019,0.0
1960,32Mt_L2_EW,NONE,0.008,0.0
1960,32Mt_L2_EW,32MT_EW,0.005,0.005
1960,NvcMt_L1_NS,NONE,0.027,0.0
1965,304Nvl_L1_EW,304NVL_EW,0.025,0.025
1965,304Nvl_L2_EW,304NVL_EW,0.022,0.022
1965,304Nvl_L1_NS,NONE,0.015,0.0
1965,304Nvl_L3_NS,NONE,0.016,0.0
1965,32Nvl_L1_NS,32NVL_NS,0.007,0.007
1965,32Nvl_L3_NS,NONE,0.008,0.0
1965,32Nvl_L2_NS,32NVL_NS,0.008,0.008
1965,NvcNvl_L1_EW,NVCNVL_EW,0.007,0.007
1965,NvcNvl_L2_EW,NVCNVL_EW,0.008,0.008
1965,32Mt_L1_NS,32MT_NS,0.038,0.038
1965,32Mt_L1_EW,NONE,0.007,0.0
1965,32Mt_L3_EW,NONE,0.009,0.0
1965,32Mt_L1_NS,NONE,0.01,0.0
1965,32Thn_L1_EW,32THN_EW,0.008,0.008
1965,32Thn_L2_EW,32THN_EW,0.008,0.008
1965,32Thn_L3_EW,NONE,0.008,0.0
1965,304Nvl_L3_EW,NONE,0.019,0.0
1965,304Nvl_L2_NS,NONE,0.015,0.0
1965,32Nvl_L1_NS,32NVL_NS,0.007,0.007
1965,NvcNvl_L3_EW,NONE,0.009,0.0
1965,32Mt_L2_EW,NONE,0.008,0.0
1970,304Nvl_L1_EW,304NVL_EW,0.042,0.042
1970,304Nvl_L1_NS,NONE,0.015,0.0
1970,304Nvl_L3_NS,NONE,0.016,0.0
1970,32Nvl_L3_NS,NONE,0.007,0.0
1970,32Nvl_L1_NS,32NVL_NS,0.021,0.021
1970,32Mt_L1_NS,32MT_NS,0.006,0.006
1970,32Mt_L1_EW,NONE,0.014,0.0
1970,32Mt_L3_EW,NONE,0.018,0.0
1970,NvcMt_L1_EW,NVCMT_EW,0.006,0.006
1970,NvcMt_L2_EW,NVCMT_EW,0.003,0.003
1970,32Thn_L1_EW,NONE,0.01,0.0
1970,304Nvl_L2_NS,NONE,0.015,0.0
1970,32Nvl_L2_NS,32NVL_NS,0.007,0.007
1970,32Mt_L2_EW,NONE,0.015,0.0
1970,NvcMt_L2_EW,NVCMT_EW,0.008,0.008
1970,NvcMt_L1_EW,NVCMT_EW,0.033,0.033
1975,304Nvl_L1_NS,NONE,0.022,0.0
1975,32Nvl_L1_EW,32NVL_EW,0.007,0.002
1975,NvcNvl_L1_EW,NVCNVL_EW,0.035,0.035
1975,32Mt_L1_EW,NONE,0.007,0.0
1975,32Mt_L3_EW,NONE,0.009,0.0
1975,32Mt_L1_EW,32MT_EW,0.007,0.007
1975,32Mt_L1_NS,NONE,0.01,0.0
1975,32Thn_L1_EW,NONE,0.01,0.0
1975,32Nvl_L1_NS,32NVL_NS,0.007,0.007
1975,32Mt_L2_EW,NONE,0.008,0.0
1980,304Nvl_L1_EW,304NVL_EW,0.017,0.017
1980,304Nvl_L1_NS,NONE,0.015,0.0
1980,32Mt_L1_NS,32MT_NS,0.006,0.006
1980,32Mt_L1_EW,NONE,0.014,0.0
1980,32Mt_L1_EW,32MT_EW,0.021,0.021
1980,32Mt_L1_NS,NONE,0.01,0.0
1980,NvcCmt8_L2_EW,NVCCMT8_EW,0.005,0.005
1980,32Thn_L1_EW,NONE,0.01,0.0
1980,32Nvl_L1_NS,32NVL_NS,0.007,0.007
1980,32Mt_L2_EW,32MT_EW,0.005,0.005
1980,32Mt_L2_NS,NONE,0.009,0.0
1980,NvcCmt8_L1_EW,NVCCMT8_EW,0.008,0.008
1985,304Nvl_L1_EW,304NVL_EW,0.008,0.008
1985,304Nvl_L2_EW,304NVL_EW,0.007,0.007
1985,304Nvl_L1_NS,NONE,0.007,0.0
1985,32Nvl_L3_NS,NONE,0.007,0.0
1985,32Nvl_L1_NS,32NVL_NS,0.007,0.007
1985,32Mt_L1_NS,32MT_NS,0.006,0.006
1985,NvcMt_L1_EW,NVCMT_EW,0.006,0.006
1985,304Nvl_L3_EW,NONE,0.006,0.0
1985,32Nvl_L2_NS,32NVL_NS,0.007,0.007
1985,NvcMt_L2_EW,NVCMT_EW,0.008,0.008
1985,NvcCmt8_L1_EW,NONE,0.006,0.0
1990,304Nvl_L1_EW,304NVL_EW,0.008,0.008
1990,304Nvl_L2_EW,304NVL_EW,0.007,0.007
1990,32Nvl_L3_NS,NONE,0.014,0.0
1990,32Nvl_L1_NS,32NVL_NS,0.014,0.014
1990,NvcNvl_L1_EW,NVCNVL_EW,0.007,0.007
1990,NvcNvl_L2_EW,NVCNVL_EW,0.008,0.008
1990,32Mt_L1_EW,NONE,0.007,0.0
1990,304Nvl_L3_EW,NONE,0.006,0.0
1990,32Nvl_L2_NS,32NVL_NS,0.013,0.013
1990,NvcNvl_L3_EW,NONE,0.009,0.0
1995,304Nvl_L1_NS,NONE,0.022,0.0
1995,304Nvl_L3_NS,NONE,0.016,0.0
1995,32Nvl_L1_EW,32NVL_EW,0.042,0.037
1995,32Nvl_L2_EW,32NVL_EW,0.046,0.041
1995,32Nvl_L3_NS,NONE,0.025,0.0
1995,32Nvl_L2_NS,32NVL_NS,0.024,0.024
1995,32Mt_L1_EW,NONE,0.101,0.0
1995,32Mt_L3_EW,NONE,0.124,0.0
1995,32Thn_L1_EW,32THN_EW,0.008,-0.022
1995,32Thn_L2_EW,32THN_EW,0.008,-0.024
1995,32Thn_L3_EW,NONE,0.008,0.0
1995,304Nvl_L2_NS,NONE,0.015,0.0
1995,32Nvl_L3_EW,NONE,0.038,0.0
1995,32Nvl_L1_NS,32NVL_NS,0.027,0.027
1995,32Mt_L2_EW,NONE,0.106,0.0
2000,304Nvl_L1_NS,NONE,0.007,0.0
2000,304Nvl_L3_NS,NONE,0.008,0.0
2000,32Nvl_L3_NS,NONE,0.007,0.0
2000,32Nvl_L1_NS,32NVL_NS,0.007,0.007
2000,32Nvl_L1_EW,32NVL_EW,0.042,0.042
2000,32Nvl_L2_EW,32NVL_EW,0.046,0.046
2000,32Nvl_L3_NS,NONE,0.042,0.0
2000,32Nvl_L2_NS,32NVL_NS,0.039,0.039
2000,NvcNvl_L3_NS,NONE,0.034,0.0
2000,NvcNvl_L2_NS,NONE,0.033,0.0
2000,NvcNvl_L1_EW,NVCNVL_EW,0.007,0.007
2000,NvcNvl_L2_EW,NVCNVL_EW,0.008,0.008
2000,32Mt_L1_EW,NONE,0.036,0.0
2000,32Mt_L3_EW,NONE,0.044,0.0
2000,NvcMt_L2_NS,NONE,0.005,0.0
2000,32Thn_L1_EW,NONE,0.01,0.0
2000,304Nvl_L2_NS,NONE,0.007,0.0
2000,32Nvl_L2_NS,32NVL_NS,0.007,0.007
2000,32Nvl_L3_EW,NONE,0.038,0.0
2000,32Nvl_L1_NS,32NVL_NS,0.034,0.034
2000,NvcNvl_L1_NS,NONE,0.044,0.0
2000,NvcNvl_L3_EW,NONE,0.009,0.0
2000,32Mt_L2_EW,NONE,0.038,0.0
2000,NvcMt_L1_NS,NONE,0.005,0.0
2005,304Nvl_L1_EW,304NVL_EW,0.017,0.017
2005,304Nvl_L2_EW,304NVL_EW,0.007,0.007
2005,32Nvl_L1_NS,32NVL_NS,0.007,0.007
2005,32Nvl_L1_EW,32NVL_EW,0.042,0.042
2005,32Nvl_L2_EW,32NVL_EW,0.046,0.046
2005,32Nvl_L1_EW,32NVL_EW,0.007,0.007
2005,32Nvl_L2_EW,32NVL_EW,0.007,0.007
2005,32Nvl_L3_NS,NONE,0.05,0.0
2005,32Nvl_L2_NS,32NVL_NS,0.047,0.047
2005,NvcNvl_L3_NS,NONE,0.007,0.0
2005,NvcNvl_L2_NS,NONE,0.007,0.0
2005,32Mt_L1_EW,NONE,0.022,0.0
2005,32Mt_L3_EW,NONE,0.018,0.0
2005,32Mt_L1_NS,NONE,0.117,0.0
2005,NvcMt_L1_EW,NVCMT_EW,0.006,0.006
2005,32Thn_L1_EW,NONE,0.049,0.0
2005,32Thn_L2_EW,NONE,0.051,0.0
2005,32Thn_L3_EW,NONE,0.035,0.0
2005,32Nvl_L2_NS,32NVL_NS,0.007,0.007
2005,32Nvl_L3_EW,NONE,0.006,0.0
2005,32Nvl_L3_EW,NONE,0.038,0.0
2005,32Nvl_L1_NS,32NVL_NS,0.04,0.04
2005,NvcNvl_L1_NS,NONE,0.009,0.0
2005,32Mt_L2_EW,NONE,0.023,0.0
2005,NvcMt_L2_EW,NVCMT_EW,0.008,0.008
2010,304Nvl_L1_EW,304NVL_EW,0.017,0.017
2010,32Nvl_L3_NS,NONE,0.007,0.0
2010,32Nvl_L1_NS,32NVL_NS,0.014,0.014
2010,32Nvl_L1_EW,32NVL_EW,0.042,0.005
2010,32Nvl_L2_EW,32NVL_EW,0.046,0.043
2010,32Nvl_L1_EW,32NVL_EW,0.007,-0.031
2010,32Nvl_L2_EW,32NVL_EW,0.007,0.004
2010,NvcNvl_L1_EW,NONE,0.053,0.0
2010,NvcNvl_L2_EW,NONE,0.038,0.0
2010,32Mt_L1_NS,32MT_NS,0.006,0.006
2010,32Mt_L1_EW,32MT_EW,0.014,-0.016
2010,32Mt_L1_NS,NONE,0.127,0.0
2010,32Thn_L1_EW,32THN_EW,0.04,0.01
2010,32Nvl_L2_NS,32NVL_NS,0.013,0.013
2010,32Nvl_L3_EW,NONE,0.006,0.0
2010,32Nvl_L3_EW,NONE,0.038,0.0
2010,32Nvl_L1_NS,32NVL_NS,0.007,0.007
2010,32Mt_L2_EW,32MT_EW,0.005,-0.027
2015,304Nvl_L1_NS,304NVL_NS,0.009,-0.001
2015,304Nvl_L3_NS,NONE,0.007,0.0
2015,32Nvl_L3_NS,NONE,0.007,0.0
2015,32Nvl_L1_NS,32NVL_NS,0.014,0.008
2015,32Nvl_L1_EW,32NVL_EW,0.007,0.002
2015,32Nvl_L2_EW,32NVL_EW,0.007,0.004
2015,32Nvl_L3_NS,NONE,0.008,0.0
2015,32Nvl_L2_NS,32NVL_NS,0.008,0.003
2015,NvcNvl_L1_EW,NONE,0.011,0.0
2015,NvcNvl_L2_EW,NONE,0.008,0.0
2015,32Mt_L1_NS,32MT_NS,0.006,0.006
2015,32Mt_L1_EW,32MT_EW,0.007,0.007
2015,32Mt_L1_NS,NONE,0.01,0.0
2015,NvcMt_L1_EW,NVCMT_EW,0.006,0.006
2015,304Nvl_L2_NS,304NVL_NS,0.008,0.002
2015,32Nvl_L2_NS,32NVL_NS,0.013,0.008
2015,32Nvl_L3_EW,NONE,0.006,0.0
2015,32Nvl_L1_NS,32NVL_NS,0.007,0.0
2015,32Mt_L2_EW,32MT_EW,0.005,0.005
2015,NvcMt_L2_EW,NVCMT_EW,0.008,0.008
2020,304Nvl_L1_NS,304NVL_NS,0.009,-0.001
2020,304Nvl_L3_NS,NONE,0.007,0.0
2020,304Nvl_L1_EW,304NVL_EW,0.025,0.025
2020,304Nvl_L2_EW,304NVL_EW,0.015,0.015
2020,32Nvl_L3_NS,NONE,0.007,0.0
2020,32Nvl_L1_NS,32NVL_NS,0.014,0.008
2020,32Nvl_L3_NS,NONE,0.008,0.0
2020,32Nvl_L2_NS,32NVL_NS,0.008,0.003
2020,NvcNvl_L1_EW,NVCNVL_EW,0.007,0.003
2020,NvcNvl_L2_EW,NVCNVL_EW,0.008,0.008
2020,32Mt_L1_NS,32MT_NS,0.006,0.006
2020,NvcMt_L1_EW,NVCMT_EW,0.006,0.001
2020,32Thn_L1_EW,NONE,0.01,0.0
2020,32Thn_L2_EW,NONE,0.01,0.0
2020,32Thn_L3_EW,NONE,0.007,0.0
2020,304Nvl_L2_NS,304NVL_NS,0.008,0.002
2020,304Nvl_L3_EW,NONE,0.013,0.0
2020,32Nvl_L2_NS,32NVL_NS,0.013,0.008
2020,32Nvl_L1_NS,32NVL_NS,0.047,0.041
2020,NvcNvl_L3_EW,NONE,0.009,0.0
2020,NvcMt_L2_EW,NVCMT_EW,0.008,0.002
2025,304Thn_L1_EW,NONE,0.007,0.0
2025,304Thn_L2_EW,NONE,0.008,0.0
2025,304Nvl_L1_EW,304NVL_EW,0.034,0.034
2025,304Nvl_L2_EW,304NVL_EW,0.029,0.029
2025,32Nvl_L3_NS,NONE,0.014,0.0
2025,32Nvl_L1_NS,32NVL_NS,0.021,0.021
2025,32Nvl_L3_NS,NONE,0.017,0.0
2025,32Nvl_L2_NS,32NVL_NS,0.016,0.016
2025,NvcNvl_L1_EW,NVCNVL_EW,0.007,0.003
2025,NvcNvl_L2_EW,NVCNVL_EW,0.008,0.008
2025,NvcMt_L1_EW,NVCMT_EW,0.006,0.001
2025,32Thn_L1_EW,32THN_EW,0.016,0.016
2025,32Thn_L2_EW,32THN_EW,0.008,0.008
2025,32Thn_L3_EW,NONE,0.008,0.0
2025,304Nvl_L3_EW,NONE,0.025,0.0
2025,32Nvl_L2_NS,32NVL_NS,0.02,0.02
2025,32Nvl_L1_NS,32NVL_NS,0.054,0.054
2025,NvcNvl_L3_EW,NONE,0.009,0.0
2025,NvcMt_L2_EW,NVCMT_EW,0.008,0.002
2030,304Thn_L1_EW,304THN_EW,0.008,-0.015
2030,304Nvl_L1_EW,304NVL_EW,0.034,0.028
2030,304Nvl_L2_EW,304NVL_EW,0.029,0.029
2030,32Nvl_L1_NS,32NVL_NS,0.007,0.007
2030,NvcNvl_L3_NS,NONE,0.007,0.0
2030,NvcNvl_L2_NS,NONE,0.007,0.0
2030,NvcNvl_L1_EW,NVCNVL_EW,0.007,0.007
2030,NvcNvl_L2_EW,NVCNVL_EW,0.008,0.008
2030,32Mt_L1_EW,NONE,0.007,0.0
2030,32Mt_L3_EW,NONE,0.009,0.0
2030,32Thn_L1_EW,32THN_EW,0.016,0.016
2030,32Thn_L2_EW,32THN_EW,0.008,0.008
2030,32Thn_L3_EW,NONE,0.008,0.0
2030,304Nvl_L3_EW,NONE,0.025,0.0
2030,32Nvl_L2_NS,32NVL_NS,0.007,0.007
2030,32Nvl_L1_NS,32NVL_NS,0.04,0.04
2030,NvcNvl_L1_NS,NONE,0.009,0.0
2030,NvcNvl_L3_EW,NONE,0.009,0.0
2030,32Mt_L2_EW,NONE,0.008,0.0
2035,304Nvl_L1_EW,304NVL_EW,0.042,0.042
2035,304Nvl_L2_EW,304NVL_EW,0.029,0.029
2035,304Nvl_L1_NS,NONE,0.007,0.0
2035,32Nvl_L1_EW,32NVL_EW,0.007,0.001
2035,32Nvl_L2_EW,32NVL_EW,0.007,0.002
2035,NvcNvl_L1_EW,NONE,0.011,0.0
2035,NvcNvl_L2_EW,NONE,0.008,0.0
2035,NvcNvl_L1_EW,NVCNVL_EW,0.007,0.007
2035,NvcNvl_L2_EW,NVCNVL_EW,0.008,0.008
2035,32Thn_L1_EW,32THN_EW,0.008,0.008
2035,32Thn_L2_EW,32THN_EW,0.008,0.008
2035,32Thn_L3_EW,NONE,0.008,0.0
2035,304Nvl_L3_EW,NONE,0.025,0.0
2035,32Nvl_L3_EW,NONE,0.006,0.0
2035,32Nvl_L1_NS,32NVL_NS,0.007,0.007
2035,NvcNvl_L3_EW,NONE,0.009,0.0
2040,304Nvl_L1_EW,304NVL_EW,0.008,0.008
2040,32Nvl_L1_EW,32NVL_EW,0.007,0.002
2040,32Nvl_L2_EW,32NVL_EW,0.007,0.007
2040,32Nvl_L3_NS,NONE,0.008,0.0
2040,32Nvl_L2_NS,32NVL_NS,0.008,0.008
2040,NvcNvl_L1_EW,NONE,0.011,0.0
2040,NvcNvl_L2_EW,NONE,0.008,0.0
2040,NvcNvl_L1_EW,NVCNVL_EW,0.007,0.007
2040,NvcNvl_L2_EW,NVCNVL_EW,0.008,0.008
2040,32Mt_L1_EW,NONE,0.007,0.0
2040,32Mt_L3_EW,NONE,0.009,0.0
2040,32Mt_L1_EW,32MT_EW,0.007,0.007
2040,32Mt_L1_NS,NONE,0.049,0.0
2040,32Thn_L1_EW,NONE,0.01,0.0
2040,32Nvl_L3_EW,NONE,0.006,0.0
2040,32Nvl_L1_NS,32NVL_NS,0.007,0.007
2040,NvcNvl_L3_EW,NONE,0.006,0.0
2040,NvcNvl_L3_EW,NONE,0.009,0.0
2040,32Mt_L2_EW,NONE,0.008,0.0
2040,32Mt_L2_NS,NONE,0.043,0.0
2045,32Nvl_L1_EW,32NVL_EW,0.007,0.002
2045,32Nvl_L2_EW,32NVL_EW,0.007,0.004
2045,NvcNvl_L3_NS,NONE,0.007,0.0
2045,NvcNvl_L2_NS,NONE,0.007,0.0
2045,NvcNvl_L1_EW,NVCNVL_EW,0.007,0.007
2045,NvcNvl_L2_EW,NVCNVL_EW,0.008,0.008
2045,32Mt_L1_EW,NONE,0.007,0.0
2045,32Mt_L3_EW,NONE,0.009,0.0
2045,32Mt_L1_EW,32MT_EW,0.007,0.007
2045,32Nvl_L3_EW,NONE,0.006,0.0
2045,32Nvl_L1_NS,32NVL_NS,0.007,0.007
2045,NvcNvl_L1_NS,NONE,0.009,0.0
2045,NvcNvl_L3_EW,NONE,0.009,0.0
2045,32Mt_L2_EW,NONE,0.008,0.0
2045,32Mt_L2_EW,32MT_EW,0.005,0.005
2050,304Nvl_L1_EW,304NVL_EW,0.042,0.042
2050,304Nvl_L2_EW,304NVL_EW,0.036,0.036
2050,32Nvl_L1_EW,32NVL_EW,0.013,0.004
2050,32Nvl_L2_EW,32NVL_EW,0.015,0.011
2050,NvcNvl_L3_NS,NONE,0.007,0.0
2050,NvcNvl_L2_NS,NONE,0.007,0.0
2050,NvcNvl_L1_EW,NVCNVL_EW,0.007,0.007
2050,NvcNvl_L2_EW,NVCNVL_EW,0.008,0.008
2050,32Mt_L1_NS,32MT_NS,0.031,0.031
2050,32Mt_L1_EW,32MT_EW,0.014,0.014
2050,304Nvl_L3_EW,NONE,0.032,0.0
2050,32Nvl_L3_EW,NONE,0.012,0.0
2050,32Nvl_L1_NS,32NVL_NS,0.013,0.013
2050,NvcNvl_L1_NS,NONE,0.009,0.0
2050,NvcNvl_L3_EW,NONE,0.009,0.0
2050,32Mt_L2_EW,32MT_EW,0.005,0.005
2055,304Nvl_L1_NS,304NVL_NS,0.009,0.009
2055,304Nvl_L1_EW,304NVL_EW,0.025,0.025
2055,304Nvl_L2_EW,304NVL_EW,0.015,0.015
2055,304Nvl_L1_EW,NONE,0.008,0.0
2055,32Nvl_L1_EW,32NVL_EW,0.013,0.004
2055,32Nvl_L2_EW,32NVL_EW,0.015,0.007
2055,NvcNvl_L1_EW,NVCNVL_EW,0.042,0.042
2055,NvcNvl_L2_EW,NVCNVL_EW,0.047,0.047
2055,32Mt_L1_EW,32MT_EW,0.014,0.014
2055,NvcCmt8_L2_EW,NONE,0.007,0.0
2055,NvcCmt8_L2_NS,NONE,0.054,0.0
2055,NvcCmt8_L1_NS,NONE,0.039,0.0
2055,304Nvl_L2_NS,304NVL_NS,0.008,0.008
2055,304Nvl_L3_EW,NONE,0.013,0.0
2055,32Nvl_L3_EW,NONE,0.012,0.0
2055,32Nvl_L1_NS,32NVL_NS,0.007,0.0
2055,NvcNvl_L3_EW,NONE,0.056,0.0
2055,32Mt_L2_EW,32MT_EW,0.011,0.011
2055,NvcCmt8_L1_EW,NONE,0.006,0.0
2060,304Thn_L1_EW,304THN_EW,0.008,-0.004
2060,304Thn_L3_EW,NONE,0.008,0.0
2060,304Nvl_L1_NS,304NVL_NS,0.018,0.013
2060,304Nvl_L3_NS,NONE,0.015,0.0
2060,304Nvl_L1_EW,304NVL_EW,0.017,0.011
2060,304Nvl_L2_EW,304NVL_EW,0.007,0.002
2060,304Nvl_L1_EW,NONE,0.008,0.0
2060,32Nvl_L3_NS,NONE,0.007,0.0
2060,32Nvl_L1_NS,32NVL_NS,0.007,-0.006
2060,32Nvl_L1_EW,32NVL_EW,0.013,-0.001
2060,32Nvl_L2_EW,32NVL_EW,0.015,0.007
2060,NvcNvl_L1_EW,NVCNVL_EW,0.049,0.049
2060,NvcNvl_L2_EW,NVCNVL_EW,0.047,0.047
2060,32Mt_L1_EW,NONE,0.007,0.0
2060,32Mt_L3_EW,NONE,0.009,0.0
2060,32Mt_L1_EW,32MT_EW,0.021,0.021
2060,304Nvl_L2_NS,304NVL_NS,0.015,0.015
2060,304Nvl_L3_EW,NONE,0.006,0.0
2060,32Nvl_L2_NS,32NVL_NS,0.007,-0.004
2060,32Nvl_L3_EW,NONE,0.012,0.0
2060,NvcNvl_L3_EW,NONE,0.056,0.0
2060,32Mt_L2_EW,NONE,0.008,0.0
2060,32Mt_L2_EW,32MT_EW,0.011,0.011
2060,304Thn_L2_EW,304THN_EW,0.007,0.002
2065,304Nvl_L1_NS,304NVL_NS,0.018,0.018
2065,304Nvl_L3_NS,NONE,0.015,0.0
2065,304Nvl_L1_EW,304NVL_EW,0.051,0.051
2065,304Nvl_L2_EW,304NVL_EW,0.007,0.007
2065,304Nvl_L1_NS,NONE,0.015,0.0
2065,32Nvl_L1_EW,32NVL_EW,0.013,-0.021
2065,32Nvl_L2_EW,32NVL_EW,0.015,-0.012
2065,NvcNvl_L1_EW,NVCNVL_EW,0.056,0.056
2065,NvcNvl_L2_EW,NVCNVL_EW,0.055,0.055
2065,32Mt_L1_EW,32MT_EW,0.049,0.049
2065,NvcMt_L2_NS,NONE,0.005,0.0
2065,304Nvl_L2_NS,304NVL_NS,0.015,0.015
2065,304Nvl_L3_EW,NONE,0.006,0.0
2065,32Nvl_L3_EW,NONE,0.012,0.0
2065,NvcNvl_L3_EW,NONE,0.065,0.0
2065,32Mt_L2_EW,32MT_EW,0.038,0.038
2065,NvcMt_L1_NS,NONE,0.005,0.0
2070,304Nvl_L1_NS,304NVL_NS,0.018,0.018
2070,304Nvl_L3_NS,NONE,0.015,0.0
2070,304Nvl_L1_EW,NONE,0.008,0.0
2070,32Nvl_L1_EW,32NVL_EW,0.013,-0.026
2070,32Nvl_L2_EW,32NVL_EW,0.015,-0.016
2070,NvcNvl_L1_EW,NVCNVL_EW,0.056,0.056
2070,NvcNvl_L2_EW,NVCNVL_EW,0.055,0.055
2070,32Mt_L1_EW,32MT_EW,0.056,0.056
2070,32Mt_L1_NS,NONE,0.01,0.0
2070,304Nvl_L2_NS,304NVL_NS,0.015,0.015
2070,32Nvl_L3_EW,NONE,0.012,0.0
2070,NvcNvl_L3_EW,NONE,0.065,0.0
2070,32Mt_L2_EW,32MT_EW,0.044,0.044
2070,NvcCmt8_L1_EW,NVCCMT8_EW,0.008,0.008
2075,304Nvl_L1_NS,304NVL_NS,0.018,0.018
2075,304Nvl_L3_NS,NONE,0.015,0.0
2075,304Nvl_L1_NS,NONE,0.007,0.0
2075,32Nvl_L1_EW,32NVL_EW,0.013,-0.026
2075,32Nvl_L2_EW,32NVL_EW,0.015,-0.016
2075,32Nvl_L3_NS,NONE,0.008,0.0
2075,32Nvl_L2_NS,32NVL_NS,0.008,-0.003
2075,NvcNvl_L3_NS,NONE,0.007,0.0
2075,NvcNvl_L2_NS,NONE,0.007,0.0
2075,NvcNvl_L1_EW,NVCNVL_EW,0.007,0.007
2075,NvcNvl_L2_EW,NVCNVL_EW,0.008,0.008
2075,32Mt_L1_EW,32MT_EW,0.056,0.056
2075,32Mt_L1_NS,NONE,0.01,0.0
2075,304Nvl_L2_NS,304NVL_NS,0.015,0.01
2075,32Nvl_L3_EW,NONE,0.012,0.0
2075,32Nvl_L1_NS,32NVL_NS,0.007,-0.006
2075,NvcNvl_L1_NS,NONE,0.009,0.0
2075,NvcNvl_L3_EW,NONE,0.009,0.0
2075,32Mt_L2_EW,32MT_EW,0.044,0.044
2080,304Nvl_L1_NS,304NVL_NS,0.018,0.018
2080,304Nvl_L3_NS,NONE,0.015,0.0
2080,32Nvl_L1_EW,32NVL_EW,0.013,-0.026
2080,32Nvl_L2_EW,32NVL_EW,0.015,-0.016
2080,32Nvl_L3_NS,NONE,0.008,0.0
2080,32Nvl_L2_NS,32NVL_NS,0.008,-0.003
2080,NvcNvl_L3_NS,NONE,0.007,0.0
2080,NvcNvl_L2_NS,NONE,0.007,0.0
2080,NvcNvl_L1_EW,NONE,0.011,0.0
2080,NvcNvl_L2_EW,NONE,0.008,0.0
2080,NvcNvl_L1_EW,NVCNVL_EW,0.007,0.007
2080,NvcNvl_L2_EW,NVCNVL_EW,0.008,0.008
2080,32Mt_L1_EW,NONE,0.086,0.0
2080,32Mt_L1_EW,32MT_EW,0.056,0.056
2080,NvcMt_L2_NS,NONE,0.011,0.0
2080,304Nvl_L2_NS,304NVL_NS,0.015,0.01
2080,32Nvl_L3_EW,NONE,0.012,0.0
2080,32Nvl_L1_NS,32NVL_NS,0.007,-0.006
2080,NvcNvl_L1_NS,NONE,0.009,0.0
2080,NvcNvl_L3_EW,NONE,0.009,0.0
2080,32Mt_L2_EW,NONE,0.09,0.0
2080,32Mt_L2_EW,32MT_EW,0.044,0.044
2080,NvcMt_L1_NS,NONE,0.011,0.0
2085,304Nvl_L1_NS,304NVL_NS,0.018,0.018
2085,304Nvl_L3_NS,NONE,0.015,0.0
2085,304Nvl_L1_EW,304NVL_EW,0.008,0.008
2085,304Nvl_L2_EW,304NVL_EW,0.007,0.007
2085,32Nvl_L1_EW,32NVL_EW,0.013,0.009
2085,32Nvl_L2_EW,32NVL_EW,0.015,0.011
2085,NvcNvl_L1_EW,NONE,0.064,0.0
2085,NvcNvl_L2_EW,NONE,0.046,0.0
2085,32Mt_L1_EW,NONE,0.101,0.0
2085,32Mt_L3_EW,NONE,0.124,0.0
2085,32Mt_L1_EW,32MT_EW,0.007,0.007
2085,32Mt_L1_NS,NONE,0.01,0.0
2085,NvcMt_L2_NS,NONE,0.005,0.0
2085,304Nvl_L2_NS,304NVL_NS,0.015,0.015
2085,304Nvl_L3_EW,NONE,0.006,0.0
2085,32Nvl_L3_EW,NONE,0.012,0.0
2085,32Mt_L2_EW,NONE,0.106,0.0
2085,32Mt_L2_EW,32MT_EW,0.005,0.005
2085,32Mt_L2_NS,NONE,0.009,0.0
2085,NvcMt_L1_NS,NONE,0.005,0.0
2090,304Nvl_L1_NS,304NVL_NS,0.018,0.008
2090,304Nvl_L3_NS,NONE,0.015,0.0
2090,304Nvl_L1_EW,304NVL_EW,0.025,0.025
2090,304Nvl_L2_EW,304NVL_EW,0.022,0.022
2090,32Nvl_L3_NS,NONE,0.007,0.0
2090,32Nvl_L1_NS,32NVL_NS,0.014,0.001
2090,32Nvl_L1_EW,32NVL_EW,0.007,0.002
2090,32Nvl_L2_EW,32NVL_EW,0.008,0.004
2090,32Nvl_L1_EW,32NVL_EW,0.013,0.009
2090,32Nvl_L2_EW,32NVL_EW,0.015,0.011
2090,32Nvl_L3_NS,NONE,0.008,0.0
2090,32Nvl_L2_NS,32NVL_NS,0.008,-0.003
2090,32Mt_L1_EW,NONE,0.014,0.0
2090,32Mt_L3_EW,NONE,0.018,0.0
2090,32Mt_L1_EW,32MT_EW,0.007,0.002
2090,304Nvl_L2_NS,304NVL_NS,0.015,0.01
2090,304Nvl_L3_EW,NONE,0.019,0.0
2090,32Nvl_L2_NS,32NVL_NS,0.013,0.003
2090,32Nvl_L3_EW,NONE,0.012,0.0
2090,32Nvl_L3_EW,NONE,0.006,0.0
2090,32Nvl_L1_NS,32NVL_NS,0.007,-0.006
2090,32Mt_L2_EW,NONE,0.015,0.0
2090,32Mt_L2_EW,32MT_EW,0.005,0.0
2090,NvcMt_L1_EW,NVCMT_EW,0.006,0.006
2095,304Nvl_L1_NS,304NVL_NS,0.018,0.018
2095,304Nvl_L3_NS,NONE,0.015,0.0
2095,304Nvl_L1_NS,NONE,0.007,0.0
2095,32Nvl_L1_EW,32NVL_EW,0.007,-0.052
2095,32Nvl_L2_EW,32NVL_EW,0.008,-0.038
2095,32Nvl_L1_EW,32NVL_EW,0.02,-0.038
2095,32Nvl_L2_EW,32NVL_EW,0.022,-0.023
2095,32Mt_L1_NS,32MT_NS,0.006,0.006
2095,32Mt_L1_EW,NONE,0.036,0.0
2095,32Mt_L1_EW,32MT_EW,0.084,0.079
2095,32Mt_L1_NS,NONE,0.02,0.0
2095,NvcMt_L2_EW,NVCMT_EW,0.003,0.003
2095,304Nvl_L2_NS,304NVL_NS,0.015,0.015
2095,32Nvl_L3_EW,NONE,0.018,0.0
2095,32Nvl_L3_EW,NONE,0.006,0.0
2095,32Mt_L2_EW,32MT_EW,0.065,0.06
2095,32Mt_L2_NS,NONE,0.009,0.0
2095,NvcMt_L1_EW,NVCMT_EW,0.006,0.006
2100,304Nvl_L1_NS,304NVL_NS,0.018,0.013
2100,304Nvl_L3_NS,NONE,0.015,0.0
2100,304Nvl_L1_NS,NONE,0.015,0.0
2100,32Nvl_L1_NS,32NVL_NS,0.007,-0.006
2100,32Nvl_L1_EW,32NVL_EW,0.007,-0.008
2100,32Nvl_L2_EW,32NVL_EW,0.008,0.0
2100,32Nvl_L1_EW,32NVL_EW,0.02,0.005
2100,32Nvl_L2_EW,32NVL_EW,0.022,0.015
2100,32Mt_L1_NS,32MT_NS,0.013,0.013
2100,32Mt_L1_EW,NONE,0.043,0.0
2100,32Mt_L1_EW,32MT_EW,0.021,0.016
2100,32Mt_L1_NS,NONE,0.01,0.0
2100,NvcMt_L2_NS,NONE,0.005,0.0
2100,NvcCmt8_L2_EW,NVCCMT8_EW,0.005,0.005
2100,304Nvl_L2_NS,304NVL_NS,0.015,0.015
2100,32Nvl_L2_NS,32NVL_NS,0.007,-0.004
2100,32Nvl_L3_EW,NONE,0.018,0.0
2100,32Nvl_L3_EW,NONE,0.006,0.0
2100,32Mt_L2_EW,32MT_EW,0.011,0.005
2100,32Mt_L2_NS,NONE,0.009,0.0
2100,NvcMt_L1_NS,NONE,0.005,0.0
2100,NvcCmt8_L1_EW,NVCCMT8_EW,0.008,0.008
2105,304Nvl_L1_NS,304NVL_NS,0.018,0.018
2105,304Nvl_L3_NS,NONE,0.015,0.0
2105,32Nvl_L1_EW,32NVL_EW,0.014,0.004
2105,32Nvl_L2_EW,32NVL_EW,0.015,0.008
2105,32Nvl_L1_EW,32NVL_EW,0.02,0.01
2105,32Nvl_L2_EW,32NVL_EW,0.022,0.015
2105,32Nvl_L3_NS,NONE,0.008,0.0
2105,32Nvl_L2_NS,32NVL_NS,0.008,-0.003
2105,32Mt_L1_NS,32MT_NS,0.013,0.013
2105,32Mt_L1_EW,NONE,0.007,0.0
2105,32Mt_L1_EW,32MT_EW,0.014,0.004
2105,32Mt_L1_NS,NONE,0.01,0.0
2105,304Nvl_L2_NS,304NVL_NS,0.015,0.01
2105,32Nvl_L3_EW,NONE,0.018,0.0
2105,32Nvl_L3_EW,NONE,0.013,0.0
2105,32Nvl_L1_NS,32NVL_NS,0.013,0.001
2105,32Mt_L2_EW,32MT_EW,0.011,0.0
2105,NvcCmt8_L1_EW,NONE,0.006,0.0
2110,304Nvl_L1_NS,304NVL_NS,0.018,0.018
2110,304Nvl_L3_NS,NONE,0.015,0.0
2110,32Nvl_L1_EW,32NVL_EW,0.007,0.002
2110,32Nvl_L2_EW,32NVL_EW,0.008,0.004
2110,32Nvl_L1_EW,32NVL_EW,0.02,0.015
2110,32Nvl_L2_EW,32NVL_EW,0.022,0.019
2110,NvcNvl_L2_NS,NONE,0.007,0.0
2110,32Mt_L1_NS,32MT_NS,0.006,0.006
2110,32Mt_L1_EW,NONE,0.014,0.0
2110,32Mt_L3_EW,NONE,0.009,0.0
2110,32Mt_L1_EW,32MT_EW,0.007,0.002
2110,304Nvl_L2_NS,304NVL_NS,0.015,0.015
2110,32Nvl_L3_EW,NONE,0.018,0.0
2110,32Nvl_L3_EW,NONE,0.006,0.0
2110,32Nvl_L1_NS,32NVL_NS,0.007,-0.006
2110,NvcNvl_L1_NS,NONE,0.009,0.0
2110,32Mt_L2_NS,32MT_NS,0.006,0.006
2110,32Mt_L2_EW,NONE,0.008,0.0
2110,32Mt_L2_EW,32MT_EW,0.005,0.0
2115,304Nvl_L1_NS,304NVL_NS,0.018,0.013
2115,304Nvl_L3_NS,NONE,0.015,0.0
2115,32Nvl_L1_NS,32NVL_NS,0.007,-0.006
2115,32Nvl_L1_EW,32NVL_EW,0.007,0.007
2115,32Nvl_L2_EW,32NVL_EW,0.008,0.008
2115,32Nvl_L1_EW,32NVL_EW,0.02,0.02
2115,32Nvl_L2_EW,32NVL_EW,0.022,0.022
2115,32Nvl_L3_NS,NONE,0.017,0.0
2115,32Nvl_L2_NS,32NVL_NS,0.016,0.005
2115,32Mt_L1_NS,32MT_NS,0.013,0.013
2115,32Mt_L1_NS,NONE,0.02,0.0
2115,304Nvl_L2_NS,304NVL_NS,0.015,0.004
2115,32Nvl_L3_EW,NONE,0.018,0.0
2115,32Nvl_L3_EW,NONE,0.006,0.0
2115,32Nvl_L1_NS,32NVL_NS,0.013,0.001
2115,32Mt_L2_NS,32MT_NS,0.006,0.006
2115,32Mt_L2_NS,NONE,0.009,0.0
2120,304Thn_L1_EW,NONE,0.007,0.0
2120,304Thn_L2_EW,NONE,0.008,0.0
2120,304Nvl_L1_NS,304NVL_NS,0.018,0.018
2120,304Nvl_L3_NS,NONE,0.015,0.0
2120,32Nvl_L1_EW,32NVL_EW,0.007,0.002
2120,32Nvl_L2_EW,32NVL_EW,0.008,0.004
2120,32Nvl_L1_EW,32NVL_EW,0.02,0.015
2120,32Nvl_L2_EW,32NVL_EW,0.022,0.019
2120,32Nvl_L3_NS,NONE,0.008,0.0
2120,32Nvl_L2_NS,32NVL_NS,0.008,-0.003
2120,NvcNvl_L2_NS,NONE,0.007,0.0
2120,32Mt_L1_NS,32MT_NS,0.013,0.013
2120,32Mt_L1_EW,32MT_EW,0.007,0.002
2120,32Mt_L1_NS,NONE,0.02,0.0
2120,304Nvl_L2_NS,304NVL_NS,0.015,0.01
2120,32Nvl_L3_EW,NONE,0.018,0.0
2120,32Nvl_L3_EW,NONE,0.006,0.0
2120,32Nvl_L1_NS,32NVL_NS,0.007,-0.006
2120,NvcNvl_L1_NS,NONE,0.009,0.0
2120,32Mt_L2_NS,32MT_NS,0.006,0.006
2120,32Mt_L2_EW,32MT_EW,0.005,0.0
2120,32Mt_L2_NS,NONE,0.009,0.0
2120,304Thn_L3_EW,NONE,0.008,0.0
2125,304Thn_L1_EW,304THN_EW,0.008,-0.021
2125,304Thn_L1_EW,NONE,0.007,0.0
2125,304Thn_L2_EW,NONE,0.008,0.0
2125,304Nvl_L1_NS,304NVL_NS,0.018,0.008
2125,304Nvl_L3_NS,NONE,0.015,0.0
2125,304Nvl_L1_EW,304NVL_EW,0.042,0.037
2125,304Nvl_L2_EW,304NVL_EW,0.036,0.036
2125,304Nvl_L1_EW,NONE,0.008,0.0
2125,304Nvl_L2_EW,NONE,0.009,0.0
2125,32Nvl_L3_NS,NONE,0.014,0.0
2125,32Nvl_L1_NS,32NVL_NS,0.014,0.001
2125,NvcNvl_L3_NS,NONE,0.014,0.0
2125,NvcNvl_L2_NS,NONE,0.013,0.0
2125,32Mt_L1_NS,32MT_NS,0.013,0.013
2125,32Mt_L1_EW,NONE,0.007,0.0
2125,32Mt_L3_EW,NONE,0.009,0.0
2125,304Nvl_L2_NS,304NVL_NS,0.015,0.015
2125,304Nvl_L3_EW,NONE,0.032,0.0
2125,32Nvl_L2_NS,32NVL_NS,0.013,0.003
2125,NvcNvl_L1_NS,NONE,0.017,0.0
2125,32Mt_L2_EW,NONE,0.008,0.0
2130,304Thn_L1_EW,304THN_EW,0.008,0.008
2130,304Nvl_L1_NS,304NVL_NS,0.018,-0.001
2130,304Nvl_L3_NS,NONE,0.015,0.0
2130,304Nvl_L1_EW,NONE,0.008,0.0
2130,304Nvl_L2_EW,NONE,0.009,0.0
2130,32Nvl_L3_NS,NONE,0.014,0.0
2130,32Nvl_L1_NS,32NVL_NS,0.028,0.015
2130,32Mt_L1_NS,32MT_NS,0.006,0.006
2130,32Mt_L1_EW,NONE,0.014,0.0
2130,32Mt_L3_EW,NONE,0.009,0.0
2130,32Mt_L1_EW,32MT_EW,0.021,0.021
2130,NvcCmt8_L2_EW,NVCCMT8_EW,0.026,0.026
2130,NvcCmt8_L2_NS,NONE,0.011,0.0
2130,NvcCmt8_L1_NS,NONE,0.008,0.0
2130,304Nvl_L2_NS,304NVL_NS,0.015,0.015
2130,304Nvl_L3_EW,NONE,0.008,0.0
2130,32Nvl_L2_NS,32NVL_NS,0.02,0.009
2130,32Nvl_L1_NS,32NVL_NS,0.007,-0.006
2130,32Mt_L2_EW,NONE,0.008,0.0
2130,32Mt_L2_EW,32MT_EW,0.016,0.016
2130,NvcCmt8_L1_EW,NVCCMT8_EW,0.038,0.038
2135,304Thn_L1_EW,304THN_EW,0.008,0.008
2135,32Nvl_L3_NS,NONE,0.007,0.0
2135,32Nvl_L1_NS,32NVL_NS,0.021,0.021
2135,32Nvl_L3_NS,NONE,0.008,0.0
2135,32Nvl_L2_NS,32NVL_NS,0.008,0.008
2135,NvcNvl_L1_EW,NONE,0.011,0.0
2135,NvcNvl_L2_EW,NONE,0.008,0.0
2135,32Mt_L1_NS,32MT_NS,0.006,0.006
2135,32Mt_L1_EW,NONE,0.014,0.0
2135,32Mt_L3_EW,NONE,0.009,0.0
2135,32Mt_L1_EW,32MT_EW,0.014,0.014
2135,32Mt_L1_NS,NONE,0.01,0.0
2135,NvcMt_L1_EW,NVCMT_EW,0.076,0.049
2135,NvcCmt8_L2_EW,NVCCMT8_EW,0.026,0.026
2135,32Nvl_L2_NS,32NVL_NS,0.013,0.013
2135,32Nvl_L1_NS,32NVL_NS,0.02,0.02
2135,32Mt_L2_EW,NONE,0.008,0.0
2135,32Mt_L2_EW,32MT_EW,0.011,0.011
2135,NvcMt_L2_EW,NVCMT_EW,0.095,0.077
2135,NvcCmt8_L1_EW,NVCCMT8_EW,0.038,-0.015
2140,304Nvl_L1_EW,304NVL_EW,0.051,0.051
2140,304Nvl_L1_NS,NONE,0.007,0.0
2140,304Nvl_L3_NS,NONE,0.008,0.0
2140,32Nvl_L3_NS,NONE,0.008,0.0
2140,32Nvl_L2_NS,32NVL_NS,0.008,0.008
2140,32Mt_L1_EW,NONE,0.029,0.0
2140,32Mt_L3_EW,NONE,0.027,0.0
2140,32Mt_L1_EW,32MT_EW,0.007,0.007
2140,32Mt_L1_NS,NONE,0.098,0.0
2140,NvcMt_L1_EW,NVCMT_EW,0.076,0.049
2140,NvcCmt8_L2_EW,NVCCMT8_EW,0.026,0.026
2140,304Nvl_L2_NS,NONE,0.007,0.0
2140,32Nvl_L1_NS,32NVL_NS,0.013,0.013
2140,32Mt_L2_EW,NONE,0.023,0.0
2140,32Mt_L2_EW,32MT_EW,0.005,0.005
2140,32Mt_L2_NS,NONE,0.087,0.0
2140,NvcMt_L2_EW,NVCMT_EW,0.095,0.077
2140,NvcCmt8_L1_EW,NVCCMT8_EW,0.038,-0.015
2145,304Nvl_L1_EW,304NVL_EW,0.051,0.051
2145,304Nvl_L1_NS,NONE,0.007,0.0
2145,32Mt_L1_NS,32MT_NS,0.031,0.031
2145,32Mt_L1_EW,NONE,0.007,0.0
2145,32Mt_L3_EW,NONE,0.009,0.0
2145,32Mt_L1_EW,32MT_EW,0.014,0.014
2145,32Mt_L1_NS,NONE,0.01,0.0
2145,NvcMt_L1_EW,NVCMT_EW,0.076,0.076
2145,32Mt_L2_EW,NONE,0.008,0.0
2145,32Mt_L2_EW,32MT_EW,0.005,0.005
2145,32Mt_L2_NS,NONE,0.009,0.0
2145,NvcMt_L2_EW,NVCMT_EW,0.095,0.095
2150,304Nvl_L1_EW,304NVL_EW,0.119,0.119
2150,304Nvl_L2_EW,304NVL_EW,0.058,0.058
2150,32Mt_L1_EW,NONE,0.072,0.0
2150,32Mt_L3_EW,NONE,0.044,0.0
2150,32Mt_L1_EW,32MT_EW,0.028,0.028
2150,32Thn_L1_EW,32THN_EW,0.008,0.008
2150,32Thn_L2_EW,32THN_EW,0.008,0.008
2150,32Thn_L3_EW,NONE,0.008,0.0
2150,304Nvl_L3_EW,NONE,0.051,0.0
2150,32Mt_L2_EW,NONE,0.038,0.0
2150,32Mt_L2_EW,32MT_EW,0.011,0.011
2150,NvcCmt8_L1_EW,NONE,0.029,0.0
2155,304Nvl_L1_EW,304NVL_EW,0.085,0.085
2155,304Nvl_L2_EW,304NVL_EW,0.065,0.065
2155,32Mt_L1_EW,32MT_EW,0.035,0.035
2155,NvcCmt8_L2_NS,NONE,0.011,0.0
2155,32Thn_L1_EW,32THN_EW,0.008,0.008
2155,32Thn_L2_EW,32THN_EW,0.008,0.008
2155,NvcCmt8_L1_NS,NONE,0.008,0.0
2155,32Thn_L3_EW,NONE,0.008,0.0
2155,304Nvl_L3_EW,NONE,0.057,0.0
2155,32Nvl_L1_NS,32NVL_NS,0.007,0.007
2155,32Mt_L2_EW,32MT_EW,0.011,0.011
2160,304Nvl_L1_EW,304NVL_EW,0.093,0.093
2160,304Nvl_L2_EW,304NVL_EW,0.073,0.073
2160,32Mt_L1_EW,NONE,0.007,0.0
2160,32Mt_L1_EW,32MT_EW,0.056,0.056
2160,NvcCmt8_L2_NS,NONE,0.011,0.0
2160,32Thn_L1_EW,NONE,0.01,0.0
2160,NvcCmt8_L1_NS,NONE,0.008,0.0
2160,304Nvl_L3_EW,NONE,0.063,0.0
2160,32Mt_L2_EW,32MT_EW,0.011,0.011
2165,304Nvl_L1_EW,304NVL_EW,0.068,0.068
2165,304Nvl_L2_EW,304NVL_EW,0.058,0.058
2165,304Nvl_L1_NS,NONE,0.007,0.0
2165,304Nvl_L3_NS,NONE,0.008,0.0
2165,32Mt_L1_EW,NONE,0.007,0.0
2165,32Mt_L1_EW,32MT_EW,0.049,0.049
2165,NvcMt_L1_NS,NVCMT_NS,0.007,0.007
2165,NvcCmt8_L2_EW,NVCCMT8_EW,0.005,0.005
2165,32Thn_L1_EW,NONE,0.01,0.0
2165,304Nvl_L3_EW,NONE,0.051,0.0
2165,304Nvl_L2_NS,NONE,0.007,0.0
2165,32Mt_L2_EW,32MT_EW,0.011,0.011
2165,NvcMt_L2_NS,NVCMT_NS,0.005,0.005
2165,NvcCmt8_L1_EW,NVCCMT8_EW,0.008,0.008
2170,304Nvl_L1_EW,304NVL_EW,0.059,0.059
2170,304Nvl_L2_EW,304NVL_EW,0.051,0.051
2170,32Nvl_L3_NS,NONE,0.007,0.0
2170,32Nvl_L1_NS,32NVL_NS,0.007,0.007
2170,32Nvl_L3_NS,NONE,0.008,0.0
2170,32Nvl_L2_NS,32NVL_NS,0.008,0.008
2170,NvcCmt8_L2_EW,NVCCMT8_EW,0.005,0.005
2170,304Nvl_L3_EW,NONE,0.044,0.0
2170,32Nvl_L2_NS,32NVL_NS,0.007,0.007
2170,32Nvl_L1_NS,32NVL_NS,0.007,0.007
2170,NvcCmt8_L1_NS,NONE,0.011,0.0
2170,NvcCmt8_L1_EW,NVCCMT8_EW,0.008,0.008
2175,304Nvl_L1_EW,304NVL_EW,0.059,0.059
2175,304Nvl_L2_EW,304NVL_EW,0.051,0.051
2175,NvcNvl_L3_NS,NONE,0.041,0.0
2175,NvcNvl_L2_NS,NONE,0.04,0.0
2175,32Mt_L1_EW,NONE,0.022,0.0
2175,32Mt_L3_EW,NONE,0.018,0.0
2175,32Mt_L1_EW,32MT_EW,0.007,0.007
2175,NvcCmt8_L2_EW,NVCCMT8_EW,0.005,0.005
2175,NvcCmt8_L2_EW,NONE,0.007,0.0
2175,304Nvl_L3_EW,NONE,0.044,0.0
2175,NvcNvl_L1_NS,NONE,0.052,0.0
2175,32Mt_L2_EW,NONE,0.015,0.0
2175,32Mt_L2_EW,32MT_EW,0.005,0.005
2175,NvcCmt8_L1_EW,NVCCMT8_EW,0.008,0.008
2175,NvcCmt8_L1_EW,NONE,0.006,0.0
2180,304Nvl_L1_EW,304NVL_EW,0.008,0.008
2180,304Nvl_L1_NS,NONE,0.007,0.0
2180,NvcNvl_L3_NS,NONE,0.014,0.0
2180,NvcNvl_L2_NS,NONE,0.013,0.0
2180,32Mt_L1_EW,NONE,0.007,0.0
2180,32Mt_L3_EW,NONE,0.009,0.0
2180,NvcCmt8_L2_EW,NVCCMT8_EW,0.005,0.005
2180,32Nvl_L1_NS,32NVL_NS,0.007,0.007
2180,NvcNvl_L1_NS,NONE,0.017,0.0
2180,32Mt_L2_EW,NONE,0.008,0.0
2180,NvcCmt8_L1_EW,NVCCMT8_EW,0.008,0.008
2185,304Nvl_L1_EW,304NVL_EW,0.017,0.017
2185,304Nvl_L2_EW,304NVL_EW,0.007,0.007
2185,304Nvl_L1_NS,NONE,0.007,0.0
2185,NvcNvl_L1_NS,NVCNVL_NS,0.033,0.033
2185,32Mt_L1_NS,32MT_NS,0.006,0.006
2185,32Mt_L1_EW,NONE,0.007,0.0
2185,32Mt_L3_EW,NONE,0.009,0.0
2185,32Mt_L1_EW,32MT_EW,0.014,0.014
2185,NvcMt_L2_NS,NONE,0.069,0.0
2185,304Nvl_L3_EW,NONE,0.006,0.0
2185,32Mt_L2_EW,NONE,0.008,0.0
2185,32Mt_L2_EW,32MT_EW,0.011,0.011
2185,NvcMt_L1_NS,NONE,0.071,0.0
2185,NvcCmt8_L1_EW,NVCCMT8_EW,0.008,0.008
2190,304Nvl_L1_NS,304NVL_NS,0.009,0.009
2190,304Nvl_L1_EW,304NVL_EW,0.017,0.017
2190,304Nvl_L2_EW,304NVL_EW,0.015,0.015
2190,NvcNvl_L1_EW,NVCNVL_EW,0.007,0.007
2190,NvcNvl_L1_NS,NVCNVL_NS,0.033,0.033
2190,32Mt_L1_NS,32MT_NS,0.006,0.006
2190,NvcMt_L2_NS,NONE,0.005,0.0
2190,304Nvl_L2_NS,304NVL_NS,0.008,0.008
2190,304Nvl_L3_EW,NONE,0.006,0.0
2190,NvcMt_L1_NS,NONE,0.005,0.0
2195,304Nvl_L1_NS,304NVL_NS,0.009,0.009
2195,304Nvl_L3_NS,NONE,0.007,0.0
2195,304Nvl_L1_EW,304NVL_EW,0.042,0.042
2195,304Nvl_L1_NS,NONE,0.015,0.0
2195,NvcNvl_L3_NS,NONE,0.007,0.0
2195,NvcNvl_L2_NS,NONE,0.007,0.0
2195,32Mt_L1_EW,NONE,0.007,0.0
2195,304Nvl_L2_NS,304NVL_NS,0.008,0.008
2195,NvcNvl_L1_NS,NONE,0.009,0.0
2195,NvcMt_L1_EW,NVCMT_EW,0.067,0.067
2200,304Nvl_L1_NS,304NVL_NS,0.009,0.009
2200,304Nvl_L3_NS,NONE,0.007,0.0
2200,304Nvl_L1_NS,NONE,0.007,0.0
2200,32Nvl_L3_NS,NONE,0.008,0.0
2200,32Nvl_L2_NS,32NVL_NS,0.008,0.003
2200,NvcNvl_L3_NS,NONE,0.007,0.0
2200,NvcNvl_L2_NS,NONE,0.007,0.0
2200,32Mt_L1_NS,NONE,0.01,0.0
2200,NvcMt_L2_NS,NONE,0.005,0.0
2200,NvcMt_L1_EW,NVCMT_EW,0.032,0.032
2200,304Nvl_L2_NS,304NVL_NS,0.008,0.002
2200,32Nvl_L1_NS,32NVL_NS,0.007,0.0
2200,NvcNvl_L1_NS,NONE,0.009,0.0
2200,32Mt_L2_NS,NONE,0.009,0.0
2200,NvcMt_L1_NS,NONE,0.005,0.0
2200,NvcMt_L2_EW,NVCMT_EW,0.04,0.04
2205,304Nvl_L1_NS,304NVL_NS,0.009,0.009
2205,304Nvl_L3_NS,NONE,0.007,0.0
2205,304Nvl_L1_EW,304NVL_EW,0.008,0.008
2205,32Nvl_L3_NS,NONE,0.008,0.0
2205,32Nvl_L2_NS,32NVL_NS,0.008,0.003
2205,NvcNvl_L1_EW,NONE,0.053,0.0
2205,NvcNvl_L2_EW,NONE,0.038,0.0
2205,NvcNvl_L1_NS,NVCNVL_NS,0.007,0.007
2205,32Mt_L1_NS,NONE,0.01,0.0
2205,NvcMt_L1_EW,NVCMT_EW,0.019,0.019
2205,304Nvl_L2_NS,304NVL_NS,0.008,0.002
2205,32Nvl_L1_NS,32NVL_NS,0.007,-0.004
2205,NvcNvl_L3_EW,NONE,0.032,0.0
2205,32Mt_L2_NS,NONE,0.009,0.0
2205,NvcMt_L2_EW,NVCMT_EW,0.024,0.024
2210,304Nvl_L1_NS,304NVL_NS,0.009,0.004
2210,304Nvl_L3_NS,NONE,0.007,0.0
2210,304Nvl_L1_EW,304NVL_EW,0.008,0.008
2210,32Nvl_L3_NS,NONE,0.007,0.0
2210,32Nvl_L1_NS,32NVL_NS,0.007,-0.004
2210,32Nvl_L3_NS,NONE,0.017,0.0
2210,32Nvl_L2_NS,32NVL_NS,0.016,0.01
2210,NvcNvl_L1_NS,NVCNVL_NS,0.007,0.002
2210,32Mt_L1_EW,NONE,0.007,0.0
2210,NvcMt_L1_EW,NVCMT_EW,0.006,0.001
2210,NvcMt_L2_EW,NVCMT_EW,0.003,-0.001
2210,NvcCmt8_L2_EW,NVCCMT8_EW,0.005,0.003
2210,304Nvl_L2_NS,304NVL_NS,0.008,-0.003
2210,32Nvl_L2_NS,32NVL_NS,0.007,0.001
2210,32Nvl_L1_NS,32NVL_NS,0.013,0.002
2210,NvcMt_L2_EW,NVCMT_EW,0.008,0.004
2210,NvcMt_L1_EW,NVCMT_EW,0.006,0.0
2210,NvcCmt8_L1_EW,NVCCMT8_EW,0.008,0.003
2215,304Nvl_L1_NS,304NVL_NS,0.009,-0.001
2215,304Nvl_L3_NS,NONE,0.007,0.0
2215,32Nvl_L3_NS,NONE,0.007,0.0
2215,32Nvl_L1_NS,32NVL_NS,0.014,0.008
2215,32Nvl_L3_NS,NONE,0.017,0.0
2215,32Nvl_L2_NS,32NVL_NS,0.016,0.01
2215,NvcNvl_L1_EW,NVCNVL_EW,0.007,0.007
2215,NvcNvl_L2_EW,NVCNVL_EW,0.008,0.006
2215,32Mt_L1_EW,NONE,0.007,0.0
2215,NvcMt_L2_EW,NVCMT_EW,0.003,-0.006
2215,NvcCmt8_L2_EW,NVCCMT8_EW,0.005,0.003
2215,32Thn_L1_EW,32THN_EW,0.008,0.008
2215,32Thn_L2_EW,32THN_EW,0.008,0.008
2215,32Thn_L3_EW,NONE,0.008,0.0
2215,304Nvl_L2_NS,304NVL_NS,0.008,-0.003
2215,32Nvl_L2_NS,32NVL_NS,0.013,0.008
2215,32Nvl_L1_NS,32NVL_NS,0.013,0.007
2215,NvcMt_L1_EW,NVCMT_EW,0.011,0.001
2215,NvcCmt8_L1_EW,NVCCMT8_EW,0.008,0.008
2220,304Nvl_L1_NS,304NVL_NS,0.009,-0.001
2220,304Nvl_L3_NS,NONE,0.007,0.0
2220,304Nvl_L1_EW,304NVL_EW,0.051,0.051
2220,304Nvl_L2_EW,304NVL_EW,0.044,0.044
2220,32Nvl_L3_NS,NONE,0.007,0.0
2220,32Nvl_L1_NS,32NVL_NS,0.014,0.008
2220,32Nvl_L1_EW,32NVL_EW,0.007,0.007
2220,32Nvl_L2_EW,32NVL_EW,0.007,0.007
2220,32Nvl_L3_NS,NONE,0.017,0.0
2220,32Nvl_L2_NS,32NVL_NS,0.016,0.01
2220,NvcNvl_L1_EW,NVCNVL_EW,0.007,0.007
2220,NvcNvl_L2_EW,NVCNVL_EW,0.008,0.008
2220,32Mt_L1_NS,32MT_NS,0.006,0.006
2220,NvcMt_L2_NS,NONE,0.005,0.0
2220,NvcCmt8_L2_EW,NVCCMT8_EW,0.005,0.005
2220,32Thn_L1_EW,NONE,0.01,0.0
2220,304Nvl_L2_NS,304NVL_NS,0.008,-0.003
2220,304Nvl_L3_EW,NONE,0.038,0.0
2220,32Nvl_L2_NS,32NVL_NS,0.013,0.008
2220,32Nvl_L3_EW,NONE,0.006,0.0
2220,32Nvl_L1_NS,32NVL_NS,0.013,0.007
2220,NvcNvl_L3_EW,NONE,0.009,0.0
2220,32Mt_L2_NS,32MT_NS,0.006,0.006
2220,NvcMt_L1_NS,NONE,0.005,0.0
2220,NvcCmt8_L1_EW,NVCCMT8_EW,0.008,0.008
2220,NvcCmt8_L1_EW,NONE,0.006,0.0
2225,304Nvl_L1_NS,304NVL_NS,0.009,-0.01
2225,304Nvl_L3_NS,NONE,0.007,0.0
2225,304Nvl_L1_EW,304NVL_EW,0.017,0.017
2225,304Nvl_L2_EW,304NVL_EW,0.015,0.015
2225,32Nvl_L3_NS,NONE,0.02,0.0
2225,32Nvl_L1_NS,32NVL_NS,0.028,0.021
2225,32Nvl_L3_NS,NONE,0.017,0.0
2225,32Nvl_L2_NS,32NVL_NS,0.016,0.01
2225,32Mt_L1_NS,32MT_NS,0.006,0.006
2225,32Mt_L1_EW,32MT_EW,0.007,0.007
2225,32Mt_L1_NS,NONE,0.01,0.0
2225,304Nvl_L2_NS,304NVL_NS,0.008,-0.003
2225,304Nvl_L3_EW,NONE,0.006,0.0
2225,32Nvl_L2_NS,32NVL_NS,0.027,0.021
2225,32Nvl_L1_NS,32NVL_NS,0.013,0.007
2225,32Mt_L2_NS,32MT_NS,0.006,0.006
2225,32Mt_L2_EW,32MT_EW,0.005,0.005
2225,32Mt_L2_NS,NONE,0.009,0.0
2230,304Nvl_L1_NS,304NVL_NS,0.009,-0.01
2230,304Nvl_L3_NS,NONE,0.007,0.0
2230,304Nvl_L1_NS,NONE,0.007,0.0
2230,32Nvl_L3_NS,NONE,0.014,0.0
2230,32Nvl_L1_NS,32NVL_NS,0.028,0.021
2230,32Nvl_L3_NS,NONE,0.017,0.0
2230,32Nvl_L2_NS,32NVL_NS,0.016,0.01
2230,32Mt_L1_NS,32MT_NS,0.006,0.006
2230,32Mt_L1_EW,NONE,0.014,0.0
2230,32Mt_L3_EW,NONE,0.018,0.0
2230,32Mt_L1_NS,NONE,0.01,0.0
2230,304Nvl_L2_NS,304NVL_NS,0.008,-0.003
2230,32Nvl_L2_NS,32NVL_NS,0.027,0.021
2230,32Nvl_L1_NS,32NVL_NS,0.013,0.007
2230,32Mt_L2_NS,32MT_NS,0.006,0.006
2230,32Mt_L2_EW,NONE,0.015,0.0
2235,304Nvl_L1_NS,304NVL_NS,0.009,-0.01
2235,304Nvl_L3_NS,NONE,0.007,0.0
2235,304Nvl_L1_EW,304NVL_EW,0.042,0.042
2235,304Nvl_L1_NS,NONE,0.007,0.0
2235,32Nvl_L3_NS,NONE,0.014,0.0
2235,32Nvl_L1_NS,32NVL_NS,0.028,0.021
2235,32Nvl_L3_NS,NONE,0.017,0.0
2235,32Nvl_L2_NS,32NVL_NS,0.016,0.01
2235,NvcNvl_L1_EW,NONE,0.011,0.0
2235,NvcNvl_L2_EW,NONE,0.008,0.0
2235,32Mt_L1_NS,32MT_NS,0.013,0.013
2235,32Mt_L1_EW,NONE,0.014,0.0
2235,32Mt_L3_EW,NONE,0.018,0.0
2235,32Mt_L1_EW,32MT_EW,0.007,0.007
2235,NvcMt_L2_NS,NONE,0.011,0.0
2235,304Nvl_L2_NS,304NVL_NS,0.008,-0.003
2235,32Nvl_L2_NS,32NVL_NS,0.027,0.021
2235,32Nvl_L1_NS,32NVL_NS,0.013,0.007
2235,NvcNvl_L3_EW,NONE,0.006,0.0
2235,32Mt_L2_NS,32MT_NS,0.006,0.006
2235,32Mt_L2_EW,NONE,0.015,0.0
2235,32Mt_L2_EW,32MT_EW,0.005,0.005
2235,NvcMt_L1_NS,NONE,0.011,0.0
2240,304Nvl_L1_NS,304NVL_NS,0.009,-0.005
2240,304Nvl_L3_NS,NONE,0.007,0.0
2240,304Nvl_L1_EW,304NVL_EW,0.059,0.059
2240,304Nvl_L2_EW,304NVL_EW,0.051,0.051
2240,32Nvl_L3_NS,NONE,0.007,0.0
2240,32Nvl_L1_NS,32NVL_NS,0.021,0.014
2240,32Nvl_L3_NS,NONE,0.017,0.0
2240,32Nvl_L2_NS,32NVL_NS,0.016,0.01
2240,32Mt_L1_NS,32MT_NS,0.013,0.013
2240,32Mt_L1_EW,NONE,0.014,0.0
2240,32Mt_L3_EW,NONE,0.009,0.0
2240,32Mt_L1_EW,32MT_EW,0.007,0.007
2240,32Mt_L1_NS,NONE,0.01,0.0
2240,NvcMt_L2_NS,NONE,0.005,0.0
2240,304Nvl_L2_NS,304NVL_NS,0.008,-0.003
2240,304Nvl_L3_EW,NONE,0.038,0.0
2240,32Nvl_L2_NS,32NVL_NS,0.02,0.015
2240,32Nvl_L1_NS,32NVL_NS,0.013,0.007
2240,32Mt_L2_NS,32MT_NS,0.006,0.006
2240,32Mt_L2_EW,NONE,0.008,0.0
2240,32Mt_L2_EW,32MT_EW,0.005,0.005
2240,NvcMt_L1_NS,NONE,0.005,0.0
2240,NvcMt_L1_EW,NVCMT_EW,0.006,0.006
2245,304Nvl_L1_NS,304NVL_NS,0.009,-0.005
2245,304Nvl_L3_NS,NONE,0.007,0.0
2245,304Nvl_L1_EW,304NVL_EW,0.025,0.025
2245,304Nvl_L2_EW,304NVL_EW,0.022,0.022
2245,32Nvl_L3_NS,NONE,0.014,0.0
2245,32Nvl_L1_NS,32NVL_NS,0.021,0.014
2245,32Nvl_L1_EW,32NVL_EW,0.035,0.026
2245,32Nvl_L2_EW,32NVL_EW,0.039,0.031
2245,32Nvl_L3_NS,NONE,0.017,0.0
2245,32Nvl_L2_NS,32NVL_NS,0.016,0.01
2245,NvcNvl_L3_NS,NONE,0.007,0.0
2245,NvcNvl_L2_NS,NONE,0.007,0.0
2245,NvcNvl_L1_EW,NONE,0.011,0.0
2245,NvcNvl_L2_EW,NONE,0.008,0.0
2245,32Mt_L1_NS,32MT_NS,0.013,0.013
2245,32Mt_L1_EW,NONE,0.007,0.0
2245,32Mt_L1_EW,32MT_EW,0.014,-0.011
2245,32Mt_L1_NS,NONE,0.01,0.0
2245,304Nvl_L2_NS,304NVL_NS,0.008,-0.003
2245,304Nvl_L3_EW,NONE,0.019,0.0
2245,32Nvl_L2_NS,32NVL_NS,0.02,0.015
2245,32Nvl_L3_EW,NONE,0.031,0.0
2245,32Nvl_L1_NS,32NVL_NS,0.013,0.007
2245,NvcNvl_L1_NS,NONE,0.009,0.0
2245,32Mt_L2_NS,32MT_NS,0.006,0.006
2245,32Mt_L2_EW,32MT_EW,0.011,-0.016
2250,304Nvl_L1_EW,304NVL_EW,0.025,0.025
2250,304Nvl_L2_EW,304NVL_EW,0.022,0.022
2250,304Nvl_L1_EW,NONE,0.041,0.0
2250,32Nvl_L1_EW,32NVL_EW,0.057,0.047
2250,32Nvl_L2_EW,32NVL_EW,0.062,0.058
2250,32Mt_L1_NS,32MT_NS,0.006,0.006
2250,32Mt_L1_EW,NONE,0.007,0.0
2250,32Mt_L3_EW,NONE,0.009,0.0
2250,32Mt_L1_EW,32MT_EW,0.014,-0.026
2250,NvcMt_L1_EW,NVCMT_EW,0.032,0.032
2250,304Nvl_L3_EW,NONE,0.019,0.0
2250,32Nvl_L3_EW,NONE,0.05,0.0
2250,32Nvl_L1_NS,32NVL_NS,0.007,0.007
2250,32Mt_L2_NS,32MT_NS,0.006,0.006
2250,32Mt_L2_EW,NONE,0.008,0.0
2250,32Mt_L2_EW,32MT_EW,0.005,-0.038
2250,NvcMt_L2_EW,NVCMT_EW,0.04,0.04
2255,304Nvl_L1_EW,304NVL_EW,0.025,0.025
2255,304Nvl_L2_EW,304NVL_EW,0.015,0.015
2255,304Nvl_L1_EW,NONE,0.041,0.0
2255,32Nvl_L3_NS,NONE,0.007,0.0
2255,32Nvl_L1_NS,32NVL_NS,0.007,0.007
2255,32Nvl_L1_EW,32NVL_EW,0.05,0.035
2255,32Nvl_L2_EW,32NVL_EW,0.054,0.046
2255,32Nvl_L3_NS,NONE,0.042,0.0
2255,32Nvl_L2_NS,32NVL_NS,0.039,0.039
2255,32Mt_L1_EW,32MT_EW,0.021,-0.014
2255,NvcMt_L1_EW,NVCMT_EW,0.032,0.032
2255,304Nvl_L3_EW,NONE,0.006,0.0
2255,32Nvl_L2_NS,32NVL_NS,0.007,0.007
2255,32Nvl_L3_EW,NONE,0.044,0.0
2255,32Nvl_L1_NS,32NVL_NS,0.047,0.047
2255,32Mt_L2_EW,32MT_EW,0.011,-0.027
2255,NvcMt_L2_EW,NVCMT_EW,0.04,0.04
2260,304Nvl_L1_EW,304NVL_EW,0.017,0.017
2260,304Nvl_L2_EW,304NVL_EW,0.007,0.007
2260,32Nvl_L3_NS,NONE,0.007,0.0
2260,32Nvl_L1_NS,32NVL_NS,0.007,0.007
2260,32Nvl_L1_EW,32NVL_EW,0.035,0.016
2260,32Nvl_L2_EW,32NVL_EW,0.039,0.031
2260,32Nvl_L1_EW,32NVL_EW,0.034,0.014
2260,32Nvl_L3_NS,NONE,0.008,0.0
2260,32Nvl_L2_NS,32NVL_NS,0.008,0.008
2260,NvcNvl_L1_EW,NVCNVL_EW,0.007,-0.015
2260,32Mt_L1_EW,NONE,0.014,0.0
2260,32Mt_L3_EW,NONE,0.009,0.0
2260,32Mt_L1_EW,32MT_EW,0.028,0.003
2260,32Mt_L1_NS,NONE,0.01,0.0
2260,NvcMt_L1_EW,NVCMT_EW,0.032,0.027
2260,304Nvl_L3_EW,NONE,0.006,0.0
2260,32Nvl_L2_NS,32NVL_NS,0.007,0.007
2260,32Nvl_L3_EW,NONE,0.031,0.0
2260,32Nvl_L1_NS,32NVL_NS,0.027,0.027
2260,32Mt_L2_EW,NONE,0.015,0.0
2260,32Mt_L2_EW,32MT_EW,0.011,-0.016
2260,NvcMt_L2_EW,NVCMT_EW,0.04,0.04
2265,304Thn_L1_EW,304THN_EW,0.008,0.008
2265,304Thn_L3_EW,NONE,0.008,0.0
2265,304Nvl_L1_NS,NONE,0.015,0.0
2265,32Nvl_L1_EW,32NVL_EW,0.035,0.026
2265,32Nvl_L2_EW,32NVL_EW,0.039,0.035
2265,32Nvl_L1_EW,32NVL_EW,0.034,0.024
2265,NvcNvl_L1_EW,NVCNVL_EW,0.007,-0.015
2265,32Mt_L1_EW,NONE,0.014,0.0
2265,32Mt_L3_EW,NONE,0.018,0.0
2265,32Mt_L1_EW,32MT_EW,0.014,-0.011
2265,32Mt_L1_NS,NONE,0.01,0.0
2265,NvcMt_L1_EW,NVCMT_EW,0.032,0.027
2265,32Nvl_L3_EW,NONE,0.031,0.0
2265,32Nvl_L1_NS,32NVL_NS,0.007,0.007
2265,32Mt_L2_EW,NONE,0.015,0.0
2265,32Mt_L2_EW,32MT_EW,0.005,-0.022
2265,NvcMt_L2_EW,NVCMT_EW,0.04,0.04
2265,304Thn_L2_EW,304THN_EW,0.007,0.007
2270,304Thn_L1_EW,304THN_EW,0.008,0.008
2270,304Thn_L3_EW,NONE,0.008,0.0
2270,304Nvl_L1_NS,NONE,0.007,0.0
2270,32Nvl_L1_EW,32NVL_EW,0.035,0.021
2270,32Nvl_L2_EW,32NVL_EW,0.039,0.031
2270,32Nvl_L1_EW,32NVL_EW,0.034,0.019
2270,32Mt_L1_EW,NONE,0.007,0.0
2270,32Mt_L3_EW,NONE,0.009,0.0
2270,32Mt_L1_EW,32MT_EW,0.021,-0.004
2270,32Mt_L1_NS,NONE,0.01,0.0
2270,NvcCmt8_L2_EW,NVCCMT8_EW,0.005,0.005
2270,32Nvl_L3_EW,NONE,0.031,0.0
2270,32Nvl_L1_NS,32NVL_NS,0.007,0.007
2270,32Mt_L2_EW,NONE,0.008,0.0
2270,32Mt_L2_EW,32MT_EW,0.011,-0.016
2270,NvcCmt8_L1_EW,NVCCMT8_EW,0.008,0.008
2270,304Thn_L2_EW,304THN_EW,0.007,0.007
2275,304Nvl_L1_NS,NONE,0.007,0.0
2275,32Nvl_L1_EW,32NVL_EW,0.071,0.056
2275,32Nvl_L2_EW,32NVL_EW,0.077,0.073
2275,32Nvl_L1_EW,32NVL_EW,0.007,-0.008
2275,32Nvl_L2_EW,32NVL_EW,0.007,0.004
2275,NvcNvl_L3_NS,NONE,0.007,0.0
2275,NvcNvl_L2_NS,NONE,0.007,0.0
2275,NvcNvl_L1_EW,NONE,0.021,0.0
2275,NvcNvl_L2_EW,NONE,0.015,0.0
2275,32Mt_L1_EW,NONE,0.007,0.0
2275,32Mt_L3_EW,NONE,0.009,0.0
2275,32Mt_L1_EW,32MT_EW,0.021,-0.029
2275,NvcMt_L1_EW,NVCMT_EW,0.006,0.001
2275,NvcMt_L2_EW,NVCMT_EW,0.013,0.01
2275,NvcCmt8_L2_EW,NVCCMT8_EW,0.005,-0.004
2275,32Nvl_L3_EW,NONE,0.006,0.0
2275,32Nvl_L3_EW,NONE,0.063,0.0
2275,NvcNvl_L1_NS,NONE,0.009,0.0
2275,NvcNvl_L3_EW,NONE,0.013,0.0
2275,32Mt_L2_EW,NONE,0.008,0.0
2275,32Mt_L2_EW,32MT_EW,0.005,-0.049
2275,NvcMt_L2_EW,NVCMT_EW,0.008,0.004
2275,NvcMt_L1_EW,NVCMT_EW,0.028,0.022
2275,NvcCmt8_L1_EW,NVCCMT8_EW,0.008,0.003
2280,304Thn_L1_EW,NONE,0.007,0.0
2280,304Nvl_L1_NS,NONE,0.007,0.0
2280,32Nvl_L1_EW,32NVL_EW,0.042,0.017
2280,32Nvl_L2_EW,32NVL_EW,0.046,0.033
2280,32Nvl_L1_EW,32NVL_EW,0.007,-0.018
2280,32Nvl_L2_EW,32NVL_EW,0.007,-0.006
2280,NvcNvl_L3_NS,NONE,0.007,0.0
2280,NvcNvl_L2_NS,NONE,0.007,0.0
2280,NvcNvl_L1_EW,NONE,0.011,0.0
2280,NvcNvl_L2_EW,NONE,0.008,0.0
2280,32Mt_L1_EW,32MT_EW,0.028,-0.002
2280,NvcMt_L2_EW,NVCMT_EW,0.016,0.012
2280,NvcCmt8_L2_EW,NVCCMT8_EW,0.005,-0.006
2280,32Thn_L1_EW,32THN_EW,0.008,-0.022
2280,32Thn_L2_EW,32THN_EW,0.008,-0.024
2280,32Thn_L3_EW,NONE,0.008,0.0
2280,32Nvl_L3_EW,NONE,0.006,0.0
2280,32Nvl_L3_EW,NONE,0.038,0.0
2280,32Nvl_L1_NS,32NVL_NS,0.034,0.034
2280,NvcNvl_L1_NS,NONE,0.009,0.0
2280,NvcNvl_L3_EW,NONE,0.006,0.0
2280,32Mt_L2_EW,32MT_EW,0.011,-0.022
2280,NvcMt_L1_EW,NVCMT_EW,0.033,0.028
2280,NvcCmt8_L1_EW,NVCCMT8_EW,0.008,0.008
2285,304Nvl_L1_EW,304NVL_EW,0.017,0.017
2285,304Nvl_L2_EW,304NVL_EW,0.015,0.015
2285,32Nvl_L1_EW,32NVL_EW,0.042,0.017
2285,32Nvl_L2_EW,32NVL_EW,0.046,0.033
2285,32Nvl_L1_EW,32NVL_EW,0.007,-0.018
2285,32Nvl_L2_EW,32NVL_EW,0.007,-0.006
2285,NvcNvl_L3_NS,NONE,0.007,0.0
2285,NvcNvl_L2_NS,NONE,0.007,0.0
2285,NvcNvl_L1_EW,NVCNVL_EW,0.007,0.007
2285,32Mt_L1_EW,32MT_EW,0.028,-0.002
2285,NvcMt_L2_EW,NVCMT_EW,0.016,0.016
2285,32Thn_L1_EW,32THN_EW,0.008,-0.022
2285,32Thn_L2_EW,32THN_EW,0.008,-0.024
2285,32Thn_L3_EW,NONE,0.008,0.0
2285,304Nvl_L3_EW,NONE,0.013,0.0
2285,32Nvl_L3_EW,NONE,0.006,0.0
2285,32Nvl_L3_EW,NONE,0.038,0.0
2285,NvcNvl_L1_NS,NONE,0.009,0.0
2285,32Mt_L2_EW,32MT_EW,0.011,-0.022
2285,NvcMt_L1_EW,NVCMT_EW,0.033,0.028
2290,304Nvl_L1_EW,304NVL_EW,0.017,0.017
2290,304Nvl_L2_EW,304NVL_EW,0.015,0.015
2290,32Nvl_L3_NS,NONE,0.007,0.0
2290,32Nvl_L1_NS,32NVL_NS,0.007,0.007
2290,32Nvl_L1_EW,32NVL_EW,0.042,0.022
2290,32Nvl_L2_EW,32NVL_EW,0.046,0.037
2290,32Nvl_L1_EW,32NVL_EW,0.007,-0.014
2290,32Nvl_L2_EW,32NVL_EW,0.007,-0.002
2290,NvcNvl_L1_EW,NONE,0.011,0.0
2290,NvcNvl_L2_EW,NONE,0.008,0.0
2290,NvcNvl_L1_EW,NVCNVL_EW,0.007,0.007
2290,32Mt_L1_EW,NONE,0.007,0.0
2290,32Mt_L3_EW,NONE,0.009,0.0
2290,32Mt_L1_EW,32MT_EW,0.021,-0.009
2290,NvcMt_L2_EW,NVCMT_EW,0.016,0.016
2290,32Thn_L1_EW,32THN_EW,0.008,-0.022
2290,32Thn_L2_EW,32THN_EW,0.008,-0.024
2290,32Thn_L3_EW,NONE,0.008,0.0
2290,304Nvl_L3_EW,NONE,0.013,0.0
2290,32Nvl_L2_NS,32NVL_NS,0.007,0.007
2290,32Nvl_L3_EW,NONE,0.006,0.0
2290,32Nvl_L3_EW,NONE,0.038,0.0
2290,32Nvl_L1_NS,32NVL_NS,0.007,0.007
2290,32Mt_L2_EW,NONE,0.008,0.0
2290,32Mt_L2_EW,32MT_EW,0.005,-0.027
2290,NvcMt_L1_EW,NVCMT_EW,0.033,0.028
2295,304Nvl_L1_EW,304NVL_EW,0.017,0.017
2295,304Nvl_L2_EW,304NVL_EW,0.015,0.015
2295,304Nvl_L1_NS,NONE,0.007,0.0
2295,32Nvl_L3_NS,NONE,0.007,0.0
2295,32Nvl_L1_NS,32NVL_NS,0.007,0.007
2295,32Nvl_L1_EW,32NVL_EW,0.035,0.026
2295,32Nvl_L2_EW,32NVL_EW,0.039,0.035
2295,32Nvl_L1_EW,32NVL_EW,0.007,-0.003
2295,32Nvl_L2_EW,32NVL_EW,0.007,0.004
2295,NvcNvl_L1_EW,NONE,0.011,0.0
2295,NvcNvl_L1_EW,NVCNVL_EW,0.007,0.007
2295,32Mt_L1_EW,32MT_EW,0.014,-0.011
2295,NvcMt_L2_EW,NVCMT_EW,0.016,0.016
2295,32Thn_L1_EW,NONE,0.01,0.0
2295,304Nvl_L3_EW,NONE,0.013,0.0
2295,32Nvl_L2_NS,32NVL_NS,0.007,0.007
2295,32Nvl_L3_EW,NONE,0.006,0.0
2295,32Nvl_L3_EW,NONE,0.031,0.0
2295,32Nvl_L1_NS,32NVL_NS,0.007,0.007
2295,32Mt_L2_EW,32MT_EW,0.005,-0.022
2295,NvcMt_L1_EW,NVCMT_EW,0.033,0.028
2300,304Nvl_L1_NS,304NVL_NS,0.009,0.004
2300,304Nvl_L1_NS,NONE,0.015,0.0
2300,32Nvl_L1_NS,32NVL_NS,0.007,0.001
2300,32Nvl_L1_EW,32NVL_EW,0.042,0.013
2300,32Nvl_L2_EW,32NVL_EW,0.046,0.027
2300,32Nvl_L1_EW,32NVL_EW,0.007,-0.023
2300,32Nvl_L2_EW,32NVL_EW,0.007,-0.012
2300,32Mt_L1_EW,32MT_EW,0.042,0.012
2300,NvcMt_L2_NS,NONE,0.005,0.0
2300,32Nvl_L2_NS,32NVL_NS,0.007,0.007
2300,32Nvl_L3_EW,NONE,0.006,0.0
2300,32Nvl_L3_EW,NONE,0.038,0.0
2300,32Mt_L2_EW,32MT_EW,0.027,-0.005
2300,NvcMt_L1_NS,NONE,0.005,0.0
2305,304Nvl_L1_NS,304NVL_NS,0.009,0.004
2305,304Nvl_L1_NS,NONE,0.015,0.0
2305,32Nvl_L1_NS,32NVL_NS,0.007,0.001
2305,32Nvl_L3_NS,NONE,0.042,0.0
2305,32Nvl_L2_NS,32NVL_NS,0.039,0.039
2305,NvcNvl_L3_NS,NONE,0.007,0.0
2305,NvcNvl_L2_NS,NONE,0.007,0.0
2305,NvcNvl_L1_EW,NVCNVL_EW,0.007,0.007
2305,NvcNvl_L2_EW,NVCNVL_EW,0.008,0.008
2305,32Mt_L1_EW,32MT_EW,0.035,0.035
2305,32Mt_L1_NS,NONE,0.117,0.0
2305,32Nvl_L2_NS,32NVL_NS,0.007,0.007
2305,32Nvl_L1_NS,32NVL_NS,0.034,0.027
2305,NvcNvl_L1_NS,NONE,0.009,0.0
2305,NvcNvl_L3_EW,NONE,0.009,0.0
2305,32Mt_L2_EW,32MT_EW,0.027,0.027
2305,32Mt_L2_NS,NONE,0.104,0.0
2310,304Nvl_L1_NS,304NVL_NS,0.009,0.004
2310,304Nvl_L1_EW,304NVL_EW,0.042,0.042
2310,304Nvl_L2_EW,304NVL_EW,0.036,0.036
2310,32Nvl_L1_NS,32NVL_NS,0.007,0.001
2310,32Nvl_L3_NS,NONE,0.05,0.0
2310,32Nvl_L2_NS,32NVL_NS,0.047,0.047
2310,NvcNvl_L3_NS,NONE,0.014,0.0
2310,NvcNvl_L2_NS,NONE,0.02,0.0
2310,NvcNvl_L1_EW,NVCNVL_EW,0.007,0.007
2310,NvcNvl_L2_EW,NVCNVL_EW,0.008,0.006
2310,32Mt_L1_NS,NONE,0.117,0.0
2310,NvcMt_L2_EW,NVCMT_EW,0.003,-0.003
2310,32Thn_L1_EW,32THN_EW,0.008,0.008
2310,32Thn_L2_EW,32THN_EW,0.008,0.008
2310,32Thn_L3_EW,NONE,0.008,0.0
2310,304Nvl_L3_EW,NONE,0.032,0.0
2310,32Nvl_L2_NS,32NVL_NS,0.007,0.007
2310,32Nvl_L1_NS,32NVL_NS,0.047,0.041
2310,NvcNvl_L1_NS,NONE,0.026,0.0
2310,NvcNvl_L3_EW,NONE,0.009,0.0
2310,32Mt_L2_NS,NONE,0.104,0.0
2310,NvcMt_L1_EW,NVCMT_EW,0.006,0.001
2315,32Nvl_L1_NS,32NVL_NS,0.007,0.007
2315,32Nvl_L3_NS,NONE,0.05,0.0
2315,32Nvl_L2_NS,32NVL_NS,0.047,0.047
2315,NvcNvl_L3_NS,NONE,0.007,0.0
2315,NvcNvl_L2_NS,NONE,0.007,0.0
2315,32Mt_L1_NS,32MT_NS,0.107,0.107
2315,32Mt_L1_NS,NONE,0.01,0.0
2315,NvcMt_L2_EW,NVCMT_EW,0.003,0.003
2315,32Thn_L1_EW,NONE,0.01,0.0
2315,32Nvl_L2_NS,32NVL_NS,0.007,0.007
2315,32Nvl_L1_NS,32NVL_NS,0.054,0.054
2315,NvcNvl_L1_NS,NONE,0.009,0.0
2315,32Mt_L2_NS,NONE,0.009,0.0
2315,NvcMt_L1_EW,NVCMT_EW,0.006,0.006
2320,304Nvl_L1_NS,304NVL_NS,0.045,0.036
2320,32Nvl_L3_NS,NONE,0.007,0.0
2320,32Nvl_L1_NS,32NVL_NS,0.014,-0.018
2320,32Nvl_L3_NS,NONE,0.05,0.0
2320,32Nvl_L2_NS,32NVL_NS,0.047,0.047
2320,NvcNvl_L1_EW,NONE,0.011,0.0
2320,NvcNvl_L2_EW,NONE,0.008,0.0
2320,32Mt_L1_NS,32MT_NS,0.075,0.075
2320,32Nvl_L2_NS,32NVL_NS,0.013,0.013
2320,32Nvl_L1_NS,32NVL_NS,0.047,0.015
2325,304Nvl_L1_NS,304NVL_NS,0.045,0.031
2325,32Nvl_L3_NS,NONE,0.014,0.0
2325,32Nvl_L1_NS,32NVL_NS,0.021,-0.011
2325,32Nvl_L1_EW,32NVL_EW,0.007,0.002
2325,32Nvl_L2_EW,32NVL_EW,0.008,0.004
2325,32Nvl_L3_NS,NONE,0.058,0.0
2325,32Nvl_L2_NS,32NVL_NS,0.055,0.055
2325,NvcNvl_L3_NS,NONE,0.007,0.0
2325,NvcNvl_L2_NS,NONE,0.007,0.0
2325,32Mt_L1_NS,32MT_NS,0.075,0.075
2325,32Mt_L1_EW,32MT_EW,0.007,0.002
2325,32Nvl_L2_NS,32NVL_NS,0.02,0.02
2325,32Nvl_L3_EW,NONE,0.006,0.0
2325,32Nvl_L1_NS,32NVL_NS,0.047,0.015
2325,NvcNvl_L1_NS,NONE,0.009,0.0
2325,32Mt_L2_EW,32MT_EW,0.005,0.0
2330,304Nvl_L1_NS,304NVL_NS,0.045,0.026
2330,32Nvl_L3_NS,NONE,0.02,0.0
2330,32Nvl_L1_NS,32NVL_NS,0.028,-0.004
2330,32Nvl_L3_NS,NONE,0.058,0.0
2330,32Nvl_L2_NS,32NVL_NS,0.055,0.055
2330,32Mt_L1_EW,32MT_EW,0.014,0.014
2330,32Nvl_L2_NS,32NVL_NS,0.027,0.027
2330,32Nvl_L1_NS,32NVL_NS,0.047,0.015
2330,32Mt_L2_EW,32MT_EW,0.011,0.011
2335,304Thn_L1_EW,NONE,0.034,0.0
2335,304Thn_L2_EW,NONE,0.041,0.0
2335,304Nvl_L1_EW,304NVL_EW,0.008,0.008
2335,304Nvl_L2_EW,304NVL_EW,0.007,0.007
2335,32Nvl_L3_NS,NONE,0.014,0.0
2335,32Nvl_L1_NS,32NVL_NS,0.028,0.028
2335,32Nvl_L3_NS,NONE,0.058,0.0
2335,32Nvl_L2_NS,32NVL_NS,0.095,0.095
2335,NvcNvl_L1_EW,NVCNVL_EW,0.007,0.007
2335,NvcNvl_L2_EW,NVCNVL_EW,0.008,0.008
2335,32Mt_L1_EW,32MT_EW,0.007,0.007
2335,32Mt_L1_NS,NONE,0.01,0.0
2335,NvcMt_L2_NS,NONE,0.005,0.0
2335,32Thn_L1_EW,NONE,0.049,0.0
2335,32Thn_L2_EW,NONE,0.051,0.0
2335,32Thn_L3_EW,NONE,0.035,0.0
2335,304Nvl_L3_EW,NONE,0.006,0.0
2335,32Nvl_L2_NS,32NVL_NS,0.027,0.027
2335,32Nvl_L1_NS,32NVL_NS,0.087,0.087
2335,NvcNvl_L3_EW,NONE,0.009,0.0
2335,32Mt_L2_EW,32MT_EW,0.005,0.005
2335,32Mt_L2_NS,NONE,0.009,0.0
2335,NvcMt_L1_NS,NONE,0.005,0.0
2335,304Thn_L3_EW,NONE,0.041,0.0
2340,304Thn_L1_EW,NONE,0.034,0.0
2340,304Thn_L2_EW,NONE,0.041,0.0
2340,304Nvl_L1_EW,304NVL_EW,0.008,0.008
2340,304Nvl_L2_EW,304NVL_EW,0.007,0.007
2340,304Nvl_L1_EW,NONE,0.008,0.0
2340,304Nvl_L2_EW,NONE,0.009,0.0
2340,32Nvl_L3_NS,NONE,0.02,0.0
2340,32Nvl_L1_NS,32NVL_NS,0.028,0.028
2340,32Nvl_L3_NS,NONE,0.1,0.0
2340,32Nvl_L2_NS,32NVL_NS,0.095,0.095
2340,NvcNvl_L1_EW,NONE,0.011,0.0
2340,NvcNvl_L2_EW,NONE,0.008,0.0
2340,32Mt_L1_NS,32MT_NS,0.006,0.006
2340,32Mt_L1_EW,NONE,0.007,0.0
2340,32Thn_L1_EW,32THN_EW,0.04,0.04
2340,304Nvl_L3_EW,NONE,0.006,0.0
2340,304Nvl_L3_EW,NONE,0.008,0.0
2340,32Nvl_L2_NS,32NVL_NS,0.027,0.027
2340,32Nvl_L1_NS,32NVL_NS,0.087,0.087
2340,NvcNvl_L3_EW,NONE,0.006,0.0
2340,304Thn_L3_EW,NONE,0.041,0.0
2345,304Thn_L1_EW,304THN_EW,0.041,0.035
2345,304Nvl_L1_EW,304NVL_EW,0.008,-0.02
2345,304Nvl_L1_NS,NONE,0.007,0.0
2345,32Nvl_L3_NS,NONE,0.014,0.0
2345,32Nvl_L1_NS,32NVL_NS,0.021,0.021
2345,32Nvl_L3_NS,NONE,0.1,0.0
2345,32Nvl_L2_NS,32NVL_NS,0.095,0.095
2345,32Mt_L1_NS,32MT_NS,0.006,0.006
2345,32Mt_L1_EW,NONE,0.014,0.0
2345,32Mt_L3_EW,NONE,0.009,0.0
2345,32Nvl_L2_NS,32NVL_NS,0.02,0.02
2345,32Nvl_L1_NS,32NVL_NS,0.081,0.081
2345,32Mt_L2_EW,NONE,0.008,0.0
2350,304Nvl_L1_NS,304NVL_NS,0.009,-0.005
2350,32Nvl_L3_NS,NONE,0.014,0.0
2350,32Nvl_L1_NS,32NVL_NS,0.021,0.014
2350,32Nvl_L3_NS,NONE,0.1,0.0
2350,32Nvl_L2_NS,32NVL_NS,0.095,0.095
2350,NvcNvl_L1_EW,NONE,0.011,0.0
2350,NvcNvl_L2_EW,NONE,0.008,0.0
2350,32Mt_L1_NS,32MT_NS,0.006,0.006
2350,32Mt_L1_EW,32MT_EW,0.007,0.007
2350,32Mt_L1_NS,NONE,0.01,0.0
2350,NvcMt_L1_EW,NVCMT_EW,0.032,0.032
2350,32Nvl_L2_NS,32NVL_NS,0.02,0.02
2350,32Nvl_L1_NS,32NVL_NS,0.081,0.074
2350,32Mt_L2_EW,32MT_EW,0.005,0.005
2350,NvcMt_L2_EW,NVCMT_EW,0.04,0.04
2355,304Nvl_L1_NS,304NVL_NS,0.009,-0.005
2355,32Nvl_L3_NS,NONE,0.014,0.0
2355,32Nvl_L1_NS,32NVL_NS,0.021,0.014
2355,32Nvl_L1_EW,32NVL_EW,0.007,0.007
2355,32Nvl_L2_EW,32NVL_EW,0.007,0.007
2355,32Nvl_L3_NS,NONE,0.1,0.0
2355,32Nvl_L2_NS,32NVL_NS,0.095,0.095
2355,NvcNvl_L3_NS,NONE,0.007,0.0
2355,NvcNvl_L2_NS,NONE,0.007,0.0
2355,32Mt_L1_NS,NONE,0.02,0.0
2355,NvcMt_L1_EW,NVCMT_EW,0.032,0.032
2355,32Nvl_L2_NS,32NVL_NS,0.02,0.02
2355,32Nvl_L3_EW,NONE,0.006,0.0
2355,32Nvl_L1_NS,32NVL_NS,0.087,0.081
2355,NvcNvl_L1_NS,NONE,0.009,0.0
2355,32Mt_L2_NS,NONE,0.017,0.0
2355,NvcMt_L2_EW,NVCMT_EW,0.04,0.04
2360,304Nvl_L1_EW,304NVL_EW,0.017,0.017
2360,304Nvl_L2_EW,304NVL_EW,0.015,0.015
2360,NvcNvl_L3_NS,NONE,0.007,0.0
2360,NvcNvl_L2_NS,NONE,0.007,0.0
2360,NvcMt_L2_NS,NONE,0.005,0.0
2360,NvcMt_L1_EW,NVCMT_EW,0.032,0.032
2360,304Nvl_L3_EW,NONE,0.013,0.0
2360,32Nvl_L1_NS,32NVL_NS,0.007,0.007
2360,NvcNvl_L1_NS,NONE,0.009,0.0
2360,NvcMt_L1_NS,NONE,0.005,0.0
2360,NvcMt_L2_EW,NVCMT_EW,0.04,0.04
2365,304Nvl_L1_EW,304NVL_EW,0.017,0.017
2365,304Nvl_L2_EW,304NVL_EW,0.015,0.015
2365,32Nvl_L1_EW,32NVL_EW,0.007,-0.061
2365,32Nvl_L2_EW,32NVL_EW,0.008,-0.038
2365,32Nvl_L1_EW,32NVL_EW,0.007,-0.062
2365,32Nvl_L2_EW,32NVL_EW,0.007,-0.038
2365,NvcNvl_L3_NS,NONE,0.041,0.0
2365,NvcNvl_L2_NS,NONE,0.04,0.0
2365,32Mt_L1_EW,NONE,0.014,0.0
2365,32Mt_L3_EW,NONE,0.009,0.0
2365,32Mt_L1_EW,32MT_EW,0.098,0.093
2365,NvcMt_L2_NS,NONE,0.005,0.0
2365,304Nvl_L3_EW,NONE,0.013,0.0
2365,32Nvl_L3_EW,NONE,0.006,0.0
2365,32Nvl_L3_EW,NONE,0.006,0.0
2365,NvcNvl_L1_NS,NONE,0.052,0.0
2365,32Mt_L2_EW,NONE,0.008,0.0
2365,32Mt_L2_EW,32MT_EW,0.065,0.06
2365,NvcMt_L1_NS,NONE,0.005,0.0
2370,304Nvl_L1_EW,304NVL_EW,0.034,0.034
2370,304Nvl_L2_EW,304NVL_EW,0.029,0.029
2370,32Nvl_L3_NS,NONE,0.007,0.0
2370,32Nvl_L1_NS,32NVL_NS,0.014,0.014
2370,32Nvl_L1_EW,32NVL_EW,0.007,-0.066
2370,32Nvl_L2_EW,32NVL_EW,0.008,-0.046
2370,32Nvl_L1_EW,32NVL_EW,0.007,-0.067
2370,32Nvl_L2_EW,32NVL_EW,0.007,-0.046
2370,32Nvl_L3_NS,NONE,0.008,0.0
2370,32Nvl_L2_NS,32NVL_NS,0.008,0.008
2370,NvcNvl_L3_NS,NONE,0.034,0.0
2370,NvcNvl_L2_NS,NONE,0.033,0.0
2370,NvcNvl_L1_EW,NONE,0.011,0.0
2370,32Mt_L1_NS,32MT_NS,0.031,0.031
2370,32Mt_L1_EW,32MT_EW,0.105,0.1
2370,32Mt_L1_NS,NONE,0.01,0.0
2370,NvcMt_L2_NS,NONE,0.005,0.0
2370,304Nvl_L3_EW,NONE,0.025,0.0
2370,32Nvl_L2_NS,32NVL_NS,0.007,0.007
2370,32Nvl_L3_EW,NONE,0.006,0.0
2370,32Nvl_L3_EW,NONE,0.006,0.0
2370,32Nvl_L1_NS,32NVL_NS,0.007,0.007
2370,NvcNvl_L1_NS,NONE,0.044,0.0
2370,32Mt_L2_NS,32MT_NS,0.032,0.032
2370,32Mt_L2_EW,32MT_EW,0.076,0.071
2370,32Mt_L2_NS,NONE,0.009,0.0
2370,NvcMt_L1_NS,NONE,0.005,0.0
2375,304Nvl_L1_EW,304NVL_EW,0.042,0.042
2375,304Nvl_L2_EW,304NVL_EW,0.036,0.036
2375,32Nvl_L1_EW,32NVL_EW,0.007,-0.071
2375,32Nvl_L2_EW,32NVL_EW,0.008,-0.049
2375,32Nvl_L1_EW,32NVL_EW,0.007,-0.071
2375,32Nvl_L2_EW,32NVL_EW,0.007,-0.05
2375,NvcNvl_L1_EW,NONE,0.021,0.0
2375,NvcNvl_L2_EW,NONE,0.015,0.0
2375,32Mt_L1_NS,32MT_NS,0.006,0.006
2375,32Mt_L1_EW,NONE,0.007,0.0
2375,32Mt_L3_EW,NONE,0.009,0.0
2375,32Mt_L1_EW,32MT_EW,0.112,0.107
2375,32Mt_L1_NS,NONE,0.01,0.0
2375,304Nvl_L3_EW,NONE,0.032,0.0
2375,32Nvl_L3_EW,NONE,0.006,0.0
2375,32Nvl_L3_EW,NONE,0.006,0.0
2375,NvcNvl_L3_EW,NONE,0.006,0.0
2375,32Mt_L2_EW,NONE,0.008,0.0
2375,32Mt_L2_EW,32MT_EW,0.082,0.076
2380,304Nvl_L1_EW,304NVL_EW,0.051,0.051
2380,304Nvl_L2_EW,304NVL_EW,0.044,0.044
2380,32Nvl_L1_EW,32NVL_EW,0.007,-0.086
2380,32Nvl_L2_EW,32NVL_EW,0.008,-0.046
2380,32Nvl_L1_EW,32NVL_EW,0.007,-0.086
2380,32Nvl_L2_EW,32NVL_EW,0.007,-0.046
2380,32Nvl_L3_NS,NONE,0.008,0.0
2380,32Nvl_L2_NS,32NVL_NS,0.008,0.008
2380,NvcNvl_L3_NS,NONE,0.007,0.0
2380,NvcNvl_L2_NS,NONE,0.007,0.0
2380,32Mt_L1_EW,32MT_EW,0.133,0.128
2380,NvcMt_L2_NS,NONE,0.005,0.0
2380,NvcMt_L2_EW,NVCMT_EW,0.003,0.003
2380,304Nvl_L3_EW,NONE,0.038,0.0
2380,32Nvl_L3_EW,NONE,0.006,0.0
2380,32Nvl_L3_EW,NONE,0.006,0.0
2380,32Nvl_L1_NS,32NVL_NS,0.007,0.007
2380,NvcNvl_L1_NS,NONE,0.009,0.0
2380,32Mt_L2_EW,32MT_EW,0.076,0.071
2380,NvcMt_L1_NS,NONE,0.005,0.0
2380,NvcMt_L1_EW,NVCMT_EW,0.011,0.011
2385,304Nvl_L1_EW,304NVL_EW,0.042,0.042
2385,304Nvl_L2_EW,304NVL_EW,0.036,0.036
2385,32Nvl_L1_EW,32NVL_EW,0.007,-0.114
2385,32Nvl_L2_EW,32NVL_EW,0.008,-0.075
2385,32Nvl_L1_EW,32NVL_EW,0.007,-0.114
2385,32Nvl_L2_EW,32NVL_EW,0.007,-0.075
2385,NvcNvl_L3_NS,NONE,0.007,0.0
2385,NvcNvl_L2_NS,NONE,0.007,0.0
2385,NvcNvl_L1_EW,NVCNVL_EW,0.007,-0.002
2385,32Mt_L1_EW,NONE,0.007,0.0
2385,32Mt_L3_EW,NONE,0.009,0.0
2385,32Mt_L1_EW,32MT_EW,0.133,0.128
2385,NvcMt_L1_EW,NVCMT_EW,0.013,0.008
2385,NvcMt_L2_EW,NVCMT_EW,0.003,0.003
2385,32Thn_L1_EW,32THN_EW,0.04,0.035
2385,32Thn_L2_EW,32THN_EW,0.042,0.036
2385,32Thn_L3_EW,NONE,0.041,0.0
2385,304Nvl_L3_EW,NONE,0.032,0.0
2385,32Nvl_L3_EW,NONE,0.006,0.0
2385,32Nvl_L3_EW,NONE,0.006,0.0
2385,NvcNvl_L1_NS,NONE,0.009,0.0
2385,32Mt_L2_EW,NONE,0.008,0.0
2385,32Mt_L2_EW,32MT_EW,0.076,0.071
2385,NvcMt_L2_EW,NVCMT_EW,0.016,0.016
2385,NvcMt_L1_EW,NVCMT_EW,0.006,0.001
2390,304Nvl_L1_EW,304NVL_EW,0.042,0.042
2390,304Nvl_L2_EW,304NVL_EW,0.036,0.036
2390,32Nvl_L1_NS,32NVL_NS,0.007,0.007
2390,32Nvl_L1_EW,32NVL_EW,0.007,-0.114
2390,32Nvl_L2_EW,32NVL_EW,0.008,-0.094
2390,32Nvl_L1_EW,32NVL_EW,0.007,-0.114
2390,32Nvl_L2_EW,32NVL_EW,0.007,-0.094
2390,NvcNvl_L1_EW,NVCNVL_EW,0.007,-0.002
2390,32Mt_L1_EW,32MT_EW,0.133,0.128
2390,NvcMt_L1_EW,NVCMT_EW,0.013,0.008
2390,NvcMt_L2_EW,NVCMT_EW,0.003,0.003
2390,32Thn_L1_EW,32THN_EW,0.04,0.035
2390,32Thn_L2_EW,32THN_EW,0.042,0.036
2390,32Thn_L3_EW,NONE,0.041,0.0
2390,304Nvl_L3_EW,NONE,0.032,0.0
2390,32Nvl_L3_EW,NONE,0.006,0.0
2390,32Nvl_L3_EW,NONE,0.006,0.0
2390,32Nvl_L1_NS,32NVL_NS,0.007,0.007
2390,NvcNvl_L1_NS,NONE,0.009,0.0
2390,32Mt_L2_EW,32MT_EW,0.103,0.098
2390,NvcMt_L2_EW,NVCMT_EW,0.016,0.016
2390,NvcMt_L1_EW,NVCMT_EW,0.006,0.001
2395,304Nvl_L1_EW,304NVL_EW,0.042,0.042
2395,304Nvl_L2_EW,304NVL_EW,0.036,0.036
2395,304Nvl_L1_NS,NONE,0.007,0.0
2395,304Nvl_L3_NS,NONE,0.008,0.0
2395,32Nvl_L1_NS,32NVL_NS,0.007,0.007
2395,32Nvl_L1_EW,32NVL_EW,0.007,-0.119
2395,32Nvl_L2_EW,32NVL_EW,0.008,-0.094
2395,32Nvl_L1_EW,32NVL_EW,0.007,-0.119
2395,32Nvl_L2_EW,32NVL_EW,0.007,-0.094
2395,NvcNvl_L2_NS,NONE,0.007,0.0
2395,NvcNvl_L1_EW,NVCNVL_EW,0.007,0.003
2395,32Mt_L1_EW,NONE,0.007,0.0
2395,32Mt_L3_EW,NONE,0.009,0.0
2395,32Mt_L1_EW,32MT_EW,0.139,0.135
2395,NvcMt_L2_NS,NONE,0.005,0.0
2395,NvcMt_L1_EW,NVCMT_EW,0.006,0.001
2395,32Thn_L1_EW,32THN_EW,0.04,0.035
2395,32Thn_L2_EW,32THN_EW,0.042,0.036
2395,32Thn_L3_EW,NONE,0.041,0.0
2395,304Nvl_L3_EW,NONE,0.032,0.0
2395,304Nvl_L2_NS,NONE,0.007,0.0
2395,32Nvl_L3_EW,NONE,0.006,0.0
2395,32Nvl_L3_EW,NONE,0.006,0.0
2395,32Nvl_L1_NS,32NVL_NS,0.007,0.007
2395,NvcNvl_L1_NS,NONE,0.009,0.0
2395,32Mt_L2_EW,NONE,0.008,0.0
2395,32Mt_L2_EW,32MT_EW,0.103,0.098
2395,NvcMt_L1_NS,NONE,0.005,0.0
2395,NvcMt_L2_EW,NVCMT_EW,0.008,0.008
2400,304Nvl_L1_EW,304NVL_EW,0.042,0.042
2400,304Nvl_L2_EW,304NVL_EW,0.029,0.029
2400,32Nvl_L1_EW,32NVL_EW,0.007,-0.094
2400,32Nvl_L2_EW,32NVL_EW,0.008,-0.075
2400,32Nvl_L1_EW,32NVL_EW,0.007,-0.095
2400,32Nvl_L2_EW,32NVL_EW,0.007,-0.075
2400,NvcNvl_L1_NS,NVCNVL_NS,0.007,0.007
2400,32Mt_L1_EW,NONE,0.007,0.0
2400,32Mt_L3_EW,NONE,0.009,0.0
2400,32Mt_L1_EW,32MT_EW,0.105,0.1
2400,32Thn_L1_EW,32THN_EW,0.04,0.035
2400,32Thn_L2_EW,32THN_EW,0.042,0.036
2400,32Thn_L3_EW,NONE,0.041,0.0
2400,304Nvl_L3_EW,NONE,0.025,0.0
2400,32Nvl_L3_EW,NONE,0.006,0.0
2400,32Nvl_L3_EW,NONE,0.006,0.0
2400,32Mt_L2_EW,NONE,0.008,0.0
2400,32Mt_L2_EW,32MT_EW,0.076,0.071
2405,304Nvl_L1_EW,304NVL_EW,0.042,0.042
2405,304Nvl_L2_EW,304NVL_EW,0.029,0.029
2405,32Nvl_L1_EW,32NVL_EW,0.007,-0.066
2405,32Nvl_L2_EW,32NVL_EW,0.008,-0.049
2405,32Nvl_L1_EW,32NVL_EW,0.007,-0.067
2405,32Nvl_L2_EW,32NVL_EW,0.007,-0.05
2405,NvcNvl_L3_NS,NONE,0.007,0.0
2405,NvcNvl_L2_NS,NONE,0.007,0.0
2405,32Mt_L1_EW,32MT_EW,0.105,0.1
2405,32Mt_L1_NS,NONE,0.02,0.0
2405,32Thn_L1_EW,NONE,0.049,0.0
2405,NvcCmt8_L1_NS,NONE,0.008,0.0
2405,304Nvl_L3_EW,NONE,0.025,0.0
2405,32Nvl_L3_EW,NONE,0.006,0.0
2405,32Nvl_L3_EW,NONE,0.006,0.0
2405,NvcNvl_L1_NS,NONE,0.009,0.0
2405,32Mt_L2_EW,32MT_EW,0.082,0.076
2410,304Nvl_L1_EW,304NVL_EW,0.042,0.042
2410,304Nvl_L2_EW,304NVL_EW,0.029,0.029
2410,304Nvl_L1_NS,NONE,0.007,0.0
2410,32Nvl_L1_EW,32NVL_EW,0.007,-0.061
2410,32Nvl_L2_EW,32NVL_EW,0.008,-0.046
2410,32Nvl_L1_EW,32NVL_EW,0.007,-0.062
2410,32Nvl_L2_EW,32NVL_EW,0.007,-0.046
2410,32Mt_L1_NS,32MT_NS,0.006,0.006
2410,32Mt_L1_EW,32MT_EW,0.098,0.093
2410,32Thn_L1_EW,NONE,0.049,0.0
2410,NvcCmt8_L1_NS,NONE,0.008,0.0
2410,304Nvl_L3_EW,NONE,0.025,0.0
2410,32Nvl_L3_EW,NONE,0.006,0.0
2410,32Nvl_L3_EW,NONE,0.006,0.0
2410,32Mt_L2_EW,32MT_EW,0.076,0.071
2415,304Nvl_L1_EW,304NVL_EW,0.034,0.034
2415,304Nvl_L2_EW,304NVL_EW,0.022,0.022
2415,32Nvl_L1_EW,32NVL_EW,0.007,-0.003
2415,32Nvl_L2_EW,32NVL_EW,0.008,-0.002
2415,32Nvl_L1_EW,32NVL_EW,0.007,-0.004
2415,32Nvl_L2_EW,32NVL_EW,0.007,-0.002
2415,NvcNvl_L3_NS,NONE,0.007,0.0
2415,NvcNvl_L2_NS,NONE,0.007,0.0
2415,32Mt_L1_EW,NONE,0.007,0.0
2415,32Mt_L3_EW,NONE,0.009,0.0
2415,32Mt_L1_EW,32MT_EW,0.007,0.002
2415,32Mt_L1_NS,NONE,0.01,0.0
2415,32Thn_L1_EW,32THN_EW,0.008,0.003
2415,32Thn_L2_EW,32THN_EW,0.008,0.003
2415,32Thn_L3_EW,NONE,0.008,0.0
2415,304Nvl_L3_EW,NONE,0.019,0.0
2415,32Nvl_L3_EW,NONE,0.006,0.0
2415,32Nvl_L3_EW,NONE,0.006,0.0
2415,NvcNvl_L1_NS,NONE,0.009,0.0
2415,32Mt_L2_EW,NONE,0.008,0.0
2415,32Mt_L2_EW,32MT_EW,0.005,0.0
2415,32Mt_L2_NS,NONE,0.009,0.0
2420,304Nvl_L1_EW,304NVL_EW,0.008,0.008
2420,304Nvl_L2_EW,304NVL_EW,0.007,0.007
2420,304Nvl_L1_NS,NONE,0.007,0.0
2420,32Nvl_L1_EW,32NVL_EW,0.007,0.007
2420,32Nvl_L2_EW,32NVL_EW,0.008,0.008
2420,32Nvl_L1_EW,32NVL_EW,0.007,0.007
2420,32Nvl_L2_EW,32NVL_EW,0.007,0.007
2420,NvcNvl_L1_EW,NONE,0.011,0.0
2420,NvcNvl_L2_EW,NONE,0.008,0.0
2420,32Mt_L1_NS,NONE,0.127,0.0
2420,32Thn_L1_EW,NONE,0.01,0.0
2420,304Nvl_L3_EW,NONE,0.006,0.0
2420,32Nvl_L3_EW,NONE,0.006,0.0
2420,32Nvl_L3_EW,NONE,0.006,0.0
2420,32Mt_L2_NS,NONE,0.009,0.0
2425,304Nvl_L1_NS,NONE,0.029,0.0
2425,32Nvl_L1_EW,32NVL_EW,0.007,-0.003
2425,32Nvl_L2_EW,32NVL_EW,0.008,0.004
2425,32Nvl_L1_EW,32NVL_EW,0.007,-0.003
2425,32Nvl_L2_EW,32NVL_EW,0.007,0.004
2425,32Nvl_L3_NS,NONE,0.008,0.0
2425,32Nvl_L2_NS,32NVL_NS,0.008,0.008
2425,32Mt_L1_EW,NONE,0.022,0.0
2425,32Mt_L3_EW,NONE,0.009,0.0
2425,32Mt_L1_EW,32MT_EW,0.014,0.009
2425,32Mt_L1_NS,NONE,0.127,0.0
2425,NvcMt_L2_NS,NONE,0.005,0.0
2425,304Nvl_L2_NS,NONE,0.007,0.0
2425,32Nvl_L3_EW,NONE,0.006,0.0
2425,32Nvl_L3_EW,NONE,0.006,0.0
2425,32Nvl_L1_NS,32NVL_NS,0.007,0.007
2425,32Mt_L2_EW,NONE,0.008,0.0
2425,32Mt_L2_EW,32MT_EW,0.005,0.0
2425,32Mt_L2_NS,NONE,0.009,0.0
2425,NvcMt_L1_NS,NONE,0.005,0.0
2430,304Nvl_L1_EW,304NVL_EW,0.008,0.008
2430,304Nvl_L1_NS,NONE,0.022,0.0
2430,304Nvl_L3_NS,NONE,0.008,0.0
2430,32Nvl_L1_EW,32NVL_EW,0.007,-0.012
2430,32Nvl_L2_EW,32NVL_EW,0.008,0.0
2430,32Nvl_L1_EW,32NVL_EW,0.007,-0.013
2430,32Nvl_L2_EW,32NVL_EW,0.007,0.0
2430,32Nvl_L3_NS,NONE,0.008,0.0
2430,32Nvl_L2_NS,32NVL_NS,0.008,0.008
2430,32Mt_L1_EW,NONE,0.014,0.0
2430,32Mt_L1_EW,32MT_EW,0.028,0.023
2430,NvcMt_L1_NS,NVCMT_NS,0.007,0.007
2430,304Nvl_L2_NS,NONE,0.007,0.0
2430,32Nvl_L3_EW,NONE,0.006,0.0
2430,32Nvl_L3_EW,NONE,0.006,0.0
2430,32Nvl_L1_NS,32NVL_NS,0.007,0.007
2430,32Mt_L2_EW,32MT_EW,0.011,0.005
2430,NvcMt_L2_NS,NVCMT_NS,0.005,0.005
2435,32Nvl_L1_EW,32NVL_EW,0.007,-0.008
2435,32Nvl_L2_EW,32NVL_EW,0.008,0.004
2435,32Nvl_L1_EW,32NVL_EW,0.007,-0.008
2435,32Nvl_L2_EW,32NVL_EW,0.007,0.004
2435,32Mt_L1_EW,32MT_EW,0.021,0.016
2435,NvcMt_L1_NS,NVCMT_NS,0.007,0.007
2435,32Nvl_L3_EW,NONE,0.006,0.0
2435,32Nvl_L3_EW,NONE,0.006,0.0
2435,32Mt_L2_EW,32MT_EW,0.005,0.0
2435,NvcMt_L2_NS,NVCMT_NS,0.005,0.005
2440,304Nvl_L1_EW,304NVL_EW,0.017,0.017
2440,304Nvl_L2_EW,304NVL_EW,0.007,0.007
2440,32Nvl_L3_NS,NONE,0.007,0.0
2440,32Nvl_L1_NS,32NVL_NS,0.014,0.014
2440,32Nvl_L1_EW,32NVL_EW,0.007,0.007
2440,32Nvl_L2_EW,32NVL_EW,0.008,0.008
2440,32Nvl_L1_EW,32NVL_EW,0.007,0.007
2440,32Nvl_L2_EW,32NVL_EW,0.007,0.007
2440,32Nvl_L3_NS,NONE,0.008,0.0
2440,32Nvl_L2_NS,32NVL_NS,0.008,0.008
2440,32Mt_L1_EW,NONE,0.007,0.0
2440,NvcMt_L1_EW,NVCMT_EW,0.006,0.006
2440,NvcMt_L1_NS,NVCMT_NS,0.007,0.007
2440,304Nvl_L3_EW,NONE,0.006,0.0
2440,32Nvl_L2_NS,32NVL_NS,0.007,0.007
2440,32Nvl_L3_EW,NONE,0.006,0.0
2440,32Nvl_L1_NS,32NVL_NS,0.007,0.007
2440,NvcMt_L2_EW,NVCMT_EW,0.008,0.008
2440,NvcMt_L2_NS,NVCMT_NS,0.005,0.005
2445,304Nvl_L1_NS,NONE,0.007,0.0
2445,32Nvl_L1_NS,32NVL_NS,0.014,0.014
2445,32Nvl_L3_NS,NONE,0.008,0.0
2445,32Nvl_L2_NS,32NVL_NS,0.008,0.008
2445,32Mt_L1_EW,NONE,0.014,0.0
2445,32Mt_L3_EW,NONE,0.009,0.0
2445,32Mt_L1_EW,32MT_EW,0.007,0.007
2445,NvcMt_L1_NS,NVCMT_NS,0.007,0.007
2445,32Nvl_L2_NS,32NVL_NS,0.007,0.007
2445,32Nvl_L1_NS,32NVL_NS,0.007,0.007
2445,32Mt_L2_EW,NONE,0.008,0.0
2445,32Mt_L2_EW,32MT_EW,0.005,0.005
2445,NvcMt_L2_NS,NVCMT_NS,0.005,0.005
2450,32Nvl_L3_NS,NONE,0.02,0.0
2450,32Nvl_L1_NS,32NVL_NS,0.035,0.035
2450,32Nvl_L1_EW,32NVL_EW,0.007,0.007
2450,32Nvl_L2_EW,32NVL_EW,0.008,0.008
2450,32Nvl_L3_NS,NONE,0.017,0.0
2450,32Nvl_L2_NS,32NVL_NS,0.016,0.016
2450,NvcMt_L1_NS,NVCMT_NS,0.007,0.007
2450,32Nvl_L2_NS,32NVL_NS,0.027,0.027
2450,32Nvl_L3_EW,NONE,0.006,0.0
2450,32Nvl_L1_NS,32NVL_NS,0.02,0.02
2450,NvcMt_L2_NS,NVCMT_NS,0.005,0.005
2455,32Nvl_L3_NS,NONE,0.027,0.0
2455,32Nvl_L1_NS,32NVL_NS,0.042,0.042
2455,32Nvl_L1_EW,32NVL_EW,0.007,-0.003
2455,32Nvl_L2_EW,32NVL_EW,0.008,0.0
2455,32Nvl_L3_NS,NONE,0.025,0.0
2455,32Nvl_L2_NS,32NVL_NS,0.024,0.024
2455,32Mt_L1_NS,32MT_NS,0.006,0.001
2455,32Mt_L1_EW,32MT_EW,0.014,0.009
2455,32Mt_L1_NS,NONE,0.01,0.0
2455,NvcMt_L1_NS,NVCMT_NS,0.007,0.002
2455,32Nvl_L2_NS,32NVL_NS,0.04,0.04
2455,32Nvl_L3_EW,NONE,0.006,0.0
2455,32Nvl_L1_NS,32NVL_NS,0.027,0.027
2455,32Mt_L2_EW,32MT_EW,0.011,0.005
2455,32Mt_L2_NS,NONE,0.009,0.0
2455,NvcMt_L2_NS,NVCMT_NS,0.005,0.005
2460,32Nvl_L3_NS,NONE,0.027,0.0
2460,32Nvl_L1_NS,32NVL_NS,0.042,0.042
2460,32Nvl_L3_NS,NONE,0.033,0.0
2460,32Nvl_L2_NS,32NVL_NS,0.032,0.032
2460,NvcNvl_L1_EW,NONE,0.011,0.0
2460,NvcNvl_L2_EW,NONE,0.008,0.0
2460,32Mt_L1_NS,32MT_NS,0.006,0.001
2460,32Mt_L1_EW,NONE,0.007,0.0
2460,NvcMt_L2_NS,NONE,0.005,0.0
2460,NvcMt_L1_NS,NVCMT_NS,0.007,0.002
2460,32Nvl_L2_NS,32NVL_NS,0.04,0.04
2460,32Nvl_L1_NS,32NVL_NS,0.027,0.027
2460,NvcNvl_L3_EW,NONE,0.006,0.0
2460,NvcMt_L1_NS,NONE,0.005,0.0
2460,NvcMt_L2_NS,NVCMT_NS,0.005,0.005
2465,304Nvl_L1_EW,304NVL_EW,0.102,0.102
2465,304Nvl_L2_EW,304NVL_EW,0.087,0.087
2465,32Nvl_L3_NS,NONE,0.02,0.0
2465,32Nvl_L1_NS,32NVL_NS,0.042,0.042
2465,32Nvl_L3_NS,NONE,0.05,0.0
2465,32Nvl_L2_NS,32NVL_NS,0.047,0.047
2465,NvcNvl_L3_NS,NONE,0.007,0.0
2465,NvcNvl_L2_NS,NONE,0.007,0.0
2465,32Mt_L1_NS,32MT_NS,0.013,0.008
2465,32Mt_L1_NS,NONE,0.059,0.0
2465,NvcMt_L1_NS,NVCMT_NS,0.007,-0.002
2465,NvcCmt8_L2_NS,NONE,0.011,0.0
2465,NvcCmt8_L1_NS,NONE,0.008,0.0
2465,304Nvl_L3_EW,NONE,0.076,0.0
2465,32Nvl_L2_NS,32NVL_NS,0.04,0.04
2465,32Nvl_L1_NS,32NVL_NS,0.047,0.047
2465,NvcNvl_L1_NS,NONE,0.009,0.0
2465,32Mt_L2_NS,NONE,0.052,0.0
2465,NvcMt_L1_EW,NVCMT_EW,0.006,0.006
2465,NvcMt_L2_NS,NVCMT_NS,0.005,0.005
2470,304Nvl_L1_NS,304NVL_NS,0.009,-0.025
2470,304Nvl_L3_NS,NONE,0.007,0.0
2470,304Nvl_L1_EW,304NVL_EW,0.11,0.11
2470,304Nvl_L2_EW,304NVL_EW,0.094,0.094
2470,32Nvl_L3_NS,NONE,0.02,0.0
2470,32Nvl_L1_NS,32NVL_NS,0.048,0.042
2470,32Nvl_L1_EW,32NVL_EW,0.007,0.007
2470,32Nvl_L3_NS,NONE,0.05,0.0
2470,32Nvl_L2_NS,32NVL_NS,0.047,0.042
2470,NvcNvl_L1_EW,NONE,0.021,0.0
2470,NvcNvl_L2_EW,NONE,0.015,0.0
2470,32Mt_L1_NS,32MT_NS,0.006,0.006
2470,32Mt_L1_NS,NONE,0.02,0.0
2470,NvcMt_L1_EW,NVCMT_EW,0.006,0.006
2470,304Nvl_L2_NS,304NVL_NS,0.008,-0.026
2470,304Nvl_L3_EW,NONE,0.082,0.0
2470,32Nvl_L2_NS,32NVL_NS,0.047,0.041
2470,32Nvl_L1_NS,32NVL_NS,0.054,0.047
2470,32Mt_L2_NS,NONE,0.017,0.0
2470,NvcMt_L2_EW,NVCMT_EW,0.008,0.008
2475,304Nvl_L1_EW,304NVL_EW,0.119,0.119
2475,304Nvl_L2_EW,304NVL_EW,0.094,0.094
2475,32Nvl_L3_NS,NONE,0.007,0.0
2475,32Nvl_L1_NS,32NVL_NS,0.021,0.021
2475,32Nvl_L1_EW,32NVL_EW,0.047,0.041
2475,32Nvl_L2_EW,32NVL_EW,0.045,0.039
2475,32Nvl_L3_NS,NONE,0.017,0.0
2475,32Nvl_L2_NS,32NVL_NS,0.016,0.016
2475,32Mt_L1_NS,32MT_NS,0.044,0.044
2475,32Mt_L1_NS,NONE,0.01,0.0
2475,NvcMt_L1_EW,NVCMT_EW,0.006,0.006
2475,32Thn_L1_EW,32THN_EW,0.008,0.008
2475,32Thn_L2_EW,32THN_EW,0.008,0.008
2475,32Thn_L3_EW,NONE,0.008,0.0
2475,304Nvl_L3_EW,NONE,0.082,0.0
2475,32Nvl_L2_NS,32NVL_NS,0.02,0.02
2475,32Nvl_L3_EW,NONE,0.037,0.0
2475,32Nvl_L1_NS,32NVL_NS,0.013,0.013
2475,32Mt_L2_NS,NONE,0.009,0.0
2475,NvcMt_L2_EW,NVCMT_EW,0.008,0.008
2480,304Nvl_L1_EW,304NVL_EW,0.119,0.119
2480,304Nvl_L2_EW,304NVL_EW,0.094,0.094
2480,304Nvl_L1_NS,NONE,0.007,0.0
2480,304Nvl_L3_NS,NONE,0.008,0.0
2480,32Nvl_L1_EW,32NVL_EW,0.007,-0.003
2480,32Nvl_L2_EW,32NVL_EW,0.008,0.002
2480,32Nvl_L1_EW,32NVL_EW,0.047,0.037
2480,32Nvl_L2_EW,32NVL_EW,0.045,0.039
2480,NvcNvl_L3_NS,NONE,0.041,0.0
2480,NvcNvl_L2_NS,NONE,0.04,0.0
2480,NvcNvl_L1_EW,NVCNVL_EW,0.007,0.007
2480,NvcNvl_L2_EW,NVCNVL_EW,0.008,0.008
2480,32Mt_L1_NS,32MT_NS,0.006,0.006
2480,32Mt_L1_EW,NONE,0.007,0.0
2480,32Mt_L3_EW,NONE,0.009,0.0
2480,32Mt_L1_EW,32MT_EW,0.007,0.002
2480,NvcMt_L2_NS,NONE,0.005,0.0
2480,32Thn_L1_EW,32THN_EW,0.008,0.003
2480,32Thn_L2_EW,32THN_EW,0.008,0.003
2480,32Thn_L3_EW,NONE,0.008,0.0
2480,304Nvl_L3_EW,NONE,0.082,0.0
2480,304Nvl_L2_NS,NONE,0.007,0.0
2480,32Nvl_L3_EW,NONE,0.037,0.0
2480,32Nvl_L3_EW,NONE,0.006,0.0
2480,32Nvl_L1_NS,32NVL_NS,0.007,0.007
2480,NvcNvl_L1_NS,NONE,0.052,0.0
2480,NvcNvl_L3_EW,NONE,0.009,0.0
2480,32Mt_L2_EW,NONE,0.008,0.0
2480,NvcMt_L1_NS,NONE,0.005,0.0
2480,NvcCmt8_L1_NS,NONE,0.011,0.0
2485,304Nvl_L1_EW,304NVL_EW,0.11,0.11
2485,304Nvl_L2_EW,304NVL_EW,0.094,0.094
2485,32Nvl_L1_EW,32NVL_EW,0.007,-0.008
2485,32Nvl_L2_EW,32NVL_EW,0.008,-0.002
2485,32Nvl_L1_EW,32NVL_EW,0.047,0.032
2485,32Nvl_L2_EW,32NVL_EW,0.045,0.035
2485,32Nvl_L3_NS,NONE,0.008,0.0
2485,32Nvl_L2_NS,32NVL_NS,0.008,0.008
2485,NvcNvl_L3_NS,NONE,0.007,0.0
2485,NvcNvl_L2_NS,NONE,0.007,0.0
2485,NvcNvl_L1_EW,NVCNVL_EW,0.007,0.007
2485,NvcNvl_L2_EW,NVCNVL_EW,0.008,0.008
2485,32Mt_L1_EW,NONE,0.007,0.0
2485,32Mt_L3_EW,NONE,0.009,0.0
2485,32Mt_L1_EW,32MT_EW,0.014,0.009
2485,32Mt_L1_NS,NONE,0.059,0.0
2485,NvcMt_L2_NS,NONE,0.005,0.0
2485,32Thn_L1_EW,32THN_EW,0.008,0.003
2485,32Thn_L2_EW,32THN_EW,0.008,0.003
2485,32Thn_L3_EW,NONE,0.008,0.0
2485,304Nvl_L3_EW,NONE,0.006,0.0
2485,32Nvl_L3_EW,NONE,0.037,0.0
2485,32Nvl_L3_EW,NONE,0.006,0.0
2485,32Nvl_L1_NS,32NVL_NS,0.013,0.013
2485,NvcNvl_L1_NS,NONE,0.009,0.0
2485,NvcNvl_L3_EW,NONE,0.009,0.0
2485,32Mt_L2_EW,NONE,0.008,0.0
2485,32Mt_L2_EW,32MT_EW,0.005,0.0
2485,32Mt_L2_NS,NONE,0.043,0.0
2485,NvcMt_L1_NS,NONE,0.005,0.0
2490,304Nvl_L1_NS,304NVL_NS,0.009,0.009
2490,304Nvl_L1_EW,304NVL_EW,0.051,0.051
2490,304Nvl_L2_EW,304NVL_EW,0.044,0.044
2490,32Nvl_L1_EW,32NVL_EW,0.007,0.002
2490,32Nvl_L2_EW,32NVL_EW,0.008,0.004
2490,32Nvl_L1_EW,32NVL_EW,0.04,0.035
2490,32Nvl_L2_EW,32NVL_EW,0.045,0.041
2490,NvcNvl_L3_NS,NONE,0.007,0.0
2490,NvcNvl_L2_NS,NONE,0.007,0.0
2490,NvcNvl_L1_EW,NONE,0.011,0.0
2490,NvcNvl_L2_EW,NONE,0.008,0.0
2490,NvcNvl_L1_EW,NVCNVL_EW,0.007,0.007
2490,NvcNvl_L2_EW,NVCNVL_EW,0.008,0.008
2490,32Mt_L1_EW,NONE,0.007,0.0
2490,32Mt_L3_EW,NONE,0.009,0.0
2490,32Mt_L1_EW,32MT_EW,0.007,0.002
2490,NvcMt_L2_NS,NONE,0.005,0.0
2490,304Nvl_L3_EW,NONE,0.038,0.0
2490,32Nvl_L3_EW,NONE,0.037,0.0
2490,32Nvl_L3_EW,NONE,0.006,0.0
2490,32Nvl_L1_NS,32NVL_NS,0.02,0.014
2490,NvcNvl_L1_NS,NONE,0.009,0.0
2490,NvcNvl_L3_EW,NONE,0.006,0.0
2490,NvcNvl_L3_EW,NONE,0.009,0.0
2490,32Mt_L2_EW,NONE,0.008,0.0
2490,32Mt_L2_EW,32MT_EW,0.005,0.0
2490,NvcMt_L1_NS,NONE,0.005,0.0
2495,304Nvl_L1_NS,304NVL_NS,0.009,0.009
2495,304Nvl_L1_EW,304NVL_EW,0.017,0.017
2495,304Nvl_L2_EW,304NVL_EW,0.015,0.015
2495,32Nvl_L1_EW,32NVL_EW,0.007,0.007
2495,32Nvl_L2_EW,32NVL_EW,0.008,0.008
2495,32Nvl_L1_EW,32NVL_EW,0.04,0.04
2495,32Nvl_L2_EW,32NVL_EW,0.045,0.045
2495,NvcNvl_L1_EW,NONE,0.011,0.0
2495,NvcNvl_L2_EW,NONE,0.008,0.0
2495,NvcNvl_L1_EW,NVCNVL_EW,0.049,0.049
2495,NvcNvl_L2_EW,NVCNVL_EW,0.047,0.047
2495,32Mt_L1_NS,32MT_NS,0.031,0.031
2495,32Mt_L1_EW,NONE,0.007,0.0
2495,32Mt_L3_EW,NONE,0.009,0.0
2495,32Mt_L1_NS,NONE,0.01,0.0
2495,32Thn_L1_EW,NONE,0.01,0.0
2495,304Nvl_L3_EW,NONE,0.013,0.0
2495,32Nvl_L3_EW,NONE,0.037,0.0
2495,32Nvl_L3_EW,NONE,0.006,0.0
2495,32Nvl_L1_NS,32NVL_NS,0.027,0.021
2495,NvcNvl_L3_EW,NONE,0.056,0.0
2495,32Mt_L2_EW,NONE,0.008,0.0
2500,304Nvl_L1_NS,304NVL_NS,0.009,0.009
2500,304Nvl_L1_NS,NONE,0.088,0.0
2500,32Nvl_L1_EW,32NVL_EW,0.007,0.002
2500,32Nvl_L2_EW,32NVL_EW,0.008,0.004
2500,32Nvl_L1_EW,32NVL_EW,0.04,0.035
2500,32Nvl_L2_EW,32NVL_EW,0.045,0.041
2500,32Nvl_L3_NS,NONE,0.008,0.0
2500,32Nvl_L2_NS,32NVL_NS,0.008,0.008
2500,NvcNvl_L1_EW,NVCNVL_EW,0.056,0.056
2500,NvcNvl_L2_EW,NVCNVL_EW,0.047,0.047
2500,32Mt_L1_NS,32MT_NS,0.031,0.031
2500,32Mt_L1_EW,NONE,0.036,0.0
2500,32Mt_L3_EW,NONE,0.044,0.0
2500,32Mt_L1_EW,32MT_EW,0.007,0.002
2500,32Thn_L1_EW,NONE,0.01,0.0
2500,32Nvl_L3_EW,NONE,0.037,0.0
2500,32Nvl_L3_EW,NONE,0.006,0.0
2500,32Nvl_L1_NS,32NVL_NS,0.02,0.014
2500,NvcNvl_L3_EW,NONE,0.056,0.0
2500,32Mt_L2_EW,NONE,0.038,0.0
2500,32Mt_L2_EW,32MT_EW,0.005,0.0
2505,304Nvl_L1_NS,304NVL_NS,0.045,0.045
2505,304Nvl_L1_NS,NONE,0.102,0.0
2505,32Nvl_L1_EW,32NVL_EW,0.007,0.007
2505,32Nvl_L2_EW,32NVL_EW,0.008,0.008
2505,32Nvl_L1_EW,32NVL_EW,0.04,0.04
2505,32Nvl_L2_EW,32NVL_EW,0.045,0.045
2505,32Nvl_L3_NS,NONE,0.008,0.0
2505,32Nvl_L2_NS,32NVL_NS,0.008,0.008
2505,NvcNvl_L1_EW,NVCNVL_EW,0.056,0.052
2505,NvcNvl_L2_EW,NVCNVL_EW,0.047,0.047
2505,32Mt_L1_NS,32MT_NS,0.038,0.038
2505,32Mt_L1_EW,NONE,0.043,0.0
2505,32Mt_L3_EW,NONE,0.053,0.0
2505,NvcMt_L1_EW,NVCMT_EW,0.006,-0.033
2505,32Nvl_L3_EW,NONE,0.037,0.0
2505,32Nvl_L3_EW,NONE,0.006,0.0
2505,32Nvl_L1_NS,32NVL_NS,0.013,-0.018
2505,NvcNvl_L3_EW,NONE,0.056,0.0
2505,32Mt_L2_NS,32MT_NS,0.006,0.006
2505,32Mt_L2_EW,NONE,0.045,0.0
2505,NvcMt_L2_EW,NVCMT_EW,0.008,-0.025
2510,304Nvl_L1_NS,304NVL_NS,0.045,0.045
2510,304Nvl_L1_EW,304NVL_EW,0.119,0.119
2510,304Nvl_L2_EW,304NVL_EW,0.102,0.102
2510,304Nvl_L1_NS,NONE,0.007,0.0
2510,32Nvl_L1_EW,32NVL_EW,0.007,0.007
2510,32Nvl_L2_EW,32NVL_EW,0.008,0.008
2510,32Nvl_L1_EW,32NVL_EW,0.04,0.04
2510,32Nvl_L2_EW,32NVL_EW,0.045,0.045
2510,32Nvl_L3_NS,NONE,0.008,0.0
2510,32Nvl_L2_NS,32NVL_NS,0.008,0.008
2510,NvcNvl_L1_EW,NVCNVL_EW,0.049,0.049
2510,NvcNvl_L2_EW,NVCNVL_EW,0.047,0.047
2510,32Mt_L1_NS,32MT_NS,0.038,0.038
2510,32Mt_L1_EW,NONE,0.036,0.0
2510,NvcMt_L2_NS,NONE,0.005,0.0
2510,304Nvl_L3_EW,NONE,0.089,0.0
2510,32Nvl_L3_EW,NONE,0.037,0.0
2510,32Nvl_L3_EW,NONE,0.006,0.0
2510,32Nvl_L1_NS,32NVL_NS,0.007,-0.025
2510,NvcNvl_L3_EW,NONE,0.056,0.0
2510,32Mt_L2_NS,32MT_NS,0.006,0.006
2510,NvcMt_L1_NS,NONE,0.005,0.0
2515,304Nvl_L1_NS,304NVL_NS,0.045,0.04
2515,304Nvl_L1_EW,304NVL_EW,0.025,0.025
2515,304Nvl_L2_EW,304NVL_EW,0.022,0.022
2515,32Nvl_L1_NS,32NVL_NS,0.007,-0.025
2515,32Nvl_L1_EW,32NVL_EW,0.007,0.002
2515,32Nvl_L2_EW,32NVL_EW,0.008,0.008
2515,32Nvl_L1_EW,32NVL_EW,0.04,0.035
2515,32Nvl_L2_EW,32NVL_EW,0.045,0.045
2515,32Nvl_L3_NS,NONE,0.042,0.0
2515,32Nvl_L2_NS,32NVL_NS,0.039,0.039
2515,NvcNvl_L1_EW,NVCNVL_EW,0.042,0.042
2515,NvcNvl_L2_EW,NVCNVL_EW,0.047,0.047
2515,32Mt_L1_NS,32MT_NS,0.038,0.038
2515,32Mt_L1_EW,32MT_EW,0.007,0.002
2515,NvcMt_L2_NS,NONE,0.005,0.0
2515,304Nvl_L3_EW,NONE,0.013,0.0
2515,32Nvl_L3_EW,NONE,0.037,0.0
2515,32Nvl_L3_EW,NONE,0.006,0.0
2515,32Nvl_L1_NS,32NVL_NS,0.034,0.002
2515,NvcNvl_L3_EW,NONE,0.056,0.0
2515,32Mt_L2_NS,32MT_NS,0.006,0.006
2515,NvcMt_L1_NS,NONE,0.005,0.0
2520,304Nvl_L1_EW,304NVL_EW,0.008,0.008
2520,304Nvl_L2_EW,304NVL_EW,0.007,0.007
2520,32Nvl_L1_EW,32NVL_EW,0.007,0.002
2520,32Nvl_L2_EW,32NVL_EW,0.008,0.004
2520,32Nvl_L1_EW,32NVL_EW,0.04,0.035
2520,32Nvl_L2_EW,32NVL_EW,0.045,0.041
2520,NvcNvl_L3_NS,NONE,0.007,0.0
2520,NvcNvl_L2_NS,NONE,0.007,0.0
2520,NvcNvl_L1_EW,NONE,0.011,0.0
2520,NvcNvl_L2_EW,NONE,0.008,0.0
2520,NvcNvl_L1_EW,NVCNVL_EW,0.042,0.042
2520,NvcNvl_L2_EW,NVCNVL_EW,0.047,0.047
2520,32Mt_L1_EW,32MT_EW,0.007,0.002
2520,32Mt_L1_NS,NONE,0.059,0.0
2520,304Nvl_L3_EW,NONE,0.006,0.0
2520,32Nvl_L3_EW,NONE,0.037,0.0
2520,32Nvl_L3_EW,NONE,0.006,0.0
2520,NvcNvl_L1_NS,NONE,0.009,0.0
2520,NvcNvl_L3_EW,NONE,0.006,0.0
2520,NvcNvl_L3_EW,NONE,0.056,0.0
2520,32Mt_L2_EW,32MT_EW,0.005,0.0
2520,32Mt_L2_NS,NONE,0.009,0.0
2525,304Nvl_L1_EW,304NVL_EW,0.11,0.11
2525,32Nvl_L1_NS,32NVL_NS,0.035,0.035
2525,32Nvl_L1_EW,32NVL_EW,0.007,0.007
2525,32Nvl_L2_EW,32NVL_EW,0.008,0.008
2525,32Nvl_L1_EW,32NVL_EW,0.04,0.04
2525,32Nvl_L2_EW,32NVL_EW,0.045,0.045
2525,32Mt_L1_EW,NONE,0.007,0.0
2525,NvcMt_L1_EW,NVCMT_EW,0.006,0.006
2525,32Nvl_L3_EW,NONE,0.037,0.0
2525,32Nvl_L3_EW,NONE,0.006,0.0
2525,NvcMt_L2_EW,NVCMT_EW,0.008,0.008
2530,304Nvl_L1_EW,304NVL_EW,0.017,0.017
2530,32Nvl_L3_NS,NONE,0.007,0.0
2530,32Nvl_L1_NS,32NVL_NS,0.007,0.007
2530,32Nvl_L1_EW,32NVL_EW,0.007,0.002
2530,32Nvl_L2_EW,32NVL_EW,0.008,0.004
2530,32Nvl_L1_EW,32NVL_EW,0.04,0.035
2530,32Nvl_L2_EW,32NVL_EW,0.045,0.041
2530,32Nvl_L3_NS,NONE,0.008,0.0
2530,32Nvl_L2_NS,32NVL_NS,0.008,0.008
2530,NvcNvl_L3_NS,NONE,0.007,0.0
2530,NvcNvl_L2_NS,NONE,0.007,0.0
2530,NvcNvl_L1_EW,NVCNVL_EW,0.007,0.007
2530,32Mt_L1_EW,NONE,0.007,0.0
2530,32Mt_L1_EW,32MT_EW,0.007,0.002
2530,32Mt_L1_NS,NONE,0.01,0.0
2530,32Nvl_L2_NS,32NVL_NS,0.007,0.007
2530,32Nvl_L3_EW,NONE,0.037,0.0
2530,32Nvl_L3_EW,NONE,0.006,0.0
2530,32Nvl_L1_NS,32NVL_NS,0.007,0.007
2530,NvcNvl_L1_NS,NONE,0.009,0.0
2530,32Mt_L2_EW,32MT_EW,0.005,0.0
2530,32Mt_L2_NS,NONE,0.009,0.0
2530,NvcMt_L2_EW,NVCMT_EW,0.008,0.008
2535,32Nvl_L1_EW,32NVL_EW,0.007,0.007
2535,32Nvl_L2_EW,32NVL_EW,0.008,0.008
2535,32Nvl_L1_EW,32NVL_EW,0.04,0.04
2535,32Nvl_L2_EW,32NVL_EW,0.045,0.045
2535,32Mt_L1_NS,32MT_NS,0.006,0.006
2535,32Thn_L1_EW,NONE,0.01,0.0
2535,32Thn_L2_EW,NONE,0.01,0.0
2535,32Thn_L3_EW,NONE,0.007,0.0
2535,32Nvl_L3_EW,NONE,0.037,0.0
2535,32Nvl_L3_EW,NONE,0.006,0.0
2540,304Nvl_L1_NS,NONE,0.007,0.0
2540,304Nvl_L3_NS,NONE,0.008,0.0
2540,32Nvl_L3_NS,NONE,0.089,0.0
2540,32Nvl_L1_NS,32NVL_NS,0.097,0.097
2540,32Nvl_L1_EW,32NVL_EW,0.007,0.007
2540,32Nvl_L2_EW,32NVL_EW,0.008,0.008
2540,32Nvl_L1_EW,32NVL_EW,0.04,0.04
2540,32Nvl_L2_EW,32NVL_EW,0.045,0.045
2540,NvcNvl_L1_EW,NVCNVL_EW,0.007,0.007
2540,32Mt_L1_NS,NONE,0.01,0.0
2540,304Nvl_L2_NS,NONE,0.007,0.0
2540,32Nvl_L2_NS,32NVL_NS,0.087,0.087
2540,32Nvl_L3_EW,NONE,0.037,0.0
2540,32Nvl_L3_EW,NONE,0.006,0.0
2540,32Mt_L2_NS,NONE,0.009,0.0
2545,304Nvl_L1_EW,304NVL_EW,0.11,0.11
2545,304Nvl_L2_EW,304NVL_EW,0.094,0.094
2545,304Nvl_L1_NS,NONE,0.007,0.0
2545,304Nvl_L3_NS,NONE,0.008,0.0
2545,32Nvl_L3_NS,NONE,0.014,0.0
2545,32Nvl_L1_NS,32NVL_NS,0.097,0.097
2545,32Nvl_L1_EW,32NVL_EW,0.007,0.001
2545,32Nvl_L2_EW,32NVL_EW,0.008,0.002
2545,32Nvl_L1_EW,32NVL_EW,0.04,0.035
2545,32Nvl_L2_EW,32NVL_EW,0.045,0.039
2545,NvcNvl_L3_NS,NONE,0.007,0.0
2545,NvcNvl_L2_NS,NONE,0.013,0.0
2545,NvcNvl_L1_EW,NONE,0.011,0.0
2545,NvcNvl_L2_EW,NONE,0.008,0.0
2545,32Mt_L1_EW,NONE,0.007,0.0
2545,32Thn_L1_EW,32THN_EW,0.008,0.003
2545,32Thn_L2_EW,32THN_EW,0.008,0.003
2545,32Thn_L3_EW,NONE,0.008,0.0
2545,304Nvl_L3_EW,NONE,0.076,0.0
2545,304Nvl_L2_NS,NONE,0.007,0.0
2545,32Nvl_L2_NS,32NVL_NS,0.093,0.093
2545,32Nvl_L3_EW,NONE,0.037,0.0
2545,32Nvl_L3_EW,NONE,0.006,0.0
2545,NvcNvl_L1_NS,NONE,0.017,0.0
2545,NvcNvl_L3_EW,NONE,0.006,0.0
2550,304Nvl_L1_EW,304NVL_EW,0.127,0.127
2550,304Nvl_L2_EW,304NVL_EW,0.109,0.109
2550,304Nvl_L1_NS,NONE,0.036,0.0
2550,304Nvl_L3_NS,NONE,0.04,0.0
2550,32Nvl_L1_NS,32NVL_NS,0.007,0.007
2550,32Nvl_L1_EW,32NVL_EW,0.007,0.001
2550,32Nvl_L2_EW,32NVL_EW,0.008,0.002
2550,32Nvl_L1_EW,32NVL_EW,0.04,0.035
2550,32Nvl_L2_EW,32NVL_EW,0.045,0.039
2550,NvcNvl_L2_NS,NONE,0.007,0.0
2550,32Thn_L1_EW,NONE,0.019,0.0
2550,32Thn_L2_EW,NONE,0.01,0.0
2550,32Thn_L1_EW,32THN_EW,0.008,0.003
2550,32Thn_L2_EW,32THN_EW,0.008,0.003
2550,32Thn_L3_EW,NONE,0.007,0.0
2550,32Thn_L3_EW,NONE,0.008,0.0
2550,304Nvl_L3_EW,NONE,0.095,0.0
2550,304Nvl_L2_NS,NONE,0.037,0.0
2550,32Nvl_L2_NS,32NVL_NS,0.007,0.007
2550,32Nvl_L3_EW,NONE,0.037,0.0
2550,32Nvl_L3_EW,NONE,0.006,0.0
2550,32Nvl_L1_NS,32NVL_NS,0.007,0.007
2550,NvcNvl_L1_NS,NONE,0.009,0.0
2555,304Nvl_L1_EW,304NVL_EW,0.017,0.017
2555,304Nvl_L2_EW,304NVL_EW,0.007,0.007
2555,32Nvl_L1_EW,32NVL_EW,0.021,0.016
2555,32Nvl_L2_EW,32NVL_EW,0.023,0.023
2555,32Nvl_L1_EW,32NVL_EW,0.04,0.035
2555,32Nvl_L2_EW,32NVL_EW,0.045,0.045
2555,NvcNvl_L1_EW,NONE,0.011,0.0
2555,NvcNvl_L2_EW,NONE,0.008,0.0
2555,32Thn_L1_EW,NONE,0.01,0.0
2555,32Thn_L1_EW,32THN_EW,0.008,-0.007
2555,304Nvl_L3_EW,NONE,0.006,0.0
2555,32Nvl_L3_EW,NONE,0.037,0.0
2555,32Nvl_L3_EW,NONE,0.019,0.0
2555,32Nvl_L1_NS,32NVL_NS,0.081,0.081
2560,304Nvl_L1_NS,NONE,0.095,0.0
2560,32Nvl_L1_EW,32NVL_EW,0.028,0.023
2560,32Nvl_L2_EW,32NVL_EW,0.031,0.031
2560,32Nvl_L1_EW,32NVL_EW,0.04,0.035
2560,32Nvl_L2_EW,32NVL_EW,0.045,0.045
2560,32Mt_L1_EW,NONE,0.007,0.0
2560,32Thn_L1_EW,32THN_EW,0.008,-0.012
2560,32Nvl_L3_EW,NONE,0.037,0.0
2560,32Nvl_L3_EW,NONE,0.025,0.0
2560,32Nvl_L1_NS,32NVL_NS,0.087,0.087
2565,304Nvl_L1_NS,NONE,0.015,0.0
2565,32Nvl_L1_EW,32NVL_EW,0.021,0.021
2565,32Nvl_L2_EW,32NVL_EW,0.023,0.023
2565,32Nvl_L1_EW,32NVL_EW,0.047,0.047
2565,32Nvl_L2_EW,32NVL_EW,0.052,0.052
2565,32Nvl_L3_NS,NONE,0.008,0.0
2565,32Nvl_L2_NS,32NVL_NS,0.008,0.008
2565,32Mt_L1_NS,NONE,0.01,0.0
2565,32Nvl_L3_EW,NONE,0.043,0.0
2565,32Nvl_L3_EW,NONE,0.019,0.0
2565,32Nvl_L1_NS,32NVL_NS,0.013,0.013
2570,304Nvl_L1_EW,304NVL_EW,0.042,0.042
2570,304Nvl_L2_EW,304NVL_EW,0.036,0.036
2570,32Nvl_L1_EW,32NVL_EW,0.014,0.014
2570,32Nvl_L2_EW,32NVL_EW,0.015,0.015
2570,32Nvl_L1_EW,32NVL_EW,0.047,0.047
2570,32Nvl_L2_EW,32NVL_EW,0.052,0.052
2570,304Nvl_L3_EW,NONE,0.032,0.0
2570,32Nvl_L3_EW,NONE,0.043,0.0
2570,32Nvl_L3_EW,NONE,0.013,0.0
2570,32Nvl_L1_NS,32NVL_NS,0.007,0.007
2575,304Nvl_L1_EW,304NVL_EW,0.008,0.008
2575,304Nvl_L2_EW,304NVL_EW,0.007,0.007
2575,32Nvl_L1_EW,32NVL_EW,0.007,0.007
2575,32Nvl_L2_EW,32NVL_EW,0.008,0.008
2575,32Nvl_L1_EW,32NVL_EW,0.007,0.007
2575,32Nvl_L2_EW,32NVL_EW,0.007,0.007
2575,NvcNvl_L3_NS,NONE,0.014,0.0
2575,NvcNvl_L2_NS,NONE,0.013,0.0
2575,32Mt_L1_EW,NONE,0.007,0.0
2575,32Mt_L3_EW,NONE,0.009,0.0
2575,NvcMt_L1_EW,NVCMT_EW,0.006,0.006
2575,304Nvl_L3_EW,NONE,0.006,0.0
2575,32Nvl_L3_EW,NONE,0.006,0.0
2575,32Nvl_L3_EW,NONE,0.006,0.0
2575,NvcNvl_L1_NS,NONE,0.017,0.0
2575,32Mt_L2_EW,NONE,0.008,0.0
2575,NvcMt_L2_EW,NVCMT_EW,0.008,0.008
2580,304Nvl_L1_EW,304NVL_EW,0.008,0.008
2580,304Nvl_L2_EW,304NVL_EW,0.007,0.007
2580,304Nvl_L1_NS,NONE,0.036,0.0
2580,32Nvl_L1_EW,32NVL_EW,0.007,0.007
2580,NvcNvl_L2_NS,NONE,0.007,0.0
2580,32Mt_L1_NS,32MT_NS,0.006,0.006
2580,NvcMt_L1_EW,NVCMT_EW,0.006,0.006
2580,304Nvl_L3_EW,NONE,0.006,0.0
2580,32Nvl_L1_NS,32NVL_NS,0.007,0.007
2580,NvcNvl_L1_NS,NONE,0.009,0.0
2580,NvcMt_L2_EW,NVCMT_EW,0.008,0.008
2585,304Thn_L1_EW,304THN_EW,0.008,0.002
2585,304Thn_L3_EW,NONE,0.008,0.0
2585,304Nvl_L1_EW,304NVL_EW,0.008,0.003
2585,304Nvl_L2_EW,304NVL_EW,0.007,0.002
2585,304Nvl_L1_NS,NONE,0.007,0.0
2585,32Mt_L1_NS,32MT_NS,0.006,0.006
2585,NvcMt_L1_EW,NVCMT_EW,0.006,0.006
2585,304Nvl_L3_EW,NONE,0.006,0.0
2585,32Nvl_L1_NS,32NVL_NS,0.04,0.04
2585,NvcMt_L2_EW,NVCMT_EW,0.008,0.008
2585,304Thn_L2_EW,304THN_EW,0.007,0.002
2590,304Thn_L1_EW,304THN_EW,0.008,-0.004
2590,304Thn_L3_EW,NONE,0.008,0.0
2590,304Nvl_L1_EW,304NVL_EW,0.017,0.011
2590,304Nvl_L2_EW,304NVL_EW,0.015,0.009
2590,32Nvl_L3_NS,NONE,0.007,0.0
2590,32Nvl_L1_NS,32NVL_NS,0.007,0.007
2590,32Nvl_L1_EW,32NVL_EW,0.007,0.002
2590,32Nvl_L2_EW,32NVL_EW,0.008,0.004
2590,32Mt_L1_EW,32MT_EW,0.007,0.002
2590,304Nvl_L3_EW,NONE,0.013,0.0
2590,32Nvl_L2_NS,32NVL_NS,0.007,0.007
2590,32Nvl_L3_EW,NONE,0.006,0.0
2590,32Nvl_L1_NS,32NVL_NS,0.04,0.04
2590,32Mt_L2_EW,32MT_EW,0.005,0.0
2590,304Thn_L2_EW,304THN_EW,0.007,-0.003
2595,304Thn_L1_EW,304THN_EW,0.008,0.002
2595,304Thn_L3_EW,NONE,0.008,0.0
2595,304Nvl_L1_EW,304NVL_EW,0.008,0.003
2595,304Nvl_L2_EW,304NVL_EW,0.007,0.002
2595,304Nvl_L1_NS,NONE,0.007,0.0
2595,304Nvl_L3_NS,NONE,0.008,0.0
2595,32Nvl_L3_NS,NONE,0.082,0.0
2595,32Nvl_L1_NS,32NVL_NS,0.09,0.09
2595,32Nvl_L1_EW,32NVL_EW,0.007,-0.003
2595,32Nvl_L2_EW,32NVL_EW,0.008,0.0
2595,NvcNvl_L3_NS,NONE,0.007,0.0
2595,NvcNvl_L2_NS,NONE,0.007,0.0
2595,32Mt_L1_EW,32MT_EW,0.014,0.009
2595,304Nvl_L3_EW,NONE,0.006,0.0
2595,304Nvl_L2_NS,NONE,0.007,0.0
2595,32Nvl_L2_NS,32NVL_NS,0.087,0.087
2595,32Nvl_L3_EW,NONE,0.006,0.0
2595,NvcNvl_L1_NS,NONE,0.009,0.0
2595,32Mt_L2_EW,32MT_EW,0.011,0.005
2595,304Thn_L2_EW,304THN_EW,0.007,0.002
2600,304Nvl_L1_EW,304NVL_EW,0.008,0.008
2600,32Nvl_L3_NS,NONE,0.007,0.0
2600,32Nvl_L1_NS,32NVL_NS,0.097,0.097
2600,32Nvl_L1_EW,32NVL_EW,0.007,-0.003
2600,32Nvl_L2_EW,32NVL_EW,0.008,0.0
2600,NvcNvl_L3_NS,NONE,0.041,0.0
2600,NvcNvl_L2_NS,NONE,0.04,0.0
2600,32Mt_L1_EW,32MT_EW,0.014,0.009
2600,NvcMt_L2_NS,NONE,0.005,0.0
2600,32Nvl_L2_NS,32NVL_NS,0.093,0.093
2600,32Nvl_L3_EW,NONE,0.006,0.0
2600,NvcNvl_L1_NS,NONE,0.052,0.0
2600,32Mt_L2_EW,32MT_EW,0.011,0.005
2600,NvcMt_L1_NS,NONE,0.005,0.0
2605,304Nvl_L1_EW,304NVL_EW,0.025,0.025
2605,304Nvl_L2_EW,304NVL_EW,0.007,0.007
2605,32Nvl_L3_NS,NONE,0.007,0.0
2605,32Nvl_L1_NS,32NVL_NS,0.042,0.042
2605,32Nvl_L1_EW,32NVL_EW,0.007,-0.003
2605,32Nvl_L2_EW,32NVL_EW,0.008,0.0
2605,32Nvl_L1_EW,32NVL_EW,0.007,-0.003
2605,32Nvl_L2_EW,32NVL_EW,0.007,0.0
2605,32Nvl_L2_NS,32NVL_NS,0.008,0.008
2605,NvcNvl_L3_NS,NONE,0.007,0.0
2605,NvcNvl_L2_NS,NONE,0.007,0.0
2605,32Mt_L1_EW,32MT_EW,0.014,0.009
2605,NvcMt_L2_NS,NONE,0.005,0.0
2605,304Nvl_L3_EW,NONE,0.006,0.0
2605,32Nvl_L2_NS,32NVL_NS,0.04,0.04
2605,32Nvl_L3_EW,NONE,0.006,0.0
2605,32Nvl_L3_EW,NONE,0.006,0.0
2605,32Nvl_L1_NS,32NVL_NS,0.007,0.007
2605,NvcNvl_L1_NS,NONE,0.009,0.0
2605,32Mt_L2_EW,32MT_EW,0.011,0.005
2605,NvcMt_L1_NS,NONE,0.005,0.0
2610,304Nvl_L1_NS,NONE,0.007,0.0
2610,32Nvl_L1_NS,32NVL_NS,0.007,0.007
2610,32Nvl_L1_EW,32NVL_EW,0.007,-0.008
2610,32Nvl_L2_EW,32NVL_EW,0.008,-0.006
2610,32Nvl_L1_EW,32NVL_EW,0.013,-0.002
2610,32Nvl_L2_EW,32NVL_EW,0.015,0.001
2610,NvcNvl_L3_NS,NONE,0.007,0.0
2610,NvcNvl_L2_NS,NONE,0.007,0.0
2610,NvcNvl_L1_EW,NONE,0.011,0.0
2610,NvcNvl_L2_EW,NONE,0.008,0.0
2610,32Mt_L1_EW,32MT_EW,0.014,0.009
2610,32Mt_L1_NS,NONE,0.02,0.0
2610,32Thn_L1_EW,32THN_EW,0.008,0.003
2610,32Thn_L2_EW,32THN_EW,0.008,0.003
2610,32Thn_L3_EW,NONE,0.008,0.0
2610,32Nvl_L2_NS,32NVL_NS,0.007,0.007
2610,32Nvl_L3_EW,NONE,0.012,0.0
2610,32Nvl_L3_EW,NONE,0.006,0.0
2610,NvcNvl_L1_NS,NONE,0.009,0.0
2610,32Mt_L2_EW,32MT_EW,0.011,0.005
2610,32Mt_L2_NS,NONE,0.017,0.0
2615,304Nvl_L1_EW,304NVL_EW,0.008,0.008
2615,304Nvl_L1_NS,NONE,0.007,0.0
2615,32Nvl_L1_EW,32NVL_EW,0.007,-0.008
2615,32Nvl_L2_EW,32NVL_EW,0.008,-0.006
2615,32Nvl_L1_EW,32NVL_EW,0.013,-0.002
2615,32Nvl_L2_EW,32NVL_EW,0.015,0.001
2615,NvcNvl_L3_NS,NONE,0.014,0.0
2615,NvcNvl_L2_NS,NONE,0.013,0.0
2615,NvcNvl_L1_EW,NONE,0.011,0.0
2615,NvcNvl_L2_EW,NONE,0.008,0.0
2615,NvcNvl_L1_EW,NVCNVL_EW,0.035,0.035
2615,32Mt_L1_EW,NONE,0.014,0.0
2615,32Mt_L3_EW,NONE,0.009,0.0
2615,32Mt_L1_EW,32MT_EW,0.014,0.009
2615,NvcMt_L2_NS,NONE,0.005,0.0
2615,32Thn_L1_EW,32THN_EW,0.008,0.003
2615,32Thn_L2_EW,32THN_EW,0.008,0.003
2615,32Thn_L3_EW,NONE,0.008,0.0
2615,32Nvl_L3_EW,NONE,0.012,0.0
2615,32Nvl_L3_EW,NONE,0.006,0.0
2615,32Nvl_L1_NS,32NVL_NS,0.04,0.04
2615,NvcNvl_L1_NS,NONE,0.017,0.0
2615,32Mt_L2_EW,NONE,0.008,0.0
2615,32Mt_L2_EW,32MT_EW,0.011,0.005
2615,NvcMt_L1_NS,NONE,0.005,0.0
2620,32Nvl_L1_EW,32NVL_EW,0.013,-0.001
2620,32Nvl_L2_EW,32NVL_EW,0.015,0.007
2620,NvcNvl_L1_EW,NONE,0.011,0.0
2620,NvcNvl_L2_EW,NONE,0.008,0.0
2620,NvcNvl_L1_EW,NVCNVL_EW,0.035,0.031
2620,32Mt_L1_EW,32MT_EW,0.021,0.021
2620,NvcMt_L1_EW,NVCMT_EW,0.006,-0.018
2620,32Thn_L1_EW,NONE,0.01,0.0
2620,32Nvl_L3_EW,NONE,0.012,0.0
2620,NvcNvl_L3_EW,NONE,0.006,0.0
2620,32Mt_L2_EW,32MT_EW,0.011,0.011
2620,NvcMt_L2_EW,NVCMT_EW,0.008,0.008
2625,304Nvl_L1_EW,304NVL_EW,0.017,0.017
2625,304Nvl_L2_EW,304NVL_EW,0.015,0.015
2625,NvcNvl_L3_NS,NONE,0.007,0.0
2625,NvcNvl_L2_NS,NONE,0.007,0.0
2625,32Mt_L1_EW,NONE,0.014,0.0
2625,32Mt_L3_EW,NONE,0.018,0.0
2625,32Mt_L1_EW,32MT_EW,0.021,0.021
2625,NvcMt_L1_EW,NVCMT_EW,0.006,0.006
2625,32Thn_L1_EW,NONE,0.01,0.0
2625,304Nvl_L3_EW,NONE,0.013,0.0
2625,NvcNvl_L1_NS,NONE,0.009,0.0
2625,32Mt_L2_EW,NONE,0.015,0.0
2625,32Mt_L2_EW,32MT_EW,0.016,0.016
2625,NvcMt_L2_EW,NVCMT_EW,0.008,0.008
2625,NvcMt_L1_EW,NVCMT_EW,0.006,0.006
2630,304Nvl_L1_EW,304NVL_EW,0.017,0.017
2630,304Nvl_L2_EW,304NVL_EW,0.015,0.015
2630,32Nvl_L3_NS,NONE,0.042,0.0
2630,32Nvl_L2_NS,32NVL_NS,0.039,0.039
2630,NvcNvl_L3_NS,NONE,0.007,0.0
2630,NvcNvl_L2_NS,NONE,0.007,0.0
2630,32Mt_L1_NS,32MT_NS,0.006,0.006
2630,32Mt_L1_EW,32MT_EW,0.021,0.021
2630,NvcMt_L2_NS,NONE,0.005,0.0
2630,304Nvl_L3_EW,NONE,0.013,0.0
2630,32Nvl_L1_NS,32NVL_NS,0.034,0.034
2630,NvcNvl_L1_NS,NONE,0.009,0.0
2630,32Mt_L2_EW,32MT_EW,0.016,0.016
2630,NvcMt_L1_NS,NONE,0.005,0.0
2635,304Nvl_L1_NS,304NVL_NS,0.009,0.004
2635,32Nvl_L1_NS,32NVL_NS,0.007,0.001
2635,32Nvl_L3_NS,NONE,0.042,0.0
2635,32Nvl_L2_NS,32NVL_NS,0.039,0.039
2635,NvcNvl_L3_NS,NONE,0.007,0.0
2635,NvcNvl_L2_NS,NONE,0.007,0.0
2635,32Mt_L1_EW,NONE,0.014,0.0
2635,32Mt_L3_EW,NONE,0.009,0.0
2635,32Mt_L1_EW,32MT_EW,0.028,0.028
2635,32Thn_L1_EW,NONE,0.01,0.0
2635,32Thn_L2_EW,NONE,0.01,0.0
2635,32Thn_L3_EW,NONE,0.007,0.0
2635,32Nvl_L1_NS,32NVL_NS,0.034,0.027
2635,NvcNvl_L1_NS,NONE,0.009,0.0
2635,32Mt_L2_EW,NONE,0.015,0.0
2635,32Mt_L2_EW,32MT_EW,0.016,0.016
2640,304Nvl_L1_NS,304NVL_NS,0.009,0.004
2640,304Nvl_L1_EW,304NVL_EW,0.008,0.008
2640,304Nvl_L1_NS,NONE,0.007,0.0
2640,32Nvl_L1_NS,32NVL_NS,0.007,0.001
2640,32Nvl_L3_NS,NONE,0.042,0.0
2640,32Nvl_L2_NS,32NVL_NS,0.039,0.039
2640,NvcNvl_L3_NS,NONE,0.007,0.0
2640,NvcNvl_L2_NS,NONE,0.007,0.0
2640,32Mt_L1_EW,NONE,0.014,0.0
2640,32Mt_L3_EW,NONE,0.018,0.0
2640,32Mt_L1_EW,32MT_EW,0.098,0.098
2640,NvcMt_L2_NS,NONE,0.063,0.0
2640,32Thn_L1_EW,32THN_EW,0.048,0.048
2640,32Thn_L2_EW,32THN_EW,0.042,0.042
2640,32Thn_L3_EW,NONE,0.041,0.0
2640,32Nvl_L1_NS,32NVL_NS,0.04,0.034
2640,NvcNvl_L1_NS,NONE,0.009,0.0
2640,32Mt_L2_EW,NONE,0.015,0.0
2640,32Mt_L2_EW,32MT_EW,0.071,0.071
2640,NvcMt_L1_NS,NONE,0.066,0.0
2645,304Nvl_L1_NS,304NVL_NS,0.009,0.004
2645,304Nvl_L1_EW,304NVL_EW,0.102,0.102
2645,304Nvl_L2_EW,304NVL_EW,0.087,0.087
2645,32Nvl_L1_NS,32NVL_NS,0.007,0.001
2645,32Nvl_L3_NS,NONE,0.042,0.0
2645,32Nvl_L2_NS,32NVL_NS,0.039,0.039
2645,NvcNvl_L1_EW,NVCNVL_EW,0.007,0.003
2645,32Mt_L1_EW,NONE,0.014,0.0
2645,32Mt_L3_EW,NONE,0.009,0.0
2645,32Mt_L1_EW,32MT_EW,0.098,0.098
2645,32Mt_L1_NS,NONE,0.01,0.0
2645,NvcMt_L2_NS,NONE,0.063,0.0
2645,NvcMt_L1_EW,NVCMT_EW,0.006,0.001
2645,32Thn_L1_EW,NONE,0.049,0.0
2645,304Nvl_L3_EW,NONE,0.076,0.0
2645,32Nvl_L2_NS,32NVL_NS,0.007,0.007
2645,32Nvl_L1_NS,32NVL_NS,0.04,0.034
2645,32Mt_L2_EW,NONE,0.008,0.0
2645,32Mt_L2_EW,32MT_EW,0.071,0.071
2645,NvcMt_L1_NS,NONE,0.066,0.0
2645,NvcMt_L2_EW,NVCMT_EW,0.008,0.008
2650,304Nvl_L1_EW,304NVL_EW,0.229,0.229
2650,304Nvl_L2_EW,304NVL_EW,0.196,0.196
2650,32Nvl_L1_NS,32NVL_NS,0.007,0.007
2650,32Nvl_L3_NS,NONE,0.042,0.0
2650,32Nvl_L2_NS,32NVL_NS,0.039,0.039
2650,NvcNvl_L1_EW,NVCNVL_EW,0.007,0.007
2650,32Mt_L1_EW,NONE,0.014,0.0
2650,32Mt_L3_EW,NONE,0.009,0.0
2650,32Mt_L1_EW,32MT_EW,0.014,0.014
2650,304Nvl_L3_EW,NONE,0.165,0.0
2650,32Nvl_L2_NS,32NVL_NS,0.007,0.007
2650,32Nvl_L1_NS,32NVL_NS,0.04,0.04
2650,32Mt_L2_EW,NONE,0.008,0.0
2655,304Nvl_L1_EW,304NVL_EW,0.11,0.11
2655,304Nvl_L2_EW,304NVL_EW,0.094,0.094
2655,32Nvl_L1_NS,32NVL_NS,0.007,0.007
2655,32Nvl_L1_EW,32NVL_EW,0.007,0.007
2655,32Nvl_L2_EW,32NVL_EW,0.008,0.008
2655,32Nvl_L3_NS,NONE,0.05,0.0
2655,32Nvl_L2_NS,32NVL_NS,0.047,0.047
2655,32Mt_L1_NS,NONE,0.01,0.0
2655,304Nvl_L3_EW,NONE,0.082,0.0
2655,32Nvl_L2_NS,32NVL_NS,0.007,0.007
2655,32Nvl_L3_EW,NONE,0.006,0.0
2655,32Nvl_L1_NS,32NVL_NS,0.04,0.04
2655,32Mt_L2_NS,NONE,0.009,0.0
2660,304Nvl_L1_NS,304NVL_NS,0.009,-0.001
2660,304Nvl_L3_NS,NONE,0.007,0.0
2660,304Nvl_L1_EW,304NVL_EW,0.051,0.051
2660,304Nvl_L2_EW,304NVL_EW,0.044,0.044
2660,304Nvl_L1_NS,NONE,0.095,0.0
2660,32Nvl_L3_NS,NONE,0.007,0.0
2660,32Nvl_L1_NS,32NVL_NS,0.014,0.008
2660,32Nvl_L3_NS,NONE,0.05,0.0
2660,32Nvl_L2_NS,32NVL_NS,0.047,0.042
2660,32Mt_L1_NS,32MT_NS,0.075,0.075
2660,32Mt_L1_EW,32MT_EW,0.007,0.007
2660,NvcMt_L2_NS,NONE,0.005,0.0
2660,304Nvl_L2_NS,304NVL_NS,0.008,-0.026
2660,304Nvl_L3_EW,NONE,0.038,0.0
2660,32Nvl_L2_NS,32NVL_NS,0.013,0.008
2660,32Nvl_L1_NS,32NVL_NS,0.04,0.034
2660,32Mt_L2_EW,32MT_EW,0.005,0.005
2660,NvcMt_L1_NS,NONE,0.005,0.0
2665,304Nvl_L1_NS,304NVL_NS,0.009,-0.005
2665,304Nvl_L3_NS,NONE,0.007,0.0
2665,304Nvl_L1_EW,304NVL_EW,0.059,0.059
2665,304Nvl_L2_EW,304NVL_EW,0.051,0.051
2665,304Nvl_L1_NS,NONE,0.095,0.0
2665,32Nvl_L3_NS,NONE,0.014,0.0
2665,32Nvl_L1_NS,32NVL_NS,0.021,0.014
2665,32Nvl_L1_EW,32NVL_EW,0.007,0.007
2665,32Nvl_L3_NS,NONE,0.05,0.0
2665,32Nvl_L2_NS,32NVL_NS,0.047,0.042
2665,32Mt_L1_NS,32MT_NS,0.075,0.075
2665,32Mt_L1_EW,NONE,0.007,0.0
2665,32Mt_L1_NS,NONE,0.01,0.0
2665,304Nvl_L2_NS,304NVL_NS,0.008,-0.026
2665,304Nvl_L3_EW,NONE,0.044,0.0
2665,32Nvl_L2_NS,32NVL_NS,0.02,0.015
2665,32Nvl_L1_NS,32NVL_NS,0.04,0.034
2665,32Mt_L2_NS,NONE,0.009,0.0
2670,304Nvl_L1_NS,304NVL_NS,0.018,0.008
2670,304Nvl_L3_NS,NONE,0.007,0.0
2670,304Nvl_L1_EW,304NVL_EW,0.11,0.11
2670,304Nvl_L2_EW,304NVL_EW,0.007,0.007
2670,304Nvl_L1_EW,NONE,0.008,0.0
2670,304Nvl_L1_NS,NONE,0.007,0.0
2670,304Nvl_L2_EW,NONE,0.009,0.0
2670,32Nvl_L3_NS,NONE,0.007,0.0
2670,32Nvl_L1_NS,32NVL_NS,0.014,0.001
2670,32Nvl_L1_EW,32NVL_EW,0.007,0.007
2670,32Nvl_L2_EW,32NVL_EW,0.008,0.008
2670,32Nvl_L1_EW,32NVL_EW,0.007,0.007
2670,32Nvl_L3_NS,NONE,0.067,0.0
2670,32Nvl_L2_NS,32NVL_NS,0.063,0.058
2670,NvcNvl_L1_EW,NONE,0.011,0.0
2670,NvcNvl_L2_EW,NONE,0.008,0.0
2670,32Mt_L1_NS,32MT_NS,0.075,0.075
2670,NvcMt_L1_EW,NVCMT_EW,0.006,0.006
2670,304Nvl_L2_NS,304NVL_NS,0.008,-0.037
2670,304Nvl_L3_EW,NONE,0.006,0.0
2670,304Nvl_L3_EW,NONE,0.008,0.0
2670,32Nvl_L2_NS,32NVL_NS,0.013,0.008
2670,32Nvl_L3_EW,NONE,0.006,0.0
2670,32Nvl_L1_NS,32NVL_NS,0.054,0.041
2670,NvcNvl_L3_EW,NONE,0.006,0.0
2670,NvcMt_L2_EW,NVCMT_EW,0.008,0.008
2675,304Nvl_L1_NS,304NVL_NS,0.018,0.008
2675,304Nvl_L3_NS,NONE,0.007,0.0
2675,304Nvl_L1_EW,304NVL_EW,0.042,0.042
2675,304Nvl_L1_NS,NONE,0.015,0.0
2675,304Nvl_L3_NS,NONE,0.008,0.0
2675,32Nvl_L3_NS,NONE,0.007,0.0
2675,32Nvl_L1_NS,32NVL_NS,0.014,0.001
2675,32Nvl_L3_NS,NONE,0.083,0.0
2675,32Nvl_L2_NS,32NVL_NS,0.079,0.074
2675,32Mt_L1_NS,32MT_NS,0.075,0.075
2675,32Mt_L1_EW,NONE,0.007,0.0
2675,32Mt_L3_EW,NONE,0.009,0.0
2675,NvcCmt8_L2_EW,NONE,0.007,0.0
2675,304Nvl_L2_NS,304NVL_NS,0.008,-0.048
2675,304Nvl_L2_NS,NONE,0.007,0.0
2675,32Nvl_L2_NS,32NVL_NS,0.013,0.008
2675,32Nvl_L1_NS,32NVL_NS,0.067,0.054
2675,32Mt_L2_EW,NONE,0.008,0.0
2675,NvcCmt8_L1_EW,NONE,0.006,0.0
2680,304Nvl_L1_NS,304NVL_NS,0.018,0.004
2680,304Nvl_L3_NS,NONE,0.007,0.0
2680,304Nvl_L1_EW,304NVL_EW,0.059,0.059
2680,32Nvl_L3_NS,NONE,0.007,0.0
2680,32Nvl_L1_NS,32NVL_NS,0.021,0.008
2680,32Nvl_L1_EW,32NVL_EW,0.007,0.007
2680,32Nvl_L2_EW,32NVL_EW,0.007,0.007
2680,32Nvl_L3_NS,NONE,0.083,0.0
2680,32Nvl_L2_NS,32NVL_NS,0.079,0.074
2680,304Nvl_L2_NS,304NVL_NS,0.008,-0.048
2680,32Nvl_L2_NS,32NVL_NS,0.02,0.015
2680,32Nvl_L3_EW,NONE,0.006,0.0
2680,32Nvl_L1_NS,32NVL_NS,0.074,0.061
2685,304Nvl_L1_NS,304NVL_NS,0.018,0.004
2685,304Nvl_L3_NS,NONE,0.007,0.0
2685,304Nvl_L1_EW,304NVL_EW,0.008,0.008
2685,32Nvl_L3_NS,NONE,0.007,0.0
2685,32Nvl_L1_NS,32NVL_NS,0.021,0.008
2685,32Nvl_L3_NS,NONE,0.125,0.0
2685,32Nvl_L2_NS,32NVL_NS,0.118,0.113
2685,32Mt_L1_EW,32MT_EW,0.042,0.042
2685,NvcMt_L1_EW,NVCMT_EW,0.006,0.001
2685,304Nvl_L2_NS,304NVL_NS,0.008,-0.075
2685,32Nvl_L2_NS,32NVL_NS,0.02,0.015
2685,32Nvl_L1_NS,32NVL_NS,0.107,0.095
2685,32Mt_L2_EW,32MT_EW,0.033,0.033
2685,NvcMt_L2_EW,NVCMT_EW,0.008,0.008
2685,NvcCmt8_L1_EW,NVCCMT8_EW,0.008,0.003
2690,304Nvl_L1_NS,304NVL_NS,0.018,0.004
2690,304Nvl_L3_NS,NONE,0.007,0.0
2690,304Nvl_L1_EW,304NVL_EW,0.008,0.008
2690,304Nvl_L2_EW,304NVL_EW,0.007,0.007
2690,32Nvl_L3_NS,NONE,0.007,0.0
2690,32Nvl_L1_NS,32NVL_NS,0.021,0.008
2690,32Nvl_L3_NS,NONE,0.125,0.0
2690,32Nvl_L2_NS,32NVL_NS,0.118,0.113
2690,32Mt_L1_EW,32MT_EW,0.049,0.049
2690,304Nvl_L2_NS,304NVL_NS,0.008,-0.075
2690,32Nvl_L2_NS,32NVL_NS,0.02,0.015
2690,32Nvl_L1_NS,32NVL_NS,0.101,0.088
2690,32Mt_L2_EW,32MT_EW,0.038,0.038
2695,304Nvl_L1_NS,304NVL_NS,0.009,0.004
2695,304Nvl_L1_EW,304NVL_EW,0.017,0.017
2695,304Nvl_L2_EW,304NVL_EW,0.015,0.015
2695,32Nvl_L1_NS,32NVL_NS,0.007,0.001
2695,32Nvl_L3_NS,NONE,0.175,0.0
2695,32Nvl_L2_NS,32NVL_NS,0.166,0.166
2695,32Mt_L1_EW,NONE,0.007,0.0
2695,32Mt_L3_EW,NONE,0.009,0.0
2695,32Mt_L1_EW,32MT_EW,0.021,0.021
2695,304Nvl_L3_EW,NONE,0.013,0.0
2695,32Nvl_L1_NS,32NVL_NS,0.141,0.135
2695,32Mt_L2_EW,NONE,0.008,0.0
2695,32Mt_L2_EW,32MT_EW,0.016,0.016
2700,304Nvl_L1_EW,304NVL_EW,0.017,0.017
2700,304Nvl_L2_EW,304NVL_EW,0.015,0.015
2700,32Nvl_L3_NS,NONE,0.082,0.0
2700,32Nvl_L1_NS,32NVL_NS,0.083,0.083
2700,32Nvl_L1_EW,32NVL_EW,0.034,0.019
2700,32Nvl_L2_EW,32NVL_EW,0.037,0.026
2700,32Nvl_L3_NS,NONE,0.075,0.0
2700,32Nvl_L2_NS,32NVL_NS,0.071,0.071
2700,NvcNvl_L3_NS,NONE,0.007,0.0
2700,NvcNvl_L2_NS,NONE,0.007,0.0
2700,32Mt_L1_EW,NONE,0.036,0.0
2700,32Mt_L1_EW,32MT_EW,0.021,0.021
2700,NvcMt_L1_EW,NVCMT_EW,0.038,0.038
2700,304Nvl_L3_EW,NONE,0.013,0.0
2700,32Nvl_L2_NS,32NVL_NS,0.08,0.08
2700,32Nvl_L3_EW,NONE,0.031,0.0
2700,32Nvl_L1_NS,32NVL_NS,0.067,0.067
2700,NvcNvl_L1_NS,NONE,0.009,0.0
2700,32Mt_L2_EW,32MT_EW,0.016,0.016
2700,NvcMt_L2_EW,NVCMT_EW,0.048,0.048
2705,304Nvl_L1_EW,304NVL_EW,0.017,0.017
2705,304Nvl_L2_EW,304NVL_EW,0.015,0.015
2705,304Nvl_L1_EW,NONE,0.008,0.0
2705,32Nvl_L3_NS,NONE,0.014,0.0
2705,32Nvl_L1_NS,32NVL_NS,0.097,0.097
2705,32Nvl_L1_EW,32NVL_EW,0.034,0.014
2705,32Nvl_L2_EW,32NVL_EW,0.037,0.026
2705,32Nvl_L3_NS,NONE,0.05,0.0
2705,32Nvl_L2_NS,32NVL_NS,0.047,0.047
2705,NvcNvl_L3_NS,NONE,0.02,0.0
2705,NvcNvl_L2_NS,NONE,0.02,0.0
2705,32Mt_L1_EW,NONE,0.036,0.0
2705,32Mt_L1_EW,32MT_EW,0.028,0.028
2705,NvcMt_L1_EW,NVCMT_EW,0.038,0.033
2705,NvcCmt8_L2_EW,NVCCMT8_EW,0.005,0.005
2705,304Nvl_L3_EW,NONE,0.013,0.0
2705,32Nvl_L2_NS,32NVL_NS,0.093,0.093
2705,32Nvl_L3_EW,NONE,0.031,0.0
2705,32Nvl_L1_NS,32NVL_NS,0.054,0.054
2705,NvcNvl_L1_NS,NONE,0.026,0.0
2705,32Mt_L2_EW,32MT_EW,0.016,0.016
2705,NvcMt_L2_EW,NVCMT_EW,0.048,0.044
2705,NvcCmt8_L1_EW,NVCCMT8_EW,0.008,-0.019
2710,32Nvl_L1_EW,32NVL_EW,0.034,0.014
2710,32Nvl_L2_EW,32NVL_EW,0.037,0.026
2710,NvcNvl_L2_NS,NONE,0.007,0.0
2710,NvcNvl_L1_EW,NVCNVL_EW,0.007,-0.02
2710,NvcNvl_L2_EW,NVCNVL_EW,0.008,0.008
2710,NvcNvl_L1_NS,NVCNVL_NS,0.007,0.007
2710,32Mt_L1_EW,32MT_EW,0.028,0.028
2710,32Mt_L1_NS,NONE,0.049,0.0
2710,NvcMt_L1_EW,NVCMT_EW,0.038,0.028
2710,NvcCmt8_L2_EW,NVCCMT8_EW,0.005,0.005
2710,32Nvl_L3_EW,NONE,0.031,0.0
2710,NvcNvl_L1_NS,NONE,0.009,0.0
2710,NvcNvl_L3_EW,NONE,0.009,0.0
2710,32Mt_L2_EW,32MT_EW,0.016,0.016
2710,32Mt_L2_NS,NONE,0.043,0.0
2710,NvcMt_L2_EW,NVCMT_EW,0.048,0.039
2710,NvcCmt8_L1_EW,NVCCMT8_EW,0.008,-0.019
2715,32Nvl_L1_NS,32NVL_NS,0.007,0.002
2715,32Nvl_L1_EW,32NVL_EW,0.067,0.048
2715,32Nvl_L2_EW,32NVL_EW,0.037,0.022
2715,NvcNvl_L2_NS,NONE,0.007,0.0
2715,NvcNvl_L1_EW,NVCNVL_EW,0.014,-0.008
2715,NvcNvl_L2_EW,NVCNVL_EW,0.008,0.008
2715,NvcNvl_L1_NS,NVCNVL_NS,0.007,0.002
2715,32Mt_L1_EW,32MT_EW,0.028,0.028
2715,NvcMt_L1_EW,NVCMT_EW,0.032,0.017
2715,NvcCmt8_L2_EW,NVCCMT8_EW,0.005,0.005
2715,32Nvl_L3_EW,NONE,0.031,0.0
2715,32Nvl_L1_NS,32NVL_NS,0.081,0.076
2715,NvcNvl_L1_NS,NONE,0.009,0.0
2715,NvcNvl_L3_EW,NONE,0.009,0.0
2715,32Mt_L2_EW,32MT_EW,0.022,0.022
2715,NvcMt_L2_EW,NVCMT_EW,0.04,0.031
2715,NvcCmt8_L1_EW,NVCCMT8_EW,0.008,-0.015
2720,32Nvl_L1_NS,32NVL_NS,0.014,0.014
2720,32Nvl_L1_EW,32NVL_EW,0.067,0.052
2720,32Nvl_L2_EW,32NVL_EW,0.037,0.026
2720,32Nvl_L3_NS,NONE,0.017,0.0
2720,32Nvl_L2_NS,32NVL_NS,0.016,0.016
2720,NvcNvl_L1_EW,NVCNVL_EW,0.014,0.014
2720,NvcNvl_L2_EW,NVCNVL_EW,0.008,0.008
2720,32Mt_L1_EW,32MT_EW,0.021,0.021
2720,32Mt_L1_NS,NONE,0.049,0.0
2720,32Thn_L1_EW,NONE,0.01,0.0
2720,32Nvl_L3_EW,NONE,0.031,0.0
2720,32Nvl_L1_NS,32NVL_NS,0.101,0.101
2720,NvcNvl_L3_EW,NONE,0.009,0.0
2720,32Mt_L2_EW,32MT_EW,0.016,0.016
2725,304Nvl_L1_NS,NONE,0.007,0.0
2725,32Nvl_L1_NS,32NVL_NS,0.007,0.007
2725,32Nvl_L1_EW,32NVL_EW,0.034,0.019
2725,32Nvl_L2_EW,32NVL_EW,0.037,0.026
2725,NvcNvl_L1_EW,NVCNVL_EW,0.014,0.014
2725,NvcNvl_L2_EW,NVCNVL_EW,0.008,0.008
2725,32Mt_L1_EW,32MT_EW,0.021,0.021
2725,32Thn_L1_EW,NONE,0.01,0.0
2725,32Thn_L2_EW,NONE,0.01,0.0
2725,32Nvl_L3_EW,NONE,0.031,0.0
2725,NvcNvl_L3_EW,NONE,0.009,0.0
2725,32Mt_L2_EW,32MT_EW,0.016,0.016
2725,NvcCmt8_L1_EW,NONE,0.006,0.0
2730,304Nvl_L1_EW,304NVL_EW,0.093,0.093
2730,304Nvl_L2_EW,304NVL_EW,0.073,0.073
2730,32Nvl_L1_NS,32NVL_NS,0.014,0.014
2730,32Nvl_L1_EW,32NVL_EW,0.034,0.019
2730,32Nvl_L2_EW,32NVL_EW,0.037,0.026
2730,NvcNvl_L1_EW,NVCNVL_EW,0.007,0.007
2730,NvcNvl_L2_EW,NVCNVL_EW,0.008,0.008
2730,32Mt_L1_EW,NONE,0.007,0.0
2730,32Mt_L3_EW,NONE,0.009,0.0
2730,32Mt_L1_EW,32MT_EW,0.021,0.021
2730,32Mt_L1_NS,NONE,0.01,0.0
2730,304Nvl_L3_EW,NONE,0.063,0.0
2730,32Nvl_L3_EW,NONE,0.031,0.0
2730,NvcNvl_L3_EW,NONE,0.009,0.0
2730,32Mt_L2_EW,NONE,0.008,0.0
2730,32Mt_L2_EW,32MT_EW,0.016,0.016
2730,32Mt_L2_NS,NONE,0.009,0.0
2735,304Nvl_L1_EW,304NVL_EW,0.051,0.051
2735,304Nvl_L2_EW,304NVL_EW,0.044,0.044
2735,32Nvl_L1_EW,32NVL_EW,0.007,0.002
2735,32Nvl_L2_EW,32NVL_EW,0.008,0.004
2735,32Nvl_L1_EW,32NVL_EW,0.034,0.029
2735,32Nvl_L2_EW,32NVL_EW,0.037,0.034
2735,32Nvl_L3_NS,NONE,0.008,0.0
2735,32Nvl_L2_NS,32NVL_NS,0.008,0.008
2735,NvcNvl_L3_NS,NONE,0.007,0.0
2735,NvcNvl_L2_NS,NONE,0.007,0.0
2735,NvcNvl_L1_EW,NVCNVL_EW,0.007,0.003
2735,NvcNvl_L2_EW,NVCNVL_EW,0.008,0.008
2735,32Mt_L1_EW,NONE,0.007,0.0
2735,32Mt_L3_EW,NONE,0.009,0.0
2735,32Mt_L1_EW,32MT_EW,0.007,0.002
2735,32Mt_L1_NS,NONE,0.01,0.0
2735,NvcMt_L1_EW,NVCMT_EW,0.006,0.001
2735,304Nvl_L3_EW,NONE,0.006,0.0
2735,32Nvl_L3_EW,NONE,0.031,0.0
2735,32Nvl_L3_EW,NONE,0.006,0.0
2735,32Nvl_L1_NS,32NVL_NS,0.007,0.007
2735,NvcNvl_L1_NS,NONE,0.009,0.0
2735,NvcNvl_L3_EW,NONE,0.009,0.0
2735,32Mt_L2_EW,NONE,0.008,0.0
2735,32Mt_L2_EW,32MT_EW,0.005,0.0
2735,NvcMt_L2_EW,NVCMT_EW,0.008,0.002
2740,304Nvl_L1_EW,304NVL_EW,0.008,0.008
2740,304Nvl_L2_EW,304NVL_EW,0.007,0.007
2740,304Nvl_L1_NS,NONE,0.036,0.0
2740,32Nvl_L1_EW,32NVL_EW,0.007,0.007
2740,32Nvl_L2_EW,32NVL_EW,0.008,0.008
2740,32Nvl_L1_EW,32NVL_EW,0.034,0.034
2740,32Nvl_L2_EW,32NVL_EW,0.037,0.037
2740,NvcNvl_L3_NS,NONE,0.034,0.0
2740,NvcNvl_L2_NS,NONE,0.033,0.0
2740,NvcNvl_L1_EW,NVCNVL_EW,0.007,-0.051
2740,NvcNvl_L2_EW,NVCNVL_EW,0.008,0.008
2740,32Mt_L1_NS,32MT_NS,0.006,0.006
2740,32Mt_L1_EW,NONE,0.022,0.0
2740,32Mt_L3_EW,NONE,0.009,0.0
2740,NvcMt_L2_NS,NONE,0.005,0.0
2740,NvcMt_L1_EW,NVCMT_EW,0.083,0.078
2740,304Nvl_L3_EW,NONE,0.006,0.0
2740,32Nvl_L3_EW,NONE,0.031,0.0
2740,32Nvl_L3_EW,NONE,0.006,0.0
2740,NvcNvl_L1_NS,NONE,0.044,0.0
2740,NvcNvl_L3_EW,NONE,0.009,0.0
2740,32Mt_L2_EW,NONE,0.008,0.0
2740,NvcMt_L1_NS,NONE,0.005,0.0
2740,NvcMt_L2_EW,NVCMT_EW,0.103,0.098
2745,304Nvl_L1_NS,NONE,0.044,0.0
2745,32Nvl_L1_EW,32NVL_EW,0.007,0.007
2745,32Nvl_L2_EW,32NVL_EW,0.008,0.008
2745,32Nvl_L1_EW,32NVL_EW,0.034,0.034
2745,32Nvl_L2_EW,32NVL_EW,0.037,0.037
2745,NvcNvl_L3_NS,NONE,0.007,0.0
2745,NvcNvl_L2_NS,NONE,0.007,0.0
2745,NvcNvl_L1_EW,NVCNVL_EW,0.007,-0.046
2745,NvcNvl_L2_EW,NVCNVL_EW,0.008,0.008
2745,NvcNvl_L1_NS,NVCNVL_NS,0.007,0.007
2745,32Mt_L1_NS,32MT_NS,0.013,0.013
2745,32Mt_L1_EW,NONE,0.014,0.0
2745,NvcMt_L1_EW,NVCMT_EW,0.076,0.071
2745,32Nvl_L3_EW,NONE,0.031,0.0
2745,32Nvl_L3_EW,NONE,0.006,0.0
2745,NvcNvl_L1_NS,NONE,0.009,0.0
2745,NvcNvl_L3_EW,NONE,0.009,0.0
2745,32Mt_L2_EW,NONE,0.008,0.0
2745,NvcMt_L2_EW,NVCMT_EW,0.095,0.09
2750,304Nvl_L1_NS,NONE,0.029,0.0
2750,304Nvl_L3_NS,NONE,0.016,0.0
2750,32Nvl_L1_EW,32NVL_EW,0.007,0.007
2750,32Nvl_L2_EW,32NVL_EW,0.008,0.008
2750,32Nvl_L1_EW,32NVL_EW,0.034,0.034
2750,32Nvl_L2_EW,32NVL_EW,0.037,0.037
2750,NvcNvl_L1_EW,NVCNVL_EW,0.007,-0.046
2750,NvcNvl_L2_EW,NVCNVL_EW,0.008,0.008
2750,NvcNvl_L1_NS,NVCNVL_NS,0.033,0.033
2750,32Mt_L1_EW,NONE,0.007,0.0
2750,32Mt_L3_EW,NONE,0.009,0.0
2750,32Mt_L1_NS,NONE,0.02,0.0
2750,NvcMt_L1_EW,NVCMT_EW,0.076,0.071
2750,NvcMt_L1_NS,NVCMT_NS,0.034,0.034
2750,304Nvl_L2_NS,NONE,0.022,0.0
2750,32Nvl_L3_EW,NONE,0.031,0.0
2750,32Nvl_L3_EW,NONE,0.006,0.0
2750,32Nvl_L1_NS,32NVL_NS,0.007,-0.016
2750,NvcNvl_L3_EW,NONE,0.009,0.0
2750,32Mt_L2_EW,NONE,0.008,0.0
2750,32Mt_L2_NS,NONE,0.009,0.0
2750,NvcMt_L2_EW,NVCMT_EW,0.095,0.09
2750,NvcMt_L2_NS,NVCMT_NS,0.027,0.027
2755,304Nvl_L1_NS,NONE,0.022,0.0
2755,304Nvl_L3_NS,NONE,0.016,0.0
2755,32Nvl_L3_NS,NONE,0.007,0.0
2755,32Nvl_L1_NS,32NVL_NS,0.007,-0.016
2755,32Nvl_L1_EW,32NVL_EW,0.007,0.002
2755,32Nvl_L2_EW,32NVL_EW,0.008,0.004
2755,32Nvl_L1_EW,32NVL_EW,0.034,0.029
2755,32Nvl_L2_EW,32NVL_EW,0.037,0.034
2755,NvcNvl_L3_NS,NONE,0.088,0.0
2755,NvcNvl_L2_NS,NONE,0.086,0.0
2755,NvcNvl_L1_EW,NVCNVL_EW,0.007,0.007
2755,NvcNvl_L1_NS,NVCNVL_NS,0.033,0.028
2755,32Mt_L1_NS,32MT_NS,0.006,-0.018
2755,32Mt_L1_EW,32MT_EW,0.007,0.002
2755,32Mt_L1_NS,NONE,0.01,0.0
2755,NvcMt_L1_NS,NVCMT_NS,0.034,0.03
2755,304Nvl_L2_NS,NONE,0.022,0.0
2755,32Nvl_L2_NS,32NVL_NS,0.007,0.007
2755,32Nvl_L3_EW,NONE,0.031,0.0
2755,32Nvl_L3_EW,NONE,0.006,0.0
2755,32Nvl_L1_NS,32NVL_NS,0.007,-0.016
2755,NvcNvl_L1_NS,NONE,0.114,0.0
2755,32Mt_L2_EW,32MT_EW,0.005,0.0
2755,32Mt_L2_NS,NONE,0.009,0.0
2755,NvcMt_L2_NS,NVCMT_NS,0.027,0.027
2760,304Nvl_L1_EW,304NVL_EW,0.008,0.008
2760,304Nvl_L1_NS,NONE,0.007,0.0
2760,304Nvl_L3_NS,NONE,0.008,0.0
2760,32Nvl_L1_EW,32NVL_EW,0.014,0.014
2760,32Nvl_L2_EW,32NVL_EW,0.015,0.015
2760,32Nvl_L1_EW,32NVL_EW,0.034,0.034
2760,32Nvl_L2_EW,32NVL_EW,0.037,0.037
2760,NvcNvl_L3_NS,NONE,0.149,0.0
2760,NvcNvl_L2_NS,NONE,0.145,0.0
2760,NvcMt_L1_NS,NVCMT_NS,0.034,0.034
2760,304Nvl_L2_NS,NONE,0.007,0.0
2760,32Nvl_L3_EW,NONE,0.031,0.0
2760,32Nvl_L3_EW,NONE,0.013,0.0
2760,NvcNvl_L1_NS,NONE,0.192,0.0
2760,NvcMt_L1_EW,NVCMT_EW,0.067,0.067
2760,NvcMt_L2_NS,NVCMT_NS,0.027,0.027
2765,304Thn_L1_EW,NONE,0.007,0.0
2765,304Thn_L2_EW,NONE,0.008,0.0
2765,304Nvl_L1_EW,304NVL_EW,0.008,0.008
2765,32Nvl_L1_EW,32NVL_EW,0.007,-0.003
2765,32Nvl_L2_EW,32NVL_EW,0.008,0.0
2765,32Nvl_L1_EW,32NVL_EW,0.034,0.024
2765,32Nvl_L2_EW,32NVL_EW,0.037,0.03
2765,32Nvl_L3_NS,NONE,0.008,0.0
2765,32Nvl_L2_NS,32NVL_NS,0.008,0.008
2765,NvcNvl_L3_NS,NONE,0.068,0.0
2765,NvcNvl_L2_NS,NONE,0.066,0.0
2765,32Mt_L1_NS,32MT_NS,0.006,-0.018
2765,32Mt_L1_EW,32MT_EW,0.014,0.009
2765,32Mt_L1_NS,NONE,0.01,0.0
2765,NvcMt_L1_NS,NVCMT_NS,0.034,0.03
2765,32Nvl_L3_EW,NONE,0.031,0.0
2765,32Nvl_L3_EW,NONE,0.006,0.0
2765,32Nvl_L1_NS,32NVL_NS,0.007,0.007
2765,NvcNvl_L1_NS,NONE,0.087,0.0
2765,32Mt_L2_EW,32MT_EW,0.011,0.005
2765,32Mt_L2_NS,NONE,0.009,0.0
2765,NvcMt_L1_EW,NVCMT_EW,0.067,0.067
2765,NvcMt_L2_NS,NVCMT_NS,0.027,0.027
2765,304Thn_L3_EW,NONE,0.008,0.0
2770,304Thn_L1_EW,304THN_EW,0.008,-0.027
2770,304Nvl_L1_EW,304NVL_EW,0.051,0.045
2770,304Nvl_L2_EW,304NVL_EW,0.036,0.036
2770,32Nvl_L1_EW,32NVL_EW,0.007,0.002
2770,32Nvl_L2_EW,32NVL_EW,0.008,0.008
2770,32Nvl_L1_EW,32NVL_EW,0.034,0.029
2770,32Nvl_L2_EW,32NVL_EW,0.037,0.037
2770,NvcNvl_L3_NS,NONE,0.007,0.0
2770,NvcNvl_L2_NS,NONE,0.007,0.0
2770,32Mt_L1_NS,32MT_NS,0.006,-0.018
2770,32Mt_L1_EW,32MT_EW,0.007,0.002
2770,NvcMt_L1_NS,NVCMT_NS,0.034,0.03
2770,32Nvl_L3_EW,NONE,0.031,0.0
2770,32Nvl_L3_EW,NONE,0.006,0.0
2770,32Nvl_L1_NS,32NVL_NS,0.007,0.007
2770,NvcNvl_L1_NS,NONE,0.009,0.0
2770,NvcMt_L2_NS,NVCMT_NS,0.027,0.027
2775,304Nvl_L1_EW,304NVL_EW,0.059,0.059
2775,304Nvl_L2_EW,304NVL_EW,0.051,0.051
2775,32Nvl_L3_NS,NONE,0.068,0.0
2775,32Nvl_L1_NS,32NVL_NS,0.083,0.083
2775,32Nvl_L1_EW,32NVL_EW,0.007,0.002
2775,32Nvl_L2_EW,32NVL_EW,0.008,0.004
2775,32Nvl_L1_EW,32NVL_EW,0.034,0.029
2775,32Nvl_L2_EW,32NVL_EW,0.037,0.034
2775,NvcNvl_L3_NS,NONE,0.007,0.0
2775,NvcNvl_L2_NS,NONE,0.007,0.0
2775,NvcNvl_L1_EW,NONE,0.011,0.0
2775,NvcNvl_L2_EW,NONE,0.008,0.0
2775,NvcNvl_L1_EW,NVCNVL_EW,0.084,0.084
2775,32Mt_L1_NS,32MT_NS,0.006,-0.022
2775,32Mt_L1_EW,32MT_EW,0.007,0.002
2775,NvcMt_L2_NS,NONE,0.005,0.0
2775,NvcMt_L1_NS,NVCMT_NS,0.041,0.037
2775,304Nvl_L3_EW,NONE,0.038,0.0
2775,32Nvl_L2_NS,32NVL_NS,0.073,0.073
2775,32Nvl_L3_EW,NONE,0.031,0.0
2775,32Nvl_L3_EW,NONE,0.006,0.0
2775,NvcNvl_L1_NS,NONE,0.009,0.0
2775,NvcNvl_L3_EW,NONE,0.006,0.0
2775,32Mt_L2_EW,32MT_EW,0.005,0.0
2775,NvcMt_L1_NS,NONE,0.005,0.0
2775,NvcMt_L2_NS,NVCMT_NS,0.032,0.032
2780,304Nvl_L1_EW,304NVL_EW,0.008,0.008
2780,304Nvl_L2_EW,304NVL_EW,0.007,0.007
2780,32Nvl_L3_NS,NONE,0.007,0.0
2780,32Nvl_L1_NS,32NVL_NS,0.014,0.014
2780,32Nvl_L1_EW,32NVL_EW,0.007,0.007
2780,32Nvl_L2_EW,32NVL_EW,0.008,0.008
2780,32Nvl_L1_EW,32NVL_EW,0.034,0.034
2780,32Nvl_L2_EW,32NVL_EW,0.037,0.037
2780,NvcNvl_L1_EW,NVCNVL_EW,0.092,0.087
2780,NvcNvl_L2_EW,NVCNVL_EW,0.008,0.008
2780,32Mt_L1_NS,32MT_NS,0.006,-0.022
2780,32Mt_L1_EW,NONE,0.007,0.0
2780,32Mt_L1_NS,NONE,0.117,0.0
2780,NvcMt_L1_EW,NVCMT_EW,0.006,-0.058
2780,NvcMt_L1_NS,NVCMT_NS,0.041,0.037
2780,304Nvl_L3_EW,NONE,0.006,0.0
2780,32Nvl_L2_NS,32NVL_NS,0.013,0.013
2780,32Nvl_L3_EW,NONE,0.031,0.0
2780,32Nvl_L3_EW,NONE,0.006,0.0
2780,NvcNvl_L3_EW,NONE,0.009,0.0
2780,32Mt_L2_NS,NONE,0.104,0.0
2780,NvcMt_L2_EW,NVCMT_EW,0.008,0.002
2780,NvcMt_L2_NS,NVCMT_NS,0.032,0.032
2785,304Nvl_L1_NS,NONE,0.044,0.0
2785,32Nvl_L1_EW,32NVL_EW,0.021,0.021
2785,32Nvl_L2_EW,32NVL_EW,0.023,0.023
2785,32Nvl_L1_EW,32NVL_EW,0.034,0.034
2785,32Nvl_L2_EW,32NVL_EW,0.037,0.037
2785,NvcNvl_L3_NS,NONE,0.007,0.0
2785,NvcNvl_L2_NS,NONE,0.007,0.0
2785,32Mt_L1_NS,NONE,0.117,0.0
2785,NvcMt_L1_NS,NVCMT_NS,0.041,0.041
2785,32Nvl_L3_EW,NONE,0.031,0.0
2785,32Nvl_L3_EW,NONE,0.019,0.0
2785,NvcNvl_L1_NS,NONE,0.009,0.0
2785,32Mt_L2_NS,NONE,0.104,0.0
2785,NvcMt_L2_NS,NVCMT_NS,0.032,0.032
2790,304Nvl_L1_NS,NONE,0.007,0.0
2790,32Nvl_L1_EW,32NVL_EW,0.021,0.016
2790,32Nvl_L2_EW,32NVL_EW,0.023,0.017
2790,32Nvl_L1_EW,32NVL_EW,0.034,0.028
2790,32Nvl_L2_EW,32NVL_EW,0.037,0.032
2790,NvcNvl_L3_NS,NONE,0.007,0.0
2790,NvcNvl_L2_NS,NONE,0.007,0.0
2790,NvcNvl_L1_EW,NONE,0.011,0.0
2790,NvcNvl_L2_EW,NONE,0.008,0.0
2790,NvcNvl_L1_EW,NVCNVL_EW,0.007,0.007
2790,NvcNvl_L2_EW,NVCNVL_EW,0.008,0.008
2790,32Mt_L1_NS,32MT_NS,0.006,-0.022
2790,32Mt_L1_NS,NONE,0.01,0.0
2790,NvcMt_L1_NS,NVCMT_NS,0.041,0.037
2790,32Thn_L1_EW,NONE,0.049,0.0
2790,32Thn_L2_EW,NONE,0.051,0.0
2790,32Thn_L1_EW,32THN_EW,0.008,-0.007
2790,32Thn_L2_EW,32THN_EW,0.008,-0.008
2790,32Thn_L3_EW,NONE,0.035,0.0
2790,32Thn_L3_EW,NONE,0.008,0.0
2790,32Nvl_L3_EW,NONE,0.031,0.0
2790,32Nvl_L3_EW,NONE,0.013,0.0
2790,32Nvl_L1_NS,32NVL_NS,0.007,0.007
2790,NvcNvl_L1_NS,NONE,0.009,0.0
2790,32Mt_L2_NS,NONE,0.009,0.0
2790,NvcMt_L2_NS,NVCMT_NS,0.032,0.032
2795,32Nvl_L1_EW,32NVL_EW,0.007,-0.021
2795,32Nvl_L2_EW,32NVL_EW,0.008,0.008
2795,32Nvl_L1_EW,32NVL_EW,0.034,0.006
2795,32Nvl_L2_EW,32NVL_EW,0.037,0.037
2795,32Nvl_L3_NS,NONE,0.008,0.0
2795,32Nvl_L2_NS,32NVL_NS,0.008,0.008
2795,NvcNvl_L1_EW,NONE,0.011,0.0
2795,NvcNvl_L2_EW,NONE,0.008,0.0
2795,32Mt_L1_NS,32MT_NS,0.075,0.047
2795,32Mt_L1_EW,NONE,0.094,0.0
2795,32Mt_L3_EW,NONE,0.115,0.0
2795,32Mt_L1_NS,NONE,0.01,0.0
2795,NvcMt_L1_NS,NVCMT_NS,0.041,-0.012
2795,32Thn_L1_EW,NONE,0.01,0.0
2795,32Thn_L1_EW,32THN_EW,0.04,0.035
2795,32Nvl_L3_EW,NONE,0.031,0.0
2795,32Nvl_L3_EW,NONE,0.006,0.0
2795,32Nvl_L1_NS,32NVL_NS,0.013,0.013
2795,32Mt_L2_EW,NONE,0.098,0.0
2795,NvcMt_L2_NS,NVCMT_NS,0.032,0.032
2800,304Nvl_L1_NS,304NVL_NS,0.009,0.009
2800,304Nvl_L3_NS,NONE,0.007,0.0
2800,304Nvl_L1_EW,304NVL_EW,0.008,0.008
2800,304Nvl_L2_EW,304NVL_EW,0.007,0.007
2800,304Nvl_L1_NS,NONE,0.007,0.0
2800,304Nvl_L3_NS,NONE,0.008,0.0
2800,32Nvl_L3_NS,NONE,0.017,0.0
2800,32Nvl_L2_NS,32NVL_NS,0.016,0.01
2800,32Mt_L1_NS,32MT_NS,0.075,0.047
2800,32Mt_L1_EW,NONE,0.014,0.0
2800,32Mt_L3_EW,NONE,0.018,0.0
2800,32Mt_L1_EW,32MT_EW,0.007,0.007
2800,32Mt_L1_NS,NONE,0.01,0.0
2800,NvcMt_L1_NS,NVCMT_NS,0.041,-0.012
2800,32Thn_L1_EW,32THN_EW,0.048,0.048
2800,32Thn_L2_EW,32THN_EW,0.008,0.008
2800,32Thn_L3_EW,NONE,0.008,0.0
2800,304Nvl_L2_NS,304NVL_NS,0.008,-0.003
2800,304Nvl_L3_EW,NONE,0.006,0.0
2800,304Nvl_L2_NS,NONE,0.007,0.0
2800,32Nvl_L1_NS,32NVL_NS,0.013,0.007
2800,32Mt_L2_EW,NONE,0.015,0.0
2800,32Mt_L2_EW,32MT_EW,0.005,0.005
2800,32Mt_L2_NS,NONE,0.009,0.0
2800,NvcMt_L2_NS,NVCMT_NS,0.032,0.032
2805,304Nvl_L1_NS,304NVL_NS,0.009,0.009
2805,304Nvl_L3_NS,NONE,0.007,0.0
2805,32Nvl_L3_NS,NONE,0.017,0.0
2805,32Nvl_L2_NS,32NVL_NS,0.016,0.01
2805,32Mt_L1_NS,32MT_NS,0.075,0.075
2805,32Mt_L1_EW,NONE,0.007,0.0
2805,32Thn_L1_EW,32THN_EW,0.008,0.008
2805,32Thn_L2_EW,32THN_EW,0.008,0.008
2805,32Thn_L3_EW,NONE,0.008,0.0
2805,304Nvl_L2_NS,304NVL_NS,0.008,-0.003
2805,32Nvl_L1_NS,32NVL_NS,0.02,0.014
2810,304Nvl_L1_EW,304NVL_EW,0.051,0.051
2810,304Nvl_L2_EW,304NVL_EW,0.044,0.044
2810,32Nvl_L3_NS,NONE,0.017,0.0
2810,32Nvl_L2_NS,32NVL_NS,0.016,0.016
2810,NvcNvl_L3_NS,NONE,0.007,0.0
2810,NvcNvl_L2_NS,NONE,0.007,0.0
2810,NvcNvl_L1_EW,NVCNVL_EW,0.007,0.007
2810,NvcNvl_L2_EW,NVCNVL_EW,0.008,0.008
2810,32Mt_L1_NS,32MT_NS,0.075,0.075
2810,32Mt_L1_EW,NONE,0.007,0.0
2810,32Mt_L1_EW,32MT_EW,0.084,0.084
2810,32Mt_L1_NS,NONE,0.01,0.0
2810,32Thn_L1_EW,32THN_EW,0.008,0.008
2810,32Thn_L2_EW,32THN_EW,0.008,0.008
2810,32Thn_L3_EW,NONE,0.008,0.0
2810,304Nvl_L3_EW,NONE,0.038,0.0
2810,32Nvl_L1_NS,32NVL_NS,0.02,0.02
2810,NvcNvl_L1_NS,NONE,0.009,0.0
2810,NvcNvl_L3_EW,NONE,0.009,0.0
2815,304Nvl_L1_NS,304NVL_NS,0.009,-0.02
2815,304Nvl_L3_NS,NONE,0.007,0.0
2815,304Nvl_L1_EW,304NVL_EW,0.076,0.076
2815,304Nvl_L2_EW,304NVL_EW,0.051,0.051
2815,32Nvl_L3_NS,NONE,0.041,0.0
2815,32Nvl_L1_NS,32NVL_NS,0.042,0.035
2815,32Nvl_L3_NS,NONE,0.008,0.0
2815,32Nvl_L2_NS,32NVL_NS,0.008,0.003
2815,NvcNvl_L1_EW,NVCNVL_EW,0.007,0.007
2815,NvcNvl_L2_EW,NVCNVL_EW,0.008,0.008
2815,32Mt_L1_EW,NONE,0.007,0.0
2815,32Mt_L3_EW,NONE,0.009,0.0
2815,32Mt_L1_EW,32MT_EW,0.084,0.084
2815,32Thn_L1_EW,NONE,0.01,0.0
2815,304Nvl_L2_NS,304NVL_NS,0.008,0.002
2815,304Nvl_L3_EW,NONE,0.044,0.0
2815,32Nvl_L2_NS,32NVL_NS,0.04,0.035
2815,32Nvl_L1_NS,32NVL_NS,0.013,0.007
2815,NvcNvl_L3_EW,NONE,0.009,0.0
2815,32Mt_L2_EW,NONE,0.008,0.0
2815,32Mt_L2_EW,32MT_EW,0.065,0.065
2820,304Nvl_L1_NS,304NVL_NS,0.018,0.008
2820,304Nvl_L3_NS,NONE,0.015,0.0
2820,304Nvl_L1_EW,304NVL_EW,0.025,0.025
2820,304Nvl_L2_EW,304NVL_EW,0.007,0.007
2820,304Nvl_L1_NS,NONE,0.007,0.0
2820,32Nvl_L1_NS,32NVL_NS,0.014,0.001
2820,32Nvl_L3_NS,NONE,0.008,0.0
2820,32Nvl_L2_NS,32NVL_NS,0.008,-0.003
2820,NvcNvl_L3_NS,NONE,0.007,0.0
2820,NvcNvl_L2_NS,NONE,0.007,0.0
2820,NvcNvl_L1_EW,NVCNVL_EW,0.007,0.007
2820,NvcNvl_L2_EW,NVCNVL_EW,0.008,0.006
2820,32Mt_L1_EW,32MT_EW,0.119,0.119
2820,NvcMt_L2_EW,NVCMT_EW,0.003,-0.003
2820,32Thn_L1_EW,NONE,0.01,0.0
2820,304Nvl_L2_NS,304NVL_NS,0.015,0.01
2820,32Nvl_L2_NS,32NVL_NS,0.013,0.003
2820,32Nvl_L1_NS,32NVL_NS,0.007,-0.006
2820,NvcNvl_L1_NS,NONE,0.009,0.0
2820,NvcNvl_L3_EW,NONE,0.009,0.0
2820,32Mt_L2_EW,32MT_EW,0.092,0.092
2820,NvcMt_L1_EW,NVCMT_EW,0.006,0.001
2825,304Nvl_L1_NS,304NVL_NS,0.018,0.018
2825,304Nvl_L3_NS,NONE,0.015,0.0
2825,304Nvl_L1_EW,304NVL_EW,0.025,0.025
2825,304Nvl_L2_EW,304NVL_EW,0.015,0.015
2825,32Nvl_L3_NS,NONE,0.008,0.0
2825,32Nvl_L2_NS,32NVL_NS,0.008,-0.003
2825,NvcNvl_L3_NS,NONE,0.014,0.0
2825,NvcNvl_L2_NS,NONE,0.013,0.0
2825,NvcNvl_L1_EW,NVCNVL_EW,0.007,0.007
2825,NvcNvl_L2_EW,NVCNVL_EW,0.008,0.006
2825,32Mt_L1_EW,NONE,0.007,0.0
2825,32Mt_L3_EW,NONE,0.009,0.0
2825,32Mt_L1_EW,32MT_EW,0.042,0.042
2825,NvcMt_L2_EW,NVCMT_EW,0.003,-0.003
2825,304Nvl_L2_NS,304NVL_NS,0.015,0.01
2825,304Nvl_L3_EW,NONE,0.013,0.0
2825,32Nvl_L1_NS,32NVL_NS,0.013,0.001
2825,NvcNvl_L1_NS,NONE,0.017,0.0
2825,NvcNvl_L3_EW,NONE,0.009,0.0
2825,32Mt_L2_EW,NONE,0.008,0.0
2825,32Mt_L2_EW,32MT_EW,0.027,0.027
2825,NvcMt_L1_EW,NVCMT_EW,0.006,0.001
2830,304Nvl_L1_NS,304NVL_NS,0.018,0.008
2830,304Nvl_L3_NS,NONE,0.015,0.0
2830,304Nvl_L1_NS,NONE,0.044,0.0
2830,32Nvl_L1_NS,32NVL_NS,0.014,0.001
2830,NvcNvl_L3_NS,NONE,0.007,0.0
2830,NvcNvl_L2_NS,NONE,0.007,0.0
2830,NvcNvl_L1_EW,NONE,0.011,0.0
2830,NvcNvl_L2_EW,NONE,0.008,0.0
2830,NvcNvl_L1_EW,NVCNVL_EW,0.042,0.042
2830,NvcNvl_L2_EW,NVCNVL_EW,0.047,0.045
2830,32Mt_L1_NS,32MT_NS,0.006,0.006
2830,32Mt_L1_EW,32MT_EW,0.042,0.042
2830,NvcMt_L2_EW,NVCMT_EW,0.003,-0.03
2830,304Nvl_L2_NS,304NVL_NS,0.015,0.015
2830,32Nvl_L1_NS,32NVL_NS,0.007,-0.006
2830,NvcNvl_L1_NS,NONE,0.009,0.0
2830,NvcNvl_L3_EW,NONE,0.056,0.0
2830,32Mt_L2_EW,32MT_EW,0.027,0.027
2830,NvcMt_L1_EW,NVCMT_EW,0.006,-0.024
2835,304Nvl_L1_NS,304NVL_NS,0.018,0.018
2835,304Nvl_L3_NS,NONE,0.015,0.0
2835,304Nvl_L1_NS,NONE,0.015,0.0
2835,NvcNvl_L1_EW,NVCNVL_EW,0.042,0.038
2835,NvcNvl_L2_EW,NVCNVL_EW,0.047,0.045
2835,32Mt_L1_NS,32MT_NS,0.006,0.006
2835,32Mt_L1_EW,32MT_EW,0.042,0.042
2835,NvcMt_L1_EW,NVCMT_EW,0.006,-0.023
2835,NvcMt_L2_EW,NVCMT_EW,0.003,-0.03
2835,304Nvl_L2_NS,304NVL_NS,0.015,0.015
2835,NvcNvl_L3_EW,NONE,0.056,0.0
2835,32Mt_L2_NS,32MT_NS,0.006,0.006
2835,32Mt_L2_EW,32MT_EW,0.033,0.033
2835,NvcMt_L2_EW,NVCMT_EW,0.008,-0.025
2835,NvcMt_L1_EW,NVCMT_EW,0.006,-0.024
2840,304Nvl_L1_NS,304NVL_NS,0.018,0.018
2840,304Nvl_L3_NS,NONE,0.015,0.0
2840,304Nvl_L1_EW,304NVL_EW,0.008,0.008
2840,304Nvl_L1_NS,NONE,0.007,0.0
2840,NvcNvl_L3_NS,NONE,0.007,0.0
2840,NvcNvl_L2_NS,NONE,0.007,0.0
2840,NvcNvl_L1_EW,NVCNVL_EW,0.049,0.045
2840,NvcNvl_L2_EW,NVCNVL_EW,0.047,0.047
2840,32Mt_L1_EW,32MT_EW,0.042,0.042
2840,NvcMt_L1_EW,NVCMT_EW,0.006,-0.028
2840,304Nvl_L2_NS,304NVL_NS,0.015,0.015
2840,NvcNvl_L1_NS,NONE,0.009,0.0
2840,NvcNvl_L3_EW,NONE,0.056,0.0
2840,32Mt_L2_EW,32MT_EW,0.033,0.033
2840,NvcMt_L2_EW,NVCMT_EW,0.008,-0.025
2845,304Nvl_L1_NS,304NVL_NS,0.018,0.018
2845,304Nvl_L3_NS,NONE,0.015,0.0
2845,32Nvl_L1_EW,32NVL_EW,0.007,-0.027
2845,32Nvl_L2_EW,32NVL_EW,0.007,-0.015
2845,NvcNvl_L1_EW,NVCNVL_EW,0.056,0.052
2845,NvcNvl_L2_EW,NVCNVL_EW,0.047,0.047
2845,32Mt_L1_EW,NONE,0.007,0.0
2845,32Mt_L3_EW,NONE,0.009,0.0
2845,32Mt_L1_EW,32MT_EW,0.049,0.049
2845,NvcMt_L1_EW,NVCMT_EW,0.006,-0.033
2845,NvcCmt8_L2_EW,NONE,0.007,0.0
2845,304Nvl_L2_NS,304NVL_NS,0.015,0.015
2845,32Nvl_L3_EW,NONE,0.006,0.0
2845,NvcNvl_L3_EW,NONE,0.056,0.0
2845,32Mt_L2_EW,NONE,0.008,0.0
2845,32Mt_L2_EW,32MT_EW,0.033,0.033
2845,NvcMt_L2_EW,NVCMT_EW,0.008,-0.025
2845,NvcCmt8_L1_EW,NONE,0.006,0.0
2850,304Nvl_L1_NS,304NVL_NS,0.063,0.059
2850,304Nvl_L3_NS,NONE,0.052,0.0
2850,304Nvl_L1_EW,304NVL_EW,0.008,0.008
2850,304Nvl_L2_EW,304NVL_EW,0.007,0.007
2850,32Nvl_L1_NS,32NVL_NS,0.007,-0.037
2850,32Nvl_L1_EW,32NVL_EW,0.007,-0.027
2850,32Nvl_L2_EW,32NVL_EW,0.007,-0.019
2850,NvcNvl_L1_EW,NVCNVL_EW,0.049,0.049
2850,NvcNvl_L2_EW,NVCNVL_EW,0.047,0.047
2850,32Mt_L1_EW,NONE,0.014,0.0
2850,32Mt_L3_EW,NONE,0.018,0.0
2850,32Mt_L1_EW,32MT_EW,0.049,0.049
2850,NvcCmt8_L2_EW,NONE,0.007,0.0
2850,304Nvl_L2_NS,304NVL_NS,0.053,0.053
2850,32Nvl_L2_NS,32NVL_NS,0.007,-0.031
2850,32Nvl_L3_EW,NONE,0.006,0.0
2850,NvcNvl_L3_EW,NONE,0.056,0.0
2850,32Mt_L2_EW,NONE,0.015,0.0
2850,32Mt_L2_EW,32MT_EW,0.038,0.038
2850,NvcCmt8_L1_EW,NONE,0.006,0.0
2855,304Nvl_L1_NS,304NVL_NS,0.063,0.059
2855,304Nvl_L3_NS,NONE,0.052,0.0
2855,304Nvl_L1_EW,304NVL_EW,0.008,0.008
2855,304Nvl_L2_EW,304NVL_EW,0.007,0.007
2855,304Nvl_L1_NS,NONE,0.007,0.0
2855,304Nvl_L3_NS,NONE,0.008,0.0
2855,32Nvl_L3_NS,NONE,0.007,0.0
2855,32Nvl_L1_NS,32NVL_NS,0.007,-0.037
2855,32Nvl_L1_EW,32NVL_EW,0.007,-0.027
2855,32Nvl_L2_EW,32NVL_EW,0.007,-0.019
2855,32Nvl_L3_NS,NONE,0.008,0.0
2855,32Nvl_L2_NS,32NVL_NS,0.008,-0.029
2855,NvcNvl_L1_EW,NVCNVL_EW,0.042,0.042
2855,NvcNvl_L2_EW,NVCNVL_EW,0.047,0.047
2855,32Mt_L1_NS,32MT_NS,0.013,0.013
2855,32Mt_L1_EW,32MT_EW,0.049,0.049
2855,304Nvl_L2_NS,304NVL_NS,0.053,0.048
2855,304Nvl_L3_EW,NONE,0.006,0.0
2855,304Nvl_L2_NS,NONE,0.007,0.0
2855,32Nvl_L2_NS,32NVL_NS,0.007,-0.031
2855,32Nvl_L3_EW,NONE,0.006,0.0
2855,32Nvl_L1_NS,32NVL_NS,0.007,-0.038
2855,NvcNvl_L3_EW,NONE,0.056,0.0
2855,32Mt_L2_EW,32MT_EW,0.038,0.038
2860,304Nvl_L1_NS,304NVL_NS,0.063,0.039
2860,304Nvl_L3_NS,NONE,0.052,0.0
2860,304Nvl_L1_EW,304NVL_EW,0.008,0.008
2860,304Nvl_L2_EW,304NVL_EW,0.007,0.007
2860,304Nvl_L1_NS,NONE,0.015,0.0
2860,304Nvl_L3_NS,NONE,0.008,0.0
2860,32Nvl_L3_NS,NONE,0.034,0.0
2860,32Nvl_L1_NS,32NVL_NS,0.035,-0.01
2860,32Nvl_L1_EW,32NVL_EW,0.007,-0.027
2860,32Nvl_L2_EW,32NVL_EW,0.007,-0.015
2860,32Mt_L1_EW,NONE,0.007,0.0
2860,32Mt_L3_EW,NONE,0.009,0.0
2860,32Mt_L1_EW,32MT_EW,0.049,0.049
2860,NvcMt_L2_NS,NONE,0.005,0.0
2860,304Nvl_L2_NS,304NVL_NS,0.053,0.053
2860,304Nvl_L3_EW,NONE,0.006,0.0
2860,304Nvl_L2_NS,NONE,0.007,0.0
2860,32Nvl_L2_NS,32NVL_NS,0.033,-0.004
2860,32Nvl_L3_EW,NONE,0.006,0.0
2860,32Mt_L2_EW,NONE,0.008,0.0
2860,32Mt_L2_EW,32MT_EW,0.033,0.033
2860,NvcMt_L1_NS,NONE,0.005,0.0
2860,NvcCmt8_L1_EW,NVCCMT8_EW,0.008,0.008
2865,304Nvl_L1_NS,304NVL_NS,0.063,0.054
2865,304Nvl_L3_NS,NONE,0.052,0.0
2865,304Nvl_L1_EW,304NVL_EW,0.025,0.025
2865,304Nvl_L2_EW,304NVL_EW,0.007,0.007
2865,32Nvl_L3_NS,NONE,0.007,0.0
2865,32Nvl_L1_NS,32NVL_NS,0.014,-0.031
2865,32Nvl_L1_EW,32NVL_EW,0.007,-0.003
2865,32Nvl_L2_EW,32NVL_EW,0.007,0.004
2865,32Mt_L1_EW,NONE,0.007,0.0
2865,32Mt_L3_EW,NONE,0.009,0.0
2865,32Mt_L1_EW,32MT_EW,0.014,0.014
2865,32Mt_L1_NS,NONE,0.01,0.0
2865,304Nvl_L2_NS,304NVL_NS,0.053,0.053
2865,304Nvl_L3_EW,NONE,0.006,0.0
2865,32Nvl_L2_NS,32NVL_NS,0.007,-0.031
2865,32Nvl_L3_EW,NONE,0.006,0.0
2865,32Nvl_L1_NS,32NVL_NS,0.007,-0.038
2865,32Mt_L2_EW,NONE,0.008,0.0
2865,32Mt_L2_EW,32MT_EW,0.005,0.005
2865,32Mt_L2_NS,NONE,0.009,0.0
2870,304Nvl_L1_NS,304NVL_NS,0.063,0.054
2870,304Nvl_L3_NS,NONE,0.052,0.0
2870,304Nvl_L1_EW,304NVL_EW,0.017,0.017
2870,304Nvl_L2_EW,304NVL_EW,0.007,0.007
2870,304Nvl_L1_NS,NONE,0.007,0.0
2870,32Nvl_L3_NS,NONE,0.007,0.0
2870,32Nvl_L1_NS,32NVL_NS,0.014,-0.031
2870,32Nvl_L1_EW,32NVL_EW,0.035,0.03
2870,32Nvl_L2_EW,32NVL_EW,0.039,0.035
2870,32Nvl_L3_NS,NONE,0.008,0.0
2870,32Nvl_L2_NS,32NVL_NS,0.008,-0.029
2870,NvcNvl_L3_NS,NONE,0.034,0.0
2870,NvcNvl_L2_NS,NONE,0.033,0.0
2870,32Mt_L1_EW,NONE,0.036,0.0
2870,32Mt_L1_EW,32MT_EW,0.007,-0.018
2870,304Nvl_L2_NS,304NVL_NS,0.053,0.048
2870,304Nvl_L3_EW,NONE,0.006,0.0
2870,32Nvl_L2_NS,32NVL_NS,0.013,-0.024
2870,32Nvl_L3_EW,NONE,0.031,0.0
2870,32Nvl_L1_NS,32NVL_NS,0.007,-0.038
2870,NvcNvl_L1_NS,NONE,0.044,0.0
2870,32Mt_L2_EW,32MT_EW,0.005,-0.022
2875,304Nvl_L1_NS,304NVL_NS,0.063,0.054
2875,304Nvl_L3_NS,NONE,0.052,0.0
2875,304Nvl_L1_EW,304NVL_EW,0.008,0.008
2875,304Nvl_L2_EW,304NVL_EW,0.007,0.007
2875,304Nvl_L1_NS,NONE,0.007,0.0
2875,32Nvl_L3_NS,NONE,0.007,0.0
2875,32Nvl_L1_NS,32NVL_NS,0.014,-0.031
2875,32Nvl_L1_EW,32NVL_EW,0.05,0.045
2875,32Nvl_L2_EW,32NVL_EW,0.054,0.05
2875,32Nvl_L1_EW,32NVL_EW,0.007,0.002
2875,32Nvl_L2_EW,32NVL_EW,0.007,0.004
2875,32Nvl_L3_NS,NONE,0.017,0.0
2875,32Nvl_L2_NS,32NVL_NS,0.016,-0.021
2875,NvcNvl_L3_NS,NONE,0.034,0.0
2875,NvcNvl_L2_NS,NONE,0.033,0.0
2875,32Mt_L1_EW,NONE,0.036,0.0
2875,32Mt_L1_EW,32MT_EW,0.007,-0.028
2875,32Mt_L1_NS,NONE,0.01,0.0
2875,304Nvl_L2_NS,304NVL_NS,0.053,0.042
2875,304Nvl_L3_EW,NONE,0.006,0.0
2875,32Nvl_L2_NS,32NVL_NS,0.013,-0.024
2875,32Nvl_L3_EW,NONE,0.006,0.0
2875,32Nvl_L3_EW,NONE,0.044,0.0
2875,32Nvl_L1_NS,32NVL_NS,0.013,-0.031
2875,NvcNvl_L1_NS,NONE,0.044,0.0
2875,32Mt_L2_EW,32MT_EW,0.005,-0.032
2880,304Nvl_L1_NS,304NVL_NS,0.063,0.054
2880,304Nvl_L3_NS,NONE,0.052,0.0
2880,304Nvl_L1_EW,304NVL_EW,0.008,0.008
2880,304Nvl_L1_NS,NONE,0.007,0.0
2880,32Nvl_L3_NS,NONE,0.007,0.0
2880,32Nvl_L1_NS,32NVL_NS,0.014,-0.054
2880,32Nvl_L3_NS,NONE,0.025,0.0
2880,32Nvl_L2_NS,32NVL_NS,0.024,-0.013
2880,NvcNvl_L1_NS,NVCNVL_NS,0.033,0.023
2880,32Mt_L1_EW,NONE,0.007,0.0
2880,32Mt_L3_EW,NONE,0.009,0.0
2880,32Mt_L1_NS,NONE,0.01,0.0
2880,304Nvl_L2_NS,304NVL_NS,0.053,0.037
2880,32Nvl_L2_NS,32NVL_NS,0.013,-0.024
2880,32Nvl_L1_NS,32NVL_NS,0.027,-0.041
2880,32Mt_L2_EW,NONE,0.008,0.0
2885,304Nvl_L1_NS,304NVL_NS,0.063,0.049
2885,304Nvl_L3_NS,NONE,0.052,0.0
2885,32Nvl_L3_NS,NONE,0.014,0.0
2885,32Nvl_L1_NS,32NVL_NS,0.021,-0.047
2885,32Nvl_L3_NS,NONE,0.025,0.0
2885,32Nvl_L2_NS,32NVL_NS,0.024,-0.013
2885,NvcNvl_L1_NS,NVCNVL_NS,0.033,0.018
2885,32Mt_L1_EW,NONE,0.043,0.0
2885,32Mt_L3_EW,NONE,0.044,0.0
2885,32Mt_L1_EW,32MT_EW,0.007,0.007
2885,32Mt_L1_NS,NONE,0.01,0.0
2885,NvcMt_L2_NS,NONE,0.005,0.0
2885,304Nvl_L2_NS,304NVL_NS,0.053,0.037
2885,32Nvl_L2_NS,32NVL_NS,0.02,-0.017
2885,32Nvl_L1_NS,32NVL_NS,0.04,-0.027
2885,32Mt_L2_EW,NONE,0.038,0.0
2885,32Mt_L2_EW,32MT_EW,0.005,0.005
2885,NvcMt_L1_NS,NONE,0.005,0.0
2890,304Nvl_L1_NS,304NVL_NS,0.063,0.049
2890,304Nvl_L3_NS,NONE,0.052,0.0
2890,304Nvl_L1_EW,304NVL_EW,0.008,0.008
2890,304Nvl_L2_EW,304NVL_EW,0.007,0.007
2890,304Nvl_L1_NS,NONE,0.007,0.0
2890,304Nvl_L3_NS,NONE,0.008,0.0
2890,32Nvl_L3_NS,NONE,0.007,0.0
2890,32Nvl_L1_NS,32NVL_NS,0.021,-0.047
2890,32Nvl_L3_NS,NONE,0.042,0.0
2890,32Nvl_L2_NS,32NVL_NS,0.039,0.002
2890,NvcNvl_L3_NS,NONE,0.007,0.0
2890,NvcNvl_L2_NS,NONE,0.007,0.0
2890,NvcNvl_L1_EW,NVCNVL_EW,0.007,0.007
2890,NvcNvl_L2_EW,NVCNVL_EW,0.008,0.008
2890,NvcNvl_L1_NS,NVCNVL_NS,0.033,0.018
2890,32Mt_L1_EW,NONE,0.036,0.0
2890,NvcMt_L2_NS,NONE,0.005,0.0
2890,NvcCmt8_L2_EW,NVCCMT8_EW,0.005,0.005
2890,304Nvl_L2_NS,304NVL_NS,0.053,0.025
2890,304Nvl_L3_EW,NONE,0.006,0.0
2890,304Nvl_L2_NS,NONE,0.007,0.0
2890,32Nvl_L2_NS,32NVL_NS,0.02,-0.017
2890,32Nvl_L1_NS,32NVL_NS,0.047,-0.02
2890,NvcNvl_L1_NS,NONE,0.009,0.0
2890,NvcNvl_L3_EW,NONE,0.009,0.0
2890,NvcMt_L1_NS,NONE,0.005,0.0
2890,NvcCmt8_L1_EW,NVCCMT8_EW,0.008,0.008
2895,304Nvl_L1_NS,304NVL_NS,0.063,0.044
2895,304Nvl_L3_NS,NONE,0.052,0.0
2895,304Nvl_L1_EW,304NVL_EW,0.042,0.042
2895,304Nvl_L2_EW,304NVL_EW,0.036,0.036
2895,32Nvl_L3_NS,NONE,0.007,0.0
2895,32Nvl_L1_NS,32NVL_NS,0.028,-0.017
2895,32Nvl_L3_NS,NONE,0.042,0.0
2895,32Nvl_L2_NS,32NVL_NS,0.039,0.002
2895,32Mt_L1_NS,32MT_NS,0.006,0.006
2895,304Nvl_L2_NS,304NVL_NS,0.053,0.025
2895,304Nvl_L3_EW,NONE,0.032,0.0
2895,32Nvl_L2_NS,32NVL_NS,0.02,-0.017
2895,32Nvl_L1_NS,32NVL_NS,0.047,0.003
2895,NvcCmt8_L1_EW,NONE,0.006,0.0
2900,304Thn_L1_EW,304THN_EW,0.008,-0.033
2900,304Thn_L3_EW,NONE,0.008,0.0
2900,304Nvl_L1_NS,304NVL_NS,0.072,0.048
2900,304Nvl_L3_NS,NONE,0.052,0.0
2900,304Nvl_L1_EW,304NVL_EW,0.059,0.053
2900,304Nvl_L2_EW,304NVL_EW,0.044,0.038
2900,32Nvl_L3_NS,NONE,0.027,0.0
2900,32Nvl_L1_NS,32NVL_NS,0.035,-0.016
2900,32Nvl_L3_NS,NONE,0.042,0.0
2900,32Nvl_L2_NS,32NVL_NS,0.039,0.002
2900,NvcNvl_L1_EW,NVCNVL_EW,0.007,0.007
2900,32Mt_L1_NS,32MT_NS,0.006,0.006
2900,32Mt_L1_NS,NONE,0.049,0.0
2900,NvcMt_L2_NS,NONE,0.005,0.0
2900,304Nvl_L2_NS,304NVL_NS,0.053,0.025
2900,304Nvl_L3_EW,NONE,0.038,0.0
2900,32Nvl_L2_NS,32NVL_NS,0.033,-0.004
2900,32Nvl_L1_NS,32NVL_NS,0.034,-0.017
2900,NvcMt_L1_NS,NONE,0.005,0.0
2900,304Thn_L2_EW,304THN_EW,0.007,-0.023
2905,304Nvl_L1_NS,304NVL_NS,0.072,0.043
2905,304Nvl_L3_NS,NONE,0.052,0.0
2905,304Nvl_L1_EW,304NVL_EW,0.008,0.008
2905,304Nvl_L2_EW,304NVL_EW,0.007,0.007
2905,32Nvl_L3_NS,NONE,0.027,0.0
2905,32Nvl_L1_NS,32NVL_NS,0.042,-0.009
2905,32Nvl_L3_NS,NONE,0.058,0.0
2905,32Nvl_L2_NS,32NVL_NS,0.055,0.018
2905,32Mt_L1_NS,32MT_NS,0.006,0.006
2905,32Mt_L1_EW,32MT_EW,0.007,0.007
2905,304Nvl_L2_NS,304NVL_NS,0.053,0.014
2905,304Nvl_L3_EW,NONE,0.006,0.0
2905,32Nvl_L2_NS,32NVL_NS,0.04,0.003
2905,32Nvl_L1_NS,32NVL_NS,0.047,-0.004
2905,32Mt_L2_NS,32MT_NS,0.006,0.006
2905,32Mt_L2_EW,32MT_EW,0.005,0.005
2910,304Nvl_L1_NS,304NVL_NS,0.072,0.043
2910,304Nvl_L3_NS,NONE,0.052,0.0
2910,304Nvl_L1_EW,304NVL_EW,0.051,0.051
2910,304Nvl_L2_EW,304NVL_EW,0.007,0.007
2910,32Nvl_L3_NS,NONE,0.034,0.0
2910,32Nvl_L1_NS,32NVL_NS,0.042,-0.009
2910,32Nvl_L3_NS,NONE,0.058,0.0
2910,32Nvl_L2_NS,32NVL_NS,0.055,0.018
2910,32Mt_L1_NS,32MT_NS,0.006,0.001
2910,NvcMt_L2_NS,NONE,0.026,0.0
2910,NvcMt_L1_NS,NVCMT_NS,0.007,0.002
2910,304Nvl_L2_NS,304NVL_NS,0.053,0.014
2910,304Nvl_L3_EW,NONE,0.006,0.0
2910,32Nvl_L2_NS,32NVL_NS,0.04,0.003
2910,32Nvl_L1_NS,32NVL_NS,0.047,-0.004
2910,32Mt_L2_NS,32MT_NS,0.006,0.003
2910,NvcMt_L1_NS,NONE,0.027,0.0
2910,NvcMt_L2_NS,NVCMT_NS,0.005,0.001
2915,304Nvl_L1_NS,304NVL_NS,0.063,0.039
2915,304Nvl_L3_NS,NONE,0.052,0.0
2915,304Nvl_L1_EW,304NVL_EW,0.017,0.017
2915,304Nvl_L2_EW,304NVL_EW,0.007,0.007
2915,32Nvl_L3_NS,NONE,0.027,0.0
2915,32Nvl_L1_NS,32NVL_NS,0.035,-0.01
2915,32Nvl_L1_EW,32NVL_EW,0.007,0.007
2915,32Nvl_L2_EW,32NVL_EW,0.008,0.008
2915,32Nvl_L3_NS,NONE,0.058,0.0
2915,32Nvl_L2_NS,32NVL_NS,0.055,0.018
2915,32Mt_L1_NS,32MT_NS,0.013,0.008
2915,NvcMt_L1_NS,NVCMT_NS,0.007,-0.002
2915,304Nvl_L2_NS,304NVL_NS,0.053,0.014
2915,304Nvl_L3_EW,NONE,0.006,0.0
2915,32Nvl_L2_NS,32NVL_NS,0.033,-0.004
2915,32Nvl_L3_EW,NONE,0.006,0.0
2915,32Nvl_L1_NS,32NVL_NS,0.047,0.003
2915,32Mt_L2_NS,32MT_NS,0.006,0.003
2915,NvcMt_L2_NS,NVCMT_NS,0.005,0.001
2920,304Nvl_L1_EW,304NVL_EW,0.025,0.025
2920,304Nvl_L2_EW,304NVL_EW,0.015,0.015
2920,32Nvl_L3_NS,NONE,0.007,0.0
2920,32Nvl_L1_NS,32NVL_NS,0.014,0.014
2920,32Nvl_L1_EW,32NVL_EW,0.007,0.007
2920,32Nvl_L2_EW,32NVL_EW,0.008,0.008
2920,32Nvl_L3_NS,NONE,0.042,0.0
2920,32Nvl_L2_NS,32NVL_NS,0.039,0.039
2920,NvcNvl_L3_NS,NONE,0.081,0.0
2920,NvcNvl_L2_NS,NONE,0.079,0.0
2920,NvcNvl_L1_EW,NONE,0.053,0.0
2920,NvcNvl_L2_EW,NONE,0.038,0.0
2920,32Mt_L1_NS,32MT_NS,0.006,0.006
2920,NvcMt_L2_NS,NONE,0.005,0.0
2920,NvcCmt8_L2_NS,NONE,0.054,0.0
2920,NvcCmt8_L1_NS,NONE,0.039,0.0
2920,304Nvl_L3_EW,NONE,0.013,0.0
2920,32Nvl_L2_NS,32NVL_NS,0.013,0.013
2920,32Nvl_L3_EW,NONE,0.006,0.0
2920,32Nvl_L1_NS,32NVL_NS,0.034,0.034
2920,NvcNvl_L1_NS,NONE,0.105,0.0
2920,NvcNvl_L3_EW,NONE,0.032,0.0
2920,32Mt_L2_NS,32MT_NS,0.006,0.006
2920,NvcMt_L1_NS,NONE,0.005,0.0
2925,304Nvl_L1_EW,304NVL_EW,0.042,0.042
2925,304Nvl_L2_EW,304NVL_EW,0.022,0.022
2925,304Nvl_L1_NS,NONE,0.007,0.0
2925,32Nvl_L1_EW,32NVL_EW,0.007,0.007
2925,32Nvl_L2_EW,32NVL_EW,0.008,0.008
2925,32Nvl_L1_EW,32NVL_EW,0.007,0.007
2925,32Nvl_L3_NS,NONE,0.008,0.0
2925,32Nvl_L2_NS,32NVL_NS,0.008,0.008
2925,NvcNvl_L3_NS,NONE,0.088,0.0
2925,NvcNvl_L2_NS,NONE,0.086,0.0
2925,32Mt_L1_EW,NONE,0.036,0.0
2925,32Mt_L3_EW,NONE,0.044,0.0
2925,32Mt_L1_NS,NONE,0.049,0.0
2925,NvcCmt8_L2_NS,NONE,0.011,0.0
2925,NvcCmt8_L1_NS,NONE,0.008,0.0
2925,304Nvl_L3_EW,NONE,0.019,0.0
2925,32Nvl_L3_EW,NONE,0.006,0.0
2925,32Nvl_L1_NS,32NVL_NS,0.013,0.013
2925,NvcNvl_L1_NS,NONE,0.114,0.0
2925,32Mt_L2_EW,NONE,0.038,0.0
2925,32Mt_L2_NS,NONE,0.043,0.0
2930,304Nvl_L1_EW,304NVL_EW,0.068,0.068
2930,304Nvl_L2_EW,304NVL_EW,0.015,0.015
2930,304Nvl_L1_NS,NONE,0.007,0.0
2930,32Nvl_L1_NS,32NVL_NS,0.007,0.007
2930,32Nvl_L1_EW,32NVL_EW,0.007,0.002
2930,32Nvl_L2_EW,32NVL_EW,0.008,0.004
2930,32Nvl_L1_EW,32NVL_EW,0.007,0.002
2930,NvcNvl_L1_EW,NVCNVL_EW,0.035,0.035
2930,32Mt_L1_EW,32MT_EW,0.007,0.002
2930,32Mt_L1_NS,NONE,0.01,0.0
2930,304Nvl_L3_EW,NONE,0.013,0.0
2930,32Nvl_L3_EW,NONE,0.006,0.0
2930,32Nvl_L1_NS,32NVL_NS,0.013,0.013
2930,32Mt_L2_EW,32MT_EW,0.005,0.0
2930,32Mt_L2_NS,NONE,0.009,0.0
2930,NvcMt_L1_EW,NVCMT_EW,0.006,-0.019
2935,304Nvl_L1_NS,304NVL_NS,0.009,0.004
2935,304Nvl_L1_EW,304NVL_EW,0.059,0.059
2935,304Nvl_L2_EW,304NVL_EW,0.015,0.015
2935,32Nvl_L1_NS,32NVL_NS,0.007,0.001
2935,32Nvl_L1_EW,32NVL_EW,0.014,0.009
2935,32Nvl_L2_EW,32NVL_EW,0.015,0.012
2935,NvcNvl_L1_EW,NONE,0.011,0.0
2935,NvcNvl_L2_EW,NONE,0.008,0.0
2935,32Mt_L1_EW,NONE,0.043,0.0
2935,32Mt_L1_EW,32MT_EW,0.007,-0.003
2935,304Nvl_L3_EW,NONE,0.013,0.0
2935,32Nvl_L3_EW,NONE,0.013,0.0
2935,32Nvl_L1_NS,32NVL_NS,0.013,0.007
2935,32Mt_L2_EW,32MT_EW,0.005,-0.005
2940,304Nvl_L1_EW,304NVL_EW,0.169,0.169
2940,304Nvl_L2_EW,304NVL_EW,0.145,0.145
2940,32Nvl_L1_EW,32NVL_EW,0.007,-0.022
2940,32Nvl_L2_EW,32NVL_EW,0.008,0.004
2940,32Nvl_L1_EW,32NVL_EW,0.007,-0.023
2940,32Nvl_L3_NS,NONE,0.017,0.0
2940,32Nvl_L2_NS,32NVL_NS,0.016,0.016
2940,NvcNvl_L3_NS,NONE,0.007,0.0
2940,NvcNvl_L2_NS,NONE,0.007,0.0
2940,32Mt_L1_EW,NONE,0.014,0.0
2940,32Mt_L1_EW,32MT_EW,0.042,0.037
2940,304Nvl_L3_EW,NONE,0.127,0.0
2940,32Nvl_L3_EW,NONE,0.006,0.0
2940,32Nvl_L1_NS,32NVL_NS,0.027,0.027
2940,NvcNvl_L1_NS,NONE,0.009,0.0
2940,32Mt_L2_EW,32MT_EW,0.005,0.0
2945,304Nvl_L1_EW,304NVL_EW,0.203,0.203
2945,304Nvl_L2_EW,304NVL_EW,0.174,0.174
2945,32Nvl_L1_EW,32NVL_EW,0.007,-0.022
2945,32Nvl_L2_EW,32NVL_EW,0.008,-0.015
2945,32Nvl_L3_NS,NONE,0.042,0.0
2945,32Nvl_L2_NS,32NVL_NS,0.039,0.039
2945,NvcNvl_L3_NS,NONE,0.007,0.0
2945,NvcNvl_L2_NS,NONE,0.007,0.0
2945,32Mt_L1_EW,NONE,0.007,0.0
2945,32Mt_L1_EW,32MT_EW,0.042,0.037
2945,304Nvl_L3_EW,NONE,0.152,0.0
2945,32Nvl_L3_EW,NONE,0.006,0.0
2945,32Nvl_L1_NS,32NVL_NS,0.047,0.047
2945,NvcNvl_L1_NS,NONE,0.009,0.0
2945,32Mt_L2_EW,32MT_EW,0.033,0.027
2950,304Nvl_L1_EW,304NVL_EW,0.203,0.203
2950,304Nvl_L2_EW,304NVL_EW,0.174,0.174
2950,32Nvl_L1_EW,32NVL_EW,0.007,-0.017
2950,32Nvl_L2_EW,32NVL_EW,0.008,-0.011
2950,32Nvl_L3_NS,NONE,0.05,0.0
2950,32Nvl_L2_NS,32NVL_NS,0.047,0.047
2950,NvcNvl_L3_NS,NONE,0.007,0.0
2950,NvcNvl_L2_NS,NONE,0.007,0.0
2950,NvcNvl_L1_EW,NVCNVL_EW,0.014,0.01
2950,NvcNvl_L2_EW,NVCNVL_EW,0.008,0.008
2950,32Mt_L1_EW,NONE,0.043,0.0
2950,32Mt_L3_EW,NONE,0.044,0.0
2950,32Mt_L1_EW,32MT_EW,0.035,0.03
2950,NvcMt_L1_EW,NVCMT_EW,0.006,-0.004
2950,NvcCmt8_L2_NS,NONE,0.011,0.0
2950,NvcCmt8_L1_NS,NONE,0.008,0.0
2950,304Nvl_L3_EW,NONE,0.152,0.0
2950,32Nvl_L3_EW,NONE,0.006,0.0
2950,32Nvl_L1_NS,32NVL_NS,0.047,0.047
2950,NvcNvl_L1_NS,NONE,0.009,0.0
2950,NvcNvl_L3_EW,NONE,0.009,0.0
2950,32Mt_L2_EW,NONE,0.045,0.0
2950,32Mt_L2_EW,32MT_EW,0.027,0.022
2950,NvcMt_L2_EW,NVCMT_EW,0.008,0.002
2955,304Nvl_L1_EW,304NVL_EW,0.212,0.212
2955,304Nvl_L2_EW,304NVL_EW,0.174,0.174
2955,304Nvl_L1_NS,NONE,0.015,0.0
2955,304Nvl_L3_NS,NONE,0.016,0.0
2955,32Nvl_L1_NS,32NVL_NS,0.007,0.007
2955,32Nvl_L1_EW,32NVL_EW,0.007,0.007
2955,32Nvl_L2_EW,32NVL_EW,0.008,0.008
2955,32Nvl_L3_NS,NONE,0.008,0.0
2955,32Nvl_L2_NS,32NVL_NS,0.008,0.008
2955,NvcNvl_L3_NS,NONE,0.034,0.0
2955,NvcNvl_L2_NS,NONE,0.04,0.0
2955,32Mt_L1_EW,NONE,0.043,0.0
2955,32Mt_L3_EW,NONE,0.009,0.0
2955,NvcMt_L1_EW,NVCMT_EW,0.006,0.006
2955,304Nvl_L3_EW,NONE,0.152,0.0
2955,304Nvl_L2_NS,NONE,0.015,0.0
2955,32Nvl_L2_NS,32NVL_NS,0.007,0.007
2955,32Nvl_L3_EW,NONE,0.006,0.0
2955,32Nvl_L1_NS,32NVL_NS,0.007,0.007
2955,NvcNvl_L1_NS,NONE,0.052,0.0
2955,32Mt_L2_EW,NONE,0.008,0.0
2955,NvcMt_L2_EW,NVCMT_EW,0.008,0.008
2960,304Nvl_L1_EW,304NVL_EW,0.178,0.178
2960,304Nvl_L2_EW,304NVL_EW,0.145,0.145
2960,304Nvl_L1_NS,NONE,0.007,0.0
2960,32Nvl_L1_EW,32NVL_EW,0.007,-0.023
2960,32Nvl_L2_EW,32NVL_EW,0.008,-0.017
2960,NvcNvl_L3_NS,NONE,0.007,0.0
2960,NvcNvl_L2_NS,NONE,0.007,0.0
2960,32Mt_L1_EW,NONE,0.007,0.0
2960,32Mt_L3_EW,NONE,0.009,0.0
2960,32Mt_L1_EW,32MT_EW,0.035,0.03
2960,NvcMt_L1_EW,NVCMT_EW,0.006,0.006
2960,NvcCmt8_L2_NS,NONE,0.012,0.0
2960,32Thn_L1_EW,32THN_EW,0.008,0.003
2960,32Thn_L2_EW,32THN_EW,0.008,0.003
2960,32Thn_L3_EW,NONE,0.008,0.0
2960,304Nvl_L3_EW,NONE,0.127,0.0
2960,304Nvl_L2_NS,NONE,0.007,0.0
2960,32Nvl_L3_EW,NONE,0.006,0.0
2960,NvcNvl_L1_NS,NONE,0.009,0.0
2960,32Mt_L2_EW,NONE,0.008,0.0
2960,32Mt_L2_EW,32MT_EW,0.027,0.022
2960,NvcMt_L2_EW,NVCMT_EW,0.008,0.008
2960,NvcCmt8_L1_NS,NONE,0.011,0.0
2965,304Nvl_L1_EW,304NVL_EW,0.11,0.11
2965,304Nvl_L2_EW,304NVL_EW,0.087,0.087
2965,304Nvl_L1_NS,NONE,0.044,0.0
2965,304Nvl_L3_NS,NONE,0.008,0.0
2965,32Nvl_L1_EW,32NVL_EW,0.007,0.001
2965,32Nvl_L2_EW,32NVL_EW,0.008,0.002
2965,NvcNvl_L3_NS,NONE,0.007,0.0
2965,NvcNvl_L2_NS,NONE,0.013,0.0
2965,32Mt_L1_EW,NONE,0.007,0.0
2965,32Mt_L1_NS,NONE,0.049,0.0
2965,32Thn_L1_EW,32THN_EW,0.008,0.003
2965,32Thn_L2_EW,32THN_EW,0.008,0.003
2965,32Thn_L3_EW,NONE,0.008,0.0
2965,304Nvl_L3_EW,NONE,0.07,0.0
2965,304Nvl_L2_NS,NONE,0.007,0.0
2965,32Nvl_L3_EW,NONE,0.006,0.0
2965,NvcNvl_L1_NS,NONE,0.017,0.0
2970,304Nvl_L1_EW,304NVL_EW,0.135,0.135
2970,304Nvl_L2_EW,304NVL_EW,0.102,0.102
2970,304Nvl_L1_EW,NONE,0.008,0.0
2970,304Nvl_L1_NS,NONE,0.073,0.0
2970,304Nvl_L2_EW,NONE,0.009,0.0
2970,32Nvl_L1_EW,32NVL_EW,0.007,0.002
2970,32Nvl_L2_EW,32NVL_EW,0.008,0.004
2970,NvcNvl_L3_NS,NONE,0.007,0.0
2970,NvcNvl_L2_NS,NONE,0.007,0.0
2970,NvcNvl_L1_EW,NVCNVL_EW,0.014,0.014
2970,NvcNvl_L2_EW,NVCNVL_EW,0.008,0.008
2970,32Mt_L1_EW,NONE,0.036,0.0
2970,32Mt_L1_EW,32MT_EW,0.007,0.002
2970,32Thn_L1_EW,NONE,0.01,0.0
2970,304Nvl_L3_EW,NONE,0.089,0.0
2970,304Nvl_L3_EW,NONE,0.008,0.0
2970,32Nvl_L3_EW,NONE,0.006,0.0
2970,NvcNvl_L1_NS,NONE,0.009,0.0
2970,NvcNvl_L3_EW,NONE,0.009,0.0
2970,32Mt_L2_EW,32MT_EW,0.005,0.0
2975,304Nvl_L1_EW,304NVL_EW,0.169,0.169
2975,304Nvl_L2_EW,304NVL_EW,0.138,0.138
2975,304Nvl_L1_EW,NONE,0.008,0.0
2975,304Nvl_L1_NS,NONE,0.036,0.0
2975,304Nvl_L2_EW,NONE,0.009,0.0
2975,32Nvl_L1_EW,32NVL_EW,0.007,0.007
2975,32Nvl_L2_EW,32NVL_EW,0.008,0.008
2975,NvcNvl_L1_EW,NONE,0.011,0.0
2975,NvcNvl_L2_EW,NONE,0.008,0.0
2975,32Mt_L1_EW,NONE,0.036,0.0
2975,NvcCmt8_L2_EW,NVCCMT8_EW,0.026,0.026
2975,32Thn_L1_EW,NONE,0.01,0.0
2975,304Nvl_L3_EW,NONE,0.12,0.0
2975,304Nvl_L3_EW,NONE,0.008,0.0
2975,NvcCmt8_L1_EW,NVCCMT8_EW,0.038,0.038
2980,304Nvl_L1_NS,304NVL_NS,0.009,0.009
2980,304Nvl_L1_EW,304NVL_EW,0.161,0.161
2980,304Nvl_L2_EW,304NVL_EW,0.138,0.138
2980,32Nvl_L3_NS,NONE,0.008,0.0
2980,32Nvl_L2_NS,32NVL_NS,0.008,0.008
2980,NvcNvl_L1_EW,NONE,0.011,0.0
2980,NvcNvl_L2_EW,NONE,0.008,0.0
2980,32Mt_L1_EW,NONE,0.043,0.0
2980,32Mt_L3_EW,NONE,0.053,0.0
2980,32Mt_L1_NS,NONE,0.049,0.0
2980,NvcMt_L1_NS,NVCMT_NS,0.007,0.007
2980,NvcCmt8_L2_EW,NVCCMT8_EW,0.026,0.026
2980,304Nvl_L3_EW,NONE,0.12,0.0
2980,32Nvl_L1_NS,32NVL_NS,0.013,0.007
2980,NvcNvl_L3_EW,NONE,0.006,0.0
2980,32Mt_L2_EW,NONE,0.045,0.0
2980,32Mt_L2_NS,NONE,0.043,0.0
2980,NvcMt_L2_NS,NVCMT_NS,0.005,0.005
2980,NvcCmt8_L1_EW,NVCCMT8_EW,0.038,0.038
2985,304Nvl_L1_NS,304NVL_NS,0.054,0.054
2985,304Nvl_L3_NS,NONE,0.037,0.0
2985,304Nvl_L1_EW,304NVL_EW,0.254,0.254
2985,304Nvl_L2_EW,304NVL_EW,0.123,0.123
2985,304Nvl_L1_NS,NONE,0.007,0.0
2985,32Nvl_L3_NS,NONE,0.017,0.0
2985,32Nvl_L2_NS,32NVL_NS,0.016,-0.011
2985,32Mt_L1_NS,32MT_NS,0.031,0.017
2985,32Mt_L1_EW,NONE,0.05,0.0
2985,32Mt_L3_EW,NONE,0.062,0.0
2985,32Mt_L1_NS,NONE,0.01,0.0
2985,NvcMt_L1_NS,NVCMT_NS,0.02,-0.001
2985,32Thn_L1_EW,NONE,0.01,0.0
2985,32Thn_L2_EW,NONE,0.01,0.0
2985,32Thn_L3_EW,NONE,0.007,0.0
2985,304Nvl_L2_NS,304NVL_NS,0.038,0.027
2985,304Nvl_L3_EW,NONE,0.108,0.0
2985,32Nvl_L1_NS,32NVL_NS,0.02,-0.018
2985,32Mt_L2_NS,32MT_NS,0.032,0.021
2985,32Mt_L2_EW,NONE,0.053,0.0
2985,32Mt_L2_NS,NONE,0.009,0.0
2985,NvcMt_L2_NS,NVCMT_NS,0.016,-0.006
2985,NvcCmt8_L1_EW,NONE,0.029,0.0
2990,304Nvl_L1_EW,304NVL_EW,0.22,0.22
2990,304Nvl_L2_EW,304NVL_EW,0.065,0.065
2990,304Nvl_L1_NS,NONE,0.007,0.0
2990,32Nvl_L3_NS,NONE,0.017,0.0
2990,32Nvl_L2_NS,32NVL_NS,0.016,0.016
2990,NvcNvl_L3_NS,NONE,0.007,0.0
2990,NvcNvl_L2_NS,NONE,0.007,0.0
2990,32Mt_L1_NS,32MT_NS,0.038,0.023
2990,32Mt_L1_EW,NONE,0.036,0.0
2990,32Mt_L3_EW,NONE,0.044,0.0
2990,32Mt_L1_EW,32MT_EW,0.035,0.035
2990,32Mt_L1_NS,NONE,0.098,0.0
2990,NvcMt_L1_NS,NVCMT_NS,0.02,-0.006
2990,32Thn_L1_EW,32THN_EW,0.008,0.008
2990,304Nvl_L3_EW,NONE,0.057,0.0
2990,32Nvl_L1_NS,32NVL_NS,0.02,0.02
2990,NvcNvl_L1_NS,NONE,0.009,0.0
2990,32Mt_L2_NS,32MT_NS,0.032,0.021
2990,32Mt_L2_EW,NONE,0.038,0.0
2990,32Mt_L2_EW,32MT_EW,0.027,0.027
2990,NvcMt_L2_NS,NVCMT_NS,0.016,-0.006
2995,304Nvl_L1_EW,304NVL_EW,0.102,0.102
2995,304Nvl_L1_NS,NONE,0.007,0.0
2995,32Nvl_L3_NS,NONE,0.058,0.0
2995,32Nvl_L2_NS,32NVL_NS,0.055,0.055
2995,NvcNvl_L1_EW,NONE,0.011,0.0
2995,NvcNvl_L2_EW,NONE,0.008,0.0
2995,32Mt_L1_NS,32MT_NS,0.038,0.023
2995,32Mt_L1_EW,32MT_EW,0.056,0.056
2995,32Mt_L1_NS,NONE,0.059,0.0
2995,NvcMt_L1_NS,NVCMT_NS,0.02,-0.006
2995,32Nvl_L1_NS,32NVL_NS,0.047,0.047
2995,32Mt_L2_NS,32MT_NS,0.032,0.021
2995,32Mt_L2_EW,32MT_EW,0.044,0.044
2995,32Mt_L2_NS,NONE,0.043,0.0
2995,NvcMt_L2_NS,NVCMT_NS,0.016,-0.006
3000,304Nvl_L1_EW,304NVL_EW,0.008,0.008
3000,304Nvl_L1_NS,NONE,0.051,0.0
3000,32Nvl_L3_NS,NONE,0.034,0.0
3000,32Nvl_L1_NS,32NVL_NS,0.035,0.035
3000,32Nvl_L1_EW,32NVL_EW,0.035,0.035
3000,32Nvl_L2_EW,32NVL_EW,0.039,0.039
3000,32Nvl_L3_NS,NONE,0.058,0.0
3000,32Nvl_L2_NS,32NVL_NS,0.055,0.055
3000,32Mt_L1_NS,32MT_NS,0.038,0.023
3000,NvcMt_L2_EW,NVCMT_EW,0.003,0.003
3000,NvcMt_L1_NS,NVCMT_NS,0.02,-0.006
3000,32Thn_L1_EW,NONE,0.01,0.0
3000,32Thn_L2_EW,NONE,0.01,0.0
3000,32Thn_L3_EW,NONE,0.007,0.0
3000,32Nvl_L2_NS,32NVL_NS,0.033,0.033
3000,32Nvl_L3_EW,NONE,0.031,0.0
3000,32Nvl_L1_NS,32NVL_NS,0.047,0.047
3000,32Mt_L2_NS,32MT_NS,0.032,0.021
3000,NvcMt_L1_EW,NVCMT_EW,0.006,0.006
3000,NvcMt_L2_NS,NVCMT_NS,0.016,-0.006
3005,304Nvl_L1_EW,304NVL_EW,0.008,0.008
3005,304Nvl_L2_EW,304NVL_EW,0.007,0.007
3005,304Nvl_L1_NS,NONE,0.051,0.0
3005,32Nvl_L3_NS,NONE,0.034,0.0
3005,32Nvl_L1_NS,32NVL_NS,0.069,0.069
3005,32Nvl_L1_EW,32NVL_EW,0.007,-0.003
3005,32Nvl_L2_EW,32NVL_EW,0.008,0.004
3005,32Nvl_L3_NS,NONE,0.109,0.0
3005,32Nvl_L2_NS,32NVL_NS,0.103,0.103
3005,32Mt_L1_NS,32MT_NS,0.031,0.017
3005,32Mt_L1_EW,NONE,0.043,0.0
3005,32Mt_L1_EW,32MT_EW,0.007,0.002
3005,NvcMt_L1_NS,NVCMT_NS,0.02,-0.001
3005,32Thn_L1_EW,32THN_EW,0.008,0.003
3005,304Nvl_L3_EW,NONE,0.006,0.0
3005,32Nvl_L2_NS,32NVL_NS,0.067,0.067
3005,32Nvl_L3_EW,NONE,0.006,0.0
3005,32Nvl_L1_NS,32NVL_NS,0.121,0.121
3005,32Mt_L2_EW,32MT_EW,0.005,0.0
3005,NvcMt_L2_NS,NVCMT_NS,0.016,0.016
3010,304Nvl_L1_EW,304NVL_EW,0.008,0.008
3010,304Nvl_L1_NS,NONE,0.044,0.0
3010,32Nvl_L3_NS,NONE,0.034,0.0
3010,32Nvl_L1_NS,32NVL_NS,0.069,0.069
3010,32Nvl_L3_NS,NONE,0.117,0.0
3010,32Nvl_L2_NS,32NVL_NS,0.111,0.111
3010,32Mt_L1_NS,32MT_NS,0.031,0.017
3010,32Mt_L1_EW,NONE,0.007,0.0
3010,32Mt_L1_EW,32MT_EW,0.042,0.042
3010,32Mt_L1_NS,NONE,0.049,0.0
3010,NvcMt_L1_NS,NVCMT_NS,0.02,-0.001
3010,32Nvl_L2_NS,32NVL_NS,0.067,0.067
3010,32Nvl_L1_NS,32NVL_NS,0.128,0.128
3010,32Mt_L2_EW,32MT_EW,0.005,0.005
3010,NvcMt_L2_NS,NVCMT_NS,0.016,0.016
3015,304Nvl_L1_EW,304NVL_EW,0.025,0.025
3015,304Nvl_L2_EW,304NVL_EW,0.015,0.015
3015,304Nvl_L1_NS,NONE,0.044,0.0
3015,32Nvl_L3_NS,NONE,0.041,0.0
3015,32Nvl_L1_NS,32NVL_NS,0.076,0.076
3015,32Nvl_L3_NS,NONE,0.117,0.0
3015,32Nvl_L2_NS,32NVL_NS,0.111,0.111
3015,NvcNvl_L1_EW,NONE,0.011,0.0
3015,NvcNvl_L2_EW,NONE,0.008,0.0
3015,32Mt_L1_NS,32MT_NS,0.031,0.017
3015,32Mt_L1_EW,NONE,0.007,0.0
3015,32Mt_L1_EW,32MT_EW,0.035,0.035
3015,NvcMt_L2_NS,NONE,0.005,0.0
3015,NvcMt_L1_NS,NVCMT_NS,0.02,-0.001
3015,304Nvl_L3_EW,NONE,0.013,0.0
3015,32Nvl_L2_NS,32NVL_NS,0.073,0.073
3015,32Nvl_L1_NS,32NVL_NS,0.134,0.134
3015,NvcNvl_L3_EW,NONE,0.006,0.0
3015,32Mt_L2_EW,32MT_EW,0.027,0.027
3015,NvcMt_L1_NS,NONE,0.005,0.0
3015,NvcMt_L2_NS,NVCMT_NS,0.016,0.016
3020,32Nvl_L3_NS,NONE,0.034,0.0
3020,32Nvl_L1_NS,32NVL_NS,0.076,0.076
3020,32Nvl_L3_NS,NONE,0.117,0.0
3020,32Nvl_L2_NS,32NVL_NS,0.118,0.118
3020,NvcNvl_L1_EW,NONE,0.011,0.0
3020,NvcNvl_L2_EW,NONE,0.008,0.0
3020,NvcMt_L1_NS,NVCMT_NS,0.02,0.02
3020,32Nvl_L2_NS,32NVL_NS,0.073,0.073
3020,32Nvl_L1_NS,32NVL_NS,0.107,0.107
3020,NvcNvl_L3_EW,NONE,0.006,0.0
3020,NvcMt_L2_NS,NVCMT_NS,0.016,0.016
3025,304Nvl_L1_NS,NONE,0.015,0.0
3025,32Nvl_L3_NS,NONE,0.048,0.0
3025,32Nvl_L1_NS,32NVL_NS,0.083,0.083
3025,32Nvl_L3_NS,NONE,0.125,0.0
3025,32Nvl_L2_NS,32NVL_NS,0.118,0.118
3025,NvcNvl_L2_NS,NONE,0.007,0.0
3025,NvcMt_L1_NS,NVCMT_NS,0.02,0.02
3025,32Nvl_L2_NS,32NVL_NS,0.08,0.08
3025,32Nvl_L1_NS,32NVL_NS,0.107,0.107
3025,NvcNvl_L1_NS,NONE,0.009,0.0
3025,NvcMt_L2_NS,NVCMT_NS,0.016,0.016
3030,32Nvl_L3_NS,NONE,0.055,0.0
3030,32Nvl_L1_NS,32NVL_NS,0.097,0.097
3030,32Nvl_L1_EW,32NVL_EW,0.007,0.007
3030,32Nvl_L2_EW,32NVL_EW,0.007,0.007
3030,32Nvl_L3_NS,NONE,0.167,0.0
3030,32Nvl_L2_NS,32NVL_NS,0.158,0.158
3030,32Nvl_L2_NS,32NVL_NS,0.093,0.093
3030,32Nvl_L3_EW,NONE,0.006,0.0
3030,32Nvl_L1_NS,32NVL_NS,0.134,0.134
3035,32Nvl_L3_NS,NONE,0.082,0.0
3035,32Nvl_L1_NS,32NVL_NS,0.09,0.09
3035,32Nvl_L1_EW,32NVL_EW,0.007,0.002
3035,32Nvl_L2_EW,32NVL_EW,0.007,0.004
3035,32Nvl_L3_NS,NONE,0.1,0.0
3035,32Nvl_L2_NS,32NVL_NS,0.095,0.095
3035,32Mt_L1_EW,32MT_EW,0.007,0.007
3035,NvcMt_L1_NS,NVCMT_NS,0.007,0.007
3035,32Nvl_L2_NS,32NVL_NS,0.087,0.087
3035,32Nvl_L3_EW,NONE,0.006,0.0
3035,32Nvl_L1_NS,32NVL_NS,0.081,0.081
3035,32Mt_L2_EW,32MT_EW,0.005,0.005
3035,NvcMt_L2_NS,NVCMT_NS,0.005,0.005
3040,304Nvl_L1_EW,304NVL_EW,0.008,0.008
3040,304Nvl_L2_EW,304NVL_EW,0.007,0.007
3040,32Nvl_L3_NS,NONE,0.061,0.0
3040,32Nvl_L1_NS,32NVL_NS,0.097,0.097
3040,32Nvl_L1_EW,32NVL_EW,0.007,0.002
3040,32Nvl_L2_EW,32NVL_EW,0.007,0.004
3040,32Nvl_L3_NS,NONE,0.025,0.0
3040,32Nvl_L2_NS,32NVL_NS,0.024,0.024
3040,32Mt_L1_EW,32MT_EW,0.007,0.007
3040,NvcMt_L2_NS,NONE,0.026,0.0
3040,304Nvl_L3_EW,NONE,0.006,0.0
3040,32Nvl_L2_NS,32NVL_NS,0.093,0.093
3040,32Nvl_L3_EW,NONE,0.006,0.0
3040,32Nvl_L1_NS,32NVL_NS,0.054,0.054
3040,32Mt_L2_EW,32MT_EW,0.005,0.005
3040,NvcMt_L1_NS,NONE,0.027,0.0
3045,32Nvl_L3_NS,NONE,0.048,0.0
3045,32Nvl_L1_NS,32NVL_NS,0.083,0.083
3045,32Nvl_L1_EW,32NVL_EW,0.007,0.002
3045,32Nvl_L2_EW,32NVL_EW,0.007,0.004
3045,32Nvl_L3_NS,NONE,0.008,0.0
3045,32Nvl_L2_NS,32NVL_NS,0.008,0.008
3045,32Mt_L1_EW,32MT_EW,0.007,0.007
3045,NvcMt_L2_NS,NONE,0.026,0.0
3045,32Nvl_L2_NS,32NVL_NS,0.053,0.053
3045,32Nvl_L3_EW,NONE,0.006,0.0
3045,32Nvl_L1_NS,32NVL_NS,0.047,0.047
3045,32Mt_L2_EW,32MT_EW,0.005,0.005
3045,NvcMt_L1_NS,NONE,0.027,0.0
3050,304Nvl_L1_EW,304NVL_EW,0.008,0.008
3050,304Nvl_L2_EW,304NVL_EW,0.007,0.007
3050,32Nvl_L3_NS,NONE,0.014,0.0
3050,32Nvl_L1_NS,32NVL_NS,0.028,0.028
3050,32Nvl_L1_EW,32NVL_EW,0.007,0.002
3050,32Nvl_L2_EW,32NVL_EW,0.007,0.004
3050,32Nvl_L3_NS,NONE,0.008,0.0
3050,32Nvl_L2_NS,32NVL_NS,0.008,0.008
3050,NvcNvl_L1_EW,NONE,0.011,0.0
3050,NvcNvl_L2_EW,NONE,0.008,0.0
3050,32Mt_L1_EW,32MT_EW,0.007,0.007
3050,304Nvl_L3_EW,NONE,0.006,0.0
3050,32Nvl_L2_NS,32NVL_NS,0.02,0.02
3050,32Nvl_L3_EW,NONE,0.006,0.0
3050,32Nvl_L1_NS,32NVL_NS,0.054,0.054
3050,NvcNvl_L3_EW,NONE,0.006,0.0
3050,32Mt_L2_EW,32MT_EW,0.005,0.005
3055,32Nvl_L1_NS,32NVL_NS,0.014,0.014
3055,32Nvl_L1_EW,32NVL_EW,0.007,-0.003
3055,32Nvl_L2_EW,32NVL_EW,0.007,0.0
3055,32Mt_L1_EW,NONE,0.014,0.0
3055,32Mt_L3_EW,NONE,0.009,0.0
3055,32Mt_L1_EW,32MT_EW,0.014,0.014
3055,32Nvl_L2_NS,32NVL_NS,0.007,0.007
3055,32Nvl_L3_EW,NONE,0.006,0.0
3055,32Nvl_L1_NS,32NVL_NS,0.013,0.013
3055,32Mt_L2_EW,NONE,0.015,0.0
3055,32Mt_L2_EW,32MT_EW,0.011,0.011
3060,304Nvl_L1_EW,304NVL_EW,0.017,0.017
3060,304Nvl_L2_EW,304NVL_EW,0.007,0.007
3060,32Nvl_L1_NS,32NVL_NS,0.007,0.007
3060,32Nvl_L1_EW,32NVL_EW,0.007,-0.008
3060,32Nvl_L2_EW,32NVL_EW,0.007,0.0
3060,32Mt_L1_EW,32MT_EW,0.021,0.021
3060,32Mt_L1_NS,NONE,0.01,0.0
3060,NvcMt_L1_EW,NVCMT_EW,0.006,0.006
3060,304Nvl_L3_EW,NONE,0.006,0.0
3060,32Nvl_L3_EW,NONE,0.006,0.0
3060,32Nvl_L1_NS,32NVL_NS,0.054,0.054
3060,32Mt_L2_EW,32MT_EW,0.011,0.011
3060,32Mt_L2_NS,NONE,0.009,0.0
3060,NvcMt_L2_EW,NVCMT_EW,0.008,0.008
3065,32Nvl_L1_EW,32NVL_EW,0.007,-0.008
3065,32Nvl_L2_EW,32NVL_EW,0.007,0.0
3065,32Nvl_L3_NS,NONE,0.008,0.0
3065,32Nvl_L2_NS,32NVL_NS,0.008,0.008
3065,32Mt_L1_EW,32MT_EW,0.021,0.021
3065,NvcMt_L1_EW,NVCMT_EW,0.006,0.006
3065,32Nvl_L3_EW,NONE,0.006,0.0
3065,32Nvl_L1_NS,32NVL_NS,0.034,0.034
3065,32Mt_L2_EW,32MT_EW,0.011,0.011
3065,NvcMt_L2_EW,NVCMT_EW,0.008,0.008
3070,304Nvl_L1_NS,NONE,0.007,0.0
3070,32Nvl_L1_EW,32NVL_EW,0.007,-0.008
3070,32Nvl_L2_EW,32NVL_EW,0.007,0.0
3070,NvcNvl_L1_EW,NVCNVL_EW,0.035,0.031
3070,NvcNvl_L2_EW,NVCNVL_EW,0.039,0.039
3070,32Mt_L1_NS,32MT_NS,0.006,0.006
3070,32Mt_L1_EW,32MT_EW,0.021,0.021
3070,32Mt_L1_NS,NONE,0.01,0.0
3070,NvcMt_L2_NS,NONE,0.026,0.0
3070,NvcMt_L1_EW,NVCMT_EW,0.006,-0.018
3070,32Nvl_L3_EW,NONE,0.006,0.0
3070,32Nvl_L1_NS,32NVL_NS,0.013,0.013
3070,NvcNvl_L3_EW,NONE,0.047,0.0
3070,32Mt_L2_EW,32MT_EW,0.011,0.011
3070,NvcMt_L1_NS,NONE,0.027,0.0
3070,NvcMt_L2_EW,NVCMT_EW,0.008,-0.019
3075,304Nvl_L1_NS,NONE,0.036,0.0
3075,304Nvl_L3_NS,NONE,0.04,0.0
3075,32Nvl_L1_EW,32NVL_EW,0.042,0.033
3075,32Nvl_L2_EW,32NVL_EW,0.046,0.043
3075,32Nvl_L1_EW,32NVL_EW,0.007,-0.003
3075,32Nvl_L2_EW,32NVL_EW,0.007,0.004
3075,32Nvl_L3_NS,NONE,0.008,0.0
3075,32Nvl_L2_NS,32NVL_NS,0.008,0.008
3075,NvcNvl_L3_NS,NONE,0.041,0.0
3075,NvcNvl_L2_NS,NONE,0.04,0.0
3075,NvcNvl_L1_EW,NVCNVL_EW,0.035,0.031
3075,NvcNvl_L2_EW,NVCNVL_EW,0.039,0.039
3075,32Mt_L1_EW,32MT_EW,0.014,-0.016
3075,32Mt_L1_NS,NONE,0.01,0.0
3075,NvcMt_L2_NS,NONE,0.026,0.0
3075,NvcMt_L1_EW,NVCMT_EW,0.006,-0.018
3075,304Nvl_L2_NS,NONE,0.037,0.0
3075,32Nvl_L3_EW,NONE,0.006,0.0
3075,32Nvl_L3_EW,NONE,0.038,0.0
3075,32Nvl_L1_NS,32NVL_NS,0.007,0.007
3075,NvcNvl_L1_NS,NONE,0.052,0.0
3075,NvcNvl_L3_EW,NONE,0.047,0.0
3075,32Mt_L2_EW,32MT_EW,0.005,-0.027
3075,NvcMt_L1_NS,NONE,0.027,0.0
3075,NvcMt_L2_EW,NVCMT_EW,0.008,-0.019
3080,32Nvl_L1_EW,32NVL_EW,0.05,0.05
3080,32Nvl_L2_EW,32NVL_EW,0.054,0.054
3080,32Nvl_L1_EW,32NVL_EW,0.007,0.007
3080,32Nvl_L2_EW,32NVL_EW,0.007,0.007
3080,32Nvl_L3_NS,NONE,0.042,0.0
3080,32Nvl_L2_NS,32NVL_NS,0.039,0.039
3080,NvcNvl_L3_NS,NONE,0.075,0.0
3080,NvcNvl_L2_NS,NONE,0.073,0.0
3080,NvcNvl_L1_EW,NVCNVL_EW,0.035,0.035
3080,NvcNvl_L2_EW,NVCNVL_EW,0.039,0.039
3080,32Mt_L1_EW,NONE,0.007,0.0
3080,32Mt_L3_EW,NONE,0.009,0.0
3080,32Nvl_L3_EW,NONE,0.006,0.0
3080,32Nvl_L3_EW,NONE,0.044,0.0
3080,32Nvl_L1_NS,32NVL_NS,0.04,0.04
3080,NvcNvl_L1_NS,NONE,0.096,0.0
3080,NvcNvl_L3_EW,NONE,0.047,0.0
3080,32Mt_L2_EW,NONE,0.008,0.0
3085,304Nvl_L1_EW,304NVL_EW,0.042,0.042
3085,32Nvl_L1_EW,32NVL_EW,0.05,0.045
3085,32Nvl_L2_EW,32NVL_EW,0.054,0.05
3085,32Nvl_L1_EW,32NVL_EW,0.007,0.002
3085,32Nvl_L2_EW,32NVL_EW,0.007,0.004
3085,32Nvl_L3_NS,NONE,0.008,0.0
3085,32Nvl_L2_NS,32NVL_NS,0.008,0.008
3085,NvcNvl_L3_NS,NONE,0.02,0.0
3085,NvcNvl_L2_NS,NONE,0.026,0.0
3085,NvcNvl_L1_EW,NVCNVL_EW,0.035,0.035
3085,NvcNvl_L2_EW,NVCNVL_EW,0.039,0.03
3085,32Mt_L1_EW,NONE,0.007,0.0
3085,32Mt_L3_EW,NONE,0.009,0.0
3085,32Mt_L1_EW,32MT_EW,0.007,-0.028
3085,NvcMt_L2_EW,NVCMT_EW,0.013,-0.014
3085,32Nvl_L3_EW,NONE,0.006,0.0
3085,32Nvl_L3_EW,NONE,0.044,0.0
3085,32Nvl_L1_NS,32NVL_NS,0.013,0.013
3085,NvcNvl_L1_NS,NONE,0.035,0.0
3085,NvcNvl_L3_EW,NONE,0.047,0.0
3085,32Mt_L2_EW,NONE,0.008,0.0
3085,32Mt_L2_EW,32MT_EW,0.005,-0.032
3085,NvcMt_L1_EW,NVCMT_EW,0.028,0.003
3090,304Nvl_L1_NS,304NVL_NS,0.009,-0.02
3090,304Nvl_L3_NS,NONE,0.007,0.0
3090,304Nvl_L1_NS,NONE,0.044,0.0
3090,304Nvl_L3_NS,NONE,0.048,0.0
3090,32Nvl_L3_NS,NONE,0.007,0.0
3090,32Nvl_L1_NS,32NVL_NS,0.042,0.035
3090,32Nvl_L1_EW,32NVL_EW,0.042,0.042
3090,32Nvl_L2_EW,32NVL_EW,0.046,0.046
3090,32Nvl_L1_EW,32NVL_EW,0.007,0.007
3090,32Nvl_L2_EW,32NVL_EW,0.007,0.007
3090,NvcNvl_L3_NS,NONE,0.014,0.0
3090,NvcNvl_L2_NS,NONE,0.013,0.0
3090,NvcNvl_L1_EW,NONE,0.053,0.0
3090,NvcNvl_L2_EW,NONE,0.038,0.0
3090,32Mt_L1_NS,32MT_NS,0.006,0.006
3090,32Mt_L1_EW,NONE,0.007,0.0
3090,32Mt_L1_NS,NONE,0.01,0.0
3090,304Nvl_L2_NS,304NVL_NS,0.008,0.008
3090,304Nvl_L2_NS,NONE,0.044,0.0
3090,32Nvl_L2_NS,32NVL_NS,0.007,0.001
3090,32Nvl_L3_EW,NONE,0.006,0.0
3090,32Nvl_L3_EW,NONE,0.038,0.0
3090,32Nvl_L1_NS,32NVL_NS,0.007,0.0
3090,NvcNvl_L1_NS,NONE,0.017,0.0
3090,32Mt_L2_NS,NONE,0.009,0.0
3095,304Nvl_L1_NS,304NVL_NS,0.009,0.009
3095,304Nvl_L3_NS,NONE,0.007,0.0
3095,304Nvl_L1_EW,304NVL_EW,0.017,0.017
3095,304Nvl_L2_EW,304NVL_EW,0.015,0.015
3095,32Nvl_L1_EW,32NVL_EW,0.035,0.035
3095,32Nvl_L2_EW,32NVL_EW,0.039,0.039
3095,32Nvl_L1_EW,32NVL_EW,0.013,0.013
3095,32Nvl_L2_EW,32NVL_EW,0.007,0.007
3095,NvcNvl_L2_NS,NONE,0.007,0.0
3095,32Mt_L1_EW,NONE,0.014,0.0
3095,32Mt_L3_EW,NONE,0.009,0.0
3095,32Mt_L1_NS,NONE,0.01,0.0
3095,304Nvl_L2_NS,304NVL_NS,0.008,0.008
3095,304Nvl_L3_EW,NONE,0.013,0.0
3095,32Nvl_L3_EW,NONE,0.006,0.0
3095,32Nvl_L3_EW,NONE,0.031,0.0
3095,NvcNvl_L1_NS,NONE,0.009,0.0
3095,32Mt_L2_EW,NONE,0.008,0.0
3100,304Nvl_L1_NS,304NVL_NS,0.009,0.009
3100,304Nvl_L3_NS,NONE,0.007,0.0
3100,304Nvl_L1_EW,304NVL_EW,0.025,0.025
3100,304Nvl_L2_EW,304NVL_EW,0.015,0.015
3100,32Nvl_L1_EW,32NVL_EW,0.035,0.006
3100,32Nvl_L2_EW,32NVL_EW,0.039,0.02
3100,32Nvl_L1_EW,32NVL_EW,0.007,-0.023
3100,32Nvl_L2_EW,32NVL_EW,0.007,-0.012
3100,32Nvl_L3_NS,NONE,0.008,0.0
3100,32Nvl_L2_NS,32NVL_NS,0.008,0.003
3100,NvcNvl_L1_EW,NVCNVL_EW,0.021,0.017
3100,32Mt_L1_EW,NONE,0.007,0.0
3100,32Mt_L3_EW,NONE,0.009,0.0
3100,32Mt_L1_EW,32MT_EW,0.042,0.017
3100,NvcMt_L2_NS,NONE,0.005,0.0
3100,NvcMt_L1_EW,NVCMT_EW,0.006,-0.008
3100,NvcCmt8_L2_EW,NONE,0.037,0.0
3100,NvcCmt8_L2_NS,NONE,0.011,0.0
3100,NvcCmt8_L1_NS,NONE,0.008,0.0
3100,304Nvl_L2_NS,304NVL_NS,0.008,0.002
3100,304Nvl_L3_EW,NONE,0.013,0.0
3100,32Nvl_L3_EW,NONE,0.006,0.0
3100,32Nvl_L3_EW,NONE,0.031,0.0
3100,32Nvl_L1_NS,32NVL_NS,0.013,0.007
3100,32Mt_L2_EW,NONE,0.008,0.0
3100,32Mt_L2_EW,32MT_EW,0.027,0.0
3100,NvcMt_L1_NS,NONE,0.005,0.0
3100,NvcMt_L2_EW,NVCMT_EW,0.008,0.008
3100,NvcCmt8_L1_EW,NONE,0.029,0.0
3105,304Nvl_L1_NS,304NVL_NS,0.009,0.009
3105,304Nvl_L3_NS,NONE,0.007,0.0
3105,304Nvl_L1_EW,304NVL_EW,0.11,0.11
3105,304Nvl_L2_EW,304NVL_EW,0.087,0.087
3105,304Nvl_L1_EW,NONE,0.008,0.0
3105,32Nvl_L1_EW,32NVL_EW,0.071,0.061
3105,32Nvl_L2_EW,32NVL_EW,0.077,0.07
3105,32Nvl_L1_EW,32NVL_EW,0.007,-0.003
3105,32Nvl_L2_EW,32NVL_EW,0.007,0.0
3105,32Nvl_L3_NS,NONE,0.008,0.0
3105,32Nvl_L2_NS,32NVL_NS,0.008,0.003
3105,NvcNvl_L1_EW,NVCNVL_EW,0.007,0.007
3105,32Mt_L1_EW,32MT_EW,0.014,-0.036
3105,304Nvl_L2_NS,304NVL_NS,0.008,0.002
3105,304Nvl_L3_EW,NONE,0.076,0.0
3105,32Nvl_L3_EW,NONE,0.006,0.0
3105,32Nvl_L3_EW,NONE,0.063,0.0
3105,32Nvl_L1_NS,32NVL_NS,0.007,0.0
3105,32Mt_L2_EW,32MT_EW,0.011,-0.043
3110,304Nvl_L1_NS,304NVL_NS,0.009,0.009
3110,304Nvl_L3_NS,NONE,0.007,0.0
3110,304Nvl_L1_EW,304NVL_EW,0.102,0.102
3110,304Nvl_L2_EW,304NVL_EW,0.087,0.087
3110,304Nvl_L1_NS,NONE,0.007,0.0
3110,32Nvl_L1_EW,32NVL_EW,0.071,0.066
3110,32Nvl_L2_EW,32NVL_EW,0.077,0.077
3110,32Nvl_L1_EW,32NVL_EW,0.007,0.002
3110,32Nvl_L2_EW,32NVL_EW,0.007,0.007
3110,32Nvl_L3_NS,NONE,0.008,0.0
3110,32Nvl_L2_NS,32NVL_NS,0.008,0.003
3110,32Mt_L1_NS,32MT_NS,0.031,0.031
3110,32Mt_L1_EW,32MT_EW,0.007,-0.043
3110,304Nvl_L2_NS,304NVL_NS,0.008,0.002
3110,304Nvl_L3_EW,NONE,0.076,0.0
3110,32Nvl_L3_EW,NONE,0.006,0.0
3110,32Nvl_L3_EW,NONE,0.063,0.0
3110,32Nvl_L1_NS,32NVL_NS,0.007,0.0
3110,NvcCmt8_L1_EW,NVCCMT8_EW,0.038,0.038
3115,304Nvl_L1_NS,304NVL_NS,0.018,0.018
3115,304Nvl_L3_NS,NONE,0.007,0.0
3115,32Nvl_L1_EW,32NVL_EW,0.035,0.026
3115,32Nvl_L2_EW,32NVL_EW,0.039,0.039
3115,32Nvl_L1_EW,32NVL_EW,0.007,-0.003
3115,32Nvl_L2_EW,32NVL_EW,0.007,0.007
3115,32Mt_L1_NS,32MT_NS,0.031,0.031
3115,32Mt_L1_EW,32MT_EW,0.014,-0.011
3115,NvcCmt8_L2_NS,NONE,0.012,0.0
3115,304Nvl_L2_NS,304NVL_NS,0.008,0.008
3115,32Nvl_L3_EW,NONE,0.006,0.0
3115,32Nvl_L3_EW,NONE,0.031,0.0
3115,32Nvl_L1_NS,32NVL_NS,0.034,0.021
3115,NvcCmt8_L1_NS,NONE,0.011,0.0
3120,304Nvl_L1_NS,304NVL_NS,0.018,0.018
3120,304Nvl_L3_NS,NONE,0.007,0.0
3120,304Nvl_L1_EW,304NVL_EW,0.008,0.008
3120,304Nvl_L2_EW,304NVL_EW,0.007,0.007
3120,304Nvl_L1_NS,NONE,0.036,0.0
3120,304Nvl_L3_NS,NONE,0.04,0.0
3120,32Nvl_L1_EW,32NVL_EW,0.042,0.038
3120,32Nvl_L2_EW,32NVL_EW,0.046,0.043
3120,32Nvl_L1_EW,32NVL_EW,0.007,0.002
3120,32Nvl_L2_EW,32NVL_EW,0.007,0.004
3120,32Nvl_L3_NS,NONE,0.008,0.0
3120,32Nvl_L2_NS,32NVL_NS,0.008,0.003
3120,32Mt_L1_NS,32MT_NS,0.031,0.031
3120,32Mt_L1_EW,32MT_EW,0.007,-0.023
3120,NvcMt_L2_NS,NONE,0.053,0.0
3120,304Nvl_L2_NS,304NVL_NS,0.008,0.002
3120,304Nvl_L2_NS,NONE,0.037,0.0
3120,32Nvl_L3_EW,NONE,0.006,0.0
3120,32Nvl_L3_EW,NONE,0.038,0.0
3120,32Nvl_L1_NS,32NVL_NS,0.007,-0.006
3120,32Mt_L2_EW,32MT_EW,0.005,-0.027
3120,NvcMt_L1_NS,NONE,0.055,0.0
3125,304Nvl_L1_NS,304NVL_NS,0.018,0.018
3125,304Nvl_L3_NS,NONE,0.007,0.0
3125,304Nvl_L1_EW,304NVL_EW,0.008,0.008
3125,304Nvl_L2_EW,304NVL_EW,0.007,0.007
3125,32Nvl_L1_EW,32NVL_EW,0.035,0.001
3125,32Nvl_L2_EW,32NVL_EW,0.039,0.012
3125,32Nvl_L1_EW,32NVL_EW,0.007,-0.027
3125,32Nvl_L2_EW,32NVL_EW,0.007,-0.019
3125,32Nvl_L3_NS,NONE,0.017,0.0
3125,32Nvl_L2_NS,32NVL_NS,0.016,0.005
3125,32Mt_L1_EW,NONE,0.036,0.0
3125,32Mt_L3_EW,NONE,0.044,0.0
3125,32Mt_L1_EW,32MT_EW,0.049,0.024
3125,NvcMt_L2_NS,NONE,0.032,0.0
3125,NvcCmt8_L2_NS,NONE,0.011,0.0
3125,NvcCmt8_L1_NS,NONE,0.008,0.0
3125,304Nvl_L2_NS,304NVL_NS,0.015,0.004
3125,32Nvl_L3_EW,NONE,0.006,0.0
3125,32Nvl_L3_EW,NONE,0.031,0.0
3125,32Nvl_L1_NS,32NVL_NS,0.013,0.001
3125,32Mt_L2_EW,NONE,0.038,0.0
3125,32Mt_L2_EW,32MT_EW,0.038,0.011
3125,NvcMt_L1_NS,NONE,0.033,0.0
3130,304Nvl_L1_NS,304NVL_NS,0.009,-0.005
3130,304Nvl_L3_NS,NONE,0.007,0.0
3130,304Nvl_L1_EW,304NVL_EW,0.11,0.11
3130,304Nvl_L2_EW,304NVL_EW,0.007,0.007
3130,304Nvl_L1_NS,NONE,0.007,0.0
3130,32Nvl_L3_NS,NONE,0.014,0.0
3130,32Nvl_L1_NS,32NVL_NS,0.021,0.014
3130,32Nvl_L1_EW,32NVL_EW,0.05,0.045
3130,32Nvl_L2_EW,32NVL_EW,0.054,0.05
3130,32Nvl_L1_EW,32NVL_EW,0.007,0.002
3130,32Nvl_L2_EW,32NVL_EW,0.007,0.004
3130,32Mt_L1_NS,32MT_NS,0.006,0.006
3130,32Mt_L1_EW,NONE,0.043,0.0
3130,32Mt_L3_EW,NONE,0.009,0.0
3130,32Mt_L1_EW,32MT_EW,0.007,-0.028
3130,NvcCmt8_L2_EW,NVCCMT8_EW,0.026,0.026
3130,304Nvl_L2_NS,304NVL_NS,0.008,0.008
3130,304Nvl_L3_EW,NONE,0.006,0.0
3130,32Nvl_L2_NS,32NVL_NS,0.013,0.008
3130,32Nvl_L3_EW,NONE,0.006,0.0
3130,32Nvl_L3_EW,NONE,0.044,0.0
3130,32Mt_L2_EW,NONE,0.008,0.0
3130,32Mt_L2_EW,32MT_EW,0.005,-0.032
3130,NvcCmt8_L1_EW,NVCCMT8_EW,0.038,0.038
3135,304Nvl_L1_NS,304NVL_NS,0.054,0.04
3135,304Nvl_L3_NS,NONE,0.007,0.0
3135,32Nvl_L3_NS,NONE,0.007,0.0
3135,32Nvl_L1_NS,32NVL_NS,0.021,-0.017
3135,32Nvl_L1_EW,32NVL_EW,0.007,0.002
3135,32Nvl_L2_EW,32NVL_EW,0.008,0.004
3135,NvcNvl_L1_EW,NONE,0.011,0.0
3135,NvcNvl_L2_EW,NONE,0.008,0.0
3135,32Mt_L1_NS,32MT_NS,0.006,0.006
3135,32Mt_L1_EW,NONE,0.043,0.0
3135,32Mt_L1_EW,32MT_EW,0.007,0.002
3135,32Mt_L1_NS,NONE,0.01,0.0
3135,304Nvl_L2_NS,304NVL_NS,0.008,0.008
3135,32Nvl_L2_NS,32NVL_NS,0.013,0.008
3135,32Nvl_L3_EW,NONE,0.006,0.0
3135,NvcNvl_L3_EW,NONE,0.006,0.0
3135,32Mt_L2_EW,32MT_EW,0.005,0.0
3135,32Mt_L2_NS,NONE,0.009,0.0
3140,304Nvl_L1_NS,304NVL_NS,0.054,0.045
3140,304Nvl_L3_NS,NONE,0.007,0.0
3140,304Nvl_L1_EW,304NVL_EW,0.008,0.008
3140,304Nvl_L2_EW,304NVL_EW,0.007,0.007
3140,304Nvl_L1_NS,NONE,0.007,0.0
3140,32Nvl_L3_NS,NONE,0.007,0.0
3140,32Nvl_L1_NS,32NVL_NS,0.014,-0.024
3140,32Nvl_L1_EW,32NVL_EW,0.007,0.002
3140,32Nvl_L2_EW,32NVL_EW,0.008,0.004
3140,32Mt_L1_EW,NONE,0.043,0.0
3140,32Mt_L1_EW,32MT_EW,0.007,0.002
3140,304Nvl_L2_NS,304NVL_NS,0.008,0.008
3140,304Nvl_L3_EW,NONE,0.006,0.0
3140,32Nvl_L2_NS,32NVL_NS,0.013,0.008
3140,32Nvl_L3_EW,NONE,0.006,0.0
3140,32Nvl_L1_NS,32NVL_NS,0.007,-0.031
3140,32Mt_L2_EW,32MT_EW,0.005,0.0
3145,304Nvl_L1_NS,304NVL_NS,0.045,0.031
3145,304Nvl_L1_EW,304NVL_EW,0.017,0.017
3145,304Nvl_L2_EW,304NVL_EW,0.015,0.015
3145,32Nvl_L3_NS,NONE,0.007,0.0
3145,32Nvl_L1_NS,32NVL_NS,0.021,-0.011
3145,NvcNvl_L1_EW,NVCNVL_EW,0.007,-0.002
3145,32Mt_L1_NS,32MT_NS,0.006,0.006
3145,32Mt_L1_EW,NONE,0.036,0.0
3145,32Mt_L1_NS,NONE,0.01,0.0
3145,NvcMt_L1_EW,NVCMT_EW,0.013,0.008
3145,32Thn_L1_EW,NONE,0.01,0.0
3145,32Thn_L2_EW,NONE,0.01,0.0
3145,32Thn_L3_EW,NONE,0.007,0.0
3145,304Nvl_L2_NS,304NVL_NS,0.038,0.038
3145,304Nvl_L3_EW,NONE,0.013,0.0
3145,32Nvl_L2_NS,32NVL_NS,0.013,-0.013
3145,32Nvl_L1_NS,32NVL_NS,0.013,-0.018
3145,NvcMt_L2_EW,NVCMT_EW,0.016,0.016
3150,304Nvl_L1_EW,304NVL_EW,0.017,0.017
3150,304Nvl_L2_EW,304NVL_EW,0.015,0.015
3150,304Nvl_L1_NS,NONE,0.007,0.0
3150,32Nvl_L1_NS,32NVL_NS,0.007,0.007
3150,32Nvl_L3_NS,NONE,0.008,0.0
3150,32Nvl_L2_NS,32NVL_NS,0.016,0.016
3150,NvcNvl_L3_NS,NONE,0.034,0.0
3150,NvcNvl_L2_NS,NONE,0.033,0.0
3150,NvcNvl_L1_EW,NVCNVL_EW,0.007,0.003
3150,NvcMt_L1_EW,NVCMT_EW,0.006,0.001
3150,32Thn_L1_EW,32THN_EW,0.008,0.008
3150,304Nvl_L3_EW,NONE,0.013,0.0
3150,32Nvl_L1_NS,32NVL_NS,0.047,0.047
3150,NvcNvl_L1_NS,NONE,0.044,0.0
3150,NvcMt_L2_EW,NVCMT_EW,0.008,0.008
3155,304Nvl_L1_EW,304NVL_EW,0.025,0.025
3155,304Nvl_L2_EW,304NVL_EW,0.022,0.022
3155,304Nvl_L1_NS,NONE,0.007,0.0
3155,32Nvl_L3_NS,NONE,0.007,0.0
3155,32Nvl_L1_NS,32NVL_NS,0.007,0.007
3155,32Nvl_L3_NS,NONE,0.008,0.0
3155,32Nvl_L2_NS,32NVL_NS,0.008,0.008
3155,NvcNvl_L3_NS,NONE,0.007,0.0
3155,NvcNvl_L2_NS,NONE,0.007,0.0
3155,NvcNvl_L1_EW,NVCNVL_EW,0.007,0.007
3155,32Mt_L1_EW,NONE,0.007,0.0
3155,32Mt_L3_EW,NONE,0.009,0.0
3155,304Nvl_L3_EW,NONE,0.013,0.0
3155,32Nvl_L2_NS,32NVL_NS,0.007,0.007
3155,32Nvl_L1_NS,32NVL_NS,0.007,0.007
3155,NvcNvl_L1_NS,NONE,0.009,0.0
3155,32Mt_L2_EW,NONE,0.008,0.0
3160,304Nvl_L1_EW,304NVL_EW,0.008,0.008
3160,304Nvl_L2_EW,304NVL_EW,0.007,0.007
3160,304Nvl_L1_NS,NONE,0.007,0.0
3160,304Nvl_L3_NS,NONE,0.008,0.0
3160,NvcNvl_L1_EW,NONE,0.011,0.0
3160,NvcNvl_L2_EW,NONE,0.008,0.0
3160,32Mt_L1_NS,NONE,0.01,0.0
3160,304Nvl_L3_EW,NONE,0.006,0.0
3160,304Nvl_L2_NS,NONE,0.007,0.0
3160,32Nvl_L1_NS,32NVL_NS,0.007,0.007
3160,32Mt_L2_NS,NONE,0.009,0.0
3165,32Nvl_L1_NS,32NVL_NS,0.007,0.007
3165,32Mt_L1_EW,NONE,0.022,0.0
3165,32Mt_L3_EW,NONE,0.018,0.0
3165,32Mt_L1_NS,NONE,0.01,0.0
3165,NvcMt_L2_NS,NONE,0.005,0.0
3165,NvcMt_L1_NS,NVCMT_NS,0.007,0.007
3165,32Nvl_L2_NS,32NVL_NS,0.007,0.007
3165,32Nvl_L1_NS,32NVL_NS,0.007,0.007
3165,32Mt_L2_EW,NONE,0.015,0.0
3165,NvcMt_L1_NS,NONE,0.005,0.0
3165,NvcMt_L2_NS,NVCMT_NS,0.005,0.005
3170,304Thn_L1_EW,NONE,0.007,0.0
3170,304Thn_L2_EW,NONE,0.008,0.0
3170,304Nvl_L1_EW,304NVL_EW,0.008,0.008
3170,304Nvl_L1_NS,NONE,0.015,0.0
3170,32Mt_L1_EW,NONE,0.007,0.0
3170,32Mt_L1_NS,NONE,0.01,0.0
3170,32Nvl_L1_NS,32NVL_NS,0.007,0.007
3170,32Mt_L2_EW,NONE,0.008,0.0
3170,32Mt_L2_NS,NONE,0.009,0.0
3175,304Nvl_L1_EW,304NVL_EW,0.008,0.008
3175,304Nvl_L1_NS,NONE,0.007,0.0
3175,304Nvl_L3_NS,NONE,0.008,0.0
3175,32Mt_L1_EW,NONE,0.007,0.0
3175,32Mt_L3_EW,NONE,0.009,0.0
3175,32Mt_L1_EW,32MT_EW,0.014,0.014
3175,304Nvl_L2_NS,NONE,0.007,0.0
3175,32Mt_L2_EW,NONE,0.008,0.0
3180,304Thn_L1_EW,304THN_EW,0.008,0.002
3180,304Nvl_L1_EW,304NVL_EW,0.008,0.003
3180,32Nvl_L1_NS,32NVL_NS,0.007,0.007
3180,NvcNvl_L3_NS,NONE,0.007,0.0
3180,NvcNvl_L2_NS,NONE,0.007,0.0
3180,NvcNvl_L1_EW,NONE,0.021,0.0
3180,NvcNvl_L2_EW,NONE,0.015,0.0
3180,32Mt_L1_NS,32MT_NS,0.006,0.006
3180,32Mt_L1_EW,NONE,0.036,0.0
3180,32Mt_L3_EW,NONE,0.044,0.0
3180,32Mt_L1_EW,32MT_EW,0.014,0.014
3180,32Nvl_L2_NS,32NVL_NS,0.007,0.007
3180,NvcNvl_L1_NS,NONE,0.009,0.0
3180,NvcNvl_L3_EW,NONE,0.013,0.0
3180,32Mt_L2_EW,NONE,0.038,0.0
3180,32Mt_L2_EW,32MT_EW,0.005,0.005
3185,304Nvl_L1_EW,304NVL_EW,0.008,0.008
3185,NvcNvl_L1_EW,NONE,0.011,0.0
3185,NvcNvl_L2_EW,NONE,0.008,0.0
3185,32Mt_L1_NS,32MT_NS,0.031,0.031
3185,32Mt_L1_EW,NONE,0.05,0.0
3185,32Mt_L3_EW,NONE,0.053,0.0
3185,32Mt_L1_EW,32MT_EW,0.014,0.014
3185,NvcCmt8_L2_NS,NONE,0.011,0.0
3185,NvcCmt8_L1_NS,NONE,0.008,0.0
3185,32Nvl_L1_NS,32NVL_NS,0.007,0.007
3185,NvcNvl_L3_EW,NONE,0.006,0.0
3185,32Mt_L2_EW,NONE,0.045,0.0
3190,32Mt_L1_EW,NONE,0.007,0.0
3190,32Mt_L3_EW,NONE,0.009,0.0
3190,32Mt_L2_EW,NONE,0.008,0.0
3195,32Nvl_L1_NS,32NVL_NS,0.007,0.007
3195,NvcNvl_L3_NS,NONE,0.048,0.0
3195,NvcNvl_L2_NS,NONE,0.046,0.0
3195,NvcNvl_L1_EW,NVCNVL_EW,0.007,0.007
3195,32Mt_L1_EW,NONE,0.058,0.0
3195,32Mt_L3_EW,NONE,0.027,0.0
3195,32Mt_L1_EW,32MT_EW,0.007,0.007
3195,32Mt_L1_NS,NONE,0.049,0.0
3195,32Nvl_L2_NS,32NVL_NS,0.007,0.007
3195,NvcNvl_L1_NS,NONE,0.061,0.0
3195,32Mt_L2_EW,NONE,0.023,0.0
3195,32Mt_L2_NS,NONE,0.043,0.0
3200,304Nvl_L1_EW,304NVL_EW,0.008,0.008
3200,304Nvl_L2_EW,304NVL_EW,0.007,0.007
3200,32Nvl_L3_NS,NONE,0.007,0.0
3200,32Nvl_L1_NS,32NVL_NS,0.007,0.007
3200,NvcNvl_L3_NS,NONE,0.007,0.0
3200,NvcNvl_L2_NS,NONE,0.007,0.0
3200,NvcNvl_L1_EW,NVCNVL_EW,0.007,0.007
3200,32Mt_L1_EW,NONE,0.036,0.0
3200,32Mt_L1_EW,32MT_EW,0.007,0.007
3200,32Mt_L1_NS,NONE,0.02,0.0
3200,304Nvl_L3_EW,NONE,0.006,0.0
3200,32Nvl_L2_NS,32NVL_NS,0.007,0.007
3200,NvcNvl_L1_NS,NONE,0.009,0.0
3200,32Mt_L2_NS,NONE,0.009,0.0
3205,NvcNvl_L1_EW,NONE,0.021,0.0
3205,NvcNvl_L2_EW,NONE,0.015,0.0
3205,32Mt_L1_EW,NONE,0.036,0.0
3205,32Mt_L3_EW,NONE,0.044,0.0
3205,32Mt_L1_EW,32MT_EW,0.028,0.028
3205,NvcMt_L2_NS,NONE,0.011,0.0
3205,32Mt_L2_EW,NONE,0.038,0.0
3205,32Mt_L2_EW,32MT_EW,0.016,0.016
3205,NvcMt_L1_NS,NONE,0.011,0.0
3210,304Nvl_L1_EW,304NVL_EW,0.008,0.008
3210,32Mt_L1_EW,NONE,0.007,0.0
3210,32Mt_L3_EW,NONE,0.009,0.0
3210,32Mt_L1_EW,32MT_EW,0.021,0.021
3210,32Mt_L2_EW,NONE,0.008,0.0
3210,32Mt_L2_EW,32MT_EW,0.011,0.011
3215,304Thn_L1_EW,304THN_EW,0.008,0.008
3215,304Thn_L3_EW,NONE,0.008,0.0
3215,32Nvl_L1_EW,32NVL_EW,0.007,-0.017
3215,32Nvl_L2_EW,32NVL_EW,0.008,0.008
3215,32Nvl_L3_NS,NONE,0.008,0.0
3215,32Nvl_L2_NS,32NVL_NS,0.008,0.008
3215,NvcNvl_L3_NS,NONE,0.034,0.0
3215,NvcNvl_L2_NS,NONE,0.04,0.0
3215,32Mt_L1_EW,32MT_EW,0.035,0.03
3215,32Nvl_L3_EW,NONE,0.006,0.0
3215,32Nvl_L1_NS,32NVL_NS,0.007,0.007
3215,NvcNvl_L1_NS,NONE,0.052,0.0
3215,NvcMt_L1_EW,NVCMT_EW,0.006,0.006
3215,304Thn_L2_EW,304THN_EW,0.007,0.007
3220,32Nvl_L1_EW,32NVL_EW,0.007,-0.017
3220,32Nvl_L2_EW,32NVL_EW,0.008,-0.011
3220,32Nvl_L3_NS,NONE,0.017,0.0
3220,32Nvl_L2_NS,32NVL_NS,0.016,0.016
3220,NvcNvl_L3_NS,NONE,0.02,0.0
3220,NvcNvl_L2_NS,NONE,0.02,0.0
3220,32Mt_L1_NS,32MT_NS,0.006,0.006
3220,32Mt_L1_EW,NONE,0.007,0.0
3220,32Mt_L3_EW,NONE,0.009,0.0
3220,32Mt_L1_EW,32MT_EW,0.035,0.03
3220,32Nvl_L3_EW,NONE,0.006,0.0
3220,32Nvl_L1_NS,32NVL_NS,0.013,0.013
3220,NvcNvl_L1_NS,NONE,0.026,0.0
3220,32Mt_L2_EW,NONE,0.008,0.0
3220,32Mt_L2_EW,32MT_EW,0.027,0.022
3225,304Thn_L1_EW,NONE,0.007,0.0
3225,304Nvl_L1_NS,304NVL_NS,0.045,0.045
3225,304Nvl_L3_NS,NONE,0.037,0.0
3225,32Nvl_L1_EW,32NVL_EW,0.007,0.007
3225,32Nvl_L2_EW,32NVL_EW,0.008,0.008
3225,32Nvl_L3_NS,NONE,0.017,0.0
3225,32Nvl_L2_NS,32NVL_NS,0.016,-0.011
3225,NvcNvl_L3_NS,NONE,0.007,0.0
3225,NvcNvl_L2_NS,NONE,0.007,0.0
3225,32Mt_L1_NS,32MT_NS,0.006,0.006
3225,32Mt_L1_EW,NONE,0.007,0.0
3225,32Mt_L3_EW,NONE,0.009,0.0
3225,32Mt_L1_NS,NONE,0.049,0.0
3225,NvcMt_L2_NS,NONE,0.005,0.0
3225,304Nvl_L2_NS,304NVL_NS,0.038,0.027
3225,32Nvl_L3_EW,NONE,0.006,0.0
3225,32Nvl_L1_NS,32NVL_NS,0.02,-0.012
3225,NvcNvl_L1_NS,NONE,0.009,0.0
3225,32Mt_L2_EW,NONE,0.008,0.0
3225,32Mt_L2_NS,NONE,0.043,0.0
3225,NvcMt_L1_NS,NONE,0.005,0.0
3230,304Nvl_L1_NS,304NVL_NS,0.045,0.045
3230,304Nvl_L3_NS,NONE,0.037,0.0
3230,304Nvl_L1_EW,304NVL_EW,0.042,0.042
3230,304Nvl_L2_EW,304NVL_EW,0.036,0.036
3230,32Nvl_L3_NS,NONE,0.017,0.0
3230,32Nvl_L2_NS,32NVL_NS,0.016,-0.011
3230,NvcNvl_L1_EW,NVCNVL_EW,0.035,0.035
3230,304Nvl_L2_NS,304NVL_NS,0.038,0.027
3230,304Nvl_L3_EW,NONE,0.032,0.0
3230,32Nvl_L1_NS,32NVL_NS,0.02,-0.012
3235,304Nvl_L1_NS,304NVL_NS,0.045,0.045
3235,304Nvl_L3_NS,NONE,0.037,0.0
3235,304Nvl_L1_EW,304NVL_EW,0.059,0.059
3235,304Nvl_L2_EW,304NVL_EW,0.051,0.051
3235,32Nvl_L3_NS,NONE,0.125,0.0
3235,32Nvl_L2_NS,32NVL_NS,0.118,0.092
3235,NvcNvl_L3_NS,NONE,0.007,0.0
3235,NvcNvl_L2_NS,NONE,0.007,0.0
3235,32Mt_L1_NS,32MT_NS,0.038,0.038
3235,32Mt_L1_EW,NONE,0.007,0.0
3235,32Mt_L3_EW,NONE,0.009,0.0
3235,32Mt_L1_EW,32MT_EW,0.007,0.007
3235,32Mt_L1_NS,NONE,0.01,0.0
3235,304Nvl_L2_NS,304NVL_NS,0.038,-0.045
3235,304Nvl_L3_EW,NONE,0.044,0.0
3235,32Nvl_L1_NS,32NVL_NS,0.107,0.076
3235,NvcNvl_L1_NS,NONE,0.009,0.0
3235,32Mt_L2_NS,32MT_NS,0.006,0.006
3235,32Mt_L2_EW,NONE,0.008,0.0
3235,32Mt_L2_EW,32MT_EW,0.005,0.005
3235,32Mt_L2_NS,NONE,0.009,0.0
3240,304Nvl_L1_NS,304NVL_NS,0.045,0.045
3240,304Nvl_L3_NS,NONE,0.037,0.0
3240,304Nvl_L1_EW,304NVL_EW,0.008,0.008
3240,304Nvl_L2_EW,304NVL_EW,0.007,0.007
3240,304Nvl_L1_NS,NONE,0.036,0.0
3240,32Nvl_L3_NS,NONE,0.125,0.0
3240,32Nvl_L2_NS,32NVL_NS,0.118,0.092
3240,NvcNvl_L3_NS,NONE,0.014,0.0
3240,NvcNvl_L2_NS,NONE,0.013,0.0
3240,32Mt_L1_NS,32MT_NS,0.038,0.038
3240,32Mt_L1_EW,NONE,0.007,0.0
3240,32Mt_L3_EW,NONE,0.009,0.0
3240,NvcMt_L2_EW,NVCMT_EW,0.013,0.013
3240,304Nvl_L2_NS,304NVL_NS,0.038,-0.045
3240,304Nvl_L3_EW,NONE,0.006,0.0
3240,32Nvl_L1_NS,32NVL_NS,0.107,0.076
3240,NvcNvl_L1_NS,NONE,0.017,0.0
3240,32Mt_L2_NS,32MT_NS,0.006,0.006
3240,32Mt_L2_EW,NONE,0.008,0.0
3240,NvcMt_L1_EW,NVCMT_EW,0.028,0.028
3245,304Nvl_L1_NS,304NVL_NS,0.045,0.045
3245,304Nvl_L3_NS,NONE,0.037,0.0
3245,304Nvl_L1_EW,NONE,0.041,0.0
3245,304Nvl_L1_NS,NONE,0.044,0.0
3245,32Nvl_L3_NS,NONE,0.125,0.0
3245,32Nvl_L2_NS,32NVL_NS,0.118,0.092
3245,32Mt_L1_NS,32MT_NS,0.044,0.044
3245,32Mt_L1_EW,32MT_EW,0.007,0.007
3245,32Mt_L1_NS,NONE,0.01,0.0
3245,304Nvl_L2_NS,304NVL_NS,0.038,-0.045
3245,32Nvl_L1_NS,32NVL_NS,0.101,0.069
3245,32Mt_L2_NS,32MT_NS,0.006,0.006
3245,32Mt_L2_NS,NONE,0.009,0.0
3250,304Nvl_L1_NS,304NVL_NS,0.045,0.045
3250,304Nvl_L3_NS,NONE,0.037,0.0
3250,304Nvl_L1_NS,NONE,0.015,0.0
3250,32Nvl_L1_EW,32NVL_EW,0.035,0.021
3250,32Nvl_L2_EW,32NVL_EW,0.039,0.031
3250,32Nvl_L3_NS,NONE,0.125,0.0
3250,32Nvl_L2_NS,32NVL_NS,0.118,0.092
3250,NvcNvl_L1_NS,NVCNVL_NS,0.007,0.007
3250,32Mt_L1_NS,32MT_NS,0.013,0.013
3250,32Mt_L1_EW,NONE,0.007,0.0
3250,32Mt_L3_EW,NONE,0.009,0.0
3250,32Mt_L1_EW,32MT_EW,0.021,-0.004
3250,32Mt_L1_NS,NONE,0.01,0.0
3250,304Nvl_L2_NS,304NVL_NS,0.038,-0.045
3250,32Nvl_L3_EW,NONE,0.031,0.0
3250,32Nvl_L1_NS,32NVL_NS,0.101,0.064
3250,32Mt_L2_NS,32MT_NS,0.006,0.006
3250,32Mt_L2_EW,NONE,0.008,0.0
3250,32Mt_L2_EW,32MT_EW,0.011,-0.016
3255,304Nvl_L1_NS,304NVL_NS,0.009,0.009
3255,304Nvl_L3_NS,NONE,0.007,0.0
3255,304Nvl_L1_EW,304NVL_EW,0.051,0.051
3255,304Nvl_L2_EW,304NVL_EW,0.044,0.044
3255,32Nvl_L1_EW,32NVL_EW,0.007,0.002
3255,32Nvl_L2_EW,32NVL_EW,0.008,0.004
3255,32Nvl_L3_NS,NONE,0.167,0.0
3255,32Nvl_L2_NS,32NVL_NS,0.158,0.153
3255,NvcNvl_L1_EW,NVCNVL_EW,0.007,-0.015
3255,NvcNvl_L1_NS,NVCNVL_NS,0.007,0.007
3255,32Mt_L1_NS,32MT_NS,0.006,0.006
3255,32Mt_L1_EW,NONE,0.007,0.0
3255,32Mt_L3_EW,NONE,0.009,0.0
3255,32Mt_L1_EW,32MT_EW,0.007,0.002
3255,32Mt_L1_NS,NONE,0.01,0.0
3255,NvcMt_L1_EW,NVCMT_EW,0.032,0.021
3255,NvcCmt8_L2_EW,NVCCMT8_EW,0.005,0.005
3255,304Nvl_L2_NS,304NVL_NS,0.008,-0.103
3255,304Nvl_L3_EW,NONE,0.006,0.0
3255,32Nvl_L3_EW,NONE,0.006,0.0
3255,32Nvl_L1_NS,32NVL_NS,0.134,0.123
3255,32Mt_L2_EW,NONE,0.008,0.0
3255,32Mt_L2_EW,32MT_EW,0.005,0.0
3255,NvcMt_L2_EW,NVCMT_EW,0.04,0.036
3255,NvcCmt8_L1_EW,NVCCMT8_EW,0.008,-0.015
3260,304Nvl_L1_EW,304NVL_EW,0.093,0.093
3260,304Nvl_L2_EW,304NVL_EW,0.08,0.08
3260,32Nvl_L1_EW,32NVL_EW,0.014,0.004
3260,32Nvl_L2_EW,32NVL_EW,0.015,0.012
3260,NvcNvl_L3_NS,NONE,0.041,0.0
3260,NvcNvl_L2_NS,NONE,0.04,0.0
3260,NvcNvl_L1_EW,NVCNVL_EW,0.014,-0.008
3260,NvcNvl_L2_EW,NVCNVL_EW,0.008,0.008
3260,32Mt_L1_EW,32MT_EW,0.014,0.004
3260,NvcMt_L1_EW,NVCMT_EW,0.032,0.017
3260,NvcCmt8_L2_EW,NVCCMT8_EW,0.005,0.005
3260,304Nvl_L3_EW,NONE,0.07,0.0
3260,32Nvl_L3_EW,NONE,0.013,0.0
3260,32Nvl_L1_NS,32NVL_NS,0.034,0.034
3260,NvcNvl_L1_NS,NONE,0.052,0.0
3260,NvcNvl_L3_EW,NONE,0.009,0.0
3260,32Mt_L2_EW,32MT_EW,0.005,-0.005
3260,NvcMt_L2_EW,NVCMT_EW,0.04,0.031
3260,NvcCmt8_L1_EW,NVCCMT8_EW,0.008,-0.015
3265,304Nvl_L1_EW,304NVL_EW,0.11,0.11
3265,304Nvl_L2_EW,304NVL_EW,0.094,0.094
3265,32Nvl_L1_NS,32NVL_NS,0.007,0.007
3265,32Nvl_L1_EW,32NVL_EW,0.007,-0.003
3265,32Nvl_L2_EW,32NVL_EW,0.008,0.004
3265,NvcNvl_L2_NS,NONE,0.007,0.0
3265,NvcNvl_L1_EW,NVCNVL_EW,0.007,-0.02
3265,NvcNvl_L2_EW,NVCNVL_EW,0.008,0.008
3265,32Mt_L1_NS,32MT_NS,0.006,0.006
3265,32Mt_L1_EW,NONE,0.007,0.0
3265,32Mt_L1_EW,32MT_EW,0.014,0.009
3265,NvcMt_L1_EW,NVCMT_EW,0.038,0.028
3265,NvcCmt8_L2_EW,NVCCMT8_EW,0.005,0.005
3265,304Nvl_L3_EW,NONE,0.082,0.0
3265,32Nvl_L3_EW,NONE,0.006,0.0
3265,32Nvl_L1_NS,32NVL_NS,0.007,0.007
3265,NvcNvl_L1_NS,NONE,0.009,0.0
3265,NvcNvl_L3_EW,NONE,0.009,0.0
3265,32Mt_L2_EW,32MT_EW,0.005,0.0
3265,NvcMt_L2_EW,NVCMT_EW,0.048,0.039
3265,NvcCmt8_L1_EW,NVCCMT8_EW,0.008,-0.019
3270,304Nvl_L1_EW,304NVL_EW,0.068,0.068
3270,304Nvl_L2_EW,304NVL_EW,0.058,0.058
3270,304Nvl_L1_NS,NONE,0.036,0.0
3270,32Nvl_L1_EW,32NVL_EW,0.007,-0.003
3270,32Nvl_L2_EW,32NVL_EW,0.008,0.0
3270,NvcNvl_L1_EW,NVCNVL_EW,0.007,0.003
3270,NvcNvl_L2_EW,NVCNVL_EW,0.008,0.008
3270,32Mt_L1_EW,NONE,0.007,0.0
3270,32Mt_L1_EW,32MT_EW,0.014,0.009
3270,32Mt_L1_NS,NONE,0.02,0.0
3270,NvcMt_L1_EW,NVCMT_EW,0.006,0.001
3270,304Nvl_L3_EW,NONE,0.051,0.0
3270,32Nvl_L3_EW,NONE,0.006,0.0
3270,NvcNvl_L3_EW,NONE,0.009,0.0
3270,32Mt_L2_EW,32MT_EW,0.011,0.005
3270,32Mt_L2_NS,NONE,0.017,0.0
3270,NvcMt_L2_EW,NVCMT_EW,0.008,0.002
3275,304Nvl_L1_EW,304NVL_EW,0.068,0.068
3275,304Nvl_L2_EW,304NVL_EW,0.058,0.058
3275,32Nvl_L3_NS,NONE,0.048,0.0
3275,32Nvl_L1_NS,32NVL_NS,0.048,0.048
3275,32Nvl_L1_EW,32NVL_EW,0.007,-0.003
3275,32Nvl_L2_EW,32NVL_EW,0.008,0.0
3275,NvcNvl_L3_NS,NONE,0.007,0.0
3275,NvcNvl_L2_NS,NONE,0.007,0.0
3275,NvcNvl_L1_EW,NVCNVL_EW,0.042,0.038
3275,NvcNvl_L2_EW,NVCNVL_EW,0.008,0.008
3275,32Mt_L1_EW,NONE,0.007,0.0
3275,32Mt_L1_EW,32MT_EW,0.014,0.009
3275,32Mt_L1_NS,NONE,0.117,0.0
3275,NvcMt_L1_EW,NVCMT_EW,0.006,-0.023
3275,304Nvl_L3_EW,NONE,0.051,0.0
3275,32Nvl_L2_NS,32NVL_NS,0.047,0.047
3275,32Nvl_L3_EW,NONE,0.006,0.0
3275,32Nvl_L1_NS,32NVL_NS,0.007,0.007
3275,NvcNvl_L1_NS,NONE,0.009,0.0
3275,NvcNvl_L3_EW,NONE,0.009,0.0
3275,32Mt_L2_EW,32MT_EW,0.011,0.005
3275,32Mt_L2_NS,NONE,0.104,0.0
3275,NvcMt_L2_EW,NVCMT_EW,0.008,0.002
3280,304Nvl_L1_EW,304NVL_EW,0.102,0.102
3280,304Nvl_L2_EW,304NVL_EW,0.051,0.051
3280,32Nvl_L1_NS,32NVL_NS,0.014,0.014
3280,32Nvl_L1_EW,32NVL_EW,0.007,-0.003
3280,32Nvl_L2_EW,32NVL_EW,0.008,0.0
3280,NvcNvl_L3_NS,NONE,0.014,0.0
3280,NvcNvl_L2_NS,NONE,0.013,0.0
3280,NvcNvl_L1_EW,NVCNVL_EW,0.042,0.042
3280,NvcNvl_L2_EW,NVCNVL_EW,0.008,0.008
3280,32Mt_L1_EW,NONE,0.007,0.0
3280,32Mt_L3_EW,NONE,0.009,0.0
3280,32Mt_L1_EW,32MT_EW,0.014,0.009
3280,32Mt_L1_NS,NONE,0.117,0.0
3280,304Nvl_L3_EW,NONE,0.044,0.0
3280,32Nvl_L2_NS,32NVL_NS,0.013,0.013
3280,32Nvl_L3_EW,NONE,0.006,0.0
3280,NvcNvl_L1_NS,NONE,0.017,0.0
3280,NvcNvl_L3_EW,NONE,0.009,0.0
3280,32Mt_L2_EW,NONE,0.008,0.0
3280,32Mt_L2_EW,32MT_EW,0.011,0.005
3280,32Mt_L2_NS,NONE,0.104,0.0
3285,304Nvl_L1_EW,304NVL_EW,0.11,0.11
3285,304Nvl_L2_EW,304NVL_EW,0.058,0.058
3285,304Nvl_L1_EW,NONE,0.008,0.0
3285,304Nvl_L2_EW,NONE,0.009,0.0
3285,32Nvl_L1_EW,32NVL_EW,0.007,-0.003
3285,32Nvl_L2_EW,32NVL_EW,0.008,0.0
3285,NvcNvl_L1_EW,NVCNVL_EW,0.056,0.056
3285,NvcNvl_L2_EW,NVCNVL_EW,0.016,0.016
3285,32Mt_L1_EW,NONE,0.007,0.0
3285,32Mt_L3_EW,NONE,0.009,0.0
3285,32Mt_L1_EW,32MT_EW,0.014,0.009
3285,NvcMt_L1_NS,NVCMT_NS,0.034,0.034
3285,304Nvl_L3_EW,NONE,0.044,0.0
3285,304Nvl_L3_EW,NONE,0.008,0.0
3285,32Nvl_L3_EW,NONE,0.006,0.0
3285,32Nvl_L1_NS,32NVL_NS,0.034,0.034
3285,NvcNvl_L3_EW,NONE,0.019,0.0
3285,32Mt_L2_EW,NONE,0.008,0.0
3285,32Mt_L2_EW,32MT_EW,0.011,0.005
3285,NvcMt_L2_NS,NVCMT_NS,0.027,0.027
3290,304Nvl_L1_EW,304NVL_EW,0.11,0.11
3290,304Nvl_L2_EW,304NVL_EW,0.058,0.058
3290,304Nvl_L1_NS,NONE,0.007,0.0
3290,304Nvl_L3_NS,NONE,0.008,0.0
3290,32Nvl_L1_EW,32NVL_EW,0.014,0.0
3290,32Nvl_L2_EW,32NVL_EW,0.015,0.008
3290,32Nvl_L3_NS,NONE,0.008,0.0
3290,32Nvl_L2_NS,32NVL_NS,0.008,0.008
3290,NvcNvl_L1_EW,NVCNVL_EW,0.028,0.028
3290,NvcNvl_L2_EW,NVCNVL_EW,0.016,0.016
3290,32Mt_L1_EW,32MT_EW,0.021,0.011
3290,32Mt_L1_NS,NONE,0.01,0.0
3290,NvcMt_L2_NS,NONE,0.005,0.0
3290,NvcMt_L1_NS,NVCMT_NS,0.034,0.034
3290,304Nvl_L3_EW,NONE,0.051,0.0
3290,304Nvl_L2_NS,NONE,0.007,0.0
3290,32Nvl_L3_EW,NONE,0.013,0.0
3290,32Nvl_L1_NS,32NVL_NS,0.007,0.007
3290,NvcNvl_L3_EW,NONE,0.019,0.0
3290,32Mt_L2_EW,32MT_EW,0.011,0.0
3290,32Mt_L2_NS,NONE,0.009,0.0
3290,NvcMt_L1_NS,NONE,0.005,0.0
3290,NvcMt_L2_NS,NVCMT_NS,0.027,0.027
3295,304Nvl_L1_EW,304NVL_EW,0.017,0.017
3295,32Nvl_L3_NS,NONE,0.007,0.0
3295,32Nvl_L1_NS,32NVL_NS,0.007,0.007
3295,32Nvl_L1_EW,32NVL_EW,0.014,-0.064
3295,32Nvl_L2_EW,32NVL_EW,0.015,0.004
3295,NvcNvl_L3_NS,NONE,0.007,0.0
3295,NvcNvl_L2_NS,NONE,0.007,0.0
3295,NvcNvl_L1_EW,NONE,0.064,0.0
3295,NvcNvl_L2_EW,NONE,0.046,0.0
3295,NvcNvl_L1_EW,NVCNVL_EW,0.028,0.028
3295,NvcNvl_L2_EW,NVCNVL_EW,0.016,0.016
3295,32Mt_L1_NS,32MT_NS,0.006,0.006
3295,32Mt_L1_EW,NONE,0.007,0.0
3295,32Mt_L3_EW,NONE,0.009,0.0
3295,32Mt_L1_EW,32MT_EW,0.112,0.102
3295,NvcMt_L2_NS,NONE,0.005,0.0
3295,32Nvl_L2_NS,32NVL_NS,0.007,0.007
3295,32Nvl_L3_EW,NONE,0.013,0.0
3295,NvcNvl_L1_NS,NONE,0.009,0.0
3295,NvcNvl_L3_EW,NONE,0.038,0.0
3295,NvcNvl_L3_EW,NONE,0.019,0.0
3295,32Mt_L2_EW,NONE,0.008,0.0
3295,32Mt_L2_EW,32MT_EW,0.016,0.006
3295,NvcMt_L1_NS,NONE,0.005,0.0
3300,304Nvl_L1_EW,304NVL_EW,0.025,0.025
3300,304Nvl_L2_EW,304NVL_EW,0.015,0.015
3300,304Nvl_L1_NS,NONE,0.007,0.0
3300,32Nvl_L1_EW,32NVL_EW,0.007,-0.071
3300,32Nvl_L2_EW,32NVL_EW,0.008,-0.008
3300,NvcNvl_L1_EW,NONE,0.128,0.0
3300,NvcNvl_L2_EW,NONE,0.092,0.0
3300,NvcNvl_L1_EW,NVCNVL_EW,0.021,0.021
3300,NvcNvl_L2_EW,NVCNVL_EW,0.016,0.016
3300,32Mt_L1_EW,32MT_EW,0.112,0.107
3300,304Nvl_L3_EW,NONE,0.013,0.0
3300,32Nvl_L3_EW,NONE,0.006,0.0
3300,32Nvl_L1_NS,32NVL_NS,0.007,0.007
3300,NvcNvl_L3_EW,NONE,0.069,0.0
3300,NvcNvl_L3_EW,NONE,0.019,0.0
3300,32Mt_L2_EW,32MT_EW,0.022,0.016
3305,304Nvl_L1_EW,304NVL_EW,0.008,0.008
3305,32Nvl_L3_NS,NONE,0.034,0.0
3305,32Nvl_L1_NS,32NVL_NS,0.035,0.035
3305,32Nvl_L1_EW,32NVL_EW,0.007,-0.071
3305,32Nvl_L2_EW,32NVL_EW,0.008,-0.004
3305,NvcNvl_L3_NS,NONE,0.048,0.0
3305,NvcNvl_L2_NS,NONE,0.046,0.0
3305,NvcNvl_L1_EW,NVCNVL_EW,0.014,0.01
3305,NvcNvl_L2_EW,NVCNVL_EW,0.016,0.016
3305,32Mt_L1_EW,32MT_EW,0.112,0.107
3305,NvcMt_L1_EW,NVCMT_EW,0.006,-0.004
3305,32Nvl_L2_NS,32NVL_NS,0.033,0.033
3305,32Nvl_L3_EW,NONE,0.006,0.0
3305,NvcNvl_L1_NS,NONE,0.061,0.0
3305,NvcNvl_L3_EW,NONE,0.019,0.0
3305,32Mt_L2_EW,32MT_EW,0.016,0.011
3305,NvcMt_L2_EW,NVCMT_EW,0.008,-0.003
3310,304Thn_L1_EW,NONE,0.034,0.0
3310,304Thn_L2_EW,NONE,0.041,0.0
3310,304Nvl_L1_EW,304NVL_EW,0.068,0.068
3310,304Nvl_L2_EW,304NVL_EW,0.044,0.044
3310,304Nvl_L1_NS,NONE,0.007,0.0
3310,32Nvl_L1_EW,32NVL_EW,0.007,-0.066
3310,32Nvl_L2_EW,32NVL_EW,0.008,-0.046
3310,NvcNvl_L3_NS,NONE,0.007,0.0
3310,NvcNvl_L2_NS,NONE,0.007,0.0
3310,NvcNvl_L1_EW,NONE,0.011,0.0
3310,NvcNvl_L2_EW,NONE,0.008,0.0
3310,NvcNvl_L1_EW,NVCNVL_EW,0.007,0.007
3310,NvcNvl_L2_EW,NVCNVL_EW,0.008,0.008
3310,32Mt_L1_EW,32MT_EW,0.105,0.1
3310,NvcMt_L2_NS,NONE,0.005,0.0
3310,NvcCmt8_L2_NS,NONE,0.011,0.0
3310,NvcCmt8_L1_NS,NONE,0.008,0.0
3310,304Nvl_L3_EW,NONE,0.038,0.0
3310,32Nvl_L3_EW,NONE,0.006,0.0
3310,NvcNvl_L1_NS,NONE,0.009,0.0
3310,NvcNvl_L3_EW,NONE,0.009,0.0
3310,32Mt_L2_EW,32MT_EW,0.076,0.071
3310,NvcMt_L1_NS,NONE,0.005,0.0
3310,304Thn_L3_EW,NONE,0.041,0.0
3315,304Thn_L1_EW,304THN_EW,0.041,0.018
3315,304Nvl_L1_EW,304NVL_EW,0.034,0.005
3315,304Nvl_L2_EW,304NVL_EW,0.029,0.029
3315,32Nvl_L1_EW,32NVL_EW,0.007,-0.056
3315,32Nvl_L2_EW,32NVL_EW,0.008,-0.038
3315,NvcNvl_L3_NS,NONE,0.034,0.0
3315,NvcNvl_L2_NS,NONE,0.033,0.0
3315,NvcNvl_L1_EW,NONE,0.011,0.0
3315,NvcNvl_L2_EW,NONE,0.008,0.0
3315,32Mt_L1_EW,32MT_EW,0.091,0.086
3315,32Mt_L1_NS,NONE,0.01,0.0
3315,NvcMt_L1_EW,NVCMT_EW,0.006,0.006
3315,304Nvl_L3_EW,NONE,0.025,0.0
3315,32Nvl_L3_EW,NONE,0.006,0.0
3315,NvcNvl_L1_NS,NONE,0.044,0.0
3315,32Mt_L2_EW,32MT_EW,0.065,0.06
3315,32Mt_L2_NS,NONE,0.009,0.0
3315,NvcMt_L2_EW,NVCMT_EW,0.008,0.008
3320,304Nvl_L1_EW,304NVL_EW,0.008,0.008
3320,304Nvl_L2_EW,304NVL_EW,0.007,0.007
3320,32Nvl_L1_EW,32NVL_EW,0.007,0.002
3320,32Nvl_L2_EW,32NVL_EW,0.008,0.004
3320,32Nvl_L3_NS,NONE,0.008,0.0
3320,32Nvl_L2_NS,32NVL_NS,0.008,0.008
3320,NvcNvl_L1_NS,NVCNVL_NS,0.007,0.007
3320,32Mt_L1_NS,32MT_NS,0.006,0.006
3320,32Mt_L1_EW,NONE,0.007,0.0
3320,32Mt_L1_EW,32MT_EW,0.007,0.002
3320,NvcCmt8_L2_NS,NONE,0.012,0.0
3320,304Nvl_L3_EW,NONE,0.006,0.0
3320,32Nvl_L3_EW,NONE,0.006,0.0
3320,32Nvl_L1_NS,32NVL_NS,0.007,0.002
3320,32Mt_L2_EW,32MT_EW,0.005,0.0
3320,NvcCmt8_L1_NS,NONE,0.011,0.0
3325,304Nvl_L1_NS,304NVL_NS,0.009,-0.015
3325,304Nvl_L1_EW,304NVL_EW,0.051,0.051
3325,304Nvl_L2_EW,304NVL_EW,0.007,0.007
3325,304Nvl_L1_EW,NONE,0.008,0.0
3325,32Nvl_L3_NS,NONE,0.034,0.0
3325,32Nvl_L1_NS,32NVL_NS,0.035,0.024
3325,32Nvl_L1_EW,32NVL_EW,0.042,0.038
3325,32Nvl_L2_EW,32NVL_EW,0.046,0.043
3325,NvcNvl_L3_NS,NONE,0.007,0.0
3325,NvcNvl_L2_NS,NONE,0.007,0.0
3325,NvcNvl_L1_EW,NONE,0.064,0.0
3325,NvcNvl_L2_EW,NONE,0.046,0.0
3325,NvcNvl_L1_EW,NVCNVL_EW,0.014,0.014
3325,NvcNvl_L2_EW,NVCNVL_EW,0.008,0.008
3325,NvcNvl_L1_NS,NVCNVL_NS,0.007,-0.018
3325,32Mt_L1_NS,32MT_NS,0.006,0.006
3325,32Mt_L1_EW,NONE,0.007,0.0
3325,32Mt_L3_EW,NONE,0.009,0.0
3325,32Mt_L1_EW,32MT_EW,0.007,-0.023
3325,32Mt_L1_NS,NONE,0.01,0.0
3325,304Nvl_L3_EW,NONE,0.006,0.0
3325,32Nvl_L2_NS,32NVL_NS,0.033,0.033
3325,32Nvl_L3_EW,NONE,0.038,0.0
3325,NvcNvl_L1_NS,NONE,0.009,0.0
3325,NvcNvl_L3_EW,NONE,0.006,0.0
3325,NvcNvl_L3_EW,NONE,0.009,0.0
3325,32Mt_L2_EW,NONE,0.008,0.0
3325,32Mt_L2_EW,32MT_EW,0.005,-0.027
3325,32Mt_L2_NS,NONE,0.009,0.0
3330,304Nvl_L1_NS,304NVL_NS,0.009,-0.02
3330,304Nvl_L1_EW,304NVL_EW,0.017,0.017
3330,304Nvl_L1_EW,NONE,0.008,0.0
3330,32Nvl_L3_NS,NONE,0.007,0.0
3330,32Nvl_L1_NS,32NVL_NS,0.042,0.031
3330,32Nvl_L1_EW,32NVL_EW,0.007,0.007
3330,32Nvl_L2_EW,32NVL_EW,0.008,0.008
3330,NvcNvl_L3_NS,NONE,0.081,0.0
3330,NvcNvl_L2_NS,NONE,0.079,0.0
3330,NvcNvl_L1_EW,NONE,0.011,0.0
3330,NvcNvl_L1_NS,NVCNVL_NS,0.007,-0.022
3330,32Mt_L1_NS,32MT_NS,0.019,0.019
3330,32Nvl_L2_NS,32NVL_NS,0.007,0.007
3330,32Nvl_L3_EW,NONE,0.006,0.0
3330,32Nvl_L1_NS,32NVL_NS,0.034,0.023
3330,NvcNvl_L1_NS,NONE,0.105,0.0
3335,304Nvl_L1_NS,304NVL_NS,0.009,-0.001
3335,304Nvl_L1_NS,NONE,0.007,0.0
3335,32Nvl_L3_NS,NONE,0.007,0.0
3335,32Nvl_L1_NS,32NVL_NS,0.014,0.008
3335,32Nvl_L1_EW,32NVL_EW,0.007,0.007
3335,32Nvl_L2_EW,32NVL_EW,0.008,0.008
3335,32Nvl_L3_NS,NONE,0.008,0.0
3335,32Nvl_L2_NS,32NVL_NS,0.008,0.008
3335,32Mt_L1_NS,32MT_NS,0.006,0.006
3335,32Mt_L1_EW,NONE,0.014,0.0
3335,32Mt_L3_EW,NONE,0.009,0.0
3335,NvcMt_L1_EW,NVCMT_EW,0.006,0.006
3335,NvcCmt8_L2_EW,NONE,0.007,0.0
3335,32Nvl_L2_NS,32NVL_NS,0.013,0.013
3335,32Nvl_L3_EW,NONE,0.006,0.0
3335,32Nvl_L1_NS,32NVL_NS,0.04,0.034
3335,32Mt_L2_EW,NONE,0.008,0.0
3335,NvcMt_L2_EW,NVCMT_EW,0.008,0.008
3335,NvcCmt8_L1_EW,NONE,0.006,0.0
3340,32Nvl_L1_EW,32NVL_EW,0.007,0.002
3340,32Nvl_L2_EW,32NVL_EW,0.008,0.008
3340,32Nvl_L3_NS,NONE,0.008,0.0
3340,32Nvl_L2_NS,32NVL_NS,0.016,0.016
3340,32Mt_L1_EW,32MT_EW,0.007,0.002
3340,32Nvl_L3_EW,NONE,0.006,0.0
3340,32Nvl_L1_NS,32NVL_NS,0.02,0.02
3345,32Nvl_L1_NS,32NVL_NS,0.007,0.007
3345,32Nvl_L1_EW,32NVL_EW,0.007,0.007
3345,32Nvl_L2_EW,32NVL_EW,0.008,0.008
3345,NvcMt_L1_EW,NVCMT_EW,0.006,0.001
3345,32Nvl_L3_EW,NONE,0.006,0.0
3345,32Nvl_L1_NS,32NVL_NS,0.013,0.013
3345,NvcMt_L2_EW,NVCMT_EW,0.008,0.008
3345,NvcCmt8_L1_EW,NVCCMT8_EW,0.008,0.003
3350,32Nvl_L1_NS,32NVL_NS,0.007,0.007
3350,32Nvl_L1_EW,32NVL_EW,0.007,0.001
3350,32Nvl_L2_EW,32NVL_EW,0.008,0.002
3350,NvcNvl_L1_EW,NONE,0.011,0.0
3350,NvcNvl_L2_EW,NONE,0.008,0.0
3350,NvcMt_L2_NS,NONE,0.005,0.0
3350,32Thn_L1_EW,32THN_EW,0.008,0.003
3350,32Thn_L2_EW,32THN_EW,0.008,0.003
3350,32Thn_L3_EW,NONE,0.008,0.0
3350,32Nvl_L3_EW,NONE,0.006,0.0
3350,32Nvl_L1_NS,32NVL_NS,0.007,0.007
3350,NvcNvl_L3_EW,NONE,0.006,0.0
3350,NvcMt_L1_NS,NONE,0.005,0.0
3355,304Nvl_L1_NS,304NVL_NS,0.009,0.009
3355,304Nvl_L3_NS,NONE,0.007,0.0
3355,304Nvl_L1_EW,304NVL_EW,0.008,0.008
3355,304Nvl_L2_EW,304NVL_EW,0.007,0.007
3355,32Nvl_L1_EW,32NVL_EW,0.007,0.007
3355,32Nvl_L2_EW,32NVL_EW,0.008,0.008
3355,32Nvl_L3_NS,NONE,0.008,0.0
3355,32Nvl_L2_NS,32NVL_NS,0.008,0.003
3355,NvcMt_L2_NS,NONE,0.011,0.0
3355,32Thn_L1_EW,NONE,0.01,0.0
3355,304Nvl_L2_NS,304NVL_NS,0.008,0.002
3355,304Nvl_L3_EW,NONE,0.006,0.0
3355,32Nvl_L3_EW,NONE,0.006,0.0
3355,32Nvl_L1_NS,32NVL_NS,0.007,0.0
3355,NvcMt_L1_NS,NONE,0.011,0.0
3360,304Nvl_L1_NS,304NVL_NS,0.009,0.004
3360,304Nvl_L3_NS,NONE,0.007,0.0
3360,32Nvl_L1_NS,32NVL_NS,0.007,0.001
3360,32Nvl_L3_NS,NONE,0.008,0.0
3360,32Nvl_L2_NS,32NVL_NS,0.008,0.003
3360,NvcNvl_L1_EW,NONE,0.011,0.0
3360,NvcNvl_L2_EW,NONE,0.008,0.0
3360,304Nvl_L2_NS,304NVL_NS,0.008,0.002
3360,32Nvl_L2_NS,32NVL_NS,0.007,0.001
3360,32Nvl_L1_NS,32NVL_NS,0.007,0.0
3365,304Nvl_L1_NS,304NVL_NS,0.009,0.004
3365,304Nvl_L3_NS,NONE,0.007,0.0
3365,304Nvl_L1_EW,304NVL_EW,0.008,0.008
3365,304Nvl_L2_EW,304NVL_EW,0.007,0.007
3365,304Nvl_L1_NS,NONE,0.007,0.0
3365,32Nvl_L1_NS,32NVL_NS,0.007,0.001
3365,32Nvl_L1_EW,32NVL_EW,0.007,0.007
3365,32Nvl_L3_NS,NONE,0.008,0.0
3365,32Nvl_L2_NS,32NVL_NS,0.008,0.003
3365,NvcNvl_L1_EW,NVCNVL_EW,0.007,0.007
3365,NvcNvl_L2_EW,NVCNVL_EW,0.008,0.006
3365,NvcMt_L2_EW,NVCMT_EW,0.003,-0.006
3365,NvcCmt8_L2_EW,NVCCMT8_EW,0.005,0.003
3365,304Nvl_L2_NS,304NVL_NS,0.008,0.002
3365,304Nvl_L3_EW,NONE,0.006,0.0
3365,32Nvl_L2_NS,32NVL_NS,0.007,0.001
3365,32Nvl_L1_NS,32NVL_NS,0.007,0.0
3365,NvcNvl_L3_EW,NONE,0.009,0.0
3365,NvcMt_L1_EW,NVCMT_EW,0.006,-0.005
3365,NvcCmt8_L1_EW,NVCCMT8_EW,0.008,0.008
3370,304Nvl_L1_NS,304NVL_NS,0.009,0.004
3370,304Nvl_L3_NS,NONE,0.007,0.0
3370,304Nvl_L1_EW,304NVL_EW,0.008,0.008
3370,304Nvl_L2_EW,304NVL_EW,0.007,0.007
3370,32Nvl_L1_NS,32NVL_NS,0.007,0.001
3370,32Nvl_L3_NS,NONE,0.025,0.0
3370,32Nvl_L2_NS,32NVL_NS,0.024,0.018
3370,NvcNvl_L3_NS,NONE,0.034,0.0
3370,NvcNvl_L2_NS,NONE,0.033,0.0
3370,NvcNvl_L1_EW,NVCNVL_EW,0.007,0.007
3370,NvcNvl_L2_EW,NVCNVL_EW,0.008,0.006
3370,NvcMt_L2_EW,NVCMT_EW,0.003,-0.006
3370,NvcCmt8_L2_EW,NVCCMT8_EW,0.005,0.003
3370,304Nvl_L2_NS,304NVL_NS,0.008,-0.009
3370,304Nvl_L3_EW,NONE,0.006,0.0
3370,32Nvl_L2_NS,32NVL_NS,0.007,0.001
3370,32Nvl_L1_NS,32NVL_NS,0.02,0.014
3370,NvcNvl_L1_NS,NONE,0.044,0.0
3370,NvcNvl_L3_EW,NONE,0.009,0.0
3370,NvcMt_L1_EW,NVCMT_EW,0.006,-0.005
3370,NvcCmt8_L1_EW,NVCCMT8_EW,0.008,0.008
3375,304Nvl_L1_EW,304NVL_EW,0.008,0.008
3375,304Nvl_L2_EW,304NVL_EW,0.007,0.007
3375,304Nvl_L1_NS,NONE,0.007,0.0
3375,304Nvl_L3_NS,NONE,0.008,0.0
3375,32Nvl_L3_NS,NONE,0.008,0.0
3375,32Nvl_L2_NS,32NVL_NS,0.008,0.008
3375,NvcNvl_L1_EW,NONE,0.011,0.0
3375,NvcNvl_L2_EW,NONE,0.008,0.0
3375,NvcNvl_L1_EW,NVCNVL_EW,0.007,0.007
3375,NvcNvl_L2_EW,NVCNVL_EW,0.008,0.006
3375,32Mt_L1_NS,NONE,0.049,0.0
3375,NvcMt_L2_EW,NVCMT_EW,0.003,-0.006
3375,NvcCmt8_L2_EW,NVCCMT8_EW,0.005,0.003
3375,304Nvl_L3_EW,NONE,0.006,0.0
3375,304Nvl_L2_NS,NONE,0.007,0.0
3375,32Nvl_L1_NS,32NVL_NS,0.007,0.007
3375,NvcNvl_L3_EW,NONE,0.006,0.0
3375,NvcNvl_L3_EW,NONE,0.009,0.0
3375,32Mt_L2_NS,NONE,0.043,0.0
3375,NvcMt_L1_EW,NVCMT_EW,0.006,-0.005
3375,NvcCmt8_L1_EW,NVCCMT8_EW,0.008,0.008
3380,304Nvl_L1_EW,304NVL_EW,0.008,0.008
3380,304Nvl_L2_EW,304NVL_EW,0.007,0.007
3380,32Nvl_L1_NS,32NVL_NS,0.014,0.014
3380,NvcNvl_L3_NS,NONE,0.007,0.0
3380,NvcNvl_L2_NS,NONE,0.007,0.0
3380,NvcNvl_L1_EW,NVCNVL_EW,0.007,0.007
3380,NvcNvl_L2_EW,NVCNVL_EW,0.008,0.008
3380,32Mt_L1_NS,32MT_NS,0.031,0.031
3380,304Nvl_L3_EW,NONE,0.006,0.0
3380,NvcNvl_L1_NS,NONE,0.009,0.0
3380,NvcNvl_L3_EW,NONE,0.009,0.0
3385,304Thn_L1_EW,NONE,0.007,0.0
3385,304Thn_L2_EW,NONE,0.008,0.0
3385,304Nvl_L1_EW,304NVL_EW,0.008,0.008
3385,32Nvl_L1_NS,32NVL_NS,0.007,0.007
3385,32Nvl_L3_NS,NONE,0.008,0.0
3385,32Nvl_L2_NS,32NVL_NS,0.008,0.008
3385,NvcNvl_L3_NS,NONE,0.041,0.0
3385,NvcNvl_L2_NS,NONE,0.04,0.0
3385,NvcNvl_L1_EW,NVCNVL_EW,0.014,0.014
3385,NvcNvl_L2_EW,NVCNVL_EW,0.008,0.008
3385,32Mt_L1_NS,32MT_NS,0.031,0.031
3385,32Nvl_L2_NS,32NVL_NS,0.007,0.007
3385,32Nvl_L1_NS,32NVL_NS,0.007,0.007
3385,NvcNvl_L1_NS,NONE,0.052,0.0
3385,NvcNvl_L3_EW,NONE,0.009,0.0
3385,NvcCmt8_L1_EW,NONE,0.006,0.0
3390,304Thn_L1_EW,304THN_EW,0.008,0.008
3390,32Nvl_L1_NS,32NVL_NS,0.007,0.007
3390,32Nvl_L1_EW,32NVL_EW,0.007,0.002
3390,32Nvl_L2_EW,32NVL_EW,0.008,0.004
3390,NvcNvl_L3_NS,NONE,0.007,0.0
3390,NvcNvl_L2_NS,NONE,0.007,0.0
3390,NvcNvl_L1_EW,NVCNVL_EW,0.014,0.014
3390,NvcNvl_L2_EW,NVCNVL_EW,0.008,0.008
3390,32Mt_L1_NS,32MT_NS,0.031,0.031
3390,32Mt_L1_EW,32MT_EW,0.007,0.002
3390,32Nvl_L2_NS,32NVL_NS,0.007,0.007
3390,32Nvl_L3_EW,NONE,0.006,0.0
3390,NvcNvl_L1_NS,NONE,0.009,0.0
3390,NvcNvl_L3_EW,NONE,0.009,0.0
3390,32Mt_L2_EW,32MT_EW,0.005,0.0
3395,304Nvl_L1_NS,NONE,0.007,0.0
3395,32Nvl_L1_EW,32NVL_EW,0.007,0.002
3395,32Nvl_L2_EW,32NVL_EW,0.008,0.004
3395,NvcNvl_L1_EW,NVCNVL_EW,0.042,0.042
3395,NvcNvl_L2_EW,NVCNVL_EW,0.008,0.008
3395,32Mt_L1_EW,NONE,0.036,0.0
3395,32Mt_L3_EW,NONE,0.044,0.0
3395,32Mt_L1_EW,32MT_EW,0.007,0.002
3395,32Nvl_L3_EW,NONE,0.006,0.0
3395,NvcNvl_L3_EW,NONE,0.009,0.0
3395,32Mt_L2_EW,NONE,0.038,0.0
3395,32Mt_L2_EW,32MT_EW,0.005,0.0
3400,304Nvl_L1_EW,304NVL_EW,0.042,0.042
3400,304Nvl_L2_EW,304NVL_EW,0.036,0.036
3400,304Nvl_L1_NS,NONE,0.015,0.0
3400,304Nvl_L3_NS,NONE,0.008,0.0
3400,32Nvl_L1_EW,32NVL_EW,0.007,0.007
3400,32Nvl_L2_EW,32NVL_EW,0.008,0.008
3400,32Nvl_L3_NS,NONE,0.008,0.0
3400,32Nvl_L2_NS,32NVL_NS,0.008,0.008
3400,NvcNvl_L1_EW,NVCNVL_EW,0.042,0.042
3400,NvcNvl_L2_EW,NVCNVL_EW,0.008,0.008
3400,32Mt_L1_NS,32MT_NS,0.006,0.006
3400,304Nvl_L3_EW,NONE,0.032,0.0
3400,304Nvl_L2_NS,NONE,0.007,0.0
3400,32Nvl_L3_EW,NONE,0.006,0.0
3400,32Nvl_L1_NS,32NVL_NS,0.007,0.007
3400,NvcNvl_L3_EW,NONE,0.009,0.0
3405,304Nvl_L1_NS,NONE,0.007,0.0
3405,304Nvl_L3_NS,NONE,0.008,0.0
3405,32Nvl_L1_EW,32NVL_EW,0.014,0.014
3405,32Nvl_L2_EW,32NVL_EW,0.015,0.015
3405,32Nvl_L1_EW,32NVL_EW,0.007,0.007
3405,32Nvl_L2_EW,32NVL_EW,0.007,0.007
3405,NvcNvl_L2_NS,NONE,0.007,0.0
3405,NvcNvl_L1_EW,NVCNVL_EW,0.049,0.049
3405,NvcNvl_L2_EW,NVCNVL_EW,0.016,0.016
3405,32Mt_L1_NS,32MT_NS,0.006,0.006
3405,32Mt_L1_EW,NONE,0.007,0.0
3405,32Mt_L3_EW,NONE,0.009,0.0
3405,32Mt_L1_NS,NONE,0.01,0.0
3405,304Nvl_L2_NS,NONE,0.007,0.0
3405,32Nvl_L3_EW,NONE,0.006,0.0
3405,32Nvl_L3_EW,NONE,0.013,0.0
3405,NvcNvl_L1_NS,NONE,0.009,0.0
3405,NvcNvl_L3_EW,NONE,0.019,0.0
3405,32Mt_L2_EW,NONE,0.008,0.0
3405,32Mt_L2_NS,NONE,0.009,0.0
3410,304Nvl_L1_EW,304NVL_EW,0.025,0.025
3410,304Nvl_L2_EW,304NVL_EW,0.015,0.015
3410,32Nvl_L1_EW,32NVL_EW,0.021,0.021
3410,32Nvl_L2_EW,32NVL_EW,0.023,0.023
3410,32Nvl_L1_EW,32NVL_EW,0.007,0.007
3410,32Nvl_L2_EW,32NVL_EW,0.007,0.007
3410,NvcNvl_L3_NS,NONE,0.014,0.0
3410,NvcNvl_L2_NS,NONE,0.013,0.0
3410,NvcNvl_L1_EW,NVCNVL_EW,0.028,0.028
3410,NvcNvl_L2_EW,NVCNVL_EW,0.031,0.031
3410,32Mt_L1_NS,32MT_NS,0.019,0.019
3410,32Mt_L1_EW,NONE,0.007,0.0
3410,32Mt_L3_EW,NONE,0.009,0.0
3410,304Nvl_L3_EW,NONE,0.013,0.0
3410,32Nvl_L3_EW,NONE,0.006,0.0
3410,32Nvl_L3_EW,NONE,0.019,0.0
3410,32Nvl_L1_NS,32NVL_NS,0.007,0.007
3410,NvcNvl_L1_NS,NONE,0.017,0.0
3410,NvcNvl_L3_EW,NONE,0.028,0.0
3410,32Mt_L2_NS,32MT_NS,0.006,0.006
3410,32Mt_L2_EW,NONE,0.008,0.0
3415,304Nvl_L1_EW,304NVL_EW,0.051,0.051
3415,304Nvl_L2_EW,304NVL_EW,0.007,0.007
3415,32Nvl_L1_EW,32NVL_EW,0.007,0.002
3415,32Nvl_L2_EW,32NVL_EW,0.008,0.004
3415,32Nvl_L1_EW,32NVL_EW,0.007,0.002
3415,32Nvl_L2_EW,32NVL_EW,0.007,0.004
3415,NvcNvl_L1_EW,NVCNVL_EW,0.021,0.021
3415,NvcNvl_L2_EW,NVCNVL_EW,0.023,0.023
3415,32Mt_L1_NS,32MT_NS,0.038,0.038
3415,32Mt_L1_EW,NONE,0.007,0.0
3415,32Mt_L3_EW,NONE,0.009,0.0
3415,32Mt_L1_EW,32MT_EW,0.007,0.002
3415,32Mt_L1_NS,NONE,0.01,0.0
3415,304Nvl_L3_EW,NONE,0.006,0.0
3415,32Nvl_L3_EW,NONE,0.006,0.0
3415,32Nvl_L3_EW,NONE,0.006,0.0
3415,32Nvl_L1_NS,32NVL_NS,0.007,0.007
3415,NvcNvl_L3_EW,NONE,0.028,0.0
3415,32Mt_L2_NS,32MT_NS,0.006,0.006
3415,32Mt_L2_EW,NONE,0.008,0.0
3415,32Mt_L2_EW,32MT_EW,0.005,0.0
3420,304Nvl_L1_EW,304NVL_EW,0.008,0.008
3420,304Nvl_L1_NS,NONE,0.007,0.0
3420,32Nvl_L1_EW,32NVL_EW,0.007,-0.003
3420,32Nvl_L2_EW,32NVL_EW,0.008,0.004
3420,32Nvl_L1_EW,32NVL_EW,0.007,-0.003
3420,32Nvl_L2_EW,32NVL_EW,0.007,0.004
3420,NvcNvl_L1_EW,NONE,0.011,0.0
3420,NvcNvl_L2_EW,NONE,0.008,0.0
3420,NvcNvl_L1_EW,NVCNVL_EW,0.021,0.021
3420,NvcNvl_L2_EW,NVCNVL_EW,0.016,0.016
3420,32Mt_L1_NS,32MT_NS,0.006,0.006
3420,32Mt_L1_EW,32MT_EW,0.014,0.009
3420,32Thn_L1_EW,NONE,0.01,0.0
3420,32Thn_L2_EW,NONE,0.01,0.0
3420,32Thn_L3_EW,NONE,0.007,0.0
3420,32Nvl_L3_EW,NONE,0.006,0.0
3420,32Nvl_L3_EW,NONE,0.006,0.0
3420,32Nvl_L1_NS,32NVL_NS,0.007,0.007
3420,NvcNvl_L3_EW,NONE,0.019,0.0
3420,32Mt_L2_NS,32MT_NS,0.006,0.006
3420,32Mt_L2_EW,32MT_EW,0.005,0.0
3425,304Nvl_L1_NS,304NVL_NS,0.009,0.009
3425,304Nvl_L1_EW,304NVL_EW,0.008,0.008
3425,304Nvl_L2_EW,304NVL_EW,0.007,0.007
3425,304Nvl_L1_NS,NONE,0.007,0.0
3425,32Nvl_L1_EW,32NVL_EW,0.007,-0.003
3425,32Nvl_L2_EW,32NVL_EW,0.008,0.008
3425,32Nvl_L1_EW,32NVL_EW,0.007,-0.004
3425,32Nvl_L2_EW,32NVL_EW,0.007,0.007
3425,NvcNvl_L3_NS,NONE,0.007,0.0
3425,NvcNvl_L2_NS,NONE,0.007,0.0
3425,NvcNvl_L1_EW,NONE,0.011,0.0
3425,32Mt_L1_NS,32MT_NS,0.006,0.006
3425,32Mt_L1_EW,32MT_EW,0.007,0.002
3425,32Thn_L1_EW,32THN_EW,0.008,0.003
3425,304Nvl_L3_EW,NONE,0.006,0.0
3425,32Nvl_L3_EW,NONE,0.006,0.0
3425,32Nvl_L3_EW,NONE,0.006,0.0
3425,NvcNvl_L1_NS,NONE,0.009,0.0
3430,304Nvl_L1_NS,304NVL_NS,0.018,0.013
3430,304Nvl_L3_NS,NONE,0.007,0.0
3430,32Nvl_L3_NS,NONE,0.007,0.0
3430,32Nvl_L1_NS,32NVL_NS,0.007,-0.006
3430,32Nvl_L1_EW,32NVL_EW,0.007,0.002
3430,32Nvl_L2_EW,32NVL_EW,0.008,0.004
3430,32Nvl_L1_EW,32NVL_EW,0.007,0.002
3430,32Nvl_L2_EW,32NVL_EW,0.007,0.004
3430,32Mt_L1_NS,32MT_NS,0.006,0.006
3430,32Mt_L1_EW,NONE,0.007,0.0
3430,32Mt_L3_EW,NONE,0.009,0.0
3430,32Mt_L1_EW,32MT_EW,0.007,0.002
3430,32Mt_L1_NS,NONE,0.02,0.0
3430,304Nvl_L2_NS,304NVL_NS,0.008,0.008
3430,32Nvl_L2_NS,32NVL_NS,0.007,0.001
3430,32Nvl_L3_EW,NONE,0.006,0.0
3430,32Nvl_L3_EW,NONE,0.006,0.0
3430,32Mt_L2_EW,NONE,0.008,0.0
3430,32Mt_L2_EW,32MT_EW,0.005,0.0
3435,304Nvl_L1_NS,304NVL_NS,0.018,0.018
3435,304Nvl_L3_NS,NONE,0.007,0.0
3435,304Nvl_L1_NS,NONE,0.007,0.0
3435,32Nvl_L1_EW,32NVL_EW,0.007,0.007
3435,32Nvl_L2_EW,32NVL_EW,0.008,0.008
3435,32Nvl_L1_EW,32NVL_EW,0.007,0.007
3435,32Nvl_L2_EW,32NVL_EW,0.007,0.007
3435,32Mt_L1_NS,32MT_NS,0.006,0.001
3435,32Mt_L1_EW,NONE,0.007,0.0
3435,32Mt_L3_EW,NONE,0.009,0.0
3435,32Mt_L1_NS,NONE,0.02,0.0
3435,NvcMt_L1_NS,NVCMT_NS,0.007,0.002
3435,304Nvl_L2_NS,304NVL_NS,0.008,0.008
3435,32Nvl_L3_EW,NONE,0.006,0.0
3435,32Nvl_L3_EW,NONE,0.006,0.0
3435,32Mt_L2_EW,NONE,0.008,0.0
3435,32Mt_L2_NS,NONE,0.009,0.0
3435,NvcMt_L2_NS,NVCMT_NS,0.005,0.005
3440,304Nvl_L1_NS,304NVL_NS,0.009,0.009
3440,304Nvl_L3_NS,NONE,0.007,0.0
3440,32Nvl_L1_EW,32NVL_EW,0.014,0.009
3440,32Nvl_L2_EW,32NVL_EW,0.015,0.012
3440,32Nvl_L1_EW,32NVL_EW,0.007,0.002
3440,32Nvl_L2_EW,32NVL_EW,0.007,0.004
3440,NvcNvl_L3_NS,NONE,0.034,0.0
3440,NvcNvl_L2_NS,NONE,0.033,0.0
3440,NvcNvl_L1_EW,NVCNVL_EW,0.035,0.035
3440,NvcNvl_L2_EW,NVCNVL_EW,0.039,0.039
3440,32Mt_L1_EW,32MT_EW,0.007,-0.003
3440,32Mt_L1_NS,NONE,0.01,0.0
3440,NvcMt_L1_NS,NVCMT_NS,0.007,0.007
3440,304Nvl_L2_NS,304NVL_NS,0.008,0.008
3440,32Nvl_L3_EW,NONE,0.006,0.0
3440,32Nvl_L3_EW,NONE,0.013,0.0
3440,32Nvl_L1_NS,32NVL_NS,0.007,0.0
3440,NvcNvl_L1_NS,NONE,0.044,0.0
3440,NvcNvl_L3_EW,NONE,0.047,0.0
3440,32Mt_L2_EW,32MT_EW,0.005,-0.005
3440,32Mt_L2_NS,NONE,0.009,0.0
3440,NvcMt_L2_NS,NVCMT_NS,0.005,0.005
3445,304Nvl_L1_NS,304NVL_NS,0.009,0.004
3445,304Nvl_L3_NS,NONE,0.007,0.0
3445,304Nvl_L1_EW,304NVL_EW,0.008,0.008
3445,304Nvl_L2_EW,304NVL_EW,0.007,0.007
3445,32Nvl_L1_NS,32NVL_NS,0.007,0.001
3445,32Nvl_L1_EW,32NVL_EW,0.007,0.002
3445,32Nvl_L2_EW,32NVL_EW,0.008,0.004
3445,32Nvl_L1_EW,32NVL_EW,0.007,0.002
3445,32Nvl_L2_EW,32NVL_EW,0.007,0.004
3445,32Mt_L1_EW,32MT_EW,0.007,0.002
3445,NvcMt_L1_NS,NVCMT_NS,0.007,0.007
3445,304Nvl_L2_NS,304NVL_NS,0.008,0.008
3445,304Nvl_L3_EW,NONE,0.006,0.0
3445,32Nvl_L2_NS,32NVL_NS,0.007,0.001
3445,32Nvl_L3_EW,NONE,0.006,0.0
3445,32Nvl_L3_EW,NONE,0.006,0.0
3445,32Nvl_L1_NS,32NVL_NS,0.007,0.0
3445,32Mt_L2_EW,32MT_EW,0.005,0.0
3445,NvcMt_L2_NS,NVCMT_NS,0.005,0.005
3450,304Nvl_L1_NS,304NVL_NS,0.009,0.004
3450,304Nvl_L3_NS,NONE,0.007,0.0
3450,32Nvl_L1_NS,32NVL_NS,0.007,0.001
3450,32Nvl_L1_EW,32NVL_EW,0.007,0.007
3450,32Nvl_L2_EW,32NVL_EW,0.008,0.008
3450,32Nvl_L1_EW,32NVL_EW,0.007,0.007
3450,32Nvl_L2_EW,32NVL_EW,0.007,0.007
3450,NvcNvl_L3_NS,NONE,0.041,0.0
3450,NvcNvl_L2_NS,NONE,0.04,0.0
3450,NvcNvl_L1_EW,NONE,0.053,0.0
3450,NvcNvl_L2_EW,NONE,0.038,0.0
3450,NvcNvl_L1_EW,NVCNVL_EW,0.035,0.035
3450,32Mt_L1_NS,32MT_NS,0.006,0.001
3450,32Mt_L1_EW,NONE,0.007,0.0
3450,32Mt_L1_NS,NONE,0.01,0.0
3450,NvcMt_L1_NS,NVCMT_NS,0.007,0.002
3450,304Nvl_L2_NS,304NVL_NS,0.008,0.008
3450,32Nvl_L2_NS,32NVL_NS,0.007,0.001
3450,32Nvl_L3_EW,NONE,0.006,0.0
3450,32Nvl_L3_EW,NONE,0.006,0.0
3450,NvcNvl_L1_NS,NONE,0.052,0.0
3450,32Mt_L2_NS,NONE,0.009,0.0
3450,NvcMt_L2_NS,NVCMT_NS,0.005,0.005
3455,304Nvl_L1_NS,304NVL_NS,0.009,0.004
3455,304Nvl_L3_NS,NONE,0.007,0.0
3455,304Nvl_L1_EW,304NVL_EW,0.008,0.008
3455,32Nvl_L3_NS,NONE,0.007,0.0
3455,32Nvl_L1_NS,32NVL_NS,0.007,0.001
3455,32Nvl_L1_EW,32NVL_EW,0.007,0.007
3455,32Nvl_L2_EW,32NVL_EW,0.008,0.008
3455,32Nvl_L1_EW,32NVL_EW,0.007,0.007
3455,32Nvl_L2_EW,32NVL_EW,0.007,0.007
3455,32Nvl_L3_NS,NONE,0.008,0.0
3455,32Nvl_L2_NS,32NVL_NS,0.008,0.003
3455,NvcNvl_L3_NS,NONE,0.014,0.0
3455,NvcNvl_L2_NS,NONE,0.013,0.0
3455,NvcNvl_L1_EW,NONE,0.053,0.0
3455,NvcNvl_L2_EW,NONE,0.038,0.0
3455,NvcNvl_L1_EW,NVCNVL_EW,0.035,0.035
3455,32Mt_L1_NS,32MT_NS,0.013,0.008
3455,NvcMt_L1_NS,NVCMT_NS,0.007,-0.002
3455,304Nvl_L2_NS,304NVL_NS,0.008,0.002
3455,32Nvl_L2_NS,32NVL_NS,0.007,0.001
3455,32Nvl_L3_EW,NONE,0.006,0.0
3455,32Nvl_L3_EW,NONE,0.006,0.0
3455,32Nvl_L1_NS,32NVL_NS,0.013,0.007
3455,NvcNvl_L1_NS,NONE,0.017,0.0
3455,32Mt_L2_NS,32MT_NS,0.006,0.003
3455,NvcMt_L2_NS,NVCMT_NS,0.005,0.001
3460,304Nvl_L1_NS,304NVL_NS,0.009,0.009
3460,304Nvl_L3_NS,NONE,0.007,0.0
3460,304Nvl_L1_EW,304NVL_EW,0.008,0.008
3460,304Nvl_L2_EW,304NVL_EW,0.007,0.007
3460,32Nvl_L1_EW,32NVL_EW,0.007,0.007
3460,32Nvl_L2_EW,32NVL_EW,0.008,0.008
3460,32Nvl_L1_EW,32NVL_EW,0.007,0.007
3460,32Nvl_L2_EW,32NVL_EW,0.007,0.007
3460,NvcNvl_L3_NS,NONE,0.034,0.0
3460,NvcNvl_L2_NS,NONE,0.033,0.0
3460,32Mt_L1_NS,32MT_NS,0.013,0.008
3460,NvcMt_L1_EW,NVCMT_EW,0.006,0.006
3460,NvcMt_L1_NS,NVCMT_NS,0.007,-0.002
3460,304Nvl_L2_NS,304NVL_NS,0.008,0.008
3460,304Nvl_L3_EW,NONE,0.006,0.0
3460,32Nvl_L3_EW,NONE,0.006,0.0
3460,32Nvl_L3_EW,NONE,0.006,0.0
3460,NvcNvl_L1_NS,NONE,0.044,0.0
3460,32Mt_L2_NS,32MT_NS,0.006,0.003
3460,NvcMt_L2_EW,NVCMT_EW,0.008,0.008
3460,NvcMt_L2_NS,NVCMT_NS,0.005,0.001
3465,304Nvl_L1_NS,304NVL_NS,0.009,0.009
3465,304Nvl_L3_NS,NONE,0.007,0.0
3465,304Nvl_L1_EW,304NVL_EW,0.017,0.017
3465,304Nvl_L2_EW,304NVL_EW,0.015,0.015
3465,32Nvl_L1_EW,32NVL_EW,0.007,0.007
3465,32Nvl_L2_EW,32NVL_EW,0.008,0.008
3465,32Nvl_L1_EW,32NVL_EW,0.007,0.007
3465,32Nvl_L2_EW,32NVL_EW,0.007,0.007
3465,32Mt_L1_NS,32MT_NS,0.006,0.001
3465,NvcMt_L1_NS,NVCMT_NS,0.007,0.002
3465,304Nvl_L2_NS,304NVL_NS,0.008,0.008
3465,304Nvl_L3_EW,NONE,0.013,0.0
3465,32Nvl_L3_EW,NONE,0.006,0.0
3465,32Nvl_L3_EW,NONE,0.006,0.0
3465,32Nvl_L1_NS,32NVL_NS,0.007,0.0
3465,32Mt_L2_NS,32MT_NS,0.006,0.003
3465,NvcMt_L2_NS,NVCMT_NS,0.005,0.001
3470,304Nvl_L1_NS,304NVL_NS,0.009,0.009
3470,304Nvl_L3_NS,NONE,0.007,0.0
3470,304Nvl_L1_EW,304NVL_EW,0.008,0.008
3470,304Nvl_L2_EW,304NVL_EW,0.007,0.007
3470,304Nvl_L1_NS,NONE,0.007,0.0
3470,32Mt_L1_NS,32MT_NS,0.006,0.001
3470,NvcMt_L1_NS,NVCMT_NS,0.007,0.002
3470,304Nvl_L2_NS,304NVL_NS,0.008,0.008
3470,304Nvl_L3_EW,NONE,0.006,0.0
3470,32Mt_L2_NS,32MT_NS,0.006,0.003
3470,NvcMt_L2_NS,NVCMT_NS,0.005,0.001
3475,304Nvl_L1_NS,304NVL_NS,0.009,0.009
3475,304Nvl_L3_NS,NONE,0.007,0.0
3475,304Nvl_L1_EW,304NVL_EW,0.008,0.008
3475,304Nvl_L2_EW,304NVL_EW,0.007,0.007
3475,304Nvl_L1_NS,NONE,0.015,0.0
3475,32Nvl_L1_EW,32NVL_EW,0.007,0.007
3475,304Nvl_L2_NS,304NVL_NS,0.008,0.008
3475,304Nvl_L3_EW,NONE,0.006,0.0
3480,304Nvl_L1_NS,304NVL_NS,0.009,0.009
3480,304Nvl_L1_NS,NONE,0.007,0.0
3480,32Nvl_L1_EW,32NVL_EW,0.007,0.007
3480,32Nvl_L3_NS,NONE,0.05,0.0
3480,32Nvl_L2_NS,32NVL_NS,0.047,0.047
3480,NvcMt_L2_EW,NVCMT_EW,0.003,0.003
3480,32Nvl_L1_NS,32NVL_NS,0.047,0.041
3480,NvcMt_L1_EW,NVCMT_EW,0.006,0.006
3485,304Nvl_L1_EW,304NVL_EW,0.017,0.017
3485,304Nvl_L2_EW,304NVL_EW,0.015,0.015
3485,32Nvl_L2_NS,32NVL_NS,0.039,0.039
3485,NvcNvl_L3_NS,NONE,0.007,0.0
3485,NvcNvl_L2_NS,NONE,0.007,0.0
3485,NvcNvl_L1_EW,NONE,0.011,0.0
3485,NvcNvl_L2_EW,NONE,0.008,0.0
3485,32Mt_L1_EW,32MT_EW,0.007,0.007
3485,NvcMt_L1_EW,NVCMT_EW,0.006,0.006
3485,NvcMt_L2_EW,NVCMT_EW,0.003,0.003
3485,304Nvl_L3_EW,NONE,0.013,0.0
3485,32Nvl_L1_NS,32NVL_NS,0.04,0.04
3485,NvcNvl_L1_NS,NONE,0.009,0.0
3485,NvcNvl_L3_EW,NONE,0.006,0.0
3485,NvcMt_L2_EW,NVCMT_EW,0.008,0.008
3485,NvcMt_L1_EW,NVCMT_EW,0.006,0.006
3490,304Nvl_L1_EW,304NVL_EW,0.017,0.017
3490,304Nvl_L2_EW,304NVL_EW,0.015,0.015
3490,304Nvl_L1_NS,NONE,0.007,0.0
3490,NvcNvl_L3_NS,NONE,0.02,0.0
3490,NvcNvl_L2_NS,NONE,0.02,0.0
3490,32Mt_L1_EW,32MT_EW,0.014,0.014
3490,32Mt_L1_NS,NONE,0.01,0.0
3490,NvcMt_L1_EW,NVCMT_EW,0.006,0.006
3490,NvcMt_L2_EW,NVCMT_EW,0.003,0.003
3490,304Nvl_L3_EW,NONE,0.013,0.0
3490,32Nvl_L1_NS,32NVL_NS,0.007,0.007
3490,NvcNvl_L1_NS,NONE,0.026,0.0
3490,32Mt_L2_EW,32MT_EW,0.011,0.011
3490,32Mt_L2_NS,NONE,0.009,0.0
3490,NvcMt_L2_EW,NVCMT_EW,0.008,0.008
3490,NvcMt_L1_EW,NVCMT_EW,0.006,0.006
3495,304Nvl_L1_EW,304NVL_EW,0.017,0.017
3495,304Nvl_L2_EW,304NVL_EW,0.015,0.015
3495,32Nvl_L1_NS,32NVL_NS,0.035,0.035
3495,NvcNvl_L1_EW,NONE,0.011,0.0
3495,NvcNvl_L2_EW,NONE,0.008,0.0
3495,32Mt_L1_EW,32MT_EW,0.014,0.014
3495,32Mt_L1_NS,NONE,0.01,0.0
3495,NvcMt_L1_EW,NVCMT_EW,0.006,0.006
3495,NvcMt_L2_EW,NVCMT_EW,0.003,0.003
3495,304Nvl_L3_EW,NONE,0.013,0.0
3495,32Mt_L2_EW,32MT_EW,0.011,0.011
3495,32Mt_L2_NS,NONE,0.009,0.0
3495,NvcMt_L2_EW,NVCMT_EW,0.008,0.008
3495,NvcMt_L1_EW,NVCMT_EW,0.006,0.006
3500,304Nvl_L1_EW,304NVL_EW,0.017,0.017
3500,304Nvl_L2_EW,304NVL_EW,0.015,0.015
3500,32Nvl_L3_NS,NONE,0.014,0.0
3500,32Nvl_L1_NS,32NVL_NS,0.014,0.014
3500,NvcNvl_L1_EW,NONE,0.011,0.0
3500,32Mt_L1_NS,32MT_NS,0.013,0.008
3500,32Mt_L1_EW,NONE,0.007,0.0
3500,32Mt_L1_EW,32MT_EW,0.007,0.007
3500,NvcMt_L1_NS,NVCMT_NS,0.007,-0.002
3500,304Nvl_L3_EW,NONE,0.013,0.0
3500,32Nvl_L2_NS,32NVL_NS,0.013,0.013
3500,32Mt_L2_NS,32MT_NS,0.006,0.003
3500,32Mt_L2_EW,32MT_EW,0.005,0.005
3500,NvcMt_L2_NS,NVCMT_NS,0.005,0.001
3505,304Nvl_L1_EW,304NVL_EW,0.059,0.059
3505,304Nvl_L2_EW,304NVL_EW,0.051,0.051
3505,32Nvl_L3_NS,NONE,0.007,0.0
3505,32Nvl_L1_NS,32NVL_NS,0.007,0.007
3505,32Mt_L1_EW,NONE,0.13,0.0
3505,32Mt_L3_EW,NONE,0.159,0.0
3505,32Mt_L1_EW,32MT_EW,0.007,0.007
3505,NvcMt_L1_EW,NVCMT_EW,0.013,0.013
3505,304Nvl_L3_EW,NONE,0.044,0.0
3505,32Nvl_L2_NS,32NVL_NS,0.007,0.007
3505,32Mt_L2_EW,NONE,0.136,0.0
3505,32Mt_L2_EW,32MT_EW,0.005,0.005
3505,NvcMt_L2_EW,NVCMT_EW,0.016,0.016
3510,304Nvl_L1_NS,304NVL_NS,0.009,0.009
3510,304Nvl_L3_NS,NONE,0.007,0.0
3510,304Nvl_L1_EW,304NVL_EW,0.076,0.076
3510,304Nvl_L2_EW,304NVL_EW,0.065,0.065
3510,32Nvl_L3_NS,NONE,0.109,0.0
3510,32Nvl_L2_NS,32NVL_NS,0.103,0.097
3510,32Mt_L1_EW,NONE,0.144,0.0
3510,32Mt_L3_EW,NONE,0.168,0.0
3510,32Mt_L1_EW,32MT_EW,0.007,0.007
3510,NvcMt_L1_EW,NVCMT_EW,0.013,0.013
3510,NvcMt_L1_NS,NVCMT_NS,0.007,0.007
3510,304Nvl_L2_NS,304NVL_NS,0.008,-0.064
3510,304Nvl_L3_EW,NONE,0.057,0.0
3510,32Nvl_L1_NS,32NVL_NS,0.087,0.081
3510,32Mt_L2_EW,NONE,0.143,0.0
3510,32Mt_L2_EW,32MT_EW,0.005,0.005
3510,NvcMt_L2_EW,NVCMT_EW,0.016,0.016
3510,NvcMt_L2_NS,NVCMT_NS,0.005,0.005
3515,304Nvl_L1_NS,304NVL_NS,0.009,0.004
3515,304Nvl_L3_NS,NONE,0.007,0.0
3515,304Nvl_L1_EW,304NVL_EW,0.059,0.059
3515,304Nvl_L2_EW,304NVL_EW,0.051,0.051
3515,32Nvl_L1_NS,32NVL_NS,0.007,0.001
3515,32Nvl_L3_NS,NONE,0.017,0.0
3515,32Nvl_L2_NS,32NVL_NS,0.016,0.01
3515,NvcNvl_L1_EW,NONE,0.011,0.0
3515,NvcNvl_L2_EW,NONE,0.008,0.0
3515,32Mt_L1_EW,NONE,0.014,0.0
3515,32Mt_L3_EW,NONE,0.018,0.0
3515,32Mt_L1_EW,32MT_EW,0.007,0.007
3515,32Mt_L1_NS,NONE,0.01,0.0
3515,NvcMt_L1_EW,NVCMT_EW,0.013,0.013
3515,304Nvl_L2_NS,304NVL_NS,0.008,-0.003
3515,304Nvl_L3_EW,NONE,0.044,0.0
3515,32Nvl_L2_NS,32NVL_NS,0.007,0.001
3515,32Nvl_L1_NS,32NVL_NS,0.02,0.014
3515,NvcNvl_L3_EW,NONE,0.006,0.0
3515,32Mt_L2_EW,NONE,0.015,0.0
3515,32Mt_L2_EW,32MT_EW,0.005,0.005
3515,NvcMt_L2_EW,NVCMT_EW,0.016,0.016
3520,304Nvl_L1_NS,304NVL_NS,0.009,0.009
3520,304Nvl_L3_NS,NONE,0.007,0.0
3520,304Nvl_L1_EW,304NVL_EW,0.008,0.008
3520,304Nvl_L2_EW,304NVL_EW,0.007,0.007
3520,304Nvl_L1_NS,NONE,0.007,0.0
3520,32Mt_L1_EW,NONE,0.014,0.0
3520,32Mt_L3_EW,NONE,0.009,0.0
3520,32Mt_L1_EW,32MT_EW,0.007,0.007
3520,32Mt_L1_NS,NONE,0.01,0.0
3520,304Nvl_L2_NS,304NVL_NS,0.008,0.008
3520,304Nvl_L3_EW,NONE,0.006,0.0
3520,32Mt_L2_EW,NONE,0.008,0.0
3520,32Mt_L2_EW,32MT_EW,0.005,0.005
3525,304Nvl_L1_NS,304NVL_NS,0.009,0.004
3525,304Nvl_L3_NS,NONE,0.007,0.0
3525,304Nvl_L1_EW,304NVL_EW,0.025,0.025
3525,304Nvl_L2_EW,304NVL_EW,0.007,0.007
3525,304Nvl_L1_NS,NONE,0.015,0.0
3525,32Nvl_L1_NS,32NVL_NS,0.007,0.001
3525,NvcNvl_L1_EW,NVCNVL_EW,0.014,0.014
3525,NvcNvl_L2_EW,NVCNVL_EW,0.008,0.008
3525,32Mt_L1_EW,32MT_EW,0.098,0.098
3525,32Mt_L1_NS,NONE,0.049,0.0
3525,304Nvl_L2_NS,304NVL_NS,0.008,0.008
3525,304Nvl_L3_EW,NONE,0.006,0.0
3525,NvcNvl_L3_EW,NONE,0.009,0.0
3525,32Mt_L2_EW,32MT_EW,0.005,0.005
3530,304Nvl_L1_NS,304NVL_NS,0.009,0.009
3530,304Nvl_L3_NS,NONE,0.007,0.0
3530,304Nvl_L1_EW,304NVL_EW,0.042,0.042
3530,304Nvl_L1_NS,NONE,0.044,0.0
3530,304Nvl_L3_NS,NONE,0.04,0.0
3530,32Nvl_L3_NS,NONE,0.008,0.0
3530,32Nvl_L2_NS,32NVL_NS,0.008,0.003
3530,NvcNvl_L1_EW,NONE,0.011,0.0
3530,NvcNvl_L2_EW,NONE,0.008,0.0
3530,32Mt_L1_EW,32MT_EW,0.119,0.119
3530,32Thn_L1_EW,NONE,0.01,0.0
3530,32Thn_L2_EW,NONE,0.01,0.0
3530,32Thn_L3_EW,NONE,0.007,0.0
3530,304Nvl_L2_NS,304NVL_NS,0.008,0.002
3530,304Nvl_L2_NS,NONE,0.037,0.0
3530,32Nvl_L1_NS,32NVL_NS,0.013,0.007
3530,NvcNvl_L3_EW,NONE,0.006,0.0
3530,32Mt_L2_EW,32MT_EW,0.011,0.011
3535,304Nvl_L1_NS,304NVL_NS,0.009,0.009
3535,304Nvl_L3_NS,NONE,0.007,0.0
3535,304Nvl_L1_NS,NONE,0.007,0.0
3535,NvcNvl_L3_NS,NONE,0.007,0.0
3535,NvcNvl_L2_NS,NONE,0.007,0.0
3535,32Mt_L1_EW,NONE,0.007,0.0
3535,32Mt_L3_EW,NONE,0.009,0.0
3535,32Mt_L1_EW,32MT_EW,0.112,0.112
3535,NvcMt_L1_NS,NVCMT_NS,0.007,0.007
3535,NvcCmt8_L2_EW,NVCCMT8_EW,0.005,0.005
3535,NvcCmt8_L2_NS,NONE,0.011,0.0
3535,32Thn_L1_EW,32THN_EW,0.008,0.008
3535,NvcCmt8_L1_NS,NONE,0.008,0.0
3535,304Nvl_L2_NS,304NVL_NS,0.008,0.008
3535,NvcNvl_L1_NS,NONE,0.009,0.0
3535,32Mt_L2_EW,NONE,0.008,0.0
3535,32Mt_L2_EW,32MT_EW,0.071,0.071
3535,NvcMt_L2_NS,NVCMT_NS,0.005,0.005
3535,NvcCmt8_L1_EW,NVCCMT8_EW,0.008,0.008
3540,304Nvl_L1_NS,304NVL_NS,0.009,0.009
3540,304Nvl_L3_NS,NONE,0.007,0.0
3540,304Nvl_L1_EW,304NVL_EW,0.008,0.008
3540,304Nvl_L2_EW,304NVL_EW,0.007,0.007
3540,32Nvl_L3_NS,NONE,0.042,0.0
3540,32Nvl_L2_NS,32NVL_NS,0.039,0.034
3540,NvcNvl_L1_EW,NONE,0.011,0.0
3540,NvcNvl_L2_EW,NONE,0.008,0.0
3540,32Mt_L1_EW,32MT_EW,0.105,0.105
3540,NvcMt_L2_NS,NONE,0.005,0.0
3540,NvcMt_L1_NS,NVCMT_NS,0.007,0.007
3540,304Nvl_L2_NS,304NVL_NS,0.008,-0.02
3540,304Nvl_L3_EW,NONE,0.006,0.0
3540,32Nvl_L1_NS,32NVL_NS,0.04,0.034
3540,32Mt_L2_EW,32MT_EW,0.071,0.071
3540,NvcMt_L1_NS,NONE,0.005,0.0
3540,NvcMt_L2_NS,NVCMT_NS,0.005,0.005
3540,NvcCmt8_L1_EW,NONE,0.006,0.0
3545,304Nvl_L1_NS,304NVL_NS,0.009,0.009
3545,304Nvl_L3_NS,NONE,0.007,0.0
3545,304Nvl_L1_EW,304NVL_EW,0.085,0.085
3545,304Nvl_L2_EW,304NVL_EW,0.036,0.036
3545,32Nvl_L3_NS,NONE,0.058,0.0
3545,32Nvl_L2_NS,32NVL_NS,0.055,0.05
3545,NvcNvl_L3_NS,NONE,0.007,0.0
3545,NvcNvl_L2_NS,NONE,0.007,0.0
3545,32Mt_L1_NS,32MT_NS,0.006,0.001
3545,32Mt_L1_EW,NONE,0.007,0.0
3545,32Mt_L1_EW,32MT_EW,0.021,0.021
3545,NvcMt_L2_NS,NONE,0.011,0.0
3545,NvcMt_L1_NS,NVCMT_NS,0.007,0.002
3545,304Nvl_L2_NS,304NVL_NS,0.008,-0.031
3545,304Nvl_L3_EW,NONE,0.032,0.0
3545,32Nvl_L1_NS,32NVL_NS,0.054,0.047
3545,NvcNvl_L1_NS,NONE,0.009,0.0
3545,32Mt_L2_EW,32MT_EW,0.011,0.011
3545,NvcMt_L1_NS,NONE,0.011,0.0
3545,NvcMt_L2_NS,NVCMT_NS,0.005,0.005
3545,NvcCmt8_L1_NS,NONE,0.011,0.0
3550,304Nvl_L1_NS,304NVL_NS,0.009,-0.001
3550,304Nvl_L3_NS,NONE,0.007,0.0
3550,304Nvl_L1_EW,304NVL_EW,0.008,0.008
3550,304Nvl_L2_EW,304NVL_EW,0.007,0.007
3550,304Nvl_L1_NS,NONE,0.015,0.0
3550,304Nvl_L3_NS,NONE,0.008,0.0
3550,32Nvl_L3_NS,NONE,0.014,0.0
3550,32Nvl_L1_NS,32NVL_NS,0.014,0.008
3550,32Nvl_L3_NS,NONE,0.058,0.0
3550,32Nvl_L2_NS,32NVL_NS,0.055,0.05
3550,NvcNvl_L1_EW,NONE,0.128,0.0
3550,NvcNvl_L2_EW,NONE,0.092,0.0
3550,NvcNvl_L1_EW,NVCNVL_EW,0.007,0.007
3550,NvcNvl_L2_EW,NVCNVL_EW,0.008,0.008
3550,32Mt_L1_NS,32MT_NS,0.006,0.001
3550,32Mt_L1_EW,32MT_EW,0.007,0.007
3550,32Mt_L1_NS,NONE,0.049,0.0
3550,NvcMt_L2_NS,NONE,0.032,0.0
3550,NvcMt_L1_NS,NVCMT_NS,0.007,0.002
3550,304Nvl_L2_NS,304NVL_NS,0.008,-0.031
3550,304Nvl_L3_EW,NONE,0.006,0.0
3550,304Nvl_L2_NS,NONE,0.007,0.0
3550,32Nvl_L2_NS,32NVL_NS,0.013,0.008
3550,32Nvl_L1_NS,32NVL_NS,0.047,0.041
3550,NvcNvl_L3_EW,NONE,0.076,0.0
3550,NvcNvl_L3_EW,NONE,0.009,0.0
3550,32Mt_L2_EW,32MT_EW,0.005,0.005
3550,32Mt_L2_NS,NONE,0.043,0.0
3550,NvcMt_L1_NS,NONE,0.033,0.0
3550,NvcMt_L2_NS,NVCMT_NS,0.005,0.005
3555,304Nvl_L1_NS,304NVL_NS,0.009,-0.01
3555,304Nvl_L3_NS,NONE,0.007,0.0
3555,32Nvl_L3_NS,NONE,0.02,0.0
3555,32Nvl_L1_NS,32NVL_NS,0.028,0.021
3555,32Nvl_L3_NS,NONE,0.058,0.0
3555,32Nvl_L2_NS,32NVL_NS,0.055,0.05
3555,NvcNvl_L1_EW,NONE,0.182,0.0
3555,NvcNvl_L2_EW,NONE,0.13,0.0
3555,NvcNvl_L1_EW,NVCNVL_EW,0.007,0.007
3555,32Mt_L1_EW,32MT_EW,0.007,0.007
3555,NvcMt_L2_NS,NONE,0.037,0.0
3555,NvcMt_L1_NS,NVCMT_NS,0.007,0.007
3555,304Nvl_L2_NS,304NVL_NS,0.008,-0.031
3555,32Nvl_L2_NS,32NVL_NS,0.027,0.021
3555,32Nvl_L1_NS,32NVL_NS,0.047,0.041
3555,NvcNvl_L3_EW,NONE,0.107,0.0
3555,32Mt_L2_EW,32MT_EW,0.005,0.005
3555,NvcMt_L1_NS,NONE,0.038,0.0
3555,NvcMt_L2_NS,NVCMT_NS,0.005,0.005
3560,304Nvl_L1_NS,304NVL_NS,0.009,-0.015
3560,304Nvl_L3_NS,NONE,0.007,0.0
3560,304Nvl_L1_EW,304NVL_EW,0.051,0.051
3560,32Nvl_L3_NS,NONE,0.02,0.0
3560,32Nvl_L1_NS,32NVL_NS,0.035,0.028
3560,32Nvl_L3_NS,NONE,0.058,0.0
3560,32Nvl_L2_NS,32NVL_NS,0.055,0.05
3560,NvcNvl_L3_NS,NONE,0.007,0.0
3560,NvcNvl_L2_NS,NONE,0.007,0.0
3560,NvcNvl_L1_EW,NONE,0.182,0.0
3560,NvcNvl_L2_EW,NONE,0.13,0.0
3560,32Mt_L1_EW,NONE,0.036,0.0
3560,NvcMt_L2_NS,NONE,0.011,0.0
3560,NvcMt_L1_EW,NVCMT_EW,0.032,0.032
3560,NvcMt_L1_NS,NVCMT_NS,0.007,0.007
3560,304Nvl_L2_NS,304NVL_NS,0.008,-0.031
3560,32Nvl_L2_NS,32NVL_NS,0.033,0.028
3560,32Nvl_L1_NS,32NVL_NS,0.047,0.041
3560,NvcNvl_L1_NS,NONE,0.009,0.0
3560,NvcNvl_L3_EW,NONE,0.107,0.0
3560,NvcMt_L1_NS,NONE,0.011,0.0
3560,NvcMt_L2_EW,NVCMT_EW,0.04,0.04
3560,NvcMt_L2_NS,NVCMT_NS,0.005,0.005
3565,304Nvl_L1_NS,304NVL_NS,0.009,-0.01
3565,304Nvl_L3_NS,NONE,0.007,0.0
3565,32Nvl_L3_NS,NONE,0.014,0.0
3565,32Nvl_L1_NS,32NVL_NS,0.028,0.021
3565,32Nvl_L3_NS,NONE,0.075,0.0
3565,32Nvl_L2_NS,32NVL_NS,0.071,0.066
3565,32Mt_L1_NS,32MT_NS,0.006,0.001
3565,32Mt_L1_EW,NONE,0.007,0.0
3565,NvcMt_L1_EW,NVCMT_EW,0.006,0.006
3565,NvcMt_L1_NS,NVCMT_NS,0.007,0.002
3565,NvcCmt8_L2_EW,NONE,0.007,0.0
3565,304Nvl_L2_NS,304NVL_NS,0.008,-0.042
3565,32Nvl_L2_NS,32NVL_NS,0.027,0.021
3565,32Nvl_L1_NS,32NVL_NS,0.06,0.054
3565,32Mt_L2_NS,32MT_NS,0.006,0.003
3565,NvcMt_L2_EW,NVCMT_EW,0.008,0.008
3565,NvcMt_L2_NS,NVCMT_NS,0.005,0.001
3565,NvcCmt8_L1_EW,NONE,0.006,0.0
3570,304Nvl_L1_NS,304NVL_NS,0.009,-0.015
3570,304Nvl_L3_NS,NONE,0.007,0.0
3570,32Nvl_L3_NS,NONE,0.014,0.0
3570,32Nvl_L1_NS,32NVL_NS,0.035,0.028
3570,32Nvl_L1_EW,32NVL_EW,0.007,0.007
3570,32Nvl_L2_EW,32NVL_EW,0.008,0.008
3570,32Nvl_L3_NS,NONE,0.075,0.0
3570,32Nvl_L2_NS,32NVL_NS,0.071,0.066
3570,32Mt_L1_NS,32MT_NS,0.013,0.008
3570,NvcMt_L1_EW,NVCMT_EW,0.006,0.006
3570,NvcMt_L1_NS,NVCMT_NS,0.007,-0.002
3570,304Nvl_L2_NS,304NVL_NS,0.008,-0.042
3570,32Nvl_L2_NS,32NVL_NS,0.033,0.028
3570,32Nvl_L3_EW,NONE,0.006,0.0
3570,32Nvl_L1_NS,32NVL_NS,0.06,0.054
3570,32Mt_L2_NS,32MT_NS,0.013,0.009
3570,NvcMt_L2_EW,NVCMT_EW,0.008,0.008
3570,NvcMt_L2_NS,NVCMT_NS,0.005,-0.004
3575,304Nvl_L1_NS,304NVL_NS,0.009,-0.01
3575,304Nvl_L3_NS,NONE,0.007,0.0
3575,32Nvl_L3_NS,NONE,0.014,0.0
3575,32Nvl_L1_NS,32NVL_NS,0.028,0.017
3575,32Nvl_L3_NS,NONE,0.083,0.0
3575,32Nvl_L2_NS,32NVL_NS,0.079,0.074
3575,NvcNvl_L1_EW,NONE,0.128,0.0
3575,NvcNvl_L1_NS,NVCNVL_NS,0.007,-0.013
3575,32Mt_L1_NS,32MT_NS,0.013,0.008
3575,32Mt_L1_NS,NONE,0.01,0.0
3575,NvcMt_L1_NS,NVCMT_NS,0.007,-0.002
3575,304Nvl_L2_NS,304NVL_NS,0.008,-0.048
3575,32Nvl_L2_NS,32NVL_NS,0.027,0.021
3575,32Nvl_L1_NS,32NVL_NS,0.067,0.056
3575,32Mt_L2_NS,32MT_NS,0.013,0.009
3575,32Mt_L2_NS,NONE,0.009,0.0
3575,NvcMt_L2_NS,NVCMT_NS,0.005,-0.004
3580,304Nvl_L1_NS,304NVL_NS,0.009,-0.005
3580,304Nvl_L3_NS,NONE,0.007,0.0
3580,304Nvl_L1_EW,304NVL_EW,0.042,0.042
3580,304Nvl_L2_EW,304NVL_EW,0.036,0.036
3580,32Nvl_L3_NS,NONE,0.007,0.0
3580,32Nvl_L1_NS,32NVL_NS,0.021,0.01
3580,32Nvl_L3_NS,NONE,0.125,0.0
3580,32Nvl_L2_NS,32NVL_NS,0.118,0.113
3580,NvcNvl_L3_NS,NONE,0.014,0.0
3580,NvcNvl_L2_NS,NONE,0.013,0.0
3580,NvcNvl_L1_EW,NONE,0.128,0.0
3580,NvcNvl_L2_EW,NONE,0.092,0.0
3580,NvcNvl_L1_NS,NVCNVL_NS,0.007,-0.008
3580,32Mt_L1_NS,32MT_NS,0.006,0.001
3580,NvcMt_L1_NS,NVCMT_NS,0.007,0.002
3580,304Nvl_L2_NS,304NVL_NS,0.008,-0.075
3580,304Nvl_L3_EW,NONE,0.032,0.0
3580,32Nvl_L2_NS,32NVL_NS,0.02,0.015
3580,32Nvl_L1_NS,32NVL_NS,0.107,0.096
3580,NvcNvl_L1_NS,NONE,0.017,0.0
3580,32Mt_L2_NS,32MT_NS,0.006,0.003
3580,NvcMt_L2_NS,NVCMT_NS,0.005,0.001
3585,304Nvl_L1_NS,304NVL_NS,0.009,-0.005
3585,304Nvl_L3_NS,NONE,0.007,0.0
3585,32Nvl_L3_NS,NONE,0.014,0.0
3585,32Nvl_L1_NS,32NVL_NS,0.021,0.014
3585,32Nvl_L3_NS,NONE,0.125,0.0
3585,32Nvl_L2_NS,32NVL_NS,0.118,0.113
3585,NvcNvl_L3_NS,NONE,0.014,0.0
3585,NvcNvl_L2_NS,NONE,0.013,0.0
3585,NvcNvl_L1_EW,NONE,0.128,0.0
3585,NvcNvl_L2_EW,NONE,0.092,0.0
3585,32Mt_L1_NS,32MT_NS,0.006,0.001
3585,32Mt_L1_EW,32MT_EW,0.014,0.014
3585,NvcMt_L1_NS,NVCMT_NS,0.007,0.002
3585,304Nvl_L2_NS,304NVL_NS,0.008,-0.075
3585,32Nvl_L2_NS,32NVL_NS,0.02,0.015
3585,32Nvl_L1_NS,32NVL_NS,0.107,0.101
3585,NvcNvl_L1_NS,NONE,0.017,0.0
3585,32Mt_L2_NS,32MT_NS,0.006,0.003
3585,32Mt_L2_EW,32MT_EW,0.005,0.005
3585,NvcMt_L2_NS,NVCMT_NS,0.005,0.001
3590,304Nvl_L1_NS,304NVL_NS,0.009,-0.005
3590,304Nvl_L3_NS,NONE,0.007,0.0
3590,304Nvl_L1_NS,NONE,0.036,0.0
3590,32Nvl_L3_NS,NONE,0.014,0.0
3590,32Nvl_L1_NS,32NVL_NS,0.021,0.014
3590,32Nvl_L3_NS,NONE,0.134,0.0
3590,32Nvl_L2_NS,32NVL_NS,0.126,0.121
3590,NvcNvl_L3_NS,NONE,0.014,0.0
3590,NvcNvl_L2_NS,NONE,0.013,0.0
3590,32Mt_L1_EW,32MT_EW,0.007,0.007
3590,NvcMt_L1_EW,NVCMT_EW,0.006,0.001
3590,NvcCmt8_L2_EW,NVCCMT8_EW,0.005,0.005
3590,304Nvl_L2_NS,304NVL_NS,0.008,-0.081
3590,32Nvl_L2_NS,32NVL_NS,0.02,0.015
3590,32Nvl_L1_NS,32NVL_NS,0.114,0.108
3590,NvcNvl_L1_NS,NONE,0.017,0.0
3590,32Mt_L2_EW,32MT_EW,0.005,0.005
3590,NvcMt_L2_EW,NVCMT_EW,0.008,0.004
3590,NvcCmt8_L1_EW,NVCCMT8_EW,0.008,0.003
3595,32Nvl_L3_NS,NONE,0.007,0.0
3595,32Nvl_L1_NS,32NVL_NS,0.007,0.007
3595,32Nvl_L3_NS,NONE,0.058,0.0
3595,32Nvl_L2_NS,32NVL_NS,0.055,0.055
3595,32Mt_L1_EW,32MT_EW,0.014,0.014
3595,NvcMt_L1_EW,NVCMT_EW,0.006,0.001
3595,NvcCmt8_L2_EW,NVCCMT8_EW,0.005,0.005
3595,32Nvl_L2_NS,32NVL_NS,0.007,0.007
3595,32Nvl_L1_NS,32NVL_NS,0.047,0.047
3595,NvcMt_L2_EW,NVCMT_EW,0.008,0.004
3595,NvcCmt8_L1_EW,NVCCMT8_EW,0.008,0.003
