Time_Seconds,Lane_ID,Phase_ID,Density_Phi,Pressure_W
35,NvcMt_L1_EW,NVCMT_EW,0.006,0.006
35,NvcMt_L2_EW,NVCMT_EW,0.008,0.008
40,NvcMt_L1_EW,NVCMT_EW,0.006,0.006
40,NvcMt_L2_EW,NVCMT_EW,0.008,0.008
45,NvcNvl_L3_NS,NONE,0.007,0.0
45,NvcNvl_L2_NS,NONE,0.007,0.0
45,NvcNvl_L1_NS,NONE,0.009,0.0
55,NvcNvl_L1_EW,NVCNVL_EW,0.007,0.007
55,NvcNvl_L2_EW,NVCNVL_EW,0.008,0.008
55,NvcNvl_L3_EW,NONE,0.009,0.0
65,NvcNvl_L1_EW,NVCNVL_EW,0.007,0.007
65,NvcNvl_L2_EW,NVCNVL_EW,0.008,0.008
65,NvcNvl_L3_EW,NONE,0.009,0.0
70,32Nvl_L3_NS,NONE,0.008,0.0
70,32Nvl_L2_NS,32NVL_NS,0.008,0.008
70,NvcMt_L1_EW,NVCMT_EW,0.006,0.006
70,32Nvl_L1_NS,32NVL_NS,0.007,0.007
70,NvcMt_L2_EW,NVCMT_EW,0.008,0.008
75,304Nvl_L1_NS,304NVL_NS,0.009,0.009
75,304Nvl_L3_NS,NONE,0.007,0.0
75,32Nvl_L3_NS,NONE,0.008,0.0
75,32Nvl_L2_NS,32NVL_NS,0.008,0.003
75,NvcCmt8_L2_NS,NONE,0.011,0.0
75,NvcCmt8_L1_NS,NONE,0.008,0.0
75,304Nvl_L2_NS,304NVL_NS,0.008,0.002
75,32Nvl_L1_NS,32NVL_NS,0.007,0.0
80,304Nvl_L1_NS,304NVL_NS,0.009,0.009
80,304Nvl_L3_NS,NONE,0.007,0.0
80,32Nvl_L3_NS,NONE,0.008,0.0
80,32Nvl_L2_NS,32NVL_NS,0.008,0.003
80,NvcNvl_L3_NS,NONE,0.034,0.0
80,NvcNvl_L2_NS,NONE,0.033,0.0
80,304Nvl_L2_NS,304NVL_NS,0.008,0.002
80,32Nvl_L1_NS,32NVL_NS,0.007,0.0
80,NvcNvl_L1_NS,NONE,0.044,0.0
85,304Nvl_L1_NS,304NVL_NS,0.009,0.009
85,304Nvl_L3_NS,NONE,0.007,0.0
85,32Nvl_L3_NS,NONE,0.008,0.0
85,32Nvl_L2_NS,32NVL_NS,0.008,0.003
85,304Nvl_L2_NS,304NVL_NS,0.008,0.002
85,32Nvl_L1_NS,32NVL_NS,0.007,0.0
90,304Nvl_L1_NS,304NVL_NS,0.009,0.009
90,304Nvl_L3_NS,NONE,0.007,0.0
90,32Nvl_L3_NS,NONE,0.008,0.0
90,32Nvl_L2_NS,32NVL_NS,0.008,0.003
90,NvcNvl_L1_EW,NONE,0.053,0.0
90,NvcNvl_L2_EW,NONE,0.038,0.0
90,304Nvl_L2_NS,304NVL_NS,0.008,0.002
90,32Nvl_L1_NS,32NVL_NS,0.007,0.0
95,304Nvl_L1_NS,304NVL_NS,0.009,0.009
95,304Nvl_L3_NS,NONE,0.007,0.0
95,32Nvl_L3_NS,NONE,0.008,0.0
95,32Nvl_L2_NS,32NVL_NS,0.008,0.003
95,NvcNvl_L1_EW,NONE,0.053,0.0
95,NvcNvl_L2_EW,NONE,0.038,0.0
95,NvcCmt8_L2_NS,NONE,0.011,0.0
95,NvcCmt8_L1_NS,NONE,0.008,0.0
95,304Nvl_L2_NS,304NVL_NS,0.008,0.002
95,32Nvl_L1_NS,32NVL_NS,0.007,0.0
100,304Nvl_L1_NS,304NVL_NS,0.009,0.009
100,304Nvl_L3_NS,NONE,0.007,0.0
100,32Nvl_L3_NS,NONE,0.008,0.0
100,32Nvl_L2_NS,32NVL_NS,0.008,0.003
100,304Nvl_L2_NS,304NVL_NS,0.008,0.002
100,32Nvl_L1_NS,32NVL_NS,0.007,0.0
105,304Nvl_L1_NS,304NVL_NS,0.009,0.009
105,304Nvl_L3_NS,NONE,0.007,0.0
105,32Nvl_L3_NS,NONE,0.008,0.0
105,32Nvl_L2_NS,32NVL_NS,0.008,0.003
105,304Nvl_L2_NS,304NVL_NS,0.008,0.002
105,32Nvl_L1_NS,32NVL_NS,0.007,0.0
110,304Nvl_L1_NS,304NVL_NS,0.009,0.009
110,304Nvl_L3_NS,NONE,0.007,0.0
110,32Nvl_L3_NS,NONE,0.008,0.0
110,32Nvl_L2_NS,32NVL_NS,0.008,0.003
110,32Mt_L1_NS,NONE,0.01,0.0
110,304Nvl_L2_NS,304NVL_NS,0.008,0.002
110,32Nvl_L1_NS,32NVL_NS,0.007,0.0
110,32Mt_L2_NS,NONE,0.009,0.0
115,32Mt_L1_NS,32MT_NS,0.006,0.006
115,NvcMt_L2_NS,NONE,0.005,0.0
115,NvcMt_L1_NS,NONE,0.005,0.0
120,304Nvl_L1_EW,304NVL_EW,0.008,0.008
120,304Nvl_L2_EW,304NVL_EW,0.007,0.007
120,32Nvl_L3_NS,NONE,0.008,0.0
120,32Nvl_L2_NS,32NVL_NS,0.008,0.008
120,304Nvl_L3_EW,NONE,0.006,0.0
120,32Nvl_L1_NS,32NVL_NS,0.007,0.007
125,304Nvl_L1_EW,304NVL_EW,0.008,0.008
125,304Nvl_L2_EW,304NVL_EW,0.007,0.007
125,304Nvl_L1_NS,NONE,0.007,0.0
125,32Mt_L1_NS,NONE,0.01,0.0
125,304Nvl_L3_EW,NONE,0.006,0.0
125,32Mt_L2_NS,NONE,0.009,0.0
130,304Nvl_L1_EW,304NVL_EW,0.008,0.008
130,304Nvl_L2_EW,304NVL_EW,0.007,0.007
130,304Nvl_L3_EW,NONE,0.006,0.0
135,304Nvl_L1_EW,304NVL_EW,0.008,0.008
135,304Nvl_L2_EW,304NVL_EW,0.007,0.007
135,32Mt_L1_EW,NONE,0.007,0.0
135,NvcMt_L2_NS,NONE,0.005,0.0
135,304Nvl_L3_EW,NONE,0.006,0.0
135,NvcMt_L1_NS,NONE,0.005,0.0
140,304Thn_L1_EW,304THN_EW,0.008,0.002
140,304Thn_L3_EW,NONE,0.008,0.0
140,304Nvl_L1_EW,304NVL_EW,0.008,0.003
140,304Nvl_L2_EW,304NVL_EW,0.007,0.002
140,32Mt_L1_EW,32MT_EW,0.014,0.014
140,NvcCmt8_L2_NS,NONE,0.011,0.0
140,NvcCmt8_L1_NS,NONE,0.008,0.0
140,304Nvl_L3_EW,NONE,0.006,0.0
140,32Mt_L2_EW,32MT_EW,0.011,0.011
140,304Thn_L2_EW,304THN_EW,0.007,0.002
145,304Thn_L1_EW,304THN_EW,0.008,0.002
145,304Thn_L3_EW,NONE,0.008,0.0
145,304Nvl_L1_NS,304NVL_NS,0.009,0.009
145,304Nvl_L1_EW,304NVL_EW,0.008,0.003
145,304Nvl_L2_EW,304NVL_EW,0.007,0.002
145,32Mt_L1_EW,32MT_EW,0.021,0.021
145,304Nvl_L2_NS,304NVL_NS,0.008,0.008
145,304Nvl_L3_EW,NONE,0.006,0.0
145,32Mt_L2_EW,32MT_EW,0.016,0.016
145,304Thn_L2_EW,304THN_EW,0.007,0.002
150,304Thn_L1_EW,304THN_EW,0.008,0.002
150,304Thn_L3_EW,NONE,0.008,0.0
150,304Nvl_L1_EW,304NVL_EW,0.008,0.003
150,304Nvl_L2_EW,304NVL_EW,0.007,0.002
150,32Nvl_L3_NS,NONE,0.008,0.0
150,32Nvl_L2_NS,32NVL_NS,0.008,0.008
150,NvcNvl_L1_EW,NONE,0.053,0.0
150,NvcNvl_L2_EW,NONE,0.038,0.0
150,32Mt_L1_EW,32MT_EW,0.021,0.021
150,NvcMt_L1_EW,NVCMT_EW,0.006,0.006
150,304Nvl_L3_EW,NONE,0.006,0.0
150,32Nvl_L1_NS,32NVL_NS,0.007,0.007
150,NvcNvl_L3_EW,NONE,0.032,0.0
150,32Mt_L2_EW,32MT_EW,0.016,0.016
150,NvcMt_L2_EW,NVCMT_EW,0.008,0.008
150,304Thn_L2_EW,304THN_EW,0.007,0.002
155,304Nvl_L1_EW,304NVL_EW,0.017,0.017
155,304Nvl_L2_EW,304NVL_EW,0.015,0.015
155,304Nvl_L1_NS,NONE,0.007,0.0
155,32Nvl_L3_NS,NONE,0.007,0.0
155,32Nvl_L1_NS,32NVL_NS,0.007,0.007
155,32Mt_L1_EW,32MT_EW,0.021,0.021
155,NvcMt_L1_EW,NVCMT_EW,0.006,0.006
155,304Nvl_L3_EW,NONE,0.013,0.0
155,32Nvl_L2_NS,32NVL_NS,0.007,0.007
155,32Mt_L2_EW,32MT_EW,0.016,0.016
155,NvcMt_L2_EW,NVCMT_EW,0.008,0.008
160,304Nvl_L1_EW,304NVL_EW,0.017,0.017
160,304Nvl_L2_EW,304NVL_EW,0.015,0.015
160,32Mt_L1_EW,32MT_EW,0.028,0.028
160,32Mt_L1_NS,NONE,0.01,0.0
160,304Nvl_L3_EW,NONE,0.013,0.0
160,32Mt_L2_EW,32MT_EW,0.022,0.022
160,32Mt_L2_NS,NONE,0.009,0.0
165,304Thn_L1_EW,NONE,0.007,0.0
165,304Nvl_L1_EW,304NVL_EW,0.017,0.017
165,304Nvl_L2_EW,304NVL_EW,0.015,0.015
165,NvcNvl_L1_EW,NVCNVL_EW,0.007,0.003
165,NvcNvl_L2_EW,NVCNVL_EW,0.008,0.008
165,32Mt_L1_EW,32MT_EW,0.028,0.028
165,NvcMt_L1_EW,NVCMT_EW,0.006,0.001
165,32Thn_L1_EW,32THN_EW,0.096,0.096
165,32Thn_L2_EW,32THN_EW,0.1,0.1
165,32Thn_L3_EW,NONE,0.098,0.0
165,304Nvl_L3_EW,NONE,0.013,0.0
165,NvcNvl_L3_EW,NONE,0.009,0.0
165,32Mt_L2_EW,32MT_EW,0.022,0.022
165,NvcMt_L2_EW,NVCMT_EW,0.008,0.002
170,304Nvl_L1_EW,304NVL_EW,0.017,0.017
170,304Nvl_L2_EW,304NVL_EW,0.015,0.015
170,NvcNvl_L1_EW,NONE,0.011,0.0
170,NvcNvl_L2_EW,NONE,0.008,0.0
170,NvcNvl_L1_EW,NVCNVL_EW,0.014,0.01
170,NvcNvl_L2_EW,NVCNVL_EW,0.016,0.016
170,32Mt_L1_EW,32MT_EW,0.035,0.035
170,NvcMt_L1_EW,NVCMT_EW,0.006,-0.004
170,32Thn_L1_EW,32THN_EW,0.096,0.096
170,32Thn_L2_EW,32THN_EW,0.1,0.1
170,32Thn_L3_EW,NONE,0.098,0.0
170,304Nvl_L3_EW,NONE,0.006,0.0
170,NvcNvl_L3_EW,NONE,0.006,0.0
170,NvcNvl_L3_EW,NONE,0.019,0.0
170,32Mt_L2_EW,32MT_EW,0.022,0.022
170,NvcMt_L2_EW,NVCMT_EW,0.008,-0.003
175,304Nvl_L1_EW,304NVL_EW,0.008,0.008
175,304Nvl_L2_EW,304NVL_EW,0.007,0.007
175,32Nvl_L3_NS,NONE,0.008,0.0
175,32Nvl_L2_NS,32NVL_NS,0.008,0.008
175,NvcNvl_L1_EW,NVCNVL_EW,0.007,0.003
175,NvcNvl_L2_EW,NVCNVL_EW,0.008,0.008
175,32Mt_L1_EW,32MT_EW,0.021,0.021
175,NvcMt_L1_EW,NVCMT_EW,0.006,0.001
175,32Thn_L1_EW,NONE,0.116,0.0
175,304Nvl_L3_EW,NONE,0.006,0.0
175,32Nvl_L1_NS,32NVL_NS,0.007,0.007
175,32Mt_L2_EW,32MT_EW,0.016,0.016
175,NvcMt_L2_EW,NVCMT_EW,0.008,0.002
180,304Nvl_L1_EW,304NVL_EW,0.042,0.042
180,304Nvl_L2_EW,304NVL_EW,0.036,0.036
180,304Nvl_L1_NS,NONE,0.007,0.0
180,32Nvl_L3_NS,NONE,0.007,0.0
180,32Nvl_L1_NS,32NVL_NS,0.007,0.007
180,32Nvl_L3_NS,NONE,0.042,0.0
180,32Nvl_L2_NS,32NVL_NS,0.039,0.039
180,32Mt_L1_NS,32MT_NS,0.006,0.006
180,32Mt_L1_EW,NONE,0.007,0.0
180,32Mt_L1_EW,32MT_EW,0.007,0.007
180,32Mt_L1_NS,NONE,0.049,0.0
180,32Thn_L1_EW,NONE,0.116,0.0
180,304Nvl_L3_EW,NONE,0.032,0.0
180,32Nvl_L2_NS,32NVL_NS,0.007,0.007
180,32Nvl_L1_NS,32NVL_NS,0.034,0.034
180,32Mt_L2_NS,NONE,0.043,0.0
185,32Nvl_L1_NS,32NVL_NS,0.007,0.007
185,32Nvl_L3_NS,NONE,0.05,0.0
185,32Nvl_L2_NS,32NVL_NS,0.047,0.047
185,NvcNvl_L1_EW,NONE,0.011,0.0
185,NvcNvl_L2_EW,NONE,0.008,0.0
185,NvcNvl_L1_EW,NVCNVL_EW,0.007,0.003
185,NvcNvl_L2_EW,NVCNVL_EW,0.008,0.008
185,32Mt_L1_NS,32MT_NS,0.013,0.013
185,32Mt_L1_EW,NONE,0.007,0.0
185,32Mt_L1_NS,NONE,0.01,0.0
185,NvcMt_L1_EW,NVCMT_EW,0.006,0.001
185,32Nvl_L2_NS,32NVL_NS,0.007,0.007
185,32Nvl_L1_NS,32NVL_NS,0.04,0.04
185,NvcNvl_L3_EW,NONE,0.009,0.0
185,32Mt_L2_NS,NONE,0.009,0.0
185,NvcMt_L2_EW,NVCMT_EW,0.008,0.002
190,304Nvl_L1_NS,NONE,0.036,0.0
190,32Nvl_L1_NS,32NVL_NS,0.007,0.007
190,32Nvl_L3_NS,NONE,0.05,0.0
190,32Nvl_L2_NS,32NVL_NS,0.047,0.047
190,NvcNvl_L1_EW,NONE,0.011,0.0
190,NvcNvl_L2_EW,NONE,0.008,0.0
190,32Mt_L1_NS,32MT_NS,0.038,0.038
190,32Mt_L1_EW,32MT_EW,0.007,0.007
190,32Mt_L1_NS,NONE,0.01,0.0
190,NvcMt_L2_NS,NONE,0.005,0.0
190,32Nvl_L2_NS,32NVL_NS,0.007,0.007
190,32Nvl_L1_NS,32NVL_NS,0.04,0.04
190,32Mt_L2_NS,NONE,0.009,0.0
190,NvcMt_L1_NS,NONE,0.005,0.0
195,304Nvl_L1_EW,304NVL_EW,0.008,0.008
195,304Nvl_L1_NS,NONE,0.036,0.0
195,32Nvl_L1_NS,32NVL_NS,0.007,0.007
195,32Nvl_L3_NS,NONE,0.05,0.0
195,32Nvl_L2_NS,32NVL_NS,0.047,0.047
195,32Mt_L1_NS,32MT_NS,0.031,0.031
195,32Mt_L1_EW,NONE,0.007,0.0
195,32Mt_L1_EW,32MT_EW,0.007,0.007
195,32Nvl_L2_NS,32NVL_NS,0.007,0.007
195,32Nvl_L1_NS,32NVL_NS,0.04,0.04
195,32Mt_L2_EW,32MT_EW,0.005,0.005
195,NvcMt_L1_EW,NVCMT_EW,0.006,0.006
200,32Nvl_L1_NS,32NVL_NS,0.007,0.007
200,32Nvl_L3_NS,NONE,0.05,0.0
200,32Nvl_L2_NS,32NVL_NS,0.047,0.047
200,32Thn_L1_EW,32THN_EW,0.008,0.008
200,32Thn_L2_EW,32THN_EW,0.008,0.008
200,32Thn_L3_EW,NONE,0.008,0.0
200,32Nvl_L2_NS,32NVL_NS,0.007,0.007
200,32Nvl_L1_NS,32NVL_NS,0.04,0.04
205,304Nvl_L1_NS,304NVL_NS,0.009,-0.001
205,304Nvl_L3_NS,NONE,0.007,0.0
205,32Nvl_L3_NS,NONE,0.007,0.0
205,32Nvl_L1_NS,32NVL_NS,0.014,0.008
205,32Nvl_L3_NS,NONE,0.058,0.0
205,32Nvl_L2_NS,32NVL_NS,0.055,0.05
205,NvcNvl_L3_NS,NONE,0.007,0.0
205,NvcNvl_L2_NS,NONE,0.007,0.0
205,32Thn_L1_EW,NONE,0.01,0.0
205,304Nvl_L2_NS,304NVL_NS,0.008,-0.031
205,32Nvl_L2_NS,32NVL_NS,0.013,0.008
205,32Nvl_L1_NS,32NVL_NS,0.047,0.041
205,NvcNvl_L1_NS,NONE,0.009,0.0
210,304Nvl_L1_NS,304NVL_NS,0.009,-0.001
210,304Nvl_L3_NS,NONE,0.007,0.0
210,32Nvl_L3_NS,NONE,0.007,0.0
210,32Nvl_L1_NS,32NVL_NS,0.014,0.008
210,32Nvl_L3_NS,NONE,0.067,0.0
210,32Nvl_L2_NS,32NVL_NS,0.063,0.058
210,NvcNvl_L1_EW,NVCNVL_EW,0.007,0.007
210,NvcNvl_L2_EW,NVCNVL_EW,0.008,0.008
210,304Nvl_L2_NS,304NVL_NS,0.008,-0.037
210,32Nvl_L2_NS,32NVL_NS,0.013,0.008
210,32Nvl_L1_NS,32NVL_NS,0.054,0.047
210,NvcNvl_L3_EW,NONE,0.009,0.0
215,304Nvl_L1_NS,304NVL_NS,0.009,-0.001
215,304Nvl_L3_NS,NONE,0.007,0.0
215,32Nvl_L3_NS,NONE,0.007,0.0
215,32Nvl_L1_NS,32NVL_NS,0.014,0.008
215,32Nvl_L3_NS,NONE,0.067,0.0
215,32Nvl_L2_NS,32NVL_NS,0.063,0.058
215,NvcNvl_L1_EW,NVCNVL_EW,0.007,0.007
215,NvcNvl_L2_EW,NVCNVL_EW,0.008,0.008
215,304Nvl_L2_NS,304NVL_NS,0.008,-0.037
215,32Nvl_L2_NS,32NVL_NS,0.013,0.008
215,32Nvl_L1_NS,32NVL_NS,0.054,0.047
215,NvcNvl_L3_EW,NONE,0.009,0.0
220,304Nvl_L1_NS,304NVL_NS,0.009,-0.025
220,304Nvl_L3_NS,NONE,0.007,0.0
220,32Nvl_L3_NS,NONE,0.041,0.0
220,32Nvl_L1_NS,32NVL_NS,0.048,0.042
220,32Nvl_L3_NS,NONE,0.075,0.0
220,32Nvl_L2_NS,32NVL_NS,0.071,0.066
220,NvcNvl_L3_NS,NONE,0.007,0.0
220,NvcNvl_L2_NS,NONE,0.007,0.0
220,304Nvl_L2_NS,304NVL_NS,0.008,-0.042
220,32Nvl_L2_NS,32NVL_NS,0.047,0.041
220,32Nvl_L1_NS,32NVL_NS,0.06,0.054
220,NvcNvl_L1_NS,NONE,0.009,0.0
225,304Nvl_L1_NS,304NVL_NS,0.009,-0.025
225,304Nvl_L3_NS,NONE,0.007,0.0
225,304Nvl_L1_EW,NONE,0.008,0.0
225,304Nvl_L2_EW,NONE,0.009,0.0
225,32Nvl_L3_NS,NONE,0.007,0.0
225,32Nvl_L1_NS,32NVL_NS,0.048,0.042
225,32Nvl_L3_NS,NONE,0.075,0.0
225,32Nvl_L2_NS,32NVL_NS,0.071,0.066
225,NvcNvl_L1_EW,NONE,0.011,0.0
225,NvcNvl_L2_EW,NONE,0.008,0.0
225,304Nvl_L2_NS,304NVL_NS,0.008,-0.042
225,304Nvl_L3_EW,NONE,0.008,0.0
225,32Nvl_L2_NS,32NVL_NS,0.047,0.041
225,32Nvl_L1_NS,32NVL_NS,0.06,0.054
230,32Nvl_L1_NS,32NVL_NS,0.035,0.035
230,32Nvl_L1_EW,32NVL_EW,0.007,0.007
230,32Nvl_L3_NS,NONE,0.033,0.0
230,32Nvl_L2_NS,32NVL_NS,0.032,0.032
230,32Nvl_L2_NS,32NVL_NS,0.033,0.033
230,32Nvl_L1_NS,32NVL_NS,0.027,0.027
235,304Nvl_L1_EW,304NVL_EW,0.008,0.008
235,304Nvl_L1_NS,NONE,0.007,0.0
235,32Nvl_L1_NS,32NVL_NS,0.007,0.007
235,32Nvl_L1_EW,32NVL_EW,0.013,0.013
235,32Nvl_L2_NS,32NVL_NS,0.008,0.008
235,32Mt_L1_NS,32MT_NS,0.006,0.006
235,32Nvl_L1_NS,32NVL_NS,0.013,0.013
235,32Mt_L2_NS,32MT_NS,0.006,0.006
240,304Nvl_L1_EW,304NVL_EW,0.008,0.008
240,32Nvl_L1_NS,32NVL_NS,0.007,0.007
240,32Nvl_L1_EW,32NVL_EW,0.007,0.007
240,32Nvl_L3_NS,NONE,0.008,0.0
240,32Nvl_L2_NS,32NVL_NS,0.008,0.008
240,32Nvl_L1_NS,32NVL_NS,0.007,0.007
245,304Nvl_L1_EW,304NVL_EW,0.017,0.017
245,304Nvl_L2_EW,304NVL_EW,0.007,0.007
245,32Nvl_L1_NS,32NVL_NS,0.007,0.007
245,32Nvl_L1_EW,32NVL_EW,0.007,0.002
245,32Nvl_L2_EW,32NVL_EW,0.008,0.004
245,32Nvl_L1_EW,32NVL_EW,0.007,0.002
245,NvcNvl_L3_NS,NONE,0.007,0.0
245,NvcNvl_L2_NS,NONE,0.007,0.0
245,NvcNvl_L1_EW,NONE,0.011,0.0
245,NvcNvl_L2_EW,NONE,0.008,0.0
245,32Mt_L1_EW,NONE,0.007,0.0
245,32Mt_L1_EW,32MT_EW,0.007,0.002
245,304Nvl_L3_EW,NONE,0.006,0.0
245,32Nvl_L3_EW,NONE,0.006,0.0
245,NvcNvl_L1_NS,NONE,0.009,0.0
245,NvcNvl_L3_EW,NONE,0.006,0.0
245,32Mt_L2_EW,32MT_EW,0.005,0.0
250,304Nvl_L1_EW,304NVL_EW,0.025,0.025
250,304Nvl_L2_EW,304NVL_EW,0.022,0.022
250,32Nvl_L1_EW,32NVL_EW,0.007,0.002
250,32Nvl_L2_EW,32NVL_EW,0.008,0.004
250,32Nvl_L1_EW,32NVL_EW,0.007,0.002
250,32Mt_L1_EW,NONE,0.007,0.0
250,32Mt_L3_EW,NONE,0.009,0.0
250,32Mt_L1_EW,32MT_EW,0.007,0.002
250,NvcMt_L2_NS,NONE,0.005,0.0
250,304Nvl_L3_EW,NONE,0.019,0.0
250,32Nvl_L3_EW,NONE,0.006,0.0
250,32Mt_L2_EW,NONE,0.008,0.0
250,32Mt_L2_EW,32MT_EW,0.005,0.0
250,NvcMt_L1_NS,NONE,0.005,0.0
255,304Nvl_L1_EW,304NVL_EW,0.042,0.042
255,304Nvl_L2_EW,304NVL_EW,0.036,0.036
255,32Nvl_L1_EW,32NVL_EW,0.007,0.002
255,32Nvl_L2_EW,32NVL_EW,0.008,0.004
255,NvcNvl_L1_EW,NVCNVL_EW,0.007,0.007
255,NvcNvl_L2_EW,NVCNVL_EW,0.008,0.008
255,32Mt_L1_EW,32MT_EW,0.007,0.002
255,304Nvl_L3_EW,NONE,0.032,0.0
255,32Nvl_L3_EW,NONE,0.006,0.0
255,32Nvl_L1_NS,32NVL_NS,0.007,0.007
255,NvcNvl_L3_EW,NONE,0.009,0.0
255,32Mt_L2_EW,32MT_EW,0.005,0.0
260,304Nvl_L1_EW,304NVL_EW,0.034,0.034
260,304Nvl_L2_EW,304NVL_EW,0.029,0.029
260,32Nvl_L3_NS,NONE,0.007,0.0
260,32Nvl_L1_NS,32NVL_NS,0.007,0.007
260,32Nvl_L1_EW,32NVL_EW,0.007,-0.003
260,32Nvl_L2_EW,32NVL_EW,0.008,0.0
260,32Nvl_L1_EW,32NVL_EW,0.007,-0.003
260,32Nvl_L2_EW,32NVL_EW,0.007,0.0
260,32Nvl_L3_NS,NONE,0.008,0.0
260,32Nvl_L2_NS,32NVL_NS,0.008,0.008
260,NvcNvl_L1_EW,NONE,0.011,0.0
260,NvcNvl_L1_EW,NVCNVL_EW,0.007,0.007
260,NvcNvl_L2_EW,NVCNVL_EW,0.008,0.008
260,32Mt_L1_EW,NONE,0.007,0.0
260,32Mt_L3_EW,NONE,0.009,0.0
260,32Mt_L1_EW,32MT_EW,0.014,0.009
260,32Mt_L1_NS,NONE,0.02,0.0
260,NvcCmt8_L2_EW,NVCCMT8_EW,0.026,0.026
260,304Nvl_L3_EW,NONE,0.025,0.0
260,32Nvl_L2_NS,32NVL_NS,0.007,0.007
260,32Nvl_L3_EW,NONE,0.006,0.0
260,32Nvl_L3_EW,NONE,0.006,0.0
260,32Nvl_L1_NS,32NVL_NS,0.013,0.013
260,NvcNvl_L3_EW,NONE,0.009,0.0
260,32Mt_L2_EW,NONE,0.008,0.0
260,32Mt_L2_EW,32MT_EW,0.011,0.005
260,32Mt_L2_NS,NONE,0.009,0.0
260,NvcCmt8_L1_EW,NVCCMT8_EW,0.038,0.038
265,304Nvl_L1_EW,304NVL_EW,0.042,0.042
265,304Nvl_L2_EW,304NVL_EW,0.036,0.036
265,304Nvl_L1_NS,NONE,0.007,0.0
265,32Nvl_L1_EW,32NVL_EW,0.007,0.002
265,32Nvl_L2_EW,32NVL_EW,0.008,0.004
265,32Nvl_L1_EW,32NVL_EW,0.007,0.002
265,32Nvl_L2_EW,32NVL_EW,0.007,0.004
265,NvcNvl_L1_EW,NVCNVL_EW,0.007,-0.015
265,NvcNvl_L2_EW,NVCNVL_EW,0.008,0.008
265,32Mt_L1_EW,32MT_EW,0.007,0.002
265,32Mt_L1_NS,NONE,0.01,0.0
265,NvcMt_L2_NS,NONE,0.005,0.0
265,NvcMt_L1_EW,NVCMT_EW,0.032,0.0
265,NvcCmt8_L2_EW,NVCCMT8_EW,0.026,0.026
265,304Nvl_L3_EW,NONE,0.032,0.0
265,304Nvl_L2_NS,NONE,0.007,0.0
265,32Nvl_L3_EW,NONE,0.006,0.0
265,32Nvl_L3_EW,NONE,0.006,0.0
265,NvcNvl_L3_EW,NONE,0.009,0.0
265,32Mt_L2_EW,32MT_EW,0.005,0.0
265,32Mt_L2_NS,NONE,0.009,0.0
265,NvcMt_L1_NS,NONE,0.005,0.0
265,NvcMt_L2_EW,NVCMT_EW,0.04,0.016
265,NvcCmt8_L1_EW,NVCCMT8_EW,0.038,0.016
270,304Nvl_L1_EW,304NVL_EW,0.042,0.042
270,304Nvl_L2_EW,304NVL_EW,0.036,0.036
270,304Nvl_L1_NS,NONE,0.015,0.0
270,304Nvl_L3_NS,NONE,0.008,0.0
270,32Nvl_L1_EW,32NVL_EW,0.007,0.002
270,32Nvl_L2_EW,32NVL_EW,0.008,0.004
270,32Nvl_L1_EW,32NVL_EW,0.087,0.082
270,32Nvl_L2_EW,32NVL_EW,0.097,0.093
270,NvcNvl_L1_EW,NVCNVL_EW,0.007,-0.015
270,NvcNvl_L2_EW,NVCNVL_EW,0.008,0.008
270,32Mt_L1_NS,32MT_NS,0.006,0.006
270,32Mt_L1_EW,NONE,0.007,0.0
270,32Mt_L1_EW,32MT_EW,0.007,0.002
270,32Mt_L1_NS,NONE,0.01,0.0
270,NvcMt_L1_EW,NVCMT_EW,0.032,0.0
270,NvcCmt8_L2_EW,NVCCMT8_EW,0.026,0.026
270,304Nvl_L3_EW,NONE,0.025,0.0
270,304Nvl_L2_NS,NONE,0.007,0.0
270,32Nvl_L3_EW,NONE,0.08,0.0
270,32Nvl_L3_EW,NONE,0.006,0.0
270,32Nvl_L1_NS,32NVL_NS,0.007,0.007
270,NvcNvl_L3_EW,NONE,0.009,0.0
270,32Mt_L2_EW,32MT_EW,0.005,0.0
270,32Mt_L2_NS,NONE,0.009,0.0
270,NvcMt_L2_EW,NVCMT_EW,0.04,0.016
270,NvcCmt8_L1_EW,NVCCMT8_EW,0.038,0.016
275,304Thn_L1_EW,304THN_EW,0.008,-0.027
275,304Thn_L3_EW,NONE,0.008,0.0
275,304Nvl_L1_EW,304NVL_EW,0.051,0.045
275,304Nvl_L2_EW,304NVL_EW,0.044,0.038
275,304Nvl_L1_NS,NONE,0.015,0.0
275,304Nvl_L3_NS,NONE,0.016,0.0
275,32Nvl_L1_EW,32NVL_EW,0.007,0.002
275,32Nvl_L2_EW,32NVL_EW,0.008,0.004
275,32Nvl_L1_EW,32NVL_EW,0.087,0.082
275,32Nvl_L2_EW,32NVL_EW,0.097,0.093
275,NvcNvl_L1_EW,NVCNVL_EW,0.007,-0.015
275,NvcNvl_L2_EW,NVCNVL_EW,0.008,0.008
275,32Mt_L1_NS,32MT_NS,0.006,0.006
275,32Mt_L1_EW,32MT_EW,0.007,0.002
275,32Mt_L1_NS,NONE,0.01,0.0
275,NvcMt_L1_EW,NVCMT_EW,0.032,0.0
275,NvcCmt8_L2_EW,NVCCMT8_EW,0.026,0.026
275,NvcCmt8_L2_EW,NONE,0.007,0.0
275,304Nvl_L3_EW,NONE,0.032,0.0
275,304Nvl_L2_NS,NONE,0.015,0.0
275,32Nvl_L3_EW,NONE,0.08,0.0
275,32Nvl_L3_EW,NONE,0.006,0.0
275,NvcNvl_L3_EW,NONE,0.009,0.0
275,32Mt_L2_EW,32MT_EW,0.005,0.0
275,NvcMt_L2_EW,NVCMT_EW,0.04,0.016
275,NvcCmt8_L1_EW,NVCCMT8_EW,0.038,0.016
275,NvcCmt8_L1_EW,NONE,0.006,0.0
275,304Thn_L2_EW,304THN_EW,0.007,-0.023
280,304Thn_L1_EW,304THN_EW,0.008,-0.039
280,304Thn_L3_EW,NONE,0.008,0.0
280,304Nvl_L1_EW,304NVL_EW,0.068,0.062
280,304Nvl_L2_EW,304NVL_EW,0.051,0.046
280,32Nvl_L1_EW,32NVL_EW,0.007,0.002
280,32Nvl_L2_EW,32NVL_EW,0.008,0.004
280,32Nvl_L1_EW,32NVL_EW,0.087,0.082
280,32Nvl_L2_EW,32NVL_EW,0.097,0.093
280,NvcNvl_L1_EW,NVCNVL_EW,0.007,0.007
280,NvcNvl_L2_EW,NVCNVL_EW,0.008,0.008
280,32Mt_L1_NS,32MT_NS,0.013,0.013
280,32Mt_L1_EW,32MT_EW,0.007,0.002
280,NvcCmt8_L2_EW,NVCCMT8_EW,0.026,0.026
280,304Nvl_L3_EW,NONE,0.044,0.0
280,32Nvl_L3_EW,NONE,0.08,0.0
280,32Nvl_L3_EW,NONE,0.006,0.0
280,NvcNvl_L3_EW,NONE,0.009,0.0
280,32Mt_L2_EW,32MT_EW,0.005,0.0
280,NvcCmt8_L1_EW,NVCCMT8_EW,0.038,0.038
280,304Thn_L2_EW,304THN_EW,0.007,-0.028
285,304Thn_L1_EW,304THN_EW,0.008,-0.021
285,304Thn_L3_EW,NONE,0.008,0.0
285,304Nvl_L1_EW,304NVL_EW,0.042,0.037
285,304Nvl_L2_EW,304NVL_EW,0.029,0.024
285,32Nvl_L1_EW,32NVL_EW,0.007,0.007
285,32Nvl_L2_EW,32NVL_EW,0.008,0.008
285,32Nvl_L1_EW,32NVL_EW,0.087,0.087
285,32Nvl_L2_EW,32NVL_EW,0.097,0.097
285,NvcNvl_L3_NS,NONE,0.007,0.0
285,NvcNvl_L2_NS,NONE,0.007,0.0
285,32Mt_L1_NS,32MT_NS,0.006,0.006
285,32Mt_L1_EW,NONE,0.007,0.0
285,32Mt_L1_NS,NONE,0.01,0.0
285,NvcMt_L1_EW,NVCMT_EW,0.032,0.026
285,304Nvl_L3_EW,NONE,0.019,0.0
285,32Nvl_L3_EW,NONE,0.08,0.0
285,32Nvl_L3_EW,NONE,0.006,0.0
285,NvcNvl_L1_NS,NONE,0.009,0.0
285,32Mt_L2_EW,NONE,0.008,0.0
285,NvcMt_L2_EW,NVCMT_EW,0.04,0.04
285,NvcCmt8_L1_EW,NVCCMT8_EW,0.008,-0.015
285,NvcCmt8_L1_EW,NONE,0.029,0.0
285,304Thn_L2_EW,304THN_EW,0.007,-0.013
290,304Nvl_L1_EW,304NVL_EW,0.017,0.017
290,304Nvl_L1_NS,NONE,0.015,0.0
290,32Nvl_L1_EW,32NVL_EW,0.007,0.002
290,32Nvl_L2_EW,32NVL_EW,0.008,0.004
290,32Nvl_L1_EW,32NVL_EW,0.087,0.082
290,32Nvl_L2_EW,32NVL_EW,0.097,0.093
290,32Nvl_L3_NS,NONE,0.042,0.0
290,32Nvl_L2_NS,32NVL_NS,0.039,0.039
290,32Mt_L1_NS,32MT_NS,0.006,0.006
290,32Mt_L1_EW,NONE,0.014,0.0
290,32Mt_L3_EW,NONE,0.018,0.0
290,32Mt_L1_EW,32MT_EW,0.007,0.002
290,32Thn_L1_EW,NONE,0.01,0.0
290,32Thn_L2_EW,NONE,0.01,0.0
290,32Thn_L3_EW,NONE,0.007,0.0
290,32Nvl_L3_EW,NONE,0.08,0.0
290,32Nvl_L3_EW,NONE,0.006,0.0
290,32Nvl_L1_NS,32NVL_NS,0.034,0.034
290,32Mt_L2_EW,NONE,0.015,0.0
290,32Mt_L2_EW,32MT_EW,0.005,0.0
290,NvcCmt8_L1_EW,NVCCMT8_EW,0.008,0.008
290,NvcCmt8_L1_EW,NONE,0.029,0.0
295,304Thn_L1_EW,304THN_EW,0.008,0.008
295,304Thn_L3_EW,NONE,0.008,0.0
295,304Nvl_L1_NS,NONE,0.015,0.0
295,32Nvl_L3_NS,NONE,0.007,0.0
295,32Nvl_L1_NS,32NVL_NS,0.007,0.007
295,32Nvl_L1_EW,32NVL_EW,0.007,-0.003
295,32Nvl_L2_EW,32NVL_EW,0.008,0.008
295,32Nvl_L1_EW,32NVL_EW,0.087,0.077
295,32Nvl_L2_EW,32NVL_EW,0.097,0.097
295,32Mt_L1_EW,NONE,0.007,0.0
295,32Mt_L1_EW,32MT_EW,0.007,0.002
295,32Thn_L1_EW,NONE,0.01,0.0
295,32Thn_L2_EW,NONE,0.01,0.0
295,32Thn_L1_EW,32THN_EW,0.008,0.003
295,32Thn_L3_EW,NONE,0.007,0.0
295,32Nvl_L2_NS,32NVL_NS,0.007,0.007
295,32Nvl_L3_EW,NONE,0.08,0.0
295,32Nvl_L3_EW,NONE,0.006,0.0
295,304Thn_L2_EW,304THN_EW,0.007,0.007
300,304Nvl_L1_NS,NONE,0.015,0.0
300,32Nvl_L1_EW,32NVL_EW,0.007,-0.013
300,32Nvl_L2_EW,32NVL_EW,0.008,-0.004
300,32Nvl_L1_EW,32NVL_EW,0.087,0.067
300,32Nvl_L2_EW,32NVL_EW,0.097,0.086
300,32Nvl_L3_NS,NONE,0.042,0.0
300,32Nvl_L2_NS,32NVL_NS,0.039,0.039
300,NvcNvl_L1_EW,NONE,0.011,0.0
300,NvcNvl_L2_EW,NONE,0.008,0.0
300,32Mt_L1_EW,32MT_EW,0.021,0.016
300,32Thn_L1_EW,32THN_EW,0.008,0.003
300,32Nvl_L3_EW,NONE,0.08,0.0
300,32Nvl_L3_EW,NONE,0.006,0.0
300,32Nvl_L1_NS,32NVL_NS,0.034,0.034
300,NvcNvl_L3_EW,NONE,0.006,0.0
300,32Mt_L2_EW,32MT_EW,0.016,0.011
305,304Nvl_L1_NS,NONE,0.007,0.0
305,32Nvl_L1_EW,32NVL_EW,0.007,0.007
305,32Nvl_L2_EW,32NVL_EW,0.008,0.008
305,32Nvl_L1_EW,32NVL_EW,0.087,0.087
305,32Nvl_L2_EW,32NVL_EW,0.097,0.097
305,32Nvl_L3_NS,NONE,0.017,0.0
305,32Nvl_L2_NS,32NVL_NS,0.016,0.016
305,32Mt_L1_NS,NONE,0.02,0.0
305,NvcMt_L2_NS,NONE,0.005,0.0
305,32Nvl_L3_EW,NONE,0.08,0.0
305,32Nvl_L3_EW,NONE,0.006,0.0
305,32Nvl_L1_NS,32NVL_NS,0.013,0.013
305,32Mt_L2_NS,NONE,0.009,0.0
305,NvcMt_L1_NS,NONE,0.005,0.0
310,32Nvl_L1_NS,32NVL_NS,0.035,0.035
310,32Nvl_L1_EW,32NVL_EW,0.021,0.021
310,32Nvl_L2_EW,32NVL_EW,0.023,0.023
310,32Nvl_L1_EW,32NVL_EW,0.087,0.087
310,32Nvl_L2_EW,32NVL_EW,0.097,0.097
310,NvcNvl_L3_NS,NONE,0.007,0.0
310,NvcNvl_L2_NS,NONE,0.007,0.0
310,NvcNvl_L1_EW,NVCNVL_EW,0.007,0.007
310,32Thn_L1_EW,NONE,0.01,0.0
310,32Thn_L2_EW,NONE,0.01,0.0
310,32Thn_L3_EW,NONE,0.007,0.0
310,32Nvl_L3_EW,NONE,0.08,0.0
310,32Nvl_L3_EW,NONE,0.013,0.0
310,32Nvl_L1_NS,32NVL_NS,0.034,0.034
310,NvcNvl_L1_NS,NONE,0.009,0.0
315,32Nvl_L3_NS,NONE,0.007,0.0
315,32Nvl_L1_NS,32NVL_NS,0.021,0.021
315,32Nvl_L1_EW,32NVL_EW,0.021,0.006
315,32Nvl_L2_EW,32NVL_EW,0.023,0.016
315,32Nvl_L1_EW,32NVL_EW,0.087,0.072
315,32Nvl_L2_EW,32NVL_EW,0.097,0.089
315,32Nvl_L3_NS,NONE,0.008,0.0
315,32Nvl_L2_NS,32NVL_NS,0.008,0.008
315,32Mt_L1_EW,32MT_EW,0.014,-0.001
315,32Mt_L1_NS,NONE,0.01,0.0
315,NvcCmt8_L2_EW,NVCCMT8_EW,0.005,0.005
315,32Thn_L1_EW,32THN_EW,0.008,-0.007
315,32Nvl_L2_NS,32NVL_NS,0.007,0.007
315,32Nvl_L3_EW,NONE,0.08,0.0
315,32Nvl_L3_EW,NONE,0.019,0.0
315,32Nvl_L1_NS,32NVL_NS,0.007,0.007
315,32Mt_L2_EW,32MT_EW,0.011,-0.005
315,32Mt_L2_NS,NONE,0.009,0.0
315,NvcCmt8_L1_EW,NVCCMT8_EW,0.008,0.008
320,32Nvl_L3_NS,NONE,0.02,0.0
320,32Nvl_L1_NS,32NVL_NS,0.021,0.021
320,32Nvl_L1_EW,32NVL_EW,0.007,0.007
320,32Nvl_L2_EW,32NVL_EW,0.008,0.008
320,32Nvl_L1_EW,32NVL_EW,0.087,0.087
320,32Nvl_L2_EW,32NVL_EW,0.097,0.097
320,32Mt_L1_NS,32MT_NS,0.006,0.001
320,32Mt_L1_NS,NONE,0.01,0.0
320,NvcMt_L1_NS,NVCMT_NS,0.007,0.002
320,32Nvl_L2_NS,32NVL_NS,0.02,0.02
320,32Nvl_L3_EW,NONE,0.08,0.0
320,32Nvl_L3_EW,NONE,0.006,0.0
320,32Nvl_L1_NS,32NVL_NS,0.007,0.007
320,32Mt_L2_NS,NONE,0.009,0.0
320,NvcMt_L2_NS,NVCMT_NS,0.005,0.005
325,32Nvl_L3_NS,NONE,0.02,0.0
325,32Nvl_L1_NS,32NVL_NS,0.021,0.021
325,32Nvl_L1_EW,32NVL_EW,0.007,0.007
325,32Nvl_L2_EW,32NVL_EW,0.008,0.008
325,32Nvl_L1_EW,32NVL_EW,0.087,0.087
325,32Nvl_L2_EW,32NVL_EW,0.097,0.097
325,32Mt_L1_NS,32MT_NS,0.013,0.008
325,32Mt_L1_NS,NONE,0.01,0.0
325,NvcMt_L1_NS,NVCMT_NS,0.007,-0.002
325,32Nvl_L2_NS,32NVL_NS,0.02,0.02
325,32Nvl_L3_EW,NONE,0.08,0.0
325,32Nvl_L3_EW,NONE,0.006,0.0
325,32Nvl_L1_NS,32NVL_NS,0.013,0.013
325,32Mt_L2_NS,NONE,0.009,0.0
325,NvcMt_L2_NS,NVCMT_NS,0.005,0.005
325,NvcCmt8_L1_EW,NONE,0.006,0.0
330,32Nvl_L3_NS,NONE,0.014,0.0
330,32Nvl_L1_NS,32NVL_NS,0.021,0.021
330,32Mt_L1_NS,32MT_NS,0.013,0.008
330,32Mt_L1_EW,32MT_EW,0.007,0.007
330,NvcMt_L1_NS,NVCMT_NS,0.007,-0.002
330,32Nvl_L2_NS,32NVL_NS,0.02,0.02
330,32Nvl_L1_NS,32NVL_NS,0.007,0.007
330,32Mt_L2_EW,32MT_EW,0.005,0.005
330,NvcMt_L2_NS,NVCMT_NS,0.005,0.005
335,304Nvl_L1_EW,304NVL_EW,0.059,0.059
335,304Nvl_L2_EW,304NVL_EW,0.051,0.051
335,304Nvl_L1_NS,NONE,0.036,0.0
335,304Nvl_L3_NS,NONE,0.04,0.0
335,32Nvl_L3_NS,NONE,0.02,0.0
335,32Nvl_L1_NS,32NVL_NS,0.028,0.028
335,NvcNvl_L1_EW,NONE,0.011,0.0
335,NvcNvl_L2_EW,NONE,0.008,0.0
335,32Mt_L1_NS,32MT_NS,0.013,0.008
335,32Mt_L1_NS,NONE,0.049,0.0
335,NvcMt_L1_EW,NVCMT_EW,0.006,0.006
335,NvcMt_L1_NS,NVCMT_NS,0.007,-0.002
335,304Nvl_L3_EW,NONE,0.044,0.0
335,304Nvl_L2_NS,NONE,0.037,0.0
335,32Nvl_L2_NS,32NVL_NS,0.027,0.027
335,32Nvl_L1_NS,32NVL_NS,0.013,0.013
335,NvcNvl_L3_EW,NONE,0.006,0.0
335,32Mt_L2_NS,NONE,0.043,0.0
335,NvcMt_L2_EW,NVCMT_EW,0.008,0.008
335,NvcMt_L2_NS,NVCMT_NS,0.005,0.005
340,304Nvl_L1_EW,304NVL_EW,0.068,0.068
340,304Nvl_L2_EW,304NVL_EW,0.058,0.058
340,304Nvl_L1_NS,NONE,0.015,0.0
340,304Nvl_L3_NS,NONE,0.016,0.0
340,32Nvl_L3_NS,NONE,0.007,0.0
340,32Nvl_L1_NS,32NVL_NS,0.014,0.014
340,32Nvl_L3_NS,NONE,0.017,0.0
340,32Nvl_L2_NS,32NVL_NS,0.016,0.016
340,32Mt_L1_NS,32MT_NS,0.006,0.006
340,32Mt_L1_EW,NONE,0.007,0.0
340,NvcMt_L1_EW,NVCMT_EW,0.006,0.006
340,304Nvl_L3_EW,NONE,0.051,0.0
340,304Nvl_L2_NS,NONE,0.015,0.0
340,32Nvl_L2_NS,32NVL_NS,0.013,0.013
340,32Nvl_L1_NS,32NVL_NS,0.027,0.027
340,NvcMt_L2_EW,NVCMT_EW,0.008,0.008
345,304Nvl_L1_EW,304NVL_EW,0.068,0.068
345,304Nvl_L2_EW,304NVL_EW,0.058,0.058
345,304Nvl_L1_NS,NONE,0.015,0.0
345,32Nvl_L3_NS,NONE,0.008,0.0
345,32Nvl_L2_NS,32NVL_NS,0.008,0.008
345,NvcNvl_L3_NS,NONE,0.007,0.0
345,NvcNvl_L2_NS,NONE,0.007,0.0
345,NvcNvl_L1_EW,NVCNVL_EW,0.007,0.007
345,32Mt_L1_NS,32MT_NS,0.006,0.006
345,NvcCmt8_L2_NS,NONE,0.011,0.0
345,NvcCmt8_L1_NS,NONE,0.008,0.0
345,304Nvl_L3_EW,NONE,0.051,0.0
345,304Nvl_L2_NS,NONE,0.007,0.0
345,32Nvl_L1_NS,32NVL_NS,0.02,0.02
345,NvcNvl_L1_NS,NONE,0.009,0.0
345,NvcMt_L2_EW,NVCMT_EW,0.008,0.008
350,304Nvl_L1_EW,304NVL_EW,0.059,0.059
350,304Nvl_L2_EW,304NVL_EW,0.015,0.015
350,32Nvl_L1_NS,32NVL_NS,0.007,0.007
350,32Nvl_L1_EW,32NVL_EW,0.007,-0.018
350,NvcNvl_L1_EW,NVCNVL_EW,0.007,0.003
350,32Mt_L1_EW,32MT_EW,0.035,0.035
350,NvcMt_L1_EW,NVCMT_EW,0.006,0.001
350,304Nvl_L3_EW,NONE,0.013,0.0
350,32Nvl_L1_NS,32NVL_NS,0.007,0.007
350,NvcMt_L2_EW,NVCMT_EW,0.008,0.008
355,304Nvl_L1_EW,304NVL_EW,0.059,0.059
355,304Nvl_L2_EW,304NVL_EW,0.015,0.015
355,32Nvl_L1_EW,32NVL_EW,0.007,-0.047
355,32Nvl_L2_EW,32NVL_EW,0.008,-0.015
355,32Nvl_L1_EW,32NVL_EW,0.007,-0.047
355,32Nvl_L3_NS,NONE,0.008,0.0
355,32Nvl_L2_NS,32NVL_NS,0.008,0.008
355,NvcNvl_L3_NS,NONE,0.007,0.0
355,NvcNvl_L2_NS,NONE,0.007,0.0
355,NvcNvl_L1_EW,NVCNVL_EW,0.014,0.014
355,32Mt_L1_EW,32MT_EW,0.077,0.072
355,304Nvl_L3_EW,NONE,0.006,0.0
355,32Nvl_L3_EW,NONE,0.006,0.0
355,32Nvl_L1_NS,32NVL_NS,0.007,0.007
355,NvcNvl_L1_NS,NONE,0.009,0.0
355,32Mt_L2_EW,32MT_EW,0.033,0.027
355,NvcCmt8_L1_NS,NONE,0.011,0.0
360,304Nvl_L1_EW,304NVL_EW,0.085,0.085
360,304Nvl_L2_EW,304NVL_EW,0.073,0.073
360,304Nvl_L1_EW,NONE,0.008,0.0
360,304Nvl_L1_NS,NONE,0.036,0.0
360,304Nvl_L2_EW,NONE,0.009,0.0
360,32Nvl_L1_NS,32NVL_NS,0.007,0.007
360,32Nvl_L1_EW,32NVL_EW,0.007,-0.047
360,32Nvl_L2_EW,32NVL_EW,0.008,-0.034
360,32Nvl_L3_NS,NONE,0.008,0.0
360,32Nvl_L2_NS,32NVL_NS,0.008,0.008
360,NvcNvl_L3_NS,NONE,0.007,0.0
360,NvcNvl_L2_NS,NONE,0.007,0.0
360,NvcNvl_L1_EW,NVCNVL_EW,0.007,0.007
360,32Mt_L1_EW,NONE,0.007,0.0
360,32Mt_L3_EW,NONE,0.009,0.0
360,32Mt_L1_EW,32MT_EW,0.077,0.072
360,304Nvl_L3_EW,NONE,0.063,0.0
360,304Nvl_L3_EW,NONE,0.008,0.0
360,32Nvl_L3_EW,NONE,0.006,0.0
360,32Nvl_L1_NS,32NVL_NS,0.013,0.013
360,NvcNvl_L1_NS,NONE,0.009,0.0
360,32Mt_L2_EW,NONE,0.008,0.0
360,32Mt_L2_EW,32MT_EW,0.06,0.054
365,304Nvl_L1_EW,304NVL_EW,0.059,0.059
365,304Nvl_L2_EW,304NVL_EW,0.044,0.044
365,304Nvl_L1_EW,NONE,0.008,0.0
365,304Nvl_L2_EW,NONE,0.009,0.0
365,32Nvl_L1_EW,32NVL_EW,0.007,-0.047
365,32Nvl_L2_EW,32NVL_EW,0.008,-0.015
365,32Nvl_L3_NS,NONE,0.008,0.0
365,32Nvl_L2_NS,32NVL_NS,0.008,0.008
365,NvcNvl_L1_EW,NVCNVL_EW,0.014,0.01
365,32Mt_L1_EW,NONE,0.007,0.0
365,32Mt_L1_EW,32MT_EW,0.077,0.072
365,NvcMt_L1_EW,NVCMT_EW,0.006,-0.004
365,304Nvl_L3_EW,NONE,0.038,0.0
365,304Nvl_L3_EW,NONE,0.008,0.0
365,32Nvl_L3_EW,NONE,0.006,0.0
365,32Nvl_L1_NS,32NVL_NS,0.007,0.007
365,32Mt_L2_EW,NONE,0.008,0.0
365,32Mt_L2_EW,32MT_EW,0.033,0.027
365,NvcMt_L2_EW,NVCMT_EW,0.008,0.008
370,304Nvl_L1_NS,NONE,0.007,0.0
370,32Nvl_L3_NS,NONE,0.007,0.0
370,32Nvl_L1_NS,32NVL_NS,0.007,0.007
370,32Nvl_L1_EW,32NVL_EW,0.007,-0.032
370,32Nvl_L2_EW,32NVL_EW,0.008,-0.019
370,NvcNvl_L3_NS,NONE,0.007,0.0
370,NvcNvl_L2_NS,NONE,0.007,0.0
370,NvcNvl_L1_EW,NVCNVL_EW,0.007,-0.002
370,32Mt_L1_EW,32MT_EW,0.056,0.051
370,NvcMt_L1_EW,NVCMT_EW,0.013,0.008
370,32Nvl_L2_NS,32NVL_NS,0.007,0.007
370,32Nvl_L3_EW,NONE,0.006,0.0
370,NvcNvl_L1_NS,NONE,0.009,0.0
370,32Mt_L2_EW,32MT_EW,0.038,0.033
370,NvcMt_L2_EW,NVCMT_EW,0.016,0.016
375,304Nvl_L1_EW,304NVL_EW,0.017,0.017
375,304Nvl_L2_EW,304NVL_EW,0.007,0.007
375,304Nvl_L1_NS,NONE,0.051,0.0
375,304Nvl_L3_NS,NONE,0.008,0.0
375,32Nvl_L3_NS,NONE,0.008,0.0
375,32Nvl_L2_NS,32NVL_NS,0.008,0.008
375,NvcNvl_L3_NS,NONE,0.007,0.0
375,NvcNvl_L2_NS,NONE,0.007,0.0
375,NvcNvl_L1_EW,NVCNVL_EW,0.007,0.003
375,32Mt_L1_EW,32MT_EW,0.056,0.056
375,NvcMt_L1_EW,NVCMT_EW,0.006,0.001
375,304Nvl_L3_EW,NONE,0.006,0.0
375,304Nvl_L2_NS,NONE,0.007,0.0
375,32Nvl_L1_NS,32NVL_NS,0.007,0.007
375,NvcNvl_L1_NS,NONE,0.009,0.0
375,32Mt_L2_EW,32MT_EW,0.044,0.044
375,NvcMt_L2_EW,NVCMT_EW,0.008,0.008
380,32Nvl_L3_NS,NONE,0.008,0.0
380,32Nvl_L2_NS,32NVL_NS,0.008,0.008
380,32Mt_L1_EW,NONE,0.036,0.0
380,32Mt_L3_EW,NONE,0.044,0.0
380,32Mt_L1_EW,32MT_EW,0.056,0.056
380,NvcMt_L2_NS,NONE,0.005,0.0
380,32Nvl_L1_NS,32NVL_NS,0.007,0.007
380,32Mt_L2_EW,NONE,0.038,0.0
380,32Mt_L2_EW,32MT_EW,0.044,0.044
380,NvcMt_L1_NS,NONE,0.005,0.0
385,304Nvl_L1_NS,NONE,0.007,0.0
385,304Nvl_L3_NS,NONE,0.008,0.0
385,32Nvl_L1_NS,32NVL_NS,0.007,0.007
385,32Nvl_L3_NS,NONE,0.008,0.0
385,32Nvl_L2_NS,32NVL_NS,0.008,0.008
385,NvcNvl_L1_EW,NVCNVL_EW,0.007,0.007
385,32Mt_L1_EW,NONE,0.014,0.0
385,32Mt_L3_EW,NONE,0.018,0.0
385,32Mt_L1_EW,32MT_EW,0.049,0.049
385,32Mt_L1_NS,NONE,0.01,0.0
385,304Nvl_L2_NS,NONE,0.007,0.0
385,32Nvl_L1_NS,32NVL_NS,0.007,0.007
385,32Mt_L2_EW,NONE,0.015,0.0
385,32Mt_L2_EW,32MT_EW,0.038,0.038
390,304Nvl_L1_EW,304NVL_EW,0.008,0.008
390,32Nvl_L3_NS,NONE,0.034,0.0
390,32Nvl_L1_NS,32NVL_NS,0.042,0.042
390,32Nvl_L3_NS,NONE,0.008,0.0
390,32Nvl_L2_NS,32NVL_NS,0.008,0.008
390,NvcNvl_L1_EW,NVCNVL_EW,0.007,0.007
390,32Mt_L1_NS,32MT_NS,0.031,0.031
390,32Mt_L1_EW,32MT_EW,0.049,0.049
390,32Mt_L1_NS,NONE,0.01,0.0
390,NvcMt_L2_NS,NONE,0.005,0.0
390,32Nvl_L2_NS,32NVL_NS,0.033,0.033
390,32Nvl_L1_NS,32NVL_NS,0.007,0.007
390,32Mt_L2_EW,32MT_EW,0.038,0.038
390,NvcMt_L1_NS,NONE,0.005,0.0
395,304Nvl_L1_EW,304NVL_EW,0.008,0.008
395,32Nvl_L1_NS,32NVL_NS,0.035,0.035
395,32Nvl_L1_EW,32NVL_EW,0.007,-0.027
395,32Nvl_L2_EW,32NVL_EW,0.008,-0.015
395,32Nvl_L3_NS,NONE,0.008,0.0
395,32Nvl_L2_NS,32NVL_NS,0.008,0.008
395,NvcNvl_L1_EW,NVCNVL_EW,0.007,0.007
395,32Mt_L1_EW,32MT_EW,0.049,0.044
395,32Mt_L1_NS,NONE,0.01,0.0
395,NvcMt_L2_NS,NONE,0.005,0.0
395,32Nvl_L2_NS,32NVL_NS,0.033,0.033
395,32Nvl_L3_EW,NONE,0.006,0.0
395,32Nvl_L1_NS,32NVL_NS,0.007,0.007
395,32Mt_L2_EW,32MT_EW,0.033,0.027
395,NvcMt_L1_NS,NONE,0.005,0.0
400,304Thn_L1_EW,304THN_EW,0.083,0.077
400,304Thn_L3_EW,NONE,0.077,0.0
400,304Nvl_L1_EW,304NVL_EW,0.008,-0.049
400,304Nvl_L2_EW,304NVL_EW,0.007,-0.045
400,32Nvl_L3_NS,NONE,0.007,0.0
400,32Nvl_L1_NS,32NVL_NS,0.042,0.042
400,32Nvl_L3_NS,NONE,0.008,0.0
400,32Nvl_L2_NS,32NVL_NS,0.008,0.008
400,32Mt_L1_EW,32MT_EW,0.007,0.007
400,32Mt_L1_NS,NONE,0.049,0.0
400,NvcCmt8_L2_EW,NVCCMT8_EW,0.005,0.005
400,304Nvl_L3_EW,NONE,0.006,0.0
400,32Nvl_L2_NS,32NVL_NS,0.04,0.04
400,32Nvl_L1_NS,32NVL_NS,0.007,0.007
400,32Mt_L2_EW,32MT_EW,0.005,0.005
400,NvcCmt8_L1_EW,NVCCMT8_EW,0.008,0.008
400,304Thn_L2_EW,304THN_EW,0.074,0.069
405,304Thn_L1_EW,304THN_EW,0.041,0.041
405,32Nvl_L3_NS,NONE,0.048,0.0
405,32Nvl_L1_NS,32NVL_NS,0.083,0.083
405,32Nvl_L3_NS,NONE,0.008,0.0
405,32Nvl_L2_NS,32NVL_NS,0.008,0.008
405,NvcNvl_L3_NS,NONE,0.041,0.0
405,NvcNvl_L2_NS,NONE,0.04,0.0
405,NvcNvl_L1_EW,NVCNVL_EW,0.007,0.007
405,NvcNvl_L2_EW,NVCNVL_EW,0.008,0.008
405,32Mt_L1_EW,NONE,0.014,0.0
405,32Mt_L1_EW,32MT_EW,0.007,0.007
405,32Mt_L1_NS,NONE,0.049,0.0
405,32Nvl_L2_NS,32NVL_NS,0.08,0.08
405,32Nvl_L1_NS,32NVL_NS,0.013,0.013
405,NvcNvl_L1_NS,NONE,0.052,0.0
405,NvcNvl_L3_EW,NONE,0.009,0.0
405,32Mt_L2_EW,32MT_EW,0.005,0.005
405,NvcCmt8_L1_EW,NONE,0.006,0.0
405,304Thn_L2_EW,304THN_EW,0.037,0.037
410,304Nvl_L1_NS,NONE,0.007,0.0
410,32Nvl_L3_NS,NONE,0.007,0.0
410,32Nvl_L1_NS,32NVL_NS,0.048,0.048
410,32Nvl_L1_EW,32NVL_EW,0.007,0.007
410,32Nvl_L2_EW,32NVL_EW,0.008,0.008
410,32Nvl_L3_NS,NONE,0.008,0.0
410,32Nvl_L2_NS,32NVL_NS,0.008,0.008
410,NvcNvl_L3_NS,NONE,0.007,0.0
410,NvcNvl_L2_NS,NONE,0.007,0.0
410,32Mt_L1_EW,NONE,0.007,0.0
410,32Thn_L1_EW,NONE,0.01,0.0
410,32Thn_L2_EW,NONE,0.01,0.0
410,32Thn_L3_EW,NONE,0.007,0.0
410,32Nvl_L2_NS,32NVL_NS,0.047,0.047
410,32Nvl_L3_EW,NONE,0.006,0.0
410,32Nvl_L1_NS,32NVL_NS,0.013,0.013
410,NvcNvl_L1_NS,NONE,0.009,0.0
415,304Thn_L1_EW,304THN_EW,0.008,0.002
415,304Thn_L3_EW,NONE,0.008,0.0
415,304Nvl_L1_EW,304NVL_EW,0.008,0.003
415,32Nvl_L3_NS,NONE,0.014,0.0
415,32Nvl_L1_NS,32NVL_NS,0.048,0.048
415,32Nvl_L3_NS,NONE,0.017,0.0
415,32Nvl_L2_NS,32NVL_NS,0.016,0.016
415,NvcNvl_L1_EW,NONE,0.011,0.0
415,NvcNvl_L2_EW,NONE,0.008,0.0
415,NvcCmt8_L2_EW,NVCCMT8_EW,0.026,0.026
415,NvcCmt8_L2_NS,NONE,0.054,0.0
415,32Thn_L1_EW,32THN_EW,0.008,0.008
415,NvcCmt8_L1_NS,NONE,0.039,0.0
415,32Nvl_L2_NS,32NVL_NS,0.047,0.047
415,32Nvl_L1_NS,32NVL_NS,0.02,0.02
415,NvcNvl_L3_EW,NONE,0.006,0.0
415,NvcCmt8_L1_EW,NVCCMT8_EW,0.038,0.038
415,304Thn_L2_EW,304THN_EW,0.007,0.007
420,304Nvl_L1_EW,304NVL_EW,0.008,0.008
420,304Nvl_L2_EW,304NVL_EW,0.007,0.007
420,304Nvl_L1_NS,NONE,0.007,0.0
420,32Nvl_L3_NS,NONE,0.014,0.0
420,32Nvl_L1_NS,32NVL_NS,0.048,0.048
420,32Nvl_L3_NS,NONE,0.017,0.0
420,32Nvl_L2_NS,32NVL_NS,0.016,0.016
420,NvcNvl_L3_NS,NONE,0.041,0.0
420,NvcNvl_L2_NS,NONE,0.04,0.0
420,NvcNvl_L1_EW,NONE,0.011,0.0
420,NvcNvl_L2_EW,NONE,0.008,0.0
420,NvcMt_L1_EW,NVCMT_EW,0.006,0.006
420,NvcMt_L2_EW,NVCMT_EW,0.013,0.013
420,NvcCmt8_L2_NS,NONE,0.054,0.0
420,NvcCmt8_L1_NS,NONE,0.039,0.0
420,32Nvl_L2_NS,32NVL_NS,0.047,0.047
420,32Nvl_L1_NS,32NVL_NS,0.02,0.02
420,NvcNvl_L1_NS,NONE,0.052,0.0
420,NvcNvl_L3_EW,NONE,0.006,0.0
420,NvcMt_L2_EW,NVCMT_EW,0.008,0.008
420,NvcMt_L1_EW,NVCMT_EW,0.028,0.028
420,NvcCmt8_L1_EW,NONE,0.029,0.0
425,304Nvl_L1_NS,NONE,0.007,0.0
425,304Nvl_L3_NS,NONE,0.008,0.0
425,32Nvl_L3_NS,NONE,0.007,0.0
425,32Nvl_L1_NS,32NVL_NS,0.042,0.042
425,32Nvl_L3_NS,NONE,0.017,0.0
425,32Nvl_L2_NS,32NVL_NS,0.016,0.016
425,NvcNvl_L3_NS,NONE,0.014,0.0
425,NvcNvl_L2_NS,NONE,0.013,0.0
425,NvcNvl_L1_EW,NONE,0.011,0.0
425,NvcNvl_L2_EW,NONE,0.008,0.0
425,NvcMt_L2_EW,NVCMT_EW,0.016,0.016
425,304Nvl_L2_NS,NONE,0.007,0.0
425,32Nvl_L2_NS,32NVL_NS,0.04,0.04
425,32Nvl_L1_NS,32NVL_NS,0.02,0.02
425,NvcNvl_L1_NS,NONE,0.017,0.0
425,NvcMt_L1_EW,NVCMT_EW,0.033,0.033
430,304Nvl_L1_NS,304NVL_NS,0.009,-0.025
430,304Nvl_L3_NS,NONE,0.007,0.0
430,304Nvl_L1_EW,304NVL_EW,0.008,0.008
430,32Nvl_L3_NS,NONE,0.014,0.0
430,32Nvl_L1_NS,32NVL_NS,0.048,0.042
430,32Nvl_L3_NS,NONE,0.017,0.0
430,32Nvl_L2_NS,32NVL_NS,0.016,0.01
430,32Mt_L1_EW,NONE,0.007,0.0
430,32Mt_L3_EW,NONE,0.009,0.0
430,32Mt_L1_EW,32MT_EW,0.007,0.007
430,NvcMt_L2_EW,NVCMT_EW,0.003,0.003
430,304Nvl_L2_NS,304NVL_NS,0.008,-0.003
430,32Nvl_L2_NS,32NVL_NS,0.047,0.041
430,32Nvl_L1_NS,32NVL_NS,0.02,0.014
430,32Mt_L2_EW,NONE,0.008,0.0
430,32Mt_L2_EW,32MT_EW,0.005,0.005
430,NvcMt_L1_EW,NVCMT_EW,0.006,0.006
435,304Nvl_L1_NS,304NVL_NS,0.009,-0.025
435,304Nvl_L3_NS,NONE,0.007,0.0
435,304Nvl_L1_EW,304NVL_EW,0.008,0.008
435,32Nvl_L3_NS,NONE,0.007,0.0
435,32Nvl_L1_NS,32NVL_NS,0.048,0.037
435,32Nvl_L3_NS,NONE,0.017,0.0
435,32Nvl_L2_NS,32NVL_NS,0.016,0.01
435,NvcNvl_L3_NS,NONE,0.007,0.0
435,NvcNvl_L2_NS,NONE,0.007,0.0
435,NvcNvl_L1_NS,NVCNVL_NS,0.007,-0.027
435,32Mt_L1_NS,NONE,0.01,0.0
435,NvcCmt8_L2_NS,NONE,0.062,0.0
435,304Nvl_L2_NS,304NVL_NS,0.008,-0.003
435,32Nvl_L2_NS,32NVL_NS,0.047,0.041
435,32Nvl_L1_NS,32NVL_NS,0.02,0.009
435,NvcNvl_L1_NS,NONE,0.009,0.0
435,NvcCmt8_L1_NS,NONE,0.054,0.0
440,304Nvl_L1_NS,304NVL_NS,0.009,-0.025
440,304Nvl_L3_NS,NONE,0.007,0.0
440,32Nvl_L3_NS,NONE,0.014,0.0
440,32Nvl_L1_NS,32NVL_NS,0.048,0.037
440,32Nvl_L3_NS,NONE,0.025,0.0
440,32Nvl_L2_NS,32NVL_NS,0.024,0.018
440,NvcNvl_L1_EW,NVCNVL_EW,0.007,0.007
440,NvcNvl_L1_NS,NVCNVL_NS,0.007,-0.027
440,32Mt_L1_EW,NONE,0.007,0.0
440,32Mt_L1_NS,NONE,0.059,0.0
440,304Nvl_L2_NS,304NVL_NS,0.008,-0.009
440,32Nvl_L2_NS,32NVL_NS,0.047,0.041
440,32Nvl_L1_NS,32NVL_NS,0.027,0.016
440,32Mt_L2_NS,NONE,0.052,0.0
445,304Nvl_L1_NS,304NVL_NS,0.009,-0.025
445,304Nvl_L3_NS,NONE,0.007,0.0
445,304Nvl_L1_EW,304NVL_EW,0.008,0.008
445,304Nvl_L2_EW,304NVL_EW,0.007,0.007
445,32Nvl_L3_NS,NONE,0.014,0.0
445,32Nvl_L1_NS,32NVL_NS,0.048,0.037
445,32Nvl_L3_NS,NONE,0.025,0.0
445,32Nvl_L2_NS,32NVL_NS,0.024,0.018
445,NvcNvl_L1_EW,NVCNVL_EW,0.007,0.007
445,NvcNvl_L2_EW,NVCNVL_EW,0.008,0.008
445,NvcNvl_L1_NS,NVCNVL_NS,0.007,-0.027
445,32Mt_L1_NS,NONE,0.01,0.0
445,304Nvl_L2_NS,304NVL_NS,0.008,-0.009
445,304Nvl_L3_EW,NONE,0.006,0.0
445,32Nvl_L2_NS,32NVL_NS,0.047,0.041
445,32Nvl_L1_NS,32NVL_NS,0.027,0.016
445,NvcNvl_L3_EW,NONE,0.009,0.0
445,32Mt_L2_NS,NONE,0.009,0.0
450,304Nvl_L1_NS,304NVL_NS,0.009,-0.02
450,304Nvl_L1_EW,304NVL_EW,0.017,0.017
450,304Nvl_L2_EW,304NVL_EW,0.015,0.015
450,32Nvl_L3_NS,NONE,0.007,0.0
450,32Nvl_L1_NS,32NVL_NS,0.042,0.035
450,32Nvl_L1_EW,32NVL_EW,0.007,-0.017
450,32Nvl_L2_EW,32NVL_EW,0.008,-0.011
450,32Nvl_L3_NS,NONE,0.025,0.0
450,32Nvl_L2_NS,32NVL_NS,0.024,0.018
450,NvcNvl_L1_EW,NVCNVL_EW,0.007,0.007
450,NvcNvl_L2_EW,NVCNVL_EW,0.008,0.008
450,32Mt_L1_NS,32MT_NS,0.006,0.006
450,32Mt_L1_EW,32MT_EW,0.035,0.03
450,304Nvl_L2_NS,304NVL_NS,0.008,-0.009
450,304Nvl_L3_EW,NONE,0.013,0.0
450,32Nvl_L2_NS,32NVL_NS,0.04,0.035
450,32Nvl_L3_EW,NONE,0.006,0.0
450,32Nvl_L1_NS,32NVL_NS,0.02,0.014
450,NvcNvl_L3_EW,NONE,0.009,0.0
450,32Mt_L2_EW,32MT_EW,0.027,0.022
455,304Nvl_L1_EW,304NVL_EW,0.025,0.025
455,304Nvl_L2_EW,304NVL_EW,0.022,0.022
455,32Nvl_L1_EW,32NVL_EW,0.007,0.002
455,32Nvl_L2_EW,32NVL_EW,0.008,0.004
455,NvcNvl_L1_EW,NVCNVL_EW,0.007,0.007
455,NvcNvl_L2_EW,NVCNVL_EW,0.008,0.008
455,32Mt_L1_EW,NONE,0.007,0.0
455,32Mt_L3_EW,NONE,0.009,0.0
455,32Mt_L1_EW,32MT_EW,0.007,0.002
455,304Nvl_L3_EW,NONE,0.019,0.0
455,32Nvl_L3_EW,NONE,0.006,0.0
455,NvcNvl_L3_EW,NONE,0.009,0.0
455,32Mt_L2_EW,NONE,0.008,0.0
455,32Mt_L2_EW,32MT_EW,0.005,0.0
460,304Nvl_L1_EW,304NVL_EW,0.025,0.025
460,304Nvl_L2_EW,304NVL_EW,0.022,0.022
460,304Nvl_L1_NS,NONE,0.007,0.0
460,32Nvl_L1_EW,32NVL_EW,0.007,-0.008
460,32Nvl_L2_EW,32NVL_EW,0.008,-0.006
460,32Nvl_L3_NS,NONE,0.008,0.0
460,32Nvl_L2_NS,32NVL_NS,0.008,0.008
460,NvcNvl_L1_EW,NVCNVL_EW,0.014,0.014
460,NvcNvl_L2_EW,NVCNVL_EW,0.016,0.016
460,32Mt_L1_EW,NONE,0.014,0.0
460,32Mt_L3_EW,NONE,0.018,0.0
460,32Mt_L1_EW,32MT_EW,0.014,0.009
460,32Thn_L1_EW,32THN_EW,0.008,0.003
460,32Thn_L2_EW,32THN_EW,0.008,0.003
460,32Thn_L3_EW,NONE,0.008,0.0
460,304Nvl_L3_EW,NONE,0.013,0.0
460,32Nvl_L3_EW,NONE,0.006,0.0
460,32Nvl_L1_NS,32NVL_NS,0.04,0.04
460,NvcNvl_L3_EW,NONE,0.019,0.0
460,32Mt_L2_EW,NONE,0.015,0.0
460,32Mt_L2_EW,32MT_EW,0.011,0.005
465,304Nvl_L1_EW,304NVL_EW,0.017,0.017
465,304Nvl_L2_EW,304NVL_EW,0.015,0.015
465,304Nvl_L1_NS,NONE,0.007,0.0
465,32Nvl_L1_EW,32NVL_EW,0.007,-0.012
465,32Nvl_L2_EW,32NVL_EW,0.008,-0.004
465,32Nvl_L3_NS,NONE,0.008,0.0
465,32Nvl_L2_NS,32NVL_NS,0.008,0.008
465,NvcNvl_L3_NS,NONE,0.041,0.0
465,NvcNvl_L2_NS,NONE,0.04,0.0
465,NvcNvl_L1_EW,NONE,0.011,0.0
465,NvcNvl_L2_EW,NONE,0.008,0.0
465,NvcNvl_L1_EW,NVCNVL_EW,0.014,0.014
465,NvcNvl_L2_EW,NVCNVL_EW,0.016,0.016
465,32Mt_L1_NS,32MT_NS,0.006,-0.018
465,32Mt_L1_EW,32MT_EW,0.028,0.023
465,NvcMt_L1_NS,NVCMT_NS,0.034,0.03
465,32Thn_L1_EW,NONE,0.01,0.0
465,304Nvl_L3_EW,NONE,0.013,0.0
465,32Nvl_L3_EW,NONE,0.006,0.0
465,32Nvl_L1_NS,32NVL_NS,0.054,0.054
465,NvcNvl_L1_NS,NONE,0.052,0.0
465,NvcNvl_L3_EW,NONE,0.006,0.0
465,NvcNvl_L3_EW,NONE,0.019,0.0
465,32Mt_L2_EW,32MT_EW,0.016,0.011
465,NvcMt_L2_NS,NVCMT_NS,0.027,0.027
470,32Nvl_L1_EW,32NVL_EW,0.007,-0.012
470,32Nvl_L2_EW,32NVL_EW,0.008,-0.004
470,32Nvl_L3_NS,NONE,0.008,0.0
470,32Nvl_L2_NS,32NVL_NS,0.008,0.008
470,NvcNvl_L3_NS,NONE,0.088,0.0
470,NvcNvl_L2_NS,NONE,0.086,0.0
470,NvcNvl_L1_EW,NVCNVL_EW,0.014,0.014
470,NvcNvl_L2_EW,NVCNVL_EW,0.016,0.016
470,32Mt_L1_NS,32MT_NS,0.006,0.006
470,32Mt_L1_EW,32MT_EW,0.028,0.023
470,32Mt_L1_NS,NONE,0.01,0.0
470,32Nvl_L3_EW,NONE,0.006,0.0
470,32Nvl_L1_NS,32NVL_NS,0.013,0.013
470,NvcNvl_L1_NS,NONE,0.114,0.0
470,NvcNvl_L3_EW,NONE,0.019,0.0
470,32Mt_L2_EW,32MT_EW,0.016,0.011
470,32Mt_L2_NS,NONE,0.009,0.0
475,304Nvl_L1_EW,304NVL_EW,0.008,0.008
475,32Nvl_L1_EW,32NVL_EW,0.007,0.002
475,32Nvl_L2_EW,32NVL_EW,0.008,0.004
475,NvcNvl_L3_NS,NONE,0.061,0.0
475,NvcNvl_L2_NS,NONE,0.066,0.0
475,NvcNvl_L1_EW,NVCNVL_EW,0.021,0.021
475,NvcNvl_L2_EW,NVCNVL_EW,0.023,0.023
475,32Mt_L1_NS,32MT_NS,0.013,0.013
475,32Mt_L1_EW,NONE,0.007,0.0
475,32Mt_L3_EW,NONE,0.009,0.0
475,32Mt_L1_EW,32MT_EW,0.007,0.002
475,NvcCmt8_L2_EW,NVCCMT8_EW,0.005,0.005
475,32Nvl_L3_EW,NONE,0.006,0.0
475,NvcNvl_L1_NS,NONE,0.087,0.0
475,NvcNvl_L3_EW,NONE,0.028,0.0
475,32Mt_L2_EW,NONE,0.008,0.0
475,32Mt_L2_EW,32MT_EW,0.005,0.0
475,NvcCmt8_L1_EW,NVCCMT8_EW,0.008,0.008
480,304Nvl_L1_EW,304NVL_EW,0.008,0.008
480,304Nvl_L2_EW,304NVL_EW,0.007,0.007
480,304Nvl_L1_EW,NONE,0.082,0.0
480,304Nvl_L1_NS,NONE,0.007,0.0
480,304Nvl_L2_EW,NONE,0.086,0.0
480,32Nvl_L1_EW,32NVL_EW,0.007,0.007
480,32Nvl_L2_EW,32NVL_EW,0.008,0.008
480,32Nvl_L3_NS,NONE,0.042,0.0
480,32Nvl_L2_NS,32NVL_NS,0.039,0.039
480,NvcNvl_L3_NS,NONE,0.02,0.0
480,NvcNvl_L2_NS,NONE,0.02,0.0
480,NvcNvl_L1_EW,NONE,0.011,0.0
480,NvcNvl_L2_EW,NONE,0.008,0.0
480,NvcNvl_L1_EW,NVCNVL_EW,0.021,0.017
480,NvcNvl_L2_EW,NVCNVL_EW,0.023,0.023
480,32Mt_L1_NS,32MT_NS,0.006,0.006
480,32Mt_L1_EW,NONE,0.007,0.0
480,NvcMt_L1_EW,NVCMT_EW,0.006,-0.014
480,NvcCmt8_L2_EW,NVCCMT8_EW,0.005,0.005
480,304Nvl_L3_EW,NONE,0.006,0.0
480,304Nvl_L3_EW,NONE,0.081,0.0
480,32Nvl_L3_EW,NONE,0.006,0.0
480,32Nvl_L1_NS,32NVL_NS,0.034,0.034
480,NvcNvl_L1_NS,NONE,0.026,0.0
480,NvcNvl_L3_EW,NONE,0.028,0.0
480,NvcMt_L2_EW,NVCMT_EW,0.008,-0.012
480,NvcCmt8_L1_EW,NVCCMT8_EW,0.008,0.003
485,304Nvl_L1_EW,304NVL_EW,0.017,0.017
485,304Nvl_L2_EW,304NVL_EW,0.015,0.015
485,304Nvl_L1_EW,NONE,0.008,0.0
485,304Nvl_L1_NS,NONE,0.007,0.0
485,304Nvl_L2_EW,NONE,0.009,0.0
485,32Nvl_L3_NS,NONE,0.007,0.0
485,32Nvl_L1_NS,32NVL_NS,0.007,-0.016
485,32Nvl_L1_EW,32NVL_EW,0.007,0.002
485,32Nvl_L2_EW,32NVL_EW,0.008,0.004
485,32Nvl_L3_NS,NONE,0.05,0.0
485,32Nvl_L2_NS,32NVL_NS,0.047,0.047
485,NvcNvl_L1_EW,NVCNVL_EW,0.028,0.019
485,NvcNvl_L2_EW,NVCNVL_EW,0.023,0.023
485,NvcNvl_L1_NS,NVCNVL_NS,0.033,0.028
485,32Mt_L1_NS,32MT_NS,0.013,0.013
485,32Mt_L1_EW,NONE,0.022,0.0
485,32Mt_L3_EW,NONE,0.009,0.0
485,32Mt_L1_EW,32MT_EW,0.007,0.002
485,NvcMt_L1_EW,NVCMT_EW,0.013,-0.012
485,NvcCmt8_L2_EW,NVCCMT8_EW,0.005,0.005
485,304Nvl_L3_EW,NONE,0.013,0.0
485,304Nvl_L3_EW,NONE,0.008,0.0
485,32Nvl_L2_NS,32NVL_NS,0.007,0.007
485,32Nvl_L3_EW,NONE,0.006,0.0
485,32Nvl_L1_NS,32NVL_NS,0.04,0.017
485,NvcNvl_L3_EW,NONE,0.028,0.0
485,32Mt_L2_EW,NONE,0.008,0.0
485,32Mt_L2_EW,32MT_EW,0.005,0.0
485,NvcMt_L2_EW,NVCMT_EW,0.016,-0.004
485,NvcCmt8_L1_EW,NVCCMT8_EW,0.008,-0.001
490,304Nvl_L1_NS,304NVL_NS,0.045,0.04
490,304Nvl_L1_EW,304NVL_EW,0.102,0.102
490,304Nvl_L2_EW,304NVL_EW,0.051,0.051
490,304Nvl_L1_NS,NONE,0.007,0.0
490,32Nvl_L1_NS,32NVL_NS,0.007,-0.025
490,32Nvl_L1_EW,32NVL_EW,0.007,0.007
490,32Nvl_L2_EW,32NVL_EW,0.008,0.008
490,32Nvl_L3_NS,NONE,0.017,0.0
490,32Nvl_L2_NS,32NVL_NS,0.016,0.016
490,NvcNvl_L3_NS,NONE,0.014,0.0
490,NvcNvl_L2_NS,NONE,0.013,0.0
490,NvcNvl_L1_EW,NVCNVL_EW,0.028,0.019
490,NvcNvl_L2_EW,NVCNVL_EW,0.023,0.023
490,32Mt_L1_NS,32MT_NS,0.013,0.008
490,32Mt_L1_EW,NONE,0.007,0.0
490,NvcMt_L1_EW,NVCMT_EW,0.013,-0.007
490,NvcMt_L1_NS,NVCMT_NS,0.007,-0.002
490,304Nvl_L3_EW,NONE,0.044,0.0
490,32Nvl_L2_NS,32NVL_NS,0.007,0.007
490,32Nvl_L3_EW,NONE,0.006,0.0
490,32Nvl_L1_NS,32NVL_NS,0.013,-0.018
490,NvcNvl_L1_NS,NONE,0.017,0.0
490,NvcNvl_L3_EW,NONE,0.028,0.0
490,32Mt_L2_NS,32MT_NS,0.006,0.003
490,NvcMt_L2_EW,NVCMT_EW,0.016,-0.001
490,NvcMt_L2_NS,NVCMT_NS,0.005,0.001
490,NvcCmt8_L1_EW,NONE,0.006,0.0
495,304Nvl_L1_NS,304NVL_NS,0.045,0.036
495,304Nvl_L1_EW,304NVL_EW,0.059,0.059
495,304Nvl_L2_EW,304NVL_EW,0.044,0.044
495,304Nvl_L1_NS,NONE,0.007,0.0
495,32Nvl_L1_NS,32NVL_NS,0.014,-0.018
495,32Nvl_L1_EW,32NVL_EW,0.007,0.007
495,32Nvl_L2_EW,32NVL_EW,0.008,0.008
495,32Nvl_L2_NS,32NVL_NS,0.008,0.008
495,NvcNvl_L3_NS,NONE,0.014,0.0
495,NvcNvl_L2_NS,NONE,0.013,0.0
495,NvcNvl_L1_EW,NVCNVL_EW,0.035,0.022
495,NvcNvl_L2_EW,NVCNVL_EW,0.023,0.022
495,32Mt_L1_NS,32MT_NS,0.019,0.009
495,NvcMt_L1_EW,NVCMT_EW,0.019,-0.006
495,NvcMt_L2_EW,NVCMT_EW,0.003,-0.014
495,NvcMt_L1_NS,NVCMT_NS,0.014,0.0
495,304Nvl_L3_EW,NONE,0.006,0.0
495,32Nvl_L3_EW,NONE,0.006,0.0
495,32Nvl_L1_NS,32NVL_NS,0.047,0.015
495,NvcNvl_L1_NS,NONE,0.017,0.0
495,NvcNvl_L3_EW,NONE,0.028,0.0
495,32Mt_L2_NS,32MT_NS,0.006,-0.001
495,NvcMt_L2_EW,NVCMT_EW,0.024,0.007
495,NvcMt_L1_EW,NVCMT_EW,0.006,-0.019
495,NvcMt_L2_NS,NVCMT_NS,0.011,0.006
500,304Nvl_L1_NS,304NVL_NS,0.045,0.045
500,304Nvl_L1_EW,304NVL_EW,0.008,0.008
500,304Nvl_L2_EW,304NVL_EW,0.007,0.007
500,304Nvl_L1_NS,NONE,0.007,0.0
500,32Nvl_L1_EW,32NVL_EW,0.007,0.007
500,32Nvl_L2_EW,32NVL_EW,0.008,0.008
500,NvcNvl_L3_NS,NONE,0.007,0.0
500,NvcNvl_L2_NS,NONE,0.007,0.0
500,NvcNvl_L1_EW,NVCNVL_EW,0.035,0.031
500,NvcNvl_L2_EW,NVCNVL_EW,0.023,0.022
500,32Mt_L1_NS,32MT_NS,0.013,0.013
500,NvcMt_L1_EW,NVCMT_EW,0.006,-0.018
500,NvcMt_L2_EW,NVCMT_EW,0.003,-0.014
500,304Nvl_L3_EW,NONE,0.006,0.0
500,32Nvl_L3_EW,NONE,0.006,0.0
500,32Nvl_L1_NS,32NVL_NS,0.034,0.002
500,NvcNvl_L1_NS,NONE,0.009,0.0
500,NvcNvl_L3_EW,NONE,0.028,0.0
500,32Mt_L2_NS,32MT_NS,0.006,0.006
500,NvcMt_L2_EW,NVCMT_EW,0.008,-0.008
500,NvcMt_L1_EW,NVCMT_EW,0.006,-0.019
505,304Nvl_L1_EW,304NVL_EW,0.059,0.059
505,304Nvl_L2_EW,304NVL_EW,0.007,0.007
505,304Nvl_L1_NS,NONE,0.007,0.0
505,32Nvl_L1_EW,32NVL_EW,0.007,-0.052
505,32Nvl_L2_EW,32NVL_EW,0.008,0.008
505,NvcNvl_L1_EW,NVCNVL_EW,0.035,0.031
505,NvcNvl_L2_EW,NVCNVL_EW,0.023,0.022
505,32Mt_L1_NS,32MT_NS,0.006,0.006
505,32Mt_L1_EW,NONE,0.007,0.0
505,32Mt_L1_EW,32MT_EW,0.084,0.079
505,NvcMt_L2_NS,NONE,0.011,0.0
505,NvcMt_L1_EW,NVCMT_EW,0.006,-0.018
505,NvcMt_L2_EW,NVCMT_EW,0.003,-0.014
505,304Nvl_L3_EW,NONE,0.006,0.0
505,32Nvl_L3_EW,NONE,0.006,0.0
505,32Nvl_L1_NS,32NVL_NS,0.007,0.007
505,NvcNvl_L3_EW,NONE,0.028,0.0
505,32Mt_L2_NS,32MT_NS,0.006,0.006
505,NvcMt_L1_NS,NONE,0.011,0.0
505,NvcMt_L2_EW,NVCMT_EW,0.016,-0.001
505,NvcMt_L1_EW,NVCMT_EW,0.006,-0.019
510,32Nvl_L3_NS,NONE,0.007,0.0
510,32Nvl_L1_NS,32NVL_NS,0.007,0.007
510,32Nvl_L1_EW,32NVL_EW,0.007,-0.052
510,32Nvl_L2_EW,32NVL_EW,0.008,-0.038
510,32Nvl_L3_NS,NONE,0.008,0.0
510,32Nvl_L2_NS,32NVL_NS,0.008,0.008
510,NvcNvl_L1_EW,NVCNVL_EW,0.007,0.007
510,32Mt_L1_EW,32MT_EW,0.084,0.079
510,NvcMt_L2_NS,NONE,0.005,0.0
510,NvcMt_L2_EW,NVCMT_EW,0.003,0.003
510,32Nvl_L2_NS,32NVL_NS,0.007,0.007
510,32Nvl_L3_EW,NONE,0.006,0.0
510,32Nvl_L1_NS,32NVL_NS,0.007,0.007
510,32Mt_L2_EW,32MT_EW,0.065,0.06
510,NvcMt_L1_NS,NONE,0.005,0.0
510,NvcMt_L1_EW,NVCMT_EW,0.006,0.001
515,304Nvl_L1_EW,304NVL_EW,0.017,0.017
515,304Nvl_L2_EW,304NVL_EW,0.007,0.007
515,32Nvl_L3_NS,NONE,0.007,0.0
515,32Nvl_L1_NS,32NVL_NS,0.007,0.007
515,32Nvl_L1_EW,32NVL_EW,0.007,-0.056
515,32Nvl_L2_EW,32NVL_EW,0.008,-0.042
515,NvcNvl_L1_EW,NVCNVL_EW,0.007,0.007
515,32Mt_L1_EW,NONE,0.014,0.0
515,32Mt_L3_EW,NONE,0.018,0.0
515,32Mt_L1_EW,32MT_EW,0.091,0.086
515,304Nvl_L3_EW,NONE,0.006,0.0
515,32Nvl_L2_NS,32NVL_NS,0.007,0.007
515,32Nvl_L3_EW,NONE,0.006,0.0
515,32Mt_L2_EW,NONE,0.015,0.0
515,32Mt_L2_EW,32MT_EW,0.071,0.065
520,304Nvl_L1_EW,304NVL_EW,0.008,0.008
520,304Nvl_L1_NS,NONE,0.007,0.0
520,304Nvl_L3_NS,NONE,0.008,0.0
520,32Nvl_L1_NS,32NVL_NS,0.007,0.007
520,32Nvl_L1_EW,32NVL_EW,0.014,0.014
520,32Nvl_L2_EW,32NVL_EW,0.015,0.015
520,32Nvl_L1_EW,32NVL_EW,0.007,0.007
520,32Nvl_L2_EW,32NVL_EW,0.007,0.007
520,32Mt_L1_EW,NONE,0.007,0.0
520,32Mt_L1_NS,NONE,0.127,0.0
520,NvcMt_L2_EW,NVCMT_EW,0.013,0.013
520,304Nvl_L2_NS,NONE,0.007,0.0
520,32Nvl_L3_EW,NONE,0.006,0.0
520,32Nvl_L3_EW,NONE,0.013,0.0
520,32Nvl_L1_NS,32NVL_NS,0.007,0.007
520,32Mt_L2_NS,NONE,0.009,0.0
520,NvcMt_L1_EW,NVCMT_EW,0.028,0.028
525,304Nvl_L1_NS,NONE,0.007,0.0
525,32Nvl_L3_NS,NONE,0.014,0.0
525,32Nvl_L1_NS,32NVL_NS,0.014,0.014
525,32Nvl_L1_EW,32NVL_EW,0.014,0.004
525,32Nvl_L2_EW,32NVL_EW,0.015,0.008
525,32Nvl_L1_EW,32NVL_EW,0.007,-0.003
525,32Nvl_L2_EW,32NVL_EW,0.007,0.0
525,32Mt_L1_EW,NONE,0.007,0.0
525,32Mt_L1_EW,32MT_EW,0.014,0.004
525,32Mt_L1_NS,NONE,0.117,0.0
525,32Nvl_L2_NS,32NVL_NS,0.013,0.013
525,32Nvl_L3_EW,NONE,0.006,0.0
525,32Nvl_L3_EW,NONE,0.013,0.0
525,32Nvl_L1_NS,32NVL_NS,0.007,0.007
525,32Mt_L2_EW,32MT_EW,0.011,0.0
530,304Nvl_L1_EW,304NVL_EW,0.017,0.017
530,304Nvl_L2_EW,304NVL_EW,0.007,0.007
530,32Nvl_L3_NS,NONE,0.007,0.0
530,32Nvl_L1_NS,32NVL_NS,0.007,0.007
530,32Nvl_L1_EW,32NVL_EW,0.007,0.001
530,32Nvl_L2_EW,32NVL_EW,0.008,0.002
530,32Nvl_L1_EW,32NVL_EW,0.013,0.008
530,32Nvl_L2_EW,32NVL_EW,0.007,0.002
530,32Nvl_L3_NS,NONE,0.008,0.0
530,32Nvl_L2_NS,32NVL_NS,0.008,0.008
530,NvcNvl_L1_EW,NVCNVL_EW,0.007,0.003
530,NvcNvl_L2_EW,NVCNVL_EW,0.008,0.008
530,32Mt_L1_EW,NONE,0.007,0.0
530,NvcMt_L1_EW,NVCMT_EW,0.006,0.001
530,32Thn_L1_EW,32THN_EW,0.008,0.003
530,32Thn_L2_EW,32THN_EW,0.008,0.003
530,32Thn_L3_EW,NONE,0.008,0.0
530,304Nvl_L3_EW,NONE,0.006,0.0
530,32Nvl_L2_NS,32NVL_NS,0.007,0.007
530,32Nvl_L3_EW,NONE,0.006,0.0
530,32Nvl_L3_EW,NONE,0.006,0.0
530,32Nvl_L1_NS,32NVL_NS,0.007,0.007
530,NvcNvl_L3_EW,NONE,0.009,0.0
530,NvcMt_L2_EW,NVCMT_EW,0.008,0.002
535,304Nvl_L1_EW,304NVL_EW,0.008,0.008
535,304Nvl_L2_EW,304NVL_EW,0.007,0.007
535,32Nvl_L1_EW,32NVL_EW,0.007,0.007
535,32Nvl_L2_EW,32NVL_EW,0.008,0.008
535,32Nvl_L1_EW,32NVL_EW,0.007,0.007
535,32Nvl_L2_EW,32NVL_EW,0.007,0.007
535,32Nvl_L3_NS,NONE,0.008,0.0
535,32Nvl_L2_NS,32NVL_NS,0.008,0.008
535,32Mt_L1_NS,32MT_NS,0.006,0.006
535,32Thn_L1_EW,NONE,0.01,0.0
535,304Nvl_L3_EW,NONE,0.006,0.0
535,32Nvl_L3_EW,NONE,0.006,0.0
535,32Nvl_L3_EW,NONE,0.006,0.0
535,32Nvl_L1_NS,32NVL_NS,0.02,0.02
540,304Nvl_L1_EW,304NVL_EW,0.042,0.042
540,304Nvl_L2_EW,304NVL_EW,0.036,0.036
540,304Nvl_L1_NS,NONE,0.007,0.0
540,32Nvl_L1_EW,32NVL_EW,0.007,0.001
540,32Nvl_L2_EW,32NVL_EW,0.008,0.002
540,32Nvl_L1_EW,32NVL_EW,0.013,0.008
540,32Nvl_L2_EW,32NVL_EW,0.007,0.002
540,32Mt_L1_NS,32MT_NS,0.006,0.006
540,32Thn_L1_EW,32THN_EW,0.008,0.003
540,32Thn_L2_EW,32THN_EW,0.008,0.003
540,32Thn_L3_EW,NONE,0.008,0.0
540,304Nvl_L3_EW,NONE,0.032,0.0
540,32Nvl_L3_EW,NONE,0.006,0.0
540,32Nvl_L3_EW,NONE,0.006,0.0
540,32Nvl_L1_NS,32NVL_NS,0.007,0.007
545,304Nvl_L1_EW,304NVL_EW,0.042,0.042
545,304Nvl_L2_EW,304NVL_EW,0.036,0.036
545,304Nvl_L1_NS,NONE,0.007,0.0
545,304Nvl_L3_NS,NONE,0.008,0.0
545,32Nvl_L3_NS,NONE,0.007,0.0
545,32Nvl_L1_NS,32NVL_NS,0.007,0.007
545,32Nvl_L1_EW,32NVL_EW,0.007,0.007
545,32Nvl_L2_EW,32NVL_EW,0.008,0.008
545,32Nvl_L1_EW,32NVL_EW,0.013,0.013
545,32Nvl_L2_EW,32NVL_EW,0.007,0.007
545,32Thn_L1_EW,NONE,0.01,0.0
545,304Nvl_L3_EW,NONE,0.032,0.0
545,304Nvl_L2_NS,NONE,0.007,0.0
545,32Nvl_L2_NS,32NVL_NS,0.007,0.007
545,32Nvl_L3_EW,NONE,0.006,0.0
545,32Nvl_L3_EW,NONE,0.006,0.0
550,32Nvl_L1_EW,32NVL_EW,0.014,0.014
550,32Nvl_L2_EW,32NVL_EW,0.015,0.015
550,32Nvl_L1_EW,32NVL_EW,0.007,0.007
550,32Nvl_L2_EW,32NVL_EW,0.007,0.007
550,32Nvl_L3_EW,NONE,0.006,0.0
550,32Nvl_L3_EW,NONE,0.013,0.0
555,304Nvl_L1_EW,304NVL_EW,0.008,0.008
555,304Nvl_L1_NS,NONE,0.036,0.0
555,NvcNvl_L3_NS,NONE,0.014,0.0
555,NvcNvl_L2_NS,NONE,0.013,0.0
555,32Mt_L1_EW,NONE,0.086,0.0
555,32Mt_L3_EW,NONE,0.106,0.0
555,32Mt_L1_EW,32MT_EW,0.084,0.084
555,NvcMt_L2_NS,NONE,0.005,0.0
555,NvcNvl_L1_NS,NONE,0.017,0.0
555,32Mt_L2_EW,NONE,0.09,0.0
555,32Mt_L2_EW,32MT_EW,0.065,0.065
555,NvcMt_L1_NS,NONE,0.005,0.0
560,NvcNvl_L3_NS,NONE,0.007,0.0
560,NvcNvl_L2_NS,NONE,0.007,0.0
560,32Mt_L1_EW,NONE,0.094,0.0
560,32Mt_L3_EW,NONE,0.115,0.0
560,32Mt_L1_EW,32MT_EW,0.119,0.119
560,32Nvl_L1_NS,32NVL_NS,0.007,0.007
560,NvcNvl_L1_NS,NONE,0.009,0.0
560,32Mt_L2_EW,NONE,0.098,0.0
560,32Mt_L2_EW,32MT_EW,0.092,0.092
565,32Nvl_L3_NS,NONE,0.007,0.0
565,32Nvl_L1_NS,32NVL_NS,0.007,0.007
565,32Nvl_L3_NS,NONE,0.008,0.0
565,32Nvl_L2_NS,32NVL_NS,0.008,0.008
565,32Mt_L1_EW,NONE,0.007,0.0
565,32Mt_L3_EW,NONE,0.009,0.0
565,32Mt_L1_EW,32MT_EW,0.035,0.035
565,32Mt_L1_NS,NONE,0.01,0.0
565,32Nvl_L2_NS,32NVL_NS,0.007,0.007
565,32Nvl_L1_NS,32NVL_NS,0.013,0.013
565,32Mt_L2_EW,NONE,0.008,0.0
565,32Mt_L2_EW,32MT_EW,0.027,0.027
565,32Mt_L2_NS,NONE,0.009,0.0
570,304Nvl_L1_NS,304NVL_NS,0.009,0.009
570,304Nvl_L3_NS,NONE,0.007,0.0
570,32Nvl_L3_NS,NONE,0.008,0.0
570,32Nvl_L2_NS,32NVL_NS,0.008,0.003
570,NvcNvl_L3_NS,NONE,0.007,0.0
570,NvcNvl_L2_NS,NONE,0.007,0.0
570,32Mt_L1_EW,NONE,0.086,0.0
570,32Mt_L1_EW,32MT_EW,0.035,0.035
570,NvcCmt8_L2_NS,NONE,0.011,0.0
570,NvcCmt8_L1_NS,NONE,0.008,0.0
570,304Nvl_L2_NS,304NVL_NS,0.008,0.002
570,32Nvl_L1_NS,32NVL_NS,0.007,0.0
570,NvcNvl_L1_NS,NONE,0.009,0.0
570,32Mt_L2_EW,32MT_EW,0.027,0.027
575,304Nvl_L1_NS,304NVL_NS,0.009,0.009
575,304Nvl_L3_NS,NONE,0.007,0.0
575,304Nvl_L1_EW,304NVL_EW,0.051,0.051
575,304Nvl_L2_EW,304NVL_EW,0.044,0.044
575,32Nvl_L1_EW,32NVL_EW,0.007,-0.076
575,NvcNvl_L1_EW,NVCNVL_EW,0.007,0.007
575,32Mt_L1_EW,NONE,0.007,0.0
575,32Mt_L3_EW,NONE,0.009,0.0
575,32Mt_L1_EW,32MT_EW,0.119,0.119
575,32Mt_L1_NS,NONE,0.01,0.0
575,304Nvl_L2_NS,304NVL_NS,0.008,0.008
575,304Nvl_L3_EW,NONE,0.038,0.0
575,32Nvl_L1_NS,32NVL_NS,0.007,0.0
575,32Mt_L2_EW,NONE,0.008,0.0
575,32Mt_L2_EW,32MT_EW,0.027,0.027
580,304Thn_L1_EW,304THN_EW,0.008,-0.021
580,304Thn_L3_EW,NONE,0.008,0.0
580,304Nvl_L1_NS,304NVL_NS,0.009,0.009
580,304Nvl_L3_NS,NONE,0.007,0.0
580,304Nvl_L1_EW,304NVL_EW,0.042,0.037
580,304Nvl_L2_EW,304NVL_EW,0.036,0.031
580,32Nvl_L1_EW,32NVL_EW,0.013,-0.07
580,32Nvl_L2_EW,32NVL_EW,0.007,-0.012
580,32Nvl_L3_NS,NONE,0.042,0.0
580,32Nvl_L2_NS,32NVL_NS,0.039,0.034
580,NvcNvl_L1_EW,NVCNVL_EW,0.007,0.007
580,NvcNvl_L1_NS,NVCNVL_NS,0.007,0.007
580,32Mt_L1_EW,32MT_EW,0.119,0.119
580,32Mt_L1_NS,NONE,0.01,0.0
580,NvcMt_L2_NS,NONE,0.026,0.0
580,32Thn_L1_EW,NONE,0.01,0.0
580,32Thn_L2_EW,NONE,0.01,0.0
580,32Thn_L3_EW,NONE,0.007,0.0
580,304Nvl_L2_NS,304NVL_NS,0.008,-0.02
580,304Nvl_L3_EW,NONE,0.032,0.0
580,32Nvl_L3_EW,NONE,0.006,0.0
580,32Nvl_L1_NS,32NVL_NS,0.034,0.023
580,32Mt_L2_EW,32MT_EW,0.027,0.027
580,NvcMt_L1_NS,NONE,0.027,0.0
580,304Thn_L2_EW,304THN_EW,0.007,-0.018
585,304Thn_L1_EW,304THN_EW,0.008,-0.021
585,304Thn_L3_EW,NONE,0.008,0.0
585,304Nvl_L1_NS,304NVL_NS,0.009,0.009
585,304Nvl_L3_NS,NONE,0.007,0.0
585,304Nvl_L1_EW,304NVL_EW,0.042,0.037
585,304Nvl_L2_EW,304NVL_EW,0.036,0.031
585,304Nvl_L1_NS,NONE,0.036,0.0
585,32Nvl_L1_EW,32NVL_EW,0.007,-0.062
585,32Nvl_L2_EW,32NVL_EW,0.007,-0.038
585,32Nvl_L3_NS,NONE,0.058,0.0
585,32Nvl_L2_NS,32NVL_NS,0.055,0.05
585,NvcNvl_L1_EW,NVCNVL_EW,0.007,0.007
585,32Mt_L1_EW,32MT_EW,0.091,0.091
585,32Mt_L1_NS,NONE,0.01,0.0
585,NvcMt_L2_NS,NONE,0.026,0.0
585,NvcMt_L2_EW,NVCMT_EW,0.003,0.003
585,32Thn_L1_EW,32THN_EW,0.008,0.008
585,304Nvl_L2_NS,304NVL_NS,0.008,-0.031
585,304Nvl_L3_EW,NONE,0.025,0.0
585,32Nvl_L3_EW,NONE,0.006,0.0
585,32Nvl_L1_NS,32NVL_NS,0.047,0.041
585,32Mt_L2_EW,32MT_EW,0.065,0.065
585,NvcMt_L1_NS,NONE,0.027,0.0
585,NvcMt_L1_EW,NVCMT_EW,0.006,0.001
585,304Thn_L2_EW,304THN_EW,0.007,-0.018
590,304Thn_L1_EW,304THN_EW,0.008,-0.01
590,304Thn_L3_EW,NONE,0.008,0.0
590,304Nvl_L1_NS,304NVL_NS,0.009,-0.015
590,304Nvl_L3_NS,NONE,0.007,0.0
590,304Nvl_L1_EW,304NVL_EW,0.025,0.02
590,304Nvl_L2_EW,304NVL_EW,0.015,0.009
590,304Nvl_L1_NS,NONE,0.044,0.0
590,32Nvl_L1_NS,32NVL_NS,0.035,0.028
590,32Nvl_L1_EW,32NVL_EW,0.007,-0.073
590,32Nvl_L2_EW,32NVL_EW,0.007,-0.048
590,NvcNvl_L3_NS,NONE,0.014,0.0
590,NvcNvl_L2_NS,NONE,0.013,0.0
590,NvcNvl_L1_EW,NONE,0.021,0.0
590,NvcNvl_L2_EW,NONE,0.015,0.0
590,32Mt_L1_EW,32MT_EW,0.098,0.098
590,32Mt_L1_NS,NONE,0.049,0.0
590,NvcMt_L2_NS,NONE,0.005,0.0
590,NvcMt_L1_EW,NVCMT_EW,0.006,0.006
590,NvcMt_L2_EW,NVCMT_EW,0.003,0.003
590,32Thn_L1_EW,32THN_EW,0.016,0.016
590,32Thn_L2_EW,32THN_EW,0.008,0.008
590,32Thn_L3_EW,NONE,0.008,0.0
590,304Nvl_L2_NS,304NVL_NS,0.008,0.008
590,304Nvl_L3_EW,NONE,0.013,0.0
590,32Nvl_L2_NS,32NVL_NS,0.033,0.028
590,32Nvl_L3_EW,NONE,0.006,0.0
590,NvcNvl_L1_NS,NONE,0.017,0.0
590,NvcNvl_L3_EW,NONE,0.013,0.0
590,32Mt_L2_EW,32MT_EW,0.071,0.071
590,NvcMt_L1_NS,NONE,0.005,0.0
590,NvcMt_L2_EW,NVCMT_EW,0.008,0.008
590,NvcMt_L1_EW,NVCMT_EW,0.006,0.006
590,304Thn_L2_EW,304THN_EW,0.007,-0.003
595,304Nvl_L1_NS,304NVL_NS,0.009,0.009
595,304Nvl_L3_NS,NONE,0.007,0.0
595,304Nvl_L1_NS,NONE,0.029,0.0
595,32Nvl_L1_EW,32NVL_EW,0.007,-0.004
595,32Nvl_L2_EW,32NVL_EW,0.007,-0.004
595,NvcNvl_L3_NS,NONE,0.007,0.0
595,NvcNvl_L2_NS,NONE,0.007,0.0
595,NvcMt_L1_EW,NVCMT_EW,0.006,0.006
595,32Thn_L1_EW,32THN_EW,0.016,0.016
595,32Thn_L2_EW,32THN_EW,0.017,0.017
595,32Thn_L3_EW,NONE,0.016,0.0
595,304Nvl_L2_NS,304NVL_NS,0.008,0.008
595,32Nvl_L3_EW,NONE,0.006,0.0
595,NvcNvl_L1_NS,NONE,0.009,0.0
595,NvcMt_L2_EW,NVCMT_EW,0.008,0.008
600,304Nvl_L1_NS,304NVL_NS,0.009,0.009
600,304Nvl_L3_NS,NONE,0.007,0.0
600,304Nvl_L1_EW,304NVL_EW,0.008,0.008
600,304Nvl_L2_EW,304NVL_EW,0.007,0.007
600,304Nvl_L1_NS,NONE,0.015,0.0
600,32Nvl_L1_EW,32NVL_EW,0.013,-0.008
600,32Nvl_L2_EW,32NVL_EW,0.015,-0.004
600,NvcNvl_L1_EW,NVCNVL_EW,0.007,0.003
600,NvcNvl_L1_NS,NVCNVL_NS,0.007,0.007
600,32Mt_L1_EW,NONE,0.007,0.0
600,32Mt_L1_EW,32MT_EW,0.014,0.014
600,NvcMt_L1_EW,NVCMT_EW,0.006,0.001
600,32Thn_L1_EW,NONE,0.01,0.0
600,32Thn_L2_EW,NONE,0.01,0.0
600,32Thn_L1_EW,32THN_EW,0.016,0.016
600,32Thn_L2_EW,32THN_EW,0.017,0.017
600,32Thn_L3_EW,NONE,0.007,0.0
600,32Thn_L3_EW,NONE,0.016,0.0
600,304Nvl_L2_NS,304NVL_NS,0.008,0.008
600,304Nvl_L3_EW,NONE,0.006,0.0
600,32Nvl_L3_EW,NONE,0.012,0.0
600,32Nvl_L1_NS,32NVL_NS,0.034,0.023
600,32Mt_L2_EW,32MT_EW,0.011,0.011
600,NvcMt_L2_EW,NVCMT_EW,0.008,0.008
605,304Thn_L1_EW,NONE,0.007,0.0
605,304Nvl_L1_NS,304NVL_NS,0.009,0.009
605,304Nvl_L3_NS,NONE,0.007,0.0
605,32Nvl_L1_EW,32NVL_EW,0.013,-0.041
605,32Nvl_L2_EW,32NVL_EW,0.015,-0.033
605,NvcNvl_L1_EW,NVCNVL_EW,0.014,0.014
605,NvcNvl_L2_EW,NVCNVL_EW,0.008,0.008
605,32Mt_L1_EW,32MT_EW,0.014,0.014
605,NvcMt_L2_NS,NONE,0.005,0.0
605,32Thn_L1_EW,32THN_EW,0.064,0.064
605,32Thn_L2_EW,32THN_EW,0.058,0.058
605,32Thn_L3_EW,NONE,0.049,0.0
605,304Nvl_L2_NS,304NVL_NS,0.008,0.008
605,32Nvl_L3_EW,NONE,0.012,0.0
605,NvcNvl_L3_EW,NONE,0.009,0.0
605,32Mt_L2_EW,32MT_EW,0.011,0.011
605,NvcMt_L1_NS,NONE,0.005,0.0
605,NvcMt_L2_EW,NVCMT_EW,0.008,0.002
610,304Thn_L1_EW,304THN_EW,0.008,0.008
610,304Thn_L3_EW,NONE,0.008,0.0
610,304Nvl_L1_NS,304NVL_NS,0.009,0.004
610,304Nvl_L3_NS,NONE,0.007,0.0
610,32Nvl_L1_NS,32NVL_NS,0.007,0.001
610,32Nvl_L1_EW,32NVL_EW,0.007,-0.021
610,32Nvl_L2_EW,32NVL_EW,0.008,-0.021
610,32Nvl_L1_EW,32NVL_EW,0.013,-0.015
610,32Nvl_L2_EW,32NVL_EW,0.015,-0.014
610,NvcNvl_L3_NS,NONE,0.034,0.0
610,NvcNvl_L2_NS,NONE,0.033,0.0
610,NvcNvl_L1_EW,NVCNVL_EW,0.014,0.014
610,NvcNvl_L2_EW,NVCNVL_EW,0.008,0.008
610,32Mt_L1_NS,32MT_NS,0.013,0.013
610,32Mt_L1_EW,NONE,0.007,0.0
610,32Thn_L1_EW,NONE,0.01,0.0
610,32Thn_L1_EW,32THN_EW,0.04,0.035
610,32Thn_L2_EW,32THN_EW,0.042,0.036
610,32Thn_L3_EW,NONE,0.041,0.0
610,304Nvl_L2_NS,304NVL_NS,0.008,0.008
610,32Nvl_L3_EW,NONE,0.012,0.0
610,32Nvl_L3_EW,NONE,0.006,0.0
610,NvcNvl_L1_NS,NONE,0.044,0.0
610,NvcNvl_L3_EW,NONE,0.009,0.0
610,32Mt_L2_EW,NONE,0.008,0.0
610,NvcMt_L2_EW,NVCMT_EW,0.04,0.034
610,304Thn_L2_EW,304THN_EW,0.007,0.007
615,304Thn_L1_EW,304THN_EW,0.008,0.008
615,304Thn_L3_EW,NONE,0.008,0.0
615,304Nvl_L1_NS,304NVL_NS,0.018,0.013
615,304Nvl_L3_NS,NONE,0.007,0.0
615,32Nvl_L1_NS,32NVL_NS,0.007,-0.006
615,32Nvl_L1_EW,32NVL_EW,0.021,-0.017
615,32Nvl_L2_EW,32NVL_EW,0.023,-0.014
615,32Nvl_L1_EW,32NVL_EW,0.013,-0.024
615,32Nvl_L2_EW,32NVL_EW,0.015,-0.022
615,NvcNvl_L3_NS,NONE,0.007,0.0
615,NvcNvl_L2_NS,NONE,0.007,0.0
615,NvcNvl_L1_EW,NVCNVL_EW,0.007,0.007
615,NvcNvl_L2_EW,NVCNVL_EW,0.008,0.008
615,32Mt_L1_NS,32MT_NS,0.013,0.013
615,32Mt_L1_EW,NONE,0.022,0.0
615,32Mt_L3_EW,NONE,0.018,0.0
615,32Mt_L1_EW,32MT_EW,0.014,-0.001
615,32Mt_L1_NS,NONE,0.01,0.0
615,32Thn_L1_EW,NONE,0.01,0.0
615,32Thn_L1_EW,32THN_EW,0.04,0.025
615,32Thn_L2_EW,32THN_EW,0.042,0.025
615,32Thn_L3_EW,NONE,0.041,0.0
615,304Nvl_L2_NS,304NVL_NS,0.008,0.008
615,32Nvl_L3_EW,NONE,0.012,0.0
615,32Nvl_L3_EW,NONE,0.019,0.0
615,NvcNvl_L1_NS,NONE,0.009,0.0
615,NvcNvl_L3_EW,NONE,0.009,0.0
615,32Mt_L2_EW,NONE,0.015,0.0
615,32Mt_L2_EW,32MT_EW,0.011,-0.005
615,32Mt_L2_NS,NONE,0.009,0.0
615,304Thn_L2_EW,304THN_EW,0.007,0.007
620,304Thn_L1_EW,304THN_EW,0.008,0.002
620,304Thn_L3_EW,NONE,0.008,0.0
620,304Nvl_L1_NS,304NVL_NS,0.018,-0.006
620,304Nvl_L3_NS,NONE,0.007,0.0
620,304Nvl_L1_EW,304NVL_EW,0.008,0.003
620,304Nvl_L2_EW,304NVL_EW,0.007,0.002
620,32Nvl_L3_NS,NONE,0.034,0.0
620,32Nvl_L1_NS,32NVL_NS,0.035,-0.001
620,32Nvl_L1_EW,32NVL_EW,0.014,-0.014
620,32Nvl_L2_EW,32NVL_EW,0.015,-0.014
620,32Nvl_L1_EW,32NVL_EW,0.007,-0.021
620,32Nvl_L2_EW,32NVL_EW,0.007,-0.022
620,32Nvl_L3_NS,NONE,0.042,0.0
620,32Nvl_L2_NS,32NVL_NS,0.039,0.034
620,NvcNvl_L1_EW,NVCNVL_EW,0.014,0.014
620,NvcNvl_L2_EW,NVCNVL_EW,0.016,0.016
620,NvcNvl_L1_NS,NVCNVL_NS,0.033,0.009
620,32Mt_L1_NS,32MT_NS,0.013,0.013
620,32Thn_L1_EW,32THN_EW,0.04,0.03
620,32Thn_L2_EW,32THN_EW,0.042,0.031
620,32Thn_L3_EW,NONE,0.041,0.0
620,304Nvl_L2_NS,304NVL_NS,0.008,-0.02
620,304Nvl_L3_EW,NONE,0.006,0.0
620,32Nvl_L2_NS,32NVL_NS,0.033,0.028
620,32Nvl_L3_EW,NONE,0.006,0.0
620,32Nvl_L3_EW,NONE,0.013,0.0
620,32Nvl_L1_NS,32NVL_NS,0.04,0.004
620,NvcNvl_L3_EW,NONE,0.019,0.0
620,304Thn_L2_EW,304THN_EW,0.007,0.002
625,304Nvl_L1_NS,304NVL_NS,0.018,-0.025
625,304Nvl_L3_NS,NONE,0.007,0.0
625,304Nvl_L1_NS,NONE,0.007,0.0
625,32Nvl_L3_NS,NONE,0.027,0.0
625,32Nvl_L1_NS,32NVL_NS,0.062,0.026
625,32Nvl_L3_NS,NONE,0.058,0.0
625,32Nvl_L2_NS,32NVL_NS,0.055,0.05
625,NvcNvl_L3_NS,NONE,0.007,0.0
625,NvcNvl_L2_NS,NONE,0.007,0.0
625,NvcNvl_L1_NS,NVCNVL_NS,0.033,-0.011
625,32Mt_L1_NS,32MT_NS,0.006,0.006
625,32Mt_L1_EW,NONE,0.029,0.0
625,32Mt_L3_EW,NONE,0.009,0.0
625,32Mt_L1_NS,NONE,0.059,0.0
625,32Thn_L1_EW,NONE,0.049,0.0
625,304Nvl_L2_NS,304NVL_NS,0.008,-0.031
625,32Nvl_L2_NS,32NVL_NS,0.06,0.055
625,32Nvl_L1_NS,32NVL_NS,0.06,0.025
625,NvcNvl_L1_NS,NONE,0.009,0.0
625,32Mt_L2_EW,NONE,0.015,0.0
625,32Mt_L2_NS,NONE,0.043,0.0
630,304Nvl_L1_NS,304NVL_NS,0.009,-0.044
630,304Nvl_L3_NS,NONE,0.007,0.0
630,304Nvl_L1_EW,304NVL_EW,0.008,0.008
630,304Nvl_L2_EW,304NVL_EW,0.007,0.007
630,32Nvl_L3_NS,NONE,0.034,0.0
630,32Nvl_L1_NS,32NVL_NS,0.076,0.047
630,32Nvl_L3_NS,NONE,0.058,0.0
630,32Nvl_L2_NS,32NVL_NS,0.055,0.05
630,NvcNvl_L3_NS,NONE,0.007,0.0
630,NvcNvl_L2_NS,NONE,0.007,0.0
630,NvcNvl_L1_NS,NVCNVL_NS,0.033,-0.02
630,32Mt_L1_NS,32MT_NS,0.013,0.013
630,32Mt_L1_EW,32MT_EW,0.007,0.007
630,32Mt_L1_NS,NONE,0.01,0.0
630,32Thn_L1_EW,NONE,0.049,0.0
630,304Nvl_L2_NS,304NVL_NS,0.008,-0.031
630,304Nvl_L3_EW,NONE,0.006,0.0
630,32Nvl_L2_NS,32NVL_NS,0.073,0.068
630,32Nvl_L1_NS,32NVL_NS,0.06,0.031
630,NvcNvl_L1_NS,NONE,0.009,0.0
630,32Mt_L2_NS,NONE,0.009,0.0
635,304Nvl_L1_NS,304NVL_NS,0.009,-0.035
635,304Nvl_L3_NS,NONE,0.007,0.0
635,304Nvl_L1_EW,304NVL_EW,0.017,0.017
635,304Nvl_L2_EW,304NVL_EW,0.015,0.015
635,32Nvl_L3_NS,NONE,0.027,0.0
635,32Nvl_L1_NS,32NVL_NS,0.062,0.056
635,32Nvl_L3_NS,NONE,0.1,0.0
635,32Nvl_L2_NS,32NVL_NS,0.095,0.089
635,NvcNvl_L3_NS,NONE,0.007,0.0
635,NvcNvl_L2_NS,NONE,0.007,0.0
635,NvcNvl_L1_EW,NVCNVL_EW,0.007,0.003
635,32Mt_L1_NS,32MT_NS,0.006,0.006
635,32Mt_L1_EW,32MT_EW,0.042,0.042
635,32Mt_L1_NS,NONE,0.02,0.0
635,NvcMt_L1_EW,NVCMT_EW,0.006,0.001
635,32Thn_L1_EW,NONE,0.049,0.0
635,304Nvl_L2_NS,304NVL_NS,0.008,-0.059
635,304Nvl_L3_EW,NONE,0.006,0.0
635,32Nvl_L2_NS,32NVL_NS,0.067,0.061
635,32Nvl_L1_NS,32NVL_NS,0.094,0.088
635,NvcNvl_L1_NS,NONE,0.009,0.0
635,32Mt_L2_EW,32MT_EW,0.033,0.033
635,32Mt_L2_NS,NONE,0.009,0.0
635,NvcMt_L2_EW,NVCMT_EW,0.008,0.008
640,304Nvl_L1_NS,304NVL_NS,0.018,-0.021
640,304Nvl_L3_NS,NONE,0.015,0.0
640,304Nvl_L1_EW,304NVL_EW,0.017,0.017
640,304Nvl_L2_EW,304NVL_EW,0.015,0.015
640,304Nvl_L1_NS,NONE,0.007,0.0
640,32Nvl_L3_NS,NONE,0.02,0.0
640,32Nvl_L1_NS,32NVL_NS,0.055,0.043
640,32Nvl_L3_NS,NONE,0.109,0.0
640,32Nvl_L2_NS,32NVL_NS,0.103,0.092
640,NvcNvl_L1_EW,NONE,0.064,0.0
640,NvcNvl_L2_EW,NONE,0.046,0.0
640,32Mt_L1_NS,32MT_NS,0.006,0.006
640,NvcMt_L2_NS,NONE,0.005,0.0
640,304Nvl_L2_NS,304NVL_NS,0.015,-0.057
640,304Nvl_L3_EW,NONE,0.013,0.0
640,32Nvl_L2_NS,32NVL_NS,0.053,0.043
640,32Nvl_L1_NS,32NVL_NS,0.094,0.081
640,NvcNvl_L3_EW,NONE,0.038,0.0
640,NvcMt_L1_NS,NONE,0.005,0.0
645,304Nvl_L1_NS,304NVL_NS,0.018,-0.016
645,304Nvl_L3_NS,NONE,0.015,0.0
645,304Nvl_L1_EW,304NVL_EW,0.017,0.017
645,304Nvl_L2_EW,304NVL_EW,0.015,0.015
645,304Nvl_L1_NS,NONE,0.007,0.0
645,32Nvl_L3_NS,NONE,0.014,0.0
645,32Nvl_L1_NS,32NVL_NS,0.048,0.036
645,32Nvl_L3_NS,NONE,0.125,0.0
645,32Nvl_L2_NS,32NVL_NS,0.118,0.108
645,NvcNvl_L1_EW,NONE,0.011,0.0
645,NvcNvl_L2_EW,NONE,0.008,0.0
645,NvcNvl_L1_EW,NVCNVL_EW,0.007,0.007
645,NvcNvl_L2_EW,NVCNVL_EW,0.008,0.008
645,32Mt_L1_NS,32MT_NS,0.006,0.006
645,32Thn_L1_EW,NONE,0.01,0.0
645,32Thn_L2_EW,NONE,0.01,0.0
645,32Thn_L3_EW,NONE,0.007,0.0
645,304Nvl_L2_NS,304NVL_NS,0.015,-0.068
645,304Nvl_L3_EW,NONE,0.013,0.0
645,32Nvl_L2_NS,32NVL_NS,0.047,0.036
645,32Nvl_L1_NS,32NVL_NS,0.114,0.101
645,NvcNvl_L3_EW,NONE,0.006,0.0
645,NvcNvl_L3_EW,NONE,0.009,0.0
650,304Nvl_L1_NS,304NVL_NS,0.018,-0.021
650,304Nvl_L3_NS,NONE,0.015,0.0
650,304Nvl_L1_EW,304NVL_EW,0.042,0.042
650,304Nvl_L2_EW,304NVL_EW,0.029,0.029
650,304Nvl_L1_NS,NONE,0.007,0.0
650,32Nvl_L3_NS,NONE,0.02,0.0
650,32Nvl_L1_NS,32NVL_NS,0.055,0.043
650,32Nvl_L3_NS,NONE,0.125,0.0
650,32Nvl_L2_NS,32NVL_NS,0.118,0.108
650,32Mt_L1_NS,32MT_NS,0.006,0.006
650,32Thn_L1_EW,32THN_EW,0.008,0.008
650,304Nvl_L2_NS,304NVL_NS,0.015,-0.068
650,304Nvl_L3_EW,NONE,0.013,0.0
650,32Nvl_L2_NS,32NVL_NS,0.053,0.043
650,32Nvl_L1_NS,32NVL_NS,0.107,0.095
655,304Nvl_L1_NS,304NVL_NS,0.018,-0.021
655,304Nvl_L3_NS,NONE,0.015,0.0
655,304Nvl_L1_EW,304NVL_EW,0.025,0.025
655,304Nvl_L2_EW,304NVL_EW,0.022,0.022
655,32Nvl_L3_NS,NONE,0.014,0.0
655,32Nvl_L1_NS,32NVL_NS,0.055,0.043
655,32Nvl_L1_EW,32NVL_EW,0.007,0.007
655,32Nvl_L2_EW,32NVL_EW,0.008,0.008
655,32Nvl_L3_NS,NONE,0.134,0.0
655,32Nvl_L2_NS,32NVL_NS,0.126,0.116
655,NvcNvl_L3_NS,NONE,0.014,0.0
655,NvcNvl_L2_NS,NONE,0.013,0.0
655,NvcNvl_L1_EW,NVCNVL_EW,0.042,0.038
655,NvcNvl_L2_EW,NVCNVL_EW,0.039,0.039
655,32Mt_L1_EW,NONE,0.007,0.0
655,32Mt_L3_EW,NONE,0.009,0.0
655,NvcMt_L2_NS,NONE,0.005,0.0
655,NvcMt_L1_EW,NVCMT_EW,0.006,-0.023
655,NvcCmt8_L2_NS,NONE,0.011,0.0
655,NvcCmt8_L1_NS,NONE,0.008,0.0
655,304Nvl_L2_NS,304NVL_NS,0.015,-0.073
655,304Nvl_L3_EW,NONE,0.013,0.0
655,32Nvl_L2_NS,32NVL_NS,0.053,0.043
655,32Nvl_L3_EW,NONE,0.006,0.0
655,32Nvl_L1_NS,32NVL_NS,0.114,0.101
655,NvcNvl_L1_NS,NONE,0.017,0.0
655,NvcNvl_L3_EW,NONE,0.047,0.0
655,32Mt_L2_EW,NONE,0.008,0.0
655,NvcMt_L1_NS,NONE,0.005,0.0
655,NvcMt_L2_EW,NVCMT_EW,0.008,-0.019
660,304Nvl_L1_NS,304NVL_NS,0.018,-0.025
660,304Nvl_L3_NS,NONE,0.015,0.0
660,304Nvl_L1_EW,304NVL_EW,0.025,0.025
660,304Nvl_L2_EW,304NVL_EW,0.015,0.015
660,304Nvl_L1_NS,NONE,0.015,0.0
660,32Nvl_L3_NS,NONE,0.027,0.0
660,32Nvl_L1_NS,32NVL_NS,0.062,0.05
660,32Nvl_L1_EW,32NVL_EW,0.007,0.007
660,32Nvl_L2_EW,32NVL_EW,0.008,0.008
660,32Nvl_L3_NS,NONE,0.134,0.0
660,32Nvl_L2_NS,32NVL_NS,0.126,0.116
660,NvcNvl_L1_EW,NONE,0.011,0.0
660,NvcNvl_L2_EW,NONE,0.008,0.0
660,NvcNvl_L1_EW,NVCNVL_EW,0.035,0.035
660,NvcNvl_L2_EW,NVCNVL_EW,0.039,0.039
660,32Mt_L1_NS,NONE,0.01,0.0
660,NvcMt_L2_NS,NONE,0.005,0.0
660,304Nvl_L2_NS,304NVL_NS,0.015,-0.073
660,304Nvl_L3_EW,NONE,0.013,0.0
660,32Nvl_L2_NS,32NVL_NS,0.06,0.049
660,32Nvl_L3_EW,NONE,0.006,0.0
660,32Nvl_L1_NS,32NVL_NS,0.121,0.108
660,NvcNvl_L3_EW,NONE,0.006,0.0
660,NvcNvl_L3_EW,NONE,0.047,0.0
660,32Mt_L2_NS,NONE,0.009,0.0
660,NvcMt_L1_NS,NONE,0.005,0.0
665,304Nvl_L1_NS,304NVL_NS,0.027,-0.016
665,304Nvl_L3_NS,NONE,0.022,0.0
665,304Nvl_L1_EW,304NVL_EW,0.017,0.017
665,304Nvl_L2_EW,304NVL_EW,0.007,0.007
665,304Nvl_L1_EW,NONE,0.008,0.0
665,304Nvl_L2_EW,NONE,0.009,0.0
665,32Nvl_L3_NS,NONE,0.02,0.0
665,32Nvl_L1_NS,32NVL_NS,0.062,0.043
665,32Nvl_L1_EW,32NVL_EW,0.007,0.007
665,32Nvl_L2_EW,32NVL_EW,0.007,0.007
665,32Nvl_L3_NS,NONE,0.134,0.0
665,32Nvl_L2_NS,32NVL_NS,0.126,0.11
665,NvcNvl_L1_EW,NVCNVL_EW,0.007,0.007
665,32Mt_L1_EW,NONE,0.007,0.0
665,32Mt_L3_EW,NONE,0.009,0.0
665,32Mt_L1_NS,NONE,0.02,0.0
665,304Nvl_L2_NS,304NVL_NS,0.023,-0.066
665,304Nvl_L3_EW,NONE,0.006,0.0
665,304Nvl_L3_EW,NONE,0.008,0.0
665,32Nvl_L2_NS,32NVL_NS,0.06,0.044
665,32Nvl_L3_EW,NONE,0.006,0.0
665,32Nvl_L1_NS,32NVL_NS,0.114,0.095
665,32Mt_L2_EW,NONE,0.008,0.0
665,32Mt_L2_NS,NONE,0.009,0.0
670,304Nvl_L1_NS,304NVL_NS,0.027,-0.012
670,304Nvl_L3_NS,NONE,0.022,0.0
670,304Nvl_L1_EW,304NVL_EW,0.008,0.008
670,304Nvl_L1_NS,NONE,0.007,0.0
670,32Nvl_L3_NS,NONE,0.02,0.0
670,32Nvl_L1_NS,32NVL_NS,0.055,0.036
670,32Nvl_L3_NS,NONE,0.184,0.0
670,32Nvl_L2_NS,32NVL_NS,0.174,0.158
670,NvcNvl_L1_EW,NONE,0.053,0.0
670,NvcNvl_L2_EW,NONE,0.038,0.0
670,32Mt_L1_NS,32MT_NS,0.013,0.013
670,32Mt_L1_EW,NONE,0.007,0.0
670,32Mt_L3_EW,NONE,0.009,0.0
670,32Mt_L1_NS,NONE,0.01,0.0
670,304Nvl_L2_NS,304NVL_NS,0.023,-0.099
670,32Nvl_L2_NS,32NVL_NS,0.053,0.037
670,32Nvl_L1_NS,32NVL_NS,0.154,0.135
670,32Mt_L2_EW,NONE,0.008,0.0
670,32Mt_L2_NS,NONE,0.009,0.0
675,304Nvl_L1_NS,304NVL_NS,0.009,-0.03
675,304Nvl_L3_NS,NONE,0.007,0.0
675,304Nvl_L1_EW,304NVL_EW,0.008,0.008
675,32Nvl_L3_NS,NONE,0.014,0.0
675,32Nvl_L1_NS,32NVL_NS,0.055,0.049
675,32Nvl_L1_EW,32NVL_EW,0.007,0.007
675,32Nvl_L2_EW,32NVL_EW,0.007,0.007
675,32Nvl_L3_NS,NONE,0.2,0.0
675,32Nvl_L2_NS,32NVL_NS,0.19,0.184
675,NvcNvl_L3_NS,NONE,0.007,0.0
675,NvcNvl_L2_NS,NONE,0.007,0.0
675,NvcNvl_L1_EW,NONE,0.011,0.0
675,NvcNvl_L2_EW,NONE,0.008,0.0
675,32Mt_L1_NS,32MT_NS,0.006,0.006
675,32Mt_L1_EW,NONE,0.007,0.0
675,32Mt_L1_NS,NONE,0.01,0.0
675,304Nvl_L2_NS,304NVL_NS,0.008,-0.125
675,32Nvl_L2_NS,32NVL_NS,0.053,0.048
675,32Nvl_L1_NS,32NVL_NS,0.168,0.161
675,NvcNvl_L1_NS,NONE,0.009,0.0
675,NvcNvl_L3_EW,NONE,0.006,0.0
680,304Nvl_L1_NS,304NVL_NS,0.009,-0.001
680,304Nvl_L3_NS,NONE,0.007,0.0
680,304Nvl_L1_EW,304NVL_EW,0.017,0.017
680,304Nvl_L2_EW,304NVL_EW,0.007,0.007
680,32Nvl_L3_NS,NONE,0.007,0.0
680,32Nvl_L1_NS,32NVL_NS,0.014,0.008
680,32Nvl_L1_EW,32NVL_EW,0.007,-0.009
680,32Nvl_L2_EW,32NVL_EW,0.007,-0.002
680,32Nvl_L3_NS,NONE,0.117,0.0
680,32Nvl_L2_NS,32NVL_NS,0.111,0.105
680,NvcNvl_L1_EW,NONE,0.021,0.0
680,NvcNvl_L2_EW,NONE,0.015,0.0
680,32Mt_L1_NS,32MT_NS,0.006,0.006
680,32Mt_L1_EW,32MT_EW,0.014,0.014
680,32Thn_L1_EW,32THN_EW,0.008,0.008
680,32Thn_L2_EW,32THN_EW,0.008,0.008
680,32Thn_L3_EW,NONE,0.008,0.0
680,304Nvl_L2_NS,304NVL_NS,0.008,-0.07
680,304Nvl_L3_EW,NONE,0.006,0.0
680,32Nvl_L2_NS,32NVL_NS,0.013,0.008
680,32Nvl_L3_EW,NONE,0.006,0.0
680,32Nvl_L1_NS,32NVL_NS,0.094,0.088
680,NvcNvl_L3_EW,NONE,0.013,0.0
680,32Mt_L2_EW,32MT_EW,0.005,0.005
685,304Nvl_L1_EW,304NVL_EW,0.025,0.025
685,304Nvl_L2_EW,304NVL_EW,0.015,0.015
685,304Nvl_L1_NS,NONE,0.007,0.0
685,32Nvl_L3_NS,NONE,0.007,0.0
685,32Nvl_L1_NS,32NVL_NS,0.021,0.021
685,32Nvl_L1_EW,32NVL_EW,0.013,-0.002
685,32Nvl_L2_EW,32NVL_EW,0.007,-0.002
685,32Nvl_L3_NS,NONE,0.092,0.0
685,32Nvl_L2_NS,32NVL_NS,0.087,0.087
685,NvcNvl_L1_EW,NONE,0.011,0.0
685,NvcNvl_L2_EW,NONE,0.008,0.0
685,32Mt_L1_EW,32MT_EW,0.014,0.014
685,32Thn_L1_EW,32THN_EW,0.008,0.008
685,32Thn_L2_EW,32THN_EW,0.008,0.008
685,32Thn_L3_EW,NONE,0.008,0.0
685,304Nvl_L3_EW,NONE,0.013,0.0
685,32Nvl_L2_NS,32NVL_NS,0.013,0.013
685,32Nvl_L3_EW,NONE,0.006,0.0
685,32Nvl_L1_NS,32NVL_NS,0.114,0.114
685,32Mt_L2_EW,32MT_EW,0.005,0.005
690,304Nvl_L1_NS,NONE,0.007,0.0
690,32Nvl_L1_NS,32NVL_NS,0.035,0.035
690,32Nvl_L1_EW,32NVL_EW,0.013,-0.036
690,32Nvl_L2_EW,32NVL_EW,0.007,-0.033
690,32Nvl_L3_NS,NONE,0.067,0.0
690,32Nvl_L2_NS,32NVL_NS,0.063,0.063
690,NvcNvl_L1_EW,NVCNVL_EW,0.007,0.007
690,32Mt_L1_EW,NONE,0.007,0.0
690,32Mt_L3_EW,NONE,0.009,0.0
690,32Mt_L1_EW,32MT_EW,0.063,0.063
690,32Thn_L1_EW,32THN_EW,0.008,0.008
690,32Thn_L2_EW,32THN_EW,0.008,0.008
690,32Thn_L3_EW,NONE,0.008,0.0
690,32Nvl_L3_EW,NONE,0.006,0.0
690,32Nvl_L1_NS,32NVL_NS,0.094,0.094
690,32Mt_L2_EW,NONE,0.008,0.0
690,32Mt_L2_EW,32MT_EW,0.049,0.049
695,304Nvl_L1_NS,NONE,0.015,0.0
695,32Nvl_L1_NS,32NVL_NS,0.055,0.055
695,32Nvl_L1_EW,32NVL_EW,0.04,0.001
695,32Nvl_L2_EW,32NVL_EW,0.045,0.014
695,32Nvl_L3_NS,NONE,0.008,0.0
695,32Nvl_L2_NS,32NVL_NS,0.008,0.008
695,NvcNvl_L3_NS,NONE,0.041,0.0
695,NvcNvl_L2_NS,NONE,0.04,0.0
695,NvcNvl_L1_EW,NONE,0.053,0.0
695,NvcNvl_L2_EW,NONE,0.038,0.0
695,NvcNvl_L1_EW,NVCNVL_EW,0.007,0.007
695,32Mt_L1_EW,32MT_EW,0.056,0.056
695,32Thn_L1_EW,NONE,0.01,0.0
695,32Nvl_L2_NS,32NVL_NS,0.007,0.007
695,32Nvl_L3_EW,NONE,0.037,0.0
695,32Nvl_L1_NS,32NVL_NS,0.02,0.02
695,NvcNvl_L1_NS,NONE,0.052,0.0
695,NvcNvl_L3_EW,NONE,0.032,0.0
695,32Mt_L2_EW,32MT_EW,0.044,0.044
700,304Nvl_L1_EW,304NVL_EW,0.008,0.008
700,304Nvl_L2_EW,304NVL_EW,0.007,0.007
700,304Nvl_L1_EW,NONE,0.016,0.0
700,304Nvl_L1_NS,NONE,0.007,0.0
700,304Nvl_L2_EW,NONE,0.009,0.0
700,32Nvl_L1_NS,32NVL_NS,0.014,0.014
700,32Nvl_L1_EW,32NVL_EW,0.04,0.035
700,32Nvl_L2_EW,32NVL_EW,0.045,0.041
700,NvcNvl_L3_NS,NONE,0.007,0.0
700,NvcNvl_L2_NS,NONE,0.007,0.0
700,NvcNvl_L1_EW,NONE,0.021,0.0
700,NvcNvl_L2_EW,NONE,0.015,0.0
700,NvcNvl_L1_EW,NVCNVL_EW,0.007,0.007
700,32Mt_L1_EW,32MT_EW,0.007,0.007
700,32Thn_L1_EW,NONE,0.01,0.0
700,304Nvl_L3_EW,NONE,0.006,0.0
700,304Nvl_L3_EW,NONE,0.008,0.0
700,32Nvl_L3_EW,NONE,0.037,0.0
700,NvcNvl_L1_NS,NONE,0.009,0.0
700,NvcNvl_L3_EW,NONE,0.013,0.0
700,32Mt_L2_EW,32MT_EW,0.005,0.005
705,304Nvl_L1_EW,304NVL_EW,0.008,0.008
705,304Nvl_L2_EW,304NVL_EW,0.007,0.007
705,304Nvl_L1_EW,NONE,0.008,0.0
705,32Nvl_L1_NS,32NVL_NS,0.014,0.014
705,32Nvl_L1_EW,32NVL_EW,0.04,0.04
705,32Nvl_L2_EW,32NVL_EW,0.045,0.045
705,32Nvl_L3_NS,NONE,0.008,0.0
705,32Nvl_L2_NS,32NVL_NS,0.008,0.008
705,32Mt_L1_NS,NONE,0.01,0.0
705,304Nvl_L3_EW,NONE,0.006,0.0
705,32Nvl_L3_EW,NONE,0.037,0.0
705,32Nvl_L1_NS,32NVL_NS,0.007,0.007
710,304Nvl_L1_EW,304NVL_EW,0.008,0.008
710,304Nvl_L1_NS,NONE,0.007,0.0
710,32Nvl_L1_NS,32NVL_NS,0.007,-0.002
710,32Nvl_L1_EW,32NVL_EW,0.04,0.04
710,32Nvl_L2_EW,32NVL_EW,0.045,0.045
710,32Nvl_L3_NS,NONE,0.042,0.0
710,32Nvl_L2_NS,32NVL_NS,0.039,0.039
710,NvcNvl_L3_NS,NONE,0.007,0.0
710,NvcNvl_L2_NS,NONE,0.007,0.0
710,NvcNvl_L1_EW,NONE,0.053,0.0
710,NvcNvl_L2_EW,NONE,0.038,0.0
710,NvcNvl_L1_NS,NVCNVL_NS,0.013,0.008
710,32Mt_L1_NS,32MT_NS,0.031,0.031
710,32Mt_L1_EW,NONE,0.007,0.0
710,32Mt_L1_NS,NONE,0.01,0.0
710,NvcMt_L1_EW,NVCMT_EW,0.006,0.006
710,32Nvl_L3_EW,NONE,0.037,0.0
710,32Nvl_L1_NS,32NVL_NS,0.04,0.031
710,NvcNvl_L1_NS,NONE,0.009,0.0
710,NvcMt_L2_EW,NVCMT_EW,0.008,0.008
715,304Nvl_L1_NS,NONE,0.015,0.0
715,304Nvl_L3_NS,NONE,0.008,0.0
715,32Nvl_L3_NS,NONE,0.014,0.0
715,32Nvl_L1_NS,32NVL_NS,0.014,0.014
715,32Nvl_L1_EW,32NVL_EW,0.04,0.04
715,32Nvl_L2_EW,32NVL_EW,0.045,0.045
715,NvcNvl_L3_NS,NONE,0.007,0.0
715,NvcNvl_L2_NS,NONE,0.007,0.0
715,NvcNvl_L1_EW,NONE,0.053,0.0
715,NvcNvl_L2_EW,NONE,0.038,0.0
715,32Mt_L1_NS,32MT_NS,0.038,0.038
715,NvcMt_L1_EW,NVCMT_EW,0.013,0.013
715,304Nvl_L2_NS,NONE,0.007,0.0
715,32Nvl_L2_NS,32NVL_NS,0.013,0.013
715,32Nvl_L3_EW,NONE,0.037,0.0
715,32Nvl_L1_NS,32NVL_NS,0.013,0.013
715,NvcNvl_L1_NS,NONE,0.009,0.0
715,NvcNvl_L3_EW,NONE,0.032,0.0
715,NvcMt_L2_EW,NVCMT_EW,0.016,0.016
720,304Nvl_L1_NS,NONE,0.036,0.0
720,304Nvl_L3_NS,NONE,0.04,0.0
720,32Nvl_L3_NS,NONE,0.007,0.0
720,32Nvl_L1_NS,32NVL_NS,0.021,0.021
720,32Nvl_L1_EW,32NVL_EW,0.04,0.035
720,32Nvl_L2_EW,32NVL_EW,0.045,0.041
720,32Nvl_L3_NS,NONE,0.008,0.0
720,32Nvl_L2_NS,32NVL_NS,0.008,0.008
720,NvcNvl_L3_NS,NONE,0.041,0.0
720,NvcNvl_L2_NS,NONE,0.04,0.0
720,NvcNvl_L1_EW,NVCNVL_EW,0.007,-0.002
720,NvcNvl_L2_EW,NVCNVL_EW,0.008,0.008
720,32Mt_L1_NS,32MT_NS,0.038,0.038
720,32Mt_L1_EW,NONE,0.007,0.0
720,32Mt_L3_EW,NONE,0.009,0.0
720,32Mt_L1_EW,32MT_EW,0.007,0.007
720,NvcMt_L1_EW,NVCMT_EW,0.013,0.008
720,304Nvl_L2_NS,NONE,0.037,0.0
720,32Nvl_L2_NS,32NVL_NS,0.013,0.013
720,32Nvl_L3_EW,NONE,0.037,0.0
720,32Nvl_L1_NS,32NVL_NS,0.013,0.013
720,NvcNvl_L1_NS,NONE,0.052,0.0
720,NvcNvl_L3_EW,NONE,0.009,0.0
720,32Mt_L2_EW,NONE,0.008,0.0
720,32Mt_L2_EW,32MT_EW,0.005,0.005
720,NvcMt_L2_EW,NVCMT_EW,0.016,0.01
725,304Nvl_L1_NS,NONE,0.015,0.0
725,304Nvl_L3_NS,NONE,0.016,0.0
725,32Nvl_L1_EW,32NVL_EW,0.047,-0.012
725,32Nvl_L2_EW,32NVL_EW,0.045,-0.001
725,32Nvl_L3_NS,NONE,0.008,0.0
725,32Nvl_L2_NS,32NVL_NS,0.008,0.008
725,NvcNvl_L1_EW,NVCNVL_EW,0.014,0.005
725,NvcNvl_L2_EW,NVCNVL_EW,0.016,0.016
725,32Mt_L1_NS,32MT_NS,0.006,0.006
725,32Mt_L1_EW,32MT_EW,0.084,0.084
725,NvcMt_L1_EW,NVCMT_EW,0.013,0.003
725,NvcCmt8_L1_NS,NONE,0.039,0.0
725,304Nvl_L2_NS,NONE,0.015,0.0
725,32Nvl_L3_EW,NONE,0.037,0.0
725,32Nvl_L1_NS,32NVL_NS,0.007,0.007
725,NvcNvl_L3_EW,NONE,0.019,0.0
725,32Mt_L2_EW,32MT_EW,0.065,0.065
725,NvcMt_L2_EW,NVCMT_EW,0.016,0.005
730,304Nvl_L1_EW,304NVL_EW,0.051,0.051
730,304Nvl_L2_EW,304NVL_EW,0.036,0.036
730,304Nvl_L1_NS,NONE,0.015,0.0
730,304Nvl_L3_NS,NONE,0.016,0.0
730,32Nvl_L1_NS,32NVL_NS,0.007,0.007
730,32Nvl_L1_EW,32NVL_EW,0.085,0.017
730,32Nvl_L2_EW,32NVL_EW,0.093,0.043
730,32Nvl_L1_EW,32NVL_EW,0.047,-0.021
730,32Nvl_L2_EW,32NVL_EW,0.045,-0.005
730,32Nvl_L3_NS,NONE,0.008,0.0
730,32Nvl_L2_NS,32NVL_NS,0.008,0.008
730,NvcNvl_L3_NS,NONE,0.007,0.0
730,NvcNvl_L2_NS,NONE,0.007,0.0
730,NvcNvl_L1_EW,NVCNVL_EW,0.028,0.028
730,NvcNvl_L2_EW,NVCNVL_EW,0.023,0.023
730,32Mt_L1_EW,32MT_EW,0.098,0.038
730,NvcCmt8_L2_NS,NONE,0.054,0.0
730,NvcCmt8_L1_NS,NONE,0.039,0.0
730,304Nvl_L3_EW,NONE,0.032,0.0
730,304Nvl_L2_NS,NONE,0.015,0.0
730,32Nvl_L2_NS,32NVL_NS,0.007,0.007
730,32Nvl_L3_EW,NONE,0.037,0.0
730,32Nvl_L3_EW,NONE,0.075,0.0
730,32Nvl_L1_NS,32NVL_NS,0.007,0.007
730,NvcNvl_L1_NS,NONE,0.009,0.0
730,NvcNvl_L3_EW,NONE,0.028,0.0
730,32Mt_L2_EW,32MT_EW,0.071,0.006
735,304Nvl_L1_EW,304NVL_EW,0.059,0.059
735,304Nvl_L2_EW,304NVL_EW,0.044,0.044
735,32Nvl_L1_NS,32NVL_NS,0.014,0.014
735,32Nvl_L1_EW,32NVL_EW,0.099,0.093
735,32Nvl_L2_EW,32NVL_EW,0.108,0.102
735,32Nvl_L1_EW,32NVL_EW,0.04,0.035
735,32Nvl_L2_EW,32NVL_EW,0.045,0.039
735,NvcNvl_L1_EW,NVCNVL_EW,0.035,0.035
735,NvcNvl_L2_EW,NVCNVL_EW,0.031,0.031
735,32Mt_L1_NS,32MT_NS,0.006,0.006
735,32Thn_L1_EW,32THN_EW,0.008,-0.061
735,32Thn_L2_EW,32THN_EW,0.008,-0.067
735,32Thn_L3_EW,NONE,0.008,0.0
735,304Nvl_L3_EW,NONE,0.038,0.0
735,32Nvl_L2_NS,32NVL_NS,0.007,0.007
735,32Nvl_L3_EW,NONE,0.037,0.0
735,32Nvl_L3_EW,NONE,0.088,0.0
735,NvcNvl_L3_EW,NONE,0.037,0.0
735,32Mt_L2_NS,32MT_NS,0.006,0.006
740,304Nvl_L1_EW,304NVL_EW,0.008,0.008
740,304Nvl_L1_NS,NONE,0.007,0.0
740,304Nvl_L3_NS,NONE,0.008,0.0
740,32Nvl_L1_NS,32NVL_NS,0.007,0.007
740,32Nvl_L1_EW,32NVL_EW,0.092,0.063
740,32Nvl_L2_EW,32NVL_EW,0.1,0.078
740,32Nvl_L1_EW,32NVL_EW,0.04,0.011
740,32Nvl_L2_EW,32NVL_EW,0.045,0.022
740,32Nvl_L3_NS,NONE,0.008,0.0
740,32Nvl_L2_NS,32NVL_NS,0.008,0.008
740,NvcNvl_L3_NS,NONE,0.007,0.0
740,NvcNvl_L2_NS,NONE,0.007,0.0
740,NvcNvl_L1_EW,NVCNVL_EW,0.007,0.007
740,32Mt_L1_NS,32MT_NS,0.006,0.001
740,32Mt_L1_EW,32MT_EW,0.042,-0.023
740,NvcMt_L2_NS,NONE,0.005,0.0
740,NvcMt_L1_NS,NVCMT_NS,0.007,0.002
740,32Thn_L1_EW,NONE,0.01,0.0
740,304Nvl_L2_NS,NONE,0.007,0.0
740,32Nvl_L2_NS,32NVL_NS,0.007,0.007
740,32Nvl_L3_EW,NONE,0.037,0.0
740,32Nvl_L3_EW,NONE,0.081,0.0
740,32Nvl_L1_NS,32NVL_NS,0.007,0.007
740,NvcNvl_L1_NS,NONE,0.009,0.0
740,32Mt_L2_NS,32MT_NS,0.006,0.003
740,32Mt_L2_EW,32MT_EW,0.033,-0.038
740,NvcMt_L1_NS,NONE,0.005,0.0
740,NvcMt_L2_NS,NVCMT_NS,0.005,0.001
745,304Nvl_L1_NS,NONE,0.036,0.0
745,32Nvl_L1_EW,32NVL_EW,0.085,0.075
745,32Nvl_L2_EW,32NVL_EW,0.093,0.085
745,32Nvl_L1_EW,32NVL_EW,0.04,0.031
745,32Nvl_L2_EW,32NVL_EW,0.045,0.037
745,32Nvl_L3_NS,NONE,0.008,0.0
745,32Nvl_L2_NS,32NVL_NS,0.008,0.008
745,NvcNvl_L1_EW,NONE,0.011,0.0
745,NvcNvl_L2_EW,NONE,0.008,0.0
745,32Mt_L1_NS,32MT_NS,0.006,0.001
745,32Mt_L1_EW,NONE,0.086,0.0
745,32Mt_L1_EW,32MT_EW,0.014,-0.045
745,32Mt_L1_NS,NONE,0.02,0.0
745,NvcMt_L1_NS,NVCMT_NS,0.007,0.002
745,32Thn_L1_EW,NONE,0.01,0.0
745,32Thn_L2_EW,NONE,0.01,0.0
745,32Thn_L3_EW,NONE,0.007,0.0
745,32Nvl_L3_EW,NONE,0.037,0.0
745,32Nvl_L3_EW,NONE,0.075,0.0
745,32Nvl_L1_NS,32NVL_NS,0.02,0.02
745,NvcNvl_L3_EW,NONE,0.006,0.0
745,32Mt_L2_NS,32MT_NS,0.006,0.003
745,32Mt_L2_EW,32MT_EW,0.011,-0.054
745,32Mt_L2_NS,NONE,0.017,0.0
745,NvcMt_L1_EW,NVCMT_EW,0.006,0.006
745,NvcMt_L2_NS,NVCMT_NS,0.005,0.001
750,304Nvl_L1_EW,304NVL_EW,0.008,0.008
750,304Nvl_L1_NS,NONE,0.007,0.0
750,304Nvl_L3_NS,NONE,0.008,0.0
750,32Nvl_L1_EW,32NVL_EW,0.099,0.093
750,32Nvl_L2_EW,32NVL_EW,0.108,0.108
750,32Nvl_L1_EW,32NVL_EW,0.04,0.035
750,32Nvl_L2_EW,32NVL_EW,0.045,0.045
750,32Mt_L1_NS,32MT_NS,0.031,0.027
750,32Mt_L1_EW,NONE,0.086,0.0
750,32Mt_L1_NS,NONE,0.01,0.0
750,NvcMt_L1_NS,NVCMT_NS,0.007,-0.015
750,32Thn_L1_EW,32THN_EW,0.008,-0.061
750,304Nvl_L2_NS,NONE,0.007,0.0
750,32Nvl_L3_EW,NONE,0.037,0.0
750,32Nvl_L3_EW,NONE,0.088,0.0
750,32Nvl_L1_NS,32NVL_NS,0.007,0.007
750,32Mt_L2_NS,NONE,0.009,0.0
750,NvcMt_L2_NS,NVCMT_NS,0.005,0.005
755,304Nvl_L1_EW,304NVL_EW,0.017,0.017
755,304Nvl_L2_EW,304NVL_EW,0.007,0.007
755,32Nvl_L1_EW,32NVL_EW,0.085,0.08
755,32Nvl_L2_EW,32NVL_EW,0.1,0.097
755,32Nvl_L1_EW,32NVL_EW,0.04,0.035
755,32Nvl_L2_EW,32NVL_EW,0.045,0.041
755,32Nvl_L3_NS,NONE,0.017,0.0
755,32Nvl_L2_NS,32NVL_NS,0.016,0.016
755,32Mt_L1_NS,32MT_NS,0.044,0.039
755,32Mt_L1_EW,NONE,0.007,0.0
755,32Mt_L1_EW,32MT_EW,0.007,-0.052
755,NvcMt_L1_NS,NVCMT_NS,0.007,-0.024
755,304Nvl_L3_EW,NONE,0.006,0.0
755,32Nvl_L3_EW,NONE,0.037,0.0
755,32Nvl_L3_EW,NONE,0.081,0.0
755,32Nvl_L1_NS,32NVL_NS,0.013,0.013
755,32Mt_L2_EW,32MT_EW,0.005,-0.065
755,NvcMt_L2_NS,NVCMT_NS,0.005,0.005
760,304Nvl_L1_EW,304NVL_EW,0.017,0.017
760,304Nvl_L2_EW,304NVL_EW,0.007,0.007
760,304Nvl_L1_NS,NONE,0.007,0.0
760,304Nvl_L3_NS,NONE,0.008,0.0
760,32Nvl_L1_EW,32NVL_EW,0.085,0.08
760,32Nvl_L2_EW,32NVL_EW,0.093,0.089
760,32Nvl_L1_EW,32NVL_EW,0.047,0.042
760,32Nvl_L2_EW,32NVL_EW,0.052,0.048
760,32Nvl_L3_NS,NONE,0.008,0.0
760,32Nvl_L2_NS,32NVL_NS,0.008,0.008
760,NvcNvl_L3_NS,NONE,0.007,0.0
760,NvcNvl_L2_NS,NONE,0.007,0.0
760,NvcNvl_L1_EW,NVCNVL_EW,0.007,0.007
760,NvcNvl_L2_EW,NVCNVL_EW,0.008,0.008
760,32Mt_L1_NS,32MT_NS,0.044,0.039
760,32Mt_L1_EW,NONE,0.05,0.0
760,32Mt_L3_EW,NONE,0.053,0.0
760,32Mt_L1_EW,32MT_EW,0.007,-0.052
760,32Mt_L1_NS,NONE,0.01,0.0
760,NvcMt_L1_NS,NVCMT_NS,0.007,-0.024
760,304Nvl_L3_EW,NONE,0.006,0.0
760,304Nvl_L2_NS,NONE,0.007,0.0
760,32Nvl_L3_EW,NONE,0.043,0.0
760,32Nvl_L3_EW,NONE,0.075,0.0
760,32Nvl_L1_NS,32NVL_NS,0.013,0.013
760,NvcNvl_L1_NS,NONE,0.009,0.0
760,NvcNvl_L3_EW,NONE,0.009,0.0
760,32Mt_L2_EW,NONE,0.045,0.0
760,32Mt_L2_EW,32MT_EW,0.005,-0.059
760,NvcMt_L2_NS,NVCMT_NS,0.005,0.005
765,304Thn_L1_EW,NONE,0.007,0.0
765,304Thn_L2_EW,NONE,0.008,0.0
765,32Nvl_L1_EW,32NVL_EW,0.085,0.08
765,32Nvl_L2_EW,32NVL_EW,0.093,0.089
765,32Nvl_L1_EW,32NVL_EW,0.047,0.042
765,32Nvl_L2_EW,32NVL_EW,0.052,0.048
765,32Mt_L1_NS,32MT_NS,0.013,0.008
765,32Mt_L1_EW,NONE,0.014,0.0
765,32Mt_L3_EW,NONE,0.018,0.0
765,32Mt_L1_EW,32MT_EW,0.007,-0.052
765,NvcMt_L1_NS,NVCMT_NS,0.007,-0.002
765,32Nvl_L3_EW,NONE,0.043,0.0
765,32Nvl_L3_EW,NONE,0.075,0.0
765,32Nvl_L1_NS,32NVL_NS,0.007,0.007
765,32Mt_L2_EW,NONE,0.015,0.0
765,32Mt_L2_EW,32MT_EW,0.005,-0.059
765,NvcMt_L2_NS,NVCMT_NS,0.005,0.005
765,304Thn_L3_EW,NONE,0.008,0.0
770,304Thn_L1_EW,NONE,0.007,0.0
770,304Nvl_L1_EW,304NVL_EW,0.008,0.008
770,32Nvl_L1_EW,32NVL_EW,0.085,0.085
770,32Nvl_L2_EW,32NVL_EW,0.093,0.093
770,32Nvl_L1_EW,32NVL_EW,0.047,0.047
770,32Nvl_L2_EW,32NVL_EW,0.052,0.052
770,32Nvl_L3_NS,NONE,0.008,0.0
770,32Nvl_L2_NS,32NVL_NS,0.008,0.008
770,NvcNvl_L2_NS,NONE,0.007,0.0
770,NvcNvl_L1_EW,NONE,0.021,0.0
770,NvcNvl_L2_EW,NONE,0.015,0.0
770,32Mt_L1_EW,NONE,0.014,0.0
770,32Mt_L3_EW,NONE,0.009,0.0
770,32Mt_L1_NS,NONE,0.049,0.0
770,NvcMt_L1_NS,NVCMT_NS,0.007,0.007
770,32Nvl_L3_EW,NONE,0.043,0.0
770,32Nvl_L3_EW,NONE,0.075,0.0
770,32Nvl_L1_NS,32NVL_NS,0.013,0.013
770,NvcNvl_L1_NS,NONE,0.009,0.0
770,NvcNvl_L3_EW,NONE,0.006,0.0
770,32Mt_L2_EW,NONE,0.008,0.0
770,NvcMt_L2_NS,NVCMT_NS,0.005,0.005
775,304Thn_L1_EW,304THN_EW,0.008,-0.004
775,304Nvl_L1_EW,304NVL_EW,0.017,0.011
775,304Nvl_L2_EW,304NVL_EW,0.015,0.015
775,32Nvl_L1_EW,32NVL_EW,0.085,0.08
775,32Nvl_L2_EW,32NVL_EW,0.093,0.089
775,32Nvl_L1_EW,32NVL_EW,0.047,0.042
775,32Nvl_L2_EW,32NVL_EW,0.052,0.048
775,32Mt_L1_NS,32MT_NS,0.006,0.001
775,32Mt_L1_EW,32MT_EW,0.007,-0.052
775,32Mt_L1_NS,NONE,0.01,0.0
775,NvcMt_L2_NS,NONE,0.005,0.0
775,NvcMt_L1_NS,NVCMT_NS,0.007,0.002
775,304Nvl_L3_EW,NONE,0.013,0.0
775,32Nvl_L3_EW,NONE,0.043,0.0
775,32Nvl_L3_EW,NONE,0.075,0.0
775,32Nvl_L1_NS,32NVL_NS,0.007,0.007
775,32Mt_L2_EW,32MT_EW,0.005,-0.059
775,NvcMt_L1_NS,NONE,0.005,0.0
775,NvcMt_L2_NS,NVCMT_NS,0.005,0.005
780,304Nvl_L1_EW,304NVL_EW,0.008,0.008
780,304Nvl_L2_EW,304NVL_EW,0.007,0.007
780,32Nvl_L3_NS,NONE,0.034,0.0
780,32Nvl_L1_NS,32NVL_NS,0.035,0.035
780,NvcNvl_L1_EW,NVCNVL_EW,0.007,0.007
780,32Mt_L1_NS,32MT_NS,0.006,0.001
780,32Mt_L1_EW,32MT_EW,0.007,0.007
780,32Mt_L1_NS,NONE,0.01,0.0
780,NvcMt_L2_NS,NONE,0.005,0.0
780,NvcMt_L1_NS,NVCMT_NS,0.007,0.002
780,304Nvl_L3_EW,NONE,0.006,0.0
780,32Nvl_L2_NS,32NVL_NS,0.033,0.033
780,32Mt_L2_EW,32MT_EW,0.005,0.005
780,NvcMt_L1_NS,NONE,0.005,0.0
780,NvcMt_L2_NS,NVCMT_NS,0.005,0.005
785,304Nvl_L1_EW,304NVL_EW,0.025,0.025
785,304Nvl_L2_EW,304NVL_EW,0.015,0.015
785,32Nvl_L3_NS,NONE,0.007,0.0
785,32Nvl_L1_NS,32NVL_NS,0.042,0.042
785,32Nvl_L1_EW,32NVL_EW,0.007,0.007
785,32Nvl_L2_EW,32NVL_EW,0.008,0.008
785,32Nvl_L3_NS,NONE,0.008,0.0
785,32Nvl_L2_NS,32NVL_NS,0.008,0.008
785,NvcNvl_L3_NS,NONE,0.014,0.0
785,NvcNvl_L2_NS,NONE,0.013,0.0
785,32Mt_L1_NS,32MT_NS,0.006,0.001
785,NvcMt_L2_NS,NONE,0.005,0.0
785,NvcMt_L1_NS,NVCMT_NS,0.007,0.002
785,32Thn_L1_EW,NONE,0.01,0.0
785,32Thn_L2_EW,NONE,0.01,0.0
785,32Thn_L3_EW,NONE,0.007,0.0
785,304Nvl_L3_EW,NONE,0.013,0.0
785,32Nvl_L2_NS,32NVL_NS,0.04,0.04
785,32Nvl_L3_EW,NONE,0.006,0.0
785,32Nvl_L1_NS,32NVL_NS,0.087,0.087
785,NvcNvl_L1_NS,NONE,0.017,0.0
785,NvcMt_L1_NS,NONE,0.005,0.0
785,NvcMt_L2_NS,NVCMT_NS,0.005,0.005
790,304Nvl_L1_EW,304NVL_EW,0.034,0.034
790,304Nvl_L2_EW,304NVL_EW,0.022,0.022
790,32Nvl_L1_NS,32NVL_NS,0.035,0.035
790,32Nvl_L1_EW,32NVL_EW,0.007,0.001
790,32Nvl_L2_EW,32NVL_EW,0.008,0.008
790,32Nvl_L1_EW,32NVL_EW,0.007,0.001
790,32Nvl_L2_EW,32NVL_EW,0.007,0.007
790,32Nvl_L3_NS,NONE,0.017,0.0
790,32Nvl_L2_NS,32NVL_NS,0.016,0.016
790,NvcNvl_L3_NS,NONE,0.014,0.0
790,NvcNvl_L2_NS,NONE,0.013,0.0
790,32Mt_L1_NS,32MT_NS,0.006,0.006
790,32Mt_L1_NS,NONE,0.01,0.0
790,32Thn_L1_EW,32THN_EW,0.008,0.003
790,304Nvl_L3_EW,NONE,0.019,0.0
790,32Nvl_L2_NS,32NVL_NS,0.033,0.033
790,32Nvl_L3_EW,NONE,0.006,0.0
790,32Nvl_L3_EW,NONE,0.006,0.0
790,32Nvl_L1_NS,32NVL_NS,0.094,0.094
790,NvcNvl_L1_NS,NONE,0.017,0.0
790,32Mt_L2_NS,NONE,0.009,0.0
795,304Nvl_L1_EW,304NVL_EW,0.042,0.042
795,304Nvl_L2_EW,304NVL_EW,0.029,0.029
795,32Nvl_L1_EW,32NVL_EW,0.007,0.007
795,32Nvl_L2_EW,32NVL_EW,0.008,0.008
795,32Nvl_L1_EW,32NVL_EW,0.007,0.007
795,32Nvl_L2_EW,32NVL_EW,0.007,0.007
795,32Nvl_L3_NS,NONE,0.008,0.0
795,32Nvl_L2_NS,32NVL_NS,0.008,0.008
795,NvcNvl_L3_NS,NONE,0.007,0.0
795,NvcNvl_L2_NS,NONE,0.013,0.0
795,NvcNvl_L1_EW,NONE,0.011,0.0
795,NvcNvl_L2_EW,NONE,0.008,0.0
795,32Mt_L1_NS,32MT_NS,0.006,0.006
795,304Nvl_L3_EW,NONE,0.025,0.0
795,32Nvl_L3_EW,NONE,0.006,0.0
795,32Nvl_L3_EW,NONE,0.006,0.0
795,32Nvl_L1_NS,32NVL_NS,0.094,0.094
795,NvcNvl_L1_NS,NONE,0.017,0.0
795,NvcMt_L1_EW,NVCMT_EW,0.006,0.006
800,304Nvl_L1_EW,304NVL_EW,0.034,0.034
800,304Nvl_L2_EW,304NVL_EW,0.029,0.029
800,32Nvl_L1_EW,32NVL_EW,0.007,0.007
800,32Nvl_L2_EW,32NVL_EW,0.008,0.008
800,32Nvl_L1_EW,32NVL_EW,0.007,0.007
800,32Nvl_L2_EW,32NVL_EW,0.007,0.007
800,NvcNvl_L3_NS,NONE,0.007,0.0
800,NvcNvl_L2_NS,NONE,0.007,0.0
800,32Mt_L1_NS,32MT_NS,0.006,0.006
800,32Mt_L1_EW,NONE,0.014,0.0
800,32Mt_L3_EW,NONE,0.018,0.0
800,32Mt_L1_NS,NONE,0.01,0.0
800,304Nvl_L3_EW,NONE,0.025,0.0
800,32Nvl_L3_EW,NONE,0.006,0.0
800,32Nvl_L3_EW,NONE,0.006,0.0
800,32Nvl_L1_NS,32NVL_NS,0.007,0.007
800,NvcNvl_L1_NS,NONE,0.009,0.0
800,32Mt_L2_EW,NONE,0.015,0.0
800,32Mt_L2_NS,NONE,0.009,0.0
805,304Nvl_L1_EW,304NVL_EW,0.034,0.034
805,304Nvl_L2_EW,304NVL_EW,0.029,0.029
805,32Nvl_L1_EW,32NVL_EW,0.007,0.007
805,32Nvl_L2_EW,32NVL_EW,0.008,0.008
805,32Nvl_L1_EW,32NVL_EW,0.007,0.007
805,32Nvl_L2_EW,32NVL_EW,0.007,0.007
805,32Nvl_L3_NS,NONE,0.008,0.0
805,32Nvl_L2_NS,32NVL_NS,0.008,0.008
805,32Mt_L1_NS,32MT_NS,0.006,0.006
805,32Mt_L1_NS,NONE,0.02,0.0
805,NvcCmt8_L2_NS,NONE,0.011,0.0
805,NvcCmt8_L1_NS,NONE,0.008,0.0
805,304Nvl_L3_EW,NONE,0.025,0.0
805,32Nvl_L3_EW,NONE,0.006,0.0
805,32Nvl_L3_EW,NONE,0.006,0.0
805,32Nvl_L1_NS,32NVL_NS,0.04,0.04
805,32Mt_L2_NS,NONE,0.009,0.0
810,304Nvl_L1_EW,304NVL_EW,0.034,0.034
810,304Nvl_L2_EW,304NVL_EW,0.029,0.029
810,32Nvl_L1_NS,32NVL_NS,0.007,0.007
810,32Nvl_L1_EW,32NVL_EW,0.007,0.002
810,32Nvl_L2_EW,32NVL_EW,0.008,0.008
810,32Nvl_L1_EW,32NVL_EW,0.007,0.002
810,32Nvl_L2_EW,32NVL_EW,0.007,0.007
810,32Mt_L1_EW,NONE,0.014,0.0
810,32Mt_L3_EW,NONE,0.018,0.0
810,32Mt_L1_EW,32MT_EW,0.007,0.002
810,304Nvl_L3_EW,NONE,0.025,0.0
810,32Nvl_L3_EW,NONE,0.006,0.0
810,32Nvl_L3_EW,NONE,0.006,0.0
810,32Nvl_L1_NS,32NVL_NS,0.047,0.047
810,32Mt_L2_EW,NONE,0.015,0.0
815,304Nvl_L1_EW,304NVL_EW,0.025,0.025
815,304Nvl_L2_EW,304NVL_EW,0.022,0.022
815,32Nvl_L1_NS,32NVL_NS,0.007,0.007
815,32Nvl_L1_EW,32NVL_EW,0.007,-0.003
815,32Nvl_L2_EW,32NVL_EW,0.008,0.004
815,32Nvl_L1_EW,32NVL_EW,0.007,-0.003
815,32Nvl_L2_EW,32NVL_EW,0.007,0.004
815,32Nvl_L3_NS,NONE,0.008,0.0
815,32Nvl_L2_NS,32NVL_NS,0.008,0.008
815,NvcNvl_L3_NS,NONE,0.007,0.0
815,NvcNvl_L2_NS,NONE,0.007,0.0
815,32Mt_L1_EW,NONE,0.007,0.0
815,32Mt_L3_EW,NONE,0.009,0.0
815,32Mt_L1_EW,32MT_EW,0.014,0.009
815,NvcMt_L1_EW,NVCMT_EW,0.006,0.006
815,NvcCmt8_L2_NS,NONE,0.012,0.0
815,304Nvl_L3_EW,NONE,0.019,0.0
815,32Nvl_L3_EW,NONE,0.006,0.0
815,32Nvl_L3_EW,NONE,0.006,0.0
815,32Nvl_L1_NS,32NVL_NS,0.013,0.013
815,NvcNvl_L1_NS,NONE,0.009,0.0
815,32Mt_L2_EW,NONE,0.008,0.0
815,32Mt_L2_EW,32MT_EW,0.005,0.0
815,NvcMt_L2_EW,NVCMT_EW,0.008,0.008
815,NvcCmt8_L1_NS,NONE,0.011,0.0
820,304Nvl_L1_EW,304NVL_EW,0.025,0.025
820,304Nvl_L2_EW,304NVL_EW,0.022,0.022
820,32Nvl_L1_EW,32NVL_EW,0.007,-0.008
820,32Nvl_L2_EW,32NVL_EW,0.008,0.0
820,32Nvl_L1_EW,32NVL_EW,0.007,-0.008
820,32Nvl_L2_EW,32NVL_EW,0.007,0.0
820,NvcNvl_L3_NS,NONE,0.014,0.0
820,NvcNvl_L2_NS,NONE,0.013,0.0
820,NvcNvl_L1_EW,NONE,0.011,0.0
820,NvcNvl_L2_EW,NONE,0.008,0.0
820,32Mt_L1_EW,32MT_EW,0.021,0.016
820,NvcMt_L1_EW,NVCMT_EW,0.006,0.006
820,304Nvl_L3_EW,NONE,0.019,0.0
820,32Nvl_L3_EW,NONE,0.006,0.0
820,32Nvl_L3_EW,NONE,0.006,0.0
820,NvcNvl_L1_NS,NONE,0.017,0.0
820,32Mt_L2_EW,32MT_EW,0.011,0.005
820,NvcMt_L2_EW,NVCMT_EW,0.008,0.008
825,304Nvl_L1_EW,304NVL_EW,0.034,0.034
825,304Nvl_L2_EW,304NVL_EW,0.029,0.029
825,304Nvl_L1_NS,NONE,0.007,0.0
825,32Nvl_L1_EW,32NVL_EW,0.014,0.0
825,32Nvl_L2_EW,32NVL_EW,0.015,0.008
825,32Nvl_L1_EW,32NVL_EW,0.007,-0.008
825,32Nvl_L2_EW,32NVL_EW,0.007,0.0
825,NvcNvl_L3_NS,NONE,0.007,0.0
825,NvcNvl_L2_NS,NONE,0.007,0.0
825,32Mt_L1_EW,32MT_EW,0.021,0.011
825,32Mt_L1_NS,NONE,0.02,0.0
825,NvcMt_L1_EW,NVCMT_EW,0.006,0.006
825,304Nvl_L3_EW,NONE,0.019,0.0
825,32Nvl_L3_EW,NONE,0.006,0.0
825,32Nvl_L3_EW,NONE,0.013,0.0
825,NvcNvl_L1_NS,NONE,0.009,0.0
825,32Mt_L2_EW,32MT_EW,0.011,0.0
825,32Mt_L2_NS,NONE,0.009,0.0
825,NvcMt_L2_EW,NVCMT_EW,0.008,0.008
830,304Nvl_L1_NS,304NVL_NS,0.009,0.009
830,304Nvl_L3_NS,NONE,0.007,0.0
830,304Nvl_L1_EW,304NVL_EW,0.059,0.059
830,304Nvl_L2_EW,304NVL_EW,0.051,0.051
830,304Nvl_L1_NS,NONE,0.007,0.0
830,32Nvl_L1_EW,32NVL_EW,0.007,-0.003
830,32Nvl_L2_EW,32NVL_EW,0.008,0.0
830,32Nvl_L1_EW,32NVL_EW,0.007,-0.003
830,32Nvl_L2_EW,32NVL_EW,0.007,0.0
830,NvcNvl_L1_EW,NONE,0.011,0.0
830,NvcNvl_L2_EW,NONE,0.008,0.0
830,32Mt_L1_NS,32MT_NS,0.006,0.006
830,32Mt_L1_EW,NONE,0.014,0.0
830,32Mt_L3_EW,NONE,0.018,0.0
830,32Mt_L1_EW,32MT_EW,0.014,0.009
830,304Nvl_L2_NS,304NVL_NS,0.008,0.008
830,304Nvl_L3_EW,NONE,0.044,0.0
830,32Nvl_L3_EW,NONE,0.006,0.0
830,32Nvl_L3_EW,NONE,0.006,0.0
830,32Mt_L2_EW,NONE,0.015,0.0
830,32Mt_L2_EW,32MT_EW,0.011,0.005
835,304Nvl_L1_NS,304NVL_NS,0.009,0.009
835,304Nvl_L3_NS,NONE,0.007,0.0
835,304Nvl_L1_EW,304NVL_EW,0.051,0.051
835,304Nvl_L2_EW,304NVL_EW,0.044,0.044
835,32Nvl_L1_EW,32NVL_EW,0.007,0.002
835,32Nvl_L2_EW,32NVL_EW,0.008,0.004
835,32Nvl_L1_EW,32NVL_EW,0.007,0.002
835,32Nvl_L2_EW,32NVL_EW,0.007,0.004
835,32Nvl_L3_NS,NONE,0.109,0.0
835,32Nvl_L2_NS,32NVL_NS,0.103,0.097
835,NvcNvl_L1_EW,NONE,0.011,0.0
835,NvcNvl_L2_EW,NONE,0.008,0.0
835,32Mt_L1_EW,32MT_EW,0.007,0.002
835,32Mt_L1_NS,NONE,0.01,0.0
835,304Nvl_L2_NS,304NVL_NS,0.008,-0.064
835,304Nvl_L3_EW,NONE,0.038,0.0
835,32Nvl_L3_EW,NONE,0.006,0.0
835,32Nvl_L3_EW,NONE,0.006,0.0
835,32Nvl_L1_NS,32NVL_NS,0.094,0.088
835,32Mt_L2_EW,32MT_EW,0.005,0.0
835,32Mt_L2_NS,NONE,0.009,0.0
840,304Nvl_L1_EW,304NVL_EW,0.068,0.068
840,304Nvl_L2_EW,304NVL_EW,0.058,0.058
840,32Nvl_L3_NS,NONE,0.109,0.0
840,32Nvl_L2_NS,32NVL_NS,0.103,0.103
840,32Mt_L1_EW,32MT_EW,0.007,0.007
840,32Mt_L1_NS,NONE,0.02,0.0
840,NvcMt_L2_NS,NONE,0.005,0.0
840,NvcMt_L1_EW,NVCMT_EW,0.006,0.006
840,304Nvl_L3_EW,NONE,0.051,0.0
840,32Nvl_L1_NS,32NVL_NS,0.087,0.087
840,32Mt_L2_EW,32MT_EW,0.005,0.005
840,NvcMt_L1_NS,NONE,0.005,0.0
840,NvcMt_L2_EW,NVCMT_EW,0.008,0.008
845,304Nvl_L1_EW,304NVL_EW,0.042,0.042
845,304Nvl_L2_EW,304NVL_EW,0.029,0.029
845,304Nvl_L1_NS,NONE,0.015,0.0
845,304Nvl_L3_NS,NONE,0.008,0.0
845,32Nvl_L3_NS,NONE,0.109,0.0
845,32Nvl_L2_NS,32NVL_NS,0.103,0.103
845,32Mt_L1_EW,32MT_EW,0.007,0.007
845,32Mt_L1_NS,NONE,0.01,0.0
845,NvcMt_L2_NS,NONE,0.005,0.0
845,NvcMt_L1_EW,NVCMT_EW,0.006,0.006
845,304Nvl_L3_EW,NONE,0.025,0.0
845,304Nvl_L2_NS,NONE,0.007,0.0
845,32Nvl_L1_NS,32NVL_NS,0.094,0.094
845,32Mt_L2_EW,32MT_EW,0.005,0.005
845,NvcMt_L1_NS,NONE,0.005,0.0
845,NvcMt_L2_EW,NVCMT_EW,0.008,0.008
850,304Nvl_L1_EW,304NVL_EW,0.008,0.008
850,304Nvl_L2_EW,304NVL_EW,0.007,0.007
850,304Nvl_L1_NS,NONE,0.015,0.0
850,32Nvl_L3_NS,NONE,0.125,0.0
850,32Nvl_L2_NS,32NVL_NS,0.118,0.118
850,NvcNvl_L2_NS,NONE,0.033,0.0
850,NvcMt_L2_NS,NONE,0.005,0.0
850,32Thn_L1_EW,32THN_EW,0.04,0.04
850,32Thn_L2_EW,32THN_EW,0.042,0.042
850,32Thn_L3_EW,NONE,0.041,0.0
850,32Nvl_L1_NS,32NVL_NS,0.114,0.114
850,NvcNvl_L1_NS,NONE,0.044,0.0
850,NvcMt_L1_NS,NONE,0.005,0.0
855,304Nvl_L1_EW,304NVL_EW,0.017,0.017
855,304Nvl_L1_NS,NONE,0.022,0.0
855,32Nvl_L3_NS,NONE,0.007,0.0
855,32Nvl_L1_NS,32NVL_NS,0.007,0.007
855,32Nvl_L3_NS,NONE,0.167,0.0
855,32Nvl_L2_NS,32NVL_NS,0.158,0.158
855,NvcNvl_L3_NS,NONE,0.034,0.0
855,NvcNvl_L2_NS,NONE,0.033,0.0
855,32Mt_L1_EW,NONE,0.007,0.0
855,32Mt_L3_EW,NONE,0.009,0.0
855,32Mt_L1_EW,32MT_EW,0.007,0.007
855,32Mt_L1_NS,NONE,0.02,0.0
855,NvcMt_L1_EW,NVCMT_EW,0.032,0.032
855,32Thn_L1_EW,NONE,0.049,0.0
855,32Thn_L1_EW,32THN_EW,0.008,0.008
855,32Thn_L2_EW,32THN_EW,0.008,0.008
855,32Thn_L3_EW,NONE,0.008,0.0
855,32Nvl_L2_NS,32NVL_NS,0.007,0.007
855,32Nvl_L1_NS,32NVL_NS,0.141,0.141
855,NvcNvl_L1_NS,NONE,0.044,0.0
855,32Mt_L2_EW,NONE,0.008,0.0
855,32Mt_L2_EW,32MT_EW,0.005,0.005
855,32Mt_L2_NS,NONE,0.009,0.0
855,NvcMt_L2_EW,NVCMT_EW,0.04,0.04
860,304Nvl_L1_NS,304NVL_NS,0.009,0.004
860,304Nvl_L1_EW,304NVL_EW,0.017,0.017
860,304Nvl_L1_NS,NONE,0.022,0.0
860,32Nvl_L1_NS,32NVL_NS,0.007,0.001
860,32Nvl_L3_NS,NONE,0.217,0.0
860,32Nvl_L2_NS,32NVL_NS,0.205,0.205
860,NvcNvl_L3_NS,NONE,0.034,0.0
860,NvcNvl_L2_NS,NONE,0.033,0.0
860,NvcNvl_L1_EW,NONE,0.053,0.0
860,NvcNvl_L2_EW,NONE,0.038,0.0
860,32Mt_L1_EW,32MT_EW,0.007,0.007
860,32Mt_L1_NS,NONE,0.01,0.0
860,NvcMt_L1_EW,NVCMT_EW,0.038,0.038
860,32Thn_L1_EW,NONE,0.058,0.0
860,32Nvl_L2_NS,32NVL_NS,0.007,0.007
860,32Nvl_L1_NS,32NVL_NS,0.174,0.168
860,NvcNvl_L1_NS,NONE,0.044,0.0
860,NvcMt_L2_EW,NVCMT_EW,0.048,0.048
865,304Nvl_L1_NS,304NVL_NS,0.009,0.004
865,304Nvl_L1_NS,NONE,0.007,0.0
865,32Nvl_L1_NS,32NVL_NS,0.007,0.001
865,32Nvl_L1_EW,32NVL_EW,0.007,0.007
865,32Nvl_L2_EW,32NVL_EW,0.008,0.008
865,32Nvl_L3_NS,NONE,0.259,0.0
865,32Nvl_L2_NS,32NVL_NS,0.245,0.245
865,NvcNvl_L3_NS,NONE,0.054,0.0
865,NvcNvl_L2_NS,NONE,0.053,0.0
865,32Mt_L1_EW,NONE,0.007,0.0
865,32Nvl_L2_NS,32NVL_NS,0.007,0.007
865,32Nvl_L3_EW,NONE,0.006,0.0
865,32Nvl_L1_NS,32NVL_NS,0.208,0.202
865,NvcNvl_L1_NS,NONE,0.07,0.0
870,304Nvl_L1_NS,304NVL_NS,0.009,0.004
870,32Nvl_L1_NS,32NVL_NS,0.007,0.001
870,32Nvl_L1_EW,32NVL_EW,0.007,0.007
870,32Nvl_L2_EW,32NVL_EW,0.008,0.008
870,32Nvl_L3_NS,NONE,0.259,0.0
870,32Nvl_L2_NS,32NVL_NS,0.253,0.253
870,NvcNvl_L3_NS,NONE,0.02,0.0
870,NvcNvl_L2_NS,NONE,0.02,0.0
870,NvcNvl_L1_EW,NVCNVL_EW,0.007,0.007
870,NvcNvl_L2_EW,NVCNVL_EW,0.008,0.008
870,32Mt_L1_EW,NONE,0.036,0.0
870,32Mt_L3_EW,NONE,0.044,0.0
870,32Mt_L1_NS,NONE,0.01,0.0
870,NvcMt_L2_NS,NONE,0.032,0.0
870,32Nvl_L2_NS,32NVL_NS,0.007,0.007
870,32Nvl_L3_EW,NONE,0.006,0.0
870,32Nvl_L1_NS,32NVL_NS,0.215,0.208
870,NvcNvl_L1_NS,NONE,0.026,0.0
870,NvcNvl_L3_EW,NONE,0.009,0.0
870,32Mt_L2_EW,NONE,0.038,0.0
870,32Mt_L2_NS,NONE,0.009,0.0
870,NvcMt_L1_NS,NONE,0.033,0.0
875,32Nvl_L3_NS,NONE,0.014,0.0
875,32Nvl_L1_NS,32NVL_NS,0.021,0.021
875,32Nvl_L3_NS,NONE,0.267,0.0
875,32Nvl_L2_NS,32NVL_NS,0.253,0.253
875,NvcNvl_L3_NS,NONE,0.014,0.0
875,NvcNvl_L2_NS,NONE,0.013,0.0
875,NvcNvl_L1_EW,NONE,0.011,0.0
875,NvcNvl_L2_EW,NONE,0.008,0.0
875,32Mt_L1_EW,NONE,0.058,0.0
875,32Mt_L3_EW,NONE,0.071,0.0
875,NvcMt_L2_NS,NONE,0.005,0.0
875,NvcMt_L1_EW,NVCMT_EW,0.032,0.032
875,32Nvl_L2_NS,32NVL_NS,0.02,0.02
875,32Nvl_L1_NS,32NVL_NS,0.221,0.221
875,NvcNvl_L1_NS,NONE,0.017,0.0
875,32Mt_L2_EW,NONE,0.06,0.0
875,NvcMt_L1_NS,NONE,0.005,0.0
875,NvcMt_L2_EW,NVCMT_EW,0.04,0.04
880,32Nvl_L3_NS,NONE,0.02,0.0
880,32Nvl_L1_NS,32NVL_NS,0.028,0.028
880,32Nvl_L1_EW,32NVL_EW,0.007,0.002
880,32Nvl_L2_EW,32NVL_EW,0.008,0.004
880,32Nvl_L3_NS,NONE,0.284,0.0
880,32Nvl_L2_NS,32NVL_NS,0.268,0.268
880,NvcNvl_L3_NS,NONE,0.007,0.0
880,NvcNvl_L2_NS,NONE,0.007,0.0
880,NvcNvl_L1_EW,NONE,0.011,0.0
880,NvcNvl_L2_EW,NONE,0.008,0.0
880,NvcNvl_L1_EW,NVCNVL_EW,0.007,-0.015
880,32Mt_L1_EW,NONE,0.036,0.0
880,32Mt_L3_EW,NONE,0.035,0.0
880,32Mt_L1_EW,32MT_EW,0.007,0.002
880,NvcMt_L1_EW,NVCMT_EW,0.032,0.027
880,32Nvl_L2_NS,32NVL_NS,0.027,0.027
880,32Nvl_L3_EW,NONE,0.006,0.0
880,32Nvl_L1_NS,32NVL_NS,0.235,0.235
880,NvcNvl_L1_NS,NONE,0.009,0.0
880,32Mt_L2_EW,NONE,0.038,0.0
880,32Mt_L2_EW,32MT_EW,0.005,0.0
880,NvcMt_L2_EW,NVCMT_EW,0.04,0.04
880,NvcMt_L1_EW,NVCMT_EW,0.006,0.001
885,32Nvl_L3_NS,NONE,0.014,0.0
885,32Nvl_L1_NS,32NVL_NS,0.028,0.023
885,32Nvl_L1_EW,32NVL_EW,0.007,-0.022
885,32Nvl_L2_EW,32NVL_EW,0.008,0.008
885,32Nvl_L1_EW,32NVL_EW,0.007,-0.023
885,32Nvl_L3_NS,NONE,0.301,0.0
885,32Nvl_L2_NS,32NVL_NS,0.284,0.284
885,NvcNvl_L3_NS,NONE,0.007,0.0
885,NvcNvl_L2_NS,NONE,0.007,0.0
885,NvcNvl_L1_NS,NVCNVL_NS,0.007,-0.013
885,32Mt_L1_EW,NONE,0.014,0.0
885,32Mt_L3_EW,NONE,0.018,0.0
885,32Mt_L1_EW,32MT_EW,0.042,0.037
885,32Nvl_L2_NS,32NVL_NS,0.027,0.027
885,32Nvl_L3_EW,NONE,0.006,0.0
885,32Nvl_L1_NS,32NVL_NS,0.248,0.244
885,NvcNvl_L1_NS,NONE,0.009,0.0
885,32Mt_L2_EW,NONE,0.015,0.0
890,32Nvl_L3_NS,NONE,0.027,0.0
890,32Nvl_L1_NS,32NVL_NS,0.042,0.037
890,32Nvl_L3_NS,NONE,0.301,0.0
890,32Nvl_L2_NS,32NVL_NS,0.284,0.284
890,NvcNvl_L2_NS,NONE,0.007,0.0
890,NvcNvl_L1_EW,NVCNVL_EW,0.007,0.007
890,NvcNvl_L2_EW,NVCNVL_EW,0.008,0.008
890,NvcNvl_L1_NS,NVCNVL_NS,0.007,-0.022
890,32Mt_L1_NS,32MT_NS,0.006,0.006
890,32Mt_L1_EW,32MT_EW,0.091,0.091
890,32Nvl_L2_NS,32NVL_NS,0.04,0.04
890,32Nvl_L1_NS,32NVL_NS,0.248,0.244
890,NvcNvl_L3_EW,NONE,0.009,0.0
890,32Mt_L2_EW,32MT_EW,0.06,0.06
895,304Nvl_L1_EW,304NVL_EW,0.008,0.008
895,304Nvl_L2_EW,304NVL_EW,0.007,0.007
895,32Nvl_L3_NS,NONE,0.027,0.0
895,32Nvl_L1_NS,32NVL_NS,0.048,0.048
895,32Nvl_L3_NS,NONE,0.301,0.0
895,32Nvl_L2_NS,32NVL_NS,0.284,0.284
895,32Mt_L1_NS,32MT_NS,0.006,0.006
895,32Mt_L1_EW,NONE,0.043,0.0
895,32Mt_L3_EW,NONE,0.009,0.0
895,32Mt_L1_EW,32MT_EW,0.056,0.056
895,304Nvl_L3_EW,NONE,0.006,0.0
895,32Nvl_L2_NS,32NVL_NS,0.047,0.047
895,32Nvl_L1_NS,32NVL_NS,0.255,0.255
895,32Mt_L2_EW,NONE,0.045,0.0
895,32Mt_L2_EW,32MT_EW,0.033,0.033
900,304Nvl_L1_EW,304NVL_EW,0.008,0.008
900,304Nvl_L2_EW,304NVL_EW,0.007,0.007
900,32Nvl_L3_NS,NONE,0.014,0.0
900,32Nvl_L1_NS,32NVL_NS,0.021,0.021
900,32Nvl_L3_NS,NONE,0.192,0.0
900,32Nvl_L2_NS,32NVL_NS,0.182,0.182
900,NvcNvl_L1_EW,NVCNVL_EW,0.007,0.007
900,32Mt_L1_NS,32MT_NS,0.038,0.038
900,32Mt_L1_EW,NONE,0.05,0.0
900,32Mt_L3_EW,NONE,0.062,0.0
900,32Mt_L1_EW,32MT_EW,0.007,0.007
900,304Nvl_L3_EW,NONE,0.006,0.0
900,32Nvl_L2_NS,32NVL_NS,0.02,0.02
900,32Nvl_L1_NS,32NVL_NS,0.168,0.168
900,32Mt_L2_EW,NONE,0.053,0.0
905,304Nvl_L1_EW,304NVL_EW,0.008,0.008
905,304Nvl_L2_EW,304NVL_EW,0.007,0.007
905,32Nvl_L3_NS,NONE,0.007,0.0
905,32Nvl_L1_NS,32NVL_NS,0.014,0.014
905,32Nvl_L1_EW,32NVL_EW,0.081,0.076
905,32Nvl_L3_NS,NONE,0.117,0.0
905,32Nvl_L2_NS,32NVL_NS,0.15,0.15
905,NvcNvl_L1_EW,NONE,0.053,0.0
905,NvcNvl_L2_EW,NONE,0.038,0.0
905,32Mt_L1_NS,32MT_NS,0.031,0.031
905,32Mt_L1_EW,NONE,0.065,0.0
905,32Mt_L3_EW,NONE,0.027,0.0
905,32Mt_L1_EW,32MT_EW,0.007,0.007
905,304Nvl_L3_EW,NONE,0.006,0.0
905,32Nvl_L2_NS,32NVL_NS,0.013,0.013
905,32Nvl_L1_NS,32NVL_NS,0.128,0.128
905,NvcNvl_L3_EW,NONE,0.032,0.0
905,32Mt_L2_EW,NONE,0.03,0.0
910,304Nvl_L1_EW,304NVL_EW,0.008,0.008
910,304Nvl_L2_EW,304NVL_EW,0.007,0.007
910,32Nvl_L1_NS,32NVL_NS,0.007,0.007
910,32Nvl_L1_EW,32NVL_EW,0.081,0.076
910,32Nvl_L3_NS,NONE,0.109,0.0
910,32Nvl_L2_NS,32NVL_NS,0.103,0.103
910,NvcNvl_L3_NS,NONE,0.007,0.0
910,NvcNvl_L2_NS,NONE,0.007,0.0
910,NvcNvl_L1_EW,NONE,0.021,0.0
910,NvcNvl_L2_EW,NONE,0.015,0.0
910,NvcNvl_L1_EW,NVCNVL_EW,0.007,0.007
910,NvcNvl_L2_EW,NVCNVL_EW,0.008,0.008
910,32Mt_L1_EW,NONE,0.007,0.0
910,32Mt_L1_EW,32MT_EW,0.007,0.007
910,304Nvl_L3_EW,NONE,0.006,0.0
910,32Nvl_L1_NS,32NVL_NS,0.094,0.094
910,NvcNvl_L1_NS,NONE,0.009,0.0
910,NvcNvl_L3_EW,NONE,0.013,0.0
910,NvcNvl_L3_EW,NONE,0.009,0.0
910,32Mt_L2_EW,NONE,0.008,0.0
910,32Mt_L2_EW,32MT_EW,0.005,0.005
915,304Nvl_L1_EW,304NVL_EW,0.059,0.059
915,304Nvl_L2_EW,304NVL_EW,0.051,0.051
915,32Nvl_L1_NS,32NVL_NS,0.007,0.007
915,32Nvl_L1_EW,32NVL_EW,0.067,0.033
915,32Nvl_L2_EW,32NVL_EW,0.037,0.034
915,32Nvl_L3_NS,NONE,0.058,0.0
915,32Nvl_L2_NS,32NVL_NS,0.055,0.055
915,NvcNvl_L3_NS,NONE,0.014,0.0
915,NvcNvl_L2_NS,NONE,0.013,0.0
915,NvcNvl_L1_EW,NVCNVL_EW,0.007,0.007
915,NvcNvl_L2_EW,NVCNVL_EW,0.008,0.008
915,32Mt_L1_EW,NONE,0.007,0.0
915,32Mt_L3_EW,NONE,0.009,0.0
915,32Mt_L1_EW,32MT_EW,0.049,0.049
915,32Mt_L1_NS,NONE,0.01,0.0
915,NvcMt_L2_NS,NONE,0.005,0.0
915,304Nvl_L3_EW,NONE,0.038,0.0
915,32Nvl_L3_EW,NONE,0.031,0.0
915,32Nvl_L1_NS,32NVL_NS,0.047,0.047
915,NvcNvl_L1_NS,NONE,0.017,0.0
915,NvcNvl_L3_EW,NONE,0.009,0.0
915,32Mt_L2_EW,NONE,0.008,0.0
915,32Mt_L2_EW,32MT_EW,0.005,0.005
915,NvcMt_L1_NS,NONE,0.005,0.0
920,304Nvl_L1_EW,304NVL_EW,0.102,0.102
920,304Nvl_L2_EW,304NVL_EW,0.087,0.087
920,32Nvl_L1_NS,32NVL_NS,0.007,0.007
920,32Nvl_L1_EW,32NVL_EW,0.107,0.063
920,32Nvl_L2_EW,32NVL_EW,0.045,0.041
920,32Nvl_L3_NS,NONE,0.033,0.0
920,32Nvl_L2_NS,32NVL_NS,0.032,0.032
920,NvcNvl_L1_EW,NONE,0.053,0.0
920,NvcNvl_L2_EW,NONE,0.038,0.0
920,NvcNvl_L1_EW,NVCNVL_EW,0.007,0.007
920,NvcNvl_L2_EW,NVCNVL_EW,0.008,0.008
920,32Mt_L1_EW,32MT_EW,0.063,0.063
920,32Mt_L1_NS,NONE,0.01,0.0
920,304Nvl_L3_EW,NONE,0.044,0.0
920,32Nvl_L3_EW,NONE,0.037,0.0
920,32Nvl_L1_NS,32NVL_NS,0.034,0.034
920,NvcNvl_L3_EW,NONE,0.009,0.0
920,32Mt_L2_EW,32MT_EW,0.005,0.005
920,32Mt_L2_NS,NONE,0.009,0.0
925,304Nvl_L1_EW,304NVL_EW,0.017,0.017
925,304Nvl_L2_EW,304NVL_EW,0.015,0.015
925,32Nvl_L1_NS,32NVL_NS,0.007,0.007
925,32Nvl_L1_EW,32NVL_EW,0.074,0.025
925,32Nvl_L2_EW,32NVL_EW,0.045,0.018
925,NvcNvl_L3_NS,NONE,0.034,0.0
925,NvcNvl_L2_NS,NONE,0.033,0.0
925,NvcNvl_L1_EW,NVCNVL_EW,0.021,0.021
925,NvcNvl_L2_EW,NVCNVL_EW,0.016,0.016
925,32Mt_L1_NS,32MT_NS,0.006,0.006
925,32Mt_L1_EW,NONE,0.007,0.0
925,32Mt_L3_EW,NONE,0.009,0.0
925,32Mt_L1_EW,32MT_EW,0.07,0.07
925,304Nvl_L3_EW,NONE,0.013,0.0
925,32Nvl_L3_EW,NONE,0.037,0.0
925,32Nvl_L1_NS,32NVL_NS,0.007,0.007
925,NvcNvl_L1_NS,NONE,0.044,0.0
925,NvcNvl_L3_EW,NONE,0.019,0.0
925,32Mt_L2_EW,NONE,0.008,0.0
925,32Mt_L2_EW,32MT_EW,0.038,0.038
930,304Nvl_L1_EW,304NVL_EW,0.025,0.025
930,304Nvl_L2_EW,304NVL_EW,0.022,0.022
930,304Nvl_L1_NS,NONE,0.007,0.0
930,32Nvl_L1_EW,32NVL_EW,0.047,0.003
930,32Nvl_L2_EW,32NVL_EW,0.045,0.018
930,NvcNvl_L1_EW,NONE,0.053,0.0
930,NvcNvl_L2_EW,NONE,0.038,0.0
930,NvcNvl_L1_EW,NVCNVL_EW,0.113,0.113
930,NvcNvl_L2_EW,NVCNVL_EW,0.117,0.117
930,32Mt_L1_NS,32MT_NS,0.006,0.006
930,32Mt_L1_EW,NONE,0.014,0.0
930,32Mt_L3_EW,NONE,0.018,0.0
930,32Mt_L1_EW,32MT_EW,0.063,0.063
930,304Nvl_L3_EW,NONE,0.019,0.0
930,32Nvl_L3_EW,NONE,0.037,0.0
930,NvcNvl_L3_EW,NONE,0.14,0.0
930,32Mt_L2_EW,NONE,0.015,0.0
930,32Mt_L2_EW,32MT_EW,0.038,0.038
935,304Nvl_L1_EW,304NVL_EW,0.059,0.059
935,304Nvl_L2_EW,304NVL_EW,0.007,0.007
935,304Nvl_L1_NS,NONE,0.015,0.0
935,304Nvl_L3_NS,NONE,0.008,0.0
935,32Nvl_L1_NS,32NVL_NS,0.014,0.014
935,32Nvl_L1_EW,32NVL_EW,0.047,0.037
935,32Nvl_L2_EW,32NVL_EW,0.045,0.037
935,NvcNvl_L1_EW,NVCNVL_EW,0.113,0.108
935,NvcNvl_L2_EW,NVCNVL_EW,0.117,0.117
935,32Mt_L1_EW,32MT_EW,0.014,0.014
935,32Mt_L1_NS,NONE,0.02,0.0
935,NvcMt_L2_NS,NONE,0.005,0.0
935,NvcMt_L1_EW,NVCMT_EW,0.006,-0.072
935,32Thn_L1_EW,NONE,0.01,0.0
935,32Thn_L2_EW,NONE,0.01,0.0
935,32Thn_L3_EW,NONE,0.007,0.0
935,304Nvl_L3_EW,NONE,0.006,0.0
935,304Nvl_L2_NS,NONE,0.007,0.0
935,32Nvl_L3_EW,NONE,0.037,0.0
935,32Nvl_L1_NS,32NVL_NS,0.007,0.007
935,NvcNvl_L3_EW,NONE,0.14,0.0
935,32Mt_L2_EW,32MT_EW,0.011,0.011
935,32Mt_L2_NS,NONE,0.009,0.0
935,NvcMt_L1_NS,NONE,0.005,0.0
935,NvcMt_L2_EW,NVCMT_EW,0.008,-0.074
940,304Nvl_L1_EW,304NVL_EW,0.017,0.017
940,304Nvl_L2_EW,304NVL_EW,0.007,0.007
940,304Nvl_L1_NS,NONE,0.007,0.0
940,32Nvl_L1_NS,32NVL_NS,0.007,0.007
940,32Nvl_L1_EW,32NVL_EW,0.04,0.01
940,32Nvl_L2_EW,32NVL_EW,0.045,0.028
940,32Nvl_L3_NS,NONE,0.008,0.0
940,32Nvl_L2_NS,32NVL_NS,0.008,0.008
940,NvcNvl_L3_NS,NONE,0.007,0.0
940,NvcNvl_L2_NS,NONE,0.007,0.0
940,NvcNvl_L1_EW,NONE,0.011,0.0
940,NvcNvl_L2_EW,NONE,0.008,0.0
940,NvcNvl_L1_EW,NVCNVL_EW,0.113,0.113
940,NvcNvl_L2_EW,NVCNVL_EW,0.125,0.125
940,32Mt_L1_EW,32MT_EW,0.028,0.028
940,32Mt_L1_NS,NONE,0.02,0.0
940,32Thn_L1_EW,32THN_EW,0.016,0.016
940,32Thn_L2_EW,32THN_EW,0.008,0.008
940,32Thn_L3_EW,NONE,0.008,0.0
940,304Nvl_L3_EW,NONE,0.006,0.0
940,32Nvl_L3_EW,NONE,0.037,0.0
940,32Nvl_L1_NS,32NVL_NS,0.02,0.02
940,NvcNvl_L1_NS,NONE,0.009,0.0
940,NvcNvl_L3_EW,NONE,0.149,0.0
940,32Mt_L2_EW,32MT_EW,0.016,0.016
945,304Nvl_L1_EW,304NVL_EW,0.017,0.017
945,304Nvl_L1_NS,NONE,0.007,0.0
945,304Nvl_L3_NS,NONE,0.008,0.0
945,32Nvl_L1_EW,32NVL_EW,0.04,0.009
945,32Nvl_L2_EW,32NVL_EW,0.045,0.022
945,NvcNvl_L1_EW,NONE,0.021,0.0
945,NvcNvl_L2_EW,NONE,0.008,0.0
945,NvcNvl_L1_EW,NVCNVL_EW,0.113,0.113
945,NvcNvl_L2_EW,NVCNVL_EW,0.125,0.125
945,32Mt_L1_NS,32MT_NS,0.006,0.006
945,32Mt_L1_EW,NONE,0.007,0.0
945,32Mt_L3_EW,NONE,0.009,0.0
945,32Mt_L1_EW,32MT_EW,0.021,0.021
945,32Mt_L1_NS,NONE,0.02,0.0
945,32Thn_L1_EW,32THN_EW,0.024,0.024
945,32Thn_L2_EW,32THN_EW,0.017,0.017
945,32Thn_L3_EW,NONE,0.016,0.0
945,304Nvl_L2_NS,NONE,0.007,0.0
945,32Nvl_L3_EW,NONE,0.037,0.0
945,32Nvl_L1_NS,32NVL_NS,0.007,0.007
945,NvcNvl_L3_EW,NONE,0.006,0.0
945,NvcNvl_L3_EW,NONE,0.149,0.0
945,32Mt_L2_EW,NONE,0.008,0.0
945,32Mt_L2_EW,32MT_EW,0.016,0.016
945,32Mt_L2_NS,NONE,0.009,0.0
950,304Nvl_L1_EW,304NVL_EW,0.008,0.008
950,304Nvl_L1_NS,NONE,0.007,0.0
950,304Nvl_L3_NS,NONE,0.008,0.0
950,32Nvl_L1_EW,32NVL_EW,0.04,0.014
950,32Nvl_L2_EW,32NVL_EW,0.045,0.022
950,32Nvl_L3_NS,NONE,0.008,0.0
950,32Nvl_L2_NS,32NVL_NS,0.008,0.008
950,NvcNvl_L1_EW,NVCNVL_EW,0.099,0.099
950,NvcNvl_L2_EW,NVCNVL_EW,0.109,0.109
950,32Mt_L1_EW,32MT_EW,0.021,0.021
950,32Thn_L1_EW,32THN_EW,0.016,0.016
950,32Thn_L2_EW,32THN_EW,0.017,0.017
950,32Thn_L3_EW,NONE,0.016,0.0
950,304Nvl_L2_NS,NONE,0.007,0.0
950,32Nvl_L3_EW,NONE,0.037,0.0
950,32Nvl_L1_NS,32NVL_NS,0.013,0.013
950,NvcNvl_L3_EW,NONE,0.13,0.0
950,32Mt_L2_EW,32MT_EW,0.016,0.016
955,304Nvl_L1_NS,304NVL_NS,0.009,-0.015
955,304Nvl_L1_EW,304NVL_EW,0.008,0.008
955,304Nvl_L2_EW,304NVL_EW,0.007,0.007
955,32Nvl_L1_NS,32NVL_NS,0.035,0.028
955,32Nvl_L1_EW,32NVL_EW,0.04,0.01
955,32Nvl_L2_EW,32NVL_EW,0.045,0.022
955,NvcNvl_L1_EW,NVCNVL_EW,0.092,0.092
955,NvcNvl_L2_EW,NVCNVL_EW,0.094,0.094
955,32Mt_L1_EW,32MT_EW,0.028,0.028
955,32Thn_L1_EW,32THN_EW,0.016,0.016
955,32Thn_L2_EW,32THN_EW,0.017,0.017
955,32Thn_L3_EW,NONE,0.016,0.0
955,304Nvl_L3_EW,NONE,0.006,0.0
955,32Nvl_L2_NS,32NVL_NS,0.033,0.033
955,32Nvl_L3_EW,NONE,0.037,0.0
955,NvcNvl_L3_EW,NONE,0.112,0.0
955,32Mt_L2_EW,32MT_EW,0.016,0.016
960,304Nvl_L1_NS,304NVL_NS,0.009,0.004
960,304Nvl_L1_EW,304NVL_EW,0.017,0.017
960,304Nvl_L2_EW,304NVL_EW,0.007,0.007
960,32Nvl_L3_NS,NONE,0.007,0.0
960,32Nvl_L1_NS,32NVL_NS,0.007,0.001
960,32Nvl_L1_EW,32NVL_EW,0.04,0.02
960,32Nvl_L2_EW,32NVL_EW,0.045,0.028
960,32Mt_L1_EW,32MT_EW,0.021,0.021
960,32Mt_L1_NS,NONE,0.01,0.0
960,32Thn_L1_EW,32THN_EW,0.008,0.008
960,32Thn_L2_EW,32THN_EW,0.008,0.008
960,304Nvl_L3_EW,NONE,0.006,0.0
960,32Nvl_L2_NS,32NVL_NS,0.007,0.007
960,32Nvl_L3_EW,NONE,0.037,0.0
960,32Nvl_L1_NS,32NVL_NS,0.034,0.027
960,32Mt_L2_EW,32MT_EW,0.016,0.016
965,304Nvl_L1_NS,304NVL_NS,0.009,0.004
965,304Nvl_L1_EW,304NVL_EW,0.008,0.008
965,304Nvl_L2_EW,304NVL_EW,0.007,0.007
965,304Nvl_L1_NS,NONE,0.015,0.0
965,304Nvl_L3_NS,NONE,0.008,0.0
965,32Nvl_L3_NS,NONE,0.007,0.0
965,32Nvl_L1_NS,32NVL_NS,0.007,0.001
965,32Nvl_L1_EW,32NVL_EW,0.04,0.031
965,32Nvl_L2_EW,32NVL_EW,0.045,0.037
965,NvcNvl_L1_EW,NONE,0.011,0.0
965,NvcNvl_L2_EW,NONE,0.008,0.0
965,32Mt_L1_NS,32MT_NS,0.006,0.006
965,32Mt_L1_EW,NONE,0.007,0.0
965,32Mt_L1_EW,32MT_EW,0.014,0.014
965,32Thn_L1_EW,NONE,0.01,0.0
965,304Nvl_L3_EW,NONE,0.006,0.0
965,304Nvl_L2_NS,NONE,0.007,0.0
965,32Nvl_L2_NS,32NVL_NS,0.007,0.007
965,32Nvl_L3_EW,NONE,0.037,0.0
965,32Mt_L2_EW,32MT_EW,0.011,0.011
970,304Nvl_L1_EW,304NVL_EW,0.008,0.008
970,304Nvl_L2_EW,304NVL_EW,0.007,0.007
970,304Nvl_L1_NS,NONE,0.015,0.0
970,304Nvl_L3_NS,NONE,0.008,0.0
970,32Nvl_L1_EW,32NVL_EW,0.04,0.04
970,32Nvl_L2_EW,32NVL_EW,0.045,0.045
970,NvcNvl_L3_NS,NONE,0.081,0.0
970,NvcNvl_L2_NS,NONE,0.079,0.0
970,NvcNvl_L1_EW,NONE,0.128,0.0
970,NvcNvl_L2_EW,NONE,0.092,0.0
970,NvcNvl_L1_EW,NVCNVL_EW,0.007,0.003
970,NvcNvl_L2_EW,NVCNVL_EW,0.008,0.008
970,32Mt_L1_NS,32MT_NS,0.013,0.013
970,32Mt_L1_NS,NONE,0.01,0.0
970,NvcMt_L2_NS,NONE,0.011,0.0
970,NvcMt_L1_EW,NVCMT_EW,0.006,0.001
970,32Thn_L1_EW,NONE,0.01,0.0
970,304Nvl_L3_EW,NONE,0.006,0.0
970,304Nvl_L2_NS,NONE,0.007,0.0
970,32Nvl_L3_EW,NONE,0.037,0.0
970,NvcNvl_L1_NS,NONE,0.105,0.0
970,NvcNvl_L3_EW,NONE,0.009,0.0
970,NvcMt_L1_NS,NONE,0.011,0.0
970,NvcMt_L2_EW,NVCMT_EW,0.008,0.002
975,304Nvl_L1_EW,304NVL_EW,0.017,0.017
975,304Nvl_L2_EW,304NVL_EW,0.007,0.007
975,304Nvl_L1_NS,NONE,0.007,0.0
975,32Nvl_L1_EW,32NVL_EW,0.085,0.085
975,32Nvl_L2_EW,32NVL_EW,0.093,0.093
975,32Nvl_L1_EW,32NVL_EW,0.04,0.04
975,32Nvl_L2_EW,32NVL_EW,0.045,0.045
975,NvcNvl_L3_NS,NONE,0.014,0.0
975,NvcNvl_L2_NS,NONE,0.092,0.0
975,NvcNvl_L1_EW,NONE,0.128,0.0
975,NvcNvl_L2_EW,NONE,0.092,0.0
975,32Mt_L1_NS,32MT_NS,0.006,0.006
975,32Mt_L1_EW,NONE,0.007,0.0
975,NvcMt_L2_NS,NONE,0.005,0.0
975,304Nvl_L3_EW,NONE,0.006,0.0
975,32Nvl_L3_EW,NONE,0.037,0.0
975,32Nvl_L3_EW,NONE,0.075,0.0
975,NvcNvl_L1_NS,NONE,0.122,0.0
975,NvcMt_L1_NS,NONE,0.005,0.0
980,304Nvl_L1_EW,304NVL_EW,0.017,0.017
980,304Nvl_L2_EW,304NVL_EW,0.007,0.007
980,32Nvl_L1_EW,32NVL_EW,0.085,0.085
980,32Nvl_L2_EW,32NVL_EW,0.093,0.093
980,32Nvl_L1_EW,32NVL_EW,0.04,0.04
980,32Nvl_L2_EW,32NVL_EW,0.045,0.045
980,NvcNvl_L1_EW,NONE,0.128,0.0
980,NvcNvl_L1_EW,NVCNVL_EW,0.007,0.007
980,NvcNvl_L2_EW,NVCNVL_EW,0.008,0.008
980,32Mt_L1_NS,32MT_NS,0.013,0.013
980,32Mt_L1_EW,NONE,0.007,0.0
980,32Mt_L1_NS,NONE,0.01,0.0
980,32Thn_L1_EW,NONE,0.165,0.0
980,32Thn_L2_EW,NONE,0.172,0.0
980,32Thn_L3_EW,NONE,0.118,0.0
980,304Nvl_L3_EW,NONE,0.006,0.0
980,32Nvl_L3_EW,NONE,0.037,0.0
980,32Nvl_L3_EW,NONE,0.075,0.0
980,NvcNvl_L3_EW,NONE,0.009,0.0
980,32Mt_L2_NS,NONE,0.009,0.0
985,304Nvl_L1_NS,304NVL_NS,0.009,0.009
985,304Nvl_L1_EW,304NVL_EW,0.119,0.119
985,304Nvl_L2_EW,304NVL_EW,0.094,0.094
985,304Nvl_L1_NS,NONE,0.007,0.0
985,32Nvl_L1_EW,32NVL_EW,0.092,0.025
985,32Nvl_L2_EW,32NVL_EW,0.1,0.1
985,32Nvl_L1_EW,32NVL_EW,0.04,-0.027
985,32Nvl_L2_EW,32NVL_EW,0.045,0.045
985,NvcNvl_L3_NS,NONE,0.041,0.0
985,NvcNvl_L2_NS,NONE,0.04,0.0
985,NvcNvl_L1_EW,NONE,0.011,0.0
985,NvcNvl_L2_EW,NONE,0.008,0.0
985,32Mt_L1_NS,32MT_NS,0.013,0.013
985,NvcMt_L1_EW,NVCMT_EW,0.006,0.006
985,32Thn_L1_EW,NONE,0.097,0.0
985,32Thn_L2_EW,NONE,0.101,0.0
985,32Thn_L1_EW,32THN_EW,0.096,0.032
985,32Thn_L3_EW,NONE,0.069,0.0
985,304Nvl_L3_EW,NONE,0.082,0.0
985,32Nvl_L3_EW,NONE,0.037,0.0
985,32Nvl_L3_EW,NONE,0.081,0.0
985,NvcNvl_L1_NS,NONE,0.052,0.0
985,NvcMt_L2_EW,NVCMT_EW,0.008,0.008
990,304Nvl_L1_NS,304NVL_NS,0.009,0.009
990,304Nvl_L1_EW,304NVL_EW,0.161,0.161
990,304Nvl_L2_EW,304NVL_EW,0.138,0.138
990,32Nvl_L1_EW,32NVL_EW,0.092,-0.036
990,32Nvl_L2_EW,32NVL_EW,0.1,0.097
990,32Nvl_L1_EW,32NVL_EW,0.04,-0.088
990,32Nvl_L2_EW,32NVL_EW,0.045,0.041
990,NvcNvl_L3_NS,NONE,0.041,0.0
990,NvcNvl_L2_NS,NONE,0.04,0.0
990,NvcNvl_L1_EW,NONE,0.011,0.0
990,NvcNvl_L2_EW,NONE,0.008,0.0
990,NvcNvl_L1_EW,NVCNVL_EW,0.007,0.003
990,32Mt_L1_NS,32MT_NS,0.006,0.006
990,32Mt_L1_EW,32MT_EW,0.007,-0.057
990,NvcMt_L1_EW,NVCMT_EW,0.006,0.001
990,32Thn_L1_EW,NONE,0.01,0.0
990,32Thn_L2_EW,NONE,0.01,0.0
990,32Thn_L1_EW,32THN_EW,0.176,0.112
990,32Thn_L3_EW,NONE,0.007,0.0
990,304Nvl_L3_EW,NONE,0.114,0.0
990,32Nvl_L3_EW,NONE,0.037,0.0
990,32Nvl_L3_EW,NONE,0.075,0.0
990,NvcNvl_L1_NS,NONE,0.052,0.0
990,32Mt_L2_EW,32MT_EW,0.005,-0.065
990,NvcMt_L2_EW,NVCMT_EW,0.008,0.008
995,304Nvl_L1_NS,304NVL_NS,0.009,0.004
995,304Nvl_L1_EW,304NVL_EW,0.017,0.017
995,304Nvl_L2_EW,304NVL_EW,0.015,0.015
995,304Nvl_L1_NS,NONE,0.007,0.0
995,32Nvl_L1_NS,32NVL_NS,0.007,0.001
995,32Nvl_L1_EW,32NVL_EW,0.085,0.085
995,32Nvl_L2_EW,32NVL_EW,0.093,0.093
995,32Nvl_L1_EW,32NVL_EW,0.04,0.04
995,32Nvl_L2_EW,32NVL_EW,0.045,0.045
995,32Nvl_L3_NS,NONE,0.008,0.0
995,32Nvl_L2_NS,32NVL_NS,0.008,0.008
995,NvcMt_L1_EW,NVCMT_EW,0.006,0.006
995,304Nvl_L3_EW,NONE,0.013,0.0
995,32Nvl_L2_NS,32NVL_NS,0.007,0.007
995,32Nvl_L3_EW,NONE,0.037,0.0
995,32Nvl_L3_EW,NONE,0.075,0.0
995,32Nvl_L1_NS,32NVL_NS,0.013,0.007
995,NvcMt_L2_EW,NVCMT_EW,0.008,0.008
1000,304Nvl_L1_NS,NONE,0.088,0.0
1000,32Nvl_L3_NS,NONE,0.014,0.0
1000,32Nvl_L1_NS,32NVL_NS,0.014,0.014
1000,32Nvl_L1_EW,32NVL_EW,0.085,0.079
1000,32Nvl_L2_EW,32NVL_EW,0.093,0.093
1000,32Nvl_L1_EW,32NVL_EW,0.04,0.035
1000,32Nvl_L2_EW,32NVL_EW,0.045,0.045
1000,32Mt_L1_EW,NONE,0.007,0.0
1000,32Mt_L1_NS,NONE,0.01,0.0
1000,NvcMt_L1_EW,NVCMT_EW,0.006,0.006
1000,32Thn_L1_EW,32THN_EW,0.008,-0.051
1000,32Nvl_L2_NS,32NVL_NS,0.013,0.013
1000,32Nvl_L3_EW,NONE,0.037,0.0
1000,32Nvl_L3_EW,NONE,0.075,0.0
1000,32Mt_L2_NS,NONE,0.009,0.0
1000,NvcMt_L2_EW,NVCMT_EW,0.008,0.008
1005,304Nvl_L1_NS,NONE,0.044,0.0
1005,32Nvl_L3_NS,NONE,0.007,0.0
1005,32Nvl_L1_NS,32NVL_NS,0.014,0.014
1005,32Nvl_L1_EW,32NVL_EW,0.085,0.085
1005,32Nvl_L2_EW,32NVL_EW,0.093,0.093
1005,NvcNvl_L1_EW,NVCNVL_EW,0.007,0.007
1005,NvcNvl_L2_EW,NVCNVL_EW,0.008,0.008
1005,32Mt_L1_NS,32MT_NS,0.006,0.006
1005,32Nvl_L2_NS,32NVL_NS,0.013,0.013
1005,32Nvl_L3_EW,NONE,0.075,0.0
1005,NvcNvl_L3_EW,NONE,0.009,0.0
1010,304Nvl_L1_EW,304NVL_EW,0.017,0.017
1010,304Nvl_L2_EW,304NVL_EW,0.015,0.015
1010,32Nvl_L3_NS,NONE,0.014,0.0
1010,32Nvl_L1_NS,32NVL_NS,0.021,0.021
1010,32Nvl_L3_NS,NONE,0.008,0.0
1010,32Nvl_L2_NS,32NVL_NS,0.008,0.008
1010,NvcNvl_L1_EW,NONE,0.021,0.0
1010,NvcNvl_L2_EW,NONE,0.008,0.0
1010,32Mt_L1_NS,32MT_NS,0.006,0.006
1010,32Mt_L1_EW,32MT_EW,0.035,0.035
1010,304Nvl_L3_EW,NONE,0.006,0.0
1010,32Nvl_L2_NS,32NVL_NS,0.02,0.02
1010,32Nvl_L1_NS,32NVL_NS,0.007,0.007
1010,NvcNvl_L3_EW,NONE,0.006,0.0
1010,32Mt_L2_EW,32MT_EW,0.027,0.027
1015,304Nvl_L1_EW,304NVL_EW,0.017,0.017
1015,304Nvl_L2_EW,304NVL_EW,0.015,0.015
1015,32Nvl_L3_NS,NONE,0.007,0.0
1015,32Nvl_L1_NS,32NVL_NS,0.021,0.021
1015,32Nvl_L1_EW,32NVL_EW,0.007,-0.027
1015,32Nvl_L2_EW,32NVL_EW,0.008,-0.019
1015,NvcNvl_L2_NS,NONE,0.007,0.0
1015,NvcNvl_L1_EW,NONE,0.011,0.0
1015,NvcNvl_L2_EW,NONE,0.008,0.0
1015,32Mt_L1_NS,32MT_NS,0.006,0.006
1015,32Mt_L1_EW,32MT_EW,0.049,0.044
1015,304Nvl_L3_EW,NONE,0.013,0.0
1015,32Nvl_L2_NS,32NVL_NS,0.02,0.02
1015,32Nvl_L3_EW,NONE,0.006,0.0
1015,NvcNvl_L1_NS,NONE,0.009,0.0
1015,NvcNvl_L3_EW,NONE,0.006,0.0
1015,32Mt_L2_EW,32MT_EW,0.038,0.033
1020,304Nvl_L1_EW,304NVL_EW,0.017,0.017
1020,304Nvl_L2_EW,304NVL_EW,0.015,0.015
1020,32Nvl_L3_NS,NONE,0.007,0.0
1020,32Nvl_L1_NS,32NVL_NS,0.007,0.007
1020,32Nvl_L1_EW,32NVL_EW,0.035,-0.004
1020,32Nvl_L2_EW,32NVL_EW,0.039,0.008
1020,32Nvl_L3_NS,NONE,0.017,0.0
1020,32Nvl_L2_NS,32NVL_NS,0.016,0.016
1020,32Mt_L1_EW,NONE,0.007,0.0
1020,32Mt_L3_EW,NONE,0.009,0.0
1020,32Mt_L1_EW,32MT_EW,0.056,0.031
1020,32Mt_L1_NS,NONE,0.049,0.0
1020,304Nvl_L3_EW,NONE,0.013,0.0
1020,32Nvl_L2_NS,32NVL_NS,0.007,0.007
1020,32Nvl_L3_EW,NONE,0.031,0.0
1020,32Nvl_L1_NS,32NVL_NS,0.101,0.101
1020,32Mt_L2_EW,NONE,0.008,0.0
1020,32Mt_L2_EW,32MT_EW,0.044,0.016
1020,32Mt_L2_NS,NONE,0.043,0.0
1025,304Nvl_L1_EW,304NVL_EW,0.017,0.017
1025,304Nvl_L2_EW,304NVL_EW,0.015,0.015
1025,32Nvl_L1_EW,32NVL_EW,0.042,0.003
1025,32Nvl_L2_EW,32NVL_EW,0.046,0.016
1025,32Nvl_L3_NS,NONE,0.008,0.0
1025,32Nvl_L2_NS,32NVL_NS,0.008,0.008
1025,32Mt_L1_EW,32MT_EW,0.056,0.026
1025,NvcCmt8_L2_NS,NONE,0.011,0.0
1025,NvcCmt8_L1_NS,NONE,0.008,0.0
1025,304Nvl_L3_EW,NONE,0.013,0.0
1025,32Nvl_L3_EW,NONE,0.038,0.0
1025,32Nvl_L1_NS,32NVL_NS,0.087,0.087
1025,32Mt_L2_EW,32MT_EW,0.044,0.011
1030,304Nvl_L1_EW,304NVL_EW,0.051,0.051
1030,304Nvl_L2_EW,304NVL_EW,0.044,0.044
1030,32Nvl_L1_NS,32NVL_NS,0.007,0.007
1030,32Nvl_L1_EW,32NVL_EW,0.035,-0.014
1030,32Nvl_L2_EW,32NVL_EW,0.039,0.002
1030,32Nvl_L1_EW,32NVL_EW,0.007,-0.043
1030,32Nvl_L2_EW,32NVL_EW,0.007,-0.029
1030,32Nvl_L3_NS,NONE,0.008,0.0
1030,32Nvl_L2_NS,32NVL_NS,0.008,0.008
1030,32Mt_L1_EW,NONE,0.043,0.0
1030,32Mt_L3_EW,NONE,0.009,0.0
1030,32Mt_L1_EW,32MT_EW,0.063,0.038
1030,NvcMt_L2_NS,NONE,0.005,0.0
1030,NvcMt_L1_EW,NVCMT_EW,0.006,0.006
1030,32Thn_L1_EW,32THN_EW,0.008,-0.017
1030,32Thn_L2_EW,32THN_EW,0.008,-0.019
1030,32Thn_L3_EW,NONE,0.008,0.0
1030,304Nvl_L3_EW,NONE,0.038,0.0
1030,32Nvl_L3_EW,NONE,0.006,0.0
1030,32Nvl_L3_EW,NONE,0.031,0.0
1030,32Nvl_L1_NS,32NVL_NS,0.02,0.02
1030,32Mt_L2_EW,NONE,0.008,0.0
1030,32Mt_L2_EW,32MT_EW,0.044,0.016
1030,NvcMt_L1_NS,NONE,0.005,0.0
1030,NvcMt_L2_EW,NVCMT_EW,0.008,0.008
1035,304Nvl_L1_EW,304NVL_EW,0.017,0.017
1035,304Nvl_L2_EW,304NVL_EW,0.015,0.015
1035,32Nvl_L3_NS,NONE,0.082,0.0
1035,32Nvl_L1_NS,32NVL_NS,0.09,0.09
1035,32Nvl_L1_EW,32NVL_EW,0.035,-0.014
1035,32Nvl_L2_EW,32NVL_EW,0.039,-0.001
1035,32Nvl_L1_EW,32NVL_EW,0.013,-0.036
1035,32Nvl_L2_EW,32NVL_EW,0.015,-0.025
1035,NvcNvl_L3_NS,NONE,0.014,0.0
1035,NvcNvl_L2_NS,NONE,0.013,0.0
1035,32Mt_L1_NS,32MT_NS,0.006,0.006
1035,32Mt_L1_EW,32MT_EW,0.063,0.038
1035,NvcMt_L1_EW,NVCMT_EW,0.006,0.006
1035,32Thn_L1_EW,32THN_EW,0.008,-0.017
1035,32Thn_L2_EW,32THN_EW,0.008,-0.019
1035,32Thn_L3_EW,NONE,0.008,0.0
1035,304Nvl_L3_EW,NONE,0.013,0.0
1035,32Nvl_L2_NS,32NVL_NS,0.087,0.087
1035,32Nvl_L3_EW,NONE,0.012,0.0
1035,32Nvl_L3_EW,NONE,0.031,0.0
1035,32Nvl_L1_NS,32NVL_NS,0.013,0.013
1035,NvcNvl_L1_NS,NONE,0.017,0.0
1035,32Mt_L2_NS,32MT_NS,0.006,0.006
1035,32Mt_L2_EW,32MT_EW,0.049,0.022
1035,NvcMt_L2_EW,NVCMT_EW,0.008,0.008
1040,304Nvl_L1_NS,NONE,0.051,0.0
1040,304Nvl_L3_NS,NONE,0.008,0.0
1040,32Nvl_L3_NS,NONE,0.041,0.0
1040,32Nvl_L1_NS,32NVL_NS,0.125,0.125
1040,32Nvl_L1_EW,32NVL_EW,0.035,-0.019
1040,32Nvl_L2_EW,32NVL_EW,0.039,-0.001
1040,32Nvl_L1_EW,32NVL_EW,0.013,-0.041
1040,32Nvl_L2_EW,32NVL_EW,0.015,-0.025
1040,32Nvl_L3_NS,NONE,0.017,0.0
1040,32Nvl_L2_NS,32NVL_NS,0.016,0.016
1040,NvcNvl_L3_NS,NONE,0.034,0.0
1040,NvcNvl_L2_NS,NONE,0.033,0.0
1040,NvcNvl_L1_EW,NONE,0.011,0.0
1040,NvcNvl_L2_EW,NONE,0.008,0.0
1040,NvcNvl_L1_EW,NVCNVL_EW,0.007,0.003
1040,NvcNvl_L2_EW,NVCNVL_EW,0.008,0.008
1040,32Mt_L1_EW,NONE,0.007,0.0
1040,32Mt_L3_EW,NONE,0.009,0.0
1040,32Mt_L1_EW,32MT_EW,0.07,0.045
1040,NvcMt_L1_EW,NVCMT_EW,0.006,0.001
1040,NvcCmt8_L2_NS,NONE,0.054,0.0
1040,32Thn_L1_EW,32THN_EW,0.008,-0.017
1040,32Thn_L2_EW,32THN_EW,0.008,-0.019
1040,NvcCmt8_L1_NS,NONE,0.039,0.0
1040,32Thn_L3_EW,NONE,0.008,0.0
1040,304Nvl_L2_NS,NONE,0.007,0.0
1040,32Nvl_L2_NS,32NVL_NS,0.12,0.12
1040,32Nvl_L3_EW,NONE,0.012,0.0
1040,32Nvl_L3_EW,NONE,0.031,0.0
1040,32Nvl_L1_NS,32NVL_NS,0.02,0.02
1040,NvcNvl_L1_NS,NONE,0.044,0.0
1040,NvcNvl_L3_EW,NONE,0.009,0.0
1040,32Mt_L2_EW,NONE,0.008,0.0
1040,32Mt_L2_EW,32MT_EW,0.049,0.022
1040,NvcMt_L2_EW,NVCMT_EW,0.008,0.002
1045,304Nvl_L1_NS,304NVL_NS,0.009,0.004
1045,304Nvl_L1_EW,304NVL_EW,0.042,0.042
1045,304Nvl_L2_EW,304NVL_EW,0.036,0.036
1045,304Nvl_L1_NS,NONE,0.044,0.0
1045,32Nvl_L1_NS,32NVL_NS,0.007,0.001
1045,32Nvl_L1_EW,32NVL_EW,0.035,-0.014
1045,32Nvl_L2_EW,32NVL_EW,0.039,-0.001
1045,32Nvl_L1_EW,32NVL_EW,0.013,-0.036
1045,32Nvl_L2_EW,32NVL_EW,0.015,-0.025
1045,32Nvl_L3_NS,NONE,0.008,0.0
1045,32Nvl_L2_NS,32NVL_NS,0.008,0.008
1045,32Mt_L1_EW,32MT_EW,0.063,0.038
1045,NvcMt_L1_EW,NVCMT_EW,0.006,0.006
1045,NvcCmt8_L2_NS,NONE,0.054,0.0
1045,32Thn_L1_EW,32THN_EW,0.008,-0.017
1045,32Thn_L2_EW,32THN_EW,0.008,-0.019
1045,NvcCmt8_L1_NS,NONE,0.039,0.0
1045,32Thn_L3_EW,NONE,0.008,0.0
1045,304Nvl_L3_EW,NONE,0.032,0.0
1045,32Nvl_L2_NS,32NVL_NS,0.007,0.007
1045,32Nvl_L3_EW,NONE,0.012,0.0
1045,32Nvl_L3_EW,NONE,0.031,0.0
1045,32Nvl_L1_NS,32NVL_NS,0.007,0.0
1045,32Mt_L2_EW,32MT_EW,0.049,0.022
1045,NvcMt_L2_EW,NVCMT_EW,0.008,0.008
1050,304Nvl_L1_NS,304NVL_NS,0.018,0.018
1050,304Nvl_L3_NS,NONE,0.007,0.0
1050,304Nvl_L1_EW,304NVL_EW,0.008,0.008
1050,32Nvl_L1_EW,32NVL_EW,0.035,-0.004
1050,32Nvl_L2_EW,32NVL_EW,0.039,0.008
1050,32Nvl_L1_EW,32NVL_EW,0.013,-0.026
1050,32Nvl_L2_EW,32NVL_EW,0.015,-0.016
1050,32Nvl_L3_NS,NONE,0.008,0.0
1050,32Nvl_L2_NS,32NVL_NS,0.008,0.003
1050,NvcNvl_L3_NS,NONE,0.007,0.0
1050,NvcNvl_L2_NS,NONE,0.007,0.0
1050,NvcNvl_L1_EW,NONE,0.053,0.0
1050,NvcNvl_L2_EW,NONE,0.038,0.0
1050,32Mt_L1_EW,NONE,0.014,0.0
1050,32Mt_L3_EW,NONE,0.009,0.0
1050,32Mt_L1_EW,32MT_EW,0.056,0.031
1050,32Mt_L1_NS,NONE,0.068,0.0
1050,32Thn_L1_EW,NONE,0.01,0.0
1050,304Nvl_L2_NS,304NVL_NS,0.008,0.002
1050,32Nvl_L3_EW,NONE,0.012,0.0
1050,32Nvl_L3_EW,NONE,0.031,0.0
1050,32Nvl_L1_NS,32NVL_NS,0.087,0.075
1050,NvcNvl_L1_NS,NONE,0.009,0.0
1050,32Mt_L2_EW,NONE,0.008,0.0
1050,32Mt_L2_EW,32MT_EW,0.044,0.016
1050,32Mt_L2_NS,NONE,0.052,0.0
1055,304Nvl_L1_NS,304NVL_NS,0.018,0.018
1055,304Nvl_L3_NS,NONE,0.007,0.0
1055,304Nvl_L1_NS,NONE,0.044,0.0
1055,304Nvl_L3_NS,NONE,0.008,0.0
1055,32Nvl_L1_EW,32NVL_EW,0.035,-0.004
1055,32Nvl_L2_EW,32NVL_EW,0.039,0.008
1055,32Nvl_L1_EW,32NVL_EW,0.013,-0.026
1055,32Nvl_L2_EW,32NVL_EW,0.015,-0.016
1055,32Nvl_L3_NS,NONE,0.017,0.0
1055,32Nvl_L2_NS,32NVL_NS,0.016,0.01
1055,32Mt_L1_EW,32MT_EW,0.056,0.031
1055,32Mt_L1_NS,NONE,0.01,0.0
1055,32Thn_L1_EW,NONE,0.01,0.0
1055,304Nvl_L2_NS,304NVL_NS,0.008,-0.003
1055,304Nvl_L2_NS,NONE,0.007,0.0
1055,32Nvl_L3_EW,NONE,0.012,0.0
1055,32Nvl_L3_EW,NONE,0.031,0.0
1055,32Nvl_L1_NS,32NVL_NS,0.134,0.122
1055,32Mt_L2_EW,32MT_EW,0.044,0.016
1055,32Mt_L2_NS,NONE,0.009,0.0
1060,304Nvl_L1_NS,304NVL_NS,0.009,0.004
1060,304Nvl_L3_NS,NONE,0.007,0.0
1060,32Nvl_L1_NS,32NVL_NS,0.007,0.001
1060,32Nvl_L1_EW,32NVL_EW,0.035,-0.004
1060,32Nvl_L2_EW,32NVL_EW,0.039,0.008
1060,32Nvl_L1_EW,32NVL_EW,0.013,-0.026
1060,32Nvl_L2_EW,32NVL_EW,0.015,-0.016
1060,32Nvl_L3_NS,NONE,0.008,0.0
1060,32Nvl_L2_NS,32NVL_NS,0.008,0.003
1060,NvcNvl_L1_EW,NVCNVL_EW,0.035,0.035
1060,NvcNvl_L2_EW,NVCNVL_EW,0.039,0.039
1060,32Mt_L1_NS,32MT_NS,0.031,0.031
1060,32Mt_L1_EW,NONE,0.072,0.0
1060,32Mt_L3_EW,NONE,0.08,0.0
1060,32Mt_L1_EW,32MT_EW,0.056,0.031
1060,32Mt_L1_NS,NONE,0.01,0.0
1060,NvcCmt8_L2_NS,NONE,0.011,0.0
1060,NvcCmt8_L1_NS,NONE,0.008,0.0
1060,304Nvl_L2_NS,304NVL_NS,0.008,0.002
1060,32Nvl_L3_EW,NONE,0.012,0.0
1060,32Nvl_L3_EW,NONE,0.031,0.0
1060,32Nvl_L1_NS,32NVL_NS,0.007,0.0
1060,32Mt_L2_EW,NONE,0.068,0.0
1060,32Mt_L2_EW,32MT_EW,0.044,0.016
1060,NvcCmt8_L1_NS,NONE,0.054,0.0
1065,304Nvl_L1_NS,304NVL_NS,0.018,0.013
1065,304Nvl_L3_NS,NONE,0.007,0.0
1065,304Nvl_L1_EW,304NVL_EW,0.051,0.051
1065,304Nvl_L2_EW,304NVL_EW,0.044,0.044
1065,32Nvl_L1_NS,32NVL_NS,0.007,-0.006
1065,32Nvl_L1_EW,32NVL_EW,0.035,-0.004
1065,32Nvl_L2_EW,32NVL_EW,0.039,0.008
1065,32Nvl_L1_EW,32NVL_EW,0.013,-0.026
1065,32Nvl_L2_EW,32NVL_EW,0.015,-0.016
1065,NvcNvl_L1_EW,NVCNVL_EW,0.035,0.035
1065,NvcNvl_L2_EW,NVCNVL_EW,0.039,0.039
1065,32Mt_L1_EW,NONE,0.036,0.0
1065,32Mt_L3_EW,NONE,0.035,0.0
1065,32Mt_L1_EW,32MT_EW,0.056,0.031
1065,304Nvl_L2_NS,304NVL_NS,0.008,0.008
1065,304Nvl_L3_EW,NONE,0.038,0.0
1065,32Nvl_L3_EW,NONE,0.012,0.0
1065,32Nvl_L3_EW,NONE,0.031,0.0
1065,NvcNvl_L3_EW,NONE,0.047,0.0
1065,32Mt_L2_EW,NONE,0.03,0.0
1065,32Mt_L2_EW,32MT_EW,0.044,0.016
1070,304Nvl_L1_NS,304NVL_NS,0.018,0.013
1070,304Nvl_L3_NS,NONE,0.007,0.0
1070,32Nvl_L3_NS,NONE,0.007,0.0
1070,32Nvl_L1_NS,32NVL_NS,0.007,-0.006
1070,32Mt_L1_EW,NONE,0.007,0.0
1070,32Mt_L3_EW,NONE,0.009,0.0
1070,32Mt_L1_EW,32MT_EW,0.056,0.056
1070,304Nvl_L2_NS,304NVL_NS,0.008,0.008
1070,32Nvl_L2_NS,32NVL_NS,0.007,0.001
1070,32Nvl_L1_NS,32NVL_NS,0.007,-0.006
1070,32Mt_L2_EW,NONE,0.008,0.0
1070,32Mt_L2_EW,32MT_EW,0.011,0.011
1075,304Nvl_L1_NS,304NVL_NS,0.018,-0.021
1075,304Nvl_L3_NS,NONE,0.007,0.0
1075,304Nvl_L1_EW,304NVL_EW,0.042,0.042
1075,304Nvl_L1_NS,NONE,0.007,0.0
1075,32Nvl_L3_NS,NONE,0.048,0.0
1075,32Nvl_L1_NS,32NVL_NS,0.055,0.043
1075,32Nvl_L1_EW,32NVL_EW,0.007,-0.042
1075,32Nvl_L2_EW,32NVL_EW,0.008,-0.023
1075,NvcNvl_L1_EW,NONE,0.053,0.0
1075,NvcNvl_L2_EW,NONE,0.038,0.0
1075,32Mt_L1_EW,32MT_EW,0.07,0.065
1075,NvcMt_L2_NS,NONE,0.005,0.0
1075,NvcCmt8_L2_NS,NONE,0.011,0.0
1075,NvcCmt8_L1_NS,NONE,0.008,0.0
1075,304Nvl_L2_NS,304NVL_NS,0.008,0.008
1075,32Nvl_L2_NS,32NVL_NS,0.053,0.048
1075,32Nvl_L3_EW,NONE,0.006,0.0
1075,32Nvl_L1_NS,32NVL_NS,0.013,0.001
1075,32Mt_L2_EW,32MT_EW,0.044,0.038
1075,NvcMt_L1_NS,NONE,0.011,0.0
1080,304Nvl_L1_NS,304NVL_NS,0.018,-0.045
1080,304Nvl_L3_NS,NONE,0.015,0.0
1080,32Nvl_L3_NS,NONE,0.075,0.0
1080,32Nvl_L1_NS,32NVL_NS,0.09,0.077
1080,32Nvl_L1_EW,32NVL_EW,0.007,-0.047
1080,32Nvl_L2_EW,32NVL_EW,0.008,-0.034
1080,32Nvl_L3_NS,NONE,0.008,0.0
1080,32Nvl_L2_NS,32NVL_NS,0.008,-0.003
1080,32Mt_L1_NS,32MT_NS,0.031,0.031
1080,32Mt_L1_EW,NONE,0.022,0.0
1080,32Mt_L3_EW,NONE,0.009,0.0
1080,32Mt_L1_EW,32MT_EW,0.077,0.072
1080,32Mt_L1_NS,NONE,0.01,0.0
1080,NvcMt_L2_NS,NONE,0.011,0.0
1080,304Nvl_L2_NS,304NVL_NS,0.015,0.01
1080,32Nvl_L2_NS,32NVL_NS,0.087,0.076
1080,32Nvl_L3_EW,NONE,0.006,0.0
1080,32Nvl_L1_NS,32NVL_NS,0.047,0.034
1080,32Mt_L2_EW,NONE,0.008,0.0
1080,32Mt_L2_EW,32MT_EW,0.06,0.054
1080,NvcMt_L1_NS,NONE,0.011,0.0
1085,304Nvl_L1_NS,304NVL_NS,0.018,-0.021
1085,304Nvl_L3_NS,NONE,0.015,0.0
1085,304Nvl_L1_EW,304NVL_EW,0.008,0.008
1085,304Nvl_L2_EW,304NVL_EW,0.007,0.007
1085,304Nvl_L1_NS,NONE,0.015,0.0
1085,304Nvl_L3_NS,NONE,0.016,0.0
1085,32Nvl_L3_NS,NONE,0.041,0.0
1085,32Nvl_L1_NS,32NVL_NS,0.055,0.043
1085,32Nvl_L3_NS,NONE,0.008,0.0
1085,32Nvl_L2_NS,32NVL_NS,0.008,-0.003
1085,32Mt_L1_NS,32MT_NS,0.031,0.031
1085,32Mt_L1_EW,NONE,0.014,0.0
1085,32Mt_L1_EW,32MT_EW,0.042,0.042
1085,NvcMt_L2_NS,NONE,0.005,0.0
1085,304Nvl_L2_NS,304NVL_NS,0.015,0.01
1085,304Nvl_L3_EW,NONE,0.006,0.0
1085,304Nvl_L2_NS,NONE,0.015,0.0
1085,32Nvl_L2_NS,32NVL_NS,0.053,0.043
1085,32Nvl_L1_NS,32NVL_NS,0.013,0.001
1085,32Mt_L2_EW,32MT_EW,0.033,0.033
1085,NvcMt_L1_NS,NONE,0.005,0.0
1085,NvcCmt8_L1_NS,NONE,0.011,0.0
1090,304Nvl_L1_NS,304NVL_NS,0.018,-0.025
1090,304Nvl_L3_NS,NONE,0.015,0.0
1090,304Nvl_L1_EW,304NVL_EW,0.017,0.017
1090,304Nvl_L2_EW,304NVL_EW,0.015,0.015
1090,32Nvl_L3_NS,NONE,0.041,0.0
1090,32Nvl_L1_NS,32NVL_NS,0.062,0.05
1090,32Nvl_L3_NS,NONE,0.025,0.0
1090,32Nvl_L2_NS,32NVL_NS,0.024,0.013
1090,NvcNvl_L3_NS,NONE,0.014,0.0
1090,NvcNvl_L2_NS,NONE,0.013,0.0
1090,32Mt_L1_NS,32MT_NS,0.038,0.038
1090,32Mt_L1_EW,NONE,0.029,0.0
1090,32Mt_L3_EW,NONE,0.009,0.0
1090,32Mt_L1_EW,32MT_EW,0.014,0.014
1090,32Mt_L1_NS,NONE,0.01,0.0
1090,304Nvl_L2_NS,304NVL_NS,0.015,-0.001
1090,304Nvl_L3_EW,NONE,0.006,0.0
1090,32Nvl_L2_NS,32NVL_NS,0.053,0.043
1090,32Nvl_L1_NS,32NVL_NS,0.027,0.014
1090,NvcNvl_L1_NS,NONE,0.017,0.0
1090,32Mt_L2_EW,NONE,0.008,0.0
1090,32Mt_L2_EW,32MT_EW,0.011,0.011
1090,32Mt_L2_NS,NONE,0.009,0.0
1095,304Nvl_L1_NS,304NVL_NS,0.018,-0.001
1095,304Nvl_L3_NS,NONE,0.015,0.0
1095,304Nvl_L1_EW,304NVL_EW,0.017,0.017
1095,304Nvl_L2_EW,304NVL_EW,0.007,0.007
1095,32Nvl_L3_NS,NONE,0.007,0.0
1095,32Nvl_L1_NS,32NVL_NS,0.028,0.015
1095,32Nvl_L1_EW,32NVL_EW,0.007,0.007
1095,32Nvl_L2_EW,32NVL_EW,0.008,0.008
1095,32Nvl_L3_NS,NONE,0.033,0.0
1095,32Nvl_L2_NS,32NVL_NS,0.032,0.021
1095,NvcNvl_L3_NS,NONE,0.034,0.0
1095,NvcNvl_L2_NS,NONE,0.04,0.0
1095,32Mt_L1_NS,32MT_NS,0.006,0.006
1095,32Mt_L1_EW,NONE,0.029,0.0
1095,NvcMt_L1_EW,NVCMT_EW,0.006,0.006
1095,304Nvl_L2_NS,304NVL_NS,0.015,-0.007
1095,304Nvl_L3_EW,NONE,0.006,0.0
1095,32Nvl_L2_NS,32NVL_NS,0.02,0.009
1095,32Nvl_L3_EW,NONE,0.006,0.0
1095,32Nvl_L1_NS,32NVL_NS,0.067,0.054
1095,NvcNvl_L1_NS,NONE,0.052,0.0
1095,32Mt_L2_EW,NONE,0.008,0.0
1095,NvcMt_L2_EW,NVCMT_EW,0.008,0.008
1100,304Nvl_L1_NS,304NVL_NS,0.018,-0.001
1100,304Nvl_L3_NS,NONE,0.015,0.0
1100,304Nvl_L1_EW,304NVL_EW,0.017,0.017
1100,32Nvl_L3_NS,NONE,0.014,0.0
1100,32Nvl_L1_NS,32NVL_NS,0.028,0.015
1100,32Nvl_L3_NS,NONE,0.042,0.0
1100,32Nvl_L2_NS,32NVL_NS,0.039,0.029
1100,32Mt_L1_NS,32MT_NS,0.006,0.006
1100,32Mt_L1_EW,NONE,0.007,0.0
1100,32Mt_L1_NS,NONE,0.01,0.0
1100,NvcCmt8_L2_EW,NONE,0.044,0.0
1100,304Nvl_L2_NS,304NVL_NS,0.015,-0.012
1100,32Nvl_L2_NS,32NVL_NS,0.027,0.016
1100,32Nvl_L1_NS,32NVL_NS,0.067,0.054
1100,NvcCmt8_L1_EW,NONE,0.034,0.0
1105,304Nvl_L1_NS,304NVL_NS,0.018,-0.001
1105,304Nvl_L3_NS,NONE,0.015,0.0
1105,304Nvl_L1_EW,304NVL_EW,0.008,0.008
1105,304Nvl_L1_NS,NONE,0.007,0.0
1105,32Nvl_L3_NS,NONE,0.014,0.0
1105,32Nvl_L1_NS,32NVL_NS,0.028,0.015
1105,32Nvl_L3_NS,NONE,0.042,0.0
1105,32Nvl_L2_NS,32NVL_NS,0.039,0.029
1105,NvcNvl_L1_EW,NVCNVL_EW,0.007,0.007
1105,NvcNvl_L2_EW,NVCNVL_EW,0.008,0.008
1105,32Mt_L1_NS,32MT_NS,0.006,0.006
1105,32Mt_L1_EW,32MT_EW,0.014,0.014
1105,NvcCmt8_L2_EW,NONE,0.007,0.0
1105,304Nvl_L2_NS,304NVL_NS,0.015,-0.012
1105,32Nvl_L2_NS,32NVL_NS,0.027,0.016
1105,32Nvl_L1_NS,32NVL_NS,0.067,0.054
1105,NvcNvl_L3_EW,NONE,0.009,0.0
1105,32Mt_L2_EW,32MT_EW,0.005,0.005
1105,NvcCmt8_L1_EW,NONE,0.006,0.0
1110,304Nvl_L1_NS,304NVL_NS,0.018,-0.001
1110,304Nvl_L3_NS,NONE,0.015,0.0
1110,32Nvl_L3_NS,NONE,0.014,0.0
1110,32Nvl_L1_NS,32NVL_NS,0.028,0.015
1110,32Nvl_L1_EW,32NVL_EW,0.007,0.002
1110,32Nvl_L2_EW,32NVL_EW,0.008,0.004
1110,32Nvl_L3_NS,NONE,0.042,0.0
1110,32Nvl_L2_NS,32NVL_NS,0.039,0.029
1110,NvcNvl_L1_EW,NVCNVL_EW,0.084,0.062
1110,NvcNvl_L2_EW,NVCNVL_EW,0.094,0.094
1110,32Mt_L1_NS,32MT_NS,0.006,0.006
1110,32Mt_L1_EW,32MT_EW,0.007,0.002
1110,32Mt_L1_NS,NONE,0.01,0.0
1110,NvcMt_L1_EW,NVCMT_EW,0.032,-0.06
1110,304Nvl_L2_NS,304NVL_NS,0.015,-0.012
1110,32Nvl_L2_NS,32NVL_NS,0.027,0.016
1110,32Nvl_L3_EW,NONE,0.006,0.0
1110,32Nvl_L1_NS,32NVL_NS,0.034,0.021
1110,NvcNvl_L3_EW,NONE,0.112,0.0
1110,32Mt_L2_EW,32MT_EW,0.005,0.0
1110,32Mt_L2_NS,NONE,0.009,0.0
1110,NvcMt_L2_EW,NVCMT_EW,0.04,-0.026
1110,NvcCmt8_L1_EW,NVCCMT8_EW,0.046,0.024
1115,304Nvl_L1_NS,304NVL_NS,0.018,0.004
1115,304Nvl_L3_NS,NONE,0.015,0.0
1115,32Nvl_L3_NS,NONE,0.007,0.0
1115,32Nvl_L1_NS,32NVL_NS,0.021,0.008
1115,32Nvl_L1_EW,32NVL_EW,0.007,0.007
1115,32Nvl_L2_EW,32NVL_EW,0.007,0.007
1115,32Nvl_L3_NS,NONE,0.042,0.0
1115,32Nvl_L2_NS,32NVL_NS,0.039,0.029
1115,NvcNvl_L1_EW,NONE,0.011,0.0
1115,NvcNvl_L2_EW,NONE,0.008,0.0
1115,NvcNvl_L1_EW,NVCNVL_EW,0.084,0.058
1115,NvcNvl_L2_EW,NVCNVL_EW,0.094,0.094
1115,32Mt_L1_EW,NONE,0.007,0.0
1115,NvcMt_L1_EW,NVCMT_EW,0.038,-0.021
1115,304Nvl_L2_NS,304NVL_NS,0.015,-0.012
1115,32Nvl_L2_NS,32NVL_NS,0.02,0.009
1115,32Nvl_L3_EW,NONE,0.006,0.0
1115,32Nvl_L1_NS,32NVL_NS,0.04,0.028
1115,NvcNvl_L3_EW,NONE,0.112,0.0
1115,NvcMt_L2_EW,NVCMT_EW,0.048,-0.018
1120,304Nvl_L1_NS,304NVL_NS,0.018,0.004
1120,304Nvl_L3_NS,NONE,0.015,0.0
1120,304Nvl_L1_EW,304NVL_EW,0.008,0.008
1120,304Nvl_L2_EW,304NVL_EW,0.007,0.007
1120,304Nvl_L1_NS,NONE,0.007,0.0
1120,304Nvl_L3_NS,NONE,0.008,0.0
1120,32Nvl_L3_NS,NONE,0.007,0.0
1120,32Nvl_L1_NS,32NVL_NS,0.021,0.008
1120,32Nvl_L3_NS,NONE,0.042,0.0
1120,32Nvl_L2_NS,32NVL_NS,0.039,0.029
1120,NvcNvl_L1_EW,NVCNVL_EW,0.007,0.007
1120,NvcNvl_L2_EW,NVCNVL_EW,0.008,0.008
1120,32Mt_L1_NS,32MT_NS,0.006,0.006
1120,32Mt_L1_EW,NONE,0.007,0.0
1120,32Mt_L1_EW,32MT_EW,0.007,0.007
1120,NvcCmt8_L2_NS,NONE,0.011,0.0
1120,NvcCmt8_L1_NS,NONE,0.008,0.0
1120,304Nvl_L2_NS,304NVL_NS,0.015,-0.012
1120,304Nvl_L3_EW,NONE,0.006,0.0
1120,304Nvl_L2_NS,NONE,0.007,0.0
1120,32Nvl_L2_NS,32NVL_NS,0.02,0.009
1120,32Nvl_L1_NS,32NVL_NS,0.04,0.028
1120,NvcNvl_L3_EW,NONE,0.009,0.0
1120,32Mt_L2_NS,32MT_NS,0.006,0.006
1120,32Mt_L2_EW,32MT_EW,0.005,0.005
1125,304Nvl_L1_NS,NONE,0.015,0.0
1125,32Nvl_L3_NS,NONE,0.017,0.0
1125,32Nvl_L2_NS,32NVL_NS,0.016,0.016
1125,NvcNvl_L1_EW,NVCNVL_EW,0.007,0.007
1125,NvcNvl_L2_EW,NVCNVL_EW,0.008,0.008
1125,32Mt_L1_NS,32MT_NS,0.006,0.006
1125,32Mt_L1_EW,32MT_EW,0.007,0.007
1125,304Nvl_L2_NS,NONE,0.007,0.0
1125,32Nvl_L1_NS,32NVL_NS,0.027,0.027
1125,NvcNvl_L3_EW,NONE,0.009,0.0
1125,32Mt_L2_NS,32MT_NS,0.006,0.006
1125,32Mt_L2_EW,32MT_EW,0.005,0.005
1130,304Nvl_L1_EW,304NVL_EW,0.042,0.042
1130,304Nvl_L2_EW,304NVL_EW,0.036,0.036
1130,304Nvl_L1_NS,NONE,0.007,0.0
1130,32Nvl_L1_NS,32NVL_NS,0.007,0.007
1130,NvcNvl_L1_EW,NVCNVL_EW,0.014,0.01
1130,NvcNvl_L2_EW,NVCNVL_EW,0.016,0.016
1130,32Mt_L1_EW,32MT_EW,0.042,0.042
1130,NvcMt_L1_EW,NVCMT_EW,0.006,-0.004
1130,304Nvl_L3_EW,NONE,0.032,0.0
1130,32Nvl_L2_NS,32NVL_NS,0.007,0.007
1130,32Nvl_L1_NS,32NVL_NS,0.007,0.007
1130,NvcNvl_L3_EW,NONE,0.019,0.0
1130,32Mt_L2_EW,32MT_EW,0.033,0.033
1130,NvcMt_L2_EW,NVCMT_EW,0.008,-0.003
1135,304Nvl_L1_EW,304NVL_EW,0.034,0.034
1135,304Nvl_L2_EW,304NVL_EW,0.022,0.022
1135,304Nvl_L1_NS,NONE,0.015,0.0
1135,32Nvl_L1_EW,32NVL_EW,0.007,-0.023
1135,NvcNvl_L1_EW,NVCNVL_EW,0.014,0.005
1135,NvcNvl_L2_EW,NVCNVL_EW,0.016,0.016
1135,32Mt_L1_EW,NONE,0.014,0.0
1135,32Mt_L3_EW,NONE,0.018,0.0
1135,32Mt_L1_EW,32MT_EW,0.042,0.042
1135,32Mt_L1_NS,NONE,0.01,0.0
1135,NvcMt_L1_EW,NVCMT_EW,0.013,-0.029
1135,NvcCmt8_L2_EW,NVCCMT8_EW,0.032,0.032
1135,304Nvl_L3_EW,NONE,0.019,0.0
1135,32Nvl_L1_NS,32NVL_NS,0.007,0.007
1135,NvcNvl_L3_EW,NONE,0.019,0.0
1135,32Mt_L2_EW,NONE,0.015,0.0
1135,32Mt_L2_EW,32MT_EW,0.033,0.033
1135,32Mt_L2_NS,NONE,0.009,0.0
1135,NvcMt_L2_EW,NVCMT_EW,0.016,-0.017
1135,NvcCmt8_L1_EW,NVCCMT8_EW,0.046,0.037
1140,304Nvl_L1_EW,304NVL_EW,0.034,0.034
1140,304Nvl_L2_EW,304NVL_EW,0.029,0.029
1140,304Nvl_L1_NS,NONE,0.036,0.0
1140,32Nvl_L1_EW,32NVL_EW,0.035,0.006
1140,32Nvl_L2_EW,32NVL_EW,0.039,0.016
1140,NvcNvl_L1_EW,NVCNVL_EW,0.014,0.01
1140,NvcNvl_L2_EW,NVCNVL_EW,0.016,0.016
1140,32Mt_L1_EW,NONE,0.007,0.0
1140,32Mt_L1_EW,32MT_EW,0.042,0.017
1140,NvcMt_L1_EW,NVCMT_EW,0.006,-0.036
1140,NvcCmt8_L2_EW,NVCCMT8_EW,0.032,0.032
1140,304Nvl_L3_EW,NONE,0.025,0.0
1140,32Nvl_L3_EW,NONE,0.031,0.0
1140,NvcNvl_L3_EW,NONE,0.019,0.0
1140,32Mt_L2_EW,32MT_EW,0.033,0.006
1140,NvcMt_L2_EW,NVCMT_EW,0.008,-0.025
1140,NvcCmt8_L1_EW,NVCCMT8_EW,0.046,0.042
1145,304Nvl_L1_EW,304NVL_EW,0.025,0.025
1145,304Nvl_L2_EW,304NVL_EW,0.022,0.022
1145,304Nvl_L1_NS,NONE,0.044,0.0
1145,32Nvl_L1_EW,32NVL_EW,0.035,-0.004
1145,32Nvl_L2_EW,32NVL_EW,0.039,0.01
1145,NvcNvl_L3_NS,NONE,0.007,0.0
1145,NvcNvl_L2_NS,NONE,0.013,0.0
1145,NvcNvl_L1_EW,NVCNVL_EW,0.014,0.014
1145,NvcNvl_L2_EW,NVCNVL_EW,0.016,0.016
1145,32Mt_L1_NS,32MT_NS,0.006,0.006
1145,32Mt_L1_EW,NONE,0.043,0.0
1145,32Mt_L3_EW,NONE,0.044,0.0
1145,32Mt_L1_EW,32MT_EW,0.049,0.024
1145,NvcCmt8_L2_EW,NVCCMT8_EW,0.032,0.032
1145,32Thn_L1_EW,32THN_EW,0.008,-0.017
1145,32Thn_L2_EW,32THN_EW,0.008,-0.019
1145,32Thn_L3_EW,NONE,0.008,0.0
1145,304Nvl_L3_EW,NONE,0.019,0.0
1145,32Nvl_L3_EW,NONE,0.031,0.0
1145,NvcNvl_L1_NS,NONE,0.017,0.0
1145,NvcNvl_L3_EW,NONE,0.019,0.0
1145,32Mt_L2_EW,NONE,0.038,0.0
1145,32Mt_L2_EW,32MT_EW,0.033,0.006
1145,NvcCmt8_L1_EW,NVCCMT8_EW,0.046,0.046
1150,304Nvl_L1_NS,304NVL_NS,0.009,0.004
1150,304Nvl_L1_EW,304NVL_EW,0.008,0.008
1150,32Nvl_L3_NS,NONE,0.007,0.0
1150,32Nvl_L1_NS,32NVL_NS,0.007,0.001
1150,32Nvl_L1_EW,32NVL_EW,0.035,0.0
1150,32Nvl_L2_EW,32NVL_EW,0.039,0.014
1150,32Nvl_L3_NS,NONE,0.008,0.0
1150,32Nvl_L2_NS,32NVL_NS,0.008,0.008
1150,NvcNvl_L1_EW,NVCNVL_EW,0.014,0.014
1150,NvcNvl_L2_EW,NVCNVL_EW,0.016,0.016
1150,32Mt_L1_EW,32MT_EW,0.042,0.017
1150,32Mt_L1_NS,NONE,0.01,0.0
1150,NvcCmt8_L2_EW,NVCCMT8_EW,0.026,0.026
1150,32Thn_L1_EW,32THN_EW,0.008,-0.017
1150,32Thn_L2_EW,32THN_EW,0.008,-0.019
1150,32Thn_L3_EW,NONE,0.008,0.0
1150,32Nvl_L2_NS,32NVL_NS,0.007,0.007
1150,32Nvl_L3_EW,NONE,0.031,0.0
1150,32Nvl_L1_NS,32NVL_NS,0.007,0.0
1150,NvcNvl_L3_EW,NONE,0.019,0.0
1150,32Mt_L2_EW,32MT_EW,0.027,0.0
1150,NvcCmt8_L1_EW,NVCCMT8_EW,0.038,0.038
1150,NvcCmt8_L1_EW,NONE,0.006,0.0
1155,304Nvl_L1_NS,304NVL_NS,0.009,0.009
1155,304Nvl_L1_EW,304NVL_EW,0.034,0.034
1155,304Nvl_L2_EW,304NVL_EW,0.007,0.007
1155,304Nvl_L1_NS,NONE,0.007,0.0
1155,32Nvl_L1_EW,32NVL_EW,0.035,-0.018
1155,32Nvl_L2_EW,32NVL_EW,0.039,0.035
1155,NvcNvl_L1_EW,NVCNVL_EW,0.028,0.024
1155,NvcNvl_L2_EW,NVCNVL_EW,0.023,0.023
1155,32Mt_L1_EW,32MT_EW,0.077,0.052
1155,32Mt_L1_NS,NONE,0.01,0.0
1155,NvcMt_L1_EW,NVCMT_EW,0.006,-0.013
1155,NvcCmt8_L2_EW,NONE,0.007,0.0
1155,304Nvl_L3_EW,NONE,0.006,0.0
1155,32Nvl_L3_EW,NONE,0.031,0.0
1155,NvcNvl_L3_EW,NONE,0.028,0.0
1155,32Mt_L2_EW,32MT_EW,0.005,-0.022
1155,NvcMt_L2_EW,NVCMT_EW,0.008,-0.008
1155,NvcCmt8_L1_EW,NONE,0.034,0.0
1160,304Nvl_L1_NS,304NVL_NS,0.009,0.004
1160,304Nvl_L1_EW,304NVL_EW,0.008,0.008
1160,32Nvl_L1_NS,32NVL_NS,0.007,0.001
1160,32Nvl_L1_EW,32NVL_EW,0.035,0.03
1160,32Nvl_L2_EW,32NVL_EW,0.039,0.039
1160,NvcNvl_L3_NS,NONE,0.014,0.0
1160,NvcNvl_L2_NS,NONE,0.013,0.0
1160,NvcNvl_L1_EW,NVCNVL_EW,0.035,0.031
1160,NvcNvl_L2_EW,NVCNVL_EW,0.023,0.023
1160,32Mt_L1_EW,NONE,0.014,0.0
1160,32Mt_L3_EW,NONE,0.009,0.0
1160,32Mt_L1_EW,32MT_EW,0.007,-0.018
1160,NvcMt_L1_EW,NVCMT_EW,0.006,-0.018
1160,32Thn_L1_EW,NONE,0.01,0.0
1160,304Nvl_L2_NS,304NVL_NS,0.008,0.008
1160,32Nvl_L2_NS,32NVL_NS,0.007,0.001
1160,32Nvl_L3_EW,NONE,0.031,0.0
1160,NvcNvl_L1_NS,NONE,0.017,0.0
1160,NvcNvl_L3_EW,NONE,0.028,0.0
1160,32Mt_L2_EW,NONE,0.008,0.0
1160,NvcMt_L2_EW,NVCMT_EW,0.008,-0.008
1160,NvcCmt8_L1_EW,NONE,0.029,0.0
1165,304Nvl_L1_EW,304NVL_EW,0.008,0.008
1165,32Nvl_L3_NS,NONE,0.007,0.0
1165,32Nvl_L1_NS,32NVL_NS,0.007,0.007
1165,32Nvl_L1_EW,32NVL_EW,0.042,0.042
1165,32Nvl_L2_EW,32NVL_EW,0.046,0.046
1165,32Nvl_L3_NS,NONE,0.008,0.0
1165,32Nvl_L2_NS,32NVL_NS,0.008,0.008
1165,NvcNvl_L3_NS,NONE,0.014,0.0
1165,NvcNvl_L2_NS,NONE,0.013,0.0
1165,NvcNvl_L1_EW,NVCNVL_EW,0.028,0.024
1165,NvcNvl_L2_EW,NVCNVL_EW,0.023,0.023
1165,NvcMt_L2_NS,NONE,0.005,0.0
1165,NvcMt_L1_EW,NVCMT_EW,0.006,-0.013
1165,32Thn_L1_EW,NONE,0.01,0.0
1165,32Nvl_L2_NS,32NVL_NS,0.007,0.007
1165,32Nvl_L3_EW,NONE,0.038,0.0
1165,32Nvl_L1_NS,32NVL_NS,0.007,0.007
1165,NvcNvl_L1_NS,NONE,0.017,0.0
1165,NvcNvl_L3_EW,NONE,0.028,0.0
1165,NvcMt_L1_NS,NONE,0.005,0.0
1165,NvcMt_L2_EW,NVCMT_EW,0.008,-0.008
1170,304Nvl_L1_EW,304NVL_EW,0.008,0.008
1170,304Nvl_L2_EW,304NVL_EW,0.007,0.007
1170,32Nvl_L3_NS,NONE,0.034,0.0
1170,32Nvl_L1_NS,32NVL_NS,0.035,0.035
1170,32Nvl_L1_EW,32NVL_EW,0.035,0.03
1170,32Nvl_L2_EW,32NVL_EW,0.039,0.035
1170,32Nvl_L3_NS,NONE,0.008,0.0
1170,32Nvl_L2_NS,32NVL_NS,0.008,0.008
1170,NvcNvl_L3_NS,NONE,0.007,0.0
1170,NvcNvl_L2_NS,NONE,0.007,0.0
1170,NvcNvl_L1_EW,NVCNVL_EW,0.028,0.028
1170,NvcNvl_L2_EW,NVCNVL_EW,0.023,0.023
1170,32Mt_L1_EW,NONE,0.043,0.0
1170,32Mt_L3_EW,NONE,0.009,0.0
1170,32Mt_L1_EW,32MT_EW,0.007,-0.018
1170,NvcMt_L2_NS,NONE,0.005,0.0
1170,304Nvl_L3_EW,NONE,0.006,0.0
1170,32Nvl_L2_NS,32NVL_NS,0.033,0.033
1170,32Nvl_L3_EW,NONE,0.031,0.0
1170,32Nvl_L1_NS,32NVL_NS,0.013,0.013
1170,NvcNvl_L1_NS,NONE,0.009,0.0
1170,NvcNvl_L3_EW,NONE,0.028,0.0
1170,32Mt_L2_EW,NONE,0.008,0.0
1170,32Mt_L2_EW,32MT_EW,0.005,-0.022
1170,NvcMt_L1_NS,NONE,0.005,0.0
1170,NvcCmt8_L1_EW,NVCCMT8_EW,0.008,0.008
1175,304Nvl_L1_EW,304NVL_EW,0.017,0.017
1175,304Nvl_L2_EW,304NVL_EW,0.015,0.015
1175,32Nvl_L3_NS,NONE,0.007,0.0
1175,32Nvl_L1_NS,32NVL_NS,0.042,0.042
1175,32Nvl_L1_EW,32NVL_EW,0.035,0.035
1175,32Nvl_L2_EW,32NVL_EW,0.039,0.039
1175,32Nvl_L3_NS,NONE,0.008,0.0
1175,32Nvl_L2_NS,32NVL_NS,0.008,0.008
1175,NvcNvl_L1_EW,NVCNVL_EW,0.028,0.028
1175,NvcNvl_L2_EW,NVCNVL_EW,0.023,0.023
1175,32Mt_L1_EW,NONE,0.043,0.0
1175,32Mt_L3_EW,NONE,0.009,0.0
1175,304Nvl_L3_EW,NONE,0.013,0.0
1175,32Nvl_L2_NS,32NVL_NS,0.04,0.04
1175,32Nvl_L3_EW,NONE,0.031,0.0
1175,32Nvl_L1_NS,32NVL_NS,0.013,0.013
1175,NvcNvl_L3_EW,NONE,0.028,0.0
1175,32Mt_L2_EW,NONE,0.008,0.0
1180,304Nvl_L1_NS,304NVL_NS,0.009,0.004
1180,304Nvl_L3_NS,NONE,0.007,0.0
1180,304Nvl_L1_NS,NONE,0.007,0.0
1180,32Nvl_L3_NS,NONE,0.007,0.0
1180,32Nvl_L1_NS,32NVL_NS,0.007,0.001
1180,32Nvl_L1_EW,32NVL_EW,0.035,0.026
1180,32Nvl_L2_EW,32NVL_EW,0.039,0.035
1180,NvcNvl_L3_NS,NONE,0.014,0.0
1180,NvcNvl_L2_NS,NONE,0.013,0.0
1180,NvcNvl_L1_EW,NONE,0.011,0.0
1180,NvcNvl_L2_EW,NONE,0.008,0.0
1180,NvcNvl_L1_EW,NVCNVL_EW,0.014,0.014
1180,32Mt_L1_NS,32MT_NS,0.006,0.006
1180,32Mt_L1_EW,NONE,0.007,0.0
1180,32Mt_L3_EW,NONE,0.009,0.0
1180,32Mt_L1_EW,32MT_EW,0.014,-0.011
1180,32Mt_L1_NS,NONE,0.01,0.0
1180,304Nvl_L2_NS,304NVL_NS,0.008,0.008
1180,32Nvl_L2_NS,32NVL_NS,0.007,0.001
1180,32Nvl_L3_EW,NONE,0.031,0.0
1180,NvcNvl_L1_NS,NONE,0.017,0.0
1180,32Mt_L2_EW,NONE,0.008,0.0
1180,32Mt_L2_EW,32MT_EW,0.005,-0.022
1180,32Mt_L2_NS,NONE,0.009,0.0
1185,304Nvl_L1_NS,304NVL_NS,0.009,0.004
1185,304Nvl_L3_NS,NONE,0.007,0.0
1185,304Nvl_L1_NS,NONE,0.015,0.0
1185,32Nvl_L1_NS,32NVL_NS,0.007,0.001
1185,32Nvl_L1_EW,32NVL_EW,0.042,0.042
1185,32Nvl_L2_EW,32NVL_EW,0.046,0.046
1185,NvcNvl_L3_NS,NONE,0.007,0.0
1185,NvcNvl_L2_NS,NONE,0.007,0.0
1185,NvcNvl_L1_EW,NVCNVL_EW,0.007,0.007
1185,32Mt_L1_EW,NONE,0.007,0.0
1185,304Nvl_L2_NS,304NVL_NS,0.008,0.008
1185,32Nvl_L3_EW,NONE,0.038,0.0
1185,32Nvl_L1_NS,32NVL_NS,0.04,0.034
1185,NvcNvl_L1_NS,NONE,0.009,0.0
1190,304Nvl_L1_NS,304NVL_NS,0.009,0.009
1190,304Nvl_L3_NS,NONE,0.007,0.0
1190,32Nvl_L1_EW,32NVL_EW,0.035,0.026
1190,32Nvl_L2_EW,32NVL_EW,0.039,0.039
1190,NvcNvl_L1_EW,NVCNVL_EW,0.007,0.007
1190,32Mt_L1_EW,NONE,0.007,0.0
1190,32Mt_L1_EW,32MT_EW,0.014,-0.011
1190,NvcMt_L2_NS,NONE,0.005,0.0
1190,304Nvl_L2_NS,304NVL_NS,0.008,0.008
1190,32Nvl_L3_EW,NONE,0.031,0.0
1190,32Nvl_L1_NS,32NVL_NS,0.007,0.0
1190,NvcMt_L1_NS,NONE,0.005,0.0
1195,304Nvl_L1_NS,304NVL_NS,0.009,0.009
1195,304Nvl_L3_NS,NONE,0.007,0.0
1195,304Nvl_L1_EW,304NVL_EW,0.017,0.017
1195,304Nvl_L2_EW,304NVL_EW,0.015,0.015
1195,32Nvl_L1_EW,32NVL_EW,0.035,0.035
1195,32Nvl_L2_EW,32NVL_EW,0.039,0.039
1195,NvcNvl_L1_EW,NVCNVL_EW,0.007,0.007
1195,32Mt_L1_EW,NONE,0.007,0.0
1195,32Mt_L3_EW,NONE,0.009,0.0
1195,32Mt_L1_NS,NONE,0.01,0.0
1195,NvcCmt8_L2_EW,NVCCMT8_EW,0.005,0.005
1195,32Thn_L1_EW,NONE,0.01,0.0
1195,32Thn_L2_EW,NONE,0.01,0.0
1195,32Thn_L3_EW,NONE,0.007,0.0
1195,304Nvl_L2_NS,304NVL_NS,0.008,0.008
1195,304Nvl_L3_EW,NONE,0.013,0.0
1195,32Nvl_L3_EW,NONE,0.031,0.0
1195,32Mt_L2_EW,NONE,0.008,0.0
1195,32Mt_L2_NS,NONE,0.009,0.0
1195,NvcCmt8_L1_EW,NVCCMT8_EW,0.008,0.008
1200,304Nvl_L1_NS,304NVL_NS,0.009,0.009
1200,304Nvl_L3_NS,NONE,0.007,0.0
1200,304Nvl_L1_EW,304NVL_EW,0.017,0.017
1200,304Nvl_L2_EW,304NVL_EW,0.015,0.015
1200,32Nvl_L1_EW,32NVL_EW,0.035,0.03
1200,32Nvl_L2_EW,32NVL_EW,0.039,0.039
1200,NvcNvl_L1_EW,NVCNVL_EW,0.007,0.007
1200,NvcNvl_L2_EW,NVCNVL_EW,0.008,0.008
1200,32Mt_L1_EW,NONE,0.007,0.0
1200,32Mt_L3_EW,NONE,0.009,0.0
1200,NvcCmt8_L2_EW,NVCCMT8_EW,0.005,0.005
1200,32Thn_L1_EW,32THN_EW,0.008,-0.017
1200,304Nvl_L2_NS,304NVL_NS,0.008,0.008
1200,304Nvl_L3_EW,NONE,0.013,0.0
1200,32Nvl_L3_EW,NONE,0.031,0.0
1200,NvcNvl_L3_EW,NONE,0.009,0.0
1200,32Mt_L2_EW,NONE,0.008,0.0
1200,NvcCmt8_L1_EW,NVCCMT8_EW,0.008,0.008
1205,304Nvl_L1_NS,304NVL_NS,0.009,0.009
1205,304Nvl_L3_NS,NONE,0.007,0.0
1205,304Nvl_L1_EW,NONE,0.008,0.0
1205,304Nvl_L1_NS,NONE,0.007,0.0
1205,32Nvl_L1_EW,32NVL_EW,0.071,0.066
1205,32Nvl_L2_EW,32NVL_EW,0.077,0.073
1205,32Nvl_L3_NS,NONE,0.008,0.0
1205,32Nvl_L2_NS,32NVL_NS,0.008,0.003
1205,NvcNvl_L3_NS,NONE,0.007,0.0
1205,NvcNvl_L2_NS,NONE,0.007,0.0
1205,32Mt_L1_NS,32MT_NS,0.006,0.006
1205,32Mt_L1_EW,NONE,0.014,0.0
1205,32Mt_L3_EW,NONE,0.009,0.0
1205,32Mt_L1_EW,32MT_EW,0.007,-0.043
1205,NvcMt_L1_EW,NVCMT_EW,0.032,0.032
1205,NvcCmt8_L2_NS,NONE,0.011,0.0
1205,NvcCmt8_L1_NS,NONE,0.008,0.0
1205,304Nvl_L2_NS,304NVL_NS,0.008,0.002
1205,32Nvl_L3_EW,NONE,0.063,0.0
1205,32Nvl_L1_NS,32NVL_NS,0.007,0.0
1205,NvcNvl_L1_NS,NONE,0.009,0.0
1205,32Mt_L2_EW,NONE,0.008,0.0
1205,32Mt_L2_EW,32MT_EW,0.005,-0.049
1205,NvcMt_L2_EW,NVCMT_EW,0.04,0.04
1205,NvcCmt8_L1_EW,NONE,0.006,0.0
1210,304Nvl_L1_NS,304NVL_NS,0.009,-0.001
1210,304Nvl_L3_NS,NONE,0.007,0.0
1210,304Nvl_L1_NS,NONE,0.015,0.0
1210,304Nvl_L3_NS,NONE,0.008,0.0
1210,32Nvl_L3_NS,NONE,0.007,0.0
1210,32Nvl_L1_NS,32NVL_NS,0.014,0.008
1210,32Nvl_L1_EW,32NVL_EW,0.035,0.035
1210,32Nvl_L2_EW,32NVL_EW,0.039,0.039
1210,32Nvl_L1_EW,32NVL_EW,0.007,0.007
1210,32Mt_L1_NS,32MT_NS,0.006,0.006
1210,32Mt_L1_NS,NONE,0.01,0.0
1210,NvcMt_L2_NS,NONE,0.005,0.0
1210,304Nvl_L2_NS,304NVL_NS,0.008,0.008
1210,304Nvl_L2_NS,NONE,0.007,0.0
1210,32Nvl_L2_NS,32NVL_NS,0.013,0.008
1210,32Nvl_L3_EW,NONE,0.031,0.0
1210,NvcMt_L1_NS,NONE,0.005,0.0
1215,304Nvl_L1_NS,304NVL_NS,0.009,0.009
1215,304Nvl_L3_NS,NONE,0.007,0.0
1215,304Nvl_L1_EW,304NVL_EW,0.008,0.008
1215,304Nvl_L2_EW,304NVL_EW,0.007,0.007
1215,32Nvl_L1_EW,32NVL_EW,0.05,0.04
1215,32Nvl_L2_EW,32NVL_EW,0.054,0.046
1215,32Nvl_L1_EW,32NVL_EW,0.007,-0.003
1215,NvcNvl_L3_NS,NONE,0.034,0.0
1215,NvcNvl_L2_NS,NONE,0.033,0.0
1215,NvcNvl_L1_EW,NONE,0.011,0.0
1215,NvcNvl_L2_EW,NONE,0.008,0.0
1215,32Mt_L1_NS,32MT_NS,0.006,0.006
1215,32Mt_L1_EW,32MT_EW,0.014,-0.021
1215,NvcCmt8_L2_NS,NONE,0.012,0.0
1215,304Nvl_L2_NS,304NVL_NS,0.008,0.008
1215,32Nvl_L3_EW,NONE,0.044,0.0
1215,32Nvl_L1_NS,32NVL_NS,0.034,0.027
1215,NvcNvl_L1_NS,NONE,0.044,0.0
1215,32Mt_L2_EW,32MT_EW,0.011,-0.027
1215,NvcMt_L1_EW,NVCMT_EW,0.006,0.006
1215,NvcCmt8_L1_NS,NONE,0.011,0.0
1220,304Nvl_L1_NS,304NVL_NS,0.009,0.009
1220,304Nvl_L3_NS,NONE,0.007,0.0
1220,304Nvl_L1_EW,304NVL_EW,0.008,0.008
1220,32Nvl_L1_EW,32NVL_EW,0.05,0.05
1220,32Nvl_L2_EW,32NVL_EW,0.054,0.054
1220,32Nvl_L1_EW,32NVL_EW,0.007,0.007
1220,32Nvl_L2_EW,32NVL_EW,0.007,0.007
1220,NvcNvl_L3_NS,NONE,0.007,0.0
1220,NvcNvl_L2_NS,NONE,0.007,0.0
1220,NvcNvl_L1_EW,NONE,0.064,0.0
1220,NvcNvl_L2_EW,NONE,0.046,0.0
1220,32Mt_L1_NS,32MT_NS,0.006,0.006
1220,32Mt_L1_NS,NONE,0.02,0.0
1220,304Nvl_L2_NS,304NVL_NS,0.008,0.008
1220,32Nvl_L3_EW,NONE,0.006,0.0
1220,32Nvl_L3_EW,NONE,0.044,0.0
1220,32Nvl_L1_NS,32NVL_NS,0.013,0.007
1220,NvcNvl_L1_NS,NONE,0.009,0.0
1220,NvcNvl_L3_EW,NONE,0.006,0.0
1220,32Mt_L2_NS,NONE,0.009,0.0
1225,304Nvl_L1_NS,304NVL_NS,0.009,0.009
1225,304Nvl_L3_NS,NONE,0.007,0.0
1225,32Nvl_L1_EW,32NVL_EW,0.035,0.035
1225,32Nvl_L2_EW,32NVL_EW,0.039,0.039
1225,32Nvl_L1_EW,32NVL_EW,0.007,0.007
1225,32Nvl_L2_EW,32NVL_EW,0.007,0.007
1225,304Nvl_L2_NS,304NVL_NS,0.008,0.008
1225,32Nvl_L3_EW,NONE,0.006,0.0
1225,32Nvl_L3_EW,NONE,0.031,0.0
1225,32Nvl_L1_NS,32NVL_NS,0.007,0.0
1230,304Nvl_L1_NS,304NVL_NS,0.009,0.004
1230,304Nvl_L3_NS,NONE,0.007,0.0
1230,32Nvl_L3_NS,NONE,0.007,0.0
1230,32Nvl_L1_NS,32NVL_NS,0.007,0.001
1230,32Nvl_L1_EW,32NVL_EW,0.021,-0.037
1230,32Nvl_L2_EW,32NVL_EW,0.023,-0.023
1230,32Nvl_L3_NS,NONE,0.017,0.0
1230,32Nvl_L2_NS,32NVL_NS,0.016,0.01
1230,NvcNvl_L3_NS,NONE,0.007,0.0
1230,NvcNvl_L2_NS,NONE,0.007,0.0
1230,NvcNvl_L1_EW,NONE,0.011,0.0
1230,NvcNvl_L2_EW,NONE,0.008,0.0
1230,32Mt_L1_EW,NONE,0.036,0.0
1230,32Mt_L3_EW,NONE,0.044,0.0
1230,32Mt_L1_EW,32MT_EW,0.084,0.069
1230,NvcCmt8_L2_NS,NONE,0.054,0.0
1230,NvcCmt8_L1_NS,NONE,0.039,0.0
1230,304Nvl_L2_NS,304NVL_NS,0.008,-0.003
1230,32Nvl_L2_NS,32NVL_NS,0.007,0.001
1230,32Nvl_L3_EW,NONE,0.019,0.0
1230,32Nvl_L1_NS,32NVL_NS,0.02,0.014
1230,NvcNvl_L1_NS,NONE,0.009,0.0
1230,32Mt_L2_EW,NONE,0.038,0.0
1230,32Mt_L2_EW,32MT_EW,0.065,0.049
1235,304Nvl_L1_EW,304NVL_EW,0.008,0.008
1235,304Nvl_L2_EW,304NVL_EW,0.007,0.007
1235,32Nvl_L3_NS,NONE,0.007,0.0
1235,32Nvl_L1_NS,32NVL_NS,0.014,0.014
1235,32Nvl_L1_EW,32NVL_EW,0.05,-0.014
1235,32Nvl_L2_EW,32NVL_EW,0.054,0.005
1235,32Nvl_L3_NS,NONE,0.025,0.0
1235,32Nvl_L2_NS,32NVL_NS,0.024,0.024
1235,NvcNvl_L1_EW,NVCNVL_EW,0.007,0.007
1235,NvcNvl_L2_EW,NVCNVL_EW,0.008,0.008
1235,32Mt_L1_EW,32MT_EW,0.091,0.056
1235,NvcCmt8_L2_NS,NONE,0.054,0.0
1235,NvcCmt8_L1_NS,NONE,0.039,0.0
1235,304Nvl_L3_EW,NONE,0.006,0.0
1235,32Nvl_L2_NS,32NVL_NS,0.013,0.013
1235,32Nvl_L3_EW,NONE,0.044,0.0
1235,32Nvl_L1_NS,32NVL_NS,0.06,0.06
1235,NvcNvl_L3_EW,NONE,0.009,0.0
1235,32Mt_L2_EW,32MT_EW,0.071,0.033
1240,304Nvl_L1_EW,304NVL_EW,0.008,0.008
1240,304Nvl_L2_EW,304NVL_EW,0.007,0.007
1240,32Nvl_L1_EW,32NVL_EW,0.042,-0.026
1240,32Nvl_L2_EW,32NVL_EW,0.046,-0.007
1240,32Nvl_L3_NS,NONE,0.017,0.0
1240,32Nvl_L2_NS,32NVL_NS,0.016,0.016
1240,NvcNvl_L1_EW,NVCNVL_EW,0.007,0.007
1240,NvcNvl_L2_EW,NVCNVL_EW,0.008,0.008
1240,32Mt_L1_EW,32MT_EW,0.098,0.068
1240,32Mt_L1_NS,NONE,0.049,0.0
1240,NvcMt_L2_NS,NONE,0.005,0.0
1240,NvcMt_L1_NS,NVCMT_NS,0.007,0.007
1240,304Nvl_L3_EW,NONE,0.006,0.0
1240,32Nvl_L3_EW,NONE,0.038,0.0
1240,32Nvl_L1_NS,32NVL_NS,0.047,0.047
1240,NvcNvl_L3_EW,NONE,0.009,0.0
1240,32Mt_L2_EW,32MT_EW,0.076,0.044
1240,NvcMt_L1_NS,NONE,0.005,0.0
1240,NvcMt_L2_NS,NVCMT_NS,0.005,0.005
1245,304Nvl_L1_NS,304NVL_NS,0.009,0.009
1245,304Nvl_L3_NS,NONE,0.007,0.0
1245,304Nvl_L1_EW,304NVL_EW,0.008,0.008
1245,304Nvl_L2_EW,304NVL_EW,0.007,0.007
1245,304Nvl_L1_NS,NONE,0.007,0.0
1245,32Nvl_L1_EW,32NVL_EW,0.021,-0.047
1245,32Nvl_L2_EW,32NVL_EW,0.023,-0.03
1245,NvcNvl_L3_NS,NONE,0.041,0.0
1245,NvcNvl_L2_NS,NONE,0.04,0.0
1245,NvcNvl_L1_EW,NONE,0.053,0.0
1245,NvcNvl_L2_EW,NONE,0.038,0.0
1245,NvcNvl_L1_EW,NVCNVL_EW,0.014,0.014
1245,NvcNvl_L2_EW,NVCNVL_EW,0.016,0.014
1245,32Mt_L1_EW,32MT_EW,0.098,0.083
1245,NvcMt_L2_NS,NONE,0.005,0.0
1245,NvcMt_L2_EW,NVCMT_EW,0.003,-0.008
1245,304Nvl_L2_NS,304NVL_NS,0.008,0.008
1245,304Nvl_L3_EW,NONE,0.006,0.0
1245,32Nvl_L3_EW,NONE,0.019,0.0
1245,NvcNvl_L1_NS,NONE,0.052,0.0
1245,NvcNvl_L3_EW,NONE,0.032,0.0
1245,NvcNvl_L3_EW,NONE,0.019,0.0
1245,32Mt_L2_EW,32MT_EW,0.076,0.06
1245,NvcMt_L1_NS,NONE,0.005,0.0
1245,NvcMt_L1_EW,NVCMT_EW,0.006,-0.004
1250,304Nvl_L1_EW,304NVL_EW,0.008,0.008
1250,304Nvl_L2_EW,304NVL_EW,0.007,0.007
1250,32Nvl_L1_EW,32NVL_EW,0.007,-0.086
1250,32Nvl_L2_EW,32NVL_EW,0.008,-0.065
1250,32Nvl_L1_EW,32NVL_EW,0.007,-0.086
1250,NvcNvl_L3_NS,NONE,0.081,0.0
1250,NvcNvl_L2_NS,NONE,0.079,0.0
1250,NvcNvl_L1_EW,NONE,0.053,0.0
1250,NvcNvl_L2_EW,NONE,0.038,0.0
1250,NvcNvl_L1_EW,NVCNVL_EW,0.007,0.007
1250,NvcNvl_L2_EW,NVCNVL_EW,0.008,0.006
1250,32Mt_L1_NS,32MT_NS,0.006,0.006
1250,32Mt_L1_EW,NONE,0.007,0.0
1250,32Mt_L3_EW,NONE,0.009,0.0
1250,32Mt_L1_EW,32MT_EW,0.133,0.128
1250,NvcMt_L2_EW,NVCMT_EW,0.003,-0.003
1250,304Nvl_L3_EW,NONE,0.006,0.0
1250,32Nvl_L3_EW,NONE,0.006,0.0
1250,32Nvl_L1_NS,32NVL_NS,0.034,0.034
1250,NvcNvl_L1_NS,NONE,0.105,0.0
1250,NvcNvl_L3_EW,NONE,0.032,0.0
1250,32Mt_L2_NS,32MT_NS,0.006,0.006
1250,32Mt_L2_EW,NONE,0.008,0.0
1250,32Mt_L2_EW,32MT_EW,0.103,0.098
1250,NvcMt_L1_EW,NVCMT_EW,0.006,0.001
1255,304Nvl_L1_EW,304NVL_EW,0.059,0.059
1255,304Nvl_L2_EW,304NVL_EW,0.051,0.051
1255,304Nvl_L1_NS,NONE,0.007,0.0
1255,32Nvl_L1_EW,32NVL_EW,0.007,-0.091
1255,32Nvl_L2_EW,32NVL_EW,0.008,-0.068
1255,32Nvl_L1_EW,32NVL_EW,0.007,-0.091
1255,NvcNvl_L3_NS,NONE,0.129,0.0
1255,NvcNvl_L2_NS,NONE,0.126,0.0
1255,NvcNvl_L1_EW,NVCNVL_EW,0.035,0.035
1255,32Mt_L1_NS,32MT_NS,0.006,0.006
1255,32Mt_L1_EW,NONE,0.007,0.0
1255,32Mt_L3_EW,NONE,0.009,0.0
1255,32Mt_L1_EW,32MT_EW,0.139,0.135
1255,NvcMt_L2_EW,NVCMT_EW,0.003,0.003
1255,304Nvl_L3_EW,NONE,0.038,0.0
1255,32Nvl_L3_EW,NONE,0.006,0.0
1255,32Nvl_L1_NS,32NVL_NS,0.007,0.007
1255,NvcNvl_L1_NS,NONE,0.166,0.0
1255,32Mt_L2_NS,32MT_NS,0.006,0.006
1255,32Mt_L2_EW,NONE,0.008,0.0
1255,32Mt_L2_EW,32MT_EW,0.109,0.103
1255,NvcMt_L1_EW,NVCMT_EW,0.006,-0.019
1260,304Thn_L1_EW,304THN_EW,0.008,-0.01
1260,304Thn_L3_EW,NONE,0.008,0.0
1260,304Nvl_L1_EW,304NVL_EW,0.025,0.02
1260,304Nvl_L2_EW,304NVL_EW,0.022,0.017
1260,32Nvl_L1_EW,32NVL_EW,0.007,-0.105
1260,32Nvl_L2_EW,32NVL_EW,0.008,-0.076
1260,NvcNvl_L3_NS,NONE,0.027,0.0
1260,NvcNvl_L2_NS,NONE,0.026,0.0
1260,NvcNvl_L1_EW,NONE,0.011,0.0
1260,NvcNvl_L2_EW,NONE,0.008,0.0
1260,NvcNvl_L1_EW,NVCNVL_EW,0.035,0.009
1260,32Mt_L1_EW,NONE,0.007,0.0
1260,32Mt_L3_EW,NONE,0.009,0.0
1260,32Mt_L1_EW,32MT_EW,0.16,0.155
1260,NvcMt_L1_EW,NVCMT_EW,0.038,0.013
1260,NvcCmt8_L2_NS,NONE,0.022,0.0
1260,NvcCmt8_L1_NS,NONE,0.015,0.0
1260,304Nvl_L3_EW,NONE,0.019,0.0
1260,32Nvl_L3_EW,NONE,0.006,0.0
1260,32Nvl_L1_NS,32NVL_NS,0.007,0.007
1260,NvcNvl_L1_NS,NONE,0.035,0.0
1260,NvcNvl_L3_EW,NONE,0.006,0.0
1260,32Mt_L2_EW,NONE,0.008,0.0
1260,32Mt_L2_EW,32MT_EW,0.12,0.114
1260,NvcMt_L2_EW,NVCMT_EW,0.048,0.048
1260,304Thn_L2_EW,304THN_EW,0.007,-0.008
1265,304Thn_L1_EW,304THN_EW,0.008,0.008
1265,304Thn_L3_EW,NONE,0.008,0.0
1265,304Nvl_L1_NS,NONE,0.007,0.0
1265,32Nvl_L1_EW,32NVL_EW,0.007,-0.115
1265,32Nvl_L2_EW,32NVL_EW,0.008,-0.08
1265,NvcNvl_L1_EW,NONE,0.011,0.0
1265,NvcNvl_L2_EW,NONE,0.008,0.0
1265,32Mt_L1_EW,NONE,0.014,0.0
1265,32Mt_L3_EW,NONE,0.009,0.0
1265,32Mt_L1_EW,32MT_EW,0.174,0.169
1265,NvcMt_L2_NS,NONE,0.005,0.0
1265,NvcMt_L1_EW,NVCMT_EW,0.032,0.032
1265,32Nvl_L3_EW,NONE,0.006,0.0
1265,NvcNvl_L3_EW,NONE,0.006,0.0
1265,32Mt_L2_EW,NONE,0.008,0.0
1265,32Mt_L2_EW,32MT_EW,0.125,0.12
1265,NvcMt_L1_NS,NONE,0.005,0.0
1265,NvcMt_L2_EW,NVCMT_EW,0.04,0.04
1265,304Thn_L2_EW,304THN_EW,0.007,0.007
1270,304Thn_L1_EW,NONE,0.007,0.0
1270,304Thn_L2_EW,NONE,0.008,0.0
1270,304Nvl_L1_EW,304NVL_EW,0.042,0.042
1270,304Nvl_L1_EW,NONE,0.008,0.0
1270,304Nvl_L1_NS,NONE,0.007,0.0
1270,32Nvl_L3_NS,NONE,0.007,0.0
1270,32Nvl_L1_NS,32NVL_NS,0.007,0.007
1270,32Nvl_L1_EW,32NVL_EW,0.007,-0.12
1270,32Nvl_L2_EW,32NVL_EW,0.008,-0.084
1270,NvcNvl_L3_NS,NONE,0.007,0.0
1270,NvcNvl_L2_NS,NONE,0.007,0.0
1270,NvcNvl_L1_EW,NONE,0.021,0.0
1270,NvcNvl_L2_EW,NONE,0.015,0.0
1270,NvcNvl_L1_EW,NVCNVL_EW,0.042,0.02
1270,NvcNvl_L2_EW,NVCNVL_EW,0.008,0.008
1270,32Mt_L1_EW,NONE,0.014,0.0
1270,32Mt_L3_EW,NONE,0.009,0.0
1270,32Mt_L1_EW,32MT_EW,0.181,0.176
1270,32Mt_L1_NS,NONE,0.01,0.0
1270,NvcMt_L1_EW,NVCMT_EW,0.032,0.002
1270,32Thn_L1_EW,NONE,0.01,0.0
1270,32Thn_L2_EW,NONE,0.01,0.0
1270,32Thn_L3_EW,NONE,0.007,0.0
1270,32Nvl_L2_NS,32NVL_NS,0.007,0.007
1270,32Nvl_L3_EW,NONE,0.006,0.0
1270,NvcNvl_L1_NS,NONE,0.009,0.0
1270,NvcNvl_L3_EW,NONE,0.006,0.0
1270,NvcNvl_L3_EW,NONE,0.009,0.0
1270,32Mt_L2_EW,NONE,0.008,0.0
1270,32Mt_L2_EW,32MT_EW,0.131,0.125
1270,32Mt_L2_NS,NONE,0.009,0.0
1270,NvcMt_L2_EW,NVCMT_EW,0.04,0.034
1270,304Thn_L3_EW,NONE,0.008,0.0
1275,304Thn_L1_EW,NONE,0.007,0.0
1275,304Thn_L2_EW,NONE,0.008,0.0
1275,304Nvl_L1_EW,304NVL_EW,0.017,0.017
1275,304Nvl_L2_EW,304NVL_EW,0.007,0.007
1275,304Nvl_L1_NS,NONE,0.007,0.0
1275,32Nvl_L1_EW,32NVL_EW,0.014,-0.113
1275,32Nvl_L2_EW,32NVL_EW,0.015,-0.076
1275,NvcNvl_L3_NS,NONE,0.007,0.0
1275,NvcNvl_L2_NS,NONE,0.007,0.0
1275,NvcNvl_L1_EW,NONE,0.011,0.0
1275,NvcNvl_L2_EW,NONE,0.008,0.0
1275,32Mt_L1_EW,NONE,0.007,0.0
1275,32Mt_L3_EW,NONE,0.009,0.0
1275,32Mt_L1_EW,32MT_EW,0.174,0.164
1275,NvcMt_L1_EW,NVCMT_EW,0.032,0.032
1275,NvcMt_L2_EW,NVCMT_EW,0.013,0.013
1275,32Thn_L1_EW,32THN_EW,0.008,-0.002
1275,304Nvl_L3_EW,NONE,0.006,0.0
1275,32Nvl_L3_EW,NONE,0.013,0.0
1275,NvcNvl_L1_NS,NONE,0.009,0.0
1275,32Mt_L2_EW,NONE,0.008,0.0
1275,32Mt_L2_EW,32MT_EW,0.131,0.12
1275,NvcMt_L2_EW,NVCMT_EW,0.04,0.04
1275,NvcMt_L1_EW,NVCMT_EW,0.028,0.028
1275,304Thn_L3_EW,NONE,0.008,0.0
1280,304Thn_L1_EW,304THN_EW,0.017,0.017
1280,304Thn_L3_EW,NONE,0.008,0.0
1280,304Nvl_L1_NS,NONE,0.007,0.0
1280,32Nvl_L1_NS,32NVL_NS,0.007,0.007
1280,32Nvl_L3_NS,NONE,0.008,0.0
1280,32Nvl_L2_NS,32NVL_NS,0.008,0.008
1280,NvcNvl_L1_EW,NONE,0.011,0.0
1280,NvcNvl_L2_EW,NONE,0.008,0.0
1280,32Mt_L1_NS,32MT_NS,0.006,0.006
1280,32Mt_L1_EW,NONE,0.007,0.0
1280,32Mt_L3_EW,NONE,0.009,0.0
1280,32Mt_L1_EW,32MT_EW,0.174,0.174
1280,32Mt_L1_NS,NONE,0.01,0.0
1280,NvcMt_L1_EW,NVCMT_EW,0.076,0.076
1280,NvcMt_L2_EW,NVCMT_EW,0.013,0.013
1280,32Nvl_L2_NS,32NVL_NS,0.007,0.007
1280,32Nvl_L1_NS,32NVL_NS,0.013,0.013
1280,32Mt_L2_NS,32MT_NS,0.006,0.006
1280,32Mt_L2_EW,NONE,0.008,0.0
1280,32Mt_L2_EW,32MT_EW,0.125,0.125
1280,NvcMt_L2_EW,NVCMT_EW,0.095,0.095
1280,NvcMt_L1_EW,NVCMT_EW,0.028,0.028
1280,304Thn_L2_EW,304THN_EW,0.007,0.007
1285,304Thn_L1_EW,304THN_EW,0.008,0.008
1285,304Thn_L3_EW,NONE,0.008,0.0
1285,32Nvl_L1_NS,32NVL_NS,0.007,0.007
1285,32Nvl_L1_EW,32NVL_EW,0.007,-0.11
1285,32Nvl_L2_EW,32NVL_EW,0.008,-0.08
1285,32Nvl_L3_NS,NONE,0.008,0.0
1285,32Nvl_L2_NS,32NVL_NS,0.008,0.008
1285,NvcNvl_L1_EW,NVCNVL_EW,0.084,0.031
1285,NvcNvl_L2_EW,NVCNVL_EW,0.094,0.084
1285,32Mt_L1_EW,NONE,0.022,0.0
1285,32Mt_L3_EW,NONE,0.018,0.0
1285,32Mt_L1_EW,32MT_EW,0.167,0.162
1285,32Mt_L1_NS,NONE,0.01,0.0
1285,NvcMt_L1_EW,NVCMT_EW,0.076,0.017
1285,NvcMt_L2_EW,NVCMT_EW,0.013,-0.052
1285,32Nvl_L2_NS,32NVL_NS,0.007,0.007
1285,32Nvl_L3_EW,NONE,0.006,0.0
1285,32Nvl_L1_NS,32NVL_NS,0.02,0.02
1285,NvcNvl_L3_EW,NONE,0.112,0.0
1285,32Mt_L2_EW,NONE,0.023,0.0
1285,32Mt_L2_EW,32MT_EW,0.125,0.12
1285,NvcMt_L2_EW,NVCMT_EW,0.095,0.03
1285,NvcMt_L1_EW,NVCMT_EW,0.028,-0.031
1285,304Thn_L2_EW,304THN_EW,0.007,0.007
1290,32Nvl_L3_NS,NONE,0.007,0.0
1290,32Nvl_L1_NS,32NVL_NS,0.014,0.014
1290,32Nvl_L3_NS,NONE,0.008,0.0
1290,32Nvl_L2_NS,32NVL_NS,0.008,0.008
1290,NvcNvl_L3_NS,NONE,0.007,0.0
1290,NvcNvl_L2_NS,NONE,0.007,0.0
1290,32Mt_L1_EW,NONE,0.022,0.0
1290,32Mt_L3_EW,NONE,0.018,0.0
1290,32Mt_L1_EW,32MT_EW,0.16,0.16
1290,NvcMt_L1_EW,NVCMT_EW,0.076,0.076
1290,NvcMt_L2_EW,NVCMT_EW,0.013,0.013
1290,NvcCmt8_L2_NS,NONE,0.011,0.0
1290,NvcCmt8_L1_NS,NONE,0.008,0.0
1290,32Nvl_L2_NS,32NVL_NS,0.013,0.013
1290,32Nvl_L1_NS,32NVL_NS,0.013,0.013
1290,NvcNvl_L1_NS,NONE,0.009,0.0
1290,32Mt_L2_EW,NONE,0.015,0.0
1290,32Mt_L2_EW,32MT_EW,0.12,0.12
1290,NvcMt_L2_EW,NVCMT_EW,0.095,0.095
1290,NvcMt_L1_EW,NVCMT_EW,0.028,0.028
1295,304Thn_L1_EW,304THN_EW,0.041,0.006
1295,304Thn_L3_EW,NONE,0.039,0.0
1295,304Nvl_L1_EW,304NVL_EW,0.051,0.022
1295,304Nvl_L2_EW,304NVL_EW,0.044,0.018
1295,32Nvl_L3_NS,NONE,0.007,0.0
1295,32Nvl_L1_NS,32NVL_NS,0.014,0.014
1295,32Nvl_L1_EW,32NVL_EW,0.035,-0.018
1295,32Nvl_L2_EW,32NVL_EW,0.039,0.004
1295,32Nvl_L3_NS,NONE,0.025,0.0
1295,32Nvl_L2_NS,32NVL_NS,0.024,0.024
1295,NvcNvl_L3_NS,NONE,0.007,0.0
1295,NvcNvl_L2_NS,NONE,0.007,0.0
1295,32Mt_L1_EW,32MT_EW,0.077,0.052
1295,32Mt_L1_NS,NONE,0.01,0.0
1295,NvcMt_L1_EW,NVCMT_EW,0.076,0.071
1295,NvcMt_L2_EW,NVCMT_EW,0.005,0.002
1295,NvcCmt8_L2_EW,NVCCMT8_EW,0.005,0.002
1295,304Nvl_L3_EW,NONE,0.038,0.0
1295,32Nvl_L2_NS,32NVL_NS,0.013,0.013
1295,32Nvl_L3_EW,NONE,0.031,0.0
1295,32Nvl_L1_NS,32NVL_NS,0.027,0.027
1295,NvcNvl_L1_NS,NONE,0.009,0.0
1295,32Mt_L2_EW,32MT_EW,0.049,0.022
1295,32Mt_L2_NS,NONE,0.009,0.0
1295,NvcMt_L2_EW,NVCMT_EW,0.095,0.092
1295,NvcMt_L1_EW,NVCMT_EW,0.011,0.006
1295,NvcCmt8_L1_EW,NVCCMT8_EW,0.008,-0.046
1295,304Thn_L2_EW,304THN_EW,0.037,0.007
1300,304Thn_L1_EW,304THN_EW,0.041,0.035
1300,304Thn_L3_EW,NONE,0.039,0.0
1300,304Nvl_L1_EW,304NVL_EW,0.008,-0.02
1300,304Nvl_L2_EW,304NVL_EW,0.007,-0.019
1300,32Nvl_L3_NS,NONE,0.014,0.0
1300,32Nvl_L1_NS,32NVL_NS,0.021,0.021
1300,32Nvl_L1_EW,32NVL_EW,0.007,-0.008
1300,32Nvl_L2_EW,32NVL_EW,0.008,-0.004
1300,32Nvl_L3_NS,NONE,0.025,0.0
1300,32Nvl_L2_NS,32NVL_NS,0.024,0.024
1300,NvcNvl_L1_EW,NONE,0.011,0.0
1300,NvcNvl_L2_EW,NONE,0.008,0.0
1300,NvcNvl_L1_EW,NVCNVL_EW,0.007,0.007
1300,32Mt_L1_EW,32MT_EW,0.021,0.016
1300,32Mt_L1_NS,NONE,0.01,0.0
1300,NvcMt_L2_EW,NVCMT_EW,0.003,0.003
1300,304Nvl_L3_EW,NONE,0.006,0.0
1300,32Nvl_L2_NS,32NVL_NS,0.02,0.02
1300,32Nvl_L3_EW,NONE,0.006,0.0
1300,32Nvl_L1_NS,32NVL_NS,0.027,0.027
1300,32Mt_L2_EW,32MT_EW,0.016,0.011
1300,NvcMt_L1_EW,NVCMT_EW,0.006,0.001
1300,NvcCmt8_L1_EW,NONE,0.006,0.0
1300,304Thn_L2_EW,304THN_EW,0.037,0.032
1305,304Nvl_L1_EW,304NVL_EW,0.008,0.008
1305,304Nvl_L2_EW,304NVL_EW,0.007,0.007
1305,32Nvl_L3_NS,NONE,0.014,0.0
1305,32Nvl_L1_NS,32NVL_NS,0.028,0.028
1305,32Nvl_L1_EW,32NVL_EW,0.007,-0.008
1305,32Nvl_L2_EW,32NVL_EW,0.008,0.0
1305,32Nvl_L3_NS,NONE,0.042,0.0
1305,32Nvl_L2_NS,32NVL_NS,0.039,0.039
1305,NvcNvl_L3_NS,NONE,0.034,0.0
1305,NvcNvl_L2_NS,NONE,0.033,0.0
1305,32Mt_L1_EW,NONE,0.101,0.0
1305,32Mt_L1_EW,32MT_EW,0.021,0.016
1305,NvcMt_L2_NS,NONE,0.026,0.0
1305,32Thn_L1_EW,NONE,0.01,0.0
1305,32Thn_L2_EW,NONE,0.01,0.0
1305,32Thn_L3_EW,NONE,0.007,0.0
1305,304Nvl_L3_EW,NONE,0.006,0.0
1305,32Nvl_L2_NS,32NVL_NS,0.027,0.027
1305,32Nvl_L3_EW,NONE,0.006,0.0
1305,32Nvl_L1_NS,32NVL_NS,0.047,0.047
1305,NvcNvl_L1_NS,NONE,0.044,0.0
1305,32Mt_L2_EW,NONE,0.008,0.0
1305,32Mt_L2_EW,32MT_EW,0.011,0.005
1305,NvcMt_L1_NS,NONE,0.027,0.0
1310,304Thn_L1_EW,NONE,0.034,0.0
1310,304Nvl_L1_EW,304NVL_EW,0.051,0.051
1310,304Nvl_L2_EW,304NVL_EW,0.007,0.007
1310,32Nvl_L3_NS,NONE,0.014,0.0
1310,32Nvl_L1_NS,32NVL_NS,0.028,0.028
1310,32Nvl_L3_NS,NONE,0.05,0.0
1310,32Nvl_L2_NS,32NVL_NS,0.047,0.047
1310,NvcNvl_L3_NS,NONE,0.007,0.0
1310,NvcNvl_L2_NS,NONE,0.007,0.0
1310,32Mt_L1_EW,NONE,0.137,0.0
1310,32Mt_L3_EW,NONE,0.018,0.0
1310,32Mt_L1_EW,32MT_EW,0.014,0.014
1310,32Mt_L1_NS,NONE,0.02,0.0
1310,32Thn_L1_EW,NONE,0.01,0.0
1310,32Thn_L2_EW,NONE,0.01,0.0
1310,32Thn_L1_EW,32THN_EW,0.008,0.008
1310,32Thn_L3_EW,NONE,0.007,0.0
1310,304Nvl_L3_EW,NONE,0.006,0.0
1310,32Nvl_L2_NS,32NVL_NS,0.027,0.027
1310,32Nvl_L1_NS,32NVL_NS,0.047,0.047
1310,NvcNvl_L1_NS,NONE,0.009,0.0
1310,32Mt_L2_EW,NONE,0.015,0.0
1310,32Mt_L2_EW,32MT_EW,0.011,0.011
1310,32Mt_L2_NS,NONE,0.009,0.0
1310,NvcMt_L1_EW,NVCMT_EW,0.067,0.067
1315,304Nvl_L1_EW,304NVL_EW,0.008,0.008
1315,304Nvl_L1_NS,NONE,0.007,0.0
1315,32Nvl_L3_NS,NONE,0.02,0.0
1315,32Nvl_L1_NS,32NVL_NS,0.028,0.028
1315,32Nvl_L1_EW,32NVL_EW,0.007,-0.003
1315,32Nvl_L2_EW,32NVL_EW,0.008,0.004
1315,32Nvl_L3_NS,NONE,0.058,0.0
1315,32Nvl_L2_NS,32NVL_NS,0.055,0.055
1315,32Mt_L1_NS,32MT_NS,0.006,0.006
1315,32Mt_L1_EW,NONE,0.05,0.0
1315,32Mt_L3_EW,NONE,0.009,0.0
1315,32Mt_L1_EW,32MT_EW,0.007,0.002
1315,NvcCmt8_L2_NS,NONE,0.011,0.0
1315,32Thn_L1_EW,32THN_EW,0.008,0.003
1315,NvcCmt8_L1_NS,NONE,0.008,0.0
1315,32Nvl_L2_NS,32NVL_NS,0.027,0.027
1315,32Nvl_L3_EW,NONE,0.006,0.0
1315,32Nvl_L1_NS,32NVL_NS,0.054,0.054
1315,32Mt_L2_EW,NONE,0.008,0.0
1315,32Mt_L2_EW,32MT_EW,0.005,0.0
1320,304Nvl_L1_EW,304NVL_EW,0.008,0.008
1320,32Nvl_L3_NS,NONE,0.014,0.0
1320,32Nvl_L1_NS,32NVL_NS,0.021,0.021
1320,32Nvl_L3_NS,NONE,0.058,0.0
1320,32Nvl_L2_NS,32NVL_NS,0.055,0.055
1320,NvcNvl_L3_NS,NONE,0.007,0.0
1320,NvcNvl_L2_NS,NONE,0.007,0.0
1320,32Mt_L1_NS,32MT_NS,0.013,0.013
1320,32Mt_L1_EW,NONE,0.007,0.0
1320,32Mt_L1_EW,32MT_EW,0.007,0.007
1320,32Mt_L1_NS,NONE,0.01,0.0
1320,NvcMt_L1_EW,NVCMT_EW,0.006,0.006
1320,32Nvl_L2_NS,32NVL_NS,0.02,0.02
1320,32Nvl_L1_NS,32NVL_NS,0.06,0.06
1320,NvcNvl_L1_NS,NONE,0.009,0.0
1320,32Mt_L2_EW,32MT_EW,0.005,0.005
1320,NvcMt_L2_EW,NVCMT_EW,0.008,0.008
1325,304Nvl_L1_EW,304NVL_EW,0.017,0.017
1325,304Nvl_L2_EW,304NVL_EW,0.015,0.015
1325,32Nvl_L3_NS,NONE,0.014,0.0
1325,32Nvl_L1_NS,32NVL_NS,0.021,0.021
1325,32Nvl_L3_NS,NONE,0.058,0.0
1325,32Nvl_L2_NS,32NVL_NS,0.055,0.055
1325,NvcNvl_L3_NS,NONE,0.007,0.0
1325,NvcNvl_L2_NS,NONE,0.007,0.0
1325,NvcNvl_L1_EW,NVCNVL_EW,0.014,0.014
1325,NvcNvl_L2_EW,NVCNVL_EW,0.016,0.016
1325,32Mt_L1_NS,32MT_NS,0.006,0.006
1325,32Mt_L1_EW,NONE,0.007,0.0
1325,32Mt_L1_EW,32MT_EW,0.007,0.007
1325,304Nvl_L3_EW,NONE,0.013,0.0
1325,32Nvl_L2_NS,32NVL_NS,0.02,0.02
1325,32Nvl_L1_NS,32NVL_NS,0.054,0.054
1325,NvcNvl_L1_NS,NONE,0.009,0.0
1325,NvcNvl_L3_EW,NONE,0.019,0.0
1325,32Mt_L2_EW,32MT_EW,0.005,0.005
1330,304Thn_L1_EW,NONE,0.007,0.0
1330,304Thn_L2_EW,NONE,0.008,0.0
1330,32Nvl_L3_NS,NONE,0.014,0.0
1330,32Nvl_L1_NS,32NVL_NS,0.021,0.021
1330,32Nvl_L3_NS,NONE,0.058,0.0
1330,32Nvl_L2_NS,32NVL_NS,0.055,0.055
1330,NvcNvl_L1_EW,NVCNVL_EW,0.014,0.014
1330,NvcNvl_L2_EW,NVCNVL_EW,0.016,0.016
1330,32Mt_L1_NS,NONE,0.049,0.0
1330,32Nvl_L2_NS,32NVL_NS,0.02,0.02
1330,32Nvl_L1_NS,32NVL_NS,0.054,0.054
1330,NvcNvl_L3_EW,NONE,0.019,0.0
1330,32Mt_L2_NS,NONE,0.043,0.0
1330,304Thn_L3_EW,NONE,0.008,0.0
1335,304Thn_L1_EW,304THN_EW,0.008,0.002
1335,304Nvl_L1_EW,304NVL_EW,0.008,0.003
1335,304Nvl_L2_EW,304NVL_EW,0.007,0.007
1335,304Nvl_L1_EW,NONE,0.008,0.0
1335,304Nvl_L1_NS,NONE,0.015,0.0
1335,304Nvl_L2_EW,NONE,0.009,0.0
1335,32Nvl_L3_NS,NONE,0.014,0.0
1335,32Nvl_L1_NS,32NVL_NS,0.021,0.021
1335,32Nvl_L1_EW,32NVL_EW,0.007,0.007
1335,32Nvl_L2_EW,32NVL_EW,0.008,0.008
1335,32Nvl_L3_NS,NONE,0.167,0.0
1335,32Nvl_L2_NS,32NVL_NS,0.158,0.158
1335,32Mt_L1_NS,NONE,0.059,0.0
1335,32Nvl_L2_NS,32NVL_NS,0.02,0.02
1335,32Nvl_L3_EW,NONE,0.006,0.0
1335,32Nvl_L1_NS,32NVL_NS,0.134,0.134
1335,32Mt_L2_NS,NONE,0.052,0.0
1340,304Nvl_L1_EW,304NVL_EW,0.017,0.017
1340,304Nvl_L2_EW,304NVL_EW,0.015,0.015
1340,32Nvl_L3_NS,NONE,0.014,0.0
1340,32Nvl_L1_NS,32NVL_NS,0.021,0.021
1340,32Nvl_L3_NS,NONE,0.175,0.0
1340,32Nvl_L2_NS,32NVL_NS,0.166,0.166
1340,NvcNvl_L1_EW,NVCNVL_EW,0.007,0.007
1340,32Mt_L1_EW,NONE,0.036,0.0
1340,32Mt_L1_EW,32MT_EW,0.007,0.007
1340,NvcMt_L2_NS,NONE,0.026,0.0
1340,304Nvl_L3_EW,NONE,0.013,0.0
1340,32Nvl_L2_NS,32NVL_NS,0.02,0.02
1340,32Nvl_L1_NS,32NVL_NS,0.141,0.141
1340,32Mt_L2_EW,32MT_EW,0.005,0.005
1340,NvcMt_L1_NS,NONE,0.027,0.0
1345,304Nvl_L1_NS,304NVL_NS,0.009,-0.01
1345,304Nvl_L1_EW,304NVL_EW,0.017,0.017
1345,304Nvl_L2_EW,304NVL_EW,0.015,0.015
1345,32Nvl_L3_NS,NONE,0.02,0.0
1345,32Nvl_L1_NS,32NVL_NS,0.028,0.021
1345,32Nvl_L1_EW,32NVL_EW,0.007,0.007
1345,32Nvl_L2_EW,32NVL_EW,0.008,0.008
1345,32Nvl_L1_EW,32NVL_EW,0.007,0.007
1345,32Nvl_L3_NS,NONE,0.184,0.0
1345,32Nvl_L2_NS,32NVL_NS,0.174,0.174
1345,NvcNvl_L3_NS,NONE,0.034,0.0
1345,NvcNvl_L2_NS,NONE,0.033,0.0
1345,32Mt_L1_EW,NONE,0.036,0.0
1345,32Mt_L1_NS,NONE,0.02,0.0
1345,NvcMt_L2_NS,NONE,0.037,0.0
1345,NvcCmt8_L2_NS,NONE,0.054,0.0
1345,NvcCmt8_L1_NS,NONE,0.039,0.0
1345,304Nvl_L3_EW,NONE,0.013,0.0
1345,32Nvl_L2_NS,32NVL_NS,0.027,0.027
1345,32Nvl_L3_EW,NONE,0.006,0.0
1345,32Nvl_L1_NS,32NVL_NS,0.148,0.141
1345,NvcNvl_L1_NS,NONE,0.044,0.0
1345,32Mt_L2_NS,NONE,0.009,0.0
1345,NvcMt_L1_NS,NONE,0.038,0.0
1350,304Nvl_L1_NS,304NVL_NS,0.009,0.004
1350,304Nvl_L1_EW,304NVL_EW,0.025,0.025
1350,304Nvl_L2_EW,304NVL_EW,0.015,0.015
1350,304Nvl_L1_NS,NONE,0.007,0.0
1350,32Nvl_L3_NS,NONE,0.007,0.0
1350,32Nvl_L1_NS,32NVL_NS,0.007,0.001
1350,32Nvl_L1_EW,32NVL_EW,0.007,0.007
1350,32Nvl_L2_EW,32NVL_EW,0.008,0.008
1350,32Nvl_L3_NS,NONE,0.159,0.0
1350,32Nvl_L2_NS,32NVL_NS,0.15,0.15
1350,NvcNvl_L2_NS,NONE,0.033,0.0
1350,32Mt_L1_EW,NONE,0.014,0.0
1350,NvcMt_L2_NS,NONE,0.005,0.0
1350,NvcMt_L1_EW,NVCMT_EW,0.006,0.006
1350,304Nvl_L3_EW,NONE,0.013,0.0
1350,32Nvl_L2_NS,32NVL_NS,0.007,0.007
1350,32Nvl_L3_EW,NONE,0.006,0.0
1350,32Nvl_L1_NS,32NVL_NS,0.128,0.121
1350,NvcNvl_L1_NS,NONE,0.044,0.0
1350,NvcMt_L1_NS,NONE,0.005,0.0
1350,NvcMt_L2_EW,NVCMT_EW,0.008,0.008
1355,304Nvl_L1_NS,304NVL_NS,0.009,0.004
1355,304Nvl_L1_EW,304NVL_EW,0.034,0.034
1355,304Nvl_L2_EW,304NVL_EW,0.022,0.022
1355,304Nvl_L1_EW,NONE,0.008,0.0
1355,304Nvl_L2_EW,NONE,0.009,0.0
1355,32Nvl_L1_NS,32NVL_NS,0.007,0.001
1355,32Nvl_L1_EW,32NVL_EW,0.007,0.007
1355,32Nvl_L2_EW,32NVL_EW,0.008,0.008
1355,32Nvl_L3_NS,NONE,0.15,0.0
1355,32Nvl_L2_NS,32NVL_NS,0.142,0.142
1355,NvcNvl_L3_NS,NONE,0.007,0.0
1355,NvcNvl_L2_NS,NONE,0.007,0.0
1355,NvcNvl_L1_EW,NONE,0.107,0.0
1355,NvcNvl_L2_EW,NONE,0.076,0.0
1355,NvcMt_L1_EW,NVCMT_EW,0.006,0.006
1355,304Nvl_L3_EW,NONE,0.019,0.0
1355,304Nvl_L3_EW,NONE,0.008,0.0
1355,32Nvl_L3_EW,NONE,0.006,0.0
1355,32Nvl_L1_NS,32NVL_NS,0.128,0.121
1355,NvcNvl_L1_NS,NONE,0.009,0.0
1355,NvcNvl_L3_EW,NONE,0.032,0.0
1355,NvcMt_L2_EW,NVCMT_EW,0.008,0.008
1360,304Thn_L1_EW,304THN_EW,0.008,-0.015
1360,304Thn_L3_EW,NONE,0.008,0.0
1360,304Nvl_L1_EW,304NVL_EW,0.034,0.028
1360,304Nvl_L2_EW,304NVL_EW,0.022,0.017
1360,32Nvl_L3_NS,NONE,0.007,0.0
1360,32Nvl_L1_NS,32NVL_NS,0.021,0.021
1360,32Nvl_L1_EW,32NVL_EW,0.007,0.007
1360,32Nvl_L2_EW,32NVL_EW,0.008,0.008
1360,32Nvl_L3_NS,NONE,0.117,0.0
1360,32Nvl_L2_NS,32NVL_NS,0.111,0.111
1360,NvcNvl_L3_NS,NONE,0.007,0.0
1360,NvcNvl_L2_NS,NONE,0.013,0.0
1360,NvcNvl_L1_EW,NONE,0.075,0.0
1360,NvcNvl_L2_EW,NONE,0.054,0.0
1360,NvcNvl_L1_EW,NVCNVL_EW,0.007,0.003
1360,NvcNvl_L2_EW,NVCNVL_EW,0.008,0.008
1360,32Mt_L1_EW,NONE,0.007,0.0
1360,32Mt_L3_EW,NONE,0.009,0.0
1360,NvcMt_L1_EW,NVCMT_EW,0.006,0.001
1360,304Nvl_L3_EW,NONE,0.019,0.0
1360,32Nvl_L2_NS,32NVL_NS,0.007,0.007
1360,32Nvl_L3_EW,NONE,0.006,0.0
1360,32Nvl_L1_NS,32NVL_NS,0.101,0.101
1360,NvcNvl_L1_NS,NONE,0.017,0.0
1360,NvcNvl_L3_EW,NONE,0.044,0.0
1360,NvcNvl_L3_EW,NONE,0.009,0.0
1360,32Mt_L2_EW,NONE,0.008,0.0
1360,NvcMt_L2_EW,NVCMT_EW,0.008,0.002
1360,304Thn_L2_EW,304THN_EW,0.007,-0.008
1365,304Thn_L1_EW,304THN_EW,0.008,0.002
1365,304Thn_L3_EW,NONE,0.008,0.0
1365,304Nvl_L1_EW,304NVL_EW,0.008,0.003
1365,32Nvl_L1_NS,32NVL_NS,0.014,0.014
1365,32Nvl_L1_EW,32NVL_EW,0.007,0.007
1365,32Nvl_L2_EW,32NVL_EW,0.008,0.008
1365,32Nvl_L3_NS,NONE,0.008,0.0
1365,32Nvl_L2_NS,32NVL_NS,0.008,0.008
1365,NvcNvl_L1_EW,NONE,0.011,0.0
1365,NvcNvl_L2_EW,NONE,0.008,0.0
1365,NvcNvl_L1_EW,NVCNVL_EW,0.007,-0.015
1365,NvcNvl_L2_EW,NVCNVL_EW,0.008,0.008
1365,32Mt_L1_EW,NONE,0.007,0.0
1365,32Mt_L3_EW,NONE,0.009,0.0
1365,NvcMt_L1_EW,NVCMT_EW,0.032,0.027
1365,32Nvl_L2_NS,32NVL_NS,0.013,0.013
1365,32Nvl_L3_EW,NONE,0.006,0.0
1365,32Nvl_L1_NS,32NVL_NS,0.013,0.013
1365,NvcNvl_L3_EW,NONE,0.006,0.0
1365,NvcNvl_L3_EW,NONE,0.009,0.0
1365,32Mt_L2_EW,NONE,0.008,0.0
1365,NvcMt_L2_EW,NVCMT_EW,0.04,0.034
1365,304Thn_L2_EW,304THN_EW,0.007,0.007
1370,304Thn_L1_EW,304THN_EW,0.008,-0.004
1370,304Thn_L3_EW,NONE,0.008,0.0
1370,304Nvl_L1_EW,304NVL_EW,0.017,0.011
1370,32Nvl_L1_NS,32NVL_NS,0.007,0.007
1370,32Nvl_L1_EW,32NVL_EW,0.007,0.007
1370,32Nvl_L2_EW,32NVL_EW,0.008,0.008
1370,NvcNvl_L3_NS,NONE,0.041,0.0
1370,NvcNvl_L2_NS,NONE,0.04,0.0
1370,NvcNvl_L1_EW,NVCNVL_EW,0.014,0.014
1370,NvcNvl_L2_EW,NVCNVL_EW,0.008,0.008
1370,NvcMt_L2_NS,NONE,0.005,0.0
1370,32Nvl_L3_EW,NONE,0.006,0.0
1370,NvcNvl_L1_NS,NONE,0.052,0.0
1370,NvcNvl_L3_EW,NONE,0.009,0.0
1370,NvcMt_L1_NS,NONE,0.005,0.0
1370,304Thn_L2_EW,304THN_EW,0.007,0.007
1375,304Nvl_L1_EW,304NVL_EW,0.008,0.008
1375,304Nvl_L1_NS,NONE,0.007,0.0
1375,32Nvl_L1_NS,32NVL_NS,0.007,0.007
1375,32Nvl_L1_EW,32NVL_EW,0.007,0.007
1375,32Nvl_L2_EW,32NVL_EW,0.008,0.008
1375,32Nvl_L1_EW,32NVL_EW,0.007,0.007
1375,32Nvl_L3_NS,NONE,0.008,0.0
1375,32Nvl_L2_NS,32NVL_NS,0.008,0.008
1375,NvcNvl_L3_NS,NONE,0.041,0.0
1375,NvcNvl_L2_NS,NONE,0.04,0.0
1375,NvcNvl_L1_EW,NVCNVL_EW,0.014,0.01
1375,NvcNvl_L2_EW,NVCNVL_EW,0.008,0.008
1375,32Mt_L1_NS,32MT_NS,0.006,0.006
1375,32Mt_L1_EW,NONE,0.007,0.0
1375,32Mt_L3_EW,NONE,0.009,0.0
1375,NvcMt_L1_EW,NVCMT_EW,0.006,-0.004
1375,NvcCmt8_L2_NS,NONE,0.129,0.0
1375,NvcCmt8_L1_NS,NONE,0.093,0.0
1375,32Nvl_L3_EW,NONE,0.006,0.0
1375,32Nvl_L1_NS,32NVL_NS,0.007,0.007
1375,NvcNvl_L1_NS,NONE,0.052,0.0
1375,NvcNvl_L3_EW,NONE,0.009,0.0
1375,32Mt_L2_EW,NONE,0.008,0.0
1375,NvcMt_L2_EW,NVCMT_EW,0.008,0.002
1380,304Nvl_L1_NS,NONE,0.007,0.0
1380,32Nvl_L1_NS,32NVL_NS,0.014,0.009
1380,32Nvl_L1_EW,32NVL_EW,0.007,0.007
1380,32Nvl_L2_EW,32NVL_EW,0.008,0.008
1380,32Nvl_L1_EW,32NVL_EW,0.007,0.007
1380,NvcNvl_L3_NS,NONE,0.068,0.0
1380,NvcNvl_L2_NS,NONE,0.066,0.0
1380,NvcNvl_L1_EW,NVCNVL_EW,0.014,0.014
1380,NvcNvl_L2_EW,NVCNVL_EW,0.008,0.008
1380,NvcNvl_L1_NS,NVCNVL_NS,0.007,-0.003
1380,32Mt_L1_EW,NONE,0.007,0.0
1380,32Mt_L3_EW,NONE,0.009,0.0
1380,32Mt_L1_NS,NONE,0.01,0.0
1380,NvcMt_L2_NS,NONE,0.005,0.0
1380,NvcCmt8_L2_NS,NONE,0.129,0.0
1380,NvcCmt8_L1_NS,NONE,0.093,0.0
1380,32Nvl_L2_NS,32NVL_NS,0.007,0.007
1380,32Nvl_L3_EW,NONE,0.006,0.0
1380,NvcNvl_L1_NS,NONE,0.087,0.0
1380,NvcNvl_L3_EW,NONE,0.009,0.0
1380,32Mt_L2_EW,NONE,0.008,0.0
1380,32Mt_L2_NS,NONE,0.009,0.0
1380,NvcMt_L1_NS,NONE,0.005,0.0
1385,304Nvl_L1_NS,304NVL_NS,0.009,0.004
1385,304Nvl_L3_NS,NONE,0.007,0.0
1385,304Nvl_L1_NS,NONE,0.007,0.0
1385,304Nvl_L3_NS,NONE,0.008,0.0
1385,32Nvl_L1_NS,32NVL_NS,0.007,0.001
1385,32Nvl_L1_EW,32NVL_EW,0.007,0.002
1385,32Nvl_L2_EW,32NVL_EW,0.008,0.004
1385,NvcNvl_L1_EW,NVCNVL_EW,0.021,0.021
1385,NvcNvl_L2_EW,NVCNVL_EW,0.016,0.016
1385,32Mt_L1_NS,32MT_NS,0.006,0.006
1385,32Mt_L1_EW,32MT_EW,0.007,0.002
1385,32Mt_L1_NS,NONE,0.01,0.0
1385,304Nvl_L2_NS,304NVL_NS,0.008,0.008
1385,304Nvl_L2_NS,NONE,0.007,0.0
1385,32Nvl_L3_EW,NONE,0.006,0.0
1385,NvcNvl_L3_EW,NONE,0.019,0.0
1385,32Mt_L2_EW,32MT_EW,0.005,0.0
1385,32Mt_L2_NS,NONE,0.009,0.0
1390,304Nvl_L1_NS,304NVL_NS,0.009,0.009
1390,304Nvl_L3_NS,NONE,0.007,0.0
1390,304Nvl_L1_NS,NONE,0.007,0.0
1390,304Nvl_L3_NS,NONE,0.008,0.0
1390,32Nvl_L1_EW,32NVL_EW,0.007,0.007
1390,32Nvl_L2_EW,32NVL_EW,0.008,0.008
1390,NvcNvl_L1_EW,NVCNVL_EW,0.021,0.017
1390,NvcNvl_L2_EW,NVCNVL_EW,0.016,0.014
1390,32Mt_L1_NS,32MT_NS,0.006,0.006
1390,NvcMt_L1_EW,NVCMT_EW,0.006,-0.008
1390,NvcMt_L2_EW,NVCMT_EW,0.003,-0.008
1390,304Nvl_L2_NS,304NVL_NS,0.008,0.008
1390,304Nvl_L2_NS,NONE,0.007,0.0
1390,32Nvl_L3_EW,NONE,0.006,0.0
1390,32Nvl_L1_NS,32NVL_NS,0.007,0.0
1390,NvcNvl_L3_EW,NONE,0.019,0.0
1390,NvcMt_L2_EW,NVCMT_EW,0.008,-0.003
1390,NvcMt_L1_EW,NVCMT_EW,0.006,-0.009
1395,304Nvl_L1_NS,304NVL_NS,0.009,0.009
1395,304Nvl_L3_NS,NONE,0.007,0.0
1395,304Nvl_L1_EW,304NVL_EW,0.008,0.008
1395,32Nvl_L1_EW,32NVL_EW,0.007,0.007
1395,32Nvl_L2_EW,32NVL_EW,0.008,0.008
1395,NvcNvl_L3_NS,NONE,0.007,0.0
1395,NvcNvl_L2_NS,NONE,0.007,0.0
1395,NvcNvl_L1_EW,NVCNVL_EW,0.056,0.056
1395,NvcNvl_L2_EW,NVCNVL_EW,0.016,0.016
1395,32Mt_L1_NS,32MT_NS,0.006,0.006
1395,32Mt_L1_NS,NONE,0.01,0.0
1395,32Thn_L1_EW,NONE,0.01,0.0
1395,32Thn_L2_EW,NONE,0.01,0.0
1395,32Thn_L3_EW,NONE,0.007,0.0
1395,304Nvl_L2_NS,304NVL_NS,0.008,0.008
1395,32Nvl_L3_EW,NONE,0.006,0.0
1395,NvcNvl_L1_NS,NONE,0.009,0.0
1395,NvcNvl_L3_EW,NONE,0.019,0.0
1395,32Mt_L2_NS,NONE,0.009,0.0
1400,304Nvl_L1_NS,304NVL_NS,0.009,0.009
1400,304Nvl_L3_NS,NONE,0.007,0.0
1400,304Nvl_L1_EW,304NVL_EW,0.017,0.017
1400,304Nvl_L2_EW,304NVL_EW,0.007,0.007
1400,304Nvl_L1_EW,NONE,0.041,0.0
1400,304Nvl_L1_NS,NONE,0.007,0.0
1400,304Nvl_L2_EW,NONE,0.043,0.0
1400,32Nvl_L1_EW,32NVL_EW,0.014,0.009
1400,32Nvl_L2_EW,32NVL_EW,0.015,0.015
1400,NvcNvl_L1_EW,NVCNVL_EW,0.049,0.049
1400,NvcNvl_L2_EW,NVCNVL_EW,0.016,0.016
1400,32Mt_L1_EW,NONE,0.007,0.0
1400,32Mt_L1_NS,NONE,0.127,0.0
1400,NvcMt_L2_NS,NONE,0.005,0.0
1400,32Thn_L1_EW,32THN_EW,0.008,-0.002
1400,304Nvl_L2_NS,304NVL_NS,0.008,0.008
1400,304Nvl_L3_EW,NONE,0.006,0.0
1400,304Nvl_L3_EW,NONE,0.041,0.0
1400,304Nvl_L2_NS,NONE,0.007,0.0
1400,32Nvl_L3_EW,NONE,0.013,0.0
1400,NvcNvl_L3_EW,NONE,0.019,0.0
1400,32Mt_L2_NS,NONE,0.113,0.0
1400,NvcMt_L1_NS,NONE,0.005,0.0
1400,NvcCmt8_L1_NS,NONE,0.129,0.0
1405,304Nvl_L1_NS,304NVL_NS,0.009,0.009
1405,304Nvl_L3_NS,NONE,0.007,0.0
1405,304Nvl_L1_NS,NONE,0.007,0.0
1405,304Nvl_L3_NS,NONE,0.008,0.0
1405,32Nvl_L1_EW,32NVL_EW,0.014,0.009
1405,32Nvl_L2_EW,32NVL_EW,0.015,0.015
1405,NvcNvl_L1_EW,NVCNVL_EW,0.042,0.042
1405,32Mt_L1_NS,NONE,0.117,0.0
1405,32Thn_L1_EW,32THN_EW,0.008,-0.002
1405,304Nvl_L2_NS,304NVL_NS,0.008,0.008
1405,304Nvl_L2_NS,NONE,0.007,0.0
1405,32Nvl_L3_EW,NONE,0.013,0.0
1405,32Mt_L2_NS,NONE,0.104,0.0
1410,304Nvl_L1_NS,304NVL_NS,0.009,0.004
1410,304Nvl_L3_NS,NONE,0.007,0.0
1410,304Nvl_L1_NS,NONE,0.007,0.0
1410,32Nvl_L1_NS,32NVL_NS,0.007,0.001
1410,32Nvl_L1_EW,32NVL_EW,0.007,-0.027
1410,32Nvl_L2_EW,32NVL_EW,0.008,-0.015
1410,32Nvl_L1_EW,32NVL_EW,0.007,-0.027
1410,NvcNvl_L3_NS,NONE,0.041,0.0
1410,NvcNvl_L2_NS,NONE,0.04,0.0
1410,NvcNvl_L1_EW,NONE,0.011,0.0
1410,NvcNvl_L2_EW,NONE,0.008,0.0
1410,32Mt_L1_EW,32MT_EW,0.049,0.044
1410,304Nvl_L2_NS,304NVL_NS,0.008,0.008
1410,32Nvl_L2_NS,32NVL_NS,0.007,0.001
1410,32Nvl_L3_EW,NONE,0.006,0.0
1410,32Nvl_L1_NS,32NVL_NS,0.007,0.0
1410,NvcNvl_L1_NS,NONE,0.052,0.0
1410,32Mt_L2_EW,32MT_EW,0.033,0.027
1415,304Nvl_L1_NS,304NVL_NS,0.009,0.009
1415,304Nvl_L3_NS,NONE,0.007,0.0
1415,304Nvl_L1_EW,304NVL_EW,0.051,0.051
1415,304Nvl_L1_NS,NONE,0.007,0.0
1415,304Nvl_L3_NS,NONE,0.008,0.0
1415,32Nvl_L1_EW,32NVL_EW,0.007,-0.027
1415,32Nvl_L2_EW,32NVL_EW,0.008,-0.019
1415,32Nvl_L1_EW,32NVL_EW,0.007,-0.027
1415,32Nvl_L3_NS,NONE,0.008,0.0
1415,32Nvl_L2_NS,32NVL_NS,0.008,0.003
1415,NvcNvl_L3_NS,NONE,0.014,0.0
1415,NvcNvl_L2_NS,NONE,0.013,0.0
1415,NvcNvl_L1_EW,NONE,0.011,0.0
1415,NvcNvl_L2_EW,NONE,0.008,0.0
1415,32Mt_L1_EW,NONE,0.086,0.0
1415,32Mt_L1_EW,32MT_EW,0.049,0.044
1415,NvcMt_L2_NS,NONE,0.011,0.0
1415,NvcMt_L1_EW,NVCMT_EW,0.006,0.006
1415,NvcCmt8_L2_NS,NONE,0.011,0.0
1415,NvcCmt8_L1_NS,NONE,0.008,0.0
1415,304Nvl_L2_NS,304NVL_NS,0.008,0.002
1415,304Nvl_L2_NS,NONE,0.007,0.0
1415,32Nvl_L3_EW,NONE,0.006,0.0
1415,32Nvl_L1_NS,32NVL_NS,0.007,0.0
1415,NvcNvl_L1_NS,NONE,0.017,0.0
1415,32Mt_L2_EW,32MT_EW,0.038,0.033
1415,NvcMt_L1_NS,NONE,0.011,0.0
1415,NvcMt_L2_EW,NVCMT_EW,0.008,0.008
1420,304Nvl_L1_NS,304NVL_NS,0.009,0.009
1420,304Nvl_L3_NS,NONE,0.007,0.0
1420,304Nvl_L1_EW,304NVL_EW,0.008,0.008
1420,304Nvl_L2_EW,304NVL_EW,0.007,0.007
1420,32Nvl_L1_EW,32NVL_EW,0.007,0.007
1420,32Nvl_L2_EW,32NVL_EW,0.008,0.008
1420,32Nvl_L3_NS,NONE,0.008,0.0
1420,32Nvl_L2_NS,32NVL_NS,0.008,0.003
1420,NvcNvl_L3_NS,NONE,0.007,0.0
1420,NvcNvl_L2_NS,NONE,0.007,0.0
1420,NvcNvl_L1_EW,NONE,0.075,0.0
1420,NvcNvl_L2_EW,NONE,0.054,0.0
1420,NvcMt_L1_EW,NVCMT_EW,0.006,0.006
1420,304Nvl_L2_NS,304NVL_NS,0.008,0.002
1420,304Nvl_L3_EW,NONE,0.006,0.0
1420,32Nvl_L3_EW,NONE,0.006,0.0
1420,32Nvl_L1_NS,32NVL_NS,0.007,0.0
1420,NvcNvl_L1_NS,NONE,0.009,0.0
1420,NvcNvl_L3_EW,NONE,0.006,0.0
1420,NvcMt_L2_EW,NVCMT_EW,0.008,0.008
1420,NvcMt_L1_EW,NVCMT_EW,0.006,0.006
1425,304Nvl_L1_NS,304NVL_NS,0.018,0.018
1425,304Nvl_L3_NS,NONE,0.015,0.0
1425,304Nvl_L1_EW,304NVL_EW,0.008,0.008
1425,304Nvl_L2_EW,304NVL_EW,0.007,0.007
1425,32Nvl_L1_EW,32NVL_EW,0.007,-0.003
1425,32Nvl_L2_EW,32NVL_EW,0.008,0.0
1425,32Nvl_L3_NS,NONE,0.017,0.0
1425,32Nvl_L2_NS,32NVL_NS,0.016,0.005
1425,NvcNvl_L3_NS,NONE,0.007,0.0
1425,NvcNvl_L2_NS,NONE,0.007,0.0
1425,NvcNvl_L1_EW,NONE,0.011,0.0
1425,NvcNvl_L2_EW,NONE,0.008,0.0
1425,NvcNvl_L1_EW,NVCNVL_EW,0.014,0.014
1425,NvcNvl_L2_EW,NVCNVL_EW,0.008,0.008
1425,32Mt_L1_NS,32MT_NS,0.006,0.006
1425,32Mt_L1_EW,NONE,0.036,0.0
1425,32Mt_L1_EW,32MT_EW,0.014,0.009
1425,304Nvl_L2_NS,304NVL_NS,0.015,0.004
1425,304Nvl_L3_EW,NONE,0.006,0.0
1425,32Nvl_L3_EW,NONE,0.006,0.0
1425,32Nvl_L1_NS,32NVL_NS,0.013,0.001
1425,NvcNvl_L1_NS,NONE,0.009,0.0
1425,NvcNvl_L3_EW,NONE,0.009,0.0
1425,32Mt_L2_EW,32MT_EW,0.011,0.005
1430,304Nvl_L1_NS,304NVL_NS,0.018,0.018
1430,304Nvl_L3_NS,NONE,0.015,0.0
1430,304Nvl_L1_EW,304NVL_EW,0.008,0.008
1430,304Nvl_L1_NS,NONE,0.007,0.0
1430,32Nvl_L1_EW,32NVL_EW,0.014,0.004
1430,32Nvl_L2_EW,32NVL_EW,0.015,0.008
1430,NvcNvl_L1_EW,NONE,0.011,0.0
1430,NvcNvl_L2_EW,NONE,0.008,0.0
1430,32Mt_L1_NS,32MT_NS,0.006,0.006
1430,32Mt_L1_EW,32MT_EW,0.014,0.004
1430,32Mt_L1_NS,NONE,0.01,0.0
1430,NvcMt_L2_NS,NONE,0.011,0.0
1430,304Nvl_L2_NS,304NVL_NS,0.015,0.015
1430,32Nvl_L3_EW,NONE,0.013,0.0
1430,32Nvl_L1_NS,32NVL_NS,0.007,-0.006
1430,32Mt_L2_EW,32MT_EW,0.011,0.0
1430,32Mt_L2_NS,NONE,0.009,0.0
1430,NvcMt_L1_NS,NONE,0.011,0.0
1435,304Nvl_L1_NS,304NVL_NS,0.018,0.013
1435,304Nvl_L3_NS,NONE,0.015,0.0
1435,304Nvl_L1_NS,NONE,0.007,0.0
1435,32Nvl_L1_NS,32NVL_NS,0.007,-0.006
1435,32Nvl_L1_EW,32NVL_EW,0.014,0.014
1435,32Nvl_L2_EW,32NVL_EW,0.015,0.015
1435,32Mt_L1_NS,32MT_NS,0.006,0.006
1435,32Mt_L1_EW,NONE,0.007,0.0
1435,32Mt_L1_NS,NONE,0.01,0.0
1435,NvcMt_L2_NS,NONE,0.005,0.0
1435,NvcMt_L1_EW,NVCMT_EW,0.006,0.006
1435,304Nvl_L2_NS,304NVL_NS,0.015,0.015
1435,32Nvl_L2_NS,32NVL_NS,0.007,-0.004
1435,32Nvl_L3_EW,NONE,0.013,0.0
1435,32Nvl_L1_NS,32NVL_NS,0.007,-0.006
1435,32Mt_L2_NS,NONE,0.009,0.0
1435,NvcMt_L1_NS,NONE,0.005,0.0
1435,NvcMt_L2_EW,NVCMT_EW,0.008,0.008
1435,NvcMt_L1_EW,NVCMT_EW,0.006,0.006
1440,304Nvl_L1_NS,304NVL_NS,0.027,0.027
1440,304Nvl_L3_NS,NONE,0.022,0.0
1440,32Nvl_L1_EW,32NVL_EW,0.007,0.007
1440,32Nvl_L2_EW,32NVL_EW,0.008,0.008
1440,NvcNvl_L3_NS,NONE,0.007,0.0
1440,NvcNvl_L2_NS,NONE,0.007,0.0
1440,NvcNvl_L1_EW,NVCNVL_EW,0.014,0.014
1440,NvcNvl_L2_EW,NVCNVL_EW,0.008,0.008
1440,32Mt_L1_NS,32MT_NS,0.006,0.006
1440,32Mt_L1_EW,NONE,0.007,0.0
1440,32Mt_L1_NS,NONE,0.01,0.0
1440,304Nvl_L2_NS,304NVL_NS,0.023,0.023
1440,32Nvl_L3_EW,NONE,0.006,0.0
1440,32Nvl_L1_NS,32NVL_NS,0.007,-0.012
1440,NvcNvl_L1_NS,NONE,0.009,0.0
1440,NvcNvl_L3_EW,NONE,0.009,0.0
1440,32Mt_L2_NS,NONE,0.009,0.0
1445,304Nvl_L1_NS,304NVL_NS,0.027,0.027
1445,304Nvl_L3_NS,NONE,0.022,0.0
1445,304Nvl_L1_EW,304NVL_EW,0.008,0.008
1445,304Nvl_L2_EW,304NVL_EW,0.007,0.007
1445,304Nvl_L1_EW,NONE,0.008,0.0
1445,304Nvl_L2_EW,NONE,0.009,0.0
1445,32Nvl_L1_EW,32NVL_EW,0.014,0.014
1445,32Nvl_L2_EW,32NVL_EW,0.015,0.015
1445,NvcNvl_L3_NS,NONE,0.007,0.0
1445,NvcNvl_L2_NS,NONE,0.007,0.0
1445,NvcNvl_L1_EW,NONE,0.011,0.0
1445,NvcNvl_L2_EW,NONE,0.008,0.0
1445,32Mt_L1_NS,32MT_NS,0.006,0.006
1445,NvcMt_L1_EW,NVCMT_EW,0.006,0.006
1445,32Thn_L1_EW,NONE,0.01,0.0
1445,32Thn_L2_EW,NONE,0.01,0.0
1445,32Thn_L3_EW,NONE,0.007,0.0
1445,304Nvl_L2_NS,304NVL_NS,0.023,0.023
1445,304Nvl_L3_EW,NONE,0.006,0.0
1445,304Nvl_L3_EW,NONE,0.008,0.0
1445,32Nvl_L3_EW,NONE,0.013,0.0
1445,32Nvl_L1_NS,32NVL_NS,0.007,-0.012
1445,NvcNvl_L1_NS,NONE,0.009,0.0
1445,NvcNvl_L3_EW,NONE,0.006,0.0
1445,NvcMt_L2_EW,NVCMT_EW,0.008,0.008
1450,304Nvl_L1_NS,304NVL_NS,0.027,0.027
1450,304Nvl_L3_NS,NONE,0.022,0.0
1450,304Nvl_L1_EW,304NVL_EW,0.008,0.008
1450,304Nvl_L2_EW,304NVL_EW,0.007,0.007
1450,32Nvl_L1_EW,32NVL_EW,0.021,0.016
1450,32Nvl_L2_EW,32NVL_EW,0.023,0.023
1450,NvcNvl_L3_NS,NONE,0.007,0.0
1450,NvcNvl_L2_NS,NONE,0.007,0.0
1450,32Mt_L1_EW,NONE,0.014,0.0
1450,32Mt_L3_EW,NONE,0.009,0.0
1450,NvcMt_L2_NS,NONE,0.005,0.0
1450,32Thn_L1_EW,32THN_EW,0.008,-0.007
1450,304Nvl_L2_NS,304NVL_NS,0.023,0.023
1450,304Nvl_L3_EW,NONE,0.006,0.0
1450,32Nvl_L3_EW,NONE,0.013,0.0
1450,NvcNvl_L1_NS,NONE,0.009,0.0
1450,32Mt_L2_EW,NONE,0.008,0.0
1450,NvcMt_L1_NS,NONE,0.005,0.0
1455,304Nvl_L1_NS,304NVL_NS,0.027,0.017
1455,304Nvl_L3_NS,NONE,0.022,0.0
1455,304Nvl_L1_EW,304NVL_EW,0.017,0.017
1455,304Nvl_L2_EW,304NVL_EW,0.007,0.007
1455,304Nvl_L1_NS,NONE,0.007,0.0
1455,32Nvl_L3_NS,NONE,0.007,0.0
1455,32Nvl_L1_NS,32NVL_NS,0.014,-0.005
1455,NvcNvl_L3_NS,NONE,0.007,0.0
1455,NvcNvl_L2_NS,NONE,0.007,0.0
1455,32Mt_L1_EW,32MT_EW,0.007,0.007
1455,32Thn_L1_EW,32THN_EW,0.008,0.008
1455,304Nvl_L2_NS,304NVL_NS,0.023,0.023
1455,304Nvl_L3_EW,NONE,0.006,0.0
1455,32Nvl_L2_NS,32NVL_NS,0.013,-0.003
1455,NvcNvl_L1_NS,NONE,0.009,0.0
1455,32Mt_L2_EW,32MT_EW,0.005,0.005
1455,NvcMt_L1_EW,NVCMT_EW,0.006,0.006
1460,304Thn_L1_EW,304THN_EW,0.008,-0.004
1460,304Thn_L3_EW,NONE,0.008,0.0
1460,304Nvl_L1_NS,304NVL_NS,0.009,-0.001
1460,304Nvl_L1_EW,304NVL_EW,0.017,0.011
1460,304Nvl_L2_EW,304NVL_EW,0.015,0.009
1460,32Nvl_L3_NS,NONE,0.007,0.0
1460,32Nvl_L1_NS,32NVL_NS,0.014,0.008
1460,32Nvl_L3_NS,NONE,0.117,0.0
1460,32Nvl_L2_NS,32NVL_NS,0.111,0.111
1460,32Mt_L1_EW,32MT_EW,0.014,0.014
1460,NvcCmt8_L2_EW,NVCCMT8_EW,0.005,0.005
1460,304Nvl_L3_EW,NONE,0.013,0.0
1460,32Nvl_L2_NS,32NVL_NS,0.013,0.013
1460,32Nvl_L1_NS,32NVL_NS,0.101,0.094
1460,32Mt_L2_EW,32MT_EW,0.011,0.011
1460,NvcCmt8_L1_EW,NVCCMT8_EW,0.008,0.008
1460,304Thn_L2_EW,304THN_EW,0.007,-0.003
1465,304Thn_L1_EW,304THN_EW,0.008,-0.01
1465,304Thn_L3_EW,NONE,0.008,0.0
1465,304Nvl_L1_EW,304NVL_EW,0.025,0.02
1465,304Nvl_L2_EW,304NVL_EW,0.015,0.009
1465,32Nvl_L1_NS,32NVL_NS,0.007,0.007
1465,32Nvl_L3_NS,NONE,0.109,0.0
1465,32Nvl_L2_NS,32NVL_NS,0.142,0.142
1465,32Mt_L1_EW,NONE,0.007,0.0
1465,32Mt_L1_EW,32MT_EW,0.007,0.007
1465,32Mt_L1_NS,NONE,0.049,0.0
1465,NvcCmt8_L2_EW,NVCCMT8_EW,0.005,0.005
1465,304Nvl_L3_EW,NONE,0.013,0.0
1465,32Nvl_L2_NS,32NVL_NS,0.007,0.007
1465,32Nvl_L1_NS,32NVL_NS,0.094,0.094
1465,32Mt_L2_EW,32MT_EW,0.005,0.005
1465,32Mt_L2_NS,NONE,0.043,0.0
1465,NvcCmt8_L1_EW,NVCCMT8_EW,0.008,0.008
1465,304Thn_L2_EW,304THN_EW,0.007,-0.003
1470,304Thn_L1_EW,304THN_EW,0.008,-0.045
1470,304Thn_L3_EW,NONE,0.008,0.0
1470,304Nvl_L1_EW,304NVL_EW,0.076,0.07
1470,304Nvl_L2_EW,304NVL_EW,0.058,0.053
1470,304Nvl_L1_NS,NONE,0.007,0.0
1470,32Nvl_L1_NS,32NVL_NS,0.007,0.007
1470,32Nvl_L3_NS,NONE,0.058,0.0
1470,32Nvl_L2_NS,32NVL_NS,0.055,0.055
1470,32Mt_L1_EW,32MT_EW,0.007,0.007
1470,32Mt_L1_NS,NONE,0.059,0.0
1470,NvcCmt8_L2_EW,NVCCMT8_EW,0.005,0.005
1470,32Thn_L1_EW,NONE,0.01,0.0
1470,32Thn_L2_EW,NONE,0.01,0.0
1470,32Thn_L3_EW,NONE,0.007,0.0
1470,304Nvl_L3_EW,NONE,0.051,0.0
1470,32Nvl_L1_NS,32NVL_NS,0.047,0.047
1470,32Mt_L2_EW,32MT_EW,0.005,0.005
1470,32Mt_L2_NS,NONE,0.052,0.0
1470,NvcCmt8_L1_EW,NVCCMT8_EW,0.008,0.008
1470,304Thn_L2_EW,304THN_EW,0.007,-0.033
1475,304Nvl_L1_EW,304NVL_EW,0.076,0.076
1475,304Nvl_L2_EW,304NVL_EW,0.065,0.065
1475,32Nvl_L1_NS,32NVL_NS,0.007,0.007
1475,32Nvl_L1_EW,32NVL_EW,0.034,0.018
1475,NvcNvl_L3_NS,NONE,0.007,0.0
1475,NvcNvl_L2_NS,NONE,0.007,0.0
1475,32Mt_L1_NS,32MT_NS,0.031,0.031
1475,32Mt_L1_EW,32MT_EW,0.014,0.014
1475,32Mt_L1_NS,NONE,0.01,0.0
1475,NvcCmt8_L2_EW,NVCCMT8_EW,0.005,0.005
1475,32Thn_L1_EW,32THN_EW,0.008,0.008
1475,304Nvl_L3_EW,NONE,0.057,0.0
1475,32Nvl_L2_NS,32NVL_NS,0.007,0.007
1475,NvcNvl_L1_NS,NONE,0.009,0.0
1475,32Mt_L2_EW,32MT_EW,0.011,0.011
1475,32Mt_L2_NS,NONE,0.009,0.0
1475,NvcCmt8_L1_EW,NVCCMT8_EW,0.008,0.008
1480,304Nvl_L1_EW,304NVL_EW,0.051,0.051
1480,304Nvl_L2_EW,304NVL_EW,0.044,0.044
1480,304Nvl_L1_NS,NONE,0.036,0.0
1480,32Nvl_L1_NS,32NVL_NS,0.014,0.014
1480,32Nvl_L1_EW,32NVL_EW,0.034,0.019
1480,32Nvl_L3_NS,NONE,0.017,0.0
1480,32Nvl_L2_NS,32NVL_NS,0.016,0.016
1480,NvcNvl_L3_NS,NONE,0.007,0.0
1480,NvcNvl_L2_NS,NONE,0.007,0.0
1480,32Mt_L1_NS,32MT_NS,0.038,0.038
1480,32Mt_L1_EW,32MT_EW,0.021,0.021
1480,304Nvl_L3_EW,NONE,0.038,0.0
1480,32Nvl_L2_NS,32NVL_NS,0.007,0.007
1480,32Nvl_L1_NS,32NVL_NS,0.02,0.02
1480,NvcNvl_L1_NS,NONE,0.009,0.0
1480,32Mt_L2_EW,32MT_EW,0.011,0.011
1480,NvcCmt8_L1_EW,NONE,0.006,0.0
1485,304Nvl_L1_EW,304NVL_EW,0.051,0.051
1485,304Nvl_L2_EW,304NVL_EW,0.044,0.044
1485,32Nvl_L1_EW,32NVL_EW,0.035,0.021
1485,32Nvl_L2_EW,32NVL_EW,0.039,0.031
1485,NvcNvl_L3_NS,NONE,0.007,0.0
1485,NvcNvl_L2_NS,NONE,0.007,0.0
1485,32Mt_L1_EW,NONE,0.014,0.0
1485,32Mt_L3_EW,NONE,0.018,0.0
1485,32Mt_L1_EW,32MT_EW,0.021,-0.004
1485,304Nvl_L3_EW,NONE,0.038,0.0
1485,32Nvl_L3_EW,NONE,0.031,0.0
1485,NvcNvl_L1_NS,NONE,0.009,0.0
1485,32Mt_L2_EW,NONE,0.015,0.0
1485,32Mt_L2_EW,32MT_EW,0.011,-0.016
1490,304Nvl_L1_EW,304NVL_EW,0.042,0.042
1490,304Nvl_L2_EW,304NVL_EW,0.036,0.036
1490,32Nvl_L1_EW,32NVL_EW,0.12,0.106
1490,32Nvl_L2_EW,32NVL_EW,0.131,0.12
1490,NvcNvl_L1_EW,NONE,0.053,0.0
1490,NvcNvl_L2_EW,NONE,0.038,0.0
1490,NvcNvl_L1_EW,NVCNVL_EW,0.007,0.007
1490,32Mt_L1_NS,32MT_NS,0.006,0.006
1490,32Mt_L1_EW,32MT_EW,0.021,-0.063
1490,32Mt_L1_NS,NONE,0.137,0.0
1490,304Nvl_L3_EW,NONE,0.032,0.0
1490,32Nvl_L3_EW,NONE,0.031,0.0
1490,NvcNvl_L3_EW,NONE,0.032,0.0
1490,32Mt_L2_EW,32MT_EW,0.016,-0.076
1490,32Mt_L2_NS,NONE,0.121,0.0
1495,304Nvl_L1_EW,304NVL_EW,0.034,0.034
1495,304Nvl_L2_EW,304NVL_EW,0.029,0.029
1495,304Nvl_L1_NS,NONE,0.015,0.0
1495,304Nvl_L3_NS,NONE,0.016,0.0
1495,32Nvl_L3_NS,NONE,0.014,0.0
1495,32Nvl_L1_NS,32NVL_NS,0.014,0.014
1495,32Nvl_L1_EW,32NVL_EW,0.134,0.114
1495,32Nvl_L2_EW,32NVL_EW,0.147,0.133
1495,NvcNvl_L3_NS,NONE,0.007,0.0
1495,NvcNvl_L2_NS,NONE,0.007,0.0
1495,NvcNvl_L1_EW,NONE,0.053,0.0
1495,NvcNvl_L2_EW,NONE,0.038,0.0
1495,NvcNvl_L1_EW,NVCNVL_EW,0.014,0.014
1495,NvcNvl_L2_EW,NVCNVL_EW,0.008,0.008
1495,32Mt_L1_NS,32MT_NS,0.075,0.075
1495,32Mt_L1_EW,32MT_EW,0.021,-0.073
1495,32Thn_L1_EW,32THN_EW,0.008,-0.086
1495,32Thn_L2_EW,32THN_EW,0.008,-0.094
1495,32Thn_L3_EW,NONE,0.008,0.0
1495,304Nvl_L3_EW,NONE,0.025,0.0
1495,304Nvl_L2_NS,NONE,0.015,0.0
1495,32Nvl_L2_NS,32NVL_NS,0.013,0.013
1495,32Nvl_L3_EW,NONE,0.119,0.0
1495,NvcNvl_L1_NS,NONE,0.009,0.0
1495,NvcNvl_L3_EW,NONE,0.032,0.0
1495,NvcNvl_L3_EW,NONE,0.009,0.0
1495,32Mt_L2_EW,32MT_EW,0.011,-0.092
1500,304Nvl_L1_EW,304NVL_EW,0.034,0.034
1500,304Nvl_L2_EW,304NVL_EW,0.029,0.029
1500,32Nvl_L1_EW,32NVL_EW,0.134,0.12
1500,32Nvl_L2_EW,32NVL_EW,0.147,0.135
1500,NvcNvl_L1_EW,NVCNVL_EW,0.014,0.014
1500,NvcNvl_L2_EW,NVCNVL_EW,0.008,0.008
1500,32Mt_L1_EW,NONE,0.029,0.0
1500,32Mt_L3_EW,NONE,0.018,0.0
1500,32Mt_L1_EW,32MT_EW,0.021,-0.073
1500,32Thn_L1_EW,NONE,0.01,0.0
1500,304Nvl_L3_EW,NONE,0.025,0.0
1500,32Nvl_L3_EW,NONE,0.119,0.0
1500,NvcNvl_L3_EW,NONE,0.009,0.0
1500,32Mt_L2_EW,NONE,0.023,0.0
1500,32Mt_L2_EW,32MT_EW,0.016,-0.086
1505,304Nvl_L1_EW,304NVL_EW,0.051,0.051
1505,304Nvl_L2_EW,304NVL_EW,0.036,0.036
1505,304Nvl_L1_NS,NONE,0.015,0.0
1505,304Nvl_L3_NS,NONE,0.008,0.0
1505,32Nvl_L3_NS,NONE,0.034,0.0
1505,32Nvl_L1_NS,32NVL_NS,0.035,0.035
1505,32Nvl_L1_EW,32NVL_EW,0.12,0.106
1505,32Nvl_L2_EW,32NVL_EW,0.131,0.12
1505,NvcNvl_L1_EW,NVCNVL_EW,0.007,0.007
1505,NvcNvl_L2_EW,NVCNVL_EW,0.008,0.008
1505,32Mt_L1_EW,NONE,0.014,0.0
1505,32Mt_L3_EW,NONE,0.018,0.0
1505,32Mt_L1_EW,32MT_EW,0.021,-0.063
1505,32Mt_L1_NS,NONE,0.01,0.0
1505,NvcCmt8_L2_NS,NONE,0.011,0.0
1505,NvcCmt8_L1_NS,NONE,0.008,0.0
1505,304Nvl_L3_EW,NONE,0.032,0.0
1505,304Nvl_L2_NS,NONE,0.007,0.0
1505,32Nvl_L2_NS,32NVL_NS,0.033,0.033
1505,32Nvl_L3_EW,NONE,0.106,0.0
1505,32Nvl_L1_NS,32NVL_NS,0.007,0.007
1505,NvcNvl_L3_EW,NONE,0.009,0.0
1505,32Mt_L2_EW,NONE,0.015,0.0
1505,32Mt_L2_EW,32MT_EW,0.016,-0.076
1510,304Nvl_L1_EW,304NVL_EW,0.051,0.051
1510,304Nvl_L2_EW,304NVL_EW,0.029,0.029
1510,32Nvl_L1_EW,32NVL_EW,0.085,0.07
1510,32Nvl_L2_EW,32NVL_EW,0.093,0.085
1510,NvcNvl_L3_NS,NONE,0.007,0.0
1510,NvcNvl_L2_NS,NONE,0.007,0.0
1510,NvcNvl_L1_EW,NVCNVL_EW,0.007,-0.015
1510,NvcNvl_L2_EW,NVCNVL_EW,0.008,0.008
1510,32Mt_L1_EW,NONE,0.014,0.0
1510,32Mt_L3_EW,NONE,0.018,0.0
1510,32Mt_L1_EW,32MT_EW,0.021,-0.039
1510,32Mt_L1_NS,NONE,0.02,0.0
1510,NvcMt_L1_EW,NVCMT_EW,0.032,0.027
1510,304Nvl_L3_EW,NONE,0.025,0.0
1510,32Nvl_L3_EW,NONE,0.075,0.0
1510,32Nvl_L1_NS,32NVL_NS,0.013,0.013
1510,NvcNvl_L1_NS,NONE,0.009,0.0
1510,NvcNvl_L3_EW,NONE,0.009,0.0
1510,32Mt_L2_EW,NONE,0.015,0.0
1510,32Mt_L2_EW,32MT_EW,0.011,-0.054
1510,32Mt_L2_NS,NONE,0.009,0.0
1510,NvcMt_L2_EW,NVCMT_EW,0.04,0.034
1515,304Nvl_L1_EW,304NVL_EW,0.025,0.025
1515,304Nvl_L2_EW,304NVL_EW,0.015,0.015
1515,304Nvl_L1_NS,NONE,0.007,0.0
1515,32Nvl_L1_EW,32NVL_EW,0.057,0.027
1515,32Nvl_L2_EW,32NVL_EW,0.062,0.05
1515,32Nvl_L3_NS,NONE,0.042,0.0
1515,32Nvl_L2_NS,32NVL_NS,0.039,0.039
1515,32Mt_L1_EW,NONE,0.007,0.0
1515,32Mt_L1_EW,32MT_EW,0.042,0.002
1515,NvcMt_L2_NS,NONE,0.005,0.0
1515,NvcMt_L1_EW,NVCMT_EW,0.038,0.038
1515,304Nvl_L3_EW,NONE,0.013,0.0
1515,32Nvl_L3_EW,NONE,0.05,0.0
1515,32Nvl_L1_NS,32NVL_NS,0.034,0.034
1515,32Mt_L2_EW,32MT_EW,0.016,-0.027
1515,NvcMt_L1_NS,NONE,0.005,0.0
1515,NvcMt_L2_EW,NVCMT_EW,0.048,0.048
1520,304Nvl_L1_EW,304NVL_EW,0.025,0.025
1520,304Nvl_L2_EW,304NVL_EW,0.022,0.022
1520,304Nvl_L1_NS,NONE,0.007,0.0
1520,32Nvl_L1_EW,32NVL_EW,0.042,0.018
1520,32Nvl_L2_EW,32NVL_EW,0.046,0.039
1520,32Nvl_L1_EW,32NVL_EW,0.081,0.056
1520,32Nvl_L3_NS,NONE,0.008,0.0
1520,32Nvl_L2_NS,32NVL_NS,0.008,0.008
1520,32Mt_L1_EW,NONE,0.007,0.0
1520,32Mt_L3_EW,NONE,0.009,0.0
1520,32Mt_L1_EW,32MT_EW,0.035,0.005
1520,32Mt_L1_NS,NONE,0.01,0.0
1520,304Nvl_L3_EW,NONE,0.013,0.0
1520,32Nvl_L3_EW,NONE,0.038,0.0
1520,32Nvl_L1_NS,32NVL_NS,0.04,0.04
1520,32Mt_L2_EW,NONE,0.008,0.0
1520,32Mt_L2_EW,32MT_EW,0.011,-0.022
1525,304Nvl_L1_EW,304NVL_EW,0.008,0.008
1525,304Nvl_L1_NS,NONE,0.015,0.0
1525,32Nvl_L1_NS,32NVL_NS,0.035,0.035
1525,32Nvl_L1_EW,32NVL_EW,0.035,0.021
1525,32Nvl_L2_EW,32NVL_EW,0.039,0.035
1525,32Nvl_L1_EW,32NVL_EW,0.081,0.066
1525,32Nvl_L3_NS,NONE,0.042,0.0
1525,32Nvl_L2_NS,32NVL_NS,0.039,0.039
1525,NvcNvl_L3_NS,NONE,0.007,0.0
1525,NvcNvl_L2_NS,NONE,0.007,0.0
1525,NvcNvl_L1_EW,NVCNVL_EW,0.007,-0.046
1525,32Mt_L1_NS,32MT_NS,0.006,0.006
1525,32Mt_L1_EW,NONE,0.007,0.0
1525,32Mt_L3_EW,NONE,0.009,0.0
1525,32Mt_L1_EW,32MT_EW,0.021,-0.004
1525,32Mt_L1_NS,NONE,0.068,0.0
1525,NvcMt_L1_EW,NVCMT_EW,0.076,0.071
1525,32Nvl_L3_EW,NONE,0.031,0.0
1525,32Nvl_L1_NS,32NVL_NS,0.04,0.04
1525,NvcNvl_L1_NS,NONE,0.009,0.0
1525,32Mt_L2_EW,NONE,0.008,0.0
1525,32Mt_L2_EW,32MT_EW,0.005,-0.022
1525,32Mt_L2_NS,NONE,0.052,0.0
1525,NvcMt_L2_EW,NVCMT_EW,0.095,0.095
1530,304Nvl_L1_EW,304NVL_EW,0.017,0.017
1530,304Nvl_L2_EW,304NVL_EW,0.007,0.007
1530,304Nvl_L1_NS,NONE,0.022,0.0
1530,32Nvl_L1_EW,32NVL_EW,0.035,0.035
1530,32Nvl_L2_EW,32NVL_EW,0.039,0.039
1530,32Nvl_L3_NS,NONE,0.008,0.0
1530,32Nvl_L2_NS,32NVL_NS,0.008,0.008
1530,32Mt_L1_NS,32MT_NS,0.006,0.006
1530,32Mt_L1_EW,NONE,0.007,0.0
1530,32Mt_L1_NS,NONE,0.078,0.0
1530,NvcMt_L2_NS,NONE,0.005,0.0
1530,304Nvl_L3_EW,NONE,0.006,0.0
1530,32Nvl_L3_EW,NONE,0.031,0.0
1530,32Nvl_L1_NS,32NVL_NS,0.013,0.013
1530,32Mt_L2_NS,NONE,0.061,0.0
1530,NvcMt_L1_NS,NONE,0.005,0.0
1535,304Nvl_L1_EW,304NVL_EW,0.008,0.008
1535,304Nvl_L2_EW,304NVL_EW,0.007,0.007
1535,32Nvl_L3_NS,NONE,0.007,0.0
1535,32Nvl_L1_NS,32NVL_NS,0.042,0.042
1535,32Nvl_L1_EW,32NVL_EW,0.035,0.035
1535,32Nvl_L2_EW,32NVL_EW,0.039,0.039
1535,NvcNvl_L3_NS,NONE,0.007,0.0
1535,NvcNvl_L2_NS,NONE,0.007,0.0
1535,32Mt_L1_NS,NONE,0.01,0.0
1535,304Nvl_L3_EW,NONE,0.006,0.0
1535,32Nvl_L2_NS,32NVL_NS,0.007,0.007
1535,32Nvl_L3_EW,NONE,0.031,0.0
1535,32Nvl_L1_NS,32NVL_NS,0.007,0.007
1535,NvcNvl_L1_NS,NONE,0.009,0.0
1540,304Nvl_L1_EW,NONE,0.008,0.0
1540,304Nvl_L2_EW,NONE,0.009,0.0
1540,32Nvl_L3_NS,NONE,0.007,0.0
1540,32Nvl_L1_NS,32NVL_NS,0.007,0.007
1540,32Nvl_L1_EW,32NVL_EW,0.035,-0.013
1540,32Nvl_L2_EW,32NVL_EW,0.039,0.001
1540,32Nvl_L3_NS,NONE,0.008,0.0
1540,32Nvl_L2_NS,32NVL_NS,0.008,0.008
1540,NvcNvl_L3_NS,NONE,0.007,0.0
1540,NvcNvl_L2_NS,NONE,0.007,0.0
1540,NvcNvl_L1_EW,NVCNVL_EW,0.035,0.035
1540,NvcNvl_L2_EW,NVCNVL_EW,0.039,0.039
1540,32Mt_L1_EW,NONE,0.007,0.0
1540,32Mt_L1_EW,32MT_EW,0.07,0.045
1540,32Mt_L1_NS,NONE,0.01,0.0
1540,32Thn_L1_EW,NONE,0.049,0.0
1540,32Thn_L2_EW,NONE,0.051,0.0
1540,32Thn_L3_EW,NONE,0.035,0.0
1540,304Nvl_L3_EW,NONE,0.008,0.0
1540,32Nvl_L2_NS,32NVL_NS,0.007,0.007
1540,32Nvl_L3_EW,NONE,0.031,0.0
1540,32Nvl_L1_NS,32NVL_NS,0.013,0.013
1540,NvcNvl_L1_NS,NONE,0.009,0.0
1540,NvcNvl_L3_EW,NONE,0.047,0.0
1540,32Mt_L2_EW,32MT_EW,0.054,0.027
1545,304Nvl_L1_NS,NONE,0.007,0.0
1545,32Nvl_L3_NS,NONE,0.007,0.0
1545,32Nvl_L1_NS,32NVL_NS,0.007,0.007
1545,32Nvl_L1_EW,32NVL_EW,0.035,-0.017
1545,32Nvl_L2_EW,32NVL_EW,0.039,0.02
1545,32Nvl_L3_NS,NONE,0.042,0.0
1545,32Nvl_L2_NS,32NVL_NS,0.039,0.039
1545,NvcNvl_L3_NS,NONE,0.007,0.0
1545,NvcNvl_L2_NS,NONE,0.007,0.0
1545,32Mt_L1_EW,NONE,0.007,0.0
1545,32Mt_L3_EW,NONE,0.009,0.0
1545,32Mt_L1_EW,32MT_EW,0.035,0.01
1545,32Thn_L1_EW,32THN_EW,0.04,0.015
1545,32Nvl_L2_NS,32NVL_NS,0.007,0.007
1545,32Nvl_L3_EW,NONE,0.031,0.0
1545,32Nvl_L1_NS,32NVL_NS,0.04,0.04
1545,NvcNvl_L1_NS,NONE,0.009,0.0
1545,32Mt_L2_EW,NONE,0.008,0.0
1545,32Mt_L2_EW,32MT_EW,0.027,0.0
1550,304Nvl_L1_EW,304NVL_EW,0.017,0.017
1550,304Nvl_L2_EW,304NVL_EW,0.007,0.007
1550,304Nvl_L1_NS,NONE,0.036,0.0
1550,304Nvl_L3_NS,NONE,0.04,0.0
1550,32Nvl_L1_NS,32NVL_NS,0.014,0.014
1550,NvcNvl_L3_NS,NONE,0.007,0.0
1550,NvcNvl_L2_NS,NONE,0.007,0.0
1550,NvcNvl_L1_EW,NONE,0.011,0.0
1550,NvcNvl_L2_EW,NONE,0.008,0.0
1550,NvcNvl_L1_EW,NVCNVL_EW,0.007,0.007
1550,NvcNvl_L2_EW,NVCNVL_EW,0.008,0.008
1550,32Mt_L1_EW,NONE,0.043,0.0
1550,32Mt_L3_EW,NONE,0.009,0.0
1550,32Mt_L1_NS,NONE,0.049,0.0
1550,NvcMt_L2_NS,NONE,0.063,0.0
1550,304Nvl_L3_EW,NONE,0.006,0.0
1550,304Nvl_L2_NS,NONE,0.037,0.0
1550,32Nvl_L2_NS,32NVL_NS,0.007,0.007
1550,NvcNvl_L1_NS,NONE,0.009,0.0
1550,NvcNvl_L3_EW,NONE,0.006,0.0
1550,NvcNvl_L3_EW,NONE,0.009,0.0
1550,32Mt_L2_EW,NONE,0.008,0.0
1550,32Mt_L2_NS,NONE,0.043,0.0
1550,NvcMt_L1_NS,NONE,0.066,0.0
1555,304Nvl_L1_EW,304NVL_EW,0.008,0.008
1555,304Nvl_L2_EW,304NVL_EW,0.007,0.007
1555,304Nvl_L1_NS,NONE,0.036,0.0
1555,32Nvl_L3_NS,NONE,0.014,0.0
1555,32Nvl_L1_NS,32NVL_NS,0.055,0.055
1555,32Nvl_L1_EW,32NVL_EW,0.007,0.002
1555,32Nvl_L2_EW,32NVL_EW,0.007,0.004
1555,NvcNvl_L3_NS,NONE,0.007,0.0
1555,NvcNvl_L2_NS,NONE,0.007,0.0
1555,32Mt_L1_EW,32MT_EW,0.007,0.007
1555,32Mt_L1_NS,NONE,0.059,0.0
1555,NvcCmt8_L2_NS,NONE,0.054,0.0
1555,NvcCmt8_L1_NS,NONE,0.039,0.0
1555,304Nvl_L2_NS,NONE,0.037,0.0
1555,32Nvl_L2_NS,32NVL_NS,0.02,0.02
1555,32Nvl_L3_EW,NONE,0.006,0.0
1555,32Nvl_L1_NS,32NVL_NS,0.034,0.034
1555,NvcNvl_L1_NS,NONE,0.009,0.0
1555,32Mt_L2_EW,32MT_EW,0.005,0.005
1555,32Mt_L2_NS,NONE,0.052,0.0
1560,304Nvl_L1_NS,NONE,0.044,0.0
1560,304Nvl_L3_NS,NONE,0.04,0.0
1560,32Nvl_L3_NS,NONE,0.027,0.0
1560,32Nvl_L1_NS,32NVL_NS,0.069,0.069
1560,32Nvl_L1_EW,32NVL_EW,0.007,0.007
1560,32Nvl_L2_EW,32NVL_EW,0.008,0.008
1560,NvcNvl_L3_NS,NONE,0.007,0.0
1560,NvcNvl_L2_NS,NONE,0.007,0.0
1560,NvcNvl_L1_EW,NVCNVL_EW,0.042,0.042
1560,NvcNvl_L2_EW,NVCNVL_EW,0.039,0.039
1560,32Mt_L1_NS,32MT_NS,0.006,0.006
1560,32Mt_L1_NS,NONE,0.02,0.0
1560,NvcCmt8_L2_NS,NONE,0.054,0.0
1560,NvcCmt8_L1_NS,NONE,0.039,0.0
1560,304Nvl_L2_NS,NONE,0.037,0.0
1560,32Nvl_L2_NS,32NVL_NS,0.033,0.033
1560,32Nvl_L3_EW,NONE,0.006,0.0
1560,32Nvl_L1_NS,32NVL_NS,0.034,0.034
1560,NvcNvl_L1_NS,NONE,0.009,0.0
1560,NvcNvl_L3_EW,NONE,0.047,0.0
1560,32Mt_L2_NS,NONE,0.009,0.0
1565,304Nvl_L1_EW,304NVL_EW,0.042,0.042
1565,32Nvl_L3_NS,NONE,0.02,0.0
1565,32Nvl_L1_NS,32NVL_NS,0.035,0.03
1565,32Nvl_L1_EW,32NVL_EW,0.007,0.007
1565,32Nvl_L2_EW,32NVL_EW,0.008,0.008
1565,NvcNvl_L3_NS,NONE,0.014,0.0
1565,NvcNvl_L2_NS,NONE,0.013,0.0
1565,NvcNvl_L1_NS,NVCNVL_NS,0.007,-0.018
1565,32Mt_L1_NS,32MT_NS,0.038,0.038
1565,32Mt_L1_EW,NONE,0.014,0.0
1565,32Mt_L3_EW,NONE,0.009,0.0
1565,32Nvl_L2_NS,32NVL_NS,0.033,0.033
1565,32Nvl_L3_EW,NONE,0.006,0.0
1565,32Nvl_L1_NS,32NVL_NS,0.034,0.029
1565,NvcNvl_L1_NS,NONE,0.017,0.0
1565,32Mt_L2_EW,NONE,0.008,0.0
1570,304Nvl_L1_NS,NONE,0.007,0.0
1570,304Nvl_L3_NS,NONE,0.008,0.0
1570,32Nvl_L3_NS,NONE,0.02,0.0
1570,32Nvl_L1_NS,32NVL_NS,0.035,0.03
1570,32Nvl_L3_NS,NONE,0.008,0.0
1570,32Nvl_L2_NS,32NVL_NS,0.008,0.008
1570,NvcNvl_L3_NS,NONE,0.014,0.0
1570,NvcNvl_L2_NS,NONE,0.013,0.0
1570,NvcNvl_L1_NS,NVCNVL_NS,0.007,-0.018
1570,32Mt_L1_NS,32MT_NS,0.031,0.031
1570,304Nvl_L2_NS,NONE,0.007,0.0
1570,32Nvl_L2_NS,32NVL_NS,0.033,0.033
1570,32Nvl_L1_NS,32NVL_NS,0.013,0.009
1570,NvcNvl_L1_NS,NONE,0.017,0.0
1575,304Thn_L2_NS,304THN_NS,0.009,0.009
1575,304Nvl_L1_EW,304NVL_EW,0.051,0.051
1575,304Nvl_L2_EW,304NVL_EW,0.007,0.007
1575,32Nvl_L1_NS,32NVL_NS,0.007,0.007
1575,32Nvl_L3_NS,NONE,0.008,0.0
1575,32Nvl_L2_NS,32NVL_NS,0.008,0.008
1575,32Mt_L1_NS,32MT_NS,0.031,0.031
1575,NvcMt_L2_EW,NVCMT_EW,0.003,0.003
1575,NvcCmt8_L2_NS,NONE,0.011,0.0
1575,NvcCmt8_L1_NS,NONE,0.008,0.0
1575,304Nvl_L3_EW,NONE,0.006,0.0
1575,32Nvl_L2_NS,32NVL_NS,0.007,0.007
1575,32Nvl_L1_NS,32NVL_NS,0.013,0.013
1575,NvcMt_L1_EW,NVCMT_EW,0.006,0.006
1575,NvcCmt8_L1_NS,NONE,0.054,0.0
1575,304Thn_L1_NS,304THN_NS,0.008,0.008
1580,304Nvl_L1_EW,304NVL_EW,0.051,0.051
1580,304Nvl_L2_EW,304NVL_EW,0.007,0.007
1580,32Nvl_L1_NS,32NVL_NS,0.007,0.007
1580,NvcNvl_L1_EW,NONE,0.011,0.0
1580,NvcNvl_L2_EW,NONE,0.008,0.0
1580,NvcNvl_L1_EW,NVCNVL_EW,0.014,0.014
1580,NvcNvl_L2_EW,NVCNVL_EW,0.008,0.006
1580,32Mt_L1_EW,NONE,0.007,0.0
1580,32Mt_L1_NS,NONE,0.117,0.0
1580,NvcMt_L2_EW,NVCMT_EW,0.003,-0.003
1580,304Nvl_L3_EW,NONE,0.006,0.0
1580,32Nvl_L1_NS,32NVL_NS,0.013,0.013
1580,NvcNvl_L3_EW,NONE,0.006,0.0
1580,32Mt_L2_EW,NONE,0.008,0.0
1580,32Mt_L2_NS,NONE,0.104,0.0
1580,NvcMt_L1_EW,NVCMT_EW,0.006,-0.004
1580,304Thn_L1_NS,304THN_NS,0.008,0.008
1585,32Nvl_L3_NS,NONE,0.007,0.0
1585,32Nvl_L1_NS,32NVL_NS,0.007,0.007
1585,32Nvl_L3_NS,NONE,0.017,0.0
1585,32Nvl_L2_NS,32NVL_NS,0.016,0.016
1585,NvcNvl_L3_NS,NONE,0.014,0.0
1585,NvcNvl_L2_NS,NONE,0.013,0.0
1585,NvcNvl_L1_EW,NVCNVL_EW,0.021,0.017
1585,NvcNvl_L2_EW,NVCNVL_EW,0.016,0.014
1585,32Mt_L1_EW,NONE,0.086,0.0
1585,32Mt_L3_EW,NONE,0.106,0.0
1585,32Mt_L1_EW,32MT_EW,0.007,0.007
1585,32Mt_L1_NS,NONE,0.01,0.0
1585,NvcMt_L2_NS,NONE,0.005,0.0
1585,NvcMt_L1_EW,NVCMT_EW,0.006,-0.008
1585,NvcMt_L2_EW,NVCMT_EW,0.003,-0.008
1585,NvcCmt8_L2_NS,NONE,0.012,0.0
1585,32Nvl_L2_NS,32NVL_NS,0.007,0.007
1585,32Nvl_L1_NS,32NVL_NS,0.02,0.02
1585,NvcNvl_L1_NS,NONE,0.017,0.0
1585,NvcNvl_L3_EW,NONE,0.019,0.0
1585,32Mt_L2_EW,NONE,0.09,0.0
1585,32Mt_L2_EW,32MT_EW,0.005,0.005
1585,NvcMt_L1_NS,NONE,0.005,0.0
1585,NvcMt_L2_EW,NVCMT_EW,0.008,-0.003
1585,NvcMt_L1_EW,NVCMT_EW,0.006,-0.009
1585,NvcCmt8_L1_NS,NONE,0.011,0.0
1590,304Nvl_L1_EW,304NVL_EW,0.008,0.008
1590,304Nvl_L2_EW,304NVL_EW,0.007,0.007
1590,304Nvl_L1_NS,NONE,0.036,0.0
1590,304Nvl_L3_NS,NONE,0.04,0.0
1590,32Nvl_L1_EW,32NVL_EW,0.007,0.002
1590,NvcNvl_L3_NS,NONE,0.007,0.0
1590,NvcNvl_L2_NS,NONE,0.007,0.0
1590,NvcNvl_L1_EW,NVCNVL_EW,0.028,0.024
1590,NvcNvl_L2_EW,NVCNVL_EW,0.016,0.016
1590,32Mt_L1_NS,32MT_NS,0.075,0.07
1590,32Mt_L1_EW,NONE,0.094,0.0
1590,32Mt_L3_EW,NONE,0.115,0.0
1590,32Mt_L1_EW,32MT_EW,0.007,0.007
1590,NvcMt_L1_EW,NVCMT_EW,0.006,-0.013
1590,NvcMt_L1_NS,NVCMT_NS,0.007,-0.046
1590,304Nvl_L3_EW,NONE,0.006,0.0
1590,304Nvl_L2_NS,NONE,0.037,0.0
1590,32Nvl_L1_NS,32NVL_NS,0.007,0.007
1590,NvcNvl_L1_NS,NONE,0.009,0.0
1590,NvcNvl_L3_EW,NONE,0.019,0.0
1590,32Mt_L2_EW,NONE,0.098,0.0
1590,32Mt_L2_EW,32MT_EW,0.005,0.005
1590,NvcMt_L2_EW,NVCMT_EW,0.008,-0.003
1590,NvcMt_L2_NS,NVCMT_NS,0.005,0.005
1595,32Nvl_L1_NS,32NVL_NS,0.007,0.007
1595,32Nvl_L1_EW,32NVL_EW,0.007,0.002
1595,32Nvl_L2_EW,32NVL_EW,0.008,0.004
1595,32Nvl_L3_NS,NONE,0.008,0.0
1595,32Nvl_L2_NS,32NVL_NS,0.008,0.008
1595,NvcNvl_L1_EW,NONE,0.011,0.0
1595,NvcNvl_L2_EW,NONE,0.008,0.0
1595,NvcNvl_L1_EW,NVCNVL_EW,0.021,0.012
1595,NvcNvl_L2_EW,NVCNVL_EW,0.016,0.016
1595,32Mt_L1_EW,32MT_EW,0.007,0.002
1595,NvcMt_L1_EW,NVCMT_EW,0.013,-0.002
1595,32Nvl_L3_EW,NONE,0.006,0.0
1595,32Nvl_L1_NS,32NVL_NS,0.013,0.013
1595,NvcNvl_L3_EW,NONE,0.019,0.0
1595,32Mt_L2_EW,32MT_EW,0.005,0.0
1595,NvcMt_L2_EW,NVCMT_EW,0.016,0.005
1600,304Nvl_L1_EW,304NVL_EW,0.008,0.008
1600,32Nvl_L1_EW,32NVL_EW,0.092,0.087
1600,32Nvl_L2_EW,32NVL_EW,0.1,0.097
1600,NvcNvl_L1_EW,NVCNVL_EW,0.021,0.017
1600,NvcNvl_L2_EW,NVCNVL_EW,0.016,0.016
1600,32Mt_L1_EW,NONE,0.007,0.0
1600,32Mt_L1_EW,32MT_EW,0.007,-0.057
1600,NvcMt_L1_EW,NVCMT_EW,0.006,-0.008
1600,32Nvl_L3_EW,NONE,0.081,0.0
1600,NvcNvl_L3_EW,NONE,0.019,0.0
1600,32Mt_L2_EW,NONE,0.008,0.0
1600,32Mt_L2_EW,32MT_EW,0.005,-0.065
1600,NvcMt_L2_EW,NVCMT_EW,0.016,0.005
1605,304Nvl_L1_NS,NONE,0.007,0.0
1605,304Nvl_L3_NS,NONE,0.008,0.0
1605,32Nvl_L1_EW,32NVL_EW,0.05,-0.019
1605,32Nvl_L2_EW,32NVL_EW,0.054,0.05
1605,NvcNvl_L1_EW,NVCNVL_EW,0.014,0.014
1605,NvcNvl_L2_EW,NVCNVL_EW,0.016,0.016
1605,32Mt_L1_EW,NONE,0.007,0.0
1605,32Mt_L3_EW,NONE,0.009,0.0
1605,32Mt_L1_EW,32MT_EW,0.098,0.063
1605,304Nvl_L2_NS,NONE,0.007,0.0
1605,32Nvl_L3_EW,NONE,0.044,0.0
1605,NvcNvl_L3_EW,NONE,0.019,0.0
1605,32Mt_L2_EW,NONE,0.008,0.0
1605,32Mt_L2_EW,32MT_EW,0.005,-0.032
1610,304Nvl_L1_EW,304NVL_EW,0.008,0.008
1610,304Nvl_L2_EW,304NVL_EW,0.007,0.007
1610,32Nvl_L1_EW,32NVL_EW,0.064,-0.01
1610,32Nvl_L2_EW,32NVL_EW,0.07,0.016
1610,32Nvl_L3_NS,NONE,0.008,0.0
1610,32Nvl_L2_NS,32NVL_NS,0.008,0.008
1610,NvcNvl_L1_EW,NVCNVL_EW,0.014,0.014
1610,NvcNvl_L2_EW,NVCNVL_EW,0.016,0.016
1610,32Mt_L1_EW,32MT_EW,0.105,0.06
1610,NvcCmt8_L2_EW,NONE,0.007,0.0
1610,32Thn_L1_EW,NONE,0.116,0.0
1610,32Thn_L2_EW,NONE,0.121,0.0
1610,32Thn_L3_EW,NONE,0.083,0.0
1610,304Nvl_L3_EW,NONE,0.006,0.0
1610,32Nvl_L3_EW,NONE,0.056,0.0
1610,32Nvl_L1_NS,32NVL_NS,0.087,0.087
1610,NvcNvl_L3_EW,NONE,0.019,0.0
1610,32Mt_L2_EW,32MT_EW,0.076,0.027
1610,NvcCmt8_L1_EW,NONE,0.006,0.0
1615,304Nvl_L1_EW,304NVL_EW,0.008,0.008
1615,32Nvl_L1_EW,32NVL_EW,0.014,-0.136
1615,32Nvl_L2_EW,32NVL_EW,0.015,-0.049
1615,32Nvl_L3_NS,NONE,0.008,0.0
1615,32Nvl_L2_NS,32NVL_NS,0.008,0.008
1615,NvcNvl_L3_NS,NONE,0.007,0.0
1615,NvcNvl_L2_NS,NONE,0.007,0.0
1615,NvcNvl_L1_EW,NVCNVL_EW,0.014,0.014
1615,NvcNvl_L2_EW,NVCNVL_EW,0.016,0.016
1615,32Mt_L1_EW,32MT_EW,0.119,0.109
1615,32Mt_L1_NS,NONE,0.01,0.0
1615,NvcMt_L2_NS,NONE,0.005,0.0
1615,NvcMt_L1_NS,NVCMT_NS,0.007,0.007
1615,32Thn_L1_EW,32THN_EW,0.096,0.086
1615,32Nvl_L3_EW,NONE,0.013,0.0
1615,32Nvl_L1_NS,32NVL_NS,0.087,0.087
1615,NvcNvl_L1_NS,NONE,0.009,0.0
1615,NvcNvl_L3_EW,NONE,0.019,0.0
1615,32Mt_L2_EW,32MT_EW,0.092,0.082
1615,NvcMt_L1_NS,NONE,0.005,0.0
1615,NvcMt_L2_NS,NVCMT_NS,0.005,0.005
1620,304Nvl_L1_NS,NONE,0.015,0.0
1620,304Nvl_L3_NS,NONE,0.008,0.0
1620,32Nvl_L1_NS,32NVL_NS,0.007,0.007
1620,32Nvl_L1_EW,32NVL_EW,0.007,-0.138
1620,32Nvl_L2_EW,32NVL_EW,0.008,-0.008
1620,32Nvl_L1_EW,32NVL_EW,0.034,-0.112
1620,32Nvl_L3_NS,NONE,0.008,0.0
1620,32Nvl_L2_NS,32NVL_NS,0.008,0.008
1620,NvcNvl_L3_NS,NONE,0.02,0.0
1620,NvcNvl_L2_NS,NONE,0.02,0.0
1620,NvcNvl_L1_EW,NVCNVL_EW,0.014,0.01
1620,NvcNvl_L2_EW,NVCNVL_EW,0.016,0.016
1620,32Mt_L1_EW,NONE,0.014,0.0
1620,32Mt_L3_EW,NONE,0.009,0.0
1620,32Mt_L1_EW,32MT_EW,0.112,0.107
1620,NvcMt_L2_NS,NONE,0.005,0.0
1620,NvcMt_L1_EW,NVCMT_EW,0.006,-0.009
1620,32Thn_L1_EW,32THN_EW,0.096,0.091
1620,304Nvl_L2_NS,NONE,0.007,0.0
1620,32Nvl_L3_EW,NONE,0.006,0.0
1620,32Nvl_L1_NS,32NVL_NS,0.02,0.02
1620,NvcNvl_L1_NS,NONE,0.026,0.0
1620,NvcNvl_L3_EW,NONE,0.019,0.0
1620,32Mt_L2_EW,NONE,0.015,0.0
1620,32Mt_L2_EW,32MT_EW,0.022,0.016
1620,NvcMt_L1_NS,NONE,0.005,0.0
1620,NvcMt_L2_EW,NVCMT_EW,0.008,-0.003
1620,NvcCmt8_L1_EW,NVCCMT8_EW,0.008,0.003
1625,32Nvl_L1_EW,32NVL_EW,0.014,-0.011
1625,32Nvl_L2_EW,32NVL_EW,0.015,-0.006
1625,32Nvl_L1_EW,32NVL_EW,0.034,0.008
1625,32Nvl_L3_NS,NONE,0.008,0.0
1625,32Nvl_L2_NS,32NVL_NS,0.008,0.008
1625,NvcNvl_L3_NS,NONE,0.007,0.0
1625,NvcNvl_L2_NS,NONE,0.007,0.0
1625,NvcNvl_L1_EW,NONE,0.011,0.0
1625,NvcNvl_L2_EW,NONE,0.008,0.0
1625,NvcNvl_L1_EW,NVCNVL_EW,0.014,0.01
1625,NvcNvl_L2_EW,NVCNVL_EW,0.016,0.016
1625,32Mt_L1_EW,NONE,0.101,0.0
1625,32Mt_L3_EW,NONE,0.124,0.0
1625,32Mt_L1_EW,32MT_EW,0.028,0.018
1625,NvcMt_L1_EW,NVCMT_EW,0.006,-0.009
1625,32Thn_L1_EW,32THN_EW,0.008,-0.002
1625,32Thn_L2_EW,32THN_EW,0.008,-0.002
1625,32Thn_L3_EW,NONE,0.008,0.0
1625,32Nvl_L3_EW,NONE,0.013,0.0
1625,32Nvl_L1_NS,32NVL_NS,0.013,0.013
1625,NvcNvl_L1_NS,NONE,0.009,0.0
1625,NvcNvl_L3_EW,NONE,0.006,0.0
1625,NvcNvl_L3_EW,NONE,0.019,0.0
1625,32Mt_L2_EW,NONE,0.106,0.0
1625,32Mt_L2_EW,32MT_EW,0.022,0.011
1625,NvcMt_L2_EW,NVCMT_EW,0.008,-0.003
1625,NvcMt_L1_EW,NVCMT_EW,0.006,-0.01
1625,NvcCmt8_L1_EW,NVCCMT8_EW,0.008,0.003
1630,32Nvl_L1_EW,32NVL_EW,0.014,-0.005
1630,32Nvl_L2_EW,32NVL_EW,0.015,0.004
1630,NvcNvl_L3_NS,NONE,0.007,0.0
1630,NvcNvl_L2_NS,NONE,0.007,0.0
1630,NvcNvl_L1_EW,NONE,0.011,0.0
1630,NvcNvl_L2_EW,NONE,0.008,0.0
1630,32Mt_L1_EW,32MT_EW,0.028,0.018
1630,NvcMt_L2_NS,NONE,0.005,0.0
1630,NvcMt_L1_EW,NVCMT_EW,0.006,0.006
1630,32Thn_L1_EW,NONE,0.01,0.0
1630,32Nvl_L3_EW,NONE,0.013,0.0
1630,NvcNvl_L1_NS,NONE,0.009,0.0
1630,32Mt_L2_EW,32MT_EW,0.016,0.006
1630,NvcMt_L1_NS,NONE,0.005,0.0
1630,NvcMt_L2_EW,NVCMT_EW,0.008,0.008
1635,32Nvl_L1_NS,32NVL_NS,0.007,0.007
1635,32Nvl_L1_EW,32NVL_EW,0.035,-0.038
1635,32Nvl_L2_EW,32NVL_EW,0.039,0.035
1635,32Nvl_L3_NS,NONE,0.008,0.0
1635,32Nvl_L2_NS,32NVL_NS,0.008,0.008
1635,NvcNvl_L3_NS,NONE,0.014,0.0
1635,NvcNvl_L2_NS,NONE,0.013,0.0
1635,NvcNvl_L1_EW,NVCNVL_EW,0.007,0.007
1635,32Mt_L1_EW,NONE,0.007,0.0
1635,32Mt_L3_EW,NONE,0.009,0.0
1635,32Mt_L1_EW,32MT_EW,0.105,0.08
1635,32Mt_L1_NS,NONE,0.02,0.0
1635,NvcMt_L2_NS,NONE,0.005,0.0
1635,32Nvl_L3_EW,NONE,0.031,0.0
1635,32Nvl_L1_NS,32NVL_NS,0.013,0.013
1635,NvcNvl_L1_NS,NONE,0.017,0.0
1635,32Mt_L2_EW,NONE,0.008,0.0
1635,32Mt_L2_EW,32MT_EW,0.005,-0.022
1635,32Mt_L2_NS,NONE,0.009,0.0
1635,NvcMt_L1_NS,NONE,0.005,0.0
1640,304Nvl_L1_EW,304NVL_EW,0.008,0.008
1640,304Nvl_L2_EW,304NVL_EW,0.007,0.007
1640,32Nvl_L3_NS,NONE,0.007,0.0
1640,32Nvl_L1_NS,32NVL_NS,0.014,0.014
1640,32Nvl_L1_EW,32NVL_EW,0.035,-0.028
1640,32Nvl_L2_EW,32NVL_EW,0.039,0.035
1640,32Nvl_L3_NS,NONE,0.008,0.0
1640,32Nvl_L2_NS,32NVL_NS,0.008,0.008
1640,32Mt_L1_EW,NONE,0.014,0.0
1640,32Mt_L3_EW,NONE,0.009,0.0
1640,32Mt_L1_EW,32MT_EW,0.091,0.066
1640,32Mt_L1_NS,NONE,0.01,0.0
1640,NvcMt_L2_NS,NONE,0.005,0.0
1640,NvcMt_L1_EW,NVCMT_EW,0.006,0.006
1640,NvcCmt8_L2_EW,NONE,0.037,0.0
1640,32Thn_L1_EW,NONE,0.01,0.0
1640,32Thn_L2_EW,NONE,0.01,0.0
1640,32Thn_L3_EW,NONE,0.007,0.0
1640,304Nvl_L3_EW,NONE,0.006,0.0
1640,32Nvl_L2_NS,32NVL_NS,0.007,0.007
1640,32Nvl_L3_EW,NONE,0.031,0.0
1640,32Nvl_L1_NS,32NVL_NS,0.02,0.02
1640,32Mt_L2_EW,NONE,0.008,0.0
1640,32Mt_L2_EW,32MT_EW,0.005,-0.022
1640,NvcMt_L1_NS,NONE,0.005,0.0
1640,NvcMt_L2_EW,NVCMT_EW,0.008,0.008
1640,NvcCmt8_L1_EW,NONE,0.029,0.0
1645,304Nvl_L1_EW,304NVL_EW,0.102,0.102
1645,304Nvl_L2_EW,304NVL_EW,0.087,0.087
1645,32Nvl_L1_NS,32NVL_NS,0.007,0.007
1645,32Nvl_L3_NS,NONE,0.008,0.0
1645,32Nvl_L2_NS,32NVL_NS,0.008,0.008
1645,32Mt_L1_EW,NONE,0.043,0.0
1645,32Mt_L3_EW,NONE,0.044,0.0
1645,32Mt_L1_NS,NONE,0.01,0.0
1645,NvcCmt8_L2_EW,NONE,0.037,0.0
1645,32Thn_L1_EW,32THN_EW,0.008,0.008
1645,304Nvl_L3_EW,NONE,0.076,0.0
1645,32Nvl_L2_NS,32NVL_NS,0.007,0.007
1645,32Nvl_L1_NS,32NVL_NS,0.02,0.02
1645,32Mt_L2_EW,NONE,0.038,0.0
1645,NvcCmt8_L1_EW,NONE,0.029,0.0
1650,304Nvl_L1_NS,NONE,0.007,0.0
1650,304Nvl_L3_NS,NONE,0.008,0.0
1650,32Nvl_L1_NS,32NVL_NS,0.007,0.007
1650,32Nvl_L1_EW,32NVL_EW,0.007,0.002
1650,32Nvl_L2_EW,32NVL_EW,0.008,0.004
1650,32Nvl_L3_NS,NONE,0.017,0.0
1650,32Nvl_L2_NS,32NVL_NS,0.016,0.016
1650,NvcNvl_L1_EW,NVCNVL_EW,0.007,-0.002
1650,32Mt_L1_NS,32MT_NS,0.006,0.006
1650,32Mt_L1_EW,32MT_EW,0.007,0.002
1650,32Mt_L1_NS,NONE,0.059,0.0
1650,NvcMt_L1_EW,NVCMT_EW,0.013,0.002
1650,NvcCmt8_L2_EW,NVCCMT8_EW,0.005,0.005
1650,304Nvl_L2_NS,NONE,0.007,0.0
1650,32Nvl_L2_NS,32NVL_NS,0.007,0.007
1650,32Nvl_L3_EW,NONE,0.006,0.0
1650,32Nvl_L1_NS,32NVL_NS,0.02,0.02
1650,32Mt_L2_EW,32MT_EW,0.005,0.0
1650,NvcMt_L2_EW,NVCMT_EW,0.016,0.012
1650,NvcCmt8_L1_EW,NVCCMT8_EW,0.008,-0.001
1655,32Nvl_L1_NS,32NVL_NS,0.007,0.007
1655,32Nvl_L1_EW,32NVL_EW,0.007,0.002
1655,32Nvl_L2_EW,32NVL_EW,0.008,0.004
1655,32Nvl_L3_NS,NONE,0.067,0.0
1655,32Nvl_L2_NS,32NVL_NS,0.063,0.063
1655,NvcNvl_L3_NS,NONE,0.034,0.0
1655,NvcNvl_L2_NS,NONE,0.033,0.0
1655,32Mt_L1_NS,32MT_NS,0.006,0.006
1655,32Mt_L1_EW,32MT_EW,0.007,0.002
1655,NvcMt_L2_NS,NONE,0.005,0.0
1655,NvcCmt8_L2_EW,NVCCMT8_EW,0.005,0.005
1655,32Nvl_L2_NS,32NVL_NS,0.007,0.007
1655,32Nvl_L3_EW,NONE,0.006,0.0
1655,32Nvl_L1_NS,32NVL_NS,0.094,0.094
1655,NvcNvl_L1_NS,NONE,0.044,0.0
1655,32Mt_L2_EW,32MT_EW,0.005,0.0
1655,NvcMt_L1_NS,NONE,0.005,0.0
1655,NvcCmt8_L1_EW,NVCCMT8_EW,0.008,0.008
1660,304Nvl_L1_EW,304NVL_EW,0.008,0.008
1660,304Nvl_L1_NS,NONE,0.088,0.0
1660,32Nvl_L1_NS,32NVL_NS,0.007,0.007
1660,32Nvl_L3_NS,NONE,0.067,0.0
1660,32Nvl_L2_NS,32NVL_NS,0.063,0.063
1660,NvcNvl_L3_NS,NONE,0.02,0.0
1660,NvcNvl_L2_NS,NONE,0.02,0.0
1660,32Mt_L1_NS,32MT_NS,0.006,0.006
1660,32Nvl_L2_NS,32NVL_NS,0.007,0.007
1660,32Nvl_L1_NS,32NVL_NS,0.067,0.067
1660,NvcNvl_L1_NS,NONE,0.026,0.0
1660,NvcCmt8_L1_EW,NONE,0.006,0.0
1665,304Nvl_L1_EW,304NVL_EW,0.102,0.102
1665,304Nvl_L2_EW,304NVL_EW,0.087,0.087
1665,32Nvl_L1_NS,32NVL_NS,0.007,0.007
1665,32Nvl_L1_EW,32NVL_EW,0.035,0.03
1665,32Nvl_L2_EW,32NVL_EW,0.039,0.035
1665,32Nvl_L3_NS,NONE,0.067,0.0
1665,32Nvl_L2_NS,32NVL_NS,0.063,0.063
1665,NvcNvl_L3_NS,NONE,0.007,0.0
1665,NvcNvl_L2_NS,NONE,0.007,0.0
1665,32Mt_L1_NS,32MT_NS,0.006,0.006
1665,32Mt_L1_EW,32MT_EW,0.007,-0.018
1665,NvcMt_L2_NS,NONE,0.005,0.0
1665,NvcCmt8_L2_NS,NONE,0.011,0.0
1665,NvcCmt8_L1_NS,NONE,0.008,0.0
1665,304Nvl_L3_EW,NONE,0.076,0.0
1665,32Nvl_L2_NS,32NVL_NS,0.007,0.007
1665,32Nvl_L3_EW,NONE,0.031,0.0
1665,32Nvl_L1_NS,32NVL_NS,0.067,0.067
1665,NvcNvl_L1_NS,NONE,0.009,0.0
1665,32Mt_L2_EW,32MT_EW,0.005,-0.022
1665,NvcMt_L1_NS,NONE,0.005,0.0
1670,304Nvl_L1_EW,304NVL_EW,0.229,0.229
1670,304Nvl_L2_EW,304NVL_EW,0.196,0.196
1670,304Nvl_L1_NS,NONE,0.007,0.0
1670,304Nvl_L3_NS,NONE,0.008,0.0
1670,32Nvl_L1_NS,32NVL_NS,0.007,0.007
1670,32Nvl_L3_NS,NONE,0.067,0.0
1670,32Nvl_L2_NS,32NVL_NS,0.063,0.063
1670,NvcNvl_L3_NS,NONE,0.007,0.0
1670,NvcNvl_L2_NS,NONE,0.007,0.0
1670,NvcNvl_L1_EW,NONE,0.011,0.0
1670,NvcNvl_L2_EW,NONE,0.008,0.0
1670,NvcNvl_L1_EW,NVCNVL_EW,0.007,0.007
1670,32Mt_L1_NS,32MT_NS,0.013,0.013
1670,304Nvl_L3_EW,NONE,0.171,0.0
1670,304Nvl_L2_NS,NONE,0.007,0.0
1670,32Nvl_L2_NS,32NVL_NS,0.007,0.007
1670,32Nvl_L1_NS,32NVL_NS,0.06,0.06
1670,NvcNvl_L1_NS,NONE,0.009,0.0
1670,NvcNvl_L3_EW,NONE,0.006,0.0
1670,32Mt_L2_NS,32MT_NS,0.006,0.006
1670,NvcMt_L1_NS,NONE,0.005,0.0
1675,304Nvl_L1_EW,304NVL_EW,0.119,0.119
1675,304Nvl_L2_EW,304NVL_EW,0.102,0.102
1675,304Nvl_L1_NS,NONE,0.007,0.0
1675,32Nvl_L1_NS,32NVL_NS,0.007,0.007
1675,32Nvl_L3_NS,NONE,0.067,0.0
1675,32Nvl_L2_NS,32NVL_NS,0.063,0.063
1675,NvcNvl_L3_NS,NONE,0.014,0.0
1675,NvcNvl_L2_NS,NONE,0.013,0.0
1675,32Mt_L1_NS,32MT_NS,0.038,0.038
1675,32Mt_L1_EW,NONE,0.007,0.0
1675,NvcMt_L2_NS,NONE,0.026,0.0
1675,NvcCmt8_L2_EW,NVCCMT8_EW,0.026,0.026
1675,32Thn_L1_EW,32THN_EW,0.008,0.008
1675,32Thn_L2_EW,32THN_EW,0.008,0.008
1675,32Thn_L3_EW,NONE,0.008,0.0
1675,304Nvl_L3_EW,NONE,0.089,0.0
1675,32Nvl_L2_NS,32NVL_NS,0.007,0.007
1675,32Nvl_L1_NS,32NVL_NS,0.087,0.087
1675,NvcNvl_L1_NS,NONE,0.017,0.0
1675,32Mt_L2_NS,32MT_NS,0.039,0.039
1675,NvcMt_L1_NS,NONE,0.027,0.0
1675,NvcCmt8_L1_EW,NVCCMT8_EW,0.038,0.038
1680,304Nvl_L1_EW,304NVL_EW,0.017,0.017
1680,304Nvl_L2_EW,304NVL_EW,0.007,0.007
1680,304Nvl_L1_EW,NONE,0.098,0.0
1680,304Nvl_L1_NS,NONE,0.007,0.0
1680,32Nvl_L1_NS,32NVL_NS,0.007,0.007
1680,32Nvl_L1_EW,32NVL_EW,0.007,0.007
1680,32Nvl_L2_EW,32NVL_EW,0.007,0.007
1680,32Nvl_L3_NS,NONE,0.075,0.0
1680,32Nvl_L2_NS,32NVL_NS,0.071,0.071
1680,NvcNvl_L1_EW,NONE,0.011,0.0
1680,NvcNvl_L2_EW,NONE,0.008,0.0
1680,NvcNvl_L1_EW,NVCNVL_EW,0.007,0.007
1680,NvcNvl_L2_EW,NVCNVL_EW,0.008,0.008
1680,32Mt_L1_NS,32MT_NS,0.038,0.038
1680,32Mt_L1_EW,NONE,0.007,0.0
1680,32Mt_L3_EW,NONE,0.009,0.0
1680,NvcMt_L2_NS,NONE,0.037,0.0
1680,NvcCmt8_L2_EW,NVCCMT8_EW,0.026,0.026
1680,32Thn_L1_EW,NONE,0.01,0.0
1680,304Nvl_L3_EW,NONE,0.006,0.0
1680,32Nvl_L2_NS,32NVL_NS,0.007,0.007
1680,32Nvl_L3_EW,NONE,0.006,0.0
1680,32Nvl_L1_NS,32NVL_NS,0.094,0.094
1680,NvcNvl_L3_EW,NONE,0.009,0.0
1680,32Mt_L2_NS,32MT_NS,0.039,0.039
1680,32Mt_L2_EW,NONE,0.008,0.0
1680,NvcMt_L1_NS,NONE,0.038,0.0
1680,NvcCmt8_L1_EW,NVCCMT8_EW,0.038,0.038
1685,304Nvl_L1_NS,304NVL_NS,0.009,0.009
1685,304Nvl_L1_EW,304NVL_EW,0.008,0.008
1685,304Nvl_L2_EW,304NVL_EW,0.007,0.007
1685,32Nvl_L3_NS,NONE,0.067,0.0
1685,32Nvl_L2_NS,32NVL_NS,0.063,0.063
1685,NvcNvl_L1_NS,NVCNVL_NS,0.007,0.007
1685,32Mt_L1_NS,32MT_NS,0.031,0.031
1685,NvcMt_L2_NS,NONE,0.005,0.0
1685,NvcCmt8_L2_NS,NONE,0.011,0.0
1685,NvcCmt8_L1_NS,NONE,0.008,0.0
1685,304Nvl_L3_EW,NONE,0.006,0.0
1685,32Nvl_L1_NS,32NVL_NS,0.087,0.076
1685,32Mt_L2_NS,32MT_NS,0.032,0.032
1685,NvcMt_L1_NS,NONE,0.005,0.0
1685,NvcCmt8_L1_EW,NONE,0.029,0.0
1690,304Nvl_L1_NS,304NVL_NS,0.009,0.009
1690,304Nvl_L1_EW,304NVL_EW,0.11,0.11
1690,304Nvl_L2_EW,304NVL_EW,0.007,0.007
1690,32Nvl_L1_EW,32NVL_EW,0.007,0.002
1690,32Nvl_L2_EW,32NVL_EW,0.008,0.008
1690,32Mt_L1_NS,32MT_NS,0.031,0.031
1690,32Mt_L1_EW,32MT_EW,0.007,0.002
1690,32Mt_L1_NS,NONE,0.01,0.0
1690,304Nvl_L3_EW,NONE,0.006,0.0
1690,32Nvl_L3_EW,NONE,0.006,0.0
1690,32Mt_L2_NS,32MT_NS,0.032,0.032
1690,32Mt_L2_NS,NONE,0.009,0.0
1695,304Nvl_L1_EW,304NVL_EW,0.11,0.11
1695,304Nvl_L2_EW,304NVL_EW,0.007,0.007
1695,32Nvl_L3_NS,NONE,0.082,0.0
1695,32Nvl_L1_NS,32NVL_NS,0.09,0.09
1695,32Nvl_L1_EW,32NVL_EW,0.007,0.002
1695,32Nvl_L2_EW,32NVL_EW,0.008,0.004
1695,NvcNvl_L1_EW,NONE,0.053,0.0
1695,NvcNvl_L2_EW,NONE,0.038,0.0
1695,32Mt_L1_NS,32MT_NS,0.006,0.006
1695,32Mt_L1_EW,NONE,0.014,0.0
1695,32Mt_L3_EW,NONE,0.009,0.0
1695,32Mt_L1_EW,32MT_EW,0.007,0.002
1695,32Mt_L1_NS,NONE,0.01,0.0
1695,NvcMt_L2_NS,NONE,0.005,0.0
1695,NvcCmt8_L2_EW,NONE,0.007,0.0
1695,304Nvl_L3_EW,NONE,0.006,0.0
1695,32Nvl_L2_NS,32NVL_NS,0.08,0.08
1695,32Nvl_L3_EW,NONE,0.006,0.0
1695,NvcNvl_L3_EW,NONE,0.032,0.0
1695,32Mt_L2_EW,NONE,0.008,0.0
1695,32Mt_L2_EW,32MT_EW,0.005,0.0
1695,32Mt_L2_NS,NONE,0.009,0.0
1695,NvcMt_L1_NS,NONE,0.005,0.0
1695,NvcCmt8_L1_EW,NONE,0.006,0.0
1700,32Nvl_L3_NS,NONE,0.007,0.0
1700,32Nvl_L1_NS,32NVL_NS,0.09,0.09
1700,32Nvl_L1_EW,32NVL_EW,0.007,0.002
1700,32Nvl_L2_EW,32NVL_EW,0.008,0.004
1700,32Nvl_L3_NS,NONE,0.042,0.0
1700,32Nvl_L2_NS,32NVL_NS,0.039,0.039
1700,32Mt_L1_NS,32MT_NS,0.006,0.006
1700,32Mt_L1_EW,NONE,0.007,0.0
1700,32Mt_L3_EW,NONE,0.009,0.0
1700,32Mt_L1_EW,32MT_EW,0.007,0.002
1700,NvcMt_L2_NS,NONE,0.005,0.0
1700,32Nvl_L2_NS,32NVL_NS,0.087,0.087
1700,32Nvl_L3_EW,NONE,0.006,0.0
1700,32Nvl_L1_NS,32NVL_NS,0.074,0.074
1700,32Mt_L2_EW,NONE,0.008,0.0
1700,32Mt_L2_EW,32MT_EW,0.005,0.0
1700,NvcMt_L1_NS,NONE,0.005,0.0
1700,NvcMt_L2_EW,NVCMT_EW,0.008,0.008
1705,32Nvl_L1_EW,32NVL_EW,0.007,0.007
1705,32Nvl_L2_EW,32NVL_EW,0.008,0.008
1705,32Nvl_L3_NS,NONE,0.025,0.0
1705,32Nvl_L2_NS,32NVL_NS,0.024,0.024
1705,32Mt_L1_EW,NONE,0.043,0.0
1705,32Mt_L3_EW,NONE,0.009,0.0
1705,32Mt_L1_NS,NONE,0.01,0.0
1705,NvcMt_L2_NS,NONE,0.026,0.0
1705,NvcCmt8_L2_NS,NONE,0.011,0.0
1705,32Thn_L1_EW,NONE,0.049,0.0
1705,32Thn_L2_EW,NONE,0.051,0.0
1705,NvcCmt8_L1_NS,NONE,0.008,0.0
1705,32Thn_L3_EW,NONE,0.035,0.0
1705,32Nvl_L3_EW,NONE,0.006,0.0
1705,32Nvl_L1_NS,32NVL_NS,0.054,0.054
1705,32Mt_L2_EW,NONE,0.008,0.0
1705,NvcMt_L1_NS,NONE,0.027,0.0
1710,304Nvl_L1_NS,NONE,0.007,0.0
1710,32Nvl_L1_NS,32NVL_NS,0.042,0.042
1710,32Nvl_L1_EW,32NVL_EW,0.007,-0.026
1710,32Nvl_L2_EW,32NVL_EW,0.008,0.008
1710,32Nvl_L3_NS,NONE,0.067,0.0
1710,32Nvl_L2_NS,32NVL_NS,0.063,0.063
1710,NvcNvl_L3_NS,NONE,0.007,0.0
1710,NvcNvl_L2_NS,NONE,0.007,0.0
1710,NvcNvl_L1_EW,NVCNVL_EW,0.007,0.007
1710,NvcNvl_L2_EW,NVCNVL_EW,0.008,0.008
1710,32Mt_L1_EW,NONE,0.058,0.0
1710,32Mt_L3_EW,NONE,0.018,0.0
1710,32Mt_L1_EW,32MT_EW,0.007,0.002
1710,32Thn_L1_EW,32THN_EW,0.04,0.035
1710,32Nvl_L2_NS,32NVL_NS,0.007,0.007
1710,32Nvl_L3_EW,NONE,0.006,0.0
1710,32Nvl_L1_NS,32NVL_NS,0.06,0.06
1710,NvcNvl_L1_NS,NONE,0.009,0.0
1710,NvcNvl_L3_EW,NONE,0.009,0.0
1710,32Mt_L2_EW,NONE,0.023,0.0
1710,NvcCmt8_L1_EW,NVCCMT8_EW,0.008,0.008
1715,304Nvl_L1_EW,304NVL_EW,0.008,0.008
1715,304Nvl_L2_EW,304NVL_EW,0.007,0.007
1715,304Nvl_L1_NS,NONE,0.007,0.0
1715,32Nvl_L1_NS,32NVL_NS,0.048,0.048
1715,32Nvl_L1_EW,32NVL_EW,0.007,-0.036
1715,32Nvl_L2_EW,32NVL_EW,0.008,0.0
1715,32Nvl_L3_NS,NONE,0.017,0.0
1715,32Nvl_L2_NS,32NVL_NS,0.016,0.016
1715,NvcNvl_L3_NS,NONE,0.007,0.0
1715,NvcNvl_L2_NS,NONE,0.007,0.0
1715,NvcNvl_L1_EW,NVCNVL_EW,0.007,-0.015
1715,NvcNvl_L2_EW,NVCNVL_EW,0.008,0.008
1715,32Mt_L1_EW,32MT_EW,0.021,0.016
1715,NvcMt_L1_EW,NVCMT_EW,0.032,0.027
1715,32Thn_L1_EW,32THN_EW,0.04,0.035
1715,304Nvl_L3_EW,NONE,0.006,0.0
1715,32Nvl_L3_EW,NONE,0.006,0.0
1715,32Nvl_L1_NS,32NVL_NS,0.013,0.013
1715,NvcNvl_L1_NS,NONE,0.009,0.0
1715,NvcNvl_L3_EW,NONE,0.009,0.0
1715,32Mt_L2_EW,32MT_EW,0.011,0.005
1715,NvcMt_L2_EW,NVCMT_EW,0.04,0.034
1720,304Nvl_L1_NS,NONE,0.007,0.0
1720,304Nvl_L3_NS,NONE,0.008,0.0
1720,32Nvl_L1_NS,32NVL_NS,0.042,0.042
1720,32Nvl_L1_EW,32NVL_EW,0.007,-0.04
1720,32Nvl_L2_EW,32NVL_EW,0.008,-0.004
1720,NvcNvl_L3_NS,NONE,0.014,0.0
1720,NvcNvl_L2_NS,NONE,0.013,0.0
1720,NvcNvl_L1_EW,NVCNVL_EW,0.092,0.069
1720,NvcNvl_L2_EW,NVCNVL_EW,0.102,0.102
1720,32Mt_L1_EW,NONE,0.007,0.0
1720,32Mt_L1_EW,32MT_EW,0.028,0.023
1720,32Mt_L1_NS,NONE,0.01,0.0
1720,NvcMt_L1_EW,NVCMT_EW,0.032,-0.032
1720,32Thn_L1_EW,32THN_EW,0.04,0.035
1720,304Nvl_L2_NS,NONE,0.007,0.0
1720,32Nvl_L3_EW,NONE,0.006,0.0
1720,NvcNvl_L1_NS,NONE,0.017,0.0
1720,NvcNvl_L3_EW,NONE,0.009,0.0
1720,32Mt_L2_EW,32MT_EW,0.016,0.011
1720,NvcMt_L2_EW,NVCMT_EW,0.04,-0.031
1725,304Nvl_L1_NS,NONE,0.007,0.0
1725,32Nvl_L1_NS,32NVL_NS,0.014,0.014
1725,32Nvl_L1_EW,32NVL_EW,0.007,-0.012
1725,32Nvl_L2_EW,32NVL_EW,0.008,-0.008
1725,32Nvl_L3_NS,NONE,0.008,0.0
1725,32Nvl_L2_NS,32NVL_NS,0.008,0.008
1725,NvcNvl_L1_EW,NONE,0.011,0.0
1725,NvcNvl_L2_EW,NONE,0.008,0.0
1725,NvcNvl_L1_EW,NVCNVL_EW,0.092,0.016
1725,NvcNvl_L2_EW,NVCNVL_EW,0.102,0.102
1725,32Mt_L1_EW,32MT_EW,0.028,0.023
1725,32Mt_L1_NS,NONE,0.01,0.0
1725,NvcMt_L1_EW,NVCMT_EW,0.108,0.044
1725,32Nvl_L3_EW,NONE,0.006,0.0
1725,32Nvl_L1_NS,32NVL_NS,0.007,0.007
1725,NvcNvl_L3_EW,NONE,0.121,0.0
1725,32Mt_L2_EW,32MT_EW,0.022,0.016
1725,NvcMt_L2_EW,NVCMT_EW,0.135,0.064
1730,304Nvl_L1_NS,304NVL_NS,0.009,0.009
1730,32Nvl_L1_EW,32NVL_EW,0.007,-0.076
1730,32Nvl_L2_EW,32NVL_EW,0.008,-0.057
1730,32Nvl_L1_EW,32NVL_EW,0.013,-0.07
1730,32Nvl_L2_EW,32NVL_EW,0.007,-0.057
1730,NvcNvl_L1_EW,NVCNVL_EW,0.092,0.016
1730,NvcNvl_L2_EW,NVCNVL_EW,0.102,0.102
1730,NvcNvl_L1_NS,NVCNVL_NS,0.013,0.013
1730,32Mt_L1_EW,32MT_EW,0.119,0.114
1730,NvcMt_L1_EW,NVCMT_EW,0.108,0.044
1730,32Nvl_L3_EW,NONE,0.006,0.0
1730,32Nvl_L3_EW,NONE,0.006,0.0
1730,NvcNvl_L3_EW,NONE,0.121,0.0
1730,32Mt_L2_EW,32MT_EW,0.092,0.087
1730,NvcMt_L2_EW,NVCMT_EW,0.135,0.064
1735,304Nvl_L1_NS,304NVL_NS,0.009,0.009
1735,32Nvl_L1_EW,32NVL_EW,0.007,-0.071
1735,32Nvl_L2_EW,32NVL_EW,0.008,-0.053
1735,32Nvl_L1_EW,32NVL_EW,0.007,-0.071
1735,32Nvl_L2_EW,32NVL_EW,0.007,-0.053
1735,NvcNvl_L1_EW,NVCNVL_EW,0.092,0.034
1735,NvcNvl_L2_EW,NVCNVL_EW,0.102,0.102
1735,32Mt_L1_EW,32MT_EW,0.112,0.107
1735,32Mt_L1_NS,NONE,0.01,0.0
1735,NvcMt_L2_NS,NONE,0.005,0.0
1735,NvcMt_L1_EW,NVCMT_EW,0.083,0.013
1735,NvcMt_L1_NS,NVCMT_NS,0.007,0.007
1735,NvcCmt8_L2_EW,NVCCMT8_EW,0.005,0.005
1735,32Nvl_L3_EW,NONE,0.006,0.0
1735,32Nvl_L3_EW,NONE,0.006,0.0
1735,NvcNvl_L3_EW,NONE,0.121,0.0
1735,32Mt_L2_EW,32MT_EW,0.087,0.082
1735,32Mt_L2_NS,NONE,0.009,0.0
1735,NvcMt_L1_NS,NONE,0.005,0.0
1735,NvcMt_L2_EW,NVCMT_EW,0.143,0.068
1735,NvcMt_L2_NS,NVCMT_NS,0.005,0.005
1735,NvcCmt8_L1_EW,NVCCMT8_EW,0.008,-0.05
1740,304Nvl_L1_NS,304NVL_NS,0.018,0.018
1740,304Nvl_L3_NS,NONE,0.007,0.0
1740,304Nvl_L1_EW,304NVL_EW,0.025,0.025
1740,304Nvl_L2_EW,304NVL_EW,0.022,0.022
1740,304Nvl_L1_NS,NONE,0.036,0.0
1740,304Nvl_L3_NS,NONE,0.04,0.0
1740,32Nvl_L1_EW,32NVL_EW,0.007,-0.056
1740,32Nvl_L2_EW,32NVL_EW,0.008,-0.042
1740,32Nvl_L1_EW,32NVL_EW,0.007,-0.057
1740,32Nvl_L2_EW,32NVL_EW,0.007,-0.042
1740,NvcNvl_L1_EW,NVCNVL_EW,0.084,0.027
1740,NvcNvl_L2_EW,NVCNVL_EW,0.094,0.094
1740,32Mt_L1_EW,NONE,0.007,0.0
1740,32Mt_L3_EW,NONE,0.009,0.0
1740,32Mt_L1_EW,32MT_EW,0.091,0.086
1740,32Mt_L1_NS,NONE,0.01,0.0
1740,NvcMt_L1_EW,NVCMT_EW,0.083,0.023
1740,304Nvl_L2_NS,304NVL_NS,0.008,0.008
1740,304Nvl_L3_EW,NONE,0.019,0.0
1740,304Nvl_L2_NS,NONE,0.037,0.0
1740,32Nvl_L3_EW,NONE,0.006,0.0
1740,32Nvl_L3_EW,NONE,0.006,0.0
1740,NvcNvl_L3_EW,NONE,0.112,0.0
1740,32Mt_L2_EW,NONE,0.008,0.0
1740,32Mt_L2_EW,32MT_EW,0.071,0.065
1740,32Mt_L2_NS,NONE,0.009,0.0
1740,NvcMt_L2_EW,NVCMT_EW,0.103,0.038
1745,304Nvl_L1_NS,304NVL_NS,0.009,0.004
1745,304Nvl_L3_NS,NONE,0.007,0.0
1745,304Nvl_L1_EW,304NVL_EW,0.025,0.025
1745,304Nvl_L2_EW,304NVL_EW,0.022,0.022
1745,304Nvl_L1_NS,NONE,0.051,0.0
1745,304Nvl_L3_NS,NONE,0.016,0.0
1745,32Nvl_L1_NS,32NVL_NS,0.007,0.001
1745,32Nvl_L1_EW,32NVL_EW,0.007,0.002
1745,32Nvl_L2_EW,32NVL_EW,0.008,0.004
1745,32Nvl_L1_EW,32NVL_EW,0.007,0.002
1745,32Nvl_L2_EW,32NVL_EW,0.007,0.004
1745,NvcNvl_L1_EW,NVCNVL_EW,0.007,0.003
1745,NvcNvl_L2_EW,NVCNVL_EW,0.008,0.008
1745,32Mt_L1_NS,32MT_NS,0.006,0.001
1745,32Mt_L1_EW,NONE,0.014,0.0
1745,32Mt_L3_EW,NONE,0.009,0.0
1745,32Mt_L1_EW,32MT_EW,0.007,0.002
1745,32Mt_L1_NS,NONE,0.127,0.0
1745,NvcMt_L1_EW,NVCMT_EW,0.006,0.001
1745,NvcMt_L1_NS,NVCMT_NS,0.007,0.002
1745,304Nvl_L2_NS,304NVL_NS,0.008,0.008
1745,304Nvl_L3_EW,NONE,0.019,0.0
1745,304Nvl_L2_NS,NONE,0.052,0.0
1745,32Nvl_L2_NS,32NVL_NS,0.007,0.001
1745,32Nvl_L3_EW,NONE,0.006,0.0
1745,32Nvl_L3_EW,NONE,0.006,0.0
1745,NvcNvl_L3_EW,NONE,0.009,0.0
1745,32Mt_L2_EW,NONE,0.008,0.0
1745,32Mt_L2_EW,32MT_EW,0.005,0.0
1745,32Mt_L2_NS,NONE,0.104,0.0
1745,NvcMt_L2_EW,NVCMT_EW,0.008,0.002
1745,NvcMt_L2_NS,NVCMT_NS,0.005,0.005
1750,304Nvl_L1_NS,304NVL_NS,0.009,0.004
1750,304Nvl_L3_NS,NONE,0.007,0.0
1750,304Nvl_L1_NS,NONE,0.066,0.0
1750,304Nvl_L3_NS,NONE,0.048,0.0
1750,32Nvl_L3_NS,NONE,0.007,0.0
1750,32Nvl_L1_NS,32NVL_NS,0.007,0.001
1750,32Nvl_L1_EW,32NVL_EW,0.007,0.002
1750,32Nvl_L2_EW,32NVL_EW,0.008,0.008
1750,32Nvl_L1_EW,32NVL_EW,0.007,0.002
1750,32Nvl_L2_EW,32NVL_EW,0.007,0.007
1750,NvcNvl_L3_NS,NONE,0.041,0.0
1750,NvcNvl_L2_NS,NONE,0.04,0.0
1750,32Mt_L1_NS,32MT_NS,0.006,0.001
1750,32Mt_L1_EW,NONE,0.007,0.0
1750,32Mt_L1_EW,32MT_EW,0.007,0.002
1750,NvcMt_L1_NS,NVCMT_NS,0.007,0.002
1750,304Nvl_L2_NS,304NVL_NS,0.008,0.008
1750,304Nvl_L2_NS,NONE,0.044,0.0
1750,32Nvl_L2_NS,32NVL_NS,0.007,0.001
1750,32Nvl_L3_EW,NONE,0.006,0.0
1750,32Nvl_L3_EW,NONE,0.006,0.0
1750,NvcNvl_L1_NS,NONE,0.052,0.0
1750,NvcMt_L2_EW,NVCMT_EW,0.008,0.008
1750,NvcMt_L2_NS,NVCMT_NS,0.005,0.005
1755,304Nvl_L1_NS,304NVL_NS,0.054,0.054
1755,304Nvl_L3_NS,NONE,0.007,0.0
1755,304Nvl_L1_NS,NONE,0.029,0.0
1755,304Nvl_L3_NS,NONE,0.008,0.0
1755,32Nvl_L1_EW,32NVL_EW,0.014,0.009
1755,32Nvl_L2_EW,32NVL_EW,0.015,0.012
1755,32Nvl_L1_EW,32NVL_EW,0.007,0.002
1755,32Nvl_L2_EW,32NVL_EW,0.007,0.004
1755,32Nvl_L3_NS,NONE,0.008,0.0
1755,32Nvl_L2_NS,32NVL_NS,0.008,0.003
1755,NvcNvl_L1_EW,NONE,0.011,0.0
1755,NvcNvl_L2_EW,NONE,0.008,0.0
1755,32Mt_L1_NS,32MT_NS,0.082,0.077
1755,32Mt_L1_EW,NONE,0.014,0.0
1755,32Mt_L3_EW,NONE,0.009,0.0
1755,32Mt_L1_EW,32MT_EW,0.007,-0.003
1755,NvcMt_L1_NS,NVCMT_NS,0.007,-0.05
1755,304Nvl_L2_NS,304NVL_NS,0.008,0.002
1755,304Nvl_L2_NS,NONE,0.007,0.0
1755,32Nvl_L3_EW,NONE,0.006,0.0
1755,32Nvl_L3_EW,NONE,0.013,0.0
1755,32Nvl_L1_NS,32NVL_NS,0.007,-0.031
1755,NvcNvl_L3_EW,NONE,0.006,0.0
1755,32Mt_L2_EW,NONE,0.008,0.0
1755,32Mt_L2_EW,32MT_EW,0.005,-0.005
1755,NvcMt_L2_NS,NVCMT_NS,0.005,0.005
1760,304Nvl_L1_NS,304NVL_NS,0.054,0.054
1760,304Nvl_L3_NS,NONE,0.007,0.0
1760,304Nvl_L1_EW,304NVL_EW,0.051,0.051
1760,32Nvl_L1_EW,32NVL_EW,0.014,0.014
1760,32Nvl_L2_EW,32NVL_EW,0.015,0.015
1760,32Nvl_L1_EW,32NVL_EW,0.007,0.007
1760,32Nvl_L2_EW,32NVL_EW,0.007,0.007
1760,NvcNvl_L1_EW,NONE,0.064,0.0
1760,NvcNvl_L2_EW,NONE,0.046,0.0
1760,NvcNvl_L1_EW,NVCNVL_EW,0.092,0.087
1760,NvcNvl_L2_EW,NVCNVL_EW,0.094,0.094
1760,32Mt_L1_NS,32MT_NS,0.075,0.07
1760,32Mt_L1_EW,NONE,0.007,0.0
1760,32Mt_L3_EW,NONE,0.009,0.0
1760,32Mt_L1_NS,NONE,0.01,0.0
1760,NvcMt_L1_EW,NVCMT_EW,0.006,-0.058
1760,NvcMt_L1_NS,NVCMT_NS,0.007,-0.046
1760,304Nvl_L2_NS,304NVL_NS,0.008,0.008
1760,32Nvl_L3_EW,NONE,0.006,0.0
1760,32Nvl_L3_EW,NONE,0.013,0.0
1760,NvcNvl_L3_EW,NONE,0.006,0.0
1760,NvcNvl_L3_EW,NONE,0.112,0.0
1760,32Mt_L2_EW,NONE,0.008,0.0
1760,32Mt_L2_NS,NONE,0.009,0.0
1760,NvcMt_L2_EW,NVCMT_EW,0.008,-0.058
1760,NvcMt_L2_NS,NVCMT_NS,0.005,0.005
1765,304Thn_L1_EW,NONE,0.082,0.0
1765,304Thn_L2_EW,NONE,0.098,0.0
1765,304Nvl_L1_NS,304NVL_NS,0.063,0.063
1765,304Nvl_L3_NS,NONE,0.007,0.0
1765,32Nvl_L1_EW,32NVL_EW,0.014,0.014
1765,32Nvl_L2_EW,32NVL_EW,0.015,0.015
1765,32Nvl_L1_EW,32NVL_EW,0.007,0.007
1765,32Nvl_L2_EW,32NVL_EW,0.007,0.007
1765,32Nvl_L3_NS,NONE,0.008,0.0
1765,32Nvl_L2_NS,32NVL_NS,0.008,0.003
1765,NvcNvl_L1_EW,NONE,0.011,0.0
1765,NvcNvl_L2_EW,NONE,0.008,0.0
1765,32Mt_L1_NS,32MT_NS,0.075,0.07
1765,NvcMt_L2_EW,NVCMT_EW,0.003,0.003
1765,NvcMt_L1_NS,NVCMT_NS,0.007,-0.046
1765,304Nvl_L2_NS,304NVL_NS,0.008,0.002
1765,32Nvl_L3_EW,NONE,0.006,0.0
1765,32Nvl_L3_EW,NONE,0.013,0.0
1765,32Nvl_L1_NS,32NVL_NS,0.02,-0.024
1765,NvcNvl_L3_EW,NONE,0.006,0.0
1765,NvcMt_L1_EW,NVCMT_EW,0.006,0.006
1765,NvcMt_L2_NS,NVCMT_NS,0.005,0.005
1765,304Thn_L3_EW,NONE,0.098,0.0
1770,304Nvl_L1_NS,304NVL_NS,0.018,0.018
1770,304Nvl_L3_NS,NONE,0.007,0.0
1770,32Nvl_L1_EW,32NVL_EW,0.007,-0.003
1770,32Nvl_L2_EW,32NVL_EW,0.008,0.0
1770,32Nvl_L1_EW,32NVL_EW,0.007,-0.003
1770,32Nvl_L2_EW,32NVL_EW,0.007,0.0
1770,32Nvl_L3_NS,NONE,0.008,0.0
1770,32Nvl_L2_NS,32NVL_NS,0.008,0.003
1770,NvcNvl_L1_EW,NVCNVL_EW,0.035,0.035
1770,NvcNvl_L2_EW,NVCNVL_EW,0.039,0.039
1770,32Mt_L1_NS,32MT_NS,0.075,0.07
1770,32Mt_L1_EW,32MT_EW,0.014,0.009
1770,32Mt_L1_NS,NONE,0.01,0.0
1770,NvcMt_L1_NS,NVCMT_NS,0.007,-0.046
1770,304Nvl_L2_NS,304NVL_NS,0.008,0.002
1770,32Nvl_L3_EW,NONE,0.006,0.0
1770,32Nvl_L3_EW,NONE,0.006,0.0
1770,32Nvl_L1_NS,32NVL_NS,0.013,0.001
1770,NvcNvl_L3_EW,NONE,0.047,0.0
1770,32Mt_L2_EW,32MT_EW,0.011,0.005
1770,32Mt_L2_NS,NONE,0.009,0.0
1770,NvcMt_L2_NS,NVCMT_NS,0.005,0.005
1775,304Thn_L1_EW,304THN_EW,0.099,0.093
1775,304Nvl_L1_NS,304NVL_NS,0.018,0.013
1775,304Nvl_L3_NS,NONE,0.007,0.0
1775,304Nvl_L1_EW,304NVL_EW,0.008,-0.061
1775,304Nvl_L2_EW,304NVL_EW,0.007,0.007
1775,32Nvl_L3_NS,NONE,0.007,0.0
1775,32Nvl_L1_NS,32NVL_NS,0.007,-0.006
1775,32Nvl_L1_EW,32NVL_EW,0.007,0.002
1775,32Nvl_L2_EW,32NVL_EW,0.008,0.008
1775,32Nvl_L1_EW,32NVL_EW,0.007,0.002
1775,32Nvl_L2_EW,32NVL_EW,0.007,0.007
1775,32Nvl_L3_NS,NONE,0.008,0.0
1775,32Nvl_L2_NS,32NVL_NS,0.008,0.003
1775,NvcNvl_L1_EW,NONE,0.011,0.0
1775,NvcNvl_L2_EW,NONE,0.008,0.0
1775,32Mt_L1_EW,32MT_EW,0.007,0.002
1775,NvcMt_L1_NS,NVCMT_NS,0.007,0.007
1775,304Nvl_L2_NS,304NVL_NS,0.008,0.002
1775,32Nvl_L2_NS,32NVL_NS,0.007,0.001
1775,32Nvl_L3_EW,NONE,0.006,0.0
1775,32Nvl_L3_EW,NONE,0.006,0.0
1775,32Nvl_L1_NS,32NVL_NS,0.007,-0.006
1775,NvcMt_L2_NS,NVCMT_NS,0.005,0.005
1780,304Nvl_L1_NS,304NVL_NS,0.009,-0.01
1780,304Nvl_L3_NS,NONE,0.007,0.0
1780,304Nvl_L1_EW,304NVL_EW,0.051,0.051
1780,304Nvl_L2_EW,304NVL_EW,0.044,0.044
1780,32Nvl_L3_NS,NONE,0.007,0.0
1780,32Nvl_L1_NS,32NVL_NS,0.028,0.021
1780,32Nvl_L1_EW,32NVL_EW,0.007,0.002
1780,32Nvl_L2_EW,32NVL_EW,0.008,0.004
1780,32Nvl_L1_EW,32NVL_EW,0.007,0.002
1780,32Nvl_L2_EW,32NVL_EW,0.007,0.004
1780,32Nvl_L3_NS,NONE,0.008,0.0
1780,32Nvl_L2_NS,32NVL_NS,0.016,0.01
1780,NvcNvl_L1_EW,NVCNVL_EW,0.007,0.007
1780,32Mt_L1_EW,NONE,0.007,0.0
1780,32Mt_L1_EW,32MT_EW,0.007,0.002
1780,NvcMt_L2_NS,NONE,0.026,0.0
1780,NvcMt_L1_NS,NVCMT_NS,0.007,0.007
1780,NvcCmt8_L2_EW,NVCCMT8_EW,0.005,0.005
1780,32Thn_L1_EW,NONE,0.01,0.0
1780,32Thn_L2_EW,NONE,0.01,0.0
1780,32Thn_L3_EW,NONE,0.007,0.0
1780,304Nvl_L2_NS,304NVL_NS,0.008,-0.003
1780,32Nvl_L2_NS,32NVL_NS,0.027,0.021
1780,32Nvl_L3_EW,NONE,0.006,0.0
1780,32Nvl_L3_EW,NONE,0.006,0.0
1780,32Nvl_L1_NS,32NVL_NS,0.013,0.007
1780,32Mt_L2_EW,32MT_EW,0.005,0.0
1780,NvcMt_L1_NS,NONE,0.027,0.0
1780,NvcMt_L2_NS,NVCMT_NS,0.005,0.005
1780,NvcCmt8_L1_EW,NVCCMT8_EW,0.008,0.008
1785,304Nvl_L1_NS,304NVL_NS,0.009,-0.001
1785,304Nvl_L3_NS,NONE,0.007,0.0
1785,304Nvl_L1_EW,304NVL_EW,0.144,0.144
1785,304Nvl_L2_EW,304NVL_EW,0.123,0.123
1785,304Nvl_L1_NS,NONE,0.007,0.0
1785,32Nvl_L3_NS,NONE,0.007,0.0
1785,32Nvl_L1_NS,32NVL_NS,0.014,0.008
1785,32Nvl_L1_EW,32NVL_EW,0.014,0.009
1785,32Nvl_L2_EW,32NVL_EW,0.015,0.015
1785,32Nvl_L1_EW,32NVL_EW,0.007,0.001
1785,32Nvl_L2_EW,32NVL_EW,0.007,0.007
1785,32Nvl_L3_NS,NONE,0.017,0.0
1785,32Nvl_L2_NS,32NVL_NS,0.016,0.01
1785,NvcNvl_L3_NS,NONE,0.007,0.0
1785,NvcNvl_L2_NS,NONE,0.007,0.0
1785,NvcNvl_L1_EW,NVCNVL_EW,0.007,0.007
1785,NvcNvl_L2_EW,NVCNVL_EW,0.008,0.008
1785,NvcMt_L2_NS,NONE,0.005,0.0
1785,NvcMt_L1_NS,NVCMT_NS,0.007,0.007
1785,32Thn_L1_EW,32THN_EW,0.008,-0.002
1785,304Nvl_L2_NS,304NVL_NS,0.008,-0.003
1785,304Nvl_L3_EW,NONE,0.108,0.0
1785,32Nvl_L2_NS,32NVL_NS,0.013,0.008
1785,32Nvl_L3_EW,NONE,0.006,0.0
1785,32Nvl_L3_EW,NONE,0.013,0.0
1785,32Nvl_L1_NS,32NVL_NS,0.02,0.014
1785,NvcNvl_L1_NS,NONE,0.009,0.0
1785,NvcNvl_L3_EW,NONE,0.009,0.0
1785,NvcMt_L1_NS,NONE,0.005,0.0
1785,NvcMt_L2_NS,NVCMT_NS,0.005,0.005
1790,304Nvl_L1_NS,304NVL_NS,0.009,0.004
1790,304Nvl_L3_NS,NONE,0.007,0.0
1790,304Nvl_L1_EW,304NVL_EW,0.102,0.102
1790,304Nvl_L2_EW,304NVL_EW,0.087,0.087
1790,32Nvl_L1_NS,32NVL_NS,0.007,0.001
1790,32Nvl_L3_NS,NONE,0.008,0.0
1790,32Nvl_L2_NS,32NVL_NS,0.008,0.003
1790,NvcNvl_L2_NS,NONE,0.007,0.0
1790,32Mt_L1_EW,NONE,0.007,0.0
1790,32Mt_L1_NS,NONE,0.01,0.0
1790,NvcMt_L1_NS,NVCMT_NS,0.007,0.007
1790,NvcCmt8_L2_EW,NONE,0.007,0.0
1790,304Nvl_L2_NS,304NVL_NS,0.008,0.002
1790,32Nvl_L2_NS,32NVL_NS,0.007,0.001
1790,32Nvl_L1_NS,32NVL_NS,0.02,0.014
1790,NvcNvl_L1_NS,NONE,0.009,0.0
1790,32Mt_L2_NS,NONE,0.009,0.0
1790,NvcMt_L2_NS,NVCMT_NS,0.005,0.005
1790,NvcCmt8_L1_EW,NONE,0.006,0.0
1795,304Nvl_L1_NS,304NVL_NS,0.009,0.004
1795,32Nvl_L1_NS,32NVL_NS,0.007,0.001
1795,32Nvl_L3_NS,NONE,0.017,0.0
1795,32Nvl_L2_NS,32NVL_NS,0.016,0.016
1795,NvcNvl_L3_NS,NONE,0.007,0.0
1795,NvcNvl_L2_NS,NONE,0.007,0.0
1795,32Mt_L1_NS,32MT_NS,0.013,0.013
1795,NvcMt_L2_EW,NVCMT_EW,0.013,0.013
1795,32Nvl_L2_NS,32NVL_NS,0.007,0.007
1795,32Nvl_L1_NS,32NVL_NS,0.027,0.021
1795,NvcNvl_L1_NS,NONE,0.009,0.0
1795,32Mt_L2_NS,32MT_NS,0.006,0.006
1795,NvcMt_L1_EW,NVCMT_EW,0.028,0.028
1800,304Nvl_L1_EW,304NVL_EW,0.051,0.051
1800,304Nvl_L2_EW,304NVL_EW,0.007,0.007
1800,32Nvl_L1_NS,32NVL_NS,0.007,0.007
1800,32Nvl_L3_NS,NONE,0.008,0.0
1800,32Nvl_L2_NS,32NVL_NS,0.008,0.008
1800,NvcNvl_L1_EW,NONE,0.011,0.0
1800,NvcNvl_L2_EW,NONE,0.008,0.0
1800,NvcMt_L2_EW,NVCMT_EW,0.013,0.013
1800,304Nvl_L3_EW,NONE,0.006,0.0
1800,32Nvl_L2_NS,32NVL_NS,0.007,0.007
1800,32Nvl_L1_NS,32NVL_NS,0.027,0.027
1800,NvcNvl_L3_EW,NONE,0.006,0.0
1800,NvcMt_L1_EW,NVCMT_EW,0.028,0.022
1800,NvcCmt8_L1_EW,NVCCMT8_EW,0.008,0.008
1805,304Nvl_L1_EW,304NVL_EW,0.068,0.068
1805,304Nvl_L2_EW,304NVL_EW,0.022,0.022
1805,304Nvl_L1_NS,NONE,0.007,0.0
1805,NvcNvl_L3_NS,NONE,0.014,0.0
1805,NvcNvl_L2_NS,NONE,0.013,0.0
1805,NvcNvl_L1_EW,NONE,0.032,0.0
1805,NvcNvl_L2_EW,NONE,0.023,0.0
1805,NvcNvl_L1_EW,NVCNVL_EW,0.035,0.035
1805,NvcNvl_L2_EW,NVCNVL_EW,0.039,0.03
1805,32Mt_L1_EW,NONE,0.007,0.0
1805,32Mt_L3_EW,NONE,0.009,0.0
1805,32Mt_L1_EW,32MT_EW,0.007,0.007
1805,NvcMt_L2_EW,NVCMT_EW,0.013,-0.014
1805,304Nvl_L3_EW,NONE,0.019,0.0
1805,32Nvl_L1_NS,32NVL_NS,0.013,0.013
1805,NvcNvl_L1_NS,NONE,0.017,0.0
1805,NvcNvl_L3_EW,NONE,0.019,0.0
1805,NvcNvl_L3_EW,NONE,0.047,0.0
1805,32Mt_L2_EW,NONE,0.008,0.0
1805,NvcMt_L1_EW,NVCMT_EW,0.028,-0.002
1805,NvcCmt8_L1_EW,NVCCMT8_EW,0.008,0.008
1810,304Nvl_L1_EW,304NVL_EW,0.051,0.051
1810,304Nvl_L2_EW,304NVL_EW,0.007,0.007
1810,304Nvl_L1_NS,NONE,0.007,0.0
1810,32Nvl_L3_NS,NONE,0.007,0.0
1810,32Nvl_L1_NS,32NVL_NS,0.007,0.007
1810,32Nvl_L1_EW,32NVL_EW,0.007,0.002
1810,32Nvl_L2_EW,32NVL_EW,0.008,0.004
1810,32Nvl_L3_NS,NONE,0.058,0.0
1810,32Nvl_L2_NS,32NVL_NS,0.055,0.055
1810,NvcNvl_L3_NS,NONE,0.088,0.0
1810,NvcNvl_L2_NS,NONE,0.119,0.0
1810,32Mt_L1_EW,NONE,0.007,0.0
1810,32Mt_L3_EW,NONE,0.009,0.0
1810,32Mt_L1_EW,32MT_EW,0.007,0.002
1810,NvcMt_L2_EW,NVCMT_EW,0.013,0.013
1810,304Nvl_L3_EW,NONE,0.006,0.0
1810,32Nvl_L2_NS,32NVL_NS,0.007,0.007
1810,32Nvl_L3_EW,NONE,0.006,0.0
1810,32Nvl_L1_NS,32NVL_NS,0.054,0.054
1810,NvcNvl_L1_NS,NONE,0.157,0.0
1810,32Mt_L2_EW,NONE,0.008,0.0
1810,32Mt_L2_EW,32MT_EW,0.005,0.0
1810,NvcMt_L1_EW,NVCMT_EW,0.028,0.028
1815,304Nvl_L1_EW,NONE,0.008,0.0
1815,32Nvl_L1_EW,32NVL_EW,0.007,0.002
1815,32Nvl_L2_EW,32NVL_EW,0.008,0.004
1815,32Nvl_L2_NS,32NVL_NS,0.008,0.008
1815,NvcNvl_L3_NS,NONE,0.075,0.0
1815,NvcNvl_L2_NS,NONE,0.073,0.0
1815,NvcNvl_L1_EW,NVCNVL_EW,0.007,0.007
1815,32Mt_L1_NS,32MT_NS,0.006,0.006
1815,32Mt_L1_EW,NONE,0.007,0.0
1815,32Mt_L3_EW,NONE,0.009,0.0
1815,32Mt_L1_EW,32MT_EW,0.007,0.002
1815,NvcMt_L2_NS,NONE,0.026,0.0
1815,NvcMt_L2_EW,NVCMT_EW,0.013,0.013
1815,32Nvl_L3_EW,NONE,0.006,0.0
1815,32Nvl_L1_NS,32NVL_NS,0.007,0.007
1815,NvcNvl_L1_NS,NONE,0.096,0.0
1815,32Mt_L2_EW,NONE,0.008,0.0
1815,32Mt_L2_EW,32MT_EW,0.005,0.0
1815,NvcMt_L1_NS,NONE,0.027,0.0
1815,NvcMt_L1_EW,NVCMT_EW,0.028,0.023
1820,304Thn_L1_EW,304THN_EW,0.008,0.002
1820,304Thn_L3_EW,NONE,0.008,0.0
1820,304Nvl_L1_EW,304NVL_EW,0.008,0.003
1820,304Nvl_L2_EW,304NVL_EW,0.007,0.002
1820,304Nvl_L1_NS,NONE,0.007,0.0
1820,32Nvl_L1_NS,32NVL_NS,0.035,0.035
1820,32Nvl_L1_EW,32NVL_EW,0.007,0.002
1820,32Nvl_L2_EW,32NVL_EW,0.008,0.004
1820,NvcNvl_L1_EW,NVCNVL_EW,0.007,0.007
1820,32Mt_L1_EW,NONE,0.007,0.0
1820,32Mt_L3_EW,NONE,0.009,0.0
1820,32Mt_L1_EW,32MT_EW,0.007,0.002
1820,NvcMt_L2_NS,NONE,0.032,0.0
1820,304Nvl_L3_EW,NONE,0.006,0.0
1820,32Nvl_L3_EW,NONE,0.006,0.0
1820,32Nvl_L1_NS,32NVL_NS,0.013,0.013
1820,32Mt_L2_EW,NONE,0.008,0.0
1820,32Mt_L2_EW,32MT_EW,0.005,0.0
1820,NvcMt_L1_NS,NONE,0.033,0.0
1820,304Thn_L2_EW,304THN_EW,0.007,0.002
1825,304Thn_L1_EW,304THN_EW,0.008,-0.004
1825,304Thn_L3_EW,NONE,0.008,0.0
1825,304Nvl_L1_EW,304NVL_EW,0.017,0.011
1825,304Nvl_L2_EW,304NVL_EW,0.015,0.009
1825,32Nvl_L1_NS,32NVL_NS,0.007,0.007
1825,32Nvl_L1_EW,32NVL_EW,0.007,-0.003
1825,32Nvl_L2_EW,32NVL_EW,0.008,0.004
1825,32Nvl_L3_NS,NONE,0.008,0.0
1825,32Nvl_L2_NS,32NVL_NS,0.008,0.008
1825,NvcNvl_L1_EW,NONE,0.053,0.0
1825,NvcNvl_L2_EW,NONE,0.038,0.0
1825,NvcNvl_L1_EW,NVCNVL_EW,0.099,0.099
1825,NvcNvl_L2_EW,NVCNVL_EW,0.016,0.016
1825,32Mt_L1_EW,32MT_EW,0.014,0.009
1825,304Nvl_L3_EW,NONE,0.013,0.0
1825,32Nvl_L3_EW,NONE,0.006,0.0
1825,32Nvl_L1_NS,32NVL_NS,0.013,0.013
1825,NvcNvl_L3_EW,NONE,0.019,0.0
1825,32Mt_L2_EW,32MT_EW,0.005,0.0
1825,304Thn_L2_EW,304THN_EW,0.007,-0.003
1830,304Thn_L1_EW,304THN_EW,0.008,-0.004
1830,304Thn_L3_EW,NONE,0.008,0.0
1830,304Nvl_L1_NS,304NVL_NS,0.009,0.004
1830,304Nvl_L3_NS,NONE,0.007,0.0
1830,304Nvl_L1_EW,304NVL_EW,0.017,0.011
1830,304Nvl_L2_EW,304NVL_EW,0.015,0.009
1830,304Nvl_L1_NS,NONE,0.007,0.0
1830,32Nvl_L1_NS,32NVL_NS,0.007,0.001
1830,32Nvl_L1_EW,32NVL_EW,0.007,-0.003
1830,32Nvl_L2_EW,32NVL_EW,0.008,0.0
1830,32Nvl_L3_NS,NONE,0.008,0.0
1830,32Nvl_L2_NS,32NVL_NS,0.008,0.003
1830,NvcNvl_L2_NS,NONE,0.007,0.0
1830,NvcNvl_L1_EW,NVCNVL_EW,0.12,0.115
1830,32Mt_L1_EW,32MT_EW,0.014,0.009
1830,NvcMt_L2_NS,NONE,0.005,0.0
1830,NvcMt_L1_EW,NVCMT_EW,0.006,-0.083
1830,NvcCmt8_L2_EW,NVCCMT8_EW,0.005,0.005
1830,304Nvl_L2_NS,304NVL_NS,0.008,0.002
1830,304Nvl_L3_EW,NONE,0.013,0.0
1830,32Nvl_L3_EW,NONE,0.006,0.0
1830,32Nvl_L1_NS,32NVL_NS,0.007,0.0
1830,NvcNvl_L1_NS,NONE,0.009,0.0
1830,32Mt_L2_EW,32MT_EW,0.011,0.005
1830,NvcMt_L1_NS,NONE,0.005,0.0
1830,NvcMt_L2_EW,NVCMT_EW,0.008,0.004
1830,NvcCmt8_L1_EW,NVCCMT8_EW,0.008,0.003
1830,304Thn_L2_EW,304THN_EW,0.007,-0.003
1835,304Nvl_L1_NS,304NVL_NS,0.009,0.004
1835,304Nvl_L3_NS,NONE,0.007,0.0
1835,304Nvl_L1_EW,304NVL_EW,0.008,0.008
1835,304Nvl_L2_EW,304NVL_EW,0.007,0.007
1835,304Nvl_L1_NS,NONE,0.007,0.0
1835,32Nvl_L3_NS,NONE,0.007,0.0
1835,32Nvl_L1_NS,32NVL_NS,0.007,0.001
1835,32Nvl_L1_EW,32NVL_EW,0.007,-0.008
1835,32Nvl_L2_EW,32NVL_EW,0.008,0.0
1835,NvcNvl_L3_NS,NONE,0.014,0.0
1835,NvcNvl_L2_NS,NONE,0.02,0.0
1835,NvcNvl_L1_EW,NONE,0.021,0.0
1835,NvcNvl_L2_EW,NONE,0.015,0.0
1835,32Mt_L1_EW,32MT_EW,0.021,0.016
1835,NvcCmt8_L2_EW,NVCCMT8_EW,0.005,0.005
1835,304Nvl_L2_NS,304NVL_NS,0.008,0.008
1835,304Nvl_L3_EW,NONE,0.006,0.0
1835,32Nvl_L2_NS,32NVL_NS,0.007,0.001
1835,32Nvl_L3_EW,NONE,0.006,0.0
1835,NvcNvl_L1_NS,NONE,0.026,0.0
1835,NvcNvl_L3_EW,NONE,0.006,0.0
1835,32Mt_L2_EW,32MT_EW,0.011,0.005
1835,NvcCmt8_L1_EW,NVCCMT8_EW,0.008,0.008
1840,304Thn_L1_EW,NONE,0.007,0.0
1840,304Nvl_L1_NS,304NVL_NS,0.009,0.004
1840,304Nvl_L3_NS,NONE,0.007,0.0
1840,304Nvl_L1_EW,304NVL_EW,0.008,0.008
1840,304Nvl_L1_NS,NONE,0.007,0.0
1840,32Nvl_L3_NS,NONE,0.007,0.0
1840,32Nvl_L1_NS,32NVL_NS,0.007,0.001
1840,32Nvl_L1_EW,32NVL_EW,0.007,-0.003
1840,32Nvl_L2_EW,32NVL_EW,0.008,0.0
1840,NvcNvl_L3_NS,NONE,0.007,0.0
1840,NvcNvl_L2_NS,NONE,0.007,0.0
1840,NvcNvl_L1_EW,NONE,0.011,0.0
1840,NvcNvl_L2_EW,NONE,0.008,0.0
1840,NvcNvl_L1_EW,NVCNVL_EW,0.007,-0.015
1840,32Mt_L1_EW,32MT_EW,0.014,0.009
1840,NvcMt_L2_NS,NONE,0.005,0.0
1840,NvcMt_L1_EW,NVCMT_EW,0.032,0.021
1840,NvcMt_L2_EW,NVCMT_EW,0.003,-0.001
1840,NvcCmt8_L2_EW,NVCCMT8_EW,0.005,0.003
1840,304Nvl_L2_NS,304NVL_NS,0.008,0.008
1840,32Nvl_L2_NS,32NVL_NS,0.007,0.001
1840,32Nvl_L3_EW,NONE,0.006,0.0
1840,NvcNvl_L1_NS,NONE,0.009,0.0
1840,32Mt_L2_EW,32MT_EW,0.011,0.005
1840,NvcMt_L1_NS,NONE,0.005,0.0
1840,NvcMt_L2_EW,NVCMT_EW,0.04,0.036
1840,NvcMt_L1_EW,NVCMT_EW,0.006,-0.005
1840,NvcCmt8_L1_EW,NVCCMT8_EW,0.008,-0.015
1845,304Nvl_L1_NS,304NVL_NS,0.018,0.013
1845,304Nvl_L3_NS,NONE,0.007,0.0
1845,304Nvl_L1_EW,304NVL_EW,0.008,0.008
1845,32Nvl_L3_NS,NONE,0.007,0.0
1845,32Nvl_L1_NS,32NVL_NS,0.007,-0.006
1845,32Nvl_L1_EW,32NVL_EW,0.007,-0.017
1845,32Nvl_L2_EW,32NVL_EW,0.008,-0.011
1845,32Nvl_L3_NS,NONE,0.008,0.0
1845,32Nvl_L2_NS,32NVL_NS,0.008,0.003
1845,NvcNvl_L1_EW,NONE,0.011,0.0
1845,NvcNvl_L2_EW,NONE,0.008,0.0
1845,32Mt_L1_EW,NONE,0.007,0.0
1845,32Mt_L3_EW,NONE,0.009,0.0
1845,32Mt_L1_EW,32MT_EW,0.035,0.03
1845,NvcMt_L2_EW,NVCMT_EW,0.003,0.003
1845,304Nvl_L2_NS,304NVL_NS,0.008,0.002
1845,32Nvl_L2_NS,32NVL_NS,0.007,0.001
1845,32Nvl_L3_EW,NONE,0.006,0.0
1845,32Nvl_L1_NS,32NVL_NS,0.013,0.001
1845,32Mt_L2_EW,NONE,0.008,0.0
1845,32Mt_L2_EW,32MT_EW,0.027,0.022
1845,NvcMt_L1_EW,NVCMT_EW,0.011,0.011
1845,NvcCmt8_L1_EW,NONE,0.006,0.0
1850,304Nvl_L1_NS,304NVL_NS,0.018,0.013
1850,304Nvl_L3_NS,NONE,0.007,0.0
1850,304Nvl_L1_NS,NONE,0.044,0.0
1850,304Nvl_L3_NS,NONE,0.048,0.0
1850,32Nvl_L3_NS,NONE,0.007,0.0
1850,32Nvl_L1_NS,32NVL_NS,0.007,-0.006
1850,32Nvl_L1_EW,32NVL_EW,0.007,0.002
1850,32Nvl_L2_EW,32NVL_EW,0.008,0.004
1850,32Mt_L1_EW,32MT_EW,0.007,0.002
1850,32Mt_L1_NS,NONE,0.01,0.0
1850,NvcMt_L2_EW,NVCMT_EW,0.003,0.003
1850,304Nvl_L2_NS,304NVL_NS,0.008,0.008
1850,304Nvl_L2_NS,NONE,0.044,0.0
1850,32Nvl_L2_NS,32NVL_NS,0.007,0.001
1850,32Nvl_L3_EW,NONE,0.006,0.0
1850,32Mt_L2_EW,32MT_EW,0.005,0.0
1850,NvcMt_L1_EW,NVCMT_EW,0.006,0.006
1855,304Nvl_L1_NS,304NVL_NS,0.018,0.013
1855,304Nvl_L3_NS,NONE,0.007,0.0
1855,304Nvl_L1_NS,NONE,0.007,0.0
1855,304Nvl_L3_NS,NONE,0.008,0.0
1855,32Nvl_L3_NS,NONE,0.007,0.0
1855,32Nvl_L1_NS,32NVL_NS,0.007,-0.006
1855,32Nvl_L1_EW,32NVL_EW,0.007,0.002
1855,32Nvl_L2_EW,32NVL_EW,0.008,0.004
1855,32Mt_L1_NS,32MT_NS,0.006,0.006
1855,32Mt_L1_EW,32MT_EW,0.007,0.002
1855,32Mt_L1_NS,NONE,0.059,0.0
1855,NvcMt_L2_EW,NVCMT_EW,0.003,0.003
1855,304Nvl_L2_NS,304NVL_NS,0.008,0.008
1855,304Nvl_L2_NS,NONE,0.007,0.0
1855,32Nvl_L2_NS,32NVL_NS,0.007,0.001
1855,32Nvl_L3_EW,NONE,0.006,0.0
1855,32Nvl_L1_NS,32NVL_NS,0.013,0.001
1855,32Mt_L2_NS,32MT_NS,0.006,0.006
1855,32Mt_L2_EW,32MT_EW,0.005,0.0
1855,32Mt_L2_NS,NONE,0.043,0.0
1855,NvcMt_L1_EW,NVCMT_EW,0.006,0.006
1860,304Nvl_L1_NS,304NVL_NS,0.009,0.004
1860,304Nvl_L3_NS,NONE,0.007,0.0
1860,304Nvl_L1_EW,304NVL_EW,0.042,0.042
1860,32Nvl_L3_NS,NONE,0.007,0.0
1860,32Nvl_L1_NS,32NVL_NS,0.007,0.001
1860,32Nvl_L1_EW,32NVL_EW,0.014,0.014
1860,32Nvl_L2_EW,32NVL_EW,0.015,0.015
1860,32Mt_L1_NS,32MT_NS,0.013,0.013
1860,32Mt_L1_EW,NONE,0.036,0.0
1860,304Nvl_L2_NS,304NVL_NS,0.008,0.008
1860,32Nvl_L2_NS,32NVL_NS,0.007,0.001
1860,32Nvl_L3_EW,NONE,0.013,0.0
1860,32Nvl_L1_NS,32NVL_NS,0.007,0.0
1860,32Mt_L2_NS,32MT_NS,0.006,0.006
1865,304Nvl_L1_NS,304NVL_NS,0.009,0.004
1865,304Nvl_L3_NS,NONE,0.007,0.0
1865,304Nvl_L1_EW,304NVL_EW,0.025,0.025
1865,304Nvl_L2_EW,304NVL_EW,0.007,0.007
1865,32Nvl_L1_NS,32NVL_NS,0.007,0.001
1865,32Nvl_L1_EW,32NVL_EW,0.007,0.007
1865,32Nvl_L2_EW,32NVL_EW,0.008,0.008
1865,NvcNvl_L1_EW,NONE,0.011,0.0
1865,NvcNvl_L2_EW,NONE,0.008,0.0
1865,32Mt_L1_NS,32MT_NS,0.044,0.044
1865,304Nvl_L2_NS,304NVL_NS,0.008,0.008
1865,304Nvl_L3_EW,NONE,0.006,0.0
1865,32Nvl_L2_NS,32NVL_NS,0.007,0.001
1865,32Nvl_L3_EW,NONE,0.006,0.0
1865,NvcNvl_L3_EW,NONE,0.006,0.0
1865,32Mt_L2_NS,32MT_NS,0.006,0.006
1870,304Thn_L1_EW,NONE,0.007,0.0
1870,304Thn_L2_EW,NONE,0.008,0.0
1870,304Nvl_L1_NS,304NVL_NS,0.009,0.009
1870,304Nvl_L3_NS,NONE,0.007,0.0
1870,32Nvl_L1_EW,32NVL_EW,0.05,0.044
1870,32Nvl_L2_EW,32NVL_EW,0.054,0.048
1870,32Mt_L1_NS,32MT_NS,0.038,0.038
1870,32Thn_L1_EW,32THN_EW,0.008,-0.027
1870,32Thn_L2_EW,32THN_EW,0.008,-0.03
1870,32Thn_L3_EW,NONE,0.008,0.0
1870,304Nvl_L2_NS,304NVL_NS,0.008,0.008
1870,32Nvl_L3_EW,NONE,0.044,0.0
1870,32Nvl_L1_NS,32NVL_NS,0.013,0.007
1870,32Mt_L2_NS,32MT_NS,0.006,0.006
1870,304Thn_L3_EW,NONE,0.008,0.0
1875,304Thn_L1_EW,304THN_EW,0.008,0.008
1875,304Nvl_L1_NS,304NVL_NS,0.009,0.009
1875,304Nvl_L3_NS,NONE,0.007,0.0
1875,304Nvl_L1_NS,NONE,0.007,0.0
1875,32Nvl_L1_EW,32NVL_EW,0.05,0.04
1875,32Nvl_L2_EW,32NVL_EW,0.054,0.046
1875,32Nvl_L3_NS,NONE,0.017,0.0
1875,32Nvl_L2_NS,32NVL_NS,0.016,0.01
1875,NvcNvl_L3_NS,NONE,0.034,0.0
1875,NvcNvl_L2_NS,NONE,0.033,0.0
1875,32Mt_L1_NS,32MT_NS,0.031,0.031
1875,32Mt_L1_EW,32MT_EW,0.014,-0.021
1875,NvcMt_L2_EW,NVCMT_EW,0.003,0.003
1875,32Thn_L1_EW,NONE,0.01,0.0
1875,304Nvl_L2_NS,304NVL_NS,0.008,-0.003
1875,32Nvl_L3_EW,NONE,0.044,0.0
1875,32Nvl_L1_NS,32NVL_NS,0.02,0.014
1875,NvcNvl_L1_NS,NONE,0.044,0.0
1875,32Mt_L2_EW,32MT_EW,0.011,-0.027
1875,NvcMt_L1_EW,NVCMT_EW,0.006,0.006
1880,304Nvl_L1_NS,304NVL_NS,0.009,0.009
1880,304Nvl_L3_NS,NONE,0.007,0.0
1880,304Nvl_L1_EW,304NVL_EW,0.008,0.008
1880,304Nvl_L2_EW,304NVL_EW,0.007,0.007
1880,32Nvl_L1_EW,32NVL_EW,0.042,0.038
1880,32Nvl_L2_EW,32NVL_EW,0.046,0.043
1880,32Mt_L1_EW,NONE,0.014,0.0
1880,32Mt_L3_EW,NONE,0.009,0.0
1880,32Mt_L1_EW,32MT_EW,0.007,-0.023
1880,32Mt_L1_NS,NONE,0.049,0.0
1880,304Nvl_L2_NS,304NVL_NS,0.008,0.008
1880,304Nvl_L3_EW,NONE,0.006,0.0
1880,32Nvl_L3_EW,NONE,0.038,0.0
1880,32Nvl_L1_NS,32NVL_NS,0.007,0.0
1880,32Mt_L2_EW,NONE,0.008,0.0
1880,32Mt_L2_EW,32MT_EW,0.005,-0.027
1880,32Mt_L2_NS,NONE,0.043,0.0
1885,304Nvl_L1_NS,304NVL_NS,0.009,0.009
1885,304Nvl_L3_NS,NONE,0.007,0.0
1885,304Nvl_L1_EW,304NVL_EW,0.042,0.042
1885,304Nvl_L2_EW,304NVL_EW,0.036,0.036
1885,32Nvl_L1_EW,32NVL_EW,0.007,0.007
1885,32Nvl_L2_EW,32NVL_EW,0.008,0.008
1885,NvcNvl_L3_NS,NONE,0.014,0.0
1885,NvcNvl_L2_NS,NONE,0.013,0.0
1885,NvcNvl_L1_EW,NONE,0.021,0.0
1885,NvcNvl_L2_EW,NONE,0.015,0.0
1885,NvcNvl_L1_EW,NVCNVL_EW,0.035,0.035
1885,NvcNvl_L2_EW,NVCNVL_EW,0.039,0.039
1885,32Mt_L1_NS,32MT_NS,0.006,0.006
1885,32Mt_L1_EW,NONE,0.022,0.0
1885,32Mt_L3_EW,NONE,0.009,0.0
1885,32Mt_L1_NS,NONE,0.059,0.0
1885,304Nvl_L2_NS,304NVL_NS,0.008,0.008
1885,304Nvl_L3_EW,NONE,0.032,0.0
1885,32Nvl_L3_EW,NONE,0.006,0.0
1885,NvcNvl_L1_NS,NONE,0.017,0.0
1885,NvcNvl_L3_EW,NONE,0.013,0.0
1885,NvcNvl_L3_EW,NONE,0.047,0.0
1885,32Mt_L2_EW,NONE,0.008,0.0
1885,32Mt_L2_NS,NONE,0.052,0.0
1890,304Nvl_L1_NS,304NVL_NS,0.009,0.009
1890,304Nvl_L3_NS,NONE,0.007,0.0
1890,304Nvl_L1_EW,304NVL_EW,0.11,0.11
1890,304Nvl_L2_EW,304NVL_EW,0.094,0.094
1890,304Nvl_L1_NS,NONE,0.007,0.0
1890,32Nvl_L1_EW,32NVL_EW,0.007,0.002
1890,32Nvl_L2_EW,32NVL_EW,0.008,0.004
1890,32Nvl_L3_NS,NONE,0.042,0.0
1890,32Nvl_L2_NS,32NVL_NS,0.039,0.034
1890,NvcNvl_L3_NS,NONE,0.007,0.0
1890,NvcNvl_L2_NS,NONE,0.007,0.0
1890,NvcNvl_L1_EW,NONE,0.032,0.0
1890,NvcNvl_L2_EW,NONE,0.023,0.0
1890,NvcNvl_L1_EW,NVCNVL_EW,0.007,0.007
1890,NvcNvl_L2_EW,NVCNVL_EW,0.008,0.008
1890,32Mt_L1_NS,32MT_NS,0.006,0.006
1890,32Mt_L1_EW,NONE,0.043,0.0
1890,32Mt_L1_EW,32MT_EW,0.007,0.002
1890,32Mt_L1_NS,NONE,0.02,0.0
1890,NvcCmt8_L2_EW,NONE,0.037,0.0
1890,304Nvl_L2_NS,304NVL_NS,0.008,-0.02
1890,304Nvl_L3_EW,NONE,0.076,0.0
1890,32Nvl_L3_EW,NONE,0.006,0.0
1890,32Nvl_L1_NS,32NVL_NS,0.067,0.061
1890,NvcNvl_L1_NS,NONE,0.009,0.0
1890,NvcNvl_L3_EW,NONE,0.013,0.0
1890,NvcNvl_L3_EW,NONE,0.009,0.0
1890,32Mt_L2_EW,32MT_EW,0.005,0.0
1890,32Mt_L2_NS,NONE,0.017,0.0
1890,NvcCmt8_L1_EW,NONE,0.029,0.0
1895,304Nvl_L1_NS,304NVL_NS,0.009,0.009
1895,304Nvl_L3_NS,NONE,0.007,0.0
1895,304Nvl_L1_EW,304NVL_EW,0.068,0.068
1895,304Nvl_L2_EW,304NVL_EW,0.058,0.058
1895,32Nvl_L1_EW,32NVL_EW,0.014,0.004
1895,32Nvl_L2_EW,32NVL_EW,0.015,0.008
1895,NvcNvl_L3_NS,NONE,0.007,0.0
1895,NvcNvl_L2_NS,NONE,0.007,0.0
1895,NvcNvl_L1_EW,NVCNVL_EW,0.007,0.007
1895,32Mt_L1_NS,32MT_NS,0.013,0.013
1895,32Mt_L1_EW,NONE,0.137,0.0
1895,32Mt_L3_EW,NONE,0.124,0.0
1895,32Mt_L1_EW,32MT_EW,0.014,0.004
1895,NvcCmt8_L2_EW,NONE,0.037,0.0
1895,304Nvl_L2_NS,304NVL_NS,0.008,0.008
1895,304Nvl_L3_EW,NONE,0.051,0.0
1895,32Nvl_L3_EW,NONE,0.013,0.0
1895,32Nvl_L1_NS,32NVL_NS,0.034,0.027
1895,NvcNvl_L1_NS,NONE,0.009,0.0
1895,32Mt_L2_EW,NONE,0.106,0.0
1895,32Mt_L2_EW,32MT_EW,0.011,0.0
1895,NvcCmt8_L1_EW,NONE,0.029,0.0
1900,304Nvl_L1_NS,304NVL_NS,0.009,0.004
1900,304Nvl_L3_NS,NONE,0.007,0.0
1900,304Nvl_L1_EW,304NVL_EW,0.051,0.051
1900,304Nvl_L2_EW,304NVL_EW,0.044,0.044
1900,304Nvl_L1_EW,NONE,0.008,0.0
1900,304Nvl_L1_NS,NONE,0.073,0.0
1900,304Nvl_L2_EW,NONE,0.009,0.0
1900,32Nvl_L3_NS,NONE,0.007,0.0
1900,32Nvl_L1_NS,32NVL_NS,0.007,0.001
1900,32Nvl_L2_EW,32NVL_EW,0.008,0.004
1900,32Nvl_L3_NS,NONE,0.008,0.0
1900,32Nvl_L2_NS,32NVL_NS,0.008,0.003
1900,32Mt_L1_NS,32MT_NS,0.006,0.006
1900,32Mt_L1_EW,NONE,0.036,0.0
1900,32Mt_L3_EW,NONE,0.035,0.0
1900,32Mt_L1_EW,32MT_EW,0.007,0.007
1900,304Nvl_L2_NS,304NVL_NS,0.008,0.002
1900,304Nvl_L3_EW,NONE,0.038,0.0
1900,304Nvl_L3_EW,NONE,0.008,0.0
1900,32Nvl_L2_NS,32NVL_NS,0.007,0.001
1900,32Nvl_L3_EW,NONE,0.006,0.0
1900,32Nvl_L1_NS,32NVL_NS,0.007,0.0
1900,32Mt_L2_EW,NONE,0.03,0.0
1900,32Mt_L2_EW,32MT_EW,0.005,0.0
1900,NvcCmt8_L1_EW,NVCCMT8_EW,0.038,0.038
1905,304Nvl_L1_NS,304NVL_NS,0.054,0.025
1905,304Nvl_L3_NS,NONE,0.044,0.0
1905,304Nvl_L1_NS,NONE,0.058,0.0
1905,32Nvl_L1_NS,32NVL_NS,0.042,0.003
1905,32Nvl_L1_EW,32NVL_EW,0.007,0.007
1905,32Nvl_L2_EW,32NVL_EW,0.008,0.008
1905,32Nvl_L3_NS,NONE,0.017,0.0
1905,32Nvl_L2_NS,32NVL_NS,0.016,-0.016
1905,NvcNvl_L1_EW,NVCNVL_EW,0.007,0.007
1905,32Mt_L1_NS,32MT_NS,0.013,0.013
1905,32Mt_L1_EW,NONE,0.007,0.0
1905,32Mt_L3_EW,NONE,0.009,0.0
1905,32Mt_L1_NS,NONE,0.117,0.0
1905,NvcMt_L2_NS,NONE,0.005,0.0
1905,304Nvl_L2_NS,304NVL_NS,0.046,0.034
1905,32Nvl_L2_NS,32NVL_NS,0.007,-0.025
1905,32Nvl_L3_EW,NONE,0.006,0.0
1905,32Nvl_L1_NS,32NVL_NS,0.02,-0.018
1905,32Mt_L2_EW,NONE,0.008,0.0
1905,NvcMt_L1_NS,NONE,0.005,0.0
1910,304Nvl_L1_NS,NONE,0.007,0.0
1910,32Nvl_L1_NS,32NVL_NS,0.042,0.042
1910,32Nvl_L1_EW,32NVL_EW,0.007,0.007
1910,32Nvl_L2_EW,32NVL_EW,0.008,0.008
1910,32Nvl_L3_NS,NONE,0.017,0.0
1910,32Nvl_L2_NS,32NVL_NS,0.016,0.016
1910,32Mt_L1_NS,32MT_NS,0.013,0.013
1910,32Mt_L1_EW,NONE,0.007,0.0
1910,32Mt_L3_EW,NONE,0.009,0.0
1910,32Mt_L1_NS,NONE,0.117,0.0
1910,NvcMt_L2_NS,NONE,0.005,0.0
1910,32Nvl_L2_NS,32NVL_NS,0.007,0.007
1910,32Nvl_L3_EW,NONE,0.006,0.0
1910,32Nvl_L1_NS,32NVL_NS,0.02,0.02
1910,32Mt_L2_EW,NONE,0.008,0.0
1910,NvcMt_L1_NS,NONE,0.005,0.0
1915,304Nvl_L1_NS,304NVL_NS,0.009,-0.001
1915,304Nvl_L3_NS,NONE,0.007,0.0
1915,304Nvl_L1_EW,304NVL_EW,0.017,0.017
1915,32Nvl_L3_NS,NONE,0.007,0.0
1915,32Nvl_L1_NS,32NVL_NS,0.014,0.008
1915,32Nvl_L1_EW,32NVL_EW,0.007,0.002
1915,32Nvl_L2_EW,32NVL_EW,0.008,0.008
1915,32Nvl_L3_NS,NONE,0.008,0.0
1915,32Nvl_L2_NS,32NVL_NS,0.016,0.01
1915,NvcNvl_L1_EW,NVCNVL_EW,0.007,0.003
1915,NvcNvl_L2_EW,NVCNVL_EW,0.008,0.008
1915,32Mt_L1_NS,32MT_NS,0.013,0.013
1915,32Mt_L1_EW,NONE,0.014,0.0
1915,32Mt_L3_EW,NONE,0.018,0.0
1915,32Mt_L1_EW,32MT_EW,0.007,0.002
1915,32Mt_L1_NS,NONE,0.059,0.0
1915,NvcMt_L1_EW,NVCMT_EW,0.006,0.001
1915,304Nvl_L2_NS,304NVL_NS,0.008,-0.003
1915,32Nvl_L2_NS,32NVL_NS,0.013,0.008
1915,32Nvl_L3_EW,NONE,0.006,0.0
1915,32Nvl_L1_NS,32NVL_NS,0.02,0.014
1915,NvcNvl_L3_EW,NONE,0.009,0.0
1915,32Mt_L2_EW,NONE,0.015,0.0
1915,32Mt_L2_NS,NONE,0.052,0.0
1915,NvcMt_L2_EW,NVCMT_EW,0.008,0.002
1920,304Nvl_L1_EW,304NVL_EW,0.017,0.017
1920,32Nvl_L3_NS,NONE,0.007,0.0
1920,32Nvl_L1_NS,32NVL_NS,0.007,0.007
1920,32Nvl_L1_EW,32NVL_EW,0.007,0.002
1920,32Nvl_L2_EW,32NVL_EW,0.008,0.004
1920,NvcNvl_L3_NS,NONE,0.007,0.0
1920,NvcNvl_L2_NS,NONE,0.007,0.0
1920,NvcNvl_L1_EW,NVCNVL_EW,0.007,0.003
1920,NvcNvl_L2_EW,NVCNVL_EW,0.008,0.008
1920,32Mt_L1_NS,32MT_NS,0.044,0.044
1920,32Mt_L1_EW,32MT_EW,0.007,0.002
1920,NvcMt_L1_EW,NVCMT_EW,0.006,0.001
1920,32Nvl_L2_NS,32NVL_NS,0.007,0.007
1920,32Nvl_L3_EW,NONE,0.006,0.0
1920,NvcNvl_L1_NS,NONE,0.009,0.0
1920,NvcNvl_L3_EW,NONE,0.009,0.0
1920,32Mt_L2_EW,32MT_EW,0.005,0.0
1920,NvcMt_L2_EW,NVCMT_EW,0.008,0.002
1925,304Nvl_L1_NS,NONE,0.007,0.0
1925,32Nvl_L1_NS,32NVL_NS,0.014,0.014
1925,32Nvl_L1_EW,32NVL_EW,0.007,-0.003
1925,32Nvl_L2_EW,32NVL_EW,0.008,0.004
1925,32Nvl_L1_EW,32NVL_EW,0.007,-0.003
1925,32Nvl_L2_EW,32NVL_EW,0.007,0.004
1925,32Nvl_L3_NS,NONE,0.008,0.0
1925,32Nvl_L2_NS,32NVL_NS,0.008,0.008
1925,NvcNvl_L1_EW,NVCNVL_EW,0.007,-0.024
1925,NvcNvl_L2_EW,NVCNVL_EW,0.008,0.008
1925,32Mt_L1_NS,32MT_NS,0.038,0.038
1925,32Mt_L1_EW,32MT_EW,0.014,0.009
1925,NvcMt_L1_EW,NVCMT_EW,0.044,0.013
1925,NvcCmt8_L2_EW,NVCCMT8_EW,0.026,0.026
1925,32Nvl_L2_NS,32NVL_NS,0.007,0.007
1925,32Nvl_L3_EW,NONE,0.006,0.0
1925,32Nvl_L3_EW,NONE,0.006,0.0
1925,32Nvl_L1_NS,32NVL_NS,0.007,0.007
1925,NvcNvl_L3_EW,NONE,0.009,0.0
1925,32Mt_L2_EW,32MT_EW,0.005,0.0
1925,NvcMt_L2_EW,NVCMT_EW,0.056,0.032
1925,NvcCmt8_L1_EW,NVCCMT8_EW,0.038,0.007
1930,32Nvl_L1_NS,32NVL_NS,0.007,0.007
1930,32Nvl_L1_EW,32NVL_EW,0.007,0.002
1930,32Nvl_L2_EW,32NVL_EW,0.008,0.004
1930,32Nvl_L1_EW,32NVL_EW,0.007,0.002
1930,32Nvl_L2_EW,32NVL_EW,0.007,0.004
1930,NvcNvl_L3_NS,NONE,0.007,0.0
1930,NvcNvl_L2_NS,NONE,0.007,0.0
1930,NvcNvl_L1_EW,NVCNVL_EW,0.007,-0.015
1930,NvcNvl_L2_EW,NVCNVL_EW,0.008,0.008
1930,32Mt_L1_NS,32MT_NS,0.006,0.006
1930,32Mt_L1_EW,32MT_EW,0.007,0.002
1930,NvcMt_L1_EW,NVCMT_EW,0.032,0.0
1930,NvcCmt8_L2_EW,NVCCMT8_EW,0.026,0.026
1930,32Nvl_L3_EW,NONE,0.006,0.0
1930,32Nvl_L3_EW,NONE,0.006,0.0
1930,32Nvl_L1_NS,32NVL_NS,0.007,0.007
1930,NvcNvl_L1_NS,NONE,0.009,0.0
1930,NvcNvl_L3_EW,NONE,0.009,0.0
1930,32Mt_L2_NS,32MT_NS,0.006,0.006
1930,32Mt_L2_EW,32MT_EW,0.005,0.0
1930,NvcMt_L2_EW,NVCMT_EW,0.048,0.024
1930,NvcCmt8_L1_EW,NVCCMT8_EW,0.038,0.016
1935,32Nvl_L3_NS,NONE,0.068,0.0
1935,32Nvl_L1_NS,32NVL_NS,0.069,0.069
1935,32Nvl_L1_EW,32NVL_EW,0.007,-0.003
1935,32Nvl_L2_EW,32NVL_EW,0.008,0.0
1935,32Nvl_L1_EW,32NVL_EW,0.007,-0.003
1935,32Nvl_L2_EW,32NVL_EW,0.007,0.0
1935,NvcNvl_L3_NS,NONE,0.014,0.0
1935,NvcNvl_L2_NS,NONE,0.013,0.0
1935,NvcNvl_L1_EW,NVCNVL_EW,0.007,-0.015
1935,NvcNvl_L2_EW,NVCNVL_EW,0.008,0.008
1935,32Mt_L1_EW,NONE,0.007,0.0
1935,32Mt_L3_EW,NONE,0.009,0.0
1935,32Mt_L1_EW,32MT_EW,0.014,0.009
1935,32Mt_L1_NS,NONE,0.01,0.0
1935,NvcMt_L1_EW,NVCMT_EW,0.032,0.0
1935,NvcCmt8_L2_EW,NVCCMT8_EW,0.026,0.026
1935,32Nvl_L2_NS,32NVL_NS,0.067,0.067
1935,32Nvl_L3_EW,NONE,0.006,0.0
1935,32Nvl_L3_EW,NONE,0.006,0.0
1935,32Nvl_L1_NS,32NVL_NS,0.013,0.013
1935,NvcNvl_L1_NS,NONE,0.017,0.0
1935,NvcNvl_L3_EW,NONE,0.009,0.0
1935,32Mt_L2_EW,NONE,0.008,0.0
1935,32Mt_L2_EW,32MT_EW,0.011,0.005
1935,NvcMt_L2_EW,NVCMT_EW,0.04,0.016
1935,NvcCmt8_L1_EW,NVCCMT8_EW,0.038,0.016
1940,32Nvl_L3_NS,NONE,0.02,0.0
1940,32Nvl_L1_NS,32NVL_NS,0.055,0.051
1940,32Nvl_L1_EW,32NVL_EW,0.007,0.002
1940,32Nvl_L2_EW,32NVL_EW,0.008,0.004
1940,32Nvl_L1_EW,32NVL_EW,0.007,0.002
1940,32Nvl_L2_EW,32NVL_EW,0.007,0.004
1940,32Nvl_L3_NS,NONE,0.042,0.0
1940,32Nvl_L2_NS,32NVL_NS,0.039,0.039
1940,NvcNvl_L3_NS,NONE,0.007,0.0
1940,NvcNvl_L2_NS,NONE,0.007,0.0
1940,NvcNvl_L1_EW,NVCNVL_EW,0.014,0.014
1940,NvcNvl_L2_EW,NVCNVL_EW,0.016,0.014
1940,NvcNvl_L1_NS,NVCNVL_NS,0.007,-0.032
1940,32Mt_L1_EW,32MT_EW,0.007,0.002
1940,32Mt_L1_NS,NONE,0.01,0.0
1940,NvcMt_L2_EW,NVCMT_EW,0.003,-0.008
1940,32Nvl_L2_NS,32NVL_NS,0.053,0.053
1940,32Nvl_L3_EW,NONE,0.006,0.0
1940,32Nvl_L3_EW,NONE,0.006,0.0
1940,32Nvl_L1_NS,32NVL_NS,0.034,0.029
1940,NvcNvl_L1_NS,NONE,0.009,0.0
1940,NvcNvl_L3_EW,NONE,0.019,0.0
1940,32Mt_L2_EW,32MT_EW,0.005,0.0
1940,32Mt_L2_NS,NONE,0.009,0.0
1940,NvcMt_L1_EW,NVCMT_EW,0.006,-0.004
1940,NvcCmt8_L1_EW,NONE,0.029,0.0
1945,304Nvl_L1_EW,304NVL_EW,0.017,0.017
1945,304Nvl_L2_EW,304NVL_EW,0.015,0.015
1945,304Nvl_L1_NS,NONE,0.036,0.0
1945,304Nvl_L3_NS,NONE,0.04,0.0
1945,32Nvl_L1_NS,32NVL_NS,0.007,0.002
1945,32Nvl_L1_EW,32NVL_EW,0.007,-0.003
1945,32Nvl_L2_EW,32NVL_EW,0.008,0.004
1945,32Nvl_L1_EW,32NVL_EW,0.007,-0.003
1945,32Nvl_L2_EW,32NVL_EW,0.007,0.004
1945,32Nvl_L3_NS,NONE,0.058,0.0
1945,32Nvl_L2_NS,32NVL_NS,0.055,0.055
1945,NvcNvl_L3_NS,NONE,0.007,0.0
1945,NvcNvl_L2_NS,NONE,0.013,0.0
1945,NvcNvl_L1_EW,NONE,0.011,0.0
1945,NvcNvl_L2_EW,NONE,0.008,0.0
1945,NvcNvl_L1_EW,NVCNVL_EW,0.014,0.014
1945,NvcNvl_L2_EW,NVCNVL_EW,0.016,0.014
1945,NvcNvl_L1_NS,NVCNVL_NS,0.007,0.002
1945,32Mt_L1_EW,NONE,0.007,0.0
1945,32Mt_L3_EW,NONE,0.009,0.0
1945,32Mt_L1_EW,32MT_EW,0.014,0.009
1945,NvcMt_L2_EW,NVCMT_EW,0.003,-0.008
1945,304Nvl_L3_EW,NONE,0.013,0.0
1945,304Nvl_L2_NS,NONE,0.037,0.0
1945,32Nvl_L2_NS,32NVL_NS,0.007,0.007
1945,32Nvl_L3_EW,NONE,0.006,0.0
1945,32Nvl_L3_EW,NONE,0.006,0.0
1945,32Nvl_L1_NS,32NVL_NS,0.081,0.076
1945,NvcNvl_L1_NS,NONE,0.017,0.0
1945,NvcNvl_L3_EW,NONE,0.019,0.0
1945,32Mt_L2_EW,NONE,0.008,0.0
1945,32Mt_L2_EW,32MT_EW,0.005,0.0
1945,NvcMt_L1_EW,NVCMT_EW,0.006,-0.004
1950,304Nvl_L1_EW,304NVL_EW,0.008,0.008
1950,304Nvl_L2_EW,304NVL_EW,0.007,0.007
1950,32Nvl_L3_NS,NONE,0.007,0.0
1950,32Nvl_L1_NS,32NVL_NS,0.042,0.042
1950,32Nvl_L1_EW,32NVL_EW,0.007,-0.003
1950,32Nvl_L2_EW,32NVL_EW,0.008,0.0
1950,32Nvl_L1_EW,32NVL_EW,0.013,0.004
1950,32Nvl_L2_EW,32NVL_EW,0.007,0.0
1950,NvcNvl_L3_NS,NONE,0.007,0.0
1950,NvcNvl_L2_NS,NONE,0.007,0.0
1950,NvcNvl_L1_EW,NVCNVL_EW,0.014,0.014
1950,NvcNvl_L2_EW,NVCNVL_EW,0.016,0.014
1950,32Mt_L1_EW,NONE,0.007,0.0
1950,32Mt_L1_EW,32MT_EW,0.014,0.009
1950,32Mt_L1_NS,NONE,0.01,0.0
1950,NvcMt_L2_EW,NVCMT_EW,0.003,-0.008
1950,32Nvl_L2_NS,32NVL_NS,0.007,0.007
1950,32Nvl_L3_EW,NONE,0.006,0.0
1950,32Nvl_L3_EW,NONE,0.006,0.0
1950,32Nvl_L1_NS,32NVL_NS,0.047,0.047
1950,NvcNvl_L1_NS,NONE,0.009,0.0
1950,NvcNvl_L3_EW,NONE,0.019,0.0
1950,32Mt_L2_EW,32MT_EW,0.011,0.005
1950,32Mt_L2_NS,NONE,0.009,0.0
1950,NvcMt_L1_EW,NVCMT_EW,0.006,-0.004
1955,304Nvl_L1_EW,304NVL_EW,0.008,0.008
1955,304Nvl_L2_EW,304NVL_EW,0.007,0.007
1955,304Nvl_L1_NS,NONE,0.015,0.0
1955,304Nvl_L3_NS,NONE,0.008,0.0
1955,32Nvl_L1_EW,32NVL_EW,0.092,0.082
1955,32Nvl_L2_EW,32NVL_EW,0.1,0.093
1955,32Nvl_L1_EW,32NVL_EW,0.013,0.004
1955,32Nvl_L2_EW,32NVL_EW,0.007,0.0
1955,NvcNvl_L3_NS,NONE,0.007,0.0
1955,NvcNvl_L2_NS,NONE,0.007,0.0
1955,NvcNvl_L1_EW,NVCNVL_EW,0.021,0.021
1955,NvcNvl_L2_EW,NVCNVL_EW,0.016,0.016
1955,32Mt_L1_EW,32MT_EW,0.014,-0.05
1955,304Nvl_L2_NS,NONE,0.007,0.0
1955,32Nvl_L3_EW,NONE,0.006,0.0
1955,32Nvl_L3_EW,NONE,0.081,0.0
1955,32Nvl_L1_NS,32NVL_NS,0.013,0.013
1955,NvcNvl_L1_NS,NONE,0.009,0.0
1955,NvcNvl_L3_EW,NONE,0.019,0.0
1955,32Mt_L2_EW,32MT_EW,0.011,-0.059
1960,304Nvl_L1_EW,304NVL_EW,0.051,0.051
1960,304Nvl_L1_NS,NONE,0.015,0.0
1960,32Nvl_L1_EW,32NVL_EW,0.092,0.077
1960,32Nvl_L2_EW,32NVL_EW,0.1,0.093
1960,32Nvl_L1_EW,32NVL_EW,0.007,-0.008
1960,32Nvl_L2_EW,32NVL_EW,0.007,0.0
1960,NvcNvl_L3_NS,NONE,0.007,0.0
1960,NvcNvl_L2_NS,NONE,0.007,0.0
1960,NvcNvl_L1_EW,NVCNVL_EW,0.021,0.021
1960,NvcNvl_L2_EW,NVCNVL_EW,0.016,0.016
1960,32Mt_L1_EW,32MT_EW,0.021,-0.043
1960,32Mt_L1_NS,NONE,0.01,0.0
1960,NvcCmt8_L2_NS,NONE,0.129,0.0
1960,NvcCmt8_L1_NS,NONE,0.093,0.0
1960,304Nvl_L2_NS,NONE,0.007,0.0
1960,32Nvl_L3_EW,NONE,0.006,0.0
1960,32Nvl_L3_EW,NONE,0.081,0.0
1960,32Nvl_L1_NS,32NVL_NS,0.007,0.007
1960,NvcNvl_L1_NS,NONE,0.009,0.0
1960,NvcNvl_L3_EW,NONE,0.019,0.0
1960,32Mt_L2_EW,32MT_EW,0.011,-0.059
1965,304Nvl_L1_EW,304NVL_EW,0.008,0.008
1965,32Nvl_L1_EW,32NVL_EW,0.092,0.077
1965,32Nvl_L2_EW,32NVL_EW,0.1,0.089
1965,32Nvl_L3_NS,NONE,0.008,0.0
1965,32Nvl_L2_NS,32NVL_NS,0.008,0.008
1965,NvcNvl_L3_NS,NONE,0.007,0.0
1965,NvcNvl_L2_NS,NONE,0.007,0.0
1965,NvcNvl_L1_EW,NVCNVL_EW,0.007,0.003
1965,32Mt_L1_EW,32MT_EW,0.021,-0.043
1965,32Mt_L1_NS,NONE,0.01,0.0
1965,NvcMt_L1_EW,NVCMT_EW,0.006,0.001
1965,32Nvl_L3_EW,NONE,0.075,0.0
1965,32Nvl_L1_NS,32NVL_NS,0.007,0.007
1965,NvcNvl_L1_NS,NONE,0.009,0.0
1965,32Mt_L2_EW,32MT_EW,0.016,-0.054
1965,NvcMt_L2_EW,NVCMT_EW,0.008,0.008
1970,304Nvl_L1_NS,NONE,0.036,0.0
1970,304Nvl_L3_NS,NONE,0.04,0.0
1970,32Nvl_L3_NS,NONE,0.017,0.0
1970,32Nvl_L2_NS,32NVL_NS,0.016,0.016
1970,NvcNvl_L3_NS,NONE,0.007,0.0
1970,NvcNvl_L2_NS,NONE,0.007,0.0
1970,NvcNvl_L1_EW,NONE,0.011,0.0
1970,NvcNvl_L2_EW,NONE,0.008,0.0
1970,32Mt_L1_EW,32MT_EW,0.014,0.014
1970,304Nvl_L2_NS,NONE,0.037,0.0
1970,32Nvl_L1_NS,32NVL_NS,0.02,0.02
1970,NvcNvl_L1_NS,NONE,0.009,0.0
1970,32Mt_L2_EW,32MT_EW,0.011,0.011
1975,32Nvl_L3_NS,NONE,0.017,0.0
1975,32Nvl_L2_NS,32NVL_NS,0.016,0.016
1975,NvcNvl_L3_NS,NONE,0.014,0.0
1975,NvcNvl_L2_NS,NONE,0.013,0.0
1975,NvcNvl_L1_EW,NONE,0.011,0.0
1975,NvcNvl_L2_EW,NONE,0.008,0.0
1975,32Mt_L1_NS,32MT_NS,0.006,0.006
1975,32Nvl_L1_NS,32NVL_NS,0.101,0.101
1975,NvcNvl_L1_NS,NONE,0.017,0.0
1980,304Nvl_L1_EW,304NVL_EW,0.042,0.042
1980,32Nvl_L3_NS,NONE,0.007,0.0
1980,32Nvl_L1_NS,32NVL_NS,0.007,0.007
1980,32Nvl_L3_NS,NONE,0.025,0.0
1980,32Nvl_L2_NS,32NVL_NS,0.024,0.024
1980,NvcNvl_L1_EW,NVCNVL_EW,0.007,0.003
1980,32Mt_L1_NS,32MT_NS,0.006,0.006
1980,32Mt_L1_EW,32MT_EW,0.007,0.007
1980,32Mt_L1_NS,NONE,0.01,0.0
1980,NvcMt_L1_EW,NVCMT_EW,0.006,0.001
1980,32Nvl_L2_NS,32NVL_NS,0.007,0.007
1980,32Nvl_L1_NS,32NVL_NS,0.107,0.107
1980,32Mt_L2_EW,32MT_EW,0.005,0.005
1980,32Mt_L2_NS,NONE,0.009,0.0
1985,32Nvl_L3_NS,NONE,0.007,0.0
1985,32Nvl_L1_NS,32NVL_NS,0.014,0.014
1985,32Nvl_L3_NS,NONE,0.025,0.0
1985,32Nvl_L2_NS,32NVL_NS,0.118,0.118
1985,NvcNvl_L1_EW,NONE,0.011,0.0
1985,NvcNvl_L2_EW,NONE,0.008,0.0
1985,NvcNvl_L1_EW,NVCNVL_EW,0.092,0.087
1985,NvcNvl_L2_EW,NVCNVL_EW,0.094,0.094
1985,32Mt_L1_NS,32MT_NS,0.013,0.013
1985,32Mt_L1_EW,NONE,0.007,0.0
1985,32Mt_L3_EW,NONE,0.009,0.0
1985,32Mt_L1_EW,32MT_EW,0.007,0.007
1985,NvcMt_L1_EW,NVCMT_EW,0.006,-0.058
1985,32Nvl_L2_NS,32NVL_NS,0.013,0.013
1985,32Nvl_L1_NS,32NVL_NS,0.181,0.181
1985,NvcNvl_L3_EW,NONE,0.112,0.0
1985,32Mt_L2_EW,NONE,0.008,0.0
1985,NvcMt_L2_EW,NVCMT_EW,0.008,-0.058
1990,32Nvl_L3_NS,NONE,0.007,0.0
1990,32Nvl_L1_NS,32NVL_NS,0.014,0.014
1990,32Nvl_L3_NS,NONE,0.242,0.0
1990,32Nvl_L2_NS,32NVL_NS,0.229,0.229
1990,NvcNvl_L1_EW,NVCNVL_EW,0.035,0.035
1990,NvcNvl_L2_EW,NVCNVL_EW,0.039,0.039
1990,32Mt_L1_NS,32MT_NS,0.006,0.006
1990,32Mt_L1_EW,NONE,0.014,0.0
1990,32Mt_L3_EW,NONE,0.009,0.0
1990,NvcCmt8_L2_EW,NONE,0.007,0.0
1990,32Thn_L1_NS,32THN_NS,0.051,0.051
1990,32Thn_L2_NS,32THN_NS,0.063,0.063
1990,32Nvl_L2_NS,32NVL_NS,0.013,0.013
1990,32Nvl_L1_NS,32NVL_NS,0.195,0.195
1990,NvcNvl_L3_EW,NONE,0.047,0.0
1990,32Mt_L2_EW,NONE,0.008,0.0
1990,NvcCmt8_L1_EW,NONE,0.006,0.0
1995,32Nvl_L3_NS,NONE,0.007,0.0
1995,32Nvl_L1_NS,32NVL_NS,0.014,0.014
1995,32Nvl_L3_NS,NONE,0.242,0.0
1995,32Nvl_L2_NS,32NVL_NS,0.229,0.229
1995,32Mt_L1_EW,NONE,0.007,0.0
1995,32Mt_L1_EW,32MT_EW,0.042,0.042
1995,32Thn_L1_NS,32THN_NS,0.051,0.051
1995,32Thn_L2_NS,32THN_NS,0.063,0.063
1995,32Nvl_L2_NS,32NVL_NS,0.013,0.013
1995,32Nvl_L1_NS,32NVL_NS,0.195,0.195
1995,32Mt_L2_EW,NONE,0.008,0.0
1995,32Mt_L2_EW,32MT_EW,0.027,0.027
1995,NvcCmt8_L1_EW,NVCCMT8_EW,0.008,0.008
2000,304Nvl_L1_NS,304NVL_NS,0.009,-0.001
2000,304Nvl_L3_NS,NONE,0.007,0.0
2000,32Nvl_L3_NS,NONE,0.007,0.0
2000,32Nvl_L1_NS,32NVL_NS,0.014,0.008
2000,32Nvl_L3_NS,NONE,0.259,0.0
2000,32Nvl_L2_NS,32NVL_NS,0.245,0.239
2000,32Mt_L1_EW,NONE,0.007,0.0
2000,32Mt_L3_EW,NONE,0.009,0.0
2000,32Mt_L1_EW,32MT_EW,0.049,0.049
2000,NvcCmt8_L2_NS,NONE,0.011,0.0
2000,32Thn_L1_NS,32THN_NS,0.051,0.051
2000,NvcCmt8_L1_NS,NONE,0.008,0.0
2000,32Thn_L2_NS,32THN_NS,0.063,0.063
2000,304Nvl_L2_NS,304NVL_NS,0.008,-0.164
2000,32Nvl_L2_NS,32NVL_NS,0.013,0.008
2000,32Nvl_L1_NS,32NVL_NS,0.208,0.202
2000,32Mt_L2_EW,NONE,0.008,0.0
2000,32Mt_L2_EW,32MT_EW,0.033,0.033
2005,304Nvl_L1_NS,304NVL_NS,0.009,-0.001
2005,304Nvl_L3_NS,NONE,0.007,0.0
2005,304Nvl_L1_EW,304NVL_EW,0.008,0.008
2005,304Nvl_L2_EW,304NVL_EW,0.007,0.007
2005,32Nvl_L3_NS,NONE,0.007,0.0
2005,32Nvl_L1_NS,32NVL_NS,0.014,0.008
2005,32Nvl_L1_EW,32NVL_EW,0.007,0.007
2005,32Nvl_L2_EW,32NVL_EW,0.008,0.008
2005,32Nvl_L3_NS,NONE,0.259,0.0
2005,32Nvl_L2_NS,32NVL_NS,0.245,0.239
2005,NvcNvl_L3_NS,NONE,0.007,0.0
2005,NvcNvl_L2_NS,NONE,0.007,0.0
2005,32Mt_L1_EW,NONE,0.007,0.0
2005,32Mt_L3_EW,NONE,0.009,0.0
2005,32Mt_L1_NS,NONE,0.117,0.0
2005,32Thn_L1_NS,32THN_NS,0.051,0.051
2005,32Thn_L2_NS,32THN_NS,0.063,0.063
2005,304Nvl_L2_NS,304NVL_NS,0.008,-0.164
2005,304Nvl_L3_EW,NONE,0.006,0.0
2005,32Nvl_L2_NS,32NVL_NS,0.013,0.008
2005,32Nvl_L3_EW,NONE,0.006,0.0
2005,32Nvl_L1_NS,32NVL_NS,0.208,0.202
2005,NvcNvl_L1_NS,NONE,0.009,0.0
2005,32Mt_L2_EW,NONE,0.008,0.0
2005,32Mt_L2_NS,NONE,0.104,0.0
2010,304Nvl_L1_NS,304NVL_NS,0.009,-0.001
2010,304Nvl_L3_NS,NONE,0.007,0.0
2010,32Nvl_L3_NS,NONE,0.007,0.0
2010,32Nvl_L1_NS,32NVL_NS,0.014,0.008
2010,32Nvl_L3_NS,NONE,0.259,0.0
2010,32Nvl_L2_NS,32NVL_NS,0.245,0.239
2010,NvcNvl_L3_NS,NONE,0.007,0.0
2010,NvcNvl_L2_NS,NONE,0.007,0.0
2010,32Mt_L1_NS,32MT_NS,0.031,0.031
2010,32Mt_L1_EW,32MT_EW,0.007,0.007
2010,32Mt_L1_NS,NONE,0.117,0.0
2010,NvcMt_L1_EW,NVCMT_EW,0.006,0.006
2010,32Thn_L1_NS,32THN_NS,0.051,0.051
2010,32Thn_L1_EW,NONE,0.01,0.0
2010,32Thn_L2_EW,NONE,0.01,0.0
2010,32Thn_L3_EW,NONE,0.007,0.0
2010,32Thn_L2_NS,32THN_NS,0.063,0.063
2010,304Nvl_L2_NS,304NVL_NS,0.008,-0.164
2010,32Nvl_L2_NS,32NVL_NS,0.013,0.008
2010,32Nvl_L1_NS,32NVL_NS,0.208,0.202
2010,NvcNvl_L1_NS,NONE,0.009,0.0
2010,32Mt_L2_NS,NONE,0.104,0.0
2010,NvcMt_L2_EW,NVCMT_EW,0.008,0.008
2015,304Nvl_L1_NS,304NVL_NS,0.009,-0.001
2015,304Nvl_L3_NS,NONE,0.007,0.0
2015,304Nvl_L1_EW,304NVL_EW,0.11,0.11
2015,304Nvl_L2_EW,304NVL_EW,0.094,0.094
2015,32Nvl_L3_NS,NONE,0.007,0.0
2015,32Nvl_L1_NS,32NVL_NS,0.014,0.008
2015,32Nvl_L1_EW,32NVL_EW,0.007,0.001
2015,32Nvl_L3_NS,NONE,0.267,0.0
2015,32Nvl_L2_NS,32NVL_NS,0.253,0.247
2015,NvcNvl_L3_NS,NONE,0.02,0.0
2015,NvcNvl_L2_NS,NONE,0.02,0.0
2015,NvcNvl_L1_EW,NONE,0.053,0.0
2015,NvcNvl_L2_EW,NONE,0.038,0.0
2015,32Mt_L1_NS,32MT_NS,0.031,0.031
2015,NvcCmt8_L2_EW,NVCCMT8_EW,0.005,0.005
2015,32Thn_L1_NS,32THN_NS,0.051,0.051
2015,32Thn_L1_EW,32THN_EW,0.008,0.008
2015,32Thn_L2_NS,32THN_NS,0.063,0.063
2015,304Nvl_L2_NS,304NVL_NS,0.008,-0.169
2015,304Nvl_L3_EW,NONE,0.082,0.0
2015,32Nvl_L2_NS,32NVL_NS,0.013,0.008
2015,32Nvl_L1_NS,32NVL_NS,0.215,0.208
2015,NvcNvl_L1_NS,NONE,0.026,0.0
2015,NvcNvl_L3_EW,NONE,0.032,0.0
2015,NvcCmt8_L1_EW,NVCCMT8_EW,0.008,0.008
2020,304Nvl_L1_EW,304NVL_EW,0.119,0.119
2020,304Nvl_L2_EW,304NVL_EW,0.094,0.094
2020,32Nvl_L3_NS,NONE,0.007,0.0
2020,32Nvl_L1_NS,32NVL_NS,0.014,0.014
2020,32Nvl_L3_NS,NONE,0.267,0.0
2020,32Nvl_L2_NS,32NVL_NS,0.253,0.253
2020,NvcNvl_L3_NS,NONE,0.007,0.0
2020,NvcNvl_L2_NS,NONE,0.007,0.0
2020,32Mt_L1_NS,32MT_NS,0.031,0.031
2020,32Mt_L1_EW,32MT_EW,0.035,0.035
2020,32Mt_L1_NS,NONE,0.059,0.0
2020,NvcMt_L2_NS,NONE,0.005,0.0
2020,32Thn_L3_EW,NONE,0.035,0.0
2020,304Nvl_L3_EW,NONE,0.082,0.0
2020,32Nvl_L2_NS,32NVL_NS,0.013,0.013
2020,32Nvl_L1_NS,32NVL_NS,0.215,0.215
2020,NvcNvl_L1_NS,NONE,0.009,0.0
2020,32Mt_L2_EW,32MT_EW,0.027,0.027
2020,32Mt_L2_NS,NONE,0.052,0.0
2020,NvcMt_L1_NS,NONE,0.005,0.0
2020,NvcCmt8_L1_EW,NONE,0.006,0.0
2025,304Nvl_L1_EW,304NVL_EW,0.161,0.161
2025,304Nvl_L2_EW,304NVL_EW,0.138,0.138
2025,32Nvl_L1_EW,32NVL_EW,0.007,-0.027
2025,32Nvl_L2_EW,32NVL_EW,0.008,-0.019
2025,32Nvl_L3_NS,NONE,0.042,0.0
2025,32Nvl_L2_NS,32NVL_NS,0.039,0.039
2025,NvcNvl_L1_NS,NVCNVL_NS,0.007,0.007
2025,32Mt_L1_NS,32MT_NS,0.075,0.075
2025,32Mt_L1_EW,32MT_EW,0.049,0.044
2025,NvcCmt8_L2_NS,NONE,0.011,0.0
2025,32Thn_L1_NS,32THN_NS,0.051,0.051
2025,NvcCmt8_L1_NS,NONE,0.008,0.0
2025,32Thn_L2_NS,32THN_NS,0.063,0.063
2025,304Nvl_L3_EW,NONE,0.12,0.0
2025,32Nvl_L3_EW,NONE,0.006,0.0
2025,32Nvl_L1_NS,32NVL_NS,0.034,0.029
2025,32Mt_L2_EW,32MT_EW,0.038,0.033
2030,304Nvl_L1_EW,304NVL_EW,0.169,0.169
2030,304Nvl_L2_EW,304NVL_EW,0.145,0.145
2030,304Nvl_L1_NS,NONE,0.007,0.0
2030,32Nvl_L1_NS,32NVL_NS,0.007,0.007
2030,32Nvl_L1_EW,32NVL_EW,0.05,0.001
2030,32Nvl_L2_EW,32NVL_EW,0.054,0.02
2030,32Nvl_L3_NS,NONE,0.025,0.0
2030,32Nvl_L2_NS,32NVL_NS,0.024,0.024
2030,NvcNvl_L1_EW,NONE,0.011,0.0
2030,NvcNvl_L2_EW,NONE,0.008,0.0
2030,NvcNvl_L1_EW,NVCNVL_EW,0.007,0.007
2030,32Mt_L1_NS,32MT_NS,0.075,0.075
2030,32Mt_L1_EW,32MT_EW,0.07,0.035
2030,32Mt_L1_NS,NONE,0.049,0.0
2030,32Thn_L1_NS,32THN_NS,0.051,0.051
2030,32Thn_L2_NS,32THN_NS,0.063,0.063
2030,304Nvl_L3_EW,NONE,0.127,0.0
2030,32Nvl_L3_EW,NONE,0.044,0.0
2030,32Nvl_L1_NS,32NVL_NS,0.02,0.02
2030,NvcNvl_L3_EW,NONE,0.006,0.0
2030,32Mt_L2_EW,32MT_EW,0.049,0.011
2035,304Nvl_L1_NS,304NVL_NS,0.009,0.004
2035,304Nvl_L3_NS,NONE,0.007,0.0
2035,304Nvl_L1_EW,304NVL_EW,0.178,0.178
2035,304Nvl_L2_EW,304NVL_EW,0.152,0.152
2035,32Nvl_L1_NS,32NVL_NS,0.007,0.001
2035,32Nvl_L1_EW,32NVL_EW,0.092,0.043
2035,32Nvl_L2_EW,32NVL_EW,0.1,0.066
2035,32Nvl_L3_NS,NONE,0.025,0.0
2035,32Nvl_L2_NS,32NVL_NS,0.024,0.018
2035,NvcNvl_L1_EW,NVCNVL_EW,0.014,0.01
2035,NvcNvl_L2_EW,NVCNVL_EW,0.008,0.008
2035,32Mt_L1_NS,32MT_NS,0.075,0.075
2035,32Mt_L1_EW,32MT_EW,0.07,0.005
2035,NvcMt_L1_EW,NVCMT_EW,0.006,-0.004
2035,NvcCmt8_L2_NS,NONE,0.012,0.0
2035,32Thn_L1_NS,32THN_NS,0.01,0.01
2035,32Thn_L2_NS,32THN_NS,0.013,0.013
2035,304Nvl_L2_NS,304NVL_NS,0.008,-0.009
2035,304Nvl_L3_EW,NONE,0.133,0.0
2035,32Nvl_L3_EW,NONE,0.081,0.0
2035,32Nvl_L1_NS,32NVL_NS,0.02,0.014
2035,NvcNvl_L3_EW,NONE,0.009,0.0
2035,32Mt_L2_EW,32MT_EW,0.049,-0.021
2035,NvcMt_L2_EW,NVCMT_EW,0.008,0.002
2035,NvcCmt8_L1_NS,NONE,0.011,0.0
2040,304Nvl_L1_NS,304NVL_NS,0.045,0.04
2040,304Nvl_L3_NS,NONE,0.037,0.0
2040,304Nvl_L1_EW,304NVL_EW,0.169,0.169
2040,304Nvl_L2_EW,304NVL_EW,0.145,0.145
2040,32Nvl_L1_NS,32NVL_NS,0.007,-0.025
2040,32Nvl_L1_EW,32NVL_EW,0.085,0.036
2040,32Nvl_L2_EW,32NVL_EW,0.093,0.055
2040,32Nvl_L3_NS,NONE,0.017,0.0
2040,32Nvl_L2_NS,32NVL_NS,0.016,-0.011
2040,32Mt_L1_EW,32MT_EW,0.07,0.01
2040,NvcMt_L1_EW,NVCMT_EW,0.032,0.032
2040,32Thn_L3_EW,NONE,0.007,0.0
2040,304Nvl_L2_NS,304NVL_NS,0.038,0.027
2040,304Nvl_L3_EW,NONE,0.127,0.0
2040,32Nvl_L3_EW,NONE,0.075,0.0
2040,32Nvl_L1_NS,32NVL_NS,0.101,0.069
2040,32Mt_L2_EW,32MT_EW,0.054,-0.01
2040,NvcMt_L2_EW,NVCMT_EW,0.04,0.04
2045,304Nvl_L1_EW,304NVL_EW,0.22,0.22
2045,304Nvl_L2_EW,304NVL_EW,0.181,0.181
2045,32Nvl_L1_NS,32NVL_NS,0.021,0.021
2045,32Nvl_L1_EW,32NVL_EW,0.014,-0.035
2045,32Nvl_L2_EW,32NVL_EW,0.015,-0.025
2045,32Nvl_L3_NS,NONE,0.008,0.0
2045,32Nvl_L2_NS,32NVL_NS,0.008,0.008
2045,NvcNvl_L3_NS,NONE,0.007,0.0
2045,NvcNvl_L2_NS,NONE,0.007,0.0
2045,32Mt_L1_EW,32MT_EW,0.063,0.053
2045,NvcMt_L1_EW,NVCMT_EW,0.032,0.032
2045,32Thn_L1_NS,32THN_NS,0.01,0.01
2045,32Thn_L1_EW,32THN_EW,0.008,-0.002
2045,32Thn_L2_EW,32THN_EW,0.008,-0.002
2045,32Thn_L2_NS,32THN_NS,0.013,0.013
2045,304Nvl_L3_EW,NONE,0.158,0.0
2045,32Nvl_L3_EW,NONE,0.013,0.0
2045,32Nvl_L1_NS,32NVL_NS,0.101,0.101
2045,NvcNvl_L1_NS,NONE,0.009,0.0
2045,32Mt_L2_EW,32MT_EW,0.049,0.038
2045,NvcMt_L2_EW,NVCMT_EW,0.04,0.04
2050,304Nvl_L1_EW,304NVL_EW,0.263,0.263
2050,304Nvl_L2_EW,304NVL_EW,0.218,0.218
2050,304Nvl_L1_NS,NONE,0.007,0.0
2050,32Nvl_L1_NS,32NVL_NS,0.014,0.014
2050,32Nvl_L1_EW,32NVL_EW,0.007,-0.067
2050,32Nvl_L2_EW,32NVL_EW,0.008,-0.051
2050,32Nvl_L3_NS,NONE,0.008,0.0
2050,32Nvl_L2_NS,32NVL_NS,0.008,0.008
2050,32Mt_L1_EW,NONE,0.007,0.0
2050,32Mt_L3_EW,NONE,0.009,0.0
2050,32Mt_L1_EW,32MT_EW,0.098,0.093
2050,32Mt_L1_NS,NONE,0.049,0.0
2050,NvcMt_L2_NS,NONE,0.005,0.0
2050,NvcMt_L2_EW,NVCMT_EW,0.013,0.013
2050,32Thn_L1_EW,32THN_EW,0.008,0.003
2050,32Thn_L2_EW,32THN_EW,0.008,0.003
2050,32Thn_L3_EW,NONE,0.008,0.0
2050,304Nvl_L3_EW,NONE,0.19,0.0
2050,32Nvl_L3_EW,NONE,0.006,0.0
2050,32Nvl_L1_NS,32NVL_NS,0.047,0.047
2050,32Mt_L2_EW,NONE,0.008,0.0
2050,32Mt_L2_EW,32MT_EW,0.076,0.071
2050,32Mt_L2_NS,NONE,0.043,0.0
2050,NvcMt_L1_NS,NONE,0.005,0.0
2050,NvcMt_L1_EW,NVCMT_EW,0.028,0.028
2055,304Nvl_L1_EW,304NVL_EW,0.254,0.254
2055,304Nvl_L2_EW,304NVL_EW,0.218,0.218
2055,304Nvl_L1_NS,NONE,0.022,0.0
2055,304Nvl_L3_NS,NONE,0.008,0.0
2055,32Nvl_L1_NS,32NVL_NS,0.007,0.007
2055,32Nvl_L1_EW,32NVL_EW,0.007,-0.067
2055,32Nvl_L2_EW,32NVL_EW,0.008,-0.051
2055,32Mt_L1_NS,32MT_NS,0.006,0.006
2055,32Mt_L1_EW,NONE,0.007,0.0
2055,32Mt_L3_EW,NONE,0.009,0.0
2055,32Mt_L1_EW,32MT_EW,0.098,0.093
2055,NvcMt_L2_EW,NVCMT_EW,0.013,0.013
2055,32Thn_L1_EW,32THN_EW,0.008,0.003
2055,32Thn_L2_EW,32THN_EW,0.008,0.003
2055,32Thn_L3_EW,NONE,0.008,0.0
2055,304Nvl_L3_EW,NONE,0.19,0.0
2055,304Nvl_L2_NS,NONE,0.007,0.0
2055,32Nvl_L2_NS,32NVL_NS,0.007,0.007
2055,32Nvl_L3_EW,NONE,0.006,0.0
2055,32Nvl_L1_NS,32NVL_NS,0.007,0.007
2055,32Mt_L2_NS,32MT_NS,0.006,0.006
2055,32Mt_L2_EW,NONE,0.008,0.0
2055,32Mt_L2_EW,32MT_EW,0.076,0.071
2055,NvcMt_L1_EW,NVCMT_EW,0.028,0.028
2060,304Nvl_L1_EW,304NVL_EW,0.212,0.212
2060,304Nvl_L2_EW,304NVL_EW,0.181,0.181
2060,304Nvl_L1_NS,NONE,0.015,0.0
2060,304Nvl_L3_NS,NONE,0.008,0.0
2060,32Nvl_L1_NS,32NVL_NS,0.007,0.007
2060,32Nvl_L1_EW,32NVL_EW,0.014,-0.083
2060,32Nvl_L2_EW,32NVL_EW,0.015,-0.057
2060,32Mt_L1_NS,32MT_NS,0.031,0.031
2060,32Mt_L1_EW,32MT_EW,0.139,0.13
2060,NvcMt_L2_EW,NVCMT_EW,0.013,0.013
2060,32Thn_L1_EW,NONE,0.019,0.0
2060,32Thn_L2_EW,NONE,0.01,0.0
2060,32Thn_L3_EW,NONE,0.007,0.0
2060,304Nvl_L3_EW,NONE,0.158,0.0
2060,304Nvl_L2_NS,NONE,0.007,0.0
2060,32Nvl_L2_NS,32NVL_NS,0.007,0.007
2060,32Nvl_L3_EW,NONE,0.013,0.0
2060,32Mt_L2_EW,32MT_EW,0.103,0.093
2060,NvcMt_L1_EW,NVCMT_EW,0.028,0.028
2065,304Nvl_L1_EW,304NVL_EW,0.186,0.186
2065,304Nvl_L2_EW,304NVL_EW,0.152,0.152
2065,304Nvl_L1_NS,NONE,0.036,0.0
2065,32Nvl_L1_EW,32NVL_EW,0.007,-0.106
2065,32Nvl_L2_EW,32NVL_EW,0.008,-0.072
2065,NvcNvl_L3_NS,NONE,0.034,0.0
2065,NvcNvl_L2_NS,NONE,0.033,0.0
2065,32Mt_L1_EW,NONE,0.007,0.0
2065,32Mt_L1_EW,32MT_EW,0.153,0.148
2065,32Mt_L1_NS,NONE,0.01,0.0
2065,NvcMt_L2_EW,NVCMT_EW,0.013,0.013
2065,32Thn_L1_EW,NONE,0.01,0.0
2065,32Thn_L1_EW,32THN_EW,0.008,0.003
2065,304Nvl_L3_EW,NONE,0.133,0.0
2065,32Nvl_L3_EW,NONE,0.006,0.0
2065,32Nvl_L1_NS,32NVL_NS,0.013,0.013
2065,NvcNvl_L1_NS,NONE,0.044,0.0
2065,32Mt_L2_EW,32MT_EW,0.114,0.109
2065,32Mt_L2_NS,NONE,0.009,0.0
2065,NvcMt_L1_EW,NVCMT_EW,0.028,0.028
2070,304Nvl_L1_EW,304NVL_EW,0.195,0.195
2070,304Nvl_L2_EW,304NVL_EW,0.16,0.16
2070,304Nvl_L1_NS,NONE,0.036,0.0
2070,32Nvl_L1_EW,32NVL_EW,0.007,-0.159
2070,32Nvl_L2_EW,32NVL_EW,0.008,-0.118
2070,NvcNvl_L3_NS,NONE,0.041,0.0
2070,NvcNvl_L2_NS,NONE,0.046,0.0
2070,32Mt_L1_EW,NONE,0.007,0.0
2070,32Mt_L3_EW,NONE,0.009,0.0
2070,32Mt_L1_EW,32MT_EW,0.237,0.232
2070,304Nvl_L3_EW,NONE,0.139,0.0
2070,32Nvl_L3_EW,NONE,0.006,0.0
2070,32Nvl_L1_NS,32NVL_NS,0.007,0.007
2070,NvcNvl_L1_NS,NONE,0.061,0.0
2070,32Mt_L2_EW,NONE,0.008,0.0
2070,32Mt_L2_EW,32MT_EW,0.179,0.174
2075,304Nvl_L1_EW,304NVL_EW,0.195,0.195
2075,304Nvl_L2_EW,304NVL_EW,0.16,0.16
2075,304Nvl_L1_NS,NONE,0.015,0.0
2075,304Nvl_L3_NS,NONE,0.016,0.0
2075,32Nvl_L1_EW,32NVL_EW,0.007,-0.169
2075,32Nvl_L2_EW,32NVL_EW,0.008,-0.126
2075,32Nvl_L3_NS,NONE,0.008,0.0
2075,32Nvl_L2_NS,32NVL_NS,0.008,0.008
2075,NvcNvl_L3_NS,NONE,0.007,0.0
2075,NvcNvl_L2_NS,NONE,0.007,0.0
2075,NvcNvl_L1_EW,NVCNVL_EW,0.007,0.007
2075,32Mt_L1_EW,NONE,0.007,0.0
2075,32Mt_L1_EW,32MT_EW,0.251,0.246
2075,NvcCmt8_L2_EW,NONE,0.007,0.0
2075,304Nvl_L3_EW,NONE,0.139,0.0
2075,304Nvl_L2_NS,NONE,0.015,0.0
2075,32Nvl_L3_EW,NONE,0.006,0.0
2075,32Nvl_L1_NS,32NVL_NS,0.007,0.007
2075,NvcNvl_L1_NS,NONE,0.009,0.0
2075,32Mt_L2_EW,NONE,0.008,0.0
2075,32Mt_L2_EW,32MT_EW,0.19,0.185
2075,NvcCmt8_L1_EW,NONE,0.006,0.0
2080,304Nvl_L1_NS,304NVL_NS,0.045,0.016
2080,304Nvl_L1_EW,304NVL_EW,0.025,0.025
2080,304Nvl_L2_EW,304NVL_EW,0.015,0.015
2080,304Nvl_L1_NS,NONE,0.015,0.0
2080,304Nvl_L3_NS,NONE,0.016,0.0
2080,32Nvl_L3_NS,NONE,0.041,0.0
2080,32Nvl_L1_NS,32NVL_NS,0.042,0.005
2080,32Nvl_L1_EW,32NVL_EW,0.007,-0.13
2080,32Nvl_L2_EW,32NVL_EW,0.008,-0.099
2080,32Nvl_L1_EW,32NVL_EW,0.007,-0.13
2080,NvcNvl_L1_EW,NVCNVL_EW,0.007,-0.015
2080,NvcNvl_L2_EW,NVCNVL_EW,0.008,0.008
2080,NvcNvl_L1_NS,NVCNVL_NS,0.007,-0.022
2080,32Mt_L1_EW,NONE,0.007,0.0
2080,32Mt_L3_EW,NONE,0.009,0.0
2080,32Mt_L1_EW,32MT_EW,0.195,0.19
2080,32Mt_L1_NS,NONE,0.02,0.0
2080,NvcMt_L2_NS,NONE,0.005,0.0
2080,NvcMt_L1_EW,NVCMT_EW,0.032,0.021
2080,NvcCmt8_L2_NS,NONE,0.011,0.0
2080,NvcCmt8_L1_NS,NONE,0.008,0.0
2080,304Nvl_L3_EW,NONE,0.013,0.0
2080,304Nvl_L2_NS,NONE,0.015,0.0
2080,32Nvl_L2_NS,32NVL_NS,0.04,0.04
2080,32Nvl_L3_EW,NONE,0.006,0.0
2080,NvcNvl_L3_EW,NONE,0.009,0.0
2080,32Mt_L2_EW,NONE,0.008,0.0
2080,32Mt_L2_EW,32MT_EW,0.152,0.147
2080,32Mt_L2_NS,NONE,0.009,0.0
2080,NvcMt_L1_NS,NONE,0.005,0.0
2080,NvcMt_L2_EW,NVCMT_EW,0.04,0.034
2080,NvcCmt8_L1_EW,NVCCMT8_EW,0.008,-0.015
2085,304Nvl_L1_NS,304NVL_NS,0.045,0.04
2085,304Nvl_L1_EW,304NVL_EW,0.017,0.017
2085,304Nvl_L1_EW,NONE,0.008,0.0
2085,304Nvl_L1_NS,NONE,0.007,0.0
2085,32Nvl_L1_NS,32NVL_NS,0.007,-0.029
2085,32Nvl_L1_EW,32NVL_EW,0.007,-0.095
2085,32Nvl_L2_EW,32NVL_EW,0.008,-0.072
2085,32Nvl_L1_EW,32NVL_EW,0.007,-0.096
2085,32Nvl_L3_NS,NONE,0.05,0.0
2085,32Nvl_L2_NS,32NVL_NS,0.047,0.047
2085,NvcNvl_L3_NS,NONE,0.007,0.0
2085,NvcNvl_L2_NS,NONE,0.007,0.0
2085,NvcNvl_L1_EW,NVCNVL_EW,0.014,0.014
2085,NvcNvl_L2_EW,NVCNVL_EW,0.008,0.008
2085,NvcNvl_L1_NS,NVCNVL_NS,0.007,0.002
2085,32Mt_L1_NS,32MT_NS,0.006,0.006
2085,32Mt_L1_EW,32MT_EW,0.146,0.141
2085,32Mt_L1_NS,NONE,0.02,0.0
2085,NvcCmt8_L2_NS,NONE,0.011,0.0
2085,NvcCmt8_L1_NS,NONE,0.008,0.0
2085,32Nvl_L3_EW,NONE,0.006,0.0
2085,32Nvl_L1_NS,32NVL_NS,0.04,0.004
2085,NvcNvl_L1_NS,NONE,0.009,0.0
2085,NvcNvl_L3_EW,NONE,0.009,0.0
2085,32Mt_L2_EW,32MT_EW,0.114,0.109
2090,304Nvl_L1_NS,304NVL_NS,0.045,0.04
2090,304Nvl_L1_EW,304NVL_EW,0.025,0.025
2090,304Nvl_L1_EW,NONE,0.008,0.0
2090,304Nvl_L1_NS,NONE,0.036,0.0
2090,32Nvl_L1_NS,32NVL_NS,0.007,-0.029
2090,32Nvl_L1_EW,32NVL_EW,0.007,-0.061
2090,32Nvl_L2_EW,32NVL_EW,0.008,-0.046
2090,32Nvl_L3_NS,NONE,0.017,0.0
2090,32Nvl_L2_NS,32NVL_NS,0.016,0.016
2090,NvcNvl_L1_EW,NONE,0.011,0.0
2090,NvcNvl_L2_EW,NONE,0.008,0.0
2090,NvcNvl_L1_NS,NVCNVL_NS,0.007,0.002
2090,32Mt_L1_NS,32MT_NS,0.006,0.006
2090,32Mt_L1_EW,NONE,0.079,0.0
2090,32Mt_L3_EW,NONE,0.044,0.0
2090,32Mt_L1_EW,32MT_EW,0.098,0.093
2090,32Nvl_L2_NS,32NVL_NS,0.007,0.007
2090,32Nvl_L3_EW,NONE,0.006,0.0
2090,32Nvl_L1_NS,32NVL_NS,0.02,-0.016
2090,NvcNvl_L3_EW,NONE,0.006,0.0
2090,32Mt_L2_EW,NONE,0.038,0.0
2090,32Mt_L2_EW,32MT_EW,0.076,0.071
2095,304Nvl_L1_NS,304NVL_NS,0.109,0.109
2095,304Nvl_L1_NS,NONE,0.044,0.0
2095,32Nvl_L1_EW,32NVL_EW,0.007,-0.052
2095,32Nvl_L2_EW,32NVL_EW,0.008,-0.038
2095,32Nvl_L3_NS,NONE,0.008,0.0
2095,32Nvl_L2_NS,32NVL_NS,0.008,0.008
2095,NvcNvl_L1_EW,NONE,0.011,0.0
2095,NvcNvl_L2_EW,NONE,0.008,0.0
2095,32Mt_L1_NS,32MT_NS,0.019,0.019
2095,32Mt_L1_EW,NONE,0.014,0.0
2095,32Mt_L1_EW,32MT_EW,0.084,0.079
2095,32Mt_L1_NS,NONE,0.059,0.0
2095,32Nvl_L3_EW,NONE,0.006,0.0
2095,32Nvl_L1_NS,32NVL_NS,0.013,-0.063
2095,32Mt_L2_NS,32MT_NS,0.006,0.006
2095,32Mt_L2_EW,32MT_EW,0.065,0.06
2095,32Mt_L2_NS,NONE,0.009,0.0
2100,304Nvl_L1_NS,304NVL_NS,0.109,0.08
2100,304Nvl_L1_EW,304NVL_EW,0.008,0.008
2100,304Nvl_L1_NS,NONE,0.007,0.0
2100,32Nvl_L3_NS,NONE,0.034,0.0
2100,32Nvl_L1_NS,32NVL_NS,0.042,-0.035
2100,32Nvl_L1_EW,32NVL_EW,0.014,0.014
2100,32Nvl_L2_EW,32NVL_EW,0.015,0.015
2100,32Nvl_L3_NS,NONE,0.008,0.0
2100,32Nvl_L2_NS,32NVL_NS,0.008,0.008
2100,NvcNvl_L3_NS,NONE,0.007,0.0
2100,NvcNvl_L2_NS,NONE,0.007,0.0
2100,NvcNvl_L1_EW,NVCNVL_EW,0.007,0.007
2100,32Mt_L1_NS,32MT_NS,0.05,0.05
2100,32Mt_L1_EW,NONE,0.036,0.0
2100,32Mt_L3_EW,NONE,0.044,0.0
2100,32Mt_L1_NS,NONE,0.059,0.0
2100,NvcCmt8_L2_EW,NVCCMT8_EW,0.005,0.005
2100,32Nvl_L2_NS,32NVL_NS,0.033,0.033
2100,32Nvl_L3_EW,NONE,0.013,0.0
2100,32Nvl_L1_NS,32NVL_NS,0.04,-0.036
2100,NvcNvl_L1_NS,NONE,0.009,0.0
2100,32Mt_L2_NS,32MT_NS,0.006,0.006
2100,32Mt_L2_EW,NONE,0.038,0.0
2100,32Mt_L2_NS,NONE,0.009,0.0
2100,NvcCmt8_L1_EW,NVCCMT8_EW,0.008,0.008
2105,304Nvl_L1_NS,304NVL_NS,0.109,0.104
2105,304Nvl_L1_EW,304NVL_EW,0.042,0.042
2105,304Nvl_L2_EW,304NVL_EW,0.036,0.036
2105,32Nvl_L1_NS,32NVL_NS,0.007,-0.069
2105,32Nvl_L1_EW,32NVL_EW,0.007,0.007
2105,32Nvl_L2_EW,32NVL_EW,0.008,0.008
2105,32Mt_L1_NS,32MT_NS,0.056,0.056
2105,32Mt_L1_EW,NONE,0.022,0.0
2105,32Mt_L3_EW,NONE,0.018,0.0
2105,32Mt_L1_NS,NONE,0.049,0.0
2105,304Nvl_L3_EW,NONE,0.032,0.0
2105,32Nvl_L3_EW,NONE,0.006,0.0
2105,32Nvl_L1_NS,32NVL_NS,0.034,-0.042
2105,32Mt_L2_NS,32MT_NS,0.006,0.006
2105,32Mt_L2_EW,NONE,0.015,0.0
2105,NvcCmt8_L1_EW,NONE,0.006,0.0
2110,304Nvl_L1_NS,304NVL_NS,0.109,0.104
2110,32Nvl_L1_NS,32NVL_NS,0.007,-0.069
2110,32Nvl_L1_EW,32NVL_EW,0.007,-0.022
2110,32Nvl_L2_EW,32NVL_EW,0.008,0.004
2110,NvcNvl_L3_NS,NONE,0.007,0.0
2110,NvcNvl_L2_NS,NONE,0.007,0.0
2110,NvcNvl_L1_EW,NONE,0.011,0.0
2110,NvcNvl_L2_EW,NONE,0.008,0.0
2110,32Mt_L1_NS,32MT_NS,0.125,0.121
2110,32Mt_L1_EW,32MT_EW,0.042,0.037
2110,NvcMt_L2_EW,NVCMT_EW,0.003,0.003
2110,NvcMt_L1_NS,NVCMT_NS,0.007,-0.081
2110,32Nvl_L3_EW,NONE,0.006,0.0
2110,32Nvl_L1_NS,32NVL_NS,0.034,-0.042
2110,NvcNvl_L1_NS,NONE,0.009,0.0
2110,32Mt_L2_NS,32MT_NS,0.006,0.003
2110,32Mt_L2_EW,32MT_EW,0.005,0.0
2110,NvcMt_L1_EW,NVCMT_EW,0.006,0.006
2110,NvcMt_L2_NS,NVCMT_NS,0.005,0.001
2115,304Nvl_L1_NS,NONE,0.036,0.0
2115,32Nvl_L1_NS,32NVL_NS,0.007,0.007
2115,32Nvl_L1_EW,32NVL_EW,0.007,-0.022
2115,32Nvl_L2_EW,32NVL_EW,0.008,-0.011
2115,32Nvl_L1_EW,32NVL_EW,0.007,-0.023
2115,32Nvl_L2_EW,32NVL_EW,0.007,-0.012
2115,NvcNvl_L1_EW,NONE,0.011,0.0
2115,NvcNvl_L2_EW,NONE,0.008,0.0
2115,32Mt_L1_NS,32MT_NS,0.082,0.077
2115,32Mt_L1_EW,32MT_EW,0.042,0.037
2115,32Mt_L1_NS,NONE,0.01,0.0
2115,NvcMt_L1_NS,NVCMT_NS,0.007,-0.05
2115,32Nvl_L2_NS,32NVL_NS,0.007,0.007
2115,32Nvl_L3_EW,NONE,0.006,0.0
2115,32Nvl_L3_EW,NONE,0.006,0.0
2115,32Nvl_L1_NS,32NVL_NS,0.034,0.034
2115,32Mt_L2_EW,32MT_EW,0.027,0.022
2115,NvcMt_L2_NS,NVCMT_NS,0.005,0.005
2120,32Nvl_L3_NS,NONE,0.034,0.0
2120,32Nvl_L1_NS,32NVL_NS,0.035,0.035
2120,32Nvl_L1_EW,32NVL_EW,0.007,0.002
2120,32Nvl_L2_EW,32NVL_EW,0.008,0.004
2120,32Nvl_L1_EW,32NVL_EW,0.007,0.002
2120,32Nvl_L2_EW,32NVL_EW,0.007,0.004
2120,NvcNvl_L3_NS,NONE,0.007,0.0
2120,NvcNvl_L2_NS,NONE,0.04,0.0
2120,32Mt_L1_NS,32MT_NS,0.075,0.07
2120,32Mt_L1_EW,32MT_EW,0.007,0.002
2120,NvcMt_L1_NS,NVCMT_NS,0.007,-0.046
2120,32Nvl_L2_NS,32NVL_NS,0.033,0.033
2120,32Nvl_L3_EW,NONE,0.006,0.0
2120,32Nvl_L3_EW,NONE,0.006,0.0
2120,NvcNvl_L1_NS,NONE,0.052,0.0
2120,32Mt_L2_EW,32MT_EW,0.005,0.0
2120,NvcMt_L2_NS,NVCMT_NS,0.005,0.005
2125,32Nvl_L3_NS,NONE,0.014,0.0
2125,32Nvl_L1_NS,32NVL_NS,0.048,0.048
2125,32Nvl_L3_NS,NONE,0.008,0.0
2125,32Nvl_L2_NS,32NVL_NS,0.008,0.008
2125,NvcNvl_L3_NS,NONE,0.041,0.0
2125,NvcNvl_L2_NS,NONE,0.04,0.0
2125,NvcNvl_L1_EW,NVCNVL_EW,0.007,0.003
2125,NvcNvl_L2_EW,NVCNVL_EW,0.008,0.008
2125,32Mt_L1_EW,NONE,0.007,0.0
2125,NvcMt_L1_EW,NVCMT_EW,0.006,0.001
2125,NvcMt_L1_NS,NVCMT_NS,0.007,0.007
2125,32Nvl_L2_NS,32NVL_NS,0.047,0.047
2125,32Nvl_L1_NS,32NVL_NS,0.007,0.007
2125,NvcNvl_L1_NS,NONE,0.052,0.0
2125,NvcNvl_L3_EW,NONE,0.009,0.0
2125,NvcMt_L2_EW,NVCMT_EW,0.008,0.002
2125,NvcMt_L2_NS,NVCMT_NS,0.005,0.005
2130,304Nvl_L1_NS,NONE,0.015,0.0
2130,304Nvl_L3_NS,NONE,0.016,0.0
2130,32Nvl_L3_NS,NONE,0.014,0.0
2130,32Nvl_L1_NS,32NVL_NS,0.048,0.048
2130,32Nvl_L3_NS,NONE,0.017,0.0
2130,32Nvl_L2_NS,32NVL_NS,0.016,0.016
2130,NvcNvl_L3_NS,NONE,0.007,0.0
2130,NvcNvl_L2_NS,NONE,0.007,0.0
2130,NvcMt_L1_EW,NVCMT_EW,0.006,0.006
2130,NvcMt_L1_NS,NVCMT_NS,0.007,0.007
2130,NvcCmt8_L2_EW,NONE,0.007,0.0
2130,NvcCmt8_L2_NS,NONE,0.011,0.0
2130,NvcCmt8_L1_NS,NONE,0.008,0.0
2130,304Nvl_L2_NS,NONE,0.015,0.0
2130,32Nvl_L2_NS,32NVL_NS,0.047,0.047
2130,32Nvl_L1_NS,32NVL_NS,0.02,0.02
2130,NvcNvl_L1_NS,NONE,0.009,0.0
2130,NvcMt_L2_EW,NVCMT_EW,0.008,0.008
2130,NvcMt_L2_NS,NVCMT_NS,0.005,0.005
2130,NvcCmt8_L1_EW,NONE,0.006,0.0
2135,304Nvl_L1_NS,NONE,0.007,0.0
2135,304Nvl_L3_NS,NONE,0.008,0.0
2135,32Nvl_L3_NS,NONE,0.007,0.0
2135,32Nvl_L1_NS,32NVL_NS,0.042,0.042
2135,32Nvl_L3_NS,NONE,0.017,0.0
2135,32Nvl_L2_NS,32NVL_NS,0.016,0.016
2135,NvcNvl_L1_EW,NONE,0.053,0.0
2135,NvcNvl_L2_EW,NONE,0.038,0.0
2135,NvcMt_L2_NS,NONE,0.026,0.0
2135,NvcMt_L1_EW,NVCMT_EW,0.006,0.006
2135,NvcCmt8_L2_EW,NONE,0.007,0.0
2135,304Nvl_L2_NS,NONE,0.007,0.0
2135,32Nvl_L2_NS,32NVL_NS,0.04,0.04
2135,32Nvl_L1_NS,32NVL_NS,0.027,0.027
2135,NvcMt_L1_NS,NONE,0.027,0.0
2135,NvcMt_L2_EW,NVCMT_EW,0.008,0.008
2135,NvcCmt8_L1_EW,NONE,0.006,0.0
2140,304Nvl_L1_EW,304NVL_EW,0.008,0.008
2140,32Nvl_L3_NS,NONE,0.034,0.0
2140,32Nvl_L1_NS,32NVL_NS,0.069,0.069
2140,32Nvl_L3_NS,NONE,0.109,0.0
2140,32Nvl_L2_NS,32NVL_NS,0.103,0.103
2140,NvcMt_L1_EW,NVCMT_EW,0.006,0.001
2140,32Thn_L1_EW,NONE,0.01,0.0
2140,32Thn_L2_EW,NONE,0.01,0.0
2140,32Thn_L3_EW,NONE,0.007,0.0
2140,32Nvl_L2_NS,32NVL_NS,0.033,0.033
2140,32Nvl_L1_NS,32NVL_NS,0.101,0.101
2140,NvcMt_L2_EW,NVCMT_EW,0.008,0.008
2140,NvcCmt8_L1_EW,NVCCMT8_EW,0.008,0.003
2145,304Nvl_L1_EW,304NVL_EW,0.025,0.025
2145,304Nvl_L2_EW,304NVL_EW,0.015,0.015
2145,32Nvl_L3_NS,NONE,0.034,0.0
2145,32Nvl_L1_NS,32NVL_NS,0.035,0.035
2145,32Nvl_L3_NS,NONE,0.1,0.0
2145,32Nvl_L2_NS,32NVL_NS,0.095,0.095
2145,NvcNvl_L3_NS,NONE,0.014,0.0
2145,NvcNvl_L2_NS,NONE,0.013,0.0
2145,32Mt_L1_NS,NONE,0.049,0.0
2145,32Thn_L1_EW,32THN_EW,0.008,0.008
2145,304Nvl_L3_EW,NONE,0.013,0.0
2145,32Nvl_L2_NS,32NVL_NS,0.033,0.033
2145,32Nvl_L1_NS,32NVL_NS,0.087,0.087
2145,NvcNvl_L1_NS,NONE,0.017,0.0
2145,32Mt_L2_NS,NONE,0.043,0.0
2150,304Nvl_L1_EW,304NVL_EW,0.008,0.008
2150,NvcNvl_L1_EW,NVCNVL_EW,0.035,0.035
2150,NvcNvl_L2_EW,NVCNVL_EW,0.039,0.039
2150,32Mt_L1_EW,NONE,0.014,0.0
2150,32Mt_L3_EW,NONE,0.018,0.0
2150,32Mt_L1_NS,NONE,0.049,0.0
2150,NvcMt_L1_NS,NVCMT_NS,0.007,0.007
2150,32Thn_L1_EW,32THN_EW,0.008,0.008
2150,32Thn_L2_EW,32THN_EW,0.008,0.008
2150,32Thn_L3_EW,NONE,0.008,0.0
2150,NvcNvl_L3_EW,NONE,0.047,0.0
2150,32Mt_L2_EW,NONE,0.015,0.0
2150,32Mt_L2_NS,NONE,0.043,0.0
2150,NvcMt_L2_NS,NVCMT_NS,0.005,0.005
2155,304Thn_L1_EW,NONE,0.007,0.0
2155,304Thn_L2_EW,NONE,0.008,0.0
2155,32Nvl_L1_NS,32NVL_NS,0.007,0.007
2155,32Nvl_L3_NS,NONE,0.008,0.0
2155,32Nvl_L2_NS,32NVL_NS,0.008,0.008
2155,NvcNvl_L1_EW,NVCNVL_EW,0.042,0.042
2155,NvcNvl_L2_EW,NVCNVL_EW,0.047,0.047
2155,32Mt_L1_NS,32MT_NS,0.006,0.006
2155,32Mt_L1_EW,NONE,0.036,0.0
2155,32Thn_L1_EW,32THN_EW,0.008,0.008
2155,32Thn_L2_EW,32THN_EW,0.008,0.008
2155,32Thn_L3_EW,NONE,0.008,0.0
2155,32Nvl_L1_NS,32NVL_NS,0.074,0.074
2155,NvcNvl_L3_EW,NONE,0.056,0.0
2155,32Mt_L2_NS,32MT_NS,0.006,0.006
2155,304Thn_L3_EW,NONE,0.008,0.0
2160,304Thn_L1_EW,304THN_EW,0.008,-0.004
2160,304Nvl_L1_NS,304NVL_NS,0.009,-0.054
2160,304Nvl_L1_EW,304NVL_EW,0.017,0.011
2160,304Nvl_L2_EW,304NVL_EW,0.007,0.007
2160,32Nvl_L1_NS,32NVL_NS,0.09,0.084
2160,32Nvl_L3_NS,NONE,0.15,0.0
2160,32Nvl_L2_NS,32NVL_NS,0.142,0.142
2160,NvcNvl_L1_EW,NVCNVL_EW,0.042,0.042
2160,NvcNvl_L2_EW,NVCNVL_EW,0.047,0.047
2160,32Mt_L1_EW,NONE,0.043,0.0
2160,32Mt_L3_EW,NONE,0.009,0.0
2160,32Mt_L1_EW,32MT_EW,0.014,0.014
2160,32Mt_L1_NS,NONE,0.01,0.0
2160,NvcCmt8_L2_EW,NVCCMT8_EW,0.005,0.005
2160,32Thn_L1_EW,32THN_EW,0.008,0.008
2160,32Thn_L2_EW,32THN_EW,0.008,0.008
2160,32Thn_L3_EW,NONE,0.008,0.0
2160,304Nvl_L3_EW,NONE,0.006,0.0
2160,32Nvl_L1_NS,32NVL_NS,0.154,0.148
2160,NvcNvl_L3_EW,NONE,0.056,0.0
2160,32Mt_L2_EW,NONE,0.008,0.0
2160,NvcCmt8_L1_EW,NVCCMT8_EW,0.008,0.008
2165,304Nvl_L1_NS,304NVL_NS,0.009,-0.049
2165,32Nvl_L1_NS,32NVL_NS,0.083,0.077
2165,32Nvl_L3_NS,NONE,0.05,0.0
2165,32Nvl_L2_NS,32NVL_NS,0.047,0.047
2165,NvcNvl_L1_EW,NVCNVL_EW,0.042,0.042
2165,NvcNvl_L2_EW,NVCNVL_EW,0.047,0.047
2165,32Mt_L1_EW,32MT_EW,0.105,0.105
2165,32Mt_L1_NS,NONE,0.01,0.0
2165,NvcCmt8_L2_EW,NVCCMT8_EW,0.005,0.005
2165,NvcCmt8_L2_NS,NONE,0.011,0.0
2165,32Thn_L1_EW,NONE,0.01,0.0
2165,NvcCmt8_L1_NS,NONE,0.008,0.0
2165,32Nvl_L1_NS,32NVL_NS,0.04,0.034
2165,NvcNvl_L3_EW,NONE,0.056,0.0
2165,32Mt_L2_EW,32MT_EW,0.076,0.076
2165,NvcCmt8_L1_EW,NVCCMT8_EW,0.008,0.008
2170,304Nvl_L1_NS,304NVL_NS,0.063,0.063
2170,304Nvl_L3_NS,NONE,0.037,0.0
2170,32Nvl_L1_EW,32NVL_EW,0.034,0.024
2170,32Nvl_L3_NS,NONE,0.008,0.0
2170,32Nvl_L2_NS,32NVL_NS,0.008,-0.019
2170,NvcNvl_L1_EW,NVCNVL_EW,0.042,0.042
2170,NvcNvl_L2_EW,NVCNVL_EW,0.047,0.047
2170,32Mt_L1_EW,NONE,0.007,0.0
2170,32Mt_L3_EW,NONE,0.009,0.0
2170,32Mt_L1_EW,32MT_EW,0.014,0.014
2170,32Mt_L1_NS,NONE,0.01,0.0
2170,NvcCmt8_L2_EW,NVCCMT8_EW,0.005,0.005
2170,32Thn_L1_EW,NONE,0.01,0.0
2170,304Nvl_L2_NS,304NVL_NS,0.038,0.032
2170,32Nvl_L1_NS,32NVL_NS,0.007,-0.038
2170,NvcNvl_L3_EW,NONE,0.056,0.0
2170,32Mt_L2_EW,NONE,0.008,0.0
2170,32Mt_L2_EW,32MT_EW,0.005,0.005
2170,32Mt_L2_NS,NONE,0.009,0.0
2170,NvcCmt8_L1_EW,NVCCMT8_EW,0.008,0.008
2175,304Nvl_L1_NS,304NVL_NS,0.054,0.054
2175,304Nvl_L3_NS,NONE,0.037,0.0
2175,304Nvl_L1_EW,304NVL_EW,0.008,0.008
2175,304Nvl_L2_EW,304NVL_EW,0.007,0.007
2175,32Nvl_L1_EW,32NVL_EW,0.007,0.007
2175,32Nvl_L2_EW,32NVL_EW,0.008,0.008
2175,32Nvl_L3_NS,NONE,0.008,0.0
2175,32Nvl_L2_NS,32NVL_NS,0.008,-0.019
2175,NvcNvl_L3_NS,NONE,0.014,0.0
2175,NvcNvl_L2_NS,NONE,0.013,0.0
2175,NvcNvl_L1_EW,NVCNVL_EW,0.049,0.049
2175,NvcNvl_L2_EW,NVCNVL_EW,0.055,0.055
2175,32Mt_L1_NS,32MT_NS,0.088,0.088
2175,32Mt_L1_NS,NONE,0.01,0.0
2175,NvcCmt8_L2_EW,NVCCMT8_EW,0.005,0.005
2175,304Nvl_L2_NS,304NVL_NS,0.038,0.032
2175,304Nvl_L3_EW,NONE,0.006,0.0
2175,32Nvl_L3_EW,NONE,0.006,0.0
2175,32Nvl_L1_NS,32NVL_NS,0.007,-0.031
2175,NvcNvl_L1_NS,NONE,0.017,0.0
2175,NvcNvl_L3_EW,NONE,0.065,0.0
2175,32Mt_L2_NS,32MT_NS,0.006,0.006
2175,32Mt_L2_NS,NONE,0.009,0.0
2175,NvcCmt8_L1_EW,NVCCMT8_EW,0.008,0.008
2180,304Nvl_L1_NS,304NVL_NS,0.054,0.049
2180,304Nvl_L3_NS,NONE,0.037,0.0
2180,32Nvl_L1_NS,32NVL_NS,0.007,-0.031
2180,32Nvl_L1_EW,32NVL_EW,0.007,0.001
2180,32Nvl_L2_EW,32NVL_EW,0.008,0.002
2180,32Nvl_L3_NS,NONE,0.008,0.0
2180,32Nvl_L2_NS,32NVL_NS,0.008,-0.024
2180,NvcNvl_L1_EW,NVCNVL_EW,0.049,0.049
2180,NvcNvl_L2_EW,NVCNVL_EW,0.055,0.055
2180,32Mt_L1_NS,32MT_NS,0.094,0.094
2180,32Mt_L1_EW,NONE,0.007,0.0
2180,32Mt_L3_EW,NONE,0.009,0.0
2180,32Thn_L1_EW,32THN_EW,0.008,0.003
2180,32Thn_L2_EW,32THN_EW,0.008,0.003
2180,32Thn_L3_EW,NONE,0.008,0.0
2180,304Nvl_L2_NS,304NVL_NS,0.046,0.04
2180,32Nvl_L3_EW,NONE,0.006,0.0
2180,32Nvl_L1_NS,32NVL_NS,0.007,-0.031
2180,NvcNvl_L3_EW,NONE,0.065,0.0
2180,32Mt_L2_NS,32MT_NS,0.006,0.006
2180,32Mt_L2_EW,NONE,0.008,0.0
2180,NvcCmt8_L1_EW,NONE,0.006,0.0
2185,304Nvl_L1_NS,304NVL_NS,0.154,0.154
2185,304Nvl_L3_NS,NONE,0.125,0.0
2185,304Nvl_L1_NS,NONE,0.015,0.0
2185,304Nvl_L3_NS,NONE,0.008,0.0
2185,32Nvl_L1_EW,32NVL_EW,0.007,0.007
2185,32Nvl_L2_EW,32NVL_EW,0.008,0.008
2185,NvcNvl_L1_EW,NONE,0.011,0.0
2185,NvcNvl_L2_EW,NONE,0.008,0.0
2185,NvcNvl_L1_EW,NVCNVL_EW,0.049,0.045
2185,NvcNvl_L2_EW,NVCNVL_EW,0.055,0.055
2185,32Mt_L1_NS,32MT_NS,0.088,0.088
2185,32Mt_L1_EW,NONE,0.022,0.0
2185,32Mt_L3_EW,NONE,0.018,0.0
2185,NvcMt_L1_EW,NVCMT_EW,0.006,-0.028
2185,32Thn_L1_EW,NONE,0.01,0.0
2185,304Nvl_L2_NS,304NVL_NS,0.129,0.129
2185,304Nvl_L2_NS,NONE,0.007,0.0
2185,32Nvl_L3_EW,NONE,0.006,0.0
2185,NvcNvl_L3_EW,NONE,0.065,0.0
2185,32Mt_L2_NS,32MT_NS,0.006,0.006
2185,32Mt_L2_EW,NONE,0.015,0.0
2185,NvcMt_L2_EW,NVCMT_EW,0.008,-0.03
2190,304Nvl_L1_NS,304NVL_NS,0.154,0.154
2190,304Nvl_L3_NS,NONE,0.125,0.0
2190,32Nvl_L1_EW,32NVL_EW,0.007,0.002
2190,32Nvl_L2_EW,32NVL_EW,0.008,0.004
2190,NvcNvl_L1_EW,NVCNVL_EW,0.007,0.003
2190,NvcNvl_L2_EW,NVCNVL_EW,0.008,0.008
2190,32Mt_L1_NS,32MT_NS,0.006,0.006
2190,32Mt_L1_EW,32MT_EW,0.007,0.002
2190,NvcMt_L1_EW,NVCMT_EW,0.006,0.001
2190,32Thn_L1_EW,NONE,0.01,0.0
2190,304Nvl_L2_NS,304NVL_NS,0.129,0.129
2190,32Nvl_L3_EW,NONE,0.006,0.0
2190,32Nvl_L1_NS,32NVL_NS,0.007,-0.101
2190,NvcNvl_L3_EW,NONE,0.009,0.0
2190,32Mt_L2_EW,32MT_EW,0.005,0.0
2190,NvcMt_L2_EW,NVCMT_EW,0.008,0.002
2195,304Nvl_L1_NS,304NVL_NS,0.154,0.154
2195,304Nvl_L3_NS,NONE,0.125,0.0
2195,304Nvl_L1_EW,304NVL_EW,0.008,0.008
2195,32Nvl_L1_EW,32NVL_EW,0.007,0.002
2195,32Nvl_L2_EW,32NVL_EW,0.008,0.004
2195,32Nvl_L2_NS,32NVL_NS,0.095,0.004
2195,NvcNvl_L3_NS,NONE,0.007,0.0
2195,NvcNvl_L2_NS,NONE,0.007,0.0
2195,32Mt_L1_NS,32MT_NS,0.006,0.006
2195,32Mt_L1_EW,32MT_EW,0.007,0.002
2195,32Mt_L1_NS,NONE,0.01,0.0
2195,NvcMt_L2_EW,NVCMT_EW,0.003,0.003
2195,304Nvl_L2_NS,304NVL_NS,0.129,0.063
2195,32Nvl_L3_EW,NONE,0.006,0.0
2195,32Nvl_L1_NS,32NVL_NS,0.081,-0.027
2195,NvcNvl_L1_NS,NONE,0.009,0.0
2195,32Mt_L2_EW,32MT_EW,0.005,0.0
2195,NvcMt_L1_EW,NVCMT_EW,0.006,0.006
2200,304Nvl_L1_NS,304NVL_NS,0.154,0.154
2200,304Nvl_L3_NS,NONE,0.125,0.0
2200,32Nvl_L1_EW,32NVL_EW,0.007,0.007
2200,32Nvl_L2_EW,32NVL_EW,0.008,0.008
2200,32Nvl_L3_NS,NONE,0.1,0.0
2200,32Nvl_L2_NS,32NVL_NS,0.095,0.004
2200,NvcNvl_L3_NS,NONE,0.095,0.0
2200,NvcNvl_L2_NS,NONE,0.092,0.0
2200,32Mt_L1_NS,32MT_NS,0.006,0.006
2200,32Mt_L1_EW,NONE,0.007,0.0
2200,304Nvl_L2_NS,304NVL_NS,0.129,0.063
2200,32Nvl_L3_EW,NONE,0.006,0.0
2200,32Nvl_L1_NS,32NVL_NS,0.081,-0.027
2200,NvcNvl_L1_NS,NONE,0.122,0.0
2205,304Nvl_L1_NS,304NVL_NS,0.154,0.154
2205,304Nvl_L3_NS,NONE,0.125,0.0
2205,304Nvl_L1_NS,NONE,0.088,0.0
2205,304Nvl_L3_NS,NONE,0.096,0.0
2205,32Nvl_L1_EW,32NVL_EW,0.007,0.007
2205,32Nvl_L2_EW,32NVL_EW,0.008,0.008
2205,32Nvl_L3_NS,NONE,0.008,0.0
2205,32Nvl_L2_NS,32NVL_NS,0.008,-0.082
2205,NvcNvl_L1_EW,NVCNVL_EW,0.007,0.007
2205,NvcNvl_L2_EW,NVCNVL_EW,0.008,0.008
2205,32Mt_L1_NS,32MT_NS,0.006,0.006
2205,304Nvl_L2_NS,304NVL_NS,0.129,0.123
2205,304Nvl_L2_NS,NONE,0.089,0.0
2205,32Nvl_L3_EW,NONE,0.006,0.0
2205,32Nvl_L1_NS,32NVL_NS,0.007,-0.101
2205,NvcNvl_L3_EW,NONE,0.009,0.0
2210,304Nvl_L1_NS,304NVL_NS,0.154,0.149
2210,304Nvl_L3_NS,NONE,0.125,0.0
2210,304Nvl_L1_EW,304NVL_EW,0.042,0.042
2210,304Nvl_L2_EW,304NVL_EW,0.036,0.036
2210,304Nvl_L1_NS,NONE,0.095,0.0
2210,304Nvl_L3_NS,NONE,0.104,0.0
2210,32Nvl_L1_NS,32NVL_NS,0.007,-0.105
2210,32Nvl_L1_EW,32NVL_EW,0.007,0.007
2210,32Nvl_L2_EW,32NVL_EW,0.008,0.008
2210,NvcNvl_L1_EW,NVCNVL_EW,0.007,0.007
2210,NvcNvl_L1_NS,NVCNVL_NS,0.007,0.002
2210,304Nvl_L2_NS,304NVL_NS,0.129,0.129
2210,304Nvl_L3_EW,NONE,0.032,0.0
2210,304Nvl_L2_NS,NONE,0.096,0.0
2210,32Nvl_L2_NS,32NVL_NS,0.007,-0.084
2210,32Nvl_L3_EW,NONE,0.006,0.0
2215,304Nvl_L1_NS,304NVL_NS,0.154,0.154
2215,304Nvl_L3_NS,NONE,0.125,0.0
2215,32Nvl_L1_EW,32NVL_EW,0.014,-0.044
2215,32Nvl_L2_EW,32NVL_EW,0.015,-0.03
2215,NvcNvl_L3_NS,NONE,0.007,0.0
2215,NvcNvl_L2_NS,NONE,0.007,0.0
2215,NvcNvl_L1_EW,NONE,0.021,0.0
2215,NvcNvl_L2_EW,NONE,0.015,0.0
2215,NvcNvl_L1_EW,NVCNVL_EW,0.084,0.08
2215,NvcNvl_L1_NS,NVCNVL_NS,0.007,0.007
2215,32Mt_L1_EW,32MT_EW,0.084,0.074
2215,NvcMt_L1_EW,NVCMT_EW,0.006,-0.053
2215,304Nvl_L2_NS,304NVL_NS,0.129,0.129
2215,32Nvl_L3_EW,NONE,0.013,0.0
2215,32Nvl_L1_NS,32NVL_NS,0.007,-0.106
2215,NvcNvl_L1_NS,NONE,0.009,0.0
2215,NvcNvl_L3_EW,NONE,0.006,0.0
2215,32Mt_L2_EW,32MT_EW,0.065,0.054
2215,NvcMt_L2_EW,NVCMT_EW,0.008,0.008
2220,304Nvl_L1_NS,304NVL_NS,0.154,0.154
2220,304Nvl_L3_NS,NONE,0.125,0.0
2220,32Nvl_L1_EW,32NVL_EW,0.007,-0.056
2220,32Nvl_L2_EW,32NVL_EW,0.008,-0.042
2220,32Nvl_L1_EW,32NVL_EW,0.007,-0.057
2220,32Nvl_L2_EW,32NVL_EW,0.007,-0.042
2220,NvcNvl_L3_NS,NONE,0.007,0.0
2220,NvcNvl_L2_NS,NONE,0.04,0.0
2220,NvcNvl_L1_EW,NVCNVL_EW,0.084,0.084
2220,32Mt_L1_EW,32MT_EW,0.091,0.086
2220,32Mt_L1_NS,NONE,0.01,0.0
2220,NvcMt_L2_NS,NONE,0.032,0.0
2220,304Nvl_L2_NS,304NVL_NS,0.129,0.129
2220,32Nvl_L3_EW,NONE,0.006,0.0
2220,32Nvl_L3_EW,NONE,0.006,0.0
2220,NvcNvl_L1_NS,NONE,0.052,0.0
2220,32Mt_L2_EW,32MT_EW,0.071,0.065
2220,32Mt_L2_NS,NONE,0.009,0.0
2220,NvcMt_L1_NS,NONE,0.033,0.0
2225,304Nvl_L1_NS,304NVL_NS,0.154,0.154
2225,304Nvl_L3_NS,NONE,0.125,0.0
2225,304Nvl_L1_EW,304NVL_EW,0.195,0.195
2225,304Nvl_L2_EW,304NVL_EW,0.044,0.044
2225,32Nvl_L1_EW,32NVL_EW,0.007,0.007
2225,32Nvl_L2_EW,32NVL_EW,0.008,0.008
2225,32Nvl_L1_EW,32NVL_EW,0.007,0.007
2225,32Nvl_L2_EW,32NVL_EW,0.007,0.007
2225,NvcNvl_L3_NS,NONE,0.048,0.0
2225,NvcNvl_L2_NS,NONE,0.046,0.0
2225,32Mt_L1_EW,NONE,0.043,0.0
2225,32Mt_L3_EW,NONE,0.044,0.0
2225,NvcMt_L2_NS,NONE,0.026,0.0
2225,32Thn_L1_EW,NONE,0.049,0.0
2225,32Thn_L2_EW,NONE,0.051,0.0
2225,32Thn_L3_EW,NONE,0.035,0.0
2225,304Nvl_L2_NS,304NVL_NS,0.129,0.129
2225,304Nvl_L3_EW,NONE,0.038,0.0
2225,32Nvl_L3_EW,NONE,0.006,0.0
2225,32Nvl_L3_EW,NONE,0.006,0.0
2225,32Nvl_L1_NS,32NVL_NS,0.007,-0.101
2225,NvcNvl_L1_NS,NONE,0.061,0.0
2225,32Mt_L2_EW,NONE,0.038,0.0
2225,NvcMt_L1_NS,NONE,0.027,0.0
2230,304Nvl_L1_NS,304NVL_NS,0.154,0.154
2230,304Nvl_L3_NS,NONE,0.125,0.0
2230,32Nvl_L1_EW,32NVL_EW,0.007,-0.021
2230,32Nvl_L2_EW,32NVL_EW,0.008,0.008
2230,32Nvl_L1_EW,32NVL_EW,0.007,-0.021
2230,32Nvl_L2_EW,32NVL_EW,0.007,0.007
2230,32Nvl_L3_NS,NONE,0.109,0.0
2230,32Nvl_L2_NS,32NVL_NS,0.103,0.012
2230,NvcNvl_L1_EW,NONE,0.011,0.0
2230,NvcNvl_L2_EW,NONE,0.008,0.0
2230,NvcNvl_L1_EW,NVCNVL_EW,0.007,0.007
2230,32Mt_L1_NS,32MT_NS,0.075,0.075
2230,32Mt_L1_NS,NONE,0.049,0.0
2230,32Thn_L1_EW,32THN_EW,0.04,0.035
2230,304Nvl_L2_NS,304NVL_NS,0.129,0.057
2230,32Nvl_L3_EW,NONE,0.006,0.0
2230,32Nvl_L3_EW,NONE,0.006,0.0
2230,32Nvl_L1_NS,32NVL_NS,0.087,-0.02
2230,32Mt_L2_NS,NONE,0.043,0.0
2235,304Nvl_L1_NS,304NVL_NS,0.154,0.154
2235,304Nvl_L3_NS,NONE,0.125,0.0
2235,304Nvl_L1_EW,304NVL_EW,0.042,0.042
2235,32Nvl_L1_EW,32NVL_EW,0.007,-0.017
2235,32Nvl_L2_EW,32NVL_EW,0.008,-0.011
2235,32Nvl_L1_EW,32NVL_EW,0.007,-0.018
2235,32Nvl_L2_EW,32NVL_EW,0.007,-0.012
2235,32Mt_L1_NS,32MT_NS,0.075,0.075
2235,32Mt_L1_EW,32MT_EW,0.035,0.03
2235,304Nvl_L2_NS,304NVL_NS,0.129,0.129
2235,32Nvl_L3_EW,NONE,0.006,0.0
2235,32Nvl_L3_EW,NONE,0.006,0.0
2235,32Mt_L2_EW,32MT_EW,0.027,0.022
2240,304Nvl_L1_NS,304NVL_NS,0.163,0.163
2240,304Nvl_L3_NS,NONE,0.125,0.0
2240,304Nvl_L1_EW,304NVL_EW,0.042,0.042
2240,304Nvl_L2_EW,304NVL_EW,0.036,0.036
2240,32Nvl_L1_EW,32NVL_EW,0.007,-0.023
2240,32Nvl_L2_EW,32NVL_EW,0.007,-0.017
2240,32Mt_L1_NS,32MT_NS,0.075,0.075
2240,32Mt_L1_EW,32MT_EW,0.035,0.035
2240,32Thn_L1_EW,32THN_EW,0.008,0.008
2240,32Thn_L2_EW,32THN_EW,0.008,0.008
2240,32Thn_L3_EW,NONE,0.008,0.0
2240,304Nvl_L2_NS,304NVL_NS,0.129,0.129
2240,304Nvl_L3_EW,NONE,0.032,0.0
2240,32Nvl_L3_EW,NONE,0.006,0.0
2240,32Nvl_L1_NS,32NVL_NS,0.007,-0.107
2240,32Mt_L2_EW,32MT_EW,0.027,0.027
2245,304Nvl_L1_NS,304NVL_NS,0.118,0.118
2245,304Nvl_L3_NS,NONE,0.089,0.0
2245,304Nvl_L1_EW,304NVL_EW,0.042,0.042
2245,304Nvl_L2_EW,304NVL_EW,0.036,0.036
2245,32Nvl_L1_EW,32NVL_EW,0.007,0.001
2245,32Nvl_L2_EW,32NVL_EW,0.007,0.002
2245,32Nvl_L3_NS,NONE,0.05,0.0
2245,32Nvl_L2_NS,32NVL_NS,0.047,-0.016
2245,NvcNvl_L1_EW,NONE,0.053,0.0
2245,NvcNvl_L2_EW,NONE,0.038,0.0
2245,NvcMt_L2_NS,NONE,0.026,0.0
2245,32Thn_L1_EW,32THN_EW,0.008,0.008
2245,32Thn_L2_EW,32THN_EW,0.008,0.008
2245,304Nvl_L2_NS,304NVL_NS,0.091,0.058
2245,304Nvl_L3_EW,NONE,0.032,0.0
2245,32Nvl_L3_EW,NONE,0.006,0.0
2245,32Nvl_L1_NS,32NVL_NS,0.047,-0.035
2245,NvcNvl_L3_EW,NONE,0.032,0.0
2245,NvcMt_L1_NS,NONE,0.027,0.0
2250,304Nvl_L1_NS,304NVL_NS,0.009,0.004
2250,304Nvl_L1_EW,304NVL_EW,0.051,0.051
2250,304Nvl_L2_EW,304NVL_EW,0.044,0.044
2250,32Nvl_L1_NS,32NVL_NS,0.007,0.001
2250,32Nvl_L1_EW,32NVL_EW,0.042,0.038
2250,32Nvl_L2_EW,32NVL_EW,0.046,0.043
2250,32Nvl_L1_EW,32NVL_EW,0.007,0.002
2250,32Nvl_L2_EW,32NVL_EW,0.007,0.004
2250,32Nvl_L3_NS,NONE,0.025,0.0
2250,32Nvl_L2_NS,32NVL_NS,0.024,0.024
2250,NvcNvl_L3_NS,NONE,0.007,0.0
2250,NvcNvl_L2_NS,NONE,0.007,0.0
2250,32Mt_L1_NS,32MT_NS,0.006,0.006
2250,32Mt_L1_EW,32MT_EW,0.007,-0.023
2250,NvcMt_L2_NS,NONE,0.053,0.0
2250,32Thn_L1_EW,NONE,0.01,0.0
2250,304Nvl_L3_EW,NONE,0.038,0.0
2250,32Nvl_L3_EW,NONE,0.006,0.0
2250,32Nvl_L3_EW,NONE,0.031,0.0
2250,32Nvl_L1_NS,32NVL_NS,0.027,0.021
2250,NvcNvl_L1_NS,NONE,0.009,0.0
2250,32Mt_L2_NS,32MT_NS,0.006,0.006
2250,32Mt_L2_EW,32MT_EW,0.005,-0.027
2250,NvcMt_L1_NS,NONE,0.055,0.0
2255,304Nvl_L1_NS,304NVL_NS,0.009,0.004
2255,304Nvl_L3_NS,NONE,0.007,0.0
2255,304Nvl_L1_EW,304NVL_EW,0.051,0.051
2255,304Nvl_L2_EW,304NVL_EW,0.044,0.044
2255,32Nvl_L1_NS,32NVL_NS,0.007,0.001
2255,32Nvl_L1_EW,32NVL_EW,0.064,0.059
2255,32Nvl_L2_EW,32NVL_EW,0.07,0.066
2255,32Nvl_L1_EW,32NVL_EW,0.007,0.002
2255,32Nvl_L2_EW,32NVL_EW,0.007,0.004
2255,32Nvl_L3_NS,NONE,0.033,0.0
2255,32Nvl_L2_NS,32NVL_NS,0.032,0.026
2255,NvcNvl_L1_EW,NVCNVL_EW,0.035,0.035
2255,32Mt_L1_EW,NONE,0.007,0.0
2255,32Mt_L3_EW,NONE,0.009,0.0
2255,32Mt_L1_EW,32MT_EW,0.007,-0.038
2255,NvcMt_L2_NS,NONE,0.005,0.0
2255,304Nvl_L2_NS,304NVL_NS,0.008,-0.015
2255,304Nvl_L3_EW,NONE,0.038,0.0
2255,32Nvl_L3_EW,NONE,0.006,0.0
2255,32Nvl_L3_EW,NONE,0.05,0.0
2255,32Nvl_L1_NS,32NVL_NS,0.034,0.027
2255,32Mt_L2_EW,NONE,0.008,0.0
2255,32Mt_L2_EW,32MT_EW,0.005,-0.043
2255,NvcMt_L1_NS,NONE,0.005,0.0
2260,304Nvl_L1_EW,304NVL_EW,0.068,0.068
2260,304Nvl_L2_EW,304NVL_EW,0.058,0.058
2260,304Nvl_L1_NS,NONE,0.036,0.0
2260,32Nvl_L1_NS,32NVL_NS,0.035,0.035
2260,32Nvl_L1_EW,32NVL_EW,0.057,0.052
2260,32Nvl_L2_EW,32NVL_EW,0.062,0.058
2260,32Nvl_L1_EW,32NVL_EW,0.007,0.002
2260,32Nvl_L2_EW,32NVL_EW,0.007,0.004
2260,32Nvl_L3_NS,NONE,0.008,0.0
2260,32Nvl_L2_NS,32NVL_NS,0.008,0.008
2260,NvcNvl_L1_EW,NONE,0.011,0.0
2260,NvcNvl_L2_EW,NONE,0.008,0.0
2260,NvcNvl_L1_EW,NVCNVL_EW,0.014,0.014
2260,NvcNvl_L2_EW,NVCNVL_EW,0.008,0.008
2260,32Mt_L1_EW,NONE,0.086,0.0
2260,32Mt_L3_EW,NONE,0.106,0.0
2260,32Mt_L1_EW,32MT_EW,0.007,-0.033
2260,32Mt_L1_NS,NONE,0.01,0.0
2260,304Nvl_L3_EW,NONE,0.051,0.0
2260,32Nvl_L3_EW,NONE,0.006,0.0
2260,32Nvl_L3_EW,NONE,0.05,0.0
2260,32Nvl_L1_NS,32NVL_NS,0.013,0.013
2260,NvcNvl_L3_EW,NONE,0.006,0.0
2260,NvcNvl_L3_EW,NONE,0.009,0.0
2260,32Mt_L2_EW,NONE,0.09,0.0
2260,32Mt_L2_EW,32MT_EW,0.005,-0.038
2260,32Mt_L2_NS,NONE,0.009,0.0
2265,304Nvl_L1_EW,304NVL_EW,0.076,0.076
2265,304Nvl_L2_EW,304NVL_EW,0.065,0.065
2265,32Nvl_L1_EW,32NVL_EW,0.035,0.026
2265,32Nvl_L2_EW,32NVL_EW,0.039,0.031
2265,32Nvl_L1_EW,32NVL_EW,0.013,0.004
2265,32Nvl_L2_EW,32NVL_EW,0.007,0.0
2265,NvcNvl_L3_NS,NONE,0.048,0.0
2265,NvcNvl_L2_NS,NONE,0.046,0.0
2265,32Mt_L1_EW,NONE,0.115,0.0
2265,32Mt_L3_EW,NONE,0.133,0.0
2265,32Mt_L1_EW,32MT_EW,0.014,-0.011
2265,32Mt_L1_NS,NONE,0.01,0.0
2265,304Nvl_L3_EW,NONE,0.057,0.0
2265,32Nvl_L3_EW,NONE,0.006,0.0
2265,32Nvl_L3_EW,NONE,0.031,0.0
2265,32Nvl_L1_NS,32NVL_NS,0.007,0.007
2265,NvcNvl_L1_NS,NONE,0.061,0.0
2265,32Mt_L2_EW,NONE,0.113,0.0
2265,32Mt_L2_EW,32MT_EW,0.011,-0.016
2265,32Mt_L2_NS,NONE,0.009,0.0
2270,304Nvl_L1_EW,304NVL_EW,0.076,0.076
2270,304Nvl_L2_EW,304NVL_EW,0.065,0.065
2270,304Nvl_L1_NS,NONE,0.007,0.0
2270,32Nvl_L1_EW,32NVL_EW,0.035,0.021
2270,32Nvl_L2_EW,32NVL_EW,0.039,0.027
2270,32Nvl_L1_EW,32NVL_EW,0.02,0.005
2270,32Nvl_L2_EW,32NVL_EW,0.007,-0.004
2270,32Nvl_L3_NS,NONE,0.042,0.0
2270,32Nvl_L2_NS,32NVL_NS,0.039,0.039
2270,NvcNvl_L3_NS,NONE,0.027,0.0
2270,NvcNvl_L2_NS,NONE,0.026,0.0
2270,NvcNvl_L1_EW,NONE,0.011,0.0
2270,NvcNvl_L2_EW,NONE,0.008,0.0
2270,NvcNvl_L1_EW,NVCNVL_EW,0.007,0.003
2270,32Mt_L1_EW,NONE,0.022,0.0
2270,32Mt_L3_EW,NONE,0.018,0.0
2270,32Mt_L1_EW,32MT_EW,0.021,-0.004
2270,NvcMt_L2_NS,NONE,0.005,0.0
2270,NvcMt_L1_EW,NVCMT_EW,0.006,0.001
2270,304Nvl_L3_EW,NONE,0.057,0.0
2270,32Nvl_L3_EW,NONE,0.006,0.0
2270,32Nvl_L3_EW,NONE,0.031,0.0
2270,32Nvl_L1_NS,32NVL_NS,0.04,0.04
2270,NvcNvl_L1_NS,NONE,0.035,0.0
2270,32Mt_L2_EW,NONE,0.015,0.0
2270,32Mt_L2_EW,32MT_EW,0.016,-0.011
2270,NvcMt_L1_NS,NONE,0.005,0.0
2270,NvcMt_L2_EW,NVCMT_EW,0.008,0.008
2275,304Nvl_L1_NS,304NVL_NS,0.009,0.004
2275,304Nvl_L3_NS,NONE,0.007,0.0
2275,304Nvl_L1_EW,304NVL_EW,0.085,0.085
2275,304Nvl_L2_EW,304NVL_EW,0.073,0.073
2275,32Nvl_L1_NS,32NVL_NS,0.007,0.001
2275,32Nvl_L1_EW,32NVL_EW,0.035,0.021
2275,32Nvl_L2_EW,32NVL_EW,0.039,0.027
2275,32Nvl_L1_EW,32NVL_EW,0.013,-0.001
2275,32Nvl_L2_EW,32NVL_EW,0.007,-0.004
2275,NvcNvl_L3_NS,NONE,0.007,0.0
2275,NvcNvl_L2_NS,NONE,0.007,0.0
2275,NvcNvl_L1_EW,NONE,0.011,0.0
2275,NvcNvl_L2_EW,NONE,0.008,0.0
2275,32Mt_L1_EW,NONE,0.014,0.0
2275,32Mt_L3_EW,NONE,0.009,0.0
2275,32Mt_L1_EW,32MT_EW,0.021,-0.004
2275,304Nvl_L2_NS,304NVL_NS,0.008,0.008
2275,304Nvl_L3_EW,NONE,0.063,0.0
2275,32Nvl_L3_EW,NONE,0.006,0.0
2275,32Nvl_L3_EW,NONE,0.031,0.0
2275,NvcNvl_L1_NS,NONE,0.009,0.0
2275,32Mt_L2_EW,NONE,0.008,0.0
2275,32Mt_L2_EW,32MT_EW,0.016,-0.011
2275,NvcMt_L2_EW,NVCMT_EW,0.04,0.04
2280,304Nvl_L1_EW,304NVL_EW,0.076,0.076
2280,304Nvl_L2_EW,304NVL_EW,0.065,0.065
2280,32Nvl_L1_NS,32NVL_NS,0.035,0.035
2280,32Nvl_L1_EW,32NVL_EW,0.035,0.011
2280,32Nvl_L2_EW,32NVL_EW,0.039,0.023
2280,32Nvl_L1_EW,32NVL_EW,0.007,-0.018
2280,32Nvl_L2_EW,32NVL_EW,0.007,-0.008
2280,NvcNvl_L1_EW,NONE,0.021,0.0
2280,NvcNvl_L2_EW,NONE,0.015,0.0
2280,NvcNvl_L1_EW,NVCNVL_EW,0.014,0.014
2280,NvcNvl_L2_EW,NVCNVL_EW,0.008,0.008
2280,32Mt_L1_NS,32MT_NS,0.013,0.013
2280,32Mt_L1_EW,32MT_EW,0.035,0.01
2280,304Nvl_L3_EW,NONE,0.057,0.0
2280,32Nvl_L3_EW,NONE,0.006,0.0
2280,32Nvl_L3_EW,NONE,0.031,0.0
2280,NvcNvl_L3_EW,NONE,0.009,0.0
2280,32Mt_L2_NS,32MT_NS,0.006,0.006
2280,32Mt_L2_EW,32MT_EW,0.022,-0.005
2285,304Nvl_L1_EW,304NVL_EW,0.076,0.076
2285,304Nvl_L2_EW,304NVL_EW,0.065,0.065
2285,304Nvl_L1_NS,NONE,0.007,0.0
2285,304Nvl_L3_NS,NONE,0.008,0.0
2285,32Nvl_L1_NS,32NVL_NS,0.035,0.035
2285,32Nvl_L1_EW,32NVL_EW,0.035,0.011
2285,32Nvl_L2_EW,32NVL_EW,0.039,0.02
2285,32Nvl_L1_EW,32NVL_EW,0.007,-0.018
2285,32Nvl_L2_EW,32NVL_EW,0.007,-0.012
2285,32Mt_L1_NS,32MT_NS,0.006,0.006
2285,32Mt_L1_EW,NONE,0.086,0.0
2285,32Mt_L1_EW,32MT_EW,0.035,0.01
2285,32Mt_L1_NS,NONE,0.01,0.0
2285,304Nvl_L3_EW,NONE,0.057,0.0
2285,304Nvl_L2_NS,NONE,0.007,0.0
2285,32Nvl_L3_EW,NONE,0.006,0.0
2285,32Nvl_L3_EW,NONE,0.031,0.0
2285,32Mt_L2_EW,32MT_EW,0.027,0.0
2290,304Nvl_L1_NS,304NVL_NS,0.009,0.009
2290,304Nvl_L3_NS,NONE,0.007,0.0
2290,304Nvl_L1_EW,304NVL_EW,0.085,0.085
2290,304Nvl_L2_EW,304NVL_EW,0.073,0.073
2290,304Nvl_L1_NS,NONE,0.007,0.0
2290,32Nvl_L1_EW,32NVL_EW,0.035,0.006
2290,32Nvl_L2_EW,32NVL_EW,0.039,0.02
2290,32Nvl_L1_EW,32NVL_EW,0.007,-0.023
2290,32Nvl_L2_EW,32NVL_EW,0.007,-0.012
2290,32Mt_L1_NS,32MT_NS,0.006,0.006
2290,32Mt_L1_EW,NONE,0.094,0.0
2290,32Mt_L3_EW,NONE,0.009,0.0
2290,32Mt_L1_EW,32MT_EW,0.042,0.017
2290,32Mt_L1_NS,NONE,0.01,0.0
2290,NvcMt_L2_NS,NONE,0.005,0.0
2290,NvcMt_L2_EW,NVCMT_EW,0.003,0.003
2290,304Nvl_L2_NS,304NVL_NS,0.008,0.008
2290,304Nvl_L3_EW,NONE,0.063,0.0
2290,32Nvl_L3_EW,NONE,0.006,0.0
2290,32Nvl_L3_EW,NONE,0.031,0.0
2290,32Mt_L2_NS,32MT_NS,0.006,0.006
2290,32Mt_L2_EW,NONE,0.008,0.0
2290,32Mt_L2_EW,32MT_EW,0.027,0.0
2290,32Mt_L2_NS,NONE,0.009,0.0
2290,NvcMt_L1_NS,NONE,0.005,0.0
2290,NvcMt_L1_EW,NVCMT_EW,0.006,0.006
2295,304Nvl_L1_EW,304NVL_EW,0.135,0.135
2295,304Nvl_L2_EW,304NVL_EW,0.102,0.102
2295,304Nvl_L1_NS,NONE,0.044,0.0
2295,304Nvl_L3_NS,NONE,0.048,0.0
2295,32Nvl_L3_NS,NONE,0.041,0.0
2295,32Nvl_L1_NS,32NVL_NS,0.042,0.042
2295,32Nvl_L1_EW,32NVL_EW,0.035,0.006
2295,32Nvl_L2_EW,32NVL_EW,0.039,0.02
2295,32Nvl_L1_EW,32NVL_EW,0.007,-0.023
2295,32Nvl_L2_EW,32NVL_EW,0.007,-0.012
2295,NvcNvl_L3_NS,NONE,0.068,0.0
2295,NvcNvl_L2_NS,NONE,0.066,0.0
2295,NvcNvl_L1_EW,NONE,0.011,0.0
2295,NvcNvl_L2_EW,NONE,0.008,0.0
2295,32Mt_L1_EW,NONE,0.007,0.0
2295,32Mt_L1_EW,32MT_EW,0.042,0.017
2295,32Mt_L1_NS,NONE,0.049,0.0
2295,NvcMt_L2_NS,NONE,0.011,0.0
2295,NvcMt_L2_EW,NVCMT_EW,0.003,0.003
2295,304Nvl_L3_EW,NONE,0.089,0.0
2295,304Nvl_L2_NS,NONE,0.044,0.0
2295,32Nvl_L2_NS,32NVL_NS,0.04,0.04
2295,32Nvl_L3_EW,NONE,0.006,0.0
2295,32Nvl_L3_EW,NONE,0.031,0.0
2295,NvcNvl_L1_NS,NONE,0.087,0.0
2295,NvcNvl_L3_EW,NONE,0.006,0.0
2295,32Mt_L2_EW,NONE,0.008,0.0
2295,32Mt_L2_EW,32MT_EW,0.027,0.0
2295,32Mt_L2_NS,NONE,0.043,0.0
2295,NvcMt_L1_NS,NONE,0.011,0.0
2295,NvcMt_L1_EW,NVCMT_EW,0.006,0.006
2300,304Nvl_L1_EW,304NVL_EW,0.237,0.237
2300,304Nvl_L2_EW,304NVL_EW,0.189,0.189
2300,304Nvl_L1_NS,NONE,0.007,0.0
2300,304Nvl_L3_NS,NONE,0.008,0.0
2300,32Nvl_L1_NS,32NVL_NS,0.125,0.125
2300,32Nvl_L1_EW,32NVL_EW,0.035,0.006
2300,32Nvl_L2_EW,32NVL_EW,0.039,0.016
2300,32Nvl_L1_EW,32NVL_EW,0.007,-0.023
2300,32Nvl_L2_EW,32NVL_EW,0.007,-0.015
2300,32Nvl_L3_NS,NONE,0.125,0.0
2300,32Nvl_L2_NS,32NVL_NS,0.118,0.118
2300,NvcNvl_L1_EW,NONE,0.011,0.0
2300,NvcNvl_L2_EW,NONE,0.008,0.0
2300,32Mt_L1_EW,32MT_EW,0.042,0.017
2300,32Mt_L1_NS,NONE,0.01,0.0
2300,NvcMt_L2_EW,NVCMT_EW,0.003,0.003
2300,304Nvl_L3_EW,NONE,0.165,0.0
2300,304Nvl_L2_NS,NONE,0.007,0.0
2300,32Nvl_L2_NS,32NVL_NS,0.12,0.12
2300,32Nvl_L3_EW,NONE,0.006,0.0
2300,32Nvl_L3_EW,NONE,0.031,0.0
2300,32Nvl_L1_NS,32NVL_NS,0.101,0.101
2300,NvcNvl_L3_EW,NONE,0.006,0.0
2300,32Mt_L2_EW,32MT_EW,0.033,0.006
2300,NvcMt_L1_EW,NVCMT_EW,0.006,0.006
2305,304Nvl_L1_EW,304NVL_EW,0.246,0.246
2305,304Nvl_L2_EW,304NVL_EW,0.196,0.196
2305,304Nvl_L1_NS,NONE,0.007,0.0
2305,32Nvl_L3_NS,NONE,0.082,0.0
2305,32Nvl_L1_NS,32NVL_NS,0.09,0.09
2305,32Nvl_L3_NS,NONE,0.142,0.0
2305,32Nvl_L2_NS,32NVL_NS,0.134,0.134
2305,NvcNvl_L1_EW,NVCNVL_EW,0.035,0.035
2305,32Mt_L1_EW,NONE,0.007,0.0
2305,32Mt_L3_EW,NONE,0.009,0.0
2305,32Mt_L1_EW,32MT_EW,0.126,0.126
2305,304Nvl_L3_EW,NONE,0.171,0.0
2305,32Nvl_L2_NS,32NVL_NS,0.087,0.087
2305,32Nvl_L1_NS,32NVL_NS,0.114,0.114
2305,32Mt_L2_EW,NONE,0.008,0.0
2305,32Mt_L2_EW,32MT_EW,0.071,0.071
2310,304Nvl_L1_EW,304NVL_EW,0.237,0.237
2310,304Nvl_L2_EW,304NVL_EW,0.196,0.196
2310,304Nvl_L1_NS,NONE,0.007,0.0
2310,32Nvl_L3_NS,NONE,0.082,0.0
2310,32Nvl_L1_NS,32NVL_NS,0.09,0.09
2310,32Nvl_L1_EW,32NVL_EW,0.035,-0.106
2310,32Nvl_L2_EW,32NVL_EW,0.039,-0.072
2310,32Nvl_L1_EW,32NVL_EW,0.007,-0.135
2310,32Nvl_L2_EW,32NVL_EW,0.007,-0.103
2310,32Nvl_L3_NS,NONE,0.142,0.0
2310,32Nvl_L2_NS,32NVL_NS,0.134,0.134
2310,NvcNvl_L1_EW,NVCNVL_EW,0.035,0.035
2310,32Mt_L1_NS,32MT_NS,0.013,0.013
2310,32Mt_L1_EW,NONE,0.029,0.0
2310,32Mt_L3_EW,NONE,0.009,0.0
2310,32Mt_L1_EW,32MT_EW,0.202,0.177
2310,304Nvl_L3_EW,NONE,0.171,0.0
2310,32Nvl_L2_NS,32NVL_NS,0.087,0.087
2310,32Nvl_L3_EW,NONE,0.006,0.0
2310,32Nvl_L3_EW,NONE,0.031,0.0
2310,32Nvl_L1_NS,32NVL_NS,0.148,0.148
2310,32Mt_L2_EW,NONE,0.008,0.0
2310,32Mt_L2_EW,32MT_EW,0.158,0.131
2315,304Nvl_L1_EW,304NVL_EW,0.229,0.229
2315,304Nvl_L2_EW,304NVL_EW,0.16,0.16
2315,304Nvl_L1_NS,NONE,0.036,0.0
2315,304Nvl_L3_NS,NONE,0.04,0.0
2315,32Nvl_L3_NS,NONE,0.089,0.0
2315,32Nvl_L1_NS,32NVL_NS,0.097,0.097
2315,32Nvl_L1_EW,32NVL_EW,0.042,-0.05
2315,32Nvl_L2_EW,32NVL_EW,0.046,-0.026
2315,32Nvl_L3_NS,NONE,0.142,0.0
2315,32Nvl_L2_NS,32NVL_NS,0.134,0.134
2315,NvcNvl_L3_NS,NONE,0.081,0.0
2315,NvcNvl_L2_NS,NONE,0.079,0.0
2315,NvcNvl_L1_EW,NVCNVL_EW,0.007,0.007
2315,NvcNvl_L2_EW,NVCNVL_EW,0.008,0.008
2315,32Mt_L1_NS,32MT_NS,0.013,0.013
2315,32Mt_L1_EW,NONE,0.007,0.0
2315,32Mt_L1_EW,32MT_EW,0.133,0.103
2315,32Mt_L1_NS,NONE,0.049,0.0
2315,304Nvl_L3_EW,NONE,0.139,0.0
2315,304Nvl_L2_NS,NONE,0.037,0.0
2315,32Nvl_L2_NS,32NVL_NS,0.093,0.093
2315,32Nvl_L3_EW,NONE,0.038,0.0
2315,32Nvl_L1_NS,32NVL_NS,0.154,0.154
2315,NvcNvl_L1_NS,NONE,0.105,0.0
2315,32Mt_L2_EW,32MT_EW,0.103,0.071
2315,32Mt_L2_NS,NONE,0.043,0.0
2320,304Nvl_L1_EW,304NVL_EW,0.178,0.178
2320,304Nvl_L2_EW,304NVL_EW,0.152,0.152
2320,32Nvl_L3_NS,NONE,0.082,0.0
2320,32Nvl_L1_NS,32NVL_NS,0.097,0.097
2320,32Nvl_L3_NS,NONE,0.142,0.0
2320,32Nvl_L2_NS,32NVL_NS,0.134,0.134
2320,32Mt_L1_NS,32MT_NS,0.013,0.013
2320,32Mt_L1_EW,32MT_EW,0.007,0.007
2320,32Mt_L1_NS,NONE,0.068,0.0
2320,NvcMt_L2_NS,NONE,0.005,0.0
2320,NvcCmt8_L2_EW,NVCCMT8_EW,0.026,0.026
2320,32Thn_L1_EW,32THN_EW,0.008,0.008
2320,32Thn_L2_EW,32THN_EW,0.008,0.008
2320,32Thn_L3_EW,NONE,0.008,0.0
2320,304Nvl_L3_EW,NONE,0.133,0.0
2320,32Nvl_L2_NS,32NVL_NS,0.093,0.093
2320,32Nvl_L1_NS,32NVL_NS,0.154,0.154
2320,32Mt_L2_EW,32MT_EW,0.005,0.005
2320,32Mt_L2_NS,NONE,0.052,0.0
2320,NvcMt_L1_NS,NONE,0.005,0.0
2320,NvcCmt8_L1_EW,NVCCMT8_EW,0.038,0.038
2325,304Nvl_L1_NS,304NVL_NS,0.045,-0.023
2325,304Nvl_L1_EW,304NVL_EW,0.085,0.085
2325,304Nvl_L2_EW,304NVL_EW,0.073,0.073
2325,32Nvl_L3_NS,NONE,0.082,0.0
2325,32Nvl_L1_NS,32NVL_NS,0.097,0.065
2325,32Nvl_L3_NS,NONE,0.15,0.0
2325,32Nvl_L2_NS,32NVL_NS,0.142,0.142
2325,NvcNvl_L3_NS,NONE,0.007,0.0
2325,NvcNvl_L2_NS,NONE,0.007,0.0
2325,NvcNvl_L1_EW,NVCNVL_EW,0.007,0.003
2325,NvcNvl_L2_EW,NVCNVL_EW,0.008,0.008
2325,32Mt_L1_NS,32MT_NS,0.013,0.013
2325,32Mt_L1_EW,32MT_EW,0.084,0.084
2325,NvcMt_L1_EW,NVCMT_EW,0.006,-0.025
2325,NvcCmt8_L2_EW,NVCCMT8_EW,0.026,0.026
2325,32Thn_L1_EW,NONE,0.019,0.0
2325,32Thn_L2_EW,NONE,0.01,0.0
2325,32Thn_L3_EW,NONE,0.007,0.0
2325,304Nvl_L3_EW,NONE,0.063,0.0
2325,32Nvl_L2_NS,32NVL_NS,0.093,0.093
2325,32Nvl_L1_NS,32NVL_NS,0.161,0.129
2325,NvcNvl_L1_NS,NONE,0.009,0.0
2325,NvcNvl_L3_EW,NONE,0.009,0.0
2325,NvcMt_L2_EW,NVCMT_EW,0.008,-0.016
2325,NvcCmt8_L1_EW,NVCCMT8_EW,0.038,0.034
2330,304Nvl_L1_NS,304NVL_NS,0.045,-0.023
2330,304Nvl_L1_EW,304NVL_EW,0.051,0.051
2330,304Nvl_L2_EW,304NVL_EW,0.007,0.007
2330,304Nvl_L1_NS,NONE,0.007,0.0
2330,32Nvl_L3_NS,NONE,0.082,0.0
2330,32Nvl_L1_NS,32NVL_NS,0.097,0.065
2330,32Nvl_L3_NS,NONE,0.159,0.0
2330,32Nvl_L2_NS,32NVL_NS,0.15,0.15
2330,32Mt_L1_NS,32MT_NS,0.013,0.013
2330,32Mt_L1_EW,NONE,0.122,0.0
2330,32Mt_L1_EW,32MT_EW,0.084,0.084
2330,32Mt_L1_NS,NONE,0.098,0.0
2330,32Thn_L1_EW,32THN_EW,0.008,0.008
2330,304Nvl_L3_EW,NONE,0.006,0.0
2330,32Nvl_L2_NS,32NVL_NS,0.093,0.093
2330,32Nvl_L1_NS,32NVL_NS,0.161,0.129
2330,32Mt_L2_EW,32MT_EW,0.065,0.065
2330,32Mt_L2_NS,NONE,0.043,0.0
2330,NvcCmt8_L1_EW,NONE,0.029,0.0
2335,304Nvl_L1_EW,304NVL_EW,0.161,0.161
2335,304Nvl_L2_EW,304NVL_EW,0.094,0.094
2335,304Nvl_L1_NS,NONE,0.007,0.0
2335,32Nvl_L3_NS,NONE,0.089,0.0
2335,32Nvl_L1_NS,32NVL_NS,0.104,0.104
2335,32Nvl_L1_EW,32NVL_EW,0.007,0.007
2335,32Nvl_L2_EW,32NVL_EW,0.008,0.008
2335,32Nvl_L3_NS,NONE,0.167,0.0
2335,32Nvl_L2_NS,32NVL_NS,0.158,0.158
2335,NvcNvl_L1_EW,NVCNVL_EW,0.007,0.007
2335,32Mt_L1_NS,32MT_NS,0.013,0.013
2335,32Mt_L1_EW,NONE,0.072,0.0
2335,32Thn_L1_EW,NONE,0.01,0.0
2335,32Thn_L2_EW,NONE,0.01,0.0
2335,32Thn_L3_EW,NONE,0.007,0.0
2335,304Nvl_L3_EW,NONE,0.082,0.0
2335,32Nvl_L2_NS,32NVL_NS,0.1,0.1
2335,32Nvl_L3_EW,NONE,0.006,0.0
2335,32Nvl_L1_NS,32NVL_NS,0.168,0.168
2340,304Nvl_L1_EW,304NVL_EW,0.271,0.271
2340,304Nvl_L2_EW,304NVL_EW,0.138,0.138
2340,304Nvl_L1_NS,NONE,0.007,0.0
2340,32Nvl_L3_NS,NONE,0.082,0.0
2340,32Nvl_L1_NS,32NVL_NS,0.104,0.104
2340,32Nvl_L3_NS,NONE,0.167,0.0
2340,32Nvl_L2_NS,32NVL_NS,0.158,0.158
2340,NvcNvl_L3_NS,NONE,0.007,0.0
2340,NvcNvl_L2_NS,NONE,0.007,0.0
2340,32Mt_L1_NS,32MT_NS,0.006,0.006
2340,32Mt_L1_EW,NONE,0.101,0.0
2340,32Mt_L3_EW,NONE,0.115,0.0
2340,32Mt_L1_NS,NONE,0.02,0.0
2340,NvcCmt8_L2_NS,NONE,0.011,0.0
2340,32Thn_L1_EW,32THN_EW,0.008,0.008
2340,NvcCmt8_L1_NS,NONE,0.008,0.0
2340,304Nvl_L3_EW,NONE,0.12,0.0
2340,32Nvl_L2_NS,32NVL_NS,0.1,0.1
2340,32Nvl_L1_NS,32NVL_NS,0.134,0.134
2340,NvcNvl_L1_NS,NONE,0.009,0.0
2340,32Mt_L2_EW,NONE,0.106,0.0
2340,32Mt_L2_NS,NONE,0.017,0.0
2345,304Nvl_L1_NS,304NVL_NS,0.009,-0.064
2345,304Nvl_L1_EW,304NVL_EW,0.398,0.398
2345,304Nvl_L2_EW,304NVL_EW,0.131,0.131
2345,304Nvl_L1_NS,NONE,0.007,0.0
2345,32Nvl_L3_NS,NONE,0.082,0.0
2345,32Nvl_L1_NS,32NVL_NS,0.104,0.097
2345,32Nvl_L3_NS,NONE,0.175,0.0
2345,32Nvl_L2_NS,32NVL_NS,0.166,0.166
2345,NvcNvl_L1_EW,NONE,0.011,0.0
2345,NvcNvl_L2_EW,NONE,0.008,0.0
2345,32Mt_L1_EW,NONE,0.007,0.0
2345,32Mt_L3_EW,NONE,0.009,0.0
2345,NvcCmt8_L2_NS,NONE,0.011,0.0
2345,NvcCmt8_L1_NS,NONE,0.008,0.0
2345,304Nvl_L3_EW,NONE,0.114,0.0
2345,32Nvl_L2_NS,32NVL_NS,0.1,0.1
2345,32Nvl_L1_NS,32NVL_NS,0.148,0.141
2345,NvcNvl_L3_EW,NONE,0.006,0.0
2345,32Mt_L2_EW,NONE,0.008,0.0
2350,304Nvl_L1_NS,304NVL_NS,0.009,-0.064
2350,304Nvl_L1_EW,304NVL_EW,0.135,0.135
2350,304Nvl_L2_EW,304NVL_EW,0.102,0.102
2350,304Nvl_L1_NS,NONE,0.007,0.0
2350,32Nvl_L3_NS,NONE,0.082,0.0
2350,32Nvl_L1_NS,32NVL_NS,0.104,0.097
2350,32Nvl_L3_NS,NONE,0.175,0.0
2350,32Nvl_L2_NS,32NVL_NS,0.166,0.166
2350,NvcNvl_L3_NS,NONE,0.007,0.0
2350,NvcNvl_L2_NS,NONE,0.007,0.0
2350,NvcNvl_L1_EW,NONE,0.011,0.0
2350,NvcNvl_L2_EW,NONE,0.008,0.0
2350,32Mt_L1_EW,32MT_EW,0.105,0.105
2350,32Mt_L1_NS,NONE,0.01,0.0
2350,NvcCmt8_L2_NS,NONE,0.012,0.0
2350,304Nvl_L3_EW,NONE,0.089,0.0
2350,32Nvl_L2_NS,32NVL_NS,0.1,0.1
2350,32Nvl_L1_NS,32NVL_NS,0.148,0.141
2350,NvcNvl_L1_NS,NONE,0.009,0.0
2350,32Mt_L2_EW,32MT_EW,0.011,0.011
2350,NvcCmt8_L1_NS,NONE,0.011,0.0
2355,304Nvl_L1_NS,304NVL_NS,0.009,-0.064
2355,304Nvl_L1_EW,304NVL_EW,0.008,0.008
2355,304Nvl_L2_EW,304NVL_EW,0.007,0.007
2355,32Nvl_L3_NS,NONE,0.082,0.0
2355,32Nvl_L1_NS,32NVL_NS,0.104,0.093
2355,32Nvl_L3_NS,NONE,0.175,0.0
2355,32Nvl_L2_NS,32NVL_NS,0.166,0.161
2355,NvcNvl_L1_NS,NVCNVL_NS,0.007,-0.066
2355,32Mt_L1_EW,32MT_EW,0.098,0.098
2355,304Nvl_L2_NS,304NVL_NS,0.008,-0.108
2355,304Nvl_L3_EW,NONE,0.006,0.0
2355,32Nvl_L2_NS,32NVL_NS,0.1,0.095
2355,32Nvl_L1_NS,32NVL_NS,0.141,0.13
2355,32Mt_L2_EW,32MT_EW,0.005,0.005
2360,304Nvl_L1_EW,304NVL_EW,0.017,0.017
2360,304Nvl_L2_EW,304NVL_EW,0.015,0.015
2360,304Nvl_L1_NS,NONE,0.102,0.0
2360,32Nvl_L3_NS,NONE,0.058,0.0
2360,32Nvl_L2_NS,32NVL_NS,0.055,0.055
2360,NvcNvl_L1_EW,NONE,0.011,0.0
2360,NvcNvl_L2_EW,NONE,0.008,0.0
2360,32Mt_L1_NS,32MT_NS,0.006,0.006
2360,32Mt_L1_EW,32MT_EW,0.007,0.007
2360,304Nvl_L3_EW,NONE,0.013,0.0
2360,32Nvl_L1_NS,32NVL_NS,0.047,0.047
2360,32Mt_L2_EW,32MT_EW,0.005,0.005
2365,304Nvl_L1_EW,304NVL_EW,0.127,0.127
2365,304Nvl_L2_EW,304NVL_EW,0.022,0.022
2365,304Nvl_L1_NS,NONE,0.095,0.0
2365,32Nvl_L3_NS,NONE,0.014,0.0
2365,32Nvl_L1_NS,32NVL_NS,0.021,0.021
2365,32Nvl_L3_NS,NONE,0.05,0.0
2365,32Nvl_L2_NS,32NVL_NS,0.047,0.047
2365,32Mt_L1_NS,32MT_NS,0.006,0.006
2365,32Mt_L1_EW,32MT_EW,0.007,0.007
2365,32Mt_L1_NS,NONE,0.049,0.0
2365,NvcCmt8_L2_NS,NONE,0.011,0.0
2365,32Thn_L1_EW,32THN_EW,0.04,0.04
2365,32Thn_L2_EW,32THN_EW,0.042,0.042
2365,NvcCmt8_L1_NS,NONE,0.008,0.0
2365,32Thn_L3_EW,NONE,0.041,0.0
2365,304Nvl_L3_EW,NONE,0.019,0.0
2365,32Nvl_L2_NS,32NVL_NS,0.02,0.02
2365,32Nvl_L1_NS,32NVL_NS,0.047,0.047
2365,32Mt_L2_EW,32MT_EW,0.005,0.005
2365,32Mt_L2_NS,NONE,0.043,0.0
2370,304Nvl_L1_EW,304NVL_EW,0.11,0.11
2370,304Nvl_L2_EW,304NVL_EW,0.007,0.007
2370,32Nvl_L3_NS,NONE,0.007,0.0
2370,32Nvl_L1_NS,32NVL_NS,0.097,0.097
2370,32Nvl_L3_NS,NONE,0.017,0.0
2370,32Nvl_L2_NS,32NVL_NS,0.016,0.016
2370,NvcNvl_L3_NS,NONE,0.007,0.0
2370,NvcNvl_L2_NS,NONE,0.007,0.0
2370,NvcNvl_L1_EW,NONE,0.011,0.0
2370,NvcNvl_L2_EW,NONE,0.008,0.0
2370,32Mt_L1_EW,32MT_EW,0.042,0.042
2370,32Thn_L1_EW,32THN_EW,0.04,0.04
2370,32Thn_L2_EW,32THN_EW,0.042,0.042
2370,32Thn_L3_EW,NONE,0.041,0.0
2370,304Nvl_L3_EW,NONE,0.006,0.0
2370,32Nvl_L2_NS,32NVL_NS,0.013,0.013
2370,32Nvl_L1_NS,32NVL_NS,0.02,0.02
2370,NvcNvl_L1_NS,NONE,0.009,0.0
2370,NvcNvl_L3_EW,NONE,0.006,0.0
2370,32Mt_L2_EW,32MT_EW,0.005,0.005
2375,304Nvl_L1_EW,304NVL_EW,0.102,0.102
2375,304Nvl_L1_NS,NONE,0.007,0.0
2375,32Nvl_L3_NS,NONE,0.007,0.0
2375,32Nvl_L1_NS,32NVL_NS,0.021,0.021
2375,32Nvl_L1_EW,32NVL_EW,0.007,-0.051
2375,32Nvl_L2_EW,32NVL_EW,0.007,-0.025
2375,NvcNvl_L1_EW,NONE,0.011,0.0
2375,NvcNvl_L2_EW,NONE,0.008,0.0
2375,32Mt_L1_EW,32MT_EW,0.042,0.042
2375,32Mt_L1_NS,NONE,0.01,0.0
2375,32Thn_L1_EW,32THN_EW,0.04,0.04
2375,32Thn_L2_EW,32THN_EW,0.042,0.042
2375,32Thn_L3_EW,NONE,0.041,0.0
2375,32Nvl_L2_NS,32NVL_NS,0.013,0.013
2375,32Nvl_L3_EW,NONE,0.006,0.0
2375,32Nvl_L1_NS,32NVL_NS,0.013,0.013
2375,NvcNvl_L3_EW,NONE,0.006,0.0
2375,32Mt_L2_EW,32MT_EW,0.005,0.005
2375,32Mt_L2_NS,NONE,0.009,0.0
2380,304Nvl_L1_NS,304NVL_NS,0.009,0.009
2380,32Nvl_L1_EW,32NVL_EW,0.007,-0.023
2380,32Nvl_L2_EW,32NVL_EW,0.008,-0.017
2380,32Nvl_L1_EW,32NVL_EW,0.007,-0.023
2380,32Nvl_L2_EW,32NVL_EW,0.007,-0.017
2380,NvcNvl_L1_EW,NVCNVL_EW,0.035,0.035
2380,NvcNvl_L2_EW,NVCNVL_EW,0.039,0.039
2380,32Mt_L1_EW,32MT_EW,0.035,0.03
2380,32Thn_L1_EW,NONE,0.049,0.0
2380,32Thn_L1_EW,32THN_EW,0.008,0.003
2380,32Thn_L2_EW,32THN_EW,0.008,0.003
2380,32Thn_L3_EW,NONE,0.008,0.0
2380,32Nvl_L3_EW,NONE,0.006,0.0
2380,32Nvl_L3_EW,NONE,0.006,0.0
2380,32Nvl_L1_NS,32NVL_NS,0.013,0.007
2380,NvcNvl_L3_EW,NONE,0.047,0.0
2380,32Mt_L2_EW,32MT_EW,0.027,0.022
2385,304Nvl_L1_NS,304NVL_NS,0.009,-0.005
2385,304Nvl_L1_NS,NONE,0.007,0.0
2385,32Nvl_L3_NS,NONE,0.014,0.0
2385,32Nvl_L1_NS,32NVL_NS,0.021,0.014
2385,32Nvl_L1_EW,32NVL_EW,0.028,-0.007
2385,32Nvl_L2_EW,32NVL_EW,0.031,0.002
2385,32Nvl_L1_EW,32NVL_EW,0.007,-0.028
2385,32Nvl_L2_EW,32NVL_EW,0.007,-0.021
2385,32Nvl_L3_NS,NONE,0.008,0.0
2385,32Nvl_L2_NS,32NVL_NS,0.008,0.008
2385,NvcNvl_L3_NS,NONE,0.007,0.0
2385,NvcNvl_L2_NS,NONE,0.007,0.0
2385,NvcNvl_L1_EW,NVCNVL_EW,0.035,0.035
2385,NvcNvl_L2_EW,NVCNVL_EW,0.039,0.039
2385,32Mt_L1_EW,32MT_EW,0.042,0.022
2385,32Thn_L1_EW,NONE,0.049,0.0
2385,32Thn_L1_EW,32THN_EW,0.008,-0.012
2385,32Thn_L2_EW,32THN_EW,0.008,-0.013
2385,32Thn_L3_EW,NONE,0.008,0.0
2385,32Nvl_L2_NS,32NVL_NS,0.013,0.013
2385,32Nvl_L3_EW,NONE,0.006,0.0
2385,32Nvl_L3_EW,NONE,0.025,0.0
2385,32Nvl_L1_NS,32NVL_NS,0.013,0.007
2385,NvcNvl_L1_NS,NONE,0.009,0.0
2385,NvcNvl_L3_EW,NONE,0.047,0.0
2385,32Mt_L2_EW,32MT_EW,0.033,0.011
2390,304Nvl_L1_EW,304NVL_EW,0.008,0.008
2390,304Nvl_L2_EW,304NVL_EW,0.007,0.007
2390,32Nvl_L3_NS,NONE,0.007,0.0
2390,32Nvl_L1_NS,32NVL_NS,0.021,0.021
2390,32Nvl_L1_EW,32NVL_EW,0.021,0.016
2390,32Nvl_L2_EW,32NVL_EW,0.023,0.017
2390,32Nvl_L1_EW,32NVL_EW,0.007,0.001
2390,32Nvl_L2_EW,32NVL_EW,0.007,0.002
2390,NvcNvl_L1_EW,NVCNVL_EW,0.035,0.035
2390,NvcNvl_L2_EW,NVCNVL_EW,0.039,0.039
2390,32Mt_L1_EW,NONE,0.007,0.0
2390,NvcMt_L2_NS,NONE,0.005,0.0
2390,32Thn_L1_EW,32THN_EW,0.008,-0.007
2390,32Thn_L2_EW,32THN_EW,0.008,-0.008
2390,32Thn_L3_EW,NONE,0.008,0.0
2390,32Nvl_L2_NS,32NVL_NS,0.013,0.013
2390,32Nvl_L3_EW,NONE,0.006,0.0
2390,32Nvl_L3_EW,NONE,0.019,0.0
2390,32Nvl_L1_NS,32NVL_NS,0.007,0.007
2390,NvcNvl_L3_EW,NONE,0.047,0.0
2390,NvcMt_L1_NS,NONE,0.005,0.0
2395,304Nvl_L1_EW,304NVL_EW,0.008,0.008
2395,32Nvl_L1_NS,32NVL_NS,0.007,0.007
2395,32Nvl_L1_EW,32NVL_EW,0.014,0.014
2395,32Nvl_L2_EW,32NVL_EW,0.015,0.015
2395,32Nvl_L1_EW,32NVL_EW,0.007,0.007
2395,32Nvl_L2_EW,32NVL_EW,0.007,0.007
2395,NvcNvl_L1_EW,NVCNVL_EW,0.035,0.035
2395,NvcNvl_L2_EW,NVCNVL_EW,0.039,0.039
2395,32Thn_L1_EW,NONE,0.01,0.0
2395,32Nvl_L2_NS,32NVL_NS,0.007,0.007
2395,32Nvl_L3_EW,NONE,0.006,0.0
2395,32Nvl_L3_EW,NONE,0.013,0.0
2395,32Nvl_L1_NS,32NVL_NS,0.007,0.007
2395,NvcNvl_L3_EW,NONE,0.047,0.0
2400,304Nvl_L1_NS,NONE,0.007,0.0
2400,32Nvl_L3_NS,NONE,0.082,0.0
2400,32Nvl_L1_NS,32NVL_NS,0.097,0.097
2400,32Nvl_L1_EW,32NVL_EW,0.007,0.002
2400,32Nvl_L2_EW,32NVL_EW,0.008,0.004
2400,32Nvl_L1_EW,32NVL_EW,0.007,0.002
2400,32Nvl_L2_EW,32NVL_EW,0.007,0.004
2400,32Nvl_L3_NS,NONE,0.008,0.0
2400,32Nvl_L2_NS,32NVL_NS,0.008,0.008
2400,NvcNvl_L3_NS,NONE,0.007,0.0
2400,NvcNvl_L2_NS,NONE,0.013,0.0
2400,NvcNvl_L1_EW,NVCNVL_EW,0.042,0.042
2400,NvcNvl_L2_EW,NVCNVL_EW,0.039,0.039
2400,32Mt_L1_EW,32MT_EW,0.007,0.002
2400,32Mt_L1_NS,NONE,0.049,0.0
2400,32Thn_L1_EW,NONE,0.01,0.0
2400,32Nvl_L2_NS,32NVL_NS,0.087,0.087
2400,32Nvl_L3_EW,NONE,0.006,0.0
2400,32Nvl_L3_EW,NONE,0.006,0.0
2400,32Nvl_L1_NS,32NVL_NS,0.02,0.02
2400,NvcNvl_L1_NS,NONE,0.017,0.0
2400,NvcNvl_L3_EW,NONE,0.047,0.0
2400,32Mt_L2_EW,32MT_EW,0.005,0.0
2400,32Mt_L2_NS,NONE,0.043,0.0
2405,304Nvl_L1_NS,NONE,0.088,0.0
2405,304Nvl_L3_NS,NONE,0.096,0.0
2405,32Nvl_L1_NS,32NVL_NS,0.097,0.097
2405,32Nvl_L1_EW,32NVL_EW,0.007,0.007
2405,32Nvl_L2_EW,32NVL_EW,0.008,0.008
2405,32Nvl_L1_EW,32NVL_EW,0.007,0.007
2405,32Nvl_L2_EW,32NVL_EW,0.007,0.007
2405,NvcNvl_L1_EW,NVCNVL_EW,0.042,0.042
2405,NvcNvl_L2_EW,NVCNVL_EW,0.039,0.039
2405,304Nvl_L2_NS,NONE,0.089,0.0
2405,32Nvl_L2_NS,32NVL_NS,0.087,0.087
2405,32Nvl_L3_EW,NONE,0.006,0.0
2405,32Nvl_L3_EW,NONE,0.006,0.0
2405,32Nvl_L1_NS,32NVL_NS,0.007,0.007
2405,NvcNvl_L3_EW,NONE,0.047,0.0
2410,304Nvl_L1_NS,NONE,0.095,0.0
2410,304Nvl_L3_NS,NONE,0.104,0.0
2410,32Nvl_L1_EW,32NVL_EW,0.007,0.007
2410,32Nvl_L2_EW,32NVL_EW,0.008,0.008
2410,32Nvl_L1_EW,32NVL_EW,0.007,0.007
2410,32Nvl_L2_EW,32NVL_EW,0.007,0.007
2410,NvcNvl_L1_EW,NVCNVL_EW,0.042,0.038
2410,NvcNvl_L2_EW,NVCNVL_EW,0.039,0.039
2410,32Mt_L1_NS,32MT_NS,0.031,0.031
2410,32Mt_L1_EW,NONE,0.007,0.0
2410,NvcMt_L1_EW,NVCMT_EW,0.006,-0.023
2410,304Nvl_L2_NS,NONE,0.096,0.0
2410,32Nvl_L3_EW,NONE,0.006,0.0
2410,32Nvl_L3_EW,NONE,0.006,0.0
2410,32Nvl_L1_NS,32NVL_NS,0.007,0.007
2410,NvcNvl_L3_EW,NONE,0.047,0.0
2410,NvcMt_L2_EW,NVCMT_EW,0.008,-0.019
2415,304Nvl_L1_NS,NONE,0.007,0.0
2415,32Nvl_L3_NS,NONE,0.007,0.0
2415,32Nvl_L1_NS,32NVL_NS,0.007,0.007
2415,32Nvl_L1_EW,32NVL_EW,0.007,0.001
2415,32Nvl_L2_EW,32NVL_EW,0.008,0.002
2415,32Nvl_L1_EW,32NVL_EW,0.007,0.001
2415,32Nvl_L2_EW,32NVL_EW,0.007,0.002
2415,NvcNvl_L1_EW,NONE,0.011,0.0
2415,NvcNvl_L2_EW,NONE,0.008,0.0
2415,NvcNvl_L1_EW,NVCNVL_EW,0.028,0.028
2415,NvcNvl_L2_EW,NVCNVL_EW,0.023,0.023
2415,32Mt_L1_NS,32MT_NS,0.031,0.031
2415,32Thn_L1_EW,32THN_EW,0.008,0.003
2415,32Thn_L2_EW,32THN_EW,0.008,0.003
2415,32Thn_L3_EW,NONE,0.008,0.0
2415,304Nvl_L2_NS,NONE,0.007,0.0
2415,32Nvl_L2_NS,32NVL_NS,0.007,0.007
2415,32Nvl_L3_EW,NONE,0.006,0.0
2415,32Nvl_L3_EW,NONE,0.006,0.0
2415,32Nvl_L1_NS,32NVL_NS,0.081,0.081
2415,NvcNvl_L3_EW,NONE,0.006,0.0
2415,NvcNvl_L3_EW,NONE,0.028,0.0
2420,304Nvl_L1_EW,304NVL_EW,0.212,0.212
2420,304Nvl_L2_EW,304NVL_EW,0.094,0.094
2420,304Nvl_L1_NS,NONE,0.007,0.0
2420,304Nvl_L3_NS,NONE,0.008,0.0
2420,32Nvl_L1_EW,32NVL_EW,0.007,0.007
2420,32Nvl_L2_EW,32NVL_EW,0.008,0.008
2420,32Nvl_L1_EW,32NVL_EW,0.007,0.007
2420,32Nvl_L2_EW,32NVL_EW,0.007,0.007
2420,32Nvl_L2_NS,32NVL_NS,0.008,0.008
2420,NvcNvl_L1_EW,NVCNVL_EW,0.007,0.007
2420,NvcNvl_L2_EW,NVCNVL_EW,0.008,0.008
2420,32Mt_L1_NS,32MT_NS,0.031,0.031
2420,32Mt_L1_EW,NONE,0.086,0.0
2420,32Mt_L3_EW,NONE,0.106,0.0
2420,32Thn_L1_EW,NONE,0.01,0.0
2420,304Nvl_L3_EW,NONE,0.082,0.0
2420,304Nvl_L2_NS,NONE,0.007,0.0
2420,32Nvl_L3_EW,NONE,0.006,0.0
2420,32Nvl_L3_EW,NONE,0.006,0.0
2420,NvcNvl_L3_EW,NONE,0.009,0.0
2420,32Mt_L2_EW,NONE,0.09,0.0
2425,304Nvl_L1_NS,304NVL_NS,0.009,0.004
2425,32Nvl_L1_NS,32NVL_NS,0.007,0.001
2425,32Nvl_L1_EW,32NVL_EW,0.014,0.014
2425,32Nvl_L2_EW,32NVL_EW,0.015,0.015
2425,32Nvl_L1_EW,32NVL_EW,0.007,0.007
2425,32Nvl_L2_EW,32NVL_EW,0.007,0.007
2425,32Nvl_L3_NS,NONE,0.025,0.0
2425,32Nvl_L2_NS,32NVL_NS,0.024,0.024
2425,NvcNvl_L1_EW,NONE,0.011,0.0
2425,NvcNvl_L2_EW,NONE,0.008,0.0
2425,NvcNvl_L1_EW,NVCNVL_EW,0.007,0.007
2425,32Mt_L1_EW,NONE,0.094,0.0
2425,32Mt_L3_EW,NONE,0.115,0.0
2425,NvcMt_L2_EW,NVCMT_EW,0.013,0.013
2425,32Nvl_L2_NS,32NVL_NS,0.007,0.007
2425,32Nvl_L3_EW,NONE,0.006,0.0
2425,32Nvl_L3_EW,NONE,0.013,0.0
2425,32Nvl_L1_NS,32NVL_NS,0.02,0.014
2425,32Mt_L2_EW,NONE,0.098,0.0
2425,NvcMt_L1_EW,NVCMT_EW,0.028,0.023
2430,304Nvl_L1_NS,304NVL_NS,0.009,0.009
2430,304Nvl_L1_EW,304NVL_EW,0.008,0.008
2430,304Nvl_L1_NS,NONE,0.015,0.0
2430,304Nvl_L3_NS,NONE,0.008,0.0
2430,32Nvl_L1_EW,32NVL_EW,0.021,0.021
2430,32Nvl_L2_EW,32NVL_EW,0.023,0.023
2430,32Nvl_L1_EW,32NVL_EW,0.007,0.007
2430,32Nvl_L2_EW,32NVL_EW,0.007,0.007
2430,32Nvl_L3_NS,NONE,0.008,0.0
2430,32Nvl_L2_NS,32NVL_NS,0.008,0.008
2430,32Mt_L1_EW,NONE,0.007,0.0
2430,32Mt_L3_EW,NONE,0.009,0.0
2430,NvcMt_L2_NS,NONE,0.005,0.0
2430,304Nvl_L2_NS,NONE,0.007,0.0
2430,32Nvl_L3_EW,NONE,0.006,0.0
2430,32Nvl_L3_EW,NONE,0.019,0.0
2430,32Nvl_L1_NS,32NVL_NS,0.007,0.0
2430,32Mt_L2_EW,NONE,0.008,0.0
2430,NvcMt_L1_NS,NONE,0.005,0.0
2435,304Nvl_L1_NS,304NVL_NS,0.009,0.004
2435,304Nvl_L1_EW,304NVL_EW,0.102,0.102
2435,32Nvl_L1_NS,32NVL_NS,0.007,0.001
2435,32Nvl_L1_EW,32NVL_EW,0.014,0.009
2435,32Nvl_L2_EW,32NVL_EW,0.015,0.012
2435,32Nvl_L1_EW,32NVL_EW,0.007,0.002
2435,32Nvl_L2_EW,32NVL_EW,0.007,0.004
2435,32Mt_L1_EW,32MT_EW,0.007,-0.003
2435,NvcMt_L1_EW,NVCMT_EW,0.006,0.001
2435,NvcCmt8_L2_EW,NVCCMT8_EW,0.005,0.005
2435,32Nvl_L3_EW,NONE,0.006,0.0
2435,32Nvl_L3_EW,NONE,0.013,0.0
2435,32Nvl_L1_NS,32NVL_NS,0.007,0.0
2435,32Mt_L2_EW,32MT_EW,0.005,-0.005
2435,NvcMt_L2_EW,NVCMT_EW,0.008,0.004
2435,NvcCmt8_L1_EW,NVCCMT8_EW,0.008,0.003
2440,304Nvl_L1_EW,304NVL_EW,0.008,0.008
2440,32Nvl_L1_NS,32NVL_NS,0.007,0.007
2440,32Nvl_L1_EW,32NVL_EW,0.007,-0.066
2440,32Nvl_L2_EW,32NVL_EW,0.008,-0.046
2440,32Nvl_L1_EW,32NVL_EW,0.007,-0.067
2440,32Nvl_L2_EW,32NVL_EW,0.007,-0.046
2440,32Nvl_L3_NS,NONE,0.017,0.0
2440,32Nvl_L2_NS,32NVL_NS,0.016,0.016
2440,32Mt_L1_EW,NONE,0.101,0.0
2440,32Mt_L3_EW,NONE,0.124,0.0
2440,32Mt_L1_EW,32MT_EW,0.105,0.1
2440,NvcMt_L1_EW,NVCMT_EW,0.006,0.006
2440,NvcCmt8_L2_EW,NONE,0.007,0.0
2440,32Nvl_L3_EW,NONE,0.006,0.0
2440,32Nvl_L3_EW,NONE,0.006,0.0
2440,32Nvl_L1_NS,32NVL_NS,0.02,0.02
2440,32Mt_L2_EW,NONE,0.106,0.0
2440,32Mt_L2_EW,32MT_EW,0.076,0.071
2440,NvcMt_L2_EW,NVCMT_EW,0.008,0.008
2440,NvcCmt8_L1_EW,NONE,0.011,0.0
2445,32Nvl_L1_EW,32NVL_EW,0.007,0.002
2445,32Nvl_L2_EW,32NVL_EW,0.008,0.004
2445,32Nvl_L1_EW,32NVL_EW,0.007,0.002
2445,32Nvl_L2_EW,32NVL_EW,0.007,0.004
2445,32Mt_L1_EW,NONE,0.108,0.0
2445,32Mt_L3_EW,NONE,0.027,0.0
2445,32Mt_L1_EW,32MT_EW,0.007,0.002
2445,NvcMt_L1_EW,NVCMT_EW,0.038,0.038
2445,32Nvl_L3_EW,NONE,0.006,0.0
2445,32Nvl_L3_EW,NONE,0.006,0.0
2445,32Mt_L2_EW,NONE,0.113,0.0
2445,32Mt_L2_EW,32MT_EW,0.005,0.0
2445,NvcMt_L2_EW,NVCMT_EW,0.048,0.048
2450,32Nvl_L1_NS,32NVL_NS,0.007,0.007
2450,32Nvl_L1_EW,32NVL_EW,0.007,0.002
2450,32Nvl_L2_EW,32NVL_EW,0.008,0.008
2450,32Nvl_L1_EW,32NVL_EW,0.04,0.035
2450,32Nvl_L2_EW,32NVL_EW,0.045,0.045
2450,32Mt_L1_NS,32MT_NS,0.006,0.006
2450,32Mt_L1_EW,NONE,0.007,0.0
2450,32Mt_L3_EW,NONE,0.009,0.0
2450,32Mt_L1_EW,32MT_EW,0.007,0.002
2450,32Nvl_L3_EW,NONE,0.037,0.0
2450,32Nvl_L3_EW,NONE,0.006,0.0
2450,32Nvl_L1_NS,32NVL_NS,0.007,0.007
2450,32Mt_L2_EW,NONE,0.008,0.0
2450,NvcCmt8_L1_EW,NVCCMT8_EW,0.008,0.008
2455,32Nvl_L3_NS,NONE,0.007,0.0
2455,32Nvl_L1_NS,32NVL_NS,0.007,0.007
2455,32Nvl_L1_EW,32NVL_EW,0.007,0.007
2455,32Nvl_L2_EW,32NVL_EW,0.008,0.008
2455,32Nvl_L1_EW,32NVL_EW,0.04,0.04
2455,32Nvl_L2_EW,32NVL_EW,0.045,0.045
2455,32Nvl_L3_NS,NONE,0.017,0.0
2455,32Nvl_L2_NS,32NVL_NS,0.016,0.016
2455,32Mt_L1_NS,32MT_NS,0.013,0.013
2455,32Mt_L1_NS,NONE,0.117,0.0
2455,32Nvl_L2_NS,32NVL_NS,0.007,0.007
2455,32Nvl_L3_EW,NONE,0.037,0.0
2455,32Nvl_L3_EW,NONE,0.006,0.0
2455,32Nvl_L1_NS,32NVL_NS,0.013,0.013
2460,304Nvl_L1_NS,304NVL_NS,0.009,0.004
2460,304Nvl_L3_NS,NONE,0.007,0.0
2460,304Nvl_L1_EW,304NVL_EW,0.008,0.008
2460,304Nvl_L2_EW,304NVL_EW,0.007,0.007
2460,304Nvl_L1_NS,NONE,0.007,0.0
2460,304Nvl_L3_NS,NONE,0.008,0.0
2460,32Nvl_L1_NS,32NVL_NS,0.007,0.001
2460,32Nvl_L1_EW,32NVL_EW,0.035,0.03
2460,32Nvl_L2_EW,32NVL_EW,0.039,0.035
2460,32Nvl_L1_EW,32NVL_EW,0.034,0.029
2460,32Nvl_L2_EW,32NVL_EW,0.037,0.034
2460,32Mt_L1_NS,32MT_NS,0.006,0.006
2460,32Mt_L1_EW,32MT_EW,0.007,-0.018
2460,32Mt_L1_NS,NONE,0.01,0.0
2460,304Nvl_L2_NS,304NVL_NS,0.008,0.008
2460,304Nvl_L3_EW,NONE,0.006,0.0
2460,304Nvl_L2_NS,NONE,0.007,0.0
2460,32Nvl_L2_NS,32NVL_NS,0.007,0.001
2460,32Nvl_L3_EW,NONE,0.031,0.0
2460,32Nvl_L3_EW,NONE,0.031,0.0
2460,32Mt_L2_EW,32MT_EW,0.005,-0.022
2460,32Mt_L2_NS,NONE,0.009,0.0
2465,304Nvl_L1_NS,304NVL_NS,0.009,-0.001
2465,304Nvl_L3_NS,NONE,0.007,0.0
2465,304Nvl_L1_EW,304NVL_EW,0.008,0.008
2465,304Nvl_L2_EW,304NVL_EW,0.007,0.007
2465,304Nvl_L1_NS,NONE,0.007,0.0
2465,304Nvl_L3_NS,NONE,0.008,0.0
2465,32Nvl_L1_NS,32NVL_NS,0.014,0.008
2465,32Nvl_L1_EW,32NVL_EW,0.007,0.007
2465,32Nvl_L2_EW,32NVL_EW,0.045,0.045
2465,32Nvl_L3_NS,NONE,0.05,0.0
2465,32Nvl_L2_NS,32NVL_NS,0.047,0.042
2465,32Mt_L1_NS,32MT_NS,0.006,0.006
2465,32Mt_L1_NS,NONE,0.01,0.0
2465,304Nvl_L2_NS,304NVL_NS,0.008,-0.026
2465,304Nvl_L3_EW,NONE,0.006,0.0
2465,304Nvl_L2_NS,NONE,0.007,0.0
2465,32Nvl_L2_NS,32NVL_NS,0.007,0.001
2465,32Nvl_L3_EW,NONE,0.037,0.0
2465,32Nvl_L1_NS,32NVL_NS,0.047,0.041
2465,32Mt_L2_NS,NONE,0.009,0.0
2470,304Nvl_L1_NS,304NVL_NS,0.009,0.004
2470,304Nvl_L3_NS,NONE,0.007,0.0
2470,304Nvl_L1_EW,304NVL_EW,0.025,0.025
2470,304Nvl_L2_EW,304NVL_EW,0.015,0.015
2470,304Nvl_L1_NS,NONE,0.007,0.0
2470,32Nvl_L1_NS,32NVL_NS,0.007,0.001
2470,32Nvl_L1_EW,32NVL_EW,0.007,0.002
2470,32Nvl_L2_EW,32NVL_EW,0.007,0.004
2470,32Nvl_L3_NS,NONE,0.05,0.0
2470,32Nvl_L2_NS,32NVL_NS,0.047,0.042
2470,NvcNvl_L1_EW,NVCNVL_EW,0.007,0.007
2470,NvcNvl_L2_EW,NVCNVL_EW,0.008,0.008
2470,32Mt_L1_EW,NONE,0.007,0.0
2470,32Mt_L1_EW,32MT_EW,0.007,0.007
2470,NvcCmt8_L2_EW,NVCCMT8_EW,0.005,0.005
2470,304Nvl_L2_NS,304NVL_NS,0.008,-0.026
2470,304Nvl_L3_EW,NONE,0.013,0.0
2470,32Nvl_L3_EW,NONE,0.006,0.0
2470,32Nvl_L1_NS,32NVL_NS,0.081,0.074
2470,NvcNvl_L3_EW,NONE,0.009,0.0
2470,32Mt_L2_EW,32MT_EW,0.005,0.005
2470,NvcCmt8_L1_EW,NVCCMT8_EW,0.008,0.008
2475,304Nvl_L1_EW,304NVL_EW,0.034,0.034
2475,304Nvl_L2_EW,304NVL_EW,0.015,0.015
2475,304Nvl_L1_NS,NONE,0.007,0.0
2475,304Nvl_L3_NS,NONE,0.008,0.0
2475,32Nvl_L1_EW,32NVL_EW,0.007,0.002
2475,32Nvl_L2_EW,32NVL_EW,0.007,0.004
2475,NvcNvl_L1_EW,NVCNVL_EW,0.007,0.003
2475,NvcNvl_L2_EW,NVCNVL_EW,0.008,0.008
2475,32Mt_L1_EW,32MT_EW,0.007,0.007
2475,NvcMt_L2_NS,NONE,0.005,0.0
2475,NvcMt_L1_EW,NVCMT_EW,0.006,-0.004
2475,NvcCmt8_L2_EW,NVCCMT8_EW,0.005,0.005
2475,304Nvl_L3_EW,NONE,0.013,0.0
2475,304Nvl_L2_NS,NONE,0.007,0.0
2475,32Nvl_L3_EW,NONE,0.006,0.0
2475,32Nvl_L1_NS,32NVL_NS,0.04,0.04
2475,NvcNvl_L3_EW,NONE,0.009,0.0
2475,32Mt_L2_EW,32MT_EW,0.005,0.005
2475,NvcMt_L1_NS,NONE,0.005,0.0
2475,NvcMt_L2_EW,NVCMT_EW,0.008,-0.001
2475,NvcCmt8_L1_EW,NVCCMT8_EW,0.008,0.003
2480,304Nvl_L1_EW,304NVL_EW,0.025,0.025
2480,304Nvl_L2_EW,304NVL_EW,0.007,0.007
2480,32Nvl_L1_EW,32NVL_EW,0.007,0.002
2480,32Nvl_L2_EW,32NVL_EW,0.007,0.004
2480,32Nvl_L3_NS,NONE,0.109,0.0
2480,32Nvl_L2_NS,32NVL_NS,0.103,0.103
2480,NvcNvl_L1_EW,NVCNVL_EW,0.007,-0.02
2480,NvcNvl_L2_EW,NVCNVL_EW,0.008,0.008
2480,32Mt_L1_EW,NONE,0.007,0.0
2480,32Mt_L3_EW,NONE,0.009,0.0
2480,32Mt_L1_EW,32MT_EW,0.007,0.007
2480,NvcMt_L1_EW,NVCMT_EW,0.038,0.028
2480,NvcCmt8_L2_EW,NVCCMT8_EW,0.005,0.005
2480,304Nvl_L3_EW,NONE,0.006,0.0
2480,32Nvl_L3_EW,NONE,0.006,0.0
2480,32Nvl_L1_NS,32NVL_NS,0.128,0.128
2480,NvcNvl_L3_EW,NONE,0.009,0.0
2480,32Mt_L2_EW,NONE,0.008,0.0
2480,32Mt_L2_EW,32MT_EW,0.005,0.005
2480,NvcMt_L2_EW,NVCMT_EW,0.048,0.039
2480,NvcCmt8_L1_EW,NVCCMT8_EW,0.008,-0.019
2485,304Nvl_L1_EW,304NVL_EW,0.059,0.059
2485,304Nvl_L2_EW,304NVL_EW,0.044,0.044
2485,32Nvl_L1_NS,32NVL_NS,0.035,0.035
2485,32Nvl_L1_EW,32NVL_EW,0.007,-0.008
2485,32Nvl_L2_EW,32NVL_EW,0.007,-0.004
2485,32Nvl_L3_NS,NONE,0.025,0.0
2485,32Nvl_L2_NS,32NVL_NS,0.024,0.024
2485,NvcNvl_L3_NS,NONE,0.007,0.0
2485,NvcNvl_L2_NS,NONE,0.007,0.0
2485,NvcNvl_L1_EW,NONE,0.021,0.0
2485,NvcNvl_L2_EW,NONE,0.015,0.0
2485,32Mt_L1_EW,32MT_EW,0.021,0.021
2485,NvcMt_L1_EW,NVCMT_EW,0.076,0.076
2485,304Nvl_L3_EW,NONE,0.038,0.0
2485,32Nvl_L3_EW,NONE,0.006,0.0
2485,32Nvl_L1_NS,32NVL_NS,0.02,0.02
2485,NvcNvl_L1_NS,NONE,0.009,0.0
2485,NvcNvl_L3_EW,NONE,0.006,0.0
2485,32Mt_L2_EW,32MT_EW,0.016,0.016
2485,NvcMt_L2_EW,NVCMT_EW,0.095,0.095
2490,304Nvl_L1_EW,304NVL_EW,0.059,0.059
2490,304Nvl_L2_EW,304NVL_EW,0.044,0.044
2490,304Nvl_L1_NS,NONE,0.007,0.0
2490,32Nvl_L3_NS,NONE,0.007,0.0
2490,32Nvl_L1_NS,32NVL_NS,0.125,0.125
2490,32Nvl_L1_EW,32NVL_EW,0.007,-0.013
2490,32Nvl_L2_EW,32NVL_EW,0.007,-0.008
2490,32Nvl_L3_NS,NONE,0.017,0.0
2490,32Nvl_L2_NS,32NVL_NS,0.016,0.016
2490,NvcNvl_L3_NS,NONE,0.034,0.0
2490,NvcNvl_L2_NS,NONE,0.033,0.0
2490,NvcNvl_L1_EW,NONE,0.032,0.0
2490,NvcNvl_L2_EW,NONE,0.023,0.0
2490,32Mt_L1_EW,32MT_EW,0.028,0.028
2490,NvcMt_L1_EW,NVCMT_EW,0.07,0.07
2490,304Nvl_L3_EW,NONE,0.038,0.0
2490,32Nvl_L2_NS,32NVL_NS,0.007,0.007
2490,32Nvl_L3_EW,NONE,0.006,0.0
2490,32Nvl_L1_NS,32NVL_NS,0.013,0.013
2490,NvcNvl_L1_NS,NONE,0.044,0.0
2490,NvcNvl_L3_EW,NONE,0.013,0.0
2490,32Mt_L2_EW,32MT_EW,0.022,0.022
2490,NvcMt_L2_EW,NVCMT_EW,0.087,0.087
2495,304Nvl_L1_EW,304NVL_EW,0.017,0.017
2495,304Nvl_L2_EW,304NVL_EW,0.007,0.007
2495,32Nvl_L1_EW,32NVL_EW,0.007,-0.012
2495,32Nvl_L2_EW,32NVL_EW,0.008,-0.008
2495,32Nvl_L1_EW,32NVL_EW,0.007,-0.013
2495,32Nvl_L2_EW,32NVL_EW,0.007,-0.008
2495,32Nvl_L3_NS,NONE,0.008,0.0
2495,32Nvl_L2_NS,32NVL_NS,0.008,0.008
2495,NvcNvl_L3_NS,NONE,0.048,0.0
2495,NvcNvl_L2_NS,NONE,0.053,0.0
2495,NvcNvl_L1_EW,NONE,0.011,0.0
2495,NvcNvl_L2_EW,NONE,0.008,0.0
2495,NvcNvl_L1_NS,NVCNVL_NS,0.007,0.007
2495,32Mt_L1_EW,NONE,0.014,0.0
2495,32Mt_L3_EW,NONE,0.018,0.0
2495,32Mt_L1_EW,32MT_EW,0.028,0.023
2495,32Mt_L1_NS,NONE,0.01,0.0
2495,NvcMt_L2_NS,NONE,0.005,0.0
2495,NvcMt_L1_EW,NVCMT_EW,0.07,0.07
2495,304Nvl_L3_EW,NONE,0.006,0.0
2495,32Nvl_L3_EW,NONE,0.006,0.0
2495,32Nvl_L3_EW,NONE,0.006,0.0
2495,32Nvl_L1_NS,32NVL_NS,0.007,0.002
2495,NvcNvl_L1_NS,NONE,0.07,0.0
2495,NvcNvl_L3_EW,NONE,0.006,0.0
2495,32Mt_L2_EW,NONE,0.015,0.0
2495,32Mt_L2_EW,32MT_EW,0.022,0.016
2495,NvcMt_L1_NS,NONE,0.005,0.0
2495,NvcMt_L2_EW,NVCMT_EW,0.087,0.087
2500,304Nvl_L1_EW,304NVL_EW,0.017,0.017
2500,304Nvl_L2_EW,304NVL_EW,0.007,0.007
2500,304Nvl_L1_NS,NONE,0.051,0.0
2500,304Nvl_L3_NS,NONE,0.008,0.0
2500,32Nvl_L1_EW,32NVL_EW,0.007,-0.012
2500,32Nvl_L2_EW,32NVL_EW,0.008,-0.008
2500,32Nvl_L1_EW,32NVL_EW,0.007,-0.013
2500,32Nvl_L2_EW,32NVL_EW,0.007,-0.008
2500,NvcNvl_L3_NS,NONE,0.014,0.0
2500,NvcNvl_L2_NS,NONE,0.013,0.0
2500,NvcNvl_L1_EW,NONE,0.011,0.0
2500,NvcNvl_L2_EW,NONE,0.008,0.0
2500,NvcNvl_L1_NS,NVCNVL_NS,0.013,0.013
2500,32Mt_L1_EW,NONE,0.007,0.0
2500,32Mt_L3_EW,NONE,0.009,0.0
2500,32Mt_L1_EW,32MT_EW,0.028,0.023
2500,32Mt_L1_NS,NONE,0.01,0.0
2500,NvcMt_L1_EW,NVCMT_EW,0.038,0.038
2500,304Nvl_L3_EW,NONE,0.006,0.0
2500,304Nvl_L2_NS,NONE,0.007,0.0
2500,32Nvl_L3_EW,NONE,0.006,0.0
2500,32Nvl_L3_EW,NONE,0.006,0.0
2500,NvcNvl_L1_NS,NONE,0.017,0.0
2500,32Mt_L2_EW,NONE,0.008,0.0
2500,32Mt_L2_EW,32MT_EW,0.022,0.016
2500,NvcMt_L2_EW,NVCMT_EW,0.048,0.048
2505,304Nvl_L1_EW,304NVL_EW,0.017,0.017
2505,304Nvl_L2_EW,304NVL_EW,0.007,0.007
2505,304Nvl_L1_NS,NONE,0.051,0.0
2505,32Nvl_L1_EW,32NVL_EW,0.014,-0.01
2505,32Nvl_L2_EW,32NVL_EW,0.015,0.0
2505,32Nvl_L1_EW,32NVL_EW,0.007,-0.018
2505,32Nvl_L2_EW,32NVL_EW,0.007,-0.008
2505,32Nvl_L3_NS,NONE,0.017,0.0
2505,32Nvl_L2_NS,32NVL_NS,0.016,0.016
2505,NvcNvl_L1_EW,NVCNVL_EW,0.042,0.042
2505,NvcNvl_L1_NS,NVCNVL_NS,0.007,0.007
2505,32Mt_L1_EW,NONE,0.007,0.0
2505,32Mt_L3_EW,NONE,0.009,0.0
2505,32Mt_L1_EW,32MT_EW,0.035,0.025
2505,32Mt_L1_NS,NONE,0.01,0.0
2505,304Nvl_L3_EW,NONE,0.006,0.0
2505,32Nvl_L3_EW,NONE,0.006,0.0
2505,32Nvl_L3_EW,NONE,0.013,0.0
2505,32Nvl_L1_NS,32NVL_NS,0.013,0.009
2505,32Mt_L2_EW,NONE,0.008,0.0
2505,32Mt_L2_EW,32MT_EW,0.022,0.011
2505,NvcMt_L2_EW,NVCMT_EW,0.008,0.008
2510,32Nvl_L1_EW,32NVL_EW,0.007,-0.017
2510,32Nvl_L2_EW,32NVL_EW,0.008,-0.011
2510,32Nvl_L1_EW,32NVL_EW,0.007,-0.018
2510,32Nvl_L2_EW,32NVL_EW,0.007,-0.012
2510,NvcNvl_L3_NS,NONE,0.041,0.0
2510,NvcNvl_L2_NS,NONE,0.04,0.0
2510,NvcNvl_L1_EW,NVCNVL_EW,0.042,0.038
2510,32Mt_L1_EW,32MT_EW,0.035,0.03
2510,32Mt_L1_NS,NONE,0.01,0.0
2510,NvcMt_L1_EW,NVCMT_EW,0.006,-0.023
2510,32Nvl_L3_EW,NONE,0.006,0.0
2510,32Nvl_L3_EW,NONE,0.006,0.0
2510,NvcNvl_L1_NS,NONE,0.052,0.0
2510,32Mt_L2_EW,32MT_EW,0.027,0.022
2510,NvcMt_L2_EW,NVCMT_EW,0.008,0.008
2515,304Nvl_L1_EW,304NVL_EW,0.017,0.017
2515,304Nvl_L2_EW,304NVL_EW,0.007,0.007
2515,32Nvl_L1_NS,32NVL_NS,0.007,0.007
2515,32Nvl_L1_EW,32NVL_EW,0.007,-0.042
2515,32Nvl_L2_EW,32NVL_EW,0.008,-0.03
2515,32Nvl_L1_EW,32NVL_EW,0.007,-0.042
2515,32Nvl_L2_EW,32NVL_EW,0.007,-0.031
2515,NvcNvl_L3_NS,NONE,0.054,0.0
2515,NvcNvl_L2_NS,NONE,0.053,0.0
2515,NvcNvl_L1_EW,NONE,0.011,0.0
2515,NvcNvl_L2_EW,NONE,0.008,0.0
2515,32Mt_L1_EW,NONE,0.007,0.0
2515,32Mt_L3_EW,NONE,0.009,0.0
2515,32Mt_L1_EW,32MT_EW,0.07,0.065
2515,304Nvl_L3_EW,NONE,0.006,0.0
2515,32Nvl_L3_EW,NONE,0.006,0.0
2515,32Nvl_L3_EW,NONE,0.006,0.0
2515,32Nvl_L1_NS,32NVL_NS,0.007,0.007
2515,NvcNvl_L1_NS,NONE,0.07,0.0
2515,32Mt_L2_EW,NONE,0.008,0.0
2515,32Mt_L2_EW,32MT_EW,0.054,0.049
2520,304Nvl_L1_NS,304NVL_NS,0.009,0.004
2520,304Nvl_L1_NS,NONE,0.007,0.0
2520,32Nvl_L3_NS,NONE,0.007,0.0
2520,32Nvl_L1_NS,32NVL_NS,0.007,0.001
2520,32Nvl_L1_EW,32NVL_EW,0.007,-0.042
2520,32Nvl_L2_EW,32NVL_EW,0.008,-0.03
2520,32Nvl_L1_EW,32NVL_EW,0.007,-0.042
2520,32Nvl_L2_EW,32NVL_EW,0.007,-0.031
2520,NvcNvl_L3_NS,NONE,0.02,0.0
2520,NvcNvl_L2_NS,NONE,0.02,0.0
2520,32Mt_L1_EW,32MT_EW,0.07,0.065
2520,32Nvl_L2_NS,32NVL_NS,0.007,0.007
2520,32Nvl_L3_EW,NONE,0.006,0.0
2520,32Nvl_L3_EW,NONE,0.006,0.0
2520,32Nvl_L1_NS,32NVL_NS,0.013,0.007
2520,NvcNvl_L1_NS,NONE,0.026,0.0
2520,32Mt_L2_EW,32MT_EW,0.054,0.049
2525,304Nvl_L1_NS,304NVL_NS,0.009,0.009
2525,304Nvl_L1_NS,NONE,0.131,0.0
2525,304Nvl_L3_NS,NONE,0.136,0.0
2525,32Nvl_L1_EW,32NVL_EW,0.007,-0.052
2525,32Nvl_L2_EW,32NVL_EW,0.008,-0.034
2525,32Nvl_L1_EW,32NVL_EW,0.007,-0.052
2525,32Nvl_L2_EW,32NVL_EW,0.007,-0.034
2525,NvcNvl_L3_NS,NONE,0.007,0.0
2525,NvcNvl_L2_NS,NONE,0.007,0.0
2525,NvcNvl_L1_EW,NONE,0.053,0.0
2525,NvcNvl_L2_EW,NONE,0.038,0.0
2525,NvcNvl_L1_EW,NVCNVL_EW,0.007,0.007
2525,NvcNvl_L2_EW,NVCNVL_EW,0.008,0.008
2525,32Mt_L1_EW,32MT_EW,0.084,0.079
2525,32Mt_L1_NS,NONE,0.01,0.0
2525,304Nvl_L2_NS,NONE,0.126,0.0
2525,32Nvl_L3_EW,NONE,0.006,0.0
2525,32Nvl_L3_EW,NONE,0.006,0.0
2525,32Nvl_L1_NS,32NVL_NS,0.007,0.0
2525,NvcNvl_L1_NS,NONE,0.009,0.0
2525,NvcNvl_L3_EW,NONE,0.009,0.0
2525,32Mt_L2_EW,32MT_EW,0.06,0.054
2525,32Mt_L2_NS,NONE,0.009,0.0
2530,304Nvl_L1_NS,304NVL_NS,0.009,0.009
2530,304Nvl_L1_NS,NONE,0.088,0.0
2530,304Nvl_L3_NS,NONE,0.096,0.0
2530,32Nvl_L1_EW,32NVL_EW,0.007,-0.032
2530,32Nvl_L2_EW,32NVL_EW,0.008,-0.019
2530,32Nvl_L1_EW,32NVL_EW,0.007,-0.032
2530,32Nvl_L2_EW,32NVL_EW,0.007,-0.019
2530,NvcNvl_L3_NS,NONE,0.007,0.0
2530,NvcNvl_L2_NS,NONE,0.007,0.0
2530,NvcNvl_L1_EW,NONE,0.011,0.0
2530,NvcNvl_L2_EW,NONE,0.008,0.0
2530,NvcNvl_L1_EW,NVCNVL_EW,0.014,0.014
2530,32Mt_L1_EW,32MT_EW,0.056,0.051
2530,NvcMt_L2_EW,NVCMT_EW,0.003,0.003
2530,304Nvl_L2_NS,NONE,0.089,0.0
2530,32Nvl_L3_EW,NONE,0.006,0.0
2530,32Nvl_L3_EW,NONE,0.006,0.0
2530,32Nvl_L1_NS,32NVL_NS,0.007,0.0
2530,NvcNvl_L1_NS,NONE,0.009,0.0
2530,32Mt_L2_EW,32MT_EW,0.038,0.033
2530,NvcMt_L1_EW,NVCMT_EW,0.006,-0.004
2535,304Nvl_L1_EW,304NVL_EW,0.008,0.008
2535,304Nvl_L2_EW,304NVL_EW,0.007,0.007
2535,32Nvl_L1_NS,32NVL_NS,0.035,0.035
2535,32Nvl_L1_EW,32NVL_EW,0.014,0.004
2535,32Nvl_L2_EW,32NVL_EW,0.015,0.008
2535,32Nvl_L1_EW,32NVL_EW,0.007,-0.003
2535,32Nvl_L2_EW,32NVL_EW,0.007,0.0
2535,NvcNvl_L3_NS,NONE,0.007,0.0
2535,NvcNvl_L2_NS,NONE,0.007,0.0
2535,32Mt_L1_NS,32MT_NS,0.006,0.006
2535,32Mt_L1_EW,32MT_EW,0.014,0.004
2535,304Nvl_L3_EW,NONE,0.006,0.0
2535,32Nvl_L2_NS,32NVL_NS,0.033,0.033
2535,32Nvl_L3_EW,NONE,0.006,0.0
2535,32Nvl_L3_EW,NONE,0.013,0.0
2535,NvcNvl_L1_NS,NONE,0.009,0.0
2535,32Mt_L2_EW,32MT_EW,0.011,0.0
2540,304Nvl_L1_EW,304NVL_EW,0.144,0.144
2540,304Nvl_L1_NS,NONE,0.007,0.0
2540,304Nvl_L3_NS,NONE,0.008,0.0
2540,32Nvl_L3_NS,NONE,0.048,0.0
2540,32Nvl_L1_NS,32NVL_NS,0.048,0.048
2540,32Nvl_L1_EW,32NVL_EW,0.014,0.009
2540,32Nvl_L2_EW,32NVL_EW,0.015,0.012
2540,32Nvl_L1_EW,32NVL_EW,0.007,0.002
2540,32Nvl_L2_EW,32NVL_EW,0.007,0.004
2540,NvcNvl_L3_NS,NONE,0.007,0.0
2540,NvcNvl_L2_NS,NONE,0.007,0.0
2540,NvcNvl_L1_EW,NONE,0.011,0.0
2540,NvcNvl_L2_EW,NONE,0.008,0.0
2540,NvcNvl_L1_EW,NVCNVL_EW,0.007,0.007
2540,32Mt_L1_NS,32MT_NS,0.013,0.013
2540,32Mt_L1_EW,NONE,0.007,0.0
2540,32Mt_L1_EW,32MT_EW,0.007,-0.003
2540,304Nvl_L2_NS,NONE,0.007,0.0
2540,32Nvl_L2_NS,32NVL_NS,0.047,0.047
2540,32Nvl_L3_EW,NONE,0.006,0.0
2540,32Nvl_L3_EW,NONE,0.013,0.0
2540,NvcNvl_L1_NS,NONE,0.009,0.0
2540,32Mt_L2_EW,32MT_EW,0.005,-0.005
2545,304Nvl_L1_EW,304NVL_EW,0.102,0.102
2545,304Nvl_L1_NS,NONE,0.007,0.0
2545,32Nvl_L1_NS,32NVL_NS,0.014,0.014
2545,32Nvl_L1_EW,32NVL_EW,0.007,0.007
2545,32Nvl_L2_EW,32NVL_EW,0.008,0.008
2545,32Nvl_L1_EW,32NVL_EW,0.007,0.007
2545,32Nvl_L2_EW,32NVL_EW,0.007,0.007
2545,32Nvl_L3_NS,NONE,0.008,0.0
2545,32Nvl_L2_NS,32NVL_NS,0.008,0.008
2545,32Mt_L1_NS,32MT_NS,0.006,0.006
2545,32Mt_L1_EW,NONE,0.007,0.0
2545,32Mt_L3_EW,NONE,0.009,0.0
2545,NvcCmt8_L2_EW,NONE,0.007,0.0
2545,32Nvl_L2_NS,32NVL_NS,0.013,0.013
2545,32Nvl_L3_EW,NONE,0.006,0.0
2545,32Nvl_L3_EW,NONE,0.006,0.0
2545,32Nvl_L1_NS,32NVL_NS,0.013,0.013
2545,32Mt_L2_EW,NONE,0.008,0.0
2545,NvcCmt8_L1_EW,NONE,0.006,0.0
2550,304Nvl_L1_EW,304NVL_EW,0.008,0.008
2550,32Nvl_L1_NS,32NVL_NS,0.007,0.007
2550,32Nvl_L1_EW,32NVL_EW,0.007,0.007
2550,32Nvl_L2_EW,32NVL_EW,0.008,0.008
2550,32Nvl_L1_EW,32NVL_EW,0.007,0.007
2550,32Nvl_L2_EW,32NVL_EW,0.007,0.007
2550,32Nvl_L3_NS,NONE,0.008,0.0
2550,32Nvl_L2_NS,32NVL_NS,0.008,0.008
2550,32Mt_L1_NS,32MT_NS,0.044,0.044
2550,32Mt_L1_EW,NONE,0.007,0.0
2550,32Mt_L3_EW,NONE,0.009,0.0
2550,32Mt_L1_NS,NONE,0.01,0.0
2550,32Nvl_L2_NS,32NVL_NS,0.007,0.007
2550,32Nvl_L3_EW,NONE,0.006,0.0
2550,32Nvl_L3_EW,NONE,0.006,0.0
2550,32Nvl_L1_NS,32NVL_NS,0.04,0.04
2550,32Mt_L2_EW,NONE,0.008,0.0
2550,32Mt_L2_NS,NONE,0.009,0.0
2555,304Nvl_L1_EW,304NVL_EW,0.008,0.008
2555,304Nvl_L2_EW,304NVL_EW,0.007,0.007
2555,32Nvl_L1_EW,32NVL_EW,0.127,0.122
2555,32Nvl_L2_EW,32NVL_EW,0.139,0.135
2555,32Nvl_L1_EW,32NVL_EW,0.007,0.002
2555,32Nvl_L2_EW,32NVL_EW,0.007,0.004
2555,32Nvl_L3_NS,NONE,0.008,0.0
2555,32Nvl_L2_NS,32NVL_NS,0.008,0.008
2555,NvcNvl_L3_NS,NONE,0.007,0.0
2555,NvcNvl_L2_NS,NONE,0.007,0.0
2555,NvcNvl_L1_EW,NVCNVL_EW,0.014,0.01
2555,NvcNvl_L2_EW,NVCNVL_EW,0.016,0.016
2555,32Mt_L1_NS,32MT_NS,0.013,0.013
2555,32Mt_L1_EW,NONE,0.007,0.0
2555,32Mt_L3_EW,NONE,0.009,0.0
2555,32Mt_L1_EW,32MT_EW,0.007,-0.082
2555,32Mt_L1_NS,NONE,0.049,0.0
2555,NvcMt_L2_NS,NONE,0.005,0.0
2555,NvcMt_L1_EW,NVCMT_EW,0.006,-0.004
2555,304Nvl_L3_EW,NONE,0.006,0.0
2555,32Nvl_L3_EW,NONE,0.006,0.0
2555,32Nvl_L3_EW,NONE,0.113,0.0
2555,32Nvl_L1_NS,32NVL_NS,0.054,0.054
2555,NvcNvl_L1_NS,NONE,0.009,0.0
2555,NvcNvl_L3_EW,NONE,0.019,0.0
2555,32Mt_L2_EW,NONE,0.008,0.0
2555,32Mt_L2_EW,32MT_EW,0.005,-0.092
2555,32Mt_L2_NS,NONE,0.043,0.0
2555,NvcMt_L1_NS,NONE,0.005,0.0
2555,NvcMt_L2_EW,NVCMT_EW,0.008,-0.003
2560,32Nvl_L1_NS,32NVL_NS,0.007,0.007
2560,32Nvl_L1_EW,32NVL_EW,0.127,0.122
2560,32Nvl_L2_EW,32NVL_EW,0.139,0.135
2560,32Nvl_L1_EW,32NVL_EW,0.007,0.002
2560,32Nvl_L2_EW,32NVL_EW,0.007,0.004
2560,NvcNvl_L3_NS,NONE,0.007,0.0
2560,NvcNvl_L2_NS,NONE,0.007,0.0
2560,32Mt_L1_NS,32MT_NS,0.006,0.006
2560,32Mt_L1_EW,32MT_EW,0.007,-0.082
2560,32Nvl_L3_EW,NONE,0.006,0.0
2560,32Nvl_L3_EW,NONE,0.113,0.0
2560,32Nvl_L1_NS,32NVL_NS,0.007,0.007
2560,NvcNvl_L1_NS,NONE,0.009,0.0
2560,32Mt_L2_EW,32MT_EW,0.005,-0.092
2565,304Nvl_L1_NS,304NVL_NS,0.009,0.009
2565,32Nvl_L1_EW,32NVL_EW,0.007,-0.003
2565,32Nvl_L2_EW,32NVL_EW,0.008,0.0
2565,32Nvl_L1_EW,32NVL_EW,0.007,-0.003
2565,32Nvl_L2_EW,32NVL_EW,0.007,0.0
2565,NvcNvl_L1_EW,NONE,0.011,0.0
2565,32Mt_L1_NS,32MT_NS,0.031,0.031
2565,32Mt_L1_EW,32MT_EW,0.014,0.009
2565,32Nvl_L3_EW,NONE,0.006,0.0
2565,32Nvl_L3_EW,NONE,0.006,0.0
2565,32Mt_L2_EW,32MT_EW,0.011,0.005
2570,304Nvl_L1_NS,304NVL_NS,0.009,0.004
2570,32Nvl_L1_NS,32NVL_NS,0.007,0.001
2570,32Nvl_L1_EW,32NVL_EW,0.007,0.007
2570,32Nvl_L2_EW,32NVL_EW,0.008,0.008
2570,32Nvl_L1_EW,32NVL_EW,0.007,0.007
2570,32Nvl_L2_EW,32NVL_EW,0.007,0.007
2570,32Mt_L1_NS,32MT_NS,0.031,0.031
2570,NvcMt_L1_EW,NVCMT_EW,0.006,0.006
2570,32Nvl_L2_NS,32NVL_NS,0.007,0.007
2570,32Nvl_L3_EW,NONE,0.006,0.0
2570,32Nvl_L3_EW,NONE,0.006,0.0
2570,32Nvl_L1_NS,32NVL_NS,0.081,0.074
2570,NvcMt_L2_EW,NVCMT_EW,0.008,0.008
2575,304Nvl_L1_NS,304NVL_NS,0.009,0.004
2575,32Nvl_L1_NS,32NVL_NS,0.007,0.001
2575,32Nvl_L1_EW,32NVL_EW,0.034,0.034
2575,32Nvl_L3_NS,NONE,0.05,0.0
2575,32Nvl_L2_NS,32NVL_NS,0.047,0.047
2575,32Mt_L1_NS,32MT_NS,0.038,0.038
2575,32Mt_L1_EW,NONE,0.007,0.0
2575,32Mt_L1_NS,NONE,0.01,0.0
2575,NvcCmt8_L2_EW,NVCCMT8_EW,0.005,0.005
2575,32Nvl_L2_NS,32NVL_NS,0.007,0.007
2575,32Nvl_L1_NS,32NVL_NS,0.121,0.114
2575,32Mt_L2_NS,NONE,0.009,0.0
2575,NvcCmt8_L1_EW,NVCCMT8_EW,0.008,0.008
2580,304Nvl_L1_EW,304NVL_EW,0.102,0.102
2580,304Nvl_L2_EW,304NVL_EW,0.087,0.087
2580,32Nvl_L1_NS,32NVL_NS,0.007,0.007
2580,32Nvl_L1_EW,32NVL_EW,0.034,0.034
2580,32Nvl_L3_NS,NONE,0.058,0.0
2580,32Nvl_L2_NS,32NVL_NS,0.055,0.055
2580,NvcNvl_L1_EW,NVCNVL_EW,0.007,0.007
2580,NvcNvl_L2_EW,NVCNVL_EW,0.008,0.006
2580,32Mt_L1_NS,32MT_NS,0.006,0.006
2580,NvcMt_L2_EW,NVCMT_EW,0.003,-0.003
2580,304Nvl_L3_EW,NONE,0.076,0.0
2580,32Nvl_L2_NS,32NVL_NS,0.007,0.007
2580,32Nvl_L1_NS,32NVL_NS,0.047,0.047
2580,NvcNvl_L3_EW,NONE,0.009,0.0
2580,NvcMt_L1_EW,NVCMT_EW,0.006,0.001
2580,NvcCmt8_L1_EW,NONE,0.006,0.0
2585,304Nvl_L1_EW,304NVL_EW,0.11,0.11
2585,304Nvl_L2_EW,304NVL_EW,0.094,0.094
2585,304Nvl_L1_NS,NONE,0.007,0.0
2585,304Nvl_L3_NS,NONE,0.008,0.0
2585,32Nvl_L1_NS,32NVL_NS,0.007,0.007
2585,32Nvl_L3_NS,NONE,0.058,0.0
2585,32Nvl_L2_NS,32NVL_NS,0.055,0.055
2585,NvcNvl_L3_NS,NONE,0.007,0.0
2585,NvcNvl_L2_NS,NONE,0.007,0.0
2585,NvcNvl_L1_EW,NVCNVL_EW,0.007,0.007
2585,NvcNvl_L2_EW,NVCNVL_EW,0.008,0.006
2585,32Mt_L1_NS,32MT_NS,0.006,0.006
2585,32Mt_L1_EW,NONE,0.108,0.0
2585,32Mt_L3_EW,NONE,0.124,0.0
2585,32Mt_L1_NS,NONE,0.127,0.0
2585,NvcMt_L2_EW,NVCMT_EW,0.003,-0.003
2585,304Nvl_L3_EW,NONE,0.082,0.0
2585,304Nvl_L2_NS,NONE,0.007,0.0
2585,32Nvl_L2_NS,32NVL_NS,0.007,0.007
2585,32Nvl_L1_NS,32NVL_NS,0.047,0.047
2585,NvcNvl_L1_NS,NONE,0.009,0.0
2585,NvcNvl_L3_EW,NONE,0.009,0.0
2585,32Mt_L2_EW,NONE,0.106,0.0
2585,32Mt_L2_NS,NONE,0.113,0.0
2585,NvcMt_L1_EW,NVCMT_EW,0.006,0.001
2585,NvcCmt8_L1_EW,NONE,0.006,0.0
2590,304Nvl_L1_EW,304NVL_EW,0.11,0.11
2590,304Nvl_L2_EW,304NVL_EW,0.094,0.094
2590,NvcNvl_L1_EW,NVCNVL_EW,0.007,0.007
2590,NvcNvl_L2_EW,NVCNVL_EW,0.008,0.006
2590,32Mt_L1_NS,32MT_NS,0.075,0.075
2590,32Mt_L1_EW,NONE,0.022,0.0
2590,32Mt_L3_EW,NONE,0.027,0.0
2590,32Mt_L1_NS,NONE,0.059,0.0
2590,NvcMt_L2_EW,NVCMT_EW,0.003,-0.003
2590,NvcCmt8_L2_EW,NONE,0.007,0.0
2590,304Nvl_L3_EW,NONE,0.082,0.0
2590,NvcNvl_L3_EW,NONE,0.009,0.0
2590,32Mt_L2_EW,NONE,0.023,0.0
2590,32Mt_L2_NS,NONE,0.052,0.0
2590,NvcMt_L1_EW,NVCMT_EW,0.006,0.001
2590,NvcCmt8_L1_EW,NONE,0.006,0.0
2595,304Nvl_L1_EW,304NVL_EW,0.152,0.152
2595,304Nvl_L2_EW,304NVL_EW,0.123,0.123
2595,NvcNvl_L3_NS,NONE,0.081,0.0
2595,NvcNvl_L2_NS,NONE,0.079,0.0
2595,NvcNvl_L1_EW,NVCNVL_EW,0.014,0.014
2595,NvcNvl_L2_EW,NVCNVL_EW,0.008,0.008
2595,32Mt_L1_NS,32MT_NS,0.075,0.075
2595,32Mt_L1_EW,NONE,0.022,0.0
2595,32Mt_L3_EW,NONE,0.009,0.0
2595,NvcMt_L2_NS,NONE,0.005,0.0
2595,304Nvl_L3_EW,NONE,0.108,0.0
2595,NvcNvl_L1_NS,NONE,0.105,0.0
2595,NvcNvl_L3_EW,NONE,0.009,0.0
2595,32Mt_L2_EW,NONE,0.015,0.0
2595,NvcMt_L1_NS,NONE,0.005,0.0
2600,304Nvl_L1_EW,304NVL_EW,0.017,0.017
2600,304Nvl_L2_EW,304NVL_EW,0.015,0.015
2600,NvcNvl_L3_NS,NONE,0.095,0.0
2600,NvcNvl_L2_NS,NONE,0.092,0.0
2600,NvcNvl_L1_EW,NVCNVL_EW,0.014,0.014
2600,NvcNvl_L2_EW,NVCNVL_EW,0.008,0.008
2600,32Mt_L1_EW,NONE,0.043,0.0
2600,32Mt_L1_NS,NONE,0.117,0.0
2600,304Nvl_L3_EW,NONE,0.013,0.0
2600,32Nvl_L1_NS,32NVL_NS,0.007,0.007
2600,NvcNvl_L1_NS,NONE,0.122,0.0
2600,NvcNvl_L3_EW,NONE,0.009,0.0
2600,NvcCmt8_L1_EW,NVCCMT8_EW,0.008,0.008
2605,304Nvl_L1_EW,304NVL_EW,0.008,0.008
2605,304Nvl_L2_EW,304NVL_EW,0.007,0.007
2605,32Nvl_L1_EW,32NVL_EW,0.014,0.0
2605,32Nvl_L2_EW,32NVL_EW,0.015,0.015
2605,NvcNvl_L3_NS,NONE,0.007,0.0
2605,NvcNvl_L2_NS,NONE,0.007,0.0
2605,NvcNvl_L1_EW,NVCNVL_EW,0.028,0.006
2605,NvcNvl_L2_EW,NVCNVL_EW,0.023,0.023
2605,32Mt_L1_EW,NONE,0.014,0.0
2605,32Mt_L3_EW,NONE,0.018,0.0
2605,32Mt_L1_EW,32MT_EW,0.021,0.011
2605,32Mt_L1_NS,NONE,0.01,0.0
2605,NvcMt_L1_EW,NVCMT_EW,0.032,0.012
2605,304Nvl_L3_EW,NONE,0.006,0.0
2605,32Nvl_L3_EW,NONE,0.013,0.0
2605,32Nvl_L1_NS,32NVL_NS,0.007,0.007
2605,NvcNvl_L1_NS,NONE,0.009,0.0
2605,NvcNvl_L3_EW,NONE,0.028,0.0
2605,32Mt_L2_EW,NONE,0.015,0.0
2605,NvcMt_L2_EW,NVCMT_EW,0.04,0.023
2610,304Nvl_L1_EW,304NVL_EW,0.017,0.017
2610,304Nvl_L2_EW,304NVL_EW,0.007,0.007
2610,304Nvl_L1_NS,NONE,0.088,0.0
2610,32Nvl_L1_EW,32NVL_EW,0.007,-0.008
2610,32Nvl_L2_EW,32NVL_EW,0.008,0.004
2610,NvcNvl_L3_NS,NONE,0.034,0.0
2610,NvcNvl_L2_NS,NONE,0.033,0.0
2610,NvcNvl_L1_EW,NVCNVL_EW,0.056,0.034
2610,NvcNvl_L2_EW,NVCNVL_EW,0.062,0.062
2610,32Mt_L1_EW,32MT_EW,0.021,0.016
2610,NvcMt_L2_NS,NONE,0.005,0.0
2610,NvcMt_L1_EW,NVCMT_EW,0.032,-0.008
2610,304Nvl_L3_EW,NONE,0.006,0.0
2610,32Nvl_L3_EW,NONE,0.006,0.0
2610,NvcNvl_L1_NS,NONE,0.044,0.0
2610,NvcNvl_L3_EW,NONE,0.074,0.0
2610,32Mt_L2_EW,32MT_EW,0.005,0.0
2610,NvcMt_L1_NS,NONE,0.005,0.0
2610,NvcMt_L2_EW,NVCMT_EW,0.04,-0.004
2615,304Nvl_L1_EW,304NVL_EW,0.008,0.008
2615,304Nvl_L1_NS,NONE,0.088,0.0
2615,32Nvl_L1_EW,32NVL_EW,0.007,-0.017
2615,32Nvl_L2_EW,32NVL_EW,0.008,0.0
2615,NvcNvl_L3_NS,NONE,0.007,0.0
2615,NvcNvl_L2_NS,NONE,0.007,0.0
2615,NvcNvl_L1_EW,NVCNVL_EW,0.141,0.119
2615,NvcNvl_L2_EW,NVCNVL_EW,0.062,0.062
2615,32Mt_L1_EW,NONE,0.036,0.0
2615,32Mt_L1_EW,32MT_EW,0.035,0.03
2615,NvcMt_L1_EW,NVCMT_EW,0.032,-0.067
2615,32Nvl_L3_EW,NONE,0.006,0.0
2615,NvcNvl_L1_NS,NONE,0.009,0.0
2615,NvcNvl_L3_EW,NONE,0.074,0.0
2615,32Mt_L2_EW,NONE,0.038,0.0
2615,32Mt_L2_EW,32MT_EW,0.011,0.005
2615,NvcMt_L2_EW,NVCMT_EW,0.04,-0.004
2620,304Nvl_L1_NS,304NVL_NS,0.009,0.009
2620,32Nvl_L1_EW,32NVL_EW,0.007,-0.008
2620,32Nvl_L2_EW,32NVL_EW,0.008,0.004
2620,NvcNvl_L3_NS,NONE,0.007,0.0
2620,NvcNvl_L2_NS,NONE,0.007,0.0
2620,NvcNvl_L1_EW,NVCNVL_EW,0.225,0.203
2620,NvcNvl_L2_EW,NVCNVL_EW,0.156,0.156
2620,32Mt_L1_EW,NONE,0.036,0.0
2620,32Mt_L3_EW,NONE,0.044,0.0
2620,32Mt_L1_EW,32MT_EW,0.021,0.016
2620,32Mt_L1_NS,NONE,0.049,0.0
2620,NvcMt_L1_EW,NVCMT_EW,0.032,-0.126
2620,32Nvl_L3_EW,NONE,0.006,0.0
2620,NvcNvl_L1_NS,NONE,0.009,0.0
2620,NvcNvl_L3_EW,NONE,0.186,0.0
2620,32Mt_L2_EW,NONE,0.038,0.0
2620,32Mt_L2_EW,32MT_EW,0.005,0.0
2620,32Mt_L2_NS,NONE,0.043,0.0
2620,NvcMt_L2_EW,NVCMT_EW,0.04,-0.07
2625,304Nvl_L1_NS,304NVL_NS,0.009,0.009
2625,32Nvl_L1_EW,32NVL_EW,0.007,-0.003
2625,32Nvl_L2_EW,32NVL_EW,0.008,0.004
2625,32Nvl_L3_NS,NONE,0.008,0.0
2625,32Nvl_L2_NS,32NVL_NS,0.008,0.008
2625,NvcNvl_L1_EW,NVCNVL_EW,0.26,0.238
2625,NvcNvl_L2_EW,NVCNVL_EW,0.156,0.156
2625,NvcNvl_L1_NS,NVCNVL_NS,0.007,0.007
2625,32Mt_L1_EW,32MT_EW,0.014,0.009
2625,NvcMt_L1_EW,NVCMT_EW,0.032,-0.156
2625,NvcCmt8_L2_EW,NVCCMT8_EW,0.005,0.005
2625,32Nvl_L3_EW,NONE,0.006,0.0
2625,32Nvl_L1_NS,32NVL_NS,0.007,-0.004
2625,NvcNvl_L3_EW,NONE,0.186,0.0
2625,32Mt_L2_EW,32MT_EW,0.005,0.0
2625,NvcMt_L2_EW,NVCMT_EW,0.04,-0.073
2625,NvcCmt8_L1_EW,NVCCMT8_EW,0.008,-0.015
2630,304Nvl_L1_NS,304NVL_NS,0.009,0.009
2630,304Nvl_L1_EW,304NVL_EW,0.051,0.051
2630,304Nvl_L2_EW,304NVL_EW,0.044,0.044
2630,32Nvl_L1_EW,32NVL_EW,0.007,-0.047
2630,32Nvl_L2_EW,32NVL_EW,0.008,0.008
2630,NvcNvl_L1_EW,NVCNVL_EW,0.169,0.169
2630,NvcNvl_L2_EW,NVCNVL_EW,0.148,0.148
2630,32Mt_L1_EW,NONE,0.014,0.0
2630,32Mt_L3_EW,NONE,0.018,0.0
2630,32Mt_L1_EW,32MT_EW,0.077,0.072
2630,NvcCmt8_L2_EW,NVCCMT8_EW,0.005,0.005
2630,304Nvl_L3_EW,NONE,0.038,0.0
2630,32Nvl_L3_EW,NONE,0.006,0.0
2630,NvcNvl_L3_EW,NONE,0.177,0.0
2630,32Mt_L2_EW,NONE,0.015,0.0
2630,NvcCmt8_L1_EW,NVCCMT8_EW,0.008,0.008
2635,304Nvl_L1_EW,304NVL_EW,0.068,0.068
2635,304Nvl_L2_EW,304NVL_EW,0.058,0.058
2635,32Nvl_L1_NS,32NVL_NS,0.014,0.014
2635,32Nvl_L1_EW,32NVL_EW,0.007,-0.017
2635,32Nvl_L2_EW,32NVL_EW,0.008,-0.011
2635,32Nvl_L3_NS,NONE,0.008,0.0
2635,32Nvl_L2_NS,32NVL_NS,0.008,0.008
2635,NvcNvl_L1_EW,NVCNVL_EW,0.12,0.12
2635,NvcNvl_L2_EW,NVCNVL_EW,0.094,0.094
2635,32Mt_L1_EW,NONE,0.022,0.0
2635,32Mt_L3_EW,NONE,0.027,0.0
2635,32Mt_L1_EW,32MT_EW,0.035,0.03
2635,NvcMt_L2_NS,NONE,0.005,0.0
2635,NvcCmt8_L2_EW,NVCCMT8_EW,0.005,0.005
2635,304Nvl_L3_EW,NONE,0.051,0.0
2635,32Nvl_L2_NS,32NVL_NS,0.007,0.007
2635,32Nvl_L3_EW,NONE,0.006,0.0
2635,32Nvl_L1_NS,32NVL_NS,0.007,0.007
2635,NvcNvl_L3_EW,NONE,0.112,0.0
2635,32Mt_L2_EW,NONE,0.023,0.0
2635,32Mt_L2_EW,32MT_EW,0.027,0.022
2635,NvcMt_L1_NS,NONE,0.005,0.0
2635,NvcCmt8_L1_EW,NVCCMT8_EW,0.008,0.008
2640,304Nvl_L1_EW,304NVL_EW,0.017,0.017
2640,304Nvl_L2_EW,304NVL_EW,0.007,0.007
2640,32Nvl_L1_NS,32NVL_NS,0.007,0.007
2640,32Nvl_L1_EW,32NVL_EW,0.007,0.002
2640,32Nvl_L2_EW,32NVL_EW,0.008,0.004
2640,32Nvl_L3_NS,NONE,0.008,0.0
2640,32Nvl_L2_NS,32NVL_NS,0.008,0.008
2640,NvcNvl_L3_NS,NONE,0.034,0.0
2640,NvcNvl_L2_NS,NONE,0.033,0.0
2640,32Mt_L1_NS,32MT_NS,0.006,0.006
2640,32Mt_L1_EW,NONE,0.014,0.0
2640,32Mt_L3_EW,NONE,0.018,0.0
2640,32Mt_L1_EW,32MT_EW,0.007,0.002
2640,304Nvl_L3_EW,NONE,0.006,0.0
2640,32Nvl_L3_EW,NONE,0.006,0.0
2640,32Nvl_L1_NS,32NVL_NS,0.007,0.007
2640,NvcNvl_L1_NS,NONE,0.044,0.0
2640,32Mt_L2_EW,NONE,0.015,0.0
2640,32Mt_L2_EW,32MT_EW,0.005,0.0
2645,304Nvl_L1_NS,304NVL_NS,0.009,-0.054
2645,304Nvl_L3_NS,NONE,0.007,0.0
2645,304Nvl_L1_EW,304NVL_EW,0.008,0.008
2645,304Nvl_L2_EW,304NVL_EW,0.007,0.007
2645,304Nvl_L1_NS,NONE,0.044,0.0
2645,32Nvl_L3_NS,NONE,0.082,0.0
2645,32Nvl_L1_NS,32NVL_NS,0.09,0.084
2645,32Nvl_L1_EW,32NVL_EW,0.007,0.007
2645,32Nvl_L2_EW,32NVL_EW,0.008,0.008
2645,NvcNvl_L3_NS,NONE,0.041,0.0
2645,NvcNvl_L2_NS,NONE,0.04,0.0
2645,NvcNvl_L1_EW,NVCNVL_EW,0.021,0.017
2645,NvcNvl_L2_EW,NVCNVL_EW,0.016,0.016
2645,32Mt_L1_NS,32MT_NS,0.019,0.019
2645,32Mt_L1_EW,NONE,0.007,0.0
2645,32Mt_L3_EW,NONE,0.009,0.0
2645,NvcMt_L1_EW,NVCMT_EW,0.006,-0.008
2645,304Nvl_L2_NS,304NVL_NS,0.008,0.008
2645,304Nvl_L3_EW,NONE,0.006,0.0
2645,32Nvl_L2_NS,32NVL_NS,0.08,0.075
2645,32Nvl_L3_EW,NONE,0.006,0.0
2645,32Nvl_L1_NS,32NVL_NS,0.007,0.0
2645,NvcNvl_L1_NS,NONE,0.052,0.0
2645,NvcNvl_L3_EW,NONE,0.019,0.0
2645,32Mt_L2_EW,NONE,0.008,0.0
2645,NvcMt_L2_EW,NVCMT_EW,0.008,-0.003
2645,NvcCmt8_L1_EW,NONE,0.006,0.0
2650,304Nvl_L1_NS,304NVL_NS,0.009,0.009
2650,304Nvl_L3_NS,NONE,0.007,0.0
2650,304Nvl_L1_EW,304NVL_EW,0.025,0.025
2650,304Nvl_L2_EW,304NVL_EW,0.007,0.007
2650,304Nvl_L1_NS,NONE,0.007,0.0
2650,32Nvl_L1_EW,32NVL_EW,0.014,0.009
2650,32Nvl_L2_EW,32NVL_EW,0.015,0.012
2650,32Nvl_L3_NS,NONE,0.008,0.0
2650,32Nvl_L2_NS,32NVL_NS,0.008,0.003
2650,NvcNvl_L1_EW,NVCNVL_EW,0.007,0.007
2650,32Mt_L1_NS,32MT_NS,0.019,0.019
2650,32Mt_L1_EW,NONE,0.007,0.0
2650,32Mt_L1_EW,32MT_EW,0.007,-0.003
2650,304Nvl_L2_NS,304NVL_NS,0.008,0.002
2650,304Nvl_L3_EW,NONE,0.006,0.0
2650,32Nvl_L3_EW,NONE,0.013,0.0
2650,32Nvl_L1_NS,32NVL_NS,0.007,0.0
2650,32Mt_L2_EW,32MT_EW,0.005,-0.005
2655,304Nvl_L1_NS,304NVL_NS,0.009,0.009
2655,304Nvl_L3_NS,NONE,0.007,0.0
2655,304Nvl_L1_NS,NONE,0.007,0.0
2655,32Nvl_L1_EW,32NVL_EW,0.014,0.009
2655,32Nvl_L2_EW,32NVL_EW,0.015,0.015
2655,32Nvl_L3_NS,NONE,0.008,0.0
2655,32Nvl_L2_NS,32NVL_NS,0.008,0.003
2655,32Mt_L1_NS,32MT_NS,0.006,0.006
2655,32Mt_L1_EW,32MT_EW,0.007,-0.003
2655,32Mt_L1_NS,NONE,0.059,0.0
2655,32Thn_L1_EW,NONE,0.049,0.0
2655,32Thn_L2_EW,NONE,0.051,0.0
2655,32Thn_L3_EW,NONE,0.035,0.0
2655,304Nvl_L2_NS,304NVL_NS,0.008,0.002
2655,32Nvl_L3_EW,NONE,0.013,0.0
2655,32Nvl_L1_NS,32NVL_NS,0.007,0.0
2655,32Mt_L2_NS,NONE,0.052,0.0
2660,304Nvl_L1_NS,304NVL_NS,0.009,0.009
2660,304Nvl_L3_NS,NONE,0.007,0.0
2660,304Nvl_L1_NS,NONE,0.015,0.0
2660,304Nvl_L3_NS,NONE,0.008,0.0
2660,32Nvl_L1_EW,32NVL_EW,0.007,-0.021
2660,32Nvl_L2_EW,32NVL_EW,0.008,0.008
2660,32Nvl_L3_NS,NONE,0.008,0.0
2660,32Nvl_L2_NS,32NVL_NS,0.008,0.003
2660,32Mt_L1_NS,NONE,0.059,0.0
2660,NvcMt_L2_NS,NONE,0.005,0.0
2660,32Thn_L1_EW,32THN_EW,0.04,0.035
2660,304Nvl_L2_NS,304NVL_NS,0.008,0.002
2660,304Nvl_L2_NS,NONE,0.007,0.0
2660,32Nvl_L3_EW,NONE,0.006,0.0
2660,32Nvl_L1_NS,32NVL_NS,0.013,0.007
2660,32Mt_L2_NS,NONE,0.052,0.0
2660,NvcMt_L1_NS,NONE,0.005,0.0
2665,304Nvl_L1_NS,304NVL_NS,0.009,0.004
2665,304Nvl_L3_NS,NONE,0.007,0.0
2665,304Nvl_L1_NS,NONE,0.007,0.0
2665,304Nvl_L3_NS,NONE,0.008,0.0
2665,32Nvl_L1_NS,32NVL_NS,0.007,0.001
2665,32Nvl_L1_EW,32NVL_EW,0.007,-0.021
2665,32Nvl_L2_EW,32NVL_EW,0.008,0.008
2665,NvcNvl_L1_EW,NVCNVL_EW,0.007,0.007
2665,NvcNvl_L2_EW,NVCNVL_EW,0.008,0.008
2665,32Mt_L1_NS,32MT_NS,0.006,0.006
2665,32Mt_L1_EW,NONE,0.036,0.0
2665,32Thn_L1_EW,32THN_EW,0.04,0.035
2665,304Nvl_L2_NS,304NVL_NS,0.008,0.008
2665,304Nvl_L2_NS,NONE,0.007,0.0
2665,32Nvl_L3_EW,NONE,0.006,0.0
2665,NvcNvl_L3_EW,NONE,0.009,0.0
2670,304Nvl_L1_NS,304NVL_NS,0.009,0.009
2670,304Nvl_L3_NS,NONE,0.007,0.0
2670,304Nvl_L1_EW,304NVL_EW,0.008,0.008
2670,32Nvl_L1_EW,32NVL_EW,0.007,0.001
2670,32Nvl_L2_EW,32NVL_EW,0.008,0.002
2670,NvcNvl_L3_NS,NONE,0.007,0.0
2670,NvcNvl_L2_NS,NONE,0.007,0.0
2670,NvcNvl_L1_EW,NVCNVL_EW,0.007,0.007
2670,NvcNvl_L2_EW,NVCNVL_EW,0.008,0.008
2670,32Mt_L1_NS,32MT_NS,0.006,0.006
2670,32Mt_L1_NS,NONE,0.01,0.0
2670,32Thn_L1_EW,32THN_EW,0.008,0.003
2670,32Thn_L2_EW,32THN_EW,0.008,0.003
2670,32Thn_L3_EW,NONE,0.008,0.0
2670,304Nvl_L2_NS,304NVL_NS,0.008,0.008
2670,32Nvl_L3_EW,NONE,0.006,0.0
2670,NvcNvl_L1_NS,NONE,0.009,0.0
2670,NvcNvl_L3_EW,NONE,0.009,0.0
2670,32Mt_L2_NS,NONE,0.009,0.0
2675,304Nvl_L1_NS,304NVL_NS,0.009,0.009
2675,304Nvl_L3_NS,NONE,0.007,0.0
2675,304Nvl_L1_EW,304NVL_EW,0.008,0.008
2675,32Nvl_L1_EW,32NVL_EW,0.007,-0.026
2675,32Nvl_L2_EW,32NVL_EW,0.008,-0.025
2675,NvcNvl_L3_NS,NONE,0.007,0.0
2675,NvcNvl_L2_NS,NONE,0.007,0.0
2675,NvcNvl_L1_EW,NVCNVL_EW,0.007,0.007
2675,NvcNvl_L2_EW,NVCNVL_EW,0.008,0.008
2675,32Mt_L1_NS,32MT_NS,0.006,0.006
2675,32Mt_L1_EW,32MT_EW,0.007,0.002
2675,32Mt_L1_NS,NONE,0.01,0.0
2675,32Thn_L1_EW,NONE,0.01,0.0
2675,32Thn_L1_EW,32THN_EW,0.04,0.035
2675,32Thn_L2_EW,32THN_EW,0.042,0.036
2675,32Thn_L3_EW,NONE,0.041,0.0
2675,304Nvl_L2_NS,304NVL_NS,0.008,0.008
2675,32Nvl_L3_EW,NONE,0.006,0.0
2675,32Nvl_L1_NS,32NVL_NS,0.007,0.0
2675,NvcNvl_L1_NS,NONE,0.009,0.0
2675,NvcNvl_L3_EW,NONE,0.009,0.0
2675,32Mt_L2_EW,32MT_EW,0.005,0.0
2675,32Mt_L2_NS,NONE,0.009,0.0
2680,304Nvl_L1_NS,304NVL_NS,0.009,-0.025
2680,304Nvl_L3_NS,NONE,0.007,0.0
2680,32Nvl_L3_NS,NONE,0.048,0.0
2680,32Nvl_L1_NS,32NVL_NS,0.048,0.042
2680,32Nvl_L1_EW,32NVL_EW,0.014,-0.014
2680,32Nvl_L2_EW,32NVL_EW,0.015,-0.014
2680,NvcNvl_L3_NS,NONE,0.007,0.0
2680,NvcNvl_L2_NS,NONE,0.007,0.0
2680,NvcNvl_L1_EW,NVCNVL_EW,0.007,0.007
2680,NvcNvl_L2_EW,NVCNVL_EW,0.008,0.006
2680,32Mt_L1_NS,32MT_NS,0.006,0.006
2680,32Mt_L1_EW,NONE,0.007,0.0
2680,NvcMt_L2_EW,NVCMT_EW,0.003,-0.003
2680,32Thn_L1_EW,32THN_EW,0.04,0.03
2680,32Thn_L2_EW,32THN_EW,0.042,0.031
2680,32Thn_L3_EW,NONE,0.041,0.0
2680,304Nvl_L2_NS,304NVL_NS,0.008,0.008
2680,32Nvl_L2_NS,32NVL_NS,0.047,0.041
2680,32Nvl_L3_EW,NONE,0.013,0.0
2680,NvcNvl_L1_NS,NONE,0.009,0.0
2680,NvcNvl_L3_EW,NONE,0.009,0.0
2680,NvcMt_L1_EW,NVCMT_EW,0.006,0.001
2685,304Nvl_L1_NS,304NVL_NS,0.009,-0.03
2685,304Nvl_L3_NS,NONE,0.007,0.0
2685,304Nvl_L1_EW,304NVL_EW,0.008,0.008
2685,304Nvl_L2_EW,304NVL_EW,0.007,0.007
2685,304Nvl_L1_NS,NONE,0.007,0.0
2685,32Nvl_L3_NS,NONE,0.014,0.0
2685,32Nvl_L1_NS,32NVL_NS,0.055,0.049
2685,NvcNvl_L1_EW,NONE,0.032,0.0
2685,NvcNvl_L2_EW,NONE,0.023,0.0
2685,32Mt_L1_NS,32MT_NS,0.006,0.006
2685,32Mt_L1_EW,NONE,0.007,0.0
2685,32Mt_L1_EW,32MT_EW,0.007,0.007
2685,32Thn_L1_EW,NONE,0.049,0.0
2685,304Nvl_L2_NS,304NVL_NS,0.008,0.008
2685,304Nvl_L3_EW,NONE,0.006,0.0
2685,304Nvl_L2_NS,NONE,0.007,0.0
2685,32Nvl_L2_NS,32NVL_NS,0.053,0.048
2685,NvcNvl_L3_EW,NONE,0.013,0.0
2685,32Mt_L2_EW,32MT_EW,0.005,0.005
2690,304Nvl_L1_NS,304NVL_NS,0.009,-0.03
2690,304Nvl_L3_NS,NONE,0.007,0.0
2690,32Nvl_L3_NS,NONE,0.02,0.0
2690,32Nvl_L1_NS,32NVL_NS,0.055,0.049
2690,32Nvl_L1_EW,32NVL_EW,0.013,0.013
2690,32Nvl_L3_NS,NONE,0.008,0.0
2690,32Nvl_L2_NS,32NVL_NS,0.008,0.003
2690,32Mt_L1_NS,32MT_NS,0.006,0.006
2690,32Mt_L1_EW,NONE,0.007,0.0
2690,32Mt_L3_EW,NONE,0.009,0.0
2690,NvcCmt8_L2_EW,NONE,0.007,0.0
2690,304Nvl_L2_NS,304NVL_NS,0.008,0.002
2690,32Nvl_L2_NS,32NVL_NS,0.053,0.048
2690,32Nvl_L1_NS,32NVL_NS,0.007,0.0
2690,32Mt_L2_EW,NONE,0.008,0.0
2690,NvcCmt8_L1_EW,NONE,0.006,0.0
2695,32Nvl_L3_NS,NONE,0.007,0.0
2695,32Nvl_L1_NS,32NVL_NS,0.014,0.014
2695,32Nvl_L1_EW,32NVL_EW,0.007,0.007
2695,32Nvl_L2_EW,32NVL_EW,0.008,0.008
2695,32Nvl_L1_EW,32NVL_EW,0.007,0.007
2695,NvcNvl_L3_NS,NONE,0.007,0.0
2695,NvcNvl_L2_NS,NONE,0.007,0.0
2695,32Mt_L1_EW,NONE,0.014,0.0
2695,32Mt_L3_EW,NONE,0.009,0.0
2695,32Nvl_L2_NS,32NVL_NS,0.013,0.013
2695,32Nvl_L3_EW,NONE,0.006,0.0
2695,NvcNvl_L1_NS,NONE,0.009,0.0
2695,32Mt_L2_EW,NONE,0.008,0.0
2700,304Nvl_L1_EW,304NVL_EW,0.017,0.017
2700,304Nvl_L2_EW,304NVL_EW,0.007,0.007
2700,32Nvl_L1_NS,32NVL_NS,0.007,0.007
2700,32Nvl_L1_EW,32NVL_EW,0.007,0.007
2700,32Nvl_L2_EW,32NVL_EW,0.008,0.008
2700,32Nvl_L1_EW,32NVL_EW,0.007,0.007
2700,32Nvl_L3_NS,NONE,0.008,0.0
2700,32Nvl_L2_NS,32NVL_NS,0.008,0.008
2700,NvcNvl_L3_NS,NONE,0.007,0.0
2700,NvcNvl_L2_NS,NONE,0.007,0.0
2700,32Mt_L1_EW,NONE,0.007,0.0
2700,32Mt_L3_EW,NONE,0.009,0.0
2700,32Mt_L1_NS,NONE,0.01,0.0
2700,NvcMt_L2_NS,NONE,0.026,0.0
2700,304Nvl_L3_EW,NONE,0.006,0.0
2700,32Nvl_L3_EW,NONE,0.006,0.0
2700,32Nvl_L1_NS,32NVL_NS,0.007,0.007
2700,NvcNvl_L1_NS,NONE,0.009,0.0
2700,32Mt_L2_EW,NONE,0.008,0.0
2700,NvcMt_L1_NS,NONE,0.027,0.0
2700,NvcCmt8_L1_EW,NVCCMT8_EW,0.008,0.008
2705,304Nvl_L1_NS,304NVL_NS,0.009,0.009
2705,304Nvl_L3_NS,NONE,0.007,0.0
2705,304Nvl_L1_EW,304NVL_EW,0.059,0.059
2705,304Nvl_L2_EW,304NVL_EW,0.044,0.044
2705,304Nvl_L1_NS,NONE,0.007,0.0
2705,32Nvl_L1_EW,32NVL_EW,0.007,0.007
2705,32Nvl_L2_EW,32NVL_EW,0.008,0.008
2705,NvcMt_L2_NS,NONE,0.026,0.0
2705,NvcMt_L1_EW,NVCMT_EW,0.006,0.006
2705,304Nvl_L2_NS,304NVL_NS,0.008,0.008
2705,304Nvl_L3_EW,NONE,0.038,0.0
2705,32Nvl_L3_EW,NONE,0.006,0.0
2705,32Nvl_L1_NS,32NVL_NS,0.007,0.0
2705,NvcMt_L1_NS,NONE,0.027,0.0
2705,NvcMt_L2_EW,NVCMT_EW,0.008,0.008
2710,304Nvl_L1_NS,304NVL_NS,0.009,0.009
2710,304Nvl_L3_NS,NONE,0.007,0.0
2710,304Nvl_L1_EW,304NVL_EW,0.034,0.034
2710,304Nvl_L2_EW,304NVL_EW,0.029,0.029
2710,304Nvl_L1_NS,NONE,0.007,0.0
2710,32Nvl_L1_EW,32NVL_EW,0.007,0.002
2710,32Nvl_L2_EW,32NVL_EW,0.008,0.008
2710,NvcNvl_L1_EW,NVCNVL_EW,0.007,0.003
2710,32Mt_L1_EW,32MT_EW,0.007,0.002
2710,32Mt_L1_NS,NONE,0.049,0.0
2710,NvcMt_L1_EW,NVCMT_EW,0.006,0.001
2710,304Nvl_L2_NS,304NVL_NS,0.008,0.008
2710,304Nvl_L3_EW,NONE,0.025,0.0
2710,32Nvl_L3_EW,NONE,0.006,0.0
2710,32Mt_L2_NS,NONE,0.043,0.0
2710,NvcMt_L2_EW,NVCMT_EW,0.008,0.008
2715,304Nvl_L1_NS,304NVL_NS,0.009,0.009
2715,304Nvl_L3_NS,NONE,0.007,0.0
2715,304Nvl_L1_EW,304NVL_EW,0.034,0.034
2715,304Nvl_L2_EW,304NVL_EW,0.029,0.029
2715,32Nvl_L1_EW,32NVL_EW,0.021,0.016
2715,32Nvl_L2_EW,32NVL_EW,0.023,0.019
2715,NvcNvl_L3_NS,NONE,0.034,0.0
2715,NvcNvl_L2_NS,NONE,0.033,0.0
2715,NvcNvl_L1_EW,NONE,0.011,0.0
2715,NvcNvl_L2_EW,NONE,0.008,0.0
2715,32Mt_L1_NS,32MT_NS,0.031,0.031
2715,32Mt_L1_EW,32MT_EW,0.007,-0.008
2715,NvcMt_L1_EW,NVCMT_EW,0.006,0.006
2715,304Nvl_L2_NS,304NVL_NS,0.008,0.008
2715,304Nvl_L3_EW,NONE,0.025,0.0
2715,32Nvl_L3_EW,NONE,0.019,0.0
2715,NvcNvl_L1_NS,NONE,0.044,0.0
2715,NvcNvl_L3_EW,NONE,0.006,0.0
2715,32Mt_L2_EW,32MT_EW,0.005,-0.011
2715,NvcMt_L2_EW,NVCMT_EW,0.008,0.008
2720,304Nvl_L1_NS,304NVL_NS,0.054,0.054
2720,304Nvl_L3_NS,NONE,0.007,0.0
2720,304Nvl_L1_EW,304NVL_EW,0.008,0.008
2720,304Nvl_L2_EW,304NVL_EW,0.007,0.007
2720,304Nvl_L1_EW,NONE,0.008,0.0
2720,304Nvl_L1_NS,NONE,0.007,0.0
2720,32Nvl_L1_EW,32NVL_EW,0.021,0.011
2720,32Nvl_L2_EW,32NVL_EW,0.023,0.016
2720,32Nvl_L1_EW,32NVL_EW,0.007,-0.003
2720,32Nvl_L2_EW,32NVL_EW,0.007,0.0
2720,NvcNvl_L1_EW,NVCNVL_EW,0.007,-0.002
2720,NvcNvl_L2_EW,NVCNVL_EW,0.008,0.008
2720,32Mt_L1_EW,32MT_EW,0.014,-0.001
2720,NvcMt_L2_NS,NONE,0.005,0.0
2720,NvcMt_L1_EW,NVCMT_EW,0.013,0.008
2720,304Nvl_L2_NS,304NVL_NS,0.008,0.008
2720,304Nvl_L3_EW,NONE,0.006,0.0
2720,32Nvl_L3_EW,NONE,0.006,0.0
2720,32Nvl_L3_EW,NONE,0.019,0.0
2720,NvcNvl_L3_EW,NONE,0.009,0.0
2720,32Mt_L2_EW,32MT_EW,0.011,-0.005
2720,NvcMt_L1_NS,NONE,0.005,0.0
2720,NvcMt_L2_EW,NVCMT_EW,0.016,0.01
2725,304Nvl_L1_NS,304NVL_NS,0.063,0.063
2725,304Nvl_L3_NS,NONE,0.015,0.0
2725,304Nvl_L1_EW,304NVL_EW,0.051,0.051
2725,304Nvl_L2_EW,304NVL_EW,0.036,0.036
2725,304Nvl_L1_NS,NONE,0.015,0.0
2725,32Nvl_L1_EW,32NVL_EW,0.014,0.004
2725,32Nvl_L2_EW,32NVL_EW,0.015,0.008
2725,32Nvl_L1_EW,32NVL_EW,0.007,-0.003
2725,32Nvl_L2_EW,32NVL_EW,0.007,0.0
2725,NvcNvl_L3_NS,NONE,0.007,0.0
2725,NvcNvl_L2_NS,NONE,0.007,0.0
2725,NvcNvl_L1_EW,NONE,0.053,0.0
2725,NvcNvl_L2_EW,NONE,0.038,0.0
2725,NvcNvl_L1_EW,NVCNVL_EW,0.007,-0.002
2725,32Mt_L1_EW,NONE,0.007,0.0
2725,32Mt_L3_EW,NONE,0.009,0.0
2725,32Mt_L1_EW,32MT_EW,0.014,0.004
2725,NvcMt_L2_NS,NONE,0.005,0.0
2725,NvcMt_L1_EW,NVCMT_EW,0.013,0.002
2725,NvcCmt8_L2_EW,NVCCMT8_EW,0.005,0.005
2725,304Nvl_L2_NS,304NVL_NS,0.015,0.015
2725,304Nvl_L3_EW,NONE,0.032,0.0
2725,32Nvl_L3_EW,NONE,0.006,0.0
2725,32Nvl_L3_EW,NONE,0.013,0.0
2725,32Nvl_L1_NS,32NVL_NS,0.007,-0.038
2725,NvcNvl_L1_NS,NONE,0.009,0.0
2725,32Mt_L2_EW,NONE,0.008,0.0
2725,32Mt_L2_EW,32MT_EW,0.011,0.0
2725,NvcMt_L1_NS,NONE,0.005,0.0
2725,NvcMt_L2_EW,NVCMT_EW,0.016,0.012
2725,NvcCmt8_L1_EW,NVCCMT8_EW,0.008,-0.001
2730,304Nvl_L1_NS,304NVL_NS,0.072,0.072
2730,304Nvl_L3_NS,NONE,0.022,0.0
2730,304Nvl_L1_EW,304NVL_EW,0.017,0.017
2730,304Nvl_L2_EW,304NVL_EW,0.007,0.007
2730,32Nvl_L1_EW,32NVL_EW,0.007,-0.003
2730,32Nvl_L2_EW,32NVL_EW,0.008,0.0
2730,32Nvl_L1_EW,32NVL_EW,0.013,0.004
2730,32Nvl_L2_EW,32NVL_EW,0.007,0.0
2730,NvcNvl_L3_NS,NONE,0.014,0.0
2730,NvcNvl_L2_NS,NONE,0.013,0.0
2730,NvcNvl_L1_EW,NONE,0.011,0.0
2730,NvcNvl_L2_EW,NONE,0.008,0.0
2730,32Mt_L1_NS,32MT_NS,0.006,0.006
2730,32Mt_L1_EW,32MT_EW,0.014,0.009
2730,NvcMt_L2_NS,NONE,0.005,0.0
2730,NvcMt_L1_EW,NVCMT_EW,0.013,0.007
2730,NvcCmt8_L2_EW,NVCCMT8_EW,0.005,0.005
2730,304Nvl_L2_NS,304NVL_NS,0.023,0.023
2730,304Nvl_L3_EW,NONE,0.006,0.0
2730,32Nvl_L3_EW,NONE,0.006,0.0
2730,32Nvl_L3_EW,NONE,0.006,0.0
2730,NvcNvl_L1_NS,NONE,0.017,0.0
2730,32Mt_L2_EW,32MT_EW,0.011,0.005
2730,NvcMt_L1_NS,NONE,0.005,0.0
2730,NvcMt_L2_EW,NVCMT_EW,0.016,0.012
2730,NvcCmt8_L1_EW,NVCCMT8_EW,0.008,-0.001
2735,304Nvl_L1_NS,304NVL_NS,0.072,0.063
2735,304Nvl_L3_NS,NONE,0.022,0.0
2735,304Nvl_L1_EW,304NVL_EW,0.017,0.017
2735,304Nvl_L2_EW,304NVL_EW,0.007,0.007
2735,32Nvl_L3_NS,NONE,0.007,0.0
2735,32Nvl_L1_NS,32NVL_NS,0.014,-0.037
2735,32Nvl_L1_EW,32NVL_EW,0.007,-0.003
2735,32Nvl_L2_EW,32NVL_EW,0.008,0.0
2735,32Nvl_L1_EW,32NVL_EW,0.013,0.004
2735,32Nvl_L2_EW,32NVL_EW,0.007,0.0
2735,NvcNvl_L1_EW,NONE,0.011,0.0
2735,NvcNvl_L2_EW,NONE,0.008,0.0
2735,32Mt_L1_EW,32MT_EW,0.014,0.009
2735,NvcMt_L2_NS,NONE,0.005,0.0
2735,NvcMt_L1_EW,NVCMT_EW,0.013,0.007
2735,NvcCmt8_L2_EW,NVCCMT8_EW,0.005,0.005
2735,304Nvl_L2_NS,304NVL_NS,0.061,0.061
2735,304Nvl_L3_EW,NONE,0.006,0.0
2735,32Nvl_L2_NS,32NVL_NS,0.013,-0.029
2735,32Nvl_L3_EW,NONE,0.006,0.0
2735,32Nvl_L3_EW,NONE,0.006,0.0
2735,NvcNvl_L3_EW,NONE,0.006,0.0
2735,32Mt_L2_EW,32MT_EW,0.011,0.005
2735,NvcMt_L1_NS,NONE,0.005,0.0
2735,NvcMt_L2_EW,NVCMT_EW,0.016,0.012
2735,NvcCmt8_L1_EW,NVCCMT8_EW,0.008,-0.001
2740,304Nvl_L1_NS,304NVL_NS,0.027,0.027
2740,304Nvl_L3_NS,NONE,0.022,0.0
2740,304Nvl_L1_EW,304NVL_EW,0.051,0.051
2740,304Nvl_L2_EW,304NVL_EW,0.007,0.007
2740,304Nvl_L1_NS,NONE,0.007,0.0
2740,32Nvl_L1_EW,32NVL_EW,0.042,0.033
2740,32Nvl_L2_EW,32NVL_EW,0.046,0.039
2740,32Nvl_L1_EW,32NVL_EW,0.007,-0.003
2740,32Nvl_L2_EW,32NVL_EW,0.007,0.0
2740,NvcNvl_L1_EW,NVCNVL_EW,0.007,0.003
2740,32Mt_L1_EW,32MT_EW,0.014,-0.016
2740,NvcMt_L1_EW,NVCMT_EW,0.006,-0.004
2740,NvcCmt8_L2_EW,NVCCMT8_EW,0.005,0.005
2740,304Nvl_L2_NS,304NVL_NS,0.023,0.023
2740,304Nvl_L3_EW,NONE,0.006,0.0
2740,32Nvl_L3_EW,NONE,0.006,0.0
2740,32Nvl_L3_EW,NONE,0.038,0.0
2740,32Mt_L2_EW,32MT_EW,0.011,-0.022
2740,NvcMt_L2_EW,NVCMT_EW,0.016,0.012
2740,NvcCmt8_L1_EW,NVCCMT8_EW,0.008,0.003
2745,304Nvl_L1_NS,304NVL_NS,0.027,0.027
2745,304Nvl_L3_NS,NONE,0.022,0.0
2745,304Nvl_L1_EW,304NVL_EW,0.008,0.008
2745,304Nvl_L2_EW,304NVL_EW,0.007,0.007
2745,304Nvl_L1_NS,NONE,0.007,0.0
2745,32Nvl_L1_EW,32NVL_EW,0.007,-0.008
2745,32Nvl_L2_EW,32NVL_EW,0.008,-0.004
2745,32Nvl_L1_EW,32NVL_EW,0.04,0.026
2745,32Nvl_L2_EW,32NVL_EW,0.045,0.033
2745,32Nvl_L3_NS,NONE,0.008,0.0
2745,32Nvl_L2_NS,32NVL_NS,0.008,-0.008
2745,NvcNvl_L3_NS,NONE,0.041,0.0
2745,NvcNvl_L2_NS,NONE,0.04,0.0
2745,32Mt_L1_EW,32MT_EW,0.021,0.016
2745,32Mt_L1_NS,NONE,0.01,0.0
2745,304Nvl_L2_NS,304NVL_NS,0.023,0.017
2745,304Nvl_L3_EW,NONE,0.006,0.0
2745,32Nvl_L3_EW,NONE,0.037,0.0
2745,32Nvl_L3_EW,NONE,0.006,0.0
2745,32Nvl_L1_NS,32NVL_NS,0.007,-0.012
2745,NvcNvl_L1_NS,NONE,0.052,0.0
2745,32Mt_L2_EW,32MT_EW,0.016,0.011
2745,32Mt_L2_NS,NONE,0.009,0.0
2745,NvcCmt8_L1_EW,NONE,0.006,0.0
2750,304Nvl_L1_NS,304NVL_NS,0.027,0.022
2750,304Nvl_L3_NS,NONE,0.022,0.0
2750,304Nvl_L1_NS,NONE,0.007,0.0
2750,32Nvl_L1_NS,32NVL_NS,0.007,-0.012
2750,32Nvl_L1_EW,32NVL_EW,0.007,-0.008
2750,32Nvl_L2_EW,32NVL_EW,0.008,-0.004
2750,32Nvl_L1_EW,32NVL_EW,0.074,0.059
2750,32Nvl_L2_EW,32NVL_EW,0.045,0.033
2750,32Nvl_L3_NS,NONE,0.008,0.0
2750,32Nvl_L2_NS,32NVL_NS,0.008,-0.008
2750,NvcNvl_L3_NS,NONE,0.048,0.0
2750,NvcNvl_L2_NS,NONE,0.046,0.0
2750,32Mt_L1_EW,32MT_EW,0.021,0.016
2750,32Mt_L1_NS,NONE,0.01,0.0
2750,NvcMt_L2_EW,NVCMT_EW,0.003,0.003
2750,32Thn_L1_EW,NONE,0.01,0.0
2750,32Thn_L2_EW,NONE,0.01,0.0
2750,32Thn_L3_EW,NONE,0.007,0.0
2750,304Nvl_L2_NS,304NVL_NS,0.023,0.017
2750,32Nvl_L2_NS,32NVL_NS,0.007,-0.009
2750,32Nvl_L3_EW,NONE,0.037,0.0
2750,32Nvl_L3_EW,NONE,0.006,0.0
2750,32Nvl_L1_NS,32NVL_NS,0.007,-0.012
2750,NvcNvl_L1_NS,NONE,0.061,0.0
2750,32Mt_L2_EW,32MT_EW,0.016,0.011
2750,32Mt_L2_NS,NONE,0.009,0.0
2750,NvcMt_L1_EW,NVCMT_EW,0.006,0.006
2755,304Nvl_L1_NS,304NVL_NS,0.027,0.017
2755,304Nvl_L3_NS,NONE,0.022,0.0
2755,304Nvl_L1_EW,304NVL_EW,0.008,0.008
2755,32Nvl_L3_NS,NONE,0.007,0.0
2755,32Nvl_L1_NS,32NVL_NS,0.014,-0.005
2755,32Nvl_L1_EW,32NVL_EW,0.007,-0.008
2755,32Nvl_L2_EW,32NVL_EW,0.008,0.0
2755,32Nvl_L1_EW,32NVL_EW,0.074,0.058
2755,32Nvl_L2_EW,32NVL_EW,0.045,0.037
2755,NvcNvl_L2_NS,NONE,0.033,0.0
2755,NvcNvl_L1_EW,NONE,0.053,0.0
2755,NvcNvl_L2_EW,NONE,0.038,0.0
2755,NvcNvl_L1_EW,NVCNVL_EW,0.007,0.007
2755,NvcNvl_L2_EW,NVCNVL_EW,0.008,0.008
2755,32Mt_L1_EW,NONE,0.043,0.0
2755,32Mt_L3_EW,NONE,0.044,0.0
2755,32Mt_L1_EW,32MT_EW,0.014,0.009
2755,32Mt_L1_NS,NONE,0.01,0.0
2755,32Thn_L1_EW,NONE,0.019,0.0
2755,32Thn_L2_EW,NONE,0.02,0.0
2755,32Thn_L1_EW,32THN_EW,0.008,0.003
2755,32Thn_L3_EW,NONE,0.014,0.0
2755,304Nvl_L2_NS,304NVL_NS,0.023,0.023
2755,32Nvl_L2_NS,32NVL_NS,0.013,-0.003
2755,32Nvl_L3_EW,NONE,0.037,0.0
2755,32Nvl_L3_EW,NONE,0.006,0.0
2755,NvcNvl_L1_NS,NONE,0.044,0.0
2755,NvcNvl_L3_EW,NONE,0.009,0.0
2755,32Mt_L2_EW,NONE,0.038,0.0
2755,32Mt_L2_EW,32MT_EW,0.011,0.005
2760,304Nvl_L1_NS,304NVL_NS,0.027,0.017
2760,304Nvl_L3_NS,NONE,0.022,0.0
2760,304Nvl_L1_EW,304NVL_EW,0.042,0.042
2760,304Nvl_L2_EW,304NVL_EW,0.036,0.036
2760,32Nvl_L3_NS,NONE,0.007,0.0
2760,32Nvl_L1_NS,32NVL_NS,0.014,-0.005
2760,32Nvl_L1_EW,32NVL_EW,0.007,-0.071
2760,32Nvl_L2_EW,32NVL_EW,0.008,-0.066
2760,32Nvl_L1_EW,32NVL_EW,0.04,-0.037
2760,32Nvl_L2_EW,32NVL_EW,0.045,-0.029
2760,NvcNvl_L1_EW,NONE,0.064,0.0
2760,NvcNvl_L2_EW,NONE,0.046,0.0
2760,32Mt_L1_EW,NONE,0.022,0.0
2760,32Mt_L3_EW,NONE,0.009,0.0
2760,32Mt_L1_EW,32MT_EW,0.007,0.002
2760,32Mt_L1_NS,NONE,0.02,0.0
2760,NvcMt_L1_NS,NVCMT_NS,0.082,0.082
2760,32Thn_L1_EW,NONE,0.01,0.0
2760,32Thn_L2_EW,NONE,0.01,0.0
2760,32Thn_L1_EW,32THN_EW,0.104,0.099
2760,32Thn_L2_EW,32THN_EW,0.1,0.095
2760,32Thn_L3_EW,NONE,0.007,0.0
2760,304Nvl_L2_NS,304NVL_NS,0.023,0.023
2760,304Nvl_L3_EW,NONE,0.032,0.0
2760,32Nvl_L2_NS,32NVL_NS,0.007,-0.009
2760,32Nvl_L3_EW,NONE,0.037,0.0
2760,32Nvl_L3_EW,NONE,0.006,0.0
2760,32Nvl_L1_NS,32NVL_NS,0.007,-0.012
2760,32Mt_L2_EW,NONE,0.008,0.0
2760,32Mt_L2_EW,32MT_EW,0.005,0.0
2760,NvcMt_L2_NS,NVCMT_NS,0.065,0.065
2765,304Nvl_L1_NS,304NVL_NS,0.027,0.022
2765,304Nvl_L3_NS,NONE,0.022,0.0
2765,32Nvl_L3_NS,NONE,0.007,0.0
2765,32Nvl_L1_NS,32NVL_NS,0.007,-0.017
2765,32Nvl_L1_EW,32NVL_EW,0.007,-0.077
2765,32Nvl_L2_EW,32NVL_EW,0.008,-0.068
2765,32Nvl_L1_EW,32NVL_EW,0.04,-0.044
2765,32Nvl_L2_EW,32NVL_EW,0.045,-0.031
2765,32Nvl_L3_NS,NONE,0.017,0.0
2765,32Nvl_L2_NS,32NVL_NS,0.016,0.0
2765,NvcNvl_L3_NS,NONE,0.007,0.0
2765,NvcNvl_L2_NS,NONE,0.007,0.0
2765,NvcNvl_L1_NS,NVCNVL_NS,0.007,0.002
2765,32Mt_L1_NS,32MT_NS,0.031,-0.026
2765,32Mt_L1_NS,NONE,0.01,0.0
2765,NvcMt_L2_NS,NONE,0.005,0.0
2765,NvcMt_L1_NS,NVCMT_NS,0.082,0.06
2765,32Thn_L1_EW,32THN_EW,0.12,0.115
2765,32Thn_L2_EW,32THN_EW,0.108,0.103
2765,32Thn_L3_EW,NONE,0.107,0.0
2765,304Nvl_L2_NS,304NVL_NS,0.023,0.012
2765,32Nvl_L2_NS,32NVL_NS,0.007,-0.009
2765,32Nvl_L3_EW,NONE,0.037,0.0
2765,32Nvl_L3_EW,NONE,0.006,0.0
2765,32Nvl_L1_NS,32NVL_NS,0.02,-0.004
2765,NvcNvl_L1_NS,NONE,0.009,0.0
2765,NvcMt_L1_NS,NONE,0.005,0.0
2765,NvcMt_L2_NS,NVCMT_NS,0.065,0.065
2770,304Nvl_L1_NS,304NVL_NS,0.027,0.022
2770,304Nvl_L3_NS,NONE,0.022,0.0
2770,304Nvl_L1_NS,NONE,0.036,0.0
2770,32Nvl_L3_NS,NONE,0.007,0.0
2770,32Nvl_L1_NS,32NVL_NS,0.007,-0.017
2770,32Nvl_L1_EW,32NVL_EW,0.007,-0.06
2770,32Nvl_L2_EW,32NVL_EW,0.008,-0.062
2770,32Nvl_L1_EW,32NVL_EW,0.04,-0.027
2770,32Nvl_L2_EW,32NVL_EW,0.045,-0.025
2770,32Nvl_L3_NS,NONE,0.008,0.0
2770,32Nvl_L2_NS,32NVL_NS,0.008,-0.008
2770,NvcNvl_L3_NS,NONE,0.007,0.0
2770,NvcNvl_L2_NS,NONE,0.007,0.0
2770,NvcNvl_L1_NS,NVCNVL_NS,0.007,0.002
2770,32Mt_L1_NS,32MT_NS,0.038,-0.02
2770,32Mt_L1_EW,NONE,0.007,0.0
2770,32Mt_L3_EW,NONE,0.009,0.0
2770,32Mt_L1_NS,NONE,0.02,0.0
2770,NvcMt_L1_NS,NVCMT_NS,0.082,0.056
2770,32Thn_L1_EW,NONE,0.01,0.0
2770,32Thn_L1_EW,32THN_EW,0.096,0.091
2770,32Thn_L2_EW,32THN_EW,0.1,0.095
2770,32Thn_L3_EW,NONE,0.098,0.0
2770,304Nvl_L2_NS,304NVL_NS,0.023,0.017
2770,32Nvl_L2_NS,32NVL_NS,0.007,-0.009
2770,32Nvl_L3_EW,NONE,0.037,0.0
2770,32Nvl_L3_EW,NONE,0.006,0.0
2770,32Nvl_L1_NS,32NVL_NS,0.007,-0.017
2770,NvcNvl_L1_NS,NONE,0.009,0.0
2770,32Mt_L2_EW,NONE,0.008,0.0
2770,32Mt_L2_NS,NONE,0.009,0.0
2770,NvcMt_L2_NS,NVCMT_NS,0.065,0.065
2775,304Nvl_L1_NS,304NVL_NS,0.027,0.022
2775,304Nvl_L3_NS,NONE,0.022,0.0
2775,304Nvl_L1_EW,304NVL_EW,0.144,0.144
2775,304Nvl_L2_EW,304NVL_EW,0.123,0.123
2775,32Nvl_L1_NS,32NVL_NS,0.007,-0.012
2775,32Nvl_L1_EW,32NVL_EW,0.007,0.002
2775,32Nvl_L2_EW,32NVL_EW,0.008,0.004
2775,32Nvl_L1_EW,32NVL_EW,0.04,0.035
2775,32Nvl_L2_EW,32NVL_EW,0.045,0.041
2775,32Nvl_L3_NS,NONE,0.008,0.0
2775,32Nvl_L2_NS,32NVL_NS,0.008,-0.008
2775,NvcNvl_L1_EW,NONE,0.011,0.0
2775,NvcNvl_L2_EW,NONE,0.008,0.0
2775,NvcNvl_L1_EW,NVCNVL_EW,0.007,0.007
2775,NvcNvl_L2_EW,NVCNVL_EW,0.008,0.008
2775,32Mt_L1_NS,32MT_NS,0.031,-0.026
2775,32Mt_L1_EW,NONE,0.007,0.0
2775,32Mt_L1_EW,32MT_EW,0.007,0.002
2775,NvcMt_L1_NS,NVCMT_NS,0.082,0.06
2775,32Thn_L1_EW,NONE,0.116,0.0
2775,304Nvl_L2_NS,304NVL_NS,0.023,0.017
2775,304Nvl_L3_EW,NONE,0.108,0.0
2775,32Nvl_L3_EW,NONE,0.037,0.0
2775,32Nvl_L3_EW,NONE,0.006,0.0
2775,32Nvl_L1_NS,32NVL_NS,0.007,-0.012
2775,NvcNvl_L3_EW,NONE,0.006,0.0
2775,32Mt_L2_EW,32MT_EW,0.005,0.0
2775,NvcMt_L2_NS,NVCMT_NS,0.065,0.065
2780,304Thn_L1_EW,NONE,0.007,0.0
2780,304Thn_L2_EW,NONE,0.008,0.0
2780,304Nvl_L1_NS,304NVL_NS,0.027,0.027
2780,304Nvl_L3_NS,NONE,0.022,0.0
2780,304Nvl_L1_EW,304NVL_EW,0.059,0.059
2780,304Nvl_L2_EW,304NVL_EW,0.007,0.007
2780,32Nvl_L1_EW,32NVL_EW,0.007,0.002
2780,32Nvl_L2_EW,32NVL_EW,0.008,0.004
2780,32Nvl_L1_EW,32NVL_EW,0.04,0.035
2780,32Nvl_L2_EW,32NVL_EW,0.045,0.041
2780,32Mt_L1_EW,32MT_EW,0.007,0.002
2780,32Mt_L1_NS,NONE,0.02,0.0
2780,NvcMt_L1_NS,NVCMT_NS,0.082,0.082
2780,32Thn_L1_EW,NONE,0.116,0.0
2780,304Nvl_L2_NS,304NVL_NS,0.023,0.023
2780,304Nvl_L3_EW,NONE,0.006,0.0
2780,32Nvl_L3_EW,NONE,0.037,0.0
2780,32Nvl_L3_EW,NONE,0.006,0.0
2780,32Mt_L2_EW,32MT_EW,0.005,0.0
2780,32Mt_L2_NS,NONE,0.009,0.0
2780,NvcMt_L2_NS,NVCMT_NS,0.065,0.065
2780,304Thn_L3_EW,NONE,0.008,0.0
2785,304Thn_L1_EW,304THN_EW,0.008,0.002
2785,304Nvl_L1_NS,304NVL_NS,0.027,0.022
2785,304Nvl_L3_NS,NONE,0.022,0.0
2785,304Nvl_L1_EW,304NVL_EW,0.008,0.003
2785,304Nvl_L2_EW,304NVL_EW,0.007,0.007
2785,304Nvl_L1_NS,NONE,0.044,0.0
2785,304Nvl_L3_NS,NONE,0.008,0.0
2785,32Nvl_L1_NS,32NVL_NS,0.007,-0.012
2785,32Nvl_L1_EW,32NVL_EW,0.007,0.007
2785,32Nvl_L2_EW,32NVL_EW,0.008,0.008
2785,32Nvl_L1_EW,32NVL_EW,0.04,0.04
2785,32Nvl_L2_EW,32NVL_EW,0.045,0.045
2785,32Nvl_L3_NS,NONE,0.008,0.0
2785,32Nvl_L2_NS,32NVL_NS,0.008,-0.008
2785,NvcNvl_L1_EW,NONE,0.021,0.0
2785,NvcNvl_L2_EW,NONE,0.015,0.0
2785,NvcMt_L1_EW,NVCMT_EW,0.006,0.006
2785,NvcMt_L1_NS,NVCMT_NS,0.082,0.082
2785,304Nvl_L2_NS,304NVL_NS,0.023,0.017
2785,304Nvl_L3_EW,NONE,0.006,0.0
2785,304Nvl_L2_NS,NONE,0.007,0.0
2785,32Nvl_L3_EW,NONE,0.037,0.0
2785,32Nvl_L3_EW,NONE,0.006,0.0
2785,32Nvl_L1_NS,32NVL_NS,0.007,-0.012
2785,NvcNvl_L3_EW,NONE,0.006,0.0
2785,NvcMt_L2_EW,NVCMT_EW,0.008,0.008
2785,NvcMt_L2_NS,NVCMT_NS,0.065,0.065
2790,304Nvl_L1_NS,304NVL_NS,0.027,0.027
2790,304Nvl_L3_NS,NONE,0.022,0.0
2790,304Nvl_L1_EW,304NVL_EW,0.11,0.11
2790,304Nvl_L2_EW,304NVL_EW,0.007,0.007
2790,304Nvl_L1_NS,NONE,0.044,0.0
2790,32Nvl_L1_EW,32NVL_EW,0.007,0.002
2790,32Nvl_L2_EW,32NVL_EW,0.008,0.004
2790,32Nvl_L1_EW,32NVL_EW,0.04,0.035
2790,32Nvl_L2_EW,32NVL_EW,0.045,0.041
2790,32Nvl_L3_NS,NONE,0.042,0.0
2790,32Nvl_L2_NS,32NVL_NS,0.039,0.024
2790,32Mt_L1_EW,32MT_EW,0.007,0.002
2790,NvcMt_L1_NS,NVCMT_NS,0.082,0.082
2790,304Nvl_L2_NS,304NVL_NS,0.023,-0.005
2790,304Nvl_L3_EW,NONE,0.006,0.0
2790,32Nvl_L3_EW,NONE,0.037,0.0
2790,32Nvl_L3_EW,NONE,0.006,0.0
2790,32Nvl_L1_NS,32NVL_NS,0.034,0.015
2790,32Mt_L2_EW,32MT_EW,0.005,0.0
2790,NvcMt_L2_NS,NVCMT_NS,0.065,0.065
2795,304Nvl_L1_NS,304NVL_NS,0.027,0.027
2795,304Nvl_L3_NS,NONE,0.022,0.0
2795,304Nvl_L1_EW,304NVL_EW,0.017,0.017
2795,32Nvl_L1_EW,32NVL_EW,0.007,0.007
2795,32Nvl_L2_EW,32NVL_EW,0.008,0.008
2795,32Nvl_L1_EW,32NVL_EW,0.04,0.04
2795,32Nvl_L2_EW,32NVL_EW,0.045,0.045
2795,32Nvl_L3_NS,NONE,0.083,0.0
2795,32Nvl_L2_NS,32NVL_NS,0.079,0.063
2795,NvcMt_L1_NS,NVCMT_NS,0.082,0.082
2795,32Thn_L1_EW,NONE,0.01,0.0
2795,32Thn_L2_EW,NONE,0.01,0.0
2795,32Thn_L3_EW,NONE,0.007,0.0
2795,304Nvl_L2_NS,304NVL_NS,0.023,-0.033
2795,32Nvl_L3_EW,NONE,0.037,0.0
2795,32Nvl_L3_EW,NONE,0.006,0.0
2795,32Nvl_L1_NS,32NVL_NS,0.067,0.048
2795,NvcMt_L2_NS,NVCMT_NS,0.065,0.065
2800,304Nvl_L1_NS,304NVL_NS,0.027,0.003
2800,304Nvl_L3_NS,NONE,0.022,0.0
2800,304Nvl_L1_EW,304NVL_EW,0.008,0.008
2800,304Nvl_L2_EW,304NVL_EW,0.007,0.007
2800,304Nvl_L1_EW,NONE,0.008,0.0
2800,304Nvl_L1_NS,NONE,0.007,0.0
2800,304Nvl_L3_NS,NONE,0.008,0.0
2800,32Nvl_L3_NS,NONE,0.034,0.0
2800,32Nvl_L1_NS,32NVL_NS,0.035,0.016
2800,32Nvl_L3_NS,NONE,0.083,0.0
2800,32Nvl_L2_NS,32NVL_NS,0.079,0.063
2800,NvcNvl_L1_EW,NVCNVL_EW,0.035,0.035
2800,NvcNvl_L2_EW,NVCNVL_EW,0.039,0.039
2800,32Mt_L1_EW,NONE,0.094,0.0
2800,32Mt_L3_EW,NONE,0.115,0.0
2800,32Mt_L1_NS,NONE,0.01,0.0
2800,NvcMt_L1_NS,NVCMT_NS,0.082,0.082
2800,32Thn_L1_EW,32THN_EW,0.008,0.008
2800,304Nvl_L2_NS,304NVL_NS,0.023,-0.033
2800,304Nvl_L3_EW,NONE,0.006,0.0
2800,304Nvl_L2_NS,NONE,0.007,0.0
2800,32Nvl_L2_NS,32NVL_NS,0.033,0.017
2800,32Nvl_L1_NS,32NVL_NS,0.067,0.048
2800,32Mt_L2_EW,NONE,0.098,0.0
2800,32Mt_L2_NS,NONE,0.009,0.0
2800,NvcMt_L2_NS,NVCMT_NS,0.065,0.065
2805,304Nvl_L1_EW,304NVL_EW,0.008,0.008
2805,304Nvl_L2_EW,304NVL_EW,0.007,0.007
2805,304Nvl_L1_NS,NONE,0.007,0.0
2805,304Nvl_L3_NS,NONE,0.008,0.0
2805,32Nvl_L1_NS,32NVL_NS,0.035,0.035
2805,32Nvl_L3_NS,NONE,0.184,0.0
2805,32Nvl_L2_NS,32NVL_NS,0.174,0.174
2805,NvcNvl_L3_NS,NONE,0.007,0.0
2805,NvcNvl_L2_NS,NONE,0.007,0.0
2805,NvcNvl_L1_EW,NVCNVL_EW,0.035,0.035
2805,NvcNvl_L2_EW,NVCNVL_EW,0.039,0.039
2805,32Mt_L1_EW,NONE,0.007,0.0
2805,32Mt_L3_EW,NONE,0.009,0.0
2805,32Mt_L1_NS,NONE,0.01,0.0
2805,NvcMt_L2_NS,NONE,0.069,0.0
2805,304Nvl_L3_EW,NONE,0.006,0.0
2805,304Nvl_L2_NS,NONE,0.007,0.0
2805,32Nvl_L2_NS,32NVL_NS,0.033,0.033
2805,32Nvl_L1_NS,32NVL_NS,0.154,0.154
2805,NvcNvl_L1_NS,NONE,0.009,0.0
2805,NvcNvl_L3_EW,NONE,0.047,0.0
2805,32Mt_L2_EW,NONE,0.008,0.0
2805,32Mt_L2_NS,NONE,0.009,0.0
2805,NvcMt_L1_NS,NONE,0.071,0.0
2810,304Nvl_L1_EW,304NVL_EW,0.017,0.017
2810,304Nvl_L2_EW,304NVL_EW,0.007,0.007
2810,32Nvl_L1_NS,32NVL_NS,0.035,0.035
2810,32Nvl_L1_EW,32NVL_EW,0.042,-0.016
2810,32Nvl_L2_EW,32NVL_EW,0.046,0.046
2810,32Nvl_L3_NS,NONE,0.209,0.0
2810,32Nvl_L2_NS,32NVL_NS,0.197,0.197
2810,NvcNvl_L1_EW,NVCNVL_EW,0.035,0.035
2810,NvcNvl_L2_EW,NVCNVL_EW,0.039,0.039
2810,32Mt_L1_NS,32MT_NS,0.006,0.006
2810,32Mt_L1_EW,32MT_EW,0.084,0.054
2810,32Mt_L1_NS,NONE,0.01,0.0
2810,NvcMt_L2_NS,NONE,0.069,0.0
2810,304Nvl_L3_EW,NONE,0.006,0.0
2810,32Nvl_L2_NS,32NVL_NS,0.033,0.033
2810,32Nvl_L3_EW,NONE,0.038,0.0
2810,32Nvl_L1_NS,32NVL_NS,0.174,0.174
2810,NvcNvl_L3_EW,NONE,0.047,0.0
2810,32Mt_L2_NS,NONE,0.009,0.0
2810,NvcMt_L1_NS,NONE,0.071,0.0
2815,304Nvl_L1_NS,304NVL_NS,0.009,-0.02
2815,304Nvl_L3_NS,NONE,0.007,0.0
2815,304Nvl_L1_EW,304NVL_EW,0.034,0.034
2815,304Nvl_L2_EW,304NVL_EW,0.015,0.015
2815,304Nvl_L1_NS,NONE,0.007,0.0
2815,32Nvl_L3_NS,NONE,0.041,0.0
2815,32Nvl_L1_NS,32NVL_NS,0.042,0.035
2815,32Nvl_L1_EW,32NVL_EW,0.05,-0.009
2815,32Nvl_L2_EW,32NVL_EW,0.054,0.054
2815,32Nvl_L3_NS,NONE,0.017,0.0
2815,32Nvl_L2_NS,32NVL_NS,0.111,0.105
2815,NvcNvl_L3_NS,NONE,0.007,0.0
2815,NvcNvl_L2_NS,NONE,0.007,0.0
2815,NvcNvl_L1_EW,NONE,0.011,0.0
2815,NvcNvl_L2_EW,NONE,0.008,0.0
2815,NvcNvl_L1_EW,NVCNVL_EW,0.035,0.035
2815,NvcNvl_L2_EW,NVCNVL_EW,0.039,0.039
2815,32Mt_L1_EW,NONE,0.007,0.0
2815,32Mt_L1_EW,32MT_EW,0.084,0.049
2815,32Mt_L1_NS,NONE,0.01,0.0
2815,304Nvl_L2_NS,304NVL_NS,0.008,-0.07
2815,304Nvl_L3_EW,NONE,0.013,0.0
2815,32Nvl_L2_NS,32NVL_NS,0.04,0.035
2815,32Nvl_L3_EW,NONE,0.044,0.0
2815,32Nvl_L1_NS,32NVL_NS,0.094,0.088
2815,NvcNvl_L1_NS,NONE,0.009,0.0
2815,NvcNvl_L3_EW,NONE,0.047,0.0
2815,32Mt_L2_NS,NONE,0.009,0.0
2820,304Nvl_L1_EW,304NVL_EW,0.034,0.034
2820,304Nvl_L2_EW,304NVL_EW,0.022,0.022
2820,32Nvl_L1_EW,32NVL_EW,0.035,-0.029
2820,32Nvl_L2_EW,32NVL_EW,0.039,-0.013
2820,NvcNvl_L1_EW,NVCNVL_EW,0.035,0.035
2820,NvcNvl_L2_EW,NVCNVL_EW,0.039,0.039
2820,32Mt_L1_EW,NONE,0.007,0.0
2820,32Mt_L1_EW,32MT_EW,0.084,0.059
2820,32Mt_L1_NS,NONE,0.01,0.0
2820,NvcMt_L2_NS,NONE,0.005,0.0
2820,32Thn_L1_EW,NONE,0.049,0.0
2820,32Thn_L2_EW,NONE,0.051,0.0
2820,32Thn_L1_EW,32THN_EW,0.008,-0.017
2820,32Thn_L2_EW,32THN_EW,0.008,-0.019
2820,32Thn_L3_EW,NONE,0.035,0.0
2820,32Thn_L3_EW,NONE,0.008,0.0
2820,304Nvl_L3_EW,NONE,0.019,0.0
2820,32Nvl_L3_EW,NONE,0.031,0.0
2820,NvcNvl_L3_EW,NONE,0.047,0.0
2820,32Mt_L2_EW,32MT_EW,0.065,0.038
2820,32Mt_L2_NS,NONE,0.009,0.0
2820,NvcMt_L1_NS,NONE,0.005,0.0
2825,304Nvl_L1_EW,304NVL_EW,0.034,0.034
2825,304Nvl_L2_EW,304NVL_EW,0.022,0.022
2825,32Nvl_L1_EW,32NVL_EW,0.042,-0.049
2825,32Nvl_L2_EW,32NVL_EW,0.046,-0.003
2825,32Nvl_L1_EW,32NVL_EW,0.013,-0.078
2825,32Nvl_L2_EW,32NVL_EW,0.007,-0.042
2825,32Nvl_L3_NS,NONE,0.05,0.0
2825,32Nvl_L2_NS,32NVL_NS,0.047,0.047
2825,NvcNvl_L1_EW,NVCNVL_EW,0.035,0.035
2825,NvcNvl_L2_EW,NVCNVL_EW,0.039,0.039
2825,32Mt_L1_EW,NONE,0.014,0.0
2825,32Mt_L3_EW,NONE,0.009,0.0
2825,32Mt_L1_EW,32MT_EW,0.091,0.061
2825,32Thn_L1_EW,NONE,0.01,0.0
2825,32Thn_L1_EW,32THN_EW,0.04,0.01
2825,304Nvl_L3_EW,NONE,0.019,0.0
2825,32Nvl_L3_EW,NONE,0.006,0.0
2825,32Nvl_L3_EW,NONE,0.038,0.0
2825,32Nvl_L1_NS,32NVL_NS,0.047,0.047
2825,NvcNvl_L3_EW,NONE,0.047,0.0
2825,32Mt_L2_EW,NONE,0.008,0.0
2825,32Mt_L2_EW,32MT_EW,0.071,0.038
2830,304Nvl_L1_EW,304NVL_EW,0.034,0.034
2830,304Nvl_L2_EW,304NVL_EW,0.022,0.022
2830,32Nvl_L1_NS,32NVL_NS,0.007,0.007
2830,32Nvl_L1_EW,32NVL_EW,0.042,0.01
2830,32Nvl_L2_EW,32NVL_EW,0.046,0.043
2830,32Nvl_L1_EW,32NVL_EW,0.013,-0.019
2830,32Nvl_L2_EW,32NVL_EW,0.007,0.004
2830,32Nvl_L3_NS,NONE,0.033,0.0
2830,32Nvl_L2_NS,32NVL_NS,0.032,0.032
2830,NvcNvl_L3_NS,NONE,0.007,0.0
2830,NvcNvl_L2_NS,NONE,0.007,0.0
2830,NvcNvl_L1_EW,NVCNVL_EW,0.035,0.031
2830,NvcNvl_L2_EW,NVCNVL_EW,0.039,0.039
2830,32Mt_L1_EW,32MT_EW,0.007,-0.023
2830,NvcMt_L1_EW,NVCMT_EW,0.006,-0.018
2830,32Thn_L1_EW,NONE,0.01,0.0
2830,32Thn_L1_EW,32THN_EW,0.04,0.01
2830,304Nvl_L3_EW,NONE,0.019,0.0
2830,32Nvl_L3_EW,NONE,0.006,0.0
2830,32Nvl_L3_EW,NONE,0.038,0.0
2830,32Nvl_L1_NS,32NVL_NS,0.06,0.06
2830,NvcNvl_L1_NS,NONE,0.009,0.0
2830,NvcNvl_L3_EW,NONE,0.047,0.0
2830,32Mt_L2_EW,32MT_EW,0.005,-0.027
2830,NvcMt_L2_EW,NVCMT_EW,0.008,-0.019
2835,304Nvl_L1_EW,304NVL_EW,0.025,0.025
2835,304Nvl_L2_EW,304NVL_EW,0.022,0.022
2835,32Nvl_L1_NS,32NVL_NS,0.007,0.007
2835,32Nvl_L1_EW,32NVL_EW,0.035,0.03
2835,32Nvl_L2_EW,32NVL_EW,0.039,0.035
2835,32Nvl_L1_EW,32NVL_EW,0.007,0.002
2835,32Nvl_L2_EW,32NVL_EW,0.007,0.004
2835,32Nvl_L3_NS,NONE,0.025,0.0
2835,32Nvl_L2_NS,32NVL_NS,0.024,0.024
2835,NvcNvl_L1_EW,NVCNVL_EW,0.035,0.035
2835,NvcNvl_L2_EW,NVCNVL_EW,0.039,0.039
2835,32Mt_L1_EW,NONE,0.007,0.0
2835,32Mt_L3_EW,NONE,0.009,0.0
2835,32Mt_L1_EW,32MT_EW,0.007,-0.018
2835,32Mt_L1_NS,NONE,0.01,0.0
2835,NvcMt_L2_NS,NONE,0.005,0.0
2835,304Nvl_L3_EW,NONE,0.019,0.0
2835,32Nvl_L3_EW,NONE,0.006,0.0
2835,32Nvl_L3_EW,NONE,0.031,0.0
2835,32Nvl_L1_NS,32NVL_NS,0.087,0.087
2835,NvcNvl_L3_EW,NONE,0.047,0.0
2835,32Mt_L2_EW,NONE,0.008,0.0
2835,32Mt_L2_EW,32MT_EW,0.005,-0.022
2835,NvcMt_L1_NS,NONE,0.005,0.0
2835,NvcMt_L2_EW,NVCMT_EW,0.008,-0.019
2840,304Nvl_L1_EW,304NVL_EW,0.025,0.025
2840,304Nvl_L2_EW,304NVL_EW,0.022,0.022
2840,32Nvl_L3_NS,NONE,0.007,0.0
2840,32Nvl_L1_NS,32NVL_NS,0.014,0.014
2840,32Nvl_L1_EW,32NVL_EW,0.035,0.03
2840,32Nvl_L2_EW,32NVL_EW,0.039,0.035
2840,32Nvl_L1_EW,32NVL_EW,0.007,0.002
2840,32Nvl_L2_EW,32NVL_EW,0.007,0.004
2840,NvcNvl_L1_EW,NVCNVL_EW,0.035,0.035
2840,NvcNvl_L2_EW,NVCNVL_EW,0.039,0.037
2840,32Mt_L1_NS,32MT_NS,0.006,0.006
2840,32Mt_L1_EW,32MT_EW,0.007,-0.018
2840,NvcMt_L2_EW,NVCMT_EW,0.003,-0.025
2840,304Nvl_L3_EW,NONE,0.019,0.0
2840,32Nvl_L2_NS,32NVL_NS,0.007,0.007
2840,32Nvl_L3_EW,NONE,0.006,0.0
2840,32Nvl_L3_EW,NONE,0.031,0.0
2840,32Nvl_L1_NS,32NVL_NS,0.034,0.034
2840,NvcNvl_L3_EW,NONE,0.047,0.0
2840,32Mt_L2_EW,32MT_EW,0.005,-0.022
2840,NvcMt_L1_EW,NVCMT_EW,0.006,-0.019
2845,304Nvl_L1_EW,304NVL_EW,0.025,0.025
2845,304Nvl_L2_EW,304NVL_EW,0.022,0.022
2845,32Nvl_L3_NS,NONE,0.014,0.0
2845,32Nvl_L1_NS,32NVL_NS,0.021,0.021
2845,32Nvl_L1_EW,32NVL_EW,0.035,0.03
2845,32Nvl_L2_EW,32NVL_EW,0.039,0.035
2845,32Nvl_L1_EW,32NVL_EW,0.007,0.002
2845,32Nvl_L2_EW,32NVL_EW,0.007,0.004
2845,32Nvl_L3_NS,NONE,0.008,0.0
2845,32Nvl_L2_NS,32NVL_NS,0.008,0.008
2845,NvcNvl_L1_EW,NVCNVL_EW,0.035,0.035
2845,NvcNvl_L2_EW,NVCNVL_EW,0.039,0.037
2845,32Mt_L1_EW,32MT_EW,0.007,-0.018
2845,NvcMt_L2_EW,NVCMT_EW,0.003,-0.025
2845,304Nvl_L3_EW,NONE,0.019,0.0
2845,32Nvl_L2_NS,32NVL_NS,0.013,0.013
2845,32Nvl_L3_EW,NONE,0.006,0.0
2845,32Nvl_L3_EW,NONE,0.031,0.0
2845,32Nvl_L1_NS,32NVL_NS,0.007,0.007
2845,NvcNvl_L3_EW,NONE,0.047,0.0
2845,32Mt_L2_EW,32MT_EW,0.005,-0.022
2845,NvcMt_L2_EW,NVCMT_EW,0.008,-0.019
2845,NvcMt_L1_EW,NVCMT_EW,0.006,-0.019
2850,32Nvl_L1_NS,32NVL_NS,0.007,0.007
2850,32Nvl_L1_EW,32NVL_EW,0.035,0.03
2850,32Nvl_L2_EW,32NVL_EW,0.039,0.035
2850,32Nvl_L1_EW,32NVL_EW,0.007,0.002
2850,32Nvl_L2_EW,32NVL_EW,0.007,0.004
2850,32Nvl_L3_NS,NONE,0.008,0.0
2850,32Nvl_L2_NS,32NVL_NS,0.016,0.016
2850,NvcNvl_L1_EW,NVCNVL_EW,0.035,0.031
2850,NvcNvl_L2_EW,NVCNVL_EW,0.039,0.037
2850,32Mt_L1_EW,32MT_EW,0.007,-0.018
2850,NvcMt_L1_EW,NVCMT_EW,0.006,-0.018
2850,NvcMt_L2_EW,NVCMT_EW,0.003,-0.025
2850,NvcMt_L1_NS,NVCMT_NS,0.007,0.007
2850,NvcCmt8_L2_NS,NONE,0.011,0.0
2850,NvcCmt8_L1_NS,NONE,0.008,0.0
2850,32Nvl_L3_EW,NONE,0.006,0.0
2850,32Nvl_L3_EW,NONE,0.031,0.0
2850,32Nvl_L1_NS,32NVL_NS,0.013,0.013
2850,NvcNvl_L3_EW,NONE,0.047,0.0
2850,32Mt_L2_EW,32MT_EW,0.005,-0.022
2850,NvcMt_L2_EW,NVCMT_EW,0.008,-0.019
2850,NvcMt_L1_EW,NVCMT_EW,0.006,-0.019
2850,NvcMt_L2_NS,NVCMT_NS,0.005,0.005
2855,304Thn_L1_EW,NONE,0.007,0.0
2855,304Thn_L2_EW,NONE,0.008,0.0
2855,304Nvl_L1_EW,304NVL_EW,0.008,0.008
2855,304Nvl_L2_EW,304NVL_EW,0.007,0.007
2855,304Nvl_L1_NS,NONE,0.007,0.0
2855,32Nvl_L1_NS,32NVL_NS,0.007,0.007
2855,32Nvl_L1_EW,32NVL_EW,0.035,0.03
2855,32Nvl_L2_EW,32NVL_EW,0.039,0.035
2855,32Nvl_L1_EW,32NVL_EW,0.013,0.009
2855,32Nvl_L2_EW,32NVL_EW,0.007,0.004
2855,NvcNvl_L1_EW,NONE,0.011,0.0
2855,NvcNvl_L2_EW,NONE,0.008,0.0
2855,NvcNvl_L1_EW,NVCNVL_EW,0.042,0.038
2855,NvcNvl_L2_EW,NVCNVL_EW,0.047,0.045
2855,32Mt_L1_EW,32MT_EW,0.007,-0.018
2855,NvcMt_L1_EW,NVCMT_EW,0.006,-0.023
2855,NvcMt_L2_EW,NVCMT_EW,0.003,-0.03
2855,304Nvl_L3_EW,NONE,0.006,0.0
2855,32Nvl_L3_EW,NONE,0.006,0.0
2855,32Nvl_L3_EW,NONE,0.031,0.0
2855,NvcNvl_L3_EW,NONE,0.006,0.0
2855,NvcNvl_L3_EW,NONE,0.056,0.0
2855,32Mt_L2_EW,32MT_EW,0.005,-0.022
2855,NvcMt_L2_EW,NVCMT_EW,0.008,-0.025
2855,NvcMt_L1_EW,NVCMT_EW,0.006,-0.024
2855,304Thn_L3_EW,NONE,0.008,0.0
2860,304Thn_L1_EW,304THN_EW,0.008,0.002
2860,304Nvl_L1_NS,304NVL_NS,0.009,0.009
2860,304Nvl_L3_NS,NONE,0.007,0.0
2860,304Nvl_L1_EW,304NVL_EW,0.008,0.003
2860,32Nvl_L1_EW,32NVL_EW,0.035,0.03
2860,32Nvl_L2_EW,32NVL_EW,0.039,0.035
2860,32Nvl_L1_EW,32NVL_EW,0.007,0.002
2860,32Nvl_L2_EW,32NVL_EW,0.007,0.004
2860,32Nvl_L3_NS,NONE,0.008,0.0
2860,32Nvl_L2_NS,32NVL_NS,0.008,0.003
2860,32Mt_L1_EW,32MT_EW,0.007,-0.018
2860,NvcMt_L1_EW,NVCMT_EW,0.006,0.006
2860,304Nvl_L2_NS,304NVL_NS,0.008,0.002
2860,32Nvl_L3_EW,NONE,0.006,0.0
2860,32Nvl_L3_EW,NONE,0.031,0.0
2860,32Nvl_L1_NS,32NVL_NS,0.007,0.0
2860,32Mt_L2_EW,32MT_EW,0.005,-0.022
2860,NvcMt_L2_EW,NVCMT_EW,0.008,0.008
2865,304Nvl_L1_NS,304NVL_NS,0.009,0.009
2865,304Nvl_L3_NS,NONE,0.007,0.0
2865,304Nvl_L1_EW,304NVL_EW,0.008,0.008
2865,304Nvl_L1_NS,NONE,0.007,0.0
2865,304Nvl_L3_NS,NONE,0.008,0.0
2865,32Nvl_L3_NS,NONE,0.017,0.0
2865,32Nvl_L2_NS,32NVL_NS,0.016,0.01
2865,NvcNvl_L3_NS,NONE,0.007,0.0
2865,NvcNvl_L2_NS,NONE,0.007,0.0
2865,NvcMt_L1_EW,NVCMT_EW,0.006,0.006
2865,304Nvl_L2_NS,304NVL_NS,0.008,-0.003
2865,304Nvl_L2_NS,NONE,0.007,0.0
2865,32Nvl_L1_NS,32NVL_NS,0.013,0.007
2865,NvcNvl_L1_NS,NONE,0.009,0.0
2865,NvcMt_L2_EW,NVCMT_EW,0.008,0.008
2870,304Nvl_L1_NS,304NVL_NS,0.009,0.009
2870,304Nvl_L3_NS,NONE,0.007,0.0
2870,304Nvl_L1_EW,304NVL_EW,0.042,0.042
2870,304Nvl_L2_EW,304NVL_EW,0.036,0.036
2870,304Nvl_L1_NS,NONE,0.007,0.0
2870,304Nvl_L3_NS,NONE,0.008,0.0
2870,32Nvl_L1_EW,32NVL_EW,0.034,0.034
2870,32Nvl_L3_NS,NONE,0.025,0.0
2870,32Nvl_L2_NS,32NVL_NS,0.024,0.018
2870,NvcNvl_L3_NS,NONE,0.007,0.0
2870,NvcNvl_L2_NS,NONE,0.007,0.0
2870,NvcNvl_L1_EW,NONE,0.011,0.0
2870,NvcNvl_L2_EW,NONE,0.008,0.0
2870,32Mt_L1_NS,NONE,0.01,0.0
2870,NvcMt_L1_EW,NVCMT_EW,0.044,0.044
2870,304Nvl_L2_NS,304NVL_NS,0.008,-0.009
2870,304Nvl_L3_EW,NONE,0.032,0.0
2870,304Nvl_L2_NS,NONE,0.007,0.0
2870,32Nvl_L1_NS,32NVL_NS,0.02,0.014
2870,NvcNvl_L1_NS,NONE,0.009,0.0
2870,32Mt_L2_NS,NONE,0.009,0.0
2870,NvcMt_L2_EW,NVCMT_EW,0.056,0.056
2875,304Nvl_L1_NS,304NVL_NS,0.009,0.009
2875,304Nvl_L3_NS,NONE,0.007,0.0
2875,304Nvl_L1_EW,304NVL_EW,0.008,0.008
2875,304Nvl_L1_NS,NONE,0.015,0.0
2875,304Nvl_L3_NS,NONE,0.016,0.0
2875,32Nvl_L1_EW,32NVL_EW,0.034,0.034
2875,32Nvl_L3_NS,NONE,0.025,0.0
2875,32Nvl_L2_NS,32NVL_NS,0.024,0.018
2875,NvcNvl_L3_NS,NONE,0.007,0.0
2875,NvcNvl_L2_NS,NONE,0.007,0.0
2875,NvcNvl_L1_EW,NVCNVL_EW,0.007,-0.02
2875,NvcNvl_L2_EW,NVCNVL_EW,0.008,0.008
2875,32Mt_L1_EW,NONE,0.007,0.0
2875,32Mt_L1_NS,NONE,0.01,0.0
2875,NvcMt_L1_EW,NVCMT_EW,0.038,0.033
2875,304Nvl_L2_NS,304NVL_NS,0.008,-0.009
2875,304Nvl_L2_NS,NONE,0.015,0.0
2875,32Nvl_L1_NS,32NVL_NS,0.02,0.014
2875,NvcNvl_L1_NS,NONE,0.009,0.0
2875,NvcNvl_L3_EW,NONE,0.009,0.0
2875,32Mt_L2_NS,NONE,0.009,0.0
2875,NvcMt_L2_EW,NVCMT_EW,0.048,0.042
2880,304Nvl_L1_NS,304NVL_NS,0.009,0.009
2880,304Nvl_L3_NS,NONE,0.007,0.0
2880,304Nvl_L1_EW,304NVL_EW,0.017,0.017
2880,32Nvl_L1_EW,32NVL_EW,0.007,0.007
2880,32Nvl_L2_EW,32NVL_EW,0.008,0.008
2880,32Nvl_L1_EW,32NVL_EW,0.081,0.081
2880,32Nvl_L2_EW,32NVL_EW,0.09,0.09
2880,32Nvl_L3_NS,NONE,0.033,0.0
2880,32Nvl_L2_NS,32NVL_NS,0.032,0.026
2880,NvcNvl_L1_EW,NVCNVL_EW,0.007,-0.02
2880,32Mt_L1_NS,32MT_NS,0.013,0.013
2880,32Mt_L1_EW,NONE,0.043,0.0
2880,32Mt_L3_EW,NONE,0.044,0.0
2880,32Mt_L1_NS,NONE,0.01,0.0
2880,NvcMt_L1_EW,NVCMT_EW,0.038,0.033
2880,304Nvl_L2_NS,304NVL_NS,0.008,-0.015
2880,32Nvl_L3_EW,NONE,0.006,0.0
2880,32Nvl_L1_NS,32NVL_NS,0.027,0.021
2880,32Mt_L2_NS,32MT_NS,0.006,0.006
2880,32Mt_L2_EW,NONE,0.045,0.0
2880,32Mt_L2_NS,NONE,0.009,0.0
2880,NvcMt_L2_EW,NVCMT_EW,0.048,0.048
2885,304Nvl_L1_NS,304NVL_NS,0.009,0.004
2885,304Nvl_L3_NS,NONE,0.007,0.0
2885,304Nvl_L1_EW,304NVL_EW,0.008,0.008
2885,304Nvl_L1_NS,NONE,0.007,0.0
2885,304Nvl_L3_NS,NONE,0.008,0.0
2885,32Nvl_L1_NS,32NVL_NS,0.007,0.001
2885,32Nvl_L1_EW,32NVL_EW,0.014,0.009
2885,32Nvl_L2_EW,32NVL_EW,0.015,0.012
2885,32Nvl_L1_EW,32NVL_EW,0.081,0.076
2885,32Nvl_L2_EW,32NVL_EW,0.09,0.086
2885,32Nvl_L3_NS,NONE,0.033,0.0
2885,32Nvl_L2_NS,32NVL_NS,0.032,0.026
2885,NvcNvl_L1_EW,NVCNVL_EW,0.014,0.01
2885,32Mt_L1_NS,32MT_NS,0.013,0.013
2885,32Mt_L1_EW,NONE,0.065,0.0
2885,32Mt_L3_EW,NONE,0.08,0.0
2885,32Mt_L1_EW,32MT_EW,0.007,-0.003
2885,32Mt_L1_NS,NONE,0.01,0.0
2885,NvcMt_L2_NS,NONE,0.005,0.0
2885,NvcMt_L1_EW,NVCMT_EW,0.006,-0.004
2885,32Thn_L1_EW,NONE,0.01,0.0
2885,32Thn_L2_EW,NONE,0.01,0.0
2885,32Thn_L3_EW,NONE,0.007,0.0
2885,304Nvl_L2_NS,304NVL_NS,0.008,-0.015
2885,304Nvl_L2_NS,NONE,0.007,0.0
2885,32Nvl_L2_NS,32NVL_NS,0.007,0.001
2885,32Nvl_L3_EW,NONE,0.074,0.0
2885,32Nvl_L3_EW,NONE,0.013,0.0
2885,32Nvl_L1_NS,32NVL_NS,0.027,0.021
2885,32Mt_L2_NS,32MT_NS,0.006,0.006
2885,32Mt_L2_EW,NONE,0.068,0.0
2885,32Mt_L2_EW,32MT_EW,0.005,-0.005
2885,32Mt_L2_NS,NONE,0.009,0.0
2885,NvcMt_L1_NS,NONE,0.005,0.0
2885,NvcMt_L2_EW,NVCMT_EW,0.008,0.008
2890,304Nvl_L1_NS,304NVL_NS,0.009,0.004
2890,304Nvl_L3_NS,NONE,0.007,0.0
2890,304Nvl_L1_EW,304NVL_EW,0.042,0.042
2890,304Nvl_L2_EW,304NVL_EW,0.036,0.036
2890,32Nvl_L1_NS,32NVL_NS,0.007,0.001
2890,32Nvl_L1_EW,32NVL_EW,0.007,-0.008
2890,32Nvl_L2_EW,32NVL_EW,0.008,0.0
2890,32Nvl_L1_EW,32NVL_EW,0.081,0.065
2890,32Nvl_L2_EW,32NVL_EW,0.09,0.082
2890,32Nvl_L3_NS,NONE,0.042,0.0
2890,32Nvl_L2_NS,32NVL_NS,0.039,0.034
2890,32Mt_L1_NS,32MT_NS,0.019,0.019
2890,32Mt_L1_EW,NONE,0.022,0.0
2890,32Mt_L3_EW,NONE,0.027,0.0
2890,32Mt_L1_EW,32MT_EW,0.014,0.009
2890,NvcMt_L2_NS,NONE,0.005,0.0
2890,32Thn_L1_EW,32THN_EW,0.008,0.003
2890,304Nvl_L2_NS,304NVL_NS,0.008,-0.02
2890,304Nvl_L3_EW,NONE,0.032,0.0
2890,32Nvl_L2_NS,32NVL_NS,0.007,0.001
2890,32Nvl_L3_EW,NONE,0.074,0.0
2890,32Nvl_L3_EW,NONE,0.006,0.0
2890,32Nvl_L1_NS,32NVL_NS,0.04,0.034
2890,32Mt_L2_NS,32MT_NS,0.006,0.006
2890,32Mt_L2_EW,NONE,0.023,0.0
2890,32Mt_L2_EW,32MT_EW,0.011,0.005
2890,NvcMt_L1_NS,NONE,0.011,0.0
2895,304Nvl_L1_NS,304NVL_NS,0.009,0.004
2895,304Nvl_L3_NS,NONE,0.007,0.0
2895,304Nvl_L1_EW,304NVL_EW,0.076,0.076
2895,304Nvl_L2_EW,304NVL_EW,0.058,0.058
2895,32Nvl_L1_NS,32NVL_NS,0.007,0.001
2895,32Nvl_L1_EW,32NVL_EW,0.013,0.009
2895,32Nvl_L2_EW,32NVL_EW,0.007,0.004
2895,32Nvl_L3_NS,NONE,0.058,0.0
2895,32Nvl_L2_NS,32NVL_NS,0.095,0.089
2895,32Mt_L1_NS,32MT_NS,0.019,0.014
2895,32Mt_L1_EW,NONE,0.007,0.0
2895,32Mt_L3_EW,NONE,0.009,0.0
2895,32Mt_L1_EW,32MT_EW,0.007,0.007
2895,NvcMt_L2_NS,NONE,0.005,0.0
2895,NvcMt_L1_NS,NVCMT_NS,0.007,-0.006
2895,304Nvl_L2_NS,304NVL_NS,0.008,-0.059
2895,304Nvl_L3_EW,NONE,0.051,0.0
2895,32Nvl_L2_NS,32NVL_NS,0.007,0.001
2895,32Nvl_L3_EW,NONE,0.006,0.0
2895,32Nvl_L1_NS,32NVL_NS,0.087,0.081
2895,32Mt_L2_NS,32MT_NS,0.006,0.003
2895,32Mt_L2_EW,NONE,0.008,0.0
2895,32Mt_L2_EW,32MT_EW,0.005,0.005
2895,NvcMt_L1_NS,NONE,0.005,0.0
2895,NvcMt_L2_NS,NVCMT_NS,0.005,0.001
2900,304Nvl_L1_NS,304NVL_NS,0.009,0.004
2900,304Nvl_L3_NS,NONE,0.007,0.0
2900,304Nvl_L1_EW,304NVL_EW,0.076,0.076
2900,304Nvl_L2_EW,304NVL_EW,0.065,0.065
2900,32Nvl_L1_NS,32NVL_NS,0.007,0.001
2900,32Nvl_L3_NS,NONE,0.142,0.0
2900,32Nvl_L2_NS,32NVL_NS,0.134,0.129
2900,NvcNvl_L2_NS,NONE,0.007,0.0
2900,32Mt_L1_NS,32MT_NS,0.013,0.013
2900,32Mt_L1_EW,NONE,0.007,0.0
2900,32Mt_L3_EW,NONE,0.009,0.0
2900,32Mt_L1_EW,32MT_EW,0.014,0.014
2900,32Mt_L1_NS,NONE,0.01,0.0
2900,NvcMt_L1_EW,NVCMT_EW,0.083,0.083
2900,304Nvl_L2_NS,304NVL_NS,0.008,-0.086
2900,304Nvl_L3_EW,NONE,0.051,0.0
2900,32Nvl_L2_NS,32NVL_NS,0.007,0.001
2900,32Nvl_L1_NS,32NVL_NS,0.128,0.121
2900,NvcNvl_L1_NS,NONE,0.009,0.0
2900,32Mt_L2_EW,NONE,0.008,0.0
2900,32Mt_L2_EW,32MT_EW,0.005,0.005
2900,NvcMt_L2_EW,NVCMT_EW,0.103,0.103
2905,304Nvl_L1_NS,304NVL_NS,0.009,0.004
2905,304Nvl_L3_NS,NONE,0.007,0.0
2905,304Nvl_L1_EW,304NVL_EW,0.093,0.093
2905,304Nvl_L2_EW,304NVL_EW,0.044,0.044
2905,304Nvl_L1_EW,NONE,0.041,0.0
2905,304Nvl_L1_NS,NONE,0.007,0.0
2905,32Nvl_L1_NS,32NVL_NS,0.007,0.001
2905,32Nvl_L3_NS,NONE,0.159,0.0
2905,32Nvl_L2_NS,32NVL_NS,0.15,0.145
2905,NvcNvl_L3_NS,NONE,0.02,0.0
2905,NvcNvl_L2_NS,NONE,0.02,0.0
2905,32Mt_L1_NS,32MT_NS,0.006,0.006
2905,32Mt_L1_EW,NONE,0.014,0.0
2905,32Mt_L3_EW,NONE,0.009,0.0
2905,32Mt_L1_EW,32MT_EW,0.056,0.056
2905,32Mt_L1_NS,NONE,0.02,0.0
2905,NvcMt_L1_EW,NVCMT_EW,0.083,0.083
2905,32Thn_L1_EW,NONE,0.01,0.0
2905,32Thn_L2_EW,NONE,0.01,0.0
2905,32Thn_L3_EW,NONE,0.007,0.0
2905,304Nvl_L2_NS,304NVL_NS,0.008,-0.097
2905,304Nvl_L3_EW,NONE,0.038,0.0
2905,32Nvl_L2_NS,32NVL_NS,0.007,0.001
2905,32Nvl_L1_NS,32NVL_NS,0.134,0.128
2905,NvcNvl_L1_NS,NONE,0.026,0.0
2905,32Mt_L2_EW,NONE,0.008,0.0
2905,32Mt_L2_EW,32MT_EW,0.038,0.038
2905,32Mt_L2_NS,NONE,0.009,0.0
2905,NvcMt_L2_EW,NVCMT_EW,0.111,0.111
2910,304Nvl_L1_NS,304NVL_NS,0.009,0.004
2910,304Nvl_L3_NS,NONE,0.007,0.0
2910,304Nvl_L1_EW,304NVL_EW,0.051,0.051
2910,304Nvl_L1_NS,NONE,0.022,0.0
2910,32Nvl_L1_NS,32NVL_NS,0.007,0.001
2910,32Nvl_L1_EW,32NVL_EW,0.007,-0.008
2910,32Nvl_L2_EW,32NVL_EW,0.008,0.0
2910,32Nvl_L3_NS,NONE,0.159,0.0
2910,32Nvl_L2_NS,32NVL_NS,0.15,0.145
2910,NvcNvl_L3_NS,NONE,0.041,0.0
2910,NvcNvl_L2_NS,NONE,0.04,0.0
2910,NvcNvl_L1_EW,NONE,0.011,0.0
2910,NvcNvl_L2_EW,NONE,0.008,0.0
2910,NvcNvl_L1_EW,NVCNVL_EW,0.007,0.003
2910,NvcNvl_L2_EW,NVCNVL_EW,0.008,0.008
2910,32Mt_L1_NS,32MT_NS,0.013,0.013
2910,32Mt_L1_EW,NONE,0.014,0.0
2910,32Mt_L3_EW,NONE,0.009,0.0
2910,32Mt_L1_EW,32MT_EW,0.014,0.009
2910,32Mt_L1_NS,NONE,0.01,0.0
2910,NvcMt_L1_EW,NVCMT_EW,0.006,0.001
2910,32Thn_L1_EW,32THN_EW,0.008,0.003
2910,304Nvl_L2_NS,304NVL_NS,0.008,-0.097
2910,32Nvl_L2_NS,32NVL_NS,0.007,0.001
2910,32Nvl_L3_EW,NONE,0.006,0.0
2910,32Nvl_L1_NS,32NVL_NS,0.128,0.121
2910,NvcNvl_L1_NS,NONE,0.052,0.0
2910,NvcNvl_L3_EW,NONE,0.006,0.0
2910,NvcNvl_L3_EW,NONE,0.009,0.0
2910,32Mt_L2_EW,NONE,0.008,0.0
2910,32Mt_L2_EW,32MT_EW,0.011,0.005
2910,NvcMt_L2_EW,NVCMT_EW,0.103,0.098
2915,304Nvl_L1_NS,304NVL_NS,0.009,0.004
2915,304Nvl_L3_NS,NONE,0.007,0.0
2915,304Nvl_L1_NS,NONE,0.073,0.0
2915,32Nvl_L1_NS,32NVL_NS,0.007,0.001
2915,32Nvl_L3_NS,NONE,0.159,0.0
2915,32Nvl_L2_NS,32NVL_NS,0.15,0.145
2915,NvcNvl_L3_NS,NONE,0.007,0.0
2915,NvcNvl_L2_NS,NONE,0.007,0.0
2915,NvcNvl_L1_EW,NVCNVL_EW,0.007,0.007
2915,32Mt_L1_NS,32MT_NS,0.006,0.006
2915,32Mt_L1_EW,NONE,0.036,0.0
2915,32Mt_L1_EW,32MT_EW,0.007,0.007
2915,32Mt_L1_NS,NONE,0.01,0.0
2915,304Nvl_L2_NS,304NVL_NS,0.008,-0.097
2915,32Nvl_L2_NS,32NVL_NS,0.007,0.001
2915,32Nvl_L1_NS,32NVL_NS,0.128,0.121
2915,NvcNvl_L1_NS,NONE,0.009,0.0
2915,32Mt_L2_EW,32MT_EW,0.005,0.005
2920,304Nvl_L1_EW,304NVL_EW,0.008,0.008
2920,32Nvl_L3_NS,NONE,0.134,0.0
2920,32Nvl_L2_NS,32NVL_NS,0.134,0.134
2920,NvcNvl_L1_EW,NVCNVL_EW,0.014,0.014
2920,32Mt_L1_NS,32MT_NS,0.006,0.006
2920,32Mt_L1_EW,NONE,0.007,0.0
2920,32Mt_L3_EW,NONE,0.009,0.0
2920,32Mt_L1_EW,32MT_EW,0.007,0.007
2920,32Mt_L1_NS,NONE,0.01,0.0
2920,32Nvl_L1_NS,32NVL_NS,0.114,0.114
2920,32Mt_L2_EW,NONE,0.008,0.0
2920,32Mt_L2_EW,32MT_EW,0.005,0.005
2920,32Mt_L2_NS,NONE,0.009,0.0
2925,304Nvl_L1_EW,304NVL_EW,0.008,0.008
2925,304Nvl_L1_NS,NONE,0.007,0.0
2925,32Nvl_L1_NS,32NVL_NS,0.007,0.002
2925,32Nvl_L3_NS,NONE,0.125,0.0
2925,32Nvl_L2_NS,32NVL_NS,0.118,0.118
2925,NvcNvl_L1_EW,NVCNVL_EW,0.049,0.045
2925,NvcNvl_L2_EW,NVCNVL_EW,0.039,0.039
2925,NvcNvl_L1_NS,NVCNVL_NS,0.007,0.002
2925,32Mt_L1_NS,32MT_NS,0.006,0.006
2925,32Mt_L1_EW,NONE,0.007,0.0
2925,32Mt_L3_EW,NONE,0.009,0.0
2925,NvcMt_L1_EW,NVCMT_EW,0.006,-0.028
2925,32Nvl_L1_NS,32NVL_NS,0.107,0.103
2925,NvcNvl_L3_EW,NONE,0.047,0.0
2925,32Mt_L2_EW,NONE,0.008,0.0
2925,NvcMt_L2_EW,NVCMT_EW,0.008,-0.019
2930,304Nvl_L1_NS,NONE,0.007,0.0
2930,32Nvl_L1_NS,32NVL_NS,0.007,0.007
2930,32Nvl_L1_EW,32NVL_EW,0.007,0.002
2930,32Nvl_L2_EW,32NVL_EW,0.008,0.008
2930,32Nvl_L3_NS,NONE,0.042,0.0
2930,32Nvl_L2_NS,32NVL_NS,0.039,0.039
2930,NvcNvl_L1_EW,NONE,0.011,0.0
2930,NvcNvl_L2_EW,NONE,0.008,0.0
2930,NvcNvl_L1_EW,NVCNVL_EW,0.007,0.003
2930,32Mt_L1_EW,32MT_EW,0.007,0.002
2930,NvcMt_L1_EW,NVCMT_EW,0.006,0.001
2930,32Nvl_L3_EW,NONE,0.006,0.0
2930,32Nvl_L1_NS,32NVL_NS,0.04,0.04
2930,NvcNvl_L3_EW,NONE,0.006,0.0
2930,NvcMt_L2_EW,NVCMT_EW,0.008,0.008
2935,304Nvl_L1_EW,304NVL_EW,0.008,0.008
2935,304Nvl_L2_EW,304NVL_EW,0.007,0.007
2935,32Nvl_L3_NS,NONE,0.014,0.0
2935,32Nvl_L1_NS,32NVL_NS,0.014,0.014
2935,32Nvl_L1_EW,32NVL_EW,0.007,-0.003
2935,32Nvl_L2_EW,32NVL_EW,0.008,0.004
2935,32Nvl_L3_NS,NONE,0.025,0.0
2935,32Nvl_L2_NS,32NVL_NS,0.024,0.024
2935,NvcNvl_L3_NS,NONE,0.007,0.0
2935,NvcNvl_L2_NS,NONE,0.007,0.0
2935,NvcNvl_L1_EW,NVCNVL_EW,0.007,0.003
2935,NvcNvl_L2_EW,NVCNVL_EW,0.008,0.008
2935,32Mt_L1_EW,NONE,0.007,0.0
2935,32Mt_L3_EW,NONE,0.009,0.0
2935,32Mt_L1_EW,32MT_EW,0.014,0.009
2935,NvcMt_L1_EW,NVCMT_EW,0.006,0.001
2935,32Thn_L1_EW,NONE,0.049,0.0
2935,32Thn_L2_EW,NONE,0.051,0.0
2935,32Thn_L3_EW,NONE,0.035,0.0
2935,304Nvl_L3_EW,NONE,0.006,0.0
2935,32Nvl_L2_NS,32NVL_NS,0.013,0.013
2935,32Nvl_L3_EW,NONE,0.006,0.0
2935,32Nvl_L1_NS,32NVL_NS,0.02,0.02
2935,NvcNvl_L1_NS,NONE,0.009,0.0
2935,NvcNvl_L3_EW,NONE,0.009,0.0
2935,32Mt_L2_EW,NONE,0.008,0.0
2935,32Mt_L2_EW,32MT_EW,0.005,0.0
2935,NvcMt_L2_EW,NVCMT_EW,0.008,0.002
2940,304Nvl_L1_EW,304NVL_EW,0.008,0.008
2940,304Nvl_L2_EW,304NVL_EW,0.007,0.007
2940,32Nvl_L3_NS,NONE,0.034,0.0
2940,32Nvl_L1_NS,32NVL_NS,0.042,0.042
2940,32Nvl_L1_EW,32NVL_EW,0.007,-0.003
2940,32Nvl_L2_EW,32NVL_EW,0.008,0.004
2940,32Mt_L1_NS,32MT_NS,0.006,0.006
2940,32Mt_L1_EW,32MT_EW,0.014,0.009
2940,32Thn_L1_EW,NONE,0.049,0.0
2940,32Thn_L2_EW,NONE,0.051,0.0
2940,32Thn_L3_EW,NONE,0.035,0.0
2940,304Nvl_L3_EW,NONE,0.006,0.0
2940,32Nvl_L2_NS,32NVL_NS,0.04,0.04
2940,32Nvl_L3_EW,NONE,0.006,0.0
2940,32Mt_L2_NS,32MT_NS,0.006,0.006
2940,32Mt_L2_EW,32MT_EW,0.005,0.0
2945,32Nvl_L3_NS,NONE,0.034,0.0
2945,32Nvl_L1_NS,32NVL_NS,0.042,0.042
2945,32Nvl_L1_EW,32NVL_EW,0.007,-0.026
2945,32Nvl_L2_EW,32NVL_EW,0.008,0.008
2945,32Nvl_L3_NS,NONE,0.008,0.0
2945,32Nvl_L2_NS,32NVL_NS,0.008,0.008
2945,NvcNvl_L3_NS,NONE,0.007,0.0
2945,NvcNvl_L2_NS,NONE,0.007,0.0
2945,NvcNvl_L1_EW,NONE,0.021,0.0
2945,NvcNvl_L2_EW,NONE,0.015,0.0
2945,32Mt_L1_EW,32MT_EW,0.007,0.002
2945,32Thn_L1_EW,NONE,0.01,0.0
2945,32Thn_L2_EW,NONE,0.01,0.0
2945,32Thn_L1_EW,32THN_EW,0.04,0.035
2945,32Thn_L3_EW,NONE,0.007,0.0
2945,32Nvl_L2_NS,32NVL_NS,0.033,0.033
2945,32Nvl_L3_EW,NONE,0.006,0.0
2945,32Nvl_L1_NS,32NVL_NS,0.013,0.013
2945,NvcNvl_L1_NS,NONE,0.009,0.0
2950,304Nvl_L1_EW,304NVL_EW,0.008,0.008
2950,304Nvl_L1_NS,NONE,0.007,0.0
2950,32Nvl_L1_NS,32NVL_NS,0.007,0.007
2950,32Nvl_L1_EW,32NVL_EW,0.007,-0.036
2950,32Nvl_L2_EW,32NVL_EW,0.008,0.0
2950,NvcNvl_L1_EW,NONE,0.064,0.0
2950,NvcNvl_L2_EW,NONE,0.046,0.0
2950,NvcNvl_L1_EW,NVCNVL_EW,0.007,0.007
2950,NvcNvl_L2_EW,NVCNVL_EW,0.008,0.008
2950,32Mt_L1_EW,32MT_EW,0.021,0.016
2950,NvcMt_L2_NS,NONE,0.005,0.0
2950,NvcCmt8_L2_EW,NVCCMT8_EW,0.063,0.063
2950,32Thn_L1_EW,NONE,0.01,0.0
2950,32Thn_L2_EW,NONE,0.01,0.0
2950,32Thn_L1_EW,32THN_EW,0.04,0.035
2950,32Thn_L3_EW,NONE,0.007,0.0
2950,32Nvl_L3_EW,NONE,0.006,0.0
2950,NvcNvl_L1_NS,NONE,0.044,0.0
2950,NvcNvl_L3_EW,NONE,0.038,0.0
2950,NvcNvl_L3_EW,NONE,0.009,0.0
2950,32Mt_L2_EW,32MT_EW,0.011,0.005
2950,NvcMt_L1_NS,NONE,0.005,0.0
2950,NvcCmt8_L1_EW,NVCCMT8_EW,0.092,0.092
2955,304Nvl_L1_EW,304NVL_EW,0.008,0.008
2955,304Nvl_L2_EW,304NVL_EW,0.007,0.007
2955,304Nvl_L1_NS,NONE,0.015,0.0
2955,304Nvl_L3_NS,NONE,0.016,0.0
2955,32Nvl_L1_NS,32NVL_NS,0.007,0.007
2955,32Nvl_L1_EW,32NVL_EW,0.014,0.0
2955,32Nvl_L2_EW,32NVL_EW,0.015,0.004
2955,NvcNvl_L3_NS,NONE,0.034,0.0
2955,NvcNvl_L2_NS,NONE,0.033,0.0
2955,NvcNvl_L1_EW,NONE,0.064,0.0
2955,NvcNvl_L2_EW,NONE,0.046,0.0
2955,NvcNvl_L1_EW,NVCNVL_EW,0.014,0.014
2955,NvcNvl_L2_EW,NVCNVL_EW,0.008,0.008
2955,32Mt_L1_EW,NONE,0.007,0.0
2955,32Mt_L3_EW,NONE,0.009,0.0
2955,32Mt_L1_EW,32MT_EW,0.021,0.011
2955,NvcMt_L2_NS,NONE,0.026,0.0
2955,NvcCmt8_L2_EW,NVCCMT8_EW,0.063,0.063
2955,304Nvl_L3_EW,NONE,0.006,0.0
2955,304Nvl_L2_NS,NONE,0.015,0.0
2955,32Nvl_L2_NS,32NVL_NS,0.007,0.007
2955,32Nvl_L3_EW,NONE,0.013,0.0
2955,NvcNvl_L1_NS,NONE,0.044,0.0
2955,NvcNvl_L3_EW,NONE,0.038,0.0
2955,NvcNvl_L3_EW,NONE,0.009,0.0
2955,32Mt_L2_EW,NONE,0.008,0.0
2955,32Mt_L2_EW,32MT_EW,0.016,0.006
2955,NvcMt_L1_NS,NONE,0.027,0.0
2955,NvcCmt8_L1_EW,NVCCMT8_EW,0.092,0.092
2960,304Nvl_L1_EW,304NVL_EW,0.008,0.008
2960,304Nvl_L2_EW,304NVL_EW,0.007,0.007
2960,304Nvl_L1_NS,NONE,0.007,0.0
2960,304Nvl_L3_NS,NONE,0.008,0.0
2960,32Nvl_L1_EW,32NVL_EW,0.007,-0.008
2960,32Nvl_L2_EW,32NVL_EW,0.008,-0.004
2960,NvcNvl_L1_EW,NVCNVL_EW,0.035,0.035
2960,NvcNvl_L2_EW,NVCNVL_EW,0.039,0.039
2960,32Mt_L1_EW,32MT_EW,0.021,0.016
2960,NvcMt_L2_NS,NONE,0.005,0.0
2960,NvcCmt8_L2_EW,NVCCMT8_EW,0.069,0.069
2960,304Nvl_L3_EW,NONE,0.006,0.0
2960,304Nvl_L2_NS,NONE,0.007,0.0
2960,32Nvl_L3_EW,NONE,0.006,0.0
2960,NvcNvl_L3_EW,NONE,0.047,0.0
2960,32Mt_L2_EW,32MT_EW,0.016,0.011
2960,NvcMt_L1_NS,NONE,0.005,0.0
2960,NvcCmt8_L1_EW,NVCCMT8_EW,0.1,0.1
2965,304Nvl_L1_EW,304NVL_EW,0.025,0.025
2965,304Nvl_L2_EW,304NVL_EW,0.007,0.007
2965,32Nvl_L1_EW,32NVL_EW,0.007,-0.008
2965,32Nvl_L2_EW,32NVL_EW,0.008,0.0
2965,NvcNvl_L3_NS,NONE,0.007,0.0
2965,NvcNvl_L2_NS,NONE,0.007,0.0
2965,NvcNvl_L1_EW,NVCNVL_EW,0.035,0.035
2965,32Mt_L1_EW,32MT_EW,0.021,0.016
2965,NvcCmt8_L2_EW,NVCCMT8_EW,0.069,0.069
2965,NvcCmt8_L2_NS,NONE,0.011,0.0
2965,NvcCmt8_L1_NS,NONE,0.008,0.0
2965,304Nvl_L3_EW,NONE,0.006,0.0
2965,32Nvl_L3_EW,NONE,0.006,0.0
2965,32Nvl_L1_NS,32NVL_NS,0.007,0.007
2965,NvcNvl_L1_NS,NONE,0.009,0.0
2965,32Mt_L2_EW,32MT_EW,0.011,0.005
2965,NvcCmt8_L1_EW,NVCCMT8_EW,0.1,0.1
2970,304Nvl_L1_EW,304NVL_EW,0.017,0.017
2970,304Nvl_L2_EW,304NVL_EW,0.007,0.007
2970,304Nvl_L1_NS,NONE,0.007,0.0
2970,32Nvl_L3_NS,NONE,0.007,0.0
2970,32Nvl_L1_NS,32NVL_NS,0.007,0.007
2970,32Nvl_L1_EW,32NVL_EW,0.007,-0.032
2970,32Nvl_L2_EW,32NVL_EW,0.008,-0.023
2970,NvcNvl_L1_EW,NONE,0.011,0.0
2970,NvcNvl_L2_EW,NONE,0.008,0.0
2970,32Mt_L1_EW,NONE,0.036,0.0
2970,32Mt_L3_EW,NONE,0.044,0.0
2970,32Mt_L1_EW,32MT_EW,0.056,0.051
2970,NvcMt_L1_EW,NVCMT_EW,0.006,-0.069
2970,NvcCmt8_L2_EW,NVCCMT8_EW,0.074,0.074
2970,304Nvl_L3_EW,NONE,0.006,0.0
2970,32Nvl_L2_NS,32NVL_NS,0.007,0.007
2970,32Nvl_L3_EW,NONE,0.006,0.0
2970,NvcNvl_L3_EW,NONE,0.006,0.0
2970,32Mt_L2_EW,NONE,0.038,0.0
2970,32Mt_L2_EW,32MT_EW,0.044,0.038
2970,NvcMt_L2_EW,NVCMT_EW,0.016,-0.036
2970,NvcCmt8_L1_EW,NVCCMT8_EW,0.108,0.103
2975,304Nvl_L1_EW,304NVL_EW,0.025,0.025
2975,304Nvl_L2_EW,304NVL_EW,0.015,0.015
2975,304Nvl_L1_NS,NONE,0.015,0.0
2975,304Nvl_L3_NS,NONE,0.008,0.0
2975,32Nvl_L1_EW,32NVL_EW,0.007,-0.032
2975,32Nvl_L2_EW,32NVL_EW,0.008,-0.023
2975,NvcNvl_L3_NS,NONE,0.007,0.0
2975,NvcNvl_L2_NS,NONE,0.007,0.0
2975,NvcNvl_L1_EW,NVCNVL_EW,0.007,0.007
2975,32Mt_L1_EW,NONE,0.05,0.0
2975,32Mt_L3_EW,NONE,0.062,0.0
2975,32Mt_L1_EW,32MT_EW,0.056,0.051
2975,NvcCmt8_L2_EW,NVCCMT8_EW,0.011,0.011
2975,304Nvl_L3_EW,NONE,0.013,0.0
2975,304Nvl_L2_NS,NONE,0.007,0.0
2975,32Nvl_L3_EW,NONE,0.006,0.0
2975,NvcNvl_L1_NS,NONE,0.009,0.0
2975,32Mt_L2_EW,NONE,0.053,0.0
2975,32Mt_L2_EW,32MT_EW,0.044,0.038
2975,NvcCmt8_L1_EW,NVCCMT8_EW,0.108,0.108
2980,304Nvl_L1_NS,304NVL_NS,0.045,0.045
2980,304Nvl_L3_NS,NONE,0.037,0.0
2980,304Nvl_L1_NS,NONE,0.007,0.0
2980,304Nvl_L3_NS,NONE,0.008,0.0
2980,32Nvl_L1_EW,32NVL_EW,0.014,0.009
2980,32Nvl_L2_EW,32NVL_EW,0.015,0.012
2980,32Nvl_L3_NS,NONE,0.008,0.0
2980,32Nvl_L2_NS,32NVL_NS,0.008,-0.019
2980,NvcNvl_L3_NS,NONE,0.034,0.0
2980,NvcNvl_L2_NS,NONE,0.033,0.0
2980,32Mt_L1_EW,NONE,0.007,0.0
2980,32Mt_L3_EW,NONE,0.009,0.0
2980,32Mt_L1_EW,32MT_EW,0.007,-0.003
2980,NvcCmt8_L2_NS,NONE,0.012,0.0
2980,304Nvl_L2_NS,304NVL_NS,0.038,0.032
2980,304Nvl_L2_NS,NONE,0.007,0.0
2980,32Nvl_L3_EW,NONE,0.013,0.0
2980,32Nvl_L1_NS,32NVL_NS,0.007,-0.025
2980,NvcNvl_L1_NS,NONE,0.044,0.0
2980,32Mt_L2_EW,NONE,0.008,0.0
2980,32Mt_L2_EW,32MT_EW,0.005,-0.005
2980,NvcCmt8_L1_NS,NONE,0.011,0.0
2985,304Nvl_L1_NS,304NVL_NS,0.054,0.054
2985,304Nvl_L3_NS,NONE,0.037,0.0
2985,304Nvl_L1_EW,304NVL_EW,0.017,0.017
2985,304Nvl_L2_EW,304NVL_EW,0.007,0.007
2985,304Nvl_L1_NS,NONE,0.015,0.0
2985,32Nvl_L1_EW,32NVL_EW,0.021,-0.008
2985,32Nvl_L2_EW,32NVL_EW,0.023,0.004
2985,32Nvl_L3_NS,NONE,0.008,0.0
2985,32Nvl_L2_NS,32NVL_NS,0.008,-0.019
2985,NvcNvl_L3_NS,NONE,0.007,0.0
2985,NvcNvl_L2_NS,NONE,0.007,0.0
2985,NvcNvl_L1_EW,NONE,0.011,0.0
2985,NvcNvl_L2_EW,NONE,0.008,0.0
2985,32Mt_L1_NS,32MT_NS,0.013,0.013
2985,32Mt_L1_EW,32MT_EW,0.042,0.027
2985,32Mt_L1_NS,NONE,0.166,0.0
2985,NvcMt_L1_EW,NVCMT_EW,0.032,0.032
2985,304Nvl_L2_NS,304NVL_NS,0.038,0.032
2985,304Nvl_L3_EW,NONE,0.006,0.0
2985,32Nvl_L3_EW,NONE,0.019,0.0
2985,32Nvl_L1_NS,32NVL_NS,0.007,-0.031
2985,NvcNvl_L1_NS,NONE,0.009,0.0
2985,32Mt_L2_EW,32MT_EW,0.027,0.011
2985,32Mt_L2_NS,NONE,0.104,0.0
2985,NvcMt_L2_EW,NVCMT_EW,0.04,0.04
2985,NvcCmt8_L1_EW,NONE,0.069,0.0
2990,304Thn_L1_EW,NONE,0.034,0.0
2990,304Thn_L2_EW,NONE,0.041,0.0
2990,304Nvl_L1_NS,304NVL_NS,0.054,0.054
2990,304Nvl_L3_NS,NONE,0.037,0.0
2990,304Nvl_L1_EW,304NVL_EW,0.008,0.008
2990,32Nvl_L1_EW,32NVL_EW,0.007,0.002
2990,32Nvl_L2_EW,32NVL_EW,0.008,0.004
2990,NvcNvl_L3_NS,NONE,0.007,0.0
2990,NvcNvl_L2_NS,NONE,0.007,0.0
2990,NvcNvl_L1_EW,NVCNVL_EW,0.035,0.004
2990,32Mt_L1_NS,32MT_NS,0.006,0.006
2990,32Mt_L1_EW,NONE,0.13,0.0
2990,32Mt_L3_EW,NONE,0.115,0.0
2990,32Mt_L1_EW,32MT_EW,0.007,0.002
2990,32Mt_L1_NS,NONE,0.176,0.0
2990,NvcMt_L1_EW,NVCMT_EW,0.044,0.02
2990,304Nvl_L2_NS,304NVL_NS,0.038,0.038
2990,32Nvl_L3_EW,NONE,0.006,0.0
2990,NvcNvl_L1_NS,NONE,0.009,0.0
2990,32Mt_L2_EW,NONE,0.098,0.0
2990,32Mt_L2_EW,32MT_EW,0.005,0.0
2990,32Mt_L2_NS,NONE,0.113,0.0
2990,NvcMt_L2_EW,NVCMT_EW,0.056,0.056
2990,304Thn_L3_EW,NONE,0.041,0.0
2995,304Thn_L1_EW,304THN_EW,0.041,0.041
2995,304Nvl_L1_NS,304NVL_NS,0.054,0.045
2995,304Nvl_L3_NS,NONE,0.037,0.0
2995,304Nvl_L1_NS,NONE,0.007,0.0
2995,32Nvl_L3_NS,NONE,0.007,0.0
2995,32Nvl_L1_NS,32NVL_NS,0.014,-0.024
2995,32Nvl_L1_EW,32NVL_EW,0.007,0.007
2995,32Nvl_L2_EW,32NVL_EW,0.008,0.008
2995,32Nvl_L1_EW,32NVL_EW,0.007,0.007
2995,32Mt_L1_NS,32MT_NS,0.075,0.075
2995,32Mt_L1_EW,NONE,0.05,0.0
2995,32Mt_L3_EW,NONE,0.009,0.0
2995,32Mt_L1_NS,NONE,0.01,0.0
2995,NvcMt_L1_EW,NVCMT_EW,0.006,0.001
2995,NvcCmt8_L2_EW,NVCCMT8_EW,0.005,0.005
2995,304Nvl_L2_NS,304NVL_NS,0.038,0.038
2995,32Nvl_L2_NS,32NVL_NS,0.007,-0.02
2995,32Nvl_L3_EW,NONE,0.006,0.0
2995,32Nvl_L1_NS,32NVL_NS,0.007,-0.031
2995,32Mt_L2_EW,NONE,0.008,0.0
2995,32Mt_L2_NS,NONE,0.009,0.0
2995,NvcMt_L2_EW,NVCMT_EW,0.008,0.004
2995,NvcCmt8_L1_EW,NVCCMT8_EW,0.008,0.003
3000,304Thn_L1_EW,304THN_EW,0.041,0.041
3000,304Nvl_L1_NS,304NVL_NS,0.045,0.045
3000,304Nvl_L3_NS,NONE,0.037,0.0
3000,32Nvl_L1_EW,32NVL_EW,0.007,-0.124
3000,32Nvl_L2_EW,32NVL_EW,0.008,-0.066
3000,32Nvl_L1_EW,32NVL_EW,0.007,-0.124
3000,32Mt_L1_NS,32MT_NS,0.082,0.082
3000,32Mt_L1_EW,NONE,0.007,0.0
3000,32Mt_L1_EW,32MT_EW,0.091,0.086
3000,32Mt_L1_NS,NONE,0.01,0.0
3000,32Thn_L1_EW,32THN_EW,0.096,0.091
3000,32Thn_L2_EW,32THN_EW,0.1,0.095
3000,32Thn_L3_EW,NONE,0.098,0.0
3000,304Nvl_L2_NS,304NVL_NS,0.038,0.038
3000,32Nvl_L3_EW,NONE,0.006,0.0
3000,32Mt_L2_EW,32MT_EW,0.005,0.0
3005,304Nvl_L1_NS,304NVL_NS,0.045,0.04
3005,304Nvl_L3_NS,NONE,0.037,0.0
3005,32Nvl_L1_NS,32NVL_NS,0.007,-0.025
3005,32Nvl_L1_EW,32NVL_EW,0.014,-0.053
3005,32Nvl_L2_EW,32NVL_EW,0.015,-0.055
3005,NvcNvl_L1_EW,NVCNVL_EW,0.007,0.007
3005,NvcNvl_L2_EW,NVCNVL_EW,0.008,0.008
3005,32Mt_L1_NS,32MT_NS,0.082,0.082
3005,32Thn_L1_EW,32THN_EW,0.096,0.086
3005,32Thn_L2_EW,32THN_EW,0.1,0.089
3005,32Thn_L3_EW,NONE,0.098,0.0
3005,304Nvl_L2_NS,304NVL_NS,0.038,0.038
3005,32Nvl_L2_NS,32NVL_NS,0.007,-0.02
3005,32Nvl_L3_EW,NONE,0.013,0.0
3005,32Nvl_L1_NS,32NVL_NS,0.007,-0.025
3005,NvcNvl_L3_EW,NONE,0.009,0.0
3005,32Mt_L2_EW,NONE,0.038,0.0
3010,304Nvl_L1_NS,304NVL_NS,0.054,0.045
3010,304Nvl_L3_NS,NONE,0.044,0.0
3010,32Nvl_L3_NS,NONE,0.007,0.0
3010,32Nvl_L1_NS,32NVL_NS,0.014,-0.024
3010,32Nvl_L1_EW,32NVL_EW,0.014,0.014
3010,32Nvl_L2_EW,32NVL_EW,0.015,0.015
3010,NvcNvl_L1_EW,NONE,0.011,0.0
3010,NvcNvl_L2_EW,NONE,0.008,0.0
3010,32Mt_L1_NS,32MT_NS,0.006,0.006
3010,32Mt_L1_EW,NONE,0.05,0.0
3010,32Mt_L3_EW,NONE,0.062,0.0
3010,32Thn_L1_EW,NONE,0.116,0.0
3010,304Nvl_L2_NS,304NVL_NS,0.046,0.046
3010,32Nvl_L2_NS,32NVL_NS,0.013,-0.019
3010,32Nvl_L3_EW,NONE,0.013,0.0
3010,NvcNvl_L3_EW,NONE,0.006,0.0
3010,32Mt_L2_EW,NONE,0.053,0.0
3015,304Nvl_L1_NS,304NVL_NS,0.054,0.04
3015,304Nvl_L3_NS,NONE,0.044,0.0
3015,32Nvl_L3_NS,NONE,0.007,0.0
3015,32Nvl_L1_NS,32NVL_NS,0.021,-0.017
3015,32Nvl_L1_EW,32NVL_EW,0.007,0.007
3015,32Nvl_L2_EW,32NVL_EW,0.008,0.008
3015,32Mt_L1_EW,NONE,0.014,0.0
3015,32Mt_L3_EW,NONE,0.018,0.0
3015,NvcCmt8_L2_NS,NONE,0.011,0.0
3015,32Thn_L1_EW,NONE,0.116,0.0
3015,NvcCmt8_L1_NS,NONE,0.008,0.0
3015,304Nvl_L2_NS,304NVL_NS,0.046,0.046
3015,32Nvl_L2_NS,32NVL_NS,0.02,-0.012
3015,32Nvl_L3_EW,NONE,0.006,0.0
3015,32Nvl_L1_NS,32NVL_NS,0.007,-0.031
3015,32Mt_L2_EW,NONE,0.015,0.0
3020,304Nvl_L1_NS,304NVL_NS,0.054,0.04
3020,304Nvl_L3_NS,NONE,0.044,0.0
3020,304Nvl_L1_EW,304NVL_EW,0.008,0.008
3020,304Nvl_L2_EW,304NVL_EW,0.007,0.007
3020,32Nvl_L3_NS,NONE,0.007,0.0
3020,32Nvl_L1_NS,32NVL_NS,0.021,-0.017
3020,32Mt_L1_NS,32MT_NS,0.031,0.031
3020,32Mt_L1_EW,32MT_EW,0.098,0.098
3020,304Nvl_L2_NS,304NVL_NS,0.046,0.046
3020,304Nvl_L3_EW,NONE,0.006,0.0
3020,32Nvl_L2_NS,32NVL_NS,0.02,-0.012
3020,32Nvl_L1_NS,32NVL_NS,0.013,-0.025
3020,32Mt_L2_EW,32MT_EW,0.071,0.071
3025,304Nvl_L1_NS,304NVL_NS,0.054,0.04
3025,304Nvl_L3_NS,NONE,0.044,0.0
3025,304Nvl_L1_EW,304NVL_EW,0.059,0.059
3025,304Nvl_L2_EW,304NVL_EW,0.051,0.051
3025,304Nvl_L1_NS,NONE,0.007,0.0
3025,304Nvl_L3_NS,NONE,0.008,0.0
3025,32Nvl_L3_NS,NONE,0.007,0.0
3025,32Nvl_L1_NS,32NVL_NS,0.021,-0.017
3025,NvcNvl_L3_NS,NONE,0.007,0.0
3025,NvcNvl_L2_NS,NONE,0.007,0.0
3025,32Mt_L1_NS,32MT_NS,0.031,0.031
3025,32Mt_L1_EW,32MT_EW,0.021,0.021
3025,NvcCmt8_L2_NS,NONE,0.012,0.0
3025,NvcCmt8_L2_EW,NONE,0.007,0.0
3025,NvcCmt8_L2_NS,NONE,0.011,0.0
3025,32Thn_L1_EW,32THN_EW,0.008,0.008
3025,32Thn_L2_EW,32THN_EW,0.008,0.008
3025,NvcCmt8_L1_NS,NONE,0.008,0.0
3025,32Thn_L3_EW,NONE,0.008,0.0
3025,304Nvl_L2_NS,304NVL_NS,0.046,0.046
3025,304Nvl_L3_EW,NONE,0.038,0.0
3025,304Nvl_L2_NS,NONE,0.007,0.0
3025,32Nvl_L2_NS,32NVL_NS,0.02,-0.012
3025,32Nvl_L1_NS,32NVL_NS,0.02,-0.018
3025,NvcNvl_L1_NS,NONE,0.009,0.0
3025,32Mt_L2_EW,32MT_EW,0.016,0.016
3025,NvcCmt8_L1_NS,NONE,0.011,0.0
3025,NvcCmt8_L1_EW,NONE,0.006,0.0
3030,304Nvl_L1_EW,304NVL_EW,0.025,0.025
3030,304Nvl_L2_EW,304NVL_EW,0.022,0.022
3030,304Nvl_L1_NS,NONE,0.007,0.0
3030,32Nvl_L3_NS,NONE,0.014,0.0
3030,32Nvl_L1_NS,32NVL_NS,0.014,0.014
3030,32Mt_L1_NS,32MT_NS,0.038,0.038
3030,32Mt_L1_EW,NONE,0.094,0.0
3030,32Mt_L3_EW,NONE,0.009,0.0
3030,32Mt_L1_NS,NONE,0.02,0.0
3030,NvcMt_L2_NS,NONE,0.005,0.0
3030,NvcCmt8_L2_NS,NONE,0.011,0.0
3030,32Thn_L1_EW,32THN_EW,0.008,0.008
3030,32Thn_L2_EW,32THN_EW,0.008,0.008
3030,NvcCmt8_L1_NS,NONE,0.008,0.0
3030,32Thn_L3_EW,NONE,0.008,0.0
3030,304Nvl_L3_EW,NONE,0.019,0.0
3030,32Nvl_L2_NS,32NVL_NS,0.013,0.013
3030,32Nvl_L1_NS,32NVL_NS,0.007,0.007
3030,32Mt_L2_EW,NONE,0.008,0.0
3030,32Mt_L2_NS,NONE,0.017,0.0
3030,NvcMt_L1_NS,NONE,0.005,0.0
3035,304Nvl_L1_EW,304NVL_EW,0.025,0.025
3035,304Nvl_L2_EW,304NVL_EW,0.022,0.022
3035,304Nvl_L1_EW,NONE,0.041,0.0
3035,32Nvl_L3_NS,NONE,0.05,0.0
3035,32Nvl_L2_NS,32NVL_NS,0.047,0.047
3035,32Mt_L1_NS,32MT_NS,0.006,0.006
3035,32Mt_L1_EW,NONE,0.014,0.0
3035,32Mt_L1_EW,32MT_EW,0.007,0.007
3035,32Thn_L1_EW,32THN_EW,0.008,0.008
3035,32Thn_L2_EW,32THN_EW,0.008,0.008
3035,32Thn_L3_EW,NONE,0.008,0.0
3035,304Nvl_L3_EW,NONE,0.019,0.0
3035,32Nvl_L1_NS,32NVL_NS,0.04,0.04
3035,32Mt_L2_EW,NONE,0.008,0.0
3035,32Mt_L2_EW,32MT_EW,0.005,0.005
3035,NvcCmt8_L1_EW,NVCCMT8_EW,0.008,0.008
3040,304Nvl_L1_EW,304NVL_EW,0.051,0.051
3040,304Nvl_L2_EW,304NVL_EW,0.036,0.036
3040,304Nvl_L1_NS,NONE,0.044,0.0
3040,32Nvl_L1_EW,32NVL_EW,0.042,0.038
3040,32Nvl_L2_EW,32NVL_EW,0.046,0.043
3040,32Mt_L1_NS,32MT_NS,0.006,0.006
3040,32Mt_L1_EW,32MT_EW,0.007,-0.023
3040,32Thn_L1_EW,NONE,0.01,0.0
3040,304Nvl_L3_EW,NONE,0.025,0.0
3040,32Nvl_L3_EW,NONE,0.038,0.0
3040,32Nvl_L1_NS,32NVL_NS,0.007,0.007
3040,32Mt_L2_EW,32MT_EW,0.005,-0.027
3045,304Nvl_L1_EW,304NVL_EW,0.051,0.051
3045,304Nvl_L2_EW,304NVL_EW,0.036,0.036
3045,304Nvl_L1_NS,NONE,0.036,0.0
3045,32Nvl_L1_EW,32NVL_EW,0.007,0.002
3045,32Nvl_L2_EW,32NVL_EW,0.008,0.004
3045,32Nvl_L3_NS,NONE,0.008,0.0
3045,32Nvl_L2_NS,32NVL_NS,0.008,0.008
3045,32Mt_L1_EW,32MT_EW,0.007,0.002
3045,32Mt_L1_NS,NONE,0.02,0.0
3045,32Thn_L1_EW,NONE,0.01,0.0
3045,304Nvl_L3_EW,NONE,0.032,0.0
3045,32Nvl_L3_EW,NONE,0.006,0.0
3045,32Nvl_L1_NS,32NVL_NS,0.007,0.007
3045,32Mt_L2_EW,32MT_EW,0.005,0.0
3045,32Mt_L2_NS,NONE,0.009,0.0
3050,304Nvl_L1_EW,304NVL_EW,0.068,0.068
3050,304Nvl_L2_EW,304NVL_EW,0.051,0.051
3050,32Nvl_L1_EW,32NVL_EW,0.007,0.002
3050,32Nvl_L2_EW,32NVL_EW,0.008,0.004
3050,32Nvl_L3_NS,NONE,0.042,0.0
3050,32Nvl_L2_NS,32NVL_NS,0.039,0.039
3050,NvcNvl_L1_EW,NVCNVL_EW,0.007,0.007
3050,NvcNvl_L2_EW,NVCNVL_EW,0.008,0.008
3050,32Mt_L1_NS,32MT_NS,0.006,0.006
3050,32Mt_L1_EW,32MT_EW,0.007,0.002
3050,NvcMt_L2_NS,NONE,0.005,0.0
3050,32Thn_L1_EW,NONE,0.01,0.0
3050,304Nvl_L3_EW,NONE,0.044,0.0
3050,32Nvl_L3_EW,NONE,0.006,0.0
3050,32Nvl_L1_NS,32NVL_NS,0.074,0.074
3050,NvcNvl_L3_EW,NONE,0.009,0.0
3050,32Mt_L2_EW,32MT_EW,0.005,0.0
3050,NvcMt_L1_NS,NONE,0.005,0.0
3055,304Nvl_L1_EW,304NVL_EW,0.068,0.068
3055,304Nvl_L2_EW,304NVL_EW,0.051,0.051
3055,32Nvl_L1_NS,32NVL_NS,0.014,0.014
3055,32Nvl_L1_EW,32NVL_EW,0.007,-0.008
3055,32Nvl_L2_EW,32NVL_EW,0.008,-0.002
3055,32Nvl_L3_NS,NONE,0.008,0.0
3055,32Nvl_L2_NS,32NVL_NS,0.008,0.008
3055,NvcNvl_L1_EW,NVCNVL_EW,0.007,0.007
3055,NvcNvl_L2_EW,NVCNVL_EW,0.008,0.008
3055,32Mt_L1_EW,NONE,0.007,0.0
3055,32Mt_L1_EW,32MT_EW,0.014,0.009
3055,NvcCmt8_L2_EW,NVCCMT8_EW,0.005,0.005
3055,32Thn_L1_EW,NONE,0.01,0.0
3055,32Thn_L2_EW,NONE,0.01,0.0
3055,32Thn_L1_EW,32THN_EW,0.008,0.003
3055,32Thn_L2_EW,32THN_EW,0.008,0.003
3055,32Thn_L3_EW,NONE,0.007,0.0
3055,32Thn_L3_EW,NONE,0.008,0.0
3055,304Nvl_L3_EW,NONE,0.044,0.0
3055,32Nvl_L2_NS,32NVL_NS,0.007,0.007
3055,32Nvl_L3_EW,NONE,0.006,0.0
3055,32Nvl_L1_NS,32NVL_NS,0.04,0.04
3055,NvcNvl_L3_EW,NONE,0.009,0.0
3055,32Mt_L2_EW,NONE,0.008,0.0
3055,32Mt_L2_EW,32MT_EW,0.005,0.0
3055,NvcCmt8_L1_EW,NVCCMT8_EW,0.008,0.008
3060,304Nvl_L1_EW,304NVL_EW,0.059,0.059
3060,304Nvl_L2_EW,304NVL_EW,0.051,0.051
3060,32Nvl_L1_NS,32NVL_NS,0.035,0.035
3060,32Nvl_L1_EW,32NVL_EW,0.007,-0.008
3060,32Nvl_L2_EW,32NVL_EW,0.008,0.0
3060,32Nvl_L3_NS,NONE,0.042,0.0
3060,32Nvl_L2_NS,32NVL_NS,0.039,0.039
3060,NvcNvl_L1_EW,NVCNVL_EW,0.007,0.007
3060,NvcNvl_L2_EW,NVCNVL_EW,0.008,0.008
3060,32Mt_L1_EW,NONE,0.007,0.0
3060,32Mt_L3_EW,NONE,0.009,0.0
3060,32Mt_L1_EW,32MT_EW,0.014,0.009
3060,32Thn_L1_EW,NONE,0.01,0.0
3060,32Thn_L1_EW,32THN_EW,0.008,0.003
3060,304Nvl_L3_EW,NONE,0.044,0.0
3060,32Nvl_L3_EW,NONE,0.006,0.0
3060,32Nvl_L1_NS,32NVL_NS,0.034,0.034
3060,NvcNvl_L3_EW,NONE,0.009,0.0
3060,32Mt_L2_EW,NONE,0.008,0.0
3060,32Mt_L2_EW,32MT_EW,0.011,0.005
3065,304Nvl_L1_EW,304NVL_EW,0.059,0.059
3065,304Nvl_L2_EW,304NVL_EW,0.051,0.051
3065,304Nvl_L1_NS,NONE,0.007,0.0
3065,32Nvl_L1_NS,32NVL_NS,0.014,0.014
3065,32Nvl_L1_EW,32NVL_EW,0.007,-0.013
3065,32Nvl_L2_EW,32NVL_EW,0.008,-0.01
3065,32Nvl_L3_NS,NONE,0.008,0.0
3065,32Nvl_L2_NS,32NVL_NS,0.008,0.008
3065,NvcNvl_L3_NS,NONE,0.048,0.0
3065,NvcNvl_L2_NS,NONE,0.046,0.0
3065,NvcNvl_L1_EW,NVCNVL_EW,0.007,0.007
3065,NvcNvl_L2_EW,NVCNVL_EW,0.008,0.008
3065,32Mt_L1_EW,NONE,0.007,0.0
3065,32Mt_L3_EW,NONE,0.009,0.0
3065,32Mt_L1_EW,32MT_EW,0.021,0.016
3065,32Thn_L1_EW,NONE,0.01,0.0
3065,32Thn_L1_EW,32THN_EW,0.008,0.003
3065,32Thn_L2_EW,32THN_EW,0.008,0.003
3065,32Thn_L3_EW,NONE,0.008,0.0
3065,304Nvl_L3_EW,NONE,0.044,0.0
3065,32Nvl_L2_NS,32NVL_NS,0.007,0.007
3065,32Nvl_L3_EW,NONE,0.006,0.0
3065,32Nvl_L1_NS,32NVL_NS,0.013,0.013
3065,NvcNvl_L1_NS,NONE,0.061,0.0
3065,NvcNvl_L3_EW,NONE,0.009,0.0
3065,32Mt_L2_EW,NONE,0.008,0.0
3065,32Mt_L2_EW,32MT_EW,0.016,0.011
3070,304Nvl_L1_EW,304NVL_EW,0.042,0.042
3070,304Nvl_L2_EW,304NVL_EW,0.036,0.036
3070,304Nvl_L1_NS,NONE,0.015,0.0
3070,32Nvl_L3_NS,NONE,0.034,0.0
3070,32Nvl_L1_NS,32NVL_NS,0.035,0.035
3070,32Nvl_L1_EW,32NVL_EW,0.007,-0.013
3070,32Nvl_L2_EW,32NVL_EW,0.008,-0.006
3070,32Nvl_L1_EW,32NVL_EW,0.034,0.013
3070,NvcNvl_L3_NS,NONE,0.007,0.0
3070,NvcNvl_L2_NS,NONE,0.007,0.0
3070,NvcNvl_L1_EW,NVCNVL_EW,0.007,0.007
3070,NvcNvl_L2_EW,NVCNVL_EW,0.008,0.008
3070,32Mt_L1_EW,32MT_EW,0.021,0.016
3070,32Mt_L1_NS,NONE,0.01,0.0
3070,NvcCmt8_L2_NS,NONE,0.011,0.0
3070,32Thn_L1_EW,32THN_EW,0.008,0.003
3070,32Thn_L2_EW,32THN_EW,0.008,0.003
3070,NvcCmt8_L1_NS,NONE,0.008,0.0
3070,32Thn_L3_EW,NONE,0.008,0.0
3070,304Nvl_L3_EW,NONE,0.032,0.0
3070,32Nvl_L2_NS,32NVL_NS,0.033,0.033
3070,32Nvl_L3_EW,NONE,0.006,0.0
3070,NvcNvl_L1_NS,NONE,0.009,0.0
3070,NvcNvl_L3_EW,NONE,0.009,0.0
3070,32Mt_L2_EW,32MT_EW,0.011,0.005
3075,304Nvl_L1_EW,304NVL_EW,0.051,0.051
3075,304Nvl_L2_EW,304NVL_EW,0.044,0.044
3075,304Nvl_L1_NS,NONE,0.015,0.0
3075,304Nvl_L3_NS,NONE,0.008,0.0
3075,32Nvl_L3_NS,NONE,0.007,0.0
3075,32Nvl_L1_NS,32NVL_NS,0.014,0.014
3075,32Nvl_L1_EW,32NVL_EW,0.007,-0.013
3075,32Nvl_L2_EW,32NVL_EW,0.008,-0.006
3075,NvcNvl_L1_EW,NONE,0.011,0.0
3075,NvcNvl_L2_EW,NONE,0.008,0.0
3075,NvcNvl_L1_EW,NVCNVL_EW,0.014,0.014
3075,NvcNvl_L2_EW,NVCNVL_EW,0.008,0.008
3075,32Mt_L1_EW,NONE,0.014,0.0
3075,32Mt_L3_EW,NONE,0.018,0.0
3075,32Mt_L1_EW,32MT_EW,0.021,0.016
3075,NvcMt_L1_NS,NVCMT_NS,0.082,0.082
3075,32Thn_L1_EW,32THN_EW,0.008,0.003
3075,32Thn_L2_EW,32THN_EW,0.008,0.003
3075,32Thn_L3_EW,NONE,0.008,0.0
3075,304Nvl_L3_EW,NONE,0.038,0.0
3075,304Nvl_L2_NS,NONE,0.007,0.0
3075,32Nvl_L2_NS,32NVL_NS,0.007,0.007
3075,32Nvl_L3_EW,NONE,0.006,0.0
3075,NvcNvl_L3_EW,NONE,0.009,0.0
3075,32Mt_L2_EW,NONE,0.015,0.0
3075,32Mt_L2_EW,32MT_EW,0.011,0.005
3075,NvcMt_L2_NS,NVCMT_NS,0.065,0.065
3080,304Nvl_L1_EW,304NVL_EW,0.059,0.059
3080,304Nvl_L2_EW,304NVL_EW,0.051,0.051
3080,304Nvl_L1_NS,NONE,0.007,0.0
3080,32Nvl_L1_EW,32NVL_EW,0.007,-0.008
3080,32Nvl_L2_EW,32NVL_EW,0.008,-0.006
3080,NvcNvl_L1_EW,NONE,0.011,0.0
3080,NvcNvl_L2_EW,NONE,0.008,0.0
3080,NvcNvl_L1_EW,NVCNVL_EW,0.014,0.014
3080,NvcNvl_L2_EW,NVCNVL_EW,0.008,0.008
3080,32Mt_L1_EW,NONE,0.014,0.0
3080,32Mt_L3_EW,NONE,0.018,0.0
3080,32Mt_L1_EW,32MT_EW,0.014,0.009
3080,32Mt_L1_NS,NONE,0.02,0.0
3080,NvcMt_L1_NS,NVCMT_NS,0.082,0.082
3080,32Thn_L1_EW,32THN_EW,0.008,0.003
3080,32Thn_L2_EW,32THN_EW,0.008,0.003
3080,32Thn_L3_EW,NONE,0.008,0.0
3080,304Nvl_L3_EW,NONE,0.044,0.0
3080,32Nvl_L3_EW,NONE,0.006,0.0
3080,32Nvl_L1_NS,32NVL_NS,0.007,0.007
3080,NvcNvl_L3_EW,NONE,0.009,0.0
3080,32Mt_L2_EW,NONE,0.015,0.0
3080,32Mt_L2_EW,32MT_EW,0.011,0.005
3080,32Mt_L2_NS,NONE,0.009,0.0
3080,NvcMt_L2_NS,NVCMT_NS,0.065,0.065
3085,304Nvl_L1_EW,304NVL_EW,0.059,0.059
3085,304Nvl_L2_EW,304NVL_EW,0.044,0.044
3085,304Nvl_L1_NS,NONE,0.044,0.0
3085,304Nvl_L3_NS,NONE,0.04,0.0
3085,32Nvl_L1_EW,32NVL_EW,0.007,-0.003
3085,32Nvl_L2_EW,32NVL_EW,0.008,0.004
3085,32Nvl_L3_NS,NONE,0.025,0.0
3085,32Nvl_L2_NS,32NVL_NS,0.024,0.024
3085,NvcNvl_L1_EW,NVCNVL_EW,0.007,0.007
3085,32Mt_L1_EW,NONE,0.036,0.0
3085,32Mt_L3_EW,NONE,0.044,0.0
3085,32Mt_L1_EW,32MT_EW,0.014,0.009
3085,NvcMt_L1_NS,NVCMT_NS,0.082,0.082
3085,32Thn_L1_EW,NONE,0.01,0.0
3085,304Nvl_L3_EW,NONE,0.038,0.0
3085,304Nvl_L2_NS,NONE,0.037,0.0
3085,32Nvl_L3_EW,NONE,0.006,0.0
3085,32Nvl_L1_NS,32NVL_NS,0.02,0.02
3085,32Mt_L2_EW,NONE,0.038,0.0
3085,32Mt_L2_EW,32MT_EW,0.005,0.0
3085,NvcMt_L2_NS,NVCMT_NS,0.065,0.065
3090,304Nvl_L1_EW,304NVL_EW,0.059,0.059
3090,304Nvl_L2_EW,304NVL_EW,0.036,0.036
3090,304Nvl_L1_NS,NONE,0.007,0.0
3090,304Nvl_L3_NS,NONE,0.008,0.0
3090,32Nvl_L3_NS,NONE,0.042,0.0
3090,32Nvl_L2_NS,32NVL_NS,0.039,0.039
3090,NvcNvl_L1_EW,NVCNVL_EW,0.007,0.007
3090,NvcNvl_L2_EW,NVCNVL_EW,0.008,0.006
3090,32Mt_L1_EW,NONE,0.036,0.0
3090,32Mt_L3_EW,NONE,0.044,0.0
3090,32Mt_L1_EW,32MT_EW,0.014,0.014
3090,32Mt_L1_NS,NONE,0.02,0.0
3090,NvcMt_L2_EW,NVCMT_EW,0.003,-0.003
3090,NvcMt_L1_NS,NVCMT_NS,0.082,0.082
3090,32Thn_L1_EW,NONE,0.01,0.0
3090,304Nvl_L3_EW,NONE,0.032,0.0
3090,304Nvl_L2_NS,NONE,0.007,0.0
3090,32Nvl_L1_NS,32NVL_NS,0.034,0.034
3090,NvcNvl_L3_EW,NONE,0.009,0.0
3090,32Mt_L2_EW,NONE,0.038,0.0
3090,32Mt_L2_EW,32MT_EW,0.011,0.011
3090,NvcMt_L1_EW,NVCMT_EW,0.006,0.001
3090,NvcMt_L2_NS,NVCMT_NS,0.065,0.065
3095,304Nvl_L1_EW,304NVL_EW,0.068,0.068
3095,304Nvl_L2_EW,304NVL_EW,0.036,0.036
3095,304Nvl_L1_NS,NONE,0.007,0.0
3095,304Nvl_L3_NS,NONE,0.008,0.0
3095,32Nvl_L3_NS,NONE,0.05,0.0
3095,32Nvl_L2_NS,32NVL_NS,0.047,0.047
3095,NvcNvl_L1_EW,NVCNVL_EW,0.007,0.007
3095,32Mt_L1_EW,NONE,0.007,0.0
3095,32Mt_L3_EW,NONE,0.009,0.0
3095,32Mt_L1_EW,32MT_EW,0.035,0.035
3095,32Mt_L1_NS,NONE,0.01,0.0
3095,NvcMt_L1_NS,NVCMT_NS,0.082,0.082
3095,304Nvl_L3_EW,NONE,0.032,0.0
3095,304Nvl_L2_NS,NONE,0.007,0.0
3095,32Nvl_L1_NS,32NVL_NS,0.047,0.047
3095,32Mt_L2_EW,NONE,0.008,0.0
3095,NvcMt_L2_NS,NVCMT_NS,0.065,0.065
3100,304Thn_L1_EW,NONE,0.034,0.0
3100,304Thn_L2_EW,NONE,0.041,0.0
3100,304Nvl_L1_EW,304NVL_EW,0.034,0.034
3100,304Nvl_L2_EW,304NVL_EW,0.022,0.022
3100,304Nvl_L1_NS,NONE,0.015,0.0
3100,32Nvl_L3_NS,NONE,0.007,0.0
3100,32Nvl_L1_NS,32NVL_NS,0.014,0.014
3100,32Nvl_L3_NS,NONE,0.058,0.0
3100,32Nvl_L2_NS,32NVL_NS,0.055,0.055
3100,NvcNvl_L1_EW,NONE,0.011,0.0
3100,NvcNvl_L2_EW,NONE,0.008,0.0
3100,NvcNvl_L1_EW,NVCNVL_EW,0.007,0.003
3100,NvcNvl_L2_EW,NVCNVL_EW,0.008,0.006
3100,32Mt_L1_EW,NONE,0.043,0.0
3100,32Mt_L3_EW,NONE,0.009,0.0
3100,32Mt_L1_NS,NONE,0.01,0.0
3100,NvcMt_L1_EW,NVCMT_EW,0.006,0.001
3100,NvcMt_L2_EW,NVCMT_EW,0.003,-0.003
3100,NvcMt_L1_NS,NVCMT_NS,0.082,0.082
3100,304Nvl_L3_EW,NONE,0.019,0.0
3100,32Nvl_L2_NS,32NVL_NS,0.013,0.013
3100,32Nvl_L1_NS,32NVL_NS,0.054,0.054
3100,NvcNvl_L3_EW,NONE,0.006,0.0
3100,NvcNvl_L3_EW,NONE,0.009,0.0
3100,32Mt_L2_EW,NONE,0.008,0.0
3100,32Mt_L2_NS,NONE,0.009,0.0
3100,NvcMt_L2_EW,NVCMT_EW,0.008,0.002
3100,NvcMt_L1_EW,NVCMT_EW,0.006,0.001
3100,NvcMt_L2_NS,NVCMT_NS,0.065,0.065
3100,304Thn_L3_EW,NONE,0.041,0.0
3105,304Nvl_L1_EW,304NVL_EW,0.008,0.008
3105,304Nvl_L1_NS,NONE,0.044,0.0
3105,32Nvl_L3_NS,NONE,0.007,0.0
3105,32Nvl_L1_NS,32NVL_NS,0.014,0.014
3105,32Nvl_L3_NS,NONE,0.058,0.0
3105,32Nvl_L2_NS,32NVL_NS,0.055,0.055
3105,32Mt_L1_EW,NONE,0.014,0.0
3105,32Mt_L3_EW,NONE,0.018,0.0
3105,32Mt_L1_EW,32MT_EW,0.007,0.007
3105,NvcMt_L1_NS,NVCMT_NS,0.082,0.082
3105,NvcCmt8_L2_EW,NONE,0.007,0.0
3105,32Nvl_L2_NS,32NVL_NS,0.013,0.013
3105,32Nvl_L1_NS,32NVL_NS,0.054,0.054
3105,32Mt_L2_EW,NONE,0.015,0.0
3105,NvcMt_L2_NS,NVCMT_NS,0.065,0.065
3105,NvcCmt8_L1_EW,NONE,0.006,0.0
3110,304Thn_L1_EW,304THN_EW,0.041,0.041
3110,304Nvl_L1_NS,304NVL_NS,0.018,0.008
3110,304Nvl_L3_NS,NONE,0.007,0.0
3110,304Nvl_L1_NS,NONE,0.015,0.0
3110,32Nvl_L3_NS,NONE,0.007,0.0
3110,32Nvl_L1_NS,32NVL_NS,0.014,0.001
3110,32Nvl_L1_EW,32NVL_EW,0.035,0.026
3110,32Nvl_L2_EW,32NVL_EW,0.039,0.031
3110,32Nvl_L3_NS,NONE,0.058,0.0
3110,32Nvl_L2_NS,32NVL_NS,0.055,0.05
3110,NvcNvl_L1_EW,NVCNVL_EW,0.007,0.007
3110,NvcNvl_L2_EW,NVCNVL_EW,0.008,0.008
3110,32Mt_L1_NS,32MT_NS,0.006,-0.051
3110,32Mt_L1_EW,32MT_EW,0.014,-0.011
3110,NvcMt_L1_NS,NVCMT_NS,0.082,0.078
3110,304Nvl_L2_NS,304NVL_NS,0.008,-0.031
3110,32Nvl_L2_NS,32NVL_NS,0.013,0.008
3110,32Nvl_L3_EW,NONE,0.031,0.0
3110,32Nvl_L1_NS,32NVL_NS,0.047,0.034
3110,NvcNvl_L3_EW,NONE,0.009,0.0
3110,32Mt_L2_EW,32MT_EW,0.011,-0.016
3110,NvcMt_L2_NS,NVCMT_NS,0.065,0.065
3110,NvcCmt8_L1_EW,NVCCMT8_EW,0.008,0.008
3115,304Nvl_L1_NS,304NVL_NS,0.018,0.004
3115,304Nvl_L3_NS,NONE,0.007,0.0
3115,304Nvl_L1_EW,304NVL_EW,0.008,0.008
3115,32Nvl_L3_NS,NONE,0.014,0.0
3115,32Nvl_L1_NS,32NVL_NS,0.021,0.008
3115,32Nvl_L1_EW,32NVL_EW,0.035,0.03
3115,32Nvl_L2_EW,32NVL_EW,0.039,0.035
3115,32Nvl_L1_EW,32NVL_EW,0.007,0.002
3115,32Nvl_L2_EW,32NVL_EW,0.007,0.004
3115,32Nvl_L3_NS,NONE,0.1,0.0
3115,32Nvl_L2_NS,32NVL_NS,0.095,0.089
3115,NvcNvl_L3_NS,NONE,0.007,0.0
3115,NvcNvl_L2_NS,NONE,0.007,0.0
3115,32Mt_L1_NS,32MT_NS,0.013,-0.045
3115,32Mt_L1_EW,32MT_EW,0.007,-0.018
3115,32Mt_L1_NS,NONE,0.01,0.0
3115,NvcMt_L1_NS,NVCMT_NS,0.082,0.073
3115,304Nvl_L2_NS,304NVL_NS,0.008,-0.059
3115,32Nvl_L2_NS,32NVL_NS,0.02,0.015
3115,32Nvl_L3_EW,NONE,0.006,0.0
3115,32Nvl_L1_NS,32NVL_NS,0.081,0.068
3115,NvcNvl_L1_NS,NONE,0.009,0.0
3115,32Mt_L2_EW,32MT_EW,0.005,-0.022
3115,NvcMt_L2_NS,NVCMT_NS,0.065,0.065
3120,304Nvl_L1_NS,304NVL_NS,0.009,-0.005
3120,304Nvl_L3_NS,NONE,0.007,0.0
3120,32Nvl_L3_NS,NONE,0.007,0.0
3120,32Nvl_L1_NS,32NVL_NS,0.021,0.014
3120,32Nvl_L1_EW,32NVL_EW,0.007,0.007
3120,32Nvl_L2_EW,32NVL_EW,0.008,0.008
3120,32Nvl_L1_EW,32NVL_EW,0.034,0.034
3120,32Nvl_L3_NS,NONE,0.142,0.0
3120,32Nvl_L2_NS,32NVL_NS,0.134,0.129
3120,32Mt_L1_NS,32MT_NS,0.006,-0.051
3120,NvcMt_L1_NS,NVCMT_NS,0.082,0.078
3120,32Thn_L1_EW,NONE,0.049,0.0
3120,32Thn_L2_EW,NONE,0.051,0.0
3120,32Thn_L3_EW,NONE,0.035,0.0
3120,304Nvl_L2_NS,304NVL_NS,0.008,-0.086
3120,32Nvl_L2_NS,32NVL_NS,0.02,0.015
3120,32Nvl_L3_EW,NONE,0.006,0.0
3120,32Nvl_L1_NS,32NVL_NS,0.114,0.108
3120,NvcMt_L2_NS,NVCMT_NS,0.065,0.065
3125,304Nvl_L1_NS,304NVL_NS,0.009,-0.01
3125,304Nvl_L3_NS,NONE,0.007,0.0
3125,304Nvl_L1_EW,304NVL_EW,0.102,0.102
3125,304Nvl_L2_EW,304NVL_EW,0.087,0.087
3125,32Nvl_L3_NS,NONE,0.014,0.0
3125,32Nvl_L1_NS,32NVL_NS,0.028,0.021
3125,32Nvl_L1_EW,32NVL_EW,0.007,-0.021
3125,32Nvl_L2_EW,32NVL_EW,0.007,0.007
3125,32Nvl_L3_NS,NONE,0.159,0.0
3125,32Nvl_L2_NS,32NVL_NS,0.15,0.145
3125,NvcMt_L1_NS,NVCMT_NS,0.082,0.082
3125,32Thn_L1_EW,32THN_EW,0.04,0.04
3125,304Nvl_L2_NS,304NVL_NS,0.008,-0.097
3125,304Nvl_L3_EW,NONE,0.076,0.0
3125,32Nvl_L2_NS,32NVL_NS,0.027,0.021
3125,32Nvl_L3_EW,NONE,0.006,0.0
3125,32Nvl_L1_NS,32NVL_NS,0.134,0.128
3125,NvcMt_L2_NS,NVCMT_NS,0.065,0.065
3130,304Nvl_L1_NS,304NVL_NS,0.009,-0.02
3130,304Nvl_L3_NS,NONE,0.007,0.0
3130,304Nvl_L1_EW,304NVL_EW,0.102,0.102
3130,304Nvl_L2_EW,304NVL_EW,0.087,0.087
3130,32Nvl_L3_NS,NONE,0.027,0.0
3130,32Nvl_L1_NS,32NVL_NS,0.042,0.035
3130,32Nvl_L1_EW,32NVL_EW,0.081,0.081
3130,32Nvl_L2_EW,32NVL_EW,0.09,0.09
3130,32Nvl_L3_NS,NONE,0.167,0.0
3130,32Nvl_L2_NS,32NVL_NS,0.158,0.153
3130,NvcNvl_L3_NS,NONE,0.007,0.0
3130,NvcNvl_L2_NS,NONE,0.007,0.0
3130,NvcNvl_L1_EW,NVCNVL_EW,0.007,0.007
3130,NvcNvl_L2_EW,NVCNVL_EW,0.008,0.008
3130,32Mt_L1_NS,NONE,0.02,0.0
3130,NvcMt_L1_NS,NVCMT_NS,0.082,0.082
3130,NvcCmt8_L2_EW,NVCCMT8_EW,0.005,0.005
3130,304Nvl_L2_NS,304NVL_NS,0.008,-0.103
3130,304Nvl_L3_EW,NONE,0.076,0.0
3130,32Nvl_L2_NS,32NVL_NS,0.04,0.035
3130,32Nvl_L3_EW,NONE,0.074,0.0
3130,32Nvl_L1_NS,32NVL_NS,0.148,0.141
3130,NvcNvl_L1_NS,NONE,0.009,0.0
3130,NvcNvl_L3_EW,NONE,0.009,0.0
3130,32Mt_L2_NS,NONE,0.017,0.0
3130,NvcMt_L1_EW,NVCMT_EW,0.067,0.057
3130,NvcMt_L2_NS,NVCMT_NS,0.065,0.065
3130,NvcCmt8_L1_EW,NVCCMT8_EW,0.008,0.008
3135,304Nvl_L1_NS,304NVL_NS,0.009,-0.049
3135,304Nvl_L3_NS,NONE,0.007,0.0
3135,304Nvl_L1_EW,304NVL_EW,0.051,0.051
3135,304Nvl_L2_EW,304NVL_EW,0.044,0.044
3135,32Nvl_L3_NS,NONE,0.061,0.0
3135,32Nvl_L1_NS,32NVL_NS,0.083,0.077
3135,32Nvl_L1_EW,32NVL_EW,0.007,0.007
3135,32Nvl_L2_EW,32NVL_EW,0.008,0.008
3135,32Nvl_L1_EW,32NVL_EW,0.081,0.081
3135,32Nvl_L2_EW,32NVL_EW,0.09,0.09
3135,32Nvl_L3_NS,NONE,0.175,0.0
3135,32Nvl_L2_NS,32NVL_NS,0.166,0.161
3135,NvcNvl_L3_NS,NONE,0.007,0.0
3135,NvcNvl_L2_NS,NONE,0.007,0.0
3135,NvcNvl_L1_EW,NONE,0.053,0.0
3135,NvcNvl_L2_EW,NONE,0.038,0.0
3135,NvcNvl_L1_EW,NVCNVL_EW,0.007,0.007
3135,32Mt_L1_NS,32MT_NS,0.006,-0.051
3135,32Mt_L1_NS,NONE,0.01,0.0
3135,NvcMt_L2_EW,NVCMT_EW,0.035,0.035
3135,NvcMt_L1_NS,NVCMT_NS,0.082,0.078
3135,304Nvl_L2_NS,304NVL_NS,0.008,-0.108
3135,304Nvl_L3_EW,NONE,0.038,0.0
3135,32Nvl_L2_NS,32NVL_NS,0.08,0.075
3135,32Nvl_L3_EW,NONE,0.074,0.0
3135,32Nvl_L3_EW,NONE,0.006,0.0
3135,32Nvl_L1_NS,32NVL_NS,0.154,0.148
3135,NvcNvl_L1_NS,NONE,0.009,0.0
3135,NvcNvl_L3_EW,NONE,0.032,0.0
3135,32Mt_L2_NS,32MT_NS,0.006,-0.039
3135,32Mt_L2_NS,NONE,0.009,0.0
3135,NvcMt_L1_EW,NVCMT_EW,0.072,0.067
3135,NvcMt_L2_NS,NVCMT_NS,0.065,0.06
3135,NvcCmt8_L1_EW,NONE,0.006,0.0
3140,304Nvl_L1_NS,304NVL_NS,0.009,-0.054
3140,304Nvl_L3_NS,NONE,0.007,0.0
3140,304Nvl_L1_EW,304NVL_EW,0.025,0.025
3140,304Nvl_L2_EW,304NVL_EW,0.022,0.022
3140,32Nvl_L3_NS,NONE,0.068,0.0
3140,32Nvl_L1_NS,32NVL_NS,0.09,0.084
3140,32Nvl_L1_EW,32NVL_EW,0.081,0.071
3140,32Nvl_L2_EW,32NVL_EW,0.09,0.082
3140,32Nvl_L3_NS,NONE,0.175,0.0
3140,32Nvl_L2_NS,32NVL_NS,0.166,0.161
3140,NvcNvl_L1_EW,NVCNVL_EW,0.007,0.007
3140,NvcNvl_L2_EW,NVCNVL_EW,0.008,0.006
3140,32Mt_L1_NS,32MT_NS,0.013,-0.045
3140,32Mt_L1_EW,32MT_EW,0.014,0.014
3140,NvcMt_L2_EW,NVCMT_EW,0.003,-0.003
3140,NvcMt_L1_NS,NVCMT_NS,0.082,0.073
3140,304Nvl_L2_NS,304NVL_NS,0.008,-0.108
3140,304Nvl_L3_EW,NONE,0.019,0.0
3140,32Nvl_L2_NS,32NVL_NS,0.087,0.081
3140,32Nvl_L3_EW,NONE,0.074,0.0
3140,32Nvl_L1_NS,32NVL_NS,0.141,0.135
3140,NvcNvl_L3_EW,NONE,0.009,0.0
3140,32Mt_L2_NS,32MT_NS,0.006,-0.039
3140,32Mt_L2_EW,32MT_EW,0.011,0.011
3140,NvcMt_L1_EW,NVCMT_EW,0.006,0.001
3140,NvcMt_L2_NS,NVCMT_NS,0.065,0.06
3145,304Nvl_L1_EW,304NVL_EW,0.042,0.042
3145,304Nvl_L2_EW,304NVL_EW,0.036,0.036
3145,304Nvl_L1_NS,NONE,0.088,0.0
3145,32Nvl_L3_NS,NONE,0.041,0.0
3145,32Nvl_L1_NS,32NVL_NS,0.055,0.046
3145,32Nvl_L3_NS,NONE,0.167,0.0
3145,32Nvl_L2_NS,32NVL_NS,0.158,0.158
3145,NvcNvl_L3_NS,NONE,0.007,0.0
3145,NvcNvl_L2_NS,NONE,0.007,0.0
3145,NvcNvl_L1_EW,NVCNVL_EW,0.049,0.045
3145,NvcNvl_L2_EW,NVCNVL_EW,0.016,0.014
3145,NvcNvl_L1_NS,NVCNVL_NS,0.013,-0.026
3145,32Mt_L1_NS,32MT_NS,0.019,0.019
3145,32Mt_L1_EW,NONE,0.094,0.0
3145,32Mt_L3_EW,NONE,0.115,0.0
3145,32Mt_L1_EW,32MT_EW,0.007,0.007
3145,NvcMt_L1_EW,NVCMT_EW,0.006,-0.028
3145,NvcMt_L2_EW,NVCMT_EW,0.003,-0.008
3145,304Nvl_L3_EW,NONE,0.032,0.0
3145,32Nvl_L2_NS,32NVL_NS,0.053,0.053
3145,32Nvl_L1_NS,32NVL_NS,0.134,0.125
3145,NvcNvl_L1_NS,NONE,0.009,0.0
3145,NvcNvl_L3_EW,NONE,0.019,0.0
3145,32Mt_L2_NS,32MT_NS,0.006,0.006
3145,32Mt_L2_EW,NONE,0.098,0.0
3145,32Mt_L2_EW,32MT_EW,0.005,0.005
3145,NvcMt_L2_EW,NVCMT_EW,0.008,-0.003
3145,NvcMt_L1_EW,NVCMT_EW,0.006,-0.029
3150,304Nvl_L1_EW,304NVL_EW,0.059,0.059
3150,304Nvl_L2_EW,304NVL_EW,0.051,0.051
3150,304Nvl_L1_NS,NONE,0.131,0.0
3150,32Nvl_L1_EW,32NVL_EW,0.007,-0.003
3150,32Nvl_L2_EW,32NVL_EW,0.007,0.0
3150,32Nvl_L3_NS,NONE,0.142,0.0
3150,32Nvl_L2_NS,32NVL_NS,0.142,0.142
3150,NvcNvl_L1_EW,NVCNVL_EW,0.049,0.045
3150,NvcNvl_L2_EW,NVCNVL_EW,0.016,0.014
3150,32Mt_L1_NS,32MT_NS,0.013,0.013
3150,32Mt_L1_EW,NONE,0.144,0.0
3150,32Mt_L3_EW,NONE,0.168,0.0
3150,32Mt_L1_EW,32MT_EW,0.014,0.014
3150,NvcMt_L2_NS,NONE,0.063,0.0
3150,NvcMt_L1_EW,NVCMT_EW,0.006,-0.028
3150,NvcMt_L2_EW,NVCMT_EW,0.003,-0.008
3150,304Nvl_L3_EW,NONE,0.044,0.0
3150,32Nvl_L3_EW,NONE,0.006,0.0
3150,32Nvl_L1_NS,32NVL_NS,0.128,0.128
3150,NvcNvl_L3_EW,NONE,0.019,0.0
3150,32Mt_L2_EW,NONE,0.143,0.0
3150,32Mt_L2_EW,32MT_EW,0.011,0.011
3150,NvcMt_L1_NS,NONE,0.066,0.0
3150,NvcMt_L2_EW,NVCMT_EW,0.008,-0.003
3150,NvcMt_L1_EW,NVCMT_EW,0.006,-0.029
3155,304Nvl_L1_EW,304NVL_EW,0.042,0.042
3155,304Nvl_L2_EW,304NVL_EW,0.036,0.036
3155,32Nvl_L1_EW,32NVL_EW,0.007,-0.009
3155,32Nvl_L2_EW,32NVL_EW,0.007,-0.006
3155,32Nvl_L3_NS,NONE,0.092,0.0
3155,32Nvl_L2_NS,32NVL_NS,0.087,0.087
3155,NvcNvl_L1_EW,NVCNVL_EW,0.049,0.045
3155,NvcNvl_L2_EW,NVCNVL_EW,0.016,0.016
3155,NvcNvl_L1_NS,NVCNVL_NS,0.007,0.007
3155,32Mt_L1_EW,NONE,0.094,0.0
3155,32Mt_L3_EW,NONE,0.106,0.0
3155,32Mt_L1_EW,32MT_EW,0.014,0.014
3155,NvcMt_L2_NS,NONE,0.09,0.0
3155,NvcMt_L1_EW,NVCMT_EW,0.006,-0.028
3155,32Thn_L1_EW,32THN_EW,0.008,0.008
3155,32Thn_L2_EW,32THN_EW,0.008,0.008
3155,32Thn_L3_EW,NONE,0.008,0.0
3155,304Nvl_L3_EW,NONE,0.032,0.0
3155,32Nvl_L3_EW,NONE,0.006,0.0
3155,32Nvl_L1_NS,32NVL_NS,0.087,0.083
3155,NvcNvl_L3_EW,NONE,0.019,0.0
3155,32Mt_L2_EW,NONE,0.098,0.0
3155,32Mt_L2_EW,32MT_EW,0.011,0.011
3155,NvcMt_L1_NS,NONE,0.093,0.0
3155,NvcMt_L2_EW,NVCMT_EW,0.008,-0.003
3160,304Nvl_L1_EW,304NVL_EW,0.008,0.008
3160,304Nvl_L2_EW,304NVL_EW,0.007,0.007
3160,304Nvl_L1_NS,NONE,0.015,0.0
3160,32Nvl_L1_NS,32NVL_NS,0.007,0.007
3160,32Nvl_L1_EW,32NVL_EW,0.007,-0.009
3160,32Nvl_L2_EW,32NVL_EW,0.007,-0.006
3160,32Nvl_L3_NS,NONE,0.025,0.0
3160,32Nvl_L2_NS,32NVL_NS,0.024,0.024
3160,NvcNvl_L1_EW,NVCNVL_EW,0.014,0.01
3160,NvcNvl_L2_EW,NVCNVL_EW,0.016,0.016
3160,32Mt_L1_NS,32MT_NS,0.006,0.006
3160,32Mt_L1_EW,NONE,0.043,0.0
3160,32Mt_L3_EW,NONE,0.053,0.0
3160,32Mt_L1_EW,32MT_EW,0.014,0.014
3160,32Mt_L1_NS,NONE,0.117,0.0
3160,NvcMt_L2_NS,NONE,0.026,0.0
3160,NvcMt_L1_EW,NVCMT_EW,0.006,-0.004
3160,32Thn_L1_EW,32THN_EW,0.008,0.008
3160,32Thn_L2_EW,32THN_EW,0.008,0.008
3160,32Thn_L3_EW,NONE,0.008,0.0
3160,304Nvl_L3_EW,NONE,0.006,0.0
3160,32Nvl_L3_EW,NONE,0.006,0.0
3160,32Nvl_L1_NS,32NVL_NS,0.034,0.034
3160,NvcNvl_L3_EW,NONE,0.019,0.0
3160,32Mt_L2_NS,32MT_NS,0.006,0.006
3160,32Mt_L2_EW,NONE,0.045,0.0
3160,32Mt_L2_EW,32MT_EW,0.011,0.011
3160,32Mt_L2_NS,NONE,0.104,0.0
3160,NvcMt_L1_NS,NONE,0.027,0.0
3160,NvcMt_L2_EW,NVCMT_EW,0.008,-0.003
3165,304Nvl_L1_NS,NONE,0.007,0.0
3165,32Nvl_L1_EW,32NVL_EW,0.007,-0.018
3165,32Nvl_L2_EW,32NVL_EW,0.007,-0.01
3165,32Nvl_L3_NS,NONE,0.008,0.0
3165,32Nvl_L2_NS,32NVL_NS,0.008,0.008
3165,NvcNvl_L3_NS,NONE,0.014,0.0
3165,NvcNvl_L2_NS,NONE,0.013,0.0
3165,NvcNvl_L1_EW,NVCNVL_EW,0.014,0.014
3165,NvcNvl_L2_EW,NVCNVL_EW,0.016,0.016
3165,32Mt_L1_NS,32MT_NS,0.013,0.013
3165,32Mt_L1_EW,NONE,0.014,0.0
3165,32Mt_L3_EW,NONE,0.009,0.0
3165,32Mt_L1_EW,32MT_EW,0.028,0.028
3165,32Mt_L1_NS,NONE,0.234,0.0
3165,32Thn_L1_EW,32THN_EW,0.008,0.008
3165,32Thn_L2_EW,32THN_EW,0.008,0.008
3165,32Thn_L3_EW,NONE,0.008,0.0
3165,32Nvl_L3_EW,NONE,0.006,0.0
3165,32Nvl_L1_NS,32NVL_NS,0.027,0.027
3165,NvcNvl_L1_NS,NONE,0.017,0.0
3165,NvcNvl_L3_EW,NONE,0.019,0.0
3165,32Mt_L2_NS,32MT_NS,0.006,0.006
3165,32Mt_L2_EW,NONE,0.008,0.0
3165,32Mt_L2_EW,32MT_EW,0.016,0.016
3165,32Mt_L2_NS,NONE,0.104,0.0
3170,304Nvl_L1_EW,304NVL_EW,0.008,0.008
3170,304Nvl_L2_EW,304NVL_EW,0.007,0.007
3170,304Nvl_L1_NS,NONE,0.007,0.0
3170,32Nvl_L1_NS,32NVL_NS,0.007,0.007
3170,32Nvl_L1_EW,32NVL_EW,0.007,-0.037
3170,32Nvl_L2_EW,32NVL_EW,0.008,-0.004
3170,32Nvl_L1_EW,32NVL_EW,0.007,-0.037
3170,32Nvl_L2_EW,32NVL_EW,0.007,-0.004
3170,NvcNvl_L3_NS,NONE,0.014,0.0
3170,NvcNvl_L2_NS,NONE,0.013,0.0
3170,NvcNvl_L1_EW,NVCNVL_EW,0.014,0.014
3170,NvcNvl_L2_EW,NVCNVL_EW,0.016,0.014
3170,32Mt_L1_NS,32MT_NS,0.006,0.006
3170,32Mt_L1_EW,NONE,0.007,0.0
3170,32Mt_L1_EW,32MT_EW,0.063,0.058
3170,32Mt_L1_NS,NONE,0.117,0.0
3170,NvcMt_L2_EW,NVCMT_EW,0.003,-0.008
3170,32Thn_L1_EW,NONE,0.058,0.0
3170,32Thn_L2_EW,NONE,0.051,0.0
3170,32Thn_L3_EW,NONE,0.035,0.0
3170,304Nvl_L3_EW,NONE,0.006,0.0
3170,32Nvl_L3_EW,NONE,0.006,0.0
3170,32Nvl_L3_EW,NONE,0.006,0.0
3170,32Nvl_L1_NS,32NVL_NS,0.007,0.007
3170,NvcNvl_L1_NS,NONE,0.017,0.0
3170,NvcNvl_L3_EW,NONE,0.019,0.0
3170,32Mt_L2_EW,32MT_EW,0.016,0.011
3170,NvcMt_L1_EW,NVCMT_EW,0.006,-0.004
3175,304Nvl_L1_EW,304NVL_EW,0.017,0.017
3175,304Nvl_L2_EW,304NVL_EW,0.007,0.007
3175,304Nvl_L1_NS,NONE,0.007,0.0
3175,32Nvl_L1_NS,32NVL_NS,0.083,0.083
3175,32Nvl_L1_EW,32NVL_EW,0.007,-0.099
3175,32Nvl_L2_EW,32NVL_EW,0.008,-0.011
3175,32Nvl_L1_EW,32NVL_EW,0.007,-0.099
3175,32Nvl_L2_EW,32NVL_EW,0.007,-0.012
3175,NvcNvl_L3_NS,NONE,0.007,0.0
3175,NvcNvl_L2_NS,NONE,0.007,0.0
3175,NvcNvl_L1_EW,NONE,0.011,0.0
3175,NvcNvl_L2_EW,NONE,0.008,0.0
3175,NvcNvl_L1_EW,NVCNVL_EW,0.021,0.021
3175,NvcNvl_L2_EW,NVCNVL_EW,0.023,0.022
3175,32Mt_L1_EW,NONE,0.007,0.0
3175,32Mt_L1_EW,32MT_EW,0.112,0.107
3175,32Mt_L1_NS,NONE,0.127,0.0
3175,NvcMt_L2_NS,NONE,0.005,0.0
3175,NvcMt_L2_EW,NVCMT_EW,0.003,-0.014
3175,32Thn_L1_EW,NONE,0.01,0.0
3175,32Thn_L1_EW,32THN_EW,0.04,0.035
3175,304Nvl_L3_EW,NONE,0.006,0.0
3175,32Nvl_L2_NS,32NVL_NS,0.033,0.033
3175,32Nvl_L3_EW,NONE,0.006,0.0
3175,32Nvl_L3_EW,NONE,0.006,0.0
3175,32Nvl_L1_NS,32NVL_NS,0.007,0.007
3175,NvcNvl_L1_NS,NONE,0.009,0.0
3175,NvcNvl_L3_EW,NONE,0.028,0.0
3175,32Mt_L2_EW,32MT_EW,0.027,0.022
3175,NvcMt_L1_NS,NONE,0.005,0.0
3175,NvcMt_L1_EW,NVCMT_EW,0.006,-0.009
3180,304Nvl_L1_EW,304NVL_EW,0.017,0.017
3180,304Nvl_L2_EW,304NVL_EW,0.007,0.007
3180,304Nvl_L1_NS,NONE,0.007,0.0
3180,32Nvl_L3_NS,NONE,0.007,0.0
3180,32Nvl_L1_NS,32NVL_NS,0.055,0.051
3180,32Nvl_L1_EW,32NVL_EW,0.007,-0.066
3180,32Nvl_L2_EW,32NVL_EW,0.008,-0.027
3180,32Nvl_L1_EW,32NVL_EW,0.007,-0.067
3180,32Nvl_L2_EW,32NVL_EW,0.007,-0.027
3180,NvcNvl_L1_EW,NVCNVL_EW,0.028,0.006
3180,NvcNvl_L2_EW,NVCNVL_EW,0.023,0.022
3180,NvcNvl_L1_NS,NVCNVL_NS,0.007,-0.032
3180,32Mt_L1_EW,NONE,0.007,0.0
3180,32Mt_L3_EW,NONE,0.009,0.0
3180,32Mt_L1_EW,32MT_EW,0.105,0.1
3180,32Mt_L1_NS,NONE,0.117,0.0
3180,NvcMt_L2_NS,NONE,0.005,0.0
3180,NvcMt_L1_EW,NVCMT_EW,0.032,0.012
3180,NvcMt_L2_EW,NVCMT_EW,0.003,-0.014
3180,304Nvl_L3_EW,NONE,0.006,0.0
3180,32Nvl_L2_NS,32NVL_NS,0.04,0.04
3180,32Nvl_L3_EW,NONE,0.006,0.0
3180,32Nvl_L3_EW,NONE,0.006,0.0
3180,NvcNvl_L3_EW,NONE,0.028,0.0
3180,32Mt_L2_EW,NONE,0.008,0.0
3180,32Mt_L2_EW,32MT_EW,0.049,0.044
3180,NvcMt_L1_NS,NONE,0.005,0.0
3180,NvcMt_L2_EW,NVCMT_EW,0.04,0.023
3180,NvcMt_L1_EW,NVCMT_EW,0.006,-0.014
3185,32Nvl_L1_NS,32NVL_NS,0.007,0.007
3185,32Nvl_L1_EW,32NVL_EW,0.007,-0.066
3185,32Nvl_L2_EW,32NVL_EW,0.008,-0.03
3185,32Nvl_L1_EW,32NVL_EW,0.007,-0.067
3185,32Nvl_L2_EW,32NVL_EW,0.007,-0.031
3185,NvcNvl_L1_EW,NVCNVL_EW,0.028,0.028
3185,NvcNvl_L2_EW,NVCNVL_EW,0.023,0.022
3185,32Mt_L1_EW,32MT_EW,0.105,0.1
3185,NvcMt_L2_NS,NONE,0.005,0.0
3185,NvcMt_L2_EW,NVCMT_EW,0.003,-0.014
3185,32Nvl_L3_EW,NONE,0.006,0.0
3185,32Nvl_L3_EW,NONE,0.006,0.0
3185,NvcNvl_L3_EW,NONE,0.028,0.0
3185,32Mt_L2_EW,32MT_EW,0.054,0.049
3185,NvcMt_L1_NS,NONE,0.005,0.0
3185,NvcMt_L1_EW,NVCMT_EW,0.006,-0.014
3190,304Nvl_L1_NS,NONE,0.015,0.0
3190,304Nvl_L3_NS,NONE,0.008,0.0
3190,32Nvl_L3_NS,NONE,0.007,0.0
3190,32Nvl_L1_NS,32NVL_NS,0.007,0.007
3190,32Nvl_L1_EW,32NVL_EW,0.092,0.063
3190,32Nvl_L2_EW,32NVL_EW,0.1,0.081
3190,32Nvl_L1_EW,32NVL_EW,0.007,-0.023
3190,32Nvl_L2_EW,32NVL_EW,0.007,-0.012
3190,NvcNvl_L3_NS,NONE,0.007,0.0
3190,NvcNvl_L2_NS,NONE,0.007,0.0
3190,NvcNvl_L1_EW,NVCNVL_EW,0.021,0.021
3190,NvcNvl_L2_EW,NVCNVL_EW,0.023,0.023
3190,32Mt_L1_EW,32MT_EW,0.042,-0.023
3190,304Nvl_L2_NS,NONE,0.007,0.0
3190,32Nvl_L2_NS,32NVL_NS,0.007,0.007
3190,32Nvl_L3_EW,NONE,0.006,0.0
3190,32Nvl_L3_EW,NONE,0.081,0.0
3190,32Nvl_L1_NS,32NVL_NS,0.034,0.034
3190,NvcNvl_L1_NS,NONE,0.009,0.0
3190,NvcNvl_L3_EW,NONE,0.028,0.0
3190,32Mt_L2_EW,32MT_EW,0.027,-0.043
3195,32Nvl_L1_NS,32NVL_NS,0.007,0.007
3195,32Nvl_L1_EW,32NVL_EW,0.099,0.07
3195,32Nvl_L2_EW,32NVL_EW,0.108,0.085
3195,32Nvl_L1_EW,32NVL_EW,0.007,-0.023
3195,32Nvl_L2_EW,32NVL_EW,0.007,-0.015
3195,32Nvl_L3_NS,NONE,0.008,0.0
3195,32Nvl_L2_NS,32NVL_NS,0.008,0.008
3195,NvcNvl_L1_EW,NONE,0.011,0.0
3195,NvcNvl_L2_EW,NONE,0.008,0.0
3195,NvcNvl_L1_EW,NVCNVL_EW,0.007,0.007
3195,NvcNvl_L2_EW,NVCNVL_EW,0.008,0.008
3195,32Mt_L1_EW,32MT_EW,0.042,-0.028
3195,NvcMt_L2_NS,NONE,0.005,0.0
3195,32Nvl_L2_NS,32NVL_NS,0.007,0.007
3195,32Nvl_L3_EW,NONE,0.006,0.0
3195,32Nvl_L3_EW,NONE,0.088,0.0
3195,32Nvl_L1_NS,32NVL_NS,0.04,0.04
3195,32Mt_L2_EW,32MT_EW,0.033,-0.043
3195,NvcMt_L1_NS,NONE,0.005,0.0
3200,304Nvl_L1_EW,304NVL_EW,0.152,0.152
3200,304Nvl_L2_EW,304NVL_EW,0.123,0.123
3200,304Nvl_L1_NS,NONE,0.044,0.0
3200,304Nvl_L3_NS,NONE,0.048,0.0
3200,32Nvl_L3_NS,NONE,0.082,0.0
3200,32Nvl_L1_NS,32NVL_NS,0.083,0.083
3200,32Nvl_L1_EW,32NVL_EW,0.007,-0.027
3200,32Nvl_L2_EW,32NVL_EW,0.008,-0.019
3200,32Nvl_L1_EW,32NVL_EW,0.007,-0.027
3200,32Nvl_L2_EW,32NVL_EW,0.007,-0.019
3200,NvcNvl_L3_NS,NONE,0.007,0.0
3200,NvcNvl_L2_NS,NONE,0.007,0.0
3200,NvcNvl_L1_EW,NONE,0.011,0.0
3200,NvcNvl_L1_EW,NVCNVL_EW,0.007,0.007
3200,NvcNvl_L2_EW,NVCNVL_EW,0.008,0.008
3200,32Mt_L1_EW,32MT_EW,0.049,0.044
3200,304Nvl_L3_EW,NONE,0.108,0.0
3200,304Nvl_L2_NS,NONE,0.044,0.0
3200,32Nvl_L2_NS,32NVL_NS,0.08,0.08
3200,32Nvl_L3_EW,NONE,0.006,0.0
3200,32Nvl_L3_EW,NONE,0.006,0.0
3200,32Nvl_L1_NS,32NVL_NS,0.081,0.081
3200,NvcNvl_L1_NS,NONE,0.009,0.0
3200,NvcNvl_L3_EW,NONE,0.009,0.0
3200,32Mt_L2_EW,32MT_EW,0.038,0.033
3205,304Nvl_L1_EW,304NVL_EW,0.119,0.119
3205,304Nvl_L2_EW,304NVL_EW,0.102,0.102
3205,304Nvl_L1_NS,NONE,0.08,0.0
3205,304Nvl_L3_NS,NONE,0.048,0.0
3205,32Nvl_L3_NS,NONE,0.027,0.0
3205,32Nvl_L1_NS,32NVL_NS,0.111,0.111
3205,32Nvl_L1_EW,32NVL_EW,0.007,0.007
3205,32Nvl_L2_EW,32NVL_EW,0.008,0.008
3205,32Nvl_L1_EW,32NVL_EW,0.013,0.013
3205,32Nvl_L2_EW,32NVL_EW,0.007,0.007
3205,NvcNvl_L1_EW,NONE,0.021,0.0
3205,NvcNvl_L2_EW,NONE,0.015,0.0
3205,32Mt_L1_NS,NONE,0.01,0.0
3205,NvcMt_L2_NS,NONE,0.032,0.0
3205,304Nvl_L3_EW,NONE,0.089,0.0
3205,304Nvl_L2_NS,NONE,0.082,0.0
3205,32Nvl_L2_NS,32NVL_NS,0.107,0.107
3205,32Nvl_L3_EW,NONE,0.006,0.0
3205,32Nvl_L3_EW,NONE,0.006,0.0
3205,32Nvl_L1_NS,32NVL_NS,0.087,0.087
3205,NvcMt_L1_NS,NONE,0.033,0.0
3210,304Nvl_L1_NS,304NVL_NS,0.009,-0.001
3210,304Nvl_L3_NS,NONE,0.007,0.0
3210,304Nvl_L1_EW,304NVL_EW,0.008,0.008
3210,304Nvl_L2_EW,304NVL_EW,0.007,0.007
3210,304Nvl_L1_NS,NONE,0.08,0.0
3210,304Nvl_L3_NS,NONE,0.048,0.0
3210,32Nvl_L3_NS,NONE,0.007,0.0
3210,32Nvl_L1_NS,32NVL_NS,0.014,0.008
3210,32Nvl_L1_EW,32NVL_EW,0.014,0.014
3210,32Nvl_L2_EW,32NVL_EW,0.015,0.015
3210,32Nvl_L1_EW,32NVL_EW,0.007,0.007
3210,32Nvl_L2_EW,32NVL_EW,0.007,0.007
3210,NvcNvl_L1_EW,NVCNVL_EW,0.007,0.007
3210,32Mt_L1_NS,32MT_NS,0.013,0.013
3210,32Mt_L1_EW,NONE,0.007,0.0
3210,NvcCmt8_L2_EW,NONE,0.037,0.0
3210,304Nvl_L2_NS,304NVL_NS,0.008,0.008
3210,304Nvl_L3_EW,NONE,0.006,0.0
3210,304Nvl_L2_NS,NONE,0.044,0.0
3210,32Nvl_L2_NS,32NVL_NS,0.013,0.008
3210,32Nvl_L3_EW,NONE,0.006,0.0
3210,32Nvl_L3_EW,NONE,0.013,0.0
3210,NvcCmt8_L1_EW,NONE,0.029,0.0
3215,304Nvl_L1_NS,304NVL_NS,0.009,0.004
3215,304Nvl_L3_NS,NONE,0.007,0.0
3215,304Nvl_L1_EW,304NVL_EW,0.008,0.008
3215,304Nvl_L1_NS,NONE,0.044,0.0
3215,304Nvl_L3_NS,NONE,0.008,0.0
3215,32Nvl_L3_NS,NONE,0.007,0.0
3215,32Nvl_L1_NS,32NVL_NS,0.007,0.001
3215,32Nvl_L1_EW,32NVL_EW,0.007,0.007
3215,32Nvl_L2_EW,32NVL_EW,0.008,0.008
3215,32Nvl_L1_EW,32NVL_EW,0.007,0.007
3215,32Nvl_L2_EW,32NVL_EW,0.007,0.007
3215,NvcNvl_L3_NS,NONE,0.007,0.0
3215,NvcNvl_L2_NS,NONE,0.007,0.0
3215,NvcNvl_L1_EW,NVCNVL_EW,0.007,0.007
3215,NvcNvl_L2_EW,NVCNVL_EW,0.008,0.008
3215,32Mt_L1_NS,32MT_NS,0.019,0.019
3215,32Mt_L1_EW,NONE,0.014,0.0
3215,NvcMt_L2_NS,NONE,0.005,0.0
3215,304Nvl_L2_NS,304NVL_NS,0.008,0.008
3215,304Nvl_L2_NS,NONE,0.007,0.0
3215,32Nvl_L2_NS,32NVL_NS,0.007,0.001
3215,32Nvl_L3_EW,NONE,0.006,0.0
3215,32Nvl_L3_EW,NONE,0.006,0.0
3215,32Nvl_L1_NS,32NVL_NS,0.02,0.014
3215,NvcNvl_L1_NS,NONE,0.009,0.0
3215,NvcNvl_L3_EW,NONE,0.009,0.0
3215,NvcMt_L1_NS,NONE,0.005,0.0
3220,304Nvl_L1_NS,304NVL_NS,0.009,0.009
3220,304Nvl_L3_NS,NONE,0.007,0.0
3220,304Nvl_L1_EW,304NVL_EW,0.135,0.135
3220,304Nvl_L2_EW,304NVL_EW,0.015,0.015
3220,32Nvl_L1_EW,32NVL_EW,0.007,-0.003
3220,32Nvl_L2_EW,32NVL_EW,0.008,0.004
3220,32Nvl_L1_EW,32NVL_EW,0.007,-0.003
3220,32Nvl_L2_EW,32NVL_EW,0.007,0.004
3220,NvcNvl_L3_NS,NONE,0.007,0.0
3220,NvcNvl_L2_NS,NONE,0.007,0.0
3220,32Mt_L1_NS,32MT_NS,0.013,0.013
3220,32Mt_L1_EW,NONE,0.036,0.0
3220,32Mt_L1_EW,32MT_EW,0.014,0.009
3220,32Mt_L1_NS,NONE,0.01,0.0
3220,304Nvl_L2_NS,304NVL_NS,0.008,0.008
3220,304Nvl_L3_EW,NONE,0.013,0.0
3220,32Nvl_L3_EW,NONE,0.006,0.0
3220,32Nvl_L3_EW,NONE,0.006,0.0
3220,32Nvl_L1_NS,32NVL_NS,0.007,0.0
3220,NvcNvl_L1_NS,NONE,0.009,0.0
3220,32Mt_L2_EW,NONE,0.038,0.0
3220,32Mt_L2_EW,32MT_EW,0.005,0.0
3220,32Mt_L2_NS,NONE,0.009,0.0
3225,304Nvl_L1_NS,304NVL_NS,0.009,0.009
3225,304Nvl_L3_NS,NONE,0.007,0.0
3225,304Nvl_L1_EW,304NVL_EW,0.034,0.034
3225,304Nvl_L2_EW,304NVL_EW,0.015,0.015
3225,32Nvl_L1_EW,32NVL_EW,0.007,0.002
3225,32Nvl_L2_EW,32NVL_EW,0.008,0.004
3225,32Nvl_L1_EW,32NVL_EW,0.007,0.002
3225,32Nvl_L2_EW,32NVL_EW,0.007,0.004
3225,32Nvl_L3_NS,NONE,0.05,0.0
3225,32Nvl_L2_NS,32NVL_NS,0.047,0.042
3225,NvcNvl_L3_NS,NONE,0.034,0.0
3225,NvcNvl_L2_NS,NONE,0.033,0.0
3225,NvcNvl_L1_EW,NVCNVL_EW,0.007,0.007
3225,NvcNvl_L2_EW,NVCNVL_EW,0.008,0.006
3225,32Mt_L1_NS,32MT_NS,0.006,0.006
3225,32Mt_L1_EW,NONE,0.036,0.0
3225,32Mt_L3_EW,NONE,0.044,0.0
3225,32Mt_L1_EW,32MT_EW,0.007,0.002
3225,NvcMt_L2_EW,NVCMT_EW,0.003,-0.003
3225,304Nvl_L2_NS,304NVL_NS,0.008,-0.026
3225,304Nvl_L3_EW,NONE,0.013,0.0
3225,32Nvl_L3_EW,NONE,0.006,0.0
3225,32Nvl_L3_EW,NONE,0.006,0.0
3225,32Nvl_L1_NS,32NVL_NS,0.04,0.034
3225,NvcNvl_L1_NS,NONE,0.044,0.0
3225,NvcNvl_L3_EW,NONE,0.009,0.0
3225,32Mt_L2_EW,NONE,0.038,0.0
3225,32Mt_L2_EW,32MT_EW,0.005,0.0
3225,NvcMt_L1_EW,NVCMT_EW,0.006,0.001
3230,304Nvl_L1_NS,304NVL_NS,0.018,0.018
3230,304Nvl_L3_NS,NONE,0.007,0.0
3230,304Nvl_L1_EW,304NVL_EW,0.017,0.017
3230,304Nvl_L2_EW,304NVL_EW,0.015,0.015
3230,304Nvl_L1_NS,NONE,0.007,0.0
3230,32Nvl_L1_EW,32NVL_EW,0.007,0.007
3230,32Nvl_L2_EW,32NVL_EW,0.008,0.008
3230,32Nvl_L1_EW,32NVL_EW,0.007,0.007
3230,32Nvl_L2_EW,32NVL_EW,0.007,0.007
3230,32Nvl_L3_NS,NONE,0.017,0.0
3230,32Nvl_L2_NS,32NVL_NS,0.016,0.01
3230,NvcNvl_L3_NS,NONE,0.007,0.0
3230,NvcNvl_L2_NS,NONE,0.007,0.0
3230,NvcNvl_L1_EW,NVCNVL_EW,0.007,0.007
3230,32Mt_L1_EW,NONE,0.007,0.0
3230,32Mt_L1_NS,NONE,0.029,0.0
3230,NvcMt_L2_EW,NVCMT_EW,0.003,0.003
3230,304Nvl_L2_NS,304NVL_NS,0.008,-0.003
3230,304Nvl_L3_EW,NONE,0.013,0.0
3230,32Nvl_L3_EW,NONE,0.006,0.0
3230,32Nvl_L3_EW,NONE,0.006,0.0
3230,32Nvl_L1_NS,32NVL_NS,0.013,0.001
3230,NvcNvl_L1_NS,NONE,0.009,0.0
3230,32Mt_L2_NS,NONE,0.017,0.0
3230,NvcMt_L1_EW,NVCMT_EW,0.006,0.001
3235,304Nvl_L1_NS,304NVL_NS,0.027,0.027
3235,304Nvl_L3_NS,NONE,0.007,0.0
3235,304Nvl_L1_NS,NONE,0.015,0.0
3235,32Nvl_L1_EW,32NVL_EW,0.007,-0.017
3235,32Nvl_L2_EW,32NVL_EW,0.008,-0.011
3235,32Nvl_L1_EW,32NVL_EW,0.013,-0.011
3235,32Nvl_L2_EW,32NVL_EW,0.015,-0.004
3235,32Nvl_L3_NS,NONE,0.008,0.0
3235,32Nvl_L2_NS,32NVL_NS,0.008,0.003
3235,32Mt_L1_NS,32MT_NS,0.006,0.006
3235,32Mt_L1_EW,32MT_EW,0.035,0.03
3235,NvcMt_L2_EW,NVCMT_EW,0.003,0.003
3235,304Nvl_L2_NS,304NVL_NS,0.008,0.002
3235,32Nvl_L3_EW,NONE,0.012,0.0
3235,32Nvl_L3_EW,NONE,0.006,0.0
3235,32Nvl_L1_NS,32NVL_NS,0.007,-0.012
3235,32Mt_L2_EW,32MT_EW,0.027,0.022
3235,NvcMt_L1_EW,NVCMT_EW,0.006,-0.021
3235,NvcCmt8_L1_EW,NVCCMT8_EW,0.038,0.038
3240,304Nvl_L1_NS,304NVL_NS,0.027,0.027
3240,304Nvl_L3_NS,NONE,0.007,0.0
3240,304Nvl_L1_EW,304NVL_EW,0.008,0.008
3240,304Nvl_L2_EW,304NVL_EW,0.007,0.007
3240,304Nvl_L1_NS,NONE,0.007,0.0
3240,32Nvl_L1_EW,32NVL_EW,0.007,0.007
3240,32Nvl_L2_EW,32NVL_EW,0.008,0.008
3240,32Nvl_L1_EW,32NVL_EW,0.013,0.013
3240,32Nvl_L2_EW,32NVL_EW,0.015,0.015
3240,32Nvl_L3_NS,NONE,0.008,0.0
3240,32Nvl_L2_NS,32NVL_NS,0.008,0.003
3240,NvcNvl_L1_NS,NVCNVL_NS,0.007,0.007
3240,32Mt_L1_NS,32MT_NS,0.006,0.006
3240,32Mt_L1_EW,NONE,0.007,0.0
3240,32Mt_L3_EW,NONE,0.009,0.0
3240,32Mt_L1_NS,NONE,0.02,0.0
3240,NvcCmt8_L2_EW,NVCCMT8_EW,0.026,0.026
3240,304Nvl_L2_NS,304NVL_NS,0.008,0.002
3240,304Nvl_L3_EW,NONE,0.006,0.0
3240,32Nvl_L3_EW,NONE,0.012,0.0
3240,32Nvl_L3_EW,NONE,0.006,0.0
3240,32Nvl_L1_NS,32NVL_NS,0.047,0.023
3240,32Mt_L2_EW,NONE,0.008,0.0
3240,32Mt_L2_NS,NONE,0.009,0.0
3240,NvcCmt8_L1_EW,NVCCMT8_EW,0.038,0.038
3245,304Nvl_L1_NS,304NVL_NS,0.018,-0.006
3245,304Nvl_L3_NS,NONE,0.007,0.0
3245,32Nvl_L3_NS,NONE,0.034,0.0
3245,32Nvl_L1_NS,32NVL_NS,0.035,0.017
3245,32Nvl_L1_EW,32NVL_EW,0.007,0.007
3245,32Nvl_L2_EW,32NVL_EW,0.007,0.007
3245,32Nvl_L3_NS,NONE,0.025,0.0
3245,32Nvl_L2_NS,32NVL_NS,0.024,0.018
3245,NvcNvl_L3_NS,NONE,0.034,0.0
3245,NvcNvl_L2_NS,NONE,0.033,0.0
3245,NvcNvl_L1_NS,NVCNVL_NS,0.007,-0.018
3245,32Mt_L1_NS,32MT_NS,0.006,0.006
3245,304Nvl_L2_NS,304NVL_NS,0.008,-0.009
3245,32Nvl_L2_NS,32NVL_NS,0.033,0.028
3245,32Nvl_L3_EW,NONE,0.006,0.0
3245,32Nvl_L1_NS,32NVL_NS,0.02,0.003
3245,NvcNvl_L1_NS,NONE,0.044,0.0
3245,NvcCmt8_L1_EW,NONE,0.029,0.0
3250,304Nvl_L1_NS,304NVL_NS,0.018,-0.011
3250,304Nvl_L3_NS,NONE,0.007,0.0
3250,304Nvl_L1_EW,304NVL_EW,0.008,0.008
3250,32Nvl_L3_NS,NONE,0.007,0.0
3250,32Nvl_L1_NS,32NVL_NS,0.042,0.029
3250,32Nvl_L3_NS,NONE,0.025,0.0
3250,32Nvl_L2_NS,32NVL_NS,0.024,0.018
3250,NvcNvl_L3_NS,NONE,0.041,0.0
3250,NvcNvl_L2_NS,NONE,0.04,0.0
3250,32Mt_L1_EW,32MT_EW,0.007,0.007
3250,NvcMt_L1_EW,NVCMT_EW,0.006,0.006
3250,NvcCmt8_L2_NS,NONE,0.011,0.0
3250,NvcCmt8_L1_NS,NONE,0.008,0.0
3250,304Nvl_L2_NS,304NVL_NS,0.008,-0.009
3250,32Nvl_L2_NS,32NVL_NS,0.04,0.035
3250,32Nvl_L1_NS,32NVL_NS,0.027,0.014
3250,NvcNvl_L1_NS,NONE,0.052,0.0
3250,32Mt_L2_EW,32MT_EW,0.005,0.005
3250,NvcMt_L2_EW,NVCMT_EW,0.008,0.008
3255,304Nvl_L1_EW,304NVL_EW,0.008,0.008
3255,304Nvl_L2_EW,304NVL_EW,0.007,0.007
3255,32Nvl_L1_NS,32NVL_NS,0.035,0.035
3255,32Nvl_L3_NS,NONE,0.033,0.0
3255,32Nvl_L2_NS,32NVL_NS,0.032,0.032
3255,32Mt_L1_EW,NONE,0.007,0.0
3255,32Mt_L1_EW,32MT_EW,0.014,0.014
3255,NvcMt_L1_EW,NVCMT_EW,0.006,0.006
3255,304Nvl_L3_EW,NONE,0.006,0.0
3255,32Nvl_L2_NS,32NVL_NS,0.033,0.033
3255,32Nvl_L1_NS,32NVL_NS,0.04,0.04
3255,32Mt_L2_EW,NONE,0.008,0.0
3255,32Mt_L2_EW,32MT_EW,0.011,0.011
3255,NvcMt_L2_EW,NVCMT_EW,0.008,0.008
3260,304Nvl_L1_EW,304NVL_EW,0.008,0.008
3260,304Nvl_L2_EW,304NVL_EW,0.007,0.007
3260,32Nvl_L1_NS,32NVL_NS,0.035,0.035
3260,32Nvl_L3_NS,NONE,0.042,0.0
3260,32Nvl_L2_NS,32NVL_NS,0.039,0.039
3260,NvcNvl_L3_NS,NONE,0.007,0.0
3260,NvcNvl_L2_NS,NONE,0.007,0.0
3260,32Mt_L1_EW,32MT_EW,0.007,0.007
3260,NvcMt_L1_EW,NVCMT_EW,0.006,0.006
3260,32Thn_L1_EW,NONE,0.01,0.0
3260,32Thn_L2_EW,NONE,0.01,0.0
3260,32Thn_L3_EW,NONE,0.007,0.0
3260,304Nvl_L3_EW,NONE,0.006,0.0
3260,32Nvl_L2_NS,32NVL_NS,0.033,0.033
3260,32Nvl_L1_NS,32NVL_NS,0.047,0.047
3260,NvcNvl_L1_NS,NONE,0.009,0.0
3260,32Mt_L2_EW,32MT_EW,0.005,0.005
3260,NvcMt_L2_EW,NVCMT_EW,0.008,0.008
3265,304Nvl_L1_EW,304NVL_EW,0.059,0.059
3265,304Nvl_L2_EW,304NVL_EW,0.051,0.051
3265,304Nvl_L1_NS,NONE,0.007,0.0
3265,32Nvl_L3_NS,NONE,0.007,0.0
3265,32Nvl_L1_NS,32NVL_NS,0.014,0.014
3265,NvcNvl_L1_EW,NVCNVL_EW,0.007,-0.002
3265,32Mt_L1_EW,NONE,0.007,0.0
3265,32Mt_L3_EW,NONE,0.009,0.0
3265,32Mt_L1_EW,32MT_EW,0.014,0.014
3265,NvcMt_L1_EW,NVCMT_EW,0.013,0.008
3265,32Thn_L1_EW,NONE,0.01,0.0
3265,32Thn_L2_EW,NONE,0.01,0.0
3265,32Thn_L3_EW,NONE,0.007,0.0
3265,304Nvl_L3_EW,NONE,0.044,0.0
3265,32Nvl_L2_NS,32NVL_NS,0.013,0.013
3265,32Nvl_L1_NS,32NVL_NS,0.007,0.007
3265,32Mt_L2_EW,NONE,0.008,0.0
3265,32Mt_L2_EW,32MT_EW,0.005,0.005
3265,NvcMt_L2_EW,NVCMT_EW,0.016,0.016
3270,304Nvl_L1_EW,304NVL_EW,0.017,0.017
3270,304Nvl_L2_EW,304NVL_EW,0.015,0.015
3270,32Nvl_L1_EW,32NVL_EW,0.007,-0.013
3270,32Nvl_L2_EW,32NVL_EW,0.008,0.0
3270,32Nvl_L1_EW,32NVL_EW,0.007,-0.014
3270,NvcNvl_L3_NS,NONE,0.007,0.0
3270,NvcNvl_L2_NS,NONE,0.007,0.0
3270,NvcNvl_L1_NS,NVCNVL_NS,0.007,0.007
3270,32Mt_L1_EW,NONE,0.014,0.0
3270,32Mt_L3_EW,NONE,0.018,0.0
3270,32Mt_L1_EW,32MT_EW,0.021,0.016
3270,NvcMt_L1_EW,NVCMT_EW,0.013,0.007
3270,NvcCmt8_L2_EW,NVCCMT8_EW,0.005,0.005
3270,32Thn_L1_EW,32THN_EW,0.008,0.003
3270,304Nvl_L3_EW,NONE,0.013,0.0
3270,32Nvl_L3_EW,NONE,0.006,0.0
3270,NvcNvl_L1_NS,NONE,0.009,0.0
3270,32Mt_L2_EW,NONE,0.015,0.0
3270,32Mt_L2_EW,32MT_EW,0.011,0.005
3270,NvcMt_L2_EW,NVCMT_EW,0.016,0.012
3270,NvcCmt8_L1_EW,NVCCMT8_EW,0.008,-0.001
3275,304Nvl_L1_NS,NONE,0.036,0.0
3275,32Nvl_L1_NS,32NVL_NS,0.007,0.002
3275,32Nvl_L1_EW,32NVL_EW,0.007,-0.017
3275,32Nvl_L2_EW,32NVL_EW,0.008,-0.008
3275,NvcNvl_L3_NS,NONE,0.007,0.0
3275,NvcNvl_L2_NS,NONE,0.007,0.0
3275,NvcNvl_L1_NS,NVCNVL_NS,0.007,0.002
3275,32Mt_L1_EW,32MT_EW,0.035,0.03
3275,NvcMt_L1_EW,NVCMT_EW,0.006,0.001
3275,NvcCmt8_L2_EW,NVCCMT8_EW,0.005,0.005
3275,32Nvl_L3_EW,NONE,0.006,0.0
3275,32Nvl_L1_NS,32NVL_NS,0.007,0.002
3275,NvcNvl_L1_NS,NONE,0.009,0.0
3275,32Mt_L2_EW,32MT_EW,0.022,0.016
3275,NvcMt_L2_EW,NVCMT_EW,0.008,0.004
3275,NvcCmt8_L1_EW,NVCCMT8_EW,0.008,0.003
3280,304Nvl_L1_NS,NONE,0.007,0.0
3280,32Nvl_L1_NS,32NVL_NS,0.007,0.007
3280,32Nvl_L1_EW,32NVL_EW,0.007,-0.027
3280,32Nvl_L2_EW,32NVL_EW,0.008,-0.008
3280,32Mt_L1_EW,32MT_EW,0.049,0.044
3280,NvcCmt8_L2_EW,NVCCMT8_EW,0.005,0.005
3280,NvcCmt8_L2_NS,NONE,0.054,0.0
3280,NvcCmt8_L1_NS,NONE,0.039,0.0
3280,32Nvl_L3_EW,NONE,0.006,0.0
3280,32Nvl_L1_NS,32NVL_NS,0.007,0.007
3280,32Mt_L2_EW,32MT_EW,0.022,0.016
3280,NvcMt_L2_EW,NVCMT_EW,0.008,0.004
3280,NvcCmt8_L1_EW,NVCCMT8_EW,0.008,0.008
3285,304Nvl_L1_EW,304NVL_EW,0.008,0.008
3285,304Nvl_L2_EW,304NVL_EW,0.007,0.007
3285,304Nvl_L1_EW,NONE,0.008,0.0
3285,32Nvl_L1_EW,32NVL_EW,0.014,-0.01
3285,32Nvl_L2_EW,32NVL_EW,0.015,0.0
3285,NvcNvl_L3_NS,NONE,0.007,0.0
3285,NvcNvl_L2_NS,NONE,0.007,0.0
3285,32Mt_L1_EW,NONE,0.007,0.0
3285,32Mt_L3_EW,NONE,0.009,0.0
3285,32Mt_L1_EW,32MT_EW,0.035,0.025
3285,NvcCmt8_L2_EW,NVCCMT8_EW,0.005,0.005
3285,NvcCmt8_L2_NS,NONE,0.054,0.0
3285,NvcCmt8_L1_NS,NONE,0.039,0.0
3285,304Nvl_L3_EW,NONE,0.006,0.0
3285,32Nvl_L3_EW,NONE,0.013,0.0
3285,NvcNvl_L1_NS,NONE,0.009,0.0
3285,32Mt_L2_EW,NONE,0.008,0.0
3285,32Mt_L2_EW,32MT_EW,0.022,0.011
3285,NvcCmt8_L1_EW,NVCCMT8_EW,0.008,0.008
3290,304Nvl_L1_EW,304NVL_EW,0.008,0.008
3290,304Nvl_L2_EW,304NVL_EW,0.007,0.007
3290,304Nvl_L1_EW,NONE,0.008,0.0
3290,32Nvl_L1_NS,32NVL_NS,0.007,0.007
3290,32Nvl_L1_EW,32NVL_EW,0.007,-0.008
3290,32Nvl_L2_EW,32NVL_EW,0.008,0.0
3290,NvcNvl_L3_NS,NONE,0.007,0.0
3290,NvcNvl_L2_NS,NONE,0.007,0.0
3290,32Mt_L1_EW,32MT_EW,0.021,0.016
3290,NvcMt_L1_NS,NVCMT_NS,0.007,0.007
3290,304Nvl_L3_EW,NONE,0.006,0.0
3290,32Nvl_L2_NS,32NVL_NS,0.007,0.007
3290,32Nvl_L3_EW,NONE,0.006,0.0
3290,NvcNvl_L1_NS,NONE,0.009,0.0
3290,32Mt_L2_EW,32MT_EW,0.011,0.005
3290,NvcMt_L2_NS,NVCMT_NS,0.005,0.005
3290,NvcCmt8_L1_EW,NONE,0.006,0.0
3295,304Nvl_L1_NS,NONE,0.007,0.0
3295,32Nvl_L1_EW,32NVL_EW,0.007,-0.003
3295,32Nvl_L2_EW,32NVL_EW,0.008,0.0
3295,NvcNvl_L3_NS,NONE,0.014,0.0
3295,NvcNvl_L2_NS,NONE,0.013,0.0
3295,32Mt_L1_NS,32MT_NS,0.006,0.006
3295,32Mt_L1_EW,NONE,0.007,0.0
3295,32Mt_L1_EW,32MT_EW,0.014,0.009
3295,NvcCmt8_L2_NS,NONE,0.062,0.0
3295,32Nvl_L3_EW,NONE,0.006,0.0
3295,32Nvl_L1_NS,32NVL_NS,0.007,0.007
3295,NvcNvl_L1_NS,NONE,0.017,0.0
3295,32Mt_L2_EW,NONE,0.008,0.0
3295,32Mt_L2_EW,32MT_EW,0.011,0.005
3295,NvcCmt8_L1_NS,NONE,0.054,0.0
3300,304Nvl_L1_EW,304NVL_EW,0.008,0.008
3300,32Nvl_L1_EW,32NVL_EW,0.007,0.007
3300,32Nvl_L2_EW,32NVL_EW,0.008,0.008
3300,NvcNvl_L3_NS,NONE,0.007,0.0
3300,NvcNvl_L2_NS,NONE,0.007,0.0
3300,NvcNvl_L1_EW,NVCNVL_EW,0.007,0.007
3300,32Mt_L1_NS,32MT_NS,0.013,0.013
3300,32Mt_L1_EW,NONE,0.007,0.0
3300,32Mt_L3_EW,NONE,0.009,0.0
3300,32Nvl_L3_EW,NONE,0.006,0.0
3300,NvcNvl_L1_NS,NONE,0.009,0.0
3300,32Mt_L2_EW,NONE,0.008,0.0
3305,304Nvl_L1_EW,304NVL_EW,0.008,0.008
3305,304Nvl_L2_EW,304NVL_EW,0.007,0.007
3305,304Nvl_L1_NS,NONE,0.007,0.0
3305,304Nvl_L3_NS,NONE,0.008,0.0
3305,32Nvl_L3_NS,NONE,0.041,0.0
3305,32Nvl_L1_NS,32NVL_NS,0.048,0.044
3305,32Nvl_L1_EW,32NVL_EW,0.007,0.007
3305,32Nvl_L2_EW,32NVL_EW,0.008,0.008
3305,NvcNvl_L1_EW,NONE,0.011,0.0
3305,NvcNvl_L2_EW,NONE,0.008,0.0
3305,NvcNvl_L1_NS,NVCNVL_NS,0.007,-0.027
3305,32Mt_L1_NS,32MT_NS,0.019,0.019
3305,32Mt_L1_EW,NONE,0.05,0.0
3305,32Mt_L3_EW,NONE,0.053,0.0
3305,NvcMt_L1_EW,NVCMT_EW,0.006,0.006
3305,304Nvl_L3_EW,NONE,0.006,0.0
3305,304Nvl_L2_NS,NONE,0.007,0.0
3305,32Nvl_L2_NS,32NVL_NS,0.047,0.047
3305,32Nvl_L3_EW,NONE,0.006,0.0
3305,32Mt_L2_EW,NONE,0.045,0.0
3305,NvcMt_L2_EW,NVCMT_EW,0.008,0.008
3310,304Nvl_L1_NS,304NVL_NS,0.009,0.004
3310,304Nvl_L3_NS,NONE,0.007,0.0
3310,304Nvl_L1_EW,304NVL_EW,0.042,0.042
3310,304Nvl_L2_EW,304NVL_EW,0.036,0.036
3310,304Nvl_L1_NS,NONE,0.007,0.0
3310,304Nvl_L3_NS,NONE,0.008,0.0
3310,32Nvl_L1_NS,32NVL_NS,0.007,-0.004
3310,32Nvl_L1_EW,32NVL_EW,0.007,0.007
3310,32Nvl_L2_EW,32NVL_EW,0.008,0.008
3310,NvcNvl_L1_EW,NVCNVL_EW,0.007,-0.002
3310,NvcNvl_L1_NS,NVCNVL_NS,0.007,0.002
3310,32Mt_L1_NS,32MT_NS,0.013,0.013
3310,32Mt_L1_EW,NONE,0.007,0.0
3310,NvcMt_L1_EW,NVCMT_EW,0.013,0.008
3310,304Nvl_L2_NS,304NVL_NS,0.008,0.008
3310,304Nvl_L3_EW,NONE,0.032,0.0
3310,304Nvl_L2_NS,NONE,0.007,0.0
3310,32Nvl_L2_NS,32NVL_NS,0.007,0.001
3310,32Nvl_L3_EW,NONE,0.006,0.0
3310,NvcMt_L2_EW,NVCMT_EW,0.016,0.016
3315,304Nvl_L1_NS,304NVL_NS,0.009,0.009
3315,304Nvl_L3_NS,NONE,0.007,0.0
3315,304Nvl_L1_EW,304NVL_EW,0.008,0.008
3315,32Nvl_L1_EW,32NVL_EW,0.007,-0.022
3315,32Nvl_L2_EW,32NVL_EW,0.008,-0.011
3315,32Mt_L1_EW,NONE,0.014,0.0
3315,32Mt_L3_EW,NONE,0.009,0.0
3315,32Mt_L1_EW,32MT_EW,0.042,0.037
3315,304Nvl_L2_NS,304NVL_NS,0.008,0.008
3315,32Nvl_L3_EW,NONE,0.006,0.0
3315,32Nvl_L1_NS,32NVL_NS,0.007,0.0
3315,32Mt_L2_EW,NONE,0.015,0.0
3315,32Mt_L2_EW,32MT_EW,0.027,0.022
3320,304Nvl_L1_NS,304NVL_NS,0.009,0.004
3320,304Nvl_L3_NS,NONE,0.007,0.0
3320,304Nvl_L1_EW,304NVL_EW,0.017,0.017
3320,304Nvl_L1_NS,NONE,0.036,0.0
3320,32Nvl_L1_NS,32NVL_NS,0.007,0.001
3320,32Nvl_L1_EW,32NVL_EW,0.007,0.007
3320,32Nvl_L2_EW,32NVL_EW,0.008,0.008
3320,NvcNvl_L3_NS,NONE,0.014,0.0
3320,NvcNvl_L2_NS,NONE,0.013,0.0
3320,NvcNvl_L1_EW,NONE,0.011,0.0
3320,NvcNvl_L2_EW,NONE,0.008,0.0
3320,32Mt_L1_NS,NONE,0.01,0.0
3320,304Nvl_L2_NS,304NVL_NS,0.008,0.008
3320,32Nvl_L2_NS,32NVL_NS,0.007,0.001
3320,32Nvl_L3_EW,NONE,0.006,0.0
3320,32Nvl_L1_NS,32NVL_NS,0.007,0.0
3320,NvcNvl_L1_NS,NONE,0.017,0.0
3320,NvcNvl_L3_EW,NONE,0.006,0.0
3325,304Nvl_L1_NS,304NVL_NS,0.009,0.009
3325,304Nvl_L3_NS,NONE,0.007,0.0
3325,304Nvl_L1_EW,304NVL_EW,0.008,0.008
3325,304Nvl_L2_EW,304NVL_EW,0.007,0.007
3325,32Nvl_L1_EW,32NVL_EW,0.014,0.014
3325,32Nvl_L2_EW,32NVL_EW,0.015,0.015
3325,32Nvl_L3_NS,NONE,0.008,0.0
3325,32Nvl_L2_NS,32NVL_NS,0.008,0.003
3325,NvcNvl_L1_EW,NONE,0.011,0.0
3325,NvcNvl_L2_EW,NONE,0.008,0.0
3325,NvcNvl_L1_EW,NVCNVL_EW,0.007,0.007
3325,NvcNvl_L2_EW,NVCNVL_EW,0.008,0.008
3325,32Mt_L1_NS,32MT_NS,0.006,0.006
3325,32Thn_L1_EW,NONE,0.01,0.0
3325,32Thn_L2_EW,NONE,0.01,0.0
3325,32Thn_L3_EW,NONE,0.007,0.0
3325,304Nvl_L2_NS,304NVL_NS,0.008,0.002
3325,304Nvl_L3_EW,NONE,0.006,0.0
3325,32Nvl_L3_EW,NONE,0.013,0.0
3325,32Nvl_L1_NS,32NVL_NS,0.007,0.0
3325,NvcNvl_L3_EW,NONE,0.006,0.0
3325,NvcNvl_L3_EW,NONE,0.009,0.0
3330,304Nvl_L1_NS,304NVL_NS,0.009,0.009
3330,304Nvl_L3_NS,NONE,0.007,0.0
3330,304Nvl_L1_EW,304NVL_EW,0.008,0.008
3330,304Nvl_L2_EW,304NVL_EW,0.007,0.007
3330,304Nvl_L1_EW,NONE,0.008,0.0
3330,32Nvl_L1_EW,32NVL_EW,0.014,0.009
3330,32Nvl_L2_EW,32NVL_EW,0.015,0.015
3330,NvcNvl_L3_NS,NONE,0.007,0.0
3330,NvcNvl_L2_NS,NONE,0.013,0.0
3330,NvcNvl_L1_EW,NVCNVL_EW,0.014,0.014
3330,NvcNvl_L2_EW,NVCNVL_EW,0.008,0.008
3330,32Mt_L1_NS,32MT_NS,0.006,0.006
3330,32Mt_L1_EW,NONE,0.014,0.0
3330,32Mt_L3_EW,NONE,0.018,0.0
3330,32Mt_L1_NS,NONE,0.01,0.0
3330,NvcMt_L2_NS,NONE,0.026,0.0
3330,32Thn_L1_EW,32THN_EW,0.008,-0.002
3330,304Nvl_L2_NS,304NVL_NS,0.008,0.008
3330,304Nvl_L3_EW,NONE,0.006,0.0
3330,32Nvl_L3_EW,NONE,0.013,0.0
3330,NvcNvl_L1_NS,NONE,0.017,0.0
3330,NvcNvl_L3_EW,NONE,0.009,0.0
3330,32Mt_L2_EW,NONE,0.015,0.0
3330,32Mt_L2_NS,NONE,0.009,0.0
3330,NvcMt_L1_NS,NONE,0.027,0.0
3335,304Nvl_L1_NS,304NVL_NS,0.009,0.004
3335,304Nvl_L3_NS,NONE,0.007,0.0
3335,304Nvl_L1_NS,NONE,0.007,0.0
3335,32Nvl_L1_NS,32NVL_NS,0.007,0.001
3335,32Nvl_L1_EW,32NVL_EW,0.014,-0.014
3335,32Nvl_L2_EW,32NVL_EW,0.015,-0.014
3335,NvcNvl_L3_NS,NONE,0.007,0.0
3335,NvcNvl_L2_NS,NONE,0.013,0.0
3335,32Mt_L1_EW,NONE,0.007,0.0
3335,32Thn_L1_EW,32THN_EW,0.04,0.03
3335,32Thn_L2_EW,32THN_EW,0.042,0.031
3335,32Thn_L3_EW,NONE,0.041,0.0
3335,304Nvl_L2_NS,304NVL_NS,0.008,0.008
3335,32Nvl_L3_EW,NONE,0.013,0.0
3335,32Nvl_L1_NS,32NVL_NS,0.007,0.0
3335,NvcNvl_L1_NS,NONE,0.017,0.0
3340,304Nvl_L1_NS,304NVL_NS,0.009,0.009
3340,304Nvl_L3_NS,NONE,0.007,0.0
3340,32Nvl_L1_EW,32NVL_EW,0.007,0.007
3340,32Nvl_L2_EW,32NVL_EW,0.008,0.008
3340,NvcNvl_L3_NS,NONE,0.007,0.0
3340,NvcNvl_L2_NS,NONE,0.007,0.0
3340,NvcNvl_L1_EW,NONE,0.011,0.0
3340,NvcNvl_L2_EW,NONE,0.008,0.0
3340,NvcNvl_L1_EW,NVCNVL_EW,0.014,0.014
3340,NvcNvl_L2_EW,NVCNVL_EW,0.008,-0.002
3340,32Mt_L1_EW,NONE,0.007,0.0
3340,32Mt_L1_NS,NONE,0.01,0.0
3340,NvcMt_L2_EW,NVCMT_EW,0.013,0.008
3340,32Thn_L1_EW,NONE,0.049,0.0
3340,304Nvl_L2_NS,304NVL_NS,0.008,0.008
3340,32Nvl_L3_EW,NONE,0.006,0.0
3340,32Nvl_L1_NS,32NVL_NS,0.007,0.0
3340,NvcNvl_L1_NS,NONE,0.009,0.0
3340,NvcNvl_L3_EW,NONE,0.009,0.0
3340,NvcMt_L1_EW,NVCMT_EW,0.028,0.018
3345,304Nvl_L1_NS,304NVL_NS,0.009,-0.015
3345,304Nvl_L3_NS,NONE,0.007,0.0
3345,304Nvl_L1_EW,304NVL_EW,0.008,0.008
3345,304Nvl_L2_EW,304NVL_EW,0.007,0.007
3345,32Nvl_L3_NS,NONE,0.034,0.0
3345,32Nvl_L1_NS,32NVL_NS,0.035,0.028
3345,32Nvl_L1_EW,32NVL_EW,0.014,0.014
3345,32Nvl_L2_EW,32NVL_EW,0.015,0.015
3345,NvcNvl_L3_NS,NONE,0.034,0.0
3345,NvcNvl_L2_NS,NONE,0.033,0.0
3345,32Mt_L1_EW,NONE,0.014,0.0
3345,32Mt_L3_EW,NONE,0.009,0.0
3345,32Mt_L1_NS,NONE,0.127,0.0
3345,NvcMt_L1_EW,NVCMT_EW,0.006,0.006
3345,304Nvl_L2_NS,304NVL_NS,0.008,0.008
3345,304Nvl_L3_EW,NONE,0.006,0.0
3345,32Nvl_L2_NS,32NVL_NS,0.033,0.028
3345,32Nvl_L3_EW,NONE,0.013,0.0
3345,NvcNvl_L1_NS,NONE,0.044,0.0
3345,32Mt_L2_EW,NONE,0.008,0.0
3345,32Mt_L2_NS,NONE,0.113,0.0
3345,NvcMt_L2_EW,NVCMT_EW,0.008,0.008
3350,304Thn_L1_EW,NONE,0.007,0.0
3350,304Thn_L2_EW,NONE,0.008,0.0
3350,304Nvl_L1_NS,304NVL_NS,0.009,-0.015
3350,304Nvl_L3_NS,NONE,0.007,0.0
3350,32Nvl_L1_NS,32NVL_NS,0.035,0.028
3350,32Nvl_L1_EW,32NVL_EW,0.007,0.001
3350,32Nvl_L2_EW,32NVL_EW,0.008,0.002
3350,32Nvl_L3_NS,NONE,0.017,0.0
3350,32Nvl_L2_NS,32NVL_NS,0.016,0.01
3350,NvcNvl_L3_NS,NONE,0.048,0.0
3350,NvcNvl_L2_NS,NONE,0.046,0.0
3350,NvcNvl_L1_EW,NVCNVL_EW,0.007,0.003
3350,32Mt_L1_NS,NONE,0.127,0.0
3350,NvcMt_L2_NS,NONE,0.005,0.0
3350,NvcMt_L1_EW,NVCMT_EW,0.006,0.001
3350,32Thn_L1_EW,32THN_EW,0.008,0.003
3350,32Thn_L2_EW,32THN_EW,0.008,0.003
3350,32Thn_L3_EW,NONE,0.008,0.0
3350,304Nvl_L2_NS,304NVL_NS,0.008,-0.003
3350,32Nvl_L2_NS,32NVL_NS,0.033,0.028
3350,32Nvl_L3_EW,NONE,0.006,0.0
3350,32Nvl_L1_NS,32NVL_NS,0.013,0.007
3350,NvcNvl_L1_NS,NONE,0.061,0.0
3350,32Mt_L2_NS,NONE,0.113,0.0
3350,NvcMt_L1_NS,NONE,0.005,0.0
3350,NvcMt_L2_EW,NVCMT_EW,0.008,0.008
3350,304Thn_L3_EW,NONE,0.008,0.0
3355,304Thn_L1_EW,304THN_EW,0.008,0.002
3355,304Nvl_L1_NS,304NVL_NS,0.009,0.009
3355,304Nvl_L3_NS,NONE,0.007,0.0
3355,304Nvl_L1_EW,304NVL_EW,0.008,0.003
3355,304Nvl_L2_EW,304NVL_EW,0.007,0.007
3355,304Nvl_L1_NS,NONE,0.015,0.0
3355,304Nvl_L3_NS,NONE,0.008,0.0
3355,32Nvl_L1_EW,32NVL_EW,0.007,0.007
3355,32Nvl_L2_EW,32NVL_EW,0.008,0.008
3355,32Nvl_L3_NS,NONE,0.008,0.0
3355,32Nvl_L2_NS,32NVL_NS,0.008,0.003
3355,NvcNvl_L3_NS,NONE,0.014,0.0
3355,NvcNvl_L2_NS,NONE,0.02,0.0
3355,32Mt_L1_NS,32MT_NS,0.006,0.006
3355,32Mt_L1_NS,NONE,0.01,0.0
3355,NvcMt_L1_EW,NVCMT_EW,0.006,0.006
3355,32Thn_L1_EW,NONE,0.01,0.0
3355,304Nvl_L2_NS,304NVL_NS,0.008,0.002
3355,304Nvl_L3_EW,NONE,0.006,0.0
3355,304Nvl_L2_NS,NONE,0.007,0.0
3355,32Nvl_L3_EW,NONE,0.006,0.0
3355,32Nvl_L1_NS,32NVL_NS,0.013,0.007
3355,NvcNvl_L1_NS,NONE,0.026,0.0
3355,NvcMt_L2_EW,NVCMT_EW,0.008,0.008
3360,304Nvl_L1_NS,304NVL_NS,0.009,0.004
3360,304Nvl_L3_NS,NONE,0.007,0.0
3360,304Nvl_L1_EW,304NVL_EW,0.008,0.008
3360,304Nvl_L2_EW,304NVL_EW,0.007,0.007
3360,32Nvl_L3_NS,NONE,0.007,0.0
3360,32Nvl_L1_NS,32NVL_NS,0.007,0.001
3360,NvcNvl_L3_NS,NONE,0.02,0.0
3360,NvcNvl_L2_NS,NONE,0.02,0.0
3360,32Mt_L1_NS,32MT_NS,0.006,0.006
3360,32Mt_L1_EW,32MT_EW,0.007,0.007
3360,32Mt_L1_NS,NONE,0.117,0.0
3360,304Nvl_L2_NS,304NVL_NS,0.008,0.008
3360,304Nvl_L3_EW,NONE,0.006,0.0
3360,32Nvl_L2_NS,32NVL_NS,0.007,0.001
3360,NvcNvl_L1_NS,NONE,0.026,0.0
3360,32Mt_L2_EW,32MT_EW,0.005,0.005
3365,304Nvl_L1_NS,304NVL_NS,0.009,-0.001
3365,304Nvl_L1_EW,304NVL_EW,0.017,0.017
3365,304Nvl_L2_EW,304NVL_EW,0.015,0.015
3365,304Nvl_L1_NS,NONE,0.007,0.0
3365,32Nvl_L1_NS,32NVL_NS,0.014,0.008
3365,NvcNvl_L1_EW,NONE,0.011,0.0
3365,NvcNvl_L2_EW,NONE,0.008,0.0
3365,NvcNvl_L1_EW,NVCNVL_EW,0.014,0.014
3365,NvcNvl_L2_EW,NVCNVL_EW,0.008,0.008
3365,32Mt_L1_NS,32MT_NS,0.013,0.013
3365,32Mt_L1_EW,NONE,0.007,0.0
3365,32Mt_L1_NS,NONE,0.01,0.0
3365,304Nvl_L2_NS,304NVL_NS,0.008,0.008
3365,304Nvl_L3_EW,NONE,0.013,0.0
3365,32Nvl_L2_NS,32NVL_NS,0.007,0.001
3365,32Nvl_L1_NS,32NVL_NS,0.007,0.0
3365,NvcNvl_L3_EW,NONE,0.009,0.0
3365,32Mt_L2_NS,32MT_NS,0.006,0.006
3365,32Mt_L2_EW,NONE,0.008,0.0
3365,32Mt_L2_NS,NONE,0.009,0.0
3370,304Nvl_L1_EW,304NVL_EW,0.025,0.025
3370,304Nvl_L2_EW,304NVL_EW,0.015,0.015
3370,32Nvl_L1_NS,32NVL_NS,0.014,0.014
3370,NvcNvl_L3_NS,NONE,0.081,0.0
3370,NvcNvl_L2_NS,NONE,0.079,0.0
3370,NvcNvl_L1_EW,NONE,0.011,0.0
3370,NvcNvl_L2_EW,NONE,0.008,0.0
3370,NvcNvl_L1_EW,NVCNVL_EW,0.099,0.099
3370,NvcNvl_L2_EW,NVCNVL_EW,0.102,0.102
3370,32Mt_L1_NS,32MT_NS,0.006,0.006
3370,32Mt_L1_EW,NONE,0.007,0.0
3370,304Nvl_L3_EW,NONE,0.013,0.0
3370,32Nvl_L2_NS,32NVL_NS,0.007,0.007
3370,32Nvl_L1_NS,32NVL_NS,0.007,0.007
3370,NvcNvl_L1_NS,NONE,0.105,0.0
3370,NvcNvl_L3_EW,NONE,0.006,0.0
3370,NvcNvl_L3_EW,NONE,0.121,0.0
3370,32Mt_L2_EW,NONE,0.008,0.0
3375,304Nvl_L1_EW,304NVL_EW,0.051,0.051
3375,304Nvl_L2_EW,304NVL_EW,0.029,0.029
3375,NvcNvl_L3_NS,NONE,0.088,0.0
3375,NvcNvl_L2_NS,NONE,0.086,0.0
3375,NvcNvl_L1_EW,NVCNVL_EW,0.099,0.094
3375,NvcNvl_L2_EW,NVCNVL_EW,0.102,0.102
3375,32Mt_L1_NS,32MT_NS,0.006,0.006
3375,32Mt_L1_EW,NONE,0.014,0.0
3375,32Mt_L3_EW,NONE,0.009,0.0
3375,32Mt_L1_NS,NONE,0.01,0.0
3375,NvcMt_L2_NS,NONE,0.005,0.0
3375,NvcMt_L1_EW,NVCMT_EW,0.006,-0.063
3375,304Nvl_L3_EW,NONE,0.025,0.0
3375,32Nvl_L1_NS,32NVL_NS,0.007,0.007
3375,NvcNvl_L1_NS,NONE,0.114,0.0
3375,NvcNvl_L3_EW,NONE,0.121,0.0
3375,32Mt_L2_EW,NONE,0.008,0.0
3375,32Mt_L2_NS,NONE,0.009,0.0
3375,NvcMt_L1_NS,NONE,0.005,0.0
3375,NvcMt_L2_EW,NVCMT_EW,0.008,-0.063
3380,304Nvl_L1_EW,304NVL_EW,0.042,0.042
3380,304Nvl_L2_EW,304NVL_EW,0.029,0.029
3380,32Nvl_L1_NS,32NVL_NS,0.007,0.007
3380,NvcNvl_L1_EW,NONE,0.053,0.0
3380,NvcNvl_L2_EW,NONE,0.038,0.0
3380,NvcNvl_L1_EW,NVCNVL_EW,0.113,0.113
3380,NvcNvl_L2_EW,NVCNVL_EW,0.117,0.117
3380,32Mt_L1_NS,NONE,0.01,0.0
3380,304Nvl_L3_EW,NONE,0.025,0.0
3380,32Nvl_L2_NS,32NVL_NS,0.007,0.007
3380,NvcNvl_L3_EW,NONE,0.032,0.0
3380,NvcNvl_L3_EW,NONE,0.14,0.0
3380,32Mt_L2_NS,NONE,0.009,0.0
3385,304Thn_L1_EW,NONE,0.007,0.0
3385,304Thn_L2_EW,NONE,0.008,0.0
3385,32Nvl_L1_NS,32NVL_NS,0.007,0.007
3385,NvcNvl_L3_NS,NONE,0.007,0.0
3385,NvcNvl_L2_NS,NONE,0.007,0.0
3385,NvcNvl_L1_EW,NONE,0.011,0.0
3385,NvcNvl_L2_EW,NONE,0.008,0.0
3385,NvcNvl_L1_EW,NVCNVL_EW,0.106,0.101
3385,NvcNvl_L2_EW,NVCNVL_EW,0.117,0.115
3385,32Mt_L1_NS,32MT_NS,0.006,0.006
3385,32Mt_L1_EW,NONE,0.007,0.0
3385,32Mt_L1_EW,32MT_EW,0.007,0.007
3385,NvcMt_L1_EW,NVCMT_EW,0.006,-0.068
3385,NvcMt_L2_EW,NVCMT_EW,0.003,-0.079
3385,32Nvl_L2_NS,32NVL_NS,0.007,0.007
3385,NvcNvl_L1_NS,NONE,0.009,0.0
3385,NvcNvl_L3_EW,NONE,0.14,0.0
3385,NvcMt_L2_EW,NVCMT_EW,0.008,-0.074
3385,NvcMt_L1_EW,NVCMT_EW,0.006,-0.068
3385,304Thn_L3_EW,NONE,0.008,0.0
3390,32Nvl_L1_NS,32NVL_NS,0.007,0.007
3390,32Nvl_L3_NS,NONE,0.008,0.0
3390,32Nvl_L2_NS,32NVL_NS,0.008,0.008
3390,NvcNvl_L3_NS,NONE,0.007,0.0
3390,NvcNvl_L2_NS,NONE,0.007,0.0
3390,NvcNvl_L1_EW,NVCNVL_EW,0.19,0.186
3390,NvcNvl_L2_EW,NVCNVL_EW,0.117,0.115
3390,32Mt_L1_EW,32MT_EW,0.007,0.007
3390,32Mt_L1_NS,NONE,0.01,0.0
3390,NvcMt_L1_EW,NVCMT_EW,0.006,-0.127
3390,NvcMt_L2_EW,NVCMT_EW,0.003,-0.079
3390,32Nvl_L2_NS,32NVL_NS,0.007,0.007
3390,32Nvl_L1_NS,32NVL_NS,0.007,0.007
3390,NvcNvl_L1_NS,NONE,0.009,0.0
3390,NvcNvl_L3_EW,NONE,0.14,0.0
3390,32Mt_L2_EW,32MT_EW,0.005,0.005
3390,32Mt_L2_NS,NONE,0.009,0.0
3390,NvcMt_L2_EW,NVCMT_EW,0.008,-0.074
3390,NvcMt_L1_EW,NVCMT_EW,0.006,-0.127
3395,304Thn_L1_EW,304THN_EW,0.008,0.008
3395,304Nvl_L1_NS,NONE,0.015,0.0
3395,304Nvl_L3_NS,NONE,0.008,0.0
3395,32Nvl_L3_NS,NONE,0.042,0.0
3395,32Nvl_L2_NS,32NVL_NS,0.039,0.039
3395,NvcNvl_L1_EW,NVCNVL_EW,0.19,0.186
3395,NvcNvl_L2_EW,NVCNVL_EW,0.117,0.115
3395,32Mt_L1_NS,32MT_NS,0.006,0.006
3395,32Mt_L1_EW,NONE,0.007,0.0
3395,32Mt_L3_EW,NONE,0.009,0.0
3395,32Mt_L1_EW,32MT_EW,0.007,0.007
3395,NvcMt_L1_EW,NVCMT_EW,0.006,-0.127
3395,NvcMt_L2_EW,NVCMT_EW,0.003,-0.079
3395,304Nvl_L2_NS,NONE,0.007,0.0
3395,32Nvl_L1_NS,32NVL_NS,0.04,0.04
3395,NvcNvl_L3_EW,NONE,0.14,0.0
3395,32Mt_L2_EW,NONE,0.008,0.0
3395,32Mt_L2_EW,32MT_EW,0.005,0.005
3395,NvcMt_L2_EW,NVCMT_EW,0.008,-0.074
3395,NvcMt_L1_EW,NVCMT_EW,0.006,-0.127
3400,304Thn_L1_EW,304THN_EW,0.008,0.002
3400,304Nvl_L1_EW,304NVL_EW,0.008,0.003
3400,304Nvl_L1_NS,NONE,0.015,0.0
3400,32Nvl_L1_EW,32NVL_EW,0.034,0.034
3400,32Nvl_L2_EW,32NVL_EW,0.037,0.037
3400,32Nvl_L3_NS,NONE,0.15,0.0
3400,32Nvl_L2_NS,32NVL_NS,0.142,0.142
3400,NvcNvl_L1_EW,NVCNVL_EW,0.197,0.197
3400,NvcNvl_L2_EW,NVCNVL_EW,0.117,0.117
3400,304Nvl_L2_NS,NONE,0.007,0.0
3400,32Nvl_L3_EW,NONE,0.031,0.0
3400,32Nvl_L1_NS,32NVL_NS,0.121,0.121
3400,NvcNvl_L3_EW,NONE,0.14,0.0
3405,304Nvl_L1_EW,304NVL_EW,0.017,0.017
3405,304Nvl_L2_EW,304NVL_EW,0.007,0.007
3405,32Nvl_L1_EW,32NVL_EW,0.034,0.034
3405,32Nvl_L2_EW,32NVL_EW,0.037,0.037
3405,NvcNvl_L3_NS,NONE,0.007,0.0
3405,NvcNvl_L2_NS,NONE,0.013,0.0
3405,NvcNvl_L1_EW,NVCNVL_EW,0.113,0.113
3405,NvcNvl_L2_EW,NVCNVL_EW,0.117,0.117
3405,32Mt_L1_EW,NONE,0.007,0.0
3405,32Mt_L3_EW,NONE,0.009,0.0
3405,32Mt_L1_NS,NONE,0.01,0.0
3405,304Nvl_L3_EW,NONE,0.006,0.0
3405,32Nvl_L3_EW,NONE,0.031,0.0
3405,NvcNvl_L1_NS,NONE,0.017,0.0
3405,NvcNvl_L3_EW,NONE,0.14,0.0
3405,32Mt_L2_EW,NONE,0.008,0.0
3410,304Nvl_L1_EW,304NVL_EW,0.008,0.008
3410,32Nvl_L1_NS,32NVL_NS,0.042,0.042
3410,32Nvl_L1_EW,32NVL_EW,0.034,0.034
3410,32Nvl_L2_EW,32NVL_EW,0.037,0.037
3410,NvcNvl_L3_NS,NONE,0.014,0.0
3410,NvcNvl_L2_NS,NONE,0.013,0.0
3410,NvcNvl_L1_EW,NVCNVL_EW,0.113,0.113
3410,NvcNvl_L2_EW,NVCNVL_EW,0.117,0.117
3410,32Mt_L1_NS,NONE,0.01,0.0
3410,NvcMt_L2_NS,NONE,0.063,0.0
3410,32Nvl_L3_EW,NONE,0.031,0.0
3410,NvcNvl_L1_NS,NONE,0.017,0.0
3410,NvcNvl_L3_EW,NONE,0.14,0.0
3410,NvcMt_L1_NS,NONE,0.066,0.0
3415,304Nvl_L1_EW,304NVL_EW,0.017,0.017
3415,304Nvl_L2_EW,304NVL_EW,0.007,0.007
3415,32Nvl_L1_NS,32NVL_NS,0.007,0.007
3415,32Nvl_L1_EW,32NVL_EW,0.04,-0.032
3415,32Nvl_L2_EW,32NVL_EW,0.045,-0.029
3415,NvcNvl_L1_EW,NONE,0.011,0.0
3415,NvcNvl_L2_EW,NONE,0.008,0.0
3415,NvcNvl_L1_EW,NVCNVL_EW,0.106,0.106
3415,NvcNvl_L2_EW,NVCNVL_EW,0.117,0.117
3415,32Mt_L1_EW,32MT_EW,0.007,0.007
3415,32Mt_L1_NS,NONE,0.137,0.0
3415,NvcMt_L2_NS,NONE,0.127,0.0
3415,32Thn_L1_EW,32THN_EW,0.096,0.096
3415,32Thn_L2_EW,32THN_EW,0.1,0.1
3415,32Thn_L3_EW,NONE,0.098,0.0
3415,32Nvl_L3_EW,NONE,0.037,0.0
3415,32Nvl_L1_NS,32NVL_NS,0.081,0.081
3415,NvcNvl_L3_EW,NONE,0.14,0.0
3415,32Mt_L2_EW,32MT_EW,0.005,0.005
3415,32Mt_L2_NS,NONE,0.121,0.0
3415,NvcMt_L1_NS,NONE,0.132,0.0
3420,304Nvl_L1_EW,304NVL_EW,0.008,0.008
3420,32Nvl_L1_EW,32NVL_EW,0.04,0.035
3420,32Nvl_L2_EW,32NVL_EW,0.045,0.041
3420,NvcNvl_L3_NS,NONE,0.007,0.0
3420,NvcNvl_L2_NS,NONE,0.007,0.0
3420,NvcNvl_L1_EW,NVCNVL_EW,0.014,0.01
3420,NvcNvl_L2_EW,NVCNVL_EW,0.008,0.008
3420,32Mt_L1_EW,NONE,0.007,0.0
3420,32Mt_L3_EW,NONE,0.009,0.0
3420,32Mt_L1_EW,32MT_EW,0.007,0.007
3420,32Mt_L1_NS,NONE,0.117,0.0
3420,NvcMt_L2_NS,NONE,0.063,0.0
3420,NvcMt_L1_EW,NVCMT_EW,0.006,-0.004
3420,32Thn_L1_EW,NONE,0.116,0.0
3420,32Nvl_L3_EW,NONE,0.037,0.0
3420,32Nvl_L1_NS,32NVL_NS,0.081,0.081
3420,NvcNvl_L1_NS,NONE,0.009,0.0
3420,32Mt_L2_EW,NONE,0.008,0.0
3420,32Mt_L2_EW,32MT_EW,0.005,0.005
3420,32Mt_L2_NS,NONE,0.104,0.0
3420,NvcMt_L1_NS,NONE,0.066,0.0
3420,NvcMt_L2_EW,NVCMT_EW,0.008,0.002
3425,304Nvl_L1_NS,NONE,0.007,0.0
3425,32Nvl_L1_EW,32NVL_EW,0.007,-0.003
3425,32Nvl_L2_EW,32NVL_EW,0.008,0.004
3425,32Nvl_L1_EW,32NVL_EW,0.007,-0.003
3425,32Nvl_L2_EW,32NVL_EW,0.007,0.004
3425,32Nvl_L3_NS,NONE,0.058,0.0
3425,32Nvl_L2_NS,32NVL_NS,0.055,0.055
3425,NvcNvl_L1_EW,NONE,0.011,0.0
3425,NvcNvl_L2_EW,NONE,0.008,0.0
3425,NvcNvl_L1_EW,NVCNVL_EW,0.007,0.003
3425,32Mt_L1_EW,NONE,0.007,0.0
3425,32Mt_L1_EW,32MT_EW,0.014,0.009
3425,32Mt_L1_NS,NONE,0.127,0.0
3425,NvcMt_L1_EW,NVCMT_EW,0.006,0.001
3425,32Thn_L1_EW,NONE,0.116,0.0
3425,32Nvl_L3_EW,NONE,0.006,0.0
3425,32Nvl_L3_EW,NONE,0.006,0.0
3425,32Nvl_L1_NS,32NVL_NS,0.047,0.047
3425,32Mt_L2_EW,32MT_EW,0.005,0.0
3425,32Mt_L2_NS,NONE,0.113,0.0
3425,NvcMt_L2_EW,NVCMT_EW,0.008,0.008
3430,32Nvl_L1_NS,32NVL_NS,0.007,0.007
3430,32Nvl_L3_NS,NONE,0.075,0.0
3430,32Nvl_L2_NS,32NVL_NS,0.071,0.071
3430,NvcNvl_L1_EW,NONE,0.139,0.0
3430,NvcNvl_L2_EW,NONE,0.099,0.0
3430,32Mt_L1_NS,32MT_NS,0.006,0.006
3430,32Mt_L1_EW,NONE,0.086,0.0
3430,32Mt_L1_EW,32MT_EW,0.105,0.105
3430,32Nvl_L2_NS,32NVL_NS,0.007,0.007
3430,32Nvl_L1_NS,32NVL_NS,0.067,0.067
3430,32Mt_L2_EW,NONE,0.09,0.0
3430,32Mt_L2_EW,32MT_EW,0.011,0.011
3430,NvcMt_L1_NS,NONE,0.005,0.0
3435,32Nvl_L1_NS,32NVL_NS,0.007,0.007
3435,32Nvl_L3_NS,NONE,0.075,0.0
3435,32Nvl_L2_NS,32NVL_NS,0.071,0.071
3435,NvcNvl_L1_EW,NONE,0.128,0.0
3435,NvcNvl_L2_EW,NONE,0.092,0.0
3435,32Mt_L1_NS,32MT_NS,0.006,0.006
3435,32Mt_L1_EW,NONE,0.18,0.0
3435,32Mt_L3_EW,NONE,0.115,0.0
3435,32Mt_L1_EW,32MT_EW,0.098,0.098
3435,NvcMt_L2_NS,NONE,0.005,0.0
3435,32Nvl_L2_NS,32NVL_NS,0.007,0.007
3435,32Nvl_L1_NS,32NVL_NS,0.067,0.067
3435,32Mt_L2_EW,NONE,0.098,0.0
3435,32Mt_L2_EW,32MT_EW,0.076,0.076
3435,NvcMt_L1_NS,NONE,0.005,0.0
3440,304Nvl_L1_NS,NONE,0.044,0.0
3440,304Nvl_L3_NS,NONE,0.048,0.0
3440,32Nvl_L1_NS,32NVL_NS,0.007,0.007
3440,32Nvl_L3_NS,NONE,0.075,0.0
3440,32Nvl_L2_NS,32NVL_NS,0.071,0.071
3440,32Mt_L1_NS,32MT_NS,0.006,0.006
3440,32Mt_L1_EW,NONE,0.086,0.0
3440,32Mt_L3_EW,NONE,0.106,0.0
3440,32Mt_L1_EW,32MT_EW,0.007,0.007
3440,32Mt_L1_NS,NONE,0.02,0.0
3440,NvcMt_L2_NS,NONE,0.005,0.0
3440,304Nvl_L2_NS,NONE,0.044,0.0
3440,32Nvl_L2_NS,32NVL_NS,0.007,0.007
3440,32Nvl_L1_NS,32NVL_NS,0.067,0.067
3440,32Mt_L2_EW,NONE,0.09,0.0
3440,32Mt_L2_EW,32MT_EW,0.005,0.005
3440,32Mt_L2_NS,NONE,0.017,0.0
3440,NvcMt_L1_NS,NONE,0.005,0.0
3445,304Nvl_L1_NS,NONE,0.007,0.0
3445,32Nvl_L1_NS,32NVL_NS,0.007,0.007
3445,32Nvl_L3_NS,NONE,0.083,0.0
3445,32Nvl_L2_NS,32NVL_NS,0.079,0.079
3445,NvcNvl_L3_NS,NONE,0.007,0.0
3445,NvcNvl_L2_NS,NONE,0.007,0.0
3445,NvcNvl_L1_EW,NONE,0.011,0.0
3445,NvcNvl_L2_EW,NONE,0.008,0.0
3445,32Mt_L1_NS,32MT_NS,0.006,0.006
3445,32Mt_L1_EW,NONE,0.014,0.0
3445,32Mt_L1_EW,32MT_EW,0.007,0.007
3445,NvcMt_L1_EW,NVCMT_EW,0.006,0.006
3445,NvcCmt8_L2_NS,NONE,0.011,0.0
3445,NvcCmt8_L1_NS,NONE,0.008,0.0
3445,304Nvl_L2_NS,NONE,0.007,0.0
3445,32Nvl_L2_NS,32NVL_NS,0.007,0.007
3445,32Nvl_L1_NS,32NVL_NS,0.074,0.074
3445,NvcNvl_L1_NS,NONE,0.009,0.0
3445,NvcNvl_L3_EW,NONE,0.006,0.0
3445,NvcMt_L2_EW,NVCMT_EW,0.008,0.008
3450,304Nvl_L1_EW,304NVL_EW,0.051,0.051
3450,304Nvl_L2_EW,304NVL_EW,0.007,0.007
3450,32Nvl_L3_NS,NONE,0.007,0.0
3450,32Nvl_L1_NS,32NVL_NS,0.014,0.014
3450,32Nvl_L3_NS,NONE,0.083,0.0
3450,32Nvl_L2_NS,32NVL_NS,0.079,0.079
3450,32Mt_L1_NS,32MT_NS,0.006,0.006
3450,32Mt_L1_EW,NONE,0.007,0.0
3450,304Nvl_L3_EW,NONE,0.006,0.0
3450,32Nvl_L2_NS,32NVL_NS,0.013,0.013
3450,32Nvl_L1_NS,32NVL_NS,0.074,0.074
3455,304Nvl_L1_EW,304NVL_EW,0.017,0.017
3455,304Nvl_L2_EW,304NVL_EW,0.015,0.015
3455,32Nvl_L3_NS,NONE,0.007,0.0
3455,32Nvl_L1_NS,32NVL_NS,0.014,0.014
3455,32Nvl_L3_NS,NONE,0.083,0.0
3455,32Nvl_L2_NS,32NVL_NS,0.079,0.079
3455,NvcNvl_L3_NS,NONE,0.007,0.0
3455,NvcNvl_L2_NS,NONE,0.007,0.0
3455,32Mt_L1_NS,32MT_NS,0.013,0.008
3455,32Mt_L1_EW,32MT_EW,0.084,0.084
3455,32Mt_L1_NS,NONE,0.01,0.0
3455,NvcMt_L2_NS,NONE,0.005,0.0
3455,NvcMt_L1_NS,NVCMT_NS,0.007,-0.002
3455,304Nvl_L3_EW,NONE,0.006,0.0
3455,32Nvl_L2_NS,32NVL_NS,0.013,0.013
3455,32Nvl_L1_NS,32NVL_NS,0.074,0.074
3455,NvcNvl_L1_NS,NONE,0.009,0.0
3455,32Mt_L2_NS,NONE,0.009,0.0
3455,NvcMt_L1_NS,NONE,0.005,0.0
3455,NvcMt_L2_NS,NVCMT_NS,0.005,0.005
3460,304Nvl_L1_EW,304NVL_EW,0.008,0.008
3460,304Nvl_L2_EW,304NVL_EW,0.007,0.007
3460,304Nvl_L1_NS,NONE,0.007,0.0
3460,32Nvl_L3_NS,NONE,0.007,0.0
3460,32Nvl_L1_NS,32NVL_NS,0.014,0.014
3460,32Nvl_L1_EW,32NVL_EW,0.007,-0.061
3460,32Nvl_L2_EW,32NVL_EW,0.008,-0.042
3460,32Nvl_L3_NS,NONE,0.083,0.0
3460,32Nvl_L2_NS,32NVL_NS,0.079,0.079
3460,NvcNvl_L3_NS,NONE,0.007,0.0
3460,NvcNvl_L2_NS,NONE,0.007,0.0
3460,32Mt_L1_NS,32MT_NS,0.006,0.001
3460,32Mt_L1_EW,32MT_EW,0.098,0.093
3460,NvcMt_L1_NS,NVCMT_NS,0.007,0.002
3460,NvcCmt8_L2_EW,NVCCMT8_EW,0.005,0.005
3460,304Nvl_L3_EW,NONE,0.006,0.0
3460,32Nvl_L2_NS,32NVL_NS,0.013,0.013
3460,32Nvl_L3_EW,NONE,0.006,0.0
3460,32Nvl_L1_NS,32NVL_NS,0.067,0.067
3460,NvcNvl_L1_NS,NONE,0.009,0.0
3460,32Mt_L2_EW,32MT_EW,0.071,0.065
3460,NvcMt_L2_NS,NVCMT_NS,0.005,0.005
3460,NvcCmt8_L1_NS,NONE,0.011,0.0
3460,NvcCmt8_L1_EW,NVCCMT8_EW,0.008,0.008
3465,304Nvl_L1_NS,NONE,0.015,0.0
3465,32Nvl_L3_NS,NONE,0.007,0.0
3465,32Nvl_L1_NS,32NVL_NS,0.014,0.014
3465,32Nvl_L3_NS,NONE,0.083,0.0
3465,32Nvl_L2_NS,32NVL_NS,0.079,0.079
3465,NvcNvl_L1_EW,NVCNVL_EW,0.007,0.007
3465,32Mt_L1_EW,NONE,0.007,0.0
3465,32Mt_L1_EW,32MT_EW,0.007,0.007
3465,32Mt_L1_NS,NONE,0.02,0.0
3465,NvcMt_L2_NS,NONE,0.005,0.0
3465,NvcMt_L1_NS,NVCMT_NS,0.007,0.007
3465,32Nvl_L2_NS,32NVL_NS,0.013,0.013
3465,32Nvl_L1_NS,32NVL_NS,0.067,0.067
3465,32Mt_L2_EW,32MT_EW,0.005,0.005
3465,32Mt_L2_NS,NONE,0.009,0.0
3465,NvcMt_L1_NS,NONE,0.005,0.0
3465,NvcMt_L2_NS,NVCMT_NS,0.005,0.005
3465,NvcCmt8_L1_EW,NONE,0.006,0.0
3470,304Thn_L1_EW,304THN_EW,0.008,0.002
3470,304Thn_L3_EW,NONE,0.008,0.0
3470,304Nvl_L1_EW,304NVL_EW,0.008,0.003
3470,304Nvl_L2_EW,304NVL_EW,0.007,0.002
3470,32Nvl_L3_NS,NONE,0.007,0.0
3470,32Nvl_L1_NS,32NVL_NS,0.014,0.014
3470,32Nvl_L1_EW,32NVL_EW,0.007,0.002
3470,32Nvl_L2_EW,32NVL_EW,0.008,0.008
3470,32Nvl_L3_NS,NONE,0.083,0.0
3470,32Nvl_L2_NS,32NVL_NS,0.079,0.079
3470,NvcNvl_L1_EW,NVCNVL_EW,0.007,0.007
3470,32Mt_L1_NS,32MT_NS,0.006,0.001
3470,32Mt_L1_EW,NONE,0.036,0.0
3470,32Mt_L3_EW,NONE,0.044,0.0
3470,32Mt_L1_EW,32MT_EW,0.007,0.002
3470,32Mt_L1_NS,NONE,0.107,0.0
3470,NvcMt_L1_NS,NVCMT_NS,0.007,0.002
3470,304Nvl_L3_EW,NONE,0.006,0.0
3470,32Nvl_L2_NS,32NVL_NS,0.013,0.013
3470,32Nvl_L3_EW,NONE,0.006,0.0
3470,32Nvl_L1_NS,32NVL_NS,0.074,0.074
3470,32Mt_L2_NS,32MT_NS,0.006,0.003
3470,32Mt_L2_EW,NONE,0.038,0.0
3470,32Mt_L2_NS,NONE,0.095,0.0
3470,NvcMt_L2_NS,NVCMT_NS,0.005,0.001
3470,304Thn_L2_EW,304THN_EW,0.007,0.002
3475,304Nvl_L1_EW,304NVL_EW,0.017,0.017
3475,304Nvl_L2_EW,304NVL_EW,0.015,0.015
3475,32Nvl_L3_NS,NONE,0.007,0.0
3475,32Nvl_L1_NS,32NVL_NS,0.014,0.014
3475,32Nvl_L1_EW,32NVL_EW,0.007,0.002
3475,32Nvl_L2_EW,32NVL_EW,0.008,0.004
3475,32Nvl_L3_NS,NONE,0.083,0.0
3475,32Nvl_L2_NS,32NVL_NS,0.079,0.079
3475,NvcNvl_L3_NS,NONE,0.007,0.0
3475,NvcNvl_L2_NS,NONE,0.007,0.0
3475,32Mt_L1_NS,32MT_NS,0.006,0.006
3475,32Mt_L1_EW,NONE,0.086,0.0
3475,32Mt_L3_EW,NONE,0.062,0.0
3475,32Mt_L1_EW,32MT_EW,0.007,0.002
3475,304Nvl_L3_EW,NONE,0.013,0.0
3475,32Nvl_L2_NS,32NVL_NS,0.013,0.013
3475,32Nvl_L3_EW,NONE,0.006,0.0
3475,32Nvl_L1_NS,32NVL_NS,0.074,0.074
3475,NvcNvl_L1_NS,NONE,0.009,0.0
3475,32Mt_L2_NS,32MT_NS,0.006,0.006
3475,32Mt_L2_EW,NONE,0.053,0.0
3475,32Mt_L2_EW,32MT_EW,0.005,0.0
3480,304Nvl_L1_NS,304NVL_NS,0.009,0.009
3480,304Nvl_L3_NS,NONE,0.007,0.0
3480,304Nvl_L1_EW,304NVL_EW,0.017,0.017
3480,304Nvl_L2_EW,304NVL_EW,0.015,0.015
3480,32Nvl_L3_NS,NONE,0.05,0.0
3480,32Nvl_L2_NS,32NVL_NS,0.047,0.042
3480,NvcNvl_L1_EW,NVCNVL_EW,0.007,0.007
3480,NvcNvl_L2_EW,NVCNVL_EW,0.008,0.008
3480,32Mt_L1_NS,32MT_NS,0.038,0.038
3480,32Mt_L1_EW,NONE,0.13,0.0
3480,32Mt_L3_EW,NONE,0.159,0.0
3480,32Mt_L1_EW,32MT_EW,0.007,0.007
3480,NvcMt_L2_NS,NONE,0.005,0.0
3480,304Nvl_L2_NS,304NVL_NS,0.008,-0.026
3480,304Nvl_L3_EW,NONE,0.013,0.0
3480,32Nvl_L1_NS,32NVL_NS,0.054,0.047
3480,NvcNvl_L3_EW,NONE,0.009,0.0
3480,32Mt_L2_NS,32MT_NS,0.006,0.006
3480,32Mt_L2_EW,NONE,0.136,0.0
3480,32Mt_L2_EW,32MT_EW,0.005,0.005
3480,NvcMt_L1_NS,NONE,0.005,0.0
3485,304Nvl_L1_NS,304NVL_NS,0.009,0.004
3485,304Nvl_L1_EW,304NVL_EW,0.025,0.025
3485,304Nvl_L2_EW,304NVL_EW,0.015,0.015
3485,32Nvl_L3_NS,NONE,0.007,0.0
3485,32Nvl_L1_NS,32NVL_NS,0.007,0.001
3485,32Nvl_L1_EW,32NVL_EW,0.007,-0.047
3485,32Nvl_L2_EW,32NVL_EW,0.008,-0.015
3485,32Nvl_L3_NS,NONE,0.042,0.0
3485,32Nvl_L2_NS,32NVL_NS,0.039,0.039
3485,NvcNvl_L1_EW,NVCNVL_EW,0.007,0.003
3485,NvcNvl_L2_EW,NVCNVL_EW,0.008,0.008
3485,32Mt_L1_NS,32MT_NS,0.038,0.038
3485,32Mt_L1_EW,NONE,0.166,0.0
3485,32Mt_L3_EW,NONE,0.203,0.0
3485,32Mt_L1_EW,32MT_EW,0.077,0.072
3485,32Mt_L1_NS,NONE,0.01,0.0
3485,NvcMt_L2_NS,NONE,0.005,0.0
3485,NvcMt_L1_EW,NVCMT_EW,0.006,0.001
3485,304Nvl_L3_EW,NONE,0.013,0.0
3485,32Nvl_L2_NS,32NVL_NS,0.007,0.007
3485,32Nvl_L3_EW,NONE,0.006,0.0
3485,32Nvl_L1_NS,32NVL_NS,0.04,0.034
3485,NvcNvl_L3_EW,NONE,0.009,0.0
3485,32Mt_L2_NS,32MT_NS,0.006,0.006
3485,32Mt_L2_EW,NONE,0.173,0.0
3485,32Mt_L2_EW,32MT_EW,0.033,0.027
3485,32Mt_L2_NS,NONE,0.009,0.0
3485,NvcMt_L1_NS,NONE,0.005,0.0
3485,NvcMt_L2_EW,NVCMT_EW,0.008,0.002
3490,304Nvl_L1_NS,304NVL_NS,0.009,-0.01
3490,304Nvl_L3_NS,NONE,0.007,0.0
3490,304Nvl_L1_EW,304NVL_EW,0.034,0.034
3490,304Nvl_L2_EW,304NVL_EW,0.029,0.029
3490,304Nvl_L1_NS,NONE,0.007,0.0
3490,32Nvl_L3_NS,NONE,0.007,0.0
3490,32Nvl_L1_NS,32NVL_NS,0.028,0.021
3490,32Nvl_L1_EW,32NVL_EW,0.007,-0.061
3490,32Nvl_L2_EW,32NVL_EW,0.008,-0.019
3490,32Nvl_L3_NS,NONE,0.017,0.0
3490,32Nvl_L2_NS,32NVL_NS,0.016,0.01
3490,NvcNvl_L3_NS,NONE,0.007,0.0
3490,NvcNvl_L2_NS,NONE,0.007,0.0
3490,32Mt_L1_NS,32MT_NS,0.031,0.031
3490,32Mt_L1_EW,NONE,0.007,0.0
3490,32Mt_L3_EW,NONE,0.009,0.0
3490,32Mt_L1_EW,32MT_EW,0.098,0.093
3490,NvcMt_L1_EW,NVCMT_EW,0.006,0.006
3490,304Nvl_L2_NS,304NVL_NS,0.008,-0.003
3490,304Nvl_L3_EW,NONE,0.025,0.0
3490,32Nvl_L2_NS,32NVL_NS,0.013,0.008
3490,32Nvl_L3_EW,NONE,0.006,0.0
3490,32Nvl_L1_NS,32NVL_NS,0.013,0.007
3490,NvcNvl_L1_NS,NONE,0.009,0.0
3490,32Mt_L2_EW,NONE,0.008,0.0
3490,32Mt_L2_EW,32MT_EW,0.038,0.033
3490,NvcMt_L2_EW,NVCMT_EW,0.008,0.008
3495,304Nvl_L1_EW,304NVL_EW,0.042,0.042
3495,304Nvl_L2_EW,304NVL_EW,0.036,0.036
3495,32Nvl_L1_NS,32NVL_NS,0.007,0.007
3495,32Nvl_L1_EW,32NVL_EW,0.014,-0.054
3495,32Nvl_L2_EW,32NVL_EW,0.015,-0.03
3495,32Nvl_L1_EW,32NVL_EW,0.007,-0.062
3495,32Nvl_L3_NS,NONE,0.017,0.0
3495,32Nvl_L2_NS,32NVL_NS,0.016,0.016
3495,32Mt_L1_EW,NONE,0.007,0.0
3495,32Mt_L3_EW,NONE,0.009,0.0
3495,32Mt_L1_EW,32MT_EW,0.098,0.088
3495,32Mt_L1_NS,NONE,0.01,0.0
3495,NvcMt_L1_EW,NVCMT_EW,0.006,0.006
3495,304Nvl_L3_EW,NONE,0.032,0.0
3495,32Nvl_L3_EW,NONE,0.013,0.0
3495,32Nvl_L1_NS,32NVL_NS,0.013,0.013
3495,32Mt_L2_EW,NONE,0.008,0.0
3495,32Mt_L2_EW,32MT_EW,0.065,0.054
3495,NvcMt_L2_EW,NVCMT_EW,0.008,0.008
3500,304Nvl_L1_EW,304NVL_EW,0.051,0.051
3500,304Nvl_L2_EW,304NVL_EW,0.044,0.044
3500,32Nvl_L1_EW,32NVL_EW,0.014,-0.137
3500,32Nvl_L2_EW,32NVL_EW,0.015,-0.034
3500,32Nvl_L1_EW,32NVL_EW,0.007,-0.145
3500,NvcNvl_L3_NS,NONE,0.007,0.0
3500,NvcNvl_L2_NS,NONE,0.007,0.0
3500,NvcNvl_L1_EW,NVCNVL_EW,0.007,0.007
3500,32Mt_L1_EW,32MT_EW,0.216,0.206
3500,32Mt_L1_NS,NONE,0.059,0.0
3500,304Nvl_L3_EW,NONE,0.038,0.0
3500,32Nvl_L3_EW,NONE,0.013,0.0
3500,32Nvl_L1_NS,32NVL_NS,0.013,0.013
3500,NvcNvl_L1_NS,NONE,0.009,0.0
3500,32Mt_L2_EW,32MT_EW,0.071,0.06
3505,304Nvl_L1_EW,304NVL_EW,0.042,0.042
3505,304Nvl_L2_EW,304NVL_EW,0.036,0.036
3505,304Nvl_L1_NS,NONE,0.007,0.0
3505,32Nvl_L1_NS,32NVL_NS,0.007,0.007
3505,32Nvl_L1_EW,32NVL_EW,0.007,-0.115
3505,32Nvl_L2_EW,32NVL_EW,0.008,-0.019
3505,32Nvl_L3_NS,NONE,0.008,0.0
3505,32Nvl_L2_NS,32NVL_NS,0.008,0.008
3505,NvcNvl_L1_EW,NVCNVL_EW,0.007,0.003
3505,NvcNvl_L2_EW,NVCNVL_EW,0.008,0.008
3505,32Mt_L1_EW,NONE,0.007,0.0
3505,32Mt_L3_EW,NONE,0.009,0.0
3505,32Mt_L1_EW,32MT_EW,0.174,0.169
3505,32Mt_L1_NS,NONE,0.049,0.0
3505,NvcMt_L1_EW,NVCMT_EW,0.006,0.001
3505,304Nvl_L3_EW,NONE,0.032,0.0
3505,32Nvl_L3_EW,NONE,0.006,0.0
3505,32Nvl_L1_NS,32NVL_NS,0.013,0.013
3505,NvcNvl_L3_EW,NONE,0.009,0.0
3505,32Mt_L2_EW,NONE,0.008,0.0
3505,32Mt_L2_EW,32MT_EW,0.038,0.033
3505,NvcMt_L2_EW,NVCMT_EW,0.008,0.002
3510,304Nvl_L1_EW,304NVL_EW,0.042,0.042
3510,304Nvl_L2_EW,304NVL_EW,0.036,0.036
3510,32Nvl_L1_NS,32NVL_NS,0.007,0.007
3510,32Nvl_L1_EW,32NVL_EW,0.007,-0.081
3510,32Nvl_L2_EW,32NVL_EW,0.008,-0.061
3510,32Nvl_L1_EW,32NVL_EW,0.081,-0.007
3510,32Nvl_L2_EW,32NVL_EW,0.09,0.021
3510,NvcNvl_L3_NS,NONE,0.014,0.0
3510,NvcNvl_L2_NS,NONE,0.013,0.0
3510,32Mt_L1_EW,32MT_EW,0.126,0.121
3510,304Nvl_L3_EW,NONE,0.032,0.0
3510,32Nvl_L3_EW,NONE,0.074,0.0
3510,32Nvl_L3_EW,NONE,0.006,0.0
3510,32Nvl_L1_NS,32NVL_NS,0.007,0.007
3510,NvcNvl_L1_NS,NONE,0.017,0.0
3510,32Mt_L2_EW,32MT_EW,0.098,0.092
3515,304Nvl_L1_EW,304NVL_EW,0.059,0.059
3515,304Nvl_L2_EW,304NVL_EW,0.051,0.051
3515,304Nvl_L1_EW,NONE,0.008,0.0
3515,304Nvl_L1_NS,NONE,0.007,0.0
3515,304Nvl_L3_NS,NONE,0.008,0.0
3515,32Nvl_L3_NS,NONE,0.007,0.0
3515,32Nvl_L1_NS,32NVL_NS,0.007,0.007
3515,32Nvl_L1_EW,32NVL_EW,0.007,-0.061
3515,32Nvl_L2_EW,32NVL_EW,0.008,-0.042
3515,32Nvl_L1_EW,32NVL_EW,0.081,0.012
3515,32Nvl_L2_EW,32NVL_EW,0.09,0.04
3515,32Nvl_L3_NS,NONE,0.008,0.0
3515,32Nvl_L2_NS,32NVL_NS,0.008,0.008
3515,NvcNvl_L3_NS,NONE,0.007,0.0
3515,NvcNvl_L2_NS,NONE,0.007,0.0
3515,NvcNvl_L1_EW,NVCNVL_EW,0.007,0.007
3515,NvcNvl_L2_EW,NVCNVL_EW,0.008,0.008
3515,32Mt_L1_EW,NONE,0.007,0.0
3515,32Mt_L1_EW,32MT_EW,0.098,0.093
3515,32Mt_L1_NS,NONE,0.059,0.0
3515,304Nvl_L3_EW,NONE,0.044,0.0
3515,304Nvl_L2_NS,NONE,0.007,0.0
3515,32Nvl_L2_NS,32NVL_NS,0.007,0.007
3515,32Nvl_L3_EW,NONE,0.074,0.0
3515,32Nvl_L3_EW,NONE,0.006,0.0
3515,32Nvl_L1_NS,32NVL_NS,0.007,0.007
3515,NvcNvl_L1_NS,NONE,0.009,0.0
3515,NvcNvl_L3_EW,NONE,0.009,0.0
3515,32Mt_L2_EW,32MT_EW,0.071,0.065
3515,32Mt_L2_NS,NONE,0.009,0.0
3520,304Nvl_L1_EW,304NVL_EW,0.059,0.059
3520,304Nvl_L2_EW,304NVL_EW,0.051,0.051
3520,304Nvl_L1_EW,NONE,0.008,0.0
3520,304Nvl_L1_NS,NONE,0.007,0.0
3520,304Nvl_L3_NS,NONE,0.008,0.0
3520,32Nvl_L1_EW,32NVL_EW,0.007,0.002
3520,32Nvl_L2_EW,32NVL_EW,0.008,0.004
3520,32Nvl_L1_EW,32NVL_EW,0.081,0.076
3520,32Nvl_L2_EW,32NVL_EW,0.09,0.086
3520,32Nvl_L3_NS,NONE,0.008,0.0
3520,32Nvl_L2_NS,32NVL_NS,0.008,0.008
3520,NvcNvl_L1_EW,NVCNVL_EW,0.042,0.038
3520,NvcNvl_L2_EW,NVCNVL_EW,0.047,0.047
3520,32Mt_L1_EW,NONE,0.007,0.0
3520,32Mt_L1_EW,32MT_EW,0.007,0.002
3520,32Mt_L1_NS,NONE,0.049,0.0
3520,NvcMt_L2_NS,NONE,0.005,0.0
3520,NvcMt_L1_EW,NVCMT_EW,0.006,-0.023
3520,304Nvl_L3_EW,NONE,0.044,0.0
3520,304Nvl_L2_NS,NONE,0.007,0.0
3520,32Nvl_L3_EW,NONE,0.074,0.0
3520,32Nvl_L3_EW,NONE,0.006,0.0
3520,32Nvl_L1_NS,32NVL_NS,0.007,0.007
3520,NvcNvl_L3_EW,NONE,0.056,0.0
3520,32Mt_L2_EW,32MT_EW,0.005,0.0
3520,NvcMt_L1_NS,NONE,0.005,0.0
3520,NvcMt_L2_EW,NVCMT_EW,0.008,-0.025
3525,304Nvl_L1_EW,304NVL_EW,0.059,0.059
3525,304Nvl_L2_EW,304NVL_EW,0.044,0.044
3525,32Nvl_L1_EW,32NVL_EW,0.007,0.002
3525,32Nvl_L2_EW,32NVL_EW,0.008,0.004
3525,32Nvl_L1_EW,32NVL_EW,0.081,0.076
3525,32Nvl_L2_EW,32NVL_EW,0.09,0.086
3525,32Nvl_L3_NS,NONE,0.008,0.0
3525,32Nvl_L2_NS,32NVL_NS,0.008,0.008
3525,NvcNvl_L3_NS,NONE,0.007,0.0
3525,NvcNvl_L2_NS,NONE,0.007,0.0
3525,NvcNvl_L1_EW,NVCNVL_EW,0.049,0.045
3525,NvcNvl_L2_EW,NVCNVL_EW,0.047,0.047
3525,32Mt_L1_EW,NONE,0.007,0.0
3525,32Mt_L1_EW,32MT_EW,0.007,0.002
3525,32Mt_L1_NS,NONE,0.01,0.0
3525,NvcMt_L1_EW,NVCMT_EW,0.006,-0.028
3525,304Nvl_L3_EW,NONE,0.038,0.0
3525,32Nvl_L3_EW,NONE,0.074,0.0
3525,32Nvl_L3_EW,NONE,0.006,0.0
3525,32Nvl_L1_NS,32NVL_NS,0.007,0.007
3525,NvcNvl_L1_NS,NONE,0.009,0.0
3525,NvcNvl_L3_EW,NONE,0.056,0.0
3525,32Mt_L2_EW,32MT_EW,0.005,0.0
3525,NvcMt_L2_EW,NVCMT_EW,0.008,-0.025
3530,304Nvl_L1_EW,304NVL_EW,0.068,0.068
3530,304Nvl_L2_EW,304NVL_EW,0.044,0.044
3530,32Nvl_L1_NS,32NVL_NS,0.007,0.007
3530,32Nvl_L1_EW,32NVL_EW,0.007,0.002
3530,32Nvl_L2_EW,32NVL_EW,0.008,0.004
3530,32Nvl_L1_EW,32NVL_EW,0.081,0.076
3530,32Nvl_L2_EW,32NVL_EW,0.09,0.086
3530,NvcNvl_L1_EW,NONE,0.011,0.0
3530,NvcNvl_L2_EW,NONE,0.008,0.0
3530,32Mt_L1_NS,32MT_NS,0.006,0.006
3530,32Mt_L1_EW,NONE,0.007,0.0
3530,32Mt_L3_EW,NONE,0.009,0.0
3530,32Mt_L1_EW,32MT_EW,0.007,0.002
3530,NvcMt_L1_EW,NVCMT_EW,0.013,0.013
3530,304Nvl_L3_EW,NONE,0.038,0.0
3530,32Nvl_L3_EW,NONE,0.074,0.0
3530,32Nvl_L3_EW,NONE,0.006,0.0
3530,32Mt_L2_EW,NONE,0.008,0.0
3530,32Mt_L2_EW,32MT_EW,0.005,0.0
3530,NvcMt_L2_EW,NVCMT_EW,0.016,0.016
3535,304Nvl_L1_EW,304NVL_EW,0.042,0.042
3535,304Nvl_L2_EW,304NVL_EW,0.029,0.029
3535,304Nvl_L1_NS,NONE,0.007,0.0
3535,32Nvl_L3_NS,NONE,0.007,0.0
3535,32Nvl_L1_NS,32NVL_NS,0.014,0.014
3535,32Nvl_L1_EW,32NVL_EW,0.014,0.014
3535,32Nvl_L2_EW,32NVL_EW,0.015,0.015
3535,32Nvl_L1_EW,32NVL_EW,0.081,0.081
3535,32Nvl_L2_EW,32NVL_EW,0.09,0.09
3535,NvcNvl_L1_EW,NVCNVL_EW,0.007,-0.006
3535,NvcNvl_L2_EW,NVCNVL_EW,0.008,0.008
3535,32Mt_L1_NS,32MT_NS,0.006,0.006
3535,NvcMt_L1_EW,NVCMT_EW,0.019,0.014
3535,304Nvl_L3_EW,NONE,0.025,0.0
3535,32Nvl_L2_NS,32NVL_NS,0.007,0.007
3535,32Nvl_L3_EW,NONE,0.074,0.0
3535,32Nvl_L3_EW,NONE,0.013,0.0
3535,NvcNvl_L3_EW,NONE,0.009,0.0
3535,NvcMt_L2_EW,NVCMT_EW,0.024,0.018
3540,304Nvl_L1_EW,304NVL_EW,0.025,0.025
3540,304Nvl_L2_EW,304NVL_EW,0.022,0.022
3540,304Nvl_L1_NS,NONE,0.015,0.0
3540,304Nvl_L3_NS,NONE,0.008,0.0
3540,32Nvl_L1_EW,32NVL_EW,0.007,0.002
3540,32Nvl_L2_EW,32NVL_EW,0.008,0.004
3540,32Nvl_L1_EW,32NVL_EW,0.081,0.076
3540,32Nvl_L2_EW,32NVL_EW,0.09,0.086
3540,32Mt_L1_NS,32MT_NS,0.006,0.006
3540,32Mt_L1_EW,32MT_EW,0.007,0.002
3540,NvcMt_L2_NS,NONE,0.005,0.0
3540,NvcMt_L1_EW,NVCMT_EW,0.006,0.006
3540,304Nvl_L3_EW,NONE,0.019,0.0
3540,304Nvl_L2_NS,NONE,0.007,0.0
3540,32Nvl_L3_EW,NONE,0.074,0.0
3540,32Nvl_L3_EW,NONE,0.006,0.0
3540,32Mt_L2_EW,32MT_EW,0.005,0.0
3540,NvcMt_L1_NS,NONE,0.005,0.0
3540,NvcMt_L2_EW,NVCMT_EW,0.008,0.008
3545,304Nvl_L1_EW,304NVL_EW,0.059,0.059
3545,304Nvl_L1_EW,NONE,0.008,0.0
3545,304Nvl_L1_NS,NONE,0.022,0.0
3545,304Nvl_L2_EW,NONE,0.009,0.0
3545,32Nvl_L1_EW,32NVL_EW,0.007,-0.056
3545,32Nvl_L2_EW,32NVL_EW,0.008,-0.042
3545,32Nvl_L1_EW,32NVL_EW,0.081,0.017
3545,32Nvl_L2_EW,32NVL_EW,0.09,0.04
3545,32Mt_L1_NS,32MT_NS,0.006,0.006
3545,32Mt_L1_EW,32MT_EW,0.091,0.086
3545,32Mt_L1_NS,NONE,0.01,0.0
3545,NvcMt_L2_NS,NONE,0.005,0.0
3545,304Nvl_L3_EW,NONE,0.008,0.0
3545,32Nvl_L3_EW,NONE,0.074,0.0
3545,32Nvl_L3_EW,NONE,0.006,0.0
3545,32Mt_L2_EW,32MT_EW,0.071,0.065
3545,32Mt_L2_NS,NONE,0.009,0.0
3545,NvcMt_L1_NS,NONE,0.005,0.0
3550,304Nvl_L1_EW,304NVL_EW,0.051,0.051
3550,304Nvl_L2_EW,304NVL_EW,0.036,0.036
3550,304Nvl_L1_NS,NONE,0.022,0.0
3550,32Nvl_L1_EW,32NVL_EW,0.007,-0.056
3550,32Nvl_L2_EW,32NVL_EW,0.008,-0.042
3550,32Nvl_L1_EW,32NVL_EW,0.081,0.017
3550,32Nvl_L2_EW,32NVL_EW,0.09,0.04
3550,32Mt_L1_EW,NONE,0.007,0.0
3550,32Mt_L1_EW,32MT_EW,0.091,0.086
3550,NvcCmt8_L2_EW,NONE,0.089,0.0
3550,304Nvl_L3_EW,NONE,0.032,0.0
3550,32Nvl_L3_EW,NONE,0.074,0.0
3550,32Nvl_L3_EW,NONE,0.006,0.0
3550,32Mt_L2_EW,32MT_EW,0.071,0.065
3550,NvcCmt8_L1_EW,NONE,0.069,0.0
3555,304Nvl_L1_NS,304NVL_NS,0.009,0.009
3555,304Nvl_L1_EW,304NVL_EW,0.017,0.017
3555,32Nvl_L1_EW,32NVL_EW,0.007,-0.003
3555,32Nvl_L2_EW,32NVL_EW,0.008,-0.002
3555,32Nvl_L1_EW,32NVL_EW,0.081,0.07
3555,32Nvl_L2_EW,32NVL_EW,0.09,0.08
3555,32Nvl_L3_NS,NONE,0.008,0.0
3555,32Nvl_L2_NS,32NVL_NS,0.008,0.008
3555,32Mt_L1_NS,32MT_NS,0.006,0.006
3555,32Mt_L1_EW,32MT_EW,0.007,0.002
3555,NvcMt_L2_EW,NVCMT_EW,0.003,0.003
3555,NvcCmt8_L2_EW,NONE,0.089,0.0
3555,32Thn_L1_EW,32THN_EW,0.008,0.003
3555,32Thn_L2_EW,32THN_EW,0.008,0.003
3555,32Thn_L3_EW,NONE,0.008,0.0
3555,32Nvl_L3_EW,NONE,0.074,0.0
3555,32Nvl_L3_EW,NONE,0.006,0.0
3555,32Nvl_L1_NS,32NVL_NS,0.007,0.0
3555,32Mt_L2_NS,32MT_NS,0.006,0.006
3555,32Mt_L2_EW,32MT_EW,0.005,0.0
3555,NvcMt_L1_EW,NVCMT_EW,0.006,0.006
3555,NvcCmt8_L1_EW,NONE,0.069,0.0
3560,304Nvl_L1_NS,304NVL_NS,0.009,0.009
3560,304Nvl_L1_EW,304NVL_EW,0.008,0.008
3560,304Nvl_L2_EW,304NVL_EW,0.007,0.007
3560,304Nvl_L1_NS,NONE,0.036,0.0
3560,32Nvl_L1_EW,32NVL_EW,0.007,0.007
3560,32Nvl_L2_EW,32NVL_EW,0.008,0.008
3560,32Nvl_L1_EW,32NVL_EW,0.081,0.081
3560,32Nvl_L2_EW,32NVL_EW,0.09,0.09
3560,32Nvl_L3_NS,NONE,0.017,0.0
3560,32Nvl_L2_NS,32NVL_NS,0.016,0.016
3560,NvcNvl_L1_EW,NONE,0.011,0.0
3560,NvcNvl_L2_EW,NONE,0.008,0.0
3560,NvcNvl_L1_EW,NVCNVL_EW,0.007,0.003
3560,NvcNvl_L2_EW,NVCNVL_EW,0.008,0.008
3560,32Mt_L1_NS,32MT_NS,0.082,0.082
3560,NvcMt_L1_EW,NVCMT_EW,0.006,0.001
3560,32Thn_L1_EW,NONE,0.01,0.0
3560,304Nvl_L3_EW,NONE,0.006,0.0
3560,32Nvl_L3_EW,NONE,0.074,0.0
3560,32Nvl_L3_EW,NONE,0.006,0.0
3560,32Nvl_L1_NS,32NVL_NS,0.013,0.007
3560,NvcNvl_L3_EW,NONE,0.006,0.0
3560,NvcNvl_L3_EW,NONE,0.009,0.0
3560,32Mt_L2_NS,32MT_NS,0.006,0.006
3560,NvcMt_L2_EW,NVCMT_EW,0.008,0.002
3565,304Nvl_L1_NS,304NVL_NS,0.009,-0.001
3565,304Nvl_L1_EW,304NVL_EW,0.008,0.008
3565,304Nvl_L2_EW,304NVL_EW,0.007,0.007
3565,304Nvl_L1_NS,NONE,0.044,0.0
3565,304Nvl_L3_NS,NONE,0.008,0.0
3565,32Nvl_L3_NS,NONE,0.007,0.0
3565,32Nvl_L1_NS,32NVL_NS,0.014,0.008
3565,32Nvl_L1_EW,32NVL_EW,0.007,0.007
3565,32Nvl_L2_EW,32NVL_EW,0.008,0.008
3565,32Nvl_L1_EW,32NVL_EW,0.081,0.081
3565,32Nvl_L2_EW,32NVL_EW,0.09,0.09
3565,NvcNvl_L3_NS,NONE,0.007,0.0
3565,NvcNvl_L2_NS,NONE,0.007,0.0
3565,NvcNvl_L1_EW,NVCNVL_EW,0.042,0.042
3565,NvcNvl_L2_EW,NVCNVL_EW,0.047,0.047
3565,32Mt_L1_NS,32MT_NS,0.075,0.075
3565,NvcCmt8_L2_NS,NONE,0.011,0.0
3565,32Thn_L1_EW,NONE,0.01,0.0
3565,32Thn_L2_EW,NONE,0.01,0.0
3565,NvcCmt8_L1_NS,NONE,0.008,0.0
3565,32Thn_L3_EW,NONE,0.007,0.0
3565,304Nvl_L3_EW,NONE,0.006,0.0
3565,304Nvl_L2_NS,NONE,0.007,0.0
3565,32Nvl_L2_NS,32NVL_NS,0.007,0.007
3565,32Nvl_L3_EW,NONE,0.074,0.0
3565,32Nvl_L3_EW,NONE,0.006,0.0
3565,NvcNvl_L1_NS,NONE,0.009,0.0
3565,NvcNvl_L3_EW,NONE,0.056,0.0
3565,NvcCmt8_L1_EW,NVCCMT8_EW,0.092,0.092
3570,304Nvl_L1_NS,304NVL_NS,0.009,-0.001
3570,304Nvl_L3_NS,NONE,0.007,0.0
3570,304Nvl_L1_EW,304NVL_EW,0.051,0.051
3570,304Nvl_L2_EW,304NVL_EW,0.044,0.044
3570,304Nvl_L1_NS,NONE,0.007,0.0
3570,32Nvl_L3_NS,NONE,0.014,0.0
3570,32Nvl_L1_NS,32NVL_NS,0.014,0.003
3570,32Nvl_L1_EW,32NVL_EW,0.014,0.004
3570,32Nvl_L2_EW,32NVL_EW,0.015,0.015
3570,32Nvl_L1_EW,32NVL_EW,0.081,0.07
3570,32Nvl_L2_EW,32NVL_EW,0.09,0.09
3570,NvcNvl_L1_EW,NVCNVL_EW,0.007,0.003
3570,NvcNvl_L2_EW,NVCNVL_EW,0.008,0.008
3570,NvcNvl_L1_NS,NVCNVL_NS,0.007,-0.003
3570,32Mt_L1_NS,32MT_NS,0.075,0.075
3570,32Mt_L1_EW,NONE,0.036,0.0
3570,32Mt_L3_EW,NONE,0.044,0.0
3570,32Mt_L1_EW,32MT_EW,0.007,-0.003
3570,32Mt_L1_NS,NONE,0.01,0.0
3570,NvcMt_L1_EW,NVCMT_EW,0.006,0.001
3570,32Thn_L1_EW,32THN_EW,0.008,-0.002
3570,304Nvl_L2_NS,304NVL_NS,0.008,0.008
3570,304Nvl_L3_EW,NONE,0.038,0.0
3570,32Nvl_L2_NS,32NVL_NS,0.013,0.008
3570,32Nvl_L3_EW,NONE,0.074,0.0
3570,32Nvl_L3_EW,NONE,0.013,0.0
3570,32Nvl_L1_NS,32NVL_NS,0.007,-0.004
3570,NvcNvl_L3_EW,NONE,0.009,0.0
3570,32Mt_L2_EW,NONE,0.038,0.0
3570,32Mt_L2_NS,NONE,0.009,0.0
3570,NvcMt_L2_EW,NVCMT_EW,0.008,0.002
3575,304Nvl_L1_NS,304NVL_NS,0.009,-0.01
3575,304Nvl_L3_NS,NONE,0.007,0.0
3575,304Nvl_L1_EW,304NVL_EW,0.008,0.008
3575,304Nvl_L1_NS,NONE,0.007,0.0
3575,32Nvl_L3_NS,NONE,0.027,0.0
3575,32Nvl_L1_NS,32NVL_NS,0.028,0.017
3575,32Nvl_L1_EW,32NVL_EW,0.014,0.004
3575,32Nvl_L2_EW,32NVL_EW,0.015,0.012
3575,32Nvl_L1_EW,32NVL_EW,0.081,0.07
3575,32Nvl_L2_EW,32NVL_EW,0.09,0.086
3575,NvcNvl_L1_EW,NONE,0.053,0.0
3575,NvcNvl_L1_NS,NVCNVL_NS,0.007,-0.013
3575,32Mt_L1_NS,32MT_NS,0.006,0.006
3575,32Mt_L1_EW,32MT_EW,0.007,-0.003
3575,32Mt_L1_NS,NONE,0.01,0.0
3575,NvcMt_L1_EW,NVCMT_EW,0.006,0.006
3575,32Thn_L1_EW,32THN_EW,0.008,-0.002
3575,304Nvl_L2_NS,304NVL_NS,0.008,0.008
3575,32Nvl_L2_NS,32NVL_NS,0.027,0.021
3575,32Nvl_L3_EW,NONE,0.074,0.0
3575,32Nvl_L3_EW,NONE,0.013,0.0
3575,32Nvl_L1_NS,32NVL_NS,0.007,-0.004
3575,32Mt_L2_NS,32MT_NS,0.006,0.006
3575,32Mt_L2_EW,32MT_EW,0.005,-0.005
3575,32Mt_L2_NS,NONE,0.009,0.0
3575,NvcMt_L2_EW,NVCMT_EW,0.008,0.008
3580,304Thn_L1_EW,NONE,0.007,0.0
3580,304Thn_L2_EW,NONE,0.008,0.0
3580,304Nvl_L1_NS,304NVL_NS,0.009,-0.01
3580,304Nvl_L3_NS,NONE,0.007,0.0
3580,304Nvl_L1_EW,304NVL_EW,0.017,0.017
3580,304Nvl_L2_EW,304NVL_EW,0.007,0.007
3580,32Nvl_L3_NS,NONE,0.02,0.0
3580,32Nvl_L1_NS,32NVL_NS,0.028,0.021
3580,32Nvl_L1_EW,32NVL_EW,0.007,0.002
3580,32Nvl_L2_EW,32NVL_EW,0.008,0.004
3580,32Nvl_L1_EW,32NVL_EW,0.081,0.076
3580,32Nvl_L2_EW,32NVL_EW,0.09,0.086
3580,NvcNvl_L3_NS,NONE,0.007,0.0
3580,NvcNvl_L2_NS,NONE,0.007,0.0
3580,NvcNvl_L1_EW,NONE,0.053,0.0
3580,NvcNvl_L2_EW,NONE,0.038,0.0
3580,32Mt_L1_NS,32MT_NS,0.006,0.006
3580,32Mt_L1_EW,32MT_EW,0.007,0.002
3580,304Nvl_L2_NS,304NVL_NS,0.008,0.008
3580,304Nvl_L3_EW,NONE,0.006,0.0
3580,32Nvl_L2_NS,32NVL_NS,0.027,0.021
3580,32Nvl_L3_EW,NONE,0.074,0.0
3580,32Nvl_L3_EW,NONE,0.006,0.0
3580,32Nvl_L1_NS,32NVL_NS,0.007,0.0
3580,NvcNvl_L1_NS,NONE,0.009,0.0
3580,32Mt_L2_NS,32MT_NS,0.006,0.006
3580,32Mt_L2_EW,32MT_EW,0.005,0.0
3580,304Thn_L3_EW,NONE,0.008,0.0
3585,304Thn_L1_EW,304THN_EW,0.008,-0.033
3585,304Nvl_L1_NS,304NVL_NS,0.009,-0.01
3585,304Nvl_L3_NS,NONE,0.007,0.0
3585,304Nvl_L1_EW,304NVL_EW,0.059,0.053
3585,304Nvl_L2_EW,304NVL_EW,0.015,0.015
3585,32Nvl_L3_NS,NONE,0.014,0.0
3585,32Nvl_L1_NS,32NVL_NS,0.028,0.021
3585,32Nvl_L1_EW,32NVL_EW,0.014,-0.01
3585,32Nvl_L2_EW,32NVL_EW,0.015,-0.004
3585,32Mt_L1_NS,32MT_NS,0.013,0.013
3585,32Mt_L1_EW,32MT_EW,0.035,0.025
3585,32Mt_L1_NS,NONE,0.01,0.0
3585,304Nvl_L2_NS,304NVL_NS,0.008,0.008
3585,304Nvl_L3_EW,NONE,0.013,0.0
3585,32Nvl_L2_NS,32NVL_NS,0.027,0.021
3585,32Nvl_L3_EW,NONE,0.013,0.0
3585,32Nvl_L1_NS,32NVL_NS,0.007,0.0
3585,32Mt_L2_NS,32MT_NS,0.006,0.006
3585,32Mt_L2_EW,32MT_EW,0.027,0.016
3585,32Mt_L2_NS,NONE,0.009,0.0
3590,304Nvl_L1_EW,304NVL_EW,0.025,0.025
3590,304Nvl_L2_EW,304NVL_EW,0.022,0.022
3590,304Nvl_L1_NS,NONE,0.015,0.0
3590,304Nvl_L3_NS,NONE,0.008,0.0
3590,32Nvl_L3_NS,NONE,0.02,0.0
3590,32Nvl_L1_NS,32NVL_NS,0.028,0.028
3590,32Nvl_L3_NS,NONE,0.008,0.0
3590,32Nvl_L2_NS,32NVL_NS,0.008,0.008
3590,32Mt_L1_NS,32MT_NS,0.006,0.006
3590,32Mt_L1_EW,32MT_EW,0.042,0.042
3590,NvcMt_L2_NS,NONE,0.005,0.0
3590,NvcCmt8_L2_EW,NVCCMT8_EW,0.063,0.063
3590,304Nvl_L3_EW,NONE,0.019,0.0
3590,304Nvl_L2_NS,NONE,0.007,0.0
3590,32Nvl_L2_NS,32NVL_NS,0.027,0.027
3590,32Nvl_L1_NS,32NVL_NS,0.02,0.02
3590,32Mt_L2_EW,32MT_EW,0.005,0.005
3590,NvcMt_L1_NS,NONE,0.005,0.0
3590,NvcCmt8_L1_EW,NVCCMT8_EW,0.092,0.092
3595,304Nvl_L1_EW,304NVL_EW,0.034,0.034
3595,304Nvl_L2_EW,304NVL_EW,0.029,0.029
3595,304Nvl_L1_NS,NONE,0.007,0.0
3595,32Nvl_L3_NS,NONE,0.034,0.0
3595,32Nvl_L1_NS,32NVL_NS,0.035,0.035
3595,32Nvl_L1_EW,32NVL_EW,0.007,-0.008
3595,32Nvl_L2_EW,32NVL_EW,0.008,0.0
3595,32Nvl_L3_NS,NONE,0.008,0.0
3595,32Nvl_L2_NS,32NVL_NS,0.008,0.008
3595,NvcNvl_L1_EW,NVCNVL_EW,0.049,0.049
3595,NvcNvl_L2_EW,NVCNVL_EW,0.055,0.055
3595,32Mt_L1_NS,32MT_NS,0.006,0.006
3595,32Mt_L1_EW,32MT_EW,0.021,0.016
3595,NvcCmt8_L2_EW,NVCCMT8_EW,0.063,0.063
3595,304Nvl_L3_EW,NONE,0.025,0.0
3595,32Nvl_L2_NS,32NVL_NS,0.033,0.033
3595,32Nvl_L3_EW,NONE,0.006,0.0
3595,32Nvl_L1_NS,32NVL_NS,0.107,0.107
3595,NvcNvl_L3_EW,NONE,0.065,0.0
3595,32Mt_L2_EW,32MT_EW,0.011,0.005
3595,NvcCmt8_L1_EW,NVCCMT8_EW,0.092,0.092
