Time_Seconds,Lane_ID,Phase_ID,Density_Phi,Pressure_W
10,32Nvl_L3_NS,NONE,0.008,0.0
10,32Nvl_L2_NS,32NVL_NS,0.008,0.008
10,32Nvl_L1_NS,32NVL_NS,0.007,0.007
60,32Nvl_L3_NS,NONE,0.008,0.0
60,32Nvl_L2_NS,32NVL_NS,0.008,0.008
60,32Nvl_L1_NS,32NVL_NS,0.007,0.007
65,32Nvl_L3_NS,NONE,0.008,0.0
65,32Nvl_L2_NS,32NVL_NS,0.008,0.008
65,32Nvl_L1_NS,32NVL_NS,0.007,0.007
70,32Nvl_L3_NS,NONE,0.008,0.0
70,32Nvl_L2_NS,32NVL_NS,0.008,0.008
70,32Mt_L1_NS,NONE,0.01,0.0
70,32Nvl_L1_NS,32NVL_NS,0.007,0.007
70,32Mt_L2_NS,NONE,0.009,0.0
75,32Nvl_L3_NS,NONE,0.008,0.0
75,32Nvl_L2_NS,32NVL_NS,0.008,0.008
75,NvcNvl_L1_EW,NVCNVL_EW,0.084,0.084
75,NvcNvl_L2_EW,NVCNVL_EW,0.094,0.094
75,32Nvl_L1_NS,32NVL_NS,0.007,0.007
80,32Nvl_L3_NS,NONE,0.008,0.0
80,32Nvl_L2_NS,32NVL_NS,0.008,0.008
80,NvcNvl_L1_EW,NVCNVL_EW,0.092,0.092
80,NvcNvl_L2_EW,NVCNVL_EW,0.102,0.102
80,32Mt_L1_EW,32MT_EW,0.007,0.007
80,32Nvl_L1_NS,32NVL_NS,0.007,0.007
80,NvcNvl_L3_EW,NONE,0.121,0.0
80,32Mt_L2_EW,32MT_EW,0.005,0.005
85,32Nvl_L3_NS,NONE,0.008,0.0
85,32Nvl_L2_NS,32NVL_NS,0.008,0.008
85,NvcNvl_L1_EW,NVCNVL_EW,0.084,0.084
85,NvcNvl_L2_EW,NVCNVL_EW,0.094,0.094
85,32Mt_L1_EW,32MT_EW,0.007,0.007
85,32Nvl_L1_NS,32NVL_NS,0.007,0.007
85,NvcNvl_L3_EW,NONE,0.112,0.0
85,32Mt_L2_EW,32MT_EW,0.005,0.005
90,32Nvl_L3_NS,NONE,0.017,0.0
90,32Nvl_L2_NS,32NVL_NS,0.016,0.016
90,32Mt_L1_EW,NONE,0.007,0.0
90,32Nvl_L1_NS,32NVL_NS,0.013,0.013
95,32Nvl_L3_NS,NONE,0.025,0.0
95,32Nvl_L2_NS,32NVL_NS,0.024,0.024
95,NvcNvl_L2_NS,NONE,0.007,0.0
95,32Mt_L1_NS,NONE,0.02,0.0
95,NvcMt_L1_NS,NVCMT_NS,0.007,0.007
95,32Nvl_L1_NS,32NVL_NS,0.02,0.02
95,NvcNvl_L1_NS,NONE,0.009,0.0
95,32Mt_L2_NS,NONE,0.017,0.0
95,NvcMt_L2_NS,NVCMT_NS,0.005,0.005
100,32Nvl_L3_NS,NONE,0.025,0.0
100,32Nvl_L2_NS,32NVL_NS,0.024,0.024
100,32Mt_L1_NS,32MT_NS,0.006,0.001
100,NvcMt_L1_NS,NVCMT_NS,0.007,0.002
100,32Nvl_L1_NS,32NVL_NS,0.02,0.02
100,32Mt_L2_NS,32MT_NS,0.006,0.003
100,NvcMt_L2_NS,NVCMT_NS,0.005,0.001
105,32Nvl_L3_NS,NONE,0.025,0.0
105,32Nvl_L2_NS,32NVL_NS,0.024,0.024
105,32Mt_L1_NS,32MT_NS,0.006,0.001
105,32Mt_L1_EW,32MT_EW,0.007,0.007
105,32Mt_L1_NS,NONE,0.01,0.0
105,NvcMt_L2_NS,NONE,0.005,0.0
105,NvcMt_L1_NS,NVCMT_NS,0.007,0.002
105,32Nvl_L1_NS,32NVL_NS,0.02,0.02
105,32Mt_L2_NS,32MT_NS,0.006,0.003
105,32Mt_L2_EW,32MT_EW,0.005,0.005
105,NvcMt_L1_NS,NONE,0.005,0.0
105,NvcMt_L2_NS,NVCMT_NS,0.005,0.001
110,32Nvl_L3_NS,NONE,0.025,0.0
110,32Nvl_L2_NS,32NVL_NS,0.024,0.024
110,32Mt_L1_NS,32MT_NS,0.006,0.001
110,NvcMt_L1_NS,NVCMT_NS,0.007,0.002
110,32Nvl_L1_NS,32NVL_NS,0.02,0.02
110,32Mt_L2_NS,32MT_NS,0.006,0.003
110,NvcMt_L2_NS,NVCMT_NS,0.005,0.001
115,32Nvl_L3_NS,NONE,0.008,0.0
115,32Nvl_L2_NS,32NVL_NS,0.008,0.008
115,32Mt_L1_EW,32MT_EW,0.007,0.007
115,32Nvl_L1_NS,32NVL_NS,0.007,0.007
115,32Mt_L2_EW,32MT_EW,0.005,0.005
120,32Mt_L1_EW,32MT_EW,0.007,0.007
120,32Mt_L1_NS,NONE,0.01,0.0
120,32Mt_L2_EW,32MT_EW,0.005,0.005
120,32Mt_L2_NS,NONE,0.009,0.0
125,32Nvl_L1_NS,32NVL_NS,0.007,0.007
125,NvcNvl_L3_NS,NONE,0.007,0.0
125,NvcNvl_L2_NS,NONE,0.007,0.0
125,32Mt_L1_EW,NONE,0.007,0.0
125,32Mt_L1_EW,32MT_EW,0.007,0.007
125,NvcNvl_L1_NS,NONE,0.009,0.0
125,32Mt_L2_EW,32MT_EW,0.005,0.005
130,NvcNvl_L2_NS,NONE,0.007,0.0
130,32Mt_L1_EW,32MT_EW,0.014,0.014
130,NvcNvl_L1_NS,NONE,0.009,0.0
130,32Mt_L2_EW,32MT_EW,0.005,0.005
135,32Mt_L1_EW,32MT_EW,0.014,0.014
135,NvcMt_L2_NS,NONE,0.005,0.0
135,NvcMt_L1_EW,NVCMT_EW,0.006,0.006
135,32Mt_L2_EW,32MT_EW,0.011,0.011
135,NvcMt_L1_NS,NONE,0.005,0.0
135,NvcMt_L2_EW,NVCMT_EW,0.008,0.008
140,304Nvl_L1_NS,304NVL_NS,0.009,0.009
140,304Nvl_L3_NS,NONE,0.007,0.0
140,304Nvl_L1_EW,304NVL_EW,0.008,0.008
140,304Nvl_L2_EW,304NVL_EW,0.007,0.007
140,32Nvl_L3_NS,NONE,0.008,0.0
140,32Nvl_L2_NS,32NVL_NS,0.008,0.003
140,NvcNvl_L1_EW,NVCNVL_EW,0.007,0.003
140,NvcNvl_L2_EW,NVCNVL_EW,0.008,0.008
140,32Mt_L1_EW,32MT_EW,0.014,0.014
140,NvcMt_L1_EW,NVCMT_EW,0.006,0.001
140,304Nvl_L2_NS,304NVL_NS,0.008,0.002
140,304Nvl_L3_EW,NONE,0.006,0.0
140,32Nvl_L1_NS,32NVL_NS,0.007,0.0
140,NvcNvl_L3_EW,NONE,0.009,0.0
140,32Mt_L2_EW,32MT_EW,0.011,0.011
140,NvcMt_L2_EW,NVCMT_EW,0.008,0.002
145,304Nvl_L1_NS,304NVL_NS,0.009,0.009
145,304Nvl_L3_NS,NONE,0.007,0.0
145,304Nvl_L1_EW,304NVL_EW,0.017,0.017
145,304Nvl_L2_EW,304NVL_EW,0.015,0.015
145,NvcNvl_L1_EW,NVCNVL_EW,0.007,0.003
145,NvcNvl_L2_EW,NVCNVL_EW,0.008,0.008
145,32Mt_L1_EW,32MT_EW,0.007,0.007
145,32Mt_L1_NS,NONE,0.01,0.0
145,NvcMt_L1_EW,NVCMT_EW,0.006,0.001
145,304Nvl_L2_NS,304NVL_NS,0.008,0.008
145,304Nvl_L3_EW,NONE,0.006,0.0
145,NvcNvl_L3_EW,NONE,0.009,0.0
145,32Mt_L2_EW,32MT_EW,0.005,0.005
145,32Mt_L2_NS,NONE,0.009,0.0
145,NvcMt_L2_EW,NVCMT_EW,0.008,0.002
150,304Nvl_L1_EW,304NVL_EW,0.017,0.017
150,304Nvl_L2_EW,304NVL_EW,0.015,0.015
150,304Nvl_L1_NS,NONE,0.007,0.0
150,32Nvl_L3_NS,NONE,0.008,0.0
150,32Nvl_L2_NS,32NVL_NS,0.008,0.008
150,NvcNvl_L2_NS,NONE,0.007,0.0
150,NvcNvl_L1_EW,NVCNVL_EW,0.007,0.003
150,NvcNvl_L2_EW,NVCNVL_EW,0.008,0.008
150,32Mt_L1_EW,32MT_EW,0.007,0.007
150,NvcMt_L1_EW,NVCMT_EW,0.006,0.001
150,304Nvl_L3_EW,NONE,0.013,0.0
150,32Nvl_L1_NS,32NVL_NS,0.013,0.013
150,NvcNvl_L1_NS,NONE,0.009,0.0
150,NvcNvl_L3_EW,NONE,0.009,0.0
150,32Mt_L2_EW,32MT_EW,0.005,0.005
150,NvcMt_L2_EW,NVCMT_EW,0.008,0.002
155,304Nvl_L1_EW,304NVL_EW,0.017,0.017
155,304Nvl_L2_EW,304NVL_EW,0.015,0.015
155,304Nvl_L1_NS,NONE,0.015,0.0
155,304Nvl_L3_NS,NONE,0.008,0.0
155,NvcNvl_L3_NS,NONE,0.014,0.0
155,NvcNvl_L2_NS,NONE,0.013,0.0
155,NvcNvl_L1_EW,NVCNVL_EW,0.021,0.021
155,NvcNvl_L2_EW,NVCNVL_EW,0.023,0.023
155,32Mt_L1_EW,NONE,0.007,0.0
155,32Mt_L3_EW,NONE,0.009,0.0
155,32Mt_L1_EW,32MT_EW,0.007,0.007
155,32Mt_L1_NS,NONE,0.01,0.0
155,304Nvl_L3_EW,NONE,0.013,0.0
155,304Nvl_L2_NS,NONE,0.007,0.0
155,NvcNvl_L1_NS,NONE,0.017,0.0
155,NvcNvl_L3_EW,NONE,0.028,0.0
155,32Mt_L2_EW,NONE,0.008,0.0
155,32Mt_L2_EW,32MT_EW,0.005,0.005
160,304Nvl_L1_EW,304NVL_EW,0.017,0.017
160,304Nvl_L2_EW,304NVL_EW,0.015,0.015
160,304Nvl_L1_NS,NONE,0.007,0.0
160,NvcNvl_L1_EW,NVCNVL_EW,0.021,0.021
160,NvcNvl_L2_EW,NVCNVL_EW,0.023,0.023
160,32Mt_L1_EW,32MT_EW,0.007,0.007
160,NvcCmt8_L2_NS,NONE,0.011,0.0
160,NvcCmt8_L1_NS,NONE,0.008,0.0
160,304Nvl_L3_EW,NONE,0.013,0.0
160,32Nvl_L1_NS,32NVL_NS,0.007,0.007
160,NvcNvl_L3_EW,NONE,0.028,0.0
160,32Mt_L2_EW,32MT_EW,0.005,0.005
165,304Nvl_L1_EW,304NVL_EW,0.034,0.034
165,304Nvl_L2_EW,304NVL_EW,0.022,0.022
165,NvcNvl_L1_EW,NVCNVL_EW,0.021,0.021
165,NvcNvl_L2_EW,NVCNVL_EW,0.023,0.023
165,32Mt_L1_EW,32MT_EW,0.007,0.007
165,304Nvl_L3_EW,NONE,0.019,0.0
165,NvcNvl_L3_EW,NONE,0.028,0.0
165,32Mt_L2_EW,32MT_EW,0.005,0.005
170,304Nvl_L1_EW,304NVL_EW,0.034,0.034
170,304Nvl_L2_EW,304NVL_EW,0.015,0.015
170,NvcNvl_L1_EW,NVCNVL_EW,0.028,0.028
170,NvcNvl_L2_EW,NVCNVL_EW,0.023,0.023
170,32Mt_L1_EW,NONE,0.007,0.0
170,32Mt_L1_EW,32MT_EW,0.014,0.014
170,NvcCmt8_L2_NS,NONE,0.012,0.0
170,304Nvl_L3_EW,NONE,0.006,0.0
170,NvcNvl_L3_EW,NONE,0.028,0.0
170,32Mt_L2_EW,32MT_EW,0.011,0.011
170,NvcCmt8_L1_NS,NONE,0.011,0.0
175,304Thn_L1_EW,304THN_EW,0.008,0.008
175,304Thn_L3_EW,NONE,0.008,0.0
175,NvcNvl_L1_EW,NVCNVL_EW,0.007,0.003
175,NvcMt_L1_EW,NVCMT_EW,0.006,0.001
175,NvcMt_L1_NS,NVCMT_NS,0.007,0.007
175,NvcMt_L2_EW,NVCMT_EW,0.008,0.008
175,NvcMt_L2_NS,NVCMT_NS,0.005,0.005
175,304Thn_L2_EW,304THN_EW,0.007,0.007
180,304Nvl_L1_EW,304NVL_EW,0.008,0.008
180,304Nvl_L2_EW,304NVL_EW,0.007,0.007
180,304Nvl_L1_NS,NONE,0.015,0.0
180,NvcNvl_L2_NS,NONE,0.007,0.0
180,NvcNvl_L1_EW,NONE,0.011,0.0
180,NvcNvl_L2_EW,NONE,0.008,0.0
180,32Mt_L1_NS,32MT_NS,0.006,0.001
180,32Mt_L1_EW,NONE,0.007,0.0
180,NvcMt_L1_NS,NVCMT_NS,0.007,0.002
180,304Nvl_L3_EW,NONE,0.006,0.0
180,NvcNvl_L1_NS,NONE,0.009,0.0
180,NvcMt_L2_NS,NVCMT_NS,0.005,0.005
185,304Thn_L1_EW,NONE,0.007,0.0
185,NvcNvl_L3_NS,NONE,0.007,0.0
185,NvcNvl_L2_NS,NONE,0.007,0.0
185,32Mt_L1_NS,32MT_NS,0.006,0.001
185,NvcMt_L1_EW,NVCMT_EW,0.006,0.006
185,NvcMt_L1_NS,NVCMT_NS,0.007,0.002
185,NvcNvl_L1_NS,NONE,0.009,0.0
185,NvcMt_L2_EW,NVCMT_EW,0.008,0.008
185,NvcMt_L2_NS,NVCMT_NS,0.005,0.005
190,32Nvl_L3_NS,NONE,0.007,0.0
190,32Nvl_L1_NS,32NVL_NS,0.007,0.007
190,NvcMt_L1_NS,NVCMT_NS,0.007,0.007
190,32Nvl_L2_NS,32NVL_NS,0.007,0.007
190,NvcMt_L2_NS,NVCMT_NS,0.005,0.005
195,32Nvl_L1_NS,32NVL_NS,0.007,0.007
195,32Nvl_L3_NS,NONE,0.042,0.0
195,32Nvl_L2_NS,32NVL_NS,0.039,0.039
195,NvcMt_L1_NS,NVCMT_NS,0.007,0.007
195,32Nvl_L2_NS,32NVL_NS,0.007,0.007
195,32Nvl_L1_NS,32NVL_NS,0.034,0.034
195,NvcMt_L2_NS,NVCMT_NS,0.005,0.005
200,32Nvl_L1_NS,32NVL_NS,0.007,0.007
200,32Nvl_L1_EW,32NVL_EW,0.007,0.007
200,32Nvl_L2_EW,32NVL_EW,0.008,0.008
200,32Nvl_L3_NS,NONE,0.042,0.0
200,32Nvl_L2_NS,32NVL_NS,0.039,0.039
200,NvcMt_L1_NS,NVCMT_NS,0.007,0.007
200,32Nvl_L2_NS,32NVL_NS,0.007,0.007
200,32Nvl_L3_EW,NONE,0.006,0.0
200,32Nvl_L1_NS,32NVL_NS,0.034,0.034
200,NvcMt_L2_NS,NVCMT_NS,0.005,0.005
205,32Nvl_L3_NS,NONE,0.014,0.0
205,32Nvl_L1_NS,32NVL_NS,0.021,0.021
205,32Nvl_L3_NS,NONE,0.05,0.0
205,32Nvl_L2_NS,32NVL_NS,0.047,0.047
205,NvcNvl_L1_EW,NONE,0.011,0.0
205,NvcNvl_L2_EW,NONE,0.008,0.0
205,32Mt_L1_NS,32MT_NS,0.075,0.07
205,NvcMt_L1_NS,NVCMT_NS,0.007,-0.046
205,32Nvl_L2_NS,32NVL_NS,0.02,0.02
205,32Nvl_L1_NS,32NVL_NS,0.04,0.04
205,NvcNvl_L3_EW,NONE,0.006,0.0
205,32Mt_L2_NS,32MT_NS,0.078,0.074
205,NvcMt_L2_NS,NVCMT_NS,0.005,-0.049
210,304Nvl_L1_EW,304NVL_EW,0.008,0.008
210,304Nvl_L2_EW,304NVL_EW,0.007,0.007
210,32Nvl_L3_NS,NONE,0.02,0.0
210,32Nvl_L1_NS,32NVL_NS,0.028,0.028
210,32Nvl_L3_NS,NONE,0.05,0.0
210,32Nvl_L2_NS,32NVL_NS,0.047,0.047
210,32Mt_L1_NS,32MT_NS,0.075,0.07
210,32Mt_L1_NS,NONE,0.049,0.0
210,NvcMt_L1_NS,NVCMT_NS,0.007,-0.046
210,304Nvl_L3_EW,NONE,0.006,0.0
210,32Nvl_L2_NS,32NVL_NS,0.027,0.027
210,32Nvl_L1_NS,32NVL_NS,0.047,0.047
210,32Mt_L2_NS,32MT_NS,0.078,0.074
210,32Mt_L2_NS,NONE,0.043,0.0
210,NvcMt_L2_NS,NVCMT_NS,0.005,-0.049
215,32Nvl_L3_NS,NONE,0.007,0.0
215,32Nvl_L1_NS,32NVL_NS,0.021,0.021
215,32Nvl_L3_NS,NONE,0.05,0.0
215,32Nvl_L2_NS,32NVL_NS,0.047,0.047
215,32Mt_L1_NS,32MT_NS,0.075,0.07
215,32Mt_L1_NS,NONE,0.049,0.0
215,NvcMt_L1_NS,NVCMT_NS,0.007,-0.046
215,32Nvl_L2_NS,32NVL_NS,0.02,0.02
215,32Nvl_L1_NS,32NVL_NS,0.047,0.047
215,32Mt_L2_NS,32MT_NS,0.078,0.074
215,32Mt_L2_NS,NONE,0.043,0.0
215,NvcMt_L2_NS,NVCMT_NS,0.005,-0.049
220,304Nvl_L1_EW,NONE,0.008,0.0
220,32Nvl_L3_NS,NONE,0.007,0.0
220,32Nvl_L1_NS,32NVL_NS,0.021,0.021
220,32Nvl_L3_NS,NONE,0.05,0.0
220,32Nvl_L2_NS,32NVL_NS,0.047,0.047
220,32Mt_L1_NS,32MT_NS,0.075,0.07
220,NvcMt_L1_NS,NVCMT_NS,0.007,-0.046
220,32Nvl_L2_NS,32NVL_NS,0.02,0.02
220,32Nvl_L1_NS,32NVL_NS,0.047,0.047
220,32Mt_L2_NS,32MT_NS,0.078,0.074
220,NvcMt_L2_NS,NVCMT_NS,0.005,-0.049
225,32Nvl_L3_NS,NONE,0.014,0.0
225,32Nvl_L1_NS,32NVL_NS,0.021,0.021
225,32Nvl_L3_NS,NONE,0.058,0.0
225,32Nvl_L2_NS,32NVL_NS,0.055,0.055
225,32Mt_L1_EW,32MT_EW,0.007,0.007
225,32Mt_L1_NS,NONE,0.049,0.0
225,NvcMt_L1_NS,NVCMT_NS,0.007,0.007
225,32Nvl_L2_NS,32NVL_NS,0.02,0.02
225,32Nvl_L1_NS,32NVL_NS,0.054,0.054
225,32Mt_L2_EW,32MT_EW,0.005,0.005
225,NvcMt_L2_NS,NVCMT_NS,0.005,0.005
230,32Nvl_L3_NS,NONE,0.017,0.0
230,32Nvl_L2_NS,32NVL_NS,0.016,0.016
230,NvcNvl_L3_NS,NONE,0.007,0.0
230,NvcNvl_L2_NS,NONE,0.007,0.0
230,32Mt_L1_EW,32MT_EW,0.007,0.007
230,32Mt_L1_NS,NONE,0.166,0.0
230,32Nvl_L1_NS,32NVL_NS,0.02,0.02
230,NvcNvl_L1_NS,NONE,0.009,0.0
230,32Mt_L2_EW,32MT_EW,0.005,0.005
235,32Mt_L1_EW,32MT_EW,0.007,0.007
235,32Mt_L1_NS,NONE,0.117,0.0
235,NvcMt_L2_NS,NONE,0.005,0.0
235,NvcMt_L1_EW,NVCMT_EW,0.006,0.006
235,32Nvl_L1_NS,32NVL_NS,0.007,0.007
235,32Mt_L2_EW,32MT_EW,0.005,0.005
235,NvcMt_L1_NS,NONE,0.005,0.0
235,NvcMt_L2_EW,NVCMT_EW,0.008,0.008
240,304Nvl_L1_EW,NONE,0.008,0.0
240,304Nvl_L2_EW,NONE,0.009,0.0
240,32Nvl_L1_NS,32NVL_NS,0.014,0.014
240,NvcNvl_L3_NS,NONE,0.007,0.0
240,NvcNvl_L2_NS,NONE,0.007,0.0
240,32Mt_L1_EW,32MT_EW,0.007,0.007
240,NvcMt_L1_EW,NVCMT_EW,0.006,0.006
240,304Nvl_L3_EW,NONE,0.008,0.0
240,32Nvl_L1_NS,32NVL_NS,0.034,0.034
240,NvcNvl_L1_NS,NONE,0.009,0.0
240,32Mt_L2_EW,32MT_EW,0.005,0.005
240,NvcMt_L2_EW,NVCMT_EW,0.008,0.008
245,304Nvl_L1_EW,304NVL_EW,0.042,0.042
245,304Nvl_L2_EW,304NVL_EW,0.036,0.036
245,32Mt_L1_EW,32MT_EW,0.007,0.007
245,NvcMt_L1_EW,NVCMT_EW,0.006,0.006
245,304Nvl_L3_EW,NONE,0.032,0.0
245,32Nvl_L1_NS,32NVL_NS,0.034,0.034
245,32Mt_L2_EW,32MT_EW,0.005,0.005
245,NvcMt_L2_EW,NVCMT_EW,0.008,0.008
250,304Nvl_L1_EW,304NVL_EW,0.051,0.051
250,304Nvl_L2_EW,304NVL_EW,0.036,0.036
250,32Nvl_L1_EW,32NVL_EW,0.007,0.002
250,32Nvl_L2_EW,32NVL_EW,0.008,0.004
250,32Mt_L1_EW,NONE,0.014,0.0
250,32Mt_L3_EW,NONE,0.018,0.0
250,32Mt_L1_EW,32MT_EW,0.007,0.002
250,NvcMt_L1_EW,NVCMT_EW,0.006,0.006
250,304Nvl_L3_EW,NONE,0.032,0.0
250,32Nvl_L3_EW,NONE,0.006,0.0
250,32Mt_L2_EW,NONE,0.015,0.0
250,32Mt_L2_EW,32MT_EW,0.005,0.0
250,NvcMt_L2_EW,NVCMT_EW,0.008,0.008
255,304Nvl_L1_EW,304NVL_EW,0.051,0.051
255,304Nvl_L2_EW,304NVL_EW,0.036,0.036
255,32Nvl_L1_EW,32NVL_EW,0.007,-0.003
255,32Nvl_L2_EW,32NVL_EW,0.008,0.0
255,32Mt_L1_NS,32MT_NS,0.006,0.006
255,32Mt_L1_EW,32MT_EW,0.014,0.009
255,32Mt_L1_NS,NONE,0.049,0.0
255,304Nvl_L3_EW,NONE,0.032,0.0
255,32Nvl_L3_EW,NONE,0.006,0.0
255,32Mt_L2_EW,32MT_EW,0.011,0.005
255,32Mt_L2_NS,NONE,0.043,0.0
260,304Nvl_L1_EW,304NVL_EW,0.042,0.042
260,304Nvl_L2_EW,304NVL_EW,0.036,0.036
260,304Nvl_L1_NS,NONE,0.007,0.0
260,304Nvl_L3_NS,NONE,0.008,0.0
260,32Nvl_L1_EW,32NVL_EW,0.007,-0.003
260,32Nvl_L2_EW,32NVL_EW,0.008,0.0
260,NvcNvl_L1_EW,NVCNVL_EW,0.035,0.035
260,NvcNvl_L2_EW,NVCNVL_EW,0.039,0.039
260,32Mt_L1_EW,32MT_EW,0.014,0.009
260,32Mt_L1_NS,NONE,0.059,0.0
260,304Nvl_L3_EW,NONE,0.032,0.0
260,304Nvl_L2_NS,NONE,0.007,0.0
260,32Nvl_L3_EW,NONE,0.006,0.0
260,NvcNvl_L3_EW,NONE,0.047,0.0
260,32Mt_L2_EW,32MT_EW,0.011,0.005
260,32Mt_L2_NS,NONE,0.052,0.0
265,304Nvl_L1_EW,304NVL_EW,0.042,0.042
265,304Nvl_L2_EW,304NVL_EW,0.036,0.036
265,304Nvl_L1_NS,NONE,0.007,0.0
265,304Nvl_L3_NS,NONE,0.008,0.0
265,32Nvl_L1_EW,32NVL_EW,0.007,-0.008
265,32Nvl_L2_EW,32NVL_EW,0.008,-0.004
265,NvcNvl_L1_EW,NONE,0.011,0.0
265,NvcNvl_L2_EW,NONE,0.008,0.0
265,NvcNvl_L1_EW,NVCNVL_EW,0.035,0.035
265,NvcNvl_L2_EW,NVCNVL_EW,0.039,0.039
265,32Mt_L1_NS,32MT_NS,0.031,0.031
265,32Mt_L1_EW,32MT_EW,0.021,0.016
265,32Mt_L1_NS,NONE,0.01,0.0
265,NvcCmt8_L2_EW,NVCCMT8_EW,0.005,0.005
265,304Nvl_L3_EW,NONE,0.032,0.0
265,304Nvl_L2_NS,NONE,0.007,0.0
265,32Nvl_L3_EW,NONE,0.006,0.0
265,NvcNvl_L3_EW,NONE,0.006,0.0
265,NvcNvl_L3_EW,NONE,0.047,0.0
265,32Mt_L2_EW,32MT_EW,0.016,0.011
265,32Mt_L2_NS,NONE,0.009,0.0
265,NvcCmt8_L1_EW,NVCCMT8_EW,0.008,0.008
270,304Nvl_L1_EW,304NVL_EW,0.042,0.042
270,304Nvl_L2_EW,304NVL_EW,0.036,0.036
270,32Nvl_L1_EW,32NVL_EW,0.007,-0.008
270,32Nvl_L2_EW,32NVL_EW,0.008,-0.004
270,32Nvl_L3_NS,NONE,0.008,0.0
270,32Nvl_L2_NS,32NVL_NS,0.008,0.008
270,NvcNvl_L1_EW,NVCNVL_EW,0.035,0.035
270,NvcNvl_L2_EW,NVCNVL_EW,0.039,0.039
270,32Mt_L1_NS,32MT_NS,0.006,0.006
270,32Mt_L1_EW,32MT_EW,0.021,0.016
270,NvcCmt8_L2_EW,NVCCMT8_EW,0.005,0.005
270,304Nvl_L3_EW,NONE,0.032,0.0
270,32Nvl_L3_EW,NONE,0.006,0.0
270,32Nvl_L1_NS,32NVL_NS,0.007,0.007
270,NvcNvl_L3_EW,NONE,0.047,0.0
270,32Mt_L2_EW,32MT_EW,0.016,0.011
270,NvcCmt8_L1_EW,NVCCMT8_EW,0.008,0.008
275,304Nvl_L1_NS,304NVL_NS,0.009,0.009
275,304Nvl_L3_NS,NONE,0.007,0.0
275,304Nvl_L1_EW,304NVL_EW,0.051,0.051
275,304Nvl_L2_EW,304NVL_EW,0.036,0.036
275,32Nvl_L1_EW,32NVL_EW,0.007,-0.013
275,32Nvl_L2_EW,32NVL_EW,0.008,-0.01
275,NvcNvl_L3_NS,NONE,0.014,0.0
275,NvcNvl_L2_NS,NONE,0.013,0.0
275,NvcNvl_L1_EW,NVCNVL_EW,0.035,0.035
275,NvcNvl_L2_EW,NVCNVL_EW,0.039,0.039
275,32Mt_L1_EW,NONE,0.007,0.0
275,32Mt_L1_EW,32MT_EW,0.021,0.016
275,NvcCmt8_L2_EW,NVCCMT8_EW,0.005,0.005
275,32Thn_L1_EW,32THN_EW,0.008,0.003
275,32Thn_L2_EW,32THN_EW,0.008,0.003
275,32Thn_L3_EW,NONE,0.008,0.0
275,304Nvl_L2_NS,304NVL_NS,0.008,0.008
275,304Nvl_L3_EW,NONE,0.032,0.0
275,32Nvl_L3_EW,NONE,0.006,0.0
275,NvcNvl_L1_NS,NONE,0.017,0.0
275,NvcNvl_L3_EW,NONE,0.047,0.0
275,32Mt_L2_EW,32MT_EW,0.016,0.011
275,NvcCmt8_L1_EW,NVCCMT8_EW,0.008,0.008
280,304Thn_L1_EW,NONE,0.007,0.0
280,304Thn_L2_EW,NONE,0.008,0.0
280,304Nvl_L1_EW,304NVL_EW,0.051,0.051
280,304Nvl_L2_EW,304NVL_EW,0.036,0.036
280,32Nvl_L1_NS,32NVL_NS,0.007,0.007
280,32Nvl_L1_EW,32NVL_EW,0.007,-0.013
280,32Nvl_L2_EW,32NVL_EW,0.008,-0.01
280,NvcNvl_L1_EW,NVCNVL_EW,0.035,0.035
280,NvcNvl_L2_EW,NVCNVL_EW,0.039,0.039
280,32Mt_L1_EW,32MT_EW,0.021,0.016
280,NvcCmt8_L2_EW,NVCCMT8_EW,0.005,0.005
280,32Thn_L1_EW,32THN_EW,0.008,0.003
280,32Thn_L2_EW,32THN_EW,0.008,0.003
280,32Thn_L3_EW,NONE,0.008,0.0
280,304Nvl_L3_EW,NONE,0.032,0.0
280,32Nvl_L3_EW,NONE,0.006,0.0
280,NvcNvl_L3_EW,NONE,0.047,0.0
280,32Mt_L2_EW,32MT_EW,0.016,0.011
280,NvcCmt8_L1_EW,NVCCMT8_EW,0.008,0.008
280,304Thn_L3_EW,NONE,0.008,0.0
285,32Nvl_L1_EW,32NVL_EW,0.007,-0.013
285,32Nvl_L2_EW,32NVL_EW,0.008,-0.01
285,NvcNvl_L1_EW,NVCNVL_EW,0.014,0.014
285,NvcNvl_L2_EW,NVCNVL_EW,0.008,0.008
285,32Mt_L1_EW,32MT_EW,0.021,0.016
285,NvcMt_L2_NS,NONE,0.026,0.0
285,32Thn_L1_EW,32THN_EW,0.008,0.003
285,32Thn_L2_EW,32THN_EW,0.008,0.003
285,32Thn_L3_EW,NONE,0.008,0.0
285,32Nvl_L3_EW,NONE,0.006,0.0
285,NvcNvl_L3_EW,NONE,0.009,0.0
285,32Mt_L2_EW,32MT_EW,0.016,0.011
285,NvcMt_L1_NS,NONE,0.027,0.0
285,NvcCmt8_L1_EW,NONE,0.006,0.0
290,304Thn_L1_EW,304THN_EW,0.107,0.096
290,304Thn_L3_EW,NONE,0.092,0.0
290,304Nvl_L1_EW,304NVL_EW,0.017,-0.058
290,304Nvl_L2_EW,304NVL_EW,0.015,-0.048
290,304Nvl_L1_NS,NONE,0.044,0.0
290,32Nvl_L1_EW,32NVL_EW,0.007,-0.008
290,32Nvl_L2_EW,32NVL_EW,0.008,-0.004
290,NvcNvl_L1_EW,NVCNVL_EW,0.007,0.007
290,NvcNvl_L2_EW,NVCNVL_EW,0.008,0.008
290,32Mt_L1_EW,32MT_EW,0.021,0.016
290,NvcMt_L2_NS,NONE,0.026,0.0
290,32Thn_L1_EW,NONE,0.01,0.0
290,304Nvl_L3_EW,NONE,0.006,0.0
290,32Nvl_L3_EW,NONE,0.006,0.0
290,NvcNvl_L3_EW,NONE,0.009,0.0
290,32Mt_L2_EW,32MT_EW,0.016,0.011
290,NvcMt_L1_NS,NONE,0.027,0.0
290,304Thn_L2_EW,304THN_EW,0.089,0.079
295,304Nvl_L1_EW,304NVL_EW,0.017,0.017
295,304Nvl_L2_EW,304NVL_EW,0.015,0.015
295,304Nvl_L1_NS,NONE,0.036,0.0
295,32Nvl_L1_EW,32NVL_EW,0.014,-0.005
295,32Nvl_L2_EW,32NVL_EW,0.015,0.0
295,NvcNvl_L3_NS,NONE,0.007,0.0
295,NvcNvl_L2_NS,NONE,0.007,0.0
295,NvcNvl_L1_EW,NVCNVL_EW,0.007,-0.046
295,32Mt_L1_EW,32MT_EW,0.028,0.018
295,32Mt_L1_NS,NONE,0.01,0.0
295,NvcMt_L1_EW,NVCMT_EW,0.076,0.071
295,32Thn_L1_EW,NONE,0.01,0.0
295,304Nvl_L3_EW,NONE,0.013,0.0
295,32Nvl_L3_EW,NONE,0.013,0.0
295,NvcNvl_L1_NS,NONE,0.009,0.0
295,32Mt_L2_EW,32MT_EW,0.022,0.011
295,32Mt_L2_NS,NONE,0.009,0.0
295,NvcMt_L2_EW,NVCMT_EW,0.095,0.095
300,304Nvl_L1_NS,NONE,0.007,0.0
300,32Nvl_L1_EW,32NVL_EW,0.007,-0.012
300,32Nvl_L2_EW,32NVL_EW,0.008,-0.008
300,32Nvl_L3_NS,NONE,0.008,0.0
300,32Nvl_L2_NS,32NVL_NS,0.008,0.008
300,NvcNvl_L1_EW,NONE,0.011,0.0
300,NvcNvl_L2_EW,NONE,0.008,0.0
300,NvcNvl_L1_EW,NVCNVL_EW,0.007,0.007
300,NvcNvl_L1_NS,NVCNVL_NS,0.033,0.033
300,32Mt_L1_EW,32MT_EW,0.028,0.023
300,NvcCmt8_L2_EW,NONE,0.007,0.0
300,304Nvl_L2_NS,NONE,0.007,0.0
300,32Nvl_L3_EW,NONE,0.006,0.0
300,32Nvl_L1_NS,32NVL_NS,0.007,-0.016
300,NvcNvl_L3_EW,NONE,0.006,0.0
300,32Mt_L2_EW,32MT_EW,0.022,0.016
300,NvcCmt8_L1_EW,NONE,0.006,0.0
305,304Nvl_L1_EW,304NVL_EW,0.008,0.008
305,304Nvl_L1_NS,NONE,0.022,0.0
305,32Nvl_L1_EW,32NVL_EW,0.014,-0.005
305,32Nvl_L2_EW,32NVL_EW,0.015,0.0
305,32Nvl_L3_NS,NONE,0.042,0.0
305,32Nvl_L2_NS,32NVL_NS,0.039,0.039
305,NvcNvl_L1_NS,NVCNVL_NS,0.033,0.033
305,32Mt_L1_EW,NONE,0.007,0.0
305,32Mt_L1_EW,32MT_EW,0.028,0.018
305,NvcCmt8_L2_EW,NVCCMT8_EW,0.026,0.026
305,304Nvl_L2_NS,NONE,0.007,0.0
305,32Nvl_L3_EW,NONE,0.013,0.0
305,32Nvl_L1_NS,32NVL_NS,0.04,0.017
305,32Mt_L2_EW,32MT_EW,0.022,0.011
305,NvcCmt8_L1_EW,NVCCMT8_EW,0.038,0.038
310,32Nvl_L1_EW,32NVL_EW,0.014,0.009
310,32Nvl_L2_EW,32NVL_EW,0.015,0.012
310,32Nvl_L3_NS,NONE,0.008,0.0
310,32Nvl_L2_NS,32NVL_NS,0.008,0.008
310,NvcNvl_L1_EW,NVCNVL_EW,0.007,0.007
310,32Mt_L1_NS,32MT_NS,0.006,0.006
310,32Mt_L1_EW,32MT_EW,0.007,-0.003
310,32Mt_L1_NS,NONE,0.01,0.0
310,32Nvl_L3_EW,NONE,0.013,0.0
310,32Nvl_L1_NS,32NVL_NS,0.007,0.007
310,32Mt_L2_NS,32MT_NS,0.006,0.006
310,32Mt_L2_EW,32MT_EW,0.005,-0.005
315,304Nvl_L1_EW,304NVL_EW,0.017,0.017
315,304Nvl_L2_EW,304NVL_EW,0.007,0.007
315,32Nvl_L3_NS,NONE,0.007,0.0
315,32Nvl_L1_NS,32NVL_NS,0.007,0.007
315,32Nvl_L1_EW,32NVL_EW,0.007,0.007
315,32Nvl_L2_EW,32NVL_EW,0.008,0.008
315,32Nvl_L3_NS,NONE,0.008,0.0
315,32Nvl_L2_NS,32NVL_NS,0.008,0.008
315,32Mt_L1_NS,32MT_NS,0.006,0.001
315,32Mt_L1_EW,NONE,0.014,0.0
315,NvcMt_L1_NS,NVCMT_NS,0.007,0.002
315,32Thn_L1_NS,32THN_NS,0.01,0.01
315,32Thn_L2_NS,32THN_NS,0.013,0.013
315,304Nvl_L3_EW,NONE,0.006,0.0
315,32Nvl_L2_NS,32NVL_NS,0.007,0.007
315,32Nvl_L3_EW,NONE,0.006,0.0
315,32Nvl_L1_NS,32NVL_NS,0.007,0.007
315,32Mt_L2_NS,32MT_NS,0.006,0.003
315,NvcMt_L2_NS,NVCMT_NS,0.005,0.001
320,32Nvl_L3_NS,NONE,0.034,0.0
320,32Nvl_L1_NS,32NVL_NS,0.035,0.035
320,32Nvl_L1_EW,32NVL_EW,0.007,0.007
320,32Nvl_L2_EW,32NVL_EW,0.008,0.008
320,32Nvl_L3_NS,NONE,0.008,0.0
320,32Nvl_L2_NS,32NVL_NS,0.008,0.008
320,32Mt_L1_NS,32MT_NS,0.006,0.001
320,32Mt_L1_EW,NONE,0.007,0.0
320,NvcMt_L1_NS,NVCMT_NS,0.007,0.002
320,32Thn_L1_NS,32THN_NS,0.01,0.01
320,32Thn_L2_NS,32THN_NS,0.013,0.013
320,32Nvl_L2_NS,32NVL_NS,0.033,0.033
320,32Nvl_L3_EW,NONE,0.006,0.0
320,32Nvl_L1_NS,32NVL_NS,0.007,0.007
320,32Mt_L2_NS,32MT_NS,0.006,0.003
320,NvcMt_L2_NS,NVCMT_NS,0.005,0.001
325,304Nvl_L1_EW,304NVL_EW,0.008,0.008
325,32Nvl_L3_NS,NONE,0.007,0.0
325,32Nvl_L1_NS,32NVL_NS,0.042,0.042
325,32Nvl_L1_EW,32NVL_EW,0.007,0.007
325,32Nvl_L2_EW,32NVL_EW,0.008,0.008
325,32Nvl_L3_NS,NONE,0.008,0.0
325,32Nvl_L2_NS,32NVL_NS,0.008,0.008
325,NvcNvl_L1_EW,NVCNVL_EW,0.007,0.007
325,NvcNvl_L2_EW,NVCNVL_EW,0.008,0.008
325,32Mt_L1_NS,32MT_NS,0.013,0.008
325,NvcMt_L1_NS,NVCMT_NS,0.007,-0.002
325,32Thn_L1_NS,32THN_NS,0.01,0.01
325,32Thn_L2_NS,32THN_NS,0.013,0.013
325,32Nvl_L2_NS,32NVL_NS,0.04,0.04
325,32Nvl_L3_EW,NONE,0.006,0.0
325,32Nvl_L1_NS,32NVL_NS,0.013,0.013
325,32Mt_L2_NS,32MT_NS,0.006,0.003
325,NvcMt_L2_NS,NVCMT_NS,0.005,0.001
330,304Nvl_L1_EW,304NVL_EW,0.008,0.008
330,304Nvl_L2_EW,304NVL_EW,0.007,0.007
330,32Nvl_L3_NS,NONE,0.007,0.0
330,32Nvl_L1_NS,32NVL_NS,0.014,0.014
330,32Mt_L1_NS,32MT_NS,0.006,0.001
330,NvcMt_L1_NS,NVCMT_NS,0.007,0.002
330,NvcCmt8_L2_EW,NVCCMT8_EW,0.005,0.005
330,32Thn_L1_NS,32THN_NS,0.01,0.01
330,32Thn_L2_NS,32THN_NS,0.013,0.013
330,304Nvl_L3_EW,NONE,0.006,0.0
330,32Nvl_L2_NS,32NVL_NS,0.013,0.013
330,NvcMt_L2_NS,NVCMT_NS,0.005,0.005
330,NvcCmt8_L1_EW,NVCCMT8_EW,0.008,0.008
335,32Nvl_L3_NS,NONE,0.007,0.0
335,32Nvl_L1_NS,32NVL_NS,0.014,0.014
335,32Nvl_L3_NS,NONE,0.008,0.0
335,32Nvl_L2_NS,32NVL_NS,0.008,0.008
335,NvcNvl_L1_EW,NONE,0.011,0.0
335,NvcNvl_L2_EW,NONE,0.008,0.0
335,32Mt_L1_NS,32MT_NS,0.006,0.001
335,32Mt_L1_EW,32MT_EW,0.007,0.007
335,NvcMt_L1_NS,NVCMT_NS,0.007,0.002
335,32Thn_L1_NS,32THN_NS,0.01,0.01
335,32Thn_L2_NS,32THN_NS,0.013,0.013
335,32Nvl_L2_NS,32NVL_NS,0.013,0.013
335,32Nvl_L1_NS,32NVL_NS,0.013,0.013
335,NvcNvl_L3_EW,NONE,0.006,0.0
335,32Mt_L2_EW,32MT_EW,0.005,0.005
335,NvcMt_L2_NS,NVCMT_NS,0.005,0.005
340,304Nvl_L1_NS,304NVL_NS,0.009,-0.001
340,32Nvl_L3_NS,NONE,0.007,0.0
340,32Nvl_L1_NS,32NVL_NS,0.014,0.008
340,32Nvl_L3_NS,NONE,0.008,0.0
340,32Nvl_L2_NS,32NVL_NS,0.008,0.008
340,NvcNvl_L3_NS,NONE,0.007,0.0
340,NvcNvl_L2_NS,NONE,0.007,0.0
340,32Mt_L1_EW,32MT_EW,0.014,0.014
340,32Mt_L1_NS,NONE,0.049,0.0
340,NvcMt_L2_NS,NONE,0.005,0.0
340,32Nvl_L2_NS,32NVL_NS,0.013,0.013
340,32Nvl_L1_NS,32NVL_NS,0.013,0.007
340,NvcNvl_L1_NS,NONE,0.009,0.0
340,32Mt_L2_EW,32MT_EW,0.005,0.005
340,32Mt_L2_NS,NONE,0.043,0.0
340,NvcMt_L1_NS,NONE,0.005,0.0
345,32Nvl_L3_NS,NONE,0.008,0.0
345,32Nvl_L2_NS,32NVL_NS,0.008,0.008
345,32Mt_L1_EW,32MT_EW,0.014,0.014
345,32Mt_L1_NS,NONE,0.01,0.0
345,NvcCmt8_L2_EW,NVCCMT8_EW,0.063,0.063
345,32Thn_L1_NS,32THN_NS,0.01,0.01
345,32Thn_L2_NS,32THN_NS,0.013,0.013
345,32Nvl_L1_NS,32NVL_NS,0.013,0.013
345,32Mt_L2_EW,32MT_EW,0.011,0.011
345,32Mt_L2_NS,NONE,0.009,0.0
345,NvcCmt8_L1_EW,NVCCMT8_EW,0.092,0.092
350,32Nvl_L3_NS,NONE,0.008,0.0
350,32Nvl_L2_NS,32NVL_NS,0.008,0.008
350,32Mt_L1_EW,NONE,0.007,0.0
350,32Mt_L1_EW,32MT_EW,0.049,0.049
350,NvcCmt8_L2_EW,NVCCMT8_EW,0.063,0.063
350,32Nvl_L1_NS,32NVL_NS,0.007,0.007
350,32Mt_L2_EW,32MT_EW,0.011,0.011
350,NvcCmt8_L1_EW,NVCCMT8_EW,0.092,0.092
355,32Nvl_L1_EW,32NVL_EW,0.007,-0.027
355,32Nvl_L2_EW,32NVL_EW,0.007,0.0
355,NvcNvl_L3_NS,NONE,0.007,0.0
355,NvcNvl_L2_NS,NONE,0.007,0.0
355,32Mt_L1_EW,32MT_EW,0.049,0.049
355,NvcMt_L1_EW,NVCMT_EW,0.006,-0.058
355,NvcCmt8_L2_EW,NVCCMT8_EW,0.063,0.063
355,32Nvl_L3_EW,NONE,0.006,0.0
355,NvcNvl_L1_NS,NONE,0.009,0.0
355,32Mt_L2_EW,32MT_EW,0.011,0.011
355,NvcMt_L2_EW,NVCMT_EW,0.008,-0.036
355,NvcCmt8_L1_EW,NVCCMT8_EW,0.092,0.088
360,32Nvl_L1_EW,32NVL_EW,0.007,-0.027
360,32Nvl_L2_EW,32NVL_EW,0.007,-0.019
360,NvcNvl_L1_EW,NONE,0.021,0.0
360,NvcNvl_L2_EW,NONE,0.015,0.0
360,32Mt_L1_EW,32MT_EW,0.049,0.049
360,NvcMt_L1_EW,NVCMT_EW,0.006,-0.058
360,NvcCmt8_L2_EW,NVCCMT8_EW,0.063,0.063
360,32Nvl_L3_EW,NONE,0.006,0.0
360,32Nvl_L1_NS,32NVL_NS,0.007,0.007
360,NvcNvl_L3_EW,NONE,0.006,0.0
360,32Mt_L2_EW,32MT_EW,0.038,0.038
360,NvcMt_L2_EW,NVCMT_EW,0.008,-0.036
360,NvcCmt8_L1_EW,NVCCMT8_EW,0.092,0.088
365,32Nvl_L1_EW,32NVL_EW,0.007,-0.032
365,32Nvl_L2_EW,32NVL_EW,0.007,-0.023
365,NvcNvl_L1_EW,NVCNVL_EW,0.007,0.003
365,NvcNvl_L2_EW,NVCNVL_EW,0.008,0.008
365,32Mt_L1_EW,NONE,0.007,0.0
365,32Mt_L3_EW,NONE,0.009,0.0
365,32Mt_L1_EW,32MT_EW,0.056,0.056
365,NvcMt_L1_EW,NVCMT_EW,0.006,-0.063
365,NvcCmt8_L2_EW,NVCCMT8_EW,0.063,0.063
365,32Nvl_L3_EW,NONE,0.006,0.0
365,NvcNvl_L3_EW,NONE,0.009,0.0
365,32Mt_L2_EW,NONE,0.008,0.0
365,32Mt_L2_EW,32MT_EW,0.044,0.044
365,NvcMt_L2_EW,NVCMT_EW,0.008,-0.042
365,NvcCmt8_L1_EW,NVCCMT8_EW,0.092,0.088
370,32Nvl_L1_EW,32NVL_EW,0.007,-0.013
370,32Nvl_L2_EW,32NVL_EW,0.007,-0.004
370,NvcNvl_L1_EW,NVCNVL_EW,0.007,0.007
370,NvcNvl_L2_EW,NVCNVL_EW,0.008,0.008
370,NvcNvl_L1_NS,NVCNVL_NS,0.007,0.007
370,32Mt_L1_NS,32MT_NS,0.006,0.006
370,32Mt_L1_EW,NONE,0.007,0.0
370,32Mt_L1_EW,32MT_EW,0.028,0.028
370,32Mt_L1_NS,NONE,0.01,0.0
370,NvcCmt8_L2_EW,NVCCMT8_EW,0.063,0.063
370,32Nvl_L3_EW,NONE,0.006,0.0
370,NvcNvl_L3_EW,NONE,0.009,0.0
370,32Mt_L2_NS,32MT_NS,0.006,0.006
370,32Mt_L2_EW,NONE,0.008,0.0
370,32Mt_L2_EW,32MT_EW,0.016,0.016
370,32Mt_L2_NS,NONE,0.009,0.0
370,NvcCmt8_L1_EW,NVCCMT8_EW,0.092,0.092
375,304Nvl_L1_EW,304NVL_EW,0.008,0.008
375,304Nvl_L2_EW,304NVL_EW,0.007,0.007
375,304Nvl_L1_EW,NONE,0.098,0.0
375,304Nvl_L2_EW,NONE,0.103,0.0
375,32Nvl_L1_EW,32NVL_EW,0.007,-0.013
375,32Nvl_L2_EW,32NVL_EW,0.007,-0.004
375,32Nvl_L3_NS,NONE,0.109,0.0
375,32Nvl_L2_NS,32NVL_NS,0.103,0.103
375,NvcNvl_L1_EW,NVCNVL_EW,0.007,0.003
375,NvcNvl_L2_EW,NVCNVL_EW,0.008,0.008
375,32Mt_L1_EW,NONE,0.014,0.0
375,32Mt_L3_EW,NONE,0.018,0.0
375,32Mt_L1_EW,32MT_EW,0.028,0.028
375,NvcMt_L2_NS,NONE,0.005,0.0
375,NvcMt_L1_EW,NVCMT_EW,0.006,0.001
375,304Nvl_L3_EW,NONE,0.006,0.0
375,304Nvl_L3_EW,NONE,0.097,0.0
375,32Nvl_L3_EW,NONE,0.006,0.0
375,32Nvl_L1_NS,32NVL_NS,0.087,0.087
375,NvcNvl_L3_EW,NONE,0.009,0.0
375,32Mt_L2_EW,NONE,0.015,0.0
375,32Mt_L2_EW,32MT_EW,0.016,0.016
375,NvcMt_L1_NS,NONE,0.005,0.0
375,NvcMt_L2_EW,NVCMT_EW,0.008,0.002
380,304Nvl_L1_EW,304NVL_EW,0.008,0.008
380,304Nvl_L2_EW,304NVL_EW,0.007,0.007
380,304Nvl_L1_EW,NONE,0.098,0.0
380,304Nvl_L1_NS,NONE,0.007,0.0
380,304Nvl_L2_EW,NONE,0.103,0.0
380,32Nvl_L1_EW,32NVL_EW,0.007,-0.013
380,32Nvl_L2_EW,32NVL_EW,0.007,-0.008
380,32Nvl_L3_NS,NONE,0.1,0.0
380,32Nvl_L2_NS,32NVL_NS,0.095,0.095
380,NvcNvl_L1_EW,NONE,0.011,0.0
380,NvcNvl_L2_EW,NONE,0.008,0.0
380,NvcNvl_L1_EW,NVCNVL_EW,0.007,0.003
380,NvcNvl_L2_EW,NVCNVL_EW,0.008,0.006
380,32Mt_L1_EW,NONE,0.007,0.0
380,32Mt_L1_EW,32MT_EW,0.028,0.028
380,32Mt_L1_NS,NONE,0.01,0.0
380,NvcMt_L1_EW,NVCMT_EW,0.006,0.001
380,NvcMt_L2_EW,NVCMT_EW,0.003,-0.003
380,304Nvl_L3_EW,NONE,0.006,0.0
380,304Nvl_L3_EW,NONE,0.097,0.0
380,32Nvl_L3_EW,NONE,0.006,0.0
380,32Nvl_L1_NS,32NVL_NS,0.081,0.081
380,NvcNvl_L3_EW,NONE,0.006,0.0
380,NvcNvl_L3_EW,NONE,0.009,0.0
380,32Mt_L2_EW,32MT_EW,0.022,0.022
380,32Mt_L2_NS,NONE,0.009,0.0
380,NvcMt_L2_EW,NVCMT_EW,0.008,0.002
380,NvcMt_L1_EW,NVCMT_EW,0.006,0.001
380,NvcCmt8_L1_EW,NONE,0.069,0.0
385,32Nvl_L1_EW,32NVL_EW,0.007,-0.027
385,32Nvl_L2_EW,32NVL_EW,0.007,-0.012
385,NvcNvl_L1_EW,NVCNVL_EW,0.007,0.003
385,NvcNvl_L2_EW,NVCNVL_EW,0.008,0.006
385,32Mt_L1_NS,32MT_NS,0.006,0.006
385,32Mt_L1_EW,32MT_EW,0.049,0.049
385,NvcMt_L1_EW,NVCMT_EW,0.006,0.001
385,NvcMt_L2_EW,NVCMT_EW,0.003,-0.003
385,32Nvl_L3_EW,NONE,0.006,0.0
385,NvcNvl_L3_EW,NONE,0.009,0.0
385,32Mt_L2_EW,32MT_EW,0.027,0.027
385,NvcMt_L2_EW,NVCMT_EW,0.008,0.002
385,NvcMt_L1_EW,NVCMT_EW,0.006,0.001
390,304Nvl_L1_EW,304NVL_EW,0.11,0.11
390,304Nvl_L2_EW,304NVL_EW,0.007,0.007
390,32Nvl_L1_EW,32NVL_EW,0.007,-0.022
390,32Nvl_L2_EW,32NVL_EW,0.008,-0.011
390,32Nvl_L1_EW,32NVL_EW,0.007,-0.023
390,32Nvl_L2_EW,32NVL_EW,0.007,-0.012
390,NvcNvl_L1_EW,NVCNVL_EW,0.007,0.007
390,NvcNvl_L2_EW,NVCNVL_EW,0.008,0.008
390,32Mt_L1_EW,32MT_EW,0.042,0.037
390,304Nvl_L3_EW,NONE,0.006,0.0
390,32Nvl_L3_EW,NONE,0.006,0.0
390,32Nvl_L3_EW,NONE,0.006,0.0
390,NvcNvl_L3_EW,NONE,0.009,0.0
390,32Mt_L2_EW,32MT_EW,0.027,0.022
395,304Nvl_L1_NS,304NVL_NS,0.009,0.009
395,32Nvl_L1_EW,32NVL_EW,0.007,-0.008
395,32Nvl_L2_EW,32NVL_EW,0.008,0.0
395,32Mt_L1_EW,32MT_EW,0.021,0.016
395,32Nvl_L3_EW,NONE,0.006,0.0
395,32Mt_L2_EW,32MT_EW,0.011,0.005
400,304Nvl_L1_NS,304NVL_NS,0.009,0.009
400,304Nvl_L1_NS,NONE,0.007,0.0
400,NvcNvl_L1_EW,NVCNVL_EW,0.007,0.007
400,NvcNvl_L2_EW,NVCNVL_EW,0.008,0.008
400,32Mt_L1_NS,32MT_NS,0.006,0.006
400,32Mt_L1_EW,32MT_EW,0.042,0.042
400,32Mt_L1_NS,NONE,0.02,0.0
400,NvcMt_L2_NS,NONE,0.063,0.0
400,NvcCmt8_L2_NS,NONE,0.011,0.0
400,NvcCmt8_L1_NS,NONE,0.008,0.0
400,32Mt_L2_EW,32MT_EW,0.033,0.033
400,32Mt_L2_NS,NONE,0.017,0.0
400,NvcMt_L1_NS,NONE,0.066,0.0
405,304Nvl_L1_NS,NONE,0.007,0.0
405,304Nvl_L3_NS,NONE,0.008,0.0
405,32Nvl_L3_NS,NONE,0.007,0.0
405,32Nvl_L1_NS,32NVL_NS,0.007,0.007
405,NvcNvl_L3_NS,NONE,0.048,0.0
405,NvcNvl_L2_NS,NONE,0.046,0.0
405,NvcNvl_L1_EW,NONE,0.011,0.0
405,NvcNvl_L2_EW,NONE,0.008,0.0
405,32Mt_L1_NS,32MT_NS,0.006,0.006
405,32Mt_L1_EW,NONE,0.014,0.0
405,32Mt_L1_EW,32MT_EW,0.042,0.042
405,304Nvl_L2_NS,NONE,0.007,0.0
405,32Nvl_L2_NS,32NVL_NS,0.007,0.007
405,NvcNvl_L1_NS,NONE,0.061,0.0
405,32Mt_L2_EW,32MT_EW,0.033,0.033
410,304Nvl_L1_NS,304NVL_NS,0.045,0.04
410,304Nvl_L3_NS,NONE,0.037,0.0
410,32Nvl_L1_NS,32NVL_NS,0.007,-0.025
410,32Nvl_L3_NS,NONE,0.008,0.0
410,32Nvl_L2_NS,32NVL_NS,0.008,-0.019
410,NvcNvl_L3_NS,NONE,0.007,0.0
410,NvcNvl_L2_NS,NONE,0.007,0.0
410,NvcNvl_L1_EW,NVCNVL_EW,0.007,0.007
410,NvcNvl_L2_EW,NVCNVL_EW,0.008,0.008
410,32Mt_L1_NS,32MT_NS,0.006,0.006
410,32Mt_L1_EW,NONE,0.007,0.0
410,32Mt_L1_EW,32MT_EW,0.007,0.007
410,32Mt_L1_NS,NONE,0.01,0.0
410,304Nvl_L2_NS,304NVL_NS,0.038,0.032
410,32Nvl_L2_NS,32NVL_NS,0.007,-0.02
410,32Nvl_L1_NS,32NVL_NS,0.013,-0.018
410,NvcNvl_L1_NS,NONE,0.009,0.0
410,NvcNvl_L3_EW,NONE,0.009,0.0
410,32Mt_L2_EW,32MT_EW,0.005,0.005
415,304Nvl_L1_NS,304NVL_NS,0.045,0.04
415,304Nvl_L3_NS,NONE,0.037,0.0
415,304Nvl_L1_EW,304NVL_EW,0.008,0.008
415,32Nvl_L1_NS,32NVL_NS,0.007,-0.025
415,32Nvl_L3_NS,NONE,0.008,0.0
415,32Nvl_L2_NS,32NVL_NS,0.008,-0.019
415,NvcNvl_L1_EW,NVCNVL_EW,0.035,0.035
415,32Mt_L1_NS,32MT_NS,0.006,0.001
415,32Mt_L1_EW,NONE,0.036,0.0
415,32Mt_L1_NS,NONE,0.01,0.0
415,NvcMt_L1_NS,NVCMT_NS,0.007,0.002
415,304Nvl_L2_NS,304NVL_NS,0.038,0.032
415,32Nvl_L2_NS,32NVL_NS,0.007,-0.02
415,32Nvl_L1_NS,32NVL_NS,0.013,-0.018
415,NvcMt_L2_NS,NVCMT_NS,0.005,0.005
420,304Nvl_L1_NS,304NVL_NS,0.045,0.04
420,304Nvl_L3_NS,NONE,0.037,0.0
420,32Nvl_L1_NS,32NVL_NS,0.007,-0.025
420,32Nvl_L3_NS,NONE,0.025,0.0
420,32Nvl_L2_NS,32NVL_NS,0.024,-0.003
420,NvcNvl_L3_NS,NONE,0.007,0.0
420,NvcNvl_L2_NS,NONE,0.007,0.0
420,NvcNvl_L1_EW,NVCNVL_EW,0.042,0.042
420,32Mt_L1_NS,32MT_NS,0.006,0.001
420,NvcMt_L1_NS,NVCMT_NS,0.007,0.002
420,304Nvl_L2_NS,304NVL_NS,0.038,0.021
420,32Nvl_L2_NS,32NVL_NS,0.007,-0.02
420,32Nvl_L1_NS,32NVL_NS,0.02,-0.012
420,NvcNvl_L1_NS,NONE,0.009,0.0
420,NvcMt_L2_NS,NVCMT_NS,0.005,0.005
425,304Nvl_L1_NS,304NVL_NS,0.045,0.036
425,304Nvl_L3_NS,NONE,0.037,0.0
425,304Nvl_L1_EW,304NVL_EW,0.008,0.008
425,304Nvl_L2_EW,304NVL_EW,0.007,0.007
425,32Nvl_L3_NS,NONE,0.007,0.0
425,32Nvl_L1_NS,32NVL_NS,0.014,-0.018
425,32Nvl_L3_NS,NONE,0.025,0.0
425,32Nvl_L2_NS,32NVL_NS,0.024,-0.003
425,NvcMt_L2_EW,NVCMT_EW,0.013,0.013
425,NvcMt_L1_NS,NVCMT_NS,0.007,0.007
425,304Nvl_L2_NS,304NVL_NS,0.038,0.021
425,304Nvl_L3_EW,NONE,0.006,0.0
425,32Nvl_L2_NS,32NVL_NS,0.013,-0.013
425,32Nvl_L1_NS,32NVL_NS,0.02,-0.012
425,NvcMt_L1_EW,NVCMT_EW,0.028,0.028
425,NvcMt_L2_NS,NVCMT_NS,0.005,0.005
430,304Nvl_L1_NS,304NVL_NS,0.045,0.036
430,304Nvl_L3_NS,NONE,0.037,0.0
430,32Nvl_L3_NS,NONE,0.007,0.0
430,32Nvl_L1_NS,32NVL_NS,0.014,-0.018
430,32Nvl_L1_EW,32NVL_EW,0.014,0.014
430,32Nvl_L2_EW,32NVL_EW,0.015,0.015
430,32Nvl_L3_NS,NONE,0.033,0.0
430,32Nvl_L2_NS,32NVL_NS,0.032,0.005
430,NvcNvl_L1_EW,NVCNVL_EW,0.014,0.014
430,NvcNvl_L2_EW,NVCNVL_EW,0.008,-0.002
430,NvcMt_L2_EW,NVCMT_EW,0.013,0.008
430,NvcMt_L1_NS,NVCMT_NS,0.007,0.007
430,304Nvl_L2_NS,304NVL_NS,0.038,0.016
430,32Nvl_L2_NS,32NVL_NS,0.013,-0.013
430,32Nvl_L3_EW,NONE,0.013,0.0
430,32Nvl_L1_NS,32NVL_NS,0.027,-0.005
430,NvcNvl_L3_EW,NONE,0.009,0.0
430,NvcMt_L1_EW,NVCMT_EW,0.028,0.018
430,NvcMt_L2_NS,NVCMT_NS,0.005,0.005
435,304Nvl_L1_NS,304NVL_NS,0.045,0.036
435,304Nvl_L3_NS,NONE,0.037,0.0
435,304Nvl_L1_NS,NONE,0.007,0.0
435,32Nvl_L3_NS,NONE,0.007,0.0
435,32Nvl_L1_NS,32NVL_NS,0.014,-0.018
435,32Nvl_L1_EW,32NVL_EW,0.007,0.007
435,32Nvl_L2_EW,32NVL_EW,0.015,0.015
435,32Nvl_L3_NS,NONE,0.033,0.0
435,32Nvl_L2_NS,32NVL_NS,0.032,0.005
435,NvcNvl_L1_EW,NVCNVL_EW,0.007,0.007
435,NvcNvl_L2_EW,NVCNVL_EW,0.008,0.008
435,NvcMt_L1_NS,NVCMT_NS,0.007,0.007
435,304Nvl_L2_NS,304NVL_NS,0.038,0.016
435,32Nvl_L2_NS,32NVL_NS,0.013,-0.013
435,32Nvl_L3_EW,NONE,0.006,0.0
435,32Nvl_L1_NS,32NVL_NS,0.027,-0.005
435,NvcNvl_L3_EW,NONE,0.009,0.0
435,NvcMt_L2_NS,NVCMT_NS,0.005,0.005
440,304Nvl_L1_NS,304NVL_NS,0.054,0.045
440,304Nvl_L3_NS,NONE,0.044,0.0
440,32Nvl_L3_NS,NONE,0.007,0.0
440,32Nvl_L1_NS,32NVL_NS,0.014,-0.024
440,32Nvl_L3_NS,NONE,0.033,0.0
440,32Nvl_L2_NS,32NVL_NS,0.032,0.0
440,32Mt_L1_EW,NONE,0.007,0.0
440,32Mt_L3_EW,NONE,0.009,0.0
440,NvcMt_L1_NS,NVCMT_NS,0.007,0.007
440,304Nvl_L2_NS,304NVL_NS,0.046,0.023
440,32Nvl_L2_NS,32NVL_NS,0.013,-0.019
440,32Nvl_L1_NS,32NVL_NS,0.034,-0.004
440,32Mt_L2_EW,NONE,0.008,0.0
440,NvcMt_L2_NS,NVCMT_NS,0.005,0.005
445,304Nvl_L1_NS,304NVL_NS,0.054,0.045
445,304Nvl_L3_NS,NONE,0.044,0.0
445,304Nvl_L1_EW,304NVL_EW,0.093,0.093
445,304Nvl_L2_EW,304NVL_EW,0.08,0.08
445,32Nvl_L3_NS,NONE,0.007,0.0
445,32Nvl_L1_NS,32NVL_NS,0.014,-0.024
445,32Nvl_L3_NS,NONE,0.042,0.0
445,32Nvl_L2_NS,32NVL_NS,0.039,0.008
445,NvcNvl_L1_EW,NVCNVL_EW,0.007,0.007
445,NvcNvl_L2_EW,NVCNVL_EW,0.008,0.006
445,NvcMt_L2_EW,NVCMT_EW,0.003,-0.003
445,NvcMt_L1_NS,NVCMT_NS,0.007,0.007
445,304Nvl_L2_NS,304NVL_NS,0.046,0.018
445,304Nvl_L3_EW,NONE,0.038,0.0
445,32Nvl_L2_NS,32NVL_NS,0.013,-0.019
445,32Nvl_L1_NS,32NVL_NS,0.047,0.009
445,NvcNvl_L3_EW,NONE,0.009,0.0
445,NvcMt_L1_EW,NVCMT_EW,0.006,0.001
445,NvcMt_L2_NS,NVCMT_NS,0.005,0.005
450,304Nvl_L1_NS,304NVL_NS,0.054,0.045
450,304Nvl_L3_NS,NONE,0.044,0.0
450,304Nvl_L1_EW,304NVL_EW,0.059,0.059
450,304Nvl_L2_EW,304NVL_EW,0.051,0.051
450,32Nvl_L3_NS,NONE,0.007,0.0
450,32Nvl_L1_NS,32NVL_NS,0.014,-0.024
450,32Nvl_L3_NS,NONE,0.042,0.0
450,32Nvl_L2_NS,32NVL_NS,0.047,0.016
450,32Mt_L1_EW,NONE,0.05,0.0
450,32Mt_L3_EW,NONE,0.062,0.0
450,32Mt_L1_NS,NONE,0.01,0.0
450,NvcMt_L2_EW,NVCMT_EW,0.003,0.003
450,NvcMt_L1_NS,NVCMT_NS,0.007,0.007
450,304Nvl_L2_NS,304NVL_NS,0.046,0.012
450,304Nvl_L3_EW,NONE,0.044,0.0
450,32Nvl_L2_NS,32NVL_NS,0.013,-0.019
450,32Nvl_L1_NS,32NVL_NS,0.047,0.009
450,32Mt_L2_EW,NONE,0.053,0.0
450,NvcMt_L1_EW,NVCMT_EW,0.006,0.006
450,NvcMt_L2_NS,NVCMT_NS,0.005,0.005
455,304Nvl_L1_NS,304NVL_NS,0.009,0.009
455,304Nvl_L3_NS,NONE,0.007,0.0
455,304Nvl_L1_EW,304NVL_EW,0.068,0.068
455,304Nvl_L2_EW,304NVL_EW,0.058,0.058
455,NvcNvl_L1_EW,NVCNVL_EW,0.007,0.007
455,NvcNvl_L2_EW,NVCNVL_EW,0.008,0.006
455,32Mt_L1_NS,32MT_NS,0.038,0.038
455,32Mt_L1_EW,NONE,0.007,0.0
455,32Mt_L3_EW,NONE,0.009,0.0
455,NvcMt_L2_EW,NVCMT_EW,0.003,-0.003
455,304Nvl_L2_NS,304NVL_NS,0.008,0.008
455,304Nvl_L3_EW,NONE,0.051,0.0
455,NvcNvl_L3_EW,NONE,0.009,0.0
455,32Mt_L2_NS,32MT_NS,0.006,0.006
455,32Mt_L2_EW,NONE,0.008,0.0
455,NvcMt_L1_EW,NVCMT_EW,0.006,0.001
460,304Nvl_L1_EW,304NVL_EW,0.11,0.11
460,304Nvl_L2_EW,304NVL_EW,0.058,0.058
460,32Nvl_L3_NS,NONE,0.007,0.0
460,32Nvl_L1_NS,32NVL_NS,0.021,0.021
460,NvcNvl_L1_EW,NONE,0.011,0.0
460,NvcNvl_L2_EW,NONE,0.008,0.0
460,NvcNvl_L1_EW,NVCNVL_EW,0.007,0.003
460,NvcNvl_L2_EW,NVCNVL_EW,0.008,0.006
460,32Mt_L1_NS,32MT_NS,0.031,0.031
460,32Mt_L1_EW,32MT_EW,0.007,0.007
460,NvcMt_L1_EW,NVCMT_EW,0.006,0.001
460,NvcMt_L2_EW,NVCMT_EW,0.003,-0.003
460,304Nvl_L3_EW,NONE,0.051,0.0
460,32Nvl_L2_NS,32NVL_NS,0.007,0.007
460,NvcNvl_L3_EW,NONE,0.006,0.0
460,NvcNvl_L3_EW,NONE,0.009,0.0
460,NvcMt_L2_EW,NVCMT_EW,0.008,0.002
460,NvcMt_L1_EW,NVCMT_EW,0.006,0.001
465,304Nvl_L1_EW,304NVL_EW,0.11,0.11
465,304Nvl_L2_EW,304NVL_EW,0.058,0.058
465,304Nvl_L1_NS,NONE,0.036,0.0
465,32Nvl_L1_EW,32NVL_EW,0.007,-0.003
465,32Nvl_L2_EW,32NVL_EW,0.008,0.0
465,32Nvl_L3_NS,NONE,0.008,0.0
465,32Nvl_L2_NS,32NVL_NS,0.008,0.008
465,NvcNvl_L1_EW,NVCNVL_EW,0.007,0.007
465,NvcNvl_L2_EW,NVCNVL_EW,0.008,0.008
465,32Mt_L1_EW,NONE,0.05,0.0
465,32Mt_L3_EW,NONE,0.053,0.0
465,32Mt_L1_EW,32MT_EW,0.014,0.009
465,304Nvl_L3_EW,NONE,0.051,0.0
465,32Nvl_L3_EW,NONE,0.006,0.0
465,32Nvl_L1_NS,32NVL_NS,0.013,0.013
465,NvcNvl_L3_EW,NONE,0.009,0.0
465,32Mt_L2_EW,NONE,0.045,0.0
465,32Mt_L2_EW,32MT_EW,0.011,0.005
470,304Nvl_L1_NS,304NVL_NS,0.009,0.009
470,304Nvl_L3_NS,NONE,0.007,0.0
470,304Nvl_L1_EW,304NVL_EW,0.11,0.11
470,304Nvl_L2_EW,304NVL_EW,0.058,0.058
470,32Nvl_L1_EW,32NVL_EW,0.007,0.002
470,32Nvl_L2_EW,32NVL_EW,0.008,0.004
470,NvcNvl_L3_NS,NONE,0.007,0.0
470,NvcNvl_L2_NS,NONE,0.007,0.0
470,NvcNvl_L1_EW,NVCNVL_EW,0.007,0.007
470,NvcNvl_L2_EW,NVCNVL_EW,0.008,0.008
470,32Mt_L1_NS,32MT_NS,0.006,0.006
470,32Mt_L1_EW,NONE,0.043,0.0
470,32Mt_L3_EW,NONE,0.053,0.0
470,32Mt_L1_EW,32MT_EW,0.007,0.002
470,32Mt_L1_NS,NONE,0.01,0.0
470,304Nvl_L2_NS,304NVL_NS,0.008,0.008
470,304Nvl_L3_EW,NONE,0.051,0.0
470,32Nvl_L3_EW,NONE,0.006,0.0
470,NvcNvl_L1_NS,NONE,0.009,0.0
470,NvcNvl_L3_EW,NONE,0.009,0.0
470,32Mt_L2_NS,32MT_NS,0.006,0.006
470,32Mt_L2_EW,NONE,0.045,0.0
470,32Mt_L2_EW,32MT_EW,0.005,0.0
470,32Mt_L2_NS,NONE,0.009,0.0
475,304Nvl_L1_EW,304NVL_EW,0.093,0.093
475,304Nvl_L2_EW,304NVL_EW,0.073,0.073
475,304Nvl_L1_NS,NONE,0.007,0.0
475,32Nvl_L1_EW,32NVL_EW,0.007,-0.003
475,32Nvl_L2_EW,32NVL_EW,0.008,0.0
475,NvcNvl_L1_EW,NVCNVL_EW,0.007,0.007
475,NvcNvl_L2_EW,NVCNVL_EW,0.008,0.008
475,32Mt_L1_NS,32MT_NS,0.038,0.038
475,32Mt_L1_EW,32MT_EW,0.014,0.009
475,304Nvl_L3_EW,NONE,0.063,0.0
475,32Nvl_L3_EW,NONE,0.006,0.0
475,NvcNvl_L3_EW,NONE,0.009,0.0
475,32Mt_L2_NS,32MT_NS,0.006,0.006
475,32Mt_L2_EW,32MT_EW,0.011,0.005
480,304Nvl_L1_EW,304NVL_EW,0.11,0.11
480,304Nvl_L2_EW,304NVL_EW,0.087,0.087
480,32Nvl_L1_EW,32NVL_EW,0.007,0.007
480,32Nvl_L2_EW,32NVL_EW,0.008,0.008
480,NvcNvl_L3_NS,NONE,0.007,0.0
480,NvcNvl_L2_NS,NONE,0.007,0.0
480,NvcNvl_L1_EW,NVCNVL_EW,0.007,0.007
480,NvcNvl_L2_EW,NVCNVL_EW,0.008,0.008
480,32Mt_L1_NS,32MT_NS,0.038,0.038
480,304Nvl_L3_EW,NONE,0.076,0.0
480,32Nvl_L3_EW,NONE,0.006,0.0
480,32Nvl_L1_NS,32NVL_NS,0.007,0.007
480,NvcNvl_L1_NS,NONE,0.009,0.0
480,NvcNvl_L3_EW,NONE,0.009,0.0
480,32Mt_L2_NS,32MT_NS,0.006,0.006
485,304Nvl_L1_EW,304NVL_EW,0.119,0.119
485,304Nvl_L2_EW,304NVL_EW,0.102,0.102
485,304Nvl_L1_NS,NONE,0.007,0.0
485,304Nvl_L3_NS,NONE,0.008,0.0
485,32Nvl_L1_EW,32NVL_EW,0.014,0.004
485,32Nvl_L2_EW,32NVL_EW,0.015,0.008
485,NvcNvl_L3_NS,NONE,0.007,0.0
485,NvcNvl_L2_NS,NONE,0.013,0.0
485,NvcNvl_L1_EW,NVCNVL_EW,0.007,0.007
485,NvcNvl_L2_EW,NVCNVL_EW,0.008,0.008
485,32Mt_L1_NS,32MT_NS,0.038,0.038
485,32Mt_L1_EW,32MT_EW,0.014,0.004
485,304Nvl_L3_EW,NONE,0.089,0.0
485,304Nvl_L2_NS,NONE,0.007,0.0
485,32Nvl_L3_EW,NONE,0.013,0.0
485,32Nvl_L1_NS,32NVL_NS,0.007,0.007
485,NvcNvl_L1_NS,NONE,0.017,0.0
485,NvcNvl_L3_EW,NONE,0.009,0.0
485,32Mt_L2_NS,32MT_NS,0.006,0.006
485,32Mt_L2_EW,32MT_EW,0.011,0.0
490,304Nvl_L1_EW,304NVL_EW,0.11,0.11
490,304Nvl_L2_EW,304NVL_EW,0.094,0.094
490,304Nvl_L1_NS,NONE,0.007,0.0
490,304Nvl_L3_NS,NONE,0.008,0.0
490,32Nvl_L1_EW,32NVL_EW,0.014,0.014
490,32Nvl_L2_EW,32NVL_EW,0.015,0.015
490,NvcNvl_L1_EW,NONE,0.011,0.0
490,NvcNvl_L2_EW,NONE,0.008,0.0
490,NvcNvl_L1_EW,NVCNVL_EW,0.007,0.007
490,NvcNvl_L2_EW,NVCNVL_EW,0.008,0.008
490,32Mt_L1_EW,NONE,0.014,0.0
490,32Mt_L3_EW,NONE,0.009,0.0
490,304Nvl_L3_EW,NONE,0.082,0.0
490,304Nvl_L2_NS,NONE,0.007,0.0
490,32Nvl_L3_EW,NONE,0.013,0.0
490,NvcNvl_L3_EW,NONE,0.009,0.0
490,32Mt_L2_EW,NONE,0.008,0.0
495,304Nvl_L1_EW,304NVL_EW,0.11,0.11
495,304Nvl_L2_EW,304NVL_EW,0.087,0.087
495,32Nvl_L1_EW,32NVL_EW,0.007,0.007
495,32Nvl_L2_EW,32NVL_EW,0.008,0.008
495,32Nvl_L1_EW,32NVL_EW,0.007,0.007
495,NvcNvl_L1_EW,NVCNVL_EW,0.014,0.014
495,NvcNvl_L2_EW,NVCNVL_EW,0.008,0.008
495,32Mt_L1_NS,32MT_NS,0.006,0.006
495,32Mt_L1_EW,NONE,0.007,0.0
495,32Mt_L3_EW,NONE,0.009,0.0
495,304Nvl_L3_EW,NONE,0.076,0.0
495,32Nvl_L3_EW,NONE,0.006,0.0
495,NvcNvl_L3_EW,NONE,0.009,0.0
495,32Mt_L2_EW,NONE,0.008,0.0
500,304Nvl_L1_NS,304NVL_NS,0.009,-0.015
500,304Nvl_L1_EW,304NVL_EW,0.085,0.085
500,304Nvl_L2_EW,304NVL_EW,0.073,0.073
500,304Nvl_L1_NS,NONE,0.007,0.0
500,32Nvl_L1_NS,32NVL_NS,0.035,0.028
500,32Nvl_L1_EW,32NVL_EW,0.007,0.002
500,32Nvl_L2_EW,32NVL_EW,0.008,0.004
500,32Nvl_L1_EW,32NVL_EW,0.007,0.002
500,NvcNvl_L1_EW,NVCNVL_EW,0.014,0.014
500,NvcNvl_L2_EW,NVCNVL_EW,0.008,0.008
500,32Mt_L1_NS,32MT_NS,0.006,0.006
500,32Mt_L1_EW,NONE,0.022,0.0
500,32Mt_L1_EW,32MT_EW,0.007,0.002
500,304Nvl_L3_EW,NONE,0.063,0.0
500,32Nvl_L2_NS,32NVL_NS,0.033,0.033
500,32Nvl_L3_EW,NONE,0.006,0.0
500,NvcNvl_L3_EW,NONE,0.009,0.0
500,32Mt_L2_EW,NONE,0.015,0.0
500,32Mt_L2_EW,32MT_EW,0.005,0.0
505,304Nvl_L1_EW,304NVL_EW,0.025,0.025
505,304Nvl_L2_EW,304NVL_EW,0.022,0.022
505,304Nvl_L1_NS,NONE,0.015,0.0
505,32Nvl_L1_NS,32NVL_NS,0.007,0.007
505,32Nvl_L1_EW,32NVL_EW,0.007,0.007
505,32Nvl_L2_EW,32NVL_EW,0.008,0.008
505,NvcNvl_L1_EW,NVCNVL_EW,0.014,0.014
505,NvcNvl_L2_EW,NVCNVL_EW,0.008,0.008
505,32Mt_L1_EW,NONE,0.007,0.0
505,32Mt_L3_EW,NONE,0.009,0.0
505,32Mt_L1_NS,NONE,0.01,0.0
505,NvcMt_L2_NS,NONE,0.005,0.0
505,304Nvl_L3_EW,NONE,0.013,0.0
505,32Nvl_L2_NS,32NVL_NS,0.007,0.007
505,32Nvl_L3_EW,NONE,0.006,0.0
505,NvcNvl_L3_EW,NONE,0.009,0.0
505,32Mt_L2_EW,NONE,0.008,0.0
505,NvcMt_L1_NS,NONE,0.005,0.0
510,304Nvl_L1_EW,304NVL_EW,0.008,0.008
510,304Nvl_L2_EW,304NVL_EW,0.007,0.007
510,304Nvl_L1_NS,NONE,0.007,0.0
510,32Nvl_L1_NS,32NVL_NS,0.007,0.007
510,32Thn_L1_EW,32THN_EW,0.04,0.04
510,32Thn_L2_EW,32THN_EW,0.042,0.042
510,32Thn_L3_EW,NONE,0.041,0.0
510,32Nvl_L2_NS,32NVL_NS,0.007,0.007
510,32Nvl_L1_NS,32NVL_NS,0.034,0.034
515,304Nvl_L1_EW,304NVL_EW,0.008,0.008
515,304Nvl_L1_NS,NONE,0.015,0.0
515,32Nvl_L1_NS,32NVL_NS,0.007,0.007
515,32Nvl_L3_NS,NONE,0.1,0.0
515,32Nvl_L2_NS,32NVL_NS,0.095,0.095
515,NvcNvl_L2_NS,NONE,0.007,0.0
515,32Mt_L1_EW,32MT_EW,0.007,0.007
515,32Thn_L1_EW,NONE,0.049,0.0
515,32Thn_L1_EW,32THN_EW,0.04,0.04
515,32Thn_L2_EW,32THN_EW,0.042,0.042
515,32Thn_L3_EW,NONE,0.041,0.0
515,32Nvl_L2_NS,32NVL_NS,0.007,0.007
515,32Nvl_L1_NS,32NVL_NS,0.114,0.114
515,NvcNvl_L1_NS,NONE,0.009,0.0
515,32Mt_L2_EW,32MT_EW,0.005,0.005
520,304Nvl_L1_EW,304NVL_EW,0.017,0.017
520,304Nvl_L1_NS,NONE,0.015,0.0
520,32Nvl_L1_NS,32NVL_NS,0.007,0.007
520,32Nvl_L3_NS,NONE,0.1,0.0
520,32Nvl_L2_NS,32NVL_NS,0.095,0.095
520,NvcNvl_L1_EW,NONE,0.011,0.0
520,NvcNvl_L2_EW,NONE,0.008,0.0
520,32Mt_L1_NS,NONE,0.02,0.0
520,NvcMt_L1_EW,NVCMT_EW,0.006,0.006
520,NvcCmt8_L2_NS,NONE,0.011,0.0
520,32Thn_L1_EW,NONE,0.049,0.0
520,NvcCmt8_L1_NS,NONE,0.008,0.0
520,32Nvl_L2_NS,32NVL_NS,0.007,0.007
520,32Nvl_L1_NS,32NVL_NS,0.114,0.114
520,32Mt_L2_NS,NONE,0.017,0.0
520,NvcMt_L2_EW,NVCMT_EW,0.008,0.008
525,304Nvl_L1_NS,NONE,0.007,0.0
525,32Nvl_L1_NS,32NVL_NS,0.007,0.007
525,32Nvl_L1_EW,32NVL_EW,0.007,0.002
525,32Nvl_L2_EW,32NVL_EW,0.008,0.008
525,32Nvl_L3_NS,NONE,0.1,0.0
525,32Nvl_L2_NS,32NVL_NS,0.095,0.095
525,32Mt_L1_NS,32MT_NS,0.006,0.006
525,32Mt_L1_EW,32MT_EW,0.007,0.002
525,32Nvl_L2_NS,32NVL_NS,0.007,0.007
525,32Nvl_L3_EW,NONE,0.006,0.0
525,32Nvl_L1_NS,32NVL_NS,0.081,0.081
530,32Nvl_L3_NS,NONE,0.007,0.0
530,32Nvl_L1_NS,32NVL_NS,0.014,0.014
530,32Nvl_L3_NS,NONE,0.109,0.0
530,32Nvl_L2_NS,32NVL_NS,0.103,0.103
530,32Mt_L1_NS,32MT_NS,0.006,0.006
530,32Mt_L1_EW,32MT_EW,0.007,0.007
530,32Nvl_L2_NS,32NVL_NS,0.013,0.013
530,32Nvl_L1_NS,32NVL_NS,0.094,0.094
535,32Nvl_L3_NS,NONE,0.014,0.0
535,32Nvl_L1_NS,32NVL_NS,0.021,0.021
535,32Nvl_L3_NS,NONE,0.109,0.0
535,32Nvl_L2_NS,32NVL_NS,0.103,0.103
535,32Mt_L1_NS,32MT_NS,0.006,0.006
535,NvcMt_L2_NS,NONE,0.005,0.0
535,NvcMt_L2_EW,NVCMT_EW,0.032,0.032
535,32Nvl_L2_NS,32NVL_NS,0.02,0.02
535,32Nvl_L1_NS,32NVL_NS,0.094,0.094
535,NvcMt_L1_NS,NONE,0.005,0.0
535,NvcMt_L1_EW,NVCMT_EW,0.067,0.067
540,32Nvl_L3_NS,NONE,0.02,0.0
540,32Nvl_L1_NS,32NVL_NS,0.028,0.028
540,32Nvl_L3_NS,NONE,0.117,0.0
540,32Nvl_L2_NS,32NVL_NS,0.111,0.111
540,NvcNvl_L3_NS,NONE,0.007,0.0
540,NvcNvl_L2_NS,NONE,0.007,0.0
540,NvcNvl_L1_EW,NONE,0.128,0.0
540,NvcNvl_L2_EW,NONE,0.092,0.0
540,32Mt_L1_NS,NONE,0.01,0.0
540,NvcMt_L2_EW,NVCMT_EW,0.032,0.032
540,32Nvl_L2_NS,32NVL_NS,0.027,0.027
540,32Nvl_L1_NS,32NVL_NS,0.101,0.101
540,NvcNvl_L1_NS,NONE,0.009,0.0
540,NvcNvl_L3_EW,NONE,0.076,0.0
540,32Mt_L2_NS,NONE,0.009,0.0
540,NvcMt_L1_EW,NVCMT_EW,0.067,0.067
545,304Thn_L1_EW,304THN_EW,0.041,0.006
545,304Thn_L3_EW,NONE,0.039,0.0
545,304Nvl_L1_EW,304NVL_EW,0.051,0.022
545,304Nvl_L2_EW,304NVL_EW,0.044,0.018
545,32Nvl_L3_NS,NONE,0.02,0.0
545,32Nvl_L1_NS,32NVL_NS,0.035,0.035
545,32Nvl_L1_EW,32NVL_EW,0.007,0.007
545,32Nvl_L2_EW,32NVL_EW,0.008,0.008
545,32Nvl_L3_NS,NONE,0.125,0.0
545,32Nvl_L2_NS,32NVL_NS,0.118,0.118
545,NvcNvl_L1_EW,NONE,0.128,0.0
545,NvcNvl_L2_EW,NONE,0.092,0.0
545,32Mt_L1_NS,32MT_NS,0.006,0.006
545,304Nvl_L3_EW,NONE,0.038,0.0
545,32Nvl_L2_NS,32NVL_NS,0.033,0.033
545,32Nvl_L3_EW,NONE,0.006,0.0
545,32Nvl_L1_NS,32NVL_NS,0.101,0.101
545,NvcNvl_L3_EW,NONE,0.076,0.0
545,304Thn_L2_EW,304THN_EW,0.037,0.007
550,304Nvl_L1_NS,304NVL_NS,0.045,-0.008
550,304Nvl_L3_NS,NONE,0.037,0.0
550,304Nvl_L1_EW,304NVL_EW,0.042,0.042
550,304Nvl_L2_EW,304NVL_EW,0.036,0.036
550,32Nvl_L3_NS,NONE,0.061,0.0
550,32Nvl_L1_NS,32NVL_NS,0.076,0.044
550,32Nvl_L1_EW,32NVL_EW,0.035,0.035
550,32Nvl_L2_EW,32NVL_EW,0.039,0.039
550,32Nvl_L3_NS,NONE,0.125,0.0
550,32Nvl_L2_NS,32NVL_NS,0.118,0.092
550,32Mt_L1_NS,32MT_NS,0.006,0.006
550,304Nvl_L2_NS,304NVL_NS,0.038,-0.045
550,304Nvl_L3_EW,NONE,0.032,0.0
550,32Nvl_L2_NS,32NVL_NS,0.073,0.047
550,32Nvl_L3_EW,NONE,0.031,0.0
550,32Nvl_L1_NS,32NVL_NS,0.107,0.076
555,304Thn_L1_EW,NONE,0.034,0.0
555,304Nvl_L1_NS,304NVL_NS,0.045,0.016
555,304Nvl_L3_NS,NONE,0.037,0.0
555,304Nvl_L1_EW,304NVL_EW,0.008,0.008
555,304Nvl_L2_EW,304NVL_EW,0.007,0.007
555,304Nvl_L1_NS,NONE,0.036,0.0
555,32Nvl_L3_NS,NONE,0.027,0.0
555,32Nvl_L1_NS,32NVL_NS,0.042,0.01
555,32Nvl_L3_NS,NONE,0.125,0.0
555,32Nvl_L2_NS,32NVL_NS,0.118,0.092
555,NvcNvl_L1_EW,NVCNVL_EW,0.084,0.084
555,32Mt_L1_NS,32MT_NS,0.006,0.006
555,32Thn_L1_EW,NONE,0.01,0.0
555,32Thn_L2_EW,NONE,0.01,0.0
555,304Nvl_L2_NS,304NVL_NS,0.038,-0.045
555,304Nvl_L3_EW,NONE,0.006,0.0
555,32Nvl_L2_NS,32NVL_NS,0.04,0.013
555,32Nvl_L1_NS,32NVL_NS,0.114,0.082
560,304Nvl_L1_NS,304NVL_NS,0.045,0.021
560,304Nvl_L3_NS,NONE,0.037,0.0
560,304Nvl_L1_EW,304NVL_EW,0.017,0.017
560,304Nvl_L2_EW,304NVL_EW,0.007,0.007
560,304Nvl_L1_NS,NONE,0.051,0.0
560,32Nvl_L3_NS,NONE,0.027,0.0
560,32Nvl_L1_NS,32NVL_NS,0.035,0.003
560,32Nvl_L3_NS,NONE,0.125,0.0
560,32Nvl_L2_NS,32NVL_NS,0.118,0.092
560,NvcNvl_L1_EW,NVCNVL_EW,0.092,0.092
560,NvcNvl_L2_EW,NVCNVL_EW,0.008,0.008
560,NvcMt_L2_NS,NONE,0.005,0.0
560,304Nvl_L2_NS,304NVL_NS,0.038,-0.045
560,304Nvl_L3_EW,NONE,0.006,0.0
560,32Nvl_L2_NS,32NVL_NS,0.033,0.007
560,32Nvl_L1_NS,32NVL_NS,0.141,0.109
560,NvcMt_L1_NS,NONE,0.011,0.0
565,304Nvl_L1_NS,304NVL_NS,0.045,0.04
565,304Nvl_L3_NS,NONE,0.037,0.0
565,304Nvl_L1_EW,304NVL_EW,0.017,0.017
565,304Nvl_L2_EW,304NVL_EW,0.007,0.007
565,32Nvl_L3_NS,NONE,0.007,0.0
565,32Nvl_L1_NS,32NVL_NS,0.007,-0.025
565,32Nvl_L3_NS,NONE,0.017,0.0
565,32Nvl_L2_NS,32NVL_NS,0.016,-0.011
565,NvcNvl_L1_EW,NVCNVL_EW,0.007,0.007
565,NvcNvl_L2_EW,NVCNVL_EW,0.008,0.008
565,NvcMt_L2_NS,NONE,0.011,0.0
565,32Thn_L1_EW,32THN_EW,0.008,0.008
565,32Thn_L2_EW,32THN_EW,0.008,0.008
565,32Thn_L3_EW,NONE,0.008,0.0
565,304Nvl_L2_NS,304NVL_NS,0.038,0.027
565,304Nvl_L3_EW,NONE,0.006,0.0
565,32Nvl_L2_NS,32NVL_NS,0.007,-0.02
565,32Nvl_L1_NS,32NVL_NS,0.054,0.022
565,NvcNvl_L3_EW,NONE,0.009,0.0
565,NvcMt_L1_NS,NONE,0.011,0.0
570,304Nvl_L1_EW,304NVL_EW,0.017,0.017
570,304Nvl_L2_EW,304NVL_EW,0.007,0.007
570,32Nvl_L1_EW,32NVL_EW,0.034,0.028
570,32Nvl_L2_EW,32NVL_EW,0.037,0.032
570,32Nvl_L3_NS,NONE,0.017,0.0
570,32Nvl_L2_NS,32NVL_NS,0.016,0.016
570,NvcNvl_L1_EW,NVCNVL_EW,0.007,0.007
570,NvcNvl_L2_EW,NVCNVL_EW,0.008,0.008
570,NvcMt_L2_NS,NONE,0.005,0.0
570,32Thn_L1_EW,32THN_EW,0.008,0.008
570,32Thn_L2_EW,32THN_EW,0.008,0.008
570,32Thn_L3_EW,NONE,0.008,0.0
570,304Nvl_L3_EW,NONE,0.006,0.0
570,32Nvl_L3_EW,NONE,0.031,0.0
570,32Nvl_L1_NS,32NVL_NS,0.054,0.054
570,NvcNvl_L3_EW,NONE,0.009,0.0
570,NvcMt_L1_NS,NONE,0.005,0.0
575,304Thn_L1_EW,304THN_EW,0.008,0.002
575,304Thn_L3_EW,NONE,0.008,0.0
575,304Nvl_L1_EW,304NVL_EW,0.008,0.003
575,304Nvl_L2_EW,304NVL_EW,0.007,0.002
575,32Nvl_L1_NS,32NVL_NS,0.007,0.007
575,32Nvl_L1_EW,32NVL_EW,0.007,0.007
575,32Nvl_L2_EW,32NVL_EW,0.008,0.008
575,32Nvl_L1_EW,32NVL_EW,0.067,0.067
575,32Nvl_L2_EW,32NVL_EW,0.075,0.075
575,NvcNvl_L3_NS,NONE,0.007,0.0
575,NvcNvl_L2_NS,NONE,0.007,0.0
575,NvcNvl_L1_EW,NVCNVL_EW,0.014,0.014
575,NvcNvl_L2_EW,NVCNVL_EW,0.016,0.016
575,32Thn_L1_EW,NONE,0.01,0.0
575,304Nvl_L3_EW,NONE,0.006,0.0
575,32Nvl_L3_EW,NONE,0.062,0.0
575,32Nvl_L3_EW,NONE,0.006,0.0
575,32Nvl_L1_NS,32NVL_NS,0.007,0.007
575,NvcNvl_L1_NS,NONE,0.009,0.0
575,NvcNvl_L3_EW,NONE,0.019,0.0
575,304Thn_L2_EW,304THN_EW,0.007,0.002
580,304Thn_L1_EW,304THN_EW,0.008,-0.063
580,304Thn_L3_EW,NONE,0.008,0.0
580,304Nvl_L1_EW,304NVL_EW,0.102,0.096
580,304Nvl_L2_EW,304NVL_EW,0.087,0.082
580,32Nvl_L1_NS,32NVL_NS,0.007,0.007
580,32Nvl_L1_EW,32NVL_EW,0.007,0.002
580,32Nvl_L2_EW,32NVL_EW,0.008,0.004
580,32Nvl_L1_EW,32NVL_EW,0.067,0.062
580,32Nvl_L2_EW,32NVL_EW,0.075,0.071
580,NvcNvl_L1_EW,NVCNVL_EW,0.014,0.014
580,NvcNvl_L2_EW,NVCNVL_EW,0.016,0.016
580,32Mt_L1_EW,32MT_EW,0.007,0.002
580,32Mt_L1_NS,NONE,0.049,0.0
580,32Thn_L1_EW,NONE,0.01,0.0
580,32Nvl_L3_EW,NONE,0.062,0.0
580,32Nvl_L3_EW,NONE,0.006,0.0
580,NvcNvl_L3_EW,NONE,0.019,0.0
580,32Mt_L2_EW,32MT_EW,0.005,0.0
580,32Mt_L2_NS,NONE,0.043,0.0
580,304Thn_L2_EW,304THN_EW,0.007,-0.054
585,304Nvl_L1_EW,304NVL_EW,0.152,0.152
585,304Nvl_L2_EW,304NVL_EW,0.131,0.131
585,304Nvl_L1_NS,NONE,0.036,0.0
585,32Nvl_L1_NS,32NVL_NS,0.007,0.007
585,32Nvl_L1_EW,32NVL_EW,0.007,0.002
585,32Nvl_L2_EW,32NVL_EW,0.008,0.004
585,32Nvl_L1_EW,32NVL_EW,0.067,0.062
585,32Nvl_L2_EW,32NVL_EW,0.075,0.071
585,NvcNvl_L1_EW,NVCNVL_EW,0.021,0.017
585,NvcNvl_L2_EW,NVCNVL_EW,0.023,0.023
585,32Mt_L1_EW,32MT_EW,0.007,0.002
585,NvcMt_L1_EW,NVCMT_EW,0.006,-0.008
585,304Nvl_L3_EW,NONE,0.114,0.0
585,32Nvl_L3_EW,NONE,0.062,0.0
585,32Nvl_L3_EW,NONE,0.006,0.0
585,NvcNvl_L3_EW,NONE,0.028,0.0
585,32Mt_L2_EW,32MT_EW,0.005,0.0
585,NvcMt_L2_EW,NVCMT_EW,0.008,-0.008
590,304Nvl_L1_EW,304NVL_EW,0.059,0.059
590,304Nvl_L2_EW,304NVL_EW,0.051,0.051
590,304Nvl_L1_NS,NONE,0.036,0.0
590,32Nvl_L3_NS,NONE,0.041,0.0
590,32Nvl_L1_NS,32NVL_NS,0.042,0.042
590,32Nvl_L1_EW,32NVL_EW,0.007,0.002
590,32Nvl_L2_EW,32NVL_EW,0.008,0.004
590,32Nvl_L1_EW,32NVL_EW,0.067,0.062
590,32Nvl_L2_EW,32NVL_EW,0.075,0.071
590,NvcNvl_L3_NS,NONE,0.007,0.0
590,NvcNvl_L2_NS,NONE,0.007,0.0
590,NvcNvl_L1_EW,NVCNVL_EW,0.021,0.021
590,NvcNvl_L2_EW,NVCNVL_EW,0.023,0.023
590,32Mt_L1_EW,NONE,0.014,0.0
590,32Mt_L3_EW,NONE,0.018,0.0
590,32Mt_L1_EW,32MT_EW,0.007,0.002
590,32Mt_L1_NS,NONE,0.02,0.0
590,NvcMt_L2_NS,NONE,0.005,0.0
590,304Nvl_L3_EW,NONE,0.044,0.0
590,32Nvl_L2_NS,32NVL_NS,0.04,0.04
590,32Nvl_L3_EW,NONE,0.062,0.0
590,32Nvl_L3_EW,NONE,0.006,0.0
590,NvcNvl_L1_NS,NONE,0.009,0.0
590,NvcNvl_L3_EW,NONE,0.028,0.0
590,32Mt_L2_EW,NONE,0.015,0.0
590,32Mt_L2_EW,32MT_EW,0.005,0.0
590,32Mt_L2_NS,NONE,0.017,0.0
590,NvcMt_L1_NS,NONE,0.005,0.0
595,304Nvl_L1_EW,304NVL_EW,0.008,0.008
595,304Nvl_L2_EW,304NVL_EW,0.007,0.007
595,304Nvl_L1_NS,NONE,0.088,0.0
595,32Nvl_L1_NS,32NVL_NS,0.014,0.014
595,32Nvl_L1_EW,32NVL_EW,0.007,-0.022
595,32Nvl_L2_EW,32NVL_EW,0.008,0.004
595,32Nvl_L1_EW,32NVL_EW,0.067,0.038
595,32Nvl_L2_EW,32NVL_EW,0.075,0.071
595,32Nvl_L3_NS,NONE,0.008,0.0
595,32Nvl_L2_NS,32NVL_NS,0.008,0.008
595,NvcNvl_L1_EW,NVCNVL_EW,0.021,0.017
595,NvcNvl_L2_EW,NVCNVL_EW,0.023,0.023
595,32Mt_L1_NS,32MT_NS,0.006,0.006
595,32Mt_L1_EW,NONE,0.007,0.0
595,32Mt_L3_EW,NONE,0.009,0.0
595,32Mt_L1_EW,32MT_EW,0.042,0.037
595,NvcMt_L1_EW,NVCMT_EW,0.006,-0.008
595,304Nvl_L3_EW,NONE,0.006,0.0
595,32Nvl_L2_NS,32NVL_NS,0.013,0.013
595,32Nvl_L3_EW,NONE,0.062,0.0
595,32Nvl_L3_EW,NONE,0.006,0.0
595,32Nvl_L1_NS,32NVL_NS,0.007,0.007
595,NvcNvl_L3_EW,NONE,0.028,0.0
595,32Mt_L2_EW,NONE,0.008,0.0
595,32Mt_L2_EW,32MT_EW,0.005,0.0
595,NvcMt_L2_EW,NVCMT_EW,0.008,-0.008
600,304Nvl_L1_EW,304NVL_EW,0.017,0.017
600,304Nvl_L2_EW,304NVL_EW,0.007,0.007
600,304Nvl_L1_NS,NONE,0.051,0.0
600,304Nvl_L3_NS,NONE,0.008,0.0
600,32Nvl_L1_EW,32NVL_EW,0.007,-0.027
600,32Nvl_L2_EW,32NVL_EW,0.008,-0.015
600,32Nvl_L1_EW,32NVL_EW,0.067,0.033
600,32Nvl_L2_EW,32NVL_EW,0.075,0.052
600,NvcNvl_L1_EW,NVCNVL_EW,0.021,0.017
600,NvcNvl_L2_EW,NVCNVL_EW,0.023,0.023
600,32Mt_L1_EW,NONE,0.007,0.0
600,32Mt_L1_EW,32MT_EW,0.049,0.044
600,32Mt_L1_NS,NONE,0.02,0.0
600,NvcMt_L1_EW,NVCMT_EW,0.006,-0.008
600,304Nvl_L3_EW,NONE,0.006,0.0
600,304Nvl_L2_NS,NONE,0.007,0.0
600,32Nvl_L3_EW,NONE,0.062,0.0
600,32Nvl_L3_EW,NONE,0.006,0.0
600,NvcNvl_L3_EW,NONE,0.028,0.0
600,32Mt_L2_EW,32MT_EW,0.033,0.027
600,32Mt_L2_NS,NONE,0.009,0.0
600,NvcMt_L2_EW,NVCMT_EW,0.008,-0.008
605,304Nvl_L1_EW,304NVL_EW,0.059,0.059
605,304Nvl_L2_EW,304NVL_EW,0.051,0.051
605,304Nvl_L1_NS,NONE,0.007,0.0
605,32Nvl_L1_EW,32NVL_EW,0.007,-0.032
605,32Nvl_L2_EW,32NVL_EW,0.008,-0.015
605,32Nvl_L1_EW,32NVL_EW,0.067,0.028
605,32Nvl_L2_EW,32NVL_EW,0.075,0.052
605,NvcNvl_L2_NS,NONE,0.007,0.0
605,NvcNvl_L1_EW,NVCNVL_EW,0.021,0.017
605,NvcNvl_L2_EW,NVCNVL_EW,0.023,0.023
605,32Mt_L1_EW,NONE,0.007,0.0
605,32Mt_L3_EW,NONE,0.009,0.0
605,32Mt_L1_EW,32MT_EW,0.056,0.051
605,32Mt_L1_NS,NONE,0.02,0.0
605,NvcMt_L1_EW,NVCMT_EW,0.006,-0.008
605,304Nvl_L3_EW,NONE,0.038,0.0
605,32Nvl_L3_EW,NONE,0.062,0.0
605,32Nvl_L3_EW,NONE,0.006,0.0
605,32Nvl_L1_NS,32NVL_NS,0.007,0.007
605,NvcNvl_L1_NS,NONE,0.009,0.0
605,NvcNvl_L3_EW,NONE,0.028,0.0
605,32Mt_L2_EW,NONE,0.008,0.0
605,32Mt_L2_EW,32MT_EW,0.033,0.027
605,32Mt_L2_NS,NONE,0.009,0.0
605,NvcMt_L2_EW,NVCMT_EW,0.008,-0.008
610,304Nvl_L1_EW,304NVL_EW,0.017,0.017
610,304Nvl_L2_EW,304NVL_EW,0.007,0.007
610,304Nvl_L1_NS,NONE,0.015,0.0
610,304Nvl_L3_NS,NONE,0.008,0.0
610,32Nvl_L1_EW,32NVL_EW,0.007,-0.003
610,32Nvl_L2_EW,32NVL_EW,0.008,0.0
610,32Nvl_L1_EW,32NVL_EW,0.067,0.057
610,32Nvl_L2_EW,32NVL_EW,0.075,0.067
610,32Nvl_L3_NS,NONE,0.05,0.0
610,32Nvl_L2_NS,32NVL_NS,0.047,0.047
610,NvcNvl_L1_EW,NVCNVL_EW,0.021,0.021
610,NvcNvl_L2_EW,NVCNVL_EW,0.023,0.023
610,32Mt_L1_EW,NONE,0.007,0.0
610,32Mt_L1_EW,32MT_EW,0.014,0.009
610,NvcMt_L2_NS,NONE,0.005,0.0
610,304Nvl_L3_EW,NONE,0.006,0.0
610,304Nvl_L2_NS,NONE,0.007,0.0
610,32Nvl_L3_EW,NONE,0.062,0.0
610,32Nvl_L3_EW,NONE,0.006,0.0
610,32Nvl_L1_NS,32NVL_NS,0.047,0.047
610,NvcNvl_L3_EW,NONE,0.028,0.0
610,32Mt_L2_EW,NONE,0.008,0.0
610,32Mt_L2_EW,32MT_EW,0.011,0.005
610,NvcMt_L1_NS,NONE,0.005,0.0
615,304Nvl_L1_EW,304NVL_EW,0.042,0.042
615,304Nvl_L1_NS,NONE,0.007,0.0
615,32Nvl_L1_EW,32NVL_EW,0.014,0.0
615,32Nvl_L2_EW,32NVL_EW,0.015,0.008
615,32Nvl_L1_EW,32NVL_EW,0.067,0.052
615,32Nvl_L2_EW,32NVL_EW,0.075,0.067
615,32Nvl_L3_NS,NONE,0.017,0.0
615,32Nvl_L2_NS,32NVL_NS,0.016,0.016
615,NvcNvl_L3_NS,NONE,0.007,0.0
615,NvcNvl_L2_NS,NONE,0.007,0.0
615,NvcNvl_L1_EW,NVCNVL_EW,0.028,0.028
615,NvcNvl_L2_EW,NVCNVL_EW,0.031,0.031
615,32Mt_L1_EW,NONE,0.007,0.0
615,32Mt_L3_EW,NONE,0.009,0.0
615,32Mt_L1_EW,32MT_EW,0.021,0.011
615,32Nvl_L3_EW,NONE,0.062,0.0
615,32Nvl_L3_EW,NONE,0.013,0.0
615,32Nvl_L1_NS,32NVL_NS,0.013,0.013
615,NvcNvl_L1_NS,NONE,0.009,0.0
615,NvcNvl_L3_EW,NONE,0.037,0.0
615,32Mt_L2_EW,NONE,0.008,0.0
615,32Mt_L2_EW,32MT_EW,0.011,0.0
620,304Nvl_L1_EW,304NVL_EW,0.008,0.008
620,32Nvl_L3_NS,NONE,0.034,0.0
620,32Nvl_L1_NS,32NVL_NS,0.035,0.035
620,32Nvl_L1_EW,32NVL_EW,0.007,-0.008
620,32Nvl_L2_EW,32NVL_EW,0.008,0.004
620,32Nvl_L1_EW,32NVL_EW,0.067,0.052
620,32Nvl_L2_EW,32NVL_EW,0.075,0.071
620,NvcNvl_L1_EW,NVCNVL_EW,0.007,0.007
620,NvcNvl_L2_EW,NVCNVL_EW,0.008,0.008
620,32Mt_L1_EW,32MT_EW,0.021,0.016
620,32Nvl_L2_NS,32NVL_NS,0.033,0.033
620,32Nvl_L3_EW,NONE,0.062,0.0
620,32Nvl_L3_EW,NONE,0.006,0.0
620,32Nvl_L1_NS,32NVL_NS,0.007,0.007
620,NvcNvl_L3_EW,NONE,0.009,0.0
620,32Mt_L2_EW,32MT_EW,0.005,0.0
625,304Nvl_L1_EW,304NVL_EW,0.017,0.017
625,304Nvl_L2_EW,304NVL_EW,0.015,0.015
625,32Nvl_L3_NS,NONE,0.082,0.0
625,32Nvl_L1_NS,32NVL_NS,0.083,0.078
625,32Nvl_L1_EW,32NVL_EW,0.007,-0.008
625,32Nvl_L2_EW,32NVL_EW,0.008,0.0
625,32Nvl_L1_EW,32NVL_EW,0.067,0.052
625,32Nvl_L2_EW,32NVL_EW,0.075,0.067
625,NvcNvl_L1_EW,NONE,0.011,0.0
625,NvcNvl_L2_EW,NONE,0.008,0.0
625,NvcNvl_L1_NS,NVCNVL_NS,0.007,-0.052
625,32Mt_L1_NS,32MT_NS,0.006,0.006
625,32Mt_L1_EW,32MT_EW,0.021,0.016
625,32Mt_L1_NS,NONE,0.01,0.0
625,304Nvl_L3_EW,NONE,0.013,0.0
625,32Nvl_L2_NS,32NVL_NS,0.08,0.08
625,32Nvl_L3_EW,NONE,0.062,0.0
625,32Nvl_L3_EW,NONE,0.006,0.0
625,32Mt_L2_EW,32MT_EW,0.011,0.005
625,32Mt_L2_NS,NONE,0.009,0.0
630,32Nvl_L3_NS,NONE,0.007,0.0
630,32Nvl_L1_NS,32NVL_NS,0.042,0.037
630,32Nvl_L1_EW,32NVL_EW,0.007,-0.008
630,32Nvl_L2_EW,32NVL_EW,0.008,0.004
630,32Nvl_L1_EW,32NVL_EW,0.067,0.052
630,32Nvl_L2_EW,32NVL_EW,0.075,0.071
630,NvcNvl_L1_EW,NONE,0.021,0.0
630,NvcNvl_L2_EW,NONE,0.015,0.0
630,NvcNvl_L1_NS,NVCNVL_NS,0.007,-0.022
630,32Mt_L1_NS,32MT_NS,0.013,0.013
630,32Mt_L1_EW,32MT_EW,0.021,0.016
630,32Mt_L1_NS,NONE,0.059,0.0
630,32Nvl_L2_NS,32NVL_NS,0.04,0.04
630,32Nvl_L3_EW,NONE,0.062,0.0
630,32Nvl_L3_EW,NONE,0.006,0.0
630,32Mt_L2_EW,32MT_EW,0.005,0.0
630,32Mt_L2_NS,NONE,0.052,0.0
635,304Nvl_L1_EW,304NVL_EW,0.008,0.008
635,304Nvl_L1_EW,NONE,0.041,0.0
635,304Nvl_L1_NS,NONE,0.007,0.0
635,304Nvl_L2_EW,NONE,0.043,0.0
635,32Nvl_L3_NS,NONE,0.014,0.0
635,32Nvl_L1_NS,32NVL_NS,0.021,0.021
635,32Nvl_L1_EW,32NVL_EW,0.007,0.007
635,32Nvl_L2_EW,32NVL_EW,0.008,0.008
635,32Nvl_L1_EW,32NVL_EW,0.074,0.074
635,32Nvl_L2_EW,32NVL_EW,0.082,0.082
635,NvcNvl_L1_EW,NVCNVL_EW,0.007,0.007
635,NvcNvl_L2_EW,NVCNVL_EW,0.008,0.008
635,32Mt_L1_NS,32MT_NS,0.006,0.006
635,32Mt_L1_EW,NONE,0.007,0.0
635,304Nvl_L3_EW,NONE,0.041,0.0
635,32Nvl_L2_NS,32NVL_NS,0.02,0.02
635,32Nvl_L3_EW,NONE,0.068,0.0
635,32Nvl_L3_EW,NONE,0.006,0.0
640,304Nvl_L1_EW,NONE,0.041,0.0
640,304Nvl_L2_EW,NONE,0.043,0.0
640,32Nvl_L3_NS,NONE,0.007,0.0
640,32Nvl_L1_NS,32NVL_NS,0.007,0.007
640,32Nvl_L1_EW,32NVL_EW,0.007,0.002
640,32Nvl_L2_EW,32NVL_EW,0.008,0.004
640,32Nvl_L1_EW,32NVL_EW,0.074,0.069
640,32Nvl_L2_EW,32NVL_EW,0.082,0.078
640,32Nvl_L3_NS,NONE,0.017,0.0
640,32Nvl_L2_NS,32NVL_NS,0.016,0.016
640,32Mt_L1_NS,32MT_NS,0.006,0.006
640,32Mt_L1_EW,NONE,0.007,0.0
640,32Mt_L1_EW,32MT_EW,0.007,0.002
640,304Nvl_L3_EW,NONE,0.041,0.0
640,32Nvl_L2_NS,32NVL_NS,0.007,0.007
640,32Nvl_L3_EW,NONE,0.068,0.0
640,32Nvl_L3_EW,NONE,0.006,0.0
640,32Nvl_L1_NS,32NVL_NS,0.013,0.013
640,32Mt_L2_EW,32MT_EW,0.005,0.0
645,32Nvl_L1_EW,32NVL_EW,0.007,0.007
645,32Nvl_L2_EW,32NVL_EW,0.008,0.008
645,32Nvl_L1_EW,32NVL_EW,0.074,0.074
645,32Nvl_L2_EW,32NVL_EW,0.082,0.082
645,32Nvl_L3_NS,NONE,0.008,0.0
645,32Nvl_L2_NS,32NVL_NS,0.008,0.008
645,32Nvl_L3_EW,NONE,0.068,0.0
645,32Nvl_L3_EW,NONE,0.006,0.0
645,32Nvl_L1_NS,32NVL_NS,0.02,0.02
650,304Nvl_L1_EW,304NVL_EW,0.042,0.042
650,304Nvl_L1_EW,NONE,0.008,0.0
650,304Nvl_L2_EW,NONE,0.009,0.0
650,32Nvl_L1_EW,32NVL_EW,0.007,0.007
650,32Nvl_L2_EW,32NVL_EW,0.008,0.008
650,32Nvl_L1_EW,32NVL_EW,0.081,0.081
650,32Nvl_L2_EW,32NVL_EW,0.082,0.082
650,32Nvl_L3_NS,NONE,0.008,0.0
650,32Nvl_L2_NS,32NVL_NS,0.008,0.008
650,NvcNvl_L3_NS,NONE,0.007,0.0
650,NvcNvl_L2_NS,NONE,0.007,0.0
650,32Mt_L1_NS,32MT_NS,0.006,0.001
650,NvcMt_L1_EW,NVCMT_EW,0.006,0.006
650,NvcMt_L1_NS,NVCMT_NS,0.007,0.002
650,304Nvl_L3_EW,NONE,0.008,0.0
650,32Nvl_L3_EW,NONE,0.068,0.0
650,32Nvl_L3_EW,NONE,0.006,0.0
650,32Nvl_L1_NS,32NVL_NS,0.013,0.013
650,NvcNvl_L1_NS,NONE,0.009,0.0
650,NvcMt_L2_EW,NVCMT_EW,0.008,0.008
650,NvcMt_L2_NS,NVCMT_NS,0.005,0.005
655,32Nvl_L3_NS,NONE,0.007,0.0
655,32Nvl_L1_NS,32NVL_NS,0.007,0.007
655,32Nvl_L1_EW,32NVL_EW,0.007,0.002
655,32Nvl_L2_EW,32NVL_EW,0.008,0.004
655,32Nvl_L1_EW,32NVL_EW,0.074,0.069
655,32Nvl_L2_EW,32NVL_EW,0.082,0.078
655,32Mt_L1_NS,32MT_NS,0.006,0.001
655,32Mt_L1_EW,NONE,0.086,0.0
655,32Mt_L3_EW,NONE,0.106,0.0
655,32Mt_L1_EW,32MT_EW,0.007,0.002
655,32Mt_L1_NS,NONE,0.01,0.0
655,NvcMt_L1_NS,NVCMT_NS,0.007,0.002
655,32Nvl_L2_NS,32NVL_NS,0.007,0.007
655,32Nvl_L3_EW,NONE,0.068,0.0
655,32Nvl_L3_EW,NONE,0.006,0.0
655,32Nvl_L1_NS,32NVL_NS,0.007,0.007
655,32Mt_L2_EW,NONE,0.09,0.0
655,32Mt_L2_EW,32MT_EW,0.005,0.0
655,32Mt_L2_NS,NONE,0.009,0.0
655,NvcMt_L2_NS,NVCMT_NS,0.005,0.005
660,304Nvl_L1_NS,304NVL_NS,0.009,0.004
660,32Nvl_L1_NS,32NVL_NS,0.007,0.001
660,32Nvl_L1_EW,32NVL_EW,0.007,0.007
660,32Nvl_L2_EW,32NVL_EW,0.008,0.008
660,32Nvl_L1_EW,32NVL_EW,0.074,0.074
660,32Nvl_L2_EW,32NVL_EW,0.082,0.082
660,NvcNvl_L1_EW,NONE,0.011,0.0
660,NvcNvl_L2_EW,NONE,0.008,0.0
660,32Mt_L1_EW,NONE,0.094,0.0
660,32Mt_L3_EW,NONE,0.115,0.0
660,NvcMt_L1_EW,NVCMT_EW,0.006,0.006
660,NvcMt_L1_NS,NVCMT_NS,0.014,0.014
660,32Nvl_L3_EW,NONE,0.068,0.0
660,32Nvl_L3_EW,NONE,0.006,0.0
660,NvcNvl_L3_EW,NONE,0.006,0.0
660,32Mt_L2_EW,NONE,0.098,0.0
660,NvcMt_L2_EW,NVCMT_EW,0.008,0.008
660,NvcMt_L2_NS,NVCMT_NS,0.011,0.011
665,304Nvl_L1_NS,304NVL_NS,0.009,0.009
665,32Nvl_L1_EW,32NVL_EW,0.007,0.007
665,32Nvl_L2_EW,32NVL_EW,0.007,0.007
665,NvcNvl_L1_EW,NVCNVL_EW,0.007,0.007
665,NvcNvl_L2_EW,NVCNVL_EW,0.008,0.008
665,32Mt_L1_NS,32MT_NS,0.006,-0.003
665,32Mt_L1_EW,NONE,0.101,0.0
665,32Mt_L3_EW,NONE,0.009,0.0
665,NvcMt_L1_NS,NVCMT_NS,0.014,0.009
665,32Nvl_L3_EW,NONE,0.006,0.0
665,NvcNvl_L3_EW,NONE,0.009,0.0
665,32Mt_L2_EW,NONE,0.098,0.0
665,NvcMt_L2_NS,NVCMT_NS,0.011,0.011
670,304Nvl_L1_NS,304NVL_NS,0.009,0.009
670,304Nvl_L1_EW,304NVL_EW,0.042,0.042
670,304Nvl_L2_EW,304NVL_EW,0.036,0.036
670,NvcMt_L1_NS,NVCMT_NS,0.014,0.014
670,304Nvl_L2_NS,304NVL_NS,0.008,0.008
670,304Nvl_L3_EW,NONE,0.032,0.0
670,32Nvl_L1_NS,32NVL_NS,0.007,0.0
670,NvcMt_L2_NS,NVCMT_NS,0.011,0.011
675,304Nvl_L1_EW,304NVL_EW,0.008,0.008
675,304Nvl_L2_EW,304NVL_EW,0.007,0.007
675,32Mt_L1_EW,32MT_EW,0.007,0.007
675,NvcMt_L1_NS,NVCMT_NS,0.007,0.007
675,304Nvl_L3_EW,NONE,0.006,0.0
675,32Nvl_L1_NS,32NVL_NS,0.007,0.007
675,32Mt_L2_EW,32MT_EW,0.005,0.005
675,NvcMt_L2_NS,NVCMT_NS,0.005,0.005
680,304Nvl_L1_EW,304NVL_EW,0.008,0.008
680,304Nvl_L2_EW,304NVL_EW,0.007,0.007
680,NvcNvl_L1_EW,NVCNVL_EW,0.007,0.007
680,NvcNvl_L2_EW,NVCNVL_EW,0.008,0.008
680,32Mt_L1_EW,32MT_EW,0.091,0.091
680,32Mt_L1_NS,NONE,0.01,0.0
680,NvcMt_L2_NS,NONE,0.005,0.0
680,NvcMt_L1_NS,NVCMT_NS,0.007,0.007
680,304Nvl_L3_EW,NONE,0.006,0.0
680,NvcNvl_L3_EW,NONE,0.009,0.0
680,32Mt_L2_EW,32MT_EW,0.005,0.005
680,NvcMt_L1_NS,NONE,0.005,0.0
680,NvcMt_L2_NS,NVCMT_NS,0.005,0.005
685,304Nvl_L1_EW,304NVL_EW,0.051,0.051
685,304Nvl_L2_EW,304NVL_EW,0.007,0.007
685,304Nvl_L1_NS,NONE,0.007,0.0
685,304Nvl_L3_NS,NONE,0.008,0.0
685,NvcNvl_L3_NS,NONE,0.007,0.0
685,NvcNvl_L2_NS,NONE,0.007,0.0
685,NvcNvl_L1_EW,NVCNVL_EW,0.007,0.007
685,NvcNvl_L2_EW,NVCNVL_EW,0.008,0.008
685,32Mt_L1_EW,32MT_EW,0.105,0.105
685,304Nvl_L3_EW,NONE,0.006,0.0
685,304Nvl_L2_NS,NONE,0.007,0.0
685,NvcNvl_L1_NS,NONE,0.009,0.0
685,NvcNvl_L3_EW,NONE,0.009,0.0
685,32Mt_L2_EW,32MT_EW,0.016,0.016
690,304Nvl_L1_EW,304NVL_EW,0.051,0.051
690,304Nvl_L2_EW,304NVL_EW,0.007,0.007
690,32Nvl_L3_NS,NONE,0.042,0.0
690,32Nvl_L2_NS,32NVL_NS,0.039,0.039
690,NvcNvl_L3_NS,NONE,0.007,0.0
690,NvcNvl_L2_NS,NONE,0.007,0.0
690,32Mt_L1_EW,NONE,0.036,0.0
690,32Mt_L3_EW,NONE,0.044,0.0
690,32Mt_L1_EW,32MT_EW,0.112,0.112
690,304Nvl_L3_EW,NONE,0.006,0.0
690,32Nvl_L1_NS,32NVL_NS,0.034,0.034
690,NvcNvl_L1_NS,NONE,0.009,0.0
690,32Mt_L2_EW,NONE,0.038,0.0
690,32Mt_L2_EW,32MT_EW,0.087,0.087
695,304Nvl_L1_EW,304NVL_EW,0.008,0.008
695,32Nvl_L3_NS,NONE,0.042,0.0
695,32Nvl_L2_NS,32NVL_NS,0.039,0.039
695,NvcNvl_L3_NS,NONE,0.007,0.0
695,NvcNvl_L2_NS,NONE,0.007,0.0
695,32Mt_L1_NS,32MT_NS,0.006,0.006
695,32Mt_L1_EW,NONE,0.014,0.0
695,32Mt_L3_EW,NONE,0.018,0.0
695,32Mt_L1_EW,32MT_EW,0.112,0.112
695,32Nvl_L1_NS,32NVL_NS,0.034,0.034
695,NvcNvl_L1_NS,NONE,0.009,0.0
695,32Mt_L2_NS,32MT_NS,0.006,0.006
695,32Mt_L2_EW,NONE,0.015,0.0
695,32Mt_L2_EW,32MT_EW,0.087,0.087
700,304Nvl_L1_EW,304NVL_EW,0.008,0.008
700,304Nvl_L2_EW,304NVL_EW,0.007,0.007
700,32Nvl_L3_NS,NONE,0.017,0.0
700,32Nvl_L2_NS,32NVL_NS,0.016,0.016
700,NvcNvl_L1_EW,NONE,0.011,0.0
700,NvcNvl_L2_EW,NONE,0.008,0.0
700,32Mt_L1_NS,32MT_NS,0.006,0.006
700,32Mt_L1_EW,NONE,0.014,0.0
700,32Mt_L3_EW,NONE,0.009,0.0
700,32Mt_L1_EW,32MT_EW,0.035,0.035
700,32Mt_L1_NS,NONE,0.049,0.0
700,32Thn_L1_EW,NONE,0.01,0.0
700,32Thn_L2_EW,NONE,0.01,0.0
700,32Thn_L3_EW,NONE,0.007,0.0
700,304Nvl_L3_EW,NONE,0.006,0.0
700,32Nvl_L1_NS,32NVL_NS,0.013,0.013
700,NvcNvl_L3_EW,NONE,0.006,0.0
700,32Mt_L2_NS,32MT_NS,0.006,0.006
700,32Mt_L2_EW,NONE,0.015,0.0
700,32Mt_L2_EW,32MT_EW,0.022,0.022
705,304Nvl_L1_EW,304NVL_EW,0.008,0.008
705,304Nvl_L2_EW,304NVL_EW,0.007,0.007
705,32Nvl_L3_NS,NONE,0.008,0.0
705,32Nvl_L2_NS,32NVL_NS,0.008,0.008
705,NvcNvl_L1_EW,NVCNVL_EW,0.007,0.007
705,NvcNvl_L2_EW,NVCNVL_EW,0.008,0.008
705,32Mt_L1_NS,32MT_NS,0.006,0.006
705,32Mt_L1_EW,32MT_EW,0.07,0.07
705,32Mt_L1_NS,NONE,0.01,0.0
705,32Thn_L1_EW,32THN_EW,0.008,0.008
705,32Nvl_L1_NS,32NVL_NS,0.04,0.04
705,NvcNvl_L3_EW,NONE,0.009,0.0
705,32Mt_L2_EW,32MT_EW,0.049,0.049
710,304Nvl_L1_EW,304NVL_EW,0.008,0.008
710,32Nvl_L1_EW,32NVL_EW,0.007,-0.056
710,32Nvl_L2_EW,32NVL_EW,0.008,-0.034
710,NvcNvl_L3_NS,NONE,0.007,0.0
710,NvcNvl_L2_NS,NONE,0.007,0.0
710,NvcNvl_L1_EW,NONE,0.011,0.0
710,NvcNvl_L2_EW,NONE,0.008,0.0
710,32Mt_L1_EW,NONE,0.007,0.0
710,32Mt_L3_EW,NONE,0.009,0.0
710,32Mt_L1_EW,32MT_EW,0.091,0.086
710,32Mt_L1_NS,NONE,0.02,0.0
710,NvcCmt8_L2_EW,NONE,0.007,0.0
710,32Nvl_L3_EW,NONE,0.006,0.0
710,NvcNvl_L1_NS,NONE,0.009,0.0
710,32Mt_L2_EW,NONE,0.008,0.0
710,32Mt_L2_EW,32MT_EW,0.06,0.054
710,32Mt_L2_NS,NONE,0.009,0.0
710,NvcCmt8_L1_EW,NONE,0.006,0.0
715,304Nvl_L1_NS,304NVL_NS,0.009,0.009
715,304Nvl_L1_EW,304NVL_EW,0.008,0.008
715,304Nvl_L2_EW,304NVL_EW,0.007,0.007
715,32Nvl_L3_NS,NONE,0.008,0.0
715,32Nvl_L2_NS,32NVL_NS,0.008,0.008
715,NvcNvl_L3_NS,NONE,0.007,0.0
715,NvcNvl_L2_NS,NONE,0.007,0.0
715,NvcNvl_L1_EW,NVCNVL_EW,0.014,-0.008
715,NvcNvl_L2_EW,NVCNVL_EW,0.016,0.016
715,32Mt_L1_NS,32MT_NS,0.013,0.013
715,32Mt_L1_EW,NONE,0.007,0.0
715,32Mt_L3_EW,NONE,0.009,0.0
715,32Mt_L1_EW,32MT_EW,0.084,0.084
715,NvcMt_L1_EW,NVCMT_EW,0.032,0.022
715,NvcCmt8_L2_EW,NONE,0.007,0.0
715,32Thn_L1_EW,32THN_EW,0.008,0.008
715,32Thn_L2_EW,32THN_EW,0.008,0.008
715,32Thn_L3_EW,NONE,0.008,0.0
715,304Nvl_L3_EW,NONE,0.006,0.0
715,32Nvl_L1_NS,32NVL_NS,0.013,0.007
715,NvcNvl_L1_NS,NONE,0.009,0.0
715,NvcNvl_L3_EW,NONE,0.019,0.0
715,32Mt_L2_NS,32MT_NS,0.006,0.006
715,32Mt_L2_EW,NONE,0.008,0.0
715,32Mt_L2_EW,32MT_EW,0.06,0.06
715,NvcMt_L2_EW,NVCMT_EW,0.04,0.029
715,NvcCmt8_L1_EW,NONE,0.006,0.0
720,304Nvl_L1_NS,304NVL_NS,0.009,0.009
720,304Nvl_L1_EW,304NVL_EW,0.008,0.008
720,304Nvl_L2_EW,304NVL_EW,0.007,0.007
720,32Nvl_L3_NS,NONE,0.008,0.0
720,32Nvl_L2_NS,32NVL_NS,0.008,0.008
720,NvcNvl_L3_NS,NONE,0.034,0.0
720,NvcNvl_L2_NS,NONE,0.033,0.0
720,NvcNvl_L1_EW,NONE,0.011,0.0
720,NvcNvl_L2_EW,NONE,0.008,0.0
720,32Mt_L1_NS,32MT_NS,0.006,0.006
720,32Mt_L1_EW,32MT_EW,0.091,0.091
720,32Mt_L1_NS,NONE,0.01,0.0
720,NvcMt_L1_EW,NVCMT_EW,0.032,0.032
720,32Thn_L1_EW,32THN_EW,0.008,0.008
720,32Thn_L2_EW,32THN_EW,0.008,0.008
720,32Thn_L3_EW,NONE,0.008,0.0
720,304Nvl_L3_EW,NONE,0.006,0.0
720,32Nvl_L1_NS,32NVL_NS,0.013,0.007
720,NvcNvl_L1_NS,NONE,0.044,0.0
720,32Mt_L2_EW,32MT_EW,0.06,0.06
720,32Mt_L2_NS,NONE,0.009,0.0
720,NvcMt_L2_EW,NVCMT_EW,0.04,0.04
725,32Nvl_L3_NS,NONE,0.008,0.0
725,32Nvl_L2_NS,32NVL_NS,0.008,0.008
725,NvcNvl_L1_NS,NVCNVL_NS,0.007,0.007
725,32Mt_L1_NS,32MT_NS,0.013,0.013
725,32Mt_L1_EW,NONE,0.007,0.0
725,32Mt_L3_EW,NONE,0.009,0.0
725,32Mt_L1_EW,32MT_EW,0.084,0.084
725,32Mt_L1_NS,NONE,0.01,0.0
725,NvcMt_L1_EW,NVCMT_EW,0.032,0.026
725,32Thn_L1_EW,32THN_EW,0.008,0.008
725,32Thn_L2_EW,32THN_EW,0.008,0.008
725,32Thn_L3_EW,NONE,0.008,0.0
725,32Nvl_L1_NS,32NVL_NS,0.013,0.009
725,32Mt_L2_NS,32MT_NS,0.006,0.006
725,32Mt_L2_EW,NONE,0.008,0.0
725,32Mt_L2_EW,32MT_EW,0.054,0.054
725,32Mt_L2_NS,NONE,0.009,0.0
725,NvcMt_L2_EW,NVCMT_EW,0.04,0.04
725,NvcCmt8_L1_EW,NVCCMT8_EW,0.008,-0.015
730,304Nvl_L1_EW,304NVL_EW,0.11,0.11
730,304Nvl_L2_EW,304NVL_EW,0.087,0.087
730,304Nvl_L1_NS,NONE,0.007,0.0
730,32Nvl_L3_NS,NONE,0.008,0.0
730,32Nvl_L2_NS,32NVL_NS,0.008,0.008
730,NvcNvl_L1_EW,NVCNVL_EW,0.007,-0.015
730,NvcNvl_L1_NS,NVCNVL_NS,0.013,0.013
730,32Mt_L1_NS,32MT_NS,0.006,0.001
730,32Mt_L1_EW,32MT_EW,0.084,0.084
730,32Mt_L1_NS,NONE,0.01,0.0
730,NvcMt_L2_NS,NONE,0.005,0.0
730,NvcMt_L1_EW,NVCMT_EW,0.032,0.027
730,NvcMt_L1_NS,NVCMT_NS,0.007,0.002
730,32Thn_L1_EW,32THN_EW,0.008,0.008
730,32Thn_L2_EW,32THN_EW,0.008,0.008
730,32Thn_L3_EW,NONE,0.008,0.0
730,304Nvl_L3_EW,NONE,0.076,0.0
730,32Nvl_L1_NS,32NVL_NS,0.007,-0.003
730,32Mt_L2_EW,32MT_EW,0.065,0.065
730,NvcMt_L1_NS,NONE,0.005,0.0
730,NvcMt_L2_EW,NVCMT_EW,0.04,0.04
730,NvcMt_L2_NS,NVCMT_NS,0.005,0.005
735,304Nvl_L1_EW,304NVL_EW,0.119,0.119
735,304Nvl_L2_EW,304NVL_EW,0.102,0.102
735,32Nvl_L3_NS,NONE,0.017,0.0
735,32Nvl_L2_NS,32NVL_NS,0.016,0.016
735,NvcNvl_L2_NS,NONE,0.007,0.0
735,NvcNvl_L1_NS,NVCNVL_NS,0.007,0.007
735,32Mt_L1_EW,32MT_EW,0.049,0.049
735,NvcMt_L2_NS,NONE,0.005,0.0
735,NvcMt_L1_EW,NVCMT_EW,0.032,0.032
735,NvcMt_L1_NS,NVCMT_NS,0.007,0.007
735,304Nvl_L3_EW,NONE,0.089,0.0
735,32Nvl_L1_NS,32NVL_NS,0.013,0.009
735,NvcNvl_L1_NS,NONE,0.009,0.0
735,32Mt_L2_EW,32MT_EW,0.033,0.033
735,NvcMt_L1_NS,NONE,0.005,0.0
735,NvcMt_L2_EW,NVCMT_EW,0.04,0.04
735,NvcMt_L2_NS,NVCMT_NS,0.005,0.005
740,304Nvl_L1_EW,304NVL_EW,0.017,0.017
740,304Nvl_L2_EW,304NVL_EW,0.015,0.015
740,32Nvl_L3_NS,NONE,0.017,0.0
740,32Nvl_L2_NS,32NVL_NS,0.016,0.016
740,NvcNvl_L3_NS,NONE,0.007,0.0
740,NvcNvl_L2_NS,NONE,0.007,0.0
740,32Mt_L1_EW,NONE,0.014,0.0
740,32Mt_L1_EW,32MT_EW,0.007,0.007
740,NvcMt_L2_NS,NONE,0.011,0.0
740,NvcMt_L1_NS,NVCMT_NS,0.007,0.007
740,32Thn_L1_EW,NONE,0.01,0.0
740,304Nvl_L3_EW,NONE,0.013,0.0
740,32Nvl_L1_NS,32NVL_NS,0.013,0.013
740,NvcNvl_L1_NS,NONE,0.009,0.0
740,NvcMt_L1_NS,NONE,0.011,0.0
740,NvcMt_L2_EW,NVCMT_EW,0.008,0.008
740,NvcMt_L2_NS,NVCMT_NS,0.005,0.005
745,304Nvl_L1_EW,304NVL_EW,0.008,0.008
745,304Nvl_L2_EW,304NVL_EW,0.007,0.007
745,304Nvl_L1_NS,NONE,0.095,0.0
745,32Nvl_L3_NS,NONE,0.025,0.0
745,32Nvl_L2_NS,32NVL_NS,0.024,0.024
745,32Mt_L1_EW,NONE,0.014,0.0
745,32Mt_L1_EW,32MT_EW,0.007,0.007
745,32Mt_L1_NS,NONE,0.146,0.0
745,NvcMt_L1_NS,NVCMT_NS,0.007,0.007
745,32Thn_L1_EW,NONE,0.01,0.0
745,304Nvl_L3_EW,NONE,0.006,0.0
745,32Nvl_L1_NS,32NVL_NS,0.02,0.02
745,32Mt_L2_EW,32MT_EW,0.005,0.005
745,32Mt_L2_NS,NONE,0.121,0.0
745,NvcMt_L2_NS,NVCMT_NS,0.005,0.005
750,304Nvl_L1_EW,304NVL_EW,0.008,0.008
750,304Nvl_L2_EW,304NVL_EW,0.007,0.007
750,304Nvl_L1_NS,NONE,0.015,0.0
750,32Nvl_L3_NS,NONE,0.007,0.0
750,32Nvl_L1_NS,32NVL_NS,0.007,0.007
750,32Nvl_L3_NS,NONE,0.033,0.0
750,32Nvl_L2_NS,32NVL_NS,0.032,0.032
750,NvcNvl_L1_EW,NVCNVL_EW,0.007,0.007
750,32Mt_L1_NS,NONE,0.02,0.0
750,NvcMt_L1_NS,NVCMT_NS,0.007,0.007
750,304Nvl_L3_EW,NONE,0.006,0.0
750,32Nvl_L2_NS,32NVL_NS,0.007,0.007
750,32Nvl_L1_NS,32NVL_NS,0.027,0.027
750,32Mt_L2_NS,NONE,0.017,0.0
750,NvcMt_L2_NS,NVCMT_NS,0.005,0.005
755,304Nvl_L1_EW,304NVL_EW,0.008,0.008
755,304Nvl_L2_EW,304NVL_EW,0.007,0.007
755,304Nvl_L1_NS,NONE,0.007,0.0
755,32Nvl_L1_NS,32NVL_NS,0.007,0.007
755,32Nvl_L3_NS,NONE,0.033,0.0
755,32Nvl_L2_NS,32NVL_NS,0.032,0.032
755,32Mt_L1_NS,32MT_NS,0.006,0.001
755,32Mt_L1_EW,NONE,0.122,0.0
755,NvcMt_L2_NS,NONE,0.005,0.0
755,NvcMt_L1_NS,NVCMT_NS,0.007,0.002
755,NvcCmt8_L2_EW,NVCCMT8_EW,0.005,0.005
755,304Nvl_L3_EW,NONE,0.006,0.0
755,32Nvl_L2_NS,32NVL_NS,0.007,0.007
755,32Nvl_L1_NS,32NVL_NS,0.027,0.027
755,NvcMt_L1_NS,NONE,0.005,0.0
755,NvcMt_L2_NS,NVCMT_NS,0.005,0.005
755,NvcCmt8_L1_EW,NVCCMT8_EW,0.008,0.008
760,304Nvl_L1_NS,NONE,0.007,0.0
760,32Nvl_L1_NS,32NVL_NS,0.007,0.007
760,32Nvl_L3_NS,NONE,0.033,0.0
760,32Nvl_L2_NS,32NVL_NS,0.032,0.032
760,32Mt_L1_NS,32MT_NS,0.006,0.001
760,32Mt_L1_EW,NONE,0.173,0.0
760,32Mt_L3_EW,NONE,0.106,0.0
760,32Mt_L1_EW,32MT_EW,0.035,0.035
760,NvcMt_L2_NS,NONE,0.005,0.0
760,NvcMt_L1_NS,NVCMT_NS,0.007,0.002
760,NvcCmt8_L2_EW,NONE,0.007,0.0
760,32Nvl_L2_NS,32NVL_NS,0.007,0.007
760,32Nvl_L1_NS,32NVL_NS,0.027,0.027
760,32Mt_L2_EW,NONE,0.09,0.0
760,32Mt_L2_EW,32MT_EW,0.027,0.027
760,NvcMt_L1_NS,NONE,0.005,0.0
760,NvcMt_L2_NS,NVCMT_NS,0.005,0.005
760,NvcCmt8_L1_EW,NONE,0.011,0.0
765,304Nvl_L1_NS,304NVL_NS,0.009,0.004
765,304Nvl_L3_NS,NONE,0.007,0.0
765,304Nvl_L1_EW,304NVL_EW,0.008,0.008
765,304Nvl_L2_EW,304NVL_EW,0.007,0.007
765,304Nvl_L1_NS,NONE,0.007,0.0
765,32Nvl_L1_NS,32NVL_NS,0.007,0.001
765,32Nvl_L3_NS,NONE,0.042,0.0
765,32Nvl_L2_NS,32NVL_NS,0.039,0.034
765,NvcNvl_L3_NS,NONE,0.014,0.0
765,NvcNvl_L2_NS,NONE,0.013,0.0
765,32Mt_L1_EW,NONE,0.166,0.0
765,32Mt_L3_EW,NONE,0.203,0.0
765,32Mt_L1_NS,NONE,0.02,0.0
765,NvcMt_L1_NS,NVCMT_NS,0.007,0.007
765,304Nvl_L2_NS,304NVL_NS,0.008,-0.02
765,304Nvl_L3_EW,NONE,0.006,0.0
765,32Nvl_L2_NS,32NVL_NS,0.007,0.001
765,32Nvl_L1_NS,32NVL_NS,0.034,0.027
765,NvcNvl_L1_NS,NONE,0.017,0.0
765,32Mt_L2_EW,NONE,0.173,0.0
765,32Mt_L2_NS,NONE,0.017,0.0
765,NvcMt_L2_NS,NVCMT_NS,0.005,0.005
770,304Nvl_L1_NS,304NVL_NS,0.009,0.004
770,304Nvl_L3_NS,NONE,0.007,0.0
770,304Nvl_L1_NS,NONE,0.007,0.0
770,32Nvl_L1_NS,32NVL_NS,0.007,0.001
770,32Nvl_L1_EW,32NVL_EW,0.014,0.014
770,32Nvl_L2_EW,32NVL_EW,0.015,0.015
770,32Nvl_L3_NS,NONE,0.042,0.0
770,32Nvl_L2_NS,32NVL_NS,0.039,0.034
770,NvcNvl_L3_NS,NONE,0.007,0.0
770,NvcNvl_L2_NS,NONE,0.013,0.0
770,32Mt_L1_NS,32MT_NS,0.075,0.07
770,32Mt_L1_EW,NONE,0.094,0.0
770,32Mt_L3_EW,NONE,0.071,0.0
770,NvcMt_L1_EW,NVCMT_EW,0.006,0.001
770,NvcMt_L1_NS,NVCMT_NS,0.007,-0.046
770,304Nvl_L2_NS,304NVL_NS,0.008,-0.02
770,32Nvl_L2_NS,32NVL_NS,0.007,0.001
770,32Nvl_L3_EW,NONE,0.013,0.0
770,32Nvl_L1_NS,32NVL_NS,0.034,0.027
770,NvcNvl_L1_NS,NONE,0.017,0.0
770,32Mt_L2_EW,NONE,0.06,0.0
770,NvcMt_L2_EW,NVCMT_EW,0.008,0.008
770,NvcMt_L2_NS,NVCMT_NS,0.005,0.005
770,NvcCmt8_L1_EW,NVCCMT8_EW,0.008,0.003
775,304Nvl_L1_NS,304NVL_NS,0.009,-0.054
775,304Nvl_L3_NS,NONE,0.007,0.0
775,304Nvl_L1_EW,304NVL_EW,0.017,0.017
775,304Nvl_L2_EW,304NVL_EW,0.015,0.015
775,32Nvl_L3_NS,NONE,0.082,0.0
775,32Nvl_L1_NS,32NVL_NS,0.09,0.084
775,32Nvl_L1_EW,32NVL_EW,0.007,-0.017
775,32Nvl_L2_EW,32NVL_EW,0.008,0.008
775,32Nvl_L3_NS,NONE,0.042,0.0
775,32Nvl_L2_NS,32NVL_NS,0.039,0.034
775,32Mt_L1_NS,32MT_NS,0.075,0.07
775,32Mt_L1_EW,NONE,0.043,0.0
775,32Mt_L3_EW,NONE,0.053,0.0
775,32Mt_L1_EW,32MT_EW,0.035,0.03
775,NvcMt_L1_EW,NVCMT_EW,0.006,0.006
775,NvcMt_L1_NS,NVCMT_NS,0.007,-0.046
775,304Nvl_L2_NS,304NVL_NS,0.008,-0.02
775,304Nvl_L3_EW,NONE,0.013,0.0
775,32Nvl_L2_NS,32NVL_NS,0.087,0.081
775,32Nvl_L3_EW,NONE,0.006,0.0
775,32Nvl_L1_NS,32NVL_NS,0.034,0.027
775,32Mt_L2_EW,NONE,0.045,0.0
775,NvcMt_L2_EW,NVCMT_EW,0.008,0.008
775,NvcMt_L2_NS,NVCMT_NS,0.005,0.005
780,304Nvl_L1_NS,304NVL_NS,0.009,-0.068
780,304Nvl_L3_NS,NONE,0.007,0.0
780,304Nvl_L1_NS,NONE,0.007,0.0
780,32Nvl_L3_NS,NONE,0.102,0.0
780,32Nvl_L1_NS,32NVL_NS,0.111,0.104
780,32Nvl_L3_NS,NONE,0.042,0.0
780,32Nvl_L2_NS,32NVL_NS,0.039,0.034
780,NvcNvl_L1_EW,NVCNVL_EW,0.007,0.007
780,32Mt_L1_NS,32MT_NS,0.075,0.047
780,32Mt_L1_EW,32MT_EW,0.063,0.063
780,NvcMt_L1_NS,NVCMT_NS,0.041,-0.012
780,304Nvl_L2_NS,304NVL_NS,0.008,-0.02
780,32Nvl_L2_NS,32NVL_NS,0.107,0.101
780,32Nvl_L1_NS,32NVL_NS,0.04,0.034
780,32Mt_L2_EW,32MT_EW,0.044,0.044
780,NvcMt_L2_NS,NVCMT_NS,0.032,0.032
785,304Nvl_L1_NS,304NVL_NS,0.009,-0.073
785,304Nvl_L3_NS,NONE,0.007,0.0
785,304Nvl_L1_EW,304NVL_EW,0.042,0.042
785,304Nvl_L2_EW,304NVL_EW,0.036,0.036
785,32Nvl_L3_NS,NONE,0.102,0.0
785,32Nvl_L1_NS,32NVL_NS,0.118,0.111
785,32Nvl_L3_NS,NONE,0.042,0.0
785,32Nvl_L2_NS,32NVL_NS,0.039,0.034
785,32Mt_L1_EW,NONE,0.036,0.0
785,32Mt_L3_EW,NONE,0.044,0.0
785,32Mt_L1_EW,32MT_EW,0.07,0.07
785,32Mt_L1_NS,NONE,0.049,0.0
785,NvcMt_L1_NS,NVCMT_NS,0.041,0.041
785,304Nvl_L2_NS,304NVL_NS,0.008,-0.02
785,304Nvl_L3_EW,NONE,0.032,0.0
785,32Nvl_L2_NS,32NVL_NS,0.113,0.108
785,32Nvl_L1_NS,32NVL_NS,0.04,0.034
785,32Mt_L2_EW,NONE,0.038,0.0
785,32Mt_L2_EW,32MT_EW,0.049,0.049
785,32Mt_L2_NS,NONE,0.043,0.0
785,NvcMt_L2_NS,NVCMT_NS,0.032,0.032
790,304Nvl_L1_EW,304NVL_EW,0.051,0.051
790,304Nvl_L2_EW,304NVL_EW,0.036,0.036
790,32Nvl_L3_NS,NONE,0.082,0.0
790,32Nvl_L1_NS,32NVL_NS,0.111,0.111
790,32Nvl_L1_EW,32NVL_EW,0.007,-0.032
790,32Nvl_L3_NS,NONE,0.017,0.0
790,32Nvl_L2_NS,32NVL_NS,0.016,0.016
790,32Mt_L1_EW,NONE,0.014,0.0
790,32Mt_L1_EW,32MT_EW,0.056,0.056
790,32Mt_L1_NS,NONE,0.059,0.0
790,NvcCmt8_L2_EW,NVCCMT8_EW,0.005,0.005
790,304Nvl_L3_EW,NONE,0.032,0.0
790,32Nvl_L2_NS,32NVL_NS,0.107,0.107
790,32Nvl_L1_NS,32NVL_NS,0.02,0.02
790,32Mt_L2_EW,32MT_EW,0.011,0.011
790,32Mt_L2_NS,NONE,0.052,0.0
790,NvcCmt8_L1_EW,NVCCMT8_EW,0.008,0.008
795,304Nvl_L1_NS,304NVL_NS,0.045,0.036
795,304Nvl_L3_NS,NONE,0.037,0.0
795,304Nvl_L1_EW,304NVL_EW,0.051,0.051
795,304Nvl_L2_EW,304NVL_EW,0.036,0.036
795,304Nvl_L1_NS,NONE,0.007,0.0
795,32Nvl_L3_NS,NONE,0.007,0.0
795,32Nvl_L1_NS,32NVL_NS,0.014,-0.018
795,32Nvl_L1_EW,32NVL_EW,0.007,-0.008
795,32Nvl_L2_EW,32NVL_EW,0.008,-0.004
795,32Nvl_L1_EW,32NVL_EW,0.007,-0.008
795,32Nvl_L3_NS,NONE,0.008,0.0
795,32Nvl_L2_NS,32NVL_NS,0.008,-0.019
795,NvcNvl_L3_NS,NONE,0.007,0.0
795,NvcNvl_L2_NS,NONE,0.007,0.0
795,32Mt_L1_EW,NONE,0.094,0.0
795,32Mt_L3_EW,NONE,0.115,0.0
795,32Mt_L1_EW,32MT_EW,0.021,0.016
795,NvcMt_L1_EW,NVCMT_EW,0.032,0.026
795,NvcCmt8_L2_EW,NVCCMT8_EW,0.005,0.005
795,304Nvl_L2_NS,304NVL_NS,0.038,0.032
795,304Nvl_L3_EW,NONE,0.032,0.0
795,32Nvl_L2_NS,32NVL_NS,0.013,-0.013
795,32Nvl_L3_EW,NONE,0.006,0.0
795,32Nvl_L1_NS,32NVL_NS,0.013,-0.018
795,NvcNvl_L1_NS,NONE,0.009,0.0
795,32Mt_L2_EW,NONE,0.098,0.0
795,32Mt_L2_EW,32MT_EW,0.016,0.011
795,NvcMt_L2_EW,NVCMT_EW,0.04,0.036
795,NvcCmt8_L1_EW,NVCCMT8_EW,0.008,-0.015
800,304Nvl_L1_NS,304NVL_NS,0.045,0.036
800,304Nvl_L3_NS,NONE,0.037,0.0
800,304Nvl_L1_NS,NONE,0.007,0.0
800,32Nvl_L1_NS,32NVL_NS,0.014,-0.018
800,32Nvl_L1_EW,32NVL_EW,0.007,-0.056
800,32Nvl_L2_EW,32NVL_EW,0.008,-0.004
800,32Mt_L1_EW,NONE,0.094,0.0
800,32Mt_L3_EW,NONE,0.097,0.0
800,32Mt_L1_EW,32MT_EW,0.091,0.086
800,NvcMt_L2_NS,NONE,0.005,0.0
800,NvcMt_L1_EW,NVCMT_EW,0.032,0.026
800,NvcCmt8_L2_EW,NVCCMT8_EW,0.005,0.005
800,304Nvl_L2_NS,304NVL_NS,0.038,0.038
800,32Nvl_L3_EW,NONE,0.006,0.0
800,32Nvl_L1_NS,32NVL_NS,0.007,-0.025
800,32Mt_L2_EW,NONE,0.09,0.0
800,32Mt_L2_EW,32MT_EW,0.016,0.011
800,NvcMt_L1_NS,NONE,0.005,0.0
800,NvcMt_L2_EW,NVCMT_EW,0.04,0.036
800,NvcCmt8_L1_EW,NVCCMT8_EW,0.008,-0.015
805,304Nvl_L1_NS,304NVL_NS,0.045,0.036
805,304Nvl_L3_NS,NONE,0.037,0.0
805,32Nvl_L3_NS,NONE,0.007,0.0
805,32Nvl_L1_NS,32NVL_NS,0.014,-0.018
805,32Nvl_L1_EW,32NVL_EW,0.007,-0.115
805,32Nvl_L2_EW,32NVL_EW,0.008,-0.023
805,NvcNvl_L1_EW,NONE,0.011,0.0
805,NvcNvl_L2_EW,NONE,0.008,0.0
805,32Mt_L1_NS,32MT_NS,0.006,0.006
805,32Mt_L1_EW,NONE,0.007,0.0
805,32Mt_L3_EW,NONE,0.009,0.0
805,32Mt_L1_EW,32MT_EW,0.174,0.169
805,NvcMt_L1_EW,NVCMT_EW,0.032,0.026
805,NvcCmt8_L2_EW,NVCCMT8_EW,0.005,0.005
805,304Nvl_L2_NS,304NVL_NS,0.038,0.038
805,32Nvl_L2_NS,32NVL_NS,0.007,-0.02
805,32Nvl_L3_EW,NONE,0.006,0.0
805,32Nvl_L1_NS,32NVL_NS,0.007,-0.025
805,32Mt_L2_NS,32MT_NS,0.006,0.006
805,32Mt_L2_EW,NONE,0.008,0.0
805,32Mt_L2_EW,32MT_EW,0.044,0.038
805,NvcMt_L2_EW,NVCMT_EW,0.04,0.036
805,NvcCmt8_L1_EW,NVCCMT8_EW,0.008,-0.015
810,304Nvl_L1_NS,304NVL_NS,0.045,0.04
810,304Nvl_L3_NS,NONE,0.037,0.0
810,304Nvl_L1_EW,304NVL_EW,0.068,0.068
810,304Nvl_L2_EW,304NVL_EW,0.022,0.022
810,32Nvl_L1_NS,32NVL_NS,0.007,-0.025
810,32Nvl_L1_EW,32NVL_EW,0.007,-0.14
810,32Nvl_L2_EW,32NVL_EW,0.008,-0.07
810,32Nvl_L1_EW,32NVL_EW,0.007,-0.14
810,32Nvl_L2_EW,32NVL_EW,0.007,-0.071
810,32Mt_L1_NS,32MT_NS,0.038,0.038
810,32Mt_L1_EW,32MT_EW,0.202,0.197
810,32Mt_L1_NS,NONE,0.02,0.0
810,NvcCmt8_L2_EW,NVCCMT8_EW,0.005,0.005
810,32Thn_L1_EW,32THN_EW,0.008,0.003
810,32Thn_L2_EW,32THN_EW,0.008,0.003
810,32Thn_L3_EW,NONE,0.008,0.0
810,304Nvl_L2_NS,304NVL_NS,0.038,0.038
810,304Nvl_L3_EW,NONE,0.019,0.0
810,32Nvl_L3_EW,NONE,0.006,0.0
810,32Nvl_L3_EW,NONE,0.006,0.0
810,32Nvl_L1_NS,32NVL_NS,0.007,-0.025
810,32Mt_L2_NS,32MT_NS,0.006,0.006
810,32Mt_L2_EW,32MT_EW,0.103,0.098
810,32Mt_L2_NS,NONE,0.009,0.0
810,NvcCmt8_L1_EW,NVCCMT8_EW,0.008,0.008
815,304Nvl_L1_NS,304NVL_NS,0.045,0.045
815,304Nvl_L3_NS,NONE,0.037,0.0
815,304Nvl_L1_EW,304NVL_EW,0.008,0.008
815,304Nvl_L2_EW,304NVL_EW,0.007,0.007
815,32Nvl_L1_EW,32NVL_EW,0.007,-0.091
815,32Nvl_L2_EW,32NVL_EW,0.008,-0.006
815,32Nvl_L1_EW,32NVL_EW,0.007,-0.092
815,32Nvl_L2_EW,32NVL_EW,0.007,-0.006
815,32Nvl_L3_NS,NONE,0.008,0.0
815,32Nvl_L2_NS,32NVL_NS,0.008,-0.019
815,32Mt_L1_NS,32MT_NS,0.006,0.006
815,32Mt_L1_EW,32MT_EW,0.133,0.128
815,32Thn_L1_EW,32THN_EW,0.008,0.003
815,32Thn_L2_EW,32THN_EW,0.008,0.003
815,32Thn_L3_EW,NONE,0.008,0.0
815,304Nvl_L2_NS,304NVL_NS,0.038,0.032
815,304Nvl_L3_EW,NONE,0.006,0.0
815,32Nvl_L3_EW,NONE,0.006,0.0
815,32Nvl_L3_EW,NONE,0.006,0.0
815,32Nvl_L1_NS,32NVL_NS,0.013,-0.018
815,32Mt_L2_NS,32MT_NS,0.006,0.006
815,32Mt_L2_EW,32MT_EW,0.011,0.005
820,304Nvl_L1_NS,304NVL_NS,0.045,0.045
820,304Nvl_L3_NS,NONE,0.037,0.0
820,304Nvl_L1_EW,304NVL_EW,0.017,0.017
820,304Nvl_L2_EW,304NVL_EW,0.007,0.007
820,304Nvl_L1_NS,NONE,0.007,0.0
820,32Nvl_L1_EW,32NVL_EW,0.007,0.001
820,32Nvl_L2_EW,32NVL_EW,0.008,0.002
820,32Nvl_L1_EW,32NVL_EW,0.007,0.001
820,32Nvl_L2_EW,32NVL_EW,0.007,0.002
820,NvcNvl_L1_EW,NVCNVL_EW,0.035,0.035
820,NvcNvl_L2_EW,NVCNVL_EW,0.039,0.039
820,32Mt_L1_NS,32MT_NS,0.006,0.006
820,32Mt_L1_NS,NONE,0.01,0.0
820,32Thn_L1_EW,32THN_EW,0.008,0.003
820,32Thn_L2_EW,32THN_EW,0.008,0.003
820,32Thn_L3_EW,NONE,0.008,0.0
820,304Nvl_L2_NS,304NVL_NS,0.038,0.038
820,304Nvl_L3_EW,NONE,0.006,0.0
820,32Nvl_L3_EW,NONE,0.006,0.0
820,32Nvl_L3_EW,NONE,0.006,0.0
820,NvcCmt8_L1_EW,NONE,0.006,0.0
825,304Nvl_L1_NS,304NVL_NS,0.045,0.04
825,304Nvl_L3_NS,NONE,0.037,0.0
825,304Nvl_L1_EW,304NVL_EW,0.025,0.025
825,304Nvl_L2_EW,304NVL_EW,0.015,0.015
825,304Nvl_L1_NS,NONE,0.007,0.0
825,304Nvl_L3_NS,NONE,0.008,0.0
825,32Nvl_L1_NS,32NVL_NS,0.007,-0.025
825,32Nvl_L1_EW,32NVL_EW,0.007,0.001
825,32Nvl_L2_EW,32NVL_EW,0.008,0.002
825,32Nvl_L1_EW,32NVL_EW,0.007,0.001
825,32Nvl_L2_EW,32NVL_EW,0.007,0.002
825,NvcNvl_L1_EW,NVCNVL_EW,0.07,0.07
825,NvcNvl_L2_EW,NVCNVL_EW,0.078,0.078
825,32Mt_L1_NS,32MT_NS,0.013,0.013
825,32Mt_L1_EW,NONE,0.014,0.0
825,32Mt_L3_EW,NONE,0.009,0.0
825,32Mt_L1_NS,NONE,0.01,0.0
825,NvcCmt8_L2_NS,NONE,0.011,0.0
825,32Thn_L1_EW,32THN_EW,0.008,0.003
825,32Thn_L2_EW,32THN_EW,0.008,0.003
825,NvcCmt8_L1_NS,NONE,0.008,0.0
825,32Thn_L3_EW,NONE,0.008,0.0
825,304Nvl_L2_NS,304NVL_NS,0.038,0.038
825,304Nvl_L3_EW,NONE,0.013,0.0
825,304Nvl_L2_NS,NONE,0.007,0.0
825,32Nvl_L2_NS,32NVL_NS,0.007,-0.02
825,32Nvl_L3_EW,NONE,0.006,0.0
825,32Nvl_L3_EW,NONE,0.006,0.0
825,NvcNvl_L3_EW,NONE,0.093,0.0
825,32Mt_L2_EW,NONE,0.008,0.0
830,304Nvl_L1_NS,304NVL_NS,0.045,0.045
830,304Nvl_L3_NS,NONE,0.037,0.0
830,304Nvl_L1_NS,NONE,0.015,0.0
830,304Nvl_L3_NS,NONE,0.008,0.0
830,32Nvl_L1_EW,32NVL_EW,0.007,0.002
830,32Nvl_L2_EW,32NVL_EW,0.008,0.008
830,32Nvl_L1_EW,32NVL_EW,0.007,0.002
830,32Nvl_L2_EW,32NVL_EW,0.007,0.007
830,32Nvl_L3_NS,NONE,0.008,0.0
830,32Nvl_L2_NS,32NVL_NS,0.008,-0.019
830,NvcNvl_L1_EW,NVCNVL_EW,0.07,0.07
830,NvcNvl_L2_EW,NVCNVL_EW,0.078,0.078
830,32Mt_L1_NS,32MT_NS,0.006,0.006
830,32Mt_L1_EW,NONE,0.007,0.0
830,32Mt_L1_EW,32MT_EW,0.007,0.002
830,32Thn_L1_EW,NONE,0.01,0.0
830,304Nvl_L2_NS,304NVL_NS,0.038,0.032
830,304Nvl_L2_NS,NONE,0.007,0.0
830,32Nvl_L3_EW,NONE,0.006,0.0
830,32Nvl_L3_EW,NONE,0.006,0.0
830,32Nvl_L1_NS,32NVL_NS,0.013,-0.018
830,NvcNvl_L3_EW,NONE,0.093,0.0
835,304Nvl_L1_NS,304NVL_NS,0.045,0.045
835,304Nvl_L3_NS,NONE,0.037,0.0
835,304Nvl_L1_EW,304NVL_EW,0.059,0.059
835,304Nvl_L2_EW,304NVL_EW,0.044,0.044
835,304Nvl_L1_NS,NONE,0.007,0.0
835,32Nvl_L1_EW,32NVL_EW,0.007,0.001
835,32Nvl_L2_EW,32NVL_EW,0.008,0.002
835,32Nvl_L1_EW,32NVL_EW,0.007,0.001
835,32Nvl_L2_EW,32NVL_EW,0.007,0.002
835,32Nvl_L3_NS,NONE,0.017,0.0
835,32Nvl_L2_NS,32NVL_NS,0.016,-0.011
835,NvcNvl_L1_EW,NVCNVL_EW,0.07,0.07
835,NvcNvl_L2_EW,NVCNVL_EW,0.078,0.078
835,NvcMt_L2_NS,NONE,0.032,0.0
835,32Thn_L1_EW,NONE,0.01,0.0
835,32Thn_L1_EW,32THN_EW,0.008,0.003
835,32Thn_L2_EW,32THN_EW,0.008,0.003
835,32Thn_L3_EW,NONE,0.008,0.0
835,304Nvl_L2_NS,304NVL_NS,0.038,0.027
835,304Nvl_L3_EW,NONE,0.038,0.0
835,32Nvl_L3_EW,NONE,0.006,0.0
835,32Nvl_L3_EW,NONE,0.006,0.0
835,32Nvl_L1_NS,32NVL_NS,0.013,-0.018
835,NvcNvl_L3_EW,NONE,0.093,0.0
835,NvcMt_L1_NS,NONE,0.033,0.0
840,304Nvl_L1_NS,304NVL_NS,0.045,0.036
840,304Nvl_L3_NS,NONE,0.037,0.0
840,304Nvl_L1_EW,304NVL_EW,0.11,0.11
840,304Nvl_L2_EW,304NVL_EW,0.094,0.094
840,32Nvl_L1_NS,32NVL_NS,0.014,-0.018
840,32Nvl_L1_EW,32NVL_EW,0.007,0.001
840,32Nvl_L2_EW,32NVL_EW,0.008,0.002
840,32Nvl_L1_EW,32NVL_EW,0.007,0.001
840,32Nvl_L2_EW,32NVL_EW,0.007,0.002
840,NvcNvl_L1_EW,NVCNVL_EW,0.07,0.07
840,NvcNvl_L2_EW,NVCNVL_EW,0.078,0.078
840,NvcMt_L2_NS,NONE,0.005,0.0
840,32Thn_L1_EW,32THN_EW,0.008,0.003
840,32Thn_L2_EW,32THN_EW,0.008,0.003
840,32Thn_L3_EW,NONE,0.008,0.0
840,304Nvl_L2_NS,304NVL_NS,0.038,0.038
840,304Nvl_L3_EW,NONE,0.082,0.0
840,32Nvl_L3_EW,NONE,0.006,0.0
840,32Nvl_L3_EW,NONE,0.006,0.0
840,NvcNvl_L3_EW,NONE,0.093,0.0
840,NvcMt_L1_NS,NONE,0.005,0.0
845,304Thn_L1_EW,304THN_EW,0.008,-0.069
845,304Thn_L3_EW,NONE,0.008,0.0
845,304Nvl_L1_NS,304NVL_NS,0.045,0.031
845,304Nvl_L3_NS,NONE,0.037,0.0
845,304Nvl_L1_EW,304NVL_EW,0.11,0.104
845,304Nvl_L2_EW,304NVL_EW,0.087,0.082
845,304Nvl_L1_NS,NONE,0.036,0.0
845,32Nvl_L3_NS,NONE,0.007,0.0
845,32Nvl_L1_NS,32NVL_NS,0.021,-0.011
845,32Nvl_L1_EW,32NVL_EW,0.007,0.001
845,32Nvl_L2_EW,32NVL_EW,0.008,0.002
845,32Nvl_L1_EW,32NVL_EW,0.007,0.001
845,32Nvl_L2_EW,32NVL_EW,0.007,0.002
845,32Mt_L1_EW,NONE,0.007,0.0
845,32Thn_L1_EW,NONE,0.01,0.0
845,32Thn_L2_EW,NONE,0.01,0.0
845,32Thn_L1_EW,32THN_EW,0.008,0.003
845,32Thn_L2_EW,32THN_EW,0.008,0.003
845,32Thn_L3_EW,NONE,0.007,0.0
845,32Thn_L3_EW,NONE,0.008,0.0
845,304Nvl_L2_NS,304NVL_NS,0.038,0.038
845,304Nvl_L3_EW,NONE,0.076,0.0
845,32Nvl_L2_NS,32NVL_NS,0.007,-0.02
845,32Nvl_L3_EW,NONE,0.006,0.0
845,32Nvl_L3_EW,NONE,0.006,0.0
845,32Mt_L2_EW,NONE,0.008,0.0
845,304Thn_L2_EW,304THN_EW,0.007,-0.054
850,304Nvl_L1_NS,304NVL_NS,0.045,0.045
850,304Nvl_L3_NS,NONE,0.037,0.0
850,304Nvl_L1_EW,304NVL_EW,0.008,0.008
850,304Nvl_L2_EW,304NVL_EW,0.007,0.007
850,32Nvl_L1_EW,32NVL_EW,0.007,0.001
850,32Nvl_L2_EW,32NVL_EW,0.008,0.008
850,32Nvl_L1_EW,32NVL_EW,0.007,0.001
850,32Nvl_L2_EW,32NVL_EW,0.007,0.007
850,32Mt_L1_EW,NONE,0.007,0.0
850,32Mt_L3_EW,NONE,0.009,0.0
850,NvcMt_L1_EW,NVCMT_EW,0.006,0.006
850,32Thn_L1_EW,NONE,0.01,0.0
850,32Thn_L1_EW,32THN_EW,0.008,0.003
850,304Nvl_L2_NS,304NVL_NS,0.038,0.038
850,304Nvl_L3_EW,NONE,0.006,0.0
850,32Nvl_L3_EW,NONE,0.006,0.0
850,32Nvl_L3_EW,NONE,0.006,0.0
850,32Mt_L2_EW,NONE,0.008,0.0
850,NvcMt_L2_EW,NVCMT_EW,0.008,0.008
855,304Thn_L1_EW,NONE,0.007,0.0
855,304Nvl_L1_NS,304NVL_NS,0.045,0.04
855,304Nvl_L3_NS,NONE,0.037,0.0
855,32Nvl_L3_NS,NONE,0.007,0.0
855,32Nvl_L1_NS,32NVL_NS,0.007,-0.025
855,32Nvl_L1_EW,32NVL_EW,0.014,0.009
855,32Nvl_L2_EW,32NVL_EW,0.015,0.015
855,32Nvl_L1_EW,32NVL_EW,0.007,0.002
855,32Nvl_L2_EW,32NVL_EW,0.007,0.007
855,32Mt_L1_EW,32MT_EW,0.007,-0.003
855,32Thn_L1_EW,NONE,0.01,0.0
855,304Nvl_L2_NS,304NVL_NS,0.038,0.038
855,32Nvl_L2_NS,32NVL_NS,0.007,-0.02
855,32Nvl_L3_EW,NONE,0.006,0.0
855,32Nvl_L3_EW,NONE,0.013,0.0
855,32Nvl_L1_NS,32NVL_NS,0.007,-0.025
860,304Nvl_L1_NS,304NVL_NS,0.045,0.036
860,304Nvl_L3_NS,NONE,0.037,0.0
860,304Nvl_L1_EW,304NVL_EW,0.017,0.017
860,304Nvl_L2_EW,304NVL_EW,0.007,0.007
860,304Nvl_L1_NS,NONE,0.088,0.0
860,32Nvl_L3_NS,NONE,0.007,0.0
860,32Nvl_L1_NS,32NVL_NS,0.014,-0.018
860,32Nvl_L1_EW,32NVL_EW,0.014,0.009
860,32Nvl_L2_EW,32NVL_EW,0.015,0.012
860,32Nvl_L1_EW,32NVL_EW,0.007,0.002
860,32Nvl_L2_EW,32NVL_EW,0.007,0.004
860,32Mt_L1_NS,32MT_NS,0.006,0.006
860,32Mt_L1_EW,32MT_EW,0.007,-0.003
860,32Mt_L1_NS,NONE,0.01,0.0
860,NvcMt_L2_NS,NONE,0.005,0.0
860,304Nvl_L2_NS,304NVL_NS,0.038,0.038
860,304Nvl_L3_EW,NONE,0.006,0.0
860,32Nvl_L2_NS,32NVL_NS,0.013,-0.013
860,32Nvl_L3_EW,NONE,0.006,0.0
860,32Nvl_L3_EW,NONE,0.013,0.0
860,32Mt_L2_NS,32MT_NS,0.006,0.006
860,32Mt_L2_EW,32MT_EW,0.005,-0.005
860,32Mt_L2_NS,NONE,0.009,0.0
860,NvcMt_L1_NS,NONE,0.005,0.0
865,304Nvl_L1_NS,304NVL_NS,0.045,0.045
865,304Nvl_L3_NS,NONE,0.037,0.0
865,304Nvl_L1_NS,NONE,0.095,0.0
865,304Nvl_L3_NS,NONE,0.008,0.0
865,32Nvl_L1_EW,32NVL_EW,0.021,-0.013
865,32Nvl_L2_EW,32NVL_EW,0.023,-0.003
865,32Nvl_L1_EW,32NVL_EW,0.007,-0.027
865,32Nvl_L2_EW,32NVL_EW,0.007,-0.019
865,32Mt_L1_NS,32MT_NS,0.013,0.013
865,32Mt_L1_EW,32MT_EW,0.049,0.034
865,NvcMt_L2_EW,NVCMT_EW,0.003,0.003
865,304Nvl_L2_NS,304NVL_NS,0.038,0.038
865,304Nvl_L2_NS,NONE,0.007,0.0
865,32Nvl_L3_EW,NONE,0.006,0.0
865,32Nvl_L3_EW,NONE,0.019,0.0
865,32Nvl_L1_NS,32NVL_NS,0.007,-0.025
865,32Mt_L2_NS,32MT_NS,0.006,0.006
865,32Mt_L2_EW,32MT_EW,0.038,0.022
865,NvcMt_L1_EW,NVCMT_EW,0.006,0.006
870,304Nvl_L1_NS,304NVL_NS,0.045,0.04
870,304Nvl_L3_NS,NONE,0.037,0.0
870,304Nvl_L1_EW,304NVL_EW,0.008,0.008
870,304Nvl_L1_NS,NONE,0.022,0.0
870,304Nvl_L3_NS,NONE,0.016,0.0
870,32Nvl_L3_NS,NONE,0.007,0.0
870,32Nvl_L1_NS,32NVL_NS,0.007,-0.025
870,32Nvl_L1_EW,32NVL_EW,0.021,0.011
870,32Nvl_L2_EW,32NVL_EW,0.023,0.016
870,32Nvl_L1_EW,32NVL_EW,0.007,-0.003
870,32Nvl_L2_EW,32NVL_EW,0.007,0.0
870,32Mt_L1_NS,32MT_NS,0.013,0.013
870,32Mt_L1_EW,32MT_EW,0.014,-0.001
870,304Nvl_L2_NS,304NVL_NS,0.038,0.038
870,304Nvl_L2_NS,NONE,0.022,0.0
870,32Nvl_L2_NS,32NVL_NS,0.007,-0.02
870,32Nvl_L3_EW,NONE,0.006,0.0
870,32Nvl_L3_EW,NONE,0.019,0.0
870,32Nvl_L1_NS,32NVL_NS,0.007,-0.025
870,32Mt_L2_NS,32MT_NS,0.006,0.006
870,32Mt_L2_EW,32MT_EW,0.011,-0.005
875,304Nvl_L1_NS,304NVL_NS,0.045,0.021
875,304Nvl_L3_NS,NONE,0.037,0.0
875,32Nvl_L3_NS,NONE,0.034,0.0
875,32Nvl_L1_NS,32NVL_NS,0.035,0.003
875,32Nvl_L1_EW,32NVL_EW,0.014,0.014
875,32Nvl_L2_EW,32NVL_EW,0.015,0.015
875,32Nvl_L1_EW,32NVL_EW,0.013,0.013
875,32Nvl_L2_EW,32NVL_EW,0.007,0.007
875,32Nvl_L3_NS,NONE,0.017,0.0
875,32Nvl_L2_NS,32NVL_NS,0.016,-0.011
875,32Mt_L1_NS,32MT_NS,0.006,0.006
875,32Mt_L1_EW,NONE,0.036,0.0
875,32Mt_L1_NS,NONE,0.01,0.0
875,304Nvl_L2_NS,304NVL_NS,0.038,0.027
875,32Nvl_L2_NS,32NVL_NS,0.033,0.007
875,32Nvl_L3_EW,NONE,0.006,0.0
875,32Nvl_L3_EW,NONE,0.013,0.0
875,32Nvl_L1_NS,32NVL_NS,0.013,-0.018
875,32Mt_L2_NS,32MT_NS,0.006,0.006
880,304Nvl_L1_NS,304NVL_NS,0.054,0.054
880,304Nvl_L3_NS,NONE,0.037,0.0
880,304Nvl_L1_EW,304NVL_EW,0.008,0.008
880,32Nvl_L1_EW,32NVL_EW,0.042,0.042
880,32Nvl_L2_EW,32NVL_EW,0.046,0.046
880,32Nvl_L1_EW,32NVL_EW,0.013,0.013
880,32Nvl_L2_EW,32NVL_EW,0.007,0.007
880,32Nvl_L3_NS,NONE,0.008,0.0
880,32Nvl_L2_NS,32NVL_NS,0.008,-0.019
880,NvcNvl_L3_NS,NONE,0.081,0.0
880,NvcNvl_L2_NS,NONE,0.079,0.0
880,32Mt_L1_NS,32MT_NS,0.006,0.006
880,32Mt_L1_EW,NONE,0.007,0.0
880,304Nvl_L2_NS,304NVL_NS,0.038,0.032
880,32Nvl_L3_EW,NONE,0.006,0.0
880,32Nvl_L3_EW,NONE,0.038,0.0
880,32Nvl_L1_NS,32NVL_NS,0.007,-0.031
880,NvcNvl_L1_NS,NONE,0.105,0.0
885,304Nvl_L1_NS,304NVL_NS,0.054,0.054
885,304Nvl_L3_NS,NONE,0.037,0.0
885,304Nvl_L1_EW,304NVL_EW,0.008,0.008
885,304Nvl_L2_EW,304NVL_EW,0.007,0.007
885,32Nvl_L1_EW,32NVL_EW,0.007,0.007
885,32Nvl_L2_EW,32NVL_EW,0.008,0.008
885,32Nvl_L1_EW,32NVL_EW,0.013,0.013
885,32Nvl_L2_EW,32NVL_EW,0.007,0.007
885,32Nvl_L3_NS,NONE,0.008,0.0
885,32Nvl_L2_NS,32NVL_NS,0.008,-0.019
885,NvcNvl_L3_NS,NONE,0.081,0.0
885,NvcNvl_L2_NS,NONE,0.079,0.0
885,32Mt_L1_NS,32MT_NS,0.006,0.006
885,32Mt_L1_EW,NONE,0.007,0.0
885,NvcCmt8_L2_NS,NONE,0.011,0.0
885,NvcCmt8_L1_NS,NONE,0.008,0.0
885,304Nvl_L2_NS,304NVL_NS,0.038,0.032
885,304Nvl_L3_EW,NONE,0.006,0.0
885,32Nvl_L3_EW,NONE,0.006,0.0
885,32Nvl_L3_EW,NONE,0.006,0.0
885,32Nvl_L1_NS,32NVL_NS,0.04,0.002
885,NvcNvl_L1_NS,NONE,0.105,0.0
890,304Nvl_L1_NS,304NVL_NS,0.054,0.049
890,304Nvl_L3_NS,NONE,0.037,0.0
890,32Nvl_L1_NS,32NVL_NS,0.007,-0.031
890,32Nvl_L3_NS,NONE,0.017,0.0
890,32Nvl_L2_NS,32NVL_NS,0.016,-0.011
890,32Mt_L1_NS,32MT_NS,0.006,0.006
890,NvcCmt8_L2_NS,NONE,0.011,0.0
890,NvcCmt8_L1_NS,NONE,0.008,0.0
890,304Nvl_L2_NS,304NVL_NS,0.038,0.027
890,32Nvl_L1_NS,32NVL_NS,0.013,-0.025
895,304Nvl_L1_NS,304NVL_NS,0.045,0.04
895,304Nvl_L3_NS,NONE,0.037,0.0
895,304Nvl_L1_NS,NONE,0.007,0.0
895,32Nvl_L1_NS,32NVL_NS,0.007,-0.025
895,32Nvl_L1_EW,32NVL_EW,0.007,0.007
895,32Nvl_L2_EW,32NVL_EW,0.007,0.007
895,32Nvl_L3_NS,NONE,0.017,0.0
895,32Nvl_L2_NS,32NVL_NS,0.016,-0.011
895,NvcMt_L1_EW,NVCMT_EW,0.006,0.006
895,304Nvl_L2_NS,304NVL_NS,0.038,0.027
895,32Nvl_L3_EW,NONE,0.006,0.0
895,32Nvl_L1_NS,32NVL_NS,0.02,-0.012
895,NvcMt_L2_EW,NVCMT_EW,0.008,0.008
900,32Nvl_L3_NS,NONE,0.017,0.0
900,32Nvl_L2_NS,32NVL_NS,0.016,0.016
900,NvcNvl_L1_EW,NONE,0.011,0.0
900,NvcNvl_L2_EW,NONE,0.008,0.0
900,32Nvl_L1_NS,32NVL_NS,0.02,0.02
900,NvcNvl_L3_EW,NONE,0.006,0.0
905,304Nvl_L1_EW,304NVL_EW,0.017,0.017
905,304Nvl_L2_EW,304NVL_EW,0.015,0.015
905,32Nvl_L3_NS,NONE,0.008,0.0
905,32Nvl_L2_NS,32NVL_NS,0.008,0.008
905,32Mt_L1_EW,32MT_EW,0.084,0.084
905,32Mt_L1_NS,NONE,0.01,0.0
905,304Nvl_L3_EW,NONE,0.006,0.0
905,32Nvl_L1_NS,32NVL_NS,0.013,0.013
905,32Mt_L2_EW,32MT_EW,0.065,0.065
905,32Mt_L2_NS,NONE,0.009,0.0
910,304Nvl_L1_EW,304NVL_EW,0.034,0.034
910,304Nvl_L2_EW,304NVL_EW,0.029,0.029
910,304Nvl_L1_EW,NONE,0.008,0.0
910,304Nvl_L1_NS,NONE,0.036,0.0
910,304Nvl_L2_EW,NONE,0.009,0.0
910,32Nvl_L1_EW,32NVL_EW,0.007,-0.052
910,32Nvl_L2_EW,32NVL_EW,0.007,-0.038
910,32Nvl_L3_NS,NONE,0.008,0.0
910,32Nvl_L2_NS,32NVL_NS,0.008,0.008
910,NvcNvl_L3_NS,NONE,0.088,0.0
910,NvcNvl_L2_NS,NONE,0.086,0.0
910,32Mt_L1_EW,32MT_EW,0.084,0.084
910,32Mt_L1_NS,NONE,0.049,0.0
910,304Nvl_L3_EW,NONE,0.025,0.0
910,304Nvl_L3_EW,NONE,0.008,0.0
910,32Nvl_L3_EW,NONE,0.006,0.0
910,32Nvl_L1_NS,32NVL_NS,0.007,0.007
910,NvcNvl_L1_NS,NONE,0.114,0.0
910,32Mt_L2_EW,32MT_EW,0.065,0.065
910,32Mt_L2_NS,NONE,0.043,0.0
915,304Nvl_L1_EW,304NVL_EW,0.042,0.042
915,304Nvl_L2_EW,304NVL_EW,0.036,0.036
915,304Nvl_L1_NS,NONE,0.036,0.0
915,32Nvl_L3_NS,NONE,0.082,0.0
915,32Nvl_L1_NS,32NVL_NS,0.083,0.083
915,32Nvl_L1_EW,32NVL_EW,0.007,-0.067
915,32Nvl_L2_EW,32NVL_EW,0.007,-0.046
915,NvcNvl_L3_NS,NONE,0.115,0.0
915,NvcNvl_L2_NS,NONE,0.112,0.0
915,32Mt_L1_EW,32MT_EW,0.105,0.105
915,32Mt_L1_NS,NONE,0.068,0.0
915,NvcMt_L2_NS,NONE,0.026,0.0
915,304Nvl_L3_EW,NONE,0.032,0.0
915,32Nvl_L2_NS,32NVL_NS,0.08,0.08
915,32Nvl_L3_EW,NONE,0.006,0.0
915,NvcNvl_L1_NS,NONE,0.149,0.0
915,32Mt_L2_EW,32MT_EW,0.076,0.076
915,32Mt_L2_NS,NONE,0.061,0.0
915,NvcMt_L1_NS,NONE,0.027,0.0
920,304Nvl_L1_EW,304NVL_EW,0.034,0.034
920,304Nvl_L2_EW,304NVL_EW,0.022,0.022
920,32Nvl_L3_NS,NONE,0.089,0.0
920,32Nvl_L1_NS,32NVL_NS,0.09,0.09
920,32Nvl_L1_EW,32NVL_EW,0.007,-0.066
920,32Nvl_L2_EW,32NVL_EW,0.008,-0.046
920,32Nvl_L1_EW,32NVL_EW,0.007,-0.067
920,32Nvl_L2_EW,32NVL_EW,0.007,-0.046
920,NvcNvl_L3_NS,NONE,0.041,0.0
920,NvcNvl_L2_NS,NONE,0.04,0.0
920,NvcNvl_L1_EW,NONE,0.011,0.0
920,NvcNvl_L2_EW,NONE,0.008,0.0
920,32Mt_L1_NS,32MT_NS,0.031,0.031
920,32Mt_L1_EW,NONE,0.014,0.0
920,32Mt_L3_EW,NONE,0.018,0.0
920,32Mt_L1_EW,32MT_EW,0.105,0.1
920,32Mt_L1_NS,NONE,0.01,0.0
920,304Nvl_L3_EW,NONE,0.019,0.0
920,32Nvl_L2_NS,32NVL_NS,0.087,0.087
920,32Nvl_L3_EW,NONE,0.006,0.0
920,32Nvl_L3_EW,NONE,0.006,0.0
920,NvcNvl_L1_NS,NONE,0.052,0.0
920,32Mt_L2_EW,NONE,0.015,0.0
920,32Mt_L2_EW,32MT_EW,0.076,0.071
920,32Mt_L2_NS,NONE,0.009,0.0
925,304Nvl_L1_EW,304NVL_EW,0.042,0.042
925,304Nvl_L2_EW,304NVL_EW,0.029,0.029
925,304Nvl_L1_NS,NONE,0.007,0.0
925,304Nvl_L3_NS,NONE,0.008,0.0
925,32Nvl_L1_NS,32NVL_NS,0.083,0.083
925,32Nvl_L1_EW,32NVL_EW,0.007,-0.066
925,32Nvl_L2_EW,32NVL_EW,0.008,-0.049
925,32Nvl_L1_EW,32NVL_EW,0.007,-0.067
925,32Nvl_L2_EW,32NVL_EW,0.007,-0.05
925,NvcNvl_L3_NS,NONE,0.02,0.0
925,NvcNvl_L2_NS,NONE,0.02,0.0
925,NvcNvl_L1_EW,NONE,0.128,0.0
925,NvcNvl_L2_EW,NONE,0.092,0.0
925,32Mt_L1_NS,32MT_NS,0.031,0.031
925,32Mt_L1_EW,NONE,0.014,0.0
925,32Mt_L1_EW,32MT_EW,0.105,0.1
925,NvcMt_L2_NS,NONE,0.005,0.0
925,32Thn_L1_EW,NONE,0.01,0.0
925,32Thn_L2_EW,NONE,0.01,0.0
925,32Thn_L3_EW,NONE,0.007,0.0
925,304Nvl_L3_EW,NONE,0.025,0.0
925,304Nvl_L2_NS,NONE,0.007,0.0
925,32Nvl_L2_NS,32NVL_NS,0.08,0.08
925,32Nvl_L3_EW,NONE,0.006,0.0
925,32Nvl_L3_EW,NONE,0.006,0.0
925,32Nvl_L1_NS,32NVL_NS,0.007,0.007
925,NvcNvl_L1_NS,NONE,0.026,0.0
925,32Mt_L2_EW,32MT_EW,0.082,0.076
925,NvcMt_L1_NS,NONE,0.005,0.0
930,304Nvl_L1_NS,304NVL_NS,0.009,0.009
930,304Nvl_L1_EW,304NVL_EW,0.042,0.042
930,304Nvl_L2_EW,304NVL_EW,0.036,0.036
930,32Nvl_L1_EW,32NVL_EW,0.007,-0.008
930,32Nvl_L2_EW,32NVL_EW,0.008,0.0
930,32Nvl_L1_EW,32NVL_EW,0.007,-0.009
930,32Nvl_L2_EW,32NVL_EW,0.007,0.0
930,NvcNvl_L3_NS,NONE,0.014,0.0
930,NvcNvl_L2_NS,NONE,0.013,0.0
930,NvcNvl_L1_EW,NONE,0.128,0.0
930,NvcNvl_L2_EW,NONE,0.092,0.0
930,NvcNvl_L1_EW,NVCNVL_EW,0.056,0.056
930,NvcNvl_L2_EW,NVCNVL_EW,0.023,0.022
930,32Mt_L1_EW,NONE,0.014,0.0
930,32Mt_L3_EW,NONE,0.009,0.0
930,32Mt_L1_EW,32MT_EW,0.014,0.009
930,NvcMt_L2_EW,NVCMT_EW,0.003,-0.014
930,NvcCmt8_L2_EW,NONE,0.007,0.0
930,32Thn_L1_EW,32THN_EW,0.008,0.003
930,304Nvl_L3_EW,NONE,0.032,0.0
930,32Nvl_L3_EW,NONE,0.006,0.0
930,32Nvl_L3_EW,NONE,0.006,0.0
930,32Nvl_L1_NS,32NVL_NS,0.007,0.0
930,NvcNvl_L1_NS,NONE,0.017,0.0
930,NvcNvl_L3_EW,NONE,0.028,0.0
930,32Mt_L2_EW,NONE,0.008,0.0
930,32Mt_L2_EW,32MT_EW,0.011,0.005
930,NvcMt_L1_EW,NVCMT_EW,0.006,-0.034
930,NvcCmt8_L1_EW,NONE,0.006,0.0
935,304Thn_L1_EW,304THN_EW,0.008,-0.033
935,304Thn_L3_EW,NONE,0.008,0.0
935,304Nvl_L1_EW,304NVL_EW,0.059,0.053
935,304Nvl_L2_EW,304NVL_EW,0.044,0.038
935,32Nvl_L1_EW,32NVL_EW,0.007,0.007
935,32Nvl_L2_EW,32NVL_EW,0.008,0.008
935,32Nvl_L1_EW,32NVL_EW,0.007,0.007
935,32Nvl_L2_EW,32NVL_EW,0.007,0.007
935,NvcNvl_L3_NS,NONE,0.007,0.0
935,NvcNvl_L2_NS,NONE,0.007,0.0
935,NvcNvl_L1_EW,NONE,0.011,0.0
935,NvcNvl_L1_EW,NVCNVL_EW,0.007,0.007
935,NvcNvl_L2_EW,NVCNVL_EW,0.008,0.006
935,32Mt_L1_NS,32MT_NS,0.006,0.006
935,32Mt_L1_NS,NONE,0.01,0.0
935,NvcMt_L2_EW,NVCMT_EW,0.003,-0.003
935,32Thn_L1_EW,NONE,0.019,0.0
935,32Thn_L2_EW,NONE,0.02,0.0
935,32Thn_L3_EW,NONE,0.014,0.0
935,304Nvl_L3_EW,NONE,0.038,0.0
935,32Nvl_L3_EW,NONE,0.006,0.0
935,32Nvl_L3_EW,NONE,0.006,0.0
935,32Nvl_L1_NS,32NVL_NS,0.007,0.007
935,NvcNvl_L1_NS,NONE,0.009,0.0
935,NvcNvl_L3_EW,NONE,0.009,0.0
935,NvcMt_L1_EW,NVCMT_EW,0.006,-0.005
935,NvcCmt8_L1_EW,NVCCMT8_EW,0.008,0.008
935,304Thn_L2_EW,304THN_EW,0.007,-0.023
940,304Thn_L1_EW,304THN_EW,0.008,-0.039
940,304Thn_L3_EW,NONE,0.008,0.0
940,304Nvl_L1_EW,304NVL_EW,0.068,0.062
940,304Nvl_L2_EW,304NVL_EW,0.051,0.046
940,32Nvl_L1_EW,32NVL_EW,0.007,0.001
940,32Nvl_L2_EW,32NVL_EW,0.008,0.008
940,32Nvl_L1_EW,32NVL_EW,0.007,0.001
940,32Nvl_L2_EW,32NVL_EW,0.007,0.007
940,NvcNvl_L1_EW,NONE,0.032,0.0
940,NvcNvl_L2_EW,NONE,0.023,0.0
940,NvcNvl_L1_NS,NVCNVL_NS,0.007,0.007
940,32Mt_L1_NS,NONE,0.02,0.0
940,NvcMt_L2_EW,NVCMT_EW,0.003,0.003
940,32Thn_L1_EW,NONE,0.01,0.0
940,32Thn_L2_EW,NONE,0.01,0.0
940,32Thn_L1_EW,32THN_EW,0.008,0.003
940,32Thn_L3_EW,NONE,0.007,0.0
940,304Nvl_L3_EW,NONE,0.044,0.0
940,32Nvl_L3_EW,NONE,0.006,0.0
940,32Nvl_L3_EW,NONE,0.006,0.0
940,NvcNvl_L3_EW,NONE,0.006,0.0
940,NvcMt_L1_EW,NVCMT_EW,0.006,0.006
940,304Thn_L2_EW,304THN_EW,0.007,-0.028
945,304Thn_L1_EW,304THN_EW,0.008,-0.027
945,304Thn_L3_EW,NONE,0.008,0.0
945,304Nvl_L1_EW,304NVL_EW,0.051,0.045
945,304Nvl_L2_EW,304NVL_EW,0.044,0.038
945,32Nvl_L3_NS,NONE,0.034,0.0
945,32Nvl_L1_NS,32NVL_NS,0.035,0.03
945,32Nvl_L1_EW,32NVL_EW,0.014,0.003
945,32Nvl_L2_EW,32NVL_EW,0.015,0.015
945,32Nvl_L1_EW,32NVL_EW,0.007,-0.004
945,32Nvl_L2_EW,32NVL_EW,0.007,0.007
945,NvcNvl_L1_EW,NVCNVL_EW,0.007,0.007
945,NvcNvl_L1_NS,NVCNVL_NS,0.007,-0.018
945,32Mt_L1_NS,32MT_NS,0.006,0.006
945,32Mt_L1_EW,NONE,0.108,0.0
945,32Mt_L3_EW,NONE,0.027,0.0
945,32Mt_L1_NS,NONE,0.049,0.0
945,NvcMt_L2_NS,NONE,0.005,0.0
945,NvcMt_L2_EW,NVCMT_EW,0.003,0.003
945,32Thn_L1_EW,32THN_EW,0.016,0.006
945,304Nvl_L3_EW,NONE,0.032,0.0
945,32Nvl_L2_NS,32NVL_NS,0.033,0.033
945,32Nvl_L3_EW,NONE,0.006,0.0
945,32Nvl_L3_EW,NONE,0.013,0.0
945,32Mt_L2_EW,NONE,0.023,0.0
945,32Mt_L2_NS,NONE,0.043,0.0
945,NvcMt_L1_NS,NONE,0.005,0.0
945,NvcMt_L1_EW,NVCMT_EW,0.006,0.001
945,304Thn_L2_EW,304THN_EW,0.007,-0.023
950,304Nvl_L1_EW,304NVL_EW,0.034,0.034
950,304Nvl_L2_EW,304NVL_EW,0.029,0.029
950,32Nvl_L1_EW,32NVL_EW,0.092,0.068
950,32Nvl_L2_EW,32NVL_EW,0.1,0.1
950,32Nvl_L1_EW,32NVL_EW,0.007,-0.018
950,32Nvl_L2_EW,32NVL_EW,0.007,0.007
950,NvcNvl_L1_EW,NVCNVL_EW,0.007,0.007
950,NvcNvl_L2_EW,NVCNVL_EW,0.008,0.008
950,32Mt_L1_NS,32MT_NS,0.006,0.006
950,32Mt_L1_EW,NONE,0.014,0.0
950,32Mt_L3_EW,NONE,0.009,0.0
950,32Mt_L1_EW,32MT_EW,0.035,-0.03
950,NvcMt_L2_NS,NONE,0.011,0.0
950,304Nvl_L3_EW,NONE,0.025,0.0
950,32Nvl_L3_EW,NONE,0.006,0.0
950,32Nvl_L3_EW,NONE,0.081,0.0
950,NvcNvl_L3_EW,NONE,0.009,0.0
950,32Mt_L2_EW,NONE,0.015,0.0
950,NvcMt_L1_NS,NONE,0.011,0.0
955,304Nvl_L1_EW,304NVL_EW,0.042,0.042
955,304Nvl_L2_EW,304NVL_EW,0.036,0.036
955,32Nvl_L1_EW,32NVL_EW,0.134,0.1
955,32Nvl_L2_EW,32NVL_EW,0.147,0.124
955,NvcNvl_L3_NS,NONE,0.007,0.0
955,NvcNvl_L2_NS,NONE,0.007,0.0
955,NvcNvl_L1_EW,NVCNVL_EW,0.007,0.007
955,NvcNvl_L2_EW,NVCNVL_EW,0.008,0.008
955,32Mt_L1_EW,32MT_EW,0.049,-0.045
955,32Mt_L1_NS,NONE,0.01,0.0
955,NvcCmt8_L2_EW,NVCCMT8_EW,0.005,0.005
955,304Nvl_L3_EW,NONE,0.032,0.0
955,32Nvl_L3_EW,NONE,0.119,0.0
955,32Nvl_L1_NS,32NVL_NS,0.04,0.04
955,NvcNvl_L1_NS,NONE,0.009,0.0
955,NvcNvl_L3_EW,NONE,0.009,0.0
955,32Mt_L2_EW,32MT_EW,0.033,-0.07
955,NvcMt_L1_EW,NVCMT_EW,0.006,-0.005
955,NvcCmt8_L1_EW,NVCCMT8_EW,0.008,0.008
960,304Nvl_L1_EW,304NVL_EW,0.042,0.042
960,304Nvl_L2_EW,304NVL_EW,0.029,0.029
960,32Nvl_L1_EW,32NVL_EW,0.042,0.042
960,32Nvl_L2_EW,32NVL_EW,0.046,0.046
960,NvcNvl_L1_EW,NONE,0.011,0.0
960,NvcNvl_L2_EW,NONE,0.008,0.0
960,32Mt_L1_NS,NONE,0.01,0.0
960,304Nvl_L3_EW,NONE,0.025,0.0
960,32Nvl_L3_EW,NONE,0.038,0.0
960,32Nvl_L1_NS,32NVL_NS,0.04,0.04
960,NvcNvl_L3_EW,NONE,0.006,0.0
960,NvcCmt8_L1_EW,NONE,0.006,0.0
965,304Nvl_L1_EW,304NVL_EW,0.051,0.051
965,304Nvl_L2_EW,304NVL_EW,0.015,0.015
965,32Nvl_L1_EW,32NVL_EW,0.081,0.081
965,NvcNvl_L1_EW,NVCNVL_EW,0.007,0.007
965,32Mt_L1_NS,NONE,0.068,0.0
965,304Nvl_L3_EW,NONE,0.013,0.0
965,32Nvl_L1_NS,32NVL_NS,0.04,0.04
965,32Mt_L2_NS,NONE,0.061,0.0
970,304Nvl_L1_EW,304NVL_EW,0.025,0.025
970,304Nvl_L2_EW,304NVL_EW,0.015,0.015
970,304Nvl_L1_NS,NONE,0.015,0.0
970,32Nvl_L1_EW,32NVL_EW,0.081,0.076
970,32Mt_L1_EW,NONE,0.043,0.0
970,32Mt_L3_EW,NONE,0.009,0.0
970,32Mt_L1_EW,32MT_EW,0.007,0.007
970,304Nvl_L3_EW,NONE,0.013,0.0
970,32Nvl_L1_NS,32NVL_NS,0.013,0.013
970,32Mt_L2_EW,NONE,0.008,0.0
970,32Mt_L2_EW,32MT_EW,0.005,0.005
975,304Nvl_L1_NS,304NVL_NS,0.009,0.009
975,304Nvl_L1_EW,304NVL_EW,0.008,0.008
975,304Nvl_L1_NS,NONE,0.007,0.0
975,NvcNvl_L3_NS,NONE,0.088,0.0
975,NvcNvl_L2_NS,NONE,0.086,0.0
975,32Mt_L1_NS,32MT_NS,0.006,0.006
975,32Mt_L1_NS,NONE,0.01,0.0
975,32Thn_L1_EW,32THN_EW,0.008,0.008
975,32Thn_L2_EW,32THN_EW,0.008,0.008
975,32Thn_L3_EW,NONE,0.008,0.0
975,32Nvl_L1_NS,32NVL_NS,0.007,0.0
975,NvcNvl_L1_NS,NONE,0.114,0.0
980,304Nvl_L1_NS,304NVL_NS,0.009,0.009
980,304Nvl_L1_EW,304NVL_EW,0.017,0.017
980,304Nvl_L1_NS,NONE,0.007,0.0
980,32Nvl_L3_NS,NONE,0.042,0.0
980,32Nvl_L2_NS,32NVL_NS,0.039,0.039
980,NvcNvl_L3_NS,NONE,0.027,0.0
980,NvcNvl_L2_NS,NONE,0.026,0.0
980,32Mt_L1_NS,32MT_NS,0.006,0.006
980,32Mt_L1_EW,32MT_EW,0.014,0.014
980,32Thn_L1_EW,NONE,0.01,0.0
980,32Nvl_L1_NS,32NVL_NS,0.034,0.027
980,NvcNvl_L1_NS,NONE,0.035,0.0
980,32Mt_L2_EW,32MT_EW,0.005,0.005
985,304Nvl_L1_NS,304NVL_NS,0.009,0.009
985,32Nvl_L3_NS,NONE,0.042,0.0
985,32Nvl_L2_NS,32NVL_NS,0.039,0.039
985,NvcNvl_L3_NS,NONE,0.007,0.0
985,NvcNvl_L2_NS,NONE,0.007,0.0
985,NvcNvl_L1_EW,NONE,0.011,0.0
985,NvcNvl_L2_EW,NONE,0.008,0.0
985,NvcMt_L2_NS,NONE,0.005,0.0
985,32Nvl_L1_NS,32NVL_NS,0.034,0.027
985,NvcNvl_L1_NS,NONE,0.009,0.0
985,NvcMt_L1_NS,NONE,0.005,0.0
990,32Nvl_L3_NS,NONE,0.042,0.0
990,32Nvl_L2_NS,32NVL_NS,0.039,0.039
990,NvcNvl_L1_EW,NONE,0.011,0.0
990,NvcNvl_L2_EW,NONE,0.008,0.0
990,NvcNvl_L1_EW,NVCNVL_EW,0.084,0.084
990,32Mt_L1_EW,32MT_EW,0.084,0.084
990,32Nvl_L1_NS,32NVL_NS,0.034,0.034
990,32Mt_L2_EW,32MT_EW,0.065,0.065
995,32Nvl_L3_NS,NONE,0.007,0.0
995,32Nvl_L1_NS,32NVL_NS,0.007,0.007
995,32Nvl_L3_NS,NONE,0.042,0.0
995,32Nvl_L2_NS,32NVL_NS,0.039,0.039
995,NvcNvl_L3_NS,NONE,0.007,0.0
995,NvcNvl_L2_NS,NONE,0.013,0.0
995,32Mt_L1_EW,32MT_EW,0.091,0.091
995,32Nvl_L2_NS,32NVL_NS,0.007,0.007
995,32Nvl_L1_NS,32NVL_NS,0.034,0.034
995,NvcNvl_L1_NS,NONE,0.017,0.0
995,32Mt_L2_EW,32MT_EW,0.071,0.071
1000,32Nvl_L1_NS,32NVL_NS,0.007,0.007
1000,32Nvl_L3_NS,NONE,0.042,0.0
1000,32Nvl_L2_NS,32NVL_NS,0.039,0.039
1000,NvcNvl_L3_NS,NONE,0.007,0.0
1000,NvcNvl_L2_NS,NONE,0.007,0.0
1000,NvcNvl_L1_EW,NVCNVL_EW,0.007,0.007
1000,NvcNvl_L2_EW,NVCNVL_EW,0.008,0.008
1000,32Mt_L1_EW,NONE,0.014,0.0
1000,32Mt_L3_EW,NONE,0.018,0.0
1000,32Nvl_L2_NS,32NVL_NS,0.007,0.007
1000,32Nvl_L1_NS,32NVL_NS,0.034,0.034
1000,NvcNvl_L1_NS,NONE,0.009,0.0
1000,32Mt_L2_EW,NONE,0.015,0.0
1005,304Nvl_L1_EW,304NVL_EW,0.102,0.102
1005,304Nvl_L2_EW,304NVL_EW,0.087,0.087
1005,32Nvl_L3_NS,NONE,0.014,0.0
1005,32Nvl_L1_NS,32NVL_NS,0.028,0.028
1005,32Nvl_L3_NS,NONE,0.042,0.0
1005,32Nvl_L2_NS,32NVL_NS,0.039,0.039
1005,NvcNvl_L1_EW,NVCNVL_EW,0.007,0.003
1005,32Mt_L1_NS,32MT_NS,0.075,0.075
1005,32Mt_L1_EW,NONE,0.007,0.0
1005,32Mt_L3_EW,NONE,0.009,0.0
1005,32Mt_L1_EW,32MT_EW,0.007,0.007
1005,32Mt_L1_NS,NONE,0.01,0.0
1005,NvcMt_L1_EW,NVCMT_EW,0.006,0.001
1005,304Nvl_L3_EW,NONE,0.076,0.0
1005,32Nvl_L2_NS,32NVL_NS,0.027,0.027
1005,32Nvl_L1_NS,32NVL_NS,0.034,0.034
1005,32Mt_L2_EW,NONE,0.008,0.0
1005,32Mt_L2_EW,32MT_EW,0.005,0.005
1005,NvcMt_L2_EW,NVCMT_EW,0.008,0.008
1010,304Nvl_L1_EW,304NVL_EW,0.008,0.008
1010,304Nvl_L2_EW,304NVL_EW,0.007,0.007
1010,32Nvl_L3_NS,NONE,0.014,0.0
1010,32Nvl_L1_NS,32NVL_NS,0.028,0.028
1010,32Nvl_L3_NS,NONE,0.042,0.0
1010,32Nvl_L2_NS,32NVL_NS,0.039,0.039
1010,32Mt_L1_NS,32MT_NS,0.075,0.075
1010,32Mt_L1_EW,32MT_EW,0.014,0.014
1010,304Nvl_L3_EW,NONE,0.006,0.0
1010,32Nvl_L2_NS,32NVL_NS,0.027,0.027
1010,32Nvl_L1_NS,32NVL_NS,0.034,0.034
1010,32Mt_L2_EW,32MT_EW,0.011,0.011
1015,304Nvl_L1_EW,304NVL_EW,0.017,0.017
1015,304Nvl_L2_EW,304NVL_EW,0.015,0.015
1015,304Nvl_L1_NS,NONE,0.088,0.0
1015,32Nvl_L3_NS,NONE,0.007,0.0
1015,32Nvl_L1_NS,32NVL_NS,0.014,0.014
1015,32Mt_L1_NS,32MT_NS,0.075,0.075
1015,32Mt_L1_EW,NONE,0.014,0.0
1015,32Mt_L3_EW,NONE,0.009,0.0
1015,32Mt_L1_EW,32MT_EW,0.021,0.021
1015,32Mt_L1_NS,NONE,0.059,0.0
1015,304Nvl_L3_EW,NONE,0.013,0.0
1015,32Nvl_L2_NS,32NVL_NS,0.013,0.013
1015,32Mt_L2_EW,NONE,0.008,0.0
1015,32Mt_L2_EW,32MT_EW,0.016,0.016
1015,32Mt_L2_NS,NONE,0.043,0.0
1020,304Nvl_L1_EW,304NVL_EW,0.025,0.025
1020,304Nvl_L2_EW,304NVL_EW,0.022,0.022
1020,304Nvl_L1_EW,NONE,0.008,0.0
1020,304Nvl_L2_EW,NONE,0.009,0.0
1020,32Mt_L1_EW,NONE,0.007,0.0
1020,32Mt_L3_EW,NONE,0.009,0.0
1020,32Mt_L1_EW,32MT_EW,0.014,0.014
1020,32Mt_L1_NS,NONE,0.059,0.0
1020,304Nvl_L3_EW,NONE,0.019,0.0
1020,304Nvl_L3_EW,NONE,0.008,0.0
1020,32Mt_L2_EW,NONE,0.008,0.0
1020,32Mt_L2_EW,32MT_EW,0.011,0.011
1020,32Mt_L2_NS,NONE,0.052,0.0
1025,304Nvl_L1_NS,304NVL_NS,0.009,0.009
1025,304Nvl_L1_EW,304NVL_EW,0.017,0.017
1025,304Nvl_L2_EW,304NVL_EW,0.015,0.015
1025,32Mt_L1_EW,NONE,0.007,0.0
1025,32Mt_L3_EW,NONE,0.009,0.0
1025,32Mt_L1_EW,32MT_EW,0.021,0.021
1025,NvcMt_L1_EW,NVCMT_EW,0.013,0.013
1025,304Nvl_L3_EW,NONE,0.013,0.0
1025,32Mt_L2_EW,NONE,0.008,0.0
1025,32Mt_L2_EW,32MT_EW,0.011,0.011
1025,NvcMt_L2_EW,NVCMT_EW,0.016,0.016
1030,304Nvl_L1_NS,304NVL_NS,0.009,0.009
1030,304Nvl_L1_NS,NONE,0.007,0.0
1030,32Nvl_L1_EW,32NVL_EW,0.042,0.028
1030,32Nvl_L2_EW,32NVL_EW,0.046,0.035
1030,32Nvl_L1_EW,32NVL_EW,0.007,-0.008
1030,32Nvl_L2_EW,32NVL_EW,0.007,-0.004
1030,32Nvl_L3_NS,NONE,0.05,0.0
1030,32Nvl_L2_NS,32NVL_NS,0.047,0.047
1030,NvcNvl_L3_NS,NONE,0.034,0.0
1030,NvcNvl_L2_NS,NONE,0.033,0.0
1030,32Mt_L1_NS,32MT_NS,0.006,0.006
1030,32Mt_L1_EW,NONE,0.007,0.0
1030,32Mt_L3_EW,NONE,0.009,0.0
1030,32Mt_L1_EW,32MT_EW,0.021,-0.009
1030,32Mt_L1_NS,NONE,0.049,0.0
1030,NvcMt_L1_EW,NVCMT_EW,0.019,0.019
1030,32Thn_L1_EW,NONE,0.049,0.0
1030,32Thn_L2_EW,NONE,0.051,0.0
1030,32Thn_L3_EW,NONE,0.035,0.0
1030,32Nvl_L3_EW,NONE,0.006,0.0
1030,32Nvl_L3_EW,NONE,0.038,0.0
1030,32Nvl_L1_NS,32NVL_NS,0.047,0.041
1030,NvcNvl_L1_NS,NONE,0.044,0.0
1030,32Mt_L2_EW,NONE,0.008,0.0
1030,32Mt_L2_EW,32MT_EW,0.016,-0.016
1030,NvcMt_L2_EW,NVCMT_EW,0.024,0.024
1035,304Nvl_L1_NS,304NVL_NS,0.009,0.009
1035,32Nvl_L1_EW,32NVL_EW,0.05,-0.004
1035,32Nvl_L2_EW,32NVL_EW,0.054,0.037
1035,32Nvl_L1_EW,32NVL_EW,0.007,-0.046
1035,32Nvl_L2_EW,32NVL_EW,0.007,-0.01
1035,32Nvl_L3_NS,NONE,0.05,0.0
1035,32Nvl_L2_NS,32NVL_NS,0.047,0.047
1035,NvcNvl_L3_NS,NONE,0.041,0.0
1035,NvcNvl_L2_NS,NONE,0.04,0.0
1035,NvcNvl_L1_EW,NONE,0.011,0.0
1035,NvcNvl_L2_EW,NONE,0.008,0.0
1035,32Mt_L1_NS,32MT_NS,0.006,0.006
1035,32Mt_L1_EW,32MT_EW,0.028,-0.007
1035,32Mt_L1_NS,NONE,0.049,0.0
1035,NvcMt_L1_EW,NVCMT_EW,0.019,0.019
1035,32Thn_L1_EW,32THN_EW,0.048,0.013
1035,32Thn_L2_EW,32THN_EW,0.008,-0.03
1035,32Thn_L3_EW,NONE,0.008,0.0
1035,32Nvl_L3_EW,NONE,0.006,0.0
1035,32Nvl_L3_EW,NONE,0.044,0.0
1035,32Nvl_L1_NS,32NVL_NS,0.047,0.041
1035,NvcNvl_L1_NS,NONE,0.052,0.0
1035,NvcNvl_L3_EW,NONE,0.006,0.0
1035,32Mt_L2_EW,32MT_EW,0.016,-0.022
1035,NvcMt_L2_EW,NVCMT_EW,0.024,0.024
1040,32Nvl_L1_EW,32NVL_EW,0.035,0.015
1040,32Nvl_L2_EW,32NVL_EW,0.039,0.021
1040,32Nvl_L1_EW,32NVL_EW,0.007,-0.014
1040,32Nvl_L2_EW,32NVL_EW,0.007,-0.01
1040,32Mt_L1_EW,32MT_EW,0.021,-0.004
1040,NvcMt_L1_EW,NVCMT_EW,0.013,0.013
1040,NvcCmt8_L2_EW,NONE,0.007,0.0
1040,32Thn_L1_EW,32THN_EW,0.008,-0.017
1040,32Thn_L2_EW,32THN_EW,0.008,-0.019
1040,32Thn_L3_EW,NONE,0.008,0.0
1040,32Nvl_L3_EW,NONE,0.006,0.0
1040,32Nvl_L3_EW,NONE,0.031,0.0
1040,32Mt_L2_EW,32MT_EW,0.016,-0.011
1040,NvcMt_L2_EW,NVCMT_EW,0.016,0.016
1040,NvcCmt8_L1_EW,NONE,0.006,0.0
1045,304Nvl_L1_EW,304NVL_EW,0.008,0.008
1045,32Nvl_L3_NS,NONE,0.082,0.0
1045,32Nvl_L1_NS,32NVL_NS,0.118,0.118
1045,32Nvl_L1_EW,32NVL_EW,0.035,0.03
1045,32Nvl_L2_EW,32NVL_EW,0.039,0.039
1045,32Nvl_L1_EW,32NVL_EW,0.013,0.009
1045,32Nvl_L2_EW,32NVL_EW,0.007,0.007
1045,NvcNvl_L1_EW,NVCNVL_EW,0.042,0.038
1045,NvcNvl_L2_EW,NVCNVL_EW,0.047,0.045
1045,32Mt_L1_EW,32MT_EW,0.007,-0.018
1045,NvcMt_L2_NS,NONE,0.005,0.0
1045,NvcMt_L1_EW,NVCMT_EW,0.006,-0.023
1045,NvcMt_L2_EW,NVCMT_EW,0.003,-0.03
1045,NvcMt_L1_NS,NVCMT_NS,0.007,0.007
1045,32Thn_L1_EW,NONE,0.01,0.0
1045,32Nvl_L2_NS,32NVL_NS,0.08,0.08
1045,32Nvl_L3_EW,NONE,0.006,0.0
1045,32Nvl_L3_EW,NONE,0.031,0.0
1045,32Nvl_L1_NS,32NVL_NS,0.007,0.007
1045,NvcNvl_L3_EW,NONE,0.056,0.0
1045,NvcMt_L1_NS,NONE,0.005,0.0
1045,NvcMt_L2_EW,NVCMT_EW,0.008,-0.025
1045,NvcMt_L1_EW,NVCMT_EW,0.006,-0.024
1045,NvcMt_L2_NS,NVCMT_NS,0.005,0.005
1050,304Nvl_L1_EW,304NVL_EW,0.008,0.008
1050,32Nvl_L1_NS,32NVL_NS,0.035,0.035
1050,32Nvl_L1_EW,32NVL_EW,0.035,0.03
1050,32Nvl_L2_EW,32NVL_EW,0.039,0.033
1050,32Nvl_L1_EW,32NVL_EW,0.013,0.008
1050,32Nvl_L2_EW,32NVL_EW,0.007,0.002
1050,NvcNvl_L1_EW,NVCNVL_EW,0.049,0.049
1050,NvcNvl_L2_EW,NVCNVL_EW,0.055,0.053
1050,32Mt_L1_EW,NONE,0.007,0.0
1050,NvcMt_L2_NS,NONE,0.005,0.0
1050,NvcMt_L2_EW,NVCMT_EW,0.003,-0.036
1050,32Thn_L1_EW,NONE,0.01,0.0
1050,32Thn_L1_EW,32THN_EW,0.008,-0.017
1050,32Thn_L2_EW,32THN_EW,0.008,-0.019
1050,32Thn_L3_EW,NONE,0.008,0.0
1050,32Nvl_L3_EW,NONE,0.006,0.0
1050,32Nvl_L3_EW,NONE,0.031,0.0
1050,NvcNvl_L3_EW,NONE,0.065,0.0
1050,NvcMt_L1_NS,NONE,0.005,0.0
1050,NvcMt_L1_EW,NVCMT_EW,0.006,-0.034
1050,NvcCmt8_L1_EW,NVCCMT8_EW,0.008,0.008
1055,32Nvl_L3_NS,NONE,0.007,0.0
1055,32Nvl_L1_NS,32NVL_NS,0.007,0.007
1055,32Nvl_L1_EW,32NVL_EW,0.042,0.037
1055,32Nvl_L2_EW,32NVL_EW,0.046,0.041
1055,32Nvl_L1_EW,32NVL_EW,0.007,0.001
1055,32Nvl_L2_EW,32NVL_EW,0.007,0.002
1055,NvcNvl_L3_NS,NONE,0.007,0.0
1055,NvcNvl_L2_NS,NONE,0.007,0.0
1055,NvcNvl_L1_EW,NVCNVL_EW,0.049,0.04
1055,NvcNvl_L2_EW,NVCNVL_EW,0.055,0.053
1055,32Mt_L1_EW,NONE,0.007,0.0
1055,32Mt_L3_EW,NONE,0.009,0.0
1055,NvcMt_L2_NS,NONE,0.005,0.0
1055,NvcMt_L1_EW,NVCMT_EW,0.013,-0.022
1055,NvcMt_L2_EW,NVCMT_EW,0.003,-0.036
1055,32Thn_L1_EW,NONE,0.116,0.0
1055,32Thn_L2_EW,NONE,0.121,0.0
1055,32Thn_L1_EW,32THN_EW,0.008,-0.022
1055,32Thn_L2_EW,32THN_EW,0.008,-0.024
1055,32Thn_L3_EW,NONE,0.083,0.0
1055,32Thn_L3_EW,NONE,0.008,0.0
1055,32Nvl_L2_NS,32NVL_NS,0.007,0.007
1055,32Nvl_L3_EW,NONE,0.006,0.0
1055,32Nvl_L3_EW,NONE,0.038,0.0
1055,NvcNvl_L1_NS,NONE,0.009,0.0
1055,NvcNvl_L3_EW,NONE,0.065,0.0
1055,32Mt_L2_EW,NONE,0.008,0.0
1055,NvcMt_L1_NS,NONE,0.005,0.0
1055,NvcMt_L2_EW,NVCMT_EW,0.016,-0.022
1055,NvcMt_L1_EW,NVCMT_EW,0.006,-0.029
1060,304Nvl_L1_EW,304NVL_EW,0.008,0.008
1060,304Nvl_L2_EW,304NVL_EW,0.007,0.007
1060,32Nvl_L1_EW,32NVL_EW,0.035,-0.037
1060,32Nvl_L2_EW,32NVL_EW,0.039,0.033
1060,32Nvl_L1_EW,32NVL_EW,0.007,-0.066
1060,32Nvl_L2_EW,32NVL_EW,0.007,0.002
1060,NvcNvl_L3_NS,NONE,0.014,0.0
1060,NvcNvl_L2_NS,NONE,0.013,0.0
1060,NvcNvl_L1_EW,NVCNVL_EW,0.049,0.04
1060,NvcNvl_L2_EW,NVCNVL_EW,0.055,0.055
1060,NvcMt_L1_EW,NVCMT_EW,0.013,-0.022
1060,32Thn_L1_EW,32THN_EW,0.104,0.079
1060,32Thn_L2_EW,32THN_EW,0.008,-0.019
1060,32Thn_L3_EW,NONE,0.008,0.0
1060,304Nvl_L3_EW,NONE,0.006,0.0
1060,32Nvl_L3_EW,NONE,0.006,0.0
1060,32Nvl_L3_EW,NONE,0.031,0.0
1060,NvcNvl_L1_NS,NONE,0.017,0.0
1060,NvcNvl_L3_EW,NONE,0.065,0.0
1060,NvcMt_L1_NS,NONE,0.005,0.0
1060,NvcMt_L2_EW,NVCMT_EW,0.016,-0.022
1065,32Nvl_L1_EW,32NVL_EW,0.035,-0.037
1065,32Nvl_L2_EW,32NVL_EW,0.039,0.035
1065,32Nvl_L1_EW,32NVL_EW,0.007,-0.065
1065,32Nvl_L2_EW,32NVL_EW,0.007,0.004
1065,NvcNvl_L3_NS,NONE,0.014,0.0
1065,NvcNvl_L2_NS,NONE,0.013,0.0
1065,NvcNvl_L1_EW,NVCNVL_EW,0.056,0.052
1065,NvcNvl_L2_EW,NVCNVL_EW,0.062,0.062
1065,32Mt_L1_EW,32MT_EW,0.007,-0.018
1065,32Mt_L1_NS,NONE,0.01,0.0
1065,NvcMt_L2_NS,NONE,0.005,0.0
1065,NvcMt_L1_EW,NVCMT_EW,0.006,-0.033
1065,32Thn_L1_EW,NONE,0.01,0.0
1065,32Thn_L1_EW,32THN_EW,0.096,0.071
1065,32Nvl_L3_EW,NONE,0.006,0.0
1065,32Nvl_L3_EW,NONE,0.031,0.0
1065,32Nvl_L1_NS,32NVL_NS,0.007,0.007
1065,NvcNvl_L1_NS,NONE,0.017,0.0
1065,NvcNvl_L3_EW,NONE,0.074,0.0
1065,32Mt_L2_EW,32MT_EW,0.005,-0.022
1065,32Mt_L2_NS,NONE,0.009,0.0
1065,NvcMt_L1_NS,NONE,0.005,0.0
1065,NvcMt_L2_EW,NVCMT_EW,0.008,-0.036
1070,304Nvl_L1_NS,NONE,0.007,0.0
1070,32Nvl_L1_EW,32NVL_EW,0.035,-0.037
1070,32Nvl_L2_EW,32NVL_EW,0.039,0.035
1070,32Nvl_L1_EW,32NVL_EW,0.007,-0.065
1070,32Nvl_L2_EW,32NVL_EW,0.007,0.004
1070,32Nvl_L3_NS,NONE,0.008,0.0
1070,32Nvl_L2_NS,32NVL_NS,0.008,0.008
1070,NvcNvl_L1_EW,NVCNVL_EW,0.021,0.012
1070,NvcNvl_L2_EW,NVCNVL_EW,0.008,0.008
1070,32Mt_L1_EW,32MT_EW,0.007,-0.018
1070,NvcMt_L1_EW,NVCMT_EW,0.013,-0.002
1070,32Thn_L1_EW,32THN_EW,0.096,0.071
1070,32Nvl_L3_EW,NONE,0.006,0.0
1070,32Nvl_L3_EW,NONE,0.031,0.0
1070,32Nvl_L1_NS,32NVL_NS,0.007,0.007
1070,32Mt_L2_EW,32MT_EW,0.005,-0.022
1070,NvcMt_L2_EW,NVCMT_EW,0.024,0.018
1075,304Nvl_L1_EW,304NVL_EW,0.017,0.017
1075,304Nvl_L2_EW,304NVL_EW,0.015,0.015
1075,32Nvl_L1_NS,32NVL_NS,0.007,0.002
1075,32Nvl_L1_EW,32NVL_EW,0.042,0.042
1075,32Nvl_L2_EW,32NVL_EW,0.046,0.046
1075,32Nvl_L1_EW,32NVL_EW,0.007,0.007
1075,32Nvl_L2_EW,32NVL_EW,0.007,0.007
1075,NvcNvl_L3_NS,NONE,0.007,0.0
1075,NvcNvl_L2_NS,NONE,0.007,0.0
1075,NvcNvl_L1_NS,NVCNVL_NS,0.007,0.002
1075,32Mt_L1_NS,32MT_NS,0.006,0.006
1075,32Mt_L1_NS,NONE,0.01,0.0
1075,304Nvl_L3_EW,NONE,0.013,0.0
1075,32Nvl_L3_EW,NONE,0.006,0.0
1075,32Nvl_L3_EW,NONE,0.038,0.0
1075,NvcNvl_L1_NS,NONE,0.009,0.0
1075,NvcMt_L2_EW,NVCMT_EW,0.008,0.008
1080,304Nvl_L1_EW,304NVL_EW,0.008,0.008
1080,304Nvl_L2_EW,304NVL_EW,0.007,0.007
1080,32Nvl_L1_EW,32NVL_EW,0.035,0.035
1080,32Nvl_L2_EW,32NVL_EW,0.039,0.039
1080,32Nvl_L1_EW,32NVL_EW,0.007,0.007
1080,32Nvl_L2_EW,32NVL_EW,0.007,0.007
1080,NvcNvl_L1_NS,NVCNVL_NS,0.007,0.007
1080,32Mt_L1_NS,32MT_NS,0.006,0.006
1080,32Mt_L1_EW,NONE,0.007,0.0
1080,NvcMt_L2_NS,NONE,0.005,0.0
1080,NvcMt_L1_EW,NVCMT_EW,0.006,0.001
1080,NvcCmt8_L2_EW,NVCCMT8_EW,0.005,0.005
1080,304Nvl_L3_EW,NONE,0.006,0.0
1080,32Nvl_L3_EW,NONE,0.006,0.0
1080,32Nvl_L3_EW,NONE,0.031,0.0
1080,NvcMt_L1_NS,NONE,0.005,0.0
1080,NvcMt_L2_EW,NVCMT_EW,0.008,0.004
1080,NvcCmt8_L1_EW,NVCCMT8_EW,0.008,0.003
1085,304Nvl_L1_NS,304NVL_NS,0.009,0.009
1085,304Nvl_L3_NS,NONE,0.007,0.0
1085,304Nvl_L1_EW,304NVL_EW,0.008,0.008
1085,304Nvl_L1_NS,NONE,0.044,0.0
1085,304Nvl_L3_NS,NONE,0.04,0.0
1085,32Nvl_L1_EW,32NVL_EW,0.035,0.035
1085,32Nvl_L2_EW,32NVL_EW,0.039,0.039
1085,32Nvl_L1_EW,32NVL_EW,0.007,0.007
1085,32Nvl_L2_EW,32NVL_EW,0.007,0.007
1085,32Nvl_L3_NS,NONE,0.008,0.0
1085,32Nvl_L2_NS,32NVL_NS,0.008,0.003
1085,NvcMt_L1_EW,NVCMT_EW,0.006,0.006
1085,304Nvl_L2_NS,304NVL_NS,0.008,0.002
1085,304Nvl_L2_NS,NONE,0.037,0.0
1085,32Nvl_L3_EW,NONE,0.006,0.0
1085,32Nvl_L3_EW,NONE,0.031,0.0
1085,32Nvl_L1_NS,32NVL_NS,0.007,0.0
1085,NvcMt_L2_EW,NVCMT_EW,0.008,0.008
1090,304Nvl_L1_NS,304NVL_NS,0.009,0.009
1090,304Nvl_L3_NS,NONE,0.007,0.0
1090,304Nvl_L1_EW,304NVL_EW,0.008,0.008
1090,304Nvl_L2_EW,304NVL_EW,0.007,0.007
1090,304Nvl_L1_NS,NONE,0.007,0.0
1090,32Nvl_L1_EW,32NVL_EW,0.035,0.035
1090,32Nvl_L2_EW,32NVL_EW,0.039,0.039
1090,32Nvl_L1_EW,32NVL_EW,0.007,0.007
1090,32Nvl_L2_EW,32NVL_EW,0.007,0.007
1090,NvcNvl_L1_EW,NVCNVL_EW,0.014,0.014
1090,304Nvl_L2_NS,304NVL_NS,0.008,0.008
1090,304Nvl_L3_EW,NONE,0.006,0.0
1090,32Nvl_L3_EW,NONE,0.006,0.0
1090,32Nvl_L3_EW,NONE,0.031,0.0
1095,304Nvl_L1_NS,304NVL_NS,0.009,0.004
1095,304Nvl_L3_NS,NONE,0.007,0.0
1095,32Nvl_L3_NS,NONE,0.007,0.0
1095,32Nvl_L1_NS,32NVL_NS,0.007,0.001
1095,32Nvl_L1_EW,32NVL_EW,0.035,0.03
1095,32Nvl_L2_EW,32NVL_EW,0.039,0.035
1095,32Nvl_L1_EW,32NVL_EW,0.007,0.002
1095,32Nvl_L2_EW,32NVL_EW,0.007,0.004
1095,NvcNvl_L3_NS,NONE,0.007,0.0
1095,NvcNvl_L2_NS,NONE,0.007,0.0
1095,32Mt_L1_EW,32MT_EW,0.007,-0.018
1095,NvcMt_L1_EW,NVCMT_EW,0.006,0.006
1095,304Nvl_L2_NS,304NVL_NS,0.008,0.008
1095,32Nvl_L2_NS,32NVL_NS,0.007,0.001
1095,32Nvl_L3_EW,NONE,0.006,0.0
1095,32Nvl_L3_EW,NONE,0.031,0.0
1095,NvcNvl_L1_NS,NONE,0.009,0.0
1095,32Mt_L2_EW,32MT_EW,0.005,-0.022
1095,NvcMt_L2_EW,NVCMT_EW,0.008,0.008
1100,304Thn_L1_EW,304THN_EW,0.008,-0.021
1100,304Thn_L3_EW,NONE,0.008,0.0
1100,304Nvl_L1_NS,304NVL_NS,0.009,0.009
1100,304Nvl_L3_NS,NONE,0.007,0.0
1100,304Nvl_L1_EW,304NVL_EW,0.042,0.037
1100,304Nvl_L1_NS,NONE,0.007,0.0
1100,304Nvl_L3_NS,NONE,0.008,0.0
1100,32Nvl_L1_EW,32NVL_EW,0.035,0.03
1100,32Nvl_L2_EW,32NVL_EW,0.039,0.033
1100,32Nvl_L1_EW,32NVL_EW,0.007,0.001
1100,32Nvl_L2_EW,32NVL_EW,0.007,0.002
1100,32Nvl_L3_NS,NONE,0.008,0.0
1100,32Nvl_L2_NS,32NVL_NS,0.008,0.003
1100,32Mt_L1_EW,NONE,0.007,0.0
1100,32Mt_L1_NS,NONE,0.01,0.0
1100,32Thn_L1_EW,32THN_EW,0.008,-0.017
1100,32Thn_L2_EW,32THN_EW,0.008,-0.019
1100,304Nvl_L2_NS,304NVL_NS,0.008,0.002
1100,304Nvl_L2_NS,NONE,0.007,0.0
1100,32Nvl_L3_EW,NONE,0.006,0.0
1100,32Nvl_L3_EW,NONE,0.031,0.0
1100,32Nvl_L1_NS,32NVL_NS,0.007,0.0
1100,32Mt_L2_NS,NONE,0.009,0.0
1100,304Thn_L2_EW,304THN_EW,0.007,0.007
1105,304Nvl_L1_NS,304NVL_NS,0.009,0.009
1105,304Nvl_L3_NS,NONE,0.007,0.0
1105,32Nvl_L1_EW,32NVL_EW,0.035,0.035
1105,32Nvl_L2_EW,32NVL_EW,0.039,0.039
1105,32Nvl_L1_EW,32NVL_EW,0.007,0.007
1105,32Nvl_L2_EW,32NVL_EW,0.007,0.007
1105,32Nvl_L3_NS,NONE,0.017,0.0
1105,32Nvl_L2_NS,32NVL_NS,0.016,0.01
1105,NvcNvl_L3_NS,NONE,0.007,0.0
1105,NvcNvl_L2_NS,NONE,0.007,0.0
1105,304Nvl_L2_NS,304NVL_NS,0.008,-0.003
1105,32Nvl_L3_EW,NONE,0.006,0.0
1105,32Nvl_L3_EW,NONE,0.031,0.0
1105,32Nvl_L1_NS,32NVL_NS,0.02,0.014
1105,NvcNvl_L1_NS,NONE,0.009,0.0
1110,304Nvl_L1_NS,304NVL_NS,0.009,0.004
1110,304Nvl_L3_NS,NONE,0.007,0.0
1110,304Nvl_L1_EW,304NVL_EW,0.008,0.008
1110,32Nvl_L1_NS,32NVL_NS,0.007,0.001
1110,32Nvl_L1_EW,32NVL_EW,0.035,-0.004
1110,32Nvl_L2_EW,32NVL_EW,0.039,0.01
1110,32Nvl_L1_EW,32NVL_EW,0.013,-0.026
1110,32Nvl_L2_EW,32NVL_EW,0.015,-0.014
1110,NvcNvl_L3_NS,NONE,0.007,0.0
1110,NvcNvl_L2_NS,NONE,0.007,0.0
1110,NvcNvl_L1_EW,NONE,0.053,0.0
1110,NvcNvl_L2_EW,NONE,0.038,0.0
1110,32Mt_L1_EW,32MT_EW,0.049,0.024
1110,32Thn_L1_EW,NONE,0.01,0.0
1110,32Thn_L2_EW,NONE,0.01,0.0
1110,32Thn_L1_EW,32THN_EW,0.008,-0.017
1110,32Thn_L2_EW,32THN_EW,0.008,-0.019
1110,32Thn_L3_EW,NONE,0.007,0.0
1110,32Thn_L3_EW,NONE,0.008,0.0
1110,304Nvl_L2_NS,304NVL_NS,0.008,0.008
1110,32Nvl_L2_NS,32NVL_NS,0.007,0.001
1110,32Nvl_L3_EW,NONE,0.012,0.0
1110,32Nvl_L3_EW,NONE,0.031,0.0
1110,NvcNvl_L1_NS,NONE,0.009,0.0
1110,NvcNvl_L3_EW,NONE,0.032,0.0
1110,32Mt_L2_EW,32MT_EW,0.033,0.006
1115,304Nvl_L1_NS,304NVL_NS,0.118,0.108
1115,304Nvl_L3_NS,NONE,0.096,0.0
1115,304Nvl_L1_EW,304NVL_EW,0.042,0.042
1115,304Nvl_L2_EW,304NVL_EW,0.036,0.036
1115,32Nvl_L3_NS,NONE,0.007,0.0
1115,32Nvl_L1_NS,32NVL_NS,0.014,-0.069
1115,32Nvl_L1_EW,32NVL_EW,0.007,-0.004
1115,32Nvl_L2_EW,32NVL_EW,0.007,0.004
1115,NvcNvl_L1_EW,NONE,0.011,0.0
1115,NvcNvl_L2_EW,NONE,0.008,0.0
1115,32Mt_L1_EW,32MT_EW,0.007,0.007
1115,32Thn_L1_EW,NONE,0.01,0.0
1115,32Thn_L1_EW,32THN_EW,0.008,0.008
1115,304Nvl_L2_NS,304NVL_NS,0.099,0.099
1115,304Nvl_L3_EW,NONE,0.032,0.0
1115,32Nvl_L2_NS,32NVL_NS,0.007,-0.062
1115,32Nvl_L3_EW,NONE,0.006,0.0
1115,NvcNvl_L3_EW,NONE,0.006,0.0
1115,32Mt_L2_EW,32MT_EW,0.005,0.005
1120,304Nvl_L1_NS,304NVL_NS,0.118,0.108
1120,304Nvl_L3_NS,NONE,0.096,0.0
1120,304Nvl_L1_EW,304NVL_EW,0.093,0.093
1120,304Nvl_L2_EW,304NVL_EW,0.08,0.08
1120,32Nvl_L1_NS,32NVL_NS,0.014,-0.092
1120,32Nvl_L1_EW,32NVL_EW,0.12,0.12
1120,32Nvl_L2_EW,32NVL_EW,0.131,0.131
1120,32Nvl_L1_EW,32NVL_EW,0.007,0.007
1120,32Nvl_L2_EW,32NVL_EW,0.007,0.007
1120,NvcNvl_L1_EW,NONE,0.011,0.0
1120,NvcNvl_L2_EW,NONE,0.008,0.0
1120,NvcNvl_L1_NS,NVCNVL_NS,0.033,0.023
1120,32Mt_L1_EW,NONE,0.036,0.0
1120,304Nvl_L2_NS,304NVL_NS,0.099,0.099
1120,304Nvl_L3_EW,NONE,0.07,0.0
1120,32Nvl_L2_NS,32NVL_NS,0.007,-0.062
1120,32Nvl_L3_EW,NONE,0.006,0.0
1120,32Nvl_L3_EW,NONE,0.106,0.0
1120,32Nvl_L1_NS,32NVL_NS,0.034,-0.072
1125,304Nvl_L1_NS,304NVL_NS,0.109,0.104
1125,304Nvl_L3_NS,NONE,0.089,0.0
1125,304Nvl_L1_EW,304NVL_EW,0.051,0.051
1125,304Nvl_L2_EW,304NVL_EW,0.044,0.044
1125,32Nvl_L1_NS,32NVL_NS,0.007,-0.092
1125,32Nvl_L1_EW,32NVL_EW,0.127,0.127
1125,32Nvl_L2_EW,32NVL_EW,0.139,0.139
1125,32Nvl_L1_EW,32NVL_EW,0.007,0.007
1125,32Nvl_L2_EW,32NVL_EW,0.007,0.007
1125,NvcNvl_L3_NS,NONE,0.041,0.0
1125,NvcNvl_L2_NS,NONE,0.046,0.0
1125,NvcNvl_L1_NS,NVCNVL_NS,0.033,0.028
1125,32Mt_L1_NS,32MT_NS,0.006,0.006
1125,32Mt_L1_EW,NONE,0.036,0.0
1125,304Nvl_L2_NS,304NVL_NS,0.091,0.091
1125,304Nvl_L3_EW,NONE,0.038,0.0
1125,32Nvl_L2_NS,32NVL_NS,0.007,-0.057
1125,32Nvl_L3_EW,NONE,0.006,0.0
1125,32Nvl_L3_EW,NONE,0.113,0.0
1125,32Nvl_L1_NS,32NVL_NS,0.034,-0.066
1125,NvcNvl_L1_NS,NONE,0.061,0.0
1130,304Nvl_L1_EW,304NVL_EW,0.051,0.051
1130,304Nvl_L2_EW,304NVL_EW,0.044,0.044
1130,32Nvl_L1_EW,32NVL_EW,0.085,0.085
1130,32Nvl_L2_EW,32NVL_EW,0.093,0.093
1130,32Nvl_L1_EW,32NVL_EW,0.007,0.007
1130,32Nvl_L2_EW,32NVL_EW,0.007,0.007
1130,32Nvl_L3_NS,NONE,0.008,0.0
1130,32Nvl_L2_NS,32NVL_NS,0.008,0.008
1130,NvcNvl_L3_NS,NONE,0.007,0.0
1130,NvcNvl_L2_NS,NONE,0.007,0.0
1130,NvcNvl_L1_EW,NONE,0.011,0.0
1130,NvcNvl_L2_EW,NONE,0.008,0.0
1130,NvcNvl_L1_NS,NVCNVL_NS,0.033,0.033
1130,32Mt_L1_NS,32MT_NS,0.006,0.006
1130,32Mt_L1_NS,NONE,0.01,0.0
1130,304Nvl_L3_EW,NONE,0.038,0.0
1130,32Nvl_L3_EW,NONE,0.006,0.0
1130,32Nvl_L3_EW,NONE,0.075,0.0
1130,32Nvl_L1_NS,32NVL_NS,0.047,0.024
1130,NvcNvl_L1_NS,NONE,0.009,0.0
1130,32Mt_L2_NS,NONE,0.009,0.0
1135,304Nvl_L1_EW,304NVL_EW,0.102,0.102
1135,304Nvl_L2_EW,304NVL_EW,0.051,0.051
1135,304Nvl_L1_NS,NONE,0.007,0.0
1135,32Nvl_L1_EW,32NVL_EW,0.085,0.085
1135,32Nvl_L2_EW,32NVL_EW,0.093,0.093
1135,32Nvl_L1_EW,32NVL_EW,0.007,0.007
1135,32Nvl_L2_EW,32NVL_EW,0.007,0.007
1135,32Mt_L1_EW,NONE,0.007,0.0
1135,32Mt_L3_EW,NONE,0.009,0.0
1135,NvcMt_L2_NS,NONE,0.005,0.0
1135,NvcMt_L1_EW,NVCMT_EW,0.006,0.006
1135,304Nvl_L3_EW,NONE,0.044,0.0
1135,32Nvl_L3_EW,NONE,0.006,0.0
1135,32Nvl_L3_EW,NONE,0.075,0.0
1135,32Nvl_L1_NS,32NVL_NS,0.007,0.007
1135,32Mt_L2_EW,NONE,0.008,0.0
1135,NvcMt_L1_NS,NONE,0.005,0.0
1135,NvcMt_L2_EW,NVCMT_EW,0.008,0.008
1140,304Nvl_L1_EW,304NVL_EW,0.102,0.102
1140,304Nvl_L2_EW,304NVL_EW,0.051,0.051
1140,32Nvl_L1_EW,32NVL_EW,0.085,0.085
1140,32Nvl_L2_EW,32NVL_EW,0.093,0.093
1140,NvcNvl_L1_EW,NVCNVL_EW,0.007,0.007
1140,32Mt_L1_NS,32MT_NS,0.006,0.006
1140,32Mt_L1_NS,NONE,0.01,0.0
1140,304Nvl_L3_EW,NONE,0.044,0.0
1140,32Nvl_L3_EW,NONE,0.075,0.0
1140,32Mt_L2_NS,NONE,0.009,0.0
1145,304Nvl_L1_EW,304NVL_EW,0.059,0.059
1145,304Nvl_L2_EW,304NVL_EW,0.051,0.051
1145,304Nvl_L1_NS,NONE,0.088,0.0
1145,32Nvl_L1_EW,32NVL_EW,0.085,0.085
1145,32Nvl_L2_EW,32NVL_EW,0.093,0.093
1145,32Nvl_L3_NS,NONE,0.025,0.0
1145,32Nvl_L2_NS,32NVL_NS,0.024,0.024
1145,NvcNvl_L1_EW,NVCNVL_EW,0.007,0.007
1145,32Mt_L1_NS,32MT_NS,0.006,0.006
1145,32Mt_L1_EW,NONE,0.007,0.0
1145,32Mt_L3_EW,NONE,0.009,0.0
1145,NvcCmt8_L2_NS,NONE,0.011,0.0
1145,NvcCmt8_L1_NS,NONE,0.008,0.0
1145,304Nvl_L3_EW,NONE,0.044,0.0
1145,32Nvl_L1_NS,32NVL_NS,0.02,0.02
1145,32Mt_L2_EW,NONE,0.008,0.0
1150,304Nvl_L1_EW,304NVL_EW,0.11,0.11
1150,304Nvl_L2_EW,304NVL_EW,0.094,0.094
1150,304Nvl_L1_NS,NONE,0.095,0.0
1150,304Nvl_L3_NS,NONE,0.008,0.0
1150,32Nvl_L1_EW,32NVL_EW,0.007,0.007
1150,32Nvl_L2_EW,32NVL_EW,0.007,0.007
1150,32Nvl_L3_NS,NONE,0.033,0.0
1150,32Nvl_L2_NS,32NVL_NS,0.032,0.032
1150,NvcNvl_L1_EW,NVCNVL_EW,0.007,0.007
1150,32Mt_L1_EW,NONE,0.014,0.0
1150,32Mt_L3_EW,NONE,0.009,0.0
1150,NvcMt_L2_NS,NONE,0.005,0.0
1150,304Nvl_L3_EW,NONE,0.082,0.0
1150,304Nvl_L2_NS,NONE,0.007,0.0
1150,32Nvl_L3_EW,NONE,0.006,0.0
1150,32Nvl_L1_NS,32NVL_NS,0.034,0.034
1150,32Mt_L2_EW,NONE,0.008,0.0
1150,NvcMt_L1_NS,NONE,0.005,0.0
1155,304Nvl_L1_EW,304NVL_EW,0.11,0.11
1155,304Nvl_L2_EW,304NVL_EW,0.094,0.094
1155,32Nvl_L3_NS,NONE,0.042,0.0
1155,32Nvl_L2_NS,32NVL_NS,0.039,0.039
1155,32Mt_L1_EW,32MT_EW,0.007,0.007
1155,32Mt_L1_NS,NONE,0.01,0.0
1155,304Nvl_L3_EW,NONE,0.082,0.0
1155,32Nvl_L1_NS,32NVL_NS,0.128,0.128
1155,32Mt_L2_NS,NONE,0.009,0.0
1160,304Nvl_L1_EW,304NVL_EW,0.127,0.127
1160,304Nvl_L2_EW,304NVL_EW,0.102,0.102
1160,32Nvl_L1_NS,32NVL_NS,0.007,0.007
1160,32Nvl_L3_NS,NONE,0.042,0.0
1160,32Nvl_L2_NS,32NVL_NS,0.039,0.039
1160,32Mt_L1_NS,32MT_NS,0.006,0.006
1160,32Mt_L1_EW,NONE,0.036,0.0
1160,32Mt_L3_EW,NONE,0.044,0.0
1160,32Mt_L1_EW,32MT_EW,0.007,0.007
1160,32Mt_L1_NS,NONE,0.01,0.0
1160,304Nvl_L3_EW,NONE,0.089,0.0
1160,32Nvl_L2_NS,32NVL_NS,0.007,0.007
1160,32Nvl_L1_NS,32NVL_NS,0.121,0.121
1160,32Mt_L2_EW,NONE,0.038,0.0
1160,32Mt_L2_EW,32MT_EW,0.005,0.005
1165,304Nvl_L1_EW,304NVL_EW,0.008,0.008
1165,304Nvl_L1_EW,NONE,0.008,0.0
1165,304Nvl_L2_EW,NONE,0.009,0.0
1165,32Nvl_L1_NS,32NVL_NS,0.007,0.007
1165,32Nvl_L1_EW,32NVL_EW,0.042,0.038
1165,32Nvl_L2_EW,32NVL_EW,0.046,0.043
1165,32Nvl_L1_EW,32NVL_EW,0.007,0.002
1165,32Nvl_L2_EW,32NVL_EW,0.007,0.004
1165,32Nvl_L3_NS,NONE,0.042,0.0
1165,32Nvl_L2_NS,32NVL_NS,0.039,0.039
1165,32Mt_L1_EW,32MT_EW,0.007,-0.023
1165,304Nvl_L3_EW,NONE,0.008,0.0
1165,32Nvl_L2_NS,32NVL_NS,0.007,0.007
1165,32Nvl_L3_EW,NONE,0.006,0.0
1165,32Nvl_L3_EW,NONE,0.038,0.0
1165,32Nvl_L1_NS,32NVL_NS,0.114,0.114
1165,32Mt_L2_EW,32MT_EW,0.005,-0.027
1170,304Nvl_L1_NS,NONE,0.015,0.0
1170,32Nvl_L1_NS,32NVL_NS,0.007,0.007
1170,32Nvl_L1_EW,32NVL_EW,0.035,0.011
1170,32Nvl_L2_EW,32NVL_EW,0.039,0.039
1170,32Nvl_L3_NS,NONE,0.042,0.0
1170,32Nvl_L2_NS,32NVL_NS,0.039,0.039
1170,NvcNvl_L3_NS,NONE,0.014,0.0
1170,NvcNvl_L2_NS,NONE,0.013,0.0
1170,32Mt_L1_EW,NONE,0.007,0.0
1170,32Mt_L3_EW,NONE,0.009,0.0
1170,32Mt_L1_EW,32MT_EW,0.035,0.01
1170,32Nvl_L2_NS,32NVL_NS,0.007,0.007
1170,32Nvl_L3_EW,NONE,0.031,0.0
1170,32Nvl_L1_NS,32NVL_NS,0.034,0.034
1170,NvcNvl_L1_NS,NONE,0.017,0.0
1170,32Mt_L2_EW,NONE,0.008,0.0
1175,304Nvl_L1_EW,304NVL_EW,0.068,0.068
1175,304Nvl_L2_EW,304NVL_EW,0.015,0.015
1175,304Nvl_L1_NS,NONE,0.015,0.0
1175,32Nvl_L1_NS,32NVL_NS,0.007,0.007
1175,32Nvl_L3_NS,NONE,0.042,0.0
1175,32Nvl_L2_NS,32NVL_NS,0.039,0.039
1175,NvcNvl_L1_EW,NVCNVL_EW,0.007,-0.051
1175,NvcNvl_L2_EW,NVCNVL_EW,0.008,0.008
1175,32Mt_L1_EW,32MT_EW,0.035,0.035
1175,32Mt_L1_NS,NONE,0.01,0.0
1175,NvcMt_L1_EW,NVCMT_EW,0.083,0.078
1175,304Nvl_L3_EW,NONE,0.013,0.0
1175,32Nvl_L2_NS,32NVL_NS,0.007,0.007
1175,32Nvl_L1_NS,32NVL_NS,0.04,0.04
1175,NvcNvl_L3_EW,NONE,0.009,0.0
1175,32Mt_L2_EW,32MT_EW,0.027,0.027
1175,32Mt_L2_NS,NONE,0.009,0.0
1175,NvcMt_L2_EW,NVCMT_EW,0.103,0.098
1180,304Nvl_L1_EW,304NVL_EW,0.042,0.042
1180,304Nvl_L1_NS,NONE,0.007,0.0
1180,32Nvl_L1_NS,32NVL_NS,0.007,0.007
1180,32Nvl_L3_NS,NONE,0.042,0.0
1180,32Nvl_L2_NS,32NVL_NS,0.039,0.039
1180,NvcNvl_L3_NS,NONE,0.041,0.0
1180,NvcNvl_L2_NS,NONE,0.04,0.0
1180,NvcNvl_L1_EW,NVCNVL_EW,0.014,-0.039
1180,NvcNvl_L2_EW,NVCNVL_EW,0.008,0.008
1180,32Mt_L1_EW,NONE,0.007,0.0
1180,32Mt_L1_EW,32MT_EW,0.042,0.042
1180,NvcMt_L1_EW,NVCMT_EW,0.076,0.066
1180,32Nvl_L2_NS,32NVL_NS,0.007,0.007
1180,32Nvl_L1_NS,32NVL_NS,0.074,0.074
1180,NvcNvl_L1_NS,NONE,0.052,0.0
1180,NvcNvl_L3_EW,NONE,0.009,0.0
1180,32Mt_L2_EW,32MT_EW,0.027,0.027
1180,NvcMt_L2_EW,NVCMT_EW,0.095,0.09
1185,304Nvl_L1_NS,NONE,0.007,0.0
1185,32Nvl_L1_NS,32NVL_NS,0.007,0.002
1185,32Nvl_L3_NS,NONE,0.042,0.0
1185,32Nvl_L2_NS,32NVL_NS,0.039,0.039
1185,NvcNvl_L3_NS,NONE,0.014,0.0
1185,NvcNvl_L2_NS,NONE,0.013,0.0
1185,NvcNvl_L1_NS,NVCNVL_NS,0.007,0.002
1185,32Mt_L1_EW,32MT_EW,0.007,0.007
1185,NvcCmt8_L2_EW,NONE,0.007,0.0
1185,NvcCmt8_L2_NS,NONE,0.011,0.0
1185,32Thn_L1_EW,32THN_EW,0.008,0.008
1185,32Thn_L2_EW,32THN_EW,0.008,0.008
1185,NvcCmt8_L1_NS,NONE,0.008,0.0
1185,32Thn_L3_EW,NONE,0.008,0.0
1185,32Nvl_L2_NS,32NVL_NS,0.007,0.007
1185,32Nvl_L1_NS,32NVL_NS,0.067,0.062
1185,NvcNvl_L1_NS,NONE,0.017,0.0
1185,32Mt_L2_EW,32MT_EW,0.005,0.005
1185,NvcMt_L1_EW,NVCMT_EW,0.006,0.006
1185,NvcCmt8_L1_EW,NONE,0.006,0.0
1190,304Nvl_L1_NS,304NVL_NS,0.009,-0.054
1190,304Nvl_L1_EW,304NVL_EW,0.102,0.102
1190,304Nvl_L2_EW,304NVL_EW,0.087,0.087
1190,32Nvl_L3_NS,NONE,0.082,0.0
1190,32Nvl_L1_NS,32NVL_NS,0.09,0.079
1190,32Nvl_L1_EW,32NVL_EW,0.007,0.002
1190,32Nvl_L2_EW,32NVL_EW,0.008,0.004
1190,32Nvl_L3_NS,NONE,0.142,0.0
1190,32Nvl_L2_NS,32NVL_NS,0.134,0.134
1190,NvcNvl_L1_EW,NONE,0.011,0.0
1190,NvcNvl_L2_EW,NONE,0.008,0.0
1190,NvcNvl_L1_NS,NVCNVL_NS,0.007,-0.056
1190,32Mt_L1_EW,32MT_EW,0.007,0.002
1190,NvcMt_L1_EW,NVCMT_EW,0.032,0.032
1190,NvcMt_L2_EW,NVCMT_EW,0.003,0.003
1190,32Thn_L1_EW,NONE,0.01,0.0
1190,304Nvl_L3_EW,NONE,0.076,0.0
1190,32Nvl_L2_NS,32NVL_NS,0.087,0.087
1190,32Nvl_L3_EW,NONE,0.006,0.0
1190,32Nvl_L1_NS,32NVL_NS,0.114,0.103
1190,NvcNvl_L3_EW,NONE,0.006,0.0
1190,32Mt_L2_EW,32MT_EW,0.005,0.0
1190,NvcMt_L2_EW,NVCMT_EW,0.04,0.04
1190,NvcMt_L1_EW,NVCMT_EW,0.006,0.006
1195,304Nvl_L1_NS,304NVL_NS,0.009,-0.054
1195,304Nvl_L1_EW,304NVL_EW,0.102,0.102
1195,304Nvl_L2_EW,304NVL_EW,0.087,0.087
1195,32Nvl_L3_NS,NONE,0.082,0.0
1195,32Nvl_L1_NS,32NVL_NS,0.09,0.084
1195,32Nvl_L3_NS,NONE,0.142,0.0
1195,32Nvl_L2_NS,32NVL_NS,0.134,0.134
1195,NvcNvl_L1_EW,NVCNVL_EW,0.007,0.007
1195,32Mt_L1_EW,32MT_EW,0.007,0.007
1195,304Nvl_L3_EW,NONE,0.076,0.0
1195,32Nvl_L2_NS,32NVL_NS,0.087,0.087
1195,32Nvl_L1_NS,32NVL_NS,0.114,0.108
1200,32Nvl_L3_NS,NONE,0.089,0.0
1200,32Nvl_L1_NS,32NVL_NS,0.104,0.104
1200,32Nvl_L3_NS,NONE,0.159,0.0
1200,32Nvl_L2_NS,32NVL_NS,0.15,0.15
1200,NvcNvl_L3_NS,NONE,0.014,0.0
1200,NvcNvl_L2_NS,NONE,0.013,0.0
1200,NvcNvl_L1_EW,NVCNVL_EW,0.007,0.007
1200,32Mt_L1_EW,32MT_EW,0.007,0.007
1200,32Mt_L1_NS,NONE,0.01,0.0
1200,32Nvl_L2_NS,32NVL_NS,0.1,0.1
1200,32Nvl_L1_NS,32NVL_NS,0.134,0.134
1200,NvcNvl_L1_NS,NONE,0.017,0.0
1200,32Mt_L2_EW,32MT_EW,0.005,0.005
1200,32Mt_L2_NS,NONE,0.009,0.0
1205,304Nvl_L1_NS,304NVL_NS,0.045,-0.032
1205,304Nvl_L3_NS,NONE,0.037,0.0
1205,304Nvl_L1_EW,304NVL_EW,0.102,0.102
1205,32Nvl_L3_NS,NONE,0.089,0.0
1205,32Nvl_L1_NS,32NVL_NS,0.111,0.079
1205,32Nvl_L3_NS,NONE,0.2,0.0
1205,32Nvl_L2_NS,32NVL_NS,0.19,0.163
1205,NvcNvl_L2_NS,NONE,0.007,0.0
1205,32Mt_L1_EW,NONE,0.173,0.0
1205,32Mt_L3_EW,NONE,0.212,0.0
1205,32Mt_L1_NS,NONE,0.01,0.0
1205,NvcMt_L2_NS,NONE,0.032,0.0
1205,304Nvl_L2_NS,304NVL_NS,0.038,-0.095
1205,32Nvl_L2_NS,32NVL_NS,0.107,0.08
1205,32Nvl_L1_NS,32NVL_NS,0.168,0.136
1205,NvcNvl_L1_NS,NONE,0.009,0.0
1205,32Mt_L2_EW,NONE,0.181,0.0
1205,32Mt_L2_NS,NONE,0.009,0.0
1205,NvcMt_L1_NS,NONE,0.033,0.0
1210,304Nvl_L1_NS,304NVL_NS,0.045,-0.037
1210,304Nvl_L3_NS,NONE,0.037,0.0
1210,32Nvl_L3_NS,NONE,0.095,0.0
1210,32Nvl_L1_NS,32NVL_NS,0.118,0.086
1210,32Nvl_L1_EW,32NVL_EW,0.007,0.007
1210,32Nvl_L2_EW,32NVL_EW,0.008,0.008
1210,32Nvl_L3_NS,NONE,0.209,0.0
1210,32Nvl_L2_NS,32NVL_NS,0.197,0.171
1210,NvcNvl_L1_EW,NVCNVL_EW,0.007,0.007
1210,32Mt_L1_EW,NONE,0.101,0.0
1210,32Mt_L3_EW,NONE,0.124,0.0
1210,32Mt_L1_NS,NONE,0.01,0.0
1210,NvcMt_L2_NS,NONE,0.005,0.0
1210,NvcCmt8_L2_EW,NVCCMT8_EW,0.005,0.005
1210,304Nvl_L2_NS,304NVL_NS,0.038,-0.1
1210,32Nvl_L2_NS,32NVL_NS,0.113,0.087
1210,32Nvl_L3_EW,NONE,0.006,0.0
1210,32Nvl_L1_NS,32NVL_NS,0.168,0.136
1210,32Mt_L2_EW,NONE,0.106,0.0
1210,32Mt_L2_NS,NONE,0.009,0.0
1210,NvcMt_L1_NS,NONE,0.005,0.0
1210,NvcCmt8_L1_EW,NVCCMT8_EW,0.008,0.008
1215,304Nvl_L1_NS,304NVL_NS,0.045,-0.037
1215,304Nvl_L3_NS,NONE,0.037,0.0
1215,32Nvl_L3_NS,NONE,0.095,0.0
1215,32Nvl_L1_NS,32NVL_NS,0.118,0.086
1215,32Nvl_L3_NS,NONE,0.217,0.0
1215,32Nvl_L2_NS,32NVL_NS,0.205,0.179
1215,32Mt_L1_EW,NONE,0.101,0.0
1215,32Mt_L3_EW,NONE,0.124,0.0
1215,32Mt_L1_EW,32MT_EW,0.091,0.091
1215,304Nvl_L2_NS,304NVL_NS,0.038,-0.106
1215,32Nvl_L2_NS,32NVL_NS,0.113,0.087
1215,32Nvl_L1_NS,32NVL_NS,0.174,0.143
1215,32Mt_L2_EW,NONE,0.106,0.0
1215,32Mt_L2_EW,32MT_EW,0.005,0.005
1215,NvcMt_L1_EW,NVCMT_EW,0.028,0.028
1220,304Nvl_L1_NS,304NVL_NS,0.045,-0.037
1220,304Nvl_L3_NS,NONE,0.037,0.0
1220,304Nvl_L1_EW,304NVL_EW,0.017,0.017
1220,304Nvl_L2_EW,304NVL_EW,0.015,0.015
1220,32Nvl_L3_NS,NONE,0.089,0.0
1220,32Nvl_L1_NS,32NVL_NS,0.118,0.086
1220,32Nvl_L1_EW,32NVL_EW,0.007,-0.056
1220,32Nvl_L2_EW,32NVL_EW,0.008,-0.042
1220,32Nvl_L1_EW,32NVL_EW,0.007,-0.057
1220,32Nvl_L3_NS,NONE,0.217,0.0
1220,32Nvl_L2_NS,32NVL_NS,0.205,0.179
1220,32Mt_L1_NS,32MT_NS,0.006,0.006
1220,32Mt_L1_EW,32MT_EW,0.091,0.086
1220,32Mt_L1_NS,NONE,0.01,0.0
1220,NvcCmt8_L2_NS,NONE,0.011,0.0
1220,NvcCmt8_L1_NS,NONE,0.008,0.0
1220,304Nvl_L2_NS,304NVL_NS,0.038,-0.106
1220,304Nvl_L3_EW,NONE,0.006,0.0
1220,32Nvl_L2_NS,32NVL_NS,0.113,0.087
1220,32Nvl_L3_EW,NONE,0.006,0.0
1220,32Nvl_L1_NS,32NVL_NS,0.174,0.143
1220,32Mt_L2_EW,32MT_EW,0.071,0.065
1220,32Mt_L2_NS,NONE,0.009,0.0
1225,304Nvl_L1_NS,304NVL_NS,0.045,-0.032
1225,304Nvl_L3_NS,NONE,0.037,0.0
1225,304Nvl_L1_EW,304NVL_EW,0.008,0.008
1225,304Nvl_L2_EW,304NVL_EW,0.007,0.007
1225,32Nvl_L3_NS,NONE,0.089,0.0
1225,32Nvl_L1_NS,32NVL_NS,0.111,0.079
1225,32Nvl_L3_NS,NONE,0.217,0.0
1225,32Nvl_L2_NS,32NVL_NS,0.205,0.179
1225,NvcNvl_L3_NS,NONE,0.007,0.0
1225,NvcNvl_L2_NS,NONE,0.007,0.0
1225,32Mt_L1_NS,32MT_NS,0.006,0.006
1225,32Mt_L1_EW,NONE,0.007,0.0
1225,32Mt_L3_EW,NONE,0.009,0.0
1225,32Mt_L1_EW,32MT_EW,0.007,0.007
1225,304Nvl_L2_NS,304NVL_NS,0.038,-0.106
1225,304Nvl_L3_EW,NONE,0.006,0.0
1225,32Nvl_L2_NS,32NVL_NS,0.107,0.08
1225,32Nvl_L1_NS,32NVL_NS,0.174,0.143
1225,NvcNvl_L1_NS,NONE,0.009,0.0
1225,32Mt_L2_EW,NONE,0.008,0.0
1225,32Mt_L2_EW,32MT_EW,0.005,0.005
1230,304Nvl_L1_NS,304NVL_NS,0.045,-0.027
1230,304Nvl_L3_NS,NONE,0.037,0.0
1230,304Nvl_L1_EW,304NVL_EW,0.017,0.017
1230,304Nvl_L2_EW,304NVL_EW,0.015,0.015
1230,304Nvl_L1_NS,NONE,0.007,0.0
1230,32Nvl_L3_NS,NONE,0.082,0.0
1230,32Nvl_L1_NS,32NVL_NS,0.104,0.072
1230,32Nvl_L3_NS,NONE,0.217,0.0
1230,32Nvl_L2_NS,32NVL_NS,0.205,0.179
1230,NvcNvl_L1_EW,NONE,0.011,0.0
1230,NvcNvl_L2_EW,NONE,0.008,0.0
1230,NvcNvl_L1_EW,NVCNVL_EW,0.007,0.007
1230,NvcNvl_L2_EW,NVCNVL_EW,0.008,0.008
1230,32Mt_L1_NS,32MT_NS,0.006,0.006
1230,32Mt_L1_EW,32MT_EW,0.091,0.091
1230,NvcCmt8_L2_NS,NONE,0.012,0.0
1230,304Nvl_L2_NS,304NVL_NS,0.038,-0.106
1230,304Nvl_L3_EW,NONE,0.006,0.0
1230,32Nvl_L2_NS,32NVL_NS,0.1,0.073
1230,32Nvl_L1_NS,32NVL_NS,0.181,0.15
1230,NvcNvl_L3_EW,NONE,0.006,0.0
1230,NvcNvl_L3_EW,NONE,0.009,0.0
1230,32Mt_L2_EW,32MT_EW,0.065,0.065
1230,NvcCmt8_L1_NS,NONE,0.011,0.0
1235,304Nvl_L1_NS,304NVL_NS,0.045,-0.023
1235,304Nvl_L3_NS,NONE,0.037,0.0
1235,304Nvl_L1_EW,304NVL_EW,0.017,0.017
1235,304Nvl_L2_EW,304NVL_EW,0.007,0.007
1235,32Nvl_L3_NS,NONE,0.082,0.0
1235,32Nvl_L1_NS,32NVL_NS,0.097,0.061
1235,32Nvl_L3_NS,NONE,0.217,0.0
1235,32Nvl_L2_NS,32NVL_NS,0.213,0.187
1235,NvcNvl_L3_NS,NONE,0.007,0.0
1235,NvcNvl_L2_NS,NONE,0.007,0.0
1235,NvcNvl_L1_NS,NVCNVL_NS,0.007,-0.061
1235,32Mt_L1_NS,32MT_NS,0.013,0.013
1235,32Mt_L1_EW,32MT_EW,0.091,0.091
1235,304Nvl_L2_NS,304NVL_NS,0.038,-0.111
1235,304Nvl_L3_EW,NONE,0.006,0.0
1235,32Nvl_L2_NS,32NVL_NS,0.093,0.067
1235,32Nvl_L1_NS,32NVL_NS,0.188,0.152
1235,NvcNvl_L1_NS,NONE,0.009,0.0
1235,32Mt_L2_EW,32MT_EW,0.065,0.065
1240,304Nvl_L1_EW,304NVL_EW,0.008,0.008
1240,304Nvl_L2_EW,304NVL_EW,0.007,0.007
1240,304Nvl_L1_NS,NONE,0.007,0.0
1240,32Nvl_L1_EW,32NVL_EW,0.007,0.007
1240,32Nvl_L2_EW,32NVL_EW,0.007,0.007
1240,32Nvl_L3_NS,NONE,0.092,0.0
1240,32Nvl_L2_NS,32NVL_NS,0.087,0.087
1240,32Mt_L1_NS,32MT_NS,0.006,0.006
1240,304Nvl_L3_EW,NONE,0.006,0.0
1240,32Nvl_L3_EW,NONE,0.006,0.0
1240,32Nvl_L1_NS,32NVL_NS,0.087,0.087
1245,304Nvl_L1_EW,304NVL_EW,0.008,0.008
1245,304Nvl_L2_EW,304NVL_EW,0.007,0.007
1245,304Nvl_L1_NS,NONE,0.036,0.0
1245,32Nvl_L1_NS,32NVL_NS,0.007,0.002
1245,32Nvl_L1_EW,32NVL_EW,0.007,0.002
1245,32Nvl_L2_EW,32NVL_EW,0.007,0.004
1245,32Nvl_L3_NS,NONE,0.175,0.0
1245,32Nvl_L2_NS,32NVL_NS,0.166,0.166
1245,NvcNvl_L1_EW,NVCNVL_EW,0.007,0.007
1245,NvcNvl_L2_EW,NVCNVL_EW,0.008,0.008
1245,NvcNvl_L1_NS,NVCNVL_NS,0.007,0.002
1245,32Mt_L1_EW,32MT_EW,0.007,0.007
1245,304Nvl_L3_EW,NONE,0.006,0.0
1245,32Nvl_L3_EW,NONE,0.006,0.0
1245,32Nvl_L1_NS,32NVL_NS,0.154,0.15
1245,NvcNvl_L3_EW,NONE,0.009,0.0
1245,32Mt_L2_EW,32MT_EW,0.005,0.005
1250,304Nvl_L1_EW,304NVL_EW,0.008,0.008
1250,304Nvl_L2_EW,304NVL_EW,0.007,0.007
1250,304Nvl_L1_NS,NONE,0.036,0.0
1250,32Nvl_L1_NS,32NVL_NS,0.083,0.083
1250,32Nvl_L1_EW,32NVL_EW,0.007,-0.009
1250,32Nvl_L2_EW,32NVL_EW,0.007,-0.006
1250,32Nvl_L3_NS,NONE,0.125,0.0
1250,32Nvl_L2_NS,32NVL_NS,0.118,0.118
1250,NvcNvl_L3_NS,NONE,0.007,0.0
1250,NvcNvl_L2_NS,NONE,0.007,0.0
1250,NvcNvl_L1_EW,NVCNVL_EW,0.007,0.007
1250,NvcNvl_L2_EW,NVCNVL_EW,0.008,0.008
1250,32Mt_L1_EW,32MT_EW,0.014,0.014
1250,32Thn_L1_EW,32THN_EW,0.008,0.008
1250,32Thn_L2_EW,32THN_EW,0.008,0.008
1250,304Nvl_L3_EW,NONE,0.006,0.0
1250,32Nvl_L3_EW,NONE,0.006,0.0
1250,32Nvl_L1_NS,32NVL_NS,0.101,0.101
1250,NvcNvl_L1_NS,NONE,0.009,0.0
1250,NvcNvl_L3_EW,NONE,0.009,0.0
1250,32Mt_L2_EW,32MT_EW,0.011,0.011
1255,304Nvl_L1_NS,NONE,0.007,0.0
1255,32Nvl_L3_NS,NONE,0.007,0.0
1255,32Nvl_L1_NS,32NVL_NS,0.09,0.09
1255,32Nvl_L1_EW,32NVL_EW,0.007,-0.009
1255,32Nvl_L2_EW,32NVL_EW,0.007,-0.006
1255,32Nvl_L3_NS,NONE,0.15,0.0
1255,32Nvl_L2_NS,32NVL_NS,0.142,0.142
1255,NvcNvl_L1_EW,NVCNVL_EW,0.007,0.007
1255,NvcNvl_L2_EW,NVCNVL_EW,0.008,0.008
1255,32Mt_L1_EW,NONE,0.014,0.0
1255,32Mt_L3_EW,NONE,0.018,0.0
1255,32Mt_L1_EW,32MT_EW,0.014,0.014
1255,32Thn_L1_EW,32THN_EW,0.008,0.008
1255,32Thn_L2_EW,32THN_EW,0.008,0.008
1255,32Thn_L3_EW,NONE,0.008,0.0
1255,32Nvl_L2_NS,32NVL_NS,0.007,0.007
1255,32Nvl_L3_EW,NONE,0.006,0.0
1255,32Nvl_L1_NS,32NVL_NS,0.121,0.121
1255,NvcNvl_L3_EW,NONE,0.009,0.0
1255,32Mt_L2_EW,NONE,0.015,0.0
1255,32Mt_L2_EW,32MT_EW,0.011,0.011
1260,304Nvl_L1_NS,NONE,0.007,0.0
1260,32Nvl_L1_NS,32NVL_NS,0.09,0.09
1260,32Nvl_L1_EW,32NVL_EW,0.007,-0.009
1260,32Nvl_L2_EW,32NVL_EW,0.007,-0.006
1260,NvcNvl_L1_EW,NONE,0.011,0.0
1260,NvcNvl_L2_EW,NONE,0.008,0.0
1260,NvcNvl_L1_EW,NVCNVL_EW,0.007,0.007
1260,NvcNvl_L2_EW,NVCNVL_EW,0.008,0.008
1260,32Mt_L1_EW,32MT_EW,0.014,0.014
1260,32Thn_L1_EW,32THN_EW,0.008,0.008
1260,32Thn_L2_EW,32THN_EW,0.008,0.008
1260,32Thn_L3_EW,NONE,0.008,0.0
1260,32Nvl_L3_EW,NONE,0.006,0.0
1260,32Nvl_L1_NS,32NVL_NS,0.007,0.007
1260,NvcNvl_L3_EW,NONE,0.009,0.0
1260,32Mt_L2_EW,32MT_EW,0.011,0.011
1265,32Nvl_L3_NS,NONE,0.007,0.0
1265,32Nvl_L1_NS,32NVL_NS,0.021,0.021
1265,32Nvl_L1_EW,32NVL_EW,0.035,0.015
1265,32Nvl_L2_EW,32NVL_EW,0.039,0.021
1265,32Nvl_L1_EW,32NVL_EW,0.007,-0.014
1265,32Nvl_L2_EW,32NVL_EW,0.007,-0.01
1265,NvcNvl_L1_EW,NVCNVL_EW,0.007,0.007
1265,NvcNvl_L2_EW,NVCNVL_EW,0.008,0.008
1265,32Mt_L1_NS,32MT_NS,0.006,0.006
1265,32Mt_L1_EW,32MT_EW,0.021,-0.004
1265,32Mt_L1_NS,NONE,0.01,0.0
1265,32Thn_L1_EW,NONE,0.01,0.0
1265,32Thn_L2_EW,NONE,0.01,0.0
1265,32Thn_L1_EW,32THN_EW,0.008,-0.017
1265,32Thn_L2_EW,32THN_EW,0.008,-0.019
1265,32Thn_L3_EW,NONE,0.008,0.0
1265,32Nvl_L2_NS,32NVL_NS,0.007,0.007
1265,32Nvl_L3_EW,NONE,0.006,0.0
1265,32Nvl_L3_EW,NONE,0.031,0.0
1265,32Nvl_L1_NS,32NVL_NS,0.013,0.013
1265,NvcNvl_L3_EW,NONE,0.009,0.0
1265,32Mt_L2_EW,32MT_EW,0.016,-0.011
1270,304Nvl_L1_EW,304NVL_EW,0.008,0.008
1270,304Nvl_L2_EW,304NVL_EW,0.007,0.007
1270,32Nvl_L1_NS,32NVL_NS,0.007,0.007
1270,32Nvl_L1_EW,32NVL_EW,0.035,0.015
1270,32Nvl_L2_EW,32NVL_EW,0.039,0.021
1270,32Nvl_L1_EW,32NVL_EW,0.007,-0.014
1270,32Nvl_L2_EW,32NVL_EW,0.007,-0.01
1270,32Nvl_L3_NS,NONE,0.008,0.0
1270,32Nvl_L2_NS,32NVL_NS,0.008,0.008
1270,NvcNvl_L1_EW,NVCNVL_EW,0.007,0.007
1270,NvcNvl_L2_EW,NVCNVL_EW,0.008,0.008
1270,32Mt_L1_EW,32MT_EW,0.021,-0.004
1270,NvcMt_L2_NS,NONE,0.005,0.0
1270,32Thn_L1_EW,32THN_EW,0.008,-0.017
1270,32Thn_L2_EW,32THN_EW,0.008,-0.019
1270,32Thn_L3_EW,NONE,0.008,0.0
1270,304Nvl_L3_EW,NONE,0.006,0.0
1270,32Nvl_L3_EW,NONE,0.006,0.0
1270,32Nvl_L3_EW,NONE,0.031,0.0
1270,32Nvl_L1_NS,32NVL_NS,0.007,0.007
1270,NvcNvl_L3_EW,NONE,0.009,0.0
1270,32Mt_L2_EW,32MT_EW,0.016,-0.011
1270,NvcMt_L1_NS,NONE,0.005,0.0
1275,304Nvl_L1_EW,304NVL_EW,0.11,0.11
1275,304Nvl_L2_EW,304NVL_EW,0.094,0.094
1275,304Nvl_L1_NS,NONE,0.007,0.0
1275,304Nvl_L3_NS,NONE,0.008,0.0
1275,32Nvl_L3_NS,NONE,0.034,0.0
1275,32Nvl_L1_NS,32NVL_NS,0.035,0.035
1275,32Nvl_L1_EW,32NVL_EW,0.035,0.015
1275,32Nvl_L2_EW,32NVL_EW,0.039,0.027
1275,32Nvl_L1_EW,32NVL_EW,0.007,-0.014
1275,32Nvl_L2_EW,32NVL_EW,0.007,-0.004
1275,NvcNvl_L1_EW,NVCNVL_EW,0.007,0.007
1275,NvcNvl_L2_EW,NVCNVL_EW,0.008,0.008
1275,32Mt_L1_EW,32MT_EW,0.021,-0.004
1275,32Thn_L1_EW,NONE,0.01,0.0
1275,32Thn_L1_EW,32THN_EW,0.008,-0.017
1275,304Nvl_L3_EW,NONE,0.076,0.0
1275,304Nvl_L2_NS,NONE,0.007,0.0
1275,32Nvl_L2_NS,32NVL_NS,0.033,0.033
1275,32Nvl_L3_EW,NONE,0.006,0.0
1275,32Nvl_L3_EW,NONE,0.031,0.0
1275,32Nvl_L1_NS,32NVL_NS,0.081,0.081
1275,NvcNvl_L3_EW,NONE,0.009,0.0
1275,32Mt_L2_EW,32MT_EW,0.016,-0.011
1280,304Nvl_L1_EW,304NVL_EW,0.161,0.161
1280,304Nvl_L2_EW,304NVL_EW,0.138,0.138
1280,304Nvl_L1_NS,NONE,0.007,0.0
1280,32Nvl_L3_NS,NONE,0.007,0.0
1280,32Nvl_L1_NS,32NVL_NS,0.007,0.007
1280,32Nvl_L1_EW,32NVL_EW,0.035,0.015
1280,32Nvl_L2_EW,32NVL_EW,0.039,0.027
1280,32Nvl_L1_EW,32NVL_EW,0.007,-0.014
1280,32Nvl_L2_EW,32NVL_EW,0.007,-0.004
1280,32Nvl_L3_NS,NONE,0.008,0.0
1280,32Nvl_L2_NS,32NVL_NS,0.008,0.008
1280,NvcNvl_L1_EW,NVCNVL_EW,0.007,-0.015
1280,NvcNvl_L2_EW,NVCNVL_EW,0.008,0.008
1280,32Mt_L1_EW,NONE,0.007,0.0
1280,32Mt_L3_EW,NONE,0.009,0.0
1280,32Mt_L1_EW,32MT_EW,0.021,-0.004
1280,NvcMt_L1_EW,NVCMT_EW,0.032,0.027
1280,32Thn_L1_EW,NONE,0.01,0.0
1280,32Thn_L1_EW,32THN_EW,0.008,-0.017
1280,304Nvl_L3_EW,NONE,0.12,0.0
1280,32Nvl_L2_NS,32NVL_NS,0.007,0.007
1280,32Nvl_L3_EW,NONE,0.006,0.0
1280,32Nvl_L3_EW,NONE,0.031,0.0
1280,32Nvl_L1_NS,32NVL_NS,0.007,0.007
1280,NvcNvl_L3_EW,NONE,0.009,0.0
1280,32Mt_L2_EW,NONE,0.008,0.0
1280,32Mt_L2_EW,32MT_EW,0.016,-0.011
1280,NvcMt_L2_EW,NVCMT_EW,0.04,0.034
1285,304Nvl_L1_EW,304NVL_EW,0.042,0.042
1285,304Nvl_L2_EW,304NVL_EW,0.036,0.036
1285,32Nvl_L3_NS,NONE,0.007,0.0
1285,32Nvl_L1_NS,32NVL_NS,0.007,0.007
1285,32Nvl_L1_EW,32NVL_EW,0.035,0.021
1285,32Nvl_L2_EW,32NVL_EW,0.039,0.027
1285,32Nvl_L1_EW,32NVL_EW,0.007,-0.008
1285,32Nvl_L2_EW,32NVL_EW,0.007,-0.004
1285,NvcNvl_L1_EW,NVCNVL_EW,0.007,-0.015
1285,NvcNvl_L2_EW,NVCNVL_EW,0.008,0.008
1285,32Mt_L1_EW,32MT_EW,0.021,-0.004
1285,32Mt_L1_NS,NONE,0.01,0.0
1285,NvcMt_L1_EW,NVCMT_EW,0.032,0.027
1285,32Nvl_L2_NS,32NVL_NS,0.007,0.007
1285,32Nvl_L3_EW,NONE,0.006,0.0
1285,32Nvl_L3_EW,NONE,0.031,0.0
1285,NvcNvl_L3_EW,NONE,0.009,0.0
1285,32Mt_L2_EW,32MT_EW,0.016,-0.011
1285,32Mt_L2_NS,NONE,0.009,0.0
1285,NvcMt_L2_EW,NVCMT_EW,0.04,0.034
1290,304Nvl_L1_EW,304NVL_EW,0.008,0.008
1290,304Nvl_L1_NS,NONE,0.088,0.0
1290,32Nvl_L1_EW,32NVL_EW,0.035,0.021
1290,32Nvl_L2_EW,32NVL_EW,0.039,0.027
1290,32Nvl_L1_EW,32NVL_EW,0.007,-0.008
1290,32Nvl_L2_EW,32NVL_EW,0.007,-0.004
1290,32Mt_L1_NS,32MT_NS,0.013,0.013
1290,32Mt_L1_EW,32MT_EW,0.021,-0.004
1290,NvcMt_L1_EW,NVCMT_EW,0.032,0.032
1290,32Nvl_L3_EW,NONE,0.006,0.0
1290,32Nvl_L3_EW,NONE,0.031,0.0
1290,32Mt_L2_EW,32MT_EW,0.016,-0.011
1290,NvcMt_L2_EW,NVCMT_EW,0.04,0.04
1295,304Nvl_L1_EW,304NVL_EW,0.008,0.008
1295,304Nvl_L2_EW,304NVL_EW,0.007,0.007
1295,304Nvl_L1_NS,NONE,0.131,0.0
1295,304Nvl_L3_NS,NONE,0.008,0.0
1295,32Nvl_L1_EW,32NVL_EW,0.035,0.0
1295,32Nvl_L2_EW,32NVL_EW,0.039,0.01
1295,32Nvl_L1_EW,32NVL_EW,0.007,-0.028
1295,32Nvl_L2_EW,32NVL_EW,0.007,-0.021
1295,32Mt_L1_NS,32MT_NS,0.006,0.006
1295,32Mt_L1_EW,32MT_EW,0.042,0.017
1295,NvcMt_L2_NS,NONE,0.005,0.0
1295,NvcCmt8_L2_EW,NVCCMT8_EW,0.005,0.005
1295,32Thn_L1_EW,32THN_EW,0.008,-0.017
1295,32Thn_L2_EW,32THN_EW,0.008,-0.019
1295,32Thn_L3_EW,NONE,0.008,0.0
1295,304Nvl_L3_EW,NONE,0.006,0.0
1295,304Nvl_L2_NS,NONE,0.007,0.0
1295,32Nvl_L3_EW,NONE,0.006,0.0
1295,32Nvl_L3_EW,NONE,0.031,0.0
1295,32Nvl_L1_NS,32NVL_NS,0.007,0.007
1295,32Mt_L2_EW,32MT_EW,0.033,0.006
1295,NvcMt_L1_NS,NONE,0.005,0.0
1295,NvcCmt8_L1_EW,NVCCMT8_EW,0.008,0.008
1300,304Nvl_L1_EW,304NVL_EW,0.008,0.008
1300,304Nvl_L2_EW,304NVL_EW,0.007,0.007
1300,304Nvl_L1_NS,NONE,0.015,0.0
1300,304Nvl_L3_NS,NONE,0.016,0.0
1300,32Nvl_L1_EW,32NVL_EW,0.042,0.013
1300,32Nvl_L2_EW,32NVL_EW,0.046,0.023
1300,32Nvl_L1_EW,32NVL_EW,0.007,-0.023
1300,32Nvl_L2_EW,32NVL_EW,0.007,-0.015
1300,NvcNvl_L3_NS,NONE,0.041,0.0
1300,NvcNvl_L2_NS,NONE,0.04,0.0
1300,32Mt_L1_EW,NONE,0.007,0.0
1300,32Mt_L1_EW,32MT_EW,0.042,0.012
1300,32Thn_L1_EW,NONE,0.01,0.0
1300,304Nvl_L3_EW,NONE,0.006,0.0
1300,304Nvl_L2_NS,NONE,0.015,0.0
1300,32Nvl_L3_EW,NONE,0.006,0.0
1300,32Nvl_L3_EW,NONE,0.038,0.0
1300,NvcNvl_L1_NS,NONE,0.052,0.0
1300,32Mt_L2_EW,32MT_EW,0.033,0.0
1305,304Nvl_L1_EW,304NVL_EW,0.025,0.025
1305,304Nvl_L2_EW,304NVL_EW,0.015,0.015
1305,304Nvl_L1_NS,NONE,0.088,0.0
1305,304Nvl_L3_NS,NONE,0.096,0.0
1305,32Nvl_L1_NS,32NVL_NS,0.007,0.007
1305,32Nvl_L1_EW,32NVL_EW,0.035,0.03
1305,32Nvl_L2_EW,32NVL_EW,0.039,0.035
1305,32Nvl_L1_EW,32NVL_EW,0.007,0.002
1305,32Nvl_L2_EW,32NVL_EW,0.007,0.004
1305,32Nvl_L3_NS,NONE,0.008,0.0
1305,32Nvl_L2_NS,32NVL_NS,0.008,0.008
1305,NvcNvl_L2_NS,NONE,0.007,0.0
1305,NvcNvl_L1_EW,NVCNVL_EW,0.007,0.007
1305,NvcNvl_L2_EW,NVCNVL_EW,0.008,0.006
1305,32Mt_L1_NS,32MT_NS,0.006,0.006
1305,32Mt_L1_EW,NONE,0.007,0.0
1305,32Mt_L1_EW,32MT_EW,0.007,-0.018
1305,NvcMt_L2_EW,NVCMT_EW,0.003,-0.003
1305,304Nvl_L3_EW,NONE,0.013,0.0
1305,304Nvl_L2_NS,NONE,0.089,0.0
1305,32Nvl_L2_NS,32NVL_NS,0.007,0.007
1305,32Nvl_L3_EW,NONE,0.006,0.0
1305,32Nvl_L3_EW,NONE,0.031,0.0
1305,32Nvl_L1_NS,32NVL_NS,0.007,0.007
1305,NvcNvl_L1_NS,NONE,0.009,0.0
1305,NvcNvl_L3_EW,NONE,0.009,0.0
1305,32Mt_L2_EW,32MT_EW,0.005,-0.022
1305,NvcMt_L1_EW,NVCMT_EW,0.006,0.001
1310,304Nvl_L1_EW,304NVL_EW,0.008,0.008
1310,304Nvl_L1_NS,NONE,0.088,0.0
1310,304Nvl_L3_NS,NONE,0.096,0.0
1310,32Nvl_L1_EW,32NVL_EW,0.035,0.03
1310,32Nvl_L2_EW,32NVL_EW,0.039,0.035
1310,32Nvl_L1_EW,32NVL_EW,0.013,0.009
1310,32Nvl_L2_EW,32NVL_EW,0.007,0.004
1310,NvcNvl_L1_EW,NONE,0.011,0.0
1310,NvcNvl_L2_EW,NONE,0.008,0.0
1310,32Mt_L1_NS,32MT_NS,0.006,0.006
1310,32Mt_L1_EW,NONE,0.036,0.0
1310,32Mt_L1_EW,32MT_EW,0.007,-0.018
1310,32Mt_L1_NS,NONE,0.01,0.0
1310,304Nvl_L2_NS,NONE,0.089,0.0
1310,32Nvl_L3_EW,NONE,0.006,0.0
1310,32Nvl_L3_EW,NONE,0.031,0.0
1310,32Mt_L2_EW,32MT_EW,0.005,-0.022
1315,304Nvl_L1_EW,304NVL_EW,0.034,0.034
1315,304Nvl_L2_EW,304NVL_EW,0.007,0.007
1315,304Nvl_L1_NS,NONE,0.095,0.0
1315,32Nvl_L1_EW,32NVL_EW,0.035,0.035
1315,32Nvl_L2_EW,32NVL_EW,0.039,0.039
1315,32Nvl_L1_EW,32NVL_EW,0.007,0.007
1315,32Nvl_L2_EW,32NVL_EW,0.007,0.007
1315,NvcNvl_L3_NS,NONE,0.007,0.0
1315,NvcNvl_L2_NS,NONE,0.007,0.0
1315,NvcNvl_L1_EW,NONE,0.011,0.0
1315,NvcNvl_L2_EW,NONE,0.008,0.0
1315,32Mt_L1_NS,32MT_NS,0.006,0.001
1315,NvcMt_L1_NS,NVCMT_NS,0.007,0.002
1315,304Nvl_L3_EW,NONE,0.006,0.0
1315,304Nvl_L2_NS,NONE,0.089,0.0
1315,32Nvl_L3_EW,NONE,0.006,0.0
1315,32Nvl_L3_EW,NONE,0.031,0.0
1315,NvcNvl_L1_NS,NONE,0.009,0.0
1315,NvcNvl_L3_EW,NONE,0.006,0.0
1315,NvcMt_L2_NS,NVCMT_NS,0.005,0.005
1320,304Nvl_L1_EW,304NVL_EW,0.025,0.025
1320,304Nvl_L2_EW,304NVL_EW,0.022,0.022
1320,32Nvl_L3_NS,NONE,0.007,0.0
1320,32Nvl_L1_NS,32NVL_NS,0.007,0.007
1320,32Nvl_L1_EW,32NVL_EW,0.05,0.05
1320,32Nvl_L2_EW,32NVL_EW,0.054,0.054
1320,32Nvl_L1_EW,32NVL_EW,0.007,0.007
1320,32Nvl_L2_EW,32NVL_EW,0.007,0.007
1320,NvcMt_L1_NS,NVCMT_NS,0.007,0.007
1320,304Nvl_L3_EW,NONE,0.019,0.0
1320,32Nvl_L2_NS,32NVL_NS,0.007,0.007
1320,32Nvl_L3_EW,NONE,0.006,0.0
1320,32Nvl_L3_EW,NONE,0.044,0.0
1320,32Nvl_L1_NS,32NVL_NS,0.007,0.007
1320,NvcMt_L2_NS,NVCMT_NS,0.005,0.005
1325,304Nvl_L1_NS,NONE,0.007,0.0
1325,32Nvl_L1_EW,32NVL_EW,0.035,0.03
1325,32Nvl_L2_EW,32NVL_EW,0.039,0.035
1325,32Nvl_L1_EW,32NVL_EW,0.007,0.002
1325,32Nvl_L2_EW,32NVL_EW,0.007,0.004
1325,32Nvl_L3_NS,NONE,0.008,0.0
1325,32Nvl_L2_NS,32NVL_NS,0.008,0.008
1325,32Mt_L1_EW,32MT_EW,0.007,-0.018
1325,NvcMt_L1_EW,NVCMT_EW,0.006,0.006
1325,NvcMt_L1_NS,NVCMT_NS,0.007,0.007
1325,32Nvl_L3_EW,NONE,0.006,0.0
1325,32Nvl_L3_EW,NONE,0.031,0.0
1325,32Nvl_L1_NS,32NVL_NS,0.013,0.013
1325,32Mt_L2_EW,32MT_EW,0.005,-0.022
1325,NvcMt_L2_EW,NVCMT_EW,0.008,0.008
1325,NvcMt_L2_NS,NVCMT_NS,0.005,0.005
1330,304Nvl_L1_EW,304NVL_EW,0.11,0.11
1330,304Nvl_L2_EW,304NVL_EW,0.007,0.007
1330,304Nvl_L1_NS,NONE,0.015,0.0
1330,32Nvl_L3_NS,NONE,0.082,0.0
1330,32Nvl_L1_NS,32NVL_NS,0.118,0.118
1330,32Nvl_L1_EW,32NVL_EW,0.035,0.03
1330,32Nvl_L2_EW,32NVL_EW,0.039,0.035
1330,32Nvl_L1_EW,32NVL_EW,0.007,0.002
1330,32Nvl_L2_EW,32NVL_EW,0.007,0.004
1330,NvcNvl_L3_NS,NONE,0.034,0.0
1330,NvcNvl_L2_NS,NONE,0.033,0.0
1330,NvcNvl_L1_EW,NONE,0.011,0.0
1330,NvcNvl_L2_EW,NONE,0.008,0.0
1330,32Mt_L1_EW,32MT_EW,0.007,-0.018
1330,NvcMt_L1_EW,NVCMT_EW,0.006,0.006
1330,NvcMt_L1_NS,NVCMT_NS,0.007,0.007
1330,304Nvl_L3_EW,NONE,0.006,0.0
1330,32Nvl_L2_NS,32NVL_NS,0.113,0.113
1330,32Nvl_L3_EW,NONE,0.006,0.0
1330,32Nvl_L3_EW,NONE,0.031,0.0
1330,NvcNvl_L1_NS,NONE,0.044,0.0
1330,32Mt_L2_EW,32MT_EW,0.005,-0.022
1330,NvcMt_L2_EW,NVCMT_EW,0.008,0.008
1330,NvcMt_L2_NS,NVCMT_NS,0.005,0.005
1335,304Nvl_L1_EW,304NVL_EW,0.144,0.144
1335,304Nvl_L2_EW,304NVL_EW,0.036,0.036
1335,32Nvl_L3_NS,NONE,0.034,0.0
1335,32Nvl_L1_NS,32NVL_NS,0.125,0.125
1335,32Nvl_L3_NS,NONE,0.008,0.0
1335,32Nvl_L2_NS,32NVL_NS,0.008,0.008
1335,NvcNvl_L3_NS,NONE,0.034,0.0
1335,NvcNvl_L2_NS,NONE,0.033,0.0
1335,32Mt_L1_EW,NONE,0.007,0.0
1335,32Mt_L1_EW,32MT_EW,0.007,0.007
1335,32Mt_L1_NS,NONE,0.068,0.0
1335,NvcMt_L1_EW,NVCMT_EW,0.013,0.013
1335,NvcMt_L1_NS,NVCMT_NS,0.007,0.007
1335,304Nvl_L3_EW,NONE,0.032,0.0
1335,32Nvl_L2_NS,32NVL_NS,0.113,0.113
1335,32Nvl_L1_NS,32NVL_NS,0.007,0.007
1335,NvcNvl_L1_NS,NONE,0.052,0.0
1335,32Mt_L2_EW,32MT_EW,0.005,0.005
1335,32Mt_L2_NS,NONE,0.061,0.0
1335,NvcMt_L2_EW,NVCMT_EW,0.016,0.016
1335,NvcMt_L2_NS,NVCMT_NS,0.005,0.005
1340,304Nvl_L1_EW,304NVL_EW,0.059,0.059
1340,304Nvl_L2_EW,304NVL_EW,0.051,0.051
1340,304Nvl_L1_NS,NONE,0.007,0.0
1340,32Nvl_L3_NS,NONE,0.041,0.0
1340,32Nvl_L1_NS,32NVL_NS,0.131,0.131
1340,32Nvl_L1_EW,32NVL_EW,0.007,0.002
1340,32Nvl_L2_EW,32NVL_EW,0.007,0.004
1340,32Nvl_L3_NS,NONE,0.008,0.0
1340,32Nvl_L2_NS,32NVL_NS,0.008,0.008
1340,NvcNvl_L3_NS,NONE,0.007,0.0
1340,NvcNvl_L2_NS,NONE,0.007,0.0
1340,32Mt_L1_NS,32MT_NS,0.013,0.008
1340,32Mt_L1_EW,32MT_EW,0.007,0.007
1340,32Mt_L1_NS,NONE,0.02,0.0
1340,NvcMt_L1_NS,NVCMT_NS,0.007,-0.002
1340,304Nvl_L3_EW,NONE,0.013,0.0
1340,32Nvl_L2_NS,32NVL_NS,0.12,0.12
1340,32Nvl_L3_EW,NONE,0.006,0.0
1340,32Nvl_L1_NS,32NVL_NS,0.04,0.04
1340,NvcNvl_L1_NS,NONE,0.009,0.0
1340,32Mt_L2_EW,32MT_EW,0.005,0.005
1340,32Mt_L2_NS,NONE,0.009,0.0
1340,NvcMt_L2_NS,NVCMT_NS,0.005,0.005
1345,304Nvl_L1_NS,NONE,0.036,0.0
1345,32Nvl_L3_NS,NONE,0.041,0.0
1345,32Nvl_L1_NS,32NVL_NS,0.125,0.125
1345,32Nvl_L3_NS,NONE,0.058,0.0
1345,32Nvl_L2_NS,32NVL_NS,0.055,0.055
1345,32Mt_L1_NS,32MT_NS,0.006,0.001
1345,32Mt_L1_EW,NONE,0.007,0.0
1345,32Mt_L1_EW,32MT_EW,0.007,0.007
1345,32Mt_L1_NS,NONE,0.01,0.0
1345,NvcMt_L1_NS,NVCMT_NS,0.007,0.002
1345,32Nvl_L2_NS,32NVL_NS,0.12,0.12
1345,32Nvl_L1_NS,32NVL_NS,0.081,0.081
1345,32Mt_L2_EW,32MT_EW,0.005,0.005
1345,NvcMt_L2_NS,NVCMT_NS,0.005,0.005
1350,32Nvl_L3_NS,NONE,0.041,0.0
1350,32Nvl_L1_NS,32NVL_NS,0.125,0.125
1350,32Nvl_L1_EW,32NVL_EW,0.007,0.002
1350,32Nvl_L2_EW,32NVL_EW,0.007,0.004
1350,32Nvl_L3_NS,NONE,0.033,0.0
1350,32Nvl_L2_NS,32NVL_NS,0.039,0.039
1350,NvcNvl_L3_NS,NONE,0.007,0.0
1350,NvcNvl_L2_NS,NONE,0.007,0.0
1350,32Mt_L1_NS,32MT_NS,0.006,0.006
1350,32Mt_L1_EW,32MT_EW,0.007,0.007
1350,NvcMt_L1_EW,NVCMT_EW,0.006,0.006
1350,NvcCmt8_L2_NS,NONE,0.011,0.0
1350,NvcCmt8_L1_NS,NONE,0.008,0.0
1350,32Nvl_L2_NS,32NVL_NS,0.12,0.12
1350,32Nvl_L3_EW,NONE,0.006,0.0
1350,32Nvl_L1_NS,32NVL_NS,0.074,0.074
1350,NvcNvl_L1_NS,NONE,0.009,0.0
1350,32Mt_L2_EW,32MT_EW,0.005,0.005
1350,NvcMt_L2_EW,NVCMT_EW,0.008,0.008
1355,304Nvl_L1_EW,304NVL_EW,0.008,0.008
1355,32Nvl_L3_NS,NONE,0.014,0.0
1355,32Nvl_L1_NS,32NVL_NS,0.014,0.014
1355,32Nvl_L1_EW,32NVL_EW,0.007,0.002
1355,32Nvl_L2_EW,32NVL_EW,0.007,0.004
1355,32Nvl_L3_NS,NONE,0.017,0.0
1355,32Nvl_L2_NS,32NVL_NS,0.016,0.016
1355,32Mt_L1_EW,32MT_EW,0.007,0.007
1355,NvcMt_L1_EW,NVCMT_EW,0.006,0.006
1355,32Nvl_L2_NS,32NVL_NS,0.013,0.013
1355,32Nvl_L3_EW,NONE,0.006,0.0
1355,32Nvl_L1_NS,32NVL_NS,0.02,0.02
1355,32Mt_L2_EW,32MT_EW,0.005,0.005
1355,NvcMt_L2_EW,NVCMT_EW,0.008,0.008
1360,304Nvl_L1_EW,304NVL_EW,0.025,0.025
1360,304Nvl_L2_EW,304NVL_EW,0.015,0.015
1360,32Nvl_L1_NS,32NVL_NS,0.014,0.014
1360,32Nvl_L1_EW,32NVL_EW,0.013,0.009
1360,32Nvl_L2_EW,32NVL_EW,0.007,0.004
1360,NvcNvl_L3_NS,NONE,0.007,0.0
1360,NvcNvl_L2_NS,NONE,0.007,0.0
1360,NvcNvl_L1_EW,NONE,0.011,0.0
1360,NvcNvl_L2_EW,NONE,0.008,0.0
1360,32Mt_L1_EW,32MT_EW,0.007,0.007
1360,NvcMt_L1_EW,NVCMT_EW,0.006,0.006
1360,304Nvl_L3_EW,NONE,0.013,0.0
1360,32Nvl_L2_NS,32NVL_NS,0.007,0.007
1360,32Nvl_L3_EW,NONE,0.006,0.0
1360,NvcNvl_L1_NS,NONE,0.009,0.0
1360,32Mt_L2_EW,32MT_EW,0.005,0.005
1360,NvcMt_L2_EW,NVCMT_EW,0.008,0.008
1365,304Nvl_L1_EW,304NVL_EW,0.008,0.008
1365,304Nvl_L2_EW,304NVL_EW,0.007,0.007
1365,32Nvl_L3_NS,NONE,0.007,0.0
1365,32Nvl_L1_NS,32NVL_NS,0.014,0.014
1365,32Nvl_L1_EW,32NVL_EW,0.013,0.009
1365,32Nvl_L2_EW,32NVL_EW,0.007,0.004
1365,32Nvl_L3_NS,NONE,0.008,0.0
1365,32Nvl_L2_NS,32NVL_NS,0.008,0.008
1365,NvcNvl_L1_EW,NVCNVL_EW,0.014,0.014
1365,NvcNvl_L2_EW,NVCNVL_EW,0.016,0.016
1365,32Mt_L1_EW,32MT_EW,0.007,0.007
1365,32Mt_L1_NS,NONE,0.01,0.0
1365,NvcCmt8_L2_EW,NVCCMT8_EW,0.005,0.005
1365,32Thn_L1_EW,NONE,0.01,0.0
1365,32Thn_L2_EW,NONE,0.01,0.0
1365,32Thn_L3_EW,NONE,0.007,0.0
1365,304Nvl_L3_EW,NONE,0.006,0.0
1365,32Nvl_L2_NS,32NVL_NS,0.007,0.007
1365,32Nvl_L3_EW,NONE,0.006,0.0
1365,32Nvl_L1_NS,32NVL_NS,0.007,0.007
1365,NvcNvl_L3_EW,NONE,0.019,0.0
1365,32Mt_L2_EW,32MT_EW,0.005,0.005
1365,32Mt_L2_NS,NONE,0.009,0.0
1365,NvcCmt8_L1_EW,NVCCMT8_EW,0.008,0.008
1370,304Nvl_L1_EW,304NVL_EW,0.008,0.008
1370,304Nvl_L2_EW,304NVL_EW,0.007,0.007
1370,304Nvl_L1_NS,NONE,0.015,0.0
1370,304Nvl_L3_NS,NONE,0.008,0.0
1370,32Nvl_L1_NS,32NVL_NS,0.007,0.007
1370,32Nvl_L1_EW,32NVL_EW,0.013,-0.002
1370,32Nvl_L2_EW,32NVL_EW,0.007,0.0
1370,NvcNvl_L2_NS,NONE,0.007,0.0
1370,NvcNvl_L1_EW,NONE,0.011,0.0
1370,NvcNvl_L2_EW,NONE,0.008,0.0
1370,NvcNvl_L1_EW,NVCNVL_EW,0.014,0.01
1370,NvcNvl_L2_EW,NVCNVL_EW,0.016,0.016
1370,32Mt_L1_EW,32MT_EW,0.014,0.014
1370,NvcMt_L1_EW,NVCMT_EW,0.006,-0.009
1370,NvcCmt8_L2_EW,NVCCMT8_EW,0.005,0.005
1370,32Thn_L1_EW,32THN_EW,0.008,0.008
1370,304Nvl_L3_EW,NONE,0.006,0.0
1370,304Nvl_L2_NS,NONE,0.007,0.0
1370,32Nvl_L3_EW,NONE,0.006,0.0
1370,32Nvl_L1_NS,32NVL_NS,0.04,0.04
1370,NvcNvl_L1_NS,NONE,0.009,0.0
1370,NvcNvl_L3_EW,NONE,0.019,0.0
1370,32Mt_L2_EW,32MT_EW,0.011,0.011
1370,NvcMt_L2_EW,NVCMT_EW,0.008,-0.007
1370,NvcCmt8_L1_EW,NVCCMT8_EW,0.008,0.003
1375,304Nvl_L1_EW,304NVL_EW,0.017,0.017
1375,304Nvl_L2_EW,304NVL_EW,0.007,0.007
1375,32Nvl_L1_NS,32NVL_NS,0.035,0.035
1375,32Nvl_L1_EW,32NVL_EW,0.007,-0.014
1375,32Nvl_L2_EW,32NVL_EW,0.007,-0.004
1375,32Nvl_L3_NS,NONE,0.008,0.0
1375,32Nvl_L2_NS,32NVL_NS,0.008,0.008
1375,NvcNvl_L3_NS,NONE,0.014,0.0
1375,NvcNvl_L2_NS,NONE,0.013,0.0
1375,NvcNvl_L1_EW,NVCNVL_EW,0.014,0.01
1375,NvcNvl_L2_EW,NVCNVL_EW,0.016,0.016
1375,32Mt_L1_EW,NONE,0.014,0.0
1375,32Mt_L3_EW,NONE,0.009,0.0
1375,32Mt_L1_EW,32MT_EW,0.021,0.021
1375,NvcMt_L1_EW,NVCMT_EW,0.006,-0.009
1375,NvcCmt8_L2_EW,NVCCMT8_EW,0.005,0.005
1375,32Thn_L1_EW,32THN_EW,0.008,0.008
1375,304Nvl_L3_EW,NONE,0.006,0.0
1375,32Nvl_L2_NS,32NVL_NS,0.033,0.033
1375,32Nvl_L3_EW,NONE,0.006,0.0
1375,32Nvl_L1_NS,32NVL_NS,0.013,0.013
1375,NvcNvl_L1_NS,NONE,0.017,0.0
1375,NvcNvl_L3_EW,NONE,0.019,0.0
1375,32Mt_L2_EW,NONE,0.008,0.0
1375,32Mt_L2_EW,32MT_EW,0.016,0.016
1375,NvcMt_L2_EW,NVCMT_EW,0.008,-0.007
1375,NvcCmt8_L1_EW,NVCCMT8_EW,0.008,0.003
1380,304Nvl_L1_EW,304NVL_EW,0.025,0.025
1380,304Nvl_L2_EW,304NVL_EW,0.015,0.015
1380,32Nvl_L1_EW,32NVL_EW,0.007,-0.008
1380,32Nvl_L2_EW,32NVL_EW,0.007,-0.004
1380,32Nvl_L3_NS,NONE,0.008,0.0
1380,32Nvl_L2_NS,32NVL_NS,0.016,0.016
1380,NvcNvl_L1_EW,NONE,0.011,0.0
1380,NvcNvl_L2_EW,NONE,0.008,0.0
1380,NvcNvl_L1_EW,NVCNVL_EW,0.021,0.012
1380,NvcNvl_L2_EW,NVCNVL_EW,0.023,0.023
1380,32Mt_L1_EW,32MT_EW,0.021,0.021
1380,NvcMt_L1_EW,NVCMT_EW,0.013,-0.002
1380,304Nvl_L3_EW,NONE,0.013,0.0
1380,32Nvl_L3_EW,NONE,0.006,0.0
1380,32Nvl_L1_NS,32NVL_NS,0.013,0.013
1380,NvcNvl_L3_EW,NONE,0.006,0.0
1380,NvcNvl_L3_EW,NONE,0.019,0.0
1380,32Mt_L2_EW,32MT_EW,0.016,0.016
1380,NvcMt_L2_EW,NVCMT_EW,0.016,-0.001
1380,NvcCmt8_L1_EW,NONE,0.006,0.0
1385,304Nvl_L1_EW,304NVL_EW,0.008,0.008
1385,304Nvl_L1_NS,NONE,0.007,0.0
1385,32Nvl_L1_NS,32NVL_NS,0.007,0.007
1385,32Nvl_L1_EW,32NVL_EW,0.007,-0.013
1385,32Nvl_L2_EW,32NVL_EW,0.007,-0.004
1385,NvcNvl_L3_NS,NONE,0.007,0.0
1385,NvcNvl_L2_NS,NONE,0.007,0.0
1385,NvcNvl_L1_EW,NVCNVL_EW,0.021,0.017
1385,NvcNvl_L2_EW,NVCNVL_EW,0.023,0.023
1385,32Mt_L1_EW,NONE,0.007,0.0
1385,32Mt_L3_EW,NONE,0.009,0.0
1385,32Mt_L1_EW,32MT_EW,0.028,0.028
1385,NvcMt_L1_EW,NVCMT_EW,0.006,-0.008
1385,32Nvl_L3_EW,NONE,0.006,0.0
1385,NvcNvl_L1_NS,NONE,0.009,0.0
1385,NvcNvl_L3_EW,NONE,0.028,0.0
1385,32Mt_L2_EW,NONE,0.008,0.0
1385,32Mt_L2_EW,32MT_EW,0.016,0.016
1385,NvcMt_L2_EW,NVCMT_EW,0.008,-0.008
1390,304Nvl_L1_NS,NONE,0.015,0.0
1390,304Nvl_L3_NS,NONE,0.008,0.0
1390,32Nvl_L1_NS,32NVL_NS,0.007,0.007
1390,32Nvl_L1_EW,32NVL_EW,0.007,-0.013
1390,32Nvl_L2_EW,32NVL_EW,0.007,-0.008
1390,NvcNvl_L3_NS,NONE,0.007,0.0
1390,NvcNvl_L2_NS,NONE,0.007,0.0
1390,NvcNvl_L1_EW,NVCNVL_EW,0.028,0.024
1390,NvcNvl_L2_EW,NVCNVL_EW,0.023,0.023
1390,32Mt_L1_EW,NONE,0.022,0.0
1390,32Mt_L3_EW,NONE,0.018,0.0
1390,32Mt_L1_EW,32MT_EW,0.028,0.028
1390,NvcMt_L1_EW,NVCMT_EW,0.006,-0.013
1390,304Nvl_L2_NS,NONE,0.007,0.0
1390,32Nvl_L3_EW,NONE,0.006,0.0
1390,NvcNvl_L1_NS,NONE,0.009,0.0
1390,NvcNvl_L3_EW,NONE,0.028,0.0
1390,32Mt_L2_EW,NONE,0.023,0.0
1390,32Mt_L2_EW,32MT_EW,0.022,0.022
1390,NvcMt_L2_EW,NVCMT_EW,0.008,-0.008
1395,32Nvl_L3_NS,NONE,0.007,0.0
1395,32Nvl_L1_NS,32NVL_NS,0.007,0.007
1395,32Nvl_L1_EW,32NVL_EW,0.007,-0.013
1395,32Nvl_L2_EW,32NVL_EW,0.007,-0.008
1395,NvcNvl_L1_EW,NONE,0.011,0.0
1395,NvcNvl_L1_EW,NVCNVL_EW,0.028,0.024
1395,NvcNvl_L2_EW,NVCNVL_EW,0.023,0.023
1395,32Mt_L1_NS,32MT_NS,0.006,0.006
1395,32Mt_L1_EW,NONE,0.007,0.0
1395,32Mt_L3_EW,NONE,0.009,0.0
1395,32Mt_L1_EW,32MT_EW,0.028,0.028
1395,NvcMt_L1_EW,NVCMT_EW,0.006,-0.013
1395,32Nvl_L2_NS,32NVL_NS,0.007,0.007
1395,32Nvl_L3_EW,NONE,0.006,0.0
1395,NvcNvl_L3_EW,NONE,0.028,0.0
1395,32Mt_L2_EW,NONE,0.008,0.0
1395,32Mt_L2_EW,32MT_EW,0.022,0.022
1395,NvcMt_L2_EW,NVCMT_EW,0.008,-0.008
1400,304Nvl_L1_EW,304NVL_EW,0.017,0.017
1400,304Nvl_L2_EW,304NVL_EW,0.015,0.015
1400,304Nvl_L1_NS,NONE,0.007,0.0
1400,304Nvl_L3_NS,NONE,0.008,0.0
1400,32Nvl_L1_EW,32NVL_EW,0.007,-0.018
1400,32Nvl_L2_EW,32NVL_EW,0.007,-0.008
1400,NvcNvl_L1_EW,NVCNVL_EW,0.028,0.028
1400,NvcNvl_L2_EW,NVCNVL_EW,0.023,0.022
1400,32Mt_L1_NS,32MT_NS,0.006,0.006
1400,32Mt_L1_EW,NONE,0.007,0.0
1400,32Mt_L3_EW,NONE,0.009,0.0
1400,32Mt_L1_EW,32MT_EW,0.035,0.035
1400,32Mt_L1_NS,NONE,0.01,0.0
1400,NvcMt_L2_EW,NVCMT_EW,0.003,-0.014
1400,NvcCmt8_L2_NS,NONE,0.011,0.0
1400,NvcCmt8_L1_NS,NONE,0.008,0.0
1400,304Nvl_L3_EW,NONE,0.013,0.0
1400,304Nvl_L2_NS,NONE,0.007,0.0
1400,32Nvl_L3_EW,NONE,0.006,0.0
1400,NvcNvl_L3_EW,NONE,0.028,0.0
1400,32Mt_L2_EW,NONE,0.015,0.0
1400,32Mt_L2_EW,32MT_EW,0.022,0.022
1400,32Mt_L2_NS,NONE,0.009,0.0
1400,NvcMt_L1_EW,NVCMT_EW,0.006,-0.014
1405,304Nvl_L1_EW,304NVL_EW,0.008,0.008
1405,304Nvl_L2_EW,304NVL_EW,0.007,0.007
1405,32Nvl_L1_EW,32NVL_EW,0.007,-0.008
1405,32Nvl_L2_EW,32NVL_EW,0.007,0.0
1405,32Nvl_L3_NS,NONE,0.042,0.0
1405,32Nvl_L2_NS,32NVL_NS,0.039,0.039
1405,32Mt_L1_EW,NONE,0.05,0.0
1405,32Mt_L3_EW,NONE,0.062,0.0
1405,32Mt_L1_EW,32MT_EW,0.021,0.021
1405,NvcCmt8_L2_NS,NONE,0.011,0.0
1405,NvcCmt8_L1_NS,NONE,0.008,0.0
1405,304Nvl_L3_EW,NONE,0.006,0.0
1405,32Nvl_L3_EW,NONE,0.006,0.0
1405,32Nvl_L1_NS,32NVL_NS,0.034,0.034
1405,32Mt_L2_EW,NONE,0.053,0.0
1405,32Mt_L2_EW,32MT_EW,0.011,0.011
1410,304Nvl_L1_EW,304NVL_EW,0.008,0.008
1410,304Nvl_L1_NS,NONE,0.015,0.0
1410,32Nvl_L3_NS,NONE,0.007,0.0
1410,32Nvl_L1_NS,32NVL_NS,0.007,0.007
1410,32Nvl_L1_EW,32NVL_EW,0.007,-0.008
1410,32Nvl_L2_EW,32NVL_EW,0.007,-0.004
1410,NvcNvl_L3_NS,NONE,0.014,0.0
1410,NvcNvl_L2_NS,NONE,0.013,0.0
1410,NvcNvl_L1_EW,NVCNVL_EW,0.007,0.007
1410,NvcNvl_L2_EW,NVCNVL_EW,0.008,0.008
1410,32Mt_L1_NS,32MT_NS,0.006,0.006
1410,32Mt_L1_EW,NONE,0.014,0.0
1410,32Mt_L3_EW,NONE,0.018,0.0
1410,32Mt_L1_EW,32MT_EW,0.021,0.021
1410,32Mt_L1_NS,NONE,0.059,0.0
1410,NvcMt_L2_NS,NONE,0.005,0.0
1410,32Nvl_L2_NS,32NVL_NS,0.007,0.007
1410,32Nvl_L3_EW,NONE,0.006,0.0
1410,NvcNvl_L1_NS,NONE,0.017,0.0
1410,NvcNvl_L3_EW,NONE,0.009,0.0
1410,32Mt_L2_EW,NONE,0.015,0.0
1410,32Mt_L2_EW,32MT_EW,0.016,0.016
1410,32Mt_L2_NS,NONE,0.043,0.0
1410,NvcMt_L1_NS,NONE,0.005,0.0
1415,304Nvl_L1_NS,NONE,0.022,0.0
1415,304Nvl_L3_NS,NONE,0.016,0.0
1415,32Nvl_L1_NS,32NVL_NS,0.007,0.007
1415,32Nvl_L1_EW,32NVL_EW,0.007,-0.003
1415,32Nvl_L2_EW,32NVL_EW,0.007,0.004
1415,NvcNvl_L3_NS,NONE,0.007,0.0
1415,NvcNvl_L2_NS,NONE,0.007,0.0
1415,NvcNvl_L1_EW,NONE,0.011,0.0
1415,32Mt_L1_NS,32MT_NS,0.006,0.006
1415,32Mt_L1_EW,NONE,0.007,0.0
1415,32Mt_L1_EW,32MT_EW,0.014,0.014
1415,32Mt_L1_NS,NONE,0.059,0.0
1415,NvcMt_L1_EW,NVCMT_EW,0.083,0.056
1415,NvcCmt8_L2_EW,NVCCMT8_EW,0.026,0.026
1415,32Thn_L1_EW,NONE,0.01,0.0
1415,32Thn_L2_EW,NONE,0.01,0.0
1415,32Thn_L3_EW,NONE,0.007,0.0
1415,304Nvl_L2_NS,NONE,0.015,0.0
1415,32Nvl_L2_NS,32NVL_NS,0.007,0.007
1415,32Nvl_L3_EW,NONE,0.006,0.0
1415,NvcNvl_L1_NS,NONE,0.009,0.0
1415,32Mt_L2_EW,32MT_EW,0.005,0.005
1415,32Mt_L2_NS,NONE,0.009,0.0
1415,NvcMt_L2_EW,NVCMT_EW,0.103,0.085
1415,NvcCmt8_L1_EW,NVCCMT8_EW,0.038,-0.019
1420,304Nvl_L1_EW,304NVL_EW,0.008,0.008
1420,304Nvl_L2_EW,304NVL_EW,0.007,0.007
1420,32Nvl_L1_EW,32NVL_EW,0.014,-0.026
1420,32Nvl_L2_EW,32NVL_EW,0.015,0.008
1420,32Nvl_L1_EW,32NVL_EW,0.007,-0.033
1420,32Nvl_L2_EW,32NVL_EW,0.007,0.0
1420,32Nvl_L3_NS,NONE,0.008,0.0
1420,32Nvl_L2_NS,32NVL_NS,0.008,0.008
1420,NvcNvl_L3_NS,NONE,0.007,0.0
1420,NvcNvl_L2_NS,NONE,0.007,0.0
1420,NvcNvl_L1_EW,NONE,0.011,0.0
1420,NvcNvl_L2_EW,NONE,0.008,0.0
1420,32Mt_L1_NS,32MT_NS,0.013,0.013
1420,32Mt_L1_EW,NONE,0.036,0.0
1420,32Mt_L3_EW,NONE,0.044,0.0
1420,32Mt_L1_EW,32MT_EW,0.049,0.039
1420,NvcMt_L2_NS,NONE,0.005,0.0
1420,NvcCmt8_L2_EW,NVCCMT8_EW,0.026,0.026
1420,NvcCmt8_L2_EW,NONE,0.037,0.0
1420,32Thn_L1_EW,NONE,0.01,0.0
1420,32Thn_L2_EW,NONE,0.01,0.0
1420,32Thn_L1_EW,32THN_EW,0.008,-0.002
1420,32Thn_L3_EW,NONE,0.007,0.0
1420,304Nvl_L3_EW,NONE,0.006,0.0
1420,32Nvl_L3_EW,NONE,0.006,0.0
1420,32Nvl_L3_EW,NONE,0.006,0.0
1420,32Nvl_L1_NS,32NVL_NS,0.04,0.04
1420,NvcNvl_L1_NS,NONE,0.009,0.0
1420,32Mt_L2_EW,NONE,0.038,0.0
1420,32Mt_L2_EW,32MT_EW,0.011,0.0
1420,NvcMt_L1_NS,NONE,0.005,0.0
1420,NvcCmt8_L1_EW,NVCCMT8_EW,0.038,0.038
1420,NvcCmt8_L1_EW,NONE,0.029,0.0
1425,304Nvl_L1_EW,304NVL_EW,0.017,0.017
1425,304Nvl_L1_NS,NONE,0.007,0.0
1425,32Nvl_L1_NS,32NVL_NS,0.007,0.007
1425,32Nvl_L1_EW,32NVL_EW,0.014,0.004
1425,32Nvl_L2_EW,32NVL_EW,0.015,0.012
1425,32Nvl_L1_EW,32NVL_EW,0.007,-0.004
1425,32Nvl_L2_EW,32NVL_EW,0.007,0.004
1425,NvcNvl_L1_EW,NVCNVL_EW,0.014,0.014
1425,NvcNvl_L2_EW,NVCNVL_EW,0.008,0.008
1425,32Mt_L1_NS,32MT_NS,0.006,0.006
1425,32Mt_L1_EW,NONE,0.007,0.0
1425,32Mt_L1_EW,32MT_EW,0.007,-0.003
1425,NvcCmt8_L2_EW,NONE,0.037,0.0
1425,32Thn_L1_EW,32THN_EW,0.008,-0.002
1425,32Nvl_L3_EW,NONE,0.006,0.0
1425,32Nvl_L3_EW,NONE,0.013,0.0
1425,32Nvl_L1_NS,32NVL_NS,0.034,0.034
1425,NvcNvl_L3_EW,NONE,0.009,0.0
1425,32Mt_L2_EW,32MT_EW,0.005,-0.005
1425,NvcCmt8_L1_EW,NONE,0.057,0.0
1430,32Nvl_L1_EW,32NVL_EW,0.007,-0.017
1430,32Nvl_L2_EW,32NVL_EW,0.008,0.008
1430,32Nvl_L1_EW,32NVL_EW,0.013,-0.011
1430,32Nvl_L2_EW,32NVL_EW,0.007,0.007
1430,32Mt_L1_EW,32MT_EW,0.035,0.03
1430,32Thn_L1_EW,NONE,0.01,0.0
1430,32Thn_L2_EW,NONE,0.01,0.0
1430,32Thn_L3_EW,NONE,0.007,0.0
1430,32Nvl_L3_EW,NONE,0.006,0.0
1430,32Nvl_L3_EW,NONE,0.006,0.0
1435,32Nvl_L3_NS,NONE,0.007,0.0
1435,32Nvl_L1_NS,32NVL_NS,0.014,0.014
1435,32Nvl_L1_EW,32NVL_EW,0.007,0.001
1435,32Nvl_L2_EW,32NVL_EW,0.008,0.008
1435,32Nvl_L1_EW,32NVL_EW,0.007,0.001
1435,32Nvl_L2_EW,32NVL_EW,0.007,0.007
1435,32Mt_L1_EW,NONE,0.007,0.0
1435,32Thn_L1_EW,32THN_EW,0.008,0.003
1435,32Nvl_L2_NS,32NVL_NS,0.013,0.013
1435,32Nvl_L3_EW,NONE,0.006,0.0
1435,32Nvl_L3_EW,NONE,0.006,0.0
1440,304Thn_L1_EW,304THN_EW,0.008,0.002
1440,304Thn_L3_EW,NONE,0.008,0.0
1440,304Nvl_L1_EW,304NVL_EW,0.008,0.003
1440,304Nvl_L2_EW,304NVL_EW,0.007,0.002
1440,32Nvl_L1_NS,32NVL_NS,0.007,0.007
1440,32Nvl_L1_EW,32NVL_EW,0.007,0.007
1440,32Nvl_L2_EW,32NVL_EW,0.008,0.008
1440,32Nvl_L1_EW,32NVL_EW,0.007,0.007
1440,32Nvl_L2_EW,32NVL_EW,0.007,0.007
1440,32Nvl_L3_NS,NONE,0.008,0.0
1440,32Nvl_L2_NS,32NVL_NS,0.008,0.008
1440,32Mt_L1_NS,NONE,0.02,0.0
1440,NvcMt_L2_NS,NONE,0.005,0.0
1440,304Nvl_L3_EW,NONE,0.006,0.0
1440,32Nvl_L2_NS,32NVL_NS,0.007,0.007
1440,32Nvl_L3_EW,NONE,0.006,0.0
1440,32Nvl_L3_EW,NONE,0.006,0.0
1440,32Nvl_L1_NS,32NVL_NS,0.007,0.007
1440,32Mt_L2_NS,NONE,0.017,0.0
1440,NvcMt_L1_NS,NONE,0.005,0.0
1440,304Thn_L2_EW,304THN_EW,0.007,0.002
1445,304Nvl_L1_EW,304NVL_EW,0.008,0.008
1445,304Nvl_L2_EW,304NVL_EW,0.007,0.007
1445,32Mt_L1_NS,32MT_NS,0.006,0.006
1445,NvcMt_L2_NS,NONE,0.005,0.0
1445,32Thn_L1_EW,32THN_EW,0.008,0.008
1445,32Thn_L2_EW,32THN_EW,0.008,0.008
1445,32Thn_L3_EW,NONE,0.008,0.0
1445,304Nvl_L3_EW,NONE,0.006,0.0
1445,32Nvl_L1_NS,32NVL_NS,0.007,0.007
1445,NvcMt_L1_NS,NONE,0.005,0.0
1450,304Nvl_L1_NS,NONE,0.015,0.0
1450,304Nvl_L3_NS,NONE,0.008,0.0
1450,32Nvl_L3_NS,NONE,0.007,0.0
1450,32Nvl_L1_NS,32NVL_NS,0.014,0.014
1450,NvcNvl_L3_NS,NONE,0.007,0.0
1450,NvcNvl_L2_NS,NONE,0.007,0.0
1450,NvcNvl_L1_EW,NONE,0.011,0.0
1450,NvcNvl_L2_EW,NONE,0.008,0.0
1450,32Mt_L1_NS,32MT_NS,0.006,0.006
1450,32Mt_L1_EW,NONE,0.007,0.0
1450,32Mt_L1_NS,NONE,0.01,0.0
1450,32Thn_L1_EW,NONE,0.01,0.0
1450,304Nvl_L2_NS,NONE,0.007,0.0
1450,32Nvl_L2_NS,32NVL_NS,0.007,0.007
1450,32Nvl_L1_NS,32NVL_NS,0.013,0.013
1450,NvcNvl_L1_NS,NONE,0.009,0.0
1450,NvcNvl_L3_EW,NONE,0.006,0.0
1450,32Mt_L2_NS,NONE,0.009,0.0
1455,304Nvl_L1_EW,304NVL_EW,0.008,0.008
1455,304Nvl_L2_EW,304NVL_EW,0.007,0.007
1455,304Nvl_L1_NS,NONE,0.007,0.0
1455,32Nvl_L1_NS,32NVL_NS,0.014,0.014
1455,32Mt_L1_NS,32MT_NS,0.006,0.006
1455,32Mt_L1_NS,NONE,0.01,0.0
1455,32Nvl_L2_NS,32NVL_NS,0.007,0.007
1455,32Nvl_L1_NS,32NVL_NS,0.013,0.013
1455,32Mt_L2_NS,32MT_NS,0.006,0.006
1455,32Mt_L2_NS,NONE,0.009,0.0
1460,304Nvl_L1_EW,304NVL_EW,0.11,0.11
1460,304Nvl_L2_EW,304NVL_EW,0.087,0.087
1460,32Nvl_L1_NS,32NVL_NS,0.007,0.007
1460,NvcNvl_L1_EW,NVCNVL_EW,0.014,0.014
1460,NvcNvl_L2_EW,NVCNVL_EW,0.008,0.008
1460,32Mt_L1_NS,32MT_NS,0.013,0.013
1460,32Mt_L1_EW,32MT_EW,0.007,0.007
1460,NvcCmt8_L2_EW,NVCCMT8_EW,0.026,0.026
1460,304Nvl_L3_EW,NONE,0.07,0.0
1460,32Nvl_L2_NS,32NVL_NS,0.007,0.007
1460,32Nvl_L1_NS,32NVL_NS,0.013,0.013
1460,NvcNvl_L3_EW,NONE,0.009,0.0
1460,32Mt_L2_NS,32MT_NS,0.006,0.006
1460,32Mt_L2_EW,32MT_EW,0.005,0.005
1460,NvcCmt8_L1_EW,NVCCMT8_EW,0.038,0.038
1465,304Nvl_L1_EW,304NVL_EW,0.119,0.119
1465,304Nvl_L2_EW,304NVL_EW,0.102,0.102
1465,32Nvl_L1_NS,32NVL_NS,0.007,0.007
1465,NvcNvl_L3_NS,NONE,0.007,0.0
1465,NvcNvl_L2_NS,NONE,0.007,0.0
1465,NvcNvl_L1_EW,NVCNVL_EW,0.014,0.014
1465,NvcNvl_L2_EW,NVCNVL_EW,0.008,0.008
1465,32Mt_L1_EW,NONE,0.007,0.0
1465,NvcCmt8_L2_EW,NVCCMT8_EW,0.026,0.026
1465,304Nvl_L3_EW,NONE,0.089,0.0
1465,32Nvl_L2_NS,32NVL_NS,0.007,0.007
1465,NvcNvl_L1_NS,NONE,0.009,0.0
1465,NvcNvl_L3_EW,NONE,0.009,0.0
1465,32Mt_L2_EW,NONE,0.008,0.0
1465,NvcCmt8_L1_EW,NVCCMT8_EW,0.038,0.038
1470,304Nvl_L1_EW,304NVL_EW,0.127,0.127
1470,304Nvl_L2_EW,304NVL_EW,0.109,0.109
1470,32Nvl_L1_NS,32NVL_NS,0.007,0.007
1470,NvcNvl_L1_EW,NVCNVL_EW,0.014,0.014
1470,NvcNvl_L2_EW,NVCNVL_EW,0.008,0.008
1470,32Mt_L1_EW,NONE,0.014,0.0
1470,32Mt_L3_EW,NONE,0.018,0.0
1470,32Mt_L1_EW,32MT_EW,0.007,0.007
1470,NvcCmt8_L2_EW,NVCCMT8_EW,0.026,0.026
1470,304Nvl_L3_EW,NONE,0.095,0.0
1470,32Nvl_L2_NS,32NVL_NS,0.007,0.007
1470,NvcNvl_L3_EW,NONE,0.009,0.0
1470,32Mt_L2_EW,NONE,0.015,0.0
1470,32Mt_L2_EW,32MT_EW,0.005,0.005
1470,NvcCmt8_L1_EW,NVCCMT8_EW,0.038,0.038
1475,304Nvl_L1_EW,304NVL_EW,0.085,0.085
1475,304Nvl_L2_EW,304NVL_EW,0.073,0.073
1475,32Nvl_L3_NS,NONE,0.007,0.0
1475,32Nvl_L1_NS,32NVL_NS,0.014,0.014
1475,32Nvl_L1_EW,32NVL_EW,0.007,0.002
1475,32Nvl_L2_EW,32NVL_EW,0.008,0.004
1475,NvcNvl_L3_NS,NONE,0.007,0.0
1475,NvcNvl_L2_NS,NONE,0.007,0.0
1475,NvcNvl_L1_EW,NVCNVL_EW,0.007,0.007
1475,NvcNvl_L2_EW,NVCNVL_EW,0.008,0.006
1475,32Mt_L1_EW,NONE,0.101,0.0
1475,32Mt_L3_EW,NONE,0.124,0.0
1475,32Mt_L1_EW,32MT_EW,0.007,0.002
1475,32Mt_L1_NS,NONE,0.01,0.0
1475,NvcMt_L2_EW,NVCMT_EW,0.003,-0.021
1475,NvcCmt8_L2_EW,NVCCMT8_EW,0.026,0.025
1475,304Nvl_L3_EW,NONE,0.063,0.0
1475,32Nvl_L2_NS,32NVL_NS,0.013,0.013
1475,32Nvl_L3_EW,NONE,0.006,0.0
1475,NvcNvl_L1_NS,NONE,0.009,0.0
1475,NvcNvl_L3_EW,NONE,0.009,0.0
1475,32Mt_L2_EW,NONE,0.106,0.0
1475,32Mt_L2_EW,32MT_EW,0.005,0.0
1475,NvcMt_L1_EW,NVCMT_EW,0.006,-0.026
1475,NvcCmt8_L1_EW,NVCCMT8_EW,0.038,0.038
1480,304Nvl_L1_EW,304NVL_EW,0.076,0.076
1480,304Nvl_L2_EW,304NVL_EW,0.065,0.065
1480,304Nvl_L1_NS,NONE,0.036,0.0
1480,32Nvl_L1_EW,32NVL_EW,0.042,0.032
1480,32Nvl_L2_EW,32NVL_EW,0.046,0.037
1480,32Nvl_L3_NS,NONE,0.05,0.0
1480,32Nvl_L2_NS,32NVL_NS,0.047,0.047
1480,NvcNvl_L1_EW,NVCNVL_EW,0.014,0.014
1480,NvcNvl_L2_EW,NVCNVL_EW,0.008,0.006
1480,32Mt_L1_EW,NONE,0.101,0.0
1480,32Mt_L3_EW,NONE,0.018,0.0
1480,32Mt_L1_EW,32MT_EW,0.007,-0.023
1480,32Mt_L1_NS,NONE,0.01,0.0
1480,NvcMt_L2_EW,NVCMT_EW,0.003,-0.021
1480,NvcCmt8_L2_EW,NVCCMT8_EW,0.026,0.025
1480,32Thn_L1_EW,NONE,0.01,0.0
1480,32Thn_L2_EW,NONE,0.01,0.0
1480,32Thn_L1_EW,32THN_EW,0.008,-0.022
1480,32Thn_L2_EW,32THN_EW,0.008,-0.024
1480,32Thn_L3_EW,NONE,0.007,0.0
1480,32Thn_L3_EW,NONE,0.008,0.0
1480,304Nvl_L3_EW,NONE,0.057,0.0
1480,32Nvl_L3_EW,NONE,0.038,0.0
1480,32Nvl_L1_NS,32NVL_NS,0.047,0.047
1480,NvcNvl_L3_EW,NONE,0.009,0.0
1480,32Mt_L2_EW,NONE,0.106,0.0
1480,32Mt_L2_EW,32MT_EW,0.005,-0.027
1480,NvcMt_L1_EW,NVCMT_EW,0.006,-0.031
1480,NvcCmt8_L1_EW,NVCCMT8_EW,0.038,0.038
1485,304Nvl_L1_EW,304NVL_EW,0.076,0.076
1485,304Nvl_L2_EW,304NVL_EW,0.065,0.065
1485,304Nvl_L1_NS,NONE,0.044,0.0
1485,304Nvl_L3_NS,NONE,0.008,0.0
1485,32Nvl_L1_EW,32NVL_EW,0.042,0.026
1485,32Nvl_L2_EW,32NVL_EW,0.046,0.037
1485,32Nvl_L3_NS,NONE,0.042,0.0
1485,32Nvl_L2_NS,32NVL_NS,0.039,0.039
1485,NvcNvl_L1_EW,NVCNVL_EW,0.028,0.028
1485,NvcNvl_L2_EW,NVCNVL_EW,0.016,0.014
1485,32Mt_L1_EW,NONE,0.007,0.0
1485,32Mt_L3_EW,NONE,0.009,0.0
1485,32Mt_L1_EW,32MT_EW,0.007,-0.023
1485,NvcMt_L2_EW,NVCMT_EW,0.003,-0.008
1485,NvcCmt8_L2_NS,NONE,0.054,0.0
1485,32Thn_L1_EW,32THN_EW,0.016,-0.014
1485,32Thn_L2_EW,32THN_EW,0.008,-0.024
1485,NvcCmt8_L1_NS,NONE,0.039,0.0
1485,32Thn_L3_EW,NONE,0.008,0.0
1485,304Nvl_L3_EW,NONE,0.057,0.0
1485,304Nvl_L2_NS,NONE,0.007,0.0
1485,32Nvl_L3_EW,NONE,0.038,0.0
1485,32Nvl_L1_NS,32NVL_NS,0.04,0.04
1485,NvcNvl_L3_EW,NONE,0.019,0.0
1485,32Mt_L2_EW,NONE,0.008,0.0
1485,32Mt_L2_EW,32MT_EW,0.005,-0.027
1485,NvcMt_L1_EW,NVCMT_EW,0.006,-0.014
1490,304Nvl_L1_EW,304NVL_EW,0.076,0.076
1490,304Nvl_L2_EW,304NVL_EW,0.065,0.065
1490,32Nvl_L1_NS,32NVL_NS,0.007,0.007
1490,32Nvl_L1_EW,32NVL_EW,0.007,-0.003
1490,32Nvl_L2_EW,32NVL_EW,0.008,0.002
1490,NvcNvl_L1_EW,NVCNVL_EW,0.035,0.035
1490,NvcNvl_L2_EW,NVCNVL_EW,0.023,0.023
1490,32Mt_L1_EW,32MT_EW,0.007,0.002
1490,32Mt_L1_NS,NONE,0.117,0.0
1490,32Thn_L1_EW,32THN_EW,0.008,0.003
1490,32Thn_L2_EW,32THN_EW,0.008,0.003
1490,32Thn_L3_EW,NONE,0.008,0.0
1490,304Nvl_L3_EW,NONE,0.057,0.0
1490,32Nvl_L3_EW,NONE,0.006,0.0
1490,NvcNvl_L3_EW,NONE,0.028,0.0
1490,NvcCmt8_L1_EW,NONE,0.029,0.0
1495,304Nvl_L1_EW,304NVL_EW,0.102,0.102
1495,304Nvl_L2_EW,304NVL_EW,0.08,0.08
1495,32Nvl_L1_EW,32NVL_EW,0.014,0.004
1495,32Nvl_L2_EW,32NVL_EW,0.015,0.012
1495,32Nvl_L1_EW,32NVL_EW,0.007,-0.003
1495,32Nvl_L2_EW,32NVL_EW,0.007,0.004
1495,NvcNvl_L1_EW,NVCNVL_EW,0.035,0.035
1495,NvcNvl_L2_EW,NVCNVL_EW,0.031,0.031
1495,32Mt_L1_EW,32MT_EW,0.014,0.004
1495,32Mt_L1_NS,NONE,0.117,0.0
1495,NvcCmt8_L2_NS,NONE,0.011,0.0
1495,32Thn_L1_EW,NONE,0.01,0.0
1495,NvcCmt8_L1_NS,NONE,0.008,0.0
1495,304Nvl_L3_EW,NONE,0.07,0.0
1495,32Nvl_L3_EW,NONE,0.006,0.0
1495,32Nvl_L3_EW,NONE,0.013,0.0
1495,32Nvl_L1_NS,32NVL_NS,0.034,0.034
1495,NvcNvl_L3_EW,NONE,0.037,0.0
1495,32Mt_L2_EW,32MT_EW,0.005,-0.005
1500,304Nvl_L1_EW,304NVL_EW,0.11,0.11
1500,304Nvl_L2_EW,304NVL_EW,0.08,0.08
1500,304Nvl_L1_EW,NONE,0.008,0.0
1500,304Nvl_L1_NS,NONE,0.007,0.0
1500,304Nvl_L2_EW,NONE,0.009,0.0
1500,32Nvl_L1_EW,32NVL_EW,0.007,0.002
1500,32Nvl_L2_EW,32NVL_EW,0.008,0.004
1500,32Nvl_L1_EW,32NVL_EW,0.007,0.002
1500,32Nvl_L2_EW,32NVL_EW,0.007,0.004
1500,NvcNvl_L1_EW,NONE,0.011,0.0
1500,NvcNvl_L2_EW,NONE,0.008,0.0
1500,NvcNvl_L1_EW,NVCNVL_EW,0.028,0.024
1500,NvcNvl_L2_EW,NVCNVL_EW,0.031,0.031
1500,32Mt_L1_NS,32MT_NS,0.006,0.006
1500,32Mt_L1_EW,32MT_EW,0.007,0.002
1500,32Mt_L1_NS,NONE,0.059,0.0
1500,NvcMt_L1_EW,NVCMT_EW,0.006,-0.013
1500,NvcCmt8_L2_NS,NONE,0.062,0.0
1500,32Thn_L1_EW,NONE,0.01,0.0
1500,304Nvl_L3_EW,NONE,0.07,0.0
1500,304Nvl_L3_EW,NONE,0.008,0.0
1500,32Nvl_L3_EW,NONE,0.006,0.0
1500,32Nvl_L3_EW,NONE,0.006,0.0
1500,NvcNvl_L3_EW,NONE,0.006,0.0
1500,NvcNvl_L3_EW,NONE,0.037,0.0
1500,32Mt_L2_EW,32MT_EW,0.005,0.0
1500,32Mt_L2_NS,NONE,0.052,0.0
1500,NvcMt_L2_EW,NVCMT_EW,0.008,-0.014
1500,NvcCmt8_L1_NS,NONE,0.054,0.0
1505,304Nvl_L1_EW,304NVL_EW,0.093,0.093
1505,304Nvl_L2_EW,304NVL_EW,0.073,0.073
1505,304Nvl_L1_NS,NONE,0.007,0.0
1505,32Nvl_L1_EW,32NVL_EW,0.007,0.007
1505,32Nvl_L2_EW,32NVL_EW,0.008,0.008
1505,32Nvl_L1_EW,32NVL_EW,0.007,0.007
1505,32Nvl_L2_EW,32NVL_EW,0.007,0.007
1505,32Nvl_L3_NS,NONE,0.008,0.0
1505,32Nvl_L2_NS,32NVL_NS,0.008,0.008
1505,NvcNvl_L3_NS,NONE,0.007,0.0
1505,NvcNvl_L2_NS,NONE,0.007,0.0
1505,NvcNvl_L1_EW,NVCNVL_EW,0.028,0.024
1505,NvcNvl_L2_EW,NVCNVL_EW,0.031,0.031
1505,32Mt_L1_NS,32MT_NS,0.006,0.006
1505,32Mt_L1_NS,NONE,0.02,0.0
1505,NvcMt_L1_EW,NVCMT_EW,0.006,-0.013
1505,304Nvl_L3_EW,NONE,0.063,0.0
1505,32Nvl_L3_EW,NONE,0.006,0.0
1505,32Nvl_L3_EW,NONE,0.006,0.0
1505,32Nvl_L1_NS,32NVL_NS,0.007,0.007
1505,NvcNvl_L1_NS,NONE,0.009,0.0
1505,NvcNvl_L3_EW,NONE,0.037,0.0
1505,32Mt_L2_NS,NONE,0.017,0.0
1505,NvcMt_L2_EW,NVCMT_EW,0.008,-0.014
1510,304Nvl_L1_EW,304NVL_EW,0.102,0.102
1510,304Nvl_L2_EW,304NVL_EW,0.08,0.08
1510,304Nvl_L1_NS,NONE,0.007,0.0
1510,32Nvl_L3_NS,NONE,0.034,0.0
1510,32Nvl_L1_NS,32NVL_NS,0.035,0.035
1510,32Nvl_L1_EW,32NVL_EW,0.007,0.007
1510,32Nvl_L2_EW,32NVL_EW,0.008,0.008
1510,32Nvl_L1_EW,32NVL_EW,0.007,0.007
1510,32Nvl_L2_EW,32NVL_EW,0.007,0.007
1510,32Nvl_L3_NS,NONE,0.008,0.0
1510,32Nvl_L2_NS,32NVL_NS,0.008,0.008
1510,NvcNvl_L3_NS,NONE,0.034,0.0
1510,NvcNvl_L2_NS,NONE,0.033,0.0
1510,NvcNvl_L1_EW,NONE,0.011,0.0
1510,NvcNvl_L2_EW,NONE,0.008,0.0
1510,NvcNvl_L1_EW,NVCNVL_EW,0.021,0.012
1510,NvcNvl_L2_EW,NVCNVL_EW,0.023,0.023
1510,32Mt_L1_NS,32MT_NS,0.05,0.05
1510,NvcMt_L1_EW,NVCMT_EW,0.013,-0.002
1510,304Nvl_L3_EW,NONE,0.063,0.0
1510,304Nvl_L2_NS,NONE,0.007,0.0
1510,32Nvl_L2_NS,32NVL_NS,0.033,0.033
1510,32Nvl_L3_EW,NONE,0.006,0.0
1510,32Nvl_L3_EW,NONE,0.006,0.0
1510,32Nvl_L1_NS,32NVL_NS,0.007,0.007
1510,NvcNvl_L1_NS,NONE,0.044,0.0
1510,NvcNvl_L3_EW,NONE,0.028,0.0
1510,NvcMt_L2_EW,NVCMT_EW,0.016,-0.001
1515,304Nvl_L1_EW,304NVL_EW,0.085,0.085
1515,304Nvl_L2_EW,304NVL_EW,0.065,0.065
1515,304Nvl_L1_NS,NONE,0.015,0.0
1515,32Nvl_L1_EW,32NVL_EW,0.007,0.007
1515,32Nvl_L2_EW,32NVL_EW,0.008,0.008
1515,32Nvl_L1_EW,32NVL_EW,0.007,0.007
1515,32Nvl_L2_EW,32NVL_EW,0.007,0.007
1515,32Nvl_L3_NS,NONE,0.008,0.0
1515,32Nvl_L2_NS,32NVL_NS,0.008,0.008
1515,NvcNvl_L1_EW,NONE,0.011,0.0
1515,NvcNvl_L2_EW,NONE,0.008,0.0
1515,32Mt_L1_NS,32MT_NS,0.013,0.013
1515,32Mt_L1_EW,NONE,0.014,0.0
1515,32Mt_L3_EW,NONE,0.009,0.0
1515,NvcMt_L1_EW,NVCMT_EW,0.013,0.013
1515,NvcCmt8_L2_NS,NONE,0.011,0.0
1515,NvcCmt8_L1_NS,NONE,0.008,0.0
1515,304Nvl_L3_EW,NONE,0.057,0.0
1515,32Nvl_L3_EW,NONE,0.006,0.0
1515,32Nvl_L3_EW,NONE,0.006,0.0
1515,32Nvl_L1_NS,32NVL_NS,0.007,0.007
1515,32Mt_L2_EW,NONE,0.008,0.0
1515,NvcMt_L2_EW,NVCMT_EW,0.016,0.016
1520,304Nvl_L1_NS,NONE,0.007,0.0
1520,32Nvl_L1_NS,32NVL_NS,0.007,0.007
1520,32Nvl_L1_EW,32NVL_EW,0.014,0.014
1520,32Nvl_L2_EW,32NVL_EW,0.015,0.015
1520,32Nvl_L1_EW,32NVL_EW,0.007,0.007
1520,32Nvl_L2_EW,32NVL_EW,0.007,0.007
1520,NvcNvl_L3_NS,NONE,0.007,0.0
1520,NvcNvl_L2_NS,NONE,0.007,0.0
1520,NvcNvl_L1_EW,NONE,0.021,0.0
1520,NvcNvl_L2_EW,NONE,0.008,0.0
1520,NvcNvl_L1_EW,NVCNVL_EW,0.035,0.035
1520,32Mt_L1_NS,32MT_NS,0.006,0.006
1520,NvcMt_L2_NS,NONE,0.005,0.0
1520,32Nvl_L3_EW,NONE,0.006,0.0
1520,32Nvl_L3_EW,NONE,0.013,0.0
1520,NvcNvl_L1_NS,NONE,0.009,0.0
1520,NvcMt_L1_NS,NONE,0.005,0.0
1525,304Nvl_L1_NS,NONE,0.007,0.0
1525,32Nvl_L1_NS,32NVL_NS,0.007,0.007
1525,32Nvl_L1_EW,32NVL_EW,0.007,0.007
1525,32Nvl_L2_EW,32NVL_EW,0.008,0.008
1525,32Nvl_L1_EW,32NVL_EW,0.007,0.007
1525,32Nvl_L2_EW,32NVL_EW,0.007,0.007
1525,32Nvl_L3_NS,NONE,0.008,0.0
1525,32Nvl_L2_NS,32NVL_NS,0.008,0.008
1525,NvcNvl_L1_EW,NONE,0.011,0.0
1525,NvcNvl_L2_EW,NONE,0.008,0.0
1525,32Mt_L1_NS,NONE,0.01,0.0
1525,NvcCmt8_L2_NS,NONE,0.012,0.0
1525,32Nvl_L3_EW,NONE,0.006,0.0
1525,32Nvl_L3_EW,NONE,0.006,0.0
1525,32Nvl_L1_NS,32NVL_NS,0.013,0.013
1525,NvcCmt8_L1_NS,NONE,0.011,0.0
1530,304Nvl_L1_EW,304NVL_EW,0.025,0.025
1530,304Nvl_L1_NS,NONE,0.044,0.0
1530,32Nvl_L1_NS,32NVL_NS,0.007,0.007
1530,32Nvl_L1_EW,32NVL_EW,0.014,0.014
1530,32Nvl_L2_EW,32NVL_EW,0.015,0.015
1530,32Nvl_L1_EW,32NVL_EW,0.007,0.007
1530,32Nvl_L2_EW,32NVL_EW,0.007,0.007
1530,32Nvl_L3_NS,NONE,0.008,0.0
1530,32Nvl_L2_NS,32NVL_NS,0.008,0.008
1530,NvcMt_L1_EW,NVCMT_EW,0.006,0.006
1530,NvcMt_L2_EW,NVCMT_EW,0.013,0.013
1530,NvcCmt8_L2_NS,NONE,0.011,0.0
1530,NvcCmt8_L1_NS,NONE,0.008,0.0
1530,32Nvl_L2_NS,32NVL_NS,0.007,0.007
1530,32Nvl_L3_EW,NONE,0.006,0.0
1530,32Nvl_L3_EW,NONE,0.013,0.0
1530,32Nvl_L1_NS,32NVL_NS,0.007,0.007
1530,NvcMt_L2_EW,NVCMT_EW,0.008,0.008
1530,NvcMt_L1_EW,NVCMT_EW,0.028,0.028
1535,304Nvl_L1_EW,304NVL_EW,0.008,0.008
1535,304Nvl_L1_NS,NONE,0.007,0.0
1535,32Nvl_L1_NS,32NVL_NS,0.007,0.007
1535,32Nvl_L1_EW,32NVL_EW,0.007,0.002
1535,32Nvl_L2_EW,32NVL_EW,0.008,0.004
1535,32Nvl_L1_EW,32NVL_EW,0.007,0.002
1535,32Nvl_L2_EW,32NVL_EW,0.007,0.004
1535,32Nvl_L3_NS,NONE,0.008,0.0
1535,32Nvl_L2_NS,32NVL_NS,0.008,0.008
1535,32Mt_L1_EW,32MT_EW,0.007,0.002
1535,NvcMt_L2_NS,NONE,0.005,0.0
1535,32Nvl_L2_NS,32NVL_NS,0.007,0.007
1535,32Nvl_L3_EW,NONE,0.006,0.0
1535,32Nvl_L3_EW,NONE,0.006,0.0
1535,32Nvl_L1_NS,32NVL_NS,0.013,0.013
1535,32Mt_L2_EW,32MT_EW,0.005,0.0
1535,NvcMt_L1_NS,NONE,0.005,0.0
1540,304Nvl_L1_EW,304NVL_EW,0.119,0.119
1540,304Nvl_L2_EW,304NVL_EW,0.102,0.102
1540,32Nvl_L1_NS,32NVL_NS,0.007,0.007
1540,32Nvl_L1_EW,32NVL_EW,0.007,0.007
1540,32Nvl_L2_EW,32NVL_EW,0.008,0.008
1540,32Nvl_L1_EW,32NVL_EW,0.007,0.007
1540,32Nvl_L2_EW,32NVL_EW,0.007,0.007
1540,32Mt_L1_NS,NONE,0.01,0.0
1540,NvcMt_L2_NS,NONE,0.005,0.0
1540,304Nvl_L3_EW,NONE,0.089,0.0
1540,32Nvl_L3_EW,NONE,0.006,0.0
1540,32Nvl_L3_EW,NONE,0.006,0.0
1540,32Nvl_L1_NS,32NVL_NS,0.007,0.007
1540,32Mt_L2_NS,NONE,0.009,0.0
1540,NvcMt_L1_NS,NONE,0.005,0.0
1540,NvcMt_L1_EW,NVCMT_EW,0.006,0.006
1545,304Nvl_L1_EW,304NVL_EW,0.025,0.025
1545,304Nvl_L2_EW,304NVL_EW,0.022,0.022
1545,32Nvl_L1_NS,32NVL_NS,0.007,0.007
1545,32Nvl_L1_EW,32NVL_EW,0.007,0.007
1545,32Nvl_L2_EW,32NVL_EW,0.008,0.008
1545,32Nvl_L1_EW,32NVL_EW,0.007,0.007
1545,32Nvl_L2_EW,32NVL_EW,0.007,0.007
1545,32Nvl_L3_NS,NONE,0.008,0.0
1545,32Nvl_L2_NS,32NVL_NS,0.008,0.008
1545,NvcNvl_L1_EW,NONE,0.011,0.0
1545,NvcNvl_L2_EW,NONE,0.008,0.0
1545,32Mt_L1_NS,32MT_NS,0.006,0.006
1545,32Mt_L1_EW,NONE,0.007,0.0
1545,32Mt_L3_EW,NONE,0.009,0.0
1545,304Nvl_L3_EW,NONE,0.019,0.0
1545,32Nvl_L3_EW,NONE,0.006,0.0
1545,32Nvl_L3_EW,NONE,0.006,0.0
1545,32Nvl_L1_NS,32NVL_NS,0.007,0.007
1545,NvcNvl_L3_EW,NONE,0.006,0.0
1545,32Mt_L2_EW,NONE,0.008,0.0
1550,304Nvl_L1_NS,304NVL_NS,0.009,0.004
1550,304Nvl_L1_EW,304NVL_EW,0.008,0.008
1550,304Nvl_L2_EW,304NVL_EW,0.007,0.007
1550,304Nvl_L1_NS,NONE,0.095,0.0
1550,304Nvl_L3_NS,NONE,0.008,0.0
1550,32Nvl_L1_NS,32NVL_NS,0.007,0.001
1550,32Nvl_L1_EW,32NVL_EW,0.028,0.028
1550,32Nvl_L2_EW,32NVL_EW,0.031,0.031
1550,32Nvl_L1_EW,32NVL_EW,0.007,0.007
1550,32Nvl_L2_EW,32NVL_EW,0.007,0.007
1550,32Mt_L1_NS,32MT_NS,0.006,0.006
1550,32Mt_L1_EW,NONE,0.014,0.0
1550,32Mt_L3_EW,NONE,0.009,0.0
1550,304Nvl_L3_EW,NONE,0.006,0.0
1550,304Nvl_L2_NS,NONE,0.007,0.0
1550,32Nvl_L2_NS,32NVL_NS,0.007,0.007
1550,32Nvl_L3_EW,NONE,0.006,0.0
1550,32Nvl_L3_EW,NONE,0.025,0.0
1550,32Mt_L2_EW,NONE,0.008,0.0
1555,304Nvl_L1_NS,304NVL_NS,0.009,0.004
1555,304Nvl_L1_NS,NONE,0.015,0.0
1555,32Nvl_L3_NS,NONE,0.007,0.0
1555,32Nvl_L1_NS,32NVL_NS,0.007,0.001
1555,32Nvl_L1_EW,32NVL_EW,0.014,0.009
1555,32Nvl_L2_EW,32NVL_EW,0.015,0.012
1555,32Nvl_L1_EW,32NVL_EW,0.007,0.002
1555,32Nvl_L2_EW,32NVL_EW,0.007,0.004
1555,32Nvl_L3_NS,NONE,0.017,0.0
1555,32Nvl_L2_NS,32NVL_NS,0.016,0.016
1555,NvcNvl_L1_EW,NVCNVL_EW,0.007,0.007
1555,32Mt_L1_EW,32MT_EW,0.007,-0.003
1555,32Nvl_L2_NS,32NVL_NS,0.007,0.007
1555,32Nvl_L3_EW,NONE,0.006,0.0
1555,32Nvl_L3_EW,NONE,0.013,0.0
1555,32Nvl_L1_NS,32NVL_NS,0.013,0.007
1555,32Mt_L2_EW,32MT_EW,0.005,-0.005
1560,304Nvl_L1_NS,304NVL_NS,0.018,0.018
1560,304Nvl_L1_EW,304NVL_EW,0.017,0.017
1560,304Nvl_L2_EW,304NVL_EW,0.007,0.007
1560,304Nvl_L1_NS,NONE,0.015,0.0
1560,32Nvl_L1_EW,32NVL_EW,0.014,0.014
1560,32Nvl_L2_EW,32NVL_EW,0.015,0.015
1560,32Nvl_L1_EW,32NVL_EW,0.02,0.02
1560,32Nvl_L2_EW,32NVL_EW,0.015,0.015
1560,32Nvl_L3_NS,NONE,0.017,0.0
1560,32Nvl_L2_NS,32NVL_NS,0.016,0.016
1560,NvcNvl_L1_EW,NONE,0.011,0.0
1560,NvcNvl_L2_EW,NONE,0.008,0.0
1560,32Mt_L1_NS,NONE,0.02,0.0
1560,304Nvl_L3_EW,NONE,0.006,0.0
1560,32Nvl_L3_EW,NONE,0.012,0.0
1560,32Nvl_L3_EW,NONE,0.013,0.0
1560,32Nvl_L1_NS,32NVL_NS,0.027,0.014
1560,NvcNvl_L3_EW,NONE,0.006,0.0
1560,32Mt_L2_NS,NONE,0.009,0.0
1565,304Nvl_L1_NS,304NVL_NS,0.009,-0.025
1565,32Nvl_L3_NS,NONE,0.041,0.0
1565,32Nvl_L1_NS,32NVL_NS,0.048,0.042
1565,32Nvl_L1_EW,32NVL_EW,0.007,0.002
1565,32Nvl_L2_EW,32NVL_EW,0.008,0.004
1565,32Nvl_L1_EW,32NVL_EW,0.013,0.009
1565,32Nvl_L2_EW,32NVL_EW,0.007,0.004
1565,32Nvl_L3_NS,NONE,0.033,0.0
1565,32Nvl_L2_NS,32NVL_NS,0.032,0.032
1565,32Mt_L1_NS,32MT_NS,0.006,0.006
1565,32Mt_L1_EW,NONE,0.086,0.0
1565,32Mt_L3_EW,NONE,0.106,0.0
1565,32Mt_L1_EW,32MT_EW,0.007,0.002
1565,32Nvl_L2_NS,32NVL_NS,0.04,0.04
1565,32Nvl_L3_EW,NONE,0.006,0.0
1565,32Nvl_L1_NS,32NVL_NS,0.034,0.027
1565,32Mt_L2_EW,NONE,0.09,0.0
1565,32Mt_L2_EW,32MT_EW,0.005,0.0
1570,304Nvl_L1_NS,304NVL_NS,0.009,-0.025
1570,304Nvl_L1_EW,304NVL_EW,0.008,0.008
1570,304Nvl_L2_EW,304NVL_EW,0.007,0.007
1570,304Nvl_L1_NS,NONE,0.022,0.0
1570,304Nvl_L3_NS,NONE,0.016,0.0
1570,32Nvl_L3_NS,NONE,0.007,0.0
1570,32Nvl_L1_NS,32NVL_NS,0.048,0.042
1570,32Nvl_L3_NS,NONE,0.033,0.0
1570,32Nvl_L2_NS,32NVL_NS,0.032,0.032
1570,NvcNvl_L1_EW,NVCNVL_EW,0.007,0.003
1570,32Mt_L1_NS,32MT_NS,0.006,0.006
1570,32Mt_L1_EW,NONE,0.137,0.0
1570,32Mt_L3_EW,NONE,0.168,0.0
1570,32Mt_L1_NS,NONE,0.01,0.0
1570,NvcMt_L1_EW,NVCMT_EW,0.006,0.001
1570,304Nvl_L2_NS,NONE,0.015,0.0
1570,32Nvl_L2_NS,32NVL_NS,0.04,0.04
1570,32Nvl_L1_NS,32NVL_NS,0.047,0.041
1570,32Mt_L2_EW,NONE,0.143,0.0
1570,32Mt_L2_NS,NONE,0.009,0.0
1570,NvcMt_L2_EW,NVCMT_EW,0.008,0.008
1575,304Nvl_L1_NS,304NVL_NS,0.009,-0.025
1575,304Nvl_L1_EW,304NVL_EW,0.11,0.11
1575,304Nvl_L2_EW,304NVL_EW,0.094,0.094
1575,32Nvl_L3_NS,NONE,0.007,0.0
1575,32Nvl_L1_NS,32NVL_NS,0.048,0.042
1575,32Nvl_L3_NS,NONE,0.025,0.0
1575,32Nvl_L2_NS,32NVL_NS,0.024,0.024
1575,NvcNvl_L1_EW,NVCNVL_EW,0.007,0.003
1575,NvcNvl_L2_EW,NVCNVL_EW,0.008,0.008
1575,32Mt_L1_NS,32MT_NS,0.006,0.006
1575,32Mt_L1_EW,NONE,0.05,0.0
1575,32Mt_L3_EW,NONE,0.062,0.0
1575,NvcMt_L1_EW,NVCMT_EW,0.006,0.001
1575,32Thn_L1_EW,32THN_EW,0.008,0.008
1575,32Thn_L2_EW,32THN_EW,0.008,0.008
1575,32Thn_L3_EW,NONE,0.008,0.0
1575,304Nvl_L3_EW,NONE,0.082,0.0
1575,32Nvl_L2_NS,32NVL_NS,0.04,0.04
1575,32Nvl_L1_NS,32NVL_NS,0.034,0.027
1575,NvcNvl_L3_EW,NONE,0.009,0.0
1575,32Mt_L2_EW,NONE,0.053,0.0
1575,NvcMt_L2_EW,NVCMT_EW,0.008,0.002
1580,304Nvl_L1_EW,304NVL_EW,0.135,0.135
1580,304Nvl_L2_EW,304NVL_EW,0.109,0.109
1580,32Nvl_L1_NS,32NVL_NS,0.007,0.007
1580,32Nvl_L3_NS,NONE,0.017,0.0
1580,32Nvl_L2_NS,32NVL_NS,0.016,0.016
1580,NvcNvl_L1_EW,NVCNVL_EW,0.007,-0.002
1580,NvcNvl_L2_EW,NVCNVL_EW,0.008,0.008
1580,32Mt_L1_NS,32MT_NS,0.006,0.001
1580,32Mt_L1_NS,NONE,0.117,0.0
1580,NvcMt_L2_NS,NONE,0.011,0.0
1580,NvcMt_L1_EW,NVCMT_EW,0.013,0.008
1580,NvcMt_L1_NS,NVCMT_NS,0.007,0.002
1580,32Thn_L1_EW,32THN_EW,0.008,0.008
1580,32Thn_L2_EW,32THN_EW,0.008,0.008
1580,32Thn_L3_EW,NONE,0.008,0.0
1580,304Nvl_L3_EW,NONE,0.095,0.0
1580,32Nvl_L1_NS,32NVL_NS,0.02,0.02
1580,NvcNvl_L3_EW,NONE,0.009,0.0
1580,NvcMt_L1_NS,NONE,0.011,0.0
1580,NvcMt_L2_EW,NVCMT_EW,0.016,0.01
1580,NvcMt_L2_NS,NVCMT_NS,0.005,0.005
1585,304Nvl_L1_EW,304NVL_EW,0.135,0.135
1585,304Nvl_L2_EW,304NVL_EW,0.109,0.109
1585,32Nvl_L3_NS,NONE,0.095,0.0
1585,32Nvl_L1_NS,32NVL_NS,0.111,0.111
1585,NvcNvl_L1_EW,NVCNVL_EW,0.007,-0.002
1585,NvcNvl_L2_EW,NVCNVL_EW,0.008,0.008
1585,32Mt_L1_EW,32MT_EW,0.021,0.021
1585,NvcMt_L1_EW,NVCMT_EW,0.013,0.008
1585,32Thn_L1_EW,NONE,0.01,0.0
1585,304Nvl_L3_EW,NONE,0.095,0.0
1585,32Nvl_L2_NS,32NVL_NS,0.093,0.093
1585,NvcNvl_L3_EW,NONE,0.009,0.0
1585,32Mt_L2_EW,32MT_EW,0.005,0.005
1585,NvcMt_L2_EW,NVCMT_EW,0.016,0.01
1590,304Nvl_L1_EW,304NVL_EW,0.059,0.059
1590,304Nvl_L2_EW,304NVL_EW,0.044,0.044
1590,32Nvl_L3_NS,NONE,0.007,0.0
1590,32Nvl_L1_NS,32NVL_NS,0.028,0.028
1590,NvcNvl_L3_NS,NONE,0.007,0.0
1590,NvcNvl_L2_NS,NONE,0.007,0.0
1590,NvcNvl_L1_EW,NVCNVL_EW,0.007,0.007
1590,NvcNvl_L2_EW,NVCNVL_EW,0.008,0.008
1590,32Mt_L1_NS,32MT_NS,0.006,0.006
1590,32Mt_L1_EW,NONE,0.007,0.0
1590,32Mt_L3_EW,NONE,0.009,0.0
1590,32Mt_L1_EW,32MT_EW,0.063,0.063
1590,32Mt_L1_NS,NONE,0.01,0.0
1590,32Thn_L1_EW,NONE,0.01,0.0
1590,304Nvl_L3_EW,NONE,0.038,0.0
1590,32Nvl_L2_NS,32NVL_NS,0.02,0.02
1590,32Nvl_L1_NS,32NVL_NS,0.04,0.04
1590,NvcNvl_L1_NS,NONE,0.009,0.0
1590,NvcNvl_L3_EW,NONE,0.009,0.0
1590,32Mt_L2_NS,32MT_NS,0.006,0.006
1590,32Mt_L2_EW,NONE,0.008,0.0
1590,32Mt_L2_EW,32MT_EW,0.011,0.011
1590,NvcMt_L2_EW,NVCMT_EW,0.008,0.002
1595,304Nvl_L1_EW,304NVL_EW,0.042,0.042
1595,304Nvl_L2_EW,304NVL_EW,0.036,0.036
1595,32Nvl_L1_NS,32NVL_NS,0.007,0.007
1595,NvcNvl_L3_NS,NONE,0.014,0.0
1595,NvcNvl_L2_NS,NONE,0.02,0.0
1595,NvcNvl_L1_EW,NVCNVL_EW,0.007,0.003
1595,NvcNvl_L2_EW,NVCNVL_EW,0.008,0.008
1595,32Mt_L1_EW,32MT_EW,0.063,0.063
1595,NvcMt_L1_EW,NVCMT_EW,0.006,0.001
1595,304Nvl_L3_EW,NONE,0.025,0.0
1595,32Nvl_L1_NS,32NVL_NS,0.047,0.047
1595,NvcNvl_L1_NS,NONE,0.026,0.0
1595,NvcNvl_L3_EW,NONE,0.009,0.0
1595,32Mt_L2_EW,32MT_EW,0.016,0.016
1595,NvcMt_L2_EW,NVCMT_EW,0.008,0.002
1600,304Nvl_L1_NS,304NVL_NS,0.009,0.004
1600,304Nvl_L1_EW,304NVL_EW,0.017,0.017
1600,304Nvl_L2_EW,304NVL_EW,0.015,0.015
1600,304Nvl_L1_NS,NONE,0.007,0.0
1600,32Nvl_L3_NS,NONE,0.007,0.0
1600,32Nvl_L1_NS,32NVL_NS,0.007,0.001
1600,NvcNvl_L2_NS,NONE,0.007,0.0
1600,NvcNvl_L1_EW,NVCNVL_EW,0.007,0.003
1600,NvcNvl_L2_EW,NVCNVL_EW,0.008,0.008
1600,32Mt_L1_EW,NONE,0.007,0.0
1600,32Mt_L1_EW,32MT_EW,0.063,0.063
1600,NvcMt_L1_EW,NVCMT_EW,0.006,0.001
1600,304Nvl_L3_EW,NONE,0.013,0.0
1600,32Nvl_L2_NS,32NVL_NS,0.007,0.007
1600,32Nvl_L1_NS,32NVL_NS,0.007,0.0
1600,NvcNvl_L1_NS,NONE,0.009,0.0
1600,NvcNvl_L3_EW,NONE,0.009,0.0
1600,32Mt_L2_EW,32MT_EW,0.011,0.011
1600,NvcMt_L2_EW,NVCMT_EW,0.008,0.002
1605,304Nvl_L1_NS,304NVL_NS,0.009,0.009
1605,304Nvl_L1_EW,304NVL_EW,0.11,0.11
1605,304Nvl_L1_NS,NONE,0.058,0.0
1605,304Nvl_L3_NS,NONE,0.008,0.0
1605,NvcNvl_L3_NS,NONE,0.007,0.0
1605,NvcNvl_L2_NS,NONE,0.007,0.0
1605,NvcNvl_L1_EW,NVCNVL_EW,0.007,0.003
1605,NvcNvl_L2_EW,NVCNVL_EW,0.008,0.008
1605,NvcNvl_L1_NS,NVCNVL_NS,0.007,0.007
1605,32Mt_L1_EW,NONE,0.007,0.0
1605,32Mt_L1_EW,32MT_EW,0.014,0.014
1605,NvcMt_L2_NS,NONE,0.005,0.0
1605,NvcMt_L1_EW,NVCMT_EW,0.006,0.001
1605,304Nvl_L2_NS,NONE,0.007,0.0
1605,NvcNvl_L1_NS,NONE,0.009,0.0
1605,NvcNvl_L3_EW,NONE,0.009,0.0
1605,32Mt_L2_EW,32MT_EW,0.011,0.011
1605,NvcMt_L1_NS,NONE,0.005,0.0
1605,NvcMt_L2_EW,NVCMT_EW,0.008,0.002
1610,304Nvl_L1_NS,304NVL_NS,0.009,0.009
1610,304Nvl_L1_EW,304NVL_EW,0.051,0.051
1610,304Nvl_L2_EW,304NVL_EW,0.036,0.036
1610,304Nvl_L1_NS,NONE,0.066,0.0
1610,304Nvl_L3_NS,NONE,0.008,0.0
1610,32Nvl_L3_NS,NONE,0.008,0.0
1610,32Nvl_L2_NS,32NVL_NS,0.008,0.008
1610,NvcNvl_L3_NS,NONE,0.007,0.0
1610,NvcNvl_L2_NS,NONE,0.007,0.0
1610,NvcNvl_L1_EW,NVCNVL_EW,0.007,0.003
1610,NvcNvl_L2_EW,NVCNVL_EW,0.008,0.008
1610,32Mt_L1_EW,NONE,0.007,0.0
1610,32Mt_L3_EW,NONE,0.009,0.0
1610,32Mt_L1_EW,32MT_EW,0.014,0.014
1610,NvcMt_L2_NS,NONE,0.005,0.0
1610,NvcMt_L1_EW,NVCMT_EW,0.006,0.001
1610,304Nvl_L3_EW,NONE,0.032,0.0
1610,304Nvl_L2_NS,NONE,0.007,0.0
1610,32Nvl_L1_NS,32NVL_NS,0.013,0.007
1610,NvcNvl_L1_NS,NONE,0.009,0.0
1610,NvcNvl_L3_EW,NONE,0.009,0.0
1610,32Mt_L2_EW,NONE,0.008,0.0
1610,32Mt_L2_EW,32MT_EW,0.011,0.011
1610,NvcMt_L1_NS,NONE,0.005,0.0
1610,NvcMt_L2_EW,NVCMT_EW,0.008,0.002
1615,304Nvl_L1_EW,304NVL_EW,0.051,0.051
1615,304Nvl_L2_EW,304NVL_EW,0.044,0.044
1615,304Nvl_L1_NS,NONE,0.015,0.0
1615,304Nvl_L3_NS,NONE,0.008,0.0
1615,32Nvl_L3_NS,NONE,0.008,0.0
1615,32Nvl_L2_NS,32NVL_NS,0.008,0.008
1615,NvcNvl_L1_EW,NVCNVL_EW,0.007,0.007
1615,NvcNvl_L2_EW,NVCNVL_EW,0.008,0.008
1615,32Mt_L1_EW,32MT_EW,0.007,0.007
1615,304Nvl_L3_EW,NONE,0.038,0.0
1615,304Nvl_L2_NS,NONE,0.007,0.0
1615,32Nvl_L1_NS,32NVL_NS,0.007,0.007
1615,NvcNvl_L3_EW,NONE,0.009,0.0
1615,32Mt_L2_EW,32MT_EW,0.005,0.005
1620,304Nvl_L1_NS,NONE,0.007,0.0
1620,304Nvl_L3_NS,NONE,0.008,0.0
1620,NvcNvl_L3_NS,NONE,0.007,0.0
1620,NvcNvl_L2_NS,NONE,0.007,0.0
1620,NvcNvl_L1_EW,NVCNVL_EW,0.007,0.007
1620,NvcNvl_L2_EW,NVCNVL_EW,0.008,0.008
1620,32Mt_L1_EW,32MT_EW,0.014,0.014
1620,304Nvl_L2_NS,NONE,0.007,0.0
1620,NvcNvl_L1_NS,NONE,0.009,0.0
1620,NvcNvl_L3_EW,NONE,0.009,0.0
1620,32Mt_L2_EW,32MT_EW,0.005,0.005
1625,304Nvl_L1_EW,304NVL_EW,0.017,0.017
1625,304Nvl_L2_EW,304NVL_EW,0.007,0.007
1625,304Nvl_L1_NS,NONE,0.044,0.0
1625,NvcNvl_L1_EW,NVCNVL_EW,0.007,0.007
1625,NvcNvl_L2_EW,NVCNVL_EW,0.008,-0.002
1625,32Mt_L1_EW,NONE,0.036,0.0
1625,32Mt_L3_EW,NONE,0.044,0.0
1625,32Mt_L1_EW,32MT_EW,0.014,0.014
1625,NvcMt_L2_EW,NVCMT_EW,0.013,0.008
1625,32Thn_L1_EW,NONE,0.01,0.0
1625,32Thn_L2_EW,NONE,0.01,0.0
1625,32Thn_L3_EW,NONE,0.007,0.0
1625,304Nvl_L3_EW,NONE,0.006,0.0
1625,NvcNvl_L3_EW,NONE,0.009,0.0
1625,32Mt_L2_EW,NONE,0.038,0.0
1625,32Mt_L2_EW,32MT_EW,0.011,0.011
1625,NvcMt_L1_EW,NVCMT_EW,0.028,0.023
1630,304Nvl_L1_EW,304NVL_EW,0.008,0.008
1630,NvcNvl_L3_NS,NONE,0.081,0.0
1630,NvcNvl_L2_NS,NONE,0.079,0.0
1630,32Mt_L1_EW,32MT_EW,0.014,0.014
1630,NvcMt_L2_NS,NONE,0.005,0.0
1630,32Thn_L1_EW,32THN_EW,0.008,0.008
1630,NvcNvl_L1_NS,NONE,0.105,0.0
1630,32Mt_L2_EW,32MT_EW,0.011,0.011
1630,NvcMt_L1_NS,NONE,0.005,0.0
1635,304Nvl_L1_NS,NONE,0.007,0.0
1635,32Nvl_L3_NS,NONE,0.014,0.0
1635,32Nvl_L1_NS,32NVL_NS,0.021,0.021
1635,32Nvl_L3_NS,NONE,0.008,0.0
1635,32Nvl_L2_NS,32NVL_NS,0.008,0.008
1635,NvcNvl_L3_NS,NONE,0.088,0.0
1635,NvcNvl_L2_NS,NONE,0.086,0.0
1635,NvcNvl_L1_EW,NONE,0.149,0.0
1635,NvcNvl_L2_EW,NONE,0.107,0.0
1635,32Mt_L1_NS,32MT_NS,0.006,0.006
1635,32Mt_L1_EW,32MT_EW,0.035,0.035
1635,NvcMt_L2_NS,NONE,0.005,0.0
1635,32Nvl_L2_NS,32NVL_NS,0.02,0.02
1635,32Nvl_L1_NS,32NVL_NS,0.007,0.007
1635,NvcNvl_L1_NS,NONE,0.114,0.0
1635,NvcNvl_L3_EW,NONE,0.088,0.0
1635,32Mt_L2_EW,32MT_EW,0.027,0.027
1635,NvcMt_L1_NS,NONE,0.005,0.0
1640,304Nvl_L1_NS,304NVL_NS,0.009,-0.03
1640,304Nvl_L3_NS,NONE,0.007,0.0
1640,32Nvl_L3_NS,NONE,0.048,0.0
1640,32Nvl_L1_NS,32NVL_NS,0.055,0.049
1640,32Nvl_L3_NS,NONE,0.008,0.0
1640,32Nvl_L2_NS,32NVL_NS,0.008,0.003
1640,NvcNvl_L1_EW,NONE,0.011,0.0
1640,NvcNvl_L2_EW,NONE,0.008,0.0
1640,32Mt_L1_NS,32MT_NS,0.013,0.013
1640,32Mt_L1_EW,NONE,0.007,0.0
1640,32Mt_L3_EW,NONE,0.009,0.0
1640,304Nvl_L2_NS,304NVL_NS,0.008,0.002
1640,32Nvl_L2_NS,32NVL_NS,0.053,0.048
1640,32Nvl_L1_NS,32NVL_NS,0.007,0.0
1640,NvcNvl_L3_EW,NONE,0.006,0.0
1640,32Mt_L2_NS,32MT_NS,0.006,0.006
1640,32Mt_L2_EW,NONE,0.008,0.0
1645,304Nvl_L1_NS,304NVL_NS,0.009,-0.039
1645,304Nvl_L3_NS,NONE,0.007,0.0
1645,32Nvl_L3_NS,NONE,0.027,0.0
1645,32Nvl_L1_NS,32NVL_NS,0.069,0.063
1645,32Nvl_L1_EW,32NVL_EW,0.007,0.007
1645,32Nvl_L2_EW,32NVL_EW,0.008,0.008
1645,32Nvl_L1_EW,32NVL_EW,0.007,0.007
1645,32Nvl_L2_EW,32NVL_EW,0.007,0.007
1645,32Nvl_L3_NS,NONE,0.017,0.0
1645,32Nvl_L2_NS,32NVL_NS,0.016,0.01
1645,NvcNvl_L1_EW,NONE,0.011,0.0
1645,NvcNvl_L2_EW,NONE,0.008,0.0
1645,32Mt_L1_NS,32MT_NS,0.019,0.019
1645,32Mt_L1_EW,NONE,0.036,0.0
1645,32Mt_L3_EW,NONE,0.044,0.0
1645,304Nvl_L2_NS,304NVL_NS,0.008,-0.003
1645,32Nvl_L2_NS,32NVL_NS,0.067,0.061
1645,32Nvl_L3_EW,NONE,0.006,0.0
1645,32Nvl_L3_EW,NONE,0.006,0.0
1645,32Nvl_L1_NS,32NVL_NS,0.02,0.014
1645,32Mt_L2_NS,32MT_NS,0.006,0.006
1645,32Mt_L2_EW,NONE,0.038,0.0
1650,304Nvl_L1_NS,304NVL_NS,0.009,-0.064
1650,304Nvl_L3_NS,NONE,0.007,0.0
1650,32Nvl_L3_NS,NONE,0.027,0.0
1650,32Nvl_L1_NS,32NVL_NS,0.104,0.097
1650,32Nvl_L1_EW,32NVL_EW,0.007,-0.003
1650,32Nvl_L2_EW,32NVL_EW,0.008,0.004
1650,32Nvl_L3_NS,NONE,0.017,0.0
1650,32Nvl_L2_NS,32NVL_NS,0.016,0.01
1650,NvcNvl_L3_NS,NONE,0.007,0.0
1650,NvcNvl_L2_NS,NONE,0.007,0.0
1650,NvcNvl_L1_EW,NONE,0.011,0.0
1650,NvcNvl_L2_EW,NONE,0.008,0.0
1650,NvcNvl_L1_EW,NVCNVL_EW,0.014,0.014
1650,32Mt_L1_NS,32MT_NS,0.006,0.006
1650,32Mt_L1_EW,32MT_EW,0.014,0.009
1650,304Nvl_L2_NS,304NVL_NS,0.008,-0.003
1650,32Nvl_L2_NS,32NVL_NS,0.1,0.095
1650,32Nvl_L3_EW,NONE,0.006,0.0
1650,32Nvl_L1_NS,32NVL_NS,0.02,0.014
1650,NvcNvl_L1_NS,NONE,0.009,0.0
1650,NvcNvl_L3_EW,NONE,0.006,0.0
1650,32Mt_L2_NS,32MT_NS,0.006,0.006
1650,32Mt_L2_EW,32MT_EW,0.005,0.0
1655,304Nvl_L1_NS,304NVL_NS,0.009,-0.064
1655,304Nvl_L3_NS,NONE,0.007,0.0
1655,304Nvl_L1_EW,304NVL_EW,0.008,0.008
1655,304Nvl_L2_EW,304NVL_EW,0.007,0.007
1655,32Nvl_L3_NS,NONE,0.095,0.0
1655,32Nvl_L1_NS,32NVL_NS,0.104,0.097
1655,32Nvl_L3_NS,NONE,0.017,0.0
1655,32Nvl_L2_NS,32NVL_NS,0.016,0.01
1655,32Mt_L1_NS,32MT_NS,0.006,0.006
1655,32Mt_L1_EW,32MT_EW,0.042,0.042
1655,304Nvl_L2_NS,304NVL_NS,0.008,-0.003
1655,304Nvl_L3_EW,NONE,0.006,0.0
1655,32Nvl_L2_NS,32NVL_NS,0.107,0.101
1655,32Nvl_L1_NS,32NVL_NS,0.02,0.014
1655,32Mt_L2_NS,32MT_NS,0.006,0.006
1660,304Nvl_L1_NS,304NVL_NS,0.009,-0.064
1660,304Nvl_L3_NS,NONE,0.007,0.0
1660,32Nvl_L3_NS,NONE,0.061,0.0
1660,32Nvl_L1_NS,32NVL_NS,0.104,0.097
1660,32Nvl_L1_EW,32NVL_EW,0.007,-0.017
1660,32Nvl_L2_EW,32NVL_EW,0.008,-0.011
1660,32Nvl_L3_NS,NONE,0.025,0.0
1660,32Nvl_L2_NS,32NVL_NS,0.024,0.018
1660,NvcNvl_L1_EW,NONE,0.011,0.0
1660,NvcNvl_L2_EW,NONE,0.008,0.0
1660,NvcNvl_L1_EW,NVCNVL_EW,0.007,0.007
1660,NvcNvl_L2_EW,NVCNVL_EW,0.008,0.008
1660,32Mt_L1_EW,NONE,0.007,0.0
1660,32Mt_L1_EW,32MT_EW,0.035,0.03
1660,32Mt_L1_NS,NONE,0.117,0.0
1660,304Nvl_L2_NS,304NVL_NS,0.008,-0.009
1660,32Nvl_L2_NS,32NVL_NS,0.1,0.095
1660,32Nvl_L3_EW,NONE,0.006,0.0
1660,32Nvl_L1_NS,32NVL_NS,0.027,0.021
1660,NvcNvl_L3_EW,NONE,0.009,0.0
1660,32Mt_L2_EW,32MT_EW,0.027,0.022
1660,32Mt_L2_NS,NONE,0.104,0.0
1665,304Nvl_L1_NS,304NVL_NS,0.009,-0.059
1665,304Nvl_L3_NS,NONE,0.007,0.0
1665,304Nvl_L1_EW,304NVL_EW,0.008,0.008
1665,32Nvl_L3_NS,NONE,0.055,0.0
1665,32Nvl_L1_NS,32NVL_NS,0.097,0.091
1665,32Nvl_L3_NS,NONE,0.025,0.0
1665,32Nvl_L2_NS,32NVL_NS,0.024,0.018
1665,32Mt_L1_NS,NONE,0.127,0.0
1665,NvcMt_L1_EW,NVCMT_EW,0.006,0.006
1665,32Thn_L1_EW,32THN_EW,0.008,0.008
1665,32Thn_L2_EW,32THN_EW,0.008,0.008
1665,32Thn_L3_EW,NONE,0.008,0.0
1665,304Nvl_L2_NS,304NVL_NS,0.008,-0.009
1665,32Nvl_L2_NS,32NVL_NS,0.093,0.088
1665,32Nvl_L1_NS,32NVL_NS,0.027,0.021
1665,32Mt_L2_NS,NONE,0.113,0.0
1665,NvcMt_L2_EW,NVCMT_EW,0.008,0.008
1670,304Nvl_L1_NS,304NVL_NS,0.009,-0.035
1670,304Nvl_L3_NS,NONE,0.007,0.0
1670,32Nvl_L3_NS,NONE,0.055,0.0
1670,32Nvl_L1_NS,32NVL_NS,0.062,0.056
1670,32Nvl_L3_NS,NONE,0.025,0.0
1670,32Nvl_L2_NS,32NVL_NS,0.024,0.018
1670,32Mt_L1_EW,NONE,0.014,0.0
1670,32Mt_L3_EW,NONE,0.009,0.0
1670,32Mt_L1_NS,NONE,0.029,0.0
1670,NvcMt_L2_NS,NONE,0.005,0.0
1670,NvcMt_L1_EW,NVCMT_EW,0.006,0.006
1670,32Thn_L1_EW,NONE,0.01,0.0
1670,304Nvl_L2_NS,304NVL_NS,0.008,-0.009
1670,32Nvl_L2_NS,32NVL_NS,0.06,0.055
1670,32Nvl_L1_NS,32NVL_NS,0.027,0.021
1670,32Mt_L2_EW,NONE,0.008,0.0
1670,32Mt_L2_NS,NONE,0.026,0.0
1670,NvcMt_L1_NS,NONE,0.005,0.0
1670,NvcMt_L2_EW,NVCMT_EW,0.008,0.008
1675,304Nvl_L1_NS,304NVL_NS,0.009,-0.025
1675,304Nvl_L3_NS,NONE,0.007,0.0
1675,304Nvl_L1_EW,304NVL_EW,0.008,0.008
1675,304Nvl_L2_EW,304NVL_EW,0.007,0.007
1675,32Nvl_L3_NS,NONE,0.041,0.0
1675,32Nvl_L1_NS,32NVL_NS,0.048,0.042
1675,32Nvl_L3_NS,NONE,0.025,0.0
1675,32Nvl_L2_NS,32NVL_NS,0.024,0.018
1675,NvcNvl_L3_NS,NONE,0.007,0.0
1675,NvcNvl_L2_NS,NONE,0.04,0.0
1675,32Mt_L1_EW,NONE,0.007,0.0
1675,NvcMt_L1_EW,NVCMT_EW,0.013,0.013
1675,304Nvl_L2_NS,304NVL_NS,0.008,-0.009
1675,304Nvl_L3_EW,NONE,0.006,0.0
1675,32Nvl_L2_NS,32NVL_NS,0.047,0.041
1675,32Nvl_L1_NS,32NVL_NS,0.034,0.027
1675,NvcNvl_L1_NS,NONE,0.052,0.0
1675,NvcMt_L2_EW,NVCMT_EW,0.016,0.016
1680,304Nvl_L1_NS,304NVL_NS,0.009,-0.001
1680,304Nvl_L3_NS,NONE,0.007,0.0
1680,32Nvl_L3_NS,NONE,0.007,0.0
1680,32Nvl_L1_NS,32NVL_NS,0.014,0.008
1680,32Nvl_L3_NS,NONE,0.025,0.0
1680,32Nvl_L2_NS,32NVL_NS,0.024,0.018
1680,NvcNvl_L3_NS,NONE,0.034,0.0
1680,NvcNvl_L2_NS,NONE,0.033,0.0
1680,32Mt_L1_NS,32MT_NS,0.013,0.013
1680,32Mt_L1_EW,NONE,0.007,0.0
1680,32Mt_L1_EW,32MT_EW,0.091,0.091
1680,304Nvl_L2_NS,304NVL_NS,0.008,-0.009
1680,32Nvl_L2_NS,32NVL_NS,0.013,0.008
1680,32Nvl_L1_NS,32NVL_NS,0.027,0.021
1680,NvcNvl_L1_NS,NONE,0.044,0.0
1680,32Mt_L2_EW,32MT_EW,0.065,0.065
1685,304Nvl_L1_NS,NONE,0.007,0.0
1685,32Nvl_L3_NS,NONE,0.008,0.0
1685,32Nvl_L2_NS,32NVL_NS,0.016,0.016
1685,NvcNvl_L1_EW,NVCNVL_EW,0.007,0.007
1685,32Mt_L1_NS,32MT_NS,0.006,0.006
1685,32Mt_L1_EW,32MT_EW,0.084,0.084
1685,32Nvl_L1_NS,32NVL_NS,0.02,0.02
1690,304Nvl_L1_EW,304NVL_EW,0.059,0.059
1690,304Nvl_L2_EW,304NVL_EW,0.051,0.051
1690,NvcNvl_L3_NS,NONE,0.007,0.0
1690,NvcNvl_L2_NS,NONE,0.007,0.0
1690,NvcNvl_L1_EW,NONE,0.064,0.0
1690,NvcNvl_L2_EW,NONE,0.046,0.0
1690,NvcNvl_L1_EW,NVCNVL_EW,0.007,0.007
1690,32Mt_L1_EW,NONE,0.014,0.0
1690,32Mt_L3_EW,NONE,0.018,0.0
1690,NvcCmt8_L2_EW,NONE,0.007,0.0
1690,304Nvl_L3_EW,NONE,0.038,0.0
1690,32Nvl_L1_NS,32NVL_NS,0.04,0.04
1690,NvcNvl_L1_NS,NONE,0.009,0.0
1690,32Mt_L2_EW,NONE,0.015,0.0
1690,NvcCmt8_L1_EW,NONE,0.006,0.0
1695,304Nvl_L1_EW,304NVL_EW,0.076,0.076
1695,304Nvl_L2_EW,304NVL_EW,0.065,0.065
1695,304Nvl_L1_NS,NONE,0.007,0.0
1695,32Nvl_L1_NS,32NVL_NS,0.014,0.014
1695,NvcNvl_L3_NS,NONE,0.007,0.0
1695,NvcNvl_L2_NS,NONE,0.007,0.0
1695,NvcNvl_L1_EW,NONE,0.011,0.0
1695,NvcNvl_L2_EW,NONE,0.008,0.0
1695,NvcNvl_L1_EW,NVCNVL_EW,0.007,0.007
1695,32Mt_L1_EW,NONE,0.007,0.0
1695,304Nvl_L3_EW,NONE,0.057,0.0
1695,32Nvl_L1_NS,32NVL_NS,0.04,0.04
1695,NvcNvl_L1_NS,NONE,0.009,0.0
1695,NvcNvl_L3_EW,NONE,0.006,0.0
1700,304Nvl_L1_EW,304NVL_EW,0.025,0.025
1700,304Nvl_L2_EW,304NVL_EW,0.022,0.022
1700,NvcNvl_L1_EW,NVCNVL_EW,0.007,0.007
1700,32Mt_L1_NS,32MT_NS,0.006,0.006
1700,32Mt_L1_EW,NONE,0.007,0.0
1700,32Mt_L3_EW,NONE,0.009,0.0
1700,32Mt_L1_NS,NONE,0.01,0.0
1700,304Nvl_L3_EW,NONE,0.019,0.0
1700,32Mt_L2_EW,NONE,0.008,0.0
1700,NvcCmt8_L1_EW,NVCCMT8_EW,0.008,0.008
1705,304Nvl_L1_EW,304NVL_EW,0.017,0.017
1705,304Nvl_L1_NS,NONE,0.007,0.0
1705,NvcNvl_L3_NS,NONE,0.014,0.0
1705,NvcNvl_L2_NS,NONE,0.013,0.0
1705,NvcNvl_L1_EW,NVCNVL_EW,0.014,0.014
1705,NvcNvl_L1_NS,NONE,0.017,0.0
1710,304Nvl_L1_EW,304NVL_EW,0.008,0.008
1710,304Nvl_L1_NS,NONE,0.015,0.0
1710,32Nvl_L3_NS,NONE,0.007,0.0
1710,32Nvl_L1_NS,32NVL_NS,0.007,0.007
1710,NvcNvl_L2_NS,NONE,0.007,0.0
1710,NvcNvl_L1_EW,NONE,0.053,0.0
1710,NvcNvl_L2_EW,NONE,0.038,0.0
1710,NvcNvl_L1_EW,NVCNVL_EW,0.014,0.014
1710,NvcMt_L2_NS,NONE,0.063,0.0
1710,32Nvl_L2_NS,32NVL_NS,0.007,0.007
1710,NvcNvl_L1_NS,NONE,0.009,0.0
1710,NvcNvl_L3_EW,NONE,0.032,0.0
1710,NvcMt_L1_NS,NONE,0.066,0.0
1715,304Nvl_L1_NS,304NVL_NS,0.045,0.045
1715,304Nvl_L1_NS,NONE,0.007,0.0
1715,32Nvl_L1_EW,32NVL_EW,0.007,-0.022
1715,32Nvl_L2_EW,32NVL_EW,0.008,-0.015
1715,32Nvl_L3_NS,NONE,0.008,0.0
1715,32Nvl_L2_NS,32NVL_NS,0.008,0.008
1715,NvcNvl_L3_NS,NONE,0.014,0.0
1715,NvcNvl_L2_NS,NONE,0.013,0.0
1715,NvcNvl_L1_EW,NVCNVL_EW,0.007,0.007
1715,32Mt_L1_EW,32MT_EW,0.042,0.037
1715,NvcMt_L2_NS,NONE,0.063,0.0
1715,32Nvl_L3_EW,NONE,0.006,0.0
1715,32Nvl_L1_NS,32NVL_NS,0.007,-0.025
1715,NvcNvl_L1_NS,NONE,0.017,0.0
1715,32Mt_L2_EW,32MT_EW,0.033,0.027
1715,NvcMt_L1_NS,NONE,0.066,0.0
1720,304Nvl_L1_NS,304NVL_NS,0.054,0.049
1720,304Nvl_L1_NS,NONE,0.007,0.0
1720,304Nvl_L3_NS,NONE,0.008,0.0
1720,32Nvl_L3_NS,NONE,0.007,0.0
1720,32Nvl_L1_NS,32NVL_NS,0.007,-0.031
1720,32Nvl_L1_EW,32NVL_EW,0.007,0.002
1720,32Nvl_L2_EW,32NVL_EW,0.008,0.004
1720,32Nvl_L1_EW,32NVL_EW,0.013,0.009
1720,32Nvl_L2_EW,32NVL_EW,0.007,0.004
1720,NvcNvl_L3_NS,NONE,0.007,0.0
1720,NvcNvl_L2_NS,NONE,0.007,0.0
1720,NvcNvl_L1_EW,NONE,0.011,0.0
1720,NvcNvl_L2_EW,NONE,0.008,0.0
1720,32Mt_L1_EW,32MT_EW,0.007,0.002
1720,NvcCmt8_L2_EW,NVCCMT8_EW,0.063,0.063
1720,304Nvl_L2_NS,NONE,0.007,0.0
1720,32Nvl_L2_NS,32NVL_NS,0.007,0.007
1720,32Nvl_L3_EW,NONE,0.006,0.0
1720,32Nvl_L3_EW,NONE,0.006,0.0
1720,32Nvl_L1_NS,32NVL_NS,0.007,-0.031
1720,NvcNvl_L1_NS,NONE,0.009,0.0
1720,32Mt_L2_EW,32MT_EW,0.005,0.0
1720,NvcCmt8_L1_EW,NVCCMT8_EW,0.092,0.092
1725,304Nvl_L1_NS,304NVL_NS,0.045,0.045
1725,304Nvl_L1_NS,NONE,0.007,0.0
1725,304Nvl_L3_NS,NONE,0.008,0.0
1725,32Nvl_L1_EW,32NVL_EW,0.007,0.007
1725,32Nvl_L2_EW,32NVL_EW,0.008,0.008
1725,32Nvl_L1_EW,32NVL_EW,0.013,0.013
1725,32Nvl_L2_EW,32NVL_EW,0.007,0.007
1725,32Nvl_L3_NS,NONE,0.008,0.0
1725,32Nvl_L2_NS,32NVL_NS,0.008,0.008
1725,NvcNvl_L3_NS,NONE,0.014,0.0
1725,NvcNvl_L2_NS,NONE,0.013,0.0
1725,NvcNvl_L1_EW,NONE,0.011,0.0
1725,NvcNvl_L2_EW,NONE,0.008,0.0
1725,32Mt_L1_NS,32MT_NS,0.031,0.031
1725,32Mt_L1_EW,NONE,0.014,0.0
1725,32Mt_L3_EW,NONE,0.009,0.0
1725,NvcMt_L2_NS,NONE,0.005,0.0
1725,NvcCmt8_L2_EW,NVCCMT8_EW,0.063,0.063
1725,304Nvl_L2_NS,NONE,0.007,0.0
1725,32Nvl_L3_EW,NONE,0.006,0.0
1725,32Nvl_L3_EW,NONE,0.006,0.0
1725,32Nvl_L1_NS,32NVL_NS,0.007,-0.025
1725,NvcNvl_L1_NS,NONE,0.017,0.0
1725,32Mt_L2_EW,NONE,0.008,0.0
1725,NvcMt_L1_NS,NONE,0.005,0.0
1725,NvcCmt8_L1_EW,NVCCMT8_EW,0.092,0.092
1730,304Nvl_L1_NS,304NVL_NS,0.009,0.009
1730,32Nvl_L1_EW,32NVL_EW,0.007,0.007
1730,32Nvl_L2_EW,32NVL_EW,0.008,0.008
1730,32Nvl_L1_EW,32NVL_EW,0.007,0.007
1730,32Nvl_L2_EW,32NVL_EW,0.007,0.007
1730,32Nvl_L3_NS,NONE,0.017,0.0
1730,32Nvl_L2_NS,32NVL_NS,0.016,0.016
1730,NvcNvl_L2_NS,NONE,0.007,0.0
1730,32Mt_L1_NS,32MT_NS,0.031,0.031
1730,32Mt_L1_EW,NONE,0.014,0.0
1730,32Mt_L3_EW,NONE,0.009,0.0
1730,32Mt_L1_NS,NONE,0.01,0.0
1730,NvcCmt8_L2_EW,NVCCMT8_EW,0.069,0.069
1730,32Nvl_L3_EW,NONE,0.006,0.0
1730,32Nvl_L3_EW,NONE,0.006,0.0
1730,32Nvl_L1_NS,32NVL_NS,0.02,0.014
1730,NvcNvl_L1_NS,NONE,0.009,0.0
1730,32Mt_L2_EW,NONE,0.008,0.0
1730,32Mt_L2_NS,NONE,0.009,0.0
1730,NvcCmt8_L1_EW,NVCCMT8_EW,0.1,0.1
1735,304Nvl_L1_NS,304NVL_NS,0.009,0.004
1735,304Nvl_L1_EW,304NVL_EW,0.017,0.017
1735,304Nvl_L2_EW,304NVL_EW,0.007,0.007
1735,32Nvl_L3_NS,NONE,0.007,0.0
1735,32Nvl_L1_NS,32NVL_NS,0.007,-0.004
1735,32Nvl_L1_EW,32NVL_EW,0.007,0.002
1735,32Nvl_L2_EW,32NVL_EW,0.008,0.008
1735,32Nvl_L1_EW,32NVL_EW,0.007,0.002
1735,32Nvl_L2_EW,32NVL_EW,0.007,0.007
1735,NvcNvl_L1_EW,NVCNVL_EW,0.007,0.007
1735,NvcNvl_L1_NS,NVCNVL_NS,0.007,0.002
1735,32Mt_L1_NS,32MT_NS,0.031,0.031
1735,32Mt_L1_EW,32MT_EW,0.007,0.002
1735,32Mt_L1_NS,NONE,0.01,0.0
1735,NvcCmt8_L2_EW,NVCCMT8_EW,0.069,0.069
1735,304Nvl_L3_EW,NONE,0.006,0.0
1735,32Nvl_L2_NS,32NVL_NS,0.007,0.007
1735,32Nvl_L3_EW,NONE,0.006,0.0
1735,32Nvl_L3_EW,NONE,0.006,0.0
1735,32Nvl_L1_NS,32NVL_NS,0.007,-0.004
1735,32Mt_L2_NS,NONE,0.009,0.0
1735,NvcCmt8_L1_EW,NVCCMT8_EW,0.1,0.1
1740,304Nvl_L1_NS,304NVL_NS,0.009,-0.001
1740,32Nvl_L3_NS,NONE,0.007,0.0
1740,32Nvl_L1_NS,32NVL_NS,0.014,0.008
1740,32Nvl_L1_EW,32NVL_EW,0.007,-0.003
1740,32Nvl_L2_EW,32NVL_EW,0.008,0.0
1740,32Nvl_L1_EW,32NVL_EW,0.007,-0.003
1740,32Nvl_L2_EW,32NVL_EW,0.007,0.0
1740,NvcNvl_L3_NS,NONE,0.007,0.0
1740,NvcNvl_L2_NS,NONE,0.007,0.0
1740,NvcNvl_L1_EW,NONE,0.011,0.0
1740,NvcNvl_L2_EW,NONE,0.008,0.0
1740,NvcNvl_L1_EW,NVCNVL_EW,0.007,0.003
1740,32Mt_L1_NS,32MT_NS,0.019,0.019
1740,32Mt_L1_EW,32MT_EW,0.014,0.009
1740,NvcMt_L1_EW,NVCMT_EW,0.006,-0.068
1740,NvcCmt8_L2_EW,NVCCMT8_EW,0.069,0.069
1740,32Nvl_L2_NS,32NVL_NS,0.007,0.007
1740,32Nvl_L3_EW,NONE,0.006,0.0
1740,32Nvl_L3_EW,NONE,0.006,0.0
1740,NvcNvl_L1_NS,NONE,0.009,0.0
1740,NvcNvl_L3_EW,NONE,0.006,0.0
1740,32Mt_L2_NS,32MT_NS,0.006,0.006
1740,32Mt_L2_EW,32MT_EW,0.011,0.005
1740,NvcMt_L2_EW,NVCMT_EW,0.008,-0.04
1740,NvcCmt8_L1_EW,NVCCMT8_EW,0.1,0.095
1745,304Nvl_L1_EW,NONE,0.008,0.0
1745,32Nvl_L1_EW,32NVL_EW,0.007,0.007
1745,32Nvl_L2_EW,32NVL_EW,0.008,0.008
1745,32Nvl_L1_EW,32NVL_EW,0.007,0.007
1745,32Nvl_L2_EW,32NVL_EW,0.007,0.007
1745,32Nvl_L2_NS,32NVL_NS,0.008,0.008
1745,NvcNvl_L1_EW,NVCNVL_EW,0.007,0.007
1745,32Mt_L1_NS,32MT_NS,0.013,0.013
1745,32Mt_L1_EW,NONE,0.007,0.0
1745,32Mt_L3_EW,NONE,0.009,0.0
1745,32Mt_L1_NS,NONE,0.01,0.0
1745,32Nvl_L3_EW,NONE,0.006,0.0
1745,32Nvl_L3_EW,NONE,0.006,0.0
1745,32Nvl_L1_NS,32NVL_NS,0.007,0.007
1745,32Mt_L2_NS,32MT_NS,0.006,0.006
1745,32Mt_L2_EW,NONE,0.008,0.0
1745,32Mt_L2_NS,NONE,0.009,0.0
1750,32Nvl_L1_EW,32NVL_EW,0.007,0.007
1750,32Nvl_L2_EW,32NVL_EW,0.008,0.008
1750,32Nvl_L1_EW,32NVL_EW,0.007,0.007
1750,32Nvl_L2_EW,32NVL_EW,0.007,0.007
1750,32Nvl_L2_NS,32NVL_NS,0.008,0.008
1750,32Mt_L1_NS,32MT_NS,0.006,0.006
1750,32Mt_L1_NS,NONE,0.029,0.0
1750,32Nvl_L3_EW,NONE,0.006,0.0
1750,32Nvl_L3_EW,NONE,0.006,0.0
1750,32Nvl_L1_NS,32NVL_NS,0.007,0.007
1750,32Mt_L2_NS,32MT_NS,0.006,0.006
1750,32Mt_L2_NS,NONE,0.026,0.0
1755,32Nvl_L1_EW,32NVL_EW,0.007,0.002
1755,32Nvl_L2_EW,32NVL_EW,0.008,0.004
1755,32Nvl_L1_EW,32NVL_EW,0.007,0.002
1755,32Nvl_L2_EW,32NVL_EW,0.007,0.004
1755,32Mt_L1_NS,32MT_NS,0.013,0.013
1755,32Mt_L1_EW,32MT_EW,0.007,0.002
1755,32Mt_L1_NS,NONE,0.01,0.0
1755,NvcMt_L2_NS,NONE,0.005,0.0
1755,NvcMt_L1_EW,NVCMT_EW,0.076,0.076
1755,32Nvl_L3_EW,NONE,0.006,0.0
1755,32Nvl_L3_EW,NONE,0.006,0.0
1755,32Mt_L2_EW,32MT_EW,0.005,0.0
1755,32Mt_L2_NS,NONE,0.009,0.0
1755,NvcMt_L1_NS,NONE,0.005,0.0
1755,NvcMt_L2_EW,NVCMT_EW,0.095,0.095
1755,NvcCmt8_L1_EW,NONE,0.069,0.0
1760,304Nvl_L1_EW,304NVL_EW,0.102,0.102
1760,304Nvl_L2_EW,304NVL_EW,0.087,0.087
1760,304Nvl_L1_NS,NONE,0.007,0.0
1760,304Nvl_L3_NS,NONE,0.008,0.0
1760,32Nvl_L1_EW,32NVL_EW,0.007,0.002
1760,32Nvl_L2_EW,32NVL_EW,0.008,0.008
1760,32Nvl_L1_EW,32NVL_EW,0.007,0.002
1760,32Nvl_L2_EW,32NVL_EW,0.007,0.007
1760,32Nvl_L3_NS,NONE,0.008,0.0
1760,32Nvl_L2_NS,32NVL_NS,0.008,0.008
1760,32Mt_L1_NS,32MT_NS,0.019,0.019
1760,32Mt_L1_EW,NONE,0.094,0.0
1760,32Mt_L1_EW,32MT_EW,0.007,0.002
1760,NvcMt_L1_EW,NVCMT_EW,0.083,0.083
1760,304Nvl_L3_EW,NONE,0.076,0.0
1760,304Nvl_L2_NS,NONE,0.007,0.0
1760,32Nvl_L3_EW,NONE,0.006,0.0
1760,32Nvl_L3_EW,NONE,0.006,0.0
1760,32Nvl_L1_NS,32NVL_NS,0.013,0.013
1760,32Mt_L2_EW,NONE,0.09,0.0
1760,NvcMt_L2_EW,NVCMT_EW,0.103,0.103
1765,304Nvl_L1_EW,304NVL_EW,0.127,0.127
1765,304Nvl_L2_EW,304NVL_EW,0.109,0.109
1765,304Nvl_L1_NS,NONE,0.007,0.0
1765,304Nvl_L3_NS,NONE,0.008,0.0
1765,32Nvl_L1_EW,32NVL_EW,0.007,-0.008
1765,32Nvl_L2_EW,32NVL_EW,0.008,-0.006
1765,32Nvl_L1_EW,32NVL_EW,0.007,-0.009
1765,32Nvl_L2_EW,32NVL_EW,0.007,-0.006
1765,32Nvl_L3_NS,NONE,0.008,0.0
1765,32Nvl_L2_NS,32NVL_NS,0.008,0.008
1765,NvcNvl_L1_EW,NVCNVL_EW,0.007,-0.002
1765,NvcNvl_L2_EW,NVCNVL_EW,0.008,0.008
1765,32Mt_L1_NS,32MT_NS,0.013,0.013
1765,32Mt_L1_EW,NONE,0.101,0.0
1765,32Mt_L3_EW,NONE,0.124,0.0
1765,32Mt_L1_EW,32MT_EW,0.014,0.009
1765,NvcMt_L1_EW,NVCMT_EW,0.013,0.008
1765,32Thn_L1_EW,32THN_EW,0.008,0.003
1765,32Thn_L2_EW,32THN_EW,0.008,0.003
1765,32Thn_L3_EW,NONE,0.008,0.0
1765,304Nvl_L3_EW,NONE,0.095,0.0
1765,304Nvl_L2_NS,NONE,0.007,0.0
1765,32Nvl_L3_EW,NONE,0.006,0.0
1765,32Nvl_L3_EW,NONE,0.006,0.0
1765,32Nvl_L1_NS,32NVL_NS,0.007,0.007
1765,NvcNvl_L3_EW,NONE,0.009,0.0
1765,32Mt_L2_EW,NONE,0.106,0.0
1765,32Mt_L2_EW,32MT_EW,0.011,0.005
1765,NvcMt_L2_EW,NVCMT_EW,0.016,0.01
1770,304Nvl_L1_EW,304NVL_EW,0.017,0.017
1770,304Nvl_L2_EW,304NVL_EW,0.007,0.007
1770,32Nvl_L1_EW,32NVL_EW,0.007,0.007
1770,32Nvl_L2_EW,32NVL_EW,0.008,0.008
1770,32Nvl_L1_EW,32NVL_EW,0.007,0.007
1770,32Nvl_L2_EW,32NVL_EW,0.007,0.007
1770,NvcNvl_L1_EW,NVCNVL_EW,0.007,0.007
1770,NvcNvl_L2_EW,NVCNVL_EW,0.008,0.008
1770,32Mt_L1_EW,NONE,0.007,0.0
1770,32Mt_L3_EW,NONE,0.009,0.0
1770,NvcMt_L2_NS,NONE,0.069,0.0
1770,32Thn_L1_EW,NONE,0.01,0.0
1770,304Nvl_L3_EW,NONE,0.006,0.0
1770,32Nvl_L3_EW,NONE,0.006,0.0
1770,32Nvl_L3_EW,NONE,0.006,0.0
1770,NvcNvl_L3_EW,NONE,0.009,0.0
1770,32Mt_L2_EW,NONE,0.008,0.0
1770,NvcMt_L1_NS,NONE,0.071,0.0
1775,304Nvl_L1_EW,304NVL_EW,0.008,0.008
1775,304Nvl_L1_NS,NONE,0.088,0.0
1775,32Nvl_L1_EW,32NVL_EW,0.014,0.014
1775,32Nvl_L2_EW,32NVL_EW,0.015,0.015
1775,32Nvl_L1_EW,32NVL_EW,0.007,0.007
1775,32Nvl_L2_EW,32NVL_EW,0.007,0.007
1775,NvcNvl_L3_NS,NONE,0.041,0.0
1775,NvcNvl_L2_NS,NONE,0.04,0.0
1775,32Mt_L1_NS,32MT_NS,0.013,0.013
1775,32Mt_L1_EW,NONE,0.007,0.0
1775,NvcMt_L2_NS,NONE,0.063,0.0
1775,32Nvl_L3_EW,NONE,0.006,0.0
1775,32Nvl_L3_EW,NONE,0.013,0.0
1775,NvcNvl_L1_NS,NONE,0.052,0.0
1775,NvcMt_L1_NS,NONE,0.066,0.0
1780,304Nvl_L1_EW,304NVL_EW,0.008,0.008
1780,304Nvl_L1_NS,NONE,0.095,0.0
1780,32Nvl_L1_EW,32NVL_EW,0.014,0.014
1780,32Nvl_L2_EW,32NVL_EW,0.015,0.015
1780,32Nvl_L1_EW,32NVL_EW,0.007,0.007
1780,32Nvl_L2_EW,32NVL_EW,0.007,0.007
1780,NvcNvl_L3_NS,NONE,0.02,0.0
1780,NvcNvl_L2_NS,NONE,0.02,0.0
1780,32Mt_L1_NS,32MT_NS,0.006,0.006
1780,32Mt_L1_EW,NONE,0.094,0.0
1780,32Mt_L3_EW,NONE,0.009,0.0
1780,32Mt_L1_NS,NONE,0.01,0.0
1780,32Thn_L1_EW,NONE,0.01,0.0
1780,32Thn_L2_EW,NONE,0.01,0.0
1780,32Thn_L3_EW,NONE,0.007,0.0
1780,32Nvl_L3_EW,NONE,0.006,0.0
1780,32Nvl_L3_EW,NONE,0.013,0.0
1780,NvcNvl_L1_NS,NONE,0.026,0.0
1780,32Mt_L2_EW,NONE,0.008,0.0
1785,32Nvl_L1_EW,32NVL_EW,0.007,0.001
1785,32Nvl_L2_EW,32NVL_EW,0.008,0.008
1785,32Nvl_L1_EW,32NVL_EW,0.013,0.008
1785,32Nvl_L2_EW,32NVL_EW,0.007,0.007
1785,NvcNvl_L3_NS,NONE,0.007,0.0
1785,NvcNvl_L2_NS,NONE,0.007,0.0
1785,32Mt_L1_NS,32MT_NS,0.006,0.006
1785,32Mt_L1_EW,NONE,0.007,0.0
1785,32Mt_L3_EW,NONE,0.009,0.0
1785,32Thn_L1_EW,32THN_EW,0.008,0.003
1785,32Nvl_L3_EW,NONE,0.006,0.0
1785,32Nvl_L3_EW,NONE,0.006,0.0
1785,NvcNvl_L1_NS,NONE,0.009,0.0
1785,32Mt_L2_EW,NONE,0.008,0.0
1785,NvcMt_L1_EW,NVCMT_EW,0.067,0.067
1790,304Nvl_L1_EW,304NVL_EW,0.11,0.11
1790,304Nvl_L2_EW,304NVL_EW,0.094,0.094
1790,32Nvl_L3_NS,NONE,0.008,0.0
1790,32Nvl_L2_NS,32NVL_NS,0.008,0.008
1790,NvcNvl_L1_EW,NVCNVL_EW,0.035,0.035
1790,32Mt_L1_EW,32MT_EW,0.007,0.007
1790,304Nvl_L3_EW,NONE,0.082,0.0
1790,32Nvl_L1_NS,32NVL_NS,0.007,0.007
1795,304Nvl_L1_EW,304NVL_EW,0.025,0.025
1795,304Nvl_L2_EW,304NVL_EW,0.022,0.022
1795,32Nvl_L3_NS,NONE,0.008,0.0
1795,32Nvl_L2_NS,32NVL_NS,0.008,0.008
1795,NvcNvl_L1_EW,NVCNVL_EW,0.007,0.007
1795,32Mt_L1_EW,NONE,0.007,0.0
1795,32Mt_L3_EW,NONE,0.009,0.0
1795,32Mt_L1_EW,32MT_EW,0.014,0.014
1795,304Nvl_L3_EW,NONE,0.019,0.0
1795,32Nvl_L1_NS,32NVL_NS,0.013,0.013
1795,32Mt_L2_EW,NONE,0.008,0.0
1795,32Mt_L2_EW,32MT_EW,0.005,0.005
1800,304Nvl_L1_EW,304NVL_EW,0.025,0.025
1800,304Nvl_L2_EW,304NVL_EW,0.022,0.022
1800,304Nvl_L1_NS,NONE,0.088,0.0
1800,32Nvl_L1_NS,32NVL_NS,0.007,0.007
1800,32Nvl_L1_EW,32NVL_EW,0.007,0.007
1800,32Nvl_L2_EW,32NVL_EW,0.008,0.008
1800,32Nvl_L3_NS,NONE,0.008,0.0
1800,32Nvl_L2_NS,32NVL_NS,0.008,0.008
1800,NvcNvl_L1_EW,NVCNVL_EW,0.007,0.003
1800,32Mt_L1_NS,32MT_NS,0.006,0.006
1800,32Mt_L1_NS,NONE,0.01,0.0
1800,NvcMt_L1_EW,NVCMT_EW,0.006,0.001
1800,304Nvl_L3_EW,NONE,0.019,0.0
1800,32Nvl_L2_NS,32NVL_NS,0.007,0.007
1800,32Nvl_L3_EW,NONE,0.006,0.0
1800,32Nvl_L1_NS,32NVL_NS,0.013,0.013
1800,32Mt_L2_NS,NONE,0.009,0.0
1800,NvcMt_L2_EW,NVCMT_EW,0.008,0.008
1805,304Thn_L1_EW,NONE,0.007,0.0
1805,304Thn_L2_EW,NONE,0.008,0.0
1805,304Nvl_L1_EW,304NVL_EW,0.025,0.025
1805,304Nvl_L2_EW,304NVL_EW,0.022,0.022
1805,304Nvl_L1_NS,NONE,0.088,0.0
1805,32Nvl_L1_EW,32NVL_EW,0.007,0.007
1805,32Nvl_L2_EW,32NVL_EW,0.008,0.008
1805,32Mt_L1_NS,32MT_NS,0.006,0.006
1805,32Mt_L1_NS,NONE,0.059,0.0
1805,NvcMt_L1_EW,NVCMT_EW,0.006,0.006
1805,304Nvl_L3_EW,NONE,0.019,0.0
1805,32Nvl_L3_EW,NONE,0.006,0.0
1805,32Mt_L2_NS,NONE,0.052,0.0
1805,NvcMt_L2_EW,NVCMT_EW,0.008,0.008
1805,304Thn_L3_EW,NONE,0.008,0.0
1810,304Thn_L1_EW,304THN_EW,0.008,-0.004
1810,304Nvl_L1_EW,304NVL_EW,0.017,0.011
1810,304Nvl_L2_EW,304NVL_EW,0.015,0.015
1810,32Nvl_L1_NS,32NVL_NS,0.083,0.083
1810,32Nvl_L1_EW,32NVL_EW,0.007,0.007
1810,32Nvl_L2_EW,32NVL_EW,0.008,0.008
1810,NvcNvl_L2_NS,NONE,0.007,0.0
1810,32Mt_L1_EW,NONE,0.007,0.0
1810,32Mt_L3_EW,NONE,0.009,0.0
1810,32Mt_L1_NS,NONE,0.02,0.0
1810,304Nvl_L3_EW,NONE,0.013,0.0
1810,32Nvl_L2_NS,32NVL_NS,0.08,0.08
1810,32Nvl_L3_EW,NONE,0.006,0.0
1810,NvcNvl_L1_NS,NONE,0.009,0.0
1810,32Mt_L2_EW,NONE,0.008,0.0
1810,32Mt_L2_NS,NONE,0.017,0.0
1815,304Thn_L1_EW,304THN_EW,0.008,0.002
1815,304Nvl_L1_EW,304NVL_EW,0.008,0.003
1815,304Nvl_L2_EW,304NVL_EW,0.007,0.007
1815,32Nvl_L3_NS,NONE,0.007,0.0
1815,32Nvl_L1_NS,32NVL_NS,0.09,0.09
1815,32Nvl_L1_EW,32NVL_EW,0.014,0.014
1815,32Nvl_L2_EW,32NVL_EW,0.015,0.015
1815,NvcNvl_L3_NS,NONE,0.007,0.0
1815,NvcNvl_L2_NS,NONE,0.007,0.0
1815,NvcNvl_L1_EW,NONE,0.011,0.0
1815,NvcNvl_L2_EW,NONE,0.008,0.0
1815,NvcNvl_L1_EW,NVCNVL_EW,0.007,0.007
1815,NvcNvl_L2_EW,NVCNVL_EW,0.008,0.008
1815,32Mt_L1_NS,32MT_NS,0.006,0.006
1815,32Mt_L1_NS,NONE,0.049,0.0
1815,304Nvl_L3_EW,NONE,0.006,0.0
1815,32Nvl_L2_NS,32NVL_NS,0.087,0.087
1815,32Nvl_L3_EW,NONE,0.013,0.0
1815,NvcNvl_L1_NS,NONE,0.009,0.0
1815,NvcNvl_L3_EW,NONE,0.006,0.0
1815,NvcNvl_L3_EW,NONE,0.009,0.0
1820,304Thn_L1_EW,304THN_EW,0.008,-0.015
1820,304Nvl_L1_EW,304NVL_EW,0.034,0.028
1820,304Nvl_L2_EW,304NVL_EW,0.022,0.022
1820,304Nvl_L1_NS,NONE,0.007,0.0
1820,32Nvl_L1_NS,32NVL_NS,0.007,0.007
1820,32Nvl_L1_EW,32NVL_EW,0.007,-0.008
1820,32Nvl_L2_EW,32NVL_EW,0.008,0.008
1820,32Nvl_L3_NS,NONE,0.042,0.0
1820,32Nvl_L2_NS,32NVL_NS,0.039,0.039
1820,NvcNvl_L3_NS,NONE,0.007,0.0
1820,NvcNvl_L2_NS,NONE,0.007,0.0
1820,NvcNvl_L1_EW,NVCNVL_EW,0.014,0.014
1820,NvcNvl_L2_EW,NVCNVL_EW,0.016,0.016
1820,32Mt_L1_NS,32MT_NS,0.006,0.006
1820,32Mt_L1_EW,32MT_EW,0.021,0.016
1820,32Mt_L1_NS,NONE,0.01,0.0
1820,304Nvl_L3_EW,NONE,0.019,0.0
1820,32Nvl_L2_NS,32NVL_NS,0.007,0.007
1820,32Nvl_L3_EW,NONE,0.006,0.0
1820,32Nvl_L1_NS,32NVL_NS,0.04,0.04
1820,NvcNvl_L1_NS,NONE,0.009,0.0
1820,NvcNvl_L3_EW,NONE,0.019,0.0
1825,304Thn_L1_EW,304THN_EW,0.008,-0.057
1825,304Thn_L3_EW,NONE,0.008,0.0
1825,304Nvl_L1_EW,304NVL_EW,0.093,0.087
1825,304Nvl_L2_EW,304NVL_EW,0.08,0.075
1825,304Nvl_L1_NS,NONE,0.007,0.0
1825,32Nvl_L1_EW,32NVL_EW,0.007,-0.008
1825,32Nvl_L2_EW,32NVL_EW,0.008,0.004
1825,32Nvl_L1_EW,32NVL_EW,0.007,-0.008
1825,32Nvl_L2_EW,32NVL_EW,0.007,0.004
1825,32Nvl_L3_NS,NONE,0.008,0.0
1825,32Nvl_L2_NS,32NVL_NS,0.008,0.008
1825,NvcNvl_L1_EW,NVCNVL_EW,0.021,0.021
1825,NvcNvl_L2_EW,NVCNVL_EW,0.016,0.016
1825,32Mt_L1_EW,32MT_EW,0.021,0.016
1825,32Mt_L1_NS,NONE,0.01,0.0
1825,304Nvl_L3_EW,NONE,0.038,0.0
1825,32Nvl_L3_EW,NONE,0.006,0.0
1825,32Nvl_L3_EW,NONE,0.006,0.0
1825,32Nvl_L1_NS,32NVL_NS,0.007,0.007
1825,NvcNvl_L3_EW,NONE,0.019,0.0
1825,32Mt_L2_EW,32MT_EW,0.005,0.0
1825,304Thn_L2_EW,304THN_EW,0.007,-0.048
1830,304Thn_L1_EW,304THN_EW,0.008,-0.027
1830,304Thn_L3_EW,NONE,0.008,0.0
1830,304Nvl_L1_EW,304NVL_EW,0.051,0.045
1830,304Nvl_L2_EW,304NVL_EW,0.044,0.038
1830,304Nvl_L1_NS,NONE,0.015,0.0
1830,32Nvl_L1_EW,32NVL_EW,0.007,-0.008
1830,32Nvl_L2_EW,32NVL_EW,0.008,0.0
1830,32Nvl_L1_EW,32NVL_EW,0.007,-0.008
1830,32Nvl_L2_EW,32NVL_EW,0.007,0.0
1830,NvcNvl_L1_EW,NONE,0.011,0.0
1830,NvcNvl_L1_EW,NVCNVL_EW,0.021,0.021
1830,NvcNvl_L2_EW,NVCNVL_EW,0.016,0.016
1830,32Mt_L1_NS,32MT_NS,0.006,0.006
1830,32Mt_L1_EW,NONE,0.036,0.0
1830,32Mt_L3_EW,NONE,0.044,0.0
1830,32Mt_L1_EW,32MT_EW,0.021,0.016
1830,304Nvl_L3_EW,NONE,0.038,0.0
1830,32Nvl_L3_EW,NONE,0.006,0.0
1830,32Nvl_L3_EW,NONE,0.006,0.0
1830,NvcNvl_L3_EW,NONE,0.019,0.0
1830,32Mt_L2_NS,32MT_NS,0.006,0.006
1830,32Mt_L2_EW,NONE,0.038,0.0
1830,32Mt_L2_EW,32MT_EW,0.011,0.005
1830,304Thn_L2_EW,304THN_EW,0.007,-0.023
1835,304Nvl_L1_NS,NONE,0.051,0.0
1835,32Nvl_L3_NS,NONE,0.082,0.0
1835,32Nvl_L1_NS,32NVL_NS,0.083,0.083
1835,32Nvl_L1_EW,32NVL_EW,0.007,0.002
1835,32Nvl_L2_EW,32NVL_EW,0.008,0.008
1835,32Nvl_L1_EW,32NVL_EW,0.007,0.002
1835,32Nvl_L2_EW,32NVL_EW,0.007,0.007
1835,NvcNvl_L1_EW,NVCNVL_EW,0.021,0.021
1835,NvcNvl_L2_EW,NVCNVL_EW,0.016,0.016
1835,32Mt_L1_NS,32MT_NS,0.006,0.006
1835,32Mt_L1_EW,NONE,0.058,0.0
1835,32Mt_L3_EW,NONE,0.071,0.0
1835,32Mt_L1_EW,32MT_EW,0.007,0.002
1835,32Nvl_L2_NS,32NVL_NS,0.08,0.08
1835,32Nvl_L3_EW,NONE,0.006,0.0
1835,32Nvl_L3_EW,NONE,0.006,0.0
1835,NvcNvl_L3_EW,NONE,0.019,0.0
1835,32Mt_L2_NS,32MT_NS,0.006,0.006
1835,32Mt_L2_EW,NONE,0.06,0.0
1840,304Nvl_L1_EW,304NVL_EW,0.008,0.008
1840,304Nvl_L2_EW,304NVL_EW,0.007,0.007
1840,304Nvl_L1_NS,NONE,0.036,0.0
1840,32Nvl_L1_EW,32NVL_EW,0.014,0.009
1840,32Nvl_L2_EW,32NVL_EW,0.015,0.015
1840,32Nvl_L1_EW,32NVL_EW,0.007,0.002
1840,32Nvl_L2_EW,32NVL_EW,0.007,0.007
1840,NvcNvl_L1_EW,NVCNVL_EW,0.014,0.014
1840,NvcNvl_L2_EW,NVCNVL_EW,0.016,0.016
1840,32Mt_L1_EW,NONE,0.007,0.0
1840,32Mt_L3_EW,NONE,0.009,0.0
1840,32Mt_L1_EW,32MT_EW,0.007,-0.003
1840,32Thn_L1_EW,NONE,0.01,0.0
1840,32Thn_L2_EW,NONE,0.01,0.0
1840,32Thn_L3_EW,NONE,0.007,0.0
1840,304Nvl_L3_EW,NONE,0.006,0.0
1840,32Nvl_L3_EW,NONE,0.006,0.0
1840,32Nvl_L3_EW,NONE,0.013,0.0
1840,NvcNvl_L3_EW,NONE,0.019,0.0
1840,32Mt_L2_EW,NONE,0.008,0.0
1845,32Nvl_L1_EW,32NVL_EW,0.007,-0.008
1845,32Nvl_L2_EW,32NVL_EW,0.008,0.004
1845,32Nvl_L1_EW,32NVL_EW,0.007,-0.009
1845,32Nvl_L2_EW,32NVL_EW,0.007,0.004
1845,32Nvl_L3_NS,NONE,0.008,0.0
1845,32Nvl_L2_NS,32NVL_NS,0.008,0.008
1845,NvcNvl_L3_NS,NONE,0.034,0.0
1845,NvcNvl_L2_NS,NONE,0.033,0.0
1845,NvcNvl_L1_EW,NVCNVL_EW,0.014,0.014
1845,NvcNvl_L2_EW,NVCNVL_EW,0.016,0.016
1845,32Mt_L1_EW,32MT_EW,0.014,0.009
1845,32Mt_L1_NS,NONE,0.059,0.0
1845,32Thn_L1_EW,32THN_EW,0.008,0.003
1845,32Nvl_L3_EW,NONE,0.006,0.0
1845,32Nvl_L3_EW,NONE,0.006,0.0
1845,32Nvl_L1_NS,32NVL_NS,0.013,0.013
1845,NvcNvl_L1_NS,NONE,0.044,0.0
1845,NvcNvl_L3_EW,NONE,0.019,0.0
1845,32Mt_L2_EW,32MT_EW,0.005,0.0
1850,304Nvl_L1_EW,304NVL_EW,0.008,0.008
1850,32Nvl_L3_NS,NONE,0.007,0.0
1850,32Nvl_L1_NS,32NVL_NS,0.007,0.007
1850,32Nvl_L1_EW,32NVL_EW,0.007,-0.008
1850,32Nvl_L2_EW,32NVL_EW,0.008,0.0
1850,32Nvl_L1_EW,32NVL_EW,0.007,-0.008
1850,32Nvl_L2_EW,32NVL_EW,0.007,0.0
1850,NvcNvl_L3_NS,NONE,0.041,0.0
1850,NvcNvl_L2_NS,NONE,0.04,0.0
1850,NvcNvl_L1_EW,NVCNVL_EW,0.014,0.014
1850,NvcNvl_L2_EW,NVCNVL_EW,0.016,0.014
1850,32Mt_L1_EW,32MT_EW,0.021,0.016
1850,32Mt_L1_NS,NONE,0.01,0.0
1850,NvcMt_L2_NS,NONE,0.026,0.0
1850,NvcMt_L2_EW,NVCMT_EW,0.003,-0.008
1850,32Nvl_L2_NS,32NVL_NS,0.007,0.007
1850,32Nvl_L3_EW,NONE,0.006,0.0
1850,32Nvl_L3_EW,NONE,0.006,0.0
1850,32Nvl_L1_NS,32NVL_NS,0.081,0.081
1850,NvcNvl_L1_NS,NONE,0.052,0.0
1850,NvcNvl_L3_EW,NONE,0.019,0.0
1850,32Mt_L2_EW,32MT_EW,0.011,0.005
1850,NvcMt_L1_NS,NONE,0.027,0.0
1850,NvcMt_L1_EW,NVCMT_EW,0.006,-0.004
1855,32Nvl_L3_NS,NONE,0.014,0.0
1855,32Nvl_L1_NS,32NVL_NS,0.021,0.021
1855,NvcNvl_L1_EW,NONE,0.053,0.0
1855,NvcNvl_L2_EW,NONE,0.038,0.0
1855,NvcNvl_L1_EW,NVCNVL_EW,0.007,0.007
1855,NvcNvl_L2_EW,NVCNVL_EW,0.008,0.008
1855,32Mt_L1_EW,32MT_EW,0.028,0.028
1855,NvcMt_L2_NS,NONE,0.032,0.0
1855,32Nvl_L2_NS,32NVL_NS,0.02,0.02
1855,NvcNvl_L3_EW,NONE,0.009,0.0
1855,32Mt_L2_EW,32MT_EW,0.022,0.022
1855,NvcMt_L1_NS,NONE,0.033,0.0
1860,304Nvl_L1_EW,304NVL_EW,0.051,0.051
1860,304Nvl_L2_EW,304NVL_EW,0.044,0.044
1860,32Nvl_L3_NS,NONE,0.048,0.0
1860,32Nvl_L1_NS,32NVL_NS,0.062,0.062
1860,NvcNvl_L1_EW,NONE,0.053,0.0
1860,NvcNvl_L2_EW,NONE,0.038,0.0
1860,32Mt_L1_EW,32MT_EW,0.007,0.007
1860,32Mt_L1_NS,NONE,0.01,0.0
1860,304Nvl_L3_EW,NONE,0.032,0.0
1860,32Nvl_L2_NS,32NVL_NS,0.06,0.06
1860,32Nvl_L1_NS,32NVL_NS,0.007,0.007
1860,32Mt_L2_NS,NONE,0.009,0.0
1865,304Nvl_L1_EW,304NVL_EW,0.076,0.076
1865,304Nvl_L2_EW,304NVL_EW,0.065,0.065
1865,32Nvl_L3_NS,NONE,0.055,0.0
1865,32Nvl_L1_NS,32NVL_NS,0.104,0.104
1865,NvcNvl_L3_NS,NONE,0.014,0.0
1865,NvcNvl_L2_NS,NONE,0.013,0.0
1865,NvcNvl_L1_EW,NVCNVL_EW,0.007,0.007
1865,32Mt_L1_NS,32MT_NS,0.006,0.006
1865,32Mt_L1_EW,NONE,0.007,0.0
1865,304Nvl_L3_EW,NONE,0.057,0.0
1865,32Nvl_L2_NS,32NVL_NS,0.1,0.1
1865,32Nvl_L1_NS,32NVL_NS,0.013,0.013
1865,NvcNvl_L1_NS,NONE,0.017,0.0
1865,32Mt_L2_EW,NONE,0.008,0.0
1870,304Nvl_L1_EW,304NVL_EW,0.025,0.025
1870,304Nvl_L2_EW,304NVL_EW,0.022,0.022
1870,32Nvl_L3_NS,NONE,0.055,0.0
1870,32Nvl_L1_NS,32NVL_NS,0.104,0.104
1870,32Nvl_L3_NS,NONE,0.008,0.0
1870,32Nvl_L2_NS,32NVL_NS,0.008,0.008
1870,NvcNvl_L1_EW,NVCNVL_EW,0.007,0.007
1870,NvcNvl_L2_EW,NVCNVL_EW,0.008,0.008
1870,32Mt_L1_NS,32MT_NS,0.006,0.006
1870,32Mt_L1_EW,NONE,0.007,0.0
1870,32Mt_L1_EW,32MT_EW,0.007,0.007
1870,NvcCmt8_L2_EW,NVCCMT8_EW,0.005,0.005
1870,304Nvl_L3_EW,NONE,0.019,0.0
1870,32Nvl_L2_NS,32NVL_NS,0.1,0.1
1870,32Nvl_L1_NS,32NVL_NS,0.02,0.02
1870,NvcNvl_L3_EW,NONE,0.009,0.0
1870,NvcCmt8_L1_EW,NVCCMT8_EW,0.008,0.008
1875,304Nvl_L1_EW,304NVL_EW,0.051,0.051
1875,304Nvl_L2_EW,304NVL_EW,0.007,0.007
1875,304Nvl_L1_NS,NONE,0.007,0.0
1875,32Nvl_L3_NS,NONE,0.082,0.0
1875,32Nvl_L1_NS,32NVL_NS,0.097,0.097
1875,32Nvl_L1_EW,32NVL_EW,0.007,0.007
1875,32Nvl_L2_EW,32NVL_EW,0.008,0.008
1875,32Nvl_L3_NS,NONE,0.008,0.0
1875,32Nvl_L2_NS,32NVL_NS,0.008,0.008
1875,NvcNvl_L1_EW,NONE,0.011,0.0
1875,NvcNvl_L2_EW,NONE,0.008,0.0
1875,NvcNvl_L1_EW,NVCNVL_EW,0.007,0.007
1875,NvcNvl_L2_EW,NVCNVL_EW,0.008,0.008
1875,32Mt_L1_EW,NONE,0.007,0.0
1875,304Nvl_L3_EW,NONE,0.006,0.0
1875,32Nvl_L2_NS,32NVL_NS,0.093,0.093
1875,32Nvl_L3_EW,NONE,0.006,0.0
1875,32Nvl_L1_NS,32NVL_NS,0.007,0.007
1875,NvcNvl_L3_EW,NONE,0.009,0.0
1875,NvcCmt8_L1_EW,NONE,0.006,0.0
1880,304Nvl_L1_EW,304NVL_EW,0.059,0.059
1880,304Nvl_L2_EW,304NVL_EW,0.007,0.007
1880,304Nvl_L1_NS,NONE,0.022,0.0
1880,32Nvl_L3_NS,NONE,0.041,0.0
1880,32Nvl_L1_NS,32NVL_NS,0.055,0.055
1880,32Nvl_L3_NS,NONE,0.008,0.0
1880,32Nvl_L2_NS,32NVL_NS,0.008,0.008
1880,32Mt_L1_EW,NONE,0.014,0.0
1880,32Mt_L3_EW,NONE,0.009,0.0
1880,32Mt_L1_EW,32MT_EW,0.007,0.007
1880,32Mt_L1_NS,NONE,0.01,0.0
1880,NvcMt_L1_EW,NVCMT_EW,0.006,0.006
1880,304Nvl_L3_EW,NONE,0.006,0.0
1880,32Nvl_L2_NS,32NVL_NS,0.053,0.053
1880,32Nvl_L1_NS,32NVL_NS,0.007,0.007
1880,32Mt_L2_EW,NONE,0.015,0.0
1880,32Mt_L2_EW,32MT_EW,0.005,0.005
1880,32Mt_L2_NS,NONE,0.009,0.0
1880,NvcMt_L2_EW,NVCMT_EW,0.008,0.008
1885,304Nvl_L1_EW,304NVL_EW,0.017,0.017
1885,304Nvl_L2_EW,304NVL_EW,0.015,0.015
1885,304Nvl_L1_NS,NONE,0.015,0.0
1885,32Nvl_L3_NS,NONE,0.007,0.0
1885,32Nvl_L1_NS,32NVL_NS,0.021,0.021
1885,32Nvl_L1_EW,32NVL_EW,0.007,0.007
1885,32Nvl_L2_EW,32NVL_EW,0.008,0.008
1885,32Nvl_L3_NS,NONE,0.008,0.0
1885,32Nvl_L2_NS,32NVL_NS,0.008,0.008
1885,NvcNvl_L1_EW,NVCNVL_EW,0.007,0.007
1885,NvcNvl_L2_EW,NVCNVL_EW,0.008,0.008
1885,32Mt_L1_NS,32MT_NS,0.006,0.006
1885,32Mt_L1_EW,NONE,0.007,0.0
1885,32Mt_L3_EW,NONE,0.009,0.0
1885,304Nvl_L3_EW,NONE,0.013,0.0
1885,32Nvl_L2_NS,32NVL_NS,0.02,0.02
1885,32Nvl_L3_EW,NONE,0.006,0.0
1885,32Nvl_L1_NS,32NVL_NS,0.013,0.013
1885,NvcNvl_L3_EW,NONE,0.009,0.0
1885,32Mt_L2_EW,NONE,0.008,0.0
1890,304Nvl_L1_EW,304NVL_EW,0.025,0.025
1890,304Nvl_L2_EW,304NVL_EW,0.022,0.022
1890,304Nvl_L1_NS,NONE,0.015,0.0
1890,32Nvl_L3_NS,NONE,0.007,0.0
1890,32Nvl_L1_NS,32NVL_NS,0.021,0.016
1890,32Nvl_L3_NS,NONE,0.017,0.0
1890,32Nvl_L2_NS,32NVL_NS,0.111,0.111
1890,NvcNvl_L1_NS,NVCNVL_NS,0.007,-0.008
1890,32Mt_L1_NS,32MT_NS,0.006,0.006
1890,32Mt_L1_EW,NONE,0.007,0.0
1890,32Mt_L3_EW,NONE,0.009,0.0
1890,32Mt_L1_EW,32MT_EW,0.014,0.014
1890,32Mt_L1_NS,NONE,0.01,0.0
1890,304Nvl_L3_EW,NONE,0.019,0.0
1890,32Nvl_L2_NS,32NVL_NS,0.02,0.02
1890,32Nvl_L1_NS,32NVL_NS,0.114,0.109
1890,32Mt_L2_EW,NONE,0.008,0.0
1890,32Mt_L2_EW,32MT_EW,0.005,0.005
1890,32Mt_L2_NS,NONE,0.009,0.0
1895,304Nvl_L1_EW,304NVL_EW,0.008,0.008
1895,304Nvl_L2_EW,304NVL_EW,0.007,0.007
1895,304Nvl_L1_NS,NONE,0.015,0.0
1895,32Nvl_L3_NS,NONE,0.007,0.0
1895,32Nvl_L1_NS,32NVL_NS,0.021,0.016
1895,32Nvl_L3_NS,NONE,0.175,0.0
1895,32Nvl_L2_NS,32NVL_NS,0.166,0.166
1895,NvcNvl_L1_NS,NVCNVL_NS,0.007,-0.008
1895,32Mt_L1_EW,32MT_EW,0.007,0.007
1895,32Mt_L1_NS,NONE,0.01,0.0
1895,32Thn_L1_EW,32THN_EW,0.008,0.008
1895,32Thn_L2_EW,32THN_EW,0.008,0.008
1895,32Thn_L3_EW,NONE,0.008,0.0
1895,304Nvl_L3_EW,NONE,0.006,0.0
1895,32Nvl_L2_NS,32NVL_NS,0.02,0.02
1895,32Nvl_L1_NS,32NVL_NS,0.154,0.15
1895,32Mt_L2_EW,32MT_EW,0.005,0.005
1895,32Mt_L2_NS,NONE,0.009,0.0
1900,304Nvl_L1_EW,304NVL_EW,0.068,0.068
1900,304Nvl_L2_EW,304NVL_EW,0.058,0.058
1900,304Nvl_L1_EW,NONE,0.008,0.0
1900,304Nvl_L1_NS,NONE,0.022,0.0
1900,304Nvl_L2_EW,NONE,0.009,0.0
1900,32Nvl_L3_NS,NONE,0.007,0.0
1900,32Nvl_L1_NS,32NVL_NS,0.021,0.021
1900,32Nvl_L3_NS,NONE,0.175,0.0
1900,32Nvl_L2_NS,32NVL_NS,0.166,0.166
1900,NvcNvl_L1_EW,NONE,0.011,0.0
1900,NvcNvl_L2_EW,NONE,0.008,0.0
1900,NvcNvl_L1_EW,NVCNVL_EW,0.007,0.007
1900,32Mt_L1_EW,NONE,0.007,0.0
1900,32Mt_L1_EW,32MT_EW,0.014,0.014
1900,32Thn_L1_EW,NONE,0.01,0.0
1900,304Nvl_L3_EW,NONE,0.051,0.0
1900,304Nvl_L3_EW,NONE,0.008,0.0
1900,32Nvl_L2_NS,32NVL_NS,0.02,0.02
1900,32Nvl_L1_NS,32NVL_NS,0.154,0.154
1900,NvcNvl_L3_EW,NONE,0.006,0.0
1905,304Nvl_L1_EW,304NVL_EW,0.034,0.034
1905,304Nvl_L2_EW,304NVL_EW,0.029,0.029
1905,32Nvl_L3_NS,NONE,0.02,0.0
1905,32Nvl_L1_NS,32NVL_NS,0.035,0.035
1905,32Nvl_L3_NS,NONE,0.175,0.0
1905,32Nvl_L2_NS,32NVL_NS,0.166,0.166
1905,NvcNvl_L3_NS,NONE,0.007,0.0
1905,NvcNvl_L2_NS,NONE,0.007,0.0
1905,32Mt_L1_EW,NONE,0.007,0.0
1905,32Mt_L3_EW,NONE,0.009,0.0
1905,NvcCmt8_L2_NS,NONE,0.011,0.0
1905,NvcCmt8_L1_NS,NONE,0.008,0.0
1905,304Nvl_L3_EW,NONE,0.019,0.0
1905,32Nvl_L2_NS,32NVL_NS,0.033,0.033
1905,32Nvl_L1_NS,32NVL_NS,0.148,0.148
1905,NvcNvl_L1_NS,NONE,0.009,0.0
1905,32Mt_L2_EW,NONE,0.008,0.0
1910,304Nvl_L1_NS,304NVL_NS,0.009,-0.01
1910,304Nvl_L1_EW,304NVL_EW,0.034,0.034
1910,304Nvl_L2_EW,304NVL_EW,0.022,0.022
1910,32Nvl_L3_NS,NONE,0.02,0.0
1910,32Nvl_L1_NS,32NVL_NS,0.028,0.021
1910,32Nvl_L3_NS,NONE,0.167,0.0
1910,32Nvl_L2_NS,32NVL_NS,0.158,0.158
1910,NvcNvl_L1_EW,NVCNVL_EW,0.007,0.003
1910,32Mt_L1_EW,NONE,0.007,0.0
1910,32Mt_L3_EW,NONE,0.009,0.0
1910,NvcMt_L1_EW,NVCMT_EW,0.006,0.001
1910,304Nvl_L3_EW,NONE,0.019,0.0
1910,32Nvl_L2_NS,32NVL_NS,0.027,0.027
1910,32Nvl_L1_NS,32NVL_NS,0.134,0.128
1910,32Mt_L2_EW,NONE,0.008,0.0
1910,NvcMt_L2_EW,NVCMT_EW,0.008,0.008
1915,304Nvl_L1_EW,304NVL_EW,0.042,0.042
1915,304Nvl_L2_EW,304NVL_EW,0.022,0.022
1915,304Nvl_L1_NS,NONE,0.007,0.0
1915,32Nvl_L3_NS,NONE,0.007,0.0
1915,32Nvl_L1_NS,32NVL_NS,0.014,0.014
1915,32Nvl_L3_NS,NONE,0.025,0.0
1915,32Nvl_L2_NS,32NVL_NS,0.024,0.024
1915,NvcNvl_L1_EW,NVCNVL_EW,0.007,0.003
1915,32Mt_L1_NS,32MT_NS,0.006,0.006
1915,32Mt_L1_EW,32MT_EW,0.007,0.007
1915,32Mt_L1_NS,NONE,0.02,0.0
1915,NvcMt_L1_EW,NVCMT_EW,0.006,0.001
1915,304Nvl_L3_EW,NONE,0.019,0.0
1915,32Nvl_L2_NS,32NVL_NS,0.013,0.013
1915,32Nvl_L1_NS,32NVL_NS,0.02,0.02
1915,32Mt_L2_NS,NONE,0.009,0.0
1915,NvcMt_L2_EW,NVCMT_EW,0.008,0.008
1920,304Nvl_L1_EW,304NVL_EW,0.025,0.025
1920,304Nvl_L2_EW,304NVL_EW,0.007,0.007
1920,32Nvl_L3_NS,NONE,0.014,0.0
1920,32Nvl_L1_NS,32NVL_NS,0.014,0.014
1920,32Nvl_L3_NS,NONE,0.008,0.0
1920,32Nvl_L2_NS,32NVL_NS,0.008,0.008
1920,NvcNvl_L1_EW,NVCNVL_EW,0.014,0.01
1920,32Mt_L1_EW,NONE,0.007,0.0
1920,32Mt_L1_EW,32MT_EW,0.007,0.007
1920,32Mt_L1_NS,NONE,0.01,0.0
1920,NvcMt_L2_NS,NONE,0.005,0.0
1920,NvcMt_L1_EW,NVCMT_EW,0.006,-0.004
1920,304Nvl_L3_EW,NONE,0.006,0.0
1920,32Nvl_L2_NS,32NVL_NS,0.013,0.013
1920,32Nvl_L1_NS,32NVL_NS,0.007,0.007
1920,32Mt_L2_NS,NONE,0.009,0.0
1920,NvcMt_L1_NS,NONE,0.005,0.0
1920,NvcMt_L2_EW,NVCMT_EW,0.008,0.008
1925,304Nvl_L1_EW,304NVL_EW,0.008,0.008
1925,304Nvl_L2_EW,304NVL_EW,0.015,0.015
1925,304Nvl_L1_NS,NONE,0.007,0.0
1925,32Nvl_L3_NS,NONE,0.014,0.0
1925,32Nvl_L1_NS,32NVL_NS,0.028,0.028
1925,NvcNvl_L1_EW,NVCNVL_EW,0.007,0.007
1925,32Mt_L1_EW,NONE,0.007,0.0
1925,32Mt_L1_EW,32MT_EW,0.014,0.014
1925,NvcMt_L1_NS,NVCMT_NS,0.007,0.007
1925,304Nvl_L3_EW,NONE,0.006,0.0
1925,32Nvl_L2_NS,32NVL_NS,0.02,0.02
1925,32Nvl_L1_NS,32NVL_NS,0.007,0.007
1925,32Mt_L2_EW,32MT_EW,0.005,0.005
1925,NvcMt_L2_NS,NVCMT_NS,0.005,0.005
1930,304Nvl_L1_EW,304NVL_EW,0.008,0.008
1930,32Nvl_L3_NS,NONE,0.007,0.0
1930,32Nvl_L1_NS,32NVL_NS,0.021,0.021
1930,32Nvl_L3_NS,NONE,0.008,0.0
1930,32Nvl_L2_NS,32NVL_NS,0.008,0.008
1930,NvcNvl_L1_EW,NVCNVL_EW,0.007,0.007
1930,NvcNvl_L2_EW,NVCNVL_EW,0.008,0.008
1930,32Mt_L1_EW,NONE,0.007,0.0
1930,32Mt_L3_EW,NONE,0.009,0.0
1930,32Mt_L1_EW,32MT_EW,0.007,0.007
1930,32Nvl_L2_NS,32NVL_NS,0.013,0.013
1930,32Nvl_L1_NS,32NVL_NS,0.027,0.027
1930,NvcNvl_L3_EW,NONE,0.009,0.0
1930,32Mt_L2_EW,NONE,0.008,0.0
1930,NvcMt_L2_EW,NVCMT_EW,0.008,0.002
1935,NvcNvl_L1_EW,NVCNVL_EW,0.007,0.007
1935,NvcNvl_L2_EW,NVCNVL_EW,0.008,0.008
1935,32Mt_L1_EW,32MT_EW,0.007,0.007
1935,32Nvl_L1_NS,32NVL_NS,0.02,0.02
1935,NvcNvl_L3_EW,NONE,0.009,0.0
1935,32Mt_L2_EW,32MT_EW,0.005,0.005
1940,304Nvl_L1_NS,304NVL_NS,0.009,-0.001
1940,304Nvl_L3_NS,NONE,0.007,0.0
1940,304Nvl_L1_EW,304NVL_EW,0.008,0.008
1940,304Nvl_L1_NS,NONE,0.007,0.0
1940,32Nvl_L1_NS,32NVL_NS,0.014,0.008
1940,NvcNvl_L1_EW,NONE,0.011,0.0
1940,NvcNvl_L2_EW,NONE,0.008,0.0
1940,NvcNvl_L1_EW,NVCNVL_EW,0.007,0.007
1940,NvcNvl_L2_EW,NVCNVL_EW,0.008,-0.015
1940,32Mt_L1_EW,32MT_EW,0.007,0.007
1940,NvcMt_L2_EW,NVCMT_EW,0.032,0.026
1940,304Nvl_L2_NS,304NVL_NS,0.008,0.008
1940,32Nvl_L2_NS,32NVL_NS,0.007,0.001
1940,32Nvl_L1_NS,32NVL_NS,0.007,0.0
1940,NvcNvl_L3_EW,NONE,0.006,0.0
1940,NvcNvl_L3_EW,NONE,0.009,0.0
1940,NvcMt_L1_EW,NVCMT_EW,0.067,0.062
1945,304Nvl_L1_NS,304NVL_NS,0.009,0.009
1945,304Nvl_L3_NS,NONE,0.007,0.0
1945,304Nvl_L1_EW,304NVL_EW,0.042,0.042
1945,304Nvl_L2_EW,304NVL_EW,0.036,0.036
1945,32Nvl_L3_NS,NONE,0.008,0.0
1945,32Nvl_L2_NS,32NVL_NS,0.008,0.003
1945,NvcNvl_L1_EW,NVCNVL_EW,0.007,0.007
1945,NvcNvl_L2_EW,NVCNVL_EW,0.008,-0.015
1945,32Mt_L1_NS,32MT_NS,0.006,0.006
1945,32Mt_L1_EW,NONE,0.007,0.0
1945,32Mt_L1_EW,32MT_EW,0.007,0.007
1945,NvcMt_L2_EW,NVCMT_EW,0.032,0.026
1945,304Nvl_L2_NS,304NVL_NS,0.008,0.002
1945,32Nvl_L1_NS,32NVL_NS,0.013,0.007
1945,NvcNvl_L3_EW,NONE,0.009,0.0
1945,32Mt_L2_NS,32MT_NS,0.006,0.006
1945,32Mt_L2_EW,NONE,0.008,0.0
1945,32Mt_L2_EW,32MT_EW,0.005,0.005
1945,NvcMt_L1_EW,NVCMT_EW,0.067,0.062
1950,304Nvl_L1_NS,304NVL_NS,0.009,0.009
1950,304Nvl_L3_NS,NONE,0.007,0.0
1950,304Nvl_L1_EW,304NVL_EW,0.059,0.059
1950,304Nvl_L2_EW,304NVL_EW,0.051,0.051
1950,32Nvl_L1_EW,32NVL_EW,0.007,0.002
1950,32Nvl_L2_EW,32NVL_EW,0.007,0.007
1950,32Nvl_L3_NS,NONE,0.008,0.0
1950,32Nvl_L2_NS,32NVL_NS,0.008,0.003
1950,NvcNvl_L1_EW,NVCNVL_EW,0.007,0.007
1950,NvcNvl_L2_EW,NVCNVL_EW,0.008,-0.015
1950,32Mt_L1_EW,32MT_EW,0.007,0.007
1950,NvcMt_L2_EW,NVCMT_EW,0.032,0.026
1950,304Nvl_L2_NS,304NVL_NS,0.008,0.002
1950,304Nvl_L3_EW,NONE,0.044,0.0
1950,32Nvl_L3_EW,NONE,0.006,0.0
1950,32Nvl_L1_NS,32NVL_NS,0.007,0.0
1950,NvcNvl_L3_EW,NONE,0.009,0.0
1950,NvcMt_L1_EW,NVCMT_EW,0.067,0.062
1955,304Nvl_L1_NS,304NVL_NS,0.009,0.004
1955,304Nvl_L3_NS,NONE,0.007,0.0
1955,304Nvl_L1_EW,304NVL_EW,0.068,0.068
1955,304Nvl_L2_EW,304NVL_EW,0.058,0.058
1955,304Nvl_L1_NS,NONE,0.007,0.0
1955,304Nvl_L3_NS,NONE,0.008,0.0
1955,32Nvl_L1_NS,32NVL_NS,0.007,0.001
1955,32Nvl_L1_EW,32NVL_EW,0.007,0.002
1955,32Nvl_L2_EW,32NVL_EW,0.007,0.007
1955,32Nvl_L3_NS,NONE,0.008,0.0
1955,32Nvl_L2_NS,32NVL_NS,0.008,0.003
1955,NvcNvl_L1_EW,NVCNVL_EW,0.007,0.007
1955,NvcNvl_L2_EW,NVCNVL_EW,0.008,-0.015
1955,32Mt_L1_NS,32MT_NS,0.031,0.031
1955,32Mt_L1_EW,32MT_EW,0.007,0.007
1955,32Mt_L1_NS,NONE,0.01,0.0
1955,NvcMt_L2_EW,NVCMT_EW,0.032,0.026
1955,304Nvl_L2_NS,304NVL_NS,0.008,0.002
1955,304Nvl_L3_EW,NONE,0.051,0.0
1955,304Nvl_L2_NS,NONE,0.007,0.0
1955,32Nvl_L2_NS,32NVL_NS,0.007,0.001
1955,32Nvl_L3_EW,NONE,0.006,0.0
1955,32Nvl_L1_NS,32NVL_NS,0.007,0.0
1955,NvcNvl_L3_EW,NONE,0.009,0.0
1955,32Mt_L2_NS,32MT_NS,0.032,0.032
1955,NvcMt_L1_EW,NVCMT_EW,0.067,0.062
1960,304Nvl_L1_NS,304NVL_NS,0.009,0.009
1960,304Nvl_L3_NS,NONE,0.007,0.0
1960,304Nvl_L1_EW,304NVL_EW,0.051,0.051
1960,304Nvl_L2_EW,304NVL_EW,0.044,0.044
1960,304Nvl_L1_NS,NONE,0.044,0.0
1960,304Nvl_L3_NS,NONE,0.008,0.0
1960,32Nvl_L1_EW,32NVL_EW,0.007,0.002
1960,32Nvl_L2_EW,32NVL_EW,0.007,0.004
1960,NvcNvl_L1_EW,NVCNVL_EW,0.021,0.021
1960,NvcNvl_L2_EW,NVCNVL_EW,0.023,0.001
1960,32Mt_L1_EW,NONE,0.036,0.0
1960,32Mt_L3_EW,NONE,0.044,0.0
1960,32Mt_L1_EW,32MT_EW,0.007,0.007
1960,NvcMt_L2_EW,NVCMT_EW,0.032,0.016
1960,304Nvl_L2_NS,304NVL_NS,0.008,0.008
1960,304Nvl_L3_EW,NONE,0.032,0.0
1960,304Nvl_L2_NS,NONE,0.007,0.0
1960,32Nvl_L3_EW,NONE,0.006,0.0
1960,32Nvl_L1_NS,32NVL_NS,0.013,0.007
1960,NvcNvl_L3_EW,NONE,0.028,0.0
1960,32Mt_L2_EW,NONE,0.038,0.0
1960,32Mt_L2_EW,32MT_EW,0.005,0.005
1960,NvcMt_L1_EW,NVCMT_EW,0.067,0.052
1965,304Nvl_L1_NS,304NVL_NS,0.009,0.009
1965,304Nvl_L3_NS,NONE,0.007,0.0
1965,304Nvl_L1_EW,304NVL_EW,0.059,0.059
1965,304Nvl_L2_EW,304NVL_EW,0.036,0.036
1965,32Nvl_L1_EW,32NVL_EW,0.007,0.002
1965,32Nvl_L2_EW,32NVL_EW,0.007,0.004
1965,NvcNvl_L1_EW,NVCNVL_EW,0.007,0.007
1965,NvcNvl_L2_EW,NVCNVL_EW,0.008,-0.016
1965,32Mt_L1_EW,32MT_EW,0.007,0.007
1965,NvcMt_L2_EW,NVCMT_EW,0.035,0.029
1965,304Nvl_L2_NS,304NVL_NS,0.008,0.008
1965,304Nvl_L3_EW,NONE,0.032,0.0
1965,32Nvl_L3_EW,NONE,0.006,0.0
1965,32Nvl_L1_NS,32NVL_NS,0.007,0.0
1965,NvcNvl_L3_EW,NONE,0.009,0.0
1965,32Mt_L2_EW,32MT_EW,0.005,0.005
1965,NvcMt_L1_EW,NVCMT_EW,0.072,0.067
1970,304Nvl_L1_NS,304NVL_NS,0.018,0.013
1970,304Nvl_L3_NS,NONE,0.007,0.0
1970,304Nvl_L1_EW,304NVL_EW,0.008,0.008
1970,304Nvl_L1_EW,NONE,0.041,0.0
1970,32Nvl_L3_NS,NONE,0.007,0.0
1970,32Nvl_L1_NS,32NVL_NS,0.007,-0.006
1970,32Nvl_L1_EW,32NVL_EW,0.007,-0.018
1970,32Nvl_L2_EW,32NVL_EW,0.007,-0.012
1970,NvcNvl_L3_NS,NONE,0.014,0.0
1970,NvcNvl_L2_NS,NONE,0.013,0.0
1970,32Mt_L1_EW,NONE,0.036,0.0
1970,32Mt_L1_EW,32MT_EW,0.035,0.035
1970,32Mt_L1_NS,NONE,0.01,0.0
1970,NvcMt_L2_NS,NONE,0.063,0.0
1970,304Nvl_L2_NS,304NVL_NS,0.008,0.008
1970,32Nvl_L2_NS,32NVL_NS,0.007,0.001
1970,32Nvl_L3_EW,NONE,0.006,0.0
1970,32Nvl_L1_NS,32NVL_NS,0.007,-0.006
1970,NvcNvl_L1_NS,NONE,0.017,0.0
1970,32Mt_L2_EW,32MT_EW,0.027,0.027
1970,32Mt_L2_NS,NONE,0.009,0.0
1970,NvcMt_L1_NS,NONE,0.066,0.0
1975,304Nvl_L1_NS,304NVL_NS,0.027,0.027
1975,304Nvl_L3_NS,NONE,0.007,0.0
1975,304Nvl_L1_EW,304NVL_EW,0.008,0.008
1975,304Nvl_L2_EW,304NVL_EW,0.007,0.007
1975,304Nvl_L1_NS,NONE,0.036,0.0
1975,32Nvl_L1_EW,32NVL_EW,0.007,0.002
1975,32Nvl_L2_EW,32NVL_EW,0.007,0.004
1975,32Mt_L1_EW,NONE,0.007,0.0
1975,32Mt_L1_EW,32MT_EW,0.007,0.007
1975,32Mt_L1_NS,NONE,0.01,0.0
1975,NvcMt_L2_NS,NONE,0.069,0.0
1975,304Nvl_L2_NS,304NVL_NS,0.008,0.008
1975,304Nvl_L3_EW,NONE,0.006,0.0
1975,32Nvl_L3_EW,NONE,0.006,0.0
1975,32Mt_L2_EW,32MT_EW,0.005,0.005
1975,32Mt_L2_NS,NONE,0.009,0.0
1975,NvcMt_L1_NS,NONE,0.071,0.0
1980,304Nvl_L1_NS,304NVL_NS,0.027,0.027
1980,304Nvl_L3_NS,NONE,0.007,0.0
1980,304Nvl_L1_EW,304NVL_EW,0.017,0.017
1980,304Nvl_L2_EW,304NVL_EW,0.015,0.015
1980,32Nvl_L1_EW,32NVL_EW,0.007,0.007
1980,32Nvl_L2_EW,32NVL_EW,0.007,0.007
1980,32Nvl_L3_NS,NONE,0.008,0.0
1980,32Nvl_L2_NS,32NVL_NS,0.008,-0.003
1980,NvcNvl_L3_NS,NONE,0.007,0.0
1980,NvcNvl_L2_NS,NONE,0.007,0.0
1980,NvcNvl_L1_EW,NONE,0.011,0.0
1980,NvcNvl_L2_EW,NONE,0.008,0.0
1980,32Mt_L1_EW,NONE,0.007,0.0
1980,NvcMt_L2_NS,NONE,0.005,0.0
1980,304Nvl_L2_NS,304NVL_NS,0.015,0.01
1980,304Nvl_L3_EW,NONE,0.013,0.0
1980,32Nvl_L3_EW,NONE,0.006,0.0
1980,32Nvl_L1_NS,32NVL_NS,0.007,-0.012
1980,NvcNvl_L1_NS,NONE,0.009,0.0
1980,NvcMt_L1_NS,NONE,0.005,0.0
1985,304Nvl_L1_NS,304NVL_NS,0.009,0.009
1985,304Nvl_L3_NS,NONE,0.007,0.0
1985,32Nvl_L1_EW,32NVL_EW,0.007,0.007
1985,32Nvl_L2_EW,32NVL_EW,0.007,0.007
1985,NvcNvl_L1_EW,NVCNVL_EW,0.014,0.014
1985,NvcNvl_L2_EW,NVCNVL_EW,0.008,0.008
1985,32Mt_L1_EW,NONE,0.007,0.0
1985,304Nvl_L2_NS,304NVL_NS,0.008,0.008
1985,32Nvl_L3_EW,NONE,0.006,0.0
1985,NvcNvl_L3_EW,NONE,0.009,0.0
1990,304Nvl_L1_NS,304NVL_NS,0.009,0.009
1990,304Nvl_L3_NS,NONE,0.007,0.0
1990,304Nvl_L1_EW,304NVL_EW,0.008,0.008
1990,32Nvl_L1_EW,32NVL_EW,0.007,0.007
1990,32Nvl_L2_EW,32NVL_EW,0.007,0.007
1990,NvcCmt8_L2_EW,NVCCMT8_EW,0.005,0.005
1990,304Nvl_L2_NS,304NVL_NS,0.008,0.008
1990,32Nvl_L3_EW,NONE,0.006,0.0
1990,32Nvl_L1_NS,32NVL_NS,0.007,0.0
1990,NvcCmt8_L1_EW,NVCCMT8_EW,0.008,0.008
1995,304Nvl_L1_NS,304NVL_NS,0.009,-0.015
1995,304Nvl_L3_NS,NONE,0.007,0.0
1995,304Nvl_L1_EW,304NVL_EW,0.008,0.008
1995,32Nvl_L3_NS,NONE,0.034,0.0
1995,32Nvl_L1_NS,32NVL_NS,0.035,0.028
1995,32Nvl_L1_EW,32NVL_EW,0.007,0.007
1995,32Nvl_L2_EW,32NVL_EW,0.007,0.007
1995,32Nvl_L3_NS,NONE,0.008,0.0
1995,32Nvl_L2_NS,32NVL_NS,0.008,0.003
1995,NvcMt_L1_EW,NVCMT_EW,0.006,0.006
1995,304Nvl_L2_NS,304NVL_NS,0.008,0.002
1995,32Nvl_L2_NS,32NVL_NS,0.033,0.028
1995,32Nvl_L3_EW,NONE,0.006,0.0
1995,32Nvl_L1_NS,32NVL_NS,0.007,0.0
1995,NvcMt_L2_EW,NVCMT_EW,0.008,0.008
1995,NvcCmt8_L1_EW,NONE,0.006,0.0
2000,304Nvl_L1_NS,304NVL_NS,0.009,-0.015
2000,304Nvl_L3_NS,NONE,0.007,0.0
2000,304Nvl_L1_EW,304NVL_EW,0.008,0.008
2000,304Nvl_L2_EW,304NVL_EW,0.007,0.007
2000,32Nvl_L3_NS,NONE,0.034,0.0
2000,32Nvl_L1_NS,32NVL_NS,0.035,0.028
2000,32Nvl_L1_EW,32NVL_EW,0.007,0.007
2000,32Nvl_L2_EW,32NVL_EW,0.007,0.007
2000,NvcMt_L2_NS,NONE,0.005,0.0
2000,304Nvl_L2_NS,304NVL_NS,0.008,0.008
2000,304Nvl_L3_EW,NONE,0.006,0.0
2000,32Nvl_L2_NS,32NVL_NS,0.033,0.028
2000,32Nvl_L3_EW,NONE,0.006,0.0
2000,NvcMt_L1_NS,NONE,0.005,0.0
2000,NvcMt_L1_EW,NVCMT_EW,0.006,0.006
2005,304Nvl_L1_NS,304NVL_NS,0.009,0.009
2005,304Nvl_L3_NS,NONE,0.007,0.0
2005,32Nvl_L1_EW,32NVL_EW,0.007,0.002
2005,32Nvl_L2_EW,32NVL_EW,0.007,0.004
2005,32Nvl_L3_NS,NONE,0.017,0.0
2005,32Nvl_L2_NS,32NVL_NS,0.016,0.01
2005,32Mt_L1_EW,32MT_EW,0.007,0.007
2005,304Nvl_L2_NS,304NVL_NS,0.008,-0.003
2005,32Nvl_L3_EW,NONE,0.006,0.0
2005,32Nvl_L1_NS,32NVL_NS,0.013,0.007
2005,32Mt_L2_EW,32MT_EW,0.005,0.005
2010,304Nvl_L1_NS,304NVL_NS,0.009,0.009
2010,304Nvl_L3_NS,NONE,0.007,0.0
2010,304Nvl_L1_EW,304NVL_EW,0.008,0.008
2010,304Nvl_L2_EW,304NVL_EW,0.007,0.007
2010,304Nvl_L1_NS,NONE,0.007,0.0
2010,32Nvl_L1_EW,32NVL_EW,0.013,0.013
2010,32Nvl_L2_EW,32NVL_EW,0.007,0.007
2010,32Nvl_L3_NS,NONE,0.017,0.0
2010,32Nvl_L2_NS,32NVL_NS,0.024,0.018
2010,NvcNvl_L3_NS,NONE,0.007,0.0
2010,NvcNvl_L2_NS,NONE,0.007,0.0
2010,304Nvl_L2_NS,304NVL_NS,0.008,-0.009
2010,304Nvl_L3_EW,NONE,0.006,0.0
2010,32Nvl_L3_EW,NONE,0.006,0.0
2010,32Nvl_L1_NS,32NVL_NS,0.054,0.047
2010,NvcNvl_L1_NS,NONE,0.009,0.0
2015,304Nvl_L1_NS,304NVL_NS,0.009,0.009
2015,304Nvl_L3_NS,NONE,0.007,0.0
2015,304Nvl_L1_EW,304NVL_EW,0.008,0.008
2015,304Nvl_L2_EW,304NVL_EW,0.007,0.007
2015,32Nvl_L3_NS,NONE,0.033,0.0
2015,32Nvl_L2_NS,32NVL_NS,0.032,0.026
2015,NvcNvl_L3_NS,NONE,0.081,0.0
2015,NvcNvl_L2_NS,NONE,0.079,0.0
2015,32Mt_L1_EW,NONE,0.101,0.0
2015,32Mt_L3_EW,NONE,0.115,0.0
2015,304Nvl_L2_NS,304NVL_NS,0.008,-0.015
2015,304Nvl_L3_EW,NONE,0.006,0.0
2015,32Nvl_L1_NS,32NVL_NS,0.027,0.021
2015,NvcNvl_L1_NS,NONE,0.105,0.0
2015,32Mt_L2_EW,NONE,0.098,0.0
2020,304Nvl_L1_NS,304NVL_NS,0.009,0.009
2020,304Nvl_L1_EW,304NVL_EW,0.051,0.051
2020,304Nvl_L2_EW,304NVL_EW,0.044,0.044
2020,32Nvl_L1_EW,32NVL_EW,0.007,0.007
2020,32Nvl_L2_EW,32NVL_EW,0.008,0.008
2020,32Nvl_L3_NS,NONE,0.042,0.0
2020,32Nvl_L2_NS,32NVL_NS,0.039,0.034
2020,NvcNvl_L3_NS,NONE,0.129,0.0
2020,NvcNvl_L2_NS,NONE,0.126,0.0
2020,32Mt_L1_EW,NONE,0.007,0.0
2020,32Mt_L3_EW,NONE,0.009,0.0
2020,NvcMt_L2_NS,NONE,0.063,0.0
2020,304Nvl_L2_NS,304NVL_NS,0.008,-0.02
2020,304Nvl_L3_EW,NONE,0.038,0.0
2020,32Nvl_L3_EW,NONE,0.006,0.0
2020,32Nvl_L1_NS,32NVL_NS,0.04,0.034
2020,NvcNvl_L1_NS,NONE,0.166,0.0
2020,32Mt_L2_EW,NONE,0.008,0.0
2020,NvcMt_L1_NS,NONE,0.066,0.0
2025,304Nvl_L1_EW,304NVL_EW,0.068,0.068
2025,304Nvl_L2_EW,304NVL_EW,0.058,0.058
2025,32Nvl_L1_EW,32NVL_EW,0.007,0.007
2025,32Nvl_L2_EW,32NVL_EW,0.008,0.008
2025,32Nvl_L3_NS,NONE,0.033,0.0
2025,32Nvl_L2_NS,32NVL_NS,0.032,0.032
2025,NvcNvl_L3_NS,NONE,0.041,0.0
2025,NvcNvl_L2_NS,NONE,0.04,0.0
2025,32Mt_L1_EW,NONE,0.036,0.0
2025,32Mt_L3_EW,NONE,0.044,0.0
2025,NvcMt_L2_NS,NONE,0.063,0.0
2025,304Nvl_L3_EW,NONE,0.051,0.0
2025,32Nvl_L3_EW,NONE,0.006,0.0
2025,32Nvl_L1_NS,32NVL_NS,0.034,0.034
2025,NvcNvl_L1_NS,NONE,0.052,0.0
2025,32Mt_L2_EW,NONE,0.038,0.0
2025,NvcMt_L1_NS,NONE,0.066,0.0
2030,304Nvl_L1_EW,304NVL_EW,0.076,0.076
2030,304Nvl_L2_EW,304NVL_EW,0.065,0.065
2030,304Nvl_L1_NS,NONE,0.007,0.0
2030,32Nvl_L3_NS,NONE,0.007,0.0
2030,32Nvl_L1_NS,32NVL_NS,0.007,0.007
2030,32Nvl_L1_EW,32NVL_EW,0.014,-0.049
2030,32Nvl_L2_EW,32NVL_EW,0.015,0.015
2030,32Nvl_L2_NS,32NVL_NS,0.008,0.008
2030,NvcNvl_L3_NS,NONE,0.014,0.0
2030,NvcNvl_L2_NS,NONE,0.013,0.0
2030,NvcNvl_L1_EW,NVCNVL_EW,0.084,0.084
2030,32Mt_L1_EW,32MT_EW,0.091,0.081
2030,304Nvl_L3_EW,NONE,0.057,0.0
2030,32Nvl_L2_NS,32NVL_NS,0.007,0.007
2030,32Nvl_L3_EW,NONE,0.013,0.0
2030,32Nvl_L1_NS,32NVL_NS,0.013,0.013
2030,NvcNvl_L1_NS,NONE,0.017,0.0
2035,304Thn_L1_EW,NONE,0.034,0.0
2035,304Thn_L2_EW,NONE,0.041,0.0
2035,304Nvl_L1_EW,304NVL_EW,0.076,0.076
2035,304Nvl_L2_EW,304NVL_EW,0.065,0.065
2035,32Nvl_L1_EW,32NVL_EW,0.007,-0.081
2035,32Nvl_L2_EW,32NVL_EW,0.008,0.008
2035,32Nvl_L1_EW,32NVL_EW,0.007,-0.081
2035,NvcNvl_L3_NS,NONE,0.007,0.0
2035,NvcNvl_L2_NS,NONE,0.007,0.0
2035,NvcNvl_L1_EW,NVCNVL_EW,0.092,0.092
2035,NvcNvl_L1_NS,NVCNVL_NS,0.007,0.007
2035,32Mt_L1_EW,32MT_EW,0.126,0.121
2035,304Nvl_L3_EW,NONE,0.057,0.0
2035,32Nvl_L3_EW,NONE,0.006,0.0
2035,NvcNvl_L1_NS,NONE,0.009,0.0
2035,304Thn_L3_EW,NONE,0.041,0.0
2040,304Thn_L1_EW,304THN_EW,0.041,0.041
2040,32Nvl_L3_NS,NONE,0.007,0.0
2040,32Nvl_L1_NS,32NVL_NS,0.007,0.002
2040,32Nvl_L1_EW,32NVL_EW,0.014,-0.074
2040,32Nvl_L2_EW,32NVL_EW,0.015,-0.03
2040,32Nvl_L1_EW,32NVL_EW,0.007,-0.081
2040,NvcNvl_L1_EW,NVCNVL_EW,0.092,0.092
2040,NvcNvl_L1_NS,NVCNVL_NS,0.007,0.002
2040,32Mt_L1_EW,32MT_EW,0.126,0.116
2040,32Nvl_L2_NS,32NVL_NS,0.007,0.007
2040,32Nvl_L3_EW,NONE,0.013,0.0
2040,32Nvl_L1_NS,32NVL_NS,0.007,0.002
2040,32Mt_L2_EW,32MT_EW,0.065,0.054
2045,304Nvl_L1_EW,NONE,0.008,0.0
2045,32Nvl_L3_NS,NONE,0.007,0.0
2045,32Nvl_L1_NS,32NVL_NS,0.007,0.002
2045,32Nvl_L1_EW,32NVL_EW,0.007,-0.076
2045,32Nvl_L2_EW,32NVL_EW,0.008,-0.057
2045,32Nvl_L1_EW,32NVL_EW,0.007,-0.076
2045,NvcNvl_L3_NS,NONE,0.007,0.0
2045,NvcNvl_L2_NS,NONE,0.04,0.0
2045,NvcNvl_L1_EW,NVCNVL_EW,0.084,0.084
2045,NvcNvl_L1_NS,NVCNVL_NS,0.007,0.002
2045,32Mt_L1_EW,32MT_EW,0.119,0.114
2045,32Nvl_L2_NS,32NVL_NS,0.007,0.007
2045,32Nvl_L3_EW,NONE,0.006,0.0
2045,NvcNvl_L1_NS,NONE,0.052,0.0
2045,32Mt_L2_EW,32MT_EW,0.092,0.087
2050,304Nvl_L1_EW,NONE,0.008,0.0
2050,304Nvl_L1_NS,NONE,0.044,0.0
2050,32Nvl_L1_EW,32NVL_EW,0.007,-0.017
2050,32Nvl_L2_EW,32NVL_EW,0.008,-0.011
2050,32Nvl_L1_EW,32NVL_EW,0.007,-0.018
2050,NvcNvl_L3_NS,NONE,0.034,0.0
2050,NvcNvl_L2_NS,NONE,0.033,0.0
2050,32Mt_L1_EW,NONE,0.007,0.0
2050,32Mt_L3_EW,NONE,0.009,0.0
2050,32Mt_L1_EW,32MT_EW,0.035,0.03
2050,32Mt_L1_NS,NONE,0.01,0.0
2050,32Nvl_L3_EW,NONE,0.006,0.0
2050,NvcNvl_L1_NS,NONE,0.044,0.0
2050,32Mt_L2_EW,NONE,0.008,0.0
2050,32Mt_L2_EW,32MT_EW,0.027,0.022
2050,32Mt_L2_NS,NONE,0.009,0.0
2055,304Nvl_L1_EW,304NVL_EW,0.025,0.025
2055,304Nvl_L2_EW,304NVL_EW,0.015,0.015
2055,304Nvl_L1_NS,NONE,0.044,0.0
2055,32Nvl_L3_NS,NONE,0.007,0.0
2055,32Nvl_L1_NS,32NVL_NS,0.007,0.007
2055,32Nvl_L1_EW,32NVL_EW,0.007,0.007
2055,32Nvl_L2_EW,32NVL_EW,0.008,0.008
2055,32Mt_L1_EW,NONE,0.022,0.0
2055,32Mt_L3_EW,NONE,0.027,0.0
2055,32Mt_L1_NS,NONE,0.01,0.0
2055,304Nvl_L3_EW,NONE,0.013,0.0
2055,32Nvl_L2_NS,32NVL_NS,0.007,0.007
2055,32Nvl_L3_EW,NONE,0.006,0.0
2055,32Mt_L2_EW,NONE,0.023,0.0
2055,32Mt_L2_NS,NONE,0.009,0.0
2060,304Nvl_L1_NS,304NVL_NS,0.045,0.04
2060,304Nvl_L3_NS,NONE,0.037,0.0
2060,304Nvl_L1_EW,304NVL_EW,0.017,0.017
2060,304Nvl_L2_EW,304NVL_EW,0.007,0.007
2060,32Nvl_L1_NS,32NVL_NS,0.007,-0.025
2060,32Nvl_L1_EW,32NVL_EW,0.007,-0.003
2060,32Nvl_L2_EW,32NVL_EW,0.008,0.008
2060,NvcNvl_L3_NS,NONE,0.007,0.0
2060,NvcNvl_L2_NS,NONE,0.007,0.0
2060,32Mt_L1_EW,NONE,0.029,0.0
2060,32Mt_L3_EW,NONE,0.035,0.0
2060,32Mt_L1_EW,32MT_EW,0.014,0.009
2060,32Mt_L1_NS,NONE,0.02,0.0
2060,304Nvl_L2_NS,304NVL_NS,0.038,0.038
2060,304Nvl_L3_EW,NONE,0.006,0.0
2060,32Nvl_L2_NS,32NVL_NS,0.007,-0.02
2060,32Nvl_L3_EW,NONE,0.006,0.0
2060,NvcNvl_L1_NS,NONE,0.009,0.0
2060,32Mt_L2_EW,NONE,0.03,0.0
2060,32Mt_L2_NS,NONE,0.017,0.0
2065,304Nvl_L1_NS,304NVL_NS,0.045,0.045
2065,304Nvl_L3_NS,NONE,0.037,0.0
2065,304Nvl_L1_NS,NONE,0.015,0.0
2065,32Nvl_L1_EW,32NVL_EW,0.007,-0.003
2065,32Nvl_L2_EW,32NVL_EW,0.008,0.004
2065,NvcNvl_L1_EW,NONE,0.064,0.0
2065,NvcNvl_L2_EW,NONE,0.046,0.0
2065,32Mt_L1_EW,NONE,0.007,0.0
2065,32Mt_L1_EW,32MT_EW,0.014,0.009
2065,32Mt_L1_NS,NONE,0.01,0.0
2065,NvcMt_L2_NS,NONE,0.005,0.0
2065,NvcMt_L1_EW,NVCMT_EW,0.006,0.006
2065,304Nvl_L2_NS,304NVL_NS,0.038,0.038
2065,32Nvl_L3_EW,NONE,0.006,0.0
2065,NvcNvl_L3_EW,NONE,0.038,0.0
2065,32Mt_L2_EW,NONE,0.008,0.0
2065,32Mt_L2_EW,32MT_EW,0.005,0.0
2065,NvcMt_L1_NS,NONE,0.005,0.0
2065,NvcMt_L2_EW,NVCMT_EW,0.008,0.008
2070,304Nvl_L1_NS,304NVL_NS,0.045,0.045
2070,304Nvl_L3_NS,NONE,0.037,0.0
2070,304Nvl_L1_NS,NONE,0.007,0.0
2070,32Nvl_L1_EW,32NVL_EW,0.007,-0.022
2070,32Nvl_L2_EW,32NVL_EW,0.008,0.004
2070,NvcNvl_L3_NS,NONE,0.007,0.0
2070,NvcNvl_L2_NS,NONE,0.007,0.0
2070,NvcNvl_L1_EW,NONE,0.011,0.0
2070,NvcNvl_L2_EW,NONE,0.008,0.0
2070,NvcNvl_L1_EW,NVCNVL_EW,0.007,0.003
2070,NvcNvl_L2_EW,NVCNVL_EW,0.008,0.008
2070,32Mt_L1_EW,NONE,0.022,0.0
2070,32Mt_L3_EW,NONE,0.027,0.0
2070,32Mt_L1_EW,32MT_EW,0.042,0.037
2070,32Mt_L1_NS,NONE,0.02,0.0
2070,NvcMt_L2_NS,NONE,0.005,0.0
2070,NvcMt_L1_EW,NVCMT_EW,0.006,0.001
2070,32Thn_L1_EW,NONE,0.01,0.0
2070,32Thn_L2_EW,NONE,0.01,0.0
2070,32Thn_L3_EW,NONE,0.007,0.0
2070,304Nvl_L2_NS,304NVL_NS,0.038,0.038
2070,32Nvl_L3_EW,NONE,0.006,0.0
2070,NvcNvl_L1_NS,NONE,0.009,0.0
2070,NvcNvl_L3_EW,NONE,0.006,0.0
2070,NvcNvl_L3_EW,NONE,0.009,0.0
2070,32Mt_L2_EW,NONE,0.023,0.0
2070,32Mt_L2_EW,32MT_EW,0.005,0.0
2070,NvcMt_L1_NS,NONE,0.005,0.0
2070,NvcMt_L2_EW,NVCMT_EW,0.008,0.002
2070,NvcMt_L1_EW,NVCMT_EW,0.006,0.001
2075,304Nvl_L1_NS,304NVL_NS,0.045,0.045
2075,304Nvl_L3_NS,NONE,0.037,0.0
2075,32Nvl_L1_EW,32NVL_EW,0.007,-0.023
2075,32Nvl_L2_EW,32NVL_EW,0.008,0.004
2075,32Nvl_L3_NS,NONE,0.008,0.0
2075,32Nvl_L2_NS,32NVL_NS,0.008,-0.019
2075,NvcNvl_L3_NS,NONE,0.014,0.0
2075,NvcNvl_L2_NS,NONE,0.013,0.0
2075,NvcNvl_L1_EW,NVCNVL_EW,0.007,0.007
2075,NvcNvl_L2_EW,NVCNVL_EW,0.008,0.008
2075,NvcNvl_L1_NS,NVCNVL_NS,0.033,0.033
2075,32Mt_L1_EW,NONE,0.029,0.0
2075,32Mt_L3_EW,NONE,0.027,0.0
2075,32Mt_L1_EW,32MT_EW,0.035,0.03
2075,32Thn_L1_EW,32THN_EW,0.008,0.003
2075,304Nvl_L2_NS,304NVL_NS,0.038,0.032
2075,32Nvl_L3_EW,NONE,0.006,0.0
2075,32Nvl_L1_NS,32NVL_NS,0.007,-0.048
2075,NvcNvl_L1_NS,NONE,0.017,0.0
2075,NvcNvl_L3_EW,NONE,0.009,0.0
2075,32Mt_L2_EW,NONE,0.03,0.0
2075,32Mt_L2_EW,32MT_EW,0.005,0.0
2080,304Nvl_L1_NS,304NVL_NS,0.045,0.045
2080,304Nvl_L3_NS,NONE,0.037,0.0
2080,32Nvl_L1_EW,32NVL_EW,0.007,-0.023
2080,32Nvl_L2_EW,32NVL_EW,0.008,-0.01
2080,NvcNvl_L3_NS,NONE,0.014,0.0
2080,NvcNvl_L2_NS,NONE,0.02,0.0
2080,NvcNvl_L1_NS,NVCNVL_NS,0.033,0.033
2080,32Mt_L1_EW,NONE,0.007,0.0
2080,32Mt_L3_EW,NONE,0.009,0.0
2080,32Mt_L1_EW,32MT_EW,0.035,0.03
2080,32Mt_L1_NS,NONE,0.02,0.0
2080,32Thn_L1_EW,32THN_EW,0.008,0.003
2080,32Thn_L2_EW,32THN_EW,0.008,0.003
2080,32Thn_L3_EW,NONE,0.008,0.0
2080,304Nvl_L2_NS,304NVL_NS,0.038,0.038
2080,32Nvl_L3_EW,NONE,0.006,0.0
2080,NvcNvl_L1_NS,NONE,0.026,0.0
2080,32Mt_L2_EW,NONE,0.008,0.0
2080,32Mt_L2_EW,32MT_EW,0.016,0.011
2080,32Mt_L2_NS,NONE,0.009,0.0
2085,304Nvl_L1_NS,304NVL_NS,0.045,0.016
2085,304Nvl_L3_NS,NONE,0.037,0.0
2085,304Nvl_L1_EW,304NVL_EW,0.008,0.008
2085,304Nvl_L2_EW,304NVL_EW,0.007,0.007
2085,32Nvl_L3_NS,NONE,0.041,0.0
2085,32Nvl_L1_NS,32NVL_NS,0.042,-0.013
2085,32Nvl_L1_EW,32NVL_EW,0.007,-0.017
2085,32Nvl_L2_EW,32NVL_EW,0.008,0.0
2085,NvcNvl_L3_NS,NONE,0.007,0.0
2085,NvcNvl_L2_NS,NONE,0.007,0.0
2085,NvcNvl_L1_EW,NONE,0.021,0.0
2085,NvcNvl_L2_EW,NONE,0.015,0.0
2085,NvcNvl_L1_NS,NVCNVL_NS,0.033,0.004
2085,32Mt_L1_EW,32MT_EW,0.035,0.03
2085,32Mt_L1_NS,NONE,0.01,0.0
2085,32Thn_L1_EW,NONE,0.01,0.0
2085,304Nvl_L2_NS,304NVL_NS,0.038,0.038
2085,304Nvl_L3_EW,NONE,0.006,0.0
2085,32Nvl_L2_NS,32NVL_NS,0.04,0.013
2085,32Nvl_L3_EW,NONE,0.006,0.0
2085,NvcNvl_L1_NS,NONE,0.009,0.0
2085,32Mt_L2_EW,32MT_EW,0.011,0.005
2090,304Nvl_L1_NS,304NVL_NS,0.054,0.04
2090,304Nvl_L3_NS,NONE,0.044,0.0
2090,304Nvl_L1_EW,304NVL_EW,0.008,0.008
2090,304Nvl_L2_EW,304NVL_EW,0.007,0.007
2090,32Nvl_L3_NS,NONE,0.014,0.0
2090,32Nvl_L1_NS,32NVL_NS,0.021,-0.017
2090,32Nvl_L1_EW,32NVL_EW,0.007,-0.003
2090,32Nvl_L2_EW,32NVL_EW,0.008,0.0
2090,32Nvl_L3_NS,NONE,0.008,0.0
2090,32Nvl_L2_NS,32NVL_NS,0.008,-0.024
2090,NvcNvl_L1_EW,NONE,0.011,0.0
2090,NvcNvl_L2_EW,NONE,0.008,0.0
2090,32Mt_L1_EW,NONE,0.007,0.0
2090,32Mt_L1_EW,32MT_EW,0.014,0.009
2090,304Nvl_L2_NS,304NVL_NS,0.046,0.04
2090,304Nvl_L3_EW,NONE,0.006,0.0
2090,32Nvl_L2_NS,32NVL_NS,0.02,-0.012
2090,32Nvl_L3_EW,NONE,0.006,0.0
2090,32Nvl_L1_NS,32NVL_NS,0.007,-0.031
2090,32Mt_L2_EW,32MT_EW,0.011,0.005
2095,304Nvl_L1_NS,304NVL_NS,0.054,0.049
2095,304Nvl_L3_NS,NONE,0.044,0.0
2095,304Nvl_L1_NS,NONE,0.007,0.0
2095,32Nvl_L3_NS,NONE,0.007,0.0
2095,32Nvl_L1_NS,32NVL_NS,0.007,-0.031
2095,32Nvl_L1_EW,32NVL_EW,0.05,0.05
2095,32Nvl_L2_EW,32NVL_EW,0.054,0.054
2095,NvcNvl_L3_NS,NONE,0.034,0.0
2095,NvcNvl_L2_NS,NONE,0.033,0.0
2095,NvcMt_L2_NS,NONE,0.005,0.0
2095,32Thn_L1_EW,NONE,0.01,0.0
2095,32Thn_L2_EW,NONE,0.01,0.0
2095,32Thn_L3_EW,NONE,0.007,0.0
2095,304Nvl_L2_NS,304NVL_NS,0.046,0.046
2095,32Nvl_L2_NS,32NVL_NS,0.007,-0.025
2095,32Nvl_L3_EW,NONE,0.044,0.0
2095,32Nvl_L1_NS,32NVL_NS,0.034,-0.004
2095,NvcNvl_L1_NS,NONE,0.044,0.0
2095,NvcMt_L1_NS,NONE,0.005,0.0
2100,304Nvl_L1_NS,304NVL_NS,0.054,0.054
2100,304Nvl_L3_NS,NONE,0.044,0.0
2100,304Nvl_L1_NS,NONE,0.007,0.0
2100,32Nvl_L1_EW,32NVL_EW,0.042,0.037
2100,32Nvl_L2_EW,32NVL_EW,0.046,0.046
2100,32Nvl_L3_NS,NONE,0.008,0.0
2100,32Nvl_L2_NS,32NVL_NS,0.008,-0.024
2100,NvcNvl_L3_NS,NONE,0.048,0.0
2100,NvcNvl_L2_NS,NONE,0.053,0.0
2100,NvcMt_L2_EW,NVCMT_EW,0.003,0.003
2100,32Thn_L1_EW,32THN_EW,0.008,-0.022
2100,304Nvl_L2_NS,304NVL_NS,0.046,0.04
2100,32Nvl_L3_EW,NONE,0.038,0.0
2100,32Nvl_L1_NS,32NVL_NS,0.02,-0.018
2100,NvcNvl_L1_NS,NONE,0.07,0.0
2100,NvcMt_L1_EW,NVCMT_EW,0.006,0.006
2105,304Nvl_L1_NS,304NVL_NS,0.054,0.054
2105,304Nvl_L3_NS,NONE,0.044,0.0
2105,32Nvl_L1_EW,32NVL_EW,0.007,0.002
2105,32Nvl_L2_EW,32NVL_EW,0.008,0.004
2105,NvcNvl_L3_NS,NONE,0.014,0.0
2105,NvcNvl_L2_NS,NONE,0.013,0.0
2105,32Mt_L1_EW,32MT_EW,0.007,0.002
2105,32Thn_L1_EW,NONE,0.01,0.0
2105,32Thn_L2_EW,NONE,0.01,0.0
2105,32Thn_L3_EW,NONE,0.007,0.0
2105,304Nvl_L2_NS,304NVL_NS,0.046,0.046
2105,32Nvl_L3_EW,NONE,0.006,0.0
2105,32Nvl_L1_NS,32NVL_NS,0.034,-0.004
2105,NvcNvl_L1_NS,NONE,0.017,0.0
2105,32Mt_L2_EW,32MT_EW,0.005,0.0
2110,304Thn_L1_EW,NONE,0.007,0.0
2110,304Thn_L2_EW,NONE,0.008,0.0
2110,304Nvl_L1_NS,304NVL_NS,0.054,0.054
2110,304Nvl_L3_NS,NONE,0.044,0.0
2110,304Nvl_L1_EW,304NVL_EW,0.008,0.008
2110,304Nvl_L2_EW,304NVL_EW,0.007,0.007
2110,32Nvl_L1_EW,32NVL_EW,0.014,0.009
2110,32Nvl_L2_EW,32NVL_EW,0.015,0.015
2110,32Nvl_L3_NS,NONE,0.025,0.0
2110,32Nvl_L2_NS,32NVL_NS,0.024,-0.008
2110,NvcNvl_L3_NS,NONE,0.014,0.0
2110,NvcNvl_L2_NS,NONE,0.013,0.0
2110,NvcNvl_L1_EW,NVCNVL_EW,0.007,0.007
2110,NvcNvl_L2_EW,NVCNVL_EW,0.008,0.008
2110,32Mt_L1_EW,NONE,0.007,0.0
2110,32Mt_L3_EW,NONE,0.009,0.0
2110,32Thn_L1_EW,32THN_EW,0.008,-0.002
2110,304Nvl_L2_NS,304NVL_NS,0.046,0.029
2110,304Nvl_L3_EW,NONE,0.006,0.0
2110,32Nvl_L3_EW,NONE,0.013,0.0
2110,32Nvl_L1_NS,32NVL_NS,0.013,-0.025
2110,NvcNvl_L1_NS,NONE,0.017,0.0
2110,NvcNvl_L3_EW,NONE,0.009,0.0
2110,32Mt_L2_EW,NONE,0.008,0.0
2110,304Thn_L3_EW,NONE,0.008,0.0
2115,304Nvl_L1_NS,304NVL_NS,0.063,0.063
2115,304Nvl_L3_NS,NONE,0.052,0.0
2115,304Nvl_L1_NS,NONE,0.007,0.0
2115,32Nvl_L1_EW,32NVL_EW,0.007,0.007
2115,32Nvl_L2_EW,32NVL_EW,0.008,0.008
2115,32Nvl_L3_NS,NONE,0.05,0.0
2115,32Nvl_L2_NS,32NVL_NS,0.055,0.018
2115,NvcNvl_L1_EW,NVCNVL_EW,0.007,0.007
2115,32Mt_L1_EW,NONE,0.007,0.0
2115,304Nvl_L2_NS,304NVL_NS,0.053,0.014
2115,32Nvl_L3_EW,NONE,0.006,0.0
2115,32Nvl_L1_NS,32NVL_NS,0.054,0.009
2120,304Nvl_L1_NS,304NVL_NS,0.063,0.059
2120,304Nvl_L3_NS,NONE,0.052,0.0
2120,32Nvl_L1_NS,32NVL_NS,0.007,-0.042
2120,32Nvl_L1_EW,32NVL_EW,0.007,0.007
2120,32Nvl_L2_EW,32NVL_EW,0.008,0.008
2120,32Nvl_L1_EW,32NVL_EW,0.007,0.007
2120,32Nvl_L3_NS,NONE,0.017,0.0
2120,32Nvl_L2_NS,32NVL_NS,0.016,-0.021
2120,NvcNvl_L1_EW,NVCNVL_EW,0.007,0.007
2120,NvcNvl_L1_NS,NVCNVL_NS,0.007,0.002
2120,32Mt_L1_NS,NONE,0.01,0.0
2120,304Nvl_L2_NS,304NVL_NS,0.053,0.042
2120,32Nvl_L2_NS,32NVL_NS,0.007,-0.031
2120,32Nvl_L3_EW,NONE,0.006,0.0
2120,32Nvl_L1_NS,32NVL_NS,0.02,-0.029
2125,304Nvl_L1_NS,304NVL_NS,0.063,0.054
2125,304Nvl_L3_NS,NONE,0.052,0.0
2125,32Nvl_L3_NS,NONE,0.007,0.0
2125,32Nvl_L1_NS,32NVL_NS,0.014,-0.035
2125,32Nvl_L1_EW,32NVL_EW,0.007,0.007
2125,32Nvl_L2_EW,32NVL_EW,0.008,0.008
2125,32Nvl_L3_NS,NONE,0.008,0.0
2125,32Nvl_L2_NS,32NVL_NS,0.008,-0.029
2125,NvcNvl_L1_NS,NVCNVL_NS,0.007,-0.003
2125,32Mt_L1_EW,NONE,0.007,0.0
2125,32Mt_L3_EW,NONE,0.009,0.0
2125,304Nvl_L2_NS,304NVL_NS,0.053,0.048
2125,32Nvl_L2_NS,32NVL_NS,0.007,-0.031
2125,32Nvl_L3_EW,NONE,0.006,0.0
2125,32Nvl_L1_NS,32NVL_NS,0.007,-0.042
2125,32Mt_L2_EW,NONE,0.008,0.0
2130,304Nvl_L1_NS,304NVL_NS,0.063,0.054
2130,304Nvl_L3_NS,NONE,0.052,0.0
2130,304Nvl_L1_EW,304NVL_EW,0.042,0.042
2130,304Nvl_L2_EW,304NVL_EW,0.036,0.036
2130,32Nvl_L3_NS,NONE,0.007,0.0
2130,32Nvl_L1_NS,32NVL_NS,0.014,-0.031
2130,32Nvl_L1_EW,32NVL_EW,0.007,0.002
2130,32Nvl_L3_NS,NONE,0.008,0.0
2130,32Nvl_L2_NS,32NVL_NS,0.008,-0.029
2130,NvcNvl_L1_EW,NVCNVL_EW,0.035,0.035
2130,NvcNvl_L2_EW,NVCNVL_EW,0.039,0.039
2130,32Mt_L1_EW,32MT_EW,0.007,0.007
2130,304Nvl_L2_NS,304NVL_NS,0.053,0.048
2130,32Nvl_L2_NS,32NVL_NS,0.007,-0.031
2130,32Nvl_L1_NS,32NVL_NS,0.013,-0.031
2130,NvcNvl_L3_EW,NONE,0.047,0.0
2130,32Mt_L2_EW,32MT_EW,0.005,0.005
2135,304Nvl_L1_EW,304NVL_EW,0.093,0.093
2135,304Nvl_L2_EW,304NVL_EW,0.08,0.08
2135,32Nvl_L3_NS,NONE,0.007,0.0
2135,32Nvl_L1_NS,32NVL_NS,0.014,0.014
2135,32Nvl_L3_NS,NONE,0.008,0.0
2135,32Nvl_L2_NS,32NVL_NS,0.008,0.008
2135,NvcNvl_L1_EW,NVCNVL_EW,0.035,0.035
2135,NvcNvl_L2_EW,NVCNVL_EW,0.039,0.039
2135,32Mt_L1_EW,32MT_EW,0.014,0.014
2135,32Mt_L1_NS,NONE,0.01,0.0
2135,304Nvl_L3_EW,NONE,0.07,0.0
2135,32Nvl_L2_NS,32NVL_NS,0.007,0.007
2135,32Nvl_L1_NS,32NVL_NS,0.02,0.02
2135,NvcNvl_L3_EW,NONE,0.047,0.0
2135,32Mt_L2_EW,32MT_EW,0.011,0.011
2140,304Nvl_L1_EW,304NVL_EW,0.11,0.11
2140,304Nvl_L2_EW,304NVL_EW,0.094,0.094
2140,32Nvl_L3_NS,NONE,0.007,0.0
2140,32Nvl_L1_NS,32NVL_NS,0.007,0.007
2140,32Nvl_L1_EW,32NVL_EW,0.007,-0.003
2140,32Nvl_L2_EW,32NVL_EW,0.007,0.0
2140,32Nvl_L3_NS,NONE,0.008,0.0
2140,32Nvl_L2_NS,32NVL_NS,0.008,0.008
2140,NvcNvl_L3_NS,NONE,0.034,0.0
2140,NvcNvl_L2_NS,NONE,0.033,0.0
2140,NvcNvl_L1_EW,NVCNVL_EW,0.035,0.035
2140,NvcNvl_L2_EW,NVCNVL_EW,0.039,0.039
2140,32Mt_L1_EW,32MT_EW,0.014,0.014
2140,304Nvl_L3_EW,NONE,0.082,0.0
2140,32Nvl_L2_NS,32NVL_NS,0.007,0.007
2140,32Nvl_L3_EW,NONE,0.006,0.0
2140,32Nvl_L1_NS,32NVL_NS,0.013,0.013
2140,NvcNvl_L1_NS,NONE,0.044,0.0
2140,NvcNvl_L3_EW,NONE,0.047,0.0
2140,32Mt_L2_EW,32MT_EW,0.011,0.011
2145,304Nvl_L1_NS,304NVL_NS,0.009,0.009
2145,304Nvl_L3_NS,NONE,0.007,0.0
2145,304Nvl_L1_EW,304NVL_EW,0.127,0.127
2145,304Nvl_L2_EW,304NVL_EW,0.102,0.102
2145,304Nvl_L1_NS,NONE,0.044,0.0
2145,32Nvl_L1_EW,32NVL_EW,0.007,-0.003
2145,32Nvl_L2_EW,32NVL_EW,0.007,0.0
2145,NvcNvl_L3_NS,NONE,0.007,0.0
2145,NvcNvl_L2_NS,NONE,0.007,0.0
2145,NvcNvl_L1_EW,NONE,0.011,0.0
2145,NvcNvl_L2_EW,NONE,0.008,0.0
2145,NvcNvl_L1_EW,NVCNVL_EW,0.035,0.035
2145,NvcNvl_L2_EW,NVCNVL_EW,0.039,0.039
2145,32Mt_L1_EW,32MT_EW,0.014,0.014
2145,304Nvl_L2_NS,304NVL_NS,0.008,0.008
2145,304Nvl_L3_EW,NONE,0.089,0.0
2145,32Nvl_L3_EW,NONE,0.006,0.0
2145,NvcNvl_L1_NS,NONE,0.009,0.0
2145,NvcNvl_L3_EW,NONE,0.006,0.0
2145,NvcNvl_L3_EW,NONE,0.047,0.0
2145,32Mt_L2_EW,32MT_EW,0.011,0.011
2150,304Nvl_L1_EW,304NVL_EW,0.127,0.127
2150,304Nvl_L2_EW,304NVL_EW,0.102,0.102
2150,304Nvl_L1_NS,NONE,0.044,0.0
2150,304Nvl_L3_NS,NONE,0.008,0.0
2150,32Nvl_L1_EW,32NVL_EW,0.007,0.002
2150,32Nvl_L2_EW,32NVL_EW,0.007,0.004
2150,NvcNvl_L3_NS,NONE,0.007,0.0
2150,NvcNvl_L2_NS,NONE,0.007,0.0
2150,NvcNvl_L1_EW,NVCNVL_EW,0.035,0.035
2150,NvcNvl_L2_EW,NVCNVL_EW,0.039,0.039
2150,32Mt_L1_EW,32MT_EW,0.007,0.007
2150,304Nvl_L3_EW,NONE,0.089,0.0
2150,304Nvl_L2_NS,NONE,0.007,0.0
2150,32Nvl_L3_EW,NONE,0.006,0.0
2150,32Nvl_L1_NS,32NVL_NS,0.013,0.013
2150,NvcNvl_L1_NS,NONE,0.009,0.0
2150,NvcNvl_L3_EW,NONE,0.047,0.0
2150,32Mt_L2_EW,32MT_EW,0.005,0.005
2155,304Thn_L1_EW,304THN_EW,0.008,-0.075
2155,304Thn_L3_EW,NONE,0.008,0.0
2155,304Nvl_L1_EW,304NVL_EW,0.119,0.113
2155,304Nvl_L2_EW,304NVL_EW,0.087,0.082
2155,304Nvl_L1_NS,NONE,0.007,0.0
2155,32Nvl_L1_EW,32NVL_EW,0.007,0.002
2155,32Nvl_L2_EW,32NVL_EW,0.007,0.004
2155,32Nvl_L3_NS,NONE,0.017,0.0
2155,32Nvl_L2_NS,32NVL_NS,0.016,0.016
2155,NvcNvl_L3_NS,NONE,0.007,0.0
2155,NvcNvl_L2_NS,NONE,0.007,0.0
2155,NvcNvl_L1_EW,NVCNVL_EW,0.042,0.042
2155,NvcNvl_L2_EW,NVCNVL_EW,0.039,0.039
2155,32Mt_L1_NS,32MT_NS,0.006,0.006
2155,32Mt_L1_EW,NONE,0.086,0.0
2155,32Mt_L1_EW,32MT_EW,0.007,0.007
2155,304Nvl_L3_EW,NONE,0.076,0.0
2155,32Nvl_L3_EW,NONE,0.006,0.0
2155,32Nvl_L1_NS,32NVL_NS,0.027,0.027
2155,NvcNvl_L1_NS,NONE,0.009,0.0
2155,NvcNvl_L3_EW,NONE,0.047,0.0
2155,32Mt_L2_NS,32MT_NS,0.006,0.006
2155,32Mt_L2_EW,NONE,0.09,0.0
2155,32Mt_L2_EW,32MT_EW,0.005,0.005
2155,304Thn_L2_EW,304THN_EW,0.007,-0.054
2160,304Thn_L1_EW,304THN_EW,0.008,-0.069
2160,304Thn_L3_EW,NONE,0.008,0.0
2160,304Nvl_L1_NS,304NVL_NS,0.009,0.009
2160,304Nvl_L1_EW,304NVL_EW,0.11,0.104
2160,304Nvl_L2_EW,304NVL_EW,0.087,0.082
2160,304Nvl_L1_NS,NONE,0.015,0.0
2160,304Nvl_L3_NS,NONE,0.008,0.0
2160,32Nvl_L1_EW,32NVL_EW,0.007,0.007
2160,32Nvl_L2_EW,32NVL_EW,0.007,0.007
2160,32Nvl_L3_NS,NONE,0.008,0.0
2160,32Nvl_L2_NS,32NVL_NS,0.008,0.008
2160,NvcNvl_L3_NS,NONE,0.007,0.0
2160,NvcNvl_L2_NS,NONE,0.007,0.0
2160,NvcNvl_L1_EW,NVCNVL_EW,0.042,0.042
2160,NvcNvl_L2_EW,NVCNVL_EW,0.039,0.039
2160,32Mt_L1_NS,32MT_NS,0.013,0.013
2160,32Mt_L1_EW,NONE,0.094,0.0
2160,32Mt_L3_EW,NONE,0.115,0.0
2160,32Mt_L1_NS,NONE,0.01,0.0
2160,304Nvl_L3_EW,NONE,0.076,0.0
2160,304Nvl_L2_NS,NONE,0.007,0.0
2160,32Nvl_L3_EW,NONE,0.006,0.0
2160,32Nvl_L1_NS,32NVL_NS,0.013,0.007
2160,NvcNvl_L1_NS,NONE,0.009,0.0
2160,NvcNvl_L3_EW,NONE,0.047,0.0
2160,32Mt_L2_NS,32MT_NS,0.006,0.006
2160,32Mt_L2_EW,NONE,0.098,0.0
2160,32Mt_L2_NS,NONE,0.009,0.0
2160,304Thn_L2_EW,304THN_EW,0.007,-0.054
2165,304Thn_L1_EW,304THN_EW,0.008,-0.069
2165,304Thn_L3_EW,NONE,0.008,0.0
2165,304Nvl_L1_NS,304NVL_NS,0.009,0.009
2165,304Nvl_L1_EW,304NVL_EW,0.11,0.104
2165,304Nvl_L2_EW,304NVL_EW,0.087,0.082
2165,304Nvl_L1_NS,NONE,0.007,0.0
2165,32Nvl_L1_EW,32NVL_EW,0.007,0.007
2165,32Nvl_L2_EW,32NVL_EW,0.007,0.007
2165,NvcNvl_L3_NS,NONE,0.007,0.0
2165,NvcNvl_L2_NS,NONE,0.007,0.0
2165,NvcNvl_L1_EW,NONE,0.011,0.0
2165,NvcNvl_L2_EW,NONE,0.008,0.0
2165,NvcNvl_L1_EW,NVCNVL_EW,0.042,0.042
2165,NvcNvl_L2_EW,NVCNVL_EW,0.039,0.039
2165,32Mt_L1_NS,32MT_NS,0.013,0.013
2165,32Mt_L1_EW,NONE,0.029,0.0
2165,32Mt_L3_EW,NONE,0.018,0.0
2165,304Nvl_L2_NS,304NVL_NS,0.008,0.008
2165,304Nvl_L3_EW,NONE,0.076,0.0
2165,32Nvl_L3_EW,NONE,0.006,0.0
2165,NvcNvl_L1_NS,NONE,0.009,0.0
2165,NvcNvl_L3_EW,NONE,0.047,0.0
2165,32Mt_L2_NS,32MT_NS,0.006,0.006
2165,32Mt_L2_EW,NONE,0.015,0.0
2165,304Thn_L2_EW,304THN_EW,0.007,-0.054
2170,304Nvl_L1_EW,304NVL_EW,0.11,0.11
2170,304Nvl_L2_EW,304NVL_EW,0.087,0.087
2170,32Nvl_L1_EW,32NVL_EW,0.007,-0.008
2170,32Nvl_L2_EW,32NVL_EW,0.007,0.0
2170,32Nvl_L3_NS,NONE,0.008,0.0
2170,32Nvl_L2_NS,32NVL_NS,0.008,0.008
2170,NvcNvl_L1_EW,NONE,0.011,0.0
2170,NvcNvl_L2_EW,NONE,0.008,0.0
2170,NvcNvl_L1_EW,NVCNVL_EW,0.084,0.084
2170,NvcNvl_L2_EW,NVCNVL_EW,0.086,0.086
2170,32Mt_L1_NS,32MT_NS,0.006,0.006
2170,32Mt_L1_EW,NONE,0.036,0.0
2170,32Mt_L3_EW,NONE,0.044,0.0
2170,32Mt_L1_EW,32MT_EW,0.021,0.021
2170,304Nvl_L3_EW,NONE,0.076,0.0
2170,32Nvl_L3_EW,NONE,0.006,0.0
2170,32Nvl_L1_NS,32NVL_NS,0.007,0.007
2170,NvcNvl_L3_EW,NONE,0.102,0.0
2170,32Mt_L2_EW,NONE,0.038,0.0
2170,32Mt_L2_EW,32MT_EW,0.011,0.011
2175,304Nvl_L1_EW,304NVL_EW,0.119,0.119
2175,304Nvl_L2_EW,304NVL_EW,0.087,0.087
2175,304Nvl_L1_NS,NONE,0.007,0.0
2175,32Nvl_L1_NS,32NVL_NS,0.007,0.007
2175,32Nvl_L1_EW,32NVL_EW,0.007,-0.081
2175,32Nvl_L2_EW,32NVL_EW,0.007,-0.015
2175,NvcNvl_L1_EW,NVCNVL_EW,0.092,0.092
2175,NvcNvl_L2_EW,NVCNVL_EW,0.094,0.094
2175,32Mt_L1_NS,32MT_NS,0.006,0.006
2175,32Mt_L1_EW,NONE,0.05,0.0
2175,32Mt_L3_EW,NONE,0.062,0.0
2175,32Mt_L1_EW,32MT_EW,0.126,0.126
2175,32Mt_L1_NS,NONE,0.02,0.0
2175,NvcCmt8_L2_NS,NONE,0.011,0.0
2175,NvcCmt8_L1_NS,NONE,0.008,0.0
2175,304Nvl_L3_EW,NONE,0.076,0.0
2175,32Nvl_L2_NS,32NVL_NS,0.007,0.007
2175,32Nvl_L3_EW,NONE,0.006,0.0
2175,NvcNvl_L3_EW,NONE,0.112,0.0
2175,32Mt_L2_EW,NONE,0.06,0.0
2175,32Mt_L2_EW,32MT_EW,0.033,0.033
2175,32Mt_L2_NS,NONE,0.009,0.0
2175,NvcMt_L1_NS,NONE,0.005,0.0
2180,304Nvl_L1_EW,304NVL_EW,0.102,0.102
2180,304Nvl_L2_EW,304NVL_EW,0.08,0.08
2180,304Nvl_L1_NS,NONE,0.007,0.0
2180,32Nvl_L3_NS,NONE,0.034,0.0
2180,32Nvl_L1_NS,32NVL_NS,0.035,0.035
2180,32Nvl_L1_EW,32NVL_EW,0.007,-0.057
2180,32Nvl_L2_EW,32NVL_EW,0.007,-0.038
2180,NvcNvl_L1_EW,NVCNVL_EW,0.092,0.087
2180,NvcNvl_L2_EW,NVCNVL_EW,0.102,0.102
2180,32Mt_L1_NS,32MT_NS,0.006,0.006
2180,32Mt_L1_EW,NONE,0.036,0.0
2180,32Mt_L3_EW,NONE,0.035,0.0
2180,32Mt_L1_EW,32MT_EW,0.091,0.091
2180,NvcMt_L2_NS,NONE,0.005,0.0
2180,NvcMt_L1_EW,NVCMT_EW,0.006,-0.058
2180,32Thn_L1_EW,NONE,0.01,0.0
2180,32Thn_L2_EW,NONE,0.01,0.0
2180,32Thn_L3_EW,NONE,0.007,0.0
2180,304Nvl_L3_EW,NONE,0.07,0.0
2180,32Nvl_L2_NS,32NVL_NS,0.033,0.033
2180,32Nvl_L3_EW,NONE,0.006,0.0
2180,NvcNvl_L3_EW,NONE,0.121,0.0
2180,32Mt_L2_EW,NONE,0.03,0.0
2180,32Mt_L2_EW,32MT_EW,0.065,0.065
2180,NvcMt_L1_NS,NONE,0.005,0.0
2180,NvcMt_L2_EW,NVCMT_EW,0.008,-0.063
2185,304Nvl_L1_EW,304NVL_EW,0.085,0.085
2185,304Nvl_L2_EW,304NVL_EW,0.073,0.073
2185,32Nvl_L3_NS,NONE,0.007,0.0
2185,32Nvl_L1_NS,32NVL_NS,0.007,0.007
2185,32Nvl_L1_EW,32NVL_EW,0.007,-0.033
2185,32Nvl_L2_EW,32NVL_EW,0.007,-0.012
2185,32Nvl_L3_NS,NONE,0.042,0.0
2185,32Nvl_L2_NS,32NVL_NS,0.039,0.039
2185,NvcNvl_L1_EW,NVCNVL_EW,0.092,0.087
2185,NvcNvl_L2_EW,NVCNVL_EW,0.102,0.102
2185,32Mt_L1_EW,NONE,0.014,0.0
2185,32Mt_L3_EW,NONE,0.018,0.0
2185,32Mt_L1_EW,32MT_EW,0.049,0.049
2185,32Mt_L1_NS,NONE,0.01,0.0
2185,NvcMt_L2_NS,NONE,0.011,0.0
2185,NvcMt_L1_EW,NVCMT_EW,0.006,-0.058
2185,32Thn_L1_EW,32THN_EW,0.008,0.008
2185,304Nvl_L3_EW,NONE,0.063,0.0
2185,32Nvl_L2_NS,32NVL_NS,0.007,0.007
2185,32Nvl_L3_EW,NONE,0.006,0.0
2185,32Nvl_L1_NS,32NVL_NS,0.04,0.04
2185,NvcNvl_L3_EW,NONE,0.121,0.0
2185,32Mt_L2_EW,NONE,0.015,0.0
2185,32Mt_L2_EW,32MT_EW,0.027,0.027
2185,32Mt_L2_NS,NONE,0.009,0.0
2185,NvcMt_L1_NS,NONE,0.011,0.0
2185,NvcMt_L2_EW,NVCMT_EW,0.008,-0.063
2190,304Nvl_L1_EW,304NVL_EW,0.102,0.102
2190,304Nvl_L2_EW,304NVL_EW,0.087,0.087
2190,304Nvl_L1_NS,NONE,0.007,0.0
2190,32Nvl_L1_NS,32NVL_NS,0.007,0.007
2190,32Nvl_L3_NS,NONE,0.008,0.0
2190,32Nvl_L2_NS,32NVL_NS,0.008,0.008
2190,NvcNvl_L3_NS,NONE,0.007,0.0
2190,NvcNvl_L2_NS,NONE,0.007,0.0
2190,NvcNvl_L1_EW,NVCNVL_EW,0.042,0.033
2190,NvcNvl_L2_EW,NVCNVL_EW,0.047,0.047
2190,32Mt_L1_NS,32MT_NS,0.031,0.031
2190,32Mt_L1_EW,32MT_EW,0.07,0.07
2190,NvcMt_L1_EW,NVCMT_EW,0.013,-0.017
2190,NvcCmt8_L2_NS,NONE,0.011,0.0
2190,32Thn_L1_EW,NONE,0.01,0.0
2190,32Thn_L2_EW,NONE,0.01,0.0
2190,32Thn_L1_EW,32THN_EW,0.008,0.008
2190,NvcCmt8_L1_NS,NONE,0.008,0.0
2190,32Thn_L3_EW,NONE,0.007,0.0
2190,304Nvl_L3_EW,NONE,0.076,0.0
2190,32Nvl_L2_NS,32NVL_NS,0.007,0.007
2190,32Nvl_L1_NS,32NVL_NS,0.007,0.007
2190,NvcNvl_L1_NS,NONE,0.009,0.0
2190,NvcNvl_L3_EW,NONE,0.056,0.0
2190,32Mt_L2_EW,32MT_EW,0.038,0.038
2190,NvcMt_L2_EW,NVCMT_EW,0.016,-0.017
2195,304Nvl_L1_EW,304NVL_EW,0.11,0.11
2195,304Nvl_L2_EW,304NVL_EW,0.094,0.094
2195,304Nvl_L1_NS,NONE,0.015,0.0
2195,32Nvl_L3_NS,NONE,0.007,0.0
2195,32Nvl_L1_NS,32NVL_NS,0.014,0.014
2195,32Nvl_L3_NS,NONE,0.05,0.0
2195,32Nvl_L2_NS,32NVL_NS,0.047,0.047
2195,32Mt_L1_NS,32MT_NS,0.031,0.031
2195,32Mt_L1_EW,NONE,0.014,0.0
2195,32Mt_L1_EW,32MT_EW,0.028,0.028
2195,32Thn_L1_EW,32THN_EW,0.008,0.008
2195,304Nvl_L3_EW,NONE,0.082,0.0
2195,32Nvl_L2_NS,32NVL_NS,0.013,0.013
2195,32Nvl_L1_NS,32NVL_NS,0.04,0.04
2195,32Mt_L2_EW,NONE,0.008,0.0
2195,32Mt_L2_EW,32MT_EW,0.011,0.011
2200,304Nvl_L1_EW,304NVL_EW,0.11,0.11
2200,304Nvl_L2_EW,304NVL_EW,0.094,0.094
2200,304Nvl_L1_NS,NONE,0.007,0.0
2200,32Nvl_L3_NS,NONE,0.007,0.0
2200,32Nvl_L1_NS,32NVL_NS,0.014,0.014
2200,32Nvl_L1_EW,32NVL_EW,0.007,0.002
2200,32Nvl_L2_EW,32NVL_EW,0.008,0.008
2200,32Nvl_L3_NS,NONE,0.092,0.0
2200,32Nvl_L2_NS,32NVL_NS,0.087,0.087
2200,32Mt_L1_EW,NONE,0.007,0.0
2200,32Mt_L1_EW,32MT_EW,0.007,0.002
2200,NvcCmt8_L2_NS,NONE,0.012,0.0
2200,304Nvl_L3_EW,NONE,0.082,0.0
2200,32Nvl_L2_NS,32NVL_NS,0.013,0.013
2200,32Nvl_L3_EW,NONE,0.006,0.0
2200,32Nvl_L1_NS,32NVL_NS,0.074,0.074
2200,NvcCmt8_L1_NS,NONE,0.011,0.0
2205,304Nvl_L1_EW,304NVL_EW,0.102,0.102
2205,304Nvl_L2_EW,304NVL_EW,0.087,0.087
2205,32Nvl_L3_NS,NONE,0.007,0.0
2205,32Nvl_L1_NS,32NVL_NS,0.014,0.014
2205,32Nvl_L3_NS,NONE,0.1,0.0
2205,32Nvl_L2_NS,32NVL_NS,0.095,0.095
2205,NvcMt_L2_NS,NONE,0.005,0.0
2205,NvcCmt8_L2_EW,NVCCMT8_EW,0.026,0.026
2205,304Nvl_L3_EW,NONE,0.076,0.0
2205,32Nvl_L2_NS,32NVL_NS,0.013,0.013
2205,32Nvl_L1_NS,32NVL_NS,0.081,0.081
2205,NvcMt_L1_NS,NONE,0.005,0.0
2205,NvcCmt8_L1_EW,NVCCMT8_EW,0.038,0.038
2210,304Nvl_L1_EW,304NVL_EW,0.008,0.008
2210,304Nvl_L2_EW,304NVL_EW,0.007,0.007
2210,32Nvl_L3_NS,NONE,0.014,0.0
2210,32Nvl_L1_NS,32NVL_NS,0.021,0.021
2210,32Nvl_L1_EW,32NVL_EW,0.007,0.007
2210,32Nvl_L2_EW,32NVL_EW,0.008,0.008
2210,32Nvl_L3_NS,NONE,0.109,0.0
2210,32Nvl_L2_NS,32NVL_NS,0.103,0.103
2210,32Mt_L1_NS,NONE,0.117,0.0
2210,NvcCmt8_L2_EW,NVCCMT8_EW,0.026,0.026
2210,304Nvl_L3_EW,NONE,0.006,0.0
2210,32Nvl_L2_NS,32NVL_NS,0.02,0.02
2210,32Nvl_L3_EW,NONE,0.006,0.0
2210,32Nvl_L1_NS,32NVL_NS,0.087,0.087
2210,32Mt_L2_NS,NONE,0.104,0.0
2210,NvcCmt8_L1_EW,NVCCMT8_EW,0.038,0.038
2215,304Nvl_L1_NS,NONE,0.036,0.0
2215,32Nvl_L3_NS,NONE,0.007,0.0
2215,32Nvl_L1_NS,32NVL_NS,0.021,0.021
2215,32Nvl_L1_EW,32NVL_EW,0.007,0.007
2215,32Nvl_L2_EW,32NVL_EW,0.008,0.008
2215,32Nvl_L1_EW,32NVL_EW,0.007,0.007
2215,32Nvl_L3_NS,NONE,0.109,0.0
2215,32Nvl_L2_NS,32NVL_NS,0.103,0.103
2215,32Mt_L1_NS,NONE,0.234,0.0
2215,NvcMt_L2_NS,NONE,0.005,0.0
2215,NvcCmt8_L2_EW,NVCCMT8_EW,0.026,0.026
2215,32Nvl_L2_NS,32NVL_NS,0.02,0.02
2215,32Nvl_L3_EW,NONE,0.006,0.0
2215,32Nvl_L1_NS,32NVL_NS,0.094,0.094
2215,32Mt_L2_NS,NONE,0.208,0.0
2215,NvcMt_L1_NS,NONE,0.005,0.0
2215,NvcCmt8_L1_EW,NVCCMT8_EW,0.038,0.038
2215,NvcCmt8_L1_EW,NONE,0.029,0.0
2220,304Nvl_L1_NS,NONE,0.044,0.0
2220,32Nvl_L3_NS,NONE,0.02,0.0
2220,32Nvl_L1_NS,32NVL_NS,0.028,0.028
2220,32Nvl_L1_EW,32NVL_EW,0.007,0.007
2220,32Nvl_L3_NS,NONE,0.15,0.0
2220,32Nvl_L2_NS,32NVL_NS,0.142,0.142
2220,32Mt_L1_EW,NONE,0.007,0.0
2220,32Mt_L3_EW,NONE,0.009,0.0
2220,32Mt_L1_NS,NONE,0.117,0.0
2220,NvcCmt8_L2_NS,NONE,0.011,0.0
2220,NvcCmt8_L1_NS,NONE,0.008,0.0
2220,32Nvl_L2_NS,32NVL_NS,0.027,0.027
2220,32Nvl_L1_NS,32NVL_NS,0.128,0.128
2220,32Mt_L2_EW,NONE,0.008,0.0
2220,32Mt_L2_NS,NONE,0.104,0.0
2220,NvcCmt8_L1_EW,NONE,0.029,0.0
2225,32Nvl_L3_NS,NONE,0.02,0.0
2225,32Nvl_L1_NS,32NVL_NS,0.042,0.042
2225,32Nvl_L3_NS,NONE,0.159,0.0
2225,32Nvl_L2_NS,32NVL_NS,0.15,0.15
2225,NvcNvl_L1_EW,NONE,0.128,0.0
2225,NvcNvl_L2_EW,NONE,0.092,0.0
2225,32Mt_L1_EW,NONE,0.094,0.0
2225,32Mt_L3_EW,NONE,0.009,0.0
2225,32Mt_L1_EW,32MT_EW,0.007,0.007
2225,32Nvl_L2_NS,32NVL_NS,0.033,0.033
2225,32Nvl_L1_NS,32NVL_NS,0.134,0.134
2225,NvcNvl_L3_EW,NONE,0.076,0.0
2225,32Mt_L2_EW,NONE,0.008,0.0
2225,32Mt_L2_EW,32MT_EW,0.005,0.005
2230,32Nvl_L3_NS,NONE,0.02,0.0
2230,32Nvl_L1_NS,32NVL_NS,0.042,0.042
2230,32Nvl_L1_EW,32NVL_EW,0.007,-0.056
2230,32Nvl_L2_EW,32NVL_EW,0.008,0.004
2230,32Nvl_L3_NS,NONE,0.159,0.0
2230,32Nvl_L2_NS,32NVL_NS,0.15,0.15
2230,NvcNvl_L1_EW,NONE,0.139,0.0
2230,NvcNvl_L2_EW,NONE,0.099,0.0
2230,32Mt_L1_EW,NONE,0.086,0.0
2230,32Mt_L1_EW,32MT_EW,0.091,0.086
2230,32Nvl_L2_NS,32NVL_NS,0.033,0.033
2230,32Nvl_L3_EW,NONE,0.006,0.0
2230,32Nvl_L1_NS,32NVL_NS,0.128,0.128
2230,NvcNvl_L3_EW,NONE,0.082,0.0
2230,32Mt_L2_EW,32MT_EW,0.005,0.0
2235,304Nvl_L1_NS,304NVL_NS,0.109,0.089
2235,304Nvl_L3_NS,NONE,0.089,0.0
2235,32Nvl_L3_NS,NONE,0.02,0.0
2235,32Nvl_L1_NS,32NVL_NS,0.028,-0.048
2235,32Nvl_L3_NS,NONE,0.159,0.0
2235,32Nvl_L2_NS,32NVL_NS,0.15,0.086
2235,32Mt_L1_NS,32MT_NS,0.006,0.006
2235,32Mt_L1_EW,NONE,0.014,0.0
2235,32Mt_L3_EW,NONE,0.009,0.0
2235,32Mt_L1_EW,32MT_EW,0.084,0.084
2235,304Nvl_L2_NS,304NVL_NS,0.091,-0.014
2235,32Nvl_L2_NS,32NVL_NS,0.027,-0.037
2235,32Nvl_L1_NS,32NVL_NS,0.128,0.051
2235,32Mt_L2_EW,NONE,0.008,0.0
2235,32Mt_L2_EW,32MT_EW,0.065,0.065
2240,304Nvl_L1_NS,304NVL_NS,0.109,0.094
2240,304Nvl_L3_NS,NONE,0.089,0.0
2240,304Nvl_L1_EW,NONE,0.008,0.0
2240,304Nvl_L2_EW,NONE,0.009,0.0
2240,32Nvl_L3_NS,NONE,0.014,0.0
2240,32Nvl_L1_NS,32NVL_NS,0.021,-0.055
2240,32Nvl_L3_NS,NONE,0.159,0.0
2240,32Nvl_L2_NS,32NVL_NS,0.15,0.086
2240,NvcNvl_L1_EW,NVCNVL_EW,0.084,0.084
2240,32Mt_L1_NS,32MT_NS,0.006,0.006
2240,32Mt_L1_EW,NONE,0.007,0.0
2240,32Mt_L3_EW,NONE,0.009,0.0
2240,304Nvl_L2_NS,304NVL_NS,0.091,-0.014
2240,304Nvl_L3_EW,NONE,0.008,0.0
2240,32Nvl_L2_NS,32NVL_NS,0.02,-0.044
2240,32Nvl_L1_NS,32NVL_NS,0.134,0.058
2240,32Mt_L2_EW,NONE,0.008,0.0
2245,304Nvl_L1_NS,304NVL_NS,0.109,0.099
2245,304Nvl_L3_NS,NONE,0.089,0.0
2245,32Nvl_L3_NS,NONE,0.007,0.0
2245,32Nvl_L1_NS,32NVL_NS,0.014,-0.062
2245,32Nvl_L3_NS,NONE,0.125,0.0
2245,32Nvl_L2_NS,32NVL_NS,0.118,0.055
2245,NvcNvl_L1_EW,NONE,0.011,0.0
2245,NvcNvl_L2_EW,NONE,0.008,0.0
2245,32Mt_L1_NS,32MT_NS,0.006,0.006
2245,32Mt_L1_EW,NONE,0.043,0.0
2245,32Mt_L3_EW,NONE,0.044,0.0
2245,32Mt_L1_EW,32MT_EW,0.007,0.007
2245,32Thn_L1_EW,32THN_EW,0.008,0.008
2245,32Thn_L2_EW,32THN_EW,0.008,0.008
2245,32Thn_L3_EW,NONE,0.008,0.0
2245,304Nvl_L2_NS,304NVL_NS,0.091,0.008
2245,32Nvl_L2_NS,32NVL_NS,0.013,-0.05
2245,32Nvl_L1_NS,32NVL_NS,0.107,0.031
2245,32Mt_L2_EW,NONE,0.045,0.0
2245,32Mt_L2_EW,32MT_EW,0.005,0.005
2250,304Nvl_L1_NS,304NVL_NS,0.109,0.075
2250,32Nvl_L3_NS,NONE,0.041,0.0
2250,32Nvl_L1_NS,32NVL_NS,0.048,-0.028
2250,32Nvl_L3_NS,NONE,0.025,0.0
2250,32Nvl_L2_NS,32NVL_NS,0.024,-0.04
2250,NvcNvl_L1_EW,NVCNVL_EW,0.007,0.007
2250,NvcNvl_L2_EW,NVCNVL_EW,0.008,0.008
2250,32Mt_L1_EW,NONE,0.036,0.0
2250,32Mt_L3_EW,NONE,0.044,0.0
2250,32Thn_L1_EW,32THN_EW,0.008,0.008
2250,32Thn_L2_EW,32THN_EW,0.008,0.008
2250,32Thn_L3_EW,NONE,0.008,0.0
2250,304Nvl_L2_NS,304NVL_NS,0.091,0.074
2250,32Nvl_L2_NS,32NVL_NS,0.04,-0.024
2250,32Nvl_L1_NS,32NVL_NS,0.02,-0.056
2250,NvcNvl_L3_EW,NONE,0.009,0.0
2250,32Mt_L2_EW,NONE,0.038,0.0
2255,304Nvl_L1_EW,304NVL_EW,0.025,0.025
2255,304Nvl_L2_EW,304NVL_EW,0.015,0.015
2255,32Nvl_L3_NS,NONE,0.048,0.0
2255,32Nvl_L1_NS,32NVL_NS,0.048,0.048
2255,32Nvl_L1_EW,32NVL_EW,0.007,-0.028
2255,NvcNvl_L3_NS,NONE,0.041,0.0
2255,NvcNvl_L2_NS,NONE,0.04,0.0
2255,32Mt_L1_EW,32MT_EW,0.042,0.042
2255,NvcMt_L1_EW,NVCMT_EW,0.006,0.006
2255,32Thn_L1_EW,32THN_EW,0.008,0.008
2255,32Thn_L2_EW,32THN_EW,0.008,0.008
2255,NvcCmt8_L1_NS,NONE,0.008,0.0
2255,32Thn_L3_EW,NONE,0.008,0.0
2255,304Nvl_L3_EW,NONE,0.013,0.0
2255,32Nvl_L2_NS,32NVL_NS,0.047,0.047
2255,32Nvl_L1_NS,32NVL_NS,0.007,0.007
2255,NvcNvl_L1_NS,NONE,0.061,0.0
2255,32Mt_L2_EW,32MT_EW,0.027,0.027
2255,NvcMt_L2_EW,NVCMT_EW,0.008,0.008
2260,304Nvl_L1_EW,304NVL_EW,0.11,0.11
2260,304Nvl_L1_NS,NONE,0.007,0.0
2260,304Nvl_L3_NS,NONE,0.008,0.0
2260,32Nvl_L1_NS,32NVL_NS,0.021,0.021
2260,32Nvl_L3_NS,NONE,0.008,0.0
2260,32Nvl_L2_NS,32NVL_NS,0.008,0.008
2260,NvcNvl_L3_NS,NONE,0.027,0.0
2260,NvcNvl_L2_NS,NONE,0.026,0.0
2260,32Mt_L1_EW,32MT_EW,0.098,0.098
2260,NvcMt_L1_EW,NVCMT_EW,0.006,0.006
2260,32Thn_L1_EW,NONE,0.01,0.0
2260,304Nvl_L2_NS,NONE,0.007,0.0
2260,32Nvl_L2_NS,32NVL_NS,0.007,0.007
2260,32Nvl_L1_NS,32NVL_NS,0.013,0.013
2260,NvcNvl_L1_NS,NONE,0.035,0.0
2260,32Mt_L2_EW,32MT_EW,0.049,0.049
2260,NvcMt_L2_EW,NVCMT_EW,0.008,0.008
2265,304Nvl_L1_NS,304NVL_NS,0.018,0.008
2265,304Nvl_L3_NS,NONE,0.007,0.0
2265,304Nvl_L1_EW,304NVL_EW,0.102,0.102
2265,304Nvl_L1_NS,NONE,0.007,0.0
2265,32Nvl_L1_NS,32NVL_NS,0.014,0.001
2265,NvcNvl_L3_NS,NONE,0.02,0.0
2265,NvcNvl_L2_NS,NONE,0.02,0.0
2265,NvcNvl_L1_EW,NONE,0.021,0.0
2265,NvcNvl_L2_EW,NONE,0.015,0.0
2265,NvcNvl_L1_EW,NVCNVL_EW,0.035,0.031
2265,32Mt_L1_NS,32MT_NS,0.031,0.031
2265,32Mt_L1_EW,32MT_EW,0.105,0.105
2265,NvcMt_L1_EW,NVCMT_EW,0.006,-0.018
2265,32Thn_L1_EW,NONE,0.01,0.0
2265,304Nvl_L2_NS,304NVL_NS,0.015,0.015
2265,32Nvl_L1_NS,32NVL_NS,0.007,-0.006
2265,NvcNvl_L1_NS,NONE,0.026,0.0
2265,NvcNvl_L3_EW,NONE,0.006,0.0
2265,32Mt_L2_NS,32MT_NS,0.032,0.032
2265,32Mt_L2_EW,32MT_EW,0.082,0.082
2265,NvcMt_L2_EW,NVCMT_EW,0.008,0.008
2270,304Nvl_L1_NS,304NVL_NS,0.027,0.022
2270,304Nvl_L3_NS,NONE,0.015,0.0
2270,304Nvl_L1_EW,304NVL_EW,0.008,0.008
2270,304Nvl_L2_EW,304NVL_EW,0.007,0.007
2270,32Nvl_L1_NS,32NVL_NS,0.007,-0.017
2270,NvcNvl_L3_NS,NONE,0.007,0.0
2270,NvcNvl_L2_NS,NONE,0.007,0.0
2270,NvcNvl_L1_EW,NVCNVL_EW,0.042,0.042
2270,NvcNvl_L1_NS,NVCNVL_NS,0.007,0.002
2270,32Mt_L1_EW,32MT_EW,0.098,0.098
2270,304Nvl_L2_NS,304NVL_NS,0.015,0.015
2270,304Nvl_L3_EW,NONE,0.006,0.0
2270,32Nvl_L1_NS,32NVL_NS,0.04,0.017
2270,NvcNvl_L1_NS,NONE,0.009,0.0
2270,32Mt_L2_EW,32MT_EW,0.076,0.076
2275,304Nvl_L1_NS,304NVL_NS,0.027,0.022
2275,304Nvl_L3_NS,NONE,0.015,0.0
2275,32Nvl_L1_NS,32NVL_NS,0.007,-0.021
2275,32Nvl_L1_EW,32NVL_EW,0.007,-0.008
2275,32Nvl_L2_EW,32NVL_EW,0.008,-0.004
2275,NvcNvl_L1_EW,NONE,0.011,0.0
2275,NvcNvl_L2_EW,NONE,0.008,0.0
2275,NvcNvl_L1_EW,NVCNVL_EW,0.014,0.014
2275,NvcNvl_L1_NS,NVCNVL_NS,0.013,0.008
2275,32Mt_L1_EW,NONE,0.007,0.0
2275,32Mt_L3_EW,NONE,0.009,0.0
2275,32Mt_L1_EW,32MT_EW,0.021,0.016
2275,32Mt_L1_NS,NONE,0.01,0.0
2275,NvcCmt8_L2_EW,NVCCMT8_EW,0.005,0.005
2275,304Nvl_L2_NS,304NVL_NS,0.015,0.015
2275,32Nvl_L3_EW,NONE,0.006,0.0
2275,NvcNvl_L3_EW,NONE,0.006,0.0
2275,32Mt_L2_EW,NONE,0.008,0.0
2275,32Mt_L2_EW,32MT_EW,0.016,0.011
2275,32Mt_L2_NS,NONE,0.009,0.0
2275,NvcCmt8_L1_EW,NVCCMT8_EW,0.008,0.008
2280,304Nvl_L1_NS,304NVL_NS,0.027,0.027
2280,304Nvl_L3_NS,NONE,0.015,0.0
2280,304Nvl_L1_EW,304NVL_EW,0.042,0.042
2280,304Nvl_L2_EW,304NVL_EW,0.036,0.036
2280,304Nvl_L1_NS,NONE,0.007,0.0
2280,32Nvl_L1_EW,32NVL_EW,0.007,0.002
2280,32Nvl_L2_EW,32NVL_EW,0.008,0.004
2280,NvcNvl_L1_EW,NONE,0.021,0.0
2280,NvcNvl_L2_EW,NONE,0.015,0.0
2280,NvcNvl_L1_EW,NVCNVL_EW,0.007,0.007
2280,NvcNvl_L1_NS,NVCNVL_NS,0.007,0.007
2280,32Mt_L1_EW,NONE,0.007,0.0
2280,32Mt_L1_EW,32MT_EW,0.007,0.002
2280,NvcCmt8_L2_EW,NVCCMT8_EW,0.005,0.005
2280,32Thn_L1_EW,NONE,0.01,0.0
2280,32Thn_L2_EW,NONE,0.01,0.0
2280,32Thn_L3_EW,NONE,0.007,0.0
2280,304Nvl_L2_NS,304NVL_NS,0.015,0.015
2280,304Nvl_L3_EW,NONE,0.032,0.0
2280,32Nvl_L3_EW,NONE,0.006,0.0
2280,NvcNvl_L3_EW,NONE,0.006,0.0
2280,32Mt_L2_EW,32MT_EW,0.005,0.0
2280,NvcCmt8_L1_EW,NVCCMT8_EW,0.008,0.008
2285,304Nvl_L1_NS,304NVL_NS,0.018,0.008
2285,304Nvl_L3_NS,NONE,0.015,0.0
2285,304Nvl_L1_EW,304NVL_EW,0.017,0.017
2285,304Nvl_L2_EW,304NVL_EW,0.015,0.015
2285,32Nvl_L3_NS,NONE,0.014,0.0
2285,32Nvl_L1_NS,32NVL_NS,0.014,0.001
2285,32Nvl_L1_EW,32NVL_EW,0.007,0.001
2285,32Nvl_L2_EW,32NVL_EW,0.008,0.008
2285,32Mt_L1_NS,NONE,0.01,0.0
2285,NvcCmt8_L2_EW,NVCCMT8_EW,0.005,0.005
2285,32Thn_L1_EW,32THN_EW,0.008,0.003
2285,304Nvl_L2_NS,304NVL_NS,0.015,0.015
2285,304Nvl_L3_EW,NONE,0.013,0.0
2285,32Nvl_L2_NS,32NVL_NS,0.013,0.003
2285,32Nvl_L3_EW,NONE,0.006,0.0
2285,NvcCmt8_L1_EW,NVCCMT8_EW,0.008,0.008
2290,304Nvl_L1_NS,304NVL_NS,0.018,0.018
2290,304Nvl_L3_NS,NONE,0.015,0.0
2290,304Nvl_L1_NS,NONE,0.051,0.0
2290,304Nvl_L3_NS,NONE,0.016,0.0
2290,32Nvl_L1_EW,32NVL_EW,0.014,0.009
2290,32Nvl_L2_EW,32NVL_EW,0.015,0.015
2290,NvcNvl_L1_EW,NVCNVL_EW,0.007,0.007
2290,32Mt_L1_NS,32MT_NS,0.031,0.031
2290,32Mt_L1_EW,NONE,0.014,0.0
2290,32Mt_L3_EW,NONE,0.009,0.0
2290,32Mt_L1_NS,NONE,0.02,0.0
2290,32Thn_L1_EW,32THN_EW,0.008,-0.002
2290,304Nvl_L2_NS,304NVL_NS,0.015,0.015
2290,304Nvl_L2_NS,NONE,0.015,0.0
2290,32Nvl_L3_EW,NONE,0.013,0.0
2290,32Mt_L2_EW,NONE,0.008,0.0
2290,NvcCmt8_L1_EW,NONE,0.006,0.0
2295,304Nvl_L1_NS,304NVL_NS,0.018,0.018
2295,304Nvl_L3_NS,NONE,0.015,0.0
2295,304Nvl_L1_NS,NONE,0.022,0.0
2295,304Nvl_L3_NS,NONE,0.008,0.0
2295,32Nvl_L1_EW,32NVL_EW,0.007,0.007
2295,32Nvl_L2_EW,32NVL_EW,0.008,0.008
2295,32Nvl_L3_NS,NONE,0.008,0.0
2295,32Nvl_L2_NS,32NVL_NS,0.008,-0.003
2295,NvcNvl_L3_NS,NONE,0.007,0.0
2295,NvcNvl_L2_NS,NONE,0.007,0.0
2295,32Mt_L1_NS,32MT_NS,0.038,0.038
2295,32Mt_L1_EW,NONE,0.058,0.0
2295,32Mt_L3_EW,NONE,0.018,0.0
2295,304Nvl_L2_NS,304NVL_NS,0.015,0.01
2295,304Nvl_L2_NS,NONE,0.007,0.0
2295,32Nvl_L3_EW,NONE,0.006,0.0
2295,32Nvl_L1_NS,32NVL_NS,0.013,0.001
2295,NvcNvl_L1_NS,NONE,0.009,0.0
2295,32Mt_L2_EW,NONE,0.015,0.0
2300,304Nvl_L1_NS,304NVL_NS,0.018,0.018
2300,304Nvl_L3_NS,NONE,0.015,0.0
2300,304Nvl_L1_EW,304NVL_EW,0.017,0.017
2300,304Nvl_L1_NS,NONE,0.007,0.0
2300,304Nvl_L3_NS,NONE,0.008,0.0
2300,32Nvl_L1_EW,32NVL_EW,0.014,0.004
2300,32Nvl_L2_EW,32NVL_EW,0.015,0.006
2300,32Nvl_L3_NS,NONE,0.008,0.0
2300,32Nvl_L2_NS,32NVL_NS,0.008,-0.003
2300,NvcNvl_L3_NS,NONE,0.007,0.0
2300,NvcNvl_L2_NS,NONE,0.007,0.0
2300,32Mt_L1_NS,32MT_NS,0.038,0.038
2300,32Mt_L1_EW,NONE,0.036,0.0
2300,32Mt_L1_EW,32MT_EW,0.007,-0.003
2300,32Thn_L1_EW,32THN_EW,0.008,-0.002
2300,32Thn_L2_EW,32THN_EW,0.008,-0.002
2300,32Thn_L3_EW,NONE,0.008,0.0
2300,304Nvl_L2_NS,304NVL_NS,0.015,0.01
2300,304Nvl_L2_NS,NONE,0.007,0.0
2300,32Nvl_L3_EW,NONE,0.013,0.0
2300,32Nvl_L1_NS,32NVL_NS,0.013,0.001
2300,NvcNvl_L1_NS,NONE,0.009,0.0
2300,32Mt_L2_EW,32MT_EW,0.005,-0.005
2305,304Nvl_L1_NS,304NVL_NS,0.018,0.013
2305,304Nvl_L3_NS,NONE,0.015,0.0
2305,304Nvl_L1_EW,304NVL_EW,0.008,0.008
2305,32Nvl_L1_NS,32NVL_NS,0.007,-0.006
2305,32Nvl_L1_EW,32NVL_EW,0.014,0.009
2305,32Nvl_L2_EW,32NVL_EW,0.015,0.012
2305,NvcNvl_L1_EW,NONE,0.011,0.0
2305,NvcNvl_L2_EW,NONE,0.008,0.0
2305,NvcNvl_L1_EW,NVCNVL_EW,0.007,0.007
2305,NvcNvl_L2_EW,NVCNVL_EW,0.008,0.008
2305,32Mt_L1_EW,32MT_EW,0.007,-0.003
2305,32Mt_L1_NS,NONE,0.01,0.0
2305,32Thn_L1_EW,NONE,0.01,0.0
2305,304Nvl_L2_NS,304NVL_NS,0.015,0.015
2305,32Nvl_L2_NS,32NVL_NS,0.007,-0.004
2305,32Nvl_L3_EW,NONE,0.013,0.0
2305,32Nvl_L1_NS,32NVL_NS,0.007,-0.006
2305,NvcNvl_L3_EW,NONE,0.006,0.0
2305,NvcNvl_L3_EW,NONE,0.009,0.0
2305,32Mt_L2_EW,32MT_EW,0.005,-0.005
2310,304Nvl_L1_NS,304NVL_NS,0.018,0.018
2310,304Nvl_L3_NS,NONE,0.015,0.0
2310,304Nvl_L1_EW,304NVL_EW,0.008,0.008
2310,32Nvl_L1_EW,32NVL_EW,0.014,0.014
2310,32Nvl_L2_EW,32NVL_EW,0.015,0.015
2310,32Nvl_L3_NS,NONE,0.042,0.0
2310,32Nvl_L2_NS,32NVL_NS,0.039,0.029
2310,32Mt_L1_EW,NONE,0.007,0.0
2310,32Mt_L3_EW,NONE,0.009,0.0
2310,304Nvl_L2_NS,304NVL_NS,0.015,-0.012
2310,32Nvl_L3_EW,NONE,0.013,0.0
2310,32Nvl_L1_NS,32NVL_NS,0.034,0.021
2310,32Mt_L2_EW,NONE,0.008,0.0
2315,304Nvl_L1_NS,304NVL_NS,0.018,-0.006
2315,304Nvl_L3_NS,NONE,0.015,0.0
2315,32Nvl_L3_NS,NONE,0.034,0.0
2315,32Nvl_L1_NS,32NVL_NS,0.035,0.022
2315,32Nvl_L1_EW,32NVL_EW,0.007,0.007
2315,32Nvl_L2_EW,32NVL_EW,0.008,0.008
2315,32Mt_L1_NS,NONE,0.01,0.0
2315,32Thn_L1_EW,NONE,0.01,0.0
2315,32Thn_L2_EW,NONE,0.01,0.0
2315,32Thn_L3_EW,NONE,0.007,0.0
2315,304Nvl_L2_NS,304NVL_NS,0.015,0.015
2315,32Nvl_L2_NS,32NVL_NS,0.033,0.023
2315,32Nvl_L3_EW,NONE,0.006,0.0
2315,32Nvl_L1_NS,32NVL_NS,0.007,-0.006
2315,32Mt_L2_NS,NONE,0.009,0.0
2320,304Nvl_L1_NS,304NVL_NS,0.018,0.008
2320,304Nvl_L3_NS,NONE,0.015,0.0
2320,32Nvl_L3_NS,NONE,0.014,0.0
2320,32Nvl_L1_NS,32NVL_NS,0.014,0.001
2320,32Nvl_L1_EW,32NVL_EW,0.007,0.001
2320,32Nvl_L2_EW,32NVL_EW,0.008,0.008
2320,NvcNvl_L3_NS,NONE,0.007,0.0
2320,NvcNvl_L2_NS,NONE,0.007,0.0
2320,32Mt_L1_NS,32MT_NS,0.006,0.006
2320,32Thn_L1_EW,32THN_EW,0.008,0.003
2320,304Nvl_L2_NS,304NVL_NS,0.015,0.015
2320,32Nvl_L2_NS,32NVL_NS,0.013,0.003
2320,32Nvl_L3_EW,NONE,0.006,0.0
2320,32Nvl_L1_NS,32NVL_NS,0.04,0.028
2320,NvcNvl_L1_NS,NONE,0.009,0.0
2325,304Nvl_L1_NS,304NVL_NS,0.018,0.018
2325,304Nvl_L3_NS,NONE,0.015,0.0
2325,304Nvl_L1_EW,304NVL_EW,0.059,0.059
2325,304Nvl_L2_EW,304NVL_EW,0.051,0.051
2325,32Nvl_L1_EW,32NVL_EW,0.007,0.002
2325,32Nvl_L2_EW,32NVL_EW,0.008,0.004
2325,32Nvl_L1_EW,32NVL_EW,0.007,0.002
2325,32Nvl_L2_EW,32NVL_EW,0.007,0.004
2325,NvcNvl_L3_NS,NONE,0.007,0.0
2325,NvcNvl_L2_NS,NONE,0.007,0.0
2325,NvcNvl_L1_EW,NVCNVL_EW,0.007,0.007
2325,NvcNvl_L2_EW,NVCNVL_EW,0.008,0.008
2325,32Mt_L1_NS,32MT_NS,0.031,0.031
2325,32Mt_L1_EW,32MT_EW,0.007,0.002
2325,32Mt_L1_NS,NONE,0.01,0.0
2325,304Nvl_L2_NS,304NVL_NS,0.015,0.015
2325,304Nvl_L3_EW,NONE,0.044,0.0
2325,32Nvl_L3_EW,NONE,0.006,0.0
2325,32Nvl_L3_EW,NONE,0.006,0.0
2325,32Nvl_L1_NS,32NVL_NS,0.034,0.021
2325,NvcNvl_L1_NS,NONE,0.009,0.0
2325,NvcNvl_L3_EW,NONE,0.009,0.0
2325,32Mt_L2_NS,32MT_NS,0.032,0.032
2325,32Mt_L2_EW,32MT_EW,0.005,0.0
2325,32Mt_L2_NS,NONE,0.009,0.0
2330,304Nvl_L1_NS,304NVL_NS,0.018,0.018
2330,304Nvl_L3_NS,NONE,0.015,0.0
2330,304Nvl_L1_EW,304NVL_EW,0.025,0.025
2330,304Nvl_L2_EW,304NVL_EW,0.022,0.022
2330,32Nvl_L1_EW,32NVL_EW,0.007,0.002
2330,32Nvl_L2_EW,32NVL_EW,0.008,0.004
2330,32Nvl_L1_EW,32NVL_EW,0.007,0.002
2330,32Nvl_L2_EW,32NVL_EW,0.007,0.004
2330,32Nvl_L3_NS,NONE,0.008,0.0
2330,32Nvl_L2_NS,32NVL_NS,0.008,-0.003
2330,32Mt_L1_NS,32MT_NS,0.038,0.038
2330,32Mt_L1_EW,32MT_EW,0.007,0.002
2330,32Mt_L1_NS,NONE,0.01,0.0
2330,304Nvl_L2_NS,304NVL_NS,0.015,0.01
2330,304Nvl_L3_EW,NONE,0.019,0.0
2330,32Nvl_L3_EW,NONE,0.006,0.0
2330,32Nvl_L3_EW,NONE,0.006,0.0
2330,32Nvl_L1_NS,32NVL_NS,0.007,-0.006
2330,32Mt_L2_NS,32MT_NS,0.032,0.032
2330,32Mt_L2_EW,32MT_EW,0.005,0.0
2330,32Mt_L2_NS,NONE,0.009,0.0
2335,304Nvl_L1_NS,304NVL_NS,0.018,0.018
2335,304Nvl_L3_NS,NONE,0.015,0.0
2335,304Nvl_L1_EW,NONE,0.008,0.0
2335,304Nvl_L1_NS,NONE,0.036,0.0
2335,32Nvl_L1_EW,32NVL_EW,0.007,-0.017
2335,32Nvl_L2_EW,32NVL_EW,0.008,-0.011
2335,32Nvl_L1_EW,32NVL_EW,0.007,-0.018
2335,32Nvl_L2_EW,32NVL_EW,0.007,-0.012
2335,32Nvl_L3_NS,NONE,0.008,0.0
2335,32Nvl_L2_NS,32NVL_NS,0.008,-0.003
2335,32Mt_L1_NS,32MT_NS,0.038,0.038
2335,32Mt_L1_EW,NONE,0.036,0.0
2335,32Mt_L3_EW,NONE,0.044,0.0
2335,32Mt_L1_EW,32MT_EW,0.035,0.03
2335,NvcCmt8_L2_EW,NONE,0.007,0.0
2335,NvcCmt8_L2_NS,NONE,0.011,0.0
2335,NvcCmt8_L1_NS,NONE,0.008,0.0
2335,304Nvl_L2_NS,304NVL_NS,0.015,0.01
2335,32Nvl_L3_EW,NONE,0.006,0.0
2335,32Nvl_L3_EW,NONE,0.006,0.0
2335,32Nvl_L1_NS,32NVL_NS,0.007,-0.006
2335,32Mt_L2_NS,32MT_NS,0.032,0.032
2335,32Mt_L2_EW,NONE,0.038,0.0
2335,32Mt_L2_EW,32MT_EW,0.027,0.022
2335,NvcCmt8_L1_EW,NONE,0.006,0.0
2340,304Nvl_L1_NS,304NVL_NS,0.018,0.018
2340,304Nvl_L3_NS,NONE,0.015,0.0
2340,304Nvl_L1_EW,304NVL_EW,0.008,0.008
2340,304Nvl_L2_EW,304NVL_EW,0.007,0.007
2340,304Nvl_L1_NS,NONE,0.058,0.0
2340,32Nvl_L1_EW,32NVL_EW,0.007,0.002
2340,32Nvl_L2_EW,32NVL_EW,0.008,0.004
2340,32Nvl_L1_EW,32NVL_EW,0.007,0.002
2340,32Nvl_L2_EW,32NVL_EW,0.007,0.004
2340,32Mt_L1_NS,32MT_NS,0.038,0.038
2340,32Mt_L1_EW,NONE,0.043,0.0
2340,32Mt_L3_EW,NONE,0.044,0.0
2340,32Mt_L1_EW,32MT_EW,0.007,0.002
2340,304Nvl_L2_NS,304NVL_NS,0.015,0.015
2340,304Nvl_L3_EW,NONE,0.006,0.0
2340,32Nvl_L3_EW,NONE,0.006,0.0
2340,32Nvl_L3_EW,NONE,0.006,0.0
2340,32Mt_L2_NS,32MT_NS,0.032,0.032
2340,32Mt_L2_EW,NONE,0.038,0.0
2340,32Mt_L2_EW,32MT_EW,0.005,0.0
2345,304Nvl_L1_NS,304NVL_NS,0.027,0.027
2345,304Nvl_L3_NS,NONE,0.022,0.0
2345,304Nvl_L1_NS,NONE,0.015,0.0
2345,32Nvl_L1_EW,32NVL_EW,0.007,0.002
2345,32Nvl_L2_EW,32NVL_EW,0.008,0.008
2345,32Nvl_L1_EW,32NVL_EW,0.007,0.002
2345,32Nvl_L2_EW,32NVL_EW,0.007,0.007
2345,32Mt_L1_NS,32MT_NS,0.031,0.031
2345,32Mt_L1_EW,32MT_EW,0.007,0.002
2345,304Nvl_L2_NS,304NVL_NS,0.023,0.023
2345,32Nvl_L3_EW,NONE,0.006,0.0
2345,32Nvl_L3_EW,NONE,0.006,0.0
2345,NvcCmt8_L1_NS,NONE,0.011,0.0
2350,304Nvl_L1_NS,304NVL_NS,0.027,0.027
2350,304Nvl_L3_NS,NONE,0.022,0.0
2350,304Nvl_L1_EW,304NVL_EW,0.051,0.051
2350,304Nvl_L2_EW,304NVL_EW,0.044,0.044
2350,32Nvl_L3_NS,NONE,0.05,0.0
2350,32Nvl_L2_NS,32NVL_NS,0.047,0.031
2350,NvcNvl_L3_NS,NONE,0.007,0.0
2350,NvcNvl_L2_NS,NONE,0.007,0.0
2350,NvcNvl_L1_EW,NVCNVL_EW,0.007,0.007
2350,NvcNvl_L2_EW,NVCNVL_EW,0.008,0.008
2350,32Mt_L1_NS,32MT_NS,0.031,0.031
2350,32Mt_L1_EW,NONE,0.043,0.0
2350,32Mt_L3_EW,NONE,0.053,0.0
2350,32Mt_L1_EW,32MT_EW,0.035,0.035
2350,32Mt_L1_NS,NONE,0.01,0.0
2350,304Nvl_L2_NS,304NVL_NS,0.023,-0.01
2350,304Nvl_L3_EW,NONE,0.038,0.0
2350,32Nvl_L1_NS,32NVL_NS,0.047,0.028
2350,NvcNvl_L1_NS,NONE,0.009,0.0
2350,NvcNvl_L3_EW,NONE,0.009,0.0
2350,32Mt_L2_EW,NONE,0.045,0.0
2350,32Mt_L2_NS,NONE,0.009,0.0
2355,304Nvl_L1_NS,304NVL_NS,0.027,0.027
2355,304Nvl_L3_NS,NONE,0.022,0.0
2355,304Nvl_L1_EW,304NVL_EW,0.008,0.008
2355,32Nvl_L3_NS,NONE,0.058,0.0
2355,32Nvl_L2_NS,32NVL_NS,0.055,0.039
2355,32Mt_L1_EW,NONE,0.043,0.0
2355,32Mt_L1_EW,32MT_EW,0.035,0.035
2355,NvcMt_L2_EW,NVCMT_EW,0.013,0.013
2355,304Nvl_L2_NS,304NVL_NS,0.023,-0.016
2355,32Nvl_L1_NS,32NVL_NS,0.054,0.035
2355,32Mt_L2_EW,NONE,0.008,0.0
2355,32Mt_L2_EW,32MT_EW,0.027,0.027
2355,NvcMt_L1_EW,NVCMT_EW,0.028,0.028
2360,304Nvl_L1_EW,304NVL_EW,0.042,0.042
2360,304Nvl_L1_NS,NONE,0.007,0.0
2360,32Nvl_L1_EW,32NVL_EW,0.007,0.007
2360,32Nvl_L2_EW,32NVL_EW,0.008,0.008
2360,32Nvl_L1_EW,32NVL_EW,0.007,0.007
2360,32Nvl_L2_EW,32NVL_EW,0.007,0.007
2360,32Nvl_L3_NS,NONE,0.058,0.0
2360,32Nvl_L2_NS,32NVL_NS,0.055,0.055
2360,32Mt_L1_NS,32MT_NS,0.031,0.031
2360,32Mt_L1_EW,NONE,0.007,0.0
2360,NvcMt_L2_EW,NVCMT_EW,0.027,0.019
2360,NvcCmt8_L2_EW,NVCCMT8_EW,0.011,-0.008
2360,32Nvl_L3_EW,NONE,0.006,0.0
2360,32Nvl_L1_NS,32NVL_NS,0.054,0.054
2360,NvcMt_L1_EW,NVCMT_EW,0.056,0.045
2360,NvcCmt8_L1_EW,NVCCMT8_EW,0.015,0.015
2365,304Nvl_L1_EW,304NVL_EW,0.051,0.051
2365,32Nvl_L1_EW,32NVL_EW,0.007,0.002
2365,32Nvl_L2_EW,32NVL_EW,0.008,0.008
2365,32Nvl_L1_EW,32NVL_EW,0.007,0.002
2365,32Nvl_L2_EW,32NVL_EW,0.007,0.007
2365,NvcNvl_L1_EW,NVCNVL_EW,0.014,0.014
2365,NvcNvl_L2_EW,NVCNVL_EW,0.008,-0.011
2365,32Mt_L1_EW,NONE,0.007,0.0
2365,32Mt_L3_EW,NONE,0.009,0.0
2365,32Mt_L1_EW,32MT_EW,0.007,0.002
2365,NvcMt_L2_EW,NVCMT_EW,0.027,0.014
2365,NvcCmt8_L2_EW,NVCCMT8_EW,0.011,-0.008
2365,32Nvl_L3_EW,NONE,0.006,0.0
2365,32Nvl_L3_EW,NONE,0.006,0.0
2365,NvcNvl_L3_EW,NONE,0.009,0.0
2365,32Mt_L2_EW,NONE,0.008,0.0
2365,NvcMt_L1_EW,NVCMT_EW,0.056,0.035
2365,NvcCmt8_L1_EW,NVCCMT8_EW,0.015,0.015
2370,304Nvl_L1_EW,304NVL_EW,0.051,0.051
2370,304Nvl_L1_NS,NONE,0.015,0.0
2370,32Nvl_L3_NS,NONE,0.034,0.0
2370,32Nvl_L1_NS,32NVL_NS,0.035,0.035
2370,32Nvl_L1_EW,32NVL_EW,0.007,0.002
2370,32Nvl_L2_EW,32NVL_EW,0.008,0.004
2370,32Nvl_L1_EW,32NVL_EW,0.007,0.002
2370,32Nvl_L2_EW,32NVL_EW,0.007,0.004
2370,32Nvl_L3_NS,NONE,0.008,0.0
2370,32Nvl_L2_NS,32NVL_NS,0.008,0.008
2370,NvcNvl_L1_EW,NVCNVL_EW,0.014,0.014
2370,NvcNvl_L2_EW,NVCNVL_EW,0.008,-0.011
2370,32Mt_L1_EW,NONE,0.007,0.0
2370,32Mt_L1_EW,32MT_EW,0.007,0.002
2370,32Mt_L1_NS,NONE,0.01,0.0
2370,NvcMt_L2_EW,NVCMT_EW,0.027,0.021
2370,32Nvl_L2_NS,32NVL_NS,0.033,0.033
2370,32Nvl_L3_EW,NONE,0.006,0.0
2370,32Nvl_L3_EW,NONE,0.006,0.0
2370,32Nvl_L1_NS,32NVL_NS,0.007,0.007
2370,NvcNvl_L3_EW,NONE,0.009,0.0
2370,32Mt_L2_EW,NONE,0.008,0.0
2370,32Mt_L2_EW,32MT_EW,0.005,0.0
2370,NvcMt_L1_EW,NVCMT_EW,0.056,0.046
2370,NvcCmt8_L1_EW,NONE,0.006,0.0
2375,304Nvl_L1_NS,NONE,0.007,0.0
2375,32Nvl_L3_NS,NONE,0.02,0.0
2375,32Nvl_L1_NS,32NVL_NS,0.062,0.062
2375,32Nvl_L1_EW,32NVL_EW,0.007,0.002
2375,32Nvl_L2_EW,32NVL_EW,0.008,0.004
2375,32Nvl_L1_EW,32NVL_EW,0.007,0.002
2375,32Nvl_L2_EW,32NVL_EW,0.007,0.004
2375,NvcNvl_L3_NS,NONE,0.007,0.0
2375,NvcNvl_L2_NS,NONE,0.007,0.0
2375,NvcNvl_L1_EW,NVCNVL_EW,0.014,0.014
2375,NvcNvl_L2_EW,NVCNVL_EW,0.008,-0.011
2375,32Mt_L1_EW,NONE,0.007,0.0
2375,32Mt_L3_EW,NONE,0.009,0.0
2375,32Mt_L1_EW,32MT_EW,0.007,0.002
2375,NvcMt_L2_EW,NVCMT_EW,0.027,0.021
2375,32Nvl_L2_NS,32NVL_NS,0.053,0.053
2375,32Nvl_L3_EW,NONE,0.006,0.0
2375,32Nvl_L3_EW,NONE,0.006,0.0
2375,NvcNvl_L1_NS,NONE,0.009,0.0
2375,NvcNvl_L3_EW,NONE,0.009,0.0
2375,32Mt_L2_EW,NONE,0.008,0.0
2375,32Mt_L2_EW,32MT_EW,0.005,0.0
2375,NvcMt_L1_EW,NVCMT_EW,0.056,0.046
2375,NvcCmt8_L1_EW,NONE,0.006,0.0
2380,32Nvl_L1_NS,32NVL_NS,0.021,0.021
2380,32Nvl_L1_EW,32NVL_EW,0.007,0.007
2380,32Nvl_L2_EW,32NVL_EW,0.008,0.008
2380,32Nvl_L1_EW,32NVL_EW,0.007,0.007
2380,32Nvl_L2_EW,32NVL_EW,0.007,0.007
2380,32Nvl_L3_NS,NONE,0.042,0.0
2380,32Nvl_L2_NS,32NVL_NS,0.039,0.039
2380,NvcNvl_L3_NS,NONE,0.007,0.0
2380,NvcNvl_L2_NS,NONE,0.013,0.0
2380,NvcNvl_L1_EW,NVCNVL_EW,0.007,0.007
2380,NvcNvl_L2_EW,NVCNVL_EW,0.008,0.008
2380,32Mt_L1_EW,NONE,0.043,0.0
2380,32Mt_L3_EW,NONE,0.053,0.0
2380,32Nvl_L2_NS,32NVL_NS,0.013,0.013
2380,32Nvl_L3_EW,NONE,0.006,0.0
2380,32Nvl_L3_EW,NONE,0.006,0.0
2380,32Nvl_L1_NS,32NVL_NS,0.034,0.034
2380,NvcNvl_L1_NS,NONE,0.017,0.0
2380,NvcNvl_L3_EW,NONE,0.009,0.0
2380,32Mt_L2_EW,NONE,0.045,0.0
2385,32Nvl_L3_NS,NONE,0.007,0.0
2385,32Nvl_L1_NS,32NVL_NS,0.007,0.007
2385,32Nvl_L1_EW,32NVL_EW,0.007,-0.008
2385,32Nvl_L2_EW,32NVL_EW,0.008,0.0
2385,32Nvl_L1_EW,32NVL_EW,0.007,-0.008
2385,32Nvl_L2_EW,32NVL_EW,0.007,0.0
2385,32Nvl_L3_NS,NONE,0.042,0.0
2385,32Nvl_L2_NS,32NVL_NS,0.039,0.039
2385,NvcNvl_L2_NS,NONE,0.007,0.0
2385,NvcNvl_L1_EW,NONE,0.064,0.0
2385,NvcNvl_L2_EW,NONE,0.046,0.0
2385,NvcNvl_L1_EW,NVCNVL_EW,0.014,0.014
2385,NvcNvl_L2_EW,NVCNVL_EW,0.008,0.006
2385,32Mt_L1_NS,32MT_NS,0.006,0.006
2385,32Mt_L1_EW,32MT_EW,0.021,0.016
2385,32Mt_L1_NS,NONE,0.01,0.0
2385,NvcMt_L2_EW,NVCMT_EW,0.003,-0.003
2385,32Nvl_L2_NS,32NVL_NS,0.007,0.007
2385,32Nvl_L3_EW,NONE,0.006,0.0
2385,32Nvl_L3_EW,NONE,0.006,0.0
2385,32Nvl_L1_NS,32NVL_NS,0.034,0.034
2385,NvcNvl_L1_NS,NONE,0.009,0.0
2385,NvcNvl_L3_EW,NONE,0.032,0.0
2385,NvcNvl_L3_EW,NONE,0.009,0.0
2385,32Mt_L2_EW,32MT_EW,0.011,0.005
2385,32Mt_L2_NS,NONE,0.009,0.0
2385,NvcMt_L1_EW,NVCMT_EW,0.006,-0.004
2390,304Thn_L1_EW,NONE,0.007,0.0
2390,304Thn_L2_EW,NONE,0.008,0.0
2390,32Nvl_L1_EW,32NVL_EW,0.007,-0.037
2390,32Nvl_L2_EW,32NVL_EW,0.008,-0.004
2390,32Nvl_L1_EW,32NVL_EW,0.007,-0.037
2390,32Nvl_L2_EW,32NVL_EW,0.007,-0.004
2390,32Nvl_L3_NS,NONE,0.008,0.0
2390,32Nvl_L2_NS,32NVL_NS,0.008,0.008
2390,NvcNvl_L1_EW,NONE,0.064,0.0
2390,NvcNvl_L2_EW,NONE,0.046,0.0
2390,NvcNvl_L1_EW,NVCNVL_EW,0.014,0.014
2390,NvcNvl_L2_EW,NVCNVL_EW,0.008,0.006
2390,NvcNvl_L1_NS,NVCNVL_NS,0.007,0.007
2390,32Mt_L1_NS,32MT_NS,0.006,0.006
2390,32Mt_L1_EW,NONE,0.007,0.0
2390,32Mt_L3_EW,NONE,0.009,0.0
2390,32Mt_L1_EW,32MT_EW,0.063,0.058
2390,32Mt_L1_NS,NONE,0.01,0.0
2390,NvcMt_L2_NS,NONE,0.005,0.0
2390,NvcMt_L2_EW,NVCMT_EW,0.003,-0.003
2390,NvcCmt8_L2_NS,NONE,0.011,0.0
2390,NvcCmt8_L1_NS,NONE,0.008,0.0
2390,32Nvl_L3_EW,NONE,0.006,0.0
2390,32Nvl_L3_EW,NONE,0.006,0.0
2390,32Nvl_L1_NS,32NVL_NS,0.02,0.016
2390,NvcNvl_L3_EW,NONE,0.038,0.0
2390,NvcNvl_L3_EW,NONE,0.009,0.0
2390,32Mt_L2_EW,NONE,0.008,0.0
2390,32Mt_L2_EW,32MT_EW,0.016,0.011
2390,NvcMt_L1_NS,NONE,0.005,0.0
2390,NvcMt_L1_EW,NVCMT_EW,0.006,-0.004
2390,304Thn_L3_EW,NONE,0.008,0.0
2395,304Thn_L1_EW,304THN_EW,0.008,-0.033
2395,304Nvl_L1_EW,304NVL_EW,0.059,0.053
2395,304Nvl_L2_EW,304NVL_EW,0.051,0.051
2395,32Nvl_L3_NS,NONE,0.007,0.0
2395,32Nvl_L1_NS,32NVL_NS,0.007,0.007
2395,32Nvl_L1_EW,32NVL_EW,0.014,-0.03
2395,32Nvl_L2_EW,32NVL_EW,0.015,-0.019
2395,32Nvl_L1_EW,32NVL_EW,0.007,-0.037
2395,32Nvl_L2_EW,32NVL_EW,0.007,-0.027
2395,32Nvl_L3_NS,NONE,0.042,0.0
2395,32Nvl_L2_NS,32NVL_NS,0.039,0.039
2395,NvcNvl_L1_EW,NVCNVL_EW,0.014,0.014
2395,NvcNvl_L2_EW,NVCNVL_EW,0.008,0.006
2395,32Mt_L1_EW,32MT_EW,0.063,0.053
2395,NvcMt_L2_EW,NVCMT_EW,0.003,-0.003
2395,304Nvl_L3_EW,NONE,0.044,0.0
2395,32Nvl_L2_NS,32NVL_NS,0.007,0.007
2395,32Nvl_L3_EW,NONE,0.006,0.0
2395,32Nvl_L3_EW,NONE,0.013,0.0
2395,32Nvl_L1_NS,32NVL_NS,0.034,0.034
2395,NvcNvl_L3_EW,NONE,0.009,0.0
2395,32Mt_L2_EW,32MT_EW,0.049,0.038
2395,NvcMt_L1_EW,NVCMT_EW,0.006,-0.004
2400,304Nvl_L1_EW,304NVL_EW,0.068,0.068
2400,304Nvl_L2_EW,304NVL_EW,0.058,0.058
2400,32Nvl_L3_NS,NONE,0.007,0.0
2400,32Nvl_L1_NS,32NVL_NS,0.014,0.014
2400,32Nvl_L1_EW,32NVL_EW,0.007,-0.037
2400,32Nvl_L2_EW,32NVL_EW,0.008,-0.023
2400,32Nvl_L1_EW,32NVL_EW,0.007,-0.037
2400,32Nvl_L2_EW,32NVL_EW,0.007,-0.023
2400,32Nvl_L3_NS,NONE,0.008,0.0
2400,32Nvl_L2_NS,32NVL_NS,0.008,0.008
2400,NvcNvl_L3_NS,NONE,0.007,0.0
2400,NvcNvl_L2_NS,NONE,0.007,0.0
2400,NvcNvl_L1_EW,NVCNVL_EW,0.007,0.007
2400,NvcNvl_L2_EW,NVCNVL_EW,0.008,0.006
2400,32Mt_L1_EW,NONE,0.036,0.0
2400,32Mt_L3_EW,NONE,0.044,0.0
2400,32Mt_L1_EW,32MT_EW,0.063,0.058
2400,NvcMt_L2_EW,NVCMT_EW,0.003,-0.003
2400,304Nvl_L3_EW,NONE,0.051,0.0
2400,32Nvl_L2_NS,32NVL_NS,0.013,0.013
2400,32Nvl_L3_EW,NONE,0.006,0.0
2400,32Nvl_L3_EW,NONE,0.006,0.0
2400,32Nvl_L1_NS,32NVL_NS,0.007,0.007
2400,NvcNvl_L1_NS,NONE,0.009,0.0
2400,NvcNvl_L3_EW,NONE,0.009,0.0
2400,32Mt_L2_EW,NONE,0.038,0.0
2400,32Mt_L2_EW,32MT_EW,0.044,0.038
2400,NvcMt_L1_EW,NVCMT_EW,0.006,0.001
2405,304Nvl_L1_EW,304NVL_EW,0.076,0.076
2405,304Nvl_L2_EW,304NVL_EW,0.065,0.065
2405,304Nvl_L1_NS,NONE,0.007,0.0
2405,304Nvl_L3_NS,NONE,0.008,0.0
2405,32Nvl_L1_EW,32NVL_EW,0.007,-0.017
2405,32Nvl_L2_EW,32NVL_EW,0.008,-0.008
2405,32Nvl_L1_EW,32NVL_EW,0.007,-0.018
2405,32Nvl_L2_EW,32NVL_EW,0.007,-0.008
2405,32Nvl_L3_NS,NONE,0.008,0.0
2405,32Nvl_L2_NS,32NVL_NS,0.008,0.008
2405,NvcNvl_L1_EW,NONE,0.011,0.0
2405,NvcNvl_L2_EW,NONE,0.008,0.0
2405,NvcNvl_L1_EW,NVCNVL_EW,0.007,0.003
2405,NvcNvl_L2_EW,NVCNVL_EW,0.008,0.008
2405,32Mt_L1_EW,NONE,0.079,0.0
2405,32Mt_L3_EW,NONE,0.097,0.0
2405,32Mt_L1_EW,32MT_EW,0.035,0.03
2405,NvcMt_L1_EW,NVCMT_EW,0.006,0.001
2405,NvcCmt8_L2_NS,NONE,0.012,0.0
2405,304Nvl_L3_EW,NONE,0.057,0.0
2405,304Nvl_L2_NS,NONE,0.007,0.0
2405,32Nvl_L3_EW,NONE,0.006,0.0
2405,32Nvl_L3_EW,NONE,0.006,0.0
2405,32Nvl_L1_NS,32NVL_NS,0.047,0.047
2405,NvcNvl_L3_EW,NONE,0.009,0.0
2405,32Mt_L2_EW,NONE,0.083,0.0
2405,32Mt_L2_EW,32MT_EW,0.022,0.016
2405,NvcMt_L2_EW,NVCMT_EW,0.008,0.002
2405,NvcCmt8_L1_NS,NONE,0.011,0.0
2410,304Nvl_L1_EW,304NVL_EW,0.076,0.076
2410,304Nvl_L2_EW,304NVL_EW,0.065,0.065
2410,32Nvl_L1_EW,32NVL_EW,0.007,-0.008
2410,32Nvl_L2_EW,32NVL_EW,0.008,-0.004
2410,32Nvl_L1_EW,32NVL_EW,0.007,-0.008
2410,32Nvl_L2_EW,32NVL_EW,0.007,-0.004
2410,32Nvl_L3_NS,NONE,0.017,0.0
2410,32Nvl_L2_NS,32NVL_NS,0.016,0.016
2410,NvcNvl_L1_EW,NONE,0.011,0.0
2410,NvcNvl_L2_EW,NONE,0.008,0.0
2410,NvcNvl_L1_EW,NVCNVL_EW,0.014,0.01
2410,NvcNvl_L2_EW,NVCNVL_EW,0.016,0.016
2410,32Mt_L1_NS,32MT_NS,0.006,0.006
2410,32Mt_L1_EW,NONE,0.043,0.0
2410,32Mt_L3_EW,NONE,0.053,0.0
2410,32Mt_L1_EW,32MT_EW,0.021,0.016
2410,NvcMt_L1_EW,NVCMT_EW,0.006,-0.004
2410,304Nvl_L3_EW,NONE,0.057,0.0
2410,32Nvl_L3_EW,NONE,0.006,0.0
2410,32Nvl_L3_EW,NONE,0.006,0.0
2410,32Nvl_L1_NS,32NVL_NS,0.013,0.013
2410,NvcNvl_L3_EW,NONE,0.009,0.0
2410,32Mt_L2_NS,32MT_NS,0.006,0.006
2410,32Mt_L2_EW,NONE,0.045,0.0
2410,32Mt_L2_EW,32MT_EW,0.016,0.011
2410,NvcMt_L2_EW,NVCMT_EW,0.008,-0.003
2415,304Nvl_L1_NS,304NVL_NS,0.009,0.009
2415,304Nvl_L1_EW,304NVL_EW,0.025,0.025
2415,304Nvl_L2_EW,304NVL_EW,0.022,0.022
2415,304Nvl_L1_NS,NONE,0.007,0.0
2415,32Nvl_L3_NS,NONE,0.008,0.0
2415,32Nvl_L2_NS,32NVL_NS,0.008,0.008
2415,NvcNvl_L3_NS,NONE,0.007,0.0
2415,NvcNvl_L2_NS,NONE,0.007,0.0
2415,NvcNvl_L1_EW,NVCNVL_EW,0.007,0.007
2415,NvcNvl_L2_EW,NVCNVL_EW,0.008,0.008
2415,32Mt_L1_NS,32MT_NS,0.038,0.033
2415,32Mt_L1_EW,NONE,0.036,0.0
2415,32Mt_L1_EW,32MT_EW,0.007,0.007
2415,32Mt_L1_NS,NONE,0.01,0.0
2415,NvcMt_L1_NS,NVCMT_NS,0.007,-0.02
2415,304Nvl_L3_EW,NONE,0.013,0.0
2415,32Nvl_L1_NS,32NVL_NS,0.007,0.0
2415,NvcNvl_L1_NS,NONE,0.009,0.0
2415,NvcNvl_L3_EW,NONE,0.009,0.0
2415,32Mt_L2_NS,32MT_NS,0.006,0.003
2415,NvcMt_L2_NS,NVCMT_NS,0.005,0.001
2420,304Nvl_L1_NS,304NVL_NS,0.009,0.009
2420,304Nvl_L1_EW,304NVL_EW,0.042,0.042
2420,304Nvl_L2_EW,304NVL_EW,0.036,0.036
2420,304Nvl_L1_NS,NONE,0.007,0.0
2420,32Nvl_L1_EW,32NVL_EW,0.035,0.03
2420,32Nvl_L2_EW,32NVL_EW,0.039,0.035
2420,32Nvl_L3_NS,NONE,0.025,0.0
2420,32Nvl_L2_NS,32NVL_NS,0.024,0.024
2420,NvcNvl_L3_NS,NONE,0.007,0.0
2420,NvcNvl_L2_NS,NONE,0.007,0.0
2420,NvcNvl_L1_EW,NONE,0.011,0.0
2420,NvcNvl_L2_EW,NONE,0.008,0.0
2420,NvcNvl_L1_EW,NVCNVL_EW,0.014,0.014
2420,NvcNvl_L2_EW,NVCNVL_EW,0.016,0.016
2420,32Mt_L1_NS,32MT_NS,0.044,0.039
2420,32Mt_L1_EW,NONE,0.036,0.0
2420,32Mt_L1_EW,32MT_EW,0.007,-0.018
2420,NvcMt_L1_NS,NVCMT_NS,0.007,-0.024
2420,32Nvl_L3_EW,NONE,0.031,0.0
2420,32Nvl_L1_NS,32NVL_NS,0.027,0.021
2420,NvcNvl_L1_NS,NONE,0.009,0.0
2420,NvcNvl_L3_EW,NONE,0.019,0.0
2420,32Mt_L2_NS,32MT_NS,0.006,0.003
2420,32Mt_L2_EW,32MT_EW,0.005,-0.022
2420,NvcMt_L2_NS,NVCMT_NS,0.005,0.001
2425,304Nvl_L1_NS,304NVL_NS,0.009,0.009
2425,304Nvl_L1_EW,304NVL_EW,0.059,0.059
2425,304Nvl_L2_EW,304NVL_EW,0.051,0.051
2425,304Nvl_L1_NS,NONE,0.007,0.0
2425,32Nvl_L1_EW,32NVL_EW,0.007,0.007
2425,32Nvl_L2_EW,32NVL_EW,0.008,0.008
2425,32Nvl_L3_NS,NONE,0.025,0.0
2425,32Nvl_L2_NS,32NVL_NS,0.024,0.024
2425,NvcNvl_L3_NS,NONE,0.007,0.0
2425,NvcNvl_L2_NS,NONE,0.007,0.0
2425,32Mt_L1_NS,32MT_NS,0.013,0.008
2425,32Mt_L1_EW,NONE,0.007,0.0
2425,NvcMt_L1_EW,NVCMT_EW,0.006,0.006
2425,NvcMt_L1_NS,NVCMT_NS,0.007,-0.002
2425,304Nvl_L3_EW,NONE,0.044,0.0
2425,32Nvl_L3_EW,NONE,0.006,0.0
2425,32Nvl_L1_NS,32NVL_NS,0.034,0.027
2425,NvcNvl_L1_NS,NONE,0.009,0.0
2425,32Mt_L2_NS,32MT_NS,0.006,0.003
2425,NvcMt_L2_EW,NVCMT_EW,0.008,0.008
2425,NvcMt_L2_NS,NVCMT_NS,0.005,0.001
2430,304Nvl_L1_EW,304NVL_EW,0.008,0.008
2430,304Nvl_L2_EW,304NVL_EW,0.007,0.007
2430,304Nvl_L1_NS,NONE,0.036,0.0
2430,32Nvl_L1_EW,32NVL_EW,0.034,0.034
2430,32Nvl_L3_NS,NONE,0.025,0.0
2430,32Nvl_L2_NS,32NVL_NS,0.024,0.024
2430,32Mt_L1_NS,32MT_NS,0.013,0.008
2430,NvcMt_L1_NS,NVCMT_NS,0.007,-0.002
2430,NvcCmt8_L2_NS,NONE,0.011,0.0
2430,NvcCmt8_L1_NS,NONE,0.008,0.0
2430,304Nvl_L3_EW,NONE,0.006,0.0
2430,32Nvl_L1_NS,32NVL_NS,0.04,0.04
2430,NvcMt_L2_NS,NVCMT_NS,0.005,0.005
2435,304Nvl_L1_EW,304NVL_EW,0.008,0.008
2435,304Nvl_L2_EW,304NVL_EW,0.007,0.007
2435,304Nvl_L1_NS,NONE,0.073,0.0
2435,32Nvl_L1_EW,32NVL_EW,0.034,0.029
2435,32Nvl_L3_NS,NONE,0.025,0.0
2435,32Nvl_L2_NS,32NVL_NS,0.024,0.024
2435,NvcNvl_L3_NS,NONE,0.007,0.0
2435,NvcNvl_L2_NS,NONE,0.007,0.0
2435,NvcNvl_L1_NS,NVCNVL_NS,0.007,0.007
2435,32Mt_L1_NS,32MT_NS,0.006,0.001
2435,32Mt_L1_EW,NONE,0.007,0.0
2435,32Mt_L3_EW,NONE,0.009,0.0
2435,32Mt_L1_EW,32MT_EW,0.007,0.007
2435,32Mt_L1_NS,NONE,0.01,0.0
2435,NvcMt_L1_NS,NVCMT_NS,0.007,0.002
2435,304Nvl_L3_EW,NONE,0.006,0.0
2435,32Nvl_L1_NS,32NVL_NS,0.027,0.022
2435,NvcNvl_L1_NS,NONE,0.009,0.0
2435,32Mt_L2_EW,NONE,0.008,0.0
2435,32Mt_L2_EW,32MT_EW,0.005,0.005
2435,NvcMt_L2_NS,NVCMT_NS,0.005,0.005
2440,304Nvl_L1_NS,304NVL_NS,0.009,0.009
2440,304Nvl_L3_NS,NONE,0.007,0.0
2440,304Nvl_L1_NS,NONE,0.051,0.0
2440,32Nvl_L3_NS,NONE,0.025,0.0
2440,32Nvl_L2_NS,32NVL_NS,0.024,0.018
2440,NvcNvl_L1_NS,NVCNVL_NS,0.007,0.007
2440,32Mt_L1_EW,NONE,0.014,0.0
2440,32Mt_L3_EW,NONE,0.018,0.0
2440,NvcMt_L1_NS,NVCMT_NS,0.007,0.007
2440,304Nvl_L2_NS,304NVL_NS,0.008,-0.009
2440,32Nvl_L1_NS,32NVL_NS,0.027,0.016
2440,32Mt_L2_EW,NONE,0.015,0.0
2440,NvcMt_L2_NS,NVCMT_NS,0.005,0.005
2445,304Nvl_L1_NS,304NVL_NS,0.009,0.004
2445,304Nvl_L3_NS,NONE,0.007,0.0
2445,304Nvl_L1_EW,304NVL_EW,0.008,0.008
2445,304Nvl_L2_EW,304NVL_EW,0.007,0.007
2445,304Nvl_L1_NS,NONE,0.007,0.0
2445,32Nvl_L3_NS,NONE,0.007,0.0
2445,32Nvl_L1_NS,32NVL_NS,0.007,0.001
2445,32Nvl_L3_NS,NONE,0.025,0.0
2445,32Nvl_L2_NS,32NVL_NS,0.024,0.018
2445,NvcNvl_L3_NS,NONE,0.007,0.0
2445,NvcNvl_L2_NS,NONE,0.007,0.0
2445,32Mt_L1_EW,32MT_EW,0.014,0.014
2445,32Mt_L1_NS,NONE,0.01,0.0
2445,NvcMt_L1_NS,NVCMT_NS,0.007,0.007
2445,304Nvl_L2_NS,304NVL_NS,0.008,-0.009
2445,304Nvl_L3_EW,NONE,0.006,0.0
2445,32Nvl_L2_NS,32NVL_NS,0.007,0.001
2445,32Nvl_L1_NS,32NVL_NS,0.02,0.014
2445,NvcNvl_L1_NS,NONE,0.009,0.0
2445,32Mt_L2_EW,32MT_EW,0.011,0.011
2445,NvcMt_L2_NS,NVCMT_NS,0.005,0.005
2450,304Nvl_L1_NS,304NVL_NS,0.009,0.004
2450,304Nvl_L3_NS,NONE,0.007,0.0
2450,32Nvl_L1_NS,32NVL_NS,0.007,0.001
2450,32Nvl_L3_NS,NONE,0.033,0.0
2450,32Nvl_L2_NS,32NVL_NS,0.032,0.026
2450,NvcNvl_L3_NS,NONE,0.034,0.0
2450,NvcNvl_L2_NS,NONE,0.033,0.0
2450,32Mt_L1_EW,NONE,0.014,0.0
2450,32Mt_L1_EW,32MT_EW,0.007,0.007
2450,32Mt_L1_NS,NONE,0.01,0.0
2450,NvcMt_L1_NS,NVCMT_NS,0.007,0.007
2450,32Thn_L1_EW,32THN_EW,0.008,0.008
2450,32Thn_L2_EW,32THN_EW,0.008,0.008
2450,32Thn_L3_EW,NONE,0.008,0.0
2450,304Nvl_L2_NS,304NVL_NS,0.008,-0.015
2450,32Nvl_L2_NS,32NVL_NS,0.007,0.001
2450,32Nvl_L1_NS,32NVL_NS,0.027,0.021
2450,NvcNvl_L1_NS,NONE,0.044,0.0
2450,32Mt_L2_EW,NONE,0.008,0.0
2450,NvcMt_L2_NS,NVCMT_NS,0.005,0.005
2455,304Nvl_L1_NS,304NVL_NS,0.054,0.045
2455,304Nvl_L3_NS,NONE,0.044,0.0
2455,304Nvl_L1_EW,304NVL_EW,0.008,0.008
2455,32Nvl_L3_NS,NONE,0.007,0.0
2455,32Nvl_L1_NS,32NVL_NS,0.014,-0.024
2455,32Nvl_L1_EW,32NVL_EW,0.085,0.085
2455,32Nvl_L2_EW,32NVL_EW,0.093,0.093
2455,32Nvl_L3_NS,NONE,0.058,0.0
2455,32Nvl_L2_NS,32NVL_NS,0.055,0.023
2455,NvcNvl_L3_NS,NONE,0.034,0.0
2455,NvcNvl_L2_NS,NONE,0.033,0.0
2455,32Mt_L1_NS,NONE,0.01,0.0
2455,NvcMt_L1_NS,NVCMT_NS,0.007,0.007
2455,32Thn_L1_EW,NONE,0.01,0.0
2455,304Nvl_L2_NS,304NVL_NS,0.046,0.007
2455,32Nvl_L2_NS,32NVL_NS,0.013,-0.019
2455,32Nvl_L3_EW,NONE,0.075,0.0
2455,32Nvl_L1_NS,32NVL_NS,0.047,0.009
2455,NvcNvl_L1_NS,NONE,0.044,0.0
2455,NvcMt_L2_NS,NVCMT_NS,0.005,0.005
2460,304Nvl_L1_NS,304NVL_NS,0.054,0.035
2460,304Nvl_L3_NS,NONE,0.044,0.0
2460,32Nvl_L3_NS,NONE,0.02,0.0
2460,32Nvl_L1_NS,32NVL_NS,0.028,-0.01
2460,32Nvl_L1_EW,32NVL_EW,0.085,0.085
2460,32Nvl_L2_EW,32NVL_EW,0.093,0.093
2460,32Nvl_L3_NS,NONE,0.067,0.0
2460,32Nvl_L2_NS,32NVL_NS,0.063,0.031
2460,NvcNvl_L3_NS,NONE,0.068,0.0
2460,NvcNvl_L2_NS,NONE,0.066,0.0
2460,32Mt_L1_NS,NONE,0.01,0.0
2460,NvcMt_L1_NS,NVCMT_NS,0.007,0.007
2460,304Nvl_L2_NS,304NVL_NS,0.046,0.001
2460,32Nvl_L2_NS,32NVL_NS,0.027,-0.005
2460,32Nvl_L3_EW,NONE,0.075,0.0
2460,32Nvl_L1_NS,32NVL_NS,0.054,0.016
2460,NvcNvl_L1_NS,NONE,0.087,0.0
2460,NvcMt_L2_NS,NVCMT_NS,0.005,0.005
2465,304Nvl_L1_NS,304NVL_NS,0.054,0.011
2465,304Nvl_L3_NS,NONE,0.044,0.0
2465,32Nvl_L3_NS,NONE,0.048,0.0
2465,32Nvl_L1_NS,32NVL_NS,0.062,0.024
2465,32Nvl_L1_EW,32NVL_EW,0.007,0.007
2465,32Nvl_L2_EW,32NVL_EW,0.008,0.008
2465,32Nvl_L3_NS,NONE,0.075,0.0
2465,32Nvl_L2_NS,32NVL_NS,0.071,0.039
2465,NvcNvl_L3_NS,NONE,0.034,0.0
2465,NvcNvl_L2_NS,NONE,0.033,0.0
2465,NvcNvl_L1_EW,NONE,0.011,0.0
2465,NvcNvl_L2_EW,NONE,0.008,0.0
2465,32Mt_L1_EW,NONE,0.007,0.0
2465,NvcMt_L2_EW,NVCMT_EW,0.003,0.003
2465,NvcMt_L1_NS,NVCMT_NS,0.007,0.007
2465,304Nvl_L2_NS,304NVL_NS,0.046,-0.004
2465,32Nvl_L2_NS,32NVL_NS,0.06,0.028
2465,32Nvl_L3_EW,NONE,0.006,0.0
2465,32Nvl_L1_NS,32NVL_NS,0.06,0.022
2465,NvcNvl_L1_NS,NONE,0.044,0.0
2465,NvcNvl_L3_EW,NONE,0.006,0.0
2465,32Mt_L2_EW,NONE,0.008,0.0
2465,NvcMt_L1_EW,NVCMT_EW,0.006,0.006
2465,NvcMt_L2_NS,NVCMT_NS,0.005,0.005
2470,304Nvl_L1_NS,304NVL_NS,0.045,-0.023
2470,304Nvl_L3_NS,NONE,0.037,0.0
2470,304Nvl_L1_EW,304NVL_EW,0.059,0.059
2470,304Nvl_L2_EW,304NVL_EW,0.051,0.051
2470,32Nvl_L3_NS,NONE,0.055,0.0
2470,32Nvl_L1_NS,32NVL_NS,0.097,0.065
2470,32Nvl_L1_EW,32NVL_EW,0.007,-0.021
2470,32Nvl_L2_EW,32NVL_EW,0.008,-0.021
2470,32Nvl_L1_EW,32NVL_EW,0.081,0.053
2470,32Nvl_L3_NS,NONE,0.092,0.0
2470,32Nvl_L2_NS,32NVL_NS,0.087,0.06
2470,NvcNvl_L1_EW,NVCNVL_EW,0.035,0.035
2470,32Mt_L1_EW,NONE,0.014,0.0
2470,32Mt_L3_EW,NONE,0.018,0.0
2470,NvcMt_L2_EW,NVCMT_EW,0.005,0.005
2470,32Thn_L1_EW,32THN_EW,0.04,0.035
2470,32Thn_L2_EW,32THN_EW,0.042,0.036
2470,32Thn_L3_EW,NONE,0.041,0.0
2470,304Nvl_L2_NS,304NVL_NS,0.038,-0.023
2470,304Nvl_L3_EW,NONE,0.044,0.0
2470,32Nvl_L2_NS,32NVL_NS,0.093,0.067
2470,32Nvl_L3_EW,NONE,0.006,0.0
2470,32Nvl_L1_NS,32NVL_NS,0.074,0.042
2470,32Mt_L2_EW,NONE,0.015,0.0
2470,NvcMt_L1_EW,NVCMT_EW,0.011,-0.014
2475,304Nvl_L1_NS,304NVL_NS,0.045,-0.023
2475,304Nvl_L3_NS,NONE,0.037,0.0
2475,304Nvl_L1_EW,304NVL_EW,0.068,0.068
2475,304Nvl_L2_EW,304NVL_EW,0.051,0.051
2475,32Nvl_L3_NS,NONE,0.02,0.0
2475,32Nvl_L1_NS,32NVL_NS,0.097,0.065
2475,32Nvl_L1_EW,32NVL_EW,0.007,-0.021
2475,32Nvl_L2_EW,32NVL_EW,0.008,-0.021
2475,32Nvl_L1_EW,32NVL_EW,0.081,0.053
2475,32Nvl_L3_NS,NONE,0.067,0.0
2475,32Nvl_L2_NS,32NVL_NS,0.063,0.037
2475,NvcNvl_L1_EW,NVCNVL_EW,0.035,0.035
2475,32Mt_L1_NS,32MT_NS,0.006,0.006
2475,NvcMt_L2_EW,NVCMT_EW,0.005,0.005
2475,32Thn_L1_EW,32THN_EW,0.04,0.035
2475,32Thn_L2_EW,32THN_EW,0.042,0.036
2475,32Thn_L3_EW,NONE,0.041,0.0
2475,304Nvl_L2_NS,304NVL_NS,0.038,-0.006
2475,304Nvl_L3_EW,NONE,0.044,0.0
2475,32Nvl_L2_NS,32NVL_NS,0.093,0.067
2475,32Nvl_L3_EW,NONE,0.006,0.0
2475,32Nvl_L1_NS,32NVL_NS,0.06,0.029
2475,NvcMt_L1_EW,NVCMT_EW,0.011,-0.014
2480,304Nvl_L1_EW,304NVL_EW,0.059,0.059
2480,304Nvl_L2_EW,304NVL_EW,0.044,0.044
2480,32Nvl_L3_NS,NONE,0.007,0.0
2480,32Nvl_L1_NS,32NVL_NS,0.021,0.021
2480,32Nvl_L1_EW,32NVL_EW,0.007,-0.026
2480,32Nvl_L2_EW,32NVL_EW,0.008,-0.021
2480,NvcNvl_L1_EW,NONE,0.011,0.0
2480,NvcNvl_L2_EW,NONE,0.008,0.0
2480,NvcNvl_L1_EW,NVCNVL_EW,0.035,0.035
2480,32Mt_L1_EW,NONE,0.007,0.0
2480,32Mt_L3_EW,NONE,0.009,0.0
2480,32Mt_L1_EW,32MT_EW,0.007,0.002
2480,NvcMt_L2_EW,NVCMT_EW,0.003,0.003
2480,32Thn_L1_EW,32THN_EW,0.04,0.035
2480,32Thn_L2_EW,32THN_EW,0.042,0.036
2480,32Thn_L3_EW,NONE,0.041,0.0
2480,304Nvl_L3_EW,NONE,0.038,0.0
2480,32Nvl_L2_NS,32NVL_NS,0.013,0.013
2480,32Nvl_L3_EW,NONE,0.006,0.0
2480,32Nvl_L1_NS,32NVL_NS,0.013,0.013
2480,32Mt_L2_EW,NONE,0.008,0.0
2480,NvcMt_L1_EW,NVCMT_EW,0.006,-0.019
2485,304Nvl_L1_EW,304NVL_EW,0.059,0.059
2485,304Nvl_L2_EW,304NVL_EW,0.051,0.051
2485,32Nvl_L1_NS,32NVL_NS,0.007,0.007
2485,32Nvl_L1_EW,32NVL_EW,0.007,-0.026
2485,32Nvl_L2_EW,32NVL_EW,0.008,-0.025
2485,32Nvl_L1_EW,32NVL_EW,0.007,-0.026
2485,32Mt_L1_EW,32MT_EW,0.007,0.002
2485,NvcCmt8_L2_EW,NONE,0.007,0.0
2485,32Thn_L1_EW,32THN_EW,0.04,0.035
2485,32Thn_L2_EW,32THN_EW,0.042,0.036
2485,32Thn_L3_EW,NONE,0.041,0.0
2485,304Nvl_L3_EW,NONE,0.013,0.0
2485,32Nvl_L3_EW,NONE,0.006,0.0
2485,32Nvl_L1_NS,32NVL_NS,0.007,0.007
2485,32Mt_L2_EW,32MT_EW,0.005,0.0
2485,NvcCmt8_L1_EW,NONE,0.006,0.0
2490,304Nvl_L1_EW,304NVL_EW,0.017,0.017
2490,304Nvl_L2_EW,304NVL_EW,0.015,0.015
2490,304Nvl_L1_NS,NONE,0.007,0.0
2490,32Nvl_L1_EW,32NVL_EW,0.007,0.002
2490,32Nvl_L2_EW,32NVL_EW,0.008,0.004
2490,32Nvl_L1_EW,32NVL_EW,0.007,0.002
2490,32Mt_L1_EW,32MT_EW,0.007,0.002
2490,32Mt_L1_NS,NONE,0.01,0.0
2490,32Thn_L1_EW,NONE,0.097,0.0
2490,32Thn_L2_EW,NONE,0.051,0.0
2490,32Thn_L3_EW,NONE,0.035,0.0
2490,304Nvl_L3_EW,NONE,0.013,0.0
2490,32Nvl_L3_EW,NONE,0.006,0.0
2490,32Nvl_L1_NS,32NVL_NS,0.013,0.013
2490,32Mt_L2_EW,32MT_EW,0.005,0.0
2495,304Nvl_L1_EW,304NVL_EW,0.042,0.042
2495,304Nvl_L2_EW,304NVL_EW,0.036,0.036
2495,304Nvl_L1_NS,NONE,0.036,0.0
2495,32Nvl_L1_EW,32NVL_EW,0.042,0.01
2495,32Nvl_L2_EW,32NVL_EW,0.046,0.043
2495,32Nvl_L3_NS,NONE,0.008,0.0
2495,32Nvl_L2_NS,32NVL_NS,0.008,0.008
2495,32Mt_L1_EW,32MT_EW,0.007,-0.023
2495,NvcMt_L1_EW,NVCMT_EW,0.006,0.001
2495,NvcCmt8_L2_NS,NONE,0.011,0.0
2495,32Thn_L1_EW,NONE,0.049,0.0
2495,32Thn_L1_EW,32THN_EW,0.04,0.01
2495,NvcCmt8_L1_NS,NONE,0.008,0.0
2495,304Nvl_L3_EW,NONE,0.032,0.0
2495,32Nvl_L3_EW,NONE,0.038,0.0
2495,32Nvl_L1_NS,32NVL_NS,0.02,0.02
2495,32Mt_L2_EW,32MT_EW,0.005,-0.027
2495,NvcMt_L2_EW,NVCMT_EW,0.008,0.008
2495,NvcCmt8_L1_EW,NVCCMT8_EW,0.008,0.003
2500,304Nvl_L1_EW,304NVL_EW,0.008,0.008
2500,304Nvl_L2_EW,304NVL_EW,0.007,0.007
2500,304Nvl_L1_NS,NONE,0.007,0.0
2500,32Nvl_L1_EW,32NVL_EW,0.014,0.009
2500,32Nvl_L2_EW,32NVL_EW,0.015,0.012
2500,32Mt_L1_EW,32MT_EW,0.007,-0.003
2500,NvcMt_L1_EW,NVCMT_EW,0.006,0.006
2500,304Nvl_L3_EW,NONE,0.006,0.0
2500,32Nvl_L3_EW,NONE,0.013,0.0
2500,32Nvl_L1_NS,32NVL_NS,0.007,0.007
2500,32Mt_L2_EW,32MT_EW,0.005,-0.005
2500,NvcMt_L2_EW,NVCMT_EW,0.008,0.008
2505,304Nvl_L1_EW,304NVL_EW,0.085,0.085
2505,304Nvl_L2_EW,304NVL_EW,0.036,0.036
2505,304Nvl_L1_NS,NONE,0.036,0.0
2505,32Nvl_L1_EW,32NVL_EW,0.007,0.002
2505,32Nvl_L2_EW,32NVL_EW,0.008,0.004
2505,32Nvl_L1_EW,32NVL_EW,0.007,0.002
2505,32Nvl_L2_EW,32NVL_EW,0.007,0.004
2505,32Mt_L1_EW,32MT_EW,0.007,0.002
2505,NvcMt_L2_NS,NONE,0.005,0.0
2505,NvcMt_L1_EW,NVCMT_EW,0.006,0.006
2505,304Nvl_L3_EW,NONE,0.032,0.0
2505,32Nvl_L3_EW,NONE,0.006,0.0
2505,32Nvl_L3_EW,NONE,0.006,0.0
2505,32Nvl_L1_NS,32NVL_NS,0.034,0.034
2505,32Mt_L2_EW,32MT_EW,0.005,0.0
2505,NvcMt_L1_NS,NONE,0.005,0.0
2505,NvcMt_L2_EW,NVCMT_EW,0.008,0.008
2505,NvcCmt8_L1_NS,NONE,0.011,0.0
2510,304Nvl_L1_EW,NONE,0.008,0.0
2510,304Nvl_L1_NS,NONE,0.007,0.0
2510,304Nvl_L3_NS,NONE,0.008,0.0
2510,32Nvl_L1_EW,32NVL_EW,0.007,0.002
2510,32Nvl_L2_EW,32NVL_EW,0.008,0.004
2510,32Nvl_L1_EW,32NVL_EW,0.007,0.002
2510,32Nvl_L2_EW,32NVL_EW,0.007,0.004
2510,32Nvl_L3_NS,NONE,0.008,0.0
2510,32Nvl_L2_NS,32NVL_NS,0.008,0.008
2510,NvcNvl_L3_NS,NONE,0.007,0.0
2510,NvcNvl_L2_NS,NONE,0.007,0.0
2510,NvcNvl_L1_EW,NVCNVL_EW,0.035,0.035
2510,NvcNvl_L2_EW,NVCNVL_EW,0.039,0.039
2510,32Mt_L1_EW,NONE,0.014,0.0
2510,32Mt_L3_EW,NONE,0.018,0.0
2510,32Mt_L1_EW,32MT_EW,0.007,0.002
2510,304Nvl_L2_NS,NONE,0.007,0.0
2510,32Nvl_L3_EW,NONE,0.006,0.0
2510,32Nvl_L3_EW,NONE,0.006,0.0
2510,32Nvl_L1_NS,32NVL_NS,0.013,0.013
2510,NvcNvl_L1_NS,NONE,0.009,0.0
2510,32Mt_L2_EW,NONE,0.015,0.0
2510,32Mt_L2_EW,32MT_EW,0.005,0.0
2515,304Nvl_L1_EW,304NVL_EW,0.042,0.042
2515,304Nvl_L1_NS,NONE,0.007,0.0
2515,304Nvl_L3_NS,NONE,0.008,0.0
2515,32Nvl_L1_EW,32NVL_EW,0.007,0.002
2515,32Nvl_L2_EW,32NVL_EW,0.008,0.004
2515,32Nvl_L1_EW,32NVL_EW,0.007,0.002
2515,32Nvl_L2_EW,32NVL_EW,0.007,0.004
2515,NvcNvl_L1_EW,NVCNVL_EW,0.035,0.035
2515,NvcNvl_L2_EW,NVCNVL_EW,0.039,0.039
2515,32Mt_L1_EW,32MT_EW,0.007,0.002
2515,304Nvl_L2_NS,NONE,0.007,0.0
2515,32Nvl_L3_EW,NONE,0.006,0.0
2515,32Nvl_L3_EW,NONE,0.006,0.0
2515,NvcNvl_L3_EW,NONE,0.047,0.0
2515,32Mt_L2_EW,32MT_EW,0.005,0.0
2520,304Nvl_L1_NS,304NVL_NS,0.009,0.004
2520,304Nvl_L3_NS,NONE,0.007,0.0
2520,32Nvl_L1_NS,32NVL_NS,0.007,0.001
2520,32Nvl_L1_EW,32NVL_EW,0.007,-0.008
2520,32Nvl_L2_EW,32NVL_EW,0.008,0.0
2520,32Nvl_L1_EW,32NVL_EW,0.007,-0.008
2520,32Nvl_L2_EW,32NVL_EW,0.007,0.0
2520,NvcNvl_L3_NS,NONE,0.007,0.0
2520,NvcNvl_L2_NS,NONE,0.007,0.0
2520,NvcNvl_L1_EW,NVCNVL_EW,0.042,0.042
2520,NvcNvl_L2_EW,NVCNVL_EW,0.039,0.039
2520,32Mt_L1_NS,32MT_NS,0.006,0.006
2520,32Mt_L1_EW,32MT_EW,0.021,0.016
2520,NvcCmt8_L2_EW,NVCCMT8_EW,0.005,0.005
2520,304Nvl_L2_NS,304NVL_NS,0.008,0.008
2520,32Nvl_L2_NS,32NVL_NS,0.007,0.001
2520,32Nvl_L3_EW,NONE,0.006,0.0
2520,32Nvl_L3_EW,NONE,0.006,0.0
2520,NvcNvl_L1_NS,NONE,0.009,0.0
2520,NvcNvl_L3_EW,NONE,0.047,0.0
2520,32Mt_L2_EW,32MT_EW,0.011,0.005
2520,NvcCmt8_L1_EW,NVCCMT8_EW,0.008,0.008
2525,304Nvl_L1_NS,304NVL_NS,0.009,-0.015
2525,304Nvl_L3_NS,NONE,0.007,0.0
2525,304Nvl_L1_EW,304NVL_EW,0.017,0.017
2525,32Nvl_L1_NS,32NVL_NS,0.035,0.028
2525,32Nvl_L1_EW,32NVL_EW,0.007,-0.008
2525,32Nvl_L2_EW,32NVL_EW,0.008,-0.004
2525,32Nvl_L1_EW,32NVL_EW,0.007,-0.008
2525,32Nvl_L2_EW,32NVL_EW,0.007,-0.004
2525,32Nvl_L3_NS,NONE,0.008,0.0
2525,32Nvl_L2_NS,32NVL_NS,0.008,0.003
2525,NvcNvl_L1_EW,NVCNVL_EW,0.042,0.042
2525,NvcNvl_L2_EW,NVCNVL_EW,0.039,0.039
2525,32Mt_L1_EW,32MT_EW,0.021,0.016
2525,32Mt_L1_NS,NONE,0.01,0.0
2525,304Nvl_L2_NS,304NVL_NS,0.008,0.002
2525,32Nvl_L2_NS,32NVL_NS,0.033,0.028
2525,32Nvl_L3_EW,NONE,0.006,0.0
2525,32Nvl_L3_EW,NONE,0.006,0.0
2525,32Nvl_L1_NS,32NVL_NS,0.007,0.0
2525,NvcNvl_L3_EW,NONE,0.047,0.0
2525,32Mt_L2_EW,32MT_EW,0.016,0.011
2525,32Mt_L2_NS,NONE,0.009,0.0
2530,304Nvl_L1_NS,304NVL_NS,0.009,-0.02
2530,304Nvl_L3_NS,NONE,0.007,0.0
2530,304Nvl_L1_EW,304NVL_EW,0.008,0.008
2530,304Nvl_L2_EW,304NVL_EW,0.007,0.007
2530,32Nvl_L3_NS,NONE,0.007,0.0
2530,32Nvl_L1_NS,32NVL_NS,0.042,0.035
2530,32Nvl_L1_EW,32NVL_EW,0.007,-0.003
2530,32Nvl_L2_EW,32NVL_EW,0.008,0.0
2530,32Nvl_L1_EW,32NVL_EW,0.007,-0.003
2530,32Nvl_L2_EW,32NVL_EW,0.007,0.0
2530,NvcNvl_L1_EW,NVCNVL_EW,0.007,0.007
2530,32Mt_L1_EW,NONE,0.043,0.0
2530,32Mt_L3_EW,NONE,0.053,0.0
2530,32Mt_L1_EW,32MT_EW,0.014,0.009
2530,32Mt_L1_NS,NONE,0.01,0.0
2530,304Nvl_L2_NS,304NVL_NS,0.008,0.008
2530,304Nvl_L3_EW,NONE,0.006,0.0
2530,32Nvl_L2_NS,32NVL_NS,0.04,0.035
2530,32Nvl_L3_EW,NONE,0.006,0.0
2530,32Nvl_L3_EW,NONE,0.006,0.0
2530,32Mt_L2_EW,NONE,0.045,0.0
2530,32Mt_L2_EW,32MT_EW,0.011,0.005
2535,304Nvl_L1_NS,304NVL_NS,0.009,-0.015
2535,304Nvl_L3_NS,NONE,0.007,0.0
2535,32Nvl_L3_NS,NONE,0.034,0.0
2535,32Nvl_L1_NS,32NVL_NS,0.035,0.028
2535,32Nvl_L1_EW,32NVL_EW,0.007,0.007
2535,32Nvl_L2_EW,32NVL_EW,0.008,0.008
2535,32Nvl_L1_EW,32NVL_EW,0.007,0.007
2535,32Nvl_L2_EW,32NVL_EW,0.007,0.007
2535,NvcNvl_L3_NS,NONE,0.014,0.0
2535,NvcNvl_L2_NS,NONE,0.013,0.0
2535,32Mt_L1_EW,NONE,0.014,0.0
2535,32Mt_L3_EW,NONE,0.009,0.0
2535,32Mt_L1_NS,NONE,0.059,0.0
2535,304Nvl_L2_NS,304NVL_NS,0.008,0.008
2535,32Nvl_L2_NS,32NVL_NS,0.033,0.028
2535,32Nvl_L3_EW,NONE,0.006,0.0
2535,32Nvl_L3_EW,NONE,0.006,0.0
2535,NvcNvl_L1_NS,NONE,0.017,0.0
2535,32Mt_L2_EW,NONE,0.008,0.0
2535,32Mt_L2_NS,NONE,0.043,0.0
2540,304Nvl_L1_NS,304NVL_NS,0.018,0.018
2540,304Nvl_L3_NS,NONE,0.007,0.0
2540,32Nvl_L1_EW,32NVL_EW,0.007,0.002
2540,32Nvl_L2_EW,32NVL_EW,0.008,0.008
2540,32Nvl_L1_EW,32NVL_EW,0.007,0.002
2540,32Nvl_L2_EW,32NVL_EW,0.007,0.007
2540,NvcNvl_L3_NS,NONE,0.034,0.0
2540,NvcNvl_L2_NS,NONE,0.04,0.0
2540,32Mt_L1_NS,32MT_NS,0.031,0.031
2540,32Mt_L1_EW,32MT_EW,0.007,0.002
2540,32Mt_L1_NS,NONE,0.01,0.0
2540,NvcCmt8_L2_NS,NONE,0.011,0.0
2540,NvcCmt8_L1_NS,NONE,0.008,0.0
2540,304Nvl_L2_NS,304NVL_NS,0.008,0.008
2540,32Nvl_L3_EW,NONE,0.006,0.0
2540,32Nvl_L3_EW,NONE,0.006,0.0
2540,NvcNvl_L1_NS,NONE,0.052,0.0
2540,32Mt_L2_NS,NONE,0.009,0.0
2545,304Nvl_L1_NS,304NVL_NS,0.018,0.018
2545,304Nvl_L3_NS,NONE,0.007,0.0
2545,32Nvl_L1_EW,32NVL_EW,0.007,0.002
2545,32Nvl_L2_EW,32NVL_EW,0.008,0.004
2545,32Nvl_L1_EW,32NVL_EW,0.007,0.002
2545,32Nvl_L2_EW,32NVL_EW,0.007,0.004
2545,NvcNvl_L3_NS,NONE,0.007,0.0
2545,NvcNvl_L2_NS,NONE,0.007,0.0
2545,NvcNvl_L1_EW,NONE,0.011,0.0
2545,NvcNvl_L2_EW,NONE,0.008,0.0
2545,32Mt_L1_NS,32MT_NS,0.031,0.031
2545,32Mt_L1_EW,NONE,0.007,0.0
2545,32Mt_L1_EW,32MT_EW,0.007,0.002
2545,NvcMt_L2_NS,NONE,0.005,0.0
2545,304Nvl_L2_NS,304NVL_NS,0.008,0.008
2545,32Nvl_L3_EW,NONE,0.006,0.0
2545,32Nvl_L3_EW,NONE,0.006,0.0
2545,32Nvl_L1_NS,32NVL_NS,0.034,0.021
2545,NvcNvl_L1_NS,NONE,0.009,0.0
2545,32Mt_L2_EW,32MT_EW,0.005,0.0
2545,NvcMt_L1_NS,NONE,0.005,0.0
2550,304Nvl_L1_NS,304NVL_NS,0.009,0.009
2550,304Nvl_L3_NS,NONE,0.007,0.0
2550,32Nvl_L1_EW,32NVL_EW,0.014,0.009
2550,32Nvl_L2_EW,32NVL_EW,0.015,0.01
2550,32Nvl_L1_EW,32NVL_EW,0.007,0.001
2550,32Nvl_L2_EW,32NVL_EW,0.007,0.002
2550,32Nvl_L3_NS,NONE,0.008,0.0
2550,32Nvl_L2_NS,32NVL_NS,0.008,0.003
2550,NvcNvl_L3_NS,NONE,0.007,0.0
2550,NvcNvl_L2_NS,NONE,0.007,0.0
2550,NvcNvl_L1_EW,NVCNVL_EW,0.035,0.035
2550,32Mt_L1_EW,NONE,0.014,0.0
2550,32Thn_L1_EW,NONE,0.01,0.0
2550,32Thn_L2_EW,NONE,0.01,0.0
2550,32Thn_L1_EW,32THN_EW,0.008,-0.002
2550,32Thn_L2_EW,32THN_EW,0.008,-0.002
2550,32Thn_L3_EW,NONE,0.007,0.0
2550,304Nvl_L2_NS,304NVL_NS,0.008,0.002
2550,32Nvl_L3_EW,NONE,0.006,0.0
2550,32Nvl_L3_EW,NONE,0.013,0.0
2550,32Nvl_L1_NS,32NVL_NS,0.007,0.0
2550,NvcNvl_L1_NS,NONE,0.009,0.0
2550,NvcMt_L1_EW,NVCMT_EW,0.006,-0.019
2555,304Nvl_L1_NS,304NVL_NS,0.009,0.009
2555,304Nvl_L3_NS,NONE,0.007,0.0
2555,32Nvl_L1_EW,32NVL_EW,0.007,0.001
2555,32Nvl_L2_EW,32NVL_EW,0.008,0.008
2555,32Nvl_L1_EW,32NVL_EW,0.007,0.001
2555,32Nvl_L2_EW,32NVL_EW,0.007,0.007
2555,NvcNvl_L1_EW,NONE,0.011,0.0
2555,NvcNvl_L2_EW,NONE,0.008,0.0
2555,32Thn_L1_EW,32THN_EW,0.008,0.003
2555,304Nvl_L2_NS,304NVL_NS,0.008,0.008
2555,32Nvl_L3_EW,NONE,0.006,0.0
2555,32Nvl_L3_EW,NONE,0.006,0.0
2560,304Nvl_L1_NS,304NVL_NS,0.009,0.004
2560,304Nvl_L3_NS,NONE,0.007,0.0
2560,304Nvl_L1_EW,304NVL_EW,0.008,0.008
2560,304Nvl_L2_EW,304NVL_EW,0.007,0.007
2560,32Nvl_L1_NS,32NVL_NS,0.007,0.001
2560,32Nvl_L1_EW,32NVL_EW,0.007,0.007
2560,32Nvl_L2_EW,32NVL_EW,0.008,0.008
2560,32Nvl_L1_EW,32NVL_EW,0.007,0.007
2560,32Nvl_L2_EW,32NVL_EW,0.007,0.007
2560,32Nvl_L3_NS,NONE,0.008,0.0
2560,32Nvl_L2_NS,32NVL_NS,0.008,0.003
2560,32Mt_L1_EW,NONE,0.036,0.0
2560,32Mt_L3_EW,NONE,0.044,0.0
2560,32Mt_L1_NS,NONE,0.02,0.0
2560,NvcMt_L1_EW,NVCMT_EW,0.006,0.006
2560,304Nvl_L2_NS,304NVL_NS,0.008,0.002
2560,304Nvl_L3_EW,NONE,0.006,0.0
2560,32Nvl_L3_EW,NONE,0.006,0.0
2560,32Nvl_L3_EW,NONE,0.006,0.0
2560,32Nvl_L1_NS,32NVL_NS,0.013,0.007
2560,32Mt_L2_EW,NONE,0.038,0.0
2560,32Mt_L2_NS,NONE,0.017,0.0
2560,NvcMt_L2_EW,NVCMT_EW,0.008,0.008
2565,304Nvl_L1_NS,304NVL_NS,0.009,0.009
2565,304Nvl_L3_NS,NONE,0.007,0.0
2565,32Nvl_L1_EW,32NVL_EW,0.007,0.007
2565,32Nvl_L2_EW,32NVL_EW,0.008,0.008
2565,32Nvl_L1_EW,32NVL_EW,0.007,0.007
2565,32Nvl_L2_EW,32NVL_EW,0.007,0.007
2565,NvcNvl_L1_EW,NVCNVL_EW,0.035,0.035
2565,NvcNvl_L2_EW,NVCNVL_EW,0.039,0.039
2565,32Mt_L1_EW,NONE,0.072,0.0
2565,32Mt_L3_EW,NONE,0.088,0.0
2565,304Nvl_L2_NS,304NVL_NS,0.008,0.008
2565,32Nvl_L3_EW,NONE,0.006,0.0
2565,32Nvl_L3_EW,NONE,0.006,0.0
2565,NvcNvl_L3_EW,NONE,0.047,0.0
2565,32Mt_L2_EW,NONE,0.075,0.0
2570,304Thn_L1_EW,NONE,0.007,0.0
2570,304Thn_L2_EW,NONE,0.008,0.0
2570,304Nvl_L1_NS,304NVL_NS,0.009,0.009
2570,304Nvl_L3_NS,NONE,0.007,0.0
2570,304Nvl_L1_EW,304NVL_EW,0.008,0.008
2570,304Nvl_L2_EW,304NVL_EW,0.007,0.007
2570,32Nvl_L1_EW,32NVL_EW,0.034,-0.03
2570,32Nvl_L2_EW,32NVL_EW,0.037,-0.012
2570,NvcNvl_L3_NS,NONE,0.007,0.0
2570,NvcNvl_L2_NS,NONE,0.007,0.0
2570,NvcNvl_L1_EW,NVCNVL_EW,0.042,0.033
2570,NvcNvl_L2_EW,NVCNVL_EW,0.047,0.047
2570,32Mt_L1_EW,NONE,0.065,0.0
2570,32Mt_L3_EW,NONE,0.071,0.0
2570,32Mt_L1_EW,32MT_EW,0.091,0.091
2570,NvcMt_L1_EW,NVCMT_EW,0.013,-0.017
2570,304Nvl_L2_NS,304NVL_NS,0.008,0.008
2570,304Nvl_L3_EW,NONE,0.006,0.0
2570,32Nvl_L3_EW,NONE,0.031,0.0
2570,NvcNvl_L1_NS,NONE,0.009,0.0
2570,NvcNvl_L3_EW,NONE,0.056,0.0
2570,32Mt_L2_EW,NONE,0.06,0.0
2570,32Mt_L2_EW,32MT_EW,0.071,0.071
2570,NvcMt_L2_EW,NVCMT_EW,0.016,-0.017
2575,304Thn_L1_EW,NONE,0.007,0.0
2575,304Thn_L2_EW,NONE,0.008,0.0
2575,304Nvl_L1_NS,304NVL_NS,0.009,0.009
2575,304Nvl_L3_NS,NONE,0.007,0.0
2575,304Nvl_L1_EW,304NVL_EW,0.008,0.008
2575,304Nvl_L2_EW,304NVL_EW,0.007,0.007
2575,304Nvl_L1_NS,NONE,0.007,0.0
2575,NvcNvl_L1_EW,NONE,0.011,0.0
2575,32Mt_L1_EW,NONE,0.007,0.0
2575,32Mt_L3_EW,NONE,0.009,0.0
2575,32Mt_L1_EW,32MT_EW,0.056,0.056
2575,32Mt_L1_NS,NONE,0.01,0.0
2575,NvcMt_L2_NS,NONE,0.063,0.0
2575,32Thn_L1_EW,NONE,0.116,0.0
2575,32Thn_L2_EW,NONE,0.121,0.0
2575,32Thn_L3_EW,NONE,0.083,0.0
2575,304Nvl_L2_NS,304NVL_NS,0.008,0.008
2575,304Nvl_L3_EW,NONE,0.006,0.0
2575,32Nvl_L1_NS,32NVL_NS,0.007,0.0
2575,32Mt_L2_EW,NONE,0.008,0.0
2575,32Mt_L2_EW,32MT_EW,0.016,0.016
2575,32Mt_L2_NS,NONE,0.009,0.0
2575,NvcMt_L1_NS,NONE,0.071,0.0
2575,304Thn_L3_EW,NONE,0.008,0.0
2580,304Thn_L1_EW,304THN_EW,0.008,0.008
2580,304Nvl_L1_NS,304NVL_NS,0.009,0.009
2580,304Nvl_L3_NS,NONE,0.007,0.0
2580,304Nvl_L1_NS,NONE,0.007,0.0
2580,304Nvl_L3_NS,NONE,0.008,0.0
2580,32Nvl_L3_NS,NONE,0.05,0.0
2580,32Nvl_L2_NS,32NVL_NS,0.047,0.042
2580,NvcNvl_L3_NS,NONE,0.007,0.0
2580,NvcNvl_L2_NS,NONE,0.007,0.0
2580,NvcNvl_L1_EW,NONE,0.064,0.0
2580,NvcNvl_L2_EW,NONE,0.046,0.0
2580,32Mt_L1_EW,32MT_EW,0.077,0.077
2580,32Mt_L1_NS,NONE,0.01,0.0
2580,NvcMt_L2_NS,NONE,0.074,0.0
2580,NvcMt_L1_NS,NVCMT_NS,0.007,0.007
2580,32Thn_L1_EW,NONE,0.116,0.0
2580,32Thn_L2_EW,NONE,0.121,0.0
2580,32Thn_L3_EW,NONE,0.083,0.0
2580,304Nvl_L2_NS,304NVL_NS,0.008,-0.026
2580,304Nvl_L2_NS,NONE,0.007,0.0
2580,32Nvl_L1_NS,32NVL_NS,0.054,0.047
2580,NvcNvl_L1_NS,NONE,0.009,0.0
2580,32Mt_L2_EW,32MT_EW,0.054,0.054
2580,NvcMt_L1_NS,NONE,0.077,0.0
2580,NvcMt_L2_NS,NVCMT_NS,0.005,0.005
2585,304Nvl_L1_NS,NONE,0.007,0.0
2585,32Nvl_L3_NS,NONE,0.033,0.0
2585,32Nvl_L2_NS,32NVL_NS,0.032,0.032
2585,32Mt_L1_EW,32MT_EW,0.098,0.098
2585,32Mt_L1_NS,NONE,0.02,0.0
2585,NvcMt_L2_NS,NONE,0.011,0.0
2585,NvcMt_L1_EW,NVCMT_EW,0.032,0.032
2585,32Thn_L1_EW,32THN_EW,0.096,0.096
2585,32Nvl_L1_NS,32NVL_NS,0.034,0.034
2585,32Mt_L2_EW,32MT_EW,0.005,0.005
2585,NvcMt_L1_NS,NONE,0.011,0.0
2585,NvcMt_L2_EW,NVCMT_EW,0.04,0.04
2590,304Nvl_L1_EW,304NVL_EW,0.144,0.144
2590,304Nvl_L2_EW,304NVL_EW,0.123,0.123
2590,32Nvl_L3_NS,NONE,0.008,0.0
2590,32Nvl_L2_NS,32NVL_NS,0.008,0.008
2590,NvcNvl_L3_NS,NONE,0.014,0.0
2590,NvcNvl_L2_NS,NONE,0.013,0.0
2590,32Mt_L1_EW,32MT_EW,0.105,0.105
2590,NvcMt_L2_NS,NONE,0.005,0.0
2590,NvcMt_L1_EW,NVCMT_EW,0.032,0.032
2590,32Thn_L1_EW,32THN_EW,0.096,0.096
2590,304Nvl_L3_EW,NONE,0.108,0.0
2590,32Nvl_L1_NS,32NVL_NS,0.007,0.007
2590,NvcNvl_L1_NS,NONE,0.017,0.0
2590,NvcMt_L1_NS,NONE,0.005,0.0
2590,NvcMt_L2_EW,NVCMT_EW,0.04,0.04
2595,304Nvl_L1_EW,304NVL_EW,0.127,0.127
2595,304Nvl_L2_EW,304NVL_EW,0.102,0.102
2595,304Nvl_L1_NS,NONE,0.007,0.0
2595,32Nvl_L1_NS,32NVL_NS,0.007,0.007
2595,NvcNvl_L3_NS,NONE,0.007,0.0
2595,NvcNvl_L2_NS,NONE,0.007,0.0
2595,32Mt_L1_EW,32MT_EW,0.105,0.105
2595,NvcMt_L1_EW,NVCMT_EW,0.032,0.032
2595,304Nvl_L3_EW,NONE,0.089,0.0
2595,32Nvl_L1_NS,32NVL_NS,0.04,0.04
2595,NvcNvl_L1_NS,NONE,0.009,0.0
2595,32Mt_L2_EW,32MT_EW,0.011,0.011
2595,NvcMt_L2_EW,NVCMT_EW,0.04,0.04
2600,304Nvl_L1_EW,304NVL_EW,0.068,0.068
2600,304Nvl_L2_EW,304NVL_EW,0.058,0.058
2600,304Nvl_L1_NS,NONE,0.036,0.0
2600,32Nvl_L1_NS,32NVL_NS,0.014,0.014
2600,32Nvl_L1_EW,32NVL_EW,0.007,-0.008
2600,32Nvl_L2_EW,32NVL_EW,0.007,0.004
2600,32Mt_L1_EW,NONE,0.007,0.0
2600,32Mt_L3_EW,NONE,0.009,0.0
2600,32Mt_L1_EW,32MT_EW,0.021,0.021
2600,NvcMt_L1_EW,NVCMT_EW,0.032,0.032
2600,304Nvl_L3_EW,NONE,0.019,0.0
2600,32Nvl_L2_NS,32NVL_NS,0.007,0.007
2600,32Nvl_L3_EW,NONE,0.006,0.0
2600,32Nvl_L1_NS,32NVL_NS,0.013,0.013
2600,32Mt_L2_EW,NONE,0.008,0.0
2600,32Mt_L2_EW,32MT_EW,0.005,0.005
2600,NvcMt_L2_EW,NVCMT_EW,0.04,0.04
2605,304Nvl_L1_EW,304NVL_EW,0.059,0.059
2605,304Nvl_L2_EW,304NVL_EW,0.051,0.051
2605,304Nvl_L1_NS,NONE,0.088,0.0
2605,32Nvl_L1_EW,32NVL_EW,0.007,0.007
2605,32Nvl_L2_EW,32NVL_EW,0.007,0.007
2605,NvcNvl_L3_NS,NONE,0.007,0.0
2605,NvcNvl_L2_NS,NONE,0.007,0.0
2605,32Mt_L1_EW,NONE,0.014,0.0
2605,32Mt_L3_EW,NONE,0.018,0.0
2605,304Nvl_L3_EW,NONE,0.044,0.0
2605,32Nvl_L3_EW,NONE,0.006,0.0
2605,NvcNvl_L1_NS,NONE,0.009,0.0
2605,32Mt_L2_EW,NONE,0.015,0.0
2610,304Nvl_L1_EW,NONE,0.008,0.0
2610,304Nvl_L1_NS,NONE,0.007,0.0
2610,32Nvl_L3_NS,NONE,0.007,0.0
2610,32Nvl_L1_NS,32NVL_NS,0.007,0.007
2610,32Nvl_L1_EW,32NVL_EW,0.007,0.002
2610,32Nvl_L2_EW,32NVL_EW,0.007,0.007
2610,NvcNvl_L1_EW,NONE,0.011,0.0
2610,NvcNvl_L2_EW,NONE,0.008,0.0
2610,NvcNvl_L1_EW,NVCNVL_EW,0.007,0.007
2610,NvcNvl_L2_EW,NVCNVL_EW,0.008,0.008
2610,32Mt_L1_EW,32MT_EW,0.007,0.007
2610,NvcMt_L2_NS,NONE,0.005,0.0
2610,32Nvl_L2_NS,32NVL_NS,0.007,0.007
2610,32Nvl_L3_EW,NONE,0.006,0.0
2610,NvcNvl_L3_EW,NONE,0.006,0.0
2610,NvcNvl_L3_EW,NONE,0.009,0.0
2610,NvcMt_L1_NS,NONE,0.005,0.0
2610,NvcMt_L2_EW,NVCMT_EW,0.008,0.002
2615,304Nvl_L1_EW,304NVL_EW,0.017,0.017
2615,304Nvl_L1_NS,NONE,0.044,0.0
2615,32Nvl_L1_NS,32NVL_NS,0.007,0.007
2615,32Nvl_L1_EW,32NVL_EW,0.007,-0.003
2615,32Nvl_L2_EW,32NVL_EW,0.007,0.007
2615,NvcNvl_L3_NS,NONE,0.007,0.0
2615,NvcNvl_L2_NS,NONE,0.007,0.0
2615,NvcNvl_L1_EW,NONE,0.053,0.0
2615,NvcNvl_L2_EW,NONE,0.038,0.0
2615,32Mt_L1_EW,NONE,0.014,0.0
2615,32Mt_L3_EW,NONE,0.018,0.0
2615,32Mt_L1_EW,32MT_EW,0.014,0.014
2615,NvcMt_L2_EW,NVCMT_EW,0.003,0.003
2615,32Nvl_L2_NS,32NVL_NS,0.007,0.007
2615,32Nvl_L3_EW,NONE,0.006,0.0
2615,NvcNvl_L1_NS,NONE,0.009,0.0
2615,NvcNvl_L3_EW,NONE,0.032,0.0
2615,32Mt_L2_EW,NONE,0.015,0.0
2615,NvcMt_L1_EW,NVCMT_EW,0.006,0.006
2620,304Nvl_L1_NS,NONE,0.015,0.0
2620,304Nvl_L3_NS,NONE,0.008,0.0
2620,32Nvl_L3_NS,NONE,0.007,0.0
2620,32Nvl_L1_NS,32NVL_NS,0.007,0.007
2620,32Nvl_L1_EW,32NVL_EW,0.007,-0.018
2620,32Nvl_L2_EW,32NVL_EW,0.007,-0.008
2620,NvcNvl_L3_NS,NONE,0.007,0.0
2620,NvcNvl_L2_NS,NONE,0.007,0.0
2620,NvcNvl_L1_EW,NONE,0.053,0.0
2620,NvcNvl_L2_EW,NONE,0.038,0.0
2620,32Mt_L1_EW,NONE,0.007,0.0
2620,32Mt_L3_EW,NONE,0.009,0.0
2620,32Mt_L1_EW,32MT_EW,0.035,0.035
2620,32Mt_L1_NS,NONE,0.01,0.0
2620,NvcMt_L1_EW,NVCMT_EW,0.006,0.006
2620,NvcMt_L2_EW,NVCMT_EW,0.003,0.003
2620,304Nvl_L2_NS,NONE,0.007,0.0
2620,32Nvl_L2_NS,32NVL_NS,0.007,0.007
2620,32Nvl_L3_EW,NONE,0.006,0.0
2620,32Nvl_L1_NS,32NVL_NS,0.007,0.007
2620,NvcNvl_L1_NS,NONE,0.009,0.0
2620,NvcNvl_L3_EW,NONE,0.032,0.0
2620,32Mt_L2_EW,NONE,0.008,0.0
2620,32Mt_L2_EW,32MT_EW,0.022,0.022
2620,32Mt_L2_NS,NONE,0.009,0.0
2620,NvcMt_L2_EW,NVCMT_EW,0.008,0.008
2620,NvcMt_L1_EW,NVCMT_EW,0.006,0.006
2625,304Nvl_L1_NS,NONE,0.007,0.0
2625,304Nvl_L3_NS,NONE,0.008,0.0
2625,32Nvl_L1_EW,32NVL_EW,0.007,-0.018
2625,32Nvl_L2_EW,32NVL_EW,0.007,-0.004
2625,NvcNvl_L3_NS,NONE,0.007,0.0
2625,NvcNvl_L2_NS,NONE,0.007,0.0
2625,32Mt_L1_EW,32MT_EW,0.035,0.035
2625,32Mt_L1_NS,NONE,0.01,0.0
2625,NvcMt_L1_EW,NVCMT_EW,0.006,0.006
2625,NvcMt_L2_EW,NVCMT_EW,0.003,0.003
2625,NvcCmt8_L2_NS,NONE,0.011,0.0
2625,NvcCmt8_L1_NS,NONE,0.008,0.0
2625,304Nvl_L2_NS,NONE,0.007,0.0
2625,32Nvl_L3_EW,NONE,0.006,0.0
2625,32Nvl_L1_NS,32NVL_NS,0.007,0.007
2625,NvcNvl_L1_NS,NONE,0.009,0.0
2625,32Mt_L2_EW,32MT_EW,0.016,0.016
2625,32Mt_L2_NS,NONE,0.009,0.0
2625,NvcMt_L2_EW,NVCMT_EW,0.008,0.008
2625,NvcMt_L1_EW,NVCMT_EW,0.006,0.006
2630,304Nvl_L1_EW,304NVL_EW,0.008,0.008
2630,32Nvl_L1_NS,32NVL_NS,0.035,0.035
2630,32Nvl_L1_EW,32NVL_EW,0.007,-0.018
2630,32Nvl_L2_EW,32NVL_EW,0.007,-0.006
2630,NvcNvl_L1_EW,NVCNVL_EW,0.007,0.003
2630,32Mt_L1_EW,32MT_EW,0.028,0.028
2630,32Mt_L1_NS,NONE,0.02,0.0
2630,NvcMt_L2_NS,NONE,0.005,0.0
2630,NvcMt_L1_EW,NVCMT_EW,0.006,0.001
2630,NvcMt_L2_EW,NVCMT_EW,0.003,0.003
2630,32Thn_L1_EW,32THN_EW,0.008,0.008
2630,32Thn_L2_EW,32THN_EW,0.008,0.008
2630,32Thn_L3_EW,NONE,0.008,0.0
2630,32Nvl_L2_NS,32NVL_NS,0.033,0.033
2630,32Nvl_L3_EW,NONE,0.006,0.0
2630,32Mt_L2_EW,32MT_EW,0.011,0.011
2630,32Mt_L2_NS,NONE,0.017,0.0
2630,NvcMt_L1_NS,NONE,0.005,0.0
2630,NvcMt_L2_EW,NVCMT_EW,0.008,0.008
2630,NvcMt_L1_EW,NVCMT_EW,0.006,0.001
2635,304Nvl_L1_EW,304NVL_EW,0.008,0.008
2635,32Nvl_L1_EW,32NVL_EW,0.007,-0.018
2635,32Nvl_L2_EW,32NVL_EW,0.007,-0.008
2635,NvcNvl_L1_EW,NONE,0.053,0.0
2635,NvcNvl_L2_EW,NONE,0.038,0.0
2635,NvcNvl_L1_EW,NVCNVL_EW,0.007,0.003
2635,32Mt_L1_NS,32MT_NS,0.006,0.006
2635,32Mt_L1_EW,32MT_EW,0.035,0.035
2635,32Mt_L1_NS,NONE,0.02,0.0
2635,NvcMt_L1_EW,NVCMT_EW,0.006,0.001
2635,32Thn_L1_EW,NONE,0.01,0.0
2635,32Nvl_L3_EW,NONE,0.006,0.0
2635,32Mt_L2_EW,32MT_EW,0.022,0.022
2635,32Mt_L2_NS,NONE,0.009,0.0
2635,NvcMt_L2_EW,NVCMT_EW,0.008,0.008
2640,32Nvl_L3_NS,NONE,0.089,0.0
2640,32Nvl_L1_NS,32NVL_NS,0.09,0.09
2640,32Nvl_L1_EW,32NVL_EW,0.007,-0.018
2640,32Nvl_L2_EW,32NVL_EW,0.007,-0.008
2640,32Mt_L1_NS,32MT_NS,0.006,0.006
2640,32Mt_L1_EW,32MT_EW,0.035,0.035
2640,32Mt_L1_NS,NONE,0.01,0.0
2640,32Nvl_L2_NS,32NVL_NS,0.087,0.087
2640,32Nvl_L3_EW,NONE,0.006,0.0
2640,32Nvl_L1_NS,32NVL_NS,0.034,0.034
2640,32Mt_L2_EW,32MT_EW,0.022,0.022
2645,304Nvl_L1_EW,304NVL_EW,0.11,0.11
2645,304Nvl_L2_EW,304NVL_EW,0.094,0.094
2645,32Nvl_L3_NS,NONE,0.041,0.0
2645,32Nvl_L1_NS,32NVL_NS,0.048,0.048
2645,32Nvl_L1_EW,32NVL_EW,0.007,-0.003
2645,32Nvl_L2_EW,32NVL_EW,0.007,0.004
2645,32Mt_L1_EW,NONE,0.007,0.0
2645,32Mt_L1_EW,32MT_EW,0.014,0.014
2645,304Nvl_L3_EW,NONE,0.082,0.0
2645,32Nvl_L2_NS,32NVL_NS,0.047,0.047
2645,32Nvl_L3_EW,NONE,0.006,0.0
2645,32Mt_L2_EW,NONE,0.008,0.0
2645,32Mt_L2_EW,32MT_EW,0.005,0.005
2650,304Nvl_L1_EW,304NVL_EW,0.059,0.059
2650,304Nvl_L2_EW,304NVL_EW,0.051,0.051
2650,32Nvl_L1_NS,32NVL_NS,0.007,0.007
2650,32Nvl_L1_EW,32NVL_EW,0.007,0.007
2650,32Nvl_L2_EW,32NVL_EW,0.007,0.007
2650,NvcNvl_L3_NS,NONE,0.034,0.0
2650,NvcNvl_L2_NS,NONE,0.033,0.0
2650,32Mt_L1_NS,NONE,0.01,0.0
2650,NvcMt_L2_NS,NONE,0.005,0.0
2650,304Nvl_L3_EW,NONE,0.044,0.0
2650,32Nvl_L2_NS,32NVL_NS,0.007,0.007
2650,32Nvl_L3_EW,NONE,0.006,0.0
2650,32Nvl_L1_NS,32NVL_NS,0.081,0.081
2650,NvcNvl_L1_NS,NONE,0.044,0.0
2650,NvcMt_L1_NS,NONE,0.005,0.0
2655,304Nvl_L1_EW,304NVL_EW,0.025,0.025
2655,304Nvl_L2_EW,304NVL_EW,0.022,0.022
2655,304Nvl_L1_NS,NONE,0.088,0.0
2655,32Nvl_L1_EW,32NVL_EW,0.007,0.007
2655,32Nvl_L2_EW,32NVL_EW,0.007,0.007
2655,NvcNvl_L3_NS,NONE,0.007,0.0
2655,NvcNvl_L2_NS,NONE,0.007,0.0
2655,32Mt_L1_NS,NONE,0.01,0.0
2655,NvcMt_L2_NS,NONE,0.005,0.0
2655,304Nvl_L3_EW,NONE,0.013,0.0
2655,32Nvl_L3_EW,NONE,0.006,0.0
2655,32Nvl_L1_NS,32NVL_NS,0.087,0.087
2655,NvcNvl_L1_NS,NONE,0.009,0.0
2655,NvcMt_L1_NS,NONE,0.005,0.0
2660,304Nvl_L1_NS,NONE,0.044,0.0
2660,32Nvl_L1_EW,32NVL_EW,0.007,0.007
2660,32Nvl_L2_EW,32NVL_EW,0.007,0.007
2660,32Mt_L1_NS,32MT_NS,0.006,0.006
2660,32Mt_L1_EW,NONE,0.036,0.0
2660,32Mt_L3_EW,NONE,0.044,0.0
2660,32Nvl_L3_EW,NONE,0.006,0.0
2660,32Nvl_L1_NS,32NVL_NS,0.007,0.007
2660,32Mt_L2_EW,NONE,0.038,0.0
2665,304Nvl_L1_EW,304NVL_EW,0.042,0.042
2665,304Nvl_L2_EW,304NVL_EW,0.036,0.036
2665,304Nvl_L1_NS,NONE,0.022,0.0
2665,32Nvl_L1_EW,32NVL_EW,0.007,0.007
2665,32Nvl_L2_EW,32NVL_EW,0.008,0.008
2665,32Nvl_L1_EW,32NVL_EW,0.007,0.007
2665,32Nvl_L2_EW,32NVL_EW,0.007,0.007
2665,NvcNvl_L3_NS,NONE,0.007,0.0
2665,NvcNvl_L2_NS,NONE,0.007,0.0
2665,32Mt_L1_NS,32MT_NS,0.006,0.006
2665,32Mt_L1_EW,NONE,0.036,0.0
2665,32Mt_L3_EW,NONE,0.044,0.0
2665,304Nvl_L3_EW,NONE,0.032,0.0
2665,32Nvl_L3_EW,NONE,0.006,0.0
2665,32Nvl_L3_EW,NONE,0.006,0.0
2665,NvcNvl_L1_NS,NONE,0.009,0.0
2665,32Mt_L2_EW,NONE,0.038,0.0
2670,304Nvl_L1_EW,304NVL_EW,0.059,0.059
2670,304Nvl_L2_EW,304NVL_EW,0.051,0.051
2670,304Nvl_L1_NS,NONE,0.007,0.0
2670,32Nvl_L1_EW,32NVL_EW,0.014,0.014
2670,32Nvl_L2_EW,32NVL_EW,0.015,0.015
2670,32Nvl_L1_EW,32NVL_EW,0.007,0.007
2670,32Nvl_L2_EW,32NVL_EW,0.007,0.007
2670,NvcNvl_L1_EW,NONE,0.064,0.0
2670,NvcNvl_L2_EW,NONE,0.046,0.0
2670,32Mt_L1_EW,NONE,0.036,0.0
2670,32Mt_L3_EW,NONE,0.044,0.0
2670,304Nvl_L3_EW,NONE,0.044,0.0
2670,32Nvl_L3_EW,NONE,0.006,0.0
2670,32Nvl_L3_EW,NONE,0.013,0.0
2670,NvcNvl_L3_EW,NONE,0.038,0.0
2670,32Mt_L2_EW,NONE,0.038,0.0
2675,304Thn_L1_EW,NONE,0.007,0.0
2675,304Thn_L2_EW,NONE,0.008,0.0
2675,304Nvl_L1_EW,304NVL_EW,0.051,0.051
2675,304Nvl_L2_EW,304NVL_EW,0.044,0.044
2675,304Nvl_L1_NS,NONE,0.036,0.0
2675,32Nvl_L1_EW,32NVL_EW,0.007,-0.017
2675,32Nvl_L2_EW,32NVL_EW,0.008,-0.011
2675,32Nvl_L1_EW,32NVL_EW,0.007,-0.018
2675,32Nvl_L2_EW,32NVL_EW,0.007,-0.012
2675,32Nvl_L3_NS,NONE,0.008,0.0
2675,32Nvl_L2_NS,32NVL_NS,0.008,0.008
2675,NvcNvl_L1_EW,NONE,0.011,0.0
2675,NvcNvl_L2_EW,NONE,0.008,0.0
2675,32Mt_L1_EW,NONE,0.079,0.0
2675,32Mt_L3_EW,NONE,0.088,0.0
2675,32Mt_L1_EW,32MT_EW,0.035,0.03
2675,NvcMt_L2_NS,NONE,0.026,0.0
2675,304Nvl_L3_EW,NONE,0.038,0.0
2675,32Nvl_L3_EW,NONE,0.006,0.0
2675,32Nvl_L3_EW,NONE,0.006,0.0
2675,32Nvl_L1_NS,32NVL_NS,0.007,0.007
2675,NvcNvl_L3_EW,NONE,0.006,0.0
2675,32Mt_L2_EW,NONE,0.083,0.0
2675,32Mt_L2_EW,32MT_EW,0.027,0.022
2675,NvcMt_L1_NS,NONE,0.027,0.0
2675,304Thn_L3_EW,NONE,0.008,0.0
2680,304Thn_L1_EW,304THN_EW,0.008,0.002
2680,304Nvl_L1_EW,304NVL_EW,0.008,0.003
2680,304Nvl_L2_EW,304NVL_EW,0.007,0.007
2680,304Nvl_L1_NS,NONE,0.051,0.0
2680,32Nvl_L1_EW,32NVL_EW,0.014,0.014
2680,32Nvl_L2_EW,32NVL_EW,0.015,0.015
2680,32Nvl_L1_EW,32NVL_EW,0.007,0.007
2680,32Nvl_L2_EW,32NVL_EW,0.007,0.007
2680,32Nvl_L3_NS,NONE,0.042,0.0
2680,32Nvl_L2_NS,32NVL_NS,0.039,0.039
2680,32Mt_L1_EW,NONE,0.05,0.0
2680,32Mt_L3_EW,NONE,0.062,0.0
2680,NvcMt_L2_NS,NONE,0.026,0.0
2680,NvcMt_L1_EW,NVCMT_EW,0.006,0.006
2680,304Nvl_L3_EW,NONE,0.006,0.0
2680,32Nvl_L3_EW,NONE,0.006,0.0
2680,32Nvl_L3_EW,NONE,0.013,0.0
2680,32Nvl_L1_NS,32NVL_NS,0.034,0.034
2680,32Mt_L2_EW,NONE,0.053,0.0
2680,NvcMt_L1_NS,NONE,0.027,0.0
2680,NvcMt_L2_EW,NVCMT_EW,0.008,0.008
2685,304Nvl_L1_EW,304NVL_EW,0.085,0.085
2685,304Nvl_L2_EW,304NVL_EW,0.036,0.036
2685,304Nvl_L1_NS,NONE,0.007,0.0
2685,32Nvl_L1_NS,32NVL_NS,0.083,0.083
2685,32Nvl_L1_EW,32NVL_EW,0.007,-0.018
2685,32Nvl_L2_EW,32NVL_EW,0.007,0.007
2685,NvcNvl_L3_NS,NONE,0.041,0.0
2685,NvcNvl_L2_NS,NONE,0.04,0.0
2685,32Mt_L1_NS,32MT_NS,0.006,0.006
2685,32Mt_L1_EW,32MT_EW,0.035,0.035
2685,NvcMt_L1_EW,NVCMT_EW,0.006,0.006
2685,32Nvl_L2_NS,32NVL_NS,0.08,0.08
2685,32Nvl_L3_EW,NONE,0.006,0.0
2685,NvcNvl_L1_NS,NONE,0.052,0.0
2685,32Mt_L2_NS,32MT_NS,0.006,0.006
2685,NvcMt_L2_EW,NVCMT_EW,0.008,0.008
2685,NvcMt_L1_EW,NVCMT_EW,0.028,0.028
2690,304Nvl_L1_EW,304NVL_EW,0.042,0.042
2690,304Nvl_L2_EW,304NVL_EW,0.036,0.036
2690,304Nvl_L1_NS,NONE,0.007,0.0
2690,32Nvl_L3_NS,NONE,0.041,0.0
2690,32Nvl_L1_NS,32NVL_NS,0.125,0.125
2690,32Nvl_L1_EW,32NVL_EW,0.007,-0.047
2690,NvcNvl_L3_NS,NONE,0.034,0.0
2690,NvcNvl_L2_NS,NONE,0.033,0.0
2690,32Mt_L1_NS,32MT_NS,0.006,0.006
2690,32Mt_L1_EW,NONE,0.043,0.0
2690,32Mt_L3_EW,NONE,0.044,0.0
2690,32Mt_L1_EW,32MT_EW,0.077,0.077
2690,304Nvl_L3_EW,NONE,0.032,0.0
2690,32Nvl_L2_NS,32NVL_NS,0.12,0.12
2690,32Nvl_L1_NS,32NVL_NS,0.007,0.007
2690,NvcNvl_L1_NS,NONE,0.044,0.0
2690,32Mt_L2_NS,32MT_NS,0.006,0.006
2690,32Mt_L2_EW,NONE,0.045,0.0
2690,32Mt_L2_EW,32MT_EW,0.054,0.054
2695,304Nvl_L1_EW,304NVL_EW,0.042,0.042
2695,304Nvl_L2_EW,304NVL_EW,0.036,0.036
2695,32Nvl_L3_NS,NONE,0.048,0.0
2695,32Nvl_L1_NS,32NVL_NS,0.131,0.131
2695,32Nvl_L3_NS,NONE,0.008,0.0
2695,32Nvl_L2_NS,32NVL_NS,0.008,0.008
2695,32Mt_L1_NS,32MT_NS,0.006,0.006
2695,32Mt_L1_EW,NONE,0.014,0.0
2695,32Mt_L3_EW,NONE,0.018,0.0
2695,32Mt_L1_EW,32MT_EW,0.014,0.014
2695,NvcMt_L1_EW,NVCMT_EW,0.006,0.006
2695,NvcCmt8_L2_NS,NONE,0.011,0.0
2695,32Thn_L1_EW,32THN_EW,0.008,0.008
2695,32Thn_L2_EW,32THN_EW,0.008,0.008
2695,NvcCmt8_L1_NS,NONE,0.008,0.0
2695,32Thn_L3_EW,NONE,0.008,0.0
2695,304Nvl_L3_EW,NONE,0.032,0.0
2695,32Nvl_L2_NS,32NVL_NS,0.127,0.127
2695,32Nvl_L1_NS,32NVL_NS,0.013,0.013
2695,32Mt_L2_NS,32MT_NS,0.006,0.006
2695,32Mt_L2_EW,NONE,0.015,0.0
2695,32Mt_L2_EW,32MT_EW,0.011,0.011
2695,NvcMt_L2_EW,NVCMT_EW,0.008,0.008
2700,304Nvl_L1_EW,304NVL_EW,0.093,0.093
2700,304Nvl_L2_EW,304NVL_EW,0.044,0.044
2700,32Nvl_L3_NS,NONE,0.014,0.0
2700,32Nvl_L1_NS,32NVL_NS,0.014,0.014
2700,32Mt_L1_EW,32MT_EW,0.007,0.007
2700,NvcMt_L1_EW,NVCMT_EW,0.006,0.006
2700,NvcMt_L1_NS,NVCMT_NS,0.007,0.007
2700,32Thn_L1_EW,NONE,0.01,0.0
2700,304Nvl_L3_EW,NONE,0.038,0.0
2700,32Nvl_L2_NS,32NVL_NS,0.013,0.013
2700,32Mt_L2_EW,32MT_EW,0.005,0.005
2700,NvcMt_L2_EW,NVCMT_EW,0.008,0.008
2700,NvcMt_L2_NS,NVCMT_NS,0.005,0.005
2705,304Nvl_L1_EW,304NVL_EW,0.093,0.093
2705,304Nvl_L2_EW,304NVL_EW,0.044,0.044
2705,32Nvl_L3_NS,NONE,0.041,0.0
2705,32Nvl_L1_NS,32NVL_NS,0.048,0.048
2705,32Mt_L1_EW,32MT_EW,0.021,0.021
2705,32Mt_L1_NS,NONE,0.049,0.0
2705,NvcMt_L1_EW,NVCMT_EW,0.006,0.006
2705,32Thn_L1_EW,NONE,0.01,0.0
2705,304Nvl_L3_EW,NONE,0.038,0.0
2705,32Nvl_L2_NS,32NVL_NS,0.04,0.04
2705,32Nvl_L1_NS,32NVL_NS,0.034,0.034
2705,32Mt_L2_EW,32MT_EW,0.016,0.016
2705,NvcMt_L2_EW,NVCMT_EW,0.008,0.008
2710,32Nvl_L3_NS,NONE,0.014,0.0
2710,32Nvl_L1_NS,32NVL_NS,0.021,0.021
2710,NvcNvl_L3_NS,NONE,0.007,0.0
2710,NvcNvl_L2_NS,NONE,0.007,0.0
2710,32Mt_L1_EW,32MT_EW,0.028,0.028
2710,32Mt_L1_NS,NONE,0.01,0.0
2710,NvcMt_L2_NS,NONE,0.005,0.0
2710,32Nvl_L2_NS,32NVL_NS,0.02,0.02
2710,32Nvl_L1_NS,32NVL_NS,0.007,0.007
2710,NvcNvl_L1_NS,NONE,0.009,0.0
2710,32Mt_L2_EW,32MT_EW,0.016,0.016
2710,NvcMt_L1_NS,NONE,0.005,0.0
2715,32Nvl_L1_NS,32NVL_NS,0.007,0.007
2715,32Nvl_L1_EW,32NVL_EW,0.007,0.002
2715,32Nvl_L2_EW,32NVL_EW,0.008,0.004
2715,NvcNvl_L1_EW,NONE,0.011,0.0
2715,NvcNvl_L2_EW,NONE,0.008,0.0
2715,32Mt_L1_EW,NONE,0.007,0.0
2715,32Mt_L1_EW,32MT_EW,0.007,0.002
2715,32Mt_L1_NS,NONE,0.01,0.0
2715,NvcMt_L2_NS,NONE,0.011,0.0
2715,32Nvl_L2_NS,32NVL_NS,0.007,0.007
2715,32Nvl_L3_EW,NONE,0.006,0.0
2715,32Nvl_L1_NS,32NVL_NS,0.034,0.034
2715,32Mt_L2_EW,32MT_EW,0.005,0.0
2715,NvcMt_L1_NS,NONE,0.011,0.0
2720,304Nvl_L1_EW,304NVL_EW,0.008,0.008
2720,304Nvl_L2_EW,304NVL_EW,0.007,0.007
2720,304Nvl_L1_EW,NONE,0.008,0.0
2720,32Nvl_L1_EW,32NVL_EW,0.007,-0.003
2720,32Nvl_L2_EW,32NVL_EW,0.008,0.004
2720,NvcNvl_L3_NS,NONE,0.007,0.0
2720,NvcNvl_L2_NS,NONE,0.007,0.0
2720,32Mt_L1_EW,NONE,0.007,0.0
2720,32Mt_L1_EW,32MT_EW,0.014,0.009
2720,304Nvl_L3_EW,NONE,0.006,0.0
2720,32Nvl_L3_EW,NONE,0.006,0.0
2720,32Nvl_L1_NS,32NVL_NS,0.007,0.007
2720,NvcNvl_L1_NS,NONE,0.009,0.0
2720,32Mt_L2_EW,32MT_EW,0.005,0.0
2725,304Thn_L2_NS,304THN_NS,0.009,0.009
2725,32Nvl_L1_EW,32NVL_EW,0.007,-0.065
2725,32Nvl_L2_EW,32NVL_EW,0.008,-0.066
2725,32Mt_L1_EW,NONE,0.007,0.0
2725,32Mt_L1_EW,32MT_EW,0.007,0.002
2725,32Mt_L1_NS,NONE,0.01,0.0
2725,32Thn_L1_EW,32THN_EW,0.096,0.091
2725,32Thn_L2_EW,32THN_EW,0.1,0.095
2725,32Thn_L3_EW,NONE,0.098,0.0
2725,32Nvl_L3_EW,NONE,0.006,0.0
2725,32Mt_L2_EW,32MT_EW,0.005,0.0
2725,304Thn_L1_NS,304THN_NS,0.008,0.008
2730,304Nvl_L1_EW,304NVL_EW,0.042,0.042
2730,304Nvl_L1_NS,NONE,0.015,0.0
2730,304Nvl_L3_NS,NONE,0.008,0.0
2730,32Nvl_L1_EW,32NVL_EW,0.007,-0.065
2730,32Nvl_L2_EW,32NVL_EW,0.008,-0.066
2730,NvcNvl_L1_EW,NONE,0.011,0.0
2730,NvcNvl_L2_EW,NONE,0.008,0.0
2730,32Mt_L1_EW,NONE,0.014,0.0
2730,32Mt_L1_EW,32MT_EW,0.007,0.002
2730,NvcMt_L2_NS,NONE,0.005,0.0
2730,NvcMt_L1_EW,NVCMT_EW,0.006,0.006
2730,32Thn_L1_EW,32THN_EW,0.096,0.091
2730,32Thn_L2_EW,32THN_EW,0.1,0.095
2730,32Thn_L3_EW,NONE,0.098,0.0
2730,304Nvl_L2_NS,NONE,0.007,0.0
2730,32Nvl_L3_EW,NONE,0.006,0.0
2730,NvcNvl_L3_EW,NONE,0.006,0.0
2730,32Mt_L2_EW,32MT_EW,0.005,0.0
2730,NvcMt_L1_NS,NONE,0.005,0.0
2730,NvcMt_L2_EW,NVCMT_EW,0.008,0.008
2730,304Thn_L1_NS,304THN_NS,0.008,0.008
2735,32Nvl_L1_EW,32NVL_EW,0.007,-0.06
2735,32Nvl_L2_EW,32NVL_EW,0.008,-0.062
2735,32Mt_L1_NS,32MT_NS,0.006,0.006
2735,NvcMt_L1_EW,NVCMT_EW,0.006,0.006
2735,32Thn_L1_EW,32THN_EW,0.096,0.091
2735,32Thn_L2_EW,32THN_EW,0.1,0.095
2735,32Thn_L3_EW,NONE,0.098,0.0
2735,32Nvl_L3_EW,NONE,0.006,0.0
2735,NvcMt_L2_EW,NVCMT_EW,0.008,0.008
2740,304Nvl_L1_NS,304NVL_NS,0.009,0.009
2740,32Nvl_L1_EW,32NVL_EW,0.007,-0.065
2740,32Nvl_L2_EW,32NVL_EW,0.008,-0.066
2740,NvcNvl_L1_EW,NVCNVL_EW,0.007,0.003
2740,NvcNvl_L2_EW,NVCNVL_EW,0.008,0.008
2740,32Mt_L1_NS,32MT_NS,0.013,0.013
2740,32Mt_L1_EW,NONE,0.036,0.0
2740,32Mt_L3_EW,NONE,0.044,0.0
2740,32Mt_L1_EW,32MT_EW,0.007,0.002
2740,32Mt_L1_NS,NONE,0.01,0.0
2740,NvcMt_L2_NS,NONE,0.005,0.0
2740,NvcMt_L1_EW,NVCMT_EW,0.006,0.001
2740,32Thn_L1_EW,NONE,0.01,0.0
2740,32Thn_L2_EW,NONE,0.01,0.0
2740,32Thn_L1_EW,32THN_EW,0.096,0.091
2740,32Thn_L2_EW,32THN_EW,0.1,0.095
2740,32Thn_L3_EW,NONE,0.007,0.0
2740,32Thn_L3_EW,NONE,0.098,0.0
2740,32Nvl_L3_EW,NONE,0.006,0.0
2740,NvcNvl_L3_EW,NONE,0.009,0.0
2740,32Mt_L2_EW,NONE,0.038,0.0
2740,32Mt_L2_EW,32MT_EW,0.005,0.0
2740,32Mt_L2_NS,NONE,0.009,0.0
2740,NvcMt_L1_NS,NONE,0.005,0.0
2740,NvcMt_L2_EW,NVCMT_EW,0.008,0.002
2745,304Nvl_L1_NS,304NVL_NS,0.018,0.018
2745,304Nvl_L3_NS,NONE,0.007,0.0
2745,32Nvl_L1_EW,32NVL_EW,0.007,-0.071
2745,32Nvl_L2_EW,32NVL_EW,0.008,-0.066
2745,NvcNvl_L3_NS,NONE,0.007,0.0
2745,NvcNvl_L2_NS,NONE,0.007,0.0
2745,NvcNvl_L1_EW,NVCNVL_EW,0.007,0.007
2745,NvcNvl_L2_EW,NVCNVL_EW,0.008,0.008
2745,32Mt_L1_NS,32MT_NS,0.006,0.006
2745,32Mt_L1_EW,NONE,0.05,0.0
2745,32Mt_L3_EW,NONE,0.053,0.0
2745,32Mt_L1_EW,32MT_EW,0.007,0.002
2745,32Thn_L1_EW,32THN_EW,0.104,0.099
2745,32Thn_L2_EW,32THN_EW,0.1,0.095
2745,32Thn_L3_EW,NONE,0.098,0.0
2745,304Nvl_L2_NS,304NVL_NS,0.008,0.008
2745,32Nvl_L3_EW,NONE,0.006,0.0
2745,NvcNvl_L1_NS,NONE,0.009,0.0
2745,NvcNvl_L3_EW,NONE,0.009,0.0
2745,32Mt_L2_EW,NONE,0.045,0.0
2745,32Mt_L2_EW,32MT_EW,0.005,0.0
2745,NvcMt_L1_EW,NVCMT_EW,0.006,0.001
2750,304Nvl_L1_NS,304NVL_NS,0.018,0.013
2750,304Nvl_L3_NS,NONE,0.007,0.0
2750,304Nvl_L1_EW,304NVL_EW,0.008,0.008
2750,304Nvl_L2_EW,304NVL_EW,0.007,0.007
2750,32Nvl_L1_NS,32NVL_NS,0.007,-0.006
2750,32Nvl_L1_EW,32NVL_EW,0.007,0.001
2750,32Nvl_L2_EW,32NVL_EW,0.008,0.008
2750,32Nvl_L3_NS,NONE,0.017,0.0
2750,32Nvl_L2_NS,32NVL_NS,0.016,0.01
2750,NvcNvl_L3_NS,NONE,0.014,0.0
2750,NvcNvl_L2_NS,NONE,0.013,0.0
2750,32Mt_L1_EW,NONE,0.007,0.0
2750,32Mt_L1_NS,NONE,0.02,0.0
2750,32Thn_L1_EW,NONE,0.116,0.0
2750,32Thn_L1_EW,32THN_EW,0.008,0.003
2750,304Nvl_L2_NS,304NVL_NS,0.008,-0.003
2750,304Nvl_L3_EW,NONE,0.006,0.0
2750,32Nvl_L2_NS,32NVL_NS,0.007,0.001
2750,32Nvl_L3_EW,NONE,0.006,0.0
2750,32Nvl_L1_NS,32NVL_NS,0.013,0.001
2750,NvcNvl_L1_NS,NONE,0.017,0.0
2750,32Mt_L2_NS,NONE,0.009,0.0
2755,304Nvl_L1_NS,304NVL_NS,0.009,0.009
2755,304Nvl_L3_NS,NONE,0.007,0.0
2755,304Nvl_L1_EW,NONE,0.008,0.0
2755,32Nvl_L1_EW,32NVL_EW,0.007,-0.022
2755,32Nvl_L2_EW,32NVL_EW,0.008,-0.015
2755,NvcNvl_L1_EW,NONE,0.011,0.0
2755,NvcNvl_L2_EW,NONE,0.008,0.0
2755,32Mt_L1_EW,32MT_EW,0.042,0.037
2755,32Mt_L1_NS,NONE,0.01,0.0
2755,NvcMt_L1_EW,NVCMT_EW,0.006,0.006
2755,32Thn_L1_EW,NONE,0.116,0.0
2755,304Nvl_L2_NS,304NVL_NS,0.008,0.008
2755,32Nvl_L3_EW,NONE,0.006,0.0
2755,32Mt_L2_EW,32MT_EW,0.033,0.027
2755,NvcMt_L2_EW,NVCMT_EW,0.008,0.008
2760,304Nvl_L1_NS,304NVL_NS,0.009,-0.001
2760,304Nvl_L3_NS,NONE,0.007,0.0
2760,32Nvl_L1_NS,32NVL_NS,0.014,0.008
2760,32Nvl_L1_EW,32NVL_EW,0.007,0.007
2760,32Nvl_L2_EW,32NVL_EW,0.008,0.008
2760,32Nvl_L1_EW,32NVL_EW,0.007,0.007
2760,32Nvl_L2_EW,32NVL_EW,0.007,0.007
2760,32Mt_L1_EW,NONE,0.007,0.0
2760,32Mt_L3_EW,NONE,0.009,0.0
2760,32Mt_L1_NS,NONE,0.049,0.0
2760,304Nvl_L2_NS,304NVL_NS,0.008,0.008
2760,32Nvl_L3_EW,NONE,0.006,0.0
2760,32Nvl_L3_EW,NONE,0.006,0.0
2760,32Nvl_L1_NS,32NVL_NS,0.007,0.0
2760,32Mt_L2_EW,NONE,0.008,0.0
2760,32Mt_L2_NS,NONE,0.043,0.0
2765,304Nvl_L1_NS,304NVL_NS,0.009,0.009
2765,304Nvl_L3_NS,NONE,0.007,0.0
2765,32Nvl_L1_EW,32NVL_EW,0.007,0.007
2765,32Nvl_L2_EW,32NVL_EW,0.008,0.008
2765,32Nvl_L1_EW,32NVL_EW,0.007,0.007
2765,32Nvl_L2_EW,32NVL_EW,0.007,0.007
2765,32Mt_L1_EW,NONE,0.043,0.0
2765,32Mt_L1_NS,NONE,0.01,0.0
2765,NvcMt_L2_NS,NONE,0.005,0.0
2765,304Nvl_L2_NS,304NVL_NS,0.008,0.008
2765,32Nvl_L3_EW,NONE,0.006,0.0
2765,32Nvl_L3_EW,NONE,0.006,0.0
2765,32Mt_L2_NS,NONE,0.009,0.0
2765,NvcMt_L1_NS,NONE,0.005,0.0
2770,304Nvl_L1_NS,304NVL_NS,0.009,0.009
2770,304Nvl_L3_NS,NONE,0.007,0.0
2770,304Nvl_L1_EW,304NVL_EW,0.051,0.051
2770,304Nvl_L2_EW,304NVL_EW,0.044,0.044
2770,32Nvl_L1_EW,32NVL_EW,0.007,0.007
2770,32Nvl_L2_EW,32NVL_EW,0.008,0.008
2770,32Nvl_L1_EW,32NVL_EW,0.007,0.007
2770,32Nvl_L2_EW,32NVL_EW,0.007,0.007
2770,32Mt_L1_NS,32MT_NS,0.006,0.006
2770,304Nvl_L2_NS,304NVL_NS,0.008,0.008
2770,304Nvl_L3_EW,NONE,0.038,0.0
2770,32Nvl_L3_EW,NONE,0.006,0.0
2770,32Nvl_L3_EW,NONE,0.006,0.0
2775,304Nvl_L1_NS,304NVL_NS,0.009,0.009
2775,304Nvl_L3_NS,NONE,0.007,0.0
2775,304Nvl_L1_EW,304NVL_EW,0.025,0.025
2775,304Nvl_L2_EW,304NVL_EW,0.022,0.022
2775,32Nvl_L1_EW,32NVL_EW,0.007,0.007
2775,32Nvl_L2_EW,32NVL_EW,0.008,0.008
2775,32Nvl_L1_EW,32NVL_EW,0.007,0.007
2775,32Nvl_L2_EW,32NVL_EW,0.007,0.007
2775,32Nvl_L3_NS,NONE,0.008,0.0
2775,32Nvl_L2_NS,32NVL_NS,0.008,0.003
2775,NvcNvl_L1_EW,NVCNVL_EW,0.007,0.007
2775,NvcNvl_L2_EW,NVCNVL_EW,0.008,0.008
2775,32Mt_L1_NS,32MT_NS,0.006,0.006
2775,NvcMt_L2_NS,NONE,0.005,0.0
2775,304Nvl_L2_NS,304NVL_NS,0.008,0.002
2775,304Nvl_L3_EW,NONE,0.019,0.0
2775,32Nvl_L3_EW,NONE,0.006,0.0
2775,32Nvl_L3_EW,NONE,0.006,0.0
2775,32Nvl_L1_NS,32NVL_NS,0.007,0.0
2775,NvcNvl_L3_EW,NONE,0.009,0.0
2775,NvcMt_L1_NS,NONE,0.005,0.0
2780,304Nvl_L1_NS,304NVL_NS,0.009,0.009
2780,304Nvl_L3_NS,NONE,0.007,0.0
2780,32Nvl_L1_EW,32NVL_EW,0.007,0.007
2780,32Nvl_L2_EW,32NVL_EW,0.008,0.008
2780,32Nvl_L1_EW,32NVL_EW,0.007,0.007
2780,32Nvl_L2_EW,32NVL_EW,0.007,0.007
2780,NvcNvl_L3_NS,NONE,0.034,0.0
2780,NvcNvl_L2_NS,NONE,0.033,0.0
2780,32Mt_L1_NS,32MT_NS,0.006,0.006
2780,NvcCmt8_L2_EW,NVCCMT8_EW,0.005,0.005
2780,304Nvl_L2_NS,304NVL_NS,0.008,0.008
2780,32Nvl_L3_EW,NONE,0.006,0.0
2780,32Nvl_L3_EW,NONE,0.006,0.0
2780,NvcNvl_L1_NS,NONE,0.044,0.0
2780,NvcCmt8_L1_EW,NVCCMT8_EW,0.008,0.008
2785,304Thn_L1_EW,NONE,0.007,0.0
2785,304Thn_L2_EW,NONE,0.008,0.0
2785,304Nvl_L1_NS,304NVL_NS,0.009,0.009
2785,304Nvl_L3_NS,NONE,0.007,0.0
2785,304Nvl_L1_EW,304NVL_EW,0.042,0.042
2785,304Nvl_L1_NS,NONE,0.022,0.0
2785,304Nvl_L3_NS,NONE,0.016,0.0
2785,32Nvl_L1_EW,32NVL_EW,0.007,0.007
2785,32Nvl_L2_EW,32NVL_EW,0.008,0.008
2785,32Nvl_L1_EW,32NVL_EW,0.007,0.007
2785,32Nvl_L2_EW,32NVL_EW,0.007,0.007
2785,NvcNvl_L3_NS,NONE,0.041,0.0
2785,NvcNvl_L2_NS,NONE,0.04,0.0
2785,32Mt_L1_EW,NONE,0.036,0.0
2785,32Mt_L3_EW,NONE,0.044,0.0
2785,NvcCmt8_L2_EW,NVCCMT8_EW,0.005,0.005
2785,304Nvl_L2_NS,304NVL_NS,0.008,0.008
2785,304Nvl_L2_NS,NONE,0.015,0.0
2785,32Nvl_L3_EW,NONE,0.006,0.0
2785,32Nvl_L3_EW,NONE,0.006,0.0
2785,NvcNvl_L1_NS,NONE,0.052,0.0
2785,32Mt_L2_EW,NONE,0.038,0.0
2785,NvcCmt8_L1_EW,NVCCMT8_EW,0.008,0.008
2785,304Thn_L3_EW,NONE,0.008,0.0
2790,304Thn_L1_EW,304THN_EW,0.008,-0.027
2790,304Nvl_L1_NS,304NVL_NS,0.009,0.009
2790,304Nvl_L3_NS,NONE,0.007,0.0
2790,304Nvl_L1_EW,304NVL_EW,0.051,0.045
2790,32Nvl_L1_EW,32NVL_EW,0.007,0.007
2790,32Nvl_L2_EW,32NVL_EW,0.008,0.008
2790,32Nvl_L1_EW,32NVL_EW,0.007,0.007
2790,32Nvl_L2_EW,32NVL_EW,0.007,0.007
2790,NvcMt_L1_EW,NVCMT_EW,0.038,0.038
2790,NvcMt_L1_NS,NVCMT_NS,0.034,0.034
2790,304Nvl_L2_NS,304NVL_NS,0.008,0.008
2790,32Nvl_L3_EW,NONE,0.006,0.0
2790,32Nvl_L3_EW,NONE,0.006,0.0
2790,NvcMt_L2_EW,NVCMT_EW,0.048,0.048
2790,NvcMt_L2_NS,NVCMT_NS,0.027,0.027
2795,304Nvl_L1_NS,304NVL_NS,0.009,0.009
2795,304Nvl_L3_NS,NONE,0.007,0.0
2795,304Nvl_L1_EW,304NVL_EW,0.017,0.017
2795,32Nvl_L1_EW,32NVL_EW,0.007,0.007
2795,32Nvl_L2_EW,32NVL_EW,0.008,0.008
2795,32Nvl_L3_NS,NONE,0.008,0.0
2795,32Nvl_L2_NS,32NVL_NS,0.008,0.003
2795,NvcNvl_L1_EW,NONE,0.011,0.0
2795,NvcNvl_L2_EW,NONE,0.008,0.0
2795,NvcNvl_L1_NS,NVCNVL_NS,0.033,0.033
2795,32Mt_L1_NS,NONE,0.059,0.0
2795,NvcMt_L1_NS,NVCMT_NS,0.034,0.034
2795,304Nvl_L2_NS,304NVL_NS,0.008,0.002
2795,32Nvl_L3_EW,NONE,0.006,0.0
2795,32Nvl_L1_NS,32NVL_NS,0.007,-0.023
2795,32Mt_L2_NS,NONE,0.009,0.0
2795,NvcMt_L2_NS,NVCMT_NS,0.027,0.027
2800,304Nvl_L1_NS,304NVL_NS,0.009,0.009
2800,304Nvl_L3_NS,NONE,0.007,0.0
2800,304Nvl_L1_EW,304NVL_EW,0.008,0.008
2800,304Nvl_L2_EW,304NVL_EW,0.007,0.007
2800,32Nvl_L3_NS,NONE,0.008,0.0
2800,32Nvl_L2_NS,32NVL_NS,0.008,0.003
2800,NvcNvl_L2_NS,NONE,0.007,0.0
2800,NvcNvl_L1_EW,NONE,0.011,0.0
2800,NvcNvl_L2_EW,NONE,0.008,0.0
2800,NvcNvl_L1_NS,NVCNVL_NS,0.033,0.033
2800,32Mt_L1_EW,NONE,0.007,0.0
2800,32Mt_L3_EW,NONE,0.009,0.0
2800,32Mt_L1_EW,32MT_EW,0.007,0.007
2800,NvcMt_L1_NS,NVCMT_NS,0.034,0.034
2800,304Nvl_L2_NS,304NVL_NS,0.008,0.002
2800,304Nvl_L3_EW,NONE,0.006,0.0
2800,32Nvl_L1_NS,32NVL_NS,0.007,-0.023
2800,NvcNvl_L1_NS,NONE,0.009,0.0
2800,NvcNvl_L3_EW,NONE,0.006,0.0
2800,32Mt_L2_EW,NONE,0.008,0.0
2800,NvcMt_L2_NS,NVCMT_NS,0.027,0.027
2805,304Nvl_L1_NS,304NVL_NS,0.009,0.004
2805,32Nvl_L1_NS,32NVL_NS,0.007,0.001
2805,32Nvl_L3_NS,NONE,0.008,0.0
2805,32Nvl_L2_NS,32NVL_NS,0.008,0.003
2805,NvcNvl_L3_NS,NONE,0.007,0.0
2805,NvcNvl_L2_NS,NONE,0.007,0.0
2805,32Mt_L1_NS,NONE,0.01,0.0
2805,NvcMt_L1_NS,NVCMT_NS,0.034,0.034
2805,304Nvl_L2_NS,304NVL_NS,0.008,0.002
2805,32Nvl_L1_NS,32NVL_NS,0.007,0.0
2805,NvcNvl_L1_NS,NONE,0.009,0.0
2805,32Mt_L2_NS,NONE,0.009,0.0
2805,NvcMt_L2_NS,NVCMT_NS,0.027,0.027
2810,304Thn_L1_EW,NONE,0.007,0.0
2810,304Thn_L2_EW,NONE,0.008,0.0
2810,304Nvl_L1_NS,NONE,0.007,0.0
2810,32Nvl_L3_NS,NONE,0.007,0.0
2810,32Nvl_L1_NS,32NVL_NS,0.014,0.014
2810,32Nvl_L3_NS,NONE,0.008,0.0
2810,32Nvl_L2_NS,32NVL_NS,0.008,0.008
2810,NvcNvl_L1_EW,NONE,0.011,0.0
2810,NvcNvl_L2_EW,NONE,0.008,0.0
2810,32Mt_L1_EW,32MT_EW,0.007,0.007
2810,32Mt_L1_NS,NONE,0.127,0.0
2810,32Nvl_L2_NS,32NVL_NS,0.007,0.007
2810,32Nvl_L1_NS,32NVL_NS,0.007,0.007
2810,32Mt_L2_EW,32MT_EW,0.005,0.005
2810,32Mt_L2_NS,NONE,0.104,0.0
2810,304Thn_L3_EW,NONE,0.008,0.0
2815,304Nvl_L1_NS,NONE,0.007,0.0
2815,32Nvl_L1_NS,32NVL_NS,0.007,0.007
2815,32Nvl_L3_NS,NONE,0.008,0.0
2815,32Nvl_L2_NS,32NVL_NS,0.008,0.008
2815,NvcNvl_L1_EW,NONE,0.011,0.0
2815,NvcNvl_L2_EW,NONE,0.008,0.0
2815,NvcNvl_L1_EW,NVCNVL_EW,0.007,0.007
2815,32Mt_L1_NS,32MT_NS,0.006,0.006
2815,32Mt_L1_EW,NONE,0.022,0.0
2815,32Mt_L3_EW,NONE,0.027,0.0
2815,32Mt_L1_EW,32MT_EW,0.007,0.007
2815,32Mt_L1_NS,NONE,0.127,0.0
2815,32Nvl_L2_NS,32NVL_NS,0.007,0.007
2815,32Nvl_L1_NS,32NVL_NS,0.007,0.007
2815,NvcNvl_L1_NS,NONE,0.009,0.0
2815,NvcNvl_L3_EW,NONE,0.006,0.0
2815,32Mt_L2_EW,NONE,0.023,0.0
2815,32Mt_L2_EW,32MT_EW,0.005,0.005
2815,32Mt_L2_NS,NONE,0.113,0.0
2820,304Thn_L1_EW,304THN_EW,0.008,0.002
2820,304Nvl_L1_EW,304NVL_EW,0.008,0.003
2820,304Nvl_L2_EW,304NVL_EW,0.007,0.007
2820,NvcNvl_L3_NS,NONE,0.007,0.0
2820,NvcNvl_L2_NS,NONE,0.007,0.0
2820,NvcNvl_L1_EW,NONE,0.011,0.0
2820,NvcNvl_L2_EW,NONE,0.008,0.0
2820,NvcNvl_L1_EW,NVCNVL_EW,0.014,0.014
2820,NvcNvl_L2_EW,NVCNVL_EW,0.008,0.008
2820,32Mt_L1_EW,NONE,0.036,0.0
2820,32Mt_L3_EW,NONE,0.044,0.0
2820,32Mt_L1_EW,32MT_EW,0.014,0.014
2820,304Nvl_L3_EW,NONE,0.006,0.0
2820,32Nvl_L1_NS,32NVL_NS,0.007,0.007
2820,NvcNvl_L1_NS,NONE,0.009,0.0
2820,NvcNvl_L3_EW,NONE,0.006,0.0
2820,NvcNvl_L3_EW,NONE,0.009,0.0
2820,32Mt_L2_EW,NONE,0.038,0.0
2820,32Mt_L2_EW,32MT_EW,0.011,0.011
2825,NvcNvl_L3_NS,NONE,0.088,0.0
2825,NvcNvl_L2_NS,NONE,0.086,0.0
2825,NvcNvl_L1_EW,NVCNVL_EW,0.014,0.01
2825,NvcNvl_L2_EW,NVCNVL_EW,0.008,0.008
2825,32Mt_L1_NS,32MT_NS,0.013,0.013
2825,32Mt_L1_EW,32MT_EW,0.105,0.105
2825,NvcMt_L1_EW,NVCMT_EW,0.006,-0.004
2825,NvcNvl_L1_NS,NONE,0.122,0.0
2825,NvcNvl_L3_EW,NONE,0.009,0.0
2825,32Mt_L2_EW,32MT_EW,0.011,0.011
2825,NvcMt_L2_EW,NVCMT_EW,0.008,0.002
2830,304Nvl_L1_NS,NONE,0.007,0.0
2830,32Nvl_L1_NS,32NVL_NS,0.007,0.007
2830,32Nvl_L3_NS,NONE,0.05,0.0
2830,32Nvl_L2_NS,32NVL_NS,0.047,0.047
2830,NvcNvl_L3_NS,NONE,0.095,0.0
2830,NvcNvl_L2_NS,NONE,0.092,0.0
2830,NvcNvl_L1_EW,NONE,0.011,0.0
2830,NvcNvl_L2_EW,NONE,0.008,0.0
2830,NvcNvl_L1_EW,NVCNVL_EW,0.007,0.003
2830,NvcNvl_L2_EW,NVCNVL_EW,0.008,0.008
2830,32Mt_L1_NS,32MT_NS,0.031,0.031
2830,32Mt_L1_EW,NONE,0.007,0.0
2830,32Mt_L3_EW,NONE,0.009,0.0
2830,32Mt_L1_EW,32MT_EW,0.112,0.112
2830,32Mt_L1_NS,NONE,0.049,0.0
2830,NvcMt_L1_EW,NVCMT_EW,0.006,0.001
2830,32Nvl_L2_NS,32NVL_NS,0.007,0.007
2830,32Nvl_L1_NS,32NVL_NS,0.047,0.047
2830,NvcNvl_L1_NS,NONE,0.122,0.0
2830,NvcNvl_L3_EW,NONE,0.009,0.0
2830,32Mt_L2_EW,NONE,0.008,0.0
2830,32Mt_L2_EW,32MT_EW,0.016,0.016
2830,32Mt_L2_NS,NONE,0.043,0.0
2830,NvcMt_L2_EW,NVCMT_EW,0.008,0.002
2835,304Nvl_L1_EW,304NVL_EW,0.059,0.059
2835,304Nvl_L2_EW,304NVL_EW,0.051,0.051
2835,32Nvl_L1_NS,32NVL_NS,0.014,0.014
2835,NvcNvl_L1_EW,NVCNVL_EW,0.007,0.003
2835,NvcNvl_L2_EW,NVCNVL_EW,0.008,0.008
2835,32Mt_L1_EW,NONE,0.014,0.0
2835,32Mt_L3_EW,NONE,0.018,0.0
2835,32Mt_L1_EW,32MT_EW,0.112,0.112
2835,NvcMt_L1_EW,NVCMT_EW,0.006,0.001
2835,304Nvl_L3_EW,NONE,0.044,0.0
2835,32Nvl_L2_NS,32NVL_NS,0.007,0.007
2835,NvcNvl_L3_EW,NONE,0.009,0.0
2835,32Mt_L2_EW,NONE,0.015,0.0
2835,32Mt_L2_EW,32MT_EW,0.082,0.082
2835,NvcMt_L2_EW,NVCMT_EW,0.008,0.002
2840,304Nvl_L1_EW,304NVL_EW,0.042,0.042
2840,304Nvl_L2_EW,304NVL_EW,0.036,0.036
2840,304Nvl_L1_NS,NONE,0.007,0.0
2840,304Nvl_L3_NS,NONE,0.008,0.0
2840,32Nvl_L3_NS,NONE,0.007,0.0
2840,32Nvl_L1_NS,32NVL_NS,0.007,0.007
2840,32Nvl_L1_EW,32NVL_EW,0.007,-0.066
2840,32Nvl_L2_EW,32NVL_EW,0.008,-0.046
2840,NvcNvl_L3_NS,NONE,0.088,0.0
2840,NvcNvl_L2_NS,NONE,0.086,0.0
2840,NvcNvl_L1_EW,NVCNVL_EW,0.092,0.092
2840,NvcNvl_L2_EW,NVCNVL_EW,0.008,0.008
2840,32Mt_L1_NS,32MT_NS,0.031,0.031
2840,32Mt_L1_EW,32MT_EW,0.105,0.1
2840,32Mt_L1_NS,NONE,0.01,0.0
2840,304Nvl_L3_EW,NONE,0.032,0.0
2840,304Nvl_L2_NS,NONE,0.007,0.0
2840,32Nvl_L2_NS,32NVL_NS,0.007,0.007
2840,32Nvl_L3_EW,NONE,0.006,0.0
2840,32Nvl_L1_NS,32NVL_NS,0.007,0.007
2840,NvcNvl_L1_NS,NONE,0.114,0.0
2840,NvcNvl_L3_EW,NONE,0.009,0.0
2840,32Mt_L2_EW,32MT_EW,0.076,0.071
2845,304Nvl_L1_EW,304NVL_EW,0.008,0.008
2845,304Nvl_L1_NS,NONE,0.007,0.0
2845,32Nvl_L1_EW,32NVL_EW,0.014,0.004
2845,32Nvl_L2_EW,32NVL_EW,0.015,0.008
2845,32Nvl_L1_EW,32NVL_EW,0.081,0.071
2845,32Nvl_L2_EW,32NVL_EW,0.09,0.082
2845,NvcNvl_L3_NS,NONE,0.007,0.0
2845,NvcNvl_L2_NS,NONE,0.007,0.0
2845,NvcNvl_L1_EW,NVCNVL_EW,0.092,0.092
2845,NvcNvl_L2_EW,NVCNVL_EW,0.008,0.008
2845,32Mt_L1_EW,32MT_EW,0.014,0.004
2845,32Nvl_L3_EW,NONE,0.074,0.0
2845,32Nvl_L3_EW,NONE,0.013,0.0
2845,NvcNvl_L1_NS,NONE,0.009,0.0
2845,NvcNvl_L3_EW,NONE,0.009,0.0
2845,32Mt_L2_EW,32MT_EW,0.011,0.0
2850,304Nvl_L1_EW,304NVL_EW,0.042,0.042
2850,32Nvl_L1_EW,32NVL_EW,0.007,-0.003
2850,32Nvl_L2_EW,32NVL_EW,0.008,0.0
2850,32Nvl_L1_EW,32NVL_EW,0.081,0.071
2850,32Nvl_L2_EW,32NVL_EW,0.09,0.082
2850,NvcNvl_L1_EW,NONE,0.021,0.0
2850,NvcNvl_L2_EW,NONE,0.015,0.0
2850,NvcNvl_L1_EW,NVCNVL_EW,0.092,0.092
2850,NvcNvl_L2_EW,NVCNVL_EW,0.008,0.008
2850,32Mt_L1_EW,32MT_EW,0.014,0.009
2850,32Mt_L1_NS,NONE,0.01,0.0
2850,32Nvl_L3_EW,NONE,0.074,0.0
2850,32Nvl_L3_EW,NONE,0.006,0.0
2850,NvcNvl_L3_EW,NONE,0.006,0.0
2850,NvcNvl_L3_EW,NONE,0.009,0.0
2850,32Mt_L2_EW,32MT_EW,0.011,0.005
2850,32Mt_L2_NS,NONE,0.009,0.0
2855,32Nvl_L3_NS,NONE,0.007,0.0
2855,32Nvl_L1_NS,32NVL_NS,0.007,0.007
2855,32Nvl_L1_EW,32NVL_EW,0.007,-0.003
2855,32Nvl_L2_EW,32NVL_EW,0.008,0.0
2855,32Nvl_L1_EW,32NVL_EW,0.081,0.071
2855,32Nvl_L2_EW,32NVL_EW,0.09,0.082
2855,NvcNvl_L3_NS,NONE,0.034,0.0
2855,NvcNvl_L2_NS,NONE,0.033,0.0
2855,NvcNvl_L1_EW,NVCNVL_EW,0.092,0.069
2855,NvcNvl_L2_EW,NVCNVL_EW,0.008,0.008
2855,32Mt_L1_EW,32MT_EW,0.014,0.009
2855,NvcMt_L1_EW,NVCMT_EW,0.032,-0.032
2855,32Nvl_L2_NS,32NVL_NS,0.007,0.007
2855,32Nvl_L3_EW,NONE,0.074,0.0
2855,32Nvl_L3_EW,NONE,0.006,0.0
2855,NvcNvl_L1_NS,NONE,0.044,0.0
2855,NvcNvl_L3_EW,NONE,0.009,0.0
2855,32Mt_L2_EW,32MT_EW,0.011,0.005
2855,NvcMt_L2_EW,NVCMT_EW,0.04,0.034
2860,304Nvl_L1_EW,304NVL_EW,0.051,0.051
2860,304Nvl_L2_EW,304NVL_EW,0.044,0.044
2860,304Nvl_L1_NS,NONE,0.007,0.0
2860,304Nvl_L3_NS,NONE,0.008,0.0
2860,32Nvl_L1_EW,32NVL_EW,0.007,-0.003
2860,32Nvl_L2_EW,32NVL_EW,0.008,0.0
2860,32Nvl_L1_EW,32NVL_EW,0.081,0.071
2860,32Nvl_L2_EW,32NVL_EW,0.09,0.082
2860,NvcNvl_L3_NS,NONE,0.007,0.0
2860,NvcNvl_L2_NS,NONE,0.007,0.0
2860,32Mt_L1_NS,32MT_NS,0.006,0.006
2860,32Mt_L1_EW,32MT_EW,0.014,0.009
2860,32Mt_L1_NS,NONE,0.01,0.0
2860,NvcMt_L2_NS,NONE,0.032,0.0
2860,NvcMt_L1_EW,NVCMT_EW,0.032,0.032
2860,304Nvl_L3_EW,NONE,0.038,0.0
2860,304Nvl_L2_NS,NONE,0.007,0.0
2860,32Nvl_L3_EW,NONE,0.074,0.0
2860,32Nvl_L3_EW,NONE,0.006,0.0
2860,NvcNvl_L1_NS,NONE,0.009,0.0
2860,32Mt_L2_EW,32MT_EW,0.011,0.005
2860,32Mt_L2_NS,NONE,0.009,0.0
2860,NvcMt_L1_NS,NONE,0.033,0.0
2860,NvcMt_L2_EW,NVCMT_EW,0.04,0.04
2865,304Nvl_L1_EW,304NVL_EW,0.008,0.008
2865,304Nvl_L2_EW,304NVL_EW,0.007,0.007
2865,32Nvl_L1_EW,32NVL_EW,0.007,-0.003
2865,32Nvl_L2_EW,32NVL_EW,0.008,-0.002
2865,32Nvl_L1_EW,32NVL_EW,0.081,0.07
2865,32Nvl_L2_EW,32NVL_EW,0.09,0.08
2865,NvcNvl_L1_EW,NONE,0.064,0.0
2865,NvcNvl_L2_EW,NONE,0.038,0.0
2865,NvcNvl_L1_EW,NVCNVL_EW,0.042,0.038
2865,NvcNvl_L2_EW,NVCNVL_EW,0.047,0.047
2865,32Mt_L1_EW,32MT_EW,0.007,0.002
2865,32Mt_L1_NS,NONE,0.01,0.0
2865,NvcMt_L2_NS,NONE,0.005,0.0
2865,NvcMt_L1_EW,NVCMT_EW,0.006,-0.023
2865,32Thn_L1_EW,32THN_EW,0.008,0.003
2865,32Thn_L2_EW,32THN_EW,0.008,0.003
2865,32Thn_L3_EW,NONE,0.008,0.0
2865,304Nvl_L3_EW,NONE,0.006,0.0
2865,32Nvl_L3_EW,NONE,0.074,0.0
2865,32Nvl_L3_EW,NONE,0.006,0.0
2865,NvcNvl_L3_EW,NONE,0.056,0.0
2865,32Mt_L2_EW,32MT_EW,0.005,0.0
2865,32Mt_L2_NS,NONE,0.009,0.0
2865,NvcMt_L1_NS,NONE,0.005,0.0
2865,NvcMt_L2_EW,NVCMT_EW,0.008,-0.025
2870,304Nvl_L1_EW,304NVL_EW,0.008,0.008
2870,304Nvl_L1_NS,NONE,0.007,0.0
2870,32Nvl_L3_NS,NONE,0.007,0.0
2870,32Nvl_L1_NS,32NVL_NS,0.007,0.007
2870,32Nvl_L1_EW,32NVL_EW,0.014,0.014
2870,32Nvl_L2_EW,32NVL_EW,0.015,0.015
2870,32Nvl_L1_EW,32NVL_EW,0.007,0.007
2870,32Nvl_L3_NS,NONE,0.008,0.0
2870,32Nvl_L2_NS,32NVL_NS,0.008,0.008
2870,NvcNvl_L1_EW,NONE,0.011,0.0
2870,NvcNvl_L2_EW,NONE,0.008,0.0
2870,32Mt_L1_NS,32MT_NS,0.006,0.006
2870,32Mt_L1_EW,NONE,0.094,0.0
2870,32Mt_L3_EW,NONE,0.115,0.0
2870,NvcMt_L2_NS,NONE,0.005,0.0
2870,32Thn_L1_EW,NONE,0.01,0.0
2870,32Nvl_L2_NS,32NVL_NS,0.007,0.007
2870,32Nvl_L3_EW,NONE,0.013,0.0
2870,32Nvl_L1_NS,32NVL_NS,0.013,0.013
2870,32Mt_L2_EW,NONE,0.098,0.0
2870,NvcMt_L1_NS,NONE,0.005,0.0
2875,304Nvl_L1_NS,NONE,0.007,0.0
2875,32Nvl_L1_NS,32NVL_NS,0.007,0.007
2875,32Nvl_L1_EW,32NVL_EW,0.007,0.002
2875,32Nvl_L2_EW,32NVL_EW,0.008,0.004
2875,32Nvl_L1_EW,32NVL_EW,0.007,0.002
2875,32Nvl_L3_NS,NONE,0.008,0.0
2875,32Nvl_L2_NS,32NVL_NS,0.008,0.008
2875,NvcNvl_L1_EW,NONE,0.053,0.0
2875,NvcNvl_L2_EW,NONE,0.038,0.0
2875,NvcNvl_L1_EW,NVCNVL_EW,0.007,0.007
2875,NvcNvl_L2_EW,NVCNVL_EW,0.008,0.008
2875,32Mt_L1_NS,32MT_NS,0.006,0.006
2875,32Mt_L1_EW,NONE,0.022,0.0
2875,32Mt_L3_EW,NONE,0.018,0.0
2875,32Mt_L1_EW,32MT_EW,0.007,0.002
2875,32Nvl_L2_NS,32NVL_NS,0.007,0.007
2875,32Nvl_L3_EW,NONE,0.006,0.0
2875,32Nvl_L1_NS,32NVL_NS,0.013,0.013
2875,NvcNvl_L3_EW,NONE,0.009,0.0
2875,32Mt_L2_EW,NONE,0.015,0.0
2875,32Mt_L2_EW,32MT_EW,0.005,0.0
2880,304Nvl_L1_EW,304NVL_EW,0.008,0.008
2880,304Nvl_L2_EW,304NVL_EW,0.007,0.007
2880,32Nvl_L1_NS,32NVL_NS,0.007,0.007
2880,32Nvl_L1_EW,32NVL_EW,0.007,0.007
2880,32Nvl_L2_EW,32NVL_EW,0.008,0.008
2880,32Nvl_L3_NS,NONE,0.067,0.0
2880,32Nvl_L2_NS,32NVL_NS,0.063,0.063
2880,NvcNvl_L1_EW,NONE,0.011,0.0
2880,NvcNvl_L2_EW,NONE,0.008,0.0
2880,32Mt_L1_EW,NONE,0.007,0.0
2880,32Mt_L1_NS,NONE,0.117,0.0
2880,NvcMt_L2_EW,NVCMT_EW,0.003,0.003
2880,304Nvl_L3_EW,NONE,0.006,0.0
2880,32Nvl_L2_NS,32NVL_NS,0.007,0.007
2880,32Nvl_L3_EW,NONE,0.006,0.0
2880,32Nvl_L1_NS,32NVL_NS,0.06,0.06
2880,NvcMt_L1_EW,NVCMT_EW,0.006,0.006
2885,32Nvl_L1_NS,32NVL_NS,0.007,0.007
2885,32Nvl_L1_EW,32NVL_EW,0.014,0.009
2885,32Nvl_L2_EW,32NVL_EW,0.015,0.012
2885,32Nvl_L3_NS,NONE,0.075,0.0
2885,32Nvl_L2_NS,32NVL_NS,0.071,0.071
2885,NvcNvl_L3_NS,NONE,0.007,0.0
2885,NvcNvl_L2_NS,NONE,0.007,0.0
2885,32Mt_L1_EW,NONE,0.007,0.0
2885,32Mt_L1_EW,32MT_EW,0.007,-0.003
2885,32Mt_L1_NS,NONE,0.01,0.0
2885,NvcMt_L2_EW,NVCMT_EW,0.003,-0.001
2885,NvcCmt8_L2_EW,NVCCMT8_EW,0.005,0.003
2885,32Nvl_L2_NS,32NVL_NS,0.007,0.007
2885,32Nvl_L3_EW,NONE,0.013,0.0
2885,32Nvl_L1_NS,32NVL_NS,0.067,0.067
2885,NvcNvl_L1_NS,NONE,0.009,0.0
2885,32Mt_L2_EW,32MT_EW,0.005,-0.005
2885,32Mt_L2_NS,NONE,0.009,0.0
2885,NvcMt_L1_EW,NVCMT_EW,0.006,0.0
2885,NvcCmt8_L1_EW,NVCCMT8_EW,0.008,0.008
2890,304Nvl_L1_EW,304NVL_EW,0.017,0.017
2890,304Nvl_L2_EW,304NVL_EW,0.007,0.007
2890,32Nvl_L3_NS,NONE,0.034,0.0
2890,32Nvl_L1_NS,32NVL_NS,0.042,0.042
2890,32Nvl_L3_NS,NONE,0.075,0.0
2890,32Nvl_L2_NS,32NVL_NS,0.071,0.071
2890,32Mt_L1_NS,32MT_NS,0.006,0.006
2890,32Mt_L1_EW,32MT_EW,0.084,0.084
2890,32Mt_L1_NS,NONE,0.068,0.0
2890,304Nvl_L3_EW,NONE,0.006,0.0
2890,32Nvl_L2_NS,32NVL_NS,0.04,0.04
2890,32Nvl_L1_NS,32NVL_NS,0.067,0.067
2890,32Mt_L2_EW,32MT_EW,0.065,0.065
2890,32Mt_L2_NS,NONE,0.061,0.0
2895,32Nvl_L3_NS,NONE,0.041,0.0
2895,32Nvl_L1_NS,32NVL_NS,0.048,0.048
2895,32Nvl_L3_NS,NONE,0.092,0.0
2895,32Nvl_L2_NS,32NVL_NS,0.087,0.087
2895,NvcNvl_L1_EW,NVCNVL_EW,0.007,0.007
2895,32Mt_L1_EW,32MT_EW,0.091,0.091
2895,32Mt_L1_NS,NONE,0.02,0.0
2895,32Nvl_L2_NS,32NVL_NS,0.047,0.047
2895,32Nvl_L1_NS,32NVL_NS,0.081,0.081
2895,32Mt_L2_EW,32MT_EW,0.071,0.071
2895,32Mt_L2_NS,NONE,0.017,0.0
2900,304Nvl_L1_NS,304NVL_NS,0.009,-0.03
2900,32Nvl_L3_NS,NONE,0.048,0.0
2900,32Nvl_L1_NS,32NVL_NS,0.055,0.049
2900,32Nvl_L1_EW,32NVL_EW,0.035,0.026
2900,32Nvl_L2_EW,32NVL_EW,0.039,0.031
2900,32Nvl_L3_NS,NONE,0.092,0.0
2900,32Nvl_L2_NS,32NVL_NS,0.087,0.087
2900,32Mt_L1_NS,32MT_NS,0.031,0.031
2900,32Mt_L1_EW,32MT_EW,0.014,-0.011
2900,32Mt_L1_NS,NONE,0.117,0.0
2900,NvcMt_L1_EW,NVCMT_EW,0.006,0.006
2900,32Nvl_L2_NS,32NVL_NS,0.053,0.053
2900,32Nvl_L3_EW,NONE,0.031,0.0
2900,32Nvl_L1_NS,32NVL_NS,0.081,0.074
2900,32Mt_L2_EW,32MT_EW,0.011,-0.016
2900,NvcMt_L2_EW,NVCMT_EW,0.008,0.008
2905,304Nvl_L1_NS,304NVL_NS,0.009,-0.025
2905,304Nvl_L1_EW,304NVL_EW,0.008,0.008
2905,304Nvl_L2_EW,304NVL_EW,0.007,0.007
2905,32Nvl_L3_NS,NONE,0.034,0.0
2905,32Nvl_L1_NS,32NVL_NS,0.048,0.042
2905,32Nvl_L3_NS,NONE,0.092,0.0
2905,32Nvl_L2_NS,32NVL_NS,0.087,0.087
2905,32Mt_L1_NS,32MT_NS,0.038,0.038
2905,32Mt_L1_EW,NONE,0.007,0.0
2905,32Mt_L1_NS,NONE,0.01,0.0
2905,NvcMt_L2_NS,NONE,0.005,0.0
2905,NvcCmt8_L1_NS,NONE,0.008,0.0
2905,304Nvl_L3_EW,NONE,0.006,0.0
2905,32Nvl_L2_NS,32NVL_NS,0.047,0.047
2905,32Nvl_L1_NS,32NVL_NS,0.074,0.067
2905,32Mt_L2_NS,NONE,0.009,0.0
2905,NvcMt_L1_NS,NONE,0.005,0.0
2910,32Nvl_L3_NS,NONE,0.034,0.0
2910,32Nvl_L1_NS,32NVL_NS,0.048,0.048
2910,32Nvl_L3_NS,NONE,0.1,0.0
2910,32Nvl_L2_NS,32NVL_NS,0.095,0.095
2910,32Mt_L1_NS,32MT_NS,0.038,0.038
2910,32Mt_L1_EW,NONE,0.014,0.0
2910,32Mt_L1_NS,NONE,0.01,0.0
2910,32Nvl_L2_NS,32NVL_NS,0.047,0.047
2910,32Nvl_L1_NS,32NVL_NS,0.114,0.114
2910,32Mt_L2_EW,NONE,0.008,0.0
2910,32Mt_L2_NS,NONE,0.009,0.0
2915,304Nvl_L1_NS,304NVL_NS,0.009,-0.025
2915,32Nvl_L3_NS,NONE,0.034,0.0
2915,32Nvl_L1_NS,32NVL_NS,0.048,0.042
2915,32Nvl_L3_NS,NONE,0.1,0.0
2915,32Nvl_L2_NS,32NVL_NS,0.095,0.095
2915,32Mt_L1_NS,32MT_NS,0.006,0.006
2915,32Mt_L1_EW,NONE,0.014,0.0
2915,32Mt_L3_EW,NONE,0.009,0.0
2915,32Mt_L1_EW,32MT_EW,0.007,0.007
2915,32Mt_L1_NS,NONE,0.01,0.0
2915,NvcMt_L2_NS,NONE,0.026,0.0
2915,32Nvl_L2_NS,32NVL_NS,0.047,0.047
2915,32Nvl_L1_NS,32NVL_NS,0.114,0.108
2915,32Mt_L2_EW,NONE,0.008,0.0
2915,NvcMt_L1_NS,NONE,0.027,0.0
2920,304Nvl_L1_NS,304NVL_NS,0.018,0.018
2920,32Nvl_L1_EW,32NVL_EW,0.007,0.002
2920,32Nvl_L2_EW,32NVL_EW,0.007,0.004
2920,32Nvl_L3_NS,NONE,0.025,0.0
2920,32Nvl_L2_NS,32NVL_NS,0.024,0.018
2920,32Mt_L1_EW,32MT_EW,0.007,0.007
2920,304Nvl_L2_NS,304NVL_NS,0.008,-0.009
2920,32Nvl_L3_EW,NONE,0.006,0.0
2920,32Nvl_L1_NS,32NVL_NS,0.054,0.041
2920,32Mt_L2_EW,32MT_EW,0.005,0.005
2925,304Nvl_L1_NS,304NVL_NS,0.009,0.009
2925,304Nvl_L1_EW,304NVL_EW,0.051,0.051
2925,304Nvl_L2_EW,304NVL_EW,0.044,0.044
2925,32Nvl_L1_EW,32NVL_EW,0.013,0.009
2925,32Nvl_L2_EW,32NVL_EW,0.007,0.004
2925,32Nvl_L2_NS,32NVL_NS,0.008,0.008
2925,32Mt_L1_NS,32MT_NS,0.006,0.006
2925,32Mt_L1_EW,32MT_EW,0.007,0.007
2925,32Thn_L1_EW,NONE,0.01,0.0
2925,32Thn_L2_EW,NONE,0.01,0.0
2925,32Thn_L3_EW,NONE,0.007,0.0
2925,304Nvl_L3_EW,NONE,0.038,0.0
2925,32Nvl_L3_EW,NONE,0.006,0.0
2925,32Nvl_L1_NS,32NVL_NS,0.013,0.007
2925,32Mt_L2_EW,32MT_EW,0.005,0.005
2930,304Nvl_L1_EW,304NVL_EW,0.068,0.068
2930,304Nvl_L2_EW,304NVL_EW,0.058,0.058
2930,304Nvl_L1_NS,NONE,0.007,0.0
2930,32Nvl_L1_NS,32NVL_NS,0.035,0.035
2930,32Nvl_L1_EW,32NVL_EW,0.007,-0.004
2930,32Nvl_L2_EW,32NVL_EW,0.007,0.004
2930,32Nvl_L3_NS,NONE,0.017,0.0
2930,32Nvl_L2_NS,32NVL_NS,0.016,0.016
2930,NvcNvl_L3_NS,NONE,0.007,0.0
2930,NvcNvl_L2_NS,NONE,0.007,0.0
2930,32Mt_L1_EW,32MT_EW,0.007,0.007
2930,32Thn_L1_EW,32THN_EW,0.008,0.008
2930,304Nvl_L3_EW,NONE,0.051,0.0
2930,32Nvl_L3_EW,NONE,0.006,0.0
2930,32Nvl_L1_NS,32NVL_NS,0.027,0.027
2930,NvcNvl_L1_NS,NONE,0.009,0.0
2930,32Mt_L2_EW,32MT_EW,0.005,0.005
2935,304Nvl_L1_EW,304NVL_EW,0.085,0.085
2935,304Nvl_L2_EW,304NVL_EW,0.073,0.073
2935,32Nvl_L1_NS,32NVL_NS,0.035,0.035
2935,32Nvl_L1_EW,32NVL_EW,0.007,0.002
2935,32Nvl_L2_EW,32NVL_EW,0.007,0.004
2935,32Nvl_L3_NS,NONE,0.008,0.0
2935,32Nvl_L2_NS,32NVL_NS,0.008,0.008
2935,NvcNvl_L1_EW,NONE,0.011,0.0
2935,NvcNvl_L2_EW,NONE,0.008,0.0
2935,32Mt_L1_EW,32MT_EW,0.007,0.007
2935,NvcMt_L1_EW,NVCMT_EW,0.006,0.006
2935,32Thn_L1_EW,NONE,0.01,0.0
2935,32Thn_L2_EW,NONE,0.01,0.0
2935,32Thn_L3_EW,NONE,0.007,0.0
2935,304Nvl_L3_EW,NONE,0.063,0.0
2935,32Nvl_L3_EW,NONE,0.006,0.0
2935,32Nvl_L1_NS,32NVL_NS,0.013,0.013
2935,32Mt_L2_EW,32MT_EW,0.005,0.005
2935,NvcMt_L2_EW,NVCMT_EW,0.008,0.008
2940,304Nvl_L1_EW,304NVL_EW,0.076,0.076
2940,304Nvl_L2_EW,304NVL_EW,0.065,0.065
2940,304Nvl_L1_NS,NONE,0.007,0.0
2940,32Nvl_L1_EW,32NVL_EW,0.007,-0.004
2940,32Nvl_L2_EW,32NVL_EW,0.007,0.004
2940,32Nvl_L3_NS,NONE,0.008,0.0
2940,32Nvl_L2_NS,32NVL_NS,0.008,0.008
2940,NvcNvl_L1_EW,NONE,0.011,0.0
2940,32Mt_L1_EW,32MT_EW,0.007,0.007
2940,NvcMt_L1_EW,NVCMT_EW,0.006,0.006
2940,32Thn_L1_EW,32THN_EW,0.008,0.008
2940,304Nvl_L3_EW,NONE,0.057,0.0
2940,32Nvl_L3_EW,NONE,0.006,0.0
2940,32Nvl_L1_NS,32NVL_NS,0.013,0.013
2940,32Mt_L2_EW,32MT_EW,0.005,0.005
2940,NvcMt_L2_EW,NVCMT_EW,0.008,0.008
2945,304Nvl_L1_EW,304NVL_EW,0.076,0.076
2945,304Nvl_L2_EW,304NVL_EW,0.065,0.065
2945,32Nvl_L1_NS,32NVL_NS,0.007,0.007
2945,32Nvl_L1_EW,32NVL_EW,0.007,0.002
2945,32Nvl_L2_EW,32NVL_EW,0.007,0.004
2945,32Nvl_L3_NS,NONE,0.008,0.0
2945,32Nvl_L2_NS,32NVL_NS,0.008,0.008
2945,32Mt_L1_EW,32MT_EW,0.007,0.007
2945,NvcMt_L2_NS,NONE,0.011,0.0
2945,NvcMt_L1_EW,NVCMT_EW,0.006,0.006
2945,304Nvl_L3_EW,NONE,0.051,0.0
2945,32Nvl_L3_EW,NONE,0.006,0.0
2945,32Nvl_L1_NS,32NVL_NS,0.013,0.013
2945,32Mt_L2_EW,32MT_EW,0.005,0.005
2945,NvcMt_L1_NS,NONE,0.011,0.0
2945,NvcMt_L2_EW,NVCMT_EW,0.008,0.008
2950,304Nvl_L1_EW,304NVL_EW,0.119,0.119
2950,304Nvl_L2_EW,304NVL_EW,0.102,0.102
2950,32Nvl_L1_EW,32NVL_EW,0.007,0.007
2950,32Nvl_L2_EW,32NVL_EW,0.007,0.007
2950,32Nvl_L3_NS,NONE,0.008,0.0
2950,32Nvl_L2_NS,32NVL_NS,0.008,0.008
2950,NvcNvl_L3_NS,NONE,0.007,0.0
2950,NvcNvl_L2_NS,NONE,0.007,0.0
2950,NvcNvl_L1_EW,NVCNVL_EW,0.035,0.026
2950,NvcNvl_L2_EW,NVCNVL_EW,0.039,0.039
2950,32Mt_L1_EW,NONE,0.007,0.0
2950,32Mt_L3_EW,NONE,0.009,0.0
2950,NvcMt_L2_NS,NONE,0.005,0.0
2950,NvcMt_L1_EW,NVCMT_EW,0.013,-0.012
2950,304Nvl_L3_EW,NONE,0.089,0.0
2950,32Nvl_L3_EW,NONE,0.006,0.0
2950,32Nvl_L1_NS,32NVL_NS,0.007,0.007
2950,NvcNvl_L1_NS,NONE,0.009,0.0
2950,NvcNvl_L3_EW,NONE,0.047,0.0
2950,32Mt_L2_EW,NONE,0.008,0.0
2950,NvcMt_L1_NS,NONE,0.005,0.0
2950,NvcMt_L2_EW,NVCMT_EW,0.016,-0.011
2955,304Nvl_L1_EW,304NVL_EW,0.11,0.11
2955,304Nvl_L2_EW,304NVL_EW,0.094,0.094
2955,304Nvl_L1_NS,NONE,0.007,0.0
2955,32Nvl_L3_NS,NONE,0.007,0.0
2955,32Nvl_L1_NS,32NVL_NS,0.007,0.007
2955,32Nvl_L1_EW,32NVL_EW,0.007,0.007
2955,32Nvl_L2_EW,32NVL_EW,0.007,0.007
2955,32Nvl_L3_NS,NONE,0.008,0.0
2955,32Nvl_L2_NS,32NVL_NS,0.008,0.008
2955,NvcNvl_L1_EW,NONE,0.011,0.0
2955,NvcNvl_L2_EW,NONE,0.008,0.0
2955,32Mt_L1_NS,32MT_NS,0.006,0.006
2955,32Mt_L1_NS,NONE,0.01,0.0
2955,304Nvl_L3_EW,NONE,0.082,0.0
2955,32Nvl_L2_NS,32NVL_NS,0.007,0.007
2955,32Nvl_L3_EW,NONE,0.006,0.0
2955,32Nvl_L1_NS,32NVL_NS,0.02,0.02
2955,NvcNvl_L3_EW,NONE,0.006,0.0
2955,32Mt_L2_NS,NONE,0.009,0.0
2960,304Nvl_L1_EW,304NVL_EW,0.102,0.102
2960,304Nvl_L2_EW,304NVL_EW,0.087,0.087
2960,304Nvl_L1_NS,NONE,0.007,0.0
2960,32Nvl_L1_EW,32NVL_EW,0.007,0.002
2960,32Nvl_L2_EW,32NVL_EW,0.007,0.004
2960,NvcNvl_L1_EW,NONE,0.053,0.0
2960,NvcNvl_L2_EW,NONE,0.038,0.0
2960,NvcNvl_L1_EW,NVCNVL_EW,0.007,-0.015
2960,NvcNvl_L2_EW,NVCNVL_EW,0.008,0.008
2960,32Mt_L1_NS,32MT_NS,0.006,0.006
2960,32Mt_L1_EW,NONE,0.036,0.0
2960,32Mt_L3_EW,NONE,0.044,0.0
2960,32Mt_L1_EW,32MT_EW,0.007,0.007
2960,NvcMt_L2_NS,NONE,0.005,0.0
2960,NvcMt_L1_EW,NVCMT_EW,0.032,0.027
2960,NvcCmt8_L2_NS,NONE,0.011,0.0
2960,NvcCmt8_L1_NS,NONE,0.008,0.0
2960,304Nvl_L3_EW,NONE,0.076,0.0
2960,32Nvl_L3_EW,NONE,0.006,0.0
2960,32Mt_L2_EW,NONE,0.038,0.0
2960,32Mt_L2_EW,32MT_EW,0.005,0.005
2960,NvcMt_L1_NS,NONE,0.005,0.0
2960,NvcMt_L2_EW,NVCMT_EW,0.04,0.034
2965,304Nvl_L1_EW,304NVL_EW,0.102,0.102
2965,304Nvl_L2_EW,304NVL_EW,0.087,0.087
2965,304Nvl_L1_NS,NONE,0.007,0.0
2965,304Nvl_L3_NS,NONE,0.008,0.0
2965,32Nvl_L3_NS,NONE,0.007,0.0
2965,32Nvl_L1_NS,32NVL_NS,0.007,0.002
2965,32Nvl_L1_EW,32NVL_EW,0.007,0.007
2965,32Nvl_L2_EW,32NVL_EW,0.007,0.007
2965,32Nvl_L3_NS,NONE,0.008,0.0
2965,32Nvl_L2_NS,32NVL_NS,0.008,0.008
2965,NvcNvl_L3_NS,NONE,0.007,0.0
2965,NvcNvl_L2_NS,NONE,0.007,0.0
2965,NvcNvl_L1_EW,NVCNVL_EW,0.007,-0.015
2965,NvcNvl_L2_EW,NVCNVL_EW,0.008,0.008
2965,NvcNvl_L1_NS,NVCNVL_NS,0.007,0.002
2965,32Mt_L1_NS,32MT_NS,0.006,0.006
2965,32Mt_L1_EW,NONE,0.007,0.0
2965,32Mt_L3_EW,NONE,0.009,0.0
2965,32Mt_L1_NS,NONE,0.01,0.0
2965,NvcMt_L1_EW,NVCMT_EW,0.032,0.027
2965,304Nvl_L3_EW,NONE,0.076,0.0
2965,304Nvl_L2_NS,NONE,0.007,0.0
2965,32Nvl_L2_NS,32NVL_NS,0.007,0.007
2965,32Nvl_L3_EW,NONE,0.006,0.0
2965,32Nvl_L1_NS,32NVL_NS,0.013,0.009
2965,NvcNvl_L1_NS,NONE,0.009,0.0
2965,NvcNvl_L3_EW,NONE,0.009,0.0
2965,32Mt_L2_EW,NONE,0.008,0.0
2965,32Mt_L2_NS,NONE,0.009,0.0
2965,NvcMt_L2_EW,NVCMT_EW,0.048,0.042
2970,304Nvl_L1_EW,304NVL_EW,0.068,0.068
2970,304Nvl_L2_EW,304NVL_EW,0.051,0.051
2970,304Nvl_L1_NS,NONE,0.044,0.0
2970,304Nvl_L3_NS,NONE,0.048,0.0
2970,32Nvl_L1_EW,32NVL_EW,0.007,-0.018
2970,32Nvl_L2_EW,32NVL_EW,0.007,-0.012
2970,NvcNvl_L3_NS,NONE,0.007,0.0
2970,NvcNvl_L2_NS,NONE,0.007,0.0
2970,NvcNvl_L1_NS,NVCNVL_NS,0.007,0.007
2970,32Mt_L1_NS,32MT_NS,0.006,0.006
2970,32Mt_L1_EW,32MT_EW,0.035,0.035
2970,32Mt_L1_NS,NONE,0.01,0.0
2970,NvcMt_L1_EW,NVCMT_EW,0.032,0.032
2970,304Nvl_L3_EW,NONE,0.044,0.0
2970,304Nvl_L2_NS,NONE,0.044,0.0
2970,32Nvl_L3_EW,NONE,0.006,0.0
2970,NvcNvl_L1_NS,NONE,0.009,0.0
2970,32Mt_L2_EW,32MT_EW,0.027,0.027
2970,NvcMt_L2_EW,NVCMT_EW,0.04,0.04
2975,304Nvl_L1_EW,304NVL_EW,0.034,0.034
2975,304Nvl_L2_EW,304NVL_EW,0.015,0.015
2975,32Nvl_L1_NS,32NVL_NS,0.007,0.007
2975,32Nvl_L1_EW,32NVL_EW,0.007,0.007
2975,32Nvl_L2_EW,32NVL_EW,0.008,0.008
2975,32Nvl_L1_EW,32NVL_EW,0.007,0.007
2975,32Nvl_L2_EW,32NVL_EW,0.007,0.007
2975,NvcNvl_L3_NS,NONE,0.007,0.0
2975,NvcNvl_L2_NS,NONE,0.007,0.0
2975,32Mt_L1_NS,32MT_NS,0.006,0.006
2975,NvcMt_L1_EW,NVCMT_EW,0.006,0.006
2975,NvcMt_L2_EW,NVCMT_EW,0.003,0.003
2975,304Nvl_L3_EW,NONE,0.013,0.0
2975,32Nvl_L3_EW,NONE,0.006,0.0
2975,32Nvl_L3_EW,NONE,0.006,0.0
2975,32Nvl_L1_NS,32NVL_NS,0.007,0.007
2975,NvcNvl_L1_NS,NONE,0.009,0.0
2975,NvcMt_L2_EW,NVCMT_EW,0.008,0.008
2975,NvcMt_L1_EW,NVCMT_EW,0.006,0.006
2980,304Nvl_L1_EW,304NVL_EW,0.017,0.017
2980,32Nvl_L1_EW,32NVL_EW,0.007,0.002
2980,32Nvl_L2_EW,32NVL_EW,0.008,0.004
2980,32Nvl_L1_EW,32NVL_EW,0.007,0.002
2980,32Nvl_L2_EW,32NVL_EW,0.007,0.004
2980,NvcNvl_L1_EW,NONE,0.021,0.0
2980,NvcNvl_L2_EW,NONE,0.015,0.0
2980,NvcNvl_L1_EW,NVCNVL_EW,0.007,0.007
2980,NvcNvl_L2_EW,NVCNVL_EW,0.008,0.008
2980,32Mt_L1_NS,32MT_NS,0.006,0.006
2980,32Mt_L1_EW,32MT_EW,0.007,0.002
2980,32Thn_L1_EW,NONE,0.01,0.0
2980,32Thn_L2_EW,NONE,0.01,0.0
2980,32Thn_L3_EW,NONE,0.007,0.0
2980,32Nvl_L3_EW,NONE,0.006,0.0
2980,32Nvl_L3_EW,NONE,0.006,0.0
2980,NvcNvl_L3_EW,NONE,0.006,0.0
2980,NvcNvl_L3_EW,NONE,0.009,0.0
2980,32Mt_L2_EW,32MT_EW,0.005,0.0
2985,304Nvl_L1_EW,304NVL_EW,0.093,0.093
2985,304Nvl_L2_EW,304NVL_EW,0.007,0.007
2985,304Nvl_L1_NS,NONE,0.044,0.0
2985,32Nvl_L1_EW,32NVL_EW,0.014,0.009
2985,32Nvl_L2_EW,32NVL_EW,0.015,0.015
2985,32Nvl_L1_EW,32NVL_EW,0.007,0.001
2985,32Nvl_L2_EW,32NVL_EW,0.007,0.007
2985,NvcNvl_L1_EW,NVCNVL_EW,0.014,0.014
2985,NvcNvl_L2_EW,NVCNVL_EW,0.008,0.008
2985,32Mt_L1_EW,NONE,0.007,0.0
2985,32Thn_L1_EW,32THN_EW,0.008,-0.002
2985,304Nvl_L3_EW,NONE,0.006,0.0
2985,32Nvl_L3_EW,NONE,0.006,0.0
2985,32Nvl_L3_EW,NONE,0.013,0.0
2985,NvcNvl_L3_EW,NONE,0.009,0.0
2990,304Nvl_L1_EW,304NVL_EW,0.093,0.093
2990,304Nvl_L2_EW,304NVL_EW,0.036,0.036
2990,304Nvl_L1_NS,NONE,0.036,0.0
2990,32Nvl_L3_NS,NONE,0.007,0.0
2990,32Nvl_L1_NS,32NVL_NS,0.014,0.014
2990,32Nvl_L1_EW,32NVL_EW,0.014,0.014
2990,32Nvl_L2_EW,32NVL_EW,0.015,0.015
2990,32Nvl_L1_EW,32NVL_EW,0.007,0.007
2990,32Nvl_L2_EW,32NVL_EW,0.007,0.007
2990,NvcNvl_L1_EW,NVCNVL_EW,0.014,0.014
2990,NvcNvl_L2_EW,NVCNVL_EW,0.008,0.008
2990,304Nvl_L3_EW,NONE,0.032,0.0
2990,32Nvl_L2_NS,32NVL_NS,0.013,0.013
2990,32Nvl_L3_EW,NONE,0.006,0.0
2990,32Nvl_L3_EW,NONE,0.013,0.0
2990,32Nvl_L1_NS,32NVL_NS,0.007,0.007
2990,NvcNvl_L3_EW,NONE,0.009,0.0
2995,304Nvl_L1_NS,NONE,0.015,0.0
2995,32Nvl_L1_EW,32NVL_EW,0.007,0.007
2995,32Nvl_L2_EW,32NVL_EW,0.008,0.008
2995,32Nvl_L1_EW,32NVL_EW,0.007,0.007
2995,32Nvl_L2_EW,32NVL_EW,0.007,0.007
2995,NvcNvl_L1_EW,NVCNVL_EW,0.084,0.08
2995,NvcNvl_L2_EW,NVCNVL_EW,0.094,0.094
2995,NvcMt_L1_EW,NVCMT_EW,0.006,-0.053
2995,32Nvl_L3_EW,NONE,0.006,0.0
2995,32Nvl_L3_EW,NONE,0.006,0.0
2995,32Nvl_L1_NS,32NVL_NS,0.007,0.007
2995,NvcNvl_L3_EW,NONE,0.112,0.0
2995,NvcMt_L2_EW,NVCMT_EW,0.008,-0.058
3000,304Nvl_L1_NS,304NVL_NS,0.009,0.009
3000,304Nvl_L3_NS,NONE,0.007,0.0
3000,304Nvl_L1_EW,304NVL_EW,0.042,0.042
3000,304Nvl_L1_NS,NONE,0.007,0.0
3000,32Nvl_L1_EW,32NVL_EW,0.014,0.014
3000,32Nvl_L2_EW,32NVL_EW,0.015,0.015
3000,32Nvl_L1_EW,32NVL_EW,0.007,0.007
3000,32Nvl_L2_EW,32NVL_EW,0.007,0.007
3000,32Nvl_L3_NS,NONE,0.008,0.0
3000,32Nvl_L2_NS,32NVL_NS,0.008,0.003
3000,NvcNvl_L1_EW,NONE,0.011,0.0
3000,NvcNvl_L2_EW,NONE,0.008,0.0
3000,NvcMt_L1_NS,NVCMT_NS,0.007,0.007
3000,304Nvl_L2_NS,304NVL_NS,0.008,0.002
3000,304Nvl_L2_NS,NONE,0.007,0.0
3000,32Nvl_L3_EW,NONE,0.006,0.0
3000,32Nvl_L3_EW,NONE,0.013,0.0
3000,32Nvl_L1_NS,32NVL_NS,0.013,0.007
3000,NvcMt_L2_NS,NVCMT_NS,0.005,0.005
3005,304Nvl_L1_NS,304NVL_NS,0.009,0.009
3005,304Nvl_L3_NS,NONE,0.007,0.0
3005,32Nvl_L1_EW,32NVL_EW,0.007,0.007
3005,32Nvl_L2_EW,32NVL_EW,0.008,0.008
3005,32Nvl_L1_EW,32NVL_EW,0.007,0.007
3005,32Nvl_L2_EW,32NVL_EW,0.007,0.007
3005,32Nvl_L3_NS,NONE,0.1,0.0
3005,32Nvl_L2_NS,32NVL_NS,0.095,0.089
3005,32Mt_L1_NS,NONE,0.01,0.0
3005,NvcMt_L1_NS,NVCMT_NS,0.007,0.007
3005,304Nvl_L2_NS,304NVL_NS,0.008,-0.059
3005,32Nvl_L3_EW,NONE,0.006,0.0
3005,32Nvl_L3_EW,NONE,0.006,0.0
3005,32Nvl_L1_NS,32NVL_NS,0.081,0.074
3005,32Mt_L2_NS,NONE,0.009,0.0
3005,NvcMt_L2_NS,NVCMT_NS,0.005,0.005
3010,304Nvl_L1_NS,304NVL_NS,0.009,0.004
3010,304Nvl_L3_NS,NONE,0.007,0.0
3010,32Nvl_L1_NS,32NVL_NS,0.007,0.001
3010,32Nvl_L1_EW,32NVL_EW,0.007,0.002
3010,32Nvl_L2_EW,32NVL_EW,0.008,0.004
3010,32Nvl_L1_EW,32NVL_EW,0.007,0.002
3010,32Nvl_L2_EW,32NVL_EW,0.007,0.004
3010,32Nvl_L3_NS,NONE,0.117,0.0
3010,32Nvl_L2_NS,32NVL_NS,0.111,0.105
3010,32Mt_L1_EW,32MT_EW,0.007,0.002
3010,32Mt_L1_NS,NONE,0.01,0.0
3010,NvcMt_L1_NS,NVCMT_NS,0.007,0.007
3010,304Nvl_L2_NS,304NVL_NS,0.008,-0.07
3010,32Nvl_L2_NS,32NVL_NS,0.007,0.001
3010,32Nvl_L3_EW,NONE,0.006,0.0
3010,32Nvl_L3_EW,NONE,0.006,0.0
3010,32Nvl_L1_NS,32NVL_NS,0.101,0.094
3010,32Mt_L2_EW,32MT_EW,0.005,0.0
3010,32Mt_L2_NS,NONE,0.009,0.0
3010,NvcMt_L2_NS,NVCMT_NS,0.005,0.005
3015,304Nvl_L1_NS,304NVL_NS,0.009,0.004
3015,304Nvl_L3_NS,NONE,0.007,0.0
3015,32Nvl_L1_NS,32NVL_NS,0.007,0.001
3015,32Nvl_L1_EW,32NVL_EW,0.007,0.007
3015,32Nvl_L2_EW,32NVL_EW,0.008,0.008
3015,32Nvl_L1_EW,32NVL_EW,0.007,0.007
3015,32Nvl_L2_EW,32NVL_EW,0.007,0.007
3015,32Nvl_L3_NS,NONE,0.017,0.0
3015,32Nvl_L2_NS,32NVL_NS,0.016,0.01
3015,32Mt_L1_NS,32MT_NS,0.006,0.001
3015,NvcMt_L1_NS,NVCMT_NS,0.007,0.002
3015,304Nvl_L2_NS,304NVL_NS,0.008,-0.003
3015,32Nvl_L2_NS,32NVL_NS,0.007,0.001
3015,32Nvl_L3_EW,NONE,0.006,0.0
3015,32Nvl_L3_EW,NONE,0.006,0.0
3015,32Nvl_L1_NS,32NVL_NS,0.013,0.007
3015,NvcMt_L2_NS,NVCMT_NS,0.005,0.005
3020,304Nvl_L1_NS,304NVL_NS,0.009,-0.078
3020,304Nvl_L3_NS,NONE,0.007,0.0
3020,304Nvl_L1_EW,304NVL_EW,0.008,0.008
3020,304Nvl_L2_EW,304NVL_EW,0.007,0.007
3020,32Nvl_L3_NS,NONE,0.034,0.0
3020,32Nvl_L1_NS,32NVL_NS,0.125,0.118
3020,32Mt_L1_NS,32MT_NS,0.019,0.014
3020,NvcMt_L1_NS,NVCMT_NS,0.007,-0.006
3020,32Thn_L1_EW,32THN_EW,0.008,0.008
3020,32Thn_L2_EW,32THN_EW,0.008,0.008
3020,32Thn_L3_EW,NONE,0.008,0.0
3020,304Nvl_L2_NS,304NVL_NS,0.008,0.008
3020,304Nvl_L3_EW,NONE,0.006,0.0
3020,32Nvl_L2_NS,32NVL_NS,0.033,0.028
3020,32Mt_L2_NS,32MT_NS,0.006,0.003
3020,NvcMt_L2_NS,NVCMT_NS,0.005,0.001
3025,304Nvl_L1_NS,304NVL_NS,0.009,-0.03
3025,304Nvl_L3_NS,NONE,0.007,0.0
3025,304Nvl_L1_EW,304NVL_EW,0.051,0.051
3025,304Nvl_L2_EW,304NVL_EW,0.044,0.044
3025,32Nvl_L3_NS,NONE,0.007,0.0
3025,32Nvl_L1_NS,32NVL_NS,0.055,0.049
3025,32Nvl_L1_EW,32NVL_EW,0.007,0.001
3025,32Nvl_L2_EW,32NVL_EW,0.008,0.002
3025,32Nvl_L1_EW,32NVL_EW,0.007,0.001
3025,32Mt_L1_NS,32MT_NS,0.019,0.014
3025,32Mt_L1_EW,NONE,0.007,0.0
3025,32Mt_L3_EW,NONE,0.009,0.0
3025,NvcMt_L1_NS,NVCMT_NS,0.007,-0.006
3025,32Thn_L1_EW,NONE,0.01,0.0
3025,32Thn_L1_EW,32THN_EW,0.008,0.003
3025,32Thn_L2_EW,32THN_EW,0.008,0.003
3025,32Thn_L3_EW,NONE,0.008,0.0
3025,304Nvl_L2_NS,304NVL_NS,0.008,0.008
3025,304Nvl_L3_EW,NONE,0.038,0.0
3025,32Nvl_L2_NS,32NVL_NS,0.04,0.035
3025,32Nvl_L3_EW,NONE,0.006,0.0
3025,32Nvl_L1_NS,32NVL_NS,0.007,0.0
3025,32Mt_L2_NS,32MT_NS,0.006,0.003
3025,32Mt_L2_EW,NONE,0.008,0.0
3025,NvcMt_L2_NS,NVCMT_NS,0.005,0.001
3030,304Nvl_L1_EW,304NVL_EW,0.025,0.025
3030,304Nvl_L2_EW,304NVL_EW,0.015,0.015
3030,32Nvl_L3_NS,NONE,0.007,0.0
3030,32Nvl_L1_NS,32NVL_NS,0.048,0.048
3030,32Nvl_L1_EW,32NVL_EW,0.014,0.004
3030,32Nvl_L2_EW,32NVL_EW,0.015,0.006
3030,NvcNvl_L1_EW,NONE,0.011,0.0
3030,NvcNvl_L2_EW,NONE,0.008,0.0
3030,32Mt_L1_NS,32MT_NS,0.006,0.006
3030,32Mt_L1_EW,32MT_EW,0.007,-0.003
3030,NvcMt_L2_NS,NONE,0.063,0.0
3030,32Thn_L1_EW,32THN_EW,0.008,-0.002
3030,32Thn_L2_EW,32THN_EW,0.008,-0.002
3030,32Thn_L3_EW,NONE,0.008,0.0
3030,304Nvl_L3_EW,NONE,0.013,0.0
3030,32Nvl_L2_NS,32NVL_NS,0.04,0.04
3030,32Nvl_L3_EW,NONE,0.013,0.0
3030,32Nvl_L1_NS,32NVL_NS,0.007,0.007
3030,NvcNvl_L3_EW,NONE,0.006,0.0
3030,32Mt_L2_NS,32MT_NS,0.006,0.006
3030,32Mt_L2_EW,32MT_EW,0.005,-0.005
3030,NvcMt_L1_NS,NONE,0.066,0.0
3035,304Nvl_L1_EW,304NVL_EW,0.017,0.017
3035,304Nvl_L2_EW,304NVL_EW,0.015,0.015
3035,304Nvl_L1_NS,NONE,0.036,0.0
3035,32Nvl_L1_EW,32NVL_EW,0.007,-0.009
3035,32Nvl_L2_EW,32NVL_EW,0.008,-0.008
3035,NvcNvl_L3_NS,NONE,0.007,0.0
3035,NvcNvl_L2_NS,NONE,0.007,0.0
3035,32Mt_L1_NS,32MT_NS,0.006,0.006
3035,32Mt_L1_EW,32MT_EW,0.007,0.002
3035,NvcMt_L2_NS,NONE,0.063,0.0
3035,NvcMt_L1_EW,NVCMT_EW,0.006,0.006
3035,NvcCmt8_L2_NS,NONE,0.011,0.0
3035,32Thn_L1_EW,32THN_EW,0.016,0.011
3035,32Thn_L2_EW,32THN_EW,0.017,0.011
3035,NvcCmt8_L1_NS,NONE,0.008,0.0
3035,32Thn_L3_EW,NONE,0.016,0.0
3035,304Nvl_L3_EW,NONE,0.013,0.0
3035,32Nvl_L3_EW,NONE,0.006,0.0
3035,NvcNvl_L1_NS,NONE,0.009,0.0
3035,32Mt_L2_EW,32MT_EW,0.005,0.0
3035,NvcMt_L1_NS,NONE,0.066,0.0
3035,NvcMt_L2_EW,NVCMT_EW,0.008,0.008
3040,304Nvl_L1_EW,304NVL_EW,0.025,0.025
3040,304Nvl_L2_EW,304NVL_EW,0.022,0.022
3040,304Nvl_L1_NS,NONE,0.007,0.0
3040,32Nvl_L1_EW,32NVL_EW,0.007,-0.009
3040,32Nvl_L2_EW,32NVL_EW,0.008,-0.008
3040,NvcNvl_L3_NS,NONE,0.007,0.0
3040,NvcNvl_L2_NS,NONE,0.007,0.0
3040,NvcNvl_L1_EW,NVCNVL_EW,0.007,0.003
3040,32Mt_L1_EW,NONE,0.007,0.0
3040,32Mt_L1_EW,32MT_EW,0.007,0.002
3040,NvcMt_L2_NS,NONE,0.063,0.0
3040,NvcMt_L1_EW,NVCMT_EW,0.006,0.001
3040,32Thn_L1_EW,32THN_EW,0.016,0.011
3040,32Thn_L2_EW,32THN_EW,0.017,0.011
3040,32Thn_L3_EW,NONE,0.016,0.0
3040,304Nvl_L3_EW,NONE,0.019,0.0
3040,32Nvl_L3_EW,NONE,0.006,0.0
3040,NvcNvl_L1_NS,NONE,0.009,0.0
3040,32Mt_L2_EW,32MT_EW,0.005,0.0
3040,NvcMt_L1_NS,NONE,0.066,0.0
3040,NvcMt_L2_EW,NVCMT_EW,0.008,0.008
3045,304Nvl_L1_NS,304NVL_NS,0.009,0.009
3045,304Nvl_L3_NS,NONE,0.007,0.0
3045,304Nvl_L1_EW,304NVL_EW,0.025,0.025
3045,304Nvl_L2_EW,304NVL_EW,0.022,0.022
3045,32Nvl_L1_EW,32NVL_EW,0.007,-0.028
3045,32Nvl_L2_EW,32NVL_EW,0.008,-0.021
3045,32Nvl_L3_NS,NONE,0.008,0.0
3045,32Nvl_L2_NS,32NVL_NS,0.008,0.003
3045,NvcNvl_L1_EW,NVCNVL_EW,0.007,-0.02
3045,32Mt_L1_EW,32MT_EW,0.042,0.037
3045,NvcMt_L1_EW,NVCMT_EW,0.038,0.033
3045,32Thn_L1_EW,NONE,0.01,0.0
3045,32Thn_L1_EW,32THN_EW,0.008,0.003
3045,32Thn_L2_EW,32THN_EW,0.008,0.003
3045,32Thn_L3_EW,NONE,0.008,0.0
3045,304Nvl_L2_NS,304NVL_NS,0.008,0.002
3045,304Nvl_L3_EW,NONE,0.019,0.0
3045,32Nvl_L3_EW,NONE,0.006,0.0
3045,32Nvl_L1_NS,32NVL_NS,0.007,0.0
3045,32Mt_L2_EW,32MT_EW,0.033,0.027
3045,NvcMt_L2_EW,NVCMT_EW,0.048,0.048
3050,304Nvl_L1_NS,304NVL_NS,0.009,0.009
3050,304Nvl_L3_NS,NONE,0.007,0.0
3050,304Nvl_L1_NS,NONE,0.088,0.0
3050,304Nvl_L3_NS,NONE,0.096,0.0
3050,32Nvl_L1_EW,32NVL_EW,0.007,-0.082
3050,32Nvl_L2_EW,32NVL_EW,0.008,-0.063
3050,NvcNvl_L3_NS,NONE,0.034,0.0
3050,NvcNvl_L2_NS,NONE,0.033,0.0
3050,NvcNvl_L1_EW,NONE,0.064,0.0
3050,NvcNvl_L2_EW,NONE,0.046,0.0
3050,NvcNvl_L1_EW,NVCNVL_EW,0.007,-0.02
3050,NvcNvl_L1_NS,NVCNVL_NS,0.007,0.007
3050,32Mt_L1_EW,32MT_EW,0.119,0.114
3050,NvcMt_L1_EW,NVCMT_EW,0.038,0.033
3050,32Thn_L1_EW,32THN_EW,0.008,0.003
3050,32Thn_L2_EW,32THN_EW,0.008,0.003
3050,32Thn_L3_EW,NONE,0.008,0.0
3050,304Nvl_L2_NS,304NVL_NS,0.008,0.008
3050,304Nvl_L2_NS,NONE,0.089,0.0
3050,32Nvl_L3_EW,NONE,0.006,0.0
3050,32Nvl_L1_NS,32NVL_NS,0.034,0.023
3050,NvcNvl_L1_NS,NONE,0.044,0.0
3050,NvcNvl_L3_EW,NONE,0.038,0.0
3050,32Mt_L2_EW,32MT_EW,0.092,0.087
3050,NvcMt_L2_EW,NVCMT_EW,0.048,0.048
3055,304Nvl_L1_NS,304NVL_NS,0.009,0.009
3055,304Nvl_L3_NS,NONE,0.007,0.0
3055,304Nvl_L1_NS,NONE,0.007,0.0
3055,304Nvl_L3_NS,NONE,0.008,0.0
3055,32Nvl_L1_EW,32NVL_EW,0.007,-0.091
3055,32Nvl_L2_EW,32NVL_EW,0.008,-0.07
3055,NvcNvl_L1_EW,NONE,0.075,0.0
3055,NvcNvl_L2_EW,NONE,0.015,0.0
3055,32Mt_L1_EW,NONE,0.007,0.0
3055,32Mt_L3_EW,NONE,0.009,0.0
3055,32Mt_L1_EW,32MT_EW,0.133,0.128
3055,NvcMt_L2_NS,NONE,0.005,0.0
3055,NvcMt_L1_EW,NVCMT_EW,0.006,0.006
3055,32Thn_L1_EW,32THN_EW,0.008,0.003
3055,32Thn_L2_EW,32THN_EW,0.008,0.003
3055,32Thn_L3_EW,NONE,0.008,0.0
3055,304Nvl_L2_NS,304NVL_NS,0.008,0.008
3055,304Nvl_L2_NS,NONE,0.007,0.0
3055,32Nvl_L3_EW,NONE,0.006,0.0
3055,NvcNvl_L3_EW,NONE,0.013,0.0
3055,32Mt_L2_EW,NONE,0.008,0.0
3055,32Mt_L2_EW,32MT_EW,0.103,0.098
3055,NvcMt_L1_NS,NONE,0.005,0.0
3055,NvcMt_L2_EW,NVCMT_EW,0.008,0.008
3060,304Nvl_L1_NS,304NVL_NS,0.009,-0.015
3060,304Nvl_L3_NS,NONE,0.007,0.0
3060,304Nvl_L1_EW,304NVL_EW,0.102,0.102
3060,304Nvl_L1_NS,NONE,0.007,0.0
3060,32Nvl_L1_NS,32NVL_NS,0.035,0.028
3060,32Nvl_L1_EW,32NVL_EW,0.007,-0.096
3060,32Nvl_L2_EW,32NVL_EW,0.008,-0.074
3060,32Nvl_L3_NS,NONE,0.008,0.0
3060,32Nvl_L2_NS,32NVL_NS,0.008,0.003
3060,NvcNvl_L3_NS,NONE,0.041,0.0
3060,NvcNvl_L2_NS,NONE,0.04,0.0
3060,32Mt_L1_EW,NONE,0.007,0.0
3060,32Mt_L3_EW,NONE,0.009,0.0
3060,32Mt_L1_EW,32MT_EW,0.139,0.135
3060,NvcMt_L2_NS,NONE,0.005,0.0
3060,NvcMt_L1_EW,NVCMT_EW,0.006,0.006
3060,32Thn_L1_EW,32THN_EW,0.008,0.003
3060,32Thn_L2_EW,32THN_EW,0.008,0.003
3060,32Thn_L3_EW,NONE,0.008,0.0
3060,304Nvl_L2_NS,304NVL_NS,0.008,0.002
3060,32Nvl_L2_NS,32NVL_NS,0.033,0.028
3060,32Nvl_L3_EW,NONE,0.006,0.0
3060,32Nvl_L1_NS,32NVL_NS,0.007,0.0
3060,NvcNvl_L1_NS,NONE,0.052,0.0
3060,32Mt_L2_EW,NONE,0.008,0.0
3060,32Mt_L2_EW,32MT_EW,0.109,0.103
3060,NvcMt_L1_NS,NONE,0.005,0.0
3060,NvcMt_L2_EW,NVCMT_EW,0.008,0.008
3065,304Nvl_L1_NS,304NVL_NS,0.009,-0.02
3065,304Nvl_L3_NS,NONE,0.007,0.0
3065,304Nvl_L1_EW,304NVL_EW,0.017,0.017
3065,304Nvl_L2_EW,304NVL_EW,0.007,0.007
3065,304Nvl_L1_NS,NONE,0.022,0.0
3065,304Nvl_L3_NS,NONE,0.008,0.0
3065,32Nvl_L1_NS,32NVL_NS,0.042,0.035
3065,32Nvl_L1_EW,32NVL_EW,0.007,-0.1
3065,32Nvl_L2_EW,32NVL_EW,0.008,-0.072
3065,NvcNvl_L3_NS,NONE,0.007,0.0
3065,NvcNvl_L2_NS,NONE,0.007,0.0
3065,NvcNvl_L1_EW,NVCNVL_EW,0.035,0.031
3065,NvcNvl_L2_EW,NVCNVL_EW,0.039,0.039
3065,32Mt_L1_EW,32MT_EW,0.153,0.148
3065,NvcMt_L1_EW,NVCMT_EW,0.006,-0.018
3065,32Thn_L1_EW,NONE,0.01,0.0
3065,304Nvl_L2_NS,304NVL_NS,0.008,0.008
3065,304Nvl_L3_EW,NONE,0.006,0.0
3065,304Nvl_L2_NS,NONE,0.007,0.0
3065,32Nvl_L2_NS,32NVL_NS,0.04,0.035
3065,32Nvl_L3_EW,NONE,0.006,0.0
3065,NvcNvl_L1_NS,NONE,0.009,0.0
3065,NvcNvl_L3_EW,NONE,0.047,0.0
3065,32Mt_L2_EW,32MT_EW,0.114,0.109
3065,NvcMt_L2_EW,NVCMT_EW,0.008,-0.019
3070,304Nvl_L1_NS,304NVL_NS,0.009,-0.001
3070,304Nvl_L3_NS,NONE,0.007,0.0
3070,304Nvl_L1_EW,304NVL_EW,0.008,0.008
3070,304Nvl_L2_EW,304NVL_EW,0.007,0.007
3070,32Nvl_L1_NS,32NVL_NS,0.014,0.003
3070,32Nvl_L1_EW,32NVL_EW,0.007,-0.105
3070,32Nvl_L2_EW,32NVL_EW,0.008,-0.076
3070,NvcNvl_L1_EW,NVCNVL_EW,0.035,0.031
3070,NvcNvl_L2_EW,NVCNVL_EW,0.039,0.039
3070,NvcNvl_L1_NS,NVCNVL_NS,0.007,-0.003
3070,32Mt_L1_EW,NONE,0.007,0.0
3070,32Mt_L1_EW,32MT_EW,0.16,0.155
3070,NvcMt_L1_EW,NVCMT_EW,0.006,-0.018
3070,32Thn_L1_EW,NONE,0.01,0.0
3070,304Nvl_L2_NS,304NVL_NS,0.008,0.008
3070,304Nvl_L3_EW,NONE,0.006,0.0
3070,32Nvl_L2_NS,32NVL_NS,0.007,0.001
3070,32Nvl_L3_EW,NONE,0.006,0.0
3070,NvcNvl_L3_EW,NONE,0.047,0.0
3070,32Mt_L2_EW,NONE,0.008,0.0
3070,32Mt_L2_EW,32MT_EW,0.12,0.114
3070,NvcMt_L2_EW,NVCMT_EW,0.008,-0.019
3070,NvcMt_L1_EW,NVCMT_EW,0.006,-0.019
3075,304Nvl_L1_NS,304NVL_NS,0.009,0.009
3075,304Nvl_L3_NS,NONE,0.007,0.0
3075,304Nvl_L1_EW,304NVL_EW,0.068,0.068
3075,304Nvl_L2_EW,304NVL_EW,0.044,0.044
3075,32Nvl_L1_EW,32NVL_EW,0.007,-0.111
3075,32Nvl_L2_EW,32NVL_EW,0.008,-0.082
3075,32Nvl_L1_EW,32NVL_EW,0.007,-0.111
3075,32Nvl_L2_EW,32NVL_EW,0.007,-0.082
3075,NvcNvl_L1_EW,NONE,0.011,0.0
3075,NvcNvl_L2_EW,NONE,0.008,0.0
3075,NvcNvl_L1_EW,NVCNVL_EW,0.035,0.031
3075,NvcNvl_L2_EW,NVCNVL_EW,0.039,0.039
3075,32Mt_L1_EW,NONE,0.014,0.0
3075,32Mt_L3_EW,NONE,0.018,0.0
3075,32Mt_L1_EW,32MT_EW,0.16,0.155
3075,NvcMt_L2_NS,NONE,0.005,0.0
3075,NvcMt_L1_EW,NVCMT_EW,0.006,-0.018
3075,32Thn_L1_EW,NONE,0.01,0.0
3075,32Thn_L2_EW,NONE,0.01,0.0
3075,32Thn_L1_EW,32THN_EW,0.008,0.003
3075,32Thn_L2_EW,32THN_EW,0.008,0.003
3075,32Thn_L3_EW,NONE,0.007,0.0
3075,32Thn_L3_EW,NONE,0.008,0.0
3075,304Nvl_L2_NS,304NVL_NS,0.008,0.008
3075,304Nvl_L3_EW,NONE,0.038,0.0
3075,32Nvl_L3_EW,NONE,0.006,0.0
3075,32Nvl_L3_EW,NONE,0.006,0.0
3075,NvcNvl_L3_EW,NONE,0.047,0.0
3075,32Mt_L2_EW,NONE,0.015,0.0
3075,32Mt_L2_EW,32MT_EW,0.12,0.114
3075,NvcMt_L1_NS,NONE,0.005,0.0
3075,NvcMt_L2_EW,NVCMT_EW,0.008,-0.019
3075,NvcMt_L1_EW,NVCMT_EW,0.006,-0.019
3080,304Nvl_L1_NS,304NVL_NS,0.009,0.009
3080,304Nvl_L3_NS,NONE,0.007,0.0
3080,304Nvl_L1_EW,304NVL_EW,0.008,0.008
3080,304Nvl_L2_EW,304NVL_EW,0.007,0.007
3080,32Nvl_L1_EW,32NVL_EW,0.007,-0.112
3080,32Nvl_L2_EW,32NVL_EW,0.008,-0.082
3080,32Nvl_L1_EW,32NVL_EW,0.007,-0.112
3080,32Nvl_L2_EW,32NVL_EW,0.007,-0.082
3080,NvcNvl_L1_EW,NVCNVL_EW,0.035,0.013
3080,NvcNvl_L2_EW,NVCNVL_EW,0.039,0.039
3080,32Mt_L1_EW,32MT_EW,0.153,0.148
3080,NvcMt_L2_NS,NONE,0.005,0.0
3080,NvcMt_L1_EW,NVCMT_EW,0.032,0.007
3080,32Thn_L1_EW,32THN_EW,0.016,0.011
3080,32Thn_L2_EW,32THN_EW,0.008,0.003
3080,32Thn_L3_EW,NONE,0.008,0.0
3080,304Nvl_L2_NS,304NVL_NS,0.008,0.008
3080,304Nvl_L3_EW,NONE,0.006,0.0
3080,32Nvl_L3_EW,NONE,0.006,0.0
3080,32Nvl_L3_EW,NONE,0.006,0.0
3080,NvcNvl_L3_EW,NONE,0.047,0.0
3080,32Mt_L2_EW,32MT_EW,0.12,0.114
3080,NvcMt_L1_NS,NONE,0.005,0.0
3080,NvcMt_L2_EW,NVCMT_EW,0.04,0.012
3085,304Nvl_L1_NS,304NVL_NS,0.009,0.009
3085,304Nvl_L3_NS,NONE,0.007,0.0
3085,304Nvl_L1_EW,304NVL_EW,0.008,0.008
3085,304Nvl_L1_NS,NONE,0.036,0.0
3085,32Nvl_L1_EW,32NVL_EW,0.007,-0.105
3085,32Nvl_L2_EW,32NVL_EW,0.008,-0.072
3085,32Nvl_L1_EW,32NVL_EW,0.007,-0.106
3085,32Nvl_L2_EW,32NVL_EW,0.007,-0.072
3085,NvcNvl_L1_EW,NVCNVL_EW,0.035,0.013
3085,NvcNvl_L2_EW,NVCNVL_EW,0.039,0.039
3085,32Mt_L1_EW,32MT_EW,0.16,0.155
3085,NvcMt_L1_EW,NVCMT_EW,0.032,0.007
3085,32Thn_L1_EW,NONE,0.01,0.0
3085,304Nvl_L2_NS,304NVL_NS,0.008,0.008
3085,32Nvl_L3_EW,NONE,0.006,0.0
3085,32Nvl_L3_EW,NONE,0.006,0.0
3085,NvcNvl_L3_EW,NONE,0.047,0.0
3085,32Mt_L2_EW,32MT_EW,0.114,0.109
3085,NvcMt_L2_EW,NVCMT_EW,0.04,0.012
3090,304Nvl_L1_NS,304NVL_NS,0.009,-0.001
3090,304Nvl_L3_NS,NONE,0.007,0.0
3090,304Nvl_L1_NS,NONE,0.051,0.0
3090,32Nvl_L3_NS,NONE,0.014,0.0
3090,32Nvl_L1_NS,32NVL_NS,0.014,0.008
3090,32Nvl_L1_EW,32NVL_EW,0.007,-0.052
3090,32Nvl_L2_EW,32NVL_EW,0.008,-0.034
3090,32Nvl_L1_EW,32NVL_EW,0.007,-0.052
3090,32Nvl_L2_EW,32NVL_EW,0.007,-0.034
3090,NvcNvl_L3_NS,NONE,0.007,0.0
3090,NvcNvl_L2_NS,NONE,0.007,0.0
3090,32Mt_L1_EW,NONE,0.086,0.0
3090,32Mt_L3_EW,NONE,0.106,0.0
3090,32Mt_L1_EW,32MT_EW,0.084,0.079
3090,304Nvl_L2_NS,304NVL_NS,0.008,0.008
3090,32Nvl_L2_NS,32NVL_NS,0.013,0.008
3090,32Nvl_L3_EW,NONE,0.006,0.0
3090,32Nvl_L3_EW,NONE,0.006,0.0
3090,NvcNvl_L1_NS,NONE,0.009,0.0
3090,32Mt_L2_EW,NONE,0.09,0.0
3090,32Mt_L2_EW,32MT_EW,0.06,0.054
3095,304Nvl_L1_NS,304NVL_NS,0.009,0.004
3095,304Nvl_L3_NS,NONE,0.007,0.0
3095,304Nvl_L1_NS,NONE,0.007,0.0
3095,304Nvl_L3_NS,NONE,0.008,0.0
3095,32Nvl_L3_NS,NONE,0.007,0.0
3095,32Nvl_L1_NS,32NVL_NS,0.007,0.001
3095,32Nvl_L1_EW,32NVL_EW,0.007,-0.027
3095,32Nvl_L2_EW,32NVL_EW,0.008,-0.015
3095,32Nvl_L1_EW,32NVL_EW,0.007,-0.027
3095,32Nvl_L2_EW,32NVL_EW,0.007,-0.015
3095,32Nvl_L3_NS,NONE,0.042,0.0
3095,32Nvl_L2_NS,32NVL_NS,0.039,0.034
3095,NvcNvl_L3_NS,NONE,0.007,0.0
3095,NvcNvl_L2_NS,NONE,0.007,0.0
3095,NvcNvl_L1_EW,NONE,0.053,0.0
3095,NvcNvl_L2_EW,NONE,0.038,0.0
3095,32Mt_L1_EW,NONE,0.108,0.0
3095,32Mt_L3_EW,NONE,0.115,0.0
3095,32Mt_L1_EW,32MT_EW,0.049,0.044
3095,32Mt_L1_NS,NONE,0.049,0.0
3095,304Nvl_L2_NS,304NVL_NS,0.008,-0.02
3095,304Nvl_L2_NS,NONE,0.007,0.0
3095,32Nvl_L2_NS,32NVL_NS,0.007,0.001
3095,32Nvl_L3_EW,NONE,0.006,0.0
3095,32Nvl_L3_EW,NONE,0.006,0.0
3095,32Nvl_L1_NS,32NVL_NS,0.034,0.027
3095,NvcNvl_L1_NS,NONE,0.009,0.0
3095,NvcNvl_L3_EW,NONE,0.032,0.0
3095,32Mt_L2_EW,NONE,0.106,0.0
3095,32Mt_L2_EW,32MT_EW,0.033,0.027
3100,304Nvl_L1_NS,304NVL_NS,0.009,0.009
3100,304Nvl_L3_NS,NONE,0.007,0.0
3100,304Nvl_L1_EW,304NVL_EW,0.008,0.008
3100,304Nvl_L2_EW,304NVL_EW,0.007,0.007
3100,32Nvl_L1_EW,32NVL_EW,0.014,0.0
3100,32Nvl_L2_EW,32NVL_EW,0.015,0.004
3100,32Nvl_L1_EW,32NVL_EW,0.013,-0.001
3100,32Nvl_L2_EW,32NVL_EW,0.015,0.004
3100,32Mt_L1_NS,32MT_NS,0.006,0.006
3100,32Mt_L1_EW,NONE,0.022,0.0
3100,32Mt_L3_EW,NONE,0.009,0.0
3100,32Mt_L1_EW,32MT_EW,0.021,0.011
3100,32Mt_L1_NS,NONE,0.059,0.0
3100,NvcMt_L1_EW,NVCMT_EW,0.006,0.006
3100,304Nvl_L2_NS,304NVL_NS,0.008,0.008
3100,304Nvl_L3_EW,NONE,0.006,0.0
3100,32Nvl_L3_EW,NONE,0.012,0.0
3100,32Nvl_L3_EW,NONE,0.013,0.0
3100,32Mt_L2_EW,NONE,0.015,0.0
3100,32Mt_L2_EW,32MT_EW,0.016,0.006
3100,32Mt_L2_NS,NONE,0.009,0.0
3100,NvcMt_L2_EW,NVCMT_EW,0.008,0.008
3105,304Nvl_L1_NS,304NVL_NS,0.009,-0.015
3105,304Nvl_L3_NS,NONE,0.007,0.0
3105,304Nvl_L1_EW,304NVL_EW,0.008,0.008
3105,32Nvl_L1_NS,32NVL_NS,0.035,0.028
3105,32Nvl_L1_EW,32NVL_EW,0.014,-0.049
3105,32Nvl_L2_EW,32NVL_EW,0.015,0.012
3105,32Nvl_L1_EW,32NVL_EW,0.02,-0.043
3105,32Nvl_L2_EW,32NVL_EW,0.022,0.019
3105,NvcNvl_L3_NS,NONE,0.007,0.0
3105,NvcNvl_L2_NS,NONE,0.007,0.0
3105,NvcNvl_L1_EW,NONE,0.011,0.0
3105,NvcNvl_L2_EW,NONE,0.008,0.0
3105,NvcNvl_L1_EW,NVCNVL_EW,0.007,0.007
3105,NvcNvl_L2_EW,NVCNVL_EW,0.008,0.008
3105,32Mt_L1_NS,32MT_NS,0.006,0.006
3105,32Mt_L1_EW,NONE,0.007,0.0
3105,32Mt_L3_EW,NONE,0.009,0.0
3105,32Mt_L1_EW,32MT_EW,0.091,0.081
3105,32Mt_L1_NS,NONE,0.029,0.0
3105,304Nvl_L2_NS,304NVL_NS,0.008,0.008
3105,32Nvl_L3_EW,NONE,0.018,0.0
3105,32Nvl_L3_EW,NONE,0.013,0.0
3105,NvcNvl_L1_NS,NONE,0.009,0.0
3105,NvcNvl_L3_EW,NONE,0.009,0.0
3105,32Mt_L2_EW,NONE,0.008,0.0
3105,32Mt_L2_EW,32MT_EW,0.005,-0.005
3105,32Mt_L2_NS,NONE,0.017,0.0
3110,304Nvl_L1_NS,304NVL_NS,0.009,0.009
3110,304Nvl_L3_NS,NONE,0.007,0.0
3110,304Nvl_L1_NS,NONE,0.007,0.0
3110,32Nvl_L1_EW,32NVL_EW,0.014,-0.049
3110,32Nvl_L2_EW,32NVL_EW,0.015,-0.03
3110,32Nvl_L1_EW,32NVL_EW,0.02,-0.043
3110,32Nvl_L2_EW,32NVL_EW,0.022,-0.023
3110,32Nvl_L3_NS,NONE,0.017,0.0
3110,32Nvl_L2_NS,32NVL_NS,0.016,0.01
3110,NvcNvl_L3_NS,NONE,0.007,0.0
3110,NvcNvl_L2_NS,NONE,0.007,0.0
3110,32Mt_L1_NS,32MT_NS,0.038,0.038
3110,32Mt_L1_EW,32MT_EW,0.091,0.081
3110,32Mt_L1_NS,NONE,0.01,0.0
3110,304Nvl_L2_NS,304NVL_NS,0.008,-0.003
3110,32Nvl_L3_EW,NONE,0.018,0.0
3110,32Nvl_L3_EW,NONE,0.013,0.0
3110,32Nvl_L1_NS,32NVL_NS,0.013,0.007
3110,NvcNvl_L1_NS,NONE,0.009,0.0
3110,32Mt_L2_EW,32MT_EW,0.065,0.054
3110,NvcMt_L1_EW,NVCMT_EW,0.006,0.006
3115,304Nvl_L1_NS,304NVL_NS,0.009,0.009
3115,304Nvl_L3_NS,NONE,0.007,0.0
3115,32Nvl_L1_EW,32NVL_EW,0.014,0.009
3115,32Nvl_L2_EW,32NVL_EW,0.015,0.015
3115,32Nvl_L1_EW,32NVL_EW,0.02,0.015
3115,32Nvl_L2_EW,32NVL_EW,0.022,0.022
3115,NvcNvl_L1_EW,NVCNVL_EW,0.007,0.007
3115,NvcNvl_L2_EW,NVCNVL_EW,0.008,0.008
3115,32Mt_L1_NS,32MT_NS,0.044,0.044
3115,32Mt_L1_EW,NONE,0.022,0.0
3115,32Mt_L1_EW,32MT_EW,0.007,-0.003
3115,32Mt_L1_NS,NONE,0.01,0.0
3115,304Nvl_L2_NS,304NVL_NS,0.008,0.008
3115,32Nvl_L3_EW,NONE,0.018,0.0
3115,32Nvl_L3_EW,NONE,0.013,0.0
3115,NvcNvl_L3_EW,NONE,0.009,0.0
3120,304Nvl_L1_NS,304NVL_NS,0.009,-0.02
3120,304Nvl_L3_NS,NONE,0.007,0.0
3120,304Nvl_L1_EW,304NVL_EW,0.008,0.008
3120,304Nvl_L2_EW,304NVL_EW,0.007,0.007
3120,32Nvl_L3_NS,NONE,0.041,0.0
3120,32Nvl_L1_NS,32NVL_NS,0.042,0.035
3120,32Nvl_L3_NS,NONE,0.008,0.0
3120,32Nvl_L2_NS,32NVL_NS,0.008,0.003
3120,NvcNvl_L1_EW,NONE,0.011,0.0
3120,NvcNvl_L2_EW,NONE,0.008,0.0
3120,32Mt_L1_NS,32MT_NS,0.013,0.013
3120,32Mt_L1_EW,NONE,0.022,0.0
3120,32Mt_L3_EW,NONE,0.009,0.0
3120,32Mt_L1_EW,32MT_EW,0.007,0.007
3120,304Nvl_L2_NS,304NVL_NS,0.008,0.002
3120,304Nvl_L3_EW,NONE,0.006,0.0
3120,32Nvl_L2_NS,32NVL_NS,0.04,0.035
3120,32Nvl_L1_NS,32NVL_NS,0.007,0.0
3120,32Mt_L2_EW,NONE,0.008,0.0
3120,32Mt_L2_EW,32MT_EW,0.005,0.005
3125,304Nvl_L1_NS,304NVL_NS,0.009,-0.02
3125,304Nvl_L3_NS,NONE,0.007,0.0
3125,304Nvl_L1_NS,NONE,0.036,0.0
3125,304Nvl_L3_NS,NONE,0.04,0.0
3125,32Nvl_L3_NS,NONE,0.007,0.0
3125,32Nvl_L1_NS,32NVL_NS,0.042,0.035
3125,32Nvl_L1_EW,32NVL_EW,0.007,0.002
3125,32Nvl_L2_EW,32NVL_EW,0.007,0.004
3125,32Nvl_L3_NS,NONE,0.017,0.0
3125,32Nvl_L2_NS,32NVL_NS,0.016,0.01
3125,32Mt_L1_NS,32MT_NS,0.006,0.006
3125,32Mt_L1_EW,NONE,0.014,0.0
3125,32Mt_L3_EW,NONE,0.009,0.0
3125,32Mt_L1_EW,32MT_EW,0.007,0.007
3125,32Mt_L1_NS,NONE,0.01,0.0
3125,NvcMt_L1_EW,NVCMT_EW,0.032,0.032
3125,304Nvl_L2_NS,304NVL_NS,0.008,-0.003
3125,304Nvl_L2_NS,NONE,0.037,0.0
3125,32Nvl_L2_NS,32NVL_NS,0.04,0.035
3125,32Nvl_L3_EW,NONE,0.006,0.0
3125,32Nvl_L1_NS,32NVL_NS,0.034,0.027
3125,32Mt_L2_EW,NONE,0.008,0.0
3125,32Mt_L2_EW,32MT_EW,0.005,0.005
3125,NvcMt_L2_EW,NVCMT_EW,0.04,0.04
3130,304Nvl_L1_NS,304NVL_NS,0.018,-0.016
3130,304Nvl_L3_NS,NONE,0.007,0.0
3130,32Nvl_L3_NS,NONE,0.014,0.0
3130,32Nvl_L1_NS,32NVL_NS,0.048,0.036
3130,32Nvl_L1_EW,32NVL_EW,0.007,0.007
3130,32Nvl_L2_EW,32NVL_EW,0.008,0.008
3130,32Nvl_L3_NS,NONE,0.017,0.0
3130,32Nvl_L2_NS,32NVL_NS,0.016,0.01
3130,NvcMt_L1_EW,NVCMT_EW,0.006,0.006
3130,304Nvl_L2_NS,304NVL_NS,0.008,-0.003
3130,32Nvl_L2_NS,32NVL_NS,0.047,0.041
3130,32Nvl_L3_EW,NONE,0.006,0.0
3130,32Nvl_L1_NS,32NVL_NS,0.034,0.021
3130,NvcMt_L2_EW,NVCMT_EW,0.008,0.008
3135,304Nvl_L1_NS,304NVL_NS,0.018,-0.016
3135,304Nvl_L3_NS,NONE,0.007,0.0
3135,304Nvl_L1_EW,304NVL_EW,0.042,0.042
3135,32Nvl_L3_NS,NONE,0.007,0.0
3135,32Nvl_L1_NS,32NVL_NS,0.048,0.036
3135,32Nvl_L3_NS,NONE,0.025,0.0
3135,32Nvl_L2_NS,32NVL_NS,0.024,0.018
3135,32Mt_L1_NS,32MT_NS,0.006,0.006
3135,32Mt_L1_NS,NONE,0.01,0.0
3135,304Nvl_L2_NS,304NVL_NS,0.008,-0.009
3135,32Nvl_L2_NS,32NVL_NS,0.047,0.041
3135,32Nvl_L1_NS,32NVL_NS,0.034,0.021
3140,304Nvl_L1_NS,304NVL_NS,0.018,-0.016
3140,304Nvl_L3_NS,NONE,0.007,0.0
3140,32Nvl_L3_NS,NONE,0.014,0.0
3140,32Nvl_L1_NS,32NVL_NS,0.048,0.036
3140,32Nvl_L1_EW,32NVL_EW,0.007,0.007
3140,32Nvl_L2_EW,32NVL_EW,0.007,0.007
3140,32Nvl_L3_NS,NONE,0.025,0.0
3140,32Nvl_L2_NS,32NVL_NS,0.024,0.018
3140,NvcNvl_L3_NS,NONE,0.007,0.0
3140,NvcNvl_L2_NS,NONE,0.007,0.0
3140,32Mt_L1_NS,32MT_NS,0.006,0.006
3140,NvcMt_L2_NS,NONE,0.026,0.0
3140,NvcMt_L1_EW,NVCMT_EW,0.006,0.006
3140,304Nvl_L2_NS,304NVL_NS,0.008,-0.009
3140,32Nvl_L2_NS,32NVL_NS,0.047,0.041
3140,32Nvl_L3_EW,NONE,0.006,0.0
3140,32Nvl_L1_NS,32NVL_NS,0.034,0.021
3140,NvcNvl_L1_NS,NONE,0.009,0.0
3140,NvcMt_L1_NS,NONE,0.027,0.0
3140,NvcMt_L2_EW,NVCMT_EW,0.008,0.008
3145,32Nvl_L1_EW,32NVL_EW,0.007,0.002
3145,32Nvl_L2_EW,32NVL_EW,0.007,0.004
3145,32Nvl_L3_NS,NONE,0.017,0.0
3145,32Nvl_L2_NS,32NVL_NS,0.016,0.016
3145,NvcNvl_L3_NS,NONE,0.041,0.0
3145,NvcNvl_L2_NS,NONE,0.046,0.0
3145,32Mt_L1_NS,32MT_NS,0.006,0.006
3145,32Mt_L1_EW,NONE,0.007,0.0
3145,32Mt_L3_EW,NONE,0.009,0.0
3145,32Mt_L1_EW,32MT_EW,0.007,0.007
3145,NvcMt_L1_EW,NVCMT_EW,0.006,0.006
3145,32Nvl_L3_EW,NONE,0.006,0.0
3145,32Nvl_L1_NS,32NVL_NS,0.027,0.027
3145,NvcNvl_L1_NS,NONE,0.061,0.0
3145,32Mt_L2_EW,NONE,0.008,0.0
3145,32Mt_L2_EW,32MT_EW,0.005,0.005
3145,NvcMt_L2_EW,NVCMT_EW,0.008,0.008
3150,304Nvl_L1_EW,304NVL_EW,0.017,0.017
3150,304Nvl_L2_EW,304NVL_EW,0.015,0.015
3150,304Nvl_L1_NS,NONE,0.007,0.0
3150,32Nvl_L1_NS,32NVL_NS,0.007,0.007
3150,32Nvl_L1_EW,32NVL_EW,0.007,0.002
3150,32Nvl_L2_EW,32NVL_EW,0.007,0.004
3150,NvcNvl_L3_NS,NONE,0.007,0.0
3150,NvcNvl_L2_NS,NONE,0.007,0.0
3150,32Mt_L1_EW,NONE,0.007,0.0
3150,32Mt_L3_EW,NONE,0.009,0.0
3150,32Mt_L1_EW,32MT_EW,0.007,0.007
3150,NvcMt_L2_NS,NONE,0.005,0.0
3150,NvcMt_L1_EW,NVCMT_EW,0.006,0.006
3150,304Nvl_L3_EW,NONE,0.013,0.0
3150,32Nvl_L3_EW,NONE,0.006,0.0
3150,NvcNvl_L1_NS,NONE,0.009,0.0
3150,32Mt_L2_EW,NONE,0.008,0.0
3150,32Mt_L2_EW,32MT_EW,0.005,0.005
3150,NvcMt_L1_NS,NONE,0.005,0.0
3150,NvcMt_L2_EW,NVCMT_EW,0.008,0.008
3155,304Nvl_L1_EW,304NVL_EW,0.017,0.017
3155,304Nvl_L2_EW,304NVL_EW,0.015,0.015
3155,304Nvl_L1_NS,NONE,0.007,0.0
3155,32Nvl_L1_NS,32NVL_NS,0.007,0.007
3155,32Nvl_L1_EW,32NVL_EW,0.007,-0.012
3155,32Nvl_L2_EW,32NVL_EW,0.008,-0.004
3155,32Nvl_L1_EW,32NVL_EW,0.007,-0.013
3155,32Nvl_L2_EW,32NVL_EW,0.007,-0.004
3155,32Nvl_L3_NS,NONE,0.008,0.0
3155,32Nvl_L2_NS,32NVL_NS,0.008,0.008
3155,32Mt_L1_EW,32MT_EW,0.028,0.023
3155,NvcMt_L2_NS,NONE,0.005,0.0
3155,NvcMt_L1_EW,NVCMT_EW,0.006,0.006
3155,304Nvl_L3_EW,NONE,0.013,0.0
3155,32Nvl_L3_EW,NONE,0.006,0.0
3155,32Nvl_L3_EW,NONE,0.006,0.0
3155,32Nvl_L1_NS,32NVL_NS,0.04,0.04
3155,32Mt_L2_EW,32MT_EW,0.016,0.011
3155,NvcMt_L1_NS,NONE,0.005,0.0
3155,NvcMt_L2_EW,NVCMT_EW,0.008,0.008
3160,304Nvl_L1_NS,NONE,0.007,0.0
3160,32Nvl_L1_NS,32NVL_NS,0.007,0.007
3160,32Nvl_L1_EW,32NVL_EW,0.007,-0.017
3160,32Nvl_L2_EW,32NVL_EW,0.008,-0.004
3160,32Nvl_L1_EW,32NVL_EW,0.007,-0.018
3160,32Nvl_L2_EW,32NVL_EW,0.007,-0.004
3160,NvcNvl_L2_NS,NONE,0.007,0.0
3160,32Mt_L1_EW,32MT_EW,0.035,0.03
3160,32Nvl_L3_EW,NONE,0.006,0.0
3160,32Nvl_L3_EW,NONE,0.006,0.0
3160,NvcNvl_L1_NS,NONE,0.009,0.0
3160,32Mt_L2_EW,32MT_EW,0.016,0.011
3165,304Nvl_L1_EW,304NVL_EW,0.008,0.008
3165,304Nvl_L2_EW,304NVL_EW,0.007,0.007
3165,304Nvl_L1_NS,NONE,0.015,0.0
3165,32Nvl_L1_EW,32NVL_EW,0.007,-0.037
3165,32Nvl_L2_EW,32NVL_EW,0.008,-0.023
3165,32Nvl_L1_EW,32NVL_EW,0.013,-0.031
3165,32Nvl_L2_EW,32NVL_EW,0.007,-0.023
3165,NvcNvl_L1_EW,NONE,0.011,0.0
3165,NvcNvl_L2_EW,NONE,0.008,0.0
3165,32Mt_L1_EW,32MT_EW,0.063,0.058
3165,304Nvl_L3_EW,NONE,0.006,0.0
3165,32Nvl_L3_EW,NONE,0.006,0.0
3165,32Nvl_L3_EW,NONE,0.006,0.0
3165,32Nvl_L1_NS,32NVL_NS,0.007,0.007
3165,32Mt_L2_EW,32MT_EW,0.044,0.038
3165,NvcMt_L1_EW,NVCMT_EW,0.006,0.006
3170,32Nvl_L1_EW,32NVL_EW,0.007,0.007
3170,32Nvl_L2_EW,32NVL_EW,0.008,0.008
3170,32Nvl_L1_EW,32NVL_EW,0.007,0.007
3170,32Nvl_L2_EW,32NVL_EW,0.007,0.007
3170,32Mt_L1_NS,NONE,0.059,0.0
3170,NvcMt_L1_EW,NVCMT_EW,0.006,0.006
3170,32Nvl_L3_EW,NONE,0.006,0.0
3170,32Nvl_L3_EW,NONE,0.006,0.0
3170,32Nvl_L1_NS,32NVL_NS,0.007,0.007
3170,32Mt_L2_NS,NONE,0.009,0.0
3170,NvcMt_L2_EW,NVCMT_EW,0.008,0.008
3175,304Nvl_L1_NS,NONE,0.007,0.0
3175,32Nvl_L1_EW,32NVL_EW,0.007,0.002
3175,32Nvl_L2_EW,32NVL_EW,0.008,0.004
3175,32Nvl_L1_EW,32NVL_EW,0.007,0.002
3175,32Nvl_L2_EW,32NVL_EW,0.007,0.004
3175,32Mt_L1_EW,NONE,0.007,0.0
3175,32Mt_L1_EW,32MT_EW,0.007,0.002
3175,32Nvl_L3_EW,NONE,0.006,0.0
3175,32Nvl_L3_EW,NONE,0.006,0.0
3175,32Mt_L2_EW,32MT_EW,0.005,0.0
3180,304Nvl_L1_NS,NONE,0.007,0.0
3180,304Nvl_L3_NS,NONE,0.008,0.0
3180,32Nvl_L1_NS,32NVL_NS,0.007,0.007
3180,32Nvl_L1_EW,32NVL_EW,0.007,0.002
3180,32Nvl_L2_EW,32NVL_EW,0.008,0.004
3180,32Nvl_L1_EW,32NVL_EW,0.007,0.002
3180,32Nvl_L2_EW,32NVL_EW,0.007,0.004
3180,32Nvl_L3_NS,NONE,0.1,0.0
3180,32Nvl_L2_NS,32NVL_NS,0.095,0.095
3180,32Mt_L1_NS,32MT_NS,0.038,0.038
3180,32Mt_L1_EW,NONE,0.014,0.0
3180,32Mt_L3_EW,NONE,0.009,0.0
3180,32Mt_L1_EW,32MT_EW,0.007,0.002
3180,32Mt_L1_NS,NONE,0.059,0.0
3180,304Nvl_L2_NS,NONE,0.007,0.0
3180,32Nvl_L2_NS,32NVL_NS,0.007,0.007
3180,32Nvl_L3_EW,NONE,0.006,0.0
3180,32Nvl_L3_EW,NONE,0.006,0.0
3180,32Nvl_L1_NS,32NVL_NS,0.081,0.081
3180,32Mt_L2_NS,32MT_NS,0.032,0.032
3180,32Mt_L2_EW,NONE,0.008,0.0
3180,32Mt_L2_EW,32MT_EW,0.005,0.0
3180,32Mt_L2_NS,NONE,0.043,0.0
3185,32Nvl_L1_EW,32NVL_EW,0.007,0.007
3185,32Nvl_L2_EW,32NVL_EW,0.008,0.008
3185,32Nvl_L1_EW,32NVL_EW,0.007,0.007
3185,32Nvl_L2_EW,32NVL_EW,0.007,0.007
3185,32Nvl_L3_NS,NONE,0.1,0.0
3185,32Nvl_L2_NS,32NVL_NS,0.095,0.095
3185,32Mt_L1_NS,32MT_NS,0.038,0.038
3185,32Mt_L1_EW,NONE,0.05,0.0
3185,32Mt_L3_EW,NONE,0.009,0.0
3185,32Mt_L1_NS,NONE,0.01,0.0
3185,NvcMt_L1_EW,NVCMT_EW,0.006,0.006
3185,32Nvl_L3_EW,NONE,0.006,0.0
3185,32Nvl_L3_EW,NONE,0.006,0.0
3185,32Nvl_L1_NS,32NVL_NS,0.087,0.087
3185,32Mt_L2_NS,32MT_NS,0.032,0.032
3185,32Mt_L2_EW,NONE,0.008,0.0
3185,NvcMt_L2_EW,NVCMT_EW,0.008,0.008
3190,304Nvl_L1_EW,304NVL_EW,0.017,0.017
3190,304Nvl_L2_EW,304NVL_EW,0.015,0.015
3190,304Nvl_L1_NS,NONE,0.007,0.0
3190,304Nvl_L3_NS,NONE,0.008,0.0
3190,32Nvl_L3_NS,NONE,0.014,0.0
3190,32Nvl_L1_NS,32NVL_NS,0.014,0.014
3190,32Nvl_L1_EW,32NVL_EW,0.007,0.007
3190,32Nvl_L2_EW,32NVL_EW,0.008,0.008
3190,32Nvl_L1_EW,32NVL_EW,0.007,0.007
3190,32Nvl_L2_EW,32NVL_EW,0.007,0.007
3190,NvcNvl_L1_EW,NONE,0.053,0.0
3190,NvcNvl_L2_EW,NONE,0.038,0.0
3190,32Mt_L1_NS,32MT_NS,0.031,0.031
3190,32Mt_L1_NS,NONE,0.01,0.0
3190,NvcMt_L1_EW,NVCMT_EW,0.006,0.006
3190,304Nvl_L3_EW,NONE,0.013,0.0
3190,304Nvl_L2_NS,NONE,0.007,0.0
3190,32Nvl_L2_NS,32NVL_NS,0.013,0.013
3190,32Nvl_L3_EW,NONE,0.006,0.0
3190,32Nvl_L3_EW,NONE,0.006,0.0
3190,NvcNvl_L3_EW,NONE,0.032,0.0
3190,32Mt_L2_NS,32MT_NS,0.032,0.032
3190,NvcMt_L2_EW,NVCMT_EW,0.008,0.008
3195,304Nvl_L1_EW,304NVL_EW,0.008,0.008
3195,32Nvl_L3_NS,NONE,0.007,0.0
3195,32Nvl_L1_NS,32NVL_NS,0.007,0.007
3195,32Nvl_L1_EW,32NVL_EW,0.007,0.007
3195,32Nvl_L2_EW,32NVL_EW,0.008,0.008
3195,32Nvl_L1_EW,32NVL_EW,0.007,0.007
3195,32Nvl_L2_EW,32NVL_EW,0.007,0.007
3195,NvcNvl_L3_NS,NONE,0.007,0.0
3195,NvcNvl_L2_NS,NONE,0.007,0.0
3195,NvcNvl_L1_EW,NONE,0.053,0.0
3195,NvcNvl_L2_EW,NONE,0.038,0.0
3195,32Mt_L1_NS,NONE,0.02,0.0
3195,NvcMt_L2_NS,NONE,0.005,0.0
3195,NvcMt_L1_EW,NVCMT_EW,0.006,0.006
3195,32Nvl_L2_NS,32NVL_NS,0.007,0.007
3195,32Nvl_L3_EW,NONE,0.006,0.0
3195,32Nvl_L3_EW,NONE,0.006,0.0
3195,32Nvl_L1_NS,32NVL_NS,0.081,0.081
3195,NvcNvl_L1_NS,NONE,0.009,0.0
3195,NvcNvl_L3_EW,NONE,0.032,0.0
3195,NvcMt_L1_NS,NONE,0.005,0.0
3195,NvcMt_L2_EW,NVCMT_EW,0.008,0.008
3200,304Nvl_L1_EW,304NVL_EW,0.008,0.008
3200,32Nvl_L1_NS,32NVL_NS,0.007,0.007
3200,32Nvl_L1_EW,32NVL_EW,0.007,0.007
3200,32Nvl_L2_EW,32NVL_EW,0.008,0.008
3200,32Nvl_L1_EW,32NVL_EW,0.007,0.007
3200,32Nvl_L2_EW,32NVL_EW,0.007,0.007
3200,32Mt_L1_NS,NONE,0.059,0.0
3200,32Nvl_L2_NS,32NVL_NS,0.007,0.007
3200,32Nvl_L3_EW,NONE,0.006,0.0
3200,32Nvl_L3_EW,NONE,0.006,0.0
3200,32Nvl_L1_NS,32NVL_NS,0.081,0.081
3205,304Nvl_L1_EW,304NVL_EW,0.008,0.008
3205,32Nvl_L1_EW,32NVL_EW,0.007,0.007
3205,32Nvl_L2_EW,32NVL_EW,0.008,0.008
3205,32Nvl_L1_EW,32NVL_EW,0.007,0.007
3205,32Nvl_L2_EW,32NVL_EW,0.007,0.007
3205,32Nvl_L3_NS,NONE,0.008,0.0
3205,32Nvl_L2_NS,32NVL_NS,0.008,0.008
3205,32Mt_L1_EW,NONE,0.036,0.0
3205,32Mt_L3_EW,NONE,0.044,0.0
3205,32Nvl_L3_EW,NONE,0.006,0.0
3205,32Nvl_L3_EW,NONE,0.006,0.0
3205,32Nvl_L1_NS,32NVL_NS,0.007,0.007
3205,32Mt_L2_EW,NONE,0.038,0.0
3210,32Nvl_L1_EW,32NVL_EW,0.007,0.007
3210,32Nvl_L2_EW,32NVL_EW,0.008,0.008
3210,32Nvl_L1_EW,32NVL_EW,0.007,0.007
3210,32Nvl_L2_EW,32NVL_EW,0.007,0.007
3210,32Nvl_L3_NS,NONE,0.017,0.0
3210,32Nvl_L2_NS,32NVL_NS,0.016,0.016
3210,32Mt_L1_EW,NONE,0.014,0.0
3210,32Mt_L3_EW,NONE,0.018,0.0
3210,NvcMt_L2_NS,NONE,0.063,0.0
3210,32Nvl_L3_EW,NONE,0.006,0.0
3210,32Nvl_L3_EW,NONE,0.006,0.0
3210,32Nvl_L1_NS,32NVL_NS,0.02,0.02
3210,32Mt_L2_EW,NONE,0.015,0.0
3210,NvcMt_L1_NS,NONE,0.066,0.0
3215,32Nvl_L1_EW,32NVL_EW,0.007,0.007
3215,32Nvl_L2_EW,32NVL_EW,0.008,0.008
3215,32Nvl_L1_EW,32NVL_EW,0.007,0.007
3215,32Nvl_L2_EW,32NVL_EW,0.007,0.007
3215,32Mt_L1_NS,32MT_NS,0.006,0.006
3215,32Mt_L1_NS,NONE,0.049,0.0
3215,NvcMt_L2_NS,NONE,0.063,0.0
3215,32Thn_L1_EW,NONE,0.01,0.0
3215,32Thn_L2_EW,NONE,0.01,0.0
3215,32Thn_L3_EW,NONE,0.007,0.0
3215,32Nvl_L3_EW,NONE,0.006,0.0
3215,32Nvl_L3_EW,NONE,0.006,0.0
3215,32Mt_L2_NS,32MT_NS,0.006,0.006
3215,NvcMt_L1_NS,NONE,0.066,0.0
3220,32Nvl_L1_EW,32NVL_EW,0.007,-0.003
3220,32Nvl_L2_EW,32NVL_EW,0.008,0.004
3220,32Nvl_L1_EW,32NVL_EW,0.007,-0.004
3220,32Nvl_L2_EW,32NVL_EW,0.007,0.004
3220,32Nvl_L3_NS,NONE,0.008,0.0
3220,32Nvl_L2_NS,32NVL_NS,0.008,0.008
3220,NvcNvl_L3_NS,NONE,0.007,0.0
3220,NvcNvl_L2_NS,NONE,0.007,0.0
3220,32Mt_L1_NS,32MT_NS,0.006,0.006
3220,32Mt_L1_EW,NONE,0.007,0.0
3220,32Mt_L3_EW,NONE,0.009,0.0
3220,32Mt_L1_EW,32MT_EW,0.007,0.002
3220,32Mt_L1_NS,NONE,0.029,0.0
3220,32Thn_L1_EW,32THN_EW,0.008,0.003
3220,32Nvl_L3_EW,NONE,0.006,0.0
3220,32Nvl_L3_EW,NONE,0.006,0.0
3220,32Nvl_L1_NS,32NVL_NS,0.013,0.013
3220,NvcNvl_L1_NS,NONE,0.009,0.0
3220,32Mt_L2_NS,32MT_NS,0.006,0.006
3220,32Mt_L2_EW,NONE,0.008,0.0
3220,32Mt_L2_EW,32MT_EW,0.005,0.0
3220,32Mt_L2_NS,NONE,0.026,0.0
3225,304Nvl_L1_EW,304NVL_EW,0.008,0.008
3225,304Nvl_L2_EW,304NVL_EW,0.007,0.007
3225,32Nvl_L1_EW,32NVL_EW,0.007,0.002
3225,32Nvl_L2_EW,32NVL_EW,0.008,0.004
3225,32Nvl_L1_EW,32NVL_EW,0.007,0.002
3225,32Nvl_L2_EW,32NVL_EW,0.007,0.004
3225,32Nvl_L3_NS,NONE,0.017,0.0
3225,32Nvl_L2_NS,32NVL_NS,0.016,0.016
3225,NvcNvl_L1_EW,NONE,0.011,0.0
3225,NvcNvl_L2_EW,NONE,0.008,0.0
3225,32Mt_L1_NS,32MT_NS,0.006,0.006
3225,32Mt_L1_EW,32MT_EW,0.007,0.002
3225,304Nvl_L3_EW,NONE,0.006,0.0
3225,32Nvl_L3_EW,NONE,0.006,0.0
3225,32Nvl_L3_EW,NONE,0.006,0.0
3225,32Nvl_L1_NS,32NVL_NS,0.013,0.013
3225,NvcNvl_L3_EW,NONE,0.006,0.0
3225,32Mt_L2_NS,32MT_NS,0.006,0.006
3225,32Mt_L2_EW,32MT_EW,0.005,0.0
3230,304Nvl_L1_EW,304NVL_EW,0.008,0.008
3230,304Nvl_L2_EW,304NVL_EW,0.007,0.007
3230,32Nvl_L1_EW,32NVL_EW,0.014,0.009
3230,32Nvl_L2_EW,32NVL_EW,0.015,0.015
3230,32Nvl_L1_EW,32NVL_EW,0.013,0.009
3230,32Nvl_L2_EW,32NVL_EW,0.007,0.007
3230,32Mt_L1_EW,NONE,0.022,0.0
3230,32Mt_L3_EW,NONE,0.009,0.0
3230,32Mt_L1_EW,32MT_EW,0.007,-0.003
3230,NvcMt_L2_NS,NONE,0.032,0.0
3230,304Nvl_L3_EW,NONE,0.006,0.0
3230,32Nvl_L3_EW,NONE,0.006,0.0
3230,32Nvl_L3_EW,NONE,0.013,0.0
3230,32Mt_L2_EW,NONE,0.008,0.0
3230,NvcMt_L1_NS,NONE,0.033,0.0
3235,304Nvl_L1_NS,NONE,0.007,0.0
3235,32Nvl_L1_EW,32NVL_EW,0.007,0.002
3235,32Nvl_L2_EW,32NVL_EW,0.008,0.004
3235,32Nvl_L1_EW,32NVL_EW,0.007,0.002
3235,32Nvl_L2_EW,32NVL_EW,0.007,0.004
3235,NvcNvl_L3_NS,NONE,0.041,0.0
3235,NvcNvl_L2_NS,NONE,0.04,0.0
3235,32Mt_L1_EW,32MT_EW,0.007,0.002
3235,32Nvl_L3_EW,NONE,0.006,0.0
3235,32Nvl_L3_EW,NONE,0.006,0.0
3235,NvcNvl_L1_NS,NONE,0.052,0.0
3235,32Mt_L2_EW,32MT_EW,0.005,0.0
3240,304Nvl_L1_EW,304NVL_EW,0.008,0.008
3240,304Nvl_L2_EW,304NVL_EW,0.007,0.007
3240,304Nvl_L1_EW,NONE,0.008,0.0
3240,32Nvl_L1_EW,32NVL_EW,0.007,0.002
3240,32Nvl_L2_EW,32NVL_EW,0.008,0.008
3240,32Nvl_L1_EW,32NVL_EW,0.007,0.002
3240,32Nvl_L2_EW,32NVL_EW,0.007,0.007
3240,32Nvl_L3_NS,NONE,0.008,0.0
3240,32Nvl_L2_NS,32NVL_NS,0.008,0.008
3240,NvcNvl_L1_EW,NONE,0.011,0.0
3240,NvcNvl_L2_EW,NONE,0.008,0.0
3240,32Mt_L1_EW,NONE,0.014,0.0
3240,32Mt_L3_EW,NONE,0.009,0.0
3240,32Mt_L1_EW,32MT_EW,0.007,0.002
3240,32Mt_L1_NS,NONE,0.01,0.0
3240,304Nvl_L3_EW,NONE,0.006,0.0
3240,32Nvl_L3_EW,NONE,0.006,0.0
3240,32Nvl_L3_EW,NONE,0.006,0.0
3240,32Nvl_L1_NS,32NVL_NS,0.02,0.02
3240,NvcNvl_L3_EW,NONE,0.006,0.0
3240,32Mt_L2_EW,NONE,0.008,0.0
3245,304Thn_L1_EW,304THN_EW,0.008,0.008
3245,32Nvl_L1_EW,32NVL_EW,0.007,0.007
3245,32Nvl_L2_EW,32NVL_EW,0.008,0.008
3245,32Nvl_L3_NS,NONE,0.008,0.0
3245,32Nvl_L2_NS,32NVL_NS,0.008,0.008
3245,32Mt_L1_NS,NONE,0.01,0.0
3245,NvcMt_L1_EW,NVCMT_EW,0.006,0.006
3245,32Nvl_L3_EW,NONE,0.006,0.0
3245,32Nvl_L1_NS,32NVL_NS,0.007,0.007
3245,NvcMt_L2_EW,NVCMT_EW,0.008,0.008
3245,304Thn_L2_EW,304THN_EW,0.007,0.007
3250,304Thn_L1_EW,NONE,0.007,0.0
3250,304Nvl_L1_EW,304NVL_EW,0.008,0.008
3250,32Nvl_L1_EW,32NVL_EW,0.042,0.008
3250,32Nvl_L2_EW,32NVL_EW,0.046,0.018
3250,32Nvl_L3_NS,NONE,0.008,0.0
3250,32Nvl_L2_NS,32NVL_NS,0.008,0.008
3250,NvcNvl_L3_NS,NONE,0.007,0.0
3250,NvcNvl_L2_NS,NONE,0.007,0.0
3250,NvcNvl_L1_EW,NVCNVL_EW,0.007,0.003
3250,NvcNvl_L2_EW,NVCNVL_EW,0.008,0.008
3250,32Mt_L1_EW,NONE,0.007,0.0
3250,32Mt_L3_EW,NONE,0.009,0.0
3250,32Mt_L1_EW,32MT_EW,0.042,0.012
3250,NvcMt_L2_NS,NONE,0.032,0.0
3250,NvcMt_L1_EW,NVCMT_EW,0.006,0.001
3250,32Thn_L1_EW,32THN_EW,0.008,-0.022
3250,32Thn_L2_EW,32THN_EW,0.008,-0.024
3250,32Thn_L3_EW,NONE,0.008,0.0
3250,32Nvl_L3_EW,NONE,0.038,0.0
3250,32Nvl_L1_NS,32NVL_NS,0.013,0.013
3250,NvcNvl_L1_NS,NONE,0.009,0.0
3250,NvcNvl_L3_EW,NONE,0.009,0.0
3250,32Mt_L2_EW,NONE,0.008,0.0
3250,32Mt_L2_EW,32MT_EW,0.033,0.0
3250,NvcMt_L1_NS,NONE,0.033,0.0
3250,NvcMt_L2_EW,NVCMT_EW,0.008,0.002
3255,32Nvl_L1_EW,32NVL_EW,0.042,0.008
3255,32Nvl_L2_EW,32NVL_EW,0.046,0.018
3255,32Nvl_L3_NS,NONE,0.008,0.0
3255,32Nvl_L2_NS,32NVL_NS,0.008,0.008
3255,NvcNvl_L3_NS,NONE,0.007,0.0
3255,NvcNvl_L2_NS,NONE,0.007,0.0
3255,NvcNvl_L1_EW,NVCNVL_EW,0.007,0.003
3255,NvcNvl_L2_EW,NVCNVL_EW,0.008,0.008
3255,32Mt_L1_EW,NONE,0.014,0.0
3255,32Mt_L3_EW,NONE,0.018,0.0
3255,32Mt_L1_EW,32MT_EW,0.042,0.012
3255,32Mt_L1_NS,NONE,0.049,0.0
3255,NvcMt_L2_NS,NONE,0.005,0.0
3255,NvcMt_L1_EW,NVCMT_EW,0.006,0.001
3255,32Thn_L1_EW,32THN_EW,0.008,-0.022
3255,32Thn_L2_EW,32THN_EW,0.008,-0.024
3255,32Thn_L3_EW,NONE,0.008,0.0
3255,32Nvl_L3_EW,NONE,0.038,0.0
3255,32Nvl_L1_NS,32NVL_NS,0.02,0.02
3255,NvcNvl_L1_NS,NONE,0.009,0.0
3255,NvcNvl_L3_EW,NONE,0.009,0.0
3255,32Mt_L2_EW,NONE,0.015,0.0
3255,32Mt_L2_EW,32MT_EW,0.033,0.0
3255,32Mt_L2_NS,NONE,0.043,0.0
3255,NvcMt_L1_NS,NONE,0.005,0.0
3255,NvcMt_L2_EW,NVCMT_EW,0.008,0.002
3260,304Nvl_L1_EW,304NVL_EW,0.008,0.008
3260,304Nvl_L2_EW,304NVL_EW,0.007,0.007
3260,32Nvl_L1_EW,32NVL_EW,0.042,0.008
3260,32Nvl_L2_EW,32NVL_EW,0.046,0.018
3260,32Nvl_L2_NS,32NVL_NS,0.008,0.008
3260,NvcNvl_L3_NS,NONE,0.007,0.0
3260,NvcNvl_L2_NS,NONE,0.007,0.0
3260,NvcNvl_L1_EW,NVCNVL_EW,0.007,0.003
3260,NvcNvl_L2_EW,NVCNVL_EW,0.008,0.008
3260,32Mt_L1_EW,32MT_EW,0.042,0.012
3260,NvcMt_L1_EW,NVCMT_EW,0.006,-0.004
3260,NvcCmt8_L2_EW,NVCCMT8_EW,0.005,0.005
3260,32Thn_L1_EW,32THN_EW,0.008,-0.022
3260,32Thn_L2_EW,32THN_EW,0.008,-0.024
3260,32Thn_L3_EW,NONE,0.008,0.0
3260,304Nvl_L3_EW,NONE,0.006,0.0
3260,32Nvl_L3_EW,NONE,0.038,0.0
3260,32Nvl_L1_NS,32NVL_NS,0.013,0.013
3260,NvcNvl_L1_NS,NONE,0.009,0.0
3260,NvcNvl_L3_EW,NONE,0.009,0.0
3260,32Mt_L2_EW,32MT_EW,0.033,0.0
3260,NvcMt_L2_EW,NVCMT_EW,0.008,-0.001
3260,NvcCmt8_L1_EW,NVCCMT8_EW,0.008,0.003
3265,304Nvl_L1_EW,304NVL_EW,0.025,0.025
3265,304Nvl_L2_EW,304NVL_EW,0.022,0.022
3265,32Nvl_L1_NS,32NVL_NS,0.007,0.007
3265,32Nvl_L1_EW,32NVL_EW,0.042,0.008
3265,32Nvl_L2_EW,32NVL_EW,0.046,0.023
3265,32Nvl_L3_NS,NONE,0.083,0.0
3265,32Nvl_L2_NS,32NVL_NS,0.079,0.079
3265,NvcNvl_L3_NS,NONE,0.007,0.0
3265,NvcNvl_L2_NS,NONE,0.007,0.0
3265,NvcNvl_L1_EW,NVCNVL_EW,0.014,0.01
3265,NvcNvl_L2_EW,NVCNVL_EW,0.008,0.008
3265,32Mt_L1_NS,32MT_NS,0.031,0.031
3265,32Mt_L1_EW,32MT_EW,0.049,0.019
3265,NvcMt_L1_EW,NVCMT_EW,0.006,-0.009
3265,NvcCmt8_L2_EW,NVCCMT8_EW,0.005,0.005
3265,32Thn_L1_EW,NONE,0.01,0.0
3265,304Nvl_L3_EW,NONE,0.019,0.0
3265,32Nvl_L2_NS,32NVL_NS,0.007,0.007
3265,32Nvl_L3_EW,NONE,0.038,0.0
3265,32Nvl_L1_NS,32NVL_NS,0.067,0.067
3265,NvcNvl_L1_NS,NONE,0.009,0.0
3265,NvcNvl_L3_EW,NONE,0.009,0.0
3265,32Mt_L2_EW,32MT_EW,0.033,0.0
3265,NvcMt_L2_EW,NVCMT_EW,0.008,-0.001
3265,NvcMt_L1_EW,NVCMT_EW,0.006,-0.01
3265,NvcCmt8_L1_EW,NVCCMT8_EW,0.008,0.003
3270,304Nvl_L1_EW,304NVL_EW,0.042,0.042
3270,304Nvl_L2_EW,304NVL_EW,0.036,0.036
3270,32Nvl_L1_EW,32NVL_EW,0.042,0.003
3270,32Nvl_L2_EW,32NVL_EW,0.046,0.02
3270,32Nvl_L3_NS,NONE,0.109,0.0
3270,32Nvl_L2_NS,32NVL_NS,0.103,0.103
3270,NvcNvl_L3_NS,NONE,0.007,0.0
3270,NvcNvl_L2_NS,NONE,0.007,0.0
3270,NvcNvl_L1_EW,NVCNVL_EW,0.014,0.01
3270,NvcNvl_L2_EW,NVCNVL_EW,0.008,0.008
3270,32Mt_L1_EW,32MT_EW,0.056,0.026
3270,NvcMt_L1_EW,NVCMT_EW,0.006,-0.009
3270,NvcCmt8_L2_EW,NVCCMT8_EW,0.005,0.005
3270,32Thn_L1_EW,NONE,0.01,0.0
3270,304Nvl_L3_EW,NONE,0.032,0.0
3270,32Nvl_L3_EW,NONE,0.038,0.0
3270,32Nvl_L1_NS,32NVL_NS,0.087,0.087
3270,NvcNvl_L1_NS,NONE,0.009,0.0
3270,NvcNvl_L3_EW,NONE,0.009,0.0
3270,32Mt_L2_EW,32MT_EW,0.038,0.006
3270,NvcMt_L2_EW,NVCMT_EW,0.008,-0.001
3270,NvcMt_L1_EW,NVCMT_EW,0.006,-0.01
3270,NvcCmt8_L1_EW,NVCCMT8_EW,0.008,0.003
3275,304Nvl_L1_EW,304NVL_EW,0.042,0.042
3275,304Nvl_L2_EW,304NVL_EW,0.036,0.036
3275,32Nvl_L1_EW,32NVL_EW,0.042,0.003
3275,32Nvl_L2_EW,32NVL_EW,0.046,0.02
3275,32Nvl_L3_NS,NONE,0.017,0.0
3275,32Nvl_L2_NS,32NVL_NS,0.016,0.016
3275,NvcNvl_L3_NS,NONE,0.007,0.0
3275,NvcNvl_L2_NS,NONE,0.007,0.0
3275,NvcNvl_L1_EW,NONE,0.011,0.0
3275,NvcNvl_L2_EW,NONE,0.008,0.0
3275,NvcNvl_L1_EW,NVCNVL_EW,0.014,0.014
3275,NvcNvl_L2_EW,NVCNVL_EW,0.008,0.008
3275,32Mt_L1_EW,NONE,0.007,0.0
3275,32Mt_L3_EW,NONE,0.009,0.0
3275,32Mt_L1_EW,32MT_EW,0.056,0.026
3275,304Nvl_L3_EW,NONE,0.032,0.0
3275,32Nvl_L3_EW,NONE,0.038,0.0
3275,32Nvl_L1_NS,32NVL_NS,0.013,0.013
3275,NvcNvl_L1_NS,NONE,0.009,0.0
3275,NvcNvl_L3_EW,NONE,0.009,0.0
3275,32Mt_L2_EW,NONE,0.008,0.0
3275,32Mt_L2_EW,32MT_EW,0.038,0.006
3280,304Nvl_L1_EW,304NVL_EW,0.051,0.051
3280,304Nvl_L2_EW,304NVL_EW,0.044,0.044
3280,32Nvl_L1_NS,32NVL_NS,0.069,0.069
3280,32Nvl_L1_EW,32NVL_EW,0.042,-0.011
3280,32Nvl_L2_EW,32NVL_EW,0.046,0.004
3280,32Nvl_L3_NS,NONE,0.008,0.0
3280,32Nvl_L2_NS,32NVL_NS,0.008,0.008
3280,NvcNvl_L1_EW,NONE,0.053,0.0
3280,NvcNvl_L2_EW,NONE,0.038,0.0
3280,NvcNvl_L1_EW,NVCNVL_EW,0.007,0.007
3280,NvcNvl_L2_EW,NVCNVL_EW,0.008,0.008
3280,32Mt_L1_NS,32MT_NS,0.006,0.006
3280,32Mt_L1_EW,NONE,0.007,0.0
3280,32Mt_L3_EW,NONE,0.009,0.0
3280,32Mt_L1_EW,32MT_EW,0.077,0.047
3280,NvcCmt8_L2_NS,NONE,0.054,0.0
3280,NvcCmt8_L1_NS,NONE,0.039,0.0
3280,304Nvl_L3_EW,NONE,0.038,0.0
3280,32Nvl_L3_EW,NONE,0.038,0.0
3280,32Nvl_L1_NS,32NVL_NS,0.007,0.007
3280,NvcNvl_L3_EW,NONE,0.032,0.0
3280,NvcNvl_L3_EW,NONE,0.009,0.0
3280,32Mt_L2_EW,NONE,0.008,0.0
3280,32Mt_L2_EW,32MT_EW,0.06,0.027
3280,NvcCmt8_L1_EW,NONE,0.006,0.0
3285,304Nvl_L1_EW,304NVL_EW,0.051,0.051
3285,304Nvl_L2_EW,304NVL_EW,0.044,0.044
3285,32Nvl_L1_NS,32NVL_NS,0.035,0.035
3285,32Nvl_L1_EW,32NVL_EW,0.042,-0.016
3285,32Nvl_L2_EW,32NVL_EW,0.046,0.001
3285,32Nvl_L3_NS,NONE,0.008,0.0
3285,32Nvl_L2_NS,32NVL_NS,0.008,0.008
3285,NvcNvl_L1_EW,NVCNVL_EW,0.014,0.014
3285,NvcNvl_L2_EW,NVCNVL_EW,0.008,0.008
3285,32Mt_L1_EW,32MT_EW,0.084,0.054
3285,32Mt_L1_NS,NONE,0.01,0.0
3285,NvcMt_L2_NS,NONE,0.026,0.0
3285,NvcCmt8_L2_NS,NONE,0.054,0.0
3285,32Thn_L1_EW,NONE,0.01,0.0
3285,32Thn_L2_EW,NONE,0.01,0.0
3285,NvcCmt8_L1_NS,NONE,0.039,0.0
3285,32Thn_L3_EW,NONE,0.007,0.0
3285,304Nvl_L3_EW,NONE,0.038,0.0
3285,32Nvl_L3_EW,NONE,0.038,0.0
3285,32Nvl_L1_NS,32NVL_NS,0.007,0.007
3285,NvcNvl_L3_EW,NONE,0.009,0.0
3285,32Mt_L2_EW,32MT_EW,0.065,0.033
3285,32Mt_L2_NS,NONE,0.009,0.0
3285,NvcMt_L1_NS,NONE,0.027,0.0
3290,304Nvl_L1_EW,304NVL_EW,0.059,0.059
3290,304Nvl_L2_EW,304NVL_EW,0.044,0.044
3290,32Nvl_L1_EW,32NVL_EW,0.05,-0.015
3290,32Nvl_L2_EW,32NVL_EW,0.054,0.008
3290,NvcNvl_L1_EW,NVCNVL_EW,0.014,0.014
3290,NvcNvl_L2_EW,NVCNVL_EW,0.008,0.008
3290,32Mt_L1_EW,32MT_EW,0.084,0.049
3290,32Thn_L1_EW,32THN_EW,0.008,-0.027
3290,304Nvl_L3_EW,NONE,0.038,0.0
3290,32Nvl_L3_EW,NONE,0.044,0.0
3290,NvcNvl_L3_EW,NONE,0.009,0.0
3290,32Mt_L2_EW,32MT_EW,0.065,0.027
3295,304Thn_L1_EW,NONE,0.007,0.0
3295,304Thn_L2_EW,NONE,0.008,0.0
3295,304Nvl_L1_EW,304NVL_EW,0.059,0.059
3295,304Nvl_L2_EW,304NVL_EW,0.044,0.044
3295,32Nvl_L1_NS,32NVL_NS,0.007,0.007
3295,32Nvl_L1_EW,32NVL_EW,0.05,-0.009
3295,32Nvl_L2_EW,32NVL_EW,0.054,0.008
3295,NvcNvl_L1_EW,NONE,0.107,0.0
3295,NvcNvl_L2_EW,NONE,0.076,0.0
3295,NvcNvl_L1_EW,NVCNVL_EW,0.014,0.01
3295,NvcNvl_L2_EW,NVCNVL_EW,0.008,0.008
3295,32Mt_L1_EW,32MT_EW,0.084,0.049
3295,NvcMt_L1_EW,NVCMT_EW,0.006,-0.004
3295,304Nvl_L3_EW,NONE,0.038,0.0
3295,32Nvl_L3_EW,NONE,0.044,0.0
3295,32Nvl_L1_NS,32NVL_NS,0.007,0.007
3295,NvcNvl_L3_EW,NONE,0.032,0.0
3295,NvcNvl_L3_EW,NONE,0.009,0.0
3295,32Mt_L2_EW,32MT_EW,0.065,0.027
3295,NvcMt_L2_EW,NVCMT_EW,0.008,0.002
3295,304Thn_L3_EW,NONE,0.008,0.0
3300,304Thn_L1_EW,304THN_EW,0.008,-0.027
3300,304Nvl_L1_EW,304NVL_EW,0.051,0.045
3300,304Nvl_L2_EW,304NVL_EW,0.036,0.036
3300,32Nvl_L1_EW,32NVL_EW,0.064,0.005
3300,32Nvl_L2_EW,32NVL_EW,0.07,0.024
3300,NvcNvl_L1_EW,NVCNVL_EW,0.007,0.003
3300,NvcNvl_L2_EW,NVCNVL_EW,0.008,0.008
3300,32Mt_L1_EW,32MT_EW,0.084,0.039
3300,NvcMt_L1_EW,NVCMT_EW,0.006,0.001
3300,NvcCmt8_L2_NS,NONE,0.062,0.0
3300,304Nvl_L3_EW,NONE,0.032,0.0
3300,32Nvl_L3_EW,NONE,0.056,0.0
3300,32Nvl_L1_NS,32NVL_NS,0.007,0.007
3300,NvcNvl_L3_EW,NONE,0.009,0.0
3300,32Mt_L2_EW,32MT_EW,0.065,0.017
3300,NvcMt_L2_EW,NVCMT_EW,0.008,0.002
3300,NvcCmt8_L1_NS,NONE,0.054,0.0
3305,304Nvl_L1_EW,304NVL_EW,0.051,0.051
3305,304Nvl_L2_EW,304NVL_EW,0.029,0.029
3305,304Nvl_L1_EW,NONE,0.008,0.0
3305,304Nvl_L1_NS,NONE,0.007,0.0
3305,304Nvl_L3_NS,NONE,0.008,0.0
3305,304Nvl_L2_EW,NONE,0.009,0.0
3305,32Nvl_L1_EW,32NVL_EW,0.057,-0.007
3305,32Nvl_L2_EW,32NVL_EW,0.062,0.012
3305,NvcNvl_L1_EW,NVCNVL_EW,0.007,0.003
3305,NvcNvl_L2_EW,NVCNVL_EW,0.008,0.008
3305,32Mt_L1_EW,32MT_EW,0.091,0.051
3305,NvcMt_L1_EW,NVCMT_EW,0.006,0.001
3305,304Nvl_L3_EW,NONE,0.025,0.0
3305,304Nvl_L3_EW,NONE,0.008,0.0
3305,304Nvl_L2_NS,NONE,0.007,0.0
3305,32Nvl_L3_EW,NONE,0.05,0.0
3305,NvcNvl_L3_EW,NONE,0.009,0.0
3305,32Mt_L2_EW,32MT_EW,0.071,0.027
3305,NvcMt_L2_EW,NVCMT_EW,0.008,0.002
3310,304Nvl_L1_EW,304NVL_EW,0.025,0.025
3310,304Nvl_L2_EW,304NVL_EW,0.015,0.015
3310,304Nvl_L1_NS,NONE,0.015,0.0
3310,304Nvl_L3_NS,NONE,0.008,0.0
3310,32Nvl_L1_EW,32NVL_EW,0.085,0.021
3310,32Nvl_L2_EW,32NVL_EW,0.093,0.043
3310,NvcNvl_L1_EW,NVCNVL_EW,0.007,0.003
3310,NvcNvl_L2_EW,NVCNVL_EW,0.008,0.008
3310,32Mt_L1_EW,32MT_EW,0.091,0.031
3310,NvcMt_L1_EW,NVCMT_EW,0.006,0.001
3310,304Nvl_L3_EW,NONE,0.013,0.0
3310,304Nvl_L2_NS,NONE,0.007,0.0
3310,32Nvl_L3_EW,NONE,0.075,0.0
3310,32Nvl_L1_NS,32NVL_NS,0.007,0.007
3310,NvcNvl_L3_EW,NONE,0.009,0.0
3310,32Mt_L2_EW,32MT_EW,0.071,0.006
3310,NvcMt_L2_EW,NVCMT_EW,0.008,0.002
3315,304Thn_L2_NS,304THN_NS,0.009,0.009
3315,304Nvl_L1_EW,304NVL_EW,0.008,0.008
3315,304Nvl_L1_EW,NONE,0.008,0.0
3315,304Nvl_L1_NS,NONE,0.08,0.0
3315,304Nvl_L3_NS,NONE,0.04,0.0
3315,32Nvl_L1_EW,32NVL_EW,0.078,0.073
3315,32Nvl_L2_EW,32NVL_EW,0.085,0.081
3315,NvcNvl_L3_NS,NONE,0.007,0.0
3315,NvcNvl_L2_NS,NONE,0.007,0.0
3315,NvcNvl_L1_EW,NVCNVL_EW,0.007,0.007
3315,NvcNvl_L2_EW,NVCNVL_EW,0.008,0.008
3315,32Mt_L1_EW,32MT_EW,0.007,-0.048
3315,NvcMt_L2_NS,NONE,0.005,0.0
3315,304Nvl_L2_NS,NONE,0.037,0.0
3315,32Nvl_L3_EW,NONE,0.069,0.0
3315,NvcNvl_L1_NS,NONE,0.009,0.0
3315,NvcNvl_L3_EW,NONE,0.009,0.0
3315,32Mt_L2_EW,32MT_EW,0.005,-0.054
3315,NvcMt_L1_NS,NONE,0.005,0.0
3315,304Thn_L1_NS,304THN_NS,0.008,0.008
3320,304Thn_L2_NS,304THN_NS,0.009,0.009
3320,304Nvl_L1_EW,304NVL_EW,0.008,0.008
3320,304Nvl_L1_EW,NONE,0.008,0.0
3320,304Nvl_L1_NS,NONE,0.088,0.0
3320,304Nvl_L3_NS,NONE,0.088,0.0
3320,32Nvl_L1_EW,32NVL_EW,0.078,0.072
3320,32Nvl_L2_EW,32NVL_EW,0.085,0.079
3320,32Nvl_L3_NS,NONE,0.008,0.0
3320,32Nvl_L2_NS,32NVL_NS,0.008,0.008
3320,NvcNvl_L1_EW,NVCNVL_EW,0.007,0.007
3320,NvcNvl_L2_EW,NVCNVL_EW,0.008,0.008
3320,32Mt_L1_EW,NONE,0.05,0.0
3320,32Mt_L3_EW,NONE,0.009,0.0
3320,NvcMt_L2_NS,NONE,0.005,0.0
3320,32Thn_L1_EW,32THN_EW,0.008,-0.046
3320,32Thn_L2_EW,32THN_EW,0.008,-0.051
3320,32Thn_L3_EW,NONE,0.008,0.0
3320,304Nvl_L2_NS,NONE,0.082,0.0
3320,32Nvl_L3_EW,NONE,0.069,0.0
3320,32Nvl_L1_NS,32NVL_NS,0.013,0.013
3320,NvcNvl_L3_EW,NONE,0.009,0.0
3320,32Mt_L2_EW,NONE,0.008,0.0
3320,NvcMt_L1_NS,NONE,0.005,0.0
3320,304Thn_L1_NS,304THN_NS,0.008,0.008
3325,304Thn_L1_EW,304THN_EW,0.008,-0.004
3325,304Thn_L3_EW,NONE,0.008,0.0
3325,304Thn_L2_NS,304THN_NS,0.009,0.009
3325,304Nvl_L1_EW,304NVL_EW,0.017,0.011
3325,32Nvl_L1_EW,32NVL_EW,0.078,0.078
3325,32Nvl_L2_EW,32NVL_EW,0.085,0.085
3325,NvcNvl_L3_NS,NONE,0.034,0.0
3325,NvcNvl_L2_NS,NONE,0.033,0.0
3325,NvcNvl_L1_EW,NONE,0.011,0.0
3325,32Mt_L1_EW,NONE,0.072,0.0
3325,NvcMt_L2_NS,NONE,0.032,0.0
3325,32Thn_L1_EW,NONE,0.01,0.0
3325,32Nvl_L3_EW,NONE,0.069,0.0
3325,32Nvl_L1_NS,32NVL_NS,0.007,0.007
3325,NvcNvl_L1_NS,NONE,0.044,0.0
3325,NvcMt_L1_NS,NONE,0.033,0.0
3325,304Thn_L1_NS,304THN_NS,0.008,0.008
3325,304Thn_L2_EW,304THN_EW,0.007,0.007
3330,304Thn_L2_NS,304THN_NS,0.009,0.009
3330,304Nvl_L1_EW,304NVL_EW,0.034,0.034
3330,304Nvl_L2_EW,304NVL_EW,0.015,0.015
3330,32Nvl_L1_NS,32NVL_NS,0.007,0.007
3330,32Nvl_L1_EW,32NVL_EW,0.078,0.073
3330,32Nvl_L2_EW,32NVL_EW,0.085,0.081
3330,32Nvl_L1_EW,32NVL_EW,0.007,0.002
3330,32Nvl_L2_EW,32NVL_EW,0.007,0.004
3330,NvcNvl_L2_NS,NONE,0.007,0.0
3330,NvcNvl_L1_EW,NONE,0.011,0.0
3330,NvcNvl_L2_EW,NONE,0.008,0.0
3330,32Mt_L1_NS,32MT_NS,0.006,0.006
3330,32Mt_L1_EW,NONE,0.036,0.0
3330,32Mt_L1_EW,32MT_EW,0.007,-0.048
3330,32Mt_L1_NS,NONE,0.01,0.0
3330,304Nvl_L3_EW,NONE,0.013,0.0
3330,32Nvl_L3_EW,NONE,0.006,0.0
3330,32Nvl_L3_EW,NONE,0.069,0.0
3330,NvcNvl_L1_NS,NONE,0.009,0.0
3330,NvcNvl_L3_EW,NONE,0.006,0.0
3330,32Mt_L2_EW,32MT_EW,0.005,-0.054
3330,32Mt_L2_NS,NONE,0.009,0.0
3330,304Thn_L1_NS,304THN_NS,0.008,0.008
3335,304Thn_L2_NS,304THN_NS,0.009,0.009
3335,304Nvl_L1_EW,304NVL_EW,0.051,0.051
3335,32Nvl_L1_EW,32NVL_EW,0.078,0.073
3335,32Nvl_L2_EW,32NVL_EW,0.085,0.085
3335,32Nvl_L1_EW,32NVL_EW,0.007,0.002
3335,32Nvl_L2_EW,32NVL_EW,0.007,0.007
3335,NvcNvl_L3_NS,NONE,0.014,0.0
3335,NvcNvl_L2_NS,NONE,0.013,0.0
3335,32Mt_L1_NS,32MT_NS,0.006,0.006
3335,32Mt_L1_EW,32MT_EW,0.007,-0.048
3335,NvcCmt8_L2_EW,NVCCMT8_EW,0.026,0.026
3335,32Nvl_L3_EW,NONE,0.006,0.0
3335,32Nvl_L3_EW,NONE,0.069,0.0
3335,NvcNvl_L1_NS,NONE,0.017,0.0
3335,NvcCmt8_L1_EW,NVCCMT8_EW,0.038,0.038
3335,304Thn_L1_NS,304THN_NS,0.008,0.008
3340,304Thn_L2_NS,304THN_NS,0.009,0.009
3340,304Nvl_L1_NS,NONE,0.007,0.0
3340,32Nvl_L1_EW,32NVL_EW,0.042,0.042
3340,32Nvl_L2_EW,32NVL_EW,0.085,0.085
3340,32Nvl_L1_EW,32NVL_EW,0.007,0.007
3340,32Nvl_L2_EW,32NVL_EW,0.007,0.007
3340,NvcNvl_L1_EW,NONE,0.011,0.0
3340,NvcNvl_L2_EW,NONE,0.008,0.0
3340,32Mt_L1_EW,NONE,0.007,0.0
3340,32Mt_L3_EW,NONE,0.009,0.0
3340,NvcCmt8_L2_EW,NVCCMT8_EW,0.032,0.032
3340,32Nvl_L3_EW,NONE,0.006,0.0
3340,32Nvl_L3_EW,NONE,0.069,0.0
3340,32Mt_L2_EW,NONE,0.008,0.0
3340,NvcCmt8_L1_EW,NVCCMT8_EW,0.046,0.046
3340,304Thn_L1_NS,304THN_NS,0.008,0.008
3345,304Thn_L2_NS,304THN_NS,0.009,0.009
3345,304Nvl_L1_EW,304NVL_EW,0.008,0.008
3345,32Nvl_L3_NS,NONE,0.014,0.0
3345,32Nvl_L1_NS,32NVL_NS,0.014,0.014
3345,32Nvl_L1_EW,32NVL_EW,0.007,0.007
3345,32Nvl_L2_EW,32NVL_EW,0.007,0.007
3345,32Nvl_L3_NS,NONE,0.05,0.0
3345,32Nvl_L2_NS,32NVL_NS,0.047,0.047
3345,NvcNvl_L1_EW,NVCNVL_EW,0.007,0.007
3345,NvcNvl_L2_EW,NVCNVL_EW,0.008,0.008
3345,32Nvl_L2_NS,32NVL_NS,0.013,0.013
3345,32Nvl_L3_EW,NONE,0.006,0.0
3345,32Nvl_L1_NS,32NVL_NS,0.04,0.04
3345,NvcNvl_L3_EW,NONE,0.009,0.0
3345,NvcCmt8_L1_EW,NONE,0.029,0.0
3345,304Thn_L1_NS,304THN_NS,0.008,0.008
3350,304Thn_L2_NS,304THN_NS,0.009,0.009
3350,304Nvl_L1_NS,NONE,0.007,0.0
3350,304Nvl_L3_NS,NONE,0.008,0.0
3350,32Nvl_L3_NS,NONE,0.014,0.0
3350,32Nvl_L1_NS,32NVL_NS,0.021,0.021
3350,32Nvl_L3_NS,NONE,0.05,0.0
3350,32Nvl_L2_NS,32NVL_NS,0.047,0.047
3350,32Mt_L1_EW,NONE,0.014,0.0
3350,32Mt_L3_EW,NONE,0.018,0.0
3350,32Mt_L1_NS,NONE,0.01,0.0
3350,NvcMt_L2_NS,NONE,0.026,0.0
3350,304Nvl_L2_NS,NONE,0.007,0.0
3350,32Nvl_L2_NS,32NVL_NS,0.02,0.02
3350,32Nvl_L1_NS,32NVL_NS,0.074,0.074
3350,32Mt_L2_EW,NONE,0.015,0.0
3350,NvcMt_L1_NS,NONE,0.027,0.0
3350,304Thn_L1_NS,304THN_NS,0.008,0.008
3355,304Thn_L2_NS,304THN_NS,0.009,0.009
3355,32Nvl_L3_NS,NONE,0.007,0.0
3355,32Nvl_L1_NS,32NVL_NS,0.021,0.021
3355,32Nvl_L1_EW,32NVL_EW,0.014,0.014
3355,32Nvl_L2_EW,32NVL_EW,0.015,0.015
3355,32Nvl_L3_NS,NONE,0.058,0.0
3355,32Nvl_L2_NS,32NVL_NS,0.055,0.055
3355,32Mt_L1_EW,NONE,0.007,0.0
3355,32Mt_L3_EW,NONE,0.009,0.0
3355,32Nvl_L2_NS,32NVL_NS,0.02,0.02
3355,32Nvl_L3_EW,NONE,0.013,0.0
3355,32Nvl_L1_NS,32NVL_NS,0.081,0.081
3355,32Mt_L2_EW,NONE,0.008,0.0
3355,304Thn_L1_NS,304THN_NS,0.008,0.008
3360,304Thn_L2_NS,304THN_NS,0.009,0.009
3360,304Nvl_L1_EW,304NVL_EW,0.051,0.051
3360,304Nvl_L2_EW,304NVL_EW,0.036,0.036
3360,32Nvl_L3_NS,NONE,0.007,0.0
3360,32Nvl_L1_NS,32NVL_NS,0.021,0.021
3360,32Nvl_L1_EW,32NVL_EW,0.007,0.007
3360,32Nvl_L2_EW,32NVL_EW,0.008,0.008
3360,32Nvl_L3_NS,NONE,0.058,0.0
3360,32Nvl_L2_NS,32NVL_NS,0.055,0.055
3360,NvcNvl_L3_NS,NONE,0.007,0.0
3360,NvcNvl_L2_NS,NONE,0.007,0.0
3360,32Mt_L1_NS,NONE,0.01,0.0
3360,304Nvl_L3_EW,NONE,0.032,0.0
3360,32Nvl_L2_NS,32NVL_NS,0.02,0.02
3360,32Nvl_L3_EW,NONE,0.006,0.0
3360,32Nvl_L1_NS,32NVL_NS,0.087,0.087
3360,NvcNvl_L1_NS,NONE,0.009,0.0
3360,304Thn_L1_NS,304THN_NS,0.008,0.008
3365,304Nvl_L1_EW,304NVL_EW,0.076,0.076
3365,304Nvl_L2_EW,304NVL_EW,0.065,0.065
3365,32Nvl_L3_NS,NONE,0.014,0.0
3365,32Nvl_L1_NS,32NVL_NS,0.028,0.028
3365,32Nvl_L3_NS,NONE,0.058,0.0
3365,32Nvl_L2_NS,32NVL_NS,0.055,0.055
3365,NvcNvl_L1_EW,NONE,0.011,0.0
3365,NvcNvl_L2_EW,NONE,0.008,0.0
3365,304Nvl_L3_EW,NONE,0.051,0.0
3365,32Nvl_L2_NS,32NVL_NS,0.027,0.027
3365,32Nvl_L1_NS,32NVL_NS,0.06,0.06
3365,304Thn_L1_NS,304THN_NS,0.008,0.008
3370,304Nvl_L1_EW,304NVL_EW,0.102,0.102
3370,304Nvl_L2_EW,304NVL_EW,0.087,0.087
3370,32Nvl_L1_NS,32NVL_NS,0.007,0.007
3370,32Nvl_L1_EW,32NVL_EW,0.007,0.007
3370,32Nvl_L3_NS,NONE,0.042,0.0
3370,32Nvl_L2_NS,32NVL_NS,0.039,0.039
3370,NvcNvl_L1_EW,NONE,0.011,0.0
3370,NvcNvl_L2_EW,NONE,0.008,0.0
3370,NvcMt_L2_EW,NVCMT_EW,0.003,0.003
3370,304Nvl_L3_EW,NONE,0.07,0.0
3370,32Nvl_L2_NS,32NVL_NS,0.007,0.007
3370,32Nvl_L1_NS,32NVL_NS,0.047,0.047
3370,NvcNvl_L3_EW,NONE,0.006,0.0
3370,NvcMt_L1_EW,NVCMT_EW,0.006,0.006
3370,304Thn_L1_NS,304THN_NS,0.008,0.008
3375,304Nvl_L1_EW,304NVL_EW,0.102,0.102
3375,304Nvl_L2_EW,304NVL_EW,0.087,0.087
3375,32Nvl_L1_EW,32NVL_EW,0.013,0.013
3375,32Nvl_L2_EW,32NVL_EW,0.007,0.007
3375,NvcNvl_L1_EW,NONE,0.021,0.0
3375,NvcNvl_L2_EW,NONE,0.015,0.0
3375,NvcMt_L2_EW,NVCMT_EW,0.003,0.003
3375,304Nvl_L3_EW,NONE,0.076,0.0
3375,32Nvl_L3_EW,NONE,0.006,0.0
3375,32Nvl_L1_NS,32NVL_NS,0.013,0.013
3375,NvcNvl_L3_EW,NONE,0.013,0.0
3375,NvcMt_L1_EW,NVCMT_EW,0.006,0.006
3380,304Thn_L1_EW,NONE,0.007,0.0
3380,304Thn_L2_EW,NONE,0.008,0.0
3380,304Nvl_L1_EW,304NVL_EW,0.085,0.085
3380,304Nvl_L2_EW,304NVL_EW,0.073,0.073
3380,32Nvl_L1_EW,32NVL_EW,0.04,0.04
3380,32Nvl_L2_EW,32NVL_EW,0.007,0.007
3380,NvcMt_L2_EW,NVCMT_EW,0.003,0.003
3380,304Nvl_L3_EW,NONE,0.063,0.0
3380,32Nvl_L3_EW,NONE,0.006,0.0
3380,32Nvl_L1_NS,32NVL_NS,0.007,0.007
3380,NvcMt_L1_EW,NVCMT_EW,0.006,0.006
3380,304Thn_L3_EW,NONE,0.008,0.0
3385,304Nvl_L1_EW,304NVL_EW,0.008,0.008
3385,304Nvl_L2_EW,304NVL_EW,0.007,0.007
3385,304Nvl_L1_NS,NONE,0.007,0.0
3385,32Nvl_L1_EW,32NVL_EW,0.04,0.031
3385,32Nvl_L2_EW,32NVL_EW,0.007,0.0
3385,NvcNvl_L1_EW,NVCNVL_EW,0.007,0.007
3385,32Mt_L1_EW,32MT_EW,0.014,0.014
3385,32Mt_L1_NS,NONE,0.01,0.0
3385,NvcMt_L2_EW,NVCMT_EW,0.003,0.003
3385,304Nvl_L3_EW,NONE,0.006,0.0
3385,32Nvl_L3_EW,NONE,0.006,0.0
3385,32Mt_L2_EW,32MT_EW,0.011,0.011
3385,32Mt_L2_NS,NONE,0.009,0.0
3385,NvcMt_L1_EW,NVCMT_EW,0.006,0.001
3390,304Thn_L1_EW,304THN_EW,0.008,0.008
3390,304Nvl_L1_EW,NONE,0.008,0.0
3390,304Nvl_L1_NS,NONE,0.015,0.0
3390,304Nvl_L2_EW,NONE,0.009,0.0
3390,32Nvl_L1_EW,32NVL_EW,0.04,0.031
3390,32Nvl_L2_EW,32NVL_EW,0.007,0.0
3390,32Nvl_L3_NS,NONE,0.05,0.0
3390,32Nvl_L2_NS,32NVL_NS,0.047,0.047
3390,NvcNvl_L3_NS,NONE,0.007,0.0
3390,NvcNvl_L2_NS,NONE,0.007,0.0
3390,NvcNvl_L1_EW,NVCNVL_EW,0.007,0.007
3390,32Mt_L1_NS,32MT_NS,0.006,0.006
3390,32Mt_L1_EW,32MT_EW,0.014,0.014
3390,304Nvl_L3_EW,NONE,0.008,0.0
3390,32Nvl_L3_EW,NONE,0.006,0.0
3390,32Nvl_L1_NS,32NVL_NS,0.04,0.04
3390,NvcNvl_L1_NS,NONE,0.009,0.0
3390,32Mt_L2_EW,32MT_EW,0.011,0.011
3395,304Thn_L1_EW,304THN_EW,0.008,0.002
3395,304Thn_L3_EW,NONE,0.008,0.0
3395,304Nvl_L1_EW,304NVL_EW,0.008,0.003
3395,304Nvl_L2_EW,304NVL_EW,0.007,0.002
3395,304Nvl_L1_NS,NONE,0.044,0.0
3395,32Nvl_L1_EW,32NVL_EW,0.007,-0.003
3395,32Nvl_L2_EW,32NVL_EW,0.007,0.0
3395,32Nvl_L3_NS,NONE,0.017,0.0
3395,32Nvl_L2_NS,32NVL_NS,0.016,0.016
3395,NvcNvl_L3_NS,NONE,0.054,0.0
3395,NvcNvl_L2_NS,NONE,0.053,0.0
3395,NvcNvl_L1_EW,NVCNVL_EW,0.042,0.042
3395,NvcNvl_L2_EW,NVCNVL_EW,0.039,0.039
3395,32Mt_L1_EW,32MT_EW,0.014,0.014
3395,32Mt_L1_NS,NONE,0.01,0.0
3395,304Nvl_L3_EW,NONE,0.006,0.0
3395,32Nvl_L3_EW,NONE,0.006,0.0
3395,32Nvl_L1_NS,32NVL_NS,0.013,0.013
3395,NvcNvl_L1_NS,NONE,0.07,0.0
3395,NvcNvl_L3_EW,NONE,0.047,0.0
3395,32Mt_L2_EW,32MT_EW,0.011,0.011
3395,304Thn_L2_EW,304THN_EW,0.007,0.002
3400,304Thn_L1_EW,304THN_EW,0.008,0.002
3400,304Thn_L3_EW,NONE,0.008,0.0
3400,304Nvl_L1_EW,304NVL_EW,0.008,0.003
3400,304Nvl_L1_NS,NONE,0.036,0.0
3400,32Nvl_L1_NS,32NVL_NS,0.042,0.042
3400,32Nvl_L1_EW,32NVL_EW,0.007,-0.003
3400,32Nvl_L2_EW,32NVL_EW,0.008,0.0
3400,32Nvl_L1_EW,32NVL_EW,0.007,-0.003
3400,32Nvl_L2_EW,32NVL_EW,0.007,0.0
3400,NvcNvl_L3_NS,NONE,0.02,0.0
3400,NvcNvl_L2_NS,NONE,0.026,0.0
3400,NvcNvl_L1_EW,NVCNVL_EW,0.042,0.042
3400,NvcNvl_L2_EW,NVCNVL_EW,0.047,0.047
3400,32Mt_L1_EW,NONE,0.007,0.0
3400,32Mt_L3_EW,NONE,0.009,0.0
3400,32Mt_L1_EW,32MT_EW,0.014,0.009
3400,32Mt_L1_NS,NONE,0.01,0.0
3400,32Nvl_L3_EW,NONE,0.006,0.0
3400,32Nvl_L3_EW,NONE,0.006,0.0
3400,NvcNvl_L1_NS,NONE,0.035,0.0
3400,NvcNvl_L3_EW,NONE,0.056,0.0
3400,32Mt_L2_EW,NONE,0.008,0.0
3400,32Mt_L2_EW,32MT_EW,0.011,0.005
3400,304Thn_L2_EW,304THN_EW,0.007,0.007
3405,304Thn_L1_EW,304THN_EW,0.008,0.002
3405,304Thn_L3_EW,NONE,0.008,0.0
3405,304Nvl_L1_EW,304NVL_EW,0.008,0.003
3405,304Nvl_L1_NS,NONE,0.007,0.0
3405,32Nvl_L1_EW,32NVL_EW,0.007,-0.003
3405,32Nvl_L2_EW,32NVL_EW,0.008,0.0
3405,32Nvl_L1_EW,32NVL_EW,0.007,-0.003
3405,32Nvl_L2_EW,32NVL_EW,0.007,0.0
3405,32Nvl_L3_NS,NONE,0.008,0.0
3405,32Nvl_L2_NS,32NVL_NS,0.008,0.008
3405,NvcNvl_L1_EW,NVCNVL_EW,0.049,0.049
3405,NvcNvl_L2_EW,NVCNVL_EW,0.047,0.047
3405,32Mt_L1_EW,32MT_EW,0.014,0.009
3405,32Nvl_L3_EW,NONE,0.006,0.0
3405,32Nvl_L3_EW,NONE,0.006,0.0
3405,32Nvl_L1_NS,32NVL_NS,0.007,0.007
3405,NvcNvl_L3_EW,NONE,0.056,0.0
3405,32Mt_L2_EW,32MT_EW,0.011,0.005
3405,304Thn_L2_EW,304THN_EW,0.007,0.007
3410,304Nvl_L1_EW,304NVL_EW,0.008,0.008
3410,32Nvl_L1_EW,32NVL_EW,0.007,-0.008
3410,32Nvl_L2_EW,32NVL_EW,0.008,0.0
3410,32Nvl_L1_EW,32NVL_EW,0.007,-0.008
3410,32Nvl_L2_EW,32NVL_EW,0.007,0.0
3410,NvcNvl_L1_EW,NVCNVL_EW,0.049,0.049
3410,NvcNvl_L2_EW,NVCNVL_EW,0.047,0.047
3410,32Mt_L1_EW,NONE,0.007,0.0
3410,32Mt_L3_EW,NONE,0.009,0.0
3410,32Mt_L1_EW,32MT_EW,0.021,0.016
3410,32Nvl_L3_EW,NONE,0.006,0.0
3410,32Nvl_L3_EW,NONE,0.006,0.0
3410,NvcNvl_L3_EW,NONE,0.056,0.0
3410,32Mt_L2_EW,NONE,0.008,0.0
3410,32Mt_L2_EW,32MT_EW,0.011,0.005
3415,32Nvl_L1_EW,32NVL_EW,0.007,-0.008
3415,32Nvl_L2_EW,32NVL_EW,0.008,-0.004
3415,32Nvl_L1_EW,32NVL_EW,0.007,-0.008
3415,32Nvl_L2_EW,32NVL_EW,0.007,-0.004
3415,NvcNvl_L3_NS,NONE,0.007,0.0
3415,NvcNvl_L2_NS,NONE,0.007,0.0
3415,NvcNvl_L1_EW,NVCNVL_EW,0.049,0.049
3415,NvcNvl_L2_EW,NVCNVL_EW,0.047,0.047
3415,32Mt_L1_EW,NONE,0.014,0.0
3415,32Mt_L3_EW,NONE,0.009,0.0
3415,32Mt_L1_EW,32MT_EW,0.021,0.016
3415,32Nvl_L3_EW,NONE,0.006,0.0
3415,32Nvl_L3_EW,NONE,0.006,0.0
3415,NvcNvl_L1_NS,NONE,0.009,0.0
3415,NvcNvl_L3_EW,NONE,0.056,0.0
3415,32Mt_L2_EW,NONE,0.008,0.0
3415,32Mt_L2_EW,32MT_EW,0.016,0.011
3420,32Nvl_L3_NS,NONE,0.007,0.0
3420,32Nvl_L1_NS,32NVL_NS,0.014,0.014
3420,32Nvl_L1_EW,32NVL_EW,0.007,-0.008
3420,32Nvl_L2_EW,32NVL_EW,0.008,-0.004
3420,32Nvl_L1_EW,32NVL_EW,0.007,-0.008
3420,32Nvl_L2_EW,32NVL_EW,0.007,-0.004
3420,NvcNvl_L1_EW,NVCNVL_EW,0.014,0.014
3420,32Mt_L1_EW,NONE,0.043,0.0
3420,32Mt_L3_EW,NONE,0.053,0.0
3420,32Mt_L1_EW,32MT_EW,0.021,0.016
3420,32Mt_L1_NS,NONE,0.01,0.0
3420,NvcMt_L1_NS,NVCMT_NS,0.007,0.007
3420,32Nvl_L2_NS,32NVL_NS,0.013,0.013
3420,32Nvl_L3_EW,NONE,0.006,0.0
3420,32Nvl_L3_EW,NONE,0.006,0.0
3420,32Mt_L2_EW,NONE,0.045,0.0
3420,32Mt_L2_EW,32MT_EW,0.016,0.011
3420,32Mt_L2_NS,NONE,0.009,0.0
3420,NvcMt_L2_NS,NVCMT_NS,0.005,0.005
3425,304Nvl_L1_NS,NONE,0.036,0.0
3425,304Nvl_L3_NS,NONE,0.04,0.0
3425,32Nvl_L3_NS,NONE,0.007,0.0
3425,32Nvl_L1_NS,32NVL_NS,0.021,0.016
3425,32Nvl_L1_EW,32NVL_EW,0.007,-0.003
3425,32Nvl_L2_EW,32NVL_EW,0.008,0.008
3425,32Nvl_L1_EW,32NVL_EW,0.007,-0.003
3425,32Nvl_L2_EW,32NVL_EW,0.007,0.007
3425,NvcNvl_L3_NS,NONE,0.034,0.0
3425,NvcNvl_L2_NS,NONE,0.033,0.0
3425,NvcNvl_L1_EW,NVCNVL_EW,0.007,0.007
3425,NvcNvl_L1_NS,NVCNVL_NS,0.007,-0.008
3425,32Mt_L1_NS,32MT_NS,0.006,0.001
3425,32Mt_L1_EW,32MT_EW,0.014,0.009
3425,NvcMt_L1_NS,NVCMT_NS,0.007,0.002
3425,304Nvl_L2_NS,NONE,0.037,0.0
3425,32Nvl_L2_NS,32NVL_NS,0.013,0.013
3425,32Nvl_L3_EW,NONE,0.006,0.0
3425,32Nvl_L3_EW,NONE,0.006,0.0
3425,32Nvl_L1_NS,32NVL_NS,0.007,0.002
3425,NvcNvl_L1_NS,NONE,0.044,0.0
3425,NvcMt_L2_NS,NVCMT_NS,0.005,0.005
3430,304Nvl_L1_NS,NONE,0.044,0.0
3430,304Nvl_L3_NS,NONE,0.008,0.0
3430,32Nvl_L1_NS,32NVL_NS,0.042,0.037
3430,32Nvl_L1_EW,32NVL_EW,0.007,-0.032
3430,32Nvl_L2_EW,32NVL_EW,0.008,0.004
3430,32Nvl_L1_EW,32NVL_EW,0.007,-0.032
3430,32Nvl_L2_EW,32NVL_EW,0.007,0.004
3430,32Nvl_L3_NS,NONE,0.017,0.0
3430,32Nvl_L2_NS,32NVL_NS,0.016,0.016
3430,NvcNvl_L3_NS,NONE,0.034,0.0
3430,NvcNvl_L2_NS,NONE,0.033,0.0
3430,NvcNvl_L1_NS,NVCNVL_NS,0.007,-0.022
3430,32Mt_L1_NS,32MT_NS,0.006,0.001
3430,32Mt_L1_EW,32MT_EW,0.056,0.051
3430,32Mt_L1_NS,NONE,0.117,0.0
3430,NvcMt_L1_NS,NVCMT_NS,0.007,0.002
3430,32Thn_L1_EW,NONE,0.01,0.0
3430,32Thn_L2_EW,NONE,0.01,0.0
3430,32Thn_L3_EW,NONE,0.007,0.0
3430,304Nvl_L2_NS,NONE,0.044,0.0
3430,32Nvl_L2_NS,32NVL_NS,0.04,0.04
3430,32Nvl_L3_EW,NONE,0.006,0.0
3430,32Nvl_L3_EW,NONE,0.006,0.0
3430,32Nvl_L1_NS,32NVL_NS,0.02,0.016
3430,NvcNvl_L1_NS,NONE,0.044,0.0
3430,32Mt_L2_EW,32MT_EW,0.005,0.0
3430,32Mt_L2_NS,NONE,0.104,0.0
3430,NvcMt_L2_NS,NVCMT_NS,0.005,0.005
3435,304Nvl_L1_NS,304NVL_NS,0.009,-0.02
3435,304Nvl_L3_NS,NONE,0.007,0.0
3435,32Nvl_L3_NS,NONE,0.007,0.0
3435,32Nvl_L1_NS,32NVL_NS,0.042,0.035
3435,32Nvl_L1_EW,32NVL_EW,0.007,-0.033
3435,32Nvl_L2_EW,32NVL_EW,0.008,0.0
3435,32Nvl_L1_EW,32NVL_EW,0.007,-0.033
3435,32Nvl_L2_EW,32NVL_EW,0.007,0.0
3435,NvcNvl_L3_NS,NONE,0.014,0.0
3435,NvcNvl_L2_NS,NONE,0.013,0.0
3435,32Mt_L1_NS,32MT_NS,0.006,0.001
3435,32Mt_L1_EW,NONE,0.007,0.0
3435,32Mt_L1_EW,32MT_EW,0.049,0.044
3435,NvcMt_L1_NS,NVCMT_NS,0.007,0.002
3435,32Thn_L1_EW,32THN_EW,0.008,0.003
3435,304Nvl_L2_NS,304NVL_NS,0.008,0.008
3435,32Nvl_L2_NS,32NVL_NS,0.04,0.035
3435,32Nvl_L3_EW,NONE,0.006,0.0
3435,32Nvl_L3_EW,NONE,0.006,0.0
3435,NvcNvl_L1_NS,NONE,0.017,0.0
3435,32Mt_L2_EW,32MT_EW,0.011,0.005
3435,NvcMt_L2_NS,NVCMT_NS,0.005,0.005
3440,304Nvl_L1_NS,304NVL_NS,0.018,0.018
3440,304Nvl_L3_NS,NONE,0.007,0.0
3440,304Nvl_L1_EW,304NVL_EW,0.042,0.042
3440,32Nvl_L1_EW,32NVL_EW,0.014,0.014
3440,32Nvl_L2_EW,32NVL_EW,0.015,0.015
3440,32Nvl_L1_EW,32NVL_EW,0.007,0.007
3440,32Nvl_L2_EW,32NVL_EW,0.007,0.007
3440,NvcNvl_L3_NS,NONE,0.014,0.0
3440,NvcNvl_L2_NS,NONE,0.013,0.0
3440,32Mt_L1_NS,32MT_NS,0.082,0.077
3440,32Mt_L1_NS,NONE,0.01,0.0
3440,NvcMt_L2_EW,NVCMT_EW,0.003,0.003
3440,NvcMt_L1_NS,NVCMT_NS,0.007,-0.05
3440,304Nvl_L2_NS,304NVL_NS,0.008,0.008
3440,32Nvl_L3_EW,NONE,0.006,0.0
3440,32Nvl_L3_EW,NONE,0.013,0.0
3440,NvcNvl_L1_NS,NONE,0.017,0.0
3440,32Mt_L2_NS,NONE,0.009,0.0
3440,NvcMt_L1_EW,NVCMT_EW,0.006,0.006
3440,NvcMt_L2_NS,NVCMT_NS,0.005,0.005
3445,304Nvl_L1_NS,304NVL_NS,0.018,0.018
3445,304Nvl_L3_NS,NONE,0.007,0.0
3445,32Nvl_L1_EW,32NVL_EW,0.014,0.009
3445,32Nvl_L2_EW,32NVL_EW,0.015,0.012
3445,32Nvl_L1_EW,32NVL_EW,0.007,0.002
3445,32Nvl_L2_EW,32NVL_EW,0.007,0.004
3445,NvcNvl_L1_EW,NONE,0.011,0.0
3445,NvcNvl_L2_EW,NONE,0.008,0.0
3445,32Mt_L1_NS,32MT_NS,0.075,0.07
3445,32Mt_L1_EW,32MT_EW,0.007,-0.003
3445,32Mt_L1_NS,NONE,0.01,0.0
3445,NvcMt_L1_NS,NVCMT_NS,0.007,-0.046
3445,304Nvl_L2_NS,304NVL_NS,0.008,0.008
3445,32Nvl_L3_EW,NONE,0.006,0.0
3445,32Nvl_L3_EW,NONE,0.013,0.0
3445,32Nvl_L1_NS,32NVL_NS,0.034,0.021
3445,32Mt_L2_EW,32MT_EW,0.005,-0.005
3445,32Mt_L2_NS,NONE,0.009,0.0
3445,NvcMt_L2_NS,NVCMT_NS,0.005,0.005
3450,304Nvl_L1_NS,304NVL_NS,0.018,0.018
3450,304Nvl_L3_NS,NONE,0.007,0.0
3450,32Nvl_L1_EW,32NVL_EW,0.007,0.002
3450,32Nvl_L2_EW,32NVL_EW,0.008,0.004
3450,32Nvl_L1_EW,32NVL_EW,0.013,0.009
3450,32Nvl_L2_EW,32NVL_EW,0.007,0.004
3450,32Nvl_L3_NS,NONE,0.008,0.0
3450,32Nvl_L2_NS,32NVL_NS,0.008,0.003
3450,NvcNvl_L1_EW,NONE,0.053,0.0
3450,NvcNvl_L2_EW,NONE,0.038,0.0
3450,NvcNvl_L1_EW,NVCNVL_EW,0.007,0.007
3450,32Mt_L1_NS,32MT_NS,0.075,0.07
3450,32Mt_L1_EW,32MT_EW,0.007,0.002
3450,NvcMt_L1_NS,NVCMT_NS,0.007,-0.046
3450,304Nvl_L2_NS,304NVL_NS,0.008,0.002
3450,32Nvl_L3_EW,NONE,0.006,0.0
3450,32Nvl_L3_EW,NONE,0.006,0.0
3450,32Nvl_L1_NS,32NVL_NS,0.007,-0.006
3450,NvcNvl_L3_EW,NONE,0.032,0.0
3450,32Mt_L2_EW,32MT_EW,0.005,0.0
3450,NvcMt_L2_NS,NVCMT_NS,0.005,0.005
3455,304Nvl_L1_NS,304NVL_NS,0.009,0.009
3455,304Nvl_L3_NS,NONE,0.007,0.0
3455,304Nvl_L1_EW,304NVL_EW,0.051,0.051
3455,304Nvl_L2_EW,304NVL_EW,0.044,0.044
3455,32Nvl_L1_EW,32NVL_EW,0.007,0.007
3455,32Nvl_L2_EW,32NVL_EW,0.008,0.008
3455,32Nvl_L1_EW,32NVL_EW,0.007,0.007
3455,32Nvl_L2_EW,32NVL_EW,0.007,0.007
3455,32Nvl_L3_NS,NONE,0.025,0.0
3455,32Nvl_L2_NS,32NVL_NS,0.024,0.018
3455,32Mt_L1_NS,32MT_NS,0.075,0.07
3455,32Mt_L1_EW,NONE,0.007,0.0
3455,NvcMt_L1_NS,NVCMT_NS,0.007,-0.046
3455,304Nvl_L2_NS,304NVL_NS,0.008,-0.009
3455,304Nvl_L3_EW,NONE,0.006,0.0
3455,32Nvl_L3_EW,NONE,0.006,0.0
3455,32Nvl_L3_EW,NONE,0.006,0.0
3455,32Nvl_L1_NS,32NVL_NS,0.02,0.014
3455,NvcMt_L2_NS,NVCMT_NS,0.005,0.005
3460,304Nvl_L1_NS,304NVL_NS,0.009,0.004
3460,304Nvl_L3_NS,NONE,0.007,0.0
3460,304Nvl_L1_EW,304NVL_EW,0.042,0.042
3460,304Nvl_L2_EW,304NVL_EW,0.036,0.036
3460,32Nvl_L1_NS,32NVL_NS,0.007,0.001
3460,32Nvl_L1_EW,32NVL_EW,0.007,0.007
3460,32Nvl_L2_EW,32NVL_EW,0.008,0.008
3460,32Nvl_L1_EW,32NVL_EW,0.007,0.007
3460,32Nvl_L2_EW,32NVL_EW,0.007,0.007
3460,32Nvl_L3_NS,NONE,0.008,0.0
3460,32Nvl_L2_NS,32NVL_NS,0.008,0.003
3460,NvcNvl_L3_NS,NONE,0.014,0.0
3460,NvcNvl_L2_NS,NONE,0.013,0.0
3460,NvcNvl_L1_EW,NVCNVL_EW,0.035,0.035
3460,NvcMt_L1_NS,NVCMT_NS,0.007,0.007
3460,304Nvl_L2_NS,304NVL_NS,0.008,0.002
3460,304Nvl_L3_EW,NONE,0.032,0.0
3460,32Nvl_L3_EW,NONE,0.006,0.0
3460,32Nvl_L3_EW,NONE,0.006,0.0
3460,32Nvl_L1_NS,32NVL_NS,0.007,0.0
3460,NvcNvl_L1_NS,NONE,0.017,0.0
3460,NvcMt_L2_NS,NVCMT_NS,0.005,0.005
3465,304Nvl_L1_NS,304NVL_NS,0.018,0.013
3465,304Nvl_L3_NS,NONE,0.015,0.0
3465,304Nvl_L1_NS,NONE,0.007,0.0
3465,32Nvl_L1_NS,32NVL_NS,0.007,-0.006
3465,32Nvl_L1_EW,32NVL_EW,0.007,0.007
3465,32Nvl_L2_EW,32NVL_EW,0.008,0.008
3465,32Nvl_L1_EW,32NVL_EW,0.007,0.007
3465,32Nvl_L2_EW,32NVL_EW,0.007,0.007
3465,NvcNvl_L1_EW,NONE,0.011,0.0
3465,NvcNvl_L2_EW,NONE,0.008,0.0
3465,NvcMt_L1_NS,NVCMT_NS,0.007,0.007
3465,32Thn_L1_EW,NONE,0.049,0.0
3465,32Thn_L2_EW,NONE,0.051,0.0
3465,32Thn_L3_EW,NONE,0.035,0.0
3465,304Nvl_L2_NS,304NVL_NS,0.015,0.015
3465,32Nvl_L3_EW,NONE,0.006,0.0
3465,32Nvl_L3_EW,NONE,0.006,0.0
3465,NvcNvl_L3_EW,NONE,0.006,0.0
3465,NvcMt_L2_NS,NVCMT_NS,0.005,0.005
3470,304Nvl_L1_NS,304NVL_NS,0.018,0.018
3470,304Nvl_L3_NS,NONE,0.015,0.0
3470,304Nvl_L1_EW,304NVL_EW,0.017,0.017
3470,304Nvl_L2_EW,304NVL_EW,0.015,0.015
3470,NvcMt_L1_NS,NVCMT_NS,0.007,0.007
3470,32Thn_L1_EW,NONE,0.049,0.0
3470,32Thn_L2_EW,NONE,0.051,0.0
3470,32Thn_L3_EW,NONE,0.035,0.0
3470,304Nvl_L2_NS,304NVL_NS,0.015,0.015
3470,304Nvl_L3_EW,NONE,0.013,0.0
3470,32Nvl_L1_NS,32NVL_NS,0.007,-0.006
3470,NvcMt_L2_NS,NVCMT_NS,0.005,0.005
3475,304Nvl_L1_NS,304NVL_NS,0.018,0.018
3475,304Nvl_L3_NS,NONE,0.015,0.0
3475,304Nvl_L1_EW,304NVL_EW,0.059,0.059
3475,304Nvl_L2_EW,304NVL_EW,0.015,0.015
3475,32Nvl_L1_EW,32NVL_EW,0.035,0.007
3475,32Nvl_L2_EW,32NVL_EW,0.039,0.039
3475,32Nvl_L1_EW,32NVL_EW,0.007,-0.021
3475,32Nvl_L3_NS,NONE,0.008,0.0
3475,32Nvl_L2_NS,32NVL_NS,0.008,-0.003
3475,NvcNvl_L1_EW,NVCNVL_EW,0.007,0.003
3475,NvcMt_L2_NS,NONE,0.005,0.0
3475,NvcMt_L1_EW,NVCMT_EW,0.006,0.001
3475,32Thn_L1_EW,32THN_EW,0.04,0.015
3475,304Nvl_L2_NS,304NVL_NS,0.015,0.01
3475,304Nvl_L3_EW,NONE,0.013,0.0
3475,32Nvl_L3_EW,NONE,0.031,0.0
3475,32Nvl_L1_NS,32NVL_NS,0.02,0.007
3475,NvcMt_L1_NS,NONE,0.005,0.0
3475,NvcMt_L2_EW,NVCMT_EW,0.008,0.008
3480,304Nvl_L1_NS,304NVL_NS,0.009,0.009
3480,304Nvl_L3_NS,NONE,0.007,0.0
3480,304Nvl_L1_EW,304NVL_EW,0.008,0.008
3480,304Nvl_L2_EW,304NVL_EW,0.007,0.007
3480,304Nvl_L1_NS,NONE,0.015,0.0
3480,32Nvl_L3_NS,NONE,0.017,0.0
3480,32Nvl_L2_NS,32NVL_NS,0.016,0.01
3480,NvcMt_L2_NS,NONE,0.011,0.0
3480,NvcMt_L1_EW,NVCMT_EW,0.006,0.006
3480,304Nvl_L2_NS,304NVL_NS,0.008,-0.003
3480,304Nvl_L3_EW,NONE,0.006,0.0
3480,32Nvl_L1_NS,32NVL_NS,0.02,0.014
3480,NvcMt_L1_NS,NONE,0.011,0.0
3480,NvcMt_L2_EW,NVCMT_EW,0.008,0.008
3485,304Nvl_L1_EW,304NVL_EW,0.008,0.008
3485,304Nvl_L2_EW,304NVL_EW,0.007,0.007
3485,304Nvl_L1_NS,NONE,0.015,0.0
3485,304Nvl_L3_NS,NONE,0.008,0.0
3485,32Nvl_L3_NS,NONE,0.007,0.0
3485,32Nvl_L1_NS,32NVL_NS,0.007,0.007
3485,32Nvl_L1_EW,32NVL_EW,0.035,0.035
3485,32Nvl_L2_EW,32NVL_EW,0.039,0.039
3485,32Nvl_L3_NS,NONE,0.008,0.0
3485,32Nvl_L2_NS,32NVL_NS,0.008,0.008
3485,NvcNvl_L3_NS,NONE,0.034,0.0
3485,NvcNvl_L2_NS,NONE,0.033,0.0
3485,NvcNvl_L1_EW,NVCNVL_EW,0.007,-0.002
3485,NvcNvl_L2_EW,NVCNVL_EW,0.008,0.008
3485,NvcMt_L2_NS,NONE,0.005,0.0
3485,NvcMt_L1_EW,NVCMT_EW,0.013,0.008
3485,304Nvl_L3_EW,NONE,0.006,0.0
3485,304Nvl_L2_NS,NONE,0.007,0.0
3485,32Nvl_L2_NS,32NVL_NS,0.007,0.007
3485,32Nvl_L3_EW,NONE,0.031,0.0
3485,32Nvl_L1_NS,32NVL_NS,0.047,0.047
3485,NvcNvl_L1_NS,NONE,0.044,0.0
3485,NvcNvl_L3_EW,NONE,0.009,0.0
3485,NvcMt_L1_NS,NONE,0.005,0.0
3485,NvcMt_L2_EW,NVCMT_EW,0.016,0.01
3490,304Nvl_L1_EW,304NVL_EW,0.008,0.008
3490,304Nvl_L2_EW,304NVL_EW,0.007,0.007
3490,304Nvl_L1_EW,NONE,0.008,0.0
3490,304Nvl_L1_NS,NONE,0.015,0.0
3490,304Nvl_L3_NS,NONE,0.008,0.0
3490,304Nvl_L2_EW,NONE,0.009,0.0
3490,32Nvl_L1_EW,32NVL_EW,0.035,0.035
3490,32Nvl_L2_EW,32NVL_EW,0.039,0.039
3490,32Nvl_L1_EW,32NVL_EW,0.007,0.007
3490,32Nvl_L3_NS,NONE,0.008,0.0
3490,32Nvl_L2_NS,32NVL_NS,0.008,0.008
3490,NvcNvl_L3_NS,NONE,0.075,0.0
3490,NvcNvl_L2_NS,NONE,0.073,0.0
3490,NvcMt_L2_NS,NONE,0.011,0.0
3490,NvcMt_L2_EW,NVCMT_EW,0.013,0.013
3490,304Nvl_L3_EW,NONE,0.006,0.0
3490,304Nvl_L3_EW,NONE,0.008,0.0
3490,304Nvl_L2_NS,NONE,0.007,0.0
3490,32Nvl_L3_EW,NONE,0.031,0.0
3490,32Nvl_L1_NS,32NVL_NS,0.007,0.007
3490,NvcNvl_L1_NS,NONE,0.096,0.0
3490,NvcMt_L1_NS,NONE,0.011,0.0
3490,NvcMt_L1_EW,NVCMT_EW,0.028,0.028
3495,304Nvl_L1_EW,304NVL_EW,0.008,0.008
3495,32Nvl_L1_EW,32NVL_EW,0.035,0.035
3495,32Nvl_L2_EW,32NVL_EW,0.039,0.039
3495,32Nvl_L1_EW,32NVL_EW,0.007,0.007
3495,32Nvl_L3_NS,NONE,0.008,0.0
3495,32Nvl_L2_NS,32NVL_NS,0.008,0.008
3495,NvcNvl_L3_NS,NONE,0.041,0.0
3495,NvcNvl_L2_NS,NONE,0.04,0.0
3495,NvcMt_L2_NS,NONE,0.016,0.0
3495,NvcMt_L2_EW,NVCMT_EW,0.013,0.013
3495,32Nvl_L3_EW,NONE,0.031,0.0
3495,32Nvl_L1_NS,32NVL_NS,0.013,0.013
3495,NvcNvl_L1_NS,NONE,0.052,0.0
3495,NvcMt_L1_NS,NONE,0.016,0.0
3495,NvcMt_L1_EW,NVCMT_EW,0.028,0.028
3500,304Nvl_L1_EW,304NVL_EW,0.025,0.025
3500,304Nvl_L2_EW,304NVL_EW,0.007,0.007
3500,304Nvl_L1_NS,NONE,0.007,0.0
3500,32Nvl_L1_NS,32NVL_NS,0.007,0.007
3500,32Nvl_L1_EW,32NVL_EW,0.035,0.035
3500,32Nvl_L2_EW,32NVL_EW,0.039,0.039
3500,32Mt_L1_EW,NONE,0.007,0.0
3500,32Mt_L3_EW,NONE,0.009,0.0
3500,NvcMt_L2_NS,NONE,0.011,0.0
3500,NvcMt_L2_EW,NVCMT_EW,0.013,0.013
3500,32Thn_L1_EW,NONE,0.01,0.0
3500,32Thn_L2_EW,NONE,0.01,0.0
3500,32Thn_L3_EW,NONE,0.007,0.0
3500,304Nvl_L3_EW,NONE,0.006,0.0
3500,32Nvl_L3_EW,NONE,0.031,0.0
3500,32Nvl_L1_NS,32NVL_NS,0.007,0.007
3500,32Mt_L2_EW,NONE,0.008,0.0
3500,NvcMt_L1_NS,NONE,0.011,0.0
3500,NvcMt_L1_EW,NVCMT_EW,0.028,0.028
3505,304Nvl_L1_EW,304NVL_EW,0.017,0.017
3505,304Nvl_L2_EW,304NVL_EW,0.015,0.015
3505,304Nvl_L1_NS,NONE,0.007,0.0
3505,32Nvl_L3_NS,NONE,0.007,0.0
3505,32Nvl_L1_NS,32NVL_NS,0.007,0.007
3505,32Nvl_L1_EW,32NVL_EW,0.035,0.03
3505,32Nvl_L2_EW,32NVL_EW,0.039,0.039
3505,NvcNvl_L1_EW,NVCNVL_EW,0.035,0.031
3505,NvcMt_L1_EW,NVCMT_EW,0.006,-0.018
3505,NvcMt_L2_EW,NVCMT_EW,0.013,0.013
3505,32Thn_L1_EW,32THN_EW,0.008,-0.017
3505,304Nvl_L3_EW,NONE,0.013,0.0
3505,32Nvl_L2_NS,32NVL_NS,0.007,0.007
3505,32Nvl_L3_EW,NONE,0.031,0.0
3505,32Nvl_L1_NS,32NVL_NS,0.007,0.007
3505,NvcMt_L2_EW,NVCMT_EW,0.008,0.008
3505,NvcMt_L1_EW,NVCMT_EW,0.028,0.003
3510,32Nvl_L1_NS,32NVL_NS,0.007,0.007
3510,32Nvl_L1_EW,32NVL_EW,0.035,0.035
3510,32Nvl_L2_EW,32NVL_EW,0.039,0.039
3510,32Mt_L1_NS,NONE,0.01,0.0
3510,NvcMt_L1_EW,NVCMT_EW,0.006,0.006
3510,NvcCmt8_L2_NS,NONE,0.011,0.0
3510,NvcCmt8_L1_NS,NONE,0.008,0.0
3510,32Nvl_L2_NS,32NVL_NS,0.007,0.007
3510,32Nvl_L3_EW,NONE,0.031,0.0
3510,32Nvl_L1_NS,32NVL_NS,0.007,0.007
3510,NvcMt_L2_EW,NVCMT_EW,0.008,0.008
3515,304Thn_L1_EW,304THN_EW,0.008,-0.004
3515,304Thn_L3_EW,NONE,0.008,0.0
3515,304Nvl_L1_NS,304NVL_NS,0.009,0.004
3515,304Nvl_L1_EW,304NVL_EW,0.017,0.011
3515,32Nvl_L3_NS,NONE,0.007,0.0
3515,32Nvl_L1_NS,32NVL_NS,0.007,0.001
3515,32Nvl_L1_EW,32NVL_EW,0.035,0.035
3515,32Nvl_L2_EW,32NVL_EW,0.039,0.039
3515,NvcMt_L1_EW,NVCMT_EW,0.013,0.013
3515,32Nvl_L2_NS,32NVL_NS,0.007,0.007
3515,32Nvl_L3_EW,NONE,0.031,0.0
3515,32Nvl_L1_NS,32NVL_NS,0.007,0.0
3515,NvcMt_L2_EW,NVCMT_EW,0.016,0.016
3515,304Thn_L2_EW,304THN_EW,0.007,0.007
3520,304Thn_L1_EW,304THN_EW,0.008,-0.004
3520,304Thn_L3_EW,NONE,0.008,0.0
3520,304Nvl_L1_NS,304NVL_NS,0.009,0.009
3520,304Nvl_L1_EW,304NVL_EW,0.017,0.011
3520,304Nvl_L2_EW,304NVL_EW,0.007,0.002
3520,304Nvl_L1_NS,NONE,0.007,0.0
3520,304Nvl_L3_NS,NONE,0.008,0.0
3520,32Nvl_L1_EW,32NVL_EW,0.035,0.035
3520,32Nvl_L2_EW,32NVL_EW,0.039,0.039
3520,NvcNvl_L3_NS,NONE,0.041,0.0
3520,NvcNvl_L2_NS,NONE,0.04,0.0
3520,32Mt_L1_EW,NONE,0.007,0.0
3520,32Mt_L3_EW,NONE,0.009,0.0
3520,NvcMt_L2_NS,NONE,0.005,0.0
3520,NvcCmt8_L2_NS,NONE,0.012,0.0
3520,304Nvl_L3_EW,NONE,0.006,0.0
3520,304Nvl_L2_NS,NONE,0.007,0.0
3520,32Nvl_L3_EW,NONE,0.031,0.0
3520,32Nvl_L1_NS,32NVL_NS,0.007,0.0
3520,NvcNvl_L1_NS,NONE,0.052,0.0
3520,32Mt_L2_EW,NONE,0.008,0.0
3520,NvcMt_L1_NS,NONE,0.005,0.0
3520,NvcMt_L2_EW,NVCMT_EW,0.008,0.008
3520,NvcCmt8_L1_NS,NONE,0.011,0.0
3520,304Thn_L2_EW,304THN_EW,0.007,0.002
3525,304Nvl_L1_NS,304NVL_NS,0.009,0.009
3525,32Nvl_L1_EW,32NVL_EW,0.035,0.035
3525,32Nvl_L2_EW,32NVL_EW,0.039,0.039
3525,NvcNvl_L3_NS,NONE,0.007,0.0
3525,NvcNvl_L2_NS,NONE,0.007,0.0
3525,32Mt_L1_EW,NONE,0.014,0.0
3525,32Mt_L3_EW,NONE,0.018,0.0
3525,32Thn_L1_EW,NONE,0.01,0.0
3525,32Thn_L2_EW,NONE,0.01,0.0
3525,32Thn_L3_EW,NONE,0.007,0.0
3525,32Nvl_L3_EW,NONE,0.031,0.0
3525,32Nvl_L1_NS,32NVL_NS,0.007,0.0
3525,NvcNvl_L1_NS,NONE,0.009,0.0
3525,32Mt_L2_EW,NONE,0.015,0.0
3530,304Thn_L1_EW,NONE,0.007,0.0
3530,304Nvl_L1_NS,304NVL_NS,0.009,0.004
3530,304Nvl_L1_EW,304NVL_EW,0.008,0.008
3530,32Nvl_L1_NS,32NVL_NS,0.007,0.001
3530,32Nvl_L1_EW,32NVL_EW,0.035,0.03
3530,32Nvl_L2_EW,32NVL_EW,0.039,0.039
3530,NvcNvl_L3_NS,NONE,0.007,0.0
3530,NvcNvl_L2_NS,NONE,0.007,0.0
3530,32Mt_L1_NS,32MT_NS,0.006,0.006
3530,32Mt_L1_NS,NONE,0.02,0.0
3530,32Thn_L1_EW,32THN_EW,0.008,-0.017
3530,32Nvl_L2_NS,32NVL_NS,0.007,0.007
3530,32Nvl_L3_EW,NONE,0.031,0.0
3530,NvcNvl_L1_NS,NONE,0.009,0.0
3530,32Mt_L2_NS,32MT_NS,0.006,0.006
3530,32Mt_L2_NS,NONE,0.009,0.0
3535,304Nvl_L1_NS,304NVL_NS,0.009,0.004
3535,32Nvl_L1_NS,32NVL_NS,0.007,0.001
3535,32Nvl_L1_EW,32NVL_EW,0.035,0.026
3535,32Nvl_L2_EW,32NVL_EW,0.039,0.035
3535,NvcNvl_L3_NS,NONE,0.007,0.0
3535,NvcNvl_L2_NS,NONE,0.007,0.0
3535,NvcNvl_L1_EW,NVCNVL_EW,0.007,0.007
3535,32Mt_L1_NS,32MT_NS,0.006,0.006
3535,32Mt_L1_EW,32MT_EW,0.014,-0.011
3535,32Nvl_L2_NS,32NVL_NS,0.007,0.007
3535,32Nvl_L3_EW,NONE,0.031,0.0
3535,NvcNvl_L1_NS,NONE,0.009,0.0
3535,32Mt_L2_EW,32MT_EW,0.005,-0.022
3540,304Nvl_L1_NS,304NVL_NS,0.009,0.009
3540,32Nvl_L1_EW,32NVL_EW,0.035,0.03
3540,32Nvl_L2_EW,32NVL_EW,0.039,0.035
3540,NvcNvl_L1_EW,NVCNVL_EW,0.007,0.007
3540,32Mt_L1_EW,NONE,0.014,0.0
3540,32Mt_L3_EW,NONE,0.009,0.0
3540,32Mt_L1_EW,32MT_EW,0.007,-0.018
3540,32Nvl_L3_EW,NONE,0.031,0.0
3540,32Mt_L2_EW,NONE,0.008,0.0
3540,32Mt_L2_EW,32MT_EW,0.005,-0.022
3545,304Nvl_L1_EW,304NVL_EW,0.042,0.042
3545,304Nvl_L2_EW,304NVL_EW,0.036,0.036
3545,32Nvl_L1_EW,32NVL_EW,0.035,0.026
3545,32Nvl_L2_EW,32NVL_EW,0.039,0.031
3545,32Nvl_L3_NS,NONE,0.008,0.0
3545,32Nvl_L2_NS,32NVL_NS,0.008,0.008
3545,NvcNvl_L1_EW,NVCNVL_EW,0.014,0.014
3545,NvcNvl_L2_EW,NVCNVL_EW,0.008,0.008
3545,32Mt_L1_NS,32MT_NS,0.006,0.006
3545,32Mt_L1_EW,32MT_EW,0.014,-0.011
3545,32Mt_L1_NS,NONE,0.01,0.0
3545,304Nvl_L3_EW,NONE,0.032,0.0
3545,32Nvl_L3_EW,NONE,0.031,0.0
3545,32Nvl_L1_NS,32NVL_NS,0.007,0.007
3545,NvcNvl_L3_EW,NONE,0.009,0.0
3545,32Mt_L2_EW,32MT_EW,0.011,-0.016
3545,32Mt_L2_NS,NONE,0.009,0.0
3550,304Nvl_L1_EW,304NVL_EW,0.085,0.085
3550,304Nvl_L2_EW,304NVL_EW,0.073,0.073
3550,32Nvl_L1_EW,32NVL_EW,0.035,0.03
3550,32Nvl_L2_EW,32NVL_EW,0.039,0.035
3550,NvcNvl_L3_NS,NONE,0.014,0.0
3550,NvcNvl_L2_NS,NONE,0.013,0.0
3550,32Mt_L1_NS,32MT_NS,0.006,0.006
3550,32Mt_L1_EW,NONE,0.007,0.0
3550,32Mt_L3_EW,NONE,0.009,0.0
3550,32Mt_L1_EW,32MT_EW,0.007,-0.018
3550,32Mt_L1_NS,NONE,0.02,0.0
3550,32Thn_L1_EW,NONE,0.01,0.0
3550,32Thn_L2_EW,NONE,0.01,0.0
3550,32Thn_L3_EW,NONE,0.007,0.0
3550,304Nvl_L3_EW,NONE,0.063,0.0
3550,32Nvl_L3_EW,NONE,0.031,0.0
3550,NvcNvl_L1_NS,NONE,0.017,0.0
3550,32Mt_L2_EW,NONE,0.008,0.0
3550,32Mt_L2_EW,32MT_EW,0.005,-0.022
3550,32Mt_L2_NS,NONE,0.009,0.0
3555,304Nvl_L1_EW,304NVL_EW,0.017,0.017
3555,304Nvl_L2_EW,304NVL_EW,0.015,0.015
3555,32Nvl_L1_EW,32NVL_EW,0.035,0.015
3555,32Nvl_L2_EW,32NVL_EW,0.039,0.027
3555,32Nvl_L3_NS,NONE,0.008,0.0
3555,32Nvl_L2_NS,32NVL_NS,0.008,0.008
3555,NvcNvl_L3_NS,NONE,0.007,0.0
3555,NvcNvl_L2_NS,NONE,0.007,0.0
3555,32Mt_L1_NS,32MT_NS,0.006,0.006
3555,32Mt_L1_EW,NONE,0.007,0.0
3555,32Mt_L3_EW,NONE,0.009,0.0
3555,32Mt_L1_EW,32MT_EW,0.021,-0.004
3555,32Thn_L1_EW,32THN_EW,0.008,-0.017
3555,304Nvl_L3_EW,NONE,0.013,0.0
3555,32Nvl_L3_EW,NONE,0.031,0.0
3555,32Nvl_L1_NS,32NVL_NS,0.007,0.007
3555,NvcNvl_L1_NS,NONE,0.009,0.0
3555,32Mt_L2_EW,NONE,0.008,0.0
3555,32Mt_L2_EW,32MT_EW,0.016,-0.011
3560,304Nvl_L1_NS,304NVL_NS,0.009,0.009
3560,304Nvl_L3_NS,NONE,0.007,0.0
3560,304Nvl_L1_EW,304NVL_EW,0.017,0.017
3560,304Nvl_L2_EW,304NVL_EW,0.015,0.015
3560,304Nvl_L1_NS,NONE,0.073,0.0
3560,32Nvl_L1_EW,32NVL_EW,0.035,0.026
3560,32Nvl_L2_EW,32NVL_EW,0.039,0.031
3560,NvcNvl_L1_EW,NONE,0.011,0.0
3560,NvcNvl_L1_EW,NVCNVL_EW,0.007,0.007
3560,32Mt_L1_EW,NONE,0.022,0.0
3560,32Mt_L3_EW,NONE,0.018,0.0
3560,32Mt_L1_EW,32MT_EW,0.014,-0.011
3560,304Nvl_L2_NS,304NVL_NS,0.008,0.008
3560,304Nvl_L3_EW,NONE,0.013,0.0
3560,32Nvl_L3_EW,NONE,0.031,0.0
3560,32Mt_L2_EW,NONE,0.015,0.0
3560,32Mt_L2_EW,32MT_EW,0.011,-0.016
3565,304Nvl_L1_NS,304NVL_NS,0.027,0.022
3565,304Nvl_L3_NS,NONE,0.022,0.0
3565,304Nvl_L1_EW,304NVL_EW,0.025,0.025
3565,304Nvl_L2_EW,304NVL_EW,0.022,0.022
3565,304Nvl_L1_NS,NONE,0.007,0.0
3565,32Nvl_L1_NS,32NVL_NS,0.007,-0.012
3565,32Nvl_L1_EW,32NVL_EW,0.05,0.045
3565,32Nvl_L2_EW,32NVL_EW,0.054,0.05
3565,NvcNvl_L1_EW,NONE,0.011,0.0
3565,32Mt_L1_EW,32MT_EW,0.007,-0.028
3565,NvcMt_L1_EW,NVCMT_EW,0.006,0.006
3565,NvcMt_L1_NS,NVCMT_NS,0.007,0.007
3565,304Nvl_L2_NS,304NVL_NS,0.023,0.023
3565,304Nvl_L3_EW,NONE,0.019,0.0
3565,32Nvl_L3_EW,NONE,0.044,0.0
3565,32Mt_L2_EW,32MT_EW,0.005,-0.032
3565,NvcMt_L2_EW,NVCMT_EW,0.008,0.008
3565,NvcMt_L2_NS,NVCMT_NS,0.005,0.005
3570,304Nvl_L1_NS,304NVL_NS,0.027,0.027
3570,304Nvl_L3_NS,NONE,0.022,0.0
3570,304Nvl_L1_EW,304NVL_EW,0.017,0.017
3570,304Nvl_L2_EW,304NVL_EW,0.015,0.015
3570,304Nvl_L1_NS,NONE,0.015,0.0
3570,32Nvl_L1_EW,32NVL_EW,0.007,0.002
3570,32Nvl_L2_EW,32NVL_EW,0.008,0.004
3570,NvcNvl_L3_NS,NONE,0.007,0.0
3570,NvcNvl_L2_NS,NONE,0.007,0.0
3570,32Mt_L1_EW,32MT_EW,0.007,0.002
3570,NvcMt_L1_NS,NVCMT_NS,0.007,0.007
3570,304Nvl_L2_NS,304NVL_NS,0.023,0.023
3570,304Nvl_L3_EW,NONE,0.013,0.0
3570,32Nvl_L3_EW,NONE,0.006,0.0
3570,NvcNvl_L1_NS,NONE,0.009,0.0
3570,32Mt_L2_EW,32MT_EW,0.005,0.0
3570,NvcMt_L2_NS,NVCMT_NS,0.005,0.005
3575,304Nvl_L1_NS,304NVL_NS,0.018,0.018
3575,304Nvl_L3_NS,NONE,0.015,0.0
3575,304Nvl_L1_EW,304NVL_EW,0.017,0.017
3575,304Nvl_L2_EW,304NVL_EW,0.015,0.015
3575,304Nvl_L1_NS,NONE,0.015,0.0
3575,NvcNvl_L3_NS,NONE,0.007,0.0
3575,NvcNvl_L2_NS,NONE,0.007,0.0
3575,NvcNvl_L1_EW,NVCNVL_EW,0.007,0.007
3575,NvcNvl_L2_EW,NVCNVL_EW,0.008,0.008
3575,32Mt_L1_EW,NONE,0.014,0.0
3575,32Mt_L3_EW,NONE,0.018,0.0
3575,NvcMt_L1_NS,NVCMT_NS,0.007,0.007
3575,304Nvl_L2_NS,304NVL_NS,0.015,0.015
3575,304Nvl_L3_EW,NONE,0.013,0.0
3575,32Nvl_L1_NS,32NVL_NS,0.04,0.028
3575,NvcNvl_L1_NS,NONE,0.009,0.0
3575,NvcNvl_L3_EW,NONE,0.009,0.0
3575,32Mt_L2_EW,NONE,0.015,0.0
3575,NvcMt_L2_NS,NVCMT_NS,0.005,0.005
3580,304Nvl_L1_NS,304NVL_NS,0.018,0.018
3580,304Nvl_L3_NS,NONE,0.015,0.0
3580,304Nvl_L1_EW,304NVL_EW,0.059,0.059
3580,304Nvl_L2_EW,304NVL_EW,0.036,0.036
3580,304Nvl_L1_NS,NONE,0.015,0.0
3580,NvcNvl_L1_EW,NONE,0.011,0.0
3580,NvcNvl_L2_EW,NONE,0.008,0.0
3580,32Mt_L1_NS,NONE,0.01,0.0
3580,NvcMt_L1_NS,NVCMT_NS,0.007,0.007
3580,304Nvl_L2_NS,304NVL_NS,0.015,0.015
3580,304Nvl_L3_EW,NONE,0.032,0.0
3580,32Nvl_L1_NS,32NVL_NS,0.04,0.028
3580,NvcMt_L2_NS,NVCMT_NS,0.005,0.005
3585,304Nvl_L1_NS,304NVL_NS,0.018,-0.006
3585,304Nvl_L3_NS,NONE,0.015,0.0
3585,304Nvl_L1_EW,304NVL_EW,0.008,0.008
3585,304Nvl_L1_NS,NONE,0.015,0.0
3585,304Nvl_L3_NS,NONE,0.008,0.0
3585,32Nvl_L3_NS,NONE,0.034,0.0
3585,32Nvl_L1_NS,32NVL_NS,0.035,0.022
3585,32Nvl_L3_NS,NONE,0.083,0.0
3585,32Nvl_L2_NS,32NVL_NS,0.079,0.068
3585,NvcNvl_L3_NS,NONE,0.007,0.0
3585,NvcNvl_L2_NS,NONE,0.007,0.0
3585,32Mt_L1_EW,NONE,0.007,0.0
3585,32Mt_L1_EW,32MT_EW,0.007,0.007
3585,NvcMt_L1_NS,NVCMT_NS,0.007,0.007
3585,304Nvl_L2_NS,304NVL_NS,0.015,-0.04
3585,304Nvl_L2_NS,NONE,0.007,0.0
3585,32Nvl_L2_NS,32NVL_NS,0.033,0.023
3585,32Nvl_L1_NS,32NVL_NS,0.101,0.088
3585,NvcNvl_L1_NS,NONE,0.009,0.0
3585,32Mt_L2_EW,NONE,0.008,0.0
3585,32Mt_L2_EW,32MT_EW,0.005,0.005
3585,NvcMt_L2_NS,NVCMT_NS,0.005,0.005
3590,304Nvl_L1_NS,NONE,0.036,0.0
3590,32Nvl_L3_NS,NONE,0.041,0.0
3590,32Nvl_L1_NS,32NVL_NS,0.076,0.076
3590,32Nvl_L3_NS,NONE,0.083,0.0
3590,32Nvl_L2_NS,32NVL_NS,0.079,0.079
3590,32Mt_L1_EW,32MT_EW,0.007,0.007
3590,32Nvl_L2_NS,32NVL_NS,0.073,0.073
3590,32Nvl_L1_NS,32NVL_NS,0.067,0.067
3595,304Nvl_L1_EW,NONE,0.008,0.0
3595,304Nvl_L2_EW,NONE,0.009,0.0
3595,32Nvl_L3_NS,NONE,0.007,0.0
3595,32Nvl_L1_NS,32NVL_NS,0.042,0.042
3595,32Nvl_L3_NS,NONE,0.083,0.0
3595,32Nvl_L2_NS,32NVL_NS,0.079,0.079
3595,NvcNvl_L1_EW,NONE,0.011,0.0
3595,NvcNvl_L2_EW,NONE,0.008,0.0
3595,32Mt_L1_EW,32MT_EW,0.007,0.007
3595,32Mt_L1_NS,NONE,0.02,0.0
3595,304Nvl_L3_EW,NONE,0.008,0.0
3595,32Nvl_L2_NS,32NVL_NS,0.04,0.04
3595,32Nvl_L1_NS,32NVL_NS,0.067,0.067
3595,NvcNvl_L3_EW,NONE,0.006,0.0
3595,32Mt_L2_NS,NONE,0.017,0.0
