Time_Seconds,Lane_ID,Phase_ID,Density_Phi,Pressure_W
40,NvcNvl_L1_EW,NVCNVL_EW,0.007,-0.015
40,NvcNvl_L2_EW,NVCNVL_EW,0.008,0.008
40,NvcMt_L1_EW,NVCMT_EW,0.032,0.027
40,NvcNvl_L3_EW,NONE,0.009,0.0
40,NvcMt_L2_EW,NVCMT_EW,0.04,0.034
45,NvcNvl_L1_EW,NVCNVL_EW,0.007,-0.015
45,NvcNvl_L2_EW,NVCNVL_EW,0.008,0.008
45,32Mt_L1_NS,32MT_NS,0.006,0.006
45,NvcMt_L1_EW,NVCMT_EW,0.032,0.027
45,NvcNvl_L3_EW,NONE,0.009,0.0
45,32Mt_L2_NS,32MT_NS,0.006,0.006
45,NvcMt_L2_EW,NVCMT_EW,0.04,0.034
50,NvcNvl_L1_EW,NVCNVL_EW,0.007,-0.015
50,NvcNvl_L2_EW,NVCNVL_EW,0.008,0.008
50,NvcMt_L1_EW,NVCMT_EW,0.032,0.027
50,NvcNvl_L3_EW,NONE,0.009,0.0
50,NvcMt_L2_EW,NVCMT_EW,0.04,0.034
55,NvcNvl_L1_EW,NVCNVL_EW,0.007,0.007
55,NvcNvl_L2_EW,NVCNVL_EW,0.008,0.008
55,32Mt_L1_NS,32MT_NS,0.031,0.031
55,32Mt_L1_EW,32MT_EW,0.007,0.007
55,NvcNvl_L3_EW,NONE,0.009,0.0
55,32Mt_L2_NS,32MT_NS,0.032,0.032
60,32Nvl_L1_EW,32NVL_EW,0.007,0.002
60,32Nvl_L2_EW,32NVL_EW,0.008,0.008
60,32Mt_L1_NS,32MT_NS,0.031,0.031
60,32Mt_L1_EW,32MT_EW,0.007,0.002
60,32Nvl_L3_EW,NONE,0.006,0.0
60,32Mt_L2_NS,32MT_NS,0.032,0.032
65,32Mt_L1_NS,32MT_NS,0.031,0.031
65,32Mt_L1_EW,32MT_EW,0.007,0.007
65,32Mt_L2_NS,32MT_NS,0.032,0.032
65,32Mt_L2_EW,32MT_EW,0.005,0.005
70,32Mt_L1_NS,32MT_NS,0.031,0.031
70,32Nvl_L1_NS,32NVL_NS,0.007,0.007
70,32Mt_L2_NS,32MT_NS,0.032,0.032
75,32Mt_L1_NS,32MT_NS,0.031,0.031
75,32Nvl_L1_NS,32NVL_NS,0.007,0.007
75,32Mt_L2_NS,32MT_NS,0.032,0.032
80,32Nvl_L1_NS,32NVL_NS,0.007,0.007
85,32Nvl_L3_NS,NONE,0.008,0.0
85,32Nvl_L2_NS,32NVL_NS,0.008,0.008
85,32Mt_L1_NS,NONE,0.049,0.0
85,32Thn_L1_EW,32THN_EW,0.008,0.008
85,32Thn_L2_EW,32THN_EW,0.008,0.008
85,32Thn_L3_EW,NONE,0.008,0.0
85,32Nvl_L1_NS,32NVL_NS,0.007,0.007
90,32Nvl_L3_NS,NONE,0.008,0.0
90,32Nvl_L2_NS,32NVL_NS,0.008,0.008
90,NvcMt_L2_NS,NONE,0.005,0.0
90,32Thn_L1_EW,NONE,0.01,0.0
90,32Nvl_L1_NS,32NVL_NS,0.007,0.007
90,NvcMt_L1_NS,NONE,0.005,0.0
95,304Nvl_L1_NS,304NVL_NS,0.009,0.009
95,304Nvl_L3_NS,NONE,0.007,0.0
95,32Nvl_L3_NS,NONE,0.017,0.0
95,32Nvl_L2_NS,32NVL_NS,0.016,0.01
95,NvcMt_L1_EW,NVCMT_EW,0.006,0.006
95,304Nvl_L2_NS,304NVL_NS,0.008,-0.003
95,32Nvl_L1_NS,32NVL_NS,0.013,0.007
95,NvcMt_L2_EW,NVCMT_EW,0.008,0.008
100,304Nvl_L1_NS,304NVL_NS,0.009,0.009
100,304Nvl_L3_NS,NONE,0.007,0.0
100,32Nvl_L3_NS,NONE,0.017,0.0
100,32Nvl_L2_NS,32NVL_NS,0.016,0.01
100,NvcMt_L1_NS,NVCMT_NS,0.007,0.007
100,304Nvl_L2_NS,304NVL_NS,0.008,-0.003
100,32Nvl_L1_NS,32NVL_NS,0.013,0.007
100,NvcMt_L2_NS,NVCMT_NS,0.005,0.005
105,304Nvl_L1_NS,304NVL_NS,0.009,0.009
105,304Nvl_L3_NS,NONE,0.007,0.0
105,32Nvl_L3_NS,NONE,0.017,0.0
105,32Nvl_L2_NS,32NVL_NS,0.016,0.01
105,NvcMt_L1_NS,NVCMT_NS,0.007,0.007
105,NvcCmt8_L2_EW,NVCCMT8_EW,0.005,0.005
105,304Nvl_L2_NS,304NVL_NS,0.008,-0.003
105,32Nvl_L1_NS,32NVL_NS,0.013,0.007
105,NvcMt_L2_NS,NVCMT_NS,0.005,0.005
105,NvcCmt8_L1_EW,NVCCMT8_EW,0.008,0.008
110,304Nvl_L1_NS,304NVL_NS,0.009,0.009
110,304Nvl_L3_NS,NONE,0.007,0.0
110,32Nvl_L3_NS,NONE,0.058,0.0
110,32Nvl_L2_NS,32NVL_NS,0.055,0.05
110,32Mt_L1_EW,32MT_EW,0.007,0.007
110,NvcMt_L1_NS,NVCMT_NS,0.007,0.007
110,304Nvl_L2_NS,304NVL_NS,0.008,-0.031
110,32Nvl_L1_NS,32NVL_NS,0.047,0.041
110,32Mt_L2_EW,32MT_EW,0.005,0.005
110,NvcMt_L2_NS,NVCMT_NS,0.005,0.005
115,32Nvl_L3_NS,NONE,0.042,0.0
115,32Nvl_L2_NS,32NVL_NS,0.039,0.039
115,NvcNvl_L3_NS,NONE,0.007,0.0
115,NvcNvl_L2_NS,NONE,0.007,0.0
115,32Mt_L1_NS,NONE,0.01,0.0
115,32Thn_L1_EW,32THN_EW,0.008,0.008
115,32Thn_L2_EW,32THN_EW,0.008,0.008
115,32Thn_L3_EW,NONE,0.008,0.0
115,32Nvl_L1_NS,32NVL_NS,0.034,0.034
115,NvcNvl_L1_NS,NONE,0.009,0.0
120,32Nvl_L1_EW,32NVL_EW,0.007,0.001
120,32Mt_L1_NS,32MT_NS,0.006,0.006
120,32Thn_L1_EW,32THN_EW,0.008,0.008
120,32Thn_L2_EW,32THN_EW,0.008,0.008
120,32Thn_L3_EW,NONE,0.008,0.0
120,32Mt_L2_NS,32MT_NS,0.006,0.006
125,304Nvl_L1_NS,NONE,0.007,0.0
125,32Nvl_L1_NS,32NVL_NS,0.035,0.035
125,NvcNvl_L3_NS,NONE,0.081,0.0
125,NvcNvl_L2_NS,NONE,0.079,0.0
125,32Mt_L1_NS,NONE,0.01,0.0
125,32Thn_L1_EW,32THN_EW,0.008,0.008
125,32Thn_L2_EW,32THN_EW,0.008,0.008
125,32Thn_L3_EW,NONE,0.008,0.0
125,NvcNvl_L1_NS,NONE,0.105,0.0
125,32Mt_L2_NS,NONE,0.009,0.0
125,NvcCmt8_L1_EW,NVCCMT8_EW,0.008,0.008
130,NvcNvl_L3_NS,NONE,0.007,0.0
130,NvcNvl_L2_NS,NONE,0.007,0.0
130,32Mt_L1_EW,32MT_EW,0.007,0.007
130,NvcMt_L1_EW,NVCMT_EW,0.006,0.001
130,NvcCmt8_L2_EW,NVCCMT8_EW,0.005,0.005
130,32Thn_L1_EW,NONE,0.01,0.0
130,32Thn_L1_EW,32THN_EW,0.008,0.008
130,32Thn_L2_EW,32THN_EW,0.008,0.008
130,32Thn_L3_EW,NONE,0.008,0.0
130,NvcNvl_L1_NS,NONE,0.009,0.0
130,NvcMt_L2_EW,NVCMT_EW,0.008,0.004
130,NvcCmt8_L1_EW,NVCCMT8_EW,0.008,0.003
135,32Mt_L1_EW,32MT_EW,0.014,0.014
135,NvcCmt8_L2_EW,NVCCMT8_EW,0.005,0.005
135,32Thn_L1_EW,NONE,0.01,0.0
135,32Thn_L1_EW,32THN_EW,0.016,0.016
135,32Thn_L2_EW,32THN_EW,0.017,0.017
135,32Thn_L3_EW,NONE,0.016,0.0
135,32Mt_L2_EW,32MT_EW,0.005,0.005
135,NvcCmt8_L1_EW,NVCCMT8_EW,0.008,0.008
140,32Nvl_L1_EW,32NVL_EW,0.007,-0.009
140,32Nvl_L2_EW,32NVL_EW,0.007,-0.006
140,32Mt_L1_EW,32MT_EW,0.014,0.014
140,32Thn_L1_EW,NONE,0.019,0.0
140,32Thn_L1_EW,32THN_EW,0.008,0.008
140,32Thn_L2_EW,32THN_EW,0.008,0.008
140,32Thn_L3_EW,NONE,0.008,0.0
140,32Nvl_L3_EW,NONE,0.006,0.0
140,32Mt_L2_EW,32MT_EW,0.011,0.011
145,32Nvl_L1_EW,32NVL_EW,0.007,-0.004
145,32Nvl_L2_EW,32NVL_EW,0.007,-0.002
145,32Nvl_L3_NS,NONE,0.008,0.0
145,32Nvl_L2_NS,32NVL_NS,0.008,0.008
145,NvcNvl_L3_NS,NONE,0.007,0.0
145,NvcNvl_L2_NS,NONE,0.007,0.0
145,32Mt_L1_EW,32MT_EW,0.007,0.007
145,32Thn_L1_EW,NONE,0.01,0.0
145,32Thn_L1_EW,32THN_EW,0.008,0.008
145,32Thn_L2_EW,32THN_EW,0.008,0.008
145,32Thn_L3_EW,NONE,0.008,0.0
145,32Nvl_L3_EW,NONE,0.006,0.0
145,32Nvl_L1_NS,32NVL_NS,0.007,0.007
145,NvcNvl_L1_NS,NONE,0.009,0.0
145,32Mt_L2_EW,32MT_EW,0.005,0.005
145,NvcCmt8_L1_EW,NONE,0.006,0.0
150,304Nvl_L1_NS,NONE,0.036,0.0
150,304Nvl_L3_NS,NONE,0.04,0.0
150,32Nvl_L3_NS,NONE,0.007,0.0
150,32Nvl_L1_NS,32NVL_NS,0.007,0.007
150,32Nvl_L1_EW,32NVL_EW,0.007,0.002
150,32Nvl_L2_EW,32NVL_EW,0.007,0.004
150,32Mt_L1_EW,32MT_EW,0.007,0.007
150,NvcMt_L2_NS,NONE,0.005,0.0
150,32Thn_L1_EW,NONE,0.01,0.0
150,304Nvl_L2_NS,NONE,0.037,0.0
150,32Nvl_L2_NS,32NVL_NS,0.007,0.007
150,32Nvl_L3_EW,NONE,0.006,0.0
150,32Mt_L2_EW,32MT_EW,0.005,0.005
150,NvcMt_L1_NS,NONE,0.005,0.0
155,304Nvl_L1_EW,304NVL_EW,0.008,0.008
155,304Nvl_L2_EW,304NVL_EW,0.007,0.007
155,32Nvl_L1_EW,32NVL_EW,0.007,0.002
155,32Nvl_L2_EW,32NVL_EW,0.007,0.004
155,32Mt_L1_EW,32MT_EW,0.007,0.007
155,NvcMt_L2_NS,NONE,0.063,0.0
155,32Thn_L1_EW,NONE,0.01,0.0
155,304Nvl_L3_EW,NONE,0.006,0.0
155,32Nvl_L3_EW,NONE,0.006,0.0
155,32Mt_L2_EW,32MT_EW,0.005,0.005
155,NvcMt_L1_NS,NONE,0.066,0.0
160,304Nvl_L1_EW,304NVL_EW,0.008,0.008
160,304Nvl_L2_EW,304NVL_EW,0.007,0.007
160,32Nvl_L1_EW,32NVL_EW,0.007,0.002
160,32Nvl_L2_EW,32NVL_EW,0.007,0.004
160,32Mt_L1_EW,32MT_EW,0.007,0.007
160,NvcMt_L2_NS,NONE,0.063,0.0
160,304Nvl_L3_EW,NONE,0.006,0.0
160,32Nvl_L3_EW,NONE,0.006,0.0
160,32Nvl_L1_NS,32NVL_NS,0.007,0.007
160,32Mt_L2_EW,32MT_EW,0.005,0.005
160,NvcMt_L1_NS,NONE,0.066,0.0
165,304Nvl_L1_EW,304NVL_EW,0.051,0.051
165,304Nvl_L2_EW,304NVL_EW,0.007,0.007
165,32Nvl_L1_EW,32NVL_EW,0.007,0.002
165,32Nvl_L2_EW,32NVL_EW,0.007,0.004
165,32Mt_L1_EW,32MT_EW,0.007,0.007
165,304Nvl_L3_EW,NONE,0.006,0.0
165,32Nvl_L3_EW,NONE,0.006,0.0
165,32Nvl_L1_NS,32NVL_NS,0.007,0.007
165,32Mt_L2_EW,32MT_EW,0.005,0.005
170,304Nvl_L1_EW,304NVL_EW,0.051,0.051
170,304Nvl_L2_EW,304NVL_EW,0.007,0.007
170,32Thn_L1_EW,NONE,0.01,0.0
170,32Thn_L2_EW,NONE,0.01,0.0
170,32Thn_L3_EW,NONE,0.007,0.0
170,304Nvl_L3_EW,NONE,0.006,0.0
175,304Nvl_L1_EW,304NVL_EW,0.008,0.008
175,304Nvl_L2_EW,304NVL_EW,0.007,0.007
175,NvcNvl_L1_EW,NVCNVL_EW,0.007,0.007
175,NvcNvl_L2_EW,NVCNVL_EW,0.008,0.008
175,NvcMt_L2_NS,NONE,0.005,0.0
175,NvcMt_L1_NS,NVCMT_NS,0.007,0.007
175,32Thn_L1_EW,32THN_EW,0.016,0.016
175,32Thn_L2_EW,32THN_EW,0.008,0.008
175,32Thn_L3_EW,NONE,0.008,0.0
175,304Nvl_L3_EW,NONE,0.006,0.0
175,NvcNvl_L3_EW,NONE,0.009,0.0
175,NvcMt_L1_NS,NONE,0.005,0.0
175,NvcMt_L2_NS,NVCMT_NS,0.005,0.005
180,304Nvl_L1_EW,304NVL_EW,0.017,0.017
180,304Nvl_L2_EW,304NVL_EW,0.015,0.015
180,32Mt_L1_EW,NONE,0.007,0.0
180,NvcMt_L2_NS,NONE,0.005,0.0
180,NvcMt_L1_NS,NVCMT_NS,0.007,0.007
180,32Thn_L1_EW,NONE,0.01,0.0
180,304Nvl_L3_EW,NONE,0.013,0.0
180,NvcMt_L1_NS,NONE,0.005,0.0
180,NvcMt_L2_NS,NVCMT_NS,0.005,0.005
185,32Nvl_L3_NS,NONE,0.008,0.0
185,32Nvl_L2_NS,32NVL_NS,0.008,0.008
185,NvcNvl_L1_EW,NONE,0.021,0.0
185,NvcNvl_L2_EW,NONE,0.015,0.0
185,32Mt_L1_NS,NONE,0.049,0.0
185,NvcMt_L1_NS,NVCMT_NS,0.007,0.007
185,32Thn_L1_EW,NONE,0.01,0.0
185,32Nvl_L1_NS,32NVL_NS,0.007,0.007
185,NvcNvl_L3_EW,NONE,0.006,0.0
185,32Mt_L2_NS,NONE,0.043,0.0
185,NvcMt_L2_NS,NVCMT_NS,0.005,0.005
190,304Nvl_L1_NS,NONE,0.015,0.0
190,32Nvl_L3_NS,NONE,0.008,0.0
190,32Nvl_L2_NS,32NVL_NS,0.008,0.008
190,32Mt_L1_NS,32MT_NS,0.031,0.027
190,NvcMt_L2_NS,NONE,0.005,0.0
190,NvcMt_L1_NS,NVCMT_NS,0.007,-0.015
190,32Nvl_L1_NS,32NVL_NS,0.007,0.007
190,NvcMt_L1_NS,NONE,0.005,0.0
190,NvcMt_L2_NS,NVCMT_NS,0.005,0.005
195,304Nvl_L1_NS,NONE,0.007,0.0
195,32Nvl_L3_NS,NONE,0.008,0.0
195,32Nvl_L2_NS,32NVL_NS,0.008,0.008
195,32Mt_L1_NS,32MT_NS,0.031,0.027
195,NvcMt_L1_NS,NVCMT_NS,0.007,-0.015
195,32Nvl_L1_NS,32NVL_NS,0.007,0.007
195,NvcMt_L2_NS,NVCMT_NS,0.005,0.005
200,32Nvl_L1_EW,32NVL_EW,0.013,0.013
200,32Nvl_L2_EW,32NVL_EW,0.015,0.015
200,32Nvl_L3_NS,NONE,0.008,0.0
200,32Nvl_L2_NS,32NVL_NS,0.008,0.008
200,NvcNvl_L3_NS,NONE,0.034,0.0
200,NvcNvl_L2_NS,NONE,0.033,0.0
200,32Mt_L1_NS,32MT_NS,0.031,0.027
200,NvcMt_L1_NS,NVCMT_NS,0.007,-0.015
200,32Nvl_L3_EW,NONE,0.012,0.0
200,32Nvl_L1_NS,32NVL_NS,0.007,0.007
200,NvcNvl_L1_NS,NONE,0.044,0.0
200,NvcMt_L2_NS,NVCMT_NS,0.005,0.005
205,32Nvl_L1_EW,32NVL_EW,0.007,0.007
205,32Nvl_L2_EW,32NVL_EW,0.007,0.007
205,32Nvl_L3_NS,NONE,0.008,0.0
205,32Nvl_L2_NS,32NVL_NS,0.008,0.008
205,NvcNvl_L2_NS,NONE,0.033,0.0
205,NvcNvl_L1_EW,NONE,0.011,0.0
205,NvcNvl_L2_EW,NONE,0.008,0.0
205,NvcNvl_L1_EW,NVCNVL_EW,0.007,0.007
205,NvcNvl_L2_EW,NVCNVL_EW,0.008,0.008
205,NvcMt_L1_NS,NVCMT_NS,0.007,0.007
205,32Nvl_L3_EW,NONE,0.006,0.0
205,32Nvl_L1_NS,32NVL_NS,0.007,0.007
205,NvcNvl_L1_NS,NONE,0.044,0.0
205,NvcNvl_L3_EW,NONE,0.006,0.0
205,NvcNvl_L3_EW,NONE,0.009,0.0
205,NvcMt_L2_NS,NVCMT_NS,0.005,0.005
210,32Nvl_L1_EW,32NVL_EW,0.007,0.007
210,32Nvl_L2_EW,32NVL_EW,0.007,0.007
210,32Nvl_L3_NS,NONE,0.008,0.0
210,32Nvl_L2_NS,32NVL_NS,0.008,0.008
210,NvcNvl_L3_NS,NONE,0.007,0.0
210,NvcNvl_L2_NS,NONE,0.007,0.0
210,32Mt_L1_NS,NONE,0.01,0.0
210,NvcMt_L1_NS,NVCMT_NS,0.007,0.007
210,32Nvl_L3_EW,NONE,0.006,0.0
210,32Nvl_L1_NS,32NVL_NS,0.007,0.007
210,NvcNvl_L1_NS,NONE,0.009,0.0
210,32Mt_L2_NS,NONE,0.009,0.0
210,NvcMt_L2_NS,NVCMT_NS,0.005,0.005
215,304Nvl_L1_EW,304NVL_EW,0.008,0.008
215,304Nvl_L2_EW,304NVL_EW,0.007,0.007
215,32Nvl_L3_NS,NONE,0.014,0.0
215,32Nvl_L1_NS,32NVL_NS,0.014,0.014
215,32Nvl_L3_NS,NONE,0.008,0.0
215,32Nvl_L2_NS,32NVL_NS,0.008,0.008
215,NvcNvl_L1_EW,NVCNVL_EW,0.007,0.007
215,32Mt_L1_NS,NONE,0.01,0.0
215,NvcMt_L2_EW,NVCMT_EW,0.003,0.003
215,NvcMt_L1_NS,NVCMT_NS,0.007,0.007
215,304Nvl_L3_EW,NONE,0.006,0.0
215,32Nvl_L2_NS,32NVL_NS,0.013,0.013
215,32Nvl_L1_NS,32NVL_NS,0.007,0.007
215,32Mt_L2_NS,NONE,0.009,0.0
215,NvcMt_L1_EW,NVCMT_EW,0.006,0.001
215,NvcMt_L2_NS,NVCMT_NS,0.005,0.005
220,304Nvl_L1_EW,304NVL_EW,0.008,0.008
220,304Nvl_L2_EW,304NVL_EW,0.007,0.007
220,32Nvl_L3_NS,NONE,0.007,0.0
220,32Nvl_L1_NS,32NVL_NS,0.014,0.014
220,32Nvl_L3_NS,NONE,0.008,0.0
220,32Nvl_L2_NS,32NVL_NS,0.008,0.008
220,NvcNvl_L1_EW,NONE,0.011,0.0
220,NvcNvl_L2_EW,NONE,0.008,0.0
220,32Mt_L1_NS,32MT_NS,0.006,0.001
220,NvcMt_L2_NS,NONE,0.032,0.0
220,NvcMt_L1_NS,NVCMT_NS,0.007,0.002
220,304Nvl_L3_EW,NONE,0.006,0.0
220,32Nvl_L2_NS,32NVL_NS,0.013,0.013
220,32Nvl_L1_NS,32NVL_NS,0.013,0.013
220,NvcMt_L1_NS,NONE,0.033,0.0
220,NvcMt_L2_NS,NVCMT_NS,0.005,0.005
225,304Nvl_L1_EW,304NVL_EW,0.008,0.008
225,32Nvl_L3_NS,NONE,0.014,0.0
225,32Nvl_L1_NS,32NVL_NS,0.021,0.021
225,32Nvl_L3_NS,NONE,0.017,0.0
225,32Nvl_L2_NS,32NVL_NS,0.016,0.016
225,32Mt_L1_NS,32MT_NS,0.013,0.008
225,NvcMt_L2_NS,NONE,0.005,0.0
225,NvcMt_L1_EW,NVCMT_EW,0.006,0.006
225,NvcMt_L1_NS,NVCMT_NS,0.007,-0.002
225,32Nvl_L2_NS,32NVL_NS,0.02,0.02
225,32Nvl_L1_NS,32NVL_NS,0.02,0.02
225,NvcMt_L1_NS,NONE,0.005,0.0
225,NvcMt_L2_EW,NVCMT_EW,0.008,0.008
225,NvcMt_L2_NS,NVCMT_NS,0.005,0.005
230,304Nvl_L1_NS,NONE,0.007,0.0
230,32Nvl_L3_NS,NONE,0.007,0.0
230,32Nvl_L1_NS,32NVL_NS,0.021,0.021
230,32Nvl_L3_NS,NONE,0.008,0.0
230,32Nvl_L2_NS,32NVL_NS,0.008,0.008
230,NvcNvl_L1_EW,NONE,0.011,0.0
230,NvcNvl_L2_EW,NONE,0.008,0.0
230,32Mt_L1_NS,32MT_NS,0.006,0.006
230,NvcMt_L1_EW,NVCMT_EW,0.006,0.006
230,32Nvl_L2_NS,32NVL_NS,0.02,0.02
230,32Nvl_L1_NS,32NVL_NS,0.007,0.007
230,NvcNvl_L3_EW,NONE,0.006,0.0
230,NvcMt_L2_EW,NVCMT_EW,0.008,0.008
235,304Nvl_L1_EW,304NVL_EW,0.042,0.042
235,304Nvl_L2_EW,304NVL_EW,0.036,0.036
235,32Nvl_L1_NS,32NVL_NS,0.007,0.007
235,NvcNvl_L3_NS,NONE,0.007,0.0
235,NvcNvl_L2_NS,NONE,0.007,0.0
235,32Mt_L1_EW,NONE,0.007,0.0
235,32Mt_L3_EW,NONE,0.009,0.0
235,NvcMt_L1_EW,NVCMT_EW,0.006,0.006
235,304Nvl_L3_EW,NONE,0.032,0.0
235,NvcNvl_L1_NS,NONE,0.009,0.0
235,32Mt_L2_EW,NONE,0.008,0.0
235,NvcMt_L2_EW,NVCMT_EW,0.048,0.048
240,304Nvl_L1_EW,304NVL_EW,0.042,0.042
240,304Nvl_L2_EW,304NVL_EW,0.036,0.036
240,32Nvl_L3_NS,NONE,0.008,0.0
240,32Nvl_L2_NS,32NVL_NS,0.008,0.008
240,NvcMt_L1_EW,NVCMT_EW,0.006,0.006
240,32Thn_L1_EW,32THN_EW,0.008,0.008
240,32Thn_L2_EW,32THN_EW,0.008,0.008
240,32Thn_L3_EW,NONE,0.008,0.0
240,304Nvl_L3_EW,NONE,0.032,0.0
240,32Nvl_L1_NS,32NVL_NS,0.007,0.007
240,NvcMt_L2_EW,NVCMT_EW,0.008,0.008
245,304Nvl_L1_EW,304NVL_EW,0.042,0.042
245,304Nvl_L2_EW,304NVL_EW,0.036,0.036
245,32Nvl_L1_EW,32NVL_EW,0.007,-0.004
245,32Nvl_L2_EW,32NVL_EW,0.007,0.002
245,32Nvl_L3_NS,NONE,0.1,0.0
245,32Nvl_L2_NS,32NVL_NS,0.095,0.095
245,32Mt_L1_EW,32MT_EW,0.007,0.007
245,32Thn_L1_EW,32THN_EW,0.008,0.008
245,32Thn_L2_EW,32THN_EW,0.008,0.008
245,32Thn_L3_EW,NONE,0.008,0.0
245,304Nvl_L3_EW,NONE,0.032,0.0
245,32Nvl_L3_EW,NONE,0.006,0.0
245,32Nvl_L1_NS,32NVL_NS,0.087,0.087
250,304Nvl_L1_EW,304NVL_EW,0.042,0.042
250,304Nvl_L2_EW,304NVL_EW,0.036,0.036
250,32Nvl_L1_EW,32NVL_EW,0.007,0.002
250,32Nvl_L2_EW,32NVL_EW,0.007,0.004
250,32Mt_L1_EW,32MT_EW,0.007,0.007
250,NvcMt_L2_NS,NONE,0.005,0.0
250,NvcMt_L2_EW,NVCMT_EW,0.003,0.003
250,32Thn_L1_EW,NONE,0.01,0.0
250,304Nvl_L3_EW,NONE,0.032,0.0
250,32Nvl_L3_EW,NONE,0.006,0.0
250,32Nvl_L1_NS,32NVL_NS,0.02,0.02
250,32Mt_L2_EW,32MT_EW,0.005,0.005
250,NvcMt_L1_NS,NONE,0.005,0.0
250,NvcMt_L1_EW,NVCMT_EW,0.006,0.006
255,304Nvl_L1_EW,304NVL_EW,0.051,0.051
255,304Nvl_L2_EW,304NVL_EW,0.044,0.044
255,32Nvl_L1_NS,32NVL_NS,0.007,0.007
255,32Nvl_L1_EW,32NVL_EW,0.007,0.002
255,32Nvl_L2_EW,32NVL_EW,0.007,0.004
255,NvcNvl_L3_NS,NONE,0.034,0.0
255,NvcNvl_L2_NS,NONE,0.033,0.0
255,32Mt_L1_EW,32MT_EW,0.007,0.007
255,NvcMt_L2_EW,NVCMT_EW,0.003,0.003
255,32Thn_L1_EW,NONE,0.01,0.0
255,304Nvl_L3_EW,NONE,0.038,0.0
255,32Nvl_L2_NS,32NVL_NS,0.007,0.007
255,32Nvl_L3_EW,NONE,0.006,0.0
255,32Nvl_L1_NS,32NVL_NS,0.007,0.007
255,NvcNvl_L1_NS,NONE,0.044,0.0
255,32Mt_L2_EW,32MT_EW,0.005,0.005
255,NvcMt_L1_EW,NVCMT_EW,0.006,0.006
260,304Nvl_L1_EW,304NVL_EW,0.059,0.059
260,304Nvl_L2_EW,304NVL_EW,0.051,0.051
260,32Nvl_L1_EW,32NVL_EW,0.007,-0.004
260,32Nvl_L2_EW,32NVL_EW,0.007,0.002
260,32Nvl_L3_NS,NONE,0.008,0.0
260,32Nvl_L2_NS,32NVL_NS,0.008,0.008
260,32Mt_L1_EW,32MT_EW,0.007,0.007
260,32Mt_L1_NS,NONE,0.059,0.0
260,NvcMt_L2_EW,NVCMT_EW,0.003,0.003
260,NvcCmt8_L2_NS,NONE,0.011,0.0
260,32Thn_L1_EW,32THN_EW,0.008,0.008
260,32Thn_L2_EW,32THN_EW,0.008,0.008
260,NvcCmt8_L1_NS,NONE,0.008,0.0
260,32Thn_L3_EW,NONE,0.008,0.0
260,304Nvl_L3_EW,NONE,0.044,0.0
260,32Nvl_L3_EW,NONE,0.006,0.0
260,32Nvl_L1_NS,32NVL_NS,0.013,0.013
260,32Mt_L2_NS,NONE,0.052,0.0
260,NvcMt_L1_EW,NVCMT_EW,0.006,0.006
265,304Nvl_L1_EW,304NVL_EW,0.051,0.051
265,304Nvl_L2_EW,304NVL_EW,0.044,0.044
265,304Nvl_L1_NS,NONE,0.007,0.0
265,304Nvl_L3_NS,NONE,0.008,0.0
265,32Nvl_L1_EW,32NVL_EW,0.007,-0.009
265,32Nvl_L2_EW,32NVL_EW,0.007,-0.006
265,32Mt_L1_EW,NONE,0.036,0.0
265,32Mt_L1_EW,32MT_EW,0.014,0.014
265,NvcMt_L2_EW,NVCMT_EW,0.003,0.003
265,32Thn_L1_EW,32THN_EW,0.008,0.008
265,32Thn_L2_EW,32THN_EW,0.008,0.008
265,32Thn_L3_EW,NONE,0.008,0.0
265,304Nvl_L3_EW,NONE,0.038,0.0
265,304Nvl_L2_NS,NONE,0.007,0.0
265,32Nvl_L3_EW,NONE,0.006,0.0
265,32Mt_L2_EW,32MT_EW,0.011,0.011
265,NvcMt_L1_EW,NVCMT_EW,0.006,0.006
270,304Nvl_L1_EW,304NVL_EW,0.051,0.051
270,304Nvl_L2_EW,304NVL_EW,0.044,0.044
270,304Nvl_L1_NS,NONE,0.007,0.0
270,32Nvl_L1_EW,32NVL_EW,0.007,-0.014
270,32Nvl_L2_EW,32NVL_EW,0.007,-0.006
270,32Mt_L1_EW,32MT_EW,0.021,0.021
270,32Mt_L1_NS,NONE,0.01,0.0
270,NvcMt_L2_EW,NVCMT_EW,0.003,0.003
270,32Thn_L1_EW,32THN_EW,0.008,0.008
270,32Thn_L2_EW,32THN_EW,0.008,0.008
270,32Thn_L3_EW,NONE,0.008,0.0
270,304Nvl_L3_EW,NONE,0.038,0.0
270,32Nvl_L3_EW,NONE,0.006,0.0
270,32Nvl_L1_NS,32NVL_NS,0.081,0.081
270,32Mt_L2_EW,32MT_EW,0.011,0.011
270,32Mt_L2_NS,NONE,0.009,0.0
270,NvcMt_L1_EW,NVCMT_EW,0.006,0.006
275,304Nvl_L1_NS,304NVL_NS,0.009,0.009
275,304Nvl_L3_NS,NONE,0.007,0.0
275,304Nvl_L1_EW,304NVL_EW,0.059,0.059
275,304Nvl_L2_EW,304NVL_EW,0.044,0.044
275,32Nvl_L1_EW,32NVL_EW,0.007,-0.003
275,32Nvl_L2_EW,32NVL_EW,0.007,0.0
275,32Nvl_L3_NS,NONE,0.017,0.0
275,32Nvl_L2_NS,32NVL_NS,0.016,0.01
275,32Mt_L1_EW,32MT_EW,0.014,0.014
275,32Thn_L1_EW,NONE,0.01,0.0
275,304Nvl_L2_NS,304NVL_NS,0.008,-0.003
275,304Nvl_L3_EW,NONE,0.038,0.0
275,32Nvl_L3_EW,NONE,0.006,0.0
275,32Nvl_L1_NS,32NVL_NS,0.094,0.088
275,32Mt_L2_EW,32MT_EW,0.011,0.011
280,304Nvl_L1_EW,304NVL_EW,0.068,0.068
280,304Nvl_L2_EW,304NVL_EW,0.051,0.051
280,32Nvl_L1_EW,32NVL_EW,0.007,-0.008
280,32Nvl_L2_EW,32NVL_EW,0.007,0.0
280,32Mt_L1_EW,32MT_EW,0.021,0.021
280,32Thn_L1_EW,NONE,0.01,0.0
280,304Nvl_L3_EW,NONE,0.044,0.0
280,32Nvl_L3_EW,NONE,0.006,0.0
280,32Mt_L2_EW,32MT_EW,0.011,0.011
285,304Nvl_L1_NS,NONE,0.007,0.0
285,32Nvl_L3_NS,NONE,0.008,0.0
285,32Nvl_L2_NS,32NVL_NS,0.008,0.008
285,NvcNvl_L3_NS,NONE,0.014,0.0
285,NvcNvl_L2_NS,NONE,0.013,0.0
285,32Mt_L1_EW,32MT_EW,0.014,0.014
285,32Thn_L1_EW,NONE,0.01,0.0
285,32Nvl_L1_NS,32NVL_NS,0.007,0.007
285,NvcNvl_L1_NS,NONE,0.017,0.0
285,32Mt_L2_EW,32MT_EW,0.011,0.011
290,304Nvl_L1_NS,NONE,0.036,0.0
290,32Nvl_L1_NS,32NVL_NS,0.007,0.007
290,32Nvl_L3_NS,NONE,0.05,0.0
290,32Nvl_L2_NS,32NVL_NS,0.047,0.047
290,NvcNvl_L3_NS,NONE,0.007,0.0
290,NvcNvl_L2_NS,NONE,0.007,0.0
290,32Mt_L1_EW,NONE,0.007,0.0
290,32Mt_L3_EW,NONE,0.009,0.0
290,32Mt_L1_EW,32MT_EW,0.007,0.007
290,32Nvl_L1_NS,32NVL_NS,0.04,0.04
290,NvcNvl_L1_NS,NONE,0.009,0.0
290,32Mt_L2_EW,NONE,0.008,0.0
295,304Nvl_L1_NS,NONE,0.036,0.0
295,32Nvl_L3_NS,NONE,0.007,0.0
295,32Nvl_L1_NS,32NVL_NS,0.014,0.014
295,32Nvl_L1_EW,32NVL_EW,0.007,0.007
295,32Nvl_L2_EW,32NVL_EW,0.008,0.008
295,32Nvl_L3_NS,NONE,0.05,0.0
295,32Nvl_L2_NS,32NVL_NS,0.047,0.047
295,32Nvl_L2_NS,32NVL_NS,0.007,0.007
295,32Nvl_L3_EW,NONE,0.006,0.0
295,32Nvl_L1_NS,32NVL_NS,0.04,0.04
300,32Nvl_L1_NS,32NVL_NS,0.007,0.007
300,32Nvl_L3_NS,NONE,0.05,0.0
300,32Nvl_L2_NS,32NVL_NS,0.047,0.047
300,NvcNvl_L1_EW,NVCNVL_EW,0.007,0.007
300,32Mt_L1_NS,32MT_NS,0.006,0.006
300,32Nvl_L2_NS,32NVL_NS,0.007,0.007
300,32Nvl_L1_NS,32NVL_NS,0.047,0.047
305,32Nvl_L1_NS,32NVL_NS,0.007,0.007
305,32Nvl_L3_NS,NONE,0.058,0.0
305,32Nvl_L2_NS,32NVL_NS,0.055,0.055
305,32Mt_L1_NS,32MT_NS,0.006,0.006
305,32Nvl_L2_NS,32NVL_NS,0.007,0.007
305,32Nvl_L1_NS,32NVL_NS,0.054,0.054
310,32Nvl_L3_NS,NONE,0.007,0.0
310,32Nvl_L1_NS,32NVL_NS,0.014,0.014
310,32Nvl_L1_EW,32NVL_EW,0.007,0.007
310,32Nvl_L2_EW,32NVL_EW,0.007,0.007
310,32Nvl_L3_NS,NONE,0.167,0.0
310,32Nvl_L2_NS,32NVL_NS,0.158,0.158
310,32Mt_L1_NS,32MT_NS,0.006,0.006
310,32Mt_L1_NS,NONE,0.01,0.0
310,32Nvl_L2_NS,32NVL_NS,0.013,0.013
310,32Nvl_L3_EW,NONE,0.006,0.0
310,32Nvl_L1_NS,32NVL_NS,0.141,0.141
310,32Mt_L2_NS,NONE,0.009,0.0
315,304Nvl_L1_EW,304NVL_EW,0.008,0.008
315,304Nvl_L2_EW,304NVL_EW,0.007,0.007
315,32Nvl_L3_NS,NONE,0.007,0.0
315,32Nvl_L1_NS,32NVL_NS,0.014,0.014
315,32Nvl_L3_NS,NONE,0.167,0.0
315,32Nvl_L2_NS,32NVL_NS,0.158,0.158
315,NvcNvl_L2_NS,NONE,0.033,0.0
315,NvcNvl_L1_EW,NONE,0.011,0.0
315,NvcNvl_L2_EW,NONE,0.008,0.0
315,32Mt_L1_EW,NONE,0.007,0.0
315,304Nvl_L3_EW,NONE,0.006,0.0
315,32Nvl_L2_NS,32NVL_NS,0.013,0.013
315,32Nvl_L1_NS,32NVL_NS,0.134,0.134
315,NvcNvl_L1_NS,NONE,0.044,0.0
315,NvcNvl_L3_EW,NONE,0.006,0.0
320,32Nvl_L3_NS,NONE,0.055,0.0
320,32Nvl_L1_NS,32NVL_NS,0.062,0.062
320,32Nvl_L3_NS,NONE,0.167,0.0
320,32Nvl_L2_NS,32NVL_NS,0.158,0.158
320,NvcNvl_L3_NS,NONE,0.068,0.0
320,NvcNvl_L2_NS,NONE,0.066,0.0
320,32Nvl_L2_NS,32NVL_NS,0.06,0.06
320,32Nvl_L1_NS,32NVL_NS,0.134,0.134
320,NvcNvl_L1_NS,NONE,0.087,0.0
325,304Nvl_L1_EW,304NVL_EW,0.008,0.008
325,304Nvl_L1_NS,NONE,0.007,0.0
325,304Nvl_L3_NS,NONE,0.008,0.0
325,32Nvl_L3_NS,NONE,0.014,0.0
325,32Nvl_L1_NS,32NVL_NS,0.062,0.062
325,32Nvl_L3_NS,NONE,0.167,0.0
325,32Nvl_L2_NS,32NVL_NS,0.158,0.158
325,NvcNvl_L1_EW,NONE,0.053,0.0
325,NvcNvl_L2_EW,NONE,0.038,0.0
325,32Mt_L1_EW,32MT_EW,0.007,0.007
325,NvcMt_L2_NS,NONE,0.005,0.0
325,304Nvl_L2_NS,NONE,0.007,0.0
325,32Nvl_L2_NS,32NVL_NS,0.06,0.06
325,32Nvl_L1_NS,32NVL_NS,0.134,0.134
325,32Mt_L2_EW,32MT_EW,0.005,0.005
325,NvcMt_L1_NS,NONE,0.005,0.0
330,32Nvl_L3_NS,NONE,0.048,0.0
330,32Nvl_L1_NS,32NVL_NS,0.062,0.062
330,32Nvl_L3_NS,NONE,0.175,0.0
330,32Nvl_L2_NS,32NVL_NS,0.166,0.166
330,NvcNvl_L1_EW,NVCNVL_EW,0.035,0.035
330,NvcMt_L2_NS,NONE,0.005,0.0
330,32Nvl_L2_NS,32NVL_NS,0.06,0.06
330,32Nvl_L1_NS,32NVL_NS,0.141,0.141
330,NvcMt_L1_NS,NONE,0.005,0.0
335,304Nvl_L1_EW,304NVL_EW,0.051,0.051
335,304Nvl_L2_EW,304NVL_EW,0.036,0.036
335,32Nvl_L3_NS,NONE,0.041,0.0
335,32Nvl_L1_NS,32NVL_NS,0.055,0.055
335,32Nvl_L3_NS,NONE,0.175,0.0
335,32Nvl_L2_NS,32NVL_NS,0.166,0.166
335,32Mt_L1_NS,32MT_NS,0.006,0.006
335,304Nvl_L3_EW,NONE,0.032,0.0
335,32Nvl_L2_NS,32NVL_NS,0.053,0.053
335,32Nvl_L1_NS,32NVL_NS,0.141,0.141
340,304Nvl_L1_EW,304NVL_EW,0.042,0.042
340,304Nvl_L2_EW,304NVL_EW,0.036,0.036
340,32Nvl_L3_NS,NONE,0.117,0.0
340,32Nvl_L2_NS,32NVL_NS,0.111,0.111
340,32Mt_L1_EW,NONE,0.014,0.0
340,32Mt_L3_EW,NONE,0.018,0.0
340,32Mt_L1_EW,32MT_EW,0.007,0.007
340,304Nvl_L3_EW,NONE,0.032,0.0
340,32Nvl_L1_NS,32NVL_NS,0.094,0.094
340,32Mt_L2_EW,NONE,0.015,0.0
340,32Mt_L2_EW,32MT_EW,0.005,0.005
345,304Nvl_L1_EW,304NVL_EW,0.068,0.068
345,304Nvl_L2_EW,304NVL_EW,0.058,0.058
345,32Nvl_L1_EW,32NVL_EW,0.087,0.078
345,32Nvl_L2_EW,32NVL_EW,0.007,0.0
345,32Nvl_L2_NS,32NVL_NS,0.008,0.008
345,NvcNvl_L3_NS,NONE,0.034,0.0
345,NvcNvl_L2_NS,NONE,0.033,0.0
345,32Mt_L1_EW,NONE,0.007,0.0
345,32Mt_L3_EW,NONE,0.009,0.0
345,32Mt_L1_EW,32MT_EW,0.014,0.014
345,304Nvl_L3_EW,NONE,0.051,0.0
345,32Nvl_L3_EW,NONE,0.006,0.0
345,32Nvl_L1_NS,32NVL_NS,0.013,0.013
345,NvcNvl_L1_NS,NONE,0.044,0.0
345,32Mt_L2_EW,NONE,0.008,0.0
345,32Mt_L2_EW,32MT_EW,0.011,0.011
350,304Nvl_L1_EW,304NVL_EW,0.093,0.093
350,304Nvl_L2_EW,304NVL_EW,0.08,0.08
350,32Nvl_L1_NS,32NVL_NS,0.035,0.035
350,32Nvl_L1_EW,32NVL_EW,0.087,0.073
350,32Nvl_L2_EW,32NVL_EW,0.007,0.0
350,NvcNvl_L3_NS,NONE,0.014,0.0
350,NvcNvl_L2_NS,NONE,0.013,0.0
350,NvcNvl_L1_EW,NONE,0.053,0.0
350,NvcNvl_L2_EW,NONE,0.038,0.0
350,32Mt_L1_EW,32MT_EW,0.021,0.021
350,304Nvl_L3_EW,NONE,0.07,0.0
350,32Nvl_L3_EW,NONE,0.006,0.0
350,32Nvl_L1_NS,32NVL_NS,0.034,0.034
350,NvcNvl_L1_NS,NONE,0.017,0.0
350,NvcNvl_L3_EW,NONE,0.032,0.0
350,32Mt_L2_EW,32MT_EW,0.011,0.011
355,304Nvl_L1_NS,304NVL_NS,0.045,0.045
355,304Nvl_L1_EW,304NVL_EW,0.127,0.127
355,304Nvl_L2_EW,304NVL_EW,0.073,0.073
355,32Nvl_L1_EW,32NVL_EW,0.007,-0.013
355,32Nvl_L2_EW,32NVL_EW,0.007,0.0
355,NvcNvl_L3_NS,NONE,0.02,0.0
355,NvcNvl_L2_NS,NONE,0.02,0.0
355,32Mt_L1_EW,NONE,0.007,0.0
355,32Mt_L3_EW,NONE,0.009,0.0
355,32Mt_L1_EW,32MT_EW,0.028,0.028
355,32Mt_L1_NS,NONE,0.01,0.0
355,NvcMt_L2_NS,NONE,0.005,0.0
355,304Nvl_L2_NS,304NVL_NS,0.038,0.038
355,304Nvl_L3_EW,NONE,0.063,0.0
355,32Nvl_L3_EW,NONE,0.006,0.0
355,32Nvl_L1_NS,32NVL_NS,0.034,0.002
355,NvcNvl_L1_NS,NONE,0.026,0.0
355,32Mt_L2_EW,NONE,0.008,0.0
355,32Mt_L2_EW,32MT_EW,0.011,0.011
355,32Mt_L2_NS,NONE,0.009,0.0
355,NvcMt_L1_NS,NONE,0.005,0.0
360,304Nvl_L1_NS,304NVL_NS,0.045,0.045
360,304Nvl_L3_NS,NONE,0.037,0.0
360,304Nvl_L1_EW,304NVL_EW,0.042,0.042
360,304Nvl_L2_EW,304NVL_EW,0.036,0.036
360,304Nvl_L1_NS,NONE,0.007,0.0
360,32Nvl_L1_EW,32NVL_EW,0.007,-0.013
360,32Nvl_L2_EW,32NVL_EW,0.007,-0.004
360,NvcNvl_L3_NS,NONE,0.02,0.0
360,NvcNvl_L2_NS,NONE,0.02,0.0
360,32Mt_L1_NS,32MT_NS,0.006,0.006
360,32Mt_L1_EW,32MT_EW,0.028,0.028
360,NvcMt_L2_NS,NONE,0.005,0.0
360,304Nvl_L2_NS,304NVL_NS,0.038,0.038
360,304Nvl_L3_EW,NONE,0.032,0.0
360,32Nvl_L3_EW,NONE,0.006,0.0
360,32Nvl_L1_NS,32NVL_NS,0.007,-0.025
360,NvcNvl_L1_NS,NONE,0.026,0.0
360,32Mt_L2_EW,32MT_EW,0.016,0.016
360,NvcMt_L1_NS,NONE,0.005,0.0
365,304Nvl_L1_NS,304NVL_NS,0.045,0.045
365,304Nvl_L3_NS,NONE,0.037,0.0
365,304Nvl_L1_EW,304NVL_EW,0.017,0.017
365,304Nvl_L2_EW,304NVL_EW,0.007,0.007
365,304Nvl_L1_NS,NONE,0.007,0.0
365,32Nvl_L1_EW,32NVL_EW,0.007,-0.013
365,32Nvl_L2_EW,32NVL_EW,0.007,-0.004
365,32Mt_L1_EW,32MT_EW,0.028,0.028
365,32Mt_L1_NS,NONE,0.01,0.0
365,NvcCmt8_L2_NS,NONE,0.011,0.0
365,NvcCmt8_L1_NS,NONE,0.008,0.0
365,304Nvl_L2_NS,304NVL_NS,0.038,0.038
365,304Nvl_L3_EW,NONE,0.006,0.0
365,32Nvl_L3_EW,NONE,0.006,0.0
365,32Nvl_L1_NS,32NVL_NS,0.007,-0.025
365,32Mt_L2_EW,32MT_EW,0.016,0.016
370,304Nvl_L1_NS,304NVL_NS,0.045,0.045
370,304Nvl_L3_NS,NONE,0.037,0.0
370,304Nvl_L1_EW,304NVL_EW,0.008,0.008
370,304Nvl_L2_EW,304NVL_EW,0.007,0.007
370,304Nvl_L1_NS,NONE,0.036,0.0
370,32Nvl_L1_EW,32NVL_EW,0.007,-0.003
370,32Nvl_L2_EW,32NVL_EW,0.007,0.0
370,32Nvl_L3_NS,NONE,0.05,0.0
370,32Nvl_L2_NS,32NVL_NS,0.047,0.021
370,NvcNvl_L3_NS,NONE,0.007,0.0
370,NvcNvl_L2_NS,NONE,0.007,0.0
370,NvcNvl_L1_EW,NONE,0.011,0.0
370,NvcNvl_L2_EW,NONE,0.008,0.0
370,32Mt_L1_EW,32MT_EW,0.014,0.014
370,32Mt_L1_NS,NONE,0.01,0.0
370,304Nvl_L2_NS,304NVL_NS,0.038,0.005
370,304Nvl_L3_EW,NONE,0.006,0.0
370,32Nvl_L3_EW,NONE,0.006,0.0
370,32Nvl_L1_NS,32NVL_NS,0.04,0.009
370,NvcNvl_L1_NS,NONE,0.009,0.0
370,32Mt_L2_EW,32MT_EW,0.011,0.011
370,32Mt_L2_NS,NONE,0.009,0.0
375,304Nvl_L1_NS,304NVL_NS,0.045,0.045
375,304Nvl_L3_NS,NONE,0.037,0.0
375,304Nvl_L1_EW,304NVL_EW,0.025,0.025
375,304Nvl_L2_EW,304NVL_EW,0.015,0.015
375,304Nvl_L1_NS,NONE,0.08,0.0
375,304Nvl_L3_NS,NONE,0.04,0.0
375,32Nvl_L1_EW,32NVL_EW,0.007,-0.003
375,32Nvl_L2_EW,32NVL_EW,0.007,0.0
375,32Nvl_L3_NS,NONE,0.025,0.0
375,32Nvl_L2_NS,32NVL_NS,0.024,-0.003
375,NvcNvl_L3_NS,NONE,0.007,0.0
375,NvcNvl_L2_NS,NONE,0.007,0.0
375,NvcNvl_L1_EW,NONE,0.011,0.0
375,NvcNvl_L2_EW,NONE,0.008,0.0
375,NvcNvl_L1_EW,NVCNVL_EW,0.007,0.007
375,NvcNvl_L2_EW,NVCNVL_EW,0.008,0.008
375,32Mt_L1_NS,32MT_NS,0.006,0.006
375,32Mt_L1_EW,32MT_EW,0.014,0.014
375,32Mt_L1_NS,NONE,0.01,0.0
375,NvcMt_L2_NS,NONE,0.005,0.0
375,304Nvl_L2_NS,304NVL_NS,0.038,0.021
375,304Nvl_L3_EW,NONE,0.006,0.0
375,304Nvl_L2_NS,NONE,0.037,0.0
375,32Nvl_L3_EW,NONE,0.006,0.0
375,32Nvl_L1_NS,32NVL_NS,0.02,-0.012
375,NvcNvl_L1_NS,NONE,0.009,0.0
375,NvcNvl_L3_EW,NONE,0.009,0.0
375,32Mt_L2_EW,32MT_EW,0.011,0.011
375,32Mt_L2_NS,NONE,0.009,0.0
375,NvcMt_L1_NS,NONE,0.005,0.0
380,304Thn_L1_EW,304THN_EW,0.008,0.008
380,304Thn_L3_EW,NONE,0.008,0.0
380,304Nvl_L1_NS,304NVL_NS,0.054,0.054
380,304Nvl_L3_NS,NONE,0.044,0.0
380,32Nvl_L1_EW,32NVL_EW,0.007,-0.027
380,32Nvl_L2_EW,32NVL_EW,0.007,-0.019
380,32Nvl_L3_NS,NONE,0.017,0.0
380,32Nvl_L2_NS,32NVL_NS,0.016,-0.016
380,NvcNvl_L3_NS,NONE,0.007,0.0
380,NvcNvl_L2_NS,NONE,0.007,0.0
380,NvcNvl_L1_EW,NVCNVL_EW,0.007,0.007
380,NvcNvl_L2_EW,NVCNVL_EW,0.008,0.008
380,32Mt_L1_EW,NONE,0.007,0.0
380,32Mt_L3_EW,NONE,0.009,0.0
380,32Mt_L1_EW,32MT_EW,0.049,0.049
380,304Nvl_L2_NS,304NVL_NS,0.046,0.034
380,32Nvl_L3_EW,NONE,0.006,0.0
380,32Nvl_L1_NS,32NVL_NS,0.047,0.009
380,NvcNvl_L1_NS,NONE,0.009,0.0
380,NvcNvl_L3_EW,NONE,0.009,0.0
380,32Mt_L2_EW,NONE,0.008,0.0
380,32Mt_L2_EW,32MT_EW,0.038,0.038
380,304Thn_L2_EW,304THN_EW,0.007,0.007
385,304Thn_L1_EW,304THN_EW,0.008,0.002
385,304Thn_L3_EW,NONE,0.008,0.0
385,304Nvl_L1_NS,304NVL_NS,0.054,0.054
385,304Nvl_L3_NS,NONE,0.044,0.0
385,304Nvl_L1_EW,304NVL_EW,0.008,0.003
385,32Nvl_L1_EW,32NVL_EW,0.035,-0.009
385,32Nvl_L2_EW,32NVL_EW,0.039,0.008
385,32Nvl_L1_EW,32NVL_EW,0.007,-0.037
385,32Nvl_L2_EW,32NVL_EW,0.007,-0.023
385,32Nvl_L3_NS,NONE,0.042,0.0
385,32Nvl_L2_NS,32NVL_NS,0.039,0.008
385,NvcNvl_L1_EW,NVCNVL_EW,0.007,0.003
385,NvcNvl_L2_EW,NVCNVL_EW,0.008,0.008
385,32Mt_L1_EW,NONE,0.007,0.0
385,32Mt_L3_EW,NONE,0.009,0.0
385,32Mt_L1_EW,32MT_EW,0.063,0.038
385,NvcMt_L1_EW,NVCMT_EW,0.006,0.001
385,304Nvl_L2_NS,304NVL_NS,0.046,0.018
385,32Nvl_L3_EW,NONE,0.006,0.0
385,32Nvl_L3_EW,NONE,0.031,0.0
385,32Nvl_L1_NS,32NVL_NS,0.074,0.036
385,NvcNvl_L3_EW,NONE,0.009,0.0
385,32Mt_L2_EW,NONE,0.008,0.0
385,32Mt_L2_EW,32MT_EW,0.044,0.016
385,NvcMt_L2_EW,NVCMT_EW,0.008,0.002
385,304Thn_L2_EW,304THN_EW,0.007,0.007
390,304Thn_L1_EW,304THN_EW,0.008,-0.021
390,304Thn_L3_EW,NONE,0.008,0.0
390,304Nvl_L1_NS,304NVL_NS,0.054,0.049
390,304Nvl_L3_NS,NONE,0.044,0.0
390,304Nvl_L1_EW,304NVL_EW,0.042,0.037
390,32Nvl_L3_NS,NONE,0.007,0.0
390,32Nvl_L1_NS,32NVL_NS,0.007,-0.031
390,32Nvl_L1_EW,32NVL_EW,0.071,0.021
390,32Nvl_L2_EW,32NVL_EW,0.077,0.037
390,32Nvl_L1_EW,32NVL_EW,0.007,-0.043
390,32Nvl_L2_EW,32NVL_EW,0.007,-0.033
390,NvcNvl_L1_EW,NVCNVL_EW,0.014,0.01
390,NvcNvl_L2_EW,NVCNVL_EW,0.008,0.008
390,32Mt_L1_EW,NONE,0.007,0.0
390,32Mt_L3_EW,NONE,0.009,0.0
390,32Mt_L1_EW,32MT_EW,0.063,0.013
390,32Mt_L1_NS,NONE,0.01,0.0
390,NvcMt_L1_EW,NVCMT_EW,0.006,-0.004
390,32Thn_L1_EW,32THN_EW,0.008,-0.042
390,32Thn_L2_EW,32THN_EW,0.008,-0.046
390,32Thn_L3_EW,NONE,0.008,0.0
390,304Nvl_L2_NS,304NVL_NS,0.046,0.046
390,32Nvl_L2_NS,32NVL_NS,0.007,-0.025
390,32Nvl_L3_EW,NONE,0.006,0.0
390,32Nvl_L3_EW,NONE,0.063,0.0
390,32Nvl_L1_NS,32NVL_NS,0.007,-0.031
390,NvcNvl_L3_EW,NONE,0.009,0.0
390,32Mt_L2_EW,NONE,0.008,0.0
390,32Mt_L2_EW,32MT_EW,0.049,-0.005
390,32Mt_L2_NS,NONE,0.009,0.0
390,NvcMt_L2_EW,NVCMT_EW,0.008,0.002
390,304Thn_L2_EW,304THN_EW,0.007,0.007
395,304Nvl_L1_NS,304NVL_NS,0.054,0.049
395,304Nvl_L3_NS,NONE,0.044,0.0
395,304Nvl_L1_EW,304NVL_EW,0.008,0.008
395,304Nvl_L2_EW,304NVL_EW,0.007,0.007
395,32Nvl_L3_NS,NONE,0.007,0.0
395,32Nvl_L1_NS,32NVL_NS,0.007,-0.031
395,32Nvl_L1_EW,32NVL_EW,0.035,-0.009
395,32Nvl_L2_EW,32NVL_EW,0.039,0.012
395,32Nvl_L1_EW,32NVL_EW,0.007,-0.037
395,32Nvl_L2_EW,32NVL_EW,0.007,-0.019
395,NvcNvl_L3_NS,NONE,0.007,0.0
395,NvcNvl_L2_NS,NONE,0.007,0.0
395,NvcNvl_L1_EW,NVCNVL_EW,0.007,-0.002
395,32Mt_L1_NS,32MT_NS,0.006,0.006
395,32Mt_L1_EW,32MT_EW,0.063,0.038
395,32Mt_L1_NS,NONE,0.01,0.0
395,NvcMt_L1_EW,NVCMT_EW,0.013,0.008
395,32Thn_L1_EW,NONE,0.01,0.0
395,304Nvl_L2_NS,304NVL_NS,0.046,0.046
395,304Nvl_L3_EW,NONE,0.006,0.0
395,32Nvl_L2_NS,32NVL_NS,0.007,-0.025
395,32Nvl_L3_EW,NONE,0.006,0.0
395,32Nvl_L3_EW,NONE,0.031,0.0
395,NvcNvl_L1_NS,NONE,0.009,0.0
395,32Mt_L2_EW,32MT_EW,0.038,0.011
395,32Mt_L2_NS,NONE,0.009,0.0
395,NvcMt_L2_EW,NVCMT_EW,0.016,0.016
400,304Nvl_L1_NS,304NVL_NS,0.054,0.04
400,304Nvl_L3_NS,NONE,0.044,0.0
400,304Nvl_L1_NS,NONE,0.007,0.0
400,32Nvl_L3_NS,NONE,0.014,0.0
400,32Nvl_L1_NS,32NVL_NS,0.021,-0.017
400,32Nvl_L1_EW,32NVL_EW,0.035,0.001
400,32Nvl_L2_EW,32NVL_EW,0.039,0.016
400,32Nvl_L1_EW,32NVL_EW,0.007,-0.027
400,32Nvl_L2_EW,32NVL_EW,0.007,-0.015
400,NvcNvl_L1_EW,NVCNVL_EW,0.007,0.007
400,32Mt_L1_NS,32MT_NS,0.006,0.006
400,32Mt_L1_EW,32MT_EW,0.049,0.024
400,304Nvl_L2_NS,304NVL_NS,0.046,0.046
400,32Nvl_L2_NS,32NVL_NS,0.02,-0.012
400,32Nvl_L3_EW,NONE,0.006,0.0
400,32Nvl_L3_EW,NONE,0.031,0.0
400,32Nvl_L1_NS,32NVL_NS,0.034,-0.004
400,32Mt_L2_EW,32MT_EW,0.033,0.006
405,304Nvl_L1_NS,304NVL_NS,0.054,0.03
405,304Nvl_L3_NS,NONE,0.044,0.0
405,32Nvl_L3_NS,NONE,0.034,0.0
405,32Nvl_L1_NS,32NVL_NS,0.035,-0.003
405,32Nvl_L1_EW,32NVL_EW,0.035,0.006
405,32Nvl_L2_EW,32NVL_EW,0.039,0.031
405,32Nvl_L1_EW,32NVL_EW,0.007,-0.023
405,32Nvl_L2_EW,32NVL_EW,0.007,0.0
405,32Mt_L1_NS,32MT_NS,0.006,0.006
405,32Mt_L1_EW,32MT_EW,0.042,0.017
405,32Mt_L1_NS,NONE,0.049,0.0
405,32Thn_L1_EW,NONE,0.01,0.0
405,32Thn_L2_EW,NONE,0.01,0.0
405,32Thn_L3_EW,NONE,0.007,0.0
405,304Nvl_L2_NS,304NVL_NS,0.046,0.046
405,32Nvl_L2_NS,32NVL_NS,0.033,0.001
405,32Nvl_L3_EW,NONE,0.006,0.0
405,32Nvl_L3_EW,NONE,0.031,0.0
405,32Nvl_L1_NS,32NVL_NS,0.007,-0.031
405,32Mt_L2_EW,32MT_EW,0.011,-0.016
410,304Thn_L1_EW,304THN_EW,0.008,0.008
410,304Thn_L3_EW,NONE,0.008,0.0
410,304Nvl_L1_NS,304NVL_NS,0.054,0.025
410,304Nvl_L3_NS,NONE,0.044,0.0
410,32Nvl_L3_NS,NONE,0.007,0.0
410,32Nvl_L1_NS,32NVL_NS,0.042,0.003
410,32Nvl_L1_EW,32NVL_EW,0.035,0.02
410,32Nvl_L2_EW,32NVL_EW,0.039,0.035
410,32Nvl_L1_EW,32NVL_EW,0.007,-0.009
410,32Nvl_L2_EW,32NVL_EW,0.007,0.004
410,32Mt_L1_EW,NONE,0.007,0.0
410,32Mt_L3_EW,NONE,0.009,0.0
410,32Mt_L1_EW,32MT_EW,0.014,-0.011
410,32Mt_L1_NS,NONE,0.185,0.0
410,32Thn_L1_EW,32THN_EW,0.008,-0.017
410,304Nvl_L2_NS,304NVL_NS,0.046,0.046
410,32Nvl_L2_NS,32NVL_NS,0.04,0.008
410,32Nvl_L3_EW,NONE,0.006,0.0
410,32Nvl_L3_EW,NONE,0.031,0.0
410,32Mt_L2_EW,NONE,0.008,0.0
410,32Mt_L2_EW,32MT_EW,0.005,-0.022
410,32Mt_L2_NS,NONE,0.113,0.0
410,304Thn_L2_EW,304THN_EW,0.007,0.007
415,304Nvl_L1_NS,304NVL_NS,0.054,0.054
415,304Nvl_L3_NS,NONE,0.044,0.0
415,32Nvl_L1_EW,32NVL_EW,0.035,0.035
415,32Nvl_L2_EW,32NVL_EW,0.039,0.039
415,32Nvl_L1_EW,32NVL_EW,0.007,0.007
415,32Nvl_L2_EW,32NVL_EW,0.007,0.007
415,32Mt_L1_EW,NONE,0.007,0.0
415,32Mt_L1_NS,NONE,0.146,0.0
415,304Nvl_L2_NS,304NVL_NS,0.046,0.046
415,32Nvl_L3_EW,NONE,0.006,0.0
415,32Nvl_L3_EW,NONE,0.031,0.0
415,32Mt_L2_NS,NONE,0.13,0.0
420,304Thn_L1_EW,NONE,0.007,0.0
420,304Nvl_L1_NS,304NVL_NS,0.054,0.054
420,304Nvl_L3_NS,NONE,0.044,0.0
420,32Nvl_L1_EW,32NVL_EW,0.035,0.03
420,32Nvl_L2_EW,32NVL_EW,0.039,0.035
420,32Nvl_L1_EW,32NVL_EW,0.007,0.002
420,32Nvl_L2_EW,32NVL_EW,0.007,0.004
420,32Nvl_L3_NS,NONE,0.008,0.0
420,32Nvl_L2_NS,32NVL_NS,0.008,-0.024
420,NvcNvl_L3_NS,NONE,0.007,0.0
420,NvcNvl_L2_NS,NONE,0.007,0.0
420,32Mt_L1_NS,32MT_NS,0.006,0.006
420,32Mt_L1_EW,32MT_EW,0.007,-0.018
420,32Thn_L1_EW,NONE,0.116,0.0
420,32Thn_L2_EW,NONE,0.121,0.0
420,32Thn_L3_EW,NONE,0.083,0.0
420,304Nvl_L2_NS,304NVL_NS,0.046,0.04
420,32Nvl_L3_EW,NONE,0.006,0.0
420,32Nvl_L3_EW,NONE,0.031,0.0
420,32Nvl_L1_NS,32NVL_NS,0.013,-0.025
420,NvcNvl_L1_NS,NONE,0.009,0.0
420,32Mt_L2_EW,32MT_EW,0.005,-0.022
425,304Nvl_L1_NS,304NVL_NS,0.054,0.049
425,304Nvl_L3_NS,NONE,0.044,0.0
425,32Nvl_L3_NS,NONE,0.007,0.0
425,32Nvl_L1_NS,32NVL_NS,0.007,-0.031
425,32Nvl_L1_EW,32NVL_EW,0.042,-0.03
425,32Nvl_L2_EW,32NVL_EW,0.046,0.046
425,32Nvl_L1_EW,32NVL_EW,0.007,-0.065
425,32Nvl_L2_EW,32NVL_EW,0.007,0.007
425,32Mt_L1_NS,32MT_NS,0.082,0.082
425,32Mt_L1_EW,32MT_EW,0.007,-0.023
425,32Mt_L1_NS,NONE,0.01,0.0
425,32Thn_L1_EW,32THN_EW,0.096,0.066
425,304Nvl_L2_NS,304NVL_NS,0.046,0.046
425,32Nvl_L2_NS,32NVL_NS,0.007,-0.025
425,32Nvl_L3_EW,NONE,0.006,0.0
425,32Nvl_L3_EW,NONE,0.038,0.0
430,304Nvl_L1_NS,304NVL_NS,0.054,0.049
430,304Nvl_L3_NS,NONE,0.044,0.0
430,32Nvl_L1_NS,32NVL_NS,0.007,-0.031
430,32Nvl_L1_EW,32NVL_EW,0.035,-0.037
430,32Nvl_L2_EW,32NVL_EW,0.039,0.035
430,32Nvl_L1_EW,32NVL_EW,0.007,-0.065
430,32Nvl_L2_EW,32NVL_EW,0.007,0.004
430,NvcNvl_L1_EW,NVCNVL_EW,0.007,0.003
430,32Mt_L1_NS,32MT_NS,0.075,0.075
430,32Mt_L1_EW,NONE,0.007,0.0
430,32Mt_L3_EW,NONE,0.009,0.0
430,32Mt_L1_EW,32MT_EW,0.007,-0.018
430,32Mt_L1_NS,NONE,0.01,0.0
430,NvcMt_L1_EW,NVCMT_EW,0.006,0.001
430,32Thn_L1_EW,32THN_EW,0.096,0.071
430,304Nvl_L2_NS,304NVL_NS,0.046,0.046
430,32Nvl_L3_EW,NONE,0.006,0.0
430,32Nvl_L3_EW,NONE,0.031,0.0
430,32Mt_L2_EW,NONE,0.008,0.0
430,32Mt_L2_EW,32MT_EW,0.005,-0.022
430,NvcMt_L2_EW,NVCMT_EW,0.008,0.008
435,304Nvl_L1_NS,304NVL_NS,0.054,0.054
435,304Nvl_L3_NS,NONE,0.044,0.0
435,32Nvl_L1_EW,32NVL_EW,0.035,0.035
435,32Nvl_L2_EW,32NVL_EW,0.039,0.039
435,32Nvl_L1_EW,32NVL_EW,0.013,0.013
435,32Nvl_L2_EW,32NVL_EW,0.007,0.007
435,NvcNvl_L1_EW,NONE,0.011,0.0
435,NvcNvl_L2_EW,NONE,0.008,0.0
435,32Mt_L1_NS,32MT_NS,0.075,0.075
435,304Nvl_L2_NS,304NVL_NS,0.046,0.046
435,32Nvl_L3_EW,NONE,0.006,0.0
435,32Nvl_L3_EW,NONE,0.031,0.0
435,32Nvl_L1_NS,32NVL_NS,0.007,-0.031
435,NvcNvl_L3_EW,NONE,0.006,0.0
440,304Nvl_L1_NS,304NVL_NS,0.054,0.054
440,304Nvl_L3_NS,NONE,0.044,0.0
440,32Nvl_L1_EW,32NVL_EW,0.035,0.03
440,32Nvl_L2_EW,32NVL_EW,0.039,0.039
440,32Nvl_L1_EW,32NVL_EW,0.007,0.002
440,32Nvl_L2_EW,32NVL_EW,0.007,0.007
440,32Nvl_L3_NS,NONE,0.008,0.0
440,32Nvl_L2_NS,32NVL_NS,0.008,-0.024
440,32Mt_L1_EW,NONE,0.007,0.0
440,32Mt_L3_EW,NONE,0.009,0.0
440,32Mt_L1_EW,32MT_EW,0.007,-0.018
440,32Mt_L1_NS,NONE,0.01,0.0
440,304Nvl_L2_NS,304NVL_NS,0.046,0.04
440,32Nvl_L3_EW,NONE,0.006,0.0
440,32Nvl_L3_EW,NONE,0.031,0.0
440,32Nvl_L1_NS,32NVL_NS,0.007,-0.031
440,32Mt_L2_EW,NONE,0.008,0.0
440,32Mt_L2_NS,NONE,0.009,0.0
445,304Nvl_L1_NS,304NVL_NS,0.054,0.054
445,304Nvl_L3_NS,NONE,0.044,0.0
445,32Nvl_L1_EW,32NVL_EW,0.007,-0.003
445,32Nvl_L2_EW,32NVL_EW,0.007,0.004
445,32Nvl_L3_NS,NONE,0.025,0.0
445,32Nvl_L2_NS,32NVL_NS,0.024,-0.008
445,NvcNvl_L3_NS,NONE,0.081,0.0
445,NvcNvl_L2_NS,NONE,0.079,0.0
445,32Mt_L1_EW,32MT_EW,0.014,0.014
445,304Nvl_L2_NS,304NVL_NS,0.046,0.029
445,32Nvl_L1_NS,32NVL_NS,0.02,-0.018
445,NvcNvl_L1_NS,NONE,0.105,0.0
445,32Mt_L2_EW,32MT_EW,0.005,0.005
450,304Nvl_L1_NS,304NVL_NS,0.054,0.054
450,304Nvl_L3_NS,NONE,0.044,0.0
450,304Nvl_L1_EW,304NVL_EW,0.017,0.017
450,304Nvl_L2_EW,304NVL_EW,0.015,0.015
450,32Nvl_L1_EW,32NVL_EW,0.007,-0.003
450,32Nvl_L2_EW,32NVL_EW,0.007,0.0
450,32Nvl_L3_NS,NONE,0.033,0.0
450,32Nvl_L2_NS,32NVL_NS,0.032,0.0
450,NvcNvl_L3_NS,NONE,0.081,0.0
450,NvcNvl_L2_NS,NONE,0.079,0.0
450,NvcNvl_L1_EW,NONE,0.011,0.0
450,NvcNvl_L2_EW,NONE,0.008,0.0
450,32Mt_L1_EW,NONE,0.007,0.0
450,32Mt_L1_EW,32MT_EW,0.014,0.014
450,32Mt_L1_NS,NONE,0.01,0.0
450,304Nvl_L2_NS,304NVL_NS,0.046,0.023
450,304Nvl_L3_EW,NONE,0.013,0.0
450,32Nvl_L3_EW,NONE,0.006,0.0
450,32Nvl_L1_NS,32NVL_NS,0.06,0.022
450,NvcNvl_L1_NS,NONE,0.105,0.0
450,32Mt_L2_EW,32MT_EW,0.011,0.011
450,32Mt_L2_NS,NONE,0.009,0.0
455,304Nvl_L1_EW,304NVL_EW,0.017,0.017
455,304Nvl_L2_EW,304NVL_EW,0.015,0.015
455,304Nvl_L1_NS,NONE,0.007,0.0
455,304Nvl_L3_NS,NONE,0.008,0.0
455,32Nvl_L1_EW,32NVL_EW,0.007,-0.003
455,32Nvl_L2_EW,32NVL_EW,0.007,0.0
455,32Nvl_L3_NS,NONE,0.033,0.0
455,32Nvl_L2_NS,32NVL_NS,0.032,0.032
455,NvcNvl_L1_EW,NONE,0.128,0.0
455,NvcNvl_L1_EW,NVCNVL_EW,0.007,0.007
455,NvcNvl_L2_EW,NVCNVL_EW,0.008,0.008
455,32Mt_L1_NS,32MT_NS,0.006,0.006
455,32Mt_L1_EW,32MT_EW,0.014,0.014
455,32Mt_L1_NS,NONE,0.01,0.0
455,304Nvl_L3_EW,NONE,0.013,0.0
455,304Nvl_L2_NS,NONE,0.007,0.0
455,32Nvl_L3_EW,NONE,0.006,0.0
455,32Nvl_L1_NS,32NVL_NS,0.06,0.06
455,NvcNvl_L3_EW,NONE,0.009,0.0
455,32Mt_L2_EW,32MT_EW,0.011,0.011
455,32Mt_L2_NS,NONE,0.009,0.0
460,304Nvl_L1_EW,304NVL_EW,0.059,0.059
460,304Nvl_L2_EW,304NVL_EW,0.015,0.015
460,304Nvl_L1_NS,NONE,0.007,0.0
460,32Nvl_L1_EW,32NVL_EW,0.007,-0.003
460,32Nvl_L2_EW,32NVL_EW,0.007,0.0
460,NvcNvl_L1_EW,NONE,0.128,0.0
460,NvcNvl_L2_EW,NONE,0.092,0.0
460,NvcNvl_L1_EW,NVCNVL_EW,0.007,0.007
460,NvcNvl_L2_EW,NVCNVL_EW,0.008,0.008
460,32Mt_L1_EW,NONE,0.014,0.0
460,32Mt_L3_EW,NONE,0.009,0.0
460,32Mt_L1_EW,32MT_EW,0.014,0.014
460,304Nvl_L3_EW,NONE,0.013,0.0
460,32Nvl_L3_EW,NONE,0.006,0.0
460,NvcNvl_L3_EW,NONE,0.009,0.0
460,32Mt_L2_EW,NONE,0.008,0.0
460,32Mt_L2_EW,32MT_EW,0.011,0.011
465,304Nvl_L1_NS,304NVL_NS,0.009,0.009
465,304Nvl_L1_EW,304NVL_EW,0.059,0.059
465,304Nvl_L2_EW,304NVL_EW,0.015,0.015
465,304Nvl_L1_EW,NONE,0.008,0.0
465,304Nvl_L2_EW,NONE,0.009,0.0
465,32Nvl_L1_EW,32NVL_EW,0.007,-0.008
465,32Nvl_L2_EW,32NVL_EW,0.007,-0.004
465,NvcNvl_L1_EW,NVCNVL_EW,0.007,0.007
465,NvcNvl_L2_EW,NVCNVL_EW,0.008,0.008
465,32Mt_L1_EW,32MT_EW,0.021,0.021
465,304Nvl_L3_EW,NONE,0.013,0.0
465,304Nvl_L3_EW,NONE,0.008,0.0
465,32Nvl_L3_EW,NONE,0.006,0.0
465,NvcNvl_L3_EW,NONE,0.009,0.0
465,32Mt_L2_EW,32MT_EW,0.016,0.016
470,304Nvl_L1_EW,304NVL_EW,0.017,0.017
470,304Nvl_L2_EW,304NVL_EW,0.015,0.015
470,32Nvl_L1_EW,32NVL_EW,0.007,-0.013
470,32Nvl_L2_EW,32NVL_EW,0.007,-0.004
470,32Nvl_L3_NS,NONE,0.008,0.0
470,32Nvl_L2_NS,32NVL_NS,0.008,0.008
470,NvcNvl_L3_NS,NONE,0.007,0.0
470,NvcNvl_L2_NS,NONE,0.007,0.0
470,NvcNvl_L1_EW,NVCNVL_EW,0.007,0.007
470,NvcNvl_L2_EW,NVCNVL_EW,0.008,0.008
470,32Mt_L1_EW,NONE,0.007,0.0
470,32Mt_L3_EW,NONE,0.009,0.0
470,32Mt_L1_EW,32MT_EW,0.028,0.028
470,304Nvl_L3_EW,NONE,0.013,0.0
470,32Nvl_L3_EW,NONE,0.006,0.0
470,32Nvl_L1_NS,32NVL_NS,0.013,0.013
470,NvcNvl_L1_NS,NONE,0.009,0.0
470,NvcNvl_L3_EW,NONE,0.009,0.0
470,32Mt_L2_EW,NONE,0.008,0.0
470,32Mt_L2_EW,32MT_EW,0.016,0.016
475,304Nvl_L1_EW,304NVL_EW,0.025,0.025
475,304Nvl_L2_EW,304NVL_EW,0.022,0.022
475,32Nvl_L1_NS,32NVL_NS,0.007,0.007
475,32Nvl_L1_EW,32NVL_EW,0.007,-0.013
475,32Nvl_L2_EW,32NVL_EW,0.007,-0.008
475,NvcNvl_L3_NS,NONE,0.007,0.0
475,NvcNvl_L2_NS,NONE,0.007,0.0
475,NvcNvl_L1_EW,NONE,0.011,0.0
475,NvcNvl_L2_EW,NONE,0.008,0.0
475,NvcNvl_L1_EW,NVCNVL_EW,0.007,0.007
475,NvcNvl_L2_EW,NVCNVL_EW,0.008,0.008
475,32Mt_L1_EW,NONE,0.007,0.0
475,32Mt_L3_EW,NONE,0.009,0.0
475,32Mt_L1_EW,32MT_EW,0.028,0.028
475,304Nvl_L3_EW,NONE,0.019,0.0
475,32Nvl_L3_EW,NONE,0.006,0.0
475,32Nvl_L1_NS,32NVL_NS,0.013,0.013
475,NvcNvl_L1_NS,NONE,0.009,0.0
475,NvcNvl_L3_EW,NONE,0.009,0.0
475,32Mt_L2_EW,NONE,0.008,0.0
475,32Mt_L2_EW,32MT_EW,0.022,0.022
480,304Nvl_L1_EW,304NVL_EW,0.034,0.034
480,304Nvl_L2_EW,304NVL_EW,0.022,0.022
480,32Nvl_L1_EW,32NVL_EW,0.007,-0.018
480,32Nvl_L2_EW,32NVL_EW,0.007,-0.008
480,NvcNvl_L1_EW,NVCNVL_EW,0.007,0.007
480,NvcNvl_L2_EW,NVCNVL_EW,0.008,0.008
480,32Mt_L1_EW,NONE,0.007,0.0
480,32Mt_L3_EW,NONE,0.009,0.0
480,32Mt_L1_EW,32MT_EW,0.035,0.035
480,304Nvl_L3_EW,NONE,0.019,0.0
480,32Nvl_L3_EW,NONE,0.006,0.0
480,32Nvl_L1_NS,32NVL_NS,0.013,0.013
480,NvcNvl_L3_EW,NONE,0.009,0.0
480,32Mt_L2_EW,NONE,0.008,0.0
480,32Mt_L2_EW,32MT_EW,0.022,0.022
485,304Nvl_L1_EW,304NVL_EW,0.034,0.034
485,304Nvl_L2_EW,304NVL_EW,0.022,0.022
485,304Nvl_L1_EW,NONE,0.008,0.0
485,304Nvl_L2_EW,NONE,0.009,0.0
485,32Nvl_L1_EW,32NVL_EW,0.007,-0.018
485,32Nvl_L2_EW,32NVL_EW,0.007,-0.008
485,NvcNvl_L1_EW,NVCNVL_EW,0.014,0.014
485,NvcNvl_L2_EW,NVCNVL_EW,0.008,0.008
485,32Mt_L1_EW,32MT_EW,0.035,0.035
485,32Mt_L1_NS,NONE,0.01,0.0
485,32Thn_L1_EW,NONE,0.01,0.0
485,32Thn_L2_EW,NONE,0.01,0.0
485,32Thn_L3_EW,NONE,0.007,0.0
485,304Nvl_L3_EW,NONE,0.019,0.0
485,304Nvl_L3_EW,NONE,0.008,0.0
485,32Nvl_L3_EW,NONE,0.006,0.0
485,32Nvl_L1_NS,32NVL_NS,0.007,0.007
485,NvcNvl_L3_EW,NONE,0.009,0.0
485,32Mt_L2_EW,32MT_EW,0.022,0.022
485,32Mt_L2_NS,NONE,0.009,0.0
490,304Nvl_L1_EW,304NVL_EW,0.025,0.025
490,304Nvl_L2_EW,304NVL_EW,0.022,0.022
490,32Nvl_L1_NS,32NVL_NS,0.007,0.007
490,32Nvl_L1_EW,32NVL_EW,0.007,-0.023
490,32Nvl_L2_EW,32NVL_EW,0.007,-0.008
490,32Nvl_L3_NS,NONE,0.042,0.0
490,32Nvl_L2_NS,32NVL_NS,0.039,0.039
490,NvcNvl_L3_NS,NONE,0.034,0.0
490,NvcNvl_L2_NS,NONE,0.033,0.0
490,NvcNvl_L1_EW,NVCNVL_EW,0.014,-0.008
490,NvcNvl_L2_EW,NVCNVL_EW,0.008,0.008
490,32Mt_L1_NS,32MT_NS,0.006,0.006
490,32Mt_L1_EW,NONE,0.007,0.0
490,32Mt_L1_EW,32MT_EW,0.035,0.035
490,NvcMt_L1_EW,NVCMT_EW,0.032,0.022
490,32Thn_L1_EW,32THN_EW,0.008,0.008
490,304Nvl_L3_EW,NONE,0.019,0.0
490,32Nvl_L2_NS,32NVL_NS,0.007,0.007
490,32Nvl_L3_EW,NONE,0.006,0.0
490,32Nvl_L1_NS,32NVL_NS,0.034,0.034
490,NvcNvl_L1_NS,NONE,0.044,0.0
490,NvcNvl_L3_EW,NONE,0.009,0.0
490,32Mt_L2_EW,32MT_EW,0.022,0.022
490,NvcMt_L2_EW,NVCMT_EW,0.04,0.034
495,304Nvl_L1_EW,304NVL_EW,0.042,0.042
495,304Nvl_L2_EW,304NVL_EW,0.029,0.029
495,32Nvl_L1_EW,32NVL_EW,0.007,-0.013
495,32Nvl_L2_EW,32NVL_EW,0.007,-0.008
495,32Nvl_L3_NS,NONE,0.042,0.0
495,32Nvl_L2_NS,32NVL_NS,0.039,0.039
495,NvcNvl_L1_EW,NVCNVL_EW,0.014,-0.008
495,NvcNvl_L2_EW,NVCNVL_EW,0.008,0.008
495,32Mt_L1_EW,32MT_EW,0.028,0.028
495,NvcMt_L1_EW,NVCMT_EW,0.032,0.022
495,304Nvl_L3_EW,NONE,0.025,0.0
495,32Nvl_L3_EW,NONE,0.006,0.0
495,32Nvl_L1_NS,32NVL_NS,0.034,0.034
495,NvcNvl_L3_EW,NONE,0.009,0.0
495,32Mt_L2_EW,32MT_EW,0.022,0.022
495,NvcMt_L2_EW,NVCMT_EW,0.04,0.034
500,304Nvl_L1_EW,304NVL_EW,0.068,0.068
500,304Nvl_L2_EW,304NVL_EW,0.051,0.051
500,32Nvl_L1_EW,32NVL_EW,0.007,-0.008
500,32Nvl_L2_EW,32NVL_EW,0.007,-0.004
500,32Nvl_L3_NS,NONE,0.008,0.0
500,32Nvl_L2_NS,32NVL_NS,0.008,0.008
500,NvcNvl_L3_NS,NONE,0.041,0.0
500,NvcNvl_L2_NS,NONE,0.04,0.0
500,NvcNvl_L1_EW,NVCNVL_EW,0.007,-0.015
500,NvcNvl_L2_EW,NVCNVL_EW,0.008,0.008
500,32Mt_L1_EW,32MT_EW,0.021,0.021
500,NvcMt_L1_EW,NVCMT_EW,0.032,0.027
500,304Nvl_L3_EW,NONE,0.044,0.0
500,32Nvl_L3_EW,NONE,0.006,0.0
500,32Nvl_L1_NS,32NVL_NS,0.007,0.007
500,NvcNvl_L1_NS,NONE,0.052,0.0
500,NvcNvl_L3_EW,NONE,0.009,0.0
500,32Mt_L2_EW,32MT_EW,0.016,0.016
500,NvcMt_L2_EW,NVCMT_EW,0.04,0.034
505,304Nvl_L1_EW,304NVL_EW,0.051,0.051
505,304Nvl_L2_EW,304NVL_EW,0.044,0.044
505,304Nvl_L1_NS,NONE,0.007,0.0
505,304Nvl_L3_NS,NONE,0.008,0.0
505,32Nvl_L1_EW,32NVL_EW,0.007,-0.008
505,32Nvl_L2_EW,32NVL_EW,0.007,-0.004
505,NvcNvl_L1_EW,NVCNVL_EW,0.007,0.007
505,NvcNvl_L2_EW,NVCNVL_EW,0.008,0.008
505,32Mt_L1_EW,32MT_EW,0.021,0.021
505,304Nvl_L3_EW,NONE,0.038,0.0
505,304Nvl_L2_NS,NONE,0.007,0.0
505,32Nvl_L3_EW,NONE,0.006,0.0
505,NvcNvl_L3_EW,NONE,0.009,0.0
505,32Mt_L2_EW,32MT_EW,0.016,0.016
510,304Nvl_L1_EW,304NVL_EW,0.051,0.051
510,304Nvl_L2_EW,304NVL_EW,0.044,0.044
510,32Nvl_L3_NS,NONE,0.017,0.0
510,32Nvl_L2_NS,32NVL_NS,0.016,0.016
510,NvcNvl_L1_EW,NONE,0.011,0.0
510,NvcNvl_L2_EW,NONE,0.008,0.0
510,32Mt_L1_EW,NONE,0.007,0.0
510,32Mt_L3_EW,NONE,0.009,0.0
510,32Mt_L1_EW,32MT_EW,0.021,0.021
510,NvcMt_L1_EW,NVCMT_EW,0.006,0.006
510,304Nvl_L3_EW,NONE,0.038,0.0
510,32Nvl_L1_NS,32NVL_NS,0.013,0.013
510,NvcNvl_L3_EW,NONE,0.006,0.0
510,32Mt_L2_EW,NONE,0.008,0.0
510,32Mt_L2_EW,32MT_EW,0.016,0.016
510,NvcMt_L2_EW,NVCMT_EW,0.008,0.008
510,NvcMt_L1_EW,NVCMT_EW,0.028,0.028
515,304Nvl_L1_EW,304NVL_EW,0.051,0.051
515,304Nvl_L2_EW,304NVL_EW,0.036,0.036
515,32Nvl_L3_NS,NONE,0.033,0.0
515,32Nvl_L2_NS,32NVL_NS,0.032,0.032
515,32Mt_L1_EW,32MT_EW,0.021,0.021
515,32Mt_L1_NS,NONE,0.01,0.0
515,NvcMt_L2_NS,NONE,0.005,0.0
515,32Thn_L1_EW,32THN_EW,0.04,0.04
515,32Thn_L2_EW,32THN_EW,0.042,0.042
515,32Thn_L3_EW,NONE,0.041,0.0
515,304Nvl_L3_EW,NONE,0.032,0.0
515,32Nvl_L1_NS,32NVL_NS,0.034,0.034
515,32Mt_L2_EW,32MT_EW,0.016,0.016
515,32Mt_L2_NS,NONE,0.009,0.0
515,NvcMt_L1_NS,NONE,0.005,0.0
520,304Nvl_L1_EW,304NVL_EW,0.152,0.152
520,304Nvl_L2_EW,304NVL_EW,0.123,0.123
520,32Nvl_L3_NS,NONE,0.042,0.0
520,32Nvl_L2_NS,32NVL_NS,0.039,0.039
520,NvcNvl_L2_NS,NONE,0.007,0.0
520,32Mt_L1_EW,NONE,0.029,0.0
520,32Mt_L3_EW,NONE,0.027,0.0
520,32Mt_L1_EW,32MT_EW,0.007,0.007
520,32Mt_L1_NS,NONE,0.01,0.0
520,NvcMt_L2_NS,NONE,0.005,0.0
520,32Thn_L1_EW,32THN_EW,0.04,0.04
520,32Thn_L2_EW,32THN_EW,0.042,0.042
520,32Thn_L3_EW,NONE,0.041,0.0
520,304Nvl_L3_EW,NONE,0.101,0.0
520,32Nvl_L1_NS,32NVL_NS,0.04,0.04
520,NvcNvl_L1_NS,NONE,0.009,0.0
520,32Mt_L2_EW,NONE,0.023,0.0
520,32Mt_L2_NS,NONE,0.009,0.0
520,NvcMt_L1_NS,NONE,0.005,0.0
525,304Nvl_L1_EW,304NVL_EW,0.135,0.135
525,304Nvl_L2_EW,304NVL_EW,0.109,0.109
525,304Nvl_L1_NS,NONE,0.007,0.0
525,32Nvl_L3_NS,NONE,0.05,0.0
525,32Nvl_L2_NS,32NVL_NS,0.047,0.047
525,32Mt_L1_NS,32MT_NS,0.006,0.006
525,32Mt_L1_EW,32MT_EW,0.007,0.007
525,32Mt_L1_NS,NONE,0.02,0.0
525,32Thn_L1_EW,NONE,0.049,0.0
525,304Nvl_L3_EW,NONE,0.095,0.0
525,32Nvl_L1_NS,32NVL_NS,0.047,0.047
525,32Mt_L2_EW,32MT_EW,0.005,0.005
525,32Mt_L2_NS,NONE,0.009,0.0
530,304Nvl_L1_EW,304NVL_EW,0.042,0.042
530,304Nvl_L2_EW,304NVL_EW,0.029,0.029
530,304Nvl_L1_NS,NONE,0.015,0.0
530,32Nvl_L3_NS,NONE,0.05,0.0
530,32Nvl_L2_NS,32NVL_NS,0.047,0.047
530,32Mt_L1_NS,32MT_NS,0.013,0.013
530,32Mt_L1_EW,NONE,0.05,0.0
530,32Mt_L3_EW,NONE,0.053,0.0
530,32Mt_L1_EW,32MT_EW,0.014,0.014
530,32Mt_L1_NS,NONE,0.01,0.0
530,304Nvl_L3_EW,NONE,0.025,0.0
530,32Nvl_L1_NS,32NVL_NS,0.04,0.04
530,32Mt_L2_EW,NONE,0.045,0.0
530,32Mt_L2_EW,32MT_EW,0.005,0.005
530,32Mt_L2_NS,NONE,0.009,0.0
535,304Nvl_L1_EW,304NVL_EW,0.008,0.008
535,304Nvl_L2_EW,304NVL_EW,0.007,0.007
535,304Nvl_L1_NS,NONE,0.109,0.0
535,32Nvl_L1_EW,32NVL_EW,0.007,-0.003
535,32Nvl_L2_EW,32NVL_EW,0.008,-0.002
535,32Nvl_L3_NS,NONE,0.05,0.0
535,32Nvl_L2_NS,32NVL_NS,0.047,0.047
535,NvcNvl_L3_NS,NONE,0.014,0.0
535,NvcNvl_L2_NS,NONE,0.013,0.0
535,32Mt_L1_NS,32MT_NS,0.013,0.013
535,32Mt_L1_EW,32MT_EW,0.007,0.002
535,32Thn_L1_EW,32THN_EW,0.008,0.003
535,32Thn_L2_EW,32THN_EW,0.008,0.003
535,32Thn_L3_EW,NONE,0.008,0.0
535,304Nvl_L3_EW,NONE,0.006,0.0
535,32Nvl_L3_EW,NONE,0.006,0.0
535,32Nvl_L1_NS,32NVL_NS,0.04,0.04
535,NvcNvl_L1_NS,NONE,0.017,0.0
535,32Mt_L2_EW,32MT_EW,0.005,0.0
540,304Nvl_L1_EW,304NVL_EW,0.008,0.008
540,304Nvl_L1_NS,NONE,0.109,0.0
540,32Nvl_L3_NS,NONE,0.05,0.0
540,32Nvl_L2_NS,32NVL_NS,0.047,0.047
540,NvcNvl_L1_EW,NONE,0.011,0.0
540,NvcNvl_L2_EW,NONE,0.008,0.0
540,32Mt_L1_NS,32MT_NS,0.006,0.006
540,32Mt_L1_EW,32MT_EW,0.049,0.049
540,32Mt_L1_NS,NONE,0.01,0.0
540,NvcMt_L2_NS,NONE,0.005,0.0
540,32Thn_L1_EW,32THN_EW,0.016,0.016
540,32Thn_L2_EW,32THN_EW,0.017,0.017
540,NvcCmt8_L1_NS,NONE,0.039,0.0
540,32Thn_L3_EW,NONE,0.016,0.0
540,32Nvl_L1_NS,32NVL_NS,0.047,0.047
540,NvcNvl_L3_EW,NONE,0.006,0.0
540,32Mt_L2_EW,32MT_EW,0.033,0.033
540,32Mt_L2_NS,NONE,0.009,0.0
540,NvcMt_L1_NS,NONE,0.005,0.0
545,304Nvl_L1_EW,304NVL_EW,0.008,0.008
545,304Nvl_L2_EW,304NVL_EW,0.007,0.007
545,304Nvl_L1_NS,NONE,0.022,0.0
545,32Nvl_L3_NS,NONE,0.058,0.0
545,32Nvl_L2_NS,32NVL_NS,0.055,0.055
545,32Mt_L1_NS,32MT_NS,0.006,0.006
545,NvcCmt8_L2_NS,NONE,0.054,0.0
545,32Thn_L1_EW,NONE,0.019,0.0
545,NvcCmt8_L1_NS,NONE,0.039,0.0
545,304Nvl_L3_EW,NONE,0.006,0.0
545,32Nvl_L1_NS,32NVL_NS,0.054,0.054
550,304Nvl_L1_NS,NONE,0.007,0.0
550,32Nvl_L3_NS,NONE,0.058,0.0
550,32Nvl_L2_NS,32NVL_NS,0.055,0.055
550,NvcNvl_L3_NS,NONE,0.007,0.0
550,NvcNvl_L2_NS,NONE,0.007,0.0
550,NvcNvl_L1_EW,NVCNVL_EW,0.007,0.007
550,32Mt_L1_NS,32MT_NS,0.006,0.006
550,32Mt_L1_EW,NONE,0.007,0.0
550,32Mt_L3_EW,NONE,0.009,0.0
550,32Nvl_L1_NS,32NVL_NS,0.054,0.054
550,NvcNvl_L1_NS,NONE,0.009,0.0
550,32Mt_L2_EW,NONE,0.008,0.0
555,32Nvl_L3_NS,NONE,0.007,0.0
555,32Nvl_L1_NS,32NVL_NS,0.007,0.007
555,32Nvl_L3_NS,NONE,0.067,0.0
555,32Nvl_L2_NS,32NVL_NS,0.063,0.063
555,NvcNvl_L3_NS,NONE,0.007,0.0
555,NvcNvl_L2_NS,NONE,0.007,0.0
555,NvcNvl_L1_EW,NVCNVL_EW,0.007,0.007
555,NvcNvl_L2_EW,NVCNVL_EW,0.008,0.008
555,32Mt_L1_NS,32MT_NS,0.006,0.006
555,32Nvl_L2_NS,32NVL_NS,0.007,0.007
555,32Nvl_L1_NS,32NVL_NS,0.054,0.054
555,NvcNvl_L1_NS,NONE,0.009,0.0
555,NvcNvl_L3_EW,NONE,0.009,0.0
560,304Nvl_L1_EW,304NVL_EW,0.008,0.008
560,304Nvl_L2_EW,304NVL_EW,0.007,0.007
560,32Nvl_L3_NS,NONE,0.007,0.0
560,32Nvl_L1_NS,32NVL_NS,0.014,0.014
560,32Nvl_L1_EW,32NVL_EW,0.007,0.002
560,32Nvl_L2_EW,32NVL_EW,0.008,0.008
560,32Nvl_L3_NS,NONE,0.075,0.0
560,32Nvl_L2_NS,32NVL_NS,0.071,0.071
560,NvcNvl_L1_EW,NONE,0.011,0.0
560,NvcNvl_L2_EW,NONE,0.008,0.0
560,32Mt_L1_EW,32MT_EW,0.007,0.002
560,NvcCmt8_L2_EW,NONE,0.037,0.0
560,304Nvl_L3_EW,NONE,0.006,0.0
560,32Nvl_L2_NS,32NVL_NS,0.013,0.013
560,32Nvl_L3_EW,NONE,0.006,0.0
560,32Nvl_L1_NS,32NVL_NS,0.06,0.06
560,NvcCmt8_L1_EW,NONE,0.029,0.0
565,304Nvl_L1_EW,304NVL_EW,0.017,0.017
565,304Nvl_L2_EW,304NVL_EW,0.015,0.015
565,32Nvl_L3_NS,NONE,0.014,0.0
565,32Nvl_L1_NS,32NVL_NS,0.028,0.028
565,32Nvl_L1_EW,32NVL_EW,0.007,0.007
565,32Nvl_L2_EW,32NVL_EW,0.008,0.008
565,32Nvl_L3_NS,NONE,0.05,0.0
565,32Nvl_L2_NS,32NVL_NS,0.047,0.047
565,NvcCmt8_L1_NS,NONE,0.093,0.0
565,304Nvl_L3_EW,NONE,0.006,0.0
565,32Nvl_L2_NS,32NVL_NS,0.027,0.027
565,32Nvl_L3_EW,NONE,0.006,0.0
565,32Nvl_L1_NS,32NVL_NS,0.04,0.04
570,304Nvl_L1_NS,304NVL_NS,0.045,-0.032
570,304Nvl_L3_NS,NONE,0.037,0.0
570,304Nvl_L1_EW,304NVL_EW,0.017,0.017
570,304Nvl_L2_EW,304NVL_EW,0.015,0.015
570,32Nvl_L3_NS,NONE,0.095,0.0
570,32Nvl_L1_NS,32NVL_NS,0.111,0.079
570,32Nvl_L1_EW,32NVL_EW,0.007,0.002
570,32Nvl_L2_EW,32NVL_EW,0.008,0.004
570,32Nvl_L3_NS,NONE,0.017,0.0
570,32Nvl_L2_NS,32NVL_NS,0.024,-0.003
570,32Mt_L1_EW,32MT_EW,0.007,0.002
570,NvcCmt8_L2_NS,NONE,0.129,0.0
570,NvcCmt8_L1_NS,NONE,0.093,0.0
570,304Nvl_L2_NS,304NVL_NS,0.038,0.021
570,304Nvl_L3_EW,NONE,0.013,0.0
570,32Nvl_L2_NS,32NVL_NS,0.1,0.073
570,32Nvl_L3_EW,NONE,0.006,0.0
570,32Nvl_L1_NS,32NVL_NS,0.02,-0.012
570,32Mt_L2_EW,32MT_EW,0.005,0.0
575,304Nvl_L1_NS,304NVL_NS,0.045,0.026
575,304Nvl_L3_NS,NONE,0.037,0.0
575,304Nvl_L1_EW,304NVL_EW,0.017,0.017
575,304Nvl_L2_EW,304NVL_EW,0.015,0.015
575,32Nvl_L3_NS,NONE,0.014,0.0
575,32Nvl_L1_NS,32NVL_NS,0.028,-0.004
575,32Nvl_L1_EW,32NVL_EW,0.014,0.009
575,32Nvl_L2_EW,32NVL_EW,0.015,0.012
575,NvcNvl_L3_NS,NONE,0.041,0.0
575,NvcNvl_L2_NS,NONE,0.04,0.0
575,32Mt_L1_EW,32MT_EW,0.007,-0.003
575,304Nvl_L2_NS,304NVL_NS,0.038,0.038
575,304Nvl_L3_EW,NONE,0.013,0.0
575,32Nvl_L2_NS,32NVL_NS,0.02,-0.007
575,32Nvl_L3_EW,NONE,0.013,0.0
575,NvcNvl_L1_NS,NONE,0.052,0.0
575,32Mt_L2_EW,32MT_EW,0.005,-0.005
575,NvcCmt8_L1_EW,NVCCMT8_EW,0.038,0.038
580,304Nvl_L1_NS,304NVL_NS,0.045,0.026
580,304Nvl_L3_NS,NONE,0.037,0.0
580,32Nvl_L3_NS,NONE,0.014,0.0
580,32Nvl_L1_NS,32NVL_NS,0.028,-0.004
580,32Nvl_L1_EW,32NVL_EW,0.007,-0.003
580,32Nvl_L2_EW,32NVL_EW,0.008,0.0
580,32Mt_L1_EW,32MT_EW,0.014,0.009
580,NvcMt_L1_EW,NVCMT_EW,0.006,-0.021
580,304Nvl_L2_NS,304NVL_NS,0.038,0.038
580,32Nvl_L2_NS,32NVL_NS,0.02,-0.007
580,32Nvl_L3_EW,NONE,0.006,0.0
580,32Nvl_L1_NS,32NVL_NS,0.013,-0.018
580,32Mt_L2_EW,32MT_EW,0.011,0.005
580,NvcMt_L2_EW,NVCMT_EW,0.008,0.008
580,NvcCmt8_L1_EW,NVCCMT8_EW,0.038,0.034
585,304Nvl_L1_NS,304NVL_NS,0.045,0.04
585,304Nvl_L3_NS,NONE,0.037,0.0
585,304Nvl_L1_EW,304NVL_EW,0.008,0.008
585,304Nvl_L2_EW,304NVL_EW,0.007,0.007
585,32Nvl_L1_NS,32NVL_NS,0.007,-0.025
585,32Nvl_L1_EW,32NVL_EW,0.007,-0.056
585,32Nvl_L2_EW,32NVL_EW,0.008,-0.042
585,32Nvl_L3_NS,NONE,0.008,0.0
585,32Nvl_L2_NS,32NVL_NS,0.008,-0.019
585,NvcNvl_L3_NS,NONE,0.007,0.0
585,NvcNvl_L2_NS,NONE,0.007,0.0
585,32Mt_L1_EW,32MT_EW,0.091,0.086
585,NvcMt_L1_EW,NVCMT_EW,0.006,0.006
585,304Nvl_L2_NS,304NVL_NS,0.038,0.032
585,304Nvl_L3_EW,NONE,0.006,0.0
585,32Nvl_L3_EW,NONE,0.006,0.0
585,32Nvl_L1_NS,32NVL_NS,0.034,0.002
585,NvcNvl_L1_NS,NONE,0.009,0.0
585,32Mt_L2_EW,32MT_EW,0.071,0.065
585,NvcMt_L2_EW,NVCMT_EW,0.008,0.008
590,304Nvl_L1_NS,304NVL_NS,0.045,0.036
590,304Nvl_L3_NS,NONE,0.037,0.0
590,304Nvl_L1_EW,304NVL_EW,0.008,0.008
590,304Nvl_L2_EW,304NVL_EW,0.007,0.007
590,32Nvl_L1_NS,32NVL_NS,0.014,-0.018
590,32Nvl_L1_EW,32NVL_EW,0.007,-0.061
590,32Nvl_L2_EW,32NVL_EW,0.008,-0.046
590,32Nvl_L3_NS,NONE,0.042,0.0
590,32Nvl_L2_NS,32NVL_NS,0.039,0.013
590,NvcNvl_L3_NS,NONE,0.034,0.0
590,NvcNvl_L2_NS,NONE,0.033,0.0
590,32Mt_L1_NS,32MT_NS,0.006,0.006
590,32Mt_L1_EW,NONE,0.036,0.0
590,32Mt_L3_EW,NONE,0.044,0.0
590,32Mt_L1_EW,32MT_EW,0.098,0.093
590,NvcMt_L1_EW,NVCMT_EW,0.006,0.006
590,304Nvl_L2_NS,304NVL_NS,0.038,0.01
590,304Nvl_L3_EW,NONE,0.006,0.0
590,32Nvl_L3_EW,NONE,0.006,0.0
590,32Nvl_L1_NS,32NVL_NS,0.054,0.022
590,NvcNvl_L1_NS,NONE,0.044,0.0
590,32Mt_L2_EW,NONE,0.038,0.0
590,32Mt_L2_EW,32MT_EW,0.076,0.071
590,NvcMt_L2_EW,NVCMT_EW,0.008,0.008
595,304Nvl_L1_NS,304NVL_NS,0.045,0.036
595,304Nvl_L3_NS,NONE,0.037,0.0
595,304Nvl_L1_EW,304NVL_EW,0.008,0.008
595,304Nvl_L1_NS,NONE,0.007,0.0
595,32Nvl_L1_NS,32NVL_NS,0.014,-0.018
595,32Nvl_L1_EW,32NVL_EW,0.007,-0.003
595,32Nvl_L2_EW,32NVL_EW,0.008,0.0
595,32Nvl_L1_EW,32NVL_EW,0.034,0.024
595,32Nvl_L2_EW,32NVL_EW,0.037,0.03
595,32Mt_L1_EW,NONE,0.043,0.0
595,32Mt_L3_EW,NONE,0.053,0.0
595,32Mt_L1_EW,32MT_EW,0.014,0.009
595,NvcCmt8_L2_EW,NONE,0.007,0.0
595,304Nvl_L2_NS,304NVL_NS,0.038,0.038
595,32Nvl_L3_EW,NONE,0.031,0.0
595,32Nvl_L3_EW,NONE,0.006,0.0
595,32Nvl_L1_NS,32NVL_NS,0.007,-0.025
595,32Mt_L2_EW,NONE,0.045,0.0
595,32Mt_L2_EW,32MT_EW,0.011,0.005
595,NvcCmt8_L1_EW,NONE,0.006,0.0
600,304Nvl_L1_NS,304NVL_NS,0.045,0.045
600,304Nvl_L3_NS,NONE,0.037,0.0
600,304Nvl_L1_EW,304NVL_EW,0.008,0.008
600,304Nvl_L1_NS,NONE,0.007,0.0
600,304Nvl_L3_NS,NONE,0.008,0.0
600,32Nvl_L1_EW,32NVL_EW,0.007,0.002
600,32Nvl_L2_EW,32NVL_EW,0.008,0.004
600,32Nvl_L1_EW,32NVL_EW,0.034,0.029
600,32Nvl_L2_EW,32NVL_EW,0.037,0.034
600,32Nvl_L2_NS,32NVL_NS,0.008,-0.019
600,NvcNvl_L3_NS,NONE,0.007,0.0
600,NvcNvl_L2_NS,NONE,0.007,0.0
600,32Mt_L1_EW,32MT_EW,0.007,0.002
600,NvcMt_L1_EW,NVCMT_EW,0.006,0.006
600,304Nvl_L2_NS,304NVL_NS,0.038,0.032
600,304Nvl_L2_NS,NONE,0.007,0.0
600,32Nvl_L3_EW,NONE,0.031,0.0
600,32Nvl_L3_EW,NONE,0.006,0.0
600,32Nvl_L1_NS,32NVL_NS,0.007,-0.025
600,NvcNvl_L1_NS,NONE,0.009,0.0
600,32Mt_L2_EW,32MT_EW,0.005,0.0
600,NvcMt_L2_EW,NVCMT_EW,0.008,0.008
605,304Nvl_L1_NS,304NVL_NS,0.054,0.054
605,304Nvl_L3_NS,NONE,0.037,0.0
605,304Nvl_L1_NS,NONE,0.007,0.0
605,304Nvl_L3_NS,NONE,0.008,0.0
605,32Nvl_L1_EW,32NVL_EW,0.007,0.002
605,32Nvl_L2_EW,32NVL_EW,0.008,0.008
605,32Nvl_L1_EW,32NVL_EW,0.047,0.042
605,32Nvl_L2_EW,32NVL_EW,0.052,0.052
605,32Nvl_L3_NS,NONE,0.109,0.0
605,32Nvl_L2_NS,32NVL_NS,0.103,0.076
605,NvcNvl_L3_NS,NONE,0.007,0.0
605,NvcNvl_L2_NS,NONE,0.013,0.0
605,32Mt_L1_NS,32MT_NS,0.075,0.075
605,32Mt_L1_EW,NONE,0.014,0.0
605,32Mt_L1_EW,32MT_EW,0.007,0.002
605,32Mt_L1_NS,NONE,0.059,0.0
605,NvcMt_L2_NS,NONE,0.005,0.0
605,NvcMt_L1_EW,NVCMT_EW,0.006,0.001
605,NvcCmt8_L2_NS,NONE,0.011,0.0
605,NvcCmt8_L1_NS,NONE,0.008,0.0
605,304Nvl_L2_NS,304NVL_NS,0.038,-0.034
605,304Nvl_L2_NS,NONE,0.007,0.0
605,32Nvl_L3_EW,NONE,0.043,0.0
605,32Nvl_L3_EW,NONE,0.006,0.0
605,32Nvl_L1_NS,32NVL_NS,0.087,0.049
605,NvcNvl_L1_NS,NONE,0.017,0.0
605,32Mt_L2_NS,NONE,0.009,0.0
605,NvcMt_L1_NS,NONE,0.005,0.0
605,NvcMt_L2_EW,NVCMT_EW,0.008,0.008
605,NvcCmt8_L1_EW,NVCCMT8_EW,0.008,0.003
610,304Nvl_L1_NS,304NVL_NS,0.054,0.054
610,304Nvl_L3_NS,NONE,0.037,0.0
610,304Nvl_L1_EW,304NVL_EW,0.008,0.008
610,304Nvl_L1_NS,NONE,0.007,0.0
610,304Nvl_L3_NS,NONE,0.008,0.0
610,32Nvl_L1_EW,32NVL_EW,0.007,-0.003
610,32Nvl_L2_EW,32NVL_EW,0.008,0.0
610,32Nvl_L1_EW,32NVL_EW,0.047,0.037
610,32Nvl_L2_EW,32NVL_EW,0.052,0.045
610,32Nvl_L3_NS,NONE,0.1,0.0
610,32Nvl_L2_NS,32NVL_NS,0.095,0.068
610,NvcNvl_L3_NS,NONE,0.007,0.0
610,NvcNvl_L2_NS,NONE,0.007,0.0
610,NvcNvl_L1_EW,NONE,0.011,0.0
610,NvcNvl_L2_EW,NONE,0.008,0.0
610,32Mt_L1_NS,32MT_NS,0.075,0.075
610,32Mt_L1_EW,NONE,0.007,0.0
610,32Mt_L1_EW,32MT_EW,0.014,0.009
610,32Mt_L1_NS,NONE,0.01,0.0
610,NvcMt_L1_EW,NVCMT_EW,0.006,-0.021
610,NvcCmt8_L2_EW,NVCCMT8_EW,0.026,0.026
610,NvcCmt8_L2_NS,NONE,0.022,0.0
610,NvcCmt8_L1_NS,NONE,0.015,0.0
610,304Nvl_L2_NS,304NVL_NS,0.038,-0.028
610,304Nvl_L2_NS,NONE,0.007,0.0
610,32Nvl_L3_EW,NONE,0.043,0.0
610,32Nvl_L3_EW,NONE,0.006,0.0
610,32Nvl_L1_NS,32NVL_NS,0.081,0.043
610,NvcNvl_L1_NS,NONE,0.009,0.0
610,32Mt_L2_EW,32MT_EW,0.011,0.005
610,32Mt_L2_NS,NONE,0.009,0.0
610,NvcMt_L2_EW,NVCMT_EW,0.008,-0.011
610,NvcCmt8_L1_EW,NVCCMT8_EW,0.038,0.034
615,304Nvl_L1_NS,304NVL_NS,0.045,0.045
615,304Nvl_L3_NS,NONE,0.037,0.0
615,304Nvl_L1_EW,304NVL_EW,0.017,0.017
615,304Nvl_L2_EW,304NVL_EW,0.007,0.007
615,304Nvl_L1_NS,NONE,0.007,0.0
615,304Nvl_L3_NS,NONE,0.008,0.0
615,32Nvl_L1_EW,32NVL_EW,0.007,-0.021
615,32Nvl_L2_EW,32NVL_EW,0.008,-0.021
615,32Nvl_L1_EW,32NVL_EW,0.04,0.012
615,32Nvl_L2_EW,32NVL_EW,0.045,0.016
615,NvcNvl_L1_EW,NVCNVL_EW,0.007,0.007
615,32Mt_L1_NS,32MT_NS,0.075,0.075
615,32Mt_L1_EW,NONE,0.007,0.0
615,32Mt_L3_EW,NONE,0.009,0.0
615,32Mt_L1_NS,NONE,0.01,0.0
615,NvcCmt8_L2_EW,NVCCMT8_EW,0.026,0.026
615,32Thn_L1_EW,32THN_EW,0.04,0.035
615,32Thn_L2_EW,32THN_EW,0.042,0.036
615,32Thn_L3_EW,NONE,0.041,0.0
615,304Nvl_L2_NS,304NVL_NS,0.038,0.038
615,304Nvl_L3_EW,NONE,0.006,0.0
615,304Nvl_L2_NS,NONE,0.007,0.0
615,32Nvl_L3_EW,NONE,0.037,0.0
615,32Nvl_L3_EW,NONE,0.006,0.0
615,32Mt_L2_EW,NONE,0.008,0.0
615,NvcCmt8_L1_EW,NVCCMT8_EW,0.038,0.038
620,304Nvl_L1_NS,304NVL_NS,0.045,0.04
620,304Nvl_L3_NS,NONE,0.037,0.0
620,304Nvl_L1_EW,304NVL_EW,0.008,0.008
620,304Nvl_L1_NS,NONE,0.007,0.0
620,304Nvl_L3_NS,NONE,0.008,0.0
620,32Nvl_L1_NS,32NVL_NS,0.007,-0.025
620,32Nvl_L1_EW,32NVL_EW,0.007,-0.003
620,32Nvl_L2_EW,32NVL_EW,0.008,0.004
620,32Nvl_L1_EW,32NVL_EW,0.04,0.031
620,32Nvl_L2_EW,32NVL_EW,0.045,0.041
620,NvcNvl_L1_EW,NVCNVL_EW,0.007,0.007
620,32Mt_L1_NS,32MT_NS,0.038,0.038
620,32Mt_L1_EW,32MT_EW,0.014,0.009
620,NvcCmt8_L2_EW,NVCCMT8_EW,0.026,0.026
620,32Thn_L1_EW,NONE,0.049,0.0
620,304Nvl_L2_NS,304NVL_NS,0.038,0.038
620,304Nvl_L2_NS,NONE,0.007,0.0
620,32Nvl_L2_NS,32NVL_NS,0.007,-0.02
620,32Nvl_L3_EW,NONE,0.037,0.0
620,32Nvl_L3_EW,NONE,0.006,0.0
620,32Mt_L2_NS,32MT_NS,0.032,0.032
620,32Mt_L2_EW,32MT_EW,0.005,0.0
620,NvcCmt8_L1_EW,NVCCMT8_EW,0.038,0.038
625,304Nvl_L1_NS,304NVL_NS,0.045,-0.013
625,304Nvl_L3_NS,NONE,0.037,0.0
625,304Nvl_L1_EW,304NVL_EW,0.017,0.017
625,304Nvl_L2_EW,304NVL_EW,0.007,0.007
625,304Nvl_L1_NS,NONE,0.007,0.0
625,304Nvl_L3_NS,NONE,0.008,0.0
625,32Nvl_L1_NS,32NVL_NS,0.083,0.051
625,32Nvl_L1_EW,32NVL_EW,0.007,-0.003
625,32Nvl_L2_EW,32NVL_EW,0.008,0.008
625,32Nvl_L1_EW,32NVL_EW,0.04,0.031
625,32Nvl_L2_EW,32NVL_EW,0.045,0.045
625,NvcNvl_L3_NS,NONE,0.007,0.0
625,NvcNvl_L2_NS,NONE,0.007,0.0
625,NvcNvl_L1_EW,NVCNVL_EW,0.007,0.003
625,32Mt_L1_NS,32MT_NS,0.038,0.038
625,32Mt_L1_EW,32MT_EW,0.014,0.009
625,NvcMt_L1_EW,NVCMT_EW,0.006,0.001
625,304Nvl_L2_NS,304NVL_NS,0.038,0.038
625,304Nvl_L3_EW,NONE,0.006,0.0
625,304Nvl_L2_NS,NONE,0.007,0.0
625,32Nvl_L3_EW,NONE,0.037,0.0
625,32Nvl_L3_EW,NONE,0.006,0.0
625,32Nvl_L1_NS,32NVL_NS,0.007,-0.025
625,NvcNvl_L1_NS,NONE,0.009,0.0
625,32Mt_L2_NS,32MT_NS,0.032,0.032
625,NvcMt_L2_EW,NVCMT_EW,0.008,0.008
630,304Nvl_L1_NS,304NVL_NS,0.045,-0.013
630,304Nvl_L3_NS,NONE,0.037,0.0
630,304Nvl_L1_EW,304NVL_EW,0.025,0.025
630,304Nvl_L2_EW,304NVL_EW,0.015,0.015
630,32Nvl_L1_NS,32NVL_NS,0.083,0.051
630,32Nvl_L1_EW,32NVL_EW,0.007,0.007
630,32Nvl_L2_EW,32NVL_EW,0.008,0.008
630,32Nvl_L1_EW,32NVL_EW,0.04,0.04
630,32Nvl_L2_EW,32NVL_EW,0.045,0.045
630,NvcNvl_L1_EW,NONE,0.021,0.0
630,NvcNvl_L2_EW,NONE,0.015,0.0
630,32Mt_L1_NS,32MT_NS,0.031,0.031
630,32Mt_L1_EW,NONE,0.079,0.0
630,32Mt_L3_EW,NONE,0.088,0.0
630,304Nvl_L2_NS,304NVL_NS,0.038,0.038
630,304Nvl_L3_EW,NONE,0.013,0.0
630,32Nvl_L3_EW,NONE,0.037,0.0
630,32Nvl_L3_EW,NONE,0.006,0.0
630,NvcNvl_L3_EW,NONE,0.006,0.0
630,32Mt_L2_NS,32MT_NS,0.032,0.032
630,32Mt_L2_EW,NONE,0.075,0.0
630,NvcCmt8_L1_EW,NONE,0.029,0.0
635,304Nvl_L1_NS,304NVL_NS,0.045,0.045
635,304Nvl_L3_NS,NONE,0.037,0.0
635,304Nvl_L1_EW,304NVL_EW,0.008,0.008
635,32Nvl_L1_EW,32NVL_EW,0.007,0.007
635,32Nvl_L2_EW,32NVL_EW,0.008,0.008
635,32Nvl_L1_EW,32NVL_EW,0.04,0.04
635,32Nvl_L2_EW,32NVL_EW,0.045,0.045
635,32Mt_L1_NS,32MT_NS,0.031,0.031
635,32Mt_L1_EW,NONE,0.043,0.0
635,32Mt_L3_EW,NONE,0.009,0.0
635,NvcCmt8_L2_EW,NVCCMT8_EW,0.005,0.005
635,304Nvl_L2_NS,304NVL_NS,0.038,0.038
635,32Nvl_L3_EW,NONE,0.037,0.0
635,32Nvl_L3_EW,NONE,0.006,0.0
635,32Mt_L2_NS,32MT_NS,0.032,0.032
635,32Mt_L2_EW,NONE,0.045,0.0
635,NvcCmt8_L1_EW,NVCCMT8_EW,0.008,0.008
640,304Nvl_L1_NS,304NVL_NS,0.054,0.054
640,304Nvl_L3_NS,NONE,0.037,0.0
640,304Nvl_L1_EW,304NVL_EW,0.008,0.008
640,304Nvl_L1_NS,NONE,0.007,0.0
640,32Nvl_L1_EW,32NVL_EW,0.007,-0.003
640,32Nvl_L2_EW,32NVL_EW,0.008,-0.002
640,32Nvl_L1_EW,32NVL_EW,0.04,0.03
640,32Nvl_L2_EW,32NVL_EW,0.045,0.035
640,32Nvl_L3_NS,NONE,0.008,0.0
640,32Nvl_L2_NS,32NVL_NS,0.008,-0.019
640,NvcNvl_L1_EW,NONE,0.011,0.0
640,NvcNvl_L2_EW,NONE,0.008,0.0
640,32Mt_L1_NS,32MT_NS,0.031,0.031
640,32Mt_L1_EW,32MT_EW,0.007,0.002
640,32Mt_L1_NS,NONE,0.01,0.0
640,NvcMt_L1_EW,NVCMT_EW,0.006,0.006
640,32Thn_L1_EW,32THN_EW,0.008,0.003
640,32Thn_L2_EW,32THN_EW,0.008,0.003
640,32Thn_L3_EW,NONE,0.008,0.0
640,304Nvl_L2_NS,304NVL_NS,0.038,0.032
640,32Nvl_L3_EW,NONE,0.037,0.0
640,32Nvl_L3_EW,NONE,0.006,0.0
640,32Nvl_L1_NS,32NVL_NS,0.007,-0.031
640,32Mt_L2_EW,32MT_EW,0.005,0.0
640,32Mt_L2_NS,NONE,0.009,0.0
640,NvcMt_L2_EW,NVCMT_EW,0.008,0.008
640,NvcCmt8_L1_EW,NONE,0.006,0.0
645,304Nvl_L1_NS,304NVL_NS,0.054,0.054
645,304Nvl_L3_NS,NONE,0.037,0.0
645,32Nvl_L1_EW,32NVL_EW,0.007,-0.042
645,32Nvl_L2_EW,32NVL_EW,0.008,-0.011
645,32Nvl_L1_EW,32NVL_EW,0.04,-0.009
645,32Nvl_L2_EW,32NVL_EW,0.045,0.026
645,32Mt_L1_NS,32MT_NS,0.038,0.038
645,32Mt_L1_EW,32MT_EW,0.07,0.065
645,32Thn_L1_EW,NONE,0.01,0.0
645,304Nvl_L2_NS,304NVL_NS,0.038,0.038
645,32Nvl_L3_EW,NONE,0.037,0.0
645,32Nvl_L3_EW,NONE,0.006,0.0
645,32Mt_L2_EW,32MT_EW,0.027,0.022
650,304Nvl_L1_NS,304NVL_NS,0.045,0.04
650,304Nvl_L3_NS,NONE,0.037,0.0
650,304Nvl_L1_EW,304NVL_EW,0.008,0.008
650,304Nvl_L2_EW,304NVL_EW,0.007,0.007
650,32Nvl_L1_NS,32NVL_NS,0.007,-0.025
650,32Nvl_L1_EW,32NVL_EW,0.014,-0.035
650,32Nvl_L2_EW,32NVL_EW,0.015,-0.004
650,32Nvl_L1_EW,32NVL_EW,0.04,-0.009
650,32Nvl_L2_EW,32NVL_EW,0.045,0.026
650,32Mt_L1_NS,32MT_NS,0.006,0.006
650,32Mt_L1_EW,NONE,0.007,0.0
650,32Mt_L1_EW,32MT_EW,0.07,0.06
650,304Nvl_L2_NS,304NVL_NS,0.038,0.038
650,304Nvl_L3_EW,NONE,0.006,0.0
650,32Nvl_L3_EW,NONE,0.037,0.0
650,32Nvl_L3_EW,NONE,0.013,0.0
650,32Mt_L2_EW,32MT_EW,0.027,0.016
655,304Nvl_L1_NS,304NVL_NS,0.045,0.045
655,304Nvl_L3_NS,NONE,0.037,0.0
655,32Nvl_L1_EW,32NVL_EW,0.021,0.021
655,32Nvl_L2_EW,32NVL_EW,0.023,0.023
655,32Nvl_L1_EW,32NVL_EW,0.04,0.04
655,32Nvl_L2_EW,32NVL_EW,0.045,0.045
655,NvcMt_L2_NS,NONE,0.005,0.0
655,304Nvl_L2_NS,304NVL_NS,0.038,0.038
655,32Nvl_L3_EW,NONE,0.037,0.0
655,32Nvl_L3_EW,NONE,0.019,0.0
655,NvcMt_L1_NS,NONE,0.005,0.0
660,304Nvl_L1_NS,304NVL_NS,0.054,0.054
660,304Nvl_L3_NS,NONE,0.044,0.0
660,304Nvl_L1_EW,304NVL_EW,0.102,0.102
660,304Nvl_L2_EW,304NVL_EW,0.087,0.087
660,304Nvl_L1_NS,NONE,0.007,0.0
660,32Nvl_L1_EW,32NVL_EW,0.007,0.007
660,32Nvl_L2_EW,32NVL_EW,0.008,0.008
660,32Nvl_L1_EW,32NVL_EW,0.04,0.04
660,32Nvl_L2_EW,32NVL_EW,0.045,0.045
660,304Nvl_L2_NS,304NVL_NS,0.046,0.046
660,304Nvl_L3_EW,NONE,0.076,0.0
660,32Nvl_L3_EW,NONE,0.037,0.0
660,32Nvl_L3_EW,NONE,0.006,0.0
660,32Nvl_L1_NS,32NVL_NS,0.007,-0.031
665,304Nvl_L1_NS,304NVL_NS,0.054,0.049
665,304Nvl_L3_NS,NONE,0.044,0.0
665,304Nvl_L1_EW,304NVL_EW,0.11,0.11
665,304Nvl_L2_EW,304NVL_EW,0.094,0.094
665,32Nvl_L1_NS,32NVL_NS,0.007,-0.031
665,304Nvl_L2_NS,304NVL_NS,0.046,0.046
665,304Nvl_L3_EW,NONE,0.082,0.0
665,32Nvl_L2_NS,32NVL_NS,0.007,-0.025
670,304Nvl_L1_NS,304NVL_NS,0.054,0.049
670,304Nvl_L3_NS,NONE,0.044,0.0
670,304Nvl_L1_EW,304NVL_EW,0.017,0.017
670,304Nvl_L2_EW,304NVL_EW,0.015,0.015
670,304Nvl_L1_NS,NONE,0.088,0.0
670,32Nvl_L1_NS,32NVL_NS,0.007,-0.031
670,32Nvl_L1_EW,32NVL_EW,0.007,0.007
670,32Nvl_L2_EW,32NVL_EW,0.008,0.008
670,32Nvl_L3_NS,NONE,0.058,0.0
670,32Nvl_L2_NS,32NVL_NS,0.055,0.023
670,NvcNvl_L3_NS,NONE,0.007,0.0
670,NvcNvl_L2_NS,NONE,0.007,0.0
670,304Nvl_L2_NS,304NVL_NS,0.046,0.007
670,304Nvl_L3_EW,NONE,0.013,0.0
670,304Nvl_L2_NS,NONE,0.089,0.0
670,32Nvl_L2_NS,32NVL_NS,0.007,-0.025
670,32Nvl_L3_EW,NONE,0.006,0.0
670,32Nvl_L1_NS,32NVL_NS,0.054,0.016
670,NvcNvl_L1_NS,NONE,0.009,0.0
675,304Nvl_L1_NS,304NVL_NS,0.054,0.049
675,304Nvl_L3_NS,NONE,0.007,0.0
675,304Nvl_L1_EW,304NVL_EW,0.102,0.102
675,304Nvl_L2_EW,304NVL_EW,0.087,0.087
675,304Nvl_L1_NS,NONE,0.182,0.0
675,304Nvl_L3_NS,NONE,0.104,0.0
675,32Nvl_L1_NS,32NVL_NS,0.007,-0.031
675,32Nvl_L1_EW,32NVL_EW,0.007,0.002
675,32Nvl_L2_EW,32NVL_EW,0.008,0.004
675,32Nvl_L3_NS,NONE,0.067,0.0
675,32Nvl_L2_NS,32NVL_NS,0.063,0.031
675,32Mt_L1_NS,32MT_NS,0.006,0.006
675,32Mt_L1_EW,32MT_EW,0.007,0.002
675,32Mt_L1_NS,NONE,0.01,0.0
675,NvcCmt8_L2_EW,NVCCMT8_EW,0.005,0.005
675,304Nvl_L2_NS,304NVL_NS,0.046,0.001
675,304Nvl_L3_EW,NONE,0.076,0.0
675,304Nvl_L2_NS,NONE,0.096,0.0
675,32Nvl_L2_NS,32NVL_NS,0.007,-0.025
675,32Nvl_L3_EW,NONE,0.006,0.0
675,32Nvl_L1_NS,32NVL_NS,0.067,0.029
675,32Mt_L2_NS,32MT_NS,0.006,0.006
675,32Mt_L2_EW,32MT_EW,0.005,0.0
675,32Mt_L2_NS,NONE,0.009,0.0
675,NvcCmt8_L1_EW,NVCCMT8_EW,0.008,0.008
680,304Nvl_L1_NS,304NVL_NS,0.009,0.004
680,304Nvl_L3_NS,NONE,0.007,0.0
680,304Nvl_L1_EW,304NVL_EW,0.127,0.127
680,304Nvl_L2_EW,304NVL_EW,0.102,0.102
680,304Nvl_L1_NS,NONE,0.088,0.0
680,32Nvl_L1_NS,32NVL_NS,0.007,0.001
680,32Nvl_L1_EW,32NVL_EW,0.007,-0.022
680,32Nvl_L2_EW,32NVL_EW,0.008,-0.015
680,32Nvl_L3_NS,NONE,0.017,0.0
680,32Nvl_L2_NS,32NVL_NS,0.016,0.01
680,NvcNvl_L3_NS,NONE,0.007,0.0
680,NvcNvl_L2_NS,NONE,0.007,0.0
680,32Mt_L1_EW,32MT_EW,0.042,0.037
680,NvcCmt8_L2_EW,NVCCMT8_EW,0.005,0.005
680,304Nvl_L2_NS,304NVL_NS,0.008,-0.003
680,304Nvl_L3_EW,NONE,0.089,0.0
680,32Nvl_L2_NS,32NVL_NS,0.007,0.001
680,32Nvl_L3_EW,NONE,0.006,0.0
680,32Nvl_L1_NS,32NVL_NS,0.027,0.021
680,NvcNvl_L1_NS,NONE,0.009,0.0
680,32Mt_L2_EW,32MT_EW,0.033,0.027
680,NvcCmt8_L1_EW,NVCCMT8_EW,0.008,0.008
685,304Nvl_L1_EW,304NVL_EW,0.144,0.144
685,304Nvl_L2_EW,304NVL_EW,0.109,0.109
685,32Nvl_L3_NS,NONE,0.007,0.0
685,32Nvl_L1_NS,32NVL_NS,0.007,0.007
685,32Nvl_L1_EW,32NVL_EW,0.007,-0.027
685,32Nvl_L2_EW,32NVL_EW,0.008,-0.015
685,32Nvl_L1_EW,32NVL_EW,0.04,0.006
685,32Nvl_L2_EW,32NVL_EW,0.037,0.014
685,32Nvl_L3_NS,NONE,0.017,0.0
685,32Nvl_L2_NS,32NVL_NS,0.016,0.016
685,NvcNvl_L3_NS,NONE,0.007,0.0
685,NvcNvl_L2_NS,NONE,0.007,0.0
685,NvcNvl_L1_EW,NONE,0.011,0.0
685,NvcNvl_L2_EW,NONE,0.008,0.0
685,32Mt_L1_EW,32MT_EW,0.049,0.044
685,NvcCmt8_L2_EW,NVCCMT8_EW,0.005,0.005
685,304Nvl_L3_EW,NONE,0.095,0.0
685,32Nvl_L2_NS,32NVL_NS,0.007,0.007
685,32Nvl_L3_EW,NONE,0.031,0.0
685,32Nvl_L3_EW,NONE,0.006,0.0
685,32Nvl_L1_NS,32NVL_NS,0.013,0.013
685,NvcNvl_L1_NS,NONE,0.009,0.0
685,NvcNvl_L3_EW,NONE,0.006,0.0
685,32Mt_L2_EW,32MT_EW,0.033,0.027
685,NvcCmt8_L1_EW,NVCCMT8_EW,0.008,0.008
690,304Nvl_L1_EW,304NVL_EW,0.135,0.135
690,304Nvl_L2_EW,304NVL_EW,0.102,0.102
690,32Nvl_L1_NS,32NVL_NS,0.007,0.007
690,32Nvl_L1_EW,32NVL_EW,0.007,-0.027
690,32Nvl_L2_EW,32NVL_EW,0.008,-0.019
690,32Nvl_L3_NS,NONE,0.017,0.0
690,32Nvl_L2_NS,32NVL_NS,0.016,0.016
690,NvcNvl_L1_EW,NVCNVL_EW,0.007,0.007
690,NvcNvl_L2_EW,NVCNVL_EW,0.008,0.008
690,32Mt_L1_EW,NONE,0.007,0.0
690,32Mt_L1_EW,32MT_EW,0.049,0.044
690,304Nvl_L3_EW,NONE,0.089,0.0
690,32Nvl_L2_NS,32NVL_NS,0.007,0.007
690,32Nvl_L3_EW,NONE,0.006,0.0
690,32Nvl_L1_NS,32NVL_NS,0.047,0.047
690,NvcNvl_L3_EW,NONE,0.009,0.0
690,32Mt_L2_EW,32MT_EW,0.038,0.033
690,NvcCmt8_L1_EW,NONE,0.006,0.0
695,304Nvl_L1_EW,304NVL_EW,0.135,0.135
695,304Nvl_L2_EW,304NVL_EW,0.109,0.109
695,32Nvl_L1_NS,32NVL_NS,0.014,0.014
695,32Nvl_L1_EW,32NVL_EW,0.007,-0.027
695,32Nvl_L2_EW,32NVL_EW,0.007,-0.019
695,32Nvl_L3_NS,NONE,0.017,0.0
695,32Nvl_L2_NS,32NVL_NS,0.016,0.016
695,NvcNvl_L1_EW,NONE,0.011,0.0
695,NvcNvl_L2_EW,NONE,0.008,0.0
695,NvcNvl_L1_EW,NVCNVL_EW,0.014,0.014
695,NvcNvl_L2_EW,NVCNVL_EW,0.016,0.016
695,32Mt_L1_EW,NONE,0.007,0.0
695,32Mt_L1_EW,32MT_EW,0.049,0.049
695,NvcMt_L2_NS,NONE,0.005,0.0
695,304Nvl_L3_EW,NONE,0.095,0.0
695,32Nvl_L2_NS,32NVL_NS,0.007,0.007
695,32Nvl_L3_EW,NONE,0.006,0.0
695,32Nvl_L1_NS,32NVL_NS,0.054,0.054
695,NvcNvl_L3_EW,NONE,0.019,0.0
695,32Mt_L2_EW,32MT_EW,0.038,0.038
695,NvcMt_L1_NS,NONE,0.005,0.0
700,304Nvl_L1_EW,304NVL_EW,0.229,0.229
700,304Nvl_L2_EW,304NVL_EW,0.102,0.102
700,304Nvl_L1_NS,NONE,0.007,0.0
700,32Nvl_L1_NS,32NVL_NS,0.014,0.014
700,32Nvl_L3_NS,NONE,0.017,0.0
700,32Nvl_L2_NS,32NVL_NS,0.016,0.016
700,NvcNvl_L1_EW,NVCNVL_EW,0.014,0.01
700,NvcNvl_L2_EW,NVCNVL_EW,0.016,0.016
700,32Mt_L1_EW,32MT_EW,0.049,0.049
700,NvcMt_L1_EW,NVCMT_EW,0.006,-0.004
700,304Nvl_L3_EW,NONE,0.089,0.0
700,32Nvl_L2_NS,32NVL_NS,0.007,0.007
700,32Nvl_L1_NS,32NVL_NS,0.087,0.087
700,NvcNvl_L3_EW,NONE,0.019,0.0
700,32Mt_L2_EW,32MT_EW,0.038,0.038
700,NvcMt_L2_EW,NVCMT_EW,0.008,-0.003
705,304Nvl_L1_EW,304NVL_EW,0.339,0.339
705,304Nvl_L2_EW,304NVL_EW,0.203,0.203
705,304Nvl_L1_NS,NONE,0.007,0.0
705,32Nvl_L3_NS,NONE,0.007,0.0
705,32Nvl_L1_NS,32NVL_NS,0.014,0.014
705,32Nvl_L3_NS,NONE,0.017,0.0
705,32Nvl_L2_NS,32NVL_NS,0.016,0.016
705,NvcNvl_L1_EW,NVCNVL_EW,0.014,0.01
705,NvcNvl_L2_EW,NVCNVL_EW,0.016,0.016
705,32Mt_L1_EW,NONE,0.007,0.0
705,32Mt_L3_EW,NONE,0.009,0.0
705,32Mt_L1_EW,32MT_EW,0.049,0.049
705,NvcMt_L1_EW,NVCMT_EW,0.006,-0.004
705,304Nvl_L3_EW,NONE,0.171,0.0
705,32Nvl_L2_NS,32NVL_NS,0.013,0.013
705,32Nvl_L1_NS,32NVL_NS,0.054,0.054
705,NvcNvl_L3_EW,NONE,0.019,0.0
705,32Mt_L2_EW,NONE,0.008,0.0
705,32Mt_L2_EW,32MT_EW,0.038,0.038
705,NvcMt_L2_EW,NVCMT_EW,0.008,-0.003
710,304Nvl_L1_EW,304NVL_EW,0.33,0.33
710,304Nvl_L2_EW,304NVL_EW,0.196,0.196
710,32Nvl_L3_NS,NONE,0.007,0.0
710,32Nvl_L1_NS,32NVL_NS,0.014,0.014
710,32Nvl_L3_NS,NONE,0.033,0.0
710,32Nvl_L2_NS,32NVL_NS,0.032,0.032
710,NvcNvl_L1_EW,NVCNVL_EW,0.014,0.01
710,NvcNvl_L2_EW,NVCNVL_EW,0.016,0.016
710,32Mt_L1_NS,32MT_NS,0.006,0.006
710,32Mt_L1_EW,NONE,0.007,0.0
710,32Mt_L3_EW,NONE,0.009,0.0
710,32Mt_L1_EW,32MT_EW,0.056,0.056
710,NvcMt_L1_EW,NVCMT_EW,0.006,-0.004
710,304Nvl_L3_EW,NONE,0.171,0.0
710,32Nvl_L2_NS,32NVL_NS,0.013,0.013
710,32Nvl_L1_NS,32NVL_NS,0.06,0.06
710,NvcNvl_L3_EW,NONE,0.019,0.0
710,32Mt_L2_NS,32MT_NS,0.006,0.006
710,32Mt_L2_EW,NONE,0.008,0.0
710,32Mt_L2_EW,32MT_EW,0.044,0.044
710,NvcMt_L2_EW,NVCMT_EW,0.008,-0.003
715,304Nvl_L1_EW,304NVL_EW,0.246,0.246
715,304Nvl_L2_EW,304NVL_EW,0.203,0.203
715,32Nvl_L3_NS,NONE,0.007,0.0
715,32Nvl_L1_NS,32NVL_NS,0.014,0.014
715,32Nvl_L3_NS,NONE,0.033,0.0
715,32Nvl_L2_NS,32NVL_NS,0.032,0.032
715,NvcNvl_L3_NS,NONE,0.007,0.0
715,NvcNvl_L2_NS,NONE,0.007,0.0
715,NvcNvl_L1_EW,NVCNVL_EW,0.014,0.01
715,NvcNvl_L2_EW,NVCNVL_EW,0.016,0.016
715,32Mt_L1_EW,NONE,0.007,0.0
715,32Mt_L3_EW,NONE,0.009,0.0
715,32Mt_L1_EW,32MT_EW,0.063,0.063
715,NvcMt_L1_EW,NVCMT_EW,0.006,-0.004
715,304Nvl_L3_EW,NONE,0.177,0.0
715,32Nvl_L2_NS,32NVL_NS,0.013,0.013
715,32Nvl_L1_NS,32NVL_NS,0.027,0.027
715,NvcNvl_L1_NS,NONE,0.009,0.0
715,NvcNvl_L3_EW,NONE,0.019,0.0
715,32Mt_L2_EW,NONE,0.008,0.0
715,32Mt_L2_EW,32MT_EW,0.044,0.044
715,NvcMt_L2_EW,NVCMT_EW,0.008,-0.003
720,304Nvl_L1_EW,304NVL_EW,0.246,0.246
720,304Nvl_L2_EW,304NVL_EW,0.203,0.203
720,304Nvl_L1_NS,NONE,0.007,0.0
720,32Nvl_L3_NS,NONE,0.007,0.0
720,32Nvl_L1_NS,32NVL_NS,0.014,0.014
720,32Nvl_L3_NS,NONE,0.033,0.0
720,32Nvl_L2_NS,32NVL_NS,0.032,0.032
720,NvcNvl_L1_EW,NVCNVL_EW,0.014,0.01
720,NvcNvl_L2_EW,NVCNVL_EW,0.016,0.016
720,32Mt_L1_EW,NONE,0.007,0.0
720,32Mt_L1_EW,32MT_EW,0.07,0.07
720,32Mt_L1_NS,NONE,0.02,0.0
720,NvcMt_L1_EW,NVCMT_EW,0.006,-0.004
720,304Nvl_L3_EW,NONE,0.177,0.0
720,32Nvl_L2_NS,32NVL_NS,0.013,0.013
720,32Nvl_L1_NS,32NVL_NS,0.027,0.027
720,NvcNvl_L3_EW,NONE,0.019,0.0
720,32Mt_L2_EW,32MT_EW,0.054,0.054
720,32Mt_L2_NS,NONE,0.009,0.0
720,NvcMt_L2_EW,NVCMT_EW,0.008,-0.003
720,NvcMt_L1_EW,NVCMT_EW,0.006,-0.004
725,304Nvl_L1_EW,304NVL_EW,0.229,0.229
725,304Nvl_L2_EW,304NVL_EW,0.196,0.196
725,32Nvl_L3_NS,NONE,0.089,0.0
725,32Nvl_L1_NS,32NVL_NS,0.097,0.097
725,32Nvl_L1_EW,32NVL_EW,0.007,-0.047
725,32Nvl_L2_EW,32NVL_EW,0.008,-0.03
725,32Nvl_L3_NS,NONE,0.033,0.0
725,32Nvl_L2_NS,32NVL_NS,0.032,0.032
725,NvcNvl_L3_NS,NONE,0.007,0.0
725,NvcNvl_L2_NS,NONE,0.007,0.0
725,NvcNvl_L1_EW,NVCNVL_EW,0.014,0.01
725,NvcNvl_L2_EW,NVCNVL_EW,0.016,0.016
725,32Mt_L1_EW,NONE,0.014,0.0
725,32Mt_L3_EW,NONE,0.009,0.0
725,32Mt_L1_EW,32MT_EW,0.077,0.072
725,NvcMt_L1_EW,NVCMT_EW,0.006,-0.004
725,304Nvl_L3_EW,NONE,0.171,0.0
725,32Nvl_L2_NS,32NVL_NS,0.093,0.093
725,32Nvl_L3_EW,NONE,0.006,0.0
725,32Nvl_L1_NS,32NVL_NS,0.027,0.027
725,NvcNvl_L1_NS,NONE,0.009,0.0
725,NvcNvl_L3_EW,NONE,0.019,0.0
725,32Mt_L2_EW,NONE,0.008,0.0
725,32Mt_L2_EW,32MT_EW,0.054,0.049
725,NvcMt_L2_EW,NVCMT_EW,0.008,-0.003
725,NvcMt_L1_EW,NVCMT_EW,0.006,-0.004
730,304Nvl_L1_EW,304NVL_EW,0.127,0.127
730,304Nvl_L2_EW,304NVL_EW,0.109,0.109
730,304Nvl_L1_NS,NONE,0.007,0.0
730,304Nvl_L3_NS,NONE,0.008,0.0
730,32Nvl_L3_NS,NONE,0.007,0.0
730,32Nvl_L1_NS,32NVL_NS,0.097,0.097
730,32Nvl_L3_NS,NONE,0.042,0.0
730,32Nvl_L2_NS,32NVL_NS,0.039,0.039
730,NvcNvl_L3_NS,NONE,0.007,0.0
730,NvcNvl_L2_NS,NONE,0.013,0.0
730,NvcNvl_L1_EW,NVCNVL_EW,0.014,0.014
730,NvcNvl_L2_EW,NVCNVL_EW,0.016,0.016
730,32Mt_L1_NS,32MT_NS,0.006,0.006
730,32Mt_L1_EW,32MT_EW,0.07,0.07
730,32Mt_L1_NS,NONE,0.01,0.0
730,304Nvl_L3_EW,NONE,0.095,0.0
730,304Nvl_L2_NS,NONE,0.007,0.0
730,32Nvl_L2_NS,32NVL_NS,0.093,0.093
730,32Nvl_L1_NS,32NVL_NS,0.034,0.034
730,NvcNvl_L1_NS,NONE,0.017,0.0
730,NvcNvl_L3_EW,NONE,0.009,0.0
730,32Mt_L2_NS,32MT_NS,0.006,0.006
730,32Mt_L2_EW,32MT_EW,0.054,0.054
730,32Mt_L2_NS,NONE,0.009,0.0
735,304Nvl_L1_EW,304NVL_EW,0.127,0.127
735,304Nvl_L2_EW,304NVL_EW,0.102,0.102
735,32Nvl_L3_NS,NONE,0.014,0.0
735,32Nvl_L1_NS,32NVL_NS,0.104,0.104
735,32Nvl_L3_NS,NONE,0.042,0.0
735,32Nvl_L2_NS,32NVL_NS,0.039,0.039
735,NvcNvl_L3_NS,NONE,0.007,0.0
735,NvcNvl_L2_NS,NONE,0.007,0.0
735,32Mt_L1_EW,NONE,0.094,0.0
735,32Mt_L3_EW,NONE,0.106,0.0
735,32Mt_L1_EW,32MT_EW,0.077,0.077
735,32Mt_L1_NS,NONE,0.02,0.0
735,32Thn_L1_EW,32THN_EW,0.008,0.008
735,32Thn_L2_EW,32THN_EW,0.008,0.008
735,304Nvl_L3_EW,NONE,0.089,0.0
735,32Nvl_L2_NS,32NVL_NS,0.1,0.1
735,32Nvl_L1_NS,32NVL_NS,0.04,0.04
735,NvcNvl_L1_NS,NONE,0.009,0.0
735,32Mt_L2_EW,NONE,0.09,0.0
735,32Mt_L2_EW,32MT_EW,0.054,0.054
735,32Mt_L2_NS,NONE,0.009,0.0
740,304Nvl_L1_EW,304NVL_EW,0.135,0.135
740,304Nvl_L2_EW,304NVL_EW,0.094,0.094
740,32Nvl_L3_NS,NONE,0.095,0.0
740,32Nvl_L1_NS,32NVL_NS,0.104,0.104
740,32Nvl_L1_EW,32NVL_EW,0.014,-0.04
740,32Nvl_L2_EW,32NVL_EW,0.015,-0.026
740,32Nvl_L3_NS,NONE,0.083,0.0
740,32Nvl_L2_NS,32NVL_NS,0.079,0.079
740,NvcNvl_L1_EW,NVCNVL_EW,0.007,0.003
740,32Mt_L1_EW,NONE,0.101,0.0
740,32Mt_L3_EW,NONE,0.124,0.0
740,32Mt_L1_EW,32MT_EW,0.077,0.067
740,NvcMt_L1_EW,NVCMT_EW,0.006,0.001
740,32Thn_L1_EW,NONE,0.01,0.0
740,32Thn_L2_EW,NONE,0.01,0.0
740,32Thn_L3_EW,NONE,0.007,0.0
740,304Nvl_L3_EW,NONE,0.082,0.0
740,32Nvl_L2_NS,32NVL_NS,0.1,0.1
740,32Nvl_L3_EW,NONE,0.006,0.0
740,32Nvl_L1_NS,32NVL_NS,0.074,0.074
740,32Mt_L2_EW,NONE,0.106,0.0
740,32Mt_L2_EW,32MT_EW,0.06,0.049
740,NvcMt_L2_EW,NVCMT_EW,0.008,0.008
745,304Nvl_L1_EW,304NVL_EW,0.017,0.017
745,32Nvl_L3_NS,NONE,0.089,0.0
745,32Nvl_L1_NS,32NVL_NS,0.097,0.097
745,32Nvl_L1_EW,32NVL_EW,0.007,-0.077
745,32Nvl_L2_EW,32NVL_EW,0.008,-0.053
745,32Nvl_L3_NS,NONE,0.092,0.0
745,32Nvl_L2_NS,32NVL_NS,0.087,0.087
745,NvcNvl_L3_NS,NONE,0.007,0.0
745,NvcNvl_L2_NS,NONE,0.007,0.0
745,NvcNvl_L1_EW,NVCNVL_EW,0.007,0.007
745,32Mt_L1_NS,32MT_NS,0.006,0.006
745,32Mt_L1_EW,NONE,0.05,0.0
745,32Mt_L3_EW,NONE,0.053,0.0
745,32Mt_L1_EW,32MT_EW,0.112,0.107
745,32Mt_L1_NS,NONE,0.01,0.0
745,32Thn_L1_EW,32THN_EW,0.008,0.003
745,32Nvl_L2_NS,32NVL_NS,0.093,0.093
745,32Nvl_L3_EW,NONE,0.006,0.0
745,32Nvl_L1_NS,32NVL_NS,0.074,0.074
745,NvcNvl_L1_NS,NONE,0.009,0.0
745,32Mt_L2_EW,NONE,0.053,0.0
745,32Mt_L2_EW,32MT_EW,0.087,0.082
745,32Mt_L2_NS,NONE,0.009,0.0
750,304Nvl_L1_EW,304NVL_EW,0.11,0.11
750,304Nvl_L1_NS,NONE,0.007,0.0
750,32Nvl_L3_NS,NONE,0.014,0.0
750,32Nvl_L1_NS,32NVL_NS,0.021,0.021
750,32Nvl_L3_NS,NONE,0.092,0.0
750,32Nvl_L2_NS,32NVL_NS,0.087,0.087
750,32Mt_L1_NS,32MT_NS,0.006,0.006
750,32Mt_L1_EW,32MT_EW,0.216,0.216
750,32Mt_L1_NS,NONE,0.01,0.0
750,32Nvl_L2_NS,32NVL_NS,0.02,0.02
750,32Nvl_L1_NS,32NVL_NS,0.081,0.081
750,32Mt_L2_EW,32MT_EW,0.169,0.169
755,304Nvl_L1_EW,304NVL_EW,0.025,0.025
755,304Nvl_L2_EW,304NVL_EW,0.007,0.007
755,304Nvl_L1_NS,NONE,0.088,0.0
755,32Nvl_L3_NS,NONE,0.007,0.0
755,32Nvl_L1_NS,32NVL_NS,0.021,0.021
755,32Nvl_L3_NS,NONE,0.092,0.0
755,32Nvl_L2_NS,32NVL_NS,0.087,0.087
755,32Mt_L1_NS,32MT_NS,0.013,0.013
755,32Mt_L1_EW,NONE,0.014,0.0
755,32Mt_L1_EW,32MT_EW,0.084,0.084
755,32Mt_L1_NS,NONE,0.059,0.0
755,NvcMt_L2_NS,NONE,0.005,0.0
755,304Nvl_L3_EW,NONE,0.006,0.0
755,32Nvl_L2_NS,32NVL_NS,0.02,0.02
755,32Nvl_L1_NS,32NVL_NS,0.081,0.081
755,32Mt_L2_EW,32MT_EW,0.038,0.038
755,NvcMt_L1_NS,NONE,0.005,0.0
760,304Nvl_L1_EW,304NVL_EW,0.008,0.008
760,304Nvl_L2_EW,304NVL_EW,0.007,0.007
760,32Nvl_L3_NS,NONE,0.007,0.0
760,32Nvl_L1_NS,32NVL_NS,0.021,0.021
760,32Nvl_L3_NS,NONE,0.092,0.0
760,32Nvl_L2_NS,32NVL_NS,0.087,0.087
760,32Mt_L1_NS,32MT_NS,0.006,0.006
760,32Mt_L1_EW,NONE,0.022,0.0
760,32Mt_L3_EW,NONE,0.018,0.0
760,32Mt_L1_NS,NONE,0.098,0.0
760,NvcCmt8_L2_EW,NONE,0.007,0.0
760,304Nvl_L3_EW,NONE,0.006,0.0
760,32Nvl_L2_NS,32NVL_NS,0.02,0.02
760,32Nvl_L1_NS,32NVL_NS,0.074,0.074
760,32Mt_L2_EW,NONE,0.015,0.0
760,NvcCmt8_L1_EW,NONE,0.006,0.0
765,304Nvl_L1_EW,304NVL_EW,0.025,0.025
765,304Nvl_L2_EW,304NVL_EW,0.015,0.015
765,32Nvl_L3_NS,NONE,0.014,0.0
765,32Nvl_L1_NS,32NVL_NS,0.021,0.021
765,32Nvl_L3_NS,NONE,0.092,0.0
765,32Nvl_L2_NS,32NVL_NS,0.087,0.087
765,32Mt_L1_NS,32MT_NS,0.013,0.008
765,32Mt_L1_EW,NONE,0.014,0.0
765,32Mt_L1_EW,32MT_EW,0.007,0.007
765,32Mt_L1_NS,NONE,0.01,0.0
765,NvcMt_L1_NS,NVCMT_NS,0.007,-0.002
765,304Nvl_L3_EW,NONE,0.013,0.0
765,32Nvl_L2_NS,32NVL_NS,0.02,0.02
765,32Nvl_L1_NS,32NVL_NS,0.154,0.154
765,32Mt_L2_EW,NONE,0.008,0.0
765,32Mt_L2_EW,32MT_EW,0.005,0.005
765,32Mt_L2_NS,NONE,0.009,0.0
765,NvcMt_L2_NS,NVCMT_NS,0.005,0.005
770,304Nvl_L1_NS,NONE,0.007,0.0
770,32Nvl_L3_NS,NONE,0.014,0.0
770,32Nvl_L1_NS,32NVL_NS,0.021,0.021
770,32Nvl_L3_NS,NONE,0.092,0.0
770,32Nvl_L2_NS,32NVL_NS,0.087,0.087
770,32Mt_L1_NS,32MT_NS,0.006,0.001
770,32Mt_L1_EW,32MT_EW,0.014,0.014
770,NvcMt_L1_NS,NVCMT_NS,0.007,0.002
770,32Nvl_L2_NS,32NVL_NS,0.02,0.02
770,32Nvl_L1_NS,32NVL_NS,0.154,0.154
770,32Mt_L2_EW,32MT_EW,0.005,0.005
770,NvcMt_L2_NS,NVCMT_NS,0.005,0.005
775,304Nvl_L1_NS,NONE,0.007,0.0
775,32Nvl_L3_NS,NONE,0.014,0.0
775,32Nvl_L1_NS,32NVL_NS,0.021,0.021
775,32Nvl_L1_EW,32NVL_EW,0.007,-0.003
775,32Nvl_L2_EW,32NVL_EW,0.008,-0.002
775,32Nvl_L3_NS,NONE,0.092,0.0
775,32Nvl_L2_NS,32NVL_NS,0.087,0.087
775,32Mt_L1_NS,32MT_NS,0.006,0.001
775,32Mt_L1_EW,32MT_EW,0.007,0.002
775,NvcMt_L2_NS,NONE,0.005,0.0
775,NvcMt_L2_EW,NVCMT_EW,0.013,0.013
775,NvcMt_L1_NS,NVCMT_NS,0.007,0.002
775,32Thn_L1_EW,32THN_EW,0.008,0.003
775,32Thn_L2_EW,32THN_EW,0.008,0.003
775,32Thn_L3_EW,NONE,0.008,0.0
775,32Nvl_L2_NS,32NVL_NS,0.02,0.02
775,32Nvl_L3_EW,NONE,0.006,0.0
775,32Nvl_L1_NS,32NVL_NS,0.154,0.154
775,32Mt_L2_EW,32MT_EW,0.005,0.0
775,NvcMt_L1_NS,NONE,0.005,0.0
775,NvcMt_L1_EW,NVCMT_EW,0.028,0.028
775,NvcMt_L2_NS,NVCMT_NS,0.005,0.005
780,32Nvl_L3_NS,NONE,0.02,0.0
780,32Nvl_L1_NS,32NVL_NS,0.028,0.028
780,32Nvl_L3_NS,NONE,0.092,0.0
780,32Nvl_L2_NS,32NVL_NS,0.087,0.087
780,32Mt_L1_NS,32MT_NS,0.006,0.001
780,NvcMt_L2_EW,NVCMT_EW,0.016,0.016
780,NvcMt_L1_NS,NVCMT_NS,0.007,0.002
780,32Thn_L1_EW,NONE,0.01,0.0
780,32Nvl_L2_NS,32NVL_NS,0.027,0.027
780,32Nvl_L1_NS,32NVL_NS,0.154,0.154
780,NvcMt_L1_EW,NVCMT_EW,0.033,0.033
780,NvcMt_L2_NS,NVCMT_NS,0.005,0.005
785,32Nvl_L3_NS,NONE,0.014,0.0
785,32Nvl_L1_NS,32NVL_NS,0.028,0.028
785,32Nvl_L3_NS,NONE,0.092,0.0
785,32Nvl_L2_NS,32NVL_NS,0.087,0.087
785,NvcNvl_L3_NS,NONE,0.014,0.0
785,NvcNvl_L2_NS,NONE,0.013,0.0
785,NvcMt_L2_EW,NVCMT_EW,0.005,0.002
785,NvcMt_L1_NS,NVCMT_NS,0.007,0.007
785,NvcCmt8_L2_EW,NVCCMT8_EW,0.005,0.002
785,NvcCmt8_L2_EW,NONE,0.007,0.0
785,32Nvl_L2_NS,32NVL_NS,0.027,0.027
785,32Nvl_L1_NS,32NVL_NS,0.081,0.081
785,NvcNvl_L1_NS,NONE,0.017,0.0
785,NvcMt_L1_EW,NVCMT_EW,0.011,0.006
785,NvcMt_L2_NS,NVCMT_NS,0.005,0.005
785,NvcCmt8_L1_EW,NVCCMT8_EW,0.008,0.008
785,NvcCmt8_L1_EW,NONE,0.006,0.0
790,304Nvl_L1_EW,304NVL_EW,0.008,0.008
790,304Nvl_L2_EW,304NVL_EW,0.007,0.007
790,32Nvl_L3_NS,NONE,0.082,0.0
790,32Nvl_L1_NS,32NVL_NS,0.09,0.09
790,32Nvl_L1_EW,32NVL_EW,0.007,0.001
790,32Nvl_L2_EW,32NVL_EW,0.007,0.002
790,32Nvl_L3_NS,NONE,0.008,0.0
790,32Nvl_L2_NS,32NVL_NS,0.008,0.008
790,NvcNvl_L3_NS,NONE,0.007,0.0
790,NvcNvl_L2_NS,NONE,0.007,0.0
790,NvcMt_L1_EW,NVCMT_EW,0.006,0.001
790,NvcMt_L2_EW,NVCMT_EW,0.003,-0.001
790,NvcCmt8_L2_EW,NVCCMT8_EW,0.005,0.003
790,NvcCmt8_L2_EW,NONE,0.007,0.0
790,32Thn_L1_EW,32THN_EW,0.008,0.008
790,32Thn_L2_EW,32THN_EW,0.008,0.008
790,32Thn_L3_EW,NONE,0.008,0.0
790,304Nvl_L3_EW,NONE,0.006,0.0
790,32Nvl_L2_NS,32NVL_NS,0.087,0.087
790,32Nvl_L3_EW,NONE,0.006,0.0
790,32Nvl_L1_NS,32NVL_NS,0.013,0.013
790,NvcNvl_L1_NS,NONE,0.009,0.0
790,NvcMt_L2_EW,NVCMT_EW,0.008,0.004
790,NvcMt_L1_EW,NVCMT_EW,0.006,0.0
790,NvcCmt8_L1_EW,NVCCMT8_EW,0.008,0.003
790,NvcCmt8_L1_EW,NONE,0.006,0.0
795,304Nvl_L1_EW,304NVL_EW,0.017,0.017
795,304Nvl_L2_EW,304NVL_EW,0.015,0.015
795,32Nvl_L3_NS,NONE,0.007,0.0
795,32Nvl_L1_NS,32NVL_NS,0.014,0.014
795,32Nvl_L1_EW,32NVL_EW,0.007,0.001
795,32Nvl_L2_EW,32NVL_EW,0.007,0.002
795,NvcMt_L2_EW,NVCMT_EW,0.003,-0.001
795,NvcCmt8_L2_EW,NVCCMT8_EW,0.005,0.003
795,32Thn_L1_EW,32THN_EW,0.008,0.008
795,32Thn_L2_EW,32THN_EW,0.008,0.008
795,32Thn_L3_EW,NONE,0.008,0.0
795,304Nvl_L3_EW,NONE,0.013,0.0
795,32Nvl_L2_NS,32NVL_NS,0.007,0.007
795,32Nvl_L3_EW,NONE,0.006,0.0
795,32Nvl_L1_NS,32NVL_NS,0.007,0.007
795,NvcMt_L2_EW,NVCMT_EW,0.008,0.004
795,NvcMt_L1_EW,NVCMT_EW,0.006,-0.005
795,NvcCmt8_L1_EW,NVCCMT8_EW,0.015,0.015
800,304Nvl_L1_EW,304NVL_EW,0.008,0.008
800,304Nvl_L2_EW,304NVL_EW,0.007,0.007
800,32Nvl_L3_NS,NONE,0.007,0.0
800,32Nvl_L1_NS,32NVL_NS,0.042,0.042
800,32Nvl_L1_EW,32NVL_EW,0.007,0.001
800,32Nvl_L2_EW,32NVL_EW,0.007,0.002
800,32Nvl_L3_NS,NONE,0.008,0.0
800,32Nvl_L2_NS,32NVL_NS,0.008,0.008
800,NvcNvl_L3_NS,NONE,0.007,0.0
800,NvcNvl_L2_NS,NONE,0.007,0.0
800,NvcCmt8_L2_EW,NVCCMT8_EW,0.005,0.005
800,32Thn_L1_EW,32THN_EW,0.008,0.008
800,32Thn_L2_EW,32THN_EW,0.008,0.008
800,32Thn_L3_EW,NONE,0.008,0.0
800,304Nvl_L3_EW,NONE,0.006,0.0
800,32Nvl_L2_NS,32NVL_NS,0.007,0.007
800,32Nvl_L3_EW,NONE,0.006,0.0
800,32Nvl_L1_NS,32NVL_NS,0.007,0.007
800,NvcNvl_L1_NS,NONE,0.009,0.0
800,NvcCmt8_L1_EW,NVCCMT8_EW,0.015,0.015
805,304Nvl_L1_EW,304NVL_EW,0.008,0.008
805,304Nvl_L2_EW,304NVL_EW,0.007,0.007
805,304Nvl_L1_NS,NONE,0.007,0.0
805,32Nvl_L1_NS,32NVL_NS,0.035,0.035
805,32Nvl_L1_EW,32NVL_EW,0.007,0.007
805,32Nvl_L2_EW,32NVL_EW,0.007,0.007
805,32Thn_L1_EW,NONE,0.01,0.0
805,304Nvl_L3_EW,NONE,0.006,0.0
805,32Nvl_L3_EW,NONE,0.006,0.0
805,32Nvl_L1_NS,32NVL_NS,0.087,0.087
810,32Nvl_L1_EW,32NVL_EW,0.007,0.007
810,32Nvl_L2_EW,32NVL_EW,0.007,0.007
810,NvcNvl_L1_EW,NVCNVL_EW,0.021,0.021
810,NvcNvl_L2_EW,NVCNVL_EW,0.023,0.023
810,32Nvl_L3_EW,NONE,0.006,0.0
810,32Nvl_L1_NS,32NVL_NS,0.013,0.013
810,NvcNvl_L3_EW,NONE,0.028,0.0
810,NvcCmt8_L1_EW,NONE,0.006,0.0
815,304Nvl_L1_NS,NONE,0.007,0.0
815,32Nvl_L1_EW,32NVL_EW,0.007,0.007
815,32Nvl_L2_EW,32NVL_EW,0.007,0.007
815,NvcNvl_L1_EW,NVCNVL_EW,0.028,0.028
815,NvcNvl_L2_EW,NVCNVL_EW,0.031,0.031
815,32Mt_L1_NS,NONE,0.01,0.0
815,NvcCmt8_L2_EW,NVCCMT8_EW,0.005,0.005
815,32Nvl_L3_EW,NONE,0.006,0.0
815,32Nvl_L1_NS,32NVL_NS,0.007,0.007
815,NvcNvl_L3_EW,NONE,0.037,0.0
815,32Mt_L2_NS,NONE,0.009,0.0
815,NvcCmt8_L1_EW,NVCCMT8_EW,0.008,0.008
820,304Nvl_L1_EW,304NVL_EW,0.008,0.008
820,304Nvl_L1_NS,NONE,0.007,0.0
820,304Nvl_L3_NS,NONE,0.008,0.0
820,32Nvl_L1_EW,32NVL_EW,0.007,0.007
820,32Nvl_L2_EW,32NVL_EW,0.007,0.007
820,32Nvl_L3_NS,NONE,0.017,0.0
820,32Nvl_L2_NS,32NVL_NS,0.016,0.016
820,NvcNvl_L1_EW,NVCNVL_EW,0.028,0.028
820,NvcNvl_L2_EW,NVCNVL_EW,0.031,0.031
820,32Mt_L1_NS,NONE,0.01,0.0
820,NvcCmt8_L2_EW,NVCCMT8_EW,0.005,0.005
820,304Nvl_L2_NS,NONE,0.007,0.0
820,32Nvl_L3_EW,NONE,0.006,0.0
820,32Nvl_L1_NS,32NVL_NS,0.013,0.013
820,NvcNvl_L3_EW,NONE,0.037,0.0
820,32Mt_L2_NS,NONE,0.009,0.0
820,NvcCmt8_L1_EW,NVCCMT8_EW,0.008,0.008
825,304Nvl_L1_NS,304NVL_NS,0.009,0.004
825,304Nvl_L3_NS,NONE,0.007,0.0
825,304Nvl_L1_NS,NONE,0.007,0.0
825,304Nvl_L3_NS,NONE,0.008,0.0
825,32Nvl_L3_NS,NONE,0.007,0.0
825,32Nvl_L1_NS,32NVL_NS,0.007,0.001
825,32Nvl_L1_EW,32NVL_EW,0.007,0.002
825,32Nvl_L2_EW,32NVL_EW,0.008,0.008
825,32Nvl_L1_EW,32NVL_EW,0.007,0.002
825,32Nvl_L2_EW,32NVL_EW,0.007,0.007
825,32Nvl_L3_NS,NONE,0.008,0.0
825,32Nvl_L2_NS,32NVL_NS,0.008,0.003
825,NvcNvl_L1_EW,NVCNVL_EW,0.021,0.021
825,NvcNvl_L2_EW,NVCNVL_EW,0.023,0.023
825,32Mt_L1_EW,NONE,0.007,0.0
825,32Mt_L1_EW,32MT_EW,0.007,0.002
825,NvcCmt8_L2_EW,NVCCMT8_EW,0.005,0.005
825,304Nvl_L2_NS,304NVL_NS,0.008,0.002
825,304Nvl_L2_NS,NONE,0.007,0.0
825,32Nvl_L2_NS,32NVL_NS,0.007,0.001
825,32Nvl_L3_EW,NONE,0.006,0.0
825,32Nvl_L1_NS,32NVL_NS,0.007,0.0
825,NvcNvl_L3_EW,NONE,0.028,0.0
825,NvcCmt8_L1_EW,NVCCMT8_EW,0.008,0.008
830,304Nvl_L1_NS,304NVL_NS,0.009,0.004
830,304Nvl_L3_NS,NONE,0.007,0.0
830,304Nvl_L1_NS,NONE,0.036,0.0
830,32Nvl_L1_NS,32NVL_NS,0.007,0.001
830,32Nvl_L1_EW,32NVL_EW,0.014,0.009
830,32Nvl_L2_EW,32NVL_EW,0.015,0.012
830,32Nvl_L1_EW,32NVL_EW,0.013,0.009
830,32Nvl_L2_EW,32NVL_EW,0.015,0.011
830,NvcNvl_L3_NS,NONE,0.007,0.0
830,NvcNvl_L2_NS,NONE,0.007,0.0
830,NvcNvl_L1_EW,NVCNVL_EW,0.021,0.021
830,NvcNvl_L2_EW,NVCNVL_EW,0.023,0.023
830,32Mt_L1_EW,32MT_EW,0.007,-0.003
830,NvcCmt8_L2_EW,NVCCMT8_EW,0.011,0.011
830,304Nvl_L2_NS,304NVL_NS,0.008,0.008
830,32Nvl_L3_EW,NONE,0.012,0.0
830,32Nvl_L3_EW,NONE,0.013,0.0
830,NvcNvl_L1_NS,NONE,0.009,0.0
830,NvcNvl_L3_EW,NONE,0.028,0.0
830,32Mt_L2_EW,32MT_EW,0.005,-0.005
830,NvcCmt8_L1_EW,NVCCMT8_EW,0.015,0.015
835,304Nvl_L1_NS,304NVL_NS,0.009,0.009
835,304Nvl_L3_NS,NONE,0.007,0.0
835,304Nvl_L1_EW,304NVL_EW,0.119,0.119
835,304Nvl_L2_EW,304NVL_EW,0.087,0.087
835,304Nvl_L1_NS,NONE,0.036,0.0
835,304Nvl_L3_NS,NONE,0.04,0.0
835,32Nvl_L1_EW,32NVL_EW,0.007,0.007
835,32Nvl_L2_EW,32NVL_EW,0.008,0.008
835,32Nvl_L1_EW,32NVL_EW,0.013,0.013
835,32Nvl_L2_EW,32NVL_EW,0.015,0.015
835,32Nvl_L3_NS,NONE,0.008,0.0
835,32Nvl_L2_NS,32NVL_NS,0.008,0.003
835,NvcNvl_L1_EW,NVCNVL_EW,0.021,0.021
835,NvcNvl_L2_EW,NVCNVL_EW,0.023,0.023
835,32Mt_L1_EW,NONE,0.043,0.0
835,32Mt_L3_EW,NONE,0.044,0.0
835,NvcCmt8_L2_EW,NVCCMT8_EW,0.005,0.005
835,304Nvl_L2_NS,304NVL_NS,0.008,0.002
835,304Nvl_L3_EW,NONE,0.076,0.0
835,304Nvl_L2_NS,NONE,0.037,0.0
835,32Nvl_L3_EW,NONE,0.012,0.0
835,32Nvl_L3_EW,NONE,0.006,0.0
835,32Nvl_L1_NS,32NVL_NS,0.013,0.007
835,NvcNvl_L3_EW,NONE,0.028,0.0
835,32Mt_L2_EW,NONE,0.038,0.0
835,NvcCmt8_L1_EW,NVCCMT8_EW,0.008,0.008
840,304Nvl_L1_NS,304NVL_NS,0.009,0.004
840,304Nvl_L3_NS,NONE,0.007,0.0
840,304Nvl_L1_EW,304NVL_EW,0.102,0.102
840,304Nvl_L2_EW,304NVL_EW,0.087,0.087
840,32Nvl_L1_NS,32NVL_NS,0.007,0.001
840,32Nvl_L1_EW,32NVL_EW,0.007,0.007
840,32Nvl_L2_EW,32NVL_EW,0.008,0.008
840,32Nvl_L1_EW,32NVL_EW,0.013,0.013
840,32Nvl_L2_EW,32NVL_EW,0.015,0.015
840,NvcNvl_L3_NS,NONE,0.014,0.0
840,NvcNvl_L2_NS,NONE,0.013,0.0
840,NvcNvl_L1_EW,NVCNVL_EW,0.028,0.028
840,NvcNvl_L2_EW,NVCNVL_EW,0.023,0.023
840,32Mt_L1_EW,NONE,0.05,0.0
840,32Mt_L3_EW,NONE,0.062,0.0
840,NvcCmt8_L2_EW,NVCCMT8_EW,0.005,0.005
840,304Nvl_L2_NS,304NVL_NS,0.008,0.008
840,304Nvl_L3_EW,NONE,0.076,0.0
840,32Nvl_L2_NS,32NVL_NS,0.007,0.001
840,32Nvl_L3_EW,NONE,0.012,0.0
840,32Nvl_L3_EW,NONE,0.006,0.0
840,32Nvl_L1_NS,32NVL_NS,0.013,0.007
840,NvcNvl_L1_NS,NONE,0.017,0.0
840,NvcNvl_L3_EW,NONE,0.028,0.0
840,32Mt_L2_EW,NONE,0.053,0.0
840,NvcMt_L1_NS,NONE,0.005,0.0
840,NvcCmt8_L1_EW,NVCCMT8_EW,0.008,0.008
840,NvcCmt8_L1_EW,NONE,0.006,0.0
845,304Nvl_L1_NS,304NVL_NS,0.009,0.009
845,304Nvl_L3_NS,NONE,0.007,0.0
845,304Nvl_L1_EW,304NVL_EW,0.042,0.042
845,32Nvl_L1_EW,32NVL_EW,0.014,0.014
845,32Nvl_L2_EW,32NVL_EW,0.015,0.015
845,32Nvl_L1_EW,32NVL_EW,0.013,0.013
845,32Nvl_L2_EW,32NVL_EW,0.015,0.015
845,NvcNvl_L1_EW,NVCNVL_EW,0.007,0.007
845,NvcMt_L2_NS,NONE,0.005,0.0
845,NvcCmt8_L2_EW,NVCCMT8_EW,0.005,0.005
845,304Nvl_L2_NS,304NVL_NS,0.008,0.008
845,32Nvl_L3_EW,NONE,0.012,0.0
845,32Nvl_L3_EW,NONE,0.013,0.0
845,NvcMt_L1_NS,NONE,0.005,0.0
845,NvcCmt8_L1_EW,NVCCMT8_EW,0.008,0.008
850,304Nvl_L1_NS,304NVL_NS,0.009,0.009
850,304Nvl_L3_NS,NONE,0.007,0.0
850,32Nvl_L1_EW,32NVL_EW,0.014,-0.044
850,32Nvl_L2_EW,32NVL_EW,0.015,-0.03
850,32Nvl_L1_EW,32NVL_EW,0.013,-0.045
850,32Nvl_L2_EW,32NVL_EW,0.015,-0.031
850,NvcNvl_L1_EW,NVCNVL_EW,0.007,0.003
850,32Mt_L1_NS,32MT_NS,0.006,0.006
850,32Mt_L1_EW,32MT_EW,0.084,0.074
850,32Mt_L1_NS,NONE,0.049,0.0
850,NvcMt_L1_EW,NVCMT_EW,0.006,0.001
850,304Nvl_L2_NS,304NVL_NS,0.008,0.008
850,32Nvl_L3_EW,NONE,0.012,0.0
850,32Nvl_L3_EW,NONE,0.013,0.0
850,32Mt_L2_EW,32MT_EW,0.065,0.054
850,NvcMt_L2_EW,NVCMT_EW,0.008,0.008
855,304Nvl_L1_NS,304NVL_NS,0.009,0.009
855,304Nvl_L3_NS,NONE,0.007,0.0
855,304Nvl_L1_EW,304NVL_EW,0.102,0.102
855,304Nvl_L1_NS,NONE,0.007,0.0
855,304Nvl_L3_NS,NONE,0.008,0.0
855,32Nvl_L1_EW,32NVL_EW,0.007,-0.061
855,32Nvl_L2_EW,32NVL_EW,0.008,-0.046
855,32Nvl_L1_EW,32NVL_EW,0.013,-0.055
855,32Nvl_L2_EW,32NVL_EW,0.015,-0.038
855,NvcNvl_L1_EW,NVCNVL_EW,0.007,0.003
855,NvcNvl_L2_EW,NVCNVL_EW,0.008,0.008
855,32Mt_L1_NS,32MT_NS,0.013,0.013
855,32Mt_L1_EW,32MT_EW,0.098,0.093
855,NvcMt_L1_EW,NVCMT_EW,0.006,0.001
855,304Nvl_L2_NS,304NVL_NS,0.008,0.008
855,304Nvl_L2_NS,NONE,0.007,0.0
855,32Nvl_L3_EW,NONE,0.012,0.0
855,32Nvl_L3_EW,NONE,0.006,0.0
855,32Nvl_L1_NS,32NVL_NS,0.013,0.007
855,NvcNvl_L3_EW,NONE,0.009,0.0
855,32Mt_L2_EW,32MT_EW,0.076,0.071
855,NvcMt_L2_EW,NVCMT_EW,0.008,0.002
855,NvcCmt8_L1_EW,NONE,0.006,0.0
860,304Nvl_L1_NS,304NVL_NS,0.009,0.009
860,304Nvl_L3_NS,NONE,0.007,0.0
860,304Nvl_L1_EW,304NVL_EW,0.017,0.017
860,304Nvl_L2_EW,304NVL_EW,0.015,0.015
860,32Nvl_L1_EW,32NVL_EW,0.007,0.007
860,32Nvl_L2_EW,32NVL_EW,0.015,0.015
860,32Nvl_L1_EW,32NVL_EW,0.02,0.02
860,32Nvl_L2_EW,32NVL_EW,0.022,0.022
860,32Nvl_L3_NS,NONE,0.008,0.0
860,32Nvl_L2_NS,32NVL_NS,0.008,0.003
860,32Mt_L1_NS,32MT_NS,0.006,0.006
860,32Mt_L1_NS,NONE,0.02,0.0
860,304Nvl_L2_NS,304NVL_NS,0.008,0.002
860,304Nvl_L3_EW,NONE,0.013,0.0
860,32Nvl_L3_EW,NONE,0.018,0.0
860,32Nvl_L3_EW,NONE,0.013,0.0
860,32Nvl_L1_NS,32NVL_NS,0.013,0.007
860,32Mt_L2_NS,NONE,0.017,0.0
860,NvcCmt8_L1_EW,NONE,0.006,0.0
865,304Nvl_L1_NS,304NVL_NS,0.009,0.009
865,304Nvl_L3_NS,NONE,0.007,0.0
865,304Nvl_L1_EW,304NVL_EW,0.017,0.017
865,304Nvl_L2_EW,304NVL_EW,0.007,0.007
865,32Nvl_L1_EW,32NVL_EW,0.014,0.014
865,32Nvl_L2_EW,32NVL_EW,0.015,0.015
865,32Nvl_L1_EW,32NVL_EW,0.02,0.02
865,32Nvl_L2_EW,32NVL_EW,0.022,0.022
865,32Nvl_L3_NS,NONE,0.008,0.0
865,32Nvl_L2_NS,32NVL_NS,0.008,0.003
865,32Mt_L1_NS,32MT_NS,0.075,0.075
865,32Mt_L1_EW,NONE,0.007,0.0
865,32Mt_L1_NS,NONE,0.01,0.0
865,304Nvl_L2_NS,304NVL_NS,0.008,0.002
865,304Nvl_L3_EW,NONE,0.006,0.0
865,32Nvl_L3_EW,NONE,0.018,0.0
865,32Nvl_L3_EW,NONE,0.013,0.0
865,32Nvl_L1_NS,32NVL_NS,0.007,0.0
865,32Mt_L2_NS,NONE,0.009,0.0
870,304Thn_L1_EW,304THN_EW,0.008,0.002
870,304Thn_L3_EW,NONE,0.008,0.0
870,304Nvl_L1_NS,304NVL_NS,0.009,0.004
870,304Nvl_L3_NS,NONE,0.007,0.0
870,304Nvl_L1_EW,304NVL_EW,0.008,0.003
870,304Nvl_L2_EW,304NVL_EW,0.007,0.002
870,304Nvl_L1_NS,NONE,0.007,0.0
870,32Nvl_L1_NS,32NVL_NS,0.007,0.001
870,32Nvl_L1_EW,32NVL_EW,0.007,-0.012
870,32Nvl_L2_EW,32NVL_EW,0.008,-0.004
870,32Nvl_L1_EW,32NVL_EW,0.02,0.001
870,32Nvl_L2_EW,32NVL_EW,0.022,0.011
870,NvcNvl_L3_NS,NONE,0.034,0.0
870,NvcNvl_L2_NS,NONE,0.033,0.0
870,32Mt_L1_NS,32MT_NS,0.075,0.075
870,32Mt_L1_EW,NONE,0.014,0.0
870,32Mt_L3_EW,NONE,0.009,0.0
870,32Mt_L1_EW,32MT_EW,0.028,0.023
870,304Nvl_L2_NS,304NVL_NS,0.008,0.008
870,304Nvl_L3_EW,NONE,0.006,0.0
870,32Nvl_L3_EW,NONE,0.018,0.0
870,32Nvl_L3_EW,NONE,0.006,0.0
870,NvcNvl_L1_NS,NONE,0.044,0.0
870,32Mt_L2_EW,NONE,0.008,0.0
870,32Mt_L2_EW,32MT_EW,0.016,0.011
870,304Thn_L2_EW,304THN_EW,0.007,0.002
875,304Nvl_L1_NS,304NVL_NS,0.009,0.009
875,304Nvl_L3_NS,NONE,0.007,0.0
875,304Nvl_L1_EW,304NVL_EW,0.017,0.017
875,304Nvl_L2_EW,304NVL_EW,0.007,0.007
875,32Nvl_L1_EW,32NVL_EW,0.007,0.002
875,32Nvl_L2_EW,32NVL_EW,0.008,0.008
875,32Nvl_L1_EW,32NVL_EW,0.02,0.015
875,32Nvl_L2_EW,32NVL_EW,0.022,0.022
875,NvcNvl_L3_NS,NONE,0.007,0.0
875,NvcNvl_L2_NS,NONE,0.007,0.0
875,NvcNvl_L1_EW,NVCNVL_EW,0.007,0.007
875,NvcNvl_L2_EW,NVCNVL_EW,0.008,0.008
875,32Mt_L1_NS,32MT_NS,0.075,0.075
875,32Mt_L1_EW,32MT_EW,0.007,0.002
875,304Nvl_L2_NS,304NVL_NS,0.008,0.008
875,304Nvl_L3_EW,NONE,0.006,0.0
875,32Nvl_L3_EW,NONE,0.018,0.0
875,32Nvl_L3_EW,NONE,0.006,0.0
875,NvcNvl_L1_NS,NONE,0.009,0.0
875,NvcNvl_L3_EW,NONE,0.009,0.0
880,304Nvl_L1_NS,304NVL_NS,0.009,0.009
880,304Nvl_L3_NS,NONE,0.015,0.0
880,304Nvl_L1_NS,NONE,0.007,0.0
880,32Nvl_L1_EW,32NVL_EW,0.007,0.007
880,32Nvl_L2_EW,32NVL_EW,0.008,0.008
880,32Nvl_L1_EW,32NVL_EW,0.02,0.02
880,32Nvl_L2_EW,32NVL_EW,0.022,0.022
880,NvcNvl_L1_EW,NVCNVL_EW,0.007,0.007
880,NvcNvl_L2_EW,NVCNVL_EW,0.008,0.008
880,32Mt_L1_EW,NONE,0.007,0.0
880,32Mt_L1_NS,NONE,0.059,0.0
880,304Nvl_L2_NS,304NVL_NS,0.015,0.015
880,32Nvl_L3_EW,NONE,0.018,0.0
880,32Nvl_L3_EW,NONE,0.006,0.0
880,NvcNvl_L3_EW,NONE,0.009,0.0
880,32Mt_L2_NS,NONE,0.043,0.0
885,304Nvl_L1_NS,304NVL_NS,0.018,0.018
885,304Nvl_L3_NS,NONE,0.015,0.0
885,304Nvl_L1_EW,304NVL_EW,0.008,0.008
885,32Nvl_L1_EW,32NVL_EW,0.007,0.007
885,32Nvl_L2_EW,32NVL_EW,0.008,0.008
885,32Nvl_L1_EW,32NVL_EW,0.013,0.013
885,32Nvl_L2_EW,32NVL_EW,0.015,0.015
885,NvcNvl_L1_EW,NVCNVL_EW,0.007,0.003
885,NvcNvl_L1_NS,NVCNVL_NS,0.033,0.033
885,NvcMt_L2_NS,NONE,0.026,0.0
885,NvcMt_L1_EW,NVCMT_EW,0.006,0.001
885,304Nvl_L2_NS,304NVL_NS,0.015,0.015
885,32Nvl_L3_EW,NONE,0.012,0.0
885,32Nvl_L3_EW,NONE,0.006,0.0
885,NvcMt_L1_NS,NONE,0.027,0.0
885,NvcMt_L2_EW,NVCMT_EW,0.008,0.008
890,304Nvl_L1_NS,304NVL_NS,0.018,0.018
890,304Nvl_L3_NS,NONE,0.015,0.0
890,304Nvl_L1_NS,NONE,0.007,0.0
890,304Nvl_L3_NS,NONE,0.008,0.0
890,32Nvl_L1_EW,32NVL_EW,0.014,0.014
890,32Nvl_L2_EW,32NVL_EW,0.015,0.015
890,NvcNvl_L1_NS,NVCNVL_NS,0.033,0.033
890,32Mt_L1_NS,NONE,0.049,0.0
890,NvcMt_L2_NS,NONE,0.005,0.0
890,304Nvl_L2_NS,304NVL_NS,0.015,0.015
890,304Nvl_L2_NS,NONE,0.007,0.0
890,32Nvl_L3_EW,NONE,0.013,0.0
890,NvcMt_L1_NS,NONE,0.005,0.0
895,304Nvl_L1_NS,304NVL_NS,0.018,0.018
895,304Nvl_L3_NS,NONE,0.015,0.0
895,32Nvl_L1_EW,32NVL_EW,0.014,0.014
895,32Nvl_L2_EW,32NVL_EW,0.015,0.015
895,NvcNvl_L3_NS,NONE,0.007,0.0
895,NvcNvl_L2_NS,NONE,0.007,0.0
895,NvcCmt8_L2_NS,NONE,0.054,0.0
895,NvcCmt8_L1_NS,NONE,0.039,0.0
895,304Nvl_L2_NS,304NVL_NS,0.015,0.015
895,32Nvl_L3_EW,NONE,0.013,0.0
895,32Nvl_L1_NS,32NVL_NS,0.007,-0.006
895,NvcNvl_L1_NS,NONE,0.009,0.0
895,NvcMt_L1_EW,NVCMT_EW,0.028,0.028
900,304Nvl_L1_EW,304NVL_EW,0.008,0.008
900,32Nvl_L1_NS,32NVL_NS,0.007,0.007
900,32Nvl_L1_EW,32NVL_EW,0.007,0.002
900,32Nvl_L2_EW,32NVL_EW,0.008,0.004
900,32Nvl_L1_EW,32NVL_EW,0.007,0.002
900,NvcNvl_L3_NS,NONE,0.007,0.0
900,NvcNvl_L2_NS,NONE,0.007,0.0
900,32Mt_L1_EW,32MT_EW,0.007,0.002
900,NvcMt_L2_NS,NONE,0.026,0.0
900,NvcCmt8_L2_NS,NONE,0.065,0.0
900,NvcCmt8_L1_NS,NONE,0.046,0.0
900,32Nvl_L2_NS,32NVL_NS,0.007,0.007
900,32Nvl_L3_EW,NONE,0.006,0.0
900,32Nvl_L1_NS,32NVL_NS,0.013,0.013
900,NvcNvl_L1_NS,NONE,0.009,0.0
900,32Mt_L2_EW,32MT_EW,0.005,0.0
900,NvcMt_L1_NS,NONE,0.027,0.0
905,304Nvl_L1_EW,304NVL_EW,0.008,0.008
905,32Nvl_L3_NS,NONE,0.007,0.0
905,32Nvl_L1_NS,32NVL_NS,0.007,0.007
905,32Nvl_L1_EW,32NVL_EW,0.007,0.002
905,32Nvl_L2_EW,32NVL_EW,0.008,0.004
905,32Nvl_L1_EW,32NVL_EW,0.007,0.002
905,32Nvl_L3_NS,NONE,0.008,0.0
905,32Nvl_L2_NS,32NVL_NS,0.008,0.008
905,NvcNvl_L1_EW,NONE,0.011,0.0
905,NvcNvl_L2_EW,NONE,0.008,0.0
905,32Mt_L1_EW,32MT_EW,0.007,0.002
905,NvcMt_L2_NS,NONE,0.026,0.0
905,NvcMt_L2_EW,NVCMT_EW,0.003,0.003
905,32Nvl_L2_NS,32NVL_NS,0.007,0.007
905,32Nvl_L3_EW,NONE,0.006,0.0
905,32Nvl_L1_NS,32NVL_NS,0.02,0.02
905,32Mt_L2_EW,32MT_EW,0.005,0.0
905,NvcMt_L1_NS,NONE,0.027,0.0
905,NvcMt_L1_EW,NVCMT_EW,0.006,0.006
910,304Nvl_L1_NS,NONE,0.007,0.0
910,32Nvl_L1_NS,32NVL_NS,0.007,0.007
910,32Nvl_L1_EW,32NVL_EW,0.007,0.002
910,32Nvl_L2_EW,32NVL_EW,0.008,0.004
910,NvcNvl_L1_EW,NVCNVL_EW,0.014,0.014
910,NvcNvl_L2_EW,NVCNVL_EW,0.008,0.006
910,32Mt_L1_EW,32MT_EW,0.007,0.002
910,NvcMt_L2_EW,NVCMT_EW,0.003,-0.003
910,32Nvl_L2_NS,32NVL_NS,0.007,0.007
910,32Nvl_L3_EW,NONE,0.006,0.0
910,NvcNvl_L3_EW,NONE,0.009,0.0
910,32Mt_L2_EW,32MT_EW,0.005,0.0
910,NvcMt_L1_EW,NVCMT_EW,0.006,-0.004
915,304Nvl_L1_EW,304NVL_EW,0.051,0.051
915,304Nvl_L2_EW,304NVL_EW,0.044,0.044
915,304Nvl_L1_NS,NONE,0.007,0.0
915,32Nvl_L1_NS,32NVL_NS,0.007,0.007
915,32Nvl_L1_EW,32NVL_EW,0.007,0.002
915,32Nvl_L2_EW,32NVL_EW,0.008,0.004
915,NvcNvl_L3_NS,NONE,0.007,0.0
915,NvcNvl_L2_NS,NONE,0.007,0.0
915,NvcNvl_L1_EW,NVCNVL_EW,0.014,0.014
915,NvcNvl_L2_EW,NVCNVL_EW,0.008,0.008
915,32Mt_L1_EW,NONE,0.014,0.0
915,32Mt_L3_EW,NONE,0.018,0.0
915,32Mt_L1_EW,32MT_EW,0.007,0.002
915,304Nvl_L3_EW,NONE,0.032,0.0
915,32Nvl_L3_EW,NONE,0.006,0.0
915,NvcNvl_L1_NS,NONE,0.009,0.0
915,NvcNvl_L3_EW,NONE,0.009,0.0
915,32Mt_L2_EW,NONE,0.015,0.0
915,32Mt_L2_EW,32MT_EW,0.005,0.0
920,304Nvl_L1_EW,304NVL_EW,0.135,0.135
920,304Nvl_L2_EW,304NVL_EW,0.116,0.116
920,32Nvl_L1_EW,32NVL_EW,0.007,0.002
920,32Nvl_L2_EW,32NVL_EW,0.008,0.004
920,NvcNvl_L1_EW,NVCNVL_EW,0.014,0.014
920,NvcNvl_L2_EW,NVCNVL_EW,0.008,0.008
920,32Mt_L1_EW,32MT_EW,0.007,0.002
920,304Nvl_L3_EW,NONE,0.07,0.0
920,32Nvl_L3_EW,NONE,0.006,0.0
920,NvcNvl_L3_EW,NONE,0.009,0.0
920,32Mt_L2_EW,32MT_EW,0.005,0.0
925,304Nvl_L1_EW,304NVL_EW,0.068,0.068
925,304Nvl_L2_EW,304NVL_EW,0.058,0.058
925,32Nvl_L1_EW,32NVL_EW,0.007,-0.008
925,32Nvl_L2_EW,32NVL_EW,0.008,0.0
925,NvcNvl_L1_EW,NONE,0.011,0.0
925,NvcNvl_L2_EW,NONE,0.008,0.0
925,NvcNvl_L1_EW,NVCNVL_EW,0.007,0.007
925,NvcNvl_L2_EW,NVCNVL_EW,0.008,0.008
925,32Mt_L1_EW,32MT_EW,0.021,0.016
925,32Mt_L1_NS,NONE,0.02,0.0
925,304Nvl_L3_EW,NONE,0.044,0.0
925,32Nvl_L3_EW,NONE,0.006,0.0
925,NvcNvl_L3_EW,NONE,0.006,0.0
925,NvcNvl_L3_EW,NONE,0.009,0.0
925,32Mt_L2_EW,32MT_EW,0.011,0.005
925,32Mt_L2_NS,NONE,0.009,0.0
930,304Nvl_L1_EW,304NVL_EW,0.025,0.025
930,304Nvl_L2_EW,304NVL_EW,0.022,0.022
930,304Nvl_L1_NS,NONE,0.08,0.0
930,32Nvl_L1_EW,32NVL_EW,0.007,-0.008
930,32Nvl_L2_EW,32NVL_EW,0.008,-0.004
930,NvcNvl_L1_EW,NVCNVL_EW,0.007,0.007
930,NvcNvl_L2_EW,NVCNVL_EW,0.008,0.008
930,32Mt_L1_NS,32MT_NS,0.006,0.006
930,32Mt_L1_EW,32MT_EW,0.021,0.016
930,32Mt_L1_NS,NONE,0.01,0.0
930,NvcCmt8_L2_EW,NONE,0.007,0.0
930,304Nvl_L3_EW,NONE,0.019,0.0
930,32Nvl_L3_EW,NONE,0.006,0.0
930,NvcNvl_L3_EW,NONE,0.009,0.0
930,32Mt_L2_EW,32MT_EW,0.016,0.011
930,32Mt_L2_NS,NONE,0.009,0.0
930,NvcCmt8_L1_EW,NONE,0.006,0.0
935,304Nvl_L1_EW,304NVL_EW,0.008,0.008
935,304Nvl_L2_EW,304NVL_EW,0.007,0.007
935,304Nvl_L1_EW,NONE,0.008,0.0
935,304Nvl_L1_NS,NONE,0.08,0.0
935,304Nvl_L2_EW,NONE,0.009,0.0
935,32Nvl_L3_NS,NONE,0.007,0.0
935,32Nvl_L1_NS,32NVL_NS,0.007,0.007
935,32Nvl_L1_EW,32NVL_EW,0.007,-0.003
935,32Nvl_L2_EW,32NVL_EW,0.008,0.0
935,NvcNvl_L1_EW,NVCNVL_EW,0.014,0.014
935,NvcNvl_L2_EW,NVCNVL_EW,0.008,0.008
935,32Mt_L1_EW,NONE,0.007,0.0
935,32Mt_L3_EW,NONE,0.009,0.0
935,32Mt_L1_EW,32MT_EW,0.014,0.009
935,NvcCmt8_L2_EW,NONE,0.007,0.0
935,304Nvl_L3_EW,NONE,0.006,0.0
935,304Nvl_L3_EW,NONE,0.008,0.0
935,32Nvl_L2_NS,32NVL_NS,0.007,0.007
935,32Nvl_L3_EW,NONE,0.006,0.0
935,NvcNvl_L3_EW,NONE,0.009,0.0
935,32Mt_L2_EW,NONE,0.008,0.0
935,32Mt_L2_EW,32MT_EW,0.011,0.005
935,NvcCmt8_L1_EW,NONE,0.006,0.0
940,304Nvl_L1_NS,304NVL_NS,0.009,0.004
940,304Nvl_L1_EW,304NVL_EW,0.008,0.008
940,304Nvl_L2_EW,304NVL_EW,0.007,0.007
940,304Nvl_L1_NS,NONE,0.015,0.0
940,304Nvl_L3_NS,NONE,0.008,0.0
940,32Nvl_L3_NS,NONE,0.007,0.0
940,32Nvl_L1_NS,32NVL_NS,0.007,0.001
940,32Nvl_L1_EW,32NVL_EW,0.007,-0.003
940,32Nvl_L2_EW,32NVL_EW,0.008,0.0
940,32Nvl_L3_NS,NONE,0.008,0.0
940,32Nvl_L2_NS,32NVL_NS,0.008,0.008
940,NvcNvl_L3_NS,NONE,0.014,0.0
940,NvcNvl_L2_NS,NONE,0.013,0.0
940,NvcNvl_L1_EW,NVCNVL_EW,0.014,0.014
940,NvcNvl_L2_EW,NVCNVL_EW,0.008,0.008
940,32Mt_L1_EW,32MT_EW,0.014,0.009
940,32Mt_L1_NS,NONE,0.01,0.0
940,NvcMt_L2_NS,NONE,0.063,0.0
940,304Nvl_L3_EW,NONE,0.006,0.0
940,304Nvl_L2_NS,NONE,0.007,0.0
940,32Nvl_L2_NS,32NVL_NS,0.007,0.007
940,32Nvl_L3_EW,NONE,0.006,0.0
940,32Nvl_L1_NS,32NVL_NS,0.007,0.0
940,NvcNvl_L1_NS,NONE,0.017,0.0
940,NvcNvl_L3_EW,NONE,0.009,0.0
940,32Mt_L2_EW,32MT_EW,0.011,0.005
940,NvcMt_L1_NS,NONE,0.066,0.0
940,NvcCmt8_L1_EW,NVCCMT8_EW,0.008,0.008
945,304Nvl_L1_NS,304NVL_NS,0.054,0.054
945,304Nvl_L3_NS,NONE,0.037,0.0
945,304Nvl_L1_EW,304NVL_EW,0.017,0.017
945,304Nvl_L2_EW,304NVL_EW,0.007,0.007
945,304Nvl_L1_NS,NONE,0.007,0.0
945,32Nvl_L1_EW,32NVL_EW,0.007,-0.003
945,32Nvl_L2_EW,32NVL_EW,0.008,0.0
945,NvcNvl_L3_NS,NONE,0.007,0.0
945,NvcNvl_L2_NS,NONE,0.007,0.0
945,NvcNvl_L1_EW,NVCNVL_EW,0.014,0.014
945,NvcNvl_L2_EW,NVCNVL_EW,0.008,0.006
945,32Mt_L1_NS,32MT_NS,0.006,0.006
945,32Mt_L1_EW,NONE,0.007,0.0
945,32Mt_L3_EW,NONE,0.009,0.0
945,32Mt_L1_EW,32MT_EW,0.014,0.009
945,32Mt_L1_NS,NONE,0.01,0.0
945,NvcMt_L2_NS,NONE,0.063,0.0
945,NvcMt_L2_EW,NVCMT_EW,0.003,-0.003
945,304Nvl_L2_NS,304NVL_NS,0.038,0.038
945,304Nvl_L3_EW,NONE,0.006,0.0
945,32Nvl_L3_EW,NONE,0.006,0.0
945,NvcNvl_L1_NS,NONE,0.009,0.0
945,NvcNvl_L3_EW,NONE,0.009,0.0
945,32Mt_L2_EW,NONE,0.008,0.0
945,32Mt_L2_EW,32MT_EW,0.011,0.005
945,NvcMt_L1_NS,NONE,0.066,0.0
945,NvcMt_L1_EW,NVCMT_EW,0.006,-0.004
950,304Nvl_L1_NS,304NVL_NS,0.054,0.054
950,304Nvl_L3_NS,NONE,0.037,0.0
950,304Nvl_L1_EW,304NVL_EW,0.017,0.017
950,304Nvl_L2_EW,304NVL_EW,0.007,0.007
950,304Nvl_L1_NS,NONE,0.007,0.0
950,32Nvl_L1_EW,32NVL_EW,0.007,-0.003
950,32Nvl_L2_EW,32NVL_EW,0.008,0.0
950,NvcNvl_L3_NS,NONE,0.014,0.0
950,NvcNvl_L2_NS,NONE,0.013,0.0
950,NvcNvl_L1_EW,NVCNVL_EW,0.014,0.014
950,NvcNvl_L2_EW,NVCNVL_EW,0.008,0.006
950,32Mt_L1_EW,NONE,0.022,0.0
950,32Mt_L3_EW,NONE,0.027,0.0
950,32Mt_L1_EW,32MT_EW,0.014,0.009
950,NvcMt_L2_EW,NVCMT_EW,0.003,-0.003
950,304Nvl_L2_NS,304NVL_NS,0.038,0.038
950,304Nvl_L3_EW,NONE,0.006,0.0
950,32Nvl_L3_EW,NONE,0.006,0.0
950,32Nvl_L1_NS,32NVL_NS,0.007,-0.031
950,NvcNvl_L1_NS,NONE,0.017,0.0
950,NvcNvl_L3_EW,NONE,0.009,0.0
950,32Mt_L2_EW,NONE,0.023,0.0
950,32Mt_L2_EW,32MT_EW,0.011,0.005
950,NvcMt_L1_EW,NVCMT_EW,0.006,-0.004
955,304Nvl_L1_NS,304NVL_NS,0.045,0.045
955,304Nvl_L3_NS,NONE,0.037,0.0
955,304Nvl_L1_EW,304NVL_EW,0.008,0.008
955,304Nvl_L2_EW,304NVL_EW,0.007,0.007
955,32Nvl_L1_EW,32NVL_EW,0.021,0.011
955,32Nvl_L2_EW,32NVL_EW,0.023,0.016
955,32Nvl_L3_NS,NONE,0.008,0.0
955,32Nvl_L2_NS,32NVL_NS,0.008,-0.019
955,NvcNvl_L3_NS,NONE,0.007,0.0
955,NvcNvl_L2_NS,NONE,0.007,0.0
955,NvcNvl_L1_EW,NONE,0.011,0.0
955,NvcNvl_L2_EW,NONE,0.008,0.0
955,NvcNvl_L1_EW,NVCNVL_EW,0.007,0.007
955,32Mt_L1_NS,32MT_NS,0.006,0.006
955,32Mt_L1_EW,NONE,0.007,0.0
955,32Mt_L3_EW,NONE,0.009,0.0
955,32Mt_L1_EW,32MT_EW,0.014,-0.001
955,NvcMt_L2_EW,NVCMT_EW,0.003,0.003
955,304Nvl_L2_NS,304NVL_NS,0.038,0.032
955,304Nvl_L3_EW,NONE,0.006,0.0
955,32Nvl_L3_EW,NONE,0.019,0.0
955,32Nvl_L1_NS,32NVL_NS,0.007,-0.025
955,NvcNvl_L1_NS,NONE,0.009,0.0
955,32Mt_L2_EW,NONE,0.008,0.0
955,32Mt_L2_EW,32MT_EW,0.011,-0.005
955,NvcMt_L1_EW,NVCMT_EW,0.006,0.001
960,304Nvl_L1_NS,304NVL_NS,0.045,0.016
960,304Nvl_L3_NS,NONE,0.037,0.0
960,304Nvl_L1_NS,NONE,0.007,0.0
960,32Nvl_L1_NS,32NVL_NS,0.042,0.01
960,NvcNvl_L3_NS,NONE,0.007,0.0
960,NvcNvl_L2_NS,NONE,0.007,0.0
960,NvcNvl_L1_EW,NONE,0.011,0.0
960,NvcNvl_L2_EW,NONE,0.008,0.0
960,NvcNvl_L1_EW,NVCNVL_EW,0.007,0.007
960,32Mt_L1_NS,32MT_NS,0.006,0.006
960,32Mt_L1_EW,NONE,0.007,0.0
960,32Mt_L1_EW,32MT_EW,0.007,0.007
960,NvcMt_L2_EW,NVCMT_EW,0.003,-0.005
960,NvcCmt8_L2_EW,NVCCMT8_EW,0.011,0.009
960,32Thn_L1_EW,NONE,0.01,0.0
960,32Thn_L2_EW,NONE,0.01,0.0
960,32Thn_L3_EW,NONE,0.007,0.0
960,304Nvl_L2_NS,304NVL_NS,0.038,0.038
960,32Nvl_L2_NS,32NVL_NS,0.033,0.007
960,NvcNvl_L1_NS,NONE,0.009,0.0
960,32Mt_L2_EW,32MT_EW,0.005,0.005
960,NvcMt_L1_EW,NVCMT_EW,0.006,-0.01
960,NvcCmt8_L1_EW,NVCCMT8_EW,0.015,0.015
965,304Nvl_L1_NS,304NVL_NS,0.045,-0.013
965,304Nvl_L3_NS,NONE,0.037,0.0
965,304Nvl_L1_NS,NONE,0.007,0.0
965,32Nvl_L3_NS,NONE,0.075,0.0
965,32Nvl_L1_NS,32NVL_NS,0.083,0.051
965,32Nvl_L1_EW,32NVL_EW,0.007,-0.009
965,NvcNvl_L3_NS,NONE,0.007,0.0
965,NvcNvl_L2_NS,NONE,0.007,0.0
965,NvcNvl_L1_EW,NONE,0.011,0.0
965,NvcNvl_L2_EW,NONE,0.008,0.0
965,32Mt_L1_NS,32MT_NS,0.006,0.006
965,32Mt_L1_EW,32MT_EW,0.014,0.014
965,32Mt_L1_NS,NONE,0.049,0.0
965,NvcCmt8_L2_EW,NVCCMT8_EW,0.005,0.005
965,32Thn_L1_EW,32THN_EW,0.008,0.008
965,304Nvl_L2_NS,304NVL_NS,0.038,0.038
965,32Nvl_L2_NS,32NVL_NS,0.073,0.047
965,32Nvl_L1_NS,32NVL_NS,0.007,-0.025
965,NvcNvl_L1_NS,NONE,0.009,0.0
965,32Mt_L2_EW,32MT_EW,0.005,0.005
965,32Mt_L2_NS,NONE,0.043,0.0
965,NvcCmt8_L1_EW,NVCCMT8_EW,0.008,0.008
965,NvcCmt8_L1_EW,NONE,0.006,0.0
970,304Nvl_L1_NS,304NVL_NS,0.045,-0.037
970,304Nvl_L3_NS,NONE,0.037,0.0
970,32Nvl_L3_NS,NONE,0.082,0.0
970,32Nvl_L1_NS,32NVL_NS,0.118,0.086
970,NvcNvl_L3_NS,NONE,0.007,0.0
970,NvcNvl_L2_NS,NONE,0.007,0.0
970,NvcNvl_L1_EW,NONE,0.011,0.0
970,32Mt_L1_NS,32MT_NS,0.006,0.006
970,32Mt_L1_EW,32MT_EW,0.007,0.007
970,304Nvl_L2_NS,304NVL_NS,0.038,0.038
970,32Nvl_L2_NS,32NVL_NS,0.113,0.087
970,32Nvl_L1_NS,32NVL_NS,0.007,-0.025
970,NvcNvl_L1_NS,NONE,0.009,0.0
970,NvcCmt8_L1_EW,NONE,0.006,0.0
975,304Nvl_L1_NS,304NVL_NS,0.045,-0.042
975,304Nvl_L3_NS,NONE,0.037,0.0
975,304Nvl_L1_EW,304NVL_EW,0.042,0.042
975,304Nvl_L2_EW,304NVL_EW,0.036,0.036
975,32Nvl_L3_NS,NONE,0.082,0.0
975,32Nvl_L1_NS,32NVL_NS,0.125,0.093
975,NvcNvl_L1_EW,NONE,0.011,0.0
975,NvcNvl_L2_EW,NONE,0.008,0.0
975,NvcNvl_L1_EW,NVCNVL_EW,0.007,0.007
975,32Mt_L1_EW,NONE,0.007,0.0
975,32Mt_L3_EW,NONE,0.009,0.0
975,32Mt_L1_EW,32MT_EW,0.035,0.035
975,304Nvl_L2_NS,304NVL_NS,0.038,0.038
975,304Nvl_L3_EW,NONE,0.032,0.0
975,32Nvl_L2_NS,32NVL_NS,0.12,0.093
975,32Mt_L2_EW,NONE,0.008,0.0
975,32Mt_L2_EW,32MT_EW,0.027,0.027
980,304Nvl_L1_NS,304NVL_NS,0.045,-0.023
980,304Nvl_L3_NS,NONE,0.037,0.0
980,32Nvl_L3_NS,NONE,0.055,0.0
980,32Nvl_L1_NS,32NVL_NS,0.097,0.065
980,NvcNvl_L3_NS,NONE,0.007,0.0
980,NvcNvl_L2_NS,NONE,0.007,0.0
980,NvcNvl_L1_EW,NVCNVL_EW,0.014,0.014
980,NvcNvl_L2_EW,NVCNVL_EW,0.016,0.016
980,304Nvl_L2_NS,304NVL_NS,0.038,0.038
980,32Nvl_L2_NS,32NVL_NS,0.093,0.067
980,NvcNvl_L1_NS,NONE,0.009,0.0
980,NvcNvl_L3_EW,NONE,0.019,0.0
985,304Nvl_L1_NS,304NVL_NS,0.045,-0.003
985,304Nvl_L3_NS,NONE,0.037,0.0
985,304Nvl_L1_EW,304NVL_EW,0.017,0.017
985,304Nvl_L2_EW,304NVL_EW,0.015,0.015
985,304Nvl_L1_NS,NONE,0.036,0.0
985,32Nvl_L3_NS,NONE,0.034,0.0
985,32Nvl_L1_NS,32NVL_NS,0.069,0.038
985,32Nvl_L3_NS,NONE,0.008,0.0
985,32Nvl_L2_NS,32NVL_NS,0.008,-0.019
985,32Mt_L1_EW,NONE,0.007,0.0
985,32Mt_L3_EW,NONE,0.009,0.0
985,32Mt_L1_EW,32MT_EW,0.007,0.007
985,32Mt_L1_NS,NONE,0.01,0.0
985,32Thn_L1_EW,32THN_EW,0.008,0.008
985,32Thn_L2_EW,32THN_EW,0.008,0.008
985,32Thn_L3_EW,NONE,0.008,0.0
985,304Nvl_L2_NS,304NVL_NS,0.038,0.032
985,304Nvl_L3_EW,NONE,0.006,0.0
985,32Nvl_L2_NS,32NVL_NS,0.067,0.04
985,32Nvl_L1_NS,32NVL_NS,0.007,-0.025
985,32Mt_L2_EW,NONE,0.008,0.0
985,32Mt_L2_EW,32MT_EW,0.005,0.005
985,32Mt_L2_NS,NONE,0.009,0.0
990,304Nvl_L1_NS,304NVL_NS,0.045,-0.003
990,304Nvl_L3_NS,NONE,0.037,0.0
990,304Nvl_L1_EW,304NVL_EW,0.008,0.008
990,304Nvl_L2_EW,304NVL_EW,0.007,0.007
990,32Nvl_L3_NS,NONE,0.034,0.0
990,32Nvl_L1_NS,32NVL_NS,0.069,0.033
990,32Nvl_L3_NS,NONE,0.025,0.0
990,32Nvl_L2_NS,32NVL_NS,0.024,-0.003
990,NvcNvl_L3_NS,NONE,0.007,0.0
990,NvcNvl_L2_NS,NONE,0.007,0.0
990,NvcNvl_L1_NS,NVCNVL_NS,0.007,-0.042
990,32Mt_L1_NS,NONE,0.049,0.0
990,NvcMt_L2_NS,NONE,0.005,0.0
990,NvcCmt8_L2_EW,NVCCMT8_EW,0.005,0.005
990,32Thn_L1_EW,32THN_EW,0.008,0.008
990,32Thn_L2_EW,32THN_EW,0.008,0.008
990,304Nvl_L2_NS,304NVL_NS,0.038,0.021
990,304Nvl_L3_EW,NONE,0.006,0.0
990,32Nvl_L2_NS,32NVL_NS,0.067,0.04
990,32Nvl_L1_NS,32NVL_NS,0.02,-0.016
990,NvcNvl_L1_NS,NONE,0.009,0.0
990,32Mt_L2_NS,NONE,0.043,0.0
990,NvcMt_L1_NS,NONE,0.005,0.0
990,NvcCmt8_L1_EW,NVCCMT8_EW,0.008,0.008
995,304Nvl_L1_NS,304NVL_NS,0.045,0.002
995,304Nvl_L3_NS,NONE,0.037,0.0
995,304Nvl_L1_EW,304NVL_EW,0.008,0.008
995,304Nvl_L1_EW,NONE,0.008,0.0
995,304Nvl_L1_NS,NONE,0.007,0.0
995,304Nvl_L3_NS,NONE,0.008,0.0
995,32Nvl_L3_NS,NONE,0.027,0.0
995,32Nvl_L1_NS,32NVL_NS,0.062,0.026
995,32Nvl_L3_NS,NONE,0.058,0.0
995,32Nvl_L2_NS,32NVL_NS,0.055,0.029
995,NvcNvl_L1_EW,NONE,0.011,0.0
995,NvcNvl_L2_EW,NONE,0.008,0.0
995,NvcNvl_L1_NS,NVCNVL_NS,0.007,-0.037
995,32Mt_L1_EW,NONE,0.007,0.0
995,32Mt_L3_EW,NONE,0.009,0.0
995,32Mt_L1_EW,32MT_EW,0.014,0.014
995,32Mt_L1_NS,NONE,0.059,0.0
995,32Thn_L1_EW,NONE,0.01,0.0
995,304Nvl_L2_NS,304NVL_NS,0.038,-0.001
995,304Nvl_L2_NS,NONE,0.007,0.0
995,32Nvl_L2_NS,32NVL_NS,0.06,0.033
995,32Nvl_L1_NS,32NVL_NS,0.047,0.011
995,NvcNvl_L3_EW,NONE,0.006,0.0
995,32Mt_L2_EW,NONE,0.008,0.0
995,32Mt_L2_EW,32MT_EW,0.005,0.005
995,32Mt_L2_NS,NONE,0.052,0.0
1000,304Nvl_L1_NS,304NVL_NS,0.045,0.002
1000,304Nvl_L3_NS,NONE,0.037,0.0
1000,32Nvl_L3_NS,NONE,0.027,0.0
1000,32Nvl_L1_NS,32NVL_NS,0.062,0.026
1000,32Nvl_L1_EW,32NVL_EW,0.007,0.007
1000,32Nvl_L2_EW,32NVL_EW,0.008,0.008
1000,32Nvl_L3_NS,NONE,0.067,0.0
1000,32Nvl_L2_NS,32NVL_NS,0.063,0.037
1000,NvcNvl_L1_NS,NVCNVL_NS,0.007,-0.037
1000,304Nvl_L2_NS,304NVL_NS,0.038,-0.006
1000,32Nvl_L2_NS,32NVL_NS,0.06,0.033
1000,32Nvl_L3_EW,NONE,0.006,0.0
1000,32Nvl_L1_NS,32NVL_NS,0.054,0.017
1005,304Nvl_L1_NS,304NVL_NS,0.045,0.011
1005,304Nvl_L3_NS,NONE,0.037,0.0
1005,304Nvl_L1_EW,304NVL_EW,0.008,0.008
1005,32Nvl_L3_NS,NONE,0.014,0.0
1005,32Nvl_L1_NS,32NVL_NS,0.048,0.017
1005,32Nvl_L1_EW,32NVL_EW,0.014,0.009
1005,32Nvl_L2_EW,32NVL_EW,0.015,0.015
1005,32Nvl_L3_NS,NONE,0.075,0.0
1005,32Nvl_L2_NS,32NVL_NS,0.071,0.045
1005,NvcNvl_L3_NS,NONE,0.007,0.0
1005,NvcNvl_L2_NS,NONE,0.007,0.0
1005,32Mt_L1_EW,NONE,0.036,0.0
1005,32Mt_L1_EW,32MT_EW,0.007,-0.003
1005,32Mt_L1_NS,NONE,0.02,0.0
1005,NvcMt_L1_EW,NVCMT_EW,0.006,0.006
1005,304Nvl_L2_NS,304NVL_NS,0.038,-0.012
1005,32Nvl_L2_NS,32NVL_NS,0.047,0.02
1005,32Nvl_L3_EW,NONE,0.013,0.0
1005,32Nvl_L1_NS,32NVL_NS,0.067,0.035
1005,NvcNvl_L1_NS,NONE,0.009,0.0
1005,32Mt_L2_NS,NONE,0.009,0.0
1005,NvcMt_L2_EW,NVCMT_EW,0.008,0.008
1010,304Nvl_L1_NS,304NVL_NS,0.045,-0.013
1010,304Nvl_L3_NS,NONE,0.037,0.0
1010,32Nvl_L3_NS,NONE,0.041,0.0
1010,32Nvl_L1_NS,32NVL_NS,0.083,0.051
1010,32Nvl_L3_NS,NONE,0.075,0.0
1010,32Nvl_L2_NS,32NVL_NS,0.071,0.045
1010,NvcNvl_L3_NS,NONE,0.007,0.0
1010,NvcNvl_L2_NS,NONE,0.007,0.0
1010,NvcNvl_L1_EW,NVCNVL_EW,0.092,0.092
1010,NvcNvl_L2_EW,NVCNVL_EW,0.102,0.102
1010,32Mt_L1_EW,NONE,0.007,0.0
1010,32Mt_L3_EW,NONE,0.009,0.0
1010,304Nvl_L2_NS,304NVL_NS,0.038,-0.012
1010,32Nvl_L2_NS,32NVL_NS,0.08,0.053
1010,32Nvl_L1_NS,32NVL_NS,0.067,0.035
1010,NvcNvl_L1_NS,NONE,0.009,0.0
1010,NvcNvl_L3_EW,NONE,0.121,0.0
1010,32Mt_L2_EW,NONE,0.008,0.0
1015,32Nvl_L1_NS,32NVL_NS,0.035,0.035
1015,32Nvl_L1_EW,32NVL_EW,0.007,0.007
1015,32Nvl_L2_EW,32NVL_EW,0.008,0.008
1015,32Nvl_L1_EW,32NVL_EW,0.013,0.013
1015,32Nvl_L3_NS,NONE,0.025,0.0
1015,32Nvl_L2_NS,32NVL_NS,0.024,0.024
1015,NvcNvl_L3_NS,NONE,0.014,0.0
1015,NvcNvl_L2_NS,NONE,0.013,0.0
1015,NvcNvl_L1_EW,NVCNVL_EW,0.092,0.092
1015,NvcNvl_L2_EW,NVCNVL_EW,0.102,0.102
1015,32Mt_L1_EW,NONE,0.007,0.0
1015,32Thn_L1_EW,NONE,0.01,0.0
1015,32Thn_L2_EW,NONE,0.01,0.0
1015,32Thn_L3_EW,NONE,0.007,0.0
1015,32Nvl_L2_NS,32NVL_NS,0.033,0.033
1015,32Nvl_L3_EW,NONE,0.006,0.0
1015,32Nvl_L1_NS,32NVL_NS,0.027,0.027
1015,NvcNvl_L1_NS,NONE,0.017,0.0
1015,NvcNvl_L3_EW,NONE,0.121,0.0
1020,304Nvl_L1_EW,304NVL_EW,0.008,0.008
1020,304Nvl_L2_EW,304NVL_EW,0.007,0.007
1020,32Nvl_L1_NS,32NVL_NS,0.007,0.007
1020,32Nvl_L1_EW,32NVL_EW,0.007,-0.003
1020,32Nvl_L2_EW,32NVL_EW,0.008,0.008
1020,32Nvl_L1_EW,32NVL_EW,0.007,-0.004
1020,32Nvl_L3_NS,NONE,0.008,0.0
1020,32Nvl_L2_NS,32NVL_NS,0.008,0.008
1020,NvcNvl_L3_NS,NONE,0.095,0.0
1020,NvcNvl_L2_NS,NONE,0.092,0.0
1020,NvcNvl_L1_EW,NVCNVL_EW,0.099,0.099
1020,NvcNvl_L2_EW,NVCNVL_EW,0.109,0.109
1020,32Mt_L1_EW,32MT_EW,0.007,0.002
1020,32Mt_L1_NS,NONE,0.01,0.0
1020,32Thn_L1_EW,32THN_EW,0.008,0.003
1020,304Nvl_L3_EW,NONE,0.006,0.0
1020,32Nvl_L3_EW,NONE,0.006,0.0
1020,32Nvl_L1_NS,32NVL_NS,0.047,0.047
1020,NvcNvl_L1_NS,NONE,0.122,0.0
1020,NvcNvl_L3_EW,NONE,0.13,0.0
1020,32Mt_L2_NS,NONE,0.009,0.0
1025,304Nvl_L1_EW,304NVL_EW,0.008,0.008
1025,304Nvl_L2_EW,304NVL_EW,0.007,0.007
1025,304Nvl_L1_NS,NONE,0.036,0.0
1025,32Nvl_L1_NS,32NVL_NS,0.007,0.007
1025,32Nvl_L1_EW,32NVL_EW,0.007,0.002
1025,32Nvl_L2_EW,32NVL_EW,0.008,0.004
1025,NvcNvl_L1_EW,NVCNVL_EW,0.099,0.099
1025,NvcNvl_L2_EW,NVCNVL_EW,0.109,0.109
1025,32Mt_L1_EW,NONE,0.007,0.0
1025,32Mt_L1_EW,32MT_EW,0.007,0.002
1025,304Nvl_L3_EW,NONE,0.006,0.0
1025,32Nvl_L3_EW,NONE,0.006,0.0
1025,32Nvl_L1_NS,32NVL_NS,0.034,0.034
1025,NvcNvl_L3_EW,NONE,0.13,0.0
1025,32Mt_L2_EW,32MT_EW,0.005,0.0
1030,304Nvl_L1_EW,304NVL_EW,0.008,0.008
1030,304Nvl_L2_EW,304NVL_EW,0.007,0.007
1030,32Nvl_L1_EW,32NVL_EW,0.007,-0.003
1030,32Nvl_L2_EW,32NVL_EW,0.008,0.0
1030,NvcNvl_L3_NS,NONE,0.007,0.0
1030,NvcNvl_L2_NS,NONE,0.007,0.0
1030,NvcNvl_L1_EW,NVCNVL_EW,0.106,0.106
1030,NvcNvl_L2_EW,NVCNVL_EW,0.109,0.109
1030,32Mt_L1_EW,32MT_EW,0.014,0.009
1030,304Nvl_L3_EW,NONE,0.006,0.0
1030,32Nvl_L3_EW,NONE,0.006,0.0
1030,32Nvl_L1_NS,32NVL_NS,0.007,0.007
1030,NvcNvl_L1_NS,NONE,0.009,0.0
1030,NvcNvl_L3_EW,NONE,0.13,0.0
1030,32Mt_L2_EW,32MT_EW,0.011,0.005
1035,304Nvl_L1_EW,304NVL_EW,0.017,0.017
1035,304Nvl_L2_EW,304NVL_EW,0.015,0.015
1035,32Nvl_L1_EW,32NVL_EW,0.007,0.002
1035,32Nvl_L2_EW,32NVL_EW,0.008,0.004
1035,NvcNvl_L1_EW,NONE,0.011,0.0
1035,NvcNvl_L1_EW,NVCNVL_EW,0.113,0.113
1035,NvcNvl_L2_EW,NVCNVL_EW,0.117,0.117
1035,32Mt_L1_EW,32MT_EW,0.007,0.002
1035,304Nvl_L3_EW,NONE,0.013,0.0
1035,32Nvl_L3_EW,NONE,0.006,0.0
1035,32Nvl_L1_NS,32NVL_NS,0.007,0.007
1035,NvcNvl_L3_EW,NONE,0.14,0.0
1035,32Mt_L2_EW,32MT_EW,0.005,0.0
1040,304Nvl_L1_EW,304NVL_EW,0.017,0.017
1040,304Nvl_L2_EW,304NVL_EW,0.015,0.015
1040,32Nvl_L1_EW,32NVL_EW,0.007,0.002
1040,32Nvl_L2_EW,32NVL_EW,0.008,0.004
1040,NvcNvl_L1_EW,NONE,0.011,0.0
1040,NvcNvl_L2_EW,NONE,0.008,0.0
1040,NvcNvl_L1_EW,NVCNVL_EW,0.113,0.113
1040,NvcNvl_L2_EW,NVCNVL_EW,0.117,0.117
1040,32Mt_L1_EW,32MT_EW,0.007,0.002
1040,NvcMt_L2_NS,NONE,0.026,0.0
1040,304Nvl_L3_EW,NONE,0.013,0.0
1040,32Nvl_L3_EW,NONE,0.006,0.0
1040,32Nvl_L1_NS,32NVL_NS,0.007,0.007
1040,NvcNvl_L3_EW,NONE,0.006,0.0
1040,NvcNvl_L3_EW,NONE,0.14,0.0
1040,32Mt_L2_EW,32MT_EW,0.005,0.0
1040,NvcMt_L1_NS,NONE,0.027,0.0
1045,304Nvl_L1_EW,304NVL_EW,0.017,0.017
1045,304Nvl_L2_EW,304NVL_EW,0.015,0.015
1045,32Nvl_L1_EW,32NVL_EW,0.007,0.002
1045,32Nvl_L2_EW,32NVL_EW,0.008,0.004
1045,32Nvl_L1_EW,32NVL_EW,0.007,0.002
1045,32Nvl_L2_EW,32NVL_EW,0.007,0.004
1045,32Nvl_L3_NS,NONE,0.008,0.0
1045,32Nvl_L2_NS,32NVL_NS,0.008,0.008
1045,NvcNvl_L1_EW,NVCNVL_EW,0.106,0.106
1045,NvcNvl_L2_EW,NVCNVL_EW,0.117,0.117
1045,32Mt_L1_EW,32MT_EW,0.007,0.002
1045,32Mt_L1_NS,NONE,0.01,0.0
1045,304Nvl_L3_EW,NONE,0.013,0.0
1045,32Nvl_L3_EW,NONE,0.006,0.0
1045,32Nvl_L3_EW,NONE,0.006,0.0
1045,32Nvl_L1_NS,32NVL_NS,0.007,0.007
1045,NvcNvl_L3_EW,NONE,0.14,0.0
1045,32Mt_L2_EW,32MT_EW,0.005,0.0
1045,32Mt_L2_NS,NONE,0.009,0.0
1050,304Nvl_L1_EW,304NVL_EW,0.068,0.068
1050,304Nvl_L2_EW,304NVL_EW,0.051,0.051
1050,304Nvl_L1_NS,NONE,0.007,0.0
1050,304Nvl_L3_NS,NONE,0.008,0.0
1050,32Nvl_L3_NS,NONE,0.034,0.0
1050,32Nvl_L1_NS,32NVL_NS,0.035,0.035
1050,32Nvl_L1_EW,32NVL_EW,0.007,0.002
1050,32Nvl_L2_EW,32NVL_EW,0.008,0.004
1050,32Nvl_L1_EW,32NVL_EW,0.007,0.002
1050,32Nvl_L2_EW,32NVL_EW,0.007,0.004
1050,NvcNvl_L3_NS,NONE,0.007,0.0
1050,NvcNvl_L2_NS,NONE,0.007,0.0
1050,NvcNvl_L1_EW,NVCNVL_EW,0.099,0.099
1050,NvcNvl_L2_EW,NVCNVL_EW,0.109,0.109
1050,32Mt_L1_EW,NONE,0.007,0.0
1050,32Mt_L3_EW,NONE,0.009,0.0
1050,32Mt_L1_EW,32MT_EW,0.007,0.002
1050,304Nvl_L3_EW,NONE,0.044,0.0
1050,304Nvl_L2_NS,NONE,0.007,0.0
1050,32Nvl_L2_NS,32NVL_NS,0.033,0.033
1050,32Nvl_L3_EW,NONE,0.006,0.0
1050,32Nvl_L3_EW,NONE,0.006,0.0
1050,NvcNvl_L1_NS,NONE,0.009,0.0
1050,NvcNvl_L3_EW,NONE,0.13,0.0
1050,32Mt_L2_EW,NONE,0.008,0.0
1050,32Mt_L2_EW,32MT_EW,0.005,0.0
1055,304Thn_L1_EW,NONE,0.007,0.0
1055,304Thn_L2_EW,NONE,0.008,0.0
1055,304Nvl_L1_EW,304NVL_EW,0.068,0.068
1055,304Nvl_L2_EW,304NVL_EW,0.058,0.058
1055,304Nvl_L1_NS,NONE,0.015,0.0
1055,304Nvl_L3_NS,NONE,0.008,0.0
1055,32Nvl_L1_NS,32NVL_NS,0.035,0.035
1055,32Nvl_L1_EW,32NVL_EW,0.007,0.002
1055,32Nvl_L2_EW,32NVL_EW,0.008,0.004
1055,32Nvl_L1_EW,32NVL_EW,0.007,0.002
1055,32Nvl_L2_EW,32NVL_EW,0.007,0.004
1055,32Nvl_L3_NS,NONE,0.1,0.0
1055,32Nvl_L2_NS,32NVL_NS,0.095,0.095
1055,NvcNvl_L3_NS,NONE,0.007,0.0
1055,NvcNvl_L2_NS,NONE,0.007,0.0
1055,NvcNvl_L1_EW,NVCNVL_EW,0.092,0.087
1055,NvcNvl_L2_EW,NVCNVL_EW,0.102,0.1
1055,32Mt_L1_EW,NONE,0.007,0.0
1055,32Mt_L3_EW,NONE,0.009,0.0
1055,32Mt_L1_EW,32MT_EW,0.007,0.002
1055,32Mt_L1_NS,NONE,0.02,0.0
1055,NvcMt_L1_EW,NVCMT_EW,0.006,-0.058
1055,NvcMt_L2_EW,NVCMT_EW,0.003,-0.068
1055,304Nvl_L3_EW,NONE,0.051,0.0
1055,304Nvl_L2_NS,NONE,0.015,0.0
1055,32Nvl_L2_NS,32NVL_NS,0.033,0.033
1055,32Nvl_L3_EW,NONE,0.006,0.0
1055,32Nvl_L3_EW,NONE,0.006,0.0
1055,32Nvl_L1_NS,32NVL_NS,0.081,0.081
1055,NvcNvl_L1_NS,NONE,0.009,0.0
1055,NvcNvl_L3_EW,NONE,0.121,0.0
1055,32Mt_L2_EW,NONE,0.008,0.0
1055,32Mt_L2_EW,32MT_EW,0.005,0.0
1055,32Mt_L2_NS,NONE,0.009,0.0
1055,NvcMt_L2_EW,NVCMT_EW,0.008,-0.063
1055,NvcMt_L1_EW,NVCMT_EW,0.006,-0.058
1055,304Thn_L3_EW,NONE,0.008,0.0
1060,304Thn_L1_EW,304THN_EW,0.008,0.002
1060,304Nvl_L1_EW,304NVL_EW,0.008,0.003
1060,304Nvl_L2_EW,304NVL_EW,0.007,0.007
1060,304Nvl_L1_NS,NONE,0.007,0.0
1060,32Nvl_L1_EW,32NVL_EW,0.007,0.002
1060,32Nvl_L2_EW,32NVL_EW,0.008,0.004
1060,32Nvl_L1_EW,32NVL_EW,0.007,0.002
1060,32Nvl_L2_EW,32NVL_EW,0.007,0.004
1060,32Nvl_L3_NS,NONE,0.109,0.0
1060,32Nvl_L2_NS,32NVL_NS,0.103,0.103
1060,NvcNvl_L3_NS,NONE,0.014,0.0
1060,NvcNvl_L2_NS,NONE,0.013,0.0
1060,NvcNvl_L1_EW,NVCNVL_EW,0.092,0.087
1060,NvcNvl_L2_EW,NVCNVL_EW,0.102,0.1
1060,32Mt_L1_NS,32MT_NS,0.006,0.006
1060,32Mt_L1_EW,NONE,0.007,0.0
1060,32Mt_L3_EW,NONE,0.009,0.0
1060,32Mt_L1_EW,32MT_EW,0.007,0.002
1060,32Mt_L1_NS,NONE,0.01,0.0
1060,NvcMt_L1_EW,NVCMT_EW,0.006,-0.058
1060,NvcMt_L2_EW,NVCMT_EW,0.003,-0.068
1060,304Nvl_L3_EW,NONE,0.006,0.0
1060,32Nvl_L3_EW,NONE,0.006,0.0
1060,32Nvl_L3_EW,NONE,0.006,0.0
1060,32Nvl_L1_NS,32NVL_NS,0.121,0.121
1060,NvcNvl_L1_NS,NONE,0.017,0.0
1060,NvcNvl_L3_EW,NONE,0.121,0.0
1060,32Mt_L2_EW,NONE,0.008,0.0
1060,32Mt_L2_EW,32MT_EW,0.005,0.0
1060,NvcMt_L2_EW,NVCMT_EW,0.008,-0.063
1060,NvcMt_L1_EW,NVCMT_EW,0.006,-0.058
1065,304Thn_L1_EW,304THN_EW,0.008,-0.004
1065,304Nvl_L1_NS,304NVL_NS,0.009,0.009
1065,304Nvl_L3_NS,NONE,0.007,0.0
1065,304Nvl_L1_EW,304NVL_EW,0.017,0.011
1065,304Nvl_L1_NS,NONE,0.051,0.0
1065,32Nvl_L1_EW,32NVL_EW,0.007,-0.008
1065,32Nvl_L2_EW,32NVL_EW,0.008,0.0
1065,32Nvl_L1_EW,32NVL_EW,0.007,-0.008
1065,32Nvl_L2_EW,32NVL_EW,0.007,0.0
1065,32Nvl_L3_NS,NONE,0.008,0.0
1065,32Nvl_L2_NS,32NVL_NS,0.008,0.003
1065,NvcNvl_L1_EW,NVCNVL_EW,0.099,0.099
1065,NvcNvl_L2_EW,NVCNVL_EW,0.102,0.1
1065,32Mt_L1_EW,32MT_EW,0.021,0.016
1065,NvcMt_L2_EW,NVCMT_EW,0.003,-0.068
1065,NvcCmt8_L2_NS,NONE,0.054,0.0
1065,32Thn_L1_EW,NONE,0.01,0.0
1065,32Thn_L2_EW,NONE,0.01,0.0
1065,NvcCmt8_L1_NS,NONE,0.039,0.0
1065,32Thn_L3_EW,NONE,0.007,0.0
1065,304Nvl_L2_NS,304NVL_NS,0.008,0.002
1065,32Nvl_L3_EW,NONE,0.006,0.0
1065,32Nvl_L3_EW,NONE,0.006,0.0
1065,32Nvl_L1_NS,32NVL_NS,0.007,0.0
1065,NvcNvl_L3_EW,NONE,0.121,0.0
1065,32Mt_L2_EW,32MT_EW,0.011,0.005
1065,NvcMt_L1_EW,NVCMT_EW,0.006,-0.063
1070,304Nvl_L1_NS,304NVL_NS,0.009,0.009
1070,304Nvl_L3_NS,NONE,0.007,0.0
1070,304Nvl_L1_EW,304NVL_EW,0.008,0.008
1070,304Nvl_L2_EW,304NVL_EW,0.007,0.007
1070,304Nvl_L1_NS,NONE,0.007,0.0
1070,32Nvl_L1_EW,32NVL_EW,0.007,-0.013
1070,32Nvl_L2_EW,32NVL_EW,0.008,0.004
1070,32Nvl_L1_EW,32NVL_EW,0.007,-0.014
1070,32Nvl_L2_EW,32NVL_EW,0.007,0.004
1070,32Nvl_L3_NS,NONE,0.008,0.0
1070,32Nvl_L2_NS,32NVL_NS,0.008,0.003
1070,NvcNvl_L3_NS,NONE,0.007,0.0
1070,NvcNvl_L2_NS,NONE,0.007,0.0
1070,NvcNvl_L1_EW,NONE,0.011,0.0
1070,NvcNvl_L2_EW,NONE,0.008,0.0
1070,NvcNvl_L1_EW,NVCNVL_EW,0.007,0.007
1070,32Mt_L1_EW,NONE,0.007,0.0
1070,32Mt_L3_EW,NONE,0.009,0.0
1070,32Mt_L1_EW,32MT_EW,0.021,0.016
1070,NvcMt_L2_EW,NVCMT_EW,0.003,0.003
1070,NvcCmt8_L2_NS,NONE,0.054,0.0
1070,32Thn_L1_EW,32THN_EW,0.008,0.003
1070,NvcCmt8_L1_NS,NONE,0.039,0.0
1070,304Nvl_L2_NS,304NVL_NS,0.008,0.002
1070,32Nvl_L3_EW,NONE,0.006,0.0
1070,32Nvl_L3_EW,NONE,0.006,0.0
1070,32Nvl_L1_NS,32NVL_NS,0.013,0.007
1070,NvcNvl_L1_NS,NONE,0.009,0.0
1070,NvcNvl_L3_EW,NONE,0.006,0.0
1070,32Mt_L2_EW,NONE,0.008,0.0
1070,32Mt_L2_EW,32MT_EW,0.005,0.0
1070,NvcMt_L1_EW,NVCMT_EW,0.006,0.001
1075,304Nvl_L1_NS,304NVL_NS,0.009,-0.049
1075,304Nvl_L3_NS,NONE,0.007,0.0
1075,304Nvl_L1_EW,304NVL_EW,0.11,0.11
1075,304Nvl_L2_EW,304NVL_EW,0.094,0.094
1075,32Nvl_L1_NS,32NVL_NS,0.083,0.077
1075,32Nvl_L1_EW,32NVL_EW,0.007,-0.003
1075,32Nvl_L2_EW,32NVL_EW,0.008,0.004
1075,32Nvl_L1_EW,32NVL_EW,0.007,-0.003
1075,32Nvl_L2_EW,32NVL_EW,0.007,0.004
1075,NvcNvl_L1_EW,NVCNVL_EW,0.007,0.003
1075,32Mt_L1_EW,32MT_EW,0.014,0.009
1075,32Mt_L1_NS,NONE,0.01,0.0
1075,NvcMt_L2_NS,NONE,0.005,0.0
1075,NvcMt_L1_EW,NVCMT_EW,0.006,0.001
1075,304Nvl_L2_NS,304NVL_NS,0.008,0.008
1075,304Nvl_L3_EW,NONE,0.082,0.0
1075,32Nvl_L3_EW,NONE,0.006,0.0
1075,32Nvl_L3_EW,NONE,0.006,0.0
1075,32Mt_L2_EW,32MT_EW,0.005,0.0
1075,NvcMt_L1_NS,NONE,0.005,0.0
1075,NvcMt_L2_EW,NVCMT_EW,0.008,0.008
1080,304Nvl_L1_NS,304NVL_NS,0.009,-0.049
1080,304Nvl_L3_NS,NONE,0.007,0.0
1080,304Nvl_L1_EW,304NVL_EW,0.11,0.11
1080,304Nvl_L2_EW,304NVL_EW,0.094,0.094
1080,32Nvl_L1_NS,32NVL_NS,0.083,0.077
1080,32Nvl_L1_EW,32NVL_EW,0.007,-0.003
1080,32Nvl_L2_EW,32NVL_EW,0.008,0.004
1080,32Nvl_L1_EW,32NVL_EW,0.007,-0.003
1080,32Nvl_L2_EW,32NVL_EW,0.007,0.004
1080,32Nvl_L3_NS,NONE,0.008,0.0
1080,32Nvl_L2_NS,32NVL_NS,0.008,0.003
1080,NvcNvl_L1_EW,NONE,0.011,0.0
1080,NvcNvl_L2_EW,NONE,0.008,0.0
1080,32Mt_L1_EW,NONE,0.007,0.0
1080,32Mt_L1_EW,32MT_EW,0.014,0.009
1080,NvcMt_L2_NS,NONE,0.011,0.0
1080,NvcMt_L2_EW,NVCMT_EW,0.003,0.003
1080,32Thn_L1_EW,NONE,0.01,0.0
1080,32Thn_L2_EW,NONE,0.01,0.0
1080,32Thn_L3_EW,NONE,0.007,0.0
1080,304Nvl_L2_NS,304NVL_NS,0.008,0.002
1080,304Nvl_L3_EW,NONE,0.082,0.0
1080,32Nvl_L3_EW,NONE,0.006,0.0
1080,32Nvl_L3_EW,NONE,0.006,0.0
1080,32Nvl_L1_NS,32NVL_NS,0.007,0.0
1080,NvcNvl_L3_EW,NONE,0.006,0.0
1080,32Mt_L2_EW,32MT_EW,0.005,0.0
1080,NvcMt_L1_NS,NONE,0.011,0.0
1080,NvcMt_L1_EW,NVCMT_EW,0.006,0.006
1085,304Nvl_L1_NS,304NVL_NS,0.009,0.004
1085,304Nvl_L3_NS,NONE,0.007,0.0
1085,304Nvl_L1_EW,304NVL_EW,0.025,0.025
1085,304Nvl_L2_EW,304NVL_EW,0.015,0.015
1085,32Nvl_L3_NS,NONE,0.007,0.0
1085,32Nvl_L1_NS,32NVL_NS,0.007,0.001
1085,32Nvl_L1_EW,32NVL_EW,0.007,0.001
1085,32Nvl_L2_EW,32NVL_EW,0.008,0.008
1085,32Nvl_L1_EW,32NVL_EW,0.007,0.001
1085,32Nvl_L2_EW,32NVL_EW,0.007,0.007
1085,NvcNvl_L3_NS,NONE,0.014,0.0
1085,NvcNvl_L2_NS,NONE,0.013,0.0
1085,NvcMt_L2_NS,NONE,0.005,0.0
1085,NvcMt_L1_EW,NVCMT_EW,0.006,0.006
1085,NvcCmt8_L2_NS,NONE,0.062,0.0
1085,32Thn_L1_EW,32THN_EW,0.008,0.003
1085,304Nvl_L2_NS,304NVL_NS,0.008,0.008
1085,304Nvl_L3_EW,NONE,0.006,0.0
1085,32Nvl_L2_NS,32NVL_NS,0.007,0.001
1085,32Nvl_L3_EW,NONE,0.006,0.0
1085,32Nvl_L3_EW,NONE,0.006,0.0
1085,NvcNvl_L1_NS,NONE,0.017,0.0
1085,NvcMt_L1_NS,NONE,0.005,0.0
1085,NvcMt_L2_EW,NVCMT_EW,0.008,0.008
1085,NvcCmt8_L1_NS,NONE,0.054,0.0
1090,304Nvl_L1_NS,304NVL_NS,0.009,-0.001
1090,304Nvl_L3_NS,NONE,0.007,0.0
1090,304Nvl_L1_NS,NONE,0.007,0.0
1090,32Nvl_L3_NS,NONE,0.007,0.0
1090,32Nvl_L1_NS,32NVL_NS,0.014,0.008
1090,32Nvl_L1_EW,32NVL_EW,0.007,0.007
1090,32Nvl_L2_EW,32NVL_EW,0.008,0.008
1090,32Nvl_L1_EW,32NVL_EW,0.007,0.007
1090,32Nvl_L2_EW,32NVL_EW,0.007,0.007
1090,32Nvl_L3_NS,NONE,0.008,0.0
1090,32Nvl_L2_NS,32NVL_NS,0.008,0.003
1090,304Nvl_L2_NS,304NVL_NS,0.008,0.002
1090,32Nvl_L2_NS,32NVL_NS,0.007,0.001
1090,32Nvl_L3_EW,NONE,0.006,0.0
1090,32Nvl_L3_EW,NONE,0.006,0.0
1090,32Nvl_L1_NS,32NVL_NS,0.007,0.0
1095,304Nvl_L1_NS,304NVL_NS,0.009,-0.001
1095,304Nvl_L3_NS,NONE,0.007,0.0
1095,304Nvl_L1_EW,304NVL_EW,0.119,0.119
1095,304Nvl_L2_EW,304NVL_EW,0.015,0.015
1095,32Nvl_L3_NS,NONE,0.014,0.0
1095,32Nvl_L1_NS,32NVL_NS,0.014,0.003
1095,32Nvl_L1_EW,32NVL_EW,0.007,0.002
1095,32Nvl_L2_EW,32NVL_EW,0.008,0.004
1095,32Nvl_L1_EW,32NVL_EW,0.007,0.002
1095,32Nvl_L2_EW,32NVL_EW,0.007,0.004
1095,NvcNvl_L1_NS,NVCNVL_NS,0.007,-0.003
1095,32Mt_L1_EW,32MT_EW,0.007,0.002
1095,304Nvl_L2_NS,304NVL_NS,0.008,0.008
1095,304Nvl_L3_EW,NONE,0.013,0.0
1095,32Nvl_L2_NS,32NVL_NS,0.013,0.008
1095,32Nvl_L3_EW,NONE,0.006,0.0
1095,32Nvl_L3_EW,NONE,0.006,0.0
1095,32Nvl_L1_NS,32NVL_NS,0.007,-0.004
1095,32Mt_L2_EW,32MT_EW,0.005,0.0
1100,304Nvl_L1_NS,304NVL_NS,0.009,-0.02
1100,304Nvl_L3_NS,NONE,0.007,0.0
1100,304Nvl_L1_EW,304NVL_EW,0.008,0.008
1100,304Nvl_L2_EW,304NVL_EW,0.007,0.007
1100,32Nvl_L3_NS,NONE,0.041,0.0
1100,32Nvl_L1_NS,32NVL_NS,0.042,0.031
1100,32Nvl_L1_EW,32NVL_EW,0.007,-0.003
1100,32Nvl_L2_EW,32NVL_EW,0.008,0.0
1100,32Nvl_L1_EW,32NVL_EW,0.007,-0.003
1100,32Nvl_L2_EW,32NVL_EW,0.007,0.0
1100,NvcNvl_L1_NS,NVCNVL_NS,0.007,-0.022
1100,32Mt_L1_EW,32MT_EW,0.014,0.009
1100,304Nvl_L2_NS,304NVL_NS,0.008,0.008
1100,304Nvl_L3_EW,NONE,0.006,0.0
1100,32Nvl_L2_NS,32NVL_NS,0.04,0.035
1100,32Nvl_L3_EW,NONE,0.006,0.0
1100,32Nvl_L3_EW,NONE,0.006,0.0
1100,32Nvl_L1_NS,32NVL_NS,0.007,-0.004
1100,32Mt_L2_EW,32MT_EW,0.011,0.005
1105,304Nvl_L1_NS,304NVL_NS,0.009,0.004
1105,304Nvl_L3_NS,NONE,0.007,0.0
1105,304Nvl_L1_EW,304NVL_EW,0.051,0.051
1105,304Nvl_L2_EW,304NVL_EW,0.044,0.044
1105,304Nvl_L1_NS,NONE,0.007,0.0
1105,32Nvl_L1_NS,32NVL_NS,0.007,0.001
1105,32Nvl_L1_EW,32NVL_EW,0.007,0.007
1105,32Nvl_L2_EW,32NVL_EW,0.008,0.008
1105,32Nvl_L1_EW,32NVL_EW,0.007,0.007
1105,32Nvl_L2_EW,32NVL_EW,0.007,0.007
1105,NvcNvl_L1_EW,NONE,0.011,0.0
1105,NvcNvl_L2_EW,NONE,0.008,0.0
1105,NvcMt_L2_EW,NVCMT_EW,0.003,0.003
1105,NvcCmt8_L2_EW,NONE,0.007,0.0
1105,304Nvl_L2_NS,304NVL_NS,0.008,0.008
1105,304Nvl_L3_EW,NONE,0.038,0.0
1105,32Nvl_L2_NS,32NVL_NS,0.007,0.001
1105,32Nvl_L3_EW,NONE,0.006,0.0
1105,32Nvl_L3_EW,NONE,0.006,0.0
1105,NvcNvl_L3_EW,NONE,0.006,0.0
1105,NvcMt_L1_EW,NVCMT_EW,0.006,0.006
1105,NvcCmt8_L1_EW,NONE,0.006,0.0
1110,304Nvl_L1_NS,304NVL_NS,0.009,0.009
1110,304Nvl_L3_NS,NONE,0.007,0.0
1110,304Nvl_L1_EW,304NVL_EW,0.051,0.051
1110,304Nvl_L2_EW,304NVL_EW,0.044,0.044
1110,304Nvl_L1_NS,NONE,0.007,0.0
1110,32Nvl_L1_EW,32NVL_EW,0.007,0.002
1110,32Nvl_L2_EW,32NVL_EW,0.008,0.004
1110,32Nvl_L1_EW,32NVL_EW,0.007,0.002
1110,32Nvl_L2_EW,32NVL_EW,0.007,0.004
1110,NvcNvl_L3_NS,NONE,0.007,0.0
1110,NvcNvl_L2_NS,NONE,0.007,0.0
1110,32Mt_L1_NS,32MT_NS,0.013,0.013
1110,32Mt_L1_EW,32MT_EW,0.007,0.002
1110,NvcMt_L2_EW,NVCMT_EW,0.003,0.003
1110,304Nvl_L2_NS,304NVL_NS,0.008,0.008
1110,304Nvl_L3_EW,NONE,0.006,0.0
1110,32Nvl_L3_EW,NONE,0.006,0.0
1110,32Nvl_L3_EW,NONE,0.006,0.0
1110,NvcNvl_L1_NS,NONE,0.009,0.0
1110,32Mt_L2_EW,32MT_EW,0.005,0.0
1110,NvcMt_L1_EW,NVCMT_EW,0.006,0.006
1115,304Nvl_L1_NS,304NVL_NS,0.009,0.004
1115,304Nvl_L3_NS,NONE,0.007,0.0
1115,304Nvl_L1_NS,NONE,0.044,0.0
1115,32Nvl_L3_NS,NONE,0.007,0.0
1115,32Nvl_L1_NS,32NVL_NS,0.007,0.001
1115,32Nvl_L3_NS,NONE,0.008,0.0
1115,32Nvl_L2_NS,32NVL_NS,0.008,0.003
1115,NvcNvl_L3_NS,NONE,0.007,0.0
1115,NvcNvl_L2_NS,NONE,0.007,0.0
1115,NvcNvl_L1_EW,NVCNVL_EW,0.007,0.003
1115,32Mt_L1_NS,32MT_NS,0.006,0.006
1115,32Mt_L1_NS,NONE,0.02,0.0
1115,NvcMt_L2_NS,NONE,0.005,0.0
1115,NvcMt_L1_EW,NVCMT_EW,0.006,0.001
1115,304Nvl_L2_NS,304NVL_NS,0.008,0.002
1115,32Nvl_L2_NS,32NVL_NS,0.007,0.001
1115,32Nvl_L1_NS,32NVL_NS,0.013,0.007
1115,NvcNvl_L1_NS,NONE,0.009,0.0
1115,32Mt_L2_NS,NONE,0.009,0.0
1115,NvcMt_L1_NS,NONE,0.005,0.0
1115,NvcMt_L2_EW,NVCMT_EW,0.008,0.008
1120,304Nvl_L1_NS,304NVL_NS,0.009,0.004
1120,304Nvl_L3_NS,NONE,0.007,0.0
1120,304Nvl_L1_NS,NONE,0.095,0.0
1120,304Nvl_L3_NS,NONE,0.008,0.0
1120,32Nvl_L1_NS,32NVL_NS,0.007,0.001
1120,32Nvl_L3_NS,NONE,0.008,0.0
1120,32Nvl_L2_NS,32NVL_NS,0.008,0.003
1120,32Mt_L1_NS,32MT_NS,0.006,0.006
1120,32Mt_L1_EW,NONE,0.036,0.0
1120,32Mt_L3_EW,NONE,0.044,0.0
1120,NvcMt_L1_EW,NVCMT_EW,0.013,0.013
1120,304Nvl_L2_NS,304NVL_NS,0.008,0.002
1120,304Nvl_L2_NS,NONE,0.096,0.0
1120,32Nvl_L2_NS,32NVL_NS,0.007,0.001
1120,32Nvl_L1_NS,32NVL_NS,0.02,0.014
1120,32Mt_L2_EW,NONE,0.038,0.0
1120,NvcMt_L2_EW,NVCMT_EW,0.016,0.016
1120,NvcMt_L1_EW,NVCMT_EW,0.006,0.006
1125,304Nvl_L1_EW,304NVL_EW,0.051,0.051
1125,304Nvl_L2_EW,304NVL_EW,0.044,0.044
1125,304Nvl_L1_NS,NONE,0.088,0.0
1125,304Nvl_L3_NS,NONE,0.096,0.0
1125,32Nvl_L3_NS,NONE,0.007,0.0
1125,32Nvl_L1_NS,32NVL_NS,0.014,0.014
1125,32Nvl_L3_NS,NONE,0.008,0.0
1125,32Nvl_L2_NS,32NVL_NS,0.008,0.008
1125,32Mt_L1_NS,32MT_NS,0.006,0.006
1125,304Nvl_L3_EW,NONE,0.038,0.0
1125,304Nvl_L2_NS,NONE,0.089,0.0
1125,32Nvl_L2_NS,32NVL_NS,0.013,0.013
1125,32Nvl_L1_NS,32NVL_NS,0.013,0.013
1130,304Nvl_L1_EW,304NVL_EW,0.068,0.068
1130,304Nvl_L2_EW,304NVL_EW,0.058,0.058
1130,304Nvl_L1_NS,NONE,0.088,0.0
1130,304Nvl_L3_NS,NONE,0.096,0.0
1130,32Nvl_L3_NS,NONE,0.007,0.0
1130,32Nvl_L1_NS,32NVL_NS,0.007,0.007
1130,32Nvl_L3_NS,NONE,0.008,0.0
1130,32Nvl_L2_NS,32NVL_NS,0.008,0.008
1130,32Mt_L1_NS,32MT_NS,0.006,0.006
1130,32Mt_L1_EW,32MT_EW,0.035,0.035
1130,NvcCmt8_L2_EW,NVCCMT8_EW,0.005,0.005
1130,304Nvl_L3_EW,NONE,0.051,0.0
1130,304Nvl_L2_NS,NONE,0.089,0.0
1130,32Nvl_L2_NS,32NVL_NS,0.007,0.007
1130,32Nvl_L1_NS,32NVL_NS,0.013,0.013
1130,NvcCmt8_L1_EW,NVCCMT8_EW,0.008,0.008
1135,304Nvl_L1_EW,304NVL_EW,0.093,0.093
1135,304Nvl_L2_EW,304NVL_EW,0.073,0.073
1135,304Nvl_L1_NS,NONE,0.007,0.0
1135,32Nvl_L3_NS,NONE,0.007,0.0
1135,32Nvl_L1_NS,32NVL_NS,0.007,0.007
1135,32Nvl_L3_NS,NONE,0.017,0.0
1135,32Nvl_L2_NS,32NVL_NS,0.016,0.016
1135,NvcNvl_L2_NS,NONE,0.007,0.0
1135,32Mt_L1_EW,NONE,0.043,0.0
1135,32Mt_L3_EW,NONE,0.053,0.0
1135,32Mt_L1_EW,32MT_EW,0.035,0.035
1135,32Mt_L1_NS,NONE,0.01,0.0
1135,NvcCmt8_L2_EW,NVCCMT8_EW,0.005,0.005
1135,304Nvl_L3_EW,NONE,0.063,0.0
1135,32Nvl_L2_NS,32NVL_NS,0.007,0.007
1135,32Nvl_L1_NS,32NVL_NS,0.013,0.013
1135,NvcNvl_L1_NS,NONE,0.009,0.0
1135,32Mt_L2_EW,NONE,0.045,0.0
1135,32Mt_L2_NS,NONE,0.009,0.0
1135,NvcCmt8_L1_EW,NVCCMT8_EW,0.008,0.008
1140,304Nvl_L1_EW,304NVL_EW,0.059,0.059
1140,304Nvl_L2_EW,304NVL_EW,0.044,0.044
1140,32Nvl_L3_NS,NONE,0.041,0.0
1140,32Nvl_L1_NS,32NVL_NS,0.042,0.042
1140,32Nvl_L3_NS,NONE,0.008,0.0
1140,32Nvl_L2_NS,32NVL_NS,0.008,0.008
1140,NvcNvl_L3_NS,NONE,0.007,0.0
1140,NvcNvl_L2_NS,NONE,0.007,0.0
1140,32Mt_L1_EW,NONE,0.014,0.0
1140,32Mt_L3_EW,NONE,0.018,0.0
1140,32Mt_L1_EW,32MT_EW,0.035,0.035
1140,NvcCmt8_L2_EW,NVCCMT8_EW,0.005,0.005
1140,304Nvl_L3_EW,NONE,0.032,0.0
1140,32Nvl_L2_NS,32NVL_NS,0.04,0.04
1140,32Nvl_L1_NS,32NVL_NS,0.013,0.013
1140,NvcNvl_L1_NS,NONE,0.009,0.0
1140,32Mt_L2_EW,NONE,0.015,0.0
1140,32Mt_L2_EW,32MT_EW,0.027,0.027
1140,NvcCmt8_L1_EW,NVCCMT8_EW,0.008,0.008
1145,304Nvl_L1_EW,304NVL_EW,0.102,0.102
1145,304Nvl_L1_NS,NONE,0.007,0.0
1145,32Nvl_L3_NS,NONE,0.008,0.0
1145,32Nvl_L2_NS,32NVL_NS,0.008,0.008
1145,NvcNvl_L1_EW,NVCNVL_EW,0.035,0.035
1145,NvcNvl_L2_EW,NVCNVL_EW,0.039,0.039
1145,32Mt_L1_EW,NONE,0.014,0.0
1145,32Mt_L3_EW,NONE,0.009,0.0
1145,32Mt_L1_NS,NONE,0.059,0.0
1145,NvcCmt8_L2_EW,NVCCMT8_EW,0.005,0.005
1145,32Nvl_L1_NS,32NVL_NS,0.013,0.013
1145,NvcNvl_L3_EW,NONE,0.047,0.0
1145,32Mt_L2_EW,NONE,0.008,0.0
1145,32Mt_L2_NS,NONE,0.009,0.0
1145,NvcCmt8_L1_EW,NVCCMT8_EW,0.008,0.008
1150,304Nvl_L1_EW,304NVL_EW,0.11,0.11
1150,304Nvl_L2_EW,304NVL_EW,0.007,0.007
1150,304Nvl_L1_NS,NONE,0.036,0.0
1150,32Nvl_L3_NS,NONE,0.042,0.0
1150,32Nvl_L2_NS,32NVL_NS,0.039,0.039
1150,NvcNvl_L1_EW,NVCNVL_EW,0.035,0.013
1150,NvcNvl_L2_EW,NVCNVL_EW,0.039,0.039
1150,32Mt_L1_EW,32MT_EW,0.007,0.007
1150,32Mt_L1_NS,NONE,0.01,0.0
1150,NvcMt_L1_EW,NVCMT_EW,0.032,0.007
1150,304Nvl_L3_EW,NONE,0.006,0.0
1150,32Nvl_L1_NS,32NVL_NS,0.074,0.074
1150,NvcNvl_L3_EW,NONE,0.047,0.0
1150,NvcMt_L2_EW,NVCMT_EW,0.04,0.012
1150,NvcCmt8_L1_EW,NONE,0.006,0.0
1155,304Nvl_L1_NS,NONE,0.036,0.0
1155,32Nvl_L3_NS,NONE,0.042,0.0
1155,32Nvl_L2_NS,32NVL_NS,0.039,0.039
1155,NvcNvl_L3_NS,NONE,0.007,0.0
1155,NvcNvl_L2_NS,NONE,0.007,0.0
1155,NvcNvl_L1_EW,NVCNVL_EW,0.007,-0.015
1155,NvcNvl_L2_EW,NVCNVL_EW,0.008,0.008
1155,32Mt_L1_EW,32MT_EW,0.021,0.021
1155,NvcMt_L1_EW,NVCMT_EW,0.032,0.027
1155,32Nvl_L1_NS,32NVL_NS,0.034,0.034
1155,NvcNvl_L1_NS,NONE,0.009,0.0
1155,NvcNvl_L3_EW,NONE,0.009,0.0
1155,32Mt_L2_EW,32MT_EW,0.005,0.005
1155,NvcMt_L2_EW,NVCMT_EW,0.04,0.034
1160,304Nvl_L1_EW,304NVL_EW,0.017,0.017
1160,32Nvl_L3_NS,NONE,0.008,0.0
1160,32Nvl_L2_NS,32NVL_NS,0.008,0.008
1160,NvcNvl_L3_NS,NONE,0.014,0.0
1160,NvcNvl_L2_NS,NONE,0.02,0.0
1160,32Mt_L1_EW,NONE,0.043,0.0
1160,32Mt_L3_EW,NONE,0.053,0.0
1160,32Mt_L1_EW,32MT_EW,0.028,0.028
1160,NvcMt_L1_EW,NVCMT_EW,0.032,0.032
1160,32Nvl_L1_NS,32NVL_NS,0.007,0.007
1160,NvcNvl_L1_NS,NONE,0.026,0.0
1160,32Mt_L2_EW,NONE,0.045,0.0
1160,32Mt_L2_EW,32MT_EW,0.011,0.011
1160,NvcMt_L2_EW,NVCMT_EW,0.04,0.04
1165,304Nvl_L1_EW,304NVL_EW,0.017,0.017
1165,32Nvl_L3_NS,NONE,0.007,0.0
1165,32Nvl_L1_NS,32NVL_NS,0.007,0.007
1165,32Nvl_L3_NS,NONE,0.008,0.0
1165,32Nvl_L2_NS,32NVL_NS,0.008,0.008
1165,NvcNvl_L1_EW,NONE,0.011,0.0
1165,32Mt_L1_EW,NONE,0.007,0.0
1165,32Mt_L3_EW,NONE,0.009,0.0
1165,32Mt_L1_EW,32MT_EW,0.091,0.091
1165,32Nvl_L2_NS,32NVL_NS,0.007,0.007
1165,32Nvl_L1_NS,32NVL_NS,0.04,0.04
1165,32Mt_L2_EW,NONE,0.008,0.0
1165,32Mt_L2_EW,32MT_EW,0.071,0.071
1170,304Nvl_L1_EW,304NVL_EW,0.008,0.008
1170,304Nvl_L2_EW,304NVL_EW,0.007,0.007
1170,NvcNvl_L1_EW,NONE,0.011,0.0
1170,NvcNvl_L2_EW,NONE,0.008,0.0
1170,NvcNvl_L1_EW,NVCNVL_EW,0.014,0.014
1170,32Mt_L1_EW,NONE,0.014,0.0
1170,32Mt_L3_EW,NONE,0.018,0.0
1170,32Mt_L1_EW,32MT_EW,0.105,0.105
1170,32Mt_L1_NS,NONE,0.049,0.0
1170,304Nvl_L3_EW,NONE,0.006,0.0
1170,32Nvl_L1_NS,32NVL_NS,0.007,0.007
1170,32Mt_L2_EW,NONE,0.015,0.0
1170,32Mt_L2_EW,32MT_EW,0.076,0.076
1175,32Nvl_L1_NS,32NVL_NS,0.007,0.007
1175,NvcNvl_L1_EW,NVCNVL_EW,0.007,0.007
1175,32Mt_L1_EW,NONE,0.007,0.0
1175,32Mt_L3_EW,NONE,0.009,0.0
1175,32Mt_L1_EW,32MT_EW,0.105,0.105
1175,32Mt_L1_NS,NONE,0.01,0.0
1175,NvcMt_L2_NS,NONE,0.005,0.0
1175,32Nvl_L2_NS,32NVL_NS,0.007,0.007
1175,32Nvl_L1_NS,32NVL_NS,0.007,0.007
1175,32Mt_L2_EW,NONE,0.008,0.0
1175,32Mt_L2_EW,32MT_EW,0.076,0.076
1175,32Mt_L2_NS,NONE,0.009,0.0
1175,NvcMt_L1_NS,NONE,0.005,0.0
1180,304Nvl_L1_NS,304NVL_NS,0.009,0.009
1180,304Nvl_L3_NS,NONE,0.007,0.0
1180,304Nvl_L1_NS,NONE,0.007,0.0
1180,32Nvl_L2_NS,32NVL_NS,0.008,0.003
1180,NvcNvl_L3_NS,NONE,0.007,0.0
1180,NvcNvl_L2_NS,NONE,0.007,0.0
1180,32Mt_L1_NS,32MT_NS,0.006,0.006
1180,32Mt_L1_EW,32MT_EW,0.119,0.119
1180,32Mt_L1_NS,NONE,0.01,0.0
1180,304Nvl_L2_NS,304NVL_NS,0.008,0.002
1180,32Nvl_L1_NS,32NVL_NS,0.007,0.0
1180,NvcNvl_L1_NS,NONE,0.009,0.0
1180,32Mt_L2_EW,32MT_EW,0.082,0.082
1180,32Mt_L2_NS,NONE,0.009,0.0
1180,NvcMt_L1_EW,NVCMT_EW,0.006,0.006
1185,304Nvl_L1_NS,304NVL_NS,0.009,-0.025
1185,304Nvl_L3_NS,NONE,0.007,0.0
1185,32Nvl_L3_NS,NONE,0.048,0.0
1185,32Nvl_L1_NS,32NVL_NS,0.048,0.042
1185,32Nvl_L1_EW,32NVL_EW,0.05,-0.038
1185,32Nvl_L2_EW,32NVL_EW,0.054,-0.007
1185,32Nvl_L3_NS,NONE,0.008,0.0
1185,32Nvl_L2_NS,32NVL_NS,0.008,0.003
1185,NvcNvl_L1_EW,NVCNVL_EW,0.035,0.035
1185,NvcNvl_L2_EW,NVCNVL_EW,0.039,0.039
1185,32Mt_L1_NS,32MT_NS,0.006,0.006
1185,32Mt_L1_EW,32MT_EW,0.126,0.091
1185,304Nvl_L2_NS,304NVL_NS,0.008,0.002
1185,32Nvl_L2_NS,32NVL_NS,0.047,0.041
1185,32Nvl_L3_EW,NONE,0.038,0.0
1185,32Nvl_L1_NS,32NVL_NS,0.007,0.0
1185,NvcNvl_L3_EW,NONE,0.047,0.0
1185,32Mt_L2_EW,32MT_EW,0.087,0.049
1190,304Thn_L1_EW,304THN_EW,0.008,0.008
1190,304Thn_L3_EW,NONE,0.008,0.0
1190,304Nvl_L1_NS,304NVL_NS,0.009,-0.001
1190,304Nvl_L3_NS,NONE,0.007,0.0
1190,32Nvl_L1_NS,32NVL_NS,0.014,0.008
1190,32Nvl_L1_EW,32NVL_EW,0.05,0.025
1190,32Nvl_L2_EW,32NVL_EW,0.054,0.039
1190,32Nvl_L3_NS,NONE,0.008,0.0
1190,32Nvl_L2_NS,32NVL_NS,0.008,0.003
1190,NvcNvl_L1_EW,NONE,0.011,0.0
1190,NvcNvl_L2_EW,NONE,0.008,0.0
1190,32Mt_L1_NS,32MT_NS,0.006,0.006
1190,32Mt_L1_EW,32MT_EW,0.035,0.0
1190,304Nvl_L2_NS,304NVL_NS,0.008,0.002
1190,32Nvl_L2_NS,32NVL_NS,0.007,0.001
1190,32Nvl_L3_EW,NONE,0.044,0.0
1190,32Nvl_L1_NS,32NVL_NS,0.013,0.007
1190,NvcNvl_L3_EW,NONE,0.006,0.0
1190,32Mt_L2_EW,32MT_EW,0.022,-0.016
1190,304Thn_L2_EW,304THN_EW,0.007,0.007
1195,304Nvl_L1_NS,304NVL_NS,0.009,0.009
1195,304Nvl_L3_NS,NONE,0.007,0.0
1195,304Nvl_L1_EW,304NVL_EW,0.008,0.008
1195,304Nvl_L2_EW,304NVL_EW,0.007,0.007
1195,32Nvl_L1_EW,32NVL_EW,0.042,0.042
1195,32Nvl_L2_EW,32NVL_EW,0.046,0.046
1195,32Nvl_L3_NS,NONE,0.017,0.0
1195,32Nvl_L2_NS,32NVL_NS,0.016,0.01
1195,NvcNvl_L1_EW,NONE,0.053,0.0
1195,NvcNvl_L2_EW,NONE,0.038,0.0
1195,32Mt_L1_NS,32MT_NS,0.006,0.006
1195,304Nvl_L2_NS,304NVL_NS,0.008,-0.003
1195,304Nvl_L3_EW,NONE,0.006,0.0
1195,32Nvl_L3_EW,NONE,0.038,0.0
1195,32Nvl_L1_NS,32NVL_NS,0.027,0.021
1200,304Nvl_L1_NS,304NVL_NS,0.009,0.004
1200,304Nvl_L3_NS,NONE,0.007,0.0
1200,304Nvl_L1_EW,304NVL_EW,0.042,0.042
1200,304Nvl_L2_EW,304NVL_EW,0.036,0.036
1200,32Nvl_L3_NS,NONE,0.007,0.0
1200,32Nvl_L1_NS,32NVL_NS,0.007,0.001
1200,32Nvl_L1_EW,32NVL_EW,0.042,0.042
1200,32Nvl_L2_EW,32NVL_EW,0.046,0.046
1200,NvcNvl_L3_NS,NONE,0.068,0.0
1200,NvcNvl_L2_NS,NONE,0.066,0.0
1200,32Mt_L1_NS,32MT_NS,0.031,0.031
1200,32Mt_L1_EW,NONE,0.036,0.0
1200,32Mt_L1_NS,NONE,0.01,0.0
1200,NvcMt_L2_NS,NONE,0.011,0.0
1200,304Nvl_L2_NS,304NVL_NS,0.008,0.008
1200,304Nvl_L3_EW,NONE,0.032,0.0
1200,32Nvl_L2_NS,32NVL_NS,0.007,0.001
1200,32Nvl_L3_EW,NONE,0.038,0.0
1200,32Nvl_L1_NS,32NVL_NS,0.02,0.014
1200,NvcNvl_L1_NS,NONE,0.087,0.0
1200,32Mt_L2_NS,NONE,0.009,0.0
1200,NvcMt_L1_NS,NONE,0.011,0.0
1205,304Nvl_L1_NS,304NVL_NS,0.009,0.004
1205,304Nvl_L3_NS,NONE,0.007,0.0
1205,304Nvl_L1_EW,304NVL_EW,0.051,0.051
1205,304Nvl_L2_EW,304NVL_EW,0.044,0.044
1205,304Nvl_L1_NS,NONE,0.007,0.0
1205,32Nvl_L1_NS,32NVL_NS,0.007,0.001
1205,32Nvl_L1_EW,32NVL_EW,0.035,0.035
1205,32Nvl_L2_EW,32NVL_EW,0.039,0.039
1205,NvcNvl_L3_NS,NONE,0.041,0.0
1205,NvcNvl_L2_NS,NONE,0.04,0.0
1205,32Mt_L1_NS,32MT_NS,0.031,0.031
1205,32Mt_L1_EW,NONE,0.036,0.0
1205,32Mt_L1_NS,NONE,0.01,0.0
1205,NvcMt_L2_NS,NONE,0.005,0.0
1205,304Nvl_L2_NS,304NVL_NS,0.008,0.008
1205,304Nvl_L3_EW,NONE,0.038,0.0
1205,32Nvl_L3_EW,NONE,0.031,0.0
1205,NvcNvl_L1_NS,NONE,0.052,0.0
1205,32Mt_L2_NS,NONE,0.009,0.0
1205,NvcMt_L1_NS,NONE,0.005,0.0
1210,304Nvl_L1_NS,304NVL_NS,0.009,0.009
1210,304Nvl_L3_NS,NONE,0.007,0.0
1210,304Nvl_L1_EW,304NVL_EW,0.008,0.008
1210,304Nvl_L2_EW,304NVL_EW,0.007,0.007
1210,32Nvl_L1_EW,32NVL_EW,0.035,0.03
1210,32Nvl_L2_EW,32NVL_EW,0.039,0.035
1210,32Mt_L1_NS,32MT_NS,0.038,0.038
1210,32Mt_L1_EW,NONE,0.014,0.0
1210,32Mt_L3_EW,NONE,0.009,0.0
1210,32Mt_L1_EW,32MT_EW,0.007,-0.018
1210,304Nvl_L2_NS,304NVL_NS,0.008,0.008
1210,304Nvl_L3_EW,NONE,0.006,0.0
1210,32Nvl_L3_EW,NONE,0.031,0.0
1210,32Nvl_L1_NS,32NVL_NS,0.007,0.0
1210,32Mt_L2_EW,NONE,0.008,0.0
1210,32Mt_L2_EW,32MT_EW,0.005,-0.022
1215,304Nvl_L1_NS,304NVL_NS,0.009,0.009
1215,304Nvl_L3_NS,NONE,0.007,0.0
1215,304Nvl_L1_NS,NONE,0.051,0.0
1215,304Nvl_L3_NS,NONE,0.008,0.0
1215,32Nvl_L1_EW,32NVL_EW,0.035,0.03
1215,32Nvl_L2_EW,32NVL_EW,0.039,0.035
1215,NvcNvl_L3_NS,NONE,0.007,0.0
1215,NvcNvl_L2_NS,NONE,0.007,0.0
1215,NvcNvl_L1_EW,NONE,0.053,0.0
1215,NvcNvl_L2_EW,NONE,0.038,0.0
1215,32Mt_L1_NS,32MT_NS,0.006,0.006
1215,32Mt_L1_EW,NONE,0.014,0.0
1215,32Mt_L1_EW,32MT_EW,0.007,-0.018
1215,304Nvl_L2_NS,304NVL_NS,0.008,0.008
1215,304Nvl_L2_NS,NONE,0.007,0.0
1215,32Nvl_L3_EW,NONE,0.031,0.0
1215,NvcNvl_L1_NS,NONE,0.009,0.0
1215,32Mt_L2_EW,32MT_EW,0.005,-0.022
1220,304Nvl_L1_NS,304NVL_NS,0.009,0.009
1220,304Nvl_L3_NS,NONE,0.007,0.0
1220,304Nvl_L1_EW,304NVL_EW,0.008,0.008
1220,32Nvl_L3_NS,NONE,0.008,0.0
1220,32Nvl_L2_NS,32NVL_NS,0.008,0.003
1220,NvcNvl_L3_NS,NONE,0.007,0.0
1220,NvcNvl_L2_NS,NONE,0.007,0.0
1220,NvcNvl_L1_EW,NONE,0.011,0.0
1220,NvcNvl_L2_EW,NONE,0.008,0.0
1220,NvcNvl_L1_NS,NVCNVL_NS,0.007,0.007
1220,32Mt_L1_EW,NONE,0.014,0.0
1220,32Mt_L1_NS,NONE,0.01,0.0
1220,304Nvl_L2_NS,304NVL_NS,0.008,0.002
1220,32Nvl_L1_NS,32NVL_NS,0.007,-0.004
1220,NvcNvl_L1_NS,NONE,0.009,0.0
1220,NvcNvl_L3_EW,NONE,0.006,0.0
1225,304Nvl_L1_NS,304NVL_NS,0.009,0.009
1225,304Nvl_L3_NS,NONE,0.007,0.0
1225,304Nvl_L1_EW,304NVL_EW,0.008,0.008
1225,32Nvl_L3_NS,NONE,0.017,0.0
1225,32Nvl_L2_NS,32NVL_NS,0.016,0.01
1225,NvcNvl_L1_EW,NVCNVL_EW,0.007,0.007
1225,NvcNvl_L1_NS,NVCNVL_NS,0.007,0.007
1225,32Mt_L1_EW,32MT_EW,0.007,0.007
1225,32Mt_L1_NS,NONE,0.01,0.0
1225,304Nvl_L2_NS,304NVL_NS,0.008,-0.003
1225,32Nvl_L1_NS,32NVL_NS,0.047,0.036
1225,32Mt_L2_EW,32MT_EW,0.005,0.005
1225,32Mt_L2_NS,NONE,0.009,0.0
1230,304Nvl_L1_NS,304NVL_NS,0.009,0.004
1230,304Nvl_L3_NS,NONE,0.007,0.0
1230,304Nvl_L1_NS,NONE,0.007,0.0
1230,304Nvl_L3_NS,NONE,0.008,0.0
1230,32Nvl_L1_NS,32NVL_NS,0.007,0.001
1230,32Nvl_L3_NS,NONE,0.017,0.0
1230,32Nvl_L2_NS,32NVL_NS,0.016,0.01
1230,32Mt_L1_NS,32MT_NS,0.006,0.006
1230,32Mt_L1_NS,NONE,0.01,0.0
1230,304Nvl_L2_NS,304NVL_NS,0.008,-0.003
1230,304Nvl_L2_NS,NONE,0.007,0.0
1230,32Nvl_L2_NS,32NVL_NS,0.007,0.001
1230,32Nvl_L1_NS,32NVL_NS,0.047,0.041
1230,32Mt_L2_NS,NONE,0.009,0.0
1235,304Nvl_L1_NS,304NVL_NS,0.009,0.004
1235,304Nvl_L3_NS,NONE,0.007,0.0
1235,32Nvl_L1_NS,32NVL_NS,0.007,0.001
1235,32Nvl_L3_NS,NONE,0.117,0.0
1235,32Nvl_L2_NS,32NVL_NS,0.118,0.113
1235,32Mt_L1_NS,32MT_NS,0.006,0.006
1235,32Mt_L1_EW,NONE,0.014,0.0
1235,32Mt_L1_NS,NONE,0.01,0.0
1235,NvcMt_L2_NS,NONE,0.005,0.0
1235,304Nvl_L2_NS,304NVL_NS,0.008,-0.075
1235,32Nvl_L2_NS,32NVL_NS,0.007,0.001
1235,32Nvl_L1_NS,32NVL_NS,0.134,0.128
1235,32Mt_L2_EW,NONE,0.008,0.0
1235,NvcMt_L1_NS,NONE,0.005,0.0
1240,304Nvl_L1_NS,304NVL_NS,0.009,-0.02
1240,304Nvl_L1_EW,304NVL_EW,0.008,0.008
1240,32Nvl_L3_NS,NONE,0.034,0.0
1240,32Nvl_L1_NS,32NVL_NS,0.042,0.035
1240,32Nvl_L3_NS,NONE,0.117,0.0
1240,32Nvl_L2_NS,32NVL_NS,0.111,0.105
1240,32Mt_L1_EW,NONE,0.022,0.0
1240,32Mt_L3_EW,NONE,0.027,0.0
1240,304Nvl_L2_NS,304NVL_NS,0.008,-0.07
1240,32Nvl_L2_NS,32NVL_NS,0.033,0.028
1240,32Nvl_L1_NS,32NVL_NS,0.094,0.088
1240,32Mt_L2_EW,NONE,0.023,0.0
1245,304Nvl_L1_NS,304NVL_NS,0.009,-0.02
1245,304Nvl_L3_NS,NONE,0.007,0.0
1245,304Nvl_L1_EW,304NVL_EW,0.017,0.017
1245,304Nvl_L2_EW,304NVL_EW,0.007,0.007
1245,304Nvl_L1_NS,NONE,0.007,0.0
1245,32Nvl_L3_NS,NONE,0.007,0.0
1245,32Nvl_L1_NS,32NVL_NS,0.042,0.035
1245,32Mt_L1_EW,NONE,0.007,0.0
1245,32Thn_L1_EW,32THN_EW,0.016,0.016
1245,32Thn_L2_EW,32THN_EW,0.017,0.017
1245,32Thn_L3_EW,NONE,0.016,0.0
1245,304Nvl_L2_NS,304NVL_NS,0.008,0.008
1245,304Nvl_L3_EW,NONE,0.006,0.0
1245,32Nvl_L2_NS,32NVL_NS,0.04,0.035
1250,304Nvl_L1_NS,304NVL_NS,0.009,0.009
1250,304Nvl_L3_NS,NONE,0.007,0.0
1250,304Nvl_L1_EW,304NVL_EW,0.008,0.008
1250,32Nvl_L3_NS,NONE,0.1,0.0
1250,32Nvl_L2_NS,32NVL_NS,0.095,0.089
1250,32Mt_L1_EW,32MT_EW,0.014,0.014
1250,32Mt_L1_NS,NONE,0.059,0.0
1250,NvcMt_L2_EW,NVCMT_EW,0.003,0.003
1250,32Thn_L1_EW,32THN_EW,0.016,0.016
1250,32Thn_L2_EW,32THN_EW,0.017,0.017
1250,32Thn_L3_EW,NONE,0.016,0.0
1250,304Nvl_L2_NS,304NVL_NS,0.008,-0.059
1250,32Nvl_L1_NS,32NVL_NS,0.081,0.074
1250,32Mt_L2_NS,NONE,0.043,0.0
1250,NvcMt_L1_EW,NVCMT_EW,0.006,0.006
1255,304Nvl_L1_NS,304NVL_NS,0.009,0.009
1255,304Nvl_L3_NS,NONE,0.007,0.0
1255,304Nvl_L1_EW,NONE,0.008,0.0
1255,304Nvl_L2_EW,NONE,0.009,0.0
1255,32Mt_L1_EW,32MT_EW,0.014,0.014
1255,NvcMt_L2_EW,NVCMT_EW,0.003,0.003
1255,32Thn_L1_EW,32THN_EW,0.016,0.016
1255,32Thn_L2_EW,32THN_EW,0.017,0.017
1255,32Thn_L3_EW,NONE,0.016,0.0
1255,304Nvl_L2_NS,304NVL_NS,0.008,0.008
1255,304Nvl_L3_EW,NONE,0.008,0.0
1255,32Nvl_L1_NS,32NVL_NS,0.007,0.0
1255,32Mt_L2_EW,32MT_EW,0.005,0.005
1255,NvcMt_L1_EW,NVCMT_EW,0.006,0.006
1260,304Nvl_L1_NS,304NVL_NS,0.009,0.009
1260,304Nvl_L3_NS,NONE,0.007,0.0
1260,304Nvl_L1_EW,304NVL_EW,0.017,0.017
1260,304Nvl_L2_EW,304NVL_EW,0.007,0.007
1260,32Mt_L1_EW,NONE,0.036,0.0
1260,32Mt_L1_EW,32MT_EW,0.014,0.014
1260,NvcMt_L2_EW,NVCMT_EW,0.003,0.003
1260,32Thn_L1_EW,NONE,0.01,0.0
1260,304Nvl_L2_NS,304NVL_NS,0.008,0.008
1260,304Nvl_L3_EW,NONE,0.006,0.0
1260,32Nvl_L1_NS,32NVL_NS,0.087,0.081
1260,32Mt_L2_EW,32MT_EW,0.005,0.005
1260,NvcMt_L1_EW,NVCMT_EW,0.006,0.006
1265,304Nvl_L1_NS,304NVL_NS,0.009,0.009
1265,304Nvl_L3_NS,NONE,0.007,0.0
1265,304Nvl_L1_EW,304NVL_EW,0.008,0.008
1265,32Nvl_L3_NS,NONE,0.008,0.0
1265,32Nvl_L2_NS,32NVL_NS,0.008,0.003
1265,NvcNvl_L1_EW,NONE,0.011,0.0
1265,NvcNvl_L2_EW,NONE,0.008,0.0
1265,32Mt_L1_NS,NONE,0.01,0.0
1265,NvcCmt8_L2_NS,NONE,0.011,0.0
1265,32Thn_L1_EW,NONE,0.01,0.0
1265,NvcCmt8_L1_NS,NONE,0.008,0.0
1265,304Nvl_L2_NS,304NVL_NS,0.008,0.002
1265,32Nvl_L1_NS,32NVL_NS,0.094,0.088
1265,NvcNvl_L3_EW,NONE,0.006,0.0
1265,32Mt_L2_NS,NONE,0.009,0.0
1270,304Nvl_L1_NS,304NVL_NS,0.009,0.004
1270,304Nvl_L3_NS,NONE,0.007,0.0
1270,304Nvl_L1_NS,NONE,0.007,0.0
1270,32Nvl_L3_NS,NONE,0.007,0.0
1270,32Nvl_L1_NS,32NVL_NS,0.007,0.001
1270,NvcNvl_L3_NS,NONE,0.007,0.0
1270,NvcNvl_L2_NS,NONE,0.007,0.0
1270,32Mt_L1_EW,NONE,0.043,0.0
1270,32Mt_L3_EW,NONE,0.053,0.0
1270,NvcCmt8_L2_NS,NONE,0.011,0.0
1270,NvcCmt8_L1_NS,NONE,0.008,0.0
1270,304Nvl_L2_NS,304NVL_NS,0.008,0.008
1270,32Nvl_L2_NS,32NVL_NS,0.007,0.001
1270,NvcNvl_L1_NS,NONE,0.009,0.0
1270,32Mt_L2_EW,NONE,0.045,0.0
1275,304Nvl_L1_NS,304NVL_NS,0.009,0.009
1275,304Nvl_L3_NS,NONE,0.007,0.0
1275,32Nvl_L1_EW,32NVL_EW,0.014,-0.01
1275,32Nvl_L2_EW,32NVL_EW,0.015,-0.004
1275,32Nvl_L3_NS,NONE,0.008,0.0
1275,32Nvl_L2_NS,32NVL_NS,0.008,0.003
1275,32Mt_L1_EW,NONE,0.058,0.0
1275,32Mt_L3_EW,NONE,0.062,0.0
1275,32Mt_L1_EW,32MT_EW,0.035,0.025
1275,NvcMt_L2_NS,NONE,0.005,0.0
1275,304Nvl_L2_NS,304NVL_NS,0.008,0.002
1275,32Nvl_L3_EW,NONE,0.013,0.0
1275,32Nvl_L1_NS,32NVL_NS,0.007,0.0
1275,32Mt_L2_EW,NONE,0.053,0.0
1275,32Mt_L2_EW,32MT_EW,0.027,0.016
1275,NvcMt_L1_NS,NONE,0.005,0.0
1280,304Nvl_L1_NS,304NVL_NS,0.009,0.009
1280,304Nvl_L3_NS,NONE,0.007,0.0
1280,304Nvl_L1_EW,304NVL_EW,0.008,0.008
1280,304Nvl_L2_EW,304NVL_EW,0.007,0.007
1280,32Nvl_L1_EW,32NVL_EW,0.014,0.009
1280,32Nvl_L2_EW,32NVL_EW,0.015,0.012
1280,NvcNvl_L3_NS,NONE,0.014,0.0
1280,NvcNvl_L2_NS,NONE,0.013,0.0
1280,32Mt_L1_EW,NONE,0.022,0.0
1280,32Mt_L3_EW,NONE,0.027,0.0
1280,32Mt_L1_EW,32MT_EW,0.007,-0.003
1280,NvcCmt8_L2_NS,NONE,0.012,0.0
1280,304Nvl_L2_NS,304NVL_NS,0.008,0.008
1280,304Nvl_L3_EW,NONE,0.006,0.0
1280,32Nvl_L3_EW,NONE,0.013,0.0
1280,32Nvl_L1_NS,32NVL_NS,0.007,0.0
1280,NvcNvl_L1_NS,NONE,0.017,0.0
1280,32Mt_L2_EW,NONE,0.023,0.0
1280,32Mt_L2_EW,32MT_EW,0.005,-0.005
1280,NvcCmt8_L1_NS,NONE,0.011,0.0
1285,304Nvl_L1_NS,304NVL_NS,0.009,0.009
1285,304Nvl_L3_NS,NONE,0.007,0.0
1285,304Nvl_L1_EW,304NVL_EW,0.008,0.008
1285,304Nvl_L2_EW,304NVL_EW,0.007,0.007
1285,32Nvl_L1_EW,32NVL_EW,0.007,-0.052
1285,32Nvl_L2_EW,32NVL_EW,0.008,-0.034
1285,32Nvl_L3_NS,NONE,0.008,0.0
1285,32Nvl_L2_NS,32NVL_NS,0.008,0.003
1285,NvcNvl_L3_NS,NONE,0.007,0.0
1285,NvcNvl_L2_NS,NONE,0.007,0.0
1285,32Mt_L1_EW,NONE,0.022,0.0
1285,32Mt_L3_EW,NONE,0.027,0.0
1285,32Mt_L1_EW,32MT_EW,0.084,0.079
1285,32Mt_L1_NS,NONE,0.049,0.0
1285,304Nvl_L2_NS,304NVL_NS,0.008,0.002
1285,304Nvl_L3_EW,NONE,0.006,0.0
1285,32Nvl_L3_EW,NONE,0.006,0.0
1285,32Nvl_L1_NS,32NVL_NS,0.007,0.0
1285,NvcNvl_L1_NS,NONE,0.009,0.0
1285,32Mt_L2_EW,NONE,0.023,0.0
1285,32Mt_L2_EW,32MT_EW,0.06,0.054
1290,304Nvl_L1_NS,304NVL_NS,0.009,-0.001
1290,304Nvl_L3_NS,NONE,0.007,0.0
1290,32Nvl_L3_NS,NONE,0.007,0.0
1290,32Nvl_L1_NS,32NVL_NS,0.014,0.003
1290,32Nvl_L1_EW,32NVL_EW,0.014,0.0
1290,32Nvl_L2_EW,32NVL_EW,0.015,0.004
1290,NvcNvl_L1_EW,NONE,0.011,0.0
1290,NvcNvl_L2_EW,NONE,0.008,0.0
1290,NvcNvl_L1_NS,NVCNVL_NS,0.007,-0.003
1290,32Mt_L1_EW,NONE,0.007,0.0
1290,32Mt_L3_EW,NONE,0.009,0.0
1290,32Mt_L1_EW,32MT_EW,0.021,0.011
1290,304Nvl_L2_NS,304NVL_NS,0.008,0.008
1290,32Nvl_L2_NS,32NVL_NS,0.007,0.001
1290,32Nvl_L3_EW,NONE,0.013,0.0
1290,NvcNvl_L3_EW,NONE,0.006,0.0
1290,32Mt_L2_EW,NONE,0.008,0.0
1290,32Mt_L2_EW,32MT_EW,0.016,0.006
1295,304Nvl_L1_NS,304NVL_NS,0.009,0.009
1295,304Nvl_L3_NS,NONE,0.007,0.0
1295,304Nvl_L1_EW,304NVL_EW,0.008,0.008
1295,304Nvl_L1_EW,NONE,0.008,0.0
1295,32Nvl_L1_EW,32NVL_EW,0.014,0.014
1295,32Nvl_L2_EW,32NVL_EW,0.015,0.015
1295,NvcNvl_L3_NS,NONE,0.041,0.0
1295,NvcNvl_L2_NS,NONE,0.04,0.0
1295,NvcNvl_L1_EW,NVCNVL_EW,0.007,0.003
1295,32Mt_L1_NS,32MT_NS,0.006,0.006
1295,32Mt_L1_EW,NONE,0.043,0.0
1295,NvcMt_L2_NS,NONE,0.005,0.0
1295,NvcMt_L1_EW,NVCMT_EW,0.006,0.001
1295,304Nvl_L2_NS,304NVL_NS,0.008,0.008
1295,32Nvl_L3_EW,NONE,0.013,0.0
1295,NvcNvl_L1_NS,NONE,0.052,0.0
1295,NvcMt_L1_NS,NONE,0.005,0.0
1295,NvcMt_L2_EW,NVCMT_EW,0.008,0.008
1300,304Nvl_L1_NS,304NVL_NS,0.009,0.009
1300,304Nvl_L3_NS,NONE,0.007,0.0
1300,32Nvl_L1_EW,32NVL_EW,0.007,0.002
1300,32Nvl_L2_EW,32NVL_EW,0.008,0.004
1300,NvcNvl_L3_NS,NONE,0.007,0.0
1300,NvcNvl_L2_NS,NONE,0.007,0.0
1300,NvcNvl_L1_EW,NVCNVL_EW,0.014,0.014
1300,NvcNvl_L2_EW,NVCNVL_EW,0.008,0.008
1300,32Mt_L1_NS,32MT_NS,0.006,0.006
1300,32Mt_L1_EW,NONE,0.007,0.0
1300,32Mt_L1_EW,32MT_EW,0.007,0.002
1300,32Mt_L1_NS,NONE,0.01,0.0
1300,NvcCmt8_L2_EW,NVCCMT8_EW,0.005,0.005
1300,304Nvl_L2_NS,304NVL_NS,0.008,0.008
1300,32Nvl_L3_EW,NONE,0.006,0.0
1300,32Nvl_L1_NS,32NVL_NS,0.013,0.007
1300,NvcNvl_L1_NS,NONE,0.009,0.0
1300,32Mt_L2_EW,32MT_EW,0.005,0.0
1300,32Mt_L2_NS,NONE,0.009,0.0
1300,NvcCmt8_L1_EW,NVCCMT8_EW,0.008,0.008
1305,304Nvl_L1_NS,304NVL_NS,0.009,0.009
1305,304Nvl_L3_NS,NONE,0.007,0.0
1305,304Nvl_L1_EW,304NVL_EW,0.008,0.008
1305,304Nvl_L2_EW,304NVL_EW,0.007,0.007
1305,32Nvl_L1_EW,32NVL_EW,0.007,0.007
1305,32Nvl_L2_EW,32NVL_EW,0.008,0.008
1305,NvcNvl_L3_NS,NONE,0.007,0.0
1305,NvcNvl_L2_NS,NONE,0.007,0.0
1305,NvcNvl_L1_EW,NVCNVL_EW,0.014,0.014
1305,NvcNvl_L2_EW,NVCNVL_EW,0.008,0.008
1305,32Mt_L1_NS,NONE,0.049,0.0
1305,NvcCmt8_L2_NS,NONE,0.011,0.0
1305,NvcCmt8_L1_NS,NONE,0.008,0.0
1305,304Nvl_L2_NS,304NVL_NS,0.008,0.008
1305,304Nvl_L3_EW,NONE,0.006,0.0
1305,32Nvl_L3_EW,NONE,0.006,0.0
1305,NvcNvl_L1_NS,NONE,0.009,0.0
1305,NvcNvl_L3_EW,NONE,0.009,0.0
1305,32Mt_L2_NS,NONE,0.043,0.0
1310,304Nvl_L1_NS,304NVL_NS,0.018,0.018
1310,304Nvl_L3_NS,NONE,0.015,0.0
1310,304Nvl_L1_EW,304NVL_EW,0.059,0.059
1310,304Nvl_L2_EW,304NVL_EW,0.051,0.051
1310,304Nvl_L1_NS,NONE,0.007,0.0
1310,304Nvl_L3_NS,NONE,0.008,0.0
1310,32Nvl_L1_EW,32NVL_EW,0.007,0.007
1310,32Nvl_L2_EW,32NVL_EW,0.008,0.008
1310,32Nvl_L3_NS,NONE,0.008,0.0
1310,32Nvl_L2_NS,32NVL_NS,0.008,-0.003
1310,NvcNvl_L1_EW,NVCNVL_EW,0.007,0.007
1310,NvcNvl_L1_NS,NVCNVL_NS,0.033,0.033
1310,32Mt_L1_NS,32MT_NS,0.006,0.006
1310,32Mt_L1_EW,NONE,0.014,0.0
1310,32Mt_L3_EW,NONE,0.018,0.0
1310,304Nvl_L2_NS,304NVL_NS,0.015,0.01
1310,304Nvl_L3_EW,NONE,0.044,0.0
1310,304Nvl_L2_NS,NONE,0.007,0.0
1310,32Nvl_L3_EW,NONE,0.006,0.0
1310,32Nvl_L1_NS,32NVL_NS,0.007,-0.029
1310,32Mt_L2_EW,NONE,0.015,0.0
1315,304Nvl_L1_NS,304NVL_NS,0.018,0.018
1315,304Nvl_L3_NS,NONE,0.015,0.0
1315,304Nvl_L1_EW,304NVL_EW,0.017,0.017
1315,304Nvl_L2_EW,304NVL_EW,0.015,0.015
1315,304Nvl_L1_NS,NONE,0.007,0.0
1315,32Nvl_L1_EW,32NVL_EW,0.007,-0.017
1315,32Nvl_L2_EW,32NVL_EW,0.008,-0.011
1315,32Nvl_L3_NS,NONE,0.008,0.0
1315,32Nvl_L2_NS,32NVL_NS,0.008,-0.003
1315,NvcNvl_L1_EW,NONE,0.021,0.0
1315,NvcNvl_L2_EW,NONE,0.015,0.0
1315,NvcNvl_L1_NS,NVCNVL_NS,0.033,0.033
1315,32Mt_L1_NS,32MT_NS,0.006,0.006
1315,32Mt_L1_EW,NONE,0.007,0.0
1315,32Mt_L3_EW,NONE,0.009,0.0
1315,32Mt_L1_EW,32MT_EW,0.035,0.03
1315,304Nvl_L2_NS,304NVL_NS,0.015,0.01
1315,304Nvl_L3_EW,NONE,0.006,0.0
1315,32Nvl_L3_EW,NONE,0.006,0.0
1315,32Nvl_L1_NS,32NVL_NS,0.007,-0.029
1315,32Mt_L2_EW,NONE,0.008,0.0
1315,32Mt_L2_EW,32MT_EW,0.027,0.022
1320,304Nvl_L1_NS,304NVL_NS,0.018,0.018
1320,304Nvl_L3_NS,NONE,0.015,0.0
1320,304Nvl_L1_NS,NONE,0.036,0.0
1320,32Nvl_L1_EW,32NVL_EW,0.014,0.009
1320,32Nvl_L2_EW,32NVL_EW,0.015,0.012
1320,32Nvl_L1_EW,32NVL_EW,0.007,0.002
1320,32Nvl_L2_EW,32NVL_EW,0.007,0.004
1320,32Nvl_L3_NS,NONE,0.008,0.0
1320,32Nvl_L2_NS,32NVL_NS,0.008,-0.003
1320,32Mt_L1_EW,NONE,0.007,0.0
1320,32Mt_L3_EW,NONE,0.009,0.0
1320,32Mt_L1_EW,32MT_EW,0.007,-0.003
1320,32Mt_L1_NS,NONE,0.02,0.0
1320,304Nvl_L2_NS,304NVL_NS,0.015,0.01
1320,32Nvl_L3_EW,NONE,0.006,0.0
1320,32Nvl_L3_EW,NONE,0.013,0.0
1320,32Nvl_L1_NS,32NVL_NS,0.007,-0.006
1320,32Mt_L2_EW,NONE,0.008,0.0
1320,32Mt_L2_EW,32MT_EW,0.005,-0.005
1320,32Mt_L2_NS,NONE,0.009,0.0
1325,304Nvl_L1_NS,304NVL_NS,0.018,0.018
1325,304Nvl_L3_NS,NONE,0.015,0.0
1325,304Nvl_L1_EW,304NVL_EW,0.008,0.008
1325,304Nvl_L1_NS,NONE,0.051,0.0
1325,32Nvl_L1_EW,32NVL_EW,0.007,0.007
1325,32Nvl_L2_EW,32NVL_EW,0.008,0.008
1325,32Nvl_L1_EW,32NVL_EW,0.013,0.013
1325,32Nvl_L2_EW,32NVL_EW,0.015,0.015
1325,32Nvl_L3_NS,NONE,0.058,0.0
1325,32Nvl_L2_NS,32NVL_NS,0.055,0.045
1325,32Mt_L1_EW,NONE,0.036,0.0
1325,32Mt_L3_EW,NONE,0.044,0.0
1325,32Mt_L1_NS,NONE,0.01,0.0
1325,304Nvl_L2_NS,304NVL_NS,0.015,-0.024
1325,32Nvl_L3_EW,NONE,0.012,0.0
1325,32Nvl_L3_EW,NONE,0.006,0.0
1325,32Nvl_L1_NS,32NVL_NS,0.054,0.041
1325,32Mt_L2_EW,NONE,0.038,0.0
1330,304Nvl_L1_NS,304NVL_NS,0.018,0.013
1330,304Nvl_L3_NS,NONE,0.015,0.0
1330,304Nvl_L1_EW,304NVL_EW,0.008,0.008
1330,304Nvl_L2_EW,304NVL_EW,0.007,0.007
1330,32Nvl_L1_NS,32NVL_NS,0.007,-0.006
1330,32Nvl_L1_EW,32NVL_EW,0.007,0.002
1330,32Nvl_L2_EW,32NVL_EW,0.008,0.004
1330,32Nvl_L1_EW,32NVL_EW,0.013,0.009
1330,32Nvl_L2_EW,32NVL_EW,0.015,0.011
1330,32Nvl_L3_NS,NONE,0.067,0.0
1330,32Nvl_L2_NS,32NVL_NS,0.071,0.06
1330,NvcNvl_L3_NS,NONE,0.007,0.0
1330,NvcNvl_L2_NS,NONE,0.007,0.0
1330,32Mt_L1_EW,NONE,0.014,0.0
1330,32Mt_L3_EW,NONE,0.018,0.0
1330,32Mt_L1_EW,32MT_EW,0.007,0.002
1330,304Nvl_L2_NS,304NVL_NS,0.015,-0.035
1330,304Nvl_L3_EW,NONE,0.006,0.0
1330,32Nvl_L3_EW,NONE,0.012,0.0
1330,32Nvl_L3_EW,NONE,0.006,0.0
1330,32Nvl_L1_NS,32NVL_NS,0.06,0.048
1330,NvcNvl_L1_NS,NONE,0.009,0.0
1330,32Mt_L2_EW,NONE,0.015,0.0
1330,32Mt_L2_EW,32MT_EW,0.005,0.0
1335,304Nvl_L1_NS,304NVL_NS,0.018,0.018
1335,304Nvl_L3_NS,NONE,0.015,0.0
1335,304Nvl_L1_EW,304NVL_EW,0.008,0.008
1335,304Nvl_L2_EW,304NVL_EW,0.007,0.007
1335,304Nvl_L1_NS,NONE,0.007,0.0
1335,32Nvl_L1_EW,32NVL_EW,0.007,0.007
1335,32Nvl_L2_EW,32NVL_EW,0.008,0.008
1335,32Nvl_L1_EW,32NVL_EW,0.02,0.02
1335,32Nvl_L2_EW,32NVL_EW,0.015,0.015
1335,32Nvl_L3_NS,NONE,0.017,0.0
1335,32Nvl_L2_NS,32NVL_NS,0.016,0.005
1335,NvcNvl_L3_NS,NONE,0.007,0.0
1335,NvcNvl_L2_NS,NONE,0.007,0.0
1335,32Mt_L1_NS,NONE,0.049,0.0
1335,304Nvl_L2_NS,304NVL_NS,0.015,0.004
1335,304Nvl_L3_EW,NONE,0.006,0.0
1335,32Nvl_L3_EW,NONE,0.012,0.0
1335,32Nvl_L3_EW,NONE,0.006,0.0
1335,32Nvl_L1_NS,32NVL_NS,0.013,0.001
1335,NvcNvl_L1_NS,NONE,0.009,0.0
1340,304Nvl_L1_NS,304NVL_NS,0.018,0.013
1340,304Nvl_L3_NS,NONE,0.015,0.0
1340,304Nvl_L1_EW,304NVL_EW,0.008,0.008
1340,304Nvl_L2_EW,304NVL_EW,0.007,0.007
1340,32Nvl_L1_NS,32NVL_NS,0.007,-0.006
1340,32Nvl_L1_EW,32NVL_EW,0.007,0.002
1340,32Nvl_L2_EW,32NVL_EW,0.007,0.007
1340,32Nvl_L3_NS,NONE,0.008,0.0
1340,32Nvl_L2_NS,32NVL_NS,0.008,-0.003
1340,NvcNvl_L3_NS,NONE,0.007,0.0
1340,NvcNvl_L2_NS,NONE,0.013,0.0
1340,32Mt_L1_EW,32MT_EW,0.007,0.007
1340,304Nvl_L2_NS,304NVL_NS,0.015,0.01
1340,304Nvl_L3_EW,NONE,0.006,0.0
1340,32Nvl_L2_NS,32NVL_NS,0.007,-0.004
1340,32Nvl_L3_EW,NONE,0.006,0.0
1340,32Nvl_L1_NS,32NVL_NS,0.007,-0.006
1340,NvcNvl_L1_NS,NONE,0.017,0.0
1345,304Nvl_L1_NS,304NVL_NS,0.027,-0.002
1345,304Nvl_L3_NS,NONE,0.015,0.0
1345,32Nvl_L1_NS,32NVL_NS,0.042,0.018
1345,32Nvl_L1_EW,32NVL_EW,0.007,0.007
1345,32Nvl_L3_NS,NONE,0.008,0.0
1345,32Nvl_L2_NS,32NVL_NS,0.008,-0.003
1345,NvcNvl_L3_NS,NONE,0.007,0.0
1345,NvcNvl_L2_NS,NONE,0.007,0.0
1345,NvcNvl_L1_EW,NVCNVL_EW,0.007,0.007
1345,NvcNvl_L1_NS,NVCNVL_NS,0.007,-0.022
1345,304Nvl_L2_NS,304NVL_NS,0.015,0.01
1345,32Nvl_L2_NS,32NVL_NS,0.007,-0.004
1345,32Nvl_L1_NS,32NVL_NS,0.013,-0.01
1345,NvcNvl_L1_NS,NONE,0.009,0.0
1350,304Thn_L1_EW,NONE,0.007,0.0
1350,304Thn_L2_EW,NONE,0.008,0.0
1350,304Nvl_L1_NS,304NVL_NS,0.009,-0.02
1350,32Nvl_L1_NS,32NVL_NS,0.042,0.031
1350,NvcNvl_L1_NS,NVCNVL_NS,0.007,-0.022
1350,32Mt_L1_EW,32MT_EW,0.035,0.035
1350,NvcMt_L1_NS,NVCMT_NS,0.007,0.007
1350,32Nvl_L2_NS,32NVL_NS,0.007,0.007
1350,32Nvl_L1_NS,32NVL_NS,0.007,-0.004
1350,32Mt_L2_EW,32MT_EW,0.027,0.027
1350,NvcMt_L2_NS,NVCMT_NS,0.005,0.005
1350,304Thn_L3_EW,NONE,0.008,0.0
1355,304Thn_L1_EW,304THN_EW,0.008,0.002
1355,304Nvl_L1_NS,304NVL_NS,0.009,-0.044
1355,304Nvl_L1_EW,304NVL_EW,0.008,0.003
1355,304Nvl_L1_NS,NONE,0.007,0.0
1355,304Nvl_L3_NS,NONE,0.008,0.0
1355,32Nvl_L3_NS,NONE,0.041,0.0
1355,32Nvl_L1_NS,32NVL_NS,0.076,0.07
1355,32Mt_L1_EW,32MT_EW,0.035,0.035
1355,32Mt_L1_NS,NONE,0.01,0.0
1355,NvcMt_L1_EW,NVCMT_EW,0.032,0.032
1355,NvcCmt8_L2_NS,NONE,0.011,0.0
1355,NvcCmt8_L1_NS,NONE,0.008,0.0
1355,304Nvl_L2_NS,304NVL_NS,0.008,0.008
1355,304Nvl_L2_NS,NONE,0.007,0.0
1355,32Nvl_L2_NS,32NVL_NS,0.04,0.035
1355,32Nvl_L1_NS,32NVL_NS,0.007,0.0
1355,32Mt_L2_EW,32MT_EW,0.027,0.027
1355,32Mt_L2_NS,NONE,0.009,0.0
1355,NvcMt_L2_EW,NVCMT_EW,0.04,0.04
1360,304Thn_L1_EW,304THN_EW,0.008,-0.033
1360,304Nvl_L1_EW,304NVL_EW,0.059,0.053
1360,304Nvl_L2_EW,304NVL_EW,0.044,0.044
1360,304Nvl_L1_NS,NONE,0.007,0.0
1360,32Nvl_L3_NS,NONE,0.014,0.0
1360,32Nvl_L1_NS,32NVL_NS,0.055,0.055
1360,NvcNvl_L1_EW,NONE,0.021,0.0
1360,NvcNvl_L2_EW,NONE,0.015,0.0
1360,32Mt_L1_EW,NONE,0.007,0.0
1360,32Mt_L3_EW,NONE,0.009,0.0
1360,32Mt_L1_EW,32MT_EW,0.035,0.035
1360,32Mt_L1_NS,NONE,0.01,0.0
1360,NvcMt_L2_NS,NONE,0.005,0.0
1360,NvcMt_L1_EW,NVCMT_EW,0.032,0.032
1360,304Nvl_L3_EW,NONE,0.038,0.0
1360,32Nvl_L2_NS,32NVL_NS,0.053,0.053
1360,NvcNvl_L3_EW,NONE,0.013,0.0
1360,32Mt_L2_EW,NONE,0.008,0.0
1360,32Mt_L2_EW,32MT_EW,0.027,0.027
1360,32Mt_L2_NS,NONE,0.009,0.0
1360,NvcMt_L1_NS,NONE,0.005,0.0
1360,NvcMt_L2_EW,NVCMT_EW,0.04,0.04
1365,304Nvl_L1_EW,304NVL_EW,0.068,0.068
1365,304Nvl_L2_EW,304NVL_EW,0.051,0.051
1365,32Nvl_L1_EW,32NVL_EW,0.042,0.013
1365,32Nvl_L2_EW,32NVL_EW,0.046,0.027
1365,32Mt_L1_NS,32MT_NS,0.006,0.006
1365,32Mt_L1_EW,32MT_EW,0.042,0.012
1365,NvcMt_L2_NS,NONE,0.005,0.0
1365,NvcMt_L1_EW,NVCMT_EW,0.032,0.032
1365,304Nvl_L3_EW,NONE,0.044,0.0
1365,32Nvl_L3_EW,NONE,0.038,0.0
1365,32Mt_L2_EW,32MT_EW,0.027,-0.005
1365,NvcMt_L1_NS,NONE,0.005,0.0
1365,NvcMt_L2_EW,NVCMT_EW,0.04,0.04
1370,304Nvl_L1_EW,304NVL_EW,0.068,0.068
1370,304Nvl_L2_EW,304NVL_EW,0.051,0.051
1370,32Nvl_L1_EW,32NVL_EW,0.064,-0.029
1370,32Nvl_L2_EW,32NVL_EW,0.07,0.005
1370,32Mt_L1_EW,32MT_EW,0.133,0.088
1370,NvcMt_L1_EW,NVCMT_EW,0.038,0.038
1370,304Nvl_L3_EW,NONE,0.044,0.0
1370,32Nvl_L3_EW,NONE,0.056,0.0
1370,32Nvl_L1_NS,32NVL_NS,0.007,0.007
1370,32Mt_L2_EW,32MT_EW,0.092,0.044
1370,NvcMt_L2_EW,NVCMT_EW,0.048,0.048
1375,304Nvl_L1_EW,304NVL_EW,0.068,0.068
1375,304Nvl_L2_EW,304NVL_EW,0.058,0.058
1375,32Nvl_L1_EW,32NVL_EW,0.042,-0.05
1375,32Nvl_L2_EW,32NVL_EW,0.046,-0.026
1375,32Mt_L1_EW,32MT_EW,0.133,0.103
1375,NvcMt_L1_EW,NVCMT_EW,0.006,0.006
1375,304Nvl_L3_EW,NONE,0.051,0.0
1375,32Nvl_L3_EW,NONE,0.038,0.0
1375,32Nvl_L1_NS,32NVL_NS,0.007,0.007
1375,32Mt_L2_EW,32MT_EW,0.103,0.071
1375,NvcMt_L2_EW,NVCMT_EW,0.008,0.008
1380,304Nvl_L1_EW,304NVL_EW,0.076,0.076
1380,304Nvl_L2_EW,304NVL_EW,0.058,0.058
1380,304Nvl_L1_NS,NONE,0.007,0.0
1380,304Nvl_L3_NS,NONE,0.008,0.0
1380,32Nvl_L1_EW,32NVL_EW,0.035,-0.052
1380,32Nvl_L2_EW,32NVL_EW,0.039,-0.03
1380,NvcNvl_L2_NS,NONE,0.007,0.0
1380,NvcNvl_L1_EW,NVCNVL_EW,0.007,0.003
1380,NvcNvl_L2_EW,NVCNVL_EW,0.008,0.008
1380,32Mt_L1_EW,NONE,0.007,0.0
1380,32Mt_L3_EW,NONE,0.009,0.0
1380,32Mt_L1_EW,32MT_EW,0.126,0.101
1380,NvcMt_L1_EW,NVCMT_EW,0.006,0.001
1380,304Nvl_L3_EW,NONE,0.051,0.0
1380,304Nvl_L2_NS,NONE,0.007,0.0
1380,32Nvl_L3_EW,NONE,0.031,0.0
1380,32Nvl_L1_NS,32NVL_NS,0.007,0.007
1380,NvcNvl_L1_NS,NONE,0.009,0.0
1380,NvcNvl_L3_EW,NONE,0.009,0.0
1380,32Mt_L2_EW,NONE,0.008,0.0
1380,32Mt_L2_EW,32MT_EW,0.098,0.071
1380,NvcMt_L2_EW,NVCMT_EW,0.008,0.002
1385,304Nvl_L1_EW,304NVL_EW,0.068,0.068
1385,304Nvl_L2_EW,304NVL_EW,0.051,0.051
1385,32Nvl_L3_NS,NONE,0.007,0.0
1385,32Nvl_L1_NS,32NVL_NS,0.007,0.007
1385,32Nvl_L1_EW,32NVL_EW,0.071,-0.012
1385,32Nvl_L2_EW,32NVL_EW,0.077,0.013
1385,NvcNvl_L2_NS,NONE,0.007,0.0
1385,NvcNvl_L1_EW,NVCNVL_EW,0.014,0.01
1385,NvcNvl_L2_EW,NVCNVL_EW,0.016,0.016
1385,32Mt_L1_EW,32MT_EW,0.119,0.069
1385,NvcMt_L1_EW,NVCMT_EW,0.006,-0.004
1385,NvcCmt8_L2_EW,NONE,0.007,0.0
1385,32Thn_L1_EW,NONE,0.01,0.0
1385,32Thn_L2_EW,NONE,0.01,0.0
1385,32Thn_L3_EW,NONE,0.007,0.0
1385,304Nvl_L3_EW,NONE,0.044,0.0
1385,32Nvl_L2_NS,32NVL_NS,0.007,0.007
1385,32Nvl_L3_EW,NONE,0.063,0.0
1385,NvcNvl_L1_NS,NONE,0.009,0.0
1385,NvcNvl_L3_EW,NONE,0.019,0.0
1385,32Mt_L2_EW,32MT_EW,0.092,0.038
1385,NvcMt_L2_EW,NVCMT_EW,0.008,-0.003
1385,NvcCmt8_L1_EW,NONE,0.006,0.0
1390,304Nvl_L1_EW,304NVL_EW,0.059,0.059
1390,304Nvl_L2_EW,304NVL_EW,0.051,0.051
1390,304Nvl_L1_NS,NONE,0.036,0.0
1390,304Nvl_L3_NS,NONE,0.04,0.0
1390,32Nvl_L1_EW,32NVL_EW,0.042,-0.052
1390,32Nvl_L2_EW,32NVL_EW,0.046,-0.024
1390,NvcNvl_L1_EW,NVCNVL_EW,0.014,0.01
1390,NvcNvl_L2_EW,NVCNVL_EW,0.016,0.016
1390,32Mt_L1_EW,32MT_EW,0.119,0.089
1390,NvcMt_L1_EW,NVCMT_EW,0.006,-0.004
1390,32Thn_L1_EW,32THN_EW,0.016,-0.014
1390,32Thn_L2_EW,32THN_EW,0.008,-0.024
1390,32Thn_L3_EW,NONE,0.008,0.0
1390,304Nvl_L3_EW,NONE,0.044,0.0
1390,304Nvl_L2_NS,NONE,0.037,0.0
1390,32Nvl_L3_EW,NONE,0.038,0.0
1390,NvcNvl_L3_EW,NONE,0.019,0.0
1390,32Mt_L2_EW,32MT_EW,0.092,0.06
1390,NvcMt_L2_EW,NVCMT_EW,0.008,-0.003
1395,304Nvl_L1_EW,304NVL_EW,0.076,0.076
1395,304Nvl_L2_EW,304NVL_EW,0.058,0.058
1395,304Nvl_L1_NS,NONE,0.007,0.0
1395,32Nvl_L1_EW,32NVL_EW,0.035,-0.053
1395,32Nvl_L2_EW,32NVL_EW,0.039,-0.032
1395,NvcNvl_L1_EW,NVCNVL_EW,0.021,0.017
1395,NvcNvl_L2_EW,NVCNVL_EW,0.016,0.014
1395,32Mt_L1_EW,32MT_EW,0.119,0.094
1395,32Mt_L1_NS,NONE,0.01,0.0
1395,NvcMt_L2_NS,NONE,0.005,0.0
1395,NvcMt_L1_EW,NVCMT_EW,0.006,-0.008
1395,NvcMt_L2_EW,NVCMT_EW,0.003,-0.008
1395,32Thn_L1_EW,32THN_EW,0.008,-0.017
1395,32Thn_L2_EW,32THN_EW,0.008,-0.019
1395,32Thn_L3_EW,NONE,0.008,0.0
1395,304Nvl_L3_EW,NONE,0.051,0.0
1395,32Nvl_L3_EW,NONE,0.031,0.0
1395,32Nvl_L1_NS,32NVL_NS,0.034,0.034
1395,NvcNvl_L3_EW,NONE,0.019,0.0
1395,32Mt_L2_EW,32MT_EW,0.092,0.065
1395,32Mt_L2_NS,NONE,0.009,0.0
1395,NvcMt_L1_NS,NONE,0.005,0.0
1395,NvcMt_L2_EW,NVCMT_EW,0.008,-0.003
1395,NvcMt_L1_EW,NVCMT_EW,0.006,-0.009
1400,304Nvl_L1_EW,304NVL_EW,0.076,0.076
1400,304Nvl_L2_EW,304NVL_EW,0.058,0.058
1400,304Nvl_L1_NS,NONE,0.007,0.0
1400,32Nvl_L1_EW,32NVL_EW,0.035,-0.059
1400,32Nvl_L2_EW,32NVL_EW,0.039,-0.038
1400,NvcNvl_L3_NS,NONE,0.007,0.0
1400,NvcNvl_L2_NS,NONE,0.007,0.0
1400,NvcNvl_L1_EW,NVCNVL_EW,0.021,0.012
1400,NvcNvl_L2_EW,NVCNVL_EW,0.016,0.014
1400,32Mt_L1_EW,NONE,0.036,0.0
1400,32Mt_L3_EW,NONE,0.044,0.0
1400,32Mt_L1_EW,32MT_EW,0.119,0.094
1400,32Mt_L1_NS,NONE,0.01,0.0
1400,NvcMt_L1_EW,NVCMT_EW,0.013,-0.007
1400,NvcMt_L2_EW,NVCMT_EW,0.003,-0.008
1400,32Thn_L1_EW,32THN_EW,0.016,-0.009
1400,32Thn_L2_EW,32THN_EW,0.017,-0.01
1400,32Thn_L3_EW,NONE,0.016,0.0
1400,304Nvl_L3_EW,NONE,0.051,0.0
1400,32Nvl_L3_EW,NONE,0.031,0.0
1400,NvcNvl_L1_NS,NONE,0.009,0.0
1400,NvcNvl_L3_EW,NONE,0.019,0.0
1400,32Mt_L2_EW,NONE,0.038,0.0
1400,32Mt_L2_EW,32MT_EW,0.092,0.065
1400,NvcMt_L2_EW,NVCMT_EW,0.016,0.005
1400,NvcMt_L1_EW,NVCMT_EW,0.006,-0.015
1400,NvcCmt8_L1_EW,NVCCMT8_EW,0.008,-0.001
1405,304Thn_L1_EW,NONE,0.007,0.0
1405,304Thn_L2_EW,NONE,0.008,0.0
1405,304Nvl_L1_EW,304NVL_EW,0.051,0.051
1405,304Nvl_L2_EW,304NVL_EW,0.007,0.007
1405,32Nvl_L1_EW,32NVL_EW,0.035,0.005
1405,32Nvl_L2_EW,32NVL_EW,0.039,0.033
1405,NvcNvl_L1_EW,NVCNVL_EW,0.007,-0.002
1405,32Mt_L1_NS,32MT_NS,0.006,0.006
1405,32Mt_L1_EW,NONE,0.007,0.0
1405,32Mt_L3_EW,NONE,0.009,0.0
1405,32Mt_L1_EW,32MT_EW,0.035,0.01
1405,NvcMt_L1_EW,NVCMT_EW,0.013,0.008
1405,NvcMt_L2_EW,NVCMT_EW,0.003,0.003
1405,32Thn_L1_EW,NONE,0.019,0.0
1405,32Thn_L2_EW,NONE,0.01,0.0
1405,32Thn_L1_EW,32THN_EW,0.008,-0.017
1405,32Thn_L2_EW,32THN_EW,0.008,-0.019
1405,32Thn_L3_EW,NONE,0.007,0.0
1405,32Thn_L3_EW,NONE,0.008,0.0
1405,304Nvl_L3_EW,NONE,0.006,0.0
1405,32Nvl_L3_EW,NONE,0.031,0.0
1405,32Mt_L2_EW,NONE,0.008,0.0
1405,NvcMt_L2_EW,NVCMT_EW,0.016,0.016
1405,NvcMt_L1_EW,NVCMT_EW,0.006,0.001
1405,304Thn_L3_EW,NONE,0.008,0.0
1410,304Thn_L1_EW,304THN_EW,0.008,-0.027
1410,304Nvl_L1_EW,304NVL_EW,0.051,0.045
1410,304Nvl_L2_EW,304NVL_EW,0.007,0.007
1410,304Nvl_L1_EW,NONE,0.008,0.0
1410,32Nvl_L1_EW,32NVL_EW,0.035,0.035
1410,32Nvl_L2_EW,32NVL_EW,0.039,0.039
1410,32Nvl_L3_NS,NONE,0.008,0.0
1410,32Nvl_L2_NS,32NVL_NS,0.008,0.008
1410,NvcNvl_L3_NS,NONE,0.007,0.0
1410,NvcNvl_L2_NS,NONE,0.007,0.0
1410,32Mt_L1_NS,NONE,0.049,0.0
1410,32Thn_L1_EW,NONE,0.019,0.0
1410,32Thn_L2_EW,NONE,0.01,0.0
1410,304Nvl_L3_EW,NONE,0.006,0.0
1410,32Nvl_L3_EW,NONE,0.031,0.0
1410,32Nvl_L1_NS,32NVL_NS,0.007,0.007
1410,NvcNvl_L1_NS,NONE,0.009,0.0
1415,304Nvl_L1_EW,304NVL_EW,0.042,0.042
1415,304Nvl_L1_EW,NONE,0.008,0.0
1415,32Nvl_L1_EW,32NVL_EW,0.035,0.025
1415,32Nvl_L2_EW,32NVL_EW,0.039,0.035
1415,32Nvl_L3_NS,NONE,0.008,0.0
1415,32Nvl_L2_NS,32NVL_NS,0.008,0.008
1415,32Mt_L1_NS,32MT_NS,0.075,0.075
1415,32Mt_L1_EW,NONE,0.036,0.0
1415,32Mt_L1_EW,32MT_EW,0.007,-0.018
1415,32Mt_L1_NS,NONE,0.01,0.0
1415,32Thn_L1_EW,NONE,0.01,0.0
1415,32Thn_L1_EW,32THN_EW,0.008,-0.017
1415,32Nvl_L3_EW,NONE,0.031,0.0
1415,32Nvl_L1_NS,32NVL_NS,0.007,0.007
1415,32Mt_L2_EW,32MT_EW,0.005,-0.022
1415,32Mt_L2_NS,NONE,0.009,0.0
1420,304Nvl_L1_EW,304NVL_EW,0.051,0.051
1420,304Nvl_L2_EW,304NVL_EW,0.007,0.007
1420,32Nvl_L1_NS,32NVL_NS,0.007,0.007
1420,32Nvl_L1_EW,32NVL_EW,0.071,0.071
1420,32Nvl_L2_EW,32NVL_EW,0.077,0.077
1420,32Mt_L1_NS,32MT_NS,0.075,0.075
1420,32Mt_L1_EW,NONE,0.043,0.0
1420,32Mt_L1_NS,NONE,0.059,0.0
1420,32Thn_L1_EW,NONE,0.01,0.0
1420,304Nvl_L3_EW,NONE,0.006,0.0
1420,32Nvl_L3_EW,NONE,0.063,0.0
1420,32Mt_L2_NS,NONE,0.052,0.0
1425,32Nvl_L3_NS,NONE,0.007,0.0
1425,32Nvl_L1_NS,32NVL_NS,0.007,0.007
1425,32Nvl_L1_EW,32NVL_EW,0.078,0.078
1425,32Nvl_L2_EW,32NVL_EW,0.085,0.085
1425,32Mt_L1_NS,32MT_NS,0.075,0.075
1425,32Mt_L1_EW,NONE,0.086,0.0
1425,32Mt_L3_EW,NONE,0.106,0.0
1425,32Mt_L1_NS,NONE,0.01,0.0
1425,NvcMt_L1_EW,NVCMT_EW,0.032,0.032
1425,32Nvl_L2_NS,32NVL_NS,0.007,0.007
1425,32Nvl_L3_EW,NONE,0.069,0.0
1425,32Mt_L2_EW,NONE,0.09,0.0
1425,32Mt_L2_NS,NONE,0.009,0.0
1425,NvcMt_L2_EW,NVCMT_EW,0.04,0.04
1430,304Nvl_L1_EW,304NVL_EW,0.008,0.008
1430,304Nvl_L1_EW,NONE,0.008,0.0
1430,32Nvl_L1_NS,32NVL_NS,0.007,0.007
1430,32Nvl_L1_EW,32NVL_EW,0.035,0.0
1430,32Nvl_L2_EW,32NVL_EW,0.039,0.014
1430,32Nvl_L3_NS,NONE,0.008,0.0
1430,32Nvl_L2_NS,32NVL_NS,0.008,0.008
1430,32Mt_L1_NS,32MT_NS,0.006,0.006
1430,32Mt_L1_EW,NONE,0.108,0.0
1430,32Mt_L3_EW,NONE,0.124,0.0
1430,32Mt_L1_EW,32MT_EW,0.042,0.017
1430,NvcMt_L2_NS,NONE,0.005,0.0
1430,NvcCmt8_L2_EW,NVCCMT8_EW,0.005,0.005
1430,32Thn_L1_EW,32THN_EW,0.008,-0.017
1430,32Thn_L2_EW,32THN_EW,0.008,-0.019
1430,32Thn_L3_EW,NONE,0.008,0.0
1430,32Nvl_L3_EW,NONE,0.031,0.0
1430,32Nvl_L1_NS,32NVL_NS,0.04,0.04
1430,32Mt_L2_EW,NONE,0.113,0.0
1430,32Mt_L2_EW,32MT_EW,0.027,0.0
1430,NvcMt_L1_NS,NONE,0.005,0.0
1430,NvcCmt8_L1_EW,NVCCMT8_EW,0.008,0.008
1435,304Nvl_L1_EW,304NVL_EW,0.008,0.008
1435,32Nvl_L1_EW,32NVL_EW,0.035,0.03
1435,32Nvl_L2_EW,32NVL_EW,0.039,0.035
1435,NvcNvl_L1_EW,NVCNVL_EW,0.007,0.007
1435,NvcNvl_L2_EW,NVCNVL_EW,0.008,0.008
1435,32Mt_L1_NS,32MT_NS,0.006,0.006
1435,32Mt_L1_EW,NONE,0.022,0.0
1435,32Mt_L3_EW,NONE,0.027,0.0
1435,32Mt_L1_EW,32MT_EW,0.007,-0.018
1435,32Thn_L1_EW,NONE,0.01,0.0
1435,32Nvl_L3_EW,NONE,0.031,0.0
1435,NvcNvl_L3_EW,NONE,0.009,0.0
1435,32Mt_L2_EW,NONE,0.023,0.0
1435,32Mt_L2_EW,32MT_EW,0.005,-0.022
1435,NvcCmt8_L1_EW,NONE,0.006,0.0
1440,304Nvl_L1_NS,NONE,0.007,0.0
1440,304Nvl_L3_NS,NONE,0.008,0.0
1440,32Nvl_L1_NS,32NVL_NS,0.007,0.007
1440,32Nvl_L1_EW,32NVL_EW,0.035,-0.023
1440,32Nvl_L2_EW,32NVL_EW,0.039,-0.007
1440,NvcNvl_L3_NS,NONE,0.007,0.0
1440,NvcNvl_L2_NS,NONE,0.013,0.0
1440,NvcNvl_L1_EW,NVCNVL_EW,0.007,0.007
1440,NvcNvl_L2_EW,NVCNVL_EW,0.008,0.008
1440,32Mt_L1_NS,32MT_NS,0.006,0.006
1440,32Mt_L1_EW,32MT_EW,0.084,0.059
1440,NvcMt_L2_NS,NONE,0.005,0.0
1440,304Nvl_L2_NS,NONE,0.007,0.0
1440,32Nvl_L3_EW,NONE,0.031,0.0
1440,NvcNvl_L1_NS,NONE,0.017,0.0
1440,32Mt_L2_EW,32MT_EW,0.065,0.038
1440,NvcMt_L1_NS,NONE,0.005,0.0
1445,304Nvl_L1_EW,304NVL_EW,0.008,0.008
1445,304Nvl_L2_EW,304NVL_EW,0.007,0.007
1445,32Nvl_L1_EW,32NVL_EW,0.035,0.035
1445,32Nvl_L2_EW,32NVL_EW,0.039,0.039
1445,NvcNvl_L3_NS,NONE,0.007,0.0
1445,NvcNvl_L2_NS,NONE,0.007,0.0
1445,NvcNvl_L1_EW,NONE,0.064,0.0
1445,NvcNvl_L2_EW,NONE,0.046,0.0
1445,NvcNvl_L1_EW,NVCNVL_EW,0.035,0.035
1445,NvcNvl_L2_EW,NVCNVL_EW,0.039,0.039
1445,32Mt_L1_NS,32MT_NS,0.019,0.019
1445,32Mt_L1_EW,NONE,0.007,0.0
1445,32Mt_L3_EW,NONE,0.009,0.0
1445,32Mt_L1_NS,NONE,0.01,0.0
1445,NvcCmt8_L2_NS,NONE,0.011,0.0
1445,NvcCmt8_L1_NS,NONE,0.008,0.0
1445,32Nvl_L3_EW,NONE,0.031,0.0
1445,NvcNvl_L1_NS,NONE,0.009,0.0
1445,NvcNvl_L3_EW,NONE,0.038,0.0
1445,NvcNvl_L3_EW,NONE,0.047,0.0
1445,32Mt_L2_EW,NONE,0.008,0.0
1445,NvcMt_L1_EW,NVCMT_EW,0.006,-0.019
1450,304Nvl_L1_NS,304NVL_NS,0.009,0.009
1450,304Nvl_L3_NS,NONE,0.007,0.0
1450,304Nvl_L1_EW,304NVL_EW,0.008,0.008
1450,NvcNvl_L1_EW,NONE,0.011,0.0
1450,NvcNvl_L2_EW,NONE,0.008,0.0
1450,NvcNvl_L1_EW,NVCNVL_EW,0.007,0.007
1450,NvcNvl_L2_EW,NVCNVL_EW,0.008,0.008
1450,NvcNvl_L1_NS,NVCNVL_NS,0.007,0.007
1450,32Mt_L1_NS,32MT_NS,0.013,0.013
1450,32Mt_L1_EW,NONE,0.007,0.0
1450,32Mt_L3_EW,NONE,0.009,0.0
1450,32Mt_L1_EW,32MT_EW,0.007,0.007
1450,304Nvl_L2_NS,304NVL_NS,0.008,0.008
1450,NvcNvl_L3_EW,NONE,0.009,0.0
1450,32Mt_L2_EW,NONE,0.008,0.0
1450,32Mt_L2_EW,32MT_EW,0.005,0.005
1455,304Nvl_L1_NS,304NVL_NS,0.009,0.009
1455,304Nvl_L3_NS,NONE,0.007,0.0
1455,304Nvl_L1_NS,NONE,0.007,0.0
1455,NvcNvl_L3_NS,NONE,0.034,0.0
1455,NvcNvl_L2_NS,NONE,0.033,0.0
1455,NvcNvl_L1_NS,NVCNVL_NS,0.007,0.007
1455,32Mt_L1_NS,32MT_NS,0.006,0.006
1455,32Mt_L1_NS,NONE,0.01,0.0
1455,NvcMt_L2_NS,NONE,0.026,0.0
1455,304Nvl_L2_NS,304NVL_NS,0.008,0.008
1455,NvcNvl_L1_NS,NONE,0.044,0.0
1455,NvcMt_L1_NS,NONE,0.027,0.0
1460,304Nvl_L1_NS,304NVL_NS,0.009,0.009
1460,304Nvl_L3_NS,NONE,0.007,0.0
1460,304Nvl_L1_EW,304NVL_EW,0.008,0.008
1460,304Nvl_L2_EW,304NVL_EW,0.007,0.007
1460,304Nvl_L1_NS,NONE,0.007,0.0
1460,32Nvl_L1_EW,32NVL_EW,0.007,0.002
1460,32Nvl_L2_EW,32NVL_EW,0.007,0.004
1460,NvcNvl_L3_NS,NONE,0.034,0.0
1460,NvcNvl_L2_NS,NONE,0.033,0.0
1460,NvcNvl_L1_EW,NONE,0.011,0.0
1460,NvcNvl_L2_EW,NONE,0.008,0.0
1460,NvcNvl_L1_NS,NVCNVL_NS,0.007,0.007
1460,32Mt_L1_EW,32MT_EW,0.007,0.007
1460,32Mt_L1_NS,NONE,0.01,0.0
1460,304Nvl_L2_NS,304NVL_NS,0.008,0.008
1460,304Nvl_L3_EW,NONE,0.006,0.0
1460,32Nvl_L3_EW,NONE,0.006,0.0
1460,32Nvl_L1_NS,32NVL_NS,0.034,0.023
1460,NvcNvl_L1_NS,NONE,0.044,0.0
1460,32Mt_L2_EW,32MT_EW,0.005,0.005
1465,304Nvl_L1_NS,304NVL_NS,0.009,0.009
1465,304Nvl_L3_NS,NONE,0.007,0.0
1465,304Nvl_L1_EW,304NVL_EW,0.008,0.008
1465,304Nvl_L2_EW,304NVL_EW,0.007,0.007
1465,304Nvl_L1_NS,NONE,0.007,0.0
1465,32Nvl_L1_EW,32NVL_EW,0.007,-0.009
1465,32Nvl_L2_EW,32NVL_EW,0.007,-0.006
1465,NvcNvl_L1_EW,NONE,0.064,0.0
1465,NvcNvl_L2_EW,NONE,0.008,0.0
1465,32Mt_L1_EW,32MT_EW,0.014,0.014
1465,32Thn_L1_EW,32THN_EW,0.008,0.008
1465,32Thn_L2_EW,32THN_EW,0.008,0.008
1465,32Thn_L3_EW,NONE,0.008,0.0
1465,304Nvl_L2_NS,304NVL_NS,0.008,0.008
1465,304Nvl_L3_EW,NONE,0.006,0.0
1465,304Nvl_L2_NS,NONE,0.007,0.0
1465,32Nvl_L3_EW,NONE,0.006,0.0
1465,32Nvl_L1_NS,32NVL_NS,0.034,0.027
1465,NvcNvl_L3_EW,NONE,0.006,0.0
1465,32Mt_L2_EW,32MT_EW,0.011,0.011
1470,304Nvl_L1_EW,304NVL_EW,0.008,0.008
1470,304Nvl_L2_EW,304NVL_EW,0.007,0.007
1470,32Nvl_L1_EW,32NVL_EW,0.007,-0.009
1470,32Nvl_L2_EW,32NVL_EW,0.007,-0.006
1470,NvcNvl_L3_NS,NONE,0.007,0.0
1470,NvcNvl_L2_NS,NONE,0.007,0.0
1470,NvcNvl_L1_EW,NONE,0.053,0.0
1470,NvcNvl_L2_EW,NONE,0.038,0.0
1470,32Mt_L1_EW,32MT_EW,0.014,0.014
1470,NvcCmt8_L2_NS,NONE,0.011,0.0
1470,32Thn_L1_EW,32THN_EW,0.008,0.008
1470,32Thn_L2_EW,32THN_EW,0.008,0.008
1470,NvcCmt8_L1_NS,NONE,0.008,0.0
1470,32Thn_L3_EW,NONE,0.008,0.0
1470,304Nvl_L3_EW,NONE,0.006,0.0
1470,32Nvl_L3_EW,NONE,0.006,0.0
1470,32Nvl_L1_NS,32NVL_NS,0.034,0.034
1470,NvcNvl_L1_NS,NONE,0.009,0.0
1470,32Mt_L2_EW,32MT_EW,0.011,0.011
1475,304Thn_L1_EW,NONE,0.007,0.0
1475,304Thn_L2_EW,NONE,0.008,0.0
1475,304Nvl_L1_EW,304NVL_EW,0.017,0.017
1475,304Nvl_L2_EW,304NVL_EW,0.015,0.015
1475,32Nvl_L1_EW,32NVL_EW,0.007,-0.008
1475,32Nvl_L2_EW,32NVL_EW,0.008,-0.006
1475,32Nvl_L1_EW,32NVL_EW,0.007,-0.009
1475,32Nvl_L2_EW,32NVL_EW,0.007,-0.006
1475,32Mt_L1_EW,NONE,0.007,0.0
1475,32Mt_L1_EW,32MT_EW,0.014,0.009
1475,32Thn_L1_EW,32THN_EW,0.008,0.003
1475,32Thn_L2_EW,32THN_EW,0.008,0.003
1475,32Thn_L3_EW,NONE,0.008,0.0
1475,304Nvl_L3_EW,NONE,0.013,0.0
1475,32Nvl_L3_EW,NONE,0.006,0.0
1475,32Mt_L2_EW,NONE,0.008,0.0
1475,32Mt_L2_EW,32MT_EW,0.011,0.005
1475,304Thn_L3_EW,NONE,0.008,0.0
1480,304Thn_L1_EW,304THN_EW,0.008,-0.004
1480,304Nvl_L1_EW,304NVL_EW,0.017,0.011
1480,304Nvl_L2_EW,304NVL_EW,0.007,0.007
1480,32Nvl_L1_NS,32NVL_NS,0.007,0.007
1480,32Nvl_L1_EW,32NVL_EW,0.007,-0.003
1480,32Nvl_L2_EW,32NVL_EW,0.008,0.0
1480,32Nvl_L1_EW,32NVL_EW,0.013,0.004
1480,32Nvl_L2_EW,32NVL_EW,0.015,0.007
1480,NvcNvl_L3_NS,NONE,0.007,0.0
1480,NvcNvl_L2_NS,NONE,0.007,0.0
1480,NvcNvl_L1_EW,NONE,0.011,0.0
1480,NvcNvl_L2_EW,NONE,0.008,0.0
1480,32Mt_L1_EW,32MT_EW,0.014,0.009
1480,NvcMt_L2_NS,NONE,0.026,0.0
1480,32Thn_L1_EW,NONE,0.01,0.0
1480,304Nvl_L3_EW,NONE,0.006,0.0
1480,32Nvl_L2_NS,32NVL_NS,0.007,0.007
1480,32Nvl_L3_EW,NONE,0.012,0.0
1480,32Nvl_L3_EW,NONE,0.006,0.0
1480,NvcNvl_L1_NS,NONE,0.009,0.0
1480,32Mt_L2_EW,32MT_EW,0.011,0.005
1480,NvcMt_L1_NS,NONE,0.027,0.0
1485,304Thn_L1_EW,NONE,0.007,0.0
1485,304Thn_L2_EW,NONE,0.008,0.0
1485,304Nvl_L1_EW,304NVL_EW,0.008,0.008
1485,304Nvl_L1_NS,NONE,0.007,0.0
1485,32Nvl_L1_EW,32NVL_EW,0.007,-0.003
1485,32Nvl_L2_EW,32NVL_EW,0.008,0.0
1485,32Nvl_L1_EW,32NVL_EW,0.02,0.01
1485,32Nvl_L2_EW,32NVL_EW,0.022,0.015
1485,NvcNvl_L3_NS,NONE,0.007,0.0
1485,NvcNvl_L2_NS,NONE,0.007,0.0
1485,32Mt_L1_NS,32MT_NS,0.006,0.006
1485,32Mt_L1_EW,32MT_EW,0.014,0.009
1485,32Mt_L1_NS,NONE,0.01,0.0
1485,NvcMt_L1_EW,NVCMT_EW,0.006,0.006
1485,32Thn_L1_EW,NONE,0.01,0.0
1485,32Nvl_L3_EW,NONE,0.018,0.0
1485,32Nvl_L3_EW,NONE,0.006,0.0
1485,NvcNvl_L1_NS,NONE,0.009,0.0
1485,32Mt_L2_EW,32MT_EW,0.011,0.005
1485,32Mt_L2_NS,NONE,0.009,0.0
1485,NvcMt_L2_EW,NVCMT_EW,0.008,0.008
1485,304Thn_L3_EW,NONE,0.008,0.0
1490,304Nvl_L1_NS,NONE,0.007,0.0
1490,32Nvl_L1_EW,32NVL_EW,0.007,-0.008
1490,32Nvl_L2_EW,32NVL_EW,0.008,-0.006
1490,32Nvl_L1_EW,32NVL_EW,0.02,0.005
1490,32Nvl_L2_EW,32NVL_EW,0.022,0.009
1490,NvcNvl_L1_EW,NVCNVL_EW,0.007,0.003
1490,32Mt_L1_NS,32MT_NS,0.006,0.006
1490,32Mt_L1_EW,NONE,0.007,0.0
1490,32Mt_L3_EW,NONE,0.009,0.0
1490,32Mt_L1_EW,32MT_EW,0.014,0.009
1490,NvcMt_L2_NS,NONE,0.005,0.0
1490,NvcMt_L1_EW,NVCMT_EW,0.006,0.001
1490,32Thn_L1_EW,32THN_EW,0.008,0.003
1490,32Thn_L2_EW,32THN_EW,0.008,0.003
1490,32Thn_L3_EW,NONE,0.008,0.0
1490,32Nvl_L3_EW,NONE,0.018,0.0
1490,32Nvl_L3_EW,NONE,0.006,0.0
1490,32Mt_L2_EW,NONE,0.008,0.0
1490,32Mt_L2_EW,32MT_EW,0.011,0.005
1490,NvcMt_L1_NS,NONE,0.005,0.0
1490,NvcMt_L2_EW,NVCMT_EW,0.008,0.008
1495,304Nvl_L1_EW,304NVL_EW,0.017,0.017
1495,304Nvl_L2_EW,304NVL_EW,0.007,0.007
1495,304Nvl_L1_NS,NONE,0.007,0.0
1495,32Nvl_L1_EW,32NVL_EW,0.014,-0.001
1495,32Nvl_L2_EW,32NVL_EW,0.015,0.002
1495,32Nvl_L1_EW,32NVL_EW,0.02,0.005
1495,32Nvl_L2_EW,32NVL_EW,0.022,0.009
1495,NvcNvl_L1_EW,NVCNVL_EW,0.007,0.003
1495,32Mt_L1_EW,32MT_EW,0.014,0.004
1495,32Mt_L1_NS,NONE,0.01,0.0
1495,NvcMt_L1_EW,NVCMT_EW,0.006,0.001
1495,32Thn_L1_EW,32THN_EW,0.008,-0.002
1495,32Thn_L2_EW,32THN_EW,0.008,-0.002
1495,32Thn_L3_EW,NONE,0.008,0.0
1495,304Nvl_L3_EW,NONE,0.006,0.0
1495,32Nvl_L3_EW,NONE,0.018,0.0
1495,32Nvl_L3_EW,NONE,0.013,0.0
1495,32Mt_L2_EW,32MT_EW,0.011,0.0
1495,NvcMt_L2_EW,NVCMT_EW,0.008,0.008
1500,304Nvl_L1_EW,304NVL_EW,0.034,0.034
1500,304Nvl_L2_EW,304NVL_EW,0.029,0.029
1500,304Nvl_L1_NS,NONE,0.007,0.0
1500,32Nvl_L1_EW,32NVL_EW,0.007,-0.003
1500,32Nvl_L2_EW,32NVL_EW,0.008,-0.002
1500,32Nvl_L1_EW,32NVL_EW,0.02,0.01
1500,32Nvl_L2_EW,32NVL_EW,0.022,0.013
1500,NvcNvl_L3_NS,NONE,0.007,0.0
1500,NvcNvl_L2_NS,NONE,0.007,0.0
1500,32Mt_L1_EW,NONE,0.007,0.0
1500,32Mt_L1_EW,32MT_EW,0.007,0.002
1500,32Mt_L1_NS,NONE,0.01,0.0
1500,32Thn_L1_EW,32THN_EW,0.008,0.003
1500,32Thn_L2_EW,32THN_EW,0.008,0.003
1500,32Thn_L3_EW,NONE,0.008,0.0
1500,304Nvl_L3_EW,NONE,0.019,0.0
1500,32Nvl_L3_EW,NONE,0.018,0.0
1500,32Nvl_L3_EW,NONE,0.006,0.0
1500,32Nvl_L1_NS,32NVL_NS,0.007,0.007
1500,NvcNvl_L1_NS,NONE,0.009,0.0
1500,32Mt_L2_EW,32MT_EW,0.005,0.0
1505,304Nvl_L1_EW,304NVL_EW,0.017,0.017
1505,304Nvl_L2_EW,304NVL_EW,0.015,0.015
1505,32Nvl_L1_EW,32NVL_EW,0.007,0.007
1505,32Nvl_L2_EW,32NVL_EW,0.008,0.008
1505,32Nvl_L1_EW,32NVL_EW,0.02,0.02
1505,32Nvl_L2_EW,32NVL_EW,0.022,0.022
1505,NvcNvl_L3_NS,NONE,0.007,0.0
1505,NvcNvl_L2_NS,NONE,0.007,0.0
1505,32Mt_L1_NS,32MT_NS,0.006,0.006
1505,32Thn_L1_EW,NONE,0.01,0.0
1505,304Nvl_L3_EW,NONE,0.013,0.0
1505,32Nvl_L3_EW,NONE,0.018,0.0
1505,32Nvl_L3_EW,NONE,0.006,0.0
1505,NvcNvl_L1_NS,NONE,0.009,0.0
1505,NvcMt_L2_EW,NVCMT_EW,0.04,0.04
1510,304Nvl_L1_EW,304NVL_EW,0.008,0.008
1510,304Nvl_L1_EW,NONE,0.008,0.0
1510,304Nvl_L1_NS,NONE,0.007,0.0
1510,32Nvl_L3_NS,NONE,0.007,0.0
1510,32Nvl_L1_NS,32NVL_NS,0.007,0.007
1510,32Nvl_L1_EW,32NVL_EW,0.007,0.001
1510,32Nvl_L2_EW,32NVL_EW,0.008,0.002
1510,32Nvl_L1_EW,32NVL_EW,0.02,0.015
1510,32Nvl_L2_EW,32NVL_EW,0.022,0.017
1510,32Nvl_L3_NS,NONE,0.008,0.0
1510,32Nvl_L2_NS,32NVL_NS,0.008,0.008
1510,NvcNvl_L3_NS,NONE,0.007,0.0
1510,NvcNvl_L2_NS,NONE,0.007,0.0
1510,32Mt_L1_NS,32MT_NS,0.013,0.013
1510,32Mt_L1_NS,NONE,0.02,0.0
1510,32Thn_L1_EW,32THN_EW,0.008,0.003
1510,32Thn_L2_EW,32THN_EW,0.008,0.003
1510,32Thn_L3_EW,NONE,0.008,0.0
1510,32Nvl_L2_NS,32NVL_NS,0.007,0.007
1510,32Nvl_L3_EW,NONE,0.018,0.0
1510,32Nvl_L3_EW,NONE,0.006,0.0
1510,32Nvl_L1_NS,32NVL_NS,0.007,0.007
1510,NvcNvl_L1_NS,NONE,0.009,0.0
1510,32Mt_L2_NS,NONE,0.017,0.0
1515,304Nvl_L1_EW,304NVL_EW,0.025,0.025
1515,304Nvl_L2_EW,304NVL_EW,0.007,0.007
1515,32Nvl_L3_NS,NONE,0.007,0.0
1515,32Nvl_L1_NS,32NVL_NS,0.014,0.014
1515,32Nvl_L1_EW,32NVL_EW,0.007,0.001
1515,32Nvl_L2_EW,32NVL_EW,0.008,0.002
1515,32Nvl_L1_EW,32NVL_EW,0.013,0.008
1515,32Nvl_L2_EW,32NVL_EW,0.022,0.017
1515,32Nvl_L3_NS,NONE,0.017,0.0
1515,32Nvl_L2_NS,32NVL_NS,0.016,0.016
1515,NvcNvl_L3_NS,NONE,0.007,0.0
1515,NvcNvl_L2_NS,NONE,0.007,0.0
1515,NvcNvl_L1_EW,NVCNVL_EW,0.007,0.007
1515,32Mt_L1_NS,32MT_NS,0.013,0.013
1515,32Mt_L1_EW,NONE,0.05,0.0
1515,32Mt_L3_EW,NONE,0.062,0.0
1515,32Thn_L1_EW,32THN_EW,0.008,0.003
1515,32Thn_L2_EW,32THN_EW,0.008,0.003
1515,32Thn_L3_EW,NONE,0.008,0.0
1515,304Nvl_L3_EW,NONE,0.006,0.0
1515,32Nvl_L2_NS,32NVL_NS,0.013,0.013
1515,32Nvl_L3_EW,NONE,0.018,0.0
1515,32Nvl_L1_NS,32NVL_NS,0.013,0.013
1515,NvcNvl_L1_NS,NONE,0.009,0.0
1515,32Mt_L2_EW,NONE,0.053,0.0
1520,32Nvl_L3_NS,NONE,0.014,0.0
1520,32Nvl_L1_NS,32NVL_NS,0.021,0.021
1520,32Nvl_L3_NS,NONE,0.017,0.0
1520,32Nvl_L2_NS,32NVL_NS,0.016,0.016
1520,NvcNvl_L1_EW,NVCNVL_EW,0.014,0.014
1520,32Mt_L1_NS,32MT_NS,0.013,0.013
1520,32Mt_L1_EW,NONE,0.022,0.0
1520,32Mt_L3_EW,NONE,0.027,0.0
1520,32Thn_L1_EW,NONE,0.01,0.0
1520,32Nvl_L2_NS,32NVL_NS,0.02,0.02
1520,32Nvl_L1_NS,32NVL_NS,0.013,0.013
1520,32Mt_L2_EW,NONE,0.023,0.0
1525,304Nvl_L1_NS,304NVL_NS,0.009,-0.01
1525,304Nvl_L3_NS,NONE,0.007,0.0
1525,304Nvl_L1_NS,NONE,0.007,0.0
1525,32Nvl_L3_NS,NONE,0.014,0.0
1525,32Nvl_L1_NS,32NVL_NS,0.028,0.021
1525,32Nvl_L3_NS,NONE,0.017,0.0
1525,32Nvl_L2_NS,32NVL_NS,0.016,0.01
1525,NvcNvl_L3_NS,NONE,0.007,0.0
1525,NvcNvl_L2_NS,NONE,0.007,0.0
1525,NvcNvl_L1_EW,NVCNVL_EW,0.014,0.014
1525,32Mt_L1_NS,32MT_NS,0.038,0.038
1525,32Thn_L1_NS,32THN_NS,0.01,0.01
1525,32Thn_L1_EW,NONE,0.01,0.0
1525,32Thn_L2_NS,32THN_NS,0.013,0.013
1525,304Nvl_L2_NS,304NVL_NS,0.008,-0.003
1525,32Nvl_L2_NS,32NVL_NS,0.027,0.021
1525,32Nvl_L1_NS,32NVL_NS,0.02,0.014
1525,NvcNvl_L1_NS,NONE,0.009,0.0
1530,304Nvl_L1_NS,304NVL_NS,0.009,-0.01
1530,304Nvl_L3_NS,NONE,0.007,0.0
1530,304Nvl_L1_EW,304NVL_EW,0.008,0.008
1530,304Nvl_L2_EW,304NVL_EW,0.007,0.007
1530,32Nvl_L3_NS,NONE,0.014,0.0
1530,32Nvl_L1_NS,32NVL_NS,0.028,0.021
1530,32Nvl_L3_NS,NONE,0.025,0.0
1530,32Nvl_L2_NS,32NVL_NS,0.024,0.018
1530,NvcNvl_L1_EW,NVCNVL_EW,0.042,0.042
1530,NvcNvl_L2_EW,NVCNVL_EW,0.039,0.039
1530,32Mt_L1_NS,32MT_NS,0.038,0.038
1530,32Mt_L1_EW,NONE,0.036,0.0
1530,32Mt_L3_EW,NONE,0.044,0.0
1530,32Mt_L1_EW,32MT_EW,0.007,0.007
1530,32Mt_L1_NS,NONE,0.01,0.0
1530,32Thn_L1_NS,32THN_NS,0.01,0.01
1530,32Thn_L1_EW,NONE,0.01,0.0
1530,32Thn_L2_NS,32THN_NS,0.013,0.013
1530,304Nvl_L2_NS,304NVL_NS,0.008,-0.009
1530,304Nvl_L3_EW,NONE,0.006,0.0
1530,32Nvl_L2_NS,32NVL_NS,0.027,0.021
1530,32Nvl_L1_NS,32NVL_NS,0.027,0.021
1530,NvcNvl_L3_EW,NONE,0.047,0.0
1530,32Mt_L2_EW,NONE,0.038,0.0
1530,32Mt_L2_NS,NONE,0.009,0.0
1535,304Nvl_L1_NS,304NVL_NS,0.018,-0.006
1535,304Nvl_L3_NS,NONE,0.015,0.0
1535,304Nvl_L1_EW,304NVL_EW,0.008,0.008
1535,304Nvl_L2_EW,304NVL_EW,0.007,0.007
1535,32Nvl_L3_NS,NONE,0.014,0.0
1535,32Nvl_L1_NS,32NVL_NS,0.035,0.022
1535,32Nvl_L3_NS,NONE,0.033,0.0
1535,32Nvl_L2_NS,32NVL_NS,0.032,0.021
1535,32Mt_L1_NS,32MT_NS,0.031,0.031
1535,32Mt_L1_EW,NONE,0.065,0.0
1535,32Mt_L3_EW,NONE,0.062,0.0
1535,32Mt_L1_EW,32MT_EW,0.014,0.014
1535,NvcMt_L1_EW,NVCMT_EW,0.006,0.006
1535,NvcMt_L2_EW,NVCMT_EW,0.003,0.003
1535,32Thn_L1_NS,32THN_NS,0.01,0.01
1535,32Thn_L2_NS,32THN_NS,0.013,0.013
1535,304Nvl_L2_NS,304NVL_NS,0.015,-0.007
1535,304Nvl_L3_EW,NONE,0.006,0.0
1535,32Nvl_L2_NS,32NVL_NS,0.033,0.023
1535,32Nvl_L1_NS,32NVL_NS,0.034,0.021
1535,32Mt_L2_EW,NONE,0.06,0.0
1535,32Mt_L2_EW,32MT_EW,0.011,0.011
1535,NvcMt_L2_EW,NVCMT_EW,0.008,0.008
1535,NvcMt_L1_EW,NVCMT_EW,0.006,0.006
1540,304Nvl_L1_NS,304NVL_NS,0.018,-0.001
1540,304Nvl_L3_NS,NONE,0.015,0.0
1540,304Nvl_L1_NS,NONE,0.007,0.0
1540,32Nvl_L3_NS,NONE,0.007,0.0
1540,32Nvl_L1_NS,32NVL_NS,0.028,0.015
1540,32Nvl_L1_EW,32NVL_EW,0.007,0.002
1540,32Nvl_L2_EW,32NVL_EW,0.007,0.004
1540,32Nvl_L3_NS,NONE,0.033,0.0
1540,32Nvl_L2_NS,32NVL_NS,0.032,0.021
1540,32Mt_L1_EW,NONE,0.014,0.0
1540,32Mt_L3_EW,NONE,0.018,0.0
1540,32Mt_L1_EW,32MT_EW,0.007,0.007
1540,NvcMt_L2_NS,NONE,0.005,0.0
1540,32Thn_L1_NS,32THN_NS,0.01,0.01
1540,32Thn_L2_NS,32THN_NS,0.013,0.013
1540,304Nvl_L2_NS,304NVL_NS,0.015,-0.007
1540,32Nvl_L2_NS,32NVL_NS,0.027,0.016
1540,32Nvl_L3_EW,NONE,0.006,0.0
1540,32Nvl_L1_NS,32NVL_NS,0.027,0.014
1540,32Mt_L2_EW,NONE,0.015,0.0
1540,32Mt_L2_EW,32MT_EW,0.005,0.005
1540,NvcMt_L1_NS,NONE,0.005,0.0
1545,304Nvl_L1_NS,304NVL_NS,0.018,-0.001
1545,304Nvl_L3_NS,NONE,0.015,0.0
1545,32Nvl_L3_NS,NONE,0.007,0.0
1545,32Nvl_L1_NS,32NVL_NS,0.028,0.015
1545,32Nvl_L3_NS,NONE,0.033,0.0
1545,32Nvl_L2_NS,32NVL_NS,0.032,0.021
1545,NvcNvl_L1_EW,NVCNVL_EW,0.014,0.014
1545,NvcNvl_L2_EW,NVCNVL_EW,0.016,0.016
1545,32Mt_L1_NS,32MT_NS,0.006,0.006
1545,32Mt_L1_EW,32MT_EW,0.042,0.042
1545,32Thn_L1_NS,32THN_NS,0.01,0.01
1545,32Thn_L2_NS,32THN_NS,0.013,0.013
1545,304Nvl_L2_NS,304NVL_NS,0.015,-0.007
1545,32Nvl_L2_NS,32NVL_NS,0.027,0.016
1545,32Nvl_L1_NS,32NVL_NS,0.027,0.014
1545,NvcNvl_L3_EW,NONE,0.019,0.0
1545,32Mt_L2_EW,32MT_EW,0.027,0.027
1550,304Nvl_L1_NS,304NVL_NS,0.018,-0.006
1550,304Nvl_L3_NS,NONE,0.015,0.0
1550,304Nvl_L1_EW,304NVL_EW,0.017,0.017
1550,304Nvl_L2_EW,304NVL_EW,0.007,0.007
1550,32Nvl_L3_NS,NONE,0.014,0.0
1550,32Nvl_L1_NS,32NVL_NS,0.035,0.022
1550,32Nvl_L3_NS,NONE,0.042,0.0
1550,32Nvl_L2_NS,32NVL_NS,0.039,0.029
1550,32Mt_L1_NS,32MT_NS,0.013,0.013
1550,32Mt_L1_EW,32MT_EW,0.049,0.049
1550,32Mt_L1_NS,NONE,0.01,0.0
1550,NvcMt_L2_NS,NONE,0.026,0.0
1550,NvcMt_L1_EW,NVCMT_EW,0.013,0.013
1550,32Thn_L1_NS,32THN_NS,0.01,0.01
1550,32Thn_L2_NS,32THN_NS,0.013,0.013
1550,304Nvl_L2_NS,304NVL_NS,0.015,-0.012
1550,32Nvl_L2_NS,32NVL_NS,0.033,0.023
1550,32Nvl_L1_NS,32NVL_NS,0.04,0.028
1550,32Mt_L2_EW,32MT_EW,0.005,0.005
1550,32Mt_L2_NS,NONE,0.009,0.0
1550,NvcMt_L1_NS,NONE,0.027,0.0
1550,NvcMt_L2_EW,NVCMT_EW,0.016,0.016
1555,304Nvl_L1_NS,304NVL_NS,0.018,-0.006
1555,304Nvl_L3_NS,NONE,0.015,0.0
1555,304Nvl_L1_EW,304NVL_EW,0.017,0.017
1555,304Nvl_L2_EW,304NVL_EW,0.015,0.015
1555,32Nvl_L3_NS,NONE,0.014,0.0
1555,32Nvl_L1_NS,32NVL_NS,0.035,0.022
1555,32Nvl_L3_NS,NONE,0.042,0.0
1555,32Nvl_L2_NS,32NVL_NS,0.039,0.029
1555,32Mt_L1_NS,32MT_NS,0.006,0.006
1555,32Mt_L1_EW,NONE,0.007,0.0
1555,32Mt_L3_EW,NONE,0.009,0.0
1555,32Mt_L1_EW,32MT_EW,0.007,0.007
1555,32Thn_L1_NS,32THN_NS,0.01,0.01
1555,32Thn_L2_NS,32THN_NS,0.013,0.013
1555,304Nvl_L2_NS,304NVL_NS,0.015,-0.012
1555,304Nvl_L3_EW,NONE,0.013,0.0
1555,32Nvl_L2_NS,32NVL_NS,0.033,0.023
1555,32Nvl_L1_NS,32NVL_NS,0.04,0.028
1555,32Mt_L2_EW,NONE,0.008,0.0
1560,304Nvl_L1_NS,304NVL_NS,0.018,-0.006
1560,304Nvl_L3_NS,NONE,0.015,0.0
1560,304Nvl_L1_EW,304NVL_EW,0.008,0.008
1560,304Nvl_L2_EW,304NVL_EW,0.007,0.007
1560,304Nvl_L1_NS,NONE,0.007,0.0
1560,32Nvl_L3_NS,NONE,0.014,0.0
1560,32Nvl_L1_NS,32NVL_NS,0.035,0.022
1560,32Nvl_L1_EW,32NVL_EW,0.007,0.007
1560,32Nvl_L2_EW,32NVL_EW,0.007,0.007
1560,32Nvl_L3_NS,NONE,0.042,0.0
1560,32Nvl_L2_NS,32NVL_NS,0.039,0.029
1560,NvcNvl_L3_NS,NONE,0.007,0.0
1560,NvcNvl_L2_NS,NONE,0.007,0.0
1560,32Thn_L1_NS,32THN_NS,0.01,0.01
1560,32Thn_L2_NS,32THN_NS,0.013,0.013
1560,304Nvl_L2_NS,304NVL_NS,0.015,-0.012
1560,304Nvl_L3_EW,NONE,0.006,0.0
1560,32Nvl_L2_NS,32NVL_NS,0.033,0.023
1560,32Nvl_L3_EW,NONE,0.006,0.0
1560,32Nvl_L1_NS,32NVL_NS,0.04,0.028
1560,NvcNvl_L1_NS,NONE,0.009,0.0
1565,304Nvl_L1_NS,304NVL_NS,0.018,-0.006
1565,304Nvl_L3_NS,NONE,0.015,0.0
1565,304Nvl_L1_NS,NONE,0.015,0.0
1565,32Nvl_L3_NS,NONE,0.014,0.0
1565,32Nvl_L1_NS,32NVL_NS,0.035,0.022
1565,32Nvl_L3_NS,NONE,0.042,0.0
1565,32Nvl_L2_NS,32NVL_NS,0.039,0.029
1565,32Mt_L1_NS,NONE,0.01,0.0
1565,NvcMt_L1_EW,NVCMT_EW,0.006,0.006
1565,32Thn_L1_NS,32THN_NS,0.01,0.01
1565,32Thn_L2_NS,32THN_NS,0.013,0.013
1565,304Nvl_L2_NS,304NVL_NS,0.015,-0.012
1565,32Nvl_L2_NS,32NVL_NS,0.033,0.023
1565,32Nvl_L1_NS,32NVL_NS,0.034,0.021
1565,NvcMt_L2_EW,NVCMT_EW,0.008,0.008
1570,304Nvl_L1_NS,304NVL_NS,0.018,-0.006
1570,304Nvl_L3_NS,NONE,0.015,0.0
1570,304Nvl_L1_EW,304NVL_EW,0.008,0.008
1570,304Nvl_L2_EW,304NVL_EW,0.007,0.007
1570,32Nvl_L3_NS,NONE,0.014,0.0
1570,32Nvl_L1_NS,32NVL_NS,0.035,0.022
1570,32Nvl_L3_NS,NONE,0.05,0.0
1570,32Nvl_L2_NS,32NVL_NS,0.047,0.037
1570,NvcMt_L2_NS,NONE,0.005,0.0
1570,NvcMt_L1_EW,NVCMT_EW,0.006,0.006
1570,NvcCmt8_L2_EW,NONE,0.007,0.0
1570,32Thn_L1_NS,32THN_NS,0.01,0.01
1570,32Thn_L2_NS,32THN_NS,0.013,0.013
1570,304Nvl_L2_NS,304NVL_NS,0.015,-0.018
1570,304Nvl_L3_EW,NONE,0.006,0.0
1570,32Nvl_L2_NS,32NVL_NS,0.033,0.023
1570,32Nvl_L1_NS,32NVL_NS,0.047,0.034
1570,NvcMt_L1_NS,NONE,0.005,0.0
1570,NvcMt_L2_EW,NVCMT_EW,0.008,0.008
1570,NvcCmt8_L1_EW,NONE,0.006,0.0
1575,304Thn_L1_EW,NONE,0.007,0.0
1575,304Thn_L2_EW,NONE,0.008,0.0
1575,32Nvl_L3_NS,NONE,0.007,0.0
1575,32Nvl_L1_NS,32NVL_NS,0.007,0.007
1575,32Nvl_L2_NS,32NVL_NS,0.008,0.008
1575,NvcMt_L1_EW,NVCMT_EW,0.006,0.006
1575,32Thn_L1_NS,32THN_NS,0.01,0.01
1575,32Thn_L2_NS,32THN_NS,0.013,0.013
1575,32Nvl_L2_NS,32NVL_NS,0.007,0.007
1575,32Nvl_L1_NS,32NVL_NS,0.013,0.013
1575,NvcMt_L2_EW,NVCMT_EW,0.008,0.008
1580,304Thn_L1_EW,NONE,0.007,0.0
1580,304Thn_L2_EW,NONE,0.008,0.0
1580,304Nvl_L1_EW,304NVL_EW,0.017,0.017
1580,304Nvl_L2_EW,304NVL_EW,0.007,0.007
1580,304Nvl_L1_NS,NONE,0.007,0.0
1580,32Nvl_L1_NS,32NVL_NS,0.007,0.007
1580,NvcNvl_L1_EW,NVCNVL_EW,0.035,0.035
1580,NvcNvl_L2_EW,NVCNVL_EW,0.039,0.039
1580,32Mt_L1_EW,32MT_EW,0.007,0.007
1580,NvcMt_L2_NS,NONE,0.005,0.0
1580,304Nvl_L3_EW,NONE,0.006,0.0
1580,32Nvl_L1_NS,32NVL_NS,0.013,0.013
1580,NvcNvl_L3_EW,NONE,0.047,0.0
1580,32Mt_L2_EW,32MT_EW,0.005,0.005
1580,NvcMt_L1_NS,NONE,0.005,0.0
1580,304Thn_L3_EW,NONE,0.008,0.0
1585,304Thn_L1_EW,304THN_EW,0.008,-0.01
1585,304Nvl_L1_EW,304NVL_EW,0.025,0.02
1585,304Nvl_L2_EW,304NVL_EW,0.015,0.015
1585,304Nvl_L1_NS,NONE,0.015,0.0
1585,32Nvl_L3_NS,NONE,0.007,0.0
1585,32Nvl_L1_NS,32NVL_NS,0.021,0.021
1585,32Nvl_L1_EW,32NVL_EW,0.035,0.03
1585,32Nvl_L2_EW,32NVL_EW,0.039,0.035
1585,NvcNvl_L1_EW,NVCNVL_EW,0.035,0.035
1585,NvcNvl_L2_EW,NVCNVL_EW,0.039,0.039
1585,32Mt_L1_EW,32MT_EW,0.007,-0.018
1585,304Nvl_L3_EW,NONE,0.013,0.0
1585,32Nvl_L2_NS,32NVL_NS,0.007,0.007
1585,32Nvl_L1_NS,32NVL_NS,0.007,0.007
1585,NvcNvl_L3_EW,NONE,0.047,0.0
1585,32Mt_L2_EW,32MT_EW,0.005,-0.022
1585,NvcCmt8_L1_EW,NVCCMT8_EW,0.008,0.008
1590,304Thn_L1_EW,304THN_EW,0.008,-0.004
1590,304Nvl_L1_EW,304NVL_EW,0.017,0.011
1590,304Nvl_L2_EW,304NVL_EW,0.015,0.015
1590,32Nvl_L3_NS,NONE,0.014,0.0
1590,32Nvl_L1_NS,32NVL_NS,0.021,0.021
1590,32Nvl_L1_EW,32NVL_EW,0.042,0.038
1590,32Nvl_L2_EW,32NVL_EW,0.046,0.043
1590,32Nvl_L1_EW,32NVL_EW,0.007,0.002
1590,32Nvl_L2_EW,32NVL_EW,0.007,0.004
1590,32Nvl_L3_NS,NONE,0.05,0.0
1590,32Nvl_L2_NS,32NVL_NS,0.047,0.047
1590,NvcNvl_L1_EW,NONE,0.032,0.0
1590,NvcNvl_L2_EW,NONE,0.023,0.0
1590,NvcNvl_L1_EW,NVCNVL_EW,0.035,0.035
1590,NvcNvl_L2_EW,NVCNVL_EW,0.039,0.039
1590,32Mt_L1_EW,32MT_EW,0.007,-0.023
1590,304Nvl_L3_EW,NONE,0.013,0.0
1590,32Nvl_L2_NS,32NVL_NS,0.013,0.013
1590,32Nvl_L3_EW,NONE,0.006,0.0
1590,32Nvl_L3_EW,NONE,0.038,0.0
1590,32Nvl_L1_NS,32NVL_NS,0.054,0.054
1590,NvcNvl_L3_EW,NONE,0.013,0.0
1590,NvcNvl_L3_EW,NONE,0.047,0.0
1590,32Mt_L2_EW,32MT_EW,0.005,-0.027
1595,304Nvl_L1_EW,304NVL_EW,0.017,0.017
1595,304Nvl_L2_EW,304NVL_EW,0.015,0.015
1595,32Nvl_L1_EW,32NVL_EW,0.035,0.03
1595,32Nvl_L2_EW,32NVL_EW,0.039,0.035
1595,32Nvl_L1_EW,32NVL_EW,0.007,0.002
1595,32Nvl_L2_EW,32NVL_EW,0.007,0.004
1595,32Nvl_L3_NS,NONE,0.05,0.0
1595,32Nvl_L2_NS,32NVL_NS,0.055,0.055
1595,NvcNvl_L1_EW,NONE,0.011,0.0
1595,NvcNvl_L2_EW,NONE,0.008,0.0
1595,NvcNvl_L1_EW,NVCNVL_EW,0.035,0.035
1595,NvcNvl_L2_EW,NVCNVL_EW,0.039,0.039
1595,32Mt_L1_EW,NONE,0.007,0.0
1595,32Mt_L3_EW,NONE,0.009,0.0
1595,32Mt_L1_EW,32MT_EW,0.007,-0.018
1595,32Mt_L1_NS,NONE,0.01,0.0
1595,304Nvl_L3_EW,NONE,0.013,0.0
1595,32Nvl_L3_EW,NONE,0.006,0.0
1595,32Nvl_L3_EW,NONE,0.031,0.0
1595,32Nvl_L1_NS,32NVL_NS,0.054,0.054
1595,NvcNvl_L3_EW,NONE,0.006,0.0
1595,NvcNvl_L3_EW,NONE,0.047,0.0
1595,32Mt_L2_EW,NONE,0.008,0.0
1595,32Mt_L2_EW,32MT_EW,0.005,-0.022
1595,32Mt_L2_NS,NONE,0.009,0.0
1600,304Nvl_L1_EW,304NVL_EW,0.059,0.059
1600,304Nvl_L2_EW,304NVL_EW,0.051,0.051
1600,32Nvl_L1_EW,32NVL_EW,0.035,0.026
1600,32Nvl_L2_EW,32NVL_EW,0.039,0.031
1600,32Nvl_L1_EW,32NVL_EW,0.013,0.004
1600,32Nvl_L2_EW,32NVL_EW,0.007,0.0
1600,32Nvl_L3_NS,NONE,0.017,0.0
1600,32Nvl_L2_NS,32NVL_NS,0.016,0.016
1600,NvcNvl_L1_EW,NONE,0.011,0.0
1600,NvcNvl_L2_EW,NONE,0.008,0.0
1600,NvcNvl_L1_EW,NVCNVL_EW,0.042,0.038
1600,NvcNvl_L2_EW,NVCNVL_EW,0.039,0.039
1600,32Mt_L1_EW,32MT_EW,0.014,-0.011
1600,NvcMt_L1_EW,NVCMT_EW,0.006,-0.023
1600,304Nvl_L3_EW,NONE,0.044,0.0
1600,32Nvl_L3_EW,NONE,0.006,0.0
1600,32Nvl_L3_EW,NONE,0.031,0.0
1600,32Nvl_L1_NS,32NVL_NS,0.02,0.02
1600,NvcNvl_L3_EW,NONE,0.006,0.0
1600,NvcNvl_L3_EW,NONE,0.047,0.0
1600,32Mt_L2_EW,32MT_EW,0.011,-0.016
1600,NvcMt_L2_EW,NVCMT_EW,0.008,-0.019
1605,304Nvl_L1_EW,304NVL_EW,0.161,0.161
1605,304Nvl_L2_EW,304NVL_EW,0.138,0.138
1605,32Nvl_L1_NS,32NVL_NS,0.014,0.014
1605,32Nvl_L1_EW,32NVL_EW,0.035,0.026
1605,32Nvl_L2_EW,32NVL_EW,0.039,0.031
1605,32Nvl_L1_EW,32NVL_EW,0.007,-0.003
1605,32Nvl_L2_EW,32NVL_EW,0.007,0.0
1605,NvcNvl_L1_EW,NVCNVL_EW,0.042,0.038
1605,NvcNvl_L2_EW,NVCNVL_EW,0.039,0.039
1605,32Mt_L1_EW,NONE,0.007,0.0
1605,32Mt_L1_EW,32MT_EW,0.014,-0.011
1605,32Mt_L1_NS,NONE,0.01,0.0
1605,NvcMt_L1_EW,NVCMT_EW,0.006,-0.023
1605,304Nvl_L3_EW,NONE,0.12,0.0
1605,32Nvl_L2_NS,32NVL_NS,0.007,0.007
1605,32Nvl_L3_EW,NONE,0.006,0.0
1605,32Nvl_L3_EW,NONE,0.031,0.0
1605,32Nvl_L1_NS,32NVL_NS,0.007,0.007
1605,NvcNvl_L3_EW,NONE,0.047,0.0
1605,32Mt_L2_EW,32MT_EW,0.011,-0.016
1605,NvcMt_L2_EW,NVCMT_EW,0.008,-0.019
1610,304Nvl_L1_EW,304NVL_EW,0.178,0.178
1610,304Nvl_L2_EW,304NVL_EW,0.152,0.152
1610,304Nvl_L1_NS,NONE,0.007,0.0
1610,304Nvl_L3_NS,NONE,0.008,0.0
1610,32Nvl_L3_NS,NONE,0.014,0.0
1610,32Nvl_L1_NS,32NVL_NS,0.021,0.021
1610,32Nvl_L1_EW,32NVL_EW,0.035,0.021
1610,32Nvl_L2_EW,32NVL_EW,0.039,0.027
1610,32Nvl_L1_EW,32NVL_EW,0.007,-0.008
1610,32Nvl_L2_EW,32NVL_EW,0.007,-0.004
1610,NvcNvl_L1_EW,NVCNVL_EW,0.042,0.038
1610,NvcNvl_L2_EW,NVCNVL_EW,0.039,0.039
1610,32Mt_L1_EW,32MT_EW,0.021,-0.004
1610,NvcMt_L1_EW,NVCMT_EW,0.006,-0.029
1610,NvcCmt8_L2_EW,NVCCMT8_EW,0.005,0.005
1610,304Nvl_L3_EW,NONE,0.133,0.0
1610,304Nvl_L2_NS,NONE,0.007,0.0
1610,32Nvl_L2_NS,32NVL_NS,0.013,0.013
1610,32Nvl_L3_EW,NONE,0.006,0.0
1610,32Nvl_L3_EW,NONE,0.031,0.0
1610,NvcNvl_L3_EW,NONE,0.047,0.0
1610,32Mt_L2_EW,32MT_EW,0.016,-0.011
1610,NvcMt_L2_EW,NVCMT_EW,0.008,-0.023
1610,NvcCmt8_L1_EW,NVCCMT8_EW,0.008,0.003
1615,304Nvl_L1_EW,304NVL_EW,0.178,0.178
1615,304Nvl_L2_EW,304NVL_EW,0.152,0.152
1615,304Nvl_L1_NS,NONE,0.007,0.0
1615,304Nvl_L3_NS,NONE,0.008,0.0
1615,32Nvl_L1_EW,32NVL_EW,0.035,0.016
1615,32Nvl_L2_EW,32NVL_EW,0.039,0.023
1615,32Nvl_L1_EW,32NVL_EW,0.007,-0.013
1615,32Nvl_L2_EW,32NVL_EW,0.007,-0.008
1615,32Nvl_L3_NS,NONE,0.025,0.0
1615,32Nvl_L2_NS,32NVL_NS,0.024,0.024
1615,NvcNvl_L1_EW,NVCNVL_EW,0.035,0.035
1615,NvcNvl_L2_EW,NVCNVL_EW,0.039,0.039
1615,32Mt_L1_EW,32MT_EW,0.028,0.003
1615,NvcCmt8_L2_EW,NVCCMT8_EW,0.005,0.005
1615,304Nvl_L3_EW,NONE,0.133,0.0
1615,304Nvl_L2_NS,NONE,0.007,0.0
1615,32Nvl_L3_EW,NONE,0.006,0.0
1615,32Nvl_L3_EW,NONE,0.031,0.0
1615,32Nvl_L1_NS,32NVL_NS,0.027,0.027
1615,NvcNvl_L3_EW,NONE,0.047,0.0
1615,32Mt_L2_EW,32MT_EW,0.022,-0.005
1615,NvcCmt8_L1_EW,NVCCMT8_EW,0.008,0.008
1620,304Nvl_L1_EW,304NVL_EW,0.085,0.085
1620,304Nvl_L2_EW,304NVL_EW,0.065,0.065
1620,32Nvl_L1_NS,32NVL_NS,0.007,0.007
1620,32Nvl_L1_EW,32NVL_EW,0.042,0.023
1620,32Nvl_L2_EW,32NVL_EW,0.046,0.031
1620,32Nvl_L1_EW,32NVL_EW,0.007,-0.013
1620,32Nvl_L2_EW,32NVL_EW,0.007,-0.008
1620,32Nvl_L3_NS,NONE,0.05,0.0
1620,32Nvl_L2_NS,32NVL_NS,0.047,0.047
1620,NvcNvl_L1_EW,NVCNVL_EW,0.035,0.035
1620,NvcNvl_L2_EW,NVCNVL_EW,0.039,0.039
1620,32Mt_L1_EW,32MT_EW,0.028,-0.002
1620,NvcCmt8_L2_EW,NVCCMT8_EW,0.005,0.005
1620,304Nvl_L3_EW,NONE,0.057,0.0
1620,32Nvl_L3_EW,NONE,0.006,0.0
1620,32Nvl_L3_EW,NONE,0.038,0.0
1620,32Nvl_L1_NS,32NVL_NS,0.047,0.047
1620,NvcNvl_L3_EW,NONE,0.047,0.0
1620,32Mt_L2_EW,32MT_EW,0.022,-0.011
1620,NvcCmt8_L1_EW,NVCCMT8_EW,0.008,0.008
1625,304Nvl_L1_EW,304NVL_EW,0.085,0.085
1625,304Nvl_L2_EW,304NVL_EW,0.065,0.065
1625,32Nvl_L1_NS,32NVL_NS,0.007,0.007
1625,32Nvl_L1_EW,32NVL_EW,0.042,0.023
1625,32Nvl_L2_EW,32NVL_EW,0.046,0.031
1625,32Nvl_L1_EW,32NVL_EW,0.007,-0.013
1625,32Nvl_L2_EW,32NVL_EW,0.007,-0.008
1625,32Nvl_L3_NS,NONE,0.008,0.0
1625,32Nvl_L2_NS,32NVL_NS,0.008,0.008
1625,NvcNvl_L1_EW,NVCNVL_EW,0.035,0.035
1625,NvcNvl_L2_EW,NVCNVL_EW,0.039,0.039
1625,32Mt_L1_NS,32MT_NS,0.006,0.006
1625,32Mt_L1_EW,32MT_EW,0.028,-0.002
1625,NvcMt_L2_NS,NONE,0.005,0.0
1625,NvcCmt8_L2_EW,NVCCMT8_EW,0.005,0.005
1625,304Nvl_L3_EW,NONE,0.057,0.0
1625,32Nvl_L3_EW,NONE,0.006,0.0
1625,32Nvl_L3_EW,NONE,0.038,0.0
1625,32Nvl_L1_NS,32NVL_NS,0.007,0.007
1625,NvcNvl_L3_EW,NONE,0.047,0.0
1625,32Mt_L2_NS,32MT_NS,0.006,0.006
1625,32Mt_L2_EW,32MT_EW,0.022,-0.011
1625,NvcMt_L1_NS,NONE,0.005,0.0
1625,NvcCmt8_L1_EW,NVCCMT8_EW,0.008,0.008
1630,304Nvl_L1_EW,304NVL_EW,0.042,0.042
1630,304Nvl_L2_EW,304NVL_EW,0.029,0.029
1630,32Nvl_L1_EW,32NVL_EW,0.035,0.03
1630,32Nvl_L2_EW,32NVL_EW,0.039,0.035
1630,32Nvl_L1_EW,32NVL_EW,0.04,0.035
1630,32Nvl_L2_EW,32NVL_EW,0.007,0.004
1630,NvcNvl_L3_NS,NONE,0.007,0.0
1630,NvcNvl_L2_NS,NONE,0.007,0.0
1630,32Mt_L1_EW,32MT_EW,0.007,-0.018
1630,32Mt_L1_NS,NONE,0.01,0.0
1630,NvcMt_L2_NS,NONE,0.011,0.0
1630,NvcMt_L1_EW,NVCMT_EW,0.006,0.001
1630,NvcCmt8_L2_EW,NVCCMT8_EW,0.005,0.005
1630,304Nvl_L3_EW,NONE,0.025,0.0
1630,32Nvl_L3_EW,NONE,0.006,0.0
1630,32Nvl_L3_EW,NONE,0.031,0.0
1630,32Nvl_L1_NS,32NVL_NS,0.007,0.007
1630,NvcNvl_L1_NS,NONE,0.009,0.0
1630,32Mt_L2_EW,32MT_EW,0.005,-0.022
1630,NvcMt_L1_NS,NONE,0.011,0.0
1630,NvcMt_L2_EW,NVCMT_EW,0.008,0.004
1630,NvcCmt8_L1_EW,NVCCMT8_EW,0.008,0.003
1635,304Nvl_L1_EW,304NVL_EW,0.11,0.11
1635,304Nvl_L1_NS,NONE,0.015,0.0
1635,304Nvl_L3_NS,NONE,0.008,0.0
1635,32Nvl_L1_EW,32NVL_EW,0.035,0.03
1635,32Nvl_L2_EW,32NVL_EW,0.039,0.033
1635,32Nvl_L1_EW,32NVL_EW,0.007,0.001
1635,32Nvl_L2_EW,32NVL_EW,0.007,0.002
1635,32Mt_L1_NS,32MT_NS,0.013,0.013
1635,NvcMt_L1_EW,NVCMT_EW,0.006,0.006
1635,32Thn_L1_EW,32THN_EW,0.008,-0.017
1635,32Thn_L2_EW,32THN_EW,0.008,-0.019
1635,32Thn_L3_EW,NONE,0.008,0.0
1635,304Nvl_L2_NS,NONE,0.007,0.0
1635,32Nvl_L3_EW,NONE,0.006,0.0
1635,32Nvl_L3_EW,NONE,0.031,0.0
1635,32Nvl_L1_NS,32NVL_NS,0.007,0.007
1635,32Mt_L2_NS,32MT_NS,0.006,0.006
1635,NvcMt_L2_EW,NVCMT_EW,0.008,0.008
1635,NvcMt_L1_EW,NVCMT_EW,0.006,0.006
1640,304Nvl_L1_EW,304NVL_EW,0.008,0.008
1640,304Nvl_L1_NS,NONE,0.029,0.0
1640,304Nvl_L3_NS,NONE,0.008,0.0
1640,32Nvl_L1_EW,32NVL_EW,0.035,0.035
1640,32Nvl_L2_EW,32NVL_EW,0.039,0.039
1640,32Nvl_L1_EW,32NVL_EW,0.007,0.007
1640,32Nvl_L2_EW,32NVL_EW,0.007,0.007
1640,NvcNvl_L3_NS,NONE,0.02,0.0
1640,NvcNvl_L2_NS,NONE,0.02,0.0
1640,NvcNvl_L1_EW,NONE,0.011,0.0
1640,NvcNvl_L2_EW,NONE,0.008,0.0
1640,32Mt_L1_NS,32MT_NS,0.013,0.013
1640,32Mt_L1_EW,NONE,0.014,0.0
1640,32Mt_L3_EW,NONE,0.009,0.0
1640,32Thn_L1_EW,NONE,0.01,0.0
1640,304Nvl_L2_NS,NONE,0.007,0.0
1640,32Nvl_L3_EW,NONE,0.006,0.0
1640,32Nvl_L3_EW,NONE,0.031,0.0
1640,NvcNvl_L1_NS,NONE,0.026,0.0
1640,32Mt_L2_NS,32MT_NS,0.006,0.006
1640,32Mt_L2_EW,NONE,0.008,0.0
1640,NvcCmt8_L1_EW,NONE,0.006,0.0
1645,304Nvl_L1_EW,304NVL_EW,0.008,0.008
1645,304Nvl_L2_EW,304NVL_EW,0.007,0.007
1645,304Nvl_L1_NS,NONE,0.022,0.0
1645,304Nvl_L3_NS,NONE,0.008,0.0
1645,32Nvl_L1_EW,32NVL_EW,0.035,0.035
1645,32Nvl_L2_EW,32NVL_EW,0.039,0.039
1645,32Nvl_L1_EW,32NVL_EW,0.007,0.007
1645,32Nvl_L2_EW,32NVL_EW,0.007,0.007
1645,NvcNvl_L3_NS,NONE,0.007,0.0
1645,NvcNvl_L2_NS,NONE,0.007,0.0
1645,32Mt_L1_NS,32MT_NS,0.013,0.013
1645,32Mt_L1_EW,NONE,0.007,0.0
1645,NvcMt_L1_EW,NVCMT_EW,0.006,0.006
1645,304Nvl_L3_EW,NONE,0.006,0.0
1645,304Nvl_L2_NS,NONE,0.007,0.0
1645,32Nvl_L3_EW,NONE,0.006,0.0
1645,32Nvl_L3_EW,NONE,0.031,0.0
1645,NvcNvl_L1_NS,NONE,0.009,0.0
1645,32Mt_L2_NS,32MT_NS,0.006,0.006
1645,NvcMt_L2_EW,NVCMT_EW,0.008,0.008
1645,NvcCmt8_L1_EW,NONE,0.006,0.0
1650,304Nvl_L1_EW,304NVL_EW,0.008,0.008
1650,304Nvl_L1_NS,NONE,0.015,0.0
1650,304Nvl_L3_NS,NONE,0.008,0.0
1650,32Nvl_L1_EW,32NVL_EW,0.035,0.035
1650,32Nvl_L2_EW,32NVL_EW,0.039,0.039
1650,32Nvl_L1_EW,32NVL_EW,0.007,0.007
1650,32Nvl_L2_EW,32NVL_EW,0.007,0.007
1650,NvcNvl_L1_EW,NONE,0.011,0.0
1650,NvcNvl_L2_EW,NONE,0.008,0.0
1650,NvcNvl_L1_EW,NVCNVL_EW,0.007,0.007
1650,32Mt_L1_NS,32MT_NS,0.006,0.006
1650,32Mt_L1_EW,NONE,0.014,0.0
1650,32Mt_L3_EW,NONE,0.018,0.0
1650,32Mt_L1_NS,NONE,0.01,0.0
1650,NvcMt_L2_NS,NONE,0.005,0.0
1650,304Nvl_L2_NS,NONE,0.007,0.0
1650,32Nvl_L3_EW,NONE,0.006,0.0
1650,32Nvl_L3_EW,NONE,0.031,0.0
1650,32Mt_L2_NS,32MT_NS,0.006,0.006
1650,32Mt_L2_EW,NONE,0.015,0.0
1650,NvcMt_L1_NS,NONE,0.005,0.0
1655,304Nvl_L1_EW,304NVL_EW,0.008,0.008
1655,32Nvl_L1_EW,32NVL_EW,0.035,0.001
1655,32Nvl_L2_EW,32NVL_EW,0.039,0.012
1655,32Nvl_L1_EW,32NVL_EW,0.007,-0.027
1655,32Nvl_L2_EW,32NVL_EW,0.007,-0.019
1655,32Mt_L1_EW,NONE,0.007,0.0
1655,32Mt_L1_EW,32MT_EW,0.049,0.024
1655,32Mt_L1_NS,NONE,0.01,0.0
1655,32Thn_L1_EW,NONE,0.01,0.0
1655,32Thn_L2_EW,NONE,0.01,0.0
1655,32Thn_L3_EW,NONE,0.007,0.0
1655,32Nvl_L3_EW,NONE,0.006,0.0
1655,32Nvl_L3_EW,NONE,0.031,0.0
1655,32Mt_L2_EW,NONE,0.008,0.0
1655,32Mt_L2_EW,32MT_EW,0.038,0.011
1655,32Mt_L2_NS,NONE,0.009,0.0
1660,304Nvl_L1_EW,304NVL_EW,0.017,0.017
1660,304Nvl_L2_EW,304NVL_EW,0.007,0.007
1660,32Nvl_L1_EW,32NVL_EW,0.042,0.027
1660,32Nvl_L2_EW,32NVL_EW,0.046,0.039
1660,32Nvl_L1_EW,32NVL_EW,0.007,-0.009
1660,32Nvl_L2_EW,32NVL_EW,0.007,0.0
1660,32Nvl_L3_NS,NONE,0.05,0.0
1660,32Nvl_L2_NS,32NVL_NS,0.047,0.047
1660,NvcNvl_L1_EW,NVCNVL_EW,0.007,0.007
1660,NvcNvl_L2_EW,NVCNVL_EW,0.008,0.008
1660,32Mt_L1_NS,32MT_NS,0.006,0.006
1660,32Mt_L1_EW,NONE,0.007,0.0
1660,32Mt_L1_EW,32MT_EW,0.014,-0.016
1660,32Mt_L1_NS,NONE,0.01,0.0
1660,32Thn_L1_EW,32THN_EW,0.008,-0.022
1660,304Nvl_L3_EW,NONE,0.006,0.0
1660,32Nvl_L3_EW,NONE,0.006,0.0
1660,32Nvl_L3_EW,NONE,0.038,0.0
1660,32Nvl_L1_NS,32NVL_NS,0.04,0.04
1660,NvcNvl_L3_EW,NONE,0.009,0.0
1660,32Mt_L2_NS,32MT_NS,0.006,0.006
1660,32Mt_L2_EW,32MT_EW,0.011,-0.022
1665,304Nvl_L1_EW,304NVL_EW,0.008,0.008
1665,304Nvl_L2_EW,304NVL_EW,0.007,0.007
1665,32Nvl_L3_NS,NONE,0.007,0.0
1665,32Nvl_L1_NS,32NVL_NS,0.014,0.014
1665,32Nvl_L1_EW,32NVL_EW,0.035,0.03
1665,32Nvl_L2_EW,32NVL_EW,0.039,0.039
1665,32Nvl_L1_EW,32NVL_EW,0.007,0.002
1665,32Nvl_L2_EW,32NVL_EW,0.007,0.007
1665,NvcNvl_L3_NS,NONE,0.007,0.0
1665,NvcNvl_L2_NS,NONE,0.007,0.0
1665,NvcNvl_L1_EW,NVCNVL_EW,0.035,0.009
1665,NvcNvl_L2_EW,NVCNVL_EW,0.039,0.039
1665,32Mt_L1_NS,32MT_NS,0.006,0.006
1665,32Mt_L1_EW,NONE,0.014,0.0
1665,32Mt_L3_EW,NONE,0.009,0.0
1665,32Mt_L1_EW,32MT_EW,0.007,-0.018
1665,32Mt_L1_NS,NONE,0.02,0.0
1665,NvcMt_L1_EW,NVCMT_EW,0.038,0.013
1665,304Nvl_L3_EW,NONE,0.006,0.0
1665,32Nvl_L2_NS,32NVL_NS,0.013,0.013
1665,32Nvl_L3_EW,NONE,0.006,0.0
1665,32Nvl_L3_EW,NONE,0.031,0.0
1665,NvcNvl_L1_NS,NONE,0.009,0.0
1665,NvcNvl_L3_EW,NONE,0.047,0.0
1665,32Mt_L2_NS,32MT_NS,0.006,0.006
1665,32Mt_L2_EW,NONE,0.008,0.0
1665,32Mt_L2_NS,NONE,0.009,0.0
1665,NvcMt_L2_EW,NVCMT_EW,0.048,0.02
1670,304Nvl_L1_EW,304NVL_EW,0.008,0.008
1670,304Nvl_L2_EW,304NVL_EW,0.007,0.007
1670,32Nvl_L3_NS,NONE,0.041,0.0
1670,32Nvl_L1_NS,32NVL_NS,0.042,0.042
1670,32Nvl_L1_EW,32NVL_EW,0.042,0.038
1670,32Nvl_L2_EW,32NVL_EW,0.046,0.043
1670,32Nvl_L1_EW,32NVL_EW,0.007,0.002
1670,32Nvl_L2_EW,32NVL_EW,0.007,0.004
1670,32Mt_L1_NS,32MT_NS,0.013,0.013
1670,32Mt_L1_EW,NONE,0.014,0.0
1670,32Mt_L1_EW,32MT_EW,0.007,-0.023
1670,NvcMt_L1_EW,NVCMT_EW,0.006,0.006
1670,304Nvl_L3_EW,NONE,0.006,0.0
1670,32Nvl_L2_NS,32NVL_NS,0.04,0.04
1670,32Nvl_L3_EW,NONE,0.006,0.0
1670,32Nvl_L3_EW,NONE,0.038,0.0
1670,32Nvl_L1_NS,32NVL_NS,0.013,0.013
1670,32Mt_L2_NS,32MT_NS,0.013,0.013
1670,32Mt_L2_EW,32MT_EW,0.005,-0.027
1670,NvcMt_L2_EW,NVCMT_EW,0.008,0.008
1675,304Nvl_L1_EW,304NVL_EW,0.059,0.059
1675,304Nvl_L2_EW,304NVL_EW,0.044,0.044
1675,32Nvl_L3_NS,NONE,0.055,0.0
1675,32Nvl_L1_NS,32NVL_NS,0.062,0.062
1675,NvcNvl_L1_EW,NVCNVL_EW,0.007,0.007
1675,32Mt_L1_NS,32MT_NS,0.006,0.006
1675,32Mt_L1_EW,NONE,0.007,0.0
1675,32Mt_L1_EW,32MT_EW,0.014,0.014
1675,32Mt_L1_NS,NONE,0.049,0.0
1675,NvcMt_L2_NS,NONE,0.005,0.0
1675,NvcCmt8_L2_EW,NVCCMT8_EW,0.005,0.005
1675,304Nvl_L3_EW,NONE,0.038,0.0
1675,32Nvl_L2_NS,32NVL_NS,0.06,0.06
1675,32Nvl_L1_NS,32NVL_NS,0.007,0.007
1675,32Mt_L2_NS,32MT_NS,0.006,0.006
1675,32Mt_L2_EW,32MT_EW,0.005,0.005
1675,32Mt_L2_NS,NONE,0.043,0.0
1675,NvcMt_L1_NS,NONE,0.005,0.0
1675,NvcCmt8_L1_EW,NVCCMT8_EW,0.008,0.008
1680,304Nvl_L1_EW,304NVL_EW,0.008,0.008
1680,304Nvl_L1_NS,NONE,0.036,0.0
1680,32Nvl_L3_NS,NONE,0.041,0.0
1680,32Nvl_L1_NS,32NVL_NS,0.062,0.062
1680,32Nvl_L3_NS,NONE,0.042,0.0
1680,32Nvl_L2_NS,32NVL_NS,0.039,0.039
1680,NvcNvl_L3_NS,NONE,0.007,0.0
1680,NvcNvl_L2_NS,NONE,0.007,0.0
1680,NvcNvl_L1_EW,NONE,0.011,0.0
1680,NvcNvl_L2_EW,NONE,0.008,0.0
1680,32Mt_L1_NS,32MT_NS,0.006,0.006
1680,32Mt_L1_EW,32MT_EW,0.007,0.007
1680,32Mt_L1_NS,NONE,0.078,0.0
1680,32Nvl_L2_NS,32NVL_NS,0.053,0.053
1680,32Nvl_L1_NS,32NVL_NS,0.067,0.067
1680,NvcNvl_L1_NS,NONE,0.009,0.0
1680,NvcNvl_L3_EW,NONE,0.006,0.0
1680,32Mt_L2_NS,32MT_NS,0.006,0.006
1680,32Mt_L2_NS,NONE,0.069,0.0
1685,304Nvl_L1_EW,304NVL_EW,0.008,0.008
1685,32Nvl_L3_NS,NONE,0.041,0.0
1685,32Nvl_L1_NS,32NVL_NS,0.062,0.062
1685,32Nvl_L3_NS,NONE,0.05,0.0
1685,32Nvl_L2_NS,32NVL_NS,0.087,0.087
1685,NvcNvl_L3_NS,NONE,0.007,0.0
1685,NvcNvl_L2_NS,NONE,0.007,0.0
1685,32Mt_L1_NS,32MT_NS,0.006,0.006
1685,32Mt_L1_EW,NONE,0.05,0.0
1685,32Mt_L1_NS,NONE,0.01,0.0
1685,32Thn_L1_EW,NONE,0.049,0.0
1685,32Thn_L2_EW,NONE,0.051,0.0
1685,32Thn_L3_EW,NONE,0.035,0.0
1685,32Nvl_L2_NS,32NVL_NS,0.053,0.053
1685,32Nvl_L1_NS,32NVL_NS,0.114,0.114
1685,NvcNvl_L1_NS,NONE,0.009,0.0
1685,32Mt_L2_NS,32MT_NS,0.006,0.006
1685,32Mt_L2_NS,NONE,0.009,0.0
1690,304Nvl_L1_EW,304NVL_EW,0.008,0.008
1690,32Nvl_L3_NS,NONE,0.007,0.0
1690,32Nvl_L1_NS,32NVL_NS,0.014,0.014
1690,32Nvl_L1_EW,32NVL_EW,0.04,-0.012
1690,32Nvl_L2_EW,32NVL_EW,0.007,-0.012
1690,32Nvl_L3_NS,NONE,0.05,0.0
1690,32Nvl_L2_NS,32NVL_NS,0.047,0.047
1690,32Mt_L1_NS,32MT_NS,0.044,0.044
1690,32Mt_L1_EW,NONE,0.043,0.0
1690,32Mt_L3_EW,NONE,0.009,0.0
1690,32Mt_L1_EW,32MT_EW,0.035,0.035
1690,32Mt_L1_NS,NONE,0.01,0.0
1690,32Thn_L1_EW,32THN_EW,0.04,0.04
1690,32Nvl_L2_NS,32NVL_NS,0.013,0.013
1690,32Nvl_L3_EW,NONE,0.006,0.0
1690,32Nvl_L1_NS,32NVL_NS,0.081,0.081
1690,32Mt_L2_NS,32MT_NS,0.032,0.032
1690,32Mt_L2_EW,NONE,0.008,0.0
1690,32Mt_L2_EW,32MT_EW,0.027,0.027
1695,304Nvl_L1_EW,304NVL_EW,0.017,0.017
1695,304Nvl_L2_EW,304NVL_EW,0.015,0.015
1695,32Nvl_L1_EW,32NVL_EW,0.007,-0.023
1695,32Nvl_L2_EW,32NVL_EW,0.007,-0.012
1695,32Nvl_L3_NS,NONE,0.017,0.0
1695,32Nvl_L2_NS,32NVL_NS,0.016,0.016
1695,NvcNvl_L1_EW,NONE,0.011,0.0
1695,NvcNvl_L2_EW,NONE,0.008,0.0
1695,32Mt_L1_EW,32MT_EW,0.042,0.042
1695,NvcMt_L2_NS,NONE,0.005,0.0
1695,304Nvl_L3_EW,NONE,0.013,0.0
1695,32Nvl_L3_EW,NONE,0.006,0.0
1695,32Nvl_L1_NS,32NVL_NS,0.013,0.013
1695,32Mt_L2_EW,32MT_EW,0.027,0.027
1695,NvcMt_L1_NS,NONE,0.005,0.0
1700,32Nvl_L1_EW,32NVL_EW,0.007,-0.023
1700,32Nvl_L2_EW,32NVL_EW,0.007,-0.015
1700,NvcNvl_L3_NS,NONE,0.007,0.0
1700,NvcNvl_L2_NS,NONE,0.007,0.0
1700,32Mt_L1_EW,32MT_EW,0.042,0.042
1700,32Mt_L1_NS,NONE,0.01,0.0
1700,32Nvl_L3_EW,NONE,0.006,0.0
1700,NvcNvl_L1_NS,NONE,0.009,0.0
1700,32Mt_L2_EW,32MT_EW,0.033,0.033
1705,304Nvl_L1_EW,304NVL_EW,0.017,0.017
1705,304Nvl_L2_EW,304NVL_EW,0.007,0.007
1705,32Nvl_L3_NS,NONE,0.034,0.0
1705,32Nvl_L1_NS,32NVL_NS,0.035,0.035
1705,32Nvl_L1_EW,32NVL_EW,0.007,-0.023
1705,32Nvl_L2_EW,32NVL_EW,0.007,-0.015
1705,NvcNvl_L3_NS,NONE,0.007,0.0
1705,NvcNvl_L2_NS,NONE,0.007,0.0
1705,NvcNvl_L1_EW,NONE,0.011,0.0
1705,NvcNvl_L2_EW,NONE,0.008,0.0
1705,32Mt_L1_EW,NONE,0.036,0.0
1705,32Mt_L1_EW,32MT_EW,0.042,0.042
1705,304Nvl_L3_EW,NONE,0.006,0.0
1705,32Nvl_L2_NS,32NVL_NS,0.033,0.033
1705,32Nvl_L3_EW,NONE,0.006,0.0
1705,32Nvl_L1_NS,32NVL_NS,0.04,0.04
1705,NvcNvl_L1_NS,NONE,0.009,0.0
1705,NvcNvl_L3_EW,NONE,0.006,0.0
1705,32Mt_L2_EW,32MT_EW,0.033,0.033
1710,304Nvl_L1_EW,304NVL_EW,0.059,0.059
1710,304Nvl_L2_EW,304NVL_EW,0.044,0.044
1710,32Nvl_L1_NS,32NVL_NS,0.007,0.007
1710,32Nvl_L1_EW,32NVL_EW,0.007,-0.018
1710,32Nvl_L2_EW,32NVL_EW,0.007,-0.012
1710,32Nvl_L3_NS,NONE,0.008,0.0
1710,32Nvl_L2_NS,32NVL_NS,0.008,0.008
1710,NvcNvl_L1_EW,NVCNVL_EW,0.014,0.014
1710,NvcNvl_L2_EW,NVCNVL_EW,0.008,0.008
1710,32Mt_L1_EW,NONE,0.007,0.0
1710,32Mt_L3_EW,NONE,0.009,0.0
1710,32Mt_L1_EW,32MT_EW,0.035,0.035
1710,304Nvl_L3_EW,NONE,0.038,0.0
1710,32Nvl_L3_EW,NONE,0.006,0.0
1710,32Nvl_L1_NS,32NVL_NS,0.013,0.013
1710,NvcNvl_L3_EW,NONE,0.009,0.0
1710,32Mt_L2_EW,NONE,0.008,0.0
1710,32Mt_L2_EW,32MT_EW,0.027,0.027
1715,304Nvl_L1_NS,NONE,0.015,0.0
1715,304Nvl_L3_NS,NONE,0.008,0.0
1715,32Nvl_L1_EW,32NVL_EW,0.007,-0.017
1715,32Nvl_L2_EW,32NVL_EW,0.008,-0.011
1715,32Nvl_L1_EW,32NVL_EW,0.007,-0.018
1715,32Nvl_L2_EW,32NVL_EW,0.007,-0.012
1715,NvcNvl_L3_NS,NONE,0.007,0.0
1715,NvcNvl_L2_NS,NONE,0.007,0.0
1715,NvcNvl_L1_EW,NVCNVL_EW,0.007,0.007
1715,32Mt_L1_EW,NONE,0.014,0.0
1715,32Mt_L3_EW,NONE,0.018,0.0
1715,32Mt_L1_EW,32MT_EW,0.035,0.03
1715,304Nvl_L2_NS,NONE,0.007,0.0
1715,32Nvl_L3_EW,NONE,0.006,0.0
1715,32Nvl_L3_EW,NONE,0.006,0.0
1715,32Nvl_L1_NS,32NVL_NS,0.034,0.034
1715,NvcNvl_L1_NS,NONE,0.009,0.0
1715,32Mt_L2_EW,NONE,0.015,0.0
1715,32Mt_L2_EW,32MT_EW,0.027,0.022
1720,304Nvl_L1_EW,304NVL_EW,0.008,0.008
1720,304Nvl_L2_EW,304NVL_EW,0.007,0.007
1720,304Nvl_L1_NS,NONE,0.044,0.0
1720,32Nvl_L1_EW,32NVL_EW,0.007,-0.022
1720,32Nvl_L2_EW,32NVL_EW,0.008,-0.011
1720,32Nvl_L1_EW,32NVL_EW,0.007,-0.023
1720,32Nvl_L2_EW,32NVL_EW,0.007,-0.012
1720,NvcNvl_L3_NS,NONE,0.007,0.0
1720,NvcNvl_L2_NS,NONE,0.007,0.0
1720,NvcNvl_L1_EW,NONE,0.011,0.0
1720,NvcNvl_L2_EW,NONE,0.008,0.0
1720,32Mt_L1_NS,32MT_NS,0.006,0.006
1720,32Mt_L1_EW,NONE,0.014,0.0
1720,32Mt_L3_EW,NONE,0.018,0.0
1720,32Mt_L1_EW,32MT_EW,0.042,0.037
1720,NvcMt_L1_EW,NVCMT_EW,0.013,0.013
1720,304Nvl_L3_EW,NONE,0.006,0.0
1720,32Nvl_L3_EW,NONE,0.006,0.0
1720,32Nvl_L3_EW,NONE,0.006,0.0
1720,NvcNvl_L1_NS,NONE,0.009,0.0
1720,32Mt_L2_EW,NONE,0.015,0.0
1720,32Mt_L2_EW,32MT_EW,0.027,0.022
1720,NvcMt_L2_EW,NVCMT_EW,0.016,0.016
1725,304Nvl_L1_EW,304NVL_EW,0.008,0.008
1725,32Nvl_L1_EW,32NVL_EW,0.007,-0.027
1725,32Nvl_L2_EW,32NVL_EW,0.008,-0.015
1725,32Nvl_L1_EW,32NVL_EW,0.007,-0.027
1725,32Nvl_L2_EW,32NVL_EW,0.007,-0.015
1725,NvcNvl_L3_NS,NONE,0.014,0.0
1725,NvcNvl_L2_NS,NONE,0.013,0.0
1725,NvcNvl_L1_EW,NVCNVL_EW,0.007,-0.002
1725,32Mt_L1_NS,32MT_NS,0.006,0.006
1725,32Mt_L1_EW,32MT_EW,0.049,0.044
1725,32Mt_L1_NS,NONE,0.02,0.0
1725,NvcMt_L1_EW,NVCMT_EW,0.013,0.008
1725,32Nvl_L3_EW,NONE,0.006,0.0
1725,32Nvl_L3_EW,NONE,0.006,0.0
1725,NvcNvl_L1_NS,NONE,0.017,0.0
1725,32Mt_L2_NS,32MT_NS,0.006,0.006
1725,32Mt_L2_EW,32MT_EW,0.033,0.027
1725,32Mt_L2_NS,NONE,0.017,0.0
1725,NvcMt_L2_EW,NVCMT_EW,0.016,0.016
1730,304Nvl_L1_EW,304NVL_EW,0.008,0.008
1730,32Nvl_L1_EW,32NVL_EW,0.007,-0.032
1730,32Nvl_L2_EW,32NVL_EW,0.008,-0.023
1730,32Nvl_L1_EW,32NVL_EW,0.007,-0.032
1730,32Nvl_L2_EW,32NVL_EW,0.007,-0.023
1730,32Nvl_L3_NS,NONE,0.017,0.0
1730,32Nvl_L2_NS,32NVL_NS,0.016,0.016
1730,32Mt_L1_NS,32MT_NS,0.006,0.006
1730,32Mt_L1_EW,32MT_EW,0.056,0.051
1730,32Mt_L1_NS,NONE,0.01,0.0
1730,NvcMt_L1_EW,NVCMT_EW,0.013,0.013
1730,32Nvl_L3_EW,NONE,0.006,0.0
1730,32Nvl_L3_EW,NONE,0.006,0.0
1730,32Nvl_L1_NS,32NVL_NS,0.013,0.013
1730,32Mt_L2_EW,32MT_EW,0.044,0.038
1730,NvcMt_L2_EW,NVCMT_EW,0.016,0.016
1735,304Nvl_L1_EW,304NVL_EW,0.008,0.008
1735,304Nvl_L2_EW,304NVL_EW,0.007,0.007
1735,32Nvl_L1_EW,32NVL_EW,0.007,-0.037
1735,32Nvl_L2_EW,32NVL_EW,0.008,-0.019
1735,32Nvl_L1_EW,32NVL_EW,0.007,-0.037
1735,32Nvl_L2_EW,32NVL_EW,0.007,-0.019
1735,32Nvl_L3_NS,NONE,0.017,0.0
1735,32Nvl_L2_NS,32NVL_NS,0.016,0.016
1735,NvcNvl_L3_NS,NONE,0.007,0.0
1735,NvcNvl_L2_NS,NONE,0.007,0.0
1735,NvcNvl_L1_EW,NONE,0.011,0.0
1735,NvcNvl_L2_EW,NONE,0.008,0.0
1735,32Mt_L1_EW,NONE,0.007,0.0
1735,32Mt_L1_EW,32MT_EW,0.063,0.058
1735,304Nvl_L3_EW,NONE,0.006,0.0
1735,32Nvl_L3_EW,NONE,0.006,0.0
1735,32Nvl_L3_EW,NONE,0.006,0.0
1735,32Nvl_L1_NS,32NVL_NS,0.013,0.013
1735,NvcNvl_L1_NS,NONE,0.009,0.0
1735,32Mt_L2_EW,32MT_EW,0.038,0.033
1740,304Nvl_L1_EW,304NVL_EW,0.008,0.008
1740,304Nvl_L2_EW,304NVL_EW,0.007,0.007
1740,304Nvl_L1_NS,NONE,0.007,0.0
1740,304Nvl_L3_NS,NONE,0.008,0.0
1740,32Nvl_L1_NS,32NVL_NS,0.007,0.007
1740,32Nvl_L1_EW,32NVL_EW,0.007,-0.032
1740,32Nvl_L2_EW,32NVL_EW,0.008,-0.019
1740,32Nvl_L1_EW,32NVL_EW,0.007,-0.032
1740,32Nvl_L2_EW,32NVL_EW,0.007,-0.019
1740,32Mt_L1_EW,NONE,0.043,0.0
1740,32Mt_L3_EW,NONE,0.044,0.0
1740,32Mt_L1_EW,32MT_EW,0.056,0.051
1740,NvcMt_L2_NS,NONE,0.026,0.0
1740,304Nvl_L3_EW,NONE,0.006,0.0
1740,304Nvl_L2_NS,NONE,0.007,0.0
1740,32Nvl_L3_EW,NONE,0.006,0.0
1740,32Nvl_L3_EW,NONE,0.006,0.0
1740,32Mt_L2_EW,NONE,0.045,0.0
1740,32Mt_L2_EW,32MT_EW,0.038,0.033
1740,NvcMt_L1_NS,NONE,0.027,0.0
1745,304Nvl_L1_EW,304NVL_EW,0.051,0.051
1745,304Nvl_L2_EW,304NVL_EW,0.044,0.044
1745,304Nvl_L1_NS,NONE,0.007,0.0
1745,32Nvl_L3_NS,NONE,0.041,0.0
1745,32Nvl_L1_NS,32NVL_NS,0.062,0.062
1745,32Mt_L1_EW,NONE,0.036,0.0
1745,32Mt_L1_EW,32MT_EW,0.021,0.021
1745,NvcMt_L2_NS,NONE,0.005,0.0
1745,304Nvl_L3_EW,NONE,0.038,0.0
1745,32Nvl_L2_NS,32NVL_NS,0.047,0.047
1745,32Mt_L2_EW,NONE,0.038,0.0
1745,32Mt_L2_EW,32MT_EW,0.011,0.011
1745,NvcMt_L1_NS,NONE,0.005,0.0
1750,304Nvl_L1_EW,304NVL_EW,0.008,0.008
1750,32Nvl_L3_NS,NONE,0.041,0.0
1750,32Nvl_L1_NS,32NVL_NS,0.055,0.055
1750,32Mt_L1_EW,NONE,0.072,0.0
1750,32Mt_L3_EW,NONE,0.044,0.0
1750,NvcMt_L2_NS,NONE,0.005,0.0
1750,32Thn_L1_EW,NONE,0.049,0.0
1750,32Thn_L2_EW,NONE,0.051,0.0
1750,32Thn_L3_EW,NONE,0.035,0.0
1750,32Nvl_L2_NS,32NVL_NS,0.047,0.047
1750,32Nvl_L1_NS,32NVL_NS,0.007,0.007
1750,32Mt_L2_EW,NONE,0.038,0.0
1750,NvcMt_L1_NS,NONE,0.005,0.0
1750,NvcMt_L1_EW,NVCMT_EW,0.006,0.006
1755,304Nvl_L1_EW,304NVL_EW,0.008,0.008
1755,304Nvl_L1_NS,NONE,0.044,0.0
1755,32Nvl_L3_NS,NONE,0.007,0.0
1755,32Nvl_L1_NS,32NVL_NS,0.014,0.014
1755,32Nvl_L3_NS,NONE,0.008,0.0
1755,32Nvl_L2_NS,32NVL_NS,0.008,0.008
1755,NvcNvl_L3_NS,NONE,0.007,0.0
1755,NvcNvl_L2_NS,NONE,0.007,0.0
1755,NvcNvl_L1_EW,NVCNVL_EW,0.007,0.007
1755,NvcNvl_L2_EW,NVCNVL_EW,0.008,0.006
1755,32Mt_L1_EW,NONE,0.014,0.0
1755,32Mt_L3_EW,NONE,0.018,0.0
1755,32Mt_L1_NS,NONE,0.01,0.0
1755,NvcMt_L2_EW,NVCMT_EW,0.003,-0.003
1755,32Thn_L1_EW,32THN_EW,0.04,0.04
1755,32Nvl_L2_NS,32NVL_NS,0.013,0.013
1755,32Nvl_L1_NS,32NVL_NS,0.013,0.013
1755,NvcNvl_L1_NS,NONE,0.009,0.0
1755,NvcNvl_L3_EW,NONE,0.009,0.0
1755,32Mt_L2_EW,NONE,0.015,0.0
1755,32Mt_L2_NS,NONE,0.009,0.0
1755,NvcMt_L1_EW,NVCMT_EW,0.006,0.001
1760,304Nvl_L1_EW,304NVL_EW,0.051,0.051
1760,304Nvl_L2_EW,304NVL_EW,0.044,0.044
1760,32Nvl_L3_NS,NONE,0.007,0.0
1760,32Nvl_L1_NS,32NVL_NS,0.014,0.014
1760,32Nvl_L3_NS,NONE,0.008,0.0
1760,32Nvl_L2_NS,32NVL_NS,0.008,0.008
1760,32Mt_L1_NS,32MT_NS,0.006,0.006
1760,32Mt_L1_EW,NONE,0.043,0.0
1760,32Mt_L1_EW,32MT_EW,0.035,0.035
1760,32Mt_L1_NS,NONE,0.01,0.0
1760,NvcMt_L2_NS,NONE,0.005,0.0
1760,304Nvl_L3_EW,NONE,0.006,0.0
1760,32Nvl_L2_NS,32NVL_NS,0.013,0.013
1760,32Nvl_L1_NS,32NVL_NS,0.013,0.013
1760,32Mt_L2_NS,NONE,0.009,0.0
1760,NvcMt_L1_NS,NONE,0.005,0.0
1765,304Nvl_L1_EW,304NVL_EW,0.059,0.059
1765,304Nvl_L2_EW,304NVL_EW,0.051,0.051
1765,304Nvl_L1_NS,NONE,0.007,0.0
1765,32Nvl_L3_NS,NONE,0.007,0.0
1765,32Nvl_L1_NS,32NVL_NS,0.014,0.009
1765,32Nvl_L3_NS,NONE,0.008,0.0
1765,32Nvl_L2_NS,32NVL_NS,0.008,0.008
1765,NvcNvl_L1_NS,NVCNVL_NS,0.007,-0.003
1765,32Mt_L1_NS,32MT_NS,0.006,0.006
1765,32Mt_L1_EW,NONE,0.036,0.0
1765,32Mt_L1_EW,32MT_EW,0.007,0.007
1765,NvcMt_L2_NS,NONE,0.005,0.0
1765,304Nvl_L3_EW,NONE,0.044,0.0
1765,32Nvl_L2_NS,32NVL_NS,0.013,0.013
1765,32Nvl_L1_NS,32NVL_NS,0.04,0.036
1765,32Mt_L2_EW,32MT_EW,0.005,0.005
1765,NvcMt_L1_NS,NONE,0.005,0.0
1770,304Nvl_L1_EW,304NVL_EW,0.017,0.017
1770,304Nvl_L2_EW,304NVL_EW,0.015,0.015
1770,304Nvl_L1_NS,NONE,0.022,0.0
1770,304Nvl_L3_NS,NONE,0.016,0.0
1770,32Nvl_L3_NS,NONE,0.014,0.0
1770,32Nvl_L1_NS,32NVL_NS,0.021,0.016
1770,32Nvl_L3_NS,NONE,0.017,0.0
1770,32Nvl_L2_NS,32NVL_NS,0.016,0.016
1770,NvcNvl_L1_EW,NVCNVL_EW,0.035,0.035
1770,NvcNvl_L2_EW,NVCNVL_EW,0.039,0.037
1770,NvcNvl_L1_NS,NVCNVL_NS,0.007,-0.008
1770,32Mt_L1_NS,32MT_NS,0.006,0.006
1770,32Mt_L1_EW,32MT_EW,0.007,0.007
1770,NvcMt_L2_EW,NVCMT_EW,0.003,-0.025
1770,304Nvl_L3_EW,NONE,0.006,0.0
1770,304Nvl_L2_NS,NONE,0.015,0.0
1770,32Nvl_L2_NS,32NVL_NS,0.02,0.02
1770,32Nvl_L1_NS,32NVL_NS,0.047,0.042
1770,NvcNvl_L3_EW,NONE,0.047,0.0
1770,32Mt_L2_EW,32MT_EW,0.005,0.005
1770,NvcMt_L1_EW,NVCMT_EW,0.011,-0.014
1775,304Nvl_L1_NS,NONE,0.036,0.0
1775,32Nvl_L3_NS,NONE,0.007,0.0
1775,32Nvl_L1_NS,32NVL_NS,0.021,0.021
1775,32Nvl_L3_NS,NONE,0.017,0.0
1775,32Nvl_L2_NS,32NVL_NS,0.016,0.016
1775,NvcNvl_L1_EW,NONE,0.011,0.0
1775,NvcNvl_L2_EW,NONE,0.008,0.0
1775,32Mt_L1_EW,32MT_EW,0.007,0.007
1775,32Nvl_L2_NS,32NVL_NS,0.02,0.02
1775,32Nvl_L1_NS,32NVL_NS,0.047,0.047
1775,NvcNvl_L3_EW,NONE,0.006,0.0
1775,32Mt_L2_EW,32MT_EW,0.005,0.005
1780,304Nvl_L1_EW,304NVL_EW,0.025,0.025
1780,304Nvl_L2_EW,304NVL_EW,0.007,0.007
1780,304Nvl_L1_NS,NONE,0.058,0.0
1780,304Nvl_L3_NS,NONE,0.008,0.0
1780,32Nvl_L3_NS,NONE,0.02,0.0
1780,32Nvl_L1_NS,32NVL_NS,0.028,0.028
1780,32Nvl_L1_EW,32NVL_EW,0.021,0.021
1780,32Nvl_L2_EW,32NVL_EW,0.023,0.023
1780,32Nvl_L3_NS,NONE,0.017,0.0
1780,32Nvl_L2_NS,32NVL_NS,0.016,0.016
1780,NvcNvl_L1_EW,NONE,0.053,0.0
1780,NvcNvl_L2_EW,NONE,0.038,0.0
1780,NvcNvl_L1_EW,NVCNVL_EW,0.035,0.035
1780,NvcNvl_L2_EW,NVCNVL_EW,0.039,0.039
1780,32Mt_L1_NS,NONE,0.01,0.0
1780,304Nvl_L3_EW,NONE,0.006,0.0
1780,304Nvl_L2_NS,NONE,0.007,0.0
1780,32Nvl_L2_NS,32NVL_NS,0.027,0.027
1780,32Nvl_L3_EW,NONE,0.019,0.0
1780,32Nvl_L1_NS,32NVL_NS,0.013,0.013
1780,NvcNvl_L3_EW,NONE,0.047,0.0
1780,32Mt_L2_NS,NONE,0.009,0.0
1785,304Nvl_L1_EW,304NVL_EW,0.017,0.017
1785,304Nvl_L2_EW,304NVL_EW,0.015,0.015
1785,32Nvl_L3_NS,NONE,0.048,0.0
1785,32Nvl_L1_NS,32NVL_NS,0.062,0.062
1785,32Nvl_L1_EW,32NVL_EW,0.007,0.002
1785,32Nvl_L2_EW,32NVL_EW,0.008,0.008
1785,32Nvl_L3_NS,NONE,0.025,0.0
1785,32Nvl_L2_NS,32NVL_NS,0.024,0.024
1785,32Mt_L1_NS,32MT_NS,0.006,0.006
1785,32Mt_L1_EW,32MT_EW,0.007,0.002
1785,32Mt_L1_NS,NONE,0.01,0.0
1785,304Nvl_L3_EW,NONE,0.013,0.0
1785,32Nvl_L2_NS,32NVL_NS,0.06,0.06
1785,32Nvl_L3_EW,NONE,0.006,0.0
1785,32Nvl_L1_NS,32NVL_NS,0.02,0.02
1785,32Mt_L2_NS,32MT_NS,0.006,0.006
1790,304Nvl_L1_EW,304NVL_EW,0.008,0.008
1790,304Nvl_L1_NS,NONE,0.007,0.0
1790,32Nvl_L3_NS,NONE,0.041,0.0
1790,32Nvl_L1_NS,32NVL_NS,0.062,0.062
1790,32Nvl_L1_EW,32NVL_EW,0.007,0.007
1790,32Nvl_L3_NS,NONE,0.033,0.0
1790,32Nvl_L2_NS,32NVL_NS,0.032,0.032
1790,NvcNvl_L1_EW,NVCNVL_EW,0.007,0.007
1790,NvcNvl_L2_EW,NVCNVL_EW,0.008,0.008
1790,32Mt_L1_NS,32MT_NS,0.006,0.006
1790,32Nvl_L2_NS,32NVL_NS,0.06,0.06
1790,32Nvl_L1_NS,32NVL_NS,0.034,0.034
1790,NvcNvl_L3_EW,NONE,0.009,0.0
1790,32Mt_L2_NS,32MT_NS,0.006,0.006
1795,304Nvl_L1_NS,NONE,0.007,0.0
1795,32Nvl_L3_NS,NONE,0.048,0.0
1795,32Nvl_L1_NS,32NVL_NS,0.062,0.062
1795,32Nvl_L3_NS,NONE,0.033,0.0
1795,32Nvl_L2_NS,32NVL_NS,0.032,0.032
1795,NvcNvl_L1_EW,NVCNVL_EW,0.007,0.007
1795,NvcNvl_L2_EW,NVCNVL_EW,0.008,0.008
1795,32Mt_L1_NS,32MT_NS,0.006,0.006
1795,32Mt_L1_EW,NONE,0.007,0.0
1795,32Mt_L3_EW,NONE,0.009,0.0
1795,32Nvl_L2_NS,32NVL_NS,0.06,0.06
1795,32Nvl_L1_NS,32NVL_NS,0.034,0.034
1795,NvcNvl_L3_EW,NONE,0.009,0.0
1795,32Mt_L2_NS,32MT_NS,0.006,0.006
1795,32Mt_L2_EW,NONE,0.008,0.0
1800,304Nvl_L1_EW,304NVL_EW,0.008,0.008
1800,32Nvl_L1_EW,32NVL_EW,0.042,0.042
1800,32Nvl_L2_EW,32NVL_EW,0.046,0.046
1800,NvcNvl_L3_NS,NONE,0.007,0.0
1800,NvcNvl_L2_NS,NONE,0.013,0.0
1800,NvcNvl_L1_EW,NVCNVL_EW,0.007,0.003
1800,NvcNvl_L2_EW,NVCNVL_EW,0.008,0.008
1800,32Mt_L1_NS,32MT_NS,0.006,0.006
1800,NvcMt_L1_EW,NVCMT_EW,0.006,0.001
1800,32Nvl_L3_EW,NONE,0.038,0.0
1800,NvcNvl_L1_NS,NONE,0.017,0.0
1800,NvcNvl_L3_EW,NONE,0.009,0.0
1800,32Mt_L2_NS,32MT_NS,0.006,0.006
1800,NvcMt_L2_EW,NVCMT_EW,0.008,0.002
1805,304Nvl_L1_EW,304NVL_EW,0.008,0.008
1805,32Nvl_L1_NS,32NVL_NS,0.007,0.007
1805,32Nvl_L1_EW,32NVL_EW,0.057,0.024
1805,32Nvl_L2_EW,32NVL_EW,0.062,0.033
1805,NvcNvl_L1_EW,NONE,0.011,0.0
1805,NvcNvl_L2_EW,NONE,0.008,0.0
1805,NvcNvl_L1_EW,NVCNVL_EW,0.007,0.003
1805,NvcNvl_L2_EW,NVCNVL_EW,0.008,0.008
1805,32Mt_L1_EW,32MT_EW,0.007,-0.033
1805,NvcMt_L1_EW,NVCMT_EW,0.006,0.001
1805,32Thn_L1_EW,32THN_EW,0.04,0.0
1805,32Thn_L2_EW,32THN_EW,0.042,-0.002
1805,32Thn_L3_EW,NONE,0.041,0.0
1805,32Nvl_L3_EW,NONE,0.05,0.0
1805,32Nvl_L1_NS,32NVL_NS,0.02,0.02
1805,NvcNvl_L3_EW,NONE,0.006,0.0
1805,NvcNvl_L3_EW,NONE,0.009,0.0
1805,NvcMt_L2_EW,NVCMT_EW,0.008,0.002
1810,32Nvl_L3_NS,NONE,0.034,0.0
1810,32Nvl_L1_NS,32NVL_NS,0.035,0.035
1810,32Nvl_L1_EW,32NVL_EW,0.028,-0.005
1810,32Nvl_L2_EW,32NVL_EW,0.031,0.002
1810,NvcNvl_L1_EW,NONE,0.032,0.0
1810,NvcNvl_L2_EW,NONE,0.023,0.0
1810,NvcNvl_L1_EW,NVCNVL_EW,0.014,0.01
1810,NvcNvl_L2_EW,NVCNVL_EW,0.008,0.008
1810,32Mt_L1_EW,NONE,0.007,0.0
1810,32Mt_L3_EW,NONE,0.009,0.0
1810,32Mt_L1_EW,32MT_EW,0.007,-0.013
1810,32Mt_L1_NS,NONE,0.049,0.0
1810,NvcMt_L1_EW,NVCMT_EW,0.006,-0.004
1810,32Thn_L1_EW,32THN_EW,0.04,0.02
1810,32Thn_L2_EW,32THN_EW,0.042,0.02
1810,32Thn_L3_EW,NONE,0.041,0.0
1810,32Nvl_L2_NS,32NVL_NS,0.033,0.033
1810,32Nvl_L3_EW,NONE,0.025,0.0
1810,32Nvl_L1_NS,32NVL_NS,0.013,0.013
1810,NvcNvl_L3_EW,NONE,0.013,0.0
1810,NvcNvl_L3_EW,NONE,0.009,0.0
1810,32Mt_L2_EW,NONE,0.008,0.0
1810,32Mt_L2_NS,NONE,0.043,0.0
1810,NvcMt_L2_EW,NVCMT_EW,0.008,0.002
1815,304Nvl_L1_EW,304NVL_EW,0.008,0.008
1815,304Nvl_L2_EW,304NVL_EW,0.007,0.007
1815,32Nvl_L3_NS,NONE,0.014,0.0
1815,32Nvl_L1_NS,32NVL_NS,0.048,0.048
1815,32Nvl_L1_EW,32NVL_EW,0.014,-0.024
1815,32Nvl_L2_EW,32NVL_EW,0.015,-0.018
1815,NvcNvl_L1_EW,NVCNVL_EW,0.014,0.014
1815,NvcNvl_L2_EW,NVCNVL_EW,0.008,0.008
1815,32Mt_L1_EW,32MT_EW,0.014,0.004
1815,32Thn_L1_EW,32THN_EW,0.04,0.03
1815,32Thn_L2_EW,32THN_EW,0.042,0.031
1815,32Thn_L3_EW,NONE,0.041,0.0
1815,32Nvl_L2_NS,32NVL_NS,0.047,0.047
1815,32Nvl_L3_EW,NONE,0.013,0.0
1815,32Nvl_L1_NS,32NVL_NS,0.013,0.013
1815,NvcNvl_L3_EW,NONE,0.009,0.0
1815,32Mt_L2_EW,32MT_EW,0.005,-0.005
1820,304Nvl_L1_EW,304NVL_EW,0.017,0.017
1820,304Nvl_L2_EW,304NVL_EW,0.015,0.015
1820,32Nvl_L3_NS,NONE,0.007,0.0
1820,32Nvl_L1_NS,32NVL_NS,0.014,0.014
1820,32Nvl_L1_EW,32NVL_EW,0.007,-0.008
1820,32Nvl_L2_EW,32NVL_EW,0.008,0.004
1820,NvcNvl_L1_EW,NONE,0.011,0.0
1820,NvcNvl_L2_EW,NONE,0.008,0.0
1820,NvcNvl_L1_EW,NVCNVL_EW,0.007,0.007
1820,NvcNvl_L2_EW,NVCNVL_EW,0.008,0.008
1820,32Mt_L1_EW,NONE,0.043,0.0
1820,32Mt_L3_EW,NONE,0.009,0.0
1820,32Mt_L1_EW,32MT_EW,0.021,0.016
1820,32Thn_L1_EW,NONE,0.049,0.0
1820,304Nvl_L3_EW,NONE,0.006,0.0
1820,32Nvl_L2_NS,32NVL_NS,0.013,0.013
1820,32Nvl_L3_EW,NONE,0.006,0.0
1820,32Nvl_L1_NS,32NVL_NS,0.013,0.013
1820,NvcNvl_L3_EW,NONE,0.009,0.0
1820,32Mt_L2_EW,NONE,0.008,0.0
1820,32Mt_L2_EW,32MT_EW,0.005,0.0
1825,304Nvl_L1_NS,NONE,0.007,0.0
1825,32Nvl_L1_EW,32NVL_EW,0.007,-0.003
1825,32Nvl_L2_EW,32NVL_EW,0.008,0.0
1825,NvcNvl_L3_NS,NONE,0.034,0.0
1825,NvcNvl_L2_NS,NONE,0.033,0.0
1825,NvcNvl_L1_EW,NVCNVL_EW,0.007,0.007
1825,NvcNvl_L2_EW,NVCNVL_EW,0.008,0.008
1825,32Mt_L1_EW,32MT_EW,0.014,0.009
1825,32Thn_L1_EW,NONE,0.049,0.0
1825,32Nvl_L3_EW,NONE,0.006,0.0
1825,NvcNvl_L1_NS,NONE,0.044,0.0
1825,NvcNvl_L3_EW,NONE,0.009,0.0
1825,32Mt_L2_EW,32MT_EW,0.011,0.005
1825,NvcMt_L1_EW,NVCMT_EW,0.006,0.001
1830,304Nvl_L1_NS,NONE,0.015,0.0
1830,32Nvl_L1_EW,32NVL_EW,0.007,-0.003
1830,32Nvl_L2_EW,32NVL_EW,0.008,0.0
1830,32Nvl_L3_NS,NONE,0.017,0.0
1830,32Nvl_L2_NS,32NVL_NS,0.016,0.016
1830,NvcNvl_L2_NS,NONE,0.033,0.0
1830,NvcNvl_L1_EW,NVCNVL_EW,0.007,0.007
1830,NvcNvl_L2_EW,NVCNVL_EW,0.008,0.008
1830,32Mt_L1_EW,32MT_EW,0.014,0.009
1830,32Mt_L1_NS,NONE,0.01,0.0
1830,304Nvl_L2_NS,NONE,0.007,0.0
1830,32Nvl_L3_EW,NONE,0.006,0.0
1830,32Nvl_L1_NS,32NVL_NS,0.027,0.027
1830,NvcNvl_L1_NS,NONE,0.044,0.0
1830,NvcNvl_L3_EW,NONE,0.009,0.0
1830,32Mt_L2_EW,32MT_EW,0.011,0.005
1835,304Nvl_L1_EW,304NVL_EW,0.008,0.008
1835,304Nvl_L2_EW,304NVL_EW,0.007,0.007
1835,304Nvl_L1_NS,NONE,0.007,0.0
1835,32Nvl_L1_EW,32NVL_EW,0.007,0.007
1835,32Nvl_L2_EW,32NVL_EW,0.008,0.008
1835,NvcNvl_L1_EW,NONE,0.011,0.0
1835,NvcNvl_L2_EW,NONE,0.008,0.0
1835,NvcNvl_L1_EW,NVCNVL_EW,0.007,0.007
1835,NvcNvl_L2_EW,NVCNVL_EW,0.008,0.008
1835,304Nvl_L3_EW,NONE,0.006,0.0
1835,304Nvl_L2_NS,NONE,0.007,0.0
1835,32Nvl_L3_EW,NONE,0.006,0.0
1835,NvcNvl_L3_EW,NONE,0.006,0.0
1835,NvcNvl_L3_EW,NONE,0.009,0.0
1840,304Nvl_L1_EW,304NVL_EW,0.008,0.008
1840,304Nvl_L2_EW,304NVL_EW,0.007,0.007
1840,32Nvl_L1_NS,32NVL_NS,0.007,0.007
1840,32Nvl_L1_EW,32NVL_EW,0.007,0.007
1840,32Nvl_L2_EW,32NVL_EW,0.008,0.008
1840,NvcNvl_L1_EW,NVCNVL_EW,0.007,0.007
1840,NvcNvl_L2_EW,NVCNVL_EW,0.008,0.008
1840,32Mt_L1_EW,NONE,0.007,0.0
1840,32Thn_L1_EW,NONE,0.01,0.0
1840,32Thn_L2_EW,NONE,0.01,0.0
1840,32Thn_L3_EW,NONE,0.007,0.0
1840,304Nvl_L3_EW,NONE,0.006,0.0
1840,32Nvl_L3_EW,NONE,0.006,0.0
1840,NvcNvl_L3_EW,NONE,0.009,0.0
1845,304Nvl_L1_NS,NONE,0.007,0.0
1845,32Nvl_L1_EW,32NVL_EW,0.078,0.014
1845,32Nvl_L2_EW,32NVL_EW,0.085,0.039
1845,NvcNvl_L1_EW,NONE,0.011,0.0
1845,NvcNvl_L2_EW,NONE,0.008,0.0
1845,NvcNvl_L1_EW,NVCNVL_EW,0.014,0.01
1845,NvcNvl_L2_EW,NVCNVL_EW,0.016,0.016
1845,32Mt_L1_EW,NONE,0.043,0.0
1845,32Mt_L3_EW,NONE,0.053,0.0
1845,32Mt_L1_EW,32MT_EW,0.084,0.029
1845,NvcMt_L1_EW,NVCMT_EW,0.006,-0.004
1845,32Thn_L1_EW,32THN_EW,0.008,-0.046
1845,32Nvl_L3_EW,NONE,0.069,0.0
1845,NvcNvl_L3_EW,NONE,0.019,0.0
1845,32Mt_L2_EW,NONE,0.045,0.0
1845,32Mt_L2_EW,32MT_EW,0.065,0.006
1845,NvcMt_L2_EW,NVCMT_EW,0.008,-0.003
1850,304Nvl_L1_EW,304NVL_EW,0.025,0.025
1850,304Nvl_L2_EW,304NVL_EW,0.015,0.015
1850,32Nvl_L3_NS,NONE,0.007,0.0
1850,32Nvl_L1_NS,32NVL_NS,0.007,0.007
1850,32Nvl_L1_EW,32NVL_EW,0.042,-0.026
1850,32Nvl_L2_EW,32NVL_EW,0.046,-0.007
1850,NvcNvl_L1_EW,NVCNVL_EW,0.014,-0.013
1850,NvcNvl_L2_EW,NVCNVL_EW,0.016,0.016
1850,32Mt_L1_EW,NONE,0.007,0.0
1850,32Mt_L3_EW,NONE,0.009,0.0
1850,32Mt_L1_EW,32MT_EW,0.098,0.068
1850,NvcMt_L1_EW,NVCMT_EW,0.038,0.028
1850,304Nvl_L3_EW,NONE,0.013,0.0
1850,32Nvl_L2_NS,32NVL_NS,0.007,0.007
1850,32Nvl_L3_EW,NONE,0.038,0.0
1850,NvcNvl_L3_EW,NONE,0.009,0.0
1850,32Mt_L2_EW,NONE,0.008,0.0
1850,32Mt_L2_EW,32MT_EW,0.076,0.044
1850,NvcMt_L2_EW,NVCMT_EW,0.048,0.037
1855,304Nvl_L1_EW,304NVL_EW,0.042,0.042
1855,304Nvl_L2_EW,304NVL_EW,0.036,0.036
1855,32Nvl_L3_NS,NONE,0.007,0.0
1855,32Nvl_L1_NS,32NVL_NS,0.007,0.007
1855,32Nvl_L1_EW,32NVL_EW,0.007,0.002
1855,32Nvl_L2_EW,32NVL_EW,0.008,0.004
1855,NvcNvl_L3_NS,NONE,0.007,0.0
1855,NvcNvl_L2_NS,NONE,0.007,0.0
1855,32Mt_L1_NS,32MT_NS,0.031,0.031
1855,32Mt_L1_EW,NONE,0.014,0.0
1855,32Mt_L3_EW,NONE,0.009,0.0
1855,32Mt_L1_EW,32MT_EW,0.007,0.002
1855,32Mt_L1_NS,NONE,0.01,0.0
1855,304Nvl_L3_EW,NONE,0.032,0.0
1855,32Nvl_L2_NS,32NVL_NS,0.007,0.007
1855,32Nvl_L3_EW,NONE,0.006,0.0
1855,32Nvl_L1_NS,32NVL_NS,0.034,0.034
1855,NvcNvl_L1_NS,NONE,0.009,0.0
1855,32Mt_L2_EW,NONE,0.015,0.0
1855,32Mt_L2_EW,32MT_EW,0.005,0.0
1860,304Nvl_L1_NS,304NVL_NS,0.009,0.009
1860,304Nvl_L3_NS,NONE,0.007,0.0
1860,304Nvl_L1_NS,NONE,0.007,0.0
1860,32Nvl_L1_EW,32NVL_EW,0.007,0.007
1860,32Nvl_L2_EW,32NVL_EW,0.008,0.008
1860,NvcNvl_L3_NS,NONE,0.034,0.0
1860,NvcNvl_L2_NS,NONE,0.033,0.0
1860,NvcNvl_L1_EW,NVCNVL_EW,0.035,0.031
1860,NvcNvl_L2_EW,NVCNVL_EW,0.039,0.039
1860,32Mt_L1_NS,32MT_NS,0.031,0.031
1860,32Mt_L1_EW,NONE,0.014,0.0
1860,32Mt_L1_NS,NONE,0.01,0.0
1860,NvcMt_L1_EW,NVCMT_EW,0.006,-0.018
1860,304Nvl_L2_NS,304NVL_NS,0.008,0.008
1860,32Nvl_L3_EW,NONE,0.006,0.0
1860,NvcNvl_L1_NS,NONE,0.044,0.0
1860,NvcNvl_L3_EW,NONE,0.047,0.0
1860,32Mt_L2_EW,NONE,0.008,0.0
1860,32Mt_L2_NS,NONE,0.009,0.0
1860,NvcMt_L2_EW,NVCMT_EW,0.008,-0.019
1865,304Nvl_L1_NS,304NVL_NS,0.054,0.054
1865,304Nvl_L3_NS,NONE,0.007,0.0
1865,304Nvl_L1_EW,304NVL_EW,0.008,0.008
1865,304Nvl_L1_NS,NONE,0.007,0.0
1865,304Nvl_L3_NS,NONE,0.008,0.0
1865,32Nvl_L1_EW,32NVL_EW,0.007,0.002
1865,32Nvl_L2_EW,32NVL_EW,0.008,0.008
1865,NvcNvl_L1_EW,NVCNVL_EW,0.007,0.007
1865,32Mt_L1_NS,32MT_NS,0.107,0.107
1865,32Mt_L1_EW,NONE,0.007,0.0
1865,32Mt_L3_EW,NONE,0.009,0.0
1865,32Mt_L1_EW,32MT_EW,0.007,0.002
1865,32Mt_L1_NS,NONE,0.01,0.0
1865,304Nvl_L2_NS,304NVL_NS,0.008,0.008
1865,304Nvl_L2_NS,NONE,0.007,0.0
1865,32Nvl_L3_EW,NONE,0.006,0.0
1865,32Mt_L2_EW,NONE,0.008,0.0
1865,32Mt_L2_NS,NONE,0.009,0.0
1870,304Nvl_L1_NS,304NVL_NS,0.054,0.049
1870,304Nvl_L3_NS,NONE,0.007,0.0
1870,304Nvl_L1_EW,304NVL_EW,0.008,0.008
1870,304Nvl_L2_EW,304NVL_EW,0.007,0.007
1870,32Nvl_L3_NS,NONE,0.007,0.0
1870,32Nvl_L1_NS,32NVL_NS,0.007,-0.031
1870,32Nvl_L1_EW,32NVL_EW,0.007,-0.003
1870,32Nvl_L2_EW,32NVL_EW,0.008,-0.002
1870,32Nvl_L3_NS,NONE,0.042,0.0
1870,32Nvl_L2_NS,32NVL_NS,0.039,0.034
1870,NvcNvl_L3_NS,NONE,0.007,0.0
1870,NvcNvl_L2_NS,NONE,0.007,0.0
1870,32Mt_L1_NS,32MT_NS,0.075,0.075
1870,32Mt_L1_EW,32MT_EW,0.007,0.002
1870,32Thn_L1_EW,32THN_EW,0.008,0.003
1870,32Thn_L2_EW,32THN_EW,0.008,0.003
1870,32Thn_L3_EW,NONE,0.008,0.0
1870,304Nvl_L2_NS,304NVL_NS,0.008,-0.02
1870,304Nvl_L3_EW,NONE,0.006,0.0
1870,32Nvl_L2_NS,32NVL_NS,0.007,0.001
1870,32Nvl_L3_EW,NONE,0.006,0.0
1870,32Nvl_L1_NS,32NVL_NS,0.034,-0.004
1870,NvcNvl_L1_NS,NONE,0.009,0.0
1870,32Mt_L2_EW,32MT_EW,0.005,0.0
1875,304Nvl_L1_NS,304NVL_NS,0.054,0.054
1875,304Nvl_L3_NS,NONE,0.007,0.0
1875,304Nvl_L1_EW,304NVL_EW,0.025,0.025
1875,304Nvl_L2_EW,304NVL_EW,0.022,0.022
1875,32Nvl_L1_EW,32NVL_EW,0.007,0.007
1875,32Nvl_L2_EW,32NVL_EW,0.008,0.008
1875,32Nvl_L3_NS,NONE,0.042,0.0
1875,32Nvl_L2_NS,32NVL_NS,0.039,0.034
1875,NvcNvl_L1_EW,NONE,0.011,0.0
1875,NvcNvl_L2_EW,NONE,0.008,0.0
1875,32Mt_L1_NS,32MT_NS,0.082,0.082
1875,32Mt_L1_NS,NONE,0.01,0.0
1875,NvcMt_L1_EW,NVCMT_EW,0.006,0.006
1875,32Thn_L1_EW,NONE,0.01,0.0
1875,304Nvl_L2_NS,304NVL_NS,0.008,-0.02
1875,304Nvl_L3_EW,NONE,0.013,0.0
1875,32Nvl_L3_EW,NONE,0.006,0.0
1875,32Nvl_L1_NS,32NVL_NS,0.034,-0.004
1875,NvcMt_L2_EW,NVCMT_EW,0.008,0.008
1880,304Nvl_L1_NS,304NVL_NS,0.009,0.009
1880,304Nvl_L3_NS,NONE,0.007,0.0
1880,304Nvl_L1_EW,304NVL_EW,0.008,0.008
1880,304Nvl_L1_NS,NONE,0.007,0.0
1880,32Nvl_L1_EW,32NVL_EW,0.042,0.042
1880,32Nvl_L2_EW,32NVL_EW,0.046,0.046
1880,32Nvl_L1_EW,32NVL_EW,0.034,0.034
1880,32Nvl_L2_EW,32NVL_EW,0.037,0.037
1880,NvcNvl_L3_NS,NONE,0.034,0.0
1880,NvcNvl_L2_NS,NONE,0.033,0.0
1880,NvcNvl_L1_EW,NONE,0.011,0.0
1880,NvcNvl_L2_EW,NONE,0.008,0.0
1880,NvcCmt8_L2_EW,NONE,0.007,0.0
1880,304Nvl_L2_NS,304NVL_NS,0.008,0.008
1880,32Nvl_L3_EW,NONE,0.038,0.0
1880,32Nvl_L1_NS,32NVL_NS,0.007,0.0
1880,NvcNvl_L1_NS,NONE,0.044,0.0
1880,NvcNvl_L3_EW,NONE,0.006,0.0
1880,NvcCmt8_L1_EW,NONE,0.006,0.0
1885,304Nvl_L1_NS,304NVL_NS,0.009,-0.02
1885,304Nvl_L3_NS,NONE,0.007,0.0
1885,304Nvl_L1_NS,NONE,0.022,0.0
1885,32Nvl_L3_NS,NONE,0.007,0.0
1885,32Nvl_L1_NS,32NVL_NS,0.042,0.035
1885,32Nvl_L1_EW,32NVL_EW,0.042,0.038
1885,32Nvl_L2_EW,32NVL_EW,0.046,0.043
1885,32Nvl_L1_EW,32NVL_EW,0.034,0.029
1885,32Nvl_L2_EW,32NVL_EW,0.037,0.034
1885,NvcNvl_L3_NS,NONE,0.075,0.0
1885,NvcNvl_L2_NS,NONE,0.073,0.0
1885,32Mt_L1_EW,32MT_EW,0.007,-0.023
1885,304Nvl_L2_NS,304NVL_NS,0.008,0.008
1885,32Nvl_L2_NS,32NVL_NS,0.007,0.001
1885,32Nvl_L3_EW,NONE,0.031,0.0
1885,32Nvl_L3_EW,NONE,0.038,0.0
1885,NvcNvl_L1_NS,NONE,0.096,0.0
1885,32Mt_L2_EW,32MT_EW,0.005,-0.027
1885,NvcCmt8_L1_EW,NVCCMT8_EW,0.008,0.008
1890,304Nvl_L1_NS,304NVL_NS,0.018,0.013
1890,304Nvl_L3_NS,NONE,0.015,0.0
1890,32Nvl_L1_NS,32NVL_NS,0.007,-0.006
1890,32Nvl_L1_EW,32NVL_EW,0.042,0.038
1890,32Nvl_L2_EW,32NVL_EW,0.046,0.043
1890,32Nvl_L1_EW,32NVL_EW,0.034,0.029
1890,32Nvl_L2_EW,32NVL_EW,0.037,0.034
1890,NvcNvl_L3_NS,NONE,0.048,0.0
1890,NvcNvl_L2_NS,NONE,0.053,0.0
1890,32Mt_L1_EW,32MT_EW,0.007,-0.023
1890,32Mt_L1_NS,NONE,0.059,0.0
1890,304Nvl_L2_NS,304NVL_NS,0.015,0.015
1890,32Nvl_L2_NS,32NVL_NS,0.007,-0.004
1890,32Nvl_L3_EW,NONE,0.031,0.0
1890,32Nvl_L3_EW,NONE,0.038,0.0
1890,NvcNvl_L1_NS,NONE,0.061,0.0
1890,32Mt_L2_EW,32MT_EW,0.005,-0.027
1890,32Mt_L2_NS,NONE,0.052,0.0
1895,304Nvl_L1_NS,304NVL_NS,0.018,0.018
1895,304Nvl_L3_NS,NONE,0.015,0.0
1895,304Nvl_L1_EW,304NVL_EW,0.008,0.008
1895,304Nvl_L2_EW,304NVL_EW,0.007,0.007
1895,32Nvl_L1_EW,32NVL_EW,0.042,0.042
1895,32Nvl_L2_EW,32NVL_EW,0.046,0.046
1895,32Nvl_L1_EW,32NVL_EW,0.034,0.034
1895,32Nvl_L2_EW,32NVL_EW,0.037,0.037
1895,32Nvl_L3_NS,NONE,0.109,0.0
1895,32Nvl_L2_NS,32NVL_NS,0.103,0.092
1895,NvcNvl_L3_NS,NONE,0.007,0.0
1895,NvcNvl_L2_NS,NONE,0.007,0.0
1895,NvcNvl_L1_EW,NONE,0.064,0.0
1895,NvcNvl_L2_EW,NONE,0.046,0.0
1895,32Mt_L1_NS,32MT_NS,0.031,0.031
1895,32Mt_L1_NS,NONE,0.078,0.0
1895,NvcMt_L2_NS,NONE,0.005,0.0
1895,304Nvl_L2_NS,304NVL_NS,0.015,-0.057
1895,304Nvl_L3_EW,NONE,0.006,0.0
1895,32Nvl_L3_EW,NONE,0.031,0.0
1895,32Nvl_L3_EW,NONE,0.038,0.0
1895,32Nvl_L1_NS,32NVL_NS,0.087,0.075
1895,NvcNvl_L1_NS,NONE,0.009,0.0
1895,32Mt_L2_NS,32MT_NS,0.032,0.032
1895,32Mt_L2_NS,NONE,0.061,0.0
1895,NvcMt_L1_NS,NONE,0.005,0.0
1900,304Nvl_L1_NS,304NVL_NS,0.018,0.018
1900,304Nvl_L3_NS,NONE,0.015,0.0
1900,304Nvl_L1_NS,NONE,0.007,0.0
1900,32Nvl_L1_EW,32NVL_EW,0.034,0.009
1900,32Nvl_L2_EW,32NVL_EW,0.037,0.018
1900,32Nvl_L3_NS,NONE,0.125,0.0
1900,32Nvl_L2_NS,32NVL_NS,0.118,0.108
1900,NvcNvl_L1_EW,NONE,0.064,0.0
1900,NvcNvl_L2_EW,NONE,0.046,0.0
1900,32Mt_L1_NS,32MT_NS,0.031,0.031
1900,32Mt_L1_EW,NONE,0.043,0.0
1900,32Mt_L1_EW,32MT_EW,0.035,0.035
1900,32Mt_L1_NS,NONE,0.01,0.0
1900,NvcMt_L2_NS,NONE,0.005,0.0
1900,304Nvl_L2_NS,304NVL_NS,0.015,-0.068
1900,32Nvl_L3_EW,NONE,0.031,0.0
1900,32Nvl_L1_NS,32NVL_NS,0.101,0.088
1900,32Mt_L2_NS,32MT_NS,0.032,0.032
1900,32Mt_L2_EW,32MT_EW,0.027,0.027
1900,32Mt_L2_NS,NONE,0.009,0.0
1900,NvcMt_L1_NS,NONE,0.005,0.0
1900,NvcMt_L1_EW,NVCMT_EW,0.006,0.006
1905,304Nvl_L1_NS,304NVL_NS,0.018,0.018
1905,304Nvl_L3_NS,NONE,0.015,0.0
1905,32Nvl_L3_NS,NONE,0.125,0.0
1905,32Nvl_L2_NS,32NVL_NS,0.118,0.108
1905,32Mt_L1_NS,32MT_NS,0.038,0.038
1905,32Mt_L1_EW,NONE,0.043,0.0
1905,32Mt_L1_NS,NONE,0.01,0.0
1905,NvcCmt8_L2_EW,NVCCMT8_EW,0.005,0.005
1905,304Nvl_L2_NS,304NVL_NS,0.015,-0.068
1905,32Nvl_L1_NS,32NVL_NS,0.107,0.095
1905,32Mt_L2_NS,32MT_NS,0.032,0.032
1905,32Mt_L2_NS,NONE,0.009,0.0
1905,NvcCmt8_L1_EW,NVCCMT8_EW,0.008,0.008
1910,304Thn_L2_NS,304THN_NS,0.009,0.009
1910,304Nvl_L1_EW,304NVL_EW,0.008,0.008
1910,304Nvl_L2_EW,304NVL_EW,0.007,0.007
1910,32Nvl_L3_NS,NONE,0.014,0.0
1910,32Nvl_L1_NS,32NVL_NS,0.014,0.014
1910,32Nvl_L3_NS,NONE,0.125,0.0
1910,32Nvl_L2_NS,32NVL_NS,0.118,0.118
1910,NvcNvl_L1_EW,NVCNVL_EW,0.035,0.035
1910,NvcNvl_L2_EW,NVCNVL_EW,0.039,0.039
1910,32Mt_L1_NS,32MT_NS,0.038,0.038
1910,32Mt_L1_NS,NONE,0.049,0.0
1910,NvcCmt8_L2_EW,NVCCMT8_EW,0.005,0.005
1910,NvcCmt8_L2_NS,NONE,0.054,0.0
1910,NvcCmt8_L1_NS,NONE,0.039,0.0
1910,304Nvl_L3_EW,NONE,0.006,0.0
1910,32Nvl_L2_NS,32NVL_NS,0.013,0.013
1910,32Nvl_L1_NS,32NVL_NS,0.107,0.107
1910,NvcNvl_L3_EW,NONE,0.047,0.0
1910,32Mt_L2_NS,32MT_NS,0.032,0.032
1910,32Mt_L2_NS,NONE,0.043,0.0
1910,NvcCmt8_L1_EW,NVCCMT8_EW,0.008,0.008
1910,304Thn_L1_NS,304THN_NS,0.008,0.008
1915,304Thn_L2_NS,304THN_NS,0.009,0.009
1915,304Nvl_L1_EW,304NVL_EW,0.017,0.017
1915,304Nvl_L2_EW,304NVL_EW,0.015,0.015
1915,32Nvl_L1_NS,32NVL_NS,0.007,0.007
1915,32Nvl_L3_NS,NONE,0.017,0.0
1915,32Nvl_L2_NS,32NVL_NS,0.016,0.016
1915,NvcNvl_L3_NS,NONE,0.007,0.0
1915,NvcNvl_L2_NS,NONE,0.007,0.0
1915,NvcNvl_L1_EW,NVCNVL_EW,0.035,0.035
1915,NvcNvl_L2_EW,NVCNVL_EW,0.039,0.039
1915,32Mt_L1_NS,32MT_NS,0.038,0.038
1915,NvcCmt8_L2_EW,NVCCMT8_EW,0.005,0.005
1915,304Nvl_L3_EW,NONE,0.013,0.0
1915,32Nvl_L2_NS,32NVL_NS,0.007,0.007
1915,32Nvl_L1_NS,32NVL_NS,0.02,0.02
1915,NvcNvl_L1_NS,NONE,0.009,0.0
1915,NvcNvl_L3_EW,NONE,0.047,0.0
1915,32Mt_L2_NS,32MT_NS,0.032,0.032
1915,NvcCmt8_L1_EW,NVCCMT8_EW,0.008,0.008
1915,304Thn_L1_NS,304THN_NS,0.008,0.008
1920,304Nvl_L1_EW,304NVL_EW,0.025,0.025
1920,304Nvl_L2_EW,304NVL_EW,0.015,0.015
1920,304Nvl_L1_NS,NONE,0.044,0.0
1920,304Nvl_L3_NS,NONE,0.04,0.0
1920,NvcNvl_L3_NS,NONE,0.007,0.0
1920,NvcNvl_L2_NS,NONE,0.007,0.0
1920,NvcNvl_L1_EW,NVCNVL_EW,0.035,0.035
1920,NvcNvl_L2_EW,NVCNVL_EW,0.039,0.039
1920,32Mt_L1_EW,NONE,0.036,0.0
1920,304Nvl_L3_EW,NONE,0.013,0.0
1920,304Nvl_L2_NS,NONE,0.037,0.0
1920,32Nvl_L1_NS,32NVL_NS,0.007,0.007
1920,NvcNvl_L1_NS,NONE,0.009,0.0
1920,NvcNvl_L3_EW,NONE,0.047,0.0
1920,304Thn_L1_NS,304THN_NS,0.008,0.008
1925,304Nvl_L1_EW,304NVL_EW,0.034,0.034
1925,304Nvl_L2_EW,304NVL_EW,0.022,0.022
1925,32Nvl_L3_NS,NONE,0.007,0.0
1925,32Nvl_L1_NS,32NVL_NS,0.007,0.007
1925,32Nvl_L1_EW,32NVL_EW,0.007,0.002
1925,32Nvl_L2_EW,32NVL_EW,0.007,0.004
1925,32Nvl_L3_NS,NONE,0.008,0.0
1925,32Nvl_L2_NS,32NVL_NS,0.008,0.008
1925,NvcNvl_L1_EW,NVCNVL_EW,0.035,0.035
1925,NvcNvl_L2_EW,NVCNVL_EW,0.039,0.039
1925,32Mt_L1_EW,NONE,0.007,0.0
1925,32Mt_L3_EW,NONE,0.009,0.0
1925,32Mt_L1_EW,32MT_EW,0.007,0.007
1925,NvcCmt8_L2_NS,NONE,0.062,0.0
1925,304Nvl_L3_EW,NONE,0.019,0.0
1925,32Nvl_L2_NS,32NVL_NS,0.007,0.007
1925,32Nvl_L3_EW,NONE,0.006,0.0
1925,32Nvl_L1_NS,32NVL_NS,0.007,0.007
1925,NvcNvl_L3_EW,NONE,0.047,0.0
1925,32Mt_L2_EW,NONE,0.008,0.0
1925,32Mt_L2_EW,32MT_EW,0.005,0.005
1925,NvcCmt8_L1_NS,NONE,0.054,0.0
1930,304Nvl_L1_EW,304NVL_EW,0.025,0.025
1930,304Nvl_L2_EW,304NVL_EW,0.022,0.022
1930,32Nvl_L1_NS,32NVL_NS,0.083,0.083
1930,32Nvl_L1_EW,32NVL_EW,0.007,0.002
1930,32Nvl_L2_EW,32NVL_EW,0.007,0.004
1930,32Nvl_L3_NS,NONE,0.05,0.0
1930,32Nvl_L2_NS,32NVL_NS,0.047,0.047
1930,NvcNvl_L3_NS,NONE,0.007,0.0
1930,NvcNvl_L2_NS,NONE,0.007,0.0
1930,NvcNvl_L1_EW,NONE,0.021,0.0
1930,NvcNvl_L2_EW,NONE,0.015,0.0
1930,NvcNvl_L1_EW,NVCNVL_EW,0.035,0.035
1930,NvcNvl_L2_EW,NVCNVL_EW,0.039,0.039
1930,32Mt_L1_NS,32MT_NS,0.006,0.006
1930,32Mt_L1_EW,NONE,0.007,0.0
1930,32Mt_L3_EW,NONE,0.009,0.0
1930,32Mt_L1_EW,32MT_EW,0.007,0.007
1930,304Nvl_L3_EW,NONE,0.019,0.0
1930,32Nvl_L3_EW,NONE,0.006,0.0
1930,32Nvl_L1_NS,32NVL_NS,0.04,0.04
1930,NvcNvl_L1_NS,NONE,0.009,0.0
1930,NvcNvl_L3_EW,NONE,0.013,0.0
1930,NvcNvl_L3_EW,NONE,0.047,0.0
1930,32Mt_L2_NS,32MT_NS,0.006,0.006
1930,32Mt_L2_EW,NONE,0.008,0.0
1930,32Mt_L2_EW,32MT_EW,0.005,0.005
1930,NvcCmt8_L1_EW,NONE,0.006,0.0
1935,304Nvl_L1_EW,304NVL_EW,0.068,0.068
1935,304Nvl_L2_EW,304NVL_EW,0.022,0.022
1935,32Nvl_L1_NS,32NVL_NS,0.09,0.09
1935,32Nvl_L1_EW,32NVL_EW,0.007,-0.003
1935,32Nvl_L2_EW,32NVL_EW,0.007,0.004
1935,32Nvl_L3_NS,NONE,0.008,0.0
1935,32Nvl_L2_NS,32NVL_NS,0.008,0.008
1935,NvcNvl_L3_NS,NONE,0.007,0.0
1935,NvcNvl_L2_NS,NONE,0.007,0.0
1935,NvcNvl_L1_EW,NVCNVL_EW,0.035,0.013
1935,NvcNvl_L2_EW,NVCNVL_EW,0.039,0.039
1935,32Mt_L1_NS,32MT_NS,0.006,0.006
1935,32Mt_L1_EW,NONE,0.036,0.0
1935,32Mt_L1_EW,32MT_EW,0.014,0.014
1935,NvcMt_L1_EW,NVCMT_EW,0.032,0.002
1935,NvcCmt8_L2_EW,NVCCMT8_EW,0.005,0.005
1935,NvcCmt8_L2_EW,NONE,0.007,0.0
1935,304Nvl_L3_EW,NONE,0.019,0.0
1935,32Nvl_L3_EW,NONE,0.006,0.0
1935,32Nvl_L1_NS,32NVL_NS,0.013,0.013
1935,NvcNvl_L1_NS,NONE,0.009,0.0
1935,NvcNvl_L3_EW,NONE,0.047,0.0
1935,32Mt_L2_EW,32MT_EW,0.005,0.005
1935,NvcMt_L2_EW,NVCMT_EW,0.04,0.009
1935,NvcCmt8_L1_EW,NVCCMT8_EW,0.008,-0.015
1935,NvcCmt8_L1_EW,NONE,0.006,0.0
1940,304Nvl_L1_EW,304NVL_EW,0.076,0.076
1940,304Nvl_L2_EW,304NVL_EW,0.029,0.029
1940,32Nvl_L1_NS,32NVL_NS,0.007,0.007
1940,32Nvl_L1_EW,32NVL_EW,0.007,-0.008
1940,32Nvl_L2_EW,32NVL_EW,0.007,0.0
1940,32Nvl_L3_NS,NONE,0.008,0.0
1940,32Nvl_L2_NS,32NVL_NS,0.008,0.008
1940,NvcNvl_L1_EW,NVCNVL_EW,0.042,0.02
1940,NvcNvl_L2_EW,NVCNVL_EW,0.039,0.039
1940,32Mt_L1_EW,32MT_EW,0.021,0.021
1940,NvcMt_L2_NS,NONE,0.005,0.0
1940,NvcMt_L1_EW,NVCMT_EW,0.032,-0.003
1940,NvcCmt8_L2_EW,NVCCMT8_EW,0.005,0.005
1940,NvcCmt8_L2_EW,NONE,0.007,0.0
1940,304Nvl_L3_EW,NONE,0.025,0.0
1940,32Nvl_L3_EW,NONE,0.006,0.0
1940,32Nvl_L1_NS,32NVL_NS,0.007,0.007
1940,NvcNvl_L3_EW,NONE,0.047,0.0
1940,32Mt_L2_EW,32MT_EW,0.011,0.011
1940,NvcMt_L1_NS,NONE,0.005,0.0
1940,NvcMt_L2_EW,NVCMT_EW,0.04,0.009
1940,NvcCmt8_L1_EW,NVCCMT8_EW,0.008,-0.015
1940,NvcCmt8_L1_EW,NONE,0.006,0.0
1945,304Nvl_L1_EW,304NVL_EW,0.085,0.085
1945,304Nvl_L2_EW,304NVL_EW,0.036,0.036
1945,32Nvl_L1_NS,32NVL_NS,0.042,0.042
1945,32Nvl_L1_EW,32NVL_EW,0.035,0.021
1945,32Nvl_L2_EW,32NVL_EW,0.039,0.027
1945,32Nvl_L1_EW,32NVL_EW,0.007,-0.008
1945,32Nvl_L2_EW,32NVL_EW,0.007,-0.004
1945,NvcNvl_L1_EW,NVCNVL_EW,0.049,0.027
1945,NvcNvl_L2_EW,NVCNVL_EW,0.039,0.039
1945,32Mt_L1_EW,32MT_EW,0.021,-0.004
1945,NvcMt_L1_EW,NVCMT_EW,0.032,-0.014
1945,NvcCmt8_L2_EW,NVCCMT8_EW,0.005,0.005
1945,304Nvl_L3_EW,NONE,0.032,0.0
1945,32Nvl_L2_NS,32NVL_NS,0.007,0.007
1945,32Nvl_L3_EW,NONE,0.006,0.0
1945,32Nvl_L3_EW,NONE,0.031,0.0
1945,NvcNvl_L3_EW,NONE,0.047,0.0
1945,32Mt_L2_EW,32MT_EW,0.016,-0.011
1945,NvcMt_L2_EW,NVCMT_EW,0.04,0.009
1945,NvcCmt8_L1_EW,NVCCMT8_EW,0.015,-0.007
1950,304Nvl_L1_EW,304NVL_EW,0.042,0.042
1950,304Nvl_L2_EW,304NVL_EW,0.036,0.036
1950,32Nvl_L1_NS,32NVL_NS,0.042,0.042
1950,32Nvl_L1_EW,32NVL_EW,0.035,0.026
1950,32Nvl_L2_EW,32NVL_EW,0.039,0.031
1950,32Nvl_L1_EW,32NVL_EW,0.007,-0.003
1950,32Nvl_L2_EW,32NVL_EW,0.007,0.0
1950,NvcNvl_L3_NS,NONE,0.007,0.0
1950,NvcNvl_L2_NS,NONE,0.007,0.0
1950,NvcNvl_L1_EW,NONE,0.011,0.0
1950,NvcNvl_L2_EW,NONE,0.008,0.0
1950,NvcNvl_L1_EW,NVCNVL_EW,0.049,0.027
1950,NvcNvl_L2_EW,NVCNVL_EW,0.039,0.039
1950,32Mt_L1_EW,32MT_EW,0.014,-0.011
1950,NvcMt_L1_EW,NVCMT_EW,0.032,-0.003
1950,304Nvl_L3_EW,NONE,0.032,0.0
1950,32Nvl_L3_EW,NONE,0.006,0.0
1950,32Nvl_L3_EW,NONE,0.031,0.0
1950,NvcNvl_L1_NS,NONE,0.009,0.0
1950,NvcNvl_L3_EW,NONE,0.006,0.0
1950,NvcNvl_L3_EW,NONE,0.047,0.0
1950,32Mt_L2_EW,32MT_EW,0.011,-0.016
1950,NvcMt_L2_EW,NVCMT_EW,0.04,0.012
1955,304Nvl_L1_EW,304NVL_EW,0.042,0.042
1955,304Nvl_L2_EW,304NVL_EW,0.036,0.036
1955,32Nvl_L1_NS,32NVL_NS,0.007,0.007
1955,32Nvl_L1_EW,32NVL_EW,0.035,0.03
1955,32Nvl_L2_EW,32NVL_EW,0.039,0.035
1955,32Nvl_L1_EW,32NVL_EW,0.007,0.002
1955,32Nvl_L2_EW,32NVL_EW,0.007,0.004
1955,32Nvl_L3_NS,NONE,0.042,0.0
1955,32Nvl_L2_NS,32NVL_NS,0.039,0.039
1955,NvcNvl_L3_NS,NONE,0.027,0.0
1955,NvcNvl_L2_NS,NONE,0.026,0.0
1955,NvcNvl_L1_EW,NVCNVL_EW,0.049,0.049
1955,NvcNvl_L2_EW,NVCNVL_EW,0.047,0.047
1955,32Mt_L1_NS,32MT_NS,0.006,0.006
1955,32Mt_L1_EW,NONE,0.036,0.0
1955,32Mt_L1_EW,32MT_EW,0.007,-0.018
1955,304Nvl_L3_EW,NONE,0.032,0.0
1955,32Nvl_L3_EW,NONE,0.006,0.0
1955,32Nvl_L3_EW,NONE,0.031,0.0
1955,32Nvl_L1_NS,32NVL_NS,0.034,0.034
1955,NvcNvl_L1_NS,NONE,0.035,0.0
1955,NvcNvl_L3_EW,NONE,0.056,0.0
1955,32Mt_L2_NS,32MT_NS,0.006,0.006
1955,32Mt_L2_EW,NONE,0.038,0.0
1955,32Mt_L2_EW,32MT_EW,0.005,-0.022
1960,304Nvl_L1_EW,304NVL_EW,0.034,0.034
1960,304Nvl_L2_EW,304NVL_EW,0.029,0.029
1960,304Nvl_L1_NS,NONE,0.007,0.0
1960,304Nvl_L3_NS,NONE,0.008,0.0
1960,32Nvl_L1_EW,32NVL_EW,0.035,0.03
1960,32Nvl_L2_EW,32NVL_EW,0.039,0.035
1960,32Nvl_L1_EW,32NVL_EW,0.007,0.002
1960,32Nvl_L2_EW,32NVL_EW,0.007,0.004
1960,NvcNvl_L3_NS,NONE,0.007,0.0
1960,NvcNvl_L2_NS,NONE,0.007,0.0
1960,NvcNvl_L1_EW,NONE,0.011,0.0
1960,NvcNvl_L2_EW,NONE,0.008,0.0
1960,NvcNvl_L1_EW,NVCNVL_EW,0.042,0.042
1960,NvcNvl_L2_EW,NVCNVL_EW,0.047,0.047
1960,32Mt_L1_EW,NONE,0.036,0.0
1960,32Mt_L3_EW,NONE,0.044,0.0
1960,32Mt_L1_EW,32MT_EW,0.007,-0.018
1960,304Nvl_L3_EW,NONE,0.025,0.0
1960,304Nvl_L2_NS,NONE,0.007,0.0
1960,32Nvl_L3_EW,NONE,0.006,0.0
1960,32Nvl_L3_EW,NONE,0.031,0.0
1960,NvcNvl_L1_NS,NONE,0.009,0.0
1960,NvcNvl_L3_EW,NONE,0.056,0.0
1960,32Mt_L2_EW,NONE,0.038,0.0
1960,32Mt_L2_EW,32MT_EW,0.005,-0.022
1960,NvcMt_L1_EW,NVCMT_EW,0.028,-0.002
1965,32Nvl_L1_EW,32NVL_EW,0.035,-0.033
1965,32Nvl_L2_EW,32NVL_EW,0.039,-0.015
1965,32Nvl_L1_EW,32NVL_EW,0.007,-0.062
1965,32Nvl_L2_EW,32NVL_EW,0.007,-0.046
1965,NvcNvl_L3_NS,NONE,0.034,0.0
1965,NvcNvl_L2_NS,NONE,0.04,0.0
1965,NvcNvl_L1_EW,NVCNVL_EW,0.014,0.01
1965,NvcNvl_L2_EW,NVCNVL_EW,0.008,0.008
1965,32Mt_L1_EW,NONE,0.014,0.0
1965,32Mt_L3_EW,NONE,0.009,0.0
1965,32Mt_L1_EW,32MT_EW,0.098,0.073
1965,NvcMt_L1_EW,NVCMT_EW,0.006,-0.004
1965,32Nvl_L3_EW,NONE,0.006,0.0
1965,32Nvl_L3_EW,NONE,0.031,0.0
1965,NvcNvl_L1_NS,NONE,0.052,0.0
1965,NvcNvl_L3_EW,NONE,0.009,0.0
1965,32Mt_L2_EW,NONE,0.008,0.0
1965,32Mt_L2_EW,32MT_EW,0.076,0.049
1965,NvcMt_L2_EW,NVCMT_EW,0.008,0.002
1970,304Nvl_L1_EW,304NVL_EW,0.008,0.008
1970,304Nvl_L1_NS,NONE,0.102,0.0
1970,304Nvl_L3_NS,NONE,0.112,0.0
1970,32Nvl_L1_EW,32NVL_EW,0.042,-0.05
1970,32Nvl_L2_EW,32NVL_EW,0.046,-0.007
1970,32Nvl_L1_EW,32NVL_EW,0.007,-0.086
1970,32Nvl_L2_EW,32NVL_EW,0.007,-0.046
1970,32Nvl_L3_NS,NONE,0.042,0.0
1970,32Nvl_L2_NS,32NVL_NS,0.039,0.039
1970,NvcNvl_L3_NS,NONE,0.02,0.0
1970,NvcNvl_L2_NS,NONE,0.02,0.0
1970,NvcNvl_L1_EW,NVCNVL_EW,0.007,0.007
1970,32Mt_L1_EW,32MT_EW,0.133,0.103
1970,NvcCmt8_L2_EW,NVCCMT8_EW,0.005,0.005
1970,304Nvl_L2_NS,NONE,0.104,0.0
1970,32Nvl_L3_EW,NONE,0.006,0.0
1970,32Nvl_L3_EW,NONE,0.038,0.0
1970,32Nvl_L1_NS,32NVL_NS,0.034,0.034
1970,NvcNvl_L1_NS,NONE,0.026,0.0
1970,32Mt_L2_EW,32MT_EW,0.076,0.044
1970,NvcCmt8_L1_EW,NVCCMT8_EW,0.008,0.008
1975,304Nvl_L1_EW,304NVL_EW,0.008,0.008
1975,304Nvl_L1_NS,NONE,0.051,0.0
1975,304Nvl_L3_NS,NONE,0.008,0.0
1975,32Nvl_L1_EW,32NVL_EW,0.035,-0.067
1975,32Nvl_L2_EW,32NVL_EW,0.039,-0.038
1975,32Nvl_L1_EW,32NVL_EW,0.007,-0.096
1975,32Nvl_L2_EW,32NVL_EW,0.007,-0.069
1975,32Nvl_L3_NS,NONE,0.008,0.0
1975,32Nvl_L2_NS,32NVL_NS,0.008,0.008
1975,NvcNvl_L1_EW,NONE,0.011,0.0
1975,32Mt_L1_EW,NONE,0.007,0.0
1975,32Mt_L3_EW,NONE,0.009,0.0
1975,32Mt_L1_EW,32MT_EW,0.146,0.122
1975,304Nvl_L2_NS,NONE,0.044,0.0
1975,32Nvl_L3_EW,NONE,0.006,0.0
1975,32Nvl_L3_EW,NONE,0.031,0.0
1975,32Nvl_L1_NS,32NVL_NS,0.007,0.007
1975,32Mt_L2_EW,NONE,0.008,0.0
1975,32Mt_L2_EW,32MT_EW,0.109,0.082
1975,NvcCmt8_L1_EW,NONE,0.006,0.0
1980,304Nvl_L1_EW,304NVL_EW,0.008,0.008
1980,304Nvl_L1_NS,NONE,0.044,0.0
1980,304Nvl_L3_NS,NONE,0.04,0.0
1980,32Nvl_L1_NS,32NVL_NS,0.035,0.035
1980,32Nvl_L1_EW,32NVL_EW,0.035,-0.067
1980,32Nvl_L2_EW,32NVL_EW,0.039,-0.038
1980,32Nvl_L1_EW,32NVL_EW,0.007,-0.096
1980,32Nvl_L2_EW,32NVL_EW,0.007,-0.069
1980,32Nvl_L3_NS,NONE,0.008,0.0
1980,32Nvl_L2_NS,32NVL_NS,0.008,0.008
1980,NvcNvl_L1_EW,NONE,0.011,0.0
1980,NvcNvl_L2_EW,NONE,0.008,0.0
1980,NvcNvl_L1_EW,NVCNVL_EW,0.049,0.049
1980,32Mt_L1_EW,32MT_EW,0.146,0.122
1980,304Nvl_L2_NS,NONE,0.037,0.0
1980,32Nvl_L3_EW,NONE,0.006,0.0
1980,32Nvl_L3_EW,NONE,0.031,0.0
1980,32Nvl_L1_NS,32NVL_NS,0.013,0.013
1980,32Mt_L2_EW,32MT_EW,0.109,0.082
1985,304Nvl_L1_EW,304NVL_EW,0.11,0.11
1985,304Nvl_L1_NS,NONE,0.007,0.0
1985,304Nvl_L3_NS,NONE,0.008,0.0
1985,32Nvl_L1_NS,32NVL_NS,0.007,0.007
1985,32Nvl_L1_EW,32NVL_EW,0.042,-0.045
1985,32Nvl_L2_EW,32NVL_EW,0.046,-0.018
1985,32Nvl_L1_EW,32NVL_EW,0.007,-0.081
1985,32Nvl_L2_EW,32NVL_EW,0.007,-0.057
1985,32Nvl_L3_NS,NONE,0.008,0.0
1985,32Nvl_L2_NS,32NVL_NS,0.008,0.008
1985,NvcNvl_L3_NS,NONE,0.034,0.0
1985,NvcNvl_L2_NS,NONE,0.033,0.0
1985,NvcNvl_L1_EW,NVCNVL_EW,0.007,0.003
1985,32Mt_L1_EW,32MT_EW,0.126,0.096
1985,NvcMt_L2_NS,NONE,0.005,0.0
1985,NvcMt_L1_EW,NVCMT_EW,0.006,0.001
1985,304Nvl_L2_NS,NONE,0.007,0.0
1985,32Nvl_L3_EW,NONE,0.006,0.0
1985,32Nvl_L3_EW,NONE,0.038,0.0
1985,32Nvl_L1_NS,32NVL_NS,0.007,0.007
1985,NvcNvl_L1_NS,NONE,0.044,0.0
1985,32Mt_L2_EW,32MT_EW,0.092,0.06
1985,NvcMt_L1_NS,NONE,0.005,0.0
1985,NvcMt_L2_EW,NVCMT_EW,0.008,0.008
1990,304Nvl_L1_EW,304NVL_EW,0.059,0.059
1990,304Nvl_L2_EW,304NVL_EW,0.044,0.044
1990,32Nvl_L1_NS,32NVL_NS,0.007,0.007
1990,32Nvl_L3_NS,NONE,0.008,0.0
1990,32Nvl_L2_NS,32NVL_NS,0.008,0.008
1990,NvcNvl_L3_NS,NONE,0.007,0.0
1990,NvcNvl_L2_NS,NONE,0.007,0.0
1990,32Mt_L1_EW,32MT_EW,0.126,0.126
1990,304Nvl_L3_EW,NONE,0.038,0.0
1990,32Nvl_L1_NS,32NVL_NS,0.007,0.007
1990,NvcNvl_L1_NS,NONE,0.009,0.0
1990,32Mt_L2_EW,32MT_EW,0.092,0.092
1995,304Nvl_L1_EW,304NVL_EW,0.059,0.059
1995,304Nvl_L2_EW,304NVL_EW,0.051,0.051
1995,32Nvl_L3_NS,NONE,0.008,0.0
1995,32Nvl_L2_NS,32NVL_NS,0.008,0.008
1995,NvcNvl_L1_EW,NONE,0.011,0.0
1995,NvcNvl_L2_EW,NONE,0.008,0.0
1995,32Mt_L1_EW,32MT_EW,0.119,0.119
1995,304Nvl_L3_EW,NONE,0.044,0.0
1995,32Nvl_L1_NS,32NVL_NS,0.013,0.013
1995,NvcNvl_L3_EW,NONE,0.006,0.0
1995,32Mt_L2_EW,32MT_EW,0.092,0.092
2000,304Nvl_L1_EW,304NVL_EW,0.025,0.025
2000,304Nvl_L2_EW,304NVL_EW,0.015,0.015
2000,304Nvl_L1_NS,NONE,0.007,0.0
2000,32Nvl_L1_EW,32NVL_EW,0.007,-0.071
2000,32Nvl_L2_EW,32NVL_EW,0.008,-0.053
2000,32Nvl_L3_NS,NONE,0.008,0.0
2000,32Nvl_L2_NS,32NVL_NS,0.008,0.008
2000,32Mt_L1_EW,32MT_EW,0.112,0.107
2000,304Nvl_L3_EW,NONE,0.013,0.0
2000,32Nvl_L3_EW,NONE,0.006,0.0
2000,32Nvl_L1_NS,32NVL_NS,0.027,0.027
2000,32Mt_L2_EW,32MT_EW,0.087,0.082
2005,304Nvl_L1_NS,NONE,0.08,0.0
2005,304Nvl_L3_NS,NONE,0.04,0.0
2005,32Nvl_L3_NS,NONE,0.007,0.0
2005,32Nvl_L1_NS,32NVL_NS,0.014,0.014
2005,32Nvl_L3_NS,NONE,0.008,0.0
2005,32Nvl_L2_NS,32NVL_NS,0.008,0.008
2005,NvcNvl_L3_NS,NONE,0.007,0.0
2005,NvcNvl_L2_NS,NONE,0.007,0.0
2005,NvcNvl_L1_EW,NVCNVL_EW,0.007,0.007
2005,NvcNvl_L2_EW,NVCNVL_EW,0.008,0.008
2005,32Mt_L1_EW,NONE,0.043,0.0
2005,32Mt_L3_EW,NONE,0.053,0.0
2005,32Mt_L1_EW,32MT_EW,0.112,0.112
2005,304Nvl_L2_NS,NONE,0.037,0.0
2005,32Nvl_L2_NS,32NVL_NS,0.013,0.013
2005,32Nvl_L1_NS,32NVL_NS,0.02,0.02
2005,NvcNvl_L1_NS,NONE,0.009,0.0
2005,NvcNvl_L3_EW,NONE,0.009,0.0
2005,32Mt_L2_EW,NONE,0.045,0.0
2005,32Mt_L2_EW,32MT_EW,0.087,0.087
2010,304Nvl_L1_EW,NONE,0.008,0.0
2010,304Nvl_L1_NS,NONE,0.029,0.0
2010,304Nvl_L3_NS,NONE,0.008,0.0
2010,32Nvl_L3_NS,NONE,0.014,0.0
2010,32Nvl_L1_NS,32NVL_NS,0.021,0.021
2010,32Nvl_L3_NS,NONE,0.008,0.0
2010,32Nvl_L2_NS,32NVL_NS,0.008,0.008
2010,NvcNvl_L1_EW,NVCNVL_EW,0.084,0.084
2010,NvcNvl_L2_EW,NVCNVL_EW,0.094,0.094
2010,32Mt_L1_EW,NONE,0.05,0.0
2010,32Mt_L3_EW,NONE,0.018,0.0
2010,32Mt_L1_EW,32MT_EW,0.112,0.112
2010,304Nvl_L2_NS,NONE,0.007,0.0
2010,32Nvl_L2_NS,32NVL_NS,0.02,0.02
2010,32Nvl_L1_NS,32NVL_NS,0.013,0.013
2010,NvcNvl_L3_EW,NONE,0.112,0.0
2010,32Mt_L2_EW,NONE,0.015,0.0
2010,32Mt_L2_EW,32MT_EW,0.087,0.087
2015,304Nvl_L1_EW,304NVL_EW,0.042,0.042
2015,304Nvl_L1_NS,NONE,0.007,0.0
2015,304Nvl_L3_NS,NONE,0.008,0.0
2015,32Nvl_L3_NS,NONE,0.007,0.0
2015,32Nvl_L1_NS,32NVL_NS,0.028,0.028
2015,32Nvl_L3_NS,NONE,0.058,0.0
2015,32Nvl_L2_NS,32NVL_NS,0.055,0.055
2015,NvcNvl_L3_NS,NONE,0.007,0.0
2015,NvcNvl_L2_NS,NONE,0.007,0.0
2015,NvcNvl_L1_EW,NVCNVL_EW,0.099,0.099
2015,NvcNvl_L2_EW,NVCNVL_EW,0.102,0.102
2015,32Mt_L1_EW,32MT_EW,0.007,0.007
2015,32Mt_L1_NS,NONE,0.01,0.0
2015,304Nvl_L2_NS,NONE,0.007,0.0
2015,32Nvl_L2_NS,32NVL_NS,0.02,0.02
2015,32Nvl_L1_NS,32NVL_NS,0.047,0.047
2015,NvcNvl_L1_NS,NONE,0.009,0.0
2015,NvcNvl_L3_EW,NONE,0.121,0.0
2015,32Mt_L2_EW,32MT_EW,0.005,0.005
2015,32Mt_L2_NS,NONE,0.009,0.0
2020,304Nvl_L1_EW,304NVL_EW,0.008,0.008
2020,32Nvl_L1_NS,32NVL_NS,0.028,0.028
2020,32Nvl_L3_NS,NONE,0.05,0.0
2020,32Nvl_L2_NS,32NVL_NS,0.055,0.055
2020,NvcNvl_L3_NS,NONE,0.007,0.0
2020,NvcNvl_L2_NS,NONE,0.007,0.0
2020,NvcNvl_L1_EW,NVCNVL_EW,0.007,0.007
2020,NvcNvl_L2_EW,NVCNVL_EW,0.008,0.008
2020,32Mt_L1_NS,32MT_NS,0.006,0.006
2020,32Mt_L1_EW,NONE,0.007,0.0
2020,32Mt_L1_NS,NONE,0.117,0.0
2020,32Nvl_L2_NS,32NVL_NS,0.02,0.02
2020,32Nvl_L1_NS,32NVL_NS,0.047,0.047
2020,NvcNvl_L1_NS,NONE,0.009,0.0
2020,NvcNvl_L3_EW,NONE,0.009,0.0
2025,304Nvl_L1_EW,304NVL_EW,0.008,0.008
2025,32Nvl_L1_NS,32NVL_NS,0.007,0.007
2025,32Nvl_L1_EW,32NVL_EW,0.007,0.002
2025,32Nvl_L2_EW,32NVL_EW,0.008,0.008
2025,NvcNvl_L1_EW,NONE,0.011,0.0
2025,NvcNvl_L2_EW,NONE,0.008,0.0
2025,NvcNvl_L1_EW,NVCNVL_EW,0.007,0.007
2025,NvcNvl_L2_EW,NVCNVL_EW,0.008,0.008
2025,32Mt_L1_NS,32MT_NS,0.006,0.006
2025,32Mt_L1_EW,NONE,0.014,0.0
2025,32Mt_L1_EW,32MT_EW,0.007,0.002
2025,32Mt_L1_NS,NONE,0.176,0.0
2025,32Nvl_L2_NS,32NVL_NS,0.007,0.007
2025,32Nvl_L3_EW,NONE,0.006,0.0
2025,32Nvl_L1_NS,32NVL_NS,0.034,0.034
2025,NvcNvl_L3_EW,NONE,0.006,0.0
2025,NvcNvl_L3_EW,NONE,0.009,0.0
2030,304Nvl_L1_EW,304NVL_EW,0.008,0.008
2030,32Nvl_L1_NS,32NVL_NS,0.007,0.007
2030,32Nvl_L1_EW,32NVL_EW,0.007,0.002
2030,32Nvl_L2_EW,32NVL_EW,0.008,0.004
2030,NvcNvl_L3_NS,NONE,0.007,0.0
2030,NvcNvl_L2_NS,NONE,0.007,0.0
2030,NvcNvl_L1_EW,NONE,0.064,0.0
2030,NvcNvl_L2_EW,NONE,0.046,0.0
2030,NvcNvl_L1_EW,NVCNVL_EW,0.007,0.007
2030,32Mt_L1_EW,NONE,0.007,0.0
2030,32Mt_L1_EW,32MT_EW,0.007,0.002
2030,32Mt_L1_NS,NONE,0.049,0.0
2030,NvcMt_L2_EW,NVCMT_EW,0.003,0.003
2030,32Nvl_L3_EW,NONE,0.006,0.0
2030,NvcNvl_L1_NS,NONE,0.009,0.0
2030,NvcNvl_L3_EW,NONE,0.038,0.0
2030,32Mt_L2_EW,32MT_EW,0.005,0.0
2030,NvcMt_L1_EW,NVCMT_EW,0.006,0.001
2035,304Nvl_L1_EW,304NVL_EW,0.051,0.051
2035,304Nvl_L2_EW,304NVL_EW,0.044,0.044
2035,32Nvl_L1_EW,32NVL_EW,0.042,0.038
2035,32Nvl_L2_EW,32NVL_EW,0.046,0.043
2035,NvcNvl_L3_NS,NONE,0.007,0.0
2035,NvcNvl_L2_NS,NONE,0.007,0.0
2035,NvcNvl_L1_EW,NONE,0.011,0.0
2035,NvcNvl_L2_EW,NONE,0.008,0.0
2035,NvcNvl_L1_EW,NVCNVL_EW,0.007,0.007
2035,32Mt_L1_EW,NONE,0.007,0.0
2035,32Mt_L1_EW,32MT_EW,0.007,-0.023
2035,NvcMt_L2_EW,NVCMT_EW,0.003,0.003
2035,304Nvl_L3_EW,NONE,0.038,0.0
2035,32Nvl_L3_EW,NONE,0.038,0.0
2035,NvcNvl_L1_NS,NONE,0.009,0.0
2035,32Mt_L2_EW,32MT_EW,0.005,-0.027
2035,NvcMt_L1_EW,NVCMT_EW,0.006,0.001
2040,304Nvl_L1_EW,304NVL_EW,0.008,0.008
2040,304Nvl_L2_EW,304NVL_EW,0.007,0.007
2040,32Nvl_L3_NS,NONE,0.034,0.0
2040,32Nvl_L1_NS,32NVL_NS,0.042,0.042
2040,32Nvl_L1_EW,32NVL_EW,0.05,0.045
2040,32Nvl_L2_EW,32NVL_EW,0.054,0.05
2040,NvcNvl_L1_EW,NVCNVL_EW,0.035,0.035
2040,32Mt_L1_EW,32MT_EW,0.007,-0.028
2040,NvcMt_L2_EW,NVCMT_EW,0.003,0.003
2040,304Nvl_L3_EW,NONE,0.006,0.0
2040,32Nvl_L2_NS,32NVL_NS,0.033,0.033
2040,32Nvl_L3_EW,NONE,0.044,0.0
2040,32Mt_L2_EW,32MT_EW,0.005,-0.032
2040,NvcMt_L1_EW,NVCMT_EW,0.006,-0.019
2045,304Nvl_L1_EW,304NVL_EW,0.042,0.042
2045,304Nvl_L2_EW,304NVL_EW,0.036,0.036
2045,32Nvl_L3_NS,NONE,0.014,0.0
2045,32Nvl_L1_NS,32NVL_NS,0.048,0.048
2045,32Nvl_L1_EW,32NVL_EW,0.007,-0.003
2045,32Nvl_L2_EW,32NVL_EW,0.008,0.0
2045,32Nvl_L3_NS,NONE,0.042,0.0
2045,32Nvl_L2_NS,32NVL_NS,0.039,0.039
2045,NvcNvl_L1_EW,NVCNVL_EW,0.007,0.007
2045,NvcNvl_L2_EW,NVCNVL_EW,0.008,0.006
2045,32Mt_L1_EW,NONE,0.043,0.0
2045,32Mt_L3_EW,NONE,0.053,0.0
2045,32Mt_L1_EW,32MT_EW,0.014,0.009
2045,NvcMt_L2_EW,NVCMT_EW,0.003,-0.003
2045,32Nvl_L2_NS,32NVL_NS,0.047,0.047
2045,32Nvl_L3_EW,NONE,0.006,0.0
2045,32Nvl_L1_NS,32NVL_NS,0.067,0.067
2045,NvcNvl_L3_EW,NONE,0.009,0.0
2045,32Mt_L2_EW,NONE,0.045,0.0
2045,32Mt_L2_EW,32MT_EW,0.011,0.005
2045,NvcMt_L1_EW,NVCMT_EW,0.006,0.001
2050,304Nvl_L1_EW,304NVL_EW,0.085,0.085
2050,304Nvl_L2_EW,304NVL_EW,0.036,0.036
2050,304Nvl_L1_NS,NONE,0.007,0.0
2050,304Nvl_L3_NS,NONE,0.008,0.0
2050,32Nvl_L1_NS,32NVL_NS,0.007,0.007
2050,32Nvl_L1_EW,32NVL_EW,0.007,0.007
2050,32Nvl_L2_EW,32NVL_EW,0.008,0.008
2050,NvcNvl_L1_EW,NVCNVL_EW,0.007,0.007
2050,NvcNvl_L2_EW,NVCNVL_EW,0.008,0.006
2050,32Mt_L1_EW,NONE,0.014,0.0
2050,32Mt_L3_EW,NONE,0.009,0.0
2050,32Mt_L1_NS,NONE,0.01,0.0
2050,NvcMt_L2_EW,NVCMT_EW,0.003,-0.003
2050,304Nvl_L3_EW,NONE,0.032,0.0
2050,304Nvl_L2_NS,NONE,0.007,0.0
2050,32Nvl_L2_NS,32NVL_NS,0.007,0.007
2050,32Nvl_L3_EW,NONE,0.006,0.0
2050,NvcNvl_L3_EW,NONE,0.009,0.0
2050,32Mt_L2_EW,NONE,0.008,0.0
2050,NvcMt_L1_EW,NVCMT_EW,0.006,0.001
2055,304Nvl_L1_NS,NONE,0.044,0.0
2055,304Nvl_L3_NS,NONE,0.008,0.0
2055,32Nvl_L1_NS,32NVL_NS,0.035,0.035
2055,32Nvl_L1_EW,32NVL_EW,0.007,-0.022
2055,32Nvl_L2_EW,32NVL_EW,0.008,0.008
2055,32Nvl_L3_NS,NONE,0.008,0.0
2055,32Nvl_L2_NS,32NVL_NS,0.008,0.008
2055,32Mt_L1_NS,32MT_NS,0.006,0.006
2055,32Mt_L1_EW,32MT_EW,0.042,0.037
2055,32Mt_L1_NS,NONE,0.01,0.0
2055,NvcMt_L2_EW,NVCMT_EW,0.003,0.003
2055,304Nvl_L2_NS,NONE,0.007,0.0
2055,32Nvl_L3_EW,NONE,0.006,0.0
2055,32Nvl_L1_NS,32NVL_NS,0.007,0.007
2055,NvcMt_L1_EW,NVCMT_EW,0.006,0.006
2060,304Nvl_L1_NS,304NVL_NS,0.009,0.009
2060,304Nvl_L1_EW,304NVL_EW,0.008,0.008
2060,304Nvl_L2_EW,304NVL_EW,0.007,0.007
2060,32Nvl_L1_EW,32NVL_EW,0.007,-0.022
2060,32Nvl_L2_EW,32NVL_EW,0.008,-0.015
2060,NvcNvl_L3_NS,NONE,0.007,0.0
2060,NvcNvl_L2_NS,NONE,0.007,0.0
2060,32Mt_L1_NS,32MT_NS,0.006,0.006
2060,32Mt_L1_EW,32MT_EW,0.042,0.037
2060,304Nvl_L3_EW,NONE,0.006,0.0
2060,32Nvl_L3_EW,NONE,0.006,0.0
2060,NvcNvl_L1_NS,NONE,0.009,0.0
2060,32Mt_L2_EW,32MT_EW,0.033,0.027
2065,304Nvl_L1_NS,304NVL_NS,0.018,0.018
2065,304Nvl_L1_EW,304NVL_EW,0.051,0.051
2065,304Nvl_L2_EW,304NVL_EW,0.044,0.044
2065,32Nvl_L1_EW,32NVL_EW,0.042,0.042
2065,32Nvl_L2_EW,32NVL_EW,0.046,0.046
2065,NvcNvl_L3_NS,NONE,0.014,0.0
2065,NvcNvl_L2_NS,NONE,0.013,0.0
2065,32Mt_L1_NS,32MT_NS,0.006,0.006
2065,32Mt_L1_EW,NONE,0.014,0.0
2065,32Mt_L3_EW,NONE,0.018,0.0
2065,32Mt_L1_NS,NONE,0.01,0.0
2065,304Nvl_L3_EW,NONE,0.038,0.0
2065,32Nvl_L3_EW,NONE,0.038,0.0
2065,NvcNvl_L1_NS,NONE,0.017,0.0
2065,32Mt_L2_EW,NONE,0.015,0.0
2065,32Mt_L2_NS,NONE,0.009,0.0
2070,304Thn_L1_EW,NONE,0.007,0.0
2070,304Thn_L2_EW,NONE,0.008,0.0
2070,304Nvl_L1_NS,304NVL_NS,0.018,0.018
2070,304Nvl_L1_EW,304NVL_EW,0.068,0.068
2070,304Nvl_L2_EW,304NVL_EW,0.051,0.051
2070,304Nvl_L1_NS,NONE,0.007,0.0
2070,304Nvl_L3_NS,NONE,0.008,0.0
2070,32Nvl_L1_EW,32NVL_EW,0.042,0.042
2070,32Nvl_L2_EW,32NVL_EW,0.046,0.046
2070,NvcNvl_L1_EW,NVCNVL_EW,0.007,0.007
2070,304Nvl_L2_NS,304NVL_NS,0.008,0.008
2070,304Nvl_L3_EW,NONE,0.044,0.0
2070,304Nvl_L2_NS,NONE,0.007,0.0
2070,32Nvl_L3_EW,NONE,0.038,0.0
2070,304Thn_L3_EW,NONE,0.008,0.0
2075,304Thn_L1_EW,304THN_EW,0.008,0.002
2075,304Nvl_L1_NS,304NVL_NS,0.009,0.009
2075,304Nvl_L1_EW,304NVL_EW,0.008,0.003
2075,304Nvl_L2_EW,304NVL_EW,0.007,0.007
2075,304Nvl_L1_NS,NONE,0.007,0.0
2075,32Nvl_L1_EW,32NVL_EW,0.007,-0.003
2075,32Nvl_L2_EW,32NVL_EW,0.008,0.0
2075,NvcNvl_L1_EW,NVCNVL_EW,0.007,0.007
2075,32Mt_L1_EW,NONE,0.007,0.0
2075,32Mt_L3_EW,NONE,0.009,0.0
2075,32Mt_L1_EW,32MT_EW,0.014,0.009
2075,32Mt_L1_NS,NONE,0.01,0.0
2075,NvcMt_L2_NS,NONE,0.005,0.0
2075,304Nvl_L3_EW,NONE,0.006,0.0
2075,32Nvl_L3_EW,NONE,0.006,0.0
2075,32Mt_L2_EW,NONE,0.008,0.0
2075,32Mt_L2_EW,32MT_EW,0.011,0.005
2075,NvcMt_L1_NS,NONE,0.005,0.0
2080,304Nvl_L1_EW,304NVL_EW,0.008,0.008
2080,304Nvl_L1_NS,NONE,0.044,0.0
2080,32Nvl_L3_NS,NONE,0.034,0.0
2080,32Nvl_L1_NS,32NVL_NS,0.035,0.035
2080,32Nvl_L1_EW,32NVL_EW,0.007,0.007
2080,32Nvl_L2_EW,32NVL_EW,0.008,0.008
2080,32Nvl_L3_NS,NONE,0.008,0.0
2080,32Nvl_L2_NS,32NVL_NS,0.008,0.008
2080,NvcNvl_L1_EW,NVCNVL_EW,0.007,0.007
2080,NvcNvl_L2_EW,NVCNVL_EW,0.008,0.006
2080,32Mt_L1_NS,NONE,0.01,0.0
2080,NvcMt_L2_EW,NVCMT_EW,0.003,-0.003
2080,32Nvl_L2_NS,32NVL_NS,0.033,0.033
2080,32Nvl_L3_EW,NONE,0.006,0.0
2080,32Nvl_L1_NS,32NVL_NS,0.04,0.04
2080,NvcNvl_L3_EW,NONE,0.009,0.0
2080,32Mt_L2_NS,NONE,0.009,0.0
2080,NvcMt_L1_EW,NVCMT_EW,0.006,0.001
2085,304Nvl_L1_NS,NONE,0.007,0.0
2085,32Nvl_L1_EW,32NVL_EW,0.007,0.002
2085,32Nvl_L2_EW,32NVL_EW,0.008,0.004
2085,NvcNvl_L3_NS,NONE,0.007,0.0
2085,NvcNvl_L2_NS,NONE,0.007,0.0
2085,32Mt_L1_NS,32MT_NS,0.006,0.006
2085,32Mt_L1_EW,32MT_EW,0.007,0.002
2085,32Nvl_L3_EW,NONE,0.006,0.0
2085,NvcNvl_L1_NS,NONE,0.009,0.0
2085,32Mt_L2_EW,32MT_EW,0.005,0.0
2090,304Nvl_L1_NS,NONE,0.036,0.0
2090,304Nvl_L3_NS,NONE,0.04,0.0
2090,32Nvl_L1_EW,32NVL_EW,0.042,0.037
2090,32Nvl_L2_EW,32NVL_EW,0.046,0.041
2090,32Mt_L1_NS,32MT_NS,0.006,0.006
2090,32Mt_L1_NS,NONE,0.049,0.0
2090,NvcMt_L1_EW,NVCMT_EW,0.006,0.006
2090,32Thn_L1_EW,32THN_EW,0.008,-0.022
2090,32Thn_L2_EW,32THN_EW,0.008,-0.024
2090,32Thn_L3_EW,NONE,0.008,0.0
2090,304Nvl_L2_NS,NONE,0.037,0.0
2090,32Nvl_L3_EW,NONE,0.006,0.0
2090,32Nvl_L1_NS,32NVL_NS,0.034,0.034
2090,32Mt_L2_NS,NONE,0.043,0.0
2090,NvcMt_L2_EW,NVCMT_EW,0.008,0.008
2095,304Thn_L1_EW,304THN_EW,0.008,0.008
2095,304Thn_L3_EW,NONE,0.008,0.0
2095,32Nvl_L3_NS,NONE,0.007,0.0
2095,32Nvl_L1_NS,32NVL_NS,0.007,0.007
2095,32Nvl_L1_EW,32NVL_EW,0.042,0.042
2095,32Nvl_L2_EW,32NVL_EW,0.046,0.046
2095,32Nvl_L3_NS,NONE,0.008,0.0
2095,32Nvl_L2_NS,32NVL_NS,0.008,0.008
2095,NvcNvl_L1_EW,NVCNVL_EW,0.014,0.014
2095,NvcNvl_L2_EW,NVCNVL_EW,0.008,0.008
2095,32Mt_L1_NS,32MT_NS,0.006,0.006
2095,32Thn_L1_EW,NONE,0.01,0.0
2095,32Nvl_L2_NS,32NVL_NS,0.007,0.007
2095,32Nvl_L3_EW,NONE,0.038,0.0
2095,32Nvl_L1_NS,32NVL_NS,0.007,0.007
2095,NvcNvl_L3_EW,NONE,0.009,0.0
2095,304Thn_L2_EW,304THN_EW,0.007,0.007
2100,304Thn_L1_EW,304THN_EW,0.008,0.008
2100,304Thn_L3_EW,NONE,0.008,0.0
2100,32Nvl_L1_EW,32NVL_EW,0.014,-0.01
2100,32Nvl_L2_EW,32NVL_EW,0.015,-0.004
2100,NvcNvl_L1_EW,NVCNVL_EW,0.007,0.007
2100,NvcNvl_L2_EW,NVCNVL_EW,0.008,0.008
2100,32Mt_L1_EW,NONE,0.036,0.0
2100,32Mt_L1_EW,32MT_EW,0.035,0.025
2100,NvcCmt8_L2_NS,NONE,0.011,0.0
2100,NvcCmt8_L1_NS,NONE,0.008,0.0
2100,32Nvl_L3_EW,NONE,0.013,0.0
2100,NvcNvl_L3_EW,NONE,0.009,0.0
2100,32Mt_L2_EW,32MT_EW,0.027,0.016
2100,304Thn_L2_EW,304THN_EW,0.007,0.007
2105,304Nvl_L1_EW,304NVL_EW,0.042,0.042
2105,32Nvl_L1_EW,32NVL_EW,0.014,-0.015
2105,32Nvl_L2_EW,32NVL_EW,0.015,0.012
2105,NvcNvl_L1_EW,NONE,0.011,0.0
2105,NvcNvl_L2_EW,NONE,0.008,0.0
2105,32Mt_L1_EW,32MT_EW,0.042,0.032
2105,32Nvl_L3_EW,NONE,0.013,0.0
2105,32Nvl_L1_NS,32NVL_NS,0.034,0.034
2105,32Mt_L2_EW,32MT_EW,0.005,-0.005
2110,304Nvl_L1_EW,304NVL_EW,0.008,0.008
2110,304Nvl_L2_EW,304NVL_EW,0.007,0.007
2110,304Nvl_L1_NS,NONE,0.007,0.0
2110,304Nvl_L3_NS,NONE,0.008,0.0
2110,32Nvl_L3_NS,NONE,0.007,0.0
2110,32Nvl_L1_NS,32NVL_NS,0.007,0.007
2110,32Nvl_L1_EW,32NVL_EW,0.007,-0.003
2110,32Nvl_L2_EW,32NVL_EW,0.008,0.0
2110,NvcNvl_L1_EW,NONE,0.011,0.0
2110,NvcNvl_L2_EW,NONE,0.008,0.0
2110,32Mt_L1_EW,NONE,0.036,0.0
2110,32Mt_L1_EW,32MT_EW,0.014,0.009
2110,NvcMt_L2_NS,NONE,0.005,0.0
2110,NvcCmt8_L2_EW,NVCCMT8_EW,0.026,0.026
2110,NvcCmt8_L2_NS,NONE,0.011,0.0
2110,NvcCmt8_L1_NS,NONE,0.008,0.0
2110,304Nvl_L3_EW,NONE,0.006,0.0
2110,304Nvl_L2_NS,NONE,0.007,0.0
2110,32Nvl_L2_NS,32NVL_NS,0.007,0.007
2110,32Nvl_L3_EW,NONE,0.006,0.0
2110,32Nvl_L1_NS,32NVL_NS,0.007,0.007
2110,NvcNvl_L3_EW,NONE,0.006,0.0
2110,32Mt_L2_EW,32MT_EW,0.011,0.005
2110,NvcMt_L1_NS,NONE,0.005,0.0
2110,NvcCmt8_L1_NS,NONE,0.011,0.0
2110,NvcCmt8_L1_EW,NVCCMT8_EW,0.038,0.038
2115,304Nvl_L1_EW,304NVL_EW,0.008,0.008
2115,304Nvl_L2_EW,304NVL_EW,0.007,0.007
2115,32Nvl_L3_NS,NONE,0.041,0.0
2115,32Nvl_L1_NS,32NVL_NS,0.042,0.042
2115,32Nvl_L1_EW,32NVL_EW,0.007,0.007
2115,32Nvl_L2_EW,32NVL_EW,0.008,0.008
2115,NvcNvl_L3_NS,NONE,0.007,0.0
2115,NvcNvl_L2_NS,NONE,0.007,0.0
2115,NvcNvl_L1_EW,NVCNVL_EW,0.007,0.007
2115,32Mt_L1_NS,32MT_NS,0.006,0.006
2115,32Mt_L1_EW,NONE,0.036,0.0
2115,32Mt_L3_EW,NONE,0.044,0.0
2115,32Mt_L1_NS,NONE,0.01,0.0
2115,NvcCmt8_L2_EW,NVCCMT8_EW,0.026,0.026
2115,304Nvl_L3_EW,NONE,0.006,0.0
2115,32Nvl_L2_NS,32NVL_NS,0.04,0.04
2115,32Nvl_L3_EW,NONE,0.006,0.0
2115,32Nvl_L1_NS,32NVL_NS,0.007,0.007
2115,NvcNvl_L1_NS,NONE,0.009,0.0
2115,32Mt_L2_EW,NONE,0.038,0.0
2115,NvcCmt8_L1_EW,NVCCMT8_EW,0.038,0.038
2120,304Nvl_L1_EW,304NVL_EW,0.059,0.059
2120,304Nvl_L2_EW,304NVL_EW,0.044,0.044
2120,304Nvl_L1_NS,NONE,0.007,0.0
2120,32Nvl_L1_NS,32NVL_NS,0.042,0.042
2120,32Nvl_L1_EW,32NVL_EW,0.007,0.007
2120,32Nvl_L2_EW,32NVL_EW,0.008,0.008
2120,32Mt_L1_NS,32MT_NS,0.006,0.006
2120,NvcCmt8_L2_NS,NONE,0.012,0.0
2120,304Nvl_L3_EW,NONE,0.038,0.0
2120,32Nvl_L2_NS,32NVL_NS,0.04,0.04
2120,32Nvl_L3_EW,NONE,0.006,0.0
2120,NvcCmt8_L1_NS,NONE,0.011,0.0
2120,NvcCmt8_L1_EW,NONE,0.029,0.0
2125,304Nvl_L1_EW,304NVL_EW,0.152,0.152
2125,304Nvl_L2_EW,304NVL_EW,0.131,0.131
2125,304Nvl_L1_NS,NONE,0.007,0.0
2125,32Nvl_L1_NS,32NVL_NS,0.007,0.007
2125,32Nvl_L3_NS,NONE,0.008,0.0
2125,32Nvl_L2_NS,32NVL_NS,0.008,0.008
2125,32Mt_L1_NS,32MT_NS,0.006,0.006
2125,32Mt_L1_EW,32MT_EW,0.035,0.035
2125,304Nvl_L3_EW,NONE,0.082,0.0
2125,32Nvl_L2_NS,32NVL_NS,0.007,0.007
2125,32Nvl_L1_NS,32NVL_NS,0.007,0.007
2130,304Nvl_L1_EW,304NVL_EW,0.102,0.102
2130,304Nvl_L2_EW,304NVL_EW,0.087,0.087
2130,304Nvl_L1_NS,NONE,0.036,0.0
2130,32Nvl_L1_NS,32NVL_NS,0.007,0.007
2130,32Nvl_L1_EW,32NVL_EW,0.007,0.007
2130,32Nvl_L3_NS,NONE,0.008,0.0
2130,32Nvl_L2_NS,32NVL_NS,0.008,0.008
2130,NvcNvl_L1_EW,NONE,0.128,0.0
2130,NvcNvl_L2_EW,NONE,0.092,0.0
2130,304Nvl_L3_EW,NONE,0.076,0.0
2130,32Nvl_L2_NS,32NVL_NS,0.007,0.007
2130,32Nvl_L1_NS,32NVL_NS,0.007,0.007
2130,NvcNvl_L3_EW,NONE,0.076,0.0
2135,304Nvl_L1_EW,304NVL_EW,0.102,0.102
2135,304Nvl_L2_EW,304NVL_EW,0.087,0.087
2135,304Nvl_L1_NS,NONE,0.036,0.0
2135,32Nvl_L3_NS,NONE,0.058,0.0
2135,32Nvl_L2_NS,32NVL_NS,0.055,0.055
2135,NvcNvl_L3_NS,NONE,0.007,0.0
2135,NvcNvl_L2_NS,NONE,0.007,0.0
2135,NvcNvl_L1_EW,NONE,0.128,0.0
2135,NvcNvl_L2_EW,NONE,0.092,0.0
2135,NvcCmt8_L2_EW,NONE,0.007,0.0
2135,304Nvl_L3_EW,NONE,0.076,0.0
2135,32Nvl_L1_NS,32NVL_NS,0.047,0.047
2135,NvcNvl_L1_NS,NONE,0.009,0.0
2135,NvcNvl_L3_EW,NONE,0.076,0.0
2135,NvcCmt8_L1_EW,NONE,0.006,0.0
2140,304Nvl_L1_EW,304NVL_EW,0.102,0.102
2140,304Nvl_L2_EW,304NVL_EW,0.087,0.087
2140,32Nvl_L1_EW,32NVL_EW,0.007,0.002
2140,32Nvl_L2_EW,32NVL_EW,0.008,0.004
2140,32Nvl_L3_NS,NONE,0.008,0.0
2140,32Nvl_L2_NS,32NVL_NS,0.008,0.008
2140,NvcNvl_L1_EW,NONE,0.139,0.0
2140,NvcNvl_L2_EW,NONE,0.099,0.0
2140,NvcNvl_L1_EW,NVCNVL_EW,0.007,0.003
2140,NvcNvl_L2_EW,NVCNVL_EW,0.008,0.008
2140,32Mt_L1_EW,NONE,0.007,0.0
2140,32Mt_L3_EW,NONE,0.009,0.0
2140,32Mt_L1_EW,32MT_EW,0.007,0.002
2140,NvcMt_L1_EW,NVCMT_EW,0.006,0.001
2140,304Nvl_L3_EW,NONE,0.076,0.0
2140,32Nvl_L3_EW,NONE,0.006,0.0
2140,32Nvl_L1_NS,32NVL_NS,0.007,0.007
2140,32Mt_L2_EW,NONE,0.008,0.0
2140,32Mt_L2_EW,32MT_EW,0.005,0.0
2140,NvcMt_L2_EW,NVCMT_EW,0.008,0.002
2145,304Nvl_L1_EW,304NVL_EW,0.102,0.102
2145,304Nvl_L2_EW,304NVL_EW,0.087,0.087
2145,32Nvl_L1_EW,32NVL_EW,0.007,0.002
2145,32Nvl_L2_EW,32NVL_EW,0.008,0.004
2145,32Nvl_L1_EW,32NVL_EW,0.007,0.002
2145,32Nvl_L2_EW,32NVL_EW,0.007,0.004
2145,NvcNvl_L3_NS,NONE,0.034,0.0
2145,NvcNvl_L2_NS,NONE,0.033,0.0
2145,NvcNvl_L1_EW,NVCNVL_EW,0.007,0.003
2145,NvcNvl_L2_EW,NVCNVL_EW,0.008,0.008
2145,32Mt_L1_NS,32MT_NS,0.006,0.006
2145,32Mt_L1_EW,32MT_EW,0.007,0.002
2145,NvcMt_L1_EW,NVCMT_EW,0.006,-0.004
2145,304Nvl_L3_EW,NONE,0.076,0.0
2145,32Nvl_L3_EW,NONE,0.006,0.0
2145,32Nvl_L3_EW,NONE,0.006,0.0
2145,NvcNvl_L1_NS,NONE,0.044,0.0
2145,NvcNvl_L3_EW,NONE,0.009,0.0
2145,32Mt_L2_NS,32MT_NS,0.006,0.006
2145,32Mt_L2_EW,32MT_EW,0.005,0.0
2145,NvcMt_L2_EW,NVCMT_EW,0.008,0.002
2145,NvcCmt8_L1_EW,NVCCMT8_EW,0.008,0.003
2150,32Nvl_L3_NS,NONE,0.007,0.0
2150,32Nvl_L1_NS,32NVL_NS,0.055,0.055
2150,32Nvl_L1_EW,32NVL_EW,0.007,-0.003
2150,32Nvl_L2_EW,32NVL_EW,0.008,0.004
2150,32Nvl_L1_EW,32NVL_EW,0.007,-0.003
2150,32Nvl_L2_EW,32NVL_EW,0.007,0.004
2150,NvcNvl_L2_NS,NONE,0.033,0.0
2150,NvcNvl_L1_EW,NVCNVL_EW,0.014,0.01
2150,NvcNvl_L2_EW,NVCNVL_EW,0.016,0.016
2150,32Mt_L1_NS,32MT_NS,0.006,0.006
2150,32Mt_L1_EW,NONE,0.014,0.0
2150,32Mt_L3_EW,NONE,0.018,0.0
2150,32Mt_L1_EW,32MT_EW,0.014,0.009
2150,NvcMt_L1_EW,NVCMT_EW,0.006,-0.004
2150,32Nvl_L2_NS,32NVL_NS,0.013,0.013
2150,32Nvl_L3_EW,NONE,0.006,0.0
2150,32Nvl_L3_EW,NONE,0.006,0.0
2150,NvcNvl_L1_NS,NONE,0.044,0.0
2150,NvcNvl_L3_EW,NONE,0.019,0.0
2150,32Mt_L2_NS,32MT_NS,0.006,0.006
2150,32Mt_L2_EW,NONE,0.015,0.0
2150,32Mt_L2_EW,32MT_EW,0.005,0.0
2150,NvcMt_L2_EW,NVCMT_EW,0.008,-0.003
2155,32Nvl_L3_NS,NONE,0.007,0.0
2155,32Nvl_L1_NS,32NVL_NS,0.042,0.042
2155,32Nvl_L1_EW,32NVL_EW,0.007,-0.003
2155,32Nvl_L2_EW,32NVL_EW,0.008,0.004
2155,32Nvl_L1_EW,32NVL_EW,0.007,-0.003
2155,32Nvl_L2_EW,32NVL_EW,0.007,0.004
2155,NvcNvl_L3_NS,NONE,0.007,0.0
2155,NvcNvl_L2_NS,NONE,0.007,0.0
2155,NvcNvl_L1_EW,NVCNVL_EW,0.014,0.01
2155,NvcNvl_L2_EW,NVCNVL_EW,0.016,0.016
2155,32Mt_L1_NS,32MT_NS,0.006,0.006
2155,32Mt_L1_EW,NONE,0.007,0.0
2155,32Mt_L3_EW,NONE,0.009,0.0
2155,32Mt_L1_EW,32MT_EW,0.014,0.009
2155,NvcMt_L1_EW,NVCMT_EW,0.006,-0.004
2155,32Nvl_L2_NS,32NVL_NS,0.007,0.007
2155,32Nvl_L3_EW,NONE,0.006,0.0
2155,32Nvl_L3_EW,NONE,0.006,0.0
2155,NvcNvl_L1_NS,NONE,0.009,0.0
2155,NvcNvl_L3_EW,NONE,0.019,0.0
2155,32Mt_L2_EW,NONE,0.008,0.0
2155,32Mt_L2_EW,32MT_EW,0.005,0.0
2155,NvcMt_L2_EW,NVCMT_EW,0.008,-0.003
2160,304Nvl_L1_NS,304NVL_NS,0.009,-0.015
2160,304Nvl_L3_NS,NONE,0.007,0.0
2160,32Nvl_L3_NS,NONE,0.034,0.0
2160,32Nvl_L1_NS,32NVL_NS,0.035,0.028
2160,32Nvl_L1_EW,32NVL_EW,0.007,-0.008
2160,32Nvl_L2_EW,32NVL_EW,0.008,0.0
2160,32Nvl_L1_EW,32NVL_EW,0.007,-0.008
2160,32Nvl_L2_EW,32NVL_EW,0.007,0.0
2160,NvcNvl_L1_EW,NVCNVL_EW,0.014,0.014
2160,NvcNvl_L2_EW,NVCNVL_EW,0.016,0.016
2160,32Mt_L1_EW,NONE,0.007,0.0
2160,32Mt_L1_EW,32MT_EW,0.021,0.016
2160,304Nvl_L2_NS,304NVL_NS,0.008,0.008
2160,32Nvl_L2_NS,32NVL_NS,0.033,0.028
2160,32Nvl_L3_EW,NONE,0.006,0.0
2160,32Nvl_L3_EW,NONE,0.006,0.0
2160,32Nvl_L1_NS,32NVL_NS,0.007,0.0
2160,NvcNvl_L3_EW,NONE,0.019,0.0
2160,32Mt_L2_EW,32MT_EW,0.011,0.005
2165,304Nvl_L1_NS,304NVL_NS,0.009,-0.015
2165,304Nvl_L3_NS,NONE,0.007,0.0
2165,304Nvl_L1_EW,NONE,0.008,0.0
2165,304Nvl_L2_EW,NONE,0.009,0.0
2165,32Nvl_L1_NS,32NVL_NS,0.035,0.028
2165,32Nvl_L1_EW,32NVL_EW,0.021,0.007
2165,32Nvl_L2_EW,32NVL_EW,0.023,0.016
2165,32Nvl_L1_EW,32NVL_EW,0.007,-0.008
2165,32Nvl_L2_EW,32NVL_EW,0.007,0.0
2165,NvcNvl_L3_NS,NONE,0.007,0.0
2165,NvcNvl_L2_NS,NONE,0.007,0.0
2165,NvcNvl_L1_EW,NVCNVL_EW,0.028,0.028
2165,NvcNvl_L2_EW,NVCNVL_EW,0.023,0.023
2165,32Mt_L1_EW,NONE,0.007,0.0
2165,32Mt_L1_EW,32MT_EW,0.021,0.006
2165,NvcMt_L2_NS,NONE,0.005,0.0
2165,NvcMt_L1_NS,NVCMT_NS,0.007,0.007
2165,NvcCmt8_L2_EW,NVCCMT8_EW,0.005,0.005
2165,304Nvl_L2_NS,304NVL_NS,0.008,0.008
2165,304Nvl_L3_EW,NONE,0.008,0.0
2165,32Nvl_L2_NS,32NVL_NS,0.033,0.028
2165,32Nvl_L3_EW,NONE,0.006,0.0
2165,32Nvl_L3_EW,NONE,0.019,0.0
2165,32Nvl_L1_NS,32NVL_NS,0.007,0.0
2165,NvcNvl_L1_NS,NONE,0.009,0.0
2165,NvcNvl_L3_EW,NONE,0.028,0.0
2165,32Mt_L2_EW,32MT_EW,0.011,-0.005
2165,NvcMt_L1_NS,NONE,0.005,0.0
2165,NvcMt_L2_NS,NVCMT_NS,0.005,0.005
2165,NvcCmt8_L1_EW,NVCCMT8_EW,0.008,0.008
2170,304Nvl_L1_NS,304NVL_NS,0.009,0.009
2170,304Nvl_L3_NS,NONE,0.007,0.0
2170,304Nvl_L1_EW,304NVL_EW,0.144,0.144
2170,304Nvl_L2_EW,304NVL_EW,0.036,0.036
2170,304Nvl_L1_EW,NONE,0.008,0.0
2170,304Nvl_L1_NS,NONE,0.007,0.0
2170,304Nvl_L2_EW,NONE,0.009,0.0
2170,32Nvl_L1_EW,32NVL_EW,0.014,-0.03
2170,32Nvl_L2_EW,32NVL_EW,0.015,-0.019
2170,32Nvl_L1_EW,32NVL_EW,0.007,-0.037
2170,32Nvl_L2_EW,32NVL_EW,0.007,-0.027
2170,32Nvl_L3_NS,NONE,0.008,0.0
2170,32Nvl_L2_NS,32NVL_NS,0.008,0.003
2170,NvcNvl_L1_EW,NVCNVL_EW,0.028,0.028
2170,NvcNvl_L2_EW,NVCNVL_EW,0.023,0.023
2170,32Mt_L1_EW,NONE,0.007,0.0
2170,32Mt_L1_EW,32MT_EW,0.063,0.053
2170,NvcMt_L2_NS,NONE,0.005,0.0
2170,NvcCmt8_L2_EW,NVCCMT8_EW,0.005,0.005
2170,304Nvl_L2_NS,304NVL_NS,0.008,0.002
2170,304Nvl_L3_EW,NONE,0.032,0.0
2170,304Nvl_L3_EW,NONE,0.008,0.0
2170,304Nvl_L2_NS,NONE,0.007,0.0
2170,32Nvl_L3_EW,NONE,0.006,0.0
2170,32Nvl_L3_EW,NONE,0.013,0.0
2170,32Nvl_L1_NS,32NVL_NS,0.007,0.0
2170,NvcNvl_L3_EW,NONE,0.028,0.0
2170,32Mt_L2_EW,32MT_EW,0.049,0.038
2170,NvcMt_L1_NS,NONE,0.005,0.0
2170,NvcCmt8_L1_EW,NVCCMT8_EW,0.008,0.008
2175,304Nvl_L1_NS,304NVL_NS,0.009,0.004
2175,304Nvl_L3_NS,NONE,0.007,0.0
2175,304Nvl_L1_EW,304NVL_EW,0.068,0.068
2175,304Nvl_L2_EW,304NVL_EW,0.058,0.058
2175,32Nvl_L1_NS,32NVL_NS,0.007,0.001
2175,32Nvl_L1_EW,32NVL_EW,0.014,-0.03
2175,32Nvl_L2_EW,32NVL_EW,0.015,-0.019
2175,32Nvl_L1_EW,32NVL_EW,0.007,-0.037
2175,32Nvl_L2_EW,32NVL_EW,0.007,-0.027
2175,NvcNvl_L1_EW,NVCNVL_EW,0.028,0.028
2175,NvcNvl_L2_EW,NVCNVL_EW,0.023,0.023
2175,32Mt_L1_EW,32MT_EW,0.063,0.053
2175,NvcCmt8_L2_EW,NVCCMT8_EW,0.005,0.005
2175,304Nvl_L2_NS,304NVL_NS,0.008,0.008
2175,304Nvl_L3_EW,NONE,0.051,0.0
2175,32Nvl_L3_EW,NONE,0.006,0.0
2175,32Nvl_L3_EW,NONE,0.013,0.0
2175,32Nvl_L1_NS,32NVL_NS,0.007,0.0
2175,NvcNvl_L3_EW,NONE,0.028,0.0
2175,32Mt_L2_EW,32MT_EW,0.049,0.038
2175,NvcCmt8_L1_EW,NVCCMT8_EW,0.008,0.008
2180,304Nvl_L1_NS,304NVL_NS,0.009,0.009
2180,304Nvl_L3_NS,NONE,0.007,0.0
2180,304Nvl_L1_EW,304NVL_EW,0.008,0.008
2180,304Nvl_L2_EW,304NVL_EW,0.007,0.007
2180,32Nvl_L1_EW,32NVL_EW,0.007,-0.032
2180,32Nvl_L2_EW,32NVL_EW,0.008,-0.023
2180,32Nvl_L1_EW,32NVL_EW,0.007,-0.032
2180,32Nvl_L2_EW,32NVL_EW,0.007,-0.023
2180,32Nvl_L3_NS,NONE,0.008,0.0
2180,32Nvl_L2_NS,32NVL_NS,0.008,0.003
2180,NvcNvl_L1_EW,NVCNVL_EW,0.021,0.021
2180,NvcNvl_L2_EW,NVCNVL_EW,0.023,0.023
2180,32Mt_L1_EW,32MT_EW,0.056,0.051
2180,304Nvl_L2_NS,304NVL_NS,0.008,0.002
2180,304Nvl_L3_EW,NONE,0.006,0.0
2180,32Nvl_L3_EW,NONE,0.006,0.0
2180,32Nvl_L3_EW,NONE,0.006,0.0
2180,32Nvl_L1_NS,32NVL_NS,0.013,0.007
2180,NvcNvl_L3_EW,NONE,0.028,0.0
2180,32Mt_L2_EW,32MT_EW,0.044,0.038
2185,304Nvl_L1_NS,304NVL_NS,0.009,0.009
2185,304Nvl_L3_NS,NONE,0.007,0.0
2185,304Nvl_L1_EW,304NVL_EW,0.008,0.008
2185,304Nvl_L1_NS,NONE,0.08,0.0
2185,304Nvl_L3_NS,NONE,0.04,0.0
2185,32Nvl_L1_EW,32NVL_EW,0.007,-0.032
2185,32Nvl_L2_EW,32NVL_EW,0.008,-0.023
2185,32Nvl_L1_EW,32NVL_EW,0.007,-0.032
2185,32Nvl_L2_EW,32NVL_EW,0.007,-0.023
2185,NvcNvl_L1_EW,NVCNVL_EW,0.021,0.021
2185,NvcNvl_L2_EW,NVCNVL_EW,0.023,0.023
2185,32Mt_L1_EW,32MT_EW,0.056,0.051
2185,304Nvl_L2_NS,304NVL_NS,0.008,0.008
2185,304Nvl_L2_NS,NONE,0.037,0.0
2185,32Nvl_L3_EW,NONE,0.006,0.0
2185,32Nvl_L3_EW,NONE,0.006,0.0
2185,NvcNvl_L3_EW,NONE,0.028,0.0
2185,32Mt_L2_EW,32MT_EW,0.044,0.038
2185,NvcCmt8_L1_EW,NONE,0.006,0.0
2190,304Nvl_L1_NS,304NVL_NS,0.009,0.009
2190,304Nvl_L3_NS,NONE,0.007,0.0
2190,304Nvl_L1_NS,NONE,0.015,0.0
2190,32Nvl_L1_EW,32NVL_EW,0.007,-0.032
2190,32Nvl_L2_EW,32NVL_EW,0.008,-0.023
2190,32Nvl_L1_EW,32NVL_EW,0.007,-0.032
2190,32Nvl_L2_EW,32NVL_EW,0.007,-0.023
2190,32Mt_L1_EW,32MT_EW,0.056,0.051
2190,NvcMt_L2_NS,NONE,0.026,0.0
2190,32Thn_L1_EW,NONE,0.01,0.0
2190,32Thn_L2_EW,NONE,0.01,0.0
2190,32Thn_L3_EW,NONE,0.007,0.0
2190,304Nvl_L2_NS,304NVL_NS,0.008,0.008
2190,32Nvl_L3_EW,NONE,0.006,0.0
2190,32Nvl_L3_EW,NONE,0.006,0.0
2190,32Mt_L2_EW,32MT_EW,0.044,0.038
2190,NvcMt_L1_NS,NONE,0.027,0.0
2195,304Nvl_L1_NS,304NVL_NS,0.009,0.009
2195,304Nvl_L3_NS,NONE,0.007,0.0
2195,304Nvl_L1_EW,304NVL_EW,0.042,0.042
2195,32Nvl_L1_EW,32NVL_EW,0.007,-0.028
2195,32Nvl_L2_EW,32NVL_EW,0.008,-0.011
2195,32Nvl_L1_EW,32NVL_EW,0.007,-0.028
2195,32Nvl_L2_EW,32NVL_EW,0.007,-0.012
2195,NvcNvl_L1_EW,NONE,0.021,0.0
2195,NvcNvl_L2_EW,NONE,0.015,0.0
2195,32Mt_L1_EW,32MT_EW,0.042,0.037
2195,32Mt_L1_NS,NONE,0.01,0.0
2195,32Thn_L1_EW,32THN_EW,0.008,0.003
2195,304Nvl_L2_NS,304NVL_NS,0.008,0.008
2195,32Nvl_L3_EW,NONE,0.006,0.0
2195,32Nvl_L3_EW,NONE,0.006,0.0
2195,NvcNvl_L3_EW,NONE,0.006,0.0
2195,32Mt_L2_EW,32MT_EW,0.027,0.022
2200,304Nvl_L1_NS,304NVL_NS,0.009,0.009
2200,304Nvl_L3_NS,NONE,0.007,0.0
2200,304Nvl_L1_NS,NONE,0.007,0.0
2200,304Nvl_L3_NS,NONE,0.008,0.0
2200,32Nvl_L1_EW,32NVL_EW,0.007,0.007
2200,32Nvl_L2_EW,32NVL_EW,0.008,0.008
2200,32Nvl_L1_EW,32NVL_EW,0.007,0.007
2200,32Nvl_L2_EW,32NVL_EW,0.007,0.007
2200,32Nvl_L3_NS,NONE,0.017,0.0
2200,32Nvl_L2_NS,32NVL_NS,0.016,0.01
2200,NvcNvl_L3_NS,NONE,0.007,0.0
2200,NvcNvl_L2_NS,NONE,0.007,0.0
2200,NvcNvl_L1_EW,NONE,0.011,0.0
2200,NvcNvl_L2_EW,NONE,0.008,0.0
2200,32Mt_L1_NS,NONE,0.01,0.0
2200,NvcMt_L2_NS,NONE,0.005,0.0
2200,304Nvl_L2_NS,304NVL_NS,0.008,-0.003
2200,304Nvl_L2_NS,NONE,0.007,0.0
2200,32Nvl_L3_EW,NONE,0.006,0.0
2200,32Nvl_L3_EW,NONE,0.006,0.0
2200,32Nvl_L1_NS,32NVL_NS,0.013,0.007
2200,NvcNvl_L1_NS,NONE,0.009,0.0
2200,32Mt_L2_NS,NONE,0.009,0.0
2200,NvcMt_L1_NS,NONE,0.005,0.0
2205,304Nvl_L1_NS,304NVL_NS,0.009,0.009
2205,304Nvl_L3_NS,NONE,0.007,0.0
2205,32Nvl_L1_EW,32NVL_EW,0.007,0.007
2205,32Nvl_L2_EW,32NVL_EW,0.008,0.008
2205,32Nvl_L1_EW,32NVL_EW,0.007,0.007
2205,32Nvl_L2_EW,32NVL_EW,0.007,0.007
2205,32Nvl_L3_NS,NONE,0.1,0.0
2205,32Nvl_L2_NS,32NVL_NS,0.095,0.089
2205,NvcNvl_L3_NS,NONE,0.007,0.0
2205,NvcNvl_L2_NS,NONE,0.007,0.0
2205,NvcNvl_L1_EW,NVCNVL_EW,0.007,0.007
2205,NvcNvl_L2_EW,NVCNVL_EW,0.008,0.008
2205,32Mt_L1_EW,NONE,0.043,0.0
2205,32Mt_L3_EW,NONE,0.044,0.0
2205,32Mt_L1_NS,NONE,0.117,0.0
2205,304Nvl_L2_NS,304NVL_NS,0.008,-0.059
2205,32Nvl_L3_EW,NONE,0.006,0.0
2205,32Nvl_L3_EW,NONE,0.006,0.0
2205,32Nvl_L1_NS,32NVL_NS,0.081,0.074
2205,NvcNvl_L1_NS,NONE,0.009,0.0
2205,NvcNvl_L3_EW,NONE,0.009,0.0
2205,32Mt_L2_EW,NONE,0.045,0.0
2205,32Mt_L2_NS,NONE,0.104,0.0
2210,304Nvl_L1_NS,304NVL_NS,0.009,0.009
2210,304Nvl_L3_NS,NONE,0.007,0.0
2210,304Nvl_L1_EW,304NVL_EW,0.008,0.008
2210,32Nvl_L1_EW,32NVL_EW,0.007,0.002
2210,32Nvl_L2_EW,32NVL_EW,0.008,0.004
2210,32Nvl_L1_EW,32NVL_EW,0.007,0.002
2210,32Nvl_L2_EW,32NVL_EW,0.007,0.004
2210,32Nvl_L3_NS,NONE,0.117,0.0
2210,32Nvl_L2_NS,32NVL_NS,0.111,0.105
2210,32Mt_L1_NS,32MT_NS,0.006,0.006
2210,32Mt_L1_EW,NONE,0.014,0.0
2210,32Mt_L3_EW,NONE,0.018,0.0
2210,32Mt_L1_EW,32MT_EW,0.007,0.002
2210,32Mt_L1_NS,NONE,0.117,0.0
2210,NvcMt_L2_NS,NONE,0.005,0.0
2210,304Nvl_L2_NS,304NVL_NS,0.008,-0.07
2210,32Nvl_L3_EW,NONE,0.006,0.0
2210,32Nvl_L3_EW,NONE,0.006,0.0
2210,32Nvl_L1_NS,32NVL_NS,0.094,0.088
2210,32Mt_L2_EW,NONE,0.015,0.0
2210,32Mt_L2_EW,32MT_EW,0.005,0.0
2210,32Mt_L2_NS,NONE,0.104,0.0
2210,NvcMt_L1_NS,NONE,0.005,0.0
2215,304Nvl_L1_NS,304NVL_NS,0.009,-0.02
2215,304Nvl_L3_NS,NONE,0.007,0.0
2215,32Nvl_L3_NS,NONE,0.034,0.0
2215,32Nvl_L1_NS,32NVL_NS,0.042,0.031
2215,32Nvl_L1_EW,32NVL_EW,0.007,0.007
2215,32Nvl_L2_EW,32NVL_EW,0.008,0.008
2215,32Nvl_L1_EW,32NVL_EW,0.007,0.007
2215,32Nvl_L2_EW,32NVL_EW,0.007,0.007
2215,32Nvl_L3_NS,NONE,0.008,0.0
2215,32Nvl_L2_NS,32NVL_NS,0.008,0.003
2215,NvcNvl_L1_NS,NVCNVL_NS,0.007,-0.022
2215,32Mt_L1_NS,32MT_NS,0.038,0.038
2215,32Mt_L1_NS,NONE,0.01,0.0
2215,NvcMt_L2_NS,NONE,0.005,0.0
2215,304Nvl_L2_NS,304NVL_NS,0.008,0.002
2215,32Nvl_L2_NS,32NVL_NS,0.04,0.035
2215,32Nvl_L3_EW,NONE,0.006,0.0
2215,32Nvl_L3_EW,NONE,0.006,0.0
2215,32Nvl_L1_NS,32NVL_NS,0.007,-0.004
2215,32Mt_L2_NS,NONE,0.009,0.0
2215,NvcMt_L1_NS,NONE,0.005,0.0
2220,304Nvl_L1_NS,304NVL_NS,0.063,0.025
2220,304Nvl_L3_NS,NONE,0.052,0.0
2220,304Nvl_L1_EW,304NVL_EW,0.008,0.008
2220,304Nvl_L2_EW,304NVL_EW,0.007,0.007
2220,32Nvl_L3_NS,NONE,0.014,0.0
2220,32Nvl_L1_NS,32NVL_NS,0.055,0.006
2220,32Nvl_L1_EW,32NVL_EW,0.035,0.001
2220,32Nvl_L2_EW,32NVL_EW,0.039,0.016
2220,32Nvl_L1_EW,32NVL_EW,0.081,0.046
2220,NvcNvl_L1_EW,NONE,0.011,0.0
2220,NvcNvl_L2_EW,NONE,0.008,0.0
2220,NvcNvl_L1_NS,NVCNVL_NS,0.007,-0.032
2220,32Mt_L1_NS,32MT_NS,0.038,0.038
2220,32Mt_L1_EW,NONE,0.086,0.0
2220,32Mt_L1_EW,32MT_EW,0.049,0.024
2220,32Mt_L1_NS,NONE,0.01,0.0
2220,NvcMt_L2_NS,NONE,0.005,0.0
2220,304Nvl_L2_NS,304NVL_NS,0.053,0.053
2220,304Nvl_L3_EW,NONE,0.006,0.0
2220,32Nvl_L2_NS,32NVL_NS,0.047,0.009
2220,32Nvl_L3_EW,NONE,0.031,0.0
2220,NvcNvl_L3_EW,NONE,0.006,0.0
2220,32Mt_L2_EW,32MT_EW,0.033,0.006
2220,32Mt_L2_NS,NONE,0.009,0.0
2220,NvcMt_L1_NS,NONE,0.005,0.0
2225,304Nvl_L1_NS,304NVL_NS,0.063,0.029
2225,304Nvl_L3_NS,NONE,0.052,0.0
2225,304Nvl_L1_EW,304NVL_EW,0.017,0.017
2225,304Nvl_L2_EW,304NVL_EW,0.015,0.015
2225,32Nvl_L3_NS,NONE,0.014,0.0
2225,32Nvl_L1_NS,32NVL_NS,0.048,-0.001
2225,32Nvl_L1_EW,32NVL_EW,0.035,0.02
2225,32Nvl_L2_EW,32NVL_EW,0.039,0.025
2225,32Nvl_L1_EW,32NVL_EW,0.081,0.065
2225,NvcNvl_L1_NS,NVCNVL_NS,0.007,-0.027
2225,32Mt_L1_NS,32MT_NS,0.006,0.006
2225,32Mt_L1_EW,NONE,0.086,0.0
2225,32Mt_L1_EW,32MT_EW,0.014,-0.011
2225,32Mt_L1_NS,NONE,0.01,0.0
2225,32Thn_L1_EW,32THN_EW,0.008,-0.017
2225,32Thn_L2_EW,32THN_EW,0.008,-0.019
2225,32Thn_L3_EW,NONE,0.008,0.0
2225,304Nvl_L2_NS,304NVL_NS,0.053,0.053
2225,304Nvl_L3_EW,NONE,0.013,0.0
2225,32Nvl_L2_NS,32NVL_NS,0.047,0.009
2225,32Nvl_L3_EW,NONE,0.031,0.0
2225,32Nvl_L1_NS,32NVL_NS,0.007,-0.042
2225,32Mt_L2_EW,32MT_EW,0.011,-0.016
2225,32Mt_L2_NS,NONE,0.009,0.0
2230,304Nvl_L1_NS,304NVL_NS,0.018,-0.011
2230,304Nvl_L3_NS,NONE,0.015,0.0
2230,304Nvl_L1_EW,304NVL_EW,0.008,0.008
2230,304Nvl_L2_EW,304NVL_EW,0.007,0.007
2230,304Nvl_L1_NS,NONE,0.007,0.0
2230,32Nvl_L3_NS,NONE,0.007,0.0
2230,32Nvl_L1_NS,32NVL_NS,0.042,0.029
2230,32Nvl_L1_EW,32NVL_EW,0.034,0.034
2230,NvcNvl_L1_EW,NONE,0.011,0.0
2230,32Mt_L1_NS,32MT_NS,0.006,0.006
2230,32Mt_L1_NS,NONE,0.01,0.0
2230,NvcMt_L2_NS,NONE,0.005,0.0
2230,NvcCmt8_L2_EW,NONE,0.007,0.0
2230,32Thn_L1_EW,NONE,0.01,0.0
2230,304Nvl_L2_NS,304NVL_NS,0.015,0.015
2230,304Nvl_L3_EW,NONE,0.006,0.0
2230,32Nvl_L2_NS,32NVL_NS,0.04,0.029
2230,32Nvl_L1_NS,32NVL_NS,0.013,0.001
2230,32Mt_L2_NS,NONE,0.009,0.0
2230,NvcMt_L1_NS,NONE,0.005,0.0
2230,NvcCmt8_L1_EW,NONE,0.006,0.0
2235,304Nvl_L1_NS,304NVL_NS,0.018,-0.011
2235,304Nvl_L3_NS,NONE,0.015,0.0
2235,304Nvl_L1_NS,NONE,0.015,0.0
2235,32Nvl_L3_NS,NONE,0.007,0.0
2235,32Nvl_L1_NS,32NVL_NS,0.042,0.029
2235,32Nvl_L1_EW,32NVL_EW,0.035,0.035
2235,32Nvl_L2_EW,32NVL_EW,0.039,0.039
2235,NvcNvl_L3_NS,NONE,0.041,0.0
2235,NvcNvl_L2_NS,NONE,0.04,0.0
2235,32Mt_L1_NS,32MT_NS,0.006,0.006
2235,32Mt_L1_EW,NONE,0.007,0.0
2235,32Mt_L3_EW,NONE,0.009,0.0
2235,304Nvl_L2_NS,304NVL_NS,0.015,0.015
2235,32Nvl_L2_NS,32NVL_NS,0.04,0.029
2235,32Nvl_L3_EW,NONE,0.031,0.0
2235,32Nvl_L1_NS,32NVL_NS,0.013,0.001
2235,NvcNvl_L1_NS,NONE,0.052,0.0
2235,32Mt_L2_EW,NONE,0.008,0.0
2240,304Nvl_L1_NS,304NVL_NS,0.018,-0.011
2240,304Nvl_L3_NS,NONE,0.015,0.0
2240,304Nvl_L1_NS,NONE,0.036,0.0
2240,32Nvl_L3_NS,NONE,0.007,0.0
2240,32Nvl_L1_NS,32NVL_NS,0.042,0.029
2240,NvcNvl_L3_NS,NONE,0.007,0.0
2240,NvcNvl_L2_NS,NONE,0.007,0.0
2240,32Mt_L1_NS,32MT_NS,0.006,0.006
2240,32Mt_L1_EW,NONE,0.043,0.0
2240,32Mt_L3_EW,NONE,0.053,0.0
2240,32Mt_L1_EW,32MT_EW,0.007,0.007
2240,NvcMt_L2_NS,NONE,0.063,0.0
2240,NvcMt_L2_EW,NVCMT_EW,0.013,0.013
2240,304Nvl_L2_NS,304NVL_NS,0.015,0.015
2240,32Nvl_L2_NS,32NVL_NS,0.04,0.029
2240,NvcNvl_L1_NS,NONE,0.009,0.0
2240,32Mt_L2_EW,NONE,0.045,0.0
2240,32Mt_L2_EW,32MT_EW,0.005,0.005
2240,NvcMt_L1_NS,NONE,0.066,0.0
2240,NvcMt_L1_EW,NVCMT_EW,0.028,0.028
2245,304Nvl_L1_NS,NONE,0.044,0.0
2245,304Nvl_L3_NS,NONE,0.008,0.0
2245,32Nvl_L1_NS,32NVL_NS,0.035,0.035
2245,32Mt_L1_EW,NONE,0.043,0.0
2245,32Mt_L3_EW,NONE,0.009,0.0
2245,NvcMt_L2_NS,NONE,0.069,0.0
2245,NvcMt_L2_EW,NVCMT_EW,0.013,0.013
2245,304Nvl_L2_NS,NONE,0.007,0.0
2245,32Nvl_L2_NS,32NVL_NS,0.033,0.033
2245,32Nvl_L1_NS,32NVL_NS,0.034,0.034
2245,32Mt_L2_EW,NONE,0.045,0.0
2245,NvcMt_L1_NS,NONE,0.071,0.0
2245,NvcMt_L1_EW,NVCMT_EW,0.028,0.028
2250,32Nvl_L3_NS,NONE,0.017,0.0
2250,32Nvl_L2_NS,32NVL_NS,0.016,0.016
2250,NvcNvl_L1_EW,NVCNVL_EW,0.035,0.035
2250,32Mt_L1_EW,32MT_EW,0.007,0.007
2250,NvcMt_L2_EW,NVCMT_EW,0.013,0.013
2250,32Nvl_L1_NS,32NVL_NS,0.047,0.047
2250,32Mt_L2_EW,32MT_EW,0.005,0.005
2250,NvcMt_L1_EW,NVCMT_EW,0.028,0.003
2255,304Nvl_L1_EW,304NVL_EW,0.025,0.025
2255,304Nvl_L2_EW,304NVL_EW,0.015,0.015
2255,304Nvl_L1_NS,NONE,0.015,0.0
2255,32Nvl_L3_NS,NONE,0.017,0.0
2255,32Nvl_L2_NS,32NVL_NS,0.016,0.016
2255,NvcNvl_L1_EW,NVCNVL_EW,0.035,0.035
2255,32Mt_L1_EW,32MT_EW,0.042,0.042
2255,NvcMt_L2_EW,NVCMT_EW,0.013,0.01
2255,NvcCmt8_L2_EW,NVCCMT8_EW,0.005,-0.004
2255,304Nvl_L3_EW,NONE,0.013,0.0
2255,32Nvl_L1_NS,32NVL_NS,0.013,0.013
2255,32Mt_L2_EW,32MT_EW,0.005,0.005
2255,NvcMt_L1_EW,NVCMT_EW,0.028,-0.002
2255,NvcCmt8_L1_EW,NVCCMT8_EW,0.008,0.008
2260,304Nvl_L1_EW,304NVL_EW,0.025,0.025
2260,304Nvl_L2_EW,304NVL_EW,0.015,0.015
2260,32Nvl_L3_NS,NONE,0.014,0.0
2260,32Nvl_L1_NS,32NVL_NS,0.021,0.021
2260,NvcNvl_L1_EW,NVCNVL_EW,0.035,0.035
2260,32Mt_L1_EW,32MT_EW,0.049,0.049
2260,NvcCmt8_L2_EW,NVCCMT8_EW,0.011,0.011
2260,32Thn_L1_EW,32THN_EW,0.008,0.008
2260,32Thn_L2_EW,32THN_EW,0.008,0.008
2260,32Thn_L3_EW,NONE,0.008,0.0
2260,304Nvl_L3_EW,NONE,0.013,0.0
2260,32Nvl_L2_NS,32NVL_NS,0.013,0.013
2260,32Mt_L2_EW,32MT_EW,0.005,0.005
2260,NvcCmt8_L1_EW,NVCCMT8_EW,0.015,0.015
2265,304Nvl_L1_NS,NONE,0.007,0.0
2265,32Nvl_L1_NS,32NVL_NS,0.007,0.007
2265,NvcNvl_L1_EW,NVCNVL_EW,0.007,0.007
2265,NvcNvl_L2_EW,NVCNVL_EW,0.008,0.008
2265,32Mt_L1_EW,32MT_EW,0.049,0.049
2265,NvcCmt8_L2_EW,NVCCMT8_EW,0.005,0.005
2265,32Thn_L1_EW,32THN_EW,0.024,0.024
2265,32Thn_L2_EW,32THN_EW,0.025,0.025
2265,32Thn_L3_EW,NONE,0.025,0.0
2265,NvcNvl_L3_EW,NONE,0.009,0.0
2265,32Mt_L2_EW,32MT_EW,0.033,0.033
2265,NvcCmt8_L1_EW,NVCCMT8_EW,0.008,0.008
2265,NvcCmt8_L1_EW,NONE,0.006,0.0
2270,304Nvl_L1_NS,NONE,0.015,0.0
2270,32Nvl_L3_NS,NONE,0.034,0.0
2270,32Nvl_L1_NS,32NVL_NS,0.035,0.035
2270,NvcNvl_L3_NS,NONE,0.034,0.0
2270,NvcNvl_L2_NS,NONE,0.033,0.0
2270,NvcNvl_L1_EW,NVCNVL_EW,0.007,0.007
2270,NvcNvl_L2_EW,NVCNVL_EW,0.008,0.008
2270,32Mt_L1_EW,NONE,0.007,0.0
2270,32Mt_L3_EW,NONE,0.009,0.0
2270,32Mt_L1_EW,32MT_EW,0.049,0.049
2270,NvcMt_L2_NS,NONE,0.005,0.0
2270,32Thn_L1_EW,32THN_EW,0.024,0.024
2270,32Thn_L2_EW,32THN_EW,0.025,0.025
2270,32Thn_L3_EW,NONE,0.025,0.0
2270,32Nvl_L2_NS,32NVL_NS,0.033,0.033
2270,32Nvl_L1_NS,32NVL_NS,0.007,0.007
2270,NvcNvl_L1_NS,NONE,0.044,0.0
2270,NvcNvl_L3_EW,NONE,0.009,0.0
2270,32Mt_L2_EW,NONE,0.008,0.0
2270,32Mt_L2_EW,32MT_EW,0.033,0.033
2270,NvcMt_L1_NS,NONE,0.005,0.0
2275,304Nvl_L1_EW,304NVL_EW,0.017,0.017
2275,304Nvl_L2_EW,304NVL_EW,0.015,0.015
2275,32Nvl_L1_NS,32NVL_NS,0.035,0.035
2275,NvcNvl_L3_NS,NONE,0.014,0.0
2275,NvcNvl_L2_NS,NONE,0.013,0.0
2275,NvcNvl_L1_EW,NVCNVL_EW,0.014,0.014
2275,NvcNvl_L2_EW,NVCNVL_EW,0.016,0.016
2275,32Mt_L1_EW,32MT_EW,0.014,0.014
2275,32Thn_L1_EW,32THN_EW,0.016,0.016
2275,32Thn_L2_EW,32THN_EW,0.017,0.017
2275,32Thn_L3_EW,NONE,0.016,0.0
2275,304Nvl_L3_EW,NONE,0.006,0.0
2275,32Nvl_L2_NS,32NVL_NS,0.033,0.033
2275,NvcNvl_L1_NS,NONE,0.017,0.0
2275,NvcNvl_L3_EW,NONE,0.019,0.0
2275,32Mt_L2_EW,32MT_EW,0.011,0.011
2275,NvcCmt8_L1_EW,NONE,0.006,0.0
2280,304Nvl_L1_EW,304NVL_EW,0.017,0.017
2280,304Nvl_L2_EW,304NVL_EW,0.015,0.015
2280,32Nvl_L3_NS,NONE,0.007,0.0
2280,32Nvl_L1_NS,32NVL_NS,0.007,0.007
2280,32Nvl_L1_EW,32NVL_EW,0.007,0.002
2280,32Nvl_L2_EW,32NVL_EW,0.007,0.004
2280,NvcNvl_L2_NS,NONE,0.007,0.0
2280,NvcNvl_L1_EW,NVCNVL_EW,0.014,0.014
2280,NvcNvl_L2_EW,NVCNVL_EW,0.016,0.016
2280,32Mt_L1_EW,32MT_EW,0.007,0.007
2280,32Thn_L1_EW,NONE,0.01,0.0
2280,304Nvl_L3_EW,NONE,0.013,0.0
2280,32Nvl_L2_NS,32NVL_NS,0.007,0.007
2280,32Nvl_L3_EW,NONE,0.006,0.0
2280,NvcNvl_L1_NS,NONE,0.009,0.0
2280,NvcNvl_L3_EW,NONE,0.019,0.0
2280,32Mt_L2_EW,32MT_EW,0.005,0.005
2285,304Nvl_L1_NS,NONE,0.015,0.0
2285,304Nvl_L3_NS,NONE,0.008,0.0
2285,32Nvl_L1_NS,32NVL_NS,0.007,0.007
2285,32Nvl_L1_EW,32NVL_EW,0.007,0.002
2285,32Nvl_L2_EW,32NVL_EW,0.007,0.004
2285,32Nvl_L3_NS,NONE,0.042,0.0
2285,32Nvl_L2_NS,32NVL_NS,0.039,0.039
2285,NvcNvl_L1_EW,NVCNVL_EW,0.049,0.049
2285,NvcNvl_L2_EW,NVCNVL_EW,0.016,0.016
2285,32Mt_L1_EW,NONE,0.014,0.0
2285,32Mt_L1_EW,32MT_EW,0.007,0.007
2285,32Thn_L1_EW,NONE,0.01,0.0
2285,304Nvl_L2_NS,NONE,0.007,0.0
2285,32Nvl_L2_NS,32NVL_NS,0.007,0.007
2285,32Nvl_L3_EW,NONE,0.006,0.0
2285,32Nvl_L1_NS,32NVL_NS,0.034,0.034
2285,NvcNvl_L3_EW,NONE,0.019,0.0
2285,32Mt_L2_EW,32MT_EW,0.005,0.005
2290,304Nvl_L1_EW,304NVL_EW,0.008,0.008
2290,304Nvl_L1_NS,NONE,0.007,0.0
2290,304Nvl_L3_NS,NONE,0.008,0.0
2290,32Nvl_L1_EW,32NVL_EW,0.014,-0.072
2290,32Nvl_L2_EW,32NVL_EW,0.015,-0.014
2290,32Nvl_L1_EW,32NVL_EW,0.007,-0.08
2290,32Nvl_L2_EW,32NVL_EW,0.007,-0.022
2290,NvcNvl_L3_NS,NONE,0.007,0.0
2290,NvcNvl_L2_NS,NONE,0.007,0.0
2290,NvcNvl_L1_EW,NVCNVL_EW,0.049,0.049
2290,NvcNvl_L2_EW,NVCNVL_EW,0.016,0.016
2290,32Mt_L1_EW,32MT_EW,0.084,0.074
2290,32Mt_L1_NS,NONE,0.01,0.0
2290,32Thn_L1_EW,32THN_EW,0.04,0.03
2290,32Thn_L2_EW,32THN_EW,0.042,0.031
2290,32Thn_L3_EW,NONE,0.041,0.0
2290,304Nvl_L2_NS,NONE,0.007,0.0
2290,32Nvl_L3_EW,NONE,0.006,0.0
2290,32Nvl_L3_EW,NONE,0.013,0.0
2290,NvcNvl_L1_NS,NONE,0.009,0.0
2290,NvcNvl_L3_EW,NONE,0.019,0.0
2290,32Mt_L2_NS,NONE,0.009,0.0
2295,304Nvl_L1_EW,304NVL_EW,0.008,0.008
2295,32Nvl_L3_NS,NONE,0.014,0.0
2295,32Nvl_L1_NS,32NVL_NS,0.021,0.021
2295,32Nvl_L1_EW,32NVL_EW,0.007,-0.09
2295,32Nvl_L2_EW,32NVL_EW,0.008,-0.077
2295,32Nvl_L1_EW,32NVL_EW,0.007,-0.09
2295,32Nvl_L2_EW,32NVL_EW,0.007,-0.077
2295,NvcNvl_L1_EW,NVCNVL_EW,0.056,0.056
2295,NvcNvl_L2_EW,NVCNVL_EW,0.023,0.022
2295,32Mt_L1_EW,NONE,0.043,0.0
2295,32Mt_L3_EW,NONE,0.044,0.0
2295,32Mt_L1_EW,32MT_EW,0.091,0.086
2295,32Mt_L1_NS,NONE,0.01,0.0
2295,NvcMt_L2_NS,NONE,0.005,0.0
2295,NvcMt_L2_EW,NVCMT_EW,0.003,-0.014
2295,32Thn_L1_EW,32THN_EW,0.048,0.043
2295,32Thn_L2_EW,32THN_EW,0.05,0.045
2295,32Thn_L3_EW,NONE,0.049,0.0
2295,32Nvl_L2_NS,32NVL_NS,0.02,0.02
2295,32Nvl_L3_EW,NONE,0.006,0.0
2295,32Nvl_L3_EW,NONE,0.006,0.0
2295,32Nvl_L1_NS,32NVL_NS,0.007,0.007
2295,NvcNvl_L3_EW,NONE,0.019,0.0
2295,32Mt_L2_EW,NONE,0.038,0.0
2295,32Mt_L2_EW,32MT_EW,0.071,0.065
2295,32Mt_L2_NS,NONE,0.009,0.0
2295,NvcMt_L1_NS,NONE,0.005,0.0
2295,NvcMt_L1_EW,NVCMT_EW,0.006,-0.034
2300,304Nvl_L1_NS,304NVL_NS,0.009,-0.02
2300,304Nvl_L3_NS,NONE,0.007,0.0
2300,304Nvl_L1_EW,304NVL_EW,0.017,0.017
2300,32Nvl_L3_NS,NONE,0.007,0.0
2300,32Nvl_L1_NS,32NVL_NS,0.042,0.035
2300,32Nvl_L1_EW,32NVL_EW,0.007,0.001
2300,32Nvl_L2_EW,32NVL_EW,0.008,0.002
2300,32Nvl_L1_EW,32NVL_EW,0.007,0.001
2300,32Nvl_L2_EW,32NVL_EW,0.007,0.002
2300,32Nvl_L3_NS,NONE,0.008,0.0
2300,32Nvl_L2_NS,32NVL_NS,0.008,0.003
2300,NvcNvl_L1_EW,NVCNVL_EW,0.049,0.045
2300,NvcNvl_L2_EW,NVCNVL_EW,0.008,0.006
2300,32Mt_L1_EW,NONE,0.058,0.0
2300,32Mt_L3_EW,NONE,0.062,0.0
2300,NvcMt_L1_EW,NVCMT_EW,0.006,-0.028
2300,NvcMt_L2_EW,NVCMT_EW,0.003,-0.003
2300,32Thn_L1_EW,NONE,0.165,0.0
2300,32Thn_L2_EW,NONE,0.121,0.0
2300,32Thn_L1_EW,32THN_EW,0.008,0.003
2300,32Thn_L2_EW,32THN_EW,0.008,0.003
2300,32Thn_L3_EW,NONE,0.083,0.0
2300,32Thn_L3_EW,NONE,0.008,0.0
2300,304Nvl_L2_NS,304NVL_NS,0.008,0.002
2300,32Nvl_L2_NS,32NVL_NS,0.007,0.001
2300,32Nvl_L3_EW,NONE,0.006,0.0
2300,32Nvl_L3_EW,NONE,0.006,0.0
2300,32Nvl_L1_NS,32NVL_NS,0.013,0.007
2300,NvcNvl_L3_EW,NONE,0.009,0.0
2300,32Mt_L2_EW,NONE,0.053,0.0
2300,NvcMt_L2_EW,NVCMT_EW,0.008,0.002
2300,NvcMt_L1_EW,NVCMT_EW,0.006,-0.029
2305,304Nvl_L1_NS,304NVL_NS,0.009,0.009
2305,304Nvl_L3_NS,NONE,0.007,0.0
2305,32Nvl_L1_EW,32NVL_EW,0.007,-0.003
2305,32Nvl_L2_EW,32NVL_EW,0.008,0.0
2305,32Nvl_L1_EW,32NVL_EW,0.007,-0.003
2305,32Nvl_L2_EW,32NVL_EW,0.007,0.0
2305,32Nvl_L3_NS,NONE,0.042,0.0
2305,32Nvl_L2_NS,32NVL_NS,0.039,0.034
2305,NvcNvl_L1_EW,NVCNVL_EW,0.007,0.007
2305,32Mt_L1_NS,32MT_NS,0.006,0.006
2305,32Mt_L1_EW,NONE,0.014,0.0
2305,32Mt_L3_EW,NONE,0.009,0.0
2305,32Mt_L1_EW,32MT_EW,0.014,0.009
2305,32Thn_L1_EW,NONE,0.214,0.0
2305,32Thn_L2_EW,NONE,0.172,0.0
2305,32Thn_L3_EW,NONE,0.118,0.0
2305,304Nvl_L2_NS,304NVL_NS,0.008,-0.02
2305,32Nvl_L3_EW,NONE,0.006,0.0
2305,32Nvl_L3_EW,NONE,0.006,0.0
2305,32Nvl_L1_NS,32NVL_NS,0.04,0.034
2305,32Mt_L2_EW,NONE,0.015,0.0
2305,32Mt_L2_EW,32MT_EW,0.011,0.005
2310,304Nvl_L1_NS,304NVL_NS,0.018,0.013
2310,304Nvl_L3_NS,NONE,0.015,0.0
2310,304Nvl_L1_EW,304NVL_EW,0.008,0.008
2310,304Nvl_L2_EW,304NVL_EW,0.007,0.007
2310,32Nvl_L3_NS,NONE,0.007,0.0
2310,32Nvl_L1_NS,32NVL_NS,0.007,-0.006
2310,32Nvl_L1_EW,32NVL_EW,0.007,-0.122
2310,32Nvl_L2_EW,32NVL_EW,0.008,0.0
2310,32Nvl_L1_EW,32NVL_EW,0.007,-0.123
2310,32Nvl_L2_EW,32NVL_EW,0.007,0.0
2310,NvcNvl_L1_EW,NONE,0.011,0.0
2310,NvcNvl_L2_EW,NONE,0.008,0.0
2310,NvcNvl_L1_EW,NVCNVL_EW,0.021,0.021
2310,NvcNvl_L2_EW,NVCNVL_EW,0.016,0.016
2310,32Mt_L1_NS,32MT_NS,0.006,0.006
2310,32Mt_L1_EW,NONE,0.086,0.0
2310,32Mt_L1_EW,32MT_EW,0.049,0.044
2310,32Mt_L1_NS,NONE,0.01,0.0
2310,32Thn_L1_EW,32THN_EW,0.136,0.131
2310,304Nvl_L2_NS,304NVL_NS,0.015,0.015
2310,304Nvl_L3_EW,NONE,0.006,0.0
2310,32Nvl_L2_NS,32NVL_NS,0.007,-0.004
2310,32Nvl_L3_EW,NONE,0.006,0.0
2310,32Nvl_L3_EW,NONE,0.006,0.0
2310,32Nvl_L1_NS,32NVL_NS,0.013,0.001
2310,NvcNvl_L3_EW,NONE,0.019,0.0
2310,32Mt_L2_EW,32MT_EW,0.011,0.005
2315,304Nvl_L1_NS,304NVL_NS,0.018,0.018
2315,304Nvl_L3_NS,NONE,0.015,0.0
2315,32Nvl_L1_EW,32NVL_EW,0.007,-0.05
2315,32Nvl_L2_EW,32NVL_EW,0.008,-0.015
2315,32Nvl_L1_EW,32NVL_EW,0.007,-0.051
2315,32Nvl_L2_EW,32NVL_EW,0.007,-0.015
2315,NvcNvl_L3_NS,NONE,0.014,0.0
2315,NvcNvl_L2_NS,NONE,0.013,0.0
2315,NvcNvl_L1_EW,NVCNVL_EW,0.014,0.014
2315,NvcNvl_L2_EW,NVCNVL_EW,0.016,0.016
2315,32Mt_L1_NS,32MT_NS,0.013,0.013
2315,32Mt_L1_EW,32MT_EW,0.042,0.037
2315,32Mt_L1_NS,NONE,0.01,0.0
2315,32Thn_L1_EW,32THN_EW,0.04,0.035
2315,304Nvl_L2_NS,304NVL_NS,0.015,0.015
2315,32Nvl_L3_EW,NONE,0.006,0.0
2315,32Nvl_L3_EW,NONE,0.006,0.0
2315,32Nvl_L1_NS,32NVL_NS,0.007,-0.006
2315,NvcNvl_L1_NS,NONE,0.017,0.0
2315,NvcNvl_L3_EW,NONE,0.019,0.0
2315,32Mt_L2_EW,32MT_EW,0.033,0.027
2320,304Nvl_L1_NS,304NVL_NS,0.027,0.027
2320,304Nvl_L3_NS,NONE,0.022,0.0
2320,304Nvl_L1_NS,NONE,0.007,0.0
2320,32Nvl_L1_EW,32NVL_EW,0.014,0.014
2320,32Nvl_L2_EW,32NVL_EW,0.015,0.015
2320,32Nvl_L1_EW,32NVL_EW,0.007,0.007
2320,32Nvl_L2_EW,32NVL_EW,0.007,0.007
2320,NvcNvl_L3_NS,NONE,0.007,0.0
2320,NvcNvl_L2_NS,NONE,0.007,0.0
2320,NvcNvl_L1_EW,NONE,0.011,0.0
2320,NvcNvl_L2_EW,NONE,0.008,0.0
2320,304Nvl_L2_NS,304NVL_NS,0.023,0.023
2320,32Nvl_L3_EW,NONE,0.006,0.0
2320,32Nvl_L3_EW,NONE,0.013,0.0
2320,NvcNvl_L1_NS,NONE,0.009,0.0
2325,304Nvl_L1_NS,304NVL_NS,0.027,0.027
2325,304Nvl_L3_NS,NONE,0.022,0.0
2325,32Nvl_L1_EW,32NVL_EW,0.007,0.007
2325,32Nvl_L2_EW,32NVL_EW,0.008,0.008
2325,32Nvl_L1_EW,32NVL_EW,0.013,0.013
2325,32Nvl_L2_EW,32NVL_EW,0.015,0.015
2325,NvcNvl_L1_EW,NONE,0.011,0.0
2325,NvcNvl_L2_EW,NONE,0.008,0.0
2325,32Mt_L1_EW,NONE,0.036,0.0
2325,32Mt_L3_EW,NONE,0.044,0.0
2325,304Nvl_L2_NS,304NVL_NS,0.023,0.023
2325,32Nvl_L3_EW,NONE,0.012,0.0
2325,32Nvl_L3_EW,NONE,0.006,0.0
2325,32Mt_L2_EW,NONE,0.038,0.0
2330,304Nvl_L1_NS,304NVL_NS,0.027,0.027
2330,304Nvl_L3_NS,NONE,0.022,0.0
2330,304Nvl_L1_EW,304NVL_EW,0.008,0.008
2330,304Nvl_L2_EW,304NVL_EW,0.007,0.007
2330,32Nvl_L1_EW,32NVL_EW,0.014,0.014
2330,32Nvl_L2_EW,32NVL_EW,0.015,0.015
2330,32Nvl_L1_EW,32NVL_EW,0.02,0.02
2330,32Nvl_L2_EW,32NVL_EW,0.015,0.015
2330,NvcNvl_L3_NS,NONE,0.007,0.0
2330,NvcNvl_L2_NS,NONE,0.007,0.0
2330,NvcNvl_L1_EW,NONE,0.011,0.0
2330,NvcNvl_L2_EW,NONE,0.008,0.0
2330,32Mt_L1_EW,NONE,0.007,0.0
2330,32Mt_L3_EW,NONE,0.009,0.0
2330,NvcMt_L2_NS,NONE,0.005,0.0
2330,304Nvl_L2_NS,304NVL_NS,0.023,0.023
2330,304Nvl_L3_EW,NONE,0.006,0.0
2330,32Nvl_L3_EW,NONE,0.012,0.0
2330,32Nvl_L3_EW,NONE,0.013,0.0
2330,NvcNvl_L1_NS,NONE,0.009,0.0
2330,NvcNvl_L3_EW,NONE,0.006,0.0
2330,32Mt_L2_EW,NONE,0.008,0.0
2330,NvcMt_L1_NS,NONE,0.005,0.0
2335,304Nvl_L1_NS,304NVL_NS,0.027,0.027
2335,304Nvl_L3_NS,NONE,0.022,0.0
2335,304Nvl_L1_NS,NONE,0.044,0.0
2335,304Nvl_L3_NS,NONE,0.04,0.0
2335,32Nvl_L1_EW,32NVL_EW,0.007,0.007
2335,32Nvl_L2_EW,32NVL_EW,0.008,0.008
2335,32Nvl_L1_EW,32NVL_EW,0.013,0.013
2335,32Nvl_L2_EW,32NVL_EW,0.015,0.015
2335,32Nvl_L3_NS,NONE,0.008,0.0
2335,32Nvl_L2_NS,32NVL_NS,0.008,-0.008
2335,32Mt_L1_EW,NONE,0.007,0.0
2335,32Mt_L3_EW,NONE,0.009,0.0
2335,32Mt_L1_NS,NONE,0.049,0.0
2335,304Nvl_L2_NS,304NVL_NS,0.023,0.017
2335,304Nvl_L2_NS,NONE,0.037,0.0
2335,32Nvl_L3_EW,NONE,0.012,0.0
2335,32Nvl_L3_EW,NONE,0.006,0.0
2335,32Nvl_L1_NS,32NVL_NS,0.013,-0.006
2335,32Mt_L2_EW,NONE,0.008,0.0
2340,304Nvl_L1_NS,304NVL_NS,0.027,0.027
2340,304Nvl_L3_NS,NONE,0.022,0.0
2340,32Nvl_L1_EW,32NVL_EW,0.007,-0.008
2340,32Nvl_L2_EW,32NVL_EW,0.008,0.0
2340,32Nvl_L1_EW,32NVL_EW,0.027,0.012
2340,32Nvl_L2_EW,32NVL_EW,0.03,0.022
2340,NvcNvl_L3_NS,NONE,0.007,0.0
2340,NvcNvl_L2_NS,NONE,0.007,0.0
2340,NvcNvl_L1_EW,NONE,0.011,0.0
2340,NvcNvl_L2_EW,NONE,0.008,0.0
2340,NvcNvl_L1_NS,NVCNVL_NS,0.007,0.007
2340,32Mt_L1_NS,32MT_NS,0.006,0.006
2340,32Mt_L1_EW,32MT_EW,0.021,0.016
2340,32Mt_L1_NS,NONE,0.01,0.0
2340,NvcMt_L2_NS,NONE,0.005,0.0
2340,304Nvl_L2_NS,304NVL_NS,0.023,0.023
2340,32Nvl_L3_EW,NONE,0.025,0.0
2340,32Nvl_L3_EW,NONE,0.006,0.0
2340,NvcNvl_L1_NS,NONE,0.009,0.0
2340,32Mt_L2_NS,32MT_NS,0.006,0.006
2340,32Mt_L2_EW,32MT_EW,0.011,0.005
2340,32Mt_L2_NS,NONE,0.009,0.0
2340,NvcMt_L1_NS,NONE,0.005,0.0
2345,304Nvl_L1_NS,304NVL_NS,0.036,0.036
2345,304Nvl_L3_NS,NONE,0.03,0.0
2345,32Nvl_L1_EW,32NVL_EW,0.007,0.002
2345,32Nvl_L2_EW,32NVL_EW,0.008,0.004
2345,32Nvl_L1_EW,32NVL_EW,0.027,0.022
2345,32Nvl_L2_EW,32NVL_EW,0.03,0.026
2345,32Nvl_L3_NS,NONE,0.008,0.0
2345,32Nvl_L2_NS,32NVL_NS,0.008,-0.013
2345,NvcNvl_L1_NS,NVCNVL_NS,0.007,0.007
2345,32Mt_L1_NS,32MT_NS,0.006,0.006
2345,32Mt_L1_EW,32MT_EW,0.007,0.002
2345,NvcMt_L1_EW,NVCMT_EW,0.032,0.032
2345,304Nvl_L2_NS,304NVL_NS,0.03,0.025
2345,32Nvl_L3_EW,NONE,0.025,0.0
2345,32Nvl_L3_EW,NONE,0.006,0.0
2345,32Nvl_L1_NS,32NVL_NS,0.007,-0.023
2345,32Mt_L2_NS,32MT_NS,0.006,0.006
2345,32Mt_L2_EW,32MT_EW,0.005,0.0
2345,NvcMt_L2_EW,NVCMT_EW,0.04,0.04
2350,304Nvl_L1_NS,304NVL_NS,0.036,0.031
2350,304Nvl_L3_NS,NONE,0.03,0.0
2350,304Nvl_L1_EW,304NVL_EW,0.042,0.042
2350,32Nvl_L1_NS,32NVL_NS,0.007,-0.018
2350,32Nvl_L1_EW,32NVL_EW,0.013,0.013
2350,32Nvl_L2_EW,32NVL_EW,0.015,0.015
2350,32Nvl_L3_NS,NONE,0.017,0.0
2350,32Nvl_L2_NS,32NVL_NS,0.016,-0.005
2350,32Mt_L1_NS,32MT_NS,0.006,0.006
2350,32Mt_L1_EW,NONE,0.007,0.0
2350,32Mt_L1_NS,NONE,0.059,0.0
2350,NvcMt_L1_EW,NVCMT_EW,0.013,0.013
2350,304Nvl_L2_NS,304NVL_NS,0.03,0.019
2350,32Nvl_L2_NS,32NVL_NS,0.007,-0.015
2350,32Nvl_L3_EW,NONE,0.012,0.0
2350,32Nvl_L1_NS,32NVL_NS,0.013,-0.012
2350,32Mt_L2_NS,32MT_NS,0.006,0.006
2350,32Mt_L2_NS,NONE,0.052,0.0
2350,NvcMt_L2_EW,NVCMT_EW,0.016,0.016
2355,304Nvl_L1_NS,304NVL_NS,0.036,0.031
2355,304Nvl_L3_NS,NONE,0.03,0.0
2355,32Nvl_L1_NS,32NVL_NS,0.007,-0.018
2355,32Nvl_L3_NS,NONE,0.017,0.0
2355,32Nvl_L2_NS,32NVL_NS,0.016,-0.005
2355,32Mt_L1_NS,32MT_NS,0.006,0.001
2355,NvcMt_L2_NS,NONE,0.005,0.0
2355,NvcMt_L1_EW,NVCMT_EW,0.006,0.006
2355,NvcMt_L1_NS,NVCMT_NS,0.007,0.002
2355,304Nvl_L2_NS,304NVL_NS,0.03,0.019
2355,32Nvl_L2_NS,32NVL_NS,0.007,-0.015
2355,32Nvl_L1_NS,32NVL_NS,0.02,-0.005
2355,32Mt_L2_NS,32MT_NS,0.006,0.003
2355,NvcMt_L1_NS,NONE,0.005,0.0
2355,NvcMt_L2_EW,NVCMT_EW,0.008,0.008
2355,NvcMt_L2_NS,NVCMT_NS,0.005,0.001
2360,304Nvl_L1_NS,304NVL_NS,0.009,-0.001
2360,304Nvl_L3_NS,NONE,0.007,0.0
2360,32Nvl_L3_NS,NONE,0.007,0.0
2360,32Nvl_L1_NS,32NVL_NS,0.014,0.008
2360,32Nvl_L3_NS,NONE,0.017,0.0
2360,32Nvl_L2_NS,32NVL_NS,0.016,0.01
2360,32Mt_L1_EW,NONE,0.007,0.0
2360,32Mt_L3_EW,NONE,0.009,0.0
2360,32Mt_L1_EW,32MT_EW,0.035,0.035
2360,NvcMt_L2_NS,NONE,0.005,0.0
2360,NvcMt_L1_EW,NVCMT_EW,0.006,0.006
2360,NvcMt_L2_EW,NVCMT_EW,0.003,0.003
2360,304Nvl_L2_NS,304NVL_NS,0.008,-0.003
2360,32Nvl_L2_NS,32NVL_NS,0.013,0.008
2360,32Nvl_L1_NS,32NVL_NS,0.02,0.014
2360,32Mt_L2_EW,NONE,0.008,0.0
2360,NvcMt_L1_NS,NONE,0.005,0.0
2360,NvcMt_L2_EW,NVCMT_EW,0.008,0.008
2360,NvcMt_L1_EW,NVCMT_EW,0.006,0.006
2365,304Nvl_L1_NS,304NVL_NS,0.009,0.009
2365,32Nvl_L1_EW,32NVL_EW,0.04,0.006
2365,32Nvl_L2_EW,32NVL_EW,0.045,0.026
2365,NvcNvl_L3_NS,NONE,0.007,0.0
2365,NvcNvl_L2_NS,NONE,0.007,0.0
2365,32Mt_L1_EW,32MT_EW,0.049,0.049
2365,NvcMt_L1_EW,NVCMT_EW,0.006,0.006
2365,NvcMt_L2_EW,NVCMT_EW,0.003,0.003
2365,32Nvl_L3_EW,NONE,0.037,0.0
2365,32Nvl_L1_NS,32NVL_NS,0.013,0.007
2365,NvcNvl_L1_NS,NONE,0.009,0.0
2365,32Mt_L2_EW,32MT_EW,0.027,0.027
2365,NvcMt_L2_EW,NVCMT_EW,0.008,0.008
2365,NvcMt_L1_EW,NVCMT_EW,0.006,0.006
2370,304Nvl_L1_EW,NONE,0.008,0.0
2370,304Nvl_L1_NS,NONE,0.015,0.0
2370,32Nvl_L1_EW,32NVL_EW,0.04,0.006
2370,32Nvl_L2_EW,32NVL_EW,0.045,0.026
2370,NvcNvl_L3_NS,NONE,0.007,0.0
2370,NvcNvl_L2_NS,NONE,0.007,0.0
2370,32Mt_L1_EW,32MT_EW,0.049,0.049
2370,NvcMt_L2_EW,NVCMT_EW,0.003,0.003
2370,32Nvl_L3_EW,NONE,0.037,0.0
2370,NvcNvl_L1_NS,NONE,0.009,0.0
2370,32Mt_L2_EW,32MT_EW,0.027,0.027
2370,NvcMt_L1_EW,NVCMT_EW,0.006,0.006
2375,32Nvl_L1_NS,32NVL_NS,0.007,0.007
2375,32Nvl_L1_EW,32NVL_EW,0.04,0.031
2375,32Nvl_L2_EW,32NVL_EW,0.045,0.041
2375,NvcNvl_L1_EW,NVCNVL_EW,0.007,0.007
2375,32Mt_L1_EW,NONE,0.014,0.0
2375,32Mt_L3_EW,NONE,0.009,0.0
2375,32Mt_L1_EW,32MT_EW,0.014,0.014
2375,32Mt_L1_NS,NONE,0.049,0.0
2375,32Nvl_L3_EW,NONE,0.037,0.0
2375,32Mt_L2_EW,NONE,0.008,0.0
2375,32Mt_L2_EW,32MT_EW,0.005,0.005
2375,32Mt_L2_NS,NONE,0.043,0.0
2375,NvcMt_L1_EW,NVCMT_EW,0.006,0.001
2380,304Nvl_L1_EW,304NVL_EW,0.11,0.11
2380,304Nvl_L2_EW,304NVL_EW,0.094,0.094
2380,304Nvl_L1_NS,NONE,0.007,0.0
2380,32Nvl_L1_NS,32NVL_NS,0.007,0.007
2380,32Nvl_L1_EW,32NVL_EW,0.04,0.035
2380,32Nvl_L2_EW,32NVL_EW,0.045,0.039
2380,NvcNvl_L1_EW,NVCNVL_EW,0.014,0.014
2380,NvcMt_L2_EW,NVCMT_EW,0.003,0.003
2380,32Thn_L1_EW,NONE,0.01,0.0
2380,32Thn_L2_EW,NONE,0.01,0.0
2380,32Thn_L1_EW,32THN_EW,0.008,0.008
2380,32Thn_L2_EW,32THN_EW,0.008,0.008
2380,32Thn_L3_EW,NONE,0.007,0.0
2380,32Thn_L3_EW,NONE,0.008,0.0
2380,304Nvl_L3_EW,NONE,0.006,0.0
2380,32Nvl_L3_EW,NONE,0.037,0.0
2380,NvcMt_L1_EW,NVCMT_EW,0.006,-0.004
2385,304Nvl_L1_EW,304NVL_EW,0.127,0.127
2385,304Nvl_L2_EW,304NVL_EW,0.109,0.109
2385,304Nvl_L1_NS,NONE,0.007,0.0
2385,32Nvl_L1_EW,32NVL_EW,0.04,0.024
2385,32Nvl_L2_EW,32NVL_EW,0.045,0.039
2385,NvcNvl_L3_NS,NONE,0.034,0.0
2385,NvcNvl_L2_NS,NONE,0.033,0.0
2385,NvcNvl_L1_EW,NVCNVL_EW,0.014,0.014
2385,32Mt_L1_EW,NONE,0.036,0.0
2385,32Mt_L1_EW,32MT_EW,0.007,0.007
2385,NvcMt_L2_EW,NVCMT_EW,0.003,0.003
2385,32Thn_L1_EW,32THN_EW,0.016,0.016
2385,32Thn_L2_EW,32THN_EW,0.008,0.008
2385,32Thn_L3_EW,NONE,0.008,0.0
2385,304Nvl_L3_EW,NONE,0.095,0.0
2385,32Nvl_L3_EW,NONE,0.037,0.0
2385,NvcNvl_L1_NS,NONE,0.044,0.0
2385,NvcMt_L1_EW,NVCMT_EW,0.006,-0.004
2390,304Nvl_L1_EW,304NVL_EW,0.144,0.144
2390,304Nvl_L2_EW,304NVL_EW,0.123,0.123
2390,32Nvl_L1_EW,32NVL_EW,0.04,0.025
2390,32Nvl_L2_EW,32NVL_EW,0.045,0.031
2390,NvcNvl_L3_NS,NONE,0.007,0.0
2390,NvcNvl_L2_NS,NONE,0.04,0.0
2390,NvcNvl_L1_EW,NVCNVL_EW,0.007,0.007
2390,32Mt_L1_EW,NONE,0.007,0.0
2390,32Mt_L3_EW,NONE,0.009,0.0
2390,32Mt_L1_EW,32MT_EW,0.014,0.014
2390,NvcMt_L2_EW,NVCMT_EW,0.003,0.003
2390,32Thn_L1_EW,32THN_EW,0.008,0.008
2390,32Thn_L2_EW,32THN_EW,0.008,0.008
2390,32Thn_L3_EW,NONE,0.008,0.0
2390,304Nvl_L3_EW,NONE,0.108,0.0
2390,32Nvl_L3_EW,NONE,0.037,0.0
2390,NvcNvl_L1_NS,NONE,0.052,0.0
2390,32Mt_L2_EW,NONE,0.008,0.0
2390,32Mt_L2_EW,32MT_EW,0.011,0.011
2390,NvcMt_L1_EW,NVCMT_EW,0.006,0.001
2395,304Nvl_L1_EW,304NVL_EW,0.152,0.152
2395,304Nvl_L2_EW,304NVL_EW,0.131,0.131
2395,32Nvl_L3_NS,NONE,0.007,0.0
2395,32Nvl_L1_NS,32NVL_NS,0.007,0.007
2395,32Nvl_L1_EW,32NVL_EW,0.007,0.007
2395,32Nvl_L2_EW,32NVL_EW,0.008,0.008
2395,32Nvl_L1_EW,32NVL_EW,0.04,0.04
2395,32Nvl_L2_EW,32NVL_EW,0.045,0.045
2395,32Nvl_L3_NS,NONE,0.109,0.0
2395,32Nvl_L2_NS,32NVL_NS,0.103,0.103
2395,32Mt_L1_EW,NONE,0.007,0.0
2395,32Mt_L3_EW,NONE,0.009,0.0
2395,32Thn_L1_EW,NONE,0.01,0.0
2395,304Nvl_L3_EW,NONE,0.114,0.0
2395,32Nvl_L2_NS,32NVL_NS,0.007,0.007
2395,32Nvl_L3_EW,NONE,0.037,0.0
2395,32Nvl_L3_EW,NONE,0.006,0.0
2395,32Nvl_L1_NS,32NVL_NS,0.087,0.087
2395,32Mt_L2_EW,NONE,0.008,0.0
2400,304Nvl_L1_EW,304NVL_EW,0.152,0.152
2400,304Nvl_L2_EW,304NVL_EW,0.131,0.131
2400,32Nvl_L3_NS,NONE,0.007,0.0
2400,32Nvl_L1_NS,32NVL_NS,0.007,0.007
2400,32Nvl_L1_EW,32NVL_EW,0.007,0.002
2400,32Nvl_L2_EW,32NVL_EW,0.008,0.004
2400,32Nvl_L1_EW,32NVL_EW,0.04,0.035
2400,32Nvl_L2_EW,32NVL_EW,0.045,0.041
2400,32Nvl_L3_NS,NONE,0.1,0.0
2400,32Nvl_L2_NS,32NVL_NS,0.095,0.095
2400,32Mt_L1_EW,NONE,0.014,0.0
2400,32Mt_L3_EW,NONE,0.009,0.0
2400,32Mt_L1_EW,32MT_EW,0.007,0.002
2400,32Thn_L1_EW,NONE,0.01,0.0
2400,304Nvl_L3_EW,NONE,0.114,0.0
2400,32Nvl_L2_NS,32NVL_NS,0.007,0.007
2400,32Nvl_L3_EW,NONE,0.037,0.0
2400,32Nvl_L3_EW,NONE,0.006,0.0
2400,32Nvl_L1_NS,32NVL_NS,0.081,0.081
2400,32Mt_L2_EW,NONE,0.008,0.0
2400,32Mt_L2_EW,32MT_EW,0.005,0.0
2405,304Nvl_L1_EW,304NVL_EW,0.246,0.246
2405,304Nvl_L2_EW,304NVL_EW,0.21,0.21
2405,304Nvl_L1_NS,NONE,0.007,0.0
2405,304Nvl_L3_NS,NONE,0.008,0.0
2405,32Nvl_L1_EW,32NVL_EW,0.014,0.004
2405,32Nvl_L2_EW,32NVL_EW,0.015,0.012
2405,32Nvl_L1_EW,32NVL_EW,0.04,0.031
2405,32Nvl_L2_EW,32NVL_EW,0.045,0.041
2405,32Mt_L1_EW,32MT_EW,0.014,0.004
2405,NvcCmt8_L2_EW,NVCCMT8_EW,0.005,0.005
2405,304Nvl_L3_EW,NONE,0.184,0.0
2405,304Nvl_L2_NS,NONE,0.007,0.0
2405,32Nvl_L3_EW,NONE,0.037,0.0
2405,32Nvl_L3_EW,NONE,0.013,0.0
2405,32Mt_L2_EW,32MT_EW,0.005,-0.005
2405,NvcCmt8_L1_EW,NVCCMT8_EW,0.008,0.008
2410,304Nvl_L1_EW,304NVL_EW,0.288,0.288
2410,304Nvl_L2_EW,304NVL_EW,0.247,0.247
2410,304Nvl_L1_NS,NONE,0.007,0.0
2410,32Nvl_L3_NS,NONE,0.007,0.0
2410,32Nvl_L1_NS,32NVL_NS,0.007,0.007
2410,32Nvl_L1_EW,32NVL_EW,0.014,0.004
2410,32Nvl_L2_EW,32NVL_EW,0.015,0.012
2410,32Nvl_L1_EW,32NVL_EW,0.04,0.031
2410,32Nvl_L2_EW,32NVL_EW,0.045,0.041
2410,32Mt_L1_EW,NONE,0.036,0.0
2410,32Mt_L3_EW,NONE,0.044,0.0
2410,32Mt_L1_EW,32MT_EW,0.014,0.004
2410,32Mt_L1_NS,NONE,0.01,0.0
2410,NvcCmt8_L2_EW,NVCCMT8_EW,0.005,0.005
2410,304Nvl_L3_EW,NONE,0.215,0.0
2410,32Nvl_L2_NS,32NVL_NS,0.007,0.007
2410,32Nvl_L3_EW,NONE,0.037,0.0
2410,32Nvl_L3_EW,NONE,0.013,0.0
2410,32Nvl_L1_NS,32NVL_NS,0.007,0.007
2410,32Mt_L2_EW,NONE,0.038,0.0
2410,32Mt_L2_EW,32MT_EW,0.005,-0.005
2410,32Mt_L2_NS,NONE,0.009,0.0
2410,NvcCmt8_L1_EW,NVCCMT8_EW,0.008,0.008
2415,304Nvl_L1_EW,304NVL_EW,0.161,0.161
2415,304Nvl_L2_EW,304NVL_EW,0.131,0.131
2415,304Nvl_L1_NS,NONE,0.015,0.0
2415,32Nvl_L1_NS,32NVL_NS,0.09,0.09
2415,32Mt_L1_EW,NONE,0.058,0.0
2415,32Mt_L3_EW,NONE,0.062,0.0
2415,32Mt_L1_EW,32MT_EW,0.007,0.007
2415,NvcMt_L2_NS,NONE,0.063,0.0
2415,NvcMt_L1_EW,NVCMT_EW,0.076,0.076
2415,304Nvl_L3_EW,NONE,0.114,0.0
2415,32Nvl_L2_NS,32NVL_NS,0.007,0.007
2415,32Mt_L2_EW,NONE,0.053,0.0
2415,NvcMt_L1_NS,NONE,0.066,0.0
2415,NvcMt_L2_EW,NVCMT_EW,0.095,0.095
2420,304Nvl_L1_EW,304NVL_EW,0.008,0.008
2420,304Nvl_L1_NS,NONE,0.007,0.0
2420,32Nvl_L1_NS,32NVL_NS,0.09,0.09
2420,NvcNvl_L3_NS,NONE,0.007,0.0
2420,NvcNvl_L2_NS,NONE,0.007,0.0
2420,NvcNvl_L1_EW,NONE,0.011,0.0
2420,NvcNvl_L2_EW,NONE,0.008,0.0
2420,32Mt_L1_EW,NONE,0.007,0.0
2420,32Mt_L3_EW,NONE,0.009,0.0
2420,NvcMt_L2_NS,NONE,0.063,0.0
2420,NvcMt_L1_EW,NVCMT_EW,0.076,0.076
2420,32Nvl_L2_NS,32NVL_NS,0.007,0.007
2420,32Nvl_L1_NS,32NVL_NS,0.013,0.013
2420,NvcNvl_L1_NS,NONE,0.009,0.0
2420,NvcNvl_L3_EW,NONE,0.006,0.0
2420,32Mt_L2_EW,NONE,0.008,0.0
2420,NvcMt_L1_NS,NONE,0.066,0.0
2420,NvcMt_L2_EW,NVCMT_EW,0.095,0.095
2420,NvcCmt8_L1_EW,NONE,0.006,0.0
2425,304Thn_L1_EW,NONE,0.007,0.0
2425,304Thn_L2_EW,NONE,0.008,0.0
2425,304Nvl_L1_EW,304NVL_EW,0.017,0.017
2425,304Nvl_L2_EW,304NVL_EW,0.007,0.007
2425,32Nvl_L1_NS,32NVL_NS,0.09,0.09
2425,32Nvl_L3_NS,NONE,0.025,0.0
2425,32Nvl_L2_NS,32NVL_NS,0.024,0.024
2425,NvcNvl_L1_EW,NONE,0.011,0.0
2425,32Mt_L1_NS,32MT_NS,0.006,0.001
2425,32Mt_L1_EW,32MT_EW,0.035,0.035
2425,32Mt_L1_NS,NONE,0.049,0.0
2425,NvcMt_L1_NS,NVCMT_NS,0.007,0.002
2425,304Nvl_L3_EW,NONE,0.006,0.0
2425,32Nvl_L2_NS,32NVL_NS,0.007,0.007
2425,32Nvl_L1_NS,32NVL_NS,0.034,0.034
2425,32Mt_L2_EW,32MT_EW,0.027,0.027
2425,NvcMt_L2_NS,NVCMT_NS,0.005,0.005
2430,304Nvl_L1_NS,304NVL_NS,0.009,0.004
2430,304Nvl_L1_EW,304NVL_EW,0.008,0.008
2430,304Nvl_L1_NS,NONE,0.088,0.0
2430,32Nvl_L1_NS,32NVL_NS,0.007,0.001
2430,32Nvl_L3_NS,NONE,0.033,0.0
2430,32Nvl_L2_NS,32NVL_NS,0.032,0.032
2430,NvcNvl_L3_NS,NONE,0.007,0.0
2430,NvcNvl_L2_NS,NONE,0.007,0.0
2430,NvcNvl_L1_EW,NONE,0.021,0.0
2430,NvcNvl_L2_EW,NONE,0.008,0.0
2430,32Mt_L1_NS,32MT_NS,0.006,0.001
2430,32Mt_L1_EW,NONE,0.072,0.0
2430,32Mt_L3_EW,NONE,0.088,0.0
2430,32Mt_L1_EW,32MT_EW,0.007,0.007
2430,NvcMt_L1_NS,NVCMT_NS,0.007,0.002
2430,32Nvl_L2_NS,32NVL_NS,0.007,0.007
2430,32Nvl_L1_NS,32NVL_NS,0.034,0.027
2430,NvcNvl_L1_NS,NONE,0.009,0.0
2430,32Mt_L2_EW,NONE,0.075,0.0
2430,32Mt_L2_EW,32MT_EW,0.005,0.005
2430,NvcMt_L2_NS,NVCMT_NS,0.005,0.005
2435,304Thn_L1_EW,304THN_EW,0.008,-0.021
2435,304Nvl_L1_NS,304NVL_NS,0.009,0.004
2435,304Nvl_L1_EW,304NVL_EW,0.042,0.037
2435,304Nvl_L1_NS,NONE,0.088,0.0
2435,32Nvl_L1_NS,32NVL_NS,0.007,0.001
2435,32Nvl_L3_NS,NONE,0.033,0.0
2435,32Nvl_L2_NS,32NVL_NS,0.032,0.032
2435,NvcNvl_L3_NS,NONE,0.007,0.0
2435,NvcNvl_L2_NS,NONE,0.007,0.0
2435,32Mt_L1_NS,32MT_NS,0.006,-0.003
2435,32Mt_L1_EW,NONE,0.043,0.0
2435,32Mt_L3_EW,NONE,0.009,0.0
2435,NvcMt_L1_NS,NVCMT_NS,0.014,0.009
2435,32Nvl_L2_NS,32NVL_NS,0.007,0.007
2435,32Nvl_L1_NS,32NVL_NS,0.027,0.021
2435,NvcNvl_L1_NS,NONE,0.009,0.0
2435,32Mt_L2_EW,NONE,0.008,0.0
2435,NvcMt_L2_NS,NVCMT_NS,0.011,0.011
2440,32Nvl_L1_NS,32NVL_NS,0.007,0.007
2440,32Nvl_L1_EW,32NVL_EW,0.007,-0.042
2440,32Nvl_L2_EW,32NVL_EW,0.008,-0.03
2440,32Nvl_L3_NS,NONE,0.033,0.0
2440,32Nvl_L2_NS,32NVL_NS,0.032,0.032
2440,NvcNvl_L1_EW,NVCNVL_EW,0.007,0.007
2440,32Mt_L1_EW,NONE,0.043,0.0
2440,32Mt_L3_EW,NONE,0.009,0.0
2440,32Mt_L1_EW,32MT_EW,0.07,0.065
2440,32Mt_L1_NS,NONE,0.059,0.0
2440,NvcMt_L2_NS,NONE,0.005,0.0
2440,NvcMt_L1_NS,NVCMT_NS,0.014,0.014
2440,32Nvl_L2_NS,32NVL_NS,0.007,0.007
2440,32Nvl_L3_EW,NONE,0.006,0.0
2440,32Nvl_L1_NS,32NVL_NS,0.027,0.027
2440,32Mt_L2_EW,NONE,0.008,0.0
2440,32Mt_L2_EW,32MT_EW,0.054,0.049
2440,32Mt_L2_NS,NONE,0.052,0.0
2440,NvcMt_L1_NS,NONE,0.005,0.0
2440,NvcMt_L2_NS,NVCMT_NS,0.011,0.011
2445,304Nvl_L1_EW,304NVL_EW,0.042,0.042
2445,304Nvl_L2_EW,304NVL_EW,0.036,0.036
2445,32Nvl_L3_NS,NONE,0.007,0.0
2445,32Nvl_L1_NS,32NVL_NS,0.014,0.014
2445,32Nvl_L3_NS,NONE,0.042,0.0
2445,32Nvl_L2_NS,32NVL_NS,0.039,0.039
2445,32Mt_L1_EW,32MT_EW,0.007,0.007
2445,32Mt_L1_NS,NONE,0.02,0.0
2445,NvcMt_L2_NS,NONE,0.005,0.0
2445,NvcMt_L1_NS,NVCMT_NS,0.014,0.014
2445,NvcCmt8_L2_NS,NONE,0.011,0.0
2445,32Thn_L1_EW,32THN_EW,0.008,0.008
2445,32Thn_L2_EW,32THN_EW,0.008,0.008
2445,NvcCmt8_L1_NS,NONE,0.008,0.0
2445,32Thn_L3_EW,NONE,0.008,0.0
2445,304Nvl_L3_EW,NONE,0.032,0.0
2445,32Nvl_L2_NS,32NVL_NS,0.013,0.013
2445,32Nvl_L1_NS,32NVL_NS,0.034,0.034
2445,32Mt_L2_EW,32MT_EW,0.005,0.005
2445,32Mt_L2_NS,NONE,0.017,0.0
2445,NvcMt_L1_NS,NONE,0.005,0.0
2445,NvcMt_L2_NS,NVCMT_NS,0.011,0.011
2450,32Nvl_L3_NS,NONE,0.014,0.0
2450,32Nvl_L1_NS,32NVL_NS,0.021,0.021
2450,32Nvl_L1_EW,32NVL_EW,0.085,0.08
2450,32Nvl_L2_EW,32NVL_EW,0.093,0.093
2450,32Nvl_L3_NS,NONE,0.05,0.0
2450,32Nvl_L2_NS,32NVL_NS,0.047,0.047
2450,32Mt_L1_EW,NONE,0.036,0.0
2450,32Mt_L1_EW,32MT_EW,0.007,-0.052
2450,32Mt_L1_NS,NONE,0.02,0.0
2450,NvcMt_L2_NS,NONE,0.005,0.0
2450,NvcMt_L1_NS,NVCMT_NS,0.02,0.02
2450,32Thn_L1_EW,NONE,0.01,0.0
2450,32Nvl_L2_NS,32NVL_NS,0.02,0.02
2450,32Nvl_L3_EW,NONE,0.075,0.0
2450,32Nvl_L1_NS,32NVL_NS,0.047,0.047
2450,32Mt_L2_NS,NONE,0.009,0.0
2450,NvcMt_L1_NS,NONE,0.005,0.0
2450,NvcMt_L2_NS,NVCMT_NS,0.016,0.016
2455,304Nvl_L1_EW,304NVL_EW,0.042,0.042
2455,304Nvl_L2_EW,304NVL_EW,0.036,0.036
2455,32Nvl_L3_NS,NONE,0.007,0.0
2455,32Nvl_L1_NS,32NVL_NS,0.014,0.014
2455,32Nvl_L1_EW,32NVL_EW,0.085,0.085
2455,32Nvl_L2_EW,32NVL_EW,0.093,0.093
2455,32Nvl_L3_NS,NONE,0.05,0.0
2455,32Nvl_L2_NS,32NVL_NS,0.047,0.047
2455,NvcNvl_L1_EW,NVCNVL_EW,0.035,0.035
2455,NvcNvl_L2_EW,NVCNVL_EW,0.039,0.039
2455,32Mt_L1_NS,32MT_NS,0.006,-0.008
2455,32Mt_L1_NS,NONE,0.02,0.0
2455,NvcMt_L1_NS,NVCMT_NS,0.02,0.016
2455,304Nvl_L3_EW,NONE,0.032,0.0
2455,32Nvl_L2_NS,32NVL_NS,0.013,0.013
2455,32Nvl_L3_EW,NONE,0.075,0.0
2455,32Nvl_L1_NS,32NVL_NS,0.047,0.047
2455,NvcNvl_L3_EW,NONE,0.047,0.0
2455,32Mt_L2_NS,NONE,0.009,0.0
2455,NvcMt_L2_NS,NVCMT_NS,0.016,0.016
2455,NvcCmt8_L1_NS,NONE,0.011,0.0
2460,304Nvl_L1_EW,304NVL_EW,0.042,0.042
2460,32Nvl_L3_NS,NONE,0.095,0.0
2460,32Nvl_L1_NS,32NVL_NS,0.104,0.104
2460,32Nvl_L3_NS,NONE,0.05,0.0
2460,32Nvl_L2_NS,32NVL_NS,0.047,0.047
2460,32Mt_L1_NS,32MT_NS,0.006,-0.008
2460,32Mt_L1_EW,NONE,0.007,0.0
2460,NvcMt_L1_NS,NVCMT_NS,0.02,0.016
2460,32Nvl_L2_NS,32NVL_NS,0.1,0.1
2460,32Nvl_L1_NS,32NVL_NS,0.047,0.047
2460,NvcMt_L2_NS,NVCMT_NS,0.016,0.016
2465,304Nvl_L1_EW,304NVL_EW,0.11,0.11
2465,304Nvl_L2_EW,304NVL_EW,0.094,0.094
2465,304Nvl_L1_NS,NONE,0.036,0.0
2465,32Nvl_L3_NS,NONE,0.089,0.0
2465,32Nvl_L1_NS,32NVL_NS,0.104,0.104
2465,32Nvl_L1_EW,32NVL_EW,0.007,0.007
2465,32Nvl_L2_EW,32NVL_EW,0.008,0.008
2465,32Nvl_L1_EW,32NVL_EW,0.007,0.007
2465,32Nvl_L2_EW,32NVL_EW,0.007,0.007
2465,32Nvl_L3_NS,NONE,0.05,0.0
2465,32Nvl_L2_NS,32NVL_NS,0.047,0.047
2465,NvcNvl_L3_NS,NONE,0.014,0.0
2465,NvcNvl_L2_NS,NONE,0.013,0.0
2465,NvcNvl_L1_EW,NVCNVL_EW,0.007,0.007
2465,NvcNvl_L2_EW,NVCNVL_EW,0.008,0.008
2465,32Mt_L1_EW,NONE,0.007,0.0
2465,NvcMt_L1_NS,NVCMT_NS,0.02,0.02
2465,NvcCmt8_L2_EW,NONE,0.007,0.0
2465,304Nvl_L3_EW,NONE,0.082,0.0
2465,32Nvl_L2_NS,32NVL_NS,0.1,0.1
2465,32Nvl_L3_EW,NONE,0.006,0.0
2465,32Nvl_L3_EW,NONE,0.006,0.0
2465,32Nvl_L1_NS,32NVL_NS,0.04,0.04
2465,NvcNvl_L1_NS,NONE,0.017,0.0
2465,NvcNvl_L3_EW,NONE,0.009,0.0
2465,32Mt_L2_EW,NONE,0.008,0.0
2465,NvcMt_L2_NS,NVCMT_NS,0.016,0.016
2465,NvcCmt8_L1_EW,NONE,0.006,0.0
2470,304Nvl_L1_EW,304NVL_EW,0.127,0.127
2470,304Nvl_L2_EW,304NVL_EW,0.109,0.109
2470,304Nvl_L1_NS,NONE,0.088,0.0
2470,304Nvl_L3_NS,NONE,0.096,0.0
2470,32Nvl_L1_NS,32NVL_NS,0.09,0.09
2470,32Nvl_L3_NS,NONE,0.025,0.0
2470,32Nvl_L2_NS,32NVL_NS,0.024,0.024
2470,NvcNvl_L1_EW,NVCNVL_EW,0.007,0.007
2470,NvcNvl_L2_EW,NVCNVL_EW,0.008,0.008
2470,304Nvl_L3_EW,NONE,0.095,0.0
2470,304Nvl_L2_NS,NONE,0.089,0.0
2470,32Nvl_L2_NS,32NVL_NS,0.087,0.087
2470,32Nvl_L1_NS,32NVL_NS,0.101,0.101
2470,NvcNvl_L3_EW,NONE,0.009,0.0
2475,304Nvl_L1_EW,304NVL_EW,0.144,0.144
2475,304Nvl_L2_EW,304NVL_EW,0.123,0.123
2475,304Nvl_L1_NS,NONE,0.088,0.0
2475,304Nvl_L3_NS,NONE,0.096,0.0
2475,32Nvl_L1_EW,32NVL_EW,0.007,0.002
2475,32Nvl_L3_NS,NONE,0.017,0.0
2475,32Nvl_L2_NS,32NVL_NS,0.016,0.016
2475,NvcNvl_L1_EW,NVCNVL_EW,0.007,0.007
2475,NvcNvl_L2_EW,NVCNVL_EW,0.008,0.008
2475,32Mt_L1_NS,32MT_NS,0.031,0.031
2475,32Mt_L1_EW,32MT_EW,0.007,0.007
2475,32Mt_L1_NS,NONE,0.01,0.0
2475,NvcMt_L2_NS,NONE,0.026,0.0
2475,304Nvl_L3_EW,NONE,0.108,0.0
2475,304Nvl_L2_NS,NONE,0.089,0.0
2475,32Nvl_L1_NS,32NVL_NS,0.094,0.094
2475,NvcNvl_L3_EW,NONE,0.009,0.0
2475,32Mt_L2_NS,32MT_NS,0.032,0.032
2475,32Mt_L2_NS,NONE,0.009,0.0
2475,NvcMt_L1_NS,NONE,0.027,0.0
2475,NvcMt_L2_EW,NVCMT_EW,0.008,0.002
2480,304Nvl_L1_EW,304NVL_EW,0.042,0.042
2480,304Nvl_L2_EW,304NVL_EW,0.036,0.036
2480,32Nvl_L3_NS,NONE,0.082,0.0
2480,32Nvl_L1_NS,32NVL_NS,0.083,0.083
2480,32Nvl_L1_EW,32NVL_EW,0.007,0.002
2480,32Nvl_L3_NS,NONE,0.008,0.0
2480,32Nvl_L2_NS,32NVL_NS,0.008,0.008
2480,NvcNvl_L1_EW,NVCNVL_EW,0.014,0.01
2480,NvcNvl_L2_EW,NVCNVL_EW,0.008,0.008
2480,32Mt_L1_EW,NONE,0.007,0.0
2480,32Mt_L1_EW,32MT_EW,0.007,0.007
2480,NvcMt_L2_NS,NONE,0.026,0.0
2480,NvcMt_L1_EW,NVCMT_EW,0.006,-0.004
2480,304Nvl_L3_EW,NONE,0.032,0.0
2480,32Nvl_L2_NS,32NVL_NS,0.08,0.08
2480,32Nvl_L1_NS,32NVL_NS,0.087,0.087
2480,NvcNvl_L3_EW,NONE,0.009,0.0
2480,32Mt_L2_EW,NONE,0.008,0.0
2480,32Mt_L2_EW,32MT_EW,0.005,0.005
2480,NvcMt_L1_NS,NONE,0.027,0.0
2480,NvcMt_L2_EW,NVCMT_EW,0.008,0.002
2485,304Nvl_L1_EW,304NVL_EW,0.025,0.025
2485,304Nvl_L2_EW,304NVL_EW,0.022,0.022
2485,32Nvl_L3_NS,NONE,0.082,0.0
2485,32Nvl_L1_NS,32NVL_NS,0.083,0.083
2485,32Nvl_L1_EW,32NVL_EW,0.007,0.002
2485,32Nvl_L2_EW,32NVL_EW,0.008,0.004
2485,NvcNvl_L1_EW,NVCNVL_EW,0.014,0.001
2485,NvcNvl_L2_EW,NVCNVL_EW,0.008,0.008
2485,32Mt_L1_EW,NONE,0.014,0.0
2485,32Mt_L3_EW,NONE,0.018,0.0
2485,32Mt_L1_EW,32MT_EW,0.007,0.002
2485,32Mt_L1_NS,NONE,0.068,0.0
2485,NvcMt_L1_EW,NVCMT_EW,0.019,0.009
2485,NvcMt_L1_NS,NVCMT_NS,0.007,0.007
2485,304Nvl_L3_EW,NONE,0.019,0.0
2485,32Nvl_L2_NS,32NVL_NS,0.08,0.08
2485,32Nvl_L3_EW,NONE,0.006,0.0
2485,32Nvl_L1_NS,32NVL_NS,0.081,0.081
2485,NvcNvl_L3_EW,NONE,0.009,0.0
2485,32Mt_L2_EW,NONE,0.015,0.0
2485,32Mt_L2_EW,32MT_EW,0.005,0.0
2485,32Mt_L2_NS,NONE,0.009,0.0
2485,NvcMt_L2_EW,NVCMT_EW,0.024,0.018
2485,NvcMt_L2_NS,NVCMT_NS,0.005,0.005
2490,304Nvl_L1_EW,304NVL_EW,0.102,0.102
2490,304Nvl_L1_NS,NONE,0.088,0.0
2490,32Nvl_L1_NS,32NVL_NS,0.007,0.007
2490,32Nvl_L1_EW,32NVL_EW,0.007,0.002
2490,32Nvl_L2_EW,32NVL_EW,0.008,0.008
2490,NvcNvl_L1_EW,NONE,0.021,0.0
2490,NvcNvl_L2_EW,NONE,0.015,0.0
2490,NvcNvl_L1_EW,NVCNVL_EW,0.014,0.01
2490,NvcNvl_L2_EW,NVCNVL_EW,0.008,0.008
2490,32Mt_L1_EW,NONE,0.007,0.0
2490,32Mt_L3_EW,NONE,0.009,0.0
2490,32Mt_L1_EW,32MT_EW,0.007,0.002
2490,NvcMt_L1_EW,NVCMT_EW,0.006,-0.004
2490,NvcMt_L1_NS,NVCMT_NS,0.007,0.007
2490,32Nvl_L3_EW,NONE,0.006,0.0
2490,32Nvl_L1_NS,32NVL_NS,0.081,0.081
2490,NvcNvl_L3_EW,NONE,0.013,0.0
2490,NvcNvl_L3_EW,NONE,0.009,0.0
2490,32Mt_L2_EW,NONE,0.008,0.0
2490,NvcMt_L2_EW,NVCMT_EW,0.008,0.002
2490,NvcMt_L2_NS,NVCMT_NS,0.005,0.005
2495,304Nvl_L1_EW,304NVL_EW,0.102,0.102
2495,304Nvl_L1_NS,NONE,0.007,0.0
2495,32Nvl_L3_NS,NONE,0.034,0.0
2495,32Nvl_L1_NS,32NVL_NS,0.042,0.042
2495,32Nvl_L1_EW,32NVL_EW,0.092,0.087
2495,32Nvl_L2_EW,32NVL_EW,0.1,0.097
2495,NvcNvl_L1_EW,NONE,0.011,0.0
2495,NvcNvl_L2_EW,NONE,0.008,0.0
2495,NvcNvl_L1_EW,NVCNVL_EW,0.007,0.003
2495,NvcNvl_L2_EW,NVCNVL_EW,0.008,0.008
2495,32Mt_L1_EW,NONE,0.007,0.0
2495,32Mt_L1_EW,32MT_EW,0.007,-0.057
2495,32Mt_L1_NS,NONE,0.02,0.0
2495,NvcMt_L1_EW,NVCMT_EW,0.006,-0.004
2495,NvcCmt8_L2_EW,NVCCMT8_EW,0.005,0.005
2495,32Nvl_L2_NS,32NVL_NS,0.033,0.033
2495,32Nvl_L3_EW,NONE,0.081,0.0
2495,32Nvl_L1_NS,32NVL_NS,0.007,0.007
2495,NvcNvl_L3_EW,NONE,0.006,0.0
2495,NvcNvl_L3_EW,NONE,0.009,0.0
2495,32Mt_L2_EW,32MT_EW,0.005,-0.065
2495,32Mt_L2_NS,NONE,0.009,0.0
2495,NvcMt_L2_EW,NVCMT_EW,0.008,-0.001
2495,NvcCmt8_L1_EW,NVCCMT8_EW,0.008,0.003
2500,304Nvl_L1_EW,NONE,0.008,0.0
2500,304Nvl_L1_NS,NONE,0.015,0.0
2500,32Nvl_L1_NS,32NVL_NS,0.035,0.035
2500,32Nvl_L1_EW,32NVL_EW,0.007,-0.003
2500,32Nvl_L2_EW,32NVL_EW,0.008,0.008
2500,32Nvl_L1_EW,32NVL_EW,0.007,-0.003
2500,32Nvl_L2_EW,32NVL_EW,0.007,0.007
2500,32Nvl_L3_NS,NONE,0.008,0.0
2500,32Nvl_L2_NS,32NVL_NS,0.008,0.008
2500,NvcNvl_L3_NS,NONE,0.007,0.0
2500,NvcNvl_L2_NS,NONE,0.013,0.0
2500,NvcNvl_L1_EW,NVCNVL_EW,0.007,0.003
2500,NvcNvl_L2_EW,NVCNVL_EW,0.008,0.008
2500,32Mt_L1_EW,32MT_EW,0.014,0.009
2500,32Mt_L1_NS,NONE,0.01,0.0
2500,NvcMt_L2_NS,NONE,0.005,0.0
2500,NvcMt_L1_EW,NVCMT_EW,0.006,-0.004
2500,NvcCmt8_L2_EW,NVCCMT8_EW,0.005,0.005
2500,NvcCmt8_L2_NS,NONE,0.011,0.0
2500,NvcCmt8_L1_NS,NONE,0.008,0.0
2500,32Nvl_L2_NS,32NVL_NS,0.033,0.033
2500,32Nvl_L3_EW,NONE,0.006,0.0
2500,32Nvl_L3_EW,NONE,0.006,0.0
2500,32Nvl_L1_NS,32NVL_NS,0.094,0.094
2500,NvcNvl_L1_NS,NONE,0.017,0.0
2500,NvcNvl_L3_EW,NONE,0.009,0.0
2500,32Mt_L2_NS,NONE,0.009,0.0
2500,NvcMt_L1_NS,NONE,0.005,0.0
2500,NvcMt_L2_EW,NVCMT_EW,0.008,-0.001
2500,NvcCmt8_L1_EW,NVCCMT8_EW,0.008,0.003
2505,304Nvl_L1_EW,304NVL_EW,0.017,0.017
2505,304Nvl_L2_EW,304NVL_EW,0.007,0.007
2505,304Nvl_L1_EW,NONE,0.008,0.0
2505,304Nvl_L1_NS,NONE,0.007,0.0
2505,32Nvl_L1_EW,32NVL_EW,0.007,-0.008
2505,32Nvl_L2_EW,32NVL_EW,0.008,0.0
2505,32Nvl_L1_EW,32NVL_EW,0.087,0.073
2505,32Nvl_L2_EW,32NVL_EW,0.007,0.0
2505,32Nvl_L3_NS,NONE,0.008,0.0
2505,32Nvl_L2_NS,32NVL_NS,0.008,0.008
2505,NvcNvl_L3_NS,NONE,0.02,0.0
2505,NvcNvl_L2_NS,NONE,0.02,0.0
2505,NvcNvl_L1_EW,NVCNVL_EW,0.014,0.01
2505,NvcNvl_L2_EW,NVCNVL_EW,0.016,0.016
2505,32Mt_L1_NS,32MT_NS,0.006,0.006
2505,32Mt_L1_EW,32MT_EW,0.021,0.016
2505,NvcMt_L1_EW,NVCMT_EW,0.006,-0.009
2505,NvcCmt8_L2_EW,NVCCMT8_EW,0.005,0.005
2505,304Nvl_L3_EW,NONE,0.006,0.0
2505,32Nvl_L3_EW,NONE,0.006,0.0
2505,32Nvl_L3_EW,NONE,0.006,0.0
2505,32Nvl_L1_NS,32NVL_NS,0.087,0.087
2505,NvcNvl_L1_NS,NONE,0.026,0.0
2505,NvcNvl_L3_EW,NONE,0.019,0.0
2505,32Mt_L2_EW,32MT_EW,0.011,0.005
2505,NvcMt_L2_EW,NVCMT_EW,0.008,-0.007
2505,NvcCmt8_L1_EW,NVCCMT8_EW,0.008,0.003
2510,304Nvl_L1_EW,304NVL_EW,0.008,0.008
2510,304Nvl_L2_EW,304NVL_EW,0.007,0.007
2510,32Nvl_L1_EW,32NVL_EW,0.007,-0.003
2510,32Nvl_L2_EW,32NVL_EW,0.008,0.0
2510,32Nvl_L1_EW,32NVL_EW,0.087,0.078
2510,32Nvl_L2_EW,32NVL_EW,0.007,0.0
2510,NvcNvl_L2_NS,NONE,0.007,0.0
2510,NvcNvl_L1_EW,NONE,0.011,0.0
2510,NvcNvl_L2_EW,NONE,0.008,0.0
2510,NvcNvl_L1_EW,NVCNVL_EW,0.014,0.014
2510,NvcNvl_L2_EW,NVCNVL_EW,0.016,0.016
2510,32Mt_L1_EW,32MT_EW,0.014,0.009
2510,NvcMt_L2_NS,NONE,0.005,0.0
2510,304Nvl_L3_EW,NONE,0.006,0.0
2510,32Nvl_L3_EW,NONE,0.006,0.0
2510,32Nvl_L3_EW,NONE,0.006,0.0
2510,32Nvl_L1_NS,32NVL_NS,0.034,0.034
2510,NvcNvl_L1_NS,NONE,0.009,0.0
2510,NvcNvl_L3_EW,NONE,0.019,0.0
2510,32Mt_L2_EW,32MT_EW,0.011,0.005
2510,NvcMt_L1_NS,NONE,0.005,0.0
2515,304Nvl_L1_EW,304NVL_EW,0.008,0.008
2515,304Nvl_L2_EW,304NVL_EW,0.007,0.007
2515,304Nvl_L1_NS,NONE,0.007,0.0
2515,32Nvl_L1_EW,32NVL_EW,0.007,0.002
2515,32Nvl_L2_EW,32NVL_EW,0.008,0.004
2515,32Nvl_L1_EW,32NVL_EW,0.087,0.082
2515,32Nvl_L2_EW,32NVL_EW,0.007,0.004
2515,32Nvl_L3_NS,NONE,0.008,0.0
2515,32Nvl_L2_NS,32NVL_NS,0.008,0.008
2515,NvcNvl_L1_EW,NONE,0.011,0.0
2515,NvcNvl_L2_EW,NONE,0.008,0.0
2515,NvcNvl_L1_EW,NVCNVL_EW,0.014,0.014
2515,NvcNvl_L2_EW,NVCNVL_EW,0.016,0.014
2515,32Mt_L1_EW,32MT_EW,0.007,0.002
2515,NvcMt_L2_EW,NVCMT_EW,0.003,-0.008
2515,304Nvl_L3_EW,NONE,0.006,0.0
2515,32Nvl_L3_EW,NONE,0.006,0.0
2515,32Nvl_L3_EW,NONE,0.006,0.0
2515,32Nvl_L1_NS,32NVL_NS,0.007,0.007
2515,NvcNvl_L3_EW,NONE,0.019,0.0
2515,32Mt_L2_EW,32MT_EW,0.005,0.0
2515,NvcMt_L1_EW,NVCMT_EW,0.006,-0.004
2515,NvcCmt8_L1_EW,NONE,0.006,0.0
2520,304Nvl_L1_NS,NONE,0.015,0.0
2520,304Nvl_L3_NS,NONE,0.008,0.0
2520,32Nvl_L3_NS,NONE,0.082,0.0
2520,32Nvl_L1_NS,32NVL_NS,0.083,0.083
2520,32Nvl_L1_EW,32NVL_EW,0.05,0.045
2520,32Nvl_L2_EW,32NVL_EW,0.054,0.05
2520,32Nvl_L1_EW,32NVL_EW,0.007,0.002
2520,32Nvl_L2_EW,32NVL_EW,0.007,0.004
2520,NvcNvl_L1_EW,NVCNVL_EW,0.021,0.021
2520,NvcNvl_L2_EW,NVCNVL_EW,0.016,0.014
2520,32Mt_L1_EW,NONE,0.014,0.0
2520,32Mt_L3_EW,NONE,0.018,0.0
2520,32Mt_L1_EW,32MT_EW,0.007,-0.028
2520,NvcMt_L2_EW,NVCMT_EW,0.003,-0.008
2520,304Nvl_L2_NS,NONE,0.007,0.0
2520,32Nvl_L2_NS,32NVL_NS,0.08,0.08
2520,32Nvl_L3_EW,NONE,0.006,0.0
2520,32Nvl_L3_EW,NONE,0.044,0.0
2520,32Nvl_L1_NS,32NVL_NS,0.007,0.007
2520,NvcNvl_L3_EW,NONE,0.019,0.0
2520,32Mt_L2_EW,NONE,0.015,0.0
2520,32Mt_L2_EW,32MT_EW,0.005,-0.032
2520,NvcMt_L1_EW,NVCMT_EW,0.006,-0.009
2525,304Nvl_L1_NS,304NVL_NS,0.009,-0.054
2525,32Nvl_L1_NS,32NVL_NS,0.09,0.084
2525,32Nvl_L1_EW,32NVL_EW,0.014,0.009
2525,32Nvl_L2_EW,32NVL_EW,0.015,0.012
2525,32Nvl_L1_EW,32NVL_EW,0.007,0.002
2525,32Nvl_L2_EW,32NVL_EW,0.007,0.004
2525,32Nvl_L3_NS,NONE,0.008,0.0
2525,32Nvl_L2_NS,32NVL_NS,0.008,0.008
2525,NvcNvl_L1_EW,NONE,0.011,0.0
2525,NvcNvl_L2_EW,NONE,0.008,0.0
2525,NvcNvl_L1_EW,NVCNVL_EW,0.007,0.007
2525,32Mt_L1_EW,NONE,0.014,0.0
2525,32Mt_L3_EW,NONE,0.018,0.0
2525,32Mt_L1_EW,32MT_EW,0.007,-0.003
2525,NvcMt_L2_EW,NVCMT_EW,0.003,0.003
2525,32Nvl_L2_NS,32NVL_NS,0.08,0.08
2525,32Nvl_L3_EW,NONE,0.006,0.0
2525,32Nvl_L3_EW,NONE,0.013,0.0
2525,32Nvl_L1_NS,32NVL_NS,0.013,0.007
2525,NvcNvl_L3_EW,NONE,0.006,0.0
2525,32Mt_L2_EW,NONE,0.015,0.0
2525,32Mt_L2_EW,32MT_EW,0.005,-0.005
2525,NvcMt_L1_EW,NVCMT_EW,0.006,0.001
2530,304Nvl_L1_NS,304NVL_NS,0.018,0.008
2530,32Nvl_L3_NS,NONE,0.007,0.0
2530,32Nvl_L1_NS,32NVL_NS,0.014,0.001
2530,32Nvl_L1_EW,32NVL_EW,0.007,0.002
2530,32Nvl_L2_EW,32NVL_EW,0.008,0.008
2530,32Nvl_L1_EW,32NVL_EW,0.013,0.009
2530,32Nvl_L2_EW,32NVL_EW,0.007,0.007
2530,NvcNvl_L3_NS,NONE,0.007,0.0
2530,NvcNvl_L2_NS,NONE,0.007,0.0
2530,NvcNvl_L1_EW,NONE,0.011,0.0
2530,NvcNvl_L2_EW,NONE,0.008,0.0
2530,32Mt_L1_EW,32MT_EW,0.007,0.002
2530,32Nvl_L2_NS,32NVL_NS,0.013,0.013
2530,32Nvl_L3_EW,NONE,0.006,0.0
2530,32Nvl_L3_EW,NONE,0.006,0.0
2530,32Nvl_L1_NS,32NVL_NS,0.034,0.021
2530,NvcNvl_L1_NS,NONE,0.009,0.0
2530,NvcNvl_L3_EW,NONE,0.006,0.0
2535,304Nvl_L1_NS,304NVL_NS,0.018,0.013
2535,304Nvl_L1_EW,304NVL_EW,0.008,0.008
2535,304Nvl_L2_EW,304NVL_EW,0.007,0.007
2535,32Nvl_L3_NS,NONE,0.007,0.0
2535,32Nvl_L1_NS,32NVL_NS,0.007,-0.006
2535,32Nvl_L1_EW,32NVL_EW,0.014,0.0
2535,32Nvl_L2_EW,32NVL_EW,0.015,0.008
2535,32Nvl_L1_EW,32NVL_EW,0.013,-0.001
2535,32Nvl_L2_EW,32NVL_EW,0.007,0.0
2535,NvcNvl_L3_NS,NONE,0.007,0.0
2535,NvcNvl_L2_NS,NONE,0.007,0.0
2535,32Mt_L1_EW,NONE,0.014,0.0
2535,32Mt_L3_EW,NONE,0.009,0.0
2535,32Mt_L1_EW,32MT_EW,0.021,0.011
2535,32Thn_L1_EW,NONE,0.01,0.0
2535,32Thn_L2_EW,NONE,0.01,0.0
2535,32Thn_L3_EW,NONE,0.007,0.0
2535,304Nvl_L2_NS,304NVL_NS,0.008,0.008
2535,304Nvl_L3_EW,NONE,0.006,0.0
2535,32Nvl_L2_NS,32NVL_NS,0.007,0.001
2535,32Nvl_L3_EW,NONE,0.006,0.0
2535,32Nvl_L3_EW,NONE,0.013,0.0
2535,32Nvl_L1_NS,32NVL_NS,0.087,0.075
2535,NvcNvl_L1_NS,NONE,0.009,0.0
2535,32Mt_L2_EW,NONE,0.008,0.0
2535,32Mt_L2_EW,32MT_EW,0.011,0.0
2540,304Nvl_L1_NS,304NVL_NS,0.009,0.004
2540,304Nvl_L1_EW,304NVL_EW,0.008,0.008
2540,304Nvl_L2_EW,304NVL_EW,0.007,0.007
2540,32Nvl_L1_NS,32NVL_NS,0.007,0.001
2540,32Nvl_L1_EW,32NVL_EW,0.007,0.001
2540,32Nvl_L2_EW,32NVL_EW,0.008,0.008
2540,32Nvl_L1_EW,32NVL_EW,0.007,0.001
2540,32Nvl_L2_EW,32NVL_EW,0.007,0.007
2540,NvcNvl_L1_EW,NVCNVL_EW,0.014,0.014
2540,NvcNvl_L2_EW,NVCNVL_EW,0.008,0.008
2540,32Mt_L1_EW,NONE,0.007,0.0
2540,32Mt_L3_EW,NONE,0.009,0.0
2540,32Mt_L1_NS,NONE,0.01,0.0
2540,NvcCmt8_L2_NS,NONE,0.011,0.0
2540,32Thn_L1_EW,32THN_EW,0.008,0.003
2540,NvcCmt8_L1_NS,NONE,0.008,0.0
2540,304Nvl_L3_EW,NONE,0.006,0.0
2540,32Nvl_L2_NS,32NVL_NS,0.007,0.007
2540,32Nvl_L3_EW,NONE,0.006,0.0
2540,32Nvl_L3_EW,NONE,0.006,0.0
2540,32Nvl_L1_NS,32NVL_NS,0.02,0.014
2540,NvcNvl_L3_EW,NONE,0.009,0.0
2540,32Mt_L2_EW,NONE,0.008,0.0
2545,304Nvl_L1_NS,NONE,0.007,0.0
2545,32Nvl_L3_NS,NONE,0.007,0.0
2545,32Nvl_L1_NS,32NVL_NS,0.007,0.007
2545,32Nvl_L1_EW,32NVL_EW,0.007,0.007
2545,32Nvl_L2_EW,32NVL_EW,0.008,0.008
2545,32Nvl_L1_EW,32NVL_EW,0.007,0.007
2545,32Nvl_L2_EW,32NVL_EW,0.007,0.007
2545,NvcNvl_L3_NS,NONE,0.088,0.0
2545,NvcNvl_L2_NS,NONE,0.086,0.0
2545,NvcNvl_L1_EW,NVCNVL_EW,0.007,0.007
2545,32Mt_L1_NS,32MT_NS,0.006,0.006
2545,32Mt_L1_NS,NONE,0.02,0.0
2545,32Nvl_L2_NS,32NVL_NS,0.007,0.007
2545,32Nvl_L3_EW,NONE,0.006,0.0
2545,32Nvl_L3_EW,NONE,0.006,0.0
2545,32Nvl_L1_NS,32NVL_NS,0.007,0.007
2545,NvcNvl_L1_NS,NONE,0.114,0.0
2545,32Mt_L2_NS,NONE,0.009,0.0
2550,304Nvl_L1_EW,NONE,0.008,0.0
2550,304Nvl_L1_NS,NONE,0.007,0.0
2550,304Nvl_L3_NS,NONE,0.008,0.0
2550,32Nvl_L1_EW,32NVL_EW,0.007,0.002
2550,32Nvl_L2_EW,32NVL_EW,0.008,0.004
2550,32Nvl_L1_EW,32NVL_EW,0.007,0.002
2550,32Nvl_L2_EW,32NVL_EW,0.007,0.004
2550,NvcNvl_L3_NS,NONE,0.007,0.0
2550,NvcNvl_L2_NS,NONE,0.007,0.0
2550,32Mt_L1_EW,32MT_EW,0.007,0.002
2550,32Mt_L1_NS,NONE,0.01,0.0
2550,304Nvl_L2_NS,NONE,0.007,0.0
2550,32Nvl_L3_EW,NONE,0.006,0.0
2550,32Nvl_L3_EW,NONE,0.006,0.0
2550,NvcNvl_L1_NS,NONE,0.009,0.0
2550,32Mt_L2_EW,32MT_EW,0.005,0.0
2555,304Nvl_L1_EW,304NVL_EW,0.042,0.042
2555,304Nvl_L2_EW,304NVL_EW,0.036,0.036
2555,NvcNvl_L3_NS,NONE,0.014,0.0
2555,NvcNvl_L2_NS,NONE,0.013,0.0
2555,NvcNvl_L1_EW,NONE,0.128,0.0
2555,NvcNvl_L2_EW,NONE,0.092,0.0
2555,32Mt_L1_NS,32MT_NS,0.006,0.006
2555,32Mt_L1_EW,NONE,0.036,0.0
2555,32Mt_L3_EW,NONE,0.044,0.0
2555,32Mt_L1_NS,NONE,0.01,0.0
2555,NvcMt_L1_EW,NVCMT_EW,0.032,0.032
2555,304Nvl_L3_EW,NONE,0.032,0.0
2555,NvcNvl_L1_NS,NONE,0.017,0.0
2555,32Mt_L2_EW,NONE,0.038,0.0
2555,NvcMt_L2_EW,NVCMT_EW,0.04,0.04
2560,304Nvl_L1_EW,304NVL_EW,0.017,0.017
2560,304Nvl_L2_EW,304NVL_EW,0.007,0.007
2560,32Nvl_L1_EW,32NVL_EW,0.007,0.007
2560,32Mt_L1_NS,32MT_NS,0.006,0.006
2560,304Nvl_L3_EW,NONE,0.006,0.0
2565,304Thn_L1_EW,NONE,0.007,0.0
2565,304Thn_L2_EW,NONE,0.008,0.0
2565,304Nvl_L1_EW,304NVL_EW,0.008,0.008
2565,304Nvl_L2_EW,304NVL_EW,0.007,0.007
2565,304Nvl_L1_NS,NONE,0.036,0.0
2565,32Nvl_L3_NS,NONE,0.007,0.0
2565,32Nvl_L1_NS,32NVL_NS,0.007,0.007
2565,32Mt_L1_NS,32MT_NS,0.006,0.006
2565,32Mt_L1_NS,NONE,0.049,0.0
2565,304Nvl_L3_EW,NONE,0.006,0.0
2565,32Nvl_L2_NS,32NVL_NS,0.007,0.007
2570,304Thn_L1_EW,304THN_EW,0.008,0.008
2570,304Nvl_L1_NS,NONE,0.007,0.0
2570,32Nvl_L1_NS,32NVL_NS,0.007,0.007
2570,NvcNvl_L3_NS,NONE,0.007,0.0
2570,NvcNvl_L2_NS,NONE,0.007,0.0
2570,NvcMt_L2_NS,NONE,0.026,0.0
2570,32Nvl_L2_NS,32NVL_NS,0.007,0.007
2570,NvcNvl_L1_NS,NONE,0.009,0.0
2570,NvcMt_L1_NS,NONE,0.027,0.0
2575,304Nvl_L1_NS,NONE,0.007,0.0
2575,32Nvl_L1_NS,32NVL_NS,0.007,0.007
2575,32Nvl_L1_EW,32NVL_EW,0.035,0.035
2575,32Nvl_L2_EW,32NVL_EW,0.039,0.039
2575,32Nvl_L3_NS,NONE,0.008,0.0
2575,32Nvl_L2_NS,32NVL_NS,0.008,0.008
2575,NvcNvl_L3_NS,NONE,0.007,0.0
2575,NvcNvl_L2_NS,NONE,0.007,0.0
2575,NvcNvl_L1_EW,NONE,0.011,0.0
2575,NvcNvl_L2_EW,NONE,0.008,0.0
2575,NvcNvl_L1_EW,NVCNVL_EW,0.007,0.007
2575,NvcNvl_L2_EW,NVCNVL_EW,0.008,0.008
2575,32Mt_L1_EW,NONE,0.007,0.0
2575,32Mt_L3_EW,NONE,0.009,0.0
2575,NvcMt_L2_NS,NONE,0.032,0.0
2575,32Nvl_L2_NS,32NVL_NS,0.007,0.007
2575,32Nvl_L3_EW,NONE,0.031,0.0
2575,32Nvl_L1_NS,32NVL_NS,0.007,0.007
2575,NvcNvl_L1_NS,NONE,0.009,0.0
2575,NvcNvl_L3_EW,NONE,0.006,0.0
2575,NvcNvl_L3_EW,NONE,0.009,0.0
2575,32Mt_L2_EW,NONE,0.008,0.0
2575,NvcMt_L1_NS,NONE,0.033,0.0
2580,304Nvl_L1_NS,304NVL_NS,0.009,0.004
2580,304Nvl_L3_NS,NONE,0.007,0.0
2580,32Nvl_L1_NS,32NVL_NS,0.007,0.001
2580,32Nvl_L3_NS,NONE,0.008,0.0
2580,32Nvl_L2_NS,32NVL_NS,0.008,0.003
2580,NvcNvl_L1_EW,NVCNVL_EW,0.007,0.007
2580,NvcNvl_L2_EW,NVCNVL_EW,0.008,0.008
2580,32Mt_L1_NS,NONE,0.01,0.0
2580,304Nvl_L2_NS,304NVL_NS,0.008,0.002
2580,32Nvl_L2_NS,32NVL_NS,0.007,0.001
2580,32Nvl_L1_NS,32NVL_NS,0.007,0.0
2580,NvcNvl_L3_EW,NONE,0.009,0.0
2585,304Nvl_L1_NS,304NVL_NS,0.009,-0.015
2585,32Nvl_L1_NS,32NVL_NS,0.035,0.028
2585,32Nvl_L3_NS,NONE,0.008,0.0
2585,32Nvl_L2_NS,32NVL_NS,0.008,0.003
2585,NvcNvl_L1_EW,NVCNVL_EW,0.007,0.007
2585,NvcNvl_L2_EW,NVCNVL_EW,0.008,0.008
2585,304Nvl_L2_NS,304NVL_NS,0.008,0.002
2585,32Nvl_L2_NS,32NVL_NS,0.033,0.028
2585,32Nvl_L1_NS,32NVL_NS,0.04,0.034
2585,NvcNvl_L3_EW,NONE,0.009,0.0
2590,32Nvl_L3_NS,NONE,0.007,0.0
2590,32Nvl_L1_NS,32NVL_NS,0.042,0.042
2590,32Nvl_L2_NS,32NVL_NS,0.008,0.008
2590,NvcNvl_L1_EW,NONE,0.011,0.0
2590,NvcNvl_L2_EW,NONE,0.008,0.0
2590,NvcNvl_L1_EW,NVCNVL_EW,0.007,0.007
2590,NvcNvl_L2_EW,NVCNVL_EW,0.008,0.008
2590,32Nvl_L2_NS,32NVL_NS,0.04,0.04
2590,32Nvl_L1_NS,32NVL_NS,0.013,0.013
2590,NvcNvl_L3_EW,NONE,0.009,0.0
2595,304Nvl_L1_NS,NONE,0.007,0.0
2595,32Nvl_L1_EW,32NVL_EW,0.007,0.007
2595,32Nvl_L2_EW,32NVL_EW,0.008,0.008
2595,32Nvl_L3_NS,NONE,0.008,0.0
2595,32Nvl_L2_NS,32NVL_NS,0.008,0.008
2595,NvcNvl_L3_NS,NONE,0.007,0.0
2595,NvcNvl_L2_NS,NONE,0.007,0.0
2595,NvcNvl_L1_EW,NONE,0.011,0.0
2595,NvcNvl_L2_EW,NONE,0.008,0.0
2595,NvcNvl_L1_EW,NVCNVL_EW,0.007,0.007
2595,NvcNvl_L2_EW,NVCNVL_EW,0.008,0.008
2595,32Thn_L1_EW,NONE,0.126,0.0
2595,32Thn_L2_EW,NONE,0.132,0.0
2595,32Thn_L3_EW,NONE,0.09,0.0
2595,32Nvl_L3_EW,NONE,0.006,0.0
2595,32Nvl_L1_NS,32NVL_NS,0.007,0.007
2595,NvcNvl_L1_NS,NONE,0.009,0.0
2595,NvcNvl_L3_EW,NONE,0.009,0.0
2600,32Nvl_L1_NS,32NVL_NS,0.007,0.007
2600,32Nvl_L1_EW,32NVL_EW,0.007,-0.028
2600,32Nvl_L2_EW,32NVL_EW,0.008,-0.015
2600,NvcNvl_L1_EW,NVCNVL_EW,0.007,0.007
2600,NvcNvl_L2_EW,NVCNVL_EW,0.008,0.008
2600,32Mt_L1_EW,32MT_EW,0.042,0.037
2600,32Thn_L1_EW,NONE,0.116,0.0
2600,32Thn_L2_EW,NONE,0.121,0.0
2600,32Thn_L1_EW,32THN_EW,0.008,0.003
2600,32Thn_L3_EW,NONE,0.083,0.0
2600,32Nvl_L2_NS,32NVL_NS,0.007,0.007
2600,32Nvl_L3_EW,NONE,0.006,0.0
2600,NvcNvl_L3_EW,NONE,0.009,0.0
2600,32Mt_L2_EW,32MT_EW,0.033,0.027
2605,304Thn_L1_EW,NONE,0.007,0.0
2605,304Thn_L2_EW,NONE,0.008,0.0
2605,304Nvl_L1_EW,304NVL_EW,0.025,0.025
2605,304Nvl_L2_EW,304NVL_EW,0.022,0.022
2605,32Nvl_L1_EW,32NVL_EW,0.014,-0.088
2605,32Nvl_L2_EW,32NVL_EW,0.015,-0.007
2605,32Nvl_L3_NS,NONE,0.008,0.0
2605,32Nvl_L2_NS,32NVL_NS,0.008,0.008
2605,NvcNvl_L3_NS,NONE,0.007,0.0
2605,NvcNvl_L2_NS,NONE,0.007,0.0
2605,NvcNvl_L1_EW,NONE,0.021,0.0
2605,NvcNvl_L2_EW,NONE,0.015,0.0
2605,NvcNvl_L1_EW,NVCNVL_EW,0.007,0.007
2605,NvcNvl_L2_EW,NVCNVL_EW,0.008,0.008
2605,32Mt_L1_EW,NONE,0.007,0.0
2605,32Mt_L3_EW,NONE,0.009,0.0
2605,32Mt_L1_EW,32MT_EW,0.042,0.032
2605,32Mt_L1_NS,NONE,0.01,0.0
2605,32Thn_L1_EW,32THN_EW,0.104,0.094
2605,304Nvl_L3_EW,NONE,0.013,0.0
2605,32Nvl_L3_EW,NONE,0.013,0.0
2605,32Nvl_L1_NS,32NVL_NS,0.013,0.013
2605,NvcNvl_L1_NS,NONE,0.009,0.0
2605,NvcNvl_L3_EW,NONE,0.013,0.0
2605,NvcNvl_L3_EW,NONE,0.009,0.0
2605,32Mt_L2_EW,NONE,0.008,0.0
2605,32Mt_L2_EW,32MT_EW,0.033,0.022
2605,32Mt_L2_NS,NONE,0.009,0.0
2610,304Thn_L1_EW,304THN_EW,0.008,-0.01
2610,304Nvl_L1_EW,304NVL_EW,0.025,0.02
2610,304Nvl_L2_EW,304NVL_EW,0.022,0.022
2610,32Nvl_L1_EW,32NVL_EW,0.014,-0.088
2610,32Nvl_L2_EW,32NVL_EW,0.015,-0.007
2610,NvcNvl_L3_NS,NONE,0.014,0.0
2610,NvcNvl_L2_NS,NONE,0.013,0.0
2610,NvcNvl_L1_EW,NVCNVL_EW,0.007,0.007
2610,NvcNvl_L2_EW,NVCNVL_EW,0.008,0.008
2610,32Mt_L1_EW,NONE,0.014,0.0
2610,32Mt_L3_EW,NONE,0.018,0.0
2610,32Mt_L1_EW,32MT_EW,0.042,0.032
2610,32Mt_L1_NS,NONE,0.01,0.0
2610,NvcCmt8_L2_NS,NONE,0.011,0.0
2610,32Thn_L1_EW,32THN_EW,0.104,0.094
2610,NvcCmt8_L1_NS,NONE,0.008,0.0
2610,304Nvl_L3_EW,NONE,0.019,0.0
2610,32Nvl_L3_EW,NONE,0.013,0.0
2610,32Nvl_L1_NS,32NVL_NS,0.007,0.007
2610,NvcNvl_L1_NS,NONE,0.017,0.0
2610,NvcNvl_L3_EW,NONE,0.009,0.0
2610,32Mt_L2_EW,NONE,0.015,0.0
2610,32Mt_L2_EW,32MT_EW,0.033,0.022
2610,32Mt_L2_NS,NONE,0.009,0.0
2615,304Nvl_L1_NS,NONE,0.015,0.0
2615,32Nvl_L1_EW,32NVL_EW,0.014,-0.087
2615,32Nvl_L2_EW,32NVL_EW,0.015,-0.007
2615,NvcNvl_L1_EW,NVCNVL_EW,0.007,0.007
2615,NvcNvl_L2_EW,NVCNVL_EW,0.008,0.006
2615,32Mt_L1_EW,32MT_EW,0.049,0.039
2615,32Mt_L1_NS,NONE,0.02,0.0
2615,NvcMt_L2_EW,NVCMT_EW,0.003,-0.003
2615,32Thn_L1_EW,32THN_EW,0.096,0.086
2615,32Nvl_L3_EW,NONE,0.013,0.0
2615,32Nvl_L1_NS,32NVL_NS,0.007,0.007
2615,NvcNvl_L3_EW,NONE,0.009,0.0
2615,32Mt_L2_EW,32MT_EW,0.033,0.022
2615,32Mt_L2_NS,NONE,0.009,0.0
2615,NvcMt_L1_EW,NVCMT_EW,0.006,0.001
2620,304Nvl_L1_NS,NONE,0.015,0.0
2620,32Nvl_L1_NS,32NVL_NS,0.007,0.007
2620,32Nvl_L1_EW,32NVL_EW,0.014,-0.02
2620,32Nvl_L2_EW,32NVL_EW,0.015,-0.011
2620,NvcNvl_L1_EW,NONE,0.011,0.0
2620,NvcNvl_L2_EW,NONE,0.008,0.0
2620,NvcNvl_L1_EW,NVCNVL_EW,0.007,0.007
2620,NvcNvl_L2_EW,NVCNVL_EW,0.008,0.006
2620,32Mt_L1_NS,32MT_NS,0.013,0.013
2620,32Mt_L1_EW,NONE,0.014,0.0
2620,32Mt_L3_EW,NONE,0.009,0.0
2620,32Mt_L1_EW,32MT_EW,0.049,0.039
2620,NvcMt_L2_EW,NVCMT_EW,0.003,-0.003
2620,NvcCmt8_L2_NS,NONE,0.012,0.0
2620,32Thn_L1_EW,NONE,0.01,0.0
2620,32Thn_L2_EW,NONE,0.01,0.0
2620,32Thn_L3_EW,NONE,0.007,0.0
2620,32Nvl_L2_NS,32NVL_NS,0.007,0.007
2620,32Nvl_L3_EW,NONE,0.013,0.0
2620,NvcNvl_L3_EW,NONE,0.009,0.0
2620,32Mt_L2_EW,NONE,0.008,0.0
2620,32Mt_L2_EW,32MT_EW,0.038,0.027
2620,NvcMt_L1_EW,NVCMT_EW,0.006,0.001
2620,NvcCmt8_L1_NS,NONE,0.011,0.0
2625,304Nvl_L1_EW,304NVL_EW,0.008,0.008
2625,304Nvl_L2_EW,304NVL_EW,0.007,0.007
2625,32Nvl_L1_EW,32NVL_EW,0.014,-0.031
2625,32Nvl_L2_EW,32NVL_EW,0.015,-0.011
2625,NvcNvl_L1_EW,NVCNVL_EW,0.007,0.003
2625,NvcNvl_L2_EW,NVCNVL_EW,0.008,0.006
2625,32Mt_L1_NS,32MT_NS,0.006,0.006
2625,32Mt_L1_EW,NONE,0.022,0.0
2625,32Mt_L3_EW,NONE,0.027,0.0
2625,32Mt_L1_EW,32MT_EW,0.056,0.046
2625,NvcMt_L1_EW,NVCMT_EW,0.006,0.001
2625,NvcMt_L2_EW,NVCMT_EW,0.003,-0.003
2625,32Thn_L1_EW,32THN_EW,0.008,-0.002
2625,304Nvl_L3_EW,NONE,0.006,0.0
2625,32Nvl_L3_EW,NONE,0.013,0.0
2625,NvcNvl_L3_EW,NONE,0.009,0.0
2625,32Mt_L2_EW,NONE,0.023,0.0
2625,32Mt_L2_EW,32MT_EW,0.038,0.027
2625,NvcMt_L2_EW,NVCMT_EW,0.008,0.002
2625,NvcMt_L1_EW,NVCMT_EW,0.006,0.001
2630,304Nvl_L1_EW,304NVL_EW,0.025,0.025
2630,304Nvl_L2_EW,304NVL_EW,0.022,0.022
2630,32Nvl_L1_EW,32NVL_EW,0.014,-0.025
2630,32Nvl_L2_EW,32NVL_EW,0.015,-0.015
2630,NvcNvl_L3_NS,NONE,0.007,0.0
2630,NvcNvl_L2_NS,NONE,0.007,0.0
2630,NvcNvl_L1_EW,NVCNVL_EW,0.007,-0.002
2630,NvcNvl_L2_EW,NVCNVL_EW,0.008,0.008
2630,32Mt_L1_NS,32MT_NS,0.006,0.006
2630,32Mt_L1_EW,NONE,0.014,0.0
2630,32Mt_L3_EW,NONE,0.009,0.0
2630,32Mt_L1_EW,32MT_EW,0.056,0.046
2630,32Mt_L1_NS,NONE,0.01,0.0
2630,NvcMt_L1_EW,NVCMT_EW,0.013,0.008
2630,304Nvl_L3_EW,NONE,0.019,0.0
2630,32Nvl_L3_EW,NONE,0.013,0.0
2630,NvcNvl_L1_NS,NONE,0.009,0.0
2630,NvcNvl_L3_EW,NONE,0.009,0.0
2630,32Mt_L2_EW,NONE,0.015,0.0
2630,32Mt_L2_EW,32MT_EW,0.044,0.033
2630,NvcMt_L2_EW,NVCMT_EW,0.016,0.01
2635,304Nvl_L1_EW,304NVL_EW,0.017,0.017
2635,304Nvl_L2_EW,304NVL_EW,0.015,0.015
2635,32Nvl_L1_EW,32NVL_EW,0.014,-0.03
2635,32Nvl_L2_EW,32NVL_EW,0.015,-0.015
2635,32Nvl_L3_NS,NONE,0.008,0.0
2635,32Nvl_L2_NS,32NVL_NS,0.008,0.008
2635,NvcNvl_L1_EW,NVCNVL_EW,0.007,-0.002
2635,NvcNvl_L2_EW,NVCNVL_EW,0.008,0.008
2635,32Mt_L1_EW,32MT_EW,0.063,0.053
2635,32Mt_L1_NS,NONE,0.01,0.0
2635,NvcMt_L1_EW,NVCMT_EW,0.013,0.008
2635,304Nvl_L3_EW,NONE,0.006,0.0
2635,32Nvl_L3_EW,NONE,0.013,0.0
2635,32Nvl_L1_NS,32NVL_NS,0.007,0.007
2635,NvcNvl_L3_EW,NONE,0.009,0.0
2635,32Mt_L2_EW,32MT_EW,0.044,0.033
2635,NvcMt_L2_EW,NVCMT_EW,0.016,0.01
2640,304Nvl_L1_EW,304NVL_EW,0.017,0.017
2640,304Nvl_L1_NS,NONE,0.015,0.0
2640,32Nvl_L3_NS,NONE,0.007,0.0
2640,32Nvl_L1_NS,32NVL_NS,0.007,0.007
2640,32Nvl_L1_EW,32NVL_EW,0.014,0.0
2640,32Nvl_L2_EW,32NVL_EW,0.015,0.008
2640,32Mt_L1_EW,32MT_EW,0.021,0.011
2640,32Nvl_L2_NS,32NVL_NS,0.007,0.007
2640,32Nvl_L3_EW,NONE,0.013,0.0
2640,32Mt_L2_EW,32MT_EW,0.011,0.0
2645,304Nvl_L1_NS,NONE,0.007,0.0
2645,32Nvl_L3_NS,NONE,0.02,0.0
2645,32Nvl_L1_NS,32NVL_NS,0.028,0.028
2645,32Nvl_L1_EW,32NVL_EW,0.014,-0.005
2645,32Nvl_L2_EW,32NVL_EW,0.015,0.0
2645,32Mt_L1_EW,NONE,0.007,0.0
2645,32Mt_L1_EW,32MT_EW,0.028,0.018
2645,32Nvl_L2_NS,32NVL_NS,0.027,0.027
2645,32Nvl_L3_EW,NONE,0.013,0.0
2645,32Mt_L2_EW,32MT_EW,0.022,0.011
2650,304Nvl_L1_EW,304NVL_EW,0.042,0.042
2650,304Nvl_L2_EW,304NVL_EW,0.036,0.036
2650,32Nvl_L1_NS,32NVL_NS,0.007,0.007
2650,32Nvl_L1_EW,32NVL_EW,0.021,0.016
2650,32Nvl_L2_EW,32NVL_EW,0.023,0.023
2650,32Mt_L1_NS,32MT_NS,0.031,0.031
2650,32Mt_L1_EW,NONE,0.007,0.0
2650,32Mt_L1_EW,32MT_EW,0.007,-0.008
2650,32Mt_L1_NS,NONE,0.01,0.0
2650,304Nvl_L3_EW,NONE,0.032,0.0
2650,32Nvl_L2_NS,32NVL_NS,0.007,0.007
2650,32Nvl_L3_EW,NONE,0.019,0.0
2650,32Nvl_L1_NS,32NVL_NS,0.007,0.007
2655,32Nvl_L1_EW,32NVL_EW,0.021,0.021
2655,32Nvl_L2_EW,32NVL_EW,0.023,0.023
2655,NvcNvl_L3_NS,NONE,0.007,0.0
2655,NvcNvl_L2_NS,NONE,0.007,0.0
2655,32Mt_L1_NS,32MT_NS,0.031,0.031
2655,32Mt_L1_NS,NONE,0.137,0.0
2655,NvcMt_L2_NS,NONE,0.005,0.0
2655,32Nvl_L3_EW,NONE,0.019,0.0
2655,32Nvl_L1_NS,32NVL_NS,0.013,0.013
2655,NvcNvl_L1_NS,NONE,0.009,0.0
2655,32Mt_L2_NS,NONE,0.121,0.0
2655,NvcMt_L1_NS,NONE,0.005,0.0
2660,304Nvl_L1_NS,NONE,0.036,0.0
2660,32Nvl_L3_NS,NONE,0.05,0.0
2660,32Nvl_L2_NS,32NVL_NS,0.047,0.047
2660,32Mt_L1_NS,32MT_NS,0.038,0.038
2660,32Mt_L1_EW,32MT_EW,0.007,0.007
2660,32Mt_L1_NS,NONE,0.02,0.0
2660,NvcMt_L2_NS,NONE,0.005,0.0
2660,32Nvl_L1_NS,32NVL_NS,0.047,0.047
2660,32Mt_L2_NS,NONE,0.017,0.0
2660,NvcMt_L1_NS,NONE,0.005,0.0
2665,304Nvl_L1_EW,304NVL_EW,0.017,0.017
2665,304Nvl_L2_EW,304NVL_EW,0.015,0.015
2665,32Nvl_L3_NS,NONE,0.007,0.0
2665,32Nvl_L1_NS,32NVL_NS,0.014,0.014
2665,32Nvl_L1_EW,32NVL_EW,0.007,0.007
2665,32Nvl_L3_NS,NONE,0.067,0.0
2665,32Nvl_L2_NS,32NVL_NS,0.063,0.063
2665,NvcNvl_L3_NS,NONE,0.007,0.0
2665,NvcNvl_L2_NS,NONE,0.013,0.0
2665,NvcNvl_L1_EW,NVCNVL_EW,0.007,0.007
2665,32Mt_L1_NS,32MT_NS,0.006,0.006
2665,32Mt_L1_EW,NONE,0.007,0.0
2665,304Nvl_L3_EW,NONE,0.013,0.0
2665,32Nvl_L2_NS,32NVL_NS,0.013,0.013
2665,32Nvl_L1_NS,32NVL_NS,0.067,0.067
2665,NvcNvl_L1_NS,NONE,0.017,0.0
2670,304Nvl_L1_EW,304NVL_EW,0.017,0.017
2670,304Nvl_L2_EW,304NVL_EW,0.015,0.015
2670,32Nvl_L3_NS,NONE,0.014,0.0
2670,32Nvl_L1_NS,32NVL_NS,0.021,0.021
2670,32Nvl_L3_NS,NONE,0.083,0.0
2670,32Nvl_L2_NS,32NVL_NS,0.079,0.079
2670,NvcNvl_L3_NS,NONE,0.007,0.0
2670,NvcNvl_L2_NS,NONE,0.013,0.0
2670,32Mt_L1_NS,32MT_NS,0.075,0.075
2670,32Mt_L1_EW,NONE,0.007,0.0
2670,32Mt_L3_EW,NONE,0.009,0.0
2670,32Mt_L1_EW,32MT_EW,0.014,0.014
2670,NvcMt_L1_EW,NVCMT_EW,0.038,0.038
2670,304Nvl_L3_EW,NONE,0.013,0.0
2670,32Nvl_L2_NS,32NVL_NS,0.02,0.02
2670,32Nvl_L1_NS,32NVL_NS,0.074,0.074
2670,NvcNvl_L1_NS,NONE,0.009,0.0
2670,32Mt_L2_EW,NONE,0.008,0.0
2670,32Mt_L2_EW,32MT_EW,0.011,0.011
2670,NvcMt_L2_EW,NVCMT_EW,0.048,0.048
2675,304Nvl_L1_EW,304NVL_EW,0.008,0.008
2675,304Nvl_L2_EW,304NVL_EW,0.007,0.007
2675,304Nvl_L1_NS,NONE,0.007,0.0
2675,32Nvl_L3_NS,NONE,0.007,0.0
2675,32Nvl_L1_NS,32NVL_NS,0.014,0.014
2675,32Nvl_L3_NS,NONE,0.083,0.0
2675,32Nvl_L2_NS,32NVL_NS,0.079,0.079
2675,NvcNvl_L3_NS,NONE,0.007,0.0
2675,NvcNvl_L2_NS,NONE,0.007,0.0
2675,NvcNvl_L1_EW,NVCNVL_EW,0.007,0.007
2675,32Mt_L1_NS,32MT_NS,0.075,0.075
2675,NvcMt_L2_NS,NONE,0.005,0.0
2675,304Nvl_L3_EW,NONE,0.006,0.0
2675,32Nvl_L2_NS,32NVL_NS,0.013,0.013
2675,32Nvl_L1_NS,32NVL_NS,0.074,0.074
2675,NvcNvl_L1_NS,NONE,0.009,0.0
2675,NvcMt_L1_NS,NONE,0.005,0.0
2680,304Nvl_L1_EW,304NVL_EW,0.017,0.017
2680,304Nvl_L2_EW,304NVL_EW,0.007,0.007
2680,304Nvl_L1_NS,NONE,0.015,0.0
2680,32Nvl_L3_NS,NONE,0.007,0.0
2680,32Nvl_L1_NS,32NVL_NS,0.014,0.014
2680,32Nvl_L3_NS,NONE,0.192,0.0
2680,32Nvl_L2_NS,32NVL_NS,0.182,0.182
2680,NvcNvl_L1_EW,NONE,0.011,0.0
2680,32Mt_L1_NS,32MT_NS,0.075,0.075
2680,32Mt_L1_EW,NONE,0.007,0.0
2680,32Mt_L3_EW,NONE,0.009,0.0
2680,32Mt_L1_EW,32MT_EW,0.007,0.007
2680,304Nvl_L3_EW,NONE,0.006,0.0
2680,32Nvl_L2_NS,32NVL_NS,0.013,0.013
2680,32Nvl_L1_NS,32NVL_NS,0.154,0.154
2680,32Mt_L2_EW,NONE,0.008,0.0
2685,304Thn_L1_EW,304THN_EW,0.008,-0.004
2685,304Thn_L3_EW,NONE,0.008,0.0
2685,304Nvl_L1_EW,304NVL_EW,0.017,0.011
2685,304Nvl_L2_EW,304NVL_EW,0.007,0.002
2685,32Nvl_L3_NS,NONE,0.041,0.0
2685,32Nvl_L1_NS,32NVL_NS,0.048,0.048
2685,32Nvl_L3_NS,NONE,0.192,0.0
2685,32Nvl_L2_NS,32NVL_NS,0.182,0.182
2685,32Mt_L1_EW,NONE,0.007,0.0
2685,32Mt_L3_EW,NONE,0.009,0.0
2685,32Mt_L1_EW,32MT_EW,0.007,0.007
2685,32Nvl_L2_NS,32NVL_NS,0.047,0.047
2685,32Nvl_L1_NS,32NVL_NS,0.161,0.161
2685,32Mt_L2_EW,NONE,0.008,0.0
2685,32Mt_L2_EW,32MT_EW,0.005,0.005
2685,304Thn_L2_EW,304THN_EW,0.007,0.002
2690,304Nvl_L1_EW,304NVL_EW,0.008,0.008
2690,304Nvl_L2_EW,304NVL_EW,0.007,0.007
2690,304Nvl_L1_NS,NONE,0.007,0.0
2690,32Nvl_L3_NS,NONE,0.007,0.0
2690,32Nvl_L1_NS,32NVL_NS,0.048,0.048
2690,32Nvl_L3_NS,NONE,0.2,0.0
2690,32Nvl_L2_NS,32NVL_NS,0.19,0.19
2690,32Mt_L1_EW,32MT_EW,0.007,0.007
2690,32Mt_L1_NS,NONE,0.059,0.0
2690,NvcMt_L2_NS,NONE,0.026,0.0
2690,304Nvl_L3_EW,NONE,0.006,0.0
2690,32Nvl_L2_NS,32NVL_NS,0.047,0.047
2690,32Nvl_L1_NS,32NVL_NS,0.168,0.168
2690,32Mt_L2_EW,32MT_EW,0.005,0.005
2690,32Mt_L2_NS,NONE,0.043,0.0
2690,NvcMt_L1_NS,NONE,0.027,0.0
2695,304Nvl_L1_EW,304NVL_EW,0.008,0.008
2695,304Nvl_L2_EW,304NVL_EW,0.007,0.007
2695,32Nvl_L3_NS,NONE,0.142,0.0
2695,32Nvl_L2_NS,32NVL_NS,0.142,0.142
2695,NvcNvl_L2_NS,NONE,0.007,0.0
2695,32Mt_L1_EW,NONE,0.007,0.0
2695,NvcMt_L2_NS,NONE,0.032,0.0
2695,32Nvl_L1_NS,32NVL_NS,0.121,0.121
2695,NvcNvl_L1_NS,NONE,0.009,0.0
2695,NvcMt_L1_NS,NONE,0.033,0.0
2700,304Thn_L1_EW,NONE,0.007,0.0
2700,304Nvl_L1_NS,304NVL_NS,0.009,0.004
2700,304Nvl_L1_EW,304NVL_EW,0.008,0.008
2700,304Nvl_L2_EW,304NVL_EW,0.007,0.007
2700,32Nvl_L3_NS,NONE,0.007,0.0
2700,32Nvl_L1_NS,32NVL_NS,0.007,0.001
2700,32Nvl_L3_NS,NONE,0.033,0.0
2700,32Nvl_L2_NS,32NVL_NS,0.032,0.032
2700,NvcNvl_L3_NS,NONE,0.041,0.0
2700,NvcNvl_L2_NS,NONE,0.04,0.0
2700,32Mt_L1_EW,32MT_EW,0.035,0.035
2700,NvcMt_L2_NS,NONE,0.005,0.0
2700,304Nvl_L3_EW,NONE,0.006,0.0
2700,32Nvl_L2_NS,32NVL_NS,0.007,0.007
2700,32Nvl_L1_NS,32NVL_NS,0.027,0.021
2700,NvcNvl_L1_NS,NONE,0.052,0.0
2700,NvcMt_L1_NS,NONE,0.005,0.0
2705,304Nvl_L1_EW,304NVL_EW,0.017,0.017
2705,304Nvl_L2_EW,304NVL_EW,0.015,0.015
2705,32Nvl_L3_NS,NONE,0.007,0.0
2705,32Nvl_L1_NS,32NVL_NS,0.021,0.021
2705,32Nvl_L3_NS,NONE,0.017,0.0
2705,32Nvl_L2_NS,32NVL_NS,0.016,0.016
2705,NvcNvl_L3_NS,NONE,0.075,0.0
2705,NvcNvl_L2_NS,NONE,0.073,0.0
2705,32Mt_L1_EW,NONE,0.007,0.0
2705,32Mt_L1_EW,32MT_EW,0.042,0.042
2705,NvcMt_L1_EW,NVCMT_EW,0.006,0.006
2705,304Nvl_L3_EW,NONE,0.013,0.0
2705,32Nvl_L2_NS,32NVL_NS,0.013,0.013
2705,32Nvl_L1_NS,32NVL_NS,0.02,0.02
2705,NvcNvl_L1_NS,NONE,0.096,0.0
2705,32Mt_L2_EW,32MT_EW,0.033,0.033
2705,NvcMt_L2_EW,NVCMT_EW,0.008,0.008
2710,304Nvl_L1_EW,304NVL_EW,0.017,0.017
2710,304Nvl_L2_EW,304NVL_EW,0.015,0.015
2710,32Nvl_L1_NS,32NVL_NS,0.083,0.083
2710,NvcNvl_L1_EW,NVCNVL_EW,0.007,0.007
2710,32Mt_L1_EW,32MT_EW,0.042,0.042
2710,NvcCmt8_L2_EW,NONE,0.007,0.0
2710,304Nvl_L3_EW,NONE,0.013,0.0
2710,32Nvl_L1_NS,32NVL_NS,0.007,0.007
2710,32Mt_L2_EW,32MT_EW,0.033,0.033
2710,NvcCmt8_L1_EW,NONE,0.006,0.0
2715,304Nvl_L1_EW,304NVL_EW,0.017,0.017
2715,304Nvl_L2_EW,304NVL_EW,0.015,0.015
2715,32Nvl_L3_NS,NONE,0.007,0.0
2715,32Nvl_L1_NS,32NVL_NS,0.09,0.09
2715,NvcNvl_L1_EW,NONE,0.011,0.0
2715,NvcNvl_L2_EW,NONE,0.008,0.0
2715,NvcNvl_L1_EW,NVCNVL_EW,0.042,0.042
2715,32Mt_L1_EW,32MT_EW,0.007,0.007
2715,NvcCmt8_L2_EW,NONE,0.007,0.0
2715,32Thn_L1_EW,NONE,0.01,0.0
2715,32Thn_L2_EW,NONE,0.01,0.0
2715,32Thn_L3_EW,NONE,0.007,0.0
2715,304Nvl_L3_EW,NONE,0.013,0.0
2715,32Nvl_L2_NS,32NVL_NS,0.007,0.007
2715,32Nvl_L1_NS,32NVL_NS,0.013,0.013
2715,32Mt_L2_EW,32MT_EW,0.005,0.005
2715,NvcCmt8_L1_EW,NONE,0.006,0.0
2720,304Nvl_L1_NS,304NVL_NS,0.009,-0.049
2720,304Nvl_L3_NS,NONE,0.007,0.0
2720,304Nvl_L1_EW,304NVL_EW,0.034,0.034
2720,304Nvl_L2_EW,304NVL_EW,0.029,0.029
2720,32Nvl_L1_NS,32NVL_NS,0.083,0.077
2720,NvcNvl_L1_EW,NONE,0.021,0.0
2720,NvcNvl_L2_EW,NONE,0.008,0.0
2720,NvcNvl_L1_EW,NVCNVL_EW,0.042,0.042
2720,32Mt_L1_EW,NONE,0.036,0.0
2720,32Mt_L3_EW,NONE,0.044,0.0
2720,32Mt_L1_EW,32MT_EW,0.007,0.007
2720,32Thn_L1_EW,32THN_EW,0.008,0.008
2720,304Nvl_L2_NS,304NVL_NS,0.008,0.008
2720,304Nvl_L3_EW,NONE,0.025,0.0
2720,32Nvl_L1_NS,32NVL_NS,0.007,0.0
2720,NvcNvl_L3_EW,NONE,0.006,0.0
2720,32Mt_L2_EW,NONE,0.038,0.0
2720,32Mt_L2_EW,32MT_EW,0.005,0.005
2725,304Nvl_L1_EW,304NVL_EW,0.034,0.034
2725,304Nvl_L2_EW,304NVL_EW,0.029,0.029
2725,32Nvl_L1_NS,32NVL_NS,0.007,0.007
2725,32Nvl_L1_EW,32NVL_EW,0.007,-0.003
2725,32Nvl_L2_EW,32NVL_EW,0.008,0.0
2725,32Nvl_L3_NS,NONE,0.017,0.0
2725,32Nvl_L2_NS,32NVL_NS,0.016,0.016
2725,NvcNvl_L3_NS,NONE,0.163,0.0
2725,NvcNvl_L2_NS,NONE,0.159,0.0
2725,NvcNvl_L1_EW,NONE,0.011,0.0
2725,NvcNvl_L2_EW,NONE,0.008,0.0
2725,NvcNvl_L1_EW,NVCNVL_EW,0.035,0.035
2725,32Mt_L1_EW,NONE,0.014,0.0
2725,32Mt_L3_EW,NONE,0.018,0.0
2725,32Mt_L1_EW,32MT_EW,0.014,0.009
2725,NvcMt_L2_NS,NONE,0.005,0.0
2725,32Thn_L1_EW,NONE,0.01,0.0
2725,32Thn_L2_EW,NONE,0.01,0.0
2725,32Thn_L3_EW,NONE,0.007,0.0
2725,304Nvl_L3_EW,NONE,0.025,0.0
2725,32Nvl_L3_EW,NONE,0.006,0.0
2725,32Nvl_L1_NS,32NVL_NS,0.013,0.013
2725,NvcNvl_L1_NS,NONE,0.21,0.0
2725,NvcNvl_L3_EW,NONE,0.006,0.0
2725,32Mt_L2_EW,NONE,0.015,0.0
2725,32Mt_L2_EW,32MT_EW,0.011,0.005
2725,NvcMt_L1_NS,NONE,0.005,0.0
2725,NvcCmt8_L1_EW,NVCCMT8_EW,0.008,0.008
2730,304Nvl_L1_EW,304NVL_EW,0.051,0.051
2730,304Nvl_L2_EW,304NVL_EW,0.036,0.036
2730,304Nvl_L1_NS,NONE,0.007,0.0
2730,304Nvl_L3_NS,NONE,0.008,0.0
2730,32Nvl_L1_NS,32NVL_NS,0.007,0.007
2730,32Nvl_L1_EW,32NVL_EW,0.007,-0.003
2730,32Nvl_L2_EW,32NVL_EW,0.008,0.0
2730,NvcNvl_L3_NS,NONE,0.17,0.0
2730,NvcNvl_L2_NS,NONE,0.165,0.0
2730,32Mt_L1_EW,NONE,0.007,0.0
2730,32Mt_L3_EW,NONE,0.009,0.0
2730,32Mt_L1_EW,32MT_EW,0.014,0.009
2730,32Mt_L1_NS,NONE,0.059,0.0
2730,NvcMt_L1_EW,NVCMT_EW,0.006,0.006
2730,304Nvl_L3_EW,NONE,0.032,0.0
2730,304Nvl_L2_NS,NONE,0.007,0.0
2730,32Nvl_L3_EW,NONE,0.006,0.0
2730,NvcNvl_L1_NS,NONE,0.218,0.0
2730,32Mt_L2_EW,NONE,0.008,0.0
2730,32Mt_L2_EW,32MT_EW,0.011,0.005
2730,NvcMt_L2_EW,NVCMT_EW,0.008,0.008
2735,304Nvl_L1_EW,304NVL_EW,0.042,0.042
2735,304Nvl_L2_EW,304NVL_EW,0.029,0.029
2735,32Nvl_L1_EW,32NVL_EW,0.007,-0.013
2735,32Nvl_L2_EW,32NVL_EW,0.008,0.0
2735,32Nvl_L3_NS,NONE,0.008,0.0
2735,32Nvl_L2_NS,32NVL_NS,0.016,0.016
2735,NvcNvl_L3_NS,NONE,0.014,0.0
2735,NvcNvl_L2_NS,NONE,0.013,0.0
2735,NvcNvl_L1_EW,NONE,0.011,0.0
2735,NvcNvl_L2_EW,NONE,0.008,0.0
2735,32Mt_L1_EW,32MT_EW,0.021,0.016
2735,NvcMt_L1_EW,NVCMT_EW,0.013,0.013
2735,32Thn_L1_EW,32THN_EW,0.008,0.003
2735,304Nvl_L3_EW,NONE,0.025,0.0
2735,32Nvl_L3_EW,NONE,0.006,0.0
2735,32Nvl_L1_NS,32NVL_NS,0.007,0.007
2735,NvcNvl_L1_NS,NONE,0.017,0.0
2735,32Mt_L2_EW,32MT_EW,0.011,0.005
2735,NvcMt_L2_EW,NVCMT_EW,0.016,0.016
2740,304Nvl_L1_EW,304NVL_EW,0.042,0.042
2740,304Nvl_L2_EW,304NVL_EW,0.029,0.029
2740,32Nvl_L1_NS,32NVL_NS,0.007,0.007
2740,32Nvl_L1_EW,32NVL_EW,0.007,-0.018
2740,32Nvl_L2_EW,32NVL_EW,0.008,-0.013
2740,32Nvl_L3_NS,NONE,0.008,0.0
2740,32Nvl_L2_NS,32NVL_NS,0.008,0.008
2740,NvcNvl_L3_NS,NONE,0.007,0.0
2740,NvcNvl_L2_NS,NONE,0.007,0.0
2740,NvcNvl_L1_EW,NONE,0.128,0.0
2740,NvcNvl_L2_EW,NONE,0.092,0.0
2740,32Mt_L1_EW,32MT_EW,0.028,0.023
2740,32Mt_L1_NS,NONE,0.01,0.0
2740,NvcMt_L1_EW,NVCMT_EW,0.013,0.013
2740,32Thn_L1_EW,32THN_EW,0.008,0.003
2740,32Thn_L2_EW,32THN_EW,0.008,0.003
2740,32Thn_L3_EW,NONE,0.008,0.0
2740,304Nvl_L3_EW,NONE,0.025,0.0
2740,32Nvl_L3_EW,NONE,0.006,0.0
2740,32Nvl_L1_NS,32NVL_NS,0.007,0.007
2740,NvcNvl_L1_NS,NONE,0.009,0.0
2740,32Mt_L2_EW,32MT_EW,0.022,0.016
2740,32Mt_L2_NS,NONE,0.009,0.0
2740,NvcMt_L2_EW,NVCMT_EW,0.016,0.016
2745,304Nvl_L1_EW,304NVL_EW,0.042,0.042
2745,304Nvl_L2_EW,304NVL_EW,0.029,0.029
2745,304Nvl_L1_NS,NONE,0.007,0.0
2745,32Nvl_L1_NS,32NVL_NS,0.007,0.007
2745,32Nvl_L1_EW,32NVL_EW,0.007,-0.008
2745,32Nvl_L2_EW,32NVL_EW,0.008,-0.006
2745,NvcNvl_L1_EW,NONE,0.128,0.0
2745,NvcNvl_L2_EW,NONE,0.092,0.0
2745,32Mt_L1_EW,32MT_EW,0.014,0.009
2745,32Mt_L1_NS,NONE,0.01,0.0
2745,NvcMt_L1_EW,NVCMT_EW,0.083,0.083
2745,32Thn_L1_EW,32THN_EW,0.008,0.003
2745,32Thn_L2_EW,32THN_EW,0.008,0.003
2745,32Thn_L3_EW,NONE,0.008,0.0
2745,304Nvl_L3_EW,NONE,0.025,0.0
2745,32Nvl_L3_EW,NONE,0.006,0.0
2745,32Mt_L2_EW,32MT_EW,0.011,0.005
2745,NvcMt_L2_EW,NVCMT_EW,0.103,0.103
2750,304Nvl_L1_EW,304NVL_EW,0.017,0.017
2750,304Nvl_L2_EW,304NVL_EW,0.015,0.015
2750,32Nvl_L1_EW,32NVL_EW,0.007,0.001
2750,32Nvl_L2_EW,32NVL_EW,0.008,0.002
2750,32Mt_L1_NS,32MT_NS,0.006,0.006
2750,32Mt_L1_NS,NONE,0.01,0.0
2750,NvcMt_L1_EW,NVCMT_EW,0.006,0.001
2750,NvcCmt8_L2_EW,NVCCMT8_EW,0.005,0.005
2750,32Thn_L1_EW,32THN_EW,0.008,0.003
2750,32Thn_L2_EW,32THN_EW,0.008,0.003
2750,32Thn_L3_EW,NONE,0.008,0.0
2750,304Nvl_L3_EW,NONE,0.013,0.0
2750,32Nvl_L3_EW,NONE,0.006,0.0
2750,NvcMt_L2_EW,NVCMT_EW,0.008,0.004
2750,NvcCmt8_L1_EW,NVCCMT8_EW,0.008,0.003
2755,304Nvl_L1_NS,NONE,0.007,0.0
2755,32Nvl_L1_EW,32NVL_EW,0.007,0.007
2755,32Nvl_L2_EW,32NVL_EW,0.008,0.008
2755,32Mt_L1_NS,32MT_NS,0.006,0.006
2755,NvcCmt8_L2_EW,NVCCMT8_EW,0.005,0.005
2755,32Thn_L1_EW,NONE,0.01,0.0
2755,32Nvl_L3_EW,NONE,0.006,0.0
2755,NvcCmt8_L1_EW,NVCCMT8_EW,0.008,0.008
2760,304Nvl_L1_EW,304NVL_EW,0.008,0.008
2760,304Nvl_L2_EW,304NVL_EW,0.007,0.007
2760,304Nvl_L1_EW,NONE,0.008,0.0
2760,304Nvl_L1_NS,NONE,0.117,0.0
2760,304Nvl_L3_NS,NONE,0.008,0.0
2760,304Nvl_L2_EW,NONE,0.009,0.0
2760,32Nvl_L1_EW,32NVL_EW,0.014,0.014
2760,32Nvl_L2_EW,32NVL_EW,0.015,0.015
2760,32Mt_L1_EW,NONE,0.022,0.0
2760,32Mt_L3_EW,NONE,0.018,0.0
2760,32Mt_L1_NS,NONE,0.01,0.0
2760,NvcMt_L1_EW,NVCMT_EW,0.006,0.006
2760,32Thn_L1_EW,NONE,0.01,0.0
2760,304Nvl_L3_EW,NONE,0.008,0.0
2760,304Nvl_L2_NS,NONE,0.096,0.0
2760,32Nvl_L3_EW,NONE,0.013,0.0
2760,32Mt_L2_EW,NONE,0.015,0.0
2760,32Mt_L2_NS,NONE,0.009,0.0
2760,NvcMt_L2_EW,NVCMT_EW,0.008,0.008
2760,NvcCmt8_L1_EW,NONE,0.006,0.0
2765,304Nvl_L1_EW,304NVL_EW,0.008,0.008
2765,304Nvl_L1_NS,NONE,0.109,0.0
2765,304Nvl_L3_NS,NONE,0.104,0.0
2765,32Nvl_L1_EW,32NVL_EW,0.014,0.014
2765,32Nvl_L2_EW,32NVL_EW,0.015,0.015
2765,32Nvl_L3_NS,NONE,0.008,0.0
2765,32Nvl_L2_NS,32NVL_NS,0.008,0.008
2765,32Mt_L1_NS,32MT_NS,0.006,0.006
2765,32Mt_L1_EW,NONE,0.007,0.0
2765,32Thn_L1_EW,NONE,0.01,0.0
2765,304Nvl_L2_NS,NONE,0.096,0.0
2765,32Nvl_L3_EW,NONE,0.013,0.0
2765,32Nvl_L1_NS,32NVL_NS,0.007,0.007
2770,304Nvl_L1_EW,304NVL_EW,0.008,0.008
2770,304Nvl_L1_NS,NONE,0.095,0.0
2770,304Nvl_L3_NS,NONE,0.104,0.0
2770,32Nvl_L1_EW,32NVL_EW,0.007,0.007
2770,32Nvl_L2_EW,32NVL_EW,0.008,0.008
2770,NvcNvl_L3_NS,NONE,0.081,0.0
2770,NvcNvl_L2_NS,NONE,0.079,0.0
2770,32Mt_L1_NS,32MT_NS,0.006,0.006
2770,32Mt_L1_NS,NONE,0.01,0.0
2770,304Nvl_L2_NS,NONE,0.096,0.0
2770,32Nvl_L3_EW,NONE,0.006,0.0
2770,32Nvl_L1_NS,32NVL_NS,0.007,0.007
2770,NvcNvl_L1_NS,NONE,0.105,0.0
2775,304Nvl_L1_EW,304NVL_EW,0.008,0.008
2775,32Nvl_L3_NS,NONE,0.007,0.0
2775,32Nvl_L1_NS,32NVL_NS,0.007,0.007
2775,32Nvl_L1_EW,32NVL_EW,0.007,0.007
2775,32Nvl_L2_EW,32NVL_EW,0.008,0.008
2775,32Nvl_L3_NS,NONE,0.008,0.0
2775,32Nvl_L2_NS,32NVL_NS,0.008,0.008
2775,NvcNvl_L3_NS,NONE,0.081,0.0
2775,NvcNvl_L2_NS,NONE,0.079,0.0
2775,NvcNvl_L1_EW,NVCNVL_EW,0.035,0.035
2775,NvcNvl_L2_EW,NVCNVL_EW,0.039,0.039
2775,32Mt_L1_NS,32MT_NS,0.006,0.006
2775,32Mt_L1_EW,NONE,0.007,0.0
2775,32Mt_L3_EW,NONE,0.009,0.0
2775,32Mt_L1_NS,NONE,0.01,0.0
2775,32Nvl_L2_NS,32NVL_NS,0.007,0.007
2775,32Nvl_L3_EW,NONE,0.006,0.0
2775,32Nvl_L1_NS,32NVL_NS,0.007,0.007
2775,NvcNvl_L1_NS,NONE,0.105,0.0
2775,32Mt_L2_EW,NONE,0.008,0.0
2775,32Mt_L2_NS,NONE,0.009,0.0
2780,304Thn_L1_EW,304THN_EW,0.008,0.002
2780,304Thn_L3_EW,NONE,0.008,0.0
2780,304Nvl_L1_NS,304NVL_NS,0.009,0.009
2780,304Nvl_L3_NS,NONE,0.007,0.0
2780,304Nvl_L1_EW,304NVL_EW,0.008,0.003
2780,304Nvl_L2_EW,304NVL_EW,0.007,0.002
2780,32Nvl_L1_EW,32NVL_EW,0.007,0.007
2780,32Nvl_L2_EW,32NVL_EW,0.008,0.008
2780,32Nvl_L3_NS,NONE,0.008,0.0
2780,32Nvl_L2_NS,32NVL_NS,0.008,0.003
2780,NvcNvl_L1_EW,NVCNVL_EW,0.035,0.035
2780,NvcNvl_L2_EW,NVCNVL_EW,0.039,0.039
2780,32Mt_L1_NS,32MT_NS,0.006,0.006
2780,32Mt_L1_NS,NONE,0.01,0.0
2780,304Nvl_L2_NS,304NVL_NS,0.008,0.002
2780,304Nvl_L3_EW,NONE,0.006,0.0
2780,32Nvl_L3_EW,NONE,0.006,0.0
2780,32Nvl_L1_NS,32NVL_NS,0.007,0.0
2780,NvcNvl_L3_EW,NONE,0.047,0.0
2780,32Mt_L2_NS,NONE,0.009,0.0
2780,304Thn_L2_EW,304THN_EW,0.007,0.002
2785,304Nvl_L1_NS,304NVL_NS,0.009,0.004
2785,304Nvl_L3_NS,NONE,0.007,0.0
2785,304Nvl_L1_EW,304NVL_EW,0.119,0.119
2785,304Nvl_L2_EW,304NVL_EW,0.007,0.007
2785,32Nvl_L1_NS,32NVL_NS,0.007,0.001
2785,32Nvl_L1_EW,32NVL_EW,0.007,-0.003
2785,32Nvl_L2_EW,32NVL_EW,0.008,0.0
2785,32Mt_L1_NS,32MT_NS,0.006,0.006
2785,32Mt_L1_EW,32MT_EW,0.014,0.009
2785,NvcCmt8_L2_EW,NONE,0.007,0.0
2785,304Nvl_L2_NS,304NVL_NS,0.008,0.008
2785,304Nvl_L3_EW,NONE,0.006,0.0
2785,32Nvl_L2_NS,32NVL_NS,0.007,0.001
2785,32Nvl_L3_EW,NONE,0.006,0.0
2785,32Mt_L2_EW,32MT_EW,0.011,0.005
2785,NvcCmt8_L1_EW,NONE,0.006,0.0
2790,304Thn_L1_EW,NONE,0.007,0.0
2790,304Nvl_L1_NS,304NVL_NS,0.009,0.004
2790,304Nvl_L3_NS,NONE,0.007,0.0
2790,304Nvl_L1_EW,304NVL_EW,0.11,0.11
2790,304Nvl_L2_EW,304NVL_EW,0.007,0.007
2790,304Nvl_L1_NS,NONE,0.007,0.0
2790,32Nvl_L1_NS,32NVL_NS,0.007,0.001
2790,32Nvl_L1_EW,32NVL_EW,0.007,-0.003
2790,32Nvl_L2_EW,32NVL_EW,0.008,-0.002
2790,32Mt_L1_NS,32MT_NS,0.006,0.006
2790,32Mt_L1_EW,32MT_EW,0.007,0.002
2790,32Thn_L1_EW,32THN_EW,0.008,0.003
2790,32Thn_L2_EW,32THN_EW,0.008,0.003
2790,32Thn_L3_EW,NONE,0.008,0.0
2790,304Nvl_L2_NS,304NVL_NS,0.008,0.008
2790,304Nvl_L3_EW,NONE,0.006,0.0
2790,32Nvl_L2_NS,32NVL_NS,0.007,0.001
2790,32Nvl_L3_EW,NONE,0.006,0.0
2790,32Nvl_L1_NS,32NVL_NS,0.007,0.0
2790,32Mt_L2_EW,32MT_EW,0.005,0.0
2795,304Nvl_L1_NS,304NVL_NS,0.009,-0.001
2795,304Nvl_L3_NS,NONE,0.007,0.0
2795,304Nvl_L1_EW,304NVL_EW,0.017,0.017
2795,304Nvl_L2_EW,304NVL_EW,0.015,0.015
2795,32Nvl_L3_NS,NONE,0.007,0.0
2795,32Nvl_L1_NS,32NVL_NS,0.014,0.008
2795,32Nvl_L1_EW,32NVL_EW,0.007,0.007
2795,32Nvl_L2_EW,32NVL_EW,0.008,0.008
2795,NvcNvl_L3_NS,NONE,0.088,0.0
2795,NvcNvl_L2_NS,NONE,0.086,0.0
2795,NvcNvl_L1_EW,NVCNVL_EW,0.007,0.007
2795,NvcNvl_L2_EW,NVCNVL_EW,0.008,0.008
2795,32Mt_L1_NS,32MT_NS,0.006,0.006
2795,32Mt_L1_EW,NONE,0.007,0.0
2795,32Thn_L1_EW,NONE,0.01,0.0
2795,304Nvl_L2_NS,304NVL_NS,0.008,0.008
2795,304Nvl_L3_EW,NONE,0.013,0.0
2795,32Nvl_L2_NS,32NVL_NS,0.013,0.008
2795,32Nvl_L3_EW,NONE,0.006,0.0
2795,NvcNvl_L1_NS,NONE,0.114,0.0
2795,NvcNvl_L3_EW,NONE,0.009,0.0
2795,NvcCmt8_L1_EW,NVCCMT8_EW,0.008,0.008
2800,304Nvl_L1_NS,304NVL_NS,0.009,-0.001
2800,304Nvl_L3_NS,NONE,0.007,0.0
2800,304Nvl_L1_EW,304NVL_EW,0.008,0.008
2800,304Nvl_L2_EW,304NVL_EW,0.007,0.007
2800,32Nvl_L3_NS,NONE,0.007,0.0
2800,32Nvl_L1_NS,32NVL_NS,0.014,0.008
2800,32Nvl_L1_EW,32NVL_EW,0.007,0.007
2800,32Nvl_L2_EW,32NVL_EW,0.008,0.008
2800,32Nvl_L1_EW,32NVL_EW,0.007,0.007
2800,NvcNvl_L3_NS,NONE,0.095,0.0
2800,NvcNvl_L2_NS,NONE,0.092,0.0
2800,32Mt_L1_EW,NONE,0.007,0.0
2800,NvcMt_L2_NS,NONE,0.005,0.0
2800,NvcCmt8_L2_EW,NVCCMT8_EW,0.005,0.005
2800,304Nvl_L2_NS,304NVL_NS,0.008,0.008
2800,304Nvl_L3_EW,NONE,0.006,0.0
2800,32Nvl_L2_NS,32NVL_NS,0.013,0.008
2800,32Nvl_L3_EW,NONE,0.006,0.0
2800,NvcNvl_L1_NS,NONE,0.122,0.0
2800,NvcMt_L1_NS,NONE,0.005,0.0
2800,NvcCmt8_L1_EW,NVCCMT8_EW,0.008,0.008
2805,304Nvl_L1_NS,304NVL_NS,0.009,-0.001
2805,304Nvl_L1_EW,304NVL_EW,0.008,0.008
2805,304Nvl_L2_EW,304NVL_EW,0.007,0.007
2805,304Nvl_L1_EW,NONE,0.008,0.0
2805,304Nvl_L1_NS,NONE,0.007,0.0
2805,32Nvl_L3_NS,NONE,0.007,0.0
2805,32Nvl_L1_NS,32NVL_NS,0.014,0.003
2805,32Nvl_L1_EW,32NVL_EW,0.007,0.007
2805,32Nvl_L2_EW,32NVL_EW,0.008,0.008
2805,32Nvl_L1_EW,32NVL_EW,0.007,0.007
2805,NvcNvl_L3_NS,NONE,0.014,0.0
2805,NvcNvl_L2_NS,NONE,0.013,0.0
2805,NvcNvl_L1_EW,NVCNVL_EW,0.007,-0.015
2805,NvcNvl_L2_EW,NVCNVL_EW,0.008,0.008
2805,NvcNvl_L1_NS,NVCNVL_NS,0.007,-0.003
2805,NvcMt_L1_EW,NVCMT_EW,0.032,0.027
2805,304Nvl_L3_EW,NONE,0.006,0.0
2805,32Nvl_L2_NS,32NVL_NS,0.013,0.013
2805,32Nvl_L3_EW,NONE,0.006,0.0
2805,NvcNvl_L1_NS,NONE,0.017,0.0
2805,NvcNvl_L3_EW,NONE,0.009,0.0
2805,NvcMt_L2_EW,NVCMT_EW,0.04,0.034
2805,NvcCmt8_L1_EW,NONE,0.006,0.0
2810,304Nvl_L1_EW,304NVL_EW,0.017,0.017
2810,304Nvl_L2_EW,304NVL_EW,0.015,0.015
2810,32Nvl_L3_NS,NONE,0.007,0.0
2810,32Nvl_L1_NS,32NVL_NS,0.014,0.009
2810,32Nvl_L1_EW,32NVL_EW,0.007,0.007
2810,32Nvl_L2_EW,32NVL_EW,0.008,0.008
2810,32Nvl_L1_EW,32NVL_EW,0.007,0.007
2810,NvcNvl_L3_NS,NONE,0.007,0.0
2810,NvcNvl_L2_NS,NONE,0.007,0.0
2810,NvcNvl_L1_EW,NVCNVL_EW,0.014,-0.008
2810,NvcNvl_L2_EW,NVCNVL_EW,0.016,0.016
2810,NvcNvl_L1_NS,NVCNVL_NS,0.007,-0.003
2810,NvcMt_L1_EW,NVCMT_EW,0.032,0.022
2810,304Nvl_L3_EW,NONE,0.013,0.0
2810,32Nvl_L2_NS,32NVL_NS,0.013,0.013
2810,32Nvl_L3_EW,NONE,0.006,0.0
2810,NvcNvl_L1_NS,NONE,0.009,0.0
2810,NvcNvl_L3_EW,NONE,0.019,0.0
2810,NvcMt_L2_EW,NVCMT_EW,0.04,0.029
2815,304Nvl_L1_EW,304NVL_EW,0.025,0.025
2815,304Nvl_L2_EW,304NVL_EW,0.015,0.015
2815,304Nvl_L1_NS,NONE,0.007,0.0
2815,32Nvl_L3_NS,NONE,0.007,0.0
2815,32Nvl_L1_NS,32NVL_NS,0.007,0.002
2815,32Nvl_L1_EW,32NVL_EW,0.014,0.014
2815,32Nvl_L2_EW,32NVL_EW,0.015,0.015
2815,32Nvl_L1_EW,32NVL_EW,0.007,0.007
2815,NvcNvl_L1_EW,NVCNVL_EW,0.021,-0.001
2815,NvcNvl_L2_EW,NVCNVL_EW,0.016,0.016
2815,NvcNvl_L1_NS,NVCNVL_NS,0.007,0.002
2815,NvcMt_L1_EW,NVCMT_EW,0.032,0.012
2815,NvcCmt8_L2_EW,NVCCMT8_EW,0.005,0.005
2815,304Nvl_L3_EW,NONE,0.013,0.0
2815,32Nvl_L2_NS,32NVL_NS,0.007,0.007
2815,32Nvl_L3_EW,NONE,0.013,0.0
2815,NvcNvl_L3_EW,NONE,0.019,0.0
2815,NvcMt_L2_EW,NVCMT_EW,0.04,0.025
2815,NvcCmt8_L1_EW,NVCCMT8_EW,0.008,-0.015
2820,304Nvl_L1_EW,304NVL_EW,0.017,0.017
2820,304Nvl_L2_EW,304NVL_EW,0.007,0.007
2820,32Nvl_L1_NS,32NVL_NS,0.007,0.007
2820,32Nvl_L1_EW,32NVL_EW,0.007,0.007
2820,32Nvl_L2_EW,32NVL_EW,0.008,0.008
2820,32Nvl_L1_EW,32NVL_EW,0.007,0.007
2820,32Nvl_L2_EW,32NVL_EW,0.007,0.007
2820,NvcNvl_L1_EW,NVCNVL_EW,0.021,0.017
2820,NvcNvl_L2_EW,NVCNVL_EW,0.016,0.016
2820,NvcMt_L1_EW,NVCMT_EW,0.006,-0.014
2820,NvcCmt8_L2_EW,NVCCMT8_EW,0.005,0.005
2820,304Nvl_L3_EW,NONE,0.006,0.0
2820,32Nvl_L2_NS,32NVL_NS,0.007,0.007
2820,32Nvl_L3_EW,NONE,0.006,0.0
2820,32Nvl_L3_EW,NONE,0.006,0.0
2820,NvcNvl_L3_EW,NONE,0.019,0.0
2820,NvcMt_L2_EW,NVCMT_EW,0.008,-0.007
2820,NvcCmt8_L1_EW,NVCCMT8_EW,0.008,0.003
2825,304Nvl_L1_EW,304NVL_EW,0.017,0.017
2825,304Nvl_L2_EW,304NVL_EW,0.015,0.015
2825,32Nvl_L1_EW,32NVL_EW,0.007,-0.003
2825,32Nvl_L2_EW,32NVL_EW,0.008,0.0
2825,32Nvl_L1_EW,32NVL_EW,0.007,-0.003
2825,32Nvl_L2_EW,32NVL_EW,0.007,0.0
2825,NvcNvl_L2_NS,NONE,0.033,0.0
2825,NvcNvl_L1_EW,NVCNVL_EW,0.021,0.021
2825,NvcNvl_L2_EW,NVCNVL_EW,0.016,0.016
2825,32Mt_L1_EW,NONE,0.007,0.0
2825,32Mt_L3_EW,NONE,0.009,0.0
2825,32Mt_L1_EW,32MT_EW,0.014,0.009
2825,32Mt_L1_NS,NONE,0.01,0.0
2825,NvcCmt8_L2_EW,NVCCMT8_EW,0.005,0.005
2825,304Nvl_L3_EW,NONE,0.013,0.0
2825,32Nvl_L3_EW,NONE,0.006,0.0
2825,32Nvl_L3_EW,NONE,0.006,0.0
2825,32Nvl_L1_NS,32NVL_NS,0.007,0.007
2825,NvcNvl_L1_NS,NONE,0.044,0.0
2825,NvcNvl_L3_EW,NONE,0.019,0.0
2825,32Mt_L2_EW,NONE,0.008,0.0
2825,32Mt_L2_EW,32MT_EW,0.011,0.005
2825,32Mt_L2_NS,NONE,0.009,0.0
2825,NvcCmt8_L1_EW,NVCCMT8_EW,0.008,0.008
2830,304Nvl_L1_EW,304NVL_EW,0.017,0.017
2830,304Nvl_L2_EW,304NVL_EW,0.007,0.007
2830,32Nvl_L1_NS,32NVL_NS,0.007,0.007
2830,32Nvl_L1_EW,32NVL_EW,0.007,-0.012
2830,32Nvl_L2_EW,32NVL_EW,0.008,-0.008
2830,32Nvl_L1_EW,32NVL_EW,0.007,-0.013
2830,32Nvl_L2_EW,32NVL_EW,0.007,-0.008
2830,32Nvl_L3_NS,NONE,0.008,0.0
2830,32Nvl_L2_NS,32NVL_NS,0.008,0.008
2830,NvcNvl_L3_NS,NONE,0.075,0.0
2830,NvcNvl_L2_NS,NONE,0.073,0.0
2830,NvcNvl_L1_EW,NVCNVL_EW,0.014,0.014
2830,NvcNvl_L2_EW,NVCNVL_EW,0.016,0.016
2830,32Mt_L1_EW,NONE,0.007,0.0
2830,32Mt_L1_EW,32MT_EW,0.028,0.023
2830,304Nvl_L3_EW,NONE,0.006,0.0
2830,32Nvl_L2_NS,32NVL_NS,0.007,0.007
2830,32Nvl_L3_EW,NONE,0.006,0.0
2830,32Nvl_L3_EW,NONE,0.006,0.0
2830,32Nvl_L1_NS,32NVL_NS,0.02,0.02
2830,NvcNvl_L1_NS,NONE,0.096,0.0
2830,NvcNvl_L3_EW,NONE,0.019,0.0
2830,32Mt_L2_EW,32MT_EW,0.022,0.016
2830,NvcCmt8_L1_EW,NONE,0.006,0.0
2835,304Nvl_L1_EW,304NVL_EW,0.008,0.008
2835,304Nvl_L1_NS,NONE,0.007,0.0
2835,32Nvl_L1_EW,32NVL_EW,0.007,-0.017
2835,32Nvl_L2_EW,32NVL_EW,0.008,-0.008
2835,32Nvl_L1_EW,32NVL_EW,0.007,-0.018
2835,32Nvl_L2_EW,32NVL_EW,0.007,-0.008
2835,NvcNvl_L3_NS,NONE,0.041,0.0
2835,NvcNvl_L2_NS,NONE,0.04,0.0
2835,NvcNvl_L1_EW,NONE,0.011,0.0
2835,NvcNvl_L2_EW,NONE,0.008,0.0
2835,NvcNvl_L1_EW,NVCNVL_EW,0.014,0.014
2835,NvcNvl_L2_EW,NVCNVL_EW,0.016,0.016
2835,32Mt_L1_EW,32MT_EW,0.035,0.03
2835,32Nvl_L3_EW,NONE,0.006,0.0
2835,32Nvl_L3_EW,NONE,0.006,0.0
2835,NvcNvl_L1_NS,NONE,0.052,0.0
2835,NvcNvl_L3_EW,NONE,0.006,0.0
2835,NvcNvl_L3_EW,NONE,0.019,0.0
2835,32Mt_L2_EW,32MT_EW,0.022,0.016
2840,304Nvl_L1_EW,304NVL_EW,0.008,0.008
2840,304Nvl_L1_NS,NONE,0.007,0.0
2840,32Nvl_L3_NS,NONE,0.007,0.0
2840,32Nvl_L1_NS,32NVL_NS,0.007,0.007
2840,32Nvl_L1_EW,32NVL_EW,0.007,-0.017
2840,32Nvl_L2_EW,32NVL_EW,0.008,-0.011
2840,32Nvl_L1_EW,32NVL_EW,0.007,-0.018
2840,32Nvl_L2_EW,32NVL_EW,0.007,-0.012
2840,32Nvl_L3_NS,NONE,0.008,0.0
2840,32Nvl_L2_NS,32NVL_NS,0.008,0.008
2840,NvcNvl_L3_NS,NONE,0.041,0.0
2840,NvcNvl_L2_NS,NONE,0.04,0.0
2840,NvcNvl_L1_EW,NONE,0.011,0.0
2840,NvcNvl_L1_EW,NVCNVL_EW,0.014,-0.008
2840,NvcNvl_L2_EW,NVCNVL_EW,0.016,0.016
2840,32Mt_L1_EW,32MT_EW,0.035,0.03
2840,NvcMt_L2_NS,NONE,0.026,0.0
2840,NvcMt_L1_EW,NVCMT_EW,0.032,0.022
2840,32Nvl_L2_NS,32NVL_NS,0.007,0.007
2840,32Nvl_L3_EW,NONE,0.006,0.0
2840,32Nvl_L3_EW,NONE,0.006,0.0
2840,32Nvl_L1_NS,32NVL_NS,0.007,0.007
2840,NvcNvl_L1_NS,NONE,0.052,0.0
2840,NvcNvl_L3_EW,NONE,0.019,0.0
2840,32Mt_L2_EW,32MT_EW,0.027,0.022
2840,NvcMt_L1_NS,NONE,0.027,0.0
2840,NvcMt_L2_EW,NVCMT_EW,0.04,0.029
2845,32Nvl_L1_EW,32NVL_EW,0.007,-0.017
2845,32Nvl_L2_EW,32NVL_EW,0.008,-0.011
2845,32Nvl_L1_EW,32NVL_EW,0.013,-0.011
2845,32Nvl_L2_EW,32NVL_EW,0.015,-0.004
2845,NvcNvl_L3_NS,NONE,0.007,0.0
2845,NvcNvl_L2_NS,NONE,0.007,0.0
2845,NvcNvl_L1_EW,NVCNVL_EW,0.021,-0.001
2845,NvcNvl_L2_EW,NVCNVL_EW,0.023,0.023
2845,NvcNvl_L1_NS,NVCNVL_NS,0.007,0.007
2845,32Mt_L1_EW,NONE,0.007,0.0
2845,32Mt_L3_EW,NONE,0.009,0.0
2845,32Mt_L1_EW,32MT_EW,0.035,0.03
2845,NvcMt_L2_NS,NONE,0.005,0.0
2845,NvcMt_L1_EW,NVCMT_EW,0.032,0.017
2845,32Nvl_L3_EW,NONE,0.012,0.0
2845,32Nvl_L3_EW,NONE,0.006,0.0
2845,NvcNvl_L1_NS,NONE,0.009,0.0
2845,NvcNvl_L3_EW,NONE,0.028,0.0
2845,32Mt_L2_EW,NONE,0.008,0.0
2845,32Mt_L2_EW,32MT_EW,0.027,0.022
2845,NvcMt_L1_NS,NONE,0.005,0.0
2845,NvcMt_L2_EW,NVCMT_EW,0.04,0.023
2850,304Nvl_L1_EW,NONE,0.008,0.0
2850,304Nvl_L2_EW,NONE,0.009,0.0
2850,32Nvl_L1_EW,32NVL_EW,0.007,-0.012
2850,32Nvl_L2_EW,32NVL_EW,0.008,-0.008
2850,32Nvl_L1_EW,32NVL_EW,0.013,-0.006
2850,32Nvl_L2_EW,32NVL_EW,0.015,0.0
2850,32Nvl_L3_NS,NONE,0.008,0.0
2850,32Nvl_L2_NS,32NVL_NS,0.008,0.008
2850,NvcNvl_L1_EW,NONE,0.011,0.0
2850,NvcNvl_L2_EW,NONE,0.008,0.0
2850,NvcNvl_L1_EW,NVCNVL_EW,0.07,0.048
2850,NvcNvl_L2_EW,NVCNVL_EW,0.031,0.029
2850,32Mt_L1_EW,32MT_EW,0.028,0.023
2850,NvcMt_L1_EW,NVCMT_EW,0.032,-0.018
2850,NvcMt_L2_EW,NVCMT_EW,0.003,-0.019
2850,304Nvl_L3_EW,NONE,0.008,0.0
2850,32Nvl_L3_EW,NONE,0.012,0.0
2850,32Nvl_L3_EW,NONE,0.006,0.0
2850,32Nvl_L1_NS,32NVL_NS,0.007,0.007
2850,NvcNvl_L3_EW,NONE,0.037,0.0
2850,32Mt_L2_EW,32MT_EW,0.022,0.016
2850,NvcMt_L2_EW,NVCMT_EW,0.04,0.018
2850,NvcMt_L1_EW,NVCMT_EW,0.006,-0.044
2855,32Nvl_L1_EW,32NVL_EW,0.007,-0.017
2855,32Nvl_L2_EW,32NVL_EW,0.008,-0.008
2855,32Nvl_L1_EW,32NVL_EW,0.013,-0.011
2855,32Nvl_L2_EW,32NVL_EW,0.015,0.0
2855,32Nvl_L3_NS,NONE,0.017,0.0
2855,32Nvl_L2_NS,32NVL_NS,0.016,0.016
2855,NvcNvl_L1_EW,NVCNVL_EW,0.07,0.07
2855,NvcNvl_L2_EW,NVCNVL_EW,0.031,0.029
2855,32Mt_L1_EW,32MT_EW,0.035,0.03
2855,32Mt_L1_NS,NONE,0.01,0.0
2855,NvcMt_L2_EW,NVCMT_EW,0.003,-0.019
2855,32Thn_L1_EW,NONE,0.01,0.0
2855,32Thn_L2_EW,NONE,0.01,0.0
2855,32Thn_L3_EW,NONE,0.007,0.0
2855,32Nvl_L3_EW,NONE,0.012,0.0
2855,32Nvl_L3_EW,NONE,0.006,0.0
2855,32Nvl_L1_NS,32NVL_NS,0.013,0.013
2855,NvcNvl_L3_EW,NONE,0.037,0.0
2855,32Mt_L2_EW,32MT_EW,0.022,0.016
2855,32Mt_L2_NS,NONE,0.009,0.0
2855,NvcMt_L1_EW,NVCMT_EW,0.006,-0.044
2860,32Nvl_L3_NS,NONE,0.007,0.0
2860,32Nvl_L1_NS,32NVL_NS,0.007,0.007
2860,32Nvl_L1_EW,32NVL_EW,0.007,-0.023
2860,32Nvl_L2_EW,32NVL_EW,0.008,-0.011
2860,32Nvl_L1_EW,32NVL_EW,0.013,-0.017
2860,32Nvl_L2_EW,32NVL_EW,0.015,-0.004
2860,NvcNvl_L1_EW,NVCNVL_EW,0.042,0.042
2860,NvcNvl_L2_EW,NVCNVL_EW,0.008,0.006
2860,32Mt_L1_NS,32MT_NS,0.006,0.006
2860,32Mt_L1_EW,NONE,0.007,0.0
2860,32Mt_L3_EW,NONE,0.009,0.0
2860,32Mt_L1_EW,32MT_EW,0.035,0.03
2860,NvcMt_L2_NS,NONE,0.005,0.0
2860,NvcMt_L2_EW,NVCMT_EW,0.003,-0.003
2860,32Thn_L1_EW,32THN_EW,0.008,0.003
2860,32Nvl_L2_NS,32NVL_NS,0.007,0.007
2860,32Nvl_L3_EW,NONE,0.012,0.0
2860,32Nvl_L3_EW,NONE,0.006,0.0
2860,NvcNvl_L3_EW,NONE,0.009,0.0
2860,32Mt_L2_EW,NONE,0.008,0.0
2860,32Mt_L2_EW,32MT_EW,0.027,0.022
2860,NvcMt_L1_NS,NONE,0.005,0.0
2860,NvcMt_L1_EW,NVCMT_EW,0.006,-0.024
2865,304Nvl_L1_NS,304NVL_NS,0.009,-0.001
2865,32Nvl_L3_NS,NONE,0.014,0.0
2865,32Nvl_L1_NS,32NVL_NS,0.014,0.008
2865,32Nvl_L1_EW,32NVL_EW,0.007,-0.008
2865,32Nvl_L2_EW,32NVL_EW,0.008,-0.004
2865,32Nvl_L1_EW,32NVL_EW,0.013,-0.001
2865,32Nvl_L2_EW,32NVL_EW,0.015,0.004
2865,32Nvl_L3_NS,NONE,0.008,0.0
2865,32Nvl_L2_NS,32NVL_NS,0.008,0.008
2865,32Mt_L1_EW,NONE,0.007,0.0
2865,32Mt_L3_EW,NONE,0.009,0.0
2865,32Mt_L1_EW,32MT_EW,0.021,0.016
2865,32Nvl_L2_NS,32NVL_NS,0.013,0.013
2865,32Nvl_L3_EW,NONE,0.012,0.0
2865,32Nvl_L3_EW,NONE,0.006,0.0
2865,32Nvl_L1_NS,32NVL_NS,0.007,0.0
2865,32Mt_L2_EW,NONE,0.008,0.0
2865,32Mt_L2_EW,32MT_EW,0.016,0.011
2870,304Thn_L1_EW,NONE,0.007,0.0
2870,304Thn_L2_EW,NONE,0.008,0.0
2870,304Nvl_L1_NS,304NVL_NS,0.009,0.004
2870,304Nvl_L1_EW,304NVL_EW,0.008,0.008
2870,304Nvl_L2_EW,304NVL_EW,0.007,0.007
2870,32Nvl_L1_NS,32NVL_NS,0.007,0.001
2870,32Nvl_L1_EW,32NVL_EW,0.007,-0.003
2870,32Nvl_L2_EW,32NVL_EW,0.008,0.004
2870,32Nvl_L1_EW,32NVL_EW,0.013,0.004
2870,32Nvl_L2_EW,32NVL_EW,0.015,0.011
2870,32Nvl_L3_NS,NONE,0.008,0.0
2870,32Nvl_L2_NS,32NVL_NS,0.008,0.008
2870,NvcNvl_L1_EW,NONE,0.011,0.0
2870,NvcNvl_L2_EW,NONE,0.008,0.0
2870,NvcNvl_L1_EW,NVCNVL_EW,0.035,0.031
2870,NvcNvl_L2_EW,NVCNVL_EW,0.039,0.039
2870,32Mt_L1_NS,32MT_NS,0.006,0.001
2870,32Mt_L1_EW,32MT_EW,0.014,0.009
2870,32Mt_L1_NS,NONE,0.01,0.0
2870,NvcMt_L2_NS,NONE,0.005,0.0
2870,NvcMt_L1_EW,NVCMT_EW,0.006,-0.018
2870,NvcMt_L1_NS,NVCMT_NS,0.007,0.002
2870,304Nvl_L3_EW,NONE,0.006,0.0
2870,32Nvl_L3_EW,NONE,0.012,0.0
2870,32Nvl_L3_EW,NONE,0.006,0.0
2870,32Nvl_L1_NS,32NVL_NS,0.02,0.014
2870,NvcNvl_L3_EW,NONE,0.047,0.0
2870,32Mt_L2_EW,32MT_EW,0.005,0.0
2870,32Mt_L2_NS,NONE,0.009,0.0
2870,NvcMt_L1_NS,NONE,0.005,0.0
2870,NvcMt_L2_EW,NVCMT_EW,0.008,-0.019
2870,NvcMt_L2_NS,NVCMT_NS,0.005,0.005
2875,304Nvl_L1_NS,304NVL_NS,0.009,0.009
2875,32Nvl_L1_EW,32NVL_EW,0.007,-0.022
2875,32Nvl_L2_EW,32NVL_EW,0.008,-0.015
2875,32Nvl_L1_EW,32NVL_EW,0.013,-0.016
2875,32Nvl_L2_EW,32NVL_EW,0.015,-0.008
2875,32Mt_L1_NS,32MT_NS,0.006,0.001
2875,32Mt_L1_EW,NONE,0.007,0.0
2875,32Mt_L1_EW,32MT_EW,0.042,0.037
2875,NvcMt_L1_EW,NVCMT_EW,0.006,0.006
2875,NvcMt_L1_NS,NVCMT_NS,0.007,0.002
2875,32Thn_L1_EW,NONE,0.01,0.0
2875,32Thn_L2_EW,NONE,0.01,0.0
2875,32Thn_L3_EW,NONE,0.007,0.0
2875,32Nvl_L3_EW,NONE,0.012,0.0
2875,32Nvl_L3_EW,NONE,0.006,0.0
2875,32Mt_L2_EW,32MT_EW,0.033,0.027
2875,NvcMt_L2_EW,NVCMT_EW,0.008,0.008
2875,NvcMt_L2_NS,NVCMT_NS,0.005,0.005
2880,304Thn_L1_EW,304THN_EW,0.008,0.002
2880,304Nvl_L1_EW,304NVL_EW,0.008,0.003
2880,304Nvl_L2_EW,304NVL_EW,0.007,0.007
2880,304Nvl_L1_NS,NONE,0.007,0.0
2880,32Nvl_L1_NS,32NVL_NS,0.007,0.007
2880,32Nvl_L1_EW,32NVL_EW,0.014,-0.01
2880,32Nvl_L2_EW,32NVL_EW,0.015,-0.004
2880,32Nvl_L1_EW,32NVL_EW,0.013,-0.011
2880,32Nvl_L2_EW,32NVL_EW,0.015,-0.004
2880,32Nvl_L3_NS,NONE,0.008,0.0
2880,32Nvl_L2_NS,32NVL_NS,0.008,0.008
2880,32Mt_L1_NS,32MT_NS,0.006,0.001
2880,32Mt_L1_EW,NONE,0.007,0.0
2880,32Mt_L1_EW,32MT_EW,0.035,0.025
2880,32Mt_L1_NS,NONE,0.01,0.0
2880,NvcMt_L1_EW,NVCMT_EW,0.006,0.006
2880,NvcMt_L1_NS,NVCMT_NS,0.007,0.002
2880,32Thn_L1_EW,NONE,0.01,0.0
2880,32Thn_L2_EW,NONE,0.01,0.0
2880,32Thn_L3_EW,NONE,0.007,0.0
2880,304Nvl_L3_EW,NONE,0.006,0.0
2880,32Nvl_L3_EW,NONE,0.012,0.0
2880,32Nvl_L3_EW,NONE,0.013,0.0
2880,32Nvl_L1_NS,32NVL_NS,0.007,0.007
2880,32Mt_L2_EW,32MT_EW,0.027,0.016
2880,32Mt_L2_NS,NONE,0.009,0.0
2880,NvcMt_L2_EW,NVCMT_EW,0.008,0.008
2880,NvcMt_L2_NS,NVCMT_NS,0.005,0.005
2885,304Nvl_L1_EW,304NVL_EW,0.042,0.042
2885,304Nvl_L2_EW,304NVL_EW,0.036,0.036
2885,32Nvl_L1_EW,32NVL_EW,0.014,0.004
2885,32Nvl_L2_EW,32NVL_EW,0.015,0.015
2885,32Nvl_L1_EW,32NVL_EW,0.013,0.003
2885,32Nvl_L2_EW,32NVL_EW,0.015,0.015
2885,NvcNvl_L3_NS,NONE,0.007,0.0
2885,NvcNvl_L2_NS,NONE,0.007,0.0
2885,32Mt_L1_EW,32MT_EW,0.007,-0.003
2885,NvcMt_L2_NS,NONE,0.005,0.0
2885,NvcMt_L1_EW,NVCMT_EW,0.006,0.006
2885,NvcMt_L1_NS,NVCMT_NS,0.007,0.007
2885,32Thn_L1_EW,NONE,0.01,0.0
2885,32Thn_L2_EW,NONE,0.01,0.0
2885,32Thn_L1_EW,32THN_EW,0.008,-0.002
2885,32Thn_L3_EW,NONE,0.007,0.0
2885,304Nvl_L3_EW,NONE,0.032,0.0
2885,32Nvl_L3_EW,NONE,0.012,0.0
2885,32Nvl_L3_EW,NONE,0.013,0.0
2885,NvcNvl_L1_NS,NONE,0.009,0.0
2885,NvcMt_L1_NS,NONE,0.005,0.0
2885,NvcMt_L2_EW,NVCMT_EW,0.008,0.008
2885,NvcMt_L2_NS,NVCMT_NS,0.005,0.005
2890,304Nvl_L1_EW,304NVL_EW,0.008,0.008
2890,304Nvl_L2_EW,304NVL_EW,0.007,0.007
2890,304Nvl_L1_NS,NONE,0.007,0.0
2890,32Nvl_L1_EW,32NVL_EW,0.007,0.001
2890,32Nvl_L2_EW,32NVL_EW,0.008,0.008
2890,32Nvl_L1_EW,32NVL_EW,0.013,0.008
2890,32Nvl_L2_EW,32NVL_EW,0.015,0.015
2890,32Mt_L1_EW,NONE,0.086,0.0
2890,32Mt_L3_EW,NONE,0.062,0.0
2890,NvcMt_L2_EW,NVCMT_EW,0.003,-0.001
2890,NvcMt_L1_NS,NVCMT_NS,0.007,0.007
2890,NvcCmt8_L2_EW,NVCCMT8_EW,0.005,0.003
2890,32Thn_L1_EW,32THN_EW,0.008,0.003
2890,304Nvl_L3_EW,NONE,0.006,0.0
2890,32Nvl_L3_EW,NONE,0.012,0.0
2890,32Nvl_L3_EW,NONE,0.006,0.0
2890,32Nvl_L1_NS,32NVL_NS,0.007,0.007
2890,32Mt_L2_EW,NONE,0.053,0.0
2890,NvcMt_L1_EW,NVCMT_EW,0.006,0.0
2890,NvcMt_L2_NS,NVCMT_NS,0.005,0.005
2890,NvcCmt8_L1_EW,NVCCMT8_EW,0.008,0.008
2895,304Nvl_L1_NS,NONE,0.036,0.0
2895,32Nvl_L1_EW,32NVL_EW,0.007,0.002
2895,32Nvl_L2_EW,32NVL_EW,0.008,0.008
2895,32Nvl_L1_EW,32NVL_EW,0.013,0.009
2895,32Nvl_L2_EW,32NVL_EW,0.015,0.015
2895,NvcNvl_L3_NS,NONE,0.007,0.0
2895,NvcNvl_L2_NS,NONE,0.007,0.0
2895,32Mt_L1_EW,NONE,0.072,0.0
2895,32Mt_L3_EW,NONE,0.044,0.0
2895,32Mt_L1_EW,32MT_EW,0.007,0.002
2895,NvcMt_L2_NS,NONE,0.005,0.0
2895,NvcMt_L1_NS,NVCMT_NS,0.007,0.007
2895,32Nvl_L3_EW,NONE,0.012,0.0
2895,32Nvl_L3_EW,NONE,0.006,0.0
2895,NvcNvl_L1_NS,NONE,0.009,0.0
2895,32Mt_L2_EW,NONE,0.038,0.0
2895,NvcMt_L1_NS,NONE,0.005,0.0
2895,NvcMt_L2_NS,NVCMT_NS,0.005,0.005
2895,NvcCmt8_L1_EW,NONE,0.006,0.0
2900,304Nvl_L1_EW,304NVL_EW,0.008,0.008
2900,304Nvl_L2_EW,304NVL_EW,0.007,0.007
2900,304Nvl_L1_NS,NONE,0.015,0.0
2900,304Nvl_L3_NS,NONE,0.008,0.0
2900,32Nvl_L1_EW,32NVL_EW,0.014,0.014
2900,32Nvl_L2_EW,32NVL_EW,0.015,0.015
2900,32Nvl_L1_EW,32NVL_EW,0.013,0.013
2900,32Nvl_L2_EW,32NVL_EW,0.015,0.015
2900,32Nvl_L3_NS,NONE,0.008,0.0
2900,32Nvl_L2_NS,32NVL_NS,0.008,0.008
2900,NvcNvl_L1_EW,NVCNVL_EW,0.007,0.003
2900,NvcNvl_L2_EW,NVCNVL_EW,0.008,0.008
2900,32Mt_L1_EW,NONE,0.022,0.0
2900,32Mt_L3_EW,NONE,0.027,0.0
2900,NvcMt_L1_EW,NVCMT_EW,0.006,-0.004
2900,NvcMt_L1_NS,NVCMT_NS,0.007,0.007
2900,NvcCmt8_L2_EW,NVCCMT8_EW,0.005,0.005
2900,304Nvl_L3_EW,NONE,0.006,0.0
2900,304Nvl_L2_NS,NONE,0.007,0.0
2900,32Nvl_L3_EW,NONE,0.012,0.0
2900,32Nvl_L3_EW,NONE,0.013,0.0
2900,32Nvl_L1_NS,32NVL_NS,0.007,0.007
2900,NvcNvl_L3_EW,NONE,0.009,0.0
2900,32Mt_L2_EW,NONE,0.023,0.0
2900,NvcMt_L2_EW,NVCMT_EW,0.008,-0.001
2900,NvcMt_L2_NS,NVCMT_NS,0.005,0.005
2900,NvcCmt8_L1_EW,NVCCMT8_EW,0.008,0.003
2905,304Nvl_L1_EW,304NVL_EW,0.008,0.008
2905,304Nvl_L2_EW,304NVL_EW,0.007,0.007
2905,32Nvl_L1_EW,32NVL_EW,0.014,-0.02
2905,32Nvl_L2_EW,32NVL_EW,0.015,-0.007
2905,32Nvl_L1_EW,32NVL_EW,0.013,-0.021
2905,32Nvl_L2_EW,32NVL_EW,0.015,-0.008
2905,32Nvl_L2_NS,32NVL_NS,0.008,0.008
2905,NvcNvl_L1_NS,NVCNVL_NS,0.007,0.007
2905,32Mt_L1_EW,NONE,0.007,0.0
2905,32Mt_L3_EW,NONE,0.009,0.0
2905,32Mt_L1_EW,32MT_EW,0.049,0.039
2905,NvcMt_L1_NS,NVCMT_NS,0.007,0.007
2905,NvcCmt8_L2_EW,NVCCMT8_EW,0.005,0.005
2905,304Nvl_L3_EW,NONE,0.006,0.0
2905,32Nvl_L3_EW,NONE,0.012,0.0
2905,32Nvl_L3_EW,NONE,0.013,0.0
2905,32Nvl_L1_NS,32NVL_NS,0.013,0.009
2905,32Mt_L2_EW,NONE,0.008,0.0
2905,32Mt_L2_EW,32MT_EW,0.033,0.022
2905,NvcMt_L2_NS,NVCMT_NS,0.005,0.005
2905,NvcCmt8_L1_EW,NVCCMT8_EW,0.008,0.008
2910,304Nvl_L1_NS,304NVL_NS,0.009,0.004
2910,304Nvl_L1_EW,304NVL_EW,0.008,0.008
2910,304Nvl_L1_NS,NONE,0.007,0.0
2910,304Nvl_L3_NS,NONE,0.008,0.0
2910,32Nvl_L1_NS,32NVL_NS,0.007,-0.004
2910,32Nvl_L1_EW,32NVL_EW,0.007,0.002
2910,32Nvl_L2_EW,32NVL_EW,0.008,0.004
2910,32Nvl_L1_EW,32NVL_EW,0.007,0.002
2910,NvcNvl_L3_NS,NONE,0.007,0.0
2910,NvcNvl_L2_NS,NONE,0.007,0.0
2910,NvcNvl_L1_EW,NONE,0.021,0.0
2910,NvcNvl_L2_EW,NONE,0.008,0.0
2910,NvcNvl_L1_EW,NVCNVL_EW,0.007,0.003
2910,NvcNvl_L2_EW,NVCNVL_EW,0.008,0.008
2910,NvcNvl_L1_NS,NVCNVL_NS,0.007,0.002
2910,32Mt_L1_EW,NONE,0.014,0.0
2910,32Mt_L3_EW,NONE,0.009,0.0
2910,32Mt_L1_EW,32MT_EW,0.007,0.002
2910,32Mt_L1_NS,NONE,0.01,0.0
2910,NvcMt_L1_EW,NVCMT_EW,0.006,0.001
2910,NvcMt_L1_NS,NVCMT_NS,0.007,0.007
2910,304Nvl_L2_NS,NONE,0.007,0.0
2910,32Nvl_L2_NS,32NVL_NS,0.007,0.007
2910,32Nvl_L3_EW,NONE,0.006,0.0
2910,NvcNvl_L1_NS,NONE,0.009,0.0
2910,NvcNvl_L3_EW,NONE,0.006,0.0
2910,NvcNvl_L3_EW,NONE,0.009,0.0
2910,32Mt_L2_EW,NONE,0.008,0.0
2910,32Mt_L2_EW,32MT_EW,0.005,0.0
2910,NvcMt_L2_EW,NVCMT_EW,0.008,0.002
2910,NvcMt_L2_NS,NVCMT_NS,0.005,0.005
2915,304Nvl_L1_NS,304NVL_NS,0.009,0.004
2915,304Nvl_L1_EW,304NVL_EW,0.008,0.008
2915,304Nvl_L2_EW,304NVL_EW,0.007,0.007
2915,32Nvl_L1_NS,32NVL_NS,0.007,-0.004
2915,32Nvl_L1_EW,32NVL_EW,0.007,0.002
2915,NvcNvl_L1_NS,NVCNVL_NS,0.007,0.002
2915,32Mt_L1_EW,NONE,0.007,0.0
2915,32Mt_L1_EW,32MT_EW,0.007,0.007
2915,32Mt_L1_NS,NONE,0.01,0.0
2915,32Nvl_L2_NS,32NVL_NS,0.007,0.007
2915,32Mt_L2_EW,32MT_EW,0.005,0.005
2920,304Nvl_L1_NS,304NVL_NS,0.009,-0.001
2920,304Nvl_L1_EW,304NVL_EW,0.017,0.017
2920,304Nvl_L2_EW,304NVL_EW,0.007,0.007
2920,32Nvl_L3_NS,NONE,0.007,0.0
2920,32Nvl_L1_NS,32NVL_NS,0.014,0.008
2920,32Nvl_L1_EW,32NVL_EW,0.007,0.007
2920,32Nvl_L2_EW,32NVL_EW,0.008,0.008
2920,32Nvl_L1_EW,32NVL_EW,0.007,0.007
2920,32Mt_L1_EW,NONE,0.007,0.0
2920,304Nvl_L3_EW,NONE,0.006,0.0
2920,32Nvl_L2_NS,32NVL_NS,0.013,0.013
2920,32Nvl_L3_EW,NONE,0.006,0.0
2920,32Nvl_L1_NS,32NVL_NS,0.007,0.0
2925,304Nvl_L1_EW,304NVL_EW,0.025,0.025
2925,304Nvl_L2_EW,304NVL_EW,0.007,0.007
2925,32Nvl_L3_NS,NONE,0.041,0.0
2925,32Nvl_L1_NS,32NVL_NS,0.042,0.042
2925,32Nvl_L1_EW,32NVL_EW,0.007,0.007
2925,32Nvl_L2_EW,32NVL_EW,0.008,0.008
2925,32Nvl_L1_EW,32NVL_EW,0.007,0.007
2925,NvcMt_L2_NS,NONE,0.063,0.0
2925,NvcMt_L2_EW,NVCMT_EW,0.003,0.003
2925,304Nvl_L3_EW,NONE,0.006,0.0
2925,32Nvl_L2_NS,32NVL_NS,0.04,0.04
2925,32Nvl_L3_EW,NONE,0.006,0.0
2925,32Nvl_L1_NS,32NVL_NS,0.013,0.013
2925,NvcMt_L1_NS,NONE,0.066,0.0
2925,NvcMt_L1_EW,NVCMT_EW,0.006,0.006
2930,304Nvl_L1_EW,304NVL_EW,0.025,0.025
2930,304Nvl_L2_EW,304NVL_EW,0.015,0.015
2930,32Nvl_L1_EW,32NVL_EW,0.007,0.007
2930,32Nvl_L2_EW,32NVL_EW,0.008,0.008
2930,NvcNvl_L1_EW,NONE,0.011,0.0
2930,NvcNvl_L2_EW,NONE,0.008,0.0
2930,32Mt_L1_EW,NONE,0.007,0.0
2930,32Mt_L3_EW,NONE,0.009,0.0
2930,NvcMt_L2_NS,NONE,0.063,0.0
2930,NvcMt_L2_EW,NVCMT_EW,0.003,-0.001
2930,NvcCmt8_L2_EW,NVCCMT8_EW,0.005,0.003
2930,NvcCmt8_L2_EW,NONE,0.007,0.0
2930,304Nvl_L3_EW,NONE,0.013,0.0
2930,32Nvl_L3_EW,NONE,0.006,0.0
2930,32Nvl_L1_NS,32NVL_NS,0.007,0.007
2930,NvcNvl_L3_EW,NONE,0.006,0.0
2930,32Mt_L2_EW,NONE,0.008,0.0
2930,NvcMt_L1_NS,NONE,0.066,0.0
2930,NvcMt_L1_EW,NVCMT_EW,0.006,0.0
2930,NvcCmt8_L1_EW,NVCCMT8_EW,0.008,0.008
2930,NvcCmt8_L1_EW,NONE,0.006,0.0
2935,304Nvl_L1_EW,304NVL_EW,0.034,0.034
2935,304Nvl_L2_EW,304NVL_EW,0.029,0.029
2935,32Nvl_L1_EW,32NVL_EW,0.007,0.007
2935,32Nvl_L2_EW,32NVL_EW,0.008,0.008
2935,NvcNvl_L3_NS,NONE,0.034,0.0
2935,NvcNvl_L2_NS,NONE,0.033,0.0
2935,NvcNvl_L1_EW,NVCNVL_EW,0.007,0.007
2935,NvcNvl_L2_EW,NVCNVL_EW,0.008,0.006
2935,NvcMt_L2_EW,NVCMT_EW,0.003,-0.006
2935,NvcCmt8_L2_EW,NVCCMT8_EW,0.005,0.003
2935,304Nvl_L3_EW,NONE,0.019,0.0
2935,32Nvl_L3_EW,NONE,0.006,0.0
2935,32Nvl_L1_NS,32NVL_NS,0.007,0.007
2935,NvcNvl_L1_NS,NONE,0.044,0.0
2935,NvcNvl_L3_EW,NONE,0.009,0.0
2935,NvcMt_L1_EW,NVCMT_EW,0.006,-0.005
2935,NvcCmt8_L1_EW,NVCCMT8_EW,0.008,0.008
2940,304Nvl_L1_EW,304NVL_EW,0.135,0.135
2940,304Nvl_L2_EW,304NVL_EW,0.116,0.116
2940,32Nvl_L1_EW,32NVL_EW,0.007,0.002
2940,32Nvl_L2_EW,32NVL_EW,0.008,0.004
2940,32Nvl_L3_NS,NONE,0.05,0.0
2940,32Nvl_L2_NS,32NVL_NS,0.047,0.047
2940,NvcNvl_L3_NS,NONE,0.007,0.0
2940,NvcNvl_L2_NS,NONE,0.007,0.0
2940,32Mt_L1_EW,32MT_EW,0.007,0.002
2940,NvcCmt8_L2_EW,NVCCMT8_EW,0.005,0.005
2940,304Nvl_L3_EW,NONE,0.101,0.0
2940,32Nvl_L3_EW,NONE,0.006,0.0
2940,32Nvl_L1_NS,32NVL_NS,0.047,0.047
2940,NvcNvl_L1_NS,NONE,0.009,0.0
2940,32Mt_L2_EW,32MT_EW,0.005,0.0
2940,NvcCmt8_L1_EW,NVCCMT8_EW,0.008,0.008
2945,304Nvl_L1_EW,304NVL_EW,0.195,0.195
2945,304Nvl_L2_EW,304NVL_EW,0.167,0.167
2945,32Nvl_L1_EW,32NVL_EW,0.014,0.014
2945,32Nvl_L2_EW,32NVL_EW,0.015,0.015
2945,32Nvl_L3_NS,NONE,0.008,0.0
2945,32Nvl_L2_NS,32NVL_NS,0.008,0.008
2945,32Mt_L1_EW,NONE,0.007,0.0
2945,32Mt_L3_EW,NONE,0.009,0.0
2945,304Nvl_L3_EW,NONE,0.146,0.0
2945,32Nvl_L3_EW,NONE,0.013,0.0
2945,32Nvl_L1_NS,32NVL_NS,0.007,0.007
2945,32Mt_L2_EW,NONE,0.008,0.0
2945,NvcCmt8_L1_EW,NONE,0.006,0.0
2950,304Nvl_L1_EW,304NVL_EW,0.203,0.203
2950,304Nvl_L2_EW,304NVL_EW,0.174,0.174
2950,32Nvl_L1_EW,32NVL_EW,0.014,-0.021
2950,32Nvl_L2_EW,32NVL_EW,0.015,-0.013
2950,32Mt_L1_NS,32MT_NS,0.006,0.006
2950,32Mt_L1_EW,32MT_EW,0.042,0.032
2950,32Thn_L1_EW,32THN_EW,0.008,-0.002
2950,32Thn_L2_EW,32THN_EW,0.008,-0.002
2950,32Thn_L3_EW,NONE,0.008,0.0
2950,304Nvl_L3_EW,NONE,0.152,0.0
2950,32Nvl_L3_EW,NONE,0.013,0.0
2950,32Mt_L2_EW,32MT_EW,0.033,0.022
2955,304Nvl_L1_EW,304NVL_EW,0.212,0.212
2955,304Nvl_L2_EW,304NVL_EW,0.174,0.174
2955,32Nvl_L1_EW,32NVL_EW,0.007,-0.013
2955,32Nvl_L2_EW,32NVL_EW,0.008,-0.01
2955,NvcNvl_L3_NS,NONE,0.007,0.0
2955,NvcNvl_L2_NS,NONE,0.007,0.0
2955,32Mt_L1_NS,32MT_NS,0.006,0.006
2955,32Mt_L1_EW,32MT_EW,0.021,0.016
2955,32Mt_L1_NS,NONE,0.049,0.0
2955,NvcCmt8_L2_EW,NVCCMT8_EW,0.005,0.005
2955,32Thn_L1_EW,32THN_EW,0.008,0.003
2955,32Thn_L2_EW,32THN_EW,0.008,0.003
2955,32Thn_L3_EW,NONE,0.008,0.0
2955,304Nvl_L3_EW,NONE,0.152,0.0
2955,32Nvl_L3_EW,NONE,0.006,0.0
2955,32Nvl_L1_NS,32NVL_NS,0.007,0.007
2955,NvcNvl_L1_NS,NONE,0.009,0.0
2955,32Mt_L2_EW,32MT_EW,0.016,0.011
2955,32Mt_L2_NS,NONE,0.043,0.0
2955,NvcCmt8_L1_EW,NVCCMT8_EW,0.008,0.008
2960,304Nvl_L1_EW,304NVL_EW,0.169,0.169
2960,304Nvl_L2_EW,304NVL_EW,0.174,0.174
2960,32Nvl_L1_EW,32NVL_EW,0.007,-0.023
2960,32Nvl_L2_EW,32NVL_EW,0.008,0.002
2960,NvcNvl_L3_NS,NONE,0.007,0.0
2960,NvcNvl_L2_NS,NONE,0.007,0.0
2960,32Mt_L1_NS,32MT_NS,0.006,0.006
2960,32Mt_L1_EW,32MT_EW,0.035,0.03
2960,32Mt_L1_NS,NONE,0.01,0.0
2960,NvcCmt8_L2_EW,NVCCMT8_EW,0.005,0.005
2960,32Thn_L1_EW,NONE,0.01,0.0
2960,32Thn_L2_EW,NONE,0.01,0.0
2960,32Thn_L1_EW,32THN_EW,0.008,0.003
2960,32Thn_L2_EW,32THN_EW,0.008,0.003
2960,32Thn_L3_EW,NONE,0.007,0.0
2960,32Thn_L3_EW,NONE,0.008,0.0
2960,304Nvl_L3_EW,NONE,0.152,0.0
2960,32Nvl_L3_EW,NONE,0.006,0.0
2960,NvcNvl_L1_NS,NONE,0.009,0.0
2960,NvcCmt8_L1_EW,NVCCMT8_EW,0.008,0.008
2965,304Nvl_L1_EW,304NVL_EW,0.152,0.152
2965,304Nvl_L2_EW,304NVL_EW,0.131,0.131
2965,32Nvl_L1_EW,32NVL_EW,0.007,0.001
2965,32Nvl_L2_EW,32NVL_EW,0.008,0.008
2965,32Mt_L1_EW,NONE,0.043,0.0
2965,32Mt_L1_NS,NONE,0.01,0.0
2965,NvcMt_L1_EW,NVCMT_EW,0.083,0.077
2965,NvcCmt8_L2_EW,NVCCMT8_EW,0.005,0.005
2965,32Thn_L1_EW,NONE,0.01,0.0
2965,32Thn_L1_EW,32THN_EW,0.008,0.003
2965,304Nvl_L3_EW,NONE,0.114,0.0
2965,32Nvl_L3_EW,NONE,0.006,0.0
2965,NvcMt_L2_EW,NVCMT_EW,0.103,0.1
2965,NvcCmt8_L1_EW,NVCCMT8_EW,0.008,-0.05
2970,304Nvl_L1_EW,304NVL_EW,0.144,0.144
2970,304Nvl_L2_EW,304NVL_EW,0.123,0.123
2970,32Nvl_L1_EW,32NVL_EW,0.007,0.007
2970,32Nvl_L2_EW,32NVL_EW,0.008,0.008
2970,32Mt_L1_EW,NONE,0.022,0.0
2970,32Mt_L3_EW,NONE,0.009,0.0
2970,NvcMt_L1_EW,NVCMT_EW,0.083,0.083
2970,NvcCmt8_L2_NS,NONE,0.129,0.0
2970,32Thn_L1_EW,NONE,0.019,0.0
2970,32Thn_L2_EW,NONE,0.01,0.0
2970,NvcCmt8_L1_NS,NONE,0.093,0.0
2970,32Thn_L3_EW,NONE,0.007,0.0
2970,304Nvl_L3_EW,NONE,0.108,0.0
2970,32Nvl_L3_EW,NONE,0.006,0.0
2970,32Mt_L2_EW,NONE,0.015,0.0
2970,NvcMt_L2_EW,NVCMT_EW,0.103,0.103
2975,304Nvl_L1_EW,304NVL_EW,0.008,0.008
2975,304Nvl_L1_NS,NONE,0.036,0.0
2975,32Nvl_L3_NS,NONE,0.008,0.0
2975,32Nvl_L2_NS,32NVL_NS,0.016,0.016
2975,32Mt_L1_NS,NONE,0.01,0.0
2975,NvcCmt8_L2_NS,NONE,0.129,0.0
2975,32Thn_L1_EW,32THN_EW,0.008,0.008
2975,NvcCmt8_L1_NS,NONE,0.093,0.0
2975,32Nvl_L1_NS,32NVL_NS,0.013,0.013
2975,NvcCmt8_L1_EW,NONE,0.006,0.0
2980,304Nvl_L1_EW,304NVL_EW,0.144,0.144
2980,304Nvl_L2_EW,304NVL_EW,0.123,0.123
2980,304Nvl_L1_NS,NONE,0.007,0.0
2980,32Nvl_L3_NS,NONE,0.017,0.0
2980,32Nvl_L2_NS,32NVL_NS,0.016,0.016
2980,NvcNvl_L1_EW,NVCNVL_EW,0.007,0.007
2980,NvcNvl_L2_EW,NVCNVL_EW,0.008,0.008
2980,32Mt_L1_NS,NONE,0.01,0.0
2980,NvcCmt8_L2_NS,NONE,0.129,0.0
2980,32Thn_L1_EW,NONE,0.01,0.0
2980,32Thn_L2_EW,NONE,0.01,0.0
2980,NvcCmt8_L1_NS,NONE,0.093,0.0
2980,32Thn_L3_EW,NONE,0.007,0.0
2980,304Nvl_L3_EW,NONE,0.108,0.0
2980,32Nvl_L1_NS,32NVL_NS,0.013,0.013
2985,304Nvl_L1_EW,304NVL_EW,0.051,0.051
2985,304Nvl_L2_EW,304NVL_EW,0.044,0.044
2985,304Nvl_L1_NS,NONE,0.007,0.0
2985,32Nvl_L3_NS,NONE,0.017,0.0
2985,32Nvl_L2_NS,32NVL_NS,0.016,0.016
2985,NvcNvl_L1_EW,NVCNVL_EW,0.007,0.007
2985,NvcNvl_L2_EW,NVCNVL_EW,0.008,0.006
2985,32Mt_L1_EW,32MT_EW,0.007,0.007
2985,NvcMt_L2_NS,NONE,0.005,0.0
2985,NvcMt_L2_EW,NVCMT_EW,0.003,-0.003
2985,NvcMt_L1_NS,NVCMT_NS,0.007,0.007
2985,32Thn_L1_EW,32THN_EW,0.008,0.008
2985,304Nvl_L3_EW,NONE,0.038,0.0
2985,32Nvl_L1_NS,32NVL_NS,0.013,0.013
2985,NvcNvl_L3_EW,NONE,0.009,0.0
2985,32Mt_L2_EW,32MT_EW,0.005,0.005
2985,NvcMt_L1_NS,NONE,0.005,0.0
2985,NvcMt_L1_EW,NVCMT_EW,0.006,0.001
2985,NvcMt_L2_NS,NVCMT_NS,0.005,0.005
2990,304Nvl_L1_EW,304NVL_EW,0.025,0.025
2990,304Nvl_L2_EW,304NVL_EW,0.015,0.015
2990,304Nvl_L1_NS,NONE,0.088,0.0
2990,32Nvl_L1_EW,32NVL_EW,0.007,0.007
2990,32Nvl_L2_EW,32NVL_EW,0.008,0.008
2990,32Nvl_L3_NS,NONE,0.017,0.0
2990,32Nvl_L2_NS,32NVL_NS,0.016,0.016
2990,NvcNvl_L3_NS,NONE,0.014,0.0
2990,NvcNvl_L2_NS,NONE,0.013,0.0
2990,32Mt_L1_EW,NONE,0.007,0.0
2990,32Mt_L3_EW,NONE,0.009,0.0
2990,NvcMt_L1_NS,NVCMT_NS,0.007,0.007
2990,304Nvl_L3_EW,NONE,0.013,0.0
2990,32Nvl_L3_EW,NONE,0.006,0.0
2990,32Nvl_L1_NS,32NVL_NS,0.013,0.013
2990,NvcNvl_L1_NS,NONE,0.017,0.0
2990,32Mt_L2_EW,NONE,0.008,0.0
2990,NvcMt_L2_NS,NVCMT_NS,0.005,0.005
2995,304Nvl_L1_NS,304NVL_NS,0.009,0.009
2995,304Nvl_L3_NS,NONE,0.007,0.0
2995,304Nvl_L1_EW,304NVL_EW,0.008,0.008
2995,304Nvl_L1_NS,NONE,0.131,0.0
2995,32Nvl_L1_EW,32NVL_EW,0.007,0.007
2995,32Nvl_L2_EW,32NVL_EW,0.008,0.008
2995,32Nvl_L3_NS,NONE,0.017,0.0
2995,32Nvl_L2_NS,32NVL_NS,0.016,0.01
2995,32Mt_L1_EW,NONE,0.007,0.0
2995,NvcMt_L1_EW,NVCMT_EW,0.006,0.006
2995,NvcMt_L1_NS,NVCMT_NS,0.007,0.007
2995,304Nvl_L2_NS,304NVL_NS,0.008,-0.003
2995,32Nvl_L3_EW,NONE,0.006,0.0
2995,32Nvl_L1_NS,32NVL_NS,0.013,0.007
2995,32Mt_L2_EW,NONE,0.008,0.0
2995,NvcMt_L2_EW,NVCMT_EW,0.008,0.008
2995,NvcMt_L2_NS,NVCMT_NS,0.005,0.005
3000,304Nvl_L1_NS,304NVL_NS,0.018,0.018
3000,304Nvl_L3_NS,NONE,0.015,0.0
3000,304Nvl_L1_EW,304NVL_EW,0.102,0.102
3000,304Nvl_L1_NS,NONE,0.022,0.0
3000,32Nvl_L3_NS,NONE,0.025,0.0
3000,32Nvl_L2_NS,32NVL_NS,0.024,0.013
3000,NvcNvl_L1_EW,NVCNVL_EW,0.014,0.014
3000,NvcNvl_L2_EW,NVCNVL_EW,0.008,0.008
3000,32Mt_L1_EW,NONE,0.007,0.0
3000,32Mt_L3_EW,NONE,0.009,0.0
3000,32Mt_L1_EW,32MT_EW,0.007,0.007
3000,32Mt_L1_NS,NONE,0.01,0.0
3000,NvcMt_L1_NS,NVCMT_NS,0.007,0.007
3000,32Thn_L1_EW,32THN_EW,0.008,0.008
3000,32Thn_L2_EW,32THN_EW,0.008,0.008
3000,32Thn_L3_EW,NONE,0.008,0.0
3000,304Nvl_L2_NS,304NVL_NS,0.015,-0.001
3000,32Nvl_L1_NS,32NVL_NS,0.034,0.021
3000,NvcNvl_L3_EW,NONE,0.009,0.0
3000,32Mt_L2_EW,NONE,0.008,0.0
3000,32Mt_L2_NS,NONE,0.009,0.0
3000,NvcMt_L2_NS,NVCMT_NS,0.005,0.005
3005,304Nvl_L1_NS,304NVL_NS,0.018,0.018
3005,304Nvl_L3_NS,NONE,0.015,0.0
3005,304Nvl_L1_EW,304NVL_EW,0.017,0.017
3005,304Nvl_L2_EW,304NVL_EW,0.015,0.015
3005,32Nvl_L3_NS,NONE,0.025,0.0
3005,32Nvl_L2_NS,32NVL_NS,0.024,0.013
3005,NvcNvl_L1_EW,NVCNVL_EW,0.007,0.007
3005,NvcNvl_L2_EW,NVCNVL_EW,0.008,0.006
3005,32Mt_L1_NS,32MT_NS,0.006,0.001
3005,NvcMt_L2_EW,NVCMT_EW,0.003,-0.003
3005,NvcMt_L1_NS,NVCMT_NS,0.007,0.002
3005,32Thn_L1_EW,NONE,0.01,0.0
3005,304Nvl_L2_NS,304NVL_NS,0.015,-0.001
3005,304Nvl_L3_EW,NONE,0.013,0.0
3005,32Nvl_L1_NS,32NVL_NS,0.034,0.021
3005,NvcNvl_L3_EW,NONE,0.009,0.0
3005,NvcMt_L1_EW,NVCMT_EW,0.006,0.001
3005,NvcMt_L2_NS,NVCMT_NS,0.005,0.005
3010,304Nvl_L1_NS,304NVL_NS,0.018,-0.006
3010,304Nvl_L3_NS,NONE,0.015,0.0
3010,304Nvl_L1_EW,304NVL_EW,0.008,0.008
3010,304Nvl_L2_EW,304NVL_EW,0.007,0.007
3010,32Nvl_L3_NS,NONE,0.034,0.0
3010,32Nvl_L1_NS,32NVL_NS,0.035,0.022
3010,32Nvl_L1_EW,32NVL_EW,0.007,0.007
3010,32Nvl_L2_EW,32NVL_EW,0.008,0.008
3010,32Nvl_L3_NS,NONE,0.025,0.0
3010,32Nvl_L2_NS,32NVL_NS,0.024,0.013
3010,NvcNvl_L3_NS,NONE,0.007,0.0
3010,NvcNvl_L2_NS,NONE,0.007,0.0
3010,32Mt_L1_NS,32MT_NS,0.006,0.001
3010,32Mt_L1_EW,NONE,0.007,0.0
3010,32Mt_L1_NS,NONE,0.02,0.0
3010,NvcMt_L1_NS,NVCMT_NS,0.007,0.002
3010,304Nvl_L2_NS,304NVL_NS,0.015,-0.001
3010,304Nvl_L3_EW,NONE,0.006,0.0
3010,32Nvl_L2_NS,32NVL_NS,0.04,0.029
3010,32Nvl_L3_EW,NONE,0.006,0.0
3010,32Nvl_L1_NS,32NVL_NS,0.027,0.014
3010,NvcNvl_L1_NS,NONE,0.009,0.0
3010,32Mt_L2_NS,NONE,0.017,0.0
3010,NvcMt_L2_NS,NVCMT_NS,0.005,0.005
3015,304Nvl_L1_NS,304NVL_NS,0.018,-0.021
3015,304Nvl_L3_NS,NONE,0.015,0.0
3015,304Nvl_L1_EW,304NVL_EW,0.008,0.008
3015,304Nvl_L2_EW,304NVL_EW,0.007,0.007
3015,304Nvl_L1_NS,NONE,0.007,0.0
3015,32Nvl_L3_NS,NONE,0.02,0.0
3015,32Nvl_L1_NS,32NVL_NS,0.055,0.043
3015,32Nvl_L1_EW,32NVL_EW,0.007,0.007
3015,32Nvl_L2_EW,32NVL_EW,0.008,0.008
3015,32Nvl_L3_NS,NONE,0.025,0.0
3015,32Nvl_L2_NS,32NVL_NS,0.024,0.013
3015,NvcNvl_L1_EW,NVCNVL_EW,0.007,0.007
3015,NvcNvl_L2_EW,NVCNVL_EW,0.008,0.008
3015,32Mt_L1_NS,32MT_NS,0.006,0.001
3015,32Mt_L1_EW,NONE,0.014,0.0
3015,32Mt_L3_EW,NONE,0.009,0.0
3015,32Mt_L1_NS,NONE,0.01,0.0
3015,NvcMt_L1_NS,NVCMT_NS,0.007,0.002
3015,NvcCmt8_L1_NS,NONE,0.008,0.0
3015,304Nvl_L2_NS,304NVL_NS,0.015,-0.001
3015,304Nvl_L3_EW,NONE,0.006,0.0
3015,32Nvl_L2_NS,32NVL_NS,0.053,0.043
3015,32Nvl_L3_EW,NONE,0.006,0.0
3015,32Nvl_L1_NS,32NVL_NS,0.02,0.007
3015,NvcNvl_L3_EW,NONE,0.009,0.0
3015,32Mt_L2_EW,NONE,0.008,0.0
3015,32Mt_L2_NS,NONE,0.009,0.0
3015,NvcMt_L2_NS,NVCMT_NS,0.005,0.005
3020,304Nvl_L1_NS,304NVL_NS,0.018,-0.025
3020,304Nvl_L3_NS,NONE,0.015,0.0
3020,304Nvl_L1_EW,304NVL_EW,0.017,0.017
3020,304Nvl_L2_EW,304NVL_EW,0.007,0.007
3020,304Nvl_L1_NS,NONE,0.007,0.0
3020,32Nvl_L3_NS,NONE,0.02,0.0
3020,32Nvl_L1_NS,32NVL_NS,0.062,0.05
3020,32Nvl_L1_EW,32NVL_EW,0.007,0.002
3020,32Nvl_L2_EW,32NVL_EW,0.007,0.004
3020,32Nvl_L3_NS,NONE,0.033,0.0
3020,32Nvl_L2_NS,32NVL_NS,0.032,0.021
3020,32Mt_L1_EW,NONE,0.014,0.0
3020,32Mt_L3_EW,NONE,0.009,0.0
3020,32Mt_L1_EW,32MT_EW,0.007,0.007
3020,32Mt_L1_NS,NONE,0.01,0.0
3020,NvcMt_L2_NS,NONE,0.005,0.0
3020,NvcMt_L1_EW,NVCMT_EW,0.006,0.006
3020,NvcMt_L1_NS,NVCMT_NS,0.007,0.007
3020,NvcCmt8_L1_NS,NONE,0.008,0.0
3020,304Nvl_L2_NS,304NVL_NS,0.015,-0.007
3020,304Nvl_L3_EW,NONE,0.006,0.0
3020,32Nvl_L2_NS,32NVL_NS,0.06,0.049
3020,32Nvl_L3_EW,NONE,0.006,0.0
3020,32Nvl_L1_NS,32NVL_NS,0.034,0.021
3020,32Mt_L2_EW,NONE,0.008,0.0
3020,32Mt_L2_EW,32MT_EW,0.005,0.005
3020,32Mt_L2_NS,NONE,0.009,0.0
3020,NvcMt_L1_NS,NONE,0.005,0.0
3020,NvcMt_L2_EW,NVCMT_EW,0.008,0.008
3020,NvcMt_L2_NS,NVCMT_NS,0.005,0.005
3025,304Nvl_L1_NS,304NVL_NS,0.018,-0.103
3025,304Nvl_L3_NS,NONE,0.015,0.0
3025,304Nvl_L1_EW,304NVL_EW,0.017,0.017
3025,304Nvl_L2_EW,304NVL_EW,0.015,0.015
3025,32Nvl_L3_NS,NONE,0.095,0.0
3025,32Nvl_L1_NS,32NVL_NS,0.173,0.16
3025,32Nvl_L3_NS,NONE,0.075,0.0
3025,32Nvl_L2_NS,32NVL_NS,0.071,0.06
3025,NvcNvl_L3_NS,NONE,0.007,0.0
3025,NvcNvl_L2_NS,NONE,0.007,0.0
3025,32Mt_L1_NS,32MT_NS,0.006,0.001
3025,32Mt_L1_EW,32MT_EW,0.014,0.014
3025,32Mt_L1_NS,NONE,0.01,0.0
3025,NvcMt_L1_NS,NVCMT_NS,0.007,0.002
3025,304Nvl_L2_NS,304NVL_NS,0.015,-0.035
3025,304Nvl_L3_EW,NONE,0.013,0.0
3025,32Nvl_L2_NS,32NVL_NS,0.167,0.156
3025,32Nvl_L1_NS,32NVL_NS,0.074,0.061
3025,NvcNvl_L1_NS,NONE,0.009,0.0
3025,32Mt_L2_EW,32MT_EW,0.005,0.005
3025,NvcMt_L2_NS,NVCMT_NS,0.005,0.005
3030,304Thn_L1_EW,304THN_EW,0.008,0.002
3030,304Thn_L3_EW,NONE,0.008,0.0
3030,304Nvl_L1_EW,304NVL_EW,0.008,0.003
3030,304Nvl_L2_EW,304NVL_EW,0.007,0.002
3030,304Nvl_L1_NS,NONE,0.007,0.0
3030,32Nvl_L3_NS,NONE,0.068,0.0
3030,32Nvl_L1_NS,32NVL_NS,0.187,0.187
3030,32Nvl_L3_NS,NONE,0.067,0.0
3030,32Nvl_L2_NS,32NVL_NS,0.071,0.071
3030,NvcNvl_L1_EW,NONE,0.064,0.0
3030,NvcNvl_L2_EW,NONE,0.046,0.0
3030,32Mt_L1_NS,32MT_NS,0.013,0.013
3030,32Mt_L1_EW,32MT_EW,0.007,0.007
3030,32Mt_L1_NS,NONE,0.02,0.0
3030,304Nvl_L3_EW,NONE,0.006,0.0
3030,32Nvl_L2_NS,32NVL_NS,0.18,0.18
3030,32Nvl_L1_NS,32NVL_NS,0.067,0.067
3030,NvcNvl_L3_EW,NONE,0.032,0.0
3030,32Mt_L2_EW,32MT_EW,0.005,0.005
3030,32Mt_L2_NS,NONE,0.009,0.0
3030,304Thn_L2_EW,304THN_EW,0.007,0.002
3035,304Thn_L1_EW,304THN_EW,0.008,-0.01
3035,304Thn_L3_EW,NONE,0.008,0.0
3035,304Nvl_L1_EW,304NVL_EW,0.025,0.02
3035,304Nvl_L2_EW,304NVL_EW,0.022,0.017
3035,32Nvl_L3_NS,NONE,0.061,0.0
3035,32Nvl_L1_NS,32NVL_NS,0.187,0.187
3035,32Mt_L1_NS,32MT_NS,0.006,0.006
3035,32Mt_L1_NS,NONE,0.01,0.0
3035,304Nvl_L3_EW,NONE,0.019,0.0
3035,32Nvl_L2_NS,32NVL_NS,0.18,0.18
3035,32Nvl_L1_NS,32NVL_NS,0.007,0.007
3035,32Mt_L2_NS,NONE,0.009,0.0
3035,304Thn_L2_EW,304THN_EW,0.007,-0.008
3040,304Thn_L1_EW,304THN_EW,0.008,-0.027
3040,304Thn_L3_EW,NONE,0.008,0.0
3040,304Nvl_L1_EW,304NVL_EW,0.051,0.045
3040,304Nvl_L2_EW,304NVL_EW,0.029,0.024
3040,304Nvl_L1_NS,NONE,0.007,0.0
3040,32Nvl_L3_NS,NONE,0.014,0.0
3040,32Nvl_L1_NS,32NVL_NS,0.118,0.118
3040,NvcNvl_L1_EW,NVCNVL_EW,0.035,0.035
3040,32Mt_L1_NS,32MT_NS,0.006,0.006
3040,32Mt_L1_EW,NONE,0.007,0.0
3040,NvcMt_L2_EW,NVCMT_EW,0.003,0.003
3040,304Nvl_L3_EW,NONE,0.025,0.0
3040,32Nvl_L2_NS,32NVL_NS,0.107,0.107
3040,NvcMt_L1_EW,NVCMT_EW,0.006,-0.019
3040,304Thn_L2_EW,304THN_EW,0.007,-0.013
3045,304Nvl_L1_EW,304NVL_EW,0.017,0.017
3045,304Nvl_L2_EW,304NVL_EW,0.007,0.007
3045,304Nvl_L1_NS,NONE,0.007,0.0
3045,32Nvl_L3_NS,NONE,0.007,0.0
3045,32Nvl_L1_NS,32NVL_NS,0.055,0.055
3045,32Nvl_L1_EW,32NVL_EW,0.007,0.007
3045,32Nvl_L2_EW,32NVL_EW,0.008,0.008
3045,32Nvl_L3_NS,NONE,0.042,0.0
3045,32Nvl_L2_NS,32NVL_NS,0.039,0.039
3045,NvcNvl_L1_EW,NONE,0.011,0.0
3045,NvcNvl_L2_EW,NONE,0.008,0.0
3045,NvcNvl_L1_EW,NVCNVL_EW,0.035,0.031
3045,NvcMt_L1_EW,NVCMT_EW,0.006,-0.018
3045,NvcMt_L2_EW,NVCMT_EW,0.003,0.003
3045,304Nvl_L3_EW,NONE,0.006,0.0
3045,32Nvl_L2_NS,32NVL_NS,0.013,0.013
3045,32Nvl_L3_EW,NONE,0.006,0.0
3045,32Nvl_L1_NS,32NVL_NS,0.04,0.04
3045,NvcNvl_L3_EW,NONE,0.006,0.0
3045,NvcMt_L2_EW,NVCMT_EW,0.008,0.008
3045,NvcMt_L1_EW,NVCMT_EW,0.006,-0.019
3050,32Nvl_L1_NS,32NVL_NS,0.035,0.035
3050,32Nvl_L1_EW,32NVL_EW,0.007,0.002
3050,32Nvl_L2_EW,32NVL_EW,0.008,0.004
3050,32Nvl_L3_NS,NONE,0.092,0.0
3050,32Nvl_L2_NS,32NVL_NS,0.087,0.087
3050,NvcNvl_L3_NS,NONE,0.007,0.0
3050,NvcNvl_L2_NS,NONE,0.007,0.0
3050,NvcNvl_L1_EW,NVCNVL_EW,0.035,0.031
3050,32Mt_L1_EW,32MT_EW,0.007,0.002
3050,NvcMt_L1_EW,NVCMT_EW,0.006,-0.018
3050,NvcMt_L2_EW,NVCMT_EW,0.003,0.003
3050,32Nvl_L3_EW,NONE,0.006,0.0
3050,32Nvl_L1_NS,32NVL_NS,0.114,0.114
3050,NvcNvl_L1_NS,NONE,0.009,0.0
3050,32Mt_L2_EW,32MT_EW,0.005,0.0
3050,NvcMt_L2_EW,NVCMT_EW,0.008,0.008
3050,NvcMt_L1_EW,NVCMT_EW,0.006,-0.019
3055,304Nvl_L1_EW,304NVL_EW,0.008,0.008
3055,304Nvl_L1_NS,NONE,0.007,0.0
3055,32Nvl_L3_NS,NONE,0.007,0.0
3055,32Nvl_L1_NS,32NVL_NS,0.007,0.007
3055,32Nvl_L1_EW,32NVL_EW,0.007,0.002
3055,32Nvl_L2_EW,32NVL_EW,0.008,0.004
3055,32Nvl_L1_EW,32NVL_EW,0.007,0.002
3055,32Nvl_L2_EW,32NVL_EW,0.007,0.004
3055,32Nvl_L3_NS,NONE,0.008,0.0
3055,32Nvl_L2_NS,32NVL_NS,0.008,0.008
3055,NvcNvl_L1_EW,NVCNVL_EW,0.007,0.003
3055,32Mt_L1_EW,32MT_EW,0.007,0.002
3055,NvcMt_L1_EW,NVCMT_EW,0.006,0.001
3055,32Nvl_L2_NS,32NVL_NS,0.007,0.007
3055,32Nvl_L3_EW,NONE,0.006,0.0
3055,32Nvl_L3_EW,NONE,0.006,0.0
3055,32Nvl_L1_NS,32NVL_NS,0.054,0.054
3055,32Mt_L2_EW,32MT_EW,0.005,0.0
3055,NvcMt_L2_EW,NVCMT_EW,0.008,0.008
3060,304Nvl_L1_NS,304NVL_NS,0.009,0.004
3060,304Nvl_L1_NS,NONE,0.007,0.0
3060,32Nvl_L1_NS,32NVL_NS,0.007,0.001
3060,32Nvl_L1_EW,32NVL_EW,0.007,-0.003
3060,32Nvl_L2_EW,32NVL_EW,0.008,0.0
3060,32Nvl_L1_EW,32NVL_EW,0.04,0.031
3060,32Nvl_L2_EW,32NVL_EW,0.007,0.0
3060,32Nvl_L3_NS,NONE,0.008,0.0
3060,32Nvl_L2_NS,32NVL_NS,0.016,0.016
3060,NvcNvl_L3_NS,NONE,0.007,0.0
3060,NvcNvl_L2_NS,NONE,0.007,0.0
3060,NvcNvl_L1_EW,NONE,0.011,0.0
3060,NvcNvl_L1_EW,NVCNVL_EW,0.042,0.038
3060,NvcNvl_L2_EW,NVCNVL_EW,0.039,0.039
3060,32Mt_L1_EW,NONE,0.007,0.0
3060,32Mt_L3_EW,NONE,0.009,0.0
3060,32Mt_L1_EW,32MT_EW,0.014,0.009
3060,32Mt_L1_NS,NONE,0.01,0.0
3060,NvcMt_L1_EW,NVCMT_EW,0.006,-0.023
3060,32Nvl_L2_NS,32NVL_NS,0.007,0.007
3060,32Nvl_L3_EW,NONE,0.006,0.0
3060,32Nvl_L3_EW,NONE,0.006,0.0
3060,32Nvl_L1_NS,32NVL_NS,0.034,0.027
3060,NvcNvl_L1_NS,NONE,0.009,0.0
3060,NvcNvl_L3_EW,NONE,0.047,0.0
3060,32Mt_L2_EW,NONE,0.008,0.0
3060,32Mt_L2_EW,32MT_EW,0.011,0.005
3060,32Mt_L2_NS,NONE,0.009,0.0
3060,NvcMt_L2_EW,NVCMT_EW,0.008,-0.019
3065,304Nvl_L1_NS,304NVL_NS,0.009,0.009
3065,304Nvl_L1_NS,NONE,0.015,0.0
3065,304Nvl_L3_NS,NONE,0.008,0.0
3065,32Nvl_L1_EW,32NVL_EW,0.042,0.033
3065,32Nvl_L2_EW,32NVL_EW,0.046,0.039
3065,32Nvl_L1_EW,32NVL_EW,0.007,-0.003
3065,32Nvl_L2_EW,32NVL_EW,0.007,0.0
3065,32Nvl_L3_NS,NONE,0.017,0.0
3065,32Nvl_L2_NS,32NVL_NS,0.016,0.016
3065,NvcNvl_L3_NS,NONE,0.007,0.0
3065,NvcNvl_L2_NS,NONE,0.007,0.0
3065,NvcNvl_L1_EW,NVCNVL_EW,0.042,0.042
3065,NvcNvl_L2_EW,NVCNVL_EW,0.039,0.037
3065,32Mt_L1_EW,NONE,0.007,0.0
3065,32Mt_L3_EW,NONE,0.009,0.0
3065,32Mt_L1_EW,32MT_EW,0.014,-0.016
3065,NvcMt_L2_EW,NVCMT_EW,0.003,-0.025
3065,304Nvl_L2_NS,NONE,0.007,0.0
3065,32Nvl_L3_EW,NONE,0.006,0.0
3065,32Nvl_L3_EW,NONE,0.038,0.0
3065,32Nvl_L1_NS,32NVL_NS,0.02,0.014
3065,NvcNvl_L1_NS,NONE,0.009,0.0
3065,NvcNvl_L3_EW,NONE,0.047,0.0
3065,32Mt_L2_EW,NONE,0.008,0.0
3065,32Mt_L2_EW,32MT_EW,0.011,-0.022
3065,NvcMt_L1_EW,NVCMT_EW,0.006,-0.024
3070,304Nvl_L1_NS,304NVL_NS,0.009,0.004
3070,304Nvl_L1_NS,NONE,0.015,0.0
3070,304Nvl_L3_NS,NONE,0.008,0.0
3070,32Nvl_L3_NS,NONE,0.007,0.0
3070,32Nvl_L1_NS,32NVL_NS,0.007,0.001
3070,32Nvl_L1_EW,32NVL_EW,0.042,0.023
3070,32Nvl_L2_EW,32NVL_EW,0.046,0.035
3070,32Nvl_L1_EW,32NVL_EW,0.007,-0.013
3070,32Nvl_L2_EW,32NVL_EW,0.007,-0.004
3070,32Nvl_L3_NS,NONE,0.042,0.0
3070,32Nvl_L2_NS,32NVL_NS,0.039,0.039
3070,NvcNvl_L1_EW,NVCNVL_EW,0.042,0.042
3070,NvcNvl_L2_EW,NVCNVL_EW,0.039,0.037
3070,32Mt_L1_EW,32MT_EW,0.028,-0.002
3070,NvcMt_L2_EW,NVCMT_EW,0.003,-0.025
3070,304Nvl_L2_NS,NONE,0.015,0.0
3070,32Nvl_L2_NS,32NVL_NS,0.007,0.007
3070,32Nvl_L3_EW,NONE,0.006,0.0
3070,32Nvl_L3_EW,NONE,0.038,0.0
3070,32Nvl_L1_NS,32NVL_NS,0.034,0.027
3070,NvcNvl_L3_EW,NONE,0.047,0.0
3070,32Mt_L2_EW,32MT_EW,0.016,-0.016
3070,NvcMt_L1_EW,NVCMT_EW,0.006,-0.024
3075,304Nvl_L1_EW,304NVL_EW,0.017,0.017
3075,304Nvl_L2_EW,304NVL_EW,0.007,0.007
3075,304Nvl_L1_NS,NONE,0.007,0.0
3075,304Nvl_L3_NS,NONE,0.008,0.0
3075,32Nvl_L1_NS,32NVL_NS,0.007,0.007
3075,32Nvl_L1_EW,32NVL_EW,0.007,-0.017
3075,32Nvl_L2_EW,32NVL_EW,0.008,-0.008
3075,32Nvl_L1_EW,32NVL_EW,0.007,-0.018
3075,32Nvl_L2_EW,32NVL_EW,0.007,-0.008
3075,NvcNvl_L1_EW,NVCNVL_EW,0.042,0.042
3075,NvcNvl_L2_EW,NVCNVL_EW,0.039,0.037
3075,32Mt_L1_EW,NONE,0.036,0.0
3075,32Mt_L3_EW,NONE,0.044,0.0
3075,32Mt_L1_EW,32MT_EW,0.035,0.03
3075,32Mt_L1_NS,NONE,0.01,0.0
3075,NvcMt_L2_EW,NVCMT_EW,0.003,-0.028
3075,NvcCmt8_L2_EW,NVCCMT8_EW,0.005,0.003
3075,304Nvl_L3_EW,NONE,0.006,0.0
3075,304Nvl_L2_NS,NONE,0.007,0.0
3075,32Nvl_L2_NS,32NVL_NS,0.007,0.007
3075,32Nvl_L3_EW,NONE,0.006,0.0
3075,32Nvl_L3_EW,NONE,0.006,0.0
3075,NvcNvl_L3_EW,NONE,0.047,0.0
3075,32Mt_L2_EW,NONE,0.038,0.0
3075,32Mt_L2_EW,32MT_EW,0.022,0.016
3075,NvcMt_L1_EW,NVCMT_EW,0.006,-0.029
3075,NvcCmt8_L1_EW,NVCCMT8_EW,0.008,0.008
3080,304Nvl_L1_EW,304NVL_EW,0.008,0.008
3080,304Nvl_L1_NS,NONE,0.036,0.0
3080,304Nvl_L3_NS,NONE,0.04,0.0
3080,32Nvl_L3_NS,NONE,0.007,0.0
3080,32Nvl_L1_NS,32NVL_NS,0.007,0.007
3080,32Nvl_L1_EW,32NVL_EW,0.007,-0.022
3080,32Nvl_L2_EW,32NVL_EW,0.008,-0.015
3080,32Nvl_L1_EW,32NVL_EW,0.007,-0.023
3080,32Nvl_L2_EW,32NVL_EW,0.007,-0.015
3080,NvcNvl_L1_EW,NVCNVL_EW,0.042,0.042
3080,NvcNvl_L2_EW,NVCNVL_EW,0.039,0.039
3080,32Mt_L1_EW,NONE,0.007,0.0
3080,32Mt_L3_EW,NONE,0.009,0.0
3080,32Mt_L1_EW,32MT_EW,0.042,0.037
3080,32Mt_L1_NS,NONE,0.01,0.0
3080,NvcCmt8_L2_EW,NVCCMT8_EW,0.005,0.005
3080,NvcCmt8_L2_NS,NONE,0.011,0.0
3080,NvcCmt8_L1_NS,NONE,0.008,0.0
3080,304Nvl_L2_NS,NONE,0.037,0.0
3080,32Nvl_L2_NS,32NVL_NS,0.007,0.007
3080,32Nvl_L3_EW,NONE,0.006,0.0
3080,32Nvl_L3_EW,NONE,0.006,0.0
3080,32Nvl_L1_NS,32NVL_NS,0.04,0.04
3080,NvcNvl_L3_EW,NONE,0.047,0.0
3080,32Mt_L2_EW,NONE,0.008,0.0
3080,32Mt_L2_EW,32MT_EW,0.033,0.027
3080,32Mt_L2_NS,NONE,0.009,0.0
3080,NvcCmt8_L1_EW,NVCCMT8_EW,0.008,0.008
3085,304Nvl_L1_EW,304NVL_EW,0.017,0.017
3085,304Nvl_L2_EW,304NVL_EW,0.007,0.007
3085,304Nvl_L1_NS,NONE,0.007,0.0
3085,32Nvl_L1_EW,32NVL_EW,0.007,-0.017
3085,32Nvl_L2_EW,32NVL_EW,0.008,-0.011
3085,32Nvl_L1_EW,32NVL_EW,0.007,-0.018
3085,32Nvl_L2_EW,32NVL_EW,0.007,-0.012
3085,NvcNvl_L3_NS,NONE,0.014,0.0
3085,NvcNvl_L2_NS,NONE,0.013,0.0
3085,32Mt_L1_EW,32MT_EW,0.035,0.03
3085,32Mt_L1_NS,NONE,0.049,0.0
3085,NvcCmt8_L2_EW,NVCCMT8_EW,0.005,0.005
3085,304Nvl_L3_EW,NONE,0.006,0.0
3085,32Nvl_L3_EW,NONE,0.006,0.0
3085,32Nvl_L3_EW,NONE,0.006,0.0
3085,32Nvl_L1_NS,32NVL_NS,0.007,0.007
3085,NvcNvl_L1_NS,NONE,0.017,0.0
3085,32Mt_L2_EW,32MT_EW,0.027,0.022
3085,NvcCmt8_L1_EW,NVCCMT8_EW,0.008,0.008
3090,304Nvl_L1_EW,304NVL_EW,0.008,0.008
3090,304Nvl_L2_EW,304NVL_EW,0.007,0.007
3090,304Nvl_L1_NS,NONE,0.007,0.0
3090,32Nvl_L3_NS,NONE,0.007,0.0
3090,32Nvl_L1_NS,32NVL_NS,0.007,0.007
3090,32Nvl_L1_EW,32NVL_EW,0.007,-0.008
3090,32Nvl_L2_EW,32NVL_EW,0.008,0.004
3090,32Nvl_L1_EW,32NVL_EW,0.007,-0.008
3090,32Nvl_L2_EW,32NVL_EW,0.007,0.004
3090,NvcNvl_L3_NS,NONE,0.007,0.0
3090,NvcNvl_L2_NS,NONE,0.007,0.0
3090,32Mt_L1_EW,32MT_EW,0.021,0.016
3090,32Mt_L1_NS,NONE,0.01,0.0
3090,NvcMt_L2_NS,NONE,0.011,0.0
3090,304Nvl_L3_EW,NONE,0.006,0.0
3090,32Nvl_L2_NS,32NVL_NS,0.007,0.007
3090,32Nvl_L3_EW,NONE,0.006,0.0
3090,32Nvl_L3_EW,NONE,0.006,0.0
3090,32Nvl_L1_NS,32NVL_NS,0.007,0.007
3090,NvcNvl_L1_NS,NONE,0.009,0.0
3090,32Mt_L2_EW,32MT_EW,0.005,0.0
3090,NvcMt_L1_NS,NONE,0.011,0.0
3095,304Nvl_L1_NS,304NVL_NS,0.045,0.045
3095,304Nvl_L1_EW,304NVL_EW,0.008,0.008
3095,304Nvl_L2_EW,304NVL_EW,0.007,0.007
3095,32Nvl_L1_EW,32NVL_EW,0.007,-0.003
3095,32Nvl_L2_EW,32NVL_EW,0.008,0.004
3095,32Nvl_L1_EW,32NVL_EW,0.007,-0.003
3095,32Nvl_L2_EW,32NVL_EW,0.007,0.004
3095,32Nvl_L3_NS,NONE,0.008,0.0
3095,32Nvl_L2_NS,32NVL_NS,0.008,0.008
3095,32Mt_L1_EW,32MT_EW,0.014,0.009
3095,304Nvl_L3_EW,NONE,0.006,0.0
3095,32Nvl_L3_EW,NONE,0.006,0.0
3095,32Nvl_L3_EW,NONE,0.006,0.0
3095,32Nvl_L1_NS,32NVL_NS,0.007,-0.025
3095,32Mt_L2_EW,32MT_EW,0.005,0.0
3095,NvcCmt8_L1_EW,NONE,0.006,0.0
3100,304Nvl_L1_NS,304NVL_NS,0.045,0.045
3100,304Nvl_L1_NS,NONE,0.007,0.0
3100,32Nvl_L1_EW,32NVL_EW,0.007,0.007
3100,32Nvl_L2_EW,32NVL_EW,0.008,0.008
3100,32Nvl_L1_EW,32NVL_EW,0.007,0.007
3100,32Nvl_L2_EW,32NVL_EW,0.007,0.007
3100,NvcNvl_L1_EW,NVCNVL_EW,0.014,0.014
3100,32Mt_L1_NS,32MT_NS,0.006,0.001
3100,32Mt_L1_EW,NONE,0.036,0.0
3100,NvcMt_L2_NS,NONE,0.011,0.0
3100,NvcMt_L1_NS,NVCMT_NS,0.007,0.002
3100,32Nvl_L3_EW,NONE,0.006,0.0
3100,32Nvl_L3_EW,NONE,0.006,0.0
3100,32Mt_L2_EW,NONE,0.038,0.0
3100,NvcMt_L1_NS,NONE,0.011,0.0
3100,NvcMt_L2_NS,NVCMT_NS,0.005,0.005
3105,304Nvl_L1_NS,304NVL_NS,0.045,0.036
3105,304Nvl_L1_EW,304NVL_EW,0.008,0.008
3105,304Nvl_L2_EW,304NVL_EW,0.007,0.007
3105,304Nvl_L1_NS,NONE,0.007,0.0
3105,32Nvl_L3_NS,NONE,0.007,0.0
3105,32Nvl_L1_NS,32NVL_NS,0.014,-0.018
3105,32Nvl_L1_EW,32NVL_EW,0.007,0.007
3105,32Nvl_L2_EW,32NVL_EW,0.008,0.008
3105,32Nvl_L1_EW,32NVL_EW,0.007,0.007
3105,32Nvl_L2_EW,32NVL_EW,0.007,0.007
3105,32Mt_L1_NS,32MT_NS,0.006,0.001
3105,32Mt_L1_EW,NONE,0.043,0.0
3105,32Mt_L3_EW,NONE,0.053,0.0
3105,NvcMt_L1_EW,NVCMT_EW,0.006,0.006
3105,NvcMt_L1_NS,NVCMT_NS,0.007,0.002
3105,304Nvl_L3_EW,NONE,0.006,0.0
3105,32Nvl_L2_NS,32NVL_NS,0.007,0.007
3105,32Nvl_L3_EW,NONE,0.006,0.0
3105,32Nvl_L3_EW,NONE,0.006,0.0
3105,32Mt_L2_EW,NONE,0.045,0.0
3105,NvcMt_L2_EW,NVCMT_EW,0.008,0.008
3105,NvcMt_L2_NS,NVCMT_NS,0.005,0.005
3110,32Nvl_L1_EW,32NVL_EW,0.007,0.007
3110,32Nvl_L2_EW,32NVL_EW,0.008,0.008
3110,32Nvl_L1_EW,32NVL_EW,0.007,0.007
3110,32Nvl_L2_EW,32NVL_EW,0.007,0.007
3110,32Mt_L1_EW,NONE,0.007,0.0
3110,NvcMt_L1_EW,NVCMT_EW,0.013,0.013
3110,NvcMt_L1_NS,NVCMT_NS,0.007,0.007
3110,32Nvl_L3_EW,NONE,0.006,0.0
3110,32Nvl_L3_EW,NONE,0.006,0.0
3110,NvcMt_L2_EW,NVCMT_EW,0.016,0.016
3110,NvcMt_L2_NS,NVCMT_NS,0.005,0.005
3115,304Nvl_L1_EW,304NVL_EW,0.008,0.008
3115,304Nvl_L1_EW,NONE,0.008,0.0
3115,304Nvl_L2_EW,NONE,0.009,0.0
3115,32Nvl_L3_NS,NONE,0.007,0.0
3115,32Nvl_L1_NS,32NVL_NS,0.007,0.007
3115,32Nvl_L1_EW,32NVL_EW,0.007,0.002
3115,32Nvl_L2_EW,32NVL_EW,0.008,0.004
3115,32Nvl_L1_EW,32NVL_EW,0.007,0.002
3115,32Nvl_L2_EW,32NVL_EW,0.007,0.004
3115,32Mt_L1_EW,32MT_EW,0.007,0.002
3115,32Mt_L1_NS,NONE,0.059,0.0
3115,NvcMt_L1_NS,NVCMT_NS,0.007,0.007
3115,304Nvl_L3_EW,NONE,0.008,0.0
3115,32Nvl_L2_NS,32NVL_NS,0.007,0.007
3115,32Nvl_L3_EW,NONE,0.006,0.0
3115,32Nvl_L3_EW,NONE,0.006,0.0
3115,32Mt_L2_EW,32MT_EW,0.005,0.0
3115,NvcMt_L2_NS,NVCMT_NS,0.005,0.005
3120,32Nvl_L1_EW,32NVL_EW,0.007,0.001
3120,32Nvl_L2_EW,32NVL_EW,0.008,0.002
3120,32Nvl_L1_EW,32NVL_EW,0.007,0.001
3120,32Nvl_L2_EW,32NVL_EW,0.007,0.002
3120,32Nvl_L3_NS,NONE,0.008,0.0
3120,32Nvl_L2_NS,32NVL_NS,0.008,0.008
3120,32Mt_L1_NS,NONE,0.01,0.0
3120,NvcMt_L1_NS,NVCMT_NS,0.007,0.007
3120,32Thn_L1_EW,32THN_EW,0.008,0.003
3120,32Thn_L2_EW,32THN_EW,0.008,0.003
3120,32Thn_L3_EW,NONE,0.008,0.0
3120,32Nvl_L3_EW,NONE,0.006,0.0
3120,32Nvl_L3_EW,NONE,0.006,0.0
3120,32Nvl_L1_NS,32NVL_NS,0.007,0.007
3120,32Mt_L2_NS,NONE,0.009,0.0
3120,NvcMt_L2_NS,NVCMT_NS,0.005,0.005
3125,304Nvl_L1_EW,304NVL_EW,0.008,0.008
3125,304Nvl_L1_NS,NONE,0.007,0.0
3125,304Nvl_L3_NS,NONE,0.008,0.0
3125,32Nvl_L3_NS,NONE,0.007,0.0
3125,32Nvl_L1_NS,32NVL_NS,0.014,0.014
3125,32Nvl_L1_EW,32NVL_EW,0.014,0.014
3125,32Nvl_L2_EW,32NVL_EW,0.015,0.015
3125,32Nvl_L1_EW,32NVL_EW,0.007,0.007
3125,32Nvl_L2_EW,32NVL_EW,0.007,0.007
3125,NvcNvl_L3_NS,NONE,0.007,0.0
3125,NvcNvl_L2_NS,NONE,0.007,0.0
3125,32Mt_L1_NS,32MT_NS,0.006,0.001
3125,32Mt_L1_EW,NONE,0.007,0.0
3125,NvcMt_L2_NS,NONE,0.011,0.0
3125,NvcMt_L1_NS,NVCMT_NS,0.007,0.002
3125,32Thn_L1_EW,NONE,0.01,0.0
3125,304Nvl_L2_NS,NONE,0.007,0.0
3125,32Nvl_L2_NS,32NVL_NS,0.013,0.013
3125,32Nvl_L3_EW,NONE,0.006,0.0
3125,32Nvl_L3_EW,NONE,0.013,0.0
3125,32Nvl_L1_NS,32NVL_NS,0.007,0.007
3125,NvcNvl_L1_NS,NONE,0.009,0.0
3125,NvcMt_L1_NS,NONE,0.011,0.0
3125,NvcMt_L2_NS,NVCMT_NS,0.005,0.005
3130,32Nvl_L1_EW,32NVL_EW,0.014,0.014
3130,32Nvl_L2_EW,32NVL_EW,0.015,0.015
3130,32Nvl_L1_EW,32NVL_EW,0.007,0.007
3130,32Nvl_L2_EW,32NVL_EW,0.007,0.007
3130,32Nvl_L3_NS,NONE,0.008,0.0
3130,32Nvl_L2_NS,32NVL_NS,0.008,0.008
3130,NvcNvl_L3_NS,NONE,0.007,0.0
3130,NvcNvl_L2_NS,NONE,0.007,0.0
3130,NvcNvl_L1_EW,NONE,0.011,0.0
3130,NvcNvl_L2_EW,NONE,0.008,0.0
3130,32Mt_L1_NS,32MT_NS,0.006,0.001
3130,NvcMt_L1_NS,NVCMT_NS,0.007,0.002
3130,32Nvl_L3_EW,NONE,0.006,0.0
3130,32Nvl_L3_EW,NONE,0.013,0.0
3130,32Nvl_L1_NS,32NVL_NS,0.007,0.007
3130,NvcNvl_L1_NS,NONE,0.009,0.0
3130,NvcNvl_L3_EW,NONE,0.006,0.0
3130,NvcMt_L2_NS,NVCMT_NS,0.005,0.005
3135,304Nvl_L1_EW,304NVL_EW,0.008,0.008
3135,32Nvl_L1_EW,32NVL_EW,0.05,0.05
3135,32Nvl_L2_EW,32NVL_EW,0.054,0.054
3135,32Nvl_L3_NS,NONE,0.033,0.0
3135,32Nvl_L2_NS,32NVL_NS,0.032,0.032
3135,NvcNvl_L3_NS,NONE,0.007,0.0
3135,NvcNvl_L2_NS,NONE,0.007,0.0
3135,32Mt_L1_NS,32MT_NS,0.006,0.001
3135,NvcMt_L1_NS,NVCMT_NS,0.007,0.002
3135,32Thn_L1_EW,NONE,0.049,0.0
3135,32Thn_L2_EW,NONE,0.051,0.0
3135,32Thn_L3_EW,NONE,0.035,0.0
3135,32Nvl_L3_EW,NONE,0.044,0.0
3135,32Nvl_L1_NS,32NVL_NS,0.034,0.034
3135,NvcNvl_L1_NS,NONE,0.009,0.0
3135,NvcMt_L2_NS,NVCMT_NS,0.005,0.005
3140,32Nvl_L1_EW,32NVL_EW,0.021,0.021
3140,32Nvl_L2_EW,32NVL_EW,0.023,0.023
3140,32Nvl_L3_NS,NONE,0.033,0.0
3140,32Nvl_L2_NS,32NVL_NS,0.032,0.032
3140,32Mt_L1_NS,NONE,0.01,0.0
3140,32Thn_L1_EW,NONE,0.049,0.0
3140,32Thn_L2_EW,NONE,0.051,0.0
3140,32Thn_L3_EW,NONE,0.035,0.0
3140,32Nvl_L3_EW,NONE,0.019,0.0
3140,32Nvl_L1_NS,32NVL_NS,0.04,0.04
3140,32Mt_L2_NS,NONE,0.009,0.0
3145,304Nvl_L1_EW,304NVL_EW,0.008,0.008
3145,304Nvl_L2_EW,304NVL_EW,0.007,0.007
3145,32Nvl_L1_EW,32NVL_EW,0.014,-0.019
3145,32Nvl_L2_EW,32NVL_EW,0.015,0.015
3145,32Nvl_L3_NS,NONE,0.042,0.0
3145,32Nvl_L2_NS,32NVL_NS,0.039,0.039
3145,NvcNvl_L1_EW,NONE,0.011,0.0
3145,NvcNvl_L2_EW,NONE,0.008,0.0
3145,32Mt_L1_EW,32MT_EW,0.007,-0.003
3145,32Thn_L1_EW,32THN_EW,0.04,0.03
3145,304Nvl_L3_EW,NONE,0.006,0.0
3145,32Nvl_L3_EW,NONE,0.013,0.0
3145,32Nvl_L1_NS,32NVL_NS,0.081,0.081
3145,NvcNvl_L3_EW,NONE,0.006,0.0
3150,304Nvl_L1_EW,304NVL_EW,0.008,0.008
3150,304Nvl_L2_EW,304NVL_EW,0.007,0.007
3150,32Nvl_L1_EW,32NVL_EW,0.007,-0.031
3150,32Nvl_L2_EW,32NVL_EW,0.008,0.008
3150,32Nvl_L3_NS,NONE,0.025,0.0
3150,32Nvl_L2_NS,32NVL_NS,0.024,0.024
3150,NvcNvl_L1_EW,NVCNVL_EW,0.007,-0.015
3150,NvcNvl_L2_EW,NVCNVL_EW,0.008,0.008
3150,32Mt_L1_EW,32MT_EW,0.014,0.009
3150,32Mt_L1_NS,NONE,0.127,0.0
3150,NvcMt_L1_EW,NVCMT_EW,0.032,0.027
3150,32Thn_L1_EW,32THN_EW,0.04,0.035
3150,304Nvl_L3_EW,NONE,0.006,0.0
3150,32Nvl_L3_EW,NONE,0.006,0.0
3150,32Nvl_L1_NS,32NVL_NS,0.067,0.067
3150,NvcNvl_L3_EW,NONE,0.009,0.0
3150,32Mt_L2_NS,NONE,0.113,0.0
3150,NvcMt_L2_EW,NVCMT_EW,0.04,0.034
3155,304Nvl_L1_EW,304NVL_EW,0.051,0.051
3155,304Nvl_L2_EW,304NVL_EW,0.044,0.044
3155,32Nvl_L1_EW,32NVL_EW,0.014,-0.029
3155,32Nvl_L2_EW,32NVL_EW,0.015,0.008
3155,NvcNvl_L2_NS,NONE,0.007,0.0
3155,32Mt_L1_NS,32MT_NS,0.006,0.006
3155,32Mt_L1_EW,32MT_EW,0.021,0.011
3155,32Mt_L1_NS,NONE,0.127,0.0
3155,NvcMt_L2_NS,NONE,0.011,0.0
3155,NvcMt_L1_EW,NVCMT_EW,0.032,0.032
3155,32Thn_L1_EW,32THN_EW,0.04,0.03
3155,304Nvl_L3_EW,NONE,0.038,0.0
3155,32Nvl_L3_EW,NONE,0.013,0.0
3155,32Nvl_L1_NS,32NVL_NS,0.007,0.007
3155,NvcNvl_L1_NS,NONE,0.009,0.0
3155,32Mt_L2_EW,32MT_EW,0.011,0.0
3155,32Mt_L2_NS,NONE,0.113,0.0
3155,NvcMt_L1_NS,NONE,0.011,0.0
3155,NvcMt_L2_EW,NVCMT_EW,0.04,0.04
3160,304Thn_L1_EW,304THN_EW,0.05,0.014
3160,304Thn_L3_EW,NONE,0.046,0.0
3160,304Nvl_L1_EW,304NVL_EW,0.051,0.016
3160,304Nvl_L2_EW,304NVL_EW,0.044,0.012
3160,32Nvl_L1_NS,32NVL_NS,0.007,0.007
3160,32Nvl_L1_EW,32NVL_EW,0.014,-0.005
3160,32Nvl_L2_EW,32NVL_EW,0.015,0.004
3160,NvcNvl_L2_NS,NONE,0.007,0.0
3160,32Mt_L1_EW,NONE,0.007,0.0
3160,32Mt_L3_EW,NONE,0.009,0.0
3160,32Mt_L1_EW,32MT_EW,0.028,0.018
3160,NvcMt_L2_NS,NONE,0.005,0.0
3160,NvcMt_L1_EW,NVCMT_EW,0.032,0.032
3160,NvcCmt8_L2_EW,NONE,0.007,0.0
3160,304Nvl_L3_EW,NONE,0.038,0.0
3160,32Nvl_L3_EW,NONE,0.013,0.0
3160,NvcNvl_L1_NS,NONE,0.009,0.0
3160,32Mt_L2_EW,NONE,0.008,0.0
3160,32Mt_L2_EW,32MT_EW,0.016,0.006
3160,NvcMt_L1_NS,NONE,0.005,0.0
3160,NvcMt_L2_EW,NVCMT_EW,0.04,0.04
3160,NvcCmt8_L1_EW,NONE,0.006,0.0
3160,304Thn_L2_EW,304THN_EW,0.044,0.014
3165,304Thn_L1_EW,304THN_EW,0.05,0.014
3165,304Thn_L3_EW,NONE,0.046,0.0
3165,304Nvl_L1_EW,304NVL_EW,0.051,0.016
3165,304Nvl_L2_EW,304NVL_EW,0.044,0.012
3165,32Nvl_L1_NS,32NVL_NS,0.014,0.014
3165,32Nvl_L1_EW,32NVL_EW,0.014,0.0
3165,32Nvl_L2_EW,32NVL_EW,0.015,0.004
3165,32Nvl_L1_EW,32NVL_EW,0.007,-0.008
3165,NvcNvl_L3_NS,NONE,0.048,0.0
3165,NvcNvl_L2_NS,NONE,0.046,0.0
3165,NvcNvl_L1_EW,NVCNVL_EW,0.007,-0.015
3165,NvcNvl_L2_EW,NVCNVL_EW,0.008,0.008
3165,32Mt_L1_NS,32MT_NS,0.006,0.006
3165,32Mt_L1_EW,NONE,0.086,0.0
3165,32Mt_L1_EW,32MT_EW,0.021,0.011
3165,NvcMt_L1_EW,NVCMT_EW,0.032,0.027
3165,304Nvl_L3_EW,NONE,0.038,0.0
3165,32Nvl_L3_EW,NONE,0.006,0.0
3165,NvcNvl_L1_NS,NONE,0.061,0.0
3165,NvcNvl_L3_EW,NONE,0.009,0.0
3165,32Mt_L2_EW,32MT_EW,0.016,0.006
3165,NvcMt_L2_EW,NVCMT_EW,0.04,0.034
3165,304Thn_L2_EW,304THN_EW,0.044,0.014
3170,304Thn_L1_EW,304THN_EW,0.05,0.014
3170,304Thn_L3_EW,NONE,0.046,0.0
3170,304Nvl_L1_EW,304NVL_EW,0.051,0.016
3170,304Nvl_L2_EW,304NVL_EW,0.044,0.012
3170,32Nvl_L1_NS,32NVL_NS,0.007,0.007
3170,32Nvl_L1_EW,32NVL_EW,0.007,-0.008
3170,32Nvl_L2_EW,32NVL_EW,0.008,-0.004
3170,NvcNvl_L3_NS,NONE,0.014,0.0
3170,NvcNvl_L2_NS,NONE,0.013,0.0
3170,32Mt_L1_EW,32MT_EW,0.021,0.016
3170,32Mt_L1_NS,NONE,0.01,0.0
3170,304Nvl_L3_EW,NONE,0.038,0.0
3170,32Nvl_L3_EW,NONE,0.006,0.0
3170,32Nvl_L1_NS,32NVL_NS,0.007,0.007
3170,NvcNvl_L1_NS,NONE,0.017,0.0
3170,32Mt_L2_EW,32MT_EW,0.016,0.011
3170,NvcCmt8_L1_EW,NVCCMT8_EW,0.008,0.008
3170,304Thn_L2_EW,304THN_EW,0.044,0.014
3175,304Nvl_L1_EW,304NVL_EW,0.051,0.051
3175,304Nvl_L2_EW,304NVL_EW,0.044,0.044
3175,32Nvl_L1_EW,32NVL_EW,0.007,-0.008
3175,32Nvl_L2_EW,32NVL_EW,0.008,-0.004
3175,32Nvl_L1_EW,32NVL_EW,0.007,-0.008
3175,32Nvl_L2_EW,32NVL_EW,0.007,-0.004
3175,NvcNvl_L1_EW,NONE,0.053,0.0
3175,NvcNvl_L2_EW,NONE,0.038,0.0
3175,32Mt_L1_EW,32MT_EW,0.021,0.016
3175,32Mt_L1_NS,NONE,0.01,0.0
3175,304Nvl_L3_EW,NONE,0.038,0.0
3175,32Nvl_L3_EW,NONE,0.006,0.0
3175,32Nvl_L3_EW,NONE,0.006,0.0
3175,32Nvl_L1_NS,32NVL_NS,0.007,0.007
3175,32Mt_L2_EW,32MT_EW,0.016,0.011
3175,32Mt_L2_NS,NONE,0.009,0.0
3180,304Thn_L1_EW,NONE,0.034,0.0
3180,304Nvl_L1_EW,304NVL_EW,0.059,0.059
3180,304Nvl_L2_EW,304NVL_EW,0.051,0.051
3180,32Nvl_L1_EW,32NVL_EW,0.007,-0.008
3180,32Nvl_L2_EW,32NVL_EW,0.008,-0.004
3180,32Nvl_L1_EW,32NVL_EW,0.007,-0.008
3180,32Nvl_L2_EW,32NVL_EW,0.007,-0.004
3180,NvcNvl_L1_EW,NONE,0.053,0.0
3180,NvcNvl_L2_EW,NONE,0.038,0.0
3180,NvcNvl_L1_EW,NVCNVL_EW,0.014,0.014
3180,32Mt_L1_EW,NONE,0.036,0.0
3180,32Mt_L3_EW,NONE,0.044,0.0
3180,32Mt_L1_EW,32MT_EW,0.021,0.016
3180,304Nvl_L3_EW,NONE,0.044,0.0
3180,32Nvl_L3_EW,NONE,0.006,0.0
3180,32Nvl_L3_EW,NONE,0.006,0.0
3180,NvcNvl_L3_EW,NONE,0.032,0.0
3180,32Mt_L2_EW,NONE,0.038,0.0
3180,32Mt_L2_EW,32MT_EW,0.016,0.011
3185,304Nvl_L1_EW,304NVL_EW,0.068,0.068
3185,304Nvl_L2_EW,304NVL_EW,0.058,0.058
3185,32Nvl_L1_EW,32NVL_EW,0.007,-0.008
3185,32Nvl_L2_EW,32NVL_EW,0.008,-0.004
3185,32Nvl_L1_EW,32NVL_EW,0.007,-0.008
3185,32Nvl_L2_EW,32NVL_EW,0.007,-0.004
3185,32Nvl_L3_NS,NONE,0.008,0.0
3185,32Nvl_L2_NS,32NVL_NS,0.008,0.008
3185,NvcNvl_L1_EW,NVCNVL_EW,0.007,0.007
3185,32Mt_L1_NS,32MT_NS,0.006,0.006
3185,32Mt_L1_EW,NONE,0.014,0.0
3185,32Mt_L3_EW,NONE,0.018,0.0
3185,32Mt_L1_EW,32MT_EW,0.021,0.016
3185,304Nvl_L3_EW,NONE,0.051,0.0
3185,32Nvl_L3_EW,NONE,0.006,0.0
3185,32Nvl_L3_EW,NONE,0.006,0.0
3185,32Nvl_L1_NS,32NVL_NS,0.007,0.007
3185,32Mt_L2_EW,NONE,0.015,0.0
3185,32Mt_L2_EW,32MT_EW,0.016,0.011
3190,304Nvl_L1_EW,304NVL_EW,0.068,0.068
3190,304Nvl_L2_EW,304NVL_EW,0.058,0.058
3190,304Nvl_L1_NS,NONE,0.007,0.0
3190,32Nvl_L1_EW,32NVL_EW,0.007,-0.032
3190,32Nvl_L2_EW,32NVL_EW,0.008,-0.004
3190,32Nvl_L1_EW,32NVL_EW,0.013,-0.026
3190,32Nvl_L2_EW,32NVL_EW,0.007,-0.004
3190,32Mt_L1_EW,NONE,0.014,0.0
3190,32Mt_L3_EW,NONE,0.018,0.0
3190,32Mt_L1_EW,32MT_EW,0.056,0.051
3190,32Mt_L1_NS,NONE,0.01,0.0
3190,304Nvl_L3_EW,NONE,0.051,0.0
3190,32Nvl_L3_EW,NONE,0.006,0.0
3190,32Nvl_L3_EW,NONE,0.006,0.0
3190,32Mt_L2_EW,NONE,0.015,0.0
3190,32Mt_L2_EW,32MT_EW,0.016,0.011
3190,32Mt_L2_NS,NONE,0.009,0.0
3195,304Nvl_L1_EW,304NVL_EW,0.279,0.279
3195,304Nvl_L2_EW,304NVL_EW,0.239,0.239
3195,304Nvl_L1_NS,NONE,0.015,0.0
3195,304Nvl_L3_NS,NONE,0.016,0.0
3195,32Nvl_L1_EW,32NVL_EW,0.007,-0.037
3195,32Nvl_L2_EW,32NVL_EW,0.008,-0.023
3195,32Nvl_L1_EW,32NVL_EW,0.007,-0.037
3195,32Nvl_L2_EW,32NVL_EW,0.007,-0.023
3195,NvcNvl_L3_NS,NONE,0.007,0.0
3195,NvcNvl_L2_NS,NONE,0.007,0.0
3195,32Mt_L1_NS,32MT_NS,0.006,0.006
3195,32Mt_L1_EW,NONE,0.007,0.0
3195,32Mt_L3_EW,NONE,0.009,0.0
3195,32Mt_L1_EW,32MT_EW,0.063,0.058
3195,NvcMt_L1_EW,NVCMT_EW,0.006,0.001
3195,NvcCmt8_L2_EW,NVCCMT8_EW,0.005,0.005
3195,304Nvl_L3_EW,NONE,0.209,0.0
3195,304Nvl_L2_NS,NONE,0.015,0.0
3195,32Nvl_L3_EW,NONE,0.006,0.0
3195,32Nvl_L3_EW,NONE,0.006,0.0
3195,NvcNvl_L1_NS,NONE,0.009,0.0
3195,32Mt_L2_EW,NONE,0.008,0.0
3195,32Mt_L2_EW,32MT_EW,0.044,0.038
3195,NvcMt_L2_EW,NVCMT_EW,0.008,0.004
3195,NvcCmt8_L1_EW,NVCCMT8_EW,0.008,0.003
3200,304Nvl_L1_EW,304NVL_EW,0.22,0.22
3200,304Nvl_L2_EW,304NVL_EW,0.189,0.189
3200,32Nvl_L1_EW,32NVL_EW,0.007,-0.048
3200,32Nvl_L2_EW,32NVL_EW,0.008,-0.031
3200,32Nvl_L1_EW,32NVL_EW,0.007,-0.048
3200,32Nvl_L2_EW,32NVL_EW,0.007,-0.031
3200,NvcNvl_L3_NS,NONE,0.014,0.0
3200,NvcNvl_L2_NS,NONE,0.013,0.0
3200,32Mt_L1_EW,32MT_EW,0.063,0.058
3200,32Mt_L1_NS,NONE,0.01,0.0
3200,32Thn_L1_EW,32THN_EW,0.016,0.011
3200,32Thn_L2_EW,32THN_EW,0.017,0.011
3200,32Thn_L3_EW,NONE,0.008,0.0
3200,304Nvl_L3_EW,NONE,0.165,0.0
3200,32Nvl_L3_EW,NONE,0.006,0.0
3200,32Nvl_L3_EW,NONE,0.006,0.0
3200,NvcNvl_L1_NS,NONE,0.017,0.0
3200,32Mt_L2_EW,32MT_EW,0.038,0.033
3205,304Nvl_L1_EW,304NVL_EW,0.119,0.119
3205,304Nvl_L2_EW,304NVL_EW,0.094,0.094
3205,32Nvl_L1_EW,32NVL_EW,0.007,-0.013
3205,32Nvl_L2_EW,32NVL_EW,0.008,-0.01
3205,32Nvl_L1_EW,32NVL_EW,0.007,-0.014
3205,32Nvl_L2_EW,32NVL_EW,0.007,-0.01
3205,32Nvl_L3_NS,NONE,0.008,0.0
3205,32Nvl_L2_NS,32NVL_NS,0.008,0.008
3205,NvcNvl_L3_NS,NONE,0.007,0.0
3205,NvcNvl_L2_NS,NONE,0.007,0.0
3205,NvcNvl_L1_EW,NVCNVL_EW,0.007,0.007
3205,NvcNvl_L2_EW,NVCNVL_EW,0.008,0.008
3205,32Mt_L1_NS,32MT_NS,0.006,0.006
3205,32Mt_L1_EW,32MT_EW,0.021,0.016
3205,32Thn_L1_EW,NONE,0.01,0.0
3205,32Thn_L1_EW,32THN_EW,0.008,0.003
3205,32Thn_L2_EW,32THN_EW,0.008,0.003
3205,32Thn_L3_EW,NONE,0.008,0.0
3205,304Nvl_L3_EW,NONE,0.082,0.0
3205,32Nvl_L3_EW,NONE,0.006,0.0
3205,32Nvl_L3_EW,NONE,0.006,0.0
3205,32Nvl_L1_NS,32NVL_NS,0.007,0.007
3205,NvcNvl_L1_NS,NONE,0.009,0.0
3205,NvcNvl_L3_EW,NONE,0.009,0.0
3205,32Mt_L2_EW,32MT_EW,0.016,0.011
3210,304Nvl_L1_EW,304NVL_EW,0.025,0.025
3210,304Nvl_L2_EW,304NVL_EW,0.015,0.015
3210,304Nvl_L1_NS,NONE,0.036,0.0
3210,32Nvl_L1_EW,32NVL_EW,0.007,-0.008
3210,32Nvl_L2_EW,32NVL_EW,0.008,0.0
3210,32Nvl_L1_EW,32NVL_EW,0.007,-0.008
3210,32Nvl_L2_EW,32NVL_EW,0.007,0.0
3210,32Nvl_L3_NS,NONE,0.008,0.0
3210,32Nvl_L2_NS,32NVL_NS,0.008,0.008
3210,NvcNvl_L1_EW,NONE,0.011,0.0
3210,NvcNvl_L2_EW,NONE,0.008,0.0
3210,NvcNvl_L1_EW,NVCNVL_EW,0.007,0.007
3210,NvcNvl_L2_EW,NVCNVL_EW,0.008,0.006
3210,32Mt_L1_NS,32MT_NS,0.013,0.013
3210,32Mt_L1_EW,NONE,0.014,0.0
3210,32Mt_L1_EW,32MT_EW,0.021,0.016
3210,NvcMt_L2_NS,NONE,0.026,0.0
3210,NvcMt_L2_EW,NVCMT_EW,0.003,-0.003
3210,32Thn_L1_EW,NONE,0.01,0.0
3210,304Nvl_L3_EW,NONE,0.013,0.0
3210,32Nvl_L3_EW,NONE,0.006,0.0
3210,32Nvl_L3_EW,NONE,0.006,0.0
3210,32Nvl_L1_NS,32NVL_NS,0.007,0.007
3210,NvcNvl_L3_EW,NONE,0.009,0.0
3210,32Mt_L2_EW,32MT_EW,0.011,0.005
3210,NvcMt_L1_NS,NONE,0.027,0.0
3210,NvcMt_L1_EW,NVCMT_EW,0.006,0.001
3215,304Nvl_L1_EW,304NVL_EW,0.025,0.025
3215,304Nvl_L2_EW,304NVL_EW,0.015,0.015
3215,304Nvl_L1_NS,NONE,0.175,0.0
3215,32Nvl_L1_EW,32NVL_EW,0.007,0.002
3215,32Nvl_L2_EW,32NVL_EW,0.008,0.004
3215,32Nvl_L1_EW,32NVL_EW,0.007,0.002
3215,32Nvl_L2_EW,32NVL_EW,0.007,0.004
3215,32Nvl_L3_NS,NONE,0.008,0.0
3215,32Nvl_L2_NS,32NVL_NS,0.008,0.008
3215,32Mt_L1_NS,32MT_NS,0.006,0.006
3215,32Mt_L1_EW,NONE,0.007,0.0
3215,32Mt_L1_EW,32MT_EW,0.007,0.002
3215,NvcMt_L2_NS,NONE,0.005,0.0
3215,NvcMt_L2_EW,NVCMT_EW,0.003,0.003
3215,32Thn_L1_EW,NONE,0.01,0.0
3215,32Thn_L2_EW,NONE,0.01,0.0
3215,32Thn_L3_EW,NONE,0.007,0.0
3215,304Nvl_L3_EW,NONE,0.013,0.0
3215,32Nvl_L3_EW,NONE,0.006,0.0
3215,32Nvl_L3_EW,NONE,0.006,0.0
3215,32Nvl_L1_NS,32NVL_NS,0.007,0.007
3215,32Mt_L2_EW,32MT_EW,0.005,0.0
3215,NvcMt_L1_NS,NONE,0.005,0.0
3215,NvcMt_L1_EW,NVCMT_EW,0.006,0.006
3220,304Nvl_L1_EW,304NVL_EW,0.008,0.008
3220,304Nvl_L1_NS,NONE,0.175,0.0
3220,32Nvl_L1_EW,32NVL_EW,0.007,-0.003
3220,32Nvl_L2_EW,32NVL_EW,0.008,0.004
3220,32Nvl_L1_EW,32NVL_EW,0.007,-0.004
3220,32Nvl_L2_EW,32NVL_EW,0.007,0.004
3220,32Nvl_L3_NS,NONE,0.042,0.0
3220,32Nvl_L2_NS,32NVL_NS,0.039,0.039
3220,32Mt_L1_NS,32MT_NS,0.006,0.006
3220,32Mt_L1_EW,NONE,0.086,0.0
3220,32Mt_L3_EW,NONE,0.106,0.0
3220,32Mt_L1_EW,32MT_EW,0.007,0.002
3220,32Mt_L1_NS,NONE,0.01,0.0
3220,32Thn_L1_EW,32THN_EW,0.008,0.003
3220,32Nvl_L3_EW,NONE,0.006,0.0
3220,32Nvl_L3_EW,NONE,0.006,0.0
3220,32Nvl_L1_NS,32NVL_NS,0.04,0.04
3220,32Mt_L2_EW,NONE,0.09,0.0
3220,32Mt_L2_EW,32MT_EW,0.005,0.0
3225,304Nvl_L1_NS,304NVL_NS,0.009,0.009
3225,304Nvl_L3_NS,NONE,0.007,0.0
3225,304Nvl_L1_EW,304NVL_EW,0.042,0.042
3225,304Nvl_L2_EW,304NVL_EW,0.036,0.036
3225,304Nvl_L1_NS,NONE,0.095,0.0
3225,32Nvl_L1_EW,32NVL_EW,0.007,0.007
3225,32Nvl_L2_EW,32NVL_EW,0.008,0.008
3225,32Nvl_L1_EW,32NVL_EW,0.007,0.007
3225,32Nvl_L2_EW,32NVL_EW,0.007,0.007
3225,32Mt_L1_EW,NONE,0.115,0.0
3225,32Mt_L3_EW,NONE,0.027,0.0
3225,32Mt_L1_NS,NONE,0.01,0.0
3225,304Nvl_L2_NS,304NVL_NS,0.008,0.008
3225,304Nvl_L3_EW,NONE,0.032,0.0
3225,32Nvl_L3_EW,NONE,0.006,0.0
3225,32Nvl_L3_EW,NONE,0.006,0.0
3225,32Nvl_L1_NS,32NVL_NS,0.007,0.0
3225,32Mt_L2_EW,NONE,0.113,0.0
3225,32Mt_L2_NS,NONE,0.009,0.0
3230,304Nvl_L1_NS,304NVL_NS,0.009,0.009
3230,304Nvl_L3_NS,NONE,0.007,0.0
3230,304Nvl_L1_EW,304NVL_EW,0.051,0.051
3230,304Nvl_L2_EW,304NVL_EW,0.044,0.044
3230,32Nvl_L1_EW,32NVL_EW,0.014,0.014
3230,32Nvl_L2_EW,32NVL_EW,0.015,0.015
3230,32Nvl_L1_EW,32NVL_EW,0.007,0.007
3230,32Nvl_L2_EW,32NVL_EW,0.007,0.007
3230,32Nvl_L3_NS,NONE,0.008,0.0
3230,32Nvl_L2_NS,32NVL_NS,0.008,0.003
3230,NvcNvl_L2_NS,NONE,0.033,0.0
3230,NvcNvl_L1_EW,NVCNVL_EW,0.007,0.007
3230,NvcNvl_L2_EW,NVCNVL_EW,0.008,0.008
3230,32Mt_L1_EW,NONE,0.058,0.0
3230,32Mt_L3_EW,NONE,0.062,0.0
3230,32Mt_L1_NS,NONE,0.01,0.0
3230,304Nvl_L2_NS,304NVL_NS,0.008,0.002
3230,304Nvl_L3_EW,NONE,0.006,0.0
3230,32Nvl_L3_EW,NONE,0.006,0.0
3230,32Nvl_L3_EW,NONE,0.013,0.0
3230,32Nvl_L1_NS,32NVL_NS,0.007,0.0
3230,NvcNvl_L1_NS,NONE,0.044,0.0
3230,NvcNvl_L3_EW,NONE,0.009,0.0
3230,32Mt_L2_EW,NONE,0.053,0.0
3230,32Mt_L2_NS,NONE,0.009,0.0
3235,304Nvl_L1_NS,304NVL_NS,0.009,0.009
3235,304Nvl_L3_NS,NONE,0.007,0.0
3235,304Nvl_L1_EW,304NVL_EW,0.008,0.008
3235,304Nvl_L2_EW,304NVL_EW,0.007,0.007
3235,304Nvl_L1_NS,NONE,0.036,0.0
3235,32Nvl_L3_NS,NONE,0.008,0.0
3235,32Nvl_L2_NS,32NVL_NS,0.008,0.003
3235,NvcNvl_L3_NS,NONE,0.041,0.0
3235,NvcNvl_L2_NS,NONE,0.04,0.0
3235,32Mt_L1_EW,NONE,0.058,0.0
3235,32Mt_L3_EW,NONE,0.062,0.0
3235,32Mt_L1_EW,32MT_EW,0.091,0.091
3235,32Mt_L1_NS,NONE,0.01,0.0
3235,NvcMt_L2_NS,NONE,0.011,0.0
3235,304Nvl_L2_NS,304NVL_NS,0.008,0.002
3235,304Nvl_L3_EW,NONE,0.006,0.0
3235,32Nvl_L1_NS,32NVL_NS,0.013,0.007
3235,NvcNvl_L1_NS,NONE,0.052,0.0
3235,32Mt_L2_EW,NONE,0.053,0.0
3235,32Mt_L2_EW,32MT_EW,0.065,0.065
3235,32Mt_L2_NS,NONE,0.009,0.0
3235,NvcMt_L1_NS,NONE,0.011,0.0
3240,304Nvl_L1_NS,304NVL_NS,0.009,-0.015
3240,304Nvl_L3_NS,NONE,0.007,0.0
3240,304Nvl_L1_EW,304NVL_EW,0.008,0.008
3240,304Nvl_L2_EW,304NVL_EW,0.007,0.007
3240,304Nvl_L1_EW,NONE,0.008,0.0
3240,304Nvl_L1_NS,NONE,0.044,0.0
3240,304Nvl_L2_EW,NONE,0.009,0.0
3240,32Nvl_L3_NS,NONE,0.034,0.0
3240,32Nvl_L1_NS,32NVL_NS,0.035,0.028
3240,32Nvl_L1_EW,32NVL_EW,0.007,-0.008
3240,32Nvl_L3_NS,NONE,0.008,0.0
3240,32Nvl_L2_NS,32NVL_NS,0.008,0.003
3240,NvcNvl_L3_NS,NONE,0.041,0.0
3240,NvcNvl_L2_NS,NONE,0.046,0.0
3240,32Mt_L1_NS,32MT_NS,0.006,0.006
3240,32Mt_L1_EW,NONE,0.05,0.0
3240,32Mt_L3_EW,NONE,0.009,0.0
3240,32Mt_L1_EW,32MT_EW,0.021,0.021
3240,NvcMt_L1_EW,NVCMT_EW,0.006,0.006
3240,32Thn_L1_EW,NONE,0.01,0.0
3240,32Thn_L2_EW,NONE,0.01,0.0
3240,32Thn_L3_EW,NONE,0.007,0.0
3240,304Nvl_L2_NS,304NVL_NS,0.008,0.002
3240,304Nvl_L3_EW,NONE,0.006,0.0
3240,304Nvl_L3_EW,NONE,0.008,0.0
3240,32Nvl_L2_NS,32NVL_NS,0.033,0.028
3240,32Nvl_L1_NS,32NVL_NS,0.013,0.007
3240,NvcNvl_L1_NS,NONE,0.061,0.0
3240,32Mt_L2_EW,NONE,0.045,0.0
3240,32Mt_L2_EW,32MT_EW,0.016,0.016
3240,NvcMt_L2_EW,NVCMT_EW,0.008,0.008
3245,304Nvl_L1_NS,304NVL_NS,0.009,-0.015
3245,304Nvl_L3_NS,NONE,0.007,0.0
3245,304Nvl_L1_EW,304NVL_EW,0.008,0.008
3245,304Nvl_L2_EW,304NVL_EW,0.007,0.007
3245,304Nvl_L1_NS,NONE,0.007,0.0
3245,32Nvl_L1_NS,32NVL_NS,0.035,0.028
3245,32Nvl_L3_NS,NONE,0.008,0.0
3245,32Nvl_L2_NS,32NVL_NS,0.008,0.003
3245,NvcNvl_L2_NS,NONE,0.007,0.0
3245,32Mt_L1_NS,32MT_NS,0.006,0.006
3245,32Mt_L1_EW,NONE,0.014,0.0
3245,32Mt_L3_EW,NONE,0.009,0.0
3245,32Mt_L1_EW,32MT_EW,0.021,0.021
3245,32Mt_L1_NS,NONE,0.029,0.0
3245,32Thn_L1_EW,32THN_EW,0.008,0.008
3245,304Nvl_L2_NS,304NVL_NS,0.008,0.002
3245,304Nvl_L3_EW,NONE,0.006,0.0
3245,32Nvl_L2_NS,32NVL_NS,0.033,0.028
3245,32Nvl_L1_NS,32NVL_NS,0.013,0.007
3245,NvcNvl_L1_NS,NONE,0.009,0.0
3245,32Mt_L2_EW,NONE,0.008,0.0
3245,32Mt_L2_EW,32MT_EW,0.016,0.016
3245,32Mt_L2_NS,NONE,0.017,0.0
3250,304Nvl_L1_NS,304NVL_NS,0.009,-0.025
3250,304Nvl_L3_NS,NONE,0.007,0.0
3250,304Nvl_L1_EW,304NVL_EW,0.008,0.008
3250,304Nvl_L1_EW,NONE,0.041,0.0
3250,304Nvl_L1_NS,NONE,0.015,0.0
3250,304Nvl_L2_EW,NONE,0.043,0.0
3250,32Nvl_L3_NS,NONE,0.014,0.0
3250,32Nvl_L1_NS,32NVL_NS,0.048,0.042
3250,32Nvl_L3_NS,NONE,0.008,0.0
3250,32Nvl_L2_NS,32NVL_NS,0.008,0.003
3250,NvcNvl_L1_EW,NVCNVL_EW,0.042,0.042
3250,32Mt_L1_EW,NONE,0.022,0.0
3250,32Mt_L3_EW,NONE,0.009,0.0
3250,32Mt_L1_EW,32MT_EW,0.042,0.042
3250,32Mt_L1_NS,NONE,0.02,0.0
3250,304Nvl_L2_NS,304NVL_NS,0.008,0.002
3250,304Nvl_L3_EW,NONE,0.041,0.0
3250,32Nvl_L2_NS,32NVL_NS,0.047,0.041
3250,32Nvl_L1_NS,32NVL_NS,0.007,0.0
3250,32Mt_L2_EW,NONE,0.008,0.0
3250,32Mt_L2_EW,32MT_EW,0.033,0.033
3250,32Mt_L2_NS,NONE,0.017,0.0
3255,32Nvl_L3_NS,NONE,0.014,0.0
3255,32Nvl_L1_NS,32NVL_NS,0.055,0.055
3255,32Nvl_L1_EW,32NVL_EW,0.007,-0.003
3255,32Nvl_L2_EW,32NVL_EW,0.008,0.0
3255,32Nvl_L3_NS,NONE,0.017,0.0
3255,32Nvl_L2_NS,32NVL_NS,0.016,0.016
3255,NvcNvl_L1_EW,NVCNVL_EW,0.007,0.007
3255,32Mt_L1_NS,32MT_NS,0.006,0.006
3255,32Mt_L1_EW,NONE,0.022,0.0
3255,32Mt_L3_EW,NONE,0.018,0.0
3255,32Mt_L1_EW,32MT_EW,0.014,0.009
3255,32Nvl_L2_NS,32NVL_NS,0.047,0.047
3255,32Nvl_L3_EW,NONE,0.006,0.0
3255,32Nvl_L1_NS,32NVL_NS,0.013,0.013
3255,32Mt_L2_EW,NONE,0.015,0.0
3255,32Mt_L2_EW,32MT_EW,0.011,0.005
3260,32Nvl_L3_NS,NONE,0.007,0.0
3260,32Nvl_L1_NS,32NVL_NS,0.042,0.042
3260,32Nvl_L1_EW,32NVL_EW,0.007,-0.003
3260,32Nvl_L2_EW,32NVL_EW,0.008,0.004
3260,32Nvl_L1_EW,32NVL_EW,0.007,-0.003
3260,32Nvl_L2_EW,32NVL_EW,0.007,0.004
3260,NvcNvl_L3_NS,NONE,0.007,0.0
3260,NvcNvl_L2_NS,NONE,0.007,0.0
3260,32Mt_L1_NS,32MT_NS,0.006,0.006
3260,32Mt_L1_EW,32MT_EW,0.014,0.009
3260,32Mt_L1_NS,NONE,0.01,0.0
3260,32Nvl_L2_NS,32NVL_NS,0.04,0.04
3260,32Nvl_L3_EW,NONE,0.006,0.0
3260,32Nvl_L3_EW,NONE,0.006,0.0
3260,32Nvl_L1_NS,32NVL_NS,0.007,0.007
3260,NvcNvl_L1_NS,NONE,0.009,0.0
3260,32Mt_L2_EW,32MT_EW,0.005,0.0
3265,304Nvl_L1_EW,304NVL_EW,0.042,0.042
3265,304Nvl_L1_NS,NONE,0.007,0.0
3265,32Nvl_L3_NS,NONE,0.034,0.0
3265,32Nvl_L1_NS,32NVL_NS,0.035,0.035
3265,32Nvl_L1_EW,32NVL_EW,0.007,-0.008
3265,32Nvl_L2_EW,32NVL_EW,0.008,0.0
3265,32Nvl_L1_EW,32NVL_EW,0.013,-0.001
3265,32Nvl_L2_EW,32NVL_EW,0.015,0.007
3265,NvcNvl_L3_NS,NONE,0.041,0.0
3265,NvcNvl_L2_NS,NONE,0.04,0.0
3265,32Mt_L1_EW,32MT_EW,0.021,0.016
3265,32Nvl_L2_NS,32NVL_NS,0.033,0.033
3265,32Nvl_L3_EW,NONE,0.012,0.0
3265,32Nvl_L3_EW,NONE,0.006,0.0
3265,32Nvl_L1_NS,32NVL_NS,0.007,0.007
3265,NvcNvl_L1_NS,NONE,0.052,0.0
3265,32Mt_L2_EW,32MT_EW,0.011,0.005
3270,304Nvl_L1_EW,304NVL_EW,0.051,0.051
3270,304Nvl_L2_EW,304NVL_EW,0.007,0.007
3270,32Nvl_L3_NS,NONE,0.089,0.0
3270,32Nvl_L1_NS,32NVL_NS,0.125,0.125
3270,32Nvl_L1_EW,32NVL_EW,0.007,-0.012
3270,32Nvl_L2_EW,32NVL_EW,0.008,-0.008
3270,32Nvl_L1_EW,32NVL_EW,0.013,-0.006
3270,32Nvl_L2_EW,32NVL_EW,0.015,0.0
3270,NvcNvl_L3_NS,NONE,0.041,0.0
3270,NvcNvl_L2_NS,NONE,0.04,0.0
3270,32Mt_L1_EW,32MT_EW,0.028,0.023
3270,NvcMt_L1_EW,NVCMT_EW,0.076,0.076
3270,NvcCmt8_L2_EW,NONE,0.007,0.0
3270,304Nvl_L3_EW,NONE,0.006,0.0
3270,32Nvl_L2_NS,32NVL_NS,0.12,0.12
3270,32Nvl_L3_EW,NONE,0.012,0.0
3270,32Nvl_L3_EW,NONE,0.006,0.0
3270,32Nvl_L1_NS,32NVL_NS,0.007,0.007
3270,NvcNvl_L1_NS,NONE,0.052,0.0
3270,32Mt_L2_EW,32MT_EW,0.022,0.016
3270,NvcMt_L2_EW,NVCMT_EW,0.095,0.095
3270,NvcCmt8_L1_EW,NONE,0.006,0.0
3275,32Nvl_L3_NS,NONE,0.184,0.0
3275,32Nvl_L1_NS,32NVL_NS,0.187,0.187
3275,32Nvl_L1_EW,32NVL_EW,0.007,-0.008
3275,32Nvl_L2_EW,32NVL_EW,0.008,-0.004
3275,32Nvl_L1_EW,32NVL_EW,0.013,-0.001
3275,32Nvl_L2_EW,32NVL_EW,0.015,0.004
3275,32Nvl_L3_NS,NONE,0.008,0.0
3275,32Nvl_L2_NS,32NVL_NS,0.008,0.008
3275,NvcNvl_L1_EW,NONE,0.011,0.0
3275,NvcNvl_L2_EW,NONE,0.008,0.0
3275,32Mt_L1_EW,32MT_EW,0.021,0.016
3275,NvcMt_L1_EW,NVCMT_EW,0.076,0.076
3275,32Nvl_L2_NS,32NVL_NS,0.18,0.18
3275,32Nvl_L3_EW,NONE,0.012,0.0
3275,32Nvl_L3_EW,NONE,0.006,0.0
3275,32Nvl_L1_NS,32NVL_NS,0.013,0.013
3275,NvcNvl_L1_NS,NONE,0.009,0.0
3275,32Mt_L2_EW,32MT_EW,0.016,0.011
3275,NvcMt_L2_EW,NVCMT_EW,0.095,0.095
3280,304Nvl_L1_EW,304NVL_EW,0.008,0.008
3280,32Nvl_L3_NS,NONE,0.007,0.0
3280,32Nvl_L1_NS,32NVL_NS,0.173,0.173
3280,32Nvl_L1_EW,32NVL_EW,0.007,-0.008
3280,32Nvl_L2_EW,32NVL_EW,0.008,-0.004
3280,32Nvl_L1_EW,32NVL_EW,0.013,-0.001
3280,32Nvl_L2_EW,32NVL_EW,0.015,0.004
3280,32Nvl_L3_NS,NONE,0.008,0.0
3280,32Nvl_L2_NS,32NVL_NS,0.008,0.008
3280,NvcNvl_L3_NS,NONE,0.014,0.0
3280,NvcNvl_L2_NS,NONE,0.013,0.0
3280,NvcNvl_L1_EW,NONE,0.011,0.0
3280,NvcNvl_L2_EW,NONE,0.008,0.0
3280,32Mt_L1_EW,32MT_EW,0.021,0.016
3280,NvcMt_L1_EW,NVCMT_EW,0.076,0.076
3280,32Nvl_L2_NS,32NVL_NS,0.167,0.167
3280,32Nvl_L3_EW,NONE,0.012,0.0
3280,32Nvl_L3_EW,NONE,0.006,0.0
3280,32Nvl_L1_NS,32NVL_NS,0.013,0.013
3280,NvcNvl_L1_NS,NONE,0.017,0.0
3280,32Mt_L2_EW,32MT_EW,0.016,0.011
3280,NvcMt_L2_EW,NVCMT_EW,0.095,0.095
3285,32Nvl_L1_EW,32NVL_EW,0.007,0.007
3285,32Nvl_L2_EW,32NVL_EW,0.008,0.008
3285,32Nvl_L1_EW,32NVL_EW,0.013,0.013
3285,32Nvl_L2_EW,32NVL_EW,0.015,0.015
3285,NvcNvl_L3_NS,NONE,0.014,0.0
3285,NvcNvl_L2_NS,NONE,0.013,0.0
3285,NvcNvl_L1_EW,NONE,0.021,0.0
3285,NvcNvl_L2_EW,NONE,0.015,0.0
3285,NvcMt_L1_EW,NVCMT_EW,0.076,0.076
3285,32Nvl_L3_EW,NONE,0.012,0.0
3285,32Nvl_L3_EW,NONE,0.006,0.0
3285,32Nvl_L1_NS,32NVL_NS,0.013,0.013
3285,NvcNvl_L1_NS,NONE,0.017,0.0
3285,NvcNvl_L3_EW,NONE,0.006,0.0
3285,NvcMt_L2_EW,NVCMT_EW,0.095,0.095
3290,32Nvl_L3_NS,NONE,0.007,0.0
3290,32Nvl_L1_NS,32NVL_NS,0.007,0.007
3290,32Nvl_L1_EW,32NVL_EW,0.007,0.002
3290,32Nvl_L2_EW,32NVL_EW,0.008,0.004
3290,32Nvl_L1_EW,32NVL_EW,0.013,0.009
3290,32Nvl_L2_EW,32NVL_EW,0.015,0.011
3290,32Nvl_L3_NS,NONE,0.008,0.0
3290,32Nvl_L2_NS,32NVL_NS,0.008,0.008
3290,NvcNvl_L3_NS,NONE,0.007,0.0
3290,NvcNvl_L2_NS,NONE,0.007,0.0
3290,32Mt_L1_EW,32MT_EW,0.007,0.002
3290,32Mt_L1_NS,NONE,0.01,0.0
3290,NvcMt_L2_NS,NONE,0.005,0.0
3290,NvcMt_L1_EW,NVCMT_EW,0.076,0.076
3290,NvcMt_L2_EW,NVCMT_EW,0.003,0.003
3290,32Nvl_L2_NS,32NVL_NS,0.007,0.007
3290,32Nvl_L3_EW,NONE,0.012,0.0
3290,32Nvl_L3_EW,NONE,0.006,0.0
3290,32Nvl_L1_NS,32NVL_NS,0.013,0.013
3290,NvcNvl_L1_NS,NONE,0.009,0.0
3290,32Mt_L2_EW,32MT_EW,0.005,0.0
3290,NvcMt_L1_NS,NONE,0.005,0.0
3290,NvcMt_L2_EW,NVCMT_EW,0.095,0.095
3290,NvcMt_L1_EW,NVCMT_EW,0.006,0.006
3295,304Nvl_L1_EW,304NVL_EW,0.11,0.11
3295,304Nvl_L2_EW,304NVL_EW,0.094,0.094
3295,32Nvl_L1_EW,32NVL_EW,0.007,0.007
3295,32Nvl_L2_EW,32NVL_EW,0.008,0.008
3295,32Nvl_L1_EW,32NVL_EW,0.013,0.013
3295,32Nvl_L2_EW,32NVL_EW,0.015,0.015
3295,NvcNvl_L3_NS,NONE,0.007,0.0
3295,NvcNvl_L2_NS,NONE,0.007,0.0
3295,32Mt_L1_NS,32MT_NS,0.013,0.013
3295,32Mt_L1_EW,NONE,0.014,0.0
3295,32Mt_L3_EW,NONE,0.009,0.0
3295,NvcMt_L1_EW,NVCMT_EW,0.076,0.071
3295,NvcMt_L2_EW,NVCMT_EW,0.003,-0.001
3295,NvcCmt8_L2_EW,NVCCMT8_EW,0.005,0.003
3295,32Thn_L1_EW,NONE,0.01,0.0
3295,32Thn_L2_EW,NONE,0.01,0.0
3295,32Thn_L3_EW,NONE,0.007,0.0
3295,304Nvl_L3_EW,NONE,0.082,0.0
3295,32Nvl_L3_EW,NONE,0.012,0.0
3295,32Nvl_L3_EW,NONE,0.006,0.0
3295,NvcNvl_L1_NS,NONE,0.009,0.0
3295,32Mt_L2_EW,NONE,0.008,0.0
3295,NvcMt_L1_NS,NONE,0.005,0.0
3295,NvcMt_L2_EW,NVCMT_EW,0.095,0.092
3295,NvcMt_L1_EW,NVCMT_EW,0.011,0.006
3295,NvcCmt8_L1_EW,NVCCMT8_EW,0.008,-0.046
3300,304Nvl_L1_EW,304NVL_EW,0.127,0.127
3300,304Nvl_L2_EW,304NVL_EW,0.109,0.109
3300,32Nvl_L1_EW,32NVL_EW,0.007,0.001
3300,32Nvl_L2_EW,32NVL_EW,0.008,0.008
3300,32Nvl_L1_EW,32NVL_EW,0.013,0.008
3300,32Nvl_L2_EW,32NVL_EW,0.015,0.015
3300,32Nvl_L3_NS,NONE,0.008,0.0
3300,32Nvl_L2_NS,32NVL_NS,0.008,0.008
3300,NvcNvl_L1_EW,NONE,0.011,0.0
3300,NvcNvl_L2_EW,NONE,0.008,0.0
3300,NvcNvl_L1_EW,NVCNVL_EW,0.007,0.007
3300,32Mt_L1_NS,32MT_NS,0.013,0.013
3300,32Mt_L1_EW,NONE,0.014,0.0
3300,32Mt_L3_EW,NONE,0.018,0.0
3300,NvcMt_L2_NS,NONE,0.005,0.0
3300,NvcMt_L2_EW,NVCMT_EW,0.003,-0.001
3300,NvcCmt8_L2_EW,NVCCMT8_EW,0.005,0.003
3300,32Thn_L1_EW,32THN_EW,0.008,0.003
3300,304Nvl_L3_EW,NONE,0.095,0.0
3300,32Nvl_L3_EW,NONE,0.012,0.0
3300,32Nvl_L3_EW,NONE,0.006,0.0
3300,32Nvl_L1_NS,32NVL_NS,0.007,0.007
3300,32Mt_L2_EW,NONE,0.015,0.0
3300,NvcMt_L1_NS,NONE,0.005,0.0
3300,NvcMt_L1_EW,NVCMT_EW,0.006,-0.005
3300,NvcCmt8_L1_EW,NVCCMT8_EW,0.008,0.008
3305,304Nvl_L1_EW,304NVL_EW,0.034,0.034
3305,304Nvl_L2_EW,304NVL_EW,0.029,0.029
3305,32Nvl_L1_EW,32NVL_EW,0.007,-0.003
3305,32Nvl_L2_EW,32NVL_EW,0.008,0.004
3305,32Nvl_L1_EW,32NVL_EW,0.013,0.004
3305,32Nvl_L2_EW,32NVL_EW,0.015,0.011
3305,NvcNvl_L1_EW,NVCNVL_EW,0.007,0.007
3305,32Mt_L1_NS,32MT_NS,0.006,0.006
3305,32Mt_L1_EW,NONE,0.007,0.0
3305,32Mt_L1_EW,32MT_EW,0.014,0.009
3305,32Mt_L1_NS,NONE,0.049,0.0
3305,NvcCmt8_L2_EW,NVCCMT8_EW,0.005,0.005
3305,304Nvl_L3_EW,NONE,0.019,0.0
3305,32Nvl_L3_EW,NONE,0.012,0.0
3305,32Nvl_L3_EW,NONE,0.006,0.0
3305,32Mt_L2_EW,NONE,0.008,0.0
3305,32Mt_L2_EW,32MT_EW,0.005,0.0
3305,32Mt_L2_NS,NONE,0.043,0.0
3305,NvcCmt8_L1_EW,NVCCMT8_EW,0.008,0.008
3310,304Nvl_L1_EW,304NVL_EW,0.017,0.017
3310,304Nvl_L2_EW,304NVL_EW,0.015,0.015
3310,304Nvl_L1_NS,NONE,0.088,0.0
3310,32Nvl_L1_EW,32NVL_EW,0.007,-0.003
3310,32Nvl_L2_EW,32NVL_EW,0.008,0.004
3310,32Nvl_L1_EW,32NVL_EW,0.013,0.004
3310,32Nvl_L2_EW,32NVL_EW,0.015,0.011
3310,32Nvl_L3_NS,NONE,0.008,0.0
3310,32Nvl_L2_NS,32NVL_NS,0.008,0.008
3310,NvcNvl_L3_NS,NONE,0.081,0.0
3310,NvcNvl_L2_NS,NONE,0.079,0.0
3310,32Mt_L1_EW,32MT_EW,0.014,0.009
3310,NvcMt_L2_NS,NONE,0.005,0.0
3310,NvcMt_L1_EW,NVCMT_EW,0.006,0.001
3310,NvcCmt8_L2_EW,NVCCMT8_EW,0.005,0.005
3310,304Nvl_L3_EW,NONE,0.013,0.0
3310,32Nvl_L3_EW,NONE,0.012,0.0
3310,32Nvl_L3_EW,NONE,0.006,0.0
3310,32Nvl_L1_NS,32NVL_NS,0.007,0.007
3310,NvcNvl_L1_NS,NONE,0.105,0.0
3310,32Mt_L2_EW,32MT_EW,0.005,0.0
3310,NvcMt_L1_NS,NONE,0.005,0.0
3310,NvcMt_L2_EW,NVCMT_EW,0.008,0.004
3310,NvcCmt8_L1_EW,NVCCMT8_EW,0.008,0.003
3315,304Nvl_L1_EW,304NVL_EW,0.008,0.008
3315,304Nvl_L1_NS,NONE,0.088,0.0
3315,32Nvl_L1_EW,32NVL_EW,0.007,0.007
3315,32Nvl_L2_EW,32NVL_EW,0.008,0.008
3315,32Nvl_L1_EW,32NVL_EW,0.013,0.013
3315,32Nvl_L2_EW,32NVL_EW,0.015,0.015
3315,32Mt_L1_NS,32MT_NS,0.031,0.031
3315,32Mt_L1_EW,NONE,0.007,0.0
3315,32Mt_L1_NS,NONE,0.01,0.0
3315,NvcMt_L1_EW,NVCMT_EW,0.006,0.006
3315,32Nvl_L3_EW,NONE,0.012,0.0
3315,32Nvl_L3_EW,NONE,0.006,0.0
3315,32Mt_L2_NS,NONE,0.009,0.0
3315,NvcMt_L2_EW,NVCMT_EW,0.008,0.008
3320,304Nvl_L1_EW,304NVL_EW,0.017,0.017
3320,32Nvl_L1_NS,32NVL_NS,0.007,0.007
3320,32Nvl_L1_EW,32NVL_EW,0.007,0.007
3320,32Nvl_L2_EW,32NVL_EW,0.008,0.008
3320,32Nvl_L1_EW,32NVL_EW,0.013,0.013
3320,32Nvl_L2_EW,32NVL_EW,0.015,0.015
3320,NvcNvl_L1_EW,NVCNVL_EW,0.007,0.007
3320,NvcNvl_L2_EW,NVCNVL_EW,0.008,0.008
3320,32Mt_L1_NS,32MT_NS,0.031,0.031
3320,32Nvl_L3_EW,NONE,0.012,0.0
3320,32Nvl_L3_EW,NONE,0.006,0.0
3320,NvcNvl_L3_EW,NONE,0.009,0.0
3320,NvcCmt8_L1_EW,NONE,0.006,0.0
3325,304Nvl_L1_EW,304NVL_EW,0.008,0.008
3325,32Nvl_L1_EW,32NVL_EW,0.014,0.004
3325,32Nvl_L2_EW,32NVL_EW,0.015,0.008
3325,32Nvl_L1_EW,32NVL_EW,0.013,0.004
3325,32Nvl_L2_EW,32NVL_EW,0.015,0.007
3325,32Nvl_L3_NS,NONE,0.008,0.0
3325,32Nvl_L2_NS,32NVL_NS,0.008,0.008
3325,32Mt_L1_NS,32MT_NS,0.031,0.031
3325,32Mt_L1_EW,32MT_EW,0.014,0.004
3325,32Nvl_L3_EW,NONE,0.012,0.0
3325,32Nvl_L3_EW,NONE,0.013,0.0
3325,32Nvl_L1_NS,32NVL_NS,0.007,0.007
3325,32Mt_L2_EW,32MT_EW,0.011,0.0
3330,304Nvl_L1_EW,304NVL_EW,0.008,0.008
3330,304Nvl_L2_EW,304NVL_EW,0.007,0.007
3330,32Nvl_L1_EW,32NVL_EW,0.007,0.002
3330,32Nvl_L2_EW,32NVL_EW,0.008,0.004
3330,32Nvl_L1_EW,32NVL_EW,0.013,0.009
3330,32Nvl_L2_EW,32NVL_EW,0.015,0.011
3330,NvcNvl_L3_NS,NONE,0.034,0.0
3330,NvcNvl_L2_NS,NONE,0.033,0.0
3330,32Mt_L1_EW,NONE,0.007,0.0
3330,32Mt_L3_EW,NONE,0.009,0.0
3330,32Mt_L1_EW,32MT_EW,0.007,0.002
3330,304Nvl_L3_EW,NONE,0.006,0.0
3330,32Nvl_L3_EW,NONE,0.012,0.0
3330,32Nvl_L3_EW,NONE,0.006,0.0
3330,NvcNvl_L1_NS,NONE,0.044,0.0
3330,32Mt_L2_EW,NONE,0.008,0.0
3330,32Mt_L2_EW,32MT_EW,0.005,0.0
3335,32Nvl_L1_EW,32NVL_EW,0.007,0.007
3335,32Nvl_L2_EW,32NVL_EW,0.008,0.008
3335,32Nvl_L1_EW,32NVL_EW,0.013,0.013
3335,32Nvl_L2_EW,32NVL_EW,0.015,0.015
3335,NvcNvl_L3_NS,NONE,0.068,0.0
3335,NvcNvl_L2_NS,NONE,0.066,0.0
3335,32Nvl_L3_EW,NONE,0.012,0.0
3335,32Nvl_L3_EW,NONE,0.006,0.0
3335,32Nvl_L1_NS,32NVL_NS,0.007,0.007
3335,NvcNvl_L1_NS,NONE,0.087,0.0
3340,32Nvl_L3_NS,NONE,0.007,0.0
3340,32Nvl_L1_NS,32NVL_NS,0.007,0.007
3340,32Nvl_L1_EW,32NVL_EW,0.007,0.002
3340,32Nvl_L2_EW,32NVL_EW,0.008,0.004
3340,32Nvl_L1_EW,32NVL_EW,0.013,0.009
3340,32Nvl_L2_EW,32NVL_EW,0.015,0.011
3340,32Mt_L1_EW,NONE,0.043,0.0
3340,32Mt_L3_EW,NONE,0.044,0.0
3340,32Mt_L1_EW,32MT_EW,0.007,0.002
3340,32Nvl_L2_NS,32NVL_NS,0.007,0.007
3340,32Nvl_L3_EW,NONE,0.012,0.0
3340,32Nvl_L3_EW,NONE,0.006,0.0
3340,32Mt_L2_EW,NONE,0.038,0.0
3340,32Mt_L2_EW,32MT_EW,0.005,0.0
3345,304Nvl_L1_EW,304NVL_EW,0.008,0.008
3345,304Nvl_L2_EW,304NVL_EW,0.007,0.007
3345,32Nvl_L3_NS,NONE,0.007,0.0
3345,32Nvl_L1_NS,32NVL_NS,0.007,0.007
3345,32Nvl_L1_EW,32NVL_EW,0.099,0.099
3345,32Nvl_L2_EW,32NVL_EW,0.108,0.108
3345,32Nvl_L1_EW,32NVL_EW,0.013,0.013
3345,32Nvl_L2_EW,32NVL_EW,0.015,0.015
3345,NvcNvl_L3_NS,NONE,0.014,0.0
3345,NvcNvl_L2_NS,NONE,0.013,0.0
3345,304Nvl_L3_EW,NONE,0.006,0.0
3345,32Nvl_L2_NS,32NVL_NS,0.007,0.007
3345,32Nvl_L3_EW,NONE,0.012,0.0
3345,32Nvl_L3_EW,NONE,0.088,0.0
3345,NvcNvl_L1_NS,NONE,0.017,0.0
3350,304Nvl_L1_EW,304NVL_EW,0.068,0.068
3350,304Nvl_L2_EW,304NVL_EW,0.058,0.058
3350,304Nvl_L1_NS,NONE,0.007,0.0
3350,304Nvl_L3_NS,NONE,0.008,0.0
3350,32Nvl_L1_NS,32NVL_NS,0.083,0.083
3350,32Nvl_L1_EW,32NVL_EW,0.106,0.082
3350,32Nvl_L2_EW,32NVL_EW,0.116,0.097
3350,32Nvl_L1_EW,32NVL_EW,0.013,-0.011
3350,32Nvl_L2_EW,32NVL_EW,0.015,-0.004
3350,32Mt_L1_EW,32MT_EW,0.035,-0.039
3350,32Mt_L1_NS,NONE,0.01,0.0
3350,NvcMt_L2_NS,NONE,0.005,0.0
3350,304Nvl_L3_EW,NONE,0.051,0.0
3350,304Nvl_L2_NS,NONE,0.007,0.0
3350,32Nvl_L2_NS,32NVL_NS,0.08,0.08
3350,32Nvl_L3_EW,NONE,0.012,0.0
3350,32Nvl_L3_EW,NONE,0.094,0.0
3350,32Mt_L2_EW,32MT_EW,0.027,-0.054
3350,32Mt_L2_NS,NONE,0.009,0.0
3350,NvcMt_L1_NS,NONE,0.005,0.0
3355,304Nvl_L1_NS,NONE,0.007,0.0
3355,32Nvl_L3_NS,NONE,0.082,0.0
3355,32Nvl_L1_NS,32NVL_NS,0.083,0.083
3355,32Nvl_L1_EW,32NVL_EW,0.021,0.021
3355,32Nvl_L2_EW,32NVL_EW,0.023,0.023
3355,32Nvl_L1_EW,32NVL_EW,0.013,0.013
3355,32Nvl_L2_EW,32NVL_EW,0.015,0.015
3355,32Nvl_L3_NS,NONE,0.008,0.0
3355,32Nvl_L2_NS,32NVL_NS,0.008,0.008
3355,NvcNvl_L1_EW,NONE,0.011,0.0
3355,NvcNvl_L2_EW,NONE,0.008,0.0
3355,NvcNvl_L1_EW,NVCNVL_EW,0.007,0.007
3355,32Mt_L1_EW,NONE,0.007,0.0
3355,32Mt_L3_EW,NONE,0.009,0.0
3355,NvcCmt8_L2_NS,NONE,0.011,0.0
3355,NvcCmt8_L1_NS,NONE,0.008,0.0
3355,32Nvl_L2_NS,32NVL_NS,0.08,0.08
3355,32Nvl_L3_EW,NONE,0.012,0.0
3355,32Nvl_L3_EW,NONE,0.019,0.0
3355,32Nvl_L1_NS,32NVL_NS,0.007,0.007
3355,32Mt_L2_EW,NONE,0.008,0.0
3360,304Nvl_L1_NS,304NVL_NS,0.009,-0.049
3360,304Nvl_L3_NS,NONE,0.007,0.0
3360,304Nvl_L1_EW,304NVL_EW,0.017,0.017
3360,304Nvl_L2_EW,304NVL_EW,0.007,0.007
3360,304Nvl_L1_NS,NONE,0.044,0.0
3360,32Nvl_L1_NS,32NVL_NS,0.083,0.077
3360,32Nvl_L1_EW,32NVL_EW,0.021,0.016
3360,32Nvl_L2_EW,32NVL_EW,0.023,0.023
3360,32Nvl_L3_NS,NONE,0.017,0.0
3360,32Nvl_L2_NS,32NVL_NS,0.016,0.01
3360,NvcNvl_L1_EW,NONE,0.011,0.0
3360,NvcNvl_L2_EW,NONE,0.008,0.0
3360,32Mt_L1_NS,32MT_NS,0.006,0.006
3360,32Mt_L1_EW,32MT_EW,0.007,-0.008
3360,304Nvl_L2_NS,304NVL_NS,0.008,-0.003
3360,304Nvl_L3_EW,NONE,0.006,0.0
3360,32Nvl_L2_NS,32NVL_NS,0.08,0.075
3360,32Nvl_L3_EW,NONE,0.019,0.0
3360,32Nvl_L1_NS,32NVL_NS,0.094,0.088
3365,304Nvl_L1_NS,304NVL_NS,0.009,-0.049
3365,304Nvl_L3_NS,NONE,0.007,0.0
3365,304Nvl_L1_EW,304NVL_EW,0.008,0.008
3365,304Nvl_L2_EW,304NVL_EW,0.007,0.007
3365,32Nvl_L1_NS,32NVL_NS,0.083,0.077
3365,32Nvl_L1_EW,32NVL_EW,0.007,0.007
3365,32Nvl_L2_EW,32NVL_EW,0.008,0.008
3365,32Nvl_L3_NS,NONE,0.1,0.0
3365,32Nvl_L2_NS,32NVL_NS,0.095,0.089
3365,NvcNvl_L1_EW,NONE,0.011,0.0
3365,NvcNvl_L2_EW,NONE,0.008,0.0
3365,NvcNvl_L1_EW,NVCNVL_EW,0.007,0.007
3365,NvcNvl_L2_EW,NVCNVL_EW,0.008,0.008
3365,32Mt_L1_NS,32MT_NS,0.006,0.006
3365,304Nvl_L2_NS,304NVL_NS,0.008,-0.059
3365,304Nvl_L3_EW,NONE,0.006,0.0
3365,32Nvl_L2_NS,32NVL_NS,0.08,0.075
3365,32Nvl_L3_EW,NONE,0.006,0.0
3365,32Nvl_L1_NS,32NVL_NS,0.168,0.161
3365,NvcNvl_L3_EW,NONE,0.006,0.0
3365,NvcNvl_L3_EW,NONE,0.009,0.0
3370,304Nvl_L1_EW,304NVL_EW,0.008,0.008
3370,304Nvl_L2_EW,304NVL_EW,0.007,0.007
3370,32Nvl_L1_NS,32NVL_NS,0.083,0.083
3370,32Nvl_L1_EW,32NVL_EW,0.014,0.014
3370,32Nvl_L2_EW,32NVL_EW,0.015,0.015
3370,32Nvl_L3_NS,NONE,0.109,0.0
3370,32Nvl_L2_NS,32NVL_NS,0.103,0.103
3370,NvcNvl_L1_EW,NVCNVL_EW,0.007,0.007
3370,NvcNvl_L2_EW,NVCNVL_EW,0.008,0.008
3370,304Nvl_L3_EW,NONE,0.006,0.0
3370,32Nvl_L2_NS,32NVL_NS,0.08,0.08
3370,32Nvl_L3_EW,NONE,0.013,0.0
3370,32Nvl_L1_NS,32NVL_NS,0.195,0.195
3370,NvcNvl_L3_EW,NONE,0.009,0.0
3375,304Nvl_L1_NS,304NVL_NS,0.045,0.045
3375,304Nvl_L3_NS,NONE,0.037,0.0
3375,304Nvl_L1_EW,304NVL_EW,0.017,0.017
3375,304Nvl_L2_EW,304NVL_EW,0.015,0.015
3375,32Nvl_L1_EW,32NVL_EW,0.007,0.007
3375,32Nvl_L2_EW,32NVL_EW,0.008,0.008
3375,32Nvl_L3_NS,NONE,0.008,0.0
3375,32Nvl_L2_NS,32NVL_NS,0.047,0.021
3375,NvcNvl_L1_EW,NVCNVL_EW,0.042,0.042
3375,NvcNvl_L2_EW,NVCNVL_EW,0.047,0.047
3375,NvcMt_L2_NS,NONE,0.005,0.0
3375,304Nvl_L2_NS,304NVL_NS,0.038,0.005
3375,304Nvl_L3_EW,NONE,0.006,0.0
3375,32Nvl_L3_EW,NONE,0.006,0.0
3375,32Nvl_L1_NS,32NVL_NS,0.067,0.035
3375,NvcNvl_L3_EW,NONE,0.056,0.0
3375,NvcMt_L1_NS,NONE,0.005,0.0
3380,304Nvl_L1_NS,304NVL_NS,0.045,0.016
3380,304Nvl_L3_NS,NONE,0.037,0.0
3380,32Nvl_L1_NS,32NVL_NS,0.042,0.01
3380,32Nvl_L1_EW,32NVL_EW,0.014,0.014
3380,32Nvl_L2_EW,32NVL_EW,0.015,0.015
3380,32Nvl_L3_NS,NONE,0.042,0.0
3380,32Nvl_L2_NS,32NVL_NS,0.039,0.013
3380,NvcNvl_L3_NS,NONE,0.007,0.0
3380,NvcNvl_L2_NS,NONE,0.007,0.0
3380,NvcNvl_L1_EW,NVCNVL_EW,0.077,0.077
3380,NvcNvl_L2_EW,NVCNVL_EW,0.086,0.086
3380,304Nvl_L2_NS,304NVL_NS,0.038,0.01
3380,32Nvl_L2_NS,32NVL_NS,0.007,-0.02
3380,32Nvl_L3_EW,NONE,0.013,0.0
3380,32Nvl_L1_NS,32NVL_NS,0.047,0.015
3380,NvcNvl_L1_NS,NONE,0.009,0.0
3380,NvcNvl_L3_EW,NONE,0.102,0.0
3385,304Nvl_L1_NS,304NVL_NS,0.054,0.011
3385,304Nvl_L3_NS,NONE,0.037,0.0
3385,304Nvl_L1_NS,NONE,0.007,0.0
3385,32Nvl_L3_NS,NONE,0.007,0.0
3385,32Nvl_L1_NS,32NVL_NS,0.062,0.024
3385,32Nvl_L1_EW,32NVL_EW,0.014,0.014
3385,32Nvl_L2_EW,32NVL_EW,0.015,0.015
3385,NvcNvl_L1_EW,NONE,0.011,0.0
3385,NvcNvl_L2_EW,NONE,0.008,0.0
3385,NvcNvl_L1_EW,NVCNVL_EW,0.077,0.077
3385,NvcNvl_L2_EW,NVCNVL_EW,0.086,0.086
3385,304Nvl_L2_NS,304NVL_NS,0.038,0.038
3385,32Nvl_L2_NS,32NVL_NS,0.047,0.02
3385,32Nvl_L3_EW,NONE,0.013,0.0
3385,NvcNvl_L3_EW,NONE,0.102,0.0
3390,304Nvl_L1_NS,304NVL_NS,0.054,0.025
3390,304Nvl_L3_NS,NONE,0.037,0.0
3390,304Nvl_L1_EW,304NVL_EW,0.008,0.008
3390,32Nvl_L1_NS,32NVL_NS,0.042,0.003
3390,32Nvl_L1_EW,32NVL_EW,0.007,0.007
3390,32Nvl_L2_EW,32NVL_EW,0.008,0.008
3390,32Nvl_L3_NS,NONE,0.008,0.0
3390,32Nvl_L2_NS,32NVL_NS,0.008,-0.019
3390,NvcNvl_L1_EW,NVCNVL_EW,0.042,0.042
3390,NvcNvl_L2_EW,NVCNVL_EW,0.047,0.047
3390,32Mt_L1_EW,NONE,0.007,0.0
3390,32Mt_L3_EW,NONE,0.009,0.0
3390,304Nvl_L2_NS,304NVL_NS,0.038,0.032
3390,32Nvl_L2_NS,32NVL_NS,0.033,0.007
3390,32Nvl_L3_EW,NONE,0.006,0.0
3390,32Nvl_L1_NS,32NVL_NS,0.047,0.009
3390,NvcNvl_L3_EW,NONE,0.056,0.0
3390,32Mt_L2_EW,NONE,0.008,0.0
3395,304Nvl_L1_NS,304NVL_NS,0.054,0.054
3395,304Nvl_L3_NS,NONE,0.037,0.0
3395,32Nvl_L1_EW,32NVL_EW,0.007,0.007
3395,32Nvl_L2_EW,32NVL_EW,0.008,0.008
3395,NvcNvl_L1_EW,NONE,0.011,0.0
3395,NvcNvl_L2_EW,NONE,0.008,0.0
3395,NvcNvl_L1_EW,NVCNVL_EW,0.042,0.042
3395,NvcNvl_L2_EW,NVCNVL_EW,0.047,0.047
3395,304Nvl_L2_NS,304NVL_NS,0.046,0.046
3395,32Nvl_L3_EW,NONE,0.006,0.0
3395,NvcNvl_L3_EW,NONE,0.006,0.0
3395,NvcNvl_L3_EW,NONE,0.056,0.0
3400,304Nvl_L1_NS,304NVL_NS,0.045,0.045
3400,304Nvl_L3_NS,NONE,0.037,0.0
3400,32Nvl_L1_EW,32NVL_EW,0.007,0.002
3400,32Nvl_L2_EW,32NVL_EW,0.008,0.008
3400,NvcNvl_L1_EW,NONE,0.053,0.0
3400,NvcNvl_L2_EW,NONE,0.038,0.0
3400,NvcNvl_L1_EW,NVCNVL_EW,0.042,0.038
3400,NvcNvl_L2_EW,NVCNVL_EW,0.047,0.047
3400,32Mt_L1_EW,32MT_EW,0.007,0.002
3400,NvcMt_L1_EW,NVCMT_EW,0.006,-0.023
3400,304Nvl_L2_NS,304NVL_NS,0.038,0.038
3400,32Nvl_L3_EW,NONE,0.006,0.0
3400,NvcNvl_L3_EW,NONE,0.032,0.0
3400,NvcNvl_L3_EW,NONE,0.056,0.0
3400,NvcMt_L2_EW,NVCMT_EW,0.008,-0.025
3405,304Nvl_L1_NS,304NVL_NS,0.045,0.045
3405,304Nvl_L3_NS,NONE,0.037,0.0
3405,304Nvl_L1_EW,304NVL_EW,0.008,0.008
3405,304Nvl_L2_EW,304NVL_EW,0.007,0.007
3405,304Nvl_L1_NS,NONE,0.036,0.0
3405,304Nvl_L3_NS,NONE,0.04,0.0
3405,32Nvl_L1_EW,32NVL_EW,0.007,0.002
3405,32Nvl_L2_EW,32NVL_EW,0.008,0.004
3405,NvcNvl_L3_NS,NONE,0.007,0.0
3405,NvcNvl_L2_NS,NONE,0.007,0.0
3405,NvcNvl_L1_EW,NVCNVL_EW,0.056,0.052
3405,NvcNvl_L2_EW,NVCNVL_EW,0.055,0.055
3405,32Mt_L1_EW,32MT_EW,0.007,0.002
3405,NvcMt_L1_EW,NVCMT_EW,0.006,-0.033
3405,304Nvl_L2_NS,304NVL_NS,0.038,0.038
3405,304Nvl_L3_EW,NONE,0.006,0.0
3405,304Nvl_L2_NS,NONE,0.037,0.0
3405,32Nvl_L3_EW,NONE,0.006,0.0
3405,NvcNvl_L1_NS,NONE,0.009,0.0
3405,NvcNvl_L3_EW,NONE,0.065,0.0
3405,32Mt_L2_EW,32MT_EW,0.005,0.0
3405,NvcMt_L2_EW,NVCMT_EW,0.008,-0.03
3410,304Nvl_L1_NS,304NVL_NS,0.045,0.04
3410,304Nvl_L3_NS,NONE,0.037,0.0
3410,32Nvl_L3_NS,NONE,0.007,0.0
3410,32Nvl_L1_NS,32NVL_NS,0.007,-0.025
3410,32Nvl_L1_EW,32NVL_EW,0.014,0.004
3410,32Nvl_L2_EW,32NVL_EW,0.015,0.006
3410,32Nvl_L3_NS,NONE,0.008,0.0
3410,32Nvl_L2_NS,32NVL_NS,0.008,-0.019
3410,NvcNvl_L1_EW,NVCNVL_EW,0.063,0.059
3410,NvcNvl_L2_EW,NVCNVL_EW,0.062,0.062
3410,32Mt_L1_EW,32MT_EW,0.007,-0.003
3410,NvcMt_L1_EW,NVCMT_EW,0.006,-0.038
3410,32Thn_L1_EW,32THN_EW,0.008,-0.002
3410,32Thn_L2_EW,32THN_EW,0.008,-0.002
3410,32Thn_L3_EW,NONE,0.008,0.0
3410,304Nvl_L2_NS,304NVL_NS,0.038,0.032
3410,32Nvl_L2_NS,32NVL_NS,0.007,-0.02
3410,32Nvl_L3_EW,NONE,0.013,0.0
3410,32Nvl_L1_NS,32NVL_NS,0.007,-0.025
3410,NvcNvl_L3_EW,NONE,0.074,0.0
3410,32Mt_L2_EW,32MT_EW,0.005,-0.005
3410,NvcMt_L2_EW,NVCMT_EW,0.008,-0.036
3415,304Nvl_L1_NS,304NVL_NS,0.045,0.045
3415,304Nvl_L3_NS,NONE,0.037,0.0
3415,304Nvl_L1_EW,304NVL_EW,0.059,0.059
3415,304Nvl_L2_EW,304NVL_EW,0.007,0.007
3415,304Nvl_L1_NS,NONE,0.007,0.0
3415,304Nvl_L3_NS,NONE,0.008,0.0
3415,32Nvl_L1_EW,32NVL_EW,0.014,0.009
3415,32Nvl_L2_EW,32NVL_EW,0.015,0.01
3415,NvcNvl_L3_NS,NONE,0.081,0.0
3415,NvcNvl_L2_NS,NONE,0.079,0.0
3415,NvcNvl_L1_EW,NVCNVL_EW,0.063,0.063
3415,NvcNvl_L2_EW,NVCNVL_EW,0.062,0.062
3415,32Mt_L1_EW,NONE,0.007,0.0
3415,32Mt_L3_EW,NONE,0.009,0.0
3415,32Mt_L1_NS,NONE,0.01,0.0
3415,32Thn_L1_EW,32THN_EW,0.008,-0.002
3415,32Thn_L2_EW,32THN_EW,0.008,-0.002
3415,32Thn_L3_EW,NONE,0.008,0.0
3415,304Nvl_L2_NS,304NVL_NS,0.038,0.038
3415,304Nvl_L3_EW,NONE,0.006,0.0
3415,304Nvl_L2_NS,NONE,0.007,0.0
3415,32Nvl_L3_EW,NONE,0.013,0.0
3415,NvcNvl_L1_NS,NONE,0.105,0.0
3415,NvcNvl_L3_EW,NONE,0.074,0.0
3415,32Mt_L2_EW,NONE,0.008,0.0
3415,32Mt_L2_NS,NONE,0.009,0.0
3420,304Nvl_L1_NS,304NVL_NS,0.045,0.045
3420,304Nvl_L3_NS,NONE,0.037,0.0
3420,304Nvl_L1_EW,304NVL_EW,0.017,0.017
3420,304Nvl_L2_EW,304NVL_EW,0.015,0.015
3420,304Nvl_L1_NS,NONE,0.007,0.0
3420,304Nvl_L3_NS,NONE,0.008,0.0
3420,32Nvl_L1_EW,32NVL_EW,0.007,0.001
3420,32Nvl_L2_EW,32NVL_EW,0.008,0.002
3420,32Nvl_L3_NS,NONE,0.05,0.0
3420,32Nvl_L2_NS,32NVL_NS,0.047,0.021
3420,NvcNvl_L3_NS,NONE,0.095,0.0
3420,NvcNvl_L2_NS,NONE,0.092,0.0
3420,NvcNvl_L1_EW,NVCNVL_EW,0.007,0.007
3420,NvcNvl_L2_EW,NVCNVL_EW,0.008,0.006
3420,32Mt_L1_NS,32MT_NS,0.006,0.006
3420,NvcMt_L2_EW,NVCMT_EW,0.003,-0.003
3420,32Thn_L1_EW,32THN_EW,0.008,0.003
3420,32Thn_L2_EW,32THN_EW,0.008,0.003
3420,32Thn_L3_EW,NONE,0.008,0.0
3420,304Nvl_L2_NS,304NVL_NS,0.038,0.005
3420,304Nvl_L3_EW,NONE,0.013,0.0
3420,304Nvl_L2_NS,NONE,0.007,0.0
3420,32Nvl_L3_EW,NONE,0.006,0.0
3420,32Nvl_L1_NS,32NVL_NS,0.054,0.022
3420,NvcNvl_L1_NS,NONE,0.122,0.0
3420,NvcNvl_L3_EW,NONE,0.009,0.0
3420,32Mt_L2_NS,32MT_NS,0.006,0.006
3420,NvcMt_L1_EW,NVCMT_EW,0.006,0.001
3425,304Nvl_L1_NS,304NVL_NS,0.045,0.045
3425,304Nvl_L3_NS,NONE,0.037,0.0
3425,304Nvl_L1_EW,304NVL_EW,0.017,0.017
3425,304Nvl_L2_EW,304NVL_EW,0.007,0.007
3425,304Nvl_L1_NS,NONE,0.007,0.0
3425,32Nvl_L1_EW,32NVL_EW,0.007,-0.061
3425,32Nvl_L2_EW,32NVL_EW,0.008,-0.038
3425,32Nvl_L3_NS,NONE,0.033,0.0
3425,32Nvl_L2_NS,32NVL_NS,0.032,0.005
3425,NvcNvl_L3_NS,NONE,0.027,0.0
3425,NvcNvl_L2_NS,NONE,0.026,0.0
3425,NvcNvl_L1_EW,NVCNVL_EW,0.007,0.003
3425,NvcNvl_L2_EW,NVCNVL_EW,0.008,0.008
3425,32Mt_L1_NS,32MT_NS,0.006,0.006
3425,32Mt_L1_EW,32MT_EW,0.098,0.093
3425,NvcMt_L1_EW,NVCMT_EW,0.006,0.001
3425,32Thn_L1_EW,NONE,0.01,0.0
3425,304Nvl_L2_NS,304NVL_NS,0.038,0.016
3425,304Nvl_L3_EW,NONE,0.006,0.0
3425,32Nvl_L3_EW,NONE,0.006,0.0
3425,32Nvl_L1_NS,32NVL_NS,0.027,-0.005
3425,NvcNvl_L1_NS,NONE,0.035,0.0
3425,NvcNvl_L3_EW,NONE,0.009,0.0
3425,32Mt_L2_NS,32MT_NS,0.006,0.006
3425,32Mt_L2_EW,32MT_EW,0.065,0.06
3425,NvcMt_L2_EW,NVCMT_EW,0.008,0.002
3430,304Nvl_L1_NS,304NVL_NS,0.045,0.045
3430,304Nvl_L3_NS,NONE,0.037,0.0
3430,304Nvl_L1_EW,304NVL_EW,0.025,0.025
3430,304Nvl_L2_EW,304NVL_EW,0.007,0.007
3430,32Nvl_L1_EW,32NVL_EW,0.007,-0.061
3430,32Nvl_L2_EW,32NVL_EW,0.008,-0.042
3430,NvcNvl_L3_NS,NONE,0.02,0.0
3430,NvcNvl_L2_NS,NONE,0.02,0.0
3430,NvcNvl_L1_EW,NONE,0.128,0.0
3430,NvcNvl_L2_EW,NONE,0.092,0.0
3430,32Mt_L1_NS,32MT_NS,0.006,0.006
3430,32Mt_L1_EW,NONE,0.036,0.0
3430,32Mt_L3_EW,NONE,0.044,0.0
3430,32Mt_L1_EW,32MT_EW,0.098,0.093
3430,32Thn_L1_EW,NONE,0.01,0.0
3430,304Nvl_L2_NS,304NVL_NS,0.038,0.038
3430,304Nvl_L3_EW,NONE,0.006,0.0
3430,32Nvl_L3_EW,NONE,0.006,0.0
3430,NvcNvl_L1_NS,NONE,0.026,0.0
3430,32Mt_L2_NS,32MT_NS,0.006,0.006
3430,32Mt_L2_EW,NONE,0.038,0.0
3430,32Mt_L2_EW,32MT_EW,0.071,0.065
3435,304Nvl_L1_NS,304NVL_NS,0.045,0.031
3435,304Nvl_L3_NS,NONE,0.037,0.0
3435,304Nvl_L1_NS,NONE,0.015,0.0
3435,32Nvl_L1_NS,32NVL_NS,0.021,-0.011
3435,32Nvl_L1_EW,32NVL_EW,0.007,-0.066
3435,32Nvl_L2_EW,32NVL_EW,0.008,-0.046
3435,NvcNvl_L3_NS,NONE,0.007,0.0
3435,NvcNvl_L2_NS,NONE,0.007,0.0
3435,NvcNvl_L1_EW,NONE,0.011,0.0
3435,NvcNvl_L2_EW,NONE,0.008,0.0
3435,NvcNvl_L1_EW,NVCNVL_EW,0.007,0.007
3435,32Mt_L1_NS,32MT_NS,0.006,0.006
3435,32Mt_L1_EW,NONE,0.079,0.0
3435,32Mt_L3_EW,NONE,0.097,0.0
3435,32Mt_L1_EW,32MT_EW,0.105,0.1
3435,32Thn_L1_EW,NONE,0.01,0.0
3435,304Nvl_L2_NS,304NVL_NS,0.038,0.038
3435,32Nvl_L3_EW,NONE,0.006,0.0
3435,NvcNvl_L1_NS,NONE,0.009,0.0
3435,32Mt_L2_NS,32MT_NS,0.006,0.006
3435,32Mt_L2_EW,NONE,0.083,0.0
3435,32Mt_L2_EW,32MT_EW,0.076,0.071
3440,304Nvl_L1_NS,304NVL_NS,0.045,0.04
3440,304Nvl_L3_NS,NONE,0.037,0.0
3440,304Nvl_L1_EW,304NVL_EW,0.008,0.008
3440,304Nvl_L2_EW,304NVL_EW,0.007,0.007
3440,32Nvl_L1_NS,32NVL_NS,0.007,-0.025
3440,32Nvl_L1_EW,32NVL_EW,0.007,0.002
3440,32Nvl_L2_EW,32NVL_EW,0.008,0.004
3440,NvcNvl_L1_EW,NVCNVL_EW,0.007,0.007
3440,32Mt_L1_EW,NONE,0.014,0.0
3440,32Mt_L3_EW,NONE,0.018,0.0
3440,32Mt_L1_EW,32MT_EW,0.007,0.002
3440,32Mt_L1_NS,NONE,0.01,0.0
3440,304Nvl_L2_NS,304NVL_NS,0.038,0.038
3440,304Nvl_L3_EW,NONE,0.006,0.0
3440,32Nvl_L3_EW,NONE,0.006,0.0
3440,32Mt_L2_EW,NONE,0.015,0.0
3440,32Mt_L2_EW,32MT_EW,0.005,0.0
3440,32Mt_L2_NS,NONE,0.009,0.0
3445,304Nvl_L1_NS,304NVL_NS,0.045,0.045
3445,304Nvl_L3_NS,NONE,0.037,0.0
3445,NvcNvl_L3_NS,NONE,0.007,0.0
3445,NvcNvl_L2_NS,NONE,0.007,0.0
3445,32Mt_L1_EW,32MT_EW,0.049,0.049
3445,NvcMt_L2_NS,NONE,0.005,0.0
3445,NvcMt_L1_EW,NVCMT_EW,0.006,0.006
3445,304Nvl_L2_NS,304NVL_NS,0.038,0.038
3445,NvcNvl_L1_NS,NONE,0.009,0.0
3445,32Mt_L2_EW,32MT_EW,0.033,0.033
3445,NvcMt_L1_NS,NONE,0.005,0.0
3445,NvcMt_L2_EW,NVCMT_EW,0.008,0.008
3450,304Nvl_L1_NS,304NVL_NS,0.045,0.04
3450,304Nvl_L3_NS,NONE,0.037,0.0
3450,304Nvl_L1_EW,304NVL_EW,0.008,0.008
3450,304Nvl_L2_EW,304NVL_EW,0.007,0.007
3450,304Nvl_L1_NS,NONE,0.007,0.0
3450,32Nvl_L1_NS,32NVL_NS,0.007,-0.025
3450,32Nvl_L1_EW,32NVL_EW,0.007,-0.091
3450,32Nvl_L2_EW,32NVL_EW,0.008,-0.011
3450,32Nvl_L3_NS,NONE,0.008,0.0
3450,32Nvl_L2_NS,32NVL_NS,0.008,-0.019
3450,32Mt_L1_EW,NONE,0.094,0.0
3450,32Mt_L3_EW,NONE,0.106,0.0
3450,32Mt_L1_EW,32MT_EW,0.139,0.135
3450,304Nvl_L2_NS,304NVL_NS,0.038,0.032
3450,304Nvl_L3_EW,NONE,0.006,0.0
3450,32Nvl_L2_NS,32NVL_NS,0.007,-0.02
3450,32Nvl_L3_EW,NONE,0.006,0.0
3450,32Nvl_L1_NS,32NVL_NS,0.013,-0.018
3450,32Mt_L2_EW,NONE,0.09,0.0
3450,32Mt_L2_EW,32MT_EW,0.027,0.022
3455,304Nvl_L1_NS,304NVL_NS,0.045,0.036
3455,304Nvl_L3_NS,NONE,0.037,0.0
3455,304Nvl_L1_EW,304NVL_EW,0.085,0.085
3455,304Nvl_L2_EW,304NVL_EW,0.073,0.073
3455,304Nvl_L1_NS,NONE,0.007,0.0
3455,304Nvl_L3_NS,NONE,0.008,0.0
3455,32Nvl_L3_NS,NONE,0.007,0.0
3455,32Nvl_L1_NS,32NVL_NS,0.014,-0.018
3455,32Nvl_L3_NS,NONE,0.008,0.0
3455,32Nvl_L2_NS,32NVL_NS,0.008,-0.019
3455,NvcNvl_L3_NS,NONE,0.007,0.0
3455,NvcNvl_L2_NS,NONE,0.007,0.0
3455,NvcNvl_L1_EW,NONE,0.011,0.0
3455,NvcNvl_L2_EW,NONE,0.008,0.0
3455,32Mt_L1_EW,NONE,0.022,0.0
3455,32Mt_L3_EW,NONE,0.018,0.0
3455,32Mt_L1_EW,32MT_EW,0.098,0.098
3455,NvcMt_L2_NS,NONE,0.005,0.0
3455,304Nvl_L2_NS,304NVL_NS,0.038,0.032
3455,304Nvl_L3_EW,NONE,0.032,0.0
3455,304Nvl_L2_NS,NONE,0.007,0.0
3455,32Nvl_L2_NS,32NVL_NS,0.013,-0.013
3455,32Nvl_L1_NS,32NVL_NS,0.013,-0.018
3455,NvcNvl_L1_NS,NONE,0.009,0.0
3455,32Mt_L2_EW,NONE,0.015,0.0
3455,32Mt_L2_EW,32MT_EW,0.076,0.076
3455,NvcMt_L1_NS,NONE,0.005,0.0
3460,304Nvl_L1_NS,304NVL_NS,0.045,0.031
3460,304Nvl_L3_NS,NONE,0.037,0.0
3460,304Nvl_L1_EW,304NVL_EW,0.051,0.051
3460,304Nvl_L2_EW,304NVL_EW,0.044,0.044
3460,304Nvl_L1_NS,NONE,0.015,0.0
3460,304Nvl_L3_NS,NONE,0.008,0.0
3460,32Nvl_L3_NS,NONE,0.014,0.0
3460,32Nvl_L1_NS,32NVL_NS,0.021,-0.011
3460,32Nvl_L3_NS,NONE,0.008,0.0
3460,32Nvl_L2_NS,32NVL_NS,0.008,-0.019
3460,32Mt_L1_EW,32MT_EW,0.174,0.174
3460,304Nvl_L2_NS,304NVL_NS,0.038,0.032
3460,304Nvl_L3_EW,NONE,0.038,0.0
3460,304Nvl_L2_NS,NONE,0.007,0.0
3460,32Nvl_L2_NS,32NVL_NS,0.02,-0.007
3460,32Nvl_L1_NS,32NVL_NS,0.013,-0.018
3460,32Mt_L2_EW,32MT_EW,0.071,0.071
3465,304Nvl_L1_NS,304NVL_NS,0.045,0.036
3465,304Nvl_L3_NS,NONE,0.037,0.0
3465,304Nvl_L1_EW,304NVL_EW,0.008,0.008
3465,304Nvl_L1_NS,NONE,0.051,0.0
3465,304Nvl_L3_NS,NONE,0.016,0.0
3465,32Nvl_L3_NS,NONE,0.007,0.0
3465,32Nvl_L1_NS,32NVL_NS,0.014,-0.018
3465,32Nvl_L3_NS,NONE,0.008,0.0
3465,32Nvl_L2_NS,32NVL_NS,0.008,-0.019
3465,NvcNvl_L1_EW,NONE,0.011,0.0
3465,NvcNvl_L2_EW,NONE,0.008,0.0
3465,NvcNvl_L1_EW,NVCNVL_EW,0.007,0.007
3465,NvcNvl_L2_EW,NVCNVL_EW,0.008,0.008
3465,32Mt_L1_EW,32MT_EW,0.098,0.098
3465,32Mt_L1_NS,NONE,0.01,0.0
3465,NvcMt_L2_NS,NONE,0.005,0.0
3465,NvcCmt8_L2_NS,NONE,0.011,0.0
3465,NvcCmt8_L1_NS,NONE,0.008,0.0
3465,304Nvl_L2_NS,304NVL_NS,0.038,0.032
3465,304Nvl_L2_NS,NONE,0.015,0.0
3465,32Nvl_L2_NS,32NVL_NS,0.013,-0.013
3465,32Nvl_L1_NS,32NVL_NS,0.013,-0.018
3465,NvcNvl_L3_EW,NONE,0.006,0.0
3465,NvcNvl_L3_EW,NONE,0.009,0.0
3465,32Mt_L2_EW,32MT_EW,0.071,0.071
3465,NvcMt_L1_NS,NONE,0.005,0.0
3470,304Nvl_L1_NS,304NVL_NS,0.045,0.036
3470,304Nvl_L3_NS,NONE,0.037,0.0
3470,304Nvl_L1_EW,304NVL_EW,0.008,0.008
3470,32Nvl_L3_NS,NONE,0.007,0.0
3470,32Nvl_L1_NS,32NVL_NS,0.014,-0.018
3470,32Nvl_L1_EW,32NVL_EW,0.007,0.002
3470,32Nvl_L2_EW,32NVL_EW,0.008,0.008
3470,32Nvl_L3_NS,NONE,0.017,0.0
3470,32Nvl_L2_NS,32NVL_NS,0.016,-0.011
3470,32Mt_L1_EW,32MT_EW,0.007,0.002
3470,304Nvl_L2_NS,304NVL_NS,0.038,0.027
3470,32Nvl_L2_NS,32NVL_NS,0.013,-0.013
3470,32Nvl_L3_EW,NONE,0.006,0.0
3470,32Nvl_L1_NS,32NVL_NS,0.02,-0.012
3475,304Nvl_L1_NS,304NVL_NS,0.045,0.036
3475,304Nvl_L3_NS,NONE,0.037,0.0
3475,304Nvl_L1_EW,304NVL_EW,0.017,0.017
3475,32Nvl_L3_NS,NONE,0.007,0.0
3475,32Nvl_L1_NS,32NVL_NS,0.014,-0.018
3475,32Nvl_L3_NS,NONE,0.017,0.0
3475,32Nvl_L2_NS,32NVL_NS,0.016,-0.011
3475,NvcNvl_L3_NS,NONE,0.007,0.0
3475,NvcNvl_L2_NS,NONE,0.007,0.0
3475,NvcNvl_L1_EW,NONE,0.011,0.0
3475,NvcNvl_L2_EW,NONE,0.008,0.0
3475,32Mt_L1_EW,32MT_EW,0.007,0.007
3475,304Nvl_L2_NS,304NVL_NS,0.038,0.027
3475,32Nvl_L2_NS,32NVL_NS,0.013,-0.013
3475,32Nvl_L1_NS,32NVL_NS,0.013,-0.018
3475,NvcNvl_L1_NS,NONE,0.009,0.0
3475,NvcNvl_L3_EW,NONE,0.006,0.0
3480,32Nvl_L3_NS,NONE,0.007,0.0
3480,32Nvl_L1_NS,32NVL_NS,0.007,0.007
3480,32Nvl_L3_NS,NONE,0.008,0.0
3480,32Nvl_L2_NS,32NVL_NS,0.008,0.008
3480,32Mt_L1_EW,NONE,0.007,0.0
3480,NvcMt_L2_NS,NONE,0.005,0.0
3480,32Nvl_L2_NS,32NVL_NS,0.007,0.007
3480,32Nvl_L1_NS,32NVL_NS,0.013,0.013
3480,32Mt_L2_EW,NONE,0.008,0.0
3480,NvcMt_L1_NS,NONE,0.005,0.0
3485,304Thn_L1_EW,304THN_EW,0.008,-0.021
3485,304Thn_L3_EW,NONE,0.008,0.0
3485,304Nvl_L1_EW,304NVL_EW,0.042,0.037
3485,304Nvl_L2_EW,304NVL_EW,0.036,0.031
3485,32Nvl_L3_NS,NONE,0.034,0.0
3485,32Nvl_L1_NS,32NVL_NS,0.035,0.035
3485,32Nvl_L2_NS,32NVL_NS,0.008,0.008
3485,NvcNvl_L1_EW,NVCNVL_EW,0.007,0.007
3485,32Mt_L1_EW,NONE,0.007,0.0
3485,32Mt_L3_EW,NONE,0.009,0.0
3485,32Mt_L1_EW,32MT_EW,0.014,0.014
3485,NvcCmt8_L2_EW,NONE,0.007,0.0
3485,NvcCmt8_L2_NS,NONE,0.011,0.0
3485,NvcCmt8_L1_NS,NONE,0.008,0.0
3485,304Nvl_L3_EW,NONE,0.032,0.0
3485,32Nvl_L2_NS,32NVL_NS,0.033,0.033
3485,32Nvl_L1_NS,32NVL_NS,0.02,0.02
3485,32Mt_L2_EW,NONE,0.008,0.0
3485,32Mt_L2_EW,32MT_EW,0.005,0.005
3485,NvcCmt8_L1_EW,NONE,0.006,0.0
3485,304Thn_L2_EW,304THN_EW,0.007,-0.018
3490,304Thn_L1_EW,304THN_EW,0.008,-0.027
3490,304Thn_L3_EW,NONE,0.008,0.0
3490,304Nvl_L1_EW,304NVL_EW,0.051,0.045
3490,304Nvl_L2_EW,304NVL_EW,0.044,0.038
3490,304Nvl_L1_NS,NONE,0.036,0.0
3490,32Nvl_L3_NS,NONE,0.007,0.0
3490,32Nvl_L1_NS,32NVL_NS,0.007,0.007
3490,NvcNvl_L3_NS,NONE,0.007,0.0
3490,NvcNvl_L2_NS,NONE,0.007,0.0
3490,NvcNvl_L1_EW,NONE,0.011,0.0
3490,NvcNvl_L2_EW,NONE,0.008,0.0
3490,32Mt_L1_EW,NONE,0.007,0.0
3490,32Mt_L3_EW,NONE,0.009,0.0
3490,32Mt_L1_EW,32MT_EW,0.014,0.014
3490,32Thn_L1_EW,32THN_EW,0.008,0.008
3490,32Thn_L2_EW,32THN_EW,0.008,0.008
3490,32Thn_L3_EW,NONE,0.008,0.0
3490,304Nvl_L3_EW,NONE,0.038,0.0
3490,32Nvl_L2_NS,32NVL_NS,0.007,0.007
3490,32Nvl_L1_NS,32NVL_NS,0.007,0.007
3490,NvcNvl_L1_NS,NONE,0.009,0.0
3490,NvcNvl_L3_EW,NONE,0.006,0.0
3490,32Mt_L2_EW,NONE,0.008,0.0
3490,32Mt_L2_EW,32MT_EW,0.005,0.005
3490,304Thn_L2_EW,304THN_EW,0.007,-0.023
3495,304Thn_L1_EW,304THN_EW,0.008,-0.033
3495,304Thn_L3_EW,NONE,0.008,0.0
3495,304Nvl_L1_EW,304NVL_EW,0.059,0.053
3495,304Nvl_L2_EW,304NVL_EW,0.051,0.046
3495,304Nvl_L1_NS,NONE,0.036,0.0
3495,32Nvl_L1_NS,32NVL_NS,0.035,0.035
3495,32Nvl_L1_EW,32NVL_EW,0.007,-0.009
3495,32Nvl_L2_EW,32NVL_EW,0.007,-0.006
3495,32Nvl_L3_NS,NONE,0.1,0.0
3495,32Nvl_L2_NS,32NVL_NS,0.095,0.095
3495,NvcNvl_L1_EW,NONE,0.011,0.0
3495,NvcNvl_L2_EW,NONE,0.008,0.0
3495,32Mt_L1_EW,32MT_EW,0.014,0.014
3495,32Mt_L1_NS,NONE,0.02,0.0
3495,NvcMt_L1_EW,NVCMT_EW,0.006,0.001
3495,32Thn_L1_EW,32THN_EW,0.008,0.008
3495,32Thn_L2_EW,32THN_EW,0.008,0.008
3495,32Thn_L3_EW,NONE,0.008,0.0
3495,304Nvl_L3_EW,NONE,0.044,0.0
3495,32Nvl_L2_NS,32NVL_NS,0.033,0.033
3495,32Nvl_L3_EW,NONE,0.006,0.0
3495,32Nvl_L1_NS,32NVL_NS,0.114,0.114
3495,32Mt_L2_EW,32MT_EW,0.011,0.011
3495,32Mt_L2_NS,NONE,0.009,0.0
3495,NvcMt_L2_EW,NVCMT_EW,0.008,0.008
3495,NvcCmt8_L1_EW,NVCCMT8_EW,0.008,0.003
3495,304Thn_L2_EW,304THN_EW,0.007,-0.028
3500,304Nvl_L1_EW,304NVL_EW,0.059,0.059
3500,304Nvl_L2_EW,304NVL_EW,0.051,0.051
3500,32Nvl_L1_EW,32NVL_EW,0.007,0.001
3500,32Nvl_L2_EW,32NVL_EW,0.007,0.002
3500,32Nvl_L3_NS,NONE,0.1,0.0
3500,32Nvl_L2_NS,32NVL_NS,0.095,0.095
3500,NvcNvl_L1_EW,NONE,0.021,0.0
3500,NvcNvl_L2_EW,NONE,0.015,0.0
3500,32Mt_L1_EW,NONE,0.007,0.0
3500,32Mt_L1_NS,NONE,0.02,0.0
3500,NvcMt_L1_EW,NVCMT_EW,0.006,0.006
3500,32Thn_L1_EW,32THN_EW,0.008,0.008
3500,32Thn_L2_EW,32THN_EW,0.008,0.008
3500,32Thn_L3_EW,NONE,0.008,0.0
3500,304Nvl_L3_EW,NONE,0.044,0.0
3500,32Nvl_L3_EW,NONE,0.006,0.0
3500,32Nvl_L1_NS,32NVL_NS,0.081,0.081
3500,NvcMt_L2_EW,NVCMT_EW,0.008,0.008
3505,304Nvl_L1_EW,304NVL_EW,0.059,0.059
3505,304Nvl_L2_EW,304NVL_EW,0.051,0.051
3505,32Nvl_L1_EW,32NVL_EW,0.007,0.001
3505,32Nvl_L2_EW,32NVL_EW,0.007,0.002
3505,NvcNvl_L3_NS,NONE,0.007,0.0
3505,NvcNvl_L2_NS,NONE,0.007,0.0
3505,32Mt_L1_NS,NONE,0.01,0.0
3505,NvcMt_L1_EW,NVCMT_EW,0.006,0.006
3505,32Thn_L1_EW,32THN_EW,0.008,0.008
3505,32Thn_L2_EW,32THN_EW,0.008,0.008
3505,32Thn_L3_EW,NONE,0.008,0.0
3505,304Nvl_L3_EW,NONE,0.044,0.0
3505,32Nvl_L3_EW,NONE,0.006,0.0
3505,32Nvl_L1_NS,32NVL_NS,0.034,0.034
3505,NvcNvl_L1_NS,NONE,0.009,0.0
3505,NvcMt_L2_EW,NVCMT_EW,0.008,0.008
3510,304Thn_L1_EW,NONE,0.007,0.0
3510,304Nvl_L1_EW,304NVL_EW,0.059,0.059
3510,304Nvl_L2_EW,304NVL_EW,0.051,0.051
3510,304Nvl_L1_NS,NONE,0.007,0.0
3510,32Nvl_L1_EW,32NVL_EW,0.007,0.007
3510,32Nvl_L2_EW,32NVL_EW,0.007,0.007
3510,32Nvl_L3_NS,NONE,0.042,0.0
3510,32Nvl_L2_NS,32NVL_NS,0.039,0.039
3510,32Mt_L1_EW,NONE,0.007,0.0
3510,32Mt_L3_EW,NONE,0.009,0.0
3510,32Mt_L1_NS,NONE,0.01,0.0
3510,32Thn_L1_EW,NONE,0.01,0.0
3510,304Nvl_L3_EW,NONE,0.044,0.0
3510,32Nvl_L3_EW,NONE,0.006,0.0
3510,32Nvl_L1_NS,32NVL_NS,0.034,0.034
3510,32Mt_L2_EW,NONE,0.008,0.0
3515,304Nvl_L1_EW,304NVL_EW,0.059,0.059
3515,304Nvl_L2_EW,304NVL_EW,0.051,0.051
3515,304Nvl_L1_NS,NONE,0.007,0.0
3515,32Nvl_L1_EW,32NVL_EW,0.007,0.007
3515,32Nvl_L2_EW,32NVL_EW,0.007,0.007
3515,32Nvl_L3_NS,NONE,0.092,0.0
3515,32Nvl_L2_NS,32NVL_NS,0.087,0.087
3515,NvcNvl_L1_EW,NVCNVL_EW,0.007,0.007
3515,NvcNvl_L2_EW,NVCNVL_EW,0.008,0.008
3515,32Mt_L1_EW,NONE,0.007,0.0
3515,32Mt_L3_EW,NONE,0.009,0.0
3515,32Thn_L1_EW,NONE,0.01,0.0
3515,304Nvl_L3_EW,NONE,0.044,0.0
3515,32Nvl_L3_EW,NONE,0.006,0.0
3515,32Nvl_L1_NS,32NVL_NS,0.074,0.074
3515,NvcNvl_L3_EW,NONE,0.009,0.0
3515,32Mt_L2_EW,NONE,0.008,0.0
3520,304Nvl_L1_EW,304NVL_EW,0.076,0.076
3520,304Nvl_L2_EW,304NVL_EW,0.065,0.065
3520,32Nvl_L1_EW,32NVL_EW,0.007,0.007
3520,32Nvl_L2_EW,32NVL_EW,0.007,0.007
3520,NvcNvl_L1_EW,NVCNVL_EW,0.007,0.007
3520,NvcNvl_L2_EW,NVCNVL_EW,0.008,0.008
3520,32Mt_L1_EW,NONE,0.007,0.0
3520,32Mt_L3_EW,NONE,0.009,0.0
3520,32Mt_L1_NS,NONE,0.01,0.0
3520,NvcCmt8_L2_EW,NVCCMT8_EW,0.005,0.005
3520,304Nvl_L3_EW,NONE,0.057,0.0
3520,32Nvl_L3_EW,NONE,0.006,0.0
3520,NvcNvl_L3_EW,NONE,0.009,0.0
3520,32Mt_L2_EW,NONE,0.008,0.0
3520,32Mt_L2_NS,NONE,0.009,0.0
3520,NvcCmt8_L1_EW,NVCCMT8_EW,0.008,0.008
3525,304Nvl_L1_EW,304NVL_EW,0.076,0.076
3525,304Nvl_L2_EW,304NVL_EW,0.065,0.065
3525,32Nvl_L1_EW,32NVL_EW,0.007,0.002
3525,32Nvl_L2_EW,32NVL_EW,0.007,0.004
3525,32Nvl_L3_NS,NONE,0.008,0.0
3525,32Nvl_L2_NS,32NVL_NS,0.008,0.008
3525,32Mt_L1_NS,32MT_NS,0.006,0.006
3525,32Mt_L1_EW,32MT_EW,0.007,0.007
3525,NvcMt_L1_EW,NVCMT_EW,0.006,0.001
3525,NvcCmt8_L2_EW,NVCCMT8_EW,0.005,0.005
3525,304Nvl_L3_EW,NONE,0.057,0.0
3525,32Nvl_L3_EW,NONE,0.006,0.0
3525,32Nvl_L1_NS,32NVL_NS,0.007,0.007
3525,32Mt_L2_EW,32MT_EW,0.005,0.005
3525,NvcMt_L2_EW,NVCMT_EW,0.008,0.004
3525,NvcCmt8_L1_EW,NVCCMT8_EW,0.008,0.003
3530,304Nvl_L1_EW,304NVL_EW,0.085,0.085
3530,304Nvl_L2_EW,304NVL_EW,0.073,0.073
3530,32Nvl_L3_NS,NONE,0.034,0.0
3530,32Nvl_L1_NS,32NVL_NS,0.035,0.035
3530,32Nvl_L1_EW,32NVL_EW,0.007,-0.003
3530,32Nvl_L2_EW,32NVL_EW,0.007,0.0
3530,32Nvl_L2_NS,32NVL_NS,0.008,0.008
3530,NvcNvl_L3_NS,NONE,0.014,0.0
3530,NvcNvl_L2_NS,NONE,0.013,0.0
3530,32Mt_L1_NS,32MT_NS,0.006,0.006
3530,32Mt_L1_EW,NONE,0.007,0.0
3530,32Mt_L1_EW,32MT_EW,0.014,0.014
3530,NvcMt_L1_EW,NVCMT_EW,0.006,0.001
3530,NvcCmt8_L2_EW,NVCCMT8_EW,0.005,0.005
3530,304Nvl_L3_EW,NONE,0.057,0.0
3530,32Nvl_L2_NS,32NVL_NS,0.033,0.033
3530,32Nvl_L3_EW,NONE,0.006,0.0
3530,NvcNvl_L1_NS,NONE,0.017,0.0
3530,32Mt_L2_EW,32MT_EW,0.011,0.011
3530,NvcMt_L2_EW,NVCMT_EW,0.008,0.004
3530,NvcCmt8_L1_EW,NVCCMT8_EW,0.008,0.003
3535,304Nvl_L1_EW,304NVL_EW,0.085,0.085
3535,304Nvl_L2_EW,304NVL_EW,0.073,0.073
3535,32Nvl_L1_NS,32NVL_NS,0.035,0.035
3535,32Nvl_L3_NS,NONE,0.05,0.0
3535,32Nvl_L2_NS,32NVL_NS,0.047,0.047
3535,NvcNvl_L3_NS,NONE,0.034,0.0
3535,NvcNvl_L2_NS,NONE,0.04,0.0
3535,32Mt_L1_EW,NONE,0.014,0.0
3535,32Mt_L3_EW,NONE,0.018,0.0
3535,32Mt_L1_NS,NONE,0.01,0.0
3535,NvcCmt8_L2_EW,NVCCMT8_EW,0.005,0.005
3535,304Nvl_L3_EW,NONE,0.063,0.0
3535,32Nvl_L2_NS,32NVL_NS,0.033,0.033
3535,32Nvl_L1_NS,32NVL_NS,0.047,0.047
3535,NvcNvl_L1_NS,NONE,0.052,0.0
3535,32Mt_L2_EW,NONE,0.015,0.0
3535,32Mt_L2_NS,NONE,0.009,0.0
3535,NvcCmt8_L1_EW,NVCCMT8_EW,0.008,0.008
3540,304Nvl_L1_NS,304NVL_NS,0.045,0.016
3540,304Nvl_L3_NS,NONE,0.037,0.0
3540,304Nvl_L1_EW,304NVL_EW,0.076,0.076
3540,304Nvl_L2_EW,304NVL_EW,0.065,0.065
3540,32Nvl_L3_NS,NONE,0.007,0.0
3540,32Nvl_L1_NS,32NVL_NS,0.042,0.005
3540,32Nvl_L3_NS,NONE,0.092,0.0
3540,32Nvl_L2_NS,32NVL_NS,0.087,0.06
3540,NvcNvl_L3_NS,NONE,0.014,0.0
3540,NvcNvl_L2_NS,NONE,0.013,0.0
3540,NvcNvl_L1_EW,NONE,0.011,0.0
3540,NvcNvl_L2_EW,NONE,0.008,0.0
3540,NvcNvl_L1_NS,NVCNVL_NS,0.007,-0.022
3540,32Mt_L1_EW,NONE,0.007,0.0
3540,304Nvl_L2_NS,304NVL_NS,0.038,-0.023
3540,304Nvl_L3_EW,NONE,0.057,0.0
3540,32Nvl_L2_NS,32NVL_NS,0.04,0.013
3540,32Nvl_L1_NS,32NVL_NS,0.074,0.038
3540,NvcNvl_L1_NS,NONE,0.017,0.0
3545,304Nvl_L1_NS,304NVL_NS,0.045,0.016
3545,304Nvl_L3_NS,NONE,0.037,0.0
3545,304Nvl_L1_EW,304NVL_EW,0.076,0.076
3545,304Nvl_L2_EW,304NVL_EW,0.065,0.065
3545,304Nvl_L1_NS,NONE,0.007,0.0
3545,32Nvl_L3_NS,NONE,0.007,0.0
3545,32Nvl_L1_NS,32NVL_NS,0.042,0.005
3545,32Nvl_L3_NS,NONE,0.092,0.0
3545,32Nvl_L2_NS,32NVL_NS,0.087,0.06
3545,NvcNvl_L3_NS,NONE,0.02,0.0
3545,NvcNvl_L2_NS,NONE,0.02,0.0
3545,NvcNvl_L1_EW,NONE,0.011,0.0
3545,NvcNvl_L2_EW,NONE,0.008,0.0
3545,NvcNvl_L1_EW,NVCNVL_EW,0.035,0.035
3545,NvcNvl_L1_NS,NVCNVL_NS,0.007,-0.022
3545,32Mt_L1_NS,32MT_NS,0.006,0.006
3545,32Mt_L1_EW,32MT_EW,0.098,0.098
3545,32Mt_L1_NS,NONE,0.01,0.0
3545,304Nvl_L2_NS,304NVL_NS,0.038,-0.023
3545,304Nvl_L3_EW,NONE,0.057,0.0
3545,32Nvl_L2_NS,32NVL_NS,0.04,0.013
3545,32Nvl_L1_NS,32NVL_NS,0.074,0.038
3545,NvcNvl_L1_NS,NONE,0.026,0.0
3545,NvcNvl_L3_EW,NONE,0.006,0.0
3545,32Mt_L2_EW,32MT_EW,0.071,0.071
3545,32Mt_L2_NS,NONE,0.009,0.0
3545,NvcCmt8_L1_EW,NONE,0.006,0.0
3550,304Nvl_L1_EW,304NVL_EW,0.068,0.068
3550,304Nvl_L2_EW,304NVL_EW,0.058,0.058
3550,304Nvl_L1_NS,NONE,0.015,0.0
3550,32Nvl_L3_NS,NONE,0.007,0.0
3550,32Nvl_L1_NS,32NVL_NS,0.042,0.037
3550,32Nvl_L3_NS,NONE,0.092,0.0
3550,32Nvl_L2_NS,32NVL_NS,0.087,0.087
3550,NvcNvl_L3_NS,NONE,0.007,0.0
3550,NvcNvl_L2_NS,NONE,0.007,0.0
3550,NvcNvl_L1_EW,NONE,0.021,0.0
3550,NvcNvl_L2_EW,NONE,0.015,0.0
3550,NvcNvl_L1_EW,NVCNVL_EW,0.035,0.035
3550,NvcNvl_L2_EW,NVCNVL_EW,0.039,0.039
3550,NvcNvl_L1_NS,NVCNVL_NS,0.007,-0.022
3550,32Mt_L1_NS,32MT_NS,0.006,0.006
3550,32Mt_L1_EW,32MT_EW,0.007,0.007
3550,32Mt_L1_NS,NONE,0.01,0.0
3550,304Nvl_L3_EW,NONE,0.051,0.0
3550,32Nvl_L2_NS,32NVL_NS,0.04,0.04
3550,32Nvl_L1_NS,32NVL_NS,0.074,0.069
3550,NvcNvl_L1_NS,NONE,0.009,0.0
3550,NvcNvl_L3_EW,NONE,0.006,0.0
3550,NvcNvl_L3_EW,NONE,0.047,0.0
3550,32Mt_L2_EW,32MT_EW,0.005,0.005
3550,32Mt_L2_NS,NONE,0.009,0.0
3555,304Nvl_L1_NS,NONE,0.007,0.0
3555,32Nvl_L3_NS,NONE,0.007,0.0
3555,32Nvl_L1_NS,32NVL_NS,0.042,0.037
3555,32Nvl_L3_NS,NONE,0.092,0.0
3555,32Nvl_L2_NS,32NVL_NS,0.087,0.087
3555,NvcNvl_L3_NS,NONE,0.014,0.0
3555,NvcNvl_L2_NS,NONE,0.013,0.0
3555,NvcNvl_L1_EW,NONE,0.011,0.0
3555,NvcNvl_L1_EW,NVCNVL_EW,0.014,0.014
3555,NvcNvl_L1_NS,NVCNVL_NS,0.007,-0.022
3555,32Mt_L1_NS,32MT_NS,0.006,0.006
3555,32Nvl_L2_NS,32NVL_NS,0.04,0.04
3555,32Nvl_L1_NS,32NVL_NS,0.074,0.069
3555,NvcNvl_L1_NS,NONE,0.017,0.0
3560,304Nvl_L1_NS,NONE,0.036,0.0
3560,32Nvl_L3_NS,NONE,0.007,0.0
3560,32Nvl_L1_NS,32NVL_NS,0.042,0.037
3560,32Nvl_L3_NS,NONE,0.142,0.0
3560,32Nvl_L2_NS,32NVL_NS,0.134,0.134
3560,NvcNvl_L3_NS,NONE,0.007,0.0
3560,NvcNvl_L2_NS,NONE,0.007,0.0
3560,NvcNvl_L1_EW,NVCNVL_EW,0.014,0.014
3560,NvcNvl_L2_EW,NVCNVL_EW,0.008,0.008
3560,NvcNvl_L1_NS,NVCNVL_NS,0.007,-0.022
3560,32Mt_L1_NS,32MT_NS,0.006,0.006
3560,32Mt_L1_EW,32MT_EW,0.091,0.091
3560,32Nvl_L2_NS,32NVL_NS,0.04,0.04
3560,32Nvl_L1_NS,32NVL_NS,0.114,0.109
3560,NvcNvl_L1_NS,NONE,0.009,0.0
3560,NvcNvl_L3_EW,NONE,0.009,0.0
3560,32Mt_L2_EW,32MT_EW,0.065,0.065
3565,304Nvl_L1_NS,304NVL_NS,0.009,-0.02
3565,304Nvl_L1_EW,304NVL_EW,0.042,0.042
3565,304Nvl_L1_NS,NONE,0.007,0.0
3565,32Nvl_L3_NS,NONE,0.007,0.0
3565,32Nvl_L1_NS,32NVL_NS,0.042,0.035
3565,32Nvl_L3_NS,NONE,0.159,0.0
3565,32Nvl_L2_NS,32NVL_NS,0.15,0.15
3565,NvcNvl_L1_EW,NONE,0.011,0.0
3565,NvcNvl_L2_EW,NONE,0.008,0.0
3565,NvcNvl_L1_EW,NVCNVL_EW,0.007,0.007
3565,32Mt_L1_NS,32MT_NS,0.006,0.006
3565,32Mt_L1_EW,NONE,0.086,0.0
3565,32Mt_L3_EW,NONE,0.106,0.0
3565,NvcMt_L2_NS,NONE,0.026,0.0
3565,32Nvl_L2_NS,32NVL_NS,0.04,0.04
3565,32Nvl_L1_NS,32NVL_NS,0.128,0.121
3565,32Mt_L2_EW,NONE,0.09,0.0
3565,NvcMt_L1_NS,NONE,0.027,0.0
3570,304Nvl_L1_NS,304NVL_NS,0.009,-0.02
3570,304Nvl_L1_EW,NONE,0.008,0.0
3570,304Nvl_L1_NS,NONE,0.007,0.0
3570,304Nvl_L2_EW,NONE,0.009,0.0
3570,32Nvl_L3_NS,NONE,0.007,0.0
3570,32Nvl_L1_NS,32NVL_NS,0.042,0.035
3570,32Nvl_L3_NS,NONE,0.159,0.0
3570,32Nvl_L2_NS,32NVL_NS,0.15,0.15
3570,32Mt_L1_EW,NONE,0.101,0.0
3570,32Mt_L3_EW,NONE,0.124,0.0
3570,304Nvl_L3_EW,NONE,0.008,0.0
3570,32Nvl_L2_NS,32NVL_NS,0.04,0.04
3570,32Nvl_L1_NS,32NVL_NS,0.128,0.121
3570,32Mt_L2_EW,NONE,0.106,0.0
3575,32Nvl_L3_NS,NONE,0.014,0.0
3575,32Nvl_L1_NS,32NVL_NS,0.048,0.048
3575,32Nvl_L1_EW,32NVL_EW,0.007,0.007
3575,32Nvl_L2_EW,32NVL_EW,0.008,0.008
3575,32Nvl_L1_EW,32NVL_EW,0.007,0.007
3575,32Nvl_L2_EW,32NVL_EW,0.007,0.007
3575,32Nvl_L3_NS,NONE,0.167,0.0
3575,32Nvl_L2_NS,32NVL_NS,0.158,0.158
3575,32Mt_L1_EW,NONE,0.014,0.0
3575,32Mt_L3_EW,NONE,0.018,0.0
3575,32Mt_L1_NS,NONE,0.01,0.0
3575,NvcMt_L1_EW,NVCMT_EW,0.006,0.006
3575,32Nvl_L2_NS,32NVL_NS,0.047,0.047
3575,32Nvl_L3_EW,NONE,0.006,0.0
3575,32Nvl_L3_EW,NONE,0.006,0.0
3575,32Nvl_L1_NS,32NVL_NS,0.134,0.134
3575,32Mt_L2_EW,NONE,0.015,0.0
3575,32Mt_L2_NS,NONE,0.009,0.0
3575,NvcMt_L2_EW,NVCMT_EW,0.008,0.008
3580,304Nvl_L1_EW,304NVL_EW,0.008,0.008
3580,32Nvl_L3_NS,NONE,0.007,0.0
3580,32Nvl_L1_NS,32NVL_NS,0.048,0.048
3580,32Nvl_L3_NS,NONE,0.167,0.0
3580,32Nvl_L2_NS,32NVL_NS,0.158,0.158
3580,32Mt_L1_NS,NONE,0.01,0.0
3580,NvcMt_L1_EW,NVCMT_EW,0.006,0.006
3580,32Nvl_L2_NS,32NVL_NS,0.047,0.047
3580,32Nvl_L1_NS,32NVL_NS,0.134,0.134
3580,32Mt_L2_NS,NONE,0.009,0.0
3580,NvcMt_L2_EW,NVCMT_EW,0.008,0.008
3585,304Nvl_L1_EW,304NVL_EW,0.017,0.017
3585,304Nvl_L2_EW,304NVL_EW,0.015,0.015
3585,32Nvl_L3_NS,NONE,0.02,0.0
3585,32Nvl_L1_NS,32NVL_NS,0.055,0.055
3585,32Nvl_L1_EW,32NVL_EW,0.007,-0.056
3585,32Nvl_L2_EW,32NVL_EW,0.008,0.004
3585,32Nvl_L3_NS,NONE,0.175,0.0
3585,32Nvl_L2_NS,32NVL_NS,0.166,0.166
3585,32Mt_L1_EW,32MT_EW,0.091,0.086
3585,32Mt_L1_NS,NONE,0.01,0.0
3585,304Nvl_L3_EW,NONE,0.013,0.0
3585,32Nvl_L2_NS,32NVL_NS,0.053,0.053
3585,32Nvl_L3_EW,NONE,0.006,0.0
3585,32Nvl_L1_NS,32NVL_NS,0.148,0.148
3585,32Mt_L2_EW,32MT_EW,0.005,0.0
3585,32Mt_L2_NS,NONE,0.009,0.0
3590,304Nvl_L1_EW,304NVL_EW,0.017,0.017
3590,304Nvl_L2_EW,304NVL_EW,0.015,0.015
3590,32Nvl_L3_NS,NONE,0.02,0.0
3590,32Nvl_L1_NS,32NVL_NS,0.062,0.062
3590,32Nvl_L1_EW,32NVL_EW,0.014,-0.054
3590,32Nvl_L2_EW,32NVL_EW,0.015,-0.03
3590,32Nvl_L3_NS,NONE,0.184,0.0
3590,32Nvl_L2_NS,32NVL_NS,0.174,0.174
3590,NvcNvl_L1_EW,NONE,0.011,0.0
3590,NvcNvl_L2_EW,NONE,0.008,0.0
3590,NvcNvl_L1_EW,NVCNVL_EW,0.007,0.007
3590,NvcNvl_L2_EW,NVCNVL_EW,0.008,0.008
3590,32Mt_L1_EW,NONE,0.007,0.0
3590,32Mt_L1_EW,32MT_EW,0.098,0.088
3590,304Nvl_L3_EW,NONE,0.013,0.0
3590,32Nvl_L2_NS,32NVL_NS,0.06,0.06
3590,32Nvl_L3_EW,NONE,0.013,0.0
3590,32Nvl_L1_NS,32NVL_NS,0.161,0.161
3590,NvcNvl_L3_EW,NONE,0.006,0.0
3590,NvcNvl_L3_EW,NONE,0.009,0.0
3590,32Mt_L2_EW,32MT_EW,0.065,0.054
3595,304Nvl_L1_EW,304NVL_EW,0.076,0.076
3595,304Nvl_L2_EW,304NVL_EW,0.065,0.065
3595,304Nvl_L1_NS,NONE,0.007,0.0
3595,32Nvl_L3_NS,NONE,0.034,0.0
3595,32Nvl_L1_NS,32NVL_NS,0.048,0.048
3595,32Nvl_L1_EW,32NVL_EW,0.007,-0.056
3595,32Nvl_L2_EW,32NVL_EW,0.008,-0.042
3595,32Nvl_L3_NS,NONE,0.058,0.0
3595,32Nvl_L2_NS,32NVL_NS,0.055,0.055
3595,NvcNvl_L1_EW,NONE,0.128,0.0
3595,NvcNvl_L2_EW,NONE,0.092,0.0
3595,NvcNvl_L1_EW,NVCNVL_EW,0.007,0.003
3595,NvcNvl_L2_EW,NVCNVL_EW,0.008,0.008
3595,32Mt_L1_EW,NONE,0.094,0.0
3595,32Mt_L3_EW,NONE,0.106,0.0
3595,32Mt_L1_EW,32MT_EW,0.091,0.086
3595,NvcMt_L1_EW,NVCMT_EW,0.006,0.001
3595,304Nvl_L3_EW,NONE,0.057,0.0
3595,32Nvl_L2_NS,32NVL_NS,0.04,0.04
3595,32Nvl_L3_EW,NONE,0.006,0.0
3595,32Nvl_L1_NS,32NVL_NS,0.054,0.054
3595,NvcNvl_L3_EW,NONE,0.076,0.0
3595,NvcNvl_L3_EW,NONE,0.009,0.0
3595,32Mt_L2_EW,NONE,0.09,0.0
3595,32Mt_L2_EW,32MT_EW,0.071,0.065
3595,NvcMt_L2_EW,NVCMT_EW,0.008,0.002
